"Account","Network","Unique Shares","Avg Time Between Shares (sec)","Edge Symmetry Score","Degree","Strength","Betweenness","Avg Views","Avg Likes","Avg Comments","Avg Shares"
"<a href=""https://tiktok.com/@6faacgi"" target=""_blank"">@6faacgi</a>",14,3,25.111,1,1,9,0,1195.667,104.667,0,1.333
"<a href=""https://tiktok.com/@abonvh9"" target=""_blank"">@abonvh9</a>",9,6,57.427,0.923,4,40,0.003,3523.333,153.333,0.333,0.167
"<a href=""https://tiktok.com/@arfqel"" target=""_blank"">@arfqel</a>",11,5,58.848,0.846,5,48,0.004,1583.2,100.8,0,0.6
"<a href=""https://tiktok.com/@basilberthaeq0301"" target=""_blank"">@basilberthaeq0301</a>",4,9,54.923,0.944,2,24,0,625.778,37.778,0.444,2
"<a href=""https://tiktok.com/@bcalcw"" target=""_blank"">@bcalcw</a>",12,6,46.229,0.948,6,75,0,3498.5,119.167,0.167,0.167
"<a href=""https://tiktok.com/@bhasre"" target=""_blank"">@bhasre</a>",12,5,49.481,0.955,6,71,0.001,624,84.2,0,0
"<a href=""https://tiktok.com/@cabiut2"" target=""_blank"">@cabiut2</a>",12,6,54.824,0.887,6,76,0.001,559.333,48.833,0,0
"<a href=""https://tiktok.com/@cewlrn"" target=""_blank"">@cewlrn</a>",9,4,54.667,1,2,19,0,496.25,59.75,0,0
"<a href=""https://tiktok.com/@chksbd5"" target=""_blank"">@chksbd5</a>",17,3,32.778,1,1,9,0,136.667,3.667,0,0
"<a href=""https://tiktok.com/@ckqaes"" target=""_blank"">@ckqaes</a>",8,6,44.101,0.859,6,66,0.007,540.5,64,0,0.167
"<a href=""https://tiktok.com/@clhdsj"" target=""_blank"">@clhdsj</a>",13,3,39.833,0.9,2,18,0,12,0.333,0.333,0
"<a href=""https://tiktok.com/@dacbsu"" target=""_blank"">@dacbsu</a>",11,6,52.111,0.9,2,18,0,2192.167,147.167,0.167,0.167
"<a href=""https://tiktok.com/@ddajnn"" target=""_blank"">@ddajnn</a>",8,4,51.654,0.893,4,38,0.001,950,110.25,0,0
"<a href=""https://tiktok.com/@diev89"" target=""_blank"">@diev89</a>",6,6,54.778,1,1,9,0,944.833,11.333,0.167,0.167
"<a href=""https://tiktok.com/@djei7974"" target=""_blank"">@djei7974</a>",17,3,32.778,1,1,9,0,659,40.667,0,1.667
"<a href=""https://tiktok.com/@drhnrhh"" target=""_blank"">@drhnrhh</a>",3,8,52.075,0.938,2,22,0.001,1141.556,10,0.333,1.556
"<a href=""https://tiktok.com/@dvheei"" target=""_blank"">@dvheei</a>",2,5,53.111,0.8,1,9,0,1011.667,63.167,0,0.333
"<a href=""https://tiktok.com/@eepkja"" target=""_blank"">@eepkja</a>",12,6,55.071,0.921,7,95,0.001,890,128.667,0,0.167
"<a href=""https://tiktok.com/@ereedk9"" target=""_blank"">@ereedk9</a>",14,3,25.111,1,1,9,0,447,33.333,0,0
"<a href=""https://tiktok.com/@estherwebb1225"" target=""_blank"">@estherwebb1225</a>",16,5,33.556,1,1,9,0,46619.2,490.6,3.6,6.4
"<a href=""https://tiktok.com/@fdghgfdf4"" target=""_blank"">@fdghgfdf4</a>",5,3,31.556,1,1,9,0,0,0,0,0
"<a href=""https://tiktok.com/@fgifvp"" target=""_blank"">@fgifvp</a>",8,6,54.406,0.87,5,63,0,3052.5,100.667,0,0
"<a href=""https://tiktok.com/@fievin6"" target=""_blank"">@fievin6</a>",9,5,90.273,1,1,11,0,520.167,67.167,0.167,0
"<a href=""https://tiktok.com/@fmjsgr"" target=""_blank"">@fmjsgr</a>",11,6,54.208,0.931,5,69,0,664.333,80,0,0.167
"<a href=""https://tiktok.com/@fmkvgs"" target=""_blank"">@fmkvgs</a>",11,6,46.855,0.873,6,76,0.004,375,46.5,0.167,0
"<a href=""https://tiktok.com/@gtpwjo3"" target=""_blank"">@gtpwjo3</a>",12,6,48.21,0.905,6,79,0,915.667,90.333,0,0
"<a href=""https://tiktok.com/@hacxjezx"" target=""_blank"">@hacxjezx</a>",16,5,33.556,1,1,9,0,11243.6,140,2.4,9.6
"<a href=""https://tiktok.com/@hghfgb5"" target=""_blank"">@hghfgb5</a>",11,6,52.174,0.863,5,65,0.001,744.167,100,0,0
"<a href=""https://tiktok.com/@hiurdn2"" target=""_blank"">@hiurdn2</a>",8,5,42.55,0.866,2,21,0,618.2,55.2,0,0
"<a href=""https://tiktok.com/@hjpkku"" target=""_blank"">@hjpkku</a>",8,6,47.543,0.903,5,61,0,2935,125.167,0.167,0.167
"<a href=""https://tiktok.com/@hsukmvf"" target=""_blank"">@hsukmvf</a>",1,6,32.778,0.8,1,9,0,710.167,47,0.167,0.5
"<a href=""https://tiktok.com/@iahgg5"" target=""_blank"">@iahgg5</a>",3,9,51.75,0.875,1,12,0,1317.333,13,0.222,0.111
"<a href=""https://tiktok.com/@iohokt"" target=""_blank"">@iohokt</a>",12,5,39.326,0.843,4,42,0,1046.667,117,0.167,0.167
"<a href=""https://tiktok.com/@jhwuqi"" target=""_blank"">@jhwuqi</a>",9,5,46.15,0.917,2,20,0,488.4,84.2,0,0.4
"<a href=""https://tiktok.com/@jrpwqk"" target=""_blank"">@jrpwqk</a>",9,5,43.8,0.857,1,10,0,924.833,64.333,0.167,0.333
"<a href=""https://tiktok.com/@jtdgjcjcg"" target=""_blank"">@jtdgjcjcg</a>",3,6,52.4,1,1,10,0,200.333,14,0,0
"<a href=""https://tiktok.com/@jyugc0"" target=""_blank"">@jyugc0</a>",2,6,53.111,0.8,1,9,0,2813.444,74.222,1.333,1
"<a href=""https://tiktok.com/@kprjrq"" target=""_blank"">@kprjrq</a>",12,6,55.138,0.939,6,84,0,973,104.333,0,0
"<a href=""https://tiktok.com/@longggusysk"" target=""_blank"">@longggusysk</a>",7,3,60.5,1,2,18,0,7.667,0.333,0,0
"<a href=""https://tiktok.com/@ltamak1"" target=""_blank"">@ltamak1</a>",11,6,51.66,0.885,6,81,0,1301.167,150.833,0,0.5
"<a href=""https://tiktok.com/@pflcdd"" target=""_blank"">@pflcdd</a>",13,3,52.167,0.8,2,18,0,137.333,6,0.333,0
"<a href=""https://tiktok.com/@pkmqra"" target=""_blank"">@pkmqra</a>",15,3,40.778,0.8,1,9,0,1076.333,116.667,0,0
"<a href=""https://tiktok.com/@pvedhq"" target=""_blank"">@pvedhq</a>",8,6,49.182,1,1,11,0,892.833,45.333,0,0
"<a href=""https://tiktok.com/@qaf4jbflw4"" target=""_blank"">@qaf4jbflw4</a>",4,8,43.889,0.873,2,20,0,445.625,45.375,0.125,1.625
"<a href=""https://tiktok.com/@qweormzcmql"" target=""_blank"">@qweormzcmql</a>",1,4,32.778,0.8,1,9,0,885,59.667,0,0
"<a href=""https://tiktok.com/@rfmjev"" target=""_blank"">@rfmjev</a>",11,4,45.92,0.749,4,41,0.002,1390.5,118.25,0,0.25
"<a href=""https://tiktok.com/@rtpbbw"" target=""_blank"">@rtpbbw</a>",11,4,56.778,1,1,9,0,682.25,80.25,0,0
"<a href=""https://tiktok.com/@tgvqak"" target=""_blank"">@tgvqak</a>",15,3,40.778,0.8,1,9,0,966,80.333,0,0.333
"<a href=""https://tiktok.com/@trdwiv"" target=""_blank"">@trdwiv</a>",12,6,52.559,0.925,3,46,0,781.167,98.167,0.667,1.167
"<a href=""https://tiktok.com/@trhste"" target=""_blank"">@trhste</a>",8,5,52.372,0.893,4,38,0.005,504,51.8,0,0
"<a href=""https://tiktok.com/@tstqdk"" target=""_blank"">@tstqdk</a>",13,3,36,0.9,2,18,0,111.333,4,0,0
"<a href=""https://tiktok.com/@ubebxukm87x"" target=""_blank"">@ubebxukm87x</a>",7,3,59.5,1,2,18,0,55098,5159.333,6,12.333
"<a href=""https://tiktok.com/@ummtvf"" target=""_blank"">@ummtvf</a>",8,5,55.068,0.893,4,40,0,645.6,92.6,0,0
"<a href=""https://tiktok.com/@unmgdi"" target=""_blank"">@unmgdi</a>",11,6,46.256,0.942,6,83,0.001,2013.5,114.333,0.167,0.333
"<a href=""https://tiktok.com/@useqwa1"" target=""_blank"">@useqwa1</a>",10,4,42.111,1,1,9,0,557.75,54.5,0,0
"<a href=""https://tiktok.com/@useryskpov"" target=""_blank"">@useryskpov</a>",7,3,40,1,2,18,0,5903,288,0.333,0.333
"<a href=""https://tiktok.com/@v0tgsso365"" target=""_blank"">@v0tgsso365</a>",4,8,42.812,0.929,2,22,0,249.667,8.333,0.111,0.111
"<a href=""https://tiktok.com/@vdocdb"" target=""_blank"">@vdocdb</a>",8,6,55.591,0.839,5,60,0,553,83.333,0.167,0.167
"<a href=""https://tiktok.com/@vesupf"" target=""_blank"">@vesupf</a>",10,4,42.111,1,1,9,0,10226.5,297,0.25,0
"<a href=""https://tiktok.com/@wof627"" target=""_blank"">@wof627</a>",6,3,54.778,1,1,9,0,793.667,47.333,0.333,2.667
"<a href=""https://tiktok.com/@zihmezde"" target=""_blank"">@zihmezde</a>",5,3,31.556,1,1,9,0,0,0,0.333,0
