"Network","Number of Accounts","Network Density","Network Diameter","Clustering Coefficient","Avg Views","Avg Likes","Avg Comments","Avg Shares","Member Accounts"
1,2,1,9,0,797.583,53.333,0.083,0.25,"qweormzcmql, hsukmvf"
2,2,1,9,0,2092.733,69.8,0.8,0.733,"dvheei, jyugc0"
3,3,0.667,22,0,972.167,12.125,0.208,0.625,"iahgg5, drhnrhh, jtdgjcjcg"
4,3,1,13,1,440.154,29.923,0.231,1.231,"basilberthaeq0301, qaf4jbflw4, v0tgsso365"
5,2,1,9,0,0,0,0.167,0,"fdghgfdf4, zihmezde"
6,2,1,9,0,894.444,23.333,0.222,1,"diev89, wof627"
7,3,1,9,1,20336.222,1815.889,2.111,4.222,"longggusysk, ubebxukm87x, useryskpov"
8,9,0.5,30,0.516,1234.327,80.612,0.041,0.061,"hiurdn2, hjpkku, pvedhq, ckqaes, trhste, fgifvp, ddajnn, vdocdb, ummtvf"
9,5,0.5,21,0.375,1268.037,87.741,0.148,0.185,"jrpwqk, fievin6, cewlrn, abonvh9, jhwuqi"
10,2,1,9,0,5392.125,175.75,0.125,0,"useqwa1, vesupf"
11,9,0.556,36,0.732,1223.449,104.714,0.061,0.224,"dacbsu, rfmjev, ltamak1, hghfgb5, fmkvgs, fmjsgr, arfqel, rtpbbw, unmgdi"
12,8,0.786,27,0.829,1172.468,99.149,0.128,0.213,"kprjrq, cabiut2, eepkja, iohokt, gtpwjo3, bcalcw, bhasre, trdwiv"
13,3,1,9,1,86.889,3.444,0.222,0,"clhdsj, pflcdd, tstqdk"
14,2,1,9,0,821.333,69,0,0.667,"6faacgi, ereedk9"
15,2,1,9,0,1021.167,98.5,0,0.167,"pkmqra, tgvqak"
16,2,1,9,0,28931.4,315.3,3,8,"estherwebb1225, hacxjezx"
17,2,1,9,0,397.833,22.167,0,0.833,"chksbd5, djei7974"
