"Account","Network","Unique Shares","Avg Time Between Shares (sec)","Edge Symmetry Score","Degree","Strength","Betweenness","Avg Views","Avg Likes","Avg Comments","Avg Shares"
"<a href=""https://tiktok.com/@67037cd7"" target=""_blank"">@67037cd7</a>",13,9,38.256,0.939,3,51,0,575.333,14,0.556,0.333
"<a href=""https://tiktok.com/@bfggy8"" target=""_blank"">@bfggy8</a>",11,8,74.417,1,2,36,0.001,964.5,5.5,0,0
"<a href=""https://tiktok.com/@bgnk392"" target=""_blank"">@bgnk392</a>",9,9,41.316,0.92,4,70,0,914.889,13.333,0.222,0.556
"<a href=""https://tiktok.com/@burnellmackintosh1994"" target=""_blank"">@burnellmackintosh1994</a>",15,12,26.2,1,1,20,0,48281.667,819.889,2.815,8.037
"<a href=""https://tiktok.com/@djidfnnf4"" target=""_blank"">@djidfnnf4</a>",10,8,72.229,0.886,3,38,0.002,893.75,15.75,0.25,2
"<a href=""https://tiktok.com/@dy4rje4h21e0"" target=""_blank"">@dy4rje4h21e0</a>",13,9,33.068,0.939,3,51,0,448.667,6.889,0.111,0.444
"<a href=""https://tiktok.com/@ferdinandbecky1017"" target=""_blank"">@ferdinandbecky1017</a>",14,10,44.3,0.875,1,20,0,758.846,17.769,0,0.077
"<a href=""https://tiktok.com/@ggbo601"" target=""_blank"">@ggbo601</a>",7,7,34.9,0.875,1,10,0,9177.857,72.857,0.143,0.143
"<a href=""https://tiktok.com/@ghij764"" target=""_blank"">@ghij764</a>",9,9,35.546,0.975,4,59,0.003,739.444,14.556,0.111,0.444
"<a href=""https://tiktok.com/@gonzalezmichelleg"" target=""_blank"">@gonzalezmichelleg</a>",7,7,61.2,0.778,1,10,0,4085.571,52.143,0.429,0
"<a href=""https://tiktok.com/@gtrchgdt1xk"" target=""_blank"">@gtrchgdt1xk</a>",7,5,48.4,0.857,1,10,0,3537.333,68.333,0.167,0
"<a href=""https://tiktok.com/@iddndwrt3qv"" target=""_blank"">@iddndwrt3qv</a>",7,6,48.7,0.815,4,40,0.005,7291.444,69.222,0.444,0.222
"<a href=""https://tiktok.com/@jennamillereh26e"" target=""_blank"">@jennamillereh26e</a>",3,28,28.186,0.946,1,70,0,5140.529,49.265,0.088,0.353
"<a href=""https://tiktok.com/@josephwalker6990"" target=""_blank"">@josephwalker6990</a>",14,12,44.3,0.875,1,20,0,1862.125,36.75,0,0.375
"<a href=""https://tiktok.com/@joshuahorne1460"" target=""_blank"">@joshuahorne1460</a>",15,11,26.2,1,1,20,0,3336.095,71.81,0,0.714
"<a href=""https://tiktok.com/@kelaita3"" target=""_blank"">@kelaita3</a>",1,6,15.056,1,1,18,0,2168.833,15.167,0.167,0.833
"<a href=""https://tiktok.com/@kxhlqola6a363c"" target=""_blank"">@kxhlqola6a363c</a>",3,26,28.186,0.946,1,70,0,5041.455,60.182,0.03,0.212
"<a href=""https://tiktok.com/@liyi8875"" target=""_blank"">@liyi8875</a>",11,9,71,1,1,18,0,741,4.333,0.111,0.222
"<a href=""https://tiktok.com/@llhh0543"" target=""_blank"">@llhh0543</a>",4,9,40,0.833,1,13,0,2002.455,16.091,0.182,0.545
"<a href=""https://tiktok.com/@llhh36784"" target=""_blank"">@llhh36784</a>",4,7,40,0.833,1,13,0,3653.778,86.444,0.556,6.444
"<a href=""https://tiktok.com/@lxboos34"" target=""_blank"">@lxboos34</a>",7,6,50.3,0.75,1,10,0,2655.167,44.333,0,0.167
"<a href=""https://tiktok.com/@lxler24081702"" target=""_blank"">@lxler24081702</a>",6,5,53.333,0.889,1,12,0,1812.5,30.333,0.333,0
"<a href=""https://tiktok.com/@nitian2jue"" target=""_blank"">@nitian2jue</a>",1,6,15.056,1,1,18,0,1058.833,6.667,0,0.167
"<a href=""https://tiktok.com/@qcddc"" target=""_blank"">@qcddc</a>",12,6,52.255,0.884,3,45,0,312.833,8,0.333,0.167
"<a href=""https://tiktok.com/@tao32vv"" target=""_blank"">@tao32vv</a>",5,3,78.3,0.667,1,10,0,4980.75,70.75,0.75,0.75
"<a href=""https://tiktok.com/@tfhjj48"" target=""_blank"">@tfhjj48</a>",12,9,46.609,0.868,3,53,0,1144.667,36.222,0.556,1.111
"<a href=""https://tiktok.com/@toot3378"" target=""_blank"">@toot3378</a>",5,2,78.3,0.667,1,10,0,1783.25,28.5,0,0.5
"<a href=""https://tiktok.com/@user11504181329233"" target=""_blank"">@user11504181329233</a>",2,5,46.3,0.833,2,22,0,1009,16.6,0.4,0
"<a href=""https://tiktok.com/@user1588747994237"" target=""_blank"">@user1588747994237</a>",2,9,55.053,0.912,4,63,0,1253.667,33.556,0.111,0
"<a href=""https://tiktok.com/@user196977097874"" target=""_blank"">@user196977097874</a>",9,9,48.647,0.964,4,74,0,942.778,12.444,0.111,0.333
"<a href=""https://tiktok.com/@user2191900675606"" target=""_blank"">@user2191900675606</a>",2,12,66.625,0.841,5,62,0.002,899.5,21.25,0,0.25
"<a href=""https://tiktok.com/@user39091749299177"" target=""_blank"">@user39091749299177</a>",9,4,54.809,0.792,3,32,0.002,1103.167,14.5,0.333,0.333
"<a href=""https://tiktok.com/@user4492878751698"" target=""_blank"">@user4492878751698</a>",12,7,47.506,0.928,3,45,0,630.143,18.714,0.429,0
"<a href=""https://tiktok.com/@user4693204601113"" target=""_blank"">@user4693204601113</a>",9,6,38.125,0.9,1,16,0,999.833,10,0.5,0.167
"<a href=""https://tiktok.com/@user4911953984822"" target=""_blank"">@user4911953984822</a>",9,9,40.034,0.888,4,69,0.002,394.333,6.222,0,0.111
"<a href=""https://tiktok.com/@user4977217663053"" target=""_blank"">@user4977217663053</a>",10,5,27.273,0.857,1,11,0,986.333,14,0.5,0.5
"<a href=""https://tiktok.com/@user5184400956930"" target=""_blank"">@user5184400956930</a>",13,6,38.06,1,3,44,0,163.833,1.167,0,0
"<a href=""https://tiktok.com/@user5227928573315"" target=""_blank"">@user5227928573315</a>",11,6,77.833,1,1,18,0,1092.667,6.833,0,0.167
"<a href=""https://tiktok.com/@user6000471181758"" target=""_blank"">@user6000471181758</a>",8,5,27.615,0.875,1,13,0,448.5,1.333,1.333,0
"<a href=""https://tiktok.com/@user6222824133704"" target=""_blank"">@user6222824133704</a>",2,9,62.523,0.827,4,65,0,1373.111,39.222,0,0.222
"<a href=""https://tiktok.com/@user63137298611222"" target=""_blank"">@user63137298611222</a>",13,9,35.449,1,3,54,0,491,16.667,1.667,0
"<a href=""https://tiktok.com/@user6787669206738"" target=""_blank"">@user6787669206738</a>",2,9,64.381,0.825,4,54,0,1198.667,35.222,0,0.111
"<a href=""https://tiktok.com/@user7100365175214"" target=""_blank"">@user7100365175214</a>",8,6,69.897,1,2,35,0.002,1027.5,7.667,2,0.167
"<a href=""https://tiktok.com/@user7412241516634"" target=""_blank"">@user7412241516634</a>",8,6,50.5,1,1,18,0,751.5,5.5,1.5,0.5
"<a href=""https://tiktok.com/@user758611909236"" target=""_blank"">@user758611909236</a>",12,6,46.714,0.972,3,43,0,877.5,31.5,0,0
"<a href=""https://tiktok.com/@user7910082192187"" target=""_blank"">@user7910082192187</a>",2,9,66.093,0.839,5,72,0,1042.778,23.111,0,0.222
"<a href=""https://tiktok.com/@xin20241106"" target=""_blank"">@xin20241106</a>",6,6,53.333,0.889,1,12,0,937.167,12.833,0,0
"<a href=""https://tiktok.com/@yili11126"" target=""_blank"">@yili11126</a>",10,9,63.384,0.923,2,41,0,655.889,16.667,1.222,1.889
"<a href=""https://tiktok.com/@yili6885"" target=""_blank"">@yili6885</a>",10,9,63.404,0.823,2,36,0,1158.778,15.444,1.222,0.889
"<a href=""https://tiktok.com/@yiyiyi824"" target=""_blank"">@yiyiyi824</a>",8,6,58.455,0.938,2,30,0.002,1004.667,9.333,0.5,0.167
