"Account","Network","Unique Shares","Avg Time Between Shares (sec)","Edge Symmetry Score","Degree","Strength","Betweenness","Avg Views","Avg Likes","Avg Comments","Avg Shares"
"<a href=""https://tiktok.com/@38709f33"" target=""_blank"">@38709f33</a>",3,3,52,0.8,1,9,0,1010,118.333,0,0
"<a href=""https://tiktok.com/@aed3345"" target=""_blank"">@aed3345</a>",18,12,52.561,0.953,4,88,0,2620.083,61.5,0.583,2.083
"<a href=""https://tiktok.com/@aedppw"" target=""_blank"">@aedppw</a>",10,7,64.111,0.8,1,9,0,1092,25.5,0.125,0
"<a href=""https://tiktok.com/@apledg"" target=""_blank"">@apledg</a>",15,8,56.143,1,1,7,0,1375.625,61.375,0,0
"<a href=""https://tiktok.com/@benoit.altundasf"" target=""_blank"">@benoit.altundasf</a>",8,4,46.196,0.9,4,31,0.003,7283.167,122.5,1.5,0.333
"<a href=""https://tiktok.com/@bftu666"" target=""_blank"">@bftu666</a>",10,5,64.111,0.8,1,9,0,1353.167,38.333,0.167,0.167
"<a href=""https://tiktok.com/@ck.ok665"" target=""_blank"">@ck.ok665</a>",8,6,39.833,0.963,3,29,0,684,25,0.167,0
"<a href=""https://tiktok.com/@clarkkenneth1471"" target=""_blank"">@clarkkenneth1471</a>",18,12,47.808,0.901,4,94,0,2534.833,40.917,0.75,0.75
"<a href=""https://tiktok.com/@coco.9977"" target=""_blank"">@coco.9977</a>",11,3,42,1,1,9,0,430.667,8.667,0,0
"<a href=""https://tiktok.com/@colliercarol3790"" target=""_blank"">@colliercarol3790</a>",18,10,50.414,0.942,4,85,0,943.7,37.8,0.3,0.9
"<a href=""https://tiktok.com/@dzu2bxozg0"" target=""_blank"">@dzu2bxozg0</a>",18,11,50.847,0.951,4,82,0,913.364,43.273,0,0.364
"<a href=""https://tiktok.com/@e4ffw2h5s1"" target=""_blank"">@e4ffw2h5s1</a>",19,3,50.978,0.95,4,31,0,812,10.667,0,0.667
"<a href=""https://tiktok.com/@frwfqu"" target=""_blank"">@frwfqu</a>",17,6,54.625,1,1,8,0,2326.667,52.333,0,0
"<a href=""https://tiktok.com/@gjicxd"" target=""_blank"">@gjicxd</a>",13,8,16.455,1,1,22,0,126.75,3.5,0,0
"<a href=""https://tiktok.com/@gp6kxzxru9"" target=""_blank"">@gp6kxzxru9</a>",19,3,54.496,0.95,4,31,0,209.333,14,0.333,0
"<a href=""https://tiktok.com/@guaiago"" target=""_blank"">@guaiago</a>",8,6,56.357,1,2,21,0.003,1019.833,35.667,0,0.167
"<a href=""https://tiktok.com/@hgfg865268"" target=""_blank"">@hgfg865268</a>",14,3,72.375,1,1,8,0,4702.333,103,0.667,0.333
"<a href=""https://tiktok.com/@hkggb0eid8"" target=""_blank"">@hkggb0eid8</a>",19,3,54.369,0.933,3,23,0,594,57,0,0
"<a href=""https://tiktok.com/@hrrty03"" target=""_blank"">@hrrty03</a>",22,3,63.286,1,1,7,0,26404.333,289.667,0.333,6.667
"<a href=""https://tiktok.com/@hussssssh.movie"" target=""_blank"">@hussssssh.movie</a>",2,3,29.889,1,1,9,0,1098.667,80.333,0,0
"<a href=""https://tiktok.com/@indvh6143"" target=""_blank"">@indvh6143</a>",16,5,59.098,0.8,2,15,0,383.375,31.25,0,0
"<a href=""https://tiktok.com/@jbpcddlts2"" target=""_blank"">@jbpcddlts2</a>",8,6,50.008,0.922,4,36,0,6513,77,0.333,0.333
"<a href=""https://tiktok.com/@jhgiuy4"" target=""_blank"">@jhgiuy4</a>",8,3,48.619,0.933,3,22,0,1330.5,34.667,0.5,0.167
"<a href=""https://tiktok.com/@jine8790"" target=""_blank"">@jine8790</a>",9,3,53,1,1,9,0,18178,245.2,2,0.2
"<a href=""https://tiktok.com/@jszvzhixv7u"" target=""_blank"">@jszvzhixv7u</a>",2,3,29.889,1,1,9,0,3807.333,115.333,0,0
"<a href=""https://tiktok.com/@k52edu02o6"" target=""_blank"">@k52edu02o6</a>",19,3,49.185,1,5,40,0.001,6032.667,68.667,0.333,1.333
"<a href=""https://tiktok.com/@kinsman818"" target=""_blank"">@kinsman818</a>",11,3,42,1,1,9,0,3663.667,13.667,1,0
"<a href=""https://tiktok.com/@laix3inht5"" target=""_blank"">@laix3inht5</a>",20,8,52.75,1,1,8,0,2851,83.4,1.1,0.7
"<a href=""https://tiktok.com/@lggmht"" target=""_blank"">@lggmht</a>",15,6,56.143,1,1,7,0,556.222,31.556,0,0
"<a href=""https://tiktok.com/@mgoles06"" target=""_blank"">@mgoles06</a>",16,4,75.071,0.7,2,14,0,212,6.5,0.333,0
"<a href=""https://tiktok.com/@mkieiefff"" target=""_blank"">@mkieiefff</a>",9,5,53,1,1,9,0,1413.2,41.8,0.6,0.6
"<a href=""https://tiktok.com/@pgnyflrih5"" target=""_blank"">@pgnyflrih5</a>",20,5,52.75,1,1,8,0,2002.636,66.182,0.909,0.727
"<a href=""https://tiktok.com/@qitmi0pvd6"" target=""_blank"">@qitmi0pvd6</a>",19,3,61.071,0.933,3,22,0,451.333,15,0.333,0.667
"<a href=""https://tiktok.com/@qrwgjc"" target=""_blank"">@qrwgjc</a>",16,3,61.598,0.9,2,15,0,1771.167,70.833,0.167,0.333
"<a href=""https://tiktok.com/@savagin7193"" target=""_blank"">@savagin7193</a>",4,3,33.556,1,1,9,0,126.667,8.667,0,0
"<a href=""https://tiktok.com/@sharmel.look"" target=""_blank"">@sharmel.look</a>",8,5,43.143,1,1,14,0,118305.4,6930.2,23.4,270.2
"<a href=""https://tiktok.com/@suttonashley1273"" target=""_blank"">@suttonashley1273</a>",14,3,72.375,1,1,8,0,3841.667,97.667,2,0.333
"<a href=""https://tiktok.com/@sxns0jqml0"" target=""_blank"">@sxns0jqml0</a>",19,3,48.599,1,5,39,0.001,18434.333,130,5.333,6.333
"<a href=""https://tiktok.com/@tdy7axi1g1"" target=""_blank"">@tdy7axi1g1</a>",18,10,48.643,0.95,4,89,0,1107.3,27,0.1,1.3
"<a href=""https://tiktok.com/@the.one358"" target=""_blank"">@the.one358</a>",12,4,81,1,1,8,0,351,15.25,0.5,0.25
"<a href=""https://tiktok.com/@tora8395"" target=""_blank"">@tora8395</a>",3,3,52,0.8,1,9,0,18802.667,1412,1.667,4
"<a href=""https://tiktok.com/@toranscohideka"" target=""_blank"">@toranscohideka</a>",1,3,46.667,1,1,9,0,721,42.667,0.333,6
"<a href=""https://tiktok.com/@udpgmf"" target=""_blank"">@udpgmf</a>",17,7,54.625,1,1,8,0,763.571,25.714,0.143,0.143
"<a href=""https://tiktok.com/@uhblcd"" target=""_blank"">@uhblcd</a>",13,8,16.455,1,1,22,0,455,31.25,0,0.125
"<a href=""https://tiktok.com/@user1418791150571"" target=""_blank"">@user1418791150571</a>",5,3,42,1,1,7,0,240,14.333,0,0
"<a href=""https://tiktok.com/@user2651426119388"" target=""_blank"">@user2651426119388</a>",4,3,50,1,1,9,0,8.333,0.667,0,0
"<a href=""https://tiktok.com/@user2693281215452"" target=""_blank"">@user2693281215452</a>",21,3,61.286,0.8,1,7,0,41214.333,113.333,2.333,3.667
"<a href=""https://tiktok.com/@user28223797018115"" target=""_blank"">@user28223797018115</a>",5,3,50.125,1,2,15,0.001,42.667,0,0,0
"<a href=""https://tiktok.com/@user3492075016581"" target=""_blank"">@user3492075016581</a>",6,3,62,1,1,8,0,19,0,0,0
"<a href=""https://tiktok.com/@user3727857663306"" target=""_blank"">@user3727857663306</a>",4,3,68.643,1,2,16,0.001,10,0,0,0
"<a href=""https://tiktok.com/@user5885935523819"" target=""_blank"">@user5885935523819</a>",4,3,60.421,1,2,16,0.001,3.667,0.333,0,0
"<a href=""https://tiktok.com/@user61480786717842"" target=""_blank"">@user61480786717842</a>",6,3,62,1,1,8,0,309,13,0,0
"<a href=""https://tiktok.com/@user6196053612560"" target=""_blank"">@user6196053612560</a>",21,3,61.286,0.8,1,7,0,34779.667,100,5,8.667
"<a href=""https://tiktok.com/@user69878848109202"" target=""_blank"">@user69878848109202</a>",8,6,58.677,0.867,3,23,0.004,649.167,16.5,0.167,0
"<a href=""https://tiktok.com/@user8123781614069"" target=""_blank"">@user8123781614069</a>",5,3,52.125,1,2,17,0.001,366.333,24.667,0,0
"<a href=""https://tiktok.com/@user8509120306128"" target=""_blank"">@user8509120306128</a>",1,3,46.667,1,1,9,0,659.667,17.333,0.667,0.333
"<a href=""https://tiktok.com/@user9276375395066"" target=""_blank"">@user9276375395066</a>",5,3,46,1,1,9,0,92.667,0,0,0
"<a href=""https://tiktok.com/@xiaoliu65755"" target=""_blank"">@xiaoliu65755</a>",12,4,81,1,1,8,0,43031.25,2127,380.5,1154.25
"<a href=""https://tiktok.com/@xxxjduywang"" target=""_blank"">@xxxjduywang</a>",22,3,63.286,1,1,7,0,640,29.333,0,0
"<a href=""https://tiktok.com/@yanzong300"" target=""_blank"">@yanzong300</a>",23,3,48.667,1,1,9,0,454,24,0,0
"<a href=""https://tiktok.com/@yanzong356"" target=""_blank"">@yanzong356</a>",23,3,48.667,1,1,9,0,479,21.667,0,0
"<a href=""https://tiktok.com/@yu1082tk"" target=""_blank"">@yu1082tk</a>",7,3,25.222,1,1,9,0,267.333,23.667,0.333,0
"<a href=""https://tiktok.com/@yu1084tk"" target=""_blank"">@yu1084tk</a>",7,3,25.222,1,1,9,0,659,44.667,0,0
