"Account","Network","Unique Shares","Avg Time Between Shares (sec)","Edge Symmetry Score","Degree","Strength","Betweenness","Avg Views","Avg Likes","Avg Comments","Avg Shares"
"<a href=""https://tiktok.com/@01k4d70"" target=""_blank"">@01k4d70</a>",68,7,55.833,0.75,1,6,0,5762.333,144,3.667,2.667
"<a href=""https://tiktok.com/@1utfjk"" target=""_blank"">@1utfjk</a>",85,3,46,1,1,7,0,306.667,5.667,0.333,0
"<a href=""https://tiktok.com/@1yrogls"" target=""_blank"">@1yrogls</a>",84,3,58.917,0.9,2,14,0,478.333,24.667,0.333,0
"<a href=""https://tiktok.com/@2appookkve"" target=""_blank"">@2appookkve</a>",84,6,53.81,1,3,21,0,500,8,0,0
"<a href=""https://tiktok.com/@2jxggxh"" target=""_blank"">@2jxggxh</a>",84,3,64.607,1,2,15,0,234.667,7,0,0
"<a href=""https://tiktok.com/@2thgkvjd"" target=""_blank"">@2thgkvjd</a>",85,3,46,1,1,7,0,1758.667,69.333,0.333,0.333
"<a href=""https://tiktok.com/@3buenynx"" target=""_blank"">@3buenynx</a>",67,8,49.286,1,1,7,0,4303.111,83.778,0.778,2.778
"<a href=""https://tiktok.com/@3mbfklb"" target=""_blank"">@3mbfklb</a>",84,6,56.429,1,3,25,0,1070.667,37.833,0.333,0
"<a href=""https://tiktok.com/@41ghqq"" target=""_blank"">@41ghqq</a>",87,4,44.714,1,1,7,0,956.5,15.5,0,0
"<a href=""https://tiktok.com/@4hgkdjf"" target=""_blank"">@4hgkdjf</a>",84,6,56.495,0.96,5,38,0,1551.167,47.5,0.5,0.333
"<a href=""https://tiktok.com/@79z4nq6"" target=""_blank"">@79z4nq6</a>",66,8,69.333,0.833,1,6,0,439.625,17.875,0.125,0.5
"<a href=""https://tiktok.com/@8znh4ap"" target=""_blank"">@8znh4ap</a>",68,6,59.714,0.714,1,7,0,1943.556,103.667,0.222,0.667
"<a href=""https://tiktok.com/@abd.aziz1329"" target=""_blank"">@abd.aziz1329</a>",53,7,48.167,1,3,18,0,3062,103.25,2.625,2.375
"<a href=""https://tiktok.com/@abd.aziz9083"" target=""_blank"">@abd.aziz9083</a>",28,8,56.358,0.886,3,24,0,339.625,10,0,0
"<a href=""https://tiktok.com/@abdaziz2128"" target=""_blank"">@abdaziz2128</a>",26,7,66.603,0.867,3,19,0,1224.286,39.429,0.571,0.143
"<a href=""https://tiktok.com/@abdaziz6036"" target=""_blank"">@abdaziz6036</a>",22,8,53,1,1,6,0,1048.333,41.667,1.444,3.889
"<a href=""https://tiktok.com/@abjjvt"" target=""_blank"">@abjjvt</a>",70,6,69.389,0.756,3,21,0,735.167,32.833,0,0.5
"<a href=""https://tiktok.com/@aed12495"" target=""_blank"">@aed12495</a>",21,7,58.5,1,1,8,0,1133,43.3,2.2,0.7
"<a href=""https://tiktok.com/@aed1729"" target=""_blank"">@aed1729</a>",26,7,61.7,0.938,2,18,0,2544,150.429,2.857,4.571
"<a href=""https://tiktok.com/@aed3326"" target=""_blank"">@aed3326</a>",26,7,63.283,0.838,2,16,0,1032.286,43.429,1.286,3
"<a href=""https://tiktok.com/@aed3660"" target=""_blank"">@aed3660</a>",38,8,57.167,1,2,12,0,4172.333,54.667,1.222,0.222
"<a href=""https://tiktok.com/@aed5430"" target=""_blank"">@aed5430</a>",25,7,49.667,0.8,1,6,0,6735.714,122.429,2,1.429
"<a href=""https://tiktok.com/@aed5c8"" target=""_blank"">@aed5c8</a>",22,6,53,1,1,6,0,871.875,80.5,0.75,0
"<a href=""https://tiktok.com/@aed6071"" target=""_blank"">@aed6071</a>",59,8,36.714,1,1,7,0,2201.778,62.667,0.444,0.444
"<a href=""https://tiktok.com/@aed7290"" target=""_blank"">@aed7290</a>",24,7,53.429,1,1,7,0,691,37.571,0.286,3.429
"<a href=""https://tiktok.com/@aed7p4"" target=""_blank"">@aed7p4</a>",38,8,55,1,1,6,0,3977.5,58.875,0.375,0.875
"<a href=""https://tiktok.com/@aed8562"" target=""_blank"">@aed8562</a>",26,8,54.143,0.8,1,7,0,949.375,68.875,0.25,2.25
"<a href=""https://tiktok.com/@aeda1689"" target=""_blank"">@aeda1689</a>",37,8,65.714,1,2,15,0,16221.375,81,1.375,4.5
"<a href=""https://tiktok.com/@aedbr6"" target=""_blank"">@aedbr6</a>",25,7,49.667,0.8,1,6,0,862.143,25.714,0.571,0.286
"<a href=""https://tiktok.com/@aedfkofhf"" target=""_blank"">@aedfkofhf</a>",55,9,55.833,1,1,6,0,1345.444,77.889,1.222,0.889
"<a href=""https://tiktok.com/@aedggnj"" target=""_blank"">@aedggnj</a>",55,10,55.833,1,1,6,0,1474.7,132.5,0.5,0.7
"<a href=""https://tiktok.com/@aedhdici"" target=""_blank"">@aedhdici</a>",27,6,70.75,0.917,3,22,0,1492.167,51,0.667,0.833
"<a href=""https://tiktok.com/@aedhdjcocj"" target=""_blank"">@aedhdjcocj</a>",28,8,62.799,0.869,3,27,0,327.125,15.125,0.125,0
"<a href=""https://tiktok.com/@aediubt"" target=""_blank"">@aediubt</a>",54,8,55.399,1,4,26,0,3332.375,127.75,1.625,2.25
"<a href=""https://tiktok.com/@aedyckctu"" target=""_blank"">@aedyckctu</a>",27,8,66.188,0.81,5,39,0,3404.875,181.25,0.75,0.375
"<a href=""https://tiktok.com/@alecl0962"" target=""_blank"">@alecl0962</a>",64,3,62.857,0.8,1,7,0,1272,78.667,6.333,1.667
"<a href=""https://tiktok.com/@aleo3852"" target=""_blank"">@aleo3852</a>",65,3,61.5,1,1,6,0,922,16,0,1
"<a href=""https://tiktok.com/@ammcgpo"" target=""_blank"">@ammcgpo</a>",79,7,21.75,1,1,8,0,448.714,22.429,0,0.429
"<a href=""https://tiktok.com/@anaxagoras.harlen"" target=""_blank"">@anaxagoras.harlen</a>",27,8,65.202,0.773,4,36,0,6440.125,172.375,1.25,3.5
"<a href=""https://tiktok.com/@aodidi148"" target=""_blank"">@aodidi148</a>",50,5,68.667,0.8,1,6,0,7066.429,160.286,3.714,2.286
"<a href=""https://tiktok.com/@aueh7133"" target=""_blank"">@aueh7133</a>",76,3,86.5,1,3,26,0,274.667,10,0.667,0
"<a href=""https://tiktok.com/@azwj.gjxj"" target=""_blank"">@azwj.gjxj</a>",83,8,39,1,1,6,0,2692,44,1.5,2.25
"<a href=""https://tiktok.com/@b_baoma154"" target=""_blank"">@b_baoma154</a>",49,6,52.917,0.8,2,12,0,2526.5,71.75,1,8.875
"<a href=""https://tiktok.com/@b_jiaofu134"" target=""_blank"">@b_jiaofu134</a>",46,8,42.849,0.938,2,16,0,1708.875,27,0.125,3.625
"<a href=""https://tiktok.com/@b_vtost109"" target=""_blank"">@b_vtost109</a>",50,9,51.568,0.794,3,29,0,8658.5,106.2,6.9,61
"<a href=""https://tiktok.com/@baomama125"" target=""_blank"">@baomama125</a>",47,8,55.375,1,1,8,0,7722.2,168.3,3,2.2
"<a href=""https://tiktok.com/@bate.hynda"" target=""_blank"">@bate.hynda</a>",37,6,46.5,0.917,2,12,0,29940.375,232.5,2.25,4.125
"<a href=""https://tiktok.com/@bdbdchhd"" target=""_blank"">@bdbdchhd</a>",3,8,52.76,0.812,6,68,0,918.125,47.875,0.375,1.25
"<a href=""https://tiktok.com/@bdbdhhehh"" target=""_blank"">@bdbdhhehh</a>",43,4,40.125,0.833,1,8,0,68.25,0.25,0,0
"<a href=""https://tiktok.com/@bdodhc"" target=""_blank"">@bdodhc</a>",15,8,75,1,1,7,0,499.375,26.5,0.125,1.25
"<a href=""https://tiktok.com/@bentiantian220"" target=""_blank"">@bentiantian220</a>",45,7,45.75,0.857,1,8,0,18325.75,310.875,1.375,11.875
"<a href=""https://tiktok.com/@bffb2489"" target=""_blank"">@bffb2489</a>",74,6,81.556,1,3,24,0.001,1487,120,0.833,2.667
"<a href=""https://tiktok.com/@bfihc"" target=""_blank"">@bfihc</a>",23,8,69.255,1,3,24,0,1973.625,66.25,0.375,0.75
"<a href=""https://tiktok.com/@bipiqo"" target=""_blank"">@bipiqo</a>",70,9,66.738,1,6,65,0,528.778,19.222,0,0.222
"<a href=""https://tiktok.com/@bmc12655"" target=""_blank"">@bmc12655</a>",4,10,59.961,0.927,4,34,0,809.4,30.9,0,0.4
"<a href=""https://tiktok.com/@bpgarp"" target=""_blank"">@bpgarp</a>",70,7,84.574,0.589,3,21,0,418,9.667,0.111,0.222
"<a href=""https://tiktok.com/@bsbseuo"" target=""_blank"">@bsbseuo</a>",41,8,51.85,0.9,7,51,0,54785.125,1686.625,34.25,44
"<a href=""https://tiktok.com/@bvoo3130"" target=""_blank"">@bvoo3130</a>",73,6,72.452,0.96,5,60,0,12007.333,232.333,0.667,1
"<a href=""https://tiktok.com/@c_niboer891"" target=""_blank"">@c_niboer891</a>",48,6,18.5,0.8,1,6,0,1000.167,26.667,0.333,2.167
"<a href=""https://tiktok.com/@c_oevdu389"" target=""_blank"">@c_oevdu389</a>",48,3,18.5,0.8,1,6,0,3352.167,119.667,1.667,0
"<a href=""https://tiktok.com/@c_pegif193"" target=""_blank"">@c_pegif193</a>",46,10,56.363,1,2,19,0,29991.3,336.3,2.5,1.8
"<a href=""https://tiktok.com/@cagnhd"" target=""_blank"">@cagnhd</a>",41,7,56.104,0.825,4,26,0,3781.625,139.375,8.375,2.25
"<a href=""https://tiktok.com/@cdjhhhg"" target=""_blank"">@cdjhhhg</a>",81,8,45.833,0.9,2,12,0,14574.625,91.375,6.875,0.75
"<a href=""https://tiktok.com/@celedonio.mange"" target=""_blank"">@celedonio.mange</a>",17,8,83,1,2,12,0,109386.375,1951.125,16.25,18.125
"<a href=""https://tiktok.com/@chantalkusch"" target=""_blank"">@chantalkusch</a>",35,8,55.997,0.936,8,79,0,215728.875,6190.875,6.5,34.125
"<a href=""https://tiktok.com/@chcryd"" target=""_blank"">@chcryd</a>",58,6,54.333,1,1,6,0,5011.333,87.333,0.167,0.5
"<a href=""https://tiktok.com/@chhvtdy"" target=""_blank"">@chhvtdy</a>",35,8,53.214,0.933,6,50,0,928.5,77.125,0.5,1
"<a href=""https://tiktok.com/@cirila.mccorkle"" target=""_blank"">@cirila.mccorkle</a>",27,7,62.008,0.867,3,21,0,62622.143,805.429,4.429,6.286
"<a href=""https://tiktok.com/@cjire9104"" target=""_blank"">@cjire9104</a>",74,6,59.389,1,6,62,0.002,1309.667,82.833,0.167,0.333
"<a href=""https://tiktok.com/@cjirr8920"" target=""_blank"">@cjirr8920</a>",74,6,76.736,1,4,45,0,782.333,33.333,0.167,0.167
"<a href=""https://tiktok.com/@cjitr2086"" target=""_blank"">@cjitr2086</a>",74,6,69.1,0.933,5,42,0.002,2495.667,44.333,0.333,0.333
"<a href=""https://tiktok.com/@cjur6297"" target=""_blank"">@cjur6297</a>",74,6,59.167,0.889,3,24,0.001,1031.167,79.5,0.333,0.333
"<a href=""https://tiktok.com/@ckir91022"" target=""_blank"">@ckir91022</a>",76,3,59.778,1,3,27,0,281,5,0,0
"<a href=""https://tiktok.com/@clirr5282"" target=""_blank"">@clirr5282</a>",74,4,57.5,0.667,2,12,0,987,167,0.2,0.8
"<a href=""https://tiktok.com/@coicbf"" target=""_blank"">@coicbf</a>",28,8,56.613,0.952,3,29,0,2091.75,67,1.125,1.375
"<a href=""https://tiktok.com/@coirf88774"" target=""_blank"">@coirf88774</a>",77,3,54.222,1,3,27,0,907.667,35.333,0,1
"<a href=""https://tiktok.com/@cokestory1"" target=""_blank"">@cokestory1</a>",11,6,65.9,0.667,1,10,0,37097.778,570.889,4.222,6.889
"<a href=""https://tiktok.com/@courr1227"" target=""_blank"">@courr1227</a>",74,6,55.5,1,4,36,0.001,886.5,25,0.5,0.333
"<a href=""https://tiktok.com/@crtyougo"" target=""_blank"">@crtyougo</a>",41,7,42.658,0.821,9,67,0,1227.875,55.5,1.75,0.75
"<a href=""https://tiktok.com/@cutedriver120"" target=""_blank"">@cutedriver120</a>",80,10,73.958,0.775,2,26,0,268.027,23.919,1.973,0.135
"<a href=""https://tiktok.com/@cutequeen_driver120"" target=""_blank"">@cutequeen_driver120</a>",80,22,80.334,0.767,3,51,0,255.262,28.429,3.429,1.429
"<a href=""https://tiktok.com/@d_odbeu124"" target=""_blank"">@d_odbeu124</a>",49,7,62.367,1,2,16,0,2385.556,84.222,2.556,17.333
"<a href=""https://tiktok.com/@danaobenkuil"" target=""_blank"">@danaobenkuil</a>",20,7,65.167,0.929,2,14,0,7715.286,220.857,3.286,3.286
"<a href=""https://tiktok.com/@dayutoureddit"" target=""_blank"">@dayutoureddit</a>",11,5,39.479,0.845,2,14,0,677.833,26,1.5,0.5
"<a href=""https://tiktok.com/@dccxsaop"" target=""_blank"">@dccxsaop</a>",79,6,58.777,0.929,2,15,0,367.5,14.833,0.167,0.333
"<a href=""https://tiktok.com/@debran.oxonrp00"" target=""_blank"">@debran.oxonrp00</a>",38,6,46.667,0.917,2,12,0,5549.333,88.5,0.333,2.333
"<a href=""https://tiktok.com/@debran.oxonrp03"" target=""_blank"">@debran.oxonrp03</a>",37,8,56.31,1,3,19,0,140309,2276,6.25,46.625
"<a href=""https://tiktok.com/@debran.oxonrp86"" target=""_blank"">@debran.oxonrp86</a>",37,8,47.278,1,3,18,0,18304.375,90.875,1.625,1.25
"<a href=""https://tiktok.com/@dhcdyh"" target=""_blank"">@dhcdyh</a>",24,7,39.5,1,1,8,0,727.286,31.429,0.286,2.571
"<a href=""https://tiktok.com/@dhcghcb"" target=""_blank"">@dhcghcb</a>",41,6,34.438,0.861,6,44,0,1497,74.25,4.125,0.75
"<a href=""https://tiktok.com/@dhhi6645"" target=""_blank"">@dhhi6645</a>",74,3,63.167,1,2,18,0,477,28.333,0.667,0.333
"<a href=""https://tiktok.com/@dhhtf74"" target=""_blank"">@dhhtf74</a>",54,8,45.198,1,3,19,0,2208.25,67,1.75,1.25
"<a href=""https://tiktok.com/@dhut98545"" target=""_blank"">@dhut98545</a>",30,6,60.167,1,1,6,0,1804.333,66.667,0.5,0.833
"<a href=""https://tiktok.com/@dijx3903"" target=""_blank"">@dijx3903</a>",73,6,61.708,1,4,63,0,1175.222,33.889,0.111,0.111
"<a href=""https://tiktok.com/@djskgikeejk8"" target=""_blank"">@djskgikeejk8</a>",3,12,51.736,0.876,5,74,0,607.417,12.583,0.333,0.083
"<a href=""https://tiktok.com/@dkirr3306"" target=""_blank"">@dkirr3306</a>",74,2,66.5,0.667,3,18,0.001,70.5,0.5,0,0
"<a href=""https://tiktok.com/@doiplo1"" target=""_blank"">@doiplo1</a>",71,3,83.333,0.667,1,6,0,716.333,25.333,0,0
"<a href=""https://tiktok.com/@dscgty"" target=""_blank"">@dscgty</a>",58,6,54.333,1,1,6,0,1493,47.167,0.333,0.667
"<a href=""https://tiktok.com/@dtbtcc8"" target=""_blank"">@dtbtcc8</a>",70,9,61.99,0.791,4,43,0,1191.889,20.889,0.222,0.222
"<a href=""https://tiktok.com/@dtkwod"" target=""_blank"">@dtkwod</a>",41,8,57.357,0.686,2,14,0,1059.625,41.75,0.75,0.5
"<a href=""https://tiktok.com/@dung.tran2322"" target=""_blank"">@dung.tran2322</a>",37,5,64.667,0.833,1,6,0,1152.286,27.286,0,1.714
"<a href=""https://tiktok.com/@dutiutx"" target=""_blank"">@dutiutx</a>",35,8,53.945,0.945,8,77,0,1472.875,45.25,0.25,0
"<a href=""https://tiktok.com/@dvnedc"" target=""_blank"">@dvnedc</a>",24,8,46.464,1,2,15,0,806.625,39,0.5,0.625
"<a href=""https://tiktok.com/@echo20826"" target=""_blank"">@echo20826</a>",69,3,95.333,1,1,9,0,551.667,9.667,1.667,0
"<a href=""https://tiktok.com/@ehgw1916"" target=""_blank"">@ehgw1916</a>",74,6,82.917,1,2,26,0,900.833,15.833,0.167,0
"<a href=""https://tiktok.com/@eiwv9484"" target=""_blank"">@eiwv9484</a>",74,6,63,1,5,54,0,1104.833,78.667,0.333,0.667
"<a href=""https://tiktok.com/@eodn8506"" target=""_blank"">@eodn8506</a>",74,6,61.489,1,5,54,0,823.833,48.833,0.167,0.333
"<a href=""https://tiktok.com/@eqmhqf"" target=""_blank"">@eqmhqf</a>",70,8,48.699,0.767,3,29,0,691.111,18.333,0.111,0.111
"<a href=""https://tiktok.com/@eternally36"" target=""_blank"">@eternally36</a>",13,6,34,1,1,6,0,667,21.667,1.167,0
"<a href=""https://tiktok.com/@etfs6724"" target=""_blank"">@etfs6724</a>",75,3,30.667,1,1,9,0,309,14.333,0,0
"<a href=""https://tiktok.com/@f_baomm324"" target=""_blank"">@f_baomm324</a>",46,9,45.069,0.938,2,21,0,716.667,21.111,0.222,1
"<a href=""https://tiktok.com/@f_kebsu024"" target=""_blank"">@f_kebsu024</a>",49,8,47.324,0.95,4,31,0,9552.875,103.25,3.5,2.875
"<a href=""https://tiktok.com/@faa3l2"" target=""_blank"">@faa3l2</a>",64,2,69.833,0.75,1,6,0,1769,182,0.5,0.5
"<a href=""https://tiktok.com/@fach.tiou"" target=""_blank"">@fach.tiou</a>",82,6,58.875,1,1,8,0,744.5,24,0.167,4
"<a href=""https://tiktok.com/@fatal2380"" target=""_blank"">@fatal2380</a>",6,4,61.833,1,1,6,0,1899.714,95.429,1.571,1.714
"<a href=""https://tiktok.com/@fauy8466"" target=""_blank"">@fauy8466</a>",33,6,46.881,0.767,3,24,0,3558.25,80.5,1.625,2.625
"<a href=""https://tiktok.com/@fbvxzook"" target=""_blank"">@fbvxzook</a>",79,5,42.979,0.929,2,14,0,869,38.833,0.333,0.5
"<a href=""https://tiktok.com/@fcvbvv57"" target=""_blank"">@fcvbvv57</a>",44,3,14.889,1,1,9,0,10861.333,37.333,1,0
"<a href=""https://tiktok.com/@fdijc3"" target=""_blank"">@fdijc3</a>",4,10,49.15,0.913,4,38,0,1495.4,64.9,0.8,0.6
"<a href=""https://tiktok.com/@fecbgf"" target=""_blank"">@fecbgf</a>",59,10,38.714,1,1,7,0,117898.5,5606.8,23.7,108.7
"<a href=""https://tiktok.com/@fengtiantian65"" target=""_blank"">@fengtiantian65</a>",52,8,43.864,0.917,3,34,0,1801.25,34.75,0.25,0.125
"<a href=""https://tiktok.com/@fhda78402"" target=""_blank"">@fhda78402</a>",73,6,54.611,1,3,54,0,428.667,12,0.111,0
"<a href=""https://tiktok.com/@ficeuoo"" target=""_blank"">@ficeuoo</a>",18,8,58.417,1,1,12,0,865,50.875,1.25,3.25
"<a href=""https://tiktok.com/@fiific8"" target=""_blank"">@fiific8</a>",57,9,54.833,0.75,1,6,0,1698.778,42.556,0.667,0.444
"<a href=""https://tiktok.com/@fiir2712"" target=""_blank"">@fiir2712</a>",74,3,83.667,1,2,18,0,358.667,15.667,0,0
"<a href=""https://tiktok.com/@fiur8444"" target=""_blank"">@fiur8444</a>",74,6,62.533,1,5,45,0.001,10987,120,0.333,0.667
"<a href=""https://tiktok.com/@fiutfvjj"" target=""_blank"">@fiutfvjj</a>",27,8,64.821,0.854,2,22,0,1030.5,55.375,0.125,0.5
"<a href=""https://tiktok.com/@fjggds0808"" target=""_blank"">@fjggds0808</a>",32,8,67.5,1,1,6,0,1112.625,49.75,0.875,2.75
"<a href=""https://tiktok.com/@fjgr86434"" target=""_blank"">@fjgr86434</a>",29,6,83,1,1,6,0,804.875,35.625,0.25,0.5
"<a href=""https://tiktok.com/@fjjgdvx"" target=""_blank"">@fjjgdvx</a>",40,8,56.265,0.887,5,33,0,2287,91.875,1.25,2.5
"<a href=""https://tiktok.com/@fjvfjk4"" target=""_blank"">@fjvfjk4</a>",14,8,63.833,1,1,6,0,21690.667,586.556,3.111,3.111
"<a href=""https://tiktok.com/@fkir2290"" target=""_blank"">@fkir2290</a>",74,3,70.833,1,4,36,0,339.667,8.667,0.333,0
"<a href=""https://tiktok.com/@fkur7594"" target=""_blank"">@fkur7594</a>",74,3,67.75,0.917,4,33,0,1279.667,43.167,0.167,0.667
"<a href=""https://tiktok.com/@fnnf8890"" target=""_blank"">@fnnf8890</a>",74,6,68.208,1,6,50,0.002,1040.5,90.833,0.333,0.333
"<a href=""https://tiktok.com/@frdg25"" target=""_blank"">@frdg25</a>",11,7,50.282,0.943,5,40,0,2830,179.571,2.571,8.429
"<a href=""https://tiktok.com/@fuddg743"" target=""_blank"">@fuddg743</a>",29,8,75.214,1,2,13,0,1861.75,57.625,0.625,0.375
"<a href=""https://tiktok.com/@fughf21"" target=""_blank"">@fughf21</a>",4,9,61.013,0.863,5,40,0,1839.4,154.4,0.7,1.7
"<a href=""https://tiktok.com/@fujgds.guio"" target=""_blank"">@fujgds.guio</a>",65,3,73.167,0.667,1,6,0,371.667,5,0,0
"<a href=""https://tiktok.com/@gauqhar2"" target=""_blank"">@gauqhar2</a>",86,3,49.333,1,1,6,0,1025.667,11,0,0
"<a href=""https://tiktok.com/@gbhg9586"" target=""_blank"">@gbhg9586</a>",77,3,57.333,1,2,18,0,650,41.667,0,0
"<a href=""https://tiktok.com/@gckcj4"" target=""_blank"">@gckcj4</a>",23,8,53.171,1,3,24,0,1457.375,29,0.25,0.625
"<a href=""https://tiktok.com/@geiodhs"" target=""_blank"">@geiodhs</a>",16,9,51.143,1,1,7,0,1395.444,65.778,2,12.444
"<a href=""https://tiktok.com/@geujcc"" target=""_blank"">@geujcc</a>",31,7,70,1,1,7,0,2532.25,144.875,1.5,1.625
"<a href=""https://tiktok.com/@ggdthij"" target=""_blank"">@ggdthij</a>",3,9,65.33,0.896,7,79,0,885.889,45.222,1.222,9.444
"<a href=""https://tiktok.com/@ggycyxr"" target=""_blank"">@ggycyxr</a>",13,4,55,0.833,1,6,0,493.333,33.667,0.5,0.333
"<a href=""https://tiktok.com/@ghhj8554"" target=""_blank"">@ghhj8554</a>",73,6,55.778,0.944,3,33,0,2453.556,59.333,0.111,0.222
"<a href=""https://tiktok.com/@gjguq6894"" target=""_blank"">@gjguq6894</a>",74,6,67.867,1,5,45,0.003,1759,96.667,1.667,1.167
"<a href=""https://tiktok.com/@gjus6238"" target=""_blank"">@gjus6238</a>",74,6,67.333,1,3,27,0,1016.667,44.833,0.167,0.167
"<a href=""https://tiktok.com/@gour2295"" target=""_blank"">@gour2295</a>",74,6,61.1,0.933,6,51,0.001,530.167,28,0.167,0
"<a href=""https://tiktok.com/@gsdk5125"" target=""_blank"">@gsdk5125</a>",36,5,51.444,0.857,1,9,0,0,0,0.2,0
"<a href=""https://tiktok.com/@gskgu2"" target=""_blank"">@gskgu2</a>",78,8,54.022,0.85,3,22,0,3301,108.556,4.556,0.778
"<a href=""https://tiktok.com/@gskpccbd"" target=""_blank"">@gskpccbd</a>",23,8,65.889,0.917,3,20,0,1710.5,50.375,0.375,0.625
"<a href=""https://tiktok.com/@gsufb86"" target=""_blank"">@gsufb86</a>",31,8,64.786,1,2,14,0,1780.5,29,0.125,1
"<a href=""https://tiktok.com/@gthggg8"" target=""_blank"">@gthggg8</a>",44,3,14.889,1,1,9,0,968.667,4.333,0,0
"<a href=""https://tiktok.com/@guanyu1990"" target=""_blank"">@guanyu1990</a>",51,8,44.731,0.952,3,24,0,3179.125,96.25,0.875,7.75
"<a href=""https://tiktok.com/@guerin.ontiverok"" target=""_blank"">@guerin.ontiverok</a>",6,4,61.833,1,1,6,0,27211.714,458.429,33,8.143
"<a href=""https://tiktok.com/@gujgfvj7"" target=""_blank"">@gujgfvj7</a>",53,7,74.167,1,1,6,0,1467.286,49.286,2,0.857
"<a href=""https://tiktok.com/@gytsy8683"" target=""_blank"">@gytsy8683</a>",36,5,51.444,0.857,1,9,0,0,0,1.4,0
"<a href=""https://tiktok.com/@h_kp82"" target=""_blank"">@h_kp82</a>",49,10,57.996,0.95,4,36,0,1423.1,29.8,0.1,0.2
"<a href=""https://tiktok.com/@h_lehdi127"" target=""_blank"">@h_lehdi127</a>",49,9,50.134,0.933,3,24,0,23097.222,187.111,4,4.556
"<a href=""https://tiktok.com/@hcodifb"" target=""_blank"">@hcodifb</a>",4,8,32.667,1,1,6,0,926.1,37.6,0.4,0.5
"<a href=""https://tiktok.com/@hdhxg847"" target=""_blank"">@hdhxg847</a>",31,7,59.571,1,1,7,0,1393.571,44.857,0.429,1.857
"<a href=""https://tiktok.com/@hdididh8"" target=""_blank"">@hdididh8</a>",35,8,70.995,0.878,6,50,0,1495.25,95.125,1.25,0.25
"<a href=""https://tiktok.com/@hdifhg5"" target=""_blank"">@hdifhg5</a>",4,10,57.44,0.915,7,58,0,3939.4,251.4,2.7,30.5
"<a href=""https://tiktok.com/@hdjddjd092"" target=""_blank"">@hdjddjd092</a>",43,4,40.125,0.833,1,8,0,147,1.25,0,0
"<a href=""https://tiktok.com/@hdjixdj"" target=""_blank"">@hdjixdj</a>",14,8,58.167,1,2,12,0,1069,72.75,0.625,1
"<a href=""https://tiktok.com/@hdkcofh"" target=""_blank"">@hdkcofh</a>",35,8,47.096,0.958,7,75,0,564.625,23.625,1.125,0.25
"<a href=""https://tiktok.com/@hdmjwo1"" target=""_blank"">@hdmjwo1</a>",72,3,87.81,1,2,16,0,225.333,0.667,0,0
"<a href=""https://tiktok.com/@hdo.kn"" target=""_blank"">@hdo.kn</a>",54,7,48.583,1,2,12,0,1259.429,43,0.143,0.143
"<a href=""https://tiktok.com/@hdr86575"" target=""_blank"">@hdr86575</a>",33,6,36.883,0.917,2,22,0,2526.167,47.333,0.667,0.167
"<a href=""https://tiktok.com/@hdryxd"" target=""_blank"">@hdryxd</a>",41,7,37.84,0.919,9,70,0,3178.143,121.714,2.714,4.857
"<a href=""https://tiktok.com/@hds.hy"" target=""_blank"">@hds.hy</a>",86,4,49.333,1,1,6,0,1503.75,124.75,0.5,0.25
"<a href=""https://tiktok.com/@hec88551nva"" target=""_blank"">@hec88551nva</a>",78,7,64.811,0.875,2,19,0,6417.571,151.429,2.714,1.286
"<a href=""https://tiktok.com/@heheb8964"" target=""_blank"">@heheb8964</a>",84,3,52.095,1,3,21,0,1215.333,31.333,0.333,0
"<a href=""https://tiktok.com/@hehs5037"" target=""_blank"">@hehs5037</a>",75,3,30.667,1,1,9,0,617.2,38.8,0,1
"<a href=""https://tiktok.com/@henry.anistook"" target=""_blank"">@henry.anistook</a>",9,5,44.167,0.667,1,6,0,856.8,43.2,0.8,0.4
"<a href=""https://tiktok.com/@hergbl"" target=""_blank"">@hergbl</a>",39,3,64.25,0.8,1,8,0,766,29.667,0,0
"<a href=""https://tiktok.com/@hffrr976575"" target=""_blank"">@hffrr976575</a>",33,6,61.208,0.733,2,14,0,1528,13.5,0,0.333
"<a href=""https://tiktok.com/@hfigi61"" target=""_blank"">@hfigi61</a>",53,8,55.278,1,3,18,0,5705.875,94,4.125,2.875
"<a href=""https://tiktok.com/@hgfryj8745"" target=""_blank"">@hgfryj8745</a>",30,8,60.167,1,1,6,0,900.5,40.25,0.5,0.375
"<a href=""https://tiktok.com/@hidouo"" target=""_blank"">@hidouo</a>",70,9,53.625,0.892,6,59,0,1171.667,20.556,0,0.444
"<a href=""https://tiktok.com/@hltuoq"" target=""_blank"">@hltuoq</a>",70,7,51.662,0.887,5,52,0,682.429,25.857,0,0
"<a href=""https://tiktok.com/@hoeg.huan"" target=""_blank"">@hoeg.huan</a>",38,5,34,0.833,1,6,0,5921.167,52,0.667,0.5
"<a href=""https://tiktok.com/@hrfj8302"" target=""_blank"">@hrfj8302</a>",74,3,88.542,1,2,17,0,227.667,9.333,0,0.333
"<a href=""https://tiktok.com/@hrsy60677"" target=""_blank"">@hrsy60677</a>",74,3,81.917,1,4,33,0,563.667,13.333,0,0
"<a href=""https://tiktok.com/@hshjrg8647"" target=""_blank"">@hshjrg8647</a>",33,6,68.403,0.806,3,26,0,1200.429,61.286,0.429,0.714
"<a href=""https://tiktok.com/@hsozhs6"" target=""_blank"">@hsozhs6</a>",4,8,58.368,0.944,7,47,0,8494.25,397.125,6.25,80.125
"<a href=""https://tiktok.com/@huiodjio"" target=""_blank"">@huiodjio</a>",41,7,37.297,0.905,10,79,0,4001.714,87.286,0.286,0.571
"<a href=""https://tiktok.com/@hukumn"" target=""_blank"">@hukumn</a>",70,6,62.373,1,5,59,0,88.833,0.5,0,0
"<a href=""https://tiktok.com/@hxavnxh"" target=""_blank"">@hxavnxh</a>",41,8,63.976,0.69,3,19,0,1764.75,89.375,1.75,1.25
"<a href=""https://tiktok.com/@hygge8662"" target=""_blank"">@hygge8662</a>",20,6,61.321,0.845,2,15,0,43608.667,770.667,11.333,10.167
"<a href=""https://tiktok.com/@icucxyyd"" target=""_blank"">@icucxyyd</a>",57,9,54.833,0.75,1,6,0,1776.667,65.556,1.889,2
"<a href=""https://tiktok.com/@idpeoc"" target=""_blank"">@idpeoc</a>",70,7,80.8,1,1,10,0,741.75,20.375,0.125,0.125
"<a href=""https://tiktok.com/@ifesb"" target=""_blank"">@ifesb</a>",39,3,78.482,0.9,2,15,0,1054.333,51.333,0,0.333
"<a href=""https://tiktok.com/@ific3756"" target=""_blank"">@ific3756</a>",76,3,59.778,1,3,27,0,263.667,7.667,0,0
"<a href=""https://tiktok.com/@ihbtcmzm"" target=""_blank"">@ihbtcmzm</a>",83,6,39,1,1,6,0,739,22.667,0,1
"<a href=""https://tiktok.com/@irdc042"" target=""_blank"">@irdc042</a>",4,10,58.581,0.958,7,49,0,99962.3,3878.5,15.6,31.2
"<a href=""https://tiktok.com/@isni5392"" target=""_blank"">@isni5392</a>",61,4,45.667,0.8,1,6,0,470.75,13.5,0,0
"<a href=""https://tiktok.com/@izjppp"" target=""_blank"">@izjppp</a>",81,6,52.5,1,1,6,0,938.375,31.375,0.125,0.5
"<a href=""https://tiktok.com/@jcsie5410"" target=""_blank"">@jcsie5410</a>",74,6,75.583,1,4,45,0,1367.167,51.167,0.833,0.667
"<a href=""https://tiktok.com/@jdhxk85"" target=""_blank"">@jdhxk85</a>",54,8,47.667,1,1,6,0,1443.625,42.5,0.375,0.25
"<a href=""https://tiktok.com/@jdpdosj"" target=""_blank"">@jdpdosj</a>",35,7,62.633,0.921,6,62,0,769.25,41.375,1.875,1
"<a href=""https://tiktok.com/@jdpxorjf"" target=""_blank"">@jdpxorjf</a>",4,7,64.851,1,4,29,0,3304.111,71.556,1.111,3.667
"<a href=""https://tiktok.com/@jeiofifuhd"" target=""_blank"">@jeiofifuhd</a>",28,6,51.811,0.802,3,22,0,3135.375,149.75,1.25,2
"<a href=""https://tiktok.com/@jfdd653"" target=""_blank"">@jfdd653</a>",33,6,76.208,0.708,2,14,0,2319.667,51,0.167,0.167
"<a href=""https://tiktok.com/@jfdhjj9090"" target=""_blank"">@jfdhjj9090</a>",32,7,67.5,1,1,6,0,1828.714,60.143,1.286,1.286
"<a href=""https://tiktok.com/@jfhdcy"" target=""_blank"">@jfhdcy</a>",53,7,33.917,1,2,12,0,1525.857,59.286,0.429,1.429
"<a href=""https://tiktok.com/@jfkovj5"" target=""_blank"">@jfkovj5</a>",4,10,64.979,0.952,7,53,0,1786.8,140.6,1.1,1.3
"<a href=""https://tiktok.com/@jfufrehcdh"" target=""_blank"">@jfufrehcdh</a>",35,8,54.366,0.939,6,61,0,889.5,73.625,0.375,0.25
"<a href=""https://tiktok.com/@jg.vj19"" target=""_blank"">@jg.vj19</a>",61,4,48.083,0.8,2,12,0,512.25,10,0.5,0
"<a href=""https://tiktok.com/@jh.hj90"" target=""_blank"">@jh.hj90</a>",61,4,50.5,0.8,1,6,0,723.75,16,0.75,0.75
"<a href=""https://tiktok.com/@jhckhs"" target=""_blank"">@jhckhs</a>",70,8,71.406,0.8,5,44,0,114.125,2.625,0,0
"<a href=""https://tiktok.com/@jipupu184"" target=""_blank"">@jipupu184</a>",47,6,67.833,1,1,6,0,1164.667,32.556,0.444,1
"<a href=""https://tiktok.com/@jox.kj"" target=""_blank"">@jox.kj</a>",54,7,50.167,1,1,6,0,1643.143,66.429,0.714,0.286
"<a href=""https://tiktok.com/@jtcytxyzey"" target=""_blank"">@jtcytxyzey</a>",35,8,48.229,1,4,30,0,1549.875,124.625,1.75,4.25
"<a href=""https://tiktok.com/@jubal_movie"" target=""_blank"">@jubal_movie</a>",12,7,71.714,0.667,1,7,0,1026.125,74.625,4.375,7.625
"<a href=""https://tiktok.com/@k_bao1m114"" target=""_blank"">@k_bao1m114</a>",52,9,48.097,0.821,3,31,0,886.7,27.7,0.3,2.4
"<a href=""https://tiktok.com/@kfbfol"" target=""_blank"">@kfbfol</a>",71,3,83.333,0.667,1,6,0,319.25,15.125,0,0.125
"<a href=""https://tiktok.com/@kilby.robin"" target=""_blank"">@kilby.robin</a>",39,3,92.714,1,1,7,0,763.333,27.333,1,0.333
"<a href=""https://tiktok.com/@kind26921"" target=""_blank"">@kind26921</a>",56,4,54.667,1,1,6,0,1337.333,88,1.833,1.833
"<a href=""https://tiktok.com/@kokokopi72"" target=""_blank"">@kokokopi72</a>",10,7,84.167,0.75,1,6,0,23224,249.286,3,1.571
"<a href=""https://tiktok.com/@kris.noproblem"" target=""_blank"">@kris.noproblem</a>",7,5,46,0.8,1,6,0,904,32.429,1.429,8
"<a href=""https://tiktok.com/@krug011"" target=""_blank"">@krug011</a>",4,8,56.097,0.967,5,42,0,835.125,29.25,0,0.5
"<a href=""https://tiktok.com/@ktsfyh"" target=""_blank"">@ktsfyh</a>",41,7,59.708,0.85,4,30,0,1304.857,46.857,2.286,1.143
"<a href=""https://tiktok.com/@kulch.sonyak"" target=""_blank"">@kulch.sonyak</a>",8,7,45.545,1,1,11,0,1026.429,42.143,0.857,0.571
"<a href=""https://tiktok.com/@labksb49906r"" target=""_blank"">@labksb49906r</a>",62,3,43.5,0.75,1,6,0,647.667,56,0,0.333
"<a href=""https://tiktok.com/@landscape5670"" target=""_blank"">@landscape5670</a>",41,8,46.841,0.888,7,58,0,784.75,43.375,1.375,0.125
"<a href=""https://tiktok.com/@lhqitc"" target=""_blank"">@lhqitc</a>",70,8,65.598,0.861,6,55,0,1213.778,29.556,0.222,0.111
"<a href=""https://tiktok.com/@luisina.riihimaki"" target=""_blank"">@luisina.riihimaki</a>",4,9,65.708,0.889,3,20,0,1123.556,122.444,1.778,0.778
"<a href=""https://tiktok.com/@lwandiswamsithini"" target=""_blank"">@lwandiswamsithini</a>",37,6,66.833,1,1,6,0,10693.857,35.714,0.429,0.857
"<a href=""https://tiktok.com/@m_bao3m360"" target=""_blank"">@m_bao3m360</a>",45,6,90.143,0.8,1,7,0,1139.1,38.1,1,2.1
"<a href=""https://tiktok.com/@mapleswishesvs"" target=""_blank"">@mapleswishesvs</a>",16,8,53.405,1,2,13,0,1947.375,52.5,1.125,1.625
"<a href=""https://tiktok.com/@mdsdz2"" target=""_blank"">@mdsdz2</a>",3,7,49.476,0.875,5,59,0,1228.429,65.714,8.429,0.714
"<a href=""https://tiktok.com/@mhmqkb"" target=""_blank"">@mhmqkb</a>",70,6,60.733,0.933,5,60,0,8.833,0,0,0
"<a href=""https://tiktok.com/@mmlcdg"" target=""_blank"">@mmlcdg</a>",72,3,30.667,1,1,9,0,702,18,0.333,0
"<a href=""https://tiktok.com/@mxcvdsf968"" target=""_blank"">@mxcvdsf968</a>",65,3,66.857,0.8,1,7,0,428.667,18.333,0,0.667
"<a href=""https://tiktok.com/@mzcvs991"" target=""_blank"">@mzcvs991</a>",64,3,66.345,0.775,2,13,0,523.667,4.333,0.667,1.333
"<a href=""https://tiktok.com/@naivevy"" target=""_blank"">@naivevy</a>",87,4,44.714,1,1,7,0,877,13.5,0,0
"<a href=""https://tiktok.com/@ndnenmeme"" target=""_blank"">@ndnenmeme</a>",42,5,44.909,0.857,1,11,0,1394.4,4.6,0,0
"<a href=""https://tiktok.com/@nendn4309"" target=""_blank"">@nendn4309</a>",23,7,56.389,1,2,18,0,2987.714,51.143,1,0.714
"<a href=""https://tiktok.com/@nguyen.huang8"" target=""_blank"">@nguyen.huang8</a>",9,6,44.167,0.667,1,6,0,690.167,31.5,0.833,0.667
"<a href=""https://tiktok.com/@nsftib"" target=""_blank"">@nsftib</a>",70,6,61.25,1,4,45,0,45,0.167,0,0
"<a href=""https://tiktok.com/@nswuuu0"" target=""_blank"">@nswuuu0</a>",81,6,52.917,1,2,12,0,431.667,24.167,0,0.167
"<a href=""https://tiktok.com/@nvi3ho"" target=""_blank"">@nvi3ho</a>",67,9,49.286,1,1,7,0,329.556,11.444,0,0.222
"<a href=""https://tiktok.com/@ojbkhhh2"" target=""_blank"">@ojbkhhh2</a>",60,4,57.833,1,1,6,0,1509,25.75,0.25,0
"<a href=""https://tiktok.com/@okay11732"" target=""_blank"">@okay11732</a>",73,5,64,0.917,2,23,0,998.125,85.75,0.25,0.875
"<a href=""https://tiktok.com/@ouou6264"" target=""_blank"">@ouou6264</a>",76,3,100.5,1,1,8,0,357,9.333,0,0
"<a href=""https://tiktok.com/@pardesi_driver120"" target=""_blank"">@pardesi_driver120</a>",80,6,102.083,0.75,1,12,0,2313.78,197.707,13.878,2.22
"<a href=""https://tiktok.com/@paskasi.limbrickp"" target=""_blank"">@paskasi.limbrickp</a>",5,5,37.333,1,1,6,0,25463.833,453.5,3.333,1.833
"<a href=""https://tiktok.com/@pbpktw"" target=""_blank"">@pbpktw</a>",72,3,64.476,1,2,16,0,386.333,8,0.333,0
"<a href=""https://tiktok.com/@peri6925"" target=""_blank"">@peri6925</a>",69,3,95.333,1,1,9,0,579.333,14.667,0,0.333
"<a href=""https://tiktok.com/@pleas.raphakk"" target=""_blank"">@pleas.raphakk</a>",10,7,84.167,0.75,1,6,0,2757.286,81.429,1.857,0.714
"<a href=""https://tiktok.com/@pratt_movie"" target=""_blank"">@pratt_movie</a>",23,6,94.667,0.75,1,6,0,52670,961.857,5.143,11.429
"<a href=""https://tiktok.com/@privon14"" target=""_blank"">@privon14</a>",80,19,92.431,0.733,3,45,0,1675.55,185.55,16.2,14.25
"<a href=""https://tiktok.com/@quebsv5683"" target=""_blank"">@quebsv5683</a>",21,8,58.5,1,1,8,0,778.7,35.6,0.6,2
"<a href=""https://tiktok.com/@quincyshop08"" target=""_blank"">@quincyshop08</a>",35,8,64.417,1,3,24,0,1706.875,69.75,0.875,0.5
"<a href=""https://tiktok.com/@r_kerps136"" target=""_blank"">@r_kerps136</a>",47,9,61.604,1,2,14,0,1146.889,43.222,0.333,1
"<a href=""https://tiktok.com/@risood6"" target=""_blank"">@risood6</a>",11,7,57.795,1,4,29,0,992.75,42.5,4.125,1
"<a href=""https://tiktok.com/@rmcbk1"" target=""_blank"">@rmcbk1</a>",59,9,37.714,1,2,14,0,29364.3,801.8,4,8.7
"<a href=""https://tiktok.com/@rmgh132"" target=""_blank"">@rmgh132</a>",34,6,53,1,1,7,0,935,39.833,0.5,1.167
"<a href=""https://tiktok.com/@rohingyao"" target=""_blank"">@rohingyao</a>",41,8,57.152,0.855,10,72,0,2139,96.875,6.25,13.375
"<a href=""https://tiktok.com/@rosantspssu"" target=""_blank"">@rosantspssu</a>",19,6,62,0.8,1,7,0,2602.333,71.5,0.5,1
"<a href=""https://tiktok.com/@rzk26w"" target=""_blank"">@rzk26w</a>",68,7,37.286,1,1,7,0,766,29.222,0.222,0
"<a href=""https://tiktok.com/@s_heise214"" target=""_blank"">@s_heise214</a>",45,6,67.946,0.829,2,15,0,1589.7,64.1,0.4,0.6
"<a href=""https://tiktok.com/@s_ostfo146"" target=""_blank"">@s_ostfo146</a>",50,10,61.128,0.817,4,41,0,530.6,9.5,0.1,0.1
"<a href=""https://tiktok.com/@sandyjulia2021"" target=""_blank"">@sandyjulia2021</a>",18,7,53.375,0.875,1,8,0,1210.875,91.125,0.875,2.625
"<a href=""https://tiktok.com/@santiago.fernande323"" target=""_blank"">@santiago.fernande323</a>",5,6,37.333,1,1,6,0,2378,101.333,1.333,2.333
"<a href=""https://tiktok.com/@sasapco"" target=""_blank"">@sasapco</a>",41,8,82.125,0.806,3,22,0,18814.625,1225.75,5.125,6.375
"<a href=""https://tiktok.com/@satarajoette"" target=""_blank"">@satarajoette</a>",18,8,62.104,0.938,2,14,0,1611.75,88.75,1.25,1.125
"<a href=""https://tiktok.com/@satsyou"" target=""_blank"">@satsyou</a>",40,8,67.304,0.749,7,53,0,1608.75,102.75,8.875,3.125
"<a href=""https://tiktok.com/@sayzxdt"" target=""_blank"">@sayzxdt</a>",11,6,49.958,0.881,4,29,0,775.333,29.333,1.333,2.5
"<a href=""https://tiktok.com/@scra5694"" target=""_blank"">@scra5694</a>",74,6,59.333,1,2,18,0,1002.833,30,0.167,1
"<a href=""https://tiktok.com/@sgdjn3"" target=""_blank"">@sgdjn3</a>",34,6,53,1,1,7,0,806.833,33,0.5,0.667
"<a href=""https://tiktok.com/@shotewg"" target=""_blank"">@shotewg</a>",41,7,46.609,0.907,7,55,0,32244.143,941.571,10.857,12.714
"<a href=""https://tiktok.com/@shuaiju126"" target=""_blank"">@shuaiju126</a>",52,6,48.344,0.952,3,29,0,4549.333,55.5,7,1.167
"<a href=""https://tiktok.com/@shvchjds"" target=""_blank"">@shvchjds</a>",40,7,51.944,0.875,4,31,0,10036.143,186.714,3.429,1.286
"<a href=""https://tiktok.com/@shvxxmm"" target=""_blank"">@shvxxmm</a>",79,7,44.337,1,3,21,0,621,34.714,0.571,0.143
"<a href=""https://tiktok.com/@sidjjd79"" target=""_blank"">@sidjjd79</a>",60,4,57.833,1,1,6,0,868.5,24.25,0.25,0.25
"<a href=""https://tiktok.com/@siev9347"" target=""_blank"">@siev9347</a>",74,6,60.5,1,3,26,0,1335.667,86.833,0.333,0.667
"<a href=""https://tiktok.com/@sqifhw"" target=""_blank"">@sqifhw</a>",72,3,77.333,1,1,9,0,306.333,5.667,0,0
"<a href=""https://tiktok.com/@stoyouh"" target=""_blank"">@stoyouh</a>",41,7,76.667,0.875,2,15,0,2853.143,152.143,3.714,1.571
"<a href=""https://tiktok.com/@stvhfhj"" target=""_blank"">@stvhfhj</a>",40,6,56.077,0.861,3,21,0,4173.833,103.5,5.167,0.667
"<a href=""https://tiktok.com/@svjscsh"" target=""_blank"">@svjscsh</a>",40,6,60.5,0.8,2,12,0,4077.286,75.143,2.571,1.143
"<a href=""https://tiktok.com/@sweet_driver120"" target=""_blank"">@sweet_driver120</a>",80,4,86.375,0.8,1,8,0,1256.19,120.667,14.262,3.167
"<a href=""https://tiktok.com/@szcsvdssfsdfdsdzv"" target=""_blank"">@szcsvdssfsdfdsdzv</a>",65,3,67.175,0.822,3,19,0,1214.333,20,0.333,0
"<a href=""https://tiktok.com/@tafwwk"" target=""_blank"">@tafwwk</a>",70,9,67.451,0.967,3,41,0,600.667,14.111,0,0.111
"<a href=""https://tiktok.com/@terry.schmerko"" target=""_blank"">@terry.schmerko</a>",8,7,45.545,1,1,11,0,1804.333,188.333,2.333,4.889
"<a href=""https://tiktok.com/@text.fc"" target=""_blank"">@text.fc</a>",41,8,21.267,0.9,5,36,0,4262.5,163.5,7.125,9.25
"<a href=""https://tiktok.com/@text690"" target=""_blank"">@text690</a>",41,6,32.833,0.75,1,6,0,6353.286,116.429,5,1.714
"<a href=""https://tiktok.com/@text778"" target=""_blank"">@text778</a>",41,8,53.196,0.762,4,25,0,29612.125,2010.75,13.75,19.5
"<a href=""https://tiktok.com/@texthang"" target=""_blank"">@texthang</a>",20,8,51.988,0.917,2,13,0,4049.375,98.5,9,4.75
"<a href=""https://tiktok.com/@textstoryman3"" target=""_blank"">@textstoryman3</a>",11,6,61.45,0.833,2,16,0,1600.5,50.667,1.75,5.083
"<a href=""https://tiktok.com/@textstyo"" target=""_blank"">@textstyo</a>",40,8,48.875,0.964,4,41,0,4999.875,130.875,6.625,2.375
"<a href=""https://tiktok.com/@thuusu7"" target=""_blank"">@thuusu7</a>",11,7,29.25,1,1,8,0,1024.143,52.143,0.143,0.143
"<a href=""https://tiktok.com/@tiffanystory8"" target=""_blank"">@tiffanystory8</a>",19,6,62,0.8,1,7,0,6999,69.167,1.667,3.167
"<a href=""https://tiktok.com/@tiiff4205"" target=""_blank"">@tiiff4205</a>",74,6,52.167,1,4,36,0.001,625.333,14.833,0.167,0.333
"<a href=""https://tiktok.com/@u_fo176"" target=""_blank"">@u_fo176</a>",51,10,54.983,0.97,3,38,0,34652,721.3,3.7,30.6
"<a href=""https://tiktok.com/@ubf084006c"" target=""_blank"">@ubf084006c</a>",54,8,42.958,1,4,24,0,1476.125,49.5,0.625,0.25
"<a href=""https://tiktok.com/@ubhutfrx"" target=""_blank"">@ubhutfrx</a>",4,10,70.259,0.806,3,21,0,6721,125.3,1.2,1.4
"<a href=""https://tiktok.com/@ufsc8075"" target=""_blank"">@ufsc8075</a>",74,6,74.875,0.917,4,29,0.001,963.5,68.5,0.167,0.333
"<a href=""https://tiktok.com/@uftixru"" target=""_blank"">@uftixru</a>",14,5,52.5,1,1,6,0,1730.125,182.25,0.625,0.75
"<a href=""https://tiktok.com/@ugoujhu"" target=""_blank"">@ugoujhu</a>",66,7,69.333,0.833,1,6,0,441.778,7.444,0.111,0
"<a href=""https://tiktok.com/@uhpdh"" target=""_blank"">@uhpdh</a>",4,9,44.198,1,3,27,0,1868.1,81.7,1.2,1.4
"<a href=""https://tiktok.com/@urdu9708"" target=""_blank"">@urdu9708</a>",74,6,60.375,1,4,45,0,1013,66.833,0,1.5
"<a href=""https://tiktok.com/@user2146681092430"" target=""_blank"">@user2146681092430</a>",1,8,55.25,0.9,1,12,0,947.222,14.889,0.111,1.667
"<a href=""https://tiktok.com/@user2808563020058"" target=""_blank"">@user2808563020058</a>",7,5,46,0.8,1,6,0,2766.857,155.857,3.857,3.143
"<a href=""https://tiktok.com/@user3360077055795"" target=""_blank"">@user3360077055795</a>",3,8,54.17,0.868,5,50,0,1034.545,51,0.909,1
"<a href=""https://tiktok.com/@user3428239706378"" target=""_blank"">@user3428239706378</a>",1,9,55.25,0.9,1,12,0,15154.667,406.333,3.333,21.222
"<a href=""https://tiktok.com/@user3909819242817"" target=""_blank"">@user3909819242817</a>",53,8,54.6,1,5,30,0,1665.5,50.7,1.1,2
"<a href=""https://tiktok.com/@user3933909636681"" target=""_blank"">@user3933909636681</a>",3,9,57.369,0.795,5,50,0,23629.1,981.1,296.1,498.4
"<a href=""https://tiktok.com/@user5203530187060"" target=""_blank"">@user5203530187060</a>",29,8,67.429,1,1,7,0,774.875,22.625,0.375,0.75
"<a href=""https://tiktok.com/@user54084767052186"" target=""_blank"">@user54084767052186</a>",37,7,52.417,1,2,14,0,68657.125,1083,9.875,23.375
"<a href=""https://tiktok.com/@user5626060056906"" target=""_blank"">@user5626060056906</a>",4,9,63.271,0.771,2,20,0,2939,104.111,2,1.333
"<a href=""https://tiktok.com/@user6171047885852"" target=""_blank"">@user6171047885852</a>",13,6,44.714,0.889,3,19,0,383.167,18.833,0.167,0.333
"<a href=""https://tiktok.com/@user6512543508135"" target=""_blank"">@user6512543508135</a>",2,9,54.167,0.844,3,30,0,508.556,16.556,0,0.222
"<a href=""https://tiktok.com/@user6612103821920"" target=""_blank"">@user6612103821920</a>",2,8,73.25,0.938,2,25,0,195.9,6.2,0.1,0.1
"<a href=""https://tiktok.com/@user68699358395983"" target=""_blank"">@user68699358395983</a>",2,5,14.5,0.8,1,6,0,606.375,14.75,0.25,0.375
"<a href=""https://tiktok.com/@user6922385284275"" target=""_blank"">@user6922385284275</a>",4,9,50.917,1,2,12,0,2146.111,103,1.667,3.111
"<a href=""https://tiktok.com/@user69943662042413"" target=""_blank"">@user69943662042413</a>",16,6,55.667,1,1,6,0,27118.333,337.833,7.333,4.667
"<a href=""https://tiktok.com/@user7393165315679"" target=""_blank"">@user7393165315679</a>",53,8,50.333,1,4,24,0,2129,75.5,1.5,1.125
"<a href=""https://tiktok.com/@user7491401466635"" target=""_blank"">@user7491401466635</a>",3,10,54.04,0.933,7,74,0,2250.091,101,5.091,10.091
"<a href=""https://tiktok.com/@user7516190319240"" target=""_blank"">@user7516190319240</a>",12,6,71.714,0.667,1,7,0,599,48.857,1.429,1.143
"<a href=""https://tiktok.com/@user769357200"" target=""_blank"">@user769357200</a>",18,8,64.625,1,2,18,0,730.5,35.875,1.25,0.125
"<a href=""https://tiktok.com/@user8071963807813"" target=""_blank"">@user8071963807813</a>",2,10,65.25,0.929,2,23,0,310.6,13.5,0.1,0.2
"<a href=""https://tiktok.com/@user8141119333629"" target=""_blank"">@user8141119333629</a>",63,4,96.667,0.75,1,6,0,1103,32.75,0,0.25
"<a href=""https://tiktok.com/@user83050540275304"" target=""_blank"">@user83050540275304</a>",3,10,68.222,0.847,3,28,0,647.5,34.25,0.583,1
"<a href=""https://tiktok.com/@user8662190461588"" target=""_blank"">@user8662190461588</a>",3,9,39.433,0.75,5,36,0,7573.091,243.636,4.636,5.273
"<a href=""https://tiktok.com/@user90221768842097"" target=""_blank"">@user90221768842097</a>",11,5,58.571,0.944,3,20,0,621.8,23.2,1.4,1
"<a href=""https://tiktok.com/@user9262051903981"" target=""_blank"">@user9262051903981</a>",13,6,37.321,0.817,2,13,0,768.5,43.667,0.667,0
"<a href=""https://tiktok.com/@user9263706665749"" target=""_blank"">@user9263706665749</a>",17,6,82.5,1,1,6,0,756.5,28.25,0.5,0.375
"<a href=""https://tiktok.com/@user9638712240929"" target=""_blank"">@user9638712240929</a>",15,6,75,1,1,7,0,1300,75.875,0.875,0.25
"<a href=""https://tiktok.com/@usixidbd"" target=""_blank"">@usixidbd</a>",27,8,60.833,0.75,1,6,0,1647.5,124.875,1.375,1.25
"<a href=""https://tiktok.com/@vhxthc"" target=""_blank"">@vhxthc</a>",26,6,71.25,1,2,14,0,4545,296.333,4.167,2.667
"<a href=""https://tiktok.com/@vintage5920"" target=""_blank"">@vintage5920</a>",56,3,54.667,1,1,6,0,268.667,8.667,1.5,0
"<a href=""https://tiktok.com/@vkie1837"" target=""_blank"">@vkie1837</a>",76,3,56.167,1,2,18,0,397.667,16,0,0.667
"<a href=""https://tiktok.com/@wdoi2427"" target=""_blank"">@wdoi2427</a>",74,6,78.267,1,5,48,0,559.5,29.667,0.333,0.167
"<a href=""https://tiktok.com/@weck01"" target=""_blank"">@weck01</a>",41,7,48.542,0.762,4,25,0,17789.286,215.143,1.714,2
"<a href=""https://tiktok.com/@wgslhe"" target=""_blank"">@wgslhe</a>",70,9,70.2,0.714,1,10,0,3389.667,50.111,0.333,1.111
"<a href=""https://tiktok.com/@wgvs9108"" target=""_blank"">@wgvs9108</a>",77,3,65.333,1,2,18,0,426.333,12.333,0,0.333
"<a href=""https://tiktok.com/@wipw6992"" target=""_blank"">@wipw6992</a>",77,3,54.222,1,3,27,0,729,16.667,0.333,2.667
"<a href=""https://tiktok.com/@wotext"" target=""_blank"">@wotext</a>",40,8,43.688,0.893,5,46,0,2011.125,67.5,1.375,1.125
"<a href=""https://tiktok.com/@wty88731wbc"" target=""_blank"">@wty88731wbc</a>",78,6,29.5,0.8,1,6,0,2757.7,111.5,1.8,2.5
"<a href=""https://tiktok.com/@wxjqb8"" target=""_blank"">@wxjqb8</a>",68,9,60.611,0.861,3,18,0,1467.556,36.333,0.111,0.667
"<a href=""https://tiktok.com/@wys88511u0t"" target=""_blank"">@wys88511u0t</a>",78,6,57.694,1,2,15,0,4742,233.1,4.8,16.7
"<a href=""https://tiktok.com/@xiahoudun152"" target=""_blank"">@xiahoudun152</a>",51,10,51.286,1,3,33,0,1566.6,34.4,1.2,0.1
"<a href=""https://tiktok.com/@xiahoudun600"" target=""_blank"">@xiahoudun600</a>",50,8,53.651,0.944,3,28,0,446.625,10.75,0,0.5
"<a href=""https://tiktok.com/@xiaomisu130"" target=""_blank"">@xiaomisu130</a>",50,8,43.758,0.806,3,24,0,2923.625,130.125,5.375,1.75
"<a href=""https://tiktok.com/@xiaphuangya47"" target=""_blank"">@xiaphuangya47</a>",13,6,42.333,0.775,2,12,0,397.667,25.333,0.333,0.333
"<a href=""https://tiktok.com/@xidy.ncuk"" target=""_blank"">@xidy.ncuk</a>",82,7,58.143,0.833,1,7,0,887.75,39.25,0.5,0
"<a href=""https://tiktok.com/@xihz9643"" target=""_blank"">@xihz9643</a>",74,3,27,1,1,9,0,366.333,10.333,0.333,0
"<a href=""https://tiktok.com/@xx91k2"" target=""_blank"">@xx91k2</a>",68,6,58,0.833,2,12,0,75430.625,2041.875,12.125,15.25
"<a href=""https://tiktok.com/@xxii911"" target=""_blank"">@xxii911</a>",41,8,48.661,0.827,14,105,0.001,725.375,57.25,1.375,0.5
"<a href=""https://tiktok.com/@y_lebei321"" target=""_blank"">@y_lebei321</a>",49,8,47.841,0.933,3,25,0,916.778,33,0.111,0.333
"<a href=""https://tiktok.com/@yaamzzll0vj"" target=""_blank"">@yaamzzll0vj</a>",63,3,96.667,0.75,1,6,0,1414,26.667,1.333,8
"<a href=""https://tiktok.com/@yemeigui236"" target=""_blank"">@yemeigui236</a>",51,10,48.41,0.922,3,35,0,604.2,12.1,0.1,0
"<a href=""https://tiktok.com/@yesyes7784"" target=""_blank"">@yesyes7784</a>",13,6,55.167,0.75,1,6,0,682.5,51,0.333,0.167
"<a href=""https://tiktok.com/@yfidifh"" target=""_blank"">@yfidifh</a>",17,6,83.5,1,1,6,0,4174.667,133.333,1.167,0.667
"<a href=""https://tiktok.com/@ygndvyn8744558"" target=""_blank"">@ygndvyn8744558</a>",62,4,43.5,0.75,1,6,0,524,17.25,0.25,0
"<a href=""https://tiktok.com/@yjau.toie"" target=""_blank"">@yjau.toie</a>",81,5,38.333,0.8,1,6,0,1695.2,40.6,1.4,1.8
"<a href=""https://tiktok.com/@you.texts"" target=""_blank"">@you.texts</a>",40,7,42.393,0.917,4,37,0,1979.571,57.429,1.286,0.714
"<a href=""https://tiktok.com/@you55668"" target=""_blank"">@you55668</a>",41,7,55.557,0.887,5,37,0,1904.125,92.25,3.25,12.375
"<a href=""https://tiktok.com/@yourstoryttt"" target=""_blank"">@yourstoryttt</a>",41,8,43.252,0.871,8,64,0,2918,100,3.875,1.25
"<a href=""https://tiktok.com/@ytrq8081"" target=""_blank"">@ytrq8081</a>",73,6,76.087,0.933,3,43,0,1371.556,121.111,0.333,0.111
"<a href=""https://tiktok.com/@yunshuchuan131"" target=""_blank"">@yunshuchuan131</a>",52,8,67.111,0.952,3,32,0,1964.111,31.111,1.111,1.111
"<a href=""https://tiktok.com/@yxbiyg"" target=""_blank"">@yxbiyg</a>",54,8,45.389,1,3,19,0,10542.125,135.75,3.625,3.625
"<a href=""https://tiktok.com/@zgekze"" target=""_blank"">@zgekze</a>",68,8,52.5,0.887,4,26,0,1000.778,35.444,0.222,0.778
"<a href=""https://tiktok.com/@zjvz.bdoj"" target=""_blank"">@zjvz.bdoj</a>",42,4,44.909,0.857,1,11,0,295.5,3.25,0.25,0
"<a href=""https://tiktok.com/@zwbpctez"" target=""_blank"">@zwbpctez</a>",82,8,58.509,0.917,2,15,0,771,32.25,0.625,0.625
