"Network","Number of Accounts","Network Density","Network Diameter","Clustering Coefficient","Avg Views","Avg Likes","Avg Comments","Avg Shares","Member Accounts"
1,2,1,12,0,8050.944,210.611,1.722,11.444,"user2146681092430, user3428239706378"
2,4,0.667,19,0.6,391.703,12.541,0.108,0.216,"user6612103821920, user6512543508135, user68699358395983, user8071963807813"
3,9,0.667,24,0.682,4337.385,175.549,34.747,57.989,"djskgikeejk8, ggdthij, user7491401466635, user3360077055795, user3933909636681, mdsdz2, bdbdchhd, user8662190461588, user83050540275304"
4,15,0.305,27,0.564,9533.303,385.028,2.437,9.965,"irdc042, fdijc3, uhpdh, hcodifb, hdifhg5, fughf21, user5626060056906, krug011, bmc12655, jfkovj5, hsozhs6, ubhutfrx, jdpxorjf, luisina.riihimaki, user6922385284275"
5,2,1,6,0,13920.917,277.417,2.333,2.083,"santiago.fernande323, paskasi.limbrickp"
6,2,1,6,0,14555.714,276.929,17.286,4.929,"guerin.ontiverok, fatal2380"
7,2,1,6,0,1835.429,94.143,2.643,5.571,"kris.noproblem, user2808563020058"
8,2,1,11,0,1464,124.375,1.688,3,"kulch.sonyak, terry.schmerko"
9,2,1,6,0,765.909,36.818,0.818,0.545,"henry.anistook, nguyen.huang8"
10,2,1,6,0,2165.133,98.933,1.333,12.867,"adan.stockmank, lucky.kkkkkkkk1"
11,3,0.667,14,0,10534.4,129.6,2.05,3.3,"kokokopi72, pleas.raphakk, user7037103493086"
12,9,0.5,20,0.609,6050.716,125.284,2.075,3.284,"cokestory1, frdg25, risood6, thuusu7, bivydu, sayzxdt, dayutoureddit, textstoryman3, user90221768842097"
13,4,0.833,12,0.75,709.067,53.333,2.033,2.4,"ryllskayaqing, jubal_movie, ryllskaya.reddit, user7516190319240"
14,6,0.467,19,0.273,565.361,32.361,0.528,0.194,"user9262051903981, eternally36, xiaphuangya47, user6171047885852, ggycyxr, yesyes7784"
15,3,0.667,12,0,8704.36,292.76,1.52,1.68,"hdjixdj, fjvfjk4, uftixru"
16,2,1,7,0,899.688,51.188,0.5,0.75,"bdodhc, user9638712240929"
17,3,0.667,13,0,8297.739,132.13,3.087,6.652,"geiodhs, mapleswishesvs, user69943662042413"
18,3,0.667,12,0,41190.5,756.136,6.409,6.909,"celedonio.mange, user9263706665749, yfidifh"
19,4,0.5,26,0,1104.531,66.656,1.156,1.781,"satarajoette, sandyjulia2021, user769357200, ficeuoo"
20,2,1,7,0,4800.667,70.333,1.083,2.083,"rosantspssu, tiffanystory8"
21,3,1,8,1,16574,331.333,7.762,5.81,"hygge8662, danaobenkuil, texthang"
22,2,1,8,0,955.85,39.45,1.4,1.35,"aed12495, quebsv5683"
23,2,1,6,0,965.294,59.941,1.118,2.059,"abdaziz6036, aed5c8"
24,5,0.6,22,0.6,11335.158,217.263,1.342,2.658,"gskpccbd, gckcj4, bfihc, nendn4309, pratt_movie"
25,3,0.667,15,0,744.591,36.136,0.364,2.136,"dvnedc, dhcdyh, aed7290"
26,2,1,6,0,3798.929,74.071,1.286,0.857,"aedbr6, aed5430"
27,5,0.5,21,0,1956.257,113.2,1.714,2.514,"aed3326, aed1729, vhxthc, abdaziz2128, aed8562"
28,6,0.6,16,0.652,12166.489,227,1.4,2.089,"aedyckctu, anaxagoras.harlen, cirila.mccorkle, fiutfvjj, aedhdici, usixidbd"
29,4,1,11,1,1473.469,60.469,0.625,0.844,"jeiofifuhd, coicbf, aedhdjcocj, abd.aziz9083"
30,4,0.5,19,0,1174.226,37.774,0.452,0.548,"fjgr86434, jhff96585, fuddg743, user5203530187060"
31,2,1,6,0,1287.857,51.571,0.5,0.571,"hgfryj8745, dhut98545"
32,3,0.667,14,0,1924.217,74.13,0.696,1.478,"hdhxg847, gsufb86, geujcc"
33,2,1,6,0,1446.8,54.6,1.067,2.067,"jfdhjj9090, fjggds0808"
34,5,0.6,18,0.333,2276.121,52.848,0.636,0.909,"fauy8466, hffrr976575, hshjrg8647, hdr86575, jfdd653"
35,2,1,7,0,870.917,36.417,0.5,0.917,"sgdjn3, rmgh132"
36,9,0.75,18,0.842,25011.736,749.042,1.611,4.625,"chhvtdy, jdpdosj, hdididh8, jfufrehcdh, chantalkusch, hdkcofh, dutiutx, jtcytxyzey, quincyshop08"
37,2,1,9,0,0,0,0.8,0,"gsdk5125, gytsy8683"
38,7,0.381,22,0.462,42044.093,565.704,3.222,12.167,"aeda1689, debran.oxonrp03, lwandiswamsithini, bate.hynda, debran.oxonrp86, dung.tran2322, user54084767052186"
39,6,0.333,32,0,7447.804,89.217,0.87,1.304,"aed7p4, aed75787, debran.oxonrp81, aed3660, debran.oxonrp00, hoeg.huan"
40,3,0.667,15,0,861.222,36.111,0.333,0.222,"ifesb, hergbl, kilby.robin"
41,8,0.607,18,0.619,3812.678,101.695,3.847,1.678,"fjjgdvx, shvchjds, satsyou, stvhfhj, wotext, textstyo, svjscsh, you.texts"
42,4,0.667,16,0.6,4156.361,152.306,3.5,5.778,"gskgu2, hec88551nva, wty88731wbc, wys88511u0t"
43,21,0.295,27,0.511,9169.466,365.099,5.783,6.646,"dtkwod, stoyouh, text778, crtyougo, shotewg, xxii911, rohingyao, sasapco, landscape5670, weck01, hdryxd, ktsfyh, huiodjio, you55668, text.fc, dhcghcb, text690, bsbseuo, cagnhd, hxavnxh, yourstoryttt"
44,2,1,11,0,906,4,0.111,0,"ndnenmeme, zjvz.bdoj"
45,2,1,8,0,107.625,0.75,0,0,"bdbdhhehh, hdjddjd092"
46,2,1,9,0,5915,20.833,0.5,0,"fcvbvv57, gthggg8"
47,3,0.667,15,0,6210.5,125.321,0.893,4.357,"m_bao3m360, bentiantian220, s_heise214"
48,3,1,12,1,11853.111,139.593,1.037,2.074,"c_pegif193, b_jiaofu134, f_baomm324"
49,3,0.667,14,0,3500.929,84.464,1.321,1.429,"jipupu184, baomama125, r_kerps136"
50,2,1,6,0,2176.167,73.167,1,1.083,"c_niboer891, c_oevdu389"
51,6,0.6,17,0.45,6574.755,83.717,1.83,5.585,"h_lehdi127, f_kebsu024, h_kp82, b_baoma154, d_odbeu124, y_lebei321"
52,5,0.7,20,0.8,3914.372,79.209,3.233,15,"aodidi148, b_vtost109, s_ostfo146, xiahoudun600, xiaomisu130"
53,4,1,16,1,10359.5,222.316,1.5,9.711,"guanyu1990, u_fo176, xiahoudun152, yemeigui236"
54,4,1,13,1,2068.182,35.394,1.727,1.273,"k_bao1m114, fengtiantian65, shuaiju126, yunshuchuan131"
55,6,0.6,12,0.652,2599.625,71.854,1.958,1.812,"abd.aziz1329, jfhdcy, user3909819242817, hfigi61, user7393165315679, gujgfvj7"
56,7,0.429,19,0.474,3191.444,76.778,1.296,1.185,"jox.kj, ubf084006c, jdhxk85, aediubt, dhhtf74, hdo.kn, yxbiyg"
57,2,1,6,0,1413.474,106.632,0.842,0.789,"aedfkofhf, aedggnj"
58,2,1,6,0,803,48.333,1.667,0.917,"kind26921, vintage5920"
59,2,1,6,0,1737.722,54.056,1.278,1.222,"fiific8, icucxyyd"
60,2,1,6,0,3252.167,67.25,0.25,0.583,"chcryd, dscgty"
61,3,0.667,14,0,51463.586,2229.31,9.69,40.621,"fecbgf, aed6071, rmcbk1"
62,2,1,6,0,1188.75,25,0.25,0.125,"sidjjd79, ojbkhhh2"
63,3,0.667,12,0,568.917,13.167,0.417,0.25,"jh.hj90, isni5392, jg.vj19"
64,2,1,6,0,577,33.857,0.143,0.143,"labksb49906r, ygndvyn8744558"
65,2,1,6,0,1236.286,30.143,0.571,3.571,"user8141119333629, yaamzzll0vj"
66,3,0.667,13,0,1115.625,76.625,2.75,1.25,"faa3l2, alecl0962, mzcvs991"
67,4,0.5,13,0,734.167,14.833,0.083,0.417,"aleo3852, fujgds.guio, szcsvdssfsdfdsdzv, mxcvdsf968"
68,2,1,8,0,566.5,10,0.167,0.167,"msxvcds998, mxvgdscsdfvcsdfsd"
69,2,1,6,0,440.765,12.353,0.118,0.235,"79z4nq6, ugoujhu"
70,2,1,7,0,2316.333,47.611,0.389,1.5,"3buenynx, nvi3ho"
71,6,0.4,19,0.3,13243.528,367.415,2.585,3.113,"rzk26w, 01k4d70, 8znh4ap, wxjqb8, xx91k2, zgekze"
72,2,1,9,0,565.5,12.167,0.833,0.167,"echo20826, peri6925"
73,15,0.286,49,0.55,838.16,18.555,0.084,0.227,"idpeoc, eqmhqf, dtbtcc8, bpgarp, abjjvt, mhmqkb, hukumn, bipiqo, hltuoq, hidouo, lhqitc, jhckhs, tafwwk, wgslhe, nsftib"
74,2,1,6,0,427.545,17.909,0,0.091,"doiplo1, kfbfol"
75,4,0.5,25,0,405,8.083,0.167,0,"mmlcdg, hdmjwo1, pbpktw, sqifhw"
76,6,0.667,27,0.692,3111.547,90.83,0.264,0.377,"ghhj8554, bvoo3130, dijx3903, fhda78402, okay11732, ytrq8081"
77,30,0.129,72,0.517,1387.809,56.631,0.331,0.529,"cjitr2086, fiir2712, fkir2290, dhhi6645, clirr5282, gour2295, cjire9104, jcsie5410, ehgw1916, fkur7594, scra5694, gjus6238, cjirr8920, hrsy60677, eodn8506, eiwv9484, gjguq6894, courr1227, fnnf8890, bffb2489, siev9347, cjur6297, fiur8444, tiiff4205, dkirr3306, urdu9708, wdoi2427, hrfj8302, ufsc8075, xihz9643"
78,2,1,9,0,501.625,29.625,0,0.625,"etfs6724, hehs5037"
79,5,0.6,26,0.6,314.8,9.6,0.133,0.133,"aueh7133, ckir91022, ific3756, ouou6264, vkie1837"
80,4,0.833,18,0.75,678.25,26.5,0.083,1,"coirf88774, gbhg9586, wgvs9108, wipw6992"
81,4,0.667,15,0.6,573.346,27.769,0.269,0.346,"ammcgpo, fbvxzook, dccxsaop, shvxxmm"
82,5,0.5,46,0.429,1164.777,112.252,10.064,4.252,"pardesi_driver120, cutedriver120, cutequeen_driver120, sweet_driver120, privon14"
83,4,0.5,18,0,5006.296,49.259,2.333,0.741,"izjppp, cdjhhhg, nswuuu0, yjau.toie"
84,3,0.667,15,0,806.227,32.545,0.455,1.318,"xidy.ncuk, fach.tiou, zwbpctez"
85,2,1,6,0,1855,34.857,0.857,1.714,"azwj.gjxj, ihbtcmzm"
86,6,0.6,18,0.714,908,27.741,0.259,0.074,"2appookkve, 3mbfklb, 4hgkdjf, 2jxggxh, 1yrogls, heheb8964"
87,2,1,7,0,1032.667,37.5,0.333,0.167,"1utfjk, 2thgkvjd"
88,2,1,6,0,1298.857,76,0.286,0.143,"gauqhar2, hds.hy"
89,2,1,7,0,916.75,14.5,0,0,"41ghqq, naivevy"
