"Account","Network","Unique Shares","Avg Time Between Shares (sec)","Edge Symmetry Score","Degree","Strength","Betweenness","Avg Views","Avg Likes","Avg Comments","Avg Shares"
"<a href=""https://tiktok.com/@aed3345"" target=""_blank"">@aed3345</a>",15,9,66.606,0.882,2,20,0.001,986,40.778,0.444,0.222
"<a href=""https://tiktok.com/@alisamoviec"" target=""_blank"">@alisamoviec</a>",18,4,50,1,1,8,0,442.5,38.5,0.25,0
"<a href=""https://tiktok.com/@art.megan.95"" target=""_blank"">@art.megan.95</a>",19,3,51.889,1,1,9,0,349.333,12.667,0,0
"<a href=""https://tiktok.com/@baown3351"" target=""_blank"">@baown3351</a>",3,3,13.667,1,1,9,0,121.667,1.667,0.333,0
"<a href=""https://tiktok.com/@bbbmwen590"" target=""_blank"">@bbbmwen590</a>",3,3,13.667,1,1,9,0,992,8,0,0
"<a href=""https://tiktok.com/@benoit.altundasf"" target=""_blank"">@benoit.altundasf</a>",6,6,63.013,0.8,2,18,0.011,7772.333,111.333,2.167,0
"<a href=""https://tiktok.com/@ck.ok665"" target=""_blank"">@ck.ok665</a>",6,7,47.008,0.795,2,22,0.006,1252.714,38.429,0,0.143
"<a href=""https://tiktok.com/@clarkkenneth1471"" target=""_blank"">@clarkkenneth1471</a>",15,6,55.736,0.845,2,17,0,1027.333,21,0,0.222
"<a href=""https://tiktok.com/@coco.9977"" target=""_blank"">@coco.9977</a>",6,3,41.625,1,1,8,0,104945.667,2771.667,40.667,36
"<a href=""https://tiktok.com/@colliercarol3790"" target=""_blank"">@colliercarol3790</a>",15,7,52.514,0.917,2,17,0,760.571,17.143,0.286,0.429
"<a href=""https://tiktok.com/@cyrilcamp0303"" target=""_blank"">@cyrilcamp0303</a>",13,6,53.778,1,2,18,0,622.333,31,0.167,0
"<a href=""https://tiktok.com/@desaq123"" target=""_blank"">@desaq123</a>",7,5,57,1,1,9,0,1299.8,83.6,3.2,12.2
"<a href=""https://tiktok.com/@dplmdf"" target=""_blank"">@dplmdf</a>",8,5,47.144,0.878,3,25,0,8521,334.667,7.167,7
"<a href=""https://tiktok.com/@dukvf8"" target=""_blank"">@dukvf8</a>",13,3,40.889,1,1,9,0,731.5,35.333,0,0
"<a href=""https://tiktok.com/@dzu2bxozg0"" target=""_blank"">@dzu2bxozg0</a>",15,8,69.545,0.889,1,11,0,569.25,24.25,0.125,0
"<a href=""https://tiktok.com/@earnklhsp6"" target=""_blank"">@earnklhsp6</a>",13,3,66.667,1,1,9,0,535.667,51,0.333,2.667
"<a href=""https://tiktok.com/@gpknl5ohq8"" target=""_blank"">@gpknl5ohq8</a>",17,3,54.375,0.8,1,8,0,534.333,15.667,0,0
"<a href=""https://tiktok.com/@grdxazz"" target=""_blank"">@grdxazz</a>",7,4,57,1,1,9,0,3782.667,105,5.5,3.667
"<a href=""https://tiktok.com/@guaiago"" target=""_blank"">@guaiago</a>",6,5,60,0.657,2,16,0.006,6598.6,100.2,0.4,0.2
"<a href=""https://tiktok.com/@gvnxc456"" target=""_blank"">@gvnxc456</a>",2,3,49.556,1,1,9,0,721.333,35,0.667,3.667
"<a href=""https://tiktok.com/@gydbvx"" target=""_blank"">@gydbvx</a>",8,3,33.84,0.95,4,35,0,734.8,39.2,2,2.4
"<a href=""https://tiktok.com/@hkggb0eid8"" target=""_blank"">@hkggb0eid8</a>",16,6,53.222,1,1,9,0,2075.333,88.333,0.5,0.667
"<a href=""https://tiktok.com/@hysvxz"" target=""_blank"">@hysvxz</a>",8,6,34.247,0.958,4,37,0,10104.833,297,37.167,37.333
"<a href=""https://tiktok.com/@ilyssa.glove"" target=""_blank"">@ilyssa.glove</a>",6,5,53,0.833,1,8,0,20191.6,315.8,1.2,0.4
"<a href=""https://tiktok.com/@its.donna.1202"" target=""_blank"">@its.donna.1202</a>",19,3,51.889,1,1,9,0,845.333,12.333,0,0
"<a href=""https://tiktok.com/@jkytj45"" target=""_blank"">@jkytj45</a>",2,3,49.556,1,1,9,0,683.667,42,0.333,1
"<a href=""https://tiktok.com/@kinsman818"" target=""_blank"">@kinsman818</a>",6,7,59.317,0.812,2,23,0,63378.571,1554,3.571,3.714
"<a href=""https://tiktok.com/@mkieiefff"" target=""_blank"">@mkieiefff</a>",6,5,58.375,0.714,1,8,0,3708.2,75.4,1.2,1.6
"<a href=""https://tiktok.com/@na2rbkqs94"" target=""_blank"">@na2rbkqs94</a>",18,4,50,1,1,8,0,658,69.75,0,0
"<a href=""https://tiktok.com/@nankz93"" target=""_blank"">@nankz93</a>",6,8,60.98,0.847,3,37,0,12473.375,232.25,1,1
"<a href=""https://tiktok.com/@nho.trangkg"" target=""_blank"">@nho.trangkg</a>",6,15,58.823,0.823,7,63,0.031,7119.133,100.733,0.8,0.6
"<a href=""https://tiktok.com/@o2oo21054dv"" target=""_blank"">@o2oo21054dv</a>",9,8,49.993,1,4,39,0,494.875,26.5,0,0.25
"<a href=""https://tiktok.com/@o2oo22560id"" target=""_blank"">@o2oo22560id</a>",9,7,55.261,1,5,47,0,309.857,21.857,0,0
"<a href=""https://tiktok.com/@o2oo2oo10"" target=""_blank"">@o2oo2oo10</a>",9,9,50.374,1,6,64,0,513.778,13.556,0,0
"<a href=""https://tiktok.com/@o2oo2oo14"" target=""_blank"">@o2oo2oo14</a>",9,6,65.977,0.958,3,26,0,263.167,7,0,0
"<a href=""https://tiktok.com/@o2oo2oo16"" target=""_blank"">@o2oo2oo16</a>",9,6,70.556,1,2,18,0,474,33.889,0.111,0.111
"<a href=""https://tiktok.com/@o2oo2oo17"" target=""_blank"">@o2oo2oo17</a>",9,7,54.722,0.947,6,56,0.002,257.286,9,0,0
"<a href=""https://tiktok.com/@o2oo2oo20"" target=""_blank"">@o2oo2oo20</a>",9,9,58.731,0.968,6,65,0.002,173.333,7.667,0.111,0.111
"<a href=""https://tiktok.com/@o2oo2oo23"" target=""_blank"">@o2oo2oo23</a>",9,10,58.272,0.97,6,69,0.001,342.6,14.9,0,0.1
"<a href=""https://tiktok.com/@polypuscornyaghwy8"" target=""_blank"">@polypuscornyaghwy8</a>",10,3,59.875,1,1,8,0,1430,101.333,0.667,0.333
"<a href=""https://tiktok.com/@qfzxa111"" target=""_blank"">@qfzxa111</a>",8,3,35.823,1,4,35,0,391,20,1.333,0
"<a href=""https://tiktok.com/@qhiii3hs"" target=""_blank"">@qhiii3hs</a>",8,4,33.478,1,3,28,0,1394.5,135.5,8.75,16.75
"<a href=""https://tiktok.com/@quick.reminder8"" target=""_blank"">@quick.reminder8</a>",4,5,63,0.917,2,18,0,48.8,2.4,0,0.2
"<a href=""https://tiktok.com/@sharmel.look"" target=""_blank"">@sharmel.look</a>",6,7,49.417,0.875,1,12,0,903.571,33.571,0.143,0.286
"<a href=""https://tiktok.com/@shsdq9h6x4"" target=""_blank"">@shsdq9h6x4</a>",14,3,47.444,1,1,9,0,743.333,40,0,0
"<a href=""https://tiktok.com/@smicketrammyyvca"" target=""_blank"">@smicketrammyyvca</a>",10,3,59.875,1,1,8,0,866.667,42.333,0,0.333
"<a href=""https://tiktok.com/@sxns0jqml0"" target=""_blank"">@sxns0jqml0</a>",16,6,53.222,1,1,9,0,9968,83.5,2.667,3.167
"<a href=""https://tiktok.com/@tdy7axi1g1"" target=""_blank"">@tdy7axi1g1</a>",15,9,55.222,0.911,3,27,0.002,576.2,20.5,0,0.4
"<a href=""https://tiktok.com/@u4gftrson0"" target=""_blank"">@u4gftrson0</a>",14,5,47.444,1,1,9,0,385.333,19.333,0,0
"<a href=""https://tiktok.com/@user20728300157687"" target=""_blank"">@user20728300157687</a>",4,7,59.167,1,2,20,0,904.714,32,0.286,0
"<a href=""https://tiktok.com/@user2121731508177"" target=""_blank"">@user2121731508177</a>",5,5,53.25,1,1,8,0,341.8,15.2,0,0
"<a href=""https://tiktok.com/@user2282288165102"" target=""_blank"">@user2282288165102</a>",4,7,62.167,0.917,2,22,0,154,6.875,0,0.125
"<a href=""https://tiktok.com/@user25082450737693"" target=""_blank"">@user25082450737693</a>",12,3,41.444,1,1,9,0,310.667,14.667,0,0
"<a href=""https://tiktok.com/@user27358465035086"" target=""_blank"">@user27358465035086</a>",1,3,39.333,0.9,2,18,0,1691.333,19.333,0.667,39
"<a href=""https://tiktok.com/@user4008340477714"" target=""_blank"">@user4008340477714</a>",12,3,41.444,1,1,9,0,241.667,11.667,0,0
"<a href=""https://tiktok.com/@user402143516554"" target=""_blank"">@user402143516554</a>",5,6,53.25,1,1,8,0,442.667,26.667,0,0
"<a href=""https://tiktok.com/@user4540148186119"" target=""_blank"">@user4540148186119</a>",1,3,29.944,0.9,2,18,0,383.667,4.667,0.667,3.667
"<a href=""https://tiktok.com/@user5560661035579"" target=""_blank"">@user5560661035579</a>",6,6,61.208,0.838,2,21,0,33603.333,402.167,3.5,2.333
"<a href=""https://tiktok.com/@user6097915656562"" target=""_blank"">@user6097915656562</a>",11,3,48,0.8,1,8,0,1862,94,0.333,0
"<a href=""https://tiktok.com/@user69878848109202"" target=""_blank"">@user69878848109202</a>",6,7,51.275,0.783,4,34,0.02,4899.143,65.714,0.714,0.143
"<a href=""https://tiktok.com/@user8056190544162"" target=""_blank"">@user8056190544162</a>",6,5,54.75,0.833,1,8,0,14219.167,233.667,2.167,2
"<a href=""https://tiktok.com/@user8103247988460"" target=""_blank"">@user8103247988460</a>",1,3,26.944,0.8,2,18,0,712.333,6.667,0.667,7
"<a href=""https://tiktok.com/@user8523501210295"" target=""_blank"">@user8523501210295</a>",11,3,48,0.8,1,8,0,1229.667,40.667,0,0.667
"<a href=""https://tiktok.com/@user9731567187196"" target=""_blank"">@user9731567187196</a>",6,7,62.625,0.75,1,8,0,10209.5,193.875,2,2.5
"<a href=""https://tiktok.com/@v9hetfaei7"" target=""_blank"">@v9hetfaei7</a>",17,3,54.375,0.8,1,8,0,566.667,47.333,0.333,0.333
