"Network","Number of Accounts","Network Density","Network Diameter","Clustering Coefficient","Avg Views","Avg Likes","Avg Comments","Avg Shares","Member Accounts"
1,3,1,9,1,929.111,10.222,0.667,16.556,"user4540148186119, user27358465035086, user8103247988460"
2,2,1,9,0,702.5,38.5,0.5,2.333,"gvnxc456, jkytj45"
3,2,1,9,0,556.833,4.833,0.167,0,"baown3351, bbbmwen590"
4,3,1,12,1,390.45,14.55,0.1,0.1,"quick.reminder8, user20728300157687, user2282288165102"
5,2,1,8,0,396.818,21.455,0,0,"user2121731508177, user402143516554"
6,14,0.165,56,0.171,16654.589,337.021,2.632,2.232,"benoit.altundasf, mkieiefff, guaiago, nho.trangkg, user8056190544162, user69878848109202, sharmel.look, ck.ok665, ilyssa.glove, nankz93, kinsman818, user5560661035579, coco.9977, user9731567187196"
7,2,1,9,0,2654.091,95.273,4.455,7.545,"desaq123, grdxazz"
8,5,0.9,17,0.875,5090.833,191.167,13.125,14.375,"dplmdf, qfzxa111, qhiii3hs, hysvxz, gydbvx"
9,8,0.679,28,0.75,359.754,17.154,0.031,0.077,"o2oo21054dv, o2oo22560id, o2oo2oo16, o2oo2oo20, o2oo2oo10, o2oo2oo17, o2oo2oo14, o2oo2oo23"
10,2,1,8,0,1148.333,71.833,0.333,0.333,"polypuscornyaghwy8, smicketrammyyvca"
11,2,1,8,0,1545.833,67.333,0.167,0.333,"user6097915656562, user8523501210295"
12,2,1,9,0,276.167,13.167,0,0,"user25082450737693, user4008340477714"
13,3,0.667,18,0,648.667,36.733,0.133,0.533,"cyrilcamp0303, dukvf8, earnklhsp6"
14,2,1,9,0,504.667,26.222,0,0,"shsdq9h6x4, u4gftrson0"
15,5,0.5,29,0.5,785.116,25,0.163,0.256,"dzu2bxozg0, aed3345, clarkkenneth1471, colliercarol3790, tdy7axi1g1"
16,2,1,9,0,6021.667,85.917,1.583,1.917,"hkggb0eid8, sxns0jqml0"
17,2,1,8,0,550.5,31.5,0.167,0.167,"gpknl5ohq8, v9hetfaei7"
18,2,1,8,0,550.25,54.125,0.125,0,"na2rbkqs94, alisamoviec"
19,2,1,9,0,597.333,12.5,0,0,"art.megan.95, its.donna.1202"
