"Account","Network","Unique Shares","Avg Time Between Shares (sec)","Edge Symmetry Score","Degree","Strength","Betweenness","Avg Views","Avg Likes","Avg Comments","Avg Shares"
"<a href=""https://tiktok.com/@abu.kalam882102232"" target=""_blank"">@abu.kalam882102232</a>",6,3,63.667,1,1,6,0,49.75,13.75,1,0
"<a href=""https://tiktok.com/@abutaher.islam71"" target=""_blank"">@abutaher.islam71</a>",7,1,91.8,0.75,1,5,0,36.5,13.5,2.5,4
"<a href=""https://tiktok.com/@asifur__rahman__shawon_7"" target=""_blank"">@asifur__rahman__shawon_7</a>",1,10,83,1,1,10,0,64.95,20.094,10.784,14.626
"<a href=""https://tiktok.com/@bani.akter3"" target=""_blank"">@bani.akter3</a>",9,6,52.333,1,1,3,0,142,57.333,0.111,0.222
"<a href=""https://tiktok.com/@dipa_akter122"" target=""_blank"">@dipa_akter122</a>",6,9,48.6,0.75,1,5,0,192.8,87.7,0.6,0.7
"<a href=""https://tiktok.com/@dulalah6"" target=""_blank"">@dulalah6</a>",10,3,58.667,1,1,3,0,214.5,94,3.25,3.75
"<a href=""https://tiktok.com/@emamu170"" target=""_blank"">@emamu170</a>",4,9,67,0.667,1,3,0,70.933,29.2,0.467,0.267
"<a href=""https://tiktok.com/@hasib.shikedfhgue"" target=""_blank"">@hasib.shikedfhgue</a>",6,2,61.833,1,1,6,0,21.286,4.286,0,0.143
"<a href=""https://tiktok.com/@hasibur.....rahman1"" target=""_blank"">@hasibur.....rahman1</a>",3,6,46.667,1,1,3,0,49.444,20.889,2.111,0.556
"<a href=""https://tiktok.com/@hicookingfood6358"" target=""_blank"">@hicookingfood6358</a>",8,6,28,1,1,3,0,126,48.286,0.286,1
"<a href=""https://tiktok.com/@ikgyeheuehe"" target=""_blank"">@ikgyeheuehe</a>",3,22,69.708,1,2,7,0.008,98.923,46.5,1.962,0.538
"<a href=""https://tiktok.com/@jiz899"" target=""_blank"">@jiz899</a>",3,6,54.429,0.8,1,7,0,54.333,26.5,0.333,0
"<a href=""https://tiktok.com/@lx.jihad7004"" target=""_blank"">@lx.jihad7004</a>",7,7,86.5,1,1,4,0,36,18,1.625,0.375
"<a href=""https://tiktok.com/@m.d._s.h.a.w.o.n_7"" target=""_blank"">@m.d._s.h.a.w.o.n_7</a>",1,10,83,1,1,10,0,25.076,9.47,10.409,4.864
"<a href=""https://tiktok.com/@md.hridoy6969"" target=""_blank"">@md.hridoy6969</a>",6,7,52.5,0.5,1,4,0,206.909,84.636,1.182,1.455
"<a href=""https://tiktok.com/@md.maru9749"" target=""_blank"">@md.maru9749</a>",4,5,65.267,0.667,5,15,0.013,219.6,111.4,4.4,0.6
"<a href=""https://tiktok.com/@mdafzalurfabdullah"" target=""_blank"">@mdafzalurfabdullah</a>",5,6,56.667,0.667,1,3,0,151.6,64.8,2.6,1.5
"<a href=""https://tiktok.com/@mddukherial"" target=""_blank"">@mddukherial</a>",6,1,64.667,1,1,6,0,139,47.5,3.5,1
"<a href=""https://tiktok.com/@mdeusu4mdeusu"" target=""_blank"">@mdeusu4mdeusu</a>",3,2,61.667,0.667,1,3,0,62.5,20.5,2,0
"<a href=""https://tiktok.com/@mdshahinor53"" target=""_blank"">@mdshahinor53</a>",6,1,56.6,0.75,1,5,0,33,11,0.5,0
"<a href=""https://tiktok.com/@my.janu27"" target=""_blank"">@my.janu27</a>",7,12,97.25,1,1,4,0,108.526,35.947,0.842,0.421
"<a href=""https://tiktok.com/@nishatnishu382720"" target=""_blank"">@nishatnishu382720</a>",2,9,54.667,1,1,3,0,73,33.333,0.778,0.222
"<a href=""https://tiktok.com/@rakibhussain624"" target=""_blank"">@rakibhussain624</a>",6,4,45.667,0.667,1,3,0,100.167,51.333,3.167,0.167
"<a href=""https://tiktok.com/@rakibul_hasan2000"" target=""_blank"">@rakibul_hasan2000</a>",3,9,42.5,1,1,4,0,52.846,24.538,1.846,0.308
"<a href=""https://tiktok.com/@sadikur3142"" target=""_blank"">@sadikur3142</a>",7,7,91.85,0.917,3,13,0.004,135.1,62.1,2.5,0.6
"<a href=""https://tiktok.com/@shohidul8060"" target=""_blank"">@shohidul8060</a>",3,17,57.058,0.856,6,24,0.027,59.5,26.667,0,0.167
"<a href=""https://tiktok.com/@tiger.bharosa"" target=""_blank"">@tiger.bharosa</a>",9,6,52.333,1,1,3,0,97.125,45.125,3.125,3.625
"<a href=""https://tiktok.com/@user2028536940088"" target=""_blank"">@user2028536940088</a>",2,8,54.667,1,1,3,0,103,42,0.333,0
"<a href=""https://tiktok.com/@user2530593868181"" target=""_blank"">@user2530593868181</a>",10,3,58.667,1,1,3,0,141.667,66,5,0.667
"<a href=""https://tiktok.com/@user31770786695855"" target=""_blank"">@user31770786695855</a>",4,3,55.667,0.667,1,3,0,45,21.8,2.2,0.8
"<a href=""https://tiktok.com/@user5522633113362"" target=""_blank"">@user5522633113362</a>",8,11,28,1,1,3,0,76.636,36.727,0.364,0.545
"<a href=""https://tiktok.com/@user5699597151255"" target=""_blank"">@user5699597151255</a>",6,21,56.219,0.81,7,35,0.028,37.636,17.591,0.545,0.136
"<a href=""https://tiktok.com/@user61678192686105"" target=""_blank"">@user61678192686105</a>",4,3,65.333,0.667,1,3,0,129,46.667,0,1.667
"<a href=""https://tiktok.com/@user6887093731113"" target=""_blank"">@user6887093731113</a>",3,5,72.667,1,1,3,0,110.125,51.75,1.125,0.75
"<a href=""https://tiktok.com/@user7112071501781"" target=""_blank"">@user7112071501781</a>",4,3,64,0.667,1,3,0,203.333,94.667,25,9
"<a href=""https://tiktok.com/@user744401470"" target=""_blank"">@user744401470</a>",3,2,70.333,0.667,1,3,0,13,4,0,0
"<a href=""https://tiktok.com/@user8400896243518"" target=""_blank"">@user8400896243518</a>",5,9,56.667,0.667,1,3,0,127.308,50.615,1.846,0.462
"<a href=""https://tiktok.com/@useriyqlzywax9"" target=""_blank"">@useriyqlzywax9</a>",4,1,74.333,0.667,1,3,0,91,41.5,6,1
"<a href=""https://tiktok.com/@zmdls090"" target=""_blank"">@zmdls090</a>",11,3,45.375,1,1,8,0,837.667,11.333,0,0
"<a href=""https://tiktok.com/@zmdls138"" target=""_blank"">@zmdls138</a>",11,3,45.375,1,1,8,0,469.333,21,0.333,0
