"Network","Number of Accounts","Network Density","Network Diameter","Clustering Coefficient","Avg Views","Avg Likes","Avg Comments","Avg Shares","Member Accounts"
1,2,1,10,NA,45.528,14.919,10.601,9.871,"asifur__rahman__shawon_7, m.d._s.h.a.w.o.n_7"
2,2,1,3,NA,88,37.667,0.556,0.111,"nishatnishu382720, user2028536940088"
3,8,0.25,14,0,73.012,33.548,1.298,0.381,"jiz899, rakibul_hasan2000, shohidul8060, mdeusu4mdeusu, hasibur.....rahman1, ikgyeheuehe, user6887093731113, user744401470"
4,6,0.333,6,0,108.061,48.818,3.848,1.364,"emamu170, user31770786695855, user7112071501781, md.maru9749, user61678192686105, useriyqlzywax9"
5,2,1,3,NA,137.87,56.783,2.174,0.913,"mdafzalurfabdullah, user8400896243518"
6,8,0.25,12,0,98.828,42.266,0.969,0.469,"rakibhussain624, user5699597151255, mdshahinor53, abu.kalam882102232, dipa_akter122, hasib.shikedfhgue, mddukherial, md.hridoy6969"
7,4,0.5,9,0,96.769,37.821,1.513,0.641,"my.janu27, abutaher.islam71, lx.jihad7004, sadikur3142"
8,2,1,3,NA,95.833,41.222,0.333,0.722,"hicookingfood6358, user5522633113362"
9,2,1,3,NA,120.882,51.588,1.529,1.824,"tiger.bharosa, bani.akter3"
10,2,1,3,NA,183.286,82,4,2.429,"dulalah6, user2530593868181"
11,2,1,8,NA,653.5,16.167,0.167,0,"zmdls090, zmdls138"
