"Post URL","Network","Author","Timestamp","Number of Accounts","Views","Likes","Comments","Shares","Description"
"<a href=""https://www.tiktok.com/@mwmnolke35/video/7573257716232113439"" target=""_blank"" class=""btn btn-sm"" style=""background-color: #00926c; color: white; text-decoration: none; padding: 2px 8px; border-radius: 4px; font-size: 0.8em;"">View Post</a>",5,"mwmnolke35","2025-11-16 09:48:54",3,1513,72,0,1,"KondisiterkinimusholaPONPESAIKhozinySidoarjoambruksaatsalatashar.#jtvjember#evakuasi#sidoarjo#fyp"
"<a href=""https://www.tiktok.com/@fncribcs/video/7573257604407807263"" target=""_blank"" class=""btn btn-sm"" style=""background-color: #00926c; color: white; text-decoration: none; padding: 2px 8px; border-radius: 4px; font-size: 0.8em;"">View Post</a>",5,"fncribcs","2025-11-16 09:48:27",3,1049,18,1,16,"KondisiterkinimusholaPONPESAIKhozinySidoarjoambruksaatsalatashar.#jtvjember#evakuasi#sidoarjo#fyp"
"<a href=""https://www.tiktok.com/@fncribcs/video/7573257478016716062"" target=""_blank"" class=""btn btn-sm"" style=""background-color: #00926c; color: white; text-decoration: none; padding: 2px 8px; border-radius: 4px; font-size: 0.8em;"">View Post</a>",5,"fncribcs","2025-11-16 09:48:08",3,1665,16,0,4,"KondisiterkinimusholaPONPESAIKhozinySidoarjoambruksaatsalatashar.#jtvjember#evakuasi#sidoarjo#fyp"
"<a href=""https://www.tiktok.com/@mwmnolke35/video/7573257321846033695"" target=""_blank"" class=""btn btn-sm"" style=""background-color: #00926c; color: white; text-decoration: none; padding: 2px 8px; border-radius: 4px; font-size: 0.8em;"">View Post</a>",5,"mwmnolke35","2025-11-16 09:47:31",3,940,56,0,0,"KondisiterkinimusholaPONPESAIKhozinySidoarjoambruksaatsalatashar.#jtvjember#evakuasi#sidoarjo#fyp"
"<a href=""https://www.tiktok.com/@basilberthaeq0301/video/7573203421671509261"" target=""_blank"" class=""btn btn-sm"" style=""background-color: #00926c; color: white; text-decoration: none; padding: 2px 8px; border-radius: 4px; font-size: 0.8em;"">View Post</a>",6,"basilberthaeq0301","2025-11-16 06:17:44",3,34,2,0,0,"KondisiterkinimusholaPONPESAIKhozinySidoarjoambruksaatsalatashar.#jtvjember#evakuasi#sidoarjo#fyp"
"<a href=""https://www.tiktok.com/@basilberthaeq0301/video/7573203397239754039"" target=""_blank"" class=""btn btn-sm"" style=""background-color: #00926c; color: white; text-decoration: none; padding: 2px 8px; border-radius: 4px; font-size: 0.8em;"">View Post</a>",6,"basilberthaeq0301","2025-11-16 06:17:56",3,5167,39,1,0,"KondisiterkinimusholaPONPESAIKhozinySidoarjoambruksaatsalatashar.#jtvjember#evakuasi#sidoarjo#fyp"
"<a href=""https://www.tiktok.com/@v0tgsso365/video/7573202204144749855"" target=""_blank"" class=""btn btn-sm"" style=""background-color: #00926c; color: white; text-decoration: none; padding: 2px 8px; border-radius: 4px; font-size: 0.8em;"">View Post</a>",6,"v0tgsso365","2025-11-16 06:12:51",3,4433,29,0,0,"KondisiterkinimusholaPONPESAIKhozinySidoarjoambruksaatsalatashar.#jtvjember#evakuasi#sidoarjo#fyp"
"<a href=""https://www.tiktok.com/@basilberthaeq0301/video/7573202103967993143"" target=""_blank"" class=""btn btn-sm"" style=""background-color: #00926c; color: white; text-decoration: none; padding: 2px 8px; border-radius: 4px; font-size: 0.8em;"">View Post</a>",6,"basilberthaeq0301","2025-11-16 06:12:40",3,3681,50,1,5,"KondisiterkinimusholaPONPESAIKhozinySidoarjoambruksaatsalatashar.#jtvjember#evakuasi#sidoarjo#fyp"
"<a href=""https://www.tiktok.com/@basilberthaeq0301/video/7573201828410559758"" target=""_blank"" class=""btn btn-sm"" style=""background-color: #00926c; color: white; text-decoration: none; padding: 2px 8px; border-radius: 4px; font-size: 0.8em;"">View Post</a>",6,"basilberthaeq0301","2025-11-16 06:11:38",3,6488,37,0,0,"KondisiterkinimusholaPONPESAIKhozinySidoarjoambruksaatsalatashar.#jtvjember#evakuasi#sidoarjo#fyp"
"<a href=""https://www.tiktok.com/@qaf4jbflw4/video/7573201722340936991"" target=""_blank"" class=""btn btn-sm"" style=""background-color: #00926c; color: white; text-decoration: none; padding: 2px 8px; border-radius: 4px; font-size: 0.8em;"">View Post</a>",6,"qaf4jbflw4","2025-11-16 06:11:02",3,1458,94,5,1,"KondisiterkinimusholaPONPESAIKhozinySidoarjoambruksaatsalatashar.#jtvjember#evakuasi#sidoarjo#fyp"
"<a href=""https://www.tiktok.com/@v0tgsso365/video/7573201712001912094"" target=""_blank"" class=""btn btn-sm"" style=""background-color: #00926c; color: white; text-decoration: none; padding: 2px 8px; border-radius: 4px; font-size: 0.8em;"">View Post</a>",6,"v0tgsso365","2025-11-16 06:10:55",3,87,1,0,0,"KondisiterkinimusholaPONPESAIKhozinySidoarjoambruksaatsalatashar.#jtvjember#evakuasi#sidoarjo#fyp"
"<a href=""https://www.tiktok.com/@v0tgsso365/video/7573201573824744735"" target=""_blank"" class=""btn btn-sm"" style=""background-color: #00926c; color: white; text-decoration: none; padding: 2px 8px; border-radius: 4px; font-size: 0.8em;"">View Post</a>",6,"v0tgsso365","2025-11-16 06:10:20",3,1272,12,0,0,"KondisiterkinimusholaPONPESAIKhozinySidoarjoambruksaatsalatashar.#jtvjember#evakuasi#sidoarjo#fyp"
"<a href=""https://www.tiktok.com/@qaf4jbflw4/video/7573201509853285662"" target=""_blank"" class=""btn btn-sm"" style=""background-color: #00926c; color: white; text-decoration: none; padding: 2px 8px; border-radius: 4px; font-size: 0.8em;"">View Post</a>",6,"qaf4jbflw4","2025-11-16 06:10:08",3,376,12,0,0,"KondisiterkinimusholaPONPESAIKhozinySidoarjoambruksaatsalatashar.#jtvjember#evakuasi#sidoarjo#fyp"
"<a href=""https://www.tiktok.com/@qaf4jbflw4/video/7573201287349554462"" target=""_blank"" class=""btn btn-sm"" style=""background-color: #00926c; color: white; text-decoration: none; padding: 2px 8px; border-radius: 4px; font-size: 0.8em;"">View Post</a>",6,"qaf4jbflw4","2025-11-16 06:09:16",3,12,1,0,0,"KondisiterkinimusholaPONPESAIKhozinySidoarjoambruksaatsalatashar.#jtvjember#evakuasi#sidoarjo#fyp"
"<a href=""https://www.tiktok.com/@qaf4jbflw4/video/7573200939440524575"" target=""_blank"" class=""btn btn-sm"" style=""background-color: #00926c; color: white; text-decoration: none; padding: 2px 8px; border-radius: 4px; font-size: 0.8em;"">View Post</a>",6,"qaf4jbflw4","2025-11-16 06:07:49",3,1370,81,4,3,"KondisiterkinimusholaPONPESAIKhozinySidoarjoambruksaatsalatashar.#jtvjember#evakuasi#sidoarjo#fyp"
"<a href=""https://www.tiktok.com/@v0tgsso365/video/7573200897287752991"" target=""_blank"" class=""btn btn-sm"" style=""background-color: #00926c; color: white; text-decoration: none; padding: 2px 8px; border-radius: 4px; font-size: 0.8em;"">View Post</a>",6,"v0tgsso365","2025-11-16 06:07:43",3,174,11,0,0,"KondisiterkinimusholaPONPESAIKhozinySidoarjoambruksaatsalatashar.#jtvjember#evakuasi#sidoarjo#fyp"
"<a href=""https://www.tiktok.com/@fncribcs/video/7572853178606177567"" target=""_blank"" class=""btn btn-sm"" style=""background-color: #00926c; color: white; text-decoration: none; padding: 2px 8px; border-radius: 4px; font-size: 0.8em;"">View Post</a>",5,"fncribcs","2025-11-15 07:38:52",3,1051,44,0,1,"KondisiterkinimusholaPONPESAIKhozinySidoarjoambruksaatsalatashar.#jtvjember#evakuasi#sidoarjo#fyp"
"<a href=""https://www.tiktok.com/@v0tgsso365/video/7572846023995968798"" target=""_blank"" class=""btn btn-sm"" style=""background-color: #00926c; color: white; text-decoration: none; padding: 2px 8px; border-radius: 4px; font-size: 0.8em;"">View Post</a>",6,"v0tgsso365","2025-11-15 07:11:01",3,4735,28,1,2,"KondisiterkinimusholaPONPESAIKhozinySidoarjoambruksaatsalatashar.#jtvjember#evakuasi#sidoarjo#fyp"
"<a href=""https://www.tiktok.com/@qaf4jbflw4/video/7572845370305187102"" target=""_blank"" class=""btn btn-sm"" style=""background-color: #00926c; color: white; text-decoration: none; padding: 2px 8px; border-radius: 4px; font-size: 0.8em;"">View Post</a>",6,"qaf4jbflw4","2025-11-15 07:08:19",3,996,75,1,0,"KondisiterkinimusholaPONPESAIKhozinySidoarjoambruksaatsalatashar.#jtvjember#evakuasi#sidoarjo#fyp"
"<a href=""https://www.tiktok.com/@v0tgsso365/video/7572845237207452959"" target=""_blank"" class=""btn btn-sm"" style=""background-color: #00926c; color: white; text-decoration: none; padding: 2px 8px; border-radius: 4px; font-size: 0.8em;"">View Post</a>",6,"v0tgsso365","2025-11-15 07:07:53",3,1113,77,0,4,"KondisiterkinimusholaPONPESAIKhozinySidoarjoambruksaatsalatashar.#jtvjember#evakuasi#sidoarjo#fyp"
"<a href=""https://www.tiktok.com/@qaf4jbflw4/video/7572844984232135967"" target=""_blank"" class=""btn btn-sm"" style=""background-color: #00926c; color: white; text-decoration: none; padding: 2px 8px; border-radius: 4px; font-size: 0.8em;"">View Post</a>",6,"qaf4jbflw4","2025-11-15 07:07:00",3,1681,32,0,0,"KondisiterkinimusholaPONPESAIKhozinySidoarjoambruksaatsalatashar.#jtvjember#evakuasi#sidoarjo#fyp"
"<a href=""https://www.tiktok.com/@fncribcs/video/7572493586726407454"" target=""_blank"" class=""btn btn-sm"" style=""background-color: #00926c; color: white; text-decoration: none; padding: 2px 8px; border-radius: 4px; font-size: 0.8em;"">View Post</a>",5,"fncribcs","2025-11-14 08:22:48",3,6132,98,0,14,"KondisiterkinimusholaPONPESAIKhozinySidoarjoambruksaatsalatashar.#jtvjember#evakuasi#sidoarjo#fyp"
"<a href=""https://www.tiktok.com/@fncribcs/video/7572493432145349918"" target=""_blank"" class=""btn btn-sm"" style=""background-color: #00926c; color: white; text-decoration: none; padding: 2px 8px; border-radius: 4px; font-size: 0.8em;"">View Post</a>",5,"fncribcs","2025-11-14 08:22:17",3,6724,230,1,69,"KondisiterkinimusholaPONPESAIKhozinySidoarjoambruksaatsalatashar.#jtvjember#evakuasi#sidoarjo#fyp"
"<a href=""https://www.tiktok.com/@mwmnolke35/video/7572493377355222302"" target=""_blank"" class=""btn btn-sm"" style=""background-color: #00926c; color: white; text-decoration: none; padding: 2px 8px; border-radius: 4px; font-size: 0.8em;"">View Post</a>",5,"mwmnolke35","2025-11-14 08:22:02",3,1250,17,0,1,"KondisiterkinimusholaPONPESAIKhozinySidoarjoambruksaatsalatashar.#jtvjember#evakuasi#sidoarjo#fyp"
"<a href=""https://www.tiktok.com/@qaf4jbflw4/video/7572449072171207967"" target=""_blank"" class=""btn btn-sm"" style=""background-color: #00926c; color: white; text-decoration: none; padding: 2px 8px; border-radius: 4px; font-size: 0.8em;"">View Post</a>",6,"qaf4jbflw4","2025-11-14 05:30:25",3,454,30,0,0,"KondisiterkinimusholaPONPESAIKhozinySidoarjoambruksaatsalatashar.#jtvjember#evakuasi#sidoarjo#fyp"
"<a href=""https://www.tiktok.com/@qaf4jbflw4/video/7572448951270427935"" target=""_blank"" class=""btn btn-sm"" style=""background-color: #00926c; color: white; text-decoration: none; padding: 2px 8px; border-radius: 4px; font-size: 0.8em;"">View Post</a>",6,"qaf4jbflw4","2025-11-14 05:29:53",3,1687,81,3,0,"KondisiterkinimusholaPONPESAIKhozinySidoarjoambruksaatsalatashar.#jtvjember#evakuasi#sidoarjo#fyp"
"<a href=""https://www.tiktok.com/@qaf4jbflw4/video/7572448624836218143"" target=""_blank"" class=""btn btn-sm"" style=""background-color: #00926c; color: white; text-decoration: none; padding: 2px 8px; border-radius: 4px; font-size: 0.8em;"">View Post</a>",6,"qaf4jbflw4","2025-11-14 05:28:46",3,2045,94,3,0,"KondisiterkinimusholaPONPESAIKhozinySidoarjoambruksaatsalatashar.#jtvjember#evakuasi#sidoarjo#fyp"
"<a href=""https://www.tiktok.com/@basilberthaeq0301/video/7572446928420506935"" target=""_blank"" class=""btn btn-sm"" style=""background-color: #00926c; color: white; text-decoration: none; padding: 2px 8px; border-radius: 4px; font-size: 0.8em;"">View Post</a>",6,"basilberthaeq0301","2025-11-14 05:22:11",3,645,36,0,0,"KondisiterkinimusholaPONPESAIKhozinySidoarjoambruksaatsalatashar.#jtvjember#evakuasi#sidoarjo#fyp"
"<a href=""https://www.tiktok.com/@basilberthaeq0301/video/7572446681266982199"" target=""_blank"" class=""btn btn-sm"" style=""background-color: #00926c; color: white; text-decoration: none; padding: 2px 8px; border-radius: 4px; font-size: 0.8em;"">View Post</a>",6,"basilberthaeq0301","2025-11-14 05:21:21",3,6830,26,0,0,"KondisiterkinimusholaPONPESAIKhozinySidoarjoambruksaatsalatashar.#jtvjember#evakuasi#sidoarjo#fyp"
"<a href=""https://www.tiktok.com/@basilberthaeq0301/video/7572446426949602615"" target=""_blank"" class=""btn btn-sm"" style=""background-color: #00926c; color: white; text-decoration: none; padding: 2px 8px; border-radius: 4px; font-size: 0.8em;"">View Post</a>",6,"basilberthaeq0301","2025-11-14 05:20:27",3,910,36,0,2,"KondisiterkinimusholaPONPESAIKhozinySidoarjoambruksaatsalatashar.#jtvjember#evakuasi#sidoarjo#fyp"
"<a href=""https://www.tiktok.com/@basilberthaeq0301/video/7572446135852240141"" target=""_blank"" class=""btn btn-sm"" style=""background-color: #00926c; color: white; text-decoration: none; padding: 2px 8px; border-radius: 4px; font-size: 0.8em;"">View Post</a>",6,"basilberthaeq0301","2025-11-14 05:19:11",3,587,25,0,0,"KondisiterkinimusholaPONPESAIKhozinySidoarjoambruksaatsalatashar.#jtvjember#evakuasi#sidoarjo#fyp"
"<a href=""https://www.tiktok.com/@v0tgsso365/video/7572445712282176799"" target=""_blank"" class=""btn btn-sm"" style=""background-color: #00926c; color: white; text-decoration: none; padding: 2px 8px; border-radius: 4px; font-size: 0.8em;"">View Post</a>",6,"v0tgsso365","2025-11-14 05:17:20",3,461,12,0,2,"KondisiterkinimusholaPONPESAIKhozinySidoarjoambruksaatsalatashar.#jtvjember#evakuasi#sidoarjo#fyp"
"<a href=""https://www.tiktok.com/@v0tgsso365/video/7572445399647112478"" target=""_blank"" class=""btn btn-sm"" style=""background-color: #00926c; color: white; text-decoration: none; padding: 2px 8px; border-radius: 4px; font-size: 0.8em;"">View Post</a>",6,"v0tgsso365","2025-11-14 05:16:11",3,38571,53,0,2,"KondisiterkinimusholaPONPESAIKhozinySidoarjoambruksaatsalatashar.#jtvjember#evakuasi#sidoarjo#fyp"
"<a href=""https://www.tiktok.com/@t8w8ebr0l0/video/7573259568801762615"" target=""_blank"" class=""btn btn-sm"" style=""background-color: #00926c; color: white; text-decoration: none; padding: 2px 8px; border-radius: 4px; font-size: 0.8em;"">View Post</a>",7,"t8w8ebr0l0","2025-11-16 09:57:20",3,1767,69,0,0,"KondisiterkinimusholaPONPESAIKhozinySidoarjoambruksaatsalatashar#jtvjember#evakuasi#sidoarjo#fyp"
"<a href=""https://www.tiktok.com/@t8w8ebr0l0/video/7573259305420475662"" target=""_blank"" class=""btn btn-sm"" style=""background-color: #00926c; color: white; text-decoration: none; padding: 2px 8px; border-radius: 4px; font-size: 0.8em;"">View Post</a>",7,"t8w8ebr0l0","2025-11-16 09:56:35",3,3503,68,0,0,"KondisiterkinimusholaPONPESAIKhozinySidoarjoambruksaatsalatashar#jtvjember#evakuasi#sidoarjo#fyp"
"<a href=""https://www.tiktok.com/@t8w8ebr0l0/video/7573259227607731470"" target=""_blank"" class=""btn btn-sm"" style=""background-color: #00926c; color: white; text-decoration: none; padding: 2px 8px; border-radius: 4px; font-size: 0.8em;"">View Post</a>",7,"t8w8ebr0l0","2025-11-16 09:56:14",3,530,21,0,0,"KondisiterkinimusholaPONPESAIKhozinySidoarjoambruksaatsalatashar#jtvjember#evakuasi#sidoarjo#fyp"
"<a href=""https://www.tiktok.com/@lraglauzw8/video/7573258856910966047"" target=""_blank"" class=""btn btn-sm"" style=""background-color: #00926c; color: white; text-decoration: none; padding: 2px 8px; border-radius: 4px; font-size: 0.8em;"">View Post</a>",7,"lraglauzw8","2025-11-16 09:53:27",3,2991,17,1,0,"KondisiterkinimusholaPONPESAIKhozinySidoarjoambruksaatsalatashar#jtvjember#evakuasi#sidoarjo#fyp"
"<a href=""https://www.tiktok.com/@lraglauzw8/video/7573258642238016798"" target=""_blank"" class=""btn btn-sm"" style=""background-color: #00926c; color: white; text-decoration: none; padding: 2px 8px; border-radius: 4px; font-size: 0.8em;"">View Post</a>",7,"lraglauzw8","2025-11-16 09:52:51",3,3650,28,0,1,"KondisiterkinimusholaPONPESAIKhozinySidoarjoambruksaatsalatashar#jtvjember#evakuasi#sidoarjo#fyp"
"<a href=""https://www.tiktok.com/@lraglauzw8/video/7573258554128305438"" target=""_blank"" class=""btn btn-sm"" style=""background-color: #00926c; color: white; text-decoration: none; padding: 2px 8px; border-radius: 4px; font-size: 0.8em;"">View Post</a>",7,"lraglauzw8","2025-11-16 09:52:17",3,9981,106,4,1,"KondisiterkinimusholaPONPESAIKhozinySidoarjoambruksaatsalatashar#jtvjember#evakuasi#sidoarjo#fyp"
"<a href=""https://www.tiktok.com/@avu89mydp6/video/7573252979067768119"" target=""_blank"" class=""btn btn-sm"" style=""background-color: #00926c; color: white; text-decoration: none; padding: 2px 8px; border-radius: 4px; font-size: 0.8em;"">View Post</a>",8,"avu89mydp6","2025-11-16 09:30:41",3,110,3,0,0,"KondisiterkinimusholaPONPESAIKhozinySidoarjoambruksaatsalatashar#jtvjember#evakuasi#sidoarjo#fyp"
"<a href=""https://www.tiktok.com/@looc4lxgn4/video/7573252852852804877"" target=""_blank"" class=""btn btn-sm"" style=""background-color: #00926c; color: white; text-decoration: none; padding: 2px 8px; border-radius: 4px; font-size: 0.8em;"">View Post</a>",8,"looc4lxgn4","2025-11-16 09:30:16",3,183,10,0,0,"KondisiterkinimusholaPONPESAIKhozinySidoarjoambruksaatsalatashar#jtvjember#evakuasi#sidoarjo#fyp"
"<a href=""https://www.tiktok.com/@looc4lxgn4/video/7573252250223660343"" target=""_blank"" class=""btn btn-sm"" style=""background-color: #00926c; color: white; text-decoration: none; padding: 2px 8px; border-radius: 4px; font-size: 0.8em;"">View Post</a>",8,"looc4lxgn4","2025-11-16 09:29:04",3,806,105,0,0,"KondisiterkinimusholaPONPESAIKhozinySidoarjoambruksaatsalatashar#jtvjember#evakuasi#sidoarjo#fyp"
"<a href=""https://www.tiktok.com/@ruotzpoj43/video/7573250087757860126"" target=""_blank"" class=""btn btn-sm"" style=""background-color: #00926c; color: white; text-decoration: none; padding: 2px 8px; border-radius: 4px; font-size: 0.8em;"">View Post</a>",9,"ruotzpoj43","2025-11-16 09:19:10",3,896,74,0,0,"KondisiterkinimusholaPONPESAIKhozinySidoarjoambruksaatsalatashar#jtvjember#evakuasi#sidoarjo#fyp"
"<a href=""https://www.tiktok.com/@ymmfxvgd/video/7573249683070422303"" target=""_blank"" class=""btn btn-sm"" style=""background-color: #00926c; color: white; text-decoration: none; padding: 2px 8px; border-radius: 4px; font-size: 0.8em;"">View Post</a>",9,"ymmfxvgd","2025-11-16 09:17:29",3,293,12,0,0,"KondisiterkinimusholaPONPESAIKhozinySidoarjoambruksaatsalatashar#jtvjember#evakuasi#sidoarjo#fyp"
"<a href=""https://www.tiktok.com/@ymmfxvgd/video/7573249625050598687"" target=""_blank"" class=""btn btn-sm"" style=""background-color: #00926c; color: white; text-decoration: none; padding: 2px 8px; border-radius: 4px; font-size: 0.8em;"">View Post</a>",9,"ymmfxvgd","2025-11-16 09:17:30",3,721,63,0,0,"KondisiterkinimusholaPONPESAIKhozinySidoarjoambruksaatsalatashar#jtvjember#evakuasi#sidoarjo#fyp"
"<a href=""https://www.tiktok.com/@ruotzpoj43/video/7573249211576192286"" target=""_blank"" class=""btn btn-sm"" style=""background-color: #00926c; color: white; text-decoration: none; padding: 2px 8px; border-radius: 4px; font-size: 0.8em;"">View Post</a>",9,"ruotzpoj43","2025-11-16 09:15:46",3,638,45,0,0,"KondisiterkinimusholaPONPESAIKhozinySidoarjoambruksaatsalatashar#jtvjember#evakuasi#sidoarjo#fyp"
"<a href=""https://www.tiktok.com/@looc4lxgn4/video/7573130992844573965"" target=""_blank"" class=""btn btn-sm"" style=""background-color: #00926c; color: white; text-decoration: none; padding: 2px 8px; border-radius: 4px; font-size: 0.8em;"">View Post</a>",8,"looc4lxgn4","2025-11-16 01:36:29",3,2,0,0,0,"KondisiterkinimusholaPONPESAIKhozinySidoarjoambruksaatsalatashar#jtvjember#evakuasi#sidoarjo#fyp"
"<a href=""https://www.tiktok.com/@t8w8ebr0l0/video/7572884377395350839"" target=""_blank"" class=""btn btn-sm"" style=""background-color: #00926c; color: white; text-decoration: none; padding: 2px 8px; border-radius: 4px; font-size: 0.8em;"">View Post</a>",7,"t8w8ebr0l0","2025-11-15 09:41:18",3,230,1,0,0,"KondisiterkinimusholaPONPESAIKhozinySidoarjoambruksaatsalatashar#jtvjember#evakuasi#sidoarjo#fyp"
"<a href=""https://www.tiktok.com/@ruotzpoj43/video/7572883542040923423"" target=""_blank"" class=""btn btn-sm"" style=""background-color: #00926c; color: white; text-decoration: none; padding: 2px 8px; border-radius: 4px; font-size: 0.8em;"">View Post</a>",9,"ruotzpoj43","2025-11-15 09:36:54",3,300,11,0,0,"KondisiterkinimusholaPONPESAIKhozinySidoarjoambruksaatsalatashar#jtvjember#evakuasi#sidoarjo#fyp"
"<a href=""https://www.tiktok.com/@t8w8ebr0l0/video/7572489071080066318"" target=""_blank"" class=""btn btn-sm"" style=""background-color: #00926c; color: white; text-decoration: none; padding: 2px 8px; border-radius: 4px; font-size: 0.8em;"">View Post</a>",7,"t8w8ebr0l0","2025-11-14 08:05:24",3,976,38,0,2,"KondisiterkinimusholaPONPESAIKhozinySidoarjoambruksaatsalatashar#jtvjember#evakuasi#sidoarjo#fyp"
"<a href=""https://www.tiktok.com/@t8w8ebr0l0/video/7572488968760053005"" target=""_blank"" class=""btn btn-sm"" style=""background-color: #00926c; color: white; text-decoration: none; padding: 2px 8px; border-radius: 4px; font-size: 0.8em;"">View Post</a>",7,"t8w8ebr0l0","2025-11-14 08:05:01",3,304,5,0,0,"KondisiterkinimusholaPONPESAIKhozinySidoarjoambruksaatsalatashar#jtvjember#evakuasi#sidoarjo#fyp"
"<a href=""https://www.tiktok.com/@t8w8ebr0l0/video/7572488793962401037"" target=""_blank"" class=""btn btn-sm"" style=""background-color: #00926c; color: white; text-decoration: none; padding: 2px 8px; border-radius: 4px; font-size: 0.8em;"">View Post</a>",7,"t8w8ebr0l0","2025-11-14 08:04:17",3,189,3,0,0,"KondisiterkinimusholaPONPESAIKhozinySidoarjoambruksaatsalatashar#jtvjember#evakuasi#sidoarjo#fyp"
"<a href=""https://www.tiktok.com/@lraglauzw8/video/7572488716594220319"" target=""_blank"" class=""btn btn-sm"" style=""background-color: #00926c; color: white; text-decoration: none; padding: 2px 8px; border-radius: 4px; font-size: 0.8em;"">View Post</a>",7,"lraglauzw8","2025-11-14 08:03:55",3,2594,14,0,0,"KondisiterkinimusholaPONPESAIKhozinySidoarjoambruksaatsalatashar#jtvjember#evakuasi#sidoarjo#fyp"
"<a href=""https://www.tiktok.com/@lraglauzw8/video/7572488508837776670"" target=""_blank"" class=""btn btn-sm"" style=""background-color: #00926c; color: white; text-decoration: none; padding: 2px 8px; border-radius: 4px; font-size: 0.8em;"">View Post</a>",7,"lraglauzw8","2025-11-14 08:03:07",3,1158,31,0,1,"KondisiterkinimusholaPONPESAIKhozinySidoarjoambruksaatsalatashar#jtvjember#evakuasi#sidoarjo#fyp"
"<a href=""https://www.tiktok.com/@lraglauzw8/video/7572487976605830431"" target=""_blank"" class=""btn btn-sm"" style=""background-color: #00926c; color: white; text-decoration: none; padding: 2px 8px; border-radius: 4px; font-size: 0.8em;"">View Post</a>",7,"lraglauzw8","2025-11-14 08:01:05",3,4829,113,0,0,"KondisiterkinimusholaPONPESAIKhozinySidoarjoambruksaatsalatashar#jtvjember#evakuasi#sidoarjo#fyp"
"<a href=""https://www.tiktok.com/@ymmfxvgd/video/7572474845431139615"" target=""_blank"" class=""btn btn-sm"" style=""background-color: #00926c; color: white; text-decoration: none; padding: 2px 8px; border-radius: 4px; font-size: 0.8em;"">View Post</a>",9,"ymmfxvgd","2025-11-14 07:10:43",3,154,0,0,0,"KondisiterkinimusholaPONPESAIKhozinySidoarjoambruksaatsalatashar#jtvjember#evakuasi#sidoarjo#fyp"
"<a href=""https://www.tiktok.com/@ymmfxvgd/video/7572474343960120606"" target=""_blank"" class=""btn btn-sm"" style=""background-color: #00926c; color: white; text-decoration: none; padding: 2px 8px; border-radius: 4px; font-size: 0.8em;"">View Post</a>",9,"ymmfxvgd","2025-11-14 07:08:39",3,134,1,0,0,"KondisiterkinimusholaPONPESAIKhozinySidoarjoambruksaatsalatashar#jtvjember#evakuasi#sidoarjo#fyp"
"<a href=""https://www.tiktok.com/@avu89mydp6/video/7572474161482812685"" target=""_blank"" class=""btn btn-sm"" style=""background-color: #00926c; color: white; text-decoration: none; padding: 2px 8px; border-radius: 4px; font-size: 0.8em;"">View Post</a>",8,"avu89mydp6","2025-11-14 07:08:10",3,43,0,0,0,"KondisiterkinimusholaPONPESAIKhozinySidoarjoambruksaatsalatashar#jtvjember#evakuasi#sidoarjo#fyp"
"<a href=""https://www.tiktok.com/@avu89mydp6/video/7572474057447312653"" target=""_blank"" class=""btn btn-sm"" style=""background-color: #00926c; color: white; text-decoration: none; padding: 2px 8px; border-radius: 4px; font-size: 0.8em;"">View Post</a>",8,"avu89mydp6","2025-11-14 07:08:13",3,76,0,0,0,"KondisiterkinimusholaPONPESAIKhozinySidoarjoambruksaatsalatashar#jtvjember#evakuasi#sidoarjo#fyp"
"<a href=""https://www.tiktok.com/@ruotzpoj43/video/7572473999528152350"" target=""_blank"" class=""btn btn-sm"" style=""background-color: #00926c; color: white; text-decoration: none; padding: 2px 8px; border-radius: 4px; font-size: 0.8em;"">View Post</a>",9,"ruotzpoj43","2025-11-14 07:07:30",3,188,6,0,2,"KondisiterkinimusholaPONPESAIKhozinySidoarjoambruksaatsalatashar#jtvjember#evakuasi#sidoarjo#fyp"
"<a href=""https://www.tiktok.com/@looc4lxgn4/video/7572473892527279415"" target=""_blank"" class=""btn btn-sm"" style=""background-color: #00926c; color: white; text-decoration: none; padding: 2px 8px; border-radius: 4px; font-size: 0.8em;"">View Post</a>",8,"looc4lxgn4","2025-11-14 07:07:48",3,214,5,0,0,"KondisiterkinimusholaPONPESAIKhozinySidoarjoambruksaatsalatashar#jtvjember#evakuasi#sidoarjo#fyp"
"<a href=""https://www.tiktok.com/@ruotzpoj43/video/7572473799505939742"" target=""_blank"" class=""btn btn-sm"" style=""background-color: #00926c; color: white; text-decoration: none; padding: 2px 8px; border-radius: 4px; font-size: 0.8em;"">View Post</a>",9,"ruotzpoj43","2025-11-14 07:06:32",3,1016,104,0,3,"KondisiterkinimusholaPONPESAIKhozinySidoarjoambruksaatsalatashar#jtvjember#evakuasi#sidoarjo#fyp"
"<a href=""https://www.tiktok.com/@looc4lxgn4/video/7572473699077557559"" target=""_blank"" class=""btn btn-sm"" style=""background-color: #00926c; color: white; text-decoration: none; padding: 2px 8px; border-radius: 4px; font-size: 0.8em;"">View Post</a>",8,"looc4lxgn4","2025-11-14 07:06:34",3,935,34,0,0,"KondisiterkinimusholaPONPESAIKhozinySidoarjoambruksaatsalatashar#jtvjember#evakuasi#sidoarjo#fyp"
"<a href=""https://www.tiktok.com/@user6901330328431/video/7573394737651027230"" target=""_blank"" class=""btn btn-sm"" style=""background-color: #00926c; color: white; text-decoration: none; padding: 2px 8px; border-radius: 4px; font-size: 0.8em;"">View Post</a>",10,"user6901330328431","2025-11-16 18:39:50",2,451,59,0,0,"Kondisi terkini mushola PONPES Al Khoziny Sidoarjo ambruk saat salat ashar #jtvjember #evakuasi #sidoarjo #fyp"
"<a href=""https://www.tiktok.com/@user4610812759770/video/7573394392795434271"" target=""_blank"" class=""btn btn-sm"" style=""background-color: #00926c; color: white; text-decoration: none; padding: 2px 8px; border-radius: 4px; font-size: 0.8em;"">View Post</a>",10,"user4610812759770","2025-11-16 18:38:35",2,457,49,0,1,"Kondisi terkini mushola PONPES Al Khoziny Sidoarjo ambruk saat salat ashar #jtvjember #evakuasi #sidoarjo #fyp"
"<a href=""https://www.tiktok.com/@user6901330328431/video/7573394217389624606"" target=""_blank"" class=""btn btn-sm"" style=""background-color: #00926c; color: white; text-decoration: none; padding: 2px 8px; border-radius: 4px; font-size: 0.8em;"">View Post</a>",10,"user6901330328431","2025-11-16 18:37:49",2,543,65,0,2,"Kondisi terkini mushola PONPES Al Khoziny Sidoarjo ambruk saat salat ashar #jtvjember #evakuasi #sidoarjo #fyp"
"<a href=""https://www.tiktok.com/@user2567732202333/video/7573394055543934239"" target=""_blank"" class=""btn btn-sm"" style=""background-color: #00926c; color: white; text-decoration: none; padding: 2px 8px; border-radius: 4px; font-size: 0.8em;"">View Post</a>",10,"user2567732202333","2025-11-16 18:37:10",2,327,26,1,0,"Kondisi terkini mushola PONPES Al Khoziny Sidoarjo ambruk saat salat ashar #jtvjember #evakuasi #sidoarjo #fyp"
"<a href=""https://www.tiktok.com/@user2567732202333/video/7573393873599335711"" target=""_blank"" class=""btn btn-sm"" style=""background-color: #00926c; color: white; text-decoration: none; padding: 2px 8px; border-radius: 4px; font-size: 0.8em;"">View Post</a>",10,"user2567732202333","2025-11-16 18:36:29",2,358,19,0,0,"Kondisi terkini mushola PONPES Al Khoziny Sidoarjo ambruk saat salat ashar #jtvjember #evakuasi #sidoarjo #fyp"
"<a href=""https://www.tiktok.com/@user6901330328431/video/7573393611786652959"" target=""_blank"" class=""btn btn-sm"" style=""background-color: #00926c; color: white; text-decoration: none; padding: 2px 8px; border-radius: 4px; font-size: 0.8em;"">View Post</a>",10,"user6901330328431","2025-11-16 18:35:29",2,1787,108,3,10,"Kondisi terkini mushola PONPES Al Khoziny Sidoarjo ambruk saat salat ashar #jtvjember #evakuasi #sidoarjo #fyp"
"<a href=""https://www.tiktok.com/@user4610812759770/video/7573393557646576927"" target=""_blank"" class=""btn btn-sm"" style=""background-color: #00926c; color: white; text-decoration: none; padding: 2px 8px; border-radius: 4px; font-size: 0.8em;"">View Post</a>",10,"user4610812759770","2025-11-16 18:35:20",2,926,40,1,0,"Kondisi terkini mushola PONPES Al Khoziny Sidoarjo ambruk saat salat ashar #jtvjember #evakuasi #sidoarjo #fyp"
"<a href=""https://www.tiktok.com/@user2567732202333/video/7573393395217927454"" target=""_blank"" class=""btn btn-sm"" style=""background-color: #00926c; color: white; text-decoration: none; padding: 2px 8px; border-radius: 4px; font-size: 0.8em;"">View Post</a>",10,"user2567732202333","2025-11-16 18:34:29",2,5,1,0,0,"Kondisi terkini mushola PONPES Al Khoziny Sidoarjo ambruk saat salat ashar #jtvjember #evakuasi #sidoarjo #fyp"
"<a href=""https://www.tiktok.com/@user4610812759770/video/7573393155861597470"" target=""_blank"" class=""btn btn-sm"" style=""background-color: #00926c; color: white; text-decoration: none; padding: 2px 8px; border-radius: 4px; font-size: 0.8em;"">View Post</a>",10,"user4610812759770","2025-11-16 18:33:43",2,551,47,0,1,"Kondisi terkini mushola PONPES Al Khoziny Sidoarjo ambruk saat salat ashar #jtvjember #evakuasi #sidoarjo #fyp"
"<a href=""https://www.tiktok.com/@duocidhd/video/7572509406743514399"" target=""_blank"" class=""btn btn-sm"" style=""background-color: #00926c; color: white; text-decoration: none; padding: 2px 8px; border-radius: 4px; font-size: 0.8em;"">View Post</a>",11,"duocidhd","2025-11-14 09:24:14",1,423,10,0,0,"😭😭@TheJubalShowJubalinthemorningradioprogram“BrookeandJubal”#brookeandjubal#brookandjubalinthemorning#seconddate#seconddateupdate#prank#prankcall#storytime#fyp#fypシ#dateupdate#phonecalls#trending"
"<a href=""https://www.tiktok.com/@bgfddf8888/video/7572502695605439775"" target=""_blank"" class=""btn btn-sm"" style=""background-color: #00926c; color: white; text-decoration: none; padding: 2px 8px; border-radius: 4px; font-size: 0.8em;"">View Post</a>",11,"bgfddf8888","2025-11-14 08:58:12",1,196,2,0,0,"😭😭@TheJubalShowJubalinthemorningradioprogram“BrookeandJubal”#brookeandjubal#brookandjubalinthemorning#seconddate#seconddateupdate#prank#prankcall#storytime#fyp#fypシ#dateupdate#phonecalls#trending"
"<a href=""https://www.tiktok.com/@duocidhd/video/7572500992273501470"" target=""_blank"" class=""btn btn-sm"" style=""background-color: #00926c; color: white; text-decoration: none; padding: 2px 8px; border-radius: 4px; font-size: 0.8em;"">View Post</a>",11,"duocidhd","2025-11-14 08:51:38",1,2073,59,1,0,"😭😭@TheJubalShowJubalinthemorningradioprogram“BrookeandJubal”#brookeandjubal#brookandjubalinthemorning#seconddate#seconddateupdate#prank#prankcall#storytime#fyp#fypシ#dateupdate#phonecalls#trending"
"<a href=""https://www.tiktok.com/@bgfddf8888/video/7572500986468601119"" target=""_blank"" class=""btn btn-sm"" style=""background-color: #00926c; color: white; text-decoration: none; padding: 2px 8px; border-radius: 4px; font-size: 0.8em;"">View Post</a>",11,"bgfddf8888","2025-11-14 08:51:34",1,1025,50,0,0,"😭😭@TheJubalShowJubalinthemorningradioprogram“BrookeandJubal”#brookeandjubal#brookandjubalinthemorning#seconddate#seconddateupdate#prank#prankcall#storytime#fyp#fypシ#dateupdate#phonecalls#trending"
"<a href=""https://www.tiktok.com/@bgfddf8888/video/7572500971918527774"" target=""_blank"" class=""btn btn-sm"" style=""background-color: #00926c; color: white; text-decoration: none; padding: 2px 8px; border-radius: 4px; font-size: 0.8em;"">View Post</a>",11,"bgfddf8888","2025-11-14 08:51:33",1,972,53,0,1,"😭😭@TheJubalShowJubalinthemorningradioprogram“BrookeandJubal”#brookeandjubal#brookandjubalinthemorning#seconddate#seconddateupdate#prank#prankcall#storytime#fyp#fypシ#dateupdate#phonecalls#trending"
"<a href=""https://www.tiktok.com/@duocidhd/video/7572500681295138078"" target=""_blank"" class=""btn btn-sm"" style=""background-color: #00926c; color: white; text-decoration: none; padding: 2px 8px; border-radius: 4px; font-size: 0.8em;"">View Post</a>",11,"duocidhd","2025-11-14 08:50:21",1,2738,132,0,0,"😭😭@TheJubalShowJubalinthemorningradioprogram“BrookeandJubal”#brookeandjubal#brookandjubalinthemorning#seconddate#seconddateupdate#prank#prankcall#storytime#fyp#fypシ#dateupdate#phonecalls#trending"
"<a href=""https://www.tiktok.com/@duocidhd/video/7572500667151994142"" target=""_blank"" class=""btn btn-sm"" style=""background-color: #00926c; color: white; text-decoration: none; padding: 2px 8px; border-radius: 4px; font-size: 0.8em;"">View Post</a>",11,"duocidhd","2025-11-14 08:50:20",1,2208,74,0,0,"😭😭@TheJubalShowJubalinthemorningradioprogram“BrookeandJubal”#brookeandjubal#brookandjubalinthemorning#seconddate#seconddateupdate#prank#prankcall#storytime#fyp#fypシ#dateupdate#phonecalls#trending"
"<a href=""https://www.tiktok.com/@bgfddf8888/video/7572500364348443935"" target=""_blank"" class=""btn btn-sm"" style=""background-color: #00926c; color: white; text-decoration: none; padding: 2px 8px; border-radius: 4px; font-size: 0.8em;"">View Post</a>",11,"bgfddf8888","2025-11-14 08:49:10",1,877,71,1,3,"😭😭@TheJubalShowJubalinthemorningradioprogram“BrookeandJubal”#brookeandjubal#brookandjubalinthemorning#seconddate#seconddateupdate#prank#prankcall#storytime#fyp#fypシ#dateupdate#phonecalls#trending"
