"Account","Network","Unique Shares","Avg Time Between Shares (sec)","Edge Symmetry Score","Degree","Strength","Betweenness","Avg Views","Avg Likes","Avg Comments","Avg Shares"
"<a href=""https://tiktok.com/@avu89mydp6"" target=""_blank"">@avu89mydp6</a>",8,3,60.667,0.75,1,6,0,76.333,1,0,0
"<a href=""https://tiktok.com/@basilberthaeq0301"" target=""_blank"">@basilberthaeq0301</a>",6,5,70.167,0.8,1,6,0,3042.75,31.375,0.25,0.875
"<a href=""https://tiktok.com/@bgfddf8888"" target=""_blank"">@bgfddf8888</a>",11,3,55.25,1,1,8,0,767.5,44,0.25,1
"<a href=""https://tiktok.com/@duocidhd"" target=""_blank"">@duocidhd</a>",11,3,55.25,1,1,8,0,1860.5,68.75,0.25,0
"<a href=""https://tiktok.com/@fncribcs"" target=""_blank"">@fncribcs</a>",5,4,37.833,0.8,1,6,0,3324.2,81.2,0.4,20.8
"<a href=""https://tiktok.com/@fqgegdp"" target=""_blank"">@fqgegdp</a>",2,3,91.8,1,1,5,0,794,50,0,0.667
"<a href=""https://tiktok.com/@frohqeg3r9"" target=""_blank"">@frohqeg3r9</a>",1,2,45.2,1,1,5,0,0.5,0,0,0
"<a href=""https://tiktok.com/@looc4lxgn4"" target=""_blank"">@looc4lxgn4</a>",8,4,60.667,0.75,1,6,0,428,30.8,0,0
"<a href=""https://tiktok.com/@lraglauzw8"" target=""_blank"">@lraglauzw8</a>",7,2,72.2,0.667,1,5,0,4200.5,51.5,0.833,0.5
"<a href=""https://tiktok.com/@mfzjelm"" target=""_blank"">@mfzjelm</a>",2,3,64.2,1,1,5,0,1661,75.333,0.333,0
"<a href=""https://tiktok.com/@mwmnolke35"" target=""_blank"">@mwmnolke35</a>",5,3,37.833,0.8,1,6,0,1234.333,48.333,0,0.667
"<a href=""https://tiktok.com/@qaf4jbflw4"" target=""_blank"">@qaf4jbflw4</a>",6,6,50.727,1,1,11,0,1119.889,55.556,1.778,0.444
"<a href=""https://tiktok.com/@ruotzpoj43"" target=""_blank"">@ruotzpoj43</a>",9,5,95.4,1,1,5,0,607.6,48,0,1
"<a href=""https://tiktok.com/@t8w8ebr0l0"" target=""_blank"">@t8w8ebr0l0</a>",7,3,72.2,0.667,1,5,0,1071.286,29.286,0,0.286
"<a href=""https://tiktok.com/@ucicy3"" target=""_blank"">@ucicy3</a>",3,3,56.2,0.9,2,10,0,218.667,0.333,0,0
"<a href=""https://tiktok.com/@ugexib"" target=""_blank"">@ugexib</a>",4,3,52.8,1,1,5,0,11370.667,387.333,1.333,2
"<a href=""https://tiktok.com/@ugfcij"" target=""_blank"">@ugfcij</a>",3,3,57.533,0.867,3,16,0.001,3735.667,325,0,1.333
"<a href=""https://tiktok.com/@ughize5"" target=""_blank"">@ughize5</a>",3,3,55.6,1,2,10,0,624,24.667,0,0
"<a href=""https://tiktok.com/@user2567732202333"" target=""_blank"">@user2567732202333</a>",10,3,70.1,0.9,2,10,0.003,230,15.333,0.333,0
"<a href=""https://tiktok.com/@user4186705075586"" target=""_blank"">@user4186705075586</a>",1,3,45.2,1,1,5,0,286.333,11.667,0,1.667
"<a href=""https://tiktok.com/@user4610812759770"" target=""_blank"">@user4610812759770</a>",10,3,72.2,0.8,1,5,0,644.667,45.333,0.333,0.667
"<a href=""https://tiktok.com/@user6901330328431"" target=""_blank"">@user6901330328431</a>",10,3,68,1,1,5,0,927,77.333,1,4
"<a href=""https://tiktok.com/@uvbirx"" target=""_blank"">@uvbirx</a>",4,3,53.733,1,2,11,0.003,143,4,0,0
"<a href=""https://tiktok.com/@v0tgsso365"" target=""_blank"">@v0tgsso365</a>",6,6,60.447,0.9,2,17,0.003,6355.75,27.875,0.125,1.25
"<a href=""https://tiktok.com/@vysji3"" target=""_blank"">@vysji3</a>",3,3,57.667,0.933,3,16,0.001,29.667,0.333,0,0
"<a href=""https://tiktok.com/@wzziztg"" target=""_blank"">@wzziztg</a>",2,3,78,1,2,10,0.003,77.333,2,0,0
"<a href=""https://tiktok.com/@yeogf2"" target=""_blank"">@yeogf2</a>",4,3,54.667,1,1,6,0,886,65.667,0.667,0.667
"<a href=""https://tiktok.com/@ymmfxvgd"" target=""_blank"">@ymmfxvgd</a>",9,4,95.4,1,1,5,0,325.5,19,0,0
