"Network","Number of Accounts","Network Density","Network Diameter","Clustering Coefficient","Avg Views","Avg Likes","Avg Comments","Avg Shares","Member Accounts"
1,2,1,5,0,172,7,0,1,"frohqeg3r9, user4186705075586"
2,3,0.667,10,0,844.111,42.444,0.111,0.222,"mfzjelm, fqgegdp, wzziztg"
3,4,0.833,10,0.75,1152,87.583,0,0.333,"ugfcij, ucicy3, ughize5, vysji3"
4,3,0.667,11,0,4133.222,152.333,0.667,0.889,"ugexib, uvbirx, yeogf2"
5,2,1,6,0,2540.5,68.875,0.25,13.25,"fncribcs, mwmnolke35"
6,3,0.667,17,0,3410.68,38.96,0.76,0.84,"basilberthaeq0301, qaf4jbflw4, v0tgsso365"
7,2,1,5,0,2515.538,39.538,0.385,0.385,"lraglauzw8, t8w8ebr0l0"
8,2,1,6,0,296.125,19.625,0,0,"avu89mydp6, looc4lxgn4"
9,2,1,5,0,482.222,35.111,0,0.556,"ruotzpoj43, ymmfxvgd"
10,3,0.667,10,0,600.556,46,0.556,1.556,"user4610812759770, user2567732202333, user6901330328431"
11,2,1,8,0,1314,56.375,0.25,0.5,"duocidhd, bgfddf8888"
