"Account","Network","Unique Shares","Avg Time Between Shares (sec)","Edge Symmetry Score","Degree","Strength","Betweenness","Avg Views","Avg Likes","Avg Comments","Avg Shares"
"<a href=""https://tiktok.com/@fghgf877"" target=""_blank"">@fghgf877</a>",7,12,5.92,1,2,24,0,1904,65,1,1
"<a href=""https://tiktok.com/@fly46167"" target=""_blank"">@fly46167</a>",5,15,53.97,0.899,2,62,0,708,12,0,0
"<a href=""https://tiktok.com/@hijjk104"" target=""_blank"">@hijjk104</a>",2,6,40.39,0.9,1,18,0,2094,10,0,0
"<a href=""https://tiktok.com/@tjcf24"" target=""_blank"">@tjcf24</a>",7,12,6.79,1,2,24,0,380,46,0,0
"<a href=""https://tiktok.com/@user1392538538860"" target=""_blank"">@user1392538538860</a>",4,18,33.28,0.99,4,142,0.013,1187,14,0,0
"<a href=""https://tiktok.com/@user1655672923020"" target=""_blank"">@user1655672923020</a>",3,12,49.94,0.882,6,116,0,1065,26,0,0
"<a href=""https://tiktok.com/@user1655865508185"" target=""_blank"">@user1655865508185</a>",1,12,77.17,0.917,2,29,0.003,973,14,0,0
"<a href=""https://tiktok.com/@user186815388315"" target=""_blank"">@user186815388315</a>",4,17,33.11,0.975,4,131,0.013,1269,23,0,0
"<a href=""https://tiktok.com/@user2762520277524"" target=""_blank"">@user2762520277524</a>",7,12,4.79,1,2,24,0,692,49,1,0
"<a href=""https://tiktok.com/@user3372561297143"" target=""_blank"">@user3372561297143</a>",5,12,61.02,0.962,2,54,0,742,12,0,1
"<a href=""https://tiktok.com/@user3399704802070"" target=""_blank"">@user3399704802070</a>",6,5,28.36,0.889,1,11,0,1478,7,0,0
"<a href=""https://tiktok.com/@user3840831842583"" target=""_blank"">@user3840831842583</a>",3,12,63.97,0.81,6,113,0.003,1541,28,0,0
"<a href=""https://tiktok.com/@user4036012503006"" target=""_blank"">@user4036012503006</a>",1,5,81.17,0.833,1,12,0,663,15,0,0
"<a href=""https://tiktok.com/@user4185990161303"" target=""_blank"">@user4185990161303</a>",4,6,37.73,1,1,15,0,1592,24,0,0
"<a href=""https://tiktok.com/@user4503961859441"" target=""_blank"">@user4503961859441</a>",6,6,28.36,0.889,1,11,0,1480,11,0,1
"<a href=""https://tiktok.com/@user49141232079402"" target=""_blank"">@user49141232079402</a>",4,15,36.7,0.98,3,121,0,1106,16,0,0
"<a href=""https://tiktok.com/@user4967199663697"" target=""_blank"">@user4967199663697</a>",3,12,63.64,0.912,4,81,0,1874,27,0,0
"<a href=""https://tiktok.com/@user4994507114863"" target=""_blank"">@user4994507114863</a>",2,6,40.39,0.9,1,18,0,851,3,0,0
"<a href=""https://tiktok.com/@user710495138178"" target=""_blank"">@user710495138178</a>",3,11,56.38,0.803,6,101,0.02,1997,25,0,0
"<a href=""https://tiktok.com/@user7406160207374"" target=""_blank"">@user7406160207374</a>",3,12,50.3,0.896,4,82,0.003,720,22,0,0
"<a href=""https://tiktok.com/@user75291696174110"" target=""_blank"">@user75291696174110</a>",3,10,61.75,0.733,3,46,0,1316,19,0,0
"<a href=""https://tiktok.com/@user7545871652921"" target=""_blank"">@user7545871652921</a>",4,6,31.58,1,2,35,0.013,711,13,0,0
"<a href=""https://tiktok.com/@user87304845050708"" target=""_blank"">@user87304845050708</a>",3,12,61.23,0.913,5,113,0,918,15,0,0
"<a href=""https://tiktok.com/@user8731425528153"" target=""_blank"">@user8731425528153</a>",4,6,38.67,1,2,36,0.007,1007,16,0,0
"<a href=""https://tiktok.com/@user9366804311285"" target=""_blank"">@user9366804311285</a>",1,6,73.18,1,1,17,0,722,4,0,0
"<a href=""https://tiktok.com/@yim0828"" target=""_blank"">@yim0828</a>",5,12,59.49,0.938,2,60,0,750,10,0,0
