"Network","Number of Accounts","Network Density","Network Diameter","Clustering Coefficient","Avg Views","Avg Likes","Avg Comments","Avg Shares","Member Accounts"
"Network 1: ""Entertainment clips: dating, comedy, influencers, celebrity news.""",3,0.667,29,0,840.261,11.87,0.043,0.304,"user1655865508185, user4036012503006, user9366804311285"
"Network 2: ""Body image critique and parenting boundaries discussions""",2,1,18,NA,1472.833,6.333,0,0,"user4994507114863, hijjk104"
"Network 3: Humorous lifestyle content featuring influencers and podcast promotions.",7,0.81,31,0.814,1346.929,23,0.094,0.118,"user3840831842583, user4967199663697, user1655672923020, user7406160207374, user710495138178, user75291696174110, user87304845050708"
"Network 4: ""Podcast-themed viral content with influencer drama and fan edits.""",6,0.533,68,0.529,1148.325,17.425,0.138,0.1,"user1392538538860, user186815388315, user4185990161303, user49141232079402, user8731425528153, user7545871652921"
"Network 5: ""Pop Culture Trends and Legal Commentary Mix""",3,1,34,1,731.231,11.385,0.205,0.513,"fly46167, user3372561297143, yim0828"
"Network 6: ""Repetitive sensationalized content about Lily Philips' personal life""",2,1,11,NA,1478.818,9.182,0,0.909,"user3399704802070, user4503961859441"
"Network 7: ""Family milestones and personal transformation celebration content""",3,1,12,1,992.083,53.222,0.528,0.5,"fghgf877, tjcf24, user2762520277524"
