"Account","Network","Unique Shares","Avg Time Between Shares (sec)","Edge Symmetry Score","Degree","Strength","Betweenness","Avg Views","Avg Likes","Avg Comments","Avg Shares"
"<a href=""https://tiktok.com/@abd.aziz1329"" target=""_blank"">@abd.aziz1329</a>",14,4,57,1,1,8,0,1963.667,49.5,0.667,1.167
"<a href=""https://tiktok.com/@abdaziz5993"" target=""_blank"">@abdaziz5993</a>",13,6,57.667,1,1,9,0,689,59.833,0.667,0.5
"<a href=""https://tiktok.com/@abdfhvft"" target=""_blank"">@abdfhvft</a>",11,5,48,1,1,9,0,620.8,31,0.2,0
"<a href=""https://tiktok.com/@abdfujftonf"" target=""_blank"">@abdfujftonf</a>",11,6,48,1,1,9,0,606.667,35.833,0.333,0
"<a href=""https://tiktok.com/@aed0963"" target=""_blank"">@aed0963</a>",9,5,55.778,0.929,2,19,0,861.667,41.833,1.167,1
"<a href=""https://tiktok.com/@aedh9"" target=""_blank"">@aedh9</a>",8,6,52.823,0.964,4,40,0,975.333,63.5,1.167,1.167
"<a href=""https://tiktok.com/@aediubt"" target=""_blank"">@aediubt</a>",14,4,52.85,1,5,40,0.021,16588.167,288.833,2.5,2.167
"<a href=""https://tiktok.com/@ahmed_siam74"" target=""_blank"">@ahmed_siam74</a>",1,4,74.5,1,2,16,0.001,144,42.833,5.333,0.333
"<a href=""https://tiktok.com/@asfdrasd.fgdtydfg"" target=""_blank"">@asfdrasd.fgdtydfg</a>",10,5,48.25,1,1,8,0,801.8,66.8,1,0.8
"<a href=""https://tiktok.com/@barbaraprice1013"" target=""_blank"">@barbaraprice1013</a>",13,5,57.667,1,1,9,0,1148.667,46.333,0.167,0
"<a href=""https://tiktok.com/@dcntdv"" target=""_blank"">@dcntdv</a>",9,6,51.104,0.827,3,29,0,1061.333,59.667,2,0.833
"<a href=""https://tiktok.com/@dgfddc24"" target=""_blank"">@dgfddc24</a>",10,5,48.25,1,1,8,0,928.333,49.167,1,0.333
"<a href=""https://tiktok.com/@dhhtf74"" target=""_blank"">@dhhtf74</a>",14,4,49.688,1,4,32,0.011,1838.5,62,1.5,0.5
"<a href=""https://tiktok.com/@facgec"" target=""_blank"">@facgec</a>",9,6,49.881,0.917,3,28,0.001,947,71,1.167,1.333
"<a href=""https://tiktok.com/@fbcchc4"" target=""_blank"">@fbcchc4</a>",8,6,60.633,0.923,4,35,0.003,1038.333,47.667,1.333,0.667
"<a href=""https://tiktok.com/@fecbgf"" target=""_blank"">@fecbgf</a>",16,6,52.75,1,2,16,0.001,348.333,19.833,0.333,0.167
"<a href=""https://tiktok.com/@fhyrgu"" target=""_blank"">@fhyrgu</a>",16,5,58.625,1,1,8,0,14673,235.167,3.333,2.333
"<a href=""https://tiktok.com/@gavin.cunningham2"" target=""_blank"">@gavin.cunningham2</a>",7,5,49.5,1,1,8,0,893.6,31.6,0.8,1.4
"<a href=""https://tiktok.com/@gbooat"" target=""_blank"">@gbooat</a>",5,9,62.611,0.92,2,33,0,855.556,37,2.667,0.111
"<a href=""https://tiktok.com/@ghcfgf01"" target=""_blank"">@ghcfgf01</a>",8,6,48.33,0.881,4,39,0,941.833,53.5,0.167,1.833
"<a href=""https://tiktok.com/@gisela.lipke"" target=""_blank"">@gisela.lipke</a>",14,4,53.75,1,3,24,0.007,2032.4,67,0.8,0.6
"<a href=""https://tiktok.com/@gkccdf"" target=""_blank"">@gkccdf</a>",9,6,41.5,0.812,2,18,0,874.167,51.667,0.667,0.5
"<a href=""https://tiktok.com/@gnvhjb0"" target=""_blank"">@gnvhjb0</a>",15,6,36.875,1,1,8,0,1293.833,39.833,0.5,0.667
"<a href=""https://tiktok.com/@gugdfu21"" target=""_blank"">@gugdfu21</a>",8,4,41,1,2,16,0,691.5,45.75,0.25,0.25
"<a href=""https://tiktok.com/@gujffy1"" target=""_blank"">@gujffy1</a>",8,6,46.829,0.964,4,38,0.003,1436.833,104.667,2.5,3.833
"<a href=""https://tiktok.com/@hdo.kn"" target=""_blank"">@hdo.kn</a>",14,5,45.75,1,1,8,0,10281.167,112.5,5,1.833
"<a href=""https://tiktok.com/@hfjftd"" target=""_blank"">@hfjftd</a>",15,6,36.875,1,1,8,0,868.667,25.667,0.833,2.5
"<a href=""https://tiktok.com/@hnmsk888"" target=""_blank"">@hnmsk888</a>",2,4,48.5,1,1,8,0,993,37.25,1.75,0.25
"<a href=""https://tiktok.com/@ifjch4"" target=""_blank"">@ifjch4</a>",14,4,64.25,1,1,8,0,1680,74,1.167,0.167
"<a href=""https://tiktok.com/@jckfjd.bff"" target=""_blank"">@jckfjd.bff</a>",14,4,46.417,1,3,24,0.004,86096.667,3561.667,17,26.833
"<a href=""https://tiktok.com/@jox.kj"" target=""_blank"">@jox.kj</a>",14,5,53,1,1,8,0,1168.167,57,0,0.333
"<a href=""https://tiktok.com/@laetitia.circle"" target=""_blank"">@laetitia.circle</a>",7,6,49.5,1,1,8,0,1284,38.333,0.167,0.167
"<a href=""https://tiktok.com/@okgsisnssx"" target=""_blank"">@okgsisnssx</a>",4,9,44.2,0.929,1,20,0,816.556,42.667,1.444,1.444
"<a href=""https://tiktok.com/@pploa999"" target=""_blank"">@pploa999</a>",2,4,48.5,1,1,8,0,764.5,6.25,0.25,0
"<a href=""https://tiktok.com/@rakib___592"" target=""_blank"">@rakib___592</a>",1,2,74.5,1,1,8,0,361,96.333,52.333,3.667
"<a href=""https://tiktok.com/@rodneycooke1218"" target=""_blank"">@rodneycooke1218</a>",12,6,58.5,0.833,1,8,0,637.667,37.833,0.5,0.167
"<a href=""https://tiktok.com/@srabonislam423"" target=""_blank"">@srabonislam423</a>",1,2,74.5,1,1,8,0,411.5,129,3.5,0
"<a href=""https://tiktok.com/@syedacherry0"" target=""_blank"">@syedacherry0</a>",14,6,51.1,0.833,1,10,0,1932,60.125,0.625,1.625
"<a href=""https://tiktok.com/@user4193808718143"" target=""_blank"">@user4193808718143</a>",3,3,67.167,1,2,18,0,338.667,1.667,0,0
"<a href=""https://tiktok.com/@user6938616753857"" target=""_blank"">@user6938616753857</a>",3,3,42.833,1,2,18,0,595.667,6.667,0,0.333
"<a href=""https://tiktok.com/@user81377850230994"" target=""_blank"">@user81377850230994</a>",3,3,61.333,1,2,18,0,357.333,4.333,0.333,0
"<a href=""https://tiktok.com/@user8431021130445"" target=""_blank"">@user8431021130445</a>",6,5,65.556,0.857,1,9,0,1462.444,50.444,1,0.333
"<a href=""https://tiktok.com/@user8632343249071"" target=""_blank"">@user8632343249071</a>",6,4,65.556,0.857,1,9,0,1704.833,64.5,1.667,0.167
"<a href=""https://tiktok.com/@user9775293028068"" target=""_blank"">@user9775293028068</a>",16,6,46.875,1,1,8,0,577.333,26.5,0.167,0.667
"<a href=""https://tiktok.com/@victorymovie"" target=""_blank"">@victorymovie</a>",12,5,58.5,0.833,1,8,0,402,25.2,0.6,0
"<a href=""https://tiktok.com/@vscgfx"" target=""_blank"">@vscgfx</a>",8,5,46.188,0.75,2,16,0,822.4,39.2,0.2,1.2
"<a href=""https://tiktok.com/@xin20241035"" target=""_blank"">@xin20241035</a>",5,9,54.861,0.92,2,33,0,1474.333,51.889,1.111,0.444
"<a href=""https://tiktok.com/@yxbiyg"" target=""_blank"">@yxbiyg</a>",14,6,50.05,0.917,2,18,0.007,2208,95.667,2,0.5
"<a href=""https://tiktok.com/@yydszdzqa"" target=""_blank"">@yydszdzqa</a>",5,8,54.893,0.917,2,28,0,1066.5,52.375,1.5,0.625
"<a href=""https://tiktok.com/@yyfdtwhtod"" target=""_blank"">@yyfdtwhtod</a>",4,9,44.2,0.929,1,20,0,1146.111,33.667,0.778,0.667
