"Network","Number of Accounts","Network Density","Network Diameter","Clustering Coefficient","Avg Views","Avg Likes","Avg Comments","Avg Shares","Member Accounts"
1,3,0.667,16,0,251.818,73.091,17.818,1.182,"rakib___592, ahmed_siam74, srabonislam423"
2,2,1,8,NA,878.75,21.75,1,0.125,"pploa999, hnmsk888"
3,3,1,9,1,430.556,4.222,0.111,0.111,"user4193808718143, user6938616753857, user81377850230994"
4,2,1,20,NA,981.333,38.167,1.111,1.056,"okgsisnssx, yyfdtwhtod"
5,3,1,19,1,1134.654,46.885,1.769,0.385,"gbooat, xin20241035, yydszdzqa"
6,2,1,9,NA,1559.4,56.067,1.267,0.267,"user8431021130445, user8632343249071"
7,2,1,8,NA,1106.545,35.273,0.455,0.727,"gavin.cunningham2, laetitia.circle"
8,6,0.667,24,0.692,1007.03,60.455,1,1.576,"ghcfgf01, aedh9, gujffy1, fbcchc4, gugdfu21, vscgfx"
9,4,0.833,18,0.75,936.042,56.042,1.25,0.917,"facgec, dcntdv, gkccdf, aed0963"
10,2,1,8,NA,870.818,57.182,1,0.545,"dgfddc24, asfdrasd.fgdtydfg"
11,2,1,9,NA,613.091,33.636,0.273,0,"abdfhvft, abdfujftonf"
12,2,1,8,NA,530.545,32.091,0.545,0.091,"rodneycooke1218, victorymovie"
13,2,1,9,NA,918.833,53.083,0.417,0.25,"barbaraprice1013, abdaziz5993"
14,10,0.244,42,0.261,12402.689,436.443,3.082,3.557,"syedacherry0, dhhtf74, aediubt, gisela.lipke, ifjch4, jox.kj, hdo.kn, abd.aziz1329, jckfjd.bff, yxbiyg"
15,2,1,8,NA,1081.25,32.75,0.667,1.583,"hfjftd, gnvhjb0"
16,3,0.667,16,0,5199.556,93.833,1.278,1.056,"fhyrgu, fecbgf, user9775293028068"
