"Account","Network","Unique Shares","Avg Time Between Shares (sec)","Edge Symmetry Score","Degree","Strength","Betweenness","Avg Views","Avg Likes","Avg Comments","Avg Shares"
"<a href=""https://tiktok.com/@aa593041"" target=""_blank"">@aa593041</a>",1,7,0,0.738,17,165,0,808.571,65.571,0.143,3.571
"<a href=""https://tiktok.com/@abd.aziz1329"" target=""_blank"">@abd.aziz1329</a>",26,9,0,1,1,9,0,2028.667,46.333,1.333,1
"<a href=""https://tiktok.com/@abd.aziz9083"" target=""_blank"">@abd.aziz9083</a>",14,6,0,0.917,31,354,0,365.333,9.833,0,1.833
"<a href=""https://tiktok.com/@adan.stockmank"" target=""_blank"">@adan.stockmank</a>",8,5,0,0.571,1,9,0,1112,64.8,1.4,2.2
"<a href=""https://tiktok.com/@aed6071"" target=""_blank"">@aed6071</a>",28,10,0,0.9,8,142,0,3208.5,68.7,0.6,0.8
"<a href=""https://tiktok.com/@aedfjdhdtddy"" target=""_blank"">@aedfjdhdtddy</a>",10,6,0,1,1,12,0,3093.333,203.667,3.167,12
"<a href=""https://tiktok.com/@aedhdjcocj"" target=""_blank"">@aedhdjcocj</a>",14,6,0,0.917,31,354,0,1304.333,17.167,0.167,0.167
"<a href=""https://tiktok.com/@aedigohdu"" target=""_blank"">@aedigohdu</a>",14,6,0,0.917,31,354,0,4105.833,63.333,0.833,5
"<a href=""https://tiktok.com/@aediubt"" target=""_blank"">@aediubt</a>",26,10,0,0.93,15,151,0,9977,187.8,3,2.9
"<a href=""https://tiktok.com/@aedjxpxodj"" target=""_blank"">@aedjxpxodj</a>",11,5,0,0.833,3,30,0,2155.8,91.4,2.2,1.8
"<a href=""https://tiktok.com/@aedmd5"" target=""_blank"">@aedmd5</a>",17,8,0,0.903,8,116,0,25440,633,4.125,11.75
"<a href=""https://tiktok.com/@aedvdkodhw"" target=""_blank"">@aedvdkodhw</a>",11,6,0,0.917,5,54,0,2830,231,3.5,5.833
"<a href=""https://tiktok.com/@aedyckctu"" target=""_blank"">@aedyckctu</a>",14,6,0,0.917,31,354,0,91679.833,1612.333,7.667,7.5
"<a href=""https://tiktok.com/@aiudugd"" target=""_blank"">@aiudugd</a>",9,5,0,0.917,16,159,0,970.4,39.6,0.4,0.6
"<a href=""https://tiktok.com/@amazinggirl_120"" target=""_blank"">@amazinggirl_120</a>",30,17,0,0.607,5,336,0,503.294,64.588,3.353,0.882
"<a href=""https://tiktok.com/@amzing_star0"" target=""_blank"">@amzing_star0</a>",5,11,0,0.792,6,107,0,2647.455,155.455,6.636,0.818
"<a href=""https://tiktok.com/@anaxagoras.harlen"" target=""_blank"">@anaxagoras.harlen</a>",14,6,0,0.917,31,354,0,2549.333,69.167,0.667,0.833
"<a href=""https://tiktok.com/@anderson.broudy"" target=""_blank"">@anderson.broudy</a>",9,8,0,0.865,31,380,0,777.875,52,0.25,0.125
"<a href=""https://tiktok.com/@andretracy0724"" target=""_blank"">@andretracy0724</a>",17,8,0,0.903,8,116,0,1478.25,42.5,0.625,0.25
"<a href=""https://tiktok.com/@b_baoma154"" target=""_blank"">@b_baoma154</a>",18,7,0,0.911,25,305,0,1556.857,34.286,0.143,0.857
"<a href=""https://tiktok.com/@b_jiaofu134"" target=""_blank"">@b_jiaofu134</a>",18,7,0,0.911,25,305,0,1861.857,50.857,0.714,0.714
"<a href=""https://tiktok.com/@b_vtost109"" target=""_blank"">@b_vtost109</a>",18,7,0,0.911,25,305,0,1995.857,59.143,0.286,0.429
"<a href=""https://tiktok.com/@baifamm13"" target=""_blank"">@baifamm13</a>",9,8,0,0.865,44,552,0,524.375,25,0.375,0.625
"<a href=""https://tiktok.com/@baomama125"" target=""_blank"">@baomama125</a>",18,7,0,0.911,25,305,0,1454.429,21.857,0,1.143
"<a href=""https://tiktok.com/@bartholomewnancybz1025"" target=""_blank"">@bartholomewnancybz1025</a>",22,5,0,0.833,4,40,0,2372.6,78.8,0.4,1.6
"<a href=""https://tiktok.com/@bdbdchhd"" target=""_blank"">@bdbdchhd</a>",1,9,0,0.667,28,336,0.001,16366,607.556,10.111,13.889
"<a href=""https://tiktok.com/@bdodhc"" target=""_blank"">@bdodhc</a>",9,8,0,0.917,4,46,0,1876,123.375,1.625,2.375
"<a href=""https://tiktok.com/@bdpd57"" target=""_blank"">@bdpd57</a>",11,5,0,0.917,4,39,0,1872.2,70.6,1.4,1.8
"<a href=""https://tiktok.com/@be.jkigv"" target=""_blank"">@be.jkigv</a>",23,6,0,0.917,10,118,0,1487.5,72.5,0.333,0.167
"<a href=""https://tiktok.com/@beacherarmstrong2005"" target=""_blank"">@beacherarmstrong2005</a>",17,7,0,0.854,7,94,0,4012.714,74.286,0.857,1.571
"<a href=""https://tiktok.com/@beaty_queen_22"" target=""_blank"">@beaty_queen_22</a>",5,15,0,0.9,5,98,0,356.067,65.267,10.2,2.867
"<a href=""https://tiktok.com/@bentiantian220"" target=""_blank"">@bentiantian220</a>",18,7,0,0.911,25,305,0,2693,65.143,0,0.714
"<a href=""https://tiktok.com/@bfffercajm"" target=""_blank"">@bfffercajm</a>",13,6,0,0.75,17,273,0,1730,68.167,0.667,0.833
"<a href=""https://tiktok.com/@bfihc"" target=""_blank"">@bfihc</a>",14,8,0,0.833,34,400,0,1857.625,67.125,0.25,0.25
"<a href=""https://tiktok.com/@bgqr.zopm"" target=""_blank"">@bgqr.zopm</a>",21,3,0,1,1,9,0,17172.667,250.333,2,147.333
"<a href=""https://tiktok.com/@bivydu"" target=""_blank"">@bivydu</a>",9,8,0,0.865,31,380,0,1077,49.375,0.875,2.625
"<a href=""https://tiktok.com/@biytff8bh8"" target=""_blank"">@biytff8bh8</a>",13,6,0,0.75,17,273,0,1743.5,121.5,0.833,0.167
"<a href=""https://tiktok.com/@bjv196"" target=""_blank"">@bjv196</a>",12,6,0,1,2,24,0,1613.333,71.5,1,0.333
"<a href=""https://tiktok.com/@bkkggff66"" target=""_blank"">@bkkggff66</a>",13,5,0,0.878,16,224,0,359.8,9.2,0,0.6
"<a href=""https://tiktok.com/@bmc12655"" target=""_blank"">@bmc12655</a>",3,9,0,0.93,11,181,0,2228.889,61.333,1,0.889
"<a href=""https://tiktok.com/@boyfchijvy65"" target=""_blank"">@boyfchijvy65</a>",13,5,0,0.878,16,224,0,1548.4,117,0.4,1
"<a href=""https://tiktok.com/@bruchy.pembertonk"" target=""_blank"">@bruchy.pembertonk</a>",8,5,0,0.833,1,10,0,1033.2,52.6,1.2,1.8
"<a href=""https://tiktok.com/@bsbseuo"" target=""_blank"">@bsbseuo</a>",19,6,0,0.917,19,216,0,171764.333,6634.667,40.667,75.333
"<a href=""https://tiktok.com/@burfexzrsw"" target=""_blank"">@burfexzrsw</a>",6,6,0,0.917,6,57,0,983.667,32,0.167,0.5
"<a href=""https://tiktok.com/@bzsittfcfy68"" target=""_blank"">@bzsittfcfy68</a>",13,6,0,0.75,17,273,0,1149.833,128.167,1,1.5
"<a href=""https://tiktok.com/@c_pegif193"" target=""_blank"">@c_pegif193</a>",18,7,0,0.911,25,305,0,12387.857,157.714,2.571,6.714
"<a href=""https://tiktok.com/@cagnhd"" target=""_blank"">@cagnhd</a>",19,5,0,0.917,18,176,0,2891.8,106.8,5.2,4
"<a href=""https://tiktok.com/@carlos.alberto.al886"" target=""_blank"">@carlos.alberto.al886</a>",8,5,0,0.714,5,45,0,3844.4,77.4,1.8,17
"<a href=""https://tiktok.com/@celedonio.mange"" target=""_blank"">@celedonio.mange</a>",25,8,0,1,1,12,0,1075.625,59.125,0,1.25
"<a href=""https://tiktok.com/@chantalkusch"" target=""_blank"">@chantalkusch</a>",23,6,0,0.917,10,118,0,1915.5,75.5,0.333,0.833
"<a href=""https://tiktok.com/@chcryd"" target=""_blank"">@chcryd</a>",28,8,0,0.86,8,114,0,2923.125,109.25,1,0.75
"<a href=""https://tiktok.com/@chhvtdy"" target=""_blank"">@chhvtdy</a>",23,6,0,0.917,10,118,0,1618.667,148.833,1,1
"<a href=""https://tiktok.com/@china_girl_526"" target=""_blank"">@china_girl_526</a>",5,25,0,0.877,7,180,0,497.769,67.885,4.731,3.615
"<a href=""https://tiktok.com/@chinuo.zhong"" target=""_blank"">@chinuo.zhong</a>",29,11,0,0.818,2,39,0,1884.818,87.182,1.455,0.727
"<a href=""https://tiktok.com/@chumijan120_"" target=""_blank"">@chumijan120_</a>",30,8,0,0.545,9,545,0,2,0,0,0
"<a href=""https://tiktok.com/@cirila.mccorkle"" target=""_blank"">@cirila.mccorkle</a>",14,6,0,0.917,31,354,0,2836.833,65.833,0.5,1.333
"<a href=""https://tiktok.com/@coco8880877"" target=""_blank"">@coco8880877</a>",6,5,0,0.917,6,57,0,1349.4,96.2,2,3.2
"<a href=""https://tiktok.com/@coicbf"" target=""_blank"">@coicbf</a>",14,5,0,0.917,27,266,0,554.4,28,0.2,0.2
"<a href=""https://tiktok.com/@crtyougo"" target=""_blank"">@crtyougo</a>",19,6,0,0.917,19,216,0,2096.667,124.833,0.667,0.333
"<a href=""https://tiktok.com/@ctskgzjv"" target=""_blank"">@ctskgzjv</a>",13,5,0,0.878,16,224,0,2073.6,118.8,2.4,2
"<a href=""https://tiktok.com/@cute_chumi_girl208"" target=""_blank"">@cute_chumi_girl208</a>",30,30,0,0.753,12,1659,0,102.633,15.733,1.467,0.033
"<a href=""https://tiktok.com/@cutedriver120"" target=""_blank"">@cutedriver120</a>",30,30,0,0.738,10,1656,0,395.2,49.833,3.933,0.4
"<a href=""https://tiktok.com/@cutegirlbabe2"" target=""_blank"">@cutegirlbabe2</a>",30,21,0,0.671,9,1377,0,1.095,0,0,0
"<a href=""https://tiktok.com/@cutequeen_driver120"" target=""_blank"">@cutequeen_driver120</a>",30,31,0,0.662,12,1912,0,1442.226,62.516,3.613,4.677
"<a href=""https://tiktok.com/@d_odbeu124"" target=""_blank"">@d_odbeu124</a>",18,7,0,0.911,25,305,0,720.286,15,0.143,0.143
"<a href=""https://tiktok.com/@daniklieber008"" target=""_blank"">@daniklieber008</a>",9,7,0,0.891,36,407,0.001,676.571,29.857,0.571,0.286
"<a href=""https://tiktok.com/@dayutoureddit"" target=""_blank"">@dayutoureddit</a>",9,8,0,0.865,44,552,0,2936.5,144.25,8.75,9.75
"<a href=""https://tiktok.com/@dd79124"" target=""_blank"">@dd79124</a>",1,6,0,1,7,69,0,663.167,24.5,0,1
"<a href=""https://tiktok.com/@der32946"" target=""_blank"">@der32946</a>",1,6,0,0.722,17,174,0,1416.5,55,1,1.5
"<a href=""https://tiktok.com/@desiderio.momogg"" target=""_blank"">@desiderio.momogg</a>",8,5,0,0.917,9,82,0,3572.6,59.2,0.2,0.8
"<a href=""https://tiktok.com/@dguy8654"" target=""_blank"">@dguy8654</a>",14,6,0,0.917,31,354,0,1172.5,67.167,0.333,0.333
"<a href=""https://tiktok.com/@dhhtf74"" target=""_blank"">@dhhtf74</a>",26,10,0,0.93,15,144,0,1754.7,63.4,0.6,1
"<a href=""https://tiktok.com/@dianaantoinette2000"" target=""_blank"">@dianaantoinette2000</a>",14,6,0,0.917,31,354,0,3385.667,178.667,2.333,16
"<a href=""https://tiktok.com/@dscgty"" target=""_blank"">@dscgty</a>",28,10,0,0.9,8,142,0,2817.2,87.8,1.4,0.5
"<a href=""https://tiktok.com/@dtkwod"" target=""_blank"">@dtkwod</a>",19,5,0,0.833,14,140,0,6609.4,109.4,3.6,5
"<a href=""https://tiktok.com/@dutiutx"" target=""_blank"">@dutiutx</a>",23,6,0,0.917,10,118,0,3011.333,87,2.333,0.667
"<a href=""https://tiktok.com/@elmacatharine2013"" target=""_blank"">@elmacatharine2013</a>",17,5,0,0.833,7,70,0,527.8,17.4,0.6,0.2
"<a href=""https://tiktok.com/@elvistrevelyan0204"" target=""_blank"">@elvistrevelyan0204</a>",22,6,0,0.917,4,46,0,1971.833,32.5,0.167,3.833
"<a href=""https://tiktok.com/@emmasullivan072"" target=""_blank"">@emmasullivan072</a>",14,5,0,0.67,5,49,0,73624.4,1163,4.6,9.8
"<a href=""https://tiktok.com/@emory.drawehj"" target=""_blank"">@emory.drawehj</a>",8,6,0,0.802,6,57,0.001,2167.833,109.667,0.833,0.167
"<a href=""https://tiktok.com/@estherwebb1225"" target=""_blank"">@estherwebb1225</a>",14,6,0,0.917,31,354,0,53408.5,1153.167,11.833,111.333
"<a href=""https://tiktok.com/@eternally36"" target=""_blank"">@eternally36</a>",9,8,0,0.865,44,552,0,1121.125,53.625,0.75,0.375
"<a href=""https://tiktok.com/@evdsfgg89"" target=""_blank"">@evdsfgg89</a>",13,6,0,0.75,17,273,0,2513.333,231.667,3.167,1
"<a href=""https://tiktok.com/@f_baomm324"" target=""_blank"">@f_baomm324</a>",18,7,0,0.911,25,305,0,1598.714,35,0,1
"<a href=""https://tiktok.com/@f_kebsu024"" target=""_blank"">@f_kebsu024</a>",18,7,0,0.911,25,305,0,1600.429,35,0.286,1.286
"<a href=""https://tiktok.com/@fauy8466"" target=""_blank"">@fauy8466</a>",14,6,0,0.917,31,354,0,2558,108.5,1.5,8.5
"<a href=""https://tiktok.com/@fdijc3"" target=""_blank"">@fdijc3</a>",3,8,0,0.849,11,160,0,2329.625,145.625,0.875,10
"<a href=""https://tiktok.com/@fecbgf"" target=""_blank"">@fecbgf</a>",28,8,0,0.875,8,118,0,11511.875,283.625,3.125,5.125
"<a href=""https://tiktok.com/@fengtiantian65"" target=""_blank"">@fengtiantian65</a>",18,6,0,0.869,24,258,0,2849.5,46,0.833,0.333
"<a href=""https://tiktok.com/@ferdinand0304"" target=""_blank"">@ferdinand0304</a>",17,8,0,0.903,8,116,0,1569,46.25,0.25,0.375
"<a href=""https://tiktok.com/@ferdinandbecky1982"" target=""_blank"">@ferdinandbecky1982</a>",22,6,0,0.917,4,46,0,5247.833,141,1.333,1.667
"<a href=""https://tiktok.com/@fgj1367"" target=""_blank"">@fgj1367</a>",6,6,0,0.917,8,84,0,1363,157,0.167,1.333
"<a href=""https://tiktok.com/@fhchf25"" target=""_blank"">@fhchf25</a>",9,8,0,0.903,23,268,0,1352.375,62.25,1.125,1.125
"<a href=""https://tiktok.com/@fhffy375"" target=""_blank"">@fhffy375</a>",29,10,0,0.855,2,38,0,17344.5,963.6,52.7,166.9
"<a href=""https://tiktok.com/@fhihc01"" target=""_blank"">@fhihc01</a>",8,4,0,0.8,1,10,0,1038.5,84,0.5,1.5
"<a href=""https://tiktok.com/@fhvdet"" target=""_blank"">@fhvdet</a>",28,9,0,0.93,8,131,0,3619.778,78.222,1.667,1.556
"<a href=""https://tiktok.com/@ficeuoo"" target=""_blank"">@ficeuoo</a>",12,6,0,1,2,24,0,1192.167,62,0.5,0.5
"<a href=""https://tiktok.com/@fichfj1"" target=""_blank"">@fichfj1</a>",9,8,0,0.865,44,552,0,1150.5,46.25,0.75,1.25
"<a href=""https://tiktok.com/@finishthemovie3"" target=""_blank"">@finishthemovie3</a>",14,6,0,0.917,31,354,0,70273.5,1773.167,11.167,2.5
"<a href=""https://tiktok.com/@fjgr86434"" target=""_blank"">@fjgr86434</a>",14,6,0,0.917,31,354,0,3553.667,231.833,1.5,2.167
"<a href=""https://tiktok.com/@fjgryg0"" target=""_blank"">@fjgryg0</a>",28,10,0,0.9,8,142,0,14291.8,357.4,4.5,6.6
"<a href=""https://tiktok.com/@fjv.go.j"" target=""_blank"">@fjv.go.j</a>",8,4,0,0.8,1,10,0,1864.75,68,1.25,6
"<a href=""https://tiktok.com/@fkgbm"" target=""_blank"">@fkgbm</a>",8,5,0,0.833,1,10,0,2159.2,83.8,1.2,2.8
"<a href=""https://tiktok.com/@fkshusjxb"" target=""_blank"">@fkshusjxb</a>",9,7,0,0.891,42,484,0.001,783.286,32.286,2.714,2
"<a href=""https://tiktok.com/@fody.noachp"" target=""_blank"">@fody.noachp</a>",8,5,0,0.849,7,67,0,33901.2,757,1.4,6.2
"<a href=""https://tiktok.com/@frdg25"" target=""_blank"">@frdg25</a>",9,7,0,0.891,39,445,0,1498.429,62.286,0.286,0.857
"<a href=""https://tiktok.com/@fuchc053"" target=""_blank"">@fuchc053</a>",14,8,0,0.833,34,400,0,16900,494.5,1.5,4.375
"<a href=""https://tiktok.com/@fuckh78"" target=""_blank"">@fuckh78</a>",9,8,0,1,6,72,0,1580.625,43.375,0.75,1
"<a href=""https://tiktok.com/@fughf21"" target=""_blank"">@fughf21</a>",3,10,0,0.894,11,200,0,1400.7,53.5,0.7,0.5
"<a href=""https://tiktok.com/@fycygygy"" target=""_blank"">@fycygygy</a>",8,5,0,0.917,5,47,0,1884,58.2,0.2,1.2
"<a href=""https://tiktok.com/@gavin.cunningham2"" target=""_blank"">@gavin.cunningham2</a>",14,6,0,0.917,5,58,0,2394.833,79,1.333,2.833
"<a href=""https://tiktok.com/@gckcj4"" target=""_blank"">@gckcj4</a>",14,7,0,0.856,34,390,0.001,11141.857,134.857,1.857,9.429
"<a href=""https://tiktok.com/@ggdthij"" target=""_blank"">@ggdthij</a>",1,6,0,0.917,10,156,0,1579.167,72.333,10.167,0.667
"<a href=""https://tiktok.com/@ggycyxr"" target=""_blank"">@ggycyxr</a>",9,7,0,0.891,26,283,0,702,47,0.429,3.429
"<a href=""https://tiktok.com/@gh225932"" target=""_blank"">@gh225932</a>",1,5,0,0.917,8,87,0,498.8,25,0.4,0.2
"<a href=""https://tiktok.com/@gisela.lipke"" target=""_blank"">@gisela.lipke</a>",26,9,0,0.944,10,90,0,3025.556,59.556,1.111,0.778
"<a href=""https://tiktok.com/@givtuv"" target=""_blank"">@givtuv</a>",29,8,0,0.764,2,33,0,3186.875,132.875,1.375,2.25
"<a href=""https://tiktok.com/@gjbgikh"" target=""_blank"">@gjbgikh</a>",22,6,0,0.917,4,46,0,1697,44.833,0.167,2
"<a href=""https://tiktok.com/@gjcfyc"" target=""_blank"">@gjcfyc</a>",22,6,0,0.917,4,46,0,3955.833,67.5,1.333,3.833
"<a href=""https://tiktok.com/@godv7302"" target=""_blank"">@godv7302</a>",14,8,0,0.833,34,400,0,454.625,15.375,0.25,0.125
"<a href=""https://tiktok.com/@grry77768"" target=""_blank"">@grry77768</a>",8,6,0,0.878,9,92,0.001,1169.833,40.333,0,0.167
"<a href=""https://tiktok.com/@gskpccbd"" target=""_blank"">@gskpccbd</a>",14,5,0,0.917,5,49,0,33174,207.8,5,6.8
"<a href=""https://tiktok.com/@guanyu1990"" target=""_blank"">@guanyu1990</a>",18,6,0,0.869,24,258,0,4257.333,124.333,1.5,1.167
"<a href=""https://tiktok.com/@guerin.ontiverok"" target=""_blank"">@guerin.ontiverok</a>",8,5,0,0.917,9,82,0,2479,67.8,0.4,0.6
"<a href=""https://tiktok.com/@gujgfvj7"" target=""_blank"">@gujgfvj7</a>",26,10,0,0.93,15,144,0,1267.5,60.5,0.5,0.5
"<a href=""https://tiktok.com/@gxicofj"" target=""_blank"">@gxicofj</a>",9,8,0,0.917,24,274,0,2498.875,109.875,0.75,1.5
"<a href=""https://tiktok.com/@h_kp82"" target=""_blank"">@h_kp82</a>",18,5,0,0.917,16,146,0,3472.4,69,0.6,0.4
"<a href=""https://tiktok.com/@h_lehdi127"" target=""_blank"">@h_lehdi127</a>",18,7,0,0.911,25,305,0,2215.286,28.429,0.143,4.429
"<a href=""https://tiktok.com/@haimchrislyn"" target=""_blank"">@haimchrislyn</a>",6,7,0,0.917,6,57,0,2911.5,151,1.875,7.5
"<a href=""https://tiktok.com/@hciiv26"" target=""_blank"">@hciiv26</a>",15,6,0,0.833,1,10,0,1684,48.167,0.5,1.333
"<a href=""https://tiktok.com/@hcodifb"" target=""_blank"">@hcodifb</a>",4,6,0,1,1,12,0,843,43,0.167,0
"<a href=""https://tiktok.com/@hcooxhsx"" target=""_blank"">@hcooxhsx</a>",9,6,0,1,6,72,0,1738.667,100.167,0.333,1.167
"<a href=""https://tiktok.com/@hdididh8"" target=""_blank"">@hdididh8</a>",23,6,0,0.917,10,118,0,2328.667,133.833,1.667,1.333
"<a href=""https://tiktok.com/@hdifhg5"" target=""_blank"">@hdifhg5</a>",3,10,0,0.894,11,200,0,3373.5,114.1,2.3,2.4
"<a href=""https://tiktok.com/@hdjixdj"" target=""_blank"">@hdjixdj</a>",9,6,0,1,2,24,0,1161,76.167,0.5,3.667
"<a href=""https://tiktok.com/@hdkcofh"" target=""_blank"">@hdkcofh</a>",23,6,0,0.917,10,118,0,3737.667,203.833,1.167,1.167
"<a href=""https://tiktok.com/@hdo.kn"" target=""_blank"">@hdo.kn</a>",26,10,0,0.93,15,144,0,1341.9,57.1,0.3,0.4
"<a href=""https://tiktok.com/@hdr86575"" target=""_blank"">@hdr86575</a>",14,6,0,0.917,31,354,0,1429.5,25.5,0.333,0
"<a href=""https://tiktok.com/@hdryxd"" target=""_blank"">@hdryxd</a>",19,5,0,0.917,18,176,0,3764.8,109.4,0.8,2.8
"<a href=""https://tiktok.com/@hffrr976575"" target=""_blank"">@hffrr976575</a>",14,5,0,0.917,24,239,0,2364.4,26.8,0.4,1.2
"<a href=""https://tiktok.com/@hfigi61"" target=""_blank"">@hfigi61</a>",26,10,0,0.93,15,151,0,15216.6,411.6,8.3,5.8
"<a href=""https://tiktok.com/@hh155702"" target=""_blank"">@hh155702</a>",1,7,0,0.738,17,165,0,776.286,79.857,2,1.571
"<a href=""https://tiktok.com/@hkrkdjnx9"" target=""_blank"">@hkrkdjnx9</a>",6,5,0,0.917,6,57,0,1966,107.6,1,1.2
"<a href=""https://tiktok.com/@hlffv"" target=""_blank"">@hlffv</a>",11,6,0,0.917,5,54,0,117440,8418.5,108.667,82.333
"<a href=""https://tiktok.com/@hshjrg8647"" target=""_blank"">@hshjrg8647</a>",14,5,0,0.917,24,239,0,1518,81.2,0.8,3
"<a href=""https://tiktok.com/@hsozhs6"" target=""_blank"">@hsozhs6</a>",4,6,0,1,1,12,0,1019.667,59.5,1.167,1
"<a href=""https://tiktok.com/@hsthsu5"" target=""_blank"">@hsthsu5</a>",25,8,0,0.917,3,34,0,1643.125,60.75,1,1.5
"<a href=""https://tiktok.com/@huiodjio"" target=""_blank"">@huiodjio</a>",19,6,0,0.917,19,216,0,1094.833,92.333,1.167,0.667
"<a href=""https://tiktok.com/@hutse.florom"" target=""_blank"">@hutse.florom</a>",8,5,0,0.849,7,67,0,2024.2,39,0.6,0.4
"<a href=""https://tiktok.com/@hvcnnh"" target=""_blank"">@hvcnnh</a>",17,8,0,0.903,8,116,0,3203.5,50.625,0.625,1
"<a href=""https://tiktok.com/@hxavnxh"" target=""_blank"">@hxavnxh</a>",19,6,0,0.917,19,216,0,1569.5,77.667,1,6.5
"<a href=""https://tiktok.com/@hzbdbrb737hdh"" target=""_blank"">@hzbdbrb737hdh</a>",13,4,0,0.733,16,182,0,638.25,30,0.25,0
"<a href=""https://tiktok.com/@ifjch4"" target=""_blank"">@ifjch4</a>",26,9,0,0.944,11,99,0,1968.3,96.9,0.5,0.5
"<a href=""https://tiktok.com/@ii73950"" target=""_blank"">@ii73950</a>",1,6,0,1,7,69,0,658.5,28.167,0.333,0.167
"<a href=""https://tiktok.com/@irdc042"" target=""_blank"">@irdc042</a>",3,10,0,0.894,11,200,0,2537.2,119.3,1,8.7
"<a href=""https://tiktok.com/@jacinta.almetrak"" target=""_blank"">@jacinta.almetrak</a>",8,6,0,0.802,6,57,0.001,1050.167,51.167,0.333,3
"<a href=""https://tiktok.com/@jamall.kaplank"" target=""_blank"">@jamall.kaplank</a>",8,6,0,0.878,9,92,0.001,4780.5,99.333,1.5,5
"<a href=""https://tiktok.com/@jdhxk85"" target=""_blank"">@jdhxk85</a>",26,10,0,0.944,11,99,0,3561.4,40.2,0.3,0.9
"<a href=""https://tiktok.com/@jdndndn814"" target=""_blank"">@jdndndn814</a>",13,6,0,0.75,17,273,0,2540.667,269.833,2,3
"<a href=""https://tiktok.com/@jdoxhbd"" target=""_blank"">@jdoxhbd</a>",25,6,0,0.917,2,22,0,2362.667,121.333,1.167,24.667
"<a href=""https://tiktok.com/@jdpdosj"" target=""_blank"">@jdpdosj</a>",23,6,0,0.917,10,118,0,766.833,30.5,0.167,0.333
"<a href=""https://tiktok.com/@jdpxorjf"" target=""_blank"">@jdpxorjf</a>",3,7,0,0.911,11,145,0,1644.429,73.429,0.714,1.857
"<a href=""https://tiktok.com/@jeiofifuhd"" target=""_blank"">@jeiofifuhd</a>",14,6,0,0.917,31,354,0,1221.5,65.167,0.667,1.667
"<a href=""https://tiktok.com/@jeyciop"" target=""_blank"">@jeyciop</a>",9,6,0,0.813,24,261,0,1040.333,28.667,0.667,2.5
"<a href=""https://tiktok.com/@jfdd653"" target=""_blank"">@jfdd653</a>",14,5,0,0.917,27,266,0,1474.2,66.2,0.2,1.2
"<a href=""https://tiktok.com/@jfhdcy"" target=""_blank"">@jfhdcy</a>",26,9,0,0.944,11,99,0,1428.1,55,0.5,0.4
"<a href=""https://tiktok.com/@jfkovj5"" target=""_blank"">@jfkovj5</a>",3,10,0,0.894,11,200,0,2526,96.5,1.1,2.6
"<a href=""https://tiktok.com/@jfufrehcdh"" target=""_blank"">@jfufrehcdh</a>",23,6,0,0.917,10,118,0,1293.833,85.333,0.833,1
"<a href=""https://tiktok.com/@jgdghg75464"" target=""_blank"">@jgdghg75464</a>",14,6,0,0.917,31,354,0,2363.333,102.5,1,1.667
"<a href=""https://tiktok.com/@jiletu.taniong"" target=""_blank"">@jiletu.taniong</a>",8,5,0,0.774,3,32,0,1385.4,56.4,0.2,3.6
"<a href=""https://tiktok.com/@jipupu184"" target=""_blank"">@jipupu184</a>",18,8,0,0.865,25,330,0,657,19.125,0.25,0.375
"<a href=""https://tiktok.com/@jkkdj"" target=""_blank"">@jkkdj</a>",8,7,0,0.736,22,232,0.009,2460.857,80.714,0.714,1.571
"<a href=""https://tiktok.com/@joannafitzgerald1111"" target=""_blank"">@joannafitzgerald1111</a>",28,8,0,0.86,8,115,0,3024,87.625,0.875,1.125
"<a href=""https://tiktok.com/@josephmacadam2022"" target=""_blank"">@josephmacadam2022</a>",17,6,0,0.917,8,92,0,25643.167,349.167,3.833,5.667
"<a href=""https://tiktok.com/@jox.kj"" target=""_blank"">@jox.kj</a>",26,9,0,0.95,10,94,0,1725.444,85.111,0.111,0.778
"<a href=""https://tiktok.com/@jtcytxyzey"" target=""_blank"">@jtcytxyzey</a>",23,5,0,0.833,10,100,0,1281.8,70.4,1,0.4
"<a href=""https://tiktok.com/@jubal_movie"" target=""_blank"">@jubal_movie</a>",9,8,0,0.865,31,380,0,865.5,33.75,4.25,2.375
"<a href=""https://tiktok.com/@juliosalazar229"" target=""_blank"">@juliosalazar229</a>",8,5,0,0.849,7,67,0,1978,74,1.4,5.8
"<a href=""https://tiktok.com/@k_bao1m114"" target=""_blank"">@k_bao1m114</a>",18,6,0,0.869,24,258,0,2609.333,59.667,0.667,1.833
"<a href=""https://tiktok.com/@kartik_girl120"" target=""_blank"">@kartik_girl120</a>",30,17,0,0.594,10,1009,0,6150.059,473.176,18.588,12.588
"<a href=""https://tiktok.com/@kenitra.angliaf"" target=""_blank"">@kenitra.angliaf</a>",8,5,0,0.817,3,30,0,6056.2,66.6,0.6,0.8
"<a href=""https://tiktok.com/@kfcn21"" target=""_blank"">@kfcn21</a>",26,10,0,0.93,15,144,0,1230.8,55.2,1,0.5
"<a href=""https://tiktok.com/@kili1173"" target=""_blank"">@kili1173</a>",1,7,0,0.738,17,165,0,533,32.286,0.143,0.143
"<a href=""https://tiktok.com/@kokokopi72"" target=""_blank"">@kokokopi72</a>",8,6,0,0.897,11,110,0,2227.667,79.667,0.667,1.167
"<a href=""https://tiktok.com/@kris.noproblem"" target=""_blank"">@kris.noproblem</a>",8,6,0,0.897,9,93,0,6516.5,72.167,2.5,2.333
"<a href=""https://tiktok.com/@krug011"" target=""_blank"">@krug011</a>",3,10,0,0.894,11,200,0,1067.3,73.4,0.2,1.3
"<a href=""https://tiktok.com/@ktsfyh"" target=""_blank"">@ktsfyh</a>",19,6,0,0.917,19,216,0,1122.833,66.333,1.667,0.667
"<a href=""https://tiktok.com/@kubri_pilot_3535"" target=""_blank"">@kubri_pilot_3535</a>",5,12,0,0.744,6,103,0,63333.083,7500.417,272.167,753.583
"<a href=""https://tiktok.com/@labon.marenm"" target=""_blank"">@labon.marenm</a>",8,6,0,0.897,8,86,0,3101.333,93.667,1.5,1.333
"<a href=""https://tiktok.com/@landscape5670"" target=""_blank"">@landscape5670</a>",19,6,0,0.917,19,216,0,4450,319.333,3.667,7.167
"<a href=""https://tiktok.com/@lewisaledk0117"" target=""_blank"">@lewisaledk0117</a>",17,8,0,0.903,8,116,0,2026.25,41.125,0.625,0.25
"<a href=""https://tiktok.com/@luisina.riihimaki"" target=""_blank"">@luisina.riihimaki</a>",23,6,0,0.917,10,118,0,490.333,21,0.667,0.5
"<a href=""https://tiktok.com/@m_bao3m360"" target=""_blank"">@m_bao3m360</a>",18,7,0,0.911,25,305,0,1149.286,23.286,0.143,0.143
"<a href=""https://tiktok.com/@mapleswishesvs"" target=""_blank"">@mapleswishesvs</a>",9,6,0,0.917,17,188,0,95334,4778.333,24.333,917.333
"<a href=""https://tiktok.com/@maria.manaiag"" target=""_blank"">@maria.manaiag</a>",8,6,0,0.897,9,93,0,1238.833,90.167,1.333,0.833
"<a href=""https://tiktok.com/@maryreynolds112"" target=""_blank"">@maryreynolds112</a>",10,6,0,1,1,12,0,1966.167,170.333,3,5.5
"<a href=""https://tiktok.com/@max6946782"" target=""_blank"">@max6946782</a>",1,5,0,1,8,86,0,1504.8,65.6,3.4,2.4
"<a href=""https://tiktok.com/@mcgkvx"" target=""_blank"">@mcgkvx</a>",27,6,0,1,2,24,0,16985.667,574.5,152.5,46.833
"<a href=""https://tiktok.com/@mdsdz2"" target=""_blank"">@mdsdz2</a>",1,9,0,0.667,28,336,0.001,28933.667,995.222,77.556,15.778
"<a href=""https://tiktok.com/@mkieiefff"" target=""_blank"">@mkieiefff</a>",8,6,0,0.8,1,10,0,2084,55.667,1.333,1.333
"<a href=""https://tiktok.com/@nataliechristiana2016"" target=""_blank"">@nataliechristiana2016</a>",17,8,0,0.903,8,116,0,25801.375,377.875,2.625,7.5
"<a href=""https://tiktok.com/@neidbeuh89"" target=""_blank"">@neidbeuh89</a>",13,6,0,0.75,17,273,0,1059.833,55.333,0.667,0.5
"<a href=""https://tiktok.com/@nendn4309"" target=""_blank"">@nendn4309</a>",14,8,0,0.833,34,400,0,15870.25,138.75,2.125,3.125
"<a href=""https://tiktok.com/@neuro048"" target=""_blank"">@neuro048</a>",6,5,0,0.917,4,39,0,1663.6,55.8,0.6,0.8
"<a href=""https://tiktok.com/@nguyen.huang8"" target=""_blank"">@nguyen.huang8</a>",8,7,0,0.851,14,150,0,1045,35,0.571,0.714
"<a href=""https://tiktok.com/@nh.phan.qong"" target=""_blank"">@nh.phan.qong</a>",9,6,0,0.917,23,258,0,18133.5,210,1.667,5.833
"<a href=""https://tiktok.com/@nigcghfxpjg"" target=""_blank"">@nigcghfxpjg</a>",13,6,0,0.75,17,273,0,14419,577.167,5.5,6.333
"<a href=""https://tiktok.com/@nihgvgt889"" target=""_blank"">@nihgvgt889</a>",13,6,0,0.75,17,273,0,2685.667,123.167,2.667,1.333
"<a href=""https://tiktok.com/@nlohggce39"" target=""_blank"">@nlohggce39</a>",13,6,0,0.75,17,273,0,830.667,31.5,0.833,0.5
"<a href=""https://tiktok.com/@noihggg66"" target=""_blank"">@noihggg66</a>",13,5,0,0.878,16,224,0,1826.8,100.8,2.4,0.6
"<a href=""https://tiktok.com/@nvao.ywjp"" target=""_blank"">@nvao.ywjp</a>",21,3,0,1,1,9,0,1401.667,52,1.333,2.333
"<a href=""https://tiktok.com/@pardesi_driver120"" target=""_blank"">@pardesi_driver120</a>",30,35,0,0.733,12,1792,0,4114.086,243.2,11,2.771
"<a href=""https://tiktok.com/@paro_driver120"" target=""_blank"">@paro_driver120</a>",30,18,0,0.766,9,1254,0,616.444,51.556,3.944,3.389
"<a href=""https://tiktok.com/@perel.dicktk"" target=""_blank"">@perel.dicktk</a>",8,7,0,0.851,14,150,0,3696.143,58.143,0.429,0.429
"<a href=""https://tiktok.com/@pleas.raphakk"" target=""_blank"">@pleas.raphakk</a>",8,7,0,0.851,14,150,0,3721.857,113.857,3.286,2.571
"<a href=""https://tiktok.com/@ponyffvy88"" target=""_blank"">@ponyffvy88</a>",13,6,0,0.75,17,273,0,1316.5,132.833,0.833,0.5
"<a href=""https://tiktok.com/@power7143"" target=""_blank"">@power7143</a>",1,6,0,0.595,9,81,0,1015.333,54.667,1.833,0.167
"<a href=""https://tiktok.com/@pp7263033"" target=""_blank"">@pp7263033</a>",1,6,0,0.722,17,174,0,748.167,17.167,0,0.167
"<a href=""https://tiktok.com/@privon14"" target=""_blank"">@privon14</a>",30,30,0,0.745,10,1878,0,2967.733,238.767,16.733,9.1
"<a href=""https://tiktok.com/@prkdnkrb58"" target=""_blank"">@prkdnkrb58</a>",13,5,0,0.878,16,220,0,1022.6,69.4,0,0.6
"<a href=""https://tiktok.com/@puayes55"" target=""_blank"">@puayes55</a>",9,7,0,0.891,39,445,0,528.714,41.571,0.714,0.571
"<a href=""https://tiktok.com/@qhophvgycf89"" target=""_blank"">@qhophvgycf89</a>",13,3,0,0.5,10,90,0,1323,71.667,0,0.667
"<a href=""https://tiktok.com/@qq07296"" target=""_blank"">@qq07296</a>",1,6,0,0.722,17,174,0,6170.833,105.167,1,2
"<a href=""https://tiktok.com/@qq78941"" target=""_blank"">@qq78941</a>",1,7,0,0.738,17,165,0,602.286,41.714,0.286,0.571
"<a href=""https://tiktok.com/@qq961895"" target=""_blank"">@qq961895</a>",1,5,0,1,8,86,0,3381.6,133.8,1,1.6
"<a href=""https://tiktok.com/@quincyshop08"" target=""_blank"">@quincyshop08</a>",23,6,0,0.917,10,118,0,13378,88.667,3.167,1
"<a href=""https://tiktok.com/@r_kerps136"" target=""_blank"">@r_kerps136</a>",18,7,0,0.911,25,305,0,1603.571,37.714,0,0.286
"<a href=""https://tiktok.com/@raymo.bricek"" target=""_blank"">@raymo.bricek</a>",8,6,0,0.897,8,86,0,6798,154.833,1.5,14.667
"<a href=""https://tiktok.com/@reddit_jubalforyou"" target=""_blank"">@reddit_jubalforyou</a>",9,5,0,0.917,25,244,0,301,0.8,0,0
"<a href=""https://tiktok.com/@risood6"" target=""_blank"">@risood6</a>",9,8,0,0.865,44,552,0,1636.375,94.25,3.625,2
"<a href=""https://tiktok.com/@rmcbk1"" target=""_blank"">@rmcbk1</a>",28,10,0,0.9,8,142,0,15032.2,643.4,10.6,8.8
"<a href=""https://tiktok.com/@rohingyao"" target=""_blank"">@rohingyao</a>",19,6,0,0.917,19,216,0,2218.833,102,1.833,0.5
"<a href=""https://tiktok.com/@ruchideacon"" target=""_blank"">@ruchideacon</a>",9,6,0,0.917,23,258,0,4367.833,237.167,4,9.333
"<a href=""https://tiktok.com/@rudolfezekiel2006"" target=""_blank"">@rudolfezekiel2006</a>",14,5,0,0.917,27,266,0,1221.8,32.2,0.6,0.2
"<a href=""https://tiktok.com/@ryllskayalife7"" target=""_blank"">@ryllskayalife7</a>",9,7,0,0.891,31,364,0,14620.429,61.286,0.714,1.714
"<a href=""https://tiktok.com/@ryllskayaqing"" target=""_blank"">@ryllskayaqing</a>",9,7,0,0.891,39,445,0,1648.286,56.857,9.143,8.143
"<a href=""https://tiktok.com/@ryllskayazeng"" target=""_blank"">@ryllskayazeng</a>",9,7,0,0.891,28,302,0,854.857,43.143,3.143,7.143
"<a href=""https://tiktok.com/@s_heise214"" target=""_blank"">@s_heise214</a>",18,7,0,0.911,25,305,0,2635.286,104.857,0.429,1
"<a href=""https://tiktok.com/@s_ostfo146"" target=""_blank"">@s_ostfo146</a>",18,7,0,0.911,25,305,0,34328.857,1179.714,9.857,9.857
"<a href=""https://tiktok.com/@sabanaminnaarishi"" target=""_blank"">@sabanaminnaarishi</a>",27,6,0,1,2,24,0,2796.5,39.667,0.833,0.333
"<a href=""https://tiktok.com/@samsilas1994"" target=""_blank"">@samsilas1994</a>",14,5,0,0.917,27,266,0,169246,5823.4,37.8,139.2
"<a href=""https://tiktok.com/@sandyjulia2021"" target=""_blank"">@sandyjulia2021</a>",9,8,0,0.917,34,394,0.001,2001.875,75.375,0.25,0.25
"<a href=""https://tiktok.com/@santiago.fernande323"" target=""_blank"">@santiago.fernande323</a>",8,7,0,0.851,14,150,0,9058,300.714,2.714,1.286
"<a href=""https://tiktok.com/@satarajoette"" target=""_blank"">@satarajoette</a>",9,8,0,0.917,34,394,0.001,2214.375,149.25,0.75,1.875
"<a href=""https://tiktok.com/@sayzxdt"" target=""_blank"">@sayzxdt</a>",9,7,0,0.891,42,484,0.001,1464.429,107.714,2.857,0.571
"<a href=""https://tiktok.com/@sdadset.sdfstsa.s"" target=""_blank"">@sdadset.sdfstsa.s</a>",27,6,0,1,2,24,0,5038.667,76.333,1.833,7
"<a href=""https://tiktok.com/@shdj1431"" target=""_blank"">@shdj1431</a>",11,5,0,0.917,4,39,0,17374,434.6,9.2,62.4
"<a href=""https://tiktok.com/@shotewg"" target=""_blank"">@shotewg</a>",19,6,0,0.917,19,216,0,3213,125,4.833,3
"<a href=""https://tiktok.com/@shuaiju126"" target=""_blank"">@shuaiju126</a>",18,6,0,0.869,24,258,0,1549.333,39.333,0.667,0.167
"<a href=""https://tiktok.com/@shvchjds"" target=""_blank"">@shvchjds</a>",19,6,0,0.917,19,216,0,3142.667,164.667,2.167,3.833
"<a href=""https://tiktok.com/@ssssddd45"" target=""_blank"">@ssssddd45</a>",9,6,0,0.917,14,139,0,28151.833,930.667,43.167,181.833
"<a href=""https://tiktok.com/@stebbinskulp"" target=""_blank"">@stebbinskulp</a>",8,6,0,0.817,10,100,0.003,981.667,61,0.5,2.167
"<a href=""https://tiktok.com/@steven.garrison13"" target=""_blank"">@steven.garrison13</a>",15,5,0,0.833,1,10,0,362127.2,10816.4,97.4,133
"<a href=""https://tiktok.com/@stien.lindag"" target=""_blank"">@stien.lindag</a>",8,4,0,0.8,1,10,0,2638.5,49.75,0,1
"<a href=""https://tiktok.com/@stoyouh"" target=""_blank"">@stoyouh</a>",19,5,0,0.917,18,176,0,3531,60.6,0.4,1.8
"<a href=""https://tiktok.com/@superaeroplane120_"" target=""_blank"">@superaeroplane120_</a>",30,7,0,0.531,9,567,0,6.571,2.143,1.429,2.286
"<a href=""https://tiktok.com/@sweet_driver120"" target=""_blank"">@sweet_driver120</a>",30,12,0,0.716,8,549,0,286.833,30.667,2.833,16
"<a href=""https://tiktok.com/@text.fc"" target=""_blank"">@text.fc</a>",19,6,0,0.917,19,216,0,4359,172.667,4.833,2.667
"<a href=""https://tiktok.com/@text778"" target=""_blank"">@text778</a>",19,5,0,0.917,18,176,0,40843.2,1873.4,82,84.2
"<a href=""https://tiktok.com/@tguu743"" target=""_blank"">@tguu743</a>",14,5,0,0.917,24,239,0,1292.8,45.4,0.2,0.2
"<a href=""https://tiktok.com/@thanh.dngp"" target=""_blank"">@thanh.dngp</a>",8,5,0,0.917,5,47,0,2373.6,64.4,0,0.6
"<a href=""https://tiktok.com/@thi.chanh.viet.do"" target=""_blank"">@thi.chanh.viet.do</a>",8,5,0,0.917,3,29,0,6470,101.2,0.4,2.2
"<a href=""https://tiktok.com/@thien.trangkh"" target=""_blank"">@thien.trangkh</a>",9,5,0,0.917,18,177,0,2691.2,72,0.6,1.8
"<a href=""https://tiktok.com/@thunhanhoang6"" target=""_blank"">@thunhanhoang6</a>",8,5,0,0.849,7,67,0,4650.8,118,0.4,0.8
"<a href=""https://tiktok.com/@thuusu7"" target=""_blank"">@thuusu7</a>",9,7,0,0.891,28,302,0,1245.429,51.714,0.143,0.571
"<a href=""https://tiktok.com/@tkkphuc.duy.phan"" target=""_blank"">@tkkphuc.duy.phan</a>",8,5,0,0.849,7,67,0,1019.6,39.8,0,0.6
"<a href=""https://tiktok.com/@tree59906"" target=""_blank"">@tree59906</a>",1,7,0,0.738,17,165,0,694,46.857,0.571,1
"<a href=""https://tiktok.com/@trigg.flormfu"" target=""_blank"">@trigg.flormfu</a>",8,6,0,0.817,11,110,0.003,1220,64.167,0.833,0.667
"<a href=""https://tiktok.com/@tyuioaak1"" target=""_blank"">@tyuioaak1</a>",19,6,0,0.917,19,216,0,2888,172.333,4.167,1
"<a href=""https://tiktok.com/@u_fo176"" target=""_blank"">@u_fo176</a>",18,6,0,0.869,24,258,0,5118.5,77.5,0.333,1.167
"<a href=""https://tiktok.com/@ubf084006c"" target=""_blank"">@ubf084006c</a>",26,10,0,0.93,15,151,0,9599.8,81,2.1,5.5
"<a href=""https://tiktok.com/@ubhutfrx"" target=""_blank"">@ubhutfrx</a>",3,7,0,0.911,11,145,0,23917.714,787.571,4.286,6.714
"<a href=""https://tiktok.com/@uftixru"" target=""_blank"">@uftixru</a>",25,5,0,0.833,2,20,0,17736,189.2,0.4,2
"<a href=""https://tiktok.com/@uhpdh"" target=""_blank"">@uhpdh</a>",3,9,0,0.93,11,181,0,2537.556,117.889,0.444,0.667
"<a href=""https://tiktok.com/@user10524814616111"" target=""_blank"">@user10524814616111</a>",20,3,0,1,3,27,0,559,1.667,0,0
"<a href=""https://tiktok.com/@user1203836358576"" target=""_blank"">@user1203836358576</a>",28,8,0,0.891,8,118,0,10997.75,169.625,3.75,2.125
"<a href=""https://tiktok.com/@user12381449787278"" target=""_blank"">@user12381449787278</a>",8,4,0,0.8,1,10,0,1017,47.25,0.25,0
"<a href=""https://tiktok.com/@user1269181139650"" target=""_blank"">@user1269181139650</a>",31,3,0,1,1,9,0,801.667,12.333,2.333,0
"<a href=""https://tiktok.com/@user1376847267306"" target=""_blank"">@user1376847267306</a>",6,6,0,0.917,8,84,0,131554.167,4365,37.167,47
"<a href=""https://tiktok.com/@user17056849301627"" target=""_blank"">@user17056849301627</a>",9,8,0,0.903,23,268,0,1146.75,62.125,0.125,1.375
"<a href=""https://tiktok.com/@user2061339825021"" target=""_blank"">@user2061339825021</a>",7,3,0,1,4,36,0,324,5.333,0,0
"<a href=""https://tiktok.com/@user2201058539802"" target=""_blank"">@user2201058539802</a>",11,6,0,0.917,5,54,0,2802.833,105.667,1.833,3.5
"<a href=""https://tiktok.com/@user2598815266619"" target=""_blank"">@user2598815266619</a>",1,7,0,0.738,17,165,0,722.143,64.286,0.286,1
"<a href=""https://tiktok.com/@user2750197497915"" target=""_blank"">@user2750197497915</a>",1,6,0,0.722,17,174,0,1017.5,18.167,0.333,1.167
"<a href=""https://tiktok.com/@user2808563020058"" target=""_blank"">@user2808563020058</a>",8,5,0,0.917,9,82,0,2665.6,131.2,2,10
"<a href=""https://tiktok.com/@user28745544356592"" target=""_blank"">@user28745544356592</a>",1,4,0,0.333,3,27,0,804,48.5,0.75,0.25
"<a href=""https://tiktok.com/@user30833385457474"" target=""_blank"">@user30833385457474</a>",20,3,0,1,3,27,0,14620,69,1.333,2
"<a href=""https://tiktok.com/@user32197034485364"" target=""_blank"">@user32197034485364</a>",20,3,0,1,3,27,0,366.333,1,0,0
"<a href=""https://tiktok.com/@user3360077055795"" target=""_blank"">@user3360077055795</a>",1,3,0,1,9,81,0.001,87509,3690.667,431,1050.667
"<a href=""https://tiktok.com/@user3561761255257"" target=""_blank"">@user3561761255257</a>",24,3,0,1,3,27,0,760.333,27.667,0,0.333
"<a href=""https://tiktok.com/@user3791461937343"" target=""_blank"">@user3791461937343</a>",9,7,0,0.891,25,273,0,377,8,4,0.714
"<a href=""https://tiktok.com/@user387820624354865"" target=""_blank"">@user387820624354865</a>",7,3,0,1,4,36,0,2784.667,11.333,0.333,0
"<a href=""https://tiktok.com/@user3933909636681"" target=""_blank"">@user3933909636681</a>",1,5,0,0.917,8,117,0,1184.8,116.4,2.2,0.2
"<a href=""https://tiktok.com/@user4117314227622"" target=""_blank"">@user4117314227622</a>",24,3,0,1,3,27,0,1311,37.667,0,0.667
"<a href=""https://tiktok.com/@user48854158811415"" target=""_blank"">@user48854158811415</a>",1,5,0,0.333,3,27,0,378.4,31.8,0.4,0.4
"<a href=""https://tiktok.com/@user49430429130181"" target=""_blank"">@user49430429130181</a>",24,3,0,1,3,27,0,209.667,2.667,0,0
"<a href=""https://tiktok.com/@user5108603911411"" target=""_blank"">@user5108603911411</a>",2,5,0,1,1,9,0,201.6,1.8,0,0
"<a href=""https://tiktok.com/@user51678731985597"" target=""_blank"">@user51678731985597</a>",9,10,0,0.917,25,286,0,11051.1,340.9,6.5,40.5
"<a href=""https://tiktok.com/@user5203530187060"" target=""_blank"">@user5203530187060</a>",14,5,0,0.917,24,239,0,1119.4,38.2,1.6,0.4
"<a href=""https://tiktok.com/@user5273018841191"" target=""_blank"">@user5273018841191</a>",2,5,0,1,1,9,0,316.6,14.4,0,1
"<a href=""https://tiktok.com/@user561258203609"" target=""_blank"">@user561258203609</a>",8,4,0,0.8,1,10,0,1876,47.5,0.25,0
"<a href=""https://tiktok.com/@user5626060056906"" target=""_blank"">@user5626060056906</a>",3,10,0,0.894,11,200,0,1687.7,93.1,1.4,1.4
"<a href=""https://tiktok.com/@user5981446244885"" target=""_blank"">@user5981446244885</a>",1,6,0,0.917,10,156,0,338.667,27.167,0.5,0
"<a href=""https://tiktok.com/@user6129488449035"" target=""_blank"">@user6129488449035</a>",1,6,0,0.75,17,173,0.001,2232.833,70.333,0.667,0
"<a href=""https://tiktok.com/@user6171047885852"" target=""_blank"">@user6171047885852</a>",9,8,0,0.865,44,552,0,782.25,31.25,0.625,0.25
"<a href=""https://tiktok.com/@user62212983630457"" target=""_blank"">@user62212983630457</a>",9,6,0,0.86,28,286,0,814.667,46,0.167,0.833
"<a href=""https://tiktok.com/@user68388172019040"" target=""_blank"">@user68388172019040</a>",1,4,0,0.333,3,27,0,568.5,41,0.25,0
"<a href=""https://tiktok.com/@user69035475415230"" target=""_blank"">@user69035475415230</a>",1,6,0,0.722,17,174,0,4012.167,54,3.833,6.5
"<a href=""https://tiktok.com/@user6922385284275"" target=""_blank"">@user6922385284275</a>",3,10,0,0.894,11,200,0,1755.6,78.8,1.1,1.6
"<a href=""https://tiktok.com/@user697760196199"" target=""_blank"">@user697760196199</a>",7,3,0,1,4,36,0,66,2,0,0.333
"<a href=""https://tiktok.com/@user69943662042413"" target=""_blank"">@user69943662042413</a>",9,7,0,0.903,17,179,0.001,1159.571,59.857,0.571,0.143
"<a href=""https://tiktok.com/@user7037103493086"" target=""_blank"">@user7037103493086</a>",8,7,0,0.917,8,73,0,6489.286,223.571,13.286,209.143
"<a href=""https://tiktok.com/@user7186533884340"" target=""_blank"">@user7186533884340</a>",6,5,0,0.917,4,39,0,2181.2,107.6,0.4,2
"<a href=""https://tiktok.com/@user7393165315679"" target=""_blank"">@user7393165315679</a>",26,10,0,0.93,15,144,0,514325.7,14140.7,74.5,220.2
"<a href=""https://tiktok.com/@user7491401466635"" target=""_blank"">@user7491401466635</a>",1,3,0,1,9,81,0.001,3769.667,97.333,5.333,35.333
"<a href=""https://tiktok.com/@user7516190319240"" target=""_blank"">@user7516190319240</a>",9,7,0,0.891,26,283,0,983.429,47.143,1.429,0.714
"<a href=""https://tiktok.com/@user769357200"" target=""_blank"">@user769357200</a>",12,6,0,1,2,24,0,2152.833,80.167,1.167,0.667
"<a href=""https://tiktok.com/@user7813792927012"" target=""_blank"">@user7813792927012</a>",9,8,0,0.917,34,394,0.001,142715.875,5006.875,25.25,25.5
"<a href=""https://tiktok.com/@user7930116680882"" target=""_blank"">@user7930116680882</a>",1,4,0,0.333,3,27,0,511,32.75,0,0
"<a href=""https://tiktok.com/@user81216778545341"" target=""_blank"">@user81216778545341</a>",1,5,0,0.917,10,135,0,1273.8,59.6,5,1.2
"<a href=""https://tiktok.com/@user83050540275304"" target=""_blank"">@user83050540275304</a>",1,6,0,0.917,10,156,0,1017.333,41.167,0.833,0
"<a href=""https://tiktok.com/@user8417178742541"" target=""_blank"">@user8417178742541</a>",16,3,0,1,1,9,0,270,7,0,0
"<a href=""https://tiktok.com/@user8574091342946"" target=""_blank"">@user8574091342946</a>",6,6,0,0.917,8,84,0,2056,69.167,1.5,0.5
"<a href=""https://tiktok.com/@user8662190461588"" target=""_blank"">@user8662190461588</a>",1,9,0,0.667,28,336,0.001,2499.556,102.111,2,0.333
"<a href=""https://tiktok.com/@user87652936140292"" target=""_blank"">@user87652936140292</a>",31,3,0,1,1,9,0,79.667,0,0,0
"<a href=""https://tiktok.com/@user8843781769878"" target=""_blank"">@user8843781769878</a>",24,3,0,1,3,27,0,378.333,8.333,0,0
"<a href=""https://tiktok.com/@user90221768842097"" target=""_blank"">@user90221768842097</a>",9,7,0,0.891,37,424,0.001,4503,189,2.857,0.857
"<a href=""https://tiktok.com/@user90301091494800"" target=""_blank"">@user90301091494800</a>",7,3,0,1,4,36,0,39.333,0,0,0
"<a href=""https://tiktok.com/@user9241237747453"" target=""_blank"">@user9241237747453</a>",26,9,0,0.944,10,90,0,1450.8,49.2,0.3,0.6
"<a href=""https://tiktok.com/@user9262051903981"" target=""_blank"">@user9262051903981</a>",9,8,0,0.891,42,502,0,1174,63.75,1.125,2.125
"<a href=""https://tiktok.com/@user93660217905902"" target=""_blank"">@user93660217905902</a>",20,3,0,1,3,27,0,268.333,0,0,0
"<a href=""https://tiktok.com/@user95685851853464"" target=""_blank"">@user95685851853464</a>",16,3,0,1,1,9,0,375.667,1.667,0,0
"<a href=""https://tiktok.com/@user9638712240929"" target=""_blank"">@user9638712240929</a>",9,6,0,1,6,72,0,3091,57.333,1.333,1.5
"<a href=""https://tiktok.com/@user9660772417487"" target=""_blank"">@user9660772417487</a>",26,10,0,0.93,15,151,0,1746,46.5,1,0.9
"<a href=""https://tiktok.com/@user9815883199826"" target=""_blank"">@user9815883199826</a>",1,5,0,0.333,3,27,0,451.4,58.8,0,0.8
"<a href=""https://tiktok.com/@user9887258595260"" target=""_blank"">@user9887258595260</a>",1,6,0,0.917,10,156,0,1068,57.333,1,0.167
"<a href=""https://tiktok.com/@username.1234615"" target=""_blank"">@username.1234615</a>",5,10,0,0.812,6,99,0,669.154,61.077,5.615,4.077
"<a href=""https://tiktok.com/@username.12365478"" target=""_blank"">@username.12365478</a>",5,8,0,0.873,6,94,0,1940.8,210.2,29.9,10.5
"<a href=""https://tiktok.com/@username.1545465"" target=""_blank"">@username.1545465</a>",5,14,0,0.837,7,128,0,687.125,99.25,5.188,1.438
"<a href=""https://tiktok.com/@username.64754675"" target=""_blank"">@username.64754675</a>",5,14,0,0.857,3,81,0,236.571,40.929,4.286,2.143
"<a href=""https://tiktok.com/@username6652655"" target=""_blank"">@username6652655</a>",30,18,0,0.589,5,348,0,194.111,28.833,2.278,0.111
"<a href=""https://tiktok.com/@usixidbd"" target=""_blank"">@usixidbd</a>",14,6,0,0.917,31,354,0,1026.5,41,1.667,1.5
"<a href=""https://tiktok.com/@vdudb33"" target=""_blank"">@vdudb33</a>",14,5,0,0.917,27,266,0,877.2,33.8,0.6,0
"<a href=""https://tiktok.com/@vicblack0504"" target=""_blank"">@vicblack0504</a>",14,6,0,0.917,31,354,0,2719.833,90,1.5,2
"<a href=""https://tiktok.com/@weck01"" target=""_blank"">@weck01</a>",19,6,0,0.917,19,216,0,3775.833,134.5,3.5,2.167
"<a href=""https://tiktok.com/@whitf.jaromy"" target=""_blank"">@whitf.jaromy</a>",8,5,0,0.917,3,29,0,2866.6,79.2,0.4,3.4
"<a href=""https://tiktok.com/@whvsghvs"" target=""_blank"">@whvsghvs</a>",7,3,0,1,4,36,0,2055,18,0,0
"<a href=""https://tiktok.com/@wilks.chasen"" target=""_blank"">@wilks.chasen</a>",14,6,0,0.917,31,354,0,1696.667,69.667,0.167,1
"<a href=""https://tiktok.com/@windi.suzang"" target=""_blank"">@windi.suzang</a>",8,7,0,0.851,14,150,0,3758.143,105.429,1.286,5.429
"<a href=""https://tiktok.com/@xiahoudun152"" target=""_blank"">@xiahoudun152</a>",18,6,0,0.869,24,258,0,1869.167,43.833,0.333,0.333
"<a href=""https://tiktok.com/@xiaomisu130"" target=""_blank"">@xiaomisu130</a>",18,8,0,0.865,25,330,0,1548.625,38.5,0.875,5.25
"<a href=""https://tiktok.com/@xiaphuangya47"" target=""_blank"">@xiaphuangya47</a>",9,8,0,0.865,44,552,0,922,75.625,0.5,1
"<a href=""https://tiktok.com/@xxii911"" target=""_blank"">@xxii911</a>",19,6,0,0.917,19,216,0,958.333,57.333,0.667,0.667
"<a href=""https://tiktok.com/@xyzpioamm"" target=""_blank"">@xyzpioamm</a>",9,7,0,0.891,37,424,0.001,3021.143,105,1.286,4.857
"<a href=""https://tiktok.com/@y_lebei321"" target=""_blank"">@y_lebei321</a>",18,6,0,0.869,24,258,0,1662.167,49.667,1,0.833
"<a href=""https://tiktok.com/@yazmin_movie"" target=""_blank"">@yazmin_movie</a>",9,10,0,0.903,24,280,0,2686.9,84.1,1.6,2
"<a href=""https://tiktok.com/@yemeigui236"" target=""_blank"">@yemeigui236</a>",18,6,0,0.869,24,258,0,4403.5,129.167,4.5,17.667
"<a href=""https://tiktok.com/@yesyes7784"" target=""_blank"">@yesyes7784</a>",9,8,0,0.865,44,552,0,1186.125,89,0.25,3.625
"<a href=""https://tiktok.com/@yfidifh"" target=""_blank"">@yfidifh</a>",9,8,0,0.917,34,394,0.001,2195.125,61.625,1.375,2.5
"<a href=""https://tiktok.com/@ykht6376ew"" target=""_blank"">@ykht6376ew</a>",13,5,0,0.878,16,220,0,810.6,101.8,1.2,0.6
"<a href=""https://tiktok.com/@you55668"" target=""_blank"">@you55668</a>",19,5,0,0.917,18,176,0,4064.6,141,1.8,0.4
"<a href=""https://tiktok.com/@yourstoryttt"" target=""_blank"">@yourstoryttt</a>",19,6,0,0.917,19,216,0,21414.5,309,12.333,3.833
"<a href=""https://tiktok.com/@yunshuchuan131"" target=""_blank"">@yunshuchuan131</a>",18,6,0,0.869,24,258,0,5993.5,145.167,9,28.167
"<a href=""https://tiktok.com/@yxbiyg"" target=""_blank"">@yxbiyg</a>",26,10,0,0.93,15,144,0,10671.9,295.5,3.1,5.9
