"Network","Number of Accounts","Network Density","Network Diameter","Clustering Coefficient","Avg Views","Avg Likes","Avg Comments","Avg Shares","Member Accounts"
1,34,0.38,38,0.691,4577.57,178.585,11.675,18.495,"user6129488449035, der32946, max6946782, gh225932, qq07296, user2750197497915, pp7263033, qq961895, qq78941, user69035475415230, user68388172019040, hh155702, user2598815266619, kili1173, user28745544356592, aa593041, power7143, user7930116680882, user48854158811415, ii73950, tree59906, mdsdz2, bdbdchhd, user8662190461588, dd79124, user81216778545341, user9815883199826, user5981446244885, user3933909636681, ggdthij, user83050540275304, user7491401466635, user3360077055795, user9887258595260"
2,2,1,9,0,259.1,8.1,0,0.5,"user5108603911411, user5273018841191"
3,12,1,20,1,3490.455,137.2,1.209,3.082,"fughf21, krug011, irdc042, user5626060056906, uhpdh, hdifhg5, bmc12655, jfkovj5, jdpxorjf, ubhutfrx, fdijc3, user6922385284275"
4,2,1,12,0,931.333,51.25,0.667,0.5,"hcodifb, hsozhs6"
5,8,0.821,37,0.861,7263.376,850.564,35.299,80.342,"amzing_star0, username.1234615, beaty_queen_22, china_girl_526, kubri_pilot_3535, username.12365478, username.1545465, username.64754675"
6,9,0.778,20,0.846,16823.731,591.981,5.173,7.538,"user1376847267306, user8574091342946, hkrkdjnx9, neuro048, user7186533884340, fgj1367, haimchrislyn, burfexzrsw, coco8880877"
7,5,1,9,1,1053.8,7.333,0.067,0.067,"user2061339825021, user697760196199, user90301091494800, whvsghvs, user387820624354865"
8,42,0.171,49,0.68,3691.515,101.264,1.346,9.017,"mkieiefff, user12381449787278, user561258203609, fkgbm, stebbinskulp, maria.manaiag, trigg.flormfu, bruchy.pembertonk, fhihc01, guerin.ontiverok, santiago.fernande323, user7037103493086, perel.dicktk, kokokopi72, juliosalazar229, user2808563020058, kris.noproblem, pleas.raphakk, carlos.alberto.al886, desiderio.momogg, nguyen.huang8, jacinta.almetrak, adan.stockmank, emory.drawehj, fjv.go.j, jiletu.taniong, thunhanhoang6, tkkphuc.duy.phan, hutse.florom, jkkdj, fody.noachp, labon.marenm, stien.lindag, raymo.bricek, thanh.dngp, fycygygy, thi.chanh.viet.do, kenitra.angliaf, grry77768, whitf.jaromy, jamall.kaplank, windi.suzang"
9,50,0.59,44,0.795,7437.956,281.26,3.293,21.873,"ssssddd45, aiudugd, eternally36, jubal_movie, user6171047885852, xiaphuangya47, fkshusjxb, user9262051903981, puayes55, user62212983630457, anderson.broudy, ggycyxr, baifamm13, daniklieber008, user7516190319240, ryllskayaqing, ryllskayalife7, reddit_jubalforyou, ryllskayazeng, user3791461937343, bivydu, dayutoureddit, user90221768842097, thuusu7, xyzpioamm, jeyciop, sayzxdt, frdg25, risood6, yesyes7784, thien.trangkh, ruchideacon, nh.phan.qong, gxicofj, user69943662042413, hdjixdj, fichfj1, yazmin_movie, sandyjulia2021, user7813792927012, satarajoette, yfidifh, user51678731985597, fhchf25, user17056849301627, user9638712240929, hcooxhsx, mapleswishesvs, bdodhc, fuckh78"
10,2,1,12,0,2529.75,187,3.083,8.75,"maryreynolds112, aedfjdhdtddy"
11,6,0.867,20,0.867,25619.606,1682.242,22.667,26.667,"hlffv, bdpd57, aedjxpxodj, aedvdkodhw, shdj1431, user2201058539802"
12,3,1,12,1,1652.778,71.222,0.889,0.5,"user769357200, ficeuoo, bjv196"
13,18,0.954,24,0.969,2316.134,137.691,1.464,1.268,"ctskgzjv, nihgvgt889, nlohggce39, boyfchijvy65, bkkggff66, bfffercajm, bzsittfcfy68, neidbeuh89, ponyffvy88, jdndndn814, prkdnkrb58, evdsfgg89, biytff8bh8, nigcghfxpjg, noihggg66, qhophvgycf89, hzbdbrb737hdh, ykht6376ew"
14,35,0.818,22,0.931,15823.361,381.433,2.774,9.37,"emmasullivan072, gavin.cunningham2, dguy8654, vdudb33, tguu743, user5203530187060, jgdghg75464, fjgr86434, aedigohdu, nendn4309, fuchc053, bfihc, usixidbd, gckcj4, godv7302, cirila.mccorkle, aedyckctu, coicbf, jeiofifuhd, abd.aziz9083, anaxagoras.harlen, aedhdjcocj, dianaantoinette2000, samsilas1994, rudolfezekiel2006, wilks.chasen, vicblack0504, estherwebb1225, finishthemovie3, jfdd653, hffrr976575, hshjrg8647, hdr86575, fauy8466, gskpccbd"
15,2,1,10,0,165521.818,4942.818,44.545,61.182,"hciiv26, steven.garrison13"
16,2,1,9,0,322.833,4.333,0,0,"user8417178742541, user95685851853464"
17,9,0.972,20,0.971,10011.121,185.348,1.561,3.258,"elmacatharine2013, aedmd5, josephmacadam2022, beacherarmstrong2005, lewisaledk0117, ferdinand0304, andretracy0724, nataliechristiana2016, hvcnnh"
18,26,0.972,20,0.981,3997.064,104.22,1.318,3.225,"bentiantian220, m_bao3m360, f_baomm324, b_jiaofu134, c_pegif193, s_heise214, r_kerps136, jipupu184, baomama125, h_lehdi127, f_kebsu024, d_odbeu124, b_baoma154, s_ostfo146, b_vtost109, xiaomisu130, u_fo176, guanyu1990, y_lebei321, xiahoudun152, k_bao1m114, yemeigui236, shuaiju126, fengtiantian65, h_kp82, yunshuchuan131"
19,20,0.974,20,0.978,14499.421,555.43,8.491,10.009,"tyuioaak1, ktsfyh, crtyougo, huiodjio, rohingyao, xxii911, hdryxd, stoyouh, weck01, landscape5670, hxavnxh, text.fc, dtkwod, bsbseuo, you55668, shotewg, cagnhd, text778, shvchjds, yourstoryttt"
20,4,1,9,1,3953.417,17.917,0.333,0.5,"user10524814616111, user32197034485364, user93660217905902, user30833385457474"
21,2,1,9,0,9287.167,151.167,1.667,74.833,"nvao.ywjp, bgqr.zopm"
22,5,1,12,1,3072.345,72.724,0.69,2.621,"elvistrevelyan0204, gjbgikh, ferdinandbecky1982, bartholomewnancybz1025, gjcfyc"
23,11,1,12,1,2870.446,92.831,1.154,0.769,"be.jkigv, jtcytxyzey, chantalkusch, dutiutx, luisina.riihimaki, jdpdosj, hdkcofh, jfufrehcdh, hdididh8, chhvtdy, quincyshop08"
24,4,1,9,1,664.833,19.083,0,0.25,"user4117314227622, user49430429130181, user3561761255257, user8843781769878"
25,4,0.667,24,0.6,4615.037,97.519,0.63,6.667,"hsthsu5, jdoxhbd, celedonio.mange, uftixru"
26,17,0.787,27,0.889,34828.874,946.856,5.886,14.868,"hdo.kn, gujgfvj7, jfhdcy, aediubt, dhhtf74, user7393165315679, jdhxk85, gisela.lipke, jox.kj, kfcn21, ifjch4, ubf084006c, hfigi61, user9660772417487, abd.aziz1329, user9241237747453, yxbiyg"
27,3,1,12,1,8273.611,230.167,51.722,18.056,"sabanaminnaarishi, mcgkvx, sdadset.sdfstsa.s"
28,9,1,20,1,7576.901,215.778,3.16,3.136,"aed6071, fjgryg0, fhvdet, dscgty, chcryd, joannafitzgerald1111, rmcbk1, fecbgf, user1203836358576"
29,3,1,22,1,7574.931,402,19.103,58.448,"fhffy375, chinuo.zhong, givtuv"
30,13,0.769,161,0.863,1547.055,111.504,6.168,3.752,"cute_chumi_girl208, cutedriver120, kartik_girl120, pardesi_driver120, cutequeen_driver120, privon14, cutegirlbabe2, chumijan120_, paro_driver120, amazinggirl_120, sweet_driver120, superaeroplane120_, username6652655"
31,2,1,9,0,440.667,6.167,1.167,0,"user1269181139650, user87652936140292"
