"Network","Number of Accounts","Network Density","Network Diameter","Clustering Coefficient","Avg Views","Avg Likes","Avg Comments","Avg Shares","Member Accounts"
1,21,0.095,28,0,99.051,41.687,0.909,1.116,"mdafzalurfabdullah, ikgyeheuehe, user139373094036, gorib3653, sanowarha31, amitomarmoharani2580, nishatnishu382720, gg69453, rakibul_hasan2000, user5522633113362, md.hossain9259, ftreo2537526667070, user418610928816, mdmelon1290, rony.islam4782, md_mahafuz, user5699597151255, islam.care73, user4850988010880, user24794819953680, user8400896243518"
2,3,0.667,8,0,96.632,45.684,2.579,0.684,"lx.jihad7004, md.sohel.rana4156, sadikur3142"
3,2,1,4,NA,191.867,91.6,2.533,2.667,"angel.fatema.akter, md.maru9749"
4,4,0.5,9,0,71.061,32.727,1.667,0.455,"shohidul8060, rokiya.1234, moynul260, user744401470"
5,2,1,3,NA,169.625,75,2.25,0.5,"mohammadshahallam, sk.saikat.77"
6,2,1,3,NA,31.111,12.074,10.259,8.611,"asifur__rahman__shawon_7, m.d._s.h.a.w.o.n_7"
