"Account","Network","Unique Shares","Avg Time Between Shares (sec)","Edge Symmetry Score","Degree","Strength","Betweenness","Avg Views","Avg Likes","Avg Comments","Avg Shares"
"<a href=""https://tiktok.com/@.hdghf2"" target=""_blank"">@.hdghf2</a>",70,6,74.125,1,2,16,0,749.75,49,0.875,1.125
"<a href=""https://tiktok.com/@.ncsd"" target=""_blank"">@.ncsd</a>",65,3,49,1,1,7,0,4307.333,170.333,0.333,0.667
"<a href=""https://tiktok.com/@344qus7"" target=""_blank"">@344qus7</a>",32,3,52,0.8,1,7,0,19448.667,85.667,26.667,1.333
"<a href=""https://tiktok.com/@5ueqtpnac"" target=""_blank"">@5ueqtpnac</a>",28,3,66.857,1,1,7,0,1255.5,103.167,0.833,0.5
"<a href=""https://tiktok.com/@abewilliamson"" target=""_blank"">@abewilliamson</a>",41,7,84.433,0.875,3,33,0,428.375,13,0.875,0.5
"<a href=""https://tiktok.com/@absvajpz"" target=""_blank"">@absvajpz</a>",97,7,40.143,1,2,14,0,1775.714,290.857,15,24.857
"<a href=""https://tiktok.com/@aed0267"" target=""_blank"">@aed0267</a>",16,6,68,0.833,1,7,0,1607.833,131.167,1.167,1.167
"<a href=""https://tiktok.com/@aed0963"" target=""_blank"">@aed0963</a>",46,5,47.143,1,1,7,0,1532.833,131.333,1.5,1
"<a href=""https://tiktok.com/@aed2750"" target=""_blank"">@aed2750</a>",16,8,54.311,0.885,6,67,0,1493.625,103.875,0.25,1.375
"<a href=""https://tiktok.com/@aedditre"" target=""_blank"">@aedditre</a>",82,8,22.286,0.833,1,7,0,1245.125,80.625,0.5,0.625
"<a href=""https://tiktok.com/@aeddjgjdks4732"" target=""_blank"">@aeddjgjdks4732</a>",122,5,48.75,1,1,8,0,2250,96,4.2,13.2
"<a href=""https://tiktok.com/@aedhdici"" target=""_blank"">@aedhdici</a>",1,4,54.25,1,1,8,0,820.5,48.25,1,0
"<a href=""https://tiktok.com/@aedhjgh8447"" target=""_blank"">@aedhjgh8447</a>",121,6,49.1,0.857,1,10,0,2847.5,91.667,9.333,4
"<a href=""https://tiktok.com/@aedrc4"" target=""_blank"">@aedrc4</a>",46,7,47.143,1,1,7,0,30645,1265.222,24.111,12.889
"<a href=""https://tiktok.com/@airplandriver120"" target=""_blank"">@airplandriver120</a>",18,13,96.862,0.675,2,18,0,2891.917,164.944,12.806,4.222
"<a href=""https://tiktok.com/@alysha.lesiak"" target=""_blank"">@alysha.lesiak</a>",25,5,53.556,1,1,9,0,932,48.8,0.6,0.2
"<a href=""https://tiktok.com/@amazing_girl_101"" target=""_blank"">@amazing_girl_101</a>",123,10,87.12,0.637,2,29,0,67.65,10.7,1.85,0.3
"<a href=""https://tiktok.com/@amazing_seeet120"" target=""_blank"">@amazing_seeet120</a>",18,3,97.6,0.6,1,10,0,840,38.75,12,1.25
"<a href=""https://tiktok.com/@amkgvx"" target=""_blank"">@amkgvx</a>",27,7,63.084,0.9,2,18,0,804.917,21.667,0.917,0
"<a href=""https://tiktok.com/@anthonyhkm489"" target=""_blank"">@anthonyhkm489</a>",122,5,50,1,2,16,0,1260.6,38.6,0.2,6
"<a href=""https://tiktok.com/@arlenswinburne0317"" target=""_blank"">@arlenswinburne0317</a>",122,5,51.25,1,1,8,0,2850.833,119.167,5.333,8.5
"<a href=""https://tiktok.com/@avafind2"" target=""_blank"">@avafind2</a>",47,8,25.889,0.889,1,9,0,554.067,1,0,0.067
"<a href=""https://tiktok.com/@bagge.hazelk"" target=""_blank"">@bagge.hazelk</a>",4,7,62.688,0.833,2,15,0,1029,66.222,0.889,0.333
"<a href=""https://tiktok.com/@baifamm13"" target=""_blank"">@baifamm13</a>",83,8,49.508,0.952,3,23,0,879.625,61.75,0.625,0.375
"<a href=""https://tiktok.com/@baommmm85"" target=""_blank"">@baommmm85</a>",106,3,38.111,1,1,9,0,1637,101.333,6.667,30
"<a href=""https://tiktok.com/@bbbmm480"" target=""_blank"">@bbbmm480</a>",57,6,61.944,0.803,5,40,0,9631.667,336.5,2.167,4.167
"<a href=""https://tiktok.com/@bdzgjk"" target=""_blank"">@bdzgjk</a>",129,7,19,1,1,8,0,3303.125,40.625,0.625,0.75
"<a href=""https://tiktok.com/@beautifulseen30"" target=""_blank"">@beautifulseen30</a>",45,4,49.143,0.8,1,7,0,138.364,28.545,1.909,0
"<a href=""https://tiktok.com/@bfscgh"" target=""_blank"">@bfscgh</a>",98,6,60.818,1,2,19,0,1028.833,138.667,0.667,0.5
"<a href=""https://tiktok.com/@bhbtv103"" target=""_blank"">@bhbtv103</a>",69,8,64.193,1,2,17,0,5640.5,90.75,0.625,0.875
"<a href=""https://tiktok.com/@bibaom318"" target=""_blank"">@bibaom318</a>",75,4,45,1,1,7,0,620.25,45.5,0,0.25
"<a href=""https://tiktok.com/@bibilovebinbin"" target=""_blank"">@bibilovebinbin</a>",42,3,43.69,0.933,3,26,0,629,6,0,0
"<a href=""https://tiktok.com/@bifhtfj"" target=""_blank"">@bifhtfj</a>",54,3,42.864,1,5,43,0,118,0,0,0.667
"<a href=""https://tiktok.com/@bjhh8031"" target=""_blank"">@bjhh8031</a>",93,3,6.667,0.8,1,9,0,263.667,2,0,0
"<a href=""https://tiktok.com/@bjseoyopnbx"" target=""_blank"">@bjseoyopnbx</a>",119,5,34.214,0.8,2,14,0,66382,5619.8,121,1862.4
"<a href=""https://tiktok.com/@bjspsp"" target=""_blank"">@bjspsp</a>",38,7,67.429,1,1,7,0,17957.625,498.75,10.375,18.125
"<a href=""https://tiktok.com/@bowro.jpp"" target=""_blank"">@bowro.jpp</a>",7,6,47,1,1,9,0,7781.7,222.5,2.1,4.9
"<a href=""https://tiktok.com/@bpotdxeuh00"" target=""_blank"">@bpotdxeuh00</a>",103,10,44.25,1,1,8,0,1528.1,163,2.7,5.3
"<a href=""https://tiktok.com/@brese.hillah"" target=""_blank"">@brese.hillah</a>",5,4,61.893,1,2,15,0,1946.75,115,0,0.25
"<a href=""https://tiktok.com/@bvoo3130"" target=""_blank"">@bvoo3130</a>",110,9,58.52,0.972,4,66,0,2105.583,94.5,1.083,0.417
"<a href=""https://tiktok.com/@cagnhd"" target=""_blank"">@cagnhd</a>",10,7,76.2,0.778,1,10,0,2415.333,129,3.333,0.222
"<a href=""https://tiktok.com/@charlene.gilbert31"" target=""_blank"">@charlene.gilbert31</a>",26,5,85,1,1,8,0,1285.833,68.5,0.667,0.333
"<a href=""https://tiktok.com/@chdd62"" target=""_blank"">@chdd62</a>",113,9,66.848,0.859,3,37,0,1149,115.538,2.923,5.846
"<a href=""https://tiktok.com/@chenhencunzai"" target=""_blank"">@chenhencunzai</a>",41,9,74.473,0.917,3,33,0,611.222,19.667,1.444,3.889
"<a href=""https://tiktok.com/@chhdg32"" target=""_blank"">@chhdg32</a>",113,8,31.419,0.689,3,25,0,1391.091,68.818,0.909,0.182
"<a href=""https://tiktok.com/@chhfd09"" target=""_blank"">@chhfd09</a>",66,3,70.357,0.8,2,14,0,4451,125,5.667,12
"<a href=""https://tiktok.com/@china_deriver_109"" target=""_blank"">@china_deriver_109</a>",123,10,91.018,0.6,2,19,0,492.45,49.85,3.7,0.55
"<a href=""https://tiktok.com/@china_deriver_15"" target=""_blank"">@china_deriver_15</a>",123,4,93.75,0.8,1,12,0,274.5,48.1,4.7,0.35
"<a href=""https://tiktok.com/@chinesebeauty39"" target=""_blank"">@chinesebeauty39</a>",45,4,49.143,0.8,1,7,0,4367.2,326.4,11.8,4
"<a href=""https://tiktok.com/@chocolate_2081"" target=""_blank"">@chocolate_2081</a>",118,4,51.75,1,1,8,0,1207,59.5,0.25,0.5
"<a href=""https://tiktok.com/@chummi_queen1"" target=""_blank"">@chummi_queen1</a>",18,5,96.125,0.75,1,8,0,1697.087,110.957,13.391,2.652
"<a href=""https://tiktok.com/@ciict14"" target=""_blank"">@ciict14</a>",60,6,53.036,0.933,3,41,0,6010,166,5.333,6
"<a href=""https://tiktok.com/@cisos51"" target=""_blank"">@cisos51</a>",37,7,53.209,0.822,3,31,0,850,67.714,1.143,0.429
"<a href=""https://tiktok.com/@cjfdf6"" target=""_blank"">@cjfdf6</a>",66,3,60.127,0.8,2,16,0,2182.667,97,1.667,5
"<a href=""https://tiktok.com/@clarajamieson2"" target=""_blank"">@clarajamieson2</a>",43,4,70.75,1,1,8,0,941,73.25,2.75,20.5
"<a href=""https://tiktok.com/@coco_video10"" target=""_blank"">@coco_video10</a>",123,7,85.955,0.875,1,22,0,126.909,25.5,3,0.091
"<a href=""https://tiktok.com/@constantinos.hard"" target=""_blank"">@constantinos.hard</a>",44,4,55,1,1,7,0,1318.5,82.75,6.25,24.5
"<a href=""https://tiktok.com/@cx.b28"" target=""_blank"">@cx.b28</a>",22,10,57.359,0.955,2,25,0,1751.6,114,1.7,0.4
"<a href=""https://tiktok.com/@d548930"" target=""_blank"">@d548930</a>",57,6,57.875,1,2,16,0,2897.5,156.833,0.167,0.333
"<a href=""https://tiktok.com/@dadfi54"" target=""_blank"">@dadfi54</a>",64,3,60.111,0.8,1,9,0,2872.667,101.333,0,6.333
"<a href=""https://tiktok.com/@dayutoureddit"" target=""_blank"">@dayutoureddit</a>",82,5,22.286,0.833,1,7,0,1339.4,108.8,0.6,1.6
"<a href=""https://tiktok.com/@dchfgs"" target=""_blank"">@dchfgs</a>",104,8,54.745,0.824,3,105,0,350.625,12.5,0.875,0.125
"<a href=""https://tiktok.com/@ddghj064"" target=""_blank"">@ddghj064</a>",56,3,39.722,0.9,2,18,0,1616.333,62.667,0.667,6.667
"<a href=""https://tiktok.com/@ddyqtx.twfqof"" target=""_blank"">@ddyqtx.twfqof</a>",124,3,41.402,0.933,3,25,0,625,20,1,0
"<a href=""https://tiktok.com/@degfkr5"" target=""_blank"">@degfkr5</a>",105,9,54.085,0.892,4,160,0,176,3.667,0,0
"<a href=""https://tiktok.com/@dell.oswink"" target=""_blank"">@dell.oswink</a>",4,7,58.25,0.857,1,8,0,1090.556,65.556,0.778,0.778
"<a href=""https://tiktok.com/@devinkary0516"" target=""_blank"">@devinkary0516</a>",74,12,53.119,0.978,3,37,0,4176.167,47,0.167,0.167
"<a href=""https://tiktok.com/@dghhg372"" target=""_blank"">@dghhg372</a>",37,6,62.8,0.889,3,28,0,11252.167,556.667,4,1.5
"<a href=""https://tiktok.com/@dhcfjc2"" target=""_blank"">@dhcfjc2</a>",105,9,59.583,0.958,4,99,0,885.778,6.556,0,0.111
"<a href=""https://tiktok.com/@dhcss7"" target=""_blank"">@dhcss7</a>",55,8,35.913,0.939,4,67,0,1403.625,64.625,1.25,1.375
"<a href=""https://tiktok.com/@dhddt67"" target=""_blank"">@dhddt67</a>",99,6,84,1,2,16,0,739.667,55.167,0.167,3.333
"<a href=""https://tiktok.com/@dhhdd357"" target=""_blank"">@dhhdd357</a>",119,6,26.429,0.9,2,15,0,2535.167,81.333,1,7.333
"<a href=""https://tiktok.com/@dhie1905"" target=""_blank"">@dhie1905</a>",109,7,12.714,1,1,7,0,1363.889,86.667,0.556,1.556
"<a href=""https://tiktok.com/@dhuolt"" target=""_blank"">@dhuolt</a>",31,10,20.7,0.935,4,111,0,635.9,31,1.3,0
"<a href=""https://tiktok.com/@dhzg1822"" target=""_blank"">@dhzg1822</a>",111,3,55.667,1,3,27,0,370.333,30.333,2.667,1.333
"<a href=""https://tiktok.com/@dijx3903"" target=""_blank"">@dijx3903</a>",110,12,51.055,0.972,4,94,0,1069.417,59.917,0.583,0.417
"<a href=""https://tiktok.com/@djbdjfjff"" target=""_blank"">@djbdjfjff</a>",2,8,68.5,0.929,2,14,0,10054.333,645.556,3.111,29.111
"<a href=""https://tiktok.com/@djjehokxtu2"" target=""_blank"">@djjehokxtu2</a>",131,6,82.267,0.833,1,15,0,189.667,3.5,0,0
"<a href=""https://tiktok.com/@djm9r"" target=""_blank"">@djm9r</a>",19,6,74.75,0.875,1,8,0,2364.333,224,2.167,7.167
"<a href=""https://tiktok.com/@djsisidh"" target=""_blank"">@djsisidh</a>",24,4,54,1,1,7,0,1179.4,72.4,1.2,1.6
"<a href=""https://tiktok.com/@djwf2904"" target=""_blank"">@djwf2904</a>",111,11,60.696,0.944,2,52,0,2131,77.5,1.25,3.5
"<a href=""https://tiktok.com/@dong.dong512"" target=""_blank"">@dong.dong512</a>",76,5,61.452,1,2,16,0,3205,60.8,2.8,3.8
"<a href=""https://tiktok.com/@drape.ivoe"" target=""_blank"">@drape.ivoe</a>",4,7,67.833,0.845,2,19,0,1291.6,117.6,1.8,0.5
"<a href=""https://tiktok.com/@drgd8391"" target=""_blank"">@drgd8391</a>",110,9,58.23,1,4,42,0,1631.25,192.167,1.5,2.667
"<a href=""https://tiktok.com/@dthh824"" target=""_blank"">@dthh824</a>",16,7,68.55,0.846,4,44,0,1679.625,68,1,0.875
"<a href=""https://tiktok.com/@ductrangtran461"" target=""_blank"">@ductrangtran461</a>",80,3,63.625,0.8,1,8,0,249.75,23,0.25,0
"<a href=""https://tiktok.com/@dugfbuf"" target=""_blank"">@dugfbuf</a>",69,7,60.9,0.929,2,20,0,3074.143,94.857,2.571,4.286
"<a href=""https://tiktok.com/@duidaishenbianren"" target=""_blank"">@duidaishenbianren</a>",41,9,69.325,0.892,3,41,0,649.444,14.444,0.556,1.778
"<a href=""https://tiktok.com/@duiwkn"" target=""_blank"">@duiwkn</a>",55,3,50.857,0.8,1,7,0,1002.333,66,0,0
"<a href=""https://tiktok.com/@dvvsaag"" target=""_blank"">@dvvsaag</a>",13,7,33.571,1,1,7,0,1780.222,77.444,1.111,0.444
"<a href=""https://tiktok.com/@eagehh"" target=""_blank"">@eagehh</a>",31,11,18.288,0.953,4,115,0,316.273,12.364,0.273,0.091
"<a href=""https://tiktok.com/@eawbkpn"" target=""_blank"">@eawbkpn</a>",42,3,100.827,1,3,24,0,313,3,0,0.333
"<a href=""https://tiktok.com/@eden70188"" target=""_blank"">@eden70188</a>",118,4,51.75,1,1,8,0,1339.6,118.8,1.4,0.8
"<a href=""https://tiktok.com/@edocwr2"" target=""_blank"">@edocwr2</a>",131,5,91.787,0.833,2,28,0,109.2,1.8,0,0
"<a href=""https://tiktok.com/@eiej4325"" target=""_blank"">@eiej4325</a>",111,10,59.965,0.944,3,45,0,1052.364,89.091,1.455,2.545
"<a href=""https://tiktok.com/@erxinzhongliao"" target=""_blank"">@erxinzhongliao</a>",41,5,84.683,1,2,19,0,880.6,38.4,2.2,4.2
"<a href=""https://tiktok.com/@essqou.lwawcg"" target=""_blank"">@essqou.lwawcg</a>",125,3,50.25,0.8,1,8,0,211.333,17,0,0.333
"<a href=""https://tiktok.com/@ev4ar9lx53"" target=""_blank"">@ev4ar9lx53</a>",32,3,52,0.8,1,7,0,388.2,19.6,0.2,0
"<a href=""https://tiktok.com/@eyidk5"" target=""_blank"">@eyidk5</a>",38,8,55.444,1,3,28,0,1211.25,83.875,1.375,0.375
"<a href=""https://tiktok.com/@f.hd.ss"" target=""_blank"">@f.hd.ss</a>",64,3,60.111,0.8,1,9,0,2390.667,131,11.333,16.333
"<a href=""https://tiktok.com/@fadhh289"" target=""_blank"">@fadhh289</a>",113,8,41.138,0.9,2,18,0,2076.5,132.5,1,2.125
"<a href=""https://tiktok.com/@fakenewskoala"" target=""_blank"">@fakenewskoala</a>",42,3,43.704,1,3,27,0,261.667,11.333,1,0.667
"<a href=""https://tiktok.com/@fasch32"" target=""_blank"">@fasch32</a>",85,8,55.778,1,3,33,0,2708.3,61.6,0.5,1.7
"<a href=""https://tiktok.com/@fatjhx.edgotx"" target=""_blank"">@fatjhx.edgotx</a>",124,3,41.429,0.933,3,25,0,1709.667,127.333,4.333,9
"<a href=""https://tiktok.com/@fdfhj821"" target=""_blank"">@fdfhj821</a>",59,8,49.74,0.879,7,75,0,2474.375,92.375,1.25,8.5
"<a href=""https://tiktok.com/@fdfhj915"" target=""_blank"">@fdfhj915</a>",55,14,58.03,0.86,7,139,0,1464.5,103.071,0.214,0.357
"<a href=""https://tiktok.com/@fdrnbpulsfg"" target=""_blank"">@fdrnbpulsfg</a>",48,6,64.429,0.875,1,14,0,384.1,13.6,0.7,0.4
"<a href=""https://tiktok.com/@fdzhj5"" target=""_blank"">@fdzhj5</a>",130,6,49.75,1,1,8,0,1175.5,55.333,0.167,2
"<a href=""https://tiktok.com/@fensewenhaomao18"" target=""_blank"">@fensewenhaomao18</a>",83,6,27.143,0.857,1,7,0,2286.5,116.833,2,1.333
"<a href=""https://tiktok.com/@fetehi5"" target=""_blank"">@fetehi5</a>",105,5,57.404,0.848,4,77,0,938.2,19.2,0.4,0.2
"<a href=""https://tiktok.com/@fexride2"" target=""_blank"">@fexride2</a>",104,7,51.441,0.929,3,116,0,371.286,12.429,0,0
"<a href=""https://tiktok.com/@fg49328"" target=""_blank"">@fg49328</a>",51,3,50.802,0.8,2,16,0,26125,800,5,27.333
"<a href=""https://tiktok.com/@fgcc379"" target=""_blank"">@fgcc379</a>",77,6,34.143,0.833,1,7,0,1043.167,35.5,2.333,0.333
"<a href=""https://tiktok.com/@fgvv752"" target=""_blank"">@fgvv752</a>",58,6,94.25,1,1,8,0,5775.5,200.167,0.333,73.667
"<a href=""https://tiktok.com/@fhda78402"" target=""_blank"">@fhda78402</a>",110,12,56.675,0.967,6,95,0,5970.083,132,0.417,1.083
"<a href=""https://tiktok.com/@fhhqf62"" target=""_blank"">@fhhqf62</a>",67,7,65.286,0.8,1,7,0,1103.222,171.222,0.444,0.222
"<a href=""https://tiktok.com/@fhjb593"" target=""_blank"">@fhjb593</a>",36,8,27.425,1,2,18,0,185.625,4.75,0,0.125
"<a href=""https://tiktok.com/@fhkundshunk"" target=""_blank"">@fhkundshunk</a>",11,7,67.827,1,3,43,0,1042.143,44.857,2.143,1.143
"<a href=""https://tiktok.com/@fidgyf88"" target=""_blank"">@fidgyf88</a>",117,8,35.286,0.857,1,7,0,994.25,33.5,0.625,0.75
"<a href=""https://tiktok.com/@fjvthj"" target=""_blank"">@fjvthj</a>",89,3,54.711,0.8,5,45,0,110,2,0,0
"<a href=""https://tiktok.com/@fjyukfjjf"" target=""_blank"">@fjyukfjjf</a>",19,7,56.714,1,1,7,0,1238.125,95.5,1.75,2.25
"<a href=""https://tiktok.com/@fkfdnd"" target=""_blank"">@fkfdnd</a>",19,9,66.238,0.911,3,23,0,1294.778,109.667,1.889,0.222
"<a href=""https://tiktok.com/@fkhff4"" target=""_blank"">@fkhff4</a>",54,3,49.431,1,5,44,0,1221.667,156.333,0,0.667
"<a href=""https://tiktok.com/@flsosi5"" target=""_blank"">@flsosi5</a>",38,8,54.036,1,2,19,0,1853.75,118.5,1.125,0.25
"<a href=""https://tiktok.com/@fmgd8"" target=""_blank"">@fmgd8</a>",86,8,65.625,1,1,8,0,942.875,81,0.625,3.375
"<a href=""https://tiktok.com/@fody.noachp"" target=""_blank"">@fody.noachp</a>",5,8,45.518,1,2,15,0,2396.889,81.778,0.333,1.222
"<a href=""https://tiktok.com/@foot89786"" target=""_blank"">@foot89786</a>",111,5,52.365,0.944,3,32,0,1171.333,71.5,1.167,2.667
"<a href=""https://tiktok.com/@forwardcode423"" target=""_blank"">@forwardcode423</a>",74,8,42.425,0.929,2,18,0,572.625,23.875,0.125,0.125
"<a href=""https://tiktok.com/@fschj7"" target=""_blank"">@fschj7</a>",71,8,36.571,0.95,2,21,0,920.75,58.875,1.5,1.875
"<a href=""https://tiktok.com/@fubaozhenxin"" target=""_blank"">@fubaozhenxin</a>",41,5,75.116,1,3,26,0,792.25,29.5,0.625,5.25
"<a href=""https://tiktok.com/@fuddys6"" target=""_blank"">@fuddys6</a>",105,7,50.037,0.928,4,129,0,384.714,6.143,0.143,0.143
"<a href=""https://tiktok.com/@fulknm"" target=""_blank"">@fulknm</a>",37,6,65.583,0.878,3,28,0,1853.5,119,0.833,0
"<a href=""https://tiktok.com/@fzfhj67"" target=""_blank"">@fzfhj67</a>",88,7,34.232,1,2,15,0,3369.75,340.375,3.5,3.375
"<a href=""https://tiktok.com/@gajis40"" target=""_blank"">@gajis40</a>",37,5,65.037,0.867,4,36,0,148899,5242.4,60.6,111.2
"<a href=""https://tiktok.com/@gbxdhg"" target=""_blank"">@gbxdhg</a>",66,3,78.5,0.9,2,16,0,132.667,1.667,0.333,0
"<a href=""https://tiktok.com/@gdchh23"" target=""_blank"">@gdchh23</a>",52,3,14.167,0.9,2,18,0,1549.333,52.333,1.333,13.833
"<a href=""https://tiktok.com/@gdchio3"" target=""_blank"">@gdchio3</a>",55,11,39.598,0.915,11,165,0,1778,58.133,2.2,0.333
"<a href=""https://tiktok.com/@gdchji82"" target=""_blank"">@gdchji82</a>",84,5,42.689,0.808,5,57,0,1217.2,57.8,1,0.6
"<a href=""https://tiktok.com/@gddghj11"" target=""_blank"">@gddghj11</a>",87,6,78.259,1,3,25,0,4165,198.167,2.167,5
"<a href=""https://tiktok.com/@gdkcofufn"" target=""_blank"">@gdkcofufn</a>",19,7,83.25,0.938,2,16,0,5680.875,237.75,3.625,5
"<a href=""https://tiktok.com/@gdxvn8"" target=""_blank"">@gdxvn8</a>",86,7,45.75,0.857,2,16,0,2156.25,110.375,1.875,3.5
"<a href=""https://tiktok.com/@gedgj25"" target=""_blank"">@gedgj25</a>",99,4,72.25,1,1,8,0,2622.75,162,0.25,5.25
"<a href=""https://tiktok.com/@geievertu8"" target=""_blank"">@geievertu8</a>",22,9,55.859,1,2,22,0,1441.667,129.444,0.889,1.333
"<a href=""https://tiktok.com/@gesghh2"" target=""_blank"">@gesghh2</a>",84,6,43.184,0.812,5,53,0,2594.5,78.5,1.333,9.167
"<a href=""https://tiktok.com/@gfgh1601"" target=""_blank"">@gfgh1601</a>",60,6,61.335,0.886,3,44,0,3049.167,109.5,5,1.667
"<a href=""https://tiktok.com/@ghhj8554"" target=""_blank"">@ghhj8554</a>",110,10,74.877,0.891,4,56,0,1470.7,113.4,0.2,1
"<a href=""https://tiktok.com/@ghit3644"" target=""_blank"">@ghit3644</a>",87,4,39.25,1,2,16,0,3567.25,89,1,1.5
"<a href=""https://tiktok.com/@giadungpham0"" target=""_blank"">@giadungpham0</a>",115,6,53.6,0.875,1,10,0,379.375,12.5,0.375,0.125
"<a href=""https://tiktok.com/@gjfghh74"" target=""_blank"">@gjfghh74</a>",3,4,61.75,1,1,8,0,4710,126.25,3.5,0.25
"<a href=""https://tiktok.com/@gjhg8047"" target=""_blank"">@gjhg8047</a>",111,9,58.898,0.867,4,49,0,959.5,55.917,1.167,1.5
"<a href=""https://tiktok.com/@gnsky51"" target=""_blank"">@gnsky51</a>",59,7,51.564,1,4,33,0,495.625,55.375,0.25,0.5
"<a href=""https://tiktok.com/@goisthillwig517"" target=""_blank"">@goisthillwig517</a>",74,12,54.804,0.978,3,36,0,543.333,19,0.917,0.25
"<a href=""https://tiktok.com/@gooj806"" target=""_blank"">@gooj806</a>",16,10,50.045,0.915,8,119,0,1644.3,67.1,0.6,0.2
"<a href=""https://tiktok.com/@govkjhkbb"" target=""_blank"">@govkjhkbb</a>",35,6,42.286,0.833,1,7,0,4889.143,40.571,1,6.429
"<a href=""https://tiktok.com/@grdgh36"" target=""_blank"">@grdgh36</a>",88,4,17.75,1,1,8,0,3792.5,181.5,1.75,1.25
"<a href=""https://tiktok.com/@grdgh91"" target=""_blank"">@grdgh91</a>",66,3,74.508,0.8,2,16,0,2238.333,45.667,0,1.667
"<a href=""https://tiktok.com/@grdgj00"" target=""_blank"">@grdgj00</a>",54,3,42.861,0.95,4,36,0,5142.333,387,1.333,0.667
"<a href=""https://tiktok.com/@grfbjk"" target=""_blank"">@grfbjk</a>",56,3,53.571,0.8,1,7,0,5229.333,148.333,2.333,2
"<a href=""https://tiktok.com/@grry77768"" target=""_blank"">@grry77768</a>",8,7,85.667,1,1,9,0,1071.667,60,2,1.333
"<a href=""https://tiktok.com/@grsdhj91"" target=""_blank"">@grsdhj91</a>",84,4,48.253,0.849,3,29,0,1359,60,0.25,0.25
"<a href=""https://tiktok.com/@grsghi7"" target=""_blank"">@grsghi7</a>",66,3,69.375,0.8,1,8,0,8501.667,412,15.333,11
"<a href=""https://tiktok.com/@grveatpi4138"" target=""_blank"">@grveatpi4138</a>",66,3,57.5,1,1,8,0,737.333,48.333,0,1
"<a href=""https://tiktok.com/@gssgh83"" target=""_blank"">@gssgh83</a>",101,9,45.278,0.875,1,18,0,6224.545,200.091,13.182,5.273
"<a href=""https://tiktok.com/@gsutuzzvhzhhztays"" target=""_blank"">@gsutuzzvhzhhztays</a>",14,4,63.625,0.857,1,8,0,865.5,23,0.5,0.25
"<a href=""https://tiktok.com/@gsxgh2"" target=""_blank"">@gsxgh2</a>",55,14,71.128,0.883,7,110,0,2337.867,180.067,0.867,3
"<a href=""https://tiktok.com/@gsxgj09"" target=""_blank"">@gsxgj09</a>",113,6,52.029,0.7,2,17,0,431.818,24.727,0.545,0.364
"<a href=""https://tiktok.com/@gtchdh"" target=""_blank"">@gtchdh</a>",49,3,57.881,0.967,6,50,0,560.333,38.333,0.333,0
"<a href=""https://tiktok.com/@gtcjyk"" target=""_blank"">@gtcjyk</a>",55,3,38.667,1,3,27,0,262.333,10.333,0,1
"<a href=""https://tiktok.com/@gubwos"" target=""_blank"">@gubwos</a>",21,9,59.083,0.952,3,22,0,34232.222,1543.333,18.556,66.111
"<a href=""https://tiktok.com/@guifty920"" target=""_blank"">@guifty920</a>",104,7,50.366,0.893,3,111,0,212.375,3.875,0.125,0
"<a href=""https://tiktok.com/@guttggbh"" target=""_blank"">@guttggbh</a>",120,6,30.5,1,1,8,0,43222.286,2282.143,238,1566.571
"<a href=""https://tiktok.com/@gvfsy54"" target=""_blank"">@gvfsy54</a>",68,8,86.714,0.833,1,7,0,1175.1,38.2,0.8,1.9
"<a href=""https://tiktok.com/@gydhfb6"" target=""_blank"">@gydhfb6</a>",49,4,55.111,1,2,18,0,7077.167,175.5,0.833,49.667
"<a href=""https://tiktok.com/@gyjgts"" target=""_blank"">@gyjgts</a>",100,6,43.056,0.9,2,18,0,951,38.167,0,0.167
"<a href=""https://tiktok.com/@gysfh4"" target=""_blank"">@gysfh4</a>",38,6,56.161,1,2,15,0,3755,151.333,1.667,0.167
"<a href=""https://tiktok.com/@gzchjj"" target=""_blank"">@gzchjj</a>",59,8,48.533,0.801,6,61,0,170.75,14.375,0,0.375
"<a href=""https://tiktok.com/@hbfs76"" target=""_blank"">@hbfs76</a>",70,6,72.75,1,1,8,0,3203.833,95.167,0.667,0.833
"<a href=""https://tiktok.com/@hcuf637"" target=""_blank"">@hcuf637</a>",68,8,86.714,0.833,1,7,0,1158.9,101.8,2.2,2.2
"<a href=""https://tiktok.com/@hdbtv68"" target=""_blank"">@hdbtv68</a>",67,8,51.052,0.838,2,18,0,4881.111,88.889,0.556,0.778
"<a href=""https://tiktok.com/@hdchj83"" target=""_blank"">@hdchj83</a>",55,12,49.966,0.848,13,200,0,754.25,71.667,0.083,1.25
"<a href=""https://tiktok.com/@hddgh2868"" target=""_blank"">@hddgh2868</a>",66,3,74.892,0.88,5,43,0,384.333,48.667,0.333,0.333
"<a href=""https://tiktok.com/@hddgk68"" target=""_blank"">@hddgk68</a>",84,3,25.72,0.867,3,25,0,1902,17.667,0.333,0.667
"<a href=""https://tiktok.com/@hdfhj291"" target=""_blank"">@hdfhj291</a>",113,11,41.729,0.742,2,32,0,572.231,26.923,1.308,0.231
"<a href=""https://tiktok.com/@hdfjkk6"" target=""_blank"">@hdfjkk6</a>",85,9,58.812,0.933,3,28,0,4062.778,141,0,3.778
"<a href=""https://tiktok.com/@hdhu402"" target=""_blank"">@hdhu402</a>",3,4,69,1,1,7,0,4257.25,93.25,1.25,0.5
"<a href=""https://tiktok.com/@hdicok57"" target=""_blank"">@hdicok57</a>",102,10,49.267,1,1,15,0,1532.5,80.4,0.7,0.4
"<a href=""https://tiktok.com/@hdidkser0"" target=""_blank"">@hdidkser0</a>",22,8,50.833,0.955,2,21,0,3302.5,124.5,2.25,0.875
"<a href=""https://tiktok.com/@hdixidnf"" target=""_blank"">@hdixidnf</a>",19,8,51.948,0.929,2,18,0,2607.25,140.5,1.75,2.875
"<a href=""https://tiktok.com/@hdr86575"" target=""_blank"">@hdr86575</a>",1,4,54.25,1,1,8,0,2295.5,36,0.75,0
"<a href=""https://tiktok.com/@hdryxd"" target=""_blank"">@hdryxd</a>",10,7,60.757,0.867,4,41,0,2545.714,141.571,1,0.429
"<a href=""https://tiktok.com/@hdsch8"" target=""_blank"">@hdsch8</a>",70,8,75.5,1,1,8,0,993.625,75.125,0.875,1.75
"<a href=""https://tiktok.com/@hdsfh21"" target=""_blank"">@hdsfh21</a>",52,3,64.298,1,4,34,0,446.333,23.667,0.333,0
"<a href=""https://tiktok.com/@hesghj21"" target=""_blank"">@hesghj21</a>",87,8,12.75,1,1,8,0,903.5,74.125,0.625,0.625
"<a href=""https://tiktok.com/@hexhtk"" target=""_blank"">@hexhtk</a>",66,3,100.778,0.8,1,9,0,274.667,10.333,1.333,0
"<a href=""https://tiktok.com/@hfcghk5"" target=""_blank"">@hfcghk5</a>",54,3,63.051,0.933,3,25,0,563.667,32.667,0,0.333
"<a href=""https://tiktok.com/@hfchkk26"" target=""_blank"">@hfchkk26</a>",130,5,49.75,1,1,8,0,7052.333,54.667,0.833,2.167
"<a href=""https://tiktok.com/@hffhhi2"" target=""_blank"">@hffhhi2</a>",85,6,48.012,1,2,19,0,1065.333,79.167,0.833,0.833
"<a href=""https://tiktok.com/@hffj8833"" target=""_blank"">@hffj8833</a>",71,8,56.414,0.879,2,24,0,330.875,20,0.125,2.625
"<a href=""https://tiktok.com/@hfigi61"" target=""_blank"">@hfigi61</a>",102,10,49.267,1,1,15,0,2154.1,90.6,1.1,0
"<a href=""https://tiktok.com/@hfsdhj96"" target=""_blank"">@hfsdhj96</a>",87,6,38.5,1,2,16,0,1740.714,108.143,1.143,1
"<a href=""https://tiktok.com/@hfstil3"" target=""_blank"">@hfstil3</a>",37,10,44.25,0.917,2,18,0,6064.1,336.5,2.6,1.9
"<a href=""https://tiktok.com/@hgdeyt64"" target=""_blank"">@hgdeyt64</a>",69,6,62.571,1,1,7,0,1977,131.667,6.667,3.5
"<a href=""https://tiktok.com/@hgfstu64"" target=""_blank"">@hgfstu64</a>",67,7,36.818,0.875,1,11,0,1379.875,82.5,0.625,1.625
"<a href=""https://tiktok.com/@hhjjhhyykk"" target=""_blank"">@hhjjhhyykk</a>",117,6,35.286,0.857,1,7,0,1461.75,79.375,3.5,2.125
"<a href=""https://tiktok.com/@hjfse0"" target=""_blank"">@hjfse0</a>",49,3,66.5,1,2,18,0,825,94.333,1.333,0.333
"<a href=""https://tiktok.com/@hjugvf6"" target=""_blank"">@hjugvf6</a>",54,3,56.051,0.933,3,26,0,1286.333,56.667,0,0
"<a href=""https://tiktok.com/@hmcss1"" target=""_blank"">@hmcss1</a>",59,6,54.601,0.95,4,34,0,1459.333,134.167,0.167,1.5
"<a href=""https://tiktok.com/@hoglbjlvil"" target=""_blank"">@hoglbjlvil</a>",35,7,42.286,0.833,1,7,0,5069.857,66.286,0.286,4.571
"<a href=""https://tiktok.com/@hojdmc"" target=""_blank"">@hojdmc</a>",31,9,18.786,0.983,4,102,0,535.222,45.889,0.111,0
"<a href=""https://tiktok.com/@hpcfh"" target=""_blank"">@hpcfh</a>",21,9,46.286,0.929,2,14,0,29232.667,894.111,18.556,11.444
"<a href=""https://tiktok.com/@hradh1"" target=""_blank"">@hradh1</a>",53,3,46.704,0.933,3,27,0,5512.667,99,6.333,30.333
"<a href=""https://tiktok.com/@hrcjhg1"" target=""_blank"">@hrcjhg1</a>",63,3,61.111,0.8,1,9,0,767.667,79,1,3
"<a href=""https://tiktok.com/@hrdgj17"" target=""_blank"">@hrdgj17</a>",55,9,36.808,0.97,3,66,0,846.667,105.222,0.111,0
"<a href=""https://tiktok.com/@htcgfg"" target=""_blank"">@htcgfg</a>",54,3,61.394,0.96,5,41,0,3063.333,120,0.667,0.333
"<a href=""https://tiktok.com/@htcvhh5"" target=""_blank"">@htcvhh5</a>",65,3,52.938,1,2,15,0,5948,283.333,1,12.333
"<a href=""https://tiktok.com/@htfhfj5"" target=""_blank"">@htfhfj5</a>",89,3,57.155,0.7,4,32,0,333836.667,39157.667,363.333,1767.667
"<a href=""https://tiktok.com/@huggettguziec195"" target=""_blank"">@huggettguziec195</a>",73,11,48.525,1,2,31,0,308.5,12.917,0.167,0
"<a href=""https://tiktok.com/@hujitelokueg"" target=""_blank"">@hujitelokueg</a>",43,4,70.75,1,1,8,0,342.5,23.5,1,3.25
"<a href=""https://tiktok.com/@hulili45"" target=""_blank"">@hulili45</a>",59,7,49.942,0.913,7,69,0,1246.429,93.571,0.857,1.857
"<a href=""https://tiktok.com/@huutrangphan421"" target=""_blank"">@huutrangphan421</a>",79,3,80.271,1,2,17,0,0,0,0,0
"<a href=""https://tiktok.com/@hxavnxh"" target=""_blank"">@hxavnxh</a>",12,4,57.25,1,1,8,0,4899.5,204.75,3,1.5
"<a href=""https://tiktok.com/@ickaqo"" target=""_blank"">@ickaqo</a>",132,6,107.452,0.817,2,19,0,144.333,1.833,0,0
"<a href=""https://tiktok.com/@idfhj50"" target=""_blank"">@idfhj50</a>",101,6,45.278,0.875,1,18,0,409.333,19.667,0.333,0
"<a href=""https://tiktok.com/@ididu034"" target=""_blank"">@ididu034</a>",20,9,53,0.714,1,9,0,6685,290.111,4.111,8.778
"<a href=""https://tiktok.com/@ifrt2705"" target=""_blank"">@ifrt2705</a>",108,7,9,1,1,7,0,1280.917,81.667,1,0.917
"<a href=""https://tiktok.com/@ifskzd"" target=""_blank"">@ifskzd</a>",104,5,50.07,0.942,3,88,0,429.8,11,0.4,0.8
"<a href=""https://tiktok.com/@ilovevgycguhyi467"" target=""_blank"">@ilovevgycguhyi467</a>",74,8,60.513,0.969,4,33,0,2038,45.25,0,0.125
"<a href=""https://tiktok.com/@is32994"" target=""_blank"">@is32994</a>",51,3,50.889,0.9,2,18,0,374.667,27,0,0.333
"<a href=""https://tiktok.com/@isgsjdj0"" target=""_blank"">@isgsjdj0</a>",38,8,59.778,1,2,21,0,107694.75,4702,51.875,55.375
"<a href=""https://tiktok.com/@isr0065"" target=""_blank"">@isr0065</a>",88,5,50.714,1,1,7,0,2624.8,123.8,0.4,6.8
"<a href=""https://tiktok.com/@isrtz0"" target=""_blank"">@isrtz0</a>",59,6,46.804,1,2,15,0,1031.667,84.333,0.333,1
"<a href=""https://tiktok.com/@itchfh"" target=""_blank"">@itchfh</a>",89,3,61.098,0.77,5,37,0,409,27,0.333,1.333
"<a href=""https://tiktok.com/@itfhtj"" target=""_blank"">@itfhtj</a>",89,3,53.519,0.825,6,48,0,440.667,30,0,0.333
"<a href=""https://tiktok.com/@its92008"" target=""_blank"">@its92008</a>",59,8,47.847,0.84,5,58,0,985,101.375,0.375,3.5
"<a href=""https://tiktok.com/@iyghyr"" target=""_blank"">@iyghyr</a>",49,3,57.556,1,3,27,0,272.333,18.333,0.333,0
"<a href=""https://tiktok.com/@jacob.parsons57"" target=""_blank"">@jacob.parsons57</a>",19,9,58.929,0.938,4,30,0,2396.556,146,2.444,1.222
"<a href=""https://tiktok.com/@jajsjsn56"" target=""_blank"">@jajsjsn56</a>",16,11,57.429,0.905,8,127,0,2744.091,111.636,0.364,1.909
"<a href=""https://tiktok.com/@jdhsgstshjs"" target=""_blank"">@jdhsgstshjs</a>",29,9,71.571,1,1,7,0,3020.778,21.222,0,0.778
"<a href=""https://tiktok.com/@jelejeh1"" target=""_blank"">@jelejeh1</a>",37,8,64.365,0.9,2,16,0,3601.5,223.375,1,2.875
"<a href=""https://tiktok.com/@jeyune1"" target=""_blank"">@jeyune1</a>",57,6,48.561,0.843,4,34,0,4476.333,105.5,4.333,3.167
"<a href=""https://tiktok.com/@jfcfhg"" target=""_blank"">@jfcfhg</a>",65,3,56.875,1,1,8,0,554,48.333,0.333,0.333
"<a href=""https://tiktok.com/@jfcfhr"" target=""_blank"">@jfcfhr</a>",63,3,61.111,0.8,1,9,0,3809.667,95.667,3,6
"<a href=""https://tiktok.com/@jgvh67"" target=""_blank"">@jgvh67</a>",86,6,8.5,1,1,8,0,83318.167,18330.167,46,235.167
"<a href=""https://tiktok.com/@jiakehhh6"" target=""_blank"">@jiakehhh6</a>",128,6,44.062,1,2,20,0,9058,98.286,2.857,15.143
"<a href=""https://tiktok.com/@jiejielove0001"" target=""_blank"">@jiejielove0001</a>",73,10,44.839,1,2,24,0,419.6,31,0.1,0
"<a href=""https://tiktok.com/@jiejielovetao518"" target=""_blank"">@jiejielovetao518</a>",74,12,68.731,0.938,2,23,0,311.417,27,0.25,0.167
"<a href=""https://tiktok.com/@jifjtf"" target=""_blank"">@jifjtf</a>",89,3,55.667,0.8,1,9,0,341.333,16.333,0,0.333
"<a href=""https://tiktok.com/@jkuy0534"" target=""_blank"">@jkuy0534</a>",110,12,68.101,0.915,3,43,0,1092,112.417,0.667,3.75
"<a href=""https://tiktok.com/@jmvxs4"" target=""_blank"">@jmvxs4</a>",71,8,68.4,0.857,1,10,0,888.25,72.25,0,0.25
"<a href=""https://tiktok.com/@jonathan.saravia37"" target=""_blank"">@jonathan.saravia37</a>",44,4,55,1,1,7,0,664.25,53.75,2,9.25
"<a href=""https://tiktok.com/@jox.kj"" target=""_blank"">@jox.kj</a>",126,5,52.972,1,2,17,0,1733.833,127,2.333,2.333
"<a href=""https://tiktok.com/@jsiso93"" target=""_blank"">@jsiso93</a>",38,8,63.5,1,3,24,0,6856.875,181.5,1.375,0.625
"<a href=""https://tiktok.com/@jspsns3"" target=""_blank"">@jspsns3</a>",37,5,61.812,1,2,16,0,138566.8,6914,13.2,105
"<a href=""https://tiktok.com/@jvdrg3"" target=""_blank"">@jvdrg3</a>",27,7,52.455,1,1,11,0,1166.857,48.143,0.571,0.857
"<a href=""https://tiktok.com/@jvrdnm"" target=""_blank"">@jvrdnm</a>",131,6,101.308,0.833,1,13,0,182.167,2.5,0,0.333
"<a href=""https://tiktok.com/@jvtvc3"" target=""_blank"">@jvtvc3</a>",16,10,62.56,0.877,8,124,0,18574.1,335.8,1.6,8.3
"<a href=""https://tiktok.com/@jydgyu7"" target=""_blank"">@jydgyu7</a>",50,3,27.333,1,1,9,0,298,11.333,0.667,0.667
"<a href=""https://tiktok.com/@jyggeg3"" target=""_blank"">@jyggeg3</a>",89,3,69.429,0.9,2,14,0,334,18,0,0.333
"<a href=""https://tiktok.com/@jyghgh6"" target=""_blank"">@jyghgh6</a>",60,6,58.512,0.952,3,40,0,1138.833,52.333,0.833,1
"<a href=""https://tiktok.com/@kbpsjd"" target=""_blank"">@kbpsjd</a>",21,9,56.466,0.921,5,48,0,1737.111,161.667,1.889,0.778
"<a href=""https://tiktok.com/@kdhdh1314"" target=""_blank"">@kdhdh1314</a>",21,9,47.625,0.929,2,15,0,5818.333,158.222,3.556,1.667
"<a href=""https://tiktok.com/@kfusj3"" target=""_blank"">@kfusj3</a>",24,4,54,1,1,7,0,8791.4,153.2,2.4,1.8
"<a href=""https://tiktok.com/@kguays"" target=""_blank"">@kguays</a>",105,7,58.153,0.964,4,139,0,1269,18.571,1.286,0.857
"<a href=""https://tiktok.com/@khanh.dao61"" target=""_blank"">@khanh.dao61</a>",16,11,60.61,0.784,5,49,0,1989.727,71.545,1.273,4.091
"<a href=""https://tiktok.com/@kjuq5904"" target=""_blank"">@kjuq5904</a>",111,8,67.444,0.926,3,57,0,1702.455,146.091,3.182,1
"<a href=""https://tiktok.com/@kleber.capuano"" target=""_blank"">@kleber.capuano</a>",76,6,46.286,1,2,15,0,779,33.167,2.167,0.833
"<a href=""https://tiktok.com/@knl39aprh6"" target=""_blank"">@knl39aprh6</a>",47,9,25.889,0.889,1,9,0,634.9,4.1,0,0.1
"<a href=""https://tiktok.com/@kqva.glub"" target=""_blank"">@kqva.glub</a>",29,10,75,1,1,7,0,4208.1,36,0.3,0.9
"<a href=""https://tiktok.com/@kugeej"" target=""_blank"">@kugeej</a>",62,7,53.619,0.778,1,21,0,2127.167,103.083,1.75,5.083
"<a href=""https://tiktok.com/@kugevj"" target=""_blank"">@kugevj</a>",49,3,50.289,1,5,43,0,87.333,0.667,0,0
"<a href=""https://tiktok.com/@kungyhunksd"" target=""_blank"">@kungyhunksd</a>",11,11,68.118,0.974,3,60,0,541.727,12,1,0.091
"<a href=""https://tiktok.com/@kvczzcklkaio"" target=""_blank"">@kvczzcklkaio</a>",124,3,43.005,0.933,3,25,0,1399,51.667,0.333,1
"<a href=""https://tiktok.com/@kycvdg"" target=""_blank"">@kycvdg</a>",54,3,70.595,1,2,16,0,7289.333,257.667,46.667,2.333
"<a href=""https://tiktok.com/@kygfdj8"" target=""_blank"">@kygfdj8</a>",49,3,55.133,0.96,5,45,0,429.667,32,0,0
"<a href=""https://tiktok.com/@labon.marenm"" target=""_blank"">@labon.marenm</a>",7,8,47,1,1,9,0,1509.667,159.556,0.667,4
"<a href=""https://tiktok.com/@lierd.wilfrp"" target=""_blank"">@lierd.wilfrp</a>",6,6,63.5,0.857,1,8,0,1500.125,101.625,0.5,1.25
"<a href=""https://tiktok.com/@lin689668987"" target=""_blank"">@lin689668987</a>",11,8,64.963,0.972,3,39,0,828.75,49,2.625,2.125
"<a href=""https://tiktok.com/@loandqpnn"" target=""_blank"">@loandqpnn</a>",119,5,33.786,0.9,2,15,0,27365.5,1460.5,111,187
"<a href=""https://tiktok.com/@luensmanntuma245"" target=""_blank"">@luensmanntuma245</a>",73,10,59.479,0.963,3,36,0,544.083,17.083,0.167,0.083
"<a href=""https://tiktok.com/@luqm.pjmg"" target=""_blank"">@luqm.pjmg</a>",34,6,62.714,1,1,7,0,2404.125,37.875,1.625,0.625
"<a href=""https://tiktok.com/@may.mortk"" target=""_blank"">@may.mortk</a>",6,8,63.5,0.857,1,8,0,1026.778,79.667,2.333,1.444
"<a href=""https://tiktok.com/@mdvyrv"" target=""_blank"">@mdvyrv</a>",54,3,42.744,1,5,43,0,729.667,40,0,1.333
"<a href=""https://tiktok.com/@mnabkkop"" target=""_blank"">@mnabkkop</a>",13,7,33.571,1,1,7,0,3494.6,67,0.6,0.4
"<a href=""https://tiktok.com/@monika.budimir0"" target=""_blank"">@monika.budimir0</a>",25,5,53.556,1,1,9,0,2038.6,101.2,1.4,0.6
"<a href=""https://tiktok.com/@mri78275"" target=""_blank"">@mri78275</a>",100,5,55.489,0.958,3,32,0,12874.833,1267,28.167,313
"<a href=""https://tiktok.com/@murrku6"" target=""_blank"">@murrku6</a>",51,3,44.802,0.9,2,16,0,3422,157.333,3.333,2
"<a href=""https://tiktok.com/@nassoncohee"" target=""_blank"">@nassoncohee</a>",75,4,45,1,1,7,0,762.25,60.5,0,0
"<a href=""https://tiktok.com/@nckhfd2"" target=""_blank"">@nckhfd2</a>",132,6,104.867,0.917,2,22,0,103.167,1.667,0,0
"<a href=""https://tiktok.com/@ngcvgh3"" target=""_blank"">@ngcvgh3</a>",98,6,42.944,1,2,17,0,2200.667,116.667,0.667,1.333
"<a href=""https://tiktok.com/@ngoc.ho078"" target=""_blank"">@ngoc.ho078</a>",15,6,52,1,1,8,0,1301.167,42.5,0.667,0.5
"<a href=""https://tiktok.com/@nigcghfxpjg"" target=""_blank"">@nigcghfxpjg</a>",103,9,44.25,1,1,8,0,6024.6,254.8,5.5,8.1
"<a href=""https://tiktok.com/@nihaoya0002"" target=""_blank"">@nihaoya0002</a>",73,6,37.909,1,1,11,0,580.375,21.875,0.25,0.25
"<a href=""https://tiktok.com/@nikebimm0445"" target=""_blank"">@nikebimm0445</a>",74,8,77.625,1,1,8,0,811.333,17.5,0.417,0
"<a href=""https://tiktok.com/@noyaozhaoji"" target=""_blank"">@noyaozhaoji</a>",41,6,64.347,0.9,2,21,0,407.778,10.333,0.222,0.778
"<a href=""https://tiktok.com/@nujdju"" target=""_blank"">@nujdju</a>",60,6,61.116,0.867,3,51,0,37611.667,1864.167,32,69.333
"<a href=""https://tiktok.com/@o6zn4lobe2"" target=""_blank"">@o6zn4lobe2</a>",33,6,55.263,0.9,2,20,0,161.667,3.667,0,0
"<a href=""https://tiktok.com/@oaisg2"" target=""_blank"">@oaisg2</a>",38,8,61.907,1,3,29,0,1605.25,69.5,1.25,0.25
"<a href=""https://tiktok.com/@odt614"" target=""_blank"">@odt614</a>",57,6,47.188,1,4,32,0,2034.333,140,1.833,2
"<a href=""https://tiktok.com/@ogdzwqhq80"" target=""_blank"">@ogdzwqhq80</a>",33,5,60.636,1,1,11,0,286.6,9,0.2,0
"<a href=""https://tiktok.com/@okay11732"" target=""_blank"">@okay11732</a>",110,13,82.222,0.962,7,102,0,1453.385,73.385,0.308,0.769
"<a href=""https://tiktok.com/@omnggu"" target=""_blank"">@omnggu</a>",112,8,54.875,1,1,8,0,718.25,29.25,0.125,0
"<a href=""https://tiktok.com/@osiel.louis"" target=""_blank"">@osiel.louis</a>",26,6,85,1,1,8,0,1171.667,95.667,1.667,1
"<a href=""https://tiktok.com/@owuhwh"" target=""_blank"">@owuhwh</a>",37,9,62.833,0.841,3,30,0,19331.222,904.444,8.333,4.778
"<a href=""https://tiktok.com/@owwnbs"" target=""_blank"">@owwnbs</a>",39,4,66.286,1,1,7,0,254,6.5,0.25,0.25
"<a href=""https://tiktok.com/@pctz.otbh"" target=""_blank"">@pctz.otbh</a>",97,7,59.714,1,1,7,0,5431.75,48.5,1,3.875
"<a href=""https://tiktok.com/@phuong.nguyen4922"" target=""_blank"">@phuong.nguyen4922</a>",15,5,56.857,0.8,1,7,0,1436.143,69,0.143,0.857
"<a href=""https://tiktok.com/@pjk3357"" target=""_blank"">@pjk3357</a>",133,7,23.833,1,1,12,0,1209.143,79.286,0.429,0.143
"<a href=""https://tiktok.com/@prankfailking"" target=""_blank"">@prankfailking</a>",42,3,49.286,0.933,3,25,0,457.667,5.333,0.333,1
"<a href=""https://tiktok.com/@prtnr8"" target=""_blank"">@prtnr8</a>",19,8,72.577,1,4,34,0,2570.6,117.1,3.3,0.8
"<a href=""https://tiktok.com/@qdcieh"" target=""_blank"">@qdcieh</a>",31,10,20.624,0.937,4,111,0,1080.3,129.2,0.5,0.6
"<a href=""https://tiktok.com/@qllsks0"" target=""_blank"">@qllsks0</a>",38,8,43.625,1,2,16,0,1376.375,73.625,0.5,0.125
"<a href=""https://tiktok.com/@qprtyruykxnmm"" target=""_blank"">@qprtyruykxnmm</a>",121,7,49.1,0.857,1,10,0,2769,49,2.429,1.429
"<a href=""https://tiktok.com/@qwer35064"" target=""_blank"">@qwer35064</a>",78,5,61.75,1,1,8,0,862.6,22,0.6,0
"<a href=""https://tiktok.com/@r.f.f.f..e"" target=""_blank"">@r.f.f.f..e</a>",57,6,57.042,0.958,4,40,0,4107.833,321.167,0.667,4.5
"<a href=""https://tiktok.com/@raymo.bricek"" target=""_blank"">@raymo.bricek</a>",5,5,59.125,1,2,16,0,29495.2,710,1.4,2.6
"<a href=""https://tiktok.com/@reddit_gavin76"" target=""_blank"">@reddit_gavin76</a>",132,5,103.4,1,1,10,0,90.4,0.6,0,0
"<a href=""https://tiktok.com/@reddit_grayson99"" target=""_blank"">@reddit_grayson99</a>",31,11,19.8,0.97,4,115,0,1271,120.909,0.273,0.455
"<a href=""https://tiktok.com/@reddit_ignatius8"" target=""_blank"">@reddit_ignatius8</a>",40,7,70.812,0.75,1,16,0,13282,172.333,15.889,17.778
"<a href=""https://tiktok.com/@reddit_piper7"" target=""_blank"">@reddit_piper7</a>",132,5,108.571,0.8,1,7,0,117.167,1.833,0,0
"<a href=""https://tiktok.com/@redreddit48"" target=""_blank"">@redreddit48</a>",133,6,23.833,1,1,12,0,8292.375,379,5.25,8.25
"<a href=""https://tiktok.com/@reush5"" target=""_blank"">@reush5</a>",86,7,81.5,0.714,2,16,0,2148.571,137.429,2.143,16.429
"<a href=""https://tiktok.com/@ribuluosse"" target=""_blank"">@ribuluosse</a>",41,6,49.128,1,2,19,0,248.222,5.778,0,0.444
"<a href=""https://tiktok.com/@rohingyao"" target=""_blank"">@rohingyao</a>",10,10,62.667,0.857,3,32,0,1630.6,131.6,2.9,1.8
"<a href=""https://tiktok.com/@rrhji7"" target=""_blank"">@rrhji7</a>",71,6,28.714,1,1,7,0,3125.667,125,0.5,2.833
"<a href=""https://tiktok.com/@rtikb3"" target=""_blank"">@rtikb3</a>",37,9,59.219,0.938,5,47,0,5397.111,308.778,3.667,2.889
"<a href=""https://tiktok.com/@ryllskaya.reddit"" target=""_blank"">@ryllskaya.reddit</a>",2,7,75.429,1,1,7,0,2113.571,207.286,2.143,1.429
"<a href=""https://tiktok.com/@ryllskayaqing"" target=""_blank"">@ryllskayaqing</a>",2,8,61.571,0.857,1,7,0,1700,104.5,1.25,0.5
"<a href=""https://tiktok.com/@second.date.update9458"" target=""_blank"">@second.date.update9458</a>",127,4,27.25,1,1,8,0,18872.2,209.2,4.8,24.6
"<a href=""https://tiktok.com/@segji2"" target=""_blank"">@segji2</a>",38,8,37.75,1,2,16,0,1682.125,101.75,1.875,1.25
"<a href=""https://tiktok.com/@seile.rian"" target=""_blank"">@seile.rian</a>",17,6,55.6,1,1,10,0,2293.167,55.667,1,1
"<a href=""https://tiktok.com/@sfagnd"" target=""_blank"">@sfagnd</a>",37,6,60.517,0.944,3,26,0,1431.333,117.667,1,1.833
"<a href=""https://tiktok.com/@sggee05"" target=""_blank"">@sggee05</a>",57,4,49.286,1,1,7,0,3005.25,103,1.5,2
"<a href=""https://tiktok.com/@shadrickkham"" target=""_blank"">@shadrickkham</a>",73,11,56.858,0.944,2,32,0,3824,21.357,0.357,0.357
"<a href=""https://tiktok.com/@shallownuckoles51"" target=""_blank"">@shallownuckoles51</a>",79,3,54.218,0.933,3,26,0,0,0,6,0
"<a href=""https://tiktok.com/@sharemusic48"" target=""_blank"">@sharemusic48</a>",92,6,42.056,1,1,18,0,1713.467,38.667,1.2,0.533
"<a href=""https://tiktok.com/@shbsdd2"" target=""_blank"">@shbsdd2</a>",40,7,70.812,0.75,1,16,0,3915,88.778,7.444,4.556
"<a href=""https://tiktok.com/@shtg02"" target=""_blank"">@shtg02</a>",39,4,66.286,1,1,7,0,229.5,7.75,1.25,0
"<a href=""https://tiktok.com/@shurwsnnmzqx"" target=""_blank"">@shurwsnnmzqx</a>",125,3,67.625,0.8,2,15,0,392.667,15,0,0.667
"<a href=""https://tiktok.com/@sijh37"" target=""_blank"">@sijh37</a>",16,10,60.503,0.893,9,117,0,3678.273,111.545,0.545,1.182
"<a href=""https://tiktok.com/@sjyzm209"" target=""_blank"">@sjyzm209</a>",76,5,48.167,1,2,17,0,776.6,57.4,0.4,0.2
"<a href=""https://tiktok.com/@sjyzm286"" target=""_blank"">@sjyzm286</a>",77,5,34.143,0.833,1,7,0,560.2,52.6,1,0
"<a href=""https://tiktok.com/@skylar.phaky1954"" target=""_blank"">@skylar.phaky1954</a>",120,5,30.5,1,1,8,0,1799.833,57,2.833,1.167
"<a href=""https://tiktok.com/@speakingspeak.464"" target=""_blank"">@speakingspeak.464</a>",74,12,62.837,0.971,5,47,0,903.167,65.25,0.167,0.917
"<a href=""https://tiktok.com/@stemmermanthobbs"" target=""_blank"">@stemmermanthobbs</a>",78,5,61.75,1,1,8,0,561,61.4,0.8,0.2
"<a href=""https://tiktok.com/@stfsma.syhjbg"" target=""_blank"">@stfsma.syhjbg</a>",124,5,45.095,0.8,3,21,0,595.833,23.667,0.833,0
"<a href=""https://tiktok.com/@stien.lindag"" target=""_blank"">@stien.lindag</a>",4,9,63.097,0.849,3,28,0,1354.9,117.1,0.4,2
"<a href=""https://tiktok.com/@stoyouh"" target=""_blank"">@stoyouh</a>",10,8,57.224,0.897,3,33,0,9673.625,320.25,4.5,11
"<a href=""https://tiktok.com/@sush0240"" target=""_blank"">@sush0240</a>",108,7,9,1,1,7,0,1237.333,51,1.583,0.583
"<a href=""https://tiktok.com/@taachh6"" target=""_blank"">@taachh6</a>",55,14,43.173,0.909,9,126,0,1234.286,72.786,2,2.5
"<a href=""https://tiktok.com/@tadgj3"" target=""_blank"">@tadgj3</a>",113,9,52.576,0.817,4,39,0,1464.9,95.6,1.1,1.6
"<a href=""https://tiktok.com/@tddghj8"" target=""_blank"">@tddghj8</a>",98,6,50.763,1,2,20,0,363.667,30.333,0.333,0.167
"<a href=""https://tiktok.com/@tdfhj07"" target=""_blank"">@tdfhj07</a>",55,9,43.682,0.902,4,77,0,1466,72.111,0.556,1.111
"<a href=""https://tiktok.com/@tditis4"" target=""_blank"">@tditis4</a>",49,3,51.902,1,5,43,0,44939,1220.333,6.333,14.667
"<a href=""https://tiktok.com/@tdxhj38"" target=""_blank"">@tdxhj38</a>",55,12,49.228,0.897,10,168,0,1589.6,70.6,1.933,8.2
"<a href=""https://tiktok.com/@tdy1634"" target=""_blank"">@tdy1634</a>",87,6,65.611,1,2,18,0,906.833,60,0,0.833
"<a href=""https://tiktok.com/@tdzch1"" target=""_blank"">@tdzch1</a>",55,12,50.097,0.905,11,126,0,1270.067,116.667,1.533,4.333
"<a href=""https://tiktok.com/@tedgh19"" target=""_blank"">@tedgh19</a>",49,3,47.333,1,4,36,0,1956.667,169.333,0.667,0.333
"<a href=""https://tiktok.com/@tedgh94"" target=""_blank"">@tedgh94</a>",55,3,49.488,1,3,22,0,789,49,0.667,2.667
"<a href=""https://tiktok.com/@tedgj96"" target=""_blank"">@tedgj96</a>",49,6,57.632,1,7,69,0,2385.5,96,0,0.167
"<a href=""https://tiktok.com/@tessh95"" target=""_blank"">@tessh95</a>",37,7,71.476,0.908,4,36,0,4112.857,244.714,2.429,3.714
"<a href=""https://tiktok.com/@texbjo"" target=""_blank"">@texbjo</a>",36,8,23.014,0.929,2,17,0,215.125,7.5,0,0.125
"<a href=""https://tiktok.com/@text.fc"" target=""_blank"">@text.fc</a>",12,4,53.5,1,1,8,0,2799,126.75,5.5,1
"<a href=""https://tiktok.com/@text778"" target=""_blank"">@text778</a>",12,4,55.375,1,2,16,0,71224.75,3191.5,7.75,35.5
"<a href=""https://tiktok.com/@tffyib"" target=""_blank"">@tffyib</a>",84,3,30.429,0.75,1,7,0,853.333,40,0,1
"<a href=""https://tiktok.com/@tguu743"" target=""_blank"">@tguu743</a>",126,5,51.444,1,1,9,0,9042,198.714,1.286,5.143
"<a href=""https://tiktok.com/@thds096"" target=""_blank"">@thds096</a>",85,8,46.138,1,3,25,0,1622.333,70.778,0.778,4.889
"<a href=""https://tiktok.com/@the.phuong.duong0"" target=""_blank"">@the.phuong.duong0</a>",114,6,49.286,1,1,7,0,142.667,4,0.167,0
"<a href=""https://tiktok.com/@thi.hung.pham"" target=""_blank"">@thi.hung.pham</a>",115,6,53.6,0.875,1,10,0,615.333,22,0.167,0.333
"<a href=""https://tiktok.com/@thienle4369"" target=""_blank"">@thienle4369</a>",15,8,56.054,0.829,2,15,0,1193.75,50,0.25,0.25
"<a href=""https://tiktok.com/@tho.lop4"" target=""_blank"">@tho.lop4</a>",27,4,73.714,0.8,1,7,0,999.4,36.8,0.4,0.2
"<a href=""https://tiktok.com/@thuc.nguyen2010"" target=""_blank"">@thuc.nguyen2010</a>",16,9,62.588,0.835,5,50,0,2281.818,92,1.182,3.909
"<a href=""https://tiktok.com/@tiantian.baom60"" target=""_blank"">@tiantian.baom60</a>",127,6,27.25,1,1,8,0,14229.75,101.875,2.75,6.5
"<a href=""https://tiktok.com/@tidt55"" target=""_blank"">@tidt55</a>",57,6,41.429,0.95,4,31,0,3011.833,141.333,1.5,1
"<a href=""https://tiktok.com/@tigde25"" target=""_blank"">@tigde25</a>",55,14,49.83,0.843,8,101,0,1571.867,67,0.667,0.8
"<a href=""https://tiktok.com/@tijf9855"" target=""_blank"">@tijf9855</a>",107,9,21.206,1,2,16,0,1195.333,77.556,1.667,1
"<a href=""https://tiktok.com/@tjgew5"" target=""_blank"">@tjgew5</a>",59,8,54.55,0.841,5,52,0,883,77,0,1.25
"<a href=""https://tiktok.com/@trongbinhtran65"" target=""_blank"">@trongbinhtran65</a>",114,6,49.286,1,1,7,0,976.833,6.5,0,0.333
"<a href=""https://tiktok.com/@trung.linh.do4"" target=""_blank"">@trung.linh.do4</a>",116,6,47,1,1,8,0,222.167,1.667,0.333,0
"<a href=""https://tiktok.com/@tsdgg5"" target=""_blank"">@tsdgg5</a>",55,14,44.604,0.944,9,108,0,1503.429,87.071,2.786,2.143
"<a href=""https://tiktok.com/@tsdhj01"" target=""_blank"">@tsdhj01</a>",56,3,47.376,0.8,3,24,0,3402.667,137.667,1,0.667
"<a href=""https://tiktok.com/@tsdhj1"" target=""_blank"">@tsdhj1</a>",55,15,48.984,0.916,15,264,0,1749.4,76.933,1.4,2
"<a href=""https://tiktok.com/@tsdhji"" target=""_blank"">@tsdhji</a>",49,6,52.251,1,7,69,0,944.333,128.167,0.833,1.167
"<a href=""https://tiktok.com/@ttgskn"" target=""_blank"">@ttgskn</a>",112,8,54.875,1,1,8,0,294.125,8.625,0.125,0
"<a href=""https://tiktok.com/@tuanhanhkhuat"" target=""_blank"">@tuanhanhkhuat</a>",79,3,50.667,1,2,18,0,0,0,0.333,0
"<a href=""https://tiktok.com/@tuyen.nguyen5316"" target=""_blank"">@tuyen.nguyen5316</a>",15,7,53.625,0.929,2,16,0,1015.857,31.286,1,1.571
"<a href=""https://tiktok.com/@twilw0"" target=""_blank"">@twilw0</a>",38,6,55.964,1,2,15,0,855.333,54.167,2.333,0.667
"<a href=""https://tiktok.com/@twkg9813"" target=""_blank"">@twkg9813</a>",111,12,62.198,0.95,4,50,0,738.25,70.75,1.75,2.583
"<a href=""https://tiktok.com/@udud3823"" target=""_blank"">@udud3823</a>",87,6,63.133,0.944,3,26,0,4125.833,140.833,4.5,3
"<a href=""https://tiktok.com/@uhffed"" target=""_blank"">@uhffed</a>",62,9,53.619,0.778,1,21,0,12007,1663.182,8.636,502.455
"<a href=""https://tiktok.com/@uiavao.bskvai"" target=""_blank"">@uiavao.bskvai</a>",19,7,52.375,0.875,1,8,0,6918.625,133.5,3.875,0.875
"<a href=""https://tiktok.com/@umd274"" target=""_blank"">@umd274</a>",57,4,42.5,1,1,8,0,2970.5,159.75,1,5.75
"<a href=""https://tiktok.com/@uraf9163"" target=""_blank"">@uraf9163</a>",107,9,22.849,1,2,16,0,912.667,69.556,0.444,0.778
"<a href=""https://tiktok.com/@us021265"" target=""_blank"">@us021265</a>",61,4,67.571,0.8,1,7,0,5474.75,108.25,0.25,4
"<a href=""https://tiktok.com/@user1007309828197"" target=""_blank"">@user1007309828197</a>",100,6,59.558,0.825,3,31,0,3109.333,280.5,3.167,3.667
"<a href=""https://tiktok.com/@user1039975619594"" target=""_blank"">@user1039975619594</a>",90,8,75.308,1,1,13,0,1079.375,134.25,1,0.5
"<a href=""https://tiktok.com/@user11339627115886"" target=""_blank"">@user11339627115886</a>",94,3,30.143,0.8,1,7,0,451.333,18.667,0.667,0.333
"<a href=""https://tiktok.com/@user127961136081"" target=""_blank"">@user127961136081</a>",53,3,52.333,1,2,18,0,873.333,38,2.667,2.667
"<a href=""https://tiktok.com/@user16253007661390"" target=""_blank"">@user16253007661390</a>",129,5,19,1,1,8,0,2553.167,55.167,0.667,2.667
"<a href=""https://tiktok.com/@user16909390140293"" target=""_blank"">@user16909390140293</a>",11,11,64.553,0.947,3,66,0,2992.364,43.818,158.364,1.182
"<a href=""https://tiktok.com/@user1781066367752"" target=""_blank"">@user1781066367752</a>",91,3,11.222,1,1,9,0,661.667,27.333,0.333,0.667
"<a href=""https://tiktok.com/@user1863780797990"" target=""_blank"">@user1863780797990</a>",61,4,67.571,0.8,1,7,0,1074,88.5,0.25,0.5
"<a href=""https://tiktok.com/@user19103225080680"" target=""_blank"">@user19103225080680</a>",20,6,53,0.714,1,9,0,4197.5,140.2,7,18.7
"<a href=""https://tiktok.com/@user19220826995477"" target=""_blank"">@user19220826995477</a>",128,4,47.938,1,2,15,0,1991.8,110,4.6,2.4
"<a href=""https://tiktok.com/@user2008781421291"" target=""_blank"">@user2008781421291</a>",85,5,74.714,0.8,1,7,0,2572.4,248.4,4.2,27.2
"<a href=""https://tiktok.com/@user2393247248006"" target=""_blank"">@user2393247248006</a>",72,3,56,1,1,9,0,274.333,7.667,0.333,0.333
"<a href=""https://tiktok.com/@user2810315813972"" target=""_blank"">@user2810315813972</a>",21,10,52.962,0.918,5,47,0,12920.6,143.9,5.1,1.2
"<a href=""https://tiktok.com/@user28115831310981"" target=""_blank"">@user28115831310981</a>",55,15,54.569,0.816,11,203,0,612.733,40.333,0.667,1.867
"<a href=""https://tiktok.com/@user30754046928858"" target=""_blank"">@user30754046928858</a>",99,4,95.75,1,1,8,0,2331.833,130,1.667,1.833
"<a href=""https://tiktok.com/@user3154950400581"" target=""_blank"">@user3154950400581</a>",21,5,60.127,0.929,4,30,0,1349,86,1.4,1
"<a href=""https://tiktok.com/@user3310281972692"" target=""_blank"">@user3310281972692</a>",92,6,42.056,1,1,18,0,1922.4,27.467,0.467,0.333
"<a href=""https://tiktok.com/@user3357615163181"" target=""_blank"">@user3357615163181</a>",14,9,61.09,0.857,2,17,0,1758,122.636,0.727,6.091
"<a href=""https://tiktok.com/@user3436197788624"" target=""_blank"">@user3436197788624</a>",16,9,54.783,0.877,8,73,0,4138.222,78.222,1,1.222
"<a href=""https://tiktok.com/@user3907058774305"" target=""_blank"">@user3907058774305</a>",30,9,72.143,0.857,1,7,0,3223.333,98.111,3.444,4.667
"<a href=""https://tiktok.com/@user3922037259395"" target=""_blank"">@user3922037259395</a>",34,6,62.714,1,1,7,0,3232.25,37.375,0.375,2.75
"<a href=""https://tiktok.com/@user4102790732505"" target=""_blank"">@user4102790732505</a>",90,10,40.8,1,2,28,0,15641.2,753.6,5,5.3
"<a href=""https://tiktok.com/@user4441230309086"" target=""_blank"">@user4441230309086</a>",59,4,46.75,1,1,8,0,440.714,31.714,0.143,0.143
"<a href=""https://tiktok.com/@user4681663121155"" target=""_blank"">@user4681663121155</a>",100,3,53.714,0.9,2,15,0,1749.5,15,0.167,0.333
"<a href=""https://tiktok.com/@user4799806211629"" target=""_blank"">@user4799806211629</a>",3,4,65.375,1,2,15,0,2015,73.75,3,0
"<a href=""https://tiktok.com/@user4802110341559"" target=""_blank"">@user4802110341559</a>",29,8,73.286,1,2,14,0,1281.375,142.625,1,1.375
"<a href=""https://tiktok.com/@user4910978194451"" target=""_blank"">@user4910978194451</a>",87,6,38.47,0.967,5,42,0,4411,79.167,0.167,2.833
"<a href=""https://tiktok.com/@user49991069475292"" target=""_blank"">@user49991069475292</a>",56,3,38.444,0.9,2,17,0,1335,59.667,0,0.667
"<a href=""https://tiktok.com/@user5196059158859"" target=""_blank"">@user5196059158859</a>",53,3,46.704,0.933,3,27,0,4917.667,70.333,0.667,0.667
"<a href=""https://tiktok.com/@user53220988591844"" target=""_blank"">@user53220988591844</a>",79,3,55.593,0.933,3,27,0,0,0,0.333,0
"<a href=""https://tiktok.com/@user54653367145533"" target=""_blank"">@user54653367145533</a>",94,3,30.143,0.8,1,7,0,2450.333,90.333,0,0
"<a href=""https://tiktok.com/@user55029855976770"" target=""_blank"">@user55029855976770</a>",90,9,62.654,0.875,2,24,0,2213,75.444,0.222,0.111
"<a href=""https://tiktok.com/@user5504332929509"" target=""_blank"">@user5504332929509</a>",58,4,35,1,1,8,0,962.375,66.125,0.375,1.625
"<a href=""https://tiktok.com/@user5513161827012"" target=""_blank"">@user5513161827012</a>",91,3,11.222,1,1,9,0,5562,143,3.667,1
"<a href=""https://tiktok.com/@user5831942911597"" target=""_blank"">@user5831942911597</a>",57,6,47.127,0.914,4,36,0,3733.5,117.333,2,1
"<a href=""https://tiktok.com/@user5856382575116"" target=""_blank"">@user5856382575116</a>",83,6,44.667,1,1,9,0,2464.5,115,0.5,1
"<a href=""https://tiktok.com/@user6100349282272"" target=""_blank"">@user6100349282272</a>",58,4,64.625,1,2,16,0,1878.25,274.75,2.5,2.75
"<a href=""https://tiktok.com/@user61165494628858"" target=""_blank"">@user61165494628858</a>",55,15,48.022,0.911,14,246,0,1234.667,53.467,2.333,1.333
"<a href=""https://tiktok.com/@user6560027841668"" target=""_blank"">@user6560027841668</a>",50,3,27.333,1,1,9,0,782,38,0.333,0.667
"<a href=""https://tiktok.com/@user66299996263328"" target=""_blank"">@user66299996263328</a>",95,3,37.143,0.8,1,7,0,192,1,0.333,0
"<a href=""https://tiktok.com/@user6826747238168"" target=""_blank"">@user6826747238168</a>",52,3,60.04,0.9,2,16,0,630.667,25.333,0.667,1.667
"<a href=""https://tiktok.com/@user68356911128363"" target=""_blank"">@user68356911128363</a>",90,4,35.5,1,1,8,0,1420.25,78.75,1,0.875
"<a href=""https://tiktok.com/@user6881678887137"" target=""_blank"">@user6881678887137</a>",59,7,58.389,0.828,5,51,0,703.143,60.286,0.857,1
"<a href=""https://tiktok.com/@user7080026610324"" target=""_blank"">@user7080026610324</a>",21,9,54.095,0.964,7,60,0,1446.444,83.111,4.778,2.111
"<a href=""https://tiktok.com/@user71019182669983"" target=""_blank"">@user71019182669983</a>",96,3,69.667,1,1,9,0,141.667,0,0,0
"<a href=""https://tiktok.com/@user7270761600097"" target=""_blank"">@user7270761600097</a>",57,5,56.75,1,2,16,0,27677.2,161.4,4.2,24.4
"<a href=""https://tiktok.com/@user7285945563907"" target=""_blank"">@user7285945563907</a>",14,6,58.556,0.857,1,9,0,2139.333,65.417,0.667,1.167
"<a href=""https://tiktok.com/@user7672491933286"" target=""_blank"">@user7672491933286</a>",55,9,59.9,1,5,84,0,2112.111,131,0.444,3
"<a href=""https://tiktok.com/@user7876001821495"" target=""_blank"">@user7876001821495</a>",52,3,59.611,0.9,2,18,0,2826.667,133.333,2,5
"<a href=""https://tiktok.com/@user81082915581853"" target=""_blank"">@user81082915581853</a>",93,3,6.667,0.8,1,9,0,7364,102.333,1.333,7.333
"<a href=""https://tiktok.com/@user8139270203315"" target=""_blank"">@user8139270203315</a>",55,15,46.044,0.914,9,135,0,896.933,49.267,0.733,0.6
"<a href=""https://tiktok.com/@user82404835347276"" target=""_blank"">@user82404835347276</a>",86,7,72.812,0.857,2,16,0,1546.286,100.429,0.571,2.714
"<a href=""https://tiktok.com/@user8387573559941"" target=""_blank"">@user8387573559941</a>",96,3,69.667,1,1,9,0,17630,554.333,22,44
"<a href=""https://tiktok.com/@user8478108672003"" target=""_blank"">@user8478108672003</a>",55,8,53.039,0.879,9,112,0,1451.875,37.5,1.25,3.125
"<a href=""https://tiktok.com/@user85244619549900"" target=""_blank"">@user85244619549900</a>",90,12,48.05,0.875,2,31,0,1824.167,62.917,0.5,0.25
"<a href=""https://tiktok.com/@user90458309763611"" target=""_blank"">@user90458309763611</a>",8,6,85.667,1,1,9,0,1169.333,99,1.667,1.167
"<a href=""https://tiktok.com/@user9157400912871"" target=""_blank"">@user9157400912871</a>",72,3,56,1,1,9,0,270,10.333,1.667,0.333
"<a href=""https://tiktok.com/@user918416806877"" target=""_blank"">@user918416806877</a>",57,6,62.375,0.667,1,8,0,2769.5,136.167,0.333,0.667
"<a href=""https://tiktok.com/@user92374833759676"" target=""_blank"">@user92374833759676</a>",30,9,72.143,0.857,1,7,0,986.111,43.667,1.667,0.556
"<a href=""https://tiktok.com/@user96122167753030"" target=""_blank"">@user96122167753030</a>",89,3,47.832,0.79,5,41,0,15813.667,335.667,0,13
"<a href=""https://tiktok.com/@user9884611180650"" target=""_blank"">@user9884611180650</a>",95,3,37.143,0.8,1,7,0,459.333,12.333,0.667,0.333
"<a href=""https://tiktok.com/@user9921602198218"" target=""_blank"">@user9921602198218</a>",52,3,11.333,0.9,2,18,0,1817.667,84.667,0.667,1.667
"<a href=""https://tiktok.com/@uzrd3"" target=""_blank"">@uzrd3</a>",87,6,61.736,0.917,4,37,0,892.5,71,0.167,3.167
"<a href=""https://tiktok.com/@vaigg0"" target=""_blank"">@vaigg0</a>",21,9,59.931,0.952,3,23,0,1724.778,123.778,2.556,5.111
"<a href=""https://tiktok.com/@van.mai.duong6"" target=""_blank"">@van.mai.duong6</a>",116,5,47,1,1,8,0,125.4,0,0,0
"<a href=""https://tiktok.com/@vdghj63"" target=""_blank"">@vdghj63</a>",84,6,38.217,0.845,4,48,0,2081.167,54.167,1.5,0.667
"<a href=""https://tiktok.com/@veysa891"" target=""_blank"">@veysa891</a>",81,5,74.429,1,1,7,0,5116.4,36.8,0.8,1.2
"<a href=""https://tiktok.com/@vitsu.alec1"" target=""_blank"">@vitsu.alec1</a>",17,6,55.6,1,1,10,0,1589.833,63.5,0.833,1
"<a href=""https://tiktok.com/@vsuau5"" target=""_blank"">@vsuau5</a>",37,8,63.441,0.95,4,32,0,611.375,55.5,0.625,0.625
"<a href=""https://tiktok.com/@vuctjg"" target=""_blank"">@vuctjg</a>",89,3,48.194,0.79,5,43,0,212,9.333,0.667,0
"<a href=""https://tiktok.com/@weeo.nltb"" target=""_blank"">@weeo.nltb</a>",97,10,43.905,1,3,21,0,5543.2,265.6,9.2,24.3
"<a href=""https://tiktok.com/@wert2992"" target=""_blank"">@wert2992</a>",109,7,12.714,1,1,7,0,5213.364,178.636,4.455,5.182
"<a href=""https://tiktok.com/@wkxbcqrhqrxg"" target=""_blank"">@wkxbcqrhqrxg</a>",125,3,85,0.8,1,7,0,348,15.667,0,0
"<a href=""https://tiktok.com/@wonder5537"" target=""_blank"">@wonder5537</a>",48,7,64.429,0.875,1,14,0,986,40.083,0.583,0.333
"<a href=""https://tiktok.com/@wove1579"" target=""_blank"">@wove1579</a>",111,10,42.03,0.944,2,52,0,221.75,4,0,0.083
"<a href=""https://tiktok.com/@wxbmi"" target=""_blank"">@wxbmi</a>",36,8,34.189,0.929,2,19,0,187.625,8,0,0
"<a href=""https://tiktok.com/@wyfgmm1"" target=""_blank"">@wyfgmm1</a>",83,5,76.714,1,1,7,0,885.2,53.8,1,1
"<a href=""https://tiktok.com/@xchinaqueen5"" target=""_blank"">@xchinaqueen5</a>",23,5,96.4,0.8,1,15,0,199,15.909,1.182,0.455
"<a href=""https://tiktok.com/@xchinaqueen6"" target=""_blank"">@xchinaqueen6</a>",23,5,96.4,0.8,1,15,0,583.143,66.429,3.571,0.857
"<a href=""https://tiktok.com/@xiahoudun152"" target=""_blank"">@xiahoudun152</a>",81,5,74.429,1,1,7,0,989,50.4,0,1
"<a href=""https://tiktok.com/@xiao888196"" target=""_blank"">@xiao888196</a>",128,5,48.125,1,2,19,0,2660,137,2.8,2.6
"<a href=""https://tiktok.com/@xuanyenvo450"" target=""_blank"">@xuanyenvo450</a>",80,3,63.625,0.8,1,8,0,0,0,0,0
"<a href=""https://tiktok.com/@xvnmh8"" target=""_blank"">@xvnmh8</a>",37,6,49.625,0.917,2,18,0,542.833,31.333,0.5,0
"<a href=""https://tiktok.com/@xxii911"" target=""_blank"">@xxii911</a>",10,9,53.9,0.952,3,32,0,4759.556,213.333,5.111,3.333
"<a href=""https://tiktok.com/@yd036473p"" target=""_blank"">@yd036473p</a>",28,3,66.857,1,1,7,0,1431,139.667,1.333,0.667
"<a href=""https://tiktok.com/@ydbsjqd72"" target=""_blank"">@ydbsjqd72</a>",69,10,66.852,0.952,3,24,0,1038.8,96.5,0.3,1.6
"<a href=""https://tiktok.com/@yevbvv"" target=""_blank"">@yevbvv</a>",53,3,75.333,1,2,18,0,239.333,10.667,0.333,0.333
"<a href=""https://tiktok.com/@yhdas"" target=""_blank"">@yhdas</a>",55,14,47.431,0.841,9,159,0,2581.357,70.929,3.571,1.5
"<a href=""https://tiktok.com/@yiitsukb"" target=""_blank"">@yiitsukb</a>",21,6,49.286,1,1,7,0,46535.875,2772.625,193.25,1846.5
"<a href=""https://tiktok.com/@ykfre3"" target=""_blank"">@ykfre3</a>",113,11,55.38,0.882,4,56,0,1608.571,122.5,1,3.857
"<a href=""https://tiktok.com/@ykre61"" target=""_blank"">@ykre61</a>",55,15,60.109,0.917,11,166,0,2341.333,181.6,0.933,5.333
"<a href=""https://tiktok.com/@ymhr6933"" target=""_blank"">@ymhr6933</a>",107,7,23.5,1,2,14,0,1131.667,62.111,0.667,0.444
"<a href=""https://tiktok.com/@you55668"" target=""_blank"">@you55668</a>",9,5,46.143,1,1,7,0,1215.571,68.714,1.714,0.143
"<a href=""https://tiktok.com/@yourstoryttt"" target=""_blank"">@yourstoryttt</a>",9,6,46.143,1,1,7,0,1685.167,71.667,1,2
"<a href=""https://tiktok.com/@yrfgj12"" target=""_blank"">@yrfgj12</a>",84,5,62.726,0.774,3,27,0,630.6,28.2,0.6,0.6
"<a href=""https://tiktok.com/@ysishhd7"" target=""_blank"">@ysishhd7</a>",21,10,53.908,0.908,6,54,0,2107.3,113.5,2.2,5.4
"<a href=""https://tiktok.com/@ytrq8081"" target=""_blank"">@ytrq8081</a>",110,11,63.907,1,4,86,0,1176.25,92.833,0.25,0.75
"<a href=""https://tiktok.com/@yuroc2gvf1"" target=""_blank"">@yuroc2gvf1</a>",33,3,49.889,0.8,1,9,0,452.667,21,0,0.333
"<a href=""https://tiktok.com/@yvrfjt"" target=""_blank"">@yvrfjt</a>",89,3,67.365,0.933,3,23,0,5210.333,212.667,0.333,17.333
"<a href=""https://tiktok.com/@yxbiyg"" target=""_blank"">@yxbiyg</a>",126,4,54.5,1,1,8,0,1274.333,96.167,1,0.667
"<a href=""https://tiktok.com/@yxld.ohqi"" target=""_blank"">@yxld.ohqi</a>",97,8,33.571,1,2,14,0,9669.875,120.75,23.375,39.75
"<a href=""https://tiktok.com/@zk545849bmk"" target=""_blank"">@zk545849bmk</a>",106,3,38.111,1,1,9,0,5365.667,84,0,0.333
"<a href=""https://tiktok.com/@zsdx184"" target=""_blank"">@zsdx184</a>",16,11,59.018,0.901,8,122,0,1358.545,86.273,0.455,1
"<a href=""https://tiktok.com/@zxvb736"" target=""_blank"">@zxvb736</a>",16,10,56.636,0.77,8,111,0,22886.4,335.6,1.9,9.1
