"Network","Number of Accounts","Network Density","Network Diameter","Clustering Coefficient","Avg Views","Avg Likes","Avg Comments","Avg Shares","Member Accounts"
1,2,1,8,0,1558,42.125,0.875,0,"hdr86575, aedhdici"
2,3,0.667,14,0,4953.5,337.375,2.208,11.5,"djbdjfjff, ryllskaya.reddit, ryllskayaqing"
3,3,0.667,15,0,3660.75,97.75,2.583,0.25,"hdhu402, gjfghh74, user4799806211629"
4,4,0.667,20,0.6,1198.447,92.974,0.974,0.921,"dell.oswink, drape.ivoe, bagge.hazelk, stien.lindag"
5,3,1,8,1,9824.167,263.667,0.556,1.389,"raymo.bricek, fody.noachp, brese.hillah"
6,2,1,8,0,1249.529,90,1.471,1.353,"may.mortk, lierd.wilfrp"
7,2,1,9,0,4810.737,192.684,1.421,4.474,"labon.marenm, bowro.jpp"
8,2,1,9,0,1110.733,75.6,1.867,1.267,"grry77768, user90458309763611"
9,2,1,7,0,1432.308,70.077,1.385,1,"you55668, yourstoryttt"
10,5,0.7,21,0.8,4095.093,184.884,3.442,3.279,"rohingyao, cagnhd, hdryxd, xxii911, stoyouh"
11,4,1,30,1,1427.027,35.676,48.351,1.054,"lin689668987, fhkundshunk, kungyhunksd, user16909390140293"
12,3,0.667,16,0,26307.75,1174.333,5.417,12.667,"hxavnxh, text.fc, text778"
13,2,1,7,0,2682.526,71.947,0.842,0.421,"dvvsaag, mnabkkop"
14,3,0.667,17,0,1795.259,82.444,0.667,3.037,"user3357615163181, gsutuzzvhzhhztays, user7285945563907"
15,4,0.5,23,0,1232.893,48.464,0.5,0.786,"phuong.nguyen4922, ngoc.ho078, thienle4369, tuyen.nguyen5316"
16,12,0.591,32,0.759,5481.914,133.224,0.94,2.974,"khanh.dao61, sijh37, aed0267, dthh824, thuc.nguyen2010, user3436197788624, aed2750, jajsjsn56, jvtvc3, zsdx184, gooj806, zxvb736"
17,2,1,10,0,1941.5,59.583,0.917,1,"seile.rian, vitsu.alec1"
18,3,0.667,18,0,2325.429,137.222,12.968,3.46,"airplandriver120, chummi_queen1, amazing_seeet120"
19,8,0.321,31,0.353,3101.106,146.576,2.621,2.303,"fkfdnd, hdixidnf, gdkcofufn, jacob.parsons57, prtnr8, uiavao.bskvai, fjyukfjjf, djm9r"
20,2,1,9,0,5375.789,211.211,5.632,14,"ididu034, user19103225080680"
21,10,0.422,31,0.6,13759.023,596.126,23.851,179.632,"hpcfh, kbpsjd, vaigg0, user7080026610324, yiitsukb, user2810315813972, kdhdh1314, gubwos, user3154950400581, ysishhd7"
22,3,1,13,1,2107.815,122.259,1.593,0.852,"cx.b28, geievertu8, hdidkser0"
23,2,1,15,0,348.389,35.556,2.111,0.611,"xchinaqueen5, xchinaqueen6"
24,2,1,7,0,4985.4,112.8,1.8,1.7,"djsisidh, kfusj3"
25,2,1,9,0,1485.3,75,1,0.4,"alysha.lesiak, monika.budimir0"
26,2,1,8,0,1228.75,82.083,1.167,0.667,"charlene.gilbert31, osiel.louis"
27,3,0.667,18,0,951,32.542,0.708,0.292,"amkgvx, jvdrg3, tho.lop4"
28,2,1,7,0,1314,115.333,1,0.556,"5ueqtpnac, yd036473p"
29,3,0.667,14,0,2945.148,62.667,0.407,1,"user4802110341559, kqva.glub, jdhsgstshjs"
30,2,1,7,0,2104.722,70.889,2.556,2.611,"user92374833759676, user3907058774305"
31,5,1,31,1,773.314,68.255,0.49,0.235,"eagehh, qdcieh, dhuolt, hojdmc, reddit_grayson99"
32,2,1,7,0,7535.875,44.375,10.125,0.5,"344qus7, ev4ar9lx53"
33,3,0.667,20,0,268.643,9.286,0.071,0.071,"o6zn4lobe2, ogdzwqhq80, yuroc2gvf1"
34,2,1,7,0,2818.188,37.625,1,1.688,"luqm.pjmg, user3922037259395"
35,2,1,7,0,4979.5,53.429,0.643,5.5,"hoglbjlvil, govkjhkbb"
36,3,1,10,1,196.125,6.75,0,0.083,"fhjb593, texbjo, wxbmi"
37,13,0.256,46,0.447,20428.772,917.739,6.293,13.543,"jspsns3, rtikb3, jelejeh1, dghhg372, owuhwh, tessh95, hfstil3, cisos51, gajis40, fulknm, sfagnd, vsuau5, xvnmh8"
38,10,0.244,58,0.2,15125.868,629.855,7.658,8.105,"jsiso93, segji2, eyidk5, isgsjdj0, oaisg2, flsosi5, bjspsp, gysfh4, qllsks0, twilw0"
39,2,1,7,0,241.75,7.125,0.75,0.125,"owwnbs, shtg02"
40,2,1,16,0,8598.5,130.556,11.667,11.167,"reddit_ignatius8, shbsdd2"
41,7,0.429,36,0.6,551.193,17.263,0.754,2.263,"abewilliamson, chenhencunzai, duidaishenbianren, noyaozhaoji, fubaozhenxin, ribuluosse, erxinzhongliao"
42,4,1,9,1,415.333,6.417,0.333,0.5,"fakenewskoala, prankfailking, bibilovebinbin, eawbkpn"
43,2,1,8,0,641.75,48.375,1.875,11.875,"clarajamieson2, hujitelokueg"
44,2,1,7,0,991.375,68.25,4.125,16.875,"jonathan.saravia37, constantinos.hard"
45,2,1,7,0,1459.875,121.625,5,1.25,"beautifulseen30, chinesebeauty39"
46,2,1,7,0,19000.133,811.667,15.067,8.133,"aedrc4, aed0963"
47,2,1,9,0,586.4,2.24,0,0.08,"avafind2, knl39aprh6"
48,2,1,14,0,712.409,28.045,0.636,0.364,"fdrnbpulsfg, wonder5537"
49,10,0.511,27,0.673,5375.718,182.513,0.949,9.026,"gydhfb6, hjfse0, gtchdh, iyghyr, kygfdj8, tedgj96, kugevj, tditis4, tedgh19, tsdhji"
50,2,1,9,0,540,24.667,0.5,0.667,"jydgyu7, user6560027841668"
51,3,1,9,1,9973.889,328.111,2.778,9.889,"fg49328, is32994, murrku6"
52,5,0.6,18,0.6,1470,61.944,1.056,6,"user6826747238168, hdsfh21, user7876001821495, gdchh23, user9921602198218"
53,4,0.833,18,0.75,2885.75,54.5,2.5,8.5,"user5196059158859, hradh1, user127961136081, yevbvv"
54,8,0.571,25,0.679,2426.792,131.292,6.083,0.792,"grdgj00, bifhtfj, hfcghk5, fkhff4, htcgfg, hjugvf6, mdvyrv, kycvdg"
55,23,0.368,51,0.607,1494.763,84.863,1.304,2.248,"user28115831310981, taachh6, user8139270203315, tdxhj38, tsdgg5, gtcjyk, tsdhj1, yhdas, fdfhj915, gsxgh2, user61165494628858, tedgh94, tigde25, user8478108672003, gdchio3, tdzch1, dhcss7, tdfhj07, user7672491933286, hrdgj17, hdchj83, duiwkn, ykre61"
56,4,0.667,16,0.6,2895.833,102.083,1,2.5,"ddghj064, tsdhj01, grfbjk, user49991069475292"
57,11,0.291,39,0.571,5873.18,173.557,1.787,4.164,"jeyune1, r.f.f.f..e, d548930, odt614, tidt55, user5831942911597, bbbmm480, sggee05, umd274, user7270761600097, user918416806877"
58,3,0.667,16,0,2770.278,157.167,0.833,25.889,"fgvv752, user6100349282272, user5504332929509"
59,10,0.511,34,0.78,982.849,73.068,0.425,2.041,"gnsky51, gzchjj, hulili45, tjgew5, fdfhj821, its92008, user4441230309086, hmcss1, isrtz0, user6881678887137"
60,4,1,18,1,11952.417,548,10.792,19.5,"ciict14, gfgh1601, jyghgh6, nujdju"
61,2,1,7,0,3274.375,98.375,0.25,2.25,"us021265, user1863780797990"
62,2,1,21,0,6852.304,849.217,5.043,242.957,"kugeej, uhffed"
63,2,1,9,0,2288.667,87.333,2,4.5,"jfcfhr, hrcjhg1"
64,2,1,9,0,2631.667,116.167,5.667,11.333,"f.hd.ss, dadfi54"
65,3,0.667,15,0,3603.111,167.333,0.556,4.444,"htcvhh5, .ncsd, jfcfhg"
66,8,0.286,32,0,2362.833,98.583,3.083,3.875,"grsghi7, gbxdhg, grdgh91, cjfdf6, grveatpi4138, hddgh2868, chhfd09, hexhtk"
67,3,0.667,18,0,2496.077,115.423,0.538,0.846,"fhhqf62, hdbtv68, hgfstu64"
68,2,1,7,0,1167,70,1.5,2.05,"gvfsy54, hcuf637"
69,4,0.667,17,0.6,2867.516,101.452,2.129,2.387,"hgdeyt64, dugfbuf, bhbtv103, ydbsjqd72"
70,3,0.667,16,0,1507.727,71.091,0.818,1.273,".hdghf2, hbfs76, hdsch8"
71,4,0.5,31,0,1195.767,65.3,0.533,1.833,"jmvxs4, hffj8833, fschj7, rrhji7"
72,2,1,9,0,272.167,9,1,0.333,"user2393247248006, user9157400912871"
73,5,0.5,36,0.5,1296.536,20.429,0.214,0.143,"jiejielove0001, huggettguziec195, nihaoya0002, luensmanntuma245, shadrickkham"
74,7,0.476,24,0.375,1339.868,35.026,0.316,0.263,"goisthillwig517, forwardcode423, devinkary0516, ilovevgycguhyi467, jiejielovetao518, nikebimm0445, speakingspeak.464"
75,2,1,7,0,691.25,53,0,0.125,"bibaom318, nassoncohee"
76,3,1,9,1,1536.375,49.375,1.812,1.562,"dong.dong512, kleber.capuano, sjyzm209"
77,2,1,7,0,823.636,43.273,1.727,0.182,"fgcc379, sjyzm286"
78,2,1,8,0,711.8,41.7,0.7,0.1,"qwer35064, stemmermanthobbs"
79,4,0.833,17,0.75,0,0,1.667,0,"shallownuckoles51, tuanhanhkhuat, huutrangphan421, user53220988591844"
80,2,1,8,0,142.714,13.143,0.143,0,"ductrangtran461, xuanyenvo450"
81,2,1,7,0,3052.7,43.6,0.4,1.1,"veysa891, xiahoudun152"
82,2,1,7,0,1281.385,91.462,0.538,1,"aedditre, dayutoureddit"
83,4,0.5,16,0,1598.76,86.16,1,0.88,"user5856382575116, fensewenhaomao18, baifamm13, wyfgmm1"
84,7,0.571,30,0.686,1593.594,51.219,0.844,2.219,"tffyib, grsdhj91, gdchji82, gesghh2, vdghj63, hddgk68, yrfgj12"
85,5,0.6,23,0.6,2500.077,108.692,0.974,6.051,"fasch32, hdfjkk6, thds096, hffhhi2, user2008781421291"
86,5,0.4,32,0,15293.5,3143.806,8.75,44.444,"jgvh67, reush5, gdxvn8, user82404835347276, fmgd8"
87,8,0.393,27,0.48,2463.041,102.061,1.204,2.184,"hesghj21, hfsdhj96, user4910978194451, udud3823, tdy1634, gddghj11, ghit3644, uzrd3"
88,3,0.667,15,0,3250.118,239.294,2.176,3.882,"fzfhj67, isr0065, grdgh36"
89,9,0.5,25,0.738,39634.185,4423.185,40.519,200.037,"jifjtf, jyggeg3, htfhfj5, itchfh, vuctjg, user96122167753030, itfhtj, fjvthj, yvrfjt"
90,5,0.4,52,0,4642.894,227.106,1.574,1.447,"user4102790732505, user55029855976770, user1039975619594, user85244619549900, user68356911128363"
91,2,1,9,0,3111.833,85.167,2,0.833,"user1781066367752, user5513161827012"
92,2,1,18,0,1817.933,33.067,0.833,0.433,"sharemusic48, user3310281972692"
93,2,1,9,0,3813.833,52.167,0.667,3.667,"bjhh8031, user81082915581853"
94,2,1,7,0,1450.833,54.5,0.333,0.167,"user11339627115886, user54653367145533"
95,2,1,7,0,325.667,6.667,0.5,0.167,"user66299996263328, user9884611180650"
96,2,1,9,0,8885.833,277.167,11,22,"user71019182669983, user8387573559941"
97,4,0.667,14,0.6,5717.424,183.212,11.879,23.212,"absvajpz, weeo.nltb, pctz.otbh, yxld.ohqi"
98,3,1,11,1,1197.722,95.222,0.556,0.667,"bfscgh, ngcvgh3, tddghj8"
99,3,0.667,16,0,1807.5,109.938,0.75,3.25,"user30754046928858, dhddt67, gedgj25"
100,4,0.833,16,0.75,4671.167,400.167,7.875,79.292,"gyjgts, mri78275, user1007309828197, user4681663121155"
101,2,1,18,0,4172.118,136.412,8.647,3.412,"gssgh83, idfhj50"
102,2,1,15,0,1843.3,85.5,0.9,0.2,"hdicok57, hfigi61"
103,2,1,8,0,3776.35,208.9,4.1,6.7,"bpotdxeuh00, nigcghfxpjg"
104,4,1,45,1,330.429,9.75,0.357,0.179,"dchfgs, fexride2, guifty920, ifskzd"
105,5,1,39,1,697.919,9.757,0.324,0.243,"dhcfjc2, fetehi5, degfkr5, fuddys6, kguays"
106,2,1,9,0,3501.333,92.667,3.333,15.167,"baommmm85, zk545849bmk"
107,3,1,9,1,1079.889,69.741,0.926,0.741,"tijf9855, uraf9163, ymhr6933"
108,2,1,7,0,1259.125,66.333,1.292,0.75,"ifrt2705, sush0240"
109,2,1,7,0,3481.1,137.25,2.7,3.55,"dhie1905, wert2992"
110,8,0.643,32,0.739,2001.432,108.358,0.632,1.358,"jkuy0534, drgd8391, fhda78402, bvoo3130, dijx3903, okay11732, ghhj8554, ytrq8081"
111,8,0.429,62,0.692,1101.873,70.949,1.468,1.911,"kjuq5904, djwf2904, eiej4325, foot89786, gjhg8047, dhzg1822, wove1579, twkg9813"
112,2,1,8,0,506.188,18.938,0.125,0,"omnggu, ttgskn"
113,7,0.476,32,0.429,1202.612,82.65,1.3,2.15,"chhdg32, chdd62, tadgj3, hdfhj291, fadhh289, gsxgj09, ykfre3"
114,2,1,7,0,559.75,5.25,0.083,0.167,"the.phuong.duong0, trongbinhtran65"
115,2,1,10,0,480.5,16.571,0.286,0.214,"giadungpham0, thi.hung.pham"
116,2,1,8,0,178.182,0.909,0.182,0,"trung.linh.do4, van.mai.duong6"
117,2,1,7,0,1228,56.438,2.062,1.438,"fidgyf88, hhjjhhyykk"
118,2,1,8,0,1280.667,92.444,0.889,0.667,"chocolate_2081, eden70188"
119,3,1,8,1,30077.294,2197.059,75.118,616.353,"dhhdd357, bjseoyopnbx, loandqpnn"
120,2,1,8,0,24104.231,1255.154,129.462,844.077,"skylar.phaky1954, guttggbh"
121,2,1,10,0,2805.231,68.692,5.615,2.615,"qprtyruykxnmm, aedhjgh8447"
122,3,0.667,16,0,2166.125,86.75,3.375,9.188,"arlenswinburne0317, aeddjgjdks4732, anthonyhkm489"
123,4,0.5,41,0,237.61,33.341,3.305,0.317,"china_deriver_109, amazing_girl_101, china_deriver_15, coco_video10"
124,4,1,9,1,985.067,49.267,1.467,2,"ddyqtx.twfqof, kvczzcklkaio, fatjhx.edgotx, stfsma.syhjbg"
125,3,0.667,15,0,317.333,15.889,0,0.333,"essqou.lwawcg, shurwsnnmzqx, wkxbcqrhqrxg"
126,3,0.667,17,0,4281.211,143.684,1.526,2.842,"jox.kj, tguu743, yxbiyg"
127,2,1,8,0,16015.308,143.154,3.538,13.462,"second.date.update9458, tiantian.baom60"
128,3,1,12,1,5097.941,113.118,3.353,7.706,"jiakehhh6, user19220826995477, xiao888196"
129,2,1,8,0,2981.714,46.857,0.643,1.571,"bdzgjk, user16253007661390"
130,2,1,8,0,4113.917,55,0.5,2.083,"fdzhj5, hfchkk26"
131,3,0.667,28,0,163.353,2.647,0,0.118,"edocwr2, djjehokxtu2, jvrdnm"
132,4,0.5,29,0,114.783,1.522,0,0,"nckhfd2, ickaqo, reddit_gavin76, reddit_piper7"
133,2,1,12,0,4986.867,239.133,3,4.467,"pjk3357, redreddit48"
