"Account","Network","Unique Shares","Avg Time Between Shares (sec)","Edge Symmetry Score","Degree","Strength","Betweenness","Avg Views","Avg Likes","Avg Comments","Avg Shares"
"<a href=""https://tiktok.com/@az3hr2bls1"" target=""_blank"">@az3hr2bls1</a>",7,2,32.5,1,1,6,0,152,3,0,0
"<a href=""https://tiktok.com/@bysmovie4"" target=""_blank"">@bysmovie4</a>",6,4,51.222,0.8,1,9,0,2448.25,107.25,0.5,0.75
"<a href=""https://tiktok.com/@cckzumrc48"" target=""_blank"">@cckzumrc48</a>",2,4,52.516,1,2,16,0,1382.25,22,0.5,0.25
"<a href=""https://tiktok.com/@d5vefuajb4"" target=""_blank"">@d5vefuajb4</a>",7,3,32.5,1,1,6,0,6.333,0.667,0,0
"<a href=""https://tiktok.com/@eltks7n772"" target=""_blank"">@eltks7n772</a>",5,3,47.361,1,2,15,0,14168.25,236,2.25,15.25
"<a href=""https://tiktok.com/@f1nkrheka7"" target=""_blank"">@f1nkrheka7</a>",2,3,53.571,1,2,14,0,1765.333,28,0.333,0
"<a href=""https://tiktok.com/@hihi909kk"" target=""_blank"">@hihi909kk</a>",6,4,71.638,0.756,3,22,0.016,1744.75,30.25,0,0
"<a href=""https://tiktok.com/@hvwadkmlr5"" target=""_blank"">@hvwadkmlr5</a>",1,3,49.857,1,1,7,0,501.667,38.333,0,0
"<a href=""https://tiktok.com/@jf17bhcjz5"" target=""_blank"">@jf17bhcjz5</a>",5,2,52,0.75,1,6,0,2473,223,1,3
"<a href=""https://tiktok.com/@klcc00.2"" target=""_blank"">@klcc00.2</a>",4,3,47.75,0.8,1,8,0,14254.333,365.667,0.667,12.333
"<a href=""https://tiktok.com/@klcc442_"" target=""_blank"">@klcc442_</a>",5,2,44.333,1,2,12,0,2605.5,122.5,7,2
"<a href=""https://tiktok.com/@klcc7363"" target=""_blank"">@klcc7363</a>",2,5,53.944,1,2,16,0,442.8,32,0,0
"<a href=""https://tiktok.com/@lm6iw4uyz9"" target=""_blank"">@lm6iw4uyz9</a>",1,3,49.857,1,1,7,0,530.667,31.667,0,0
"<a href=""https://tiktok.com/@luru.hagu"" target=""_blank"">@luru.hagu</a>",4,2,57,1,1,6,0,720,54,0.5,0
"<a href=""https://tiktok.com/@marcomesquita974"" target=""_blank"">@marcomesquita974</a>",6,3,86.857,0.8,1,7,0,27880.333,704.333,18.667,8.333
"<a href=""https://tiktok.com/@rasthuyanuhikoli"" target=""_blank"">@rasthuyanuhikoli</a>",6,2,76.833,0.667,1,6,0,1747.5,50,0.5,0
"<a href=""https://tiktok.com/@rv65gv8107"" target=""_blank"">@rv65gv8107</a>",3,3,54.045,1,2,15,0,52026,1763.333,32.667,426
"<a href=""https://tiktok.com/@tbtn4yadb0"" target=""_blank"">@tbtn4yadb0</a>",4,3,52.375,0.9,2,14,0.005,4030.5,54.25,0,0.25
"<a href=""https://tiktok.com/@ti4y1fum18"" target=""_blank"">@ti4y1fum18</a>",3,3,56.92,1,2,15,0,892,19,1.333,0.333
"<a href=""https://tiktok.com/@whitterrawlins"" target=""_blank"">@whitterrawlins</a>",5,3,48.796,0.917,3,21,0.011,1107,45.667,0,0
"<a href=""https://tiktok.com/@z7dacszi71"" target=""_blank"">@z7dacszi71</a>",3,5,57.25,1,2,16,0,5608.833,86.833,0,0
