"Post URL","Network","Author","Timestamp","Number of Accounts","Views","Likes","Comments","Shares","Description"
"<a href=""https://www.tiktok.com/@z7dacszi71/video/7568513383310331167"" target=""_blank"" class=""btn btn-sm"" style=""background-color: #00926c; color: white; text-decoration: none; padding: 2px 8px; border-radius: 4px; font-size: 0.8em;"">View Post</a>",3,"z7dacszi71","2025-11-03 14:57:50",9,1259,46,0,0,"The current condition of PONPES AI Khoziny Sidoarjo mosque collapsed during Asr prayer#jtvjember #evakuasi #sidoarjo #fyp"
"<a href=""https://www.tiktok.com/@z7dacszi71/video/7568513326674726175"" target=""_blank"" class=""btn btn-sm"" style=""background-color: #00926c; color: white; text-decoration: none; padding: 2px 8px; border-radius: 4px; font-size: 0.8em;"">View Post</a>",3,"z7dacszi71","2025-11-03 14:57:38",9,551,13,0,0,"The current condition of PONPES AI Khoziny Sidoarjo mosque collapsed during Asr prayer#jtvjember #evakuasi #sidoarjo #fyp"
"<a href=""https://www.tiktok.com/@z7dacszi71/video/7568512820069895455"" target=""_blank"" class=""btn btn-sm"" style=""background-color: #00926c; color: white; text-decoration: none; padding: 2px 8px; border-radius: 4px; font-size: 0.8em;"">View Post</a>",3,"z7dacszi71","2025-11-03 14:55:40",9,11107,104,0,0,"The current condition of PONPES AI Khoziny Sidoarjo mosque collapsed during Asr prayer#jtvjember #evakuasi #sidoarjo #fyp"
"<a href=""https://www.tiktok.com/@tbtn4yadb0/video/7568511442299800862"" target=""_blank"" class=""btn btn-sm"" style=""background-color: #00926c; color: white; text-decoration: none; padding: 2px 8px; border-radius: 4px; font-size: 0.8em;"">View Post</a>",4,"tbtn4yadb0","2025-11-03 14:50:19",9,4344,53,0,0,"The current condition of PONPES AI Khoziny Sidoarjo mosque collapsed during Asr prayer#jtvjember #evakuasi #sidoarjo #fyp"
"<a href=""https://www.tiktok.com/@klcc7363/video/7568510658728316215"" target=""_blank"" class=""btn btn-sm"" style=""background-color: #00926c; color: white; text-decoration: none; padding: 2px 8px; border-radius: 4px; font-size: 0.8em;"">View Post</a>",2,"klcc7363","2025-11-03 14:47:50",9,432,24,0,0,"The current condition of PONPES AI Khoziny Sidoarjo mosque collapsed during Asr prayer#jtvjember #evakuasi #sidoarjo #fyp"
"<a href=""https://www.tiktok.com/@cckzumrc48/video/7568510308919119117"" target=""_blank"" class=""btn btn-sm"" style=""background-color: #00926c; color: white; text-decoration: none; padding: 2px 8px; border-radius: 4px; font-size: 0.8em;"">View Post</a>",2,"cckzumrc48","2025-11-03 14:46:18",9,2366,30,1,0,"The current condition of PONPES AI Khoziny Sidoarjo mosque collapsed during Asr prayer#jtvjember #evakuasi #sidoarjo #fyp"
"<a href=""https://www.tiktok.com/@klcc7363/video/7568510217487420685"" target=""_blank"" class=""btn btn-sm"" style=""background-color: #00926c; color: white; text-decoration: none; padding: 2px 8px; border-radius: 4px; font-size: 0.8em;"">View Post</a>",2,"klcc7363","2025-11-03 14:45:56",9,241,14,0,0,"The current condition of PONPES AI Khoziny Sidoarjo mosque collapsed during Asr prayer#jtvjember #evakuasi #sidoarjo #fyp"
"<a href=""https://www.tiktok.com/@eltks7n772/video/7568509169905437965"" target=""_blank"" class=""btn btn-sm"" style=""background-color: #00926c; color: white; text-decoration: none; padding: 2px 8px; border-radius: 4px; font-size: 0.8em;"">View Post</a>",5,"eltks7n772","2025-11-03 14:41:43",9,45934,785,9,56,"The current condition of PONPES AI Khoziny Sidoarjo mosque collapsed during Asr prayer#jtvjember #evakuasi #sidoarjo #fyp"
"<a href=""https://www.tiktok.com/@rv65gv8107/video/7568165694450240798"" target=""_blank"" class=""btn btn-sm"" style=""background-color: #00926c; color: white; text-decoration: none; padding: 2px 8px; border-radius: 4px; font-size: 0.8em;"">View Post</a>",3,"rv65gv8107","2025-11-02 16:28:26",9,56095,893,7,143,"The current condition of PONPES AI Khoziny Sidoarjo mosque collapsed during Asr prayer#jtvjember #evakuasi #sidoarjo #fyp"
"<a href=""https://www.tiktok.com/@ti4y1fum18/video/7568165453214846263"" target=""_blank"" class=""btn btn-sm"" style=""background-color: #00926c; color: white; text-decoration: none; padding: 2px 8px; border-radius: 4px; font-size: 0.8em;"">View Post</a>",3,"ti4y1fum18","2025-11-02 16:27:40",9,1463,41,1,0,"The current condition of PONPES AI Khoziny Sidoarjo mosque collapsed during Asr prayer#jtvjember #evakuasi #sidoarjo #fyp"
"<a href=""https://www.tiktok.com/@z7dacszi71/video/7568165383480298783"" target=""_blank"" class=""btn btn-sm"" style=""background-color: #00926c; color: white; text-decoration: none; padding: 2px 8px; border-radius: 4px; font-size: 0.8em;"">View Post</a>",3,"z7dacszi71","2025-11-02 16:27:12",9,5504,173,0,0,"The current condition of PONPES AI Khoziny Sidoarjo mosque collapsed during Asr prayer#jtvjember #evakuasi #sidoarjo #fyp"
"<a href=""https://www.tiktok.com/@z7dacszi71/video/7568165311560600862"" target=""_blank"" class=""btn btn-sm"" style=""background-color: #00926c; color: white; text-decoration: none; padding: 2px 8px; border-radius: 4px; font-size: 0.8em;"">View Post</a>",3,"z7dacszi71","2025-11-02 16:26:57",9,6363,101,0,0,"The current condition of PONPES AI Khoziny Sidoarjo mosque collapsed during Asr prayer#jtvjember #evakuasi #sidoarjo #fyp"
"<a href=""https://www.tiktok.com/@rv65gv8107/video/7568165138147183902"" target=""_blank"" class=""btn btn-sm"" style=""background-color: #00926c; color: white; text-decoration: none; padding: 2px 8px; border-radius: 4px; font-size: 0.8em;"">View Post</a>",3,"rv65gv8107","2025-11-02 16:26:19",9,1291,55,1,6,"The current condition of PONPES AI Khoziny Sidoarjo mosque collapsed during Asr prayer#jtvjember #evakuasi #sidoarjo #fyp"
"<a href=""https://www.tiktok.com/@rv65gv8107/video/7568165123362131231"" target=""_blank"" class=""btn btn-sm"" style=""background-color: #00926c; color: white; text-decoration: none; padding: 2px 8px; border-radius: 4px; font-size: 0.8em;"">View Post</a>",3,"rv65gv8107","2025-11-02 16:26:07",9,98692,4342,90,1129,"The current condition of PONPES AI Khoziny Sidoarjo mosque collapsed during Asr prayer#jtvjember #evakuasi #sidoarjo #fyp"
"<a href=""https://www.tiktok.com/@ti4y1fum18/video/7568165085709913399"" target=""_blank"" class=""btn btn-sm"" style=""background-color: #00926c; color: white; text-decoration: none; padding: 2px 8px; border-radius: 4px; font-size: 0.8em;"">View Post</a>",3,"ti4y1fum18","2025-11-02 16:26:14",9,662,9,1,1,"The current condition of PONPES AI Khoziny Sidoarjo mosque collapsed during Asr prayer#jtvjember #evakuasi #sidoarjo #fyp"
"<a href=""https://www.tiktok.com/@z7dacszi71/video/7568164960048598303"" target=""_blank"" class=""btn btn-sm"" style=""background-color: #00926c; color: white; text-decoration: none; padding: 2px 8px; border-radius: 4px; font-size: 0.8em;"">View Post</a>",3,"z7dacszi71","2025-11-02 16:25:40",9,8869,84,0,0,"The current condition of PONPES AI Khoziny Sidoarjo mosque collapsed during Asr prayer#jtvjember #evakuasi #sidoarjo #fyp"
"<a href=""https://www.tiktok.com/@ti4y1fum18/video/7568164746675932430"" target=""_blank"" class=""btn btn-sm"" style=""background-color: #00926c; color: white; text-decoration: none; padding: 2px 8px; border-radius: 4px; font-size: 0.8em;"">View Post</a>",3,"ti4y1fum18","2025-11-02 16:25:01",9,551,7,2,0,"The current condition of PONPES AI Khoziny Sidoarjo mosque collapsed during Asr prayer#jtvjember #evakuasi #sidoarjo #fyp"
"<a href=""https://www.tiktok.com/@klcc00.2/video/7568163206284299534"" target=""_blank"" class=""btn btn-sm"" style=""background-color: #00926c; color: white; text-decoration: none; padding: 2px 8px; border-radius: 4px; font-size: 0.8em;"">View Post</a>",4,"klcc00.2","2025-11-02 16:19:00",9,509,22,1,0,"The current condition of PONPES AI Khoziny Sidoarjo mosque collapsed during Asr prayer#jtvjember #evakuasi #sidoarjo #fyp"
"<a href=""https://www.tiktok.com/@luru.hagu/video/7568163136570739998"" target=""_blank"" class=""btn btn-sm"" style=""background-color: #00926c; color: white; text-decoration: none; padding: 2px 8px; border-radius: 4px; font-size: 0.8em;"">View Post</a>",4,"luru.hagu","2025-11-02 16:18:35",9,805,50,1,0,"The current condition of PONPES AI Khoziny Sidoarjo mosque collapsed during Asr prayer#jtvjember #evakuasi #sidoarjo #fyp"
"<a href=""https://www.tiktok.com/@klcc00.2/video/7568163072049745207"" target=""_blank"" class=""btn btn-sm"" style=""background-color: #00926c; color: white; text-decoration: none; padding: 2px 8px; border-radius: 4px; font-size: 0.8em;"">View Post</a>",4,"klcc00.2","2025-11-02 16:18:31",9,8172,209,0,0,"The current condition of PONPES AI Khoziny Sidoarjo mosque collapsed during Asr prayer#jtvjember #evakuasi #sidoarjo #fyp"
"<a href=""https://www.tiktok.com/@tbtn4yadb0/video/7568163049945713950"" target=""_blank"" class=""btn btn-sm"" style=""background-color: #00926c; color: white; text-decoration: none; padding: 2px 8px; border-radius: 4px; font-size: 0.8em;"">View Post</a>",4,"tbtn4yadb0","2025-11-02 16:18:08",9,5427,51,0,0,"The current condition of PONPES AI Khoziny Sidoarjo mosque collapsed during Asr prayer#jtvjember #evakuasi #sidoarjo #fyp"
"<a href=""https://www.tiktok.com/@tbtn4yadb0/video/7568163048993705246"" target=""_blank"" class=""btn btn-sm"" style=""background-color: #00926c; color: white; text-decoration: none; padding: 2px 8px; border-radius: 4px; font-size: 0.8em;"">View Post</a>",4,"tbtn4yadb0","2025-11-02 16:18:09",9,5507,91,0,1,"The current condition of PONPES AI Khoziny Sidoarjo mosque collapsed during Asr prayer#jtvjember #evakuasi #sidoarjo #fyp"
"<a href=""https://www.tiktok.com/@tbtn4yadb0/video/7568162737935731998"" target=""_blank"" class=""btn btn-sm"" style=""background-color: #00926c; color: white; text-decoration: none; padding: 2px 8px; border-radius: 4px; font-size: 0.8em;"">View Post</a>",4,"tbtn4yadb0","2025-11-02 16:16:57",9,844,22,0,0,"The current condition of PONPES AI Khoziny Sidoarjo mosque collapsed during Asr prayer#jtvjember #evakuasi #sidoarjo #fyp"
"<a href=""https://www.tiktok.com/@luru.hagu/video/7568162679886482718"" target=""_blank"" class=""btn btn-sm"" style=""background-color: #00926c; color: white; text-decoration: none; padding: 2px 8px; border-radius: 4px; font-size: 0.8em;"">View Post</a>",4,"luru.hagu","2025-11-02 16:16:41",9,635,58,0,0,"The current condition of PONPES AI Khoziny Sidoarjo mosque collapsed during Asr prayer#jtvjember #evakuasi #sidoarjo #fyp"
"<a href=""https://www.tiktok.com/@klcc00.2/video/7568162644742491406"" target=""_blank"" class=""btn btn-sm"" style=""background-color: #00926c; color: white; text-decoration: none; padding: 2px 8px; border-radius: 4px; font-size: 0.8em;"">View Post</a>",4,"klcc00.2","2025-11-02 16:17:00",9,34082,866,1,37,"The current condition of PONPES AI Khoziny Sidoarjo mosque collapsed during Asr prayer#jtvjember #evakuasi #sidoarjo #fyp"
"<a href=""https://www.tiktok.com/@f1nkrheka7/video/7568161909090815263"" target=""_blank"" class=""btn btn-sm"" style=""background-color: #00926c; color: white; text-decoration: none; padding: 2px 8px; border-radius: 4px; font-size: 0.8em;"">View Post</a>",2,"f1nkrheka7","2025-11-02 16:13:42",9,2104,45,0,0,"The current condition of PONPES AI Khoziny Sidoarjo mosque collapsed during Asr prayer#jtvjember #evakuasi #sidoarjo #fyp"
"<a href=""https://www.tiktok.com/@cckzumrc48/video/7568161792703155470"" target=""_blank"" class=""btn btn-sm"" style=""background-color: #00926c; color: white; text-decoration: none; padding: 2px 8px; border-radius: 4px; font-size: 0.8em;"">View Post</a>",2,"cckzumrc48","2025-11-02 16:13:30",9,356,10,0,0,"The current condition of PONPES AI Khoziny Sidoarjo mosque collapsed during Asr prayer#jtvjember #evakuasi #sidoarjo #fyp"
"<a href=""https://www.tiktok.com/@klcc7363/video/7568161592613915917"" target=""_blank"" class=""btn btn-sm"" style=""background-color: #00926c; color: white; text-decoration: none; padding: 2px 8px; border-radius: 4px; font-size: 0.8em;"">View Post</a>",2,"klcc7363","2025-11-02 16:12:51",9,818,81,0,0,"The current condition of PONPES AI Khoziny Sidoarjo mosque collapsed during Asr prayer#jtvjember #evakuasi #sidoarjo #fyp"
"<a href=""https://www.tiktok.com/@klcc7363/video/7568161453354618167"" target=""_blank"" class=""btn btn-sm"" style=""background-color: #00926c; color: white; text-decoration: none; padding: 2px 8px; border-radius: 4px; font-size: 0.8em;"">View Post</a>",2,"klcc7363","2025-11-02 16:12:13",9,354,24,0,0,"The current condition of PONPES AI Khoziny Sidoarjo mosque collapsed during Asr prayer#jtvjember #evakuasi #sidoarjo #fyp"
"<a href=""https://www.tiktok.com/@f1nkrheka7/video/7568161431703538974"" target=""_blank"" class=""btn btn-sm"" style=""background-color: #00926c; color: white; text-decoration: none; padding: 2px 8px; border-radius: 4px; font-size: 0.8em;"">View Post</a>",2,"f1nkrheka7","2025-11-02 16:11:50",9,208,3,0,0,"The current condition of PONPES AI Khoziny Sidoarjo mosque collapsed during Asr prayer#jtvjember #evakuasi #sidoarjo #fyp"
"<a href=""https://www.tiktok.com/@cckzumrc48/video/7568161312715459853"" target=""_blank"" class=""btn btn-sm"" style=""background-color: #00926c; color: white; text-decoration: none; padding: 2px 8px; border-radius: 4px; font-size: 0.8em;"">View Post</a>",2,"cckzumrc48","2025-11-02 16:11:47",9,488,28,1,0,"The current condition of PONPES AI Khoziny Sidoarjo mosque collapsed during Asr prayer#jtvjember #evakuasi #sidoarjo #fyp"
"<a href=""https://www.tiktok.com/@klcc7363/video/7568161154078362894"" target=""_blank"" class=""btn btn-sm"" style=""background-color: #00926c; color: white; text-decoration: none; padding: 2px 8px; border-radius: 4px; font-size: 0.8em;"">View Post</a>",2,"klcc7363","2025-11-02 16:11:02",9,369,17,0,0,"The current condition of PONPES AI Khoziny Sidoarjo mosque collapsed during Asr prayer#jtvjember #evakuasi #sidoarjo #fyp"
"<a href=""https://www.tiktok.com/@f1nkrheka7/video/7568161119332814110"" target=""_blank"" class=""btn btn-sm"" style=""background-color: #00926c; color: white; text-decoration: none; padding: 2px 8px; border-radius: 4px; font-size: 0.8em;"">View Post</a>",2,"f1nkrheka7","2025-11-02 16:10:41",9,2984,36,1,0,"The current condition of PONPES AI Khoziny Sidoarjo mosque collapsed during Asr prayer#jtvjember #evakuasi #sidoarjo #fyp"
"<a href=""https://www.tiktok.com/@cckzumrc48/video/7568161030627478839"" target=""_blank"" class=""btn btn-sm"" style=""background-color: #00926c; color: white; text-decoration: none; padding: 2px 8px; border-radius: 4px; font-size: 0.8em;"">View Post</a>",2,"cckzumrc48","2025-11-02 16:10:42",9,2319,20,0,1,"The current condition of PONPES AI Khoziny Sidoarjo mosque collapsed during Asr prayer#jtvjember #evakuasi #sidoarjo #fyp"
"<a href=""https://www.tiktok.com/@eltks7n772/video/7568159185548889357"" target=""_blank"" class=""btn btn-sm"" style=""background-color: #00926c; color: white; text-decoration: none; padding: 2px 8px; border-radius: 4px; font-size: 0.8em;"">View Post</a>",5,"eltks7n772","2025-11-02 16:03:25",9,5548,89,0,0,"The current condition of PONPES AI Khoziny Sidoarjo mosque collapsed during Asr prayer#jtvjember #evakuasi #sidoarjo #fyp"
"<a href=""https://www.tiktok.com/@klcc442_/video/7568159112236715278"" target=""_blank"" class=""btn btn-sm"" style=""background-color: #00926c; color: white; text-decoration: none; padding: 2px 8px; border-radius: 4px; font-size: 0.8em;"">View Post</a>",5,"klcc442_","2025-11-02 16:03:11",9,3641,102,3,1,"The current condition of PONPES AI Khoziny Sidoarjo mosque collapsed during Asr prayer#jtvjember #evakuasi #sidoarjo #fyp"
"<a href=""https://www.tiktok.com/@eltks7n772/video/7568159004979924279"" target=""_blank"" class=""btn btn-sm"" style=""background-color: #00926c; color: white; text-decoration: none; padding: 2px 8px; border-radius: 4px; font-size: 0.8em;"">View Post</a>",5,"eltks7n772","2025-11-02 16:02:36",9,4675,51,0,5,"The current condition of PONPES AI Khoziny Sidoarjo mosque collapsed during Asr prayer#jtvjember #evakuasi #sidoarjo #fyp"
"<a href=""https://www.tiktok.com/@klcc442_/video/7568158947589246263"" target=""_blank"" class=""btn btn-sm"" style=""background-color: #00926c; color: white; text-decoration: none; padding: 2px 8px; border-radius: 4px; font-size: 0.8em;"">View Post</a>",5,"klcc442_","2025-11-02 16:02:22",9,1570,143,11,3,"The current condition of PONPES AI Khoziny Sidoarjo mosque collapsed during Asr prayer#jtvjember #evakuasi #sidoarjo #fyp"
"<a href=""https://www.tiktok.com/@whitterrawlins/video/7568158939129335054"" target=""_blank"" class=""btn btn-sm"" style=""background-color: #00926c; color: white; text-decoration: none; padding: 2px 8px; border-radius: 4px; font-size: 0.8em;"">View Post</a>",5,"whitterrawlins","2025-11-02 16:02:27",9,1053,51,0,0,"The current condition of PONPES AI Khoziny Sidoarjo mosque collapsed during Asr prayer#jtvjember #evakuasi #sidoarjo #fyp"
"<a href=""https://www.tiktok.com/@jf17bhcjz5/video/7568158908624243981"" target=""_blank"" class=""btn btn-sm"" style=""background-color: #00926c; color: white; text-decoration: none; padding: 2px 8px; border-radius: 4px; font-size: 0.8em;"">View Post</a>",5,"jf17bhcjz5","2025-11-02 16:02:19",9,1307,139,0,5,"The current condition of PONPES AI Khoziny Sidoarjo mosque collapsed during Asr prayer#jtvjember #evakuasi #sidoarjo #fyp"
"<a href=""https://www.tiktok.com/@whitterrawlins/video/7568158866878319885"" target=""_blank"" class=""btn btn-sm"" style=""background-color: #00926c; color: white; text-decoration: none; padding: 2px 8px; border-radius: 4px; font-size: 0.8em;"">View Post</a>",5,"whitterrawlins","2025-11-02 16:03:20",9,695,30,0,0,"The current condition of PONPES AI Khoziny Sidoarjo mosque collapsed during Asr prayer#jtvjember #evakuasi #sidoarjo #fyp"
"<a href=""https://www.tiktok.com/@eltks7n772/video/7568158713190583566"" target=""_blank"" class=""btn btn-sm"" style=""background-color: #00926c; color: white; text-decoration: none; padding: 2px 8px; border-radius: 4px; font-size: 0.8em;"">View Post</a>",5,"eltks7n772","2025-11-02 16:01:36",9,516,19,0,0,"The current condition of PONPES AI Khoziny Sidoarjo mosque collapsed during Asr prayer#jtvjember #evakuasi #sidoarjo #fyp"
"<a href=""https://www.tiktok.com/@whitterrawlins/video/7568158705498197262"" target=""_blank"" class=""btn btn-sm"" style=""background-color: #00926c; color: white; text-decoration: none; padding: 2px 8px; border-radius: 4px; font-size: 0.8em;"">View Post</a>",5,"whitterrawlins","2025-11-02 16:01:32",9,1573,56,0,0,"The current condition of PONPES AI Khoziny Sidoarjo mosque collapsed during Asr prayer#jtvjember #evakuasi #sidoarjo #fyp"
"<a href=""https://www.tiktok.com/@jf17bhcjz5/video/7568158653056929038"" target=""_blank"" class=""btn btn-sm"" style=""background-color: #00926c; color: white; text-decoration: none; padding: 2px 8px; border-radius: 4px; font-size: 0.8em;"">View Post</a>",5,"jf17bhcjz5","2025-11-02 16:01:21",9,3639,307,2,1,"The current condition of PONPES AI Khoziny Sidoarjo mosque collapsed during Asr prayer#jtvjember #evakuasi #sidoarjo #fyp"
"<a href=""https://www.tiktok.com/@bysmovie4/video/7568589868763303198"" target=""_blank"" class=""btn btn-sm"" style=""background-color: #00926c; color: white; text-decoration: none; padding: 2px 8px; border-radius: 4px; font-size: 0.8em;"">View Post</a>",6,"bysmovie4","2025-11-03 19:54:33",2,6109,195,1,2,"Phillies land All-Star closer Joan Duran ahead of MLB trade deadline👀🔥 #MLBTradeDeadline #Phillies #BaseballUpdates #SportsNews#USA"
"<a href=""https://www.tiktok.com/@marcomesquita974/video/7568232014327958797"" target=""_blank"" class=""btn btn-sm"" style=""background-color: #00926c; color: white; text-decoration: none; padding: 2px 8px; border-radius: 4px; font-size: 0.8em;"">View Post</a>",6,"marcomesquita974","2025-11-02 20:45:56",2,32860,767,25,15,"Phillies land All-Star closer Joan Duran ahead of MLB trade deadline👀🔥 #MLBTradeDeadline #Phillies #BaseballUpdates #SportsNews#USA"
"<a href=""https://www.tiktok.com/@hihi909kk/video/7568231942932401438"" target=""_blank"" class=""btn btn-sm"" style=""background-color: #00926c; color: white; text-decoration: none; padding: 2px 8px; border-radius: 4px; font-size: 0.8em;"">View Post</a>",6,"hihi909kk","2025-11-02 20:45:33",2,1862,26,0,0,"Phillies land All-Star closer Joan Duran ahead of MLB trade deadline👀🔥 #MLBTradeDeadline #Phillies #BaseballUpdates #SportsNews#USA"
"<a href=""https://www.tiktok.com/@marcomesquita974/video/7568231606230469902"" target=""_blank"" class=""btn btn-sm"" style=""background-color: #00926c; color: white; text-decoration: none; padding: 2px 8px; border-radius: 4px; font-size: 0.8em;"">View Post</a>",6,"marcomesquita974","2025-11-02 20:44:19",2,31433,876,20,5,"Phillies land All-Star closer Joan Duran ahead of MLB trade deadline👀🔥 #MLBTradeDeadline #Phillies #BaseballUpdates #SportsNews#USA"
"<a href=""https://www.tiktok.com/@marcomesquita974/video/7568231438680722743"" target=""_blank"" class=""btn btn-sm"" style=""background-color: #00926c; color: white; text-decoration: none; padding: 2px 8px; border-radius: 4px; font-size: 0.8em;"">View Post</a>",6,"marcomesquita974","2025-11-02 20:43:48",2,19348,470,11,5,"Phillies land All-Star closer Joan Duran ahead of MLB trade deadline👀🔥 #MLBTradeDeadline #Phillies #BaseballUpdates #SportsNews#USA"
"<a href=""https://www.tiktok.com/@bysmovie4/video/7568231223470853406"" target=""_blank"" class=""btn btn-sm"" style=""background-color: #00926c; color: white; text-decoration: none; padding: 2px 8px; border-radius: 4px; font-size: 0.8em;"">View Post</a>",6,"bysmovie4","2025-11-02 20:42:44",2,1140,91,1,0,"Phillies land All-Star closer Joan Duran ahead of MLB trade deadline👀🔥 #MLBTradeDeadline #Phillies #BaseballUpdates #SportsNews#USA"
"<a href=""https://www.tiktok.com/@bysmovie4/video/7568231202117717278"" target=""_blank"" class=""btn btn-sm"" style=""background-color: #00926c; color: white; text-decoration: none; padding: 2px 8px; border-radius: 4px; font-size: 0.8em;"">View Post</a>",6,"bysmovie4","2025-11-02 20:42:41",2,1410,91,0,1,"Phillies land All-Star closer Joan Duran ahead of MLB trade deadline👀🔥 #MLBTradeDeadline #Phillies #BaseballUpdates #SportsNews#USA"
"<a href=""https://www.tiktok.com/@hihi909kk/video/7568231135591828767"" target=""_blank"" class=""btn btn-sm"" style=""background-color: #00926c; color: white; text-decoration: none; padding: 2px 8px; border-radius: 4px; font-size: 0.8em;"">View Post</a>",6,"hihi909kk","2025-11-02 20:42:22",2,1567,33,0,0,"Phillies land All-Star closer Joan Duran ahead of MLB trade deadline👀🔥 #MLBTradeDeadline #Phillies #BaseballUpdates #SportsNews#USA"
"<a href=""https://www.tiktok.com/@hihi909kk/video/7568231128042114334"" target=""_blank"" class=""btn btn-sm"" style=""background-color: #00926c; color: white; text-decoration: none; padding: 2px 8px; border-radius: 4px; font-size: 0.8em;"">View Post</a>",6,"hihi909kk","2025-11-02 20:42:22",2,2492,50,0,0,"Phillies land All-Star closer Joan Duran ahead of MLB trade deadline👀🔥 #MLBTradeDeadline #Phillies #BaseballUpdates #SportsNews#USA"
"<a href=""https://www.tiktok.com/@hihi909kk/video/7568230806116764958"" target=""_blank"" class=""btn btn-sm"" style=""background-color: #00926c; color: white; text-decoration: none; padding: 2px 8px; border-radius: 4px; font-size: 0.8em;"">View Post</a>",6,"hihi909kk","2025-11-02 20:41:11",2,1058,12,0,0,"Phillies land All-Star closer Joan Duran ahead of MLB trade deadline👀🔥 #MLBTradeDeadline #Phillies #BaseballUpdates #SportsNews#USA"
"<a href=""https://www.tiktok.com/@bysmovie4/video/7568230753889242398"" target=""_blank"" class=""btn btn-sm"" style=""background-color: #00926c; color: white; text-decoration: none; padding: 2px 8px; border-radius: 4px; font-size: 0.8em;"">View Post</a>",6,"bysmovie4","2025-11-02 20:40:53",2,1134,52,0,0,"Phillies land All-Star closer Joan Duran ahead of MLB trade deadline👀🔥 #MLBTradeDeadline #Phillies #BaseballUpdates #SportsNews#USA"
"<a href=""https://www.tiktok.com/@rasthuyanuhikoli/video/7568230707571608863"" target=""_blank"" class=""btn btn-sm"" style=""background-color: #00926c; color: white; text-decoration: none; padding: 2px 8px; border-radius: 4px; font-size: 0.8em;"">View Post</a>",6,"rasthuyanuhikoli","2025-11-02 20:40:42",2,2562,72,0,0,"Phillies land All-Star closer Joan Duran ahead of MLB trade deadline👀🔥 #MLBTradeDeadline #Phillies #BaseballUpdates #SportsNews#USA"
"<a href=""https://www.tiktok.com/@rasthuyanuhikoli/video/7568230706787126558"" target=""_blank"" class=""btn btn-sm"" style=""background-color: #00926c; color: white; text-decoration: none; padding: 2px 8px; border-radius: 4px; font-size: 0.8em;"">View Post</a>",6,"rasthuyanuhikoli","2025-11-02 20:40:41",2,933,28,1,0,"Phillies land All-Star closer Joan Duran ahead of MLB trade deadline👀🔥 #MLBTradeDeadline #Phillies #BaseballUpdates #SportsNews#USA"
"<a href=""https://www.tiktok.com/@lm6iw4uyz9/video/7568138996774112525"" target=""_blank"" class=""btn btn-sm"" style=""background-color: #00926c; color: white; text-decoration: none; padding: 2px 8px; border-radius: 4px; font-size: 0.8em;"">View Post</a>",1,"lm6iw4uyz9","2025-11-02 14:45:03",1,141,6,0,0,"The current condition of PONPES AI Khoziny Sidoarjo mosque collapsed during Asr prayer #jtvjember #evakuasi #sidoarjo #fyp"
"<a href=""https://www.tiktok.com/@hvwadkmlr5/video/7568138869363789086"" target=""_blank"" class=""btn btn-sm"" style=""background-color: #00926c; color: white; text-decoration: none; padding: 2px 8px; border-radius: 4px; font-size: 0.8em;"">View Post</a>",1,"hvwadkmlr5","2025-11-02 14:44:29",1,627,47,0,0,"The current condition of PONPES AI Khoziny Sidoarjo mosque collapsed during Asr prayer #jtvjember #evakuasi #sidoarjo #fyp"
"<a href=""https://www.tiktok.com/@hvwadkmlr5/video/7568138624827493663"" target=""_blank"" class=""btn btn-sm"" style=""background-color: #00926c; color: white; text-decoration: none; padding: 2px 8px; border-radius: 4px; font-size: 0.8em;"">View Post</a>",1,"hvwadkmlr5","2025-11-02 14:43:29",1,858,68,0,0,"The current condition of PONPES AI Khoziny Sidoarjo mosque collapsed during Asr prayer #jtvjember #evakuasi #sidoarjo #fyp"
"<a href=""https://www.tiktok.com/@hvwadkmlr5/video/7568138442882764062"" target=""_blank"" class=""btn btn-sm"" style=""background-color: #00926c; color: white; text-decoration: none; padding: 2px 8px; border-radius: 4px; font-size: 0.8em;"">View Post</a>",1,"hvwadkmlr5","2025-11-02 14:42:48",1,20,0,0,0,"The current condition of PONPES AI Khoziny Sidoarjo mosque collapsed during Asr prayer #jtvjember #evakuasi #sidoarjo #fyp"
"<a href=""https://www.tiktok.com/@lm6iw4uyz9/video/7568138431314906382"" target=""_blank"" class=""btn btn-sm"" style=""background-color: #00926c; color: white; text-decoration: none; padding: 2px 8px; border-radius: 4px; font-size: 0.8em;"">View Post</a>",1,"lm6iw4uyz9","2025-11-02 14:43:02",1,847,44,0,0,"The current condition of PONPES AI Khoziny Sidoarjo mosque collapsed during Asr prayer #jtvjember #evakuasi #sidoarjo #fyp"
"<a href=""https://www.tiktok.com/@lm6iw4uyz9/video/7568138278608620814"" target=""_blank"" class=""btn btn-sm"" style=""background-color: #00926c; color: white; text-decoration: none; padding: 2px 8px; border-radius: 4px; font-size: 0.8em;"">View Post</a>",1,"lm6iw4uyz9","2025-11-02 14:42:22",1,604,45,0,0,"The current condition of PONPES AI Khoziny Sidoarjo mosque collapsed during Asr prayer #jtvjember #evakuasi #sidoarjo #fyp"
"<a href=""https://www.tiktok.com/@d5vefuajb4/video/7568340149197655309"" target=""_blank"" class=""btn btn-sm"" style=""background-color: #00926c; color: white; text-decoration: none; padding: 2px 8px; border-radius: 4px; font-size: 0.8em;"">View Post</a>",7,"d5vefuajb4","2025-11-03 03:45:37",1,2,0,0,0,"Phillies land All-Star closer Joan Duran ahead of MLB trade deadline👀🔥 #MLBTradeDeadline #Phillies #BaseballUpdates #SportsNews#USA "
"<a href=""https://www.tiktok.com/@az3hr2bls1/video/7568340125495725367"" target=""_blank"" class=""btn btn-sm"" style=""background-color: #00926c; color: white; text-decoration: none; padding: 2px 8px; border-radius: 4px; font-size: 0.8em;"">View Post</a>",7,"az3hr2bls1","2025-11-03 03:45:34",1,300,6,0,0,"Phillies land All-Star closer Joan Duran ahead of MLB trade deadline👀🔥 #MLBTradeDeadline #Phillies #BaseballUpdates #SportsNews#USA "
"<a href=""https://www.tiktok.com/@d5vefuajb4/video/7568340089227562253"" target=""_blank"" class=""btn btn-sm"" style=""background-color: #00926c; color: white; text-decoration: none; padding: 2px 8px; border-radius: 4px; font-size: 0.8em;"">View Post</a>",7,"d5vefuajb4","2025-11-03 03:45:27",1,5,0,0,0,"Phillies land All-Star closer Joan Duran ahead of MLB trade deadline👀🔥 #MLBTradeDeadline #Phillies #BaseballUpdates #SportsNews#USA "
"<a href=""https://www.tiktok.com/@az3hr2bls1/video/7568340027420232973"" target=""_blank"" class=""btn btn-sm"" style=""background-color: #00926c; color: white; text-decoration: none; padding: 2px 8px; border-radius: 4px; font-size: 0.8em;"">View Post</a>",7,"az3hr2bls1","2025-11-03 03:45:05",1,4,0,0,0,"Phillies land All-Star closer Joan Duran ahead of MLB trade deadline👀🔥 #MLBTradeDeadline #Phillies #BaseballUpdates #SportsNews#USA "
"<a href=""https://www.tiktok.com/@d5vefuajb4/video/7568339761908256055"" target=""_blank"" class=""btn btn-sm"" style=""background-color: #00926c; color: white; text-decoration: none; padding: 2px 8px; border-radius: 4px; font-size: 0.8em;"">View Post</a>",7,"d5vefuajb4","2025-11-03 03:44:14",1,12,2,0,0,"Phillies land All-Star closer Joan Duran ahead of MLB trade deadline👀🔥 #MLBTradeDeadline #Phillies #BaseballUpdates #SportsNews#USA "
