"Network","Number of Accounts","Network Density","Network Diameter","Clustering Coefficient","Avg Views","Avg Likes","Avg Comments","Avg Shares","Member Accounts"
1,2,1,7,0,516.167,35,0,0,"hvwadkmlr5, lm6iw4uyz9"
2,3,1,9,1,1086.583,27.667,0.25,0.083,"klcc7363, cckzumrc48, f1nkrheka7"
3,3,1,8,1,16033.917,489,8.5,106.583,"rv65gv8107, ti4y1fum18, z7dacszi71"
4,3,0.667,14,0,6702.778,158,0.333,4.222,"klcc00.2, luru.hagu, tbtn4yadb0"
5,4,0.667,15,0.6,6377.364,161.091,2.273,6.455,"eltks7n772, klcc442_, jf17bhcjz5, whitterrawlins"
6,4,0.5,16,0,7992.923,212.538,4.538,2.154,"bysmovie4, hihi909kk, marcomesquita974, rasthuyanuhikoli"
7,2,1,6,0,64.6,1.6,0,0,"d5vefuajb4, az3hr2bls1"
