"Account","Network","Unique Shares","Avg Time Between Shares (sec)","Edge Symmetry Score","Degree","Strength","Betweenness","Avg Views","Avg Likes","Avg Comments","Avg Shares"
"<a href=""https://tiktok.com/@aed0267"" target=""_blank"">@aed0267</a>",30,13,56.128,0.933,5,61,0.001,2384.846,88.308,0.385,1.077
"<a href=""https://tiktok.com/@aed2750"" target=""_blank"">@aed2750</a>",30,9,52.731,0.732,3,38,0,1686,45.778,0.111,0.333
"<a href=""https://tiktok.com/@aed3660"" target=""_blank"">@aed3660</a>",33,9,59.825,0.95,2,25,0,10820.556,229.111,4.222,9.111
"<a href=""https://tiktok.com/@aed75787"" target=""_blank"">@aed75787</a>",33,7,54.833,0.875,2,18,0,5447.889,74.111,2.444,3
"<a href=""https://tiktok.com/@aed7p4"" target=""_blank"">@aed7p4</a>",33,8,56.292,0.942,6,60,0,8499.444,170.778,1.667,0.667
"<a href=""https://tiktok.com/@aedfjats"" target=""_blank"">@aedfjats</a>",42,9,54,1,1,9,0,1349.333,64,0.333,1
"<a href=""https://tiktok.com/@aedgslpxjx"" target=""_blank"">@aedgslpxjx</a>",11,10,56.771,0.878,6,73,0,1494.6,30.1,0.1,0.3
"<a href=""https://tiktok.com/@aedhdici"" target=""_blank"">@aedhdici</a>",2,8,65.333,0.841,3,30,0,1900.25,70.625,0.375,1.125
"<a href=""https://tiktok.com/@aedhdjcoof"" target=""_blank"">@aedhdjcoof</a>",11,8,63.343,0.844,2,27,0,2651.1,120.7,1.1,1.4
"<a href=""https://tiktok.com/@aedyckctu"" target=""_blank"">@aedyckctu</a>",3,8,87.111,0.833,1,9,0,2942.2,83,1,1.6
"<a href=""https://tiktok.com/@afrah.wahibah.naz"" target=""_blank"">@afrah.wahibah.naz</a>",72,3,53,0.8,1,9,0,864,57.667,1.333,9
"<a href=""https://tiktok.com/@akkaanav.risksjsg"" target=""_blank"">@akkaanav.risksjsg</a>",33,8,51.339,0.938,2,19,0,3727.333,57.556,1.111,0.556
"<a href=""https://tiktok.com/@aleaa0249"" target=""_blank"">@aleaa0249</a>",15,5,60.226,0.944,3,29,0,600.4,20,0.2,0.2
"<a href=""https://tiktok.com/@alejkityuoo"" target=""_blank"">@alejkityuoo</a>",15,6,63.633,0.897,3,30,0,695.833,17.333,0,0
"<a href=""https://tiktok.com/@amazing_seeet120"" target=""_blank"">@amazing_seeet120</a>",36,7,92.214,0.833,1,14,0,1084.111,95.556,6.667,4
"<a href=""https://tiktok.com/@arffug"" target=""_blank"">@arffug</a>",65,9,20.653,0.95,16,153,0,1045.444,58,1.444,5.778
"<a href=""https://tiktok.com/@ayanna.kelekele"" target=""_blank"">@ayanna.kelekele</a>",75,3,47.722,0.9,2,18,0,1146.667,25.667,0.667,13.667
"<a href=""https://tiktok.com/@ayden.riverad"" target=""_blank"">@ayden.riverad</a>",4,10,56.194,0.875,2,21,0,8130.2,154.7,2.4,1.5
"<a href=""https://tiktok.com/@battl.kray"" target=""_blank"">@battl.kray</a>",30,13,54.15,0.907,8,158,0,29331.154,422.615,1.462,4.615
"<a href=""https://tiktok.com/@bcjeibox"" target=""_blank"">@bcjeibox</a>",76,7,58.5,1,1,10,0,3482.778,45.667,0.889,2
"<a href=""https://tiktok.com/@bdhjddbjrjej"" target=""_blank"">@bdhjddbjrjej</a>",58,9,53.6,0.95,2,20,0,3522.889,30.889,0,5.222
"<a href=""https://tiktok.com/@beautifulseen30"" target=""_blank"">@beautifulseen30</a>",79,9,65.071,0.8,1,14,0,103.25,18.5,2.167,0
"<a href=""https://tiktok.com/@benedossie2"" target=""_blank"">@benedossie2</a>",30,12,53.058,0.889,8,134,0,6580.25,92.083,0.917,1.25
"<a href=""https://tiktok.com/@berez.paulo"" target=""_blank"">@berez.paulo</a>",19,6,46.5,1,2,18,0,1719,34.667,1.5,0.333
"<a href=""https://tiktok.com/@bff.gff0"" target=""_blank"">@bff.gff0</a>",32,9,51.4,1,1,10,0,1507.9,96.5,2.5,1.6
"<a href=""https://tiktok.com/@bhsn473"" target=""_blank"">@bhsn473</a>",70,3,39.37,0.933,3,27,0,2150.333,45,0,4.667
"<a href=""https://tiktok.com/@bipiqo"" target=""_blank"">@bipiqo</a>",65,9,32.805,0.944,16,239,0,491.222,6.444,0,0
"<a href=""https://tiktok.com/@bkot6010"" target=""_blank"">@bkot6010</a>",51,9,60.923,0.933,5,63,0,927,31.917,1.583,0.75
"<a href=""https://tiktok.com/@bmc12655"" target=""_blank"">@bmc12655</a>",1,9,52.088,0.934,8,93,0,2058.778,82.111,0.556,2.444
"<a href=""https://tiktok.com/@bpgarp"" target=""_blank"">@bpgarp</a>",65,9,29.858,0.945,16,214,0,922.556,26,0.556,0.556
"<a href=""https://tiktok.com/@bsbwphji4xu"" target=""_blank"">@bsbwphji4xu</a>",15,6,56.267,0.833,3,30,0,1183.833,48.333,0,0.5
"<a href=""https://tiktok.com/@bsjj8797"" target=""_blank"">@bsjj8797</a>",17,5,48.653,0.938,2,25,0,1314.4,23,0,0.6
"<a href=""https://tiktok.com/@bvoo3130"" target=""_blank"">@bvoo3130</a>",47,15,67.42,1,5,152,0,2051.467,50.2,0.467,0.333
"<a href=""https://tiktok.com/@bxkke4723"" target=""_blank"">@bxkke4723</a>",57,3,48,0.967,6,54,0,1129.6,31,0.6,0
"<a href=""https://tiktok.com/@cainima888"" target=""_blank"">@cainima888</a>",17,5,47.892,0.882,2,24,0,1438.2,35.8,0.8,1.2
"<a href=""https://tiktok.com/@carbloggera"" target=""_blank"">@carbloggera</a>",17,6,41.734,0.963,3,38,0,874.833,37.833,0.833,0
"<a href=""https://tiktok.com/@cardriving139"" target=""_blank"">@cardriving139</a>",81,13,47.706,0.833,1,17,0,149.643,26.571,3.429,0.071
"<a href=""https://tiktok.com/@carlos.alberto.al886"" target=""_blank"">@carlos.alberto.al886</a>",44,6,59,0.833,1,9,0,52402.333,989.5,20.833,11
"<a href=""https://tiktok.com/@cbjf05"" target=""_blank"">@cbjf05</a>",4,10,50.057,0.759,3,31,0,2503.9,73,0.8,0.7
"<a href=""https://tiktok.com/@cfdc18"" target=""_blank"">@cfdc18</a>",30,6,55.667,0.824,3,33,0,2123.778,84.556,0.333,0.333
"<a href=""https://tiktok.com/@cfndhfch"" target=""_blank"">@cfndhfch</a>",59,5,53.5,0.857,1,10,0,638.667,2.111,0,0.222
"<a href=""https://tiktok.com/@chantalkusch"" target=""_blank"">@chantalkusch</a>",1,8,54.111,0.875,1,9,0,2785.1,108.7,1.5,6.6
"<a href=""https://tiktok.com/@china_deriver_60"" target=""_blank"">@china_deriver_60</a>",39,7,70.7,0.75,1,10,0,44605.667,1461.833,45,52.708
"<a href=""https://tiktok.com/@chuma_g1"" target=""_blank"">@chuma_g1</a>",39,7,70.7,0.75,1,10,0,2047.389,225,9.278,1.778
"<a href=""https://tiktok.com/@chummi_queen1"" target=""_blank"">@chummi_queen1</a>",35,23,81.559,0.757,2,38,0,1944.053,103.079,11.737,4.842
"<a href=""https://tiktok.com/@ciojkb"" target=""_blank"">@ciojkb</a>",53,4,21.117,0.887,5,60,0,1258.429,76.857,0.143,0.429
"<a href=""https://tiktok.com/@cjire9104"" target=""_blank"">@cjire9104</a>",56,9,44.5,0.95,2,39,0,830.778,24.556,0.444,0.556
"<a href=""https://tiktok.com/@cjur6297"" target=""_blank"">@cjur6297</a>",56,5,68.417,0.667,1,12,0,1042,57.286,0.286,0.286
"<a href=""https://tiktok.com/@ckief1163"" target=""_blank"">@ckief1163</a>",49,9,18.139,1,4,36,0,1050.556,76.333,0.333,0.111
"<a href=""https://tiktok.com/@clirr5282"" target=""_blank"">@clirr5282</a>",55,8,60.042,1,2,30,0,1112.625,77.375,0.125,1.625
"<a href=""https://tiktok.com/@clwooh"" target=""_blank"">@clwooh</a>",78,3,41.333,1,1,9,0,181.667,2.333,0,0
"<a href=""https://tiktok.com/@constantinos.hard"" target=""_blank"">@constantinos.hard</a>",75,3,65,1,1,9,0,928,22.333,0.667,11.333
"<a href=""https://tiktok.com/@courr1227"" target=""_blank"">@courr1227</a>",54,3,68.5,1,2,18,0,1204.333,53.667,0,0
"<a href=""https://tiktok.com/@cutequeen_driver120"" target=""_blank"">@cutequeen_driver120</a>",35,13,85.743,0.817,2,35,0,402.472,44.056,3.861,0.972
"<a href=""https://tiktok.com/@cx.b28"" target=""_blank"">@cx.b28</a>",7,7,60.3,1,1,10,0,2331.2,132,1.7,0.2
"<a href=""https://tiktok.com/@debran.oxonrp81"" target=""_blank"">@debran.oxonrp81</a>",33,6,58.161,1,2,19,0,20020,205.25,2.75,3
"<a href=""https://tiktok.com/@debran.oxonrp86"" target=""_blank"">@debran.oxonrp86</a>",33,9,59.222,1,1,9,0,6140.444,112,1.778,0.889
"<a href=""https://tiktok.com/@dhhi6645"" target=""_blank"">@dhhi6645</a>",56,6,58.632,0.944,3,31,0,861.556,68.111,0.889,0.556
"<a href=""https://tiktok.com/@dijx3903"" target=""_blank"">@dijx3903</a>",47,15,60.59,1,5,135,0,1504.933,43.333,0.533,0.467
"<a href=""https://tiktok.com/@djm9r"" target=""_blank"">@djm9r</a>",7,10,60.818,0.944,4,43,0,3209.8,102.8,7.6,5.3
"<a href=""https://tiktok.com/@djskgikeejk8"" target=""_blank"">@djskgikeejk8</a>",38,8,41.231,0.75,1,13,0,482.786,16.571,0.286,0.143
"<a href=""https://tiktok.com/@dogsfan7"" target=""_blank"">@dogsfan7</a>",79,13,57.333,0.667,1,9,0,30.667,2,0.133,0
"<a href=""https://tiktok.com/@drgd8391"" target=""_blank"">@drgd8391</a>",47,12,58.639,1,3,72,0,773.75,42.25,0.417,0.75
"<a href=""https://tiktok.com/@dtbtcc8"" target=""_blank"">@dtbtcc8</a>",65,9,35.684,0.916,16,246,0,807.222,21,0.222,0.111
"<a href=""https://tiktok.com/@dthh824"" target=""_blank"">@dthh824</a>",31,6,53.434,0.777,5,57,0,2921,75.833,1.333,1.333
"<a href=""https://tiktok.com/@dtkwod"" target=""_blank"">@dtkwod</a>",27,9,58.458,0.888,4,48,0,2538.444,116.778,1.667,0.556
"<a href=""https://tiktok.com/@dtxijq"" target=""_blank"">@dtxijq</a>",77,5,22.608,1,6,76,0,409.8,17.8,0,0
"<a href=""https://tiktok.com/@dyxh0219"" target=""_blank"">@dyxh0219</a>",49,9,17.556,1,4,36,0,1435.444,40.778,0.333,0.222
"<a href=""https://tiktok.com/@ecucbt"" target=""_blank"">@ecucbt</a>",53,3,21.883,0.92,5,48,0,2033,54.667,0.333,2
"<a href=""https://tiktok.com/@eiej4325"" target=""_blank"">@eiej4325</a>",48,8,59.626,1,5,59,0,611.5,19.9,0.3,0.1
"<a href=""https://tiktok.com/@emory.drawehj"" target=""_blank"">@emory.drawehj</a>",45,10,72.028,0.958,3,34,0,30572.7,500.5,18.5,7.8
"<a href=""https://tiktok.com/@eohwvh"" target=""_blank"">@eohwvh</a>",68,3,54.333,1,1,9,0,4.667,0,0,0
"<a href=""https://tiktok.com/@eqmhqf"" target=""_blank"">@eqmhqf</a>",65,8,29.335,0.952,16,223,0,1177.111,19.667,0,0
"<a href=""https://tiktok.com/@eqxela7"" target=""_blank"">@eqxela7</a>",77,5,21.917,0.976,6,76,0,589,27.2,1.2,0
"<a href=""https://tiktok.com/@ewscnn"" target=""_blank"">@ewscnn</a>",67,3,73,1,1,9,0,450,11,0,0.333
"<a href=""https://tiktok.com/@fauy8466"" target=""_blank"">@fauy8466</a>",3,7,87.111,0.833,1,9,0,1854.286,68.143,0.857,1.714
"<a href=""https://tiktok.com/@fcjjv86"" target=""_blank"">@fcjjv86</a>",11,10,56.447,0.916,8,82,0,2959.2,99.3,0.5,0.7
"<a href=""https://tiktok.com/@fdijc3"" target=""_blank"">@fdijc3</a>",1,8,57.1,0.857,1,10,0,2437.125,130.125,1.25,0.375
"<a href=""https://tiktok.com/@fduic5"" target=""_blank"">@fduic5</a>",11,9,57.563,0.916,6,72,0,2425.556,66.333,1.111,1.556
"<a href=""https://tiktok.com/@fevkuiq"" target=""_blank"">@fevkuiq</a>",15,6,55.4,0.857,1,10,0,1461.167,46.333,0.833,5
"<a href=""https://tiktok.com/@fhda78402"" target=""_blank"">@fhda78402</a>",47,15,64.152,1,5,128,0,1199.933,50.933,0.067,0.333
"<a href=""https://tiktok.com/@fhkundshunk"" target=""_blank"">@fhkundshunk</a>",29,9,51.111,0.667,1,18,0,3407.917,3.583,0.333,0.167
"<a href=""https://tiktok.com/@fhuc22"" target=""_blank"">@fhuc22</a>",18,6,43.444,1,1,9,0,1125.333,32.5,0,0
"<a href=""https://tiktok.com/@fhvf210"" target=""_blank"">@fhvf210</a>",21,5,39,0.875,1,10,0,895.4,33,0.4,0
"<a href=""https://tiktok.com/@fhxk1941"" target=""_blank"">@fhxk1941</a>",51,7,64.639,0.847,3,38,0,1737.857,58.571,0.429,5.714
"<a href=""https://tiktok.com/@fjcjbho58"" target=""_blank"">@fjcjbho58</a>",57,3,30.694,1,4,36,0,1073.333,24.333,0,0
"<a href=""https://tiktok.com/@fjyukfjjf"" target=""_blank"">@fjyukfjjf</a>",8,9,63.583,0.917,1,12,0,2254.889,76.333,3.222,5.667
"<a href=""https://tiktok.com/@fkir2290"" target=""_blank"">@fkir2290</a>",56,10,60,0.95,2,39,0,833.1,90.7,0.4,0.8
"<a href=""https://tiktok.com/@fnnf8890"" target=""_blank"">@fnnf8890</a>",55,6,33.833,1,1,18,0,2016.222,66.111,0.333,1.333
"<a href=""https://tiktok.com/@gckcj4"" target=""_blank"">@gckcj4</a>",2,9,54.123,0.944,3,33,0,2421,61.5,0,1
"<a href=""https://tiktok.com/@gduhx01"" target=""_blank"">@gduhx01</a>",11,10,56.328,0.906,6,77,0,4533.8,78.3,0.7,23.3
"<a href=""https://tiktok.com/@gf.nj97"" target=""_blank"">@gf.nj97</a>",7,9,58.33,0.967,3,31,0,1908.333,109.333,1.222,2
"<a href=""https://tiktok.com/@gfg6705"" target=""_blank"">@gfg6705</a>",21,6,39.611,0.938,2,19,0,945.333,23.5,0.333,2.167
"<a href=""https://tiktok.com/@gfjch34"" target=""_blank"">@gfjch34</a>",9,9,59.667,0.857,1,9,0,2626,157.222,1.222,0.333
"<a href=""https://tiktok.com/@ggih3179"" target=""_blank"">@ggih3179</a>",19,3,47.556,1,2,18,0,1747.667,21.333,0.833,0
"<a href=""https://tiktok.com/@ghhj8554"" target=""_blank"">@ghhj8554</a>",47,12,74.389,0.971,7,115,0,1163.667,44.933,0.6,1
"<a href=""https://tiktok.com/@ghzdxbj"" target=""_blank"">@ghzdxbj</a>",76,9,58.5,1,1,10,0,2274.222,40.556,1,2
"<a href=""https://tiktok.com/@givi0331"" target=""_blank"">@givi0331</a>",51,6,65.599,0.872,4,59,0,353.083,10.75,0.25,0.083
"<a href=""https://tiktok.com/@gjguq6894"" target=""_blank"">@gjguq6894</a>",55,8,56.725,0.917,2,27,0,1907.125,78.125,0.5,4
"<a href=""https://tiktok.com/@gjhg8047"" target=""_blank"">@gjhg8047</a>",48,7,66.253,1,3,42,0,1314.5,43.5,0.375,0.625
"<a href=""https://tiktok.com/@glye82199"" target=""_blank"">@glye82199</a>",49,9,20.583,1,4,36,0,1508.333,66,0.889,0.444
"<a href=""https://tiktok.com/@gooj806"" target=""_blank"">@gooj806</a>",31,14,54.539,0.842,5,105,0,3508.5,61,0.929,1.286
"<a href=""https://tiktok.com/@gour2295"" target=""_blank"">@gour2295</a>",54,3,45.167,1,2,18,0,1262.667,96.667,0,3.667
"<a href=""https://tiktok.com/@grilofchina"" target=""_blank"">@grilofchina</a>",80,10,66.667,1,1,9,0,163.333,16.667,1.533,0
"<a href=""https://tiktok.com/@guch008"" target=""_blank"">@guch008</a>",26,6,63.3,0.778,1,10,0,1461.167,89.167,0.667,4.667
"<a href=""https://tiktok.com/@gutieyy7"" target=""_blank"">@gutieyy7</a>",7,8,55.486,1,2,21,0,3437.125,89.5,2.75,0.75
"<a href=""https://tiktok.com/@gxhx514"" target=""_blank"">@gxhx514</a>",57,4,36.733,1,5,45,0,2048.75,68,0,0
"<a href=""https://tiktok.com/@hdbjx72"" target=""_blank"">@hdbjx72</a>",21,5,40.222,1,1,9,0,1121.6,32.6,0.2,0.4
"<a href=""https://tiktok.com/@hdhxh3484"" target=""_blank"">@hdhxh3484</a>",11,9,47.679,0.905,4,49,0,1020.667,28.667,0.111,0.333
"<a href=""https://tiktok.com/@hdidkser0"" target=""_blank"">@hdidkser0</a>",8,9,63.583,0.917,1,12,0,2071.111,76.556,1,1.556
"<a href=""https://tiktok.com/@hdmjwo1"" target=""_blank"">@hdmjwo1</a>",65,8,21.799,0.95,16,155,0,497,23,0.111,0.556
"<a href=""https://tiktok.com/@hdr86575"" target=""_blank"">@hdr86575</a>",2,8,59.767,0.917,2,22,0,1648.9,30.9,0.2,0.8
"<a href=""https://tiktok.com/@hgidsi"" target=""_blank"">@hgidsi</a>",57,6,59.429,1,2,28,0,2811.667,56.333,0.5,0.667
"<a href=""https://tiktok.com/@hidouo"" target=""_blank"">@hidouo</a>",65,9,26.387,0.918,16,203,0,712,15.444,0.111,0.222
"<a href=""https://tiktok.com/@hltuoq"" target=""_blank"">@hltuoq</a>",65,9,33.276,0.939,16,230,0,1367.778,44.111,0.444,0.556
"<a href=""https://tiktok.com/@hoeg.huan"" target=""_blank"">@hoeg.huan</a>",33,7,47.65,1,2,20,0,5187.571,60,0.571,0.714
"<a href=""https://tiktok.com/@hoglbjlvil"" target=""_blank"">@hoglbjlvil</a>",59,5,53.5,0.857,1,10,0,3163.25,23.25,0.25,5.875
"<a href=""https://tiktok.com/@hojdmc"" target=""_blank"">@hojdmc</a>",52,9,28.22,0.958,2,48,0,1090.444,146.111,0.111,0.667
"<a href=""https://tiktok.com/@hrsy60677"" target=""_blank"">@hrsy60677</a>",56,9,42.021,0.944,3,49,0,975.667,44.333,0.444,0.667
"<a href=""https://tiktok.com/@hwj.nsks"" target=""_blank"">@hwj.nsks</a>",32,5,51.4,1,1,10,0,1841.778,97.222,2,6.556
"<a href=""https://tiktok.com/@idhd139"" target=""_blank"">@idhd139</a>",6,10,49.722,0.857,2,18,0,1733.5,93.4,0.9,1
"<a href=""https://tiktok.com/@idpeoc"" target=""_blank"">@idpeoc</a>",65,9,32.125,0.932,16,243,0,912.111,15.556,0.111,0.111
"<a href=""https://tiktok.com/@if.en.is.fam"" target=""_blank"">@if.en.is.fam</a>",24,8,45.4,1,1,10,0,1008.25,31.875,0.25,0.125
"<a href=""https://tiktok.com/@ilges.estelwei"" target=""_blank"">@ilges.estelwei</a>",45,10,50.855,0.974,3,37,0,2243.9,62.4,1.7,2
"<a href=""https://tiktok.com/@irdc042"" target=""_blank"">@irdc042</a>",1,7,54.657,1,2,20,0,4070.889,162.333,2,6.111
"<a href=""https://tiktok.com/@isce0690"" target=""_blank"">@isce0690</a>",51,3,59,1,2,18,0,864.333,40.556,0.222,0.222
"<a href=""https://tiktok.com/@isgs5669"" target=""_blank"">@isgs5669</a>",51,6,66.767,0.917,2,28,0,321.333,9.111,0.667,0.222
"<a href=""https://tiktok.com/@iuwgeh"" target=""_blank"">@iuwgeh</a>",64,6,44.917,1,2,24,0,46300.5,900.667,16,7.833
"<a href=""https://tiktok.com/@izbktlfq"" target=""_blank"">@izbktlfq</a>",58,9,49.95,1,2,20,0,4451.556,41,0.222,1.444
"<a href=""https://tiktok.com/@j.uv586"" target=""_blank"">@j.uv586</a>",20,5,35.643,1,1,14,0,1312.6,20.4,0,0.4
"<a href=""https://tiktok.com/@jajsjsn56"" target=""_blank"">@jajsjsn56</a>",30,10,58.377,0.903,4,63,0,27292.769,605.308,1.846,15.538
"<a href=""https://tiktok.com/@jbhghj2"" target=""_blank"">@jbhghj2</a>",46,8,59.372,0.869,3,31,0,3623.111,59.556,0.667,0.889
"<a href=""https://tiktok.com/@jccj44506"" target=""_blank"">@jccj44506</a>",48,10,62.635,1,4,66,0,282.7,5.8,0.2,0
"<a href=""https://tiktok.com/@jdpxorjf"" target=""_blank"">@jdpxorjf</a>",1,7,54.97,0.963,3,35,0,3366.444,180.778,0.444,1.222
"<a href=""https://tiktok.com/@jecxsz"" target=""_blank"">@jecxsz</a>",77,5,22.118,1,6,76,0,923.8,42.6,1,1.8
"<a href=""https://tiktok.com/@jfdd653"" target=""_blank"">@jfdd653</a>",2,8,68.479,0.889,3,31,0,2316,73.25,0.625,4
"<a href=""https://tiktok.com/@jfkovj5"" target=""_blank"">@jfkovj5</a>",1,9,63.452,0.967,3,38,0,2054.778,146.667,0.889,0.778
"<a href=""https://tiktok.com/@jibelm5"" target=""_blank"">@jibelm5</a>",78,3,52,1,2,18,0,482.667,8.667,0,0
"<a href=""https://tiktok.com/@jjdjdd911"" target=""_blank"">@jjdjdd911</a>",22,8,48.786,1,1,14,0,696.875,19.75,0,0
"<a href=""https://tiktok.com/@jkuy0534"" target=""_blank"">@jkuy0534</a>",47,13,75.793,0.933,3,56,0,1288.267,67.6,0.2,2
"<a href=""https://tiktok.com/@jsosjxj8"" target=""_blank"">@jsosjxj8</a>",1,9,52.166,0.904,6,64,0,1822.111,84.889,0.667,0.556
"<a href=""https://tiktok.com/@jspsns3"" target=""_blank"">@jspsns3</a>",63,6,63.033,0.917,2,22,0,27423.833,1066.167,8.5,24
"<a href=""https://tiktok.com/@jtcytxyzey"" target=""_blank"">@jtcytxyzey</a>",1,8,54.709,1,3,32,0,19853.7,807.2,6.1,5.1
"<a href=""https://tiktok.com/@jvhb240"" target=""_blank"">@jvhb240</a>",30,13,50.994,0.92,4,69,0,4500.231,79.769,0.231,1.846
"<a href=""https://tiktok.com/@jvtvc3"" target=""_blank"">@jvtvc3</a>",31,11,56.81,0.816,5,85,0,8516.909,156.182,1.273,21.727
"<a href=""https://tiktok.com/@kamlisarkar_0"" target=""_blank"">@kamlisarkar_0</a>",41,10,84.583,0.5,1,12,0,2262.583,119.292,8.5,5.458
"<a href=""https://tiktok.com/@khayrikasibmansou"" target=""_blank"">@khayrikasibmansou</a>",72,3,53,0.8,1,9,0,1113.333,18.333,0,2.333
"<a href=""https://tiktok.com/@kjuq5904"" target=""_blank"">@kjuq5904</a>",48,9,45.481,1,3,45,0,873.167,40.5,0.917,0.25
"<a href=""https://tiktok.com/@kranaa9"" target=""_blank"">@kranaa9</a>",53,3,20.817,0.92,5,48,0,763.333,17.333,0,0
"<a href=""https://tiktok.com/@krug011"" target=""_blank"">@krug011</a>",1,9,61.033,0.871,4,38,0,4605,208.556,1.333,0.778
"<a href=""https://tiktok.com/@ksndfmggf"" target=""_blank"">@ksndfmggf</a>",25,7,46.9,1,1,10,0,3308.857,108.714,1.857,0
"<a href=""https://tiktok.com/@kubjij"" target=""_blank"">@kubjij</a>",53,3,18.372,0.967,5,48,0,676.889,65.667,0.667,0
"<a href=""https://tiktok.com/@kyfg6663"" target=""_blank"">@kyfg6663</a>",46,6,51.424,0.929,2,20,0,3776.25,58.375,0.75,1
"<a href=""https://tiktok.com/@labib.zain.hajjar"" target=""_blank"">@labib.zain.hajjar</a>",73,6,58.659,0.879,2,27,0,1409.333,31.167,1.333,6
"<a href=""https://tiktok.com/@landscape5670"" target=""_blank"">@landscape5670</a>",27,10,47.764,0.929,4,46,0,2397.5,122.7,1.1,0.8
"<a href=""https://tiktok.com/@lanora.haskely"" target=""_blank"">@lanora.haskely</a>",44,6,59,0.833,1,9,0,1371.833,61.667,3,5.167
"<a href=""https://tiktok.com/@lawgray3"" target=""_blank"">@lawgray3</a>",30,13,55.726,0.908,8,146,0,1872.385,70.077,0.538,0.769
"<a href=""https://tiktok.com/@ldaphc"" target=""_blank"">@ldaphc</a>",77,5,22.323,0.971,6,76,0,592,25.2,0.8,0.4
"<a href=""https://tiktok.com/@lejaad2"" target=""_blank"">@lejaad2</a>",65,3,45.348,0.907,16,144,0,514.667,33,0,2
"<a href=""https://tiktok.com/@lhqitc"" target=""_blank"">@lhqitc</a>",65,6,23.273,0.938,16,162,0,776.778,19.667,0,0.444
"<a href=""https://tiktok.com/@lin689668987"" target=""_blank"">@lin689668987</a>",29,6,59.846,1,1,13,0,2945.6,93.7,5.3,18.7
"<a href=""https://tiktok.com/@lncbgk"" target=""_blank"">@lncbgk</a>",78,3,62.667,1,1,9,0,197.333,4,0.333,0
"<a href=""https://tiktok.com/@lnppoe"" target=""_blank"">@lnppoe</a>",61,8,66.156,0.844,2,30,0,31226.444,346.222,15.778,39.889
"<a href=""https://tiktok.com/@luckyphone320"" target=""_blank"">@luckyphone320</a>",34,6,64.333,0.875,1,9,0,2191.5,70.5,1.167,0.833
"<a href=""https://tiktok.com/@lucyedmonson5"" target=""_blank"">@lucyedmonson5</a>",70,10,50.639,0.856,4,42,0,938.5,13.8,0.2,1.5
"<a href=""https://tiktok.com/@ludwin.keith"" target=""_blank"">@ludwin.keith</a>",75,3,52.815,0.933,3,27,0,993.333,27,0,10.333
"<a href=""https://tiktok.com/@lush_queen120"" target=""_blank"">@lush_queen120</a>",36,6,77,0.333,1,11,0,68869.968,6912.806,255.419,503.806
"<a href=""https://tiktok.com/@lwandiswamsithini"" target=""_blank"">@lwandiswamsithini</a>",33,10,56.947,0.958,3,34,0,3141.9,52.6,2.5,0.6
"<a href=""https://tiktok.com/@lxjjc"" target=""_blank"">@lxjjc</a>",11,9,54.792,0.891,5,51,0,3113,43.222,0.222,0.556
"<a href=""https://tiktok.com/@mdsdz2"" target=""_blank"">@mdsdz2</a>",38,6,41.231,0.75,1,13,0,12090.231,470.462,33.692,7.231
"<a href=""https://tiktok.com/@miss.bordner"" target=""_blank"">@miss.bordner</a>",2,9,45,0.857,1,10,0,2075.889,78.444,1.333,1.111
"<a href=""https://tiktok.com/@mlyeejyn"" target=""_blank"">@mlyeejyn</a>",60,9,71.333,0.889,1,12,0,3042.2,52.3,0.6,2.6
"<a href=""https://tiktok.com/@mmsauw3"" target=""_blank"">@mmsauw3</a>",69,3,57.667,1,1,9,0,213.667,13.667,0,0.667
"<a href=""https://tiktok.com/@mnoojt"" target=""_blank"">@mnoojt</a>",66,3,12.778,0.8,1,9,0,246.667,12,0.333,0
"<a href=""https://tiktok.com/@moderngril5"" target=""_blank"">@moderngril5</a>",79,15,61.202,0.733,2,23,0,88.267,22.133,6.467,0
"<a href=""https://tiktok.com/@modernofuk"" target=""_blank"">@modernofuk</a>",81,10,47.706,0.833,1,17,0,37.929,10.5,3.071,0
"<a href=""https://tiktok.com/@monalisa7988"" target=""_blank"">@monalisa7988</a>",19,5,48.778,0.714,1,9,0,1100.4,12.2,0,0.2
"<a href=""https://tiktok.com/@mua29840"" target=""_blank"">@mua29840</a>",10,6,43.091,1,1,11,0,2323.1,65.3,0.9,1.8
"<a href=""https://tiktok.com/@mulask57"" target=""_blank"">@mulask57</a>",19,4,47.667,0.857,2,18,0,629,17,0,0
"<a href=""https://tiktok.com/@mxvgdscsdfvcsdfsd"" target=""_blank"">@mxvgdscsdfvcsdfsd</a>",15,5,57.789,0.917,2,19,0,881.2,20.8,0.4,0.4
"<a href=""https://tiktok.com/@nasiha.buthainah"" target=""_blank"">@nasiha.buthainah</a>",74,3,37.889,1,1,9,0,2245.333,114,1.667,20.667
"<a href=""https://tiktok.com/@nassralanijw1hlg"" target=""_blank"">@nassralanijw1hlg</a>",37,7,20.077,1,1,13,0,3965.286,216.571,3.714,41.143
"<a href=""https://tiktok.com/@natalie.acosta88"" target=""_blank"">@natalie.acosta88</a>",75,3,56,0.8,2,18,0,789.667,20.333,0.667,3.667
"<a href=""https://tiktok.com/@ndhfs844"" target=""_blank"">@ndhfs844</a>",57,3,28.139,1,4,36,0,1385,23.333,0.667,0
"<a href=""https://tiktok.com/@ndmsl15"" target=""_blank"">@ndmsl15</a>",64,6,60.05,0.917,2,22,0,1385.167,72.667,3.167,0
"<a href=""https://tiktok.com/@nisrin.yusraa.sha"" target=""_blank"">@nisrin.yusraa.sha</a>",73,6,53.327,0.95,2,29,0,942.167,15.667,0.333,6.5
"<a href=""https://tiktok.com/@objlhmtjemu"" target=""_blank"">@objlhmtjemu</a>",66,6,12.778,0.8,1,9,0,515.111,21.111,0.222,0.333
"<a href=""https://tiktok.com/@okay11732"" target=""_blank"">@okay11732</a>",47,15,65.478,0.976,7,136,0,1366.933,49.8,0.333,1
"<a href=""https://tiktok.com/@omi.poni0"" target=""_blank"">@omi.poni0</a>",18,5,43.444,1,1,9,0,2298.833,37.5,0.667,0.167
"<a href=""https://tiktok.com/@opgse4909"" target=""_blank"">@opgse4909</a>",57,5,51.647,0.95,4,45,0,8579.8,476.2,2,0.2
"<a href=""https://tiktok.com/@osb.remo"" target=""_blank"">@osb.remo</a>",30,12,55.595,0.906,9,157,0,3762.5,66.333,0.417,1.917
"<a href=""https://tiktok.com/@oscar.kennedy48"" target=""_blank"">@oscar.kennedy48</a>",42,9,54,1,1,9,0,2107.556,139.444,1.222,2.556
"<a href=""https://tiktok.com/@oshasg"" target=""_blank"">@oshasg</a>",62,6,35.2,0.833,1,10,0,1468.667,79.833,1,0.833
"<a href=""https://tiktok.com/@paulettefrank1"" target=""_blank"">@paulettefrank1</a>",70,3,44.63,1,3,27,0,159.333,5,0.667,0.667
"<a href=""https://tiktok.com/@pbpktw"" target=""_blank"">@pbpktw</a>",65,9,37.037,0.879,16,228,0,1154.444,34.667,0.222,0.222
"<a href=""https://tiktok.com/@pewpua2"" target=""_blank"">@pewpua2</a>",53,3,21.939,0.88,5,48,0,1645,145.667,0,0.667
"<a href=""https://tiktok.com/@plaqebfzf07"" target=""_blank"">@plaqebfzf07</a>",35,11,79.65,0.774,2,27,0,14901.4,1360.133,50.033,207.033
"<a href=""https://tiktok.com/@puhrra"" target=""_blank"">@puhrra</a>",65,6,25.104,0.93,16,174,0,350.667,8.889,0,0
"<a href=""https://tiktok.com/@purnialesh45"" target=""_blank"">@purnialesh45</a>",45,10,59.092,1,2,22,0,4149.4,71.8,1.8,6.5
"<a href=""https://tiktok.com/@qdcieh"" target=""_blank"">@qdcieh</a>",52,7,19.024,1,2,42,0,1677.9,152.4,0.4,0.4
"<a href=""https://tiktok.com/@qtilwj"" target=""_blank"">@qtilwj</a>",69,3,41.667,1,1,9,0,304,13.333,0,0
"<a href=""https://tiktok.com/@quincyshop08"" target=""_blank"">@quincyshop08</a>",1,10,55.323,0.926,4,52,0,1519.9,106,0.6,2.1
"<a href=""https://tiktok.com/@qvkjmf"" target=""_blank"">@qvkjmf</a>",67,5,73,1,1,9,0,166.2,9.6,0,0.6
"<a href=""https://tiktok.com/@reddit.vztwo"" target=""_blank"">@reddit.vztwo</a>",17,6,48.315,0.938,5,54,0,1778.5,54.333,0.333,1
"<a href=""https://tiktok.com/@reddit55549"" target=""_blank"">@reddit55549</a>",43,5,60.111,0.857,1,9,0,35990.857,1528.857,5.286,4.286
"<a href=""https://tiktok.com/@reddit_debbie"" target=""_blank"">@reddit_debbie</a>",53,3,21.039,0.88,5,48,0,1158.667,150,0.333,0.667
"<a href=""https://tiktok.com/@reddit_grayson99"" target=""_blank"">@reddit_grayson99</a>",52,9,29.101,0.958,2,48,0,4283.778,217,0.222,0.667
"<a href=""https://tiktok.com/@reddit_ignatius8"" target=""_blank"">@reddit_ignatius8</a>",61,7,70.206,0.789,2,32,0,13680.556,144.222,6.222,9
"<a href=""https://tiktok.com/@redditstory667"" target=""_blank"">@redditstory667</a>",43,8,49.889,0.857,1,9,0,1048.3,55.3,0.4,0.4
"<a href=""https://tiktok.com/@redreddit48"" target=""_blank"">@redreddit48</a>",43,7,55,0.857,2,18,0,1552.6,88.4,0.2,0.2
"<a href=""https://tiktok.com/@rohingyao"" target=""_blank"">@rohingyao</a>",27,8,53.658,0.958,3,36,0,2533.6,121.2,2.1,2
"<a href=""https://tiktok.com/@rtwgui"" target=""_blank"">@rtwgui</a>",65,7,24.902,0.916,16,146,0,803.667,33.889,0.111,1.111
"<a href=""https://tiktok.com/@rubin.mervy8"" target=""_blank"">@rubin.mervy8</a>",30,10,55.396,0.889,9,119,0.001,1567.5,34.9,0.5,0.7
"<a href=""https://tiktok.com/@rust04104"" target=""_blank"">@rust04104</a>",49,9,14.056,1,4,36,0,1744,86.111,0.222,0.444
"<a href=""https://tiktok.com/@ryllskayaqing"" target=""_blank"">@ryllskayaqing</a>",25,8,46.9,1,1,10,0,10055.75,455.875,3.125,2
"<a href=""https://tiktok.com/@safiyyah.iftikar"" target=""_blank"">@safiyyah.iftikar</a>",74,4,37.889,1,1,9,0,227.25,19.5,0.5,1.75
"<a href=""https://tiktok.com/@salah.hakem.sayeg"" target=""_blank"">@salah.hakem.sayeg</a>",71,6,56.333,0.8,1,9,0,1125.667,22.333,1.667,9
"<a href=""https://tiktok.com/@satsyou"" target=""_blank"">@satsyou</a>",28,7,47.3,0.75,1,10,0,6648.889,164.222,2.222,7.333
"<a href=""https://tiktok.com/@seile.rian"" target=""_blank"">@seile.rian</a>",30,11,64.11,0.902,8,133,0,6503,84.455,0.364,0.636
"<a href=""https://tiktok.com/@sfagnd"" target=""_blank"">@sfagnd</a>",62,5,35.2,0.833,1,10,0,18253,306,3,4.2
"<a href=""https://tiktok.com/@sharleen.howard"" target=""_blank"">@sharleen.howard</a>",11,10,54.813,0.891,5,50,0,1823.3,99.5,0.5,0.2
"<a href=""https://tiktok.com/@shbsdd2"" target=""_blank"">@shbsdd2</a>",61,9,64.997,0.833,2,40,0,2235.667,56.556,5,2.556
"<a href=""https://tiktok.com/@shfjjg4"" target=""_blank"">@shfjjg4</a>",22,6,60,0.778,1,10,0,1540.5,26.833,0.167,0.5
"<a href=""https://tiktok.com/@shgj33"" target=""_blank"">@shgj33</a>",11,8,56.108,0.918,6,61,0,5681.889,102.444,1.222,6.778
"<a href=""https://tiktok.com/@shuj977"" target=""_blank"">@shuj977</a>",16,5,43.5,1,1,10,0,1120.4,32.8,0.2,0.2
"<a href=""https://tiktok.com/@shuy742"" target=""_blank"">@shuy742</a>",17,5,53.674,0.896,3,36,0,793.8,13.6,0,0
"<a href=""https://tiktok.com/@shvchjds"" target=""_blank"">@shvchjds</a>",28,8,47.3,0.75,1,10,0,5740.4,146.7,5.6,6.8
"<a href=""https://tiktok.com/@sikki.kahtyk"" target=""_blank"">@sikki.kahtyk</a>",46,7,41.7,0.857,1,10,0,9440.111,109.333,0.667,2.889
"<a href=""https://tiktok.com/@skkfdxh"" target=""_blank"">@skkfdxh</a>",24,7,45.4,1,1,10,0,1038.429,36.429,0.143,0.571
"<a href=""https://tiktok.com/@sooz6329"" target=""_blank"">@sooz6329</a>",55,5,27.2,0.833,1,15,0,303,18.8,0,0.2
"<a href=""https://tiktok.com/@sqifhw"" target=""_blank"">@sqifhw</a>",65,9,31.958,0.935,16,189,0,561.333,12.444,0,0
"<a href=""https://tiktok.com/@stoyouh"" target=""_blank"">@stoyouh</a>",27,8,37.333,0.714,1,9,0,4841.625,109.625,1.25,11.125
"<a href=""https://tiktok.com/@sug7994"" target=""_blank"">@sug7994</a>",17,5,43.673,1,3,37,0,910.2,35,0.2,0
"<a href=""https://tiktok.com/@sun.lilym"" target=""_blank"">@sun.lilym</a>",45,9,58.142,0.899,2,27,0,4090.111,90.778,1.111,5.778
"<a href=""https://tiktok.com/@suzannefigueroa76"" target=""_blank"">@suzannefigueroa76</a>",70,6,45.792,0.938,4,43,0,730.833,27.5,1.333,6.5
"<a href=""https://tiktok.com/@sweet_babyc120"" target=""_blank"">@sweet_babyc120</a>",36,14,84.607,0.583,2,25,0,6823.032,629.226,34.355,10.548
"<a href=""https://tiktok.com/@syic2117"" target=""_blank"">@syic2117</a>",49,9,23.333,1,4,36,0,1096.667,55.111,0.222,0.222
"<a href=""https://tiktok.com/@tessh95"" target=""_blank"">@tessh95</a>",63,6,52.95,0.917,2,22,0,904.833,102.167,3.167,1
"<a href=""https://tiktok.com/@text.fc"" target=""_blank"">@text.fc</a>",27,8,81.9,0.857,1,10,0,4352.778,148.333,3.667,4.333
"<a href=""https://tiktok.com/@thuwaibah.dad.rah"" target=""_blank"">@thuwaibah.dad.rah</a>",73,5,55.486,0.929,2,24,0,586.667,30.667,0.333,4.5
"<a href=""https://tiktok.com/@tiantianguom317"" target=""_blank"">@tiantianguom317</a>",34,5,64.333,0.875,1,9,0,1551.6,121.8,2,1.2
"<a href=""https://tiktok.com/@tijf9855"" target=""_blank"">@tijf9855</a>",50,9,19.222,1,1,9,0,1710.444,40.778,1.222,0.889
"<a href=""https://tiktok.com/@tiut0219"" target=""_blank"">@tiut0219</a>",56,6,34.611,1,3,36,0,294.5,10.5,0.167,0
"<a href=""https://tiktok.com/@tmtgoa"" target=""_blank"">@tmtgoa</a>",69,3,49.667,1,2,18,0,106.333,4,0,0
"<a href=""https://tiktok.com/@tookg4664"" target=""_blank"">@tookg4664</a>",57,3,28.278,1,4,36,0,69.333,0.667,0,0
"<a href=""https://tiktok.com/@tug35587"" target=""_blank"">@tug35587</a>",63,6,41.583,1,2,24,0,5976.333,311,1.167,4.167
"<a href=""https://tiktok.com/@tugx2917"" target=""_blank"">@tugx2917</a>",51,6,68.588,0.819,3,37,0,489.818,30.273,0.182,0.455
"<a href=""https://tiktok.com/@twkg9813"" target=""_blank"">@twkg9813</a>",48,10,62.605,1,3,50,0,533.3,12.4,0.1,0.1
"<a href=""https://tiktok.com/@twvs4521"" target=""_blank"">@twvs4521</a>",48,9,56.222,1,2,36,0,971.5,51.833,0.417,0.583
"<a href=""https://tiktok.com/@ubhutfrx"" target=""_blank"">@ubhutfrx</a>",1,9,60.687,0.885,5,63,0,1459.222,54.667,0.667,2.556
"<a href=""https://tiktok.com/@ucdrmh"" target=""_blank"">@ucdrmh</a>",65,3,17.243,0.863,16,144,0,681.667,52,1.667,3.667
"<a href=""https://tiktok.com/@uest1280"" target=""_blank"">@uest1280</a>",48,5,53.288,1,4,44,0,106.625,1.75,0.125,0.125
"<a href=""https://tiktok.com/@ufsc8075"" target=""_blank"">@ufsc8075</a>",56,6,63.667,1,4,45,0,1809.222,71.556,0.667,2.333
"<a href=""https://tiktok.com/@uraf9163"" target=""_blank"">@uraf9163</a>",50,9,19.222,1,1,9,0,916.556,63.556,0.333,1.778
"<a href=""https://tiktok.com/@urdu9708"" target=""_blank"">@urdu9708</a>",56,8,79.438,0.917,4,39,0,1083,43.5,0.125,0.25
"<a href=""https://tiktok.com/@user1433469988696"" target=""_blank"">@user1433469988696</a>",60,9,65.111,1,1,9,0,1254.444,60.556,1.111,0.556
"<a href=""https://tiktok.com/@user16909390140293"" target=""_blank"">@user16909390140293</a>",29,10,55.479,0.833,2,31,0,753.077,12.385,0.077,0
"<a href=""https://tiktok.com/@user19103225080680"" target=""_blank"">@user19103225080680</a>",26,6,63.3,0.778,1,10,0,2269.5,90.833,1.667,6
"<a href=""https://tiktok.com/@user21677638672342"" target=""_blank"">@user21677638672342</a>",60,9,68.222,0.944,2,21,0,365.556,3.222,0,0.111
"<a href=""https://tiktok.com/@user2268806570260"" target=""_blank"">@user2268806570260</a>",5,9,55.5,1,1,10,0,3254.111,72.444,0.667,0.444
"<a href=""https://tiktok.com/@user2810315813972"" target=""_blank"">@user2810315813972</a>",9,7,56.683,0.929,2,19,0,2951.143,111.143,1.571,2.571
"<a href=""https://tiktok.com/@user2903556969068"" target=""_blank"">@user2903556969068</a>",12,6,30.972,0.929,2,19,0,6538.833,103.833,2.5,12.167
"<a href=""https://tiktok.com/@user2920462956526"" target=""_blank"">@user2920462956526</a>",14,8,55.133,1,2,22,0,2719.25,46.75,1.875,5.625
"<a href=""https://tiktok.com/@user2932993437321"" target=""_blank"">@user2932993437321</a>",13,7,63.611,0.732,2,18,0,2233.429,57.857,1,16.714
"<a href=""https://tiktok.com/@user3034858843569"" target=""_blank"">@user3034858843569</a>",58,9,57.248,0.967,3,29,0,3369.556,19.444,0.222,3.333
"<a href=""https://tiktok.com/@user3357615163181"" target=""_blank"">@user3357615163181</a>",82,6,58.889,0.857,1,9,0,3369.167,112.667,1.333,1
"<a href=""https://tiktok.com/@user3436197788624"" target=""_blank"">@user3436197788624</a>",31,13,52.846,0.784,4,74,0,7596.923,103.769,0.923,3.923
"<a href=""https://tiktok.com/@user3758269061970"" target=""_blank"">@user3758269061970</a>",37,7,20.077,1,1,13,0,1154.429,30.714,0.286,0.143
"<a href=""https://tiktok.com/@user3782324049429"" target=""_blank"">@user3782324049429</a>",58,8,67.444,1,1,9,0,2608.556,28.111,0,0.556
"<a href=""https://tiktok.com/@user386963311513"" target=""_blank"">@user386963311513</a>",13,8,68.444,0.714,1,9,0,2479.25,55.875,0.875,6.375
"<a href=""https://tiktok.com/@user4181021201798"" target=""_blank"">@user4181021201798</a>",14,6,51.328,1,2,19,0,1268.667,36.667,1.833,5.5
"<a href=""https://tiktok.com/@user5626060056906"" target=""_blank"">@user5626060056906</a>",1,10,58.129,0.933,5,64,0,4629.8,166.4,1.9,14.6
"<a href=""https://tiktok.com/@user6186701630842"" target=""_blank"">@user6186701630842</a>",12,7,36.806,0.889,2,21,0,1473.75,31.375,0.875,1.375
"<a href=""https://tiktok.com/@user65533709618068"" target=""_blank"">@user65533709618068</a>",5,9,55.5,1,1,10,0,2717.444,74.111,0.556,1.111
"<a href=""https://tiktok.com/@user6922385284275"" target=""_blank"">@user6922385284275</a>",1,10,51.752,0.91,7,76,0,1778.4,66.1,0.4,0.8
"<a href=""https://tiktok.com/@user7166160034825"" target=""_blank"">@user7166160034825</a>",14,7,46.361,1,2,21,0,1779.714,41.714,1.571,4.571
"<a href=""https://tiktok.com/@user7285945563907"" target=""_blank"">@user7285945563907</a>",82,5,58.889,0.857,1,9,0,23681.2,333,1.6,4.2
"<a href=""https://tiktok.com/@user7605976152392"" target=""_blank"">@user7605976152392</a>",11,7,60.924,0.964,4,42,0,7803.143,84.143,2.143,1.571
"<a href=""https://tiktok.com/@user8168691298265"" target=""_blank"">@user8168691298265</a>",6,7,35.556,0.857,1,9,0,4923,88,0.714,1.286
"<a href=""https://tiktok.com/@user8508148033286"" target=""_blank"">@user8508148033286</a>",4,10,76.143,0.909,1,14,0,2443.1,71.8,1,0.7
"<a href=""https://tiktok.com/@user8653602093025"" target=""_blank"">@user8653602093025</a>",13,7,58.778,0.75,1,9,0,2144,56,1.857,6.143
"<a href=""https://tiktok.com/@user8753242872061"" target=""_blank"">@user8753242872061</a>",22,8,54.393,0.889,2,24,0,1001.75,25.75,0.5,0
"<a href=""https://tiktok.com/@user8794483655797"" target=""_blank"">@user8794483655797</a>",12,8,37.333,0.817,2,22,0,1639.5,42.125,1.75,6.625
"<a href=""https://tiktok.com/@user9701082465142"" target=""_blank"">@user9701082465142</a>",68,3,54.333,1,1,9,0,276.667,13.333,0,0
"<a href=""https://tiktok.com/@user9724456321051"" target=""_blank"">@user9724456321051</a>",4,8,42.7,0.778,1,10,0,5440.375,63,1.125,1
"<a href=""https://tiktok.com/@user9960965670038"" target=""_blank"">@user9960965670038</a>",23,8,74.667,0.857,1,9,0,1003.125,33.25,0,0.25
"<a href=""https://tiktok.com/@username.12345301"" target=""_blank"">@username.12345301</a>",41,3,84.583,0.5,1,12,0,68600.913,245.783,5.217,25.652
"<a href=""https://tiktok.com/@usernamer02023"" target=""_blank"">@usernamer02023</a>",80,4,66.667,1,1,9,0,728,62.8,3.6,0.7
"<a href=""https://tiktok.com/@ushddhd11"" target=""_blank"">@ushddhd11</a>",10,6,43.091,1,1,11,0,2551.667,46.5,0.667,0.167
"<a href=""https://tiktok.com/@usjg2117"" target=""_blank"">@usjg2117</a>",51,9,61.951,0.942,5,75,0,480.75,24.667,0.25,0.083
"<a href=""https://tiktok.com/@utoxwqg"" target=""_blank"">@utoxwqg</a>",77,5,21.591,1,6,76,0,391.6,22.6,0.2,0.2
"<a href=""https://tiktok.com/@vaigg0"" target=""_blank"">@vaigg0</a>",9,9,53.7,1,1,10,0,2776.667,119.667,2.444,3.889
"<a href=""https://tiktok.com/@valeriemunoz413"" target=""_blank"">@valeriemunoz413</a>",70,6,46.779,0.688,2,25,0,119,9.833,0.667,0.5
"<a href=""https://tiktok.com/@vbn6106"" target=""_blank"">@vbn6106</a>",23,6,74.667,0.857,1,9,0,1005,41.667,0,0.167
"<a href=""https://tiktok.com/@vdkfofu"" target=""_blank"">@vdkfofu</a>",6,7,63.889,0.857,1,9,0,7391.714,120.714,1.286,1.714
"<a href=""https://tiktok.com/@verity.holland"" target=""_blank"">@verity.holland</a>",4,10,76.52,0.886,3,38,0,2025.5,77.7,1.2,0.4
"<a href=""https://tiktok.com/@vghf668"" target=""_blank"">@vghf668</a>",20,6,35.643,1,1,14,0,1307.5,43.667,0.833,0.167
"<a href=""https://tiktok.com/@vitsu.alec1"" target=""_blank"">@vitsu.alec1</a>",30,12,55.056,0.966,9,159,0,4438.417,89.667,1.833,1
"<a href=""https://tiktok.com/@voie3340"" target=""_blank"">@voie3340</a>",54,3,67,1,2,18,0,419.333,16.667,0,0
"<a href=""https://tiktok.com/@vshwiy2868"" target=""_blank"">@vshwiy2868</a>",16,5,43.5,1,1,10,0,1492.4,22,0,0
"<a href=""https://tiktok.com/@wgslhe"" target=""_blank"">@wgslhe</a>",65,10,36.744,0.917,16,255,0,1974.2,46.1,0,0.3
"<a href=""https://tiktok.com/@wiate.doni0"" target=""_blank"">@wiate.doni0</a>",30,11,54.025,0.915,8,116,0,2524.636,41.273,0.545,1.545
"<a href=""https://tiktok.com/@wiqg8225"" target=""_blank"">@wiqg8225</a>",51,10,62.244,0.847,5,76,0,264,9.692,0.077,0.154
"<a href=""https://tiktok.com/@wive0570"" target=""_blank"">@wive0570</a>",51,11,68.389,0.903,3,48,0,944.273,42.545,0.636,1.273
"<a href=""https://tiktok.com/@wojta.or"" target=""_blank"">@wojta.or</a>",19,6,46.741,1,3,27,0,1221.833,46.333,0.833,0.167
"<a href=""https://tiktok.com/@wroe.edith6"" target=""_blank"">@wroe.edith6</a>",30,10,58.513,0.87,8,128,0,2765,41.6,0.5,3.6
"<a href=""https://tiktok.com/@xchinaqueen3"" target=""_blank"">@xchinaqueen3</a>",40,4,60.692,1,1,13,0,1544.556,104.667,5.778,1.556
"<a href=""https://tiktok.com/@xchinaqueen5"" target=""_blank"">@xchinaqueen5</a>",40,9,93.071,0.857,1,14,0,666.519,36.778,3.667,0.667
"<a href=""https://tiktok.com/@xchinaqueen8"" target=""_blank"">@xchinaqueen8</a>",40,12,76.882,0.929,2,27,0,4788.72,432.88,27.92,24.68
"<a href=""https://tiktok.com/@xlhxhlxlh8"" target=""_blank"">@xlhxhlxlh8</a>",57,5,40.366,1,3,36,0,1738.6,103.6,1.6,0
"<a href=""https://tiktok.com/@xxii911"" target=""_blank"">@xxii911</a>",27,8,50.492,0.939,3,35,0,2380.5,138.25,1,1.375
"<a href=""https://tiktok.com/@ydwthnm"" target=""_blank"">@ydwthnm</a>",46,9,43.966,0.804,2,23,0,3181.444,63.333,0.667,0.556
"<a href=""https://tiktok.com/@yiitsukb"" target=""_blank"">@yiitsukb</a>",7,7,58.161,0.938,2,19,0,2109.286,165.429,5.429,11.143
"<a href=""https://tiktok.com/@ytrq8081"" target=""_blank"">@ytrq8081</a>",47,12,74.998,0.967,5,78,0,1667.733,60,0,0.2
"<a href=""https://tiktok.com/@zesysmj"" target=""_blank"">@zesysmj</a>",77,4,21.379,0.952,6,66,0,157.5,7.5,0,0
"<a href=""https://tiktok.com/@zsdx184"" target=""_blank"">@zsdx184</a>",31,14,70.875,0.902,4,51,0,2817.786,76.929,0.5,1.071
"<a href=""https://tiktok.com/@zurina.sara"" target=""_blank"">@zurina.sara</a>",71,3,56.333,0.8,1,9,0,555.333,14,0,2
"<a href=""https://tiktok.com/@zvjsl"" target=""_blank"">@zvjsl</a>",64,6,62.967,0.917,2,22,0,225601.667,7468.5,47,55.167
"<a href=""https://tiktok.com/@zxvb736"" target=""_blank"">@zxvb736</a>",31,11,50.348,0.866,5,76,0,2310,77.182,0.182,0.636
"<a href=""https://tiktok.com/@zysmpbz"" target=""_blank"">@zysmpbz</a>",77,5,22.22,1,6,76,0,853.4,18.4,0.2,0
