"Post URL","Network","Author","Timestamp","Number of Accounts","Views","Likes","Comments","Shares","Description"
"<a href=""https://www.tiktok.com/@samin7742/video/7479209203769298183"" target=""_blank"" class=""btn btn-sm"" style=""background-color: #00926c; color: white; text-decoration: none; padding: 2px 8px; border-radius: 4px; font-size: 0.8em;"">View Post</a>",1,"samin7742",2025-03-07 23:11:41,13,117,29,1,0,"#duet with @ইসলামিক ভিডিও 🕋🕋 #ইসলামিক_ভিডিও_🤲🕋🤲 "
"<a href=""https://www.tiktok.com/@jiz10/video/7479208246289452295"" target=""_blank"" class=""btn btn-sm"" style=""background-color: #00926c; color: white; text-decoration: none; padding: 2px 8px; border-radius: 4px; font-size: 0.8em;"">View Post</a>",2,"jiz10",2025-03-07 23:07:59,13,117,50,0,0,"#duet with @ইসলামিক ভিডিও 🕋🕋 #ইসলামিক_ভিডিও_🤲🕋🤲 "
"<a href=""https://www.tiktok.com/@abu.kalam882102232/video/7479207032126442760"" target=""_blank"" class=""btn btn-sm"" style=""background-color: #00926c; color: white; text-decoration: none; padding: 2px 8px; border-radius: 4px; font-size: 0.8em;"">View Post</a>",1,"abu.kalam882102232",2025-03-07 23:03:16,13,18,9,1,0,"#duet with @ইসলামিক ভিডিও 🕋🕋 #ইসলামিক_ভিডিও_🤲🕋🤲 "
"<a href=""https://www.tiktok.com/@samin7742/video/7479203858070260999"" target=""_blank"" class=""btn btn-sm"" style=""background-color: #00926c; color: white; text-decoration: none; padding: 2px 8px; border-radius: 4px; font-size: 0.8em;"">View Post</a>",1,"samin7742",2025-03-07 22:50:59,13,104,32,1,0,"#duet with @ইসলামিক ভিডিও 🕋🕋 #ইসলামিক_ভিডিও_🤲🕋🤲 "
"<a href=""https://www.tiktok.com/@user996202760822/video/7479203465579810056"" target=""_blank"" class=""btn btn-sm"" style=""background-color: #00926c; color: white; text-decoration: none; padding: 2px 8px; border-radius: 4px; font-size: 0.8em;"">View Post</a>",1,"user996202760822",2025-03-07 22:49:25,13,5,2,0,0,"#duet with @ইসলামিক ভিডিও 🕋🕋 #ইসলামিক_ভিডিও_🤲🕋🤲 "
"<a href=""https://www.tiktok.com/@samin7742/video/7479203453932227858"" target=""_blank"" class=""btn btn-sm"" style=""background-color: #00926c; color: white; text-decoration: none; padding: 2px 8px; border-radius: 4px; font-size: 0.8em;"">View Post</a>",1,"samin7742",2025-03-07 22:49:27,13,113,30,1,1,"#duet with @ইসলামিক ভিডিও 🕋🕋 #ইসলামিক_ভিডিও_🤲🕋🤲 "
"<a href=""https://www.tiktok.com/@alrabbyhassn60/video/7479203431069076754"" target=""_blank"" class=""btn btn-sm"" style=""background-color: #00926c; color: white; text-decoration: none; padding: 2px 8px; border-radius: 4px; font-size: 0.8em;"">View Post</a>",1,"alrabbyhassn60",2025-03-07 22:49:18,13,12,4,0,0,"#duet with @ইসলামিক ভিডিও 🕋🕋 #ইসলামিক_ভিডিও_🤲🕋🤲 "
"<a href=""https://www.tiktok.com/@abu.kalam882102232/video/7479203394775797000"" target=""_blank"" class=""btn btn-sm"" style=""background-color: #00926c; color: white; text-decoration: none; padding: 2px 8px; border-radius: 4px; font-size: 0.8em;"">View Post</a>",1,"abu.kalam882102232",2025-03-07 22:49:11,13,28,15,1,0,"#duet with @ইসলামিক ভিডিও 🕋🕋 #ইসলামিক_ভিডিও_🤲🕋🤲 "
"<a href=""https://www.tiktok.com/@samin7742/video/7479203011865234706"" target=""_blank"" class=""btn btn-sm"" style=""background-color: #00926c; color: white; text-decoration: none; padding: 2px 8px; border-radius: 4px; font-size: 0.8em;"">View Post</a>",1,"samin7742",2025-03-07 22:47:39,13,111,17,0,0,"#duet with @ইসলামিক ভিডিও 🕋🕋 #ইসলামিক_ভিডিও_🤲🕋🤲 "
"<a href=""https://www.tiktok.com/@abu.kalam882102232/video/7479202329493818632"" target=""_blank"" class=""btn btn-sm"" style=""background-color: #00926c; color: white; text-decoration: none; padding: 2px 8px; border-radius: 4px; font-size: 0.8em;"">View Post</a>",1,"abu.kalam882102232",2025-03-07 22:45:00,13,111,27,1,1,"#duet with @ইসলামিক ভিডিও 🕋🕋 #ইসলামিক_ভিডিও_🤲🕋🤲 "
"<a href=""https://www.tiktok.com/@sadikur3142/video/7479198362172984583"" target=""_blank"" class=""btn btn-sm"" style=""background-color: #00926c; color: white; text-decoration: none; padding: 2px 8px; border-radius: 4px; font-size: 0.8em;"">View Post</a>",5,"sadikur3142",2025-03-07 22:29:43,13,140,70,3,0,"#duet with @ইসলামিক ভিডিও 🕋🕋 #ইসলামিক_ভিডিও_🤲🕋🤲 "
"<a href=""https://www.tiktok.com/@sadikur3142/video/7479198262495317255"" target=""_blank"" class=""btn btn-sm"" style=""background-color: #00926c; color: white; text-decoration: none; padding: 2px 8px; border-radius: 4px; font-size: 0.8em;"">View Post</a>",5,"sadikur3142",2025-03-07 22:29:21,13,148,64,3,2,"#duet with @ইসলামিক ভিডিও 🕋🕋 #ইসলামিক_ভিডিও_🤲🕋🤲 "
"<a href=""https://www.tiktok.com/@sadikur3142/video/7479197957636590855"" target=""_blank"" class=""btn btn-sm"" style=""background-color: #00926c; color: white; text-decoration: none; padding: 2px 8px; border-radius: 4px; font-size: 0.8em;"">View Post</a>",5,"sadikur3142",2025-03-07 22:28:05,13,158,73,4,6,"#duet with @ইসলামিক ভিডিও 🕋🕋 #ইসলামিক_ভিডিও_🤲🕋🤲 "
"<a href=""https://www.tiktok.com/@sadikur3142/video/7479197900493376786"" target=""_blank"" class=""btn btn-sm"" style=""background-color: #00926c; color: white; text-decoration: none; padding: 2px 8px; border-radius: 4px; font-size: 0.8em;"">View Post</a>",5,"sadikur3142",2025-03-07 22:27:55,13,46,19,3,0,"#duet with @ইসলামিক ভিডিও 🕋🕋 #ইসলামিক_ভিডিও_🤲🕋🤲 "
"<a href=""https://www.tiktok.com/@sadikur3142/video/7479197777881337095"" target=""_blank"" class=""btn btn-sm"" style=""background-color: #00926c; color: white; text-decoration: none; padding: 2px 8px; border-radius: 4px; font-size: 0.8em;"">View Post</a>",5,"sadikur3142",2025-03-07 22:27:24,13,37,15,2,0,"#duet with @ইসলামিক ভিডিও 🕋🕋 #ইসলামিক_ভিডিও_🤲🕋🤲 "
"<a href=""https://www.tiktok.com/@moynul260/video/7479195797943291143"" target=""_blank"" class=""btn btn-sm"" style=""background-color: #00926c; color: white; text-decoration: none; padding: 2px 8px; border-radius: 4px; font-size: 0.8em;"">View Post</a>",2,"moynul260",2025-03-07 22:19:40,13,47,28,3,6,"#duet with @ইসলামিক ভিডিও 🕋🕋 #ইসলামিক_ভিডিও_🤲🕋🤲 "
"<a href=""https://www.tiktok.com/@moynul260/video/7479194035043798288"" target=""_blank"" class=""btn btn-sm"" style=""background-color: #00926c; color: white; text-decoration: none; padding: 2px 8px; border-radius: 4px; font-size: 0.8em;"">View Post</a>",2,"moynul260",2025-03-07 22:13:44,13,69,34,8,7,"#duet with @ইসলামিক ভিডিও 🕋🕋 #ইসলামিক_ভিডিও_🤲🕋🤲 "
"<a href=""https://www.tiktok.com/@.prince.sahin/video/7479193907641781511"" target=""_blank"" class=""btn btn-sm"" style=""background-color: #00926c; color: white; text-decoration: none; padding: 2px 8px; border-radius: 4px; font-size: 0.8em;"">View Post</a>",2,".prince.sahin",2025-03-07 22:12:22,13,146,53,0,0,"#duet with @ইসলামিক ভিডিও 🕋🕋 #ইসলামিক_ভিডিও_🤲🕋🤲 "
"<a href=""https://www.tiktok.com/@halim12345678910111213/video/7479193878524906770"" target=""_blank"" class=""btn btn-sm"" style=""background-color: #00926c; color: white; text-decoration: none; padding: 2px 8px; border-radius: 4px; font-size: 0.8em;"">View Post</a>",2,"halim12345678910111213",2025-03-07 22:12:16,13,161,89,2,0,"#duet with @ইসলামিক ভিডিও 🕋🕋 #ইসলামিক_ভিডিও_🤲🕋🤲 "
"<a href=""https://www.tiktok.com/@.prince.sahin/video/7479193624954014983"" target=""_blank"" class=""btn btn-sm"" style=""background-color: #00926c; color: white; text-decoration: none; padding: 2px 8px; border-radius: 4px; font-size: 0.8em;"">View Post</a>",2,".prince.sahin",2025-03-07 22:11:15,13,351,109,0,1,"#duet with @ইসলামিক ভিডিও 🕋🕋 #ইসলামিক_ভিডিও_🤲🕋🤲 "
"<a href=""https://www.tiktok.com/@monthakhan733/video/7479193556163300616"" target=""_blank"" class=""btn btn-sm"" style=""background-color: #00926c; color: white; text-decoration: none; padding: 2px 8px; border-radius: 4px; font-size: 0.8em;"">View Post</a>",2,"monthakhan733",2025-03-07 22:10:57,13,127,54,0,1,"#duet with @ইসলামিক ভিডিও 🕋🕋 #ইসলামিক_ভিডিও_🤲🕋🤲 "
"<a href=""https://www.tiktok.com/@.prince.sahin/video/7479193140600048912"" target=""_blank"" class=""btn btn-sm"" style=""background-color: #00926c; color: white; text-decoration: none; padding: 2px 8px; border-radius: 4px; font-size: 0.8em;"">View Post</a>",2,".prince.sahin",2025-03-07 22:10:19,13,332,110,0,1,"#duet with @ইসলামিক ভিডিও 🕋🕋 #ইসলামিক_ভিডিও_🤲🕋🤲 "
"<a href=""https://www.tiktok.com/@.prince.sahin/video/7479193131049684232"" target=""_blank"" class=""btn btn-sm"" style=""background-color: #00926c; color: white; text-decoration: none; padding: 2px 8px; border-radius: 4px; font-size: 0.8em;"">View Post</a>",2,".prince.sahin",2025-03-07 22:09:28,13,343,121,0,3,"#duet with @ইসলামিক ভিডিও 🕋🕋 #ইসলামিক_ভিডিও_🤲🕋🤲 "
"<a href=""https://www.tiktok.com/@jiz10/video/7479192790878948626"" target=""_blank"" class=""btn btn-sm"" style=""background-color: #00926c; color: white; text-decoration: none; padding: 2px 8px; border-radius: 4px; font-size: 0.8em;"">View Post</a>",2,"jiz10",2025-03-07 22:08:00,13,46,20,1,0,"#duet with @ইসলামিক ভিডিও 🕋🕋 #ইসলামিক_ভিডিও_🤲🕋🤲 "
"<a href=""https://www.tiktok.com/@.prince.sahin/video/7479192660536806673"" target=""_blank"" class=""btn btn-sm"" style=""background-color: #00926c; color: white; text-decoration: none; padding: 2px 8px; border-radius: 4px; font-size: 0.8em;"">View Post</a>",2,".prince.sahin",2025-03-07 22:08:08,13,23,4,0,0,"#duet with @ইসলামিক ভিডিও 🕋🕋 #ইসলামিক_ভিডিও_🤲🕋🤲 "
"<a href=""https://www.tiktok.com/@.prince.sahin/video/7479192535122857234"" target=""_blank"" class=""btn btn-sm"" style=""background-color: #00926c; color: white; text-decoration: none; padding: 2px 8px; border-radius: 4px; font-size: 0.8em;"">View Post</a>",2,".prince.sahin",2025-03-07 22:07:04,13,22,8,0,0,"#duet with @ইসলামিক ভিডিও 🕋🕋 #ইসলামিক_ভিডিও_🤲🕋🤲 "
"<a href=""https://www.tiktok.com/@.prince.sahin/video/7479192336837233928"" target=""_blank"" class=""btn btn-sm"" style=""background-color: #00926c; color: white; text-decoration: none; padding: 2px 8px; border-radius: 4px; font-size: 0.8em;"">View Post</a>",2,".prince.sahin",2025-03-07 22:06:17,13,361,126,0,2,"#duet with @ইসলামিক ভিডিও 🕋🕋 #ইসলামিক_ভিডিও_🤲🕋🤲 "
"<a href=""https://www.tiktok.com/@.prince.sahin/video/7479191848666402065"" target=""_blank"" class=""btn btn-sm"" style=""background-color: #00926c; color: white; text-decoration: none; padding: 2px 8px; border-radius: 4px; font-size: 0.8em;"">View Post</a>",2,".prince.sahin",2025-03-07 22:05:28,13,14,4,0,0,"#duet with @ইসলামিক ভিডিও 🕋🕋 #ইসলামিক_ভিডিও_🤲🕋🤲 "
"<a href=""https://www.tiktok.com/@moynul260/video/7479142746624658689"" target=""_blank"" class=""btn btn-sm"" style=""background-color: #00926c; color: white; text-decoration: none; padding: 2px 8px; border-radius: 4px; font-size: 0.8em;"">View Post</a>",2,"moynul260",2025-03-07 18:54:07,13,76,44,11,3,"#duet with @ইসলামিক ভিডিও 🕋🕋 #ইসলামিক_ভিডিও_🤲🕋🤲 "
"<a href=""https://www.tiktok.com/@moynul260/video/7479142057953496327"" target=""_blank"" class=""btn btn-sm"" style=""background-color: #00926c; color: white; text-decoration: none; padding: 2px 8px; border-radius: 4px; font-size: 0.8em;"">View Post</a>",2,"moynul260",2025-03-07 18:51:05,13,41,27,4,2,"#duet with @ইসলামিক ভিডিও 🕋🕋 #ইসলামিক_ভিডিও_🤲🕋🤲 "
"<a href=""https://www.tiktok.com/@forid9621/video/7479134190353566984"" target=""_blank"" class=""btn btn-sm"" style=""background-color: #00926c; color: white; text-decoration: none; padding: 2px 8px; border-radius: 4px; font-size: 0.8em;"">View Post</a>",2,"forid9621",2025-03-07 18:20:34,13,16,13,1,0,"#duet with @ইসলামিক ভিডিও 🕋🕋 #ইসলামিক_ভিডিও_🤲🕋🤲 "
"<a href=""https://www.tiktok.com/@moynul260/video/7479126283536862482"" target=""_blank"" class=""btn btn-sm"" style=""background-color: #00926c; color: white; text-decoration: none; padding: 2px 8px; border-radius: 4px; font-size: 0.8em;"">View Post</a>",2,"moynul260",2025-03-07 17:49:54,13,52,35,7,0,"#duet with @ইসলামিক ভিডিও 🕋🕋 #ইসলামিক_ভিডিও_🤲🕋🤲 "
"<a href=""https://www.tiktok.com/@.prince.sahin/video/7479125344558140688"" target=""_blank"" class=""btn btn-sm"" style=""background-color: #00926c; color: white; text-decoration: none; padding: 2px 8px; border-radius: 4px; font-size: 0.8em;"">View Post</a>",2,".prince.sahin",2025-03-07 17:46:53,13,400,143,0,1,"#duet with @ইসলামিক ভিডিও 🕋🕋 #ইসলামিক_ভিডিও_🤲🕋🤲 "
"<a href=""https://www.tiktok.com/@moynul260/video/7479125202618682642"" target=""_blank"" class=""btn btn-sm"" style=""background-color: #00926c; color: white; text-decoration: none; padding: 2px 8px; border-radius: 4px; font-size: 0.8em;"">View Post</a>",2,"moynul260",2025-03-07 17:45:42,13,61,29,8,0,"#duet with @ইসলামিক ভিডিও 🕋🕋 #ইসলামিক_ভিডিও_🤲🕋🤲 "
"<a href=""https://www.tiktok.com/@.prince.sahin/video/7479124869695687943"" target=""_blank"" class=""btn btn-sm"" style=""background-color: #00926c; color: white; text-decoration: none; padding: 2px 8px; border-radius: 4px; font-size: 0.8em;"">View Post</a>",2,".prince.sahin",2025-03-07 17:44:23,13,409,148,0,0,"#duet with @ইসলামিক ভিডিও 🕋🕋 #ইসলামিক_ভিডিও_🤲🕋🤲 "
"<a href=""https://www.tiktok.com/@dysyljs3rxp4/video/7479122757649845512"" target=""_blank"" class=""btn btn-sm"" style=""background-color: #00926c; color: white; text-decoration: none; padding: 2px 8px; border-radius: 4px; font-size: 0.8em;"">View Post</a>",3,"dysyljs3rxp4",2025-03-07 17:36:13,13,57,28,3,0,"#duet with @ইসলামিক ভিডিও 🕋🕋 #ইসলামিক_ভিডিও_🤲🕋🤲 "
"<a href=""https://www.tiktok.com/@shohidul8060/video/7479121990939331848"" target=""_blank"" class=""btn btn-sm"" style=""background-color: #00926c; color: white; text-decoration: none; padding: 2px 8px; border-radius: 4px; font-size: 0.8em;"">View Post</a>",3,"shohidul8060",2025-03-07 17:33:15,13,111,51,0,0,"#duet with @ইসলামিক ভিডিও 🕋🕋 #ইসলামিক_ভিডিও_🤲🕋🤲 "
"<a href=""https://www.tiktok.com/@shohidul8060/video/7479121636084419858"" target=""_blank"" class=""btn btn-sm"" style=""background-color: #00926c; color: white; text-decoration: none; padding: 2px 8px; border-radius: 4px; font-size: 0.8em;"">View Post</a>",3,"shohidul8060",2025-03-07 17:31:50,13,119,55,0,0,"#duet with @ইসলামিক ভিডিও 🕋🕋 #ইসলামিক_ভিডিও_🤲🕋🤲 "
"<a href=""https://www.tiktok.com/@dysyljs3rxp4/video/7479121496091200786"" target=""_blank"" class=""btn btn-sm"" style=""background-color: #00926c; color: white; text-decoration: none; padding: 2px 8px; border-radius: 4px; font-size: 0.8em;"">View Post</a>",3,"dysyljs3rxp4",2025-03-07 17:31:17,13,52,29,2,0,"#duet with @ইসলামিক ভিডিও 🕋🕋 #ইসলামিক_ভিডিও_🤲🕋🤲 "
"<a href=""https://www.tiktok.com/@gks.rakib/video/7479121282815102226"" target=""_blank"" class=""btn btn-sm"" style=""background-color: #00926c; color: white; text-decoration: none; padding: 2px 8px; border-radius: 4px; font-size: 0.8em;"">View Post</a>",3,"gks.rakib",2025-03-07 17:30:28,13,24,16,1,2,"#duet with @ইসলামিক ভিডিও 🕋🕋 #ইসলামিক_ভিডিও_🤲🕋🤲 "
"<a href=""https://www.tiktok.com/@shohidul8060/video/7479121231258733832"" target=""_blank"" class=""btn btn-sm"" style=""background-color: #00926c; color: white; text-decoration: none; padding: 2px 8px; border-radius: 4px; font-size: 0.8em;"">View Post</a>",3,"shohidul8060",2025-03-07 17:30:18,13,126,66,0,1,"#duet with @ইসলামিক ভিডিও 🕋🕋 #ইসলামিক_ভিডিও_🤲🕋🤲 "
"<a href=""https://www.tiktok.com/@shohidul8060/video/7479121049263607048"" target=""_blank"" class=""btn btn-sm"" style=""background-color: #00926c; color: white; text-decoration: none; padding: 2px 8px; border-radius: 4px; font-size: 0.8em;"">View Post</a>",3,"shohidul8060",2025-03-07 17:29:34,13,124,52,0,0,"#duet with @ইসলামিক ভিডিও 🕋🕋 #ইসলামিক_ভিডিও_🤲🕋🤲 "
"<a href=""https://www.tiktok.com/@shohidul8060/video/7479120730165202184"" target=""_blank"" class=""btn btn-sm"" style=""background-color: #00926c; color: white; text-decoration: none; padding: 2px 8px; border-radius: 4px; font-size: 0.8em;"">View Post</a>",3,"shohidul8060",2025-03-07 17:28:20,13,32,17,0,0,"#duet with @ইসলামিক ভিডিও 🕋🕋 #ইসলামিক_ভিডিও_🤲🕋🤲 "
"<a href=""https://www.tiktok.com/@user61678192686105/video/7479112800976047367"" target=""_blank"" class=""btn btn-sm"" style=""background-color: #00926c; color: white; text-decoration: none; padding: 2px 8px; border-radius: 4px; font-size: 0.8em;"">View Post</a>",3,"user61678192686105",2025-03-07 16:57:34,13,145,57,0,1,"#duet with @ইসলামিক ভিডিও 🕋🕋 #ইসলামিক_ভিডিও_🤲🕋🤲 "
"<a href=""https://www.tiktok.com/@jiz10/video/7479104158050585874"" target=""_blank"" class=""btn btn-sm"" style=""background-color: #00926c; color: white; text-decoration: none; padding: 2px 8px; border-radius: 4px; font-size: 0.8em;"">View Post</a>",2,"jiz10",2025-03-07 16:24:02,13,129,64,1,1,"#duet with @ইসলামিক ভিডিও 🕋🕋 #ইসলামিক_ভিডিও_🤲🕋🤲 "
"<a href=""https://www.tiktok.com/@k.m.abdul.wadud/video/7479097529993366802"" target=""_blank"" class=""btn btn-sm"" style=""background-color: #00926c; color: white; text-decoration: none; padding: 2px 8px; border-radius: 4px; font-size: 0.8em;"">View Post</a>",4,"k.m.abdul.wadud",2025-03-07 15:58:16,13,82,40,5,4,"#duet with @ইসলামিক ভিডিও 🕋🕋 #ইসলামিক_ভিডিও_🤲🕋🤲 "
"<a href=""https://www.tiktok.com/@jiz10/video/7479096079477116167"" target=""_blank"" class=""btn btn-sm"" style=""background-color: #00926c; color: white; text-decoration: none; padding: 2px 8px; border-radius: 4px; font-size: 0.8em;"">View Post</a>",2,"jiz10",2025-03-07 15:52:39,13,143,67,0,0,"#duet with @ইসলামিক ভিডিও 🕋🕋 #ইসলামিক_ভিডিও_🤲🕋🤲 "
"<a href=""https://www.tiktok.com/@shohidul8060/video/7479096037148232967"" target=""_blank"" class=""btn btn-sm"" style=""background-color: #00926c; color: white; text-decoration: none; padding: 2px 8px; border-radius: 4px; font-size: 0.8em;"">View Post</a>",3,"shohidul8060",2025-03-07 15:52:28,13,61,25,0,0,"#duet with @ইসলামিক ভিডিও 🕋🕋 #ইসলামিক_ভিডিও_🤲🕋🤲 "
"<a href=""https://www.tiktok.com/@k.m.abdul.wadud/video/7479094676604210440"" target=""_blank"" class=""btn btn-sm"" style=""background-color: #00926c; color: white; text-decoration: none; padding: 2px 8px; border-radius: 4px; font-size: 0.8em;"">View Post</a>",4,"k.m.abdul.wadud",2025-03-07 15:47:12,13,59,32,2,7,"#duet with @ইসলামিক ভিডিও 🕋🕋 #ইসলামিক_ভিডিও_🤲🕋🤲 "
"<a href=""https://www.tiktok.com/@k.m.abdul.wadud/video/7479093241208458514"" target=""_blank"" class=""btn btn-sm"" style=""background-color: #00926c; color: white; text-decoration: none; padding: 2px 8px; border-radius: 4px; font-size: 0.8em;"">View Post</a>",4,"k.m.abdul.wadud",2025-03-07 15:41:40,13,172,91,2,6,"#duet with @ইসলামিক ভিডিও 🕋🕋 #ইসলামিক_ভিডিও_🤲🕋🤲 "
"<a href=""https://www.tiktok.com/@k.m.abdul.wadud/video/7479092734637165832"" target=""_blank"" class=""btn btn-sm"" style=""background-color: #00926c; color: white; text-decoration: none; padding: 2px 8px; border-radius: 4px; font-size: 0.8em;"">View Post</a>",4,"k.m.abdul.wadud",2025-03-07 15:39:40,13,164,92,2,6,"#duet with @ইসলামিক ভিডিও 🕋🕋 #ইসলামিক_ভিডিও_🤲🕋🤲 "
"<a href=""https://www.tiktok.com/@k.m.abdul.wadud/video/7479091900658535698"" target=""_blank"" class=""btn btn-sm"" style=""background-color: #00926c; color: white; text-decoration: none; padding: 2px 8px; border-radius: 4px; font-size: 0.8em;"">View Post</a>",4,"k.m.abdul.wadud",2025-03-07 15:36:27,13,169,79,4,5,"#duet with @ইসলামিক ভিডিও 🕋🕋 #ইসলামিক_ভিডিও_🤲🕋🤲 "
"<a href=""https://www.tiktok.com/@k.m.abdul.wadud/video/7479091142844288264"" target=""_blank"" class=""btn btn-sm"" style=""background-color: #00926c; color: white; text-decoration: none; padding: 2px 8px; border-radius: 4px; font-size: 0.8em;"">View Post</a>",4,"k.m.abdul.wadud",2025-03-07 15:33:31,13,141,80,3,15,"#duet with @ইসলামিক ভিডিও 🕋🕋 #ইসলামিক_ভিডিও_🤲🕋🤲 "
"<a href=""https://www.tiktok.com/@k.m.abdul.wadud/video/7479089931579608338"" target=""_blank"" class=""btn btn-sm"" style=""background-color: #00926c; color: white; text-decoration: none; padding: 2px 8px; border-radius: 4px; font-size: 0.8em;"">View Post</a>",4,"k.m.abdul.wadud",2025-03-07 15:28:49,13,239,95,3,5,"#duet with @ইসলামিক ভিডিও 🕋🕋 #ইসলামিক_ভিডিও_🤲🕋🤲 "
"<a href=""https://www.tiktok.com/@user5699597151255/video/7479089893898063122"" target=""_blank"" class=""btn btn-sm"" style=""background-color: #00926c; color: white; text-decoration: none; padding: 2px 8px; border-radius: 4px; font-size: 0.8em;"">View Post</a>",4,"user5699597151255",2025-03-07 15:28:39,13,24,11,1,0,"#duet with @ইসলামিক ভিডিও 🕋🕋 #ইসলামিক_ভিডিও_🤲🕋🤲 "
"<a href=""https://www.tiktok.com/@jayed.ali73/video/7479089725714812168"" target=""_blank"" class=""btn btn-sm"" style=""background-color: #00926c; color: white; text-decoration: none; padding: 2px 8px; border-radius: 4px; font-size: 0.8em;"">View Post</a>",4,"jayed.ali73",2025-03-07 15:27:59,13,45,20,2,0,"#duet with @ইসলামিক ভিডিও 🕋🕋 #ইসলামিক_ভিডিও_🤲🕋🤲 "
"<a href=""https://www.tiktok.com/@user5699597151255/video/7479089705322155272"" target=""_blank"" class=""btn btn-sm"" style=""background-color: #00926c; color: white; text-decoration: none; padding: 2px 8px; border-radius: 4px; font-size: 0.8em;"">View Post</a>",4,"user5699597151255",2025-03-07 15:27:56,13,203,92,1,0,"#duet with @ইসলামিক ভিডিও 🕋🕋 #ইসলামিক_ভিডিও_🤲🕋🤲 "
"<a href=""https://www.tiktok.com/@k.m.abdul.wadud/video/7479089544680213768"" target=""_blank"" class=""btn btn-sm"" style=""background-color: #00926c; color: white; text-decoration: none; padding: 2px 8px; border-radius: 4px; font-size: 0.8em;"">View Post</a>",4,"k.m.abdul.wadud",2025-03-07 15:27:16,13,141,67,4,15,"#duet with @ইসলামিক ভিডিও 🕋🕋 #ইসলামিক_ভিডিও_🤲🕋🤲 "
"<a href=""https://www.tiktok.com/@user5699597151255/video/7479089494256389383"" target=""_blank"" class=""btn btn-sm"" style=""background-color: #00926c; color: white; text-decoration: none; padding: 2px 8px; border-radius: 4px; font-size: 0.8em;"">View Post</a>",4,"user5699597151255",2025-03-07 15:27:07,13,42,20,2,1,"#duet with @ইসলামিক ভিডিও 🕋🕋 #ইসলামিক_ভিডিও_🤲🕋🤲 "
"<a href=""https://www.tiktok.com/@userdinislam560/video/7479089445548100871"" target=""_blank"" class=""btn btn-sm"" style=""background-color: #00926c; color: white; text-decoration: none; padding: 2px 8px; border-radius: 4px; font-size: 0.8em;"">View Post</a>",4,"userdinislam560",2025-03-07 15:26:54,13,202,85,1,0,"#duet with @ইসলামিক ভিডিও 🕋🕋 #ইসলামিক_ভিডিও_🤲🕋🤲 "
"<a href=""https://www.tiktok.com/@userdinislam560/video/7479089163611000072"" target=""_blank"" class=""btn btn-sm"" style=""background-color: #00926c; color: white; text-decoration: none; padding: 2px 8px; border-radius: 4px; font-size: 0.8em;"">View Post</a>",4,"userdinislam560",2025-03-07 15:25:49,13,57,28,2,1,"#duet with @ইসলামিক ভিডিও 🕋🕋 #ইসলামিক_ভিডিও_🤲🕋🤲 "
"<a href=""https://www.tiktok.com/@user5699597151255/video/7479089141913898258"" target=""_blank"" class=""btn btn-sm"" style=""background-color: #00926c; color: white; text-decoration: none; padding: 2px 8px; border-radius: 4px; font-size: 0.8em;"">View Post</a>",4,"user5699597151255",2025-03-07 15:25:43,13,37,21,1,0,"#duet with @ইসলামিক ভিডিও 🕋🕋 #ইসলামিক_ভিডিও_🤲🕋🤲 "
"<a href=""https://www.tiktok.com/@k.m.abdul.wadud/video/7479088874111765778"" target=""_blank"" class=""btn btn-sm"" style=""background-color: #00926c; color: white; text-decoration: none; padding: 2px 8px; border-radius: 4px; font-size: 0.8em;"">View Post</a>",4,"k.m.abdul.wadud",2025-03-07 15:24:43,13,192,85,4,17,"#duet with @ইসলামিক ভিডিও 🕋🕋 #ইসলামিক_ভিডিও_🤲🕋🤲 "
"<a href=""https://www.tiktok.com/@user5699597151255/video/7479088858542411015"" target=""_blank"" class=""btn btn-sm"" style=""background-color: #00926c; color: white; text-decoration: none; padding: 2px 8px; border-radius: 4px; font-size: 0.8em;"">View Post</a>",4,"user5699597151255",2025-03-07 15:24:36,13,38,25,1,0,"#duet with @ইসলামিক ভিডিও 🕋🕋 #ইসলামিক_ভিডিও_🤲🕋🤲 "
"<a href=""https://www.tiktok.com/@jayed.ali73/video/7479088613909728519"" target=""_blank"" class=""btn btn-sm"" style=""background-color: #00926c; color: white; text-decoration: none; padding: 2px 8px; border-radius: 4px; font-size: 0.8em;"">View Post</a>",4,"jayed.ali73",2025-03-07 15:23:41,13,45,24,2,0,"#duet with @ইসলামিক ভিডিও 🕋🕋 #ইসলামিক_ভিডিও_🤲🕋🤲 "
"<a href=""https://www.tiktok.com/@k.m.abdul.wadud/video/7479088527578385671"" target=""_blank"" class=""btn btn-sm"" style=""background-color: #00926c; color: white; text-decoration: none; padding: 2px 8px; border-radius: 4px; font-size: 0.8em;"">View Post</a>",4,"k.m.abdul.wadud",2025-03-07 15:23:22,13,61,36,3,12,"#duet with @ইসলামিক ভিডিও 🕋🕋 #ইসলামিক_ভিডিও_🤲🕋🤲 "
"<a href=""https://www.tiktok.com/@jiz10/video/7479088498104978695"" target=""_blank"" class=""btn btn-sm"" style=""background-color: #00926c; color: white; text-decoration: none; padding: 2px 8px; border-radius: 4px; font-size: 0.8em;"">View Post</a>",2,"jiz10",2025-03-07 15:23:14,13,165,80,0,3,"#duet with @ইসলামিক ভিডিও 🕋🕋 #ইসলামিক_ভিডিও_🤲🕋🤲 "
"<a href=""https://www.tiktok.com/@moynul260/video/7479085635169455367"" target=""_blank"" class=""btn btn-sm"" style=""background-color: #00926c; color: white; text-decoration: none; padding: 2px 8px; border-radius: 4px; font-size: 0.8em;"">View Post</a>",2,"moynul260",2025-03-07 15:12:05,13,85,49,8,0,"#duet with @ইসলামিক ভিডিও 🕋🕋 #ইসলামিক_ভিডিও_🤲🕋🤲 "
"<a href=""https://www.tiktok.com/@user5699597151255/video/7479071498561588498"" target=""_blank"" class=""btn btn-sm"" style=""background-color: #00926c; color: white; text-decoration: none; padding: 2px 8px; border-radius: 4px; font-size: 0.8em;"">View Post</a>",4,"user5699597151255",2025-03-07 14:17:15,13,35,23,0,0,"#duet with @ইসলামিক ভিডিও 🕋🕋 #ইসলামিক_ভিডিও_🤲🕋🤲 "
"<a href=""https://www.tiktok.com/@user5699597151255/video/7479071039985618183"" target=""_blank"" class=""btn btn-sm"" style=""background-color: #00926c; color: white; text-decoration: none; padding: 2px 8px; border-radius: 4px; font-size: 0.8em;"">View Post</a>",4,"user5699597151255",2025-03-07 14:15:28,13,212,98,0,1,"#duet with @ইসলামিক ভিডিও 🕋🕋 #ইসলামিক_ভিডিও_🤲🕋🤲 "
"<a href=""https://www.tiktok.com/@user5699597151255/video/7479070841112759570"" target=""_blank"" class=""btn btn-sm"" style=""background-color: #00926c; color: white; text-decoration: none; padding: 2px 8px; border-radius: 4px; font-size: 0.8em;"">View Post</a>",4,"user5699597151255",2025-03-07 14:14:42,13,255,123,0,3,"#duet with @ইসলামিক ভিডিও 🕋🕋 #ইসলামিক_ভিডিও_🤲🕋🤲 "
"<a href=""https://www.tiktok.com/@user5699597151255/video/7479070656659754247"" target=""_blank"" class=""btn btn-sm"" style=""background-color: #00926c; color: white; text-decoration: none; padding: 2px 8px; border-radius: 4px; font-size: 0.8em;"">View Post</a>",4,"user5699597151255",2025-03-07 14:13:59,13,47,27,4,2,"#duet with @ইসলামিক ভিডিও 🕋🕋 #ইসলামিক_ভিডিও_🤲🕋🤲 "
"<a href=""https://www.tiktok.com/@user5699597151255/video/7479070538829204744"" target=""_blank"" class=""btn btn-sm"" style=""background-color: #00926c; color: white; text-decoration: none; padding: 2px 8px; border-radius: 4px; font-size: 0.8em;"">View Post</a>",4,"user5699597151255",2025-03-07 14:13:32,13,252,103,0,0,"#duet with @ইসলামিক ভিডিও 🕋🕋 #ইসলামিক_ভিডিও_🤲🕋🤲 "
"<a href=""https://www.tiktok.com/@user5699597151255/video/7479070388199247111"" target=""_blank"" class=""btn btn-sm"" style=""background-color: #00926c; color: white; text-decoration: none; padding: 2px 8px; border-radius: 4px; font-size: 0.8em;"">View Post</a>",4,"user5699597151255",2025-03-07 14:12:58,13,244,113,1,7,"#duet with @ইসলামিক ভিডিও 🕋🕋 #ইসলামিক_ভিডিও_🤲🕋🤲 "
"<a href=""https://www.tiktok.com/@userdinislam560/video/7479067753878408456"" target=""_blank"" class=""btn btn-sm"" style=""background-color: #00926c; color: white; text-decoration: none; padding: 2px 8px; border-radius: 4px; font-size: 0.8em;"">View Post</a>",4,"userdinislam560",2025-03-07 14:02:43,13,210,77,2,1,"#duet with @ইসলামিক ভিডিও 🕋🕋 #ইসলামিক_ভিডিও_🤲🕋🤲 "
"<a href=""https://www.tiktok.com/@sadikur3142/video/7479057833615428872"" target=""_blank"" class=""btn btn-sm"" style=""background-color: #00926c; color: white; text-decoration: none; padding: 2px 8px; border-radius: 4px; font-size: 0.8em;"">View Post</a>",5,"sadikur3142",2025-03-07 13:24:13,13,57,29,3,42,"#duet with @ইসলামিক ভিডিও 🕋🕋 #ইসলামিক_ভিডিও_🤲🕋🤲 "
"<a href=""https://www.tiktok.com/@sadikur3142/video/7479057706939092232"" target=""_blank"" class=""btn btn-sm"" style=""background-color: #00926c; color: white; text-decoration: none; padding: 2px 8px; border-radius: 4px; font-size: 0.8em;"">View Post</a>",5,"sadikur3142",2025-03-07 13:23:44,13,47,18,2,0,"#duet with @ইসলামিক ভিডিও 🕋🕋 #ইসলামিক_ভিডিও_🤲🕋🤲 "
"<a href=""https://www.tiktok.com/@sadikur3142/video/7479057597744696583"" target=""_blank"" class=""btn btn-sm"" style=""background-color: #00926c; color: white; text-decoration: none; padding: 2px 8px; border-radius: 4px; font-size: 0.8em;"">View Post</a>",5,"sadikur3142",2025-03-07 13:23:19,13,150,72,6,0,"#duet with @ইসলামিক ভিডিও 🕋🕋 #ইসলামিক_ভিডিও_🤲🕋🤲 "
"<a href=""https://www.tiktok.com/@user9786227192170/video/7479057551636876551"" target=""_blank"" class=""btn btn-sm"" style=""background-color: #00926c; color: white; text-decoration: none; padding: 2px 8px; border-radius: 4px; font-size: 0.8em;"">View Post</a>",5,"user9786227192170",2025-03-07 13:23:09,13,125,54,0,0,"#duet with @ইসলামিক ভিডিও 🕋🕋 #ইসলামিক_ভিডিও_🤲🕋🤲 "
"<a href=""https://www.tiktok.com/@sadikur3142/video/7479056932158901512"" target=""_blank"" class=""btn btn-sm"" style=""background-color: #00926c; color: white; text-decoration: none; padding: 2px 8px; border-radius: 4px; font-size: 0.8em;"">View Post</a>",5,"sadikur3142",2025-03-07 13:20:46,13,153,60,3,0,"#duet with @ইসলামিক ভিডিও 🕋🕋 #ইসলামিক_ভিডিও_🤲🕋🤲 "
"<a href=""https://www.tiktok.com/@sadikur3142/video/7479056170867510535"" target=""_blank"" class=""btn btn-sm"" style=""background-color: #00926c; color: white; text-decoration: none; padding: 2px 8px; border-radius: 4px; font-size: 0.8em;"">View Post</a>",5,"sadikur3142",2025-03-07 13:17:45,13,152,67,3,0,"#duet with @ইসলামিক ভিডিও 🕋🕋 #ইসলামিক_ভিডিও_🤲🕋🤲 "
"<a href=""https://www.tiktok.com/@user139373094036/video/7479051406318603538"" target=""_blank"" class=""btn btn-sm"" style=""background-color: #00926c; color: white; text-decoration: none; padding: 2px 8px; border-radius: 4px; font-size: 0.8em;"">View Post</a>",3,"user139373094036",2025-03-07 12:59:16,13,129,45,0,0,"#duet with @ইসলামিক ভিডিও 🕋🕋 #ইসলামিক_ভিডিও_🤲🕋🤲 "
"<a href=""https://www.tiktok.com/@forid9621/video/7479051001559993608"" target=""_blank"" class=""btn btn-sm"" style=""background-color: #00926c; color: white; text-decoration: none; padding: 2px 8px; border-radius: 4px; font-size: 0.8em;"">View Post</a>",2,"forid9621",2025-03-07 12:57:42,13,53,31,2,0,"#duet with @ইসলামিক ভিডিও 🕋🕋 #ইসলামিক_ভিডিও_🤲🕋🤲 "
"<a href=""https://www.tiktok.com/@shohidul8060/video/7479050942122495239"" target=""_blank"" class=""btn btn-sm"" style=""background-color: #00926c; color: white; text-decoration: none; padding: 2px 8px; border-radius: 4px; font-size: 0.8em;"">View Post</a>",3,"shohidul8060",2025-03-07 12:57:27,13,116,45,0,1,"#duet with @ইসলামিক ভিডিও 🕋🕋 #ইসলামিক_ভিডিও_🤲🕋🤲 "
"<a href=""https://www.tiktok.com/@shohidul8060/video/7479050566006541576"" target=""_blank"" class=""btn btn-sm"" style=""background-color: #00926c; color: white; text-decoration: none; padding: 2px 8px; border-radius: 4px; font-size: 0.8em;"">View Post</a>",3,"shohidul8060",2025-03-07 12:56:01,13,110,53,0,0,"#duet with @ইসলামিক ভিডিও 🕋🕋 #ইসলামিক_ভিডিও_🤲🕋🤲 "
"<a href=""https://www.tiktok.com/@shohidul8060/video/7479049941566967058"" target=""_blank"" class=""btn btn-sm"" style=""background-color: #00926c; color: white; text-decoration: none; padding: 2px 8px; border-radius: 4px; font-size: 0.8em;"">View Post</a>",3,"shohidul8060",2025-03-07 12:53:36,13,127,57,0,0,"#duet with @ইসলামিক ভিডিও 🕋🕋 #ইসলামিক_ভিডিও_🤲🕋🤲 "
"<a href=""https://www.tiktok.com/@.prince.sahin/video/7479049650603822337"" target=""_blank"" class=""btn btn-sm"" style=""background-color: #00926c; color: white; text-decoration: none; padding: 2px 8px; border-radius: 4px; font-size: 0.8em;"">View Post</a>",2,".prince.sahin",2025-03-07 12:52:47,13,18,3,0,0,"#duet with @ইসলামিক ভিডিও 🕋🕋 #ইসলামিক_ভিডিও_🤲🕋🤲 "
"<a href=""https://www.tiktok.com/@moynul260/video/7479049553925180690"" target=""_blank"" class=""btn btn-sm"" style=""background-color: #00926c; color: white; text-decoration: none; padding: 2px 8px; border-radius: 4px; font-size: 0.8em;"">View Post</a>",2,"moynul260",2025-03-07 12:52:07,13,55,29,6,0,"#duet with @ইসলামিক ভিডিও 🕋🕋 #ইসলামিক_ভিডিও_🤲🕋🤲 "
"<a href=""https://www.tiktok.com/@moynul260/video/7479048028083522824"" target=""_blank"" class=""btn btn-sm"" style=""background-color: #00926c; color: white; text-decoration: none; padding: 2px 8px; border-radius: 4px; font-size: 0.8em;"">View Post</a>",2,"moynul260",2025-03-07 12:46:11,13,49,24,4,0,"#duet with @ইসলামিক ভিডিও 🕋🕋 #ইসলামিক_ভিডিও_🤲🕋🤲 "
"<a href=""https://www.tiktok.com/@forid9621/video/7479047460376317192"" target=""_blank"" class=""btn btn-sm"" style=""background-color: #00926c; color: white; text-decoration: none; padding: 2px 8px; border-radius: 4px; font-size: 0.8em;"">View Post</a>",2,"forid9621",2025-03-07 12:43:58,13,134,47,0,0,"#duet with @ইসলামিক ভিডিও 🕋🕋 #ইসলামিক_ভিডিও_🤲🕋🤲 "
"<a href=""https://www.tiktok.com/@forid9621/video/7479046739773623570"" target=""_blank"" class=""btn btn-sm"" style=""background-color: #00926c; color: white; text-decoration: none; padding: 2px 8px; border-radius: 4px; font-size: 0.8em;"">View Post</a>",2,"forid9621",2025-03-07 12:41:10,13,142,65,0,0,"#duet with @ইসলামিক ভিডিও 🕋🕋 #ইসলামিক_ভিডিও_🤲🕋🤲 "
"<a href=""https://www.tiktok.com/@forid9621/video/7479046360197500167"" target=""_blank"" class=""btn btn-sm"" style=""background-color: #00926c; color: white; text-decoration: none; padding: 2px 8px; border-radius: 4px; font-size: 0.8em;"">View Post</a>",2,"forid9621",2025-03-07 12:39:43,13,29,18,2,0,"#duet with @ইসলামিক ভিডিও 🕋🕋 #ইসলামিক_ভিডিও_🤲🕋🤲 "
"<a href=""https://www.tiktok.com/@forid9621/video/7479045678245661960"" target=""_blank"" class=""btn btn-sm"" style=""background-color: #00926c; color: white; text-decoration: none; padding: 2px 8px; border-radius: 4px; font-size: 0.8em;"">View Post</a>",2,"forid9621",2025-03-07 12:37:02,13,23,18,1,0,"#duet with @ইসলামিক ভিডিও 🕋🕋 #ইসলামিক_ভিডিও_🤲🕋🤲 "
"<a href=""https://www.tiktok.com/@user8151567859414/video/7479045298778623240"" target=""_blank"" class=""btn btn-sm"" style=""background-color: #00926c; color: white; text-decoration: none; padding: 2px 8px; border-radius: 4px; font-size: 0.8em;"">View Post</a>",2,"user8151567859414",2025-03-07 12:35:35,13,140,14,0,4,"#duet with @ইসলামিক ভিডিও 🕋🕋 #ইসলামিক_ভিডিও_🤲🕋🤲 "
"<a href=""https://www.tiktok.com/@forid9621/video/7479045108831194375"" target=""_blank"" class=""btn btn-sm"" style=""background-color: #00926c; color: white; text-decoration: none; padding: 2px 8px; border-radius: 4px; font-size: 0.8em;"">View Post</a>",2,"forid9621",2025-03-07 12:34:52,13,21,16,0,0,"#duet with @ইসলামিক ভিডিও 🕋🕋 #ইসলামিক_ভিডিও_🤲🕋🤲 "
"<a href=""https://www.tiktok.com/@abu.kalam882102232/video/7479033193522351378"" target=""_blank"" class=""btn btn-sm"" style=""background-color: #00926c; color: white; text-decoration: none; padding: 2px 8px; border-radius: 4px; font-size: 0.8em;"">View Post</a>",1,"abu.kalam882102232",2025-03-07 11:48:37,13,14,5,3,0,"#duet with @ইসলামিক ভিডিও 🕋🕋 #ইসলামিক_ভিডিও_🤲🕋🤲 "
"<a href=""https://www.tiktok.com/@jiz10/video/7479023484375403794"" target=""_blank"" class=""btn btn-sm"" style=""background-color: #00926c; color: white; text-decoration: none; padding: 2px 8px; border-radius: 4px; font-size: 0.8em;"">View Post</a>",2,"jiz10",2025-03-07 11:10:57,13,262,91,1,0,"#duet with @ইসলামিক ভিডিও 🕋🕋 #ইসলামিক_ভিডিও_🤲🕋🤲 "
"<a href=""https://www.tiktok.com/@forid9621/video/7479015491764342034"" target=""_blank"" class=""btn btn-sm"" style=""background-color: #00926c; color: white; text-decoration: none; padding: 2px 8px; border-radius: 4px; font-size: 0.8em;"">View Post</a>",2,"forid9621",2025-03-07 10:39:56,13,25,15,0,0,"#duet with @ইসলামিক ভিডিও 🕋🕋 #ইসলামিক_ভিডিও_🤲🕋🤲 "
"<a href=""https://www.tiktok.com/@forid9621/video/7479014022432427272"" target=""_blank"" class=""btn btn-sm"" style=""background-color: #00926c; color: white; text-decoration: none; padding: 2px 8px; border-radius: 4px; font-size: 0.8em;"">View Post</a>",2,"forid9621",2025-03-07 10:34:13,13,22,18,0,0,"#duet with @ইসলামিক ভিডিও 🕋🕋 #ইসলামিক_ভিডিও_🤲🕋🤲 "
"<a href=""https://www.tiktok.com/@.prince.sahin/video/7479013394276683024"" target=""_blank"" class=""btn btn-sm"" style=""background-color: #00926c; color: white; text-decoration: none; padding: 2px 8px; border-radius: 4px; font-size: 0.8em;"">View Post</a>",2,".prince.sahin",2025-03-07 10:32:14,13,33,10,0,0,"#duet with @ইসলামিক ভিডিও 🕋🕋 #ইসলামিক_ভিডিও_🤲🕋🤲 "
"<a href=""https://www.tiktok.com/@forid9621/video/7479012094730325266"" target=""_blank"" class=""btn btn-sm"" style=""background-color: #00926c; color: white; text-decoration: none; padding: 2px 8px; border-radius: 4px; font-size: 0.8em;"">View Post</a>",2,"forid9621",2025-03-07 10:26:44,13,18,17,1,0,"#duet with @ইসলামিক ভিডিও 🕋🕋 #ইসলামিক_ভিডিও_🤲🕋🤲 "
"<a href=""https://www.tiktok.com/@.prince.sahin/video/7479011943680871697"" target=""_blank"" class=""btn btn-sm"" style=""background-color: #00926c; color: white; text-decoration: none; padding: 2px 8px; border-radius: 4px; font-size: 0.8em;"">View Post</a>",2,".prince.sahin",2025-03-07 10:26:39,13,26,9,0,1,"#duet with @ইসলামিক ভিডিও 🕋🕋 #ইসলামিক_ভিডিও_🤲🕋🤲 "
"<a href=""https://www.tiktok.com/@.prince.sahin/video/7479011709194128641"" target=""_blank"" class=""btn btn-sm"" style=""background-color: #00926c; color: white; text-decoration: none; padding: 2px 8px; border-radius: 4px; font-size: 0.8em;"">View Post</a>",2,".prince.sahin",2025-03-07 10:25:39,13,342,93,0,3,"#duet with @ইসলামিক ভিডিও 🕋🕋 #ইসলামিক_ভিডিও_🤲🕋🤲 "
"<a href=""https://www.tiktok.com/@.prince.sahin/video/7479011560606731536"" target=""_blank"" class=""btn btn-sm"" style=""background-color: #00926c; color: white; text-decoration: none; padding: 2px 8px; border-radius: 4px; font-size: 0.8em;"">View Post</a>",2,".prince.sahin",2025-03-07 10:25:06,13,339,113,0,0,"#duet with @ইসলামিক ভিডিও 🕋🕋 #ইসলামিক_ভিডিও_🤲🕋🤲 "
"<a href=""https://www.tiktok.com/@.prince.sahin/video/7479010682600541447"" target=""_blank"" class=""btn btn-sm"" style=""background-color: #00926c; color: white; text-decoration: none; padding: 2px 8px; border-radius: 4px; font-size: 0.8em;"">View Post</a>",2,".prince.sahin",2025-03-07 10:21:18,13,382,122,0,1,"#duet with @ইসলামিক ভিডিও 🕋🕋 #ইসলামিক_ভিডিও_🤲🕋🤲 "
"<a href=""https://www.tiktok.com/@userdinislam560/video/7479005155812199698"" target=""_blank"" class=""btn btn-sm"" style=""background-color: #00926c; color: white; text-decoration: none; padding: 2px 8px; border-radius: 4px; font-size: 0.8em;"">View Post</a>",4,"userdinislam560",2025-03-07 09:59:48,13,209,71,4,0,"#duet with @ইসলামিক ভিডিও 🕋🕋 #ইসলামিক_ভিডিও_🤲🕋🤲 "
"<a href=""https://www.tiktok.com/@shohidul8060/video/7479005113743412487"" target=""_blank"" class=""btn btn-sm"" style=""background-color: #00926c; color: white; text-decoration: none; padding: 2px 8px; border-radius: 4px; font-size: 0.8em;"">View Post</a>",3,"shohidul8060",2025-03-07 09:59:40,13,19,11,0,0,"#duet with @ইসলামিক ভিডিও 🕋🕋 #ইসলামিক_ভিডিও_🤲🕋🤲 "
"<a href=""https://www.tiktok.com/@kaziab24/video/7478993427347098887"" target=""_blank"" class=""btn btn-sm"" style=""background-color: #00926c; color: white; text-decoration: none; padding: 2px 8px; border-radius: 4px; font-size: 0.8em;"">View Post</a>",3,"kaziab24",2025-03-07 09:14:20,13,117,51,0,1,"#duet with @ইসলামিক ভিডিও 🕋🕋 #ইসলামিক_ভিডিও_🤲🕋🤲 "
"<a href=""https://www.tiktok.com/@shohidul8060/video/7478983506010344712"" target=""_blank"" class=""btn btn-sm"" style=""background-color: #00926c; color: white; text-decoration: none; padding: 2px 8px; border-radius: 4px; font-size: 0.8em;"">View Post</a>",3,"shohidul8060",2025-03-07 08:35:49,13,58,22,0,0,"#duet with @ইসলামিক ভিডিও 🕋🕋 #ইসলামিক_ভিডিও_🤲🕋🤲 "
"<a href=""https://www.tiktok.com/@k.m.abdul.wadud/video/7478983323797212423"" target=""_blank"" class=""btn btn-sm"" style=""background-color: #00926c; color: white; text-decoration: none; padding: 2px 8px; border-radius: 4px; font-size: 0.8em;"">View Post</a>",4,"k.m.abdul.wadud",2025-03-07 08:35:07,13,156,74,1,20,"#duet with @ইসলামিক ভিডিও 🕋🕋 #ইসলামিক_ভিডিও_🤲🕋🤲 "
"<a href=""https://www.tiktok.com/@shohidul8060/video/7478983302330797319"" target=""_blank"" class=""btn btn-sm"" style=""background-color: #00926c; color: white; text-decoration: none; padding: 2px 8px; border-radius: 4px; font-size: 0.8em;"">View Post</a>",3,"shohidul8060",2025-03-07 08:35:02,13,48,22,0,0,"#duet with @ইসলামিক ভিডিও 🕋🕋 #ইসলামিক_ভিডিও_🤲🕋🤲 "
"<a href=""https://www.tiktok.com/@shohidul8060/video/7478981941618937095"" target=""_blank"" class=""btn btn-sm"" style=""background-color: #00926c; color: white; text-decoration: none; padding: 2px 8px; border-radius: 4px; font-size: 0.8em;"">View Post</a>",3,"shohidul8060",2025-03-07 08:29:45,13,127,49,0,0,"#duet with @ইসলামিক ভিডিও 🕋🕋 #ইসলামিক_ভিডিও_🤲🕋🤲 "
"<a href=""https://www.tiktok.com/@forid9621/video/7478980400950365448"" target=""_blank"" class=""btn btn-sm"" style=""background-color: #00926c; color: white; text-decoration: none; padding: 2px 8px; border-radius: 4px; font-size: 0.8em;"">View Post</a>",2,"forid9621",2025-03-07 08:23:47,13,31,23,1,0,"#duet with @ইসলামিক ভিডিও 🕋🕋 #ইসলামিক_ভিডিও_🤲🕋🤲 "
"<a href=""https://www.tiktok.com/@.prince.sahin/video/7478975804911701255"" target=""_blank"" class=""btn btn-sm"" style=""background-color: #00926c; color: white; text-decoration: none; padding: 2px 8px; border-radius: 4px; font-size: 0.8em;"">View Post</a>",2,".prince.sahin",2025-03-07 08:05:56,13,359,115,0,5,"#duet with @ইসলামিক ভিডিও 🕋🕋 #ইসলামিক_ভিডিও_🤲🕋🤲 "
"<a href=""https://www.tiktok.com/@.prince.sahin/video/7478975514519096577"" target=""_blank"" class=""btn btn-sm"" style=""background-color: #00926c; color: white; text-decoration: none; padding: 2px 8px; border-radius: 4px; font-size: 0.8em;"">View Post</a>",2,".prince.sahin",2025-03-07 08:05:24,13,350,114,0,3,"#duet with @ইসলামিক ভিডিও 🕋🕋 #ইসলামিক_ভিডিও_🤲🕋🤲 "
"<a href=""https://www.tiktok.com/@.prince.sahin/video/7478974918261001488"" target=""_blank"" class=""btn btn-sm"" style=""background-color: #00926c; color: white; text-decoration: none; padding: 2px 8px; border-radius: 4px; font-size: 0.8em;"">View Post</a>",2,".prince.sahin",2025-03-07 08:02:56,13,140,58,0,9,"#duet with @ইসলামিক ভিডিও 🕋🕋 #ইসলামিক_ভিডিও_🤲🕋🤲 "
"<a href=""https://www.tiktok.com/@user61678192686105/video/7478952868993699080"" target=""_blank"" class=""btn btn-sm"" style=""background-color: #00926c; color: white; text-decoration: none; padding: 2px 8px; border-radius: 4px; font-size: 0.8em;"">View Post</a>",3,"user61678192686105",2025-03-07 06:36:59,13,160,60,0,0,"#duet with @ইসলামিক ভিডিও 🕋🕋 #ইসলামিক_ভিডিও_🤲🕋🤲 "
"<a href=""https://www.tiktok.com/@shohidul8060/video/7478936501259128082"" target=""_blank"" class=""btn btn-sm"" style=""background-color: #00926c; color: white; text-decoration: none; padding: 2px 8px; border-radius: 4px; font-size: 0.8em;"">View Post</a>",3,"shohidul8060",2025-03-07 05:33:25,13,125,54,0,0,"#duet with @ইসলামিক ভিডিও 🕋🕋 #ইসলামিক_ভিডিও_🤲🕋🤲 "
"<a href=""https://www.tiktok.com/@kaziab24/video/7478936165593271570"" target=""_blank"" class=""btn btn-sm"" style=""background-color: #00926c; color: white; text-decoration: none; padding: 2px 8px; border-radius: 4px; font-size: 0.8em;"">View Post</a>",3,"kaziab24",2025-03-07 05:32:08,13,131,65,0,7,"#duet with @ইসলামিক ভিডিও 🕋🕋 #ইসলামিক_ভিডিও_🤲🕋🤲 "
"<a href=""https://www.tiktok.com/@shohidul8060/video/7478936151110323464"" target=""_blank"" class=""btn btn-sm"" style=""background-color: #00926c; color: white; text-decoration: none; padding: 2px 8px; border-radius: 4px; font-size: 0.8em;"">View Post</a>",3,"shohidul8060",2025-03-07 05:32:06,13,121,49,0,2,"#duet with @ইসলামিক ভিডিও 🕋🕋 #ইসলামিক_ভিডিও_🤲🕋🤲 "
"<a href=""https://www.tiktok.com/@user139373094036/video/7478936053538163976"" target=""_blank"" class=""btn btn-sm"" style=""background-color: #00926c; color: white; text-decoration: none; padding: 2px 8px; border-radius: 4px; font-size: 0.8em;"">View Post</a>",3,"user139373094036",2025-03-07 05:31:39,13,125,32,0,0,"#duet with @ইসলামিক ভিডিও 🕋🕋 #ইসলামিক_ভিডিও_🤲🕋🤲 "
"<a href=""https://www.tiktok.com/@shohidul8060/video/7478935830426307858"" target=""_blank"" class=""btn btn-sm"" style=""background-color: #00926c; color: white; text-decoration: none; padding: 2px 8px; border-radius: 4px; font-size: 0.8em;"">View Post</a>",3,"shohidul8060",2025-03-07 05:30:48,13,139,64,0,0,"#duet with @ইসলামিক ভিডিও 🕋🕋 #ইসলামিক_ভিডিও_🤲🕋🤲 "
"<a href=""https://www.tiktok.com/@user61678192686105/video/7478935705075387666"" target=""_blank"" class=""btn btn-sm"" style=""background-color: #00926c; color: white; text-decoration: none; padding: 2px 8px; border-radius: 4px; font-size: 0.8em;"">View Post</a>",3,"user61678192686105",2025-03-07 05:30:21,13,160,54,0,6,"#duet with @ইসলামিক ভিডিও 🕋🕋 #ইসলামিক_ভিডিও_🤲🕋🤲 "
"<a href=""https://www.tiktok.com/@shohidul8060/video/7478935423398530312"" target=""_blank"" class=""btn btn-sm"" style=""background-color: #00926c; color: white; text-decoration: none; padding: 2px 8px; border-radius: 4px; font-size: 0.8em;"">View Post</a>",3,"shohidul8060",2025-03-07 05:29:15,13,107,31,0,1,"#duet with @ইসলামিক ভিডিও 🕋🕋 #ইসলামিক_ভিডিও_🤲🕋🤲 "
"<a href=""https://www.tiktok.com/@user139373094036/video/7478932802713521426"" target=""_blank"" class=""btn btn-sm"" style=""background-color: #00926c; color: white; text-decoration: none; padding: 2px 8px; border-radius: 4px; font-size: 0.8em;"">View Post</a>",3,"user139373094036",2025-03-07 05:19:04,13,116,24,0,1,"#duet with @ইসলামিক ভিডিও 🕋🕋 #ইসলামিক_ভিডিও_🤲🕋🤲 "
"<a href=""https://www.tiktok.com/@.prince.sahin/video/7478910479717436690"" target=""_blank"" class=""btn btn-sm"" style=""background-color: #00926c; color: white; text-decoration: none; padding: 2px 8px; border-radius: 4px; font-size: 0.8em;"">View Post</a>",2,".prince.sahin",2025-03-07 03:52:26,13,362,126,0,3,"#duet with @ইসলামিক ভিডিও 🕋🕋 #ইসলামিক_ভিডিও_🤲🕋🤲 "
"<a href=""https://www.tiktok.com/@.prince.sahin/video/7478910363552075026"" target=""_blank"" class=""btn btn-sm"" style=""background-color: #00926c; color: white; text-decoration: none; padding: 2px 8px; border-radius: 4px; font-size: 0.8em;"">View Post</a>",2,".prince.sahin",2025-03-07 03:51:59,13,43,13,0,3,"#duet with @ইসলামিক ভিডিও 🕋🕋 #ইসলামিক_ভিডিও_🤲🕋🤲 "
"<a href=""https://www.tiktok.com/@.prince.sahin/video/7478910205833661714"" target=""_blank"" class=""btn btn-sm"" style=""background-color: #00926c; color: white; text-decoration: none; padding: 2px 8px; border-radius: 4px; font-size: 0.8em;"">View Post</a>",2,".prince.sahin",2025-03-07 03:51:23,13,348,92,0,3,"#duet with @ইসলামিক ভিডিও 🕋🕋 #ইসলামিক_ভিডিও_🤲🕋🤲 "
"<a href=""https://www.tiktok.com/@user139373094036/video/7478901309962226952"" target=""_blank"" class=""btn btn-sm"" style=""background-color: #00926c; color: white; text-decoration: none; padding: 2px 8px; border-radius: 4px; font-size: 0.8em;"">View Post</a>",3,"user139373094036",2025-03-07 03:16:55,13,116,53,1,3,"#duet with @ইসলামিক ভিডিও 🕋🕋 #ইসলামিক_ভিডিও_🤲🕋🤲 "
"<a href=""https://www.tiktok.com/@user139373094036/video/7478899546500779271"" target=""_blank"" class=""btn btn-sm"" style=""background-color: #00926c; color: white; text-decoration: none; padding: 2px 8px; border-radius: 4px; font-size: 0.8em;"">View Post</a>",3,"user139373094036",2025-03-07 03:10:04,13,130,32,0,11,"#duet with @ইসলামিক ভিডিও 🕋🕋 #ইসলামিক_ভিডিও_🤲🕋🤲 "
"<a href=""https://www.tiktok.com/@user139373094036/video/7478891849726299410"" target=""_blank"" class=""btn btn-sm"" style=""background-color: #00926c; color: white; text-decoration: none; padding: 2px 8px; border-radius: 4px; font-size: 0.8em;"">View Post</a>",3,"user139373094036",2025-03-07 02:40:08,13,121,46,0,3,"#duet with @ইসলামিক ভিডিও 🕋🕋 #ইসলামিক_ভিডিও_🤲🕋🤲 "
"<a href=""https://www.tiktok.com/@user139373094036/video/7478864729771969799"" target=""_blank"" class=""btn btn-sm"" style=""background-color: #00926c; color: white; text-decoration: none; padding: 2px 8px; border-radius: 4px; font-size: 0.8em;"">View Post</a>",3,"user139373094036",2025-03-07 00:54:58,13,118,36,0,1,"#duet with @ইসলামিক ভিডিও 🕋🕋 #ইসলামিক_ভিডিও_🤲🕋🤲 "
"<a href=""https://www.tiktok.com/@monthakhan733/video/7478847800772545799"" target=""_blank"" class=""btn btn-sm"" style=""background-color: #00926c; color: white; text-decoration: none; padding: 2px 8px; border-radius: 4px; font-size: 0.8em;"">View Post</a>",2,"monthakhan733",2025-03-06 23:49:15,13,76,26,0,0,"#duet with @ইসলামিক ভিডিও 🕋🕋 #ইসলামিক_ভিডিও_🤲🕋🤲 "
"<a href=""https://www.tiktok.com/@alrabbyhassn60/video/7478838522393267464"" target=""_blank"" class=""btn btn-sm"" style=""background-color: #00926c; color: white; text-decoration: none; padding: 2px 8px; border-radius: 4px; font-size: 0.8em;"">View Post</a>",1,"alrabbyhassn60",2025-03-06 23:13:15,13,22,6,0,0,"#duet with @ইসলামিক ভিডিও 🕋🕋 #ইসলামিক_ভিডিও_🤲🕋🤲 "
"<a href=""https://www.tiktok.com/@.prince.sahin/video/7478828592089107730"" target=""_blank"" class=""btn btn-sm"" style=""background-color: #00926c; color: white; text-decoration: none; padding: 2px 8px; border-radius: 4px; font-size: 0.8em;"">View Post</a>",2,".prince.sahin",2025-03-06 22:34:44,13,387,141,0,3,"#duet with @ইসলামিক ভিডিও 🕋🕋 #ইসলামিক_ভিডিও_🤲🕋🤲 "
"<a href=""https://www.tiktok.com/@user139373094036/video/7478825980455308552"" target=""_blank"" class=""btn btn-sm"" style=""background-color: #00926c; color: white; text-decoration: none; padding: 2px 8px; border-radius: 4px; font-size: 0.8em;"">View Post</a>",3,"user139373094036",2025-03-06 22:24:31,13,114,31,0,0,"#duet with @ইসলামিক ভিডিও 🕋🕋 #ইসলামিক_ভিডিও_🤲🕋🤲 "
"<a href=""https://www.tiktok.com/@user139373094036/video/7478824175163985159"" target=""_blank"" class=""btn btn-sm"" style=""background-color: #00926c; color: white; text-decoration: none; padding: 2px 8px; border-radius: 4px; font-size: 0.8em;"">View Post</a>",3,"user139373094036",2025-03-06 22:17:32,13,123,34,0,1,"#duet with @ইসলামিক ভিডিও 🕋🕋 #ইসলামিক_ভিডিও_🤲🕋🤲 "
"<a href=""https://www.tiktok.com/@k.m.abdul.wadud/video/7478747214962068743"" target=""_blank"" class=""btn btn-sm"" style=""background-color: #00926c; color: white; text-decoration: none; padding: 2px 8px; border-radius: 4px; font-size: 0.8em;"">View Post</a>",4,"k.m.abdul.wadud",2025-03-06 17:18:53,13,82,45,1,0,"#duet with @ইসলামিক ভিডিও 🕋🕋 #ইসলামিক_ভিডিও_🤲🕋🤲 "
"<a href=""https://www.tiktok.com/@user9786227192170/video/7478730545011117328"" target=""_blank"" class=""btn btn-sm"" style=""background-color: #00926c; color: white; text-decoration: none; padding: 2px 8px; border-radius: 4px; font-size: 0.8em;"">View Post</a>",5,"user9786227192170",2025-03-06 16:14:16,13,112,72,0,0,"#duet with @ইসলামিক ভিডিও 🕋🕋 #ইসলামিক_ভিডিও_🤲🕋🤲 "
"<a href=""https://www.tiktok.com/@sadikur3142/video/7478729630879354120"" target=""_blank"" class=""btn btn-sm"" style=""background-color: #00926c; color: white; text-decoration: none; padding: 2px 8px; border-radius: 4px; font-size: 0.8em;"">View Post</a>",5,"sadikur3142",2025-03-06 16:10:37,13,42,20,1,0,"#duet with @ইসলামিক ভিডিও 🕋🕋 #ইসলামিক_ভিডিও_🤲🕋🤲 "
"<a href=""https://www.tiktok.com/@user9786227192170/video/7478728430683557127"" target=""_blank"" class=""btn btn-sm"" style=""background-color: #00926c; color: white; text-decoration: none; padding: 2px 8px; border-radius: 4px; font-size: 0.8em;"">View Post</a>",5,"user9786227192170",2025-03-06 16:05:58,13,5,2,0,0,"#duet with @ইসলামিক ভিডিও 🕋🕋 #ইসলামিক_ভিডিও_🤲🕋🤲 "
"<a href=""https://www.tiktok.com/@user139373094036/video/7478726185611054354"" target=""_blank"" class=""btn btn-sm"" style=""background-color: #00926c; color: white; text-decoration: none; padding: 2px 8px; border-radius: 4px; font-size: 0.8em;"">View Post</a>",3,"user139373094036",2025-03-06 15:57:17,13,117,56,0,1,"#duet with @ইসলামিক ভিডিও 🕋🕋 #ইসলামিক_ভিডিও_🤲🕋🤲 "
"<a href=""https://www.tiktok.com/@abu.kalam882102232/video/7478723675001244946"" target=""_blank"" class=""btn btn-sm"" style=""background-color: #00926c; color: white; text-decoration: none; padding: 2px 8px; border-radius: 4px; font-size: 0.8em;"">View Post</a>",1,"abu.kalam882102232",2025-03-06 15:47:32,13,25,5,1,0,"#duet with @ইসলামিক ভিডিও 🕋🕋 #ইসলামিক_ভিডিও_🤲🕋🤲 "
"<a href=""https://www.tiktok.com/@user8151567859414/video/7478722423949430032"" target=""_blank"" class=""btn btn-sm"" style=""background-color: #00926c; color: white; text-decoration: none; padding: 2px 8px; border-radius: 4px; font-size: 0.8em;"">View Post</a>",2,"user8151567859414",2025-03-06 15:42:52,13,125,17,0,1,"#duet with @ইসলামিক ভিডিও 🕋🕋 #ইসলামিক_ভিডিও_🤲🕋🤲 "
"<a href=""https://www.tiktok.com/@forid9621/video/7478719370961767688"" target=""_blank"" class=""btn btn-sm"" style=""background-color: #00926c; color: white; text-decoration: none; padding: 2px 8px; border-radius: 4px; font-size: 0.8em;"">View Post</a>",2,"forid9621",2025-03-06 15:30:50,13,142,62,4,16,"#duet with @ইসলামিক ভিডিও 🕋🕋 #ইসলামিক_ভিডিও_🤲🕋🤲 "
"<a href=""https://www.tiktok.com/@user8151567859414/video/7478719032821157121"" target=""_blank"" class=""btn btn-sm"" style=""background-color: #00926c; color: white; text-decoration: none; padding: 2px 8px; border-radius: 4px; font-size: 0.8em;"">View Post</a>",2,"user8151567859414",2025-03-06 15:29:41,13,108,7,0,0,"#duet with @ইসলামিক ভিডিও 🕋🕋 #ইসলামিক_ভিডিও_🤲🕋🤲 "
"<a href=""https://www.tiktok.com/@forid9621/video/7478716678923209991"" target=""_blank"" class=""btn btn-sm"" style=""background-color: #00926c; color: white; text-decoration: none; padding: 2px 8px; border-radius: 4px; font-size: 0.8em;"">View Post</a>",2,"forid9621",2025-03-06 15:20:22,13,29,21,3,4,"#duet with @ইসলামিক ভিডিও 🕋🕋 #ইসলামিক_ভিডিও_🤲🕋🤲 "
"<a href=""https://www.tiktok.com/@forid9621/video/7478716575332322567"" target=""_blank"" class=""btn btn-sm"" style=""background-color: #00926c; color: white; text-decoration: none; padding: 2px 8px; border-radius: 4px; font-size: 0.8em;"">View Post</a>",2,"forid9621",2025-03-06 15:19:58,13,138,74,0,1,"#duet with @ইসলামিক ভিডিও 🕋🕋 #ইসলামিক_ভিডিও_🤲🕋🤲 "
"<a href=""https://www.tiktok.com/@abu.kalam882102232/video/7478716411745930503"" target=""_blank"" class=""btn btn-sm"" style=""background-color: #00926c; color: white; text-decoration: none; padding: 2px 8px; border-radius: 4px; font-size: 0.8em;"">View Post</a>",1,"abu.kalam882102232",2025-03-06 15:19:20,13,120,34,1,0,"#duet with @ইসলামিক ভিডিও 🕋🕋 #ইসলামিক_ভিডিও_🤲🕋🤲 "
"<a href=""https://www.tiktok.com/@kaziab24/video/7478715106461895954"" target=""_blank"" class=""btn btn-sm"" style=""background-color: #00926c; color: white; text-decoration: none; padding: 2px 8px; border-radius: 4px; font-size: 0.8em;"">View Post</a>",3,"kaziab24",2025-03-06 15:14:17,13,128,60,0,0,"#duet with @ইসলামিক ভিডিও 🕋🕋 #ইসলামিক_ভিডিও_🤲🕋🤲 "
"<a href=""https://www.tiktok.com/@user9786227192170/video/7478714338753219856"" target=""_blank"" class=""btn btn-sm"" style=""background-color: #00926c; color: white; text-decoration: none; padding: 2px 8px; border-radius: 4px; font-size: 0.8em;"">View Post</a>",5,"user9786227192170",2025-03-06 15:11:28,13,128,58,1,0,"#duet with @ইসলামিক ভিডিও 🕋🕋 #ইসলামিক_ভিডিও_🤲🕋🤲 "
"<a href=""https://www.tiktok.com/@forid9621/video/7478712923666337031"" target=""_blank"" class=""btn btn-sm"" style=""background-color: #00926c; color: white; text-decoration: none; padding: 2px 8px; border-radius: 4px; font-size: 0.8em;"">View Post</a>",2,"forid9621",2025-03-06 15:05:48,13,31,21,2,4,"#duet with @ইসলামিক ভিডিও 🕋🕋 #ইসলামিক_ভিডিও_🤲🕋🤲 "
"<a href=""https://www.tiktok.com/@user5699597151255/video/7478704973086231816"" target=""_blank"" class=""btn btn-sm"" style=""background-color: #00926c; color: white; text-decoration: none; padding: 2px 8px; border-radius: 4px; font-size: 0.8em;"">View Post</a>",4,"user5699597151255",2025-03-06 14:34:55,13,56,27,2,6,"#duet with @ইসলামিক ভিডিও 🕋🕋 #ইসলামিক_ভিডিও_🤲🕋🤲 "
"<a href=""https://www.tiktok.com/@user5699597151255/video/7478704185295260946"" target=""_blank"" class=""btn btn-sm"" style=""background-color: #00926c; color: white; text-decoration: none; padding: 2px 8px; border-radius: 4px; font-size: 0.8em;"">View Post</a>",4,"user5699597151255",2025-03-06 14:31:52,13,39,22,2,0,"#duet with @ইসলামিক ভিডিও 🕋🕋 #ইসলামিক_ভিডিও_🤲🕋🤲 "
"<a href=""https://www.tiktok.com/@user9786227192170/video/7478687857037561095"" target=""_blank"" class=""btn btn-sm"" style=""background-color: #00926c; color: white; text-decoration: none; padding: 2px 8px; border-radius: 4px; font-size: 0.8em;"">View Post</a>",5,"user9786227192170",2025-03-06 13:28:32,13,9,5,1,0,"#duet with @ইসলামিক ভিডিও 🕋🕋 #ইসলামিক_ভিডিও_🤲🕋🤲 "
"<a href=""https://www.tiktok.com/@user8151567859414/video/7478687571342576914"" target=""_blank"" class=""btn btn-sm"" style=""background-color: #00926c; color: white; text-decoration: none; padding: 2px 8px; border-radius: 4px; font-size: 0.8em;"">View Post</a>",2,"user8151567859414",2025-03-06 13:27:24,13,95,7,0,2,"#duet with @ইসলামিক ভিডিও 🕋🕋 #ইসলামিক_ভিডিও_🤲🕋🤲 "
"<a href=""https://www.tiktok.com/@shohidul8060/video/7478687538908187911"" target=""_blank"" class=""btn btn-sm"" style=""background-color: #00926c; color: white; text-decoration: none; padding: 2px 8px; border-radius: 4px; font-size: 0.8em;"">View Post</a>",3,"shohidul8060",2025-03-06 13:27:18,13,64,38,0,0,"#duet with @ইসলামিক ভিডিও 🕋🕋 #ইসলামিক_ভিডিও_🤲🕋🤲 "
"<a href=""https://www.tiktok.com/@shohidul8060/video/7478687176356629767"" target=""_blank"" class=""btn btn-sm"" style=""background-color: #00926c; color: white; text-decoration: none; padding: 2px 8px; border-radius: 4px; font-size: 0.8em;"">View Post</a>",3,"shohidul8060",2025-03-06 13:25:53,13,120,63,0,1,"#duet with @ইসলামিক ভিডিও 🕋🕋 #ইসলামিক_ভিডিও_🤲🕋🤲 "
"<a href=""https://www.tiktok.com/@k.m.abdul.wadud/video/7478680334914145543"" target=""_blank"" class=""btn btn-sm"" style=""background-color: #00926c; color: white; text-decoration: none; padding: 2px 8px; border-radius: 4px; font-size: 0.8em;"">View Post</a>",4,"k.m.abdul.wadud",2025-03-06 12:59:20,13,0,0,4,0,"#duet with @ইসলামিক ভিডিও 🕋🕋 #ইসলামিক_ভিডিও_🤲🕋🤲 "
"<a href=""https://www.tiktok.com/@user139373094036/video/7478678070992440594"" target=""_blank"" class=""btn btn-sm"" style=""background-color: #00926c; color: white; text-decoration: none; padding: 2px 8px; border-radius: 4px; font-size: 0.8em;"">View Post</a>",3,"user139373094036",2025-03-06 12:50:33,13,58,22,0,0,"#duet with @ইসলামিক ভিডিও 🕋🕋 #ইসলামিক_ভিডিও_🤲🕋🤲 "
"<a href=""https://www.tiktok.com/@dysyljs3rxp4/video/7478677725578923271"" target=""_blank"" class=""btn btn-sm"" style=""background-color: #00926c; color: white; text-decoration: none; padding: 2px 8px; border-radius: 4px; font-size: 0.8em;"">View Post</a>",3,"dysyljs3rxp4",2025-03-06 12:49:12,13,46,21,1,0,"#duet with @ইসলামিক ভিডিও 🕋🕋 #ইসলামিক_ভিডিও_🤲🕋🤲 "
"<a href=""https://www.tiktok.com/@user8151567859414/video/7478677302793080080"" target=""_blank"" class=""btn btn-sm"" style=""background-color: #00926c; color: white; text-decoration: none; padding: 2px 8px; border-radius: 4px; font-size: 0.8em;"">View Post</a>",2,"user8151567859414",2025-03-06 12:47:43,13,119,3,0,0,"#duet with @ইসলামিক ভিডিও 🕋🕋 #ইসলামিক_ভিডিও_🤲🕋🤲 "
"<a href=""https://www.tiktok.com/@user5699597151255/video/7478674500209495303"" target=""_blank"" class=""btn btn-sm"" style=""background-color: #00926c; color: white; text-decoration: none; padding: 2px 8px; border-radius: 4px; font-size: 0.8em;"">View Post</a>",4,"user5699597151255",2025-03-06 12:36:41,13,48,25,1,0,"#duet with @ইসলামিক ভিডিও 🕋🕋 #ইসলামিক_ভিডিও_🤲🕋🤲 "
"<a href=""https://www.tiktok.com/@kaziab24/video/7478656213757021448"" target=""_blank"" class=""btn btn-sm"" style=""background-color: #00926c; color: white; text-decoration: none; padding: 2px 8px; border-radius: 4px; font-size: 0.8em;"">View Post</a>",3,"kaziab24",2025-03-06 11:25:44,13,118,56,0,0,"#duet with @ইসলামিক ভিডিও 🕋🕋 #ইসলামিক_ভিডিও_🤲🕋🤲 "
"<a href=""https://www.tiktok.com/@user5699597151255/video/7478654739006098706"" target=""_blank"" class=""btn btn-sm"" style=""background-color: #00926c; color: white; text-decoration: none; padding: 2px 8px; border-radius: 4px; font-size: 0.8em;"">View Post</a>",4,"user5699597151255",2025-03-06 11:20:00,13,193,88,0,0,"#duet with @ইসলামিক ভিডিও 🕋🕋 #ইসলামিক_ভিডিও_🤲🕋🤲 "
"<a href=""https://www.tiktok.com/@k.m.abdul.wadud/video/7478642060858264840"" target=""_blank"" class=""btn btn-sm"" style=""background-color: #00926c; color: white; text-decoration: none; padding: 2px 8px; border-radius: 4px; font-size: 0.8em;"">View Post</a>",4,"k.m.abdul.wadud",2025-03-06 10:30:47,13,245,103,6,2,"#duet with @ইসলামিক ভিডিও 🕋🕋 #ইসলামিক_ভিডিও_🤲🕋🤲 "
"<a href=""https://www.tiktok.com/@shohidul8060/video/7478638493720153352"" target=""_blank"" class=""btn btn-sm"" style=""background-color: #00926c; color: white; text-decoration: none; padding: 2px 8px; border-radius: 4px; font-size: 0.8em;"">View Post</a>",3,"shohidul8060",2025-03-06 10:16:58,13,70,31,0,0,"#duet with @ইসলামিক ভিডিও 🕋🕋 #ইসলামিক_ভিডিও_🤲🕋🤲 "
"<a href=""https://www.tiktok.com/@shohidul8060/video/7478637875098160402"" target=""_blank"" class=""btn btn-sm"" style=""background-color: #00926c; color: white; text-decoration: none; padding: 2px 8px; border-radius: 4px; font-size: 0.8em;"">View Post</a>",3,"shohidul8060",2025-03-06 10:14:36,13,52,22,0,0,"#duet with @ইসলামিক ভিডিও 🕋🕋 #ইসলামিক_ভিডিও_🤲🕋🤲 "
"<a href=""https://www.tiktok.com/@shohidul8060/video/7478637091069496583"" target=""_blank"" class=""btn btn-sm"" style=""background-color: #00926c; color: white; text-decoration: none; padding: 2px 8px; border-radius: 4px; font-size: 0.8em;"">View Post</a>",3,"shohidul8060",2025-03-06 10:11:31,13,113,44,0,0,"#duet with @ইসলামিক ভিডিও 🕋🕋 #ইসলামিক_ভিডিও_🤲🕋🤲 "
"<a href=""https://www.tiktok.com/@gks.rakib/video/7478629966914080007"" target=""_blank"" class=""btn btn-sm"" style=""background-color: #00926c; color: white; text-decoration: none; padding: 2px 8px; border-radius: 4px; font-size: 0.8em;"">View Post</a>",3,"gks.rakib",2025-03-06 09:43:53,13,118,41,0,1,"#duet with @ইসলামিক ভিডিও 🕋🕋 #ইসলামিক_ভিডিও_🤲🕋🤲 "
"<a href=""https://www.tiktok.com/@user139373094036/video/7478626157567462674"" target=""_blank"" class=""btn btn-sm"" style=""background-color: #00926c; color: white; text-decoration: none; padding: 2px 8px; border-radius: 4px; font-size: 0.8em;"">View Post</a>",3,"user139373094036",2025-03-06 09:29:07,13,102,43,0,1,"#duet with @ইসলামিক ভিডিও 🕋🕋 #ইসলামিক_ভিডিও_🤲🕋🤲 "
"<a href=""https://www.tiktok.com/@user61678192686105/video/7478607530327854343"" target=""_blank"" class=""btn btn-sm"" style=""background-color: #00926c; color: white; text-decoration: none; padding: 2px 8px; border-radius: 4px; font-size: 0.8em;"">View Post</a>",3,"user61678192686105",2025-03-06 08:16:51,13,229,77,4,12,"#duet with @ইসলামিক ভিডিও 🕋🕋 #ইসলামিক_ভিডিও_🤲🕋🤲 "
"<a href=""https://www.tiktok.com/@moynul260/video/7478591332328443137"" target=""_blank"" class=""btn btn-sm"" style=""background-color: #00926c; color: white; text-decoration: none; padding: 2px 8px; border-radius: 4px; font-size: 0.8em;"">View Post</a>",2,"moynul260",2025-03-06 07:14:15,13,146,84,19,3,"#duet with @ইসলামিক ভিডিও 🕋🕋 #ইসলামিক_ভিডিও_🤲🕋🤲 "
"<a href=""https://www.tiktok.com/@user139373094036/video/7478588507464699154"" target=""_blank"" class=""btn btn-sm"" style=""background-color: #00926c; color: white; text-decoration: none; padding: 2px 8px; border-radius: 4px; font-size: 0.8em;"">View Post</a>",3,"user139373094036",2025-03-06 07:03:02,13,116,37,0,4,"#duet with @ইসলামিক ভিডিও 🕋🕋 #ইসলামিক_ভিডিও_🤲🕋🤲 "
"<a href=""https://www.tiktok.com/@soika205/video/7479218809065180434"" target=""_blank"" class=""btn btn-sm"" style=""background-color: #00926c; color: white; text-decoration: none; padding: 2px 8px; border-radius: 4px; font-size: 0.8em;"">View Post</a>",6,"soika205",2025-03-07 23:48:58,4,100,43,15,12,"#ইসলামিক_ভিডিও_🤲🕋🤲 "
"<a href=""https://www.tiktok.com/@user6551605072045/video/7479214968219520274"" target=""_blank"" class=""btn btn-sm"" style=""background-color: #00926c; color: white; text-decoration: none; padding: 2px 8px; border-radius: 4px; font-size: 0.8em;"">View Post</a>",6,"user6551605072045",2025-03-07 23:34:07,4,105,27,4,3,"#ইসলামিক_ভিডিও_🤲🕋🤲 "
"<a href=""https://www.tiktok.com/@soika205/video/7479213644388027656"" target=""_blank"" class=""btn btn-sm"" style=""background-color: #00926c; color: white; text-decoration: none; padding: 2px 8px; border-radius: 4px; font-size: 0.8em;"">View Post</a>",6,"soika205",2025-03-07 23:29:02,4,59,29,6,2,"#ইসলামিক_ভিডিও_🤲🕋🤲 "
"<a href=""https://www.tiktok.com/@shakilislam683/video/7479213263180320018"" target=""_blank"" class=""btn btn-sm"" style=""background-color: #00926c; color: white; text-decoration: none; padding: 2px 8px; border-radius: 4px; font-size: 0.8em;"">View Post</a>",6,"shakilislam683",2025-03-07 23:27:29,4,142,62,3,0,"#ইসলামিক_ভিডিও_🤲🕋🤲 "
"<a href=""https://www.tiktok.com/@user6551605072045/video/7479213145672748306"" target=""_blank"" class=""btn btn-sm"" style=""background-color: #00926c; color: white; text-decoration: none; padding: 2px 8px; border-radius: 4px; font-size: 0.8em;"">View Post</a>",6,"user6551605072045",2025-03-07 23:27:03,4,117,30,1,0,"#ইসলামিক_ভিডিও_🤲🕋🤲 "
"<a href=""https://www.tiktok.com/@shakilislam683/video/7479213063644744968"" target=""_blank"" class=""btn btn-sm"" style=""background-color: #00926c; color: white; text-decoration: none; padding: 2px 8px; border-radius: 4px; font-size: 0.8em;"">View Post</a>",6,"shakilislam683",2025-03-07 23:26:43,4,166,68,2,0,"#ইসলামিক_ভিডিও_🤲🕋🤲 "
"<a href=""https://www.tiktok.com/@soika205/video/7479212962721385736"" target=""_blank"" class=""btn btn-sm"" style=""background-color: #00926c; color: white; text-decoration: none; padding: 2px 8px; border-radius: 4px; font-size: 0.8em;"">View Post</a>",6,"soika205",2025-03-07 23:26:19,4,57,29,9,9,"#ইসলামিক_ভিডিও_🤲🕋🤲 "
"<a href=""https://www.tiktok.com/@user6551605072045/video/7479212431361707282"" target=""_blank"" class=""btn btn-sm"" style=""background-color: #00926c; color: white; text-decoration: none; padding: 2px 8px; border-radius: 4px; font-size: 0.8em;"">View Post</a>",6,"user6551605072045",2025-03-07 23:24:22,4,62,14,4,0,"#ইসলামিক_ভিডিও_🤲🕋🤲 "
"<a href=""https://www.tiktok.com/@soika205/video/7479210299522845959"" target=""_blank"" class=""btn btn-sm"" style=""background-color: #00926c; color: white; text-decoration: none; padding: 2px 8px; border-radius: 4px; font-size: 0.8em;"">View Post</a>",6,"soika205",2025-03-07 23:16:03,4,106,39,9,3,"#ইসলামিক_ভিডিও_🤲🕋🤲 "
"<a href=""https://www.tiktok.com/@h.m.osman.h.m.osm1/video/7479153511452740871"" target=""_blank"" class=""btn btn-sm"" style=""background-color: #00926c; color: white; text-decoration: none; padding: 2px 8px; border-radius: 4px; font-size: 0.8em;"">View Post</a>",7,"h.m.osman.h.m.osm1",2025-03-07 19:35:35,4,164,60,22,3,"#ইসলামিক_ভিডিও_🤲🕋🤲 "
"<a href=""https://www.tiktok.com/@h.m.osman.h.m.osm1/video/7479152929363037458"" target=""_blank"" class=""btn btn-sm"" style=""background-color: #00926c; color: white; text-decoration: none; padding: 2px 8px; border-radius: 4px; font-size: 0.8em;"">View Post</a>",7,"h.m.osman.h.m.osm1",2025-03-07 19:33:18,4,175,53,21,4,"#ইসলামিক_ভিডিও_🤲🕋🤲 "
"<a href=""https://www.tiktok.com/@momo...f15/video/7479152849004268808"" target=""_blank"" class=""btn btn-sm"" style=""background-color: #00926c; color: white; text-decoration: none; padding: 2px 8px; border-radius: 4px; font-size: 0.8em;"">View Post</a>",7,"momo...f15",2025-03-07 19:32:59,4,32,6,0,0,"#ইসলামিক_ভিডিও_🤲🕋🤲 "
"<a href=""https://www.tiktok.com/@h.m.osman.h.m.osm1/video/7479152493604162823"" target=""_blank"" class=""btn btn-sm"" style=""background-color: #00926c; color: white; text-decoration: none; padding: 2px 8px; border-radius: 4px; font-size: 0.8em;"">View Post</a>",7,"h.m.osman.h.m.osm1",2025-03-07 19:31:38,4,127,49,15,0,"#ইসলামিক_ভিডিও_🤲🕋🤲 "
"<a href=""https://www.tiktok.com/@momo...f15/video/7479152462843153671"" target=""_blank"" class=""btn btn-sm"" style=""background-color: #00926c; color: white; text-decoration: none; padding: 2px 8px; border-radius: 4px; font-size: 0.8em;"">View Post</a>",7,"momo...f15",2025-03-07 19:31:30,4,13,3,0,0,"#ইসলামিক_ভিডিও_🤲🕋🤲 "
"<a href=""https://www.tiktok.com/@momo...f15/video/7479152285352758536"" target=""_blank"" class=""btn btn-sm"" style=""background-color: #00926c; color: white; text-decoration: none; padding: 2px 8px; border-radius: 4px; font-size: 0.8em;"">View Post</a>",7,"momo...f15",2025-03-07 19:30:50,4,21,8,0,0,"#ইসলামিক_ভিডিও_🤲🕋🤲 "
"<a href=""https://www.tiktok.com/@momo...f15/video/7479152220722695431"" target=""_blank"" class=""btn btn-sm"" style=""background-color: #00926c; color: white; text-decoration: none; padding: 2px 8px; border-radius: 4px; font-size: 0.8em;"">View Post</a>",7,"momo...f15",2025-03-07 19:30:33,4,6,2,1,0,"#ইসলামিক_ভিডিও_🤲🕋🤲 "
"<a href=""https://www.tiktok.com/@momo...f15/video/7479152218873138450"" target=""_blank"" class=""btn btn-sm"" style=""background-color: #00926c; color: white; text-decoration: none; padding: 2px 8px; border-radius: 4px; font-size: 0.8em;"">View Post</a>",7,"momo...f15",2025-03-07 19:30:38,4,30,8,0,0,"#ইসলামিক_ভিডিও_🤲🕋🤲 "
"<a href=""https://www.tiktok.com/@momo...f15/video/7479152184890854664"" target=""_blank"" class=""btn btn-sm"" style=""background-color: #00926c; color: white; text-decoration: none; padding: 2px 8px; border-radius: 4px; font-size: 0.8em;"">View Post</a>",7,"momo...f15",2025-03-07 19:30:26,4,11,3,0,0,"#ইসলামিক_ভিডিও_🤲🕋🤲 "
"<a href=""https://www.tiktok.com/@momo...e14/video/7479151590348262674"" target=""_blank"" class=""btn btn-sm"" style=""background-color: #00926c; color: white; text-decoration: none; padding: 2px 8px; border-radius: 4px; font-size: 0.8em;"">View Post</a>",8,"momo...e14",2025-03-07 19:28:10,4,9,5,2,0,"#ইসলামিক_ভিডিও_🤲🕋🤲 "
"<a href=""https://www.tiktok.com/@momo...e14/video/7479151085798657288"" target=""_blank"" class=""btn btn-sm"" style=""background-color: #00926c; color: white; text-decoration: none; padding: 2px 8px; border-radius: 4px; font-size: 0.8em;"">View Post</a>",8,"momo...e14",2025-03-07 19:26:09,4,15,4,0,0,"#ইসলামিক_ভিডিও_🤲🕋🤲 "
"<a href=""https://www.tiktok.com/@momo...e14/video/7479150560344689938"" target=""_blank"" class=""btn btn-sm"" style=""background-color: #00926c; color: white; text-decoration: none; padding: 2px 8px; border-radius: 4px; font-size: 0.8em;"">View Post</a>",8,"momo...e14",2025-03-07 19:24:09,4,15,7,0,0,"#ইসলামিক_ভিডিও_🤲🕋🤲 "
"<a href=""https://www.tiktok.com/@momo...e14/video/7479150538748087559"" target=""_blank"" class=""btn btn-sm"" style=""background-color: #00926c; color: white; text-decoration: none; padding: 2px 8px; border-radius: 4px; font-size: 0.8em;"">View Post</a>",8,"momo...e14",2025-03-07 19:24:00,4,8,5,0,0,"#ইসলামিক_ভিডিও_🤲🕋🤲 "
"<a href=""https://www.tiktok.com/@momo...e14/video/7479150503893421320"" target=""_blank"" class=""btn btn-sm"" style=""background-color: #00926c; color: white; text-decoration: none; padding: 2px 8px; border-radius: 4px; font-size: 0.8em;"">View Post</a>",8,"momo...e14",2025-03-07 19:23:51,4,9,2,0,0,"#ইসলামিক_ভিডিও_🤲🕋🤲 "
"<a href=""https://www.tiktok.com/@momo..d13/video/7479150166080097543"" target=""_blank"" class=""btn btn-sm"" style=""background-color: #00926c; color: white; text-decoration: none; padding: 2px 8px; border-radius: 4px; font-size: 0.8em;"">View Post</a>",8,"momo..d13",2025-03-07 19:22:36,4,14,3,0,0,"#ইসলামিক_ভিডিও_🤲🕋🤲 "
"<a href=""https://www.tiktok.com/@momo..d13/video/7479150116612459783"" target=""_blank"" class=""btn btn-sm"" style=""background-color: #00926c; color: white; text-decoration: none; padding: 2px 8px; border-radius: 4px; font-size: 0.8em;"">View Post</a>",8,"momo..d13",2025-03-07 19:22:24,4,23,3,0,0,"#ইসলামিক_ভিডিও_🤲🕋🤲 "
"<a href=""https://www.tiktok.com/@momo..d13/video/7479150082428865800"" target=""_blank"" class=""btn btn-sm"" style=""background-color: #00926c; color: white; text-decoration: none; padding: 2px 8px; border-radius: 4px; font-size: 0.8em;"">View Post</a>",8,"momo..d13",2025-03-07 19:22:16,4,10,5,0,0,"#ইসলামিক_ভিডিও_🤲🕋🤲 "
"<a href=""https://www.tiktok.com/@momo...b11/video/7479149614755794194"" target=""_blank"" class=""btn btn-sm"" style=""background-color: #00926c; color: white; text-decoration: none; padding: 2px 8px; border-radius: 4px; font-size: 0.8em;"">View Post</a>",8,"momo...b11",2025-03-07 19:20:30,4,192,63,1,2,"#ইসলামিক_ভিডিও_🤲🕋🤲 "
"<a href=""https://www.tiktok.com/@momo...b11/video/7479149600192859410"" target=""_blank"" class=""btn btn-sm"" style=""background-color: #00926c; color: white; text-decoration: none; padding: 2px 8px; border-radius: 4px; font-size: 0.8em;"">View Post</a>",8,"momo...b11",2025-03-07 19:20:22,4,206,57,1,5,"#ইসলামিক_ভিডিও_🤲🕋🤲 "
"<a href=""https://www.tiktok.com/@momo...b11/video/7479149538926759176"" target=""_blank"" class=""btn btn-sm"" style=""background-color: #00926c; color: white; text-decoration: none; padding: 2px 8px; border-radius: 4px; font-size: 0.8em;"">View Post</a>",8,"momo...b11",2025-03-07 19:20:09,4,193,63,2,2,"#ইসলামিক_ভিডিও_🤲🕋🤲 "
