"Account","Network","Unique Shares","Avg Time Between Shares (sec)","Edge Symmetry Score","Degree","Strength","Betweenness","Avg Views","Avg Likes","Avg Comments","Avg Shares"
"<a href=""https://tiktok.com/@.prince.sahin"" target=""_blank"">@.prince.sahin</a>",2,16,64.467,0.833,5,19,0.032,247.192,82.462,0,1.808
"<a href=""https://tiktok.com/@abu.kalam882102232"" target=""_blank"">@abu.kalam882102232</a>",1,5,72,0.667,1,3,0,52.667,15.833,1.333,0.167
"<a href=""https://tiktok.com/@alrabbyhassn60"" target=""_blank"">@alrabbyhassn60</a>",1,1,69.667,0.667,1,3,0,17,5,0,0
"<a href=""https://tiktok.com/@dysyljs3rxp4"" target=""_blank"">@dysyljs3rxp4</a>",3,3,78.25,1,1,4,0,51.667,26,2,0
"<a href=""https://tiktok.com/@forid9621"" target=""_blank"">@forid9621</a>",2,13,69.042,0.75,2,7,0.011,55.438,30,1.125,1.562
"<a href=""https://tiktok.com/@gks.rakib"" target=""_blank"">@gks.rakib</a>",3,1,48.667,0.667,1,3,0,100,35,0.75,1
"<a href=""https://tiktok.com/@h.m.osman.h.m.osm1"" target=""_blank"">@h.m.osman.h.m.osm1</a>",7,2,57.625,0.429,1,8,0,155.333,54,19.333,2.333
"<a href=""https://tiktok.com/@halim12345678910111213"" target=""_blank"">@halim12345678910111213</a>",2,1,61.333,0.667,1,3,0,114,62.5,2,0
"<a href=""https://tiktok.com/@jayed.ali73"" target=""_blank"">@jayed.ali73</a>",4,2,40.5,0.875,2,8,0.002,45,22,2,0
"<a href=""https://tiktok.com/@jiz10"" target=""_blank"">@jiz10</a>",2,6,63.75,1,1,4,0,116.818,52.364,0.364,0.455
"<a href=""https://tiktok.com/@k.m.abdul.wadud"" target=""_blank"">@k.m.abdul.wadud</a>",4,13,56.367,0.958,3,18,0.002,137.688,65.312,2.938,7.312
"<a href=""https://tiktok.com/@kaziab24"" target=""_blank"">@kaziab24</a>",3,4,53,0.667,1,3,0,123.5,58,0,2
"<a href=""https://tiktok.com/@momo...b11"" target=""_blank"">@momo...b11</a>",8,2,111.333,1,1,3,0,197,61,1.333,3
"<a href=""https://tiktok.com/@momo...e14"" target=""_blank"">@momo...e14</a>",8,3,94.667,1,1,9,0,11.2,4.6,0.4,0
"<a href=""https://tiktok.com/@momo...f15"" target=""_blank"">@momo...f15</a>",7,6,57.625,0.429,1,8,0,18.833,5,0.167,0
"<a href=""https://tiktok.com/@momo..d13"" target=""_blank"">@momo..d13</a>",8,3,103,1,2,12,0.002,15.667,3.667,0,0
"<a href=""https://tiktok.com/@monthakhan733"" target=""_blank"">@monthakhan733</a>",2,1,57.5,1,1,4,0,101.5,40,0,0.5
"<a href=""https://tiktok.com/@moynul260"" target=""_blank"">@moynul260</a>",2,6,68,1,1,4,0,68.1,38.3,7.8,2.1
"<a href=""https://tiktok.com/@sadikur3142"" target=""_blank"">@sadikur3142</a>",5,5,36.333,0.333,1,3,0,105.583,47.917,2.917,4.583
"<a href=""https://tiktok.com/@samin7742"" target=""_blank"">@samin7742</a>",1,4,69.667,0.667,3,9,0.007,114.8,24.2,1,0.2
"<a href=""https://tiktok.com/@shakilislam683"" target=""_blank"">@shakilislam683</a>",6,2,62.333,0.667,1,3,0,154,65,2.5,0
"<a href=""https://tiktok.com/@shohidul8060"" target=""_blank"">@shohidul8060</a>",3,20,63.833,0.75,5,17,0.023,95.826,42.217,0,0.261
"<a href=""https://tiktok.com/@soika205"" target=""_blank"">@soika205</a>",6,4,77.833,0.833,2,6,0.002,95.8,38.6,9.8,9.4
"<a href=""https://tiktok.com/@user139373094036"" target=""_blank"">@user139373094036</a>",3,7,73.25,0.75,1,4,0,113.5,38.643,0.071,1.857
"<a href=""https://tiktok.com/@user5699597151255"" target=""_blank"">@user5699597151255</a>",4,9,49.629,0.808,3,21,0,116.529,54.882,1.118,1.529
"<a href=""https://tiktok.com/@user61678192686105"" target=""_blank"">@user61678192686105</a>",3,4,66,0.667,1,3,0,173.5,62,1,4.75
"<a href=""https://tiktok.com/@user6551605072045"" target=""_blank"">@user6551605072045</a>",6,3,93.333,1,1,3,0,94.667,23.667,3,1
"<a href=""https://tiktok.com/@user8151567859414"" target=""_blank"">@user8151567859414</a>",2,5,66.333,1,1,3,0,117.4,9.6,0,1.4
"<a href=""https://tiktok.com/@user9786227192170"" target=""_blank"">@user9786227192170</a>",5,4,36.333,0.333,1,3,0,83.333,39.333,0.5,0.333
"<a href=""https://tiktok.com/@user996202760822"" target=""_blank"">@user996202760822</a>",1,1,67.333,0.667,1,3,0,159.667,42.667,0.333,1
"<a href=""https://tiktok.com/@userdinislam560"" target=""_blank"">@userdinislam560</a>",4,4,65.393,0.9,2,11,0,169.5,65.25,2.25,0.5
