"Network","Number of Accounts","Network Density","Network Diameter","Clustering Coefficient","Avg Views","Avg Likes","Avg Comments","Avg Shares","Member Accounts"
1,4,0.5,6,0,87.688,22.125,0.875,0.312,"abu.kalam882102232, samin7742, alrabbyhassn60, user996202760822"
2,7,0.286,11,0,143.028,53.278,1.444,1.472,"jiz10, moynul260, .prince.sahin, halim12345678910111213, forid9621, user8151567859414, monthakhan733"
3,6,0.333,8,0,106.462,42.5,0.269,1.212,"dysyljs3rxp4, gks.rakib, shohidul8060, user139373094036, kaziab24, user61678192686105"
4,4,0.833,8,0.75,126.974,58.538,2.026,3.718,"k.m.abdul.wadud, jayed.ali73, user5699597151255, userdinislam560"
5,2,1,3,NA,98.167,45.056,2.111,3.167,"sadikur3142, user9786227192170"
6,3,0.667,6,0,107.1,39.4,6.3,5,"soika205, user6551605072045, shakilislam683"
7,2,1,8,NA,64.333,21.333,6.556,0.778,"h.m.osman.h.m.osm1, momo...f15"
8,3,0.667,12,0,63.091,19.727,0.545,0.818,"momo...e14, momo...b11, momo..d13"
