"Account","Network","Unique Shares","Avg Time Between Shares (sec)","Edge Symmetry Score","Degree","Strength","Betweenness","Avg Views","Avg Likes","Avg Comments","Avg Shares"
"<a href=""https://tiktok.com/@1qwdjjd"" target=""_blank"">@1qwdjjd</a>",81,10,45.743,0.952,3,47,0,1766.273,41.727,0.273,0.273
"<a href=""https://tiktok.com/@1yrogls"" target=""_blank"">@1yrogls</a>",77,10,48.42,0.909,7,82,0.001,3067.5,145,1.2,0.4
"<a href=""https://tiktok.com/@3mbfklb"" target=""_blank"">@3mbfklb</a>",80,11,49.222,1,1,9,0,1939.091,63.545,0.818,0.091
"<a href=""https://tiktok.com/@abxke8499"" target=""_blank"">@abxke8499</a>",77,7,46.64,0.926,8,87,0,701.143,10.714,0,0.143
"<a href=""https://tiktok.com/@acsge1347"" target=""_blank"">@acsge1347</a>",77,9,30.94,0.925,5,57,0,1679.444,27.556,0.444,0.667
"<a href=""https://tiktok.com/@aed0267"" target=""_blank"">@aed0267</a>",46,13,61.351,0.861,10,148,0,7824.071,158.071,1,1.5
"<a href=""https://tiktok.com/@aed2750"" target=""_blank"">@aed2750</a>",46,9,56.746,0.915,10,170,0,2609.444,52,0.111,0.667
"<a href=""https://tiktok.com/@aed3660"" target=""_blank"">@aed3660</a>",7,10,52.581,0.944,2,20,0,3290.4,90.2,1.5,1.5
"<a href=""https://tiktok.com/@aed75787"" target=""_blank"">@aed75787</a>",7,9,45.317,0.941,4,42,0,3784.667,93.556,1.889,2.222
"<a href=""https://tiktok.com/@aeda1689"" target=""_blank"">@aeda1689</a>",7,10,49.236,0.938,2,21,0,14246.9,68.7,0.3,1.2
"<a href=""https://tiktok.com/@aedfm3"" target=""_blank"">@aedfm3</a>",8,10,57.667,1,1,9,0,1865.3,116.3,1.5,1.8
"<a href=""https://tiktok.com/@aedgkochc"" target=""_blank"">@aedgkochc</a>",8,10,50.889,1,1,9,0,945.5,41.8,1.1,0.6
"<a href=""https://tiktok.com/@aedgslpxjx"" target=""_blank"">@aedgslpxjx</a>",5,8,56.47,0.938,2,20,0,2693,53.75,0.25,1.625
"<a href=""https://tiktok.com/@aedhdici"" target=""_blank"">@aedhdici</a>",2,9,52.5,0.929,2,24,0,2601.556,133.333,1.889,2.556
"<a href=""https://tiktok.com/@aedhdjcoof"" target=""_blank"">@aedhdjcoof</a>",5,8,67.361,0.964,4,40,0,3161.875,156.625,1.375,0.25
"<a href=""https://tiktok.com/@aedyckctu"" target=""_blank"">@aedyckctu</a>",2,9,59.45,0.889,2,22,0,2650.667,89.222,0.556,0.111
"<a href=""https://tiktok.com/@amanda.silva.barr4"" target=""_blank"">@amanda.silva.barr4</a>",27,4,47.4,0.8,1,10,0,444.8,9.4,0.4,0.6
"<a href=""https://tiktok.com/@ancmleilrbge"" target=""_blank"">@ancmleilrbge</a>",11,6,86.3,0.857,1,10,0,2052.167,79.333,4.667,5
"<a href=""https://tiktok.com/@anxdo3188"" target=""_blank"">@anxdo3188</a>",81,12,50.761,0.83,2,34,0,1038.25,33,0,0.083
"<a href=""https://tiktok.com/@arffug"" target=""_blank"">@arffug</a>",57,12,77.979,0.889,4,60,0,1149.071,32.429,0,0.286
"<a href=""https://tiktok.com/@aseng.haymong"" target=""_blank"">@aseng.haymong</a>",55,7,54.8,0.889,1,10,0,1059.625,37.125,1.375,3.25
"<a href=""https://tiktok.com/@avcms3284"" target=""_blank"">@avcms3284</a>",77,7,54.456,0.845,2,19,0,803.429,14.429,0.143,0
"<a href=""https://tiktok.com/@avelina.asucen"" target=""_blank"">@avelina.asucen</a>",77,10,40.188,0.981,10,122,0.001,1330.8,58.4,0.7,0.3
"<a href=""https://tiktok.com/@awmilke"" target=""_blank"">@awmilke</a>",79,10,12.9,1,1,20,0,185002.1,9568.6,27.4,79.7
"<a href=""https://tiktok.com/@axflw3188"" target=""_blank"">@axflw3188</a>",82,6,42.889,1,1,9,0,448.667,25.667,0,0
"<a href=""https://tiktok.com/@bakaf3280"" target=""_blank"">@bakaf3280</a>",80,10,58.722,1,2,18,0,1289.4,79.6,0.2,0.1
"<a href=""https://tiktok.com/@baobaiwan888"" target=""_blank"">@baobaiwan888</a>",12,6,67.9,0.833,1,10,0,3036.667,142.5,6.667,14
"<a href=""https://tiktok.com/@baoqianwan11"" target=""_blank"">@baoqianwan11</a>",12,6,45.406,0.944,3,30,0,1539.833,78.167,1.833,1.333
"<a href=""https://tiktok.com/@baxor3828"" target=""_blank"">@baxor3828</a>",80,8,44.015,0.944,2,23,0,1971.75,67.5,1,0
"<a href=""https://tiktok.com/@be.jkigv"" target=""_blank"">@be.jkigv</a>",1,10,54.465,0.878,4,39,0,1559.6,89.3,0.8,0.3
"<a href=""https://tiktok.com/@beaty_queen_22"" target=""_blank"">@beaty_queen_22</a>",49,14,90.172,0.8,1,29,0,2306.111,68.444,6.722,2.111
"<a href=""https://tiktok.com/@berez.paulo"" target=""_blank"">@berez.paulo</a>",14,6,37.156,0.929,2,26,0,1556.111,26.556,0.444,0.333
"<a href=""https://tiktok.com/@beyeyb4"" target=""_blank"">@beyeyb4</a>",69,7,72.556,1,1,9,0,1554.429,37.429,1.143,0
"<a href=""https://tiktok.com/@bipiqo"" target=""_blank"">@bipiqo</a>",57,14,74.744,0.986,5,121,0,682.071,22.143,0.071,0
"<a href=""https://tiktok.com/@bixukf"" target=""_blank"">@bixukf</a>",78,8,12.5,1,1,16,0,24209.889,515.778,7.444,4.111
"<a href=""https://tiktok.com/@bkot6010"" target=""_blank"">@bkot6010</a>",62,6,85.517,0.817,2,25,0,842.667,16.933,0.6,0.333
"<a href=""https://tiktok.com/@bmc12655"" target=""_blank"">@bmc12655</a>",1,9,61.832,0.852,5,51,0,1828.7,82.3,1.3,1.6
"<a href=""https://tiktok.com/@bpgarp"" target=""_blank"">@bpgarp</a>",57,11,54.735,0.897,5,120,0,364.929,14,0,0.071
"<a href=""https://tiktok.com/@bsbwphji4xu"" target=""_blank"">@bsbwphji4xu</a>",25,6,56.6,0.833,1,10,0,699.333,36.667,0,0
"<a href=""https://tiktok.com/@bsih75"" target=""_blank"">@bsih75</a>",18,8,47.026,0.902,4,80,0,974.875,26.75,0.5,0
"<a href=""https://tiktok.com/@bsjj8797"" target=""_blank"">@bsjj8797</a>",17,9,50.192,0.778,2,22,0,836.444,19.333,0.111,0
"<a href=""https://tiktok.com/@bsyg2865"" target=""_blank"">@bsyg2865</a>",15,7,73.615,0.75,1,13,0,778.111,35.444,0.556,0.111
"<a href=""https://tiktok.com/@buslmigf7dn"" target=""_blank"">@buslmigf7dn</a>",25,8,56.6,0.833,1,10,0,757.25,24,0.125,1.125
"<a href=""https://tiktok.com/@bvoo3130"" target=""_blank"">@bvoo3130</a>",63,15,70.402,0.936,4,123,0,2176.533,52.667,0.6,0.333
"<a href=""https://tiktok.com/@bwfrgk"" target=""_blank"">@bwfrgk</a>",67,10,43.889,1,1,9,0,1111.1,43.5,0.4,0.1
"<a href=""https://tiktok.com/@bxecxotdjfrvi"" target=""_blank"">@bxecxotdjfrvi</a>",13,6,67.389,1,4,45,0,1371,35.833,3.167,8.833
"<a href=""https://tiktok.com/@bxjxhxt"" target=""_blank"">@bxjxhxt</a>",77,7,34.195,0.931,4,47,0,1048.286,38.714,0.571,2
"<a href=""https://tiktok.com/@bxjzjsns0"" target=""_blank"">@bxjzjsns0</a>",77,9,32.989,0.931,6,70,0,2471.889,103,1,0.667
"<a href=""https://tiktok.com/@bxuzba"" target=""_blank"">@bxuzba</a>",77,7,33.536,0.932,6,68,0,345.143,9.857,0,0.286
"<a href=""https://tiktok.com/@c.ts24"" target=""_blank"">@c.ts24</a>",16,5,39.667,0.8,1,9,0,1756.143,46,0.143,0.143
"<a href=""https://tiktok.com/@cagnhd"" target=""_blank"">@cagnhd</a>",41,9,59.064,0.963,3,37,0,3039.1,189,3.375,1.9
"<a href=""https://tiktok.com/@cainima888"" target=""_blank"">@cainima888</a>",16,6,36.727,1,1,11,0,1069.143,22.714,0,0.143
"<a href=""https://tiktok.com/@camilo.austin5"" target=""_blank"">@camilo.austin5</a>",9,10,50.66,0.967,3,30,0,398.5,7.2,1.1,0.6
"<a href=""https://tiktok.com/@carbloggera"" target=""_blank"">@carbloggera</a>",18,9,45.033,0.965,4,86,0,696.333,25.222,1.444,1.667
"<a href=""https://tiktok.com/@carlos.alberto.al886"" target=""_blank"">@carlos.alberto.al886</a>",55,8,54.8,0.889,1,10,0,918.2,25.5,0,0.8
"<a href=""https://tiktok.com/@cbjf05"" target=""_blank"">@cbjf05</a>",6,6,49.5,1,1,12,0,868.167,39.667,1.167,0
"<a href=""https://tiktok.com/@cbnhf5680"" target=""_blank"">@cbnhf5680</a>",13,6,54.5,1,1,12,0,1376.833,79.333,2.333,5.333
"<a href=""https://tiktok.com/@cbske2477"" target=""_blank"">@cbske2477</a>",81,9,46.475,0.833,2,20,0,2717.444,66,0.222,0.111
"<a href=""https://tiktok.com/@cfdc18"" target=""_blank"">@cfdc18</a>",46,13,57.997,0.901,10,223,0,4550.308,97.462,0.692,2.154
"<a href=""https://tiktok.com/@chantalkusch"" target=""_blank"">@chantalkusch</a>",1,9,60.676,0.953,5,52,0,3757.889,145.333,2.222,10.222
"<a href=""https://tiktok.com/@chdg050"" target=""_blank"">@chdg050</a>",34,10,67.262,0.89,4,43,0,1048.4,45.9,1.7,0
"<a href=""https://tiktok.com/@china_cutegirl22"" target=""_blank"">@china_cutegirl22</a>",49,14,89.05,0.841,3,87,0,282.25,17.8,0.85,0.15
"<a href=""https://tiktok.com/@chuma_g1"" target=""_blank"">@chuma_g1</a>",49,4,81.5,0.375,1,14,0,3302.417,196.833,4.333,1.5
"<a href=""https://tiktok.com/@ciojkb"" target=""_blank"">@ciojkb</a>",58,3,18.296,0.933,3,27,0,1625.357,79.857,0.214,0.5
"<a href=""https://tiktok.com/@cjdjfcn"" target=""_blank"">@cjdjfcn</a>",77,10,41.719,0.963,9,114,0,1962.8,118.2,0.9,0.5
"<a href=""https://tiktok.com/@cjgbkbl"" target=""_blank"">@cjgbkbl</a>",31,5,35,1,1,9,0,1091,61.2,0,0.2
"<a href=""https://tiktok.com/@cjire9104"" target=""_blank"">@cjire9104</a>",59,11,60.144,0.944,3,64,0,3525.714,81.714,0.143,1.286
"<a href=""https://tiktok.com/@cjur6297"" target=""_blank"">@cjur6297</a>",59,15,58.963,0.976,3,81,0,863.4,40.2,0.2,0.2
"<a href=""https://tiktok.com/@clirr5282"" target=""_blank"">@clirr5282</a>",60,10,48.257,0.909,2,43,0,937.4,47.2,0.4,1.8
"<a href=""https://tiktok.com/@cnatk3189"" target=""_blank"">@cnatk3189</a>",77,8,37.781,0.95,9,98,0,1752,80.375,0.25,0.125
"<a href=""https://tiktok.com/@coirf88774"" target=""_blank"">@coirf88774</a>",61,6,34.333,0.833,1,15,0,596.667,26.667,0,0.167
"<a href=""https://tiktok.com/@courr1227"" target=""_blank"">@courr1227</a>",61,5,34.333,0.833,1,15,0,1845,57,3,0.2
"<a href=""https://tiktok.com/@cuc.thu243"" target=""_blank"">@cuc.thu243</a>",39,8,48.364,0.844,2,22,0,5769.125,103.5,3.5,1.75
"<a href=""https://tiktok.com/@cxd.shd"" target=""_blank"">@cxd.shd</a>",38,8,47.222,0.857,1,9,0,2584.25,46.625,1.75,0.875
"<a href=""https://tiktok.com/@dadd.dhh7"" target=""_blank"">@dadd.dhh7</a>",24,8,53.793,0.98,5,57,0,752.875,27.125,0.125,0.125
"<a href=""https://tiktok.com/@danaobenkuil"" target=""_blank"">@danaobenkuil</a>",43,8,53.378,0.929,2,19,0,3259.125,115.875,4.167,4
"<a href=""https://tiktok.com/@dddgggg63"" target=""_blank"">@dddgggg63</a>",37,7,44.333,0.875,1,9,0,22138.444,337,7.444,9
"<a href=""https://tiktok.com/@debran.oxonrp00"" target=""_blank"">@debran.oxonrp00</a>",7,9,41.167,1,2,18,0,63355.333,964.556,4.778,22.778
"<a href=""https://tiktok.com/@dhdjuehiehrh"" target=""_blank"">@dhdjuehiehrh</a>",83,9,49.389,1,2,22,0,1337,74.778,0.667,0.889
"<a href=""https://tiktok.com/@dheelquiet"" target=""_blank"">@dheelquiet</a>",90,6,30.583,0.917,2,19,0,4194.5,28,1,0.667
"<a href=""https://tiktok.com/@dhhi6645"" target=""_blank"">@dhhi6645</a>",59,14,63.422,0.93,5,108,0,3629.867,90.067,0.067,0.8
"<a href=""https://tiktok.com/@dijx3903"" target=""_blank"">@dijx3903</a>",63,15,77.188,0.922,5,125,0,1648.4,47.733,0.4,0.733
"<a href=""https://tiktok.com/@djisks96"" target=""_blank"">@djisks96</a>",77,7,35.415,0.908,6,60,0,1522,21.429,1.143,0.143
"<a href=""https://tiktok.com/@djwf2904"" target=""_blank"">@djwf2904</a>",64,3,56,1,3,27,0,1007.667,43,0,0
"<a href=""https://tiktok.com/@drgd8391"" target=""_blank"">@drgd8391</a>",64,12,61.923,1,5,78,0,1312.267,50.533,0.6,0.933
"<a href=""https://tiktok.com/@dtbtcc8"" target=""_blank"">@dtbtcc8</a>",57,3,62,1,4,36,0.001,956.333,39.667,0.667,1
"<a href=""https://tiktok.com/@dthh824"" target=""_blank"">@dthh824</a>",46,13,56.143,0.901,10,201,0,3836.231,54,0.538,8.538
"<a href=""https://tiktok.com/@dtkwod"" target=""_blank"">@dtkwod</a>",41,8,46.111,0.81,3,27,0,3646.125,170.625,2.714,6.25
"<a href=""https://tiktok.com/@dukes.cadenhead"" target=""_blank"">@dukes.cadenhead</a>",90,6,59.143,0.833,2,24,0,1637.833,15.5,0.167,0
"<a href=""https://tiktok.com/@duuff30"" target=""_blank"">@duuff30</a>",77,7,28.536,0.88,4,45,0,1081.286,61.571,1.286,0.714
"<a href=""https://tiktok.com/@dygd8923"" target=""_blank"">@dygd8923</a>",64,3,52.667,1,3,27,0,830.667,28.333,0.667,1.167
"<a href=""https://tiktok.com/@echrca"" target=""_blank"">@echrca</a>",57,7,77.923,0.833,1,13,0,253.75,7.375,0,0.125
"<a href=""https://tiktok.com/@edelberto.mahendr"" target=""_blank"">@edelberto.mahendr</a>",8,9,58.444,1,1,9,0,1063.444,53.556,0.778,0.778
"<a href=""https://tiktok.com/@eiej4325"" target=""_blank"">@eiej4325</a>",64,15,56.068,1,6,126,0,1237.533,38.067,0.2,0.267
"<a href=""https://tiktok.com/@ejanc3177"" target=""_blank"">@ejanc3177</a>",77,3,26.111,0.867,3,27,0,744.333,18,0,0.333
"<a href=""https://tiktok.com/@eqmhqf"" target=""_blank"">@eqmhqf</a>",57,12,67.145,0.967,6,131,0,632.2,18.6,0.2,0.133
"<a href=""https://tiktok.com/@espqrt"" target=""_blank"">@espqrt</a>",66,8,71,0.833,1,10,0,912.875,45.375,0.375,0.375
"<a href=""https://tiktok.com/@etuo.uop"" target=""_blank"">@etuo.uop</a>",26,6,56.044,0.866,2,19,0,1472.833,32.5,0,0
"<a href=""https://tiktok.com/@eudazpstrvf"" target=""_blank"">@eudazpstrvf</a>",43,6,60.2,0.857,1,10,0,3539,119.625,1.167,3.125
"<a href=""https://tiktok.com/@evfdmzl"" target=""_blank"">@evfdmzl</a>",78,8,12.5,1,1,16,0,1349.9,95.3,1.1,1.4
"<a href=""https://tiktok.com/@fauy8466"" target=""_blank"">@fauy8466</a>",2,10,49.889,0.915,3,33,0,2872.2,96.8,1.2,2.9
"<a href=""https://tiktok.com/@fcjjv86"" target=""_blank"">@fcjjv86</a>",5,7,65.697,0.938,2,20,0,2896.143,108.429,1.286,0.857
"<a href=""https://tiktok.com/@fduic5"" target=""_blank"">@fduic5</a>",5,6,66.9,1,1,10,0,3229.75,122.75,1.75,8.75
"<a href=""https://tiktok.com/@fgffvp"" target=""_blank"">@fgffvp</a>",56,5,47.308,1,2,22,0,360,7,0,2.4
"<a href=""https://tiktok.com/@fgjbgf4688"" target=""_blank"">@fgjbgf4688</a>",13,6,75.033,0.917,2,22,0,825,33.667,2.167,10.667
"<a href=""https://tiktok.com/@fhda78402"" target=""_blank"">@fhda78402</a>",63,15,68.188,1,4,111,0,890.8,44,0.2,0.267
"<a href=""https://tiktok.com/@fhkundshunk"" target=""_blank"">@fhkundshunk</a>",42,10,53.853,0.923,2,26,0,3140.25,7.75,0.222,0.083
"<a href=""https://tiktok.com/@fhuc22"" target=""_blank"">@fhuc22</a>",20,5,44.804,0.938,2,26,0,3617.4,35,0.2,0.4
"<a href=""https://tiktok.com/@fhvf210"" target=""_blank"">@fhvf210</a>",14,9,52.874,0.897,3,34,0,1244.444,80.444,1.111,10.222
"<a href=""https://tiktok.com/@fhxk1941"" target=""_blank"">@fhxk1941</a>",62,13,72.087,0.889,3,45,0,1046.308,23.692,1.308,0.538
"<a href=""https://tiktok.com/@fiurf9599"" target=""_blank"">@fiurf9599</a>",65,6,57.942,1,4,46,0,690,18.667,0.167,0.167
"<a href=""https://tiktok.com/@fjmphu"" target=""_blank"">@fjmphu</a>",57,9,53.895,1,3,45,0,558.556,16.889,0.222,0.111
"<a href=""https://tiktok.com/@fkir2290"" target=""_blank"">@fkir2290</a>",59,15,71.183,0.84,5,98,0,634.333,33.067,0.2,0.133
"<a href=""https://tiktok.com/@fnnf8890"" target=""_blank"">@fnnf8890</a>",60,10,56.126,0.842,3,59,0,4095.3,76.2,0,1.2
"<a href=""https://tiktok.com/@fsaftn"" target=""_blank"">@fsaftn</a>",57,14,67.402,0.889,9,105,0.001,795.5,15.071,0,0.071
"<a href=""https://tiktok.com/@fteecfs"" target=""_blank"">@fteecfs</a>",73,7,46.471,0.867,2,24,0,6818.571,201,2.571,0.571
"<a href=""https://tiktok.com/@fugfuj33"" target=""_blank"">@fugfuj33</a>",44,7,54,0.875,1,10,0,3309.5,85.625,7.167,7.375
"<a href=""https://tiktok.com/@fughf21"" target=""_blank"">@fughf21</a>",1,5,51.889,0.875,1,9,0,2699,70.8,2.4,3.4
"<a href=""https://tiktok.com/@fujgds.guio"" target=""_blank"">@fujgds.guio</a>",26,6,48.329,0.873,2,22,0,561.833,20.167,0.167,0.167
"<a href=""https://tiktok.com/@funny.podcasttop"" target=""_blank"">@funny.podcasttop</a>",24,8,58.571,0.941,4,47,0,1198.7,46.9,0.4,1.7
"<a href=""https://tiktok.com/@fygdjasnu0"" target=""_blank"">@fygdjasnu0</a>",33,6,51.338,1,2,22,0,230.5,3,0,0
"<a href=""https://tiktok.com/@g.in.cgn"" target=""_blank"">@g.in.cgn</a>",77,8,48.054,0.958,8,86,0.002,1503.625,71.875,0.625,0.75
"<a href=""https://tiktok.com/@g86bavbbw"" target=""_blank"">@g86bavbbw</a>",33,3,44.444,1,1,9,0,392620.333,18493.333,78.667,84.333
"<a href=""https://tiktok.com/@gabriele.weber5"" target=""_blank"">@gabriele.weber5</a>",89,7,68.786,0.889,1,14,0,2355.1,45.4,1.9,3.2
"<a href=""https://tiktok.com/@gclqse"" target=""_blank"">@gclqse</a>",57,6,55.65,0.944,6,57,0.001,747.889,9.778,0,0
"<a href=""https://tiktok.com/@gdjsys526252"" target=""_blank"">@gdjsys526252</a>",74,8,40.9,0.875,1,10,0,1399.375,142.375,0,0.375
"<a href=""https://tiktok.com/@gduhx01"" target=""_blank"">@gduhx01</a>",5,8,63.547,0.929,4,41,0,2717.5,68.75,1.375,2.25
"<a href=""https://tiktok.com/@gdvcjh84747"" target=""_blank"">@gdvcjh84747</a>",85,7,53.111,0.875,1,9,0,4709.875,130.625,2,2.25
"<a href=""https://tiktok.com/@gfjch34"" target=""_blank"">@gfjch34</a>",34,10,60.66,0.89,4,46,0,1365.4,76.4,0.3,0.7
"<a href=""https://tiktok.com/@ghhj8554"" target=""_blank"">@ghhj8554</a>",63,13,64.888,0.904,4,90,0,795.923,28.308,0.538,1
"<a href=""https://tiktok.com/@gits5263"" target=""_blank"">@gits5263</a>",65,3,56.267,1,5,45,0,617.667,40.667,1.333,0
"<a href=""https://tiktok.com/@givi0331"" target=""_blank"">@givi0331</a>",62,14,71.846,0.944,4,66,0,275.8,7.333,0.267,0.133
"<a href=""https://tiktok.com/@gjgkho8"" target=""_blank"">@gjgkho8</a>",32,5,19.111,1,1,9,0,895.6,43.8,0,0
"<a href=""https://tiktok.com/@gjguq6894"" target=""_blank"">@gjguq6894</a>",60,9,80.95,0.917,2,33,0,2662,77.583,0.583,0.833
"<a href=""https://tiktok.com/@gqvgpl"" target=""_blank"">@gqvgpl</a>",66,10,33.5,1,2,28,0,1672.6,37.1,0.9,0.2
"<a href=""https://tiktok.com/@guoonn.hkp"" target=""_blank"">@guoonn.hkp</a>",26,8,59.485,0.882,2,23,0,861.125,36.75,0,0.75
"<a href=""https://tiktok.com/@gutieyy7"" target=""_blank"">@gutieyy7</a>",35,9,55.863,1,3,29,0,1341.222,79.889,1.778,1
"<a href=""https://tiktok.com/@gvcchh3457"" target=""_blank"">@gvcchh3457</a>",13,6,49.77,1,4,42,0,1114.667,68.667,0.833,1.667
"<a href=""https://tiktok.com/@gzebfdt"" target=""_blank"">@gzebfdt</a>",68,10,74,1,1,12,0,565.8,28.1,0.1,0.2
"<a href=""https://tiktok.com/@hajhsh12"" target=""_blank"">@hajhsh12</a>",31,5,35,1,1,9,0,543.6,33.2,1,0.2
"<a href=""https://tiktok.com/@hcodifb"" target=""_blank"">@hcodifb</a>",1,8,51.4,0.857,1,10,0,2045,94.222,0.333,1.333
"<a href=""https://tiktok.com/@hcuwiea"" target=""_blank"">@hcuwiea</a>",66,7,50,0.875,1,10,0,2849.143,35.143,0.429,0
"<a href=""https://tiktok.com/@hdbjx72"" target=""_blank"">@hdbjx72</a>",14,9,50.991,0.944,3,38,0,1320.667,36.778,0.889,2.444
"<a href=""https://tiktok.com/@hdha0995"" target=""_blank"">@hdha0995</a>",65,6,62.358,1,4,46,0,1259,45,1,0.167
"<a href=""https://tiktok.com/@hdicok57"" target=""_blank"">@hdicok57</a>",86,10,51.25,1,1,12,0,13269.7,572.1,8.4,8.8
"<a href=""https://tiktok.com/@hdmjwo1"" target=""_blank"">@hdmjwo1</a>",57,12,68.446,0.978,5,81,0,675.75,22.75,0,0
"<a href=""https://tiktok.com/@hdvhds4"" target=""_blank"">@hdvhds4</a>",77,10,44.496,0.925,9,112,0,1491,85,1.5,0.8
"<a href=""https://tiktok.com/@hec88551nva"" target=""_blank"">@hec88551nva</a>",45,7,68.727,1,1,11,0,3294,109,1.833,6.857
"<a href=""https://tiktok.com/@hehs5037"" target=""_blank"">@hehs5037</a>",59,15,65.74,0.878,4,102,0,888.333,44,0.4,0.533
"<a href=""https://tiktok.com/@hfchkk26"" target=""_blank"">@hfchkk26</a>",84,8,70.333,1,1,12,0,925.111,10.111,0.111,0.667
"<a href=""https://tiktok.com/@hgsa33741"" target=""_blank"">@hgsa33741</a>",65,3,45.917,1,4,36,0,672,51,1,0.667
"<a href=""https://tiktok.com/@hhgghj8866"" target=""_blank"">@hhgghj8866</a>",13,6,46.867,0.958,4,44,0,773.833,43.5,1.333,4.667
"<a href=""https://tiktok.com/@hidouo"" target=""_blank"">@hidouo</a>",57,14,61.973,0.972,5,142,0,769.786,23.429,0,0.357
"<a href=""https://tiktok.com/@hjbfgj67"" target=""_blank"">@hjbfgj67</a>",88,6,39.225,0.866,4,40,0,2843.167,126.833,4.333,8.833
"<a href=""https://tiktok.com/@hltuoq"" target=""_blank"">@hltuoq</a>",57,14,69.766,0.979,4,139,0,584.714,16.429,0.071,0.357
"<a href=""https://tiktok.com/@hmwnajkihjcirrrsyw"" target=""_blank"">@hmwnajkihjcirrrsyw</a>",48,7,36.2,0.857,1,10,0,3812.429,128.143,1.714,10.857
"<a href=""https://tiktok.com/@hoeg.huan"" target=""_blank"">@hoeg.huan</a>",7,9,52.761,0.875,2,19,0,12521.444,133.889,4.778,3
"<a href=""https://tiktok.com/@hojdmc"" target=""_blank"">@hojdmc</a>",58,6,19.426,1,3,54,0,601,37.333,0.167,0.167
"<a href=""https://tiktok.com/@hotcool586"" target=""_blank"">@hotcool586</a>",24,8,62.355,0.958,3,32,0,972.25,58.125,0,0.25
"<a href=""https://tiktok.com/@hryfeucmuql"" target=""_blank"">@hryfeucmuql</a>",87,6,52.222,1,1,9,0,728.833,43,1.5,3.167
"<a href=""https://tiktok.com/@hsbuz8"" target=""_blank"">@hsbuz8</a>",19,6,46.3,0.857,1,10,0,1042,33.714,0.429,0.571
"<a href=""https://tiktok.com/@hsgshqdrf5p"" target=""_blank"">@hsgshqdrf5p</a>",52,6,90.808,1,1,26,0,9.333,1.833,0,0
"<a href=""https://tiktok.com/@htjzwe4"" target=""_blank"">@htjzwe4</a>",76,10,46.728,0.917,2,28,0,34627.1,877.7,11.2,5.1
"<a href=""https://tiktok.com/@huanlyg"" target=""_blank"">@huanlyg</a>",32,5,19.111,1,1,9,0,1958,81.6,0,0
"<a href=""https://tiktok.com/@huiodjio"" target=""_blank"">@huiodjio</a>",41,10,63.428,0.876,6,75,0,3122.6,175,1.75,2.9
"<a href=""https://tiktok.com/@huoqilaiya"" target=""_blank"">@huoqilaiya</a>",12,6,45.824,0.897,3,31,0,1986.333,102.833,5.333,17
"<a href=""https://tiktok.com/@huydhfhyyxd"" target=""_blank"">@huydhfhyyxd</a>",91,7,54.586,0.854,2,24,0,6683,56.125,1.5,1.875
"<a href=""https://tiktok.com/@hwvrok"" target=""_blank"">@hwvrok</a>",75,8,23,1,2,24,0,13776.375,196.75,9.375,1.125
"<a href=""https://tiktok.com/@hxjdsj34"" target=""_blank"">@hxjdsj34</a>",77,8,34.127,0.916,5,60,0,1037.25,52.25,0.625,0.5
"<a href=""https://tiktok.com/@hygge8662"" target=""_blank"">@hygge8662</a>",43,8,46.556,1,1,9,0,24171.25,386.625,3.667,8.25
"<a href=""https://tiktok.com/@hzhdhs"" target=""_blank"">@hzhdhs</a>",77,8,37.354,0.961,6,75,0.002,1366.125,56.375,1.375,0.75
"<a href=""https://tiktok.com/@ididu034"" target=""_blank"">@ididu034</a>",34,9,70.944,0.882,2,18,0,1490.222,47.222,0.667,0
"<a href=""https://tiktok.com/@idpeoc"" target=""_blank"">@idpeoc</a>",57,14,66.211,1,5,126,0,557.8,11.4,0,0
"<a href=""https://tiktok.com/@ihgg5672"" target=""_blank"">@ihgg5672</a>",13,6,60.292,1,4,48,0,1035.667,46.167,2.5,1.333
"<a href=""https://tiktok.com/@iiuu553"" target=""_blank"">@iiuu553</a>",46,15,54.647,0.926,10,234,0,15650.6,230.2,1.2,1.8
"<a href=""https://tiktok.com/@ilges.estelwei"" target=""_blank"">@ilges.estelwei</a>",54,10,47.817,0.764,2,19,0,4121.6,31.4,1,0.6
"<a href=""https://tiktok.com/@imlofwwl4qcrwo"" target=""_blank"">@imlofwwl4qcrwo</a>",28,6,29.556,1,1,9,0,138.667,3,0,0
"<a href=""https://tiktok.com/@irdc042"" target=""_blank"">@irdc042</a>",1,10,47.305,0.974,3,42,0,3975,171.2,1.6,1.9
"<a href=""https://tiktok.com/@isce0690"" target=""_blank"">@isce0690</a>",62,15,64.995,0.963,3,40,0,1045.667,58.933,0.267,0.667
"<a href=""https://tiktok.com/@isge0853"" target=""_blank"">@isge0853</a>",62,15,68.092,0.742,2,32,0,290,11.133,0.067,0.133
"<a href=""https://tiktok.com/@isgs5669"" target=""_blank"">@isgs5669</a>",62,13,75.083,0.667,1,12,0,294.429,8,0.214,0.286
"<a href=""https://tiktok.com/@iupkvg"" target=""_blank"">@iupkvg</a>",57,10,54.887,1,5,55,0.001,233,5,0.083,0.083
"<a href=""https://tiktok.com/@j.uv586"" target=""_blank"">@j.uv586</a>",14,10,49.719,1,3,40,0,1391.583,46.417,0.333,0.25
"<a href=""https://tiktok.com/@jajsjsn56"" target=""_blank"">@jajsjsn56</a>",46,14,57.232,0.884,10,190,0,12536.143,193.714,1.357,9.786
"<a href=""https://tiktok.com/@jann.jacobs"" target=""_blank"">@jann.jacobs</a>",9,7,48.594,1,2,19,0,1101.6,18.7,1.2,0.7
"<a href=""https://tiktok.com/@jccj44506"" target=""_blank"">@jccj44506</a>",64,6,72.918,1,3,42,0,943.111,64,0.111,0.444
"<a href=""https://tiktok.com/@jdpdosj"" target=""_blank"">@jdpdosj</a>",1,10,60.043,0.923,7,78,0,792.4,32.1,0.2,0.1
"<a href=""https://tiktok.com/@jdpxorjf"" target=""_blank"">@jdpxorjf</a>",1,8,60.69,0.92,8,77,0,2059.9,109.4,0.9,0.8
"<a href=""https://tiktok.com/@jeffrey.hettinger"" target=""_blank"">@jeffrey.hettinger</a>",9,10,54.102,0.93,3,34,0,1097.3,22.8,1.5,2.2
"<a href=""https://tiktok.com/@jfdd653"" target=""_blank"">@jfdd653</a>",2,10,53.078,0.889,3,37,0,8059.3,134.7,1.8,2.3
"<a href=""https://tiktok.com/@jfodxgajsjijpd"" target=""_blank"">@jfodxgajsjijpd</a>",13,7,54.65,0.808,4,40,0,1460.286,77.857,1.714,2.286
"<a href=""https://tiktok.com/@jfufrehcdh"" target=""_blank"">@jfufrehcdh</a>",1,8,54.791,1,3,32,0,2181.375,83.75,1.125,2.375
"<a href=""https://tiktok.com/@jg.vj19"" target=""_blank"">@jg.vj19</a>",24,6,50.367,1,2,19,0,1120.333,36.5,0,0.833
"<a href=""https://tiktok.com/@jiqw8344"" target=""_blank"">@jiqw8344</a>",65,6,66.167,1,3,36,0,342.833,11.833,0.833,0
"<a href=""https://tiktok.com/@jjdjdd911"" target=""_blank"">@jjdjdd911</a>",30,5,27.778,1,1,9,0,983.2,33.6,0.6,0
"<a href=""https://tiktok.com/@jksjbtuupyf"" target=""_blank"">@jksjbtuupyf</a>",47,3,68.3,0.571,1,10,0,5.083,0.167,0,0
"<a href=""https://tiktok.com/@jkuy0534"" target=""_blank"">@jkuy0534</a>",64,15,56.849,1,4,86,0,794.867,42.667,0.533,0.267
"<a href=""https://tiktok.com/@jox.kj"" target=""_blank"">@jox.kj</a>",86,8,48.636,1,1,11,0,16035.333,601.222,4.444,8.111
"<a href=""https://tiktok.com/@jshszh6382"" target=""_blank"">@jshszh6382</a>",77,6,44.241,1,3,28,0,1290.667,92.833,0.5,0
"<a href=""https://tiktok.com/@jsosjxj8"" target=""_blank"">@jsosjxj8</a>",1,9,51.392,0.946,5,52,0,37916.667,547.889,2.889,5.222
"<a href=""https://tiktok.com/@jtcytxyzey"" target=""_blank"">@jtcytxyzey</a>",1,8,51.481,0.872,7,75,0,1185.5,45.625,1.625,1.125
"<a href=""https://tiktok.com/@juliosalazar229"" target=""_blank"">@juliosalazar229</a>",54,8,56.3,0.778,1,10,0,1914.5,34,1.25,0.75
"<a href=""https://tiktok.com/@jvhb240"" target=""_blank"">@jvhb240</a>",46,15,54.474,0.894,10,233,0,14828.067,238.2,1.067,2.267
"<a href=""https://tiktok.com/@jvtvc3"" target=""_blank"">@jvtvc3</a>",46,15,56.99,0.887,10,237,0,32078.533,767.133,4.4,8.467
"<a href=""https://tiktok.com/@jwhe5192"" target=""_blank"">@jwhe5192</a>",65,6,63.25,1,2,27,0,542.333,34.333,0.5,0
"<a href=""https://tiktok.com/@kacbr2774"" target=""_blank"">@kacbr2774</a>",77,6,46.756,0.899,7,73,0,1041.833,45.167,0.333,0
"<a href=""https://tiktok.com/@kduudk6"" target=""_blank"">@kduudk6</a>",84,7,70.117,0.917,2,22,0,1483.667,23.444,0.222,0.778
"<a href=""https://tiktok.com/@kdywnty"" target=""_blank"">@kdywnty</a>",79,10,12.9,1,1,20,0,1349.8,45.1,0.4,0.4
"<a href=""https://tiktok.com/@kellie.perry2"" target=""_blank"">@kellie.perry2</a>",89,8,68.786,0.889,1,14,0,567.8,15.4,0.5,0.4
"<a href=""https://tiktok.com/@kendjffg"" target=""_blank"">@kendjffg</a>",83,7,61.778,1,1,9,0,1766.111,131.889,1.667,1.111
"<a href=""https://tiktok.com/@kfbfol"" target=""_blank"">@kfbfol</a>",56,5,69.641,1,2,22,0,41.833,1.333,0,0
"<a href=""https://tiktok.com/@kfkojshjuq7vq7"" target=""_blank"">@kfkojshjuq7vq7</a>",28,6,29.556,1,1,9,0,2064.167,17,0.5,0.833
"<a href=""https://tiktok.com/@khfbou"" target=""_blank"">@khfbou</a>",58,3,22.593,0.867,3,27,0,1011.571,22.571,0.071,0.214
"<a href=""https://tiktok.com/@kkj00006"" target=""_blank"">@kkj00006</a>",40,6,78.333,0.833,1,9,0,7875.167,253.833,1.5,3.167
"<a href=""https://tiktok.com/@kkj00008"" target=""_blank"">@kkj00008</a>",40,6,78.333,0.833,1,9,0,2315.333,101,0.5,1.167
"<a href=""https://tiktok.com/@klsier"" target=""_blank"">@klsier</a>",56,3,79.667,1,1,9,0,107.667,3.333,0.333,0
"<a href=""https://tiktok.com/@krug011"" target=""_blank"">@krug011</a>",1,10,59.51,0.906,4,40,0,1526.6,113.4,1.2,4.2
"<a href=""https://tiktok.com/@kubjij"" target=""_blank"">@kubjij</a>",58,3,22.37,0.867,3,27,0,1239.385,101.923,0.385,0.692
"<a href=""https://tiktok.com/@labubu5252"" target=""_blank"">@labubu5252</a>",12,6,57.833,0.889,3,30,0,249595.833,14986.5,414.833,1296.333
"<a href=""https://tiktok.com/@labubushiping51"" target=""_blank"">@labubushiping51</a>",11,5,86.3,0.857,1,10,0,2319.4,104.8,3.4,1.8
"<a href=""https://tiktok.com/@landscape5670"" target=""_blank"">@landscape5670</a>",41,9,54.68,0.871,4,47,0,2858.556,215,10.857,1.222
"<a href=""https://tiktok.com/@lawrenceharvey54"" target=""_blank"">@lawrenceharvey54</a>",9,7,67.033,0.889,3,30,0,522.75,11.875,0.625,0.625
"<a href=""https://tiktok.com/@leila.fernandes.c2"" target=""_blank"">@leila.fernandes.c2</a>",27,5,47.4,0.8,1,10,0,992.8,18.4,0.2,4.8
"<a href=""https://tiktok.com/@leoraf9"" target=""_blank"">@leoraf9</a>",73,10,35.857,0.9,2,28,0,16698.2,783.2,7.4,2.2
"<a href=""https://tiktok.com/@lhqitc"" target=""_blank"">@lhqitc</a>",57,15,61.632,0.989,6,116,0.001,869.067,27.333,0.133,0.133
"<a href=""https://tiktok.com/@lin689668987"" target=""_blank"">@lin689668987</a>",42,10,37.936,0.852,2,29,0,1082,29.7,0.5,0.2
"<a href=""https://tiktok.com/@ljpjvh"" target=""_blank"">@ljpjvh</a>",75,6,16.833,1,1,12,0,28136.857,400,8.714,1.714
"<a href=""https://tiktok.com/@loertschercalliso"" target=""_blank"">@loertschercalliso</a>",91,8,54.848,0.938,2,30,0,22826,159.375,3.375,1
"<a href=""https://tiktok.com/@luisina.riihimaki"" target=""_blank"">@luisina.riihimaki</a>",1,9,73.5,0.625,1,10,0,1244,93.778,1.889,1.778
"<a href=""https://tiktok.com/@lxjjc"" target=""_blank"">@lxjjc</a>",5,6,67.4,0.857,1,10,0,2124,61.75,0.625,1.125
"<a href=""https://tiktok.com/@maemeg7"" target=""_blank"">@maemeg7</a>",71,9,25,0.909,1,14,0,1500.222,82.444,1.111,1.333
"<a href=""https://tiktok.com/@mariencassano"" target=""_blank"">@mariencassano</a>",91,8,81.923,1,1,13,0,23999.125,187.875,2.75,1.5
"<a href=""https://tiktok.com/@marisol.rath"" target=""_blank"">@marisol.rath</a>",9,10,59,1,2,20,0,955.1,23,1.3,2.5
"<a href=""https://tiktok.com/@marjoriecarrie0525"" target=""_blank"">@marjoriecarrie0525</a>",9,10,43.617,0.938,2,25,0,547.3,15.2,1.8,1.3
"<a href=""https://tiktok.com/@mong.khuu"" target=""_blank"">@mong.khuu</a>",9,8,42.822,0.938,2,24,0,1373.1,43.3,1.8,4.1
"<a href=""https://tiktok.com/@ncaqusztvgl"" target=""_blank"">@ncaqusztvgl</a>",56,3,35,1,1,9,0,103,0.667,0,0
"<a href=""https://tiktok.com/@ncjfhyrsdj"" target=""_blank"">@ncjfhyrsdj</a>",77,7,26.346,0.975,4,49,0,1435,37.429,0.429,0.286
"<a href=""https://tiktok.com/@ncsfo3287"" target=""_blank"">@ncsfo3287</a>",77,6,39.5,1,2,20,0.002,3043,98.286,0.571,1.429
"<a href=""https://tiktok.com/@ndork4782"" target=""_blank"">@ndork4782</a>",77,5,62.8,1,1,10,0,872.4,27.8,1,0.4
"<a href=""https://tiktok.com/@nfeicg"" target=""_blank"">@nfeicg</a>",67,9,43.889,1,1,9,0,1047.667,45.778,0.556,0
"<a href=""https://tiktok.com/@nfyk.emma"" target=""_blank"">@nfyk.emma</a>",9,7,59.637,0.875,3,29,0,1373.667,44.111,0.444,0.556
"<a href=""https://tiktok.com/@nhllos8"" target=""_blank"">@nhllos8</a>",73,8,45.186,0.867,2,24,0,1532.222,106.111,0.667,0.889
"<a href=""https://tiktok.com/@niyebuya"" target=""_blank"">@niyebuya</a>",37,10,44.333,0.875,1,9,0,3238.7,88.9,4.2,1
"<a href=""https://tiktok.com/@njwhtm"" target=""_blank"">@njwhtm</a>",68,10,74,1,1,12,0,884.1,45.9,0.7,0.3
"<a href=""https://tiktok.com/@nmkv7803"" target=""_blank"">@nmkv7803</a>",88,6,33.742,0.938,4,44,0,1112.667,58.333,2.167,3.333
"<a href=""https://tiktok.com/@nqkwvc"" target=""_blank"">@nqkwvc</a>",71,8,25,0.909,1,14,0,1270.625,67.25,1.375,0.125
"<a href=""https://tiktok.com/@ntpblw"" target=""_blank"">@ntpblw</a>",57,9,61.827,0.972,6,70,0,539,17.333,0.111,0.222
"<a href=""https://tiktok.com/@nxpsa4288"" target=""_blank"">@nxpsa4288</a>",77,7,38.161,0.845,4,44,0,38288.625,2243.875,7.75,5.625
"<a href=""https://tiktok.com/@objlhmtjemu"" target=""_blank"">@objlhmtjemu</a>",57,7,53.25,0.667,1,12,0,690.778,19.333,0,0.222
"<a href=""https://tiktok.com/@ojbkhhh2"" target=""_blank"">@ojbkhhh2</a>",24,8,60.117,0.944,2,22,0,915.625,37.25,0,0.125
"<a href=""https://tiktok.com/@ojkmss"" target=""_blank"">@ojkmss</a>",57,8,66.598,0.958,4,59,0,506.889,15.556,0.111,0.111
"<a href=""https://tiktok.com/@okay11732"" target=""_blank"">@okay11732</a>",63,11,74.78,0.884,3,63,0,1366.429,46.143,0.857,0.429
"<a href=""https://tiktok.com/@okhgf567"" target=""_blank"">@okhgf567</a>",13,6,47.164,0.889,3,31,0,1117,69.5,1.333,2.333
"<a href=""https://tiktok.com/@oljclk"" target=""_blank"">@oljclk</a>",75,7,29.167,1,1,12,0,2615.25,47.625,0.625,0
"<a href=""https://tiktok.com/@olrsyrt7"" target=""_blank"">@olrsyrt7</a>",66,8,38.25,0.938,2,22,0,3537.5,57.2,0.5,0.2
"<a href=""https://tiktok.com/@omi.poni0"" target=""_blank"">@omi.poni0</a>",20,5,38.625,0.938,2,27,0,2144,32.6,0.4,0.2
"<a href=""https://tiktok.com/@onel.ellamae"" target=""_blank"">@onel.ellamae</a>",90,6,36.226,0.917,2,23,0,1737.333,12.167,1.167,0.167
"<a href=""https://tiktok.com/@ongoc.mrm"" target=""_blank"">@ongoc.mrm</a>",36,10,35.727,0.857,1,11,0,1815.667,31.75,1.333,2.667
"<a href=""https://tiktok.com/@onikacaylie"" target=""_blank"">@onikacaylie</a>",9,8,49.786,1,1,14,0,1236,26.111,2.556,3.556
"<a href=""https://tiktok.com/@pbpktw"" target=""_blank"">@pbpktw</a>",57,12,66.24,0.931,6,144,0,562.467,19.267,0.2,0.067
"<a href=""https://tiktok.com/@pdilul"" target=""_blank"">@pdilul</a>",76,6,62.15,0.833,2,20,0,9958.444,187.778,2.667,1.333
"<a href=""https://tiktok.com/@pfigfwdyh2huxc"" target=""_blank"">@pfigfwdyh2huxc</a>",88,6,41.587,0.946,5,53,0,1749.5,65.167,4.333,2
"<a href=""https://tiktok.com/@phong.ngoc76"" target=""_blank"">@phong.ngoc76</a>",38,7,47.222,0.857,1,9,0,8039.429,97.571,2.857,2.429
"<a href=""https://tiktok.com/@prbnac"" target=""_blank"">@prbnac</a>",57,10,69.788,1,6,59,0.001,644,20.5,0,0.583
"<a href=""https://tiktok.com/@prtnr8"" target=""_blank"">@prtnr8</a>",35,8,55.558,0.939,3,32,0,1443.556,73.667,9.222,1.333
"<a href=""https://tiktok.com/@puhrra"" target=""_blank"">@puhrra</a>",57,10,56.021,0.861,3,76,0,636.923,25,0.077,0.308
"<a href=""https://tiktok.com/@pxibi018"" target=""_blank"">@pxibi018</a>",19,5,46.3,0.857,1,10,0,1560.25,31.5,0.125,0.25
"<a href=""https://tiktok.com/@qdcieh"" target=""_blank"">@qdcieh</a>",58,6,20.278,0.963,3,54,0,1114.833,57,0.167,0
"<a href=""https://tiktok.com/@qigqtm"" target=""_blank"">@qigqtm</a>",57,15,66.347,0.965,8,120,0,246.2,4.933,0,0
"<a href=""https://tiktok.com/@quincyshop08"" target=""_blank"">@quincyshop08</a>",1,6,53.333,0.929,2,18,0,3334,119.333,0.667,11
"<a href=""https://tiktok.com/@reddit.vztwo"" target=""_blank"">@reddit.vztwo</a>",16,6,38.197,0.9,2,20,0,14824.833,131.667,96.833,11.333
"<a href=""https://tiktok.com/@reddit_grayson99"" target=""_blank"">@reddit_grayson99</a>",58,9,19.528,0.948,6,81,0,1331.778,71.111,0.222,0.111
"<a href=""https://tiktok.com/@reddit_hunt"" target=""_blank"">@reddit_hunt</a>",58,6,18.981,1,3,54,0,695.5,50.667,0,0
"<a href=""https://tiktok.com/@redditpov6"" target=""_blank"">@redditpov6</a>",29,9,53.308,1,1,13,0,19029.778,248.444,2.333,19.667
"<a href=""https://tiktok.com/@refine74"" target=""_blank"">@refine74</a>",76,9,38.978,0.917,2,28,0,1096.111,117.889,0.778,0.444
"<a href=""https://tiktok.com/@rfgfghf1"" target=""_blank"">@rfgfghf1</a>",91,8,62.216,0.944,3,39,0,22133.25,120.75,3.125,0.875
"<a href=""https://tiktok.com/@rohingyao"" target=""_blank"">@rohingyao</a>",41,10,44.351,0.877,7,72,0,3585.3,178.8,1.125,2.3
"<a href=""https://tiktok.com/@rosacasey65"" target=""_blank"">@rosacasey65</a>",35,10,51.161,0.967,3,31,0,1621.8,83.1,2.4,0.9
"<a href=""https://tiktok.com/@rosantspssu"" target=""_blank"">@rosantspssu</a>",44,7,70,0.857,1,9,0,4465.375,146.375,1.167,3.375
"<a href=""https://tiktok.com/@roselent02103"" target=""_blank"">@roselent02103</a>",77,6,26.552,0.905,3,29,0,580.667,8.667,0.167,0.5
"<a href=""https://tiktok.com/@sasapco"" target=""_blank"">@sasapco</a>",41,8,43.294,0.857,2,19,0,2337.667,176.222,0.857,1.111
"<a href=""https://tiktok.com/@scqsxg"" target=""_blank"">@scqsxg</a>",66,10,55.75,0.917,2,26,0,1408,36.4,0.3,0.3
"<a href=""https://tiktok.com/@sdsdyou"" target=""_blank"">@sdsdyou</a>",41,8,48.71,0.952,3,30,0,5239.125,262.125,2.5,1.875
"<a href=""https://tiktok.com/@sharleen.howard"" target=""_blank"">@sharleen.howard</a>",4,7,47.889,1,1,9,0,14434.286,409.571,2.429,84.571
"<a href=""https://tiktok.com/@shfjjg4"" target=""_blank"">@shfjjg4</a>",30,5,27.778,1,1,9,0,863.4,17.2,0.6,0.6
"<a href=""https://tiktok.com/@shgj33"" target=""_blank"">@shgj33</a>",5,8,68.611,1,2,21,0,2102.625,64.25,0,0.125
"<a href=""https://tiktok.com/@shuj977"" target=""_blank"">@shuj977</a>",17,8,49.349,0.889,2,25,0,834.625,38.75,0.375,0.125
"<a href=""https://tiktok.com/@shuy742"" target=""_blank"">@shuy742</a>",18,10,48.017,0.917,4,95,0,794.6,12.8,0.3,0.1
"<a href=""https://tiktok.com/@sidjjd79"" target=""_blank"">@sidjjd79</a>",24,8,57.326,0.95,2,23,0,870.375,31.75,0.375,0
"<a href=""https://tiktok.com/@skgetbys2egi6e"" target=""_blank"">@skgetbys2egi6e</a>",88,6,32.358,0.938,4,44,0,1020.667,34.667,4.167,10.167
"<a href=""https://tiktok.com/@snoshsj"" target=""_blank"">@snoshsj</a>",77,6,30.292,0.889,2,24,0,1014.833,49.833,0,0.333
"<a href=""https://tiktok.com/@sqifhw"" target=""_blank"">@sqifhw</a>",57,12,70.606,0.883,5,91,0,1122.067,24.533,0.2,0.133
"<a href=""https://tiktok.com/@stoyouh"" target=""_blank"">@stoyouh</a>",41,10,46.478,0.808,5,51,0,2681.5,145.7,3.25,4.6
"<a href=""https://tiktok.com/@sug7994"" target=""_blank"">@sug7994</a>",18,12,47.977,0.896,4,94,0,712.75,18.417,0,0.083
"<a href=""https://tiktok.com/@sumroo.786"" target=""_blank"">@sumroo.786</a>",49,12,86.939,0.944,2,74,0,886.833,127.167,5.833,5.75
"<a href=""https://tiktok.com/@sun.lilym"" target=""_blank"">@sun.lilym</a>",54,8,39.333,0.75,1,9,0,1861.556,45.222,0.667,0.444
"<a href=""https://tiktok.com/@sunnybarrows"" target=""_blank"">@sunnybarrows</a>",88,5,33.867,0.875,3,30,0,1527.6,52.4,1.2,2.2
"<a href=""https://tiktok.com/@susv0936"" target=""_blank"">@susv0936</a>",62,13,72.318,0.889,1,22,0,781.6,31.733,0.267,0.133
"<a href=""https://tiktok.com/@svpmrjwfqvu2oj"" target=""_blank"">@svpmrjwfqvu2oj</a>",13,5,35.8,0.8,1,10,0,1014,44.2,2.2,7
"<a href=""https://tiktok.com/@sweet_driver120"" target=""_blank"">@sweet_driver120</a>",47,6,68.3,0.571,1,10,0,3598.111,289.667,23.222,5.833
"<a href=""https://tiktok.com/@tamto27"" target=""_blank"">@tamto27</a>",36,6,35.727,0.857,1,11,0,498,7.333,2.167,2
"<a href=""https://tiktok.com/@tetel4962"" target=""_blank"">@tetel4962</a>",62,14,83.464,0.917,2,23,0,454,11.071,0.429,0.143
"<a href=""https://tiktok.com/@text.fc"" target=""_blank"">@text.fc</a>",41,8,54.2,0.857,1,10,0,4482.5,187.5,7.714,2.375
"<a href=""https://tiktok.com/@texthsg"" target=""_blank"">@texthsg</a>",45,8,59.064,1,2,21,0,3678.125,199.625,3.286,0.875
"<a href=""https://tiktok.com/@texting592"" target=""_blank"">@texting592</a>",29,6,53.308,1,1,13,0,3460.833,33.667,1.5,2.833
"<a href=""https://tiktok.com/@thalrn"" target=""_blank"">@thalrn</a>",69,8,72.556,1,1,9,0,7009.5,257.875,2.625,2.125
"<a href=""https://tiktok.com/@tiffanystory8"" target=""_blank"">@tiffanystory8</a>",44,7,62,0.866,2,19,0,24960.25,485,13,10.75
"<a href=""https://tiktok.com/@tiwakp1"" target=""_blank"">@tiwakp1</a>",57,11,69.536,0.972,4,57,0,545.364,18.364,0.182,0.182
"<a href=""https://tiktok.com/@tk168877jd0"" target=""_blank"">@tk168877jd0</a>",10,6,25.5,0.857,1,10,0,3452.5,94.333,2,3.5
"<a href=""https://tiktok.com/@todaysfriendshow4"" target=""_blank"">@todaysfriendshow4</a>",18,11,51.858,0.867,4,93,0,2994.818,55.273,1.545,0.636
"<a href=""https://tiktok.com/@toma.rimi"" target=""_blank"">@toma.rimi</a>",20,6,40.179,1,2,29,0,2811.333,40.667,0.333,0
"<a href=""https://tiktok.com/@touab4277"" target=""_blank"">@touab4277</a>",80,9,44.2,1,2,20,0,1429.889,51.889,0.556,0.222
"<a href=""https://tiktok.com/@tudysrud"" target=""_blank"">@tudysrud</a>",74,8,40.9,0.875,1,10,0,1150.5,32.5,0.5,0.125
"<a href=""https://tiktok.com/@tugx2917"" target=""_blank"">@tugx2917</a>",62,15,69.478,0.939,3,38,0.001,337.933,12.133,0.067,0.267
"<a href=""https://tiktok.com/@ubhutfrx"" target=""_blank"">@ubhutfrx</a>",1,9,53.93,0.944,4,44,0,1594.556,86.667,0.667,4.667
"<a href=""https://tiktok.com/@ubpnwixo9j2jck"" target=""_blank"">@ubpnwixo9j2jck</a>",10,6,25.5,0.857,1,10,0,1127.833,50,3,4.5
"<a href=""https://tiktok.com/@uehjkb3487"" target=""_blank"">@uehjkb3487</a>",13,6,77.1,0.817,2,20,0,11694.167,189.667,3,3
"<a href=""https://tiktok.com/@ufsc8075"" target=""_blank"">@ufsc8075</a>",59,15,61.731,0.858,4,84,0,1217.4,47.4,0.4,1
"<a href=""https://tiktok.com/@ujnpmvrmnklnilutge"" target=""_blank"">@ujnpmvrmnklnilutge</a>",48,6,36.2,0.857,1,10,0,3920.75,180.625,5.25,34.625
"<a href=""https://tiktok.com/@ujrrrsq"" target=""_blank"">@ujrrrsq</a>",57,9,61.163,0.967,5,75,0,291.444,9.667,0,0
"<a href=""https://tiktok.com/@ukfee8"" target=""_blank"">@ukfee8</a>",84,6,69.9,0.833,1,10,0,1441.4,31.5,0.1,0.3
"<a href=""https://tiktok.com/@ulrikesteuber"" target=""_blank"">@ulrikesteuber</a>",9,9,50.454,0.944,4,43,0,840.444,18.333,1,2.667
"<a href=""https://tiktok.com/@uqmlmv"" target=""_blank"">@uqmlmv</a>",70,9,30.455,1,2,25,0,889.333,47.556,0.222,0
"<a href=""https://tiktok.com/@urdu9708"" target=""_blank"">@urdu9708</a>",59,12,55.861,0.919,2,63,0,988.071,45.857,0.214,0.643
"<a href=""https://tiktok.com/@user16909390140293"" target=""_blank"">@user16909390140293</a>",42,9,70.083,0.929,2,21,0,651.4,16.467,0.083,0
"<a href=""https://tiktok.com/@user19468614708518"" target=""_blank"">@user19468614708518</a>",22,8,49.333,0.889,1,12,0,2353.125,46.75,0.875,4.75
"<a href=""https://tiktok.com/@user2268806570260"" target=""_blank"">@user2268806570260</a>",3,8,47.111,0.889,1,9,0,2857.125,94.5,0.625,0.875
"<a href=""https://tiktok.com/@user2903556969068"" target=""_blank"">@user2903556969068</a>",21,7,61.053,0.881,5,49,0,1140.143,23.857,1.571,2
"<a href=""https://tiktok.com/@user2920462956526"" target=""_blank"">@user2920462956526</a>",23,8,41.5,1,1,12,0,2530.875,34.25,0.75,2.5
"<a href=""https://tiktok.com/@user2932993437321"" target=""_blank"">@user2932993437321</a>",21,8,63.324,0.896,5,55,0,1557.875,41.375,0.25,1.25
"<a href=""https://tiktok.com/@user3154950400581"" target=""_blank"">@user3154950400581</a>",34,10,58.509,0.923,4,53,0,1382.2,107.3,1.5,0.8
"<a href=""https://tiktok.com/@user33450120083591"" target=""_blank"">@user33450120083591</a>",57,9,59.391,0.833,3,34,0.001,409.857,10.929,0.071,0.143
"<a href=""https://tiktok.com/@user3358147717443"" target=""_blank"">@user3358147717443</a>",8,10,55.667,1,3,27,0,4679.2,101.1,1.9,0.6
"<a href=""https://tiktok.com/@user386963311513"" target=""_blank"">@user386963311513</a>",21,8,57.3,0.873,4,44,0,1157.25,13.5,0.75,2.875
"<a href=""https://tiktok.com/@user4181021201798"" target=""_blank"">@user4181021201798</a>",21,8,53.728,0.836,5,53,0,1419.5,25.375,0.25,1.5
"<a href=""https://tiktok.com/@user50065457091245"" target=""_blank"">@user50065457091245</a>",22,8,59,1,1,11,0,1608.75,39.625,1,2.625
"<a href=""https://tiktok.com/@user5107401810761"" target=""_blank"">@user5107401810761</a>",13,6,45.883,0.958,4,46,0,937,46.167,1,3
"<a href=""https://tiktok.com/@user5626060056906"" target=""_blank"">@user5626060056906</a>",1,10,62.853,0.869,9,92,0,2886.1,177.7,2.8,7.8
"<a href=""https://tiktok.com/@user5856382575116"" target=""_blank"">@user5856382575116</a>",83,8,50.95,1,2,20,0,2056.75,119.875,1.375,0.375
"<a href=""https://tiktok.com/@user59010441107517"" target=""_blank"">@user59010441107517</a>",22,8,54.167,0.944,2,23,0,2677.625,40,0.375,3.125
"<a href=""https://tiktok.com/@user6186701630842"" target=""_blank"">@user6186701630842</a>",21,8,51.921,0.933,5,60,0,1387.75,44.125,1.125,3.625
"<a href=""https://tiktok.com/@user65533709618068"" target=""_blank"">@user65533709618068</a>",3,8,47.111,0.889,1,9,0,1284.875,71.375,0.625,0
"<a href=""https://tiktok.com/@user6922385284275"" target=""_blank"">@user6922385284275</a>",1,8,53.109,0.893,5,51,0,2297.75,76.25,1.5,1.25
"<a href=""https://tiktok.com/@user7166160034825"" target=""_blank"">@user7166160034825</a>",23,7,41.5,1,1,12,0,2595.571,41.571,0.429,3.143
"<a href=""https://tiktok.com/@user7605976152392"" target=""_blank"">@user7605976152392</a>",4,8,47.889,1,1,9,0,2325.125,75.25,1.625,10.125
"<a href=""https://tiktok.com/@user7623302261329"" target=""_blank"">@user7623302261329</a>",33,6,58.231,1,1,13,0,296,7,0.167,0
"<a href=""https://tiktok.com/@user8653602093025"" target=""_blank"">@user8653602093025</a>",21,8,60.756,0.877,4,45,0,1578.125,50.125,0.25,2.375
"<a href=""https://tiktok.com/@user8794483655797"" target=""_blank"">@user8794483655797</a>",21,7,59.229,0.944,2,24,0,2102.571,36.571,0.143,3.143
"<a href=""https://tiktok.com/@user9660772417487"" target=""_blank"">@user9660772417487</a>",86,9,49.943,1,2,23,0,4350.889,98.889,0.556,1.111
"<a href=""https://tiktok.com/@user9724456321051"" target=""_blank"">@user9724456321051</a>",6,6,49.5,1,1,12,0,2576.5,85.667,0.833,0.333
"<a href=""https://tiktok.com/@user9792711952496"" target=""_blank"">@user9792711952496</a>",83,6,56.55,1,2,20,0,1060.5,57.333,0.5,0.333
"<a href=""https://tiktok.com/@username.1234615"" target=""_blank"">@username.1234615</a>",53,5,92.182,0.714,1,11,0,2114.833,89.25,6.75,2.75
"<a href=""https://tiktok.com/@username.123467897"" target=""_blank"">@username.123467897</a>",49,16,85.217,0.736,3,78,0,62.526,8.474,1.579,0.211
"<a href=""https://tiktok.com/@username.12365478"" target=""_blank"">@username.12365478</a>",53,8,92.182,0.714,1,11,0,1434.667,53.25,6.083,1
"<a href=""https://tiktok.com/@username.1545465"" target=""_blank"">@username.1545465</a>",50,10,88.462,0.8,1,26,0,57.667,9.583,1,0.083
"<a href=""https://tiktok.com/@username.64754675"" target=""_blank"">@username.64754675</a>",50,12,88.462,0.8,1,26,0,22.667,2.75,0.417,0
"<a href=""https://tiktok.com/@usjg2117"" target=""_blank"">@usjg2117</a>",62,13,75.749,0.933,3,43,0,969.2,43.6,0.333,0.867
"<a href=""https://tiktok.com/@uxudhqnbwmws"" target=""_blank"">@uxudhqnbwmws</a>",87,6,52.222,1,1,9,0,809.333,54.667,1.167,7.167
"<a href=""https://tiktok.com/@v.if77"" target=""_blank"">@v.if77</a>",14,8,50.5,1,2,28,0,1488.444,56.222,0,0.333
"<a href=""https://tiktok.com/@vaigg0"" target=""_blank"">@vaigg0</a>",34,10,58.53,0.955,4,51,0,1546.2,82.6,2.2,5.4
"<a href=""https://tiktok.com/@vdjdidu4"" target=""_blank"">@vdjdidu4</a>",85,9,53.111,0.875,1,9,0,2422.556,77.778,1.667,1.556
"<a href=""https://tiktok.com/@vghf668"" target=""_blank"">@vghf668</a>",15,6,73.615,0.75,1,13,0,1382.25,59.625,0.125,0.375
"<a href=""https://tiktok.com/@video.of38"" target=""_blank"">@video.of38</a>",14,7,60.708,1,2,23,0,1515,35.571,0.571,0.286
"<a href=""https://tiktok.com/@vklwwb3"" target=""_blank"">@vklwwb3</a>",70,8,30.833,1,1,12,0,1574.5,90.5,0.625,0.625
"<a href=""https://tiktok.com/@vshwiy2868"" target=""_blank"">@vshwiy2868</a>",17,9,50.458,0.889,2,23,0,311.2,8.9,0,0
"<a href=""https://tiktok.com/@vxkaw3274"" target=""_blank"">@vxkaw3274</a>",77,9,47.055,0.903,7,78,0,1662.222,59.444,0.444,0.333
"<a href=""https://tiktok.com/@walcs4238"" target=""_blank"">@walcs4238</a>",77,8,44.369,0.927,9,91,0.004,1035.375,24.125,0.5,0.375
"<a href=""https://tiktok.com/@walke.lowe"" target=""_blank"">@walke.lowe</a>",39,6,36.636,0.889,1,11,0,8582.5,102.5,2.333,1.167
"<a href=""https://tiktok.com/@wede35"" target=""_blank"">@wede35</a>",46,13,58.18,0.903,10,165,0,1912.462,54.538,0.385,0.231
"<a href=""https://tiktok.com/@wevbocr"" target=""_blank"">@wevbocr</a>",72,8,26.267,0.917,1,15,0,47340.333,1142.556,6.778,8.111
"<a href=""https://tiktok.com/@wgslhe"" target=""_blank"">@wgslhe</a>",57,14,68.067,0.969,6,136,0,853.667,28.333,0.067,0.533
"<a href=""https://tiktok.com/@wiqg8225"" target=""_blank"">@wiqg8225</a>",62,10,76.712,0.789,2,32,0,286.462,14.385,0.154,0.154
"<a href=""https://tiktok.com/@wive0570"" target=""_blank"">@wive0570</a>",62,15,80.35,0.9,2,26,0,768,21.667,0.133,0.867
"<a href=""https://tiktok.com/@wlack2188"" target=""_blank"">@wlack2188</a>",81,12,51.118,0.772,3,43,0,2670.083,82.917,0.083,0
"<a href=""https://tiktok.com/@wojta.or"" target=""_blank"">@wojta.or</a>",14,8,44.778,1,1,9,0,1467,55.182,0.364,0.091
"<a href=""https://tiktok.com/@wove1579"" target=""_blank"">@wove1579</a>",64,6,61.667,1,4,54,0,97.5,0.833,0,0
"<a href=""https://tiktok.com/@woyaofadacai0"" target=""_blank"">@woyaofadacai0</a>",13,6,61.456,0.878,3,32,0,1746.333,86.333,7.167,1.667
"<a href=""https://tiktok.com/@wudtm4288"" target=""_blank"">@wudtm4288</a>",77,8,39.778,1,1,9,0,1585.25,117.375,0.5,1
"<a href=""https://tiktok.com/@wuge2639"" target=""_blank"">@wuge2639</a>",62,12,70.614,1,2,34,0,299.786,10.429,0.071,0.143
"<a href=""https://tiktok.com/@wys88511u0t"" target=""_blank"">@wys88511u0t</a>",45,7,49.4,1,1,10,0,3242.889,177.222,5.429,6.667
"<a href=""https://tiktok.com/@xbhyudvqeq2lki"" target=""_blank"">@xbhyudvqeq2lki</a>",13,6,39.6,0.833,2,20,0,1032,40.333,3.5,9.833
"<a href=""https://tiktok.com/@xchinaqueen3"" target=""_blank"">@xchinaqueen3</a>",51,6,90.235,1,1,17,0,1774.875,187.75,8.75,11.125
"<a href=""https://tiktok.com/@xchinaqueen4"" target=""_blank"">@xchinaqueen4</a>",51,6,90.235,1,1,17,0,3.833,0,0,0
"<a href=""https://tiktok.com/@xchinaqueen5"" target=""_blank"">@xchinaqueen5</a>",52,12,87.44,1,2,81,0,8204.667,781.833,29.5,56.083
"<a href=""https://tiktok.com/@xchinaqueen6"" target=""_blank"">@xchinaqueen6</a>",52,12,84.073,1,1,55,0,14.5,2.167,0.083,0.083
"<a href=""https://tiktok.com/@xiaoheiyang11"" target=""_blank"">@xiaoheiyang11</a>",12,5,62.772,0.845,2,19,0,1624,75.4,1.6,0.6
"<a href=""https://tiktok.com/@xihz9643"" target=""_blank"">@xihz9643</a>",60,8,52.433,0.958,3,55,0,391.2,17.4,0.1,0.5
"<a href=""https://tiktok.com/@xlhxhlxlh8"" target=""_blank"">@xlhxhlxlh8</a>",77,4,50.419,0.908,4,38,0,817.25,18.25,0.25,0
"<a href=""https://tiktok.com/@xztnkv3"" target=""_blank"">@xztnkv3</a>",70,9,30.077,1,1,13,0,1555.667,85.889,1.667,0.778
"<a href=""https://tiktok.com/@yang_reddit"" target=""_blank"">@yang_reddit</a>",83,9,51.733,1,3,33,0,1168,89.778,1.333,0.333
"<a href=""https://tiktok.com/@yelm.boor"" target=""_blank"">@yelm.boor</a>",39,7,60.091,0.8,1,11,0,2434.143,41.429,1,0.429
"<a href=""https://tiktok.com/@yiitsukb"" target=""_blank"">@yiitsukb</a>",35,9,63.122,0.972,3,34,0,21294,825.7,13,2.9
"<a href=""https://tiktok.com/@yourfavtwins0"" target=""_blank"">@yourfavtwins0</a>",77,7,62.444,0.845,2,18,0,1063.5,55.125,0,0
"<a href=""https://tiktok.com/@yowbc4277"" target=""_blank"">@yowbc4277</a>",80,15,53.684,0.963,3,32,0,2536.533,59.867,0.333,0.667
"<a href=""https://tiktok.com/@ysishhd7"" target=""_blank"">@ysishhd7</a>",34,9,59.926,0.964,2,27,0,964.333,69.667,1.333,0.556
"<a href=""https://tiktok.com/@ytrq8081"" target=""_blank"">@ytrq8081</a>",63,12,77.775,0.95,2,54,0,1470.533,61.8,0.333,0.333
"<a href=""https://tiktok.com/@yuli22309"" target=""_blank"">@yuli22309</a>",9,9,55.762,0.958,3,34,0,583.222,11.111,1.333,1.333
"<a href=""https://tiktok.com/@zafke3177"" target=""_blank"">@zafke3177</a>",82,7,42.889,1,1,9,0,2566.429,59.857,0,0
"<a href=""https://tiktok.com/@zbdkc3664"" target=""_blank"">@zbdkc3664</a>",77,10,47.619,0.948,6,65,0,836.182,28.091,0.545,0.182
"<a href=""https://tiktok.com/@zjdoa3719"" target=""_blank"">@zjdoa3719</a>",77,8,30.903,0.941,4,47,0,958.125,46.5,1,0.125
"<a href=""https://tiktok.com/@zsdx184"" target=""_blank"">@zsdx184</a>",46,14,55.87,0.908,10,213,0,7242.429,102.071,0.643,0.643
"<a href=""https://tiktok.com/@ztctmxt"" target=""_blank"">@ztctmxt</a>",72,10,26.267,0.917,1,15,0,1452.3,110,0.9,0
"<a href=""https://tiktok.com/@zvdkadppdgan"" target=""_blank"">@zvdkadppdgan</a>",88,6,47.917,0.929,2,19,0,2713.333,92.333,5.333,10.667
"<a href=""https://tiktok.com/@zxvb736"" target=""_blank"">@zxvb736</a>",46,15,54.209,0.919,10,234,0,6179.267,75.533,0.6,0.533
