"Network","Number of Accounts","Network Density","Network Diameter","Clustering Coefficient","Avg Views","Avg Likes","Avg Comments","Avg Shares","Member Accounts"
1,17,0.272,40,0.474,4294.147,127.867,1.4,3.313,"ubhutfrx, irdc042, be.jkigv, jdpdosj, hcodifb, jdpxorjf, jfufrehcdh, chantalkusch, luisina.riihimaki, user5626060056906, jsosjxj8, jtcytxyzey, krug011, bmc12655, fughf21, quincyshop08, user6922385284275"
2,4,0.833,21,0.75,4120.658,113.632,1.368,2,"aedyckctu, fauy8466, aedhdici, jfdd653"
3,2,1,9,0,2071,82.938,0.625,0.438,"user2268806570260, user65533709618068"
4,2,1,9,0,7976.067,231.267,2,44.867,"sharleen.howard, user7605976152392"
5,7,0.381,30,0.4,2700.055,90.582,0.945,2.164,"fcjjv86, lxjjc, fduic5, aedhdjcoof, aedgslpxjx, gduhx01, shgj33"
6,2,1,12,0,1722.333,62.667,1,0.167,"cbjf05, user9724456321051"
7,5,0.6,23,0.6,18985.66,262.064,2.574,5.936,"aed3660, aed75787, debran.oxonrp00, aeda1689, hoeg.huan"
8,4,0.5,18,0,2165.923,78.821,1.333,0.949,"edelberto.mahendr, aedgkochc, aedfm3, user3358147717443"
9,11,0.255,60,0.48,915.49,22.058,1.346,1.846,"jann.jacobs, nfyk.emma, marisol.rath, onikacaylie, ulrikesteuber, lawrenceharvey54, jeffrey.hettinger, camilo.austin5, marjoriecarrie0525, mong.khuu, yuli22309"
10,2,1,10,0,2290.167,72.167,2.5,4,"tk168877jd0, ubpnwixo9j2jck"
11,2,1,10,0,2173.636,90.909,4.091,3.545,"ancmleilrbge, labubushiping51"
12,5,0.6,29,0.6,53278.345,3180.586,88.966,275,"baoqianwan11, labubu5252, xiaoheiyang11, huoqilaiya, baobaiwan888"
13,13,0.244,56,0.4,1967.09,66.679,2.474,4.679,"fgjbgf4688, uehjkb3487, svpmrjwfqvu2oj, jfodxgajsjijpd, bxecxotdjfrvi, woyaofadacai0, gvcchh3457, user5107401810761, hhgghj8866, cbnhf5680, okhgf567, ihgg5672, xbhyudvqeq2lki"
14,7,0.381,50,0.5,1423.152,48.682,0.515,1.909,"hdbjx72, v.if77, fhvf210, j.uv586, berez.paulo, video.of38, wojta.or"
15,2,1,13,0,1062.412,46.824,0.353,0.235,"bsyg2865, vghf668"
16,3,0.667,20,0,5436.3,63.55,29.1,3.5,"c.ts24, cainima888, reddit.vztwo"
17,3,1,13,1,641.37,21.222,0.148,0.037,"shuj977, vshwiy2868, bsjj8797"
18,5,1,26,1,1270.16,27.96,0.74,0.48,"carbloggera, bsih75, sug7994, shuy742, todaysfriendshow4"
19,2,1,10,0,1318.4,32.533,0.267,0.4,"hsbuz8, pxibi018"
20,3,1,15,1,2854.688,36.375,0.312,0.188,"fhuc22, omi.poni0, toma.rimi"
21,7,0.714,26,0.736,1472.278,33.685,0.611,2.389,"user4181021201798, user6186701630842, user8653602093025, user2932993437321, user386963311513, user2903556969068, user8794483655797"
22,3,0.667,23,0,2213.167,42.125,0.75,3.5,"user50065457091245, user59010441107517, user19468614708518"
23,2,1,12,0,2561.067,37.667,0.6,2.8,"user7166160034825, user2920462956526"
24,6,0.6,22,0.545,974.958,40.042,0.167,0.542,"funny.podcasttop, hotcool586, dadd.dhh7, ojbkhhh2, sidjjd79, jg.vj19"
25,2,1,10,0,732.429,29.429,0.071,0.643,"buslmigf7dn, bsbwphji4xu"
26,3,1,13,1,954.85,30.5,0.05,0.35,"guoonn.hkp, etuo.uop, fujgds.guio"
27,2,1,10,0,718.8,13.9,0.3,2.7,"leila.fernandes.c2, amanda.silva.barr4"
28,2,1,9,0,1101.417,10,0.25,0.417,"kfkojshjuq7vq7, imlofwwl4qcrwo"
29,2,1,13,0,12802.2,162.533,2,12.933,"redditpov6, texting592"
30,2,1,9,0,923.3,25.4,0.6,0.3,"jjdjdd911, shfjjg4"
31,2,1,9,0,817.3,47.2,0.5,0.2,"cjgbkbl, hajhsh12"
32,2,1,9,0,1426.8,62.7,0,0,"huanlyg, gjgkho8"
33,3,0.667,22,0,78734.667,3702.667,15.8,16.867,"user7623302261329, g86bavbbw, fygdjasnu0"
34,6,0.667,32,0.692,1301.948,71.966,1.293,1.276,"ididu034, user3154950400581, vaigg0, chdg050, gfjch34, ysishhd7"
35,4,1,13,1,6690.026,275.526,6.658,1.553,"rosacasey65, prtnr8, yiitsukb, gutieyy7"
36,2,1,11,0,1376.444,23.611,1.611,2.444,"ongoc.mrm, tamto27"
37,2,1,9,0,12191.211,206.421,5.737,4.789,"niyebuya, dddgggg63"
38,2,1,9,0,5130,70.4,2.267,1.6,"cxd.shd, phong.ngoc76"
39,3,0.667,22,0,5461.286,82.524,2.333,1.143,"cuc.thu243, walke.lowe, yelm.boor"
40,2,1,9,0,5095.25,177.417,1,2.167,"kkj00006, kkj00008"
41,9,0.472,34,0.581,3390.159,187.415,3.727,2.707,"stoyouh, dtkwod, sdsdyou, rohingyao, huiodjio, landscape5670, cagnhd, sasapco, text.fc"
42,3,1,17,1,1574.973,17.216,0.241,0.081,"lin689668987, fhkundshunk, user16909390140293"
43,3,0.667,19,0,10323.125,207.375,3,5.125,"eudazpstrvf, danaobenkuil, hygge8662"
44,3,0.667,19,0,10911.708,239,7.111,7.167,"fugfuj33, rosantspssu, tiffanystory8"
45,3,0.667,21,0,3402.875,164.792,3.6,4.792,"hec88551nva, texthsg, wys88511u0t"
46,11,1,29,1,10499.04,194.44,1.153,3.407,"aed0267, jajsjsn56, wede35, jvtvc3, jvhb240, iiuu553, aed2750, dthh824, zsdx184, cfdc18, zxvb736"
47,2,1,10,0,2160.9,173.867,13.933,3.5,"jksjbtuupyf, sweet_driver120"
48,2,1,10,0,3870.2,156.133,3.6,23.533,"hmwnajkihjcirrrsyw, ujnpmvrmnklnilutge"
49,5,0.5,67,0.429,1217.457,69.593,3.58,1.63,"beaty_queen_22, china_cutegirl22, sumroo.786, chuma_g1, username.123467897"
50,2,1,26,0,40.167,6.167,0.708,0.042,"username.1545465, username.64754675"
51,2,1,17,0,1015.857,107.286,5,6.357,"xchinaqueen3, xchinaqueen4"
52,3,0.667,81,0,3289.533,313.967,11.833,22.467,"xchinaqueen5, hsgshqdrf5p, xchinaqueen6"
53,2,1,11,0,1774.75,71.25,6.417,1.875,"username.1234615, username.12365478"
54,3,0.667,19,0,2714.296,36.778,0.963,0.593,"juliosalazar229, ilges.estelwei, sun.lilym"
55,2,1,10,0,981.056,30.667,0.611,1.889,"carlos.alberto.al886, aseng.haymong"
56,4,0.5,31,0,157.824,3.235,0.059,0.706,"fgffvp, kfbfol, ncaqusztvgl, klsier"
57,27,0.185,86,0.469,631.271,18.229,0.076,0.174,"qigqtm, iupkvg, fsaftn, arffug, hdmjwo1, puhrra, bpgarp, pbpktw, eqmhqf, idpeoc, bipiqo, hltuoq, hidouo, lhqitc, tiwakp1, ujrrrsq, prbnac, echrca, ojkmss, objlhmtjemu, fjmphu, ntpblw, gclqse, dtbtcc8, user33450120083591, sqifhw, wgslhe"
58,7,0.571,27,0.727,1168.868,62.779,0.191,0.309,"ciojkb, khfbou, hojdmc, reddit_grayson99, kubjij, qdcieh, reddit_hunt"
59,7,0.619,54,0.692,1666.922,54.437,0.233,0.65,"cjur6297, fkir2290, hehs5037, ufsc8075, cjire9104, dhhi6645, urdu9708"
60,4,0.833,36,0.75,2051.976,55.69,0.286,1.071,"gjguq6894, fnnf8890, clirr5282, xihz9643"
61,2,1,15,0,1164.091,40.455,1.364,0.182,"coirf88774, courr1227"
62,13,0.192,78,0.375,593.957,21.064,0.314,0.362,"givi0331, usjg2117, isgs5669, isce0690, bkot6010, isge0853, tugx2917, susv0936, fhxk1941, tetel4962, wiqg8225, wive0570, wuge2639"
63,6,0.733,55,0.75,1405.414,47.207,0.483,0.506,"fhda78402, dijx3903, bvoo3130, ghhj8554, ytrq8081, okay11732"
64,7,0.667,33,0.652,974.638,41.29,0.362,0.478,"drgd8391, dygd8923, djwf2904, eiej4325, jkuy0534, jccj44506, wove1579"
65,6,0.733,18,0.75,688.697,32,0.788,0.121,"fiurf9599, hgsa33741, gits5263, hdha0995, jiqw8344, jwhe5192"
66,5,0.4,48,0,2076.178,42.578,0.511,0.222,"hcuwiea, olrsyrt7, scqsxg, gqvgpl, espqrt"
67,2,1,9,0,1081.053,44.579,0.474,0.053,"bwfrgk, nfeicg"
68,2,1,12,0,724.95,37,0.4,0.25,"njwhtm, gzebfdt"
69,2,1,9,0,4463.8,155,1.933,1.133,"thalrn, beyeyb4"
70,3,0.667,25,0,1330.808,74.038,0.846,0.462,"vklwwb3, uqmlmv, xztnkv3"
71,2,1,14,0,1392.176,75.294,1.235,0.765,"maemeg7, nqkwvc"
72,2,1,15,0,23188.737,599.105,3.684,3.842,"wevbocr, ztctmxt"
73,3,1,14,1,8788.538,392.077,3.769,1.308,"leoraf9, nhllos8, fteecfs"
74,2,1,10,0,1274.938,87.438,0.25,0.25,"gdjsys526252, tudysrud"
75,3,0.667,24,0,14264.826,206.739,6.13,0.913,"ljpjvh, hwvrok, oljclk"
76,3,1,18,1,15920.071,411.714,5.107,2.393,"pdilul, htjzwe4, refine74"
77,32,0.167,69,0.657,2611.764,130.413,0.86,0.636,"yourfavtwins0, hxjdsj34, djisks96, snoshsj, hzhdhs, duuff30, ncjfhyrsdj, bxjxhxt, acsge1347, cnatk3189, ncsfo3287, cjdjfcn, jshszh6382, avelina.asucen, kacbr2774, g.in.cgn, hdvhds4, bxjzjsns0, bxuzba, roselent02103, wudtm4288, walcs4238, zbdkc3664, avcms3284, vxkaw3274, abxke8499, ejanc3177, nxpsa4288, 1yrogls, ndork4782, xlhxhlxlh8, zjdoa3719"
78,2,1,16,0,12178.316,294.474,4.105,2.684,"bixukf, evfdmzl"
79,2,1,20,0,93175.95,4806.85,13.9,40.05,"awmilke, kdywnty"
80,5,0.5,31,0.5,1904.057,64.151,0.547,0.264,"touab4277, baxor3828, bakaf3280, 3mbfklb, yowbc4277"
81,4,0.833,25,0.75,2008.773,55.545,0.136,0.114,"anxdo3188, 1qwdjjd, cbske2477, wlack2188"
82,2,1,9,0,1589,44.077,0,0,"axflw3188, zafke3177"
83,5,0.5,32,0.5,1494.073,96.854,1.146,0.634,"kendjffg, dhdjuehiehrh, yang_reddit, user5856382575116, user9792711952496"
84,3,0.667,22,0,1289.036,22.036,0.143,0.571,"hfchkk26, kduudk6, ukfee8"
85,2,1,9,0,3498.941,102.647,1.824,1.882,"gdvcjh84747, vdjdidu4"
86,3,0.667,23,0,11291.893,429.357,4.607,6.107,"hdicok57, jox.kj, user9660772417487"
87,2,1,9,0,769.083,48.833,1.333,5.167,"hryfeucmuql, uxudhqnbwmws"
88,6,0.733,20,0.75,1836.4,72.171,3.657,6.314,"pfigfwdyh2huxc, nmkv7803, hjbfgj67, skgetbys2egi6e, sunnybarrows, zvdkadppdgan"
89,2,1,14,0,1461.45,30.4,1.2,1.8,"gabriele.weber5, kellie.perry2"
90,3,1,14,1,2523.222,18.556,0.778,0.278,"dheelquiet, dukes.cadenhead, onel.ellamae"
91,4,0.667,29,0.6,18910.344,131.031,2.688,1.312,"huydhfhyyxd, loertschercalliso, mariencassano, rfgfghf1"
