"Account","Network","Unique Shares","Avg Time Between Shares (sec)","Edge Symmetry Score","Degree","Strength","Betweenness","Avg Views","Avg Likes","Avg Comments","Avg Shares"
"<a href=""https://tiktok.com/@addbao7878"" target=""_blank"">@addbao7878</a>",1,6,14.39,0.9,1,18,0,2932,22,0,0
"<a href=""https://tiktok.com/@bimaphxu"" target=""_blank"">@bimaphxu</a>",2,6,59.82,1,1,17,0,926,30,0,0
"<a href=""https://tiktok.com/@bogjvh"" target=""_blank"">@bogjvh</a>",12,5,57.82,1,1,11,0,1819,62,0,1
"<a href=""https://tiktok.com/@ckghjjzg"" target=""_blank"">@ckghjjzg</a>",8,6,83.25,1,1,16,0,961,9,0,0
"<a href=""https://tiktok.com/@eapxsl73604"" target=""_blank"">@eapxsl73604</a>",3,4,99.08,0.8,1,13,0,938,4,0,0
"<a href=""https://tiktok.com/@fly46167"" target=""_blank"">@fly46167</a>",11,6,42.25,1,2,36,0,662,3,0,0
"<a href=""https://tiktok.com/@hhhh787804"" target=""_blank"">@hhhh787804</a>",1,6,14.39,0.9,1,18,0,555,9,0,0
"<a href=""https://tiktok.com/@hijjk104"" target=""_blank"">@hijjk104</a>",10,6,40.39,0.9,1,18,0,1980,10,0,0
"<a href=""https://tiktok.com/@mksmkh42612"" target=""_blank"">@mksmkh42612</a>",3,5,99.08,0.8,1,13,0,1336,7,0,0
"<a href=""https://tiktok.com/@pgtiagro"" target=""_blank"">@pgtiagro</a>",8,6,83.25,1,1,16,0,1433,17,0,0
"<a href=""https://tiktok.com/@rsxbwzxf"" target=""_blank"">@rsxbwzxf</a>",2,6,59.82,1,1,17,0,757,17,0,0
"<a href=""https://tiktok.com/@skakahsbs"" target=""_blank"">@skakahsbs</a>",12,6,57.82,1,1,11,0,20213,295,1,2
"<a href=""https://tiktok.com/@user13866749613390"" target=""_blank"">@user13866749613390</a>",9,6,24.36,1,2,36,0,2142,39,1,0
"<a href=""https://tiktok.com/@user1392538538860"" target=""_blank"">@user1392538538860</a>",6,6,37.89,1,2,36,0,2202,20,0,0
"<a href=""https://tiktok.com/@user1655672923020"" target=""_blank"">@user1655672923020</a>",5,12,50.52,0.928,6,116,0.001,1302,23,0,0
"<a href=""https://tiktok.com/@user186815388315"" target=""_blank"">@user186815388315</a>",6,8,42.12,0.917,4,69,0,1493,29,0,0
"<a href=""https://tiktok.com/@user2147955466681"" target=""_blank"">@user2147955466681</a>",4,9,41.12,0.895,2,50,0,1050,35,0,0
"<a href=""https://tiktok.com/@user2752533925867"" target=""_blank"">@user2752533925867</a>",6,6,40.61,0.972,4,69,0,797,17,0,0
"<a href=""https://tiktok.com/@user2902702201250"" target=""_blank"">@user2902702201250</a>",9,6,24.64,1,2,36,0,1172,28,0,0
"<a href=""https://tiktok.com/@user3372561297143"" target=""_blank"">@user3372561297143</a>",11,6,56.67,1,2,36,0,672,11,0,0
"<a href=""https://tiktok.com/@user3399704802070"" target=""_blank"">@user3399704802070</a>",7,5,28.36,0.889,1,11,0,1475,7,0,0
"<a href=""https://tiktok.com/@user3815529460076"" target=""_blank"">@user3815529460076</a>",4,9,47.52,0.895,2,50,0,573,16,0,0
"<a href=""https://tiktok.com/@user3840831842583"" target=""_blank"">@user3840831842583</a>",5,12,68.39,0.921,6,133,0,1297,18,0,0
"<a href=""https://tiktok.com/@user4185990161303"" target=""_blank"">@user4185990161303</a>",6,9,41.35,1,4,78,0,1243,18,0,0
"<a href=""https://tiktok.com/@user4503961859441"" target=""_blank"">@user4503961859441</a>",7,6,28.36,0.889,1,11,0,1411,11,0,1
"<a href=""https://tiktok.com/@user49141232079402"" target=""_blank"">@user49141232079402</a>",6,9,40.09,0.978,5,96,0.003,1197,20,0,0
"<a href=""https://tiktok.com/@user4967199663697"" target=""_blank"">@user4967199663697</a>",5,12,64.7,1,5,80,0.002,1769,25,0,0
"<a href=""https://tiktok.com/@user4994507114863"" target=""_blank"">@user4994507114863</a>",10,6,40.39,0.9,1,18,0,807,3,0,0
"<a href=""https://tiktok.com/@user710495138178"" target=""_blank"">@user710495138178</a>",5,11,61.19,0.824,6,114,0.002,1344,17,0,0
"<a href=""https://tiktok.com/@user7406160207374"" target=""_blank"">@user7406160207374</a>",5,12,60.46,0.862,5,114,0,820,20,0,0
"<a href=""https://tiktok.com/@user75291696174110"" target=""_blank"">@user75291696174110</a>",5,10,68.5,0.827,5,87,0.002,1230,17,0,0
"<a href=""https://tiktok.com/@user8290923196733"" target=""_blank"">@user8290923196733</a>",9,6,24.33,1,2,36,0,894,19,0,0
"<a href=""https://tiktok.com/@user8613587571080"" target=""_blank"">@user8613587571080</a>",4,9,50.64,0.933,2,50,0,1406,44,0,0
"<a href=""https://tiktok.com/@user87304845050708"" target=""_blank"">@user87304845050708</a>",5,12,67.58,0.948,5,104,0,863,12,0,0
"<a href=""https://tiktok.com/@user8731425528153"" target=""_blank"">@user8731425528153</a>",6,9,40.96,0.978,5,96,0.003,929,14,0,0
"<a href=""https://tiktok.com/@yim0828"" target=""_blank"">@yim0828</a>",11,6,47.08,1,2,36,0,796,10,0,0
