"Network","Number of Accounts","Network Density","Network Diameter","Clustering Coefficient","Avg Views","Avg Likes","Avg Comments","Avg Shares","Member Accounts"
"Network 1: Wedding humor and planning anecdotes",2,1,18,NA,1743.75,15.75,0.167,0,"addbao7878, hhhh787804"
"Network 2: ""Conspiracy Theories Linking Healthcare, Pokemon, and Social Media Clues""",2,1,17,NA,858.467,24.8,0,0.333,"bimaphxu, rsxbwzxf"
"Network 3: Wedding humor, planning, and storytelling content for future brides.",2,1,13,NA,1118.636,5.091,0.091,0,"eapxsl73604, mksmkh42612"
"Network 4: ""Pizza Budget Challenges on Food TikTok""",3,1,25,1,1009.519,31.667,0.148,0.037,"user2147955466681, user3815529460076, user8613587571080"
"Network 5: Humorous lifestyle content with podcast and influencer collaborations.",7,0.905,35,0.882,1232.035,18.788,0.024,0.106,"user7406160207374, user3840831842583, user4967199663697, user710495138178, user1655672923020, user87304845050708, user75291696174110"
"Network 6: ""Humorous podcast clips with viral influencer interactions and drama.""",6,0.8,36,0.846,1252.88,19.44,0.06,0.06,"user4185990161303, user2752533925867, user49141232079402, user1392538538860, user186815388315, user8731425528153"
"Network 7: ""Repetitive sensationalized content about Lily Philips' personal life""",2,1,11,NA,1439.909,9.273,0,0.909,"user3399704802070, user4503961859441"
"Network 8: ""School-themed public interviews with repetitive hashtag usage""",2,1,16,NA,1197,13.083,0.083,0,"ckghjjzg, pgtiagro"
"Network 9: ""Public school interviews-focused repetitive TikTok content cluster""",3,1,18,1,1402.722,28.389,0.389,0,"user2902702201250, user13866749613390, user8290923196733"
"Network 10: ""Body image critique and parenting boundaries discussions""",2,1,18,NA,1393.583,6.333,0,0,"user4994507114863, hijjk104"
"Network 11: ""Legal analysis and personal opinion on viral social issues""",3,1,18,1,710.333,7.722,0.167,0.056,"fly46167, user3372561297143, yim0828"
"Network 12: ""Hair transformation tutorials and silver hair dye processes""",2,1,11,NA,13138.385,205.231,0.615,1.692,"bogjvh, skakahsbs"
