"Account","Network","Unique Shares","Avg Time Between Shares (sec)","Edge Symmetry Score","Degree","Strength","Betweenness","Avg Views","Avg Likes","Avg Comments","Avg Shares"
"<a href=""https://tiktok.com/@00b5a784"" target=""_blank"">@00b5a784</a>",29,3,36.611,1,2,18,0,1011.667,32,3.667,0.667
"<a href=""https://tiktok.com/@3c88194e"" target=""_blank"">@3c88194e</a>",29,3,34.167,1,2,18,0,99,2,1.333,0
"<a href=""https://tiktok.com/@3ef2e321"" target=""_blank"">@3ef2e321</a>",29,3,36.556,1,2,18,0,774,14,4.333,0.333
"<a href=""https://tiktok.com/@adgkkpbqy5"" target=""_blank"">@adgkkpbqy5</a>",16,6,57.165,1,2,30,0,3693.333,159.5,8.333,7.667
"<a href=""https://tiktok.com/@aedjdpckd"" target=""_blank"">@aedjdpckd</a>",11,5,59.417,1,1,12,0,854.333,40.167,0.167,0.167
"<a href=""https://tiktok.com/@aeroplane_girl0"" target=""_blank"">@aeroplane_girl0</a>",1,7,107.727,1,1,11,0,274.792,21.375,3.292,1.542
"<a href=""https://tiktok.com/@airplandriver120"" target=""_blank"">@airplandriver120</a>",1,8,107.727,1,1,11,0,8417.056,447.222,31.861,10.083
"<a href=""https://tiktok.com/@ale36470"" target=""_blank"">@ale36470</a>",3,9,35.444,1,1,9,0,8515.444,243.333,5.444,48.778
"<a href=""https://tiktok.com/@ale747743"" target=""_blank"">@ale747743</a>",24,8,37.808,1,6,86,0,1310.375,14.625,0,0.125
"<a href=""https://tiktok.com/@alepm45"" target=""_blank"">@alepm45</a>",25,4,50.833,0.607,2,18,0,10122.75,166,1.25,2.5
"<a href=""https://tiktok.com/@ali186299"" target=""_blank"">@ali186299</a>",24,8,37.329,1,6,86,0,1523,16.375,0.375,0.25
"<a href=""https://tiktok.com/@alijw22"" target=""_blank"">@alijw22</a>",18,3,71.667,1,1,9,0,400.667,1,0,0
"<a href=""https://tiktok.com/@amazing_girl_101"" target=""_blank"">@amazing_girl_101</a>",14,8,88.031,0.889,1,32,0,112.4,12,2.333,0.067
"<a href=""https://tiktok.com/@amazing_video112"" target=""_blank"">@amazing_video112</a>",4,5,47.4,0.8,1,10,0,235.889,12.056,1.333,0.056
"<a href=""https://tiktok.com/@avafind2"" target=""_blank"">@avafind2</a>",22,15,33.867,1,1,15,0,349.368,0.632,0,0.053
"<a href=""https://tiktok.com/@bitg57u7k7"" target=""_blank"">@bitg57u7k7</a>",16,8,55.288,0.917,2,29,0,3882.25,59.375,1.625,0.25
"<a href=""https://tiktok.com/@butgg.butt"" target=""_blank"">@butgg.butt</a>",24,8,36.715,1,6,85,0,3923.25,41.25,0.25,0.375
"<a href=""https://tiktok.com/@buxiangsl"" target=""_blank"">@buxiangsl</a>",3,9,41.889,1,2,18,0,324.889,13,0.889,1.222
"<a href=""https://tiktok.com/@china_deriver_105"" target=""_blank"">@china_deriver_105</a>",15,8,61.35,0.9,1,20,0,3402.5,169.25,14.542,3.292
"<a href=""https://tiktok.com/@china_deriver_109"" target=""_blank"">@china_deriver_109</a>",14,9,88.031,0.889,1,32,0,258.778,33.556,2.833,0
"<a href=""https://tiktok.com/@china_deriver_5"" target=""_blank"">@china_deriver_5</a>",15,8,61.35,0.9,1,20,0,5134.083,207.917,9.667,2.5
"<a href=""https://tiktok.com/@chloe.sanders11"" target=""_blank"">@chloe.sanders11</a>",25,9,72.556,0.694,2,27,0,622.444,11.556,0.111,0.111
"<a href=""https://tiktok.com/@cutebaby_driver120"" target=""_blank"">@cutebaby_driver120</a>",2,9,86.8,1,1,10,0,161,16.833,2.625,3.042
"<a href=""https://tiktok.com/@dc6248"" target=""_blank"">@dc6248</a>",8,8,63.5,1,2,23,0,299.375,2.25,1.25,0
"<a href=""https://tiktok.com/@dgyusdz"" target=""_blank"">@dgyusdz</a>",17,12,73.981,0.756,3,35,0.001,190.917,4.167,0,0.917
"<a href=""https://tiktok.com/@didjxyh"" target=""_blank"">@didjxyh</a>",21,13,47.758,0.929,4,49,0,2032.357,40.786,3.643,0.357
"<a href=""https://tiktok.com/@djgdthh"" target=""_blank"">@djgdthh</a>",21,14,51.168,0.958,4,67,0,5337,57.2,3.533,0.4
"<a href=""https://tiktok.com/@dncss21"" target=""_blank"">@dncss21</a>",6,15,49.634,0.895,9,171,0,348.8,9.533,0,0.133
"<a href=""https://tiktok.com/@duxqifrnrnw"" target=""_blank"">@duxqifrnrnw</a>",24,3,34.444,1,6,54,0,4681.333,53.333,0,0.667
"<a href=""https://tiktok.com/@elenafind"" target=""_blank"">@elenafind</a>",23,23,33.957,0.957,1,23,0,656.385,2.462,0,0.154
"<a href=""https://tiktok.com/@f.cb83"" target=""_blank"">@f.cb83</a>",26,6,70.667,1,1,9,0,535.5,7.667,0,0
"<a href=""https://tiktok.com/@f.jh51"" target=""_blank"">@f.jh51</a>",26,6,34.583,0.875,1,12,0,2141.667,46.5,0.667,1.333
"<a href=""https://tiktok.com/@fidgyf88"" target=""_blank"">@fidgyf88</a>",21,12,52.09,0.979,4,68,0,746.333,13.083,1.167,0.25
"<a href=""https://tiktok.com/@flsijemeoueb"" target=""_blank"">@flsijemeoueb</a>",27,6,50.25,1,1,12,0,1224.333,15.833,0,0
"<a href=""https://tiktok.com/@fmvxs3"" target=""_blank"">@fmvxs3</a>",6,6,54.253,0.95,9,97,0.003,250.167,5.833,0,0
"<a href=""https://tiktok.com/@funnopv"" target=""_blank"">@funnopv</a>",31,3,48.444,1,1,9,0,147737.333,3855,43.667,327
"<a href=""https://tiktok.com/@gabriela.daciana"" target=""_blank"">@gabriela.daciana</a>",25,9,51.944,0.802,2,27,0,697.222,10.889,0.222,0.111
"<a href=""https://tiktok.com/@gazf.cuioc"" target=""_blank"">@gazf.cuioc</a>",27,6,51.25,1,1,12,0,459.167,12.167,0,0.167
"<a href=""https://tiktok.com/@gdach80"" target=""_blank"">@gdach80</a>",6,12,55.863,0.902,9,138,0.001,130.75,2.417,0,0.083
"<a href=""https://tiktok.com/@gdgh760"" target=""_blank"">@gdgh760</a>",10,5,69.222,0.875,1,9,0,103,0.8,0,0
"<a href=""https://tiktok.com/@gdgjj633"" target=""_blank"">@gdgjj633</a>",6,15,55.011,0.896,11,237,0,3922.267,23.467,0.6,0.267
"<a href=""https://tiktok.com/@gew8218"" target=""_blank"">@gew8218</a>",20,6,51.889,0.833,1,9,0,11548,150.667,2.5,3.5
"<a href=""https://tiktok.com/@gjojc.zadgh"" target=""_blank"">@gjojc.zadgh</a>",27,6,50.75,1,2,24,0,2526.167,44.333,0.333,0.667
"<a href=""https://tiktok.com/@gnfs65"" target=""_blank"">@gnfs65</a>",6,15,59.945,0.863,11,210,0,452.133,19.6,0.533,0.2
"<a href=""https://tiktok.com/@gpujnl"" target=""_blank"">@gpujnl</a>",28,3,49.667,0.8,1,9,0,1508,70,1,0.667
"<a href=""https://tiktok.com/@grdgh91"" target=""_blank"">@grdgh91</a>",9,9,55.969,0.744,3,38,0,184.889,4.778,0,0.222
"<a href=""https://tiktok.com/@gsxgh10"" target=""_blank"">@gsxgh10</a>",6,15,58.704,0.867,11,226,0,294.733,11.4,0.067,0
"<a href=""https://tiktok.com/@gv.fg97"" target=""_blank"">@gv.fg97</a>",3,9,43.889,1,2,18,0,23749.444,1616.111,19.556,633.111
"<a href=""https://tiktok.com/@hddgh2868"" target=""_blank"">@hddgh2868</a>",9,9,60.422,0.755,3,37,0,511.333,34.556,0.444,0.556
"<a href=""https://tiktok.com/@hdfhj87"" target=""_blank"">@hdfhj87</a>",6,14,57.691,0.883,8,171,0,326.286,13.214,0,0.143
"<a href=""https://tiktok.com/@hhjjhhyykk"" target=""_blank"">@hhjjhhyykk</a>",13,8,44.583,1,1,12,0,5213,179.1,5.2,6.5
"<a href=""https://tiktok.com/@hhzddyy"" target=""_blank"">@hhzddyy</a>",13,8,44.583,1,1,12,0,1277.8,90.2,2.2,1.6
"<a href=""https://tiktok.com/@hjcaa1"" target=""_blank"">@hjcaa1</a>",6,15,55.526,0.884,11,228,0,190.8,5.067,0.2,0
"<a href=""https://tiktok.com/@hrsgj53"" target=""_blank"">@hrsgj53</a>",6,15,58.876,0.935,9,168,0,237.333,7.733,0.133,0.133
"<a href=""https://tiktok.com/@icnltaz0l1"" target=""_blank"">@icnltaz0l1</a>",12,6,43.222,0.833,1,9,0,2451.875,109,1.875,0.375
"<a href=""https://tiktok.com/@jgh1611"" target=""_blank"">@jgh1611</a>",7,8,45.833,1,1,12,0,589.125,27.5,0.375,0
"<a href=""https://tiktok.com/@lkaer88888"" target=""_blank"">@lkaer88888</a>",21,14,49.165,0.939,3,40,0,1115.2,31.4,1.333,0
"<a href=""https://tiktok.com/@lliuyyyt"" target=""_blank"">@lliuyyyt</a>",20,6,51.889,0.833,1,9,0,9610.5,136.167,2.333,2.167
"<a href=""https://tiktok.com/@lovely_babo120"" target=""_blank"">@lovely_babo120</a>",2,13,56.192,0.727,1,26,0,12464.143,703.743,50.829,21.143
"<a href=""https://tiktok.com/@lovelydriver51"" target=""_blank"">@lovelydriver51</a>",2,6,71.496,0.864,2,36,0,2396.467,195.533,12.2,2.533
"<a href=""https://tiktok.com/@mabev75"" target=""_blank"">@mabev75</a>",5,6,87.111,1,1,9,0,74.667,0.167,0,0
"<a href=""https://tiktok.com/@main7257"" target=""_blank"">@main7257</a>",24,3,35.796,1,6,54,0,2871.667,33.667,0.333,0.333
"<a href=""https://tiktok.com/@meiyggs99"" target=""_blank"">@meiyggs99</a>",30,3,59.222,0.8,1,9,0,573.333,46.333,3.333,6.667
"<a href=""https://tiktok.com/@olivia.ava.davis"" target=""_blank"">@olivia.ava.davis</a>",17,11,75,0.8,1,16,0,246.833,4.667,0,0.083
"<a href=""https://tiktok.com/@osudhddi"" target=""_blank"">@osudhddi</a>",21,13,59.593,0.939,3,46,0,601.308,17.308,3,0.154
"<a href=""https://tiktok.com/@raxcg.vuiod"" target=""_blank"">@raxcg.vuiod</a>",3,9,54.481,1,3,27,0,3643.333,63,4.333,28.778
"<a href=""https://tiktok.com/@reddit_pax4"" target=""_blank"">@reddit_pax4</a>",28,3,49.667,0.8,1,9,0,605.667,23,1.333,1
"<a href=""https://tiktok.com/@reff.dgj"" target=""_blank"">@reff.dgj</a>",24,8,37.765,1,6,85,0,1249.125,11.25,0,0.25
"<a href=""https://tiktok.com/@rschj1"" target=""_blank"">@rschj1</a>",6,13,55.26,0.89,11,211,0,503.308,22.692,0.231,0
"<a href=""https://tiktok.com/@rtgsas0"" target=""_blank"">@rtgsas0</a>",17,4,56.5,0.667,1,10,0,8500.25,119.25,0.75,2.5
"<a href=""https://tiktok.com/@syfss88"" target=""_blank"">@syfss88</a>",6,15,63.228,0.914,10,200,0,5941.2,75.867,0.067,3.467
"<a href=""https://tiktok.com/@tdscg86"" target=""_blank"">@tdscg86</a>",5,6,87.111,1,1,9,0,101.333,0.333,0,0
"<a href=""https://tiktok.com/@tertgedfsd.sdfdgd"" target=""_blank"">@tertgedfsd.sdfdgd</a>",19,9,78.778,0.833,1,9,0,2349.167,43.583,1,0.583
"<a href=""https://tiktok.com/@thi.my.pham38"" target=""_blank"">@thi.my.pham38</a>",17,6,90.444,0.8,1,9,0,40857.667,483.667,4.333,12
"<a href=""https://tiktok.com/@tiu.quan"" target=""_blank"">@tiu.quan</a>",11,5,59.417,1,1,12,0,592.2,39.2,0.6,0.2
"<a href=""https://tiktok.com/@tptk02426yr"" target=""_blank"">@tptk02426yr</a>",23,22,33.957,0.957,1,23,0,756.917,2.25,0,0
"<a href=""https://tiktok.com/@ttukocqem3"" target=""_blank"">@ttukocqem3</a>",22,17,33.867,1,1,15,0,956.346,1.577,0,0.038
"<a href=""https://tiktok.com/@tuimknn"" target=""_blank"">@tuimknn</a>",31,3,48.444,1,1,9,0,825.333,10.333,1,0.333
"<a href=""https://tiktok.com/@uffjk18"" target=""_blank"">@uffjk18</a>",6,15,61.436,0.899,9,165,0,181.8,3.267,0,0
"<a href=""https://tiktok.com/@user249789801"" target=""_blank"">@user249789801</a>",26,6,52.625,0.938,2,21,0,550.5,8.333,0.167,0.333
"<a href=""https://tiktok.com/@user2914131396623"" target=""_blank"">@user2914131396623</a>",10,6,62.861,0.938,2,19,0,182.167,5.167,0,0
"<a href=""https://tiktok.com/@user3321058273403"" target=""_blank"">@user3321058273403</a>",7,6,45.833,1,1,12,0,414.875,20.5,0.625,0.25
"<a href=""https://tiktok.com/@user3362024453281"" target=""_blank"">@user3362024453281</a>",8,8,48.467,0.929,2,22,0,681,9.75,2.375,0
"<a href=""https://tiktok.com/@user6760784573015"" target=""_blank"">@user6760784573015</a>",10,6,56.5,1,1,10,0,223.333,11.333,0.333,0
"<a href=""https://tiktok.com/@user7060880391090"" target=""_blank"">@user7060880391090</a>",8,8,60.8,0.929,2,21,0,653.875,12.625,1.5,0.125
"<a href=""https://tiktok.com/@user7853085361666"" target=""_blank"">@user7853085361666</a>",8,8,51.167,1,2,24,0,396.25,9.5,0.25,0
"<a href=""https://tiktok.com/@user966200325805"" target=""_blank"">@user966200325805</a>",30,3,59.222,0.8,1,9,0,610.333,45,1,11
"<a href=""https://tiktok.com/@usernamer0205"" target=""_blank"">@usernamer0205</a>",4,5,47.4,0.8,1,10,0,1419.2,78.4,25.05,0.45
"<a href=""https://tiktok.com/@v9tnnxlpn7"" target=""_blank"">@v9tnnxlpn7</a>",12,6,43.222,0.833,1,9,0,80616.111,3828.111,33.444,13.667
"<a href=""https://tiktok.com/@wmofn8"" target=""_blank"">@wmofn8</a>",18,3,71.667,1,1,9,0,787.333,5,0,0
"<a href=""https://tiktok.com/@xdfgessw.zxf.dfsj"" target=""_blank"">@xdfgessw.zxf.dfsj</a>",19,6,78.778,0.833,1,9,0,51630.167,742.833,3.667,11.333
"<a href=""https://tiktok.com/@yesfg42"" target=""_blank"">@yesfg42</a>",9,8,61.658,0.819,3,38,0,208.111,9,0.556,0
"<a href=""https://tiktok.com/@yfivygnig6"" target=""_blank"">@yfivygnig6</a>",16,8,55.81,0.917,2,31,0,1601.125,88.25,1,0.25
"<a href=""https://tiktok.com/@yrfgj12"" target=""_blank"">@yrfgj12</a>",9,9,62.548,0.796,3,43,0,445.889,19.667,0,0.444
"<a href=""https://tiktok.com/@zrqfaxnbdlc"" target=""_blank"">@zrqfaxnbdlc</a>",24,3,33.111,1,6,54,0,405.667,3.667,0,0
