"Network","Number of Accounts","Network Density","Network Diameter","Clustering Coefficient","Avg Views","Avg Likes","Avg Comments","Avg Shares","Member Accounts"
1,2,1,11,0,5160.15,276.883,20.433,6.667,"airplandriver120, aeroplane_girl0"
2,3,0.667,36,0,6433.189,377.946,27.365,11.5,"lovely_babo120, cutebaby_driver120, lovelydriver51"
3,4,0.667,18,0.6,9058.278,483.861,7.556,177.972,"ale36470, buxiangsl, gv.fg97, raxcg.vuiod"
4,2,1,10,0,858.684,46.974,13.816,0.263,"amazing_video112, usernamer0205"
5,2,1,9,0,88,0.25,0,0,"tdscg86, mabev75"
6,12,0.894,29,0.898,1137.679,17.473,0.164,0.4,"dncss21, hjcaa1, gdach80, hrsgj53, gsxgh10, rschj1, hdfhj87, gnfs65, syfss88, gdgjj633, fmvxs3, uffjk18"
7,2,1,12,0,502,24,0.5,0.125,"jgh1611, user3321058273403"
8,4,0.667,22,0,507.625,8.531,1.344,0.031,"dc6248, user3362024453281, user7060880391090, user7853085361666"
9,4,1,17,1,337.556,17,0.25,0.306,"hddgh2868, grdgh91, yesfg42, yrfgj12"
10,3,0.667,19,0,173.412,6.059,0.118,0,"user6760784573015, user2914131396623, gdgh760"
11,2,1,12,0,735.182,39.727,0.364,0.182,"aedjdpckd, tiu.quan"
12,2,1,9,0,43832.941,2077.941,18.588,7.412,"icnltaz0l1, v9tnnxlpn7"
13,2,1,12,0,3245.4,134.65,3.7,4.05,"hhjjhhyykk, hhzddyy"
14,2,1,32,0,192.242,23.758,2.606,0.03,"amazing_girl_101, china_deriver_109"
15,2,1,20,0,3979.694,182.139,12.917,3.028,"china_deriver_105, china_deriver_5"
16,3,1,16,1,3001.227,97.182,3.227,2.273,"bitg57u7k7, yfivygnig6, adgkkpbqy5"
17,4,0.5,26,0,8364.706,102.5,0.853,2.765,"dgyusdz, olivia.ava.davis, rtgsas0, thi.my.pham38"
18,2,1,9,0,594,3,0,0,"alijw22, wmofn8"
19,2,1,9,0,18776.167,276.667,1.889,4.167,"tertgedfsd.sdfdgd, xdfgessw.zxf.dfsj"
20,2,1,9,0,10579.25,143.417,2.417,2.833,"gew8218, lliuyyyt"
21,5,0.9,22,0.875,2058.101,33.072,2.565,0.232,"lkaer88888, fidgyf88, didjxyh, osudhddi, djgdthh"
22,2,1,15,0,700.067,1.178,0,0.044,"avafind2, ttukocqem3"
23,2,1,23,0,704.64,2.36,0,0.08,"elenafind, tptk02426yr"
24,7,1,18,1,2144.439,22.927,0.146,0.268,"ali186299, butgg.butt, ale747743, duxqifrnrnw, reff.dgj, main7257, zrqfaxnbdlc"
25,3,1,18,1,2380.364,39.364,0.364,0.545,"alepm45, chloe.sanders11, gabriela.daciana"
26,3,0.667,21,0,1075.889,20.833,0.278,0.556,"f.cb83, f.jh51, user249789801"
27,3,0.667,24,0,1403.222,24.111,0.111,0.278,"gazf.cuioc, gjojc.zadgh, flsijemeoueb"
28,2,1,9,0,1056.833,46.5,1.167,0.833,"gpujnl, reddit_pax4"
29,3,1,9,1,628.222,16,3.111,0.333,"3c88194e, 00b5a784, 3ef2e321"
30,2,1,9,0,591.833,45.667,2.167,8.833,"meiyggs99, user966200325805"
31,2,1,9,0,74281.333,1932.667,22.333,163.667,"funnopv, tuimknn"
