"Network","Number of Accounts","Network Density","Network Diameter","Clustering Coefficient","Avg Views","Avg Likes","Avg Comments","Avg Shares","Member Accounts"
1,6,0.533,16,0.632,5465.167,147.583,1.972,1.333,"aedjdpckd, ggdcxg1, uosnatiahwk, bdoci6, yeifb0, geujcc"
2,6,0.333,44,0,5352.036,86.732,1.571,1.661,"gckcj4, cirila.mccorkle, anaxagoras.harlen, jfdd653, aedyckctu, hdr86575"
3,3,0.667,14,0,1033.621,47.069,0.862,1.586,"gduhx01, aedgslpxjx, fduic5"
4,2,1,8,0,3760.389,130.944,1.278,2.333,"fauy8466, user9724456321051"
5,2,1,10,0,3456.25,55.3,3.3,0.6,"nendn4309, pratt_movie"
6,2,1,7,0,2449.9,111,2.45,12.1,"user4080460677683, vickycarr530"
7,3,0.667,16,0,730.192,41.654,0.538,0.269,"cbjf05, jdkckcj2, verity.holland"
8,4,0.5,23,0,5096.226,192.774,1.774,4,"gxiiff3, cp.eagdu, craig.harrell0, steven.garrison13"
9,2,1,9,0,2563.467,113,0.667,0.867,"fuddg743, jkiffikj"
10,3,1,15,1,3585.708,86.125,1.292,1.5,"lamr351, cxf.hgv5, guu34210"
11,2,1,7,0,8010.462,76.462,0.385,1.769,"tomatoes530, wuoaxfqimkq"
12,11,0.255,47,0.444,590,24.918,0.188,0.271,"huanlyg, cymorervl98, lettietownsend19701, ylevkpiubsl, jjdjdd911, adhhrrt, kcdcbdohhqd, bkvhf1, ifkvkvo, tdzgwsilerv, zzhjdj4"
13,5,0.8,14,0.789,598.561,27.951,0.317,0.244,"dlakhjx, igdigsdp, oqfdryvt9x4, xnjjehj, jkdkj"
14,3,0.667,15,0,522.944,17.667,0.222,0.5,"dyhjldcdesm, iaehhjzz2v2, suoxin2"
15,3,0.667,16,0,936.739,28.522,0.348,0.304,"gigigjj, amywendy19961, antoinetteboone25"
16,18,0.19,45,0.467,547.887,24.252,0.243,0.139,"bjgpfoucyaj, jwsgomkrriy, delwyjlkjct, hootchxs, mawtxjozdqh, ejiqxbchntr, nksxkskcf1y, cjsllfd, skkfdxh, wjjvuejnth4, fqcsrnytjf8, if.en.is.fam, xzhqnidn5g8, odscejmn6jy, jffihofff, ydjbryedpzw, jxxffujlyeg, yoayoayanyan"
17,3,0.667,14,0,468.312,11,0.125,0,"doreenfranklin19830, itbbzodct34, user1776924848635"
18,11,0.2,46,0.167,523.048,25.024,0.193,0.241,"jkakbbvgg, nrrnqdpeky2, fxgumzmtbxj, dnihiolst96, nquvwpsdcj4, liyohuang, tqhyxljd6w8, fhggf28, eqtpahxeftm, hfjjkgi4, user92268445842614"
19,5,0.4,29,0,341.172,7.759,0.172,0.034,"hxdpxobodcr, twcfmtbacek, lizzieperkins19631, hslvsaux95k, tinkom97"
20,2,1,7,0,640.364,20,0.364,0.545,"fgukxryf5ua, vsethpos2k5"
21,2,1,8,0,1003.1,69.6,0,0.1,"cjgbkbl, lojzsviu"
22,6,0.667,16,0.643,686,21.051,0.359,0.359,"xtbvnzygwbr, kaylabigsjo, ohchocx, xzhppypnq7b, kljfvjvj, yun.wu15"
23,3,1,10,1,388.105,8.842,0.368,0.579,"ggpmcjubwia, jvohvho, hjiliqaaiac"
24,2,1,7,0,672,29.75,0.083,0.167,"bvwihpir1hk, vibkbk7"
25,6,0.4,22,0,2504.488,60.659,1.244,5.707,"user2920462956526, user6186701630842, user7166160034825, user8794483655797, user8653602093025, user7361651570203"
26,2,1,8,0,3548.182,82.545,1,6.545,"user1203613923425, user8847609801518"
27,4,0.5,17,0,865.935,14.71,2.29,2.161,"user28262256319433, user13440723215022, user38247035443977, user6352061598533"
28,5,0.7,17,0.8,2194.947,154.184,1.105,0.737,"6dhbgbvuyqw, ryllskaya.reddit, djbdjfjff, ryllskayaqing, wefyugu"
29,2,1,8,0,1081.2,72.4,0.9,0.4,"fhjkllf, huaza756"
30,2,1,7,0,4868.643,160.286,2.643,1.714,"jana.french, aeduriosod"
31,15,0.162,78,0.321,35448.068,1005.684,9.735,9.017,"jcz0054, jfysd6, jckfjd.bff, hckcudh1, fjvfjk4, fhfg2499, kdpcjdq, maryreynolds112, tdiifhr, aedjxpxodj, tray.ray75, user1045942439949, geifocve, bsbsbsvsv44, aedfjdhdtddy"
32,4,0.5,20,0,4643.724,183,2.586,3.31,"bdpd57, user2201058539802, shdj1431, user31313825076752"
33,3,1,10,1,8857.273,354.5,3.318,2.227,"carmen.vega355, bfc.hff, user9545613515904"
34,2,1,8,0,2031.875,99.438,1.125,0.75,"igddc3, fjvxfu96"
35,2,1,7,0,6997.4,200.733,1.333,1.467,"hpnko0, jvdzg6"
36,2,1,8,0,12948.812,470.312,6.625,4.625,"fichfj1, fhchf25"
37,2,1,8,0,4205.875,157.875,1.375,0.375,"lam64788, ghf.fde"
38,2,1,8,0,66175.75,4693.875,64.625,205.75,"absv66, bobvc80"
39,3,0.667,14,0,1653.125,60.708,3.208,4.167,"fjhvh78, schcy24, yyugesjj"
40,2,1,7,0,56478.8,1768.8,31.5,11.5,"heldoeh, jspdhd4"
41,2,1,7,0,23435.25,215.25,12.375,95.5,"ficeuoo, user769357200"
42,2,1,8,0,2200,124.25,1.917,1.667,"prtnr8, djm9r"
43,8,0.286,39,0.273,14065.569,313.759,4.328,5.586,"hpcfh, user2810315813972, chdg050, user3154950400581, user7080026610324, gubwos, yiitsukb, ysishhd7"
44,5,0.6,25,0.6,1802.667,97.538,2.077,1.769,"fjyukfjjf, geievertu8, hdidkser0, cx.b28, kdhdh1314"
45,2,1,7,0,8897.263,256.789,3.684,3.579,"cjdfsgp, texthsg"
46,13,0.346,34,0.451,2938.27,129.952,2.214,3.119,"sdsdyou, rohingyao, hdryxd, dhcghcb, sasapco, landscape5670, xxii911, stoyouh, bsbseuo, cagnhd, weck01, texts178, tyuioaak1"
47,6,0.533,17,0.214,5028.909,173.091,5,2.818,"satsyou, shvchjds, stvhfhj, wotext, svjscsh, you.texts"
48,4,1,18,1,833.886,33.091,1.159,1,"fhkundshunk, lin689668987, kungyhunksd, user16909390140293"
49,3,1,8,1,1791.25,157.083,1.167,1.083,"ktsfyh, text778, textstory781"
50,4,0.833,18,0.75,3862.406,57.281,0.906,1.469,"thienle4369, phuong.nguyen4922, ngoc.ho078, tuyen.nguyen5316"
51,4,0.5,25,0,3118,88.138,0.828,0.759,"jvtvc3, user3436197788624, gooj806, zxvb736"
52,8,0.5,36,0.711,4311.446,140.162,1.946,23.176,"nhi.vo585, aed0267, sijh37, khanh.dao61, jajsjsn56, thuc.nguyen2010, dthh824, aed2750"
53,5,0.4,88,0,3466.382,207,8.906,5.224,"china_driver_150, amazing_seeet120, airplandriver120, username6652655, cute_chumi_girl208"
54,2,1,10,0,2229.316,88.895,0.947,1.526,"skunk.robinsong, ellin.lyndsd"
55,3,1,9,1,1348.071,106.571,2.714,3.286,"stien.lindag, dell.oswink, drape.ivoe"
56,2,1,7,0,878.118,50.588,1.941,0.647,"thanh.dngp, grry77768"
57,2,1,8,0,1055.611,67.056,2.222,4.056,"fody.noachp, yys.hshk"
58,2,1,10,0,1081.429,81.071,0.643,0.214,"iddicgg, usuwifg"
59,2,1,12,0,2006,93.067,0.533,0.333,"dyy.you.ici, jaye.neisler"
60,2,1,8,0,2184.188,156.938,6.375,12.5,"dhdigg2, user000597728"
61,3,0.667,18,0,2598.273,123.136,2.182,1.045,"krissi.jamecia, chvchj5, ttt46024"
62,4,0.833,17,0.75,1843.581,135.677,1.645,2,"jduyfjh, djsisidh, jfjjfhk8, kfusj3"
63,7,0.286,39,0,1372.833,81.315,1.704,1.333,"luggyi, mahasawatzke, alysha.lesiak, monika.budimir0, nandan.hirsch, charlene.gilbert31, osiel.louis"
64,3,0.667,18,0,4790.348,169.043,4.304,2.478,"abdaziz0498, aaronjamesy, wadehugh2"
65,4,0.667,20,0.6,1690.833,88.667,2.4,1.433,"iryxh4, aaronjsmes, hzuj.dd, odigkxh"
66,3,0.667,16,0,1917.708,81.917,1.75,1.417,"hieu.lep, monta.karlak, wgugsub"
67,8,0.643,23,0.739,1764.316,107.211,1.092,0.789,"gabriele.weber5, alisia.yundt, gail.olson1, edwin.walker517, mong.khuu, ianboone74, jugfrei6564, nfyk.emma"
68,2,1,7,0,14980.875,468.25,7.75,115.375,"vybdcvhnpljsid, uxudhqnbwmws"
69,8,1,45,1,794.347,52.743,0.535,0.188,"qdcieh, eagehh, hojdmc, fvijte, fwihnf, dhuolt, reddit_allen5, reddit_grayson99"
70,9,0.528,54,0.696,1691.355,81.766,0.869,1.14,"kjuq5904, jkuy0534, fhda78402, drgd8391, bvoo3130, dijx3903, ghhj8554, okay11732, ytrq8081"
71,6,0.867,34,0.818,1482.046,77.262,0.938,1.323,"eiej4325, gjhg8047, dhzg1822, twkg9813, foot89786, twvs4521"
72,5,1,9,1,2184.31,71.69,0.452,0.81,"ckief1163, glye82199, rust04104, dyxh0219, syic2117"
73,2,1,8,0,4950.059,122.941,1.059,3.059,"dhie1905, wert2992"
74,22,0.299,30,0.526,1537.039,71.258,0.516,0.342,"1yrogls, hzhdhs, g.in.cgn, hxjdsj34, kacbr2774, cnatk3189, duuff30, ncsfo3287, ndork4782, opgse4909, cjdjfcn, bxjxhxt, snoshsj, wnxlr7248, bxkke4723, nidaye81, ncjfhyrsdj, hgidsi, gxhx514, hdksp6389, xlhxhlxlh8, yourfavtwins0"
75,4,0.667,16,0.6,842.875,41.917,0.708,0.25,"jxgxi8, touab4277, wlack2188, xbnrp3166"
76,3,0.667,15,0,835.571,45.714,0.381,0.095,"jshszh6382, avelina.asucen, nxpsa4288"
77,3,1,8,1,1136.75,60.083,0.333,0.25,"3jfofoed, meggie.y, vxissvsb"
78,2,1,9,0,948.6,32.5,0.7,0.1,"cjdfndrh, 3mbfklb"
79,4,0.667,15,0.6,525.333,31.722,0.167,0,"vakft4299, heheb8964, 1qwdjjd, yowbc4277"
80,2,1,11,0,1312.75,58.333,0.583,0.167,"bzsksk1, 41ghqq"
81,7,0.429,31,0.632,1089.867,75.4,0.7,0.267,"bdjsxn6, hzjsjs897, gdghss35, bflxt4285, hds.hy, dfittf, zdogz60"
82,2,1,8,0,1513.875,87.5,0.625,0.375,"elleigh.anton, sameerah.tare"
83,5,0.4,32,0,1389.318,76.636,0.727,0.273,"hsbshzu0, svjssh, hosgsg0, fhcgocgo, cigcgict"
84,2,1,8,0,928.4,32,0.3,0,"tikfop7478, 3mmmgkk"
85,4,0.833,16,0.75,6488.458,258.208,1.542,1.417,"haoyunlai168, tiantianguom317, bawangchaji6, wss0372"
86,2,1,7,0,967.545,98.182,0.636,0.727,"c9qd3xhci6, erxojmhyg9"
87,2,1,7,0,143.833,5.167,0,0,"ezz8b00fs6, gpq9eqz3f6"
88,2,1,8,0,1462.333,92.4,4.133,3.2,"user3747361910671, bckdihd"
89,2,1,7,0,2272.929,68.143,1.286,0.571,"jamin0402, vendmdnbmmff3"
90,2,1,8,0,3712.25,142.375,2.375,1.75,"bethany.harper8, chadwickstaudinge"
91,2,1,9,0,2731.938,40,0.875,1.25,"tnxc.ficq, pehcpohz"
92,27,0.157,94,0.569,9364.678,455.196,3.613,16.791,"tessh95, bjspsp, jelejeh1, oaisg2, hurrryu, gdjdi63, oshasg, lzozi3, gajis40, fulknm, jspsns3, rtikb3, dghhg372, owuhwh, hfstil3, segji2, eyidk5, cisos51, gysfh4, isgsjdj0, flsosi5, qllsks0, tug35587, xvnmh8, vsuau5, zvjsl, sfagnd"
93,3,1,15,1,2669.63,72.519,1.63,0.444,"sdff13458, rdfhjj0, jsiso93"
94,2,1,7,0,2589.1,139.4,2.2,2.2,"akksdb4, nfjsk12"
95,3,0.667,17,0,547.5,11.667,0.417,0.167,"arffug, hdmjwo1, oaqhtd"
96,3,1,9,1,521.222,13,0,0.111,"rtwgui, eqmhqf, ucdrmh"
97,5,0.5,27,0.5,900.944,46.111,0.222,0.611,"lhqitc, hltuoq, bipiqo, dtbtcc8, wgslhe"
98,5,0.5,22,0.375,1192.088,44,1.794,11.971,"qorusfio, tusoacyi, osudgiwy1, twodgcjq, yoaisghif"
99,2,1,9,0,1483.286,48.429,1.286,13.357,"nafi.rajab.guirgu, melissahrenteria"
100,13,0.513,24,0.648,6117.58,194.362,9.507,109.797,"ever.lee4, nash.bramwell4, neil.benjamin8, alissa.coleman1, opal.tremaine, summer.king331, fv5b89fagg9o, tania.kumar67, amandadawson86, mateo.redkey, guili.kamil, ariana.aguillon32, zamuel.jeffers"
101,2,1,7,0,313.625,13.75,1.125,3,"darcy.leger, tamishatoler"
102,2,1,10,0,9594.467,37.867,0.533,1.533,"nichoareshy, roswerikou"
103,2,1,8,0,9522.417,39.833,0.583,3.833,"autopiumo, ribuluosse"
104,2,1,8,0,2673.846,13.846,0.308,0.846,"microwavebeepcult, whatyoupp"
105,8,0.321,57,0.353,1121.277,95.84,5.243,1.922,"amazingpilot2, moderngril5, gorgeousgirl268, cardriving139, beautiful46h, amazingpilot0, grilofchina, girl_airplane112"
106,3,1,18,1,524.185,1.568,0,0.025,"knl39aprh6, mgallsharring, avafind2"
107,2,1,13,0,261.434,1.264,0,0.113,"mgallaudio, tptk02426yr"
108,6,1,9,1,193598.778,23852.722,23.167,24.833,"user2831202166195, pomidorkaburton, user67020763885058, user4121313609739, user5092428883552, user9676004301324"
109,2,1,9,0,5366.333,116.5,0.167,0.333,"user43963440850412, user803234406071"
110,3,0.667,17,0,21613.222,621.111,0.444,1.889,"user2597559587130, user3177411562228, user3919617098507"
111,7,1,9,1,1162.429,55.143,0.333,0.524,"user3915714591755, kys85234, user4048037935198, user1863454618156, kgs2688, user3133100384457, user9254165372734"
112,2,1,7,0,2840.667,84.333,0.333,12.444,"user70209713058765, user91103639038365"
113,2,1,9,0,3839.917,150.333,0.167,1.583,"ghfd5370, giggg43"
114,4,0.667,18,0.6,2589.182,91.364,1,7.591,"h23622507, d0991587, h5072920, j129994"
115,2,1,8,0,890.917,37.75,0.25,0.583,"u5743879, user85481191053161"
116,2,1,8,0,1473.812,55.312,0.312,0.438,"user1907312614659, jugg5348"
117,5,0.4,45,0,4258.821,81.538,1.103,5.744,"njjj7155, higgg813, fuhg178, lllk0893, fhhh0809"
118,2,1,7,0,1307.667,68.167,0.167,0,"user83124349344514, user9287387878284"
119,2,1,8,0,921,71.429,0,0.143,"hhhh58061, vhgf4845"
120,2,1,7,0,594.667,43.833,0.167,0,"user3373778426201, user6121483030619"
121,2,1,9,0,17453.214,637.786,1.857,88.286,"gdxhj55, fdsch1"
122,5,0.4,32,0,1736.182,102.773,1.636,4.045,"jfckl45, tdfgh54, user5452525078213, user9717814406262, yngr75"
123,2,1,8,0,760.923,41.154,0.077,4,"user2328467562656, user73655243106524"
124,2,1,8,0,836.75,76.875,0.375,0.25,"fdghj365, user272614186296"
125,4,0.833,16,0.75,518.25,43.4,3.8,0.85,"hfsfjj, hdycycu, dfvbj82, yeethi0"
126,3,1,14,1,584.458,59.417,0.375,3.583,"jfdfui, jgdfhk16, tkre891"
127,6,0.933,18,0.923,25189.333,2748.167,3.528,108.167,"mri78275, user1007309828197, gyjgts, user4681663121155, jdchun5, xu87422"
128,6,0.8,25,0.789,4030.514,181.4,5.514,9.743,"user8282530722624, kkeiehd, gdxvj10, fg49328, is32994, weddhi0"
129,4,0.667,18,0.6,1745.4,110.1,1.9,2.15,"gd34531, idsfgj2, mvmyeyoa4394, user26703696181751"
130,2,1,8,0,4338.429,86.143,1,2.643,"d548930, to24123"
131,6,0.533,25,0.6,2636.333,177.104,4.333,4.917,"hydu454, umd274, odt614, user5831942911597, gns1528, user6100349282272"
132,3,0.667,14,0,605.357,57.214,0.643,1.429,"tdchj3, rkgee19, tsidysitis"
133,8,0.643,18,0.739,2563.469,186.5,3.688,32.875,"tedgj96, itdtsu3, tsdhji, gtchdh, tddhj00, frschj95, bdsvj5, khbkk90"
134,2,1,8,0,731.875,74.625,0.125,2.5,"ffe86005, fsfhj26"
135,2,1,7,0,755,57.875,0.25,0.125,"user805002943256, itdrziz"
136,2,1,8,0,2676.5,182.5,1.5,1.875,"user1738766581781, wjyjyw"
137,2,1,8,0,718.5,65.25,0.125,0.375,"idy8476, user8117017115753"
138,10,0.333,34,0.385,1275.745,59.882,0.353,0.941,"user85610256591796, lucflykys, dudsru, jtx896, user6344766781678, hfcvh809, gdxgh674, user6812613195119, tjvds5, jyjy28729"
139,2,1,9,0,1406.833,99.833,2.667,2,"idysti, yddhk56"
140,2,1,9,0,3204,71,1.75,1.875,"user3422065087878, user60955820079586"
141,7,0.476,31,0.545,17741.5,1373.885,7.731,40.231,"grsdhj1, hradh1, user4381527231047, cdzgj, hddghj03, hedgh35, user5196059158859"
142,2,1,8,0,956.4,38.4,0.4,0.4,"gdxhhh8, user37946701199785"
143,2,1,8,0,2445.375,83.75,0.375,2.625,"gedgj25, fdcbj48"
144,2,1,19,0,3120,136.522,4.304,4.174,"fdxgh64, user2396659561621"
145,3,1,13,1,969.15,49.15,0.6,0.85,"gdchji82, grsdhj91, vdghj63"
146,2,1,13,0,1803.353,88.412,1.882,1.765,"bgcnk7, user554097349949"
147,2,1,12,0,1133.667,40.333,1.167,2.75,"user6168144540470, user8478108672003"
148,8,0.643,24,0.863,6261.656,82.25,1.281,2.25,"t8089458, hbrneh, g835759, jaian.cjaaooa, jeb.ek.le, f1960774, gjffmvnffuf, v8734204"
149,2,1,8,0,796.625,54.75,0.375,1.625,"dd0425rui, dfff6724"
150,2,1,7,0,9375.625,416.875,24.75,54.062,"bpuplzsm, isvp.tdyd"
151,6,0.733,24,0.6,4593.955,50.901,2.243,5.577,"tedsu529, bdkcv272, heisf127, veysa891, vdysj116, xiahoudun152"
152,2,1,8,0,1293.5,14.333,0.167,0.5,"luanbaom010, qiekenao02"
153,2,1,8,0,447.625,23.5,0.125,0.125,"gongniu030, user9194655830431"
154,5,0.4,27,0,493.458,28.375,0.333,0.542,"709hahajiajia77, dkdosbg, 727nihaomingtianh, user3574808770700, yucca6499"
155,4,0.833,14,0.75,737.208,36.167,0.167,0.083,"agod.ypoi6, amayakianas, essifamb55, ress.rica1"
156,4,1,10,1,9689.762,87,10.238,4.143,"laicai869, erickkli, wuosgks581, y84616600"
157,2,1,8,0,8369,81.5,1.25,6,"dddkb19, hugjih67"
158,3,0.667,18,0,14960.267,176.6,41.533,7.333,"user30562472187761, jhuhu88, user6245944379980"
159,4,0.667,14,0.6,10560.538,155.308,1.846,8.077,"laifu004, faicai007, chifan006, tiantianbaok009"
160,2,1,8,0,4432.5,114.786,0.786,1,"devi.ntypw0367, doan04038"
161,7,0.429,31,0.529,3172.981,49.63,0.13,0.259,"forwardcode423, goisthillwig517, nihaoya0002, luensmanntuma245, jiejielove0001, speakingspeak.464, shadrickkham"
162,2,1,7,0,158311.5,4070.812,24.625,104.938,"mmdagg446, uzi3632"
163,5,0.9,16,0.875,1447.867,27.6,0.667,0.067,"huutrangphan421, ductrangtran461, shallownuckoles51, tuanhanhkhuat, user53220988591844"
164,2,1,8,0,1211.462,100.923,0.923,0.385,"baifamm13, ryllskayay"
165,2,1,8,0,2484.643,142.5,2,1,"dayutoureddit, user5856382575116"
166,9,0.25,27,0.167,628.465,39.256,0.302,0.116,"jecxsz, ozvpix, ldaphc, rlumvi, eqxela7, wgxodu, mpypax, zysmpbz, wihwth"
167,5,1,15,1,519,37.815,0.333,0.111,"orfywp8, hxrbdqi, cxjunn7, nzdifo, sypvvz"
168,5,1,13,1,554,35.654,0.077,0.192,"nzojawm2, tthemca, ttazpqe, utoxwqg, uwzqunq"
169,7,0.381,18,0.316,14562.279,43.209,0.209,0.488,"bryg69, gedg46, hfcb106, dyfv19, adhbf49, rttdg3, snkwke1"
170,3,0.667,32,0,6077.424,174.667,0.758,3.273,"fjgd605, gesghh2, hddgk68"
171,2,1,8,0,577.214,54.429,0.786,6.714,"user6245910017626, ztixti77"
172,2,1,8,0,1225.875,84.875,1.25,2.875,"lijhgtji, user7617569360313"
173,2,1,8,0,1319.222,83,4.111,4.444,"user1944276878232, user7375741469924"
174,2,1,36,0,4498.889,50.296,1.074,0.667,"sharemusic48, user3310281972692"
175,2,1,9,0,1571.167,84,0.833,1,"dhcss7, user7672491933286"
176,2,1,8,0,729.125,25.75,1.25,0.25,"g194061, hhej493"
177,3,0.667,16,0,1043.955,55.091,1,0.545,"h048173, jvst61, ufgo85"
178,2,1,8,0,710.143,46.429,0.286,0.571,"jhf536, user7813278398261"
179,3,0.667,18,0,747,46.762,0.429,0.714,"d901379, fkir038, ihd55"
180,2,1,10,0,816.2,62.867,0.533,1,"user67847154582217, j009813"
181,2,1,8,0,859.182,33.455,0.364,0.727,"f7707044, gnszz.as.chb"
182,2,1,8,0,979,56.833,1.417,0.917,"user4653779669079, fjfuc032"
183,3,0.667,16,0,1429.5,70.929,2.286,3.857,"rdwweddd, c332793, j7165782"
184,2,1,8,0,3014.1,74.1,0.7,0.8,"h891242, b762401"
185,7,0.476,25,0.522,129.567,5.733,0.1,0.3,"bb9xk14p94, cu5lgnfff5, oz3odbdzw9, niyusc9na5, ytuc3l02h5, rwqhveow92, z1lkv0zzv3"
186,3,1,7,1,1178.1,18.6,0.2,0.1,"mike123956, wudianqi188, zhaob002"
187,9,1,21,1,153.291,1.527,0.091,0.055,"sf5oq09wz7, ln0e5mvy40, me5yb6aga3, htfuw4alb1, hc60ld8ho2, hcybawovq8, jyx6aob6n4, ocunit9dx1, ylnc4queq1"
188,9,1,9,1,92.296,1.037,0.037,0.074,"jmjggd7rn0, mg9vyxtfg1, coffevgzbsk, mclautimjf4, w0y9zolyb2, mfrwxwbma2, drrky2zwj1, yrydi0g329, zfg4r2vhg6"
189,10,0.844,22,0.948,67.583,0.317,0.067,0.017,"bydk2bbgz2, ka7c01spi9, ewlgvaind0, dkzcegnei9, dvyab128m2, v7tmrgfjh3, kkqlk02de6, bao3twsam4, ffsqbxrcu1, xscpkjuyd0"
190,2,1,7,0,5652,112.833,0.333,0.333,"user2299791814132, user2888476868746"
191,3,0.667,18,0,1017.345,48.241,0.655,0.207,"onikacaylie, tahnee.katiana, truc.luong84"
192,4,1,9,1,885.051,61.359,0.59,1,"bbfh1476, tsfh8353, pott7134, yyzy8740"
193,3,0.667,15,0,615.469,40.469,0.5,0.844,"ccaw9284, hhit0062, yyfd4781"
194,2,1,10,0,1314.048,85.619,0.524,1.429,"isce0690, tugx2917"
195,2,1,11,0,803.458,67.125,0.167,1.125,"givi0331, wiqg8225"
196,4,1,15,1,1059.731,83.577,0.346,0.308,"fkir2290, urdu9708, cjur6297, voie3340"
197,15,0.2,59,0.488,1092.162,63.915,0.504,0.983,"fbgg2395, coirf88774, hrsy60677, clirr5282, gjguq6894, tiut0219, ehgw1916, gbhg9586, gjie0094, fnnf8890, courr1227, cjire9104, dhhi6645, gour2295, ufsc8075"
198,2,1,9,0,595.667,13.5,1.333,0.333,"acvb753, eruf327"
199,2,1,9,0,856,12.333,2.667,0.167,"buokce, txihhoi"
200,2,1,12,0,2012.25,78.25,0.75,2.188,"rusrsuy, user33539405804153"
201,4,0.667,23,0.6,4025.679,388.357,43.964,100.821,"user918416806877, hybj0222, sggee05, yfyd3444"
202,2,1,8,0,787.167,46.833,1,0.667,"ry4nsqjqx9, yke8f0ir52"
203,23,0.138,64,0.36,1976.024,101.694,2.129,4.488,"hcuf637, user9611218681309, user5782708460383, user767736632380, bhbtv103, ghyyusvyr, gddgj719, user6217574500806, gdjdj574, gdfhjk51, hdfjj91, user9723611225572, dsfhu28, fcchj19, fgrdhhhj, gdghu233, fhhqf62, dugfbuf, y976609, hgdeyt64, hdbtv68, dvhrah46, ydbsjqd72"
204,2,1,12,0,2604.105,57.684,1.263,5.947,"hbvvf739, idgc38"
205,4,0.833,15,0.75,422.941,8.088,0.059,0.059,"hi5s0d6sh2, mt0kwjzyf4, ap3zqhf1b9, x8up9kaef9"
206,6,0.333,46,0,637.415,37.119,4.288,1.508,"xchinaqueen6, xchinaqueen5, xchinaqueen1, china_deriver_0, king_queengg0, xchinaqueen8"
207,3,1,8,1,3585.833,102.042,0.917,1.375,"tijf9855, uraf9163, ymhr6933"
208,2,1,7,0,2417.733,67.467,0.8,5.067,"ifrt2705, sush0240"
209,2,1,7,0,1773.042,87.417,0.542,1.75,"bkot6010, wive0570"
210,2,1,28,0,6430.56,106.24,8.64,9.88,"reddit_ignatius8, shbsdd2"
211,14,0.209,60,0.525,2307.011,141.402,1.174,3.38,"fhbds00, hjes877, tdfhh770, dhfde8, user152435261681, fdgg7273, user6758753838000, user9921602198218, f.hd.ss, fdfhhh783, thfds76, gdsgh00, yrchj1, yesfg42"
212,27,0.117,60,0.387,1638.833,81.048,1.459,5.34,"uddgh081, hhregg52, hdkte6, tsdhj90, hdsy281, fhge82, grsgh5, cschh0, urdghi2, hddgj83, hq12151718, user7049346312380, gddgh409, user28840388704006, ibcydt, fkhfe5, user4926138720922, hdhit79, hdznm33, gfvhj98, fsdgh41, jekd5783, tdsgjk3, gkfd018, tesf4264, yurvbg2, user5091293440265"
213,2,1,7,0,849.429,66.857,2.786,0.357,"kleber.capuano, dong.dong512"
214,2,1,9,0,2128.667,46.583,2.667,2.083,"bftdyfhy257, ngtriu301"
215,2,1,7,0,1090.071,80.857,0.929,0.857,"mattcllp.155, aminbaomba317"
216,3,0.667,14,0,8118.083,36.917,1,7.667,"tebao88, duigedale3512, user2909440165804"
217,2,1,8,0,10591.125,67.875,3.25,1.75,"ttbao8866, wdb3334"
218,2,1,8,0,12758.071,147.143,54.786,165.929,"cloudhza3xo, dddad380"
219,6,1,16,1,7172.81,84.81,3.81,1.429,"f29956, h364474, shkb427, g892367, jgh1611, user85655117106994"
220,2,1,8,0,1102.5,58.875,1.125,0.25,"user42378744125104, user9657161720776"
221,2,1,8,0,14208.789,485.316,3.579,4,"hdicok57, hfigi61"
222,4,1,13,1,1031.107,62.071,0.286,0.25,"pjk3357, reddit55549, redditstory667, redreddit48"
223,3,1,14,1,1193.967,60.567,0.767,0.833,"gdfhjk04, gssgh83, idfhj50"
224,2,1,8,0,5474,15,0.333,1.167,"mgcr2yo9i6, o10kwf8wm9"
225,3,0.667,15,0,2727.323,53.774,1.161,0.581,"roneroeisen, vanleeuwengizinsk, wolkowtiffany"
226,5,0.4,22,0,3380.627,42.157,0.647,6,"user13197561183363, mohdbadulu, chiragyandell, caruanamcgunnigle, macvanebupp"
227,2,1,7,0,600.727,31.818,0.318,0.318,"user8198162456324, user1705442181684"
228,3,0.667,16,0,856.722,81.222,0.722,3.333,"hddgj29, hdchj145, bfscbv"
229,2,1,8,0,7830.625,300.5,1.75,8.75,"gjgfitu, jskos82"
230,2,1,8,0,1892.8,37.3,0,0.1,"hdsxvh0, ghhdew1"
231,2,1,7,0,368.625,25.75,0,0.875,"jkte077, tkbde1"
232,4,0.667,19,0.6,1836.579,82.789,0.263,5.474,"user23546002183542, fhre44, tggd603, gedgh332"
233,2,1,8,0,6779.444,87.333,0.333,1.778,"duifdudu, yetffuioo"
234,2,1,29,0,2107.818,217.727,16.227,2.364,"china_deriver_109, cute_girl_1154"
235,2,1,7,0,191.15,12.3,1.05,0.25,"amazing_girl_96, chumi_girl_105"
236,2,1,9,0,926.167,52,0.167,1.333,"gsdhj91, vnagg6"
237,5,0.9,17,0.875,1714.867,81.467,0.667,1.667,"gsdghh89, user8139270203315, fdfhj915, taachh6, user95999294976194"
238,5,0.9,18,0.875,1111.333,92.267,0.933,2.667,"tsdgg5, tdzch1, tsdhj1, gdchio3, yhdas"
239,8,0.821,18,0.842,14562.5,960,3.583,71.625,"user1900732876217, user28115831310981, gsxgh2, tedfh30, tdxhj38, user2886235262248, tigde25, user61165494628858"
240,3,0.667,16,0,1525.778,53.222,2.222,0.333,"user1039975619594, user2554161395053, user68356911128363"
241,2,1,9,0,9301.667,238.667,3.167,4.5,"user98508483231828, wmqdmn"
242,3,1,9,1,1825.778,18.111,0.222,0,"user1001441118192, user2076679297242, user6844925768360"
243,3,1,9,1,1223.333,16.778,0.222,0.333,"user1215308791145, user1525408796347, user54525471222572"
244,4,0.833,14,0.75,1014.167,15.389,0.778,1.167,"dalilijiang890, gangao28, weizhoudao4, xiaogou321"
245,2,1,8,0,722.25,25.875,0.625,4.25,"jane72400, yanhua995"
246,2,1,9,0,1715.417,48.583,0.25,0.167,"h1864462, user50509800722347"
247,4,0.833,14,0.75,1236.667,37,0.167,0.083,"mjrtx0z9n0, j8asmvtcr3, ugiffjjc, x75ka0pte3"
248,5,1,9,1,977.067,42.133,0.067,0.133,"irl5i9tps9, kpvlivkqt9, hcchhc41, dgcjj.kb, user487418676818"
249,17,0.221,32,0.444,12009.213,244.681,0.426,0.638,"gibbon853, nnvcc71, f..he8, cxvnvx4, otfq5fjfb9, rvqe63inu1, gijckl, chvjjvvk, mgm.g65, jung.no8, edugoumj56, xgjvkvvj, spyfnw3a32, magnum.h.h, giyiltgvc4, fjchxhhc, ydduic3"
250,5,0.6,23,0.6,2245.267,47.933,0.2,0.333,"e0h7efrkz9, tgh1aqify1, mwh9sjzir1, chchchch233, cffntv6me0"
251,2,1,8,0,526.5,33.667,0,0,"vear0ex0u5, vwynyguku1"
252,2,1,9,0,8296.667,168,1.167,1.167,"g..b.bb.b, wssvezfja5"
253,3,1,9,1,800,21,0.111,0,"gcpvhuc, ryzgoxhrp6, zxvpwlyef0"
254,4,0.667,16,0.6,1951.917,46.083,0.25,0.083,".hubb.hub, fuji07477, d9shsicvy5, udzufz7"
255,2,1,7,0,132.833,3.833,0,0,"fjgcn4, hvjvj117"
256,2,1,9,0,1380.273,49.909,0.818,1.273,"anthonyhkm489, skfkdkfdk48584"
257,2,1,10,0,3025.727,181.545,6.455,13.909,"arlenswinburne0317, qingwtfs358"
258,2,1,8,0,1724.9,56.7,3.5,29.7,"aeddjjy194, aeddhgds4723"
259,3,0.667,16,0,2912.312,102.5,2.375,7.875,"guttggbh, loandqpnn, skylar.phaky1954"
260,3,1,12,1,3542.944,123.278,4.222,6.833,"kenwilmott0102, aed5167, vigddvj"
261,3,0.667,15,0,7102.6,162.867,11.133,57.333,"aed5094, skylar.phakedfg13, slcgeey983"
262,2,1,8,0,2263.583,64.417,2.333,17.25,"aeddjgjdks4732, kimfhgfd3677"
263,2,1,7,0,5882.312,307.375,3.438,32.75,"user3081116827313, visu7354y2l"
264,3,0.667,15,0,72123.333,630,3.467,15.533,"fj.gk92, ale193510, ru.jd3"
265,3,0.667,14,0,47560.4,405.85,2.8,8.35,"hf.gf28, fisa.ji, dfhw014"
266,3,1,8,1,85497.84,897.48,4.16,19.4,"google.google1370, aliwk11, google.google5996"
267,3,1,9,1,4187,48.407,0.333,1.259,"kilinfaker, jassowang, trivo.marini"
