"Post URL","Network","Author","Timestamp","Number of Accounts","Views","Likes","Comments","Shares","Description"
"<a href=""https://www.tiktok.com/@user769780951/video/7484387120568601874"" target=""_blank"" class=""btn btn-sm"" style=""background-color: #00926c; color: white; text-decoration: none; padding: 2px 8px; border-radius: 4px; font-size: 0.8em;"">View Post</a>",1,"user769780951",2025-03-21 22:04:46,3,12,5,0,0,"#duet with @ইসলামিক ভিডিও 🕋🕋 #ইসলামিক_ভিডিও_🤲🕋🤲 "
"<a href=""https://www.tiktok.com/@user769780951/video/7484386017814809874"" target=""_blank"" class=""btn btn-sm"" style=""background-color: #00926c; color: white; text-decoration: none; padding: 2px 8px; border-radius: 4px; font-size: 0.8em;"">View Post</a>",1,"user769780951",2025-03-21 22:00:25,3,133,57,0,1,"#duet with @ইসলামিক ভিডিও 🕋🕋 #ইসলামিক_ভিডিও_🤲🕋🤲 "
"<a href=""https://www.tiktok.com/@mdsajim2321/video/7484297809290743047"" target=""_blank"" class=""btn btn-sm"" style=""background-color: #00926c; color: white; text-decoration: none; padding: 2px 8px; border-radius: 4px; font-size: 0.8em;"">View Post</a>",2,"mdsajim2321",2025-03-21 16:18:03,3,122,67,0,0,"#duet with @ইসলামিক ভিডিও 🕋🕋 #ইসলামিক_ভিডিও_🤲🕋🤲 "
"<a href=""https://www.tiktok.com/@user769780951/video/7484296973110103303"" target=""_blank"" class=""btn btn-sm"" style=""background-color: #00926c; color: white; text-decoration: none; padding: 2px 8px; border-radius: 4px; font-size: 0.8em;"">View Post</a>",1,"user769780951",2025-03-21 16:14:46,3,136,59,3,0,"#duet with @ইসলামিক ভিডিও 🕋🕋 #ইসলামিক_ভিডিও_🤲🕋🤲 "
"<a href=""https://www.tiktok.com/@rakibhussain624/video/7484296953703042320"" target=""_blank"" class=""btn btn-sm"" style=""background-color: #00926c; color: white; text-decoration: none; padding: 2px 8px; border-radius: 4px; font-size: 0.8em;"">View Post</a>",2,"rakibhussain624",2025-03-21 16:14:47,3,197,93,2,1,"#duet with @ইসলামিক ভিডিও 🕋🕋 #ইসলামিক_ভিডিও_🤲🕋🤲 "
"<a href=""https://www.tiktok.com/@rakibhussain624/video/7484296578967112968"" target=""_blank"" class=""btn btn-sm"" style=""background-color: #00926c; color: white; text-decoration: none; padding: 2px 8px; border-radius: 4px; font-size: 0.8em;"">View Post</a>",2,"rakibhussain624",2025-03-21 16:13:20,3,140,68,1,1,"#duet with @ইসলামিক ভিডিও 🕋🕋 #ইসলামিক_ভিডিও_🤲🕋🤲 "
"<a href=""https://www.tiktok.com/@mdsajim2321/video/7484296556083006738"" target=""_blank"" class=""btn btn-sm"" style=""background-color: #00926c; color: white; text-decoration: none; padding: 2px 8px; border-radius: 4px; font-size: 0.8em;"">View Post</a>",2,"mdsajim2321",2025-03-21 16:13:11,3,116,35,1,0,"#duet with @ইসলামিক ভিডিও 🕋🕋 #ইসলামিক_ভিডিও_🤲🕋🤲 "
"<a href=""https://www.tiktok.com/@rakibhussain624/video/7484296214045936903"" target=""_blank"" class=""btn btn-sm"" style=""background-color: #00926c; color: white; text-decoration: none; padding: 2px 8px; border-radius: 4px; font-size: 0.8em;"">View Post</a>",2,"rakibhussain624",2025-03-21 16:12:00,3,166,78,1,0,"#duet with @ইসলামিক ভিডিও 🕋🕋 #ইসলামিক_ভিডিও_🤲🕋🤲 "
"<a href=""https://www.tiktok.com/@rakibhussain624/video/7484295584774425873"" target=""_blank"" class=""btn btn-sm"" style=""background-color: #00926c; color: white; text-decoration: none; padding: 2px 8px; border-radius: 4px; font-size: 0.8em;"">View Post</a>",2,"rakibhussain624",2025-03-21 16:09:32,3,187,107,1,0,"#duet with @ইসলামিক ভিডিও 🕋🕋 #ইসলামিক_ভিডিও_🤲🕋🤲 "
"<a href=""https://www.tiktok.com/@user5699597151255/video/7484275434096577810"" target=""_blank"" class=""btn btn-sm"" style=""background-color: #00926c; color: white; text-decoration: none; padding: 2px 8px; border-radius: 4px; font-size: 0.8em;"">View Post</a>",1,"user5699597151255",2025-03-21 14:51:11,3,144,70,1,0,"#duet with @ইসলামিক ভিডিও 🕋🕋 #ইসলামিক_ভিডিও_🤲🕋🤲 "
"<a href=""https://www.tiktok.com/@user5699597151255/video/7484274992377580808"" target=""_blank"" class=""btn btn-sm"" style=""background-color: #00926c; color: white; text-decoration: none; padding: 2px 8px; border-radius: 4px; font-size: 0.8em;"">View Post</a>",1,"user5699597151255",2025-03-21 14:49:28,3,54,23,1,0,"#duet with @ইসলামিক ভিডিও 🕋🕋 #ইসলামিক_ভিডিও_🤲🕋🤲 "
"<a href=""https://www.tiktok.com/@user5699597151255/video/7484274722939604232"" target=""_blank"" class=""btn btn-sm"" style=""background-color: #00926c; color: white; text-decoration: none; padding: 2px 8px; border-radius: 4px; font-size: 0.8em;"">View Post</a>",1,"user5699597151255",2025-03-21 14:48:24,3,32,16,0,0,"#duet with @ইসলামিক ভিডিও 🕋🕋 #ইসলামিক_ভিডিও_🤲🕋🤲 "
"<a href=""https://www.tiktok.com/@user5699597151255/video/7484274443171286279"" target=""_blank"" class=""btn btn-sm"" style=""background-color: #00926c; color: white; text-decoration: none; padding: 2px 8px; border-radius: 4px; font-size: 0.8em;"">View Post</a>",1,"user5699597151255",2025-03-21 14:47:23,3,154,68,1,5,"#duet with @ইসলামিক ভিডিও 🕋🕋 #ইসলামিক_ভিডিও_🤲🕋🤲 "
"<a href=""https://www.tiktok.com/@user5699597151255/video/7484273899031563528"" target=""_blank"" class=""btn btn-sm"" style=""background-color: #00926c; color: white; text-decoration: none; padding: 2px 8px; border-radius: 4px; font-size: 0.8em;"">View Post</a>",1,"user5699597151255",2025-03-21 14:45:13,3,31,23,2,0,"#duet with @ইসলামিক ভিডিও 🕋🕋 #ইসলামিক_ভিডিও_🤲🕋🤲 "
"<a href=""https://www.tiktok.com/@.prince.sahin/video/7484273567224319233"" target=""_blank"" class=""btn btn-sm"" style=""background-color: #00926c; color: white; text-decoration: none; padding: 2px 8px; border-radius: 4px; font-size: 0.8em;"">View Post</a>",1,".prince.sahin",2025-03-21 14:44:14,3,270,104,0,0,"#duet with @ইসলামিক ভিডিও 🕋🕋 #ইসলামিক_ভিডিও_🤲🕋🤲 "
"<a href=""https://www.tiktok.com/@user5699597151255/video/7484273411338849554"" target=""_blank"" class=""btn btn-sm"" style=""background-color: #00926c; color: white; text-decoration: none; padding: 2px 8px; border-radius: 4px; font-size: 0.8em;"">View Post</a>",1,"user5699597151255",2025-03-21 14:43:20,3,21,11,0,0,"#duet with @ইসলামিক ভিডিও 🕋🕋 #ইসলামিক_ভিডিও_🤲🕋🤲 "
"<a href=""https://www.tiktok.com/@.prince.sahin/video/7484273282242432273"" target=""_blank"" class=""btn btn-sm"" style=""background-color: #00926c; color: white; text-decoration: none; padding: 2px 8px; border-radius: 4px; font-size: 0.8em;"">View Post</a>",1,".prince.sahin",2025-03-21 14:43:16,3,22,8,0,1,"#duet with @ইসলামিক ভিডিও 🕋🕋 #ইসলামিক_ভিডিও_🤲🕋🤲 "
"<a href=""https://www.tiktok.com/@user5699597151255/video/7484273076767673607"" target=""_blank"" class=""btn btn-sm"" style=""background-color: #00926c; color: white; text-decoration: none; padding: 2px 8px; border-radius: 4px; font-size: 0.8em;"">View Post</a>",1,"user5699597151255",2025-03-21 14:42:02,3,129,57,1,0,"#duet with @ইসলামিক ভিডিও 🕋🕋 #ইসলামিক_ভিডিও_🤲🕋🤲 "
"<a href=""https://www.tiktok.com/@user769780951/video/7484273056203017479"" target=""_blank"" class=""btn btn-sm"" style=""background-color: #00926c; color: white; text-decoration: none; padding: 2px 8px; border-radius: 4px; font-size: 0.8em;"">View Post</a>",1,"user769780951",2025-03-21 14:41:59,3,133,56,2,1,"#duet with @ইসলামিক ভিডিও 🕋🕋 #ইসলামিক_ভিডিও_🤲🕋🤲 "
"<a href=""https://www.tiktok.com/@user5699597151255/video/7484272815663762695"" target=""_blank"" class=""btn btn-sm"" style=""background-color: #00926c; color: white; text-decoration: none; padding: 2px 8px; border-radius: 4px; font-size: 0.8em;"">View Post</a>",1,"user5699597151255",2025-03-21 14:41:00,3,46,21,0,1,"#duet with @ইসলামিক ভিডিও 🕋🕋 #ইসলামিক_ভিডিও_🤲🕋🤲 "
"<a href=""https://www.tiktok.com/@user5699597151255/video/7484272547899526407"" target=""_blank"" class=""btn btn-sm"" style=""background-color: #00926c; color: white; text-decoration: none; padding: 2px 8px; border-radius: 4px; font-size: 0.8em;"">View Post</a>",1,"user5699597151255",2025-03-21 14:40:00,3,21,15,0,0,"#duet with @ইসলামিক ভিডিও 🕋🕋 #ইসলামিক_ভিডিও_🤲🕋🤲 "
"<a href=""https://www.tiktok.com/@user5699597151255/video/7484272316860435720"" target=""_blank"" class=""btn btn-sm"" style=""background-color: #00926c; color: white; text-decoration: none; padding: 2px 8px; border-radius: 4px; font-size: 0.8em;"">View Post</a>",1,"user5699597151255",2025-03-21 14:39:08,3,134,56,0,0,"#duet with @ইসলামিক ভিডিও 🕋🕋 #ইসলামিক_ভিডিও_🤲🕋🤲 "
"<a href=""https://www.tiktok.com/@user5699597151255/video/7484271918737034503"" target=""_blank"" class=""btn btn-sm"" style=""background-color: #00926c; color: white; text-decoration: none; padding: 2px 8px; border-radius: 4px; font-size: 0.8em;"">View Post</a>",1,"user5699597151255",2025-03-21 14:37:32,3,135,47,1,0,"#duet with @ইসলামিক ভিডিও 🕋🕋 #ইসলামিক_ভিডিও_🤲🕋🤲 "
"<a href=""https://www.tiktok.com/@user5699597151255/video/7484271638725397778"" target=""_blank"" class=""btn btn-sm"" style=""background-color: #00926c; color: white; text-decoration: none; padding: 2px 8px; border-radius: 4px; font-size: 0.8em;"">View Post</a>",1,"user5699597151255",2025-03-21 14:36:29,3,156,69,2,4,"#duet with @ইসলামিক ভিডিও 🕋🕋 #ইসলামিক_ভিডিও_🤲🕋🤲 "
"<a href=""https://www.tiktok.com/@h.m.osman.h.m.osm1/video/7484360352201788679"" target=""_blank"" class=""btn btn-sm"" style=""background-color: #00926c; color: white; text-decoration: none; padding: 2px 8px; border-radius: 4px; font-size: 0.8em;"">View Post</a>",3,"h.m.osman.h.m.osm1",2025-03-21 20:20:48,1,141,55,26,1,"#ইসলামিক_ভিডিও_🤲🕋🤲 "
"<a href=""https://www.tiktok.com/@mahimkhan1043/video/7484359357342223633"" target=""_blank"" class=""btn btn-sm"" style=""background-color: #00926c; color: white; text-decoration: none; padding: 2px 8px; border-radius: 4px; font-size: 0.8em;"">View Post</a>",3,"mahimkhan1043",2025-03-21 20:18:01,1,126,36,1,0,"#ইসলামিক_ভিডিও_🤲🕋🤲 "
"<a href=""https://www.tiktok.com/@h.m.osman.h.m.osm1/video/7484359048465370376"" target=""_blank"" class=""btn btn-sm"" style=""background-color: #00926c; color: white; text-decoration: none; padding: 2px 8px; border-radius: 4px; font-size: 0.8em;"">View Post</a>",3,"h.m.osman.h.m.osm1",2025-03-21 20:15:47,1,155,30,8,1,"#ইসলামিক_ভিডিও_🤲🕋🤲 "
"<a href=""https://www.tiktok.com/@mahimkhan1043/video/7484358696584105232"" target=""_blank"" class=""btn btn-sm"" style=""background-color: #00926c; color: white; text-decoration: none; padding: 2px 8px; border-radius: 4px; font-size: 0.8em;"">View Post</a>",3,"mahimkhan1043",2025-03-21 20:15:02,1,137,24,3,0,"#ইসলামিক_ভিডিও_🤲🕋🤲 "
"<a href=""https://www.tiktok.com/@h.m.osman.h.m.osm1/video/7484358631438273800"" target=""_blank"" class=""btn btn-sm"" style=""background-color: #00926c; color: white; text-decoration: none; padding: 2px 8px; border-radius: 4px; font-size: 0.8em;"">View Post</a>",3,"h.m.osman.h.m.osm1",2025-03-21 20:14:13,1,163,50,14,4,"#ইসলামিক_ভিডিও_🤲🕋🤲 "
"<a href=""https://www.tiktok.com/@mahimkhan1043/video/7484357785375804689"" target=""_blank"" class=""btn btn-sm"" style=""background-color: #00926c; color: white; text-decoration: none; padding: 2px 8px; border-radius: 4px; font-size: 0.8em;"">View Post</a>",3,"mahimkhan1043",2025-03-21 20:11:48,1,31,17,2,0,"#ইসলামিক_ভিডিও_🤲🕋🤲 "
"<a href=""https://www.tiktok.com/@mahimkhan1043/video/7484356916194446608"" target=""_blank"" class=""btn btn-sm"" style=""background-color: #00926c; color: white; text-decoration: none; padding: 2px 8px; border-radius: 4px; font-size: 0.8em;"">View Post</a>",3,"mahimkhan1043",2025-03-21 20:08:12,1,32,13,2,0,"#ইসলামিক_ভিডিও_🤲🕋🤲 "
"<a href=""https://www.tiktok.com/@h.m.osman.h.m.osm1/video/7484356615664160008"" target=""_blank"" class=""btn btn-sm"" style=""background-color: #00926c; color: white; text-decoration: none; padding: 2px 8px; border-radius: 4px; font-size: 0.8em;"">View Post</a>",3,"h.m.osman.h.m.osm1",2025-03-21 20:06:25,1,155,45,8,0,"#ইসলামিক_ভিডিও_🤲🕋🤲 "
"<a href=""https://www.tiktok.com/@mahimkhan1043/video/7484308532397870352"" target=""_blank"" class=""btn btn-sm"" style=""background-color: #00926c; color: white; text-decoration: none; padding: 2px 8px; border-radius: 4px; font-size: 0.8em;"">View Post</a>",3,"mahimkhan1043",2025-03-21 17:00:05,1,35,20,0,0,"#ইসলামিক_ভিডিও_🤲🕋🤲 "
"<a href=""https://www.tiktok.com/@mahimkhan1043/video/7484308086950268177"" target=""_blank"" class=""btn btn-sm"" style=""background-color: #00926c; color: white; text-decoration: none; padding: 2px 8px; border-radius: 4px; font-size: 0.8em;"">View Post</a>",3,"mahimkhan1043",2025-03-21 16:58:21,1,126,39,0,0,"#ইসলামিক_ভিডিও_🤲🕋🤲 "
"<a href=""https://www.tiktok.com/@mahimkhan1043/video/7484306623716969729"" target=""_blank"" class=""btn btn-sm"" style=""background-color: #00926c; color: white; text-decoration: none; padding: 2px 8px; border-radius: 4px; font-size: 0.8em;"">View Post</a>",3,"mahimkhan1043",2025-03-21 16:52:44,1,132,32,0,0,"#ইসলামিক_ভিডিও_🤲🕋🤲 "
"<a href=""https://www.tiktok.com/@mahimkhan1043/video/7484305547508960528"" target=""_blank"" class=""btn btn-sm"" style=""background-color: #00926c; color: white; text-decoration: none; padding: 2px 8px; border-radius: 4px; font-size: 0.8em;"">View Post</a>",3,"mahimkhan1043",2025-03-21 16:48:23,1,21,14,1,0,"#ইসলামিক_ভিডিও_🤲🕋🤲 "
"<a href=""https://www.tiktok.com/@mahimkhan1043/video/7484273084439006481"" target=""_blank"" class=""btn btn-sm"" style=""background-color: #00926c; color: white; text-decoration: none; padding: 2px 8px; border-radius: 4px; font-size: 0.8em;"">View Post</a>",3,"mahimkhan1043",2025-03-21 14:42:25,1,40,21,4,0,"#ইসলামিক_ভিডিও_🤲🕋🤲 "
"<a href=""https://www.tiktok.com/@mahimkhan1043/video/7484271056555953416"" target=""_blank"" class=""btn btn-sm"" style=""background-color: #00926c; color: white; text-decoration: none; padding: 2px 8px; border-radius: 4px; font-size: 0.8em;"">View Post</a>",3,"mahimkhan1043",2025-03-21 14:34:11,1,793,102,5,1,"#ইসলামিক_ভিডিও_🤲🕋🤲 "
