"Account","Network","Unique Shares","Avg Time Between Shares (sec)","Edge Symmetry Score","Degree","Strength","Betweenness","Avg Views","Avg Likes","Avg Comments","Avg Shares"
"<a href=""https://tiktok.com/@.prince.sahin"" target=""_blank"">@.prince.sahin</a>",1,2,61.6,1,1,5,0,106.667,40.333,0,7
"<a href=""https://tiktok.com/@h.m.osman.h.m.osm1"" target=""_blank"">@h.m.osman.h.m.osm1</a>",3,4,67,1,1,3,0,153.5,45,14,1.5
"<a href=""https://tiktok.com/@mahimkhan1043"" target=""_blank"">@mahimkhan1043</a>",3,5,67,1,1,3,0,130.312,30.938,1.375,0.062
"<a href=""https://tiktok.com/@mdsajim2321"" target=""_blank"">@mdsajim2321</a>",2,2,58.667,0.667,1,3,0,119,51,0.667,0
"<a href=""https://tiktok.com/@rakibhussain624"" target=""_blank"">@rakibhussain624</a>",2,3,58.667,0.667,1,3,0,161.462,77.846,1.385,1
"<a href=""https://tiktok.com/@user5699597151255"" target=""_blank"">@user5699597151255</a>",1,7,63.55,1,2,9,0.067,96.619,44.952,0.714,1.238
"<a href=""https://tiktok.com/@user769780951"" target=""_blank"">@user769780951</a>",1,2,65.5,1,1,4,0,81.143,35.571,1,0.429
