"Account","Network","Unique Shares","Avg Time Between Shares (sec)","Edge Symmetry Score","Degree","Strength","Betweenness","Avg Views","Avg Likes","Avg Comments","Avg Shares"
"<a href=""https://tiktok.com/@fhdys37"" target=""_blank"">@fhdys37</a>",6,4,26.8,1,1,10,0,1166,27,0,0
"<a href=""https://tiktok.com/@fjfhr556"" target=""_blank"">@fjfhr556</a>",6,4,26.8,1,1,10,0,1084,40,0,1
"<a href=""https://tiktok.com/@fly46167"" target=""_blank"">@fly46167</a>",5,15,53.97,0.899,2,62,0,708,12,0,0
"<a href=""https://tiktok.com/@hijjk104"" target=""_blank"">@hijjk104</a>",2,6,40.39,0.9,1,18,0,2113,10,0,0
"<a href=""https://tiktok.com/@user1392538538860"" target=""_blank"">@user1392538538860</a>",4,18,34.35,0.982,3,95,0,1258,15,0,0
"<a href=""https://tiktok.com/@user1655672923020"" target=""_blank"">@user1655672923020</a>",3,15,51.94,0.898,6,132,0,1228,27,0,0
"<a href=""https://tiktok.com/@user1655865508185"" target=""_blank"">@user1655865508185</a>",1,9,73.18,1,1,17,0,933,10,0,0
"<a href=""https://tiktok.com/@user186815388315"" target=""_blank"">@user186815388315</a>",4,14,33.63,0.959,3,71,0.013,1282,22,0,0
"<a href=""https://tiktok.com/@user3372561297143"" target=""_blank"">@user3372561297143</a>",5,12,61.02,0.962,2,54,0,744,12,0,1
"<a href=""https://tiktok.com/@user3399704802070"" target=""_blank"">@user3399704802070</a>",7,5,28.36,0.889,1,11,0,1478,7,0,0
"<a href=""https://tiktok.com/@user3840831842583"" target=""_blank"">@user3840831842583</a>",3,15,62.04,0.847,6,143,0,1572,29,0,0
"<a href=""https://tiktok.com/@user4185990161303"" target=""_blank"">@user4185990161303</a>",4,6,37.73,1,1,15,0,1616,24,0,0
"<a href=""https://tiktok.com/@user4503961859441"" target=""_blank"">@user4503961859441</a>",7,6,28.36,0.889,1,11,0,1485,11,0,1
"<a href=""https://tiktok.com/@user49141232079402"" target=""_blank"">@user49141232079402</a>",4,15,33.03,0.976,3,87,0.009,1176,16,0,0
"<a href=""https://tiktok.com/@user4967199663697"" target=""_blank"">@user4967199663697</a>",3,15,54.88,0.87,5,109,0,1757,24,0,0
"<a href=""https://tiktok.com/@user4994507114863"" target=""_blank"">@user4994507114863</a>",2,6,40.39,0.9,1,18,0,857,3,0,0
"<a href=""https://tiktok.com/@user710495138178"" target=""_blank"">@user710495138178</a>",3,14,56.96,0.859,6,132,0.004,1982,26,0,0
"<a href=""https://tiktok.com/@user7406160207374"" target=""_blank"">@user7406160207374</a>",3,15,54.88,0.846,6,128,0.004,729,20,0,0
"<a href=""https://tiktok.com/@user75291696174110"" target=""_blank"">@user75291696174110</a>",3,13,66.93,0.85,4,74,0.004,1289,20,0,0
"<a href=""https://tiktok.com/@user87304845050708"" target=""_blank"">@user87304845050708</a>",3,15,62.47,0.931,5,142,0,909,13,0,0
"<a href=""https://tiktok.com/@user8731425528153"" target=""_blank"">@user8731425528153</a>",4,6,38.67,1,2,36,0.004,1010,16,0,0
"<a href=""https://tiktok.com/@user9366804311285"" target=""_blank"">@user9366804311285</a>",1,6,73.18,1,1,17,0,722,4,0,0
"<a href=""https://tiktok.com/@yim0828"" target=""_blank"">@yim0828</a>",5,12,59.49,0.938,2,60,0,753,10,0,0
