"Network","Number of Accounts","Network Density","Network Diameter","Clustering Coefficient","Avg Views","Avg Likes","Avg Comments","Avg Shares","Member Accounts"
"Network 1: ""Entertainment clips: dating shows, influencers, celebrity news, viral moments""",2,1,17,NA,848.467,7.867,0.067,0.133,"user1655865508185, user9366804311285"
"Network 2: ""Body image critique and parenting boundaries discussions""",2,1,18,NA,1485.083,6.333,0,0,"user4994507114863, hijjk104"
"Network 3: ""Humorous lifestyle content featuring influencers and podcast promotions""",7,0.905,43,0.907,1351.566,22.708,0.094,0.094,"user1655672923020, user3840831842583, user7406160207374, user710495138178, user4967199663697, user75291696174110, user87304845050708"
"Network 4: ""Podcast-themed viral content with influencer drama and fan edits.""",5,0.6,57,0.6,1251.677,18.154,0.123,0.108,"user1392538538860, user186815388315, user4185990161303, user49141232079402, user8731425528153"
"Network 5: ""Pop culture, legal analysis, and social commentary mix""",3,1,34,1,732.846,11.385,0.205,0.513,"fly46167, user3372561297143, yim0828"
"Network 6: ""Satirical commentary on family vloggers and influencer culture""",2,1,10,NA,1124.625,33.375,0,0.375,"fhdys37, fjfhr556"
"Network 7: ""Repetitive sensationalized content about Lily Philips' personal life""",2,1,11,NA,1481.636,9.182,0,0.909,"user3399704802070, user4503961859441"
