"Account","Network","Unique Shares","Avg Time Between Shares (sec)","Edge Symmetry Score","Degree","Strength","Betweenness","Avg Views","Avg Likes","Avg Comments","Avg Shares"
"<a href=""https://tiktok.com/@1qwdjjd"" target=""_blank"">@1qwdjjd</a>",67,3,35.111,1,1,9,0,1052,38,0.333,0
"<a href=""https://tiktok.com/@1yrogls"" target=""_blank"">@1yrogls</a>",62,8,46.152,0.989,9,114,0,991.875,36.125,0.125,0
"<a href=""https://tiktok.com/@2thgkvjd"" target=""_blank"">@2thgkvjd</a>",69,8,55.667,1,1,12,0,1602.25,154.875,1,0.25
"<a href=""https://tiktok.com/@3mbfklb"" target=""_blank"">@3mbfklb</a>",69,8,54.958,0.95,2,24,0,1359.625,50.25,0.75,0.25
"<a href=""https://tiktok.com/@adhhrrt"" target=""_blank"">@adhhrrt</a>",23,9,51.529,1,3,35,0,855.778,22.333,0.111,0.222
"<a href=""https://tiktok.com/@aed0267"" target=""_blank"">@aed0267</a>",35,11,55.561,0.944,2,23,0,2223.909,80.545,0.182,0.545
"<a href=""https://tiktok.com/@aed2750"" target=""_blank"">@aed2750</a>",35,9,52.328,0.895,3,41,0,1218.444,33.444,0.444,0.111
"<a href=""https://tiktok.com/@aed3660"" target=""_blank"">@aed3660</a>",10,10,50.778,1,1,9,0,5170.1,91.3,1,1.3
"<a href=""https://tiktok.com/@aed7p4"" target=""_blank"">@aed7p4</a>",9,9,58.856,0.826,2,19,0,2348.556,86.444,1.667,0
"<a href=""https://tiktok.com/@aedgslpxjx"" target=""_blank"">@aedgslpxjx</a>",8,10,57.74,0.888,3,36,0,2121,49.2,0.2,2.3
"<a href=""https://tiktok.com/@aedhdici"" target=""_blank"">@aedhdici</a>",3,8,44.714,0.882,2,24,0,1573.444,59,0.889,0.778
"<a href=""https://tiktok.com/@aedhdjcoof"" target=""_blank"">@aedhdjcoof</a>",8,9,56.2,1,1,10,0,1323.8,154.7,0.9,1
"<a href=""https://tiktok.com/@aediubt"" target=""_blank"">@aediubt</a>",97,8,38.96,0.746,2,20,0,1708.222,64.556,1.444,0.556
"<a href=""https://tiktok.com/@aedyckctu"" target=""_blank"">@aedyckctu</a>",3,10,52.418,1,3,32,0,1334.8,68.3,0.1,0.4
"<a href=""https://tiktok.com/@afrah.wahibah.naz"" target=""_blank"">@afrah.wahibah.naz</a>",98,3,53,0.8,1,9,0,864,57.667,1.333,9
"<a href=""https://tiktok.com/@ale2r35"" target=""_blank"">@ale2r35</a>",20,8,47.622,0.857,2,19,0,1284.5,33.875,0.625,1.75
"<a href=""https://tiktok.com/@ale383279"" target=""_blank"">@ale383279</a>",20,7,45.456,0.845,2,19,0,736.143,52.143,0,0.286
"<a href=""https://tiktok.com/@aleaa0249"" target=""_blank"">@aleaa0249</a>",20,7,58.768,0.878,3,33,0,579,20.571,0.143,0
"<a href=""https://tiktok.com/@amazing_seeet120"" target=""_blank"">@amazing_seeet120</a>",38,5,91.444,0.833,1,18,0,98.429,4.5,0.857,0.571
"<a href=""https://tiktok.com/@amkgvx"" target=""_blank"">@amkgvx</a>",48,9,74.829,0.929,2,24,0,774.111,16.556,0.111,0
"<a href=""https://tiktok.com/@arffug"" target=""_blank"">@arffug</a>",93,14,44.523,1,2,38,0,4798.857,191.857,0.786,8.714
"<a href=""https://tiktok.com/@aseng.haymong"" target=""_blank"">@aseng.haymong</a>",49,9,59.881,0.938,2,26,0,2537.556,132,2.111,1.333
"<a href=""https://tiktok.com/@avav11738"" target=""_blank"">@avav11738</a>",21,8,52.734,0.929,2,23,0,14069.889,140.111,2,3.778
"<a href=""https://tiktok.com/@avelina.asucen"" target=""_blank"">@avelina.asucen</a>",64,6,28.333,0.929,2,18,0,1853.833,81.667,1.167,0.833
"<a href=""https://tiktok.com/@avphoa"" target=""_blank"">@avphoa</a>",73,6,23.778,0.8,1,9,0,1019.625,66.625,1.25,1.5
"<a href=""https://tiktok.com/@awmilke"" target=""_blank"">@awmilke</a>",71,8,31.683,0.917,2,22,0,32163.375,1119.625,11.625,9.125
"<a href=""https://tiktok.com/@ayden.riverad"" target=""_blank"">@ayden.riverad</a>",4,10,45.264,0.955,2,24,0,5394.8,179.9,3.9,2.2
"<a href=""https://tiktok.com/@babykmli0"" target=""_blank"">@babykmli0</a>",44,4,52.9,0.833,1,10,0,2.75,0,0,0
"<a href=""https://tiktok.com/@battl.kray"" target=""_blank"">@battl.kray</a>",35,10,54.569,0.914,8,125,0,14727.7,181,0.5,1.2
"<a href=""https://tiktok.com/@baxor3828"" target=""_blank"">@baxor3828</a>",67,4,56.889,1,1,9,0,2007.5,124,0.5,0.75
"<a href=""https://tiktok.com/@bdhjddbjrjej"" target=""_blank"">@bdhjddbjrjej</a>",80,15,54.201,0.97,7,82,0,1829.533,11.2,0.133,3.733
"<a href=""https://tiktok.com/@be.jkigv"" target=""_blank"">@be.jkigv</a>",2,8,65.104,0.871,4,39,0,17993.125,549,7.625,2.375
"<a href=""https://tiktok.com/@beautifulgir482"" target=""_blank"">@beautifulgir482</a>",42,5,53.727,0.889,1,22,0,267.182,49.091,4.545,0.455
"<a href=""https://tiktok.com/@benedossie2"" target=""_blank"">@benedossie2</a>",35,15,58.501,0.916,8,164,0,5287.2,79.133,0.333,0.533
"<a href=""https://tiktok.com/@bfihc"" target=""_blank"">@bfihc</a>",3,9,47.222,1,1,9,0,1464.8,72.6,0.2,0.7
"<a href=""https://tiktok.com/@bipiqo"" target=""_blank"">@bipiqo</a>",93,15,72.113,1,7,165,0,1452.8,72.733,0.2,0.667
"<a href=""https://tiktok.com/@bixukf"" target=""_blank"">@bixukf</a>",71,8,44.029,0.907,3,34,0,1978,110.5,1.25,0.625
"<a href=""https://tiktok.com/@bkot6010"" target=""_blank"">@bkot6010</a>",55,9,59.417,1,2,36,0,711.667,18.111,0.556,1.111
"<a href=""https://tiktok.com/@bkvhf1"" target=""_blank"">@bkvhf1</a>",24,7,56.778,1,2,19,0,842.714,26.286,0.429,0.857
"<a href=""https://tiktok.com/@bmc12655"" target=""_blank"">@bmc12655</a>",2,7,42.55,1,2,20,0,2087,118.25,0.5,1.25
"<a href=""https://tiktok.com/@bpgarp"" target=""_blank"">@bpgarp</a>",93,16,68.279,0.899,6,171,0,688.562,15.562,0.062,0.062
"<a href=""https://tiktok.com/@bsjj8797"" target=""_blank"">@bsjj8797</a>",13,10,45.236,0.953,5,96,0,833.7,32.1,0.3,0.2
"<a href=""https://tiktok.com/@bsyg2865"" target=""_blank"">@bsyg2865</a>",15,6,44,0.889,1,13,0,820.167,22,0.333,0.5
"<a href=""https://tiktok.com/@buslmigf7dn"" target=""_blank"">@buslmigf7dn</a>",20,8,68.837,0.795,3,31,0,2763.75,83.5,0.125,0.375
"<a href=""https://tiktok.com/@bvoo3130"" target=""_blank"">@bvoo3130</a>",54,12,67.901,0.931,4,111,0,2111.167,50.333,0.417,0.25
"<a href=""https://tiktok.com/@bxkke4723"" target=""_blank"">@bxkke4723</a>",68,9,54.65,0.845,10,158,0,2341.222,55.667,0.667,0.222
"<a href=""https://tiktok.com/@bxuzba"" target=""_blank"">@bxuzba</a>",64,5,45.6,1,1,10,0,374.6,15.2,0,0
"<a href=""https://tiktok.com/@byppp.text11"" target=""_blank"">@byppp.text11</a>",78,6,37.55,1,2,22,0,1884.333,111.333,5.667,18.5
"<a href=""https://tiktok.com/@cagnhd"" target=""_blank"">@cagnhd</a>",28,10,49.879,0.873,2,23,0,2161.9,100.2,2.7,0.8
"<a href=""https://tiktok.com/@cainima888"" target=""_blank"">@cainima888</a>",13,9,42.43,0.985,5,101,0,935.444,27.889,0.444,0.111
"<a href=""https://tiktok.com/@carbloggera"" target=""_blank"">@carbloggera</a>",13,10,43.773,0.973,5,106,0,843.4,34,0.2,0.5
"<a href=""https://tiktok.com/@carlos.alberto.al886"" target=""_blank"">@carlos.alberto.al886</a>",49,9,51.75,1,1,16,0,35075.667,691.778,15.111,8
"<a href=""https://tiktok.com/@cbjf05"" target=""_blank"">@cbjf05</a>",4,10,54.11,0.914,3,34,0,1533.6,68.1,1,0.5
"<a href=""https://tiktok.com/@ccvoyrnu"" target=""_blank"">@ccvoyrnu</a>",81,6,52.2,1,1,10,0,3520.5,25.667,0.167,7.5
"<a href=""https://tiktok.com/@cfdc18"" target=""_blank"">@cfdc18</a>",35,13,48.996,0.861,3,69,0,2721.308,86.846,0.615,1.077
"<a href=""https://tiktok.com/@chantalkusch"" target=""_blank"">@chantalkusch</a>",2,9,45.192,0.963,3,33,0,2551.333,139.111,0.889,0.889
"<a href=""https://tiktok.com/@chdg050"" target=""_blank"">@chdg050</a>",30,7,62.111,0.857,1,9,0,3094.857,94.429,0.571,0.714
"<a href=""https://tiktok.com/@china_deriver_60"" target=""_blank"">@china_deriver_60</a>",42,5,53.727,0.889,1,22,0,24482.727,1477,48.636,54.182
"<a href=""https://tiktok.com/@chummi_queen1"" target=""_blank"">@chummi_queen1</a>",37,14,90.235,0.817,2,23,0,1887.786,121.5,10.607,3.321
"<a href=""https://tiktok.com/@cifgoo"" target=""_blank"">@cifgoo</a>",23,9,59.9,0.889,2,19,0.001,935.444,34.556,0.444,0.556
"<a href=""https://tiktok.com/@cihohsqwfi"" target=""_blank"">@cihohsqwfi</a>",23,10,55.686,0.916,4,49,0.001,756.2,21.7,0,0.1
"<a href=""https://tiktok.com/@cjdjfcn"" target=""_blank"">@cjdjfcn</a>",64,8,40.332,0.881,4,41,0,1275.75,59.25,0.25,0.25
"<a href=""https://tiktok.com/@cjire9104"" target=""_blank"">@cjire9104</a>",58,3,31,0.75,1,12,0,611,17,0,0
"<a href=""https://tiktok.com/@cjsllfd"" target=""_blank"">@cjsllfd</a>",26,6,52.318,0.944,2,20,0,861.833,30.667,0,0
"<a href=""https://tiktok.com/@cjur6297"" target=""_blank"">@cjur6297</a>",58,9,62.726,0.889,2,39,0,1054.222,51.222,0.222,0.222
"<a href=""https://tiktok.com/@clirr5282"" target=""_blank"">@clirr5282</a>",60,7,34.769,1,1,13,0,877,59.143,0.429,0.429
"<a href=""https://tiktok.com/@cnatk3189"" target=""_blank"">@cnatk3189</a>",62,6,37.952,0.954,7,74,0,1185.333,51.333,0.333,0
"<a href=""https://tiktok.com/@coirf88774"" target=""_blank"">@coirf88774</a>",61,6,45.5,1,2,36,0,1305.125,92.5,0.5,0.125
"<a href=""https://tiktok.com/@courr1227"" target=""_blank"">@courr1227</a>",61,9,48.537,0.944,3,60,0,1276.222,50.778,0.333,0.333
"<a href=""https://tiktok.com/@cp.eagdu"" target=""_blank"">@cp.eagdu</a>",5,9,49.8,1,1,10,0,2327.111,123.444,0.556,1.111
"<a href=""https://tiktok.com/@crmrgfhhvxwmp"" target=""_blank"">@crmrgfhhvxwmp</a>",77,5,53,0.875,1,10,0,128048.6,11413.6,485.6,2837.2
"<a href=""https://tiktok.com/@crtyougo"" target=""_blank"">@crtyougo</a>",28,7,36.85,0.854,2,20,0,1538.571,95.714,1.143,0.143
"<a href=""https://tiktok.com/@cutequeen_driver120"" target=""_blank"">@cutequeen_driver120</a>",37,9,95.409,0.702,2,22,0,488.694,43.917,3.806,0.944
"<a href=""https://tiktok.com/@cvjbvgujh"" target=""_blank"">@cvjbvgujh</a>",80,15,55.587,0.928,6,67,0,1835.533,15,0,1.8
"<a href=""https://tiktok.com/@cvljri"" target=""_blank"">@cvljri</a>",92,3,61.111,1,3,27,0,110,1.333,0,0
"<a href=""https://tiktok.com/@cx.b28"" target=""_blank"">@cx.b28</a>",32,8,51.639,0.944,2,19,0,1153,106.375,1.875,0
"<a href=""https://tiktok.com/@dayutoureddit"" target=""_blank"">@dayutoureddit</a>",75,10,41.926,0.958,3,30,0,1551.3,139.4,1.8,1.1
"<a href=""https://tiktok.com/@dddgggg63"" target=""_blank"">@dddgggg63</a>",53,8,49.583,0.778,1,12,0,1752.8,53.3,2.5,1.1
"<a href=""https://tiktok.com/@debran.oxonrp00"" target=""_blank"">@debran.oxonrp00</a>",9,8,60.6,0.778,1,10,0,5029.5,77.875,0.625,0.75
"<a href=""https://tiktok.com/@dell.oswink"" target=""_blank"">@dell.oswink</a>",46,7,57.333,0.714,1,9,0,5786.625,159.5,0.625,0.625
"<a href=""https://tiktok.com/@dghhg372"" target=""_blank"">@dghhg372</a>",86,8,44.222,1,1,9,0,16726.875,1068.125,3.125,98.875
"<a href=""https://tiktok.com/@dhcfgggfhu"" target=""_blank"">@dhcfgggfhu</a>",34,16,58.33,0.972,4,67,0,1124.062,18.562,0.438,0.25
"<a href=""https://tiktok.com/@dhdjuehiehrh"" target=""_blank"">@dhdjuehiehrh</a>",75,6,36,1,1,12,0,4415.667,173.5,1.667,1
"<a href=""https://tiktok.com/@dhhi6645"" target=""_blank"">@dhhi6645</a>",57,5,58.841,0.889,3,43,0,959.556,50.333,0.333,0.111
"<a href=""https://tiktok.com/@dijx3903"" target=""_blank"">@dijx3903</a>",54,12,70.321,0.827,4,85,0,1841.917,45.583,0.25,0.25
"<a href=""https://tiktok.com/@djisks96"" target=""_blank"">@djisks96</a>",62,6,35.976,0.975,5,46,0,3230.833,54.333,1.667,1.333
"<a href=""https://tiktok.com/@djm9r"" target=""_blank"">@djm9r</a>",32,8,53.828,0.944,2,19,0,1004.375,57.75,2,1.375
"<a href=""https://tiktok.com/@djskgikeejk8"" target=""_blank"">@djskgikeejk8</a>",39,6,64.154,0.667,1,13,0,5749.933,165.667,2.467,39.8
"<a href=""https://tiktok.com/@dlakhjx"" target=""_blank"">@dlakhjx</a>",23,7,46.111,1,1,9,0,1170.429,35.571,0.429,0.286
"<a href=""https://tiktok.com/@drape.ivoe"" target=""_blank"">@drape.ivoe</a>",45,10,58.7,0.857,1,10,0,3659.6,162.6,1.1,1.8
"<a href=""https://tiktok.com/@drgd8391"" target=""_blank"">@drgd8391</a>",54,9,55.185,1,3,45,0,1102.333,48.167,0.417,0.25
"<a href=""https://tiktok.com/@dsnomp"" target=""_blank"">@dsnomp</a>",73,7,20.889,0.829,2,19,0,1018,44.125,1.625,0.375
"<a href=""https://tiktok.com/@dtbtcc8"" target=""_blank"">@dtbtcc8</a>",93,14,66.548,0.916,7,160,0,1964.357,57.071,0.286,0.929
"<a href=""https://tiktok.com/@dthh824"" target=""_blank"">@dthh824</a>",36,11,47.986,0.841,4,92,0,10477.727,157,2.182,5.545
"<a href=""https://tiktok.com/@dtkwod"" target=""_blank"">@dtkwod</a>",28,8,51.636,1,2,21,0,1777.875,104.875,1.25,1.5
"<a href=""https://tiktok.com/@dtxijq"" target=""_blank"">@dtxijq</a>",96,9,20.766,0.986,6,124,0,330.556,11.444,0.333,0.222
"<a href=""https://tiktok.com/@duuff30"" target=""_blank"">@duuff30</a>",62,8,41.197,0.928,9,101,0,1237.125,52.5,1.375,0.125
"<a href=""https://tiktok.com/@eiej4325"" target=""_blank"">@eiej4325</a>",54,4,71.746,0.75,4,46,0,439,15.25,0.5,1.25
"<a href=""https://tiktok.com/@emory.drawehj"" target=""_blank"">@emory.drawehj</a>",51,9,67.063,0.894,2,24,0,1714,46.444,1.111,2.222
"<a href=""https://tiktok.com/@eosid2"" target=""_blank"">@eosid2</a>",23,9,51.817,0.95,2,19,0,1115.444,42,0.111,0
"<a href=""https://tiktok.com/@eqmhqf"" target=""_blank"">@eqmhqf</a>",93,14,69.36,0.93,7,134,0.001,1110,28.533,0.133,0.333
"<a href=""https://tiktok.com/@eqxela7"" target=""_blank"">@eqxela7</a>",96,7,19.535,0.983,6,96,0,691.714,24.429,0.714,0.286
"<a href=""https://tiktok.com/@evfdmzl"" target=""_blank"">@evfdmzl</a>",71,7,35.476,0.944,2,23,0,2996.143,184.714,0.571,0.286
"<a href=""https://tiktok.com/@eyidk5"" target=""_blank"">@eyidk5</a>",89,9,38.939,1,2,30,0,874.222,72.778,1.556,0.111
"<a href=""https://tiktok.com/@fauy8466"" target=""_blank"">@fauy8466</a>",3,10,86.1,0.833,1,10,0,1759.4,86.9,0.6,1.1
"<a href=""https://tiktok.com/@fbnggg2"" target=""_blank"">@fbnggg2</a>",91,6,63.9,0.833,1,10,0,1928.167,109.5,1.5,1.833
"<a href=""https://tiktok.com/@fcjjv86"" target=""_blank"">@fcjjv86</a>",8,8,52.985,1,2,23,0,1512.222,84.333,0.222,0.556
"<a href=""https://tiktok.com/@fcvbvv57"" target=""_blank"">@fcvbvv57</a>",80,14,49.398,0.981,6,64,0,4047.667,44.467,1.333,18.4
"<a href=""https://tiktok.com/@fdijc3"" target=""_blank"">@fdijc3</a>",2,9,36.889,0.778,1,9,0,1802.556,137,1.667,1.556
"<a href=""https://tiktok.com/@fduic5"" target=""_blank"">@fduic5</a>",8,9,47.19,0.933,3,41,0,9782.9,119.2,4.9,0.9
"<a href=""https://tiktok.com/@fevkuiq"" target=""_blank"">@fevkuiq</a>",20,7,64.67,0.861,3,28,0,948.429,34.429,0.571,2
"<a href=""https://tiktok.com/@fgijg467"" target=""_blank"">@fgijg467</a>",90,6,40.667,1,1,12,0,1882,94.167,2.167,1.167
"<a href=""https://tiktok.com/@fhda78402"" target=""_blank"">@fhda78402</a>",54,12,56.311,0.972,4,71,0,932.583,64.083,0.5,0.5
"<a href=""https://tiktok.com/@fhdjfjfj8"" target=""_blank"">@fhdjfjfj8</a>",23,9,61.456,0.936,3,34,0.001,1529.667,46.778,0.111,0.333
"<a href=""https://tiktok.com/@fhkundshunk"" target=""_blank"">@fhkundshunk</a>",29,10,36.882,0.909,1,17,0,4353.1,4.4,0.3,0
"<a href=""https://tiktok.com/@fhuc22"" target=""_blank"">@fhuc22</a>",14,7,31.962,0.905,3,40,0,1054.857,25.857,0.857,0.714
"<a href=""https://tiktok.com/@fhvf210"" target=""_blank"">@fhvf210</a>",16,7,33.05,0.867,4,54,0,1113.714,45.714,2.143,4.857
"<a href=""https://tiktok.com/@fiir2712"" target=""_blank"">@fiir2712</a>",58,9,56.833,0.889,3,48,0,281.778,10.222,0,0.111
"<a href=""https://tiktok.com/@fijficvk"" target=""_blank"">@fijficvk</a>",22,9,47.909,1,1,11,0,740,15.222,0,0
"<a href=""https://tiktok.com/@fijglhhj"" target=""_blank"">@fijglhhj</a>",23,10,57.3,0.962,5,56,0.001,623,20.9,0.1,0
"<a href=""https://tiktok.com/@fjcjbho58"" target=""_blank"">@fjcjbho58</a>",68,10,50.123,0.94,8,104,0,1314.7,33.6,0.2,0
"<a href=""https://tiktok.com/@fjhfjfgjchjghfhjj"" target=""_blank"">@fjhfjfgjchjghfhjj</a>",75,7,51,0.875,1,9,0,862,39.571,0.286,0
"<a href=""https://tiktok.com/@fjyukfjjf"" target=""_blank"">@fjyukfjjf</a>",32,8,55.8,0.889,2,20,0,1183.875,100.625,1,1.125
"<a href=""https://tiktok.com/@fkfdnd"" target=""_blank"">@fkfdnd</a>",31,6,45.267,0.938,2,22,0,900.75,26,0.25,0
"<a href=""https://tiktok.com/@fkir2290"" target=""_blank"">@fkir2290</a>",58,9,48.933,0.792,2,27,0,655.222,75.222,0.444,0.111
"<a href=""https://tiktok.com/@fnnf8890"" target=""_blank"">@fnnf8890</a>",60,5,34.769,1,1,13,0,1416.375,75.625,0.125,1.375
"<a href=""https://tiktok.com/@frd7456"" target=""_blank"">@frd7456</a>",26,6,54.227,1,2,22,0,844.833,22,0,0
"<a href=""https://tiktok.com/@fsmcghkvdqqm"" target=""_blank"">@fsmcghkvdqqm</a>",77,6,53,0.875,1,10,0,1892,93.667,7,16.167
"<a href=""https://tiktok.com/@fughf21"" target=""_blank"">@fughf21</a>",1,7,57.372,1,4,37,0,2760.125,150.5,4,1.25
"<a href=""https://tiktok.com/@fulknm"" target=""_blank"">@fulknm</a>",85,8,43.75,1,2,24,0,1433,59.25,1.375,1.75
"<a href=""https://tiktok.com/@g.in.cgn"" target=""_blank"">@g.in.cgn</a>",64,7,32.486,0.944,2,21,0,1228.286,94.143,0.571,1.143
"<a href=""https://tiktok.com/@gckcj4"" target=""_blank"">@gckcj4</a>",3,10,54.473,0.931,4,48,0,2458,82.2,0.2,0.8
"<a href=""https://tiktok.com/@gclqse"" target=""_blank"">@gclqse</a>",93,12,66.379,1,1,29,0,574.667,33.133,0.133,0.4
"<a href=""https://tiktok.com/@gdjdi63"" target=""_blank"">@gdjdi63</a>",89,9,57.823,1,3,39,0,1393.889,50.222,1.111,0.111
"<a href=""https://tiktok.com/@geievertu8"" target=""_blank"">@geievertu8</a>",32,8,55.187,0.95,2,20,0,1944,53.125,0.375,0.5
"<a href=""https://tiktok.com/@gf.nj97"" target=""_blank"">@gf.nj97</a>",32,6,44.778,1,1,9,0,1635.5,110.667,2.333,14.167
"<a href=""https://tiktok.com/@gfg6705"" target=""_blank"">@gfg6705</a>",16,6,38.53,0.916,4,51,0,1070.333,28.667,1.5,1
"<a href=""https://tiktok.com/@gfjch34"" target=""_blank"">@gfjch34</a>",30,8,62.111,0.857,1,9,0,1899.556,159.444,4,15.667
"<a href=""https://tiktok.com/@ggg.hgfc"" target=""_blank"">@ggg.hgfc</a>",6,7,49.633,0.944,2,19,0,23906,477.75,2.5,4.75
"<a href=""https://tiktok.com/@ggih3179"" target=""_blank"">@ggih3179</a>",15,9,50.133,0.933,3,48,0,750.556,24.889,0.111,0.556
"<a href=""https://tiktok.com/@gheoe8"" target=""_blank"">@gheoe8</a>",84,8,54.021,0.917,2,25,0,6296,374.875,4.375,17.375
"<a href=""https://tiktok.com/@ghhj8554"" target=""_blank"">@ghhj8554</a>",54,12,74.418,0.922,4,69,0,3014.083,62.583,0.333,1.667
"<a href=""https://tiktok.com/@ghzdxbj"" target=""_blank"">@ghzdxbj</a>",34,6,49.556,1,1,9,0,1783.5,54.167,3,2
"<a href=""https://tiktok.com/@gigigjj"" target=""_blank"">@gigigjj</a>",23,8,54.815,0.929,2,25,0,750.625,28.875,0,0.375
"<a href=""https://tiktok.com/@giopgfv"" target=""_blank"">@giopgfv</a>",23,7,58.458,0.938,2,21,0.001,312.714,4.571,0,0.143
"<a href=""https://tiktok.com/@givi0331"" target=""_blank"">@givi0331</a>",55,8,59.337,0.96,5,49,0,530.455,17.273,0,0.182
"<a href=""https://tiktok.com/@gjguq6894"" target=""_blank"">@gjguq6894</a>",59,9,43.4,0.833,1,15,0,6339.333,126.444,0.667,3.667
"<a href=""https://tiktok.com/@gjhg8047"" target=""_blank"">@gjhg8047</a>",54,6,72.075,1,4,47,0,815.571,16.857,0,0.429
"<a href=""https://tiktok.com/@gkkfykjb"" target=""_blank"">@gkkfykjb</a>",23,10,51.054,0.972,3,40,0.001,927.3,33.1,0,0.3
"<a href=""https://tiktok.com/@gohdr4367"" target=""_blank"">@gohdr4367</a>",68,8,50.641,0.886,6,85,0,2053.125,63.375,0.375,0.375
"<a href=""https://tiktok.com/@gour2295"" target=""_blank"">@gour2295</a>",61,9,46.048,0.944,3,60,0,2464.333,72,0.667,1.556
"<a href=""https://tiktok.com/@goxwwtn"" target=""_blank"">@goxwwtn</a>",74,6,35.9,0.857,1,10,0,17735.625,818.25,3.5,1.875
"<a href=""https://tiktok.com/@gxhx514"" target=""_blank"">@gxhx514</a>",68,9,49.944,0.908,7,93,0,1626.556,33.222,0,0
"<a href=""https://tiktok.com/@hajhsh12"" target=""_blank"">@hajhsh12</a>",22,8,53.566,1,2,20,0,959.75,47.625,0.25,0.375
"<a href=""https://tiktok.com/@hbjoggv"" target=""_blank"">@hbjoggv</a>",23,6,41.7,1,1,10,0,717,19,0,0.167
"<a href=""https://tiktok.com/@hdbjx72"" target=""_blank"">@hdbjx72</a>",16,6,29.403,0.853,4,47,0,1560.833,32.5,0.167,0.5
"<a href=""https://tiktok.com/@hdhxh3484"" target=""_blank"">@hdhxh3484</a>",8,9,42.385,1,2,25,0,2835.444,55.556,1,4.222
"<a href=""https://tiktok.com/@hdicok57"" target=""_blank"">@hdicok57</a>",97,9,33.682,0.778,2,23,0,15997.889,771.889,12.778,6.444
"<a href=""https://tiktok.com/@hdmjwo1"" target=""_blank"">@hdmjwo1</a>",93,5,50.611,1,4,36,0,580.267,24.533,0.067,0.867
"<a href=""https://tiktok.com/@hdvhds4"" target=""_blank"">@hdvhds4</a>",64,5,41.2,0.778,1,10,0,1112,83,0.8,0
"<a href=""https://tiktok.com/@hfigi61"" target=""_blank"">@hfigi61</a>",97,7,31.278,0.746,2,21,0,6825.5,136.25,5.5,3.375
"<a href=""https://tiktok.com/@hfstil3"" target=""_blank"">@hfstil3</a>",88,8,52.167,0.75,1,12,0,27423.889,1327.333,16.222,32.444
"<a href=""https://tiktok.com/@hgidsi"" target=""_blank"">@hgidsi</a>",68,11,57.507,0.901,8,110,0,2778.909,63.727,0.182,0.818
"<a href=""https://tiktok.com/@hi.pnct"" target=""_blank"">@hi.pnct</a>",22,9,58.188,0.967,3,30,0,801.222,24.778,0.333,0.444
"<a href=""https://tiktok.com/@hidouo"" target=""_blank"">@hidouo</a>",93,15,57.732,1,5,112,0,963.333,20.2,0.067,0.333
"<a href=""https://tiktok.com/@hkmdrr"" target=""_blank"">@hkmdrr</a>",91,6,63.9,0.833,1,10,0,2055.833,92.667,0.833,2
"<a href=""https://tiktok.com/@hltuoq"" target=""_blank"">@hltuoq</a>",93,15,71.934,0.976,7,124,0,1457.533,59.267,0.6,0.533
"<a href=""https://tiktok.com/@hoeg.huan"" target=""_blank"">@hoeg.huan</a>",9,9,57.111,0.875,1,9,0,4149.667,55.667,0.667,0.889
"<a href=""https://tiktok.com/@hojdmc"" target=""_blank"">@hojdmc</a>",56,15,20.799,0.979,2,93,0,1208.333,157.733,0.333,0.533
"<a href=""https://tiktok.com/@hootchxs"" target=""_blank"">@hootchxs</a>",26,6,49.909,0.944,2,20,0,305.167,9.667,0,0.167
"<a href=""https://tiktok.com/@houri.enriqk"" target=""_blank"">@houri.enriqk</a>",50,8,50,0.9,1,14,0,376.625,7,0,0.25
"<a href=""https://tiktok.com/@hrsy60677"" target=""_blank"">@hrsy60677</a>",57,9,38.533,0.889,3,57,0,844.889,38.333,0.778,2.667
"<a href=""https://tiktok.com/@hsbuz8"" target=""_blank"">@hsbuz8</a>",17,11,43.425,1,2,31,0,998.818,40.273,0.091,0.091
"<a href=""https://tiktok.com/@htjzwe4"" target=""_blank"">@htjzwe4</a>",66,8,17.667,1,1,12,0,2326.75,55.5,1.25,0.25
"<a href=""https://tiktok.com/@huangzonliyoan"" target=""_blank"">@huangzonliyoan</a>",23,7,58.372,0.887,2,19,0,757,23.286,0.143,0.286
"<a href=""https://tiktok.com/@hullen.nguyen"" target=""_blank"">@hullen.nguyen</a>",4,9,51.467,0.952,3,30,0,1907.667,61.556,0.667,0.333
"<a href=""https://tiktok.com/@hurrryu"" target=""_blank"">@hurrryu</a>",85,8,67.205,1,2,23,0,3386.875,122.75,1.25,4.875
"<a href=""https://tiktok.com/@huydhfhyyxd"" target=""_blank"">@huydhfhyyxd</a>",83,7,27.658,0.917,2,23,0,19724.571,181.286,5,0.571
"<a href=""https://tiktok.com/@hvtcan"" target=""_blank"">@hvtcan</a>",73,6,18,0.857,1,10,0,1371.625,66,0.5,0.125
"<a href=""https://tiktok.com/@hwvrok"" target=""_blank"">@hwvrok</a>",65,8,39.129,0.929,2,23,0,1228.75,47.625,0.875,0.125
"<a href=""https://tiktok.com/@hxjdsj34"" target=""_blank"">@hxjdsj34</a>",62,7,37.418,0.945,8,89,0,2421.714,102.143,2.143,0.714
"<a href=""https://tiktok.com/@hzhdhs"" target=""_blank"">@hzhdhs</a>",62,7,35.143,0.929,7,79,0,1109.429,64.714,0.714,0.143
"<a href=""https://tiktok.com/@ididu034"" target=""_blank"">@ididu034</a>",33,7,60.556,1,1,9,0,13356.143,191.143,5.429,3.714
"<a href=""https://tiktok.com/@idpeoc"" target=""_blank"">@idpeoc</a>",93,13,64.602,0.868,8,150,0,1734.077,30.154,0.077,0.308
"<a href=""https://tiktok.com/@if.en.is.fam"" target=""_blank"">@if.en.is.fam</a>",25,8,47.444,1,1,9,0,977.375,35.625,0.5,0.375
"<a href=""https://tiktok.com/@ifkvkvo"" target=""_blank"">@ifkvkvo</a>",23,7,46.089,0.944,2,19,0,905.857,22.857,0.286,0.571
"<a href=""https://tiktok.com/@igdigsdp"" target=""_blank"">@igdigsdp</a>",23,8,54.025,0.944,2,22,0.001,826.875,26.75,0.125,1
"<a href=""https://tiktok.com/@iiuu553"" target=""_blank"">@iiuu553</a>",36,12,53.037,0.93,4,85,0,18736.667,225.5,1.083,3.583
"<a href=""https://tiktok.com/@ilges.estelwei"" target=""_blank"">@ilges.estelwei</a>",51,8,67.159,0.873,2,21,0,2293.5,56.75,1,2.25
"<a href=""https://tiktok.com/@injjzxvr"" target=""_blank"">@injjzxvr</a>",82,14,54.292,0.832,2,33,0,2264.6,14.4,0.4,4.333
"<a href=""https://tiktok.com/@irdc042"" target=""_blank"">@irdc042</a>",2,9,50.368,0.839,5,51,0,2100.444,98.889,1,0.889
"<a href=""https://tiktok.com/@isce0690"" target=""_blank"">@isce0690</a>",55,11,71.093,0.915,5,73,0,807.818,47.545,0.273,0.364
"<a href=""https://tiktok.com/@isge0853"" target=""_blank"">@isge0853</a>",55,6,65.367,1,4,46,0,356.167,10.5,0,0.167
"<a href=""https://tiktok.com/@isgs5669"" target=""_blank"">@isgs5669</a>",55,12,70.507,0.967,5,61,0,316.25,9.833,0.75,0.167
"<a href=""https://tiktok.com/@itsstj2"" target=""_blank"">@itsstj2</a>",84,10,56.038,0.917,2,26,0,1499.8,78.1,1.4,0.3
"<a href=""https://tiktok.com/@iuwgeh"" target=""_blank"">@iuwgeh</a>",89,9,53.667,1,1,9,0,29580.333,590.778,10.333,5
"<a href=""https://tiktok.com/@izbktlfq"" target=""_blank"">@izbktlfq</a>",80,11,40.832,0.958,5,53,0,1005.2,8.4,0,0.133
"<a href=""https://tiktok.com/@jajsjsn56"" target=""_blank"">@jajsjsn56</a>",35,13,57.881,0.917,3,69,0,2645.385,51.538,0.231,0.923
"<a href=""https://tiktok.com/@jccj44506"" target=""_blank"">@jccj44506</a>",54,6,61.667,0.833,2,21,0,710.111,32.222,0.111,0.556
"<a href=""https://tiktok.com/@jdkckcj2"" target=""_blank"">@jdkckcj2</a>",4,10,66.483,0.804,2,22,0,4559,66.3,1.4,2.4
"<a href=""https://tiktok.com/@jdpdosj"" target=""_blank"">@jdpdosj</a>",1,5,50.056,0.938,2,18,0,389.8,19.8,0.8,0
"<a href=""https://tiktok.com/@jdpxorjf"" target=""_blank"">@jdpxorjf</a>",2,10,55.53,0.928,5,58,0,3210,148.4,0.3,0.7
"<a href=""https://tiktok.com/@jecxsz"" target=""_blank"">@jecxsz</a>",96,9,21.189,0.986,6,124,0,544.667,32.889,1.444,0.444
"<a href=""https://tiktok.com/@jfdd653"" target=""_blank"">@jfdd653</a>",3,8,48.556,0.958,3,35,0,2342.6,76.7,0.4,2.7
"<a href=""https://tiktok.com/@jfkovj5"" target=""_blank"">@jfkovj5</a>",2,8,66.7,0.801,3,28,0,1913.625,117.25,1,1.375
"<a href=""https://tiktok.com/@jjdjdd911"" target=""_blank"">@jjdjdd911</a>",24,9,53.406,1,2,26,0,801.556,18.556,0.111,0.111
"<a href=""https://tiktok.com/@jkdkj"" target=""_blank"">@jkdkj</a>",23,9,50.297,0.969,4,41,0.001,388.222,22.889,0.222,0.222
"<a href=""https://tiktok.com/@jkiffikj"" target=""_blank"">@jkiffikj</a>",7,7,18.889,1,1,9,0,3681.375,128.375,1.75,4
"<a href=""https://tiktok.com/@jkuy0534"" target=""_blank"">@jkuy0534</a>",54,9,78.531,0.95,4,55,0,1338.667,53.889,0.222,0.556
"<a href=""https://tiktok.com/@jsjsjksmsmsk"" target=""_blank"">@jsjsjksmsmsk</a>",34,9,54.183,0.972,4,43,0,2482,24.889,0.222,0.556
"<a href=""https://tiktok.com/@jsosjxj8"" target=""_blank"">@jsosjxj8</a>",2,9,65.045,0.856,3,32,0,2805.778,86.667,0.667,1.222
"<a href=""https://tiktok.com/@jspsns3"" target=""_blank"">@jspsns3</a>",87,8,60.678,0.944,3,38,0,4528,187.125,1.875,3.125
"<a href=""https://tiktok.com/@jtcytxyzey"" target=""_blank"">@jtcytxyzey</a>",2,10,62.293,0.938,4,43,0,14145.7,334.2,5.4,2.9
"<a href=""https://tiktok.com/@jvhb240"" target=""_blank"">@jvhb240</a>",35,15,58.845,0.832,5,97,0,2241.4,56.067,0.333,0.733
"<a href=""https://tiktok.com/@jvtvc3"" target=""_blank"">@jvtvc3</a>",36,12,54.595,0.87,4,88,0,27173,1642,13.417,222.833
"<a href=""https://tiktok.com/@kacbr2774"" target=""_blank"">@kacbr2774</a>",62,7,33.443,0.938,8,93,0,721.375,22.625,0.25,0.125
"<a href=""https://tiktok.com/@kamlisarkar_0"" target=""_blank"">@kamlisarkar_0</a>",43,6,103.417,0.833,1,12,0,5411.417,465.833,22.75,47.833
"<a href=""https://tiktok.com/@kdywnty"" target=""_blank"">@kdywnty</a>",71,8,42.329,0.938,4,43,0,1549.75,51.875,0.875,0.25
"<a href=""https://tiktok.com/@kfbfol"" target=""_blank"">@kfbfol</a>",94,7,51.75,1,1,20,0,241.6,30.1,0.1,1.7
"<a href=""https://tiktok.com/@kgkghkv"" target=""_blank"">@kgkghkv</a>",22,7,67.556,1,1,9,0,879.857,28.714,0.286,0.143
"<a href=""https://tiktok.com/@khanh.phukhh"" target=""_blank"">@khanh.phukhh</a>",49,9,43.676,1,2,27,0,1828.111,47.889,3.222,7.667
"<a href=""https://tiktok.com/@khayrikasibmansou"" target=""_blank"">@khayrikasibmansou</a>",98,3,53,0.8,1,9,0,1113.333,18.333,0,2.333
"<a href=""https://tiktok.com/@klsier"" target=""_blank"">@klsier</a>",93,3,46.667,1,4,36,0,112,6.667,0,0
"<a href=""https://tiktok.com/@krug011"" target=""_blank"">@krug011</a>",2,8,53.033,0.909,2,22,0,2510.875,188.125,1.375,1.125
"<a href=""https://tiktok.com/@ktsfyh"" target=""_blank"">@ktsfyh</a>",28,6,56.754,1,3,30,0,2167.667,139.167,2.167,3
"<a href=""https://tiktok.com/@kuhar.clair6"" target=""_blank"">@kuhar.clair6</a>",16,5,35.158,0.842,4,38,0,949.8,36,0,0
"<a href=""https://tiktok.com/@laicai.reddit"" target=""_blank"">@laicai.reddit</a>",78,6,46.55,0.929,2,22,0,142098.5,12276.5,303.5,984.333
"<a href=""https://tiktok.com/@landscape5670"" target=""_blank"">@landscape5670</a>",28,9,44.641,0.955,6,66,0,3196.889,157.778,2.222,3.222
"<a href=""https://tiktok.com/@lanora.haskely"" target=""_blank"">@lanora.haskely</a>",49,9,57.335,0.958,3,41,0,1685.889,42,1.778,2
"<a href=""https://tiktok.com/@lawgray3"" target=""_blank"">@lawgray3</a>",35,10,50.228,0.947,7,101,0,1854.7,60.4,0.4,0.9
"<a href=""https://tiktok.com/@ldaphc"" target=""_blank"">@ldaphc</a>",96,9,20.781,0.986,6,124,0,504.889,25.556,0,0.111
"<a href=""https://tiktok.com/@lekpow"" target=""_blank"">@lekpow</a>",93,3,89.333,1,1,9,0,263,7.333,0,0
"<a href=""https://tiktok.com/@lhodsrr"" target=""_blank"">@lhodsrr</a>",23,10,50.587,0.971,5,54,0.001,418.8,12.2,0.2,0.3
"<a href=""https://tiktok.com/@lhqitc"" target=""_blank"">@lhqitc</a>",93,15,72.211,0.967,5,66,0,1362.533,34.2,0.133,0.133
"<a href=""https://tiktok.com/@liaojiuyu"" target=""_blank"">@liaojiuyu</a>",68,8,46.317,0.853,5,64,0,1431.75,29.375,0.375,0.125
"<a href=""https://tiktok.com/@lin689668987"" target=""_blank"">@lin689668987</a>",29,7,36.882,0.909,1,17,0,1698.625,78.5,2.375,27
"<a href=""https://tiktok.com/@liyyyang"" target=""_blank"">@liyyyang</a>",22,9,63.349,0.939,3,32,0,750.778,24.444,0,0.444
"<a href=""https://tiktok.com/@ljpjvh"" target=""_blank"">@ljpjvh</a>",65,10,26.556,0.964,2,30,0,5387.6,125.8,1.3,0.6
"<a href=""https://tiktok.com/@lnppoe"" target=""_blank"">@lnppoe</a>",92,14,63.942,0.967,3,57,0,17251.133,232.867,10.133,22.4
"<a href=""https://tiktok.com/@lpdjjnk"" target=""_blank"">@lpdjjnk</a>",23,7,70.444,0.875,1,9,0,533.429,11.143,0,0
"<a href=""https://tiktok.com/@luet671136"" target=""_blank"">@luet671136</a>",20,8,65.891,0.915,3,30,0,1307.25,74.875,0.375,0.375
"<a href=""https://tiktok.com/@lush_queen120"" target=""_blank"">@lush_queen120</a>",38,7,85.333,0.833,1,21,0,2355.333,213.848,19.485,9.545
"<a href=""https://tiktok.com/@lwandiswamsithini"" target=""_blank"">@lwandiswamsithini</a>",10,8,50.778,1,1,9,0,7180.625,100.625,1.5,3.625
"<a href=""https://tiktok.com/@mariencassano"" target=""_blank"">@mariencassano</a>",83,7,39.641,1,2,25,0,6896.444,53.444,1.889,0.222
"<a href=""https://tiktok.com/@mdsdz2"" target=""_blank"">@mdsdz2</a>",39,7,64.154,0.667,1,13,0,26558.286,956.857,31.429,14.929
"<a href=""https://tiktok.com/@mendhejeheje"" target=""_blank"">@mendhejeheje</a>",80,13,49.342,0.954,6,70,0,1899.267,20.2,0.2,17.067
"<a href=""https://tiktok.com/@mjbwysq6"" target=""_blank"">@mjbwysq6</a>",63,8,73.361,1,2,21,0,1244,50.75,0.375,0.25
"<a href=""https://tiktok.com/@mmhpbybt"" target=""_blank"">@mmhpbybt</a>",82,11,64.656,0.787,2,28,0,2157.533,28.667,5.133,2.267
"<a href=""https://tiktok.com/@monalisa7988"" target=""_blank"">@monalisa7988</a>",15,10,47.175,0.912,5,70,0,822.9,30.2,0.3,0.1
"<a href=""https://tiktok.com/@mong.khuu"" target=""_blank"">@mong.khuu</a>",11,8,41.222,1,1,9,0,1136.375,35.625,1.625,4.875
"<a href=""https://tiktok.com/@mua29840"" target=""_blank"">@mua29840</a>",31,6,52.639,1,2,21,0,3646,71.875,0.5,0.625
"<a href=""https://tiktok.com/@mulask57"" target=""_blank"">@mulask57</a>",15,8,43.446,0.864,3,39,0,1428.111,34.444,0.222,0
"<a href=""https://tiktok.com/@mxvgdscsdfvcsdfsd"" target=""_blank"">@mxvgdscsdfvcsdfsd</a>",20,7,58.364,0.944,2,20,0,882.857,23.429,0.286,0.429
"<a href=""https://tiktok.com/@my.vsndjehdjj"" target=""_blank"">@my.vsndjehdjj</a>",34,9,59.21,1,4,47,0,1439.111,32.111,0.222,1
"<a href=""https://tiktok.com/@nassralanijw1hlg"" target=""_blank"">@nassralanijw1hlg</a>",40,8,21.208,1,1,24,0,503.5,42.25,0.5,0.375
"<a href=""https://tiktok.com/@ncaqusztvgl"" target=""_blank"">@ncaqusztvgl</a>",93,3,56.861,1,4,36,0,112.667,1.333,0,0
"<a href=""https://tiktok.com/@ncjfhyrsdj"" target=""_blank"">@ncjfhyrsdj</a>",62,6,39.691,0.958,3,30,0,977.667,29,0.333,0
"<a href=""https://tiktok.com/@ncsfo3287"" target=""_blank"">@ncsfo3287</a>",62,8,31.737,0.939,8,102,0,1343.625,79.25,1.25,0.375
"<a href=""https://tiktok.com/@ndhfs844"" target=""_blank"">@ndhfs844</a>",68,6,40.477,0.854,5,59,0,1387.5,32.667,0.5,0
"<a href=""https://tiktok.com/@ndmsl15"" target=""_blank"">@ndmsl15</a>",89,9,60.192,1,2,26,0,20645.222,486.667,10.556,8.444
"<a href=""https://tiktok.com/@nfjsk12"" target=""_blank"">@nfjsk12</a>",90,6,40.667,1,1,12,0,3234.167,137.5,1,0.833
"<a href=""https://tiktok.com/@nidaye81"" target=""_blank"">@nidaye81</a>",68,10,54.273,0.863,9,146,0,2541.4,65.5,0.4,0.3
"<a href=""https://tiktok.com/@niyebuya"" target=""_blank"">@niyebuya</a>",53,8,49.583,0.778,1,12,0,15738.4,328.1,5.4,2.2
"<a href=""https://tiktok.com/@nzohwh"" target=""_blank"">@nzohwh</a>",70,7,11.818,0.889,1,11,0,1301.857,106.429,1.571,0.571
"<a href=""https://tiktok.com/@objlhmtjemu"" target=""_blank"">@objlhmtjemu</a>",94,9,51.75,1,1,20,0,2016.067,37.8,0.133,0.467
"<a href=""https://tiktok.com/@oeivoppc"" target=""_blank"">@oeivoppc</a>",80,15,46.334,0.956,5,51,0,1314.467,8.2,0.133,2.133
"<a href=""https://tiktok.com/@ohchocx"" target=""_blank"">@ohchocx</a>",27,6,51.5,1,1,10,0,804.333,12,0,0
"<a href=""https://tiktok.com/@okay11732"" target=""_blank"">@okay11732</a>",54,12,58.643,0.955,6,110,0,1348.917,49.75,0.917,0.5
"<a href=""https://tiktok.com/@oljclk"" target=""_blank"">@oljclk</a>",65,10,24.518,0.893,2,29,0,1145.7,19.7,0.4,0.2
"<a href=""https://tiktok.com/@omi.poni0"" target=""_blank"">@omi.poni0</a>",14,9,36.989,0.944,3,51,0,1219.333,46.667,0.333,2.222
"<a href=""https://tiktok.com/@onikacaylie"" target=""_blank"">@onikacaylie</a>",11,7,41.222,1,1,9,0,2723.375,40.25,2,20
"<a href=""https://tiktok.com/@opgse4909"" target=""_blank"">@opgse4909</a>",68,10,56.993,0.846,11,182,0,14071.091,461.636,2.909,1.182
"<a href=""https://tiktok.com/@osb.remo"" target=""_blank"">@osb.remo</a>",35,12,50.697,0.922,9,142,0.001,2951.5,57.583,0.667,11.667
"<a href=""https://tiktok.com/@oshasg"" target=""_blank"">@oshasg</a>",85,8,60.455,1,2,23,0,1661,91,1.75,4
"<a href=""https://tiktok.com/@owuhwh"" target=""_blank"">@owuhwh</a>",88,6,52.167,0.75,1,12,0,40188.167,1507.833,14.5,16
"<a href=""https://tiktok.com/@oxkops7"" target=""_blank"">@oxkops7</a>",70,6,11.818,0.889,1,11,0,1283.5,53.167,1,0.5
"<a href=""https://tiktok.com/@oxkympku"" target=""_blank"">@oxkympku</a>",81,6,52.2,1,1,10,0,2611.333,14.333,0.167,25.833
"<a href=""https://tiktok.com/@pbpktw"" target=""_blank"">@pbpktw</a>",93,15,71.186,0.91,8,181,0,1029.2,23.133,0.067,0.067
"<a href=""https://tiktok.com/@pcufgt6"" target=""_blank"">@pcufgt6</a>",74,7,35.9,0.857,1,10,0,969.286,46,0.571,0.571
"<a href=""https://tiktok.com/@pdilul"" target=""_blank"">@pdilul</a>",66,6,15.8,0.875,1,10,0,2962.125,110.25,0.625,0.25
"<a href=""https://tiktok.com/@pehcpohz"" target=""_blank"">@pehcpohz</a>",82,15,48.698,0.892,2,37,0,2530.2,20.733,2.8,8.133
"<a href=""https://tiktok.com/@phxagnixobfs"" target=""_blank"">@phxagnixobfs</a>",79,6,50.111,0.75,1,9,0,3681.5,239.167,12.167,22
"<a href=""https://tiktok.com/@plaqebfzf07"" target=""_blank"">@plaqebfzf07</a>",37,6,88.78,0.8,2,23,0,655.92,54.2,4.48,2.92
"<a href=""https://tiktok.com/@prbnac"" target=""_blank"">@prbnac</a>",93,3,58.667,1,2,18,0,134.333,0.333,0,0
"<a href=""https://tiktok.com/@prtnr8"" target=""_blank"">@prtnr8</a>",32,9,55.818,0.9,1,11,0,2907,113.667,2,0.556
"<a href=""https://tiktok.com/@puhrra"" target=""_blank"">@puhrra</a>",93,14,66.556,0.985,5,110,0,812.571,32.786,0,0.286
"<a href=""https://tiktok.com/@purnialesh45"" target=""_blank"">@purnialesh45</a>",50,9,50,0.9,1,14,0,1183.889,35.667,2.667,5.111
"<a href=""https://tiktok.com/@pxibi018"" target=""_blank"">@pxibi018</a>",17,6,47.14,1,2,24,0,1552.125,56.25,0.625,1
"<a href=""https://tiktok.com/@qdcieh"" target=""_blank"">@qdcieh</a>",56,16,19.646,0.962,2,96,0,1371.938,90.188,0.438,0.375
"<a href=""https://tiktok.com/@qifei6668886"" target=""_blank"">@qifei6668886</a>",47,8,39.778,1,1,9,0,1645.889,68.556,0.222,0.444
"<a href=""https://tiktok.com/@qigqtm"" target=""_blank"">@qigqtm</a>",93,3,59.289,1,5,45,0,111.667,1.333,0,0
"<a href=""https://tiktok.com/@quincyshop08"" target=""_blank"">@quincyshop08</a>",2,10,60.435,0.946,4,45,0,1073.7,48.1,0.3,0.4
"<a href=""https://tiktok.com/@ququ.anhag"" target=""_blank"">@ququ.anhag</a>",48,8,83.385,1,1,13,0,2014.667,22.889,1.667,0.889
"<a href=""https://tiktok.com/@qvcka2481"" target=""_blank"">@qvcka2481</a>",68,8,47.568,0.839,6,88,0,1389.625,50.375,0.375,0.125
"<a href=""https://tiktok.com/@reddit.vztwo"" target=""_blank"">@reddit.vztwo</a>",13,8,38.504,0.947,5,84,0,1201.375,22.75,0.125,0
"<a href=""https://tiktok.com/@reddit1bs"" target=""_blank"">@reddit1bs</a>",15,6,49.917,0.875,1,12,0,1009.625,32.375,0.25,0.25
"<a href=""https://tiktok.com/@reddit_grayson99"" target=""_blank"">@reddit_grayson99</a>",56,15,20.091,0.941,2,93,0,7079.2,258.067,0.4,0.667
"<a href=""https://tiktok.com/@reddit_ignatius8"" target=""_blank"">@reddit_ignatius8</a>",92,15,64.531,1,3,79,0,5388.133,86.867,8.867,14.8
"<a href=""https://tiktok.com/@redditpov1"" target=""_blank"">@redditpov1</a>",21,9,55.806,0.929,2,19,0,3221.778,57.667,0.111,0.444
"<a href=""https://tiktok.com/@reddittext48"" target=""_blank"">@reddittext48</a>",21,9,53.429,1,2,24,0,2184,44.778,0.444,1.667
"<a href=""https://tiktok.com/@refine74"" target=""_blank"">@refine74</a>",66,7,16.733,0.938,2,22,0,1710,152.714,1,0.857
"<a href=""https://tiktok.com/@rfgfghf1"" target=""_blank"">@rfgfghf1</a>",83,7,38.683,0.917,2,22,0,16861.778,129.556,3,1.111
"<a href=""https://tiktok.com/@rohingyao"" target=""_blank"">@rohingyao</a>",28,9,56.083,1,3,31,0,3564.4,124.4,1.7,1.7
"<a href=""https://tiktok.com/@rrwtqoji8v5"" target=""_blank"">@rrwtqoji8v5</a>",20,8,49.04,0.857,2,20,0,1163,30.625,0.125,0.5
"<a href=""https://tiktok.com/@rubin.mervy8"" target=""_blank"">@rubin.mervy8</a>",35,4,59.528,0.875,4,36,0,993.5,36,0.25,1
"<a href=""https://tiktok.com/@seile.rian"" target=""_blank"">@seile.rian</a>",35,11,59.65,0.91,7,126,0,2163.182,42.091,5.727,11.455
"<a href=""https://tiktok.com/@sfagnd"" target=""_blank"">@sfagnd</a>",86,8,44.222,1,1,9,0,11863,208.125,2,3.625
"<a href=""https://tiktok.com/@sharleen.howard"" target=""_blank"">@sharleen.howard</a>",8,10,44.958,0.933,4,44,0,1568.6,134.1,0.8,2.2
"<a href=""https://tiktok.com/@shbsdd2"" target=""_blank"">@shbsdd2</a>",92,15,65.287,0.967,3,73,0,8990.267,179.133,17.133,19.533
"<a href=""https://tiktok.com/@shfjjg4"" target=""_blank"">@shfjjg4</a>",24,6,66.636,0.9,1,11,0,1458.333,29.333,1.167,0.333
"<a href=""https://tiktok.com/@shuj977"" target=""_blank"">@shuj977</a>",12,8,48.962,0.9,2,26,0,879.625,29.625,0.375,0.5
"<a href=""https://tiktok.com/@shuy742"" target=""_blank"">@shuy742</a>",13,9,44.572,0.938,5,100,0,703.5,25.3,0.2,0
"<a href=""https://tiktok.com/@sikki.kahtyk"" target=""_blank"">@sikki.kahtyk</a>",52,10,51.909,0.889,1,11,0,5369.6,95,0.7,1.5
"<a href=""https://tiktok.com/@skkfdxh"" target=""_blank"">@skkfdxh</a>",25,7,47.444,1,1,9,0,657.857,19.286,0.429,0.429
"<a href=""https://tiktok.com/@skunk.robinsong"" target=""_blank"">@skunk.robinsong</a>",45,6,58.7,0.857,1,10,0,1820,148.667,1,0.833
"<a href=""https://tiktok.com/@snoshsj"" target=""_blank"">@snoshsj</a>",62,7,34.819,0.956,8,88,0,1305.429,49.429,0.429,0.143
"<a href=""https://tiktok.com/@sooz6329"" target=""_blank"">@sooz6329</a>",59,5,43.4,0.833,1,15,0,239,16.2,0,0.2
"<a href=""https://tiktok.com/@sqifhw"" target=""_blank"">@sqifhw</a>",93,15,58.138,0.973,7,122,0.001,1325.533,51.933,0.067,0.267
"<a href=""https://tiktok.com/@steven.garrison13"" target=""_blank"">@steven.garrison13</a>",5,8,49.8,1,1,10,0,1297.556,64.222,0.667,0.444
"<a href=""https://tiktok.com/@stoyouh"" target=""_blank"">@stoyouh</a>",28,8,61.545,0.875,1,11,0,2190.125,112.5,1,3
"<a href=""https://tiktok.com/@sug7994"" target=""_blank"">@sug7994</a>",13,7,38.707,0.947,5,83,0,762.286,23.714,0.143,0.286
"<a href=""https://tiktok.com/@sun.lilym"" target=""_blank"">@sun.lilym</a>",51,8,63.404,0.879,2,23,0,1540,103.5,1.125,3.125
"<a href=""https://tiktok.com/@suoxin2"" target=""_blank"">@suoxin2</a>",23,7,51,1,1,12,0,973.857,34.429,0,0
"<a href=""https://tiktok.com/@susv0936"" target=""_blank"">@susv0936</a>",55,6,60,1,2,27,0,4902.167,59,0,0.167
"<a href=""https://tiktok.com/@sweet_babyc120"" target=""_blank"">@sweet_babyc120</a>",38,6,88.389,0.833,2,39,0,3368.4,316.68,20.4,6.96
"<a href=""https://tiktok.com/@sweet_driver120"" target=""_blank"">@sweet_driver120</a>",37,10,98.182,0.571,1,11,0,10958.083,763.729,38.167,13.708
"<a href=""https://tiktok.com/@tarkibaby0"" target=""_blank"">@tarkibaby0</a>",44,3,52.9,0.833,1,10,0,108.375,5.75,0.25,0
"<a href=""https://tiktok.com/@tessh95"" target=""_blank"">@tessh95</a>",87,8,71.35,0.917,2,26,0,1022.875,110.75,1.5,0.75
"<a href=""https://tiktok.com/@tetel4962"" target=""_blank"">@tetel4962</a>",55,6,68.85,1,2,33,0,331.667,10.667,0,0
"<a href=""https://tiktok.com/@thanh.dngp"" target=""_blank"">@thanh.dngp</a>",46,10,57.333,0.714,1,9,0,1816.2,118.3,1.5,1.5
"<a href=""https://tiktok.com/@tijf9855"" target=""_blank"">@tijf9855</a>",95,9,14.556,1,2,18,0,1490.889,36.889,0.667,0.444
"<a href=""https://tiktok.com/@tikfop7478"" target=""_blank"">@tikfop7478</a>",72,6,70.222,0.857,1,9,0,1022.333,37.833,0.333,0
"<a href=""https://tiktok.com/@titme"" target=""_blank"">@titme</a>",14,9,42.933,0.91,3,49,0,985.333,53.667,1.111,0.667
"<a href=""https://tiktok.com/@tiut0219"" target=""_blank"">@tiut0219</a>",57,9,38.533,0.889,3,57,0,352.444,17,0.444,0.556
"<a href=""https://tiktok.com/@tkfjfjjrj"" target=""_blank"">@tkfjfjjrj</a>",6,10,41.425,0.944,2,22,0,2786.9,43.9,0.9,0.9
"<a href=""https://tiktok.com/@todaysfriendshow4"" target=""_blank"">@todaysfriendshow4</a>",12,8,48.654,1,2,28,0,1599.375,46.375,1,0.125
"<a href=""https://tiktok.com/@toma.rimi"" target=""_blank"">@toma.rimi</a>",14,9,36.036,0.944,3,52,0,1374.778,33.222,0.556,0.444
"<a href=""https://tiktok.com/@tookg4664"" target=""_blank"">@tookg4664</a>",68,4,38.136,0.867,5,52,0,79.75,0.75,0,0
"<a href=""https://tiktok.com/@topi.khatun6"" target=""_blank"">@topi.khatun6</a>",17,9,42.104,1,2,29,0,1136.1,21.8,0,0.3
"<a href=""https://tiktok.com/@tri.nguyenw"" target=""_blank"">@tri.nguyenw</a>",48,9,66.273,0.857,1,11,0,653.333,4.444,0,0
"<a href=""https://tiktok.com/@tug35587"" target=""_blank"">@tug35587</a>",87,8,64.389,1,3,44,0,7959.625,303.875,1,7.375
"<a href=""https://tiktok.com/@tugx2917"" target=""_blank"">@tugx2917</a>",55,10,65.837,0.933,5,56,0,581.583,26.333,0.083,0.167
"<a href=""https://tiktok.com/@twkg9813"" target=""_blank"">@twkg9813</a>",54,9,56.787,0.889,3,55,0,962.111,36.778,0.333,0.333
"<a href=""https://tiktok.com/@ubhutfrx"" target=""_blank"">@ubhutfrx</a>",1,8,53.838,0.967,3,31,0,3946.875,102.875,2.375,2.75
"<a href=""https://tiktok.com/@uest1280"" target=""_blank"">@uest1280</a>",54,9,52.544,0.917,4,56,0,831.111,18.778,0.222,0
"<a href=""https://tiktok.com/@uffvi7"" target=""_blank"">@uffvi7</a>",23,9,52.923,0.952,4,50,0,1421.889,26.222,0,0
"<a href=""https://tiktok.com/@ufsc8075"" target=""_blank"">@ufsc8075</a>",57,6,56.841,0.889,3,43,0,2839,84.778,0.333,1.444
"<a href=""https://tiktok.com/@uiavao.bskvai"" target=""_blank"">@uiavao.bskvai</a>",6,10,48.458,1,2,21,0,77240.7,3518.4,9.8,21.3
"<a href=""https://tiktok.com/@uraf9163"" target=""_blank"">@uraf9163</a>",95,9,13.444,1,2,18,0,1333.778,48.222,0.667,1.444
"<a href=""https://tiktok.com/@urdu9708"" target=""_blank"">@urdu9708</a>",58,7,53.71,0.806,2,36,0,1250,61.286,0.143,0
"<a href=""https://tiktok.com/@usbkjggb6819"" target=""_blank"">@usbkjggb6819</a>",34,12,73.545,0.909,1,11,0,1520.4,23.133,0.467,1.8
"<a href=""https://tiktok.com/@user1203613923425"" target=""_blank"">@user1203613923425</a>",18,10,48.643,0.923,1,14,0,47249.3,1099.7,12.2,415
"<a href=""https://tiktok.com/@user12390941773567"" target=""_blank"">@user12390941773567</a>",34,11,68.551,0.955,2,20,0,799.75,13.562,0.5,5.562
"<a href=""https://tiktok.com/@user2810315813972"" target=""_blank"">@user2810315813972</a>",33,8,60.556,1,1,9,0,1922.875,78.25,1.375,0.25
"<a href=""https://tiktok.com/@user2903556969068"" target=""_blank"">@user2903556969068</a>",19,7,42.818,0.944,2,22,0,1872.857,40.714,1.714,7
"<a href=""https://tiktok.com/@user2932993437321"" target=""_blank"">@user2932993437321</a>",19,8,52.611,0.81,3,28,0,1945.25,49.125,0.625,7.5
"<a href=""https://tiktok.com/@user3034858843569"" target=""_blank"">@user3034858843569</a>",80,15,45.228,0.958,7,79,0,1687,9.133,0.067,0.133
"<a href=""https://tiktok.com/@user31473805812777"" target=""_blank"">@user31473805812777</a>",80,14,72.5,0.929,2,18,0,2486.267,22.933,0.267,4.8
"<a href=""https://tiktok.com/@user3758269061970"" target=""_blank"">@user3758269061970</a>",40,9,21.208,1,1,24,0,569,32.111,0.444,0.111
"<a href=""https://tiktok.com/@user3782324049429"" target=""_blank"">@user3782324049429</a>",80,14,66.315,0.964,4,47,0,1583.6,21.667,0.2,2.333
"<a href=""https://tiktok.com/@user386963311513"" target=""_blank"">@user386963311513</a>",19,8,52.306,0.939,4,39,0,2609.75,65.125,1.375,8.25
"<a href=""https://tiktok.com/@user4181021201798"" target=""_blank"">@user4181021201798</a>",19,7,55.5,0.857,1,10,0,1956.143,36,1,7.714
"<a href=""https://tiktok.com/@user4473161544200"" target=""_blank"">@user4473161544200</a>",34,15,52.529,0.956,4,59,0,2448.933,100.667,2,1.733
"<a href=""https://tiktok.com/@user4623873316361"" target=""_blank"">@user4623873316361</a>",80,14,48.338,0.97,6,65,0,2118.333,23.067,0.2,21.067
"<a href=""https://tiktok.com/@user5626060056906"" target=""_blank"">@user5626060056906</a>",1,9,51.839,0.944,4,41,0,3550.778,239.556,2.333,1.111
"<a href=""https://tiktok.com/@user6186701630842"" target=""_blank"">@user6186701630842</a>",19,8,39.051,1,3,32,0,1630.25,44.125,2,8.5
"<a href=""https://tiktok.com/@user6240933338579"" target=""_blank"">@user6240933338579</a>",80,15,53.875,0.973,7,79,0,3337.533,35.4,0.133,5.4
"<a href=""https://tiktok.com/@user65533709618068"" target=""_blank"">@user65533709618068</a>",7,8,18.889,1,1,9,0,1133.5,39.875,0.5,0.375
"<a href=""https://tiktok.com/@user6812280201318"" target=""_blank"">@user6812280201318</a>",34,15,56.571,0.97,6,78,0,2034.4,47,1,2.733
"<a href=""https://tiktok.com/@user6922385284275"" target=""_blank"">@user6922385284275</a>",1,9,53.582,1,3,31,0,2277.889,108.444,2,1.889
"<a href=""https://tiktok.com/@user7605976152392"" target=""_blank"">@user7605976152392</a>",8,8,60.339,0.882,3,37,0,1843,44.25,0.375,0
"<a href=""https://tiktok.com/@user8508148033286"" target=""_blank"">@user8508148033286</a>",4,8,67.667,0.75,1,12,0,1447.5,86,0.7,0.9
"<a href=""https://tiktok.com/@user8653602093025"" target=""_blank"">@user8653602093025</a>",19,8,57.056,0.807,2,21,0,2127.125,63.625,1.375,7.75
"<a href=""https://tiktok.com/@user8753242872061"" target=""_blank"">@user8753242872061</a>",24,10,53.668,0.967,3,36,0,835,22.7,0.3,0.2
"<a href=""https://tiktok.com/@user8794483655797"" target=""_blank"">@user8794483655797</a>",19,7,39.216,0.963,3,32,0,4291,80.714,2.286,25.857
"<a href=""https://tiktok.com/@user8847609801518"" target=""_blank"">@user8847609801518</a>",18,10,48.643,0.923,1,14,0,799.3,24.5,1.4,4.6
"<a href=""https://tiktok.com/@user99216158120478"" target=""_blank"">@user99216158120478</a>",80,9,70.041,0.889,3,31,0,7736.111,44.778,0.111,29
"<a href=""https://tiktok.com/@user9960965670038"" target=""_blank"">@user9960965670038</a>",23,8,59.529,0.946,4,45,0,1452.125,45.75,0.25,0.625
"<a href=""https://tiktok.com/@username.1545465"" target=""_blank"">@username.1545465</a>",43,6,103.417,0.833,1,12,0,50.867,4.2,0.533,0
"<a href=""https://tiktok.com/@username6652655"" target=""_blank"">@username6652655</a>",37,5,89.727,0.8,1,11,0,314.125,43.375,2.188,0.438
"<a href=""https://tiktok.com/@ushddhd11"" target=""_blank"">@ushddhd11</a>",31,6,47.072,0.938,2,19,0,614.429,16.286,0.286,0.143
"<a href=""https://tiktok.com/@usjg2117"" target=""_blank"">@usjg2117</a>",55,12,51.849,0.903,3,43,0,341.583,15.417,0.167,0
"<a href=""https://tiktok.com/@utoxwqg"" target=""_blank"">@utoxwqg</a>",96,9,20.897,1,6,124,0,254.333,12.556,0.333,0
"<a href=""https://tiktok.com/@v.if77"" target=""_blank"">@v.if77</a>",16,6,32.819,0.884,4,50,0,1224.333,33.167,0.167,0
"<a href=""https://tiktok.com/@vbn6106"" target=""_blank"">@vbn6106</a>",23,8,56.557,0.933,4,45,0,1142.875,70.375,0.75,0.5
"<a href=""https://tiktok.com/@verity.holland"" target=""_blank"">@verity.holland</a>",4,10,49.9,0.833,1,10,0,1448.9,53.6,0.7,0.4
"<a href=""https://tiktok.com/@vitsu.alec1"" target=""_blank"">@vitsu.alec1</a>",35,10,48.846,0.93,8,129,0,7479.2,94.6,1.1,0.9
"<a href=""https://tiktok.com/@voie3340"" target=""_blank"">@voie3340</a>",61,5,58.6,0.833,2,30,0,612.75,34.25,0.125,0.625
"<a href=""https://tiktok.com/@vshwiy2868"" target=""_blank"">@vshwiy2868</a>",12,7,46.308,0.9,2,28,0,1114.286,38.429,0.571,0.429
"<a href=""https://tiktok.com/@vsuau5"" target=""_blank"">@vsuau5</a>",84,7,54.389,0.833,3,29,0,1540,90.857,1.286,1.286
"<a href=""https://tiktok.com/@wataiexkotoar"" target=""_blank"">@wataiexkotoar</a>",76,3,29.222,0.8,1,9,0,710,36,1.667,0.667
"<a href=""https://tiktok.com/@wede35"" target=""_blank"">@wede35</a>",35,5,43.75,0.75,1,12,0,2975.6,70,0.2,0.2
"<a href=""https://tiktok.com/@wevbocr"" target=""_blank"">@wevbocr</a>",63,8,52.587,1,2,23,0,1324.75,51.125,1,0.375
"<a href=""https://tiktok.com/@wgslhe"" target=""_blank"">@wgslhe</a>",93,15,69.316,0.954,9,126,0.001,1257.333,34.133,0.067,0
"<a href=""https://tiktok.com/@wiate.doni0"" target=""_blank"">@wiate.doni0</a>",35,10,50.145,0.896,7,106,0,1999.1,35.3,0.4,0.4
"<a href=""https://tiktok.com/@wiqg8225"" target=""_blank"">@wiqg8225</a>",55,10,73.594,1,3,36,0,338.909,14.455,0.273,0.727
"<a href=""https://tiktok.com/@wive0570"" target=""_blank"">@wive0570</a>",55,9,84.083,0.917,2,28,0,1974.417,37.75,0.333,3.25
"<a href=""https://tiktok.com/@wlack2188"" target=""_blank"">@wlack2188</a>",72,6,70.222,0.857,1,9,0,969,44.333,0.333,0.5
"<a href=""https://tiktok.com/@wnsao4288"" target=""_blank"">@wnsao4288</a>",69,7,54.25,0.9,1,12,0,5685.571,196,2,0.857
"<a href=""https://tiktok.com/@wojta.or"" target=""_blank"">@wojta.or</a>",15,10,52.556,0.947,3,54,0,893.5,31.5,0.8,0.2
"<a href=""https://tiktok.com/@wroe.edith6"" target=""_blank"">@wroe.edith6</a>",35,11,50.319,0.933,7,114,0,1710.273,34.455,0.273,0.364
"<a href=""https://tiktok.com/@wsbhd0"" target=""_blank"">@wsbhd0</a>",84,8,37.8,0.833,1,10,0,1238.625,56.75,0.875,0.5
"<a href=""https://tiktok.com/@wss0357"" target=""_blank"">@wss0357</a>",47,6,39.778,1,1,9,0,2579.75,215.25,2.125,1.75
"<a href=""https://tiktok.com/@wuge2639"" target=""_blank"">@wuge2639</a>",55,6,51.833,1,2,18,0,562.5,20.333,0.833,0.167
"<a href=""https://tiktok.com/@xchinaqueen2"" target=""_blank"">@xchinaqueen2</a>",41,12,87.556,0.6,1,9,0,18.625,3.312,0.75,0
"<a href=""https://tiktok.com/@xchinaqueen3"" target=""_blank"">@xchinaqueen3</a>",41,9,71.658,0.763,3,62,0,251.133,8.933,1.4,0.067
"<a href=""https://tiktok.com/@xchinaqueen5"" target=""_blank"">@xchinaqueen5</a>",41,19,82.667,0.841,3,78,0,776.143,37.143,4.286,1.429
"<a href=""https://tiktok.com/@xchinaqueen6"" target=""_blank"">@xchinaqueen6</a>",41,13,81.756,0.875,2,59,0,284.308,28.154,2.923,0.385
"<a href=""https://tiktok.com/@xchinaqueen8"" target=""_blank"">@xchinaqueen8</a>",41,13,93.611,0.75,1,18,0,6201.083,646.708,29.5,46.875
"<a href=""https://tiktok.com/@xcwvym2"" target=""_blank"">@xcwvym2</a>",71,6,49.228,0.806,3,32,0,1718.833,48.5,0.5,0.167
"<a href=""https://tiktok.com/@xlhxhlxlh8"" target=""_blank"">@xlhxhlxlh8</a>",68,7,58.306,0.798,6,63,0,1633,81.429,1.286,0.143
"<a href=""https://tiktok.com/@xnjjehj"" target=""_blank"">@xnjjehj</a>",23,7,40.361,1,2,21,0,635,20.429,0.143,0.143
"<a href=""https://tiktok.com/@xquplfcwmvyngj"" target=""_blank"">@xquplfcwmvyngj</a>",76,3,29.222,0.8,1,9,0,378.333,14.667,1.333,1
"<a href=""https://tiktok.com/@xxii911"" target=""_blank"">@xxii911</a>",28,10,53.019,0.942,7,80,0,3393,161.6,2.9,2.2
"<a href=""https://tiktok.com/@xzkxuvsrpkze"" target=""_blank"">@xzkxuvsrpkze</a>",79,6,50.111,0.75,1,9,0,8942.333,665.167,9.833,99.667
"<a href=""https://tiktok.com/@yang_reddit"" target=""_blank"">@yang_reddit</a>",75,6,38.778,1,1,9,0,1883.833,152.333,1.167,0
"<a href=""https://tiktok.com/@ydwthnm"" target=""_blank"">@ydwthnm</a>",52,9,51.909,0.889,1,11,0,2080.444,54.222,0.778,0.556
"<a href=""https://tiktok.com/@yiwxjsjxpoewm"" target=""_blank"">@yiwxjsjxpoewm</a>",78,5,38.6,0.929,2,20,0,1247.6,81.6,2.2,12.4
"<a href=""https://tiktok.com/@ylevkpiubsl"" target=""_blank"">@ylevkpiubsl</a>",22,9,61.008,0.958,2,22,0,708.667,20.889,0.111,0.111
"<a href=""https://tiktok.com/@ymhr6933"" target=""_blank"">@ymhr6933</a>",95,9,9.333,1,2,18,0,2306.222,55.889,0.778,1.222
"<a href=""https://tiktok.com/@yowbc4277"" target=""_blank"">@yowbc4277</a>",67,4,46,1,2,18,0,2316,102.75,1,0
"<a href=""https://tiktok.com/@ytrq8081"" target=""_blank"">@ytrq8081</a>",54,7,58.133,0.929,2,33,0,1453.333,71.667,0.833,0.25
"<a href=""https://tiktok.com/@yun.wu15"" target=""_blank"">@yun.wu15</a>",27,6,51.5,1,1,10,0,773.333,40.833,1.167,2.5
"<a href=""https://tiktok.com/@zesysmj"" target=""_blank"">@zesysmj</a>",96,7,19.243,0.927,6,101,0,208.143,10.429,0.143,0
"<a href=""https://tiktok.com/@zsdx184"" target=""_blank"">@zsdx184</a>",36,15,59.23,0.748,4,80,0,3776.667,80.667,0.4,0.867
"<a href=""https://tiktok.com/@ztctmxt"" target=""_blank"">@ztctmxt</a>",63,10,45.06,1,2,26,0,2460.5,64.9,1.1,0.3
"<a href=""https://tiktok.com/@zvjsl"" target=""_blank"">@zvjsl</a>",87,8,55.25,1,2,24,0,168617.625,5618.125,34.375,41.125
"<a href=""https://tiktok.com/@zxvb736"" target=""_blank"">@zxvb736</a>",36,14,52.187,0.894,4,109,0,2348.571,60.429,0.143,0.286
"<a href=""https://tiktok.com/@zysmpbz"" target=""_blank"">@zysmpbz</a>",96,8,18.372,0.985,6,111,0,247.625,10.875,0.125,0
"<a href=""https://tiktok.com/@zzhjdj4"" target=""_blank"">@zzhjdj4</a>",23,8,48.249,0.93,3,32,0,1132.75,30,0.25,0.25
