"Network","Number of Accounts","Network Density","Network Diameter","Clustering Coefficient","Avg Views","Avg Likes","Avg Comments","Avg Shares","Member Accounts"
1,5,0.8,18,0.789,2770.846,134.821,2.41,1.513,"user5626060056906, ubhutfrx, fughf21, jdpdosj, user6922385284275"
2,11,0.327,44,0.367,4731.347,175.949,1.857,1.327,"chantalkusch, fdijc3, jfkovj5, irdc042, be.jkigv, jdpxorjf, jtcytxyzey, bmc12655, jsosjxj8, quincyshop08, krug011"
3,6,0.467,31,0.462,1826.39,74.542,0.39,1.085,"gckcj4, aedhdici, fauy8466, bfihc, aedyckctu, jfdd653"
4,6,0.4,42,0.375,2728.932,86.322,1.407,1.136,"cbjf05, hullen.nguyen, ayden.riverad, jdkckcj2, user8508148033286, verity.holland"
5,2,1,10,0,1812.333,93.833,0.611,0.778,"cp.eagdu, steven.garrison13"
6,3,1,12,1,35411.571,1408.75,4.536,9.286,"ggg.hgfc, uiavao.bskvai, tkfjfjjrj"
7,2,1,9,0,2407.438,84.125,1.125,2.188,"jkiffikj, user65533709618068"
8,7,0.429,47,0.706,3058.121,93.712,1.242,1.621,"aedhdjcoof, fcjjv86, sharleen.howard, hdhxh3484, aedgslpxjx, fduic5, user7605976152392"
9,3,0.667,19,0,3796.923,73.154,1,0.538,"hoeg.huan, aed7p4, debran.oxonrp00"
10,2,1,9,0,6063.667,95.444,1.222,2.333,"aed3660, lwandiswamsithini"
11,2,1,9,0,1929.875,37.938,1.812,12.438,"mong.khuu, onikacaylie"
12,3,1,15,1,1201.391,38.13,0.652,0.348,"shuj977, todaysfriendshow4, vshwiy2868"
13,6,1,25,1,873.556,28.019,0.241,0.185,"bsjj8797, shuy742, carbloggera, cainima888, reddit.vztwo, sug7994"
14,4,1,20,1,1164.676,40.676,0.706,1.029,"titme, omi.poni0, fhuc22, toma.rimi"
15,6,0.533,31,0.632,957.115,29.654,0.346,0.25,"mulask57, reddit1bs, ggih3179, monalisa7988, bsyg2865, wojta.or"
16,5,1,15,1,1189.267,35.533,0.867,1.433,"gfg6705, fhvf210, kuhar.clair6, hdbjx72, v.if77"
17,3,1,18,1,1198.793,38.31,0.207,0.414,"pxibi018, hsbuz8, topi.khatun6"
18,2,1,14,0,24024.3,562.1,6.8,209.8,"user1203613923425, user8847609801518"
19,7,0.429,39,0.529,2327.151,54.302,1.472,10.189,"user4181021201798, user386963311513, user6186701630842, user8653602093025, user2932993437321, user2903556969068, user8794483655797"
20,8,0.357,32,0.188,1236.217,44.95,0.283,0.717,"ale2r35, luet671136, aleaa0249, buslmigf7dn, rrwtqoji8v5, fevkuiq, mxvgdscsdfvcsdfsd, ale383279"
21,3,1,14,1,6491.889,80.852,0.852,1.963,"avav11738, redditpov1, reddittext48"
22,6,0.4,40,0.375,800.843,26.471,0.157,0.255,"liyyyang, fijficvk, hi.pnct, hajhsh12, kgkghkv, ylevkpiubsl"
23,23,0.123,149,0.471,884.831,28.709,0.159,0.275,"ifkvkvo, adhhrrt, fhdjfjfj8, hbjoggv, fijglhhj, uffvi7, suoxin2, vbn6106, lhodsrr, user9960965670038, jkdkj, giopgfv, igdigsdp, cifgoo, eosid2, cihohsqwfi, gkkfykjb, gigigjj, huangzonliyoan, dlakhjx, lpdjjnk, zzhjdj4, xnjjehj"
24,4,0.667,27,0.6,944.156,23.562,0.438,0.344,"user8753242872061, jjdjdd911, shfjjg4, bkvhf1"
25,2,1,9,0,828.267,28,0.467,0.4,"if.en.is.fam, skkfdxh"
26,3,1,11,1,670.611,20.778,0,0.056,"hootchxs, cjsllfd, frd7456"
27,2,1,10,0,788.833,26.417,0.583,1.25,"ohchocx, yun.wu15"
28,8,0.464,25,0.467,2580.662,125.382,1.941,1.926,"dtkwod, rohingyao, crtyougo, landscape5670, ktsfyh, stoyouh, cagnhd, xxii911"
29,2,1,17,0,3173.333,37.333,1.222,12,"lin689668987, fhkundshunk"
30,2,1,9,0,2422.5,131,2.5,9.125,"gfjch34, chdg050"
31,3,1,12,1,1768.478,39,0.348,0.261,"fkfdnd, mua29840, ushddhd11"
32,6,0.333,49,0,1665.064,90,1.574,2.426,"cx.b28, prtnr8, geievertu8, gf.nj97, djm9r, fjyukfjjf"
33,2,1,9,0,7258.4,130.933,3.267,1.867,"ididu034, user2810315813972"
34,8,0.464,42,0.75,1651.762,38.752,0.881,2.109,"user12390941773567, user4473161544200, dhcfgggfhu, usbkjggb6819, user6812280201318, jsjsjksmsmsk, ghzdxbj, my.vsndjehdjj"
35,15,0.39,70,0.861,3620.189,67.635,0.799,2.27,"benedossie2, seile.rian, osb.remo, vitsu.alec1, lawgray3, wiate.doni0, battl.kray, rubin.mervy8, aed0267, wede35, jvhb240, jajsjsn56, cfdc18, aed2750, wroe.edith6"
36,5,1,30,1,11807.828,409.266,3.219,43.672,"jvtvc3, iiuu553, dthh824, zsdx184, zxvb736"
37,5,0.4,45,0,4038.32,285.562,15.771,5.654,"chummi_queen1, cutequeen_driver120, plaqebfzf07, sweet_driver120, username6652655"
38,3,0.667,39,0,2268.25,208.847,16.181,6.903,"lush_queen120, amazing_seeet120, sweet_babyc120"
39,2,1,13,0,15795.345,547.621,16.448,27.793,"djskgikeejk8, mdsdz2"
40,2,1,24,0,538.176,36.882,0.471,0.235,"nassralanijw1hlg, user3758269061970"
41,5,0.5,54,0.429,1857.49,178.271,9.365,12.198,"xchinaqueen2, xchinaqueen3, xchinaqueen5, xchinaqueen6, xchinaqueen8"
42,2,1,22,0,12374.955,763.045,26.591,27.318,"beautifulgir482, china_deriver_60"
43,2,1,12,0,2433.333,209.37,10.407,21.259,"kamlisarkar_0, username.1545465"
44,2,1,10,0,73.167,3.833,0.167,0,"babykmli0, tarkibaby0"
45,2,1,10,0,2969.75,157.375,1.062,1.438,"drape.ivoe, skunk.robinsong"
46,2,1,9,0,3580.833,136.611,1.111,1.111,"dell.oswink, thanh.dngp"
47,2,1,9,0,2085.353,137.588,1.118,1.059,"qifei6668886, wss0357"
48,3,0.667,24,0,1147.37,14.63,0.593,0.296,"ququ.anhag, amkgvx, tri.nguyenw"
49,4,0.667,29,0.6,10281.806,228.417,5.556,4.75,"aseng.haymong, khanh.phukhh, carlos.alberto.al886, lanora.haskely"
50,2,1,14,0,804,22.176,1.412,2.824,"purnialesh45, houri.enriqk"
51,3,1,13,1,1843.76,68,1.08,2.52,"emory.drawehj, ilges.estelwei, sun.lilym"
52,2,1,11,0,3811.579,75.684,0.737,1.053,"sikki.kahtyk, ydwthnm"
53,2,1,12,0,8745.6,190.7,3.95,1.65,"niyebuya, dddgggg63"
54,13,0.308,64,0.634,1402.252,47.023,0.412,0.496,"twkg9813, ghhj8554, bvoo3130, dijx3903, fhda78402, jccj44506, drgd8391, eiej4325, gjhg8047, jkuy0534, uest1280, okay11732, ytrq8081"
55,12,0.303,54,0.474,880.132,23.772,0.281,0.614,"bkot6010, givi0331, wiqg8225, usjg2117, susv0936, isce0690, tugx2917, isge0853, isgs5669, tetel4962, wive0570, wuge2639"
56,3,1,48,1,3179.652,166.957,0.391,0.522,"qdcieh, hojdmc, reddit_grayson99"
57,4,1,27,1,1248.972,47.611,0.472,1.194,"dhhi6645, hrsy60677, tiut0219, ufsc8075"
58,5,0.5,45,0.5,770.378,46.216,0.189,0.108,"fiir2712, cjur6297, fkir2290, cjire9104, urdu9708"
59,2,1,15,0,4160.643,87.071,0.429,2.429,"gjguq6894, sooz6329"
60,2,1,13,0,1164.667,67.933,0.267,0.933,"clirr5282, fnnf8890"
61,4,0.833,33,0.75,1441.412,62.324,0.412,0.676,"coirf88774, courr1227, gour2295, voie3340"
62,10,0.8,22,0.866,1416.493,54.169,0.859,0.282,"cnatk3189, 1yrogls, hxjdsj34, djisks96, ncsfo3287, kacbr2774, ncjfhyrsdj, hzhdhs, duuff30, snoshsj"
63,3,1,14,1,1736.731,56.308,0.846,0.308,"mjbwysq6, wevbocr, ztctmxt"
64,5,0.5,22,0.375,1205.161,68.194,0.548,0.484,"cjdjfcn, hdvhds4, g.in.cgn, bxuzba, avelina.asucen"
65,3,1,18,1,2684.393,65.571,0.857,0.321,"hwvrok, oljclk, ljpjvh"
66,3,0.667,22,0,2360.043,104.13,0.957,0.435,"htjzwe4, refine74, pdilul"
67,3,0.667,18,0,1859.091,92.818,0.636,0.273,"1qwdjjd, baxor3828, yowbc4277"
68,12,0.652,30,0.75,3155.366,93.901,0.663,0.327,"fjcjbho58, hgidsi, nidaye81, gxhx514, bxkke4723, opgse4909, qvcka2481, liaojiuyu, ndhfs844, gohdr4367, tookg4664, xlhxhlxlh8"
69,3,0.667,24,0,2760.609,131,1.217,0.435,"3mbfklb, wnsao4288, 2thgkvjd"
70,2,1,11,0,1293.385,81.846,1.308,0.538,"nzohwh, oxkops7"
71,5,0.7,21,0.643,8562.568,320,3.162,2.243,"bixukf, evfdmzl, xcwvym2, kdywnty, awmilke"
72,2,1,9,0,995.667,41.083,0.333,0.25,"tikfop7478, wlack2188"
73,3,0.667,19,0,1136.417,58.917,1.125,0.667,"dsnomp, hvtcan, avphoa"
74,2,1,10,0,9911.333,457.867,2.133,1.267,"pcufgt6, goxwwtn"
75,4,0.5,21,0,2046.345,125.034,1.276,0.586,"dayutoureddit, fjhfjfgjchjghfhjj, dhdjuehiehrh, yang_reddit"
76,2,1,9,0,544.167,25.333,1.5,0.833,"wataiexkotoar, xquplfcwmvyngj"
77,2,1,10,0,59235.909,5239.091,224.545,1298.455,"crmrgfhhvxwmp, fsmcghkvdqqm"
78,3,1,12,1,51184.412,4396.176,109.765,357.588,"byppp.text11, laicai.reddit, yiwxjsjxpoewm"
79,2,1,9,0,6311.917,452.167,11,60.833,"phxagnixobfs, xzkxuvsrpkze"
80,12,0.485,30,0.686,2395.351,21.253,0.236,8.138,"izbktlfq, fcvbvv57, bdhjddbjrjej, user31473805812777, cvjbvgujh, user3782324049429, user3034858843569, oeivoppc, mendhejeheje, user4623873316361, user6240933338579, user99216158120478"
81,2,1,10,0,3065.917,20,0.167,16.667,"oxkympku, ccvoyrnu"
82,3,1,21,1,2317.444,21.267,2.778,4.911,"mmhpbybt, injjzxvr, pehcpohz"
83,3,1,13,1,14075.84,116.64,3.16,0.64,"mariencassano, huydhfhyyxd, rfgfghf1"
84,4,0.667,20,0.6,2607.727,147.576,1.97,4.697,"itsstj2, gheoe8, vsuau5, wsbhd0"
85,3,1,12,1,2160.292,91,1.458,3.542,"hurrryu, fulknm, oshasg"
86,2,1,9,0,14294.938,638.125,2.562,51.25,"dghhg372, sfagnd"
87,4,0.833,22,0.75,45532.031,1554.969,9.688,13.094,"tessh95, jspsns3, tug35587, zvjsl"
88,2,1,12,0,32529.6,1399.533,15.533,25.867,"owuhwh, hfstil3"
89,4,0.667,26,0.6,13123.417,300.111,5.889,3.417,"iuwgeh, gdjdi63, eyidk5, ndmsl15"
90,2,1,12,0,2558.083,115.833,1.583,1,"fgijg467, nfjsk12"
91,2,1,10,0,1992,101.083,1.167,1.917,"fbnggg2, hkmdrr"
92,4,1,18,1,9891.104,155.979,11.292,17.729,"reddit_ignatius8, cvljri, lnppoe, shbsdd2"
93,20,0.274,92,0.562,1307.288,43.911,0.169,0.839,"dtbtcc8, pbpktw, bipiqo, idpeoc, bpgarp, sqifhw, hltuoq, puhrra, hidouo, arffug, eqmhqf, lhqitc, lekpow, hdmjwo1, gclqse, qigqtm, prbnac, klsier, ncaqusztvgl, wgslhe"
94,2,1,20,0,1306.28,34.72,0.12,0.96,"kfbfol, objlhmtjemu"
95,3,1,9,1,1710.296,47,0.704,1.037,"tijf9855, uraf9163, ymhr6933"
96,7,1,23,1,396.379,18.5,0.448,0.155,"eqxela7, ldaphc, utoxwqg, jecxsz, dtxijq, zesysmj, zysmpbz"
97,3,1,12,1,8229.192,331.462,6.615,3.462,"hdicok57, aediubt, hfigi61"
98,2,1,9,0,988.667,38,0.667,5.667,"khayrikasibmansou, afrah.wahibah.naz"
