"Account","Network","Unique Shares","Avg Time Between Shares (sec)","Edge Symmetry Score","Degree","Strength","Betweenness","Avg Views","Avg Likes","Avg Comments","Avg Shares"
"<a href=""https://tiktok.com/@jennamillereh26e"" target=""_blank"">@jennamillereh26e</a>",11,55,28.195,0.987,1,149,0,6219.045,87.403,0.134,0.284
"<a href=""https://tiktok.com/@kxhlqola6a363c"" target=""_blank"">@kxhlqola6a363c</a>",11,53,28.195,0.987,1,149,0,4505.066,46.852,0.082,0.262
"<a href=""https://tiktok.com/@llhh3799"" target=""_blank"">@llhh3799</a>",12,7,77.6,1,1,10,0,23481.125,286.562,1.188,3.5
"<a href=""https://tiktok.com/@llhh6654"" target=""_blank"">@llhh6654</a>",12,4,77.6,1,1,10,0,2241.75,11.5,0.25,0
"<a href=""https://tiktok.com/@user11737233435531"" target=""_blank"">@user11737233435531</a>",4,4,26.25,1,2,32,0,845.75,9.25,0,0.25
"<a href=""https://tiktok.com/@user1226598305981"" target=""_blank"">@user1226598305981</a>",1,5,71.308,0.833,1,13,0,1159.833,24.667,0,0.333
"<a href=""https://tiktok.com/@user1392538538860"" target=""_blank"">@user1392538538860</a>",2,6,47.029,0.817,2,29,0,4771.333,42.333,0.556,0.556
"<a href=""https://tiktok.com/@user15059932353996"" target=""_blank"">@user15059932353996</a>",10,18,67.534,0.915,3,70,0.004,880.19,36,0.238,1.571
"<a href=""https://tiktok.com/@user1655672923020"" target=""_blank"">@user1655672923020</a>",3,19,63.616,0.906,3,105,0,973.083,22.833,0.083,0.125
"<a href=""https://tiktok.com/@user2152453488210"" target=""_blank"">@user2152453488210</a>",9,6,27.309,0.95,2,31,0,700.833,6.833,0,0
"<a href=""https://tiktok.com/@user2191900675606"" target=""_blank"">@user2191900675606</a>",7,9,88.615,0.917,2,41,0.002,864.444,16.667,0,0
"<a href=""https://tiktok.com/@user227042611142"" target=""_blank"">@user227042611142</a>",2,9,61.102,0.809,2,38,0,3217.667,37.556,0.222,0.333
"<a href=""https://tiktok.com/@user2704030629623"" target=""_blank"">@user2704030629623</a>",1,6,71.308,0.833,1,13,0,1268.667,9.5,0.167,0
"<a href=""https://tiktok.com/@user4193960130928"" target=""_blank"">@user4193960130928</a>",6,15,28.462,0.913,1,39,0,1030.619,23.762,0.19,0.81
"<a href=""https://tiktok.com/@user4870556904383"" target=""_blank"">@user4870556904383</a>",7,9,71.444,1,1,27,0,357.444,4.778,0,0
"<a href=""https://tiktok.com/@user49141232079402"" target=""_blank"">@user49141232079402</a>",6,13,28.462,0.913,1,39,0,787.905,18.952,0.286,0.762
"<a href=""https://tiktok.com/@user5099118408673"" target=""_blank"">@user5099118408673</a>",10,15,59.862,0.822,2,47,0,748.8,22,0.05,0.35
"<a href=""https://tiktok.com/@user56221436997607"" target=""_blank"">@user56221436997607</a>",5,4,30.938,0.929,2,32,0,1125.5,16.75,0,0
"<a href=""https://tiktok.com/@user6036140945556"" target=""_blank"">@user6036140945556</a>",4,4,25.812,1,2,32,0,694.75,8,0.25,0
"<a href=""https://tiktok.com/@user6114100612194"" target=""_blank"">@user6114100612194</a>",4,4,26.438,1,2,32,0,322.25,2.25,0,0
"<a href=""https://tiktok.com/@user6222824133704"" target=""_blank"">@user6222824133704</a>",8,6,46.267,0.75,1,15,0,576.167,10,0,0
"<a href=""https://tiktok.com/@user67246316296713"" target=""_blank"">@user67246316296713</a>",9,6,42.029,0.9,2,34,0,3716.167,58.333,0.333,0
"<a href=""https://tiktok.com/@user6787669206738"" target=""_blank"">@user6787669206738</a>",8,6,46.267,0.75,1,15,0,538.5,13.333,0,0
"<a href=""https://tiktok.com/@user7406160207374"" target=""_blank"">@user7406160207374</a>",3,23,57.527,0.956,3,109,0,1058.783,37.913,0.087,0.174
"<a href=""https://tiktok.com/@user75291696174110"" target=""_blank"">@user75291696174110</a>",3,20,63.994,0.906,3,109,0,1268.333,20.625,0.042,0.083
"<a href=""https://tiktok.com/@user7910082192187"" target=""_blank"">@user7910082192187</a>",7,10,105.786,0.833,1,14,0,763.5,7.75,0,0
"<a href=""https://tiktok.com/@user796117334283"" target=""_blank"">@user796117334283</a>",9,6,27.221,0.95,2,31,0,881.167,10.833,0,0
"<a href=""https://tiktok.com/@user8123449486197"" target=""_blank"">@user8123449486197</a>",5,4,30.562,0.929,2,32,0,1514.5,36.25,0,0.25
"<a href=""https://tiktok.com/@user8347987166006"" target=""_blank"">@user8347987166006</a>",2,9,60.381,0.826,2,35,0,390.111,7.889,0,0.222
"<a href=""https://tiktok.com/@user8600005759563"" target=""_blank"">@user8600005759563</a>",10,20,72.226,0.811,3,77,0,799.095,31.238,0.095,1.286
"<a href=""https://tiktok.com/@user87304845050708"" target=""_blank"">@user87304845050708</a>",3,17,54.044,0.944,3,87,0,547.783,12.348,0,0.087
"<a href=""https://tiktok.com/@user9401074051479"" target=""_blank"">@user9401074051479</a>",5,4,32.875,0.857,2,32,0,400.25,5.5,0,0.75
"<a href=""https://tiktok.com/@user94751766994351"" target=""_blank"">@user94751766994351</a>",10,14,77.55,0.967,2,56,0,725.071,25.214,0.143,0.857
