"Post URL","Network","Author","Timestamp","Number of Accounts","Views","Likes","Comments","Shares","Description"
"<a href=""https://www.tiktok.com/@3mmmgkk/video/7550581677320359181"" target=""_blank"" class=""btn btn-sm"" style=""background-color: #00926c; color: white; text-decoration: none; padding: 2px 8px; border-radius: 4px; font-size: 0.8em;"">View Post</a>",4,"3mmmgkk","2025-09-16 07:14:43",4,1150,56,0,0,"#trending #fyp #fypage #dateupdate #brookeandjubal #phonecall #fypシ゚viral #redditstories"
"<a href=""https://www.tiktok.com/@3mmmgkk/video/7550581521455926541"" target=""_blank"" class=""btn btn-sm"" style=""background-color: #00926c; color: white; text-decoration: none; padding: 2px 8px; border-radius: 4px; font-size: 0.8em;"">View Post</a>",4,"3mmmgkk","2025-09-16 07:14:43",4,542,19,1,0,"#trending #fyp #fypage #dateupdate #brookeandjubal #phonecall #fypシ゚viral #redditstories"
"<a href=""https://www.tiktok.com/@nurrffoox2/video/7550567063648062742"" target=""_blank"" class=""btn btn-sm"" style=""background-color: #00926c; color: white; text-decoration: none; padding: 2px 8px; border-radius: 4px; font-size: 0.8em;"">View Post</a>",3,"nurrffoox2","2025-09-16 06:16:43",4,563,29,0,0,"#trending #fyp #fypage #dateupdate #brookeandjubal #phonecall #fypシ゚viral #redditstories"
"<a href=""https://www.tiktok.com/@qjo27h99h9/video/7550567052348640534"" target=""_blank"" class=""btn btn-sm"" style=""background-color: #00926c; color: white; text-decoration: none; padding: 2px 8px; border-radius: 4px; font-size: 0.8em;"">View Post</a>",3,"qjo27h99h9","2025-09-16 06:16:38",4,535,57,1,3,"#trending #fyp #fypage #dateupdate #brookeandjubal #phonecall #fypシ゚viral #redditstories"
"<a href=""https://www.tiktok.com/@qjo27h99h9/video/7550566996413287702"" target=""_blank"" class=""btn btn-sm"" style=""background-color: #00926c; color: white; text-decoration: none; padding: 2px 8px; border-radius: 4px; font-size: 0.8em;"">View Post</a>",3,"qjo27h99h9","2025-09-16 06:16:23",4,497,63,0,0,"#trending #fyp #fypage #dateupdate #brookeandjubal #phonecall #fypシ゚viral #redditstories"
"<a href=""https://www.tiktok.com/@nurrffoox2/video/7550566932236274966"" target=""_blank"" class=""btn btn-sm"" style=""background-color: #00926c; color: white; text-decoration: none; padding: 2px 8px; border-radius: 4px; font-size: 0.8em;"">View Post</a>",3,"nurrffoox2","2025-09-16 06:16:08",4,685,68,0,0,"#trending #fyp #fypage #dateupdate #brookeandjubal #phonecall #fypシ゚viral #redditstories"
"<a href=""https://www.tiktok.com/@ankd1bag52/video/7550566768759115022"" target=""_blank"" class=""btn btn-sm"" style=""background-color: #00926c; color: white; text-decoration: none; padding: 2px 8px; border-radius: 4px; font-size: 0.8em;"">View Post</a>",3,"ankd1bag52","2025-09-16 06:17:00",4,566,8,0,0,"#trending #fyp #fypage #dateupdate #brookeandjubal #phonecall #fypシ゚viral #redditstories"
"<a href=""https://www.tiktok.com/@ankd1bag52/video/7550566734755925262"" target=""_blank"" class=""btn btn-sm"" style=""background-color: #00926c; color: white; text-decoration: none; padding: 2px 8px; border-radius: 4px; font-size: 0.8em;"">View Post</a>",3,"ankd1bag52","2025-09-16 06:16:40",4,659,30,1,0,"#trending #fyp #fypage #dateupdate #brookeandjubal #phonecall #fypシ゚viral #redditstories"
"<a href=""https://www.tiktok.com/@hzjsjs897/video/7550525470127770893"" target=""_blank"" class=""btn btn-sm"" style=""background-color: #00926c; color: white; text-decoration: none; padding: 2px 8px; border-radius: 4px; font-size: 0.8em;"">View Post</a>",5,"hzjsjs897","2025-09-16 03:35:18",4,1610,136,1,0,"#trending #fyp #fypage #dateupdate #brookeandjubal #phonecall #fypシ゚viral #redditstories"
"<a href=""https://www.tiktok.com/@zdogz60/video/7550525455162428685"" target=""_blank"" class=""btn btn-sm"" style=""background-color: #00926c; color: white; text-decoration: none; padding: 2px 8px; border-radius: 4px; font-size: 0.8em;"">View Post</a>",4,"zdogz60","2025-09-16 03:35:28",4,2034,119,0,0,"#trending #fyp #fypage #dateupdate #brookeandjubal #phonecall #fypシ゚viral #redditstories"
"<a href=""https://www.tiktok.com/@hzjsjs897/video/7550524942035455287"" target=""_blank"" class=""btn btn-sm"" style=""background-color: #00926c; color: white; text-decoration: none; padding: 2px 8px; border-radius: 4px; font-size: 0.8em;"">View Post</a>",5,"hzjsjs897","2025-09-16 03:33:36",4,885,56,1,0,"#trending #fyp #fypage #dateupdate #brookeandjubal #phonecall #fypシ゚viral #redditstories"
"<a href=""https://www.tiktok.com/@svjssh/video/7550524932732554527"" target=""_blank"" class=""btn btn-sm"" style=""background-color: #00926c; color: white; text-decoration: none; padding: 2px 8px; border-radius: 4px; font-size: 0.8em;"">View Post</a>",5,"svjssh","2025-09-16 03:33:19",4,2269,87,2,0,"#trending #fyp #fypage #dateupdate #brookeandjubal #phonecall #fypシ゚viral #redditstories"
"<a href=""https://www.tiktok.com/@qjo27h99h9/video/7550193356035362050"" target=""_blank"" class=""btn btn-sm"" style=""background-color: #00926c; color: white; text-decoration: none; padding: 2px 8px; border-radius: 4px; font-size: 0.8em;"">View Post</a>",3,"qjo27h99h9","2025-09-15 06:06:26",4,210,14,1,0,"#trending #fyp #fypage #dateupdate #brookeandjubal #phonecall #fypシ゚viral #redditstories"
"<a href=""https://www.tiktok.com/@qjo27h99h9/video/7550193320165690646"" target=""_blank"" class=""btn btn-sm"" style=""background-color: #00926c; color: white; text-decoration: none; padding: 2px 8px; border-radius: 4px; font-size: 0.8em;"">View Post</a>",3,"qjo27h99h9","2025-09-15 06:06:20",4,645,78,0,0,"#trending #fyp #fypage #dateupdate #brookeandjubal #phonecall #fypシ゚viral #redditstories"
"<a href=""https://www.tiktok.com/@nurrffoox2/video/7550193161855913238"" target=""_blank"" class=""btn btn-sm"" style=""background-color: #00926c; color: white; text-decoration: none; padding: 2px 8px; border-radius: 4px; font-size: 0.8em;"">View Post</a>",3,"nurrffoox2","2025-09-15 06:05:42",4,159,20,0,0,"#trending #fyp #fypage #dateupdate #brookeandjubal #phonecall #fypシ゚viral #redditstories"
"<a href=""https://www.tiktok.com/@ankd1bag52/video/7550193153651772685"" target=""_blank"" class=""btn btn-sm"" style=""background-color: #00926c; color: white; text-decoration: none; padding: 2px 8px; border-radius: 4px; font-size: 0.8em;"">View Post</a>",3,"ankd1bag52","2025-09-15 06:06:39",4,719,67,1,1,"#trending #fyp #fypage #dateupdate #brookeandjubal #phonecall #fypシ゚viral #redditstories"
"<a href=""https://www.tiktok.com/@ankd1bag52/video/7550192979751849271"" target=""_blank"" class=""btn btn-sm"" style=""background-color: #00926c; color: white; text-decoration: none; padding: 2px 8px; border-radius: 4px; font-size: 0.8em;"">View Post</a>",3,"ankd1bag52","2025-09-15 06:06:31",4,773,72,1,2,"#trending #fyp #fypage #dateupdate #brookeandjubal #phonecall #fypシ゚viral #redditstories"
"<a href=""https://www.tiktok.com/@hzjsjs897/video/7550154303122591031"" target=""_blank"" class=""btn btn-sm"" style=""background-color: #00926c; color: white; text-decoration: none; padding: 2px 8px; border-radius: 4px; font-size: 0.8em;"">View Post</a>",5,"hzjsjs897","2025-09-15 03:35:29",4,2166,160,3,1,"#trending #fyp #fypage #dateupdate #brookeandjubal #phonecall #fypシ゚viral #redditstories"
"<a href=""https://www.tiktok.com/@svjssh/video/7550154279537970463"" target=""_blank"" class=""btn btn-sm"" style=""background-color: #00926c; color: white; text-decoration: none; padding: 2px 8px; border-radius: 4px; font-size: 0.8em;"">View Post</a>",5,"svjssh","2025-09-15 03:35:02",4,4137,211,4,1,"#trending #fyp #fypage #dateupdate #brookeandjubal #phonecall #fypシ゚viral #redditstories"
"<a href=""https://www.tiktok.com/@svjssh/video/7550154275347795231"" target=""_blank"" class=""btn btn-sm"" style=""background-color: #00926c; color: white; text-decoration: none; padding: 2px 8px; border-radius: 4px; font-size: 0.8em;"">View Post</a>",5,"svjssh","2025-09-15 03:35:01",4,1101,23,0,0,"#trending #fyp #fypage #dateupdate #brookeandjubal #phonecall #fypシ゚viral #redditstories"
"<a href=""https://www.tiktok.com/@hzjsjs897/video/7550154148239412535"" target=""_blank"" class=""btn btn-sm"" style=""background-color: #00926c; color: white; text-decoration: none; padding: 2px 8px; border-radius: 4px; font-size: 0.8em;"">View Post</a>",5,"hzjsjs897","2025-09-15 03:34:41",4,3238,161,2,1,"#trending #fyp #fypage #dateupdate #brookeandjubal #phonecall #fypシ゚viral #redditstories"
"<a href=""https://www.tiktok.com/@juarezbent/video/7550153342446472479"" target=""_blank"" class=""btn btn-sm"" style=""background-color: #00926c; color: white; text-decoration: none; padding: 2px 8px; border-radius: 4px; font-size: 0.8em;"">View Post</a>",4,"juarezbent","2025-09-15 03:31:20",4,1028,31,1,0,"#trending #fyp #fypage #dateupdate #brookeandjubal #phonecall #fypシ゚viral #redditstories"
"<a href=""https://www.tiktok.com/@zdogz60/video/7550153270006730039"" target=""_blank"" class=""btn btn-sm"" style=""background-color: #00926c; color: white; text-decoration: none; padding: 2px 8px; border-radius: 4px; font-size: 0.8em;"">View Post</a>",4,"zdogz60","2025-09-15 03:31:20",4,1328,68,1,0,"#trending #fyp #fypage #dateupdate #brookeandjubal #phonecall #fypシ゚viral #redditstories"
"<a href=""https://www.tiktok.com/@3mmmgkk/video/7550152993849625911"" target=""_blank"" class=""btn btn-sm"" style=""background-color: #00926c; color: white; text-decoration: none; padding: 2px 8px; border-radius: 4px; font-size: 0.8em;"">View Post</a>",4,"3mmmgkk","2025-09-15 03:30:18",4,1369,72,1,1,"#trending #fyp #fypage #dateupdate #brookeandjubal #phonecall #fypシ゚viral #redditstories"
"<a href=""https://www.tiktok.com/@3mmmgkk/video/7550152809300167949"" target=""_blank"" class=""btn btn-sm"" style=""background-color: #00926c; color: white; text-decoration: none; padding: 2px 8px; border-radius: 4px; font-size: 0.8em;"">View Post</a>",4,"3mmmgkk","2025-09-15 03:29:24",4,513,20,0,0,"#trending #fyp #fypage #dateupdate #brookeandjubal #phonecall #fypシ゚viral #redditstories"
"<a href=""https://www.tiktok.com/@zdogz60/video/7550152665842421006"" target=""_blank"" class=""btn btn-sm"" style=""background-color: #00926c; color: white; text-decoration: none; padding: 2px 8px; border-radius: 4px; font-size: 0.8em;"">View Post</a>",4,"zdogz60","2025-09-15 03:29:02",4,1423,90,2,0,"#trending #fyp #fypage #dateupdate #brookeandjubal #phonecall #fypシ゚viral #redditstories"
"<a href=""https://www.tiktok.com/@juarezbent/video/7550152571663453470"" target=""_blank"" class=""btn btn-sm"" style=""background-color: #00926c; color: white; text-decoration: none; padding: 2px 8px; border-radius: 4px; font-size: 0.8em;"">View Post</a>",4,"juarezbent","2025-09-15 03:28:25",4,1241,83,1,0,"#trending #fyp #fypage #dateupdate #brookeandjubal #phonecall #fypシ゚viral #redditstories"
"<a href=""https://www.tiktok.com/@qjo27h99h9/video/7549822631101484310"" target=""_blank"" class=""btn btn-sm"" style=""background-color: #00926c; color: white; text-decoration: none; padding: 2px 8px; border-radius: 4px; font-size: 0.8em;"">View Post</a>",3,"qjo27h99h9","2025-09-14 06:07:59",4,214,24,0,1,"#trending #fyp #fypage #dateupdate #brookeandjubal #phonecall #fypシ゚viral #redditstories"
"<a href=""https://www.tiktok.com/@qjo27h99h9/video/7549822624621202710"" target=""_blank"" class=""btn btn-sm"" style=""background-color: #00926c; color: white; text-decoration: none; padding: 2px 8px; border-radius: 4px; font-size: 0.8em;"">View Post</a>",3,"qjo27h99h9","2025-09-14 06:07:57",4,597,65,2,0,"#trending #fyp #fypage #dateupdate #brookeandjubal #phonecall #fypシ゚viral #redditstories"
"<a href=""https://www.tiktok.com/@ankd1bag52/video/7549822558145645838"" target=""_blank"" class=""btn btn-sm"" style=""background-color: #00926c; color: white; text-decoration: none; padding: 2px 8px; border-radius: 4px; font-size: 0.8em;"">View Post</a>",3,"ankd1bag52","2025-09-14 06:08:15",4,644,55,1,0,"#trending #fyp #fypage #dateupdate #brookeandjubal #phonecall #fypシ゚viral #redditstories"
"<a href=""https://www.tiktok.com/@ankd1bag52/video/7549822497756056887"" target=""_blank"" class=""btn btn-sm"" style=""background-color: #00926c; color: white; text-decoration: none; padding: 2px 8px; border-radius: 4px; font-size: 0.8em;"">View Post</a>",3,"ankd1bag52","2025-09-14 06:08:08",4,739,66,1,1,"#trending #fyp #fypage #dateupdate #brookeandjubal #phonecall #fypシ゚viral #redditstories"
"<a href=""https://www.tiktok.com/@nurrffoox2/video/7549822462012198166"" target=""_blank"" class=""btn btn-sm"" style=""background-color: #00926c; color: white; text-decoration: none; padding: 2px 8px; border-radius: 4px; font-size: 0.8em;"">View Post</a>",3,"nurrffoox2","2025-09-14 06:07:20",4,535,51,1,0,"#trending #fyp #fypage #dateupdate #brookeandjubal #phonecall #fypシ゚viral #redditstories"
"<a href=""https://www.tiktok.com/@svjssh/video/7549798960953560350"" target=""_blank"" class=""btn btn-sm"" style=""background-color: #00926c; color: white; text-decoration: none; padding: 2px 8px; border-radius: 4px; font-size: 0.8em;"">View Post</a>",5,"svjssh","2025-09-14 04:36:07",4,23349,901,12,11,"#trending #fyp #fypage #dateupdate #brookeandjubal #phonecall #fypシ゚viral #redditstories"
"<a href=""https://www.tiktok.com/@svjssh/video/7549798945518603551"" target=""_blank"" class=""btn btn-sm"" style=""background-color: #00926c; color: white; text-decoration: none; padding: 2px 8px; border-radius: 4px; font-size: 0.8em;"">View Post</a>",5,"svjssh","2025-09-14 04:36:11",4,1370,70,2,0,"#trending #fyp #fypage #dateupdate #brookeandjubal #phonecall #fypシ゚viral #redditstories"
"<a href=""https://www.tiktok.com/@3mmmgkk/video/7549798479183318285"" target=""_blank"" class=""btn btn-sm"" style=""background-color: #00926c; color: white; text-decoration: none; padding: 2px 8px; border-radius: 4px; font-size: 0.8em;"">View Post</a>",4,"3mmmgkk","2025-09-14 04:34:40",4,1224,60,0,3,"#trending #fyp #fypage #dateupdate #brookeandjubal #phonecall #fypシ゚viral #redditstories"
"<a href=""https://www.tiktok.com/@juarezbent/video/7549798439689719070"" target=""_blank"" class=""btn btn-sm"" style=""background-color: #00926c; color: white; text-decoration: none; padding: 2px 8px; border-radius: 4px; font-size: 0.8em;"">View Post</a>",4,"juarezbent","2025-09-14 04:34:09",4,1138,72,1,0,"#trending #fyp #fypage #dateupdate #brookeandjubal #phonecall #fypシ゚viral #redditstories"
"<a href=""https://www.tiktok.com/@juarezbent/video/7549798407796296991"" target=""_blank"" class=""btn btn-sm"" style=""background-color: #00926c; color: white; text-decoration: none; padding: 2px 8px; border-radius: 4px; font-size: 0.8em;"">View Post</a>",4,"juarezbent","2025-09-14 04:34:06",4,2855,203,1,1,"#trending #fyp #fypage #dateupdate #brookeandjubal #phonecall #fypシ゚viral #redditstories"
"<a href=""https://www.tiktok.com/@zdogz60/video/7549798360291577101"" target=""_blank"" class=""btn btn-sm"" style=""background-color: #00926c; color: white; text-decoration: none; padding: 2px 8px; border-radius: 4px; font-size: 0.8em;"">View Post</a>",4,"zdogz60","2025-09-14 04:34:09",4,1217,122,1,1,"#trending #fyp #fypage #dateupdate #brookeandjubal #phonecall #fypシ゚viral #redditstories"
"<a href=""https://www.tiktok.com/@hzjsjs897/video/7549798341098458423"" target=""_blank"" class=""btn btn-sm"" style=""background-color: #00926c; color: white; text-decoration: none; padding: 2px 8px; border-radius: 4px; font-size: 0.8em;"">View Post</a>",5,"hzjsjs897","2025-09-14 04:34:07",4,1794,123,0,0,"#trending #fyp #fypage #dateupdate #brookeandjubal #phonecall #fypシ゚viral #redditstories"
"<a href=""https://www.tiktok.com/@3mmmgkk/video/7549798199767190798"" target=""_blank"" class=""btn btn-sm"" style=""background-color: #00926c; color: white; text-decoration: none; padding: 2px 8px; border-radius: 4px; font-size: 0.8em;"">View Post</a>",4,"3mmmgkk","2025-09-14 04:33:36",4,4623,231,0,0,"#trending #fyp #fypage #dateupdate #brookeandjubal #phonecall #fypシ゚viral #redditstories"
"<a href=""https://www.tiktok.com/@hzjsjs897/video/7549798148202319159"" target=""_blank"" class=""btn btn-sm"" style=""background-color: #00926c; color: white; text-decoration: none; padding: 2px 8px; border-radius: 4px; font-size: 0.8em;"">View Post</a>",5,"hzjsjs897","2025-09-14 04:33:12",4,2354,128,1,0,"#trending #fyp #fypage #dateupdate #brookeandjubal #phonecall #fypシ゚viral #redditstories"
"<a href=""https://www.tiktok.com/@zdogz60/video/7549797936822029623"" target=""_blank"" class=""btn btn-sm"" style=""background-color: #00926c; color: white; text-decoration: none; padding: 2px 8px; border-radius: 4px; font-size: 0.8em;"">View Post</a>",4,"zdogz60","2025-09-14 04:32:31",4,3265,102,0,0,"#trending #fyp #fypage #dateupdate #brookeandjubal #phonecall #fypシ゚viral #redditstories"
"<a href=""https://www.tiktok.com/@qjo27h99h9/video/7549502905552751894"" target=""_blank"" class=""btn btn-sm"" style=""background-color: #00926c; color: white; text-decoration: none; padding: 2px 8px; border-radius: 4px; font-size: 0.8em;"">View Post</a>",3,"qjo27h99h9","2025-09-13 09:27:06",4,59,1,0,0,"#trending #fyp #fypage #dateupdate #brookeandjubal #phonecall #fypシ゚viral #redditstories"
"<a href=""https://www.tiktok.com/@qjo27h99h9/video/7549502266164677910"" target=""_blank"" class=""btn btn-sm"" style=""background-color: #00926c; color: white; text-decoration: none; padding: 2px 8px; border-radius: 4px; font-size: 0.8em;"">View Post</a>",3,"qjo27h99h9","2025-09-13 09:24:37",4,662,91,0,0,"#trending #fyp #fypage #dateupdate #brookeandjubal #phonecall #fypシ゚viral #redditstories"
"<a href=""https://www.tiktok.com/@qjo27h99h9/video/7549502258333994262"" target=""_blank"" class=""btn btn-sm"" style=""background-color: #00926c; color: white; text-decoration: none; padding: 2px 8px; border-radius: 4px; font-size: 0.8em;"">View Post</a>",3,"qjo27h99h9","2025-09-13 09:24:36",4,649,34,0,0,"#trending #fyp #fypage #dateupdate #brookeandjubal #phonecall #fypシ゚viral #redditstories"
"<a href=""https://www.tiktok.com/@nurrffoox2/video/7549502234543787286"" target=""_blank"" class=""btn btn-sm"" style=""background-color: #00926c; color: white; text-decoration: none; padding: 2px 8px; border-radius: 4px; font-size: 0.8em;"">View Post</a>",3,"nurrffoox2","2025-09-13 09:24:28",4,762,82,1,0,"#trending #fyp #fypage #dateupdate #brookeandjubal #phonecall #fypシ゚viral #redditstories"
"<a href=""https://www.tiktok.com/@nurrffoox2/video/7549502186930212098"" target=""_blank"" class=""btn btn-sm"" style=""background-color: #00926c; color: white; text-decoration: none; padding: 2px 8px; border-radius: 4px; font-size: 0.8em;"">View Post</a>",3,"nurrffoox2","2025-09-13 09:24:19",4,285,26,0,3,"#trending #fyp #fypage #dateupdate #brookeandjubal #phonecall #fypシ゚viral #redditstories"
"<a href=""https://www.tiktok.com/@zdogz60/video/7549455682030947598"" target=""_blank"" class=""btn btn-sm"" style=""background-color: #00926c; color: white; text-decoration: none; padding: 2px 8px; border-radius: 4px; font-size: 0.8em;"">View Post</a>",4,"zdogz60","2025-09-13 06:25:23",4,4461,331,3,0,"#trending #fyp #fypage #dateupdate #brookeandjubal #phonecall #fypシ゚viral #redditstories"
"<a href=""https://www.tiktok.com/@zdogz60/video/7549455675085114679"" target=""_blank"" class=""btn btn-sm"" style=""background-color: #00926c; color: white; text-decoration: none; padding: 2px 8px; border-radius: 4px; font-size: 0.8em;"">View Post</a>",4,"zdogz60","2025-09-13 06:25:01",4,1503,101,0,2,"#trending #fyp #fypage #dateupdate #brookeandjubal #phonecall #fypシ゚viral #redditstories"
"<a href=""https://www.tiktok.com/@3mmmgkk/video/7549454955015408909"" target=""_blank"" class=""btn btn-sm"" style=""background-color: #00926c; color: white; text-decoration: none; padding: 2px 8px; border-radius: 4px; font-size: 0.8em;"">View Post</a>",4,"3mmmgkk","2025-09-13 06:22:12",4,363,4,1,0,"#trending #fyp #fypage #dateupdate #brookeandjubal #phonecall #fypシ゚viral #redditstories"
"<a href=""https://www.tiktok.com/@svjssh/video/7549454861444730143"" target=""_blank"" class=""btn btn-sm"" style=""background-color: #00926c; color: white; text-decoration: none; padding: 2px 8px; border-radius: 4px; font-size: 0.8em;"">View Post</a>",5,"svjssh","2025-09-13 06:21:13",4,937,53,1,0,"#trending #fyp #fypage #dateupdate #brookeandjubal #phonecall #fypシ゚viral #redditstories"
"<a href=""https://www.tiktok.com/@juarezbent/video/7549454812115520798"" target=""_blank"" class=""btn btn-sm"" style=""background-color: #00926c; color: white; text-decoration: none; padding: 2px 8px; border-radius: 4px; font-size: 0.8em;"">View Post</a>",4,"juarezbent","2025-09-13 06:21:04",4,2235,170,2,2,"#trending #fyp #fypage #dateupdate #brookeandjubal #phonecall #fypシ゚viral #redditstories"
"<a href=""https://www.tiktok.com/@juarezbent/video/7549454784806374686"" target=""_blank"" class=""btn btn-sm"" style=""background-color: #00926c; color: white; text-decoration: none; padding: 2px 8px; border-radius: 4px; font-size: 0.8em;"">View Post</a>",4,"juarezbent","2025-09-13 06:21:03",4,2211,188,2,0,"#trending #fyp #fypage #dateupdate #brookeandjubal #phonecall #fypシ゚viral #redditstories"
"<a href=""https://www.tiktok.com/@svjssh/video/7549454719081516318"" target=""_blank"" class=""btn btn-sm"" style=""background-color: #00926c; color: white; text-decoration: none; padding: 2px 8px; border-radius: 4px; font-size: 0.8em;"">View Post</a>",5,"svjssh","2025-09-13 06:20:36",4,923,46,0,0,"#trending #fyp #fypage #dateupdate #brookeandjubal #phonecall #fypシ゚viral #redditstories"
"<a href=""https://www.tiktok.com/@3mmmgkk/video/7549454620892925197"" target=""_blank"" class=""btn btn-sm"" style=""background-color: #00926c; color: white; text-decoration: none; padding: 2px 8px; border-radius: 4px; font-size: 0.8em;"">View Post</a>",4,"3mmmgkk","2025-09-13 06:20:41",4,1093,47,0,0,"#trending #fyp #fypage #dateupdate #brookeandjubal #phonecall #fypシ゚viral #redditstories"
"<a href=""https://www.tiktok.com/@hzjsjs897/video/7549452583199362317"" target=""_blank"" class=""btn btn-sm"" style=""background-color: #00926c; color: white; text-decoration: none; padding: 2px 8px; border-radius: 4px; font-size: 0.8em;"">View Post</a>",5,"hzjsjs897","2025-09-13 06:12:39",4,1503,160,0,5,"#trending #fyp #fypage #dateupdate #brookeandjubal #phonecall #fypシ゚viral #redditstories"
"<a href=""https://www.tiktok.com/@hzjsjs897/video/7549452562336894222"" target=""_blank"" class=""btn btn-sm"" style=""background-color: #00926c; color: white; text-decoration: none; padding: 2px 8px; border-radius: 4px; font-size: 0.8em;"">View Post</a>",5,"hzjsjs897","2025-09-13 06:12:41",4,1384,95,1,0,"#trending #fyp #fypage #dateupdate #brookeandjubal #phonecall #fypシ゚viral #redditstories"
"<a href=""https://www.tiktok.com/@ali147643/video/7550656050182098206"" target=""_blank"" class=""btn btn-sm"" style=""background-color: #00926c; color: white; text-decoration: none; padding: 2px 8px; border-radius: 4px; font-size: 0.8em;"">View Post</a>",9,"ali147643","2025-09-16 12:02:05",4,113,0,0,0,"#howling #weatcoastvhaos #duet #duetwithme #funny #trending #toddlersoftiktok #toddler #toddlermom #smartbaby #foryou #cutebaby #scarecam #prankvideo #prank #funnyprank  #cruelsummerconfessions #forthegirls #fortheboys #iykyk #mixedbaby #parenting #parentingtips #whoops #toner #printmaking #todayilearned #laysgoldenduet #avrbofortogether #fyp #rand0mdu3ts #lifehacks #macchallengeaccepted #mcdonaldshacks #rufflesownyourridges #schickasks #cloroxmistchallenge #oreobdaystack #unexpected #seehergreatness #winterishere #arbysdiablodare #stepandflex #afairshotwithblock #LiveForTheChallenge #smelllikeirishspring #takistransformation #unpopularopinion #simlishsessions #america "
"<a href=""https://www.tiktok.com/@ihhjhfbbxh.h.b/video/7550656041793375519"" target=""_blank"" class=""btn btn-sm"" style=""background-color: #00926c; color: white; text-decoration: none; padding: 2px 8px; border-radius: 4px; font-size: 0.8em;"">View Post</a>",9,"ihhjhfbbxh.h.b","2025-09-16 12:02:03",4,115,5,0,0,"#howling #weatcoastvhaos #duet #duetwithme #funny #trending #toddlersoftiktok #toddler #toddlermom #smartbaby #foryou #cutebaby #scarecam #prankvideo #prank #funnyprank  #cruelsummerconfessions #forthegirls #fortheboys #iykyk #mixedbaby #parenting #parentingtips #whoops #toner #printmaking #todayilearned #laysgoldenduet #avrbofortogether #fyp #rand0mdu3ts #lifehacks #macchallengeaccepted #mcdonaldshacks #rufflesownyourridges #schickasks #cloroxmistchallenge #oreobdaystack #unexpected #seehergreatness #winterishere #arbysdiablodare #stepandflex #afairshotwithblock #LiveForTheChallenge #smelllikeirishspring #takistransformation #unpopularopinion #simlishsessions #america "
"<a href=""https://www.tiktok.com/@ali147643/video/7550656037041278239"" target=""_blank"" class=""btn btn-sm"" style=""background-color: #00926c; color: white; text-decoration: none; padding: 2px 8px; border-radius: 4px; font-size: 0.8em;"">View Post</a>",9,"ali147643","2025-09-16 12:02:06",4,221,3,0,0,"#howling #weatcoastvhaos #duet #duetwithme #funny #trending #toddlersoftiktok #toddler #toddlermom #smartbaby #foryou #cutebaby #scarecam #prankvideo #prank #funnyprank  #cruelsummerconfessions #forthegirls #fortheboys #iykyk #mixedbaby #parenting #parentingtips #whoops #toner #printmaking #todayilearned #laysgoldenduet #avrbofortogether #fyp #rand0mdu3ts #lifehacks #macchallengeaccepted #mcdonaldshacks #rufflesownyourridges #schickasks #cloroxmistchallenge #oreobdaystack #unexpected #seehergreatness #winterishere #arbysdiablodare #stepandflex #afairshotwithblock #LiveForTheChallenge #smelllikeirishspring #takistransformation #unpopularopinion #simlishsessions #america "
"<a href=""https://www.tiktok.com/@ali147643/video/7550655931613285663"" target=""_blank"" class=""btn btn-sm"" style=""background-color: #00926c; color: white; text-decoration: none; padding: 2px 8px; border-radius: 4px; font-size: 0.8em;"">View Post</a>",9,"ali147643","2025-09-16 12:01:32",4,93,0,0,0,"#howling #weatcoastvhaos #duet #duetwithme #funny #trending #toddlersoftiktok #toddler #toddlermom #smartbaby #foryou #cutebaby #scarecam #prankvideo #prank #funnyprank  #cruelsummerconfessions #forthegirls #fortheboys #iykyk #mixedbaby #parenting #parentingtips #whoops #toner #printmaking #todayilearned #laysgoldenduet #avrbofortogether #fyp #rand0mdu3ts #lifehacks #macchallengeaccepted #mcdonaldshacks #rufflesownyourridges #schickasks #cloroxmistchallenge #oreobdaystack #unexpected #seehergreatness #winterishere #arbysdiablodare #stepandflex #afairshotwithblock #LiveForTheChallenge #smelllikeirishspring #takistransformation #unpopularopinion #simlishsessions #america "
"<a href=""https://www.tiktok.com/@ihhjhfbbxh.h.b/video/7550655913976237342"" target=""_blank"" class=""btn btn-sm"" style=""background-color: #00926c; color: white; text-decoration: none; padding: 2px 8px; border-radius: 4px; font-size: 0.8em;"">View Post</a>",9,"ihhjhfbbxh.h.b","2025-09-16 12:01:37",4,98,3,0,0,"#howling #weatcoastvhaos #duet #duetwithme #funny #trending #toddlersoftiktok #toddler #toddlermom #smartbaby #foryou #cutebaby #scarecam #prankvideo #prank #funnyprank  #cruelsummerconfessions #forthegirls #fortheboys #iykyk #mixedbaby #parenting #parentingtips #whoops #toner #printmaking #todayilearned #laysgoldenduet #avrbofortogether #fyp #rand0mdu3ts #lifehacks #macchallengeaccepted #mcdonaldshacks #rufflesownyourridges #schickasks #cloroxmistchallenge #oreobdaystack #unexpected #seehergreatness #winterishere #arbysdiablodare #stepandflex #afairshotwithblock #LiveForTheChallenge #smelllikeirishspring #takistransformation #unpopularopinion #simlishsessions #america "
"<a href=""https://www.tiktok.com/@ihhjhfbbxh.h.b/video/7550655812620897567"" target=""_blank"" class=""btn btn-sm"" style=""background-color: #00926c; color: white; text-decoration: none; padding: 2px 8px; border-radius: 4px; font-size: 0.8em;"">View Post</a>",9,"ihhjhfbbxh.h.b","2025-09-16 12:01:09",4,109,0,0,1,"#howling #weatcoastvhaos #duet #duetwithme #funny #trending #toddlersoftiktok #toddler #toddlermom #smartbaby #foryou #cutebaby #scarecam #prankvideo #prank #funnyprank  #cruelsummerconfessions #forthegirls #fortheboys #iykyk #mixedbaby #parenting #parentingtips #whoops #toner #printmaking #todayilearned #laysgoldenduet #avrbofortogether #fyp #rand0mdu3ts #lifehacks #macchallengeaccepted #mcdonaldshacks #rufflesownyourridges #schickasks #cloroxmistchallenge #oreobdaystack #unexpected #seehergreatness #winterishere #arbysdiablodare #stepandflex #afairshotwithblock #LiveForTheChallenge #smelllikeirishspring #takistransformation #unpopularopinion #simlishsessions #america "
"<a href=""https://www.tiktok.com/@zhichen0193/video/7550645824523357470"" target=""_blank"" class=""btn btn-sm"" style=""background-color: #00926c; color: white; text-decoration: none; padding: 2px 8px; border-radius: 4px; font-size: 0.8em;"">View Post</a>",10,"zhichen0193","2025-09-16 11:22:21",4,71,1,0,0,"#howling #weatcoastvhaos #duet #duetwithme #funny #trending #toddlersoftiktok #toddler #toddlermom #smartbaby #foryou #cutebaby #scarecam #prankvideo #prank #funnyprank  #cruelsummerconfessions #forthegirls #fortheboys #iykyk #mixedbaby #parenting #parentingtips #whoops #toner #printmaking #todayilearned #laysgoldenduet #avrbofortogether #fyp #rand0mdu3ts #lifehacks #macchallengeaccepted #mcdonaldshacks #rufflesownyourridges #schickasks #cloroxmistchallenge #oreobdaystack #unexpected #seehergreatness #winterishere #arbysdiablodare #stepandflex #afairshotwithblock #LiveForTheChallenge #smelllikeirishspring #takistransformation #unpopularopinion #simlishsessions #america "
"<a href=""https://www.tiktok.com/@zhichen0193/video/7550645234963582238"" target=""_blank"" class=""btn btn-sm"" style=""background-color: #00926c; color: white; text-decoration: none; padding: 2px 8px; border-radius: 4px; font-size: 0.8em;"">View Post</a>",10,"zhichen0193","2025-09-16 11:20:04",4,1075,65,4,30,"#howling #weatcoastvhaos #duet #duetwithme #funny #trending #toddlersoftiktok #toddler #toddlermom #smartbaby #foryou #cutebaby #scarecam #prankvideo #prank #funnyprank  #cruelsummerconfessions #forthegirls #fortheboys #iykyk #mixedbaby #parenting #parentingtips #whoops #toner #printmaking #todayilearned #laysgoldenduet #avrbofortogether #fyp #rand0mdu3ts #lifehacks #macchallengeaccepted #mcdonaldshacks #rufflesownyourridges #schickasks #cloroxmistchallenge #oreobdaystack #unexpected #seehergreatness #winterishere #arbysdiablodare #stepandflex #afairshotwithblock #LiveForTheChallenge #smelllikeirishspring #takistransformation #unpopularopinion #simlishsessions #america "
"<a href=""https://www.tiktok.com/@ale4j09/video/7550645162817441054"" target=""_blank"" class=""btn btn-sm"" style=""background-color: #00926c; color: white; text-decoration: none; padding: 2px 8px; border-radius: 4px; font-size: 0.8em;"">View Post</a>",10,"ale4j09","2025-09-16 11:19:49",4,96,0,0,1,"#howling #weatcoastvhaos #duet #duetwithme #funny #trending #toddlersoftiktok #toddler #toddlermom #smartbaby #foryou #cutebaby #scarecam #prankvideo #prank #funnyprank  #cruelsummerconfessions #forthegirls #fortheboys #iykyk #mixedbaby #parenting #parentingtips #whoops #toner #printmaking #todayilearned #laysgoldenduet #avrbofortogether #fyp #rand0mdu3ts #lifehacks #macchallengeaccepted #mcdonaldshacks #rufflesownyourridges #schickasks #cloroxmistchallenge #oreobdaystack #unexpected #seehergreatness #winterishere #arbysdiablodare #stepandflex #afairshotwithblock #LiveForTheChallenge #smelllikeirishspring #takistransformation #unpopularopinion #simlishsessions #america "
"<a href=""https://www.tiktok.com/@oscarbarber45/video/7550645145641749791"" target=""_blank"" class=""btn btn-sm"" style=""background-color: #00926c; color: white; text-decoration: none; padding: 2px 8px; border-radius: 4px; font-size: 0.8em;"">View Post</a>",10,"oscarbarber45","2025-09-16 11:19:45",4,108,0,0,0,"#howling #weatcoastvhaos #duet #duetwithme #funny #trending #toddlersoftiktok #toddler #toddlermom #smartbaby #foryou #cutebaby #scarecam #prankvideo #prank #funnyprank  #cruelsummerconfessions #forthegirls #fortheboys #iykyk #mixedbaby #parenting #parentingtips #whoops #toner #printmaking #todayilearned #laysgoldenduet #avrbofortogether #fyp #rand0mdu3ts #lifehacks #macchallengeaccepted #mcdonaldshacks #rufflesownyourridges #schickasks #cloroxmistchallenge #oreobdaystack #unexpected #seehergreatness #winterishere #arbysdiablodare #stepandflex #afairshotwithblock #LiveForTheChallenge #smelllikeirishspring #takistransformation #unpopularopinion #simlishsessions #america "
"<a href=""https://www.tiktok.com/@zhichen0193/video/7550645081955405086"" target=""_blank"" class=""btn btn-sm"" style=""background-color: #00926c; color: white; text-decoration: none; padding: 2px 8px; border-radius: 4px; font-size: 0.8em;"">View Post</a>",10,"zhichen0193","2025-09-16 11:19:30",4,200,0,0,0,"#howling #weatcoastvhaos #duet #duetwithme #funny #trending #toddlersoftiktok #toddler #toddlermom #smartbaby #foryou #cutebaby #scarecam #prankvideo #prank #funnyprank  #cruelsummerconfessions #forthegirls #fortheboys #iykyk #mixedbaby #parenting #parentingtips #whoops #toner #printmaking #todayilearned #laysgoldenduet #avrbofortogether #fyp #rand0mdu3ts #lifehacks #macchallengeaccepted #mcdonaldshacks #rufflesownyourridges #schickasks #cloroxmistchallenge #oreobdaystack #unexpected #seehergreatness #winterishere #arbysdiablodare #stepandflex #afairshotwithblock #LiveForTheChallenge #smelllikeirishspring #takistransformation #unpopularopinion #simlishsessions #america "
"<a href=""https://www.tiktok.com/@ali872400/video/7550645041488743711"" target=""_blank"" class=""btn btn-sm"" style=""background-color: #00926c; color: white; text-decoration: none; padding: 2px 8px; border-radius: 4px; font-size: 0.8em;"">View Post</a>",10,"ali872400","2025-09-16 11:19:22",4,1022,33,1,0,"#howling #weatcoastvhaos #duet #duetwithme #funny #trending #toddlersoftiktok #toddler #toddlermom #smartbaby #foryou #cutebaby #scarecam #prankvideo #prank #funnyprank  #cruelsummerconfessions #forthegirls #fortheboys #iykyk #mixedbaby #parenting #parentingtips #whoops #toner #printmaking #todayilearned #laysgoldenduet #avrbofortogether #fyp #rand0mdu3ts #lifehacks #macchallengeaccepted #mcdonaldshacks #rufflesownyourridges #schickasks #cloroxmistchallenge #oreobdaystack #unexpected #seehergreatness #winterishere #arbysdiablodare #stepandflex #afairshotwithblock #LiveForTheChallenge #smelllikeirishspring #takistransformation #unpopularopinion #simlishsessions #america "
"<a href=""https://www.tiktok.com/@ali872400/video/7550644940896734494"" target=""_blank"" class=""btn btn-sm"" style=""background-color: #00926c; color: white; text-decoration: none; padding: 2px 8px; border-radius: 4px; font-size: 0.8em;"">View Post</a>",10,"ali872400","2025-09-16 11:18:58",4,77,0,0,0,"#howling #weatcoastvhaos #duet #duetwithme #funny #trending #toddlersoftiktok #toddler #toddlermom #smartbaby #foryou #cutebaby #scarecam #prankvideo #prank #funnyprank  #cruelsummerconfessions #forthegirls #fortheboys #iykyk #mixedbaby #parenting #parentingtips #whoops #toner #printmaking #todayilearned #laysgoldenduet #avrbofortogether #fyp #rand0mdu3ts #lifehacks #macchallengeaccepted #mcdonaldshacks #rufflesownyourridges #schickasks #cloroxmistchallenge #oreobdaystack #unexpected #seehergreatness #winterishere #arbysdiablodare #stepandflex #afairshotwithblock #LiveForTheChallenge #smelllikeirishspring #takistransformation #unpopularopinion #simlishsessions #america "
"<a href=""https://www.tiktok.com/@ale4j09/video/7550644927022009630"" target=""_blank"" class=""btn btn-sm"" style=""background-color: #00926c; color: white; text-decoration: none; padding: 2px 8px; border-radius: 4px; font-size: 0.8em;"">View Post</a>",10,"ale4j09","2025-09-16 11:18:53",4,229,6,2,0,"#howling #weatcoastvhaos #duet #duetwithme #funny #trending #toddlersoftiktok #toddler #toddlermom #smartbaby #foryou #cutebaby #scarecam #prankvideo #prank #funnyprank  #cruelsummerconfessions #forthegirls #fortheboys #iykyk #mixedbaby #parenting #parentingtips #whoops #toner #printmaking #todayilearned #laysgoldenduet #avrbofortogether #fyp #rand0mdu3ts #lifehacks #macchallengeaccepted #mcdonaldshacks #rufflesownyourridges #schickasks #cloroxmistchallenge #oreobdaystack #unexpected #seehergreatness #winterishere #arbysdiablodare #stepandflex #afairshotwithblock #LiveForTheChallenge #smelllikeirishspring #takistransformation #unpopularopinion #simlishsessions #america "
"<a href=""https://www.tiktok.com/@zhichen0193/video/7550644882172300575"" target=""_blank"" class=""btn btn-sm"" style=""background-color: #00926c; color: white; text-decoration: none; padding: 2px 8px; border-radius: 4px; font-size: 0.8em;"">View Post</a>",10,"zhichen0193","2025-09-16 11:18:50",4,86,1,0,2,"#howling #weatcoastvhaos #duet #duetwithme #funny #trending #toddlersoftiktok #toddler #toddlermom #smartbaby #foryou #cutebaby #scarecam #prankvideo #prank #funnyprank  #cruelsummerconfessions #forthegirls #fortheboys #iykyk #mixedbaby #parenting #parentingtips #whoops #toner #printmaking #todayilearned #laysgoldenduet #avrbofortogether #fyp #rand0mdu3ts #lifehacks #macchallengeaccepted #mcdonaldshacks #rufflesownyourridges #schickasks #cloroxmistchallenge #oreobdaystack #unexpected #seehergreatness #winterishere #arbysdiablodare #stepandflex #afairshotwithblock #LiveForTheChallenge #smelllikeirishspring #takistransformation #unpopularopinion #simlishsessions #america "
"<a href=""https://www.tiktok.com/@oscarbarber45/video/7550644870654790943"" target=""_blank"" class=""btn btn-sm"" style=""background-color: #00926c; color: white; text-decoration: none; padding: 2px 8px; border-radius: 4px; font-size: 0.8em;"">View Post</a>",10,"oscarbarber45","2025-09-16 11:18:41",4,960,35,1,6,"#howling #weatcoastvhaos #duet #duetwithme #funny #trending #toddlersoftiktok #toddler #toddlermom #smartbaby #foryou #cutebaby #scarecam #prankvideo #prank #funnyprank  #cruelsummerconfessions #forthegirls #fortheboys #iykyk #mixedbaby #parenting #parentingtips #whoops #toner #printmaking #todayilearned #laysgoldenduet #avrbofortogether #fyp #rand0mdu3ts #lifehacks #macchallengeaccepted #mcdonaldshacks #rufflesownyourridges #schickasks #cloroxmistchallenge #oreobdaystack #unexpected #seehergreatness #winterishere #arbysdiablodare #stepandflex #afairshotwithblock #LiveForTheChallenge #smelllikeirishspring #takistransformation #unpopularopinion #simlishsessions #america "
"<a href=""https://www.tiktok.com/@oscarbarber45/video/7550644817538190623"" target=""_blank"" class=""btn btn-sm"" style=""background-color: #00926c; color: white; text-decoration: none; padding: 2px 8px; border-radius: 4px; font-size: 0.8em;"">View Post</a>",10,"oscarbarber45","2025-09-16 11:18:33",4,78,1,0,0,"#howling #weatcoastvhaos #duet #duetwithme #funny #trending #toddlersoftiktok #toddler #toddlermom #smartbaby #foryou #cutebaby #scarecam #prankvideo #prank #funnyprank  #cruelsummerconfessions #forthegirls #fortheboys #iykyk #mixedbaby #parenting #parentingtips #whoops #toner #printmaking #todayilearned #laysgoldenduet #avrbofortogether #fyp #rand0mdu3ts #lifehacks #macchallengeaccepted #mcdonaldshacks #rufflesownyourridges #schickasks #cloroxmistchallenge #oreobdaystack #unexpected #seehergreatness #winterishere #arbysdiablodare #stepandflex #afairshotwithblock #LiveForTheChallenge #smelllikeirishspring #takistransformation #unpopularopinion #simlishsessions #america "
"<a href=""https://www.tiktok.com/@ali872400/video/7550644740165733662"" target=""_blank"" class=""btn btn-sm"" style=""background-color: #00926c; color: white; text-decoration: none; padding: 2px 8px; border-radius: 4px; font-size: 0.8em;"">View Post</a>",10,"ali872400","2025-09-16 11:18:05",4,79,1,0,0,"#howling #weatcoastvhaos #duet #duetwithme #funny #trending #toddlersoftiktok #toddler #toddlermom #smartbaby #foryou #cutebaby #scarecam #prankvideo #prank #funnyprank  #cruelsummerconfessions #forthegirls #fortheboys #iykyk #mixedbaby #parenting #parentingtips #whoops #toner #printmaking #todayilearned #laysgoldenduet #avrbofortogether #fyp #rand0mdu3ts #lifehacks #macchallengeaccepted #mcdonaldshacks #rufflesownyourridges #schickasks #cloroxmistchallenge #oreobdaystack #unexpected #seehergreatness #winterishere #arbysdiablodare #stepandflex #afairshotwithblock #LiveForTheChallenge #smelllikeirishspring #takistransformation #unpopularopinion #simlishsessions #america "
"<a href=""https://www.tiktok.com/@ale4j09/video/7550644698340183326"" target=""_blank"" class=""btn btn-sm"" style=""background-color: #00926c; color: white; text-decoration: none; padding: 2px 8px; border-radius: 4px; font-size: 0.8em;"">View Post</a>",10,"ale4j09","2025-09-16 11:18:05",4,116,5,0,0,"#howling #weatcoastvhaos #duet #duetwithme #funny #trending #toddlersoftiktok #toddler #toddlermom #smartbaby #foryou #cutebaby #scarecam #prankvideo #prank #funnyprank  #cruelsummerconfessions #forthegirls #fortheboys #iykyk #mixedbaby #parenting #parentingtips #whoops #toner #printmaking #todayilearned #laysgoldenduet #avrbofortogether #fyp #rand0mdu3ts #lifehacks #macchallengeaccepted #mcdonaldshacks #rufflesownyourridges #schickasks #cloroxmistchallenge #oreobdaystack #unexpected #seehergreatness #winterishere #arbysdiablodare #stepandflex #afairshotwithblock #LiveForTheChallenge #smelllikeirishspring #takistransformation #unpopularopinion #simlishsessions #america "
"<a href=""https://www.tiktok.com/@272fire1/video/7550581389637274911"" target=""_blank"" class=""btn btn-sm"" style=""background-color: #00926c; color: white; text-decoration: none; padding: 2px 8px; border-radius: 4px; font-size: 0.8em;"">View Post</a>",1,"272fire1","2025-09-16 07:12:56",3,2359,203,2,0,"#reddit #reddit_tiktok #redditreadings #askreddit #fyp #foryoupage #redditstorytime #Reddit #fypage #shortstory"
"<a href=""https://www.tiktok.com/@336per7/video/7550581222053842207"" target=""_blank"" class=""btn btn-sm"" style=""background-color: #00926c; color: white; text-decoration: none; padding: 2px 8px; border-radius: 4px; font-size: 0.8em;"">View Post</a>",1,"336per7","2025-09-16 07:12:25",3,694,31,0,0,"#reddit #reddit_tiktok #redditreadings #askreddit #fyp #foryoupage #redditstorytime #Reddit #fypage #shortstory"
"<a href=""https://www.tiktok.com/@272fire1/video/7550580952133684511"" target=""_blank"" class=""btn btn-sm"" style=""background-color: #00926c; color: white; text-decoration: none; padding: 2px 8px; border-radius: 4px; font-size: 0.8em;"">View Post</a>",1,"272fire1","2025-09-16 07:11:19",3,1624,143,0,0,"#reddit #reddit_tiktok #redditreadings #askreddit #fyp #foryoupage #redditstorytime #Reddit #fypage #shortstory"
"<a href=""https://www.tiktok.com/@272fire1/video/7550580518929173791"" target=""_blank"" class=""btn btn-sm"" style=""background-color: #00926c; color: white; text-decoration: none; padding: 2px 8px; border-radius: 4px; font-size: 0.8em;"">View Post</a>",1,"272fire1","2025-09-16 07:09:53",3,600,24,0,1,"#reddit #reddit_tiktok #redditreadings #askreddit #fyp #foryoupage #redditstorytime #Reddit #fypage #shortstory"
"<a href=""https://www.tiktok.com/@336per7/video/7550580296794557727"" target=""_blank"" class=""btn btn-sm"" style=""background-color: #00926c; color: white; text-decoration: none; padding: 2px 8px; border-radius: 4px; font-size: 0.8em;"">View Post</a>",1,"336per7","2025-09-16 07:08:41",3,981,96,0,0,"#reddit #reddit_tiktok #redditreadings #askreddit #fyp #foryoupage #redditstorytime #Reddit #fypage #shortstory"
"<a href=""https://www.tiktok.com/@aaqo8sth89/video/7550561689524096269"" target=""_blank"" class=""btn btn-sm"" style=""background-color: #00926c; color: white; text-decoration: none; padding: 2px 8px; border-radius: 4px; font-size: 0.8em;"">View Post</a>",2,"aaqo8sth89","2025-09-16 05:56:44",3,689,24,0,0,"#reddit #reddit_tiktok #redditreadings #askreddit #fyp #foryoupage #redditstorytime #Reddit #fypage #shortstory"
"<a href=""https://www.tiktok.com/@aaqo8sth89/video/7550558519829876023"" target=""_blank"" class=""btn btn-sm"" style=""background-color: #00926c; color: white; text-decoration: none; padding: 2px 8px; border-radius: 4px; font-size: 0.8em;"">View Post</a>",2,"aaqo8sth89","2025-09-16 05:44:42",3,2170,139,0,1,"#reddit #reddit_tiktok #redditreadings #askreddit #fyp #foryoupage #redditstorytime #Reddit #fypage #shortstory"
"<a href=""https://www.tiktok.com/@g4lkgggsn3/video/7550558353362111758"" target=""_blank"" class=""btn btn-sm"" style=""background-color: #00926c; color: white; text-decoration: none; padding: 2px 8px; border-radius: 4px; font-size: 0.8em;"">View Post</a>",2,"g4lkgggsn3","2025-09-16 05:44:05",3,833,57,2,0,"#reddit #reddit_tiktok #redditreadings #askreddit #fyp #foryoupage #redditstorytime #Reddit #fypage #shortstory"
"<a href=""https://www.tiktok.com/@auvningjixiang/video/7550557252529261879"" target=""_blank"" class=""btn btn-sm"" style=""background-color: #00926c; color: white; text-decoration: none; padding: 2px 8px; border-radius: 4px; font-size: 0.8em;"">View Post</a>",2,"auvningjixiang","2025-09-16 05:39:48",3,432,32,0,0,"#reddit #reddit_tiktok #redditreadings #askreddit #fyp #foryoupage #redditstorytime #Reddit #fypage #shortstory"
"<a href=""https://www.tiktok.com/@g4lkgggsn3/video/7550556521306918158"" target=""_blank"" class=""btn btn-sm"" style=""background-color: #00926c; color: white; text-decoration: none; padding: 2px 8px; border-radius: 4px; font-size: 0.8em;"">View Post</a>",2,"g4lkgggsn3","2025-09-16 05:37:06",3,1691,115,2,1,"#reddit #reddit_tiktok #redditreadings #askreddit #fyp #foryoupage #redditstorytime #Reddit #fypage #shortstory"
"<a href=""https://www.tiktok.com/@aaqo8sth89/video/7550556519918521613"" target=""_blank"" class=""btn btn-sm"" style=""background-color: #00926c; color: white; text-decoration: none; padding: 2px 8px; border-radius: 4px; font-size: 0.8em;"">View Post</a>",2,"aaqo8sth89","2025-09-16 05:36:36",3,392,35,0,0,"#reddit #reddit_tiktok #redditreadings #askreddit #fyp #foryoupage #redditstorytime #Reddit #fypage #shortstory"
"<a href=""https://www.tiktok.com/@auvningjixiang/video/7550556396220108045"" target=""_blank"" class=""btn btn-sm"" style=""background-color: #00926c; color: white; text-decoration: none; padding: 2px 8px; border-radius: 4px; font-size: 0.8em;"">View Post</a>",2,"auvningjixiang","2025-09-16 05:36:18",3,364,15,0,0,"#reddit #reddit_tiktok #redditreadings #askreddit #fyp #foryoupage #redditstorytime #Reddit #fypage #shortstory"
"<a href=""https://www.tiktok.com/@g4lkgggsn3/video/7550556090858048782"" target=""_blank"" class=""btn btn-sm"" style=""background-color: #00926c; color: white; text-decoration: none; padding: 2px 8px; border-radius: 4px; font-size: 0.8em;"">View Post</a>",2,"g4lkgggsn3","2025-09-16 05:35:15",3,2094,83,0,1,"#reddit #reddit_tiktok #redditreadings #askreddit #fyp #foryoupage #redditstorytime #Reddit #fypage #shortstory"
"<a href=""https://www.tiktok.com/@auvningjixiang/video/7550555314119003406"" target=""_blank"" class=""btn btn-sm"" style=""background-color: #00926c; color: white; text-decoration: none; padding: 2px 8px; border-radius: 4px; font-size: 0.8em;"">View Post</a>",2,"auvningjixiang","2025-09-16 05:31:53",3,3625,194,0,2,"#reddit #reddit_tiktok #redditreadings #askreddit #fyp #foryoupage #redditstorytime #Reddit #fypage #shortstory"
"<a href=""https://www.tiktok.com/@auvningjixiang/video/7550273211062078734"" target=""_blank"" class=""btn btn-sm"" style=""background-color: #00926c; color: white; text-decoration: none; padding: 2px 8px; border-radius: 4px; font-size: 0.8em;"">View Post</a>",2,"auvningjixiang","2025-09-15 11:17:05",3,1918,84,1,0,"#reddit #reddit_tiktok #redditreadings #askreddit #fyp #foryoupage #redditstorytime #Reddit #fypage #shortstory"
"<a href=""https://www.tiktok.com/@aaqo8sth89/video/7550272682277784845"" target=""_blank"" class=""btn btn-sm"" style=""background-color: #00926c; color: white; text-decoration: none; padding: 2px 8px; border-radius: 4px; font-size: 0.8em;"">View Post</a>",2,"aaqo8sth89","2025-09-15 11:15:19",3,577,17,0,1,"#reddit #reddit_tiktok #redditreadings #askreddit #fyp #foryoupage #redditstorytime #Reddit #fypage #shortstory"
"<a href=""https://www.tiktok.com/@auvningjixiang/video/7550272609091456311"" target=""_blank"" class=""btn btn-sm"" style=""background-color: #00926c; color: white; text-decoration: none; padding: 2px 8px; border-radius: 4px; font-size: 0.8em;"">View Post</a>",2,"auvningjixiang","2025-09-15 11:15:15",3,2673,161,1,4,"#reddit #reddit_tiktok #redditreadings #askreddit #fyp #foryoupage #redditstorytime #Reddit #fypage #shortstory"
"<a href=""https://www.tiktok.com/@aaqo8sth89/video/7550272608722275598"" target=""_blank"" class=""btn btn-sm"" style=""background-color: #00926c; color: white; text-decoration: none; padding: 2px 8px; border-radius: 4px; font-size: 0.8em;"">View Post</a>",2,"aaqo8sth89","2025-09-15 11:15:21",3,407,9,0,0,"#reddit #reddit_tiktok #redditreadings #askreddit #fyp #foryoupage #redditstorytime #Reddit #fypage #shortstory"
"<a href=""https://www.tiktok.com/@auvningjixiang/video/7550272474110315790"" target=""_blank"" class=""btn btn-sm"" style=""background-color: #00926c; color: white; text-decoration: none; padding: 2px 8px; border-radius: 4px; font-size: 0.8em;"">View Post</a>",2,"auvningjixiang","2025-09-15 11:14:32",3,2145,103,0,0,"#reddit #reddit_tiktok #redditreadings #askreddit #fyp #foryoupage #redditstorytime #Reddit #fypage #shortstory"
"<a href=""https://www.tiktok.com/@aaqo8sth89/video/7550271400284540174"" target=""_blank"" class=""btn btn-sm"" style=""background-color: #00926c; color: white; text-decoration: none; padding: 2px 8px; border-radius: 4px; font-size: 0.8em;"">View Post</a>",2,"aaqo8sth89","2025-09-15 11:10:17",3,1256,120,0,0,"#reddit #reddit_tiktok #redditreadings #askreddit #fyp #foryoupage #redditstorytime #Reddit #fypage #shortstory"
"<a href=""https://www.tiktok.com/@336per7/video/7550230404511337759"" target=""_blank"" class=""btn btn-sm"" style=""background-color: #00926c; color: white; text-decoration: none; padding: 2px 8px; border-radius: 4px; font-size: 0.8em;"">View Post</a>",1,"336per7","2025-09-15 08:31:19",3,1152,57,2,1,"#reddit #reddit_tiktok #redditreadings #askreddit #fyp #foryoupage #redditstorytime #Reddit #fypage #shortstory"
"<a href=""https://www.tiktok.com/@g4lkgggsn3/video/7550230182158781710"" target=""_blank"" class=""btn btn-sm"" style=""background-color: #00926c; color: white; text-decoration: none; padding: 2px 8px; border-radius: 4px; font-size: 0.8em;"">View Post</a>",2,"g4lkgggsn3","2025-09-15 08:31:31",3,332,5,0,0,"#reddit #reddit_tiktok #redditreadings #askreddit #fyp #foryoupage #redditstorytime #Reddit #fypage #shortstory"
"<a href=""https://www.tiktok.com/@272fire1/video/7550230108494155039"" target=""_blank"" class=""btn btn-sm"" style=""background-color: #00926c; color: white; text-decoration: none; padding: 2px 8px; border-radius: 4px; font-size: 0.8em;"">View Post</a>",1,"272fire1","2025-09-15 08:29:59",3,6849,276,5,0,"#reddit #reddit_tiktok #redditreadings #askreddit #fyp #foryoupage #redditstorytime #Reddit #fypage #shortstory"
"<a href=""https://www.tiktok.com/@336per7/video/7550228734603709727"" target=""_blank"" class=""btn btn-sm"" style=""background-color: #00926c; color: white; text-decoration: none; padding: 2px 8px; border-radius: 4px; font-size: 0.8em;"">View Post</a>",1,"336per7","2025-09-15 08:24:42",3,563,16,4,0,"#reddit #reddit_tiktok #redditreadings #askreddit #fyp #foryoupage #redditstorytime #Reddit #fypage #shortstory"
"<a href=""https://www.tiktok.com/@272fire1/video/7550228709131717919"" target=""_blank"" class=""btn btn-sm"" style=""background-color: #00926c; color: white; text-decoration: none; padding: 2px 8px; border-radius: 4px; font-size: 0.8em;"">View Post</a>",1,"272fire1","2025-09-15 08:24:35",3,673,36,1,0,"#reddit #reddit_tiktok #redditreadings #askreddit #fyp #foryoupage #redditstorytime #Reddit #fypage #shortstory"
"<a href=""https://www.tiktok.com/@336per7/video/7550228576067407135"" target=""_blank"" class=""btn btn-sm"" style=""background-color: #00926c; color: white; text-decoration: none; padding: 2px 8px; border-radius: 4px; font-size: 0.8em;"">View Post</a>",1,"336per7","2025-09-15 08:23:54",3,394,19,0,0,"#reddit #reddit_tiktok #redditreadings #askreddit #fyp #foryoupage #redditstorytime #Reddit #fypage #shortstory"
"<a href=""https://www.tiktok.com/@272fire1/video/7550228391509724446"" target=""_blank"" class=""btn btn-sm"" style=""background-color: #00926c; color: white; text-decoration: none; padding: 2px 8px; border-radius: 4px; font-size: 0.8em;"">View Post</a>",1,"272fire1","2025-09-15 08:23:36",3,1482,169,1,0,"#reddit #reddit_tiktok #redditreadings #askreddit #fyp #foryoupage #redditstorytime #Reddit #fypage #shortstory"
"<a href=""https://www.tiktok.com/@g4lkgggsn3/video/7550228384387796237"" target=""_blank"" class=""btn btn-sm"" style=""background-color: #00926c; color: white; text-decoration: none; padding: 2px 8px; border-radius: 4px; font-size: 0.8em;"">View Post</a>",2,"g4lkgggsn3","2025-09-15 08:24:05",3,1757,85,1,0,"#reddit #reddit_tiktok #redditreadings #askreddit #fyp #foryoupage #redditstorytime #Reddit #fypage #shortstory"
"<a href=""https://www.tiktok.com/@g4lkgggsn3/video/7550226318722419982"" target=""_blank"" class=""btn btn-sm"" style=""background-color: #00926c; color: white; text-decoration: none; padding: 2px 8px; border-radius: 4px; font-size: 0.8em;"">View Post</a>",2,"g4lkgggsn3","2025-09-15 08:16:25",3,1959,86,1,0,"#reddit #reddit_tiktok #redditreadings #askreddit #fyp #foryoupage #redditstorytime #Reddit #fypage #shortstory"
"<a href=""https://www.tiktok.com/@336per7/video/7549881822876880159"" target=""_blank"" class=""btn btn-sm"" style=""background-color: #00926c; color: white; text-decoration: none; padding: 2px 8px; border-radius: 4px; font-size: 0.8em;"">View Post</a>",1,"336per7","2025-09-14 09:58:44",3,714,35,1,0,"#reddit #reddit_tiktok #redditreadings #askreddit #fyp #foryoupage #redditstorytime #Reddit #fypage #shortstory"
"<a href=""https://www.tiktok.com/@272fire1/video/7549881253613292830"" target=""_blank"" class=""btn btn-sm"" style=""background-color: #00926c; color: white; text-decoration: none; padding: 2px 8px; border-radius: 4px; font-size: 0.8em;"">View Post</a>",1,"272fire1","2025-09-14 09:56:15",3,464,12,1,0,"#reddit #reddit_tiktok #redditreadings #askreddit #fyp #foryoupage #redditstorytime #Reddit #fypage #shortstory"
"<a href=""https://www.tiktok.com/@272fire1/video/7549880775932415263"" target=""_blank"" class=""btn btn-sm"" style=""background-color: #00926c; color: white; text-decoration: none; padding: 2px 8px; border-radius: 4px; font-size: 0.8em;"">View Post</a>",1,"272fire1","2025-09-14 09:54:37",3,1347,98,1,0,"#reddit #reddit_tiktok #redditreadings #askreddit #fyp #foryoupage #redditstorytime #Reddit #fypage #shortstory"
"<a href=""https://www.tiktok.com/@336per7/video/7549880773252369694"" target=""_blank"" class=""btn btn-sm"" style=""background-color: #00926c; color: white; text-decoration: none; padding: 2px 8px; border-radius: 4px; font-size: 0.8em;"">View Post</a>",1,"336per7","2025-09-14 09:54:44",3,723,51,0,0,"#reddit #reddit_tiktok #redditreadings #askreddit #fyp #foryoupage #redditstorytime #Reddit #fypage #shortstory"
"<a href=""https://www.tiktok.com/@272fire1/video/7549879651565341982"" target=""_blank"" class=""btn btn-sm"" style=""background-color: #00926c; color: white; text-decoration: none; padding: 2px 8px; border-radius: 4px; font-size: 0.8em;"">View Post</a>",1,"272fire1","2025-09-14 09:49:14",3,868,45,1,5,"#reddit #reddit_tiktok #redditreadings #askreddit #fyp #foryoupage #redditstorytime #Reddit #fypage #shortstory"
"<a href=""https://www.tiktok.com/@336per7/video/7549879494962613535"" target=""_blank"" class=""btn btn-sm"" style=""background-color: #00926c; color: white; text-decoration: none; padding: 2px 8px; border-radius: 4px; font-size: 0.8em;"">View Post</a>",1,"336per7","2025-09-14 09:49:40",3,528,22,0,0,"#reddit #reddit_tiktok #redditreadings #askreddit #fyp #foryoupage #redditstorytime #Reddit #fypage #shortstory"
"<a href=""https://www.tiktok.com/@g4lkgggsn3/video/7549874926770048269"" target=""_blank"" class=""btn btn-sm"" style=""background-color: #00926c; color: white; text-decoration: none; padding: 2px 8px; border-radius: 4px; font-size: 0.8em;"">View Post</a>",2,"g4lkgggsn3","2025-09-14 09:32:48",3,2201,46,0,0,"#reddit #reddit_tiktok #redditreadings #askreddit #fyp #foryoupage #redditstorytime #Reddit #fypage #shortstory"
"<a href=""https://www.tiktok.com/@aaqo8sth89/video/7549864164169239821"" target=""_blank"" class=""btn btn-sm"" style=""background-color: #00926c; color: white; text-decoration: none; padding: 2px 8px; border-radius: 4px; font-size: 0.8em;"">View Post</a>",2,"aaqo8sth89","2025-09-14 08:51:03",3,325,14,0,0,"#reddit #reddit_tiktok #redditreadings #askreddit #fyp #foryoupage #redditstorytime #Reddit #fypage #shortstory"
"<a href=""https://www.tiktok.com/@auvningjixiang/video/7549856988780317965"" target=""_blank"" class=""btn btn-sm"" style=""background-color: #00926c; color: white; text-decoration: none; padding: 2px 8px; border-radius: 4px; font-size: 0.8em;"">View Post</a>",2,"auvningjixiang","2025-09-14 08:22:32",3,468,21,1,0,"#reddit #reddit_tiktok #redditreadings #askreddit #fyp #foryoupage #redditstorytime #Reddit #fypage #shortstory"
"<a href=""https://www.tiktok.com/@auvningjixiang/video/7549856402106322231"" target=""_blank"" class=""btn btn-sm"" style=""background-color: #00926c; color: white; text-decoration: none; padding: 2px 8px; border-radius: 4px; font-size: 0.8em;"">View Post</a>",2,"auvningjixiang","2025-09-14 08:20:37",3,3136,111,3,1,"#reddit #reddit_tiktok #redditreadings #askreddit #fyp #foryoupage #redditstorytime #Reddit #fypage #shortstory"
"<a href=""https://www.tiktok.com/@auvningjixiang/video/7549856325228973325"" target=""_blank"" class=""btn btn-sm"" style=""background-color: #00926c; color: white; text-decoration: none; padding: 2px 8px; border-radius: 4px; font-size: 0.8em;"">View Post</a>",2,"auvningjixiang","2025-09-14 08:20:50",3,815,43,0,0,"#reddit #reddit_tiktok #redditreadings #askreddit #fyp #foryoupage #redditstorytime #Reddit #fypage #shortstory"
"<a href=""https://www.tiktok.com/@aaqo8sth89/video/7549851636588449038"" target=""_blank"" class=""btn btn-sm"" style=""background-color: #00926c; color: white; text-decoration: none; padding: 2px 8px; border-radius: 4px; font-size: 0.8em;"">View Post</a>",2,"aaqo8sth89","2025-09-14 08:02:20",3,4320,334,0,0,"#reddit #reddit_tiktok #redditreadings #askreddit #fyp #foryoupage #redditstorytime #Reddit #fypage #shortstory"
"<a href=""https://www.tiktok.com/@aaqo8sth89/video/7549850363826900237"" target=""_blank"" class=""btn btn-sm"" style=""background-color: #00926c; color: white; text-decoration: none; padding: 2px 8px; border-radius: 4px; font-size: 0.8em;"">View Post</a>",2,"aaqo8sth89","2025-09-14 07:57:17",3,1092,94,1,0,"#reddit #reddit_tiktok #redditreadings #askreddit #fyp #foryoupage #redditstorytime #Reddit #fypage #shortstory"
"<a href=""https://www.tiktok.com/@aaqo8sth89/video/7549450063538294030"" target=""_blank"" class=""btn btn-sm"" style=""background-color: #00926c; color: white; text-decoration: none; padding: 2px 8px; border-radius: 4px; font-size: 0.8em;"">View Post</a>",2,"aaqo8sth89","2025-09-13 06:02:49",3,1512,13,0,0,"#reddit #reddit_tiktok #redditreadings #askreddit #fyp #foryoupage #redditstorytime #Reddit #fypage #shortstory"
"<a href=""https://www.tiktok.com/@aaqo8sth89/video/7549449494790769934"" target=""_blank"" class=""btn btn-sm"" style=""background-color: #00926c; color: white; text-decoration: none; padding: 2px 8px; border-radius: 4px; font-size: 0.8em;"">View Post</a>",2,"aaqo8sth89","2025-09-13 06:00:44",3,14602,437,2,12,"#reddit #reddit_tiktok #redditreadings #askreddit #fyp #foryoupage #redditstorytime #Reddit #fypage #shortstory"
"<a href=""https://www.tiktok.com/@aaqo8sth89/video/7549449219912764686"" target=""_blank"" class=""btn btn-sm"" style=""background-color: #00926c; color: white; text-decoration: none; padding: 2px 8px; border-radius: 4px; font-size: 0.8em;"">View Post</a>",2,"aaqo8sth89","2025-09-13 05:59:50",3,1102,88,2,0,"#reddit #reddit_tiktok #redditreadings #askreddit #fyp #foryoupage #redditstorytime #Reddit #fypage #shortstory"
"<a href=""https://www.tiktok.com/@auvningjixiang/video/7549448159689329975"" target=""_blank"" class=""btn btn-sm"" style=""background-color: #00926c; color: white; text-decoration: none; padding: 2px 8px; border-radius: 4px; font-size: 0.8em;"">View Post</a>",2,"auvningjixiang","2025-09-13 05:55:48",3,512,11,0,1,"#reddit #reddit_tiktok #redditreadings #askreddit #fyp #foryoupage #redditstorytime #Reddit #fypage #shortstory"
"<a href=""https://www.tiktok.com/@g4lkgggsn3/video/7549448139934059790"" target=""_blank"" class=""btn btn-sm"" style=""background-color: #00926c; color: white; text-decoration: none; padding: 2px 8px; border-radius: 4px; font-size: 0.8em;"">View Post</a>",2,"g4lkgggsn3","2025-09-13 05:55:32",3,1467,46,2,0,"#reddit #reddit_tiktok #redditreadings #askreddit #fyp #foryoupage #redditstorytime #Reddit #fypage #shortstory"
"<a href=""https://www.tiktok.com/@auvningjixiang/video/7549447973231447310"" target=""_blank"" class=""btn btn-sm"" style=""background-color: #00926c; color: white; text-decoration: none; padding: 2px 8px; border-radius: 4px; font-size: 0.8em;"">View Post</a>",2,"auvningjixiang","2025-09-13 05:54:46",3,1158,84,0,0,"#reddit #reddit_tiktok #redditreadings #askreddit #fyp #foryoupage #redditstorytime #Reddit #fypage #shortstory"
"<a href=""https://www.tiktok.com/@g4lkgggsn3/video/7549447503188430094"" target=""_blank"" class=""btn btn-sm"" style=""background-color: #00926c; color: white; text-decoration: none; padding: 2px 8px; border-radius: 4px; font-size: 0.8em;"">View Post</a>",2,"g4lkgggsn3","2025-09-13 05:53:09",3,2331,141,3,2,"#reddit #reddit_tiktok #redditreadings #askreddit #fyp #foryoupage #redditstorytime #Reddit #fypage #shortstory"
"<a href=""https://www.tiktok.com/@auvningjixiang/video/7549447478500773133"" target=""_blank"" class=""btn btn-sm"" style=""background-color: #00926c; color: white; text-decoration: none; padding: 2px 8px; border-radius: 4px; font-size: 0.8em;"">View Post</a>",2,"auvningjixiang","2025-09-13 05:52:14",3,1937,178,1,0,"#reddit #reddit_tiktok #redditreadings #askreddit #fyp #foryoupage #redditstorytime #Reddit #fypage #shortstory"
"<a href=""https://www.tiktok.com/@g4lkgggsn3/video/7549446932192677134"" target=""_blank"" class=""btn btn-sm"" style=""background-color: #00926c; color: white; text-decoration: none; padding: 2px 8px; border-radius: 4px; font-size: 0.8em;"">View Post</a>",2,"g4lkgggsn3","2025-09-13 05:50:59",3,1652,112,1,0,"#reddit #reddit_tiktok #redditreadings #askreddit #fyp #foryoupage #redditstorytime #Reddit #fypage #shortstory"
"<a href=""https://www.tiktok.com/@ywyeqmig886/video/7550631478455979294"" target=""_blank"" class=""btn btn-sm"" style=""background-color: #00926c; color: white; text-decoration: none; padding: 2px 8px; border-radius: 4px; font-size: 0.8em;"">View Post</a>",6,"ywyeqmig886","2025-09-16 10:26:51",2,1921,90,2,6,"#fyp#fyp→°viral#fyp° #foryoupage#foryou#edits#edit#xybca#viral#viraltiktok #blowthisup#blowup?#blowup#blowupmyphone#blowupovernight#blowupthisacc#relatable#schoolmeme#schoolrelatable#relatableslideshow#slidehsow#roblox#griffinmethod"
"<a href=""https://www.tiktok.com/@gesd6598/video/7550631149652004126"" target=""_blank"" class=""btn btn-sm"" style=""background-color: #00926c; color: white; text-decoration: none; padding: 2px 8px; border-radius: 4px; font-size: 0.8em;"">View Post</a>",6,"gesd6598","2025-09-16 10:25:45",2,681,60,5,5,"#fyp#fyp→°viral#fyp° #foryoupage#foryou#edits#edit#xybca#viral#viraltiktok #blowthisup#blowup?#blowup#blowupmyphone#blowupovernight#blowupthisacc#relatable#schoolmeme#schoolrelatable#relatableslideshow#slidehsow#roblox#griffinmethod"
"<a href=""https://www.tiktok.com/@ywyeqmig886/video/7550631116181359902"" target=""_blank"" class=""btn btn-sm"" style=""background-color: #00926c; color: white; text-decoration: none; padding: 2px 8px; border-radius: 4px; font-size: 0.8em;"">View Post</a>",6,"ywyeqmig886","2025-09-16 10:25:23",2,1846,87,1,10,"#fyp#fyp→°viral#fyp° #foryoupage#foryou#edits#edit#xybca#viral#viraltiktok #blowthisup#blowup?#blowup#blowupmyphone#blowupovernight#blowupthisacc#relatable#schoolmeme#schoolrelatable#relatableslideshow#slidehsow#roblox#griffinmethod"
"<a href=""https://www.tiktok.com/@gesd6598/video/7550631098145901855"" target=""_blank"" class=""btn btn-sm"" style=""background-color: #00926c; color: white; text-decoration: none; padding: 2px 8px; border-radius: 4px; font-size: 0.8em;"">View Post</a>",6,"gesd6598","2025-09-16 10:25:21",2,196,2,2,0,"#fyp#fyp→°viral#fyp° #foryoupage#foryou#edits#edit#xybca#viral#viraltiktok #blowthisup#blowup?#blowup#blowupmyphone#blowupovernight#blowupthisacc#relatable#schoolmeme#schoolrelatable#relatableslideshow#slidehsow#roblox#griffinmethod"
"<a href=""https://www.tiktok.com/@gesd6598/video/7550262213433478455"" target=""_blank"" class=""btn btn-sm"" style=""background-color: #00926c; color: white; text-decoration: none; padding: 2px 8px; border-radius: 4px; font-size: 0.8em;"">View Post</a>",6,"gesd6598","2025-09-15 10:35:20",2,2011,47,0,0,"#fyp#fyp→°viral#fyp° #foryoupage#foryou#edits#edit#xybca#viral#viraltiktok #blowthisup#blowup?#blowup#blowupmyphone#blowupovernight#blowupthisacc#relatable#schoolmeme#schoolrelatable#relatableslideshow#slidehsow#roblox#griffinmethod"
"<a href=""https://www.tiktok.com/@ywyeqmig886/video/7550262007279226167"" target=""_blank"" class=""btn btn-sm"" style=""background-color: #00926c; color: white; text-decoration: none; padding: 2px 8px; border-radius: 4px; font-size: 0.8em;"">View Post</a>",6,"ywyeqmig886","2025-09-15 10:34:12",2,5937,184,0,3,"#fyp#fyp→°viral#fyp° #foryoupage#foryou#edits#edit#xybca#viral#viraltiktok #blowthisup#blowup?#blowup#blowupmyphone#blowupovernight#blowupthisacc#relatable#schoolmeme#schoolrelatable#relatableslideshow#slidehsow#roblox#griffinmethod"
"<a href=""https://www.tiktok.com/@gesd6598/video/7550261996554341687"" target=""_blank"" class=""btn btn-sm"" style=""background-color: #00926c; color: white; text-decoration: none; padding: 2px 8px; border-radius: 4px; font-size: 0.8em;"">View Post</a>",6,"gesd6598","2025-09-15 10:33:58",2,1364,60,1,2,"#fyp#fyp→°viral#fyp° #foryoupage#foryou#edits#edit#xybca#viral#viraltiktok #blowthisup#blowup?#blowup#blowupmyphone#blowupovernight#blowupthisacc#relatable#schoolmeme#schoolrelatable#relatableslideshow#slidehsow#roblox#griffinmethod"
"<a href=""https://www.tiktok.com/@ywyeqmig886/video/7550261810398596407"" target=""_blank"" class=""btn btn-sm"" style=""background-color: #00926c; color: white; text-decoration: none; padding: 2px 8px; border-radius: 4px; font-size: 0.8em;"">View Post</a>",6,"ywyeqmig886","2025-09-15 10:33:34",2,2414,83,4,3,"#fyp#fyp→°viral#fyp° #foryoupage#foryou#edits#edit#xybca#viral#viraltiktok #blowthisup#blowup?#blowup#blowupmyphone#blowupovernight#blowupthisacc#relatable#schoolmeme#schoolrelatable#relatableslideshow#slidehsow#roblox#griffinmethod"
"<a href=""https://www.tiktok.com/@labubu535353/video/7550258980484910350"" target=""_blank"" class=""btn btn-sm"" style=""background-color: #00926c; color: white; text-decoration: none; padding: 2px 8px; border-radius: 4px; font-size: 0.8em;"">View Post</a>",7,"labubu535353","2025-09-15 10:22:21",2,2286,108,2,1,"#fyp#fyp→°viral#fyp° #foryoupage#foryou#edits#edit#xybca#viral#viraltiktok #blowthisup#blowup?#blowup#blowupmyphone#blowupovernight#blowupthisacc#relatable#schoolmeme#schoolrelatable#relatableslideshow#slidehsow#roblox#griffinmethod"
"<a href=""https://www.tiktok.com/@labubu535353/video/7550258869730102542"" target=""_blank"" class=""btn btn-sm"" style=""background-color: #00926c; color: white; text-decoration: none; padding: 2px 8px; border-radius: 4px; font-size: 0.8em;"">View Post</a>",7,"labubu535353","2025-09-15 10:22:32",2,1607,98,5,4,"#fyp#fyp→°viral#fyp° #foryoupage#foryou#edits#edit#xybca#viral#viraltiktok #blowthisup#blowup?#blowup#blowupmyphone#blowupovernight#blowupthisacc#relatable#schoolmeme#schoolrelatable#relatableslideshow#slidehsow#roblox#griffinmethod"
"<a href=""https://www.tiktok.com/@sedh8301/video/7550258731330620703"" target=""_blank"" class=""btn btn-sm"" style=""background-color: #00926c; color: white; text-decoration: none; padding: 2px 8px; border-radius: 4px; font-size: 0.8em;"">View Post</a>",7,"sedh8301","2025-09-15 10:20:46",2,833,50,3,15,"#fyp#fyp→°viral#fyp° #foryoupage#foryou#edits#edit#xybca#viral#viraltiktok #blowthisup#blowup?#blowup#blowupmyphone#blowupovernight#blowupthisacc#relatable#schoolmeme#schoolrelatable#relatableslideshow#slidehsow#roblox#griffinmethod"
"<a href=""https://www.tiktok.com/@sedh8301/video/7550258656709758239"" target=""_blank"" class=""btn btn-sm"" style=""background-color: #00926c; color: white; text-decoration: none; padding: 2px 8px; border-radius: 4px; font-size: 0.8em;"">View Post</a>",7,"sedh8301","2025-09-15 10:20:30",2,570,23,1,0,"#fyp#fyp→°viral#fyp° #foryoupage#foryou#edits#edit#xybca#viral#viraltiktok #blowthisup#blowup?#blowup#blowupmyphone#blowupovernight#blowupthisacc#relatable#schoolmeme#schoolrelatable#relatableslideshow#slidehsow#roblox#griffinmethod"
"<a href=""https://www.tiktok.com/@gesd6598/video/7549884508280016141"" target=""_blank"" class=""btn btn-sm"" style=""background-color: #00926c; color: white; text-decoration: none; padding: 2px 8px; border-radius: 4px; font-size: 0.8em;"">View Post</a>",6,"gesd6598","2025-09-14 10:10:14",2,55244,1288,391,39,"#fyp#fyp→°viral#fyp° #foryoupage#foryou#edits#edit#xybca#viral#viraltiktok #blowthisup#blowup?#blowup#blowupmyphone#blowupovernight#blowupthisacc#relatable#schoolmeme#schoolrelatable#relatableslideshow#slidehsow#roblox#griffinmethod"
"<a href=""https://www.tiktok.com/@gesd6598/video/7549884340138675470"" target=""_blank"" class=""btn btn-sm"" style=""background-color: #00926c; color: white; text-decoration: none; padding: 2px 8px; border-radius: 4px; font-size: 0.8em;"">View Post</a>",6,"gesd6598","2025-09-14 10:09:04",2,1089,19,0,0,"#fyp#fyp→°viral#fyp° #foryoupage#foryou#edits#edit#xybca#viral#viraltiktok #blowthisup#blowup?#blowup#blowupmyphone#blowupovernight#blowupthisacc#relatable#schoolmeme#schoolrelatable#relatableslideshow#slidehsow#roblox#griffinmethod"
"<a href=""https://www.tiktok.com/@ywyeqmig886/video/7549883617317489934"" target=""_blank"" class=""btn btn-sm"" style=""background-color: #00926c; color: white; text-decoration: none; padding: 2px 8px; border-radius: 4px; font-size: 0.8em;"">View Post</a>",6,"ywyeqmig886","2025-09-14 10:06:58",2,5726,169,19,42,"#fyp#fyp→°viral#fyp° #foryoupage#foryou#edits#edit#xybca#viral#viraltiktok #blowthisup#blowup?#blowup#blowupmyphone#blowupovernight#blowupthisacc#relatable#schoolmeme#schoolrelatable#relatableslideshow#slidehsow#roblox#griffinmethod"
"<a href=""https://www.tiktok.com/@ywyeqmig886/video/7549883555543928077"" target=""_blank"" class=""btn btn-sm"" style=""background-color: #00926c; color: white; text-decoration: none; padding: 2px 8px; border-radius: 4px; font-size: 0.8em;"">View Post</a>",6,"ywyeqmig886","2025-09-14 10:06:40",2,2401,70,2,5,"#fyp#fyp→°viral#fyp° #foryoupage#foryou#edits#edit#xybca#viral#viraltiktok #blowthisup#blowup?#blowup#blowupmyphone#blowupovernight#blowupthisacc#relatable#schoolmeme#schoolrelatable#relatableslideshow#slidehsow#roblox#griffinmethod"
"<a href=""https://www.tiktok.com/@labubu535353/video/7549883435943316750"" target=""_blank"" class=""btn btn-sm"" style=""background-color: #00926c; color: white; text-decoration: none; padding: 2px 8px; border-radius: 4px; font-size: 0.8em;"">View Post</a>",7,"labubu535353","2025-09-14 10:06:21",2,1472,42,4,6,"#fyp#fyp→°viral#fyp° #foryoupage#foryou#edits#edit#xybca#viral#viraltiktok #blowthisup#blowup?#blowup#blowupmyphone#blowupovernight#blowupthisacc#relatable#schoolmeme#schoolrelatable#relatableslideshow#slidehsow#roblox#griffinmethod"
"<a href=""https://www.tiktok.com/@sedh8301/video/7549883315730337055"" target=""_blank"" class=""btn btn-sm"" style=""background-color: #00926c; color: white; text-decoration: none; padding: 2px 8px; border-radius: 4px; font-size: 0.8em;"">View Post</a>",7,"sedh8301","2025-09-14 10:04:32",2,1035,76,5,36,"#fyp#fyp→°viral#fyp° #foryoupage#foryou#edits#edit#xybca#viral#viraltiktok #blowthisup#blowup?#blowup#blowupmyphone#blowupovernight#blowupthisacc#relatable#schoolmeme#schoolrelatable#relatableslideshow#slidehsow#roblox#griffinmethod"
"<a href=""https://www.tiktok.com/@labubu535353/video/7549883306897198349"" target=""_blank"" class=""btn btn-sm"" style=""background-color: #00926c; color: white; text-decoration: none; padding: 2px 8px; border-radius: 4px; font-size: 0.8em;"">View Post</a>",7,"labubu535353","2025-09-14 10:05:45",2,3085,198,9,4,"#fyp#fyp→°viral#fyp° #foryoupage#foryou#edits#edit#xybca#viral#viraltiktok #blowthisup#blowup?#blowup#blowupmyphone#blowupovernight#blowupthisacc#relatable#schoolmeme#schoolrelatable#relatableslideshow#slidehsow#roblox#griffinmethod"
"<a href=""https://www.tiktok.com/@sedh8301/video/7549883268750003487"" target=""_blank"" class=""btn btn-sm"" style=""background-color: #00926c; color: white; text-decoration: none; padding: 2px 8px; border-radius: 4px; font-size: 0.8em;"">View Post</a>",7,"sedh8301","2025-09-14 10:04:24",2,1633,64,2,1,"#fyp#fyp→°viral#fyp° #foryoupage#foryou#edits#edit#xybca#viral#viraltiktok #blowthisup#blowup?#blowup#blowupmyphone#blowupovernight#blowupthisacc#relatable#schoolmeme#schoolrelatable#relatableslideshow#slidehsow#roblox#griffinmethod"
"<a href=""https://www.tiktok.com/@ge.zm6/video/7550638994590158110"" target=""_blank"" class=""btn btn-sm"" style=""background-color: #00926c; color: white; text-decoration: none; padding: 2px 8px; border-radius: 4px; font-size: 0.8em;"">View Post</a>",11,"ge.zm6","2025-09-16 10:56:02",2,366,3,0,0,"#howling #weatcoastvhaos #duet #duetwithme #funny #trending #toddlersoftiktok #toddler #toddlermom #smartbaby #foryou #cutebaby #scarecam #prankvideo #prank #funnyprank  #cruelsummerconfessions #forthegirls #fortheboys #iykyk #mixedbaby #parenting #parentingtips #whoops #toner #printmaking #todayilearned #laysgoldenduet #avrbofortogether #fyp #rand0mdu3ts #lifehacks #macchallengeaccepted #mcdonaldshacks #rufflesownyourridges #schickasks #cloroxmistchallenge #oreobdaystack #unexpected #seehergreatness #winterishere #arbysdiablodare #stepandflex #afairshotwithblock #LiveForTheChallenge #smelllikeirishspring #takistransformation #unpopularopinion #simlishsessions #america"
"<a href=""https://www.tiktok.com/@gd.hx03/video/7550638779384581407"" target=""_blank"" class=""btn btn-sm"" style=""background-color: #00926c; color: white; text-decoration: none; padding: 2px 8px; border-radius: 4px; font-size: 0.8em;"">View Post</a>",11,"gd.hx03","2025-09-16 10:55:08",2,1090,56,1,15,"#howling #weatcoastvhaos #duet #duetwithme #funny #trending #toddlersoftiktok #toddler #toddlermom #smartbaby #foryou #cutebaby #scarecam #prankvideo #prank #funnyprank  #cruelsummerconfessions #forthegirls #fortheboys #iykyk #mixedbaby #parenting #parentingtips #whoops #toner #printmaking #todayilearned #laysgoldenduet #avrbofortogether #fyp #rand0mdu3ts #lifehacks #macchallengeaccepted #mcdonaldshacks #rufflesownyourridges #schickasks #cloroxmistchallenge #oreobdaystack #unexpected #seehergreatness #winterishere #arbysdiablodare #stepandflex #afairshotwithblock #LiveForTheChallenge #smelllikeirishspring #takistransformation #unpopularopinion #simlishsessions #america"
"<a href=""https://www.tiktok.com/@gsbxi6/video/7550638621066333471"" target=""_blank"" class=""btn btn-sm"" style=""background-color: #00926c; color: white; text-decoration: none; padding: 2px 8px; border-radius: 4px; font-size: 0.8em;"">View Post</a>",11,"gsbxi6","2025-09-16 10:54:33",2,153,1,0,0,"#howling #weatcoastvhaos #duet #duetwithme #funny #trending #toddlersoftiktok #toddler #toddlermom #smartbaby #foryou #cutebaby #scarecam #prankvideo #prank #funnyprank  #cruelsummerconfessions #forthegirls #fortheboys #iykyk #mixedbaby #parenting #parentingtips #whoops #toner #printmaking #todayilearned #laysgoldenduet #avrbofortogether #fyp #rand0mdu3ts #lifehacks #macchallengeaccepted #mcdonaldshacks #rufflesownyourridges #schickasks #cloroxmistchallenge #oreobdaystack #unexpected #seehergreatness #winterishere #arbysdiablodare #stepandflex #afairshotwithblock #LiveForTheChallenge #smelllikeirishspring #takistransformation #unpopularopinion #simlishsessions #america"
"<a href=""https://www.tiktok.com/@gd.hx03/video/7550638578917756190"" target=""_blank"" class=""btn btn-sm"" style=""background-color: #00926c; color: white; text-decoration: none; padding: 2px 8px; border-radius: 4px; font-size: 0.8em;"">View Post</a>",11,"gd.hx03","2025-09-16 10:54:20",2,979,8,0,3,"#howling #weatcoastvhaos #duet #duetwithme #funny #trending #toddlersoftiktok #toddler #toddlermom #smartbaby #foryou #cutebaby #scarecam #prankvideo #prank #funnyprank  #cruelsummerconfessions #forthegirls #fortheboys #iykyk #mixedbaby #parenting #parentingtips #whoops #toner #printmaking #todayilearned #laysgoldenduet #avrbofortogether #fyp #rand0mdu3ts #lifehacks #macchallengeaccepted #mcdonaldshacks #rufflesownyourridges #schickasks #cloroxmistchallenge #oreobdaystack #unexpected #seehergreatness #winterishere #arbysdiablodare #stepandflex #afairshotwithblock #LiveForTheChallenge #smelllikeirishspring #takistransformation #unpopularopinion #simlishsessions #america"
"<a href=""https://www.tiktok.com/@gsbxi6/video/7550638524437925151"" target=""_blank"" class=""btn btn-sm"" style=""background-color: #00926c; color: white; text-decoration: none; padding: 2px 8px; border-radius: 4px; font-size: 0.8em;"">View Post</a>",11,"gsbxi6","2025-09-16 10:54:04",2,102,0,0,2,"#howling #weatcoastvhaos #duet #duetwithme #funny #trending #toddlersoftiktok #toddler #toddlermom #smartbaby #foryou #cutebaby #scarecam #prankvideo #prank #funnyprank  #cruelsummerconfessions #forthegirls #fortheboys #iykyk #mixedbaby #parenting #parentingtips #whoops #toner #printmaking #todayilearned #laysgoldenduet #avrbofortogether #fyp #rand0mdu3ts #lifehacks #macchallengeaccepted #mcdonaldshacks #rufflesownyourridges #schickasks #cloroxmistchallenge #oreobdaystack #unexpected #seehergreatness #winterishere #arbysdiablodare #stepandflex #afairshotwithblock #LiveForTheChallenge #smelllikeirishspring #takistransformation #unpopularopinion #simlishsessions #america"
"<a href=""https://www.tiktok.com/@ge.zm6/video/7550638466988608798"" target=""_blank"" class=""btn btn-sm"" style=""background-color: #00926c; color: white; text-decoration: none; padding: 2px 8px; border-radius: 4px; font-size: 0.8em;"">View Post</a>",11,"ge.zm6","2025-09-16 10:53:57",2,1018,86,5,2,"#howling #weatcoastvhaos #duet #duetwithme #funny #trending #toddlersoftiktok #toddler #toddlermom #smartbaby #foryou #cutebaby #scarecam #prankvideo #prank #funnyprank  #cruelsummerconfessions #forthegirls #fortheboys #iykyk #mixedbaby #parenting #parentingtips #whoops #toner #printmaking #todayilearned #laysgoldenduet #avrbofortogether #fyp #rand0mdu3ts #lifehacks #macchallengeaccepted #mcdonaldshacks #rufflesownyourridges #schickasks #cloroxmistchallenge #oreobdaystack #unexpected #seehergreatness #winterishere #arbysdiablodare #stepandflex #afairshotwithblock #LiveForTheChallenge #smelllikeirishspring #takistransformation #unpopularopinion #simlishsessions #america"
"<a href=""https://www.tiktok.com/@gsbxi6/video/7550638330266914079"" target=""_blank"" class=""btn btn-sm"" style=""background-color: #00926c; color: white; text-decoration: none; padding: 2px 8px; border-radius: 4px; font-size: 0.8em;"">View Post</a>",11,"gsbxi6","2025-09-16 10:53:26",2,270,4,0,0,"#howling #weatcoastvhaos #duet #duetwithme #funny #trending #toddlersoftiktok #toddler #toddlermom #smartbaby #foryou #cutebaby #scarecam #prankvideo #prank #funnyprank  #cruelsummerconfessions #forthegirls #fortheboys #iykyk #mixedbaby #parenting #parentingtips #whoops #toner #printmaking #todayilearned #laysgoldenduet #avrbofortogether #fyp #rand0mdu3ts #lifehacks #macchallengeaccepted #mcdonaldshacks #rufflesownyourridges #schickasks #cloroxmistchallenge #oreobdaystack #unexpected #seehergreatness #winterishere #arbysdiablodare #stepandflex #afairshotwithblock #LiveForTheChallenge #smelllikeirishspring #takistransformation #unpopularopinion #simlishsessions #america"
"<a href=""https://www.tiktok.com/@ge.zm6/video/7550638227628002591"" target=""_blank"" class=""btn btn-sm"" style=""background-color: #00926c; color: white; text-decoration: none; padding: 2px 8px; border-radius: 4px; font-size: 0.8em;"">View Post</a>",11,"ge.zm6","2025-09-16 10:52:59",2,62,0,0,0,"#howling #weatcoastvhaos #duet #duetwithme #funny #trending #toddlersoftiktok #toddler #toddlermom #smartbaby #foryou #cutebaby #scarecam #prankvideo #prank #funnyprank  #cruelsummerconfessions #forthegirls #fortheboys #iykyk #mixedbaby #parenting #parentingtips #whoops #toner #printmaking #todayilearned #laysgoldenduet #avrbofortogether #fyp #rand0mdu3ts #lifehacks #macchallengeaccepted #mcdonaldshacks #rufflesownyourridges #schickasks #cloroxmistchallenge #oreobdaystack #unexpected #seehergreatness #winterishere #arbysdiablodare #stepandflex #afairshotwithblock #LiveForTheChallenge #smelllikeirishspring #takistransformation #unpopularopinion #simlishsessions #america"
"<a href=""https://www.tiktok.com/@gd.hx03/video/7550638170593840414"" target=""_blank"" class=""btn btn-sm"" style=""background-color: #00926c; color: white; text-decoration: none; padding: 2px 8px; border-radius: 4px; font-size: 0.8em;"">View Post</a>",11,"gd.hx03","2025-09-16 10:52:44",2,327,2,0,8,"#howling #weatcoastvhaos #duet #duetwithme #funny #trending #toddlersoftiktok #toddler #toddlermom #smartbaby #foryou #cutebaby #scarecam #prankvideo #prank #funnyprank  #cruelsummerconfessions #forthegirls #fortheboys #iykyk #mixedbaby #parenting #parentingtips #whoops #toner #printmaking #todayilearned #laysgoldenduet #avrbofortogether #fyp #rand0mdu3ts #lifehacks #macchallengeaccepted #mcdonaldshacks #rufflesownyourridges #schickasks #cloroxmistchallenge #oreobdaystack #unexpected #seehergreatness #winterishere #arbysdiablodare #stepandflex #afairshotwithblock #LiveForTheChallenge #smelllikeirishspring #takistransformation #unpopularopinion #simlishsessions #america"
"<a href=""https://www.tiktok.com/@gf.nj97/video/7549838175175249207"" target=""_blank"" class=""btn btn-sm"" style=""background-color: #00926c; color: white; text-decoration: none; padding: 2px 8px; border-radius: 4px; font-size: 0.8em;"">View Post</a>",8,"gf.nj97","2025-09-14 07:09:19",1,3552,91,2,1,"🎙️Jubalinthemorningradioprogram""BrookeandJubal""|seconddateupdate#dateupdate#brookeandjubal#phonecall#jubalfresho#seconddateupdate"
"<a href=""https://www.tiktok.com/@cx.b28/video/7549838114416561439"" target=""_blank"" class=""btn btn-sm"" style=""background-color: #00926c; color: white; text-decoration: none; padding: 2px 8px; border-radius: 4px; font-size: 0.8em;"">View Post</a>",8,"cx.b28","2025-09-14 07:08:27",1,2982,141,0,3,"🎙️Jubalinthemorningradioprogram""BrookeandJubal""|seconddateupdate#dateupdate#brookeandjubal#phonecall#jubalfresho#seconddateupdate"
"<a href=""https://www.tiktok.com/@cx.b28/video/7549837910019788062"" target=""_blank"" class=""btn btn-sm"" style=""background-color: #00926c; color: white; text-decoration: none; padding: 2px 8px; border-radius: 4px; font-size: 0.8em;"">View Post</a>",8,"cx.b28","2025-09-14 07:07:48",1,4112,235,1,2,"🎙️Jubalinthemorningradioprogram""BrookeandJubal""|seconddateupdate#dateupdate#brookeandjubal#phonecall#jubalfresho#seconddateupdate"
"<a href=""https://www.tiktok.com/@gf.nj97/video/7549837637616405773"" target=""_blank"" class=""btn btn-sm"" style=""background-color: #00926c; color: white; text-decoration: none; padding: 2px 8px; border-radius: 4px; font-size: 0.8em;"">View Post</a>",8,"gf.nj97","2025-09-14 07:06:53",1,404,18,1,0,"🎙️Jubalinthemorningradioprogram""BrookeandJubal""|seconddateupdate#dateupdate#brookeandjubal#phonecall#jubalfresho#seconddateupdate"
"<a href=""https://www.tiktok.com/@gf.nj97/video/7549453660921564471"" target=""_blank"" class=""btn btn-sm"" style=""background-color: #00926c; color: white; text-decoration: none; padding: 2px 8px; border-radius: 4px; font-size: 0.8em;"">View Post</a>",8,"gf.nj97","2025-09-13 06:17:10",1,1949,243,2,2,"🎙️Jubalinthemorningradioprogram""BrookeandJubal""|seconddateupdate#dateupdate#brookeandjubal#phonecall#jubalfresho#seconddateupdate"
"<a href=""https://www.tiktok.com/@cx.b28/video/7549453584337833246"" target=""_blank"" class=""btn btn-sm"" style=""background-color: #00926c; color: white; text-decoration: none; padding: 2px 8px; border-radius: 4px; font-size: 0.8em;"">View Post</a>",8,"cx.b28","2025-09-13 06:16:28",1,1744,78,0,1,"🎙️Jubalinthemorningradioprogram""BrookeandJubal""|seconddateupdate#dateupdate#brookeandjubal#phonecall#jubalfresho#seconddateupdate"
"<a href=""https://www.tiktok.com/@gf.nj97/video/7549453445015588151"" target=""_blank"" class=""btn btn-sm"" style=""background-color: #00926c; color: white; text-decoration: none; padding: 2px 8px; border-radius: 4px; font-size: 0.8em;"">View Post</a>",8,"gf.nj97","2025-09-13 06:16:07",1,4230,96,0,1,"🎙️Jubalinthemorningradioprogram""BrookeandJubal""|seconddateupdate#dateupdate#brookeandjubal#phonecall#jubalfresho#seconddateupdate"
"<a href=""https://www.tiktok.com/@cx.b28/video/7549453265042230558"" target=""_blank"" class=""btn btn-sm"" style=""background-color: #00926c; color: white; text-decoration: none; padding: 2px 8px; border-radius: 4px; font-size: 0.8em;"">View Post</a>",8,"cx.b28","2025-09-13 06:15:05",1,4880,229,11,19,"🎙️Jubalinthemorningradioprogram""BrookeandJubal""|seconddateupdate#dateupdate#brookeandjubal#phonecall#jubalfresho#seconddateupdate"
