"Account","Network","Unique Shares","Avg Time Between Shares (sec)","Edge Symmetry Score","Degree","Strength","Betweenness","Avg Views","Avg Likes","Avg Comments","Avg Shares"
"<a href=""https://tiktok.com/@272fire1"" target=""_blank"">@272fire1</a>",1,9,45.909,1,1,11,0,1807.333,111.778,1.333,0.667
"<a href=""https://tiktok.com/@336per7"" target=""_blank"">@336per7</a>",1,7,45.909,1,1,11,0,718.625,40.875,0.875,0.125
"<a href=""https://tiktok.com/@3mmmgkk"" target=""_blank"">@3mmmgkk</a>",4,6,56.429,1,2,19,0.003,1359.625,63.625,0.375,0.5
"<a href=""https://tiktok.com/@aaqo8sth89"" target=""_blank"">@aaqo8sth89</a>",2,8,47.714,0.8,1,7,0,2370.333,110.333,0.417,1.167
"<a href=""https://tiktok.com/@ale4j09"" target=""_blank"">@ale4j09</a>",10,3,46.037,1,3,27,0,147,3.667,0.667,0.333
"<a href=""https://tiktok.com/@ali147643"" target=""_blank"">@ali147643</a>",9,3,26,0.8,1,9,0,142.333,1,0,0
"<a href=""https://tiktok.com/@ali872400"" target=""_blank"">@ali872400</a>",10,3,44.333,0.933,3,27,0,392.667,11.333,0.333,0
"<a href=""https://tiktok.com/@ankd1bag52"" target=""_blank"">@ankd1bag52</a>",3,6,27.062,0.857,2,20,0,683.333,49.667,0.833,0.667
"<a href=""https://tiktok.com/@auvningjixiang"" target=""_blank"">@auvningjixiang</a>",2,7,52.429,0.9,2,14,0.003,1598.583,86.417,0.583,0.667
"<a href=""https://tiktok.com/@cx.b28"" target=""_blank"">@cx.b28</a>",8,4,59.571,1,1,7,0,3429.5,170.75,3,6.25
"<a href=""https://tiktok.com/@g4lkgggsn3"" target=""_blank"">@g4lkgggsn3</a>",2,10,57.143,1,1,7,0,1631.7,77.6,1.2,0.4
"<a href=""https://tiktok.com/@gd.hx03"" target=""_blank"">@gd.hx03</a>",11,3,58.54,1,2,16,0,798.667,22,0.333,8.667
"<a href=""https://tiktok.com/@ge.zm6"" target=""_blank"">@ge.zm6</a>",11,3,59.116,1,2,15,0,482,29.667,1.667,0.667
"<a href=""https://tiktok.com/@gesd6598"" target=""_blank"">@gesd6598</a>",6,6,49,1,1,8,0,10097.5,246,66.5,7.667
"<a href=""https://tiktok.com/@gf.nj97"" target=""_blank"">@gf.nj97</a>",8,4,59.571,1,1,7,0,2533.75,112,1.25,1
"<a href=""https://tiktok.com/@gsbxi6"" target=""_blank"">@gsbxi6</a>",11,3,57.799,1,2,17,0,175,1.667,0,0.667
"<a href=""https://tiktok.com/@hzjsjs897"" target=""_blank"">@hzjsjs897</a>",5,6,50.286,0.833,1,7,0,1866.75,127.375,1.125,0.875
"<a href=""https://tiktok.com/@ihhjhfbbxh.h.b"" target=""_blank"">@ihhjhfbbxh.h.b</a>",9,3,26,0.8,1,9,0,107.333,2.667,0,0.333
"<a href=""https://tiktok.com/@juarezbent"" target=""_blank"">@juarezbent</a>",4,6,55,1,1,12,0,1784.667,124.5,1.333,0.5
"<a href=""https://tiktok.com/@labubu535353"" target=""_blank"">@labubu535353</a>",7,4,98.857,1,1,7,0,2112.5,111.5,5,3.75
"<a href=""https://tiktok.com/@nurrffoox2"" target=""_blank"">@nurrffoox2</a>",3,6,31.229,0.746,2,20,0,498.167,46,0.333,0.5
"<a href=""https://tiktok.com/@oscarbarber45"" target=""_blank"">@oscarbarber45</a>",10,3,42.852,0.933,3,27,0,382,12,0.333,2
"<a href=""https://tiktok.com/@qjo27h99h9"" target=""_blank"">@qjo27h99h9</a>",3,9,19.167,0.889,2,24,0,452,47.444,0.444,0.444
"<a href=""https://tiktok.com/@sedh8301"" target=""_blank"">@sedh8301</a>",7,4,98.857,1,1,7,0,1017.75,53.25,2.75,13
"<a href=""https://tiktok.com/@svjssh"" target=""_blank"">@svjssh</a>",5,7,50.286,0.833,1,7,0,4869.429,198.714,3,1.714
"<a href=""https://tiktok.com/@ywyeqmig886"" target=""_blank"">@ywyeqmig886</a>",6,6,49,1,1,8,0,3374.167,113.833,4.667,11.5
"<a href=""https://tiktok.com/@zdogz60"" target=""_blank"">@zdogz60</a>",4,5,57.857,1,1,7,0,2175.857,133.286,1,0.429
"<a href=""https://tiktok.com/@zhichen0193"" target=""_blank"">@zhichen0193</a>",10,3,47.593,0.867,3,27,0,358,16.75,1,8
