"Network","Number of Accounts","Network Density","Network Diameter","Clustering Coefficient","Avg Views","Avg Likes","Avg Comments","Avg Shares","Member Accounts"
1,2,1,11,0,1295,78.412,1.118,0.412,"272fire1, 336per7"
2,3,0.667,14,0,1880.706,92.265,0.706,0.765,"aaqo8sth89, g4lkgggsn3, auvningjixiang"
3,3,1,12,1,531.286,47.667,0.524,0.524,"nurrffoox2, ankd1bag52, qjo27h99h9"
4,3,0.667,19,0,1753.143,104.238,0.857,0.476,"3mmmgkk, juarezbent, zdogz60"
5,2,1,7,0,3268,160.667,2,1.267,"hzjsjs897, svjssh"
6,2,1,8,0,6735.833,179.917,35.583,9.583,"gesd6598, ywyeqmig886"
7,2,1,7,0,1565.125,82.375,3.875,8.375,"labubu535353, sedh8301"
8,2,1,7,0,2981.625,141.375,2.125,3.625,"cx.b28, gf.nj97"
9,2,1,9,0,124.833,1.833,0,0.167,"ali147643, ihhjhfbbxh.h.b"
10,4,1,9,1,322.846,11.385,0.615,3,"ale4j09, oscarbarber45, ali872400, zhichen0193"
11,3,1,9,1,485.222,17.778,0.667,3.333,"ge.zm6, gd.hx03, gsbxi6"
