"Post URL","Network","Author","Timestamp","Number of Accounts","Views","Likes","Comments","Shares","Description"
"<a href=""https://www.tiktok.com/@ujnikm7/video/7464262462104145183"" target=""_blank"" class=""btn btn-sm"" style=""background-color: #00926c; color: white; text-decoration: none; padding: 2px 8px; border-radius: 4px; font-size: 0.8em;"">View Post</a>",3,"ujnikm7",2025-01-26 16:31:09,4,1790,17,0,0,"#pov #fyp #fypシ#pimplepoppersatisfying #pimple #whiteheads #supersatisfying #foryou "
"<a href=""https://www.tiktok.com/@plm00716/video/7464262451295522091"" target=""_blank"" class=""btn btn-sm"" style=""background-color: #00926c; color: white; text-decoration: none; padding: 2px 8px; border-radius: 4px; font-size: 0.8em;"">View Post</a>",3,"plm00716",2025-01-26 16:31:24,4,964,94,0,18,"#pov #fyp #fypシ#pimplepoppersatisfying #pimple #whiteheads #supersatisfying #foryou "
"<a href=""https://www.tiktok.com/@ujnikm7/video/7464262373876960543"" target=""_blank"" class=""btn btn-sm"" style=""background-color: #00926c; color: white; text-decoration: none; padding: 2px 8px; border-radius: 4px; font-size: 0.8em;"">View Post</a>",3,"ujnikm7",2025-01-26 16:31:00,4,2664,32,0,0,"#pov #fyp #fypシ#pimplepoppersatisfying #pimple #whiteheads #supersatisfying #foryou "
"<a href=""https://www.tiktok.com/@plm00716/video/7464262363756170542"" target=""_blank"" class=""btn btn-sm"" style=""background-color: #00926c; color: white; text-decoration: none; padding: 2px 8px; border-radius: 4px; font-size: 0.8em;"">View Post</a>",3,"plm00716",2025-01-26 16:30:51,4,6170,45,0,2,"#pov #fyp #fypシ#pimplepoppersatisfying #pimple #whiteheads #supersatisfying #foryou "
"<a href=""https://www.tiktok.com/@yy11y7/video/7464262124567530798"" target=""_blank"" class=""btn btn-sm"" style=""background-color: #00926c; color: white; text-decoration: none; padding: 2px 8px; border-radius: 4px; font-size: 0.8em;"">View Post</a>",3,"yy11y7",2025-01-26 16:29:51,4,3956,32,0,0,"#pov #fyp #fypシ#pimplepoppersatisfying #pimple #whiteheads #supersatisfying #foryou "
"<a href=""https://www.tiktok.com/@yy11y7/video/7464262021530291498"" target=""_blank"" class=""btn btn-sm"" style=""background-color: #00926c; color: white; text-decoration: none; padding: 2px 8px; border-radius: 4px; font-size: 0.8em;"">View Post</a>",3,"yy11y7",2025-01-26 16:29:35,4,3425,13,1,0,"#pov #fyp #fypシ#pimplepoppersatisfying #pimple #whiteheads #supersatisfying #foryou "
"<a href=""https://www.tiktok.com/@jkkj674/video/7464261468993670431"" target=""_blank"" class=""btn btn-sm"" style=""background-color: #00926c; color: white; text-decoration: none; padding: 2px 8px; border-radius: 4px; font-size: 0.8em;"">View Post</a>",3,"jkkj674",2025-01-26 16:27:27,4,24920,471,12,3,"#pov #fyp #fypシ#pimplepoppersatisfying #pimple #whiteheads #supersatisfying #foryou "
"<a href=""https://www.tiktok.com/@jkkj674/video/7464261380066102559"" target=""_blank"" class=""btn btn-sm"" style=""background-color: #00926c; color: white; text-decoration: none; padding: 2px 8px; border-radius: 4px; font-size: 0.8em;"">View Post</a>",3,"jkkj674",2025-01-26 16:27:14,4,8269,109,1,6,"#pov #fyp #fypシ#pimplepoppersatisfying #pimple #whiteheads #supersatisfying #foryou "
"<a href=""https://www.tiktok.com/@ujnikm7/video/7463890933436648735"" target=""_blank"" class=""btn btn-sm"" style=""background-color: #00926c; color: white; text-decoration: none; padding: 2px 8px; border-radius: 4px; font-size: 0.8em;"">View Post</a>",3,"ujnikm7",2025-01-25 16:29:30,4,6315,70,0,3,"#pov #fyp #fypシ#pimplepoppersatisfying #pimple #whiteheads #supersatisfying #foryou "
"<a href=""https://www.tiktok.com/@ujnikm7/video/7463890812917566751"" target=""_blank"" class=""btn btn-sm"" style=""background-color: #00926c; color: white; text-decoration: none; padding: 2px 8px; border-radius: 4px; font-size: 0.8em;"">View Post</a>",3,"ujnikm7",2025-01-25 16:29:01,4,2555,43,0,0,"#pov #fyp #fypシ#pimplepoppersatisfying #pimple #whiteheads #supersatisfying #foryou "
"<a href=""https://www.tiktok.com/@yr0010/video/7463890668125965598"" target=""_blank"" class=""btn btn-sm"" style=""background-color: #00926c; color: white; text-decoration: none; padding: 2px 8px; border-radius: 4px; font-size: 0.8em;"">View Post</a>",3,"yr0010",2025-01-25 16:28:26,4,1045,21,0,0,"#pov #fyp #fypシ#pimplepoppersatisfying #pimple #whiteheads #supersatisfying #foryou "
"<a href=""https://www.tiktok.com/@yy11y7/video/7463890654989487403"" target=""_blank"" class=""btn btn-sm"" style=""background-color: #00926c; color: white; text-decoration: none; padding: 2px 8px; border-radius: 4px; font-size: 0.8em;"">View Post</a>",3,"yy11y7",2025-01-25 16:28:25,4,7500,31,0,0,"#pov #fyp #fypシ#pimplepoppersatisfying #pimple #whiteheads #supersatisfying #foryou "
"<a href=""https://www.tiktok.com/@yy11y7/video/7463890606201392426"" target=""_blank"" class=""btn btn-sm"" style=""background-color: #00926c; color: white; text-decoration: none; padding: 2px 8px; border-radius: 4px; font-size: 0.8em;"">View Post</a>",3,"yy11y7",2025-01-25 16:28:13,4,5934,15,0,0,"#pov #fyp #fypシ#pimplepoppersatisfying #pimple #whiteheads #supersatisfying #foryou "
"<a href=""https://www.tiktok.com/@yr0010/video/7463890529881787678"" target=""_blank"" class=""btn btn-sm"" style=""background-color: #00926c; color: white; text-decoration: none; padding: 2px 8px; border-radius: 4px; font-size: 0.8em;"">View Post</a>",3,"yr0010",2025-01-25 16:28:07,4,1079,11,0,0,"#pov #fyp #fypシ#pimplepoppersatisfying #pimple #whiteheads #supersatisfying #foryou "
"<a href=""https://www.tiktok.com/@jkkj674/video/7463888916332989726"" target=""_blank"" class=""btn btn-sm"" style=""background-color: #00926c; color: white; text-decoration: none; padding: 2px 8px; border-radius: 4px; font-size: 0.8em;"">View Post</a>",3,"jkkj674",2025-01-25 16:21:41,4,3740,59,0,0,"#pov #fyp #fypシ#pimplepoppersatisfying #pimple #whiteheads #supersatisfying #foryou "
"<a href=""https://www.tiktok.com/@ujnikm7/video/7463518225880337695"" target=""_blank"" class=""btn btn-sm"" style=""background-color: #00926c; color: white; text-decoration: none; padding: 2px 8px; border-radius: 4px; font-size: 0.8em;"">View Post</a>",3,"ujnikm7",2025-01-24 16:23:24,4,5209,48,0,0,"#pov #fyp #fypシ#pimplepoppersatisfying #pimple #whiteheads #supersatisfying #foryou "
"<a href=""https://www.tiktok.com/@yr0010/video/7463518131290426655"" target=""_blank"" class=""btn btn-sm"" style=""background-color: #00926c; color: white; text-decoration: none; padding: 2px 8px; border-radius: 4px; font-size: 0.8em;"">View Post</a>",3,"yr0010",2025-01-24 16:23:07,4,1009,22,0,0,"#pov #fyp #fypシ#pimplepoppersatisfying #pimple #whiteheads #supersatisfying #foryou "
"<a href=""https://www.tiktok.com/@ujnikm7/video/7463518074952584479"" target=""_blank"" class=""btn btn-sm"" style=""background-color: #00926c; color: white; text-decoration: none; padding: 2px 8px; border-radius: 4px; font-size: 0.8em;"">View Post</a>",3,"ujnikm7",2025-01-24 16:22:49,4,6867,89,0,0,"#pov #fyp #fypシ#pimplepoppersatisfying #pimple #whiteheads #supersatisfying #foryou "
"<a href=""https://www.tiktok.com/@yr0010/video/7463517971965676830"" target=""_blank"" class=""btn btn-sm"" style=""background-color: #00926c; color: white; text-decoration: none; padding: 2px 8px; border-radius: 4px; font-size: 0.8em;"">View Post</a>",3,"yr0010",2025-01-24 16:22:45,4,4216,43,0,0,"#pov #fyp #fypシ#pimplepoppersatisfying #pimple #whiteheads #supersatisfying #foryou "
"<a href=""https://www.tiktok.com/@plm00716/video/7463517865837350190"" target=""_blank"" class=""btn btn-sm"" style=""background-color: #00926c; color: white; text-decoration: none; padding: 2px 8px; border-radius: 4px; font-size: 0.8em;"">View Post</a>",3,"plm00716",2025-01-24 16:22:25,4,4323,29,0,0,"#pov #fyp #fypシ#pimplepoppersatisfying #pimple #whiteheads #supersatisfying #foryou "
"<a href=""https://www.tiktok.com/@jkkj674/video/7463517527281339678"" target=""_blank"" class=""btn btn-sm"" style=""background-color: #00926c; color: white; text-decoration: none; padding: 2px 8px; border-radius: 4px; font-size: 0.8em;"">View Post</a>",3,"jkkj674",2025-01-24 16:20:44,4,9869,149,0,2,"#pov #fyp #fypシ#pimplepoppersatisfying #pimple #whiteheads #supersatisfying #foryou "
"<a href=""https://www.tiktok.com/@jkkj674/video/7463517451049798943"" target=""_blank"" class=""btn btn-sm"" style=""background-color: #00926c; color: white; text-decoration: none; padding: 2px 8px; border-radius: 4px; font-size: 0.8em;"">View Post</a>",3,"jkkj674",2025-01-24 16:20:30,4,6826,104,0,2,"#pov #fyp #fypシ#pimplepoppersatisfying #pimple #whiteheads #supersatisfying #foryou "
"<a href=""https://www.tiktok.com/@ujnikm7/video/7463146599040994590"" target=""_blank"" class=""btn btn-sm"" style=""background-color: #00926c; color: white; text-decoration: none; padding: 2px 8px; border-radius: 4px; font-size: 0.8em;"">View Post</a>",3,"ujnikm7",2025-01-23 16:20:41,4,51009,197,0,7,"#pov #fyp #fypシ#pimplepoppersatisfying #pimple #whiteheads #supersatisfying #foryou "
"<a href=""https://www.tiktok.com/@ujnikm7/video/7463146533723163934"" target=""_blank"" class=""btn btn-sm"" style=""background-color: #00926c; color: white; text-decoration: none; padding: 2px 8px; border-radius: 4px; font-size: 0.8em;"">View Post</a>",3,"ujnikm7",2025-01-23 16:20:26,4,5205,78,0,2,"#pov #fyp #fypシ#pimplepoppersatisfying #pimple #whiteheads #supersatisfying #foryou "
"<a href=""https://www.tiktok.com/@yr0010/video/7463146110517775646"" target=""_blank"" class=""btn btn-sm"" style=""background-color: #00926c; color: white; text-decoration: none; padding: 2px 8px; border-radius: 4px; font-size: 0.8em;"">View Post</a>",3,"yr0010",2025-01-23 16:18:47,4,1051,15,0,0,"#pov #fyp #fypシ#pimplepoppersatisfying #pimple #whiteheads #supersatisfying #foryou "
"<a href=""https://www.tiktok.com/@yr0010/video/7463146097905569055"" target=""_blank"" class=""btn btn-sm"" style=""background-color: #00926c; color: white; text-decoration: none; padding: 2px 8px; border-radius: 4px; font-size: 0.8em;"">View Post</a>",3,"yr0010",2025-01-23 16:18:46,4,1663,33,0,0,"#pov #fyp #fypシ#pimplepoppersatisfying #pimple #whiteheads #supersatisfying #foryou "
"<a href=""https://www.tiktok.com/@yy11y7/video/7463146080163695918"" target=""_blank"" class=""btn btn-sm"" style=""background-color: #00926c; color: white; text-decoration: none; padding: 2px 8px; border-radius: 4px; font-size: 0.8em;"">View Post</a>",3,"yy11y7",2025-01-23 16:18:40,4,7308,42,1,3,"#pov #fyp #fypシ#pimplepoppersatisfying #pimple #whiteheads #supersatisfying #foryou "
"<a href=""https://www.tiktok.com/@jkkj674/video/7463145908755008798"" target=""_blank"" class=""btn btn-sm"" style=""background-color: #00926c; color: white; text-decoration: none; padding: 2px 8px; border-radius: 4px; font-size: 0.8em;"">View Post</a>",3,"jkkj674",2025-01-23 16:17:59,4,11064,178,0,1,"#pov #fyp #fypシ#pimplepoppersatisfying #pimple #whiteheads #supersatisfying #foryou "
"<a href=""https://www.tiktok.com/@jkkj674/video/7463145643557588255"" target=""_blank"" class=""btn btn-sm"" style=""background-color: #00926c; color: white; text-decoration: none; padding: 2px 8px; border-radius: 4px; font-size: 0.8em;"">View Post</a>",3,"jkkj674",2025-01-23 16:16:57,4,12592,150,1,2,"#pov #fyp #fypシ#pimplepoppersatisfying #pimple #whiteheads #supersatisfying #foryou "
"<a href=""https://www.tiktok.com/@jkkj674/video/7462772049400876319"" target=""_blank"" class=""btn btn-sm"" style=""background-color: #00926c; color: white; text-decoration: none; padding: 2px 8px; border-radius: 4px; font-size: 0.8em;"">View Post</a>",3,"jkkj674",2025-01-22 16:07:36,4,13311,183,1,6,"#pov #fyp #fypシ#pimplepoppersatisfying #pimple #whiteheads #supersatisfying #foryou "
"<a href=""https://www.tiktok.com/@plm00716/video/7462772014261112110"" target=""_blank"" class=""btn btn-sm"" style=""background-color: #00926c; color: white; text-decoration: none; padding: 2px 8px; border-radius: 4px; font-size: 0.8em;"">View Post</a>",3,"plm00716",2025-01-22 16:07:50,4,19587,160,1,9,"#pov #fyp #fypシ#pimplepoppersatisfying #pimple #whiteheads #supersatisfying #foryou "
"<a href=""https://www.tiktok.com/@plm00716/video/7462771897768480043"" target=""_blank"" class=""btn btn-sm"" style=""background-color: #00926c; color: white; text-decoration: none; padding: 2px 8px; border-radius: 4px; font-size: 0.8em;"">View Post</a>",3,"plm00716",2025-01-22 16:07:16,4,3622,32,0,4,"#pov #fyp #fypシ#pimplepoppersatisfying #pimple #whiteheads #supersatisfying #foryou "
"<a href=""https://www.tiktok.com/@jkkj674/video/7462771759398276382"" target=""_blank"" class=""btn btn-sm"" style=""background-color: #00926c; color: white; text-decoration: none; padding: 2px 8px; border-radius: 4px; font-size: 0.8em;"">View Post</a>",3,"jkkj674",2025-01-22 16:06:36,4,21283,271,3,6,"#pov #fyp #fypシ#pimplepoppersatisfying #pimple #whiteheads #supersatisfying #foryou "
"<a href=""https://www.tiktok.com/@yr0010/video/7462771592649624863"" target=""_blank"" class=""btn btn-sm"" style=""background-color: #00926c; color: white; text-decoration: none; padding: 2px 8px; border-radius: 4px; font-size: 0.8em;"">View Post</a>",3,"yr0010",2025-01-22 16:06:05,4,8896,54,0,1,"#pov #fyp #fypシ#pimplepoppersatisfying #pimple #whiteheads #supersatisfying #foryou "
"<a href=""https://www.tiktok.com/@yr0010/video/7462771498382675231"" target=""_blank"" class=""btn btn-sm"" style=""background-color: #00926c; color: white; text-decoration: none; padding: 2px 8px; border-radius: 4px; font-size: 0.8em;"">View Post</a>",3,"yr0010",2025-01-22 16:05:45,4,2921,48,0,0,"#pov #fyp #fypシ#pimplepoppersatisfying #pimple #whiteheads #supersatisfying #foryou "
"<a href=""https://www.tiktok.com/@yy11y7/video/7462771404195532078"" target=""_blank"" class=""btn btn-sm"" style=""background-color: #00926c; color: white; text-decoration: none; padding: 2px 8px; border-radius: 4px; font-size: 0.8em;"">View Post</a>",3,"yy11y7",2025-01-22 16:05:21,4,2212,15,0,0,"#pov #fyp #fypシ#pimplepoppersatisfying #pimple #whiteheads #supersatisfying #foryou "
"<a href=""https://www.tiktok.com/@ujnikm7/video/7462770593142738206"" target=""_blank"" class=""btn btn-sm"" style=""background-color: #00926c; color: white; text-decoration: none; padding: 2px 8px; border-radius: 4px; font-size: 0.8em;"">View Post</a>",3,"ujnikm7",2025-01-22 16:02:08,4,8495,75,0,2,"#pov #fyp #fypシ#pimplepoppersatisfying #pimple #whiteheads #supersatisfying #foryou "
"<a href=""https://www.tiktok.com/@ujnikm7/video/7462770561521847582"" target=""_blank"" class=""btn btn-sm"" style=""background-color: #00926c; color: white; text-decoration: none; padding: 2px 8px; border-radius: 4px; font-size: 0.8em;"">View Post</a>",3,"ujnikm7",2025-01-22 16:01:53,4,4710,68,0,0,"#pov #fyp #fypシ#pimplepoppersatisfying #pimple #whiteheads #supersatisfying #foryou "
"<a href=""https://www.tiktok.com/@jkkj674/video/7462399371615685919"" target=""_blank"" class=""btn btn-sm"" style=""background-color: #00926c; color: white; text-decoration: none; padding: 2px 8px; border-radius: 4px; font-size: 0.8em;"">View Post</a>",3,"jkkj674",2025-01-21 16:01:31,4,14720,169,3,4,"#pov #fyp #fypシ#pimplepoppersatisfying #pimple #whiteheads #supersatisfying #foryou "
"<a href=""https://www.tiktok.com/@yr0010/video/7462399301260528927"" target=""_blank"" class=""btn btn-sm"" style=""background-color: #00926c; color: white; text-decoration: none; padding: 2px 8px; border-radius: 4px; font-size: 0.8em;"">View Post</a>",3,"yr0010",2025-01-21 16:01:23,4,2766,88,0,0,"#pov #fyp #fypシ#pimplepoppersatisfying #pimple #whiteheads #supersatisfying #foryou "
"<a href=""https://www.tiktok.com/@yr0010/video/7462399132909571358"" target=""_blank"" class=""btn btn-sm"" style=""background-color: #00926c; color: white; text-decoration: none; padding: 2px 8px; border-radius: 4px; font-size: 0.8em;"">View Post</a>",3,"yr0010",2025-01-21 16:00:46,4,2401,98,0,1,"#pov #fyp #fypシ#pimplepoppersatisfying #pimple #whiteheads #supersatisfying #foryou "
"<a href=""https://www.tiktok.com/@ujnikm7/video/7462398966307540255"" target=""_blank"" class=""btn btn-sm"" style=""background-color: #00926c; color: white; text-decoration: none; padding: 2px 8px; border-radius: 4px; font-size: 0.8em;"">View Post</a>",3,"ujnikm7",2025-01-21 15:59:48,4,5511,76,1,0,"#pov #fyp #fypシ#pimplepoppersatisfying #pimple #whiteheads #supersatisfying #foryou "
"<a href=""https://www.tiktok.com/@ujnikm7/video/7462398921604631839"" target=""_blank"" class=""btn btn-sm"" style=""background-color: #00926c; color: white; text-decoration: none; padding: 2px 8px; border-radius: 4px; font-size: 0.8em;"">View Post</a>",3,"ujnikm7",2025-01-21 15:59:47,4,7762,109,0,1,"#pov #fyp #fypシ#pimplepoppersatisfying #pimple #whiteheads #supersatisfying #foryou "
"<a href=""https://www.tiktok.com/@plm00716/video/7464262363756170542"" target=""_blank"" class=""btn btn-sm"" style=""background-color: #00926c; color: white; text-decoration: none; padding: 2px 8px; border-radius: 4px; font-size: 0.8em;"">View Post</a>",3,"plm00716",2025-01-26 16:30:51,4,6171,45,0,2,"#pov #fyp #fypシ#pimplepoppersatisfying #pimple #whiteheads #supersatisfying #foryou "
"<a href=""https://www.tiktok.com/@jkkj674/video/7464261468993670431"" target=""_blank"" class=""btn btn-sm"" style=""background-color: #00926c; color: white; text-decoration: none; padding: 2px 8px; border-radius: 4px; font-size: 0.8em;"">View Post</a>",3,"jkkj674",2025-01-26 16:27:27,4,24922,471,12,3,"#pov #fyp #fypシ#pimplepoppersatisfying #pimple #whiteheads #supersatisfying #foryou "
"<a href=""https://www.tiktok.com/@yy11y7/video/7463890654989487403"" target=""_blank"" class=""btn btn-sm"" style=""background-color: #00926c; color: white; text-decoration: none; padding: 2px 8px; border-radius: 4px; font-size: 0.8em;"">View Post</a>",3,"yy11y7",2025-01-25 16:28:25,4,7501,31,0,0,"#pov #fyp #fypシ#pimplepoppersatisfying #pimple #whiteheads #supersatisfying #foryou "
"<a href=""https://www.tiktok.com/@plm00716/video/7463517865837350190"" target=""_blank"" class=""btn btn-sm"" style=""background-color: #00926c; color: white; text-decoration: none; padding: 2px 8px; border-radius: 4px; font-size: 0.8em;"">View Post</a>",3,"plm00716",2025-01-24 16:22:25,4,4324,29,0,0,"#pov #fyp #fypシ#pimplepoppersatisfying #pimple #whiteheads #supersatisfying #foryou "
"<a href=""https://www.tiktok.com/@jkkj674/video/7463517527281339678"" target=""_blank"" class=""btn btn-sm"" style=""background-color: #00926c; color: white; text-decoration: none; padding: 2px 8px; border-radius: 4px; font-size: 0.8em;"">View Post</a>",3,"jkkj674",2025-01-24 16:20:44,4,9870,149,0,2,"#pov #fyp #fypシ#pimplepoppersatisfying #pimple #whiteheads #supersatisfying #foryou "
"<a href=""https://www.tiktok.com/@ujnikm7/video/7463146599040994590"" target=""_blank"" class=""btn btn-sm"" style=""background-color: #00926c; color: white; text-decoration: none; padding: 2px 8px; border-radius: 4px; font-size: 0.8em;"">View Post</a>",3,"ujnikm7",2025-01-23 16:20:41,4,51011,197,0,7,"#pov #fyp #fypシ#pimplepoppersatisfying #pimple #whiteheads #supersatisfying #foryou "
"<a href=""https://www.tiktok.com/@jkkj674/video/7463145643557588255"" target=""_blank"" class=""btn btn-sm"" style=""background-color: #00926c; color: white; text-decoration: none; padding: 2px 8px; border-radius: 4px; font-size: 0.8em;"">View Post</a>",3,"jkkj674",2025-01-23 16:16:57,4,12593,150,1,2,"#pov #fyp #fypシ#pimplepoppersatisfying #pimple #whiteheads #supersatisfying #foryou "
"<a href=""https://www.tiktok.com/@jkkj674/video/7462399371615685919"" target=""_blank"" class=""btn btn-sm"" style=""background-color: #00926c; color: white; text-decoration: none; padding: 2px 8px; border-radius: 4px; font-size: 0.8em;"">View Post</a>",3,"jkkj674",2025-01-21 16:01:31,4,14725,169,3,4,"#pov #fyp #fypシ#pimplepoppersatisfying #pimple #whiteheads #supersatisfying #foryou "
"<a href=""https://www.tiktok.com/@yr0010/video/7464262519348153630"" target=""_blank"" class=""btn btn-sm"" style=""background-color: #00926c; color: white; text-decoration: none; padding: 2px 8px; border-radius: 4px; font-size: 0.8em;"">View Post</a>",3,"yr0010",2025-01-26 16:31:40,2,4366,70,0,0,"#pov #fyp #fypシ #asmr #ingrowntoenail #pedicure #ingrownhairremoval  #satisfying #care #earendoscope #earcleaning #tingles #satisfying #relax#asmrsounds #care #foryou "
"<a href=""https://www.tiktok.com/@user3385525792650/video/7464262515757796639"" target=""_blank"" class=""btn btn-sm"" style=""background-color: #00926c; color: white; text-decoration: none; padding: 2px 8px; border-radius: 4px; font-size: 0.8em;"">View Post</a>",4,"user3385525792650",2025-01-26 16:31:34,2,15247,121,2,6,"#pov #fyp #fypシ #asmr #ingrowntoenail #pedicure #ingrownhairremoval  #satisfying #care #earendoscope #earcleaning #tingles #satisfying #relax#asmrsounds #care #foryou "
"<a href=""https://www.tiktok.com/@yr0010/video/7464262515757698335"" target=""_blank"" class=""btn btn-sm"" style=""background-color: #00926c; color: white; text-decoration: none; padding: 2px 8px; border-radius: 4px; font-size: 0.8em;"">View Post</a>",3,"yr0010",2025-01-26 16:31:28,2,1158,13,0,0,"#pov #fyp #fypシ #asmr #ingrowntoenail #pedicure #ingrownhairremoval  #satisfying #care #earendoscope #earcleaning #tingles #satisfying #relax#asmrsounds #care #foryou "
"<a href=""https://www.tiktok.com/@user3385525792650/video/7464262471193316639"" target=""_blank"" class=""btn btn-sm"" style=""background-color: #00926c; color: white; text-decoration: none; padding: 2px 8px; border-radius: 4px; font-size: 0.8em;"">View Post</a>",4,"user3385525792650",2025-01-26 16:31:33,2,1832,19,0,0,"#pov #fyp #fypシ #asmr #ingrowntoenail #pedicure #ingrownhairremoval  #satisfying #care #earendoscope #earcleaning #tingles #satisfying #relax#asmrsounds #care #foryou "
"<a href=""https://www.tiktok.com/@yy12197/video/7464262327194357022"" target=""_blank"" class=""btn btn-sm"" style=""background-color: #00926c; color: white; text-decoration: none; padding: 2px 8px; border-radius: 4px; font-size: 0.8em;"">View Post</a>",4,"yy12197",2025-01-26 16:30:27,2,10876,169,0,3,"#pov #fyp #fypシ #asmr #ingrowntoenail #pedicure #ingrownhairremoval  #satisfying #care #earendoscope #earcleaning #tingles #satisfying #relax#asmrsounds #care #foryou "
"<a href=""https://www.tiktok.com/@yy12197/video/7464262216884309278"" target=""_blank"" class=""btn btn-sm"" style=""background-color: #00926c; color: white; text-decoration: none; padding: 2px 8px; border-radius: 4px; font-size: 0.8em;"">View Post</a>",4,"yy12197",2025-01-26 16:30:25,2,5065,54,0,6,"#pov #fyp #fypシ #asmr #ingrowntoenail #pedicure #ingrownhairremoval  #satisfying #care #earendoscope #earcleaning #tingles #satisfying #relax#asmrsounds #care #foryou "
"<a href=""https://www.tiktok.com/@okl88853/video/7464261874033462558"" target=""_blank"" class=""btn btn-sm"" style=""background-color: #00926c; color: white; text-decoration: none; padding: 2px 8px; border-radius: 4px; font-size: 0.8em;"">View Post</a>",4,"okl88853",2025-01-26 16:28:56,2,4855,36,0,5,"#pov #fyp #fypシ #asmr #ingrowntoenail #pedicure #ingrownhairremoval  #satisfying #care #earendoscope #earcleaning #tingles #satisfying #relax#asmrsounds #care #foryou "
"<a href=""https://www.tiktok.com/@okl88853/video/7464261829594795294"" target=""_blank"" class=""btn btn-sm"" style=""background-color: #00926c; color: white; text-decoration: none; padding: 2px 8px; border-radius: 4px; font-size: 0.8em;"">View Post</a>",4,"okl88853",2025-01-26 16:28:46,2,5330,30,0,5,"#pov #fyp #fypシ #asmr #ingrowntoenail #pedicure #ingrownhairremoval  #satisfying #care #earendoscope #earcleaning #tingles #satisfying #relax#asmrsounds #care #foryou "
"<a href=""https://www.tiktok.com/@user3385525792650/video/7463890609841966367"" target=""_blank"" class=""btn btn-sm"" style=""background-color: #00926c; color: white; text-decoration: none; padding: 2px 8px; border-radius: 4px; font-size: 0.8em;"">View Post</a>",4,"user3385525792650",2025-01-25 16:28:11,2,3989,50,0,3,"#pov #fyp #fypシ #asmr #ingrowntoenail #pedicure #ingrownhairremoval  #satisfying #care #earendoscope #earcleaning #tingles #satisfying #relax#asmrsounds #care #foryou "
"<a href=""https://www.tiktok.com/@user3385525792650/video/7463890578565074207"" target=""_blank"" class=""btn btn-sm"" style=""background-color: #00926c; color: white; text-decoration: none; padding: 2px 8px; border-radius: 4px; font-size: 0.8em;"">View Post</a>",4,"user3385525792650",2025-01-25 16:28:08,2,19892,94,3,4,"#pov #fyp #fypシ #asmr #ingrowntoenail #pedicure #ingrownhairremoval  #satisfying #care #earendoscope #earcleaning #tingles #satisfying #relax#asmrsounds #care #foryou "
"<a href=""https://www.tiktok.com/@yy12197/video/7463890546604477727"" target=""_blank"" class=""btn btn-sm"" style=""background-color: #00926c; color: white; text-decoration: none; padding: 2px 8px; border-radius: 4px; font-size: 0.8em;"">View Post</a>",4,"yy12197",2025-01-25 16:28:05,2,1182,23,0,0,"#pov #fyp #fypシ #asmr #ingrowntoenail #pedicure #ingrownhairremoval  #satisfying #care #earendoscope #earcleaning #tingles #satisfying #relax#asmrsounds #care #foryou "
"<a href=""https://www.tiktok.com/@yy12197/video/7463890503923272990"" target=""_blank"" class=""btn btn-sm"" style=""background-color: #00926c; color: white; text-decoration: none; padding: 2px 8px; border-radius: 4px; font-size: 0.8em;"">View Post</a>",4,"yy12197",2025-01-25 16:28:03,2,1320,9,0,0,"#pov #fyp #fypシ #asmr #ingrowntoenail #pedicure #ingrownhairremoval  #satisfying #care #earendoscope #earcleaning #tingles #satisfying #relax#asmrsounds #care #foryou "
"<a href=""https://www.tiktok.com/@okl88853/video/7463890402538425630"" target=""_blank"" class=""btn btn-sm"" style=""background-color: #00926c; color: white; text-decoration: none; padding: 2px 8px; border-radius: 4px; font-size: 0.8em;"">View Post</a>",4,"okl88853",2025-01-25 16:27:34,2,4835,51,2,0,"#pov #fyp #fypシ #asmr #ingrowntoenail #pedicure #ingrownhairremoval  #satisfying #care #earendoscope #earcleaning #tingles #satisfying #relax#asmrsounds #care #foryou "
"<a href=""https://www.tiktok.com/@okl88853/video/7463890380765908255"" target=""_blank"" class=""btn btn-sm"" style=""background-color: #00926c; color: white; text-decoration: none; padding: 2px 8px; border-radius: 4px; font-size: 0.8em;"">View Post</a>",4,"okl88853",2025-01-25 16:27:25,2,1096,16,0,0,"#pov #fyp #fypシ #asmr #ingrowntoenail #pedicure #ingrownhairremoval  #satisfying #care #earendoscope #earcleaning #tingles #satisfying #relax#asmrsounds #care #foryou "
"<a href=""https://www.tiktok.com/@okl88853/video/7463518365894708510"" target=""_blank"" class=""btn btn-sm"" style=""background-color: #00926c; color: white; text-decoration: none; padding: 2px 8px; border-radius: 4px; font-size: 0.8em;"">View Post</a>",4,"okl88853",2025-01-24 16:24:13,2,15698,55,2,8,"#pov #fyp #fypシ #asmr #ingrowntoenail #pedicure #ingrownhairremoval  #satisfying #care #earendoscope #earcleaning #tingles #satisfying #relax#asmrsounds #care #foryou "
"<a href=""https://www.tiktok.com/@yy12197/video/7463518246239489310"" target=""_blank"" class=""btn btn-sm"" style=""background-color: #00926c; color: white; text-decoration: none; padding: 2px 8px; border-radius: 4px; font-size: 0.8em;"">View Post</a>",4,"yy12197",2025-01-24 16:23:24,2,4587,48,2,0,"#pov #fyp #fypシ #asmr #ingrowntoenail #pedicure #ingrownhairremoval  #satisfying #care #earendoscope #earcleaning #tingles #satisfying #relax#asmrsounds #care #foryou "
"<a href=""https://www.tiktok.com/@yy12197/video/7463518196134432030"" target=""_blank"" class=""btn btn-sm"" style=""background-color: #00926c; color: white; text-decoration: none; padding: 2px 8px; border-radius: 4px; font-size: 0.8em;"">View Post</a>",4,"yy12197",2025-01-24 16:23:21,2,1935,15,0,0,"#pov #fyp #fypシ #asmr #ingrowntoenail #pedicure #ingrownhairremoval  #satisfying #care #earendoscope #earcleaning #tingles #satisfying #relax#asmrsounds #care #foryou "
"<a href=""https://www.tiktok.com/@user3385525792650/video/7463518035526126878"" target=""_blank"" class=""btn btn-sm"" style=""background-color: #00926c; color: white; text-decoration: none; padding: 2px 8px; border-radius: 4px; font-size: 0.8em;"">View Post</a>",4,"user3385525792650",2025-01-24 16:22:48,2,4247,57,0,0,"#pov #fyp #fypシ #asmr #ingrowntoenail #pedicure #ingrownhairremoval  #satisfying #care #earendoscope #earcleaning #tingles #satisfying #relax#asmrsounds #care #foryou "
"<a href=""https://www.tiktok.com/@yue3312e/video/7463469589536623918"" target=""_blank"" class=""btn btn-sm"" style=""background-color: #00926c; color: white; text-decoration: none; padding: 2px 8px; border-radius: 4px; font-size: 0.8em;"">View Post</a>",1,"yue3312e",2025-01-24 13:15:13,1,1583,5,1,0,"The E word is… part2 #teachersoftiktok #teachertok #students #funny #laugh #classroom #student #teacher #teach #teaching"
"<a href=""https://www.tiktok.com/@yue3312e/video/7463084080071134510"" target=""_blank"" class=""btn btn-sm"" style=""background-color: #00926c; color: white; text-decoration: none; padding: 2px 8px; border-radius: 4px; font-size: 0.8em;"">View Post</a>",1,"yue3312e",2025-01-23 12:18:09,1,2755,34,0,0,"The E word is… part2 #teachersoftiktok #teachertok #students #funny #laugh #classroom #student #teacher #teach #teaching"
"<a href=""https://www.tiktok.com/@yftzzmmezm/video/7462689993195031851"" target=""_blank"" class=""btn btn-sm"" style=""background-color: #00926c; color: white; text-decoration: none; padding: 2px 8px; border-radius: 4px; font-size: 0.8em;"">View Post</a>",1,"yftzzmmezm",2025-01-22 10:50:58,1,1422,13,2,0,"The E word is… part2 #teachersoftiktok #teachertok #students #funny #laugh #classroom #student #teacher #teach #teaching"
"<a href=""https://www.tiktok.com/@yftzzmmezm/video/7462689993195015467"" target=""_blank"" class=""btn btn-sm"" style=""background-color: #00926c; color: white; text-decoration: none; padding: 2px 8px; border-radius: 4px; font-size: 0.8em;"">View Post</a>",1,"yftzzmmezm",2025-01-22 10:50:56,1,1688,21,2,0,"The E word is… part2 #teachersoftiktok #teachertok #students #funny #laugh #classroom #student #teacher #teach #teaching"
"<a href=""https://www.tiktok.com/@yue3312e/video/7462689570530970926"" target=""_blank"" class=""btn btn-sm"" style=""background-color: #00926c; color: white; text-decoration: none; padding: 2px 8px; border-radius: 4px; font-size: 0.8em;"">View Post</a>",1,"yue3312e",2025-01-22 10:49:15,1,2803,14,1,0,"The E word is… part2 #teachersoftiktok #teachertok #students #funny #laugh #classroom #student #teacher #teach #teaching"
"<a href=""https://www.tiktok.com/@yue3312e/video/7462689439706303786"" target=""_blank"" class=""btn btn-sm"" style=""background-color: #00926c; color: white; text-decoration: none; padding: 2px 8px; border-radius: 4px; font-size: 0.8em;"">View Post</a>",1,"yue3312e",2025-01-22 10:49:20,1,2282,20,2,1,"The E word is… part2 #teachersoftiktok #teachertok #students #funny #laugh #classroom #student #teacher #teach #teaching"
"<a href=""https://www.tiktok.com/@yue3312e/video/7462689358097943854"" target=""_blank"" class=""btn btn-sm"" style=""background-color: #00926c; color: white; text-decoration: none; padding: 2px 8px; border-radius: 4px; font-size: 0.8em;"">View Post</a>",1,"yue3312e",2025-01-22 10:49:26,1,2037,6,2,2,"The E word is… part2 #teachersoftiktok #teachertok #students #funny #laugh #classroom #student #teacher #teach #teaching"
"<a href=""https://www.tiktok.com/@yue3312e/video/7462689309569682734"" target=""_blank"" class=""btn btn-sm"" style=""background-color: #00926c; color: white; text-decoration: none; padding: 2px 8px; border-radius: 4px; font-size: 0.8em;"">View Post</a>",1,"yue3312e",2025-01-22 10:49:17,1,8886,91,1,1,"The E word is… part2 #teachersoftiktok #teachertok #students #funny #laugh #classroom #student #teacher #teach #teaching"
"<a href=""https://www.tiktok.com/@yue3312e/video/7462688766306635054"" target=""_blank"" class=""btn btn-sm"" style=""background-color: #00926c; color: white; text-decoration: none; padding: 2px 8px; border-radius: 4px; font-size: 0.8em;"">View Post</a>",1,"yue3312e",2025-01-22 10:46:12,1,2799,17,0,2,"The E word is… part2 #teachersoftiktok #teachertok #students #funny #laugh #classroom #student #teacher #teach #teaching"
"<a href=""https://www.tiktok.com/@yue3312e/video/7462277543287115054"" target=""_blank"" class=""btn btn-sm"" style=""background-color: #00926c; color: white; text-decoration: none; padding: 2px 8px; border-radius: 4px; font-size: 0.8em;"">View Post</a>",1,"yue3312e",2025-01-21 08:08:57,1,5066,34,0,1,"The E word is… part2 #teachersoftiktok #teachertok #students #funny #laugh #classroom #student #teacher #teach #teaching"
"<a href=""https://www.tiktok.com/@yue3312e/video/7462277428073827630"" target=""_blank"" class=""btn btn-sm"" style=""background-color: #00926c; color: white; text-decoration: none; padding: 2px 8px; border-radius: 4px; font-size: 0.8em;"">View Post</a>",1,"yue3312e",2025-01-21 08:08:59,1,6301,32,2,1,"The E word is… part2 #teachersoftiktok #teachertok #students #funny #laugh #classroom #student #teacher #teach #teaching"
"<a href=""https://www.tiktok.com/@yue3312e/video/7462277415734185258"" target=""_blank"" class=""btn btn-sm"" style=""background-color: #00926c; color: white; text-decoration: none; padding: 2px 8px; border-radius: 4px; font-size: 0.8em;"">View Post</a>",1,"yue3312e",2025-01-21 08:08:56,1,9542,29,3,1,"The E word is… part2 #teachersoftiktok #teachertok #students #funny #laugh #classroom #student #teacher #teach #teaching"
"<a href=""https://www.tiktok.com/@yue3312e/video/7462277385975680302"" target=""_blank"" class=""btn btn-sm"" style=""background-color: #00926c; color: white; text-decoration: none; padding: 2px 8px; border-radius: 4px; font-size: 0.8em;"">View Post</a>",1,"yue3312e",2025-01-21 08:09:00,1,5334,42,0,0,"The E word is… part2 #teachersoftiktok #teachertok #students #funny #laugh #classroom #student #teacher #teach #teaching"
"<a href=""https://www.tiktok.com/@yue3312e/video/7462277370939018538"" target=""_blank"" class=""btn btn-sm"" style=""background-color: #00926c; color: white; text-decoration: none; padding: 2px 8px; border-radius: 4px; font-size: 0.8em;"">View Post</a>",1,"yue3312e",2025-01-21 08:09:02,1,2513,24,0,0,"The E word is… part2 #teachersoftiktok #teachertok #students #funny #laugh #classroom #student #teacher #teach #teaching"
"<a href=""https://www.tiktok.com/@yftzzmmezm/video/7462277369080859946"" target=""_blank"" class=""btn btn-sm"" style=""background-color: #00926c; color: white; text-decoration: none; padding: 2px 8px; border-radius: 4px; font-size: 0.8em;"">View Post</a>",1,"yftzzmmezm",2025-01-21 08:08:20,1,11350,20,14,0,"The E word is… part2 #teachersoftiktok #teachertok #students #funny #laugh #classroom #student #teacher #teach #teaching"
"<a href=""https://www.tiktok.com/@yftzzmmezm/video/7462277357261294890"" target=""_blank"" class=""btn btn-sm"" style=""background-color: #00926c; color: white; text-decoration: none; padding: 2px 8px; border-radius: 4px; font-size: 0.8em;"">View Post</a>",1,"yftzzmmezm",2025-01-21 08:08:17,1,15227,41,6,2,"The E word is… part2 #teachersoftiktok #teachertok #students #funny #laugh #classroom #student #teacher #teach #teaching"
"<a href=""https://www.tiktok.com/@llhh5789/video/7464395681520782634"" target=""_blank"" class=""btn btn-sm"" style=""background-color: #00926c; color: white; text-decoration: none; padding: 2px 8px; border-radius: 4px; font-size: 0.8em;"">View Post</a>",2,"llhh5789",2025-01-27 01:08:11,1,3967,32,1,0,"#pimplepopperaddict #pimple#textractions#ingrownhairremoval#ingrown #ingrownhair#picking#tweezers #skinpicking #satisfying#blemishes#blemishbandits#cloggedpores #pores #acne#hair#cleanskincare #skincareroutine#fyp #relaxingvideos #viral#trending#viraltiktok#creatorsearchinsights #foryoU#tiktok #pvo#skit"
"<a href=""https://www.tiktok.com/@llhh5789/video/7464395651716107562"" target=""_blank"" class=""btn btn-sm"" style=""background-color: #00926c; color: white; text-decoration: none; padding: 2px 8px; border-radius: 4px; font-size: 0.8em;"">View Post</a>",2,"llhh5789",2025-01-27 01:07:59,1,3241,11,0,0,"#pimplepopperaddict #pimple#textractions#ingrownhairremoval#ingrown #ingrownhair#picking#tweezers #skinpicking #satisfying#blemishes#blemishbandits#cloggedpores #pores #acne#hair#cleanskincare #skincareroutine#fyp #relaxingvideos #viral#trending#viraltiktok#creatorsearchinsights #foryoU#tiktok #pvo#skit"
"<a href=""https://www.tiktok.com/@llhh0543/video/7464395592614071598"" target=""_blank"" class=""btn btn-sm"" style=""background-color: #00926c; color: white; text-decoration: none; padding: 2px 8px; border-radius: 4px; font-size: 0.8em;"">View Post</a>",2,"llhh0543",2025-01-27 01:07:40,1,6344,58,0,1,"#pimplepopperaddict #pimple#textractions#ingrownhairremoval#ingrown #ingrownhair#picking#tweezers #skinpicking #satisfying#blemishes#blemishbandits#cloggedpores #pores #acne#hair#cleanskincare #skincareroutine#fyp #relaxingvideos #viral#trending#viraltiktok#creatorsearchinsights #foryoU#tiktok #pvo#skit"
"<a href=""https://www.tiktok.com/@llhh0543/video/7464395590751767854"" target=""_blank"" class=""btn btn-sm"" style=""background-color: #00926c; color: white; text-decoration: none; padding: 2px 8px; border-radius: 4px; font-size: 0.8em;"">View Post</a>",2,"llhh0543",2025-01-27 01:07:42,1,4748,45,0,0,"#pimplepopperaddict #pimple#textractions#ingrownhairremoval#ingrown #ingrownhair#picking#tweezers #skinpicking #satisfying#blemishes#blemishbandits#cloggedpores #pores #acne#hair#cleanskincare #skincareroutine#fyp #relaxingvideos #viral#trending#viraltiktok#creatorsearchinsights #foryoU#tiktok #pvo#skit"
"<a href=""https://www.tiktok.com/@llhh5789/video/7464395513362713899"" target=""_blank"" class=""btn btn-sm"" style=""background-color: #00926c; color: white; text-decoration: none; padding: 2px 8px; border-radius: 4px; font-size: 0.8em;"">View Post</a>",2,"llhh5789",2025-01-27 01:07:28,1,7496,52,0,0,"#pimplepopperaddict #pimple#textractions#ingrownhairremoval#ingrown #ingrownhair#picking#tweezers #skinpicking #satisfying#blemishes#blemishbandits#cloggedpores #pores #acne#hair#cleanskincare #skincareroutine#fyp #relaxingvideos #viral#trending#viraltiktok#creatorsearchinsights #foryoU#tiktok #pvo#skit"
"<a href=""https://www.tiktok.com/@llhh0543/video/7463698677534575918"" target=""_blank"" class=""btn btn-sm"" style=""background-color: #00926c; color: white; text-decoration: none; padding: 2px 8px; border-radius: 4px; font-size: 0.8em;"">View Post</a>",2,"llhh0543",2025-01-25 04:03:21,1,2101,23,0,0,"#pimplepopperaddict #pimple#textractions#ingrownhairremoval#ingrown #ingrownhair#picking#tweezers #skinpicking #satisfying#blemishes#blemishbandits#cloggedpores #pores #acne#hair#cleanskincare #skincareroutine#fyp #relaxingvideos #viral#trending#viraltiktok#creatorsearchinsights #foryoU#tiktok #pvo#skit"
"<a href=""https://www.tiktok.com/@llhh0543/video/7463698661675896110"" target=""_blank"" class=""btn btn-sm"" style=""background-color: #00926c; color: white; text-decoration: none; padding: 2px 8px; border-radius: 4px; font-size: 0.8em;"">View Post</a>",2,"llhh0543",2025-01-25 04:03:10,1,1232,14,0,0,"#pimplepopperaddict #pimple#textractions#ingrownhairremoval#ingrown #ingrownhair#picking#tweezers #skinpicking #satisfying#blemishes#blemishbandits#cloggedpores #pores #acne#hair#cleanskincare #skincareroutine#fyp #relaxingvideos #viral#trending#viraltiktok#creatorsearchinsights #foryoU#tiktok #pvo#skit"
"<a href=""https://www.tiktok.com/@llhh0543/video/7463698642445028650"" target=""_blank"" class=""btn btn-sm"" style=""background-color: #00926c; color: white; text-decoration: none; padding: 2px 8px; border-radius: 4px; font-size: 0.8em;"">View Post</a>",2,"llhh0543",2025-01-25 04:03:16,1,1650,19,0,0,"#pimplepopperaddict #pimple#textractions#ingrownhairremoval#ingrown #ingrownhair#picking#tweezers #skinpicking #satisfying#blemishes#blemishbandits#cloggedpores #pores #acne#hair#cleanskincare #skincareroutine#fyp #relaxingvideos #viral#trending#viraltiktok#creatorsearchinsights #foryoU#tiktok #pvo#skit"
"<a href=""https://www.tiktok.com/@llhh5789/video/7463698500719627562"" target=""_blank"" class=""btn btn-sm"" style=""background-color: #00926c; color: white; text-decoration: none; padding: 2px 8px; border-radius: 4px; font-size: 0.8em;"">View Post</a>",2,"llhh5789",2025-01-25 04:02:44,1,1368,28,0,0,"#pimplepopperaddict #pimple#textractions#ingrownhairremoval#ingrown #ingrownhair#picking#tweezers #skinpicking #satisfying#blemishes#blemishbandits#cloggedpores #pores #acne#hair#cleanskincare #skincareroutine#fyp #relaxingvideos #viral#trending#viraltiktok#creatorsearchinsights #foryoU#tiktok #pvo#skit"
"<a href=""https://www.tiktok.com/@llhh5789/video/7463698484064193838"" target=""_blank"" class=""btn btn-sm"" style=""background-color: #00926c; color: white; text-decoration: none; padding: 2px 8px; border-radius: 4px; font-size: 0.8em;"">View Post</a>",2,"llhh5789",2025-01-25 04:02:40,1,1067,21,0,0,"#pimplepopperaddict #pimple#textractions#ingrownhairremoval#ingrown #ingrownhair#picking#tweezers #skinpicking #satisfying#blemishes#blemishbandits#cloggedpores #pores #acne#hair#cleanskincare #skincareroutine#fyp #relaxingvideos #viral#trending#viraltiktok#creatorsearchinsights #foryoU#tiktok #pvo#skit"
"<a href=""https://www.tiktok.com/@llhh5789/video/7463698459636354350"" target=""_blank"" class=""btn btn-sm"" style=""background-color: #00926c; color: white; text-decoration: none; padding: 2px 8px; border-radius: 4px; font-size: 0.8em;"">View Post</a>",2,"llhh5789",2025-01-25 04:02:33,1,1052,16,0,1,"#pimplepopperaddict #pimple#textractions#ingrownhairremoval#ingrown #ingrownhair#picking#tweezers #skinpicking #satisfying#blemishes#blemishbandits#cloggedpores #pores #acne#hair#cleanskincare #skincareroutine#fyp #relaxingvideos #viral#trending#viraltiktok#creatorsearchinsights #foryoU#tiktok #pvo#skit"
"<a href=""https://www.tiktok.com/@lxboos34/video/7464647867228114207"" target=""_blank"" class=""btn btn-sm"" style=""background-color: #00926c; color: white; text-decoration: none; padding: 2px 8px; border-radius: 4px; font-size: 0.8em;"">View Post</a>",5,"lxboos34",2025-01-27 17:27:06,1,2068,29,0,1,"#bridetobe #boundaries #wedding #weddingguest #weddingplanning #weddingplanner #bride #engsged #groom #fiance #fiancee #weddingreception #weddingtok"
"<a href=""https://www.tiktok.com/@ggbo601/video/7464647771082067231"" target=""_blank"" class=""btn btn-sm"" style=""background-color: #00926c; color: white; text-decoration: none; padding: 2px 8px; border-radius: 4px; font-size: 0.8em;"">View Post</a>",5,"ggbo601",2025-01-27 17:26:42,1,3956,51,0,0,"#bridetobe #boundaries #wedding #weddingguest #weddingplanning #weddingplanner #bride #engsged #groom #fiance #fiancee #weddingreception #weddingtok"
"<a href=""https://www.tiktok.com/@lxboos34/video/7464647354201705758"" target=""_blank"" class=""btn btn-sm"" style=""background-color: #00926c; color: white; text-decoration: none; padding: 2px 8px; border-radius: 4px; font-size: 0.8em;"">View Post</a>",5,"lxboos34",2025-01-27 17:25:09,1,1381,18,0,0,"#bridetobe #boundaries #wedding #weddingguest #weddingplanning #weddingplanner #bride #engsged #groom #fiance #fiancee #weddingreception #weddingtok"
"<a href=""https://www.tiktok.com/@lxboos34/video/7464647296588844319"" target=""_blank"" class=""btn btn-sm"" style=""background-color: #00926c; color: white; text-decoration: none; padding: 2px 8px; border-radius: 4px; font-size: 0.8em;"">View Post</a>",5,"lxboos34",2025-01-27 17:25:01,1,1582,22,1,0,"#bridetobe #boundaries #wedding #weddingguest #weddingplanning #weddingplanner #bride #engsged #groom #fiance #fiancee #weddingreception #weddingtok"
"<a href=""https://www.tiktok.com/@ggbo601/video/7464647127474425118"" target=""_blank"" class=""btn btn-sm"" style=""background-color: #00926c; color: white; text-decoration: none; padding: 2px 8px; border-radius: 4px; font-size: 0.8em;"">View Post</a>",5,"ggbo601",2025-01-27 17:23:59,1,5803,71,0,0,"#bridetobe #boundaries #wedding #weddingguest #weddingplanning #weddingplanner #bride #engsged #groom #fiance #fiancee #weddingreception #weddingtok"
"<a href=""https://www.tiktok.com/@ggbo601/video/7464646908615609631"" target=""_blank"" class=""btn btn-sm"" style=""background-color: #00926c; color: white; text-decoration: none; padding: 2px 8px; border-radius: 4px; font-size: 0.8em;"">View Post</a>",5,"ggbo601",2025-01-27 17:23:27,1,6225,40,1,0,"#bridetobe #boundaries #wedding #weddingguest #weddingplanning #weddingplanner #bride #engsged #groom #fiance #fiancee #weddingreception #weddingtok"
"<a href=""https://www.tiktok.com/@lxboos34/video/7464247129523932446"" target=""_blank"" class=""btn btn-sm"" style=""background-color: #00926c; color: white; text-decoration: none; padding: 2px 8px; border-radius: 4px; font-size: 0.8em;"">View Post</a>",5,"lxboos34",2025-01-26 15:31:56,1,2913,37,1,0,"#bridetobe #boundaries #wedding #weddingguest #weddingplanning #weddingplanner #bride #engsged #groom #fiance #fiancee #weddingreception #weddingtok"
"<a href=""https://www.tiktok.com/@ggbo601/video/7464246976071159071"" target=""_blank"" class=""btn btn-sm"" style=""background-color: #00926c; color: white; text-decoration: none; padding: 2px 8px; border-radius: 4px; font-size: 0.8em;"">View Post</a>",5,"ggbo601",2025-01-26 15:31:27,1,6158,17,0,0,"#bridetobe #boundaries #wedding #weddingguest #weddingplanning #weddingplanner #bride #engsged #groom #fiance #fiancee #weddingreception #weddingtok"
"<a href=""https://www.tiktok.com/@ggbo601/video/7464246968240426270"" target=""_blank"" class=""btn btn-sm"" style=""background-color: #00926c; color: white; text-decoration: none; padding: 2px 8px; border-radius: 4px; font-size: 0.8em;"">View Post</a>",5,"ggbo601",2025-01-26 15:31:25,1,11369,44,0,2,"#bridetobe #boundaries #wedding #weddingguest #weddingplanning #weddingplanner #bride #engsged #groom #fiance #fiancee #weddingreception #weddingtok"
"<a href=""https://www.tiktok.com/@lxboos34/video/7464246933981367583"" target=""_blank"" class=""btn btn-sm"" style=""background-color: #00926c; color: white; text-decoration: none; padding: 2px 8px; border-radius: 4px; font-size: 0.8em;"">View Post</a>",5,"lxboos34",2025-01-26 15:31:14,1,14916,99,1,3,"#bridetobe #boundaries #wedding #weddingguest #weddingplanning #weddingplanner #bride #engsged #groom #fiance #fiancee #weddingreception #weddingtok"
"<a href=""https://www.tiktok.com/@lxboos34/video/7464246573631802655"" target=""_blank"" class=""btn btn-sm"" style=""background-color: #00926c; color: white; text-decoration: none; padding: 2px 8px; border-radius: 4px; font-size: 0.8em;"">View Post</a>",5,"lxboos34",2025-01-26 15:29:39,1,1339,14,0,0,"#bridetobe #boundaries #wedding #weddingguest #weddingplanning #weddingplanner #bride #engsged #groom #fiance #fiancee #weddingreception #weddingtok"
"<a href=""https://www.tiktok.com/@ggbo601/video/7464246335659658526"" target=""_blank"" class=""btn btn-sm"" style=""background-color: #00926c; color: white; text-decoration: none; padding: 2px 8px; border-radius: 4px; font-size: 0.8em;"">View Post</a>",5,"ggbo601",2025-01-26 15:29:07,1,5703,16,0,1,"#bridetobe #boundaries #wedding #weddingguest #weddingplanning #weddingplanner #bride #engsged #groom #fiance #fiancee #weddingreception #weddingtok"
"<a href=""https://www.tiktok.com/@lxboos34/video/7463647261268921630"" target=""_blank"" class=""btn btn-sm"" style=""background-color: #00926c; color: white; text-decoration: none; padding: 2px 8px; border-radius: 4px; font-size: 0.8em;"">View Post</a>",5,"lxboos34",2025-01-25 00:43:44,1,1021,20,0,0,"#bridetobe #boundaries #wedding #weddingguest #weddingplanning #weddingplanner #bride #engsged #groom #fiance #fiancee #weddingreception #weddingtok"
"<a href=""https://www.tiktok.com/@ggbo601/video/7463647200040488222"" target=""_blank"" class=""btn btn-sm"" style=""background-color: #00926c; color: white; text-decoration: none; padding: 2px 8px; border-radius: 4px; font-size: 0.8em;"">View Post</a>",5,"ggbo601",2025-01-25 00:43:34,1,1324,24,1,0,"#bridetobe #boundaries #wedding #weddingguest #weddingplanning #weddingplanner #bride #engsged #groom #fiance #fiancee #weddingreception #weddingtok"
"<a href=""https://www.tiktok.com/@lxboos34/video/7463647008243420446"" target=""_blank"" class=""btn btn-sm"" style=""background-color: #00926c; color: white; text-decoration: none; padding: 2px 8px; border-radius: 4px; font-size: 0.8em;"">View Post</a>",5,"lxboos34",2025-01-25 00:42:52,1,3796,55,0,0,"#bridetobe #boundaries #wedding #weddingguest #weddingplanning #weddingplanner #bride #engsged #groom #fiance #fiancee #weddingreception #weddingtok"
"<a href=""https://www.tiktok.com/@ggbo601/video/7463646408399211819"" target=""_blank"" class=""btn btn-sm"" style=""background-color: #00926c; color: white; text-decoration: none; padding: 2px 8px; border-radius: 4px; font-size: 0.8em;"">View Post</a>",5,"ggbo601",2025-01-25 00:40:42,1,2748,26,0,0,"#bridetobe #boundaries #wedding #weddingguest #weddingplanning #weddingplanner #bride #engsged #groom #fiance #fiancee #weddingreception #weddingtok"
