"Account","Network","Unique Shares","Avg Time Between Shares (sec)","Edge Symmetry Score","Degree","Strength","Betweenness","Avg Views","Avg Likes","Avg Comments","Avg Shares"
"<a href=""https://tiktok.com/@ferdinandbecky1017"" target=""_blank"">@ferdinandbecky1017</a>",6,8,49.144,0.901,5,85,0.003,2358.625,39.125,0,0.125
"<a href=""https://tiktok.com/@funnys318"" target=""_blank"">@funnys318</a>",6,7,57.071,0.938,5,75,0.003,4402,90.143,0,0.714
"<a href=""https://tiktok.com/@ggbo601"" target=""_blank"">@ggbo601</a>",5,7,58,0.833,1,16,0,5410.75,36.125,0.25,0.375
"<a href=""https://tiktok.com/@jkkj674"" target=""_blank"">@jkkj674</a>",3,7,72.064,0.817,2,24,0.006,13478.857,198.714,2.643,3.071
"<a href=""https://tiktok.com/@josephwalker6990"" target=""_blank"">@josephwalker6990</a>",6,9,46.117,0.953,5,91,0,1115.111,22.444,0,0.111
"<a href=""https://tiktok.com/@langhuamediaus.tqh90p"" target=""_blank"">@langhuamediaus.tqh90p</a>",6,6,52.537,0.91,4,49,0.006,2508.75,62.125,0.125,0.375
"<a href=""https://tiktok.com/@lean37279"" target=""_blank"">@lean37279</a>",6,9,47.921,0.916,5,92,0,2433,43.111,0,0
"<a href=""https://tiktok.com/@llhh0543"" target=""_blank"">@llhh0543</a>",2,5,30.133,0.857,1,15,0,3402.8,27.6,0.4,0.1
"<a href=""https://tiktok.com/@llhh5789"" target=""_blank"">@llhh5789</a>",2,6,30.133,0.857,1,15,0,3031.833,26.667,0.167,0.167
"<a href=""https://tiktok.com/@lxboos34"" target=""_blank"">@lxboos34</a>",5,8,58,0.833,1,16,0,3627,36.75,0.375,0.5
"<a href=""https://tiktok.com/@okl88853"" target=""_blank"">@okl88853</a>",4,5,61.9,0.833,1,10,0,6362.8,37.6,0.8,3.6
"<a href=""https://tiktok.com/@plm00716"" target=""_blank"">@plm00716</a>",3,5,52.05,0.8,2,20,0.006,6451.571,62,0.143,5
"<a href=""https://tiktok.com/@ujnikm7"" target=""_blank"">@ujnikm7</a>",3,10,55.319,0.933,3,39,0.006,12238.692,84.538,0.077,1.692
"<a href=""https://tiktok.com/@user3385525792650"" target=""_blank"">@user3385525792650</a>",4,5,36.1,0.833,1,10,0,9041.4,68.2,1,2.6
"<a href=""https://tiktok.com/@vivianbowen0116"" target=""_blank"">@vivianbowen0116</a>",6,6,48.229,0.861,4,58,0,4251,71.429,0.429,0.714
"<a href=""https://tiktok.com/@yftzzmmezm"" target=""_blank"">@yftzzmmezm</a>",1,4,65.722,0.857,1,18,0,7421.75,23.75,6,0.5
"<a href=""https://tiktok.com/@yr0010"" target=""_blank"">@yr0010</a>",3,12,50.261,0.849,3,42,0.006,2714.25,43,0,0.167
"<a href=""https://tiktok.com/@yue3312e"" target=""_blank"">@yue3312e</a>",1,9,65.722,0.857,1,18,0,4325.083,29,1,0.75
"<a href=""https://tiktok.com/@yy11y7"" target=""_blank"">@yy11y7</a>",3,6,41.4,0.857,2,21,0,5405.143,25.571,0.286,0.429
"<a href=""https://tiktok.com/@yy12197"" target=""_blank"">@yy12197</a>",4,6,49,0.833,2,20,0.006,4160.833,53,0.333,1.5
