"Network","Number of Accounts","Network Density","Network Diameter","Clustering Coefficient","Avg Views","Avg Likes","Avg Comments","Avg Shares","Member Accounts"
1,2,1,18,NA,5099.25,27.688,2.25,0.688,"yftzzmmezm, yue3312e"
2,2,1,15,NA,3263.688,27.25,0.312,0.125,"llhh0543, llhh5789"
3,5,0.6,24,0.333,8742.925,94.528,0.774,1.981,"plm00716, ujnikm7, jkkj674, yr0010, yy11y7"
4,3,0.667,20,0,6374.125,52.938,0.688,2.5,"user3385525792650, okl88853, yy12197"
5,2,1,16,NA,4518.875,36.438,0.312,0.438,"ggbo601, lxboos34"
6,6,0.933,26,0.923,2738.396,52.729,0.083,0.312,"funnys318, langhuamediaus.tqh90p, josephwalker6990, lean37279, ferdinandbecky1017, vivianbowen0116"
