"Network","Number of Accounts","Network Density","Network Diameter","Clustering Coefficient","Avg Views","Avg Likes","Avg Comments","Avg Shares","Member Accounts"
1,14,0.319,39,0.564,20641.682,829.882,7.776,9.765,"jdpxorjf, jfkovj5, irdc042, quincyshop08, ubhutfrx, hdifhg5, jsosjxj8, krug011, be.jkigv, fughf21, bmc12655, user5626060056906, jtcytxyzey, user6922385284275"
2,13,0.333,30,0.446,2047.053,48.653,1.337,1.432,"geujcc, uosnatiahwk, xx16682, hdodjdb5, ubf084006c, syedacherry0, housn103, gisela.lipke, bdoci6, ihihgi1, aedjdpckd, user190472852374, yeifb0"
3,3,0.667,12,0,1966.611,105.778,1.333,0.833,"aedyckctu, cirila.mccorkle, fauy8466"
4,6,0.533,20,0.529,27393.675,1170.45,6.225,12.025,"hullen.nguyen, hciiv26, steven.garrison13, user9724456321051, craig.harrell0, user8168691298265"
5,2,1,11,0,12407.812,209.875,2.25,4.062,"jdkckcj2, verity.holland"
6,5,0.4,19,0,1763.219,122,1.75,5.188,"idhd139, fsjoxkf, jdododh5, tduuugwt, vdkfofu"
7,2,1,8,0,4372.846,169.846,1.154,1.538,"cp.eagdu, gxiiff3"
8,6,0.4,33,0.429,3113.878,93.976,1.39,2.098,"dguy8654, bgfddf8888, user65533709618068, jfdd888, chcjg0, vdudb33"
9,2,1,6,0,72749.2,1614.733,5.6,18.4,"fjgr86434, aedigohdu"
10,2,1,7,0,2299.462,128.385,1.385,2.231,"fuddg743, jkiffikj"
11,2,1,6,0,2120.182,81.909,0.909,1.545,"cbjf05, user8508148033286"
12,8,0.643,23,0.718,3204.073,136.618,1.164,6.291,"fduic5, aedhdjcoof, gduhx01, sharleen.howard, lxjjc, fcjjv86, hdhxh3484, user7605976152392"
13,2,1,8,0,1475.571,51.786,0.786,0.5,"hbvvf739, idgc38"
14,8,0.607,18,0.667,2025.133,136.683,2.367,1.433,"sdsdyou, stoyouh, shotewg, sasapco, rohingyao, landscape5670, cagnhd, xxii911"
15,3,1,8,1,3321.765,155.176,2.353,1.706,"fjjgdvx, satsyou, stvhfhj"
16,3,1,9,1,1696.857,40.048,1.619,0.81,"fhkundshunk, lin689668987, user16909390140293"
17,2,1,6,0,5011,143.571,3.857,4.071,"long.arpin, yga.uha"
18,4,0.833,14,0.75,5120.792,219,2.917,7.125,"bdpd57, user2201058539802, gdijdgsh4, user31313825076752"
19,14,0.242,38,0.436,57697.571,2338.296,12.255,13.163,"fjvfjk4, geifocve, aedjxpxodj, maryreynolds112, hckcudh1, jckfjd.bff, hckgovj, user9545613515904, user1045942439949, tdiifhr, fhfg2499, bsbsbsvsv44, aedfjdhdtddy, carmen.vega355"
20,2,1,10,0,2980.091,136.273,2.545,0.364,"jana.french, aeduriosod"
21,2,1,6,0,1616.818,105.273,1.182,1.727,"aed0584, jxfjv98"
22,10,0.467,22,0.607,3432.885,72.803,1.23,8.918,"user19468614708518, user386963311513, user2920462956526, user7166160034825, user7361651570203, user1203613923425, user2903556969068, user6186701630842, user8653602093025, user8847609801518"
23,3,0.667,15,0,1723.071,31.929,0.071,0.643,"edithgriffith19594, user4503602472244, berylsaunders19830"
24,2,1,6,0,2552,62.417,0.5,3.917,"adelaideparker19934, marilynperez20007"
25,2,1,6,0,2683.222,58.333,0.667,5.556,"katherinewhite19606, ritamorrison1961"
26,8,0.286,36,0.273,1261.848,45.522,0.87,3.217,"babypink6896, bcc662, chaff8892, user7224426108057, reading1130, books3478, huff797, watts4718"
27,2,1,6,0,694.75,35.875,1.375,0.625,"fhdjfjfj8, hbjoggv"
28,2,1,7,0,1467,116.25,0.875,1.625,"yoayoayanyan, ohchocx"
29,2,1,7,0,774,70.375,0.25,1.25,"hylioooyyy, jkakbbvgg"
30,3,1,7,1,417.75,11.917,0.417,0.083,"ugikbk4, gduaddit, cjgkgk45"
31,2,1,6,0,426.875,11.625,0,0,"aliyawod4l5, qzdiavzx4db"
32,14,0.264,37,0.493,347.111,12.648,0.056,0.111,"gyczxdbk475, fugikg0, kcdcbdohhqd, cymorervl98, antoinetteboone25, kdvluvvd5k6, ffhucs, oqfdryvt9x4, amywendy19961, nwxjeiffefk, tfozhsed7xz, uzezvchheub, eyvukpprejs, qtwkkghy0ol"
33,11,0.582,18,0.627,446.227,11,0,0.273,"fcyvuryeoat, hmauxknlcct, eqtpahxeftm, rapfqsrfsqr, tqhyxljd6w8, bfdthfdrpue, dkxeavlllf7, dzkivaim4ea, fxgumzmtbxj, gytwptgwax1, nquvwpsdcj4"
34,9,0.528,20,0.692,303.886,10.229,0.057,0.086,"bgysxfoqqyu, hslvsaux95k, tinkom97, bvwihpir1hk, fgukxryf5ua, bwelrxwgc1e, terrihopkins19677, lizzieperkins19631, xgxcjodm167"
35,2,1,6,0,321.625,6,0,0,"pain.gum.going, uahbobsb8iz"
36,11,0.327,32,0.545,352.114,13.682,0.159,0.182,"aqcrtyjfd13, tzifqmxp8jx, jjjdzotzkpi, yumaqtlfsi1, jtusetej2i7, siordiysmbs, lettietownsend19701, lodqmnrx247, ugvkfcuv0w9, debra.vukelic.do, v.zb.busby"
37,2,1,6,0,1774.167,105,1.333,0.25,"dianaantoinette2000, nmokuqxn"
38,5,0.7,16,0.8,12847.529,392.5,2.912,2.912,"fkfdnd, djm9r, rosacasey65, uiavao.bskvai, gdkcofufn"
39,9,0.528,23,0.676,2923.517,135.69,1.81,1.931,"ididu034, user3154950400581, hpcfh, user2810315813972, kbpsjd, gubwos, vaigg0, user7080026610324, ysishhd7"
40,3,0.667,14,0,4490.471,113.118,2.882,3.412,"cx.b28, fjyukfjjf, hdidkser0"
41,2,1,7,0,2771.909,136.545,2.455,0.273,"chvchj5, ttt46024"
42,2,1,6,0,13719.083,274.917,2.75,1.667,"alysha.lesiak, monika.budimir0"
43,2,1,7,0,2712.545,115.182,1.727,1.636,"luggyi, nandan.hirsch"
44,2,1,6,0,1038.917,89.083,0.667,0.417,"abdaziz0498, wadehugh2"
45,2,1,6,0,1598.833,105.667,4.5,18.75,"ctyd2156, tpei5986"
46,4,0.5,22,0,1695.167,103.583,5.333,9.5,"qlkwbghynalxek, chendundun6, bubu.text, vltrxsbghmj6ss"
47,2,1,6,0,1355.846,100.692,5.769,9.308,"birdie.huff, shaunpearson226"
48,3,0.667,14,0,2277.714,135.857,20.143,31.857,"iamretty0, xnqdavrwgntt, yrvfxyekfpsbv"
49,7,0.286,31,0,7937.667,582.872,17.744,128.154,"xxueya, liuxiaoliu52, sweethear182, hubbxmphamzhfs, facaila22, the.sshamarfan, nhiem.ha07"
50,2,1,8,0,19162.111,990,28.556,227.667,"dean.miles0, bao18story"
51,5,0.5,19,0.5,49431.154,4281.538,151.423,1198.885,"huahua88883, yiyayiya666, 333yue, alexandrina.thorn, yueyueyue42"
52,8,0.714,18,0.848,8313.98,168.51,2.686,32.863,"rubin.mervy8, battl.kray, seile.rian, vitsu.alec1, benedossie2, lawgray3, sijh37, wiate.doni0"
53,4,0.833,18,0.75,1945.167,55.9,0.933,1.3,"nhienchau41, thuc.nguyen2010, nhi.vo585, khanh.dao61"
54,5,0.6,26,0.545,4156.31,83.048,1.143,3.405,"jvtvc3, user3436197788624, zsdx184, gooj806, zxvb736"
55,5,0.8,16,0.789,7046.429,140.024,15.143,17.857,"aed0267, aed2750, dthh824, jajsjsn56, jvhb240"
56,2,1,7,0,1387.214,54.5,0.857,2.143,"hwj.nsks, hvv.nkhc"
57,2,1,8,0,14606.364,86.182,1,1.364,"aeda1689, akkaanav.risksjsg"
58,2,1,6,0,3596.273,83.364,2,3.455,"lwandiswamsithini, aed3660"
59,3,0.667,15,0,1551.81,116.048,1.429,2.762,"drape.ivoe, fody.noachp, bagge.hazelk"
60,2,1,9,0,3431.062,90.812,1.062,5.875,"jebrt.keehg, thanh.dngp"
61,2,1,6,0,4308.154,270.769,4.231,1.846,"omaro.macovei, aedhsks"
62,2,1,6,0,1744,58.833,1.25,1.25,"tri.nguyenw, wgug.euhk"
63,2,1,8,0,6876.5,272.429,27.357,174.786,"aseng.haymong, purnialesh45"
64,6,0.4,30,0.429,2433.744,68.436,2.179,9.487,"juliosalazar229, lanora.haskely, emory.drawehj, carlos.alberto.al886, ilges.estelwei, tenbr.boozapp"
65,5,1,9,1,5144.172,78.552,4.517,5.828,"cxd.shd, phong.ngoc76, walke.lowe, cuc.thu243, yelm.boor"
66,5,1,36,1,1044.069,105.5,0.586,0.379,"ciojkb, kubjij, hojdmc, qdcieh, reddit_grayson99"
67,3,0.667,13,0,388.255,40.473,4.345,1.218,"airplandriver120, username6652655, cutebaby_driver120"
68,2,1,13,0,2088.421,136.421,9.632,5.579,"shabnam_baby0, hngbaby_0"
69,2,1,6,0,151.158,12.474,1.211,0.053,"xchinaqueen3, xchinaqueen4"
70,4,0.5,46,0,540.92,46.4,3.34,2.24,"xchinaqueen1, xchinaqueen5, tariqcreator01.08, xchinaqueen8"
71,5,1,11,1,2266.569,85.121,0.345,0.552,"ckief1163, glye82199, rust04104, dyxh0219, syic2117"
72,3,1,10,1,1744.452,71.419,0.355,1.161,"tijf9855, uraf9163, ymhr6933"
73,2,1,7,0,1408.211,61.211,0.526,0.368,"ifrt2705, sush0240"
74,4,0.833,22,0.75,950.2,75.55,0.45,1.1,"givi0331, isce0690, tugx2917, wiqg8225"
75,2,1,24,0,1058.7,44.35,0.25,1.05,"bkot6010, wive0570"
76,2,1,11,0,2758.083,75.583,0.708,0.583,"dhie1905, wert2992"
77,3,0.667,12,0,1789.917,34.667,0.639,0.333,"dglqabj, fvbsiw, dsmtec"
78,2,1,13,0,1506.562,63.188,0.438,0,"26hdjwjq, xbxb6381"
79,8,0.429,19,0.529,1381.684,42.895,0.737,0.368,"liaojiuyu, oxkops7, bdjsbsk4, bxkke4723, user3923265470, kikiiwanputra7, joycecody, nidaye81"
80,2,1,6,0,9070.6,305.9,4.5,3.2,"nqkwvc, nhllos8"
81,2,1,6,0,5405.857,112.786,0.857,4.643,"fctjcrg9s3, qohbpksqo2"
82,3,1,10,1,1815.235,49.176,1.118,0.294,"hwvrok, oljclk, ljpjvh"
83,3,0.667,14,0,1657.929,32.929,0,0,"osvel.rolsea, puja.singh272, woshenmake"
84,2,1,6,0,1202.357,44.786,2.286,2.786,"jxgxi8, 41ghqq"
85,4,0.5,20,0,8942.129,375.29,4.032,2.097,"2ckfjkelw, lancg9200, 4khuik, wlack2188"
86,4,0.667,15,0.6,1373.304,66.913,1.174,0.304,"bixukf, evfdmzl, vxissvsb, bzsksk1"
87,3,1,12,1,1203.235,58.647,0.941,0.647,"awmilke, kdywnty, xcwvym2"
88,2,1,6,0,1006.5,50.071,0.286,0.357,"vakft4299, yowbc4277"
89,2,1,7,0,1043.417,46.25,0.417,0.167,"baxor3828, meggie.y"
90,20,0.226,35,0.455,1480.876,83.59,0.829,0.429,"gxhx514, jshszh6382, nxpsa4288, ndork4782, opgse4909, 1yrogls, duuff30, hxjdsj34, ncsfo3287, hzhdhs, cjdjfcn, cnatk3189, bxjxhxt, yourfavtwins0, xlhxhlxlh8, djisks96, snoshsj, kacbr2774, ncjfhyrsdj, avelina.asucen"
91,3,0.667,12,0,2536.8,121.333,2.067,0.733,"htjzwe4, pdilul, refine74"
92,3,0.667,15,0,1070.143,45.381,0.667,0.333,"jdjsbs94, 1qwdjjd, kenworthyhoo"
93,12,0.273,46,0.66,1405.516,88.21,1.145,0.29,"elleigh.anton, cigcgict, fhcgocgo, bdjsxn6, hds.hy, hsbshzu0, sameerah.tare, hzjsjs897, xvjdsj5, gdghss35, ciucfyictci, dfittf"
94,2,1,6,0,1650.444,85.556,0.667,0.222,"svjssh, zdogz60"
95,2,1,8,0,2601.1,48.4,1.3,0.1,"mjbwysq6, vedrdzy"
96,2,1,8,0,1249.938,47,0.375,0.25,"3jfofoed, 3mbfklb"
97,2,1,6,0,2813.273,79.545,1.273,0.182,"fteecfs, wevbocr"
98,2,1,6,0,1469.222,78.778,1.667,0.556,"gqvgpl, leoraf9"
99,3,1,8,1,1399.938,56.812,1.062,0.375,"palatalongwith, toxicity.idiotic, user5628638664"
100,3,1,9,1,1153.143,46.143,0.643,0.071,"jalapo42, eksmc4388, makya.melanny"
101,2,1,7,0,29220.222,112,4.222,1.111,"2100snowman, fixthedrama"
102,4,0.833,13,0.75,645.9,14.75,0.05,0.4,"bbcanxmfe6, jetnzto8i7, oyoizqmhr9, u2co59sux3"
103,4,0.5,12,0,65159.5,2582.45,14.55,20.15,"qifei6668886, xingyun315, mixuebingcheng174, yifajiubao8"
104,6,0.467,19,0.25,1784.556,142.194,1.972,0.667,"ubfrdhuy.578.39, righgtf.7.187, tdgrrdd.z.37, godjehtt.jj.101, dirkgncyy.z.110, yvrrrrcc.g.52"
105,5,0.5,20,0.5,1791.643,130.179,1.679,1.571,"kdnfhygg.h.195, ubrrcff.z.46, djfntt.7191, shahyeget.z.51, jdnchy.466.162"
106,5,0.9,13,0.875,20191.172,844.207,6.931,5.138,"hasibkhan0956.48, jtngbfyy.oo.199, phunguyen0393.53, inytfrrr.c.44, rotmfhu.j.188"
107,2,1,6,0,2899.222,150.667,0.778,2,"dbitgvree.478.43, rjfhtrrr.j.104"
108,2,1,7,0,19794.2,280.6,2.3,1.7,"chuah.drape, clary.mari"
109,3,0.667,13,0,1339.8,34.067,0.533,0.2,"gitxt2, user87730150257653, yd.ags1"
110,2,1,6,0,10316.5,108.7,0.9,1.1,"trendwave766, yuukibb1"
111,8,0.357,21,0.571,1386.447,128.043,0.979,0.489,"gzd1hao, facailllll12138, gzd4hao, mvbdanqi, fafafafafafafacai, nbhonghong5, bihuo6660, oh.geigeigei"
112,2,1,6,0,3293,146.118,2.294,0.588,"haoyun858, haoyun948"
113,2,1,8,0,2100.733,217.267,1.8,0.267,"bigfire888, huohuo110"
114,2,1,6,0,1778.417,115.083,2.583,5.75,"aed4809, tim.david10"
115,3,0.667,12,0,1597.389,92.056,1.667,1.222,"duocidhd, bethany.harper8, hdixidnf"
116,2,1,6,0,3477.059,57.176,2.353,4,"user3782324049429, user3922037259395"
117,8,0.357,28,0.409,1737.51,16.337,0.133,1.49,"zjsrryuui, user8861376993313, user2558157487113, tsbhehhehs, ddddfggfff3, user4816167612537, user2753440325304, ifndnfjfjd"
118,3,1,15,1,16245.2,291.16,21.52,21.12,"lnppoe, reddit_ignatius8, shbsdd2"
119,27,0.111,160,0.488,17552.528,876.767,6.932,10.438,"gdjdi63, tessh95, jspsns3, oshasg, hurrryu, dghhg372, hfstil3, owuhwh, isgsjdj0, bjspsp, sfagnd, segji2, lzozi3, gysfh4, itsstj2, fulknm, tug35587, gheoe8, wsbhd0, wsfj4, eyidk5, oaisg2, flsosi5, jelejeh1, rtikb3, zvjsl, qllsks0"
120,3,1,8,1,148895.688,6225.438,39.312,83,"fbnggg2, nfjsk12, hkmdrr"
121,4,0.833,15,0.75,12587.125,640.125,5.25,4.5,"cisos51, gjdi03, twilw0, wkhsfs"
122,2,1,8,0,1124.375,55.25,1.875,0.375,"toiyy5, xvnmh8"
123,4,0.5,30,0,757.833,44.2,0.3,1.967,"rtwgui, arffug, hdmjwo1, ucdrmh"
124,12,0.303,32,0.414,1065.044,31.333,0.211,0.411,"puhrra, pbpktw, eqmhqf, idpeoc, dtbtcc8, bipiqo, hltuoq, hidouo, lhqitc, bpgarp, sqifhw, wgslhe"
125,3,1,10,1,648.037,26.296,1.296,6.037,"nafi.rajab.guirgu, tiffany.c..irvin, zurina.sara"
126,3,0.667,12,0,921.095,32.81,1.333,8.667,"melissahrenteria, salah.hakem.sayeg, buhthah.afra.najj"
127,6,0.4,31,0.375,1008.658,31.868,1.316,5.158,"lahab.fakhiri.ari, ethan.carter.mitchell, olivia.ava.davis, lucas.parker.carter, amelia.wilson.johnson, labib.zain.hajjar"
128,4,0.667,21,0.6,359.581,20.516,2.355,4.645,"hvoykvagyy, redidgbxozg6, latifnusrahshamon, uwaisah.jameela.m"
129,3,0.667,24,0,641.038,47.269,2.654,9.923,"safiyyah.iftikar, ghadir.tamadur.ba, saniyah.rafidah.k"
130,4,0.833,16,0.75,851.448,34.172,1.828,10.414,"cenhaa1, hggsjdjd, trjjffj, user8002887193765"
131,2,1,6,0,3789.714,81.571,2.714,9.857,"manbazili, bbuiopkl"
132,7,0.714,16,0.778,43304.048,2027.571,73.381,1316.952,"mira.paxton, brooks.jenner, ludwin.keith, nash.bramwell4, ayanna.kelekele, constantinos.hard, summer.king331"
133,2,1,14,0,583.786,28.429,1,7.071,"osudgiwy1, twodgcjq"
134,2,1,7,0,517.333,20.556,0.889,13.556,"qorusfio, yaofguqvi"
135,3,0.667,13,0,3028.125,181.333,23.625,21.375,"decker.slater, gwendolyn.carroll3, anubn95ar83d"
136,6,0.4,26,0.333,16776.809,1165.66,112.787,284.234,"money.is.coming.qi3, blake.payne028, javion.yang, ignacio.stark, luckqiqiqi25, heidiramos2"
137,2,1,8,0,3162.5,65.583,2.333,21.083,"user12390941773567, user2373614982470"
138,3,1,7,1,2555.846,90.769,0.846,3.615,"kfuda4, buma.zlkh, user7325933253248"
139,2,1,9,0,1464.929,45.786,1.5,0.571,"coicbf, usixidbd"
140,6,0.333,56,0,6876.719,518.168,23.546,8.416,"amazingpilot2, chinna_deiver_girl0, cute_queen7102, chinesebeauty39, username0022660, beautyqueendriver3"
141,7,0.333,47,0,159,30.491,6.418,0.064,"beautiful46h, cardriving139, gorgeousgirl268, beautifulseen30, moderngril5, grilofchina, modernofuk"
142,17,0.184,45,0.417,1546.654,115.481,0.91,1.459,"mdmdkkdndnrn, dhcfgggfhu, odokskjsjh, mlyeejyn, .whjshshshshs, bcjeibox, bvasvhssjn, user1433469988696, ghzdxbj, cghvhhj6, user4473161544200, user8609498112914, user6812280201318, nkddaram, deferedeedddf, user41067558498182, xlxksnsjsk"
143,2,1,6,0,1211.25,77.438,1.188,5.875,"aed9243, aed3925"
144,2,1,8,0,945.786,72.357,0.929,3.571,"gjvghv34, gubcf45"
145,5,0.9,20,0.875,574.766,2.857,0.026,0.247,"knl39aprh6, mgallaudio, mgallsharring, avafind2, tptk02426yr"
146,2,1,12,0,1115.235,29.529,0.471,3.118,"fdrnbpulsfg, wonder5537"
147,127,0.039,74,0.352,5738.946,562.065,4.59,86.236,"gjfdd68, gdzvh1, hddgjj79, tsdhj01, hdsgh57, gfvhj98, fsdgh41, tkre891, user5070466660023, idsfgj2, user6168144540470, hrdgj17, user8478108672003, hhregg52, gnsmel, user7804416262677, jekd5783, gdsfgh15, jffhk8, hq12151718, user152435261681, user365125024608, user5081724703508, fhge82, htdgji05, yufbvf, uddgh081, hdznm33, fkhfe5, hdkte6, iltrukikr, fijgd50, yrchj1, tsdhj2, hdsy281, user612958049219, user9342283006096, user6758753838000, umd274, fbde56, ghfee48, brdfgh, fjgw35, tsdgu3, fgvv752, grsgh5, sfhh2223, user3036161758508, user5831942911597, ufy468, reush5, hcuccu156, d548930, hydu454, bbbmm480, ushd386, ecbb18, user33539405804153, iffhkk0, gns1528, user918416806877, ella7420, tidt55, jeyune1, yfyd3444, fhgse42, gddgh409, to24123, gesfhu1, hfdgk09, fdsfhj84, hydfhj70, user37946701199785, user30754046928858, james2396636, hdhjvkgk, tdfhj07, hnfr33, user8000762929094, hdchj41, eggss96, gdscb08, vmdew, yedfhj0, hddgj83, fdgg7273, gkfd018, user5091293440265, user1947069783687, hdhit79, user28840388704006, gdustei, user272614186296, tsusig7, kiumerum, user3884378113418, fihds20, fmgd8, jdmfj44, yurvbg2, tsxhj6, ddghj064, user9178698708273, vlnfs4, fssch1, fsfhj07, dhddt67, stfvb6, hrfji7, ngcvgh3, gatfshs, fdcbj48, tffyib, gadgj32, hfsdhj96, hocxfi, hnfsw70, jgvh67, hyfjk45, thgdd80, flfds, tfst35, user6100349282272, dhdy311, ydsfj89, zdhhj04, yjgdsw"
148,36,0.081,60,0.306,2340.579,91.011,1.273,6.071,"ditsriits, u913503, t.ill411, fm04718, grdgh760, h4272072, bfssfh98, gdxhij, muimrli, jrfah0, rhdss79, frxhn81, hrsvh24, fachi127, user36152385037491, user805002943256, dchj473, kusdum4, hofkst5, user7855213040677, hulili45, unrnry, du98092, key57173, hddh6007, gdfhh917, tjfee2, user7143669498156, user6881678887137, user53031585909531, dadhu87, hdxhk50, tjgew5, itdtdi88, ukku547, user817885207972200"
149,2,1,7,0,4992.875,123.5,3.375,18.375,"dtyddy47, tsxhj5"
150,2,1,6,0,4068.125,113.25,4.875,4.625,"gxkztist, ydfhu1"
151,11,0.345,32,0.545,5843.262,237.452,2.548,14.429,"gehr148, lijhgtji, djcds8, hfdsgh257, gnmgn, nuseyn4, itdotdot, gig08481, ilcss12, user7617569360313, ydodti"
152,2,1,6,0,166.333,5.167,0,0,"level.tritz, osbourne.dominiak"
153,3,0.667,12,0,169.444,13.333,0,0,"bortle.stofsky, akinrefon.rainie, defouwcaddy"
154,2,1,8,0,1013,41.833,0.333,1.25,"xiangbma153, xiangbma515"
155,2,1,6,0,1734.1,27.3,0.3,0.9,"xiangbma475, xiangbm363"
156,2,1,9,0,214.167,11.333,0,0.167,"donahue.albert1, quincy.johnson64"
157,2,1,8,0,309.333,22.333,0.333,0.333,"n8nxxhtag0, bzwvs28if7"
158,2,1,6,0,642.2,17.8,0.2,0.4,"k2p8cto682, nilsuozturk25"
159,3,0.667,13,0,93,3.111,0.111,0.222,"vikawin.gayorlil, we82ey9o65, xf0jiyagf0"
160,3,0.667,12,0,404.125,17.625,0.25,1.5,"ted.antoinette1, jo.fast26, vot5ppl"
161,2,1,9,0,89.833,6.667,0.5,0,"otisjoe14, georgia.christian3"
162,9,0.472,23,0.621,22973.525,814.864,6.237,8.153,"gdjf6745, schcy24, dawnya_movie, fjhvh78, user59478597350542, blxhx, gmlkh98, nlogbdd, yyugesjj"
163,3,0.667,12,0,7721.889,134.611,53.222,10.667,"markakisnobriga, donk666928, mohdbadulu"
164,2,1,6,0,3514.833,47.25,0.75,0.583,"roneroeisen, vanleeuwengizinsk"
165,9,0.528,36,0.667,1844.769,94.788,0.5,0.75,"drgd8391, jkuy0534, ghhj8554, bvoo3130, dijx3903, fhda78402, kjuq5904, okay11732, ytrq8081"
166,11,0.255,66,0.414,2084.415,80.446,0.385,0.831,"fbgg2395, coirf88774, courr1227, gjguq6894, fkir2290, cjur6297, urdu9708, clirr5282, fnnf8890, gour2295, voie3340"
167,4,0.667,15,0.6,2459.708,77.958,0.333,2.417,"dhhi6645, hrsy60677, xihz9643, ufsc8075"
168,2,1,6,0,5351.5,68.333,0.167,1.333,"user41777245086503, user7160948086077"
169,2,1,6,0,2283,50.375,0,1,"b9789612, user1475024996266"
170,4,0.5,21,0,1027.5,39.417,0.083,1.417,"g702856, d5392001, u0607333, user6568530949004"
171,2,1,9,0,3757.5,81.333,4.167,2.5,"g597095, user85481191053161"
172,3,1,9,1,3497.667,52.889,0.333,0.111,"d2022913, u5743879, user2827107307696"
173,4,0.667,24,0.6,283.125,10.75,0.094,0.188,"goisthillwig517, speakingspeak.464, forwardcode423, taotao100086465"
174,8,0.393,22,0.6,637.14,27.614,1.228,0.754,"fassiogasch198, greatename466, devinkary0516, ilovevgycguhyi467, jiejielovetao518, shallownuckoles51, nikebimm0445, taotao1000448"
175,4,0.833,16,0.75,341.774,17.903,0.097,0.806,"luensmanntuma245, nihaoya0002, jiejielove0001, huggettguziec195"
176,3,1,10,1,2479.227,33.273,0.455,1.591,"devi.ntypw0367, doan04038, sjyzm173"
177,2,1,8,0,2255.375,20.125,1.125,0.125,"shadrickkham, giachauho200"
178,2,1,6,0,971,18.143,0.286,0.143,"faker5994, 440fghj"
179,2,1,6,0,641.571,18.857,3.857,0.571,"ggyykk.431, halberstamzweifel"
180,2,1,8,0,2427.125,31.375,0,0.5,"beibteacher, baobaommmmbb118"
181,2,1,6,0,411.75,23.625,0.25,1.625,"bbbmmm281000, sndlksn"
182,2,1,6,0,5363.875,7.25,0.125,3.375,"bbbmmmm274, zzjaehyun349"
183,2,1,8,0,187.125,7,0.125,1,"bbbmmm3951, bullingerdebnar"
184,9,0.889,18,0.889,585.481,17.13,0.148,0.074,"joannafelton0801, langhuamediaus.fgvrfn, funnys318, alice95332, lenafunk0628, gexlxyakfsiwn5, lnteresting_world, douglasstuart0509, user17916819551"
185,2,1,6,0,4356.875,30.375,0.25,0,"pvnngmbfxaplml, kellyhamilton1x4uu"
186,3,0.667,14,0,1938.133,118.733,2.667,5.133,"user718457106010180, qqjbbuinvzpg, aeddhjf6830"
187,2,1,7,0,5165.083,177.333,5.667,14.583,"shgdhgwtu2577, zmdheyi279"
188,3,1,11,1,24617.588,2064.118,58.824,124.059,"david.muro37, user6193818865154, ty.rshjfs2799"
189,2,1,6,0,2178.154,244.846,6.769,17.385,"aedfjggf5882, lodocarloos"
190,2,1,6,0,1512.4,46.6,0.2,3,"aed2996, user3357615163181"
191,3,0.667,14,0,1330.429,75.429,0.5,0.357,"puata14, ncfu4, shtg02"
192,2,1,12,0,261.833,8.5,0.083,0.083,"rdfhjj0, sdff13458"
193,8,0.429,34,0.536,897.208,41.042,0.5,0.792,"cjjr8012, didh3868, coyrg2348, jccj44506, gkieg99990, glueg7414, ehen2929, urcj8539"
194,2,1,9,0,848.167,27.667,0.167,0.167,"befa5473, didu9573"
195,11,0.418,34,0.704,648.892,28.459,0.243,0.257,"wdjcus5, ozvpix, nizbbd, idsdyl5, tllbwg, mpypax, gacbwp, fqyjbw, vunhapu, wgxodu, wihwth"
196,10,0.578,44,0.664,592.686,33.167,0.451,0.382,"lhzhzw, calfkg, qbjqgx, pzfjwg, rlumvi, cxjunn7, nzdifo, hxrbdqi, orfywp8, sypvvz"
