"Account","Network","Unique Shares","Avg Time Between Shares (sec)","Edge Symmetry Score","Degree","Strength","Betweenness","Avg Views","Avg Likes","Avg Comments","Avg Shares"
"<a href=""https://tiktok.com/@.prince.sahin"" target=""_blank"">@.prince.sahin</a>",4,4,69.333,0.667,2,6,0.004,167.2,55.4,0,1.2
"<a href=""https://tiktok.com/@adbul.kadir2"" target=""_blank"">@adbul.kadir2</a>",9,3,43,0.667,1,3,0,16.6,6.2,0.6,0.4
"<a href=""https://tiktok.com/@asifur__rahman__shawon_7"" target=""_blank"">@asifur__rahman__shawon_7</a>",11,11,85.364,1,1,11,0,56.795,17.929,9.872,14.378
"<a href=""https://tiktok.com/@emamu170"" target=""_blank"">@emamu170</a>",3,4,61.333,0.667,1,3,0,86.25,40.25,0.75,0
"<a href=""https://tiktok.com/@janbbarhossain"" target=""_blank"">@janbbarhossain</a>",8,5,82.333,1,1,3,0,37.2,7.8,0,0
"<a href=""https://tiktok.com/@kilar929"" target=""_blank"">@kilar929</a>",3,4,61.333,0.667,1,3,0,202.25,95.25,3,1
"<a href=""https://tiktok.com/@lokmanbinmofizuli"" target=""_blank"">@lokmanbinmofizuli</a>",8,4,82.333,1,1,3,0,170,82.333,3.5,4.167
"<a href=""https://tiktok.com/@m.d._s.h.a.w.o.n_7"" target=""_blank"">@m.d._s.h.a.w.o.n_7</a>",11,11,85.364,1,1,11,0,23.313,8.993,9.381,4.925
"<a href=""https://tiktok.com/@md.junaid.miasj"" target=""_blank"">@md.junaid.miasj</a>",6,1,54.25,1,1,4,0,343.5,83.5,0,2.5
"<a href=""https://tiktok.com/@mdiqbals14"" target=""_blank"">@mdiqbals14</a>",5,8,92.667,1,1,3,0,356.9,136.3,1.1,1.8
"<a href=""https://tiktok.com/@mdmelon1290"" target=""_blank"">@mdmelon1290</a>",2,2,43,0.667,1,3,0,67.5,23.5,1.5,0
"<a href=""https://tiktok.com/@mhharunshaheb"" target=""_blank"">@mhharunshaheb</a>",6,5,54.25,1,1,4,0,140.182,64.091,4.636,1.818
"<a href=""https://tiktok.com/@mijanur.rahman7217"" target=""_blank"">@mijanur.rahman7217</a>",2,3,43,0.667,1,3,0,68,24,0,1
"<a href=""https://tiktok.com/@nipa9290"" target=""_blank"">@nipa9290</a>",4,2,60.333,0.667,1,3,0,118,44.333,0.667,0
"<a href=""https://tiktok.com/@ripon2895"" target=""_blank"">@ripon2895</a>",9,2,43,0.667,1,3,0,1028,404,37.5,20
"<a href=""https://tiktok.com/@rx.arish.khan"" target=""_blank"">@rx.arish.khan</a>",10,4,41,1,1,4,0,92.182,28.909,7.909,1.455
"<a href=""https://tiktok.com/@smrity_mridha810"" target=""_blank"">@smrity_mridha810</a>",7,3,37,0.333,1,3,0,52.25,19,3.5,0.5
"<a href=""https://tiktok.com/@tanisa.khatun83"" target=""_blank"">@tanisa.khatun83</a>",1,2,41,1,1,3,0,92.5,45,2,3.5
"<a href=""https://tiktok.com/@user31770786695855"" target=""_blank"">@user31770786695855</a>",4,2,78.333,0.667,1,3,0,46,22,1,0
"<a href=""https://tiktok.com/@user3216825268449"" target=""_blank"">@user3216825268449</a>",7,1,37,0.333,1,3,0,118.5,27.5,0,0
"<a href=""https://tiktok.com/@user3874205995953"" target=""_blank"">@user3874205995953</a>",10,2,41,1,1,4,0,155.2,61.8,2.8,0.6
"<a href=""https://tiktok.com/@user5699597151255"" target=""_blank"">@user5699597151255</a>",5,8,92.667,1,1,3,0,39.083,20.917,0.833,0.667
"<a href=""https://tiktok.com/@user8151567859414"" target=""_blank"">@user8151567859414</a>",1,3,41,1,1,3,0,75.714,7.143,1,3.857
