"Network","Number of Accounts","Network Density","Network Diameter","Clustering Coefficient","Avg Views","Avg Likes","Avg Comments","Avg Shares","Member Accounts"
1,2,1,3,NA,79.444,15.556,1.222,3.778,"tanisa.khatun83, user8151567859414"
2,2,1,3,NA,67.833,23.833,0.5,0.667,"mdmelon1290, mijanur.rahman7217"
3,2,1,3,NA,144.25,67.75,1.875,0.5,"kilar929, emamu170"
4,3,0.667,6,0,128.2,45.4,0.4,0.6,"nipa9290, .prince.sahin, user31770786695855"
5,2,1,3,NA,183.545,73.364,0.955,1.182,"mdiqbals14, user5699597151255"
6,2,1,4,NA,171.462,67.077,3.923,1.923,"md.junaid.miasj, mhharunshaheb"
7,2,1,3,NA,74.333,21.833,2.333,0.333,"smrity_mridha810, user3216825268449"
8,2,1,3,NA,109.636,48.455,1.909,2.273,"lokmanbinmofizuli, janbbarhossain"
9,2,1,3,NA,305.571,119.857,11.143,6,"adbul.kadir2, ripon2895"
10,2,1,4,NA,111.875,39.188,6.312,1.188,"rx.arish.khan, user3874205995953"
11,2,1,11,NA,40.551,13.594,9.634,9.792,"asifur__rahman__shawon_7, m.d._s.h.a.w.o.n_7"
