"Post URL","Network","Author","Timestamp","Number of Accounts","Views","Likes","Comments","Shares","Description"
"<a href=""https://www.tiktok.com/@oeplbsknc6/video/7571352012902731038"" target=""_blank"" class=""btn btn-sm"" style=""background-color: #00926c; color: white; text-decoration: none; padding: 2px 8px; border-radius: 4px; font-size: 0.8em;"">View Post</a>",1,"oeplbsknc6","2025-11-11 06:33:00",1,1557,14,0,0,"KondisiterkinimusholaPONPESAIKhozinySidoarjoambruksaatsalatashar.#jtvjember#evakuasi#sidoarjo#fyp"
"<a href=""https://www.tiktok.com/@basilberthaeq0301/video/7570975946145025293"" target=""_blank"" class=""btn btn-sm"" style=""background-color: #00926c; color: white; text-decoration: none; padding: 2px 8px; border-radius: 4px; font-size: 0.8em;"">View Post</a>",1,"basilberthaeq0301","2025-11-10 06:14:22",1,941,26,1,1,"KondisiterkinimusholaPONPESAIKhozinySidoarjoambruksaatsalatashar.#jtvjember#evakuasi#sidoarjo#fyp"
"<a href=""https://www.tiktok.com/@oeplbsknc6/video/7570975934346562847"" target=""_blank"" class=""btn btn-sm"" style=""background-color: #00926c; color: white; text-decoration: none; padding: 2px 8px; border-radius: 4px; font-size: 0.8em;"">View Post</a>",1,"oeplbsknc6","2025-11-10 06:14:01",1,10628,128,1,1,"KondisiterkinimusholaPONPESAIKhozinySidoarjoambruksaatsalatashar.#jtvjember#evakuasi#sidoarjo#fyp"
"<a href=""https://www.tiktok.com/@basilberthaeq0301/video/7570975826682858766"" target=""_blank"" class=""btn btn-sm"" style=""background-color: #00926c; color: white; text-decoration: none; padding: 2px 8px; border-radius: 4px; font-size: 0.8em;"">View Post</a>",1,"basilberthaeq0301","2025-11-10 06:13:49",1,357,15,1,10,"KondisiterkinimusholaPONPESAIKhozinySidoarjoambruksaatsalatashar.#jtvjember#evakuasi#sidoarjo#fyp"
"<a href=""https://www.tiktok.com/@oeplbsknc6/video/7570975805203811614"" target=""_blank"" class=""btn btn-sm"" style=""background-color: #00926c; color: white; text-decoration: none; padding: 2px 8px; border-radius: 4px; font-size: 0.8em;"">View Post</a>",1,"oeplbsknc6","2025-11-10 06:12:59",1,4612,44,1,0,"KondisiterkinimusholaPONPESAIKhozinySidoarjoambruksaatsalatashar.#jtvjember#evakuasi#sidoarjo#fyp"
"<a href=""https://www.tiktok.com/@basilberthaeq0301/video/7570975623863160077"" target=""_blank"" class=""btn btn-sm"" style=""background-color: #00926c; color: white; text-decoration: none; padding: 2px 8px; border-radius: 4px; font-size: 0.8em;"">View Post</a>",1,"basilberthaeq0301","2025-11-10 06:12:52",1,891,20,0,0,"KondisiterkinimusholaPONPESAIKhozinySidoarjoambruksaatsalatashar.#jtvjember#evakuasi#sidoarjo#fyp"
"<a href=""https://www.tiktok.com/@oeplbsknc6/video/7570975616330255647"" target=""_blank"" class=""btn btn-sm"" style=""background-color: #00926c; color: white; text-decoration: none; padding: 2px 8px; border-radius: 4px; font-size: 0.8em;"">View Post</a>",1,"oeplbsknc6","2025-11-10 06:12:56",1,3728,17,0,3,"KondisiterkinimusholaPONPESAIKhozinySidoarjoambruksaatsalatashar.#jtvjember#evakuasi#sidoarjo#fyp"
"<a href=""https://www.tiktok.com/@basilberthaeq0301/video/7570975329712442638"" target=""_blank"" class=""btn btn-sm"" style=""background-color: #00926c; color: white; text-decoration: none; padding: 2px 8px; border-radius: 4px; font-size: 0.8em;"">View Post</a>",1,"basilberthaeq0301","2025-11-10 06:11:54",1,1157,38,0,1,"KondisiterkinimusholaPONPESAIKhozinySidoarjoambruksaatsalatashar.#jtvjember#evakuasi#sidoarjo#fyp"
"<a href=""https://www.tiktok.com/@oeplbsknc6/video/7570975293121334558"" target=""_blank"" class=""btn btn-sm"" style=""background-color: #00926c; color: white; text-decoration: none; padding: 2px 8px; border-radius: 4px; font-size: 0.8em;"">View Post</a>",1,"oeplbsknc6","2025-11-10 06:11:28",1,3629,16,0,1,"KondisiterkinimusholaPONPESAIKhozinySidoarjoambruksaatsalatashar.#jtvjember#evakuasi#sidoarjo#fyp"
