"Account","Network","Unique Shares","Avg Time Between Shares (sec)","Edge Symmetry Score","Degree","Strength","Betweenness","Avg Views","Avg Likes","Avg Comments","Avg Shares"
"<a href=""https://tiktok.com/@doubanjiang310"" target=""_blank"">@doubanjiang310</a>",1,8,50.833,0.909,1,12,0,2850.625,27.75,1.875,1.25
"<a href=""https://tiktok.com/@h_kp82"" target=""_blank"">@h_kp82</a>",2,8,71.667,1,1,12,0,3375.5,43.875,0.625,1.125
"<a href=""https://tiktok.com/@huangdoujiang012"" target=""_blank"">@huangdoujiang012</a>",1,8,57.5,0.955,2,24,0.167,2016,25.25,0,0
"<a href=""https://tiktok.com/@lajiaojiang219"" target=""_blank"">@lajiaojiang219</a>",2,6,71.667,1,1,12,0,2852.125,24.25,0.125,0.375
"<a href=""https://tiktok.com/@ribendongzuo0077"" target=""_blank"">@ribendongzuo0077</a>",1,7,64.167,1,1,12,0,1669,37.714,0.429,0.571
