"Post URL","Network","Author","Timestamp","Number of Accounts","Views","Likes","Comments","Shares","Description"
"<a href=""https://www.tiktok.com/@doubanjiang310/video/7561266362425953591"" target=""_blank"" class=""btn btn-sm"" style=""background-color: #00926c; color: white; text-decoration: none; padding: 2px 8px; border-radius: 4px; font-size: 0.8em;"">View Post</a>",1,"doubanjiang310","2025-10-15 02:15:28",3,1568,12,0,0,"What’s growing out of the meteorite rock that fell in Panama?!#news  #breakingnews #us #growing"
"<a href=""https://www.tiktok.com/@ribendongzuo0077/video/7561266242271726903"" target=""_blank"" class=""btn btn-sm"" style=""background-color: #00926c; color: white; text-decoration: none; padding: 2px 8px; border-radius: 4px; font-size: 0.8em;"">View Post</a>",1,"ribendongzuo0077","2025-10-15 02:14:59",3,7041,69,0,1,"What’s growing out of the meteorite rock that fell in Panama?!#news  #breakingnews #us #growing"
"<a href=""https://www.tiktok.com/@ribendongzuo0077/video/7561266009148067085"" target=""_blank"" class=""btn btn-sm"" style=""background-color: #00926c; color: white; text-decoration: none; padding: 2px 8px; border-radius: 4px; font-size: 0.8em;"">View Post</a>",1,"ribendongzuo0077","2025-10-15 02:14:05",3,478,31,0,0,"What’s growing out of the meteorite rock that fell in Panama?!#news  #breakingnews #us #growing"
"<a href=""https://www.tiktok.com/@h_kp82/video/7561266001292135693"" target=""_blank"" class=""btn btn-sm"" style=""background-color: #00926c; color: white; text-decoration: none; padding: 2px 8px; border-radius: 4px; font-size: 0.8em;"">View Post</a>",2,"h_kp82","2025-10-15 02:14:02",3,301,34,0,0,"What’s growing out of the meteorite rock that fell in Panama?!#news  #breakingnews #us #growing"
"<a href=""https://www.tiktok.com/@h_kp82/video/7561265982891920695"" target=""_blank"" class=""btn btn-sm"" style=""background-color: #00926c; color: white; text-decoration: none; padding: 2px 8px; border-radius: 4px; font-size: 0.8em;"">View Post</a>",2,"h_kp82","2025-10-15 02:14:00",3,7226,88,1,8,"What’s growing out of the meteorite rock that fell in Panama?!#news  #breakingnews #us #growing"
"<a href=""https://www.tiktok.com/@huangdoujiang012/video/7561265876205423886"" target=""_blank"" class=""btn btn-sm"" style=""background-color: #00926c; color: white; text-decoration: none; padding: 2px 8px; border-radius: 4px; font-size: 0.8em;"">View Post</a>",1,"huangdoujiang012","2025-10-15 02:13:34",3,129,0,0,0,"What’s growing out of the meteorite rock that fell in Panama?!#news  #breakingnews #us #growing"
"<a href=""https://www.tiktok.com/@doubanjiang310/video/7561265860862676237"" target=""_blank"" class=""btn btn-sm"" style=""background-color: #00926c; color: white; text-decoration: none; padding: 2px 8px; border-radius: 4px; font-size: 0.8em;"">View Post</a>",1,"doubanjiang310","2025-10-15 02:13:32",3,1071,44,0,0,"What’s growing out of the meteorite rock that fell in Panama?!#news  #breakingnews #us #growing"
"<a href=""https://www.tiktok.com/@huangdoujiang012/video/7561265748459506957"" target=""_blank"" class=""btn btn-sm"" style=""background-color: #00926c; color: white; text-decoration: none; padding: 2px 8px; border-radius: 4px; font-size: 0.8em;"">View Post</a>",1,"huangdoujiang012","2025-10-15 02:13:05",3,263,3,0,0,"What’s growing out of the meteorite rock that fell in Panama?!#news  #breakingnews #us #growing"
"<a href=""https://www.tiktok.com/@lajiaojiang219/video/7561264079625588023"" target=""_blank"" class=""btn btn-sm"" style=""background-color: #00926c; color: white; text-decoration: none; padding: 2px 8px; border-radius: 4px; font-size: 0.8em;"">View Post</a>",2,"lajiaojiang219","2025-10-15 02:06:33",3,979,27,0,0,"What’s growing out of the meteorite rock that fell in Panama?!#news  #breakingnews #us #growing"
"<a href=""https://www.tiktok.com/@lajiaojiang219/video/7561264042862447886"" target=""_blank"" class=""btn btn-sm"" style=""background-color: #00926c; color: white; text-decoration: none; padding: 2px 8px; border-radius: 4px; font-size: 0.8em;"">View Post</a>",2,"lajiaojiang219","2025-10-15 02:06:25",3,2653,4,0,0,"What’s growing out of the meteorite rock that fell in Panama?!#news  #breakingnews #us #growing"
"<a href=""https://www.tiktok.com/@h_kp82/video/7560890794807168311"" target=""_blank"" class=""btn btn-sm"" style=""background-color: #00926c; color: white; text-decoration: none; padding: 2px 8px; border-radius: 4px; font-size: 0.8em;"">View Post</a>",2,"h_kp82","2025-10-14 01:58:02",3,188,9,0,0,"What’s growing out of the meteorite rock that fell in Panama?!#news  #breakingnews #us #growing"
"<a href=""https://www.tiktok.com/@h_kp82/video/7560890792814955831"" target=""_blank"" class=""btn btn-sm"" style=""background-color: #00926c; color: white; text-decoration: none; padding: 2px 8px; border-radius: 4px; font-size: 0.8em;"">View Post</a>",2,"h_kp82","2025-10-14 01:58:00",3,8906,46,0,0,"What’s growing out of the meteorite rock that fell in Panama?!#news  #breakingnews #us #growing"
"<a href=""https://www.tiktok.com/@lajiaojiang219/video/7560890613336460558"" target=""_blank"" class=""btn btn-sm"" style=""background-color: #00926c; color: white; text-decoration: none; padding: 2px 8px; border-radius: 4px; font-size: 0.8em;"">View Post</a>",2,"lajiaojiang219","2025-10-14 01:57:21",3,2831,58,0,2,"What’s growing out of the meteorite rock that fell in Panama?!#news  #breakingnews #us #growing"
"<a href=""https://www.tiktok.com/@lajiaojiang219/video/7560890364127612215"" target=""_blank"" class=""btn btn-sm"" style=""background-color: #00926c; color: white; text-decoration: none; padding: 2px 8px; border-radius: 4px; font-size: 0.8em;"">View Post</a>",2,"lajiaojiang219","2025-10-14 01:56:21",3,3928,8,0,0,"What’s growing out of the meteorite rock that fell in Panama?!#news  #breakingnews #us #growing"
"<a href=""https://www.tiktok.com/@ribendongzuo0077/video/7560888952044014862"" target=""_blank"" class=""btn btn-sm"" style=""background-color: #00926c; color: white; text-decoration: none; padding: 2px 8px; border-radius: 4px; font-size: 0.8em;"">View Post</a>",1,"ribendongzuo0077","2025-10-14 01:50:55",3,1295,48,0,0,"What’s growing out of the meteorite rock that fell in Panama?!#news  #breakingnews #us #growing"
"<a href=""https://www.tiktok.com/@huangdoujiang012/video/7560888917780696375"" target=""_blank"" class=""btn btn-sm"" style=""background-color: #00926c; color: white; text-decoration: none; padding: 2px 8px; border-radius: 4px; font-size: 0.8em;"">View Post</a>",1,"huangdoujiang012","2025-10-14 01:50:47",3,3531,34,0,0,"What’s growing out of the meteorite rock that fell in Panama?!#news  #breakingnews #us #growing"
"<a href=""https://www.tiktok.com/@doubanjiang310/video/7560888905738898702"" target=""_blank"" class=""btn btn-sm"" style=""background-color: #00926c; color: white; text-decoration: none; padding: 2px 8px; border-radius: 4px; font-size: 0.8em;"">View Post</a>",1,"doubanjiang310","2025-10-14 01:50:45",3,3735,12,2,2,"What’s growing out of the meteorite rock that fell in Panama?!#news  #breakingnews #us #growing"
"<a href=""https://www.tiktok.com/@huangdoujiang012/video/7560888728336600334"" target=""_blank"" class=""btn btn-sm"" style=""background-color: #00926c; color: white; text-decoration: none; padding: 2px 8px; border-radius: 4px; font-size: 0.8em;"">View Post</a>",1,"huangdoujiang012","2025-10-14 01:50:05",3,3641,57,0,0,"What’s growing out of the meteorite rock that fell in Panama?!#news  #breakingnews #us #growing"
"<a href=""https://www.tiktok.com/@ribendongzuo0077/video/7560888527018265869"" target=""_blank"" class=""btn btn-sm"" style=""background-color: #00926c; color: white; text-decoration: none; padding: 2px 8px; border-radius: 4px; font-size: 0.8em;"">View Post</a>",1,"ribendongzuo0077","2025-10-14 01:49:13",3,429,15,2,0,"What’s growing out of the meteorite rock that fell in Panama?!#news  #breakingnews #us #growing"
"<a href=""https://www.tiktok.com/@doubanjiang310/video/7560888439990766903"" target=""_blank"" class=""btn btn-sm"" style=""background-color: #00926c; color: white; text-decoration: none; padding: 2px 8px; border-radius: 4px; font-size: 0.8em;"">View Post</a>",1,"doubanjiang310","2025-10-14 01:48:54",3,1433,29,5,1,"What’s growing out of the meteorite rock that fell in Panama?!#news  #breakingnews #us #growing"
"<a href=""https://www.tiktok.com/@ribendongzuo0077/video/7560659681744620855"" target=""_blank"" class=""btn btn-sm"" style=""background-color: #00926c; color: white; text-decoration: none; padding: 2px 8px; border-radius: 4px; font-size: 0.8em;"">View Post</a>",1,"ribendongzuo0077","2025-10-13 11:02:40",3,350,14,1,1,"What’s growing out of the meteorite rock that fell in Panama?!#news  #breakingnews #us #growing"
"<a href=""https://www.tiktok.com/@huangdoujiang012/video/7560659661146377527"" target=""_blank"" class=""btn btn-sm"" style=""background-color: #00926c; color: white; text-decoration: none; padding: 2px 8px; border-radius: 4px; font-size: 0.8em;"">View Post</a>",1,"huangdoujiang012","2025-10-13 11:02:07",3,3615,51,0,0,"What’s growing out of the meteorite rock that fell in Panama?!#news  #breakingnews #us #growing"
"<a href=""https://www.tiktok.com/@ribendongzuo0077/video/7560659623322111287"" target=""_blank"" class=""btn btn-sm"" style=""background-color: #00926c; color: white; text-decoration: none; padding: 2px 8px; border-radius: 4px; font-size: 0.8em;"">View Post</a>",1,"ribendongzuo0077","2025-10-13 11:02:29",3,1078,37,0,2,"What’s growing out of the meteorite rock that fell in Panama?!#news  #breakingnews #us #growing"
"<a href=""https://www.tiktok.com/@doubanjiang310/video/7560659257452973326"" target=""_blank"" class=""btn btn-sm"" style=""background-color: #00926c; color: white; text-decoration: none; padding: 2px 8px; border-radius: 4px; font-size: 0.8em;"">View Post</a>",1,"doubanjiang310","2025-10-13 11:01:17",3,4910,60,4,5,"What’s growing out of the meteorite rock that fell in Panama?!#news  #breakingnews #us #growing"
"<a href=""https://www.tiktok.com/@huangdoujiang012/video/7560659013420076302"" target=""_blank"" class=""btn btn-sm"" style=""background-color: #00926c; color: white; text-decoration: none; padding: 2px 8px; border-radius: 4px; font-size: 0.8em;"">View Post</a>",1,"huangdoujiang012","2025-10-13 11:00:44",3,3758,39,0,0,"What’s growing out of the meteorite rock that fell in Panama?!#news  #breakingnews #us #growing"
"<a href=""https://www.tiktok.com/@doubanjiang310/video/7560658934390983949"" target=""_blank"" class=""btn btn-sm"" style=""background-color: #00926c; color: white; text-decoration: none; padding: 2px 8px; border-radius: 4px; font-size: 0.8em;"">View Post</a>",1,"doubanjiang310","2025-10-13 10:59:49",3,8136,54,4,2,"What’s growing out of the meteorite rock that fell in Panama?!#news  #breakingnews #us #growing"
"<a href=""https://www.tiktok.com/@h_kp82/video/7560657396482264375"" target=""_blank"" class=""btn btn-sm"" style=""background-color: #00926c; color: white; text-decoration: none; padding: 2px 8px; border-radius: 4px; font-size: 0.8em;"">View Post</a>",2,"h_kp82","2025-10-13 10:54:01",3,763,58,0,0,"What’s growing out of the meteorite rock that fell in Panama?!#news  #breakingnews #us #growing"
"<a href=""https://www.tiktok.com/@h_kp82/video/7560657297865706765"" target=""_blank"" class=""btn btn-sm"" style=""background-color: #00926c; color: white; text-decoration: none; padding: 2px 8px; border-radius: 4px; font-size: 0.8em;"">View Post</a>",2,"h_kp82","2025-10-13 10:53:31",3,379,32,4,0,"What’s growing out of the meteorite rock that fell in Panama?!#news  #breakingnews #us #growing"
"<a href=""https://www.tiktok.com/@lajiaojiang219/video/7560657064796720397"" target=""_blank"" class=""btn btn-sm"" style=""background-color: #00926c; color: white; text-decoration: none; padding: 2px 8px; border-radius: 4px; font-size: 0.8em;"">View Post</a>",2,"lajiaojiang219","2025-10-13 10:52:27",3,1118,48,1,1,"What’s growing out of the meteorite rock that fell in Panama?!#news  #breakingnews #us #growing"
"<a href=""https://www.tiktok.com/@lajiaojiang219/video/7560656953396022583"" target=""_blank"" class=""btn btn-sm"" style=""background-color: #00926c; color: white; text-decoration: none; padding: 2px 8px; border-radius: 4px; font-size: 0.8em;"">View Post</a>",2,"lajiaojiang219","2025-10-13 10:52:08",3,3926,6,0,0,"What’s growing out of the meteorite rock that fell in Panama?!#news  #breakingnews #us #growing"
"<a href=""https://www.tiktok.com/@h_kp82/video/7560521206600895757"" target=""_blank"" class=""btn btn-sm"" style=""background-color: #00926c; color: white; text-decoration: none; padding: 2px 8px; border-radius: 4px; font-size: 0.8em;"">View Post</a>",2,"h_kp82","2025-10-13 02:04:06",3,2598,35,0,0,"What’s growing out of the meteorite rock that fell in Panama?!#news  #breakingnews #us #growing"
"<a href=""https://www.tiktok.com/@lajiaojiang219/video/7560520815796669710"" target=""_blank"" class=""btn btn-sm"" style=""background-color: #00926c; color: white; text-decoration: none; padding: 2px 8px; border-radius: 4px; font-size: 0.8em;"">View Post</a>",2,"lajiaojiang219","2025-10-13 02:02:42",3,3843,24,0,0,"What’s growing out of the meteorite rock that fell in Panama?!#news  #breakingnews #us #growing"
"<a href=""https://www.tiktok.com/@h_kp82/video/7560520717788302647"" target=""_blank"" class=""btn btn-sm"" style=""background-color: #00926c; color: white; text-decoration: none; padding: 2px 8px; border-radius: 4px; font-size: 0.8em;"">View Post</a>",2,"h_kp82","2025-10-13 02:02:13",3,6643,49,0,1,"What’s growing out of the meteorite rock that fell in Panama?!#news  #breakingnews #us #growing"
"<a href=""https://www.tiktok.com/@lajiaojiang219/video/7560520684796005646"" target=""_blank"" class=""btn btn-sm"" style=""background-color: #00926c; color: white; text-decoration: none; padding: 2px 8px; border-radius: 4px; font-size: 0.8em;"">View Post</a>",2,"lajiaojiang219","2025-10-13 02:02:13",3,3539,19,0,0,"What’s growing out of the meteorite rock that fell in Panama?!#news  #breakingnews #us #growing"
"<a href=""https://www.tiktok.com/@ribendongzuo0077/video/7560520681725742391"" target=""_blank"" class=""btn btn-sm"" style=""background-color: #00926c; color: white; text-decoration: none; padding: 2px 8px; border-radius: 4px; font-size: 0.8em;"">View Post</a>",1,"ribendongzuo0077","2025-10-13 02:02:05",3,1012,50,0,0,"What’s growing out of the meteorite rock that fell in Panama?!#news  #breakingnews #us #growing"
"<a href=""https://www.tiktok.com/@doubanjiang310/video/7560519776724880695"" target=""_blank"" class=""btn btn-sm"" style=""background-color: #00926c; color: white; text-decoration: none; padding: 2px 8px; border-radius: 4px; font-size: 0.8em;"">View Post</a>",1,"doubanjiang310","2025-10-13 01:58:32",3,896,4,0,0,"What’s growing out of the meteorite rock that fell in Panama?!#news  #breakingnews #us #growing"
"<a href=""https://www.tiktok.com/@doubanjiang310/video/7560519258682281229"" target=""_blank"" class=""btn btn-sm"" style=""background-color: #00926c; color: white; text-decoration: none; padding: 2px 8px; border-radius: 4px; font-size: 0.8em;"">View Post</a>",1,"doubanjiang310","2025-10-13 01:56:26",3,1056,7,0,0,"What’s growing out of the meteorite rock that fell in Panama?!#news  #breakingnews #us #growing"
"<a href=""https://www.tiktok.com/@huangdoujiang012/video/7560519053421317389"" target=""_blank"" class=""btn btn-sm"" style=""background-color: #00926c; color: white; text-decoration: none; padding: 2px 8px; border-radius: 4px; font-size: 0.8em;"">View Post</a>",1,"huangdoujiang012","2025-10-13 01:55:47",3,358,10,0,0,"What’s growing out of the meteorite rock that fell in Panama?!#news  #breakingnews #us #growing"
"<a href=""https://www.tiktok.com/@huangdoujiang012/video/7560518946651114765"" target=""_blank"" class=""btn btn-sm"" style=""background-color: #00926c; color: white; text-decoration: none; padding: 2px 8px; border-radius: 4px; font-size: 0.8em;"">View Post</a>",1,"huangdoujiang012","2025-10-13 01:55:22",3,833,8,0,0,"What’s growing out of the meteorite rock that fell in Panama?!#news  #breakingnews #us #growing"
