"Account","Network","Unique Shares","Avg Time Between Shares (sec)","Edge Symmetry Score","Degree","Strength","Betweenness","Avg Views","Avg Likes","Avg Comments","Avg Shares"
"<a href=""https://tiktok.com/@01k4d70"" target=""_blank"">@01k4d70</a>",55,6,16.6,1,1,10,0,804.167,38,0.167,0.5
"<a href=""https://tiktok.com/@670xiaiqing"" target=""_blank"">@670xiaiqing</a>",50,3,80,1,1,9,0,269.333,11,0,0.333
"<a href=""https://tiktok.com/@abd.aziz9083"" target=""_blank"">@abd.aziz9083</a>",26,9,56.5,0.875,1,10,0,349.667,9.333,0,1.333
"<a href=""https://tiktok.com/@abdulrahmanahmaad7"" target=""_blank"">@abdulrahmanahmaad7</a>",12,4,75.875,1,2,16,0,2310.25,158.25,25.75,83.5
"<a href=""https://tiktok.com/@adan.stockmank"" target=""_blank"">@adan.stockmank</a>",19,8,53.786,0.929,2,14,0,5457.125,206.625,2.875,6.25
"<a href=""https://tiktok.com/@aedfjdhdtddy"" target=""_blank"">@aedfjdhdtddy</a>",9,9,39.083,0.838,2,21,0,2287.2,164.7,2.2,7.6
"<a href=""https://tiktok.com/@aedhdjcocj"" target=""_blank"">@aedhdjcocj</a>",26,10,56.5,0.875,1,10,0,978.1,22.2,0.1,0.1
"<a href=""https://tiktok.com/@aedjxpxodj"" target=""_blank"">@aedjxpxodj</a>",6,9,42.833,0.795,2,18,0,1593.444,70,1.444,1
"<a href=""https://tiktok.com/@aedvdkodhw"" target=""_blank"">@aedvdkodhw</a>",9,9,43.875,0.722,2,20,0,2243.222,202.111,2.889,4.556
"<a href=""https://tiktok.com/@akkaanav.risksjsg"" target=""_blank"">@akkaanav.risksjsg</a>",43,5,76.286,1,1,7,0,4665.6,54.4,0.4,1.4
"<a href=""https://tiktok.com/@aleuc71"" target=""_blank"">@aleuc71</a>",58,3,43.056,0.8,2,18,0,2971.333,82.333,1.667,1.333
"<a href=""https://tiktok.com/@amazinggirl_120"" target=""_blank"">@amazinggirl_120</a>",51,7,101.625,0.9,2,21,0,473,58.815,3.815,0.926
"<a href=""https://tiktok.com/@anderson.broudy"" target=""_blank"">@anderson.broudy</a>",10,8,66.25,0.833,2,16,0,636.5,41.375,0.25,0.25
"<a href=""https://tiktok.com/@aodidi148"" target=""_blank"">@aodidi148</a>",32,6,62,0.667,1,8,0,897.167,22.5,0.333,0.333
"<a href=""https://tiktok.com/@aynor.ogawa"" target=""_blank"">@aynor.ogawa</a>",43,5,76.286,1,1,7,0,5145.8,57.4,0.2,2
"<a href=""https://tiktok.com/@b_vtost109"" target=""_blank"">@b_vtost109</a>",32,6,50,0.8,1,7,0,2702.833,72.667,0.333,0.667
"<a href=""https://tiktok.com/@baifamm13"" target=""_blank"">@baifamm13</a>",10,10,51.21,0.929,7,67,0,613.7,34.5,0.4,0.6
"<a href=""https://tiktok.com/@bartholomewnancybz1025"" target=""_blank"">@bartholomewnancybz1025</a>",45,6,60.714,1,1,7,0,193.714,31.714,0.571,0.571
"<a href=""https://tiktok.com/@bdbdchhd"" target=""_blank"">@bdbdchhd</a>",1,11,61.405,0.847,3,34,0,25991.273,1077.545,11.273,16.545
"<a href=""https://tiktok.com/@bdpd57"" target=""_blank"">@bdpd57</a>",7,9,35,1,2,26,0,1454.222,58.444,0.778,1.111
"<a href=""https://tiktok.com/@bivydu"" target=""_blank"">@bivydu</a>",11,9,47.611,0.896,4,44,0,1199.222,64.222,1,2.778
"<a href=""https://tiktok.com/@bmc12655"" target=""_blank"">@bmc12655</a>",3,9,62.315,0.863,3,23,0.001,1445.222,52.444,0.333,0.778
"<a href=""https://tiktok.com/@bsbseuo"" target=""_blank"">@bsbseuo</a>",37,9,80.125,0.833,1,8,0,102078.889,4407.667,29.778,50.889
"<a href=""https://tiktok.com/@carmen.vega355"" target=""_blank"">@carmen.vega355</a>",6,6,58.675,0.757,2,16,0,8059.857,102.857,2.429,2.286
"<a href=""https://tiktok.com/@chantalkusch"" target=""_blank"">@chantalkusch</a>",46,7,55.58,0.946,7,68,0,1791.222,107.444,0.556,2.778
"<a href=""https://tiktok.com/@chhvtdy"" target=""_blank"">@chhvtdy</a>",46,9,42.595,0.949,7,77,0,1742.8,137.4,1.1,0.8
"<a href=""https://tiktok.com/@cipk.jpgb"" target=""_blank"">@cipk.jpgb</a>",52,3,43.667,1,1,9,0,908.667,34.667,0,0
"<a href=""https://tiktok.com/@cirila.mccorkle"" target=""_blank"">@cirila.mccorkle</a>",24,8,50.615,0.875,1,13,0,4090.2,76.8,0.5,1
"<a href=""https://tiktok.com/@coco8880877"" target=""_blank"">@coco8880877</a>",4,5,29.143,0.8,1,7,0,1222.25,86.25,1.75,2.125
"<a href=""https://tiktok.com/@coicbf"" target=""_blank"">@coicbf</a>",25,6,43.25,1,1,8,0,474.222,22,0.111,0.333
"<a href=""https://tiktok.com/@crtyougo"" target=""_blank"">@crtyougo</a>",36,10,69.453,0.887,4,37,0,1587.4,100.2,0.6,0.4
"<a href=""https://tiktok.com/@cutedriver120"" target=""_blank"">@cutedriver120</a>",51,4,51.083,0.889,1,24,0,231.839,30.732,3,0.304
"<a href=""https://tiktok.com/@cutequeen_driver120"" target=""_blank"">@cutequeen_driver120</a>",51,21,94.289,0.615,2,37,0,367.63,41.833,3.593,3.593
"<a href=""https://tiktok.com/@d_odbeu124"" target=""_blank"">@d_odbeu124</a>",31,6,47.625,0.857,1,8,0,1408.833,18.667,0,0.5
"<a href=""https://tiktok.com/@daniklieber008"" target=""_blank"">@daniklieber008</a>",10,8,65,1,1,8,0,450.889,18.778,0.444,0.222
"<a href=""https://tiktok.com/@dayutoureddit"" target=""_blank"">@dayutoureddit</a>",11,10,56.77,0.893,7,72,0,2256.9,115.3,10.6,10.5
"<a href=""https://tiktok.com/@debran.oxonrp03"" target=""_blank"">@debran.oxonrp03</a>",44,5,59.286,1,1,7,0,26942.4,410.8,5.8,9.4
"<a href=""https://tiktok.com/@debran.oxonrp81"" target=""_blank"">@debran.oxonrp81</a>",44,5,63,1,2,14,0,52657.2,875.6,11.8,18
"<a href=""https://tiktok.com/@desiderio.momogg"" target=""_blank"">@desiderio.momogg</a>",18,8,64.444,1,1,9,0,3076.125,49.25,0.375,0.75
"<a href=""https://tiktok.com/@dguy8654"" target=""_blank"">@dguy8654</a>",22,9,68.455,0.9,1,11,0,1092.556,62.667,0.778,0.333
"<a href=""https://tiktok.com/@dolloff042"" target=""_blank"">@dolloff042</a>",50,3,80,1,1,9,0,676.333,20.333,0.333,3
"<a href=""https://tiktok.com/@dqrbmytb"" target=""_blank"">@dqrbmytb</a>",52,3,43.667,1,1,9,0,411,6.333,0,0
"<a href=""https://tiktok.com/@dung.tran2322"" target=""_blank"">@dung.tran2322</a>",44,5,66.714,1,1,7,0,2953.8,48.6,0.8,2
"<a href=""https://tiktok.com/@dutiutx"" target=""_blank"">@dutiutx</a>",46,8,61.412,0.951,6,67,0,2669.2,87.4,1.9,0.9
"<a href=""https://tiktok.com/@elvisspencer2003"" target=""_blank"">@elvisspencer2003</a>",27,5,54.714,1,1,7,0,46866.286,1061,16.286,33.143
"<a href=""https://tiktok.com/@eternally36"" target=""_blank"">@eternally36</a>",10,10,47.031,0.897,6,60,0,842.5,40.4,0.6,0.2
"<a href=""https://tiktok.com/@f_kebsu024"" target=""_blank"">@f_kebsu024</a>",31,6,47.241,0.929,2,15,0,1358.167,28.667,0,1.5
"<a href=""https://tiktok.com/@fdijc3"" target=""_blank"">@fdijc3</a>",3,8,64.632,0.958,4,33,0,2236.875,108.375,0.875,2.875
"<a href=""https://tiktok.com/@fecbgf"" target=""_blank"">@fecbgf</a>",49,8,46.17,0.917,2,15,0,10483.625,266.875,2.75,4.875
"<a href=""https://tiktok.com/@fhfg2499"" target=""_blank"">@fhfg2499</a>",8,7,56.5,0.875,1,12,0,1463.125,195.25,2.125,2.625
"<a href=""https://tiktok.com/@fhvdet"" target=""_blank"">@fhvdet</a>",49,7,21.714,1,1,7,0,3040.375,78.625,1,1.875
"<a href=""https://tiktok.com/@ficeuoo"" target=""_blank"">@ficeuoo</a>",34,8,65.778,1,1,9,0,1003.125,39.25,0.375,0.625
"<a href=""https://tiktok.com/@fiutfvjj"" target=""_blank"">@fiutfvjj</a>",24,8,50.615,0.875,1,13,0,1722.125,114.625,1.375,1
"<a href=""https://tiktok.com/@fjgr86434"" target=""_blank"">@fjgr86434</a>",23,9,47.429,0.8,1,7,0,3860,204.4,1.2,2.8
"<a href=""https://tiktok.com/@fkshusjxb"" target=""_blank"">@fkshusjxb</a>",10,9,57.477,0.829,7,67,0,8845.333,77.444,6.556,11.222
"<a href=""https://tiktok.com/@frdg25"" target=""_blank"">@frdg25</a>",11,9,70.879,0.944,2,17,0,1296.444,72.667,0.222,0.667
"<a href=""https://tiktok.com/@fughf21"" target=""_blank"">@fughf21</a>",3,10,55.869,0.91,5,43,0.001,1245.5,70.1,0.5,0.5
"<a href=""https://tiktok.com/@gerkeselen06"" target=""_blank"">@gerkeselen06</a>",21,6,58.714,0.833,1,7,0,13585,236,0.667,1.5
"<a href=""https://tiktok.com/@ggdthij"" target=""_blank"">@ggdthij</a>",1,12,51.631,0.886,3,42,0,1176.667,52.083,5.917,0.5
"<a href=""https://tiktok.com/@ggycyxr"" target=""_blank"">@ggycyxr</a>",10,9,69.393,0.9,2,19,0,469,33,0.333,0.444
"<a href=""https://tiktok.com/@gjbgikh"" target=""_blank"">@gjbgikh</a>",45,7,60.714,1,1,7,0,297.429,11.429,0.429,0
"<a href=""https://tiktok.com/@gksdtirevb"" target=""_blank"">@gksdtirevb</a>",56,7,62.444,0.875,2,36,0,931.375,38.5,0.875,0.125
"<a href=""https://tiktok.com/@guanganfilm"" target=""_blank"">@guanganfilm</a>",27,7,54.714,1,1,7,0,1040,51.143,1.143,1.571
"<a href=""https://tiktok.com/@guerin.ontiverok"" target=""_blank"">@guerin.ontiverok</a>",16,7,56.143,0.833,1,7,0,2237.556,77.778,0.667,0.889
"<a href=""https://tiktok.com/@gxicofj"" target=""_blank"">@gxicofj</a>",13,9,29.556,1,1,9,0,2655.9,105.5,0.8,3.7
"<a href=""https://tiktok.com/@h_lehdi127"" target=""_blank"">@h_lehdi127</a>",31,6,37.679,1,2,15,0,1599.5,24.5,0.167,5.167
"<a href=""https://tiktok.com/@haimchrislyn"" target=""_blank"">@haimchrislyn</a>",4,4,29.143,0.8,1,7,0,2248.111,94.333,2.889,6.556
"<a href=""https://tiktok.com/@hckcudh1"" target=""_blank"">@hckcudh1</a>",8,8,56.5,0.875,1,12,0,1309.875,74.125,0.375,1.5
"<a href=""https://tiktok.com/@hcodifb"" target=""_blank"">@hcodifb</a>",3,10,55.106,0.855,5,43,0.001,903.5,48.4,0.1,0.2
"<a href=""https://tiktok.com/@hdbjx72"" target=""_blank"">@hdbjx72</a>",57,3,42.714,0.8,1,7,0,3186,76.333,1.667,0.667
"<a href=""https://tiktok.com/@hdididh8"" target=""_blank"">@hdididh8</a>",46,8,47.1,0.952,3,28,0,2488.9,157.5,2.3,7.8
"<a href=""https://tiktok.com/@hdifhg5"" target=""_blank"">@hdifhg5</a>",3,10,56.041,0.848,7,56,0.001,2613.7,105.3,2,2.1
"<a href=""https://tiktok.com/@hdkcofh"" target=""_blank"">@hdkcofh</a>",46,8,48.53,0.935,7,68,0,2599.2,181.1,0.8,1
"<a href=""https://tiktok.com/@hdr86575"" target=""_blank"">@hdr86575</a>",29,7,67.875,0.833,1,8,0,1390.667,30.111,0.444,0
"<a href=""https://tiktok.com/@hdryxd"" target=""_blank"">@hdryxd</a>",36,9,50.571,0.929,2,14,0,2137.111,67.333,1,1.889
"<a href=""https://tiktok.com/@hgfryj8745"" target=""_blank"">@hgfryj8745</a>",23,8,47.429,0.8,1,7,0,10490.75,153.75,1,1
"<a href=""https://tiktok.com/@hlffv"" target=""_blank"">@hlffv</a>",7,10,30.15,1,2,23,0,215558.5,9527.5,92.8,76.5
"<a href=""https://tiktok.com/@hsbuz8"" target=""_blank"">@hsbuz8</a>",57,3,42.714,0.8,1,7,0,931,23,0.333,0.667
"<a href=""https://tiktok.com/@hshjrg8647"" target=""_blank"">@hshjrg8647</a>",29,7,67.875,0.833,1,8,0,1525.778,96.333,1.778,1.889
"<a href=""https://tiktok.com/@hsozhs6"" target=""_blank"">@hsozhs6</a>",3,10,70,0.75,1,10,0,991.8,61.1,0.9,0.7
"<a href=""https://tiktok.com/@hsthsu5"" target=""_blank"">@hsthsu5</a>",48,4,37.143,1,1,7,0,2466.556,85,2,0.778
"<a href=""https://tiktok.com/@huiodjio"" target=""_blank"">@huiodjio</a>",36,9,55,0.571,1,7,0,1119.222,105.222,1.444,1.111
"<a href=""https://tiktok.com/@hutse.florom"" target=""_blank"">@hutse.florom</a>",20,9,30,1,1,9,0,6719.333,181.222,1.111,3.556
"<a href=""https://tiktok.com/@hygge8662"" target=""_blank"">@hygge8662</a>",54,6,50.5,1,2,19,0,3087,95.333,1.5,1.5
"<a href=""https://tiktok.com/@irdc042"" target=""_blank"">@irdc042</a>",3,10,63.781,0.883,4,34,0,1995,101.8,0.6,1.7
"<a href=""https://tiktok.com/@jdoxhbd"" target=""_blank"">@jdoxhbd</a>",48,10,48.55,1,2,18,0,1822.5,93.7,1.2,14.9
"<a href=""https://tiktok.com/@jdpdosj"" target=""_blank"">@jdpdosj</a>",46,9,51.32,0.939,6,58,0,2197.1,102.5,1.9,0.6
"<a href=""https://tiktok.com/@jdpxorjf"" target=""_blank"">@jdpxorjf</a>",3,8,64.46,0.938,2,16,0.001,1403.9,68.6,0.6,1.7
"<a href=""https://tiktok.com/@jeiofifuhd"" target=""_blank"">@jeiofifuhd</a>",25,7,43.25,1,1,8,0,1013.5,49.7,0.5,1.8
"<a href=""https://tiktok.com/@jeyciop"" target=""_blank"">@jeyciop</a>",11,9,66.685,0.809,4,39,0,1018.222,31.111,0.667,0.667
"<a href=""https://tiktok.com/@jfkovj5"" target=""_blank"">@jfkovj5</a>",3,6,41.889,1,1,9,0,1871.8,150.9,1.5,2.8
"<a href=""https://tiktok.com/@jfufrehcdh"" target=""_blank"">@jfufrehcdh</a>",46,7,45.179,0.967,5,38,0,1193.778,85.111,0.778,0.889
"<a href=""https://tiktok.com/@jiletu.taniong"" target=""_blank"">@jiletu.taniong</a>",19,7,71,0.857,1,7,0,1230.556,46.111,0.111,4.222
"<a href=""https://tiktok.com/@jipupu184"" target=""_blank"">@jipupu184</a>",30,6,47.556,0.857,1,9,0,742.667,33.167,0.333,0
"<a href=""https://tiktok.com/@jrjfjfjfjfj27"" target=""_blank"">@jrjfjfjfjfj27</a>",41,6,69.286,1,1,7,0,128.333,1.333,0,0
"<a href=""https://tiktok.com/@jubal_movie"" target=""_blank"">@jubal_movie</a>",10,10,55.995,0.942,8,70,0.001,740.2,31.6,3.7,2.5
"<a href=""https://tiktok.com/@juliedouglass2013"" target=""_blank"">@juliedouglass2013</a>",28,5,64.857,0.833,1,7,0,1365.143,80.429,0.714,0.286
"<a href=""https://tiktok.com/@kenitra.angliaf"" target=""_blank"">@kenitra.angliaf</a>",21,8,58.714,0.833,1,7,0,5825.125,173.75,0.375,0.875
"<a href=""https://tiktok.com/@kokokopi72"" target=""_blank"">@kokokopi72</a>",17,9,57.595,0.897,3,23,0,3050.111,103.667,1.111,3.556
"<a href=""https://tiktok.com/@krug011"" target=""_blank"">@krug011</a>",3,10,56.525,0.841,6,47,0.001,988.5,54.6,0.1,0.3
"<a href=""https://tiktok.com/@ktsfyh"" target=""_blank"">@ktsfyh</a>",35,10,79,1,1,8,0,1209.3,71.3,1.4,0.4
"<a href=""https://tiktok.com/@kuhar.clair6"" target=""_blank"">@kuhar.clair6</a>",58,3,31.833,0.9,2,18,0,2681.667,86.667,0,0
"<a href=""https://tiktok.com/@landscape5670"" target=""_blank"">@landscape5670</a>",35,9,79,1,1,8,0,3302.9,277.2,4.9,1.1
"<a href=""https://tiktok.com/@luisina.riihimaki"" target=""_blank"">@luisina.riihimaki</a>",46,8,44.519,0.931,5,44,0,681.1,58.6,0.6,1.3
"<a href=""https://tiktok.com/@magali.unnewehr"" target=""_blank"">@magali.unnewehr</a>",6,8,42.73,0.838,2,16,0,1847.375,72.125,1.625,3.125
"<a href=""https://tiktok.com/@mancilla.sanyang"" target=""_blank"">@mancilla.sanyang</a>",17,8,56.625,0.845,2,15,0,5401.75,81.875,1.5,2.5
"<a href=""https://tiktok.com/@maryreynolds112"" target=""_blank"">@maryreynolds112</a>",9,7,47.458,0.741,2,17,0,2082.6,163.5,3.4,4.3
"<a href=""https://tiktok.com/@mdsdz2"" target=""_blank"">@mdsdz2</a>",1,7,62.955,0.764,3,32,0,22462.833,780.083,62.083,12
"<a href=""https://tiktok.com/@mkieiefff"" target=""_blank"">@mkieiefff</a>",15,5,57.643,1,2,14,0,1807.625,48.5,1.125,1
"<a href=""https://tiktok.com/@nh.phan.qong"" target=""_blank"">@nh.phan.qong</a>",12,8,59.25,1,3,24,0,14559,209.375,4.75,37.75
"<a href=""https://tiktok.com/@nvao.ywjp"" target=""_blank"">@nvao.ywjp</a>",41,3,69.286,1,1,7,0,475,17,0,0
"<a href=""https://tiktok.com/@okgsisnssx"" target=""_blank"">@okgsisnssx</a>",56,9,44.73,0.861,2,43,0,876.667,41.333,0.778,0.222
"<a href=""https://tiktok.com/@pardesi_driver120"" target=""_blank"">@pardesi_driver120</a>",51,14,97.727,0.643,1,22,0,3889.868,283.792,11.849,4.321
"<a href=""https://tiktok.com/@perel.dicktk"" target=""_blank"">@perel.dicktk</a>",16,9,56.143,0.833,1,7,0,3625.111,77.444,1.444,1.556
"<a href=""https://tiktok.com/@plana_b6"" target=""_blank"">@plana_b6</a>",12,6,60.083,1,3,24,0,1622.75,75.875,1.75,1.25
"<a href=""https://tiktok.com/@pleas.raphakk"" target=""_blank"">@pleas.raphakk</a>",17,9,46.286,0.833,1,7,0,3111,103.889,2.222,3.111
"<a href=""https://tiktok.com/@privon14"" target=""_blank"">@privon14</a>",51,23,96.13,0.655,2,37,0,3496.528,268.208,17.358,11.434
"<a href=""https://tiktok.com/@puayes55"" target=""_blank"">@puayes55</a>",10,10,67.129,0.931,11,106,0.001,432.1,35.5,0.9,1.1
"<a href=""https://tiktok.com/@quincyshop08"" target=""_blank"">@quincyshop08</a>",46,5,43.643,0.817,2,14,0,9192,107,2.5,1.3
"<a href=""https://tiktok.com/@r_kerps136"" target=""_blank"">@r_kerps136</a>",30,6,47.556,0.857,1,9,0,1075.167,51.5,0.667,0.333
"<a href=""https://tiktok.com/@risood6"" target=""_blank"">@risood6</a>",11,10,48.802,0.878,6,56,0,1639.8,110.3,3.3,2.8
"<a href=""https://tiktok.com/@rmcbk1"" target=""_blank"">@rmcbk1</a>",49,7,70.625,0.833,1,8,0,18072.875,792.125,12.625,11
"<a href=""https://tiktok.com/@rohingyao"" target=""_blank"">@rohingyao</a>",36,10,62.554,1,2,15,0,862.7,52.4,2.2,0.5
"<a href=""https://tiktok.com/@ruchideacon"" target=""_blank"">@ruchideacon</a>",12,4,51.375,1,2,16,0,3234.3,173.2,2.9,6
"<a href=""https://tiktok.com/@ryllskaya.reddit"" target=""_blank"">@ryllskaya.reddit</a>",10,8,47.028,0.868,9,80,0.001,10641.375,168.125,9.625,6.25
"<a href=""https://tiktok.com/@ryllskayalife7"" target=""_blank"">@ryllskayalife7</a>",10,9,63.488,1,4,42,0,11607.444,64.111,0.556,1.667
"<a href=""https://tiktok.com/@ryllskayaqing"" target=""_blank"">@ryllskayaqing</a>",10,10,58.693,0.93,7,56,0.001,9026.9,100.5,11.3,17.3
"<a href=""https://tiktok.com/@ryllskayazeng"" target=""_blank"">@ryllskayazeng</a>",10,8,59.111,0.952,3,29,0,887,46,4,5.6
"<a href=""https://tiktok.com/@satarajoette"" target=""_blank"">@satarajoette</a>",14,8,57.714,1,1,7,0,2808,144.5,0.6,6.7
"<a href=""https://tiktok.com/@satsyou"" target=""_blank"">@satsyou</a>",39,8,67.8,0.889,1,10,0,6619.25,127.125,5.5,17.125
"<a href=""https://tiktok.com/@sayzxdt"" target=""_blank"">@sayzxdt</a>",11,9,63.012,0.829,7,75,0,1790.778,129.444,2.889,3.556
"<a href=""https://tiktok.com/@shdj1431"" target=""_blank"">@shdj1431</a>",7,9,69.357,0.955,2,22,0,12229.333,274.333,6,36.222
"<a href=""https://tiktok.com/@shotewg"" target=""_blank"">@shotewg</a>",37,10,80.125,0.833,1,8,0,4424.9,104.2,2.7,5
"<a href=""https://tiktok.com/@shvchjds"" target=""_blank"">@shvchjds</a>",39,10,67.8,0.889,1,10,0,2794.8,112.8,2.1,2.5
"<a href=""https://tiktok.com/@stoyouh"" target=""_blank"">@stoyouh</a>",36,10,50.608,0.794,3,28,0,2644.7,85.8,0.9,2.4
"<a href=""https://tiktok.com/@sweet_driver120"" target=""_blank"">@sweet_driver120</a>",51,18,80.348,0.817,3,58,0.001,4514.562,312.729,9.542,10.208
"<a href=""https://tiktok.com/@terry.schmerko"" target=""_blank"">@terry.schmerko</a>",19,6,36.571,1,1,7,0,2101.5,128.667,1,6.833
"<a href=""https://tiktok.com/@text.fc"" target=""_blank"">@text.fc</a>",36,9,62.286,0.833,1,7,0,2882.111,115.444,6.111,1.333
"<a href=""https://tiktok.com/@texthang"" target=""_blank"">@texthang</a>",54,6,42.62,0.863,3,28,0,3938.167,95.5,0.5,2.833
"<a href=""https://tiktok.com/@textpov4"" target=""_blank"">@textpov4</a>",54,6,47,0.938,2,18,0,5098.667,142.5,1.833,3.333
"<a href=""https://tiktok.com/@textstory781"" target=""_blank"">@textstory781</a>",36,9,42.652,0.733,2,15,0,3867.556,139.333,6,2
"<a href=""https://tiktok.com/@textstyo"" target=""_blank"">@textstyo</a>",38,8,48.917,0.889,1,12,0,29227.25,914.375,13.25,14.875
"<a href=""https://tiktok.com/@textwang8"" target=""_blank"">@textwang8</a>",54,6,48.88,0.905,3,25,0,4741,166.5,3.5,9.833
"<a href=""https://tiktok.com/@tguu743"" target=""_blank"">@tguu743</a>",22,9,68.455,0.9,1,11,0,2263.667,57,0.556,0.889
"<a href=""https://tiktok.com/@thuusu7"" target=""_blank"">@thuusu7</a>",11,10,50.335,0.927,6,67,0,1403.9,71,0.6,0.1
"<a href=""https://tiktok.com/@tkkphuc.duy.phan"" target=""_blank"">@tkkphuc.duy.phan</a>",20,7,30,1,1,9,0,1246.667,49.556,0.444,2
"<a href=""https://tiktok.com/@tree59906"" target=""_blank"">@tree59906</a>",1,7,87.125,1,1,8,0,660.556,22,0,0.222
"<a href=""https://tiktok.com/@u_fo176"" target=""_blank"">@u_fo176</a>",33,6,47.875,1,2,16,0,5486.667,78.667,0.5,0.5
"<a href=""https://tiktok.com/@ubhutfrx"" target=""_blank"">@ubhutfrx</a>",3,7,64.778,0.875,1,9,0,19763.889,642.222,3.556,9.333
"<a href=""https://tiktok.com/@udocidh"" target=""_blank"">@udocidh</a>",48,7,43.6,1,1,10,0,1995.625,122.75,0.5,1.25
"<a href=""https://tiktok.com/@uftixru"" target=""_blank"">@uftixru</a>",48,7,45.321,1,2,15,0,10763.667,151.333,0.444,1.333
"<a href=""https://tiktok.com/@uhpdh"" target=""_blank"">@uhpdh</a>",3,5,66.714,1,1,7,0,2185.857,73,0.429,0.286
"<a href=""https://tiktok.com/@user10524814616111"" target=""_blank"">@user10524814616111</a>",40,3,42.667,0.8,1,9,0,559,1.667,0,0
"<a href=""https://tiktok.com/@user1228001708304"" target=""_blank"">@user1228001708304</a>",47,3,73,0.8,1,9,0,323.667,4.333,0,0
"<a href=""https://tiktok.com/@user12381449787278"" target=""_blank"">@user12381449787278</a>",15,4,58.786,1,2,14,0,1017,47.25,0.25,0
"<a href=""https://tiktok.com/@user2201058539802"" target=""_blank"">@user2201058539802</a>",7,10,56.214,0.909,1,14,0,2450,101.1,1.4,2.4
"<a href=""https://tiktok.com/@user31313825076752"" target=""_blank"">@user31313825076752</a>",7,8,49.6,1,3,31,0,2852.625,131.25,2.75,2.75
"<a href=""https://tiktok.com/@user32197034485364"" target=""_blank"">@user32197034485364</a>",40,3,42.667,0.8,1,9,0,366.333,1,0,0
"<a href=""https://tiktok.com/@user3360077055795"" target=""_blank"">@user3360077055795</a>",1,6,48.417,1,2,17,0,30916.667,1326.222,161.778,373.444
"<a href=""https://tiktok.com/@user3592781381163"" target=""_blank"">@user3592781381163</a>",42,3,26.667,1,1,9,0,100.667,1.667,0,0
"<a href=""https://tiktok.com/@user387820624354865"" target=""_blank"">@user387820624354865</a>",5,3,53.125,0.8,1,8,0,2784.667,11.333,0.333,0
"<a href=""https://tiktok.com/@user3933909636681"" target=""_blank"">@user3933909636681</a>",2,8,48.067,0.8,2,24,0,9419.5,553.875,95.75,69.5
"<a href=""https://tiktok.com/@user40869462422482"" target=""_blank"">@user40869462422482</a>",47,3,72.667,0.8,1,9,0,121,2,0,0
"<a href=""https://tiktok.com/@user51678731985597"" target=""_blank"">@user51678731985597</a>",13,9,29.556,1,1,9,0,2393.2,85,0.7,2.5
"<a href=""https://tiktok.com/@user561258203609"" target=""_blank"">@user561258203609</a>",15,4,60,1,2,14,0,1876,47.5,0.25,0
"<a href=""https://tiktok.com/@user5626060056906"" target=""_blank"">@user5626060056906</a>",3,8,57.719,0.844,4,30,0,3023.4,139.1,2.1,1.9
"<a href=""https://tiktok.com/@user5981446244885"" target=""_blank"">@user5981446244885</a>",2,6,28.278,0.9,2,18,0,338.667,27.167,0.5,0
"<a href=""https://tiktok.com/@user6171047885852"" target=""_blank"">@user6171047885852</a>",10,10,48.681,0.936,9,89,0,668.7,28.4,0.4,0.5
"<a href=""https://tiktok.com/@user6245933596514"" target=""_blank"">@user6245933596514</a>",42,3,26.667,1,1,9,0,3069.667,30.667,0,0.333
"<a href=""https://tiktok.com/@user6922385284275"" target=""_blank"">@user6922385284275</a>",3,8,66.143,1,2,14,0.001,4193,141.4,1.5,1.3
"<a href=""https://tiktok.com/@user7037103493086"" target=""_blank"">@user7037103493086</a>",17,7,48.625,0.917,2,15,0,2469.375,87,1,0.5
"<a href=""https://tiktok.com/@user7491401466635"" target=""_blank"">@user7491401466635</a>",2,8,51.44,0.929,2,23,0,1766.444,59.111,2.889,14.667
"<a href=""https://tiktok.com/@user7516190319240"" target=""_blank"">@user7516190319240</a>",10,8,47.619,1,2,16,0,940.125,54.125,1.25,1
"<a href=""https://tiktok.com/@user769357200"" target=""_blank"">@user769357200</a>",34,6,65.778,1,1,9,0,1838.625,66.125,1.5,1.625
"<a href=""https://tiktok.com/@user7813792927012"" target=""_blank"">@user7813792927012</a>",14,10,51.839,0.944,3,22,0,251975.1,11538.8,173,157.5
"<a href=""https://tiktok.com/@user81216778545341"" target=""_blank"">@user81216778545341</a>",2,3,29,0.8,1,9,0,1273.8,59.6,5,1.2
"<a href=""https://tiktok.com/@user83050540275304"" target=""_blank"">@user83050540275304</a>",1,12,57.42,0.811,4,59,0,1017,38.25,1.25,0.083
"<a href=""https://tiktok.com/@user8662190461588"" target=""_blank"">@user8662190461588</a>",2,11,40.412,0.819,3,38,0,11916.286,436.429,14.714,145.714
"<a href=""https://tiktok.com/@user90221768842097"" target=""_blank"">@user90221768842097</a>",11,9,45.893,0.878,6,54,0,2309.444,121.556,1.889,7.333
"<a href=""https://tiktok.com/@user91583145409515"" target=""_blank"">@user91583145409515</a>",47,3,72.833,0.8,2,18,0,38,0,0,0
"<a href=""https://tiktok.com/@user9262051903981"" target=""_blank"">@user9262051903981</a>",10,8,50.548,0.784,6,51,0,926.667,59.444,0.667,1.333
"<a href=""https://tiktok.com/@user9638712240929"" target=""_blank"">@user9638712240929</a>",14,7,41.375,1,1,8,0,2925.286,67.286,1,1.571
"<a href=""https://tiktok.com/@username6652655"" target=""_blank"">@username6652655</a>",51,5,107.333,0.8,1,9,0,204.306,28.25,3.306,0.833
"<a href=""https://tiktok.com/@weck01"" target=""_blank"">@weck01</a>",36,9,51.429,0.857,1,7,0,8100.667,226.333,6.111,1.778
"<a href=""https://tiktok.com/@whvsghvs"" target=""_blank"">@whvsghvs</a>",5,3,53.125,0.8,1,8,0,2055,18,0,0
"<a href=""https://tiktok.com/@windi.suzang"" target=""_blank"">@windi.suzang</a>",18,9,64.444,1,1,9,0,3845.222,121.889,1.889,5.667
"<a href=""https://tiktok.com/@wotext"" target=""_blank"">@wotext</a>",38,8,48.917,0.889,1,12,0,13634,354,5.125,4.25
"<a href=""https://tiktok.com/@wty88731wbc"" target=""_blank"">@wty88731wbc</a>",53,5,43.714,1,1,7,0,3694,165.833,2.667,1.167
"<a href=""https://tiktok.com/@wys88511u0t"" target=""_blank"">@wys88511u0t</a>",53,5,43.714,1,1,7,0,3587.5,152,3.5,3.167
"<a href=""https://tiktok.com/@xiahoudun152"" target=""_blank"">@xiahoudun152</a>",33,6,68.125,0.833,2,16,0,3343.667,77,1.333,1.167
"<a href=""https://tiktok.com/@xiaomisu130"" target=""_blank"">@xiaomisu130</a>",32,4,56,0.733,2,15,0,13800.833,363,3,8
"<a href=""https://tiktok.com/@xiaphuangya47"" target=""_blank"">@xiaphuangya47</a>",10,9,43.521,0.94,8,78,0,689.778,57.444,0.333,0.778
"<a href=""https://tiktok.com/@xxii911"" target=""_blank"">@xxii911</a>",36,10,54.456,0.895,6,49,0.001,1158.4,69.8,1.5,3.7
"<a href=""https://tiktok.com/@xyzpioamm"" target=""_blank"">@xyzpioamm</a>",11,8,61.638,0.944,2,18,0,2300.125,77.875,1,0.25
"<a href=""https://tiktok.com/@y_lebei321"" target=""_blank"">@y_lebei321</a>",31,6,28.5,1,1,8,0,704,19.167,0.333,0.333
"<a href=""https://tiktok.com/@yemeigui236"" target=""_blank"">@yemeigui236</a>",33,5,61,0.833,2,16,0,4902.8,144.8,5,21.2
"<a href=""https://tiktok.com/@yesyes7784"" target=""_blank"">@yesyes7784</a>",10,10,57.048,0.863,8,78,0,1016.3,68.4,0.7,3.8
"<a href=""https://tiktok.com/@yfidifh"" target=""_blank"">@yfidifh</a>",14,10,56.429,0.833,1,7,0,2949.1,105,1.3,9.5
"<a href=""https://tiktok.com/@yourstoryttt"" target=""_blank"">@yourstoryttt</a>",36,10,56.637,1,4,35,0.001,9215.1,171.1,3.6,4.8
"<a href=""https://tiktok.com/@yuwenmovie"" target=""_blank"">@yuwenmovie</a>",28,6,64.857,0.833,1,7,0,591.125,25.5,0.5,0.25
"<a href=""https://tiktok.com/@yyfdtwhtod"" target=""_blank"">@yyfdtwhtod</a>",56,9,40.674,0.861,2,43,0,819.778,29.667,1,0.333
"<a href=""https://tiktok.com/@zgekze"" target=""_blank"">@zgekze</a>",55,6,16.6,1,1,10,0,1004,32.167,0.667,0.667
"<a href=""https://tiktok.com/@zhan3309"" target=""_blank"">@zhan3309</a>",58,3,31.111,0.9,2,18,0,1386,86,0.667,0.667
