"Network","Number of Accounts","Network Density","Network Diameter","Clustering Coefficient","Avg Views","Avg Likes","Avg Comments","Avg Shares","Member Accounts"
1,6,0.533,35,0.562,13322.723,529.723,37.092,56.862,"tree59906, bdbdchhd, mdsdz2, ggdthij, user3360077055795, user83050540275304"
2,5,0.5,33,0.5,6344.833,274.619,24.429,65.095,"user8662190461588, user81216778545341, user5981446244885, user3933909636681, user7491401466635"
3,14,0.253,45,0.494,3130.669,128.143,1.083,1.865,"fughf21, krug011, irdc042, user5626060056906, uhpdh, hdifhg5, bmc12655, jfkovj5, jdpxorjf, ubhutfrx, fdijc3, hcodifb, hsozhs6, user6922385284275"
4,2,1,7,0,1765.353,90.529,2.353,4.471,"haimchrislyn, coco8880877"
5,2,1,8,0,2419.833,14.667,0.167,0,"user387820624354865, whvsghvs"
6,3,1,9,1,3564.125,80.292,1.792,2.083,"magali.unnewehr, carmen.vega355, aedjxpxodj"
7,5,0.5,35,0.5,50566.478,2181.109,22.283,24.935,"hlffv, bdpd57, shdj1431, user2201058539802, user31313825076752"
8,2,1,12,0,1386.5,134.688,1.25,2.062,"fhfg2499, hckcudh1"
9,3,1,12,1,2203,175.897,2.828,5.517,"aedfjdhdtddy, aedvdkodhw, maryreynolds112"
10,17,0.368,31,0.579,2828.608,55.405,2.462,3.272,"eternally36, jubal_movie, ryllskaya.reddit, user6171047885852, xiaphuangya47, fkshusjxb, user9262051903981, puayes55, anderson.broudy, ggycyxr, baifamm13, daniklieber008, user7516190319240, ryllskayaqing, ryllskayalife7, ryllskayazeng, yesyes7784"
11,9,0.611,21,0.713,1685.952,88.675,2.566,3.265,"bivydu, dayutoureddit, user90221768842097, thuusu7, xyzpioamm, jeyciop, sayzxdt, frdg25, risood6"
12,4,0.833,16,0.75,5701.267,154.9,6.133,23.533,"ruchideacon, plana_b6, nh.phan.qong, abdulrahmanahmaad7"
13,2,1,9,0,2524.55,95.25,0.75,3.1,"gxicofj, user51678731985597"
14,4,0.5,15,0,70210.784,3198.757,47.459,47.243,"satarajoette, user7813792927012, user9638712240929, yfidifh"
15,3,1,7,1,1627.062,47.938,0.688,0.5,"mkieiefff, user12381449787278, user561258203609"
16,2,1,7,0,2931.333,77.611,1.056,1.222,"guerin.ontiverok, perel.dicktk"
17,4,0.667,15,0.6,3482.912,94.676,1.471,2.471,"mancilla.sanyang, kokokopi72, pleas.raphakk, user7037103493086"
18,2,1,9,0,3483.294,87.706,1.176,3.353,"desiderio.momogg, windi.suzang"
19,3,0.667,14,0,2927.87,123.478,1.304,5.609,"adan.stockmank, jiletu.taniong, terry.schmerko"
20,2,1,9,0,3983,115.389,0.778,2.778,"hutse.florom, tkkphuc.duy.phan"
21,2,1,7,0,9150.786,200.429,0.5,1.143,"kenitra.angliaf, gerkeselen06"
22,2,1,11,0,1678.111,59.833,0.667,0.611,"dguy8654, tguu743"
23,2,1,7,0,6807,181.889,1.111,2,"hgfryj8745, fjgr86434"
24,2,1,13,0,3037.722,93.611,0.889,1,"cirila.mccorkle, fiutfvjj"
25,2,1,8,0,758.053,36.579,0.316,1.105,"coicbf, jeiofifuhd"
26,2,1,10,0,680.421,16.105,0.053,0.684,"abd.aziz9083, aedhdjcocj"
27,2,1,7,0,23953.143,556.071,8.714,17.357,"elvisspencer2003, guanganfilm"
28,2,1,7,0,952.333,51.133,0.6,0.267,"juliedouglass2013, yuwenmovie"
29,2,1,8,0,1458.222,63.222,1.111,0.944,"hshjrg8647, hdr86575"
30,2,1,9,0,908.917,42.333,0.5,0.167,"r_kerps136, jipupu184"
31,4,0.5,23,0,1267.625,22.75,0.125,1.875,"h_lehdi127, f_kebsu024, d_odbeu124, y_lebei321"
32,3,0.667,15,0,5800.278,152.722,1.222,3,"b_vtost109, aodidi148, xiaomisu130"
33,3,1,8,1,4558.588,97.529,2.118,6.824,"u_fo176, xiahoudun152, yemeigui236"
34,2,1,9,0,1420.875,52.688,0.938,1.125,"ficeuoo, user769357200"
35,2,1,8,0,2256.1,174.25,3.15,0.75,"ktsfyh, landscape5670"
36,10,0.289,33,0.364,3343.611,112.379,2.884,2.011,"crtyougo, huiodjio, rohingyao, xxii911, hdryxd, stoyouh, textstory781, weck01, text.fc, yourstoryttt"
37,2,1,8,0,50682.053,2142.684,15.526,26.737,"bsbseuo, shotewg"
38,2,1,12,0,21430.625,634.188,9.188,9.562,"textstyo, wotext"
39,2,1,10,0,4494.556,119.167,3.611,9,"shvchjds, satsyou"
40,2,1,9,0,462.667,1.333,0,0,"user10524814616111, user32197034485364"
41,2,1,7,0,285.909,8.455,0,0,"nvao.ywjp, jrjfjfjfjfj27"
42,2,1,9,0,1585.167,16.167,0,0.167,"user3592781381163, user6245933596514"
43,2,1,7,0,4905.7,55.9,0.3,1.7,"akkaanav.risksjsg, aynor.ogawa"
44,3,0.667,14,0,27517.8,445,6.133,9.8,"debran.oxonrp03, debran.oxonrp81, dung.tran2322"
45,2,1,7,0,245.571,21.571,0.5,0.286,"gjbgikh, bartholomewnancybz1025"
46,9,0.667,24,0.769,2756.455,114.182,1.398,1.932,"chantalkusch, dutiutx, luisina.riihimaki, jdpdosj, hdkcofh, jfufrehcdh, hdididh8, chhvtdy, quincyshop08"
47,3,0.667,18,0,160.889,2.111,0,0,"user1228001708304, user40869462422482, user91583145409515"
48,4,0.5,25,0,4257.278,112.389,1.056,4.944,"hsthsu5, jdoxhbd, udocidh, uftixru"
49,3,0.667,15,0,10532.292,379.208,5.458,5.917,"fhvdet, rmcbk1, fecbgf"
50,2,1,9,0,472.833,15.667,0.167,1.667,"670xiaiqing, dolloff042"
51,7,0.286,83,0,2021.832,155.511,7.92,4.865,"pardesi_driver120, cutequeen_driver120, cutedriver120, privon14, amazinggirl_120, sweet_driver120, username6652655"
52,2,1,9,0,659.833,20.5,0,0,"cipk.jpgb, dqrbmytb"
53,2,1,7,0,3640.75,158.917,3.083,2.167,"wty88731wbc, wys88511u0t"
54,4,0.833,17,0.75,4216.208,124.958,1.833,4.375,"hygge8662, texthang, textpov4, textwang8"
55,2,1,10,0,904.083,35.083,0.417,0.583,"01k4d70, zgekze"
56,3,1,25,1,873.808,36.423,0.885,0.231,"gksdtirevb, okgsisnssx, yyfdtwhtod"
57,2,1,7,0,2058.5,49.667,1,0.667,"hdbjx72, hsbuz8"
58,3,1,9,1,2346.333,85,0.778,0.667,"aleuc71, kuhar.clair6, zhan3309"
