"Account","Network","Unique Shares","Avg Time Between Shares (sec)","Edge Symmetry Score","Degree","Strength","Betweenness","Avg Views","Avg Likes","Avg Comments","Avg Shares"
"<a href=""https://tiktok.com/@bimaphxu"" target=""_blank"">@bimaphxu</a>",1,6,59.82,1,1,17,0,927,30,0,0
"<a href=""https://tiktok.com/@eapxsl73604"" target=""_blank"">@eapxsl73604</a>",2,4,99.08,0.8,1,13,0,941,4,0,0
"<a href=""https://tiktok.com/@mksmkh42612"" target=""_blank"">@mksmkh42612</a>",2,5,99.08,0.8,1,13,0,1342,7,0,0
"<a href=""https://tiktok.com/@rsxbwzxf"" target=""_blank"">@rsxbwzxf</a>",1,6,59.82,1,1,17,0,758,17,0,0
"<a href=""https://tiktok.com/@user13866749613390"" target=""_blank"">@user13866749613390</a>",6,8,26.77,0.964,2,48,0,1975,31,1,0
"<a href=""https://tiktok.com/@user1392538538860"" target=""_blank"">@user1392538538860</a>",4,6,37.89,1,2,36,0,2213,20,0,0
"<a href=""https://tiktok.com/@user1655672923020"" target=""_blank"">@user1655672923020</a>",3,12,50.52,0.928,6,116,0.002,1305,23,0,0
"<a href=""https://tiktok.com/@user186815388315"" target=""_blank"">@user186815388315</a>",4,8,42.12,0.917,4,69,0,1500,29,0,0
"<a href=""https://tiktok.com/@user2752533925867"" target=""_blank"">@user2752533925867</a>",4,6,40.61,0.972,4,69,0,802,17,0,0
"<a href=""https://tiktok.com/@user2902702201250"" target=""_blank"">@user2902702201250</a>",6,9,26.11,1,2,51,0,1194,23,0,0
"<a href=""https://tiktok.com/@user3399704802070"" target=""_blank"">@user3399704802070</a>",5,5,28.36,0.889,1,11,0,1475,7,0,0
"<a href=""https://tiktok.com/@user3840831842583"" target=""_blank"">@user3840831842583</a>",3,12,68.39,0.921,6,133,0,1307,18,0,0
"<a href=""https://tiktok.com/@user4185990161303"" target=""_blank"">@user4185990161303</a>",4,9,41.35,1,4,78,0,1246,18,0,0
"<a href=""https://tiktok.com/@user4503961859441"" target=""_blank"">@user4503961859441</a>",5,6,28.36,0.889,1,11,0,1434,11,0,1
"<a href=""https://tiktok.com/@user49141232079402"" target=""_blank"">@user49141232079402</a>",4,9,40.09,0.978,5,96,0.007,1200,20,0,0
"<a href=""https://tiktok.com/@user4967199663697"" target=""_blank"">@user4967199663697</a>",3,12,64.7,1,5,80,0.006,1785,25,0,0
"<a href=""https://tiktok.com/@user710495138178"" target=""_blank"">@user710495138178</a>",3,11,61.19,0.824,6,114,0.006,1348,17,0,0
"<a href=""https://tiktok.com/@user7406160207374"" target=""_blank"">@user7406160207374</a>",3,12,60.46,0.862,5,114,0,822,20,0,0
"<a href=""https://tiktok.com/@user75291696174110"" target=""_blank"">@user75291696174110</a>",3,10,68.5,0.827,5,87,0.005,1235,17,0,0
"<a href=""https://tiktok.com/@user8290923196733"" target=""_blank"">@user8290923196733</a>",6,9,25.88,0.964,2,51,0,678,14,0,0
"<a href=""https://tiktok.com/@user87304845050708"" target=""_blank"">@user87304845050708</a>",3,12,67.58,0.948,5,104,0,865,12,0,0
"<a href=""https://tiktok.com/@user8731425528153"" target=""_blank"">@user8731425528153</a>",4,9,40.96,0.978,5,96,0.007,932,14,0,0
