"Network","Number of Accounts","Network Density","Network Diameter","Clustering Coefficient","Avg Views","Avg Likes","Avg Comments","Avg Shares","Member Accounts"
"Network 1: ""Conspiracy Theories Linking CEO, Healthcare, and Pokemon Symbolism""",2,1,17,NA,859.067,24.8,0,0.333,"bimaphxu, rsxbwzxf"
"Network 2: Wedding humor, planning, and storytelling content for future brides.",2,1,13,NA,1123.455,5.091,0.091,0,"eapxsl73604, mksmkh42612"
"Network 3: Humorous lifestyle commentary with podcast and influencer branding.",7,0.905,35,0.882,1238.247,18.8,0.024,0.106,"user7406160207374, user3840831842583, user4967199663697, user710495138178, user1655672923020, user87304845050708, user75291696174110"
"Network 4: ""Humorous podcast clips with viral trends and influencer interactions""",6,0.8,36,0.846,1257.84,19.46,0.06,0.06,"user4185990161303, user2752533925867, user49141232079402, user1392538538860, user186815388315, user8731425528153"
"Network 5: ""Repetitive sensationalized content about Lily Philips' personal life""",2,1,11,NA,1452.727,9.182,0,0.909,"user3399704802070, user4503961859441"
"Network 6: ""School-themed public interviews with repetitive hashtag usage""",3,1,27,1,1255.808,22.385,0.385,0.038,"user2902702201250, user13866749613390, user8290923196733"
