"Account","Network","Unique Shares","Avg Time Between Shares (sec)","Edge Symmetry Score","Degree","Strength","Betweenness","Avg Views","Avg Likes","Avg Comments","Avg Shares"
"<a href=""https://tiktok.com/@1qwdjjd"" target=""_blank"">@1qwdjjd</a>",77,3,45.243,1,2,17,0,1052,38,0.333,0
"<a href=""https://tiktok.com/@1yrogls"" target=""_blank"">@1yrogls</a>",75,4,40.75,1,5,40,0,936.25,31,0.25,0
"<a href=""https://tiktok.com/@adhhrrt"" target=""_blank"">@adhhrrt</a>",32,5,39.625,1,1,8,0,823.8,19.8,0.2,0.2
"<a href=""https://tiktok.com/@aed0267"" target=""_blank"">@aed0267</a>",45,12,66.362,0.878,5,61,0,2415.333,86.5,0.083,0.583
"<a href=""https://tiktok.com/@aed2750"" target=""_blank"">@aed2750</a>",45,8,49.373,0.912,4,43,0,5490.125,72.875,1,1.625
"<a href=""https://tiktok.com/@aed7p4"" target=""_blank"">@aed7p4</a>",11,9,51.833,0.8,1,12,0,5305.889,138,2.222,2.333
"<a href=""https://tiktok.com/@aedfxthg"" target=""_blank"">@aedfxthg</a>",104,7,54.5,1,1,8,0,2104.875,48,3,4.25
"<a href=""https://tiktok.com/@aedgslpxjx"" target=""_blank"">@aedgslpxjx</a>",10,10,49.94,0.869,4,40,0,2069.2,45.2,0.3,0.7
"<a href=""https://tiktok.com/@aedhdici"" target=""_blank"">@aedhdici</a>",3,8,46.2,0.938,2,18,0,1050,49.333,1.667,0.778
"<a href=""https://tiktok.com/@aedhdjcoof"" target=""_blank"">@aedhdjcoof</a>",10,8,73.125,0.917,2,16,0,1058.222,158.222,1.444,2.111
"<a href=""https://tiktok.com/@aedyckctu"" target=""_blank"">@aedyckctu</a>",3,10,53.275,0.938,2,18,0,1500.7,77.3,0.2,1.1
"<a href=""https://tiktok.com/@ajiaie"" target=""_blank"">@ajiaie</a>",108,8,24.042,1,2,20,0,7071.625,169.125,2,3.625
"<a href=""https://tiktok.com/@akksdb4"" target=""_blank"">@akksdb4</a>",108,8,54.5,1,1,8,0,5408,251.375,6.125,1.5
"<a href=""https://tiktok.com/@alanlang42"" target=""_blank"">@alanlang42</a>",2,10,60.5,0.625,1,8,0,3494.4,100.1,0.4,2.3
"<a href=""https://tiktok.com/@ale2r35"" target=""_blank"">@ale2r35</a>",24,6,37.188,0.845,2,16,0,1508.333,44,0.833,2
"<a href=""https://tiktok.com/@aleaa0249"" target=""_blank"">@aleaa0249</a>",24,5,45.8,0.857,1,10,0,508,21.8,0,0
"<a href=""https://tiktok.com/@amkgvx"" target=""_blank"">@amkgvx</a>",55,9,60.924,1,2,29,0,2315.444,38.222,5,1
"<a href=""https://tiktok.com/@arffug"" target=""_blank"">@arffug</a>",111,14,55.176,0.861,3,47,0,4721.143,177.357,0.714,6
"<a href=""https://tiktok.com/@aseng.haymong"" target=""_blank"">@aseng.haymong</a>",54,9,56.382,0.967,3,38,0,2549.778,111,2.111,1.333
"<a href=""https://tiktok.com/@avav11738"" target=""_blank"">@avav11738</a>",81,6,53.909,1,1,11,0,3727.125,66.875,0.375,2.75
"<a href=""https://tiktok.com/@avelina.asucen"" target=""_blank"">@avelina.asucen</a>",74,5,29.658,0.905,3,26,0,1389,79.2,0.4,1
"<a href=""https://tiktok.com/@ayden.riverad"" target=""_blank"">@ayden.riverad</a>",4,10,54.236,0.902,4,34,0,2651.6,168.4,2.7,2.6
"<a href=""https://tiktok.com/@baifamm13"" target=""_blank"">@baifamm13</a>",87,9,88,1,1,8,0,840.667,73.111,1.222,0.667
"<a href=""https://tiktok.com/@baomeijing67"" target=""_blank"">@baomeijing67</a>",93,4,48,1,1,8,0,974.25,63.75,1.75,6.75
"<a href=""https://tiktok.com/@battl.kray"" target=""_blank"">@battl.kray</a>",46,11,53.326,0.92,7,98,0,11269.727,130.273,0.364,1.091
"<a href=""https://tiktok.com/@baxor3828"" target=""_blank"">@baxor3828</a>",77,3,57.25,1,3,24,0,2118,135.333,0.333,0.667
"<a href=""https://tiktok.com/@bbjqnch"" target=""_blank"">@bbjqnch</a>",52,7,52.767,0.889,2,19,0,4172.75,240.25,3,2.375
"<a href=""https://tiktok.com/@bcc662"" target=""_blank"">@bcc662</a>",28,4,29.5,1,1,8,0,1488,58.25,1,0
"<a href=""https://tiktok.com/@bdhjddbjrjej"" target=""_blank"">@bdhjddbjrjej</a>",97,12,60.951,1,7,66,0,644,4.25,0.167,1.583
"<a href=""https://tiktok.com/@be.jkigv"" target=""_blank"">@be.jkigv</a>",1,9,61.925,0.9,5,46,0,878.111,48.333,5.556,0.333
"<a href=""https://tiktok.com/@beatricedennispo2018"" target=""_blank"">@beatricedennispo2018</a>",43,6,12.5,1,1,8,0,1127.1,60.9,0.4,2.1
"<a href=""https://tiktok.com/@benedossie2"" target=""_blank"">@benedossie2</a>",46,13,55.527,0.894,8,121,0,24345.923,576.077,4.077,43.308
"<a href=""https://tiktok.com/@berez.paulo"" target=""_blank"">@berez.paulo</a>",21,6,48.427,0.944,2,21,0,1101.167,38.667,0.333,0
"<a href=""https://tiktok.com/@bfihc"" target=""_blank"">@bfihc</a>",3,9,66.7,0.833,1,10,0,1694.6,82.3,0.4,0.7
"<a href=""https://tiktok.com/@bipiqo"" target=""_blank"">@bipiqo</a>",111,15,72.249,0.971,7,147,0,1615.133,87.867,0.2,0.8
"<a href=""https://tiktok.com/@bixukf"" target=""_blank"">@bixukf</a>",80,4,16,1,1,8,0,1780.75,90.75,1,0.25
"<a href=""https://tiktok.com/@bkot6010"" target=""_blank"">@bkot6010</a>",63,8,71.625,0.917,2,24,0,1062.222,44.889,0.111,8.667
"<a href=""https://tiktok.com/@bmc12655"" target=""_blank"">@bmc12655</a>",1,8,41.849,0.899,5,46,0,2120.556,121.444,0.667,1.444
"<a href=""https://tiktok.com/@bpgarp"" target=""_blank"">@bpgarp</a>",111,16,66.718,0.852,5,159,0,560.75,17.438,0,0.062
"<a href=""https://tiktok.com/@bsjj8797"" target=""_blank"">@bsjj8797</a>",13,9,49.565,0.944,5,73,0,754.444,24.889,0,0.111
"<a href=""https://tiktok.com/@bsyg2865"" target=""_blank"">@bsyg2865</a>",16,6,52.329,0.942,4,40,0,509.833,16.5,0.333,0
"<a href=""https://tiktok.com/@buslmigf7dn"" target=""_blank"">@buslmigf7dn</a>",24,6,51.525,0.845,2,18,0,2198.167,68.833,0.5,0.333
"<a href=""https://tiktok.com/@bvoo3130"" target=""_blank"">@bvoo3130</a>",62,12,81.936,0.921,5,115,0,2171.75,55.417,0.083,0.167
"<a href=""https://tiktok.com/@bxecxotdjfrvi"" target=""_blank"">@bxecxotdjfrvi</a>",94,4,33.5,1,1,8,0,1212,60.75,2.25,12.25
"<a href=""https://tiktok.com/@bxkke4723"" target=""_blank"">@bxkke4723</a>",79,6,48.649,0.921,6,73,0,2853.333,66.667,0.667,0.333
"<a href=""https://tiktok.com/@bxuzba"" target=""_blank"">@bxuzba</a>",74,5,30.863,0.845,2,18,0,381.6,12.4,0,0.2
"<a href=""https://tiktok.com/@byppp.text11"" target=""_blank"">@byppp.text11</a>",95,4,34.5,1,1,8,0,1825,123,7.5,24.5
"<a href=""https://tiktok.com/@cagnhd"" target=""_blank"">@cagnhd</a>",7,10,57.208,0.918,8,83,0,1866.8,102.5,1.7,0.6
"<a href=""https://tiktok.com/@cainima888"" target=""_blank"">@cainima888</a>",13,9,47.405,0.965,5,89,0,820.889,27.111,0.778,2.111
"<a href=""https://tiktok.com/@carbloggera"" target=""_blank"">@carbloggera</a>",13,10,47.898,0.968,5,93,0,719,26,0.2,0.5
"<a href=""https://tiktok.com/@carlos.alberto.al886"" target=""_blank"">@carlos.alberto.al886</a>",54,9,52.129,0.958,3,36,0,11818.667,213.778,2.889,2.556
"<a href=""https://tiktok.com/@cbjf05"" target=""_blank"">@cbjf05</a>",4,10,58.125,0.903,3,29,0,1879.3,67.4,1.1,0.6
"<a href=""https://tiktok.com/@ccvoyrnu"" target=""_blank"">@ccvoyrnu</a>",101,6,52.2,1,1,10,0,3520.5,25.667,0.167,7.5
"<a href=""https://tiktok.com/@cfdc18"" target=""_blank"">@cfdc18</a>",45,12,51.42,0.889,5,77,0,2818.154,81.154,0.385,0.846
"<a href=""https://tiktok.com/@chantalkusch"" target=""_blank"">@chantalkusch</a>",1,8,46.219,0.883,4,36,0,2143.667,163.667,1.222,0.556
"<a href=""https://tiktok.com/@chdg050"" target=""_blank"">@chdg050</a>",38,7,61.069,0.866,2,17,0,4688,151.857,1.429,4.714
"<a href=""https://tiktok.com/@chduc6"" target=""_blank"">@chduc6</a>",77,3,53.125,1,1,8,0,136.333,0,0,0
"<a href=""https://tiktok.com/@china_cutegirl22"" target=""_blank"">@china_cutegirl22</a>",84,6,103.5,0.25,1,8,0,277.417,24.625,1.125,1.042
"<a href=""https://tiktok.com/@chummi_queen1"" target=""_blank"">@chummi_queen1</a>",82,9,90.235,0.817,2,23,0,1602.4,96.2,7.7,2.25
"<a href=""https://tiktok.com/@cihohsqwfi"" target=""_blank"">@cihohsqwfi</a>",33,6,49.409,0.929,2,22,0,705.167,20.167,0,0.167
"<a href=""https://tiktok.com/@ciojkb"" target=""_blank"">@ciojkb</a>",66,6,19.389,0.94,5,90,0,789.6,22.133,0.067,0.067
"<a href=""https://tiktok.com/@cjdjfcn"" target=""_blank"">@cjdjfcn</a>",74,6,41.765,0.881,5,44,0,1259.833,83.5,0.333,0.333
"<a href=""https://tiktok.com/@cjsllfd"" target=""_blank"">@cjsllfd</a>",34,4,57.5,1,1,8,0,903,25.75,0,0
"<a href=""https://tiktok.com/@cjur6297"" target=""_blank"">@cjur6297</a>",70,3,28.333,1,1,9,0,1056.667,58.333,0.333,0.667
"<a href=""https://tiktok.com/@clirr5282"" target=""_blank"">@clirr5282</a>",68,5,57.996,1,2,23,0,799.2,107.4,0.4,0.6
"<a href=""https://tiktok.com/@cmhftwltxeactv"" target=""_blank"">@cmhftwltxeactv</a>",96,4,58.5,1,1,8,0,2318,162.75,15,18.5
"<a href=""https://tiktok.com/@cnatk3189"" target=""_blank"">@cnatk3189</a>",75,4,31.5,0.857,1,8,0,1432.25,77.25,0.25,0
"<a href=""https://tiktok.com/@cnbchj1"" target=""_blank"">@cnbchj1</a>",103,6,47,1,1,8,0,1772,57.125,0.75,0.5
"<a href=""https://tiktok.com/@coirf88774"" target=""_blank"">@coirf88774</a>",67,3,42.333,1,2,18,0,1032.833,97.833,0.5,1.333
"<a href=""https://tiktok.com/@courr1227"" target=""_blank"">@courr1227</a>",67,3,29.833,1,2,18,0,1065.667,41.5,0.333,0.833
"<a href=""https://tiktok.com/@crtyougo"" target=""_blank"">@crtyougo</a>",7,9,57.518,0.884,10,112,0,1291.667,66.444,1.111,0.111
"<a href=""https://tiktok.com/@cuong.trankk"" target=""_blank"">@cuong.trankk</a>",61,8,70.25,0.667,1,8,0,7083.625,107.625,2.375,2.125
"<a href=""https://tiktok.com/@cute_queen7102"" target=""_blank"">@cute_queen7102</a>",83,10,86.769,0.5,1,13,0,947.75,86.75,7.583,2.5
"<a href=""https://tiktok.com/@cutedriver120"" target=""_blank"">@cutedriver120</a>",83,6,86.769,0.5,1,13,0,115.679,20.643,0.929,0.143
"<a href=""https://tiktok.com/@cutequeen_driver120"" target=""_blank"">@cutequeen_driver120</a>",82,8,92.636,0.833,1,11,0,532.229,48.886,3.943,0.943
"<a href=""https://tiktok.com/@cvjbvgujh"" target=""_blank"">@cvjbvgujh</a>",97,9,55.707,0.963,3,31,0,1997.222,16.889,0,2.444
"<a href=""https://tiktok.com/@cvljri"" target=""_blank"">@cvljri</a>",110,3,61.111,1,3,27,0,110,1.333,0,0
"<a href=""https://tiktok.com/@czhc.bkyd"" target=""_blank"">@czhc.bkyd</a>",100,6,56.75,1,2,16,0,2.167,0,0,0
"<a href=""https://tiktok.com/@czjqveftycqikq"" target=""_blank"">@czjqveftycqikq</a>",90,3,40.5,1,1,8,0,936.333,59.333,2,4
"<a href=""https://tiktok.com/@dayutoureddit"" target=""_blank"">@dayutoureddit</a>",87,8,52.389,0.929,4,35,0,1582.125,135.75,1.75,1.25
"<a href=""https://tiktok.com/@dddgggg63"" target=""_blank"">@dddgggg63</a>",60,9,54.481,0.863,3,33,0,1989,53.889,2.333,0.556
"<a href=""https://tiktok.com/@dddunkkftacnib"" target=""_blank"">@dddunkkftacnib</a>",93,4,65.25,1,1,8,0,1980,48.5,13,0.5
"<a href=""https://tiktok.com/@ddeaxmelj72"" target=""_blank"">@ddeaxmelj72</a>",29,4,27.25,1,1,8,0,1245.5,33.75,0.5,1
"<a href=""https://tiktok.com/@debran.oxonrp00"" target=""_blank"">@debran.oxonrp00</a>",11,9,51.833,0.8,1,12,0,3015.778,88.222,0.444,1.333
"<a href=""https://tiktok.com/@dell.oswink"" target=""_blank"">@dell.oswink</a>",51,8,51.667,0.714,1,9,0,4797.778,130.111,0.444,0.556
"<a href=""https://tiktok.com/@dghhg372"" target=""_blank"">@dghhg372</a>",105,6,69.222,1,4,33,0,11338.167,596.167,2,13.833
"<a href=""https://tiktok.com/@dhdjuehiehrh"" target=""_blank"">@dhdjuehiehrh</a>",87,4,23,1,2,16,0,2688.5,88.75,0.5,0.25
"<a href=""https://tiktok.com/@dhhi6645"" target=""_blank"">@dhhi6645</a>",69,4,48.683,0.733,2,22,0,1353,65.333,0.5,0.333
"<a href=""https://tiktok.com/@dhjwn82"" target=""_blank"">@dhjwn82</a>",61,4,70.25,0.667,1,8,0,11545.429,282.571,9,2.571
"<a href=""https://tiktok.com/@dijx3903"" target=""_blank"">@dijx3903</a>",62,12,67.936,0.869,4,116,0,1844.917,44,0.25,0.417
"<a href=""https://tiktok.com/@diusdn13"" target=""_blank"">@diusdn13</a>",71,8,33.12,0.952,3,27,0,1032.75,25.875,0.25,0.125
"<a href=""https://tiktok.com/@djm9r"" target=""_blank"">@djm9r</a>",40,6,60.125,0.857,1,8,0,1370,83.5,1,1.5
"<a href=""https://tiktok.com/@djskgikeejk8"" target=""_blank"">@djskgikeejk8</a>",49,8,55.684,0.692,1,19,0,6237.143,181.286,3.286,42.786
"<a href=""https://tiktok.com/@drape.ivoe"" target=""_blank"">@drape.ivoe</a>",50,8,58.7,0.857,1,10,0,4680.625,175.375,0.75,1.625
"<a href=""https://tiktok.com/@drgd8391"" target=""_blank"">@drgd8391</a>",62,9,56.579,0.926,3,56,0,1580,64.083,0.25,1.417
"<a href=""https://tiktok.com/@dsnomp"" target=""_blank"">@dsnomp</a>",71,7,24.556,0.866,2,19,0,1021.75,36.25,0.75,0.5
"<a href=""https://tiktok.com/@dtbtcc8"" target=""_blank"">@dtbtcc8</a>",111,15,66.523,0.863,6,156,0,1717.8,82.533,0.467,0.667
"<a href=""https://tiktok.com/@dthh824"" target=""_blank"">@dthh824</a>",47,12,52.166,0.85,4,100,0,9852.667,140.333,1.917,4.917
"<a href=""https://tiktok.com/@dtkwod"" target=""_blank"">@dtkwod</a>",7,9,55.736,0.898,7,87,0,4010.444,165,1.778,1
"<a href=""https://tiktok.com/@dtxijq"" target=""_blank"">@dtxijq</a>",113,6,22.572,0.976,6,73,0,396,15,0.5,0.167
"<a href=""https://tiktok.com/@duuff30"" target=""_blank"">@duuff30</a>",75,4,28.45,1,5,40,0,1369.25,46,2.25,0.25
"<a href=""https://tiktok.com/@dxvfsc"" target=""_blank"">@dxvfsc</a>",104,5,54.5,1,1,8,0,8866.875,92.625,2.875,9.75
"<a href=""https://tiktok.com/@edchii0"" target=""_blank"">@edchii0</a>",97,11,68.651,1,3,27,0,184.417,1.833,0,1
"<a href=""https://tiktok.com/@eiej4325"" target=""_blank"">@eiej4325</a>",62,7,68.536,0.806,3,43,0,292.429,13.429,0.857,0.571
"<a href=""https://tiktok.com/@elvistrevelyan0204"" target=""_blank"">@elvistrevelyan0204</a>",37,6,68.5,1,1,12,0,1350.3,51.6,1,1.2
"<a href=""https://tiktok.com/@emory.drawehj"" target=""_blank"">@emory.drawehj</a>",53,7,57.25,0.857,2,16,0,1372.778,48.222,1.222,0.556
"<a href=""https://tiktok.com/@eqmhqf"" target=""_blank"">@eqmhqf</a>",111,14,72.349,0.857,7,125,0,1122.133,31,0.2,0.333
"<a href=""https://tiktok.com/@eqxela7"" target=""_blank"">@eqxela7</a>",113,5,19.778,1,5,53,0,798.8,27.4,1,0.4
"<a href=""https://tiktok.com/@evfdmzl"" target=""_blank"">@evfdmzl</a>",80,4,16,1,1,8,0,2487.5,196.5,0.5,0.5
"<a href=""https://tiktok.com/@eyidk5"" target=""_blank"">@eyidk5</a>",106,7,50.396,0.897,3,30,0,1035.143,78.143,1.571,0.571
"<a href=""https://tiktok.com/@fauy8466"" target=""_blank"">@fauy8466</a>",3,10,88.042,1,2,20,0,1412.5,72.9,0.2,1.1
"<a href=""https://tiktok.com/@fbnggg2"" target=""_blank"">@fbnggg2</a>",109,6,66.3,0.833,1,10,0,1464.667,98.833,1.333,0.5
"<a href=""https://tiktok.com/@fcjjv86"" target=""_blank"">@fcjjv86</a>",10,10,61.312,0.958,6,55,0,1576.4,112.5,0.1,0.5
"<a href=""https://tiktok.com/@fcvbvv57"" target=""_blank"">@fcvbvv57</a>",97,11,58.44,0.981,6,52,0,3317.167,36.333,1.083,15.833
"<a href=""https://tiktok.com/@fdijc3"" target=""_blank"">@fdijc3</a>",1,7,60.58,0.902,4,34,0,8399.111,189.444,2.111,2.778
"<a href=""https://tiktok.com/@fduic5"" target=""_blank"">@fduic5</a>",10,8,56.258,0.948,6,60,0,10311.1,131.4,4.9,1.2
"<a href=""https://tiktok.com/@fevkuiq"" target=""_blank"">@fevkuiq</a>",25,5,70.875,1,2,16,0,1537,35,0.4,0.4
"<a href=""https://tiktok.com/@fgijg467"" target=""_blank"">@fgijg467</a>",108,8,50.25,1,2,24,0,1191.875,83.375,1.25,1.25
"<a href=""https://tiktok.com/@fgjbgf4688"" target=""_blank"">@fgjbgf4688</a>",94,4,45.625,1,2,16,0,982,111,3.25,2.75
"<a href=""https://tiktok.com/@fgzvj"" target=""_blank"">@fgzvj</a>",103,4,47,1,1,8,0,2252.667,47.167,1.667,4.167
"<a href=""https://tiktok.com/@fhda78402"" target=""_blank"">@fhda78402</a>",62,12,55.955,0.972,3,100,0,1246.333,92.833,0.75,0.25
"<a href=""https://tiktok.com/@fhggf28"" target=""_blank"">@fhggf28</a>",36,4,47.5,1,1,8,0,867.75,37.25,0.25,0.25
"<a href=""https://tiktok.com/@fhkundshunk"" target=""_blank"">@fhkundshunk</a>",8,9,31.792,0.929,2,21,0,3569.6,6.9,0,0.1
"<a href=""https://tiktok.com/@fhuc22"" target=""_blank"">@fhuc22</a>",15,9,47.637,0.9,3,47,0,972.111,27.889,0.778,1.111
"<a href=""https://tiktok.com/@fhvf210"" target=""_blank"">@fhvf210</a>",22,9,32.85,0.867,4,54,0,1078.222,43.667,1.778,3.778
"<a href=""https://tiktok.com/@fhxk1941"" target=""_blank"">@fhxk1941</a>",63,6,56.542,1,2,21,0,1473.5,71.833,0.5,1.583
"<a href=""https://tiktok.com/@fiir2712"" target=""_blank"">@fiir2712</a>",70,3,56.667,1,2,18,0,294.667,11.667,0,0
"<a href=""https://tiktok.com/@fijglhhj"" target=""_blank"">@fijglhhj</a>",30,6,53.042,0.929,2,17,0,530.833,16.167,0.167,0
"<a href=""https://tiktok.com/@fjcjbho58"" target=""_blank"">@fjcjbho58</a>",79,6,54.808,1,4,38,0,1547.667,38.333,0.333,0
"<a href=""https://tiktok.com/@fjhfjfgjchjghfhjj"" target=""_blank"">@fjhfjfgjchjghfhjj</a>",87,6,44.375,0.845,2,16,0,736.333,34.5,0.333,0
"<a href=""https://tiktok.com/@fjjgdvx"" target=""_blank"">@fjjgdvx</a>",6,10,53.24,0.91,4,40,0,16013.2,395.7,6,18.1
"<a href=""https://tiktok.com/@fjyukfjjf"" target=""_blank"">@fjyukfjjf</a>",42,7,48.25,0.9,1,12,0,940.429,81.286,1.143,0.143
"<a href=""https://tiktok.com/@fkir2290"" target=""_blank"">@fkir2290</a>",70,3,85,1,1,9,0,469.667,70.333,0.333,0
"<a href=""https://tiktok.com/@fklpls0ch5"" target=""_blank"">@fklpls0ch5</a>",9,6,67.625,1,1,8,0,5022.833,217.667,2.5,0.5
"<a href=""https://tiktok.com/@frd7456"" target=""_blank"">@frd7456</a>",34,4,57.5,1,1,8,0,816,22.25,0,0
"<a href=""https://tiktok.com/@fsjoxkf"" target=""_blank"">@fsjoxkf</a>",2,9,60.5,0.625,1,8,0,2388.778,140.222,0.778,1.333
"<a href=""https://tiktok.com/@fughf21"" target=""_blank"">@fughf21</a>",1,10,58.109,0.953,7,75,0,1886.6,114.6,3.2,2.3
"<a href=""https://tiktok.com/@fulknm"" target=""_blank"">@fulknm</a>",105,6,53.556,1,3,28,0,1338.833,50.667,2.333,2.333
"<a href=""https://tiktok.com/@g.in.cgn"" target=""_blank"">@g.in.cgn</a>",74,4,37.5,1,1,8,0,1016.25,55,0.25,1.75
"<a href=""https://tiktok.com/@gckcj4"" target=""_blank"">@gckcj4</a>",3,10,54.14,0.967,5,42,0,2142.9,79.5,0.1,1
"<a href=""https://tiktok.com/@gclqse"" target=""_blank"">@gclqse</a>",111,6,67.4,0.833,1,15,0,636.8,19.733,0,0.067
"<a href=""https://tiktok.com/@gdjdi63"" target=""_blank"">@gdjdi63</a>",106,5,61.519,1,3,27,0,1245.8,42.8,0.8,0.2
"<a href=""https://tiktok.com/@gduhx01"" target=""_blank"">@gduhx01</a>",10,9,50.806,0.887,4,34,0,1492.1,117,0.8,0.2
"<a href=""https://tiktok.com/@geievertu8"" target=""_blank"">@geievertu8</a>",40,8,54.442,0.915,3,28,0,608.75,29.125,0.5,0.5
"<a href=""https://tiktok.com/@gf.nj97"" target=""_blank"">@gf.nj97</a>",40,6,58.737,0.857,2,18,0,2641.667,313.167,7.833,5.833
"<a href=""https://tiktok.com/@gfg6705"" target=""_blank"">@gfg6705</a>",22,6,36.34,0.93,3,41,0,1070.333,28.667,1.5,1
"<a href=""https://tiktok.com/@gfjch34"" target=""_blank"">@gfjch34</a>",38,8,63.889,0.857,1,9,0,2570.778,173.778,5.778,14.222
"<a href=""https://tiktok.com/@ggg.hgfc"" target=""_blank"">@ggg.hgfc</a>",4,9,63.25,0.857,1,8,0,18908.6,383.8,2.1,4.2
"<a href=""https://tiktok.com/@ggih3179"" target=""_blank"">@ggih3179</a>",16,10,53.679,0.896,5,63,0,622.9,24.1,0,0.5
"<a href=""https://tiktok.com/@ghebdts"" target=""_blank"">@ghebdts</a>",108,8,36.875,1,2,16,0,2020.125,114.875,0.875,1.125
"<a href=""https://tiktok.com/@gheoe8"" target=""_blank"">@gheoe8</a>",105,8,45,0.875,2,28,0,32194.375,1935.5,9.625,27.75
"<a href=""https://tiktok.com/@ghhj8554"" target=""_blank"">@ghhj8554</a>",62,12,78.099,0.861,2,37,0,3209.583,61.5,0.167,1.083
"<a href=""https://tiktok.com/@gigigjj"" target=""_blank"">@gigigjj</a>",33,6,50.727,0.929,2,22,0,713,24.333,0,0.5
"<a href=""https://tiktok.com/@giopgfv"" target=""_blank"">@giopgfv</a>",30,7,61.653,0.929,2,19,0,309,6.286,0,0.429
"<a href=""https://tiktok.com/@givi0331"" target=""_blank"">@givi0331</a>",63,6,58.944,1,3,30,0,371.083,11.167,0.083,0.167
"<a href=""https://tiktok.com/@gjbgikh"" target=""_blank"">@gjbgikh</a>",37,6,68.5,1,1,12,0,1159.8,55.9,2.6,2.7
"<a href=""https://tiktok.com/@gjgkgg0"" target=""_blank"">@gjgkgg0</a>",35,4,63,1,1,8,0,479.25,8.5,0,0
"<a href=""https://tiktok.com/@gjguq6894"" target=""_blank"">@gjguq6894</a>",68,6,54.883,0.917,2,25,0,7892.167,154,0.833,5.333
"<a href=""https://tiktok.com/@gjhg8047"" target=""_blank"">@gjhg8047</a>",62,3,71.667,1,3,27,0,393.333,6,0,0
"<a href=""https://tiktok.com/@gkkfykjb"" target=""_blank"">@gkkfykjb</a>",33,6,39.864,1,2,22,0,799.833,27.5,0,0.333
"<a href=""https://tiktok.com/@gohdr4367"" target=""_blank"">@gohdr4367</a>",79,3,52.444,1,3,27,0,2154,64.333,0.333,0
"<a href=""https://tiktok.com/@gour2295"" target=""_blank"">@gour2295</a>",67,7,41.389,0.917,3,30,0,999.857,51.857,0.571,0.429
"<a href=""https://tiktok.com/@goxwwtn"" target=""_blank"">@goxwwtn</a>",72,6,40.5,1,1,8,0,23677.333,1156.5,5,2.333
"<a href=""https://tiktok.com/@gutieyy7"" target=""_blank"">@gutieyy7</a>",42,8,48.25,0.9,1,12,0,2005,145.875,0.5,0.375
"<a href=""https://tiktok.com/@gxhx514"" target=""_blank"">@gxhx514</a>",79,4,60.552,0.804,4,35,0,550.5,16.75,0,0
"<a href=""https://tiktok.com/@hcuwiea"" target=""_blank"">@hcuwiea</a>",71,5,21,0.875,1,10,0,9983.2,45,2.6,0.4
"<a href=""https://tiktok.com/@hdbjx72"" target=""_blank"">@hdbjx72</a>",22,9,29.185,0.9,3,44,0,1315,30.556,0.111,0.333
"<a href=""https://tiktok.com/@hdhxh3484"" target=""_blank"">@hdhxh3484</a>",10,7,48.176,0.905,3,29,0,2995,57.375,0.625,0.625
"<a href=""https://tiktok.com/@hdicok57"" target=""_blank"">@hdicok57</a>",114,8,27.727,0.875,1,11,0,15555.222,743.444,12.667,5.444
"<a href=""https://tiktok.com/@hdidkser0"" target=""_blank"">@hdidkser0</a>",41,8,56.625,1,1,8,0,3263.5,159,0.375,1.625
"<a href=""https://tiktok.com/@hdmjwo1"" target=""_blank"">@hdmjwo1</a>",111,3,60.689,1,5,44,0,666.308,22,0.231,0.231
"<a href=""https://tiktok.com/@hdryxd"" target=""_blank"">@hdryxd</a>",7,8,70.421,0.865,4,40,0,3129.556,103.444,12.667,5.889
"<a href=""https://tiktok.com/@hdxj59"" target=""_blank"">@hdxj59</a>",107,8,24.667,1,2,24,0,2951.25,89.125,0.875,1.625
"<a href=""https://tiktok.com/@hfigi61"" target=""_blank"">@hfigi61</a>",114,6,27.727,0.875,1,11,0,5589.875,117.875,4.375,0.875
"<a href=""https://tiktok.com/@hgidsi"" target=""_blank"">@hgidsi</a>",79,6,58.369,1,3,30,0,2391,66.667,0.167,0.833
"<a href=""https://tiktok.com/@hhgghj8866"" target=""_blank"">@hhgghj8866</a>",94,4,43.5,1,2,16,0,1636.75,133.5,1.5,11.25
"<a href=""https://tiktok.com/@hidouo"" target=""_blank"">@hidouo</a>",111,14,69.224,0.903,7,106,0,997.733,24.933,0.067,0.467
"<a href=""https://tiktok.com/@hkmdrr"" target=""_blank"">@hkmdrr</a>",109,6,66.3,0.833,1,10,0,2284.667,108.667,1.333,2
"<a href=""https://tiktok.com/@hlflflflfh"" target=""_blank"">@hlflflflfh</a>",100,6,55.5,0.938,2,16,0,36.667,0.333,0,0
"<a href=""https://tiktok.com/@hltuoq"" target=""_blank"">@hltuoq</a>",111,14,69.585,0.931,4,81,0,1947.214,73.357,0.643,1.071
"<a href=""https://tiktok.com/@hojdmc"" target=""_blank"">@hojdmc</a>",66,15,20.636,0.94,5,144,0,1386.6,191,0.6,1.267
"<a href=""https://tiktok.com/@houri.enriqk"" target=""_blank"">@houri.enriqk</a>",57,8,38.846,1,1,13,0,1359.75,27.125,0.375,0.25
"<a href=""https://tiktok.com/@hrsy60677"" target=""_blank"">@hrsy60677</a>",69,6,49.81,0.778,3,41,0,1285.5,51.5,0.667,3.667
"<a href=""https://tiktok.com/@hryfeucmuql"" target=""_blank"">@hryfeucmuql</a>",96,4,58.5,1,1,8,0,4090.5,212.75,8,23.5
"<a href=""https://tiktok.com/@hsbuz8"" target=""_blank"">@hsbuz8</a>",23,7,41.202,1,2,25,0,1122.1,54.6,0.3,0.1
"<a href=""https://tiktok.com/@hullen.nguyen"" target=""_blank"">@hullen.nguyen</a>",4,9,55.193,0.911,3,27,0,1589.444,56.556,0.333,0.222
"<a href=""https://tiktok.com/@hurrryu"" target=""_blank"">@hurrryu</a>",105,6,56.667,1,3,32,0,3017.333,101.333,1.5,4.333
"<a href=""https://tiktok.com/@huydhfhyyxd"" target=""_blank"">@huydhfhyyxd</a>",48,7,34.709,0.845,2,21,0,51301.143,524,9.286,2.857
"<a href=""https://tiktok.com/@huyen.nguyenm"" target=""_blank"">@huyen.nguyenm</a>",56,7,51.75,1,1,8,0,2035.667,44.889,1.444,0.778
"<a href=""https://tiktok.com/@hvtcan"" target=""_blank"">@hvtcan</a>",71,6,24.5,1,1,10,0,1278.375,63.25,0.625,0.25
"<a href=""https://tiktok.com/@hwvrok"" target=""_blank"">@hwvrok</a>",76,4,41.5,1,1,8,0,1097.25,32.5,1.25,0.25
"<a href=""https://tiktok.com/@hylioooyyy"" target=""_blank"">@hylioooyyy</a>",36,4,47.5,1,1,8,0,1280.25,50.5,0,0.75
"<a href=""https://tiktok.com/@hzhdhs"" target=""_blank"">@hzhdhs</a>",75,4,28.5,1,1,8,0,911.25,62.75,0.75,0
"<a href=""https://tiktok.com/@ididu034"" target=""_blank"">@ididu034</a>",39,6,55,1,1,11,0,8310.667,133.333,5,9.167
"<a href=""https://tiktok.com/@idpeoc"" target=""_blank"">@idpeoc</a>",111,13,67.54,0.78,6,132,0,1738.308,43.231,0.231,0.462
"<a href=""https://tiktok.com/@ifrt2705"" target=""_blank"">@ifrt2705</a>",65,8,9.375,1,1,8,0,1695,45.625,0.25,0.375
"<a href=""https://tiktok.com/@igdigsdp"" target=""_blank"">@igdigsdp</a>",30,6,57.182,1,1,11,0,760.333,24.333,0.167,1.167
"<a href=""https://tiktok.com/@iiuu553"" target=""_blank"">@iiuu553</a>",47,14,54.418,0.912,4,108,0,56288.5,843.643,1.643,8.143
"<a href=""https://tiktok.com/@ilges.estelwei"" target=""_blank"">@ilges.estelwei</a>",53,6,65.625,0.857,1,8,0,2676.625,49.75,1.125,1.25
"<a href=""https://tiktok.com/@injjzxvr"" target=""_blank"">@injjzxvr</a>",102,8,24.545,0.889,1,11,0,2346.889,16.778,0.667,6.556
"<a href=""https://tiktok.com/@irdc042"" target=""_blank"">@irdc042</a>",1,10,56.628,0.908,7,75,0,4233.7,134.9,1.2,1.8
"<a href=""https://tiktok.com/@isce0690"" target=""_blank"">@isce0690</a>",63,12,67.099,1,7,81,0,956.333,60.917,0,0.25
"<a href=""https://tiktok.com/@isge0853"" target=""_blank"">@isge0853</a>",63,12,61.41,0.972,6,74,0,325.333,9.833,0.083,0.083
"<a href=""https://tiktok.com/@isgs5669"" target=""_blank"">@isgs5669</a>",63,6,66.956,1,3,33,0,293.667,10.333,0,0.083
"<a href=""https://tiktok.com/@itsstj2"" target=""_blank"">@itsstj2</a>",105,8,43.119,0.958,3,38,0,1294.125,87.75,0.625,0.375
"<a href=""https://tiktok.com/@iuwgeh"" target=""_blank"">@iuwgeh</a>",106,7,59.981,0.944,3,27,0,1743.571,62.143,2.571,0.143
"<a href=""https://tiktok.com/@iuy7640"" target=""_blank"">@iuy7640</a>",107,7,33.875,1,2,20,0,1917.714,78.286,1.714,0.429
"<a href=""https://tiktok.com/@izbktlfq"" target=""_blank"">@izbktlfq</a>",97,8,55.71,0.949,5,45,0,673.833,3.917,0,0.083
"<a href=""https://tiktok.com/@j.uv586"" target=""_blank"">@j.uv586</a>",21,6,54.427,0.938,2,21,0,1247,45.833,0.167,0.167
"<a href=""https://tiktok.com/@jackie.bradley45"" target=""_blank"">@jackie.bradley45</a>",92,4,51.75,1,1,8,0,1094,56.25,4.75,5
"<a href=""https://tiktok.com/@jajsjsn56"" target=""_blank"">@jajsjsn56</a>",45,15,66.411,0.936,5,90,0,2629.267,50.667,0.133,1
"<a href=""https://tiktok.com/@jccj44506"" target=""_blank"">@jccj44506</a>",62,9,64.077,0.866,4,52,0,626.583,37.083,0.583,0.583
"<a href=""https://tiktok.com/@jdjsbs94"" target=""_blank"">@jdjsbs94</a>",78,4,31,1,1,8,0,33974.5,1348.75,5.5,3
"<a href=""https://tiktok.com/@jdkckcj2"" target=""_blank"">@jdkckcj2</a>",4,9,57.441,0.857,3,29,0,7971.778,142,1.667,4.667
"<a href=""https://tiktok.com/@jdpdosj"" target=""_blank"">@jdpdosj</a>",1,9,47.636,0.913,4,43,0,502,21.778,0.556,0.111
"<a href=""https://tiktok.com/@jdpxorjf"" target=""_blank"">@jdpxorjf</a>",1,10,48.254,0.868,9,92,0,2621.1,169.5,0.3,0.6
"<a href=""https://tiktok.com/@jecxsz"" target=""_blank"">@jecxsz</a>",113,6,22.556,0.971,6,73,0,560.667,34.167,1.833,0.667
"<a href=""https://tiktok.com/@jfdd653"" target=""_blank"">@jfdd653</a>",3,8,55.258,0.938,4,40,0,1851.6,62.7,0.2,0.5
"<a href=""https://tiktok.com/@jfkovj5"" target=""_blank"">@jfkovj5</a>",1,8,57.124,0.958,3,27,0,2225,123.25,1.5,1.75
"<a href=""https://tiktok.com/@jfufrehcdh"" target=""_blank"">@jfufrehcdh</a>",1,7,54.458,0.857,3,24,0,1936.143,186,1.571,0.714
"<a href=""https://tiktok.com/@jjdjdd911"" target=""_blank"">@jjdjdd911</a>",31,6,40.7,1,1,10,0,769.667,16,0.167,0.167
"<a href=""https://tiktok.com/@jkdkj"" target=""_blank"">@jkdkj</a>",30,6,49.231,0.952,3,25,0,321.167,8.833,0.167,0
"<a href=""https://tiktok.com/@jkuy0534"" target=""_blank"">@jkuy0534</a>",62,8,64.651,0.79,4,55,0,1212.75,44.75,0.75,0.75
"<a href=""https://tiktok.com/@jshszh6382"" target=""_blank"">@jshszh6382</a>",74,8,40.625,1,2,16,0,2902.75,77.375,0.875,0.125
"<a href=""https://tiktok.com/@jsosjxj8"" target=""_blank"">@jsosjxj8</a>",1,7,76.5,0.75,1,8,0,3697.571,115,1,0.857
"<a href=""https://tiktok.com/@jspsns3"" target=""_blank"">@jspsns3</a>",105,6,58.648,1,3,33,0,4653.5,194.833,1.667,2
"<a href=""https://tiktok.com/@jtcytxyzey"" target=""_blank"">@jtcytxyzey</a>",1,10,62.528,0.918,4,38,0,5593.1,146.9,2.2,1.8
"<a href=""https://tiktok.com/@jvhb240"" target=""_blank"">@jvhb240</a>",45,12,54.25,0.88,5,80,0,2770.786,65.929,0.214,1.071
"<a href=""https://tiktok.com/@jvtvc3"" target=""_blank"">@jvtvc3</a>",47,12,55.41,0.845,4,79,0,2631.333,67.917,1.083,1.25
"<a href=""https://tiktok.com/@kacbr2774"" target=""_blank"">@kacbr2774</a>",75,6,29.667,0.976,7,56,0,1485.5,53.667,0.833,0.5
"<a href=""https://tiktok.com/@kamlisarkar_0"" target=""_blank"">@kamlisarkar_0</a>",85,9,88.071,0.8,1,14,0,647.765,49.059,5.882,1.059
"<a href=""https://tiktok.com/@kellygallacher0930"" target=""_blank"">@kellygallacher0930</a>",43,5,12.5,1,1,8,0,8258.556,114.556,1.111,2
"<a href=""https://tiktok.com/@kfbfol"" target=""_blank"">@kfbfol</a>",112,5,56.857,0.833,1,14,0,121.2,12,0,0.2
"<a href=""https://tiktok.com/@khanh.phukhh"" target=""_blank"">@khanh.phukhh</a>",54,9,45.547,0.925,3,36,0,2855.333,52.111,1.333,0.778
"<a href=""https://tiktok.com/@khfbou"" target=""_blank"">@khfbou</a>",66,6,17.633,0.98,5,90,0,851.25,17.833,0.083,0.167
"<a href=""https://tiktok.com/@klsier"" target=""_blank"">@klsier</a>",111,3,57.858,1,5,44,0,112,6.667,0,0
"<a href=""https://tiktok.com/@krug011"" target=""_blank"">@krug011</a>",1,8,57.396,0.871,5,43,0,2743.375,200.25,1.625,1.75
"<a href=""https://tiktok.com/@ktsfyh"" target=""_blank"">@ktsfyh</a>",7,10,53.407,0.914,11,142,0,1891.1,121.8,2.1,2.3
"<a href=""https://tiktok.com/@kubjij"" target=""_blank"">@kubjij</a>",66,6,18.967,0.96,5,90,0,746.667,100.6,0.667,0.4
"<a href=""https://tiktok.com/@kuhar.clair6"" target=""_blank"">@kuhar.clair6</a>",22,5,31.4,0.778,1,10,0,954,30,0.429,2.429
"<a href=""https://tiktok.com/@labubu5252"" target=""_blank"">@labubu5252</a>",93,4,52.167,1,3,24,0,4275.25,177.25,8.5,28
"<a href=""https://tiktok.com/@labubu535353"" target=""_blank"">@labubu535353</a>",93,4,43.25,1,1,8,0,3973.75,120,3.75,6.25
"<a href=""https://tiktok.com/@laicai.reddit"" target=""_blank"">@laicai.reddit</a>",95,4,34.5,1,1,8,0,2566.25,186.75,10.5,18
"<a href=""https://tiktok.com/@landscape5670"" target=""_blank"">@landscape5670</a>",7,10,55.846,0.918,10,125,0,3956.8,247,1.6,5.1
"<a href=""https://tiktok.com/@lanora.haskely"" target=""_blank"">@lanora.haskely</a>",54,9,55.202,0.933,3,46,0,2048.889,48.778,0.778,0.444
"<a href=""https://tiktok.com/@lawgray3"" target=""_blank"">@lawgray3</a>",46,9,47.085,0.938,7,83,0,1957.333,60,0.333,0.778
"<a href=""https://tiktok.com/@ldaphc"" target=""_blank"">@ldaphc</a>",113,6,22.288,0.976,6,73,0,497.833,25.833,0,0.167
"<a href=""https://tiktok.com/@lekpow"" target=""_blank"">@lekpow</a>",111,9,57.2,1,1,15,0,251.667,6.222,0,0
"<a href=""https://tiktok.com/@lhodsrr"" target=""_blank"">@lhodsrr</a>",30,6,52.847,1,2,17,0,312.833,7.333,0,0
"<a href=""https://tiktok.com/@lhqitc"" target=""_blank"">@lhqitc</a>",111,11,66.107,0.96,5,51,0,1337.733,30.6,0.067,0.067
"<a href=""https://tiktok.com/@lin689668987"" target=""_blank"">@lin689668987</a>",8,4,37.583,0.857,1,12,0,1312.75,72.25,1.75,10.125
"<a href=""https://tiktok.com/@liyonyonlll"" target=""_blank"">@liyonyonlll</a>",35,4,63,1,1,8,0,1265.75,44.5,0.75,0.25
"<a href=""https://tiktok.com/@ljpjvh"" target=""_blank"">@ljpjvh</a>",76,6,25,1,2,20,0,7834,167.5,1.667,0.5
"<a href=""https://tiktok.com/@lnppoe"" target=""_blank"">@lnppoe</a>",110,12,73.41,0.958,3,53,0,7101.75,95.75,4.667,5.5
"<a href=""https://tiktok.com/@luisina.riihimaki"" target=""_blank"">@luisina.riihimaki</a>",1,8,60.5,0.722,2,18,0,1206.75,141.125,0.75,0.625
"<a href=""https://tiktok.com/@lxjjc"" target=""_blank"">@lxjjc</a>",10,8,66.5,0.875,1,8,0,2248.625,77.375,1.875,12.875
"<a href=""https://tiktok.com/@mamaepzkynvd"" target=""_blank"">@mamaepzkynvd</a>",91,3,47.5,0.8,1,8,0,323.75,20.25,2,1.75
"<a href=""https://tiktok.com/@mancievert"" target=""_blank"">@mancievert</a>",58,7,48.25,0.667,1,8,0,2600.333,81.333,1.111,1.222
"<a href=""https://tiktok.com/@mariencassano"" target=""_blank"">@mariencassano</a>",48,8,41.175,0.792,2,22,0,5382,40,1.1,0.4
"<a href=""https://tiktok.com/@marjoriecarrie0525"" target=""_blank"">@marjoriecarrie0525</a>",12,4,85,1,1,8,0,892.5,38.4,0.3,2.7
"<a href=""https://tiktok.com/@markryan688"" target=""_blank"">@markryan688</a>",60,8,48.913,0.944,2,23,0,768.625,28,1,0
"<a href=""https://tiktok.com/@mdsdz2"" target=""_blank"">@mdsdz2</a>",49,10,55.684,0.692,1,19,0,24081.571,872,33.929,14.643
"<a href=""https://tiktok.com/@mendhejeheje"" target=""_blank"">@mendhejeheje</a>",97,11,57.482,0.937,6,55,0,3399.083,30.5,0.167,23.083
"<a href=""https://tiktok.com/@mmhpbybt"" target=""_blank"">@mmhpbybt</a>",102,7,82.222,0.875,1,9,0,2618.111,29.556,6.667,0.667
"<a href=""https://tiktok.com/@mnbub4"" target=""_blank"">@mnbub4</a>",55,5,50.889,1,1,9,0,1221.111,15.667,0.333,0.222
"<a href=""https://tiktok.com/@monalisa7988"" target=""_blank"">@monalisa7988</a>",16,10,48.724,0.911,5,71,0,793.3,25.1,0.3,0.3
"<a href=""https://tiktok.com/@mong.khuu"" target=""_blank"">@mong.khuu</a>",12,10,41.146,0.938,2,20,0,1022.6,32.9,0.5,1
"<a href=""https://tiktok.com/@monta.karlak"" target=""_blank"">@monta.karlak</a>",56,7,51.75,1,1,8,0,10162.778,298.667,3.111,2.889
"<a href=""https://tiktok.com/@msfsgvsvcsdfsadsa"" target=""_blank"">@msfsgvsvcsdfsadsa</a>",25,5,62.5,1,1,8,0,751.4,27,0.4,0.4
"<a href=""https://tiktok.com/@mulask57"" target=""_blank"">@mulask57</a>",16,9,51.295,0.851,4,47,0,649.222,17.889,0.444,0
"<a href=""https://tiktok.com/@mxvgdscsdfvcsdfsd"" target=""_blank"">@mxvgdscsdfvcsdfsd</a>",25,5,79.25,1,1,8,0,786.6,32.8,0.2,0.2
"<a href=""https://tiktok.com/@ncaqusztvgl"" target=""_blank"">@ncaqusztvgl</a>",111,3,56.861,1,4,36,0,112.667,1.333,0,0
"<a href=""https://tiktok.com/@ncjfhyrsdj"" target=""_blank"">@ncjfhyrsdj</a>",75,4,31.3,1,5,40,0,981.25,31,0.5,0
"<a href=""https://tiktok.com/@ncsfo3287"" target=""_blank"">@ncsfo3287</a>",75,4,26.95,1,5,40,0,1347.25,64.25,1.5,0.25
"<a href=""https://tiktok.com/@ndmsl15"" target=""_blank"">@ndmsl15</a>",106,6,64.005,0.929,2,20,0,29503.833,696.833,14.5,12
"<a href=""https://tiktok.com/@nfjsk12"" target=""_blank"">@nfjsk12</a>",108,8,57.5,1,1,16,0,3398.125,127.25,1.875,1.75
"<a href=""https://tiktok.com/@nfyk.emma"" target=""_blank"">@nfyk.emma</a>",12,10,66.833,0.938,2,20,0,1597.2,40.5,1,1.8
"<a href=""https://tiktok.com/@ngdxnyj"" target=""_blank"">@ngdxnyj</a>",106,5,60.875,1,1,8,0,1539.6,75.2,2.1,2.3
"<a href=""https://tiktok.com/@nhfr48186js"" target=""_blank"">@nhfr48186js</a>",29,4,27.25,1,1,8,0,1365.25,28,3.75,17.25
"<a href=""https://tiktok.com/@nidaye81"" target=""_blank"">@nidaye81</a>",79,6,53.668,0.946,7,80,0,3451,73.5,0.5,0.167
"<a href=""https://tiktok.com/@niyebuya"" target=""_blank"">@niyebuya</a>",60,9,57.129,0.768,3,30,0,18368.778,365.889,8,2.778
"<a href=""https://tiktok.com/@objlhmtjemu"" target=""_blank"">@objlhmtjemu</a>",112,6,56.857,0.833,1,14,0,2190.533,35.333,0.067,0.6
"<a href=""https://tiktok.com/@oeivoppc"" target=""_blank"">@oeivoppc</a>",97,11,46.14,0.939,3,28,0,1348.25,12.167,0.083,13.083
"<a href=""https://tiktok.com/@okay11732"" target=""_blank"">@okay11732</a>",62,12,61.27,0.904,4,77,0,1177.25,53.833,0.75,0.417
"<a href=""https://tiktok.com/@oklhhrmwpaurg"" target=""_blank"">@oklhhrmwpaurg</a>",91,3,47.5,0.8,1,8,0,202,9.333,0.333,0
"<a href=""https://tiktok.com/@oljclk"" target=""_blank"">@oljclk</a>",76,6,8.5,1,1,12,0,1131.833,19,0.333,0
"<a href=""https://tiktok.com/@omi.poni0"" target=""_blank"">@omi.poni0</a>",15,11,44.651,0.935,3,58,0,1056.273,38.182,0.273,1.727
"<a href=""https://tiktok.com/@onikacaylie"" target=""_blank"">@onikacaylie</a>",12,9,33.625,1,1,8,0,1375.3,37.9,0.9,4.9
"<a href=""https://tiktok.com/@opgse4909"" target=""_blank"">@opgse4909</a>",79,6,51.366,0.962,7,81,0,16443,440.714,3,1.571
"<a href=""https://tiktok.com/@osb.remo"" target=""_blank"">@osb.remo</a>",46,12,55.101,0.93,8,113,0,5548.833,100.167,1.833,23.417
"<a href=""https://tiktok.com/@oshasg"" target=""_blank"">@oshasg</a>",105,6,51.75,1,3,24,0,1579.667,86.667,2.167,2.333
"<a href=""https://tiktok.com/@oxkympku"" target=""_blank"">@oxkympku</a>",101,6,52.2,1,1,10,0,2611.333,14.333,0.167,25.833
"<a href=""https://tiktok.com/@pbpktw"" target=""_blank"">@pbpktw</a>",111,15,73.911,0.919,7,164,0,996.467,39,0.333,0.267
"<a href=""https://tiktok.com/@pcufgt6"" target=""_blank"">@pcufgt6</a>",72,4,40.5,1,1,8,0,1003.5,47.5,1,0.75
"<a href=""https://tiktok.com/@pehcpohz"" target=""_blank"">@pehcpohz</a>",102,9,53.384,0.882,2,20,0,1704.778,14.556,1.889,1.111
"<a href=""https://tiktok.com/@phong.ngoc76"" target=""_blank"">@phong.ngoc76</a>",59,9,49.125,1,1,8,0,7651.8,92.8,3.1,1.5
"<a href=""https://tiktok.com/@pjk3357"" target=""_blank"">@pjk3357</a>",52,9,48.488,0.926,3,30,0,1413.5,86.6,0.5,0.2
"<a href=""https://tiktok.com/@plaqebfzf07"" target=""_blank"">@plaqebfzf07</a>",82,8,88.78,0.8,2,23,0,720.824,57.441,4.5,5.735
"<a href=""https://tiktok.com/@prbnac"" target=""_blank"">@prbnac</a>",111,3,73.319,1,3,26,0,134.333,0.333,0,0
"<a href=""https://tiktok.com/@prtnr8"" target=""_blank"">@prtnr8</a>",41,7,56.625,1,1,8,0,2957.429,101,1.429,0.571
"<a href=""https://tiktok.com/@puhrra"" target=""_blank"">@puhrra</a>",111,15,61.642,0.916,6,122,0,1138.4,65.733,0.267,0.8
"<a href=""https://tiktok.com/@purnialesh45"" target=""_blank"">@purnialesh45</a>",57,9,38.846,1,1,13,0,1627.889,47.333,1.333,0.333
"<a href=""https://tiktok.com/@pxibi018"" target=""_blank"">@pxibi018</a>",23,7,48.098,0.938,2,29,0,1390.571,46.286,0.714,0.857
"<a href=""https://tiktok.com/@qdcieh"" target=""_blank"">@qdcieh</a>",66,15,18.489,0.972,5,144,0,1311.133,98.933,0.467,0.067
"<a href=""https://tiktok.com/@qigqtm"" target=""_blank"">@qigqtm</a>",111,3,59.289,1,5,45,0,111.667,1.333,0,0
"<a href=""https://tiktok.com/@quincyshop08"" target=""_blank"">@quincyshop08</a>",1,9,62.263,0.909,5,50,0,855.444,60.889,0.667,0
"<a href=""https://tiktok.com/@ququ.anhag"" target=""_blank"">@ququ.anhag</a>",55,7,66.083,1,1,12,0,1191.222,12,0.778,0.667
"<a href=""https://tiktok.com/@qvcka2481"" target=""_blank"">@qvcka2481</a>",79,5,42.531,0.846,4,46,0,906.2,38.2,0,0
"<a href=""https://tiktok.com/@reddit.vztwo"" target=""_blank"">@reddit.vztwo</a>",13,9,44.914,0.943,5,82,0,966,16.556,0.333,0.889
"<a href=""https://tiktok.com/@reddit1bs"" target=""_blank"">@reddit1bs</a>",16,7,54.015,0.921,3,31,0,915.556,29.333,0.444,0.111
"<a href=""https://tiktok.com/@reddit_grayson99"" target=""_blank"">@reddit_grayson99</a>",66,15,20.384,0.992,5,144,0,5147.067,174.333,0.4,0.6
"<a href=""https://tiktok.com/@reddit_ignatius8"" target=""_blank"">@reddit_ignatius8</a>",110,12,69.459,1,3,60,0,5839.25,90,10.083,18.333
"<a href=""https://tiktok.com/@redditstory667"" target=""_blank"">@redditstory667</a>",52,7,49.444,1,1,9,0,1234.286,51.286,2.571,0.143
"<a href=""https://tiktok.com/@reddittext48"" target=""_blank"">@reddittext48</a>",81,7,53.909,1,1,11,0,2040,44.889,0.556,1.444
"<a href=""https://tiktok.com/@redreddit48"" target=""_blank"">@redreddit48</a>",52,7,42.576,1,2,20,0,11232.889,341,1,1.222
"<a href=""https://tiktok.com/@rfgfghf1"" target=""_blank"">@rfgfghf1</a>",48,7,46.284,0.804,2,23,0,22718.444,154.778,4.111,1.667
"<a href=""https://tiktok.com/@rhzpbjoqixj"" target=""_blank"">@rhzpbjoqixj</a>",92,4,51.75,1,1,8,0,741.75,48.5,1.25,3.5
"<a href=""https://tiktok.com/@rohingyao"" target=""_blank"">@rohingyao</a>",7,9,56.141,0.884,10,117,0,2996.4,103.3,2.5,1.4
"<a href=""https://tiktok.com/@rosacasey65"" target=""_blank"">@rosacasey65</a>",40,7,53.237,0.802,2,18,0,1679,128.143,1.429,1.429
"<a href=""https://tiktok.com/@rubin.mervy8"" target=""_blank"">@rubin.mervy8</a>",46,5,64.8,0.909,4,36,0,1012.4,28.6,0.2,0.8
"<a href=""https://tiktok.com/@rvfdcpqmerituj"" target=""_blank"">@rvfdcpqmerituj</a>",94,4,49.625,1,2,16,0,881,43,1.75,4
"<a href=""https://tiktok.com/@ryllskayaqing"" target=""_blank"">@ryllskayaqing</a>",44,8,38.125,0.875,1,8,0,7515.4,309.4,3.1,1
"<a href=""https://tiktok.com/@sasapco"" target=""_blank"">@sasapco</a>",7,9,54.523,0.932,8,93,0,1723.222,174,0.889,0.222
"<a href=""https://tiktok.com/@satsyou"" target=""_blank"">@satsyou</a>",6,7,41.444,0.875,1,9,0,5125,165,2.75,5
"<a href=""https://tiktok.com/@scqf.cvdv"" target=""_blank"">@scqf.cvdv</a>",100,6,66.875,0.938,2,16,0,8.667,0,0,0
"<a href=""https://tiktok.com/@seile.rian"" target=""_blank"">@seile.rian</a>",46,8,52.163,0.899,7,82,0,2850.5,39,5.8,15.3
"<a href=""https://tiktok.com/@sfagnd"" target=""_blank"">@sfagnd</a>",105,6,64.713,1,3,25,0,2712.333,97,1.167,2.333
"<a href=""https://tiktok.com/@sharleen.howard"" target=""_blank"">@sharleen.howard</a>",10,8,42.576,0.964,4,36,0,1633.75,122.125,1,3
"<a href=""https://tiktok.com/@shbsdd2"" target=""_blank"">@shbsdd2</a>",110,12,66.938,0.958,3,52,0,8537.25,173.833,16.667,19.917
"<a href=""https://tiktok.com/@shgj33"" target=""_blank"">@shgj33</a>",10,7,34.556,1,1,9,0,1535.125,57.125,0.5,0.25
"<a href=""https://tiktok.com/@shuj977"" target=""_blank"">@shuj977</a>",14,7,54.189,0.875,2,19,0,876.625,30.25,0.5,0.75
"<a href=""https://tiktok.com/@shuy742"" target=""_blank"">@shuy742</a>",13,8,50.512,0.929,5,80,0,739.778,22.778,0.556,0
"<a href=""https://tiktok.com/@shvchjds"" target=""_blank"">@shvchjds</a>",6,10,49.897,0.921,3,32,0,4161.3,216.1,1.7,1
"<a href=""https://tiktok.com/@skunk.robinsong"" target=""_blank"">@skunk.robinsong</a>",50,8,58.7,0.857,1,10,0,1628.125,130.25,0.75,0.625
"<a href=""https://tiktok.com/@snoshsj"" target=""_blank"">@snoshsj</a>",75,4,27.65,1,5,40,0,1795,62,0.5,0.25
"<a href=""https://tiktok.com/@sqifhw"" target=""_blank"">@sqifhw</a>",111,14,65.525,0.919,5,101,0,1336.933,59.067,0.067,0.267
"<a href=""https://tiktok.com/@stoyouh"" target=""_blank"">@stoyouh</a>",7,10,59.246,0.919,10,116,0,2193.6,113.5,0.9,2.3
"<a href=""https://tiktok.com/@stvhfhj"" target=""_blank"">@stvhfhj</a>",6,10,54.231,0.958,3,30,0,4682.9,119.3,7.6,13
"<a href=""https://tiktok.com/@sug7994"" target=""_blank"">@sug7994</a>",13,6,48.195,0.917,5,61,0,681.5,21.5,0.167,0.167
"<a href=""https://tiktok.com/@sumroo.786"" target=""_blank"">@sumroo.786</a>",84,8,103.5,0.25,1,8,0,116.389,5.5,0.444,0
"<a href=""https://tiktok.com/@sun.lilym"" target=""_blank"">@sun.lilym</a>",53,6,48.875,0.857,1,8,0,799.625,63.125,0.875,0
"<a href=""https://tiktok.com/@sush0240"" target=""_blank"">@sush0240</a>",65,8,9.375,1,1,8,0,1988.778,44.222,0.556,0.333
"<a href=""https://tiktok.com/@susv0936"" target=""_blank"">@susv0936</a>",63,9,71.075,0.967,5,58,0,2826.167,49.333,0,0.167
"<a href=""https://tiktok.com/@tessh95"" target=""_blank"">@tessh95</a>",105,6,70.139,1,5,45,0,1737.667,164,1.333,1.833
"<a href=""https://tiktok.com/@tetel4962"" target=""_blank"">@tetel4962</a>",63,9,70.678,1,3,42,0,304.25,11,0.083,0
"<a href=""https://tiktok.com/@text.fc"" target=""_blank"">@text.fc</a>",7,7,52.25,0.826,5,42,0,2602,134.111,2.556,0.111
"<a href=""https://tiktok.com/@texts178"" target=""_blank"">@texts178</a>",7,7,56.74,0.878,5,54,0,5422.375,192,4.25,15.25
"<a href=""https://tiktok.com/@textstory781"" target=""_blank"">@textstory781</a>",7,9,65.756,0.938,2,19,0,10453.778,248.778,3.333,3.333
"<a href=""https://tiktok.com/@textstyo"" target=""_blank"">@textstyo</a>",6,7,62.144,0.958,3,26,0,4040.333,137.667,2.111,6.333
"<a href=""https://tiktok.com/@thalrn"" target=""_blank"">@thalrn</a>",71,6,46.75,1,1,8,0,1193.667,36.5,0.833,0.167
"<a href=""https://tiktok.com/@thanh.dngp"" target=""_blank"">@thanh.dngp</a>",51,7,51.667,0.714,1,9,0,2216.286,139.286,1.857,1.571
"<a href=""https://tiktok.com/@tijf9855"" target=""_blank"">@tijf9855</a>",64,12,15.617,1,2,23,0,2169.583,43.75,0.417,0.083
"<a href=""https://tiktok.com/@titme"" target=""_blank"">@titme</a>",15,11,48.063,0.884,3,38,0,986.818,60.455,1,0.818
"<a href=""https://tiktok.com/@tiut0219"" target=""_blank"">@tiut0219</a>",69,5,55.429,0.833,1,14,0,502,24.667,0.667,1.167
"<a href=""https://tiktok.com/@tkfjfjjrj"" target=""_blank"">@tkfjfjjrj</a>",5,10,64.25,1,1,12,0,5077.7,47.8,1.2,0.8
"<a href=""https://tiktok.com/@tnyzcjqi"" target=""_blank"">@tnyzcjqi</a>",98,7,62,1,1,8,0,3159.286,29.571,0.429,5.143
"<a href=""https://tiktok.com/@todaysfriendshow4"" target=""_blank"">@todaysfriendshow4</a>",14,6,58.589,0.938,2,19,0,1232.429,49.143,0.857,0.571
"<a href=""https://tiktok.com/@toma.rimi"" target=""_blank"">@toma.rimi</a>",15,11,48.018,0.933,3,59,0,1239.545,32.091,0.455,0.364
"<a href=""https://tiktok.com/@topi.khatun6"" target=""_blank"">@topi.khatun6</a>",23,5,41.771,0.938,2,20,0,1089.556,23.222,0,0.222
"<a href=""https://tiktok.com/@tri.nguyenw"" target=""_blank"">@tri.nguyenw</a>",55,9,53.327,1,2,26,0,1144,12.778,0.111,0.222
"<a href=""https://tiktok.com/@tug35587"" target=""_blank"">@tug35587</a>",105,6,59.333,1,4,44,0,11168.333,531.167,3.333,10
"<a href=""https://tiktok.com/@tugx2917"" target=""_blank"">@tugx2917</a>",63,10,80.608,0.933,5,52,0,627.833,32.583,0.167,0.167
"<a href=""https://tiktok.com/@twkg9813"" target=""_blank"">@twkg9813</a>",62,6,64.583,1,2,27,0,929.667,36.833,0.5,0.333
"<a href=""https://tiktok.com/@ubhutfrx"" target=""_blank"">@ubhutfrx</a>",1,8,52.746,0.917,6,55,0,3691.25,98.875,2.75,0.75
"<a href=""https://tiktok.com/@ucmanprodl1"" target=""_blank"">@ucmanprodl1</a>",24,6,17.125,0.857,1,8,0,912.667,31.333,0.167,0
"<a href=""https://tiktok.com/@uest1280"" target=""_blank"">@uest1280</a>",62,6,44.917,1,2,27,0,733.167,17.333,0.333,0
"<a href=""https://tiktok.com/@uffvi7"" target=""_blank"">@uffvi7</a>",30,6,53.546,0.923,4,35,0,1685.5,26,0,0
"<a href=""https://tiktok.com/@ufsc8075"" target=""_blank"">@ufsc8075</a>",69,6,50.017,0.817,2,25,0,3105,87.667,0.667,2
"<a href=""https://tiktok.com/@uiavao.bskvai"" target=""_blank"">@uiavao.bskvai</a>",5,9,64.25,1,1,12,0,1761.222,48.889,0.778,0.444
"<a href=""https://tiktok.com/@uqpqhqg"" target=""_blank"">@uqpqhqg</a>",108,8,35.917,1,2,20,0,2525.75,88.625,1.125,2.375
"<a href=""https://tiktok.com/@uraf9163"" target=""_blank"">@uraf9163</a>",64,11,15.091,1,2,22,0,1900.417,45.75,0.667,0.333
"<a href=""https://tiktok.com/@user1203613923425"" target=""_blank"">@user1203613923425</a>",27,6,39.7,0.889,1,10,0,1550.5,33.833,2,10.667
"<a href=""https://tiktok.com/@user16909390140293"" target=""_blank"">@user16909390140293</a>",8,3,26,1,1,9,0,1409.091,23.909,0.364,0.364
"<a href=""https://tiktok.com/@user19468614708518"" target=""_blank"">@user19468614708518</a>",20,5,60.5,1,1,8,0,25137,502.5,3.5,146.167
"<a href=""https://tiktok.com/@user2810315813972"" target=""_blank"">@user2810315813972</a>",39,8,52.111,1,2,20,0,1888.375,85.5,2.375,0.875
"<a href=""https://tiktok.com/@user2903556969068"" target=""_blank"">@user2903556969068</a>",18,6,63.444,1,2,18,0,1476.667,33.333,1.667,8.5
"<a href=""https://tiktok.com/@user2910719010242"" target=""_blank"">@user2910719010242</a>",26,4,59.5,1,1,8,0,1017.25,22.75,0.25,2.75
"<a href=""https://tiktok.com/@user2932993437321"" target=""_blank"">@user2932993437321</a>",19,6,51,1,1,12,0,1891,52.333,0.167,4.667
"<a href=""https://tiktok.com/@user3034858843569"" target=""_blank"">@user3034858843569</a>",97,12,57.223,0.981,6,58,0,1340.083,6.667,0.167,2
"<a href=""https://tiktok.com/@user3154950400581"" target=""_blank"">@user3154950400581</a>",39,7,49.222,1,1,9,0,2284.857,172.571,1,4.571
"<a href=""https://tiktok.com/@user3782324049429"" target=""_blank"">@user3782324049429</a>",97,12,61.075,1,4,42,0,2280.5,35.5,0.75,4.25
"<a href=""https://tiktok.com/@user386963311513"" target=""_blank"">@user386963311513</a>",17,6,68,0.833,1,8,0,2324.167,56.333,1.5,8.667
"<a href=""https://tiktok.com/@user4148379047616"" target=""_blank"">@user4148379047616</a>",44,9,38.125,0.875,1,8,0,980.778,77.444,0.556,0
"<a href=""https://tiktok.com/@user4181021201798"" target=""_blank"">@user4181021201798</a>",19,6,51,1,1,12,0,1929.333,31.5,0.333,3.5
"<a href=""https://tiktok.com/@user4623873316361"" target=""_blank"">@user4623873316361</a>",97,11,65.524,0.975,5,46,0,2690.75,32.667,0.25,33.083
"<a href=""https://tiktok.com/@user5626060056906"" target=""_blank"">@user5626060056906</a>",1,9,53.281,0.933,5,49,0,3325.556,246.778,2.667,0.889
"<a href=""https://tiktok.com/@user59010441107517"" target=""_blank"">@user59010441107517</a>",20,4,60.5,1,1,8,0,1409.75,25.5,1.25,4.25
"<a href=""https://tiktok.com/@user6186701630842"" target=""_blank"">@user6186701630842</a>",18,6,58.111,1,1,9,0,1737.833,45.333,0.833,4.333
"<a href=""https://tiktok.com/@user6240933338579"" target=""_blank"">@user6240933338579</a>",97,12,63.679,1,4,39,0,3067.083,34.833,0.167,4.583
"<a href=""https://tiktok.com/@user6922385284275"" target=""_blank"">@user6922385284275</a>",1,9,51.737,0.936,5,53,0,2636.667,140.667,5.333,3.667
"<a href=""https://tiktok.com/@user7605976152392"" target=""_blank"">@user7605976152392</a>",10,8,52.712,0.849,3,31,0,2177.125,63.375,1.125,0.5
"<a href=""https://tiktok.com/@user81444195333"" target=""_blank"">@user81444195333</a>",60,6,67.775,0.802,2,18,0,12362.667,176.167,8,1.833
"<a href=""https://tiktok.com/@user8508148033286"" target=""_blank"">@user8508148033286</a>",4,10,66.886,0.929,2,19,0,1396.1,75.4,0.6,1
"<a href=""https://tiktok.com/@user8653602093025"" target=""_blank"">@user8653602093025</a>",17,6,68,0.833,1,8,0,3529.667,75,1,7.333
"<a href=""https://tiktok.com/@user8753242872061"" target=""_blank"">@user8753242872061</a>",31,6,40.7,1,1,10,0,803.333,20.833,0,0.167
"<a href=""https://tiktok.com/@user8794483655797"" target=""_blank"">@user8794483655797</a>",18,5,68.778,1,1,9,0,5356.8,88.2,1.6,31.2
"<a href=""https://tiktok.com/@user8847609801518"" target=""_blank"">@user8847609801518</a>",27,6,39.7,0.889,1,10,0,895.667,24.667,1.833,2.667
"<a href=""https://tiktok.com/@user9478290398115"" target=""_blank"">@user9478290398115</a>",26,4,59.5,1,1,8,0,737,19.75,0,2.5
"<a href=""https://tiktok.com/@user9724456321051"" target=""_blank"">@user9724456321051</a>",4,10,53.958,0.897,3,24,0,1257.5,58.9,0.3,0.4
"<a href=""https://tiktok.com/@user99216158120478"" target=""_blank"">@user99216158120478</a>",97,11,68.993,0.927,4,41,0,7289.083,50,0.25,23.667
"<a href=""https://tiktok.com/@user9960965670038"" target=""_blank"">@user9960965670038</a>",30,4,60.5,0.833,1,8,0,2161.5,63.75,0.5,1.25
"<a href=""https://tiktok.com/@username.12345301"" target=""_blank"">@username.12345301</a>",85,5,88.071,0.8,1,14,0,123047.222,692.722,8,36.389
"<a href=""https://tiktok.com/@username6652655"" target=""_blank"">@username6652655</a>",82,5,89.727,0.8,1,11,0,126.545,11.818,1.091,0.091
"<a href=""https://tiktok.com/@usjg2117"" target=""_blank"">@usjg2117</a>",63,12,73.49,1,6,54,0,427.333,22.667,0.167,0.167
"<a href=""https://tiktok.com/@utoxwqg"" target=""_blank"">@utoxwqg</a>",113,6,22.527,1,6,73,0,190.167,8.667,0,0
"<a href=""https://tiktok.com/@uujm.lpxf"" target=""_blank"">@uujm.lpxf</a>",99,7,68.375,0.833,1,8,0,3049.4,41.2,0.2,1.6
"<a href=""https://tiktok.com/@v.if77"" target=""_blank"">@v.if77</a>",22,8,34.036,0.941,3,47,0,1194.875,34.5,0.125,0.25
"<a href=""https://tiktok.com/@vaigg0"" target=""_blank"">@vaigg0</a>",38,7,58.25,0.875,1,8,0,2472.857,130,1.286,0.429
"<a href=""https://tiktok.com/@vbn6106"" target=""_blank"">@vbn6106</a>",30,5,41.925,1,2,18,0,1135.6,84.4,1,0.8
"<a href=""https://tiktok.com/@verity.holland"" target=""_blank"">@verity.holland</a>",4,10,56.444,1,3,28,0,1838,74.2,0.7,0.3
"<a href=""https://tiktok.com/@vghf668"" target=""_blank"">@vghf668</a>",21,6,53.4,0.882,2,20,0,1232.5,64.667,0.333,0.333
"<a href=""https://tiktok.com/@vitsu.alec1"" target=""_blank"">@vitsu.alec1</a>",46,10,49.904,0.866,8,96,0,7348,90.5,0.7,1.1
"<a href=""https://tiktok.com/@voie3340"" target=""_blank"">@voie3340</a>",67,3,29.833,0.75,1,12,0,546.833,26.667,0.333,0.833
"<a href=""https://tiktok.com/@vshwiy2868"" target=""_blank"">@vshwiy2868</a>",14,6,56,0.938,2,20,0,1020,34.667,0.5,0.167
"<a href=""https://tiktok.com/@vsuau5"" target=""_blank"">@vsuau5</a>",105,6,65.875,1,4,32,0,2275.833,95.5,1.167,0.5
"<a href=""https://tiktok.com/@vtiic5555"" target=""_blank"">@vtiic5555</a>",58,9,48.25,0.667,1,8,0,2795.222,59.889,1.667,0.444
"<a href=""https://tiktok.com/@vxissvsb"" target=""_blank"">@vxissvsb</a>",78,4,31,1,1,8,0,1093.5,44.25,0.75,0
"<a href=""https://tiktok.com/@vxkaw3274"" target=""_blank"">@vxkaw3274</a>",74,4,53.125,0.714,1,8,0,742,39.75,0.25,0
"<a href=""https://tiktok.com/@wataiexkotoar"" target=""_blank"">@wataiexkotoar</a>",89,3,56.486,0.8,2,17,0,710,36,1.667,0.667
"<a href=""https://tiktok.com/@watts4718"" target=""_blank"">@watts4718</a>",28,4,29.5,1,1,8,0,2105.5,37.5,4,16.75
"<a href=""https://tiktok.com/@wede35"" target=""_blank"">@wede35</a>",45,10,55.862,0.816,4,45,0,2700.1,64.2,0.6,0.8
"<a href=""https://tiktok.com/@wevbocr"" target=""_blank"">@wevbocr</a>",73,6,22.2,1,1,10,0,4362.167,101.5,1.333,0.5
"<a href=""https://tiktok.com/@wgslhe"" target=""_blank"">@wgslhe</a>",111,15,70.235,0.939,8,118,0.001,997.6,36.4,0,0.067
"<a href=""https://tiktok.com/@wiate.doni0"" target=""_blank"">@wiate.doni0</a>",46,11,48.005,0.914,8,108,0,1785.727,37.818,0.727,0.545
"<a href=""https://tiktok.com/@wiqg8225"" target=""_blank"">@wiqg8225</a>",63,11,51.125,1,4,39,0,375,16.917,0.25,1.25
"<a href=""https://tiktok.com/@wive0570"" target=""_blank"">@wive0570</a>",63,9,58.056,0.944,3,30,0,1998.417,41.25,0.25,3.417
"<a href=""https://tiktok.com/@wojta.or"" target=""_blank"">@wojta.or</a>",16,11,56.634,0.915,5,78,0,960.909,41.545,0.727,0.182
"<a href=""https://tiktok.com/@wroe.edith6"" target=""_blank"">@wroe.edith6</a>",46,10,46.953,0.886,7,95,0,2396.2,47.7,0.6,0.4
"<a href=""https://tiktok.com/@wsbhd0"" target=""_blank"">@wsbhd0</a>",105,6,50.111,1,3,28,0,1995.333,71.667,1,0.167
"<a href=""https://tiktok.com/@wsfj4"" target=""_blank"">@wsfj4</a>",105,8,56.631,0.958,3,38,0,2327.375,142.625,1.625,0.875
"<a href=""https://tiktok.com/@wss1066"" target=""_blank"">@wss1066</a>",9,5,67.625,1,1,8,0,3211.2,210.2,1.4,0.8
"<a href=""https://tiktok.com/@wuge2639"" target=""_blank"">@wuge2639</a>",63,12,58.642,1,5,44,0,531.75,21.75,0.417,0.167
"<a href=""https://tiktok.com/@wyfgmm1"" target=""_blank"">@wyfgmm1</a>",88,8,50.111,1,1,9,0,1890.778,82.222,0.889,0.222
"<a href=""https://tiktok.com/@xbhyudvqeq2lki"" target=""_blank"">@xbhyudvqeq2lki</a>",94,4,70.167,1,3,24,0,920,54.5,5.25,4.5
"<a href=""https://tiktok.com/@xchinaqueen1"" target=""_blank"">@xchinaqueen1</a>",86,4,83.7,0.714,1,10,0,901.167,74.278,4.333,0.111
"<a href=""https://tiktok.com/@xchinaqueen2"" target=""_blank"">@xchinaqueen2</a>",86,13,86.821,0.69,2,27,0,102.889,8.944,0.833,0
"<a href=""https://tiktok.com/@xchinaqueen3"" target=""_blank"">@xchinaqueen3</a>",86,13,72.453,0.786,3,70,0,279.938,8.25,1.312,0.062
"<a href=""https://tiktok.com/@xchinaqueen5"" target=""_blank"">@xchinaqueen5</a>",86,16,82.868,0.791,3,72,0,809.136,34.864,4.091,1.409
"<a href=""https://tiktok.com/@xchinaqueen6"" target=""_blank"">@xchinaqueen6</a>",86,13,81.529,0.875,2,59,0,226.353,23.647,2.471,0.353
"<a href=""https://tiktok.com/@xchinaqueen8"" target=""_blank"">@xchinaqueen8</a>",86,5,94.667,0.6,1,12,0,2144,297.857,12.333,28.333
"<a href=""https://tiktok.com/@xihz9643"" target=""_blank"">@xihz9643</a>",68,5,43.579,0.917,2,28,0,286.2,16.4,0.2,0.8
"<a href=""https://tiktok.com/@xnjjehj"" target=""_blank"">@xnjjehj</a>",30,4,39.125,1,1,8,0,475.5,17.25,0.25,0.25
"<a href=""https://tiktok.com/@xqcqnznspmivhz"" target=""_blank"">@xqcqnznspmivhz</a>",90,3,40.5,1,1,8,0,135,5.333,0.667,0.333
"<a href=""https://tiktok.com/@xquplfcwmvyngj"" target=""_blank"">@xquplfcwmvyngj</a>",89,3,53.549,0.8,2,17,0,378.333,14.667,1.333,1
"<a href=""https://tiktok.com/@xsrk.hqii"" target=""_blank"">@xsrk.hqii</a>",98,8,62,1,1,8,0,3017,38.125,0.125,23.25
"<a href=""https://tiktok.com/@xxii911"" target=""_blank"">@xxii911</a>",7,10,58.907,0.896,10,110,0,3563,134,6.2,1.7
"<a href=""https://tiktok.com/@yang_reddit"" target=""_blank"">@yang_reddit</a>",87,8,31.186,0.897,3,27,0,1501.8,120.6,1.4,0.4
"<a href=""https://tiktok.com/@yelm.boor"" target=""_blank"">@yelm.boor</a>",59,9,49.125,1,1,8,0,11530.3,134.3,1.9,3
"<a href=""https://tiktok.com/@yfgdvb66"" target=""_blank"">@yfgdvb66</a>",88,8,50.111,1,1,9,0,772.25,103.75,1,1.5
"<a href=""https://tiktok.com/@ymhr6933"" target=""_blank"">@ymhr6933</a>",64,12,10.89,1,2,23,0,2018.333,55.083,0.583,0.167
"<a href=""https://tiktok.com/@you.texts"" target=""_blank"">@you.texts</a>",6,8,47.497,0.882,4,43,0,21645.7,487.1,26.4,19.1
"<a href=""https://tiktok.com/@yowbc4277"" target=""_blank"">@yowbc4277</a>",77,3,49.181,1,2,17,0,2739.333,111.667,1.333,0
"<a href=""https://tiktok.com/@yppynsqgmqt"" target=""_blank"">@yppynsqgmqt</a>",89,3,80.812,0.8,2,16,0,588.667,24.667,2.333,0.333
"<a href=""https://tiktok.com/@ytrq8081"" target=""_blank"">@ytrq8081</a>",62,12,75.404,0.925,3,78,0,1512.167,87.417,0.833,0.333
"<a href=""https://tiktok.com/@zesysmj"" target=""_blank"">@zesysmj</a>",113,4,22.963,0.905,4,36,0,268.25,15.25,0.25,0
"<a href=""https://tiktok.com/@zsdx184"" target=""_blank"">@zsdx184</a>",47,15,63.039,0.68,4,77,0,4446.133,88.6,0.4,1.067
"<a href=""https://tiktok.com/@ztctmxt"" target=""_blank"">@ztctmxt</a>",73,8,22.2,1,1,10,0,2702.25,83.25,1.125,0.375
"<a href=""https://tiktok.com/@zuggwdyx"" target=""_blank"">@zuggwdyx</a>",99,7,68.375,0.833,1,8,0,1668,28.875,0.5,2
"<a href=""https://tiktok.com/@zvjsl"" target=""_blank"">@zvjsl</a>",105,6,60.111,1,3,32,0,1924.833,62.667,1.333,0.333
"<a href=""https://tiktok.com/@zxvb736"" target=""_blank"">@zxvb736</a>",47,13,54.001,0.94,4,106,0,4319.692,88.923,0.615,11.769
"<a href=""https://tiktok.com/@zysmpbz"" target=""_blank"">@zysmpbz</a>",113,5,19.378,1,5,53,0,224.2,10.4,0.2,0
"<a href=""https://tiktok.com/@zzhjdj4"" target=""_blank"">@zzhjdj4</a>",32,5,39.625,1,1,8,0,991,21.6,0.4,0.4
"<a href=""https://tiktok.com/@zzxss134"" target=""_blank"">@zzxss134</a>",107,8,34.042,1,2,20,0,2246.625,83,1,1.625
