"Network","Number of Accounts","Network Density","Network Diameter","Clustering Coefficient","Avg Views","Avg Likes","Avg Comments","Avg Shares","Member Accounts"
1,18,0.275,36,0.489,2844.696,134.247,1.956,1.285,"chantalkusch, fdijc3, jdpdosj, jtcytxyzey, be.jkigv, bmc12655, fughf21, luisina.riihimaki, ubhutfrx, irdc042, jfufrehcdh, user5626060056906, quincyshop08, jfkovj5, krug011, jdpxorjf, jsosjxj8, user6922385284275"
2,2,1,8,0,2970.684,119.105,0.579,1.842,"alanlang42, fsjoxkf"
3,6,0.533,18,0.474,1618.186,71.034,0.441,0.864,"bfihc, gckcj4, aedhdici, fauy8466, jfdd653, aedyckctu"
4,8,0.393,27,0.409,4684.128,129.077,1.192,1.731,"hullen.nguyen, ggg.hgfc, ayden.riverad, user8508148033286, cbjf05, jdkckcj2, user9724456321051, verity.holland"
5,2,1,12,0,3506.737,48.316,1,0.632,"uiavao.bskvai, tkfjfjjrj"
6,6,0.6,26,0.571,9515.684,258.614,8.035,10.684,"shvchjds, stvhfhj, textstyo, fjjgdvx, satsyou, you.texts"
7,13,0.641,27,0.766,3417.639,145.762,3.156,2.885,"texts178, sasapco, ktsfyh, landscape5670, text.fc, cagnhd, rohingyao, textstory781, stoyouh, crtyougo, dtkwod, hdryxd, xxii911"
8,3,0.667,21,0,2127.517,31.379,0.621,2.966,"fhkundshunk, user16909390140293, lin689668987"
9,2,1,8,0,4199.364,214.273,2,0.636,"fklpls0ch5, wss1066"
10,10,0.378,34,0.545,2794.708,95.551,1.292,2.056,"fduic5, gduhx01, aedgslpxjx, aedhdjcoof, hdhxh3484, fcjjv86, sharleen.howard, lxjjc, shgj33, user7605976152392"
11,2,1,12,0,4160.833,113.111,1.333,1.833,"aed7p4, debran.oxonrp00"
12,4,0.5,28,0,1221.9,37.425,0.675,2.6,"onikacaylie, mong.khuu, nfyk.emma, marjoriecarrie0525"
13,6,1,23,1,784.788,23.288,0.346,0.654,"bsjj8797, carbloggera, sug7994, reddit.vztwo, shuy742, cainima888"
14,3,1,10,1,1036.19,37.81,0.619,0.524,"shuj977, todaysfriendshow4, vshwiy2868"
15,4,1,26,1,1068.048,40.214,0.619,1,"fhuc22, omi.poni0, titme, toma.rimi"
16,6,0.867,20,0.867,761.345,26.782,0.382,0.2,"reddit1bs, mulask57, ggih3179, bsyg2865, monalisa7988, wojta.or"
17,2,1,8,0,2926.917,65.667,1.25,8,"user8653602093025, user386963311513"
18,3,0.667,18,0,2710.059,53.706,1.353,13.706,"user8794483655797, user2903556969068, user6186701630842"
19,2,1,12,0,1910.167,41.917,0.25,4.083,"user2932993437321, user4181021201798"
20,2,1,8,0,15646.1,311.7,2.6,89.4,"user19468614708518, user59010441107517"
21,3,1,11,1,1193.556,49.722,0.278,0.167,"j.uv586, berez.paulo, vghf668"
22,5,0.7,25,0.8,1133.282,34,0.769,1.59,"fhvf210, hdbjx72, kuhar.clair6, gfg6705, v.if77"
23,3,1,17,1,1183.115,41.5,0.308,0.346,"pxibi018, hsbuz8, topi.khatun6"
24,4,0.5,26,0,1315.435,42.348,0.391,0.609,"buslmigf7dn, ale2r35, aleaa0249, ucmanprodl1"
25,3,0.667,16,0,1025,31.6,0.333,0.333,"mxvgdscsdfvcsdfsd, fevkuiq, msfsgvsvcsdfsadsa"
26,2,1,8,0,877.125,21.25,0.125,2.625,"user9478290398115, user2910719010242"
27,2,1,10,0,1223.083,29.25,1.917,6.667,"user1203613923425, user8847609801518"
28,2,1,8,0,1796.75,47.875,2.5,8.375,"bcc662, watts4718"
29,2,1,8,0,1305.375,30.875,2.125,9.125,"ddeaxmelj72, nhfr48186js"
30,9,0.25,46,0.231,801.06,25.72,0.22,0.4,"giopgfv, fijglhhj, uffvi7, vbn6106, lhodsrr, user9960965670038, jkdkj, igdigsdp, xnjjehj"
31,2,1,10,0,786.5,18.417,0.083,0.167,"user8753242872061, jjdjdd911"
32,2,1,8,0,907.4,20.7,0.3,0.3,"adhhrrt, zzhjdj4"
33,3,1,11,1,739.333,24,0,0.333,"cihohsqwfi, gkkfykjb, gigigjj"
34,2,1,8,0,859.5,24,0,0,"cjsllfd, frd7456"
35,2,1,8,0,872.5,26.5,0.375,0.125,"gjgkgg0, liyonyonlll"
36,2,1,8,0,1074,43.875,0.125,0.5,"hylioooyyy, fhggf28"
37,2,1,12,0,1255.05,53.75,1.8,1.95,"elvistrevelyan0204, gjbgikh"
38,3,0.667,17,0,3185.348,153.783,3.087,7.13,"vaigg0, chdg050, gfjch34"
39,3,0.667,20,0,3855.476,128.19,2.667,4.476,"user3154950400581, user2810315813972, ididu034"
40,4,0.667,18,0.6,1507.148,130,2.481,2.148,"djm9r, geievertu8, gf.nj97, rosacasey65"
41,2,1,8,0,3120.667,131.933,0.867,1.133,"hdidkser0, prtnr8"
42,2,1,12,0,1508.2,115.733,0.8,0.267,"fjyukfjjf, gutieyy7"
43,2,1,8,0,4505.158,86.316,0.737,2.053,"kellygallacher0930, beatricedennispo2018"
44,2,1,8,0,4420.053,199.526,1.895,0.526,"ryllskayaqing, user4148379047616"
45,6,0.933,23,0.923,2982.944,69.458,0.347,0.958,"cfdc18, jvhb240, wede35, aed2750, aed0267, jajsjsn56"
46,9,0.889,22,0.921,7421.077,142.802,1.78,11.44,"rubin.mervy8, battl.kray, osb.remo, benedossie2, vitsu.alec1, seile.rian, lawgray3, wiate.doni0, wroe.edith6"
47,5,1,33,1,16071.136,254.47,1.106,5.409,"jvtvc3, iiuu553, dthh824, zsdx184, zxvb736"
48,3,1,12,1,23745.923,210.038,4.346,1.5,"mariencassano, huydhfhyyxd, rfgfghf1"
49,2,1,19,0,15159.357,526.643,18.607,28.714,"djskgikeejk8, mdsdz2"
50,2,1,10,0,3154.375,152.812,0.75,1.125,"skunk.robinsong, drape.ivoe"
51,2,1,9,0,3668.375,134.125,1.062,1,"thanh.dngp, dell.oswink"
52,4,0.667,20,0.6,4625.088,182.824,1.647,0.971,"pjk3357, redditstory667, bbjqnch, redreddit48"
53,3,0.667,16,0,1606.6,53.48,1.08,0.6,"emory.drawehj, ilges.estelwei, sun.lilym"
54,4,1,16,1,4818.167,106.417,1.778,1.278,"lanora.haskely, aseng.haymong, carlos.alberto.al886, khanh.phukhh"
55,4,0.5,38,0,1467.944,19.667,1.556,0.528,"ququ.anhag, mnbub4, amkgvx, tri.nguyenw"
56,2,1,8,0,6099.222,171.778,2.278,1.833,"monta.karlak, huyen.nguyenm"
57,2,1,13,0,1501.706,37.824,0.882,0.294,"houri.enriqk, purnialesh45"
58,2,1,8,0,2697.778,70.611,1.389,0.833,"vtiic5555, mancievert"
59,2,1,8,0,9591.05,113.55,2.5,2.25,"phong.ngoc76, yelm.boor"
60,4,0.833,19,0.75,8235.781,158.094,4.656,1.281,"niyebuya, dddgggg63, markryan688, user81444195333"
61,2,1,8,0,9165.8,189.267,5.467,2.333,"dhjwn82, cuong.trankk"
62,13,0.269,91,0.635,1454.992,53.563,0.484,0.54,"bvoo3130, dijx3903, fhda78402, ghhj8554, jkuy0534, jccj44506, drgd8391, eiej4325, twkg9813, gjhg8047, ytrq8081, okay11732, uest1280"
63,13,0.346,48,0.624,886.85,30.843,0.163,1.098,"bkot6010, fhxk1941, givi0331, wiqg8225, isce0690, isgs5669, susv0936, isge0853, usjg2117, tugx2917, tetel4962, wive0570, wuge2639"
64,3,1,12,1,2029.444,48.194,0.556,0.194,"tijf9855, uraf9163, ymhr6933"
65,2,1,8,0,1850.529,44.882,0.412,0.353,"ifrt2705, sush0240"
66,6,1,36,1,1734.839,103.667,0.391,0.437,"hojdmc, kubjij, qdcieh, khfbou, ciojkb, reddit_grayson99"
67,4,0.667,21,0.6,914.84,54.36,0.44,0.84,"gour2295, courr1227, coirf88774, voie3340"
68,3,1,15,1,3298.75,96.438,0.5,2.438,"clirr5282, gjguq6894, xihz9643"
69,4,0.667,29,0.6,1561.375,57.292,0.625,1.792,"dhhi6645, hrsy60677, tiut0219, ufsc8075"
70,3,0.667,18,0,607,46.778,0.222,0.222,"fiir2712, cjur6297, fkir2290"
71,5,0.4,29,0,2392.6,41.343,0.886,0.286,"hvtcan, diusdn13, hcuwiea, dsnomp, thalrn"
72,2,1,8,0,14607.8,712.9,3.4,1.7,"goxwwtn, pcufgt6"
73,2,1,10,0,3413.643,91.071,1.214,0.429,"wevbocr, ztctmxt"
74,6,0.467,18,0.4,1458.344,61.156,0.406,0.5,"jshszh6382, cjdjfcn, avelina.asucen, g.in.cgn, bxuzba, vxkaw3274"
75,8,0.607,16,0.845,1294.206,53.5,0.853,0.176,"kacbr2774, cnatk3189, hzhdhs, 1yrogls, ncsfo3287, ncjfhyrsdj, duuff30, snoshsj"
76,3,0.667,20,0,3636.5,78.062,1.062,0.25,"hwvrok, oljclk, ljpjvh"
77,4,0.667,16,0.6,1511.417,71.25,0.5,0.167,"1qwdjjd, chduc6, baxor3828, yowbc4277"
78,2,1,8,0,17534,696.5,3.125,1.5,"jdjsbs94, vxissvsb"
79,8,0.679,22,0.704,4412.884,116.442,0.744,0.442,"fjcjbho58, hgidsi, gxhx514, bxkke4723, nidaye81, opgse4909, qvcka2481, gohdr4367"
80,2,1,8,0,2134.125,143.625,0.75,0.375,"bixukf, evfdmzl"
81,2,1,11,0,2833.941,55.235,0.471,2.059,"avav11738, reddittext48"
82,4,0.5,34,0,765.76,57.18,4.57,2.74,"chummi_queen1, cutequeen_driver120, plaqebfzf07, username6652655"
83,2,1,13,0,365.3,40.475,2.925,0.85,"cute_queen7102, cutedriver120"
84,2,1,8,0,208.405,16.429,0.833,0.595,"china_cutegirl22, sumroo.786"
85,2,1,14,0,63596.057,380.086,6.971,19.229,"username.12345301, kamlisarkar_0"
86,6,0.4,66,0.375,796.652,80.839,4.509,5.67,"xchinaqueen1, xchinaqueen2, xchinaqueen3, xchinaqueen5, xchinaqueen6, xchinaqueen8"
87,5,0.6,19,0.545,1362.514,94.919,1.162,0.568,"baifamm13, dayutoureddit, fjhfjfgjchjghfhjj, yang_reddit, dhdjuehiehrh"
88,2,1,9,0,1364.412,92.353,0.941,0.824,"wyfgmm1, yfgdvb66"
89,3,1,9,1,559,25.111,1.778,0.667,"wataiexkotoar, xquplfcwmvyngj, yppynsqgmqt"
90,2,1,8,0,535.667,32.333,1.333,2.167,"xqcqnznspmivhz, czjqveftycqikq"
91,2,1,8,0,271.571,15.571,1.286,1,"mamaepzkynvd, oklhhrmwpaurg"
92,2,1,8,0,917.875,52.375,3,4.25,"rhzpbjoqixj, jackie.bradley45"
93,4,0.5,16,0,2800.812,102.375,6.75,10.375,"dddunkkftacnib, labubu5252, baomeijing67, labubu535353"
94,5,0.5,24,0.5,1126.35,80.55,2.8,6.95,"hhgghj8866, fgjbgf4688, xbhyudvqeq2lki, rvfdcpqmerituj, bxecxotdjfrvi"
95,2,1,8,0,2195.625,154.875,9,21.25,"byppp.text11, laicai.reddit"
96,2,1,8,0,3204.25,187.75,11.5,21,"hryfeucmuql, cmhftwltxeactv"
97,12,0.424,38,0.823,2360.184,22.241,0.262,10.56,"edchii0, fcvbvv57, bdhjddbjrjej, izbktlfq, user3782324049429, cvjbvgujh, user3034858843569, oeivoppc, mendhejeheje, user4623873316361, user6240933338579, user99216158120478"
98,2,1,8,0,3083.4,34.133,0.267,14.8,"tnyzcjqi, xsrk.hqii"
99,2,1,8,0,2435.444,35.722,0.333,1.778,"uujm.lpxf, zuggwdyx"
100,3,1,8,1,15.833,0.111,0,0,"czhc.bkyd, hlflflflfh, scqf.cvdv"
101,2,1,10,0,3065.917,20,0.167,16.667,"oxkympku, ccvoyrnu"
102,3,0.667,20,0,2223.259,20.296,3.074,2.778,"mmhpbybt, injjzxvr, pehcpohz"
103,2,1,8,0,1978,52.857,1.143,2.071,"cnbchj1, fgzvj"
104,2,1,8,0,5485.875,70.312,2.938,7,"aedfxthg, dxvfsc"
105,14,0.253,71,0.589,6099.756,329.3,2.322,5.244,"itsstj2, gheoe8, vsuau5, hurrryu, fulknm, oshasg, dghhg372, sfagnd, tessh95, jspsns3, tug35587, wsfj4, wsbhd0, zvjsl"
106,5,0.6,26,0.6,6231.4,175.114,4.029,2.886,"ngdxnyj, iuwgeh, gdjdi63, eyidk5, ndmsl15"
107,3,1,12,1,2391.609,83.696,1.174,1.261,"hdxj59, iuy7640, zzxss134"
108,6,0.333,52,0,3602.583,139.104,2.208,1.938,"ghebdts, ajiaie, uqpqhqg, fgijg467, nfjsk12, akksdb4"
109,2,1,10,0,1874.667,103.75,1.333,1.25,"fbnggg2, hkmdrr"
110,4,1,18,1,6617.154,110.744,9.667,13.462,"reddit_ignatius8, cvljri, lnppoe, shbsdd2"
111,20,0.263,86,0.536,1310.029,49.274,0.207,0.689,"dtbtcc8, pbpktw, bipiqo, idpeoc, bpgarp, hltuoq, puhrra, hidouo, arffug, eqmhqf, lhqitc, lekpow, hdmjwo1, qigqtm, prbnac, klsier, ncaqusztvgl, wgslhe, sqifhw, gclqse"
112,2,1,14,0,1673.2,29.5,0.05,0.5,"kfbfol, objlhmtjemu"
113,7,0.905,20,0.907,422.526,19.789,0.553,0.211,"eqxela7, ldaphc, utoxwqg, jecxsz, dtxijq, zesysmj, zysmpbz"
114,2,1,11,0,10865.647,449.059,8.765,3.294,"hdicok57, hfigi61"
