"Account","Network","Unique Shares","Avg Time Between Shares (sec)","Edge Symmetry Score","Degree","Strength","Betweenness","Avg Views","Avg Likes","Avg Comments","Avg Shares"
"<a href=""https://tiktok.com/@1djjvsjb"" target=""_blank"">@1djjvsjb</a>",57,6,51.915,0.865,6,70,0,326.5,11,0,0
"<a href=""https://tiktok.com/@1qwdjjd"" target=""_blank"">@1qwdjjd</a>",57,6,47.288,0.979,6,70,0,415.833,8.5,0.167,0
"<a href=""https://tiktok.com/@1yrogls"" target=""_blank"">@1yrogls</a>",56,5,50.57,0.88,10,121,0,1736.6,49,0.4,0.2
"<a href=""https://tiktok.com/@2jxggxh"" target=""_blank"">@2jxggxh</a>",56,5,49.132,0.87,10,121,0,517.8,9.4,0,0
"<a href=""https://tiktok.com/@3mbfklb"" target=""_blank"">@3mbfklb</a>",57,6,45.052,0.979,6,69,0,1243.833,34.667,1.5,0.167
"<a href=""https://tiktok.com/@abxdl1382"" target=""_blank"">@abxdl1382</a>",56,3,46.963,0.933,3,27,0,928.833,20.333,0.167,0.333
"<a href=""https://tiktok.com/@aed0267"" target=""_blank"">@aed0267</a>",32,9,51.55,0.84,4,52,0,1666.889,39.778,0,0.667
"<a href=""https://tiktok.com/@aed2750"" target=""_blank"">@aed2750</a>",31,9,55.115,0.848,5,84,0,6133,88.333,0.556,0.778
"<a href=""https://tiktok.com/@aedhsks"" target=""_blank"">@aedhsks</a>",41,7,62.111,1,1,9,0,1459,60.286,0.571,0.857
"<a href=""https://tiktok.com/@aedyckctu"" target=""_blank"">@aedyckctu</a>",4,8,44.677,1,2,23,0,2835,102.875,1.875,1.25
"<a href=""https://tiktok.com/@ale2r35"" target=""_blank"">@ale2r35</a>",20,7,49.5,1,1,10,0,1067.778,23.667,2.111,2.111
"<a href=""https://tiktok.com/@ale383279"" target=""_blank"">@ale383279</a>",20,7,47.033,0.925,3,32,0,407.143,15.143,0.429,1
"<a href=""https://tiktok.com/@aleaa0249"" target=""_blank"">@aleaa0249</a>",20,9,61.065,0.884,3,30,0,338.556,13.222,0,0.111
"<a href=""https://tiktok.com/@alejkityuoo"" target=""_blank"">@alejkityuoo</a>",20,6,54.111,1,1,9,0,424.857,14,0.286,0.286
"<a href=""https://tiktok.com/@amazing_seeet120"" target=""_blank"">@amazing_seeet120</a>",33,6,62.444,0.714,1,18,0,463.143,42,1.357,2.5
"<a href=""https://tiktok.com/@anaxagoras.harlen"" target=""_blank"">@anaxagoras.harlen</a>",4,8,50.3,0.929,2,20,0,1265.889,63,0.111,1
"<a href=""https://tiktok.com/@anpebsaxgu9"" target=""_blank"">@anpebsaxgu9</a>",20,8,57.163,0.903,3,29,0.001,724.1,19.4,0.1,0.1
"<a href=""https://tiktok.com/@apsaaadel1383"" target=""_blank"">@apsaaadel1383</a>",16,9,47.25,0.879,2,24,0,1283,28,1.889,12.444
"<a href=""https://tiktok.com/@arffug"" target=""_blank"">@arffug</a>",46,14,55.394,0.75,4,54,0.001,410.286,9,0.286,0
"<a href=""https://tiktok.com/@babypink6896"" target=""_blank"">@babypink6896</a>",16,10,47.788,0.9,2,27,0,1242.8,25.2,3.1,18.5
"<a href=""https://tiktok.com/@baobaiwan888"" target=""_blank"">@baobaiwan888</a>",11,8,58.909,0.8,1,11,0,1422.25,37.75,0.375,0.125
"<a href=""https://tiktok.com/@baxor3828"" target=""_blank"">@baxor3828</a>",57,6,41.066,0.979,6,67,0,554.667,17.667,0.333,0.5
"<a href=""https://tiktok.com/@bcc662"" target=""_blank"">@bcc662</a>",16,9,62.617,0.95,2,27,0,1925.1,44.9,0.5,1.3
"<a href=""https://tiktok.com/@beaty_queen_22"" target=""_blank"">@beaty_queen_22</a>",39,11,91.65,0.857,1,20,0,425.875,34.708,2.583,0.125
"<a href=""https://tiktok.com/@berez.paulo"" target=""_blank"">@berez.paulo</a>",22,6,34.3,1,1,10,0,1246.778,24.222,0.444,0.556
"<a href=""https://tiktok.com/@bfihc"" target=""_blank"">@bfihc</a>",3,7,64.556,0.938,2,18,0,2679.429,75.143,0,0.143
"<a href=""https://tiktok.com/@bipiqo"" target=""_blank"">@bipiqo</a>",46,18,74.951,0.933,6,182,0,1814,35.5,0.111,0.167
"<a href=""https://tiktok.com/@bmc12655"" target=""_blank"">@bmc12655</a>",1,10,54.55,0.804,3,32,0,1187,41.6,0.6,0.7
"<a href=""https://tiktok.com/@bnsle4278"" target=""_blank"">@bnsle4278</a>",56,3,48.611,1,2,18,0,1417.667,42.667,0,0
"<a href=""https://tiktok.com/@boens4288"" target=""_blank"">@boens4288</a>",56,5,52.076,0.847,10,119,0,83.2,0.4,0,0
"<a href=""https://tiktok.com/@books3478"" target=""_blank"">@books3478</a>",16,8,57.833,0.9,1,12,0,2454.8,48.6,0.3,0.9
"<a href=""https://tiktok.com/@bpgarp"" target=""_blank"">@bpgarp</a>",46,17,59.409,0.858,7,165,0,282.944,9.056,0,0
"<a href=""https://tiktok.com/@bsbwphji4xu"" target=""_blank"">@bsbwphji4xu</a>",20,8,57.737,0.958,3,31,0,598.5,9.125,0.125,0.25
"<a href=""https://tiktok.com/@burba.robyn"" target=""_blank"">@burba.robyn</a>",24,8,47.9,0.808,3,31,0,1241.889,21.333,0.222,0.333
"<a href=""https://tiktok.com/@buslmigf7dn"" target=""_blank"">@buslmigf7dn</a>",20,9,60.616,0.905,5,52,0.001,718.889,22.111,0.111,0
"<a href=""https://tiktok.com/@bvoo3130"" target=""_blank"">@bvoo3130</a>",54,14,66.356,0.933,5,162,0,2931,60.214,0.857,0.714
"<a href=""https://tiktok.com/@bxecxotdjfrvi"" target=""_blank"">@bxecxotdjfrvi</a>",12,6,44.947,0.938,7,76,0.001,330.5,10.167,0,0
"<a href=""https://tiktok.com/@camilo.austin5"" target=""_blank"">@camilo.austin5</a>",15,10,58.144,0.969,4,38,0,205.8,4.3,0.1,0
"<a href=""https://tiktok.com/@cbnhf5680"" target=""_blank"">@cbnhf5680</a>",12,6,58.78,0.964,4,44,0,1233.167,62.333,0.167,0.167
"<a href=""https://tiktok.com/@cfdc18"" target=""_blank"">@cfdc18</a>",32,9,52.625,0.86,6,90,0,5658.667,76.556,0.111,1.111
"<a href=""https://tiktok.com/@chantalkusch"" target=""_blank"">@chantalkusch</a>",1,9,61.835,0.853,4,43,0,3436.333,123.889,1.444,4.667
"<a href=""https://tiktok.com/@chdg050"" target=""_blank"">@chdg050</a>",26,9,30.556,1,1,9,0,1445.667,68.889,0.778,0.556
"<a href=""https://tiktok.com/@chris001997"" target=""_blank"">@chris001997</a>",36,3,22.667,1,1,9,0,10702.667,103.333,3.333,2.333
"<a href=""https://tiktok.com/@ciojkb"" target=""_blank"">@ciojkb</a>",48,6,21.556,0.944,2,36,0,1708.833,42.75,0.167,0.417
"<a href=""https://tiktok.com/@cjire9104"" target=""_blank"">@cjire9104</a>",49,12,53.144,0.898,3,63,0,4661.917,71.583,0.5,0.417
"<a href=""https://tiktok.com/@cjirr8920"" target=""_blank"">@cjirr8920</a>",51,3,63.667,1,3,27,0,1785.889,79.111,0.333,2
"<a href=""https://tiktok.com/@cjur6297"" target=""_blank"">@cjur6297</a>",49,10,64.493,0.913,4,59,0,2210.545,37.818,0.545,0.455
"<a href=""https://tiktok.com/@clirr5282"" target=""_blank"">@clirr5282</a>",49,12,46.917,1,4,54,0.001,755.833,30,0.333,0.25
"<a href=""https://tiktok.com/@cnatk3189"" target=""_blank"">@cnatk3189</a>",56,6,53.177,0.895,9,116,0,1318.667,34.667,1.333,0.333
"<a href=""https://tiktok.com/@coirf88774"" target=""_blank"">@coirf88774</a>",49,12,57.583,1,4,36,0.001,778.583,37.083,0.333,0.333
"<a href=""https://tiktok.com/@courr1227"" target=""_blank"">@courr1227</a>",50,5,50,1,1,9,0,362.4,10.8,0.4,0
"<a href=""https://tiktok.com/@cute_chumi_girl208"" target=""_blank"">@cute_chumi_girl208</a>",34,4,56.143,0.875,1,21,0,562.111,41.444,5.667,2.889
"<a href=""https://tiktok.com/@cutegirlbabe2"" target=""_blank"">@cutegirlbabe2</a>",33,4,62.444,0.714,1,18,0,10.214,3.143,0.429,0
"<a href=""https://tiktok.com/@dadd.dhh7"" target=""_blank"">@dadd.dhh7</a>",21,12,54.724,0.952,3,35,0,1057.833,24.417,0.167,1
"<a href=""https://tiktok.com/@danghu337"" target=""_blank"">@danghu337</a>",5,6,56.222,1,2,18,0,1540.25,47.625,0.75,3.375
"<a href=""https://tiktok.com/@ddeaxmelj72"" target=""_blank"">@ddeaxmelj72</a>",17,10,38.5,1,1,10,0,1249.2,21.4,0.2,2.1
"<a href=""https://tiktok.com/@dhhi6645"" target=""_blank"">@dhhi6645</a>",49,12,55.573,0.967,3,79,0,477.583,25.833,0.167,0.333
"<a href=""https://tiktok.com/@dijx3903"" target=""_blank"">@dijx3903</a>",54,15,68.928,0.973,5,168,0,1972.867,43.4,0.667,0.6
"<a href=""https://tiktok.com/@djbdjfjff"" target=""_blank"">@djbdjfjff</a>",25,9,62.1,0.875,1,10,0,908,61.444,1.222,0.222
"<a href=""https://tiktok.com/@djwf2904"" target=""_blank"">@djwf2904</a>",53,15,60.485,0.938,5,120,0,517.133,24.133,0.133,0.2
"<a href=""https://tiktok.com/@doiplo1"" target=""_blank"">@doiplo1</a>",46,6,57.4,0.833,1,15,0,702.833,20.333,0,0
"<a href=""https://tiktok.com/@drgd8391"" target=""_blank"">@drgd8391</a>",53,12,70.196,0.964,4,69,0,1753.833,50,0.083,0.917
"<a href=""https://tiktok.com/@dtbtcc8"" target=""_blank"">@dtbtcc8</a>",46,18,67.171,0.965,6,152,0,766.944,20.278,0.111,0.278
"<a href=""https://tiktok.com/@dthh824"" target=""_blank"">@dthh824</a>",32,8,59.254,0.847,5,77,0,5932.125,109.375,0.875,1.5
"<a href=""https://tiktok.com/@duuff30"" target=""_blank"">@duuff30</a>",55,6,33.517,0.938,2,22,0,1933.833,52.833,3.667,2.5
"<a href=""https://tiktok.com/@dygd8923"" target=""_blank"">@dygd8923</a>",53,12,55.765,0.979,4,91,0,1155.133,46.067,0.6,0.267
"<a href=""https://tiktok.com/@ehgw1916"" target=""_blank"">@ehgw1916</a>",51,5,59.341,1,4,38,0,3336.2,50.9,0.4,0.8
"<a href=""https://tiktok.com/@eiej4325"" target=""_blank"">@eiej4325</a>",53,14,65.513,0.933,5,84,0,394.286,11.571,0.143,0.143
"<a href=""https://tiktok.com/@eiwv9484"" target=""_blank"">@eiwv9484</a>",52,4,42.75,1,1,12,0,1384.091,48.727,0.364,0.545
"<a href=""https://tiktok.com/@elizabeth.adams04"" target=""_blank"">@elizabeth.adams04</a>",36,3,22.667,1,1,9,0,482.333,8,0.667,0
"<a href=""https://tiktok.com/@eqmhqf"" target=""_blank"">@eqmhqf</a>",46,18,70.305,0.848,10,175,0.002,666.5,23.111,0.167,0.167
"<a href=""https://tiktok.com/@ethel.gregory2"" target=""_blank"">@ethel.gregory2</a>",5,10,58.537,0.969,4,41,0,4389.9,78.1,0.5,1.2
"<a href=""https://tiktok.com/@etuo.uop"" target=""_blank"">@etuo.uop</a>",21,11,51.133,1,1,15,0,1056,15.818,0.091,0.273
"<a href=""https://tiktok.com/@eudazpstrvf"" target=""_blank"">@eudazpstrvf</a>",29,10,54.017,0.889,2,22,0,6870.7,188.1,3.3,16.7
"<a href=""https://tiktok.com/@exmz856041"" target=""_blank"">@exmz856041</a>",20,10,56.406,0.88,3,31,0,877.1,26.3,0.2,0.1
"<a href=""https://tiktok.com/@fannybach2010"" target=""_blank"">@fannybach2010</a>",6,7,58.444,0.75,1,9,0,1744.444,91.222,1.778,0.556
"<a href=""https://tiktok.com/@fauy8466"" target=""_blank"">@fauy8466</a>",4,6,52.778,0.778,1,9,0,21634.429,237.571,1.429,3.714
"<a href=""https://tiktok.com/@fdijc3"" target=""_blank"">@fdijc3</a>",1,10,62.713,0.956,5,56,0.001,1161.9,63.7,0.8,1.6
"<a href=""https://tiktok.com/@feelforc0o0676"" target=""_blank"">@feelforc0o0676</a>",13,6,31,1,2,20,0,1150.667,32.833,0.667,1.5
"<a href=""https://tiktok.com/@fgjbgf4688"" target=""_blank"">@fgjbgf4688</a>",12,6,44.791,0.959,7,76,0,426.833,15.5,0,1.5
"<a href=""https://tiktok.com/@fgjores"" target=""_blank"">@fgjores</a>",21,11,62.909,0.889,1,11,0,922.545,28.818,0.727,0.364
"<a href=""https://tiktok.com/@fhda78402"" target=""_blank"">@fhda78402</a>",54,14,74.937,0.953,5,120,0,758.733,29.6,0.067,0
"<a href=""https://tiktok.com/@fhvf210"" target=""_blank"">@fhvf210</a>",22,7,44.4,1,2,20,0,50506.714,1147.714,7.571,34.571
"<a href=""https://tiktok.com/@fkir2290"" target=""_blank"">@fkir2290</a>",49,12,49.633,1,5,63,0.001,638.25,21.667,0.25,0
"<a href=""https://tiktok.com/@fnnf8890"" target=""_blank"">@fnnf8890</a>",49,6,55.111,1,3,27,0,1441,46.7,0,0.8
"<a href=""https://tiktok.com/@fsaftn"" target=""_blank"">@fsaftn</a>",46,12,54.305,0.84,4,65,0,714.562,27.188,0.312,1.062
"<a href=""https://tiktok.com/@fugfuj33"" target=""_blank"">@fugfuj33</a>",29,9,45,1,1,13,0,2288.2,78.1,0.7,3.3
"<a href=""https://tiktok.com/@fughf21"" target=""_blank"">@fughf21</a>",1,8,47.444,0.857,1,9,0,1195.875,72.625,0.875,0.375
"<a href=""https://tiktok.com/@fujgds.guio"" target=""_blank"">@fujgds.guio</a>",21,11,52.844,0.861,3,32,0,784.909,15.636,0.455,0.273
"<a href=""https://tiktok.com/@g.gy726"" target=""_blank"">@g.gy726</a>",24,6,61.194,0.713,2,21,0,984.778,22.444,0,0
"<a href=""https://tiktok.com/@gabriele.weber5"" target=""_blank"">@gabriele.weber5</a>",15,10,56.71,0.958,3,29,0,511.2,16.5,0.3,0
"<a href=""https://tiktok.com/@gckcj4"" target=""_blank"">@gckcj4</a>",3,7,57,1,2,18,0,1468.667,57.556,0.222,0.667
"<a href=""https://tiktok.com/@gdvcjh84747"" target=""_blank"">@gdvcjh84747</a>",38,8,53.929,0.909,1,14,0,5697.7,64.7,2.3,2
"<a href=""https://tiktok.com/@gfjch34"" target=""_blank"">@gfjch34</a>",27,7,65.556,1,1,9,0,1900.714,128.429,0.857,1.286
"<a href=""https://tiktok.com/@ghhj8554"" target=""_blank"">@ghhj8554</a>",54,14,66.968,0.922,4,122,0,723.286,29.5,0.214,0.857
"<a href=""https://tiktok.com/@gieffk"" target=""_blank"">@gieffk</a>",47,4,39.4,1,1,10,0,320.071,5.143,0.071,0
"<a href=""https://tiktok.com/@givi0331"" target=""_blank"">@givi0331</a>",58,6,74.2,0.917,2,24,0,269.833,9.167,0,0
"<a href=""https://tiktok.com/@gjguq6894"" target=""_blank"">@gjguq6894</a>",49,3,31,1,1,9,0,1432.667,56.444,0.444,0.667
"<a href=""https://tiktok.com/@gjie0094"" target=""_blank"">@gjie0094</a>",51,8,62.446,0.967,5,53,0,577.111,24.222,0.333,0.222
"<a href=""https://tiktok.com/@gjus6238"" target=""_blank"">@gjus6238</a>",51,3,59.8,1,5,45,0,1391.1,62.8,0.2,0.3
"<a href=""https://tiktok.com/@gour2295"" target=""_blank"">@gour2295</a>",50,5,50,1,1,9,0,802.4,24.6,0.2,0
"<a href=""https://tiktok.com/@greeryy2"" target=""_blank"">@greeryy2</a>",21,10,57.226,0.841,3,35,0,777.9,27.2,0,0.1
"<a href=""https://tiktok.com/@gubwos"" target=""_blank"">@gubwos</a>",26,9,30.556,1,1,9,0,1585.889,82.778,1.111,0.667
"<a href=""https://tiktok.com/@guoonn.hkp"" target=""_blank"">@guoonn.hkp</a>",21,12,64.312,0.917,1,16,0,588.917,15.5,0.167,0
"<a href=""https://tiktok.com/@gutieyy7"" target=""_blank"">@gutieyy7</a>",28,8,59,0.889,1,9,0,1808.25,109.25,0.75,0.375
"<a href=""https://tiktok.com/@hcodifb"" target=""_blank"">@hcodifb</a>",1,9,44.368,0.889,2,21,0,3788.889,72.667,0.778,1.111
"<a href=""https://tiktok.com/@hdifhg5"" target=""_blank"">@hdifhg5</a>",1,10,57.847,0.921,3,36,0,160533.4,4494.5,19.2,38.9
"<a href=""https://tiktok.com/@hdkcofh"" target=""_blank"">@hdkcofh</a>",45,6,59.778,1,1,9,0,183.2,14.1,0.2,0.3
"<a href=""https://tiktok.com/@hdlxohd"" target=""_blank"">@hdlxohd</a>",45,6,59.778,1,1,9,0,872.222,48.667,1.222,0.667
"<a href=""https://tiktok.com/@hdmjwo1"" target=""_blank"">@hdmjwo1</a>",46,15,58.137,0.983,10,118,0.001,869.444,19.167,0,0
"<a href=""https://tiktok.com/@hdvhds4"" target=""_blank"">@hdvhds4</a>",55,5,39.45,0.875,2,20,0,945.2,36.8,2,2.4
"<a href=""https://tiktok.com/@hec88551nva"" target=""_blank"">@hec88551nva</a>",30,9,38,0.875,1,12,0,1478.3,70.5,1.1,0.7
"<a href=""https://tiktok.com/@hehs5037"" target=""_blank"">@hehs5037</a>",49,12,72.781,0.983,5,104,0,735.417,31.583,0.167,0.25
"<a href=""https://tiktok.com/@hejdsgi"" target=""_blank"">@hejdsgi</a>",21,12,56.58,0.944,2,27,0,287.417,7.583,0,0.167
"<a href=""https://tiktok.com/@hgff.nko"" target=""_blank"">@hgff.nko</a>",21,11,53.888,0.917,2,29,0,691.091,18.091,0,0
"<a href=""https://tiktok.com/@hh155702"" target=""_blank"">@hh155702</a>",37,7,28.8,1,1,10,0,981,23.429,0.286,0.429
"<a href=""https://tiktok.com/@hidouo"" target=""_blank"">@hidouo</a>",46,18,65.337,0.942,4,129,0,1095.056,26.389,0.167,0.389
"<a href=""https://tiktok.com/@hlnvan42749s"" target=""_blank"">@hlnvan42749s</a>",20,8,43.4,0.875,1,10,0,833.125,18.75,0.75,0.125
"<a href=""https://tiktok.com/@hltuoq"" target=""_blank"">@hltuoq</a>",46,14,68.419,0.96,5,137,0,4955.833,101.611,0.556,1.222
"<a href=""https://tiktok.com/@hockey2840"" target=""_blank"">@hockey2840</a>",17,10,38.5,1,1,10,0,2705.9,56.9,0.3,2.3
"<a href=""https://tiktok.com/@hotcool586"" target=""_blank"">@hotcool586</a>",19,8,62.107,0.917,3,28,0,596.5,13.875,0.125,0.25
"<a href=""https://tiktok.com/@hrfj8302"" target=""_blank"">@hrfj8302</a>",49,6,45.708,0.833,2,21,0,997.545,25.273,0.273,0.545
"<a href=""https://tiktok.com/@hskdk.jso"" target=""_blank"">@hskdk.jso</a>",19,5,50,1,1,9,0,6618,49.6,0.2,0.6
"<a href=""https://tiktok.com/@huff797"" target=""_blank"">@huff797</a>",16,10,62.761,0.825,2,22,0,893.7,20.7,0.2,0.6
"<a href=""https://tiktok.com/@huiodjio"" target=""_blank"">@huiodjio</a>",7,10,50.529,1,2,24,0,2162.8,107,1.3,1.4
"<a href=""https://tiktok.com/@huoqilaiya"" target=""_blank"">@huoqilaiya</a>",11,10,58.909,0.8,1,11,0,932.8,26.2,0.6,0.8
"<a href=""https://tiktok.com/@hygge8662"" target=""_blank"">@hygge8662</a>",29,10,54.917,1,2,25,0,10052.4,267,3.7,56.2
"<a href=""https://tiktok.com/@idpeoc"" target=""_blank"">@idpeoc</a>",46,18,59.049,0.858,6,134,0.001,552.222,12.722,0,0.167
"<a href=""https://tiktok.com/@ihgg5672"" target=""_blank"">@ihgg5672</a>",12,6,45.567,1,5,57,0,1172.333,45.167,2,7
"<a href=""https://tiktok.com/@iiuu553"" target=""_blank"">@iiuu553</a>",32,15,51.28,0.883,6,125,0,4078.333,58.4,1.333,2.533
"<a href=""https://tiktok.com/@irdc042"" target=""_blank"">@irdc042</a>",1,10,71.833,0.929,2,18,0,1561.7,67.2,1.2,0.6
"<a href=""https://tiktok.com/@isce0690"" target=""_blank"">@isce0690</a>",58,6,63.333,1,1,9,0,299.5,7.167,0,0
"<a href=""https://tiktok.com/@isgs5669"" target=""_blank"">@isgs5669</a>",58,3,60.667,1,2,18,0,116.667,4.5,0,0
"<a href=""https://tiktok.com/@iupkvg"" target=""_blank"">@iupkvg</a>",46,15,68.574,0.874,6,93,0.001,302.267,8.667,0,0.067
"<a href=""https://tiktok.com/@j.ee238"" target=""_blank"">@j.ee238</a>",24,7,66.378,0.8,2,19,0,558,9,0.125,0.125
"<a href=""https://tiktok.com/@j.uv586"" target=""_blank"">@j.uv586</a>",22,6,54.5,1,1,10,0,1059.857,25,0.286,0.571
"<a href=""https://tiktok.com/@jackie.bradley45"" target=""_blank"">@jackie.bradley45</a>",12,6,32.917,1,2,21,0,1479,34.667,3.333,10.333
"<a href=""https://tiktok.com/@jajsjsn56"" target=""_blank"">@jajsjsn56</a>",31,14,53.906,0.924,5,101,0,3043.786,77.929,0.214,0.214
"<a href=""https://tiktok.com/@james.anderson7417"" target=""_blank"">@james.anderson7417</a>",35,8,59.111,0.875,1,9,0,41514.5,952.125,82.5,75.125
"<a href=""https://tiktok.com/@jann.jacobs"" target=""_blank"">@jann.jacobs</a>",14,6,36.167,1,1,12,0,1080.167,23.333,3,0.833
"<a href=""https://tiktok.com/@jcsie5410"" target=""_blank"">@jcsie5410</a>",51,7,79.178,0.944,3,33,0,2298.111,58.222,0.333,0.333
"<a href=""https://tiktok.com/@jdbjd335"" target=""_blank"">@jdbjd335</a>",23,6,79.3,0.833,1,10,0,66009.778,949.778,4,7.556
"<a href=""https://tiktok.com/@jdpdosj"" target=""_blank"">@jdpdosj</a>",1,10,62.161,0.819,2,19,0,434,19.3,0.5,0.2
"<a href=""https://tiktok.com/@jdpxorjf"" target=""_blank"">@jdpxorjf</a>",1,10,59.055,0.886,5,56,0.001,815.8,47.5,0.6,0.6
"<a href=""https://tiktok.com/@jfdd653"" target=""_blank"">@jfdd653</a>",4,8,54.777,0.878,3,32,0,2289.875,58.75,0.75,0.25
"<a href=""https://tiktok.com/@jfkovj5"" target=""_blank"">@jfkovj5</a>",2,8,49.556,1,1,9,0,74090.1,4051.5,35.1,83.6
"<a href=""https://tiktok.com/@jfodxgajsjijpd"" target=""_blank"">@jfodxgajsjijpd</a>",12,6,44.264,1,7,83,0,1207.5,57.333,0.167,1.5
"<a href=""https://tiktok.com/@jfufrehcdh"" target=""_blank"">@jfufrehcdh</a>",2,10,48.111,1,2,18,0,2157.6,122.7,1.2,1.8
"<a href=""https://tiktok.com/@jg.vj19"" target=""_blank"">@jg.vj19</a>",19,7,50.556,0.917,3,27,0,1348.375,21.25,0.25,0.125
"<a href=""https://tiktok.com/@jh.hj90"" target=""_blank"">@jh.hj90</a>",19,8,58.511,0.917,3,29,0,1306.375,32.75,0.125,0.125
"<a href=""https://tiktok.com/@jkuy0534"" target=""_blank"">@jkuy0534</a>",53,13,76.572,0.865,5,125,0,589.933,24.267,0.2,0
"<a href=""https://tiktok.com/@joab.truitt"" target=""_blank"">@joab.truitt</a>",5,8,34.6,1,2,20,0,2291.75,111.875,1,1
"<a href=""https://tiktok.com/@josieferguson6"" target=""_blank"">@josieferguson6</a>",5,9,48.44,0.964,4,40,0,4897.778,117.556,0.778,1.222
"<a href=""https://tiktok.com/@jsjx359"" target=""_blank"">@jsjx359</a>",24,3,37.667,1,1,9,0,26,0.333,0,0
"<a href=""https://tiktok.com/@jsosjxj8"" target=""_blank"">@jsosjxj8</a>",2,10,59.556,0.938,2,18,0,1144.1,71.1,1.3,0.4
"<a href=""https://tiktok.com/@juliedouglass2013"" target=""_blank"">@juliedouglass2013</a>",6,8,58.444,0.75,1,9,0,1826.3,61,0.1,1
"<a href=""https://tiktok.com/@juliosalazar229"" target=""_blank"">@juliosalazar229</a>",43,8,59.545,1,1,11,0,27597.8,538.9,6.5,12.8
"<a href=""https://tiktok.com/@jvhb240"" target=""_blank"">@jvhb240</a>",31,13,58.108,0.834,5,106,0,8441.538,154.231,0.615,2.615
"<a href=""https://tiktok.com/@jvtvc3"" target=""_blank"">@jvtvc3</a>",31,12,51.566,0.864,5,93,0,4382,92,1.167,3.5
"<a href=""https://tiktok.com/@jxfciicg"" target=""_blank"">@jxfciicg</a>",55,6,34.267,0.938,2,22,0,946.167,41.833,0.667,0.5
"<a href=""https://tiktok.com/@kamlisarkar_0"" target=""_blank"">@kamlisarkar_0</a>",40,12,94.915,0.726,3,53,0,1079.25,128.833,8,1.833
"<a href=""https://tiktok.com/@khanh.phukhh"" target=""_blank"">@khanh.phukhh</a>",44,7,52.444,0.75,1,9,0,2420,61.375,1,0.75
"<a href=""https://tiktok.com/@khfbou"" target=""_blank"">@khfbou</a>",48,6,18.306,1,2,36,0,1656.417,24,0.25,0
"<a href=""https://tiktok.com/@kmlisarkar_1"" target=""_blank"">@kmlisarkar_1</a>",40,11,82.85,0.689,2,46,0,531.083,51.583,3.75,0.417
"<a href=""https://tiktok.com/@ktsfyh"" target=""_blank"">@ktsfyh</a>",7,10,61.581,0.952,3,33,0,3094,153.9,2.3,0.8
"<a href=""https://tiktok.com/@kubjij"" target=""_blank"">@kubjij</a>",48,6,18.583,0.944,2,36,0,853.583,36.5,0.25,0.333
"<a href=""https://tiktok.com/@labksb49906r"" target=""_blank"">@labksb49906r</a>",20,8,54,0.889,1,9,0,1029.125,64.5,0,0
"<a href=""https://tiktok.com/@labubushiping51"" target=""_blank"">@labubushiping51</a>",10,7,46.222,1,1,9,0,1417.857,16.857,0.857,0.143
"<a href=""https://tiktok.com/@landscape5670"" target=""_blank"">@landscape5670</a>",7,9,80.8,0.857,1,10,0,2120.667,196.556,2,1.333
"<a href=""https://tiktok.com/@lanora.haskely"" target=""_blank"">@lanora.haskely</a>",44,7,52.444,0.75,1,9,0,1198,47.286,0.429,0.286
"<a href=""https://tiktok.com/@lawrenceharvey54"" target=""_blank"">@lawrenceharvey54</a>",14,6,36.167,1,1,12,0,511.333,12.167,0.833,0.167
"<a href=""https://tiktok.com/@lhqitc"" target=""_blank"">@lhqitc</a>",46,18,72.068,0.902,4,85,0,1150.944,28.5,0.167,0.056
"<a href=""https://tiktok.com/@liam.williams53"" target=""_blank"">@liam.williams53</a>",35,5,59.111,0.875,1,9,0,748.4,15.8,0,0.4
"<a href=""https://tiktok.com/@luet671136"" target=""_blank"">@luet671136</a>",20,9,49.889,0.778,1,9,0,1549.333,57,0.222,0.667
"<a href=""https://tiktok.com/@luisina.riihimaki"" target=""_blank"">@luisina.riihimaki</a>",2,7,56.889,1,1,9,0,548.889,52.556,0.556,0.222
"<a href=""https://tiktok.com/@lush_queen120"" target=""_blank"">@lush_queen120</a>",34,6,56.143,0.875,1,21,0,22429.667,1397.364,45.03,102.636
"<a href=""https://tiktok.com/@marjoriecarrie0525"" target=""_blank"">@marjoriecarrie0525</a>",15,10,52.207,0.97,3,33,0,538,16.8,0.3,0
"<a href=""https://tiktok.com/@mong.khuu"" target=""_blank"">@mong.khuu</a>",15,10,50.711,0.946,4,46,0,643.9,17.8,0.4,0.2
"<a href=""https://tiktok.com/@msfsgvsvcsdfsadsa"" target=""_blank"">@msfsgvsvcsdfsadsa</a>",20,8,61.05,0.767,2,20,0,587.625,16.75,0,0.125
"<a href=""https://tiktok.com/@ncsfo3287"" target=""_blank"">@ncsfo3287</a>",56,6,48.02,0.928,8,103,0,2460.833,67.333,1.167,0.5
"<a href=""https://tiktok.com/@needed9274"" target=""_blank"">@needed9274</a>",18,8,65.7,0.875,1,10,0,2505.625,49.375,0.75,3.125
"<a href=""https://tiktok.com/@nendn4309"" target=""_blank"">@nendn4309</a>",3,8,69.667,0.938,2,18,0,1790,61.333,0.333,0.889
"<a href=""https://tiktok.com/@nfyk.emma"" target=""_blank"">@nfyk.emma</a>",15,8,58.2,0.875,1,10,0,765.375,29,1.25,0.125
"<a href=""https://tiktok.com/@nxpsa4288"" target=""_blank"">@nxpsa4288</a>",56,5,70.48,0.884,7,77,0,3562.4,86.4,1,0.2
"<a href=""https://tiktok.com/@ojbkhhh2"" target=""_blank"">@ojbkhhh2</a>",19,8,31.1,1,1,10,0,882,31.875,0.125,0.125
"<a href=""https://tiktok.com/@okay11732"" target=""_blank"">@okay11732</a>",54,15,77.428,0.967,4,122,0,1420.933,53.933,0.467,0.8
"<a href=""https://tiktok.com/@pbpktw"" target=""_blank"">@pbpktw</a>",46,16,63.097,0.822,9,159,0.001,783.412,19.588,0.176,0.529
"<a href=""https://tiktok.com/@pjk3357"" target=""_blank"">@pjk3357</a>",42,10,62.618,0.921,3,33,0,472.4,16,0,0.1
"<a href=""https://tiktok.com/@power7143"" target=""_blank"">@power7143</a>",37,7,28.8,1,1,10,0,3247.714,28.714,0.143,1
"<a href=""https://tiktok.com/@prbnac"" target=""_blank"">@prbnac</a>",46,9,44.909,0.979,6,78,0,1636,23.444,0,0.333
"<a href=""https://tiktok.com/@prtnr8"" target=""_blank"">@prtnr8</a>",28,10,61.409,0.944,2,20,0,1945.3,75.8,1.8,0.2
"<a href=""https://tiktok.com/@puhrra"" target=""_blank"">@puhrra</a>",46,18,48.679,0.954,6,177,0,893.111,28.722,0.167,0.778
"<a href=""https://tiktok.com/@pxogmdqpa46"" target=""_blank"">@pxogmdqpa46</a>",16,10,71.444,0.75,1,9,0,993.9,17,2.8,12.9
"<a href=""https://tiktok.com/@qigqtm"" target=""_blank"">@qigqtm</a>",46,13,54.423,0.865,4,63,0,223.133,4.267,0,0.133
"<a href=""https://tiktok.com/@qwdfionqfamkqo"" target=""_blank"">@qwdfionqfamkqo</a>",13,5,31.894,1,2,19,0,1278.8,46.8,2.8,5.2
"<a href=""https://tiktok.com/@reddit55549"" target=""_blank"">@reddit55549</a>",42,6,58.111,1,1,9,0,498.875,27,0.625,1.5
"<a href=""https://tiktok.com/@redditstory667"" target=""_blank"">@redditstory667</a>",42,7,69.143,0.875,1,14,0,378,7.857,0.143,0
"<a href=""https://tiktok.com/@redreddit48"" target=""_blank"">@redreddit48</a>",42,7,60.6,0.889,1,10,0,410,19.25,0,0
"<a href=""https://tiktok.com/@rhzpbjoqixj"" target=""_blank"">@rhzpbjoqixj</a>",12,6,56.156,0.889,3,32,0,380.5,8.833,0.333,0.667
"<a href=""https://tiktok.com/@rohingyao"" target=""_blank"">@rohingyao</a>",7,8,60.5,0.889,1,12,0,1263.556,87.556,9.111,2
"<a href=""https://tiktok.com/@rosacasey65"" target=""_blank"">@rosacasey65</a>",28,9,63.818,1,1,11,0,13598.444,458.889,2.111,3.444
"<a href=""https://tiktok.com/@rrwtqoji8v5"" target=""_blank"">@rrwtqoji8v5</a>",20,10,52.9,0.7,1,10,0,904.6,25.2,0.2,0.3
"<a href=""https://tiktok.com/@sasapco"" target=""_blank"">@sasapco</a>",7,10,53.495,1,2,20,0,2489.3,181.4,1.5,1.4
"<a href=""https://tiktok.com/@sbafo4188"" target=""_blank"">@sbafo4188</a>",56,4,43.696,0.915,6,62,0,974.5,22.5,0,0
"<a href=""https://tiktok.com/@sidjjd79"" target=""_blank"">@sidjjd79</a>",19,7,58.889,1,1,9,0,871.889,18.889,0.222,0
"<a href=""https://tiktok.com/@sijh37"" target=""_blank"">@sijh37</a>",31,14,57.73,0.818,5,95,0,14507.714,190.357,2.143,1.929
"<a href=""https://tiktok.com/@soodb4177"" target=""_blank"">@soodb4177</a>",56,6,51.784,0.883,12,162,0,258.667,10.167,0.167,0
"<a href=""https://tiktok.com/@sqifhw"" target=""_blank"">@sqifhw</a>",46,18,59.071,0.987,5,146,0,1368.278,30.111,0.278,0.667
"<a href=""https://tiktok.com/@stoyouh"" target=""_blank"">@stoyouh</a>",7,9,62.048,1,3,33,0,2071.778,101,2,2.111
"<a href=""https://tiktok.com/@stvhfhj"" target=""_blank"">@stvhfhj</a>",8,8,58.333,1,1,12,0,3217.111,111.667,1.222,0.778
"<a href=""https://tiktok.com/@svjscsh"" target=""_blank"">@svjscsh</a>",8,7,46.667,0.875,1,9,0,6199.429,246,5.286,8.714
"<a href=""https://tiktok.com/@svpmrjwfqvu2oj"" target=""_blank"">@svpmrjwfqvu2oj</a>",12,6,42.538,0.982,7,80,0,1079.167,36.833,1,2
"<a href=""https://tiktok.com/@tenbr.boozapp"" target=""_blank"">@tenbr.boozapp</a>",43,10,59.545,1,1,11,0,10825.2,162.1,4,6.3
"<a href=""https://tiktok.com/@textstyo"" target=""_blank"">@textstyo</a>",8,10,52.5,0.938,2,21,0,5304.6,189,2.7,5.8
"<a href=""https://tiktok.com/@tguu743"" target=""_blank"">@tguu743</a>",38,10,56.192,0.955,2,25,0,2330.2,81.8,4.3,2.6
"<a href=""https://tiktok.com/@the.esther00"" target=""_blank"">@the.esther00</a>",12,6,44.183,0.917,2,19,0,586.167,15.667,0.667,1.833
"<a href=""https://tiktok.com/@the.yellow09"" target=""_blank"">@the.yellow09</a>",9,6,16.667,1,1,12,0,518.5,11.833,0.167,0.167
"<a href=""https://tiktok.com/@tiffanystory8"" target=""_blank"">@tiffanystory8</a>",29,10,43.2,0.778,1,10,0,1678.1,56.2,0.9,33.1
"<a href=""https://tiktok.com/@tiiff4205"" target=""_blank"">@tiiff4205</a>",49,4,28.75,0.667,1,12,0,576.4,19,0.3,0.3
"<a href=""https://tiktok.com/@tiut0219"" target=""_blank"">@tiut0219</a>",51,3,59,1,4,36,0,435.143,13,0.286,0.143
"<a href=""https://tiktok.com/@tiwakp1"" target=""_blank"">@tiwakp1</a>",46,12,59.225,0.958,4,63,0,753.75,29.667,0.333,0.25
"<a href=""https://tiktok.com/@triste_2909"" target=""_blank"">@triste_2909</a>",59,3,52,1,1,9,0,1446.333,221,2,2.333
"<a href=""https://tiktok.com/@ubhutfrx"" target=""_blank"">@ubhutfrx</a>",2,8,64.667,0.938,2,18,0,1505.7,76.2,0.7,1.2
"<a href=""https://tiktok.com/@ubpnwixo9j2jck"" target=""_blank"">@ubpnwixo9j2jck</a>",9,6,16.667,1,1,12,0,1214.5,27.167,0.5,0
"<a href=""https://tiktok.com/@uehjkb3487"" target=""_blank"">@uehjkb3487</a>",12,6,41.894,1,7,83,0,542.667,11.833,0.5,3.333
"<a href=""https://tiktok.com/@ufsc8075"" target=""_blank"">@ufsc8075</a>",49,11,61.948,0.954,4,75,0,1162.909,44.909,0.273,0.455
"<a href=""https://tiktok.com/@ujrrrsq"" target=""_blank"">@ujrrrsq</a>",46,13,57.783,0.827,7,97,0,300.875,9,0,0.125
"<a href=""https://tiktok.com/@ulrikesteuber"" target=""_blank"">@ulrikesteuber</a>",15,10,77.8,1,1,10,0,572.2,11.6,0.4,0.2
"<a href=""https://tiktok.com/@urdu9708"" target=""_blank"">@urdu9708</a>",49,11,44.346,0.896,2,53,0,1226.273,31.364,0,0.273
"<a href=""https://tiktok.com/@user1820502288752"" target=""_blank"">@user1820502288752</a>",41,8,62.111,1,1,9,0,2135.75,105.875,0.625,2
"<a href=""https://tiktok.com/@user3154950400581"" target=""_blank"">@user3154950400581</a>",27,10,65.556,1,1,9,0,1394.7,81.6,2.4,2.5
"<a href=""https://tiktok.com/@user33450120083591"" target=""_blank"">@user33450120083591</a>",47,4,39.4,1,1,10,0,665.1,25.1,0,0.4
"<a href=""https://tiktok.com/@user3436197788624"" target=""_blank"">@user3436197788624</a>",31,14,47.189,0.924,5,119,0,3039.071,102.857,0.786,1.357
"<a href=""https://tiktok.com/@user361947617460"" target=""_blank"">@user361947617460</a>",5,6,72.05,0.866,2,19,0,1921.333,70.333,0.667,0.667
"<a href=""https://tiktok.com/@user3825956150738"" target=""_blank"">@user3825956150738</a>",32,12,48.488,0.887,6,106,0,3271.583,71.833,0.333,3.667
"<a href=""https://tiktok.com/@user4148379047616"" target=""_blank"">@user4148379047616</a>",25,8,62.1,0.875,1,10,0,1716.25,49.375,0.125,2.25
"<a href=""https://tiktok.com/@user5626060056906"" target=""_blank"">@user5626060056906</a>",1,10,72.717,0.819,2,22,0,785,44.5,0.9,0.9
"<a href=""https://tiktok.com/@user6922385284275"" target=""_blank"">@user6922385284275</a>",1,10,54.8,0.857,1,10,0,1626,79.5,1.5,0.9
"<a href=""https://tiktok.com/@user7224426108057"" target=""_blank"">@user7224426108057</a>",18,7,65.7,0.875,1,10,0,2563.556,38.444,0.222,0.667
"<a href=""https://tiktok.com/@username.12345301"" target=""_blank"">@username.12345301</a>",40,5,96.765,0.833,1,17,0,16515.833,120.083,2.333,7.083
"<a href=""https://tiktok.com/@username.1234615"" target=""_blank"">@username.1234615</a>",39,17,89.942,0.727,1,52,0,1166.067,62.167,6.667,0.433
"<a href=""https://tiktok.com/@username.123467897"" target=""_blank"">@username.123467897</a>",39,15,95.957,0.72,2,39,0,140.583,14.125,2.333,0.042
"<a href=""https://tiktok.com/@username.12365478"" target=""_blank"">@username.12365478</a>",39,27,95.103,0.655,2,71,0,1840.7,93.1,7.633,1.433
"<a href=""https://tiktok.com/@username.1545465"" target=""_blank"">@username.1545465</a>",40,8,75.973,0.889,1,37,0,439,53.333,3,0.222
"<a href=""https://tiktok.com/@username.64754675"" target=""_blank"">@username.64754675</a>",40,12,82.945,0.841,3,75,0,168.917,23.667,1.5,0.083
"<a href=""https://tiktok.com/@usjg2117"" target=""_blank"">@usjg2117</a>",58,6,66,1,1,9,0,260.333,8.5,0.167,0
"<a href=""https://tiktok.com/@uufplsvlxvp"" target=""_blank"">@uufplsvlxvp</a>",13,5,24.994,1,2,19,0,735.4,26.4,0.6,0.2
"<a href=""https://tiktok.com/@vakft4299"" target=""_blank"">@vakft4299</a>",57,6,44.722,0.958,6,69,0,1526.333,35.667,0.5,0.333
"<a href=""https://tiktok.com/@vdjdidu4"" target=""_blank"">@vdjdidu4</a>",38,6,58.455,1,1,11,0,10394.25,412.25,14,22.5
"<a href=""https://tiktok.com/@vghf668"" target=""_blank"">@vghf668</a>",23,6,79.3,0.833,1,10,0,1756.857,52.857,0.286,0.286
"<a href=""https://tiktok.com/@vkie1837"" target=""_blank"">@vkie1837</a>",52,6,42.75,1,1,12,0,361.556,14,0.222,0
"<a href=""https://tiktok.com/@vxkaw3274"" target=""_blank"">@vxkaw3274</a>",56,5,54.715,0.744,7,73,0,1883.4,46.2,0.4,0.6
"<a href=""https://tiktok.com/@wabisabi_35"" target=""_blank"">@wabisabi_35</a>",59,3,52,1,1,9,0,1639,134.333,0.333,0.333
"<a href=""https://tiktok.com/@watts4718"" target=""_blank"">@watts4718</a>",16,10,60.2,0.929,2,25,0,1064.7,21.9,4.5,13.6
"<a href=""https://tiktok.com/@wbskc4277"" target=""_blank"">@wbskc4277</a>",56,4,49.385,0.823,8,77,0,1939.5,72.75,0.5,0.5
"<a href=""https://tiktok.com/@wgslhe"" target=""_blank"">@wgslhe</a>",46,18,72.643,0.965,6,185,0,1811.889,41.5,0.556,0.778
"<a href=""https://tiktok.com/@wlack2188"" target=""_blank"">@wlack2188</a>",57,3,41.426,0.967,6,54,0,1678.833,57.333,0,0
"<a href=""https://tiktok.com/@wove1579"" target=""_blank"">@wove1579</a>",53,13,75.548,0.907,3,75,0,280.267,13.2,0.067,0.333
"<a href=""https://tiktok.com/@woyaofadacai0"" target=""_blank"">@woyaofadacai0</a>",12,6,66.303,1,5,59,0,517.667,18,0.333,1
"<a href=""https://tiktok.com/@wudtm4288"" target=""_blank"">@wudtm4288</a>",56,6,50.829,0.942,10,134,0,7343.5,223.667,0.833,1.667
"<a href=""https://tiktok.com/@wuge2639"" target=""_blank"">@wuge2639</a>",58,6,70.2,0.917,2,24,0,270.167,7.667,0,0
"<a href=""https://tiktok.com/@wys88511u0t"" target=""_blank"">@wys88511u0t</a>",30,8,38,0.875,1,12,0,2456,161.8,7,3.4
"<a href=""https://tiktok.com/@xiaoheiyang11"" target=""_blank"">@xiaoheiyang11</a>",10,8,46.222,1,1,9,0,728,23.125,0.375,0.25
"<a href=""https://tiktok.com/@xihz9643"" target=""_blank"">@xihz9643</a>",49,9,48.111,1,3,45,0,549.727,20.818,0,0.364
"<a href=""https://tiktok.com/@xxii911"" target=""_blank"">@xxii911</a>",7,10,65.087,0.972,4,46,0,1540.9,86.8,0.7,0.7
"<a href=""https://tiktok.com/@yowbc4277"" target=""_blank"">@yowbc4277</a>",57,6,45.876,0.961,6,71,0,223.667,5.333,0,0
"<a href=""https://tiktok.com/@ytrq8081"" target=""_blank"">@ytrq8081</a>",54,11,72.971,0.958,3,76,0,2146.533,64.8,0.467,0.133
"<a href=""https://tiktok.com/@zsdx184"" target=""_blank"">@zsdx184</a>",32,8,57.814,0.88,5,66,0,3556.8,66.5,0.6,2.1
"<a href=""https://tiktok.com/@zxvb736"" target=""_blank"">@zxvb736</a>",32,11,60.746,0.904,6,90,0,4297.909,69.545,0.364,1.636
