"Network","Number of Accounts","Network Density","Network Diameter","Clustering Coefficient","Avg Views","Avg Likes","Avg Comments","Avg Shares","Member Accounts"
1,11,0.273,45,0.417,16562.66,480.453,2.642,4.708,"fughf21, irdc042, user5626060056906, bmc12655, fdijc3, jdpxorjf, hcodifb, jdpdosj, chantalkusch, hdifhg5, user6922385284275"
2,5,0.4,36,0,16202.347,891.592,7.918,17.796,"jfufrehcdh, jsosjxj8, ubhutfrx, luisina.riihimaki, jfkovj5"
3,3,1,9,1,1923.36,63.84,0.2,0.6,"bfihc, nendn4309, gckcj4"
4,4,0.667,22,0.6,6369.781,110.094,1,1.469,"anaxagoras.harlen, jfdd653, aedyckctu, fauy8466"
5,5,0.7,19,0.6,3174.707,86.268,0.732,1.512,"danghu337, ethel.gregory2, joab.truitt, josieferguson6, user361947617460"
6,2,1,9,0,1787.526,75.316,0.895,0.789,"fannybach2010, juliedouglass2013"
7,7,0.381,42,0.214,2119.015,130.701,2.627,1.373,"rohingyao, huiodjio, landscape5670, ktsfyh, stoyouh, sasapco, xxii911"
8,3,0.667,21,0,4822.923,177.577,2.885,4.846,"svjscsh, textstyo, stvhfhj"
9,2,1,12,0,866.5,19.5,0.333,0.083,"the.yellow09, ubpnwixo9j2jck"
10,2,1,9,0,1049.933,20.2,0.6,0.2,"labubushiping51, xiaoheiyang11"
11,2,1,11,0,1150.333,31.333,0.5,0.5,"huoqilaiya, baobaiwan888"
12,11,0.509,42,0.816,814.136,28.758,0.773,2.667,"woyaofadacai0, the.esther00, jackie.bradley45, bxecxotdjfrvi, uehjkb3487, svpmrjwfqvu2oj, cbnhf5680, jfodxgajsjijpd, ihgg5672, rhzpbjoqixj, fgjbgf4688"
13,3,1,10,1,1060.938,35.188,1.312,2.25,"feelforc0o0676, qwdfionqfamkqo, uufplsvlxvp"
14,2,1,12,0,795.75,17.75,1.917,0.5,"jann.jacobs, lawrenceharvey54"
15,6,0.533,30,0.667,531.621,15.552,0.431,0.086,"camilo.austin5, ulrikesteuber, nfyk.emma, mong.khuu, marjoriecarrie0525, gabriele.weber5"
16,7,0.286,73,0,1410.101,29.493,1.899,8.551,"babypink6896, apsaaadel1383, huff797, pxogmdqpa46, bcc662, books3478, watts4718"
17,2,1,10,0,1977.55,39.15,0.25,2.2,"ddeaxmelj72, hockey2840"
18,2,1,10,0,2536.294,43.588,0.471,1.824,"user7224426108057, needed9274"
19,6,0.4,29,0.333,1608.761,26.435,0.174,0.174,"hskdk.jso, jg.vj19, hotcool586, ojbkhhh2, jh.hj90, sidjjd79"
20,13,0.179,51,0.231,788.75,25.268,0.348,0.393,"msfsgvsvcsdfsadsa, luet671136, rrwtqoji8v5, ale2r35, anpebsaxgu9, hlnvan42749s, alejkityuoo, bsbwphji4xu, aleaa0249, buslmigf7dn, ale383279, exmz856041, labksb49906r"
21,8,0.286,65,0.273,766.544,18.933,0.2,0.278,"hejdsgi, fujgds.guio, fgjores, guoonn.hkp, hgff.nko, dadd.dhh7, etuo.uop, greeryy2"
22,3,0.667,20,0,16182.043,366.391,2.565,10.913,"berez.paulo, j.uv586, fhvf210"
23,2,1,10,0,37899.125,557.375,2.375,4.375,"jdbjd335, vghf668"
24,4,0.667,21,0.6,847.655,16.103,0.103,0.138,"burba.robyn, g.gy726, j.ee238, jsjx359"
25,2,1,10,0,1288.353,55.765,0.706,1.176,"djbdjfjff, user4148379047616"
26,2,1,9,0,1515.778,75.833,0.944,0.611,"chdg050, gubwos"
27,2,1,9,0,1603.059,100.882,1.765,2,"gfjch34, user3154950400581"
28,3,0.667,20,0,5789.074,213.407,1.593,1.333,"gutieyy7, rosacasey65, prtnr8"
29,4,0.5,35,0,5222.35,147.35,2.15,27.325,"eudazpstrvf, hygge8662, fugfuj33, tiffanystory8"
30,2,1,12,0,1967.15,116.15,4.05,2.05,"hec88551nva, wys88511u0t"
31,6,1,28,1,6655.118,119.737,0.934,1.737,"aed2750, jajsjsn56, sijh37, jvhb240, jvtvc3, user3436197788624"
32,7,0.905,28,0.907,4009,68.784,0.568,2.014,"aed0267, user3825956150738, iiuu553, cfdc18, dthh824, zsdx184, zxvb736"
33,2,1,18,0,236.679,22.571,0.893,1.25,"amazing_seeet120, cutegirlbabe2"
34,2,1,21,0,17743.762,1106.81,36.595,81.262,"cute_chumi_girl208, lush_queen120"
35,2,1,9,0,25835.231,592,50.769,46.385,"james.anderson7417, liam.williams53"
36,2,1,9,0,5592.5,55.667,2,1.167,"chris001997, elizabeth.adams04"
37,2,1,10,0,2114.357,26.071,0.214,0.714,"power7143, hh155702"
38,3,0.667,25,0,5836.893,170.107,6.357,8.071,"gdvcjh84747, tguu743, vdjdidu4"
39,4,0.5,91,0,961.093,53.981,5.065,0.556,"beaty_queen_22, username.1234615, username.123467897, username.12365478"
40,5,0.5,68,0.429,3920.912,76.667,3.754,2.018,"username.1545465, kamlisarkar_0, kmlisarkar_1, username.64754675, username.12345301"
41,2,1,9,0,1819.933,84.6,0.6,1.467,"aedhsks, user1820502288752"
42,4,0.5,24,0,443.667,17.727,0.182,0.394,"pjk3357, reddit55549, redditstory667, redreddit48"
43,2,1,11,0,19211.5,350.5,5.25,9.55,"juliosalazar229, tenbr.boozapp"
44,2,1,9,0,1849.733,54.8,0.733,0.533,"khanh.phukhh, lanora.haskely"
45,2,1,9,0,509.579,30.474,0.684,0.474,"hdkcofh, hdlxohd"
46,21,0.286,80,0.584,1081.146,25.896,0.17,0.36,"pbpktw, qigqtm, fsaftn, hdmjwo1, tiwakp1, iupkvg, doiplo1, arffug, bpgarp, puhrra, sqifhw, hltuoq, lhqitc, dtbtcc8, idpeoc, eqmhqf, ujrrrsq, bipiqo, hidouo, prbnac, wgslhe"
47,2,1,10,0,463.833,13.458,0.042,0.167,"gieffk, user33450120083591"
48,3,1,18,1,1406.278,34.417,0.222,0.25,"khfbou, ciojkb, kubjij"
49,14,0.242,59,0.362,1264.462,35.513,0.256,0.378,"coirf88774, hrfj8302, fnnf8890, fkir2290, clirr5282, cjire9104, cjur6297, hehs5037, dhhi6645, tiiff4205, gjguq6894, xihz9643, urdu9708, ufsc8075"
50,2,1,9,0,582.4,17.7,0.3,0,"courr1227, gour2295"
51,6,0.8,18,0.789,1708.685,49.667,0.315,0.648,"cjirr8920, gjus6238, gjie0094, ehgw1916, jcsie5410, tiut0219"
52,2,1,12,0,923.95,33.1,0.3,0.3,"eiwv9484, vkie1837"
53,6,0.867,36,0.867,752.36,27.64,0.209,0.291,"drgd8391, djwf2904, dygd8923, jkuy0534, eiej4325, wove1579"
54,6,0.867,44,0.867,1655.068,46.955,0.455,0.511,"ghhj8554, bvoo3130, dijx3903, fhda78402, okay11732, ytrq8081"
55,3,1,12,1,1294.471,44.235,2.118,1.765,"hdvhds4, duuff30, jxfciicg"
56,13,0.654,25,0.789,1949.833,54.591,0.5,0.364,"vxkaw3274, sbafo4188, nxpsa4288, cnatk3189, wbskc4277, 1yrogls, 2jxggxh, abxdl1382, soodb4177, boens4288, bnsle4278, ncsfo3287, wudtm4288"
57,7,1,13,1,852.81,24.31,0.357,0.143,"vakft4299, 1qwdjjd, baxor3828, 1djjvsjb, 3mbfklb, wlack2188, yowbc4277"
58,5,0.4,42,0,243.3,7.4,0.033,0,"usjg2117, givi0331, isce0690, isgs5669, wuge2639"
59,2,1,9,0,1542.667,177.667,1.167,1.333,"triste_2909, wabisabi_35"
