"Account","Network","Unique Shares","Avg Time Between Shares (sec)","Edge Symmetry Score","Degree","Strength","Betweenness","Avg Views","Avg Likes","Avg Comments","Avg Shares"
"<a href=""https://tiktok.com/@ahsan_5199"" target=""_blank"">@ahsan_5199</a>",4,4,37.25,0.75,2,4,0,138.5,67,7.75,4.25
"<a href=""https://tiktok.com/@amitomarmoharani2580"" target=""_blank"">@amitomarmoharani2580</a>",3,10,47.5,0.833,3,6,0.025,115.053,46.842,1.368,6.474
"<a href=""https://tiktok.com/@asifur__rahman__shawon_7"" target=""_blank"">@asifur__rahman__shawon_7</a>",12,11,85.364,1,1,11,0,49.452,15.994,9.164,13.633
"<a href=""https://tiktok.com/@faria5976"" target=""_blank"">@faria5976</a>",3,1,102.5,0.5,1,2,0,204,95.5,0,7.5
"<a href=""https://tiktok.com/@gorib3653"" target=""_blank"">@gorib3653</a>",3,8,40.25,0.75,2,4,0.016,202.4,78.6,0,2.8
"<a href=""https://tiktok.com/@ikgyeheuehe"" target=""_blank"">@ikgyeheuehe</a>",7,5,55,1,1,2,0,121.765,48.118,1.118,0.529
"<a href=""https://tiktok.com/@islamvideo792"" target=""_blank"">@islamvideo792</a>",3,3,73,0.5,2,4,0.01,220.067,80.533,1.933,1.733
"<a href=""https://tiktok.com/@jannatul.noha69"" target=""_blank"">@jannatul.noha69</a>",6,3,71,1,1,2,0,310.667,127,2.333,2.667
"<a href=""https://tiktok.com/@m.d._s.h.a.w.o.n_7"" target=""_blank"">@m.d._s.h.a.w.o.n_7</a>",12,11,85.364,1,1,11,0,20.458,8.392,8.765,4.804
"<a href=""https://tiktok.com/@md.hridoy6969"" target=""_blank"">@md.hridoy6969</a>",4,1,87,0.5,1,2,0,98.5,50.5,0.5,1
"<a href=""https://tiktok.com/@md.nur.amin59"" target=""_blank"">@md.nur.amin59</a>",3,3,62,1,1,4,0,221.75,97,0.5,1.5
"<a href=""https://tiktok.com/@md.siam.akon8"" target=""_blank"">@md.siam.akon8</a>",6,3,71,1,1,2,0,79.333,35.333,1.667,0
"<a href=""https://tiktok.com/@mdsiam6319"" target=""_blank"">@mdsiam6319</a>",2,4,48.5,1,1,2,0,92.167,43.333,1.167,1
"<a href=""https://tiktok.com/@mdtoufikahmed08"" target=""_blank"">@mdtoufikahmed08</a>",9,4,55.8,0.75,1,5,0,197.75,82.25,0,1
"<a href=""https://tiktok.com/@mim.rakib36"" target=""_blank"">@mim.rakib36</a>",2,2,48.5,1,1,2,0,226.333,81.667,2,1.333
"<a href=""https://tiktok.com/@modof12344"" target=""_blank"">@modof12344</a>",8,3,83,1,1,2,0,267.143,114.857,2.143,2.857
"<a href=""https://tiktok.com/@naim.sheikh606"" target=""_blank"">@naim.sheikh606</a>",11,4,109,1,1,2,0,191.5,97.5,2.5,2.5
"<a href=""https://tiktok.com/@nibia024"" target=""_blank"">@nibia024</a>",10,2,54,1,1,2,0,151.5,71.5,1.5,0.5
"<a href=""https://tiktok.com/@nioe05"" target=""_blank"">@nioe05</a>",11,1,109,1,1,2,0,53.5,13.5,0.5,0
"<a href=""https://tiktok.com/@queen5lameya"" target=""_blank"">@queen5lameya</a>",10,2,91,1,1,2,0,148.667,55.667,0,1
"<a href=""https://tiktok.com/@queenheraq"" target=""_blank"">@queenheraq</a>",1,1,75,0.5,1,2,0,16.667,10.333,0.333,0
"<a href=""https://tiktok.com/@rakibhussain624"" target=""_blank"">@rakibhussain624</a>",1,8,75,0.5,1,2,0,157.583,73.75,1.5,2.167
"<a href=""https://tiktok.com/@riponkhan3080"" target=""_blank"">@riponkhan3080</a>",9,1,67.5,0.5,1,4,0,84.5,39,0.5,0
"<a href=""https://tiktok.com/@ronju1471"" target=""_blank"">@ronju1471</a>",7,2,55,1,1,2,0,135.5,43,1.5,0.5
"<a href=""https://tiktok.com/@sakibislam1208"" target=""_blank"">@sakibislam1208</a>",5,4,40.5,1,1,2,0,49,21,0.4,0.6
"<a href=""https://tiktok.com/@salimvai90"" target=""_blank"">@salimvai90</a>",2,2,48.5,1,1,2,0,160.5,75,10.5,2
"<a href=""https://tiktok.com/@samin7742"" target=""_blank"">@samin7742</a>",3,3,79.5,0.5,1,2,0,121.667,36.333,1.667,1
"<a href=""https://tiktok.com/@shohidul8060"" target=""_blank"">@shohidul8060</a>",3,7,41,1,2,6,0.01,80.588,35.412,0,0.353
"<a href=""https://tiktok.com/@sk.saikat.77"" target=""_blank"">@sk.saikat.77</a>",10,5,72.5,1,2,4,0.002,182,79.714,2.571,0.143
"<a href=""https://tiktok.com/@tanisa.khatun83"" target=""_blank"">@tanisa.khatun83</a>",4,3,43.75,1,2,5,0,130.667,58.667,2,2.667
"<a href=""https://tiktok.com/@user269896582"" target=""_blank"">@user269896582</a>",2,2,48.5,1,3,6,0.005,10,6,0,2
"<a href=""https://tiktok.com/@user514651893"" target=""_blank"">@user514651893</a>",3,3,63.5,0.5,2,4,0.01,126,56.571,0,2.714
"<a href=""https://tiktok.com/@user5329610541274"" target=""_blank"">@user5329610541274</a>",5,4,40.5,1,2,4,0.002,10.7,3.6,0.3,0
"<a href=""https://tiktok.com/@user5699597151255"" target=""_blank"">@user5699597151255</a>",9,7,61.65,0.625,2,9,0.002,66,33.375,0.375,0.875
"<a href=""https://tiktok.com/@user769780951"" target=""_blank"">@user769780951</a>",8,4,83,1,1,2,0,94,46,0.2,0.6
"<a href=""https://tiktok.com/@user8151567859414"" target=""_blank"">@user8151567859414</a>",4,5,52,0.667,3,7,0.003,73.5,6.333,0.5,1.5
"<a href=""https://tiktok.com/@user8385346117542"" target=""_blank"">@user8385346117542</a>",5,2,40.5,1,1,2,0,195.143,78.286,2.714,5
