"Network","Number of Accounts","Network Density","Network Diameter","Clustering Coefficient","Avg Views","Avg Likes","Avg Comments","Avg Shares","Member Accounts"
1,2,1,2,NA,129.4,61.067,1.267,1.733,"queenheraq, rakibhussain624"
2,4,0.5,4,0,121,51.308,2.615,1.385,"mdsiam6319, mim.rakib36, salimvai90, user269896582"
3,8,0.25,12,0,148.351,59.351,0.805,2.935,"amitomarmoharani2580, islamvideo792, gorib3653, md.nur.amin59, faria5976, samin7742, user514651893, shohidul8060"
4,4,0.667,5,0.6,105.6,38.867,2.733,2.4,"ahsan_5199, user8151567859414, tanisa.khatun83, md.hridoy6969"
5,3,0.667,4,0,78.091,31.318,1.091,1.727,"user5329610541274, sakibislam1208, user8385346117542"
6,2,1,2,NA,195,81.167,2,1.333,"md.siam.akon8, jannatul.noha69"
7,2,1,2,NA,123.211,47.579,1.158,0.526,"ikgyeheuehe, ronju1471"
8,2,1,2,NA,195,86.167,1.333,1.917,"modof12344, user769780951"
9,3,0.667,9,0,106.286,48.143,0.286,0.786,"mdtoufikahmed08, riponkhan3080, user5699597151255"
10,3,0.667,4,0,168.583,72.333,1.75,0.417,"nibia024, queen5lameya, sk.saikat.77"
11,2,1,2,NA,145.5,69.5,1.833,1.667,"naim.sheikh606, nioe05"
12,2,1,11,NA,36.009,12.47,8.979,9.539,"asifur__rahman__shawon_7, m.d._s.h.a.w.o.n_7"
