"Account","Network","Unique Shares","Avg Time Between Shares (sec)","Edge Symmetry Score","Degree","Strength","Betweenness","Avg Views","Avg Likes","Avg Comments","Avg Shares"
"<a href=""https://tiktok.com/@abd.fugffh"" target=""_blank"">@abd.fugffh</a>",7,4,64.8,1,1,10,0,923,63.375,1.125,1.25
"<a href=""https://tiktok.com/@abdaziz6036"" target=""_blank"">@abdaziz6036</a>",5,3,23.6,1,1,5,0,1471.333,38.667,1.167,1.167
"<a href=""https://tiktok.com/@abdfgvxdy"" target=""_blank"">@abdfgvxdy</a>",8,5,62.5,0.75,2,20,0,1717.625,53,1.25,1.125
"<a href=""https://tiktok.com/@abdfhvft"" target=""_blank"">@abdfhvft</a>",16,4,62.4,1,1,5,0,883.75,41.25,0.25,0
"<a href=""https://tiktok.com/@abdfygduh"" target=""_blank"">@abdfygduh</a>",4,5,51,1,1,12,0,781,43.625,0.625,0.875
"<a href=""https://tiktok.com/@abfjvdgj"" target=""_blank"">@abfjvdgj</a>",4,4,68.667,1,1,12,0,742.125,40.125,0.875,0.75
"<a href=""https://tiktok.com/@aed12495"" target=""_blank"">@aed12495</a>",6,3,40.417,0.75,2,20,0,1650.375,33.125,0.25,1.5
"<a href=""https://tiktok.com/@aed14971"" target=""_blank"">@aed14971</a>",6,3,50.667,0.833,3,24,0.001,655.25,43,0.75,0.375
"<a href=""https://tiktok.com/@aed3683"" target=""_blank"">@aed3683</a>",9,2,54.167,1,2,20,0,596.25,25.75,0.5,0
"<a href=""https://tiktok.com/@aed4546"" target=""_blank"">@aed4546</a>",6,2,62.25,1,2,16,0,981.7,31.4,1.2,0.8
"<a href=""https://tiktok.com/@aed53885"" target=""_blank"">@aed53885</a>",5,6,61,1,1,12,0,960.125,48.125,1,0.375
"<a href=""https://tiktok.com/@aed5c8"" target=""_blank"">@aed5c8</a>",7,4,64.8,1,1,10,0,865,52.429,0.286,0.857
"<a href=""https://tiktok.com/@aed63956"" target=""_blank"">@aed63956</a>",9,2,56.5,1,2,20,0,507.5,21.75,0.5,0.25
"<a href=""https://tiktok.com/@aed6936"" target=""_blank"">@aed6936</a>",6,2,74.625,0.875,4,32,0.002,650.667,28.333,0.167,0.833
"<a href=""https://tiktok.com/@aedfjvg"" target=""_blank"">@aedfjvg</a>",10,2,27,1,1,8,0,775.75,51.5,2,0.25
"<a href=""https://tiktok.com/@aedgkcf"" target=""_blank"">@aedgkcf</a>",10,2,27,1,1,8,0,512.25,32.25,0,0.5
"<a href=""https://tiktok.com/@aediubt"" target=""_blank"">@aediubt</a>",24,2,69.8,0.5,2,18,0,1991.222,60.111,1.556,1
"<a href=""https://tiktok.com/@andretracy0724"" target=""_blank"">@andretracy0724</a>",28,2,76,1,1,8,0,229,7,0.5,0
"<a href=""https://tiktok.com/@anhvu4979"" target=""_blank"">@anhvu4979</a>",23,3,75.833,0.667,1,6,0,756,15,0.333,0
"<a href=""https://tiktok.com/@barbaraprice1013"" target=""_blank"">@barbaraprice1013</a>",18,4,33.071,1,2,14,0,4062.6,76.4,0.8,1
"<a href=""https://tiktok.com/@basilberthaeq0301"" target=""_blank"">@basilberthaeq0301</a>",18,4,40.571,1,1,7,0,1017.75,101,0.75,0.25
"<a href=""https://tiktok.com/@bufgkvh"" target=""_blank"">@bufgkvh</a>",22,3,80.167,0.667,1,6,0,2781.333,111.333,3,0.667
"<a href=""https://tiktok.com/@bylrykv"" target=""_blank"">@bylrykv</a>",19,3,34.857,0.8,1,28,0,228.333,8,0.333,0.167
"<a href=""https://tiktok.com/@dfhjf3356"" target=""_blank"">@dfhjf3356</a>",6,5,27,0.5,1,8,0,753.714,31.429,0.571,0.286
"<a href=""https://tiktok.com/@dhhtf74"" target=""_blank"">@dhhtf74</a>",27,2,60.5,1,1,16,0,1075.333,38.333,1.833,0.5
"<a href=""https://tiktok.com/@donaldandrew0930"" target=""_blank"">@donaldandrew0930</a>",18,4,25.571,1,1,7,0,621.25,27.25,0.25,0.5
"<a href=""https://tiktok.com/@duvfyh1"" target=""_blank"">@duvfyh1</a>",14,3,20.333,0.333,1,6,0,5591.2,154,1.8,4.8
"<a href=""https://tiktok.com/@egisto.mcfee"" target=""_blank"">@egisto.mcfee</a>",21,2,94.2,1,1,5,0,348.333,8,0,0.667
"<a href=""https://tiktok.com/@facgec"" target=""_blank"">@facgec</a>",17,4,48.956,1,3,16,0.001,750.75,39.75,0.75,0.25
"<a href=""https://tiktok.com/@fbcchc4"" target=""_blank"">@fbcchc4</a>",17,4,39.8,1,2,10,0,1132.75,55,1.25,0.75
"<a href=""https://tiktok.com/@fhgrd4764"" target=""_blank"">@fhgrd4764</a>",29,2,29.5,1,1,8,0,288.5,10,0.5,0
"<a href=""https://tiktok.com/@finishthemovie3"" target=""_blank"">@finishthemovie3</a>",12,5,59.4,1,1,5,0,800.6,39.6,0.2,1.2
"<a href=""https://tiktok.com/@fjvfgn"" target=""_blank"">@fjvfgn</a>",16,4,62.4,1,1,5,0,1062.25,78,2,1.75
"<a href=""https://tiktok.com/@frankdodd0601"" target=""_blank"">@frankdodd0601</a>",30,2,39.5,1,2,16,0,228,18.5,0.5,0.25
"<a href=""https://tiktok.com/@gbooat"" target=""_blank"">@gbooat</a>",1,6,49.5,1,1,14,0,686.111,25.111,0.667,0.333
"<a href=""https://tiktok.com/@geaajkv"" target=""_blank"">@geaajkv</a>",22,2,57.4,1,1,5,0,483.5,34,0,2
"<a href=""https://tiktok.com/@gfvhtt"" target=""_blank"">@gfvhtt</a>",17,4,49.833,1,2,11,0,562,25,0.5,0
"<a href=""https://tiktok.com/@gisela.lipke"" target=""_blank"">@gisela.lipke</a>",27,2,60.5,1,1,16,0,1200,53.333,0.5,0.667
"<a href=""https://tiktok.com/@gjcgh69"" target=""_blank"">@gjcgh69</a>",8,3,61,0.75,2,20,0,596.2,15.4,1.4,0.4
"<a href=""https://tiktok.com/@gjvx140"" target=""_blank"">@gjvx140</a>",4,3,59.833,1,2,24,0,1233.5,56.75,1.875,2.125
"<a href=""https://tiktok.com/@gnvhjb0"" target=""_blank"">@gnvhjb0</a>",15,4,43.8,1,1,5,0,2891,50,1,1.25
"<a href=""https://tiktok.com/@gshej03"" target=""_blank"">@gshej03</a>",22,3,68.783,0.833,2,11,0,1502.667,35.667,0.667,0.333
"<a href=""https://tiktok.com/@guanganfilm"" target=""_blank"">@guanganfilm</a>",12,6,59.4,1,1,5,0,886.286,30.571,0.667,0.429
"<a href=""https://tiktok.com/@gujffy1"" target=""_blank"">@gujffy1</a>",17,4,55.6,1,1,5,0,783.5,52,1.25,0.5
"<a href=""https://tiktok.com/@hdhjvx2"" target=""_blank"">@hdhjvx2</a>",30,2,61.333,1,2,20,0,360,13.25,0.5,0
"<a href=""https://tiktok.com/@hfigi61"" target=""_blank"">@hfigi61</a>",25,3,117.5,0.5,1,8,0,1203.333,46.667,1.333,0.667
"<a href=""https://tiktok.com/@hfjftd"" target=""_blank"">@hfjftd</a>",15,4,43.8,1,1,5,0,1022,48.25,0,0.5
"<a href=""https://tiktok.com/@ifjch4"" target=""_blank"">@ifjch4</a>",26,4,95,0.667,1,9,0,602.167,26.167,0.333,0.333
"<a href=""https://tiktok.com/@jaxonstokes35"" target=""_blank"">@jaxonstokes35</a>",11,3,65.8,1,1,5,0,777.75,30.5,0.333,0.75
"<a href=""https://tiktok.com/@jox.kj"" target=""_blank"">@jox.kj</a>",25,2,117.5,0.5,1,8,0,794.5,43.167,0.333,0
"<a href=""https://tiktok.com/@kfgibb6"" target=""_blank"">@kfgibb6</a>",20,2,46.75,1,2,32,0,1173.5,28,0,1.5
"<a href=""https://tiktok.com/@lindsey.steinhaue"" target=""_blank"">@lindsey.steinhaue</a>",21,2,94.2,1,1,5,0,573,15.333,0,0
"<a href=""https://tiktok.com/@lycesyhi"" target=""_blank"">@lycesyhi</a>",14,3,20.333,0.333,1,6,0,983.333,20.667,0,0
"<a href=""https://tiktok.com/@neva.engel"" target=""_blank"">@neva.engel</a>",23,2,75.833,0.667,1,6,0,521.25,5.5,0,0.25
"<a href=""https://tiktok.com/@nudgsy"" target=""_blank"">@nudgsy</a>",20,2,85,1,2,32,0,147,2.5,0,0
"<a href=""https://tiktok.com/@okgsisnssx"" target=""_blank"">@okgsisnssx</a>",2,9,52.24,1,1,25,0,943.444,39.444,1,0.111
"<a href=""https://tiktok.com/@pokp777"" target=""_blank"">@pokp777</a>",20,1,69.5,0.5,2,16,0.001,58,1,0,0
"<a href=""https://tiktok.com/@quebsv5683"" target=""_blank"">@quebsv5683</a>",5,6,42.3,1,2,17,0,9237.125,294,5.25,5.625
"<a href=""https://tiktok.com/@rudolfezekiel2006"" target=""_blank"">@rudolfezekiel2006</a>",13,4,27.333,1,1,6,0,702.8,27,1,0.6
"<a href=""https://tiktok.com/@sabanaminnaarishi"" target=""_blank"">@sabanaminnaarishi</a>",30,2,44.833,1,2,20,0,557.75,37,1,0.75
"<a href=""https://tiktok.com/@samsilas1994"" target=""_blank"">@samsilas1994</a>",13,6,27.333,1,1,6,0,94038,2165.625,5.429,25.25
"<a href=""https://tiktok.com/@sdadset.sdfstsa.s"" target=""_blank"">@sdadset.sdfstsa.s</a>",28,2,76,1,1,8,0,342.75,31,0,0
"<a href=""https://tiktok.com/@selemias.almond"" target=""_blank"">@selemias.almond</a>",11,2,65.8,1,1,5,0,956,30.333,0,1.333
"<a href=""https://tiktok.com/@sssggg565"" target=""_blank"">@sssggg565</a>",8,3,72.5,0.5,2,16,0,731.714,34.571,0.714,0.714
"<a href=""https://tiktok.com/@syedacherry0"" target=""_blank"">@syedacherry0</a>",24,4,51.05,0.75,2,26,0,958.571,24.286,0.857,0.286
"<a href=""https://tiktok.com/@tdkgsfi"" target=""_blank"">@tdkgsfi</a>",20,2,29.5,0.5,1,8,0,464,8,0,0
"<a href=""https://tiktok.com/@tim.david27"" target=""_blank"">@tim.david27</a>",6,4,47.917,1,2,20,0,1467.7,52.2,0.5,0.6
"<a href=""https://tiktok.com/@tim.david55"" target=""_blank"">@tim.david55</a>",9,2,51.667,1,2,24,0,457,33.25,0,0.25
"<a href=""https://tiktok.com/@timemovie30"" target=""_blank"">@timemovie30</a>",29,2,29.5,1,1,8,0,205.25,8.75,0,0
"<a href=""https://tiktok.com/@user2133900382902"" target=""_blank"">@user2133900382902</a>",3,4,29.833,1,2,11,0,100.167,0.167,0,0
"<a href=""https://tiktok.com/@user43301358468186"" target=""_blank"">@user43301358468186</a>",3,3,7.6,1,1,5,0,93,0,0.333,0
"<a href=""https://tiktok.com/@user7388431600768"" target=""_blank"">@user7388431600768</a>",3,6,17.622,1,3,16,0.001,273.833,2.167,0.167,0
"<a href=""https://tiktok.com/@user7817249032616"" target=""_blank"">@user7817249032616</a>",3,3,33.8,1,2,10,0,434.333,4.333,0,0
"<a href=""https://tiktok.com/@user8431021130445"" target=""_blank"">@user8431021130445</a>",1,9,45.579,0.839,2,24,0,1346.7,43.1,1.1,0.5
"<a href=""https://tiktok.com/@user8632343249071"" target=""_blank"">@user8632343249071</a>",1,5,38.2,1,1,5,0,1385.625,33,1.25,0.25
"<a href=""https://tiktok.com/@user9241237747453"" target=""_blank"">@user9241237747453</a>",24,2,68.75,0.75,2,24,0,604.5,21.5,1,0.125
"<a href=""https://tiktok.com/@victory202525"" target=""_blank"">@victory202525</a>",1,6,56.512,0.95,2,26,0,2489.571,81.857,0.429,0.714
"<a href=""https://tiktok.com/@vjcgf0"" target=""_blank"">@vjcgf0</a>",19,3,34.857,0.8,1,28,0,407.667,20,0,0.667
"<a href=""https://tiktok.com/@xin20241035"" target=""_blank"">@xin20241035</a>",1,9,46.833,1,3,24,0.002,1249.667,28.111,0.667,0.444
"<a href=""https://tiktok.com/@yxbiyg"" target=""_blank"">@yxbiyg</a>",26,3,95,0.667,1,9,0,2071.875,85,2.5,0.25
"<a href=""https://tiktok.com/@yydszdzqa"" target=""_blank"">@yydszdzqa</a>",1,9,54.089,0.926,3,27,0.002,1046,28.889,0.444,0.222
"<a href=""https://tiktok.com/@yyfdtwhtod"" target=""_blank"">@yyfdtwhtod</a>",2,9,52.24,1,1,25,0,903.833,27.5,1.25,1
"<a href=""https://tiktok.com/@zsdx184"" target=""_blank"">@zsdx184</a>",20,2,73.333,0.833,3,40,0.001,976,38.5,1.5,1
