"Network","Number of Accounts","Network Density","Network Diameter","Clustering Coefficient","Avg Views","Avg Likes","Avg Comments","Avg Shares","Member Accounts"
1,6,0.4,31,0.375,1323.365,38.596,0.769,0.404,"user8431021130445, victory202525, xin20241035, user8632343249071, gbooat, yydszdzqa"
2,2,1,25,NA,920.81,32.619,1.143,0.619,"okgsisnssx, yyfdtwhtod"
3,4,0.667,11,0.6,212.556,1.5,0.111,0,"user2133900382902, user7388431600768, user43301358468186, user7817249032616"
4,3,0.667,24,0,918.875,46.833,1.125,1.25,"abfjvdgj, abdfygduh, gjvx140"
5,3,0.667,17,0,4109.364,134.955,2.591,2.5,"abdaziz6036, aed53885, quebsv5683"
6,6,0.467,24,0.5,1063.653,37.449,0.612,0.735,"aed6936, dfhjf3356, aed4546, aed12495, aed14971, tim.david27"
7,2,1,10,NA,895.933,58.267,0.733,1.067,"abd.fugffh, aed5c8"
8,3,1,12,1,1092.2,37.15,1.1,0.8,"abdfgvxdy, gjcgh69, sssggg565"
9,3,1,12,1,520.25,26.917,0.333,0.167,"aed3683, aed63956, tim.david55"
10,2,1,8,NA,644,41.875,1,0.375,"aedfjvg, aedgkcf"
11,2,1,5,NA,854.143,30.429,0.2,1,"jaxonstokes35, selemias.almond"
12,2,1,5,NA,850.583,34.333,0.455,0.75,"finishthemovie3, guanganfilm"
13,2,1,6,NA,58139.846,1343.077,3.818,15.769,"rudolfezekiel2006, samsilas1994"
14,2,1,6,NA,3863.25,104,1.125,3,"duvfyh1, lycesyhi"
15,2,1,5,NA,1956.5,49.125,0.5,0.875,"gnvhjb0, hfjftd"
16,2,1,5,NA,973,59.625,1.125,0.875,"abdfhvft, fjvfgn"
17,4,0.667,11,0.6,807.25,42.938,0.938,0.375,"gujffy1, gfvhtt, facgec, fbcchc4"
18,3,0.667,14,0,2066.846,68.846,0.615,0.615,"basilberthaeq0301, donaldandrew0930, barbaraprice1013"
19,2,1,28,NA,318,14,0.167,0.417,"bylrykv, vjcgf0"
20,5,0.5,32,0.5,619.889,17.222,0.333,0.556,"pokp777, kfgibb6, nudgsy, tdkgsfi, zsdx184"
21,2,1,5,NA,460.667,11.667,0,0.333,"egisto.mcfee, lindsey.steinhaue"
22,3,0.667,11,0,1727.375,63.625,1.375,0.875,"bufgkvh, geaajkv, gshej03"
23,2,1,6,NA,621.857,9.571,0.143,0.143,"anhvu4979, neva.engel"
24,3,1,16,1,1227.792,36.792,1.167,0.5,"syedacherry0, aediubt, user9241237747453"
25,2,1,8,NA,998.917,44.917,0.833,0.333,"hfigi61, jox.kj"
26,2,1,9,NA,1442,59.786,1.571,0.286,"ifjch4, yxbiyg"
27,2,1,16,NA,1137.667,45.833,1.167,0.583,"dhhtf74, gisela.lipke"
28,2,1,8,NA,285.875,19,0.25,0,"andretracy0724, sdadset.sdfstsa.s"
29,2,1,8,NA,246.875,9.375,0.25,0,"fhgrd4764, timemovie30"
30,3,1,12,1,381.917,22.917,0.667,0.333,"frankdodd0601, hdhjvx2, sabanaminnaarishi"
