"Account","Network","Unique Shares","Avg Time Between Shares (sec)","Edge Symmetry Score","Degree","Strength","Betweenness","Avg Views","Avg Likes","Avg Comments","Avg Shares"
"<a href=""https://tiktok.com/@11cjhggg"" target=""_blank"">@11cjhggg</a>",4,5,46.124,0.933,3,17,0.002,1392,52,0.2,0.4
"<a href=""https://tiktok.com/@3mmmgkk"" target=""_blank"">@3mmmgkk</a>",5,7,50.386,0.817,4,41,0,1588.143,83,0.857,0.429
"<a href=""https://tiktok.com/@aaqo8sth89"" target=""_blank"">@aaqo8sth89</a>",2,6,72.429,0.8,1,7,0,2459.4,109.2,0.6,1.3
"<a href=""https://tiktok.com/@aedkfufutx"" target=""_blank"">@aedkfufutx</a>",1,5,77.2,1,1,5,0,539,40.4,1.6,1
"<a href=""https://tiktok.com/@aedvziocjc"" target=""_blank"">@aedvziocjc</a>",1,6,77.2,1,1,5,0,1988,122.25,0.25,1.625
"<a href=""https://tiktok.com/@auvningjixiang"" target=""_blank"">@auvningjixiang</a>",2,5,67.143,0.857,1,7,0,1075.556,67.111,0.444,0.333
"<a href=""https://tiktok.com/@bflddmqkzfsxdi"" target=""_blank"">@bflddmqkzfsxdi</a>",14,3,80.4,0.8,1,5,0,467,32.667,0.333,0
"<a href=""https://tiktok.com/@bxxmkyzaani"" target=""_blank"">@bxxmkyzaani</a>",14,4,43.05,0.75,2,11,0,1297,69.5,1.25,0.75
"<a href=""https://tiktok.com/@bzsksk1"" target=""_blank"">@bzsksk1</a>",3,5,66.857,1,1,7,0,1256.167,118.5,1.167,0.333
"<a href=""https://tiktok.com/@cjcue5"" target=""_blank"">@cjcue5</a>",8,4,41,0.833,1,6,0,1059.167,48,0.333,0
"<a href=""https://tiktok.com/@cjdjfcn"" target=""_blank"">@cjdjfcn</a>",6,6,21.9,0.875,1,10,0,691.667,60.667,0.333,0
"<a href=""https://tiktok.com/@cx.b28"" target=""_blank"">@cx.b28</a>",15,6,56.636,1,1,11,0,2776.333,139.833,2.333,4.167
"<a href=""https://tiktok.com/@facsimile5"" target=""_blank"">@facsimile5</a>",2,9,53.167,1,2,11,0.004,1025.333,44.333,0.333,0
"<a href=""https://tiktok.com/@fogsi3721"" target=""_blank"">@fogsi3721</a>",6,6,39.533,0.812,2,16,0.001,550.5,24.5,0.167,2.5
"<a href=""https://tiktok.com/@g.in.cgn"" target=""_blank"">@g.in.cgn</a>",3,4,40.833,0.75,1,6,0,1229.5,79.75,0.5,0.25
"<a href=""https://tiktok.com/@g4lkgggsn3"" target=""_blank"">@g4lkgggsn3</a>",2,6,62.071,0.929,2,12,0.003,9668.75,317.875,2.125,1.125
"<a href=""https://tiktok.com/@gf.nj97"" target=""_blank"">@gf.nj97</a>",15,6,56.636,1,1,11,0,3341.167,150.167,1.667,11.333
"<a href=""https://tiktok.com/@hzjsjs897"" target=""_blank"">@hzjsjs897</a>",5,6,53.519,0.938,4,36,0,1551.25,137.125,0.75,0.625
"<a href=""https://tiktok.com/@jalapo42"" target=""_blank"">@jalapo42</a>",8,5,41,0.833,1,6,0,1013.5,88.125,0.875,0.125
"<a href=""https://tiktok.com/@jhftd2336"" target=""_blank"">@jhftd2336</a>",9,4,82.8,1,1,5,0,1363.75,48,2,0
"<a href=""https://tiktok.com/@juarezbent"" target=""_blank"">@juarezbent</a>",5,8,55.796,0.877,4,43,0,1539.125,112.875,1,0.5
"<a href=""https://tiktok.com/@labubu535353"" target=""_blank"">@labubu535353</a>",13,4,60.208,0.875,2,14,0.001,2169,117.25,5,3.25
"<a href=""https://tiktok.com/@mrhpvkxtkqust"" target=""_blank"">@mrhpvkxtkqust</a>",11,4,89.667,0.8,1,6,0,1419,90.25,0.75,0
"<a href=""https://tiktok.com/@mxods3188"" target=""_blank"">@mxods3188</a>",3,6,56.629,0.9,2,12,0.002,4576.833,99.833,1.167,0.5
"<a href=""https://tiktok.com/@ntgz0732"" target=""_blank"">@ntgz0732</a>",9,4,82.8,1,1,5,0,1105,30.75,1,1.75
"<a href=""https://tiktok.com/@nurrffoox2"" target=""_blank"">@nurrffoox2</a>",4,6,41.952,0.775,2,13,0,404,41.333,0.333,0.5
"<a href=""https://tiktok.com/@nxlmhrfgkdowxm"" target=""_blank"">@nxlmhrfgkdowxm</a>",14,4,58.078,0.783,3,17,0.002,506.5,33,1.5,3.5
"<a href=""https://tiktok.com/@oyomlivnmpc"" target=""_blank"">@oyomlivnmpc</a>",14,4,62.467,0.775,2,11,0,1922.75,117.75,8.25,13.25
"<a href=""https://tiktok.com/@pcg68589"" target=""_blank"">@pcg68589</a>",7,3,72.8,1,1,5,0,412.2,33.6,0.4,0
"<a href=""https://tiktok.com/@pqsg2457"" target=""_blank"">@pqsg2457</a>",11,4,89.667,0.8,1,6,0,992.25,67,2.5,4
"<a href=""https://tiktok.com/@qjo27h99h9"" target=""_blank"">@qjo27h99h9</a>",4,7,28.567,0.875,2,11,0,363.429,34.571,0.286,0.143
"<a href=""https://tiktok.com/@sedh8301"" target=""_blank"">@sedh8301</a>",13,4,67.75,1,1,8,0,780.25,47.25,2,9.25
"<a href=""https://tiktok.com/@smhyynzxe0"" target=""_blank"">@smhyynzxe0</a>",2,5,60.881,0.9,2,13,0.003,1112.222,105.778,0.333,0.111
"<a href=""https://tiktok.com/@snoshsj"" target=""_blank"">@snoshsj</a>",6,4,57.167,0.75,1,6,0,727.5,46.5,0.25,0
"<a href=""https://tiktok.com/@svjssh"" target=""_blank"">@svjssh</a>",5,8,59.09,0.913,4,35,0,4071.75,182.625,2.5,1.5
"<a href=""https://tiktok.com/@vsghg0"" target=""_blank"">@vsghg0</a>",4,3,40,1,1,5,0,682.4,36,0,0
"<a href=""https://tiktok.com/@wqpe8291"" target=""_blank"">@wqpe8291</a>",10,4,53.75,1,1,8,0,1205,81,1,0.75
"<a href=""https://tiktok.com/@wxurjfbjwkdsz"" target=""_blank"">@wxurjfbjwkdsz</a>",12,3,53.4,1,1,5,0,1228.333,81.667,2.667,3
"<a href=""https://tiktok.com/@xfge2834"" target=""_blank"">@xfge2834</a>",10,4,53.75,1,1,8,0,1212.75,50.75,2.5,1.5
"<a href=""https://tiktok.com/@ygdp8514"" target=""_blank"">@ygdp8514</a>",12,4,53.4,1,1,5,0,676.5,41.75,1.25,0.5
"<a href=""https://tiktok.com/@yogzmhpuydiz"" target=""_blank"">@yogzmhpuydiz</a>",13,3,52.667,0.75,1,6,0,617.667,67.333,1.333,0.333
"<a href=""https://tiktok.com/@z18nzhf"" target=""_blank"">@z18nzhf</a>",7,4,72.8,1,1,5,0,243.75,21,0.25,0
"<a href=""https://tiktok.com/@zafke3177"" target=""_blank"">@zafke3177</a>",3,4,43.617,0.775,2,11,0.002,914,105.5,0.75,0.25
"<a href=""https://tiktok.com/@zdogz60"" target=""_blank"">@zdogz60</a>",5,5,60.499,0.893,4,29,0,2087.714,137.857,0.857,0.429
