"Network","Number of Accounts","Network Density","Network Diameter","Clustering Coefficient","Avg Views","Avg Likes","Avg Comments","Avg Shares","Member Accounts"
1,2,1,5,0,1430.692,90.769,0.769,1.385,"aedvziocjc, aedkfufutx"
2,5,0.4,25,0,2908.044,124.222,0.733,0.578,"facsimile5, aaqo8sth89, auvningjixiang, g4lkgggsn3, smhyynzxe0"
3,4,0.5,18,0,2178.6,102.55,0.95,0.35,"bzsksk1, mxods3188, g.in.cgn, zafke3177"
4,4,0.667,12,0.6,666.957,40.435,0.217,0.261,"nurrffoox2, 11cjhggg, qjo27h99h9, vsghg0"
5,5,1,14,1,2184.947,131.763,1.211,0.711,"3mmmgkk, juarezbent, svjssh, hzjsjs897, zdogz60"
6,3,0.667,16,0,647.688,43.562,0.25,0.938,"fogsi3721, cjdjfcn, snoshsj"
7,2,1,5,0,337.333,28,0.333,0,"pcg68589, z18nzhf"
8,2,1,6,0,1033.071,70.929,0.643,0.071,"cjcue5, jalapo42"
9,2,1,5,0,1234.375,39.375,1.5,0.875,"ntgz0732, jhftd2336"
10,2,1,8,0,1208.875,65.875,1.75,1.125,"wqpe8291, xfge2834"
11,2,1,6,0,1205.625,78.625,1.625,2,"mrhpvkxtkqust, pqsg2457"
12,2,1,5,0,913,58.857,1.857,1.571,"ygdp8514, wxurjfbjwkdsz"
13,3,0.667,14,0,1240.909,78.182,2.909,4.636,"yogzmhpuydiz, labubu535353, sedh8301"
14,4,0.667,11,0.6,1087.067,65.267,3,4.667,"bflddmqkzfsxdi, nxlmhrfgkdowxm, oyomlivnmpc, bxxmkyzaani"
15,2,1,11,0,3058.75,145,2,7.75,"cx.b28, gf.nj97"
