"Post URL","Network","Author","Timestamp","Number of Accounts","Views","Likes","Comments","Shares","Description"
"<a href=""https://www.tiktok.com/@fgifvp/video/7574431308152179981"" target=""_blank"" class=""btn btn-sm"" style=""background-color: #00926c; color: white; text-decoration: none; padding: 2px 8px; border-radius: 4px; font-size: 0.8em;"">View Post</a>",11,"fgifvp","2025-11-19 13:43:01",12,192,7,0,0,"The latest situation of the mosquePONPES Al Khoziny Sidoarjocollapsed during ASR prayer period. #jtvjember #evakuasi #sidoarjo#fyp"
"<a href=""https://www.tiktok.com/@vdocdb/video/7574431232172297527"" target=""_blank"" class=""btn btn-sm"" style=""background-color: #00926c; color: white; text-decoration: none; padding: 2px 8px; border-radius: 4px; font-size: 0.8em;"">View Post</a>",11,"vdocdb","2025-11-19 13:41:55",12,833,151,1,0,"The latest situation of the mosquePONPES Al Khoziny Sidoarjocollapsed during ASR prayer period. #jtvjember #evakuasi #sidoarjo#fyp"
"<a href=""https://www.tiktok.com/@trhste/video/7574431095748316471"" target=""_blank"" class=""btn btn-sm"" style=""background-color: #00926c; color: white; text-decoration: none; padding: 2px 8px; border-radius: 4px; font-size: 0.8em;"">View Post</a>",11,"trhste","2025-11-19 13:41:23",12,757,77,0,0,"The latest situation of the mosquePONPES Al Khoziny Sidoarjocollapsed during ASR prayer period. #jtvjember #evakuasi #sidoarjo#fyp"
"<a href=""https://www.tiktok.com/@ltamak1/video/7574409764646440223"" target=""_blank"" class=""btn btn-sm"" style=""background-color: #00926c; color: white; text-decoration: none; padding: 2px 8px; border-radius: 4px; font-size: 0.8em;"">View Post</a>",12,"ltamak1","2025-11-19 12:18:33",12,2008,175,0,0,"The latest situation of the mosquePONPES Al Khoziny Sidoarjocollapsed during ASR prayer period. #jtvjember #evakuasi #sidoarjo#fyp"
"<a href=""https://www.tiktok.com/@rtpbbw/video/7574409428204604686"" target=""_blank"" class=""btn btn-sm"" style=""background-color: #00926c; color: white; text-decoration: none; padding: 2px 8px; border-radius: 4px; font-size: 0.8em;"">View Post</a>",12,"rtpbbw","2025-11-19 12:17:20",12,847,114,0,0,"The latest situation of the mosquePONPES Al Khoziny Sidoarjocollapsed during ASR prayer period. #jtvjember #evakuasi #sidoarjo#fyp"
"<a href=""https://www.tiktok.com/@eepkja/video/7574405011396939022"" target=""_blank"" class=""btn btn-sm"" style=""background-color: #00926c; color: white; text-decoration: none; padding: 2px 8px; border-radius: 4px; font-size: 0.8em;"">View Post</a>",13,"eepkja","2025-11-19 12:00:09",12,1671,243,0,0,"The latest situation of the mosquePONPES Al Khoziny Sidoarjocollapsed during ASR prayer period. #jtvjember #evakuasi #sidoarjo#fyp"
"<a href=""https://www.tiktok.com/@bcalcw/video/7574404811282582798"" target=""_blank"" class=""btn btn-sm"" style=""background-color: #00926c; color: white; text-decoration: none; padding: 2px 8px; border-radius: 4px; font-size: 0.8em;"">View Post</a>",13,"bcalcw","2025-11-19 11:59:25",12,963,92,0,0,"The latest situation of the mosquePONPES Al Khoziny Sidoarjocollapsed during ASR prayer period. #jtvjember #evakuasi #sidoarjo#fyp"
"<a href=""https://www.tiktok.com/@ckqaes/video/7574024843788684557"" target=""_blank"" class=""btn btn-sm"" style=""background-color: #00926c; color: white; text-decoration: none; padding: 2px 8px; border-radius: 4px; font-size: 0.8em;"">View Post</a>",11,"ckqaes","2025-11-18 11:26:20",12,319,52,0,0,"The latest situation of the mosquePONPES Al Khoziny Sidoarjocollapsed during ASR prayer period. #jtvjember #evakuasi #sidoarjo#fyp"
"<a href=""https://www.tiktok.com/@vdocdb/video/7574024671138467127"" target=""_blank"" class=""btn btn-sm"" style=""background-color: #00926c; color: white; text-decoration: none; padding: 2px 8px; border-radius: 4px; font-size: 0.8em;"">View Post</a>",11,"vdocdb","2025-11-18 11:25:23",12,117,2,0,0,"The latest situation of the mosquePONPES Al Khoziny Sidoarjocollapsed during ASR prayer period. #jtvjember #evakuasi #sidoarjo#fyp"
"<a href=""https://www.tiktok.com/@ckqaes/video/7574024598224686349"" target=""_blank"" class=""btn btn-sm"" style=""background-color: #00926c; color: white; text-decoration: none; padding: 2px 8px; border-radius: 4px; font-size: 0.8em;"">View Post</a>",11,"ckqaes","2025-11-18 11:24:40",12,731,28,0,0,"The latest situation of the mosquePONPES Al Khoziny Sidoarjocollapsed during ASR prayer period. #jtvjember #evakuasi #sidoarjo#fyp"
"<a href=""https://www.tiktok.com/@hiurdn2/video/7574024507166297357"" target=""_blank"" class=""btn btn-sm"" style=""background-color: #00926c; color: white; text-decoration: none; padding: 2px 8px; border-radius: 4px; font-size: 0.8em;"">View Post</a>",11,"hiurdn2","2025-11-18 11:25:03",12,109,8,0,0,"The latest situation of the mosquePONPES Al Khoziny Sidoarjocollapsed during ASR prayer period. #jtvjember #evakuasi #sidoarjo#fyp"
"<a href=""https://www.tiktok.com/@trhste/video/7574024490196208951"" target=""_blank"" class=""btn btn-sm"" style=""background-color: #00926c; color: white; text-decoration: none; padding: 2px 8px; border-radius: 4px; font-size: 0.8em;"">View Post</a>",11,"trhste","2025-11-18 11:24:56",12,418,41,0,0,"The latest situation of the mosquePONPES Al Khoziny Sidoarjocollapsed during ASR prayer period. #jtvjember #evakuasi #sidoarjo#fyp"
"<a href=""https://www.tiktok.com/@vdocdb/video/7574024436282559758"" target=""_blank"" class=""btn btn-sm"" style=""background-color: #00926c; color: white; text-decoration: none; padding: 2px 8px; border-radius: 4px; font-size: 0.8em;"">View Post</a>",11,"vdocdb","2025-11-18 11:24:26",12,103,2,0,0,"The latest situation of the mosquePONPES Al Khoziny Sidoarjocollapsed during ASR prayer period. #jtvjember #evakuasi #sidoarjo#fyp"
"<a href=""https://www.tiktok.com/@ckqaes/video/7574024366208470286"" target=""_blank"" class=""btn btn-sm"" style=""background-color: #00926c; color: white; text-decoration: none; padding: 2px 8px; border-radius: 4px; font-size: 0.8em;"">View Post</a>",11,"ckqaes","2025-11-18 11:24:40",12,798,101,0,0,"The latest situation of the mosquePONPES Al Khoziny Sidoarjocollapsed during ASR prayer period. #jtvjember #evakuasi #sidoarjo#fyp"
"<a href=""https://www.tiktok.com/@hiurdn2/video/7574024320981257486"" target=""_blank"" class=""btn btn-sm"" style=""background-color: #00926c; color: white; text-decoration: none; padding: 2px 8px; border-radius: 4px; font-size: 0.8em;"">View Post</a>",11,"hiurdn2","2025-11-18 11:24:30",12,13,0,0,0,"The latest situation of the mosquePONPES Al Khoziny Sidoarjocollapsed during ASR prayer period. #jtvjember #evakuasi #sidoarjo#fyp"
"<a href=""https://www.tiktok.com/@trhste/video/7574024272977431821"" target=""_blank"" class=""btn btn-sm"" style=""background-color: #00926c; color: white; text-decoration: none; padding: 2px 8px; border-radius: 4px; font-size: 0.8em;"">View Post</a>",11,"trhste","2025-11-18 11:24:20",12,299,46,0,0,"The latest situation of the mosquePONPES Al Khoziny Sidoarjocollapsed during ASR prayer period. #jtvjember #evakuasi #sidoarjo#fyp"
"<a href=""https://www.tiktok.com/@hjpkku/video/7574024227909635359"" target=""_blank"" class=""btn btn-sm"" style=""background-color: #00926c; color: white; text-decoration: none; padding: 2px 8px; border-radius: 4px; font-size: 0.8em;"">View Post</a>",11,"hjpkku","2025-11-18 11:23:18",12,1378,82,1,0,"The latest situation of the mosquePONPES Al Khoziny Sidoarjocollapsed during ASR prayer period. #jtvjember #evakuasi #sidoarjo#fyp"
"<a href=""https://www.tiktok.com/@vdocdb/video/7574024105981267213"" target=""_blank"" class=""btn btn-sm"" style=""background-color: #00926c; color: white; text-decoration: none; padding: 2px 8px; border-radius: 4px; font-size: 0.8em;"">View Post</a>",11,"vdocdb","2025-11-18 11:23:50",12,226,19,0,0,"The latest situation of the mosquePONPES Al Khoziny Sidoarjocollapsed during ASR prayer period. #jtvjember #evakuasi #sidoarjo#fyp"
"<a href=""https://www.tiktok.com/@hjpkku/video/7574024051488836895"" target=""_blank"" class=""btn btn-sm"" style=""background-color: #00926c; color: white; text-decoration: none; padding: 2px 8px; border-radius: 4px; font-size: 0.8em;"">View Post</a>",11,"hjpkku","2025-11-18 11:22:31",12,410,23,0,0,"The latest situation of the mosquePONPES Al Khoziny Sidoarjocollapsed during ASR prayer period. #jtvjember #evakuasi #sidoarjo#fyp"
"<a href=""https://www.tiktok.com/@hjpkku/video/7574024049433529631"" target=""_blank"" class=""btn btn-sm"" style=""background-color: #00926c; color: white; text-decoration: none; padding: 2px 8px; border-radius: 4px; font-size: 0.8em;"">View Post</a>",11,"hjpkku","2025-11-18 11:22:31",12,1245,89,0,0,"The latest situation of the mosquePONPES Al Khoziny Sidoarjocollapsed during ASR prayer period. #jtvjember #evakuasi #sidoarjo#fyp"
"<a href=""https://www.tiktok.com/@ummtvf/video/7574024047210679565"" target=""_blank"" class=""btn btn-sm"" style=""background-color: #00926c; color: white; text-decoration: none; padding: 2px 8px; border-radius: 4px; font-size: 0.8em;"">View Post</a>",11,"ummtvf","2025-11-18 11:23:24",12,286,9,0,0,"The latest situation of the mosquePONPES Al Khoziny Sidoarjocollapsed during ASR prayer period. #jtvjember #evakuasi #sidoarjo#fyp"
"<a href=""https://www.tiktok.com/@fgifvp/video/7574023990516223287"" target=""_blank"" class=""btn btn-sm"" style=""background-color: #00926c; color: white; text-decoration: none; padding: 2px 8px; border-radius: 4px; font-size: 0.8em;"">View Post</a>",11,"fgifvp","2025-11-18 11:22:55",12,257,19,0,0,"The latest situation of the mosquePONPES Al Khoziny Sidoarjocollapsed during ASR prayer period. #jtvjember #evakuasi #sidoarjo#fyp"
"<a href=""https://www.tiktok.com/@ummtvf/video/7574023889899097358"" target=""_blank"" class=""btn btn-sm"" style=""background-color: #00926c; color: white; text-decoration: none; padding: 2px 8px; border-radius: 4px; font-size: 0.8em;"">View Post</a>",11,"ummtvf","2025-11-18 11:22:55",12,838,155,0,0,"The latest situation of the mosquePONPES Al Khoziny Sidoarjocollapsed during ASR prayer period. #jtvjember #evakuasi #sidoarjo#fyp"
"<a href=""https://www.tiktok.com/@fgifvp/video/7574023822693649719"" target=""_blank"" class=""btn btn-sm"" style=""background-color: #00926c; color: white; text-decoration: none; padding: 2px 8px; border-radius: 4px; font-size: 0.8em;"">View Post</a>",11,"fgifvp","2025-11-18 11:22:19",12,772,77,0,0,"The latest situation of the mosquePONPES Al Khoziny Sidoarjocollapsed during ASR prayer period. #jtvjember #evakuasi #sidoarjo#fyp"
"<a href=""https://www.tiktok.com/@fgifvp/video/7574023694251543821"" target=""_blank"" class=""btn btn-sm"" style=""background-color: #00926c; color: white; text-decoration: none; padding: 2px 8px; border-radius: 4px; font-size: 0.8em;"">View Post</a>",11,"fgifvp","2025-11-18 11:22:11",12,12486,130,0,0,"The latest situation of the mosquePONPES Al Khoziny Sidoarjocollapsed during ASR prayer period. #jtvjember #evakuasi #sidoarjo#fyp"
"<a href=""https://www.tiktok.com/@gtpwjo3/video/7574021738195881246"" target=""_blank"" class=""btn btn-sm"" style=""background-color: #00926c; color: white; text-decoration: none; padding: 2px 8px; border-radius: 4px; font-size: 0.8em;"">View Post</a>",13,"gtpwjo3","2025-11-18 11:13:49",12,1279,126,0,0,"The latest situation of the mosquePONPES Al Khoziny Sidoarjocollapsed during ASR prayer period. #jtvjember #evakuasi #sidoarjo#fyp"
"<a href=""https://www.tiktok.com/@bcalcw/video/7574021653475118349"" target=""_blank"" class=""btn btn-sm"" style=""background-color: #00926c; color: white; text-decoration: none; padding: 2px 8px; border-radius: 4px; font-size: 0.8em;"">View Post</a>",13,"bcalcw","2025-11-18 11:13:53",12,943,112,0,0,"The latest situation of the mosquePONPES Al Khoziny Sidoarjocollapsed during ASR prayer period. #jtvjember #evakuasi #sidoarjo#fyp"
"<a href=""https://www.tiktok.com/@gtpwjo3/video/7574021123319303455"" target=""_blank"" class=""btn btn-sm"" style=""background-color: #00926c; color: white; text-decoration: none; padding: 2px 8px; border-radius: 4px; font-size: 0.8em;"">View Post</a>",13,"gtpwjo3","2025-11-18 11:11:25",12,330,19,0,0,"The latest situation of the mosquePONPES Al Khoziny Sidoarjocollapsed during ASR prayer period. #jtvjember #evakuasi #sidoarjo#fyp"
"<a href=""https://www.tiktok.com/@gtpwjo3/video/7574021110178549022"" target=""_blank"" class=""btn btn-sm"" style=""background-color: #00926c; color: white; text-decoration: none; padding: 2px 8px; border-radius: 4px; font-size: 0.8em;"">View Post</a>",13,"gtpwjo3","2025-11-18 11:11:25",12,735,79,0,0,"The latest situation of the mosquePONPES Al Khoziny Sidoarjocollapsed during ASR prayer period. #jtvjember #evakuasi #sidoarjo#fyp"
"<a href=""https://www.tiktok.com/@eepkja/video/7574021088217238798"" target=""_blank"" class=""btn btn-sm"" style=""background-color: #00926c; color: white; text-decoration: none; padding: 2px 8px; border-radius: 4px; font-size: 0.8em;"">View Post</a>",13,"eepkja","2025-11-18 11:11:52",12,1257,193,0,1,"The latest situation of the mosquePONPES Al Khoziny Sidoarjocollapsed during ASR prayer period. #jtvjember #evakuasi #sidoarjo#fyp"
"<a href=""https://www.tiktok.com/@bcalcw/video/7574021081845992717"" target=""_blank"" class=""btn btn-sm"" style=""background-color: #00926c; color: white; text-decoration: none; padding: 2px 8px; border-radius: 4px; font-size: 0.8em;"">View Post</a>",13,"bcalcw","2025-11-18 11:11:33",12,114,1,0,0,"The latest situation of the mosquePONPES Al Khoziny Sidoarjocollapsed during ASR prayer period. #jtvjember #evakuasi #sidoarjo#fyp"
"<a href=""https://www.tiktok.com/@bcalcw/video/7574020853378174263"" target=""_blank"" class=""btn btn-sm"" style=""background-color: #00926c; color: white; text-decoration: none; padding: 2px 8px; border-radius: 4px; font-size: 0.8em;"">View Post</a>",13,"bcalcw","2025-11-18 11:11:29",12,135,7,0,0,"The latest situation of the mosquePONPES Al Khoziny Sidoarjocollapsed during ASR prayer period. #jtvjember #evakuasi #sidoarjo#fyp"
"<a href=""https://www.tiktok.com/@kprjrq/video/7574020798973824269"" target=""_blank"" class=""btn btn-sm"" style=""background-color: #00926c; color: white; text-decoration: none; padding: 2px 8px; border-radius: 4px; font-size: 0.8em;"">View Post</a>",13,"kprjrq","2025-11-18 11:11:03",12,1076,140,0,0,"The latest situation of the mosquePONPES Al Khoziny Sidoarjocollapsed during ASR prayer period. #jtvjember #evakuasi #sidoarjo#fyp"
"<a href=""https://www.tiktok.com/@eepkja/video/7574020540273282317"" target=""_blank"" class=""btn btn-sm"" style=""background-color: #00926c; color: white; text-decoration: none; padding: 2px 8px; border-radius: 4px; font-size: 0.8em;"">View Post</a>",13,"eepkja","2025-11-18 11:09:49",12,219,28,0,0,"The latest situation of the mosquePONPES Al Khoziny Sidoarjocollapsed during ASR prayer period. #jtvjember #evakuasi #sidoarjo#fyp"
"<a href=""https://www.tiktok.com/@eepkja/video/7574020489836842254"" target=""_blank"" class=""btn btn-sm"" style=""background-color: #00926c; color: white; text-decoration: none; padding: 2px 8px; border-radius: 4px; font-size: 0.8em;"">View Post</a>",13,"eepkja","2025-11-18 11:09:44",12,1138,137,0,0,"The latest situation of the mosquePONPES Al Khoziny Sidoarjocollapsed during ASR prayer period. #jtvjember #evakuasi #sidoarjo#fyp"
"<a href=""https://www.tiktok.com/@kprjrq/video/7574020455556746509"" target=""_blank"" class=""btn btn-sm"" style=""background-color: #00926c; color: white; text-decoration: none; padding: 2px 8px; border-radius: 4px; font-size: 0.8em;"">View Post</a>",13,"kprjrq","2025-11-18 11:09:31",12,1118,138,0,0,"The latest situation of the mosquePONPES Al Khoziny Sidoarjocollapsed during ASR prayer period. #jtvjember #evakuasi #sidoarjo#fyp"
"<a href=""https://www.tiktok.com/@kprjrq/video/7574020440167910711"" target=""_blank"" class=""btn btn-sm"" style=""background-color: #00926c; color: white; text-decoration: none; padding: 2px 8px; border-radius: 4px; font-size: 0.8em;"">View Post</a>",13,"kprjrq","2025-11-18 11:09:35",12,975,147,0,0,"The latest situation of the mosquePONPES Al Khoziny Sidoarjocollapsed during ASR prayer period. #jtvjember #evakuasi #sidoarjo#fyp"
"<a href=""https://www.tiktok.com/@ltamak1/video/7574017099186621726"" target=""_blank"" class=""btn btn-sm"" style=""background-color: #00926c; color: white; text-decoration: none; padding: 2px 8px; border-radius: 4px; font-size: 0.8em;"">View Post</a>",12,"ltamak1","2025-11-18 10:56:10",12,1001,143,0,0,"The latest situation of the mosquePONPES Al Khoziny Sidoarjocollapsed during ASR prayer period. #jtvjember #evakuasi #sidoarjo#fyp"
"<a href=""https://www.tiktok.com/@unmgdi/video/7574017079171353886"" target=""_blank"" class=""btn btn-sm"" style=""background-color: #00926c; color: white; text-decoration: none; padding: 2px 8px; border-radius: 4px; font-size: 0.8em;"">View Post</a>",12,"unmgdi","2025-11-18 10:55:53",12,1132,60,0,0,"The latest situation of the mosquePONPES Al Khoziny Sidoarjocollapsed during ASR prayer period. #jtvjember #evakuasi #sidoarjo#fyp"
"<a href=""https://www.tiktok.com/@unmgdi/video/7574017078575893790"" target=""_blank"" class=""btn btn-sm"" style=""background-color: #00926c; color: white; text-decoration: none; padding: 2px 8px; border-radius: 4px; font-size: 0.8em;"">View Post</a>",12,"unmgdi","2025-11-18 10:55:50",12,1560,104,0,0,"The latest situation of the mosquePONPES Al Khoziny Sidoarjocollapsed during ASR prayer period. #jtvjember #evakuasi #sidoarjo#fyp"
"<a href=""https://www.tiktok.com/@fmjsgr/video/7574017074222091551"" target=""_blank"" class=""btn btn-sm"" style=""background-color: #00926c; color: white; text-decoration: none; padding: 2px 8px; border-radius: 4px; font-size: 0.8em;"">View Post</a>",12,"fmjsgr","2025-11-18 10:55:41",12,74,4,0,0,"The latest situation of the mosquePONPES Al Khoziny Sidoarjocollapsed during ASR prayer period. #jtvjember #evakuasi #sidoarjo#fyp"
"<a href=""https://www.tiktok.com/@fmjsgr/video/7574016985000856863"" target=""_blank"" class=""btn btn-sm"" style=""background-color: #00926c; color: white; text-decoration: none; padding: 2px 8px; border-radius: 4px; font-size: 0.8em;"">View Post</a>",12,"fmjsgr","2025-11-18 10:55:38",12,1199,134,0,1,"The latest situation of the mosquePONPES Al Khoziny Sidoarjocollapsed during ASR prayer period. #jtvjember #evakuasi #sidoarjo#fyp"
"<a href=""https://www.tiktok.com/@doiplo1/video/7574016913802579230"" target=""_blank"" class=""btn btn-sm"" style=""background-color: #00926c; color: white; text-decoration: none; padding: 2px 8px; border-radius: 4px; font-size: 0.8em;"">View Post</a>",12,"doiplo1","2025-11-18 10:55:06",12,39,0,0,0,"The latest situation of the mosquePONPES Al Khoziny Sidoarjocollapsed during ASR prayer period. #jtvjember #evakuasi #sidoarjo#fyp"
"<a href=""https://www.tiktok.com/@ltamak1/video/7574016717253528863"" target=""_blank"" class=""btn btn-sm"" style=""background-color: #00926c; color: white; text-decoration: none; padding: 2px 8px; border-radius: 4px; font-size: 0.8em;"">View Post</a>",12,"ltamak1","2025-11-18 10:54:30",12,914,96,0,0,"The latest situation of the mosquePONPES Al Khoziny Sidoarjocollapsed during ASR prayer period. #jtvjember #evakuasi #sidoarjo#fyp"
"<a href=""https://www.tiktok.com/@rfmjev/video/7574016702510370062"" target=""_blank"" class=""btn btn-sm"" style=""background-color: #00926c; color: white; text-decoration: none; padding: 2px 8px; border-radius: 4px; font-size: 0.8em;"">View Post</a>",12,"rfmjev","2025-11-18 10:54:59",12,1943,167,0,0,"The latest situation of the mosquePONPES Al Khoziny Sidoarjocollapsed during ASR prayer period. #jtvjember #evakuasi #sidoarjo#fyp"
"<a href=""https://www.tiktok.com/@fmjsgr/video/7574016692192283935"" target=""_blank"" class=""btn btn-sm"" style=""background-color: #00926c; color: white; text-decoration: none; padding: 2px 8px; border-radius: 4px; font-size: 0.8em;"">View Post</a>",12,"fmjsgr","2025-11-18 10:53:59",12,111,1,0,0,"The latest situation of the mosquePONPES Al Khoziny Sidoarjocollapsed during ASR prayer period. #jtvjember #evakuasi #sidoarjo#fyp"
"<a href=""https://www.tiktok.com/@doiplo1/video/7574016635149815071"" target=""_blank"" class=""btn btn-sm"" style=""background-color: #00926c; color: white; text-decoration: none; padding: 2px 8px; border-radius: 4px; font-size: 0.8em;"">View Post</a>",12,"doiplo1","2025-11-18 10:53:48",12,197,6,0,0,"The latest situation of the mosquePONPES Al Khoziny Sidoarjocollapsed during ASR prayer period. #jtvjember #evakuasi #sidoarjo#fyp"
"<a href=""https://www.tiktok.com/@unmgdi/video/7574016630448016671"" target=""_blank"" class=""btn btn-sm"" style=""background-color: #00926c; color: white; text-decoration: none; padding: 2px 8px; border-radius: 4px; font-size: 0.8em;"">View Post</a>",12,"unmgdi","2025-11-18 10:54:15",12,1411,182,0,0,"The latest situation of the mosquePONPES Al Khoziny Sidoarjocollapsed during ASR prayer period. #jtvjember #evakuasi #sidoarjo#fyp"
"<a href=""https://www.tiktok.com/@rfmjev/video/7574016440987061559"" target=""_blank"" class=""btn btn-sm"" style=""background-color: #00926c; color: white; text-decoration: none; padding: 2px 8px; border-radius: 4px; font-size: 0.8em;"">View Post</a>",12,"rfmjev","2025-11-18 10:54:24",12,1734,101,0,1,"The latest situation of the mosquePONPES Al Khoziny Sidoarjocollapsed during ASR prayer period. #jtvjember #evakuasi #sidoarjo#fyp"
"<a href=""https://www.tiktok.com/@rtpbbw/video/7574016420221095182"" target=""_blank"" class=""btn btn-sm"" style=""background-color: #00926c; color: white; text-decoration: none; padding: 2px 8px; border-radius: 4px; font-size: 0.8em;"">View Post</a>",12,"rtpbbw","2025-11-18 10:53:40",12,418,55,0,0,"The latest situation of the mosquePONPES Al Khoziny Sidoarjocollapsed during ASR prayer period. #jtvjember #evakuasi #sidoarjo#fyp"
"<a href=""https://www.tiktok.com/@rfmjev/video/7574016331029253431"" target=""_blank"" class=""btn btn-sm"" style=""background-color: #00926c; color: white; text-decoration: none; padding: 2px 8px; border-radius: 4px; font-size: 0.8em;"">View Post</a>",12,"rfmjev","2025-11-18 10:53:26",12,1025,111,1,0,"The latest situation of the mosquePONPES Al Khoziny Sidoarjocollapsed during ASR prayer period. #jtvjember #evakuasi #sidoarjo#fyp"
"<a href=""https://www.tiktok.com/@rtpbbw/video/7574016218609323278"" target=""_blank"" class=""btn btn-sm"" style=""background-color: #00926c; color: white; text-decoration: none; padding: 2px 8px; border-radius: 4px; font-size: 0.8em;"">View Post</a>",12,"rtpbbw","2025-11-18 10:53:33",12,318,31,0,0,"The latest situation of the mosquePONPES Al Khoziny Sidoarjocollapsed during ASR prayer period. #jtvjember #evakuasi #sidoarjo#fyp"
"<a href=""https://www.tiktok.com/@ibbaehs/video/7574002739257150751"" target=""_blank"" class=""btn btn-sm"" style=""background-color: #00926c; color: white; text-decoration: none; padding: 2px 8px; border-radius: 4px; font-size: 0.8em;"">View Post</a>",6,"ibbaehs","2025-11-18 10:00:25",2,1253,10,0,1,"KondisiterkinimusholaPONPESAlKhozinySidoarjoambruksaatsalatashar#jtvjember#evakuasi#sidoarjo#fyp"
"<a href=""https://www.tiktok.com/@naa4z3bys7/video/7574002352433204511"" target=""_blank"" class=""btn btn-sm"" style=""background-color: #00926c; color: white; text-decoration: none; padding: 2px 8px; border-radius: 4px; font-size: 0.8em;"">View Post</a>",7,"naa4z3bys7","2025-11-18 09:58:47",2,1259,16,1,4,"KondisiterkinimusholaPONPESAlKhozinySidoarjoambruksaatsalatashar#jtvjember#evakuasi#sidoarjo#fyp"
"<a href=""https://www.tiktok.com/@ijounhth/video/7574002080059346231"" target=""_blank"" class=""btn btn-sm"" style=""background-color: #00926c; color: white; text-decoration: none; padding: 2px 8px; border-radius: 4px; font-size: 0.8em;"">View Post</a>",7,"ijounhth","2025-11-18 09:58:08",2,45,1,0,0,"KondisiterkinimusholaPONPESAlKhozinySidoarjoambruksaatsalatashar#jtvjember#evakuasi#sidoarjo#fyp"
"<a href=""https://www.tiktok.com/@naa4z3bys7/video/7574002027307617566"" target=""_blank"" class=""btn btn-sm"" style=""background-color: #00926c; color: white; text-decoration: none; padding: 2px 8px; border-radius: 4px; font-size: 0.8em;"">View Post</a>",7,"naa4z3bys7","2025-11-18 09:57:56",2,2,0,0,0,"KondisiterkinimusholaPONPESAlKhozinySidoarjoambruksaatsalatashar#jtvjember#evakuasi#sidoarjo#fyp"
"<a href=""https://www.tiktok.com/@naa4z3bys7/video/7574001879189900574"" target=""_blank"" class=""btn btn-sm"" style=""background-color: #00926c; color: white; text-decoration: none; padding: 2px 8px; border-radius: 4px; font-size: 0.8em;"">View Post</a>",7,"naa4z3bys7","2025-11-18 09:56:52",2,920,43,0,12,"KondisiterkinimusholaPONPESAlKhozinySidoarjoambruksaatsalatashar#jtvjember#evakuasi#sidoarjo#fyp"
"<a href=""https://www.tiktok.com/@ijounhth/video/7574001794251017486"" target=""_blank"" class=""btn btn-sm"" style=""background-color: #00926c; color: white; text-decoration: none; padding: 2px 8px; border-radius: 4px; font-size: 0.8em;"">View Post</a>",7,"ijounhth","2025-11-18 09:56:42",2,373,11,0,0,"KondisiterkinimusholaPONPESAlKhozinySidoarjoambruksaatsalatashar#jtvjember#evakuasi#sidoarjo#fyp"
"<a href=""https://www.tiktok.com/@ijounhth/video/7574001757353692471"" target=""_blank"" class=""btn btn-sm"" style=""background-color: #00926c; color: white; text-decoration: none; padding: 2px 8px; border-radius: 4px; font-size: 0.8em;"">View Post</a>",7,"ijounhth","2025-11-18 09:57:21",2,755,9,1,2,"KondisiterkinimusholaPONPESAlKhozinySidoarjoambruksaatsalatashar#jtvjember#evakuasi#sidoarjo#fyp"
"<a href=""https://www.tiktok.com/@ibbaehs/video/7574000051987533087"" target=""_blank"" class=""btn btn-sm"" style=""background-color: #00926c; color: white; text-decoration: none; padding: 2px 8px; border-radius: 4px; font-size: 0.8em;"">View Post</a>",6,"ibbaehs","2025-11-18 09:49:44",2,173,2,0,0,"KondisiterkinimusholaPONPESAlKhozinySidoarjoambruksaatsalatashar#jtvjember#evakuasi#sidoarjo#fyp"
"<a href=""https://www.tiktok.com/@ibbaehs/video/7573999780632808735"" target=""_blank"" class=""btn btn-sm"" style=""background-color: #00926c; color: white; text-decoration: none; padding: 2px 8px; border-radius: 4px; font-size: 0.8em;"">View Post</a>",6,"ibbaehs","2025-11-18 09:48:37",2,111,1,0,0,"KondisiterkinimusholaPONPESAlKhozinySidoarjoambruksaatsalatashar#jtvjember#evakuasi#sidoarjo#fyp"
"<a href=""https://www.tiktok.com/@ffpiqlgz/video/7573999749079026957"" target=""_blank"" class=""btn btn-sm"" style=""background-color: #00926c; color: white; text-decoration: none; padding: 2px 8px; border-radius: 4px; font-size: 0.8em;"">View Post</a>",6,"ffpiqlgz","2025-11-18 09:49:38",2,413,9,0,0,"KondisiterkinimusholaPONPESAlKhozinySidoarjoambruksaatsalatashar#jtvjember#evakuasi#sidoarjo#fyp"
"<a href=""https://www.tiktok.com/@ffpiqlgz/video/7573999515829587255"" target=""_blank"" class=""btn btn-sm"" style=""background-color: #00926c; color: white; text-decoration: none; padding: 2px 8px; border-radius: 4px; font-size: 0.8em;"">View Post</a>",6,"ffpiqlgz","2025-11-18 09:48:50",2,167,2,0,2,"KondisiterkinimusholaPONPESAlKhozinySidoarjoambruksaatsalatashar#jtvjember#evakuasi#sidoarjo#fyp"
"<a href=""https://www.tiktok.com/@ffpiqlgz/video/7573999394417102093"" target=""_blank"" class=""btn btn-sm"" style=""background-color: #00926c; color: white; text-decoration: none; padding: 2px 8px; border-radius: 4px; font-size: 0.8em;"">View Post</a>",6,"ffpiqlgz","2025-11-18 09:47:57",2,123,1,0,1,"KondisiterkinimusholaPONPESAlKhozinySidoarjoambruksaatsalatashar#jtvjember#evakuasi#sidoarjo#fyp"
"<a href=""https://www.tiktok.com/@basilberthaeq0301/video/7574349662354918669"" target=""_blank"" class=""btn btn-sm"" style=""background-color: #00926c; color: white; text-decoration: none; padding: 2px 8px; border-radius: 4px; font-size: 0.8em;"">View Post</a>",5,"basilberthaeq0301","2025-11-19 08:25:23",1,385,26,1,5,"KondisiterkinimusholaPONPESAIKhozinySidoarjoambruksaatsalatashar.#jtvjember#evakuasi#sidoarjo#fyp"
"<a href=""https://www.tiktok.com/@basilberthaeq0301/video/7573994771010702606"" target=""_blank"" class=""btn btn-sm"" style=""background-color: #00926c; color: white; text-decoration: none; padding: 2px 8px; border-radius: 4px; font-size: 0.8em;"">View Post</a>",5,"basilberthaeq0301","2025-11-18 09:29:54",1,212,8,0,0,"KondisiterkinimusholaPONPESAIKhozinySidoarjoambruksaatsalatashar.#jtvjember#evakuasi#sidoarjo#fyp"
"<a href=""https://www.tiktok.com/@v0tgsso365/video/7573987668376161567"" target=""_blank"" class=""btn btn-sm"" style=""background-color: #00926c; color: white; text-decoration: none; padding: 2px 8px; border-radius: 4px; font-size: 0.8em;"">View Post</a>",5,"v0tgsso365","2025-11-18 09:01:23",1,287,11,1,0,"KondisiterkinimusholaPONPESAIKhozinySidoarjoambruksaatsalatashar.#jtvjember#evakuasi#sidoarjo#fyp"
"<a href=""https://www.tiktok.com/@basilberthaeq0301/video/7573986708169968910"" target=""_blank"" class=""btn btn-sm"" style=""background-color: #00926c; color: white; text-decoration: none; padding: 2px 8px; border-radius: 4px; font-size: 0.8em;"">View Post</a>",5,"basilberthaeq0301","2025-11-18 08:58:50",1,583,41,0,0,"KondisiterkinimusholaPONPESAIKhozinySidoarjoambruksaatsalatashar.#jtvjember#evakuasi#sidoarjo#fyp"
"<a href=""https://www.tiktok.com/@v0tgsso365/video/7573986657058278686"" target=""_blank"" class=""btn btn-sm"" style=""background-color: #00926c; color: white; text-decoration: none; padding: 2px 8px; border-radius: 4px; font-size: 0.8em;"">View Post</a>",5,"v0tgsso365","2025-11-18 08:57:57",1,133,1,0,0,"KondisiterkinimusholaPONPESAIKhozinySidoarjoambruksaatsalatashar.#jtvjember#evakuasi#sidoarjo#fyp"
"<a href=""https://www.tiktok.com/@basilberthaeq0301/video/7573986397447589133"" target=""_blank"" class=""btn btn-sm"" style=""background-color: #00926c; color: white; text-decoration: none; padding: 2px 8px; border-radius: 4px; font-size: 0.8em;"">View Post</a>",5,"basilberthaeq0301","2025-11-18 08:57:25",1,344,14,0,6,"KondisiterkinimusholaPONPESAIKhozinySidoarjoambruksaatsalatashar.#jtvjember#evakuasi#sidoarjo#fyp"
"<a href=""https://www.tiktok.com/@basilberthaeq0301/video/7573601988697476407"" target=""_blank"" class=""btn btn-sm"" style=""background-color: #00926c; color: white; text-decoration: none; padding: 2px 8px; border-radius: 4px; font-size: 0.8em;"">View Post</a>",5,"basilberthaeq0301","2025-11-17 08:05:17",1,929,50,1,1,"KondisiterkinimusholaPONPESAIKhozinySidoarjoambruksaatsalatashar.#jtvjember#evakuasi#sidoarjo#fyp"
"<a href=""https://www.tiktok.com/@v0tgsso365/video/7573601982636707102"" target=""_blank"" class=""btn btn-sm"" style=""background-color: #00926c; color: white; text-decoration: none; padding: 2px 8px; border-radius: 4px; font-size: 0.8em;"">View Post</a>",5,"v0tgsso365","2025-11-17 08:04:44",1,145,5,0,0,"KondisiterkinimusholaPONPESAIKhozinySidoarjoambruksaatsalatashar.#jtvjember#evakuasi#sidoarjo#fyp"
"<a href=""https://www.tiktok.com/@v0tgsso365/video/7573601045884964127"" target=""_blank"" class=""btn btn-sm"" style=""background-color: #00926c; color: white; text-decoration: none; padding: 2px 8px; border-radius: 4px; font-size: 0.8em;"">View Post</a>",5,"v0tgsso365","2025-11-17 08:01:05",1,147,2,0,0,"KondisiterkinimusholaPONPESAIKhozinySidoarjoambruksaatsalatashar.#jtvjember#evakuasi#sidoarjo#fyp"
"<a href=""https://www.tiktok.com/@v0tgsso365/video/7573600039616941343"" target=""_blank"" class=""btn btn-sm"" style=""background-color: #00926c; color: white; text-decoration: none; padding: 2px 8px; border-radius: 4px; font-size: 0.8em;"">View Post</a>",5,"v0tgsso365","2025-11-17 07:57:05",1,288,11,0,0,"KondisiterkinimusholaPONPESAIKhozinySidoarjoambruksaatsalatashar.#jtvjember#evakuasi#sidoarjo#fyp"
"<a href=""https://www.tiktok.com/@basilberthaeq0301/video/7573599125338459406"" target=""_blank"" class=""btn btn-sm"" style=""background-color: #00926c; color: white; text-decoration: none; padding: 2px 8px; border-radius: 4px; font-size: 0.8em;"">View Post</a>",5,"basilberthaeq0301","2025-11-17 07:54:20",1,1008,30,0,3,"KondisiterkinimusholaPONPESAIKhozinySidoarjoambruksaatsalatashar.#jtvjember#evakuasi#sidoarjo#fyp"
"<a href=""https://www.tiktok.com/@basilberthaeq0301/video/7573203421671509261"" target=""_blank"" class=""btn btn-sm"" style=""background-color: #00926c; color: white; text-decoration: none; padding: 2px 8px; border-radius: 4px; font-size: 0.8em;"">View Post</a>",5,"basilberthaeq0301","2025-11-16 06:17:44",1,38,2,0,0,"KondisiterkinimusholaPONPESAIKhozinySidoarjoambruksaatsalatashar.#jtvjember#evakuasi#sidoarjo#fyp"
"<a href=""https://www.tiktok.com/@basilberthaeq0301/video/7573203397239754039"" target=""_blank"" class=""btn btn-sm"" style=""background-color: #00926c; color: white; text-decoration: none; padding: 2px 8px; border-radius: 4px; font-size: 0.8em;"">View Post</a>",5,"basilberthaeq0301","2025-11-16 06:17:56",1,5170,39,1,0,"KondisiterkinimusholaPONPESAIKhozinySidoarjoambruksaatsalatashar.#jtvjember#evakuasi#sidoarjo#fyp"
"<a href=""https://www.tiktok.com/@v0tgsso365/video/7573202204144749855"" target=""_blank"" class=""btn btn-sm"" style=""background-color: #00926c; color: white; text-decoration: none; padding: 2px 8px; border-radius: 4px; font-size: 0.8em;"">View Post</a>",5,"v0tgsso365","2025-11-16 06:12:51",1,4434,29,0,0,"KondisiterkinimusholaPONPESAIKhozinySidoarjoambruksaatsalatashar.#jtvjember#evakuasi#sidoarjo#fyp"
"<a href=""https://www.tiktok.com/@basilberthaeq0301/video/7573202103967993143"" target=""_blank"" class=""btn btn-sm"" style=""background-color: #00926c; color: white; text-decoration: none; padding: 2px 8px; border-radius: 4px; font-size: 0.8em;"">View Post</a>",5,"basilberthaeq0301","2025-11-16 06:12:40",1,3684,50,1,5,"KondisiterkinimusholaPONPESAIKhozinySidoarjoambruksaatsalatashar.#jtvjember#evakuasi#sidoarjo#fyp"
"<a href=""https://www.tiktok.com/@basilberthaeq0301/video/7573201828410559758"" target=""_blank"" class=""btn btn-sm"" style=""background-color: #00926c; color: white; text-decoration: none; padding: 2px 8px; border-radius: 4px; font-size: 0.8em;"">View Post</a>",5,"basilberthaeq0301","2025-11-16 06:11:38",1,6490,37,0,0,"KondisiterkinimusholaPONPESAIKhozinySidoarjoambruksaatsalatashar.#jtvjember#evakuasi#sidoarjo#fyp"
"<a href=""https://www.tiktok.com/@v0tgsso365/video/7573201573824744735"" target=""_blank"" class=""btn btn-sm"" style=""background-color: #00926c; color: white; text-decoration: none; padding: 2px 8px; border-radius: 4px; font-size: 0.8em;"">View Post</a>",5,"v0tgsso365","2025-11-16 06:10:20",1,1273,12,0,0,"KondisiterkinimusholaPONPESAIKhozinySidoarjoambruksaatsalatashar.#jtvjember#evakuasi#sidoarjo#fyp"
"<a href=""https://www.tiktok.com/@ee9itflz4ha/video/7574467463295798542"" target=""_blank"" class=""btn btn-sm"" style=""background-color: #00926c; color: white; text-decoration: none; padding: 2px 8px; border-radius: 4px; font-size: 0.8em;"">View Post</a>",8,"ee9itflz4ha","2025-11-19 16:02:50",1,824,79,0,0,"Bad Bunny will be a performer at the2026 Super Bowl LX Halftime Show on Apple Music #news #badbunny #SuperBowl #noticiastiktok #MLB "
"<a href=""https://www.tiktok.com/@ee9itflz4ha/video/7574467444320849166"" target=""_blank"" class=""btn btn-sm"" style=""background-color: #00926c; color: white; text-decoration: none; padding: 2px 8px; border-radius: 4px; font-size: 0.8em;"">View Post</a>",8,"ee9itflz4ha","2025-11-19 16:03:00",1,517,18,0,1,"Bad Bunny will be a performer at the2026 Super Bowl LX Halftime Show on Apple Music #news #badbunny #SuperBowl #noticiastiktok #MLB "
"<a href=""https://www.tiktok.com/@ee9itflz4ha/video/7574467313651485966"" target=""_blank"" class=""btn btn-sm"" style=""background-color: #00926c; color: white; text-decoration: none; padding: 2px 8px; border-radius: 4px; font-size: 0.8em;"">View Post</a>",8,"ee9itflz4ha","2025-11-19 16:02:36",1,124,3,0,0,"Bad Bunny will be a performer at the2026 Super Bowl LX Halftime Show on Apple Music #news #badbunny #SuperBowl #noticiastiktok #MLB "
"<a href=""https://www.tiktok.com/@uhsbsjj/video/7574467009413516599"" target=""_blank"" class=""btn btn-sm"" style=""background-color: #00926c; color: white; text-decoration: none; padding: 2px 8px; border-radius: 4px; font-size: 0.8em;"">View Post</a>",8,"uhsbsjj","2025-11-19 16:01:22",1,264,13,0,0,"Bad Bunny will be a performer at the2026 Super Bowl LX Halftime Show on Apple Music #news #badbunny #SuperBowl #noticiastiktok #MLB "
"<a href=""https://www.tiktok.com/@uhsbsjj/video/7574466952157089079"" target=""_blank"" class=""btn btn-sm"" style=""background-color: #00926c; color: white; text-decoration: none; padding: 2px 8px; border-radius: 4px; font-size: 0.8em;"">View Post</a>",8,"uhsbsjj","2025-11-19 16:01:05",1,150,4,0,0,"Bad Bunny will be a performer at the2026 Super Bowl LX Halftime Show on Apple Music #news #badbunny #SuperBowl #noticiastiktok #MLB "
