"Account","Network","Unique Shares","Avg Time Between Shares (sec)","Edge Symmetry Score","Degree","Strength","Betweenness","Avg Views","Avg Likes","Avg Comments","Avg Shares"
"<a href=""https://tiktok.com/@basilberthaeq0301"" target=""_blank"">@basilberthaeq0301</a>",5,7,46.667,0.833,1,6,0,1884.3,29.7,0.4,2
"<a href=""https://tiktok.com/@bcalcw"" target=""_blank"">@bcalcw</a>",13,4,72,0.8,1,7,0,538.75,53,0,0
"<a href=""https://tiktok.com/@ckqaes"" target=""_blank"">@ckqaes</a>",11,3,45.431,0.933,3,20,0.001,616,60.333,0,0
"<a href=""https://tiktok.com/@dhgplp"" target=""_blank"">@dhgplp</a>",10,2,15.167,1,2,12,0,991,140,0.5,0
"<a href=""https://tiktok.com/@doiplo1"" target=""_blank"">@doiplo1</a>",12,2,53.833,0.875,2,12,0,118,3,0,0
"<a href=""https://tiktok.com/@ee9itflz4ha"" target=""_blank"">@ee9itflz4ha</a>",8,3,95.167,0.667,1,6,0,488.333,33.333,0,0.333
"<a href=""https://tiktok.com/@eepkja"" target=""_blank"">@eepkja</a>",13,4,63.095,0.8,3,21,0.003,1071.25,150.25,0,0.25
"<a href=""https://tiktok.com/@ffpiqlgz"" target=""_blank"">@ffpiqlgz</a>",6,3,46.833,1,1,6,0,234.333,4,0,1
"<a href=""https://tiktok.com/@fgifvp"" target=""_blank"">@fgifvp</a>",11,4,35.083,0.733,2,15,0,3426.75,58.25,0,0
"<a href=""https://tiktok.com/@fgjk44150"" target=""_blank"">@fgjk44150</a>",1,3,29.444,0.8,1,9,0,4583,217.667,0.333,10
"<a href=""https://tiktok.com/@fmjsgr"" target=""_blank"">@fmjsgr</a>",12,3,54.074,0.783,3,22,0,461.333,46.333,0,0.333
"<a href=""https://tiktok.com/@fukvv6"" target=""_blank"">@fukvv6</a>",2,3,27.167,1,1,6,0,824.75,41.25,0,0.5
"<a href=""https://tiktok.com/@glvowr"" target=""_blank"">@glvowr</a>",10,3,17.222,0.9,2,15,0,1016.667,94.667,0.333,0.667
"<a href=""https://tiktok.com/@gskebp"" target=""_blank"">@gskebp</a>",9,2,19.167,0.75,1,6,0,138.5,7,0,0
"<a href=""https://tiktok.com/@gtpwjo3"" target=""_blank"">@gtpwjo3</a>",13,3,81.357,0.733,2,13,0,781.333,74.667,0,0
"<a href=""https://tiktok.com/@hiurdn2"" target=""_blank"">@hiurdn2</a>",11,2,40,0.875,2,12,0,61,4,0,0
"<a href=""https://tiktok.com/@hjpkku"" target=""_blank"">@hjpkku</a>",11,3,46.944,0.739,3,21,0.011,1011,64.667,0.333,0
"<a href=""https://tiktok.com/@hsukmvf"" target=""_blank"">@hsukmvf</a>",2,3,24.5,1,2,12,0.001,921,69.667,0.333,0.667
"<a href=""https://tiktok.com/@ibbaehs"" target=""_blank"">@ibbaehs</a>",6,6,46.833,1,1,6,0,2614,18,0.833,3.333
"<a href=""https://tiktok.com/@ijounhth"" target=""_blank"">@ijounhth</a>",7,3,45.125,1,1,8,0,391,7,0.333,0.667
"<a href=""https://tiktok.com/@kprjrq"" target=""_blank"">@kprjrq</a>",13,3,59.286,0.733,2,13,0,1056.333,141.667,0,0
"<a href=""https://tiktok.com/@ltamak1"" target=""_blank"">@ltamak1</a>",12,3,55,1,1,6,0,1307.667,138,0,0
"<a href=""https://tiktok.com/@mwador"" target=""_blank"">@mwador</a>",9,3,19.167,0.75,1,6,0,674.333,56.333,0,0
"<a href=""https://tiktok.com/@naa4z3bys7"" target=""_blank"">@naa4z3bys7</a>",7,5,45.125,1,1,8,0,920.667,24.833,0.167,4.667
"<a href=""https://tiktok.com/@nguynbchhng698"" target=""_blank"">@nguynbchhng698</a>",1,3,29.444,0.8,1,9,0,807.333,38,0,0.333
"<a href=""https://tiktok.com/@qweormzcmql"" target=""_blank"">@qweormzcmql</a>",2,2,21.833,1,1,6,0,670,21,0,0
"<a href=""https://tiktok.com/@rfmjev"" target=""_blank"">@rfmjev</a>",12,3,49.435,0.838,4,26,0.009,1567.333,126.333,0.333,0.333
"<a href=""https://tiktok.com/@rtpbbw"" target=""_blank"">@rtpbbw</a>",12,3,46.833,0.75,1,6,0,527.667,66.667,0,0
"<a href=""https://tiktok.com/@trhste"" target=""_blank"">@trhste</a>",11,3,41.143,1,2,13,0,491.333,54.667,0,0
"<a href=""https://tiktok.com/@ugfcij"" target=""_blank"">@ugfcij</a>",3,3,61,0.8,1,6,0,3858.333,329.333,0,1.333
"<a href=""https://tiktok.com/@uhsbsjj"" target=""_blank"">@uhsbsjj</a>",8,2,95.167,0.667,1,6,0,207,8.5,0,0
"<a href=""https://tiktok.com/@ummtvf"" target=""_blank"">@ummtvf</a>",11,2,35.833,0.708,2,12,0,562,82,0,0
"<a href=""https://tiktok.com/@unmgdi"" target=""_blank"">@unmgdi</a>",12,3,53.487,0.867,3,22,0.006,1367.667,115.333,0,0
"<a href=""https://tiktok.com/@user492287173405"" target=""_blank"">@user492287173405</a>",10,3,16.056,0.9,2,15,0,843,10,0,0.333
"<a href=""https://tiktok.com/@uvbirx"" target=""_blank"">@uvbirx</a>",4,6,54.667,1,1,6,0,238.571,5.429,0,0.143
"<a href=""https://tiktok.com/@v0tgsso365"" target=""_blank"">@v0tgsso365</a>",5,5,46.667,0.833,1,6,0,958.143,10.143,0.143,0
"<a href=""https://tiktok.com/@vdocdb"" target=""_blank"">@vdocdb</a>",11,4,50.894,0.804,4,27,0.013,319.75,43.5,0.25,0
"<a href=""https://tiktok.com/@vysji3"" target=""_blank"">@vysji3</a>",3,3,61,0.8,1,6,0,39.667,0.333,0,0
"<a href=""https://tiktok.com/@yeogf2"" target=""_blank"">@yeogf2</a>",4,3,54.667,1,1,6,0,890,65.667,0.667,0.667
