"Network","Number of Accounts","Network Density","Network Diameter","Clustering Coefficient","Avg Views","Avg Likes","Avg Comments","Avg Shares","Member Accounts"
1,2,1,9,0,2695.167,127.833,0.167,5.167,"fgjk44150, nguynbchhng698"
2,3,0.667,12,0,807.2,43.7,0.1,0.4,"fukvv6, qweormzcmql, hsukmvf"
3,2,1,6,0,1949,164.833,0,0.667,"ugfcij, vysji3"
4,2,1,6,0,434,23.5,0.2,0.3,"uvbirx, yeogf2"
5,2,1,6,0,1502.941,21.647,0.294,1.176,"basilberthaeq0301, v0tgsso365"
6,2,1,6,0,1820.778,13.333,0.556,2.556,"ibbaehs, ffpiqlgz"
7,2,1,8,0,744.111,18.889,0.222,3.333,"naa4z3bys7, ijounhth"
8,2,1,6,0,375.8,23.4,0,0.2,"ee9itflz4ha, uhsbsjj"
9,2,1,6,0,460,36.6,0,0,"gskebp, mwador"
10,3,1,9,1,945.125,74.25,0.25,0.375,"dhgplp, glvowr, user492287173405"
11,7,0.429,23,0.562,1075.571,53.238,0.095,0,"fgifvp, trhste, ckqaes, hiurdn2, hjpkku, ummtvf, vdocdb"
12,6,0.467,19,0.462,937.118,87.294,0.059,0.118,"ltamak1, rtpbbw, fmjsgr, doiplo1, rfmjev, unmgdi"
13,4,0.667,14,0.6,853.786,104.429,0,0.071,"eepkja, bcalcw, gtpwjo3, kprjrq"
