"Account","Network","Unique Shares","Avg Time Between Shares (sec)","Edge Symmetry Score","Degree","Strength","Betweenness","Avg Views","Avg Likes","Avg Comments","Avg Shares"
"<a href=""https://tiktok.com/@gbooat"" target=""_blank"">@gbooat</a>",5,12,51.83,0.933,2,42,0,744.833,35.5,2.25,0.25
"<a href=""https://tiktok.com/@hnmsk888"" target=""_blank"">@hnmsk888</a>",3,4,48.5,1,1,8,0,994,37.25,1.75,0.25
"<a href=""https://tiktok.com/@ilove__allah_"" target=""_blank"">@ilove__allah_</a>",1,1,20.5,1,1,8,0,72,32,9,11
"<a href=""https://tiktok.com/@mafujaaktarr"" target=""_blank"">@mafujaaktarr</a>",1,2,20.5,1,1,8,0,76.5,21.75,0.5,0
"<a href=""https://tiktok.com/@mayer.adorer.rajk5"" target=""_blank"">@mayer.adorer.rajk5</a>",2,1,104,1,1,8,0,75.5,24,10.5,0.75
"<a href=""https://tiktok.com/@md.nuruzzaman.gaz4"" target=""_blank"">@md.nuruzzaman.gaz4</a>",2,12,104,1,1,8,0,41.435,5.087,1.217,0.043
"<a href=""https://tiktok.com/@okgsisnssx"" target=""_blank"">@okgsisnssx</a>",4,11,51.19,0.933,1,21,0,910.167,43.5,1.25,1.083
"<a href=""https://tiktok.com/@pploa999"" target=""_blank"">@pploa999</a>",3,4,48.5,1,1,8,0,838.5,6.5,0.25,0
"<a href=""https://tiktok.com/@user8431021130445"" target=""_blank"">@user8431021130445</a>",6,9,52.889,1,1,18,0,1142.833,43.5,1.083,0.083
"<a href=""https://tiktok.com/@user8632343249071"" target=""_blank"">@user8632343249071</a>",6,8,52.889,1,1,18,0,1259.2,57.3,1.2,0.1
"<a href=""https://tiktok.com/@xin20241035"" target=""_blank"">@xin20241035</a>",5,12,40.776,0.967,2,43,0,1171.417,51.75,1.083,0.167
"<a href=""https://tiktok.com/@yydszdzqa"" target=""_blank"">@yydszdzqa</a>",5,11,46.196,0.9,2,41,0,1234.545,65.364,1.818,0.545
"<a href=""https://tiktok.com/@yyfdtwhtod"" target=""_blank"">@yyfdtwhtod</a>",4,10,51.19,0.933,1,21,0,947.167,34.333,0.75,0.417
