"Post URL","Network","Author","Timestamp","Number of Accounts","Views","Likes","Comments","Shares","Description"
"<a href=""https://www.tiktok.com/@okgsisnssx/video/7506893124162030878"" target=""_blank"" class=""btn btn-sm"" style=""background-color: #00926c; color: white; text-decoration: none; padding: 2px 8px; border-radius: 4px; font-size: 0.8em;"">View Post</a>",4,"okgsisnssx",2025-05-21 13:39:28,4,1047,46,2,0,"#weddingsituation #weddingstory #weddingstorytime #storywedding #storytimewedding #weddingguest #situationwedding #weddingvendor #weddinghumor #weddinglol #weddinglaugh #weddingplanning #weddingplanner #2023bride #2024bride #weddingtiktok #2025bride #2026bride"
"<a href=""https://www.tiktok.com/@yyfdtwhtod/video/7506892762399214894"" target=""_blank"" class=""btn btn-sm"" style=""background-color: #00926c; color: white; text-decoration: none; padding: 2px 8px; border-radius: 4px; font-size: 0.8em;"">View Post</a>",4,"yyfdtwhtod",2025-05-21 13:38:07,4,873,55,1,0,"#weddingsituation #weddingstory #weddingstorytime #storywedding #storytimewedding #weddingguest #situationwedding #weddingvendor #weddinghumor #weddinglol #weddinglaugh #weddingplanning #weddingplanner #2023bride #2024bride #weddingtiktok #2025bride #2026bride"
"<a href=""https://www.tiktok.com/@yyfdtwhtod/video/7506892757361855790"" target=""_blank"" class=""btn btn-sm"" style=""background-color: #00926c; color: white; text-decoration: none; padding: 2px 8px; border-radius: 4px; font-size: 0.8em;"">View Post</a>",4,"yyfdtwhtod",2025-05-21 13:38:09,4,37,2,0,0,"#weddingsituation #weddingstory #weddingstorytime #storywedding #storytimewedding #weddingguest #situationwedding #weddingvendor #weddinghumor #weddinglol #weddinglaugh #weddingplanning #weddingplanner #2023bride #2024bride #weddingtiktok #2025bride #2026bride"
"<a href=""https://www.tiktok.com/@okgsisnssx/video/7506892634632326431"" target=""_blank"" class=""btn btn-sm"" style=""background-color: #00926c; color: white; text-decoration: none; padding: 2px 8px; border-radius: 4px; font-size: 0.8em;"">View Post</a>",4,"okgsisnssx",2025-05-21 13:37:39,4,859,36,1,0,"#weddingsituation #weddingstory #weddingstorytime #storywedding #storytimewedding #weddingguest #situationwedding #weddingvendor #weddinghumor #weddinglol #weddinglaugh #weddingplanning #weddingplanner #2023bride #2024bride #weddingtiktok #2025bride #2026bride"
"<a href=""https://www.tiktok.com/@yyfdtwhtod/video/7506892611446148394"" target=""_blank"" class=""btn btn-sm"" style=""background-color: #00926c; color: white; text-decoration: none; padding: 2px 8px; border-radius: 4px; font-size: 0.8em;"">View Post</a>",4,"yyfdtwhtod",2025-05-21 13:37:36,4,18,0,0,0,"#weddingsituation #weddingstory #weddingstorytime #storywedding #storytimewedding #weddingguest #situationwedding #weddingvendor #weddinghumor #weddinglol #weddinglaugh #weddingplanning #weddingplanner #2023bride #2024bride #weddingtiktok #2025bride #2026bride"
"<a href=""https://www.tiktok.com/@okgsisnssx/video/7506892424384466207"" target=""_blank"" class=""btn btn-sm"" style=""background-color: #00926c; color: white; text-decoration: none; padding: 2px 8px; border-radius: 4px; font-size: 0.8em;"">View Post</a>",4,"okgsisnssx",2025-05-21 13:36:45,4,16,0,0,0,"#weddingsituation #weddingstory #weddingstorytime #storywedding #storytimewedding #weddingguest #situationwedding #weddingvendor #weddinghumor #weddinglol #weddinglaugh #weddingplanning #weddingplanner #2023bride #2024bride #weddingtiktok #2025bride #2026bride"
"<a href=""https://www.tiktok.com/@gbooat/video/7506886566787190047"" target=""_blank"" class=""btn btn-sm"" style=""background-color: #00926c; color: white; text-decoration: none; padding: 2px 8px; border-radius: 4px; font-size: 0.8em;"">View Post</a>",5,"gbooat",2025-05-21 13:14:02,4,1085,39,1,0,"#weddingsituation #weddingstory #weddingstorytime #storywedding #storytimewedding #weddingguest #situationwedding #weddingvendor #weddinghumor #weddinglol #weddinglaugh #weddingplanning #weddingplanner #2023bride #2024bride #weddingtiktok #2025bride #2026bride"
"<a href=""https://www.tiktok.com/@gbooat/video/7506886330039684382"" target=""_blank"" class=""btn btn-sm"" style=""background-color: #00926c; color: white; text-decoration: none; padding: 2px 8px; border-radius: 4px; font-size: 0.8em;"">View Post</a>",5,"gbooat",2025-05-21 13:13:07,4,444,20,1,0,"#weddingsituation #weddingstory #weddingstorytime #storywedding #storytimewedding #weddingguest #situationwedding #weddingvendor #weddinghumor #weddinglol #weddinglaugh #weddingplanning #weddingplanner #2023bride #2024bride #weddingtiktok #2025bride #2026bride"
"<a href=""https://www.tiktok.com/@yydszdzqa/video/7506886126716718367"" target=""_blank"" class=""btn btn-sm"" style=""background-color: #00926c; color: white; text-decoration: none; padding: 2px 8px; border-radius: 4px; font-size: 0.8em;"">View Post</a>",5,"yydszdzqa",2025-05-21 13:12:25,4,918,51,1,0,"#weddingsituation #weddingstory #weddingstorytime #storywedding #storytimewedding #weddingguest #situationwedding #weddingvendor #weddinghumor #weddinglol #weddinglaugh #weddingplanning #weddingplanner #2023bride #2024bride #weddingtiktok #2025bride #2026bride"
"<a href=""https://www.tiktok.com/@yydszdzqa/video/7506886116574858527"" target=""_blank"" class=""btn btn-sm"" style=""background-color: #00926c; color: white; text-decoration: none; padding: 2px 8px; border-radius: 4px; font-size: 0.8em;"">View Post</a>",5,"yydszdzqa",2025-05-21 13:12:22,4,1031,67,0,0,"#weddingsituation #weddingstory #weddingstorytime #storywedding #storytimewedding #weddingguest #situationwedding #weddingvendor #weddinghumor #weddinglol #weddinglaugh #weddingplanning #weddingplanner #2023bride #2024bride #weddingtiktok #2025bride #2026bride"
"<a href=""https://www.tiktok.com/@gbooat/video/7506886043149274399"" target=""_blank"" class=""btn btn-sm"" style=""background-color: #00926c; color: white; text-decoration: none; padding: 2px 8px; border-radius: 4px; font-size: 0.8em;"">View Post</a>",5,"gbooat",2025-05-21 13:11:59,4,867,38,0,2,"#weddingsituation #weddingstory #weddingstorytime #storywedding #storytimewedding #weddingguest #situationwedding #weddingvendor #weddinghumor #weddinglol #weddinglaugh #weddingplanning #weddingplanner #2023bride #2024bride #weddingtiktok #2025bride #2026bride"
"<a href=""https://www.tiktok.com/@yydszdzqa/video/7506886016146410782"" target=""_blank"" class=""btn btn-sm"" style=""background-color: #00926c; color: white; text-decoration: none; padding: 2px 8px; border-radius: 4px; font-size: 0.8em;"">View Post</a>",5,"yydszdzqa",2025-05-21 13:11:58,4,935,24,5,0,"#weddingsituation #weddingstory #weddingstorytime #storywedding #storytimewedding #weddingguest #situationwedding #weddingvendor #weddinghumor #weddinglol #weddinglaugh #weddingplanning #weddingplanner #2023bride #2024bride #weddingtiktok #2025bride #2026bride"
"<a href=""https://www.tiktok.com/@xin20241035/video/7506886008286367022"" target=""_blank"" class=""btn btn-sm"" style=""background-color: #00926c; color: white; text-decoration: none; padding: 2px 8px; border-radius: 4px; font-size: 0.8em;"">View Post</a>",5,"xin20241035",2025-05-21 13:11:57,4,916,41,2,0,"#weddingsituation #weddingstory #weddingstorytime #storywedding #storytimewedding #weddingguest #situationwedding #weddingvendor #weddinghumor #weddinglol #weddinglaugh #weddingplanning #weddingplanner #2023bride #2024bride #weddingtiktok #2025bride #2026bride"
"<a href=""https://www.tiktok.com/@xin20241035/video/7506886006994554158"" target=""_blank"" class=""btn btn-sm"" style=""background-color: #00926c; color: white; text-decoration: none; padding: 2px 8px; border-radius: 4px; font-size: 0.8em;"">View Post</a>",5,"xin20241035",2025-05-21 13:11:58,4,908,67,1,1,"#weddingsituation #weddingstory #weddingstorytime #storywedding #storytimewedding #weddingguest #situationwedding #weddingvendor #weddinghumor #weddinglol #weddinglaugh #weddingplanning #weddingplanner #2023bride #2024bride #weddingtiktok #2025bride #2026bride"
"<a href=""https://www.tiktok.com/@xin20241035/video/7506885918834314538"" target=""_blank"" class=""btn btn-sm"" style=""background-color: #00926c; color: white; text-decoration: none; padding: 2px 8px; border-radius: 4px; font-size: 0.8em;"">View Post</a>",5,"xin20241035",2025-05-21 13:11:33,4,904,44,1,0,"#weddingsituation #weddingstory #weddingstorytime #storywedding #storytimewedding #weddingguest #situationwedding #weddingvendor #weddinghumor #weddinglol #weddinglaugh #weddingplanning #weddingplanner #2023bride #2024bride #weddingtiktok #2025bride #2026bride"
"<a href=""https://www.tiktok.com/@user8431021130445/video/7506883099465223455"" target=""_blank"" class=""btn btn-sm"" style=""background-color: #00926c; color: white; text-decoration: none; padding: 2px 8px; border-radius: 4px; font-size: 0.8em;"">View Post</a>",6,"user8431021130445",2025-05-21 13:00:40,4,965,59,3,0,"#weddingsituation #weddingstory #weddingstorytime #storywedding #storytimewedding #weddingguest #situationwedding #weddingvendor #weddinghumor #weddinglol #weddinglaugh #weddingplanning #weddingplanner #2023bride #2024bride #weddingtiktok #2025bride #2026bride"
"<a href=""https://www.tiktok.com/@user8431021130445/video/7506883046419729694"" target=""_blank"" class=""btn btn-sm"" style=""background-color: #00926c; color: white; text-decoration: none; padding: 2px 8px; border-radius: 4px; font-size: 0.8em;"">View Post</a>",6,"user8431021130445",2025-05-21 13:00:24,4,23,0,0,0,"#weddingsituation #weddingstory #weddingstorytime #storywedding #storytimewedding #weddingguest #situationwedding #weddingvendor #weddinghumor #weddinglol #weddinglaugh #weddingplanning #weddingplanner #2023bride #2024bride #weddingtiktok #2025bride #2026bride"
"<a href=""https://www.tiktok.com/@user8632343249071/video/7506883042993081631"" target=""_blank"" class=""btn btn-sm"" style=""background-color: #00926c; color: white; text-decoration: none; padding: 2px 8px; border-radius: 4px; font-size: 0.8em;"">View Post</a>",6,"user8632343249071",2025-05-21 13:00:24,4,899,55,1,0,"#weddingsituation #weddingstory #weddingstorytime #storywedding #storytimewedding #weddingguest #situationwedding #weddingvendor #weddinghumor #weddinglol #weddinglaugh #weddingplanning #weddingplanner #2023bride #2024bride #weddingtiktok #2025bride #2026bride"
"<a href=""https://www.tiktok.com/@user8431021130445/video/7506882801535307039"" target=""_blank"" class=""btn btn-sm"" style=""background-color: #00926c; color: white; text-decoration: none; padding: 2px 8px; border-radius: 4px; font-size: 0.8em;"">View Post</a>",6,"user8431021130445",2025-05-21 12:59:25,4,84,1,0,0,"#weddingsituation #weddingstory #weddingstorytime #storywedding #storytimewedding #weddingguest #situationwedding #weddingvendor #weddinghumor #weddinglol #weddinglaugh #weddingplanning #weddingplanner #2023bride #2024bride #weddingtiktok #2025bride #2026bride"
"<a href=""https://www.tiktok.com/@user8632343249071/video/7506882787635465503"" target=""_blank"" class=""btn btn-sm"" style=""background-color: #00926c; color: white; text-decoration: none; padding: 2px 8px; border-radius: 4px; font-size: 0.8em;"">View Post</a>",6,"user8632343249071",2025-05-21 12:59:26,4,949,54,0,0,"#weddingsituation #weddingstory #weddingstorytime #storywedding #storytimewedding #weddingguest #situationwedding #weddingvendor #weddinghumor #weddinglol #weddinglaugh #weddingplanning #weddingplanner #2023bride #2024bride #weddingtiktok #2025bride #2026bride"
"<a href=""https://www.tiktok.com/@user8632343249071/video/7506882787513797919"" target=""_blank"" class=""btn btn-sm"" style=""background-color: #00926c; color: white; text-decoration: none; padding: 2px 8px; border-radius: 4px; font-size: 0.8em;"">View Post</a>",6,"user8632343249071",2025-05-21 12:59:24,4,133,2,0,0,"#weddingsituation #weddingstory #weddingstorytime #storywedding #storytimewedding #weddingguest #situationwedding #weddingvendor #weddinghumor #weddinglol #weddinglaugh #weddingplanning #weddingplanner #2023bride #2024bride #weddingtiktok #2025bride #2026bride"
"<a href=""https://www.tiktok.com/@yyfdtwhtod/video/7506507399935593771"" target=""_blank"" class=""btn btn-sm"" style=""background-color: #00926c; color: white; text-decoration: none; padding: 2px 8px; border-radius: 4px; font-size: 0.8em;"">View Post</a>",4,"yyfdtwhtod",2025-05-20 12:44:06,4,1535,67,1,0,"#weddingsituation #weddingstory #weddingstorytime #storywedding #storytimewedding #weddingguest #situationwedding #weddingvendor #weddinghumor #weddinglol #weddinglaugh #weddingplanning #weddingplanner #2023bride #2024bride #weddingtiktok #2025bride #2026bride"
"<a href=""https://www.tiktok.com/@yyfdtwhtod/video/7506507142900370730"" target=""_blank"" class=""btn btn-sm"" style=""background-color: #00926c; color: white; text-decoration: none; padding: 2px 8px; border-radius: 4px; font-size: 0.8em;"">View Post</a>",4,"yyfdtwhtod",2025-05-20 12:43:04,4,932,39,2,1,"#weddingsituation #weddingstory #weddingstorytime #storywedding #storytimewedding #weddingguest #situationwedding #weddingvendor #weddinghumor #weddinglol #weddinglaugh #weddingplanning #weddingplanner #2023bride #2024bride #weddingtiktok #2025bride #2026bride"
"<a href=""https://www.tiktok.com/@okgsisnssx/video/7506506594004274463"" target=""_blank"" class=""btn btn-sm"" style=""background-color: #00926c; color: white; text-decoration: none; padding: 2px 8px; border-radius: 4px; font-size: 0.8em;"">View Post</a>",4,"okgsisnssx",2025-05-20 12:40:05,4,893,61,0,0,"#weddingsituation #weddingstory #weddingstorytime #storywedding #storytimewedding #weddingguest #situationwedding #weddingvendor #weddinghumor #weddinglol #weddinglaugh #weddingplanning #weddingplanner #2023bride #2024bride #weddingtiktok #2025bride #2026bride"
"<a href=""https://www.tiktok.com/@okgsisnssx/video/7506505865717927199"" target=""_blank"" class=""btn btn-sm"" style=""background-color: #00926c; color: white; text-decoration: none; padding: 2px 8px; border-radius: 4px; font-size: 0.8em;"">View Post</a>",4,"okgsisnssx",2025-05-20 12:37:10,4,1742,55,0,0,"#weddingsituation #weddingstory #weddingstorytime #storywedding #storytimewedding #weddingguest #situationwedding #weddingvendor #weddinghumor #weddinglol #weddinglaugh #weddingplanning #weddingplanner #2023bride #2024bride #weddingtiktok #2025bride #2026bride"
"<a href=""https://www.tiktok.com/@okgsisnssx/video/7506504589051530527"" target=""_blank"" class=""btn btn-sm"" style=""background-color: #00926c; color: white; text-decoration: none; padding: 2px 8px; border-radius: 4px; font-size: 0.8em;"">View Post</a>",4,"okgsisnssx",2025-05-20 12:32:09,4,915,33,1,0,"#weddingsituation #weddingstory #weddingstorytime #storywedding #storytimewedding #weddingguest #situationwedding #weddingvendor #weddinghumor #weddinglol #weddinglaugh #weddingplanning #weddingplanner #2023bride #2024bride #weddingtiktok #2025bride #2026bride"
"<a href=""https://www.tiktok.com/@yyfdtwhtod/video/7506504431232519470"" target=""_blank"" class=""btn btn-sm"" style=""background-color: #00926c; color: white; text-decoration: none; padding: 2px 8px; border-radius: 4px; font-size: 0.8em;"">View Post</a>",4,"yyfdtwhtod",2025-05-20 12:31:52,4,861,32,1,0,"#weddingsituation #weddingstory #weddingstorytime #storywedding #storytimewedding #weddingguest #situationwedding #weddingvendor #weddinghumor #weddinglol #weddinglaugh #weddingplanning #weddingplanner #2023bride #2024bride #weddingtiktok #2025bride #2026bride"
"<a href=""https://www.tiktok.com/@user8632343249071/video/7506502440838040863"" target=""_blank"" class=""btn btn-sm"" style=""background-color: #00926c; color: white; text-decoration: none; padding: 2px 8px; border-radius: 4px; font-size: 0.8em;"">View Post</a>",6,"user8632343249071",2025-05-20 12:23:56,4,1018,57,1,1,"#weddingsituation #weddingstory #weddingstorytime #storywedding #storytimewedding #weddingguest #situationwedding #weddingvendor #weddinghumor #weddinglol #weddinglaugh #weddingplanning #weddingplanner #2023bride #2024bride #weddingtiktok #2025bride #2026bride"
"<a href=""https://www.tiktok.com/@user8431021130445/video/7506502313415052575"" target=""_blank"" class=""btn btn-sm"" style=""background-color: #00926c; color: white; text-decoration: none; padding: 2px 8px; border-radius: 4px; font-size: 0.8em;"">View Post</a>",6,"user8431021130445",2025-05-20 12:23:18,4,1079,47,0,0,"#weddingsituation #weddingstory #weddingstorytime #storywedding #storytimewedding #weddingguest #situationwedding #weddingvendor #weddinghumor #weddinglol #weddinglaugh #weddingplanning #weddingplanner #2023bride #2024bride #weddingtiktok #2025bride #2026bride"
"<a href=""https://www.tiktok.com/@gbooat/video/7506501765190225183"" target=""_blank"" class=""btn btn-sm"" style=""background-color: #00926c; color: white; text-decoration: none; padding: 2px 8px; border-radius: 4px; font-size: 0.8em;"">View Post</a>",5,"gbooat",2025-05-20 12:21:15,4,405,32,1,0,"#weddingsituation #weddingstory #weddingstorytime #storywedding #storytimewedding #weddingguest #situationwedding #weddingvendor #weddinghumor #weddinglol #weddinglaugh #weddingplanning #weddingplanner #2023bride #2024bride #weddingtiktok #2025bride #2026bride"
"<a href=""https://www.tiktok.com/@user8431021130445/video/7506501763923561758"" target=""_blank"" class=""btn btn-sm"" style=""background-color: #00926c; color: white; text-decoration: none; padding: 2px 8px; border-radius: 4px; font-size: 0.8em;"">View Post</a>",6,"user8431021130445",2025-05-20 12:21:24,4,1245,64,0,0,"#weddingsituation #weddingstory #weddingstorytime #storywedding #storytimewedding #weddingguest #situationwedding #weddingvendor #weddinghumor #weddinglol #weddinglaugh #weddingplanning #weddingplanner #2023bride #2024bride #weddingtiktok #2025bride #2026bride"
"<a href=""https://www.tiktok.com/@yydszdzqa/video/7506501755681639710"" target=""_blank"" class=""btn btn-sm"" style=""background-color: #00926c; color: white; text-decoration: none; padding: 2px 8px; border-radius: 4px; font-size: 0.8em;"">View Post</a>",5,"yydszdzqa",2025-05-20 12:21:10,4,1502,96,2,2,"#weddingsituation #weddingstory #weddingstorytime #storywedding #storytimewedding #weddingguest #situationwedding #weddingvendor #weddinghumor #weddinglol #weddinglaugh #weddingplanning #weddingplanner #2023bride #2024bride #weddingtiktok #2025bride #2026bride"
"<a href=""https://www.tiktok.com/@xin20241035/video/7506501581844581675"" target=""_blank"" class=""btn btn-sm"" style=""background-color: #00926c; color: white; text-decoration: none; padding: 2px 8px; border-radius: 4px; font-size: 0.8em;"">View Post</a>",5,"xin20241035",2025-05-20 12:21:17,4,1393,56,2,0,"#weddingsituation #weddingstory #weddingstorytime #storywedding #storytimewedding #weddingguest #situationwedding #weddingvendor #weddinghumor #weddinglol #weddinglaugh #weddingplanning #weddingplanner #2023bride #2024bride #weddingtiktok #2025bride #2026bride"
"<a href=""https://www.tiktok.com/@user8632343249071/video/7506501410268187934"" target=""_blank"" class=""btn btn-sm"" style=""background-color: #00926c; color: white; text-decoration: none; padding: 2px 8px; border-radius: 4px; font-size: 0.8em;"">View Post</a>",6,"user8632343249071",2025-05-20 12:19:56,4,1184,56,3,0,"#weddingsituation #weddingstory #weddingstorytime #storywedding #storytimewedding #weddingguest #situationwedding #weddingvendor #weddinghumor #weddinglol #weddinglaugh #weddingplanning #weddingplanner #2023bride #2024bride #weddingtiktok #2025bride #2026bride"
"<a href=""https://www.tiktok.com/@gbooat/video/7506501013961018654"" target=""_blank"" class=""btn btn-sm"" style=""background-color: #00926c; color: white; text-decoration: none; padding: 2px 8px; border-radius: 4px; font-size: 0.8em;"">View Post</a>",5,"gbooat",2025-05-20 12:18:29,4,1117,60,2,0,"#weddingsituation #weddingstory #weddingstorytime #storywedding #storytimewedding #weddingguest #situationwedding #weddingvendor #weddinghumor #weddinglol #weddinglaugh #weddingplanning #weddingplanner #2023bride #2024bride #weddingtiktok #2025bride #2026bride"
"<a href=""https://www.tiktok.com/@user8632343249071/video/7506500939210165535"" target=""_blank"" class=""btn btn-sm"" style=""background-color: #00926c; color: white; text-decoration: none; padding: 2px 8px; border-radius: 4px; font-size: 0.8em;"">View Post</a>",6,"user8632343249071",2025-05-20 12:18:10,4,1637,60,0,0,"#weddingsituation #weddingstory #weddingstorytime #storywedding #storytimewedding #weddingguest #situationwedding #weddingvendor #weddinghumor #weddinglol #weddinglaugh #weddingplanning #weddingplanner #2023bride #2024bride #weddingtiktok #2025bride #2026bride"
"<a href=""https://www.tiktok.com/@yydszdzqa/video/7506500555242622238"" target=""_blank"" class=""btn btn-sm"" style=""background-color: #00926c; color: white; text-decoration: none; padding: 2px 8px; border-radius: 4px; font-size: 0.8em;"">View Post</a>",5,"yydszdzqa",2025-05-20 12:16:43,4,1426,62,0,0,"#weddingsituation #weddingstory #weddingstorytime #storywedding #storytimewedding #weddingguest #situationwedding #weddingvendor #weddinghumor #weddinglol #weddinglaugh #weddingplanning #weddingplanner #2023bride #2024bride #weddingtiktok #2025bride #2026bride"
"<a href=""https://www.tiktok.com/@user8431021130445/video/7506500502146829599"" target=""_blank"" class=""btn btn-sm"" style=""background-color: #00926c; color: white; text-decoration: none; padding: 2px 8px; border-radius: 4px; font-size: 0.8em;"">View Post</a>",6,"user8431021130445",2025-05-20 12:16:18,4,1073,62,5,0,"#weddingsituation #weddingstory #weddingstorytime #storywedding #storytimewedding #weddingguest #situationwedding #weddingvendor #weddinghumor #weddinglol #weddinglaugh #weddingplanning #weddingplanner #2023bride #2024bride #weddingtiktok #2025bride #2026bride"
"<a href=""https://www.tiktok.com/@xin20241035/video/7506500065066896686"" target=""_blank"" class=""btn btn-sm"" style=""background-color: #00926c; color: white; text-decoration: none; padding: 2px 8px; border-radius: 4px; font-size: 0.8em;"">View Post</a>",5,"xin20241035",2025-05-20 12:15:26,4,1175,50,0,0,"#weddingsituation #weddingstory #weddingstorytime #storywedding #storytimewedding #weddingguest #situationwedding #weddingvendor #weddinghumor #weddinglol #weddinglaugh #weddingplanning #weddingplanner #2023bride #2024bride #weddingtiktok #2025bride #2026bride"
"<a href=""https://www.tiktok.com/@gbooat/video/7506499003538836766"" target=""_blank"" class=""btn btn-sm"" style=""background-color: #00926c; color: white; text-decoration: none; padding: 2px 8px; border-radius: 4px; font-size: 0.8em;"">View Post</a>",5,"gbooat",2025-05-20 12:10:41,4,334,17,1,0,"#weddingsituation #weddingstory #weddingstorytime #storywedding #storytimewedding #weddingguest #situationwedding #weddingvendor #weddinghumor #weddinglol #weddinglaugh #weddingplanning #weddingplanner #2023bride #2024bride #weddingtiktok #2025bride #2026bride"
"<a href=""https://www.tiktok.com/@yydszdzqa/video/7506498961599909151"" target=""_blank"" class=""btn btn-sm"" style=""background-color: #00926c; color: white; text-decoration: none; padding: 2px 8px; border-radius: 4px; font-size: 0.8em;"">View Post</a>",5,"yydszdzqa",2025-05-20 12:10:19,4,1056,62,2,0,"#weddingsituation #weddingstory #weddingstorytime #storywedding #storytimewedding #weddingguest #situationwedding #weddingvendor #weddinghumor #weddinglol #weddinglaugh #weddingplanning #weddingplanner #2023bride #2024bride #weddingtiktok #2025bride #2026bride"
"<a href=""https://www.tiktok.com/@xin20241035/video/7506498908235877678"" target=""_blank"" class=""btn btn-sm"" style=""background-color: #00926c; color: white; text-decoration: none; padding: 2px 8px; border-radius: 4px; font-size: 0.8em;"">View Post</a>",5,"xin20241035",2025-05-20 12:10:46,4,1222,59,1,0,"#weddingsituation #weddingstory #weddingstorytime #storywedding #storytimewedding #weddingguest #situationwedding #weddingvendor #weddinghumor #weddinglol #weddinglaugh #weddingplanning #weddingplanner #2023bride #2024bride #weddingtiktok #2025bride #2026bride"
"<a href=""https://www.tiktok.com/@yyfdtwhtod/video/7505888305574055214"" target=""_blank"" class=""btn btn-sm"" style=""background-color: #00926c; color: white; text-decoration: none; padding: 2px 8px; border-radius: 4px; font-size: 0.8em;"">View Post</a>",4,"yyfdtwhtod",2025-05-18 20:40:34,4,1000,33,0,0,"#weddingsituation #weddingstory #weddingstorytime #storywedding #storytimewedding #weddingguest #situationwedding #weddingvendor #weddinghumor #weddinglol #weddinglaugh #weddingplanning #weddingplanner #2023bride #2024bride #weddingtiktok #2025bride #2026bride"
"<a href=""https://www.tiktok.com/@okgsisnssx/video/7505888286871784734"" target=""_blank"" class=""btn btn-sm"" style=""background-color: #00926c; color: white; text-decoration: none; padding: 2px 8px; border-radius: 4px; font-size: 0.8em;"">View Post</a>",4,"okgsisnssx",2025-05-18 20:40:22,4,800,36,2,1,"#weddingsituation #weddingstory #weddingstorytime #storywedding #storytimewedding #weddingguest #situationwedding #weddingvendor #weddinghumor #weddinglol #weddinglaugh #weddingplanning #weddingplanner #2023bride #2024bride #weddingtiktok #2025bride #2026bride"
"<a href=""https://www.tiktok.com/@okgsisnssx/video/7505887824013528351"" target=""_blank"" class=""btn btn-sm"" style=""background-color: #00926c; color: white; text-decoration: none; padding: 2px 8px; border-radius: 4px; font-size: 0.8em;"">View Post</a>",4,"okgsisnssx",2025-05-18 20:38:32,4,836,63,2,0,"#weddingsituation #weddingstory #weddingstorytime #storywedding #storytimewedding #weddingguest #situationwedding #weddingvendor #weddinghumor #weddinglol #weddinglaugh #weddingplanning #weddingplanner #2023bride #2024bride #weddingtiktok #2025bride #2026bride"
"<a href=""https://www.tiktok.com/@yyfdtwhtod/video/7505887664193801514"" target=""_blank"" class=""btn btn-sm"" style=""background-color: #00926c; color: white; text-decoration: none; padding: 2px 8px; border-radius: 4px; font-size: 0.8em;"">View Post</a>",4,"yyfdtwhtod",2025-05-18 20:38:31,4,1067,40,1,0,"#weddingsituation #weddingstory #weddingstorytime #storywedding #storytimewedding #weddingguest #situationwedding #weddingvendor #weddinghumor #weddinglol #weddinglaugh #weddingplanning #weddingplanner #2023bride #2024bride #weddingtiktok #2025bride #2026bride"
"<a href=""https://www.tiktok.com/@okgsisnssx/video/7505887273431338270"" target=""_blank"" class=""btn btn-sm"" style=""background-color: #00926c; color: white; text-decoration: none; padding: 2px 8px; border-radius: 4px; font-size: 0.8em;"">View Post</a>",4,"okgsisnssx",2025-05-18 20:36:20,4,1085,43,1,0,"#weddingsituation #weddingstory #weddingstorytime #storywedding #storytimewedding #weddingguest #situationwedding #weddingvendor #weddinghumor #weddinglol #weddinglaugh #weddingplanning #weddingplanner #2023bride #2024bride #weddingtiktok #2025bride #2026bride"
"<a href=""https://www.tiktok.com/@yyfdtwhtod/video/7505887215239744814"" target=""_blank"" class=""btn btn-sm"" style=""background-color: #00926c; color: white; text-decoration: none; padding: 2px 8px; border-radius: 4px; font-size: 0.8em;"">View Post</a>",4,"yyfdtwhtod",2025-05-18 20:36:28,4,1678,61,1,2,"#weddingsituation #weddingstory #weddingstorytime #storywedding #storytimewedding #weddingguest #situationwedding #weddingvendor #weddinghumor #weddinglol #weddinglaugh #weddingplanning #weddingplanner #2023bride #2024bride #weddingtiktok #2025bride #2026bride"
"<a href=""https://www.tiktok.com/@gbooat/video/7505881191631949087"" target=""_blank"" class=""btn btn-sm"" style=""background-color: #00926c; color: white; text-decoration: none; padding: 2px 8px; border-radius: 4px; font-size: 0.8em;"">View Post</a>",5,"gbooat",2025-05-18 20:12:49,4,1022,58,16,0,"#weddingsituation #weddingstory #weddingstorytime #storywedding #storytimewedding #weddingguest #situationwedding #weddingvendor #weddinghumor #weddinglol #weddinglaugh #weddingplanning #weddingplanner #2023bride #2024bride #weddingtiktok #2025bride #2026bride"
"<a href=""https://www.tiktok.com/@yydszdzqa/video/7505880857329028383"" target=""_blank"" class=""btn btn-sm"" style=""background-color: #00926c; color: white; text-decoration: none; padding: 2px 8px; border-radius: 4px; font-size: 0.8em;"">View Post</a>",5,"yydszdzqa",2025-05-18 20:11:25,4,1788,98,2,0,"#weddingsituation #weddingstory #weddingstorytime #storywedding #storytimewedding #weddingguest #situationwedding #weddingvendor #weddinghumor #weddinglol #weddinglaugh #weddingplanning #weddingplanner #2023bride #2024bride #weddingtiktok #2025bride #2026bride"
"<a href=""https://www.tiktok.com/@gbooat/video/7505880753788538143"" target=""_blank"" class=""btn btn-sm"" style=""background-color: #00926c; color: white; text-decoration: none; padding: 2px 8px; border-radius: 4px; font-size: 0.8em;"">View Post</a>",5,"gbooat",2025-05-18 20:11:08,4,736,38,0,0,"#weddingsituation #weddingstory #weddingstorytime #storywedding #storytimewedding #weddingguest #situationwedding #weddingvendor #weddinghumor #weddinglol #weddinglaugh #weddingplanning #weddingplanner #2023bride #2024bride #weddingtiktok #2025bride #2026bride"
"<a href=""https://www.tiktok.com/@xin20241035/video/7505880681671675178"" target=""_blank"" class=""btn btn-sm"" style=""background-color: #00926c; color: white; text-decoration: none; padding: 2px 8px; border-radius: 4px; font-size: 0.8em;"">View Post</a>",5,"xin20241035",2025-05-18 20:11:11,4,1197,58,1,0,"#weddingsituation #weddingstory #weddingstorytime #storywedding #storytimewedding #weddingguest #situationwedding #weddingvendor #weddinghumor #weddinglol #weddinglaugh #weddingplanning #weddingplanner #2023bride #2024bride #weddingtiktok #2025bride #2026bride"
"<a href=""https://www.tiktok.com/@yydszdzqa/video/7505880576847580446"" target=""_blank"" class=""btn btn-sm"" style=""background-color: #00926c; color: white; text-decoration: none; padding: 2px 8px; border-radius: 4px; font-size: 0.8em;"">View Post</a>",5,"yydszdzqa",2025-05-18 20:10:28,4,838,41,1,3,"#weddingsituation #weddingstory #weddingstorytime #storywedding #storytimewedding #weddingguest #situationwedding #weddingvendor #weddinghumor #weddinglol #weddinglaugh #weddingplanning #weddingplanner #2023bride #2024bride #weddingtiktok #2025bride #2026bride"
"<a href=""https://www.tiktok.com/@xin20241035/video/7505880476217838891"" target=""_blank"" class=""btn btn-sm"" style=""background-color: #00926c; color: white; text-decoration: none; padding: 2px 8px; border-radius: 4px; font-size: 0.8em;"">View Post</a>",5,"xin20241035",2025-05-18 20:10:18,4,929,35,0,1,"#weddingsituation #weddingstory #weddingstorytime #storywedding #storytimewedding #weddingguest #situationwedding #weddingvendor #weddinghumor #weddinglol #weddinglaugh #weddingplanning #weddingplanner #2023bride #2024bride #weddingtiktok #2025bride #2026bride"
"<a href=""https://www.tiktok.com/@gbooat/video/7505880445557493023"" target=""_blank"" class=""btn btn-sm"" style=""background-color: #00926c; color: white; text-decoration: none; padding: 2px 8px; border-radius: 4px; font-size: 0.8em;"">View Post</a>",5,"gbooat",2025-05-18 20:09:56,4,18,0,0,0,"#weddingsituation #weddingstory #weddingstorytime #storywedding #storytimewedding #weddingguest #situationwedding #weddingvendor #weddinghumor #weddinglol #weddinglaugh #weddingplanning #weddingplanner #2023bride #2024bride #weddingtiktok #2025bride #2026bride"
"<a href=""https://www.tiktok.com/@xin20241035/video/7505879886490258731"" target=""_blank"" class=""btn btn-sm"" style=""background-color: #00926c; color: white; text-decoration: none; padding: 2px 8px; border-radius: 4px; font-size: 0.8em;"">View Post</a>",5,"xin20241035",2025-05-18 20:08:01,4,1249,57,0,0,"#weddingsituation #weddingstory #weddingstorytime #storywedding #storytimewedding #weddingguest #situationwedding #weddingvendor #weddinghumor #weddinglol #weddinglaugh #weddingplanning #weddingplanner #2023bride #2024bride #weddingtiktok #2025bride #2026bride"
"<a href=""https://www.tiktok.com/@yydszdzqa/video/7505879635649989918"" target=""_blank"" class=""btn btn-sm"" style=""background-color: #00926c; color: white; text-decoration: none; padding: 2px 8px; border-radius: 4px; font-size: 0.8em;"">View Post</a>",5,"yydszdzqa",2025-05-18 20:06:52,4,981,71,1,0,"#weddingsituation #weddingstory #weddingstorytime #storywedding #storytimewedding #weddingguest #situationwedding #weddingvendor #weddinghumor #weddinglol #weddinglaugh #weddingplanning #weddingplanner #2023bride #2024bride #weddingtiktok #2025bride #2026bride"
"<a href=""https://www.tiktok.com/@user8632343249071/video/7505876615113559326"" target=""_blank"" class=""btn btn-sm"" style=""background-color: #00926c; color: white; text-decoration: none; padding: 2px 8px; border-radius: 4px; font-size: 0.8em;"">View Post</a>",6,"user8632343249071",2025-05-18 19:54:59,4,1727,65,2,0,"#weddingsituation #weddingstory #weddingstorytime #storywedding #storytimewedding #weddingguest #situationwedding #weddingvendor #weddinghumor #weddinglol #weddinglaugh #weddingplanning #weddingplanner #2023bride #2024bride #weddingtiktok #2025bride #2026bride"
"<a href=""https://www.tiktok.com/@user8431021130445/video/7505876552949845278"" target=""_blank"" class=""btn btn-sm"" style=""background-color: #00926c; color: white; text-decoration: none; padding: 2px 8px; border-radius: 4px; font-size: 0.8em;"">View Post</a>",6,"user8431021130445",2025-05-18 19:54:47,4,1297,57,0,0,"#weddingsituation #weddingstory #weddingstorytime #storywedding #storytimewedding #weddingguest #situationwedding #weddingvendor #weddinghumor #weddinglol #weddinglaugh #weddingplanning #weddingplanner #2023bride #2024bride #weddingtiktok #2025bride #2026bride"
"<a href=""https://www.tiktok.com/@user8431021130445/video/7505876380169587998"" target=""_blank"" class=""btn btn-sm"" style=""background-color: #00926c; color: white; text-decoration: none; padding: 2px 8px; border-radius: 4px; font-size: 0.8em;"">View Post</a>",6,"user8431021130445",2025-05-18 19:54:07,4,1156,49,2,0,"#weddingsituation #weddingstory #weddingstorytime #storywedding #storytimewedding #weddingguest #situationwedding #weddingvendor #weddinghumor #weddinglol #weddinglaugh #weddingplanning #weddingplanner #2023bride #2024bride #weddingtiktok #2025bride #2026bride"
"<a href=""https://www.tiktok.com/@user8431021130445/video/7505876101286202655"" target=""_blank"" class=""btn btn-sm"" style=""background-color: #00926c; color: white; text-decoration: none; padding: 2px 8px; border-radius: 4px; font-size: 0.8em;"">View Post</a>",6,"user8431021130445",2025-05-18 19:53:03,4,1149,19,1,0,"#weddingsituation #weddingstory #weddingstorytime #storywedding #storytimewedding #weddingguest #situationwedding #weddingvendor #weddinghumor #weddinglol #weddinglaugh #weddingplanning #weddingplanner #2023bride #2024bride #weddingtiktok #2025bride #2026bride"
"<a href=""https://www.tiktok.com/@user8632343249071/video/7505876066758610206"" target=""_blank"" class=""btn btn-sm"" style=""background-color: #00926c; color: white; text-decoration: none; padding: 2px 8px; border-radius: 4px; font-size: 0.8em;"">View Post</a>",6,"user8632343249071",2025-05-18 19:52:56,4,1900,78,2,0,"#weddingsituation #weddingstory #weddingstorytime #storywedding #storytimewedding #weddingguest #situationwedding #weddingvendor #weddinghumor #weddinglol #weddinglaugh #weddingplanning #weddingplanner #2023bride #2024bride #weddingtiktok #2025bride #2026bride"
"<a href=""https://www.tiktok.com/@yyfdtwhtod/video/7505418253347409195"" target=""_blank"" class=""btn btn-sm"" style=""background-color: #00926c; color: white; text-decoration: none; padding: 2px 8px; border-radius: 4px; font-size: 0.8em;"">View Post</a>",4,"yyfdtwhtod",2025-05-17 14:16:19,4,1342,34,1,1,"#weddingsituation #weddingstory #weddingstorytime #storywedding #storytimewedding #weddingguest #situationwedding #weddingvendor #weddinghumor #weddinglol #weddinglaugh #weddingplanning #weddingplanner #2023bride #2024bride #weddingtiktok #2025bride #2026bride"
"<a href=""https://www.tiktok.com/@okgsisnssx/video/7505418223936982302"" target=""_blank"" class=""btn btn-sm"" style=""background-color: #00926c; color: white; text-decoration: none; padding: 2px 8px; border-radius: 4px; font-size: 0.8em;"">View Post</a>",4,"okgsisnssx",2025-05-17 14:16:25,4,45,0,0,0,"#weddingsituation #weddingstory #weddingstorytime #storywedding #storytimewedding #weddingguest #situationwedding #weddingvendor #weddinghumor #weddinglol #weddinglaugh #weddingplanning #weddingplanner #2023bride #2024bride #weddingtiktok #2025bride #2026bride"
"<a href=""https://www.tiktok.com/@okgsisnssx/video/7505418108576812318"" target=""_blank"" class=""btn btn-sm"" style=""background-color: #00926c; color: white; text-decoration: none; padding: 2px 8px; border-radius: 4px; font-size: 0.8em;"">View Post</a>",4,"okgsisnssx",2025-05-17 14:16:01,4,1005,83,5,11,"#weddingsituation #weddingstory #weddingstorytime #storywedding #storytimewedding #weddingguest #situationwedding #weddingvendor #weddinghumor #weddinglol #weddinglaugh #weddingplanning #weddingplanner #2023bride #2024bride #weddingtiktok #2025bride #2026bride"
"<a href=""https://www.tiktok.com/@okgsisnssx/video/7505417727897652510"" target=""_blank"" class=""btn btn-sm"" style=""background-color: #00926c; color: white; text-decoration: none; padding: 2px 8px; border-radius: 4px; font-size: 0.8em;"">View Post</a>",4,"okgsisnssx",2025-05-17 14:14:34,4,1679,66,1,1,"#weddingsituation #weddingstory #weddingstorytime #storywedding #storytimewedding #weddingguest #situationwedding #weddingvendor #weddinghumor #weddinglol #weddinglaugh #weddingplanning #weddingplanner #2023bride #2024bride #weddingtiktok #2025bride #2026bride"
"<a href=""https://www.tiktok.com/@yyfdtwhtod/video/7505417666526580011"" target=""_blank"" class=""btn btn-sm"" style=""background-color: #00926c; color: white; text-decoration: none; padding: 2px 8px; border-radius: 4px; font-size: 0.8em;"">View Post</a>",4,"yyfdtwhtod",2025-05-17 14:14:42,4,966,15,1,0,"#weddingsituation #weddingstory #weddingstorytime #storywedding #storytimewedding #weddingguest #situationwedding #weddingvendor #weddinghumor #weddinglol #weddinglaugh #weddingplanning #weddingplanner #2023bride #2024bride #weddingtiktok #2025bride #2026bride"
"<a href=""https://www.tiktok.com/@yyfdtwhtod/video/7505417354919120171"" target=""_blank"" class=""btn btn-sm"" style=""background-color: #00926c; color: white; text-decoration: none; padding: 2px 8px; border-radius: 4px; font-size: 0.8em;"">View Post</a>",4,"yyfdtwhtod",2025-05-17 14:13:37,4,1057,34,0,1,"#weddingsituation #weddingstory #weddingstorytime #storywedding #storytimewedding #weddingguest #situationwedding #weddingvendor #weddinghumor #weddinglol #weddinglaugh #weddingplanning #weddingplanner #2023bride #2024bride #weddingtiktok #2025bride #2026bride"
"<a href=""https://www.tiktok.com/@gbooat/video/7505412570208111902"" target=""_blank"" class=""btn btn-sm"" style=""background-color: #00926c; color: white; text-decoration: none; padding: 2px 8px; border-radius: 4px; font-size: 0.8em;"">View Post</a>",5,"gbooat",2025-05-17 13:54:36,4,944,40,2,1,"#weddingsituation #weddingstory #weddingstorytime #storywedding #storytimewedding #weddingguest #situationwedding #weddingvendor #weddinghumor #weddinglol #weddinglaugh #weddingplanning #weddingplanner #2023bride #2024bride #weddingtiktok #2025bride #2026bride"
"<a href=""https://www.tiktok.com/@gbooat/video/7505412505603296543"" target=""_blank"" class=""btn btn-sm"" style=""background-color: #00926c; color: white; text-decoration: none; padding: 2px 8px; border-radius: 4px; font-size: 0.8em;"">View Post</a>",5,"gbooat",2025-05-17 13:54:15,4,918,31,2,0,"#weddingsituation #weddingstory #weddingstorytime #storywedding #storytimewedding #weddingguest #situationwedding #weddingvendor #weddinghumor #weddinglol #weddinglaugh #weddingplanning #weddingplanner #2023bride #2024bride #weddingtiktok #2025bride #2026bride"
"<a href=""https://www.tiktok.com/@xin20241035/video/7505412269669403947"" target=""_blank"" class=""btn btn-sm"" style=""background-color: #00926c; color: white; text-decoration: none; padding: 2px 8px; border-radius: 4px; font-size: 0.8em;"">View Post</a>",5,"xin20241035",2025-05-17 13:53:42,4,1722,60,0,0,"#weddingsituation #weddingstory #weddingstorytime #storywedding #storytimewedding #weddingguest #situationwedding #weddingvendor #weddinghumor #weddinglol #weddinglaugh #weddingplanning #weddingplanner #2023bride #2024bride #weddingtiktok #2025bride #2026bride"
"<a href=""https://www.tiktok.com/@gbooat/video/7505412227709635870"" target=""_blank"" class=""btn btn-sm"" style=""background-color: #00926c; color: white; text-decoration: none; padding: 2px 8px; border-radius: 4px; font-size: 0.8em;"">View Post</a>",5,"gbooat",2025-05-17 13:53:11,4,1048,53,1,0,"#weddingsituation #weddingstory #weddingstorytime #storywedding #storytimewedding #weddingguest #situationwedding #weddingvendor #weddinghumor #weddinglol #weddinglaugh #weddingplanning #weddingplanner #2023bride #2024bride #weddingtiktok #2025bride #2026bride"
"<a href=""https://www.tiktok.com/@xin20241035/video/7505412187062635818"" target=""_blank"" class=""btn btn-sm"" style=""background-color: #00926c; color: white; text-decoration: none; padding: 2px 8px; border-radius: 4px; font-size: 0.8em;"">View Post</a>",5,"xin20241035",2025-05-17 13:53:43,4,1426,62,2,0,"#weddingsituation #weddingstory #weddingstorytime #storywedding #storytimewedding #weddingguest #situationwedding #weddingvendor #weddinghumor #weddinglol #weddinglaugh #weddingplanning #weddingplanner #2023bride #2024bride #weddingtiktok #2025bride #2026bride"
"<a href=""https://www.tiktok.com/@yydszdzqa/video/7505412094221716767"" target=""_blank"" class=""btn btn-sm"" style=""background-color: #00926c; color: white; text-decoration: none; padding: 2px 8px; border-radius: 4px; font-size: 0.8em;"">View Post</a>",5,"yydszdzqa",2025-05-17 13:52:37,4,2001,91,3,0,"#weddingsituation #weddingstory #weddingstorytime #storywedding #storytimewedding #weddingguest #situationwedding #weddingvendor #weddinghumor #weddinglol #weddinglaugh #weddingplanning #weddingplanner #2023bride #2024bride #weddingtiktok #2025bride #2026bride"
"<a href=""https://www.tiktok.com/@xin20241035/video/7505411976923712811"" target=""_blank"" class=""btn btn-sm"" style=""background-color: #00926c; color: white; text-decoration: none; padding: 2px 8px; border-radius: 4px; font-size: 0.8em;"">View Post</a>",5,"xin20241035",2025-05-17 13:52:26,4,1016,32,3,0,"#weddingsituation #weddingstory #weddingstorytime #storywedding #storytimewedding #weddingguest #situationwedding #weddingvendor #weddinghumor #weddinglol #weddinglaugh #weddingplanning #weddingplanner #2023bride #2024bride #weddingtiktok #2025bride #2026bride"
"<a href=""https://www.tiktok.com/@yydszdzqa/video/7505411834808110366"" target=""_blank"" class=""btn btn-sm"" style=""background-color: #00926c; color: white; text-decoration: none; padding: 2px 8px; border-radius: 4px; font-size: 0.8em;"">View Post</a>",5,"yydszdzqa",2025-05-17 13:51:35,4,1104,56,3,1,"#weddingsituation #weddingstory #weddingstorytime #storywedding #storytimewedding #weddingguest #situationwedding #weddingvendor #weddinghumor #weddinglol #weddinglaugh #weddingplanning #weddingplanner #2023bride #2024bride #weddingtiktok #2025bride #2026bride"
"<a href=""https://www.tiktok.com/@user8431021130445/video/7505409704776961310"" target=""_blank"" class=""btn btn-sm"" style=""background-color: #00926c; color: white; text-decoration: none; padding: 2px 8px; border-radius: 4px; font-size: 0.8em;"">View Post</a>",6,"user8431021130445",2025-05-17 13:43:16,4,1291,37,0,0,"#weddingsituation #weddingstory #weddingstorytime #storywedding #storytimewedding #weddingguest #situationwedding #weddingvendor #weddinghumor #weddinglol #weddinglaugh #weddingplanning #weddingplanner #2023bride #2024bride #weddingtiktok #2025bride #2026bride"
"<a href=""https://www.tiktok.com/@user8431021130445/video/7505409513277771038"" target=""_blank"" class=""btn btn-sm"" style=""background-color: #00926c; color: white; text-decoration: none; padding: 2px 8px; border-radius: 4px; font-size: 0.8em;"">View Post</a>",6,"user8431021130445",2025-05-17 13:42:43,4,3332,87,1,1,"#weddingsituation #weddingstory #weddingstorytime #storywedding #storytimewedding #weddingguest #situationwedding #weddingvendor #weddinghumor #weddinglol #weddinglaugh #weddingplanning #weddingplanner #2023bride #2024bride #weddingtiktok #2025bride #2026bride"
"<a href=""https://www.tiktok.com/@user8431021130445/video/7505409272314858782"" target=""_blank"" class=""btn btn-sm"" style=""background-color: #00926c; color: white; text-decoration: none; padding: 2px 8px; border-radius: 4px; font-size: 0.8em;"">View Post</a>",6,"user8431021130445",2025-05-17 13:41:37,4,1020,40,1,0,"#weddingsituation #weddingstory #weddingstorytime #storywedding #storytimewedding #weddingguest #situationwedding #weddingvendor #weddinghumor #weddinglol #weddinglaugh #weddingplanning #weddingplanner #2023bride #2024bride #weddingtiktok #2025bride #2026bride"
"<a href=""https://www.tiktok.com/@mafujaaktarr/video/7507052087830678802"" target=""_blank"" class=""btn btn-sm"" style=""background-color: #00926c; color: white; text-decoration: none; padding: 2px 8px; border-radius: 4px; font-size: 0.8em;"">View Post</a>",1,"mafujaaktarr",2025-05-21 23:56:15,1,153,47,1,0,"#ইসলামিক_ভিডিও_🤲🕋🤲 "
"<a href=""https://www.tiktok.com/@ilove__allah_/video/7507051991441345810"" target=""_blank"" class=""btn btn-sm"" style=""background-color: #00926c; color: white; text-decoration: none; padding: 2px 8px; border-radius: 4px; font-size: 0.8em;"">View Post</a>",1,"ilove__allah_",2025-05-21 23:55:53,1,144,64,9,22,"#ইসলামিক_ভিডিও_🤲🕋🤲 "
"<a href=""https://www.tiktok.com/@mafujaaktarr/video/7507051904468290834"" target=""_blank"" class=""btn btn-sm"" style=""background-color: #00926c; color: white; text-decoration: none; padding: 2px 8px; border-radius: 4px; font-size: 0.8em;"">View Post</a>",1,"mafujaaktarr",2025-05-21 23:55:34,1,153,40,0,0,"#ইসলামিক_ভিডিও_🤲🕋🤲 "
"<a href=""https://www.tiktok.com/@mafujaaktarr/video/7507052087830678802"" target=""_blank"" class=""btn btn-sm"" style=""background-color: #00926c; color: white; text-decoration: none; padding: 2px 8px; border-radius: 4px; font-size: 0.8em;"">View Post</a>",1,"mafujaaktarr",2025-05-21 23:56:15,1,0,0,1,0,"#ইসলামিক_ভিডিও_🤲🕋🤲 "
"<a href=""https://www.tiktok.com/@ilove__allah_/video/7507051991441345810"" target=""_blank"" class=""btn btn-sm"" style=""background-color: #00926c; color: white; text-decoration: none; padding: 2px 8px; border-radius: 4px; font-size: 0.8em;"">View Post</a>",1,"ilove__allah_",2025-05-21 23:55:53,1,0,0,9,0,"#ইসলামিক_ভিডিও_🤲🕋🤲 "
"<a href=""https://www.tiktok.com/@mafujaaktarr/video/7507051904468290834"" target=""_blank"" class=""btn btn-sm"" style=""background-color: #00926c; color: white; text-decoration: none; padding: 2px 8px; border-radius: 4px; font-size: 0.8em;"">View Post</a>",1,"mafujaaktarr",2025-05-21 23:55:34,1,0,0,0,0,"#ইসলামিক_ভিডিও_🤲🕋🤲 "
"<a href=""https://www.tiktok.com/@md.nuruzzaman.gaz4/video/7507028889865129232"" target=""_blank"" class=""btn btn-sm"" style=""background-color: #00926c; color: white; text-decoration: none; padding: 2px 8px; border-radius: 4px; font-size: 0.8em;"">View Post</a>",2,"md.nuruzzaman.gaz4",2025-05-21 22:26:28,1,0,0,6,0,"#সবাই_একটু_সাপোর্ট_করবেন_প্লিজ "
"<a href=""https://www.tiktok.com/@md.nuruzzaman.gaz4/video/7507027611495795984"" target=""_blank"" class=""btn btn-sm"" style=""background-color: #00926c; color: white; text-decoration: none; padding: 2px 8px; border-radius: 4px; font-size: 0.8em;"">View Post</a>",2,"md.nuruzzaman.gaz4",2025-05-21 22:21:30,1,0,0,1,0,"#সবাই_একটু_সাপোর্ট_করবেন_প্লিজ "
"<a href=""https://www.tiktok.com/@mayer.adorer.rajk5/video/7507027231466638610"" target=""_blank"" class=""btn btn-sm"" style=""background-color: #00926c; color: white; text-decoration: none; padding: 2px 8px; border-radius: 4px; font-size: 0.8em;"">View Post</a>",2,"mayer.adorer.rajk5",2025-05-21 22:19:50,1,0,0,11,0,"#সবাই_একটু_সাপোর্ট_করবেন_প্লিজ "
"<a href=""https://www.tiktok.com/@md.nuruzzaman.gaz4/video/7507026732294130960"" target=""_blank"" class=""btn btn-sm"" style=""background-color: #00926c; color: white; text-decoration: none; padding: 2px 8px; border-radius: 4px; font-size: 0.8em;"">View Post</a>",2,"md.nuruzzaman.gaz4",2025-05-21 22:18:02,1,0,0,0,0,"#সবাই_একটু_সাপোর্ট_করবেন_প্লিজ "
"<a href=""https://www.tiktok.com/@md.nuruzzaman.gaz4/video/7507026124296293649"" target=""_blank"" class=""btn btn-sm"" style=""background-color: #00926c; color: white; text-decoration: none; padding: 2px 8px; border-radius: 4px; font-size: 0.8em;"">View Post</a>",2,"md.nuruzzaman.gaz4",2025-05-21 22:15:44,1,0,0,0,0,"#সবাই_একটু_সাপোর্ট_করবেন_প্লিজ "
"<a href=""https://www.tiktok.com/@md.nuruzzaman.gaz4/video/7507024937656356097"" target=""_blank"" class=""btn btn-sm"" style=""background-color: #00926c; color: white; text-decoration: none; padding: 2px 8px; border-radius: 4px; font-size: 0.8em;"">View Post</a>",2,"md.nuruzzaman.gaz4",2025-05-21 22:11:06,1,94,7,1,0,"#সবাই_একটু_সাপোর্ট_করবেন_প্লিজ "
"<a href=""https://www.tiktok.com/@md.nuruzzaman.gaz4/video/7507024432649506049"" target=""_blank"" class=""btn btn-sm"" style=""background-color: #00926c; color: white; text-decoration: none; padding: 2px 8px; border-radius: 4px; font-size: 0.8em;"">View Post</a>",2,"md.nuruzzaman.gaz4",2025-05-21 22:09:08,1,86,7,2,0,"#সবাই_একটু_সাপোর্ট_করবেন_প্লিজ "
"<a href=""https://www.tiktok.com/@md.nuruzzaman.gaz4/video/7507023565812747537"" target=""_blank"" class=""btn btn-sm"" style=""background-color: #00926c; color: white; text-decoration: none; padding: 2px 8px; border-radius: 4px; font-size: 0.8em;"">View Post</a>",2,"md.nuruzzaman.gaz4",2025-05-21 22:05:47,1,38,4,1,0,"#সবাই_একটু_সাপোর্ট_করবেন_প্লিজ "
"<a href=""https://www.tiktok.com/@md.nuruzzaman.gaz4/video/7507022962063674641"" target=""_blank"" class=""btn btn-sm"" style=""background-color: #00926c; color: white; text-decoration: none; padding: 2px 8px; border-radius: 4px; font-size: 0.8em;"">View Post</a>",2,"md.nuruzzaman.gaz4",2025-05-21 22:03:26,1,11,1,0,0,"#সবাই_একটু_সাপোর্ট_করবেন_প্লিজ "
"<a href=""https://www.tiktok.com/@md.nuruzzaman.gaz4/video/7507022423292792065"" target=""_blank"" class=""btn btn-sm"" style=""background-color: #00926c; color: white; text-decoration: none; padding: 2px 8px; border-radius: 4px; font-size: 0.8em;"">View Post</a>",2,"md.nuruzzaman.gaz4",2025-05-21 22:01:22,1,55,8,1,0,"#সবাই_একটু_সাপোর্ট_করবেন_প্লিজ "
"<a href=""https://www.tiktok.com/@md.nuruzzaman.gaz4/video/7507021710177176833"" target=""_blank"" class=""btn btn-sm"" style=""background-color: #00926c; color: white; text-decoration: none; padding: 2px 8px; border-radius: 4px; font-size: 0.8em;"">View Post</a>",2,"md.nuruzzaman.gaz4",2025-05-21 21:58:37,1,28,2,0,0,"#সবাই_একটু_সাপোর্ট_করবেন_প্লিজ "
"<a href=""https://www.tiktok.com/@md.nuruzzaman.gaz4/video/7507020973778996497"" target=""_blank"" class=""btn btn-sm"" style=""background-color: #00926c; color: white; text-decoration: none; padding: 2px 8px; border-radius: 4px; font-size: 0.8em;"">View Post</a>",2,"md.nuruzzaman.gaz4",2025-05-21 21:55:40,1,120,15,1,0,"#সবাই_একটু_সাপোর্ট_করবেন_প্লিজ "
"<a href=""https://www.tiktok.com/@md.nuruzzaman.gaz4/video/7507020617376419088"" target=""_blank"" class=""btn btn-sm"" style=""background-color: #00926c; color: white; text-decoration: none; padding: 2px 8px; border-radius: 4px; font-size: 0.8em;"">View Post</a>",2,"md.nuruzzaman.gaz4",2025-05-21 21:54:21,1,103,6,2,0,"#সবাই_একটু_সাপোর্ট_করবেন_প্লিজ "
"<a href=""https://www.tiktok.com/@md.nuruzzaman.gaz4/video/7507020178262150417"" target=""_blank"" class=""btn btn-sm"" style=""background-color: #00926c; color: white; text-decoration: none; padding: 2px 8px; border-radius: 4px; font-size: 0.8em;"">View Post</a>",2,"md.nuruzzaman.gaz4",2025-05-21 21:52:39,1,15,3,0,0,"#সবাই_একটু_সাপোর্ট_করবেন_প্লিজ "
"<a href=""https://www.tiktok.com/@md.nuruzzaman.gaz4/video/7507019640992730385"" target=""_blank"" class=""btn btn-sm"" style=""background-color: #00926c; color: white; text-decoration: none; padding: 2px 8px; border-radius: 4px; font-size: 0.8em;"">View Post</a>",2,"md.nuruzzaman.gaz4",2025-05-21 21:50:31,1,40,3,1,0,"#সবাই_একটু_সাপোর্ট_করবেন_প্লিজ "
"<a href=""https://www.tiktok.com/@md.nuruzzaman.gaz4/video/7507019039223352593"" target=""_blank"" class=""btn btn-sm"" style=""background-color: #00926c; color: white; text-decoration: none; padding: 2px 8px; border-radius: 4px; font-size: 0.8em;"">View Post</a>",2,"md.nuruzzaman.gaz4",2025-05-21 21:48:12,1,10,2,0,0,"#সবাই_একটু_সাপোর্ট_করবেন_প্লিজ "
"<a href=""https://www.tiktok.com/@md.nuruzzaman.gaz4/video/7507018282784804113"" target=""_blank"" class=""btn btn-sm"" style=""background-color: #00926c; color: white; text-decoration: none; padding: 2px 8px; border-radius: 4px; font-size: 0.8em;"">View Post</a>",2,"md.nuruzzaman.gaz4",2025-05-21 21:45:14,1,13,7,4,0,"#সবাই_একটু_সাপোর্ট_করবেন_প্লিজ "
"<a href=""https://www.tiktok.com/@md.nuruzzaman.gaz4/video/7507017797612965121"" target=""_blank"" class=""btn btn-sm"" style=""background-color: #00926c; color: white; text-decoration: none; padding: 2px 8px; border-radius: 4px; font-size: 0.8em;"">View Post</a>",2,"md.nuruzzaman.gaz4",2025-05-21 21:43:24,1,97,6,1,0,"#সবাই_একটু_সাপোর্ট_করবেন_প্লিজ "
"<a href=""https://www.tiktok.com/@md.nuruzzaman.gaz4/video/7507017243025362192"" target=""_blank"" class=""btn btn-sm"" style=""background-color: #00926c; color: white; text-decoration: none; padding: 2px 8px; border-radius: 4px; font-size: 0.8em;"">View Post</a>",2,"md.nuruzzaman.gaz4",2025-05-21 21:41:15,1,1,1,0,0,"#সবাই_একটু_সাপোর্ট_করবেন_প্লিজ "
"<a href=""https://www.tiktok.com/@md.nuruzzaman.gaz4/video/7507016666157419792"" target=""_blank"" class=""btn btn-sm"" style=""background-color: #00926c; color: white; text-decoration: none; padding: 2px 8px; border-radius: 4px; font-size: 0.8em;"">View Post</a>",2,"md.nuruzzaman.gaz4",2025-05-21 21:38:55,1,22,3,0,0,"#সবাই_একটু_সাপোর্ট_করবেন_প্লিজ "
"<a href=""https://www.tiktok.com/@md.nuruzzaman.gaz4/video/7507028889865129232"" target=""_blank"" class=""btn btn-sm"" style=""background-color: #00926c; color: white; text-decoration: none; padding: 2px 8px; border-radius: 4px; font-size: 0.8em;"">View Post</a>",2,"md.nuruzzaman.gaz4",2025-05-21 22:26:28,1,96,26,6,1,"#সবাই_একটু_সাপোর্ট_করবেন_প্লিজ "
"<a href=""https://www.tiktok.com/@md.nuruzzaman.gaz4/video/7507027611495795984"" target=""_blank"" class=""btn btn-sm"" style=""background-color: #00926c; color: white; text-decoration: none; padding: 2px 8px; border-radius: 4px; font-size: 0.8em;"">View Post</a>",2,"md.nuruzzaman.gaz4",2025-05-21 22:21:30,1,92,12,1,0,"#সবাই_একটু_সাপোর্ট_করবেন_প্লিজ "
"<a href=""https://www.tiktok.com/@mayer.adorer.rajk5/video/7507027231466638610"" target=""_blank"" class=""btn btn-sm"" style=""background-color: #00926c; color: white; text-decoration: none; padding: 2px 8px; border-radius: 4px; font-size: 0.8em;"">View Post</a>",2,"mayer.adorer.rajk5",2025-05-21 22:19:50,1,85,34,11,1,"#সবাই_একটু_সাপোর্ট_করবেন_প্লিজ "
"<a href=""https://www.tiktok.com/@md.nuruzzaman.gaz4/video/7507026732294130960"" target=""_blank"" class=""btn btn-sm"" style=""background-color: #00926c; color: white; text-decoration: none; padding: 2px 8px; border-radius: 4px; font-size: 0.8em;"">View Post</a>",2,"md.nuruzzaman.gaz4",2025-05-21 22:18:02,1,16,3,0,0,"#সবাই_একটু_সাপোর্ট_করবেন_প্লিজ "
"<a href=""https://www.tiktok.com/@md.nuruzzaman.gaz4/video/7507026124296293649"" target=""_blank"" class=""btn btn-sm"" style=""background-color: #00926c; color: white; text-decoration: none; padding: 2px 8px; border-radius: 4px; font-size: 0.8em;"">View Post</a>",2,"md.nuruzzaman.gaz4",2025-05-21 22:15:44,1,16,1,0,0,"#সবাই_একটু_সাপোর্ট_করবেন_প্লিজ "
"<a href=""https://www.tiktok.com/@pploa999/video/7505457312455445806"" target=""_blank"" class=""btn btn-sm"" style=""background-color: #00926c; color: white; text-decoration: none; padding: 2px 8px; border-radius: 4px; font-size: 0.8em;"">View Post</a>",3,"pploa999",2025-05-17 16:48:18,1,1033,10,1,0,"#debate #dei #election#runyourracepodcast #nbahighlights #isaiahaustin #nbafinals #nbadraft"
"<a href=""https://www.tiktok.com/@hnmsk888/video/7505457256427949358"" target=""_blank"" class=""btn btn-sm"" style=""background-color: #00926c; color: white; text-decoration: none; padding: 2px 8px; border-radius: 4px; font-size: 0.8em;"">View Post</a>",3,"hnmsk888",2025-05-17 16:48:22,1,1339,32,5,0,"#debate #dei #election#runyourracepodcast #nbahighlights #isaiahaustin #nbafinals #nbadraft"
"<a href=""https://www.tiktok.com/@pploa999/video/7505457001950989611"" target=""_blank"" class=""btn btn-sm"" style=""background-color: #00926c; color: white; text-decoration: none; padding: 2px 8px; border-radius: 4px; font-size: 0.8em;"">View Post</a>",3,"pploa999",2025-05-17 16:47:07,1,1138,8,0,0,"#debate #dei #election#runyourracepodcast #nbahighlights #isaiahaustin #nbafinals #nbadraft"
"<a href=""https://www.tiktok.com/@hnmsk888/video/7505456980627098922"" target=""_blank"" class=""btn btn-sm"" style=""background-color: #00926c; color: white; text-decoration: none; padding: 2px 8px; border-radius: 4px; font-size: 0.8em;"">View Post</a>",3,"hnmsk888",2025-05-17 16:47:09,1,1555,79,1,0,"#debate #dei #election#runyourracepodcast #nbahighlights #isaiahaustin #nbafinals #nbadraft"
"<a href=""https://www.tiktok.com/@hnmsk888/video/7505456275551980842"" target=""_blank"" class=""btn btn-sm"" style=""background-color: #00926c; color: white; text-decoration: none; padding: 2px 8px; border-radius: 4px; font-size: 0.8em;"">View Post</a>",3,"hnmsk888",2025-05-17 16:44:16,1,903,35,1,1,"#debate #dei #election#runyourracepodcast #nbahighlights #isaiahaustin #nbafinals #nbadraft"
"<a href=""https://www.tiktok.com/@pploa999/video/7505456191997529390"" target=""_blank"" class=""btn btn-sm"" style=""background-color: #00926c; color: white; text-decoration: none; padding: 2px 8px; border-radius: 4px; font-size: 0.8em;"">View Post</a>",3,"pploa999",2025-05-17 16:44:16,1,151,0,0,0,"#debate #dei #election#runyourracepodcast #nbahighlights #isaiahaustin #nbafinals #nbadraft"
"<a href=""https://www.tiktok.com/@hnmsk888/video/7505455755756129578"" target=""_blank"" class=""btn btn-sm"" style=""background-color: #00926c; color: white; text-decoration: none; padding: 2px 8px; border-radius: 4px; font-size: 0.8em;"">View Post</a>",3,"hnmsk888",2025-05-17 16:42:17,1,179,3,0,0,"#debate #dei #election#runyourracepodcast #nbahighlights #isaiahaustin #nbafinals #nbadraft"
"<a href=""https://www.tiktok.com/@pploa999/video/7505455702882946350"" target=""_blank"" class=""btn btn-sm"" style=""background-color: #00926c; color: white; text-decoration: none; padding: 2px 8px; border-radius: 4px; font-size: 0.8em;"">View Post</a>",3,"pploa999",2025-05-17 16:42:19,1,1032,8,0,0,"#debate #dei #election#runyourracepodcast #nbahighlights #isaiahaustin #nbafinals #nbadraft"
