"Network","Number of Accounts","Network Density","Network Diameter","Clustering Coefficient","Avg Views","Avg Likes","Avg Comments","Avg Shares","Member Accounts"
1,2,1,8,NA,75,25.167,3.333,3.667,"mafujaaktarr, ilove__allah_"
2,2,1,8,NA,46.481,7.889,2.593,0.148,"mayer.adorer.rajk5, md.nuruzzaman.gaz4"
3,2,1,8,NA,916.25,21.875,1,0.125,"pploa999, hnmsk888"
4,2,1,21,NA,928.667,38.917,1,0.75,"okgsisnssx, yyfdtwhtod"
5,3,1,22,1,1045,50.457,1.714,0.314,"gbooat, xin20241035, yydszdzqa"
6,2,1,18,NA,1195.727,49.773,1.136,0.091,"user8431021130445, user8632343249071"
