"Account","Network","Unique Shares","Avg Time Between Shares (sec)","Edge Symmetry Score","Degree","Strength","Betweenness","Avg Views","Avg Likes","Avg Comments","Avg Shares"
"<a href=""https://tiktok.com/@.prince.sahin"" target=""_blank"">@.prince.sahin</a>",3,28,60.064,0.738,7,38,0.135,135.925,50.906,0,5.66
"<a href=""https://tiktok.com/@akhiislamakhi07"" target=""_blank"">@akhiislamakhi07</a>",2,7,62.333,0.667,1,3,0,112,51.5,1.3,1
"<a href=""https://tiktok.com/@aklima.akther611"" target=""_blank"">@aklima.akther611</a>",3,2,60,0.5,1,4,0,119,54,0.5,0.5
"<a href=""https://tiktok.com/@all.quran08"" target=""_blank"">@all.quran08</a>",6,2,54.5,1,1,4,0,88,44.8,0.6,0.8
"<a href=""https://tiktok.com/@amitomarmoharani2580"" target=""_blank"">@amitomarmoharani2580</a>",1,10,47.667,1,1,3,0,134.438,59.375,1.688,5.5
"<a href=""https://tiktok.com/@hasibur.....rahman1"" target=""_blank"">@hasibur.....rahman1</a>",5,1,61,0.667,1,3,0,202.4,88.8,1.8,1.6
"<a href=""https://tiktok.com/@koste_vora_jibon_aamar"" target=""_blank"">@koste_vora_jibon_aamar</a>",4,2,76.667,0.667,1,3,0,14,8.5,1.5,0
"<a href=""https://tiktok.com/@md.rakibul.islam974"" target=""_blank"">@md.rakibul.islam974</a>",3,14,59.167,0.667,2,6,0.029,157.609,66.391,1.391,2.174
"<a href=""https://tiktok.com/@md.rofuq101"" target=""_blank"">@md.rofuq101</a>",6,1,55,1,1,4,0,182.5,83.5,3.5,1
"<a href=""https://tiktok.com/@md.titu205"" target=""_blank"">@md.titu205</a>",6,2,80.333,0.667,1,3,0,17.5,10,1.5,3
"<a href=""https://tiktok.com/@mdiqbals14"" target=""_blank"">@mdiqbals14</a>",5,10,61,0.667,1,3,0,361.308,154.692,1.769,2.308
"<a href=""https://tiktok.com/@mdmagad73"" target=""_blank"">@mdmagad73</a>",3,2,62.167,0.6,1,6,0,104.5,35.5,2.5,0
"<a href=""https://tiktok.com/@mdmamu1976"" target=""_blank"">@mdmamu1976</a>",3,3,55,0.667,1,3,0,117.5,50.833,2.333,0.167
"<a href=""https://tiktok.com/@mdrijvi70"" target=""_blank"">@mdrijvi70</a>",3,3,76,0.667,1,3,0,132.2,58.8,0.4,0.4
"<a href=""https://tiktok.com/@my.janu27"" target=""_blank"">@my.janu27</a>",2,7,62.333,0.667,1,3,0,122.062,42.875,1.312,0.625
"<a href=""https://tiktok.com/@ndmiraj23"" target=""_blank"">@ndmiraj23</a>",6,3,49.25,1,1,4,0,256,87.333,1.667,1.5
"<a href=""https://tiktok.com/@nishatnishu382720"" target=""_blank"">@nishatnishu382720</a>",6,3,46.667,0.667,1,3,0,127,51,1,0.333
"<a href=""https://tiktok.com/@ojana.kosto6"" target=""_blank"">@ojana.kosto6</a>",3,6,71,0.5,1,4,0,124.857,57,0.429,0.286
"<a href=""https://tiktok.com/@samin7742"" target=""_blank"">@samin7742</a>",6,3,70.667,0.333,1,3,0,130.333,35,1,1.333
"<a href=""https://tiktok.com/@shohidul8060"" target=""_blank"">@shohidul8060</a>",6,15,59.403,0.778,6,21,0.04,95.32,42.56,0,0.44
"<a href=""https://tiktok.com/@skfaruk425"" target=""_blank"">@skfaruk425</a>",3,6,54.2,1,1,5,0,48.125,21.25,1.375,0
"<a href=""https://tiktok.com/@talukdar756"" target=""_blank"">@talukdar756</a>",3,4,57,0.667,1,3,0,84.1,38.2,1.9,0.7
"<a href=""https://tiktok.com/@tiger.bharosa"" target=""_blank"">@tiger.bharosa</a>",3,3,49,1,1,4,0,77.6,42.4,2,3.8
"<a href=""https://tiktok.com/@user017298722m"" target=""_blank"">@user017298722m</a>",1,4,47.667,1,1,3,0,358.5,129,3.5,4.167
"<a href=""https://tiktok.com/@user2028536940088"" target=""_blank"">@user2028536940088</a>",3,6,65.833,0.667,2,6,0.053,267.444,102.556,0.667,1.556
"<a href=""https://tiktok.com/@user5455368479075"" target=""_blank"">@user5455368479075</a>",4,13,64.433,0.708,2,8,0.003,299.75,115.542,3.583,2.292
"<a href=""https://tiktok.com/@user650730843675"" target=""_blank"">@user650730843675</a>",4,6,52.2,0.75,1,5,0,164.125,72.25,2.25,9.25
"<a href=""https://tiktok.com/@user732005405"" target=""_blank"">@user732005405</a>",3,2,45.333,1,1,3,0,281,115,7.5,30.5
"<a href=""https://tiktok.com/@user769780951"" target=""_blank"">@user769780951</a>",3,17,64.188,0.808,4,21,0.111,110.538,44.808,1.192,1.115
