"Network","Number of Accounts","Network Density","Network Diameter","Clustering Coefficient","Avg Views","Avg Likes","Avg Comments","Avg Shares","Member Accounts"
1,2,1,3,NA,195.545,78.364,2.182,5.136,"amitomarmoharani2580, user017298722m"
2,2,1,3,NA,118.192,46.192,1.308,0.769,"akhiislamakhi07, my.janu27"
3,13,0.154,27,0,132.741,53.696,0.943,3.076,".prince.sahin, user2028536940088, talukdar756, skfaruk425, ojana.kosto6, aklima.akther611, mdmagad73, mdmamu1976, md.rakibul.islam974, mdrijvi70, user732005405, user769780951, tiger.bharosa"
4,3,0.667,8,0,251.029,99.059,3.147,3.794,"user5455368479075, user650730843675, koste_vora_jibon_aamar"
5,2,1,3,NA,317.167,136.389,1.778,2.111,"mdiqbals14, hasibur.....rahman1"
6,7,0.286,8,0,120.239,49.065,0.63,0.804,"samin7742, nishatnishu382720, shohidul8060, md.rofuq101, ndmiraj23, md.titu205, all.quran08"
