"Account","Network","Unique Shares","Avg Time Between Shares (sec)","Edge Symmetry Score","Degree","Strength","Betweenness","Avg Views","Avg Likes","Avg Comments","Avg Shares"
"<a href=""https://tiktok.com/@1yrogls"" target=""_blank"">@1yrogls</a>",60,5,43.989,0.893,5,43,0,1110.5,50.5,0.167,0.167
"<a href=""https://tiktok.com/@3mbfklb"" target=""_blank"">@3mbfklb</a>",67,6,38.5,1,1,8,0,1534,56.833,0.667,0.333
"<a href=""https://tiktok.com/@aed0267"" target=""_blank"">@aed0267</a>",11,9,61.9,0.815,4,40,0,2130.889,95.778,0.667,0.333
"<a href=""https://tiktok.com/@aed2750"" target=""_blank"">@aed2750</a>",11,8,51.046,0.827,3,39,0,1638.25,51.5,0.125,0.375
"<a href=""https://tiktok.com/@aed3660"" target=""_blank"">@aed3660</a>",35,7,48.071,1,3,32,0,11845.286,281.286,5.571,11.429
"<a href=""https://tiktok.com/@aed75787"" target=""_blank"">@aed75787</a>",35,7,41.455,1,2,22,0,5980.429,105.429,2.571,3.571
"<a href=""https://tiktok.com/@aed7p4"" target=""_blank"">@aed7p4</a>",35,8,52.807,0.946,5,47,0,8962.25,195.875,1.75,0.625
"<a href=""https://tiktok.com/@aed8564"" target=""_blank"">@aed8564</a>",85,4,45.5,1,1,8,0,1160.5,71.75,2.25,5.75
"<a href=""https://tiktok.com/@aedfjats"" target=""_blank"">@aedfjats</a>",45,8,63.75,1,1,8,0,15955.625,579.375,9.125,13.125
"<a href=""https://tiktok.com/@aedgslpxjx"" target=""_blank"">@aedgslpxjx</a>",7,8,59.518,0.886,5,43,0,1310,42.875,0.25,2.5
"<a href=""https://tiktok.com/@aedhdici"" target=""_blank"">@aedhdici</a>",4,8,66.514,0.86,3,34,0,2784.25,84,0.625,1.125
"<a href=""https://tiktok.com/@aedhdjcoof"" target=""_blank"">@aedhdjcoof</a>",7,8,59.433,0.897,3,28,0,1253.125,151.25,0.5,0.625
"<a href=""https://tiktok.com/@aediubt"" target=""_blank"">@aediubt</a>",102,6,39.375,0.929,2,17,0,2302,76.333,1.667,0.333
"<a href=""https://tiktok.com/@aedyckctu"" target=""_blank"">@aedyckctu</a>",5,8,74.667,0.833,1,9,0,1615.125,80,0.75,1.5
"<a href=""https://tiktok.com/@aehr9261"" target=""_blank"">@aehr9261</a>",84,4,79.25,1,1,8,0,1273,72.25,1.75,5
"<a href=""https://tiktok.com/@afrah.wahibah.naz"" target=""_blank"">@afrah.wahibah.naz</a>",104,3,53,0.8,1,9,0,864,57.667,1.333,9
"<a href=""https://tiktok.com/@akkaanav.risksjsg"" target=""_blank"">@akkaanav.risksjsg</a>",35,6,89.125,1,1,8,0,4316.833,60.167,1.667,0.667
"<a href=""https://tiktok.com/@akksdb4"" target=""_blank"">@akksdb4</a>",94,6,42.042,1,2,20,0,2074,156.5,1.5,1.667
"<a href=""https://tiktok.com/@ale2r35"" target=""_blank"">@ale2r35</a>",22,6,40.25,1,1,8,0,987.667,25.167,0,0.333
"<a href=""https://tiktok.com/@ale383279"" target=""_blank"">@ale383279</a>",22,6,40.25,1,1,8,0,1024.5,34.5,0,0
"<a href=""https://tiktok.com/@aleaa0249"" target=""_blank"">@aleaa0249</a>",21,6,54.857,0.976,7,58,0,666.667,24.833,0.167,0.167
"<a href=""https://tiktok.com/@alejkityuoo"" target=""_blank"">@alejkityuoo</a>",21,6,50.17,0.887,4,35,0,738.5,22.5,0,0.167
"<a href=""https://tiktok.com/@amazing_seeet120"" target=""_blank"">@amazing_seeet120</a>",72,5,91.444,0.833,1,18,0,102.6,4.4,1,0
"<a href=""https://tiktok.com/@anpebsaxgu9"" target=""_blank"">@anpebsaxgu9</a>",21,6,33.175,0.887,4,36,0,1850.333,49.167,0.167,0
"<a href=""https://tiktok.com/@arffug"" target=""_blank"">@arffug</a>",96,12,23.278,0.943,17,167,0,877.167,52.083,1.167,5.75
"<a href=""https://tiktok.com/@avelina.asucen"" target=""_blank"">@avelina.asucen</a>",61,5,44.542,1,3,24,0,1612.8,65.2,1.6,0
"<a href=""https://tiktok.com/@awmilke"" target=""_blank"">@awmilke</a>",68,6,29.083,1,2,24,0,3358.667,134.167,0.667,1.167
"<a href=""https://tiktok.com/@ayanna.kelekele"" target=""_blank"">@ayanna.kelekele</a>",107,3,48.898,0.933,3,26,0,1146.667,25.667,0.667,13.667
"<a href=""https://tiktok.com/@ayden.riverad"" target=""_blank"">@ayden.riverad</a>",2,8,36,1,1,8,0,7733.125,150.875,2.375,1.25
"<a href=""https://tiktok.com/@bate.hynda"" target=""_blank"">@bate.hynda</a>",35,5,52.75,0.857,2,16,0,1457.8,37.2,0.8,0
"<a href=""https://tiktok.com/@battl.kray"" target=""_blank"">@battl.kray</a>",11,9,55.585,0.903,8,107,0,41080.889,561.444,1.889,6.444
"<a href=""https://tiktok.com/@bcjeibox"" target=""_blank"">@bcjeibox</a>",38,10,64.5,1,2,20,0,2767.75,36.25,0.667,1.667
"<a href=""https://tiktok.com/@bdhjddbjrjej"" target=""_blank"">@bdhjddbjrjej</a>",86,12,50.954,0.964,5,53,0,4248.25,32.5,0.083,6.75
"<a href=""https://tiktok.com/@beautiful46h"" target=""_blank"">@beautiful46h</a>",110,10,68.125,0.833,1,8,0,92.071,28.429,3.5,0.071
"<a href=""https://tiktok.com/@beautifulseen30"" target=""_blank"">@beautifulseen30</a>",109,9,65.071,0.8,1,14,0,103.25,18.5,2.167,0
"<a href=""https://tiktok.com/@benedossie2"" target=""_blank"">@benedossie2</a>",11,11,56.005,0.903,7,104,0,5612.364,91.545,0.727,0.909
"<a href=""https://tiktok.com/@bff.gff0"" target=""_blank"">@bff.gff0</a>",34,8,46.5,1,1,8,0,1422.75,67.375,2,1.625
"<a href=""https://tiktok.com/@bipiqo"" target=""_blank"">@bipiqo</a>",96,12,36.073,0.944,16,274,0,567.917,8.333,0,0
"<a href=""https://tiktok.com/@bixukf"" target=""_blank"">@bixukf</a>",68,6,44.975,0.917,2,18,0,1990.333,113.833,1.333,0.833
"<a href=""https://tiktok.com/@bkot6010"" target=""_blank"">@bkot6010</a>",53,12,59.058,0.933,5,72,0,861.833,27.5,1.667,0.917
"<a href=""https://tiktok.com/@bmc12655"" target=""_blank"">@bmc12655</a>",1,7,56.316,0.878,5,51,0,1384.857,77.143,0.286,0.143
"<a href=""https://tiktok.com/@bpgarp"" target=""_blank"">@bpgarp</a>",96,12,32.523,0.946,16,242,0,991.083,23.5,0.417,0.417
"<a href=""https://tiktok.com/@bsbwphji4xu"" target=""_blank"">@bsbwphji4xu</a>",21,5,50.761,0.933,5,45,0,1279.4,62.6,1.6,2.8
"<a href=""https://tiktok.com/@bsjj8797"" target=""_blank"">@bsjj8797</a>",16,5,46.251,0.975,5,71,0,959.6,32.6,0.6,0.4
"<a href=""https://tiktok.com/@bsyg2865"" target=""_blank"">@bsyg2865</a>",18,6,57.077,0.929,2,21,0,733.833,23.333,0.167,0.5
"<a href=""https://tiktok.com/@buslmigf7dn"" target=""_blank"">@buslmigf7dn</a>",21,5,67.333,0.889,3,24,0,2105.4,57.8,0.2,0.2
"<a href=""https://tiktok.com/@bvoo3130"" target=""_blank"">@bvoo3130</a>",50,12,58.549,0.979,4,99,0,1695.667,50.083,0.5,0.25
"<a href=""https://tiktok.com/@bxjxhxt"" target=""_blank"">@bxjxhxt</a>",60,5,40.625,0.857,1,8,0,904.4,56,0.2,0.6
"<a href=""https://tiktok.com/@bxjzjsns0"" target=""_blank"">@bxjzjsns0</a>",61,6,50.775,1,2,18,0,961.833,48.833,1.5,0.5
"<a href=""https://tiktok.com/@bxkke4723"" target=""_blank"">@bxkke4723</a>",59,3,48,0.967,6,54,0,1129.6,31,0.6,0
"<a href=""https://tiktok.com/@byppp.text11"" target=""_blank"">@byppp.text11</a>",82,4,57.75,1,3,24,0,1537.75,80.5,3,8
"<a href=""https://tiktok.com/@cainima888"" target=""_blank"">@cainima888</a>",16,6,44.594,1,5,79,0,1155,31.167,1.167,0.167
"<a href=""https://tiktok.com/@carbloggera"" target=""_blank"">@carbloggera</a>",16,6,44.252,0.98,5,83,0,692.5,35,0.833,0.167
"<a href=""https://tiktok.com/@cardriving139"" target=""_blank"">@cardriving139</a>",110,13,57.915,0.833,2,25,0,149.643,26.571,3.429,0.071
"<a href=""https://tiktok.com/@carlos.alberto.al886"" target=""_blank"">@carlos.alberto.al886</a>",47,7,53.3,0.857,1,10,0,45359.714,851,18.571,9.429
"<a href=""https://tiktok.com/@cbjf05"" target=""_blank"">@cbjf05</a>",2,8,50.375,1,1,8,0,1842.375,85.625,1,0.625
"<a href=""https://tiktok.com/@cfdc18"" target=""_blank"">@cfdc18</a>",11,9,54.334,0.826,3,48,0,2066.333,84.222,0.667,0.667
"<a href=""https://tiktok.com/@cfndhfch"" target=""_blank"">@cfndhfch</a>",87,5,53.5,0.857,1,10,0,638.667,2.111,0,0.222
"<a href=""https://tiktok.com/@cghvhhj6"" target=""_blank"">@cghvhhj6</a>",38,12,54.55,0.873,2,18,0,3655.083,69.5,5.083,2.417
"<a href=""https://tiktok.com/@chantalkusch"" target=""_blank"">@chantalkusch</a>",1,7,59.8,0.889,1,10,0,2361.714,114.857,0.143,1.143
"<a href=""https://tiktok.com/@china_cutegirl22"" target=""_blank"">@china_cutegirl22</a>",75,9,93,0.8,1,8,0,4653.842,588.368,15.842,37.737
"<a href=""https://tiktok.com/@china_deriver_60"" target=""_blank"">@china_deriver_60</a>",77,6,70.7,0.75,1,10,0,76621.917,2318.417,64,81.75
"<a href=""https://tiktok.com/@chuma_g1"" target=""_blank"">@chuma_g1</a>",77,5,70.7,0.75,1,10,0,2676.667,286.583,11.5,2
"<a href=""https://tiktok.com/@chummi_queen1"" target=""_blank"">@chummi_queen1</a>",73,18,87.652,0.8,1,23,0,2515.708,135.167,15.417,6.917
"<a href=""https://tiktok.com/@cihohsqwfi"" target=""_blank"">@cihohsqwfi</a>",29,7,53,1,1,9,0,828,23.714,0.143,0.143
"<a href=""https://tiktok.com/@ciojkb"" target=""_blank"">@ciojkb</a>",55,4,21.117,0.92,5,60,0,1227,67.556,0.111,0.333
"<a href=""https://tiktok.com/@cjdjfcn"" target=""_blank"">@cjdjfcn</a>",61,6,63.5,0.857,1,8,0,2681.5,55.167,0,0
"<a href=""https://tiktok.com/@cjire9104"" target=""_blank"">@cjire9104</a>",56,9,44.5,0.95,2,39,0,830.778,24.556,0.444,0.556
"<a href=""https://tiktok.com/@cjur6297"" target=""_blank"">@cjur6297</a>",56,8,79.214,0.889,2,30,0,950.2,51.9,0.2,0.2
"<a href=""https://tiktok.com/@clirr5282"" target=""_blank"">@clirr5282</a>",57,11,60.292,1,2,39,0,1072.636,69.091,0.364,1.273
"<a href=""https://tiktok.com/@clwooh"" target=""_blank"">@clwooh</a>",108,3,71.167,1,2,17,0,181.667,2.333,0,0
"<a href=""https://tiktok.com/@cnatk3189"" target=""_blank"">@cnatk3189</a>",60,5,38.358,0.971,5,43,0,1165.6,49.6,0.6,0.2
"<a href=""https://tiktok.com/@coirf88774"" target=""_blank"">@coirf88774</a>",58,3,48.667,1,2,18,0,1554,97.8,0.4,0.2
"<a href=""https://tiktok.com/@constantinos.hard"" target=""_blank"">@constantinos.hard</a>",107,3,58.125,1,2,17,0,928,22.333,0.667,11.333
"<a href=""https://tiktok.com/@courr1227"" target=""_blank"">@courr1227</a>",58,6,50.333,0.944,3,42,0,1351.833,52.667,0.333,0
"<a href=""https://tiktok.com/@crmrgfhhvxwmp"" target=""_blank"">@crmrgfhhvxwmp</a>",82,4,59.875,1,2,16,0,157072.25,14097.25,592,3511.5
"<a href=""https://tiktok.com/@cutequeen_driver120"" target=""_blank"">@cutequeen_driver120</a>",73,11,87.652,0.8,1,23,0,456.633,44.667,3.667,1.033
"<a href=""https://tiktok.com/@cvjbvgujh"" target=""_blank"">@cvjbvgujh</a>",86,12,49.436,0.94,5,47,0,2071.333,20.333,0,0.417
"<a href=""https://tiktok.com/@cx.b28"" target=""_blank"">@cx.b28</a>",40,8,55.366,0.958,3,30,0,2054.125,142.75,2.375,0
"<a href=""https://tiktok.com/@cxd.shd"" target=""_blank"">@cxd.shd</a>",49,7,53.625,0.833,1,8,0,2927.857,74.857,0.857,1.429
"<a href=""https://tiktok.com/@debran.oxonrp81"" target=""_blank"">@debran.oxonrp81</a>",35,7,61.124,0.933,4,36,0,26318.143,227.429,4.571,3.143
"<a href=""https://tiktok.com/@debran.oxonrp86"" target=""_blank"">@debran.oxonrp86</a>",35,6,74.174,1,2,17,0,7684.5,129.833,2.333,1.167
"<a href=""https://tiktok.com/@dempseyhuntington2002"" target=""_blank"">@dempseyhuntington2002</a>",85,4,45.5,1,1,8,0,964.25,47.5,0.25,0
"<a href=""https://tiktok.com/@dghhg372"" target=""_blank"">@dghhg372</a>",92,8,60.083,0.944,3,30,0,12488.375,959.25,4.375,99.125
"<a href=""https://tiktok.com/@dhcfgggfhu"" target=""_blank"">@dhcfgggfhu</a>",36,10,60.222,0.938,2,17,0,1699.833,23,0.333,0.417
"<a href=""https://tiktok.com/@dhhi6645"" target=""_blank"">@dhhi6645</a>",56,9,59.212,0.963,3,58,0,965.333,63,0.667,0.417
"<a href=""https://tiktok.com/@dijx3903"" target=""_blank"">@dijx3903</a>",50,12,59.873,0.983,5,84,0,1715.25,43.75,0.25,0.417
"<a href=""https://tiktok.com/@djisks96"" target=""_blank"">@djisks96</a>",60,5,73.75,0.917,2,16,0,1412.4,51.2,1.8,1.6
"<a href=""https://tiktok.com/@djm9r"" target=""_blank"">@djm9r</a>",40,8,65.693,0.917,3,28,0,1848.375,80.625,2.375,1
"<a href=""https://tiktok.com/@djskgikeejk8"" target=""_blank"">@djskgikeejk8</a>",44,8,39.615,0.625,1,13,0,514.917,17.5,0.167,0.083
"<a href=""https://tiktok.com/@dogsfan7"" target=""_blank"">@dogsfan7</a>",109,13,58.604,0.633,2,17,0,30.667,2,0.133,0
"<a href=""https://tiktok.com/@drgd8391"" target=""_blank"">@drgd8391</a>",50,9,51.167,1,3,63,0,806.889,41.556,0.667,0.222
"<a href=""https://tiktok.com/@dtbtcc8"" target=""_blank"">@dtbtcc8</a>",96,12,37.718,0.921,16,279,0,1356.333,34.333,0.167,0.5
"<a href=""https://tiktok.com/@dthh824"" target=""_blank"">@dthh824</a>",12,8,51.6,0.788,5,71,0,2717.5,77.5,1.25,1.375
"<a href=""https://tiktok.com/@dtkwod"" target=""_blank"">@dtkwod</a>",9,7,57.625,0.625,1,8,0,2212.143,115.571,1.429,0.857
"<a href=""https://tiktok.com/@dtxijq"" target=""_blank"">@dtxijq</a>",95,8,20.852,1,6,127,0,331,12.75,0,0.125
"<a href=""https://tiktok.com/@ecucbt"" target=""_blank"">@ecucbt</a>",55,3,21.883,0.92,5,48,0,2033,54.667,0.333,2
"<a href=""https://tiktok.com/@eiej4325"" target=""_blank"">@eiej4325</a>",51,5,66.955,1,4,48,0,457.143,17.143,0.286,0.714
"<a href=""https://tiktok.com/@emory.drawehj"" target=""_blank"">@emory.drawehj</a>",48,7,77.292,1,2,17,0,35945.143,641.143,22.714,9.714
"<a href=""https://tiktok.com/@eohwvh"" target=""_blank"">@eohwvh</a>",99,3,54.333,1,1,9,0,4.667,0,0,0
"<a href=""https://tiktok.com/@eqmhqf"" target=""_blank"">@eqmhqf</a>",96,11,31.065,0.955,16,247,0,1061.833,18.833,0.083,0
"<a href=""https://tiktok.com/@eqxela7"" target=""_blank"">@eqxela7</a>",95,7,21.298,0.982,6,112,0,541.857,24.286,0.857,0
"<a href=""https://tiktok.com/@evfdmzl"" target=""_blank"">@evfdmzl</a>",68,5,27.2,0.833,1,10,0,3004.8,157.4,0.8,0
"<a href=""https://tiktok.com/@ewscnn"" target=""_blank"">@ewscnn</a>",98,3,73,1,1,9,0,450,11,0,0.333
"<a href=""https://tiktok.com/@eyidk5"" target=""_blank"">@eyidk5</a>",92,8,39.75,0.917,2,18,0,664.875,54.625,1,0.125
"<a href=""https://tiktok.com/@fauy8466"" target=""_blank"">@fauy8466</a>",5,7,74.667,0.833,1,9,0,1737,82.143,0.857,1.714
"<a href=""https://tiktok.com/@fbnggg2"" target=""_blank"">@fbnggg2</a>",94,6,37.5,1,3,24,0,14099.5,298.5,2.167,3.167
"<a href=""https://tiktok.com/@fcjjv86"" target=""_blank"">@fcjjv86</a>",7,6,65.4,0.857,1,10,0,2589.429,97.571,0.286,0.143
"<a href=""https://tiktok.com/@fdijc3"" target=""_blank"">@fdijc3</a>",1,7,29.5,0.857,1,8,0,1224.286,112.286,0.857,0.714
"<a href=""https://tiktok.com/@fduic5"" target=""_blank"">@fduic5</a>",7,7,48.356,0.971,5,42,0,2902,60,1.429,1
"<a href=""https://tiktok.com/@fevkuiq"" target=""_blank"">@fevkuiq</a>",21,6,51.225,1,3,26,0,931.833,30.333,0.833,5
"<a href=""https://tiktok.com/@fgijg467"" target=""_blank"">@fgijg467</a>",94,6,55.375,1,4,44,0,1910.167,78.667,2,1
"<a href=""https://tiktok.com/@fhda78402"" target=""_blank"">@fhda78402</a>",50,12,63.616,1,5,79,0,1201,38.583,0,0.417
"<a href=""https://tiktok.com/@fhkundshunk"" target=""_blank"">@fhkundshunk</a>",10,10,44.7,0.65,2,28,0,3449,3.6,0.3,0.2
"<a href=""https://tiktok.com/@fhuc22"" target=""_blank"">@fhuc22</a>",17,4,40.8,1,1,10,0,1322.5,33.75,0,0
"<a href=""https://tiktok.com/@fhxk1941"" target=""_blank"">@fhxk1941</a>",53,6,65.52,0.806,3,35,0,964.143,59.429,0.714,0.857
"<a href=""https://tiktok.com/@fiir2712"" target=""_blank"">@fiir2712</a>",56,6,63,1,2,18,0,386.778,13.333,0.111,0.111
"<a href=""https://tiktok.com/@fjcjbho58"" target=""_blank"">@fjcjbho58</a>",59,4,42.923,0.943,5,48,0,965.25,26.5,0,0
"<a href=""https://tiktok.com/@fjyukfjjf"" target=""_blank"">@fjyukfjjf</a>",40,8,66.632,0.878,4,35,0,1982.75,84.375,0.875,1.375
"<a href=""https://tiktok.com/@fkfdnd"" target=""_blank"">@fkfdnd</a>",39,4,41.625,1,2,16,0,1155.5,38,0,0
"<a href=""https://tiktok.com/@fkir2290"" target=""_blank"">@fkir2290</a>",56,12,56.467,0.867,2,45,0,831.083,85.833,0.417,0.75
"<a href=""https://tiktok.com/@fnnf8890"" target=""_blank"">@fnnf8890</a>",57,9,34.333,1,1,27,0,1774.667,63.167,0.25,1.25
"<a href=""https://tiktok.com/@frd7456"" target=""_blank"">@frd7456</a>",31,5,46.875,1,1,8,0,878.6,20.4,0.2,0
"<a href=""https://tiktok.com/@fsmcghkvdqqm"" target=""_blank"">@fsmcghkvdqqm</a>",82,4,59.25,1,2,16,0,1060.75,54.75,7.25,8
"<a href=""https://tiktok.com/@fughf21"" target=""_blank"">@fughf21</a>",1,5,68.125,0.857,1,8,0,3729,110.167,0.5,0.167
"<a href=""https://tiktok.com/@fulknm"" target=""_blank"">@fulknm</a>",92,8,52.458,1,2,20,0,1468.375,69.75,0.25,0.875
"<a href=""https://tiktok.com/@g.in.cgn"" target=""_blank"">@g.in.cgn</a>",61,6,42,0.905,3,24,0,1248.333,113.833,0.667,0.667
"<a href=""https://tiktok.com/@gckcj4"" target=""_blank"">@gckcj4</a>",4,8,53.144,0.944,3,27,0,1347.375,48.25,0.125,0.5
"<a href=""https://tiktok.com/@gclqse"" target=""_blank"">@gclqse</a>",96,6,65.286,0.833,1,14,0,471.167,43.5,0.333,0.833
"<a href=""https://tiktok.com/@gdjdi63"" target=""_blank"">@gdjdi63</a>",92,7,47,0.833,1,10,0,84925.571,4257.714,46,32
"<a href=""https://tiktok.com/@gduhx01"" target=""_blank"">@gduhx01</a>",7,6,40.544,1,2,19,0,3476.375,74.125,0.125,0.125
"<a href=""https://tiktok.com/@geievertu8"" target=""_blank"">@geievertu8</a>",41,7,68,0.857,1,8,0,1706.75,43.375,1.625,0.625
"<a href=""https://tiktok.com/@gf.nj97"" target=""_blank"">@gf.nj97</a>",40,7,57.411,0.941,4,37,0,2139.857,144,2.286,14.429
"<a href=""https://tiktok.com/@gfg6705"" target=""_blank"">@gfg6705</a>",25,3,42.111,0.9,2,17,0,830.667,24,0.667,4
"<a href=""https://tiktok.com/@gheoe8"" target=""_blank"">@gheoe8</a>",91,6,59.358,0.958,4,38,0,1194.333,81.667,1.333,0.833
"<a href=""https://tiktok.com/@ghhj8554"" target=""_blank"">@ghhj8554</a>",50,12,73.453,0.982,7,111,0,1084.083,42.167,0.417,1.167
"<a href=""https://tiktok.com/@ghvvhvcgvvccf"" target=""_blank"">@ghvvhvcgvvccf</a>",37,11,58.542,0.921,3,27,0,1060.909,14.455,0.273,0.818
"<a href=""https://tiktok.com/@ghzdxbj"" target=""_blank"">@ghzdxbj</a>",38,12,56.5,0.929,2,18,0,2446.75,40.667,0.917,3
"<a href=""https://tiktok.com/@givi0331"" target=""_blank"">@givi0331</a>",53,8,64.304,0.913,4,65,0,388.545,14.273,0.091,0.091
"<a href=""https://tiktok.com/@gjbmtj6"" target=""_blank"">@gjbmtj6</a>",71,4,43.75,1,1,8,0,1208,57.75,0.25,0.25
"<a href=""https://tiktok.com/@gjguq6894"" target=""_blank"">@gjguq6894</a>",57,11,62,0.944,2,36,0,2020.545,73.455,0.636,3.091
"<a href=""https://tiktok.com/@gjhg8047"" target=""_blank"">@gjhg8047</a>",51,7,64.333,1,2,26,0,1080,42.625,0.125,0.875
"<a href=""https://tiktok.com/@gkuhik"" target=""_blank"">@gkuhik</a>",83,4,46.333,1,3,24,0,1394,72.5,5.25,6.25
"<a href=""https://tiktok.com/@gohdr4367"" target=""_blank"">@gohdr4367</a>",59,6,34.949,0.795,3,33,0,1831.5,65.5,0.333,0.5
"<a href=""https://tiktok.com/@gooj806"" target=""_blank"">@gooj806</a>",12,8,48.81,0.812,5,68,0,1899.875,61.625,0.5,1.25
"<a href=""https://tiktok.com/@gour2295"" target=""_blank"">@gour2295</a>",58,6,47.4,0.944,3,42,0,2924.167,83,0.5,2.167
"<a href=""https://tiktok.com/@grilofchina"" target=""_blank"">@grilofchina</a>",109,6,59.875,0.6,1,8,0,163.333,16.667,1.533,0
"<a href=""https://tiktok.com/@guch008"" target=""_blank"">@guch008</a>",78,6,63.3,0.778,1,10,0,1425.875,85.5,0.625,3.5
"<a href=""https://tiktok.com/@gvcchh3457"" target=""_blank"">@gvcchh3457</a>",14,4,41.312,1,4,32,0,961,56.5,2.25,0.75
"<a href=""https://tiktok.com/@gxhx514"" target=""_blank"">@gxhx514</a>",59,6,47.845,0.976,6,59,0,2399.667,56.333,0,0
"<a href=""https://tiktok.com/@hdbjx72"" target=""_blank"">@hdbjx72</a>",25,3,41.674,1,2,17,0,1005.667,34.667,0,0.667
"<a href=""https://tiktok.com/@hdhxh3484"" target=""_blank"">@hdhxh3484</a>",7,8,44.663,0.927,4,36,0,1339.75,28.75,0.625,4.75
"<a href=""https://tiktok.com/@hdicok57"" target=""_blank"">@hdicok57</a>",102,7,39.9,0.857,2,19,0,15901.429,198.429,3.857,4.571
"<a href=""https://tiktok.com/@hdidkser0"" target=""_blank"">@hdidkser0</a>",40,7,79.75,0.875,1,8,0,1713.286,75.857,1.286,2.429
"<a href=""https://tiktok.com/@hdksp6389"" target=""_blank"">@hdksp6389</a>",61,6,35.458,0.905,3,24,0,1296.667,85.833,2.333,0.5
"<a href=""https://tiktok.com/@hdmjwo1"" target=""_blank"">@hdmjwo1</a>",96,8,21.799,0.95,16,155,0,439.167,23.333,0.083,1.167
"<a href=""https://tiktok.com/@hdr86575"" target=""_blank"">@hdr86575</a>",4,6,47.5,1,1,8,0,991,19.833,0.167,0.667
"<a href=""https://tiktok.com/@hfigi61"" target=""_blank"">@hfigi61</a>",102,6,30.275,0.929,2,18,0,19523.714,342,5.286,5.429
"<a href=""https://tiktok.com/@hfstil3"" target=""_blank"">@hfstil3</a>",93,8,64.833,1,3,28,0,26195,1064.75,5.5,5.625
"<a href=""https://tiktok.com/@hgidsi"" target=""_blank"">@hgidsi</a>",59,8,48.201,0.842,5,59,0,2423.625,55.75,0.375,0.5
"<a href=""https://tiktok.com/@hhdhuwp"" target=""_blank"">@hhdhuwp</a>",101,8,71.5,1,1,8,0,317.556,13.111,0.111,0
"<a href=""https://tiktok.com/@hi.pnct"" target=""_blank"">@hi.pnct</a>",26,8,55.8,1,1,10,0,855,26.75,0.125,0.25
"<a href=""https://tiktok.com/@hidouo"" target=""_blank"">@hidouo</a>",96,12,27.428,0.918,16,227,0,811.833,16.25,0.083,0.167
"<a href=""https://tiktok.com/@hjbfgj67"" target=""_blank"">@hjbfgj67</a>",81,4,49,1,1,8,0,1402.5,54.25,2.75,5
"<a href=""https://tiktok.com/@hkmdrr"" target=""_blank"">@hkmdrr</a>",94,6,55.361,1,3,32,0,1679.167,70.333,1,0.333
"<a href=""https://tiktok.com/@hltuoq"" target=""_blank"">@hltuoq</a>",96,12,39.499,0.939,16,269,0,1241.5,37.917,0.333,0.417
"<a href=""https://tiktok.com/@hoeg.huan"" target=""_blank"">@hoeg.huan</a>",35,6,58.4,1,1,10,0,5689.167,74,0.667,1.167
"<a href=""https://tiktok.com/@hoglbjlvil"" target=""_blank"">@hoglbjlvil</a>",87,5,53.5,0.857,1,10,0,3163.25,23.25,0.25,5.875
"<a href=""https://tiktok.com/@hojdmc"" target=""_blank"">@hojdmc</a>",54,12,25.911,0.971,2,66,0,949.583,124.917,0.083,0.5
"<a href=""https://tiktok.com/@hootchxs"" target=""_blank"">@hootchxs</a>",31,6,46.875,1,1,8,0,636.167,17.5,0,0
"<a href=""https://tiktok.com/@hrsy60677"" target=""_blank"">@hrsy60677</a>",56,12,40.916,0.963,3,76,0,1118.167,43.417,0.5,0.667
"<a href=""https://tiktok.com/@htjzwe4"" target=""_blank"">@htjzwe4</a>",65,6,23.727,1,1,11,0,3064.833,52.167,1.667,0.5
"<a href=""https://tiktok.com/@huahua88883"" target=""_blank"">@huahua88883</a>",80,4,22.25,1,1,8,0,2972,63.75,13.25,114
"<a href=""https://tiktok.com/@huddkser"" target=""_blank"">@huddkser</a>",33,7,55,1,1,8,0,1576,78.75,1.375,3.375
"<a href=""https://tiktok.com/@hullen.nguyen"" target=""_blank"">@hullen.nguyen</a>",2,8,43.188,1,2,16,0,1824.125,73.125,1.125,0.625
"<a href=""https://tiktok.com/@hurrryu"" target=""_blank"">@hurrryu</a>",92,8,42.083,1,2,20,0,2598.875,126.75,1,3.75
"<a href=""https://tiktok.com/@huydhfhyyxd"" target=""_blank"">@huydhfhyyxd</a>",89,5,33.333,1,1,9,0,12052.571,113.857,1.714,1.286
"<a href=""https://tiktok.com/@hwj.nsks"" target=""_blank"">@hwj.nsks</a>",34,6,46.5,1,1,8,0,2006.5,75,1.75,7.25
"<a href=""https://tiktok.com/@hxjdsj34"" target=""_blank"">@hxjdsj34</a>",60,6,43.801,0.944,7,65,0,874.5,77,1,0.167
"<a href=""https://tiktok.com/@hzhdhs"" target=""_blank"">@hzhdhs</a>",60,6,44.644,0.928,8,72,0,1362.167,86,1.5,0.667
"<a href=""https://tiktok.com/@idhd139"" target=""_blank"">@idhd139</a>",6,8,64,1,1,8,0,2229.875,101.375,0.875,1
"<a href=""https://tiktok.com/@idpeoc"" target=""_blank"">@idpeoc</a>",96,12,34.948,0.933,16,279,0,1451.167,21.583,0.083,0.083
"<a href=""https://tiktok.com/@if.en.is.fam"" target=""_blank"">@if.en.is.fam</a>",30,8,40.2,1,1,10,0,1031.25,39,0.375,0.125
"<a href=""https://tiktok.com/@ihgg5672"" target=""_blank"">@ihgg5672</a>",14,4,40.625,1,4,32,0,1019.75,54.25,1.75,2.5
"<a href=""https://tiktok.com/@ilges.estelwei"" target=""_blank"">@ilges.estelwei</a>",48,7,36.667,1,1,12,0,1803.714,59.286,2.143,2.571
"<a href=""https://tiktok.com/@injjzxvr"" target=""_blank"">@injjzxvr</a>",88,6,53.5,1,1,10,0,1613.667,7.25,0.083,0.833
"<a href=""https://tiktok.com/@irdc042"" target=""_blank"">@irdc042</a>",1,7,48.787,0.911,3,25,0,3980.286,133.857,1,0.571
"<a href=""https://tiktok.com/@isce0690"" target=""_blank"">@isce0690</a>",53,5,57.433,0.917,2,24,0,883,54.5,0.375,0.5
"<a href=""https://tiktok.com/@isgs5669"" target=""_blank"">@isgs5669</a>",53,9,68.341,0.944,2,43,0,337.25,9.667,0.917,0.25
"<a href=""https://tiktok.com/@itsstj2"" target=""_blank"">@itsstj2</a>",91,8,56.211,0.944,3,30,0,1289.625,70.75,1.5,0.25
"<a href=""https://tiktok.com/@iuwgeh"" target=""_blank"">@iuwgeh</a>",93,8,53.611,1,3,32,0,35120.625,690.375,12.625,5.875
"<a href=""https://tiktok.com/@izbktlfq"" target=""_blank"">@izbktlfq</a>",86,12,44.559,0.98,5,53,0,3374.583,31,0.167,1.083
"<a href=""https://tiktok.com/@j.uv586"" target=""_blank"">@j.uv586</a>",24,3,46.75,1,1,8,0,648.333,8.333,0,0
"<a href=""https://tiktok.com/@jackie.bradley45"" target=""_blank"">@jackie.bradley45</a>",13,4,63.25,1,1,8,0,900.75,62.5,1.75,3
"<a href=""https://tiktok.com/@jajsjsn56"" target=""_blank"">@jajsjsn56</a>",11,9,62.384,0.863,4,52,0,2566.222,53.111,0.333,0.444
"<a href=""https://tiktok.com/@jccj44506"" target=""_blank"">@jccj44506</a>",51,7,62.561,1,3,35,0,423.714,16.286,0,0.286
"<a href=""https://tiktok.com/@jdododh5"" target=""_blank"">@jdododh5</a>",6,4,64,1,1,8,0,1621.5,66,0.25,0
"<a href=""https://tiktok.com/@jdpxorjf"" target=""_blank"">@jdpxorjf</a>",1,5,47.9,1,1,10,0,2654,159.429,0.429,0.571
"<a href=""https://tiktok.com/@jecxsz"" target=""_blank"">@jecxsz</a>",95,8,20.8,1,6,127,0,769.625,38,0.875,1.125
"<a href=""https://tiktok.com/@jfdd653"" target=""_blank"">@jfdd653</a>",4,8,61.067,0.929,2,19,0,2353.25,80.5,0.5,4.25
"<a href=""https://tiktok.com/@jfkdkdk54"" target=""_blank"">@jfkdkdk54</a>",32,5,58.375,1,1,8,0,337.4,9.8,0.2,0.2
"<a href=""https://tiktok.com/@jfkovj5"" target=""_blank"">@jfkovj5</a>",1,7,52.847,0.944,3,25,0,1982,188.429,1,1.143
"<a href=""https://tiktok.com/@jibelm5"" target=""_blank"">@jibelm5</a>",108,3,52,1,2,18,0,482.667,8.667,0,0
"<a href=""https://tiktok.com/@jjdjdd911"" target=""_blank"">@jjdjdd911</a>",27,7,47.154,1,1,13,0,823.143,23.857,0,0
"<a href=""https://tiktok.com/@jkuy0534"" target=""_blank"">@jkuy0534</a>",50,12,72.725,0.958,3,71,0,621.583,36.667,0,0.5
"<a href=""https://tiktok.com/@jsjsjksmsmsk"" target=""_blank"">@jsjsjksmsmsk</a>",38,11,70.5,1,1,10,0,2119.167,52.083,1.083,0.083
"<a href=""https://tiktok.com/@jsosjxj8"" target=""_blank"">@jsosjxj8</a>",1,8,56.228,0.948,6,59,0,2283.25,86.25,0.5,0.75
"<a href=""https://tiktok.com/@jspsns3"" target=""_blank"">@jspsns3</a>",92,8,53.3,0.944,3,34,0,21692.5,855.625,6.5,18.75
"<a href=""https://tiktok.com/@jtcytxyzey"" target=""_blank"">@jtcytxyzey</a>",1,8,58.022,0.941,7,68,0,12274.75,316,5.875,5.25
"<a href=""https://tiktok.com/@jvhb240"" target=""_blank"">@jvhb240</a>",11,11,60.771,0.88,3,59,0,1976.182,47.909,0.455,1.091
"<a href=""https://tiktok.com/@jvtvc3"" target=""_blank"">@jvtvc3</a>",12,8,53.776,0.839,5,69,0,39480.875,2435.875,19.5,333.25
"<a href=""https://tiktok.com/@kacbr2774"" target=""_blank"">@kacbr2774</a>",60,5,47.617,0.881,6,51,0,487.833,12.833,0,0.333
"<a href=""https://tiktok.com/@kamlisarkar_0"" target=""_blank"">@kamlisarkar_0</a>",76,13,91.498,0.625,2,29,0,6049.722,437.444,20.944,38.944
"<a href=""https://tiktok.com/@kduudk6"" target=""_blank"">@kduudk6</a>",79,6,5.167,1,1,12,0,1334.625,14.125,0.125,0.125
"<a href=""https://tiktok.com/@kdywnty"" target=""_blank"">@kdywnty</a>",68,6,30,1,2,24,0,3117.833,70.333,1.5,0.5
"<a href=""https://tiktok.com/@khanh.phukhh"" target=""_blank"">@khanh.phukhh</a>",48,5,76.333,1,1,9,0,2458.4,61.4,5.2,15
"<a href=""https://tiktok.com/@khayrikasibmansou"" target=""_blank"">@khayrikasibmansou</a>",104,3,53,0.8,1,9,0,1113.333,18.333,0,2.333
"<a href=""https://tiktok.com/@kjuq5904"" target=""_blank"">@kjuq5904</a>",52,3,33,1,1,9,0,709,35.333,0.667,0.5
"<a href=""https://tiktok.com/@kranaa9"" target=""_blank"">@kranaa9</a>",55,3,20.817,0.92,5,48,0,763.333,17.333,0,0
"<a href=""https://tiktok.com/@krug011"" target=""_blank"">@krug011</a>",1,7,65.988,0.938,2,18,0,1657.714,192.571,0.571,0.143
"<a href=""https://tiktok.com/@kubjij"" target=""_blank"">@kubjij</a>",55,3,18.372,1,5,48,0,824.727,62.636,0.727,0
"<a href=""https://tiktok.com/@kuhar.clair6"" target=""_blank"">@kuhar.clair6</a>",25,3,43.562,0.9,2,16,0,1172.333,40.667,0,0.333
"<a href=""https://tiktok.com/@kzfqxvnyulyciv"" target=""_blank"">@kzfqxvnyulyciv</a>",81,4,49,1,1,8,0,1101.25,11.25,1.25,0.25
"<a href=""https://tiktok.com/@labaam4"" target=""_blank"">@labaam4</a>",70,6,36.75,1,1,8,0,938.833,22.5,0.333,0.167
"<a href=""https://tiktok.com/@labib.zain.hajjar"" target=""_blank"">@labib.zain.hajjar</a>",105,6,58.659,0.879,2,27,0,1409.333,31.167,1.333,6
"<a href=""https://tiktok.com/@labksb49906r"" target=""_blank"">@labksb49906r</a>",21,6,42.729,0.861,6,54,0,1730.167,90,0,0.5
"<a href=""https://tiktok.com/@laicai.reddit"" target=""_blank"">@laicai.reddit</a>",82,4,52.125,1,2,16,0,215079.5,18389.5,449,1472.25
"<a href=""https://tiktok.com/@landscape5670"" target=""_blank"">@landscape5670</a>",8,7,49.825,0.917,2,18,0,2769.429,118,1.857,3.857
"<a href=""https://tiktok.com/@lanora.haskely"" target=""_blank"">@lanora.haskely</a>",47,7,53.3,0.857,1,10,0,1351.857,60.714,2.714,4.429
"<a href=""https://tiktok.com/@lawgray3"" target=""_blank"">@lawgray3</a>",11,10,55.661,0.917,9,114,0,1128.7,43.8,0.2,0.9
"<a href=""https://tiktok.com/@ldaphc"" target=""_blank"">@ldaphc</a>",95,8,20.739,0.983,6,127,0,564.625,25.125,0.5,0.25
"<a href=""https://tiktok.com/@lejaad2"" target=""_blank"">@lejaad2</a>",96,3,45.348,0.907,16,144,0,514.667,33,0,2
"<a href=""https://tiktok.com/@lhodsrr"" target=""_blank"">@lhodsrr</a>",28,8,45.431,0.929,2,17,0,801.25,27.625,0.75,0.375
"<a href=""https://tiktok.com/@lhqitc"" target=""_blank"">@lhqitc</a>",96,9,25.541,0.938,16,178,0,1040.167,27.417,0.083,0.417
"<a href=""https://tiktok.com/@liaojiuyu"" target=""_blank"">@liaojiuyu</a>",59,7,46.374,0.748,5,50,0,1503.571,35.143,0.429,0.143
"<a href=""https://tiktok.com/@lin689668987"" target=""_blank"">@lin689668987</a>",10,5,53.778,0.688,2,17,0,2928,105.875,5.25,23
"<a href=""https://tiktok.com/@ljpjvh"" target=""_blank"">@ljpjvh</a>",64,6,16.7,0.875,1,10,0,1332,46.333,0.833,0.5
"<a href=""https://tiktok.com/@lncbgk"" target=""_blank"">@lncbgk</a>",108,3,81.833,1,2,17,0,197.333,4,0.333,0
"<a href=""https://tiktok.com/@lnppoe"" target=""_blank"">@lnppoe</a>",90,11,54.682,0.896,2,48,0,23839.167,270.417,12.75,31.25
"<a href=""https://tiktok.com/@luckyphone320"" target=""_blank"">@luckyphone320</a>",46,6,64.333,0.875,1,9,0,2191.5,70.5,1.167,0.833
"<a href=""https://tiktok.com/@lucyedmonson5"" target=""_blank"">@lucyedmonson5</a>",103,10,54.958,0.646,2,21,0,938.5,13.8,0.2,1.5
"<a href=""https://tiktok.com/@ludwin.keith"" target=""_blank"">@ludwin.keith</a>",107,3,52.815,0.933,3,27,0,993.333,27,0,10.333
"<a href=""https://tiktok.com/@luet671136"" target=""_blank"">@luet671136</a>",21,5,71.25,1,1,8,0,1074.2,55.2,0.4,0.2
"<a href=""https://tiktok.com/@lush_queen120"" target=""_blank"">@lush_queen120</a>",72,11,82.469,0.583,1,32,0,67955.167,6907.733,231.833,514.067
"<a href=""https://tiktok.com/@lwandiswamsithini"" target=""_blank"">@lwandiswamsithini</a>",35,8,52.223,0.938,4,40,0,2775.125,57.5,0.875,0.5
"<a href=""https://tiktok.com/@lxjjc"" target=""_blank"">@lxjjc</a>",7,6,55.125,0.875,2,18,0,2384.833,44.667,0.167,0.833
"<a href=""https://tiktok.com/@maemeg7"" target=""_blank"">@maemeg7</a>",63,4,15,1,1,8,0,2785.333,164,1.167,0.5
"<a href=""https://tiktok.com/@mariencassano"" target=""_blank"">@mariencassano</a>",89,7,56.167,0.929,2,19,0,4556.429,39.571,1.857,0
"<a href=""https://tiktok.com/@mdsdz2"" target=""_blank"">@mdsdz2</a>",44,5,39.615,0.625,1,13,0,17089.182,603.182,28.636,10.091
"<a href=""https://tiktok.com/@mina.12558"" target=""_blank"">@mina.12558</a>",84,4,79.25,1,1,8,0,1272.5,108.25,3.25,5.25
"<a href=""https://tiktok.com/@miss.bordner"" target=""_blank"">@miss.bordner</a>",4,7,58.143,0.889,1,14,0,2420.429,91.571,0.429,1
"<a href=""https://tiktok.com/@mjbwysq6"" target=""_blank"">@mjbwysq6</a>",62,6,75.375,1,2,16,0,1193.667,44.333,0,0
"<a href=""https://tiktok.com/@mlyeejyn"" target=""_blank"">@mlyeejyn</a>",37,12,70.812,0.917,1,16,0,2516.615,44.154,0.692,2.308
"<a href=""https://tiktok.com/@mmsauw3"" target=""_blank"">@mmsauw3</a>",100,3,57.667,1,1,9,0,213.667,13.667,0,0.667
"<a href=""https://tiktok.com/@mnoojt"" target=""_blank"">@mnoojt</a>",97,3,12.778,0.8,1,9,0,246.667,12,0.333,0
"<a href=""https://tiktok.com/@moderngril5"" target=""_blank"">@moderngril5</a>",109,11,61.202,0.733,2,23,0,88.267,22.133,6.467,0
"<a href=""https://tiktok.com/@modernofuk"" target=""_blank"">@modernofuk</a>",110,10,47.706,0.833,1,17,0,37.929,10.5,3.071,0
"<a href=""https://tiktok.com/@monalisa7988"" target=""_blank"">@monalisa7988</a>",18,5,61.154,0.857,1,13,0,730.4,25.2,0,0
"<a href=""https://tiktok.com/@mua29840"" target=""_blank"">@mua29840</a>",39,8,46.242,1,2,23,0,2142.375,65.125,1.125,0.75
"<a href=""https://tiktok.com/@mulask57"" target=""_blank"">@mulask57</a>",18,5,47,0.857,1,13,0,1516,36.167,0,0
"<a href=""https://tiktok.com/@mxvgdscsdfvcsdfsd"" target=""_blank"">@mxvgdscsdfvcsdfsd</a>",21,6,60.544,0.917,4,36,0,837.833,14.5,0.333,0.333
"<a href=""https://tiktok.com/@nasiha.buthainah"" target=""_blank"">@nasiha.buthainah</a>",106,3,37.889,1,1,9,0,2245.333,114,1.667,20.667
"<a href=""https://tiktok.com/@nassralanijw1hlg"" target=""_blank"">@nassralanijw1hlg</a>",43,8,14.55,1,1,20,0,572.5,45.125,0.25,0.75
"<a href=""https://tiktok.com/@natalie.acosta88"" target=""_blank"">@natalie.acosta88</a>",107,3,56,0.8,2,18,0,789.667,20.333,0.667,3.667
"<a href=""https://tiktok.com/@ncsfo3287"" target=""_blank"">@ncsfo3287</a>",60,5,37.298,0.889,5,44,0,1266.6,83,0.8,0.4
"<a href=""https://tiktok.com/@ndhfs844"" target=""_blank"">@ndhfs844</a>",59,5,46.675,0.976,6,58,0,1483.4,32.2,0.4,0
"<a href=""https://tiktok.com/@ndmsl15"" target=""_blank"">@ndmsl15</a>",93,8,60.05,0.917,2,22,0,1789.625,79,2.5,0.5
"<a href=""https://tiktok.com/@ndork4782"" target=""_blank"">@ndork4782</a>",60,6,50.292,0.952,3,24,0,1549.667,49,1,0.167
"<a href=""https://tiktok.com/@nfjsk12"" target=""_blank"">@nfjsk12</a>",94,6,35.417,1,4,40,0,8267.167,377,2.5,1.333
"<a href=""https://tiktok.com/@nidaye81"" target=""_blank"">@nidaye81</a>",59,6,51.647,0.83,5,49,0,1448.833,65.5,0.333,0.333
"<a href=""https://tiktok.com/@nij0030"" target=""_blank"">@nij0030</a>",83,4,50.167,1,3,24,0,1876,107,1.25,5.75
"<a href=""https://tiktok.com/@nisrin.yusraa.sha"" target=""_blank"">@nisrin.yusraa.sha</a>",105,6,53.327,0.95,2,29,0,942.167,15.667,0.333,6.5
"<a href=""https://tiktok.com/@nkddaram"" target=""_blank"">@nkddaram</a>",38,9,54.6,0.889,1,10,0,1784.364,52.727,2.455,1.636
"<a href=""https://tiktok.com/@nqiwmj"" target=""_blank"">@nqiwmj</a>",101,8,71.5,1,1,8,0,823.25,19.875,0.125,0
"<a href=""https://tiktok.com/@nqkwvc"" target=""_blank"">@nqkwvc</a>",63,4,15,1,1,8,0,1129.5,65,0.5,0.333
"<a href=""https://tiktok.com/@nxpsa4288"" target=""_blank"">@nxpsa4288</a>",61,6,54.775,0.929,2,18,0,972,53.167,0.833,0.5
"<a href=""https://tiktok.com/@nzohwh"" target=""_blank"">@nzohwh</a>",66,6,13.667,1,1,12,0,1344.5,65,1.5,0.333
"<a href=""https://tiktok.com/@objlhmtjemu"" target=""_blank"">@objlhmtjemu</a>",97,9,12.778,0.8,1,9,0,401.75,16.25,0.167,0.25
"<a href=""https://tiktok.com/@odokskjsjh"" target=""_blank"">@odokskjsjh</a>",37,11,65,0.889,1,9,0,3040.417,36,2.667,0.75
"<a href=""https://tiktok.com/@oeivoppc"" target=""_blank"">@oeivoppc</a>",86,11,40.222,1,3,29,0,2245.833,18.583,0.167,2.333
"<a href=""https://tiktok.com/@ohchocx"" target=""_blank"">@ohchocx</a>",32,6,58.375,1,1,8,0,868.833,17.5,0,0.167
"<a href=""https://tiktok.com/@okay11732"" target=""_blank"">@okay11732</a>",50,12,57.574,1,6,114,0,1520.333,46.833,0.417,0.083
"<a href=""https://tiktok.com/@okhgf567"" target=""_blank"">@okhgf567</a>",14,4,45.417,1,3,24,0,1514.5,72.25,3.25,17.75
"<a href=""https://tiktok.com/@oljclk"" target=""_blank"">@oljclk</a>",64,6,16.7,0.875,1,10,0,1127.5,23,0.333,0.333
"<a href=""https://tiktok.com/@omi.poni0"" target=""_blank"">@omi.poni0</a>",17,4,40.8,1,1,10,0,2043.75,42,0,0.25
"<a href=""https://tiktok.com/@opgse4909"" target=""_blank"">@opgse4909</a>",59,6,60.52,0.891,9,87,0,7306.5,407,1.833,0.333
"<a href=""https://tiktok.com/@osb.remo"" target=""_blank"">@osb.remo</a>",11,9,54.107,0.946,9,114,0,4064.333,71.222,0.333,1.778
"<a href=""https://tiktok.com/@oscar.kennedy48"" target=""_blank"">@oscar.kennedy48</a>",45,8,63.75,1,1,8,0,3187.75,155.125,1.375,2.75
"<a href=""https://tiktok.com/@oshasg"" target=""_blank"">@oshasg</a>",92,8,65.675,0.958,4,34,0,1670.625,84.625,1.375,2.75
"<a href=""https://tiktok.com/@owuhwh"" target=""_blank"">@owuhwh</a>",93,8,59.75,1,2,24,0,30837.125,1136,9.75,11.875
"<a href=""https://tiktok.com/@oxkops7"" target=""_blank"">@oxkops7</a>",66,6,13.667,1,1,12,0,1515.5,46.5,1.5,1.333
"<a href=""https://tiktok.com/@pbpktw"" target=""_blank"">@pbpktw</a>",96,12,37.351,0.884,16,264,0,1269.667,29.75,0.167,0.167
"<a href=""https://tiktok.com/@pehcpohz"" target=""_blank"">@pehcpohz</a>",88,6,53.5,1,1,10,0,3768.333,30,4.167,18.667
"<a href=""https://tiktok.com/@pewpua2"" target=""_blank"">@pewpua2</a>",55,3,21.939,0.88,5,48,0,1645,145.667,0,0.667
"<a href=""https://tiktok.com/@phong.ngoc76"" target=""_blank"">@phong.ngoc76</a>",49,5,53.625,0.833,1,8,0,3702.5,69,1.5,3.833
"<a href=""https://tiktok.com/@prtnr8"" target=""_blank"">@prtnr8</a>",41,7,64.125,0.929,2,16,0,2726.714,117.571,2.143,1.143
"<a href=""https://tiktok.com/@puhrra"" target=""_blank"">@puhrra</a>",96,9,29.902,0.93,16,198,0,677.75,11.583,0,0
"<a href=""https://tiktok.com/@qdcieh"" target=""_blank"">@qdcieh</a>",54,10,19.15,0.964,2,60,0,1553.692,135.846,0.615,0.385
"<a href=""https://tiktok.com/@qkehrewa"" target=""_blank"">@qkehrewa</a>",33,6,55,1,1,8,0,1067.143,49.143,0.286,0
"<a href=""https://tiktok.com/@qtilwj"" target=""_blank"">@qtilwj</a>",100,3,41.667,1,1,9,0,304,13.333,0,0
"<a href=""https://tiktok.com/@quincyshop08"" target=""_blank"">@quincyshop08</a>",1,8,53.575,1,3,26,0,2141.5,128.125,0.5,0.75
"<a href=""https://tiktok.com/@qvcka2481"" target=""_blank"">@qvcka2481</a>",59,4,51.062,0.786,2,16,0,2597.5,70,0.75,0.25
"<a href=""https://tiktok.com/@qvkjmf"" target=""_blank"">@qvkjmf</a>",98,5,73,1,1,9,0,166.2,9.6,0,0.6
"<a href=""https://tiktok.com/@reddit.vztwo"" target=""_blank"">@reddit.vztwo</a>",16,5,43.149,0.953,5,71,0,1211.6,29.6,0.4,0
"<a href=""https://tiktok.com/@reddit_debbie"" target=""_blank"">@reddit_debbie</a>",55,3,21.039,0.88,5,48,0,1158.667,150,0.333,0.667
"<a href=""https://tiktok.com/@reddit_grayson99"" target=""_blank"">@reddit_grayson99</a>",54,12,26.961,0.935,2,66,0,3650.75,207.417,0.25,0.5
"<a href=""https://tiktok.com/@reddit_ignatius8"" target=""_blank"">@reddit_ignatius8</a>",90,10,62.492,0.854,2,50,0,10713.083,120.333,5.833,7.5
"<a href=""https://tiktok.com/@refine74"" target=""_blank"">@refine74</a>",65,6,23.727,1,1,11,0,1687.333,147.333,1.5,1
"<a href=""https://tiktok.com/@rfgfghf1"" target=""_blank"">@rfgfghf1</a>",89,6,79,0.857,1,10,0,10021.714,112.143,4,1
"<a href=""https://tiktok.com/@rohingyao"" target=""_blank"">@rohingyao</a>",8,8,80.325,0.833,2,18,0,2622.375,128.75,1.75,3
"<a href=""https://tiktok.com/@rosacasey65"" target=""_blank"">@rosacasey65</a>",41,7,60.25,1,1,8,0,2315.571,87.857,2,2.143
"<a href=""https://tiktok.com/@rrwtqoji8v5"" target=""_blank"">@rrwtqoji8v5</a>",21,5,36,1,1,8,0,1683.6,43.4,0.4,0.6
"<a href=""https://tiktok.com/@rtikb3"" target=""_blank"">@rtikb3</a>",91,6,55.375,1,2,16,0,521.667,54.833,0.5,0.833
"<a href=""https://tiktok.com/@rtwgui"" target=""_blank"">@rtwgui</a>",96,7,24.902,0.916,16,146,0,803.667,33.889,0.111,1.111
"<a href=""https://tiktok.com/@rubin.mervy8"" target=""_blank"">@rubin.mervy8</a>",11,6,53.629,0.921,6,57,0,1155,29.833,0.5,1.167
"<a href=""https://tiktok.com/@rvfdcpqmerituj"" target=""_blank"">@rvfdcpqmerituj</a>",14,4,54.625,1,2,16,0,994.75,52,3.75,5.25
"<a href=""https://tiktok.com/@safiyyah.iftikar"" target=""_blank"">@safiyyah.iftikar</a>",106,4,37.889,1,1,9,0,227.25,19.5,0.5,1.75
"<a href=""https://tiktok.com/@sdsdyou"" target=""_blank"">@sdsdyou</a>",8,7,51.569,0.762,2,17,0,10256.5,302.625,5.25,16.75
"<a href=""https://tiktok.com/@seile.rian"" target=""_blank"">@seile.rian</a>",11,9,64.369,0.903,8,119,0,6379,95.333,1.222,0.778
"<a href=""https://tiktok.com/@sfagnd"" target=""_blank"">@sfagnd</a>",92,7,50.067,0.889,3,28,0,13173.429,227.429,2.714,3.286
"<a href=""https://tiktok.com/@sharleen.howard"" target=""_blank"">@sharleen.howard</a>",7,8,49.75,0.933,4,32,0,1290.875,125.25,0.375,0.125
"<a href=""https://tiktok.com/@shbsdd2"" target=""_blank"">@shbsdd2</a>",90,12,63.524,0.875,2,58,0,4339,90.833,7.833,7.583
"<a href=""https://tiktok.com/@shfjjg4"" target=""_blank"">@shfjjg4</a>",27,6,62.667,0.778,1,9,0,1521.5,31.5,1.333,0.333
"<a href=""https://tiktok.com/@shgj33"" target=""_blank"">@shgj33</a>",7,6,59.75,0.714,1,8,0,4354.429,87.714,0.714,1
"<a href=""https://tiktok.com/@shuj977"" target=""_blank"">@shuj977</a>",15,5,53.5,0.882,2,24,0,965.2,37.6,0.2,0
"<a href=""https://tiktok.com/@shuy742"" target=""_blank"">@shuy742</a>",16,6,46.331,0.958,5,83,0,784.167,18.167,0,0
"<a href=""https://tiktok.com/@skkfdxh"" target=""_blank"">@skkfdxh</a>",30,7,40.2,1,1,10,0,778.857,29,0.143,0.571
"<a href=""https://tiktok.com/@snoshsj"" target=""_blank"">@snoshsj</a>",60,5,40.188,1,4,32,0,1070,44.4,0.6,0.2
"<a href=""https://tiktok.com/@sooz6329"" target=""_blank"">@sooz6329</a>",57,8,37.75,0.889,1,24,0,266.375,17.25,0,0.25
"<a href=""https://tiktok.com/@sqifhw"" target=""_blank"">@sqifhw</a>",96,12,35.172,0.941,16,223,0,710.333,16.833,0,0
"<a href=""https://tiktok.com/@stoyouh"" target=""_blank"">@stoyouh</a>",8,5,30.25,0.833,1,8,0,4216.4,154.6,1.6,10.8
"<a href=""https://tiktok.com/@sug7994"" target=""_blank"">@sug7994</a>",16,6,40.244,1,5,83,0,769.833,31.833,0.167,0.167
"<a href=""https://tiktok.com/@sun.lilym"" target=""_blank"">@sun.lilym</a>",48,7,57.458,1,2,20,0,1548,78.857,1,8.857
"<a href=""https://tiktok.com/@sunnybarrows"" target=""_blank"">@sunnybarrows</a>",83,4,56.333,1,3,24,0,1113,50.25,5,5
"<a href=""https://tiktok.com/@suoxin2"" target=""_blank"">@suoxin2</a>",29,8,53,1,1,9,0,1988.375,94.875,1.5,10.5
"<a href=""https://tiktok.com/@suzannefigueroa76"" target=""_blank"">@suzannefigueroa76</a>",103,6,68.183,0.646,2,19,0,730.833,27.5,1.333,6.5
"<a href=""https://tiktok.com/@sweet_babyc120"" target=""_blank"">@sweet_babyc120</a>",72,15,86.957,0.708,2,50,0,11397.579,1082.105,58.105,21.737
"<a href=""https://tiktok.com/@tessh95"" target=""_blank"">@tessh95</a>",92,8,76.18,0.967,5,54,0,980,109.75,2.875,0.75
"<a href=""https://tiktok.com/@text690"" target=""_blank"">@text690</a>",8,7,11.889,0.857,1,9,0,7267.125,166,3.375,0.375
"<a href=""https://tiktok.com/@thuwaibah.dad.rah"" target=""_blank"">@thuwaibah.dad.rah</a>",105,5,55.486,0.929,2,24,0,586.667,30.667,0.333,4.5
"<a href=""https://tiktok.com/@tiantianguom317"" target=""_blank"">@tiantianguom317</a>",46,5,64.333,0.875,1,9,0,1551.6,121.8,2,1.2
"<a href=""https://tiktok.com/@tiut0219"" target=""_blank"">@tiut0219</a>",56,9,36.87,1,3,63,0,325,13.222,0.444,0.111
"<a href=""https://tiktok.com/@tmtgoa"" target=""_blank"">@tmtgoa</a>",100,3,49.667,1,2,18,0,106.333,4,0,0
"<a href=""https://tiktok.com/@tnyykh"" target=""_blank"">@tnyykh</a>",69,4,43.5,1,1,8,0,909.5,28.75,0.25,0.25
"<a href=""https://tiktok.com/@todaysfriendshow4"" target=""_blank"">@todaysfriendshow4</a>",15,6,45.354,0.938,2,28,0,1599.333,51.5,0.833,0.333
"<a href=""https://tiktok.com/@tookg4664"" target=""_blank"">@tookg4664</a>",59,3,45.539,1,6,52,0,69.333,0.667,0,0
"<a href=""https://tiktok.com/@tug35587"" target=""_blank"">@tug35587</a>",92,8,51,1,2,32,0,6795.375,331.625,1.125,5
"<a href=""https://tiktok.com/@tugx2917"" target=""_blank"">@tugx2917</a>",53,9,71.685,0.933,3,49,0,513.364,31.364,0.091,0.545
"<a href=""https://tiktok.com/@twkg9813"" target=""_blank"">@twkg9813</a>",51,7,67.62,0.95,4,48,0,616,21.143,0,0.143
"<a href=""https://tiktok.com/@twvs4521"" target=""_blank"">@twvs4521</a>",52,3,33,1,1,9,0,1104.167,71,0.833,1
"<a href=""https://tiktok.com/@ubhutfrx"" target=""_blank"">@ubhutfrx</a>",1,7,62.277,0.925,6,51,0,978.429,50.429,0.714,2.857
"<a href=""https://tiktok.com/@ucdrmh"" target=""_blank"">@ucdrmh</a>",96,3,17.243,0.863,16,144,0,681.667,52,1.667,3.667
"<a href=""https://tiktok.com/@uehjkb3487"" target=""_blank"">@uehjkb3487</a>",14,4,51.625,1,2,16,0,889.75,103.5,5.5,2
"<a href=""https://tiktok.com/@uest1280"" target=""_blank"">@uest1280</a>",51,5,65.829,0.933,3,35,0,671.4,14.8,0,0.2
"<a href=""https://tiktok.com/@ufqtjw"" target=""_blank"">@ufqtjw</a>",71,4,43.75,1,1,8,0,1271.25,52.75,0,0
"<a href=""https://tiktok.com/@ufsc8075"" target=""_blank"">@ufsc8075</a>",56,9,66.208,1,4,72,0,1868.25,70.25,0.5,2.25
"<a href=""https://tiktok.com/@ukfee8"" target=""_blank"">@ukfee8</a>",79,6,5.167,1,1,12,0,2183.75,41.5,0,2.875
"<a href=""https://tiktok.com/@urdu9708"" target=""_blank"">@urdu9708</a>",56,11,68.006,0.922,5,63,0,1326.545,55.455,0.182,0.182
"<a href=""https://tiktok.com/@usbkjggb6819"" target=""_blank"">@usbkjggb6819</a>",36,11,77.778,0.889,1,9,0,2109.583,21.083,0.083,1.5
"<a href=""https://tiktok.com/@user12390941773567"" target=""_blank"">@user12390941773567</a>",36,11,62.028,0.963,3,26,0,1061.333,11.583,0.417,4.75
"<a href=""https://tiktok.com/@user1433469988696"" target=""_blank"">@user1433469988696</a>",37,12,58.618,0.938,2,17,0,1493.083,56.667,1.167,0.417
"<a href=""https://tiktok.com/@user1440311073355"" target=""_blank"">@user1440311073355</a>",23,4,42,1,1,8,0,3470,84,3,8.25
"<a href=""https://tiktok.com/@user16909390140293"" target=""_blank"">@user16909390140293</a>",10,9,62.478,0.838,2,29,0,850.778,14,0.111,0
"<a href=""https://tiktok.com/@user19103225080680"" target=""_blank"">@user19103225080680</a>",78,6,63.3,0.778,1,10,0,2269.5,90.833,1.667,6
"<a href=""https://tiktok.com/@user19468614708518"" target=""_blank"">@user19468614708518</a>",20,8,72.875,1,1,8,0,2749.75,81.375,2.75,13.75
"<a href=""https://tiktok.com/@user21677638672342"" target=""_blank"">@user21677638672342</a>",37,12,64.808,0.972,3,35,0,332.833,3.25,0.083,0.083
"<a href=""https://tiktok.com/@user2810315813972"" target=""_blank"">@user2810315813972</a>",42,7,54.5,1,1,8,0,1448.714,88.571,1,2.571
"<a href=""https://tiktok.com/@user2903556969068"" target=""_blank"">@user2903556969068</a>",19,7,34.083,0.889,2,24,0,5675.714,92.571,2.571,10.143
"<a href=""https://tiktok.com/@user2920462956526"" target=""_blank"">@user2920462956526</a>",19,8,60.333,0.95,2,23,0,2681.125,54,2,4.625
"<a href=""https://tiktok.com/@user2932993437321"" target=""_blank"">@user2932993437321</a>",19,7,51.38,0.852,3,32,0,2167.143,58,0.857,16.571
"<a href=""https://tiktok.com/@user3034858843569"" target=""_blank"">@user3034858843569</a>",86,12,50.679,0.966,6,60,0,3296.917,19.083,0.167,2.583
"<a href=""https://tiktok.com/@user31473805812777"" target=""_blank"">@user31473805812777</a>",86,12,62.75,1,1,8,0,4323.5,32.25,0.417,5.25
"<a href=""https://tiktok.com/@user3436197788624"" target=""_blank"">@user3436197788624</a>",12,8,49.749,0.812,4,47,0,1952.125,81.25,1.125,4.375
"<a href=""https://tiktok.com/@user3758269061970"" target=""_blank"">@user3758269061970</a>",43,8,14.55,1,1,20,0,900.5,34.75,0.125,0.25
"<a href=""https://tiktok.com/@user3782324049429"" target=""_blank"">@user3782324049429</a>",86,11,47.654,1,4,38,0,1958.333,21.083,0,0.417
"<a href=""https://tiktok.com/@user386963311513"" target=""_blank"">@user386963311513</a>",19,8,59.031,0.864,5,42,0,2518.5,62,0.625,6.375
"<a href=""https://tiktok.com/@user40875540133678"" target=""_blank"">@user40875540133678</a>",23,4,42,1,1,8,0,3101,51.25,1.75,3
"<a href=""https://tiktok.com/@user4181021201798"" target=""_blank"">@user4181021201798</a>",19,7,49.278,1,2,20,0,1415.571,38.857,1.714,6.857
"<a href=""https://tiktok.com/@user4473161544200"" target=""_blank"">@user4473161544200</a>",36,11,53.435,0.911,3,25,0,3557.417,141.417,3.333,2.417
"<a href=""https://tiktok.com/@user4623873316361"" target=""_blank"">@user4623873316361</a>",86,8,55.083,1,3,24,0,680.182,10.727,0.182,7.182
"<a href=""https://tiktok.com/@user50065457091245"" target=""_blank"">@user50065457091245</a>",20,7,72.875,1,1,8,0,7081.625,84.375,2,11
"<a href=""https://tiktok.com/@user5107401810761"" target=""_blank"">@user5107401810761</a>",14,4,49.4,1,5,40,0,680.5,64.25,1.75,5
"<a href=""https://tiktok.com/@user5626060056906"" target=""_blank"">@user5626060056906</a>",1,7,52.487,1,2,18,0,1821.143,118.143,1.857,0.429
"<a href=""https://tiktok.com/@user6186701630842"" target=""_blank"">@user6186701630842</a>",19,8,46.424,0.944,4,44,0,1526.625,39.375,1.875,6.5
"<a href=""https://tiktok.com/@user6812280201318"" target=""_blank"">@user6812280201318</a>",36,10,57.185,0.952,3,27,0,2272.917,57.333,1.333,3.5
"<a href=""https://tiktok.com/@user6922385284275"" target=""_blank"">@user6922385284275</a>",1,8,42.997,0.971,5,45,0,2078.25,94.375,1,1
"<a href=""https://tiktok.com/@user7166160034825"" target=""_blank"">@user7166160034825</a>",19,8,52.076,0.904,4,41,0,1566.5,41.5,1.25,4
"<a href=""https://tiktok.com/@user7605976152392"" target=""_blank"">@user7605976152392</a>",7,5,70.75,1,1,8,0,8031.4,79.6,1.8,0.4
"<a href=""https://tiktok.com/@user8508148033286"" target=""_blank"">@user8508148033286</a>",3,6,81.3,0.875,1,10,0,1646.75,74.125,0.75,0.5
"<a href=""https://tiktok.com/@user8653602093025"" target=""_blank"">@user8653602093025</a>",19,8,62.39,0.894,4,36,0,1853.75,59.875,1.75,5.375
"<a href=""https://tiktok.com/@user8753242872061"" target=""_blank"">@user8753242872061</a>",27,8,54.91,0.889,2,22,0,989.625,26.25,0.5,0.125
"<a href=""https://tiktok.com/@user8794483655797"" target=""_blank"">@user8794483655797</a>",19,8,46.094,0.919,4,42,0,1680.5,41.875,1.375,6.125
"<a href=""https://tiktok.com/@user9701082465142"" target=""_blank"">@user9701082465142</a>",99,3,54.333,1,1,9,0,276.667,13.333,0,0
"<a href=""https://tiktok.com/@user9724456321051"" target=""_blank"">@user9724456321051</a>",3,7,75.25,1,1,8,0,5121,57.571,1.143,0.286
"<a href=""https://tiktok.com/@user9960965670038"" target=""_blank"">@user9960965670038</a>",28,8,52.111,1,1,9,0,802.625,29.625,0,0.25
"<a href=""https://tiktok.com/@username.12345301"" target=""_blank"">@username.12345301</a>",76,6,84.583,0.5,1,12,0,109247.889,421.389,7.111,44.611
"<a href=""https://tiktok.com/@username.12365478"" target=""_blank"">@username.12365478</a>",75,4,93,0.8,1,8,0,580.444,67.333,8.444,5.556
"<a href=""https://tiktok.com/@username.1545465"" target=""_blank"">@username.1545465</a>",76,9,98.412,0.75,1,17,0,50.6,2.8,0.2,0
"<a href=""https://tiktok.com/@ushddhd11"" target=""_blank"">@ushddhd11</a>",39,8,41.117,1,2,23,0,2136,40,0.5,0.125
"<a href=""https://tiktok.com/@usjg2117"" target=""_blank"">@usjg2117</a>",53,12,61.324,0.908,5,81,0,490.25,23.167,0.25,0
"<a href=""https://tiktok.com/@utoxwqg"" target=""_blank"">@utoxwqg</a>",95,8,20.496,1,6,127,0,388.25,21.75,0.5,0.125
"<a href=""https://tiktok.com/@uufplsvlxvp"" target=""_blank"">@uufplsvlxvp</a>",13,4,63.25,1,1,8,0,2184.75,174.25,4.5,8.75
"<a href=""https://tiktok.com/@vaigg0"" target=""_blank"">@vaigg0</a>",42,8,54.5,1,1,8,0,2960.25,105.125,2.75,3.75
"<a href=""https://tiktok.com/@valeriemunoz413"" target=""_blank"">@valeriemunoz413</a>",103,6,51.475,0.625,2,22,0,119,9.833,0.667,0.5
"<a href=""https://tiktok.com/@verity.holland"" target=""_blank"">@verity.holland</a>",3,8,78.275,0.938,2,18,0,1661.875,69.625,1.25,0.625
"<a href=""https://tiktok.com/@vghf668"" target=""_blank"">@vghf668</a>",24,3,46.75,1,1,8,0,1523.333,47,1.667,0.333
"<a href=""https://tiktok.com/@viiownp8"" target=""_blank"">@viiownp8</a>",69,4,43.5,1,1,8,0,1253,58.5,0.5,0
"<a href=""https://tiktok.com/@vitsu.alec1"" target=""_blank"">@vitsu.alec1</a>",11,8,51.419,0.943,9,116,0,1911.125,71.875,1.375,0.5
"<a href=""https://tiktok.com/@voie3340"" target=""_blank"">@voie3340</a>",58,5,58.6,0.833,2,30,0,497.4,28.8,0.2,0
"<a href=""https://tiktok.com/@vshwiy2868"" target=""_blank"">@vshwiy2868</a>",15,6,46.521,0.944,2,28,0,826.167,27.333,0.167,0.333
"<a href=""https://tiktok.com/@vsuau5"" target=""_blank"">@vsuau5</a>",91,5,64.522,0.833,3,29,0,882,69,1.2,1.6
"<a href=""https://tiktok.com/@vxkaw3274"" target=""_blank"">@vxkaw3274</a>",61,6,54.75,1,2,16,0,514.833,28.5,0.333,0.167
"<a href=""https://tiktok.com/@wevbocr"" target=""_blank"">@wevbocr</a>",62,6,49.5,0.938,2,18,0,1224.167,26,1,1.833
"<a href=""https://tiktok.com/@wgslhe"" target=""_blank"">@wgslhe</a>",96,13,39.395,0.918,16,280,0,2039.154,42.769,0.077,0.231
"<a href=""https://tiktok.com/@wiate.doni0"" target=""_blank"">@wiate.doni0</a>",11,7,52.378,0.91,8,84,0,2370.857,42.143,0.429,1.714
"<a href=""https://tiktok.com/@wiqg8225"" target=""_blank"">@wiqg8225</a>",53,12,65.138,0.882,5,82,0,288.667,12.917,0.083,0.167
"<a href=""https://tiktok.com/@wive0570"" target=""_blank"">@wive0570</a>",53,11,73.428,0.88,3,51,0,924.364,39.182,0.545,1
"<a href=""https://tiktok.com/@wnsao4288"" target=""_blank"">@wnsao4288</a>",67,5,38.5,1,1,8,0,7505.6,258,2,1.2
"<a href=""https://tiktok.com/@wojta.or"" target=""_blank"">@wojta.or</a>",18,5,50,0.929,2,21,0,1005.8,43.2,0.2,0
"<a href=""https://tiktok.com/@wroe.edith6"" target=""_blank"">@wroe.edith6</a>",11,9,60.507,0.949,7,91,0,1369,26.778,0.333,3.333
"<a href=""https://tiktok.com/@wsbhd0"" target=""_blank"">@wsbhd0</a>",91,6,69.208,0.917,2,17,0,566.333,40.667,0.5,0.667
"<a href=""https://tiktok.com/@wsfj4"" target=""_blank"">@wsfj4</a>",92,6,39,1,1,8,0,10280.167,342.5,4.5,1.5
"<a href=""https://tiktok.com/@xchinaqueen3"" target=""_blank"">@xchinaqueen3</a>",74,4,60.692,1,1,13,0,279,13.111,1.222,0.111
"<a href=""https://tiktok.com/@xchinaqueen5"" target=""_blank"">@xchinaqueen5</a>",74,12,93.071,0.857,1,14,0,640.261,38.043,3.696,1
"<a href=""https://tiktok.com/@xchinaqueen8"" target=""_blank"">@xchinaqueen8</a>",74,12,76.882,0.929,2,27,0,6452.667,576.667,34.444,31.611
"<a href=""https://tiktok.com/@xcwvym2"" target=""_blank"">@xcwvym2</a>",68,6,50.972,1,3,32,0,1148.5,35,0.333,0.167
"<a href=""https://tiktok.com/@xlhxhlxlh8"" target=""_blank"">@xlhxhlxlh8</a>",59,8,62.808,1,6,61,0,1613.875,86.375,1.125,0.125
"<a href=""https://tiktok.com/@xnjjehj"" target=""_blank"">@xnjjehj</a>",28,6,38.75,0.857,1,8,0,898.167,30.5,0.167,0.333
"<a href=""https://tiktok.com/@xxii911"" target=""_blank"">@xxii911</a>",9,6,57.625,0.625,1,8,0,1594.167,147.333,2.5,1.167
"<a href=""https://tiktok.com/@yiitsukb"" target=""_blank"">@yiitsukb</a>",40,5,45.625,1,1,8,0,1395,132.2,0.8,3
"<a href=""https://tiktok.com/@yiwxjsjxpoewm"" target=""_blank"">@yiwxjsjxpoewm</a>",82,4,49.417,1,3,24,0,1403.5,88,2.5,13.25
"<a href=""https://tiktok.com/@ylevkpiubsl"" target=""_blank"">@ylevkpiubsl</a>",26,6,55.8,1,1,10,0,859.167,28.333,0,0
"<a href=""https://tiktok.com/@ytrq8081"" target=""_blank"">@ytrq8081</a>",50,7,69.656,1,3,29,0,1378.083,41.583,0.25,0.083
"<a href=""https://tiktok.com/@yuexue02"" target=""_blank"">@yuexue02</a>",80,4,22.25,1,1,8,0,618.5,41.5,8.25,2.25
"<a href=""https://tiktok.com/@yyvlcropyjdql"" target=""_blank"">@yyvlcropyjdql</a>",83,4,46.833,1,3,24,0,916.5,57.5,3.5,9.5
"<a href=""https://tiktok.com/@zegtzgy"" target=""_blank"">@zegtzgy</a>",70,6,36.75,1,1,8,0,928.5,39.667,0.333,0
"<a href=""https://tiktok.com/@zesysmj"" target=""_blank"">@zesysmj</a>",95,7,19.889,0.965,6,117,0,144.857,6,0,0
"<a href=""https://tiktok.com/@zsdx184"" target=""_blank"">@zsdx184</a>",12,11,62.502,0.911,4,50,0,1893.545,64,0.364,0.727
"<a href=""https://tiktok.com/@ztctmxt"" target=""_blank"">@ztctmxt</a>",62,5,46.875,0.938,2,18,0,1389.4,50.4,1.2,0
"<a href=""https://tiktok.com/@zvjsl"" target=""_blank"">@zvjsl</a>",93,8,62.733,0.958,4,42,0,170108.25,5626.375,36,41.375
"<a href=""https://tiktok.com/@zxvb736"" target=""_blank"">@zxvb736</a>",12,10,46.13,0.843,5,75,0,2035.5,74.6,0.1,0.4
"<a href=""https://tiktok.com/@zysmpbz"" target=""_blank"">@zysmpbz</a>",95,8,20.468,1,6,127,0,640.875,15.875,0.125,0
