"Network","Number of Accounts","Network Density","Network Diameter","Clustering Coefficient","Avg Views","Avg Likes","Avg Comments","Avg Shares","Member Accounts"
1,14,0.253,36,0.366,2959.475,135.535,1.129,1.158,"irdc042, fdijc3, jfkovj5, jtcytxyzey, bmc12655, fughf21, krug011, chantalkusch, ubhutfrx, jsosjxj8, quincyshop08, user5626060056906, jdpxorjf, user6922385284275"
2,3,0.667,16,0,3799.875,103.208,1.5,0.833,"ayden.riverad, cbjf05, hullen.nguyen"
3,3,0.667,18,0,2709.391,67.522,1.043,0.478,"user8508148033286, user9724456321051, verity.holland"
4,5,0.5,32,0.429,2020.757,66.541,0.378,1.568,"miss.bordner, jfdd653, gckcj4, aedhdici, hdr86575"
5,2,1,9,0,1672,81,0.8,1.6,"aedyckctu, fauy8466"
6,2,1,8,0,2027.083,89.583,0.667,0.667,"idhd139, jdododh5"
7,10,0.311,35,0.324,2677.056,80.014,0.583,1.208,"gduhx01, aedhdjcoof, aedgslpxjx, hdhxh3484, fduic5, sharleen.howard, shgj33, lxjjc, fcjjv86, user7605976152392"
8,5,0.4,35,0,5601,177.167,2.889,6.722,"landscape5670, stoyouh, sdsdyou, text690, rohingyao"
9,2,1,8,0,1926.923,130.231,1.923,1,"dtkwod, xxii911"
10,3,1,17,1,2428.556,37.37,1.704,6.889,"lin689668987, fhkundshunk, user16909390140293"
11,14,0.484,52,0.867,5512.839,99.387,0.661,1.46,"battl.kray, benedossie2, osb.remo, seile.rian, vitsu.alec1, lawgray3, wiate.doni0, aed0267, aed2750, jvhb240, cfdc18, jajsjsn56, rubin.mervy8, wroe.edith6"
12,6,0.933,22,0.923,7728.057,428.302,3.472,51.585,"jvtvc3, dthh824, user3436197788624, zsdx184, gooj806, zxvb736"
13,2,1,8,0,1542.75,118.375,3.125,5.875,"uufplsvlxvp, jackie.bradley45"
14,6,0.667,16,0.667,1010.042,67.125,3.042,5.542,"rvfdcpqmerituj, uehjkb3487, gvcchh3457, ihgg5672, user5107401810761, okhgf567"
15,3,1,16,1,1139.941,38.882,0.412,0.235,"shuj977, todaysfriendshow4, vshwiy2868"
16,6,1,18,1,919.559,29.647,0.529,0.147,"bsjj8797, cainima888, carbloggera, shuy742, reddit.vztwo, sug7994"
17,2,1,10,0,1683.125,37.875,0,0.125,"omi.poni0, fhuc22"
18,4,0.5,34,0,1008.182,31.773,0.091,0.136,"mulask57, monalisa7988, bsyg2865, wojta.or"
19,9,0.417,40,0.6,2310.507,53.841,1.551,7.232,"user2920462956526, user2903556969068, user6186701630842, user386963311513, user8653602093025, user2932993437321, user7166160034825, user4181021201798, user8794483655797"
20,2,1,8,0,4915.688,82.875,2.375,12.375,"user19468614708518, user50065457091245"
21,10,0.422,24,0.514,1272.232,44.339,0.393,1,"fevkuiq, buslmigf7dn, anpebsaxgu9, mxvgdscsdfvcsdfsd, labksb49906r, alejkityuoo, bsbwphji4xu, luet671136, rrwtqoji8v5, aleaa0249"
22,2,1,8,0,1006.083,29.833,0,0.167,"ale2r35, ale383279"
23,2,1,8,0,3285.5,67.625,2.375,5.625,"user40875540133678, user1440311073355"
24,2,1,8,0,1085.833,27.667,0.833,0.167,"j.uv586, vghf668"
25,3,1,9,1,1002.889,33.111,0.222,1.667,"kuhar.clair6, gfg6705, hdbjx72"
26,2,1,10,0,856.786,27.429,0.071,0.143,"hi.pnct, ylevkpiubsl"
27,3,0.667,22,0,1086.095,26.952,0.571,0.143,"user8753242872061, jjdjdd911, shfjjg4"
28,3,0.667,17,0,828.182,29.136,0.318,0.318,"lhodsrr, user9960965670038, xnjjehj"
29,2,1,9,0,1446.867,61.667,0.867,5.667,"suoxin2, cihohsqwfi"
30,2,1,10,0,913.467,34.333,0.267,0.333,"if.en.is.fam, skkfdxh"
31,2,1,8,0,746.364,18.818,0.091,0,"hootchxs, frd7456"
32,2,1,8,0,627.273,14,0.091,0.182,"jfkdkdk54, ohchocx"
33,2,1,8,0,1338.533,64.933,0.867,1.8,"huddkser, qkehrewa"
34,2,1,8,0,1714.625,71.188,1.875,4.438,"hwj.nsks, bff.gff0"
35,9,0.333,38,0.429,8605.633,134.933,2.367,2.567,"akkaanav.risksjsg, aed75787, debran.oxonrp86, aed3660, aed7p4, hoeg.huan, debran.oxonrp81, bate.hynda, lwandiswamsithini"
36,5,0.6,25,0.6,2140.217,50.883,1.1,2.517,"user12390941773567, user4473161544200, dhcfgggfhu, usbkjggb6819, user6812280201318"
37,5,0.5,35,0.429,1713.033,31.4,0.983,0.9,"mlyeejyn, odokskjsjh, user21677638672342, ghvvhvcgvvccf, user1433469988696"
38,5,0.4,38,0,2567.678,50.203,2.034,1.763,"bcjeibox, nkddaram, jsjsjksmsmsk, cghvhhj6, ghzdxbj"
39,3,1,15,1,1942.45,49.65,0.65,0.35,"fkfdnd, mua29840, ushddhd11"
40,6,0.533,25,0.667,1884.395,108.419,1.721,3.535,"fjyukfjjf, cx.b28, gf.nj97, djm9r, hdidkser0, yiitsukb"
41,3,0.667,16,0,2225,81.136,1.909,1.273,"prtnr8, geievertu8, rosacasey65"
42,2,1,8,0,2254.867,97.4,1.933,3.2,"user2810315813972, vaigg0"
43,2,1,20,0,736.5,39.938,0.188,0.5,"nassralanijw1hlg, user3758269061970"
44,2,1,13,0,8441.739,297.609,13.783,4.87,"djskgikeejk8, mdsdz2"
45,2,1,8,0,9571.688,367.25,5.25,7.938,"aedfjats, oscar.kennedy48"
46,2,1,9,0,1900.636,93.818,1.545,1,"tiantianguom317, luckyphone320"
47,2,1,10,0,23355.786,455.857,10.643,6.929,"lanora.haskely, carlos.alberto.al886"
48,4,0.5,29,0,11052.692,221.615,7.962,8.577,"khanh.phukhh, ilges.estelwei, emory.drawehj, sun.lilym"
49,2,1,8,0,3285.385,72.154,1.154,2.538,"cxd.shd, phong.ngoc76"
50,8,0.643,36,0.718,1267.247,42.688,0.301,0.398,"fhda78402, drgd8391, jkuy0534, ghhj8554, bvoo3130, dijx3903, okay11732, ytrq8081"
51,5,0.8,22,0.789,661.029,23.441,0.088,0.471,"jccj44506, eiej4325, twkg9813, gjhg8047, uest1280"
52,2,1,9,0,906.583,53.167,0.75,0.75,"kjuq5904, twvs4521"
53,9,0.444,51,0.574,600.396,27.75,0.531,0.458,"bkot6010, isgs5669, fhxk1941, isce0690, usjg2117, tugx2917, givi0331, wive0570, wiqg8225"
54,3,1,36,1,2037.892,155.514,0.324,0.459,"qdcieh, hojdmc, reddit_grayson99"
55,6,1,12,1,1153.594,75,0.344,0.406,"ciojkb, kranaa9, ecucbt, kubjij, pewpua2, reddit_debbie"
56,9,0.361,54,0.621,993.448,49.365,0.396,0.625,"dhhi6645, hrsy60677, tiut0219, fiir2712, fkir2290, ufsc8075, cjur6297, cjire9104, urdu9708"
57,4,0.5,63,0,1367.905,58.667,0.333,1.548,"clirr5282, gjguq6894, fnnf8890, sooz6329"
58,4,0.833,24,0.75,1632.409,65.773,0.364,0.636,"coirf88774, courr1227, gour2295, voie3340"
59,12,0.485,29,0.755,2180.412,83.132,0.559,0.206,"fjcjbho58, gxhx514, liaojiuyu, ndhfs844, gohdr4367, nidaye81, opgse4909, hgidsi, qvcka2481, tookg4664, bxkke4723, xlhxhlxlh8"
60,10,0.511,26,0.721,1116.418,55.873,0.764,0.436,"kacbr2774, djisks96, hxjdsj34, cnatk3189, ncsfo3287, hzhdhs, 1yrogls, snoshsj, bxjxhxt, ndork4782"
61,7,0.381,32,0.25,1319.878,64.341,1.024,0.341,"cjdjfcn, vxkaw3274, g.in.cgn, hdksp6389, bxjzjsns0, nxpsa4288, avelina.asucen"
62,3,1,10,1,1262,39.647,0.706,0.647,"mjbwysq6, wevbocr, ztctmxt"
63,2,1,8,0,1957.417,114.5,0.833,0.417,"maemeg7, nqkwvc"
64,2,1,10,0,1229.75,34.667,0.583,0.417,"ljpjvh, oljclk"
65,2,1,11,0,2376.083,99.75,1.583,0.75,"htjzwe4, refine74"
66,2,1,12,0,1430,55.75,1.5,0.833,"nzohwh, oxkops7"
67,2,1,8,0,4248.364,148.273,1.273,0.727,"3mbfklb, wnsao4288"
68,5,0.5,30,0.5,2507.448,100.241,0.931,0.552,"evfdmzl, bixukf, kdywnty, awmilke, xcwvym2"
69,2,1,8,0,1081.25,43.625,0.375,0.125,"tnyykh, viiownp8"
70,2,1,8,0,933.667,31.083,0.333,0.083,"labaam4, zegtzgy"
71,2,1,8,0,1239.625,55.25,0.125,0.125,"ufqtjw, gjbmtj6"
72,3,0.667,50,0,41772.63,4218.778,149.333,293.241,"lush_queen120, sweet_babyc120, amazing_seeet120"
73,2,1,23,0,1371.778,84.889,8.889,3.648,"cutequeen_driver120, chummi_queen1"
74,3,0.667,27,0,2667.7,227.46,14.32,11.86,"xchinaqueen5, xchinaqueen3, xchinaqueen8"
75,2,1,8,0,3344.536,420.893,13.464,27.393,"china_cutegirl22, username.12365478"
76,3,0.667,29,0,45127.457,336.674,11.022,32.696,"kamlisarkar_0, username.12345301, username.1545465"
77,2,1,10,0,39649.292,1302.5,37.75,41.875,"china_deriver_60, chuma_g1"
78,2,1,10,0,1787.429,87.786,1.071,4.571,"guch008, user19103225080680"
79,2,1,12,0,1759.188,27.812,0.062,1.5,"kduudk6, ukfee8"
80,2,1,8,0,1795.25,52.625,10.75,58.125,"huahua88883, yuexue02"
81,2,1,8,0,1251.875,32.75,2,2.625,"hjbfgj67, kzfqxvnyulyciv"
82,5,0.6,16,0.333,75230.75,6542,210.75,1002.6,"fsmcghkvdqqm, byppp.text11, laicai.reddit, crmrgfhhvxwmp, yiwxjsjxpoewm"
83,4,1,8,1,1324.875,71.812,3.75,6.625,"gkuhik, nij0030, sunnybarrows, yyvlcropyjdql"
84,2,1,8,0,1272.75,90.25,2.5,5.125,"aehr9261, mina.12558"
85,2,1,8,0,1062.375,59.625,1.25,2.875,"aed8564, dempseyhuntington2002"
86,8,0.571,28,0.737,2796.916,23.326,0.147,3.211,"user31473805812777, cvjbvgujh, oeivoppc, user3034858843569, izbktlfq, user3782324049429, user4623873316361, bdhjddbjrjej"
87,2,1,10,0,1826.706,12.059,0.118,2.882,"cfndhfch, hoglbjlvil"
88,2,1,10,0,2331.889,14.833,1.444,6.778,"injjzxvr, pehcpohz"
89,3,0.667,19,0,8876.905,88.524,2.524,0.762,"huydhfhyyxd, mariencassano, rfgfghf1"
90,3,1,30,1,12963.75,160.528,8.806,15.444,"lnppoe, reddit_ignatius8, shbsdd2"
91,5,0.7,19,0.643,916.806,63.677,1.032,0.774,"gheoe8, itsstj2, rtikb3, vsuau5, wsbhd0"
92,11,0.255,64,0.517,13514.833,645.083,6.143,15.536,"dghhg372, hurrryu, fulknm, oshasg, sfagnd, tessh95, jspsns3, eyidk5, gdjdi63, tug35587, wsfj4"
93,5,0.7,22,0.643,52810.125,1719.3,13.275,13.05,"owuhwh, hfstil3, ndmsl15, iuwgeh, zvjsl"
94,5,0.8,20,0.789,5606,196.2,1.833,1.5,"hkmdrr, fbnggg2, nfjsk12, fgijg467, akksdb4"
95,7,1,22,1,488.185,20.741,0.407,0.241,"eqxela7, utoxwqg, ldaphc, dtxijq, jecxsz, zesysmj, zysmpbz"
96,18,0.895,32,0.992,1000.574,27.568,0.216,0.758,"eqmhqf, puhrra, bpgarp, pbpktw, idpeoc, dtbtcc8, sqifhw, bipiqo, hltuoq, hidouo, lhqitc, arffug, gclqse, hdmjwo1, lejaad2, rtwgui, ucdrmh, wgslhe"
97,2,1,9,0,370.733,15.4,0.2,0.2,"mnoojt, objlhmtjemu"
98,2,1,9,0,272.625,10.125,0,0.5,"qvkjmf, ewscnn"
99,2,1,9,0,140.667,6.667,0,0,"eohwvh, user9701082465142"
100,3,0.667,18,0,208,10.333,0,0.222,"mmsauw3, qtilwj, tmtgoa"
101,2,1,8,0,555.529,16.294,0.118,0,"hhdhuwp, nqiwmj"
102,3,1,10,1,13089.4,212.05,3.7,3.6,"hdicok57, aediubt, hfigi61"
103,3,1,12,1,658.364,16.455,0.636,2.591,"lucyedmonson5, suzannefigueroa76, valeriemunoz413"
104,2,1,9,0,988.667,38,0.667,5.667,"khayrikasibmansou, afrah.wahibah.naz"
105,3,1,16,1,979.389,25.833,0.667,5.667,"labib.zain.hajjar, nisrin.yusraa.sha, thuwaibah.dad.rah"
106,2,1,9,0,1092.143,60,1,9.857,"safiyyah.iftikar, nasiha.buthainah"
107,4,0.833,17,0.75,964.417,23.833,0.5,9.75,"ludwin.keith, ayanna.kelekele, natalie.acosta88, constantinos.hard"
108,3,1,9,1,287.222,5,0.111,0,"clwooh, jibelm5, lncbgk"
109,4,0.5,31,0,96.018,14.632,2.596,0,"moderngril5, dogsfan7, beautifulseen30, grilofchina"
110,3,0.667,25,0,93.214,21.833,3.333,0.048,"cardriving139, beautiful46h, modernofuk"
