"Account","Network","Unique Shares","Avg Time Between Shares (sec)","Edge Symmetry Score","Degree","Strength","Betweenness","Avg Views","Avg Likes","Avg Comments","Avg Shares"
"<a href=""https://tiktok.com/@2thgkvjd"" target=""_blank"">@2thgkvjd</a>",52,6,54.556,1,2,18,0,1896.333,132.167,1.333,0.167
"<a href=""https://tiktok.com/@2tiktohdh"" target=""_blank"">@2tiktohdh</a>",51,6,36.85,0.929,2,18,0,1015.333,39.667,0.167,0
"<a href=""https://tiktok.com/@41ghqq"" target=""_blank"">@41ghqq</a>",51,6,46.413,0.929,2,18,0,1225.333,34.667,0.333,0
"<a href=""https://tiktok.com/@4hgkdjf"" target=""_blank"">@4hgkdjf</a>",52,5,54.389,1,2,17,0,1439,102.6,1.8,0.2
"<a href=""https://tiktok.com/@adam.hoyt"" target=""_blank"">@adam.hoyt</a>",79,5,58.741,0.857,2,21,0,965.2,24.4,0.8,2
"<a href=""https://tiktok.com/@aed0267"" target=""_blank"">@aed0267</a>",26,9,51.299,0.866,3,44,0,2547.333,77.556,0.222,1.444
"<a href=""https://tiktok.com/@aed2750"" target=""_blank"">@aed2750</a>",26,6,46.314,0.933,3,37,0,2142.5,29,0.333,0.833
"<a href=""https://tiktok.com/@aed3660"" target=""_blank"">@aed3660</a>",14,7,76.889,0.857,1,9,0,18490.286,134,2.286,3.286
"<a href=""https://tiktok.com/@aedgslpxjx"" target=""_blank"">@aedgslpxjx</a>",12,7,56.73,0.926,5,47,0,2321.429,30.857,0.143,0.143
"<a href=""https://tiktok.com/@aedhdici"" target=""_blank"">@aedhdici</a>",8,6,42.5,1,2,16,0,3870.5,98.667,6,75
"<a href=""https://tiktok.com/@aedhdjcoof"" target=""_blank"">@aedhdjcoof</a>",12,6,46.125,0.917,2,16,0,4015.25,102.25,1.625,1.25
"<a href=""https://tiktok.com/@akkaanav.risksjsg"" target=""_blank"">@akkaanav.risksjsg</a>",13,7,44.75,1,1,8,0,3803.625,57,0,1.5
"<a href=""https://tiktok.com/@amazing_seeet120"" target=""_blank"">@amazing_seeet120</a>",29,7,92.214,0.833,1,14,0,2675.214,101.286,10.143,5.714
"<a href=""https://tiktok.com/@arffug"" target=""_blank"">@arffug</a>",69,8,60.296,1,3,27,0,1869.125,67.25,0.625,1.5
"<a href=""https://tiktok.com/@aseng.haymong"" target=""_blank"">@aseng.haymong</a>",37,4,31.625,1,2,16,0,2124,70.5,0.5,2.5
"<a href=""https://tiktok.com/@awmilke"" target=""_blank"">@awmilke</a>",54,4,24.25,1,1,8,0,1462.25,49.75,0.25,0
"<a href=""https://tiktok.com/@ayanna.kelekele"" target=""_blank"">@ayanna.kelekele</a>",78,6,47.185,0.905,3,28,0,1530.167,29.833,1,4
"<a href=""https://tiktok.com/@ayden.riverad"" target=""_blank"">@ayden.riverad</a>",7,8,59.093,0.821,3,25,0,4578.25,91.625,1.25,0.75
"<a href=""https://tiktok.com/@barakah.yasmine.s"" target=""_blank"">@barakah.yasmine.s</a>",74,6,25.456,0.9,2,24,0,1350.111,16.778,1.111,4.444
"<a href=""https://tiktok.com/@battl.kray"" target=""_blank"">@battl.kray</a>",27,8,56.161,0.834,8,100,0,8241,153,0.25,0.625
"<a href=""https://tiktok.com/@bdjsbsk4"" target=""_blank"">@bdjsbsk4</a>",57,6,37.547,0.911,5,57,0,2468.833,60.667,0.667,0.5
"<a href=""https://tiktok.com/@be.jkigv"" target=""_blank"">@be.jkigv</a>",1,4,36,1,1,8,0,5043.75,117.75,2.75,1
"<a href=""https://tiktok.com/@beautiful46h"" target=""_blank"">@beautiful46h</a>",81,8,56.649,0.675,2,25,0,720.6,97.9,8.3,1.5
"<a href=""https://tiktok.com/@benedossie2"" target=""_blank"">@benedossie2</a>",27,7,52.337,0.853,8,83,0,5381.857,54.143,0.857,1
"<a href=""https://tiktok.com/@berez.paulo"" target=""_blank"">@berez.paulo</a>",17,3,47.185,1,3,27,0,2367.667,42.667,0,0
"<a href=""https://tiktok.com/@bfihc"" target=""_blank"">@bfihc</a>",8,7,44.35,0.929,2,18,0,4559.143,101.714,0.429,1.429
"<a href=""https://tiktok.com/@bgfddf8888"" target=""_blank"">@bgfddf8888</a>",9,5,50.667,0.875,1,9,0,3856.4,114.6,2,4.8
"<a href=""https://tiktok.com/@bierc.wendyp"" target=""_blank"">@bierc.wendyp</a>",71,5,42.25,1,1,8,0,4133.571,83.286,2.857,43.857
"<a href=""https://tiktok.com/@bipiqo"" target=""_blank"">@bipiqo</a>",70,10,33.176,0.952,6,74,0,3695,82,0.1,1.6
"<a href=""https://tiktok.com/@bjspsp"" target=""_blank"">@bjspsp</a>",65,4,68.5,1,1,8,0,6000.143,114.571,6.286,1.571
"<a href=""https://tiktok.com/@bkot6010"" target=""_blank"">@bkot6010</a>",39,6,62.917,1,3,35,0,1771.111,55.889,0.556,4.778
"<a href=""https://tiktok.com/@bmc12655"" target=""_blank"">@bmc12655</a>",1,8,50.099,0.908,7,74,0,2984,102.5,0.875,6.25
"<a href=""https://tiktok.com/@bpgarp"" target=""_blank"">@bpgarp</a>",70,10,59.708,0.972,6,77,0,1933.5,22.9,0.5,0.2
"<a href=""https://tiktok.com/@bsjj8797"" target=""_blank"">@bsjj8797</a>",15,3,49.938,1,2,17,0,1487,20.333,0,0.667
"<a href=""https://tiktok.com/@bsnsnsk.bznnsjf"" target=""_blank"">@bsnsnsk.bznnsjf</a>",11,6,28.25,1,1,8,0,1542.286,94.714,11.714,49.571
"<a href=""https://tiktok.com/@bvoo3130"" target=""_blank"">@bvoo3130</a>",38,12,68.52,1,6,113,0,3067.75,63.667,1.417,1
"<a href=""https://tiktok.com/@bxkke4723"" target=""_blank"">@bxkke4723</a>",57,4,50.297,0.845,4,43,0,643.75,19.75,0,0
"<a href=""https://tiktok.com/@bxuzba"" target=""_blank"">@bxuzba</a>",50,4,52.75,1,2,16,0,346.75,12,0.25,0
"<a href=""https://tiktok.com/@bzsksk1"" target=""_blank"">@bzsksk1</a>",47,6,65.111,0.944,2,18,0,9470.833,395.333,6.5,2.667
"<a href=""https://tiktok.com/@carbloggera"" target=""_blank"">@carbloggera</a>",15,3,51.778,1,2,18,0,1055.833,65.167,0.167,0
"<a href=""https://tiktok.com/@cardriving139"" target=""_blank"">@cardriving139</a>",81,7,68.111,0.6,1,9,0,130.455,26.636,4.182,0.182
"<a href=""https://tiktok.com/@carlos.alberto.al886"" target=""_blank"">@carlos.alberto.al886</a>",37,4,33.25,1,2,16,0,1372.75,48.5,0.75,0.25
"<a href=""https://tiktok.com/@cbjf05"" target=""_blank"">@cbjf05</a>",7,8,54.736,0.71,3,25,0,3475.125,61,0.375,0.625
"<a href=""https://tiktok.com/@cbske2477"" target=""_blank"">@cbske2477</a>",46,6,42.625,1,1,8,0,926.167,41.5,0.167,0
"<a href=""https://tiktok.com/@cfndhfch"" target=""_blank"">@cfndhfch</a>",61,9,60.173,0.886,3,46,0,2190.889,6.667,0,2.667
"<a href=""https://tiktok.com/@cghwqj"" target=""_blank"">@cghwqj</a>",86,4,59.25,1,1,8,0,3273.25,62.75,1.5,0
"<a href=""https://tiktok.com/@chantalkusch"" target=""_blank"">@chantalkusch</a>",1,6,55.9,0.875,1,10,0,2311.75,76.125,2.125,8.125
"<a href=""https://tiktok.com/@chcjg0"" target=""_blank"">@chcjg0</a>",9,6,50.667,0.875,1,9,0,8609.25,121.375,10.625,108.125
"<a href=""https://tiktok.com/@chdg050"" target=""_blank"">@chdg050</a>",2,8,72.889,1,1,9,0,2520.375,74.125,0.75,4.75
"<a href=""https://tiktok.com/@china_cutegirl22"" target=""_blank"">@china_cutegirl22</a>",32,7,102.556,0.75,1,9,0,4393.136,360.227,10.455,34.091
"<a href=""https://tiktok.com/@chummi_queen1"" target=""_blank"">@chummi_queen1</a>",30,14,82.645,0.583,2,27,0,5807.486,405.943,19.171,39.629
"<a href=""https://tiktok.com/@ciojkb"" target=""_blank"">@ciojkb</a>",42,12,20.269,0.939,10,216,0,2517.917,116.333,0.333,0.583
"<a href=""https://tiktok.com/@ciucfyictci"" target=""_blank"">@ciucfyictci</a>",55,4,45.5,1,3,24,0,1997,112,0.75,0.75
"<a href=""https://tiktok.com/@cjdfndrh"" target=""_blank"">@cjdfndrh</a>",46,5,42.625,1,1,8,0,988.8,24,0.6,0.2
"<a href=""https://tiktok.com/@cjur6297"" target=""_blank"">@cjur6297</a>",43,3,44.778,1,3,27,0,1565.333,63.333,0.333,0
"<a href=""https://tiktok.com/@clirr5282"" target=""_blank"">@clirr5282</a>",45,3,85.125,1,1,8,0,967,54.667,0.667,4.667
"<a href=""https://tiktok.com/@constantinos.hard"" target=""_blank"">@constantinos.hard</a>",78,6,55.342,0.732,2,26,0,1497.833,39.667,1.667,11.167
"<a href=""https://tiktok.com/@craig.harrell0"" target=""_blank"">@craig.harrell0</a>",4,7,73.778,0.75,1,9,0,4569.375,135.625,0.375,1
"<a href=""https://tiktok.com/@ctxfso"" target=""_blank"">@ctxfso</a>",84,4,65,1,1,8,0,1607,37,0.25,0
"<a href=""https://tiktok.com/@cuteg895"" target=""_blank"">@cuteg895</a>",81,5,45.188,0.75,1,16,0,482214,14722,219.8,219
"<a href=""https://tiktok.com/@cxd.shd"" target=""_blank"">@cxd.shd</a>",35,8,32.444,1,1,9,0,2979.375,65.625,0.875,1
"<a href=""https://tiktok.com/@dblbel"" target=""_blank"">@dblbel</a>",87,4,74.5,1,1,8,0,1488,36.5,0,0
"<a href=""https://tiktok.com/@dell.oswink"" target=""_blank"">@dell.oswink</a>",10,4,23,1,1,8,0,1722.125,81,0.5,1
"<a href=""https://tiktok.com/@demetriusguerrero"" target=""_blank"">@demetriusguerrero</a>",78,6,45.65,0.88,3,37,0,1226.833,32.333,0.5,4.667
"<a href=""https://tiktok.com/@dghhg372"" target=""_blank"">@dghhg372</a>",63,7,64.879,1,4,38,0,2101.571,145.714,0.571,2.571
"<a href=""https://tiktok.com/@dhcye3177"" target=""_blank"">@dhcye3177</a>",57,4,42.446,1,5,47,0,748.75,29.25,0,0
"<a href=""https://tiktok.com/@dhuolt"" target=""_blank"">@dhuolt</a>",42,6,22.019,0.915,6,108,0,7683.833,167.833,1.833,3.333
"<a href=""https://tiktok.com/@dijx3903"" target=""_blank"">@dijx3903</a>",38,12,67.161,0.972,6,97,0,2365.833,45.75,0.917,0.5
"<a href=""https://tiktok.com/@djbdjfjff"" target=""_blank"">@djbdjfjff</a>",20,8,63.875,0.833,1,8,0,5524.25,155.625,1.25,1.625
"<a href=""https://tiktok.com/@djm9r"" target=""_blank"">@djm9r</a>",3,8,56.186,1,4,43,0,4192.125,101.5,8.75,6.625
"<a href=""https://tiktok.com/@djskgikeejk8"" target=""_blank"">@djskgikeejk8</a>",31,5,48.077,0.833,1,13,0,460.375,22.25,0.375,0.25
"<a href=""https://tiktok.com/@dnakr3818"" target=""_blank"">@dnakr3818</a>",58,3,42,1,1,9,0,1704.667,54.333,0,0
"<a href=""https://tiktok.com/@drgd8391"" target=""_blank"">@drgd8391</a>",38,8,65.126,0.952,3,46,0,905.727,56.909,0.364,1.182
"<a href=""https://tiktok.com/@dtbtcc8"" target=""_blank"">@dtbtcc8</a>",70,10,36.39,1,3,42,0,2188.5,37.9,0.1,3.7
"<a href=""https://tiktok.com/@dtkwod"" target=""_blank"">@dtkwod</a>",22,6,43.2,1,5,48,0,4068.333,182,2.167,1
"<a href=""https://tiktok.com/@dtxijq"" target=""_blank"">@dtxijq</a>",62,4,42.1,1,1,10,0,458.25,24.75,0.5,0
"<a href=""https://tiktok.com/@dvdjsh29"" target=""_blank"">@dvdjsh29</a>",67,7,61.798,1,4,41,0,15026.571,835.143,11.857,4.857
"<a href=""https://tiktok.com/@dytfd65"" target=""_blank"">@dytfd65</a>",58,3,42,1,1,9,0,1137.333,42,0.667,0.667
"<a href=""https://tiktok.com/@eagehh"" target=""_blank"">@eagehh</a>",42,6,19.185,0.95,6,108,0,338.167,14,0.667,0.167
"<a href=""https://tiktok.com/@ecucbt"" target=""_blank"">@ecucbt</a>",42,3,15.667,1,8,72,0,2185,70.667,0,0.333
"<a href=""https://tiktok.com/@eexvnnooyy"" target=""_blank"">@eexvnnooyy</a>",83,8,51.125,0.833,1,8,0,1841,43.778,1.556,1
"<a href=""https://tiktok.com/@eiej4325"" target=""_blank"">@eiej4325</a>",38,12,72.639,0.985,6,88,0,715.833,28.75,0.583,0.083
"<a href=""https://tiktok.com/@emory.drawehj"" target=""_blank"">@emory.drawehj</a>",34,7,54.367,0.889,3,30,0,9063.375,94.25,4.25,1.375
"<a href=""https://tiktok.com/@eqmhqf"" target=""_blank"">@eqmhqf</a>",70,10,59.467,0.972,4,54,0,1232.5,18.2,0.1,0.9
"<a href=""https://tiktok.com/@eqxela7"" target=""_blank"">@eqxela7</a>",62,4,42.1,1,1,10,0,751.25,24.75,0.75,0.5
"<a href=""https://tiktok.com/@eyidk5"" target=""_blank"">@eyidk5</a>",63,6,61.951,1,4,33,0,1305,54,0.167,0.5
"<a href=""https://tiktok.com/@facailllll12138"" target=""_blank"">@facailllll12138</a>",60,6,64.825,0.833,2,23,0,1671.333,246.833,3,1.333
"<a href=""https://tiktok.com/@fafafafafafafacai"" target=""_blank"">@fafafafafafafacai</a>",60,6,82.25,0.667,1,8,0,1674.333,190.167,1.833,1.5
"<a href=""https://tiktok.com/@fcjjv86"" target=""_blank"">@fcjjv86</a>",12,8,57.442,0.943,7,75,0,2722.125,101.125,1.125,1.125
"<a href=""https://tiktok.com/@fdijc3"" target=""_blank"">@fdijc3</a>",1,7,46.328,0.967,5,42,0.001,3314,95.571,0.571,0.143
"<a href=""https://tiktok.com/@fduic5"" target=""_blank"">@fduic5</a>",12,8,62.558,0.899,7,81,0,2924,82.375,0.375,1.125
"<a href=""https://tiktok.com/@fhda78402"" target=""_blank"">@fhda78402</a>",38,12,63.624,1,3,75,0,927.667,60,0.25,0.25
"<a href=""https://tiktok.com/@fhuc22"" target=""_blank"">@fhuc22</a>",16,3,24,0.8,1,9,0,1032.667,28.667,0,0
"<a href=""https://tiktok.com/@fhxk1941"" target=""_blank"">@fhxk1941</a>",39,9,67.889,1,3,45,0,2538.889,97.778,0.444,10.889
"<a href=""https://tiktok.com/@fkfdnd"" target=""_blank"">@fkfdnd</a>",3,6,54.222,1,2,17,0,1161,68.5,1.167,2.667
"<a href=""https://tiktok.com/@fkir2290"" target=""_blank"">@fkir2290</a>",43,3,66.778,1,3,27,0,1280.333,73,0.333,1.333
"<a href=""https://tiktok.com/@flsosi5"" target=""_blank"">@flsosi5</a>",67,7,65.474,1,3,34,0,6069.429,261.429,1.714,2
"<a href=""https://tiktok.com/@fughf21"" target=""_blank"">@fughf21</a>",1,5,45.875,1,2,16,0,5435.857,160,2.143,2.714
"<a href=""https://tiktok.com/@g.in.cgn"" target=""_blank"">@g.in.cgn</a>",53,5,41.333,1,1,9,0,1109,74.8,1.6,0
"<a href=""https://tiktok.com/@gail.olson1"" target=""_blank"">@gail.olson1</a>",59,4,54.125,1,2,16,0,1137.5,48,1,2.5
"<a href=""https://tiktok.com/@gatillocristein6"" target=""_blank"">@gatillocristein6</a>",18,3,53.625,1,1,8,0,4915.333,70,1.333,6.333
"<a href=""https://tiktok.com/@gdghss35"" target=""_blank"">@gdghss35</a>",55,4,60,1,2,16,0,1883.25,79,0.75,0
"<a href=""https://tiktok.com/@gdjdi63"" target=""_blank"">@gdjdi63</a>",64,7,50.962,1,2,26,0,33186.571,1800.429,21.286,24.571
"<a href=""https://tiktok.com/@gduhx01"" target=""_blank"">@gduhx01</a>",12,7,62.833,0.911,7,72,0,4908.429,56.143,1,33.143
"<a href=""https://tiktok.com/@ggih3179"" target=""_blank"">@ggih3179</a>",17,3,45.704,1,3,26,0,2657,25.333,1.667,0
"<a href=""https://tiktok.com/@gheoe8"" target=""_blank"">@gheoe8</a>",63,4,80,1,2,16,0,2061.5,105.75,1,2.25
"<a href=""https://tiktok.com/@ghhj8554"" target=""_blank"">@ghhj8554</a>",38,9,60.225,0.917,6,70,0,1206.917,54.417,0.5,0.333
"<a href=""https://tiktok.com/@givi0331"" target=""_blank"">@givi0331</a>",39,4,72,1,2,18,0,292.889,8.778,0.222,0.333
"<a href=""https://tiktok.com/@gjguq6894"" target=""_blank"">@gjguq6894</a>",45,3,85.125,1,1,8,0,3839,72.333,1,3.667
"<a href=""https://tiktok.com/@gjhg8047"" target=""_blank"">@gjhg8047</a>",38,7,66.054,0.958,4,67,0,921.444,17.222,0.556,0
"<a href=""https://tiktok.com/@gkgfjj1"" target=""_blank"">@gkgfjj1</a>",57,5,52.187,0.967,6,54,0,923.6,21.4,0,0
"<a href=""https://tiktok.com/@gohdr4367"" target=""_blank"">@gohdr4367</a>",57,5,43.463,0.895,8,90,0,1680,64,0.8,0.2
"<a href=""https://tiktok.com/@gooj806"" target=""_blank"">@gooj806</a>",28,9,68.502,0.875,3,41,0,6104,70,1.333,1.556
"<a href=""https://tiktok.com/@govkjhkbb"" target=""_blank"">@govkjhkbb</a>",61,9,50.495,0.875,3,43,0,8073.917,42.917,1.333,6.667
"<a href=""https://tiktok.com/@grilofchina"" target=""_blank"">@grilofchina</a>",80,8,71.167,0.875,1,12,0,120.556,24.667,1.556,0
"<a href=""https://tiktok.com/@gutieyy7"" target=""_blank"">@gutieyy7</a>",3,8,57.733,1,3,36,0,1978.875,103.125,1.375,2.25
"<a href=""https://tiktok.com/@gxhx514"" target=""_blank"">@gxhx514</a>",57,6,47.407,0.916,8,101,0,2700.333,70.167,0.5,0.167
"<a href=""https://tiktok.com/@hciiv26"" target=""_blank"">@hciiv26</a>",5,8,33,0.833,1,10,0,4261,82.75,0.5,1.875
"<a href=""https://tiktok.com/@hdhxh3484"" target=""_blank"">@hdhxh3484</a>",12,7,57.835,0.932,6,58,0,2775.714,58.714,0.286,0.143
"<a href=""https://tiktok.com/@hdicok57"" target=""_blank"">@hdicok57</a>",72,4,51.25,1,1,8,0,3266.625,114.25,3.125,1.375
"<a href=""https://tiktok.com/@hdksp6389"" target=""_blank"">@hdksp6389</a>",50,6,24.283,0.952,3,26,0,1048.5,38.833,1.5,0.5
"<a href=""https://tiktok.com/@hdmjwo1"" target=""_blank"">@hdmjwo1</a>",69,5,69.111,1,2,18,0,1799.125,71.5,1,5.5
"<a href=""https://tiktok.com/@hdr86575"" target=""_blank"">@hdr86575</a>",8,6,44.35,0.929,2,18,0,2642.25,42.375,0.25,1.375
"<a href=""https://tiktok.com/@hds.hy"" target=""_blank"">@hds.hy</a>",55,4,44.375,1,2,16,0,2352.25,80,4,0
"<a href=""https://tiktok.com/@hdvhds4"" target=""_blank"">@hdvhds4</a>",50,5,7.875,1,1,8,0,1051.4,74.4,1,0.2
"<a href=""https://tiktok.com/@hfigi61"" target=""_blank"">@hfigi61</a>",72,4,51.25,1,1,8,0,6774.75,184.125,3,0.875
"<a href=""https://tiktok.com/@hfstil3"" target=""_blank"">@hfstil3</a>",64,7,54.583,1,1,12,0,5036.714,235.143,2.714,2.571
"<a href=""https://tiktok.com/@hidouo"" target=""_blank"">@hidouo</a>",70,7,29.121,0.933,4,45,0,1051.429,15.857,0,0.286
"<a href=""https://tiktok.com/@hltuoq"" target=""_blank"">@hltuoq</a>",70,7,20.45,0.933,4,41,0,2651.143,35.429,0.429,1
"<a href=""https://tiktok.com/@hoeg.huan"" target=""_blank"">@hoeg.huan</a>",13,7,44.75,1,1,8,0,4022,28.143,0.286,0.143
"<a href=""https://tiktok.com/@hoglbjlvil"" target=""_blank"">@hoglbjlvil</a>",61,6,45.92,0.915,3,31,0,12372.833,81.5,0.667,97.833
"<a href=""https://tiktok.com/@hojdmc"" target=""_blank"">@hojdmc</a>",42,12,17.614,0.974,10,216,0,1158.5,145.5,0.167,0.75
"<a href=""https://tiktok.com/@hrsy60677"" target=""_blank"">@hrsy60677</a>",44,3,57.333,1,1,9,0,373,15,0,0.333
"<a href=""https://tiktok.com/@hullen.nguyen"" target=""_blank"">@hullen.nguyen</a>",6,8,39.375,1,1,8,0,4388.625,63.875,2.125,0.75
"<a href=""https://tiktok.com/@hurrryu"" target=""_blank"">@hurrryu</a>",63,4,56.875,1,2,16,0,2661.167,117.833,0.5,0.833
"<a href=""https://tiktok.com/@hwvrok"" target=""_blank"">@hwvrok</a>",49,4,47.75,1,1,8,0,4448,77.75,2.25,1.5
"<a href=""https://tiktok.com/@hzjsjs897"" target=""_blank"">@hzjsjs897</a>",55,4,59.75,1,1,8,0,3339.5,255,1,1
"<a href=""https://tiktok.com/@ianboone74"" target=""_blank"">@ianboone74</a>",59,4,63.75,1,1,8,0,1600,60.25,1.25,4
"<a href=""https://tiktok.com/@idhd139"" target=""_blank"">@idhd139</a>",5,8,40.875,0.917,2,18,0,1271.125,63,0.5,0.375
"<a href=""https://tiktok.com/@idpeoc"" target=""_blank"">@idpeoc</a>",70,10,56.831,0.905,3,39,0,3240.5,63.6,0.2,1.1
"<a href=""https://tiktok.com/@ilges.estelwei"" target=""_blank"">@ilges.estelwei</a>",34,8,40.306,0.896,3,34,0,3714.125,79,0.75,1.5
"<a href=""https://tiktok.com/@irdc042"" target=""_blank"">@irdc042</a>",1,6,42.096,0.958,3,27,0,3204.625,125,2.125,6.875
"<a href=""https://tiktok.com/@isce0690"" target=""_blank"">@isce0690</a>",41,6,70.6,0.833,1,15,0,996.222,43.111,0.333,0.222
"<a href=""https://tiktok.com/@isgsjdj0"" target=""_blank"">@isgsjdj0</a>",67,6,59.727,0.857,1,11,0,55386.833,3768.5,11.833,24.5
"<a href=""https://tiktok.com/@itsstj2"" target=""_blank"">@itsstj2</a>",63,4,72,1,1,8,0,912.75,40.25,0.75,0.25
"<a href=""https://tiktok.com/@iuwgeh"" target=""_blank"">@iuwgeh</a>",65,7,70.519,1,2,21,0,2779.429,95.714,2,0.286
"<a href=""https://tiktok.com/@jajsjsn56"" target=""_blank"">@jajsjsn56</a>",26,6,46.553,0.93,3,42,0,38493.444,855.111,2.556,22.667
"<a href=""https://tiktok.com/@jbhghj2"" target=""_blank"">@jbhghj2</a>",36,6,58.5,1,2,16,0,3878.375,59.25,1.5,1.25
"<a href=""https://tiktok.com/@jccj44506"" target=""_blank"">@jccj44506</a>",38,12,61.134,0.955,4,82,0,303.75,6.083,0.417,0.833
"<a href=""https://tiktok.com/@jdjsbs94"" target=""_blank"">@jdjsbs94</a>",48,6,25.375,1,1,8,0,20207.333,661.333,3.667,2.333
"<a href=""https://tiktok.com/@jdpxorjf"" target=""_blank"">@jdpxorjf</a>",1,8,55.162,0.966,7,66,0,3789.375,164.125,0.25,1.375
"<a href=""https://tiktok.com/@jelejeh1"" target=""_blank"">@jelejeh1</a>",66,7,33.667,1,1,9,0,8694.429,548.714,4.714,3.857
"<a href=""https://tiktok.com/@jenny.garrett65"" target=""_blank"">@jenny.garrett65</a>",78,6,46.866,0.891,4,43,0,58788.5,1172.333,39.833,239.833
"<a href=""https://tiktok.com/@jfkovj5"" target=""_blank"">@jfkovj5</a>",1,8,64.402,1,4,46,0,2333.25,86.25,0.875,0.375
"<a href=""https://tiktok.com/@jkuy0534"" target=""_blank"">@jkuy0534</a>",38,10,55.76,0.929,2,25,0,1888.75,99.75,0.5,2.417
"<a href=""https://tiktok.com/@jsosjxj8"" target=""_blank"">@jsosjxj8</a>",1,7,46.468,0.836,4,41,0,1201.429,46.143,1.143,0.714
"<a href=""https://tiktok.com/@jtcytxyzey"" target=""_blank"">@jtcytxyzey</a>",1,6,46.5,1,1,8,0,15911.25,836.75,3.25,1.5
"<a href=""https://tiktok.com/@jvhb240"" target=""_blank"">@jvhb240</a>",26,8,57.396,0.936,3,49,0,10752.625,204.5,0.625,2.5
"<a href=""https://tiktok.com/@jvtvc3"" target=""_blank"">@jvtvc3</a>",28,7,56.471,0.871,3,39,0,12820.714,196.714,1.143,5.571
"<a href=""https://tiktok.com/@jxgxi8"" target=""_blank"">@jxgxi8</a>",52,5,60.852,0.958,3,26,0,1075.4,49.6,1.2,0.8
"<a href=""https://tiktok.com/@kamlisarkar_0"" target=""_blank"">@kamlisarkar_0</a>",32,6,97.273,0.8,1,11,0,1191.667,34.238,3.476,0.286
"<a href=""https://tiktok.com/@kdywnty"" target=""_blank"">@kdywnty</a>",54,4,24.25,1,1,8,0,1524.5,59.5,0.5,0
"<a href=""https://tiktok.com/@kenitra.angliaf"" target=""_blank"">@kenitra.angliaf</a>",10,6,23,1,1,8,0,1133.857,62,0.571,1
"<a href=""https://tiktok.com/@khanh.dao61"" target=""_blank"">@khanh.dao61</a>",25,4,53.2,0.75,1,10,0,5491.25,63.25,0.5,2.5
"<a href=""https://tiktok.com/@kjuq5904"" target=""_blank"">@kjuq5904</a>",38,12,59.4,1,5,63,0,1188.75,78,1.083,0.167
"<a href=""https://tiktok.com/@kranaa9"" target=""_blank"">@kranaa9</a>",42,3,15.292,0.95,8,72,0,1845.667,53,0,1.333
"<a href=""https://tiktok.com/@krissityann"" target=""_blank"">@krissityann</a>",59,4,55.25,1,4,32,0,725.5,20.75,0.5,0.5
"<a href=""https://tiktok.com/@krug011"" target=""_blank"">@krug011</a>",1,8,49.037,0.903,3,27,0,18453.375,313.5,120.5,147
"<a href=""https://tiktok.com/@ksndfmggf"" target=""_blank"">@ksndfmggf</a>",21,8,57.25,0.873,2,18,0,3014.375,95,1.625,0
"<a href=""https://tiktok.com/@kubjij"" target=""_blank"">@kubjij</a>",42,12,20.289,0.964,10,216,0,1291.583,128.667,0.667,1
"<a href=""https://tiktok.com/@kyfg6663"" target=""_blank"">@kyfg6663</a>",36,5,32.3,0.833,1,10,0,2512.143,40.714,0.714,0.857
"<a href=""https://tiktok.com/@labaam4"" target=""_blank"">@labaam4</a>",85,4,16.25,1,1,8,0,1406.75,36,0.5,0
"<a href=""https://tiktok.com/@labon.marenm"" target=""_blank"">@labon.marenm</a>",11,6,28.25,1,1,8,0,2236,81.875,1.25,33.875
"<a href=""https://tiktok.com/@lahab.fakhiri.ari"" target=""_blank"">@lahab.fakhiri.ari</a>",77,3,54.125,1,1,8,0,1091.167,12.167,0.5,1.333
"<a href=""https://tiktok.com/@landscape5670"" target=""_blank"">@landscape5670</a>",22,8,50.242,0.949,5,53,0,3144.25,161.125,0.875,1.375
"<a href=""https://tiktok.com/@lanora.haskely"" target=""_blank"">@lanora.haskely</a>",37,4,33.125,1,2,16,0,4845.8,77.2,0.2,2.8
"<a href=""https://tiktok.com/@lashay.fornasaro"" target=""_blank"">@lashay.fornasaro</a>",79,6,51.008,0.938,2,23,0,1072.5,40,0.167,11.833
"<a href=""https://tiktok.com/@laurengomezl"" target=""_blank"">@laurengomezl</a>",78,5,33.671,0.812,2,24,0,84972.6,3084.4,65.4,1374.2
"<a href=""https://tiktok.com/@lawgray3"" target=""_blank"">@lawgray3</a>",27,8,56.177,0.86,8,94,0,3258.375,98.625,0.875,1.75
"<a href=""https://tiktok.com/@lhqitc"" target=""_blank"">@lhqitc</a>",70,7,20.232,0.929,4,40,0,2409,33,0,0.143
"<a href=""https://tiktok.com/@liaojiuyu"" target=""_blank"">@liaojiuyu</a>",57,8,46.529,0.923,8,104,0,1405.875,40.625,0.375,0.125
"<a href=""https://tiktok.com/@lin689668987"" target=""_blank"">@lin689668987</a>",24,5,56.333,0.818,1,15,0,2163.25,51.125,1.875,1.25
"<a href=""https://tiktok.com/@lnppoe"" target=""_blank"">@lnppoe</a>",68,6,33.197,0.9,2,20,0,35724.222,431.667,19,53
"<a href=""https://tiktok.com/@ludwin.keith"" target=""_blank"">@ludwin.keith</a>",78,6,59.439,0.887,4,42,0,2347,38,1.833,6.167
"<a href=""https://tiktok.com/@lwandiswamsithini"" target=""_blank"">@lwandiswamsithini</a>",14,8,76.889,0.857,1,9,0,5030.375,50,3.25,0.875
"<a href=""https://tiktok.com/@lxjjc"" target=""_blank"">@lxjjc</a>",12,5,61.104,0.804,2,17,0,3923.5,49.667,0.167,0
"<a href=""https://tiktok.com/@mdsdz2"" target=""_blank"">@mdsdz2</a>",31,6,48.077,0.833,1,13,0,7781.6,332.7,25.9,3.1
"<a href=""https://tiktok.com/@meggie.y"" target=""_blank"">@meggie.y</a>",48,6,25.375,1,1,8,0,1412.167,62.167,1.167,0
"<a href=""https://tiktok.com/@melissahrenteria"" target=""_blank"">@melissahrenteria</a>",75,3,52.667,0.8,1,9,0,1482.167,14.333,0.5,1.833
"<a href=""https://tiktok.com/@miss.bordner"" target=""_blank"">@miss.bordner</a>",6,8,39.375,1,1,8,0,2845,71.75,1.875,0.875
"<a href=""https://tiktok.com/@moderngril5"" target=""_blank"">@moderngril5</a>",80,7,59.538,0.889,1,13,0,202.571,38.571,8,0
"<a href=""https://tiktok.com/@modernofuk"" target=""_blank"">@modernofuk</a>",80,8,65.353,0.882,2,25,0,138.222,38.111,6.778,0.111
"<a href=""https://tiktok.com/@monalisa7988"" target=""_blank"">@monalisa7988</a>",17,3,45.481,1,3,26,0,1387.25,23.5,0,0.25
"<a href=""https://tiktok.com/@muhammad.dawi20"" target=""_blank"">@muhammad.dawi20</a>",75,7,59.917,0.757,2,17,0,736,27.429,1.143,8.286
"<a href=""https://tiktok.com/@mvbdanqi"" target=""_blank"">@mvbdanqi</a>",60,6,47.4,1,1,15,0,1077.5,84.833,0.333,0.333
"<a href=""https://tiktok.com/@nfyk.emma"" target=""_blank"">@nfyk.emma</a>",59,4,35.125,1,2,16,0,987.6,55,1.4,1.6
"<a href=""https://tiktok.com/@nhi.vo585"" target=""_blank"">@nhi.vo585</a>",25,6,49.286,0.821,3,33,0,5000.667,52.333,0.5,0.333
"<a href=""https://tiktok.com/@nhienchau41"" target=""_blank"">@nhienchau41</a>",25,5,51.75,0.917,2,20,0,6822.6,35.2,0.2,1.4
"<a href=""https://tiktok.com/@nidaye81"" target=""_blank"">@nidaye81</a>",57,4,48.122,0.804,4,41,0,1585.5,122.5,0,0.5
"<a href=""https://tiktok.com/@nkddaram"" target=""_blank"">@nkddaram</a>",83,9,51.125,0.833,1,8,0,3000.778,51.778,0.778,0.889
"<a href=""https://tiktok.com/@nxpsa4288"" target=""_blank"">@nxpsa4288</a>",50,6,40.862,0.929,2,18,0,1018.833,38.833,0.167,1
"<a href=""https://tiktok.com/@objlhmtjemu"" target=""_blank"">@objlhmtjemu</a>",69,6,65.852,1,3,27,0,2262.571,93.571,2,9.143
"<a href=""https://tiktok.com/@okay11732"" target=""_blank"">@okay11732</a>",38,9,65.23,0.933,5,59,0,1275.5,60.417,0,1.5
"<a href=""https://tiktok.com/@olando.mayo"" target=""_blank"">@olando.mayo</a>",79,6,54.567,0.795,2,22,0,1942.667,22.667,1.167,7
"<a href=""https://tiktok.com/@olivia.ava.davis"" target=""_blank"">@olivia.ava.davis</a>",74,5,42.688,1,2,16,0,661.4,18.6,1.8,1.2
"<a href=""https://tiktok.com/@oljclk"" target=""_blank"">@oljclk</a>",49,4,47.75,1,1,8,0,1573.75,31,0.25,0
"<a href=""https://tiktok.com/@osb.remo"" target=""_blank"">@osb.remo</a>",27,8,57.894,0.814,7,88,0,2087,44.125,0.5,1.125
"<a href=""https://tiktok.com/@oshasg"" target=""_blank"">@oshasg</a>",64,7,67.304,0.929,2,23,0,2002.857,100.286,1,0.143
"<a href=""https://tiktok.com/@owuhwh"" target=""_blank"">@owuhwh</a>",64,7,68.166,0.952,3,35,0,2667.714,138.143,1.571,0.571
"<a href=""https://tiktok.com/@pbpktw"" target=""_blank"">@pbpktw</a>",70,10,66.801,0.911,5,66,0,1279.8,23.4,0.1,0.1
"<a href=""https://tiktok.com/@peter.azamag"" target=""_blank"">@peter.azamag</a>",73,4,28.75,1,1,8,0,3663.167,128.167,35,100.333
"<a href=""https://tiktok.com/@pewpua2"" target=""_blank"">@pewpua2</a>",42,3,20.736,0.925,8,72,0,2358.667,93.333,0.667,3
"<a href=""https://tiktok.com/@phong.ngoc76"" target=""_blank"">@phong.ngoc76</a>",35,8,32.444,1,1,9,0,3323.5,48.375,1,2.5
"<a href=""https://tiktok.com/@plaqebfzf07"" target=""_blank"">@plaqebfzf07</a>",30,14,78.839,0.65,2,36,0,13932.176,1277.853,49.794,186.706
"<a href=""https://tiktok.com/@puata14"" target=""_blank"">@puata14</a>",66,7,33.667,1,1,9,0,13384,543.429,7.143,3.429
"<a href=""https://tiktok.com/@puhrra"" target=""_blank"">@puhrra</a>",70,10,59.416,0.96,5,66,0,562.2,6.2,0,0
"<a href=""https://tiktok.com/@purnialesh45"" target=""_blank"">@purnialesh45</a>",34,8,43.799,0.933,3,33,0,4977.75,68.75,0.375,1.375
"<a href=""https://tiktok.com/@qdcieh"" target=""_blank"">@qdcieh</a>",42,12,18.289,0.98,10,216,0,1138.167,75.667,0.417,0.167
"<a href=""https://tiktok.com/@qllsks0"" target=""_blank"">@qllsks0</a>",67,7,49.462,1,3,34,0,20851,653.429,7.286,5.857
"<a href=""https://tiktok.com/@quincyshop08"" target=""_blank"">@quincyshop08</a>",1,8,55.005,0.954,6,65,0,3852,62.75,1.625,2.5
"<a href=""https://tiktok.com/@rashidmbbs7"" target=""_blank"">@rashidmbbs7</a>",82,4,78.5,0.8,1,8,0,61711.286,250.786,2.214,14.857
"<a href=""https://tiktok.com/@reddit.vztwo"" target=""_blank"">@reddit.vztwo</a>",15,3,56.715,1,2,17,0,2270.333,78.667,0.333,2
"<a href=""https://tiktok.com/@reddit_debbie"" target=""_blank"">@reddit_debbie</a>",42,3,19.056,0.925,8,72,0,2107.667,55.333,0.333,1
"<a href=""https://tiktok.com/@reddit_grayson99"" target=""_blank"">@reddit_grayson99</a>",42,12,19.594,0.919,10,216,0,1521.167,94.75,0.333,0.167
"<a href=""https://tiktok.com/@reddit_ignatius8"" target=""_blank"">@reddit_ignatius8</a>",68,9,55.947,0.9,2,29,0,36543.444,549.556,25.778,115.556
"<a href=""https://tiktok.com/@redditstory667"" target=""_blank"">@redditstory667</a>",33,8,37.2,0.857,1,10,0,1039.125,48.75,0.25,0.375
"<a href=""https://tiktok.com/@redidgbxozg6"" target=""_blank"">@redidgbxozg6</a>",76,5,57.4,0.857,1,10,0,559.5,44.333,4.167,9.667
"<a href=""https://tiktok.com/@redreddit48"" target=""_blank"">@redreddit48</a>",33,7,37.2,0.857,1,10,0,1512.875,79.125,0.25,1.125
"<a href=""https://tiktok.com/@rgyts7"" target=""_blank"">@rgyts7</a>",67,7,60.21,0.929,2,24,0,5107.286,283.571,4,2.429
"<a href=""https://tiktok.com/@rohingyao"" target=""_blank"">@rohingyao</a>",22,6,40.939,0.944,3,30,0,3994.5,128.75,3,2.125
"<a href=""https://tiktok.com/@rtikb3"" target=""_blank"">@rtikb3</a>",63,4,72,1,4,32,0,1671,102.5,0.25,2
"<a href=""https://tiktok.com/@rtwgui"" target=""_blank"">@rtwgui</a>",69,5,91.444,1,1,9,0,858,33.143,0.857,1
"<a href=""https://tiktok.com/@rubin.mervy8"" target=""_blank"">@rubin.mervy8</a>",27,7,63.728,0.837,8,86,0,2680.857,40.857,0.429,0.286
"<a href=""https://tiktok.com/@ryllskaya.reddit"" target=""_blank"">@ryllskaya.reddit</a>",20,6,63.875,0.833,1,8,0,5349.5,237.833,2.333,1.333
"<a href=""https://tiktok.com/@ryllskayaqing"" target=""_blank"">@ryllskayaqing</a>",21,8,64,0.889,1,10,0,1799.625,120.25,1.375,0.625
"<a href=""https://tiktok.com/@saad.houd.haikik"" target=""_blank"">@saad.houd.haikik</a>",75,3,42.333,0.8,1,9,0,109.167,2.667,0.167,0.167
"<a href=""https://tiktok.com/@salah.hakem.sayeg"" target=""_blank"">@salah.hakem.sayeg</a>",74,8,33.639,0.775,2,21,0,136.875,6.125,0.125,1.125
"<a href=""https://tiktok.com/@saniyah.rafidah.k"" target=""_blank"">@saniyah.rafidah.k</a>",76,6,57.4,0.857,1,10,0,569,31.667,2.167,13.667
"<a href=""https://tiktok.com/@sasapco"" target=""_blank"">@sasapco</a>",22,7,53.75,1,1,8,0,3989.429,188.286,1,0.571
"<a href=""https://tiktok.com/@satsyou"" target=""_blank"">@satsyou</a>",23,6,54.25,0.833,1,8,0,5906.333,126.167,2.167,5.833
"<a href=""https://tiktok.com/@sdsdyou"" target=""_blank"">@sdsdyou</a>",22,6,51.875,1,2,17,0,4039.5,184.333,1.667,0.5
"<a href=""https://tiktok.com/@segji2"" target=""_blank"">@segji2</a>",67,7,61.897,1,3,38,0,1179.571,47.286,0.286,0.286
"<a href=""https://tiktok.com/@seile.rian"" target=""_blank"">@seile.rian</a>",27,7,57.686,0.839,7,64,0,6510.143,84.571,0.286,2.286
"<a href=""https://tiktok.com/@sfagnd"" target=""_blank"">@sfagnd</a>",65,7,60.538,1,1,13,0,1468.286,70,1.714,1
"<a href=""https://tiktok.com/@sharleen.howard"" target=""_blank"">@sharleen.howard</a>",12,8,61.844,0.969,4,37,0,2085.25,86.25,0.5,0.875
"<a href=""https://tiktok.com/@shbsdd2"" target=""_blank"">@shbsdd2</a>",68,6,47.417,1,2,27,0,7655.667,92.333,8.667,6.333
"<a href=""https://tiktok.com/@shvchjds"" target=""_blank"">@shvchjds</a>",23,6,54.25,0.833,1,8,0,6636.143,122.143,2.857,4.857
"<a href=""https://tiktok.com/@sikki.kahtyk"" target=""_blank"">@sikki.kahtyk</a>",36,6,49.25,1,1,8,0,3140.375,55.5,0.375,0.125
"<a href=""https://tiktok.com/@sqifhw"" target=""_blank"">@sqifhw</a>",70,10,66.659,0.889,3,39,0,1014.1,17.7,0.2,0.5
"<a href=""https://tiktok.com/@stann.miltok"" target=""_blank"">@stann.miltok</a>",71,4,42.25,1,1,8,0,1447.429,93,1.429,1.857
"<a href=""https://tiktok.com/@steven.garrison13"" target=""_blank"">@steven.garrison13</a>",4,7,73.778,0.75,1,9,0,3922.429,67.143,0.857,0.714
"<a href=""https://tiktok.com/@stoyouh"" target=""_blank"">@stoyouh</a>",22,8,42.829,0.911,3,25,0,4018,74.375,0.875,5.625
"<a href=""https://tiktok.com/@sun.lilym"" target=""_blank"">@sun.lilym</a>",34,7,48.661,0.859,3,33,0,6471.714,156.143,1,2.571
"<a href=""https://tiktok.com/@sweet_babyc120"" target=""_blank"">@sweet_babyc120</a>",29,12,92.214,0.833,1,14,0,2024.881,186.381,13.571,2
"<a href=""https://tiktok.com/@tessh95"" target=""_blank"">@tessh95</a>",63,7,71.987,1,3,33,0,2265.286,142.714,0.571,3.857
"<a href=""https://tiktok.com/@text690"" target=""_blank"">@text690</a>",22,5,37.5,1,1,8,0,5510.714,116.714,1.571,1.714
"<a href=""https://tiktok.com/@thuc.nguyen2010"" target=""_blank"">@thuc.nguyen2010</a>",25,4,47.33,0.774,2,19,0,1875.5,13.5,0,0.25
"<a href=""https://tiktok.com/@thuwaibah.dad.rah"" target=""_blank"">@thuwaibah.dad.rah</a>",74,3,46.062,1,2,16,0,1069.667,44,1.333,14
"<a href=""https://tiktok.com/@tiffany.c..irvin"" target=""_blank"">@tiffany.c..irvin</a>",74,8,43.263,0.938,4,43,0,2255.556,39.444,2.222,16.333
"<a href=""https://tiktok.com/@toma.rimi"" target=""_blank"">@toma.rimi</a>",16,3,24,0.8,1,9,0,1016.667,17.333,0.333,0
"<a href=""https://tiktok.com/@tug35587"" target=""_blank"">@tug35587</a>",63,7,77.75,1,1,12,0,5871.429,262.714,1.143,6.571
"<a href=""https://tiktok.com/@tugx2917"" target=""_blank"">@tugx2917</a>",40,5,64.333,1,1,9,0,735.875,8.25,0.125,0
"<a href=""https://tiktok.com/@twkg9813"" target=""_blank"">@twkg9813</a>",38,12,59.818,0.985,6,77,0,758.833,27.083,0.167,0.083
"<a href=""https://tiktok.com/@twvs4521"" target=""_blank"">@twvs4521</a>",38,12,73.403,0.944,3,47,0,971.167,48.25,0.333,0.167
"<a href=""https://tiktok.com/@ubhutfrx"" target=""_blank"">@ubhutfrx</a>",1,8,62.189,0.921,6,56,0,2696.5,118.5,0.75,2.125
"<a href=""https://tiktok.com/@ucdrmh"" target=""_blank"">@ucdrmh</a>",69,5,85.222,1,1,9,0,1304.4,56,0.2,2.2
"<a href=""https://tiktok.com/@uest1280"" target=""_blank"">@uest1280</a>",38,9,53.813,0.944,6,80,0,94.5,0.667,0.083,0.583
"<a href=""https://tiktok.com/@ufqtjw"" target=""_blank"">@ufqtjw</a>",86,4,59.25,1,1,8,0,2362,78,1.75,0
"<a href=""https://tiktok.com/@ufsc8075"" target=""_blank"">@ufsc8075</a>",44,3,57.333,1,1,9,0,1330,53.333,1,0.333
"<a href=""https://tiktok.com/@uiavao.bskvai"" target=""_blank"">@uiavao.bskvai</a>",3,6,50.678,1,4,38,0,2574,92.667,2,5.667
"<a href=""https://tiktok.com/@urdu9708"" target=""_blank"">@urdu9708</a>",43,3,44.778,1,3,27,0,794.667,67,0,0
"<a href=""https://tiktok.com/@user16909390140293"" target=""_blank"">@user16909390140293</a>",24,9,56.333,0.818,1,15,0,974.583,15.917,0.167,0
"<a href=""https://tiktok.com/@user3154950400581"" target=""_blank"">@user3154950400581</a>",2,6,58.537,0.905,3,26,0,3320.667,145.667,1.333,0.833
"<a href=""https://tiktok.com/@user3436197788624"" target=""_blank"">@user3436197788624</a>",28,9,65.19,0.868,4,53,0,23661.889,249.889,1.889,4.222
"<a href=""https://tiktok.com/@user49177918199076"" target=""_blank"">@user49177918199076</a>",73,4,28.75,1,1,8,0,6937.571,115,40.571,201.429
"<a href=""https://tiktok.com/@user5626060056906"" target=""_blank"">@user5626060056906</a>",1,8,49.111,0.934,8,80,0.001,7164,228.25,2.125,18.5
"<a href=""https://tiktok.com/@user5696011699429"" target=""_blank"">@user5696011699429</a>",59,4,55.25,1,1,8,0,1180.75,58,1,3.25
"<a href=""https://tiktok.com/@user6922385284275"" target=""_blank"">@user6922385284275</a>",1,8,64.375,0.938,2,18,0,1734,40.25,0.375,1
"<a href=""https://tiktok.com/@user7605976152392"" target=""_blank"">@user7605976152392</a>",12,8,53.206,0.911,6,69,0,4279.125,54.25,1.25,1.25
"<a href=""https://tiktok.com/@user7848004239568"" target=""_blank"">@user7848004239568</a>",61,9,52.181,0.949,3,42,0,5355,20.556,0.222,25.889
"<a href=""https://tiktok.com/@user8508148033286"" target=""_blank"">@user8508148033286</a>",7,8,57.917,0.764,2,19,0,3925.75,69.625,0.875,0.75
"<a href=""https://tiktok.com/@user9724456321051"" target=""_blank"">@user9724456321051</a>",7,6,65,0.75,1,8,0,4604.167,72,1,1.667
"<a href=""https://tiktok.com/@username.64754675"" target=""_blank"">@username.64754675</a>",32,6,99.914,0.775,2,20,0,913.188,94.875,5.25,3.375
"<a href=""https://tiktok.com/@username0201726"" target=""_blank"">@username0201726</a>",82,4,78.5,0.8,1,8,0,49115.188,381.75,2.812,9.562
"<a href=""https://tiktok.com/@username6652655"" target=""_blank"">@username6652655</a>",30,13,97.984,0.733,2,47,0,5782.643,512.214,19.393,44.607
"<a href=""https://tiktok.com/@usjg2117"" target=""_blank"">@usjg2117</a>",41,5,70.6,0.833,1,15,0,1693.5,62.75,1,0.125
"<a href=""https://tiktok.com/@uwaisah.jameela.m"" target=""_blank"">@uwaisah.jameela.m</a>",77,6,69.889,0.857,1,9,0,860.833,27.333,2,7.5
"<a href=""https://tiktok.com/@vaigg0"" target=""_blank"">@vaigg0</a>",2,7,56.812,0.857,2,16,0,4132.857,181.714,6.143,15.429
"<a href=""https://tiktok.com/@vakft4299"" target=""_blank"">@vakft4299</a>",51,5,47.062,0.857,2,16,0,922.167,36.167,0,0.167
"<a href=""https://tiktok.com/@vdkfofu"" target=""_blank"">@vdkfofu</a>",5,7,48.75,1,1,8,0,7949.286,114.143,2.429,2.429
"<a href=""https://tiktok.com/@verity.holland"" target=""_blank"">@verity.holland</a>",7,8,76.218,0.815,3,27,0,2336,87.25,1,0.75
"<a href=""https://tiktok.com/@vitsu.alec1"" target=""_blank"">@vitsu.alec1</a>",27,7,56.145,0.922,8,86,0,6531.571,92.429,1.857,2
"<a href=""https://tiktok.com/@voie3340"" target=""_blank"">@voie3340</a>",43,3,66.111,1,3,27,0,2096.333,54,0.333,0
"<a href=""https://tiktok.com/@vsuau5"" target=""_blank"">@vsuau5</a>",63,4,74.75,1,3,24,0,568,31.5,0.5,0.5
"<a href=""https://tiktok.com/@vxissvsb"" target=""_blank"">@vxissvsb</a>",47,6,53.521,0.873,2,17,0,2080.167,88.333,0.333,0.833
"<a href=""https://tiktok.com/@vxkaw3274"" target=""_blank"">@vxkaw3274</a>",53,5,41.333,1,1,9,0,1518.8,112.6,0.6,0
"<a href=""https://tiktok.com/@wbakf3819"" target=""_blank"">@wbakf3819</a>",56,6,45.846,1,1,13,0,2617.167,68.833,0.333,0
"<a href=""https://tiktok.com/@wefyugu"" target=""_blank"">@wefyugu</a>",21,7,50.5,0.857,1,8,0,2355.857,84.857,8.429,5.857
"<a href=""https://tiktok.com/@wgslhe"" target=""_blank"">@wgslhe</a>",70,10,29.87,0.948,7,89,0,2069.9,43.9,0.3,0.1
"<a href=""https://tiktok.com/@wiate.doni0"" target=""_blank"">@wiate.doni0</a>",27,8,56.214,0.844,8,89,0,8891.75,59.625,0.75,1.875
"<a href=""https://tiktok.com/@wiqg8225"" target=""_blank"">@wiqg8225</a>",40,5,64.333,1,1,9,0,3224.25,34.5,0.125,0.375
"<a href=""https://tiktok.com/@wive0570"" target=""_blank"">@wive0570</a>",39,7,73.542,1,2,26,0,1664.889,59.222,0.556,3.111
"<a href=""https://tiktok.com/@wlack2188"" target=""_blank"">@wlack2188</a>",52,6,72.222,0.875,1,9,0,981.5,33.667,0.5,0
"<a href=""https://tiktok.com/@wnsao4288"" target=""_blank"">@wnsao4288</a>",47,6,58.965,0.929,2,17,0,982,26.667,0.333,0
"<a href=""https://tiktok.com/@wojta.or"" target=""_blank"">@wojta.or</a>",17,3,46.519,1,3,27,0,1380.333,45,1.667,0.333
"<a href=""https://tiktok.com/@woshenmake"" target=""_blank"">@woshenmake</a>",56,6,45.846,1,1,13,0,3109.833,77.333,0.167,0.333
"<a href=""https://tiktok.com/@wroe.edith6"" target=""_blank"">@wroe.edith6</a>",27,7,54.476,0.837,8,98,0,3990.714,49.571,0.571,2
"<a href=""https://tiktok.com/@wss0307"" target=""_blank"">@wss0307</a>",19,6,61.818,1,1,11,0,2846.167,238.5,1.833,0.333
"<a href=""https://tiktok.com/@xdubtpu7"" target=""_blank"">@xdubtpu7</a>",87,4,74.5,1,1,8,0,809.5,46.25,0.25,0
"<a href=""https://tiktok.com/@xlhxhlxlh8"" target=""_blank"">@xlhxhlxlh8</a>",57,5,66.746,0.939,6,67,0,2020.8,103.8,3,0.2
"<a href=""https://tiktok.com/@xxdream86"" target=""_blank"">@xxdream86</a>",18,4,53.625,1,1,8,0,7057.5,100,7.167,23
"<a href=""https://tiktok.com/@xxii911"" target=""_blank"">@xxii911</a>",22,8,44.774,0.899,4,43,0,4222.125,120.625,3.25,1.125
"<a href=""https://tiktok.com/@ydwthnm"" target=""_blank"">@ydwthnm</a>",36,6,50.025,0.917,2,18,0,4706,70.875,1,1
"<a href=""https://tiktok.com/@yifajiubao8"" target=""_blank"">@yifajiubao8</a>",19,6,61.818,1,1,11,0,1957.5,216,1.5,1.667
"<a href=""https://tiktok.com/@yiitsukb"" target=""_blank"">@yiitsukb</a>",3,8,62.21,1,3,36,0,2480.625,130.375,4.875,11.375
"<a href=""https://tiktok.com/@ysishhd7"" target=""_blank"">@ysishhd7</a>",2,7,45.674,1,2,17,0,2542.429,69.286,2,0.286
"<a href=""https://tiktok.com/@ytrq8081"" target=""_blank"">@ytrq8081</a>",38,12,63.739,1,5,77,0,1764.25,63.417,0.25,0.167
"<a href=""https://tiktok.com/@zahra.radiyah.asf"" target=""_blank"">@zahra.radiyah.asf</a>",77,5,62.007,0.929,2,17,0,198.8,7,1.6,0.2
"<a href=""https://tiktok.com/@zdfyzr8"" target=""_blank"">@zdfyzr8</a>",85,4,16.25,1,1,8,0,1223.75,44.75,0.25,0.25
"<a href=""https://tiktok.com/@zeojid7"" target=""_blank"">@zeojid7</a>",84,4,65,1,1,8,0,1044.25,38.75,1,0.25
"<a href=""https://tiktok.com/@zsdx184"" target=""_blank"">@zsdx184</a>",28,9,73.448,0.598,2,23,0,3424.222,89.444,0.556,1
"<a href=""https://tiktok.com/@zurina.sara"" target=""_blank"">@zurina.sara</a>",75,6,65.083,0.757,2,17,0,184.833,5.667,0.667,1.333
"<a href=""https://tiktok.com/@zvjsl"" target=""_blank"">@zvjsl</a>",65,7,66.538,1,2,26,0,1669.857,75.286,0.857,0.714
"<a href=""https://tiktok.com/@zxvb736"" target=""_blank"">@zxvb736</a>",28,6,50.233,0.857,2,24,0,2875.167,53.833,0.167,0.667
