"Network","Number of Accounts","Network Density","Network Diameter","Clustering Coefficient","Avg Views","Avg Likes","Avg Comments","Avg Shares","Member Accounts"
1,15,0.286,53,0.6,5356.699,175.354,9.885,14.106,"fughf21, irdc042, chantalkusch, jtcytxyzey, fdijc3, jsosjxj8, krug011, user5626060056906, jdpxorjf, bmc12655, quincyshop08, ubhutfrx, jfkovj5, be.jkigv, user6922385284275"
2,4,0.667,18,0.6,3100.5,115.143,2.536,5.464,"user3154950400581, vaigg0, chdg050, ysishhd7"
3,5,0.8,19,0.789,2545.083,101.306,3.861,5.889,"djm9r, gutieyy7, uiavao.bskvai, fkfdnd, yiitsukb"
4,2,1,9,0,4267.467,103.667,0.6,0.867,"steven.garrison13, craig.harrell0"
5,3,0.667,18,0,4343.565,85.435,1.087,1.522,"idhd139, hciiv26, vdkfofu"
6,2,1,8,0,3616.812,67.812,2,0.812,"hullen.nguyen, miss.bordner"
7,5,0.6,25,0.6,3740.684,76.526,0.895,0.868,"user8508148033286, ayden.riverad, verity.holland, cbjf05, user9724456321051"
8,3,1,10,1,3632.143,78.238,1.952,22.429,"bfihc, aedhdici, hdr86575"
9,2,1,9,0,6781.231,118.769,7.308,68.385,"bgfddf8888, chcjg0"
10,2,1,8,0,1447.6,72.133,0.533,1,"dell.oswink, kenitra.angliaf"
11,2,1,8,0,1912.267,87.867,6.133,41.2,"bsnsnsk.bznnsjf, labon.marenm"
12,9,0.639,28,0.757,3310.239,70.567,0.746,4.164,"aedhdjcoof, sharleen.howard, aedgslpxjx, hdhxh3484, fcjjv86, gduhx01, fduic5, lxjjc, user7605976152392"
13,2,1,8,0,3905.533,43.533,0.133,0.867,"hoeg.huan, akkaanav.risksjsg"
14,2,1,9,0,11311.667,89.2,2.8,2,"aed3660, lwandiswamsithini"
15,3,1,9,1,1467.25,57.333,0.167,0.667,"bsjj8797, carbloggera, reddit.vztwo"
16,2,1,9,0,1024.667,23,0.167,0,"fhuc22, toma.rimi"
17,4,1,9,1,1904.923,33.308,0.769,0.154,"berez.paulo, ggih3179, monalisa7988, wojta.or"
18,2,1,8,0,6343.444,90,5.222,17.444,"gatillocristein6, xxdream86"
19,2,1,11,0,2401.833,227.25,1.667,1,"wss0307, yifajiubao8"
20,2,1,8,0,5449.357,190.857,1.714,1.5,"ryllskaya.reddit, djbdjfjff"
21,3,0.667,18,0,2391.435,100.696,3.609,2,"ryllskayaqing, ksndfmggf, wefyugu"
22,8,0.429,37,0.636,4106.534,141.586,1.81,1.845,"landscape5670, dtkwod, rohingyao, text690, sdsdyou, stoyouh, sasapco, xxii911"
23,2,1,8,0,6299.308,124,2.538,5.308,"satsyou, shvchjds"
24,2,1,15,0,1450.05,30,0.85,0.5,"lin689668987, user16909390140293"
25,4,0.667,22,0.6,4925.474,41.947,0.316,1.053,"nhienchau41, nhi.vo585, khanh.dao61, thuc.nguyen2010"
26,4,1,18,1,14632.594,318.875,1,7.562,"jajsjsn56, aed0267, aed2750, jvhb240"
27,9,0.972,18,0.971,5305.836,76.03,0.701,1.433,"benedossie2, vitsu.alec1, osb.remo, rubin.mervy8, wiate.doni0, lawgray3, battl.kray, seile.rian, wroe.edith6"
28,5,0.7,25,0.643,10142.675,134.6,1.075,2.6,"user3436197788624, jvtvc3, gooj806, zsdx184, zxvb736"
29,2,1,14,0,2285.014,152.343,12.2,3.486,"amazing_seeet120, sweet_babyc120"
30,3,1,27,1,8648.144,742.237,29.969,92.619,"chummi_queen1, plaqebfzf07, username6652655"
31,2,1,13,0,4527.722,194.722,14.556,1.833,"djskgikeejk8, mdsdz2"
32,3,0.667,20,0,2309.915,172.237,6.559,13.729,"china_cutegirl22, kamlisarkar_0, username.64754675"
33,2,1,10,0,1276,63.938,0.25,0.75,"redditstory667, redreddit48"
34,4,1,12,1,6043.355,97.71,1.613,1.677,"emory.drawehj, ilges.estelwei, purnialesh45, sun.lilym"
35,2,1,9,0,3151.438,57,0.938,1.75,"phong.ngoc76, cxd.shd"
36,4,0.5,26,0,3593,57.097,0.903,0.806,"jbhghj2, sikki.kahtyk, kyfg6663, ydwthnm"
37,3,1,8,1,2939.692,66.308,0.462,1.923,"aseng.haymong, carlos.alberto.al886, lanora.haskely"
38,15,0.333,58,0.655,1230.739,47.818,0.494,0.625,"ghhj8554, drgd8391, jkuy0534, okay11732, bvoo3130, fhda78402, dijx3903, kjuq5904, twvs4521, jccj44506, twkg9813, eiej4325, gjhg8047, ytrq8081, uest1280"
39,4,0.833,18,0.75,1566.944,55.417,0.444,4.778,"fhxk1941, bkot6010, givi0331, wive0570"
40,2,1,9,0,1980.062,21.375,0.125,0.188,"tugx2917, wiqg8225"
41,2,1,15,0,1324.353,52.353,0.647,0.176,"isce0690, usjg2117"
42,11,0.855,27,0.891,1966.083,102.845,0.488,0.833,"kubjij, hojdmc, qdcieh, ciojkb, pewpua2, reddit_debbie, kranaa9, ecucbt, dhuolt, eagehh, reddit_grayson99"
43,4,1,9,1,1434.167,64.333,0.25,0.333,"cjur6297, fkir2290, urdu9708, voie3340"
44,2,1,9,0,851.5,34.167,0.5,0.333,"hrsy60677, ufsc8075"
45,2,1,8,0,2403,63.5,0.833,4.167,"clirr5282, gjguq6894"
46,2,1,8,0,954.636,33.545,0.364,0.091,"cbske2477, cjdfndrh"
47,3,1,9,1,4177.667,170.111,2.389,1.167,"bzsksk1, wnsao4288, vxissvsb"
48,2,1,8,0,10809.75,361.75,2.417,1.167,"meggie.y, jdjsbs94"
49,2,1,8,0,3010.875,54.375,1.25,0.75,"hwvrok, oljclk"
50,4,0.667,18,0.6,907.048,42.19,0.762,0.476,"nxpsa4288, bxuzba, hdvhds4, hdksp6389"
51,3,1,10,1,1054.278,36.833,0.167,0.056,"vakft4299, 2tiktohdh, 41ghqq"
52,4,0.667,18,0.6,1356.318,79.818,1.182,0.273,"2thgkvjd, 4hgkdjf, jxgxi8, wlack2188"
53,2,1,9,0,1313.9,93.7,1.1,0,"vxkaw3274, g.in.cgn"
54,2,1,8,0,1493.375,54.625,0.375,0,"awmilke, kdywnty"
55,4,0.667,16,0.6,2393,131.5,1.625,0.438,"gdghss35, hds.hy, ciucfyictci, hzjsjs897"
56,2,1,13,0,2863.5,73.083,0.25,0.167,"wbakf3819, woshenmake"
57,9,0.75,21,0.781,1644.596,58.34,0.617,0.191,"bdjsbsk4, dhcye3177, gkgfjj1, gxhx514, gohdr4367, liaojiuyu, nidaye81, bxkke4723, xlhxhlxlh8"
58,2,1,9,0,1421,48.167,0.333,0.333,"dytfd65, dnakr3818"
59,5,0.5,16,0.375,1119.667,48.714,1.048,2.333,"ianboone74, gail.olson1, nfyk.emma, krissityann, user5696011699429"
60,3,0.667,23,0,1474.389,173.944,1.722,1.056,"facailllll12138, fafafafafafafacai, mvbdanqi"
61,4,1,17,1,6639.917,34.694,0.611,25.667,"hoglbjlvil, govkjhkbb, cfndhfch, user7848004239568"
62,2,1,10,0,604.75,24.75,0.625,0.25,"eqxela7, dtxijq"
63,9,0.333,44,0.462,2373.837,122.633,0.612,2.429,"dghhg372, tessh95, eyidk5, hurrryu, itsstj2, gheoe8, rtikb3, tug35587, vsuau5"
64,4,0.667,25,0.6,10723.464,568.5,6.643,6.964,"oshasg, gdjdi63, owuhwh, hfstil3"
65,4,0.5,34,0,2979.429,88.893,2.714,0.893,"sfagnd, iuwgeh, bjspsp, zvjsl"
66,2,1,9,0,11039.214,546.071,5.929,3.643,"jelejeh1, puata14"
67,6,0.533,36,0.75,16340.439,906.756,6.024,6.22,"isgsjdj0, dvdjsh29, rgyts7, qllsks0, flsosi5, segji2"
68,3,1,18,1,26641.111,357.852,17.815,58.296,"lnppoe, reddit_ignatius8, shbsdd2"
69,5,0.5,27,0.429,1648.914,65.057,0.971,3.943,"rtwgui, objlhmtjemu, arffug, hdmjwo1, ucdrmh"
70,12,0.409,33,0.606,1936.405,33.766,0.171,0.829,"puhrra, bpgarp, pbpktw, eqmhqf, idpeoc, dtbtcc8, sqifhw, bipiqo, hltuoq, lhqitc, hidouo, wgslhe"
71,2,1,8,0,2790.5,88.143,2.143,22.857,"bierc.wendyp, stann.miltok"
72,2,1,8,0,5020.688,149.188,3.062,1.125,"hdicok57, hfigi61"
73,2,1,8,0,5426.308,121.077,38,154.769,"peter.azamag, user49177918199076"
74,5,0.6,23,0.6,1178.294,22.941,1.294,7.176,"salah.hakem.sayeg, barakah.yasmine.s, thuwaibah.dad.rah, olivia.ava.davis, tiffany.c..irvin"
75,4,0.5,26,0,632.36,13.12,0.64,3.12,"muhammad.dawi20, melissahrenteria, saad.houd.haikik, zurina.sara"
76,2,1,10,0,564.25,38,3.167,11.667,"redidgbxozg6, saniyah.rafidah.k"
77,3,0.667,17,0,747.412,16,1.353,3.176,"uwaisah.jameela.m, lahab.fakhiri.ari, zahra.radiyah.asf"
78,6,0.6,30,0.6,23348.714,665.571,17.029,241.886,"ludwin.keith, constantinos.hard, ayanna.kelekele, jenny.garrett65, demetriusguerrero, laurengomezl"
79,3,1,12,1,1348.059,29.294,0.706,7.235,"lashay.fornasaro, adam.hoyt, olando.mayo"
80,3,0.667,25,0,149.88,33.4,5.24,0.04,"moderngril5, grilofchina, modernofuk"
81,3,0.667,25,0,93065.808,2880.077,47.231,42.769,"beautiful46h, cardriving139, cuteg895"
82,2,1,8,0,54993.367,320.633,2.533,12.033,"rashidmbbs7, username0201726"
83,2,1,8,0,2420.889,47.778,1.167,0.944,"nkddaram, eexvnnooyy"
84,2,1,8,0,1325.625,37.875,0.625,0.125,"ctxfso, zeojid7"
85,2,1,8,0,1315.25,40.375,0.375,0.125,"labaam4, zdfyzr8"
86,2,1,8,0,2817.625,70.375,1.625,0,"cghwqj, ufqtjw"
87,2,1,8,0,1148.75,41.375,0.125,0,"dblbel, xdubtpu7"
