"Account","Network","Unique Shares","Avg Time Between Shares (sec)","Edge Symmetry Score","Degree","Strength","Betweenness","Avg Views","Avg Likes","Avg Comments","Avg Shares"
"<a href=""https://tiktok.com/@3e088659"" target=""_blank"">@3e088659</a>",18,3,43.25,1,1,8,0,1057,50.667,0.667,0
"<a href=""https://tiktok.com/@aaddcc123123"" target=""_blank"">@aaddcc123123</a>",7,3,61,0.833,1,6,0,898,66,0.333,1.333
"<a href=""https://tiktok.com/@aafhpa6zc1"" target=""_blank"">@aafhpa6zc1</a>",24,2,41,0.75,1,6,0,90343,408,82.5,43.5
"<a href=""https://tiktok.com/@aessfcx"" target=""_blank"">@aessfcx</a>",16,2,58.667,0.75,1,6,0,771,99.5,0.5,2
"<a href=""https://tiktok.com/@ang4dhwkb5"" target=""_blank"">@ang4dhwkb5</a>",29,3,13.889,1,1,9,0,76.667,1,0,0
"<a href=""https://tiktok.com/@annnorabalderas5"" target=""_blank"">@annnorabalderas5</a>",5,3,62.102,0.764,7,46,0.002,3607.667,50.667,0.667,0.667
"<a href=""https://tiktok.com/@baodak1179"" target=""_blank"">@baodak1179</a>",9,4,54.056,0.783,3,18,0.002,8192.5,149,1.75,4.5
"<a href=""https://tiktok.com/@baodakle688"" target=""_blank"">@baodakle688</a>",16,2,57.333,0.75,1,6,0,1122.667,87.333,0.333,2.333
"<a href=""https://tiktok.com/@bibao0204"" target=""_blank"">@bibao0204</a>",9,4,35.361,0.867,3,20,0,11661.5,30.25,0,2.25
"<a href=""https://tiktok.com/@bog02306"" target=""_blank"">@bog02306</a>",9,4,29.583,0.867,3,20,0,3582.5,24.25,0.75,0.75
"<a href=""https://tiktok.com/@bpcgwb5wd2"" target=""_blank"">@bpcgwb5wd2</a>",1,3,27.5,0.8,1,6,0,3185.333,36.333,0,0
"<a href=""https://tiktok.com/@breakingnews1345"" target=""_blank"">@breakingnews1345</a>",10,4,39.125,1,4,32,0,59875.5,288,6,18.75
"<a href=""https://tiktok.com/@bunnimullen6"" target=""_blank"">@bunnimullen6</a>",5,3,52.571,0.878,9,58,0.004,9243.333,69.667,0,0
"<a href=""https://tiktok.com/@c2feqib7a3"" target=""_blank"">@c2feqib7a3</a>",4,4,60.75,1,1,8,0,5026,80.5,1.25,2.25
"<a href=""https://tiktok.com/@cfcgvijj446"" target=""_blank"">@cfcgvijj446</a>",30,3,21.778,1,1,9,0,997.667,75.333,0.333,3.333
"<a href=""https://tiktok.com/@cfguaharf9"" target=""_blank"">@cfguaharf9</a>",12,3,47.806,0.804,4,27,0.001,89606.667,2741,20.333,9.667
"<a href=""https://tiktok.com/@ch7v5l4io5"" target=""_blank"">@ch7v5l4io5</a>",11,3,58,1,2,14,0,2087,172,0,0.333
"<a href=""https://tiktok.com/@clgui9bsd3"" target=""_blank"">@clgui9bsd3</a>",1,3,58.167,0.8,1,6,0,4962.667,102.667,0,2
"<a href=""https://tiktok.com/@cngiqr1ju3"" target=""_blank"">@cngiqr1ju3</a>",15,3,59.286,1,1,7,0,4716,208,0,1.667
"<a href=""https://tiktok.com/@cortd41lf9"" target=""_blank"">@cortd41lf9</a>",28,3,60,1,1,6,0,33,0.333,0,0
"<a href=""https://tiktok.com/@courtnaystone1"" target=""_blank"">@courtnaystone1</a>",31,3,52.667,0.667,1,6,0,584.667,4.333,0.333,0
"<a href=""https://tiktok.com/@cumleyguerini"" target=""_blank"">@cumleyguerini</a>",3,3,43.5,1,1,6,0,67,0.333,0,0
"<a href=""https://tiktok.com/@danapetty0302"" target=""_blank"">@danapetty0302</a>",18,3,43.25,1,1,8,0,1025,90.333,0.667,0
"<a href=""https://tiktok.com/@dapiaoliang866"" target=""_blank"">@dapiaoliang866</a>",10,4,35.83,1,4,31,0,85893.75,241.5,10.75,22.75
"<a href=""https://tiktok.com/@ddvz4ynsa5"" target=""_blank"">@ddvz4ynsa5</a>",5,4,51.833,0.875,2,12,0,5962.5,101.75,1,3.25
"<a href=""https://tiktok.com/@dingls7"" target=""_blank"">@dingls7</a>",7,3,69.714,0.8,2,14,0,1966.667,51,0,1.667
"<a href=""https://tiktok.com/@dosuzm8bx1"" target=""_blank"">@dosuzm8bx1</a>",14,3,50.625,1,2,15,0,4131.333,91,0.333,0.333
"<a href=""https://tiktok.com/@dscthbujg666"" target=""_blank"">@dscthbujg666</a>",14,3,57.688,0.917,4,28,0.001,557.667,45.667,0,0
"<a href=""https://tiktok.com/@ducquanbui7"" target=""_blank"">@ducquanbui7</a>",13,3,58.75,1,2,15,0,14149.333,173.333,0.333,2
"<a href=""https://tiktok.com/@esmebarth"" target=""_blank"">@esmebarth</a>",31,3,69.5,1,1,8,0,4358.333,57,0.667,0
"<a href=""https://tiktok.com/@fcrpbfiio0"" target=""_blank"">@fcrpbfiio0</a>",24,5,41,0.75,1,6,0,211,8,0,0.4
"<a href=""https://tiktok.com/@feag154"" target=""_blank"">@feag154</a>",10,4,26.125,1,4,32,0,5914.75,48.5,3.75,3
"<a href=""https://tiktok.com/@fhcbbbbbh"" target=""_blank"">@fhcbbbbbh</a>",16,3,49.143,1,1,7,0,1686.333,49.667,0,0.667
"<a href=""https://tiktok.com/@frcbglabi9"" target=""_blank"">@frcbglabi9</a>",26,5,28,1,1,9,0,91.6,5.4,0,0
"<a href=""https://tiktok.com/@g2w8trakc7"" target=""_blank"">@g2w8trakc7</a>",27,3,26.222,1,1,9,0,6,0,0,0
"<a href=""https://tiktok.com/@gagaag11"" target=""_blank"">@gagaag11</a>",7,5,56.81,0.9,2,16,0,799.2,50,0.6,2.8
"<a href=""https://tiktok.com/@gcbsxjehs9"" target=""_blank"">@gcbsxjehs9</a>",23,4,61.429,1,1,7,0,4047.25,321,1.75,4.25
"<a href=""https://tiktok.com/@ggddyv777553"" target=""_blank"">@ggddyv777553</a>",5,3,57.167,0.75,2,12,0,115509.333,680.333,2.667,9.667
"<a href=""https://tiktok.com/@gl8esfgde7"" target=""_blank"">@gl8esfgde7</a>",1,3,58.833,1,1,6,0,20175,122.333,0.333,0.333
"<a href=""https://tiktok.com/@gwe0rj5m49"" target=""_blank"">@gwe0rj5m49</a>",14,3,44.333,1,1,6,0,4164.333,134,0.333,1
"<a href=""https://tiktok.com/@hcpf4mbba5"" target=""_blank"">@hcpf4mbba5</a>",6,2,24.667,1,2,12,0,70.5,0,0,0
"<a href=""https://tiktok.com/@heddiashley"" target=""_blank"">@heddiashley</a>",31,3,61.083,0.833,2,14,0,25.667,0,0,0
"<a href=""https://tiktok.com/@hlkpvsqss6"" target=""_blank"">@hlkpvsqss6</a>",25,5,57.786,0.917,3,27,0,157.8,5.8,0,0.8
"<a href=""https://tiktok.com/@huodahuo1401"" target=""_blank"">@huodahuo1401</a>",20,3,58.167,1,2,13,0,1598.667,293.333,0,3
"<a href=""https://tiktok.com/@huut182"" target=""_blank"">@huut182</a>",9,4,24.917,0.8,2,12,0,4976.5,32.25,0.25,1.25
"<a href=""https://tiktok.com/@ibnjgnmpv3"" target=""_blank"">@ibnjgnmpv3</a>",5,2,58,0.75,2,12,0,7314,21.5,0.5,0.5
"<a href=""https://tiktok.com/@jaquelindorsey"" target=""_blank"">@jaquelindorsey</a>",5,3,63.679,0.9,2,13,0,5459.667,22.333,0,0.333
"<a href=""https://tiktok.com/@jbfdraegf9"" target=""_blank"">@jbfdraegf9</a>",15,3,59.286,1,1,7,0,35645.667,997.667,3.667,9.333
"<a href=""https://tiktok.com/@ju.bao.pen888"" target=""_blank"">@ju.bao.pen888</a>",16,3,55.048,0.833,3,19,0.001,710.333,56.333,0,1.333
"<a href=""https://tiktok.com/@jzkpohqfn2"" target=""_blank"">@jzkpohqfn2</a>",5,2,55.333,0.75,1,6,0,64232,641,10,15
"<a href=""https://tiktok.com/@k9ox9guhi1"" target=""_blank"">@k9ox9guhi1</a>",22,3,58.583,0.708,2,12,0,58.667,0.333,0,0
"<a href=""https://tiktok.com/@koressabrock0"" target=""_blank"">@koressabrock0</a>",5,3,59.638,0.91,5,34,0.002,151335,1815.667,3.667,13.333
"<a href=""https://tiktok.com/@l5jjf0rtv0"" target=""_blank"">@l5jjf0rtv0</a>",6,2,24.5,1,2,12,0,115,0,0,0
"<a href=""https://tiktok.com/@l9ula8jh71"" target=""_blank"">@l9ula8jh71</a>",26,5,28,1,1,9,0,1242.4,22.2,0.2,1.4
"<a href=""https://tiktok.com/@layer.jdy"" target=""_blank"">@layer.jdy</a>",13,3,57,1,1,9,0,853.667,27.333,0,0.667
"<a href=""https://tiktok.com/@lfdnsmvi43"" target=""_blank"">@lfdnsmvi43</a>",2,3,41,1,1,6,0,326.333,38.333,0,0
"<a href=""https://tiktok.com/@llllm82"" target=""_blank"">@llllm82</a>",19,3,24.333,1,1,6,0,657.667,56,0.333,0
"<a href=""https://tiktok.com/@lufei857"" target=""_blank"">@lufei857</a>",9,4,34.429,1,1,7,0,1170.25,47.25,1.75,0.25
"<a href=""https://tiktok.com/@m0rhllfj31"" target=""_blank"">@m0rhllfj31</a>",1,4,49.95,0.91,5,32,0.002,4159,68.25,0,0.75
"<a href=""https://tiktok.com/@meihuayishu0"" target=""_blank"">@meihuayishu0</a>",20,3,60.417,1,2,13,0,2523.667,312.667,0.667,1
"<a href=""https://tiktok.com/@mengpoi678"" target=""_blank"">@mengpoi678</a>",22,2,67.833,0.667,1,6,0,509,20.5,0,0
"<a href=""https://tiktok.com/@nanciebeasley"" target=""_blank"">@nanciebeasley</a>",5,3,62.321,0.9,2,13,0,9359.333,108,1.333,2
"<a href=""https://tiktok.com/@newsbaom430"" target=""_blank"">@newsbaom430</a>",10,4,29.25,1,4,32,0,9058,61.5,1,13
"<a href=""https://tiktok.com/@nfixgxgnz9"" target=""_blank"">@nfixgxgnz9</a>",3,3,43.5,1,1,6,0,273.667,38,0,1
"<a href=""https://tiktok.com/@nfnxhu777"" target=""_blank"">@nfnxhu777</a>",21,3,28.667,0.75,1,6,0,203,5.667,0,0.333
"<a href=""https://tiktok.com/@ob3axkf1z0"" target=""_blank"">@ob3axkf1z0</a>",12,3,59.833,0.833,2,12,0,573.333,89,0.333,0
"<a href=""https://tiktok.com/@ocfdlyyyz2"" target=""_blank"">@ocfdlyyyz2</a>",2,3,41,1,1,6,0,578,48,0.333,0.333
"<a href=""https://tiktok.com/@pauliewhitehead1"" target=""_blank"">@pauliewhitehead1</a>",5,2,55.333,0.875,2,12,0,8413.5,86,1,0.5
"<a href=""https://tiktok.com/@pdp6pcxzb1"" target=""_blank"">@pdp6pcxzb1</a>",14,3,51,1,2,15,0,279.667,13.333,0,0.333
"<a href=""https://tiktok.com/@pkrgidzag2"" target=""_blank"">@pkrgidzag2</a>",1,4,54.479,0.95,4,28,0.001,5185.75,42.75,0,1.75
"<a href=""https://tiktok.com/@pojhfd6665"" target=""_blank"">@pojhfd6665</a>",22,2,49.333,0.75,1,6,0,524.5,26,0,0
"<a href=""https://tiktok.com/@prank.funny1688"" target=""_blank"">@prank.funny1688</a>",19,2,24.333,1,1,6,0,487,26,0,1
"<a href=""https://tiktok.com/@pxsaedws64"" target=""_blank"">@pxsaedws64</a>",1,4,56.722,0.933,3,20,0,6867.25,88.75,0,0
"<a href=""https://tiktok.com/@r13befarr1"" target=""_blank"">@r13befarr1</a>",25,5,62.833,0.775,2,12,0,69.8,0.2,0,0
"<a href=""https://tiktok.com/@rkybjs4xt2"" target=""_blank"">@rkybjs4xt2</a>",25,5,77.375,1,2,16,0,167,5.6,0.2,0
"<a href=""https://tiktok.com/@s4yei3zbg0"" target=""_blank"">@s4yei3zbg0</a>",25,5,54.814,0.933,3,27,0,245.2,4,0,0.2
"<a href=""https://tiktok.com/@s6ntpkduu3"" target=""_blank"">@s6ntpkduu3</a>",29,3,13.889,1,1,9,0,187.333,6.667,0,8.667
"<a href=""https://tiktok.com/@sbh8thore6"" target=""_blank"">@sbh8thore6</a>",11,3,45.857,1,1,7,0,602.667,45.667,0.333,0
"<a href=""https://tiktok.com/@scbwkpcha8"" target=""_blank"">@scbwkpcha8</a>",28,2,60,1,1,6,0,436,46.5,0.5,0
"<a href=""https://tiktok.com/@shjsdjdzsbaj"" target=""_blank"">@shjsdjdzsbaj</a>",11,3,70.143,1,1,7,0,673,54,0.333,0
"<a href=""https://tiktok.com/@shunsui230"" target=""_blank"">@shunsui230</a>",10,4,34.205,1,4,31,0,7659,55.75,2.25,2
"<a href=""https://tiktok.com/@start.the"" target=""_blank"">@start.the</a>",20,3,57.583,1,2,12,0,2127.333,153.667,1.333,0.333
"<a href=""https://tiktok.com/@t8cw0dqs57"" target=""_blank"">@t8cw0dqs57</a>",1,3,51.611,0.85,3,18,0,18019,183,0.333,1.333
"<a href=""https://tiktok.com/@uiii9btew1"" target=""_blank"">@uiii9btew1</a>",27,4,26.222,1,1,9,0,1050.2,49.6,0.4,0.4
"<a href=""https://tiktok.com/@uogstyw0f0"" target=""_blank"">@uogstyw0f0</a>",23,4,61.429,1,1,7,0,1974.25,120.5,2.5,0.75
"<a href=""https://tiktok.com/@uqf44a8xq0"" target=""_blank"">@uqf44a8xq0</a>",12,2,41.167,0.75,1,6,0,273652.5,4868.5,44.5,64.5
"<a href=""https://tiktok.com/@user1360701773679"" target=""_blank"">@user1360701773679</a>",8,3,55.91,0.9,2,17,0,922.333,90.333,0.667,1.333
"<a href=""https://tiktok.com/@user29324178625054"" target=""_blank"">@user29324178625054</a>",17,3,44.181,1,2,17,0,1081,111.667,0.333,5.333
"<a href=""https://tiktok.com/@user3688817524805"" target=""_blank"">@user3688817524805</a>",8,3,52.222,0.9,2,17,0,878.667,58.667,1,0.333
"<a href=""https://tiktok.com/@user4779942494353"" target=""_blank"">@user4779942494353</a>",7,2,63.5,0.75,1,6,0,77196.5,9063,51.5,682
"<a href=""https://tiktok.com/@user4793330767280"" target=""_blank"">@user4793330767280</a>",17,3,47.181,1,2,17,0,383,31,0,1.333
"<a href=""https://tiktok.com/@user5079743477638"" target=""_blank"">@user5079743477638</a>",8,5,48.688,1,2,16,0,1301.2,102.2,0.4,1.4
"<a href=""https://tiktok.com/@user99560052928733"" target=""_blank"">@user99560052928733</a>",17,3,55.25,1,2,16,0,307,31.333,0.333,0
"<a href=""https://tiktok.com/@vuv1vfggp8"" target=""_blank"">@vuv1vfggp8</a>",21,2,28.667,0.75,1,6,0,110.5,2,0,0
"<a href=""https://tiktok.com/@w6yq6ut5h0"" target=""_blank"">@w6yq6ut5h0</a>",4,4,60.75,1,1,8,0,2720,31.75,0,0.25
"<a href=""https://tiktok.com/@will.hopkin49"" target=""_blank"">@will.hopkin49</a>",14,2,77.167,0.667,1,6,0,5089.5,119,0,1
"<a href=""https://tiktok.com/@xbzysniyg3"" target=""_blank"">@xbzysniyg3</a>",12,3,64.183,0.8,2,16,0,2134.667,118,0,0.667
"<a href=""https://tiktok.com/@xiaolea104"" target=""_blank"">@xiaolea104</a>",12,3,49.103,0.933,3,19,0,8404.667,215.667,1,1.333
"<a href=""https://tiktok.com/@xrck679"" target=""_blank"">@xrck679</a>",9,4,45.464,0.9,2,13,0.001,1863.5,14.5,0,1.25
"<a href=""https://tiktok.com/@xtgfgcnga6"" target=""_blank"">@xtgfgcnga6</a>",6,3,25.278,1,3,21,0,290.667,6,0,0
"<a href=""https://tiktok.com/@xxbaom6"" target=""_blank"">@xxbaom6</a>",9,3,71.583,0.775,2,12,0.001,3372,41.333,0,1.667
"<a href=""https://tiktok.com/@yaobaobao4"" target=""_blank"">@yaobaobao4</a>",6,3,25.5,1,3,21,0,33708.667,131.667,1,2
"<a href=""https://tiktok.com/@ygrootzfgf"" target=""_blank"">@ygrootzfgf</a>",7,5,61.744,0.846,4,28,0.001,5976.2,375.2,2.2,11.4
"<a href=""https://tiktok.com/@yhfuhdyv556"" target=""_blank"">@yhfuhdyv556</a>",30,3,21.778,1,1,9,0,844.333,45.333,1,2.333
"<a href=""https://tiktok.com/@ykl31qq4m1"" target=""_blank"">@ykl31qq4m1</a>",13,4,60.5,1,1,6,0,274382.75,13647.75,11,22
"<a href=""https://tiktok.com/@zr2hunhqm3"" target=""_blank"">@zr2hunhqm3</a>",5,4,53.833,0.875,2,12,0,7529,67.75,0.5,0.25
