"Network","Number of Accounts","Network Density","Network Diameter","Clustering Coefficient","Avg Views","Avg Likes","Avg Comments","Avg Shares","Member Accounts"
1,7,0.429,20,0.545,8494.75,88.833,0.083,0.875,"gl8esfgde7, m0rhllfj31, bpcgwb5wd2, clgui9bsd3, pxsaedws64, pkrgidzag2, t8cw0dqs57"
2,2,1,6,0,452.167,43.167,0.167,0.167,"ocfdlyyyz2, lfdnsmvi43"
3,2,1,6,0,170.333,19.167,0,0.5,"cumleyguerini, nfixgxgnz9"
4,2,1,8,0,3873,56.125,0.625,1.25,"c2feqib7a3, w6yq6ut5h0"
5,11,0.327,19,0.324,34294.625,325.469,1.688,3.875,"nanciebeasley, annnorabalderas5, ddvz4ynsa5, koressabrock0, bunnimullen6, ibnjgnmpv3, ggddyv777553, pauliewhitehead1, jaquelindorsey, jzkpohqfn2, zr2hunhqm3"
6,4,0.833,12,0.75,10236.9,41.3,0.3,0.6,"hcpf4mbba5, l5jjf0rtv0, xtgfgcnga6, yaobaobao4"
7,5,0.5,15,0.375,10936.889,1144.611,6.556,80.222,"gagaag11, aaddcc123123, user4779942494353, dingls7, ygrootzfgf"
8,3,1,9,1,1082.636,87.091,0.636,1.091,"user5079743477638, user3688817524805, user1360701773679"
9,7,0.381,31,0.5,5033.444,48.667,0.667,1.704,"bibao0204, baodak1179, bog02306, huut182, xrck679, lufei857, xxbaom6"
10,5,1,8,1,33680.2,139.05,4.75,11.9,"dapiaoliang866, breakingnews1345, newsbaom430, feag154, shunsui230"
11,3,0.667,14,0,1120.889,90.556,0.222,0.111,"sbh8thore6, ch7v5l4io5, shjsdjdzsbaj"
12,5,0.6,15,0.545,60675.929,1373.429,11,11.714,"ob3axkf1z0, xbzysniyg3, uqf44a8xq0, cfguaharf9, xiaolea104"
13,3,0.667,15,0,114254,5519.3,4.5,9.6,"ducquanbui7, layer.jdy, ykl31qq4m1"
14,5,0.5,14,0.375,2684.143,77.857,0.143,0.5,"gwe0rj5m49, dosuzm8bx1, pdp6pcxzb1, dscthbujg666, will.hopkin49"
15,2,1,7,0,20180.833,602.833,1.833,5.5,"jbfdraegf9, cngiqr1ju3"
16,4,0.5,13,0,1100,70.818,0.182,1.545,"baodakle688, fhcbbbbbh, aessfcx, ju.bao.pen888"
17,3,1,9,1,590.333,58,0.222,2.222,"user4793330767280, user29324178625054, user99560052928733"
18,2,1,8,0,1041,70.5,0.667,0,"danapetty0302, 3e088659"
19,2,1,6,0,589.4,44,0.2,0.4,"llllm82, prank.funny1688"
20,3,1,7,1,2083.222,253.222,0.667,1.444,"meihuayishu0, huodahuo1401, start.the"
21,2,1,6,0,166,4.2,0,0.2,"nfnxhu777, vuv1vfggp8"
22,3,0.667,12,0,320.429,13.429,0,0,"k9ox9guhi1, mengpoi678, pojhfd6665"
23,2,1,7,0,3010.75,220.75,2.125,2.5,"gcbsxjehs9, uogstyw0f0"
24,2,1,6,0,25963,122.286,23.571,12.714,"aafhpa6zc1, fcrpbfiio0"
25,4,0.833,14,0.75,159.95,3.9,0.05,0.25,"r13befarr1, hlkpvsqss6, s4yei3zbg0, rkybjs4xt2"
26,2,1,9,0,667,13.8,0.1,0.7,"l9ula8jh71, frcbglabi9"
27,2,1,9,0,658.625,31,0.25,0.25,"g2w8trakc7, uiii9btew1"
28,2,1,6,0,194.2,18.8,0.2,0,"cortd41lf9, scbwkpcha8"
29,2,1,9,0,132,3.833,0,4.333,"s6ntpkduu3, ang4dhwkb5"
30,2,1,9,0,921,60.333,0.667,2.833,"cfcgvijj446, yhfuhdyv556"
31,3,0.667,14,0,1656.222,20.444,0.333,0,"courtnaystone1, esmebarth, heddiashley"
