"Account","Network","Unique Shares","Avg Time Between Shares (sec)","Edge Symmetry Score","Degree","Strength","Betweenness","Avg Views","Avg Likes","Avg Comments","Avg Shares"
"<a href=""https://tiktok.com/@11cjhggg"" target=""_blank"">@11cjhggg</a>",75,4,39.429,1,1,7,0,435.75,8,0.25,0
"<a href=""https://tiktok.com/@1yrogls"" target=""_blank"">@1yrogls</a>",74,5,49.357,0.935,5,40,0,10832,333.6,1.6,0.4
"<a href=""https://tiktok.com/@4khuik"" target=""_blank"">@4khuik</a>",77,4,57,1,1,7,0,447.25,15.25,0,0
"<a href=""https://tiktok.com/@6dhbgbvuyqw"" target=""_blank"">@6dhbgbvuyqw</a>",29,5,81.25,1,1,8,0,1149,91,1.8,0.4
"<a href=""https://tiktok.com/@709hahajiajia77"" target=""_blank"">@709hahajiajia77</a>",132,3,46.083,1,2,17,0,251,11.333,1.333,1
"<a href=""https://tiktok.com/@7alconpal"" target=""_blank"">@7alconpal</a>",64,6,20.572,0.992,12,204,0,145.667,4,0.167,0
"<a href=""https://tiktok.com/@abvo9287"" target=""_blank"">@abvo9287</a>",134,3,67.083,1,2,17,0,542.333,55.333,0,5.333
"<a href=""https://tiktok.com/@aed0267"" target=""_blank"">@aed0267</a>",39,7,59.782,0.881,4,46,0,7331.375,144.5,0.5,12.5
"<a href=""https://tiktok.com/@aed2581"" target=""_blank"">@aed2581</a>",102,4,82.429,1,1,7,0,430.286,42.571,1.143,0
"<a href=""https://tiktok.com/@aed2750"" target=""_blank"">@aed2750</a>",39,11,52.989,0.827,5,75,0,1423.727,57.273,0.182,4.182
"<a href=""https://tiktok.com/@aedhdici"" target=""_blank"">@aedhdici</a>",6,5,55.455,0.774,2,15,0,1039.286,47.286,0.286,0.143
"<a href=""https://tiktok.com/@aedjdpckd"" target=""_blank"">@aedjdpckd</a>",1,8,60.235,0.925,3,32,0,4282.375,71.375,0.75,15.75
"<a href=""https://tiktok.com/@aedyckctu"" target=""_blank"">@aedyckctu</a>",5,6,63.429,0.8,1,7,0,2026.667,121.333,0.833,3.167
"<a href=""https://tiktok.com/@akksdb4"" target=""_blank"">@akksdb4</a>",87,8,36.65,0.944,3,26,0,5675.25,145.5,4.625,0.75
"<a href=""https://tiktok.com/@alexandrina.thorn"" target=""_blank"">@alexandrina.thorn</a>",63,5,57.714,0.8,1,7,0,25277.333,2090,82.5,684
"<a href=""https://tiktok.com/@ali188113"" target=""_blank"">@ali188113</a>",162,11,13.15,1,2,20,0,736.091,10.545,0.182,0.182
"<a href=""https://tiktok.com/@amadeus.pena"" target=""_blank"">@amadeus.pena</a>",130,3,61.817,0.9,2,16,0,830,31.333,0,0
"<a href=""https://tiktok.com/@amayakianas"" target=""_blank"">@amayakianas</a>",133,3,59.125,0.8,1,8,0,2001.667,42.333,0,0
"<a href=""https://tiktok.com/@amazingpilot0"" target=""_blank"">@amazingpilot0</a>",100,9,64.656,1,2,23,0,29.692,7.231,1.115,0
"<a href=""https://tiktok.com/@amazingpilot2"" target=""_blank"">@amazingpilot2</a>",100,9,52.111,0.789,2,27,0,1060.1,104.067,4.367,0.733
"<a href=""https://tiktok.com/@amkgvx"" target=""_blank"">@amkgvx</a>",55,7,60.875,0.857,1,8,0,719.714,16,0.571,0.429
"<a href=""https://tiktok.com/@arffug"" target=""_blank"">@arffug</a>",91,9,50.421,0.912,7,71,0,573.5,35.833,0.75,1.917
"<a href=""https://tiktok.com/@aseng.haymong"" target=""_blank"">@aseng.haymong</a>",53,6,75.25,1,1,8,0,3102.714,87.857,1.714,1
"<a href=""https://tiktok.com/@avafind2"" target=""_blank"">@avafind2</a>",103,13,26.462,1,4,38,0,860.19,1.286,0,0.143
"<a href=""https://tiktok.com/@b0707293"" target=""_blank"">@b0707293</a>",107,3,80.25,1,1,8,0,305,10.333,0.667,0
"<a href=""https://tiktok.com/@b301337"" target=""_blank"">@b301337</a>",121,3,24.556,1,1,9,0,904,54.667,0.333,0
"<a href=""https://tiktok.com/@baobaom402"" target=""_blank"">@baobaom402</a>",128,5,60.625,1,1,8,0,221.6,8.4,0.4,0
"<a href=""https://tiktok.com/@baxor3828"" target=""_blank"">@baxor3828</a>",75,4,39.429,1,1,7,0,475.25,13,0,0
"<a href=""https://tiktok.com/@bbbmm480"" target=""_blank"">@bbbmm480</a>",108,4,62.339,1,2,15,0,799,86.75,0.5,26.25
"<a href=""https://tiktok.com/@bcjeibox"" target=""_blank"">@bcjeibox</a>",99,8,71.625,0.75,1,8,0,1017.375,135,0.5,1.125
"<a href=""https://tiktok.com/@bdjsbsk4"" target=""_blank"">@bdjsbsk4</a>",79,5,32.333,0.756,5,53,0,497,13,2.2,0.2
"<a href=""https://tiktok.com/@bdjsxn6"" target=""_blank"">@bdjsxn6</a>",82,4,44,1,1,8,0,1483.167,93.333,1.167,0.167
"<a href=""https://tiktok.com/@bdoci6"" target=""_blank"">@bdoci6</a>",2,7,54.683,0.952,3,26,0,1291.375,71.125,0.25,1.625
"<a href=""https://tiktok.com/@beautiful46h"" target=""_blank"">@beautiful46h</a>",100,19,75.333,0.831,3,43,0,54.476,20.952,5.952,0
"<a href=""https://tiktok.com/@beautifulseen30"" target=""_blank"">@beautifulseen30</a>",100,9,73.31,0.775,2,28,0,12.8,3.8,1.333,0
"<a href=""https://tiktok.com/@beautyqueendriver3"" target=""_blank"">@beautyqueendriver3</a>",101,5,52.222,0.833,1,9,0,224.042,49.917,5.917,0.25
"<a href=""https://tiktok.com/@befa5473"" target=""_blank"">@befa5473</a>",134,3,65,1,2,18,0,873.667,47.667,2.333,0.667
"<a href=""https://tiktok.com/@bfihc"" target=""_blank"">@bfihc</a>",6,6,51.143,0.917,2,15,0,5978.667,74.667,0.333,0.333
"<a href=""https://tiktok.com/@bhbtv103"" target=""_blank"">@bhbtv103</a>",168,4,57.75,1,1,8,0,4056.75,75.5,0,0.5
"<a href=""https://tiktok.com/@bipiqo"" target=""_blank"">@bipiqo</a>",91,9,58.74,0.809,5,92,0,399.1,12.5,0,0.1
"<a href=""https://tiktok.com/@bjspsp"" target=""_blank"">@bjspsp</a>",89,8,64.416,0.967,5,45,0,5651.625,147.75,4.5,1.625
"<a href=""https://tiktok.com/@bkot6010"" target=""_blank"">@bkot6010</a>",67,8,46,0.944,2,33,0,904.889,44.444,0.333,0.778
"<a href=""https://tiktok.com/@bkvhf1"" target=""_blank"">@bkvhf1</a>",18,6,53.611,0.944,2,20,0,877.667,65.333,1.167,1.333
"<a href=""https://tiktok.com/@bsbseuo"" target=""_blank"">@bsbseuo</a>",36,6,39.812,0.75,2,16,0,6895.833,234.833,2.167,2.167
"<a href=""https://tiktok.com/@bvoo3130"" target=""_blank"">@bvoo3130</a>",65,8,75.08,0.926,6,98,0,2084.25,64.875,1.25,1
"<a href=""https://tiktok.com/@cagnhd"" target=""_blank"">@cagnhd</a>",36,8,61.807,0.794,8,67,0,1991.5,91.75,1.25,0.375
"<a href=""https://tiktok.com/@calfkg"" target=""_blank"">@calfkg</a>",139,12,26.071,0.942,4,104,0,677.833,47.167,0.167,0.083
"<a href=""https://tiktok.com/@cardriving139"" target=""_blank"">@cardriving139</a>",100,16,70.976,0.747,3,52,0,96.857,34.095,9.143,0.095
"<a href=""https://tiktok.com/@carlos.alberto.al886"" target=""_blank"">@carlos.alberto.al886</a>",54,7,46.818,1,1,11,0,4159.5,137.375,0.75,2.25
"<a href=""https://tiktok.com/@cbjf05"" target=""_blank"">@cbjf05</a>",4,8,31.867,0.938,2,22,0,2165,59.75,0.5,0.375
"<a href=""https://tiktok.com/@cbnhf5680"" target=""_blank"">@cbnhf5680</a>",57,4,49,1,1,8,0,1256.25,83.75,5,2.5
"<a href=""https://tiktok.com/@cc852324"" target=""_blank"">@cc852324</a>",106,3,45.111,0.8,1,9,0,191,5.667,0,0
"<a href=""https://tiktok.com/@chaff8892"" target=""_blank"">@chaff8892</a>",26,4,37.286,1,1,7,0,740.4,26.8,0.2,0
"<a href=""https://tiktok.com/@charlene.gilbert31"" target=""_blank"">@charlene.gilbert31</a>",51,5,67.429,0.857,1,7,0,1339.571,59.286,1.143,0.286
"<a href=""https://tiktok.com/@chayatarabichokkh"" target=""_blank"">@chayatarabichokkh</a>",83,5,59.571,1,1,7,0,823.6,35.8,1,0.2
"<a href=""https://tiktok.com/@chdg050"" target=""_blank"">@chdg050</a>",32,7,51.996,0.915,3,28,0,17590.714,173,8,1.143
"<a href=""https://tiktok.com/@chiigcohhc"" target=""_blank"">@chiigcohhc</a>",24,4,42.75,1,1,8,0,1165.5,66.75,0.25,0.75
"<a href=""https://tiktok.com/@china_busderiver_121"" target=""_blank"">@china_busderiver_121</a>",44,4,65.923,0.571,1,13,0,364.833,44,3.333,0.25
"<a href=""https://tiktok.com/@china_deriver_0"" target=""_blank"">@china_deriver_0</a>",45,6,94.941,0.708,2,25,0,2565.25,209.167,11.417,6.083
"<a href=""https://tiktok.com/@chinesebeauty39"" target=""_blank"">@chinesebeauty39</a>",100,12,58.266,0.893,2,48,0,1074.412,93.118,8.529,0.647
"<a href=""https://tiktok.com/@chinna_deiver_girl0"" target=""_blank"">@chinna_deiver_girl0</a>",100,3,51.667,0.8,1,9,0,56100.778,4647.111,186,45.889
"<a href=""https://tiktok.com/@chkchifofo"" target=""_blank"">@chkchifofo</a>",22,6,57.429,0.917,2,14,0,332,5.833,0,0
"<a href=""https://tiktok.com/@chummi_queen1"" target=""_blank"">@chummi_queen1</a>",42,5,70.84,0.833,1,25,0,4091.083,197.667,17.292,12.208
"<a href=""https://tiktok.com/@chvchj5"" target=""_blank"">@chvchj5</a>",49,7,27.75,1,1,8,0,1659.286,100.286,1.857,1.286
"<a href=""https://tiktok.com/@cifgoo"" target=""_blank"">@cifgoo</a>",21,4,57.429,1,1,7,0,1252.75,36.5,0,0
"<a href=""https://tiktok.com/@ciojkb"" target=""_blank"">@ciojkb</a>",64,12,19.858,0.951,12,318,0,1399.75,127.083,0.083,0.25
"<a href=""https://tiktok.com/@cisos51"" target=""_blank"">@cisos51</a>",89,6,70.625,1,2,16,0,968,78.167,1.167,0
"<a href=""https://tiktok.com/@cjdfndrh"" target=""_blank"">@cjdfndrh</a>",77,4,57,1,1,7,0,654.25,41.25,0.5,0.25
"<a href=""https://tiktok.com/@cjgbkbl"" target=""_blank"">@cjgbkbl</a>",17,6,51.348,1,2,15,0,956.833,45,0,0.333
"<a href=""https://tiktok.com/@cjjr8012"" target=""_blank"">@cjjr8012</a>",134,3,66.667,1,3,27,0,290.333,4,0,0
"<a href=""https://tiktok.com/@cjur6297"" target=""_blank"">@cjur6297</a>",159,3,61.921,1,3,25,0,764,60.333,0.333,0
"<a href=""https://tiktok.com/@ckief1163"" target=""_blank"">@ckief1163</a>",68,11,17.436,1,4,37,0,1471.364,76.091,0.455,0.182
"<a href=""https://tiktok.com/@coirf88774"" target=""_blank"">@coirf88774</a>",159,6,64.44,1,4,34,0,1174.833,130.167,1,3.5
"<a href=""https://tiktok.com/@congminhbang"" target=""_blank"">@congminhbang</a>",128,5,60.625,1,1,8,0,182,11.2,0,0
"<a href=""https://tiktok.com/@courr1227"" target=""_blank"">@courr1227</a>",159,3,62.333,1,1,9,0,1671,88.667,0,0
"<a href=""https://tiktok.com/@coyrg2348"" target=""_blank"">@coyrg2348</a>",135,3,65.906,1,4,35,0,751,25.667,0.667,0.333
"<a href=""https://tiktok.com/@cp.eagdu"" target=""_blank"">@cp.eagdu</a>",7,8,69.222,1,1,9,0,5949.875,252,1.5,10.5
"<a href=""https://tiktok.com/@craig.harrell0"" target=""_blank"">@craig.harrell0</a>",7,7,63.611,0.917,2,16,0,1444.571,158.571,1.143,0.571
"<a href=""https://tiktok.com/@crtyougo"" target=""_blank"">@crtyougo</a>",35,4,23.5,1,4,32,0,1908.5,88,5.25,2.25
"<a href=""https://tiktok.com/@cutebaby_driver120"" target=""_blank"">@cutebaby_driver120</a>",44,8,65.923,0.571,1,13,0,844.556,137.444,14.278,4.722
"<a href=""https://tiktok.com/@cutegirlbabe2"" target=""_blank"">@cutegirlbabe2</a>",42,8,70.84,0.833,1,25,0,4.087,1.13,0.174,0
"<a href=""https://tiktok.com/@cx.b28"" target=""_blank"">@cx.b28</a>",33,8,55.369,0.955,2,19,0,1794.5,102.375,2,0.75
"<a href=""https://tiktok.com/@cxjunn7"" target=""_blank"">@cxjunn7</a>",140,12,17.572,0.968,4,105,0,868.167,69.333,1.417,0.083
"<a href=""https://tiktok.com/@d548930"" target=""_blank"">@d548930</a>",108,6,71.588,0.964,4,34,0,1878.5,70.833,1.333,1
"<a href=""https://tiktok.com/@darrell.breitenbe"" target=""_blank"">@darrell.breitenbe</a>",98,6,29.143,1,1,7,0,5192.167,70.167,4,15
"<a href=""https://tiktok.com/@dayutoureddit"" target=""_blank"">@dayutoureddit</a>",84,8,54.923,1,1,13,0,6788.5,315.375,8.625,2.125
"<a href=""https://tiktok.com/@dchj473"" target=""_blank"">@dchj473</a>",116,4,64.768,1,2,15,0,936,51.25,0.5,0.75
"<a href=""https://tiktok.com/@ddeaxmelj72"" target=""_blank"">@ddeaxmelj72</a>",27,5,51.396,1,4,34,0,1305.8,52.2,2,1.2
"<a href=""https://tiktok.com/@delwyjlkjct"" target=""_blank"">@delwyjlkjct</a>",28,4,57.714,1,1,7,0,249.5,4.75,0,0
"<a href=""https://tiktok.com/@dghhg372"" target=""_blank"">@dghhg372</a>",89,7,55.314,0.886,3,32,0,10167.143,599.571,7.286,4.571
"<a href=""https://tiktok.com/@dhdy311"" target=""_blank"">@dhdy311</a>",108,4,61.411,1,2,15,0,274.25,13.75,0.25,1.5
"<a href=""https://tiktok.com/@dhfde8"" target=""_blank"">@dhfde8</a>",124,4,71.5,1,1,8,0,625.25,35,0.25,20
"<a href=""https://tiktok.com/@dhie1905"" target=""_blank"">@dhie1905</a>",71,12,9.75,1,1,12,0,1457.333,84.333,0.417,0.667
"<a href=""https://tiktok.com/@dhuolt"" target=""_blank"">@dhuolt</a>",64,6,20.255,0.965,12,204,0,825.833,46.667,2.5,1.333
"<a href=""https://tiktok.com/@didh3868"" target=""_blank"">@didh3868</a>",134,3,62.556,1,3,27,0,1390.667,40.667,0.667,0
"<a href=""https://tiktok.com/@didu9573"" target=""_blank"">@didu9573</a>",134,3,54,1,1,9,0,330.333,9.333,0,0
"<a href=""https://tiktok.com/@dijx3903"" target=""_blank"">@dijx3903</a>",65,8,71.501,0.944,5,91,0,1506,61.25,0,0.125
"<a href=""https://tiktok.com/@dingmanhiga"" target=""_blank"">@dingmanhiga</a>",130,3,79.237,0.9,4,30,0,551.333,45.667,0,0
"<a href=""https://tiktok.com/@djbdjfjff"" target=""_blank"">@djbdjfjff</a>",29,8,78.125,0.812,2,16,0,1214,143.5,1,0.75
"<a href=""https://tiktok.com/@djcds8"" target=""_blank"">@djcds8</a>",141,7,52.938,0.917,2,16,0,1010.714,85.714,0.571,2.429
"<a href=""https://tiktok.com/@djdinh4"" target=""_blank"">@djdinh4</a>",47,6,43.556,1,1,9,0,1863.875,132.625,2.875,1.25
"<a href=""https://tiktok.com/@djm9r"" target=""_blank"">@djm9r</a>",30,8,63.875,0.857,1,8,0,1262.5,116.625,0.375,1.5
"<a href=""https://tiktok.com/@dkdosbg"" target=""_blank"">@dkdosbg</a>",132,3,51.667,1,1,9,0,337,17,0,0
"<a href=""https://tiktok.com/@dlakhjx"" target=""_blank"">@dlakhjx</a>",20,6,52,1,1,7,0,219.667,5.5,0,0
"<a href=""https://tiktok.com/@dogsfan7"" target=""_blank"">@dogsfan7</a>",101,6,52.222,0.833,1,9,0,232.583,11.833,0.792,0.083
"<a href=""https://tiktok.com/@drgd8391"" target=""_blank"">@drgd8391</a>",65,9,69.35,0.917,4,62,0,1564.556,101.667,0.667,1.667
"<a href=""https://tiktok.com/@dtbtcc8"" target=""_blank"">@dtbtcc8</a>",91,9,72.648,0.795,6,99,0,1105,75.222,0.111,1.222
"<a href=""https://tiktok.com/@dthh824"" target=""_blank"">@dthh824</a>",39,9,52.177,0.917,4,56,0,1585.111,61.667,0.222,1.222
"<a href=""https://tiktok.com/@dtkwod"" target=""_blank"">@dtkwod</a>",35,4,35.5,1,4,32,0,1307.75,101,0.5,0.25
"<a href=""https://tiktok.com/@dtxijq"" target=""_blank"">@dtxijq</a>",136,11,21.667,0.971,4,101,0,763.455,39.545,0.727,0.091
"<a href=""https://tiktok.com/@du98092"" target=""_blank"">@du98092</a>",118,4,61.714,1,1,7,0,1104,103.5,1.25,1.75
"<a href=""https://tiktok.com/@duuff30"" target=""_blank"">@duuff30</a>",74,4,78.524,1,3,21,0,1270,54,4,2.25
"<a href=""https://tiktok.com/@dyxh0219"" target=""_blank"">@dyxh0219</a>",68,8,17.013,1,4,31,0,982.75,60.375,0.125,0.75
"<a href=""https://tiktok.com/@eagehh"" target=""_blank"">@eagehh</a>",64,6,20.95,0.958,12,204,0,448.167,12.833,0.667,0
"<a href=""https://tiktok.com/@ecbb18"" target=""_blank"">@ecbb18</a>",108,6,55.53,0.889,3,23,0,573,75.833,0.5,0.5
"<a href=""https://tiktok.com/@ehen2929"" target=""_blank"">@ehen2929</a>",135,3,69.655,1,4,34,0,1025.333,52,0.333,0
"<a href=""https://tiktok.com/@eiej4325"" target=""_blank"">@eiej4325</a>",66,5,39.133,0.833,1,15,0,1179.4,135.6,0.4,0
"<a href=""https://tiktok.com/@elleigh.anton"" target=""_blank"">@elleigh.anton</a>",81,4,47,1,1,8,0,1532.75,77.5,0.75,0
"<a href=""https://tiktok.com/@emadarac1ti"" target=""_blank"">@emadarac1ti</a>",96,5,43.429,1,1,7,0,8161,18.5,1.167,0.167
"<a href=""https://tiktok.com/@emory.drawehj"" target=""_blank"">@emory.drawehj</a>",54,6,50.4,1,1,10,0,1441.125,33.625,2,5.875
"<a href=""https://tiktok.com/@eqmhqf"" target=""_blank"">@eqmhqf</a>",91,9,76.065,0.786,5,66,0,594.444,46.556,0.111,0.222
"<a href=""https://tiktok.com/@eqxela7"" target=""_blank"">@eqxela7</a>",136,11,21.602,0.944,4,105,0,664.727,30.273,0.818,0.182
"<a href=""https://tiktok.com/@essifamb55"" target=""_blank"">@essifamb55</a>",133,3,59.125,0.8,1,8,0,861.667,45.333,0.667,0
"<a href=""https://tiktok.com/@fachi127"" target=""_blank"">@fachi127</a>",117,4,63.571,1,1,7,0,919,56.75,4.5,0.75
"<a href=""https://tiktok.com/@fauy8466"" target=""_blank"">@fauy8466</a>",6,6,44.312,0.857,2,16,0,1700.167,90,0,0.5
"<a href=""https://tiktok.com/@fbgg2395"" target=""_blank"">@fbgg2395</a>",159,5,66.875,1,2,21,0,662.6,41.6,0,0
"<a href=""https://tiktok.com/@fbnggg2"" target=""_blank"">@fbnggg2</a>",87,6,28.225,0.917,2,18,0,3480.75,85.5,2.25,0.375
"<a href=""https://tiktok.com/@fcjjv86"" target=""_blank"">@fcjjv86</a>",9,5,50.75,0.857,1,8,0,1654.833,84.833,0.833,3.5
"<a href=""https://tiktok.com/@fctjcrg9s3"" target=""_blank"">@fctjcrg9s3</a>",80,6,43,1,1,10,0,19737.667,423.833,5.333,2
"<a href=""https://tiktok.com/@fdfhhh783"" target=""_blank"">@fdfhhh783</a>",125,3,64.865,0.8,2,16,0,4592,100.333,1,2
"<a href=""https://tiktok.com/@fdfhj821"" target=""_blank"">@fdfhj821</a>",116,5,61.95,0.929,2,18,0,552.2,53.4,1.6,0.8
"<a href=""https://tiktok.com/@fdxgh64"" target=""_blank"">@fdxgh64</a>",147,4,40.6,0.833,1,10,0,1419.8,70.4,1.6,1
"<a href=""https://tiktok.com/@fghj3095"" target=""_blank"">@fghj3095</a>",108,4,76.036,1,2,15,0,1261.5,130.167,0.333,0
"<a href=""https://tiktok.com/@fgvv752"" target=""_blank"">@fgvv752</a>",108,6,65.72,0.932,7,60,0,331.333,29.333,0,0.5
"<a href=""https://tiktok.com/@fhda78402"" target=""_blank"">@fhda78402</a>",65,9,67.943,0.893,5,85,0,17286.417,482.75,1.25,5.667
"<a href=""https://tiktok.com/@fhdjfjfj8"" target=""_blank"">@fhdjfjfj8</a>",19,4,54.714,1,1,7,0,747.25,31.5,0.25,0
"<a href=""https://tiktok.com/@fhkundshunk"" target=""_blank"">@fhkundshunk</a>",37,7,52.069,0.955,2,26,0,945.875,44.25,1.25,4.25
"<a href=""https://tiktok.com/@fijficvk"" target=""_blank"">@fijficvk</a>",17,4,50.571,1,1,7,0,993.25,65.75,0,0
"<a href=""https://tiktok.com/@fijglhhj"" target=""_blank"">@fijglhhj</a>",19,5,60.778,1,1,9,0,881.8,41,0.2,2.2
"<a href=""https://tiktok.com/@fjbfe0"" target=""_blank"">@fjbfe0</a>",104,4,67.25,1,1,8,0,656,30.25,0.5,0.75
"<a href=""https://tiktok.com/@fjfhjf182"" target=""_blank"">@fjfhjf182</a>",163,3,58.611,0.9,2,18,0,845.333,109.667,0,0.333
"<a href=""https://tiktok.com/@fjgd605"" target=""_blank"">@fjgd605</a>",154,3,27.444,1,1,9,0,9026.667,270.667,0,2.667
"<a href=""https://tiktok.com/@fjhfjfgjchjghfhjj"" target=""_blank"">@fjhfjfgjchjghfhjj</a>",84,7,54.923,1,1,13,0,903.714,59.571,0.714,0.571
"<a href=""https://tiktok.com/@fjyukfjjf"" target=""_blank"">@fjyukfjjf</a>",33,8,68.982,0.899,2,21,0,1110.222,75.889,1.111,0.444
"<a href=""https://tiktok.com/@fkfdnd"" target=""_blank"">@fkfdnd</a>",31,7,74.25,1,1,8,0,1564.714,95.857,2.857,1
"<a href=""https://tiktok.com/@fkir2290"" target=""_blank"">@fkir2290</a>",159,3,64.111,1,3,27,0,363.75,21.25,0,0.25
"<a href=""https://tiktok.com/@flsosi5"" target=""_blank"">@flsosi5</a>",89,6,68.812,1,4,32,0,1541.833,73.667,0.833,0
"<a href=""https://tiktok.com/@fm04718"" target=""_blank"">@fm04718</a>",116,6,53.188,1,4,32,0,1167.833,76.5,5.833,2.167
"<a href=""https://tiktok.com/@fody.noachp"" target=""_blank"">@fody.noachp</a>",46,6,47.25,1,1,8,0,1062.5,55.167,0,0.333
"<a href=""https://tiktok.com/@foot89786"" target=""_blank"">@foot89786</a>",66,3,86.688,1,2,17,0,794.667,39.667,0.667,0.333
"<a href=""https://tiktok.com/@fqyjbw"" target=""_blank"">@fqyjbw</a>",138,9,16.69,0.96,4,82,0,537.556,30.667,0.778,0.222
"<a href=""https://tiktok.com/@ft33271"" target=""_blank"">@ft33271</a>",116,6,50.486,0.905,3,25,0,2999.833,139.333,1.5,2.5
"<a href=""https://tiktok.com/@fu445778668"" target=""_blank"">@fu445778668</a>",148,3,47.653,0.96,5,43,0,388.667,8.667,0,0
"<a href=""https://tiktok.com/@fudhghvjj"" target=""_blank"">@fudhghvjj</a>",148,3,49.286,0.96,5,42,0,245.833,5.667,0,0
"<a href=""https://tiktok.com/@fvijte"" target=""_blank"">@fvijte</a>",64,10,19.906,0.939,11,264,0,658.9,36.7,0.8,0.2
"<a href=""https://tiktok.com/@fvsthx7"" target=""_blank"">@fvsthx7</a>",102,7,82.429,1,1,7,0,1349.778,66.778,0.667,0.222
"<a href=""https://tiktok.com/@fwihnf"" target=""_blank"">@fwihnf</a>",64,9,22.761,0.952,12,267,0,564.667,33,0.222,0.333
"<a href=""https://tiktok.com/@g.in.cgn"" target=""_blank"">@g.in.cgn</a>",74,4,58.643,0.85,4,28,0,1524.5,80.75,1.75,0
"<a href=""https://tiktok.com/@g1484809"" target=""_blank"">@g1484809</a>",107,3,64.562,0.9,2,16,0,672.667,23,0.333,0.333
"<a href=""https://tiktok.com/@g275176"" target=""_blank"">@g275176</a>",112,5,73.667,0.667,1,12,0,1287,59,0,0.4
"<a href=""https://tiktok.com/@g5583124"" target=""_blank"">@g5583124</a>",114,3,75,1,1,9,0,267.667,10.333,0,0
"<a href=""https://tiktok.com/@gabriela.daciana"" target=""_blank"">@gabriela.daciana</a>",162,11,13.241,1,2,21,0,4999.636,28.182,0.364,1.364
"<a href=""https://tiktok.com/@gacbwp"" target=""_blank"">@gacbwp</a>",138,7,23.946,0.918,4,77,0,387.429,18.857,0,0
"<a href=""https://tiktok.com/@gajis40"" target=""_blank"">@gajis40</a>",88,4,34.75,1,1,8,0,4460.25,175.75,3,0.75
"<a href=""https://tiktok.com/@gddgj719"" target=""_blank"">@gddgj719</a>",168,4,54.143,1,1,7,0,1644.5,80.75,0.25,1.75
"<a href=""https://tiktok.com/@gdgjk321"" target=""_blank"">@gdgjk321</a>",116,4,44.893,1,3,22,0,260.75,16.5,0.5,0
"<a href=""https://tiktok.com/@gdjdi63"" target=""_blank"">@gdjdi63</a>",89,6,68.983,1,5,43,0,954.5,68.167,1.333,1.333
"<a href=""https://tiktok.com/@gdkcofufn"" target=""_blank"">@gdkcofufn</a>",31,6,74.25,1,1,8,0,1339,148.833,1,0.167
"<a href=""https://tiktok.com/@gdsgh00"" target=""_blank"">@gdsgh00</a>",125,3,75.593,0.933,3,27,0,2430,109,0,3.333
"<a href=""https://tiktok.com/@gduhx01"" target=""_blank"">@gduhx01</a>",10,4,55.571,1,1,7,0,1598,99.6,1.2,0.4
"<a href=""https://tiktok.com/@gdxhij"" target=""_blank"">@gdxhij</a>",116,4,62.25,1,4,32,0,2930.25,251.75,7.5,4.5
"<a href=""https://tiktok.com/@gehr148"" target=""_blank"">@gehr148</a>",141,6,40.5,1,1,8,0,1667.5,108,1,2.375
"<a href=""https://tiktok.com/@gesghh2"" target=""_blank"">@gesghh2</a>",154,3,27.444,1,1,9,0,3414.667,133,1.333,8.333
"<a href=""https://tiktok.com/@ggdcxg1"" target=""_blank"">@ggdcxg1</a>",1,8,52.201,0.952,3,30,0,12070.125,76.25,1,0.375
"<a href=""https://tiktok.com/@ggg00435"" target=""_blank"">@ggg00435</a>",107,3,67.667,1,1,9,0,316.333,18,0,0.667
"<a href=""https://tiktok.com/@gh71808"" target=""_blank"">@gh71808</a>",106,3,45.111,0.8,1,9,0,574,25.667,0.667,0
"<a href=""https://tiktok.com/@ghebdts"" target=""_blank"">@ghebdts</a>",87,6,56.679,0.9,2,15,0,1344.429,59.429,1.143,0.286
"<a href=""https://tiktok.com/@ghhj8554"" target=""_blank"">@ghhj8554</a>",65,8,62.569,0.889,3,29,0,1483.75,62.875,0.75,1.25
"<a href=""https://tiktok.com/@ghhostwang"" target=""_blank"">@ghhostwang</a>",160,8,39.5,0.75,1,14,0,16398.455,85.364,1,2.818
"<a href=""https://tiktok.com/@gig08481"" target=""_blank"">@gig08481</a>",141,6,35.25,1,2,16,0,3431.667,69,1.333,0.833
"<a href=""https://tiktok.com/@gigigjj"" target=""_blank"">@gigigjj</a>",22,7,60.714,1,1,7,0,507,22.429,0,0
"<a href=""https://tiktok.com/@gisela.lipke"" target=""_blank"">@gisela.lipke</a>",1,8,54.998,0.877,3,33,0,8384.5,93.5,1.75,3.875
"<a href=""https://tiktok.com/@givi0331"" target=""_blank"">@givi0331</a>",67,8,62.441,0.875,2,37,0,404.909,22,0.364,0.727
"<a href=""https://tiktok.com/@gjdi03"" target=""_blank"">@gjdi03</a>",88,4,61.429,1,2,15,0,620.25,33.5,1.25,0
"<a href=""https://tiktok.com/@gjhg8047"" target=""_blank"">@gjhg8047</a>",66,3,71.236,1,3,26,0,908.667,61.667,0.667,0
"<a href=""https://tiktok.com/@gjlgcgh"" target=""_blank"">@gjlgcgh</a>",114,3,75,1,1,9,0,1263.667,29.333,0,0
"<a href=""https://tiktok.com/@gjyg686"" target=""_blank"">@gjyg686</a>",141,6,45.7,0.938,2,18,0,5596.833,78.667,0.333,2
"<a href=""https://tiktok.com/@gkieg99990"" target=""_blank"">@gkieg99990</a>",135,3,69.319,1,3,26,0,1243.667,39,1,0
"<a href=""https://tiktok.com/@gkkfykjb"" target=""_blank"">@gkkfykjb</a>",21,5,57.429,1,1,7,0,372,16.2,0,0.4
"<a href=""https://tiktok.com/@glueg7414"" target=""_blank"">@glueg7414</a>",134,3,61.278,1,3,26,0,1923.333,67.333,0.667,0.333
"<a href=""https://tiktok.com/@glye82199"" target=""_blank"">@glye82199</a>",68,10,25.471,1,4,34,0,2484.2,59.9,0.7,1.3
"<a href=""https://tiktok.com/@gnsky51"" target=""_blank"">@gnsky51</a>",116,4,39.125,1,2,16,0,457.25,46.25,0.25,0
"<a href=""https://tiktok.com/@gohdr4367"" target=""_blank"">@gohdr4367</a>",79,4,35.769,0.881,4,36,0,939,25.5,0,0.75
"<a href=""https://tiktok.com/@goodbye17507"" target=""_blank"">@goodbye17507</a>",27,6,46.519,0.958,3,30,0,1567.333,128.833,0,2.667
"<a href=""https://tiktok.com/@gooj806"" target=""_blank"">@gooj806</a>",41,8,55.782,0.975,4,54,0,1264,60.375,0.5,1
"<a href=""https://tiktok.com/@gorgeousgirl268"" target=""_blank"">@gorgeousgirl268</a>",100,9,75.292,0.812,2,19,0,34.048,7.952,1,0.095
"<a href=""https://tiktok.com/@gour2295"" target=""_blank"">@gour2295</a>",159,5,64.042,1,2,21,0,680.4,39.8,0.2,0.4
"<a href=""https://tiktok.com/@gqvgpl"" target=""_blank"">@gqvgpl</a>",72,5,24.778,1,1,9,0,1128.8,42.4,0.4,0
"<a href=""https://tiktok.com/@grdgh36"" target=""_blank"">@grdgh36</a>",144,4,37.25,1,1,8,0,554.5,39.5,1.5,0
"<a href=""https://tiktok.com/@grdgh760"" target=""_blank"">@grdgh760</a>",116,4,70.125,1,2,16,0,8244.75,177.75,0.25,7.5
"<a href=""https://tiktok.com/@grdgj94"" target=""_blank"">@grdgj94</a>",143,6,24.3,0.833,1,10,0,1902.5,52.167,0.5,2.5
"<a href=""https://tiktok.com/@grilofchina"" target=""_blank"">@grilofchina</a>",100,13,74.167,0.833,1,12,0,29.083,7.833,1.167,0
"<a href=""https://tiktok.com/@grsfhj4"" target=""_blank"">@grsfhj4</a>",104,5,41.5,1,1,8,0,647.8,73.8,0.4,1.8
"<a href=""https://tiktok.com/@gubwos"" target=""_blank"">@gubwos</a>",32,6,56.071,1,2,14,0,9586.5,208.833,2.667,0.5
"<a href=""https://tiktok.com/@guch008"" target=""_blank"">@guch008</a>",85,4,82.714,0.8,1,7,0,1804,130.125,3.125,7
"<a href=""https://tiktok.com/@gusl.nlod03"" target=""_blank"">@gusl.nlod03</a>",130,3,84.625,1,1,8,0,2683.333,53.667,0.333,2
"<a href=""https://tiktok.com/@guu34210"" target=""_blank"">@guu34210</a>",8,7,45.571,1,1,7,0,1026.875,28.75,0.875,0.25
"<a href=""https://tiktok.com/@gvcchh3457"" target=""_blank"">@gvcchh3457</a>",59,4,63.589,0.9,2,15,0,861,114.75,12.5,10
"<a href=""https://tiktok.com/@gxiiff3"" target=""_blank"">@gxiiff3</a>",7,5,58,0.833,1,7,0,3828,240,0.2,0.4
"<a href=""https://tiktok.com/@gysfh4"" target=""_blank"">@gysfh4</a>",89,6,75,1,1,8,0,1572,113.333,1,1.5
"<a href=""https://tiktok.com/@h8078715"" target=""_blank"">@h8078715</a>",113,3,84,1,1,9,0,144.333,6.333,0,0
"<a href=""https://tiktok.com/@hbvvf739"" target=""_blank"">@hbvvf739</a>",11,5,46.1,0.857,1,10,0,1390.143,62.857,0.571,0
"<a href=""https://tiktok.com/@hddgh331"" target=""_blank"">@hddgh331</a>",125,3,55.222,0.933,3,27,0,1061.667,87.333,0.667,2.333
"<a href=""https://tiktok.com/@hdhxh3484"" target=""_blank"">@hdhxh3484</a>",9,6,50.75,0.857,1,8,0,1193.667,51,1.667,0.167
"<a href=""https://tiktok.com/@hdicok57"" target=""_blank"">@hdicok57</a>",92,5,39.111,1,1,9,0,2308,51.167,2.167,4.167
"<a href=""https://tiktok.com/@hdidkser0"" target=""_blank"">@hdidkser0</a>",33,7,54.987,0.944,2,18,0,6393.714,164.286,0.714,0.857
"<a href=""https://tiktok.com/@hdmjwo1"" target=""_blank"">@hdmjwo1</a>",91,3,49.667,1,1,9,0,388.444,18.667,0.556,0.667
"<a href=""https://tiktok.com/@hdryxd"" target=""_blank"">@hdryxd</a>",36,8,57.787,0.92,5,45,0,2316.25,95.875,4,1.375
"<a href=""https://tiktok.com/@hds.hy"" target=""_blank"">@hds.hy</a>",82,4,71.875,1,2,16,0,1281.75,109.25,0.25,0.25
"<a href=""https://tiktok.com/@hfdsgh257"" target=""_blank"">@hfdsgh257</a>",141,4,37.75,1,1,8,0,471,40.667,1.5,5.667
"<a href=""https://tiktok.com/@hffhvufhfg"" target=""_blank"">@hffhvufhfg</a>",148,3,47.525,0.96,5,43,0,631.667,17,0.667,0
"<a href=""https://tiktok.com/@hfgi3634"" target=""_blank"">@hfgi3634</a>",135,3,72.667,1,2,18,0,1008,35.333,0.333,0.333
"<a href=""https://tiktok.com/@hfigi61"" target=""_blank"">@hfigi61</a>",92,5,39.111,1,1,9,0,1584.333,65.167,1.667,0.333
"<a href=""https://tiktok.com/@hfjjkgi4"" target=""_blank"">@hfjjkgi4</a>",24,4,50.161,0.917,2,15,0,331.75,9.5,0,0.25
"<a href=""https://tiktok.com/@hfstil3"" target=""_blank"">@hfstil3</a>",89,7,48.931,1,2,17,0,7069.429,328.714,5.286,2.143
"<a href=""https://tiktok.com/@hhgghj8866"" target=""_blank"">@hhgghj8866</a>",60,6,42.5,1,1,8,0,2048.167,108.333,3.833,4.167
"<a href=""https://tiktok.com/@hhyyut1"" target=""_blank"">@hhyyut1</a>",131,3,51.125,1,1,8,0,30112,345,3,5.333
"<a href=""https://tiktok.com/@hidouo"" target=""_blank"">@hidouo</a>",91,9,62.998,0.9,5,78,0,714.444,30.667,0.111,0
"<a href=""https://tiktok.com/@hltuoq"" target=""_blank"">@hltuoq</a>",91,9,61.276,0.875,6,91,0,993,24.778,0.111,0.111
"<a href=""https://tiktok.com/@hlwndewrweqh"" target=""_blank"">@hlwndewrweqh</a>",59,6,50.5,0.829,2,14,0,1533,76.667,9.5,4.667
"<a href=""https://tiktok.com/@hockey2840"" target=""_blank"">@hockey2840</a>",27,6,50.793,0.911,3,30,0,1921,52.5,0,0.5
"<a href=""https://tiktok.com/@hojdmc"" target=""_blank"">@hojdmc</a>",64,12,24.192,0.928,12,318,0,814,110.667,0.167,0
"<a href=""https://tiktok.com/@houri.enriqk"" target=""_blank"">@houri.enriqk</a>",53,6,35,1,1,8,0,2472.125,38.625,0.5,1.375
"<a href=""https://tiktok.com/@housn103"" target=""_blank"">@housn103</a>",2,8,75.5,1,2,14,0,1065.625,20.375,0.5,0.25
"<a href=""https://tiktok.com/@hpcfh"" target=""_blank"">@hpcfh</a>",32,6,70.021,0.933,3,23,0,30507.333,885,17.167,20.333
"<a href=""https://tiktok.com/@hrsvh24"" target=""_blank"">@hrsvh24</a>",116,4,60.417,1,3,24,0,745.25,54.5,0,0.75
"<a href=""https://tiktok.com/@huanlyg"" target=""_blank"">@huanlyg</a>",18,9,49.111,0.944,2,19,0,969.778,44.889,0.444,0.222
"<a href=""https://tiktok.com/@huiodjio"" target=""_blank"">@huiodjio</a>",38,5,58.714,0.714,1,7,0,2634.714,149.143,4,1
"<a href=""https://tiktok.com/@hulili45"" target=""_blank"">@hulili45</a>",116,6,52.95,0.929,2,18,0,1575.833,71.167,0.333,1.5
"<a href=""https://tiktok.com/@hullen.nguyen"" target=""_blank"">@hullen.nguyen</a>",3,6,38.111,1,1,9,0,2219.667,111.5,1.667,1.333
"<a href=""https://tiktok.com/@hurrryu"" target=""_blank"">@hurrryu</a>",89,6,55.5,1,4,32,0,2356.667,80,0.333,1.167
"<a href=""https://tiktok.com/@hwvrok"" target=""_blank"">@hwvrok</a>",76,5,32.714,1,2,14,0,2762.6,56.6,0.2,0
"<a href=""https://tiktok.com/@hxavnxh"" target=""_blank"">@hxavnxh</a>",36,8,48.4,0.845,7,63,0,2297.75,160.625,2.875,1
"<a href=""https://tiktok.com/@hxjdsj34"" target=""_blank"">@hxjdsj34</a>",74,4,43.938,0.95,4,31,0,1362.25,78.5,2,0.75
"<a href=""https://tiktok.com/@hxrbdqi"" target=""_blank"">@hxrbdqi</a>",140,9,22.203,0.903,4,87,0,10944.667,402.667,8.111,2.111
"<a href=""https://tiktok.com/@hydu454"" target=""_blank"">@hydu454</a>",108,6,53.078,1,5,42,0,149.333,5.333,0,0.167
"<a href=""https://tiktok.com/@hyg6783"" target=""_blank"">@hyg6783</a>",163,3,99.146,1,2,17,0,83.333,2.333,0,0
"<a href=""https://tiktok.com/@hzhdhs"" target=""_blank"">@hzhdhs</a>",74,6,48.629,0.935,5,40,0,968.333,46,0.5,0.333
"<a href=""https://tiktok.com/@hzuj.dd"" target=""_blank"">@hzuj.dd</a>",52,4,68.143,1,1,7,0,2063.2,120.2,1.8,0.8
"<a href=""https://tiktok.com/@idgc38"" target=""_blank"">@idgc38</a>",11,6,46.1,0.857,1,10,0,22269.875,600.375,4.125,4.375
"<a href=""https://tiktok.com/@ididu034"" target=""_blank"">@ididu034</a>",32,6,47.571,0.878,3,21,0,4946.333,104.5,2.333,0.667
"<a href=""https://tiktok.com/@idpeoc"" target=""_blank"">@idpeoc</a>",91,6,62.72,0.802,3,47,0,879.167,62.333,0,0.833
"<a href=""https://tiktok.com/@idsdyl5"" target=""_blank"">@idsdyl5</a>",137,7,23.399,0.901,4,78,0,514.286,20.857,0,0.143
"<a href=""https://tiktok.com/@if.en.is.fam"" target=""_blank"">@if.en.is.fam</a>",22,5,50.375,1,1,8,0,259,5,0.2,0.2
"<a href=""https://tiktok.com/@iffhkk0"" target=""_blank"">@iffhkk0</a>",116,5,69.429,1,2,14,0,3880.8,156,6.2,11.4
"<a href=""https://tiktok.com/@ifkvkvo"" target=""_blank"">@ifkvkvo</a>",19,6,57.746,1,2,16,0,938.5,56.667,1,0
"<a href=""https://tiktok.com/@ifrt2705"" target=""_blank"">@ifrt2705</a>",70,8,10.5,1,1,8,0,1488.625,75.625,1.125,0.625
"<a href=""https://tiktok.com/@igdigsdp"" target=""_blank"">@igdigsdp</a>",20,6,57.25,1,1,8,0,456,18.833,0,0
"<a href=""https://tiktok.com/@iggkgmv"" target=""_blank"">@iggkgmv</a>",23,6,54.5,0.929,2,14,0,1547.167,55.5,0.333,1
"<a href=""https://tiktok.com/@ihihgi1"" target=""_blank"">@ihihgi1</a>",2,8,44.44,1,2,20,0,1764.875,55.25,1.125,0.25
"<a href=""https://tiktok.com/@ilges.estelwei"" target=""_blank"">@ilges.estelwei</a>",53,6,55.125,1,2,16,0,6649,169.25,2.875,27.875
"<a href=""https://tiktok.com/@iltrukikr"" target=""_blank"">@iltrukikr</a>",116,4,66.125,1,2,16,0,1347.25,212,0.25,4
"<a href=""https://tiktok.com/@incrediboxmusicl"" target=""_blank"">@incrediboxmusicl</a>",131,3,51.125,1,1,8,0,509.333,21.667,0,0
"<a href=""https://tiktok.com/@iryxh4"" target=""_blank"">@iryxh4</a>",52,6,68.143,1,1,7,0,1442.25,72.125,1.875,0.375
"<a href=""https://tiktok.com/@isaac.monroe85"" target=""_blank"">@isaac.monroe85</a>",162,11,13.091,1,2,21,0,13550.909,85.091,0.818,1.818
"<a href=""https://tiktok.com/@isce0690"" target=""_blank"">@isce0690</a>",67,3,94.125,1,1,8,0,593.583,44.5,0.083,0.75
"<a href=""https://tiktok.com/@isgsjdj0"" target=""_blank"">@isgsjdj0</a>",90,6,50.143,0.8,1,7,0,7459.167,326.5,3.5,5.167
"<a href=""https://tiktok.com/@itdotdot"" target=""_blank"">@itdotdot</a>",141,6,56.9,0.875,1,10,0,646.5,44.5,0.333,0.5
"<a href=""https://tiktok.com/@its92008"" target=""_blank"">@its92008</a>",118,6,61.714,1,1,7,0,782.667,62.333,0,0.333
"<a href=""https://tiktok.com/@jajsjsn56"" target=""_blank"">@jajsjsn56</a>",39,9,50.021,0.819,4,66,0,1599.091,76.091,0.182,1.545
"<a href=""https://tiktok.com/@jassowang"" target=""_blank"">@jassowang</a>",161,7,74,0.75,1,7,0,440.75,7.5,0.25,0.125
"<a href=""https://tiktok.com/@jccj44506"" target=""_blank"">@jccj44506</a>",135,3,71.476,1,2,16,0,1429.667,53.333,0,2
"<a href=""https://tiktok.com/@jdkckcj2"" target=""_blank"">@jdkckcj2</a>",4,8,37.202,0.944,2,26,0,20435.75,295.625,3.625,2.875
"<a href=""https://tiktok.com/@jduyfjh"" target=""_blank"">@jduyfjh</a>",49,8,27.75,1,1,8,0,1289.75,113,0.75,0.75
"<a href=""https://tiktok.com/@jecxsz"" target=""_blank"">@jecxsz</a>",136,7,27.021,0.917,4,50,0,434,21.286,0.286,0
"<a href=""https://tiktok.com/@jfdd653"" target=""_blank"">@jfdd653</a>",5,5,63.429,0.8,1,7,0,3944.8,69.4,2,2
"<a href=""https://tiktok.com/@jffihofff"" target=""_blank"">@jffihofff</a>",23,5,48.036,1,2,15,0,323.2,6.8,0,0.2
"<a href=""https://tiktok.com/@jfjjfhk8"" target=""_blank"">@jfjjfhk8</a>",50,7,64.25,1,1,8,0,1308.125,97.125,1.375,0.5
"<a href=""https://tiktok.com/@jhhghhh072"" target=""_blank"">@jhhghhh072</a>",121,4,44.143,1,1,7,0,592,36,0,0.5
"<a href=""https://tiktok.com/@jkdkj"" target=""_blank"">@jkdkj</a>",20,6,57.713,1,3,24,0,843.5,29,0.667,1.167
"<a href=""https://tiktok.com/@jkft143"" target=""_blank"">@jkft143</a>",126,3,33.956,0.8,5,45,0,660.333,9.333,0,0
"<a href=""https://tiktok.com/@jkuy0534"" target=""_blank"">@jkuy0534</a>",65,9,61.006,0.963,3,55,0,756.889,59,0.667,2.778
"<a href=""https://tiktok.com/@joycecody"" target=""_blank"">@joycecody</a>",79,4,32.151,0.891,5,43,0,1589,24.5,0.25,0.25
"<a href=""https://tiktok.com/@jshszh6382"" target=""_blank"">@jshszh6382</a>",73,4,20,1,1,8,0,905.75,57,1.75,0.25
"<a href=""https://tiktok.com/@jspsns3"" target=""_blank"">@jspsns3</a>",89,6,56.875,1,4,40,0,17265,616.429,13.857,13.714
"<a href=""https://tiktok.com/@jvdrg3"" target=""_blank"">@jvdrg3</a>",55,5,60.875,0.857,1,8,0,272.2,10.6,2.6,0.6
"<a href=""https://tiktok.com/@jvhb240"" target=""_blank"">@jvhb240</a>",39,10,52.509,0.851,4,72,0,5025.583,118.417,0.833,0.25
"<a href=""https://tiktok.com/@jvtvc3"" target=""_blank"">@jvtvc3</a>",41,9,49.511,0.969,4,66,0,2333.667,113.778,0.222,0.556
"<a href=""https://tiktok.com/@jxgxi8"" target=""_blank"">@jxgxi8</a>",78,5,48.571,1,1,7,0,616.667,20.5,0.167,0.167
"<a href=""https://tiktok.com/@jxjdkssj"" target=""_blank"">@jxjdkssj</a>",82,4,66,1,3,24,0,1396.25,72.25,0.5,0
"<a href=""https://tiktok.com/@kbpsjd"" target=""_blank"">@kbpsjd</a>",32,7,55.595,0.927,5,39,0,61115.286,2896.429,17,8.714
"<a href=""https://tiktok.com/@kfusj3"" target=""_blank"">@kfusj3</a>",50,6,64.25,1,1,8,0,3157.429,211,3.714,2.857
"<a href=""https://tiktok.com/@kgx703"" target=""_blank"">@kgx703</a>",116,4,41.25,1,1,8,0,1988.5,109.75,0.75,4.5
"<a href=""https://tiktok.com/@khanh.dao61"" target=""_blank"">@khanh.dao61</a>",39,11,57.267,0.958,2,38,0,2583.545,82.545,1.636,0.818
"<a href=""https://tiktok.com/@khcvhlcgi"" target=""_blank"">@khcvhlcgi</a>",83,6,59.571,1,1,7,0,664.833,13.5,0.667,0
"<a href=""https://tiktok.com/@khs6617"" target=""_blank"">@khs6617</a>",153,3,50.214,0.8,2,14,0,693,40.333,0,0
"<a href=""https://tiktok.com/@kikiiwanputra7"" target=""_blank"">@kikiiwanputra7</a>",79,4,27.332,0.851,4,38,0,2534,34,4.75,1
"<a href=""https://tiktok.com/@kilinfaker"" target=""_blank"">@kilinfaker</a>",160,8,39.5,0.75,1,14,0,541.5,10.125,0,0.5
"<a href=""https://tiktok.com/@king_queengg0"" target=""_blank"">@king_queengg0</a>",45,10,94.052,0.633,2,37,0,194.75,18.15,2.15,0.25
"<a href=""https://tiktok.com/@kjuq5904"" target=""_blank"">@kjuq5904</a>",65,6,58.353,1,1,17,0,1539.583,103,1.5,0.583
"<a href=""https://tiktok.com/@kko7876"" target=""_blank"">@kko7876</a>",123,3,49.5,1,1,8,0,875.667,83,0,0.667
"<a href=""https://tiktok.com/@knl39aprh6"" target=""_blank"">@knl39aprh6</a>",103,19,33.496,1,4,51,0,889.579,2.263,0,0.053
"<a href=""https://tiktok.com/@krissi.jamecia"" target=""_blank"">@krissi.jamecia</a>",48,7,40.125,1,1,8,0,1800.5,125.5,3,0
"<a href=""https://tiktok.com/@ksndfmggf"" target=""_blank"">@ksndfmggf</a>",29,8,93.857,0.685,3,23,0,1041.333,82.556,0.222,0.778
"<a href=""https://tiktok.com/@ktsfyh"" target=""_blank"">@ktsfyh</a>",35,4,20.562,1,4,32,0,1240.5,75.75,1.75,0.5
"<a href=""https://tiktok.com/@kubjij"" target=""_blank"">@kubjij</a>",64,12,19.046,0.958,12,318,0,811.833,100.667,1,0.917
"<a href=""https://tiktok.com/@kud4001"" target=""_blank"">@kud4001</a>",126,3,37.022,0.8,5,45,0,693.667,13,0.333,0.667
"<a href=""https://tiktok.com/@kurkeu"" target=""_blank"">@kurkeu</a>",163,3,60.09,0.9,2,17,0,958.667,38.333,0.333,0.667
"<a href=""https://tiktok.com/@kys85234"" target=""_blank"">@kys85234</a>",123,5,49.5,1,1,8,0,587.8,36.6,0,0
"<a href=""https://tiktok.com/@laicai.reddit"" target=""_blank"">@laicai.reddit</a>",61,4,57.25,1,2,16,0,1777.5,96,2.75,4.75
"<a href=""https://tiktok.com/@lancg9200"" target=""_blank"">@lancg9200</a>",78,4,48.571,1,1,7,0,706,109.75,0.25,0.5
"<a href=""https://tiktok.com/@landscape5670"" target=""_blank"">@landscape5670</a>",36,8,47.976,0.904,9,88,0,2146.75,198.75,1.25,1.25
"<a href=""https://tiktok.com/@lanora.haskely"" target=""_blank"">@lanora.haskely</a>",54,8,52.623,1,2,18,0,9181.25,195.75,16.875,34.75
"<a href=""https://tiktok.com/@latifnusrahshamon"" target=""_blank"">@latifnusrahshamon</a>",93,6,61.3,1,1,10,0,711,57,4.333,9.667
"<a href=""https://tiktok.com/@ldaphc"" target=""_blank"">@ldaphc</a>",136,12,21.023,0.931,4,109,0,635,38.417,0.5,0.083
"<a href=""https://tiktok.com/@leoraf9"" target=""_blank"">@leoraf9</a>",72,5,24.778,1,1,9,0,1430.6,86.4,2,0
"<a href=""https://tiktok.com/@lhqitc"" target=""_blank"">@lhqitc</a>",91,9,76.971,1,3,44,0,756.333,19.417,0,0
"<a href=""https://tiktok.com/@lhzhzw"" target=""_blank"">@lhzhzw</a>",139,10,26.675,0.91,4,102,0,619.2,39.3,0.4,0.6
"<a href=""https://tiktok.com/@liaojiuyu"" target=""_blank"">@liaojiuyu</a>",79,4,48.138,0.533,3,25,0,1609.5,38.5,0,0
"<a href=""https://tiktok.com/@lijhgtji"" target=""_blank"">@lijhgtji</a>",141,6,73.369,0.857,2,19,0,3023.833,116.833,2.833,10.167
"<a href=""https://tiktok.com/@lin689668987"" target=""_blank"">@lin689668987</a>",37,7,68.202,0.812,2,21,0,1295.375,58.75,1.75,0.625
"<a href=""https://tiktok.com/@lisa9aa3"" target=""_blank"">@lisa9aa3</a>",15,6,71.778,1,1,9,0,1091.333,39,0.167,2.167
"<a href=""https://tiktok.com/@ljpjvh"" target=""_blank"">@ljpjvh</a>",76,7,21.654,1,2,20,0,1358,54,0.714,0.429
"<a href=""https://tiktok.com/@lojzsviu"" target=""_blank"">@lojzsviu</a>",17,5,52.125,1,1,8,0,753.6,36.6,0,0.2
"<a href=""https://tiktok.com/@lovely_babo120"" target=""_blank"">@lovely_babo120</a>",43,5,93.375,0.75,1,8,0,173.667,35.567,6.433,3.933
"<a href=""https://tiktok.com/@lstr.nghe7"" target=""_blank"">@lstr.nghe7</a>",130,3,55.175,1,2,16,0,403.333,25.667,0,0
"<a href=""https://tiktok.com/@luckqiqiqi25"" target=""_blank"">@luckqiqiqi25</a>",98,5,29.143,1,1,7,0,11486.833,1422.333,89.333,173.833
"<a href=""https://tiktok.com/@lucy9734"" target=""_blank"">@lucy9734</a>",14,5,52.3,0.857,1,10,0,2760,74,2.8,7
"<a href=""https://tiktok.com/@luggyi"" target=""_blank"">@luggyi</a>",51,7,63.207,1,2,17,0,1457.857,98.857,1.286,0.857
"<a href=""https://tiktok.com/@lxjjc"" target=""_blank"">@lxjjc</a>",10,5,55.571,1,1,7,0,1379.4,72,0.8,0
"<a href=""https://tiktok.com/@lzozi3"" target=""_blank"">@lzozi3</a>",90,7,50.935,0.829,2,18,0,1206,87.571,3.429,0.429
"<a href=""https://tiktok.com/@mahasawatzke"" target=""_blank"">@mahasawatzke</a>",51,7,64.493,1,2,17,0,1424.625,115.875,0.375,0.375
"<a href=""https://tiktok.com/@mamaepzkynvd"" target=""_blank"">@mamaepzkynvd</a>",60,4,42.5,1,1,8,0,956.75,59,5.75,9.5
"<a href=""https://tiktok.com/@mawtxjozdqh"" target=""_blank"">@mawtxjozdqh</a>",28,4,57.714,1,1,7,0,1048.5,41.75,0.5,0
"<a href=""https://tiktok.com/@memrrmi"" target=""_blank"">@memrrmi</a>",143,6,48.5,1,1,8,0,38776,4470.7,34.4,328.3
"<a href=""https://tiktok.com/@mfejdu"" target=""_blank"">@mfejdu</a>",64,3,22.273,0.982,11,99,0,492.667,3.333,0,0
"<a href=""https://tiktok.com/@mgallaudio"" target=""_blank"">@mgallaudio</a>",103,15,22.158,1,4,44,0,443.222,0.722,0,0
"<a href=""https://tiktok.com/@mgallsharring"" target=""_blank"">@mgallsharring</a>",103,15,45.544,1,4,39,0,656,2.737,0,0.737
"<a href=""https://tiktok.com/@mgnjaf1804"" target=""_blank"">@mgnjaf1804</a>",14,6,52.3,0.857,1,10,0,1688.5,53.833,0.333,1.5
"<a href=""https://tiktok.com/@mike123956"" target=""_blank"">@mike123956</a>",156,3,62.786,1,2,14,0,281.333,5,0,0.333
"<a href=""https://tiktok.com/@moderngril5"" target=""_blank"">@moderngril5</a>",100,20,68.368,0.765,4,58,0,242.619,52.619,6.667,0.476
"<a href=""https://tiktok.com/@modernofuk"" target=""_blank"">@modernofuk</a>",100,17,61.014,0.739,2,53,0,74.556,19.111,3.778,0
"<a href=""https://tiktok.com/@mpypax"" target=""_blank"">@mpypax</a>",138,7,16.129,0.936,4,69,0,440.714,22.143,0,0
"<a href=""https://tiktok.com/@muimrli"" target=""_blank"">@muimrli</a>",116,6,50.987,0.964,4,34,0,484.5,45.667,0.167,2.333
"<a href=""https://tiktok.com/@nandan.hirsch"" target=""_blank"">@nandan.hirsch</a>",51,7,71.571,1,3,21,0,1180.875,71.25,2.25,1.125
"<a href=""https://tiktok.com/@nfjsk12"" target=""_blank"">@nfjsk12</a>",87,7,32.752,0.822,3,27,0,2983.429,160.429,3,0.714
"<a href=""https://tiktok.com/@ngs024"" target=""_blank"">@ngs024</a>",126,3,28.489,0.88,5,45,0,24306.667,60,0.333,3.333
"<a href=""https://tiktok.com/@nhfr48186js"" target=""_blank"">@nhfr48186js</a>",27,6,51.117,0.952,4,36,0,1078.833,45.667,4,13.333
"<a href=""https://tiktok.com/@nhi.vo585"" target=""_blank"">@nhi.vo585</a>",39,11,61.341,0.882,3,49,0,2450.385,50.769,0.231,1.462
"<a href=""https://tiktok.com/@nhienchau41"" target=""_blank"">@nhienchau41</a>",40,7,59.265,0.867,4,36,0,1139,25.286,0.571,0.714
"<a href=""https://tiktok.com/@nizbbd"" target=""_blank"">@nizbbd</a>",137,10,20.949,0.928,4,94,0,655.6,35.1,0.1,0.2
"<a href=""https://tiktok.com/@njjj7155"" target=""_blank"">@njjj7155</a>",115,4,44.5,1,1,8,0,6698.75,196,0,3.5
"<a href=""https://tiktok.com/@nkddaram"" target=""_blank"">@nkddaram</a>",99,7,71.625,0.75,1,8,0,1658.143,106.429,1.714,3.286
"<a href=""https://tiktok.com/@now0849"" target=""_blank"">@now0849</a>",25,6,55.028,1,2,21,0,13321.333,138.333,2.667,8.833
"<a href=""https://tiktok.com/@nzdifo"" target=""_blank"">@nzdifo</a>",140,9,18.713,0.967,4,78,0,549.667,23,0.444,0.111
"<a href=""https://tiktok.com/@oaisg2"" target=""_blank"">@oaisg2</a>",89,6,52.125,1,2,20,0,3366.75,113.5,3.25,0.625
"<a href=""https://tiktok.com/@ocycoy1"" target=""_blank"">@ocycoy1</a>",116,4,57.286,1,3,22,0.001,5590,185,3,9.75
"<a href=""https://tiktok.com/@odt614"" target=""_blank"">@odt614</a>",108,4,51.714,1,2,14,0,1667.75,66,0.75,2
"<a href=""https://tiktok.com/@ohchocx"" target=""_blank"">@ohchocx</a>",23,5,55.875,0.875,1,8,0,799,34.2,0,0
"<a href=""https://tiktok.com/@oi35zqcbb7"" target=""_blank"">@oi35zqcbb7</a>",127,3,37.444,1,1,9,0,296,12.667,0,0
"<a href=""https://tiktok.com/@okay11732"" target=""_blank"">@okay11732</a>",65,12,61.174,0.975,8,88,0,900.75,43.75,0.333,0.417
"<a href=""https://tiktok.com/@oljclk"" target=""_blank"">@oljclk</a>",76,7,22.368,1,2,20,0,4736.429,60,0.857,0.714
"<a href=""https://tiktok.com/@orfywp8"" target=""_blank"">@orfywp8</a>",140,11,16.632,0.932,4,89,0,449.182,28.818,0,0
"<a href=""https://tiktok.com/@oshasg"" target=""_blank"">@oshasg</a>",89,6,51.854,1,4,44,0,1178.833,86.333,1,0.667
"<a href=""https://tiktok.com/@osiel.louis"" target=""_blank"">@osiel.louis</a>",51,7,60.071,0.929,2,14,0,1303.125,93,2,0.875
"<a href=""https://tiktok.com/@osudgiwy1"" target=""_blank"">@osudgiwy1</a>",95,6,49.333,0.857,1,9,0,554.667,29.333,1.167,10.5
"<a href=""https://tiktok.com/@owuhwh"" target=""_blank"">@owuhwh</a>",89,6,55.637,0.933,3,27,0,65807.714,2827.857,19.857,17.714
"<a href=""https://tiktok.com/@oxq8jfdfu9"" target=""_blank"">@oxq8jfdfu9</a>",127,3,37.444,1,1,9,0,8458.667,89.667,0.667,0
"<a href=""https://tiktok.com/@ozvpix"" target=""_blank"">@ozvpix</a>",137,12,21.933,0.979,4,94,0,526.25,23.333,0,0
"<a href=""https://tiktok.com/@pevkgk"" target=""_blank"">@pevkgk</a>",64,6,21.757,0.967,12,204,0,653.833,40.167,1.5,0.333
"<a href=""https://tiktok.com/@pjk3357"" target=""_blank"">@pjk3357</a>",158,6,41.2,1,1,10,0,2393.375,96.5,0.5,0.25
"<a href=""https://tiktok.com/@pomidorkaburton"" target=""_blank"">@pomidorkaburton</a>",119,3,47.667,1,3,27,0,1837,40,0,0
"<a href=""https://tiktok.com/@pxogmdqpa46"" target=""_blank"">@pxogmdqpa46</a>",27,5,55.625,1,2,16,0,971.6,26.6,0.4,7
"<a href=""https://tiktok.com/@pzfjwg"" target=""_blank"">@pzfjwg</a>",139,12,25.698,0.895,4,102,0,878.167,54.167,1.75,0.583
"<a href=""https://tiktok.com/@qbjqgx"" target=""_blank"">@qbjqgx</a>",139,10,26.251,0.939,4,102,0,756.4,44.4,0.7,0
"<a href=""https://tiktok.com/@qdcieh"" target=""_blank"">@qdcieh</a>",64,15,21.549,0.983,12,327,0,814.867,80.133,0.467,0.333
"<a href=""https://tiktok.com/@qllsks0"" target=""_blank"">@qllsks0</a>",90,7,51.727,0.857,1,11,0,261043.857,8996.286,42.429,65.429
"<a href=""https://tiktok.com/@qohbpksqo2"" target=""_blank"">@qohbpksqo2</a>",80,6,43,1,1,10,0,1729.5,55.667,0.333,0.5
"<a href=""https://tiktok.com/@qorusfio"" target=""_blank"">@qorusfio</a>",94,8,49.384,0.905,3,39,0,658.625,29.875,1,4.25
"<a href=""https://tiktok.com/@r.f.f.f..e"" target=""_blank"">@r.f.f.f..e</a>",108,4,53,1,2,15,0,2822.5,134.25,0.25,9
"<a href=""https://tiktok.com/@reddit55549"" target=""_blank"">@reddit55549</a>",158,4,80.571,0.8,1,7,0,1068.25,63.5,0.75,0.5
"<a href=""https://tiktok.com/@reddit_allen5"" target=""_blank"">@reddit_allen5</a>",64,12,19.742,0.952,12,318,0,455,17.417,0.167,0
"<a href=""https://tiktok.com/@reddit_grayson99"" target=""_blank"">@reddit_grayson99</a>",64,15,20.159,0.971,12,327,0,1096.467,74.133,0.2,0.533
"<a href=""https://tiktok.com/@reddit_ignatius8"" target=""_blank"">@reddit_ignatius8</a>",86,9,60.591,0.889,1,22,0,8474.5,153.833,17.917,10.583
"<a href=""https://tiktok.com/@redidgbxozg6"" target=""_blank"">@redidgbxozg6</a>",93,5,61.3,1,1,10,0,383.2,33.6,1.6,5.6
"<a href=""https://tiktok.com/@redreddit48"" target=""_blank"">@redreddit48</a>",158,6,60.886,0.9,2,17,0,1292.5,69.5,0.833,0.5
"<a href=""https://tiktok.com/@rhdss79"" target=""_blank"">@rhdss79</a>",116,4,69.375,1,2,16,0,1125.25,200.5,0.5,4.25
"<a href=""https://tiktok.com/@rlumvi"" target=""_blank"">@rlumvi</a>",139,12,24.937,0.931,4,114,0,778,85.833,1.083,2.25
"<a href=""https://tiktok.com/@rohingyao"" target=""_blank"">@rohingyao</a>",36,8,54.893,0.815,9,80,0,2341.625,85.875,1.375,0.75
"<a href=""https://tiktok.com/@rosacasey65"" target=""_blank"">@rosacasey65</a>",30,7,63.875,0.857,1,8,0,1610.625,123.5,0.125,0.875
"<a href=""https://tiktok.com/@rsvjj6"" target=""_blank"">@rsvjj6</a>",142,4,46,1,1,8,0,3604.75,82.5,2.25,6.25
"<a href=""https://tiktok.com/@rtfvwe8729949"" target=""_blank"">@rtfvwe8729949</a>",25,5,49.544,0.938,2,19,0,2398.6,42.2,0.2,0.6
"<a href=""https://tiktok.com/@rtikb3"" target=""_blank"">@rtikb3</a>",89,6,54.473,0.964,4,38,0,7250.5,347.333,2.167,5.5
"<a href=""https://tiktok.com/@rtwgui"" target=""_blank"">@rtwgui</a>",91,9,77.133,0.864,2,39,0,765.444,26.778,0,0.111
"<a href=""https://tiktok.com/@rubin.mervy8"" target=""_blank"">@rubin.mervy8</a>",40,10,62.717,0.933,5,49,0,1559.8,104.4,4.5,4.1
"<a href=""https://tiktok.com/@rusrsuy"" target=""_blank"">@rusrsuy</a>",108,4,74.25,1,1,8,0,1981,95.75,2.75,8.5
"<a href=""https://tiktok.com/@rust04104"" target=""_blank"">@rust04104</a>",68,8,14.871,1,4,31,0,5852.25,124.125,0.5,1.5
"<a href=""https://tiktok.com/@rvfdcpqmerituj"" target=""_blank"">@rvfdcpqmerituj</a>",57,4,49,1,1,8,0,869.5,77.75,4,2.75
"<a href=""https://tiktok.com/@ry4nsqjqx9"" target=""_blank"">@ry4nsqjqx9</a>",164,3,43.875,0.8,1,8,0,1252.333,77,2,0.667
"<a href=""https://tiktok.com/@ryllskayaqing"" target=""_blank"">@ryllskayaqing</a>",29,8,80.75,0.952,3,24,0,1957.625,143.625,1.25,1.5
"<a href=""https://tiktok.com/@sameerah.tare"" target=""_blank"">@sameerah.tare</a>",81,4,47,1,1,8,0,1263.75,60.75,0.25,0.25
"<a href=""https://tiktok.com/@sasapco"" target=""_blank"">@sasapco</a>",36,8,51.774,0.841,8,72,0,1376.25,97.375,0,0.375
"<a href=""https://tiktok.com/@sdsdyou"" target=""_blank"">@sdsdyou</a>",36,7,47.097,0.833,4,33,0,3076,175.667,3.667,2.222
"<a href=""https://tiktok.com/@segji2"" target=""_blank"">@segji2</a>",89,6,85.375,1,2,16,0,7751.833,258.667,1,1.833
"<a href=""https://tiktok.com/@seile.rian"" target=""_blank"">@seile.rian</a>",40,6,57.171,0.837,4,31,0,1668.5,40.167,0.5,0.333
"<a href=""https://tiktok.com/@sfagnd"" target=""_blank"">@sfagnd</a>",89,6,64.683,1,3,31,0,3611.833,202.167,5.333,1.5
"<a href=""https://tiktok.com/@sharemusic48"" target=""_blank"">@sharemusic48</a>",145,9,45.577,1,1,26,0,1422.833,33.75,0.833,0.333
"<a href=""https://tiktok.com/@shaunpearson226"" target=""_blank"">@shaunpearson226</a>",58,4,21.5,1,1,8,0,898.5,70.75,5.25,2.25
"<a href=""https://tiktok.com/@shbsdd2"" target=""_blank"">@shbsdd2</a>",86,8,60.591,0.889,1,22,0,5079.9,115.5,8.1,9.3
"<a href=""https://tiktok.com/@shfjjg4"" target=""_blank"">@shfjjg4</a>",18,5,49.143,1,1,7,0,549.8,14.2,0,0
"<a href=""https://tiktok.com/@shotewg"" target=""_blank"">@shotewg</a>",36,5,55.036,0.849,3,23,0,1212.333,65.5,0.333,0.167
"<a href=""https://tiktok.com/@shsjbsxbx"" target=""_blank"">@shsjbsxbx</a>",61,4,63.25,1,2,16,0,2165,139,22.75,50.75
"<a href=""https://tiktok.com/@shvchjds"" target=""_blank"">@shvchjds</a>",34,8,66.775,1,2,18,0,3799.25,170.125,2.25,3.875
"<a href=""https://tiktok.com/@skkfdxh"" target=""_blank"">@skkfdxh</a>",22,5,52.259,0.917,2,15,0,197.6,1.8,0,0
"<a href=""https://tiktok.com/@skunk.robinsong"" target=""_blank"">@skunk.robinsong</a>",46,6,47.25,1,1,8,0,1193.375,103.125,0.25,0.75
"<a href=""https://tiktok.com/@snoshsj"" target=""_blank"">@snoshsj</a>",73,4,20,1,1,8,0,1647.5,124.5,0.5,0
"<a href=""https://tiktok.com/@stazqywodkv"" target=""_blank"">@stazqywodkv</a>",15,6,71.778,1,1,9,0,2399.167,81,0.667,0.833
"<a href=""https://tiktok.com/@stoyouh"" target=""_blank"">@stoyouh</a>",36,6,60.933,0.873,4,31,0,1674,92.125,1.625,1.25
"<a href=""https://tiktok.com/@sun.lilym"" target=""_blank"">@sun.lilym</a>",54,7,54.414,1,2,17,0,1077.5,57.5,1.875,3.875
"<a href=""https://tiktok.com/@sush0240"" target=""_blank"">@sush0240</a>",70,8,10.5,1,1,8,0,1631.625,86.375,0.375,0.875
"<a href=""https://tiktok.com/@syic2117"" target=""_blank"">@syic2117</a>",68,11,25.873,1,4,37,0,3082.909,62.727,0.364,1.455
"<a href=""https://tiktok.com/@sypvvz"" target=""_blank"">@sypvvz</a>",140,13,17.825,0.969,4,107,0,982.077,66.077,1.308,0.385
"<a href=""https://tiktok.com/@tdiidt5"" target=""_blank"">@tdiidt5</a>",116,6,64.215,0.939,7,61,0,453.5,24.5,0,0.667
"<a href=""https://tiktok.com/@tessh95"" target=""_blank"">@tessh95</a>",89,7,52.336,0.975,5,54,0,7772.714,272,1.286,3.714
"<a href=""https://tiktok.com/@text.fc"" target=""_blank"">@text.fc</a>",35,4,25.625,1,4,32,0,4893,130,2.75,2.25
"<a href=""https://tiktok.com/@text.gd"" target=""_blank"">@text.gd</a>",129,6,60.556,0.889,1,9,0,11147.875,88.875,2.75,2.375
"<a href=""https://tiktok.com/@text.mmk"" target=""_blank"">@text.mmk</a>",129,7,60.556,0.889,1,9,0,8204.778,98.111,2.667,1.444
"<a href=""https://tiktok.com/@text690"" target=""_blank"">@text690</a>",36,5,56.571,0.833,2,14,0,3684.714,125.429,1.571,3.286
"<a href=""https://tiktok.com/@texts178"" target=""_blank"">@texts178</a>",36,8,53.535,0.795,4,32,0,2873.75,155.25,3.25,1.75
"<a href=""https://tiktok.com/@textstory781"" target=""_blank"">@textstory781</a>",35,4,38.188,1,4,32,0,3664,173.25,8.5,2
"<a href=""https://tiktok.com/@thfds76"" target=""_blank"">@thfds76</a>",125,3,57.183,0.85,4,34,0,4904.333,108.667,0.667,0.333
"<a href=""https://tiktok.com/@thuc.nguyen2010"" target=""_blank"">@thuc.nguyen2010</a>",39,10,65.635,0.881,2,34,0,2033.8,92.2,1.2,3.5
"<a href=""https://tiktok.com/@thuy4458"" target=""_blank"">@thuy4458</a>",8,6,45.571,1,1,7,0,11191,313.833,3.167,2.833
"<a href=""https://tiktok.com/@tidfs5"" target=""_blank"">@tidfs5</a>",142,4,46,1,1,8,0,2088.25,44.5,1,1
"<a href=""https://tiktok.com/@tijf9855"" target=""_blank"">@tijf9855</a>",69,8,16.375,1,2,16,0,1437.75,62.375,0.125,0.75
"<a href=""https://tiktok.com/@tjgew5"" target=""_blank"">@tjgew5</a>",116,4,67.643,1,4,28,0,452,34.833,0.333,0.667
"<a href=""https://tiktok.com/@tkgfe0"" target=""_blank"">@tkgfe0</a>",141,5,83.571,0.714,1,7,0,3974.333,172.333,6.167,10.5
"<a href=""https://tiktok.com/@tllbwg"" target=""_blank"">@tllbwg</a>",138,8,18.055,0.979,4,74,0,581.25,23.875,0.25,0.125
"<a href=""https://tiktok.com/@to24123"" target=""_blank"">@to24123</a>",108,4,57.625,1,2,16,0,5798.25,186,0,30.25
"<a href=""https://tiktok.com/@toiyy5"" target=""_blank"">@toiyy5</a>",89,4,82,1,1,7,0,1270.75,90.25,0.25,1
"<a href=""https://tiktok.com/@tptk02426yr"" target=""_blank"">@tptk02426yr</a>",103,18,23.778,1,4,48,0,409.346,1.231,0.038,0.192
"<a href=""https://tiktok.com/@trivo.marini"" target=""_blank"">@trivo.marini</a>",161,4,74,0.75,1,7,0,823.5,14.5,0,0.25
"<a href=""https://tiktok.com/@ttt46024"" target=""_blank"">@ttt46024</a>",48,7,40.125,1,1,8,0,3529.143,139.143,2.571,1.857
"<a href=""https://tiktok.com/@tug35587"" target=""_blank"">@tug35587</a>",89,8,65.655,0.979,6,62,0,2892.75,160.125,3.25,1.125
"<a href=""https://tiktok.com/@tugx2917"" target=""_blank"">@tugx2917</a>",67,8,64.455,0.969,4,57,0,444.625,22.125,0.5,0.625
"<a href=""https://tiktok.com/@tusoacyi"" target=""_blank"">@tusoacyi</a>",94,8,51.429,1,2,30,0,962.5,44,1.375,8
"<a href=""https://tiktok.com/@twkg9813"" target=""_blank"">@twkg9813</a>",66,6,61.35,0.833,3,36,0,1022.5,68.667,1,4
"<a href=""https://tiktok.com/@twodgcjq"" target=""_blank"">@twodgcjq</a>",95,6,49.333,0.857,1,9,0,605.167,38.667,2.667,4.667
"<a href=""https://tiktok.com/@twvs4521"" target=""_blank"">@twvs4521</a>",66,5,57.972,0.889,3,30,0,341.4,14.2,0.6,0
"<a href=""https://tiktok.com/@txit05"" target=""_blank"">@txit05</a>",116,6,37.125,1,2,16,0,6768.333,169.333,2.5,16.667
"<a href=""https://tiktok.com/@tybfzdwjprap"" target=""_blank"">@tybfzdwjprap</a>",61,4,56,1,2,16,0,2887,263.25,5,29.75
"<a href=""https://tiktok.com/@u913503"" target=""_blank"">@u913503</a>",116,4,49.5,1,2,16,0,1759.25,113.25,4,7
"<a href=""https://tiktok.com/@ubf084006c"" target=""_blank"">@ubf084006c</a>",1,8,57.141,0.917,3,29,0,1454.375,30.5,0.5,0.25
"<a href=""https://tiktok.com/@ucdrmh"" target=""_blank"">@ucdrmh</a>",91,10,63.74,0.697,2,39,0,641.3,18,0.1,0.2
"<a href=""https://tiktok.com/@uehjkb3487"" target=""_blank"">@uehjkb3487</a>",59,5,50.571,0.857,1,7,0,1015.6,71.4,4.8,16.8
"<a href=""https://tiktok.com/@ufgo85"" target=""_blank"">@ufgo85</a>",105,4,63.5,1,1,8,0,931.5,84.75,0.75,1.25
"<a href=""https://tiktok.com/@ufsc8075"" target=""_blank"">@ufsc8075</a>",159,3,41.333,1,1,9,0,1207.667,79.333,0.667,3
"<a href=""https://tiktok.com/@ugikbk4"" target=""_blank"">@ugikbk4</a>",24,4,57.571,0.833,1,7,0,433.5,26.5,0.25,0.25
"<a href=""https://tiktok.com/@umd274"" target=""_blank"">@umd274</a>",108,6,59.554,0.952,3,23,0,1666,155.333,0.167,3.667
"<a href=""https://tiktok.com/@uosnatiahwk"" target=""_blank"">@uosnatiahwk</a>",2,6,44.975,0.786,2,18,0,1780.833,75,0.5,2.167
"<a href=""https://tiktok.com/@uraf9163"" target=""_blank"">@uraf9163</a>",69,8,14,1,2,16,0,1104.667,84.778,0.667,0.444
"<a href=""https://tiktok.com/@urcj8539"" target=""_blank"">@urcj8539</a>",135,3,54.667,1,3,27,0,1292,46.333,1.667,0
"<a href=""https://tiktok.com/@urdu9708"" target=""_blank"">@urdu9708</a>",159,3,78.722,1,3,26,0,740.167,43,0.167,0
"<a href=""https://tiktok.com/@user000597728"" target=""_blank"">@user000597728</a>",47,7,43.556,1,1,9,0,2399.5,150.5,2.375,1.75
"<a href=""https://tiktok.com/@user113292506713"" target=""_blank"">@user113292506713</a>",107,3,40.993,0.8,2,17,0,762.333,23.667,0,0
"<a href=""https://tiktok.com/@user1203613923425"" target=""_blank"">@user1203613923425</a>",12,6,64,0.833,1,8,0,21055.667,296.833,5.5,102.833
"<a href=""https://tiktok.com/@user1327378717261"" target=""_blank"">@user1327378717261</a>",109,4,70.286,0.8,1,7,0,3849.25,101.25,0,0
"<a href=""https://tiktok.com/@user1440311073355"" target=""_blank"">@user1440311073355</a>",16,5,42.75,0.857,1,8,0,18882.714,300.571,20.143,41.571
"<a href=""https://tiktok.com/@user1650053016559"" target=""_blank"">@user1650053016559</a>",122,3,46.917,1,3,26,0,309081,22229.667,21,50.667
"<a href=""https://tiktok.com/@user1675936058611"" target=""_blank"">@user1675936058611</a>",113,3,69.667,0.8,1,9,0,692,55.333,0,0
"<a href=""https://tiktok.com/@user16827767098068"" target=""_blank"">@user16827767098068</a>",167,3,47.579,0.971,7,60,0,696.667,89.667,0,4
"<a href=""https://tiktok.com/@user1687759132040"" target=""_blank"">@user1687759132040</a>",165,3,51.056,1,2,18,0,81.333,5.667,0,0
"<a href=""https://tiktok.com/@user16909390140293"" target=""_blank"">@user16909390140293</a>",37,11,66.021,0.767,2,31,0,879.167,13.333,0.25,0.167
"<a href=""https://tiktok.com/@user173414710833"" target=""_blank"">@user173414710833</a>",167,3,46.333,0.971,7,60,0,292.667,17.333,0,0.333
"<a href=""https://tiktok.com/@user1856101144100"" target=""_blank"">@user1856101144100</a>",126,3,28.267,0.88,5,45,0,201.667,3.333,0,0
"<a href=""https://tiktok.com/@user190472852374"" target=""_blank"">@user190472852374</a>",2,8,55.286,1,1,7,0,1263.625,38,0.875,0.375
"<a href=""https://tiktok.com/@user19103225080680"" target=""_blank"">@user19103225080680</a>",85,5,82.714,0.8,1,7,0,1255.625,67.75,0.25,1.25
"<a href=""https://tiktok.com/@user19341498184722"" target=""_blank"">@user19341498184722</a>",167,3,56.19,0.975,8,62,0,604,39,2.667,0.333
"<a href=""https://tiktok.com/@user1944276878232"" target=""_blank"">@user1944276878232</a>",155,3,55.143,0.8,1,7,0,1241,50,7,0.667
"<a href=""https://tiktok.com/@user21778104529098"" target=""_blank"">@user21778104529098</a>",167,3,47.792,0.971,7,60,0,146.333,9.667,0,1
"<a href=""https://tiktok.com/@user2281048177876"" target=""_blank"">@user2281048177876</a>",166,3,50.821,0.8,3,23,0,272.667,15.333,0,0
"<a href=""https://tiktok.com/@user2299791814132"" target=""_blank"">@user2299791814132</a>",157,3,43.429,1,1,7,0,3617.333,72.667,0,0
"<a href=""https://tiktok.com/@user2328467562656"" target=""_blank"">@user2328467562656</a>",105,5,63.5,1,1,8,0,625.2,30.6,0.6,0.4
"<a href=""https://tiktok.com/@user2341765710300"" target=""_blank"">@user2341765710300</a>",126,3,28.889,0.8,5,45,0,252.667,11.333,0,0
"<a href=""https://tiktok.com/@user2396659561621"" target=""_blank"">@user2396659561621</a>",147,5,40.6,0.833,1,10,0,5997.2,222,5.8,13.4
"<a href=""https://tiktok.com/@user2597559587130"" target=""_blank"">@user2597559587130</a>",120,3,50.556,0.8,1,9,0,93,0.667,0,0
"<a href=""https://tiktok.com/@user2795804716855"" target=""_blank"">@user2795804716855</a>",149,3,32.111,0.8,1,9,0,81874.667,607.667,2,69.333
"<a href=""https://tiktok.com/@user2810315813972"" target=""_blank"">@user2810315813972</a>",32,8,56.776,1,3,25,0,1870.125,110.5,0.625,0.125
"<a href=""https://tiktok.com/@user2831202166195"" target=""_blank"">@user2831202166195</a>",119,3,47.074,1,3,26,0,465.333,37,0,0
"<a href=""https://tiktok.com/@user2888476868746"" target=""_blank"">@user2888476868746</a>",157,3,43.429,1,1,7,0,7686.667,153,0.667,0.667
"<a href=""https://tiktok.com/@user2932993437321"" target=""_blank"">@user2932993437321</a>",13,7,56.045,0.944,2,19,0,2010.571,58.714,1.286,3.571
"<a href=""https://tiktok.com/@user315321397"" target=""_blank"">@user315321397</a>",40,7,62.991,0.851,4,35,0,1388.125,62.5,0.625,0.5
"<a href=""https://tiktok.com/@user3154950400581"" target=""_blank"">@user3154950400581</a>",32,8,37.116,1,4,37,0,14717.375,374.75,4.625,1.5
"<a href=""https://tiktok.com/@user3170245291083"" target=""_blank"">@user3170245291083</a>",122,3,41.556,1,3,27,0,258.667,8.333,0,0
"<a href=""https://tiktok.com/@user3188112683980"" target=""_blank"">@user3188112683980</a>",126,3,28.178,0.88,5,45,0,2626,11.333,0,0
"<a href=""https://tiktok.com/@user3310281972692"" target=""_blank"">@user3310281972692</a>",145,9,47.455,1,2,35,0,5346.8,48.867,1.467,0.867
"<a href=""https://tiktok.com/@user33929699946563"" target=""_blank"">@user33929699946563</a>",148,3,59.331,0.96,5,42,0,284.6,5.6,0,0
"<a href=""https://tiktok.com/@user3436197788624"" target=""_blank"">@user3436197788624</a>",41,9,47.93,0.925,4,63,0,1277.444,54.444,1.556,0.556
"<a href=""https://tiktok.com/@user3574808770700"" target=""_blank"">@user3574808770700</a>",132,3,40.5,1,1,8,0,792,35,0,0.667
"<a href=""https://tiktok.com/@user36152385037491"" target=""_blank"">@user36152385037491</a>",117,4,63.571,1,1,7,0,941.25,84.25,0.25,2
"<a href=""https://tiktok.com/@user3619013985748"" target=""_blank"">@user3619013985748</a>",150,3,42.111,1,1,9,0,535,15,0,0
"<a href=""https://tiktok.com/@user36510656670723"" target=""_blank"">@user36510656670723</a>",141,4,57.5,1,1,8,0,900,31.25,0,0
"<a href=""https://tiktok.com/@user37045192591991"" target=""_blank"">@user37045192591991</a>",16,6,42.75,0.857,1,8,0,5017,97.167,2.667,10.5
"<a href=""https://tiktok.com/@user386502720312"" target=""_blank"">@user386502720312</a>",148,3,66.8,1,5,41,0,515,2.6,0,0
"<a href=""https://tiktok.com/@user3884378113418"" target=""_blank"">@user3884378113418</a>",108,4,60.167,1,3,24,0,2366,117.5,0.25,0.5
"<a href=""https://tiktok.com/@user3906934941510"" target=""_blank"">@user3906934941510</a>",104,6,61.375,1,2,16,0,1883,94.667,0.167,0.5
"<a href=""https://tiktok.com/@user3919617098507"" target=""_blank"">@user3919617098507</a>",120,3,50.556,0.8,1,9,0,64270.667,1828,1.333,5.667
"<a href=""https://tiktok.com/@user3923265470"" target=""_blank"">@user3923265470</a>",79,5,27.651,0.818,5,53,0,232.4,6.8,0.2,0
"<a href=""https://tiktok.com/@user4012656072932"" target=""_blank"">@user4012656072932</a>",166,3,46.164,0.933,3,25,0,143,6.333,0,0
"<a href=""https://tiktok.com/@user4048037935198"" target=""_blank"">@user4048037935198</a>",122,6,40.889,1,3,27,0,3042.333,86.667,2.667,2
"<a href=""https://tiktok.com/@user40937663977447"" target=""_blank"">@user40937663977447</a>",148,3,46.689,0.84,5,45,0,76.667,0,0,0
"<a href=""https://tiktok.com/@user4129380736161"" target=""_blank"">@user4129380736161</a>",151,3,13.889,0.8,1,9,0,512,11.333,0.667,0.333
"<a href=""https://tiktok.com/@user4148379047616"" target=""_blank"">@user4148379047616</a>",29,6,90.571,0.571,1,7,0,1398.667,88.5,0.667,0.333
"<a href=""https://tiktok.com/@user4260031255720"" target=""_blank"">@user4260031255720</a>",107,3,50.389,0.9,2,18,0,2292,56.667,0.333,0
"<a href=""https://tiktok.com/@user4441230309086"" target=""_blank"">@user4441230309086</a>",116,4,102.714,1,1,7,0,131.25,2.25,0.25,0
"<a href=""https://tiktok.com/@user44817691810772"" target=""_blank"">@user44817691810772</a>",150,3,42.111,1,1,9,0,878.667,18.667,0.333,0.333
"<a href=""https://tiktok.com/@user44932018881264"" target=""_blank"">@user44932018881264</a>",167,3,50.547,0.975,8,64,0,507.333,45.333,0,0.333
"<a href=""https://tiktok.com/@user4520243691193"" target=""_blank"">@user4520243691193</a>",23,6,56,0.857,1,7,0,1100,74.5,0.667,0.333
"<a href=""https://tiktok.com/@user4669352812760"" target=""_blank"">@user4669352812760</a>",165,3,49.312,0.9,2,17,0,725.667,57,0.667,1.333
"<a href=""https://tiktok.com/@user504616626"" target=""_blank"">@user504616626</a>",130,3,82.75,1,1,8,0,1934.667,155.333,2,5
"<a href=""https://tiktok.com/@user5085375918072"" target=""_blank"">@user5085375918072</a>",152,3,44.778,1,1,9,0,227.333,6.333,0,0
"<a href=""https://tiktok.com/@user53031585909531"" target=""_blank"">@user53031585909531</a>",116,4,71.643,1,5,39,0.001,5681.75,118.5,1,1.5
"<a href=""https://tiktok.com/@user5504332929509"" target=""_blank"">@user5504332929509</a>",108,4,60.286,1,1,7,0,695,40.25,0.75,2
"<a href=""https://tiktok.com/@user5813978424876"" target=""_blank"">@user5813978424876</a>",116,4,61.982,1,2,15,0,882.25,53.75,1,0.75
"<a href=""https://tiktok.com/@user5831942911597"" target=""_blank"">@user5831942911597</a>",108,4,54.071,1,3,22,0,2244.25,91.75,1.5,1.25
"<a href=""https://tiktok.com/@user6100349282272"" target=""_blank"">@user6100349282272</a>",108,6,54.799,0.964,4,31,0,2436.833,242,2.167,4
"<a href=""https://tiktok.com/@user6186701630842"" target=""_blank"">@user6186701630842</a>",13,4,47,0.833,1,7,0,1744.75,38,1,0.75
"<a href=""https://tiktok.com/@user6593233080848"" target=""_blank"">@user6593233080848</a>",167,3,64.429,1,2,14,0,153,6,0,0.333
"<a href=""https://tiktok.com/@user6673066539792"" target=""_blank"">@user6673066539792</a>",144,4,37.25,1,1,8,0,834.75,62.75,0.5,0.5
"<a href=""https://tiktok.com/@user67020763885058"" target=""_blank"">@user67020763885058</a>",119,3,45.977,1,3,26,0,1153876,142903.667,138.667,148.667
"<a href=""https://tiktok.com/@user68626315465793"" target=""_blank"">@user68626315465793</a>",153,3,44.143,0.8,1,7,0,1706.667,47.333,0.333,0
"<a href=""https://tiktok.com/@user6881678887137"" target=""_blank"">@user6881678887137</a>",116,6,63.836,1,6,52,0.001,387,31.833,0.333,0.333
"<a href=""https://tiktok.com/@user7080026610324"" target=""_blank"">@user7080026610324</a>",32,7,47.689,0.95,4,36,0,25896.875,885,89.875,1019.75
"<a href=""https://tiktok.com/@user7166160034825"" target=""_blank"">@user7166160034825</a>",13,6,68.286,1,1,7,0,3071.667,70.833,2.833,7
"<a href=""https://tiktok.com/@user7224426108057"" target=""_blank"">@user7224426108057</a>",26,4,40.25,1,1,8,0,801.5,27.25,0,0.5
"<a href=""https://tiktok.com/@user7361651570203"" target=""_blank"">@user7361651570203</a>",13,6,66.381,0.952,3,22,0,3110.5,57,0.167,2.167
"<a href=""https://tiktok.com/@user7375741469924"" target=""_blank"">@user7375741469924</a>",155,3,55.143,0.8,1,7,0,1640.5,161.5,7,19
"<a href=""https://tiktok.com/@user7442840721946"" target=""_blank"">@user7442840721946</a>",104,4,74.25,1,2,16,0,479.75,30.5,0,0
"<a href=""https://tiktok.com/@user7552715418111"" target=""_blank"">@user7552715418111</a>",56,5,74.75,0.857,1,8,0,900.2,63,10.2,5.8
"<a href=""https://tiktok.com/@user7617569360313"" target=""_blank"">@user7617569360313</a>",141,8,51.958,0.967,5,44,0,1252.875,92.375,0.75,2.5
"<a href=""https://tiktok.com/@user767736632380"" target=""_blank"">@user767736632380</a>",168,4,55.946,1,2,15,0,2937.25,163,3.5,1.5
"<a href=""https://tiktok.com/@user775654654091"" target=""_blank"">@user775654654091</a>",165,3,59.368,0.9,2,17,0,205.333,11.333,0,0.333
"<a href=""https://tiktok.com/@user77709828483003"" target=""_blank"">@user77709828483003</a>",153,3,56.286,0.8,1,7,0,604.667,32.667,0,0
"<a href=""https://tiktok.com/@user7849515319463"" target=""_blank"">@user7849515319463</a>",110,4,51.982,1,2,15,0,4488.75,156.25,0.5,33.5
"<a href=""https://tiktok.com/@user7866266194123"" target=""_blank"">@user7866266194123</a>",166,3,50.634,0.933,3,26,0,305.667,24.667,0.333,0
"<a href=""https://tiktok.com/@user79445820274306"" target=""_blank"">@user79445820274306</a>",166,3,46.023,0.933,3,26,0,3559.667,76.667,0.333,5.667
"<a href=""https://tiktok.com/@user8018436119370"" target=""_blank"">@user8018436119370</a>",149,3,32.111,0.8,1,9,0,6224.333,177.333,7,23.667
"<a href=""https://tiktok.com/@user80388395944791"" target=""_blank"">@user80388395944791</a>",167,3,56.009,1,2,15,0,164.333,9,0.333,0
"<a href=""https://tiktok.com/@user81222677378002"" target=""_blank"">@user81222677378002</a>",167,3,48.421,0.975,8,67,0,912.667,128.333,0,1.333
"<a href=""https://tiktok.com/@user8508148033286"" target=""_blank"">@user8508148033286</a>",3,6,38.111,1,1,9,0,1870,96.5,1.167,0.833
"<a href=""https://tiktok.com/@user8794483655797"" target=""_blank"">@user8794483655797</a>",13,8,53.316,0.86,3,25,0,8167.375,147.75,1.875,10.875
"<a href=""https://tiktok.com/@user8847609801518"" target=""_blank"">@user8847609801518</a>",12,6,64,0.833,1,8,0,6378.333,100,1.5,10
"<a href=""https://tiktok.com/@user9005597870510"" target=""_blank"">@user9005597870510</a>",110,4,52.25,1,1,8,0,2357.25,115.5,0.5,2.25
"<a href=""https://tiktok.com/@user91103639038365"" target=""_blank"">@user91103639038365</a>",111,4,56,1,1,8,0,5342.2,141.4,0.4,21
"<a href=""https://tiktok.com/@user91653119465943"" target=""_blank"">@user91653119465943</a>",110,5,51.714,1,1,7,0,4397.667,164.167,1.667,55.5
"<a href=""https://tiktok.com/@user9169168814834"" target=""_blank"">@user9169168814834</a>",143,7,36.4,0.917,2,18,0,1849,84.5,0.25,2.75
"<a href=""https://tiktok.com/@user91822739973185"" target=""_blank"">@user91822739973185</a>",152,3,44.778,1,1,9,0,290,9,0,0
"<a href=""https://tiktok.com/@user918416806877"" target=""_blank"">@user918416806877</a>",108,5,58,1,4,32,0,1717.4,94.2,0.4,1.8
"<a href=""https://tiktok.com/@user9374426252457"" target=""_blank"">@user9374426252457</a>",121,5,34.349,1,2,16,0,646,32.2,0,0
"<a href=""https://tiktok.com/@user9446545490687"" target=""_blank"">@user9446545490687</a>",151,3,13.889,0.8,1,9,0,294.333,3.667,0,0
"<a href=""https://tiktok.com/@user9470135476286"" target=""_blank"">@user9470135476286</a>",112,5,73.667,0.667,1,12,0,600.8,22.2,0,1.2
"<a href=""https://tiktok.com/@user9617936588343"" target=""_blank"">@user9617936588343</a>",167,3,45.542,0.971,7,60,0,360.667,31.333,0,0.667
"<a href=""https://tiktok.com/@user9631232586039"" target=""_blank"">@user9631232586039</a>",167,3,58.112,0.875,8,62,0,265.333,16.667,0,0
"<a href=""https://tiktok.com/@user9676004301324"" target=""_blank"">@user9676004301324</a>",119,3,43.829,1,3,25,0,963,50.667,0,0
"<a href=""https://tiktok.com/@user9921602198218"" target=""_blank"">@user9921602198218</a>",125,3,39.5,0.9,2,18,0,2929.333,100.333,0,1.333
"<a href=""https://tiktok.com/@user99230457693190"" target=""_blank"">@user99230457693190</a>",122,3,40.62,1,3,26,0,269.333,15,0,0
"<a href=""https://tiktok.com/@user9960528869663"" target=""_blank"">@user9960528869663</a>",109,4,70.286,0.8,1,7,0,7599.75,171.25,0.25,19.25
"<a href=""https://tiktok.com/@username6652655"" target=""_blank"">@username6652655</a>",43,5,93.375,0.75,1,8,0,254.077,18.577,1.692,1.615
"<a href=""https://tiktok.com/@vaigg0"" target=""_blank"">@vaigg0</a>",32,6,50.971,0.952,3,24,0,2449,148.714,2,3.143
"<a href=""https://tiktok.com/@verity.holland"" target=""_blank"">@verity.holland</a>",4,7,44.736,0.882,2,24,0,875.125,54,0.375,0.125
"<a href=""https://tiktok.com/@vhhg159"" target=""_blank"">@vhhg159</a>",115,4,44.5,1,1,8,0,2144.8,71.4,0,0.6
"<a href=""https://tiktok.com/@vitsu.alec1"" target=""_blank"">@vitsu.alec1</a>",40,6,61.919,0.933,4,32,0,1558.667,45.333,1,5.833
"<a href=""https://tiktok.com/@vjfguu6"" target=""_blank"">@vjfguu6</a>",146,6,44,1,1,7,0,1211.286,46.286,1.143,0.143
"<a href=""https://tiktok.com/@vjhc5273"" target=""_blank"">@vjhc5273</a>",111,4,56,1,1,8,0,2003.5,28.5,0,0.5
"<a href=""https://tiktok.com/@vlopphdt"" target=""_blank"">@vlopphdt</a>",146,7,44,1,1,7,0,1069.5,43.875,0.5,0.625
"<a href=""https://tiktok.com/@voie3340"" target=""_blank"">@voie3340</a>",159,3,108.5,1,1,8,0,963,70.333,1.333,1
"<a href=""https://tiktok.com/@vsuau5"" target=""_blank"">@vsuau5</a>",88,4,66.804,1,2,15,0,1544,105.25,2.25,0.5
"<a href=""https://tiktok.com/@wang021223"" target=""_blank"">@wang021223</a>",97,6,50.176,1,1,17,0,969.5,2.333,0.167,0.167
"<a href=""https://tiktok.com/@watts4718"" target=""_blank"">@watts4718</a>",26,4,38.768,1,2,15,0,1534.75,26.25,2.5,10.75
"<a href=""https://tiktok.com/@wdjcus5"" target=""_blank"">@wdjcus5</a>",137,9,21.822,0.963,4,96,0,697.333,30.444,0.222,0.444
"<a href=""https://tiktok.com/@weck01"" target=""_blank"">@weck01</a>",36,6,49.764,0.929,2,17,0,2473.5,137.833,2.333,1.833
"<a href=""https://tiktok.com/@wert2992"" target=""_blank"">@wert2992</a>",71,12,9.75,1,1,12,0,13142.333,498.417,22.5,8.333
"<a href=""https://tiktok.com/@wgslhe"" target=""_blank"">@wgslhe</a>",91,11,69.838,0.741,7,107,0,828.545,40,0.636,1
"<a href=""https://tiktok.com/@wgxodu"" target=""_blank"">@wgxodu</a>",137,10,25.871,0.928,4,100,0,825,49.6,0.3,0.3
"<a href=""https://tiktok.com/@wiate.doni0"" target=""_blank"">@wiate.doni0</a>",40,9,55.323,0.908,5,55,0,1937.889,136.222,0.222,1
"<a href=""https://tiktok.com/@wihwth"" target=""_blank"">@wihwth</a>",138,9,16.786,0.96,4,82,0,734.333,49.667,2.778,0.222
"<a href=""https://tiktok.com/@wiqg8225"" target=""_blank"">@wiqg8225</a>",67,7,67.127,0.875,3,41,0,597.556,36.778,0.222,0.333
"<a href=""https://tiktok.com/@wive0570"" target=""_blank"">@wive0570</a>",67,9,65.708,0.944,2,32,0,709.333,29.167,0.75,0.5
"<a href=""https://tiktok.com/@wkhsfs"" target=""_blank"">@wkhsfs</a>",88,4,24,1,1,8,0,974.5,80,1,0.25
"<a href=""https://tiktok.com/@wmlimxussfxn2n"" target=""_blank"">@wmlimxussfxn2n</a>",62,4,47,1,1,8,0,1834.5,118.75,5.25,7.75
"<a href=""https://tiktok.com/@wotext"" target=""_blank"">@wotext</a>",34,5,65.75,1,1,8,0,4005,203,4,16
"<a href=""https://tiktok.com/@wudianqi188"" target=""_blank"">@wudianqi188</a>",156,3,57.429,1,2,14,0,779.333,18.333,0.333,0
"<a href=""https://tiktok.com/@wwss3139"" target=""_blank"">@wwss3139</a>",96,3,43.429,1,1,7,0,2376.857,30.571,2,4.286
"<a href=""https://tiktok.com/@wwww60993"" target=""_blank"">@wwww60993</a>",97,6,50.176,1,1,17,0,2181.167,24.667,4.667,1.167
"<a href=""https://tiktok.com/@xbhyudvqeq2lki"" target=""_blank"">@xbhyudvqeq2lki</a>",58,4,21.5,1,1,8,0,1050.5,85,5,13
"<a href=""https://tiktok.com/@xchinaqueen1"" target=""_blank"">@xchinaqueen1</a>",45,9,89.172,0.792,2,29,0,723.652,97.522,4.565,0.217
"<a href=""https://tiktok.com/@xchinaqueen5"" target=""_blank"">@xchinaqueen5</a>",45,23,92.523,0.713,4,83,0,530.565,31,2.304,0.739
"<a href=""https://tiktok.com/@xchinaqueen6"" target=""_blank"">@xchinaqueen6</a>",45,7,95.881,0.875,2,34,0,548.833,40.917,8,1.25
"<a href=""https://tiktok.com/@xchinaqueen8"" target=""_blank"">@xchinaqueen8</a>",45,8,91.881,0.833,2,34,0,220.263,27.368,2.947,0.526
"<a href=""https://tiktok.com/@xnjjehj"" target=""_blank"">@xnjjehj</a>",20,6,63.889,1,1,9,0,912.5,39.5,0.833,0.833
"<a href=""https://tiktok.com/@xuexi52"" target=""_blank"">@xuexi52</a>",56,6,74.75,0.857,1,8,0,1368.333,82.5,4.667,2.667
"<a href=""https://tiktok.com/@xvnmh8"" target=""_blank"">@xvnmh8</a>",89,7,73.65,0.944,3,26,0,6652.286,244.857,1,2.857
"<a href=""https://tiktok.com/@xx16682"" target=""_blank"">@xx16682</a>",2,8,52.948,1,3,28,0,464.75,8,0.375,0.125
"<a href=""https://tiktok.com/@xxii911"" target=""_blank"">@xxii911</a>",36,8,39.186,0.767,5,49,0,1743,100.5,1.75,0.625
"<a href=""https://tiktok.com/@y089712"" target=""_blank"">@y089712</a>",113,3,76.833,0.9,2,18,0,2582.333,61.667,1,2.333
"<a href=""https://tiktok.com/@yaofguqvi"" target=""_blank"">@yaofguqvi</a>",94,4,44.286,0.786,2,14,0,555.333,27.833,1.5,10.5
"<a href=""https://tiktok.com/@yeifb0"" target=""_blank"">@yeifb0</a>",2,6,42.514,0.857,2,17,0,2493,67.75,1.875,4
"<a href=""https://tiktok.com/@yiitsukb"" target=""_blank"">@yiitsukb</a>",32,8,49.633,0.978,5,41,0,1408.125,111,2.375,4.375
"<a href=""https://tiktok.com/@yiyayiya666"" target=""_blank"">@yiyayiya666</a>",63,4,57.714,0.8,1,7,0,1232.5,162.167,5.667,8.5
"<a href=""https://tiktok.com/@yke8f0ir52"" target=""_blank"">@yke8f0ir52</a>",164,3,43.875,0.8,1,8,0,322,16.667,0,0.667
"<a href=""https://tiktok.com/@ymhr6933"" target=""_blank"">@ymhr6933</a>",69,8,10.125,1,2,16,0,1250.125,63.875,0.25,1.5
"<a href=""https://tiktok.com/@yoaisghif"" target=""_blank"">@yoaisghif</a>",94,7,46.384,0.952,3,37,0,674.571,28,2,7
"<a href=""https://tiktok.com/@yoayoayanyan"" target=""_blank"">@yoayoayanyan</a>",23,5,47.861,1,2,17,0,1301,98,0.4,0
"<a href=""https://tiktok.com/@you.texts"" target=""_blank"">@you.texts</a>",34,7,67.8,1,1,10,0,3022.625,111.875,2.875,0.25
"<a href=""https://tiktok.com/@you55668"" target=""_blank"">@you55668</a>",38,7,51.5,0.857,1,8,0,1114.571,72.714,3.286,0.143
"<a href=""https://tiktok.com/@yourfavtwins0"" target=""_blank"">@yourfavtwins0</a>",74,4,66.917,1,3,24,0,1301.5,89.5,0,0
"<a href=""https://tiktok.com/@yourstoryttt"" target=""_blank"">@yourstoryttt</a>",38,7,55.107,0.786,2,15,0,1624.625,103.75,2.875,4.375
"<a href=""https://tiktok.com/@yppynsqgmqt"" target=""_blank"">@yppynsqgmqt</a>",59,4,76.75,1,1,8,0,1143.75,86.25,7.25,21
"<a href=""https://tiktok.com/@yrchj1"" target=""_blank"">@yrchj1</a>",124,4,71.5,1,1,8,0,268,13.5,0.25,0.5
"<a href=""https://tiktok.com/@ysishhd7"" target=""_blank"">@ysishhd7</a>",32,8,47.535,1,3,26,0,2125.375,100.75,4,0.75
"<a href=""https://tiktok.com/@ytrq8081"" target=""_blank"">@ytrq8081</a>",65,8,60.982,0.856,5,73,0,1285.875,84.875,0.875,1
"<a href=""https://tiktok.com/@yun.wu15"" target=""_blank"">@yun.wu15</a>",23,6,52.917,0.969,4,31,0,998.167,52.333,0.333,0.333
"<a href=""https://tiktok.com/@zaiden.emerald"" target=""_blank"">@zaiden.emerald</a>",130,3,68.143,0.9,2,14,0,104.667,6,0,0
"<a href=""https://tiktok.com/@zdogz60"" target=""_blank"">@zdogz60</a>",82,4,52.125,1,2,16,0,2618.25,89,1.25,0.25
"<a href=""https://tiktok.com/@zg.hcugystsxy"" target=""_blank"">@zg.hcugystsxy</a>",2,7,59.75,1,3,22,0,1759.375,158.125,1.25,0.5
"<a href=""https://tiktok.com/@zhaob002"" target=""_blank"">@zhaob002</a>",156,3,58.643,1,2,14,0,589,15,0,0
"<a href=""https://tiktok.com/@zhdzxzpjkqgw"" target=""_blank"">@zhdzxzpjkqgw</a>",62,6,47,1,1,8,0,53617.667,2237.833,123.833,670.5
"<a href=""https://tiktok.com/@zhiuud974000"" target=""_blank"">@zhiuud974000</a>",25,6,52.683,0.938,2,22,0,1001,28.667,0.833,0.167
"<a href=""https://tiktok.com/@zhuzhutt0"" target=""_blank"">@zhuzhutt0</a>",145,3,49.333,1,1,9,0,3157,38.667,0.667,0
"<a href=""https://tiktok.com/@zsdx184"" target=""_blank"">@zsdx184</a>",41,7,52.931,0.819,4,45,0,1545.286,61,0.714,2.143
"<a href=""https://tiktok.com/@zvjsl"" target=""_blank"">@zvjsl</a>",89,6,59.333,1,3,32,0,5792.667,69.833,4.833,1
"<a href=""https://tiktok.com/@zxvb736"" target=""_blank"">@zxvb736</a>",41,10,56.047,0.9,4,72,0,1962.3,80.8,0.5,1.3
"<a href=""https://tiktok.com/@zysmpbz"" target=""_blank"">@zysmpbz</a>",136,10,21.604,0.9,4,99,0,502.4,30,0.3,0.3
"<a href=""https://tiktok.com/@zzhjdj4"" target=""_blank"">@zzhjdj4</a>",18,8,49.381,1,3,28,0,529.75,18.75,0,0
