"Network","Number of Accounts","Network Density","Network Diameter","Clustering Coefficient","Avg Views","Avg Likes","Avg Comments","Avg Shares","Member Accounts"
1,4,1,14,1,6547.844,67.906,1,5.062,"aedjdpckd, ubf084006c, ggdcxg1, gisela.lipke"
2,8,0.321,39,0.462,1475.903,61.274,0.855,1.129,"housn103, ihihgi1, user190472852374, xx16682, bdoci6, yeifb0, uosnatiahwk, zg.hcugystsxy"
3,2,1,9,0,2044.833,104,1.417,1.083,"hullen.nguyen, user8508148033286"
4,3,1,14,1,7825.292,136.458,1.5,1.125,"cbjf05, jdkckcj2, verity.holland"
5,2,1,7,0,2898.545,97.727,1.364,2.636,"aedyckctu, jfdd653"
6,3,1,8,1,2807.789,69.421,0.211,0.316,"aedhdici, fauy8466, bfihc"
7,3,0.667,16,0,3842.55,216.3,1.05,4.5,"cp.eagdu, craig.harrell0, gxiiff3"
8,2,1,7,0,5382.929,150.929,1.857,1.357,"guu34210, thuy4458"
9,2,1,8,0,1424.25,67.917,1.25,1.833,"fcjjv86, hdhxh3484"
10,2,1,7,0,1488.7,85.8,1,0.2,"lxjjc, gduhx01"
11,2,1,10,0,12526,349.533,2.467,2.333,"hbvvf739, idgc38"
12,2,1,8,0,13717,198.417,3.5,56.417,"user1203613923425, user8847609801518"
13,5,0.5,21,0.429,3983.387,81.032,1.484,5.484,"user7361651570203, user7166160034825, user2932993437321, user8794483655797, user6186701630842"
14,2,1,10,0,2175.545,63,1.455,4,"lucy9734, mgnjaf1804"
15,2,1,9,0,1745.25,60,0.417,1.5,"lisa9aa3, stazqywodkv"
16,2,1,8,0,12483.154,206.692,12.077,27.231,"user37045192591991, user1440311073355"
17,3,0.667,15,0,898.8,47.733,0,0.2,"cjgbkbl, fijficvk, lojzsviu"
18,4,0.667,18,0.6,749.321,36.321,0.393,0.357,"huanlyg, bkvhf1, shfjjg4, zzhjdj4"
19,3,0.667,16,0,868.6,44.733,0.533,0.733,"ifkvkvo, fhdjfjfj8, fijglhhj"
20,4,0.5,17,0,607.917,23.208,0.375,0.5,"xnjjehj, jkdkj, igdigsdp, dlakhjx"
21,2,1,7,0,763.444,25.222,0,0.222,"cifgoo, gkkfykjb"
22,4,0.5,22,0,340.174,9.826,0.043,0.043,"gigigjj, chkchifofo, skkfdxh, if.en.is.fam"
23,6,0.4,23,0.333,1029.939,54.212,0.303,0.333,"jffihofff, yoayoayanyan, ohchocx, user4520243691193, iggkgmv, yun.wu15"
24,3,0.667,15,0,643.583,34.25,0.167,0.417,"ugikbk4, hfjjkgi4, chiigcohhc"
25,3,1,12,1,5760.412,71.353,1.294,3.353,"now0849, rtfvwe8729949, zhiuud974000"
26,3,0.667,15,0,1003.615,26.769,0.846,3.462,"chaff8892, user7224426108057, watts4718"
27,5,0.8,17,0.789,1385.357,62.714,1.286,5,"goodbye17507, hockey2840, ddeaxmelj72, nhfr48186js, pxogmdqpa46"
28,2,1,7,0,649,23.25,0.25,0,"mawtxjozdqh, delwyjlkjct"
29,5,0.5,23,0.429,1357.833,111.833,0.917,0.806,"ksndfmggf, ryllskayaqing, djbdjfjff, 6dhbgbvuyqw, user4148379047616"
30,2,1,8,0,1436.562,120.062,0.25,1.188,"rosacasey65, djm9r"
31,2,1,8,0,1460.538,120.308,2,0.615,"fkfdnd, gdkcofufn"
32,11,0.345,37,0.647,15271.759,536.367,14.354,106.734,"ididu034, gubwos, user3154950400581, user7080026610324, chdg050, user2810315813972, vaigg0, yiitsukb, kbpsjd, hpcfh, ysishhd7"
33,3,1,11,1,2879.333,110.5,1.292,0.667,"fjyukfjjf, cx.b28, hdidkser0"
34,3,0.667,18,0,3572.955,157.909,2.955,5.864,"shvchjds, wotext, you.texts"
35,5,1,8,1,2602.75,113.6,3.75,1.45,"crtyougo, dtkwod, ktsfyh, text.fc, textstory781"
36,14,0.396,25,0.528,2519.377,129.368,2,1.302,"stoyouh, texts178, sasapco, text690, rohingyao, shotewg, cagnhd, landscape5670, bsbseuo, hdryxd, hxavnxh, sdsdyou, xxii911, weck01"
37,3,1,18,1,1017.143,35.143,0.964,1.464,"fhkundshunk, lin689668987, user16909390140293"
38,3,0.667,15,0,1783.727,108.318,3.364,1.955,"huiodjio, you55668, yourstoryttt"
39,8,0.5,50,0.846,2906.906,83.4,0.624,2.824,"khanh.dao61, nhi.vo585, thuc.nguyen2010, jvhb240, jajsjsn56, aed2750, dthh824, aed0267"
40,6,0.867,14,0.818,1553.913,75.217,1.413,2.087,"user315321397, rubin.mervy8, seile.rian, vitsu.alec1, nhienchau41, wiate.doni0"
41,5,1,22,1,1698.884,75.163,0.698,1.07,"jvtvc3, gooj806, user3436197788624, zsdx184, zxvb736"
42,2,1,25,0,2091.064,101.489,8.915,6.234,"chummi_queen1, cutegirlbabe2"
43,2,1,8,0,211,27.679,4.232,2.857,"lovely_babo120, username6652655"
44,2,1,13,0,652.667,100.067,9.9,2.933,"china_busderiver_121, cutebaby_driver120"
45,6,0.467,50,0.273,681.615,62.752,4.495,1.147,"xchinaqueen6, xchinaqueen5, king_queengg0, china_deriver_0, xchinaqueen1, xchinaqueen8"
46,2,1,8,0,1137.286,82.571,0.143,0.571,"fody.noachp, skunk.robinsong"
47,2,1,9,0,2131.688,141.562,2.625,1.5,"djdinh4, user000597728"
48,2,1,8,0,2607.2,131.867,2.8,0.867,"krissi.jamecia, ttt46024"
49,2,1,8,0,1462.2,107.067,1.267,1,"chvchj5, jduyfjh"
50,2,1,8,0,2171.133,150.267,2.467,1.6,"jfjjfhk8, kfusj3"
51,5,0.5,21,0.5,1338.184,88.105,1.421,0.711,"luggyi, mahasawatzke, charlene.gilbert31, nandan.hirsch, osiel.louis"
52,2,1,7,0,1681.077,90.615,1.846,0.538,"iryxh4, hzuj.dd"
53,3,0.667,16,0,4116.87,99.043,1.696,10.478,"aseng.haymong, houri.enriqk, ilges.estelwei"
54,4,0.5,28,0,3964.844,106.062,5.375,11.688,"sun.lilym, emory.drawehj, lanora.haskely, carlos.alberto.al886"
55,2,1,8,0,533.25,13.75,1.417,0.5,"jvdrg3, amkgvx"
56,2,1,8,0,1155.545,73.636,7.182,4.091,"user7552715418111, xuexi52"
57,2,1,8,0,1062.875,80.75,4.5,2.625,"rvfdcpqmerituj, cbnhf5680"
58,2,1,8,0,974.5,77.875,5.125,7.625,"xbhyudvqeq2lki, shaunpearson226"
59,4,0.5,22,0,1173.421,85.316,8.421,12.421,"gvcchh3457, uehjkb3487, hlwndewrweqh, yppynsqgmqt"
60,2,1,8,0,1611.6,88.6,4.6,6.3,"hhgghj8866, mamaepzkynvd"
61,3,1,8,1,2276.5,166.083,10.167,28.417,"shsjbsxbx, tybfzdwjprap, laicai.reddit"
62,2,1,8,0,32904.4,1390.2,76.4,405.4,"wmlimxussfxn2n, zhdzxzpjkqgw"
63,2,1,7,0,13254.917,1126.083,44.083,346.25,"alexandrina.thorn, yiyayiya666"
64,13,0.987,30,0.987,774.411,63.548,0.532,0.339,"eagehh, hojdmc, dhuolt, 7alconpal, fwihnf, ciojkb, kubjij, pevkgk, qdcieh, fvijte, reddit_allen5, mfejdu, reddit_grayson99"
65,9,0.556,32,0.671,3587.128,130.128,0.837,1.709,"drgd8391, bvoo3130, dijx3903, fhda78402, ghhj8554, jkuy0534, okay11732, kjuq5904, ytrq8081"
66,5,0.6,32,0.6,856.773,66.591,0.682,1.136,"eiej4325, gjhg8047, twkg9813, foot89786, twvs4521"
67,6,0.467,35,0.5,609.311,33.344,0.377,0.623,"givi0331, isce0690, tugx2917, bkot6010, wiqg8225, wive0570"
68,5,1,11,1,2700.396,75.042,0.438,1.021,"ckief1163, glye82199, dyxh0219, rust04104, syic2117"
69,3,1,8,1,1257.8,70.92,0.36,0.88,"tijf9855, uraf9163, ymhr6933"
70,2,1,8,0,1560.125,81,0.75,0.75,"ifrt2705, sush0240"
71,2,1,12,0,7299.833,291.375,11.458,4.5,"dhie1905, wert2992"
72,2,1,9,0,1279.7,64.4,1.2,0,"leoraf9, gqvgpl"
73,2,1,8,0,1276.625,90.75,1.125,0.125,"jshszh6382, snoshsj"
74,6,0.8,15,0.789,3029.741,116.852,1.556,0.593,"g.in.cgn, hxjdsj34, hzhdhs, duuff30, 1yrogls, yourfavtwins0"
75,2,1,7,0,455.5,10.5,0.125,0,"11cjhggg, baxor3828"
76,3,1,13,1,2972.316,56.895,0.632,0.421,"ljpjvh, oljclk, hwvrok"
77,2,1,7,0,550.75,28.25,0.25,0.125,"cjdfndrh, 4khuik"
78,2,1,7,0,652.4,56.2,0.2,0.3,"jxgxi8, lancg9200"
79,6,0.867,15,0.867,1166.654,22.654,1.231,0.346,"joycecody, gohdr4367, bdjsbsk4, kikiiwanputra7, liaojiuyu, user3923265470"
80,2,1,10,0,10733.583,239.75,2.833,1.25,"fctjcrg9s3, qohbpksqo2"
81,2,1,8,0,1398.25,69.125,0.5,0.125,"elleigh.anton, sameerah.tare"
82,4,0.667,16,0.6,1671.333,91.222,0.833,0.167,"hds.hy, jxjdkssj, bdjsxn6, zdogz60"
83,2,1,7,0,737,23.636,0.818,0.091,"chayatarabichokkh, khcvhlcgi"
84,2,1,13,0,4042.267,196,4.933,1.4,"dayutoureddit, fjhfjfgjchjghfhjj"
85,2,1,7,0,1529.812,98.938,1.688,4.125,"guch008, user19103225080680"
86,2,1,22,0,6931.5,136.409,13.455,10,"reddit_ignatius8, shbsdd2"
87,4,0.833,16,0.75,3451.433,112.9,2.8,0.533,"ghebdts, akksdb4, fbnggg2, nfjsk12"
88,4,0.5,23,0,1899.75,98.625,1.875,0.375,"gjdi03, vsuau5, gajis40, wkhsfs"
89,20,0.174,91,0.574,8472.185,355.569,4.177,3.315,"toiyy5, gdjdi63, hurrryu, oshasg, tessh95, jspsns3, rtikb3, dghhg372, owuhwh, hfstil3, oaisg2, cisos51, sfagnd, bjspsp, flsosi5, xvnmh8, segji2, gysfh4, tug35587, zvjsl"
90,3,0.667,18,0,94025.2,3277.3,17.1,24.6,"isgsjdj0, lzozi3, qllsks0"
91,12,0.394,41,0.655,711.287,32.922,0.226,0.548,"bipiqo, hidouo, hltuoq, arffug, lhqitc, dtbtcc8, idpeoc, eqmhqf, rtwgui, hdmjwo1, wgslhe, ucdrmh"
92,2,1,9,0,1946.167,58.167,1.917,2.25,"hdicok57, hfigi61"
93,2,1,10,0,562,46.364,3.091,7.818,"latifnusrahshamon, redidgbxozg6"
94,4,0.833,21,0.75,724.931,32.897,1.448,7.241,"qorusfio, yaofguqvi, tusoacyi, yoaisghif"
95,2,1,9,0,579.917,34,1.917,7.583,"twodgcjq, osudgiwy1"
96,2,1,7,0,5046.462,25,1.615,2.385,"emadarac1ti, wwss3139"
97,2,1,17,0,1575.333,13.5,2.417,0.667,"wang021223, wwww60993"
98,2,1,7,0,8339.5,746.25,46.667,94.417,"darrell.breitenbe, luckqiqiqi25"
99,2,1,8,0,1316.4,121.667,1.067,2.133,"bcjeibox, nkddaram"
100,11,0.218,76,0,2446.716,215.112,11.237,1.983,"gorgeousgirl268, beautiful46h, beautifulseen30, cardriving139, grilofchina, chinesebeauty39, amazingpilot2, amazingpilot0, moderngril5, modernofuk, chinna_deiver_girl0"
101,2,1,9,0,228.312,30.875,3.354,0.167,"dogsfan7, beautyqueendriver3"
102,2,1,7,0,947.5,56.188,0.875,0.125,"aed2581, fvsthx7"
103,5,1,17,1,641.272,1.621,0.01,0.223,"knl39aprh6, mgallsharring, avafind2, mgallaudio, tptk02426yr"
104,4,0.5,24,0,1004.211,62.105,0.263,0.789,"fjbfe0, user7442840721946, user3906934941510, grsfhj4"
105,2,1,8,0,761.333,54.667,0.667,0.778,"ufgo85, user2328467562656"
106,2,1,9,0,382.5,15.667,0.333,0,"cc852324, gh71808"
107,5,0.4,34,0,869.667,26.333,0.267,0.2,"b0707293, g1484809, user113292506713, ggg00435, user4260031255720"
108,17,0.184,56,0.313,1601.904,97.012,0.687,4.735,"to24123, d548930, fgvv752, rusrsuy, hydu454, ecbb18, bbbmm480, odt614, user5504332929509, umd274, r.f.f.f..e, dhdy311, user6100349282272, fghj3095, user5831942911597, user3884378113418, user918416806877"
109,2,1,7,0,5724.5,136.25,0.125,9.625,"user1327378717261, user9960528869663"
110,3,0.667,15,0,3840.714,148,1,34,"user91653119465943, user7849515319463, user9005597870510"
111,2,1,8,0,3858.333,91.222,0.222,11.889,"user91103639038365, vjhc5273"
112,2,1,12,0,943.9,40.6,0,0.8,"g275176, user9470135476286"
113,3,0.667,18,0,1139.556,41.111,0.333,0.778,"h8078715, user1675936058611, y089712"
114,2,1,9,0,765.667,19.833,0,0,"g5583124, gjlgcgh"
115,2,1,8,0,4168.778,126.778,0,1.889,"njjj7155, vhhg159"
116,24,0.127,77,0.323,2072.079,96.298,1.614,3.535,"grdgh760, muimrli, gdxhij, gnsky51, hrsvh24, txit05, iltrukikr, tdiidt5, ft33271, user4441230309086, rhdss79, fm04718, u913503, fdfhj821, tjgew5, user53031585909531, hulili45, ocycoy1, dchj473, gdgjk321, user5813978424876, iffhkk0, kgx703, user6881678887137"
117,2,1,7,0,930.125,70.5,2.375,1.375,"user36152385037491, fachi127"
118,2,1,7,0,911.2,78.8,0.5,0.9,"its92008, du98092"
119,4,1,9,1,289285.333,35757.833,34.667,37.167,"user2831202166195, pomidorkaburton, user67020763885058, user9676004301324"
120,2,1,9,0,32181.833,914.333,0.667,2.833,"user2597559587130, user3919617098507"
121,3,0.667,16,0,692.5,39.083,0.083,0.167,"jhhghhh072, b301337, user9374426252457"
122,4,1,9,1,63138.733,4485.267,5.267,10.933,"user1650053016559, user3170245291083, user4048037935198, user99230457693190"
123,2,1,8,0,695.75,54,0,0.25,"kys85234, kko7876"
124,2,1,8,0,446.625,24.25,0.25,10.25,"dhfde8, yrchj1"
125,5,0.7,18,0.643,3183.467,101.133,0.467,1.867,"fdfhhh783, gdsgh00, hddgh331, thfds76, user9921602198218"
126,6,1,9,1,4790.167,18.056,0.111,0.667,"kud4001, ngs024, jkft143, user1856101144100, user2341765710300, user3188112683980"
127,2,1,9,0,4377.333,51.167,0.333,0,"oi35zqcbb7, oxq8jfdfu9"
128,2,1,8,0,201.8,9.8,0.2,0,"baobaom402, congminhbang"
129,2,1,9,0,9589.765,93.765,2.706,1.882,"text.gd, text.mmk"
130,6,0.4,22,0,1084.556,52.944,0.389,1.167,"amadeus.pena, lstr.nghe7, dingmanhiga, zaiden.emerald, gusl.nlod03, user504616626"
131,2,1,8,0,15310.667,183.333,1.5,2.667,"hhyyut1, incrediboxmusicl"
132,3,0.667,17,0,460,21.111,0.444,0.556,"709hahajiajia77, dkdosbg, user3574808770700"
133,2,1,8,0,1431.667,43.833,0.333,0,"amayakianas, essifamb55"
134,6,0.467,35,0.545,891.778,37.389,0.611,1.056,"befa5473, cjjr8012, didh3868, abvo9287, didu9573, glueg7414"
135,6,0.6,25,0.6,1108.238,41,0.619,0.429,"hfgi3634, coyrg2348, ehen2929, gkieg99990, urcj8539, jccj44506"
136,5,1,26,1,615.529,32.902,0.549,0.137,"dtxijq, eqxela7, ldaphc, jecxsz, zysmpbz"
137,5,1,27,1,645.771,32.229,0.125,0.208,"nizbbd, ozvpix, wdjcus5, idsdyl5, wgxodu"
138,5,1,23,1,547.35,30.025,0.85,0.125,"gacbwp, tllbwg, mpypax, fqyjbw, wihwth"
139,5,1,29,1,745.786,55.054,0.839,0.732,"lhzhzw, pzfjwg, calfkg, qbjqgx, rlumvi"
140,5,1,32,1,2436.574,108.13,2.056,0.481,"cxjunn7, nzdifo, hxrbdqi, orfywp8, sypvvz"
141,10,0.2,45,0,2173.063,86.667,1.476,3.714,"djcds8, hfdsgh257, gjyg686, tkgfe0, itdotdot, lijhgtji, user36510656670723, user7617569360313, gig08481, gehr148"
142,2,1,8,0,2846.5,63.5,1.625,3.625,"tidfs5, rsvjj6"
143,3,0.667,18,0,17248.625,1904,14.542,138.333,"memrrmi, grdgj94, user9169168814834"
144,2,1,8,0,694.625,51.125,1,0.25,"user6673066539792, grdgh36"
145,3,0.667,35,0,3558.233,41.8,1.133,0.567,"sharemusic48, user3310281972692, zhuzhutt0"
146,2,1,7,0,1135.667,45,0.8,0.4,"vjfguu6, vlopphdt"
147,2,1,10,0,3708.5,146.2,3.7,7.2,"fdxgh64, user2396659561621"
148,6,1,9,1,350.56,6.08,0.08,0,"fu445778668, fudhghvjj, hffhvufhfg, user33929699946563, user386502720312, user40937663977447"
149,2,1,9,0,44049.5,392.5,4.5,46.5,"user2795804716855, user8018436119370"
150,2,1,9,0,706.833,16.833,0.167,0.167,"user3619013985748, user44817691810772"
151,2,1,9,0,403.167,7.5,0.333,0.167,"user4129380736161, user9446545490687"
152,2,1,9,0,258.667,7.667,0,0,"user91822739973185, user5085375918072"
153,3,0.667,14,0,1001.444,40.111,0.111,0,"khs6617, user68626315465793, user77709828483003"
154,2,1,9,0,6220.667,201.833,0.667,5.5,"fjgd605, gesghh2"
155,2,1,7,0,1469.286,113.714,7,11.143,"user1944276878232, user7375741469924"
156,3,1,7,1,549.889,12.778,0.111,0.111,"mike123956, wudianqi188, zhaob002"
157,2,1,7,0,5652,112.833,0.333,0.333,"user2299791814132, user2888476868746"
158,3,0.667,17,0,1731.944,80.167,0.667,0.389,"reddit55549, pjk3357, redreddit48"
159,9,0.278,54,0.353,880.974,63.868,0.395,0.947,"fkir2290, fbgg2395, coirf88774, urdu9708, cjur6297, courr1227, gour2295, ufsc8075, voie3340"
160,2,1,14,0,9721.842,53.684,0.579,1.842,"ghhostwang, kilinfaker"
161,2,1,7,0,568.333,9.833,0.167,0.167,"jassowang, trivo.marini"
162,3,1,11,1,6428.879,41.273,0.455,1.121,"isaac.monroe85, gabriela.daciana, ali188113"
163,3,1,9,1,629.111,50.111,0.111,0.333,"fjfhjf182, hyg6783, kurkeu"
164,2,1,8,0,787.167,46.833,1,0.667,"ry4nsqjqx9, yke8f0ir52"
165,3,1,9,1,337.444,24.667,0.222,0.556,"user1687759132040, user4669352812760, user775654654091"
166,4,1,9,1,1070.25,30.75,0.167,1.417,"user4012656072932, user79445820274306, user7866266194123, user2281048177876"
167,10,0.711,21,0.879,410.3,39.233,0.3,0.833,"user6593233080848, user80388395944791, user21778104529098, user19341498184722, user44932018881264, user16827767098068, user81222677378002, user173414710833, user9617936588343, user9631232586039"
168,3,0.667,15,0,2879.5,106.417,1.25,1.25,"user767736632380, bhbtv103, gddgj719"
