"Account","Network","Unique Shares","Avg Time Between Shares (sec)","Edge Symmetry Score","Degree","Strength","Betweenness","Avg Views","Avg Likes","Avg Comments","Avg Shares"
"<a href=""https://tiktok.com/@1qwdjjd"" target=""_blank"">@1qwdjjd</a>",60,9,46.777,0.919,3,49,0,1974.4,41.1,0.2,0
"<a href=""https://tiktok.com/@1yrogls"" target=""_blank"">@1yrogls</a>",61,12,52.054,0.947,8,116,0.001,3065.583,166,1,0.333
"<a href=""https://tiktok.com/@3mbfklb"" target=""_blank"">@3mbfklb</a>",60,11,53.731,1,3,32,0,2415.182,72.364,1,0.182
"<a href=""https://tiktok.com/@abphrwv"" target=""_blank"">@abphrwv</a>",29,9,28.333,1,1,9,0,1241.222,45.222,0.222,0
"<a href=""https://tiktok.com/@abxke8499"" target=""_blank"">@abxke8499</a>",61,7,46.64,0.926,8,87,0,701.143,10.714,0,0.143
"<a href=""https://tiktok.com/@acsge1347"" target=""_blank"">@acsge1347</a>",61,12,50.188,0.878,13,158,0.001,1425.583,24.5,0.417,0.5
"<a href=""https://tiktok.com/@aed0267"" target=""_blank"">@aed0267</a>",37,12,64.336,0.82,9,115,0,7987.857,156.857,1.143,1.857
"<a href=""https://tiktok.com/@aed2750"" target=""_blank"">@aed2750</a>",37,10,56.483,0.916,10,182,0,2538.6,68,0.5,0.9
"<a href=""https://tiktok.com/@aed3660"" target=""_blank"">@aed3660</a>",6,10,55.889,1,2,20,0,3365.4,94.1,1.1,1.2
"<a href=""https://tiktok.com/@aed75787"" target=""_blank"">@aed75787</a>",6,9,56.1,1,2,21,0,4123.333,91.556,1.889,2.444
"<a href=""https://tiktok.com/@aed7p4"" target=""_blank"">@aed7p4</a>",6,8,29.556,1,1,9,0,40089.7,340.7,3.1,5.5
"<a href=""https://tiktok.com/@aedgkochc"" target=""_blank"">@aedgkochc</a>",9,10,50.222,1,1,9,0,1162.6,50.6,0.4,0.6
"<a href=""https://tiktok.com/@aedgslpxjx"" target=""_blank"">@aedgslpxjx</a>",71,6,62.1,1,1,10,0,2990.833,57.5,0.333,2
"<a href=""https://tiktok.com/@aedhdici"" target=""_blank"">@aedhdici</a>",3,9,56.818,1,1,11,0,2764.333,134.111,1.111,2.444
"<a href=""https://tiktok.com/@aedhdjcoof"" target=""_blank"">@aedhdjcoof</a>",71,6,60.848,0.952,3,28,0,3894.5,171.5,1.5,0.167
"<a href=""https://tiktok.com/@aedyckctu"" target=""_blank"">@aedyckctu</a>",4,8,59.636,1,1,11,0,2407.1,88.5,0.5,0.4
"<a href=""https://tiktok.com/@akkaanav.risksjsg"" target=""_blank"">@akkaanav.risksjsg</a>",5,9,65.6,0.75,1,10,0,3409.667,77.222,1.333,1.889
"<a href=""https://tiktok.com/@amanda.silva.barr4"" target=""_blank"">@amanda.silva.barr4</a>",24,4,47.4,0.8,1,10,0,293.75,9.5,0,0
"<a href=""https://tiktok.com/@anxdo3188"" target=""_blank"">@anxdo3188</a>",60,12,54.951,0.881,4,53,0,371.667,7.667,0,0
"<a href=""https://tiktok.com/@arffug"" target=""_blank"">@arffug</a>",48,12,73.193,0.86,5,53,0,1142.786,33.571,0,0.286
"<a href=""https://tiktok.com/@aseng.haymong"" target=""_blank"">@aseng.haymong</a>",46,9,59.667,0.818,1,12,0,798.222,33,1.222,2.889
"<a href=""https://tiktok.com/@avcms3284"" target=""_blank"">@avcms3284</a>",61,7,54.456,0.845,2,19,0,803.429,14.429,0.143,0
"<a href=""https://tiktok.com/@avelina.asucen"" target=""_blank"">@avelina.asucen</a>",61,9,40.471,0.936,11,125,0.001,1740,63.333,0.667,0.333
"<a href=""https://tiktok.com/@awmilke"" target=""_blank"">@awmilke</a>",66,10,14.1,1,1,20,0,181688,9589.6,26.5,80
"<a href=""https://tiktok.com/@axflw3188"" target=""_blank"">@axflw3188</a>",60,9,53.204,0.925,3,30,0,893.556,29.778,0,0
"<a href=""https://tiktok.com/@bakaf3280"" target=""_blank"">@bakaf3280</a>",60,10,51.333,1,1,12,0,1770.5,70.5,0.3,0
"<a href=""https://tiktok.com/@baxor3828"" target=""_blank"">@baxor3828</a>",60,8,47.5,0.909,1,16,0,1803.125,59,1,0
"<a href=""https://tiktok.com/@bbjqnch"" target=""_blank"">@bbjqnch</a>",45,7,39.856,0.771,2,19,0,894.9,39.3,0.4,0.7
"<a href=""https://tiktok.com/@be.jkigv"" target=""_blank"">@be.jkigv</a>",1,10,59.226,0.958,3,28,0,1654.8,88.1,0.7,0.5
"<a href=""https://tiktok.com/@beaty_queen_22"" target=""_blank"">@beaty_queen_22</a>",41,17,89,0.733,1,42,0,2001.826,58.87,5.826,1.826
"<a href=""https://tiktok.com/@berez.paulo"" target=""_blank"">@berez.paulo</a>",15,8,40.036,0.95,2,28,0,1549.625,29.125,0.5,0.125
"<a href=""https://tiktok.com/@beyeyb4"" target=""_blank"">@beyeyb4</a>",27,9,57.769,1,1,13,0,1424.222,31.444,0.889,0
"<a href=""https://tiktok.com/@bipiqo"" target=""_blank"">@bipiqo</a>",48,17,54.966,0.973,7,133,0.001,957.529,23.294,0.118,0.059
"<a href=""https://tiktok.com/@bixukf"" target=""_blank"">@bixukf</a>",63,8,16.643,1,1,14,0,14045.222,271.778,1.889,2.222
"<a href=""https://tiktok.com/@bmc12655"" target=""_blank"">@bmc12655</a>",1,8,67.592,0.95,2,22,0,1621,73.444,0.333,1
"<a href=""https://tiktok.com/@bpgarp"" target=""_blank"">@bpgarp</a>",48,14,62.114,0.89,6,161,0.001,306.765,7.353,0,0
"<a href=""https://tiktok.com/@bsih75"" target=""_blank"">@bsih75</a>",20,8,47.026,0.902,4,80,0,974.875,26.75,0.5,0
"<a href=""https://tiktok.com/@bsyg2865"" target=""_blank"">@bsyg2865</a>",16,7,49.578,0.8,2,24,0,843.714,36.714,0.714,0.286
"<a href=""https://tiktok.com/@bvoo3130"" target=""_blank"">@bvoo3130</a>",53,15,72.821,0.948,5,151,0,2401.4,54.933,0.533,0.333
"<a href=""https://tiktok.com/@bxjxhxt"" target=""_blank"">@bxjxhxt</a>",61,8,41.316,0.864,5,61,0,1088.375,43.125,0.625,1.75
"<a href=""https://tiktok.com/@bxjzjsns0"" target=""_blank"">@bxjzjsns0</a>",61,9,45.878,0.847,6,68,0,1444,86.667,1.111,0.444
"<a href=""https://tiktok.com/@bxuzba"" target=""_blank"">@bxuzba</a>",61,9,42.706,0.938,8,100,0,436.111,19.556,0.111,0.333
"<a href=""https://tiktok.com/@c.ts24"" target=""_blank"">@c.ts24</a>",16,8,40.818,0.914,4,40,0,1162.625,62.125,0.125,0.625
"<a href=""https://tiktok.com/@cagnhd"" target=""_blank"">@cagnhd</a>",31,8,52.967,0.911,3,32,0,3206,187.4,12.125,2.1
"<a href=""https://tiktok.com/@camilo.austin5"" target=""_blank"">@camilo.austin5</a>",11,10,72.333,1,1,9,0,432.2,8.9,1.3,0.6
"<a href=""https://tiktok.com/@carbloggera"" target=""_blank"">@carbloggera</a>",20,7,46.917,0.977,4,72,0,707.714,19.857,1.714,2
"<a href=""https://tiktok.com/@carlos.alberto.al886"" target=""_blank"">@carlos.alberto.al886</a>",46,10,68.5,0.909,2,21,0,983,24.7,0,0.7
"<a href=""https://tiktok.com/@cbske2477"" target=""_blank"">@cbske2477</a>",60,11,50.198,0.92,5,55,0.001,2297.5,64.25,0.333,0.417
"<a href=""https://tiktok.com/@ccsszkt"" target=""_blank"">@ccsszkt</a>",34,7,67.544,0.786,2,19,0,9821.429,142.857,2.833,23.286
"<a href=""https://tiktok.com/@cfdc18"" target=""_blank"">@cfdc18</a>",37,10,57.705,0.892,10,174,0,4925.2,97.7,0.9,1.7
"<a href=""https://tiktok.com/@chantalkusch"" target=""_blank"">@chantalkusch</a>",2,7,70.556,1,1,9,0,4019.857,137,2.143,12.714
"<a href=""https://tiktok.com/@chdg050"" target=""_blank"">@chdg050</a>",7,9,65.03,0.883,4,41,0,973.556,43.556,1.222,0.222
"<a href=""https://tiktok.com/@china_cutegirl22"" target=""_blank"">@china_cutegirl22</a>",41,19,88.659,0.819,3,100,0,636.577,52.5,2,1.5
"<a href=""https://tiktok.com/@chuma_g1"" target=""_blank"">@chuma_g1</a>",41,4,81.5,0.375,1,14,0,3302.417,196.833,4.333,1.5
"<a href=""https://tiktok.com/@cjdfndrh"" target=""_blank"">@cjdfndrh</a>",64,6,50.556,1,1,9,0,1587.167,76.333,0.667,0.167
"<a href=""https://tiktok.com/@cjdjfcn"" target=""_blank"">@cjdjfcn</a>",61,10,55.794,0.936,11,146,0,1620.8,118.8,0.6,0.2
"<a href=""https://tiktok.com/@cjire9104"" target=""_blank"">@cjire9104</a>",50,14,59.94,0.944,3,65,0,3748.357,79.286,0.143,1.286
"<a href=""https://tiktok.com/@cjur6297"" target=""_blank"">@cjur6297</a>",50,15,64.446,0.976,3,75,0,1275.267,44.867,0.4,0.267
"<a href=""https://tiktok.com/@clirr5282"" target=""_blank"">@clirr5282</a>",51,8,42.56,0.889,2,39,0,997.273,58.909,0.455,1.727
"<a href=""https://tiktok.com/@cnatk3189"" target=""_blank"">@cnatk3189</a>",61,10,43.694,0.94,11,132,0,1764.4,88.4,0.4,0.1
"<a href=""https://tiktok.com/@coirf88774"" target=""_blank"">@coirf88774</a>",52,6,34.333,0.833,1,15,0,596.667,26.667,0,0.167
"<a href=""https://tiktok.com/@courr1227"" target=""_blank"">@courr1227</a>",52,5,34.333,0.833,1,15,0,1845,57,3,0.2
"<a href=""https://tiktok.com/@dadd.dhh7"" target=""_blank"">@dadd.dhh7</a>",22,6,53.067,1,3,28,0,771,30.667,0.167,0.167
"<a href=""https://tiktok.com/@debran.oxonrp00"" target=""_blank"">@debran.oxonrp00</a>",6,8,56.778,1,1,9,0,70924.5,1078.5,5.5,25.875
"<a href=""https://tiktok.com/@debran.oxonrp86"" target=""_blank"">@debran.oxonrp86</a>",5,8,65.6,0.75,1,10,0,68341.375,851.625,8,21.25
"<a href=""https://tiktok.com/@dhdjuehiehrh"" target=""_blank"">@dhdjuehiehrh</a>",68,8,60.789,0.929,2,19,0,1366.375,67,0.75,0.75
"<a href=""https://tiktok.com/@dhhi6645"" target=""_blank"">@dhhi6645</a>",50,14,63.208,0.9,5,105,0,945.933,52.8,0.2,1.067
"<a href=""https://tiktok.com/@dijx3903"" target=""_blank"">@dijx3903</a>",53,15,71.64,0.92,5,147,0,1377.133,39.133,0.467,0.4
"<a href=""https://tiktok.com/@diusdn13"" target=""_blank"">@diusdn13</a>",29,10,32.5,1,1,10,0,1456.9,53.6,0.2,0.1
"<a href=""https://tiktok.com/@djisks96"" target=""_blank"">@djisks96</a>",61,8,40.156,0.902,8,85,0,1451.625,21.375,1.125,0.125
"<a href=""https://tiktok.com/@djwf2904"" target=""_blank"">@djwf2904</a>",54,3,56,1,3,27,0,1007.667,43,0,0
"<a href=""https://tiktok.com/@drgd8391"" target=""_blank"">@drgd8391</a>",54,11,61.967,0.944,3,55,0,1074,39.857,0.929,1.071
"<a href=""https://tiktok.com/@dthh824"" target=""_blank"">@dthh824</a>",37,12,55.636,0.915,10,187,0,2394,49.917,0.667,8.333
"<a href=""https://tiktok.com/@dtkwod"" target=""_blank"">@dtkwod</a>",31,8,25.3,1,1,10,0,3676.75,167.75,2.286,1.5
"<a href=""https://tiktok.com/@duuff30"" target=""_blank"">@duuff30</a>",61,9,31.898,0.858,6,71,0,1109.222,55.222,1.222,0.556
"<a href=""https://tiktok.com/@dygd8923"" target=""_blank"">@dygd8923</a>",54,6,56.033,0.917,4,48,0,1035.556,40.333,0.778,1.333
"<a href=""https://tiktok.com/@eden70188"" target=""_blank"">@eden70188</a>",56,3,20.111,0.8,1,9,0,4118.333,494,1.667,3.667
"<a href=""https://tiktok.com/@eiej4325"" target=""_blank"">@eiej4325</a>",54,14,55.046,0.959,6,117,0,1063.643,30.071,0.214,0.286
"<a href=""https://tiktok.com/@ejanc3177"" target=""_blank"">@ejanc3177</a>",61,6,32.948,0.873,5,73,0,755.5,19.833,0,0.167
"<a href=""https://tiktok.com/@eqmhqf"" target=""_blank"">@eqmhqf</a>",48,14,60.402,0.916,5,132,0,615,16.882,0.176,0.118
"<a href=""https://tiktok.com/@etuo.uop"" target=""_blank"">@etuo.uop</a>",23,4,56.044,0.866,2,19,0,1762,38.8,0,0
"<a href=""https://tiktok.com/@evfdmzl"" target=""_blank"">@evfdmzl</a>",63,8,16.643,1,1,14,0,4332.1,127.2,1.2,2.1
"<a href=""https://tiktok.com/@fauy8466"" target=""_blank"">@fauy8466</a>",4,10,59.636,1,1,11,0,2486.8,90.2,0.8,2
"<a href=""https://tiktok.com/@fgffvp"" target=""_blank"">@fgffvp</a>",47,5,47.308,1,2,22,0,245.778,3.889,0,1.333
"<a href=""https://tiktok.com/@fhda78402"" target=""_blank"">@fhda78402</a>",53,15,64.714,1,4,123,0,730.133,44.533,0.4,0.4
"<a href=""https://tiktok.com/@fhkundshunk"" target=""_blank"">@fhkundshunk</a>",35,11,52.922,0.829,2,29,0,3251.615,7.231,0.2,0.154
"<a href=""https://tiktok.com/@fhuc22"" target=""_blank"">@fhuc22</a>",18,8,40.759,0.923,2,44,0,2867.875,37.125,0.125,0.5
"<a href=""https://tiktok.com/@fhvf210"" target=""_blank"">@fhvf210</a>",15,9,46.237,0.95,2,33,0,1169,88.889,0.889,0
"<a href=""https://tiktok.com/@fhxk1941"" target=""_blank"">@fhxk1941</a>",49,13,65.925,0.897,3,36,0,1034,22.923,1.308,0.538
"<a href=""https://tiktok.com/@fiurf9599"" target=""_blank"">@fiurf9599</a>",55,3,53.167,1,4,36,0,266.333,10.667,0,0
"<a href=""https://tiktok.com/@fjjgdvx"" target=""_blank"">@fjjgdvx</a>",32,8,57.222,1,1,9,0,4762.375,198.375,2.429,13
"<a href=""https://tiktok.com/@fjmphu"" target=""_blank"">@fjmphu</a>",48,6,49.833,1,2,22,0,641.5,22.833,0.333,0.167
"<a href=""https://tiktok.com/@fkir2290"" target=""_blank"">@fkir2290</a>",50,15,71.369,0.824,5,96,0,533.867,21.8,0.133,0.2
"<a href=""https://tiktok.com/@fnnf8890"" target=""_blank"">@fnnf8890</a>",51,11,50.651,0.889,3,66,0,2671.364,73.545,0,1.091
"<a href=""https://tiktok.com/@fsaftn"" target=""_blank"">@fsaftn</a>",48,12,68.688,0.958,8,82,0.001,509.167,9.917,0,0.083
"<a href=""https://tiktok.com/@fteecfs"" target=""_blank"">@fteecfs</a>",59,8,35.595,0.944,2,26,0,5946.75,182.25,2.5,0.625
"<a href=""https://tiktok.com/@fujgds.guio"" target=""_blank"">@fujgds.guio</a>",23,6,48.329,0.873,2,22,0,561.833,20.167,0.167,0.167
"<a href=""https://tiktok.com/@funny.podcasttop"" target=""_blank"">@funny.podcasttop</a>",22,6,51.05,1,2,20,0,1344.625,52.875,0.5,1.75
"<a href=""https://tiktok.com/@fygdjasnu0"" target=""_blank"">@fygdjasnu0</a>",10,6,51.338,1,2,22,0,230.5,3,0,0
"<a href=""https://tiktok.com/@g.in.cgn"" target=""_blank"">@g.in.cgn</a>",61,10,53.649,0.95,13,149,0.003,1550.1,74.2,1.5,0.6
"<a href=""https://tiktok.com/@g86bavbbw"" target=""_blank"">@g86bavbbw</a>",10,3,44.444,1,1,9,0,392620.333,18493.333,78.667,84.333
"<a href=""https://tiktok.com/@gclqse"" target=""_blank"">@gclqse</a>",48,3,92.222,1,1,9,0,163.5,3.5,0,0
"<a href=""https://tiktok.com/@gdjsys526252"" target=""_blank"">@gdjsys526252</a>",67,6,44,0.857,1,9,0,1134.333,72.833,0,0.333
"<a href=""https://tiktok.com/@gduhx01"" target=""_blank"">@gduhx01</a>",71,6,58.667,0.929,2,18,0,3320,74.667,1.5,2.667
"<a href=""https://tiktok.com/@gfjch34"" target=""_blank"">@gfjch34</a>",7,10,63.145,0.847,4,45,0,1817,79.3,0.7,1.1
"<a href=""https://tiktok.com/@ghhj8554"" target=""_blank"">@ghhj8554</a>",53,13,63.679,0.886,4,98,0,1558.143,41,0.571,1.357
"<a href=""https://tiktok.com/@gits5263"" target=""_blank"">@gits5263</a>",55,3,56.267,1,5,45,0,255.667,12.333,0,0
"<a href=""https://tiktok.com/@givi0331"" target=""_blank"">@givi0331</a>",49,15,69.652,0.944,3,42,0,313.812,8.125,0.188,0.125
"<a href=""https://tiktok.com/@gjguq6894"" target=""_blank"">@gjguq6894</a>",51,11,80.826,1,2,43,0,2547.455,74.364,0.636,1.091
"<a href=""https://tiktok.com/@gqvgpl"" target=""_blank"">@gqvgpl</a>",26,10,40.5,1,1,16,0,1531.5,29.5,1,0.2
"<a href=""https://tiktok.com/@guoonn.hkp"" target=""_blank"">@guoonn.hkp</a>",23,6,59.485,0.882,2,23,0,864.167,34.833,0,0.5
"<a href=""https://tiktok.com/@gutieyy7"" target=""_blank"">@gutieyy7</a>",8,9,56.078,0.964,4,40,0,1397.556,90.222,1.778,0.111
"<a href=""https://tiktok.com/@hcodifb"" target=""_blank"">@hcodifb</a>",1,8,55.896,1,3,29,0,2060.111,94,0.333,2.222
"<a href=""https://tiktok.com/@hcuwiea"" target=""_blank"">@hcuwiea</a>",26,8,50,0.875,1,10,0,2649.125,33.25,0.375,0
"<a href=""https://tiktok.com/@hdbjx72"" target=""_blank"">@hdbjx72</a>",14,9,37.786,0.944,2,35,0,1530.333,39.222,0.778,2.444
"<a href=""https://tiktok.com/@hdha0995"" target=""_blank"">@hdha0995</a>",55,3,55.167,1,4,36,0,812.333,29,0.333,0
"<a href=""https://tiktok.com/@hdmjwo1"" target=""_blank"">@hdmjwo1</a>",48,12,64.114,0.944,4,68,0,613.167,20.833,0,0.083
"<a href=""https://tiktok.com/@hdvhds4"" target=""_blank"">@hdvhds4</a>",61,10,47.183,0.901,8,108,0,1512.5,86.8,1.6,0.6
"<a href=""https://tiktok.com/@hec88551nva"" target=""_blank"">@hec88551nva</a>",36,7,73.9,1,1,10,0,3185.75,110.5,1.429,3.75
"<a href=""https://tiktok.com/@hehs5037"" target=""_blank"">@hehs5037</a>",50,15,61.511,0.942,4,97,0,952.267,48.733,0.333,0.4
"<a href=""https://tiktok.com/@hgsa33741"" target=""_blank"">@hgsa33741</a>",55,3,45.917,1,4,36,0,672,51,1,0.667
"<a href=""https://tiktok.com/@hidouo"" target=""_blank"">@hidouo</a>",48,16,56.741,0.875,8,172,0.002,688.875,18.562,0,0.312
"<a href=""https://tiktok.com/@hltuoq"" target=""_blank"">@hltuoq</a>",48,17,69.443,0.889,4,128,0,715.824,18.882,0.118,0.294
"<a href=""https://tiktok.com/@hmwnajkihjcirrrsyw"" target=""_blank"">@hmwnajkihjcirrrsyw</a>",39,9,46.75,0.778,1,12,0,3116.667,110.444,2.222,8.667
"<a href=""https://tiktok.com/@hoeg.huan"" target=""_blank"">@hoeg.huan</a>",6,9,43.378,1,2,19,0,92569.556,801.889,7.889,17.333
"<a href=""https://tiktok.com/@hojdmc"" target=""_blank"">@hojdmc</a>",72,6,19.426,1,3,54,0,601,37.333,0.167,0.167
"<a href=""https://tiktok.com/@hotcool586"" target=""_blank"">@hotcool586</a>",22,6,65.222,1,1,9,0,782.833,43.5,0,0.167
"<a href=""https://tiktok.com/@hsbuz8"" target=""_blank"">@hsbuz8</a>",17,9,47.885,0.908,2,28,0,883.444,30.889,0.333,0.556
"<a href=""https://tiktok.com/@hsgshqdrf5p"" target=""_blank"">@hsgshqdrf5p</a>",44,6,90.808,1,1,26,0,9.333,1.833,0,0
"<a href=""https://tiktok.com/@htjzwe4"" target=""_blank"">@htjzwe4</a>",65,10,53.75,0.917,2,30,0,34435.5,888.2,10.7,4.8
"<a href=""https://tiktok.com/@huiodjio"" target=""_blank"">@huiodjio</a>",31,10,58.268,0.884,8,100,0,3052.9,161.9,1.75,3
"<a href=""https://tiktok.com/@hwvrok"" target=""_blank"">@hwvrok</a>",62,7,30.807,0.879,2,24,0,22364.429,308.857,11.714,2.429
"<a href=""https://tiktok.com/@hxjdsj34"" target=""_blank"">@hxjdsj34</a>",61,10,46.918,0.909,8,96,0.001,1126.3,58.7,0.6,0.4
"<a href=""https://tiktok.com/@hzhdhs"" target=""_blank"">@hzhdhs</a>",61,10,37.99,0.939,7,92,0,1312.7,51,1.2,0.6
"<a href=""https://tiktok.com/@ididu034"" target=""_blank"">@ididu034</a>",7,9,65.033,0.925,3,29,0,1607.111,60.111,1.111,1.333
"<a href=""https://tiktok.com/@idpeoc"" target=""_blank"">@idpeoc</a>",48,17,61.656,1,3,109,0,1031.056,17.278,0,0.111
"<a href=""https://tiktok.com/@iiuu553"" target=""_blank"">@iiuu553</a>",37,15,56.393,0.911,10,237,0,15578.133,221.4,1,1.733
"<a href=""https://tiktok.com/@irdc042"" target=""_blank"">@irdc042</a>",1,10,51.693,0.972,3,34,0,3789.3,148.9,1.1,1.6
"<a href=""https://tiktok.com/@isce0690"" target=""_blank"">@isce0690</a>",49,15,65.915,0.944,3,31,0.001,1140.333,43.733,0.267,0.267
"<a href=""https://tiktok.com/@isge0853"" target=""_blank"">@isge0853</a>",49,15,68.951,0.812,2,32,0,290.4,11.6,0.067,0.133
"<a href=""https://tiktok.com/@isgs5669"" target=""_blank"">@isgs5669</a>",49,13,81.235,0.875,1,17,0,316.429,8.214,0.143,0.357
"<a href=""https://tiktok.com/@iupkvg"" target=""_blank"">@iupkvg</a>",48,11,56.019,0.967,6,64,0.002,219.727,3.182,0,0
"<a href=""https://tiktok.com/@j.uv586"" target=""_blank"">@j.uv586</a>",15,8,56.273,1,2,33,0,1216.273,43.727,0.273,0.273
"<a href=""https://tiktok.com/@jajsjsn56"" target=""_blank"">@jajsjsn56</a>",37,14,58.672,0.893,11,194,0,12356.643,188.286,1.214,9.786
"<a href=""https://tiktok.com/@jccj44506"" target=""_blank"">@jccj44506</a>",54,3,71.667,1,1,9,0,918.833,51,0,0.167
"<a href=""https://tiktok.com/@jdpdosj"" target=""_blank"">@jdpdosj</a>",1,10,62.733,0.939,5,52,0,791.4,33,0.4,0.2
"<a href=""https://tiktok.com/@jdpxorjf"" target=""_blank"">@jdpxorjf</a>",2,7,70.556,1,1,9,0,2089.222,111.889,0.556,0.889
"<a href=""https://tiktok.com/@jeffrey.hettinger"" target=""_blank"">@jeffrey.hettinger</a>",11,10,47.667,1,1,9,0,1284.5,29.1,1.5,2.6
"<a href=""https://tiktok.com/@jfdd653"" target=""_blank"">@jfdd653</a>",3,9,56.818,1,1,11,0,10546.556,166.222,3.333,4.111
"<a href=""https://tiktok.com/@jfodxgajsjijpd"" target=""_blank"">@jfodxgajsjijpd</a>",13,5,54.65,0.808,4,40,0,1135.6,64.4,1.8,3.2
"<a href=""https://tiktok.com/@jfufrehcdh"" target=""_blank"">@jfufrehcdh</a>",1,8,56.878,1,3,28,0,2890.5,141.875,1.75,13.625
"<a href=""https://tiktok.com/@jiqw8344"" target=""_blank"">@jiqw8344</a>",55,3,60.667,1,3,27,0,361,12.667,1.333,0
"<a href=""https://tiktok.com/@jksjbtuupyf"" target=""_blank"">@jksjbtuupyf</a>",38,3,68.3,0.571,1,10,0,5.083,0.167,0,0
"<a href=""https://tiktok.com/@jkuy0534"" target=""_blank"">@jkuy0534</a>",54,15,63.306,0.937,3,67,0,867.133,44.533,0.533,0.267
"<a href=""https://tiktok.com/@jshszh6382"" target=""_blank"">@jshszh6382</a>",61,7,47.824,0.963,3,30,0,1341.571,89.429,0.429,0
"<a href=""https://tiktok.com/@jsosjxj8"" target=""_blank"">@jsosjxj8</a>",1,9,41.205,0.967,3,33,0,9292.222,134.667,2.556,8
"<a href=""https://tiktok.com/@jtcytxyzey"" target=""_blank"">@jtcytxyzey</a>",1,7,47.006,0.917,2,19,0,2878.125,82.125,3.25,26.125
"<a href=""https://tiktok.com/@juliosalazar229"" target=""_blank"">@juliosalazar229</a>",46,8,46.8,0.875,1,10,0,2292.375,44.25,1.25,1.5
"<a href=""https://tiktok.com/@jvhb240"" target=""_blank"">@jvhb240</a>",37,15,54.131,0.904,10,219,0,14459,233.267,1,2.467
"<a href=""https://tiktok.com/@jvtvc3"" target=""_blank"">@jvtvc3</a>",37,15,56.458,0.862,10,233,0,32312.867,768.267,4.2,8.933
"<a href=""https://tiktok.com/@jwhe5192"" target=""_blank"">@jwhe5192</a>",55,3,50.167,1,2,18,0,329.667,11,0,0
"<a href=""https://tiktok.com/@kacbr2774"" target=""_blank"">@kacbr2774</a>",61,8,48.566,0.896,7,90,0,1061,47.375,0.625,0.25
"<a href=""https://tiktok.com/@kbpsjd"" target=""_blank"">@kbpsjd</a>",8,6,56.222,0.857,1,9,0,951.625,60.25,1,0.125
"<a href=""https://tiktok.com/@kduudk6"" target=""_blank"">@kduudk6</a>",69,5,69.9,0.833,1,10,0,1253.571,20.286,0.143,1
"<a href=""https://tiktok.com/@kdywnty"" target=""_blank"">@kdywnty</a>",66,10,14.1,1,1,20,0,1161.8,50.4,0.4,0.5
"<a href=""https://tiktok.com/@kendjffg"" target=""_blank"">@kendjffg</a>",68,7,61.778,1,1,9,0,1868.286,135.286,1.857,1
"<a href=""https://tiktok.com/@keoap4288"" target=""_blank"">@keoap4288</a>",61,5,43.488,0.902,5,52,0,1200.2,26.6,0.8,0.6
"<a href=""https://tiktok.com/@kfbfol"" target=""_blank"">@kfbfol</a>",47,5,69.641,1,2,22,0,44.444,0.889,0,0
"<a href=""https://tiktok.com/@kkj00006"" target=""_blank"">@kkj00006</a>",33,8,69.95,0.845,2,20,0,6328.125,209.75,2,7.375
"<a href=""https://tiktok.com/@kkj00007"" target=""_blank"">@kkj00007</a>",33,8,63.1,0.833,1,10,0,2718,135.625,1.5,3.875
"<a href=""https://tiktok.com/@kkj00008"" target=""_blank"">@kkj00008</a>",33,7,76.8,0.857,1,10,0,2153.857,96.286,0.4,1
"<a href=""https://tiktok.com/@klsier"" target=""_blank"">@klsier</a>",47,3,79.667,1,1,9,0,107.667,3.333,0.333,0
"<a href=""https://tiktok.com/@krug011"" target=""_blank"">@krug011</a>",1,10,56.575,1,4,39,0,1592,126.8,1.3,4.9
"<a href=""https://tiktok.com/@ktsfyh"" target=""_blank"">@ktsfyh</a>",31,8,48.067,0.944,3,29,0,2748.625,140.5,1.833,2
"<a href=""https://tiktok.com/@kungyhunksd"" target=""_blank"">@kungyhunksd</a>",35,3,74.444,0.571,1,9,0,2908,3.667,0,0.333
"<a href=""https://tiktok.com/@landscape5670"" target=""_blank"">@landscape5670</a>",31,9,48.672,0.867,5,53,0,2870.111,219.333,11.857,1.222
"<a href=""https://tiktok.com/@lawrenceharvey54"" target=""_blank"">@lawrenceharvey54</a>",11,8,65.944,0.926,3,29,0,714.778,15,0.778,1.111
"<a href=""https://tiktok.com/@leila.fernandes.c2"" target=""_blank"">@leila.fernandes.c2</a>",24,5,47.4,0.8,1,10,0,992.8,18.4,0.2,4.8
"<a href=""https://tiktok.com/@leoraf9"" target=""_blank"">@leoraf9</a>",59,8,30.952,0.95,2,26,0,2688.4,96.6,0.6,0.3
"<a href=""https://tiktok.com/@lhqitc"" target=""_blank"">@lhqitc</a>",48,18,60.742,0.967,6,118,0.001,796.556,24.167,0.111,0.222
"<a href=""https://tiktok.com/@lin689668987"" target=""_blank"">@lin689668987</a>",35,10,40.848,0.866,2,31,0,1049.3,27.2,0.375,0.2
"<a href=""https://tiktok.com/@ljpjvh"" target=""_blank"">@ljpjvh</a>",62,8,32.94,0.95,2,26,0,15729.5,331.625,3.75,2.25
"<a href=""https://tiktok.com/@maemeg7"" target=""_blank"">@maemeg7</a>",58,8,14.167,1,1,12,0,1754.7,92.5,0.9,1.8
"<a href=""https://tiktok.com/@marisol.rath"" target=""_blank"">@marisol.rath</a>",11,10,60.842,0.964,4,39,0,1050.5,25.8,1.3,3
"<a href=""https://tiktok.com/@marjoriecarrie0525"" target=""_blank"">@marjoriecarrie0525</a>",12,10,27,1,1,12,0,591,16.6,2.6,3.6
"<a href=""https://tiktok.com/@mong.khuu"" target=""_blank"">@mong.khuu</a>",12,8,27,1,1,12,0,1374.3,44.6,2.3,5.3
"<a href=""https://tiktok.com/@ncaqusztvgl"" target=""_blank"">@ncaqusztvgl</a>",47,3,35,1,1,9,0,103,0.667,0,0
"<a href=""https://tiktok.com/@ncjfhyrsdj"" target=""_blank"">@ncjfhyrsdj</a>",61,9,47.555,0.943,8,92,0,1329.667,33.111,0.556,0.556
"<a href=""https://tiktok.com/@ncsfo3287"" target=""_blank"">@ncsfo3287</a>",61,8,45.384,0.887,8,85,0.001,2831.25,89.25,0.5,1.25
"<a href=""https://tiktok.com/@ndork4782"" target=""_blank"">@ndork4782</a>",61,7,58.55,0.877,4,40,0,1025.143,41,1,0.286
"<a href=""https://tiktok.com/@nfyk.emma"" target=""_blank"">@nfyk.emma</a>",11,7,73.611,0.929,2,18,0,1254.7,44.7,0.8,0.9
"<a href=""https://tiktok.com/@nhllos8"" target=""_blank"">@nhllos8</a>",59,9,39.214,0.894,2,28,0,1903.1,109.6,0.6,0.8
"<a href=""https://tiktok.com/@nqkwvc"" target=""_blank"">@nqkwvc</a>",58,7,14.167,1,1,12,0,1912,98,1.429,0.429
"<a href=""https://tiktok.com/@ntpblw"" target=""_blank"">@ntpblw</a>",48,6,62.741,1,3,27,0,461.667,12.167,0.167,0
"<a href=""https://tiktok.com/@nxpsa4288"" target=""_blank"">@nxpsa4288</a>",61,10,41.564,0.899,6,102,0,28663.545,1657.182,5.727,4.182
"<a href=""https://tiktok.com/@nzohwh"" target=""_blank"">@nzohwh</a>",28,8,12,1,1,9,0,1551.1,65.4,1.6,1
"<a href=""https://tiktok.com/@ojkmss"" target=""_blank"">@ojkmss</a>",48,5,79.222,1,3,31,0,629.5,20,0.167,0.167
"<a href=""https://tiktok.com/@okay11732"" target=""_blank"">@okay11732</a>",53,11,69.145,0.902,3,73,0,1636.071,42.786,0.571,0.5
"<a href=""https://tiktok.com/@oljclk"" target=""_blank"">@oljclk</a>",62,7,40.033,0.929,2,22,0,1934.625,39,0.625,0
"<a href=""https://tiktok.com/@olrsyrt7"" target=""_blank"">@olrsyrt7</a>",26,8,51.778,0.866,2,19,0,3421.2,55.6,0.5,0.4
"<a href=""https://tiktok.com/@omi.poni0"" target=""_blank"">@omi.poni0</a>",18,8,37.205,0.887,2,45,0,1972.625,42.375,0.375,0.125
"<a href=""https://tiktok.com/@ongoc.mrm"" target=""_blank"">@ongoc.mrm</a>",30,10,35.727,0.857,1,11,0,1815.667,31.75,1.333,2.667
"<a href=""https://tiktok.com/@onikacaylie"" target=""_blank"">@onikacaylie</a>",11,9,50.308,1,1,13,0,1382.889,40.889,3,4.556
"<a href=""https://tiktok.com/@oxkops7"" target=""_blank"">@oxkops7</a>",28,5,12,1,1,9,0,1422.8,101.4,0.8,0.5
"<a href=""https://tiktok.com/@pbpktw"" target=""_blank"">@pbpktw</a>",48,15,64.709,0.894,6,170,0,467.167,13.556,0,0.111
"<a href=""https://tiktok.com/@pdilul"" target=""_blank"">@pdilul</a>",65,6,62.15,0.833,2,20,0,10252.778,179.667,2.778,1.222
"<a href=""https://tiktok.com/@pjk3357"" target=""_blank"">@pjk3357</a>",45,9,47.189,0.833,2,19,0,2677.1,97.2,1.5,0.2
"<a href=""https://tiktok.com/@prbnac"" target=""_blank"">@prbnac</a>",48,12,68.927,0.952,7,79,0.001,640.583,20.083,0.167,0.333
"<a href=""https://tiktok.com/@prtnr8"" target=""_blank"">@prtnr8</a>",8,8,58.02,0.963,3,31,0,1595.778,72,9.444,1.333
"<a href=""https://tiktok.com/@puhrra"" target=""_blank"">@puhrra</a>",48,13,56.075,0.94,4,111,0,752.688,24.312,0,0.25
"<a href=""https://tiktok.com/@pxibi018"" target=""_blank"">@pxibi018</a>",17,8,61.912,0.887,2,27,0,1100.875,26.375,0.25,0.375
"<a href=""https://tiktok.com/@qafkr2477"" target=""_blank"">@qafkr2477</a>",61,5,47.254,0.913,5,55,0,877.2,12,1,0
"<a href=""https://tiktok.com/@qdcieh"" target=""_blank"">@qdcieh</a>",72,6,20.278,0.963,3,54,0,1114.833,57,0.167,0
"<a href=""https://tiktok.com/@qigqtm"" target=""_blank"">@qigqtm</a>",48,14,65.902,0.958,7,100,0,273.357,7.786,0,0
"<a href=""https://tiktok.com/@reddit.vztwo"" target=""_blank"">@reddit.vztwo</a>",16,4,39.667,0.8,1,9,0,21420.25,177.5,145,17
"<a href=""https://tiktok.com/@reddit_grayson99"" target=""_blank"">@reddit_grayson99</a>",72,6,18.611,0.963,3,54,0,1226.667,58.167,0.167,0
"<a href=""https://tiktok.com/@reddit_hunt"" target=""_blank"">@reddit_hunt</a>",72,6,18.981,1,3,54,0,695.5,50.667,0,0
"<a href=""https://tiktok.com/@redditpov6"" target=""_blank"">@redditpov6</a>",25,7,54.556,1,1,9,0,23023.571,301.143,2.714,24.429
"<a href=""https://tiktok.com/@redditstory667"" target=""_blank"">@redditstory667</a>",45,7,37.444,0.938,2,18,0,579.714,20.286,0,0.286
"<a href=""https://tiktok.com/@refine74"" target=""_blank"">@refine74</a>",65,10,46,0.917,2,30,0,1129.8,147.8,0.8,0.3
"<a href=""https://tiktok.com/@rohingyao"" target=""_blank"">@rohingyao</a>",31,9,47.689,0.856,4,44,0,3627.5,179,1.25,2.1
"<a href=""https://tiktok.com/@rosacasey65"" target=""_blank"">@rosacasey65</a>",8,10,46.611,0.963,3,28,0,1800.2,104.8,2.8,1.4
"<a href=""https://tiktok.com/@roselent02103"" target=""_blank"">@roselent02103</a>",61,9,36.775,0.912,8,93,0,653.111,12,0.333,0.444
"<a href=""https://tiktok.com/@sasapco"" target=""_blank"">@sasapco</a>",31,9,43.694,0.878,3,31,0,2343.4,175.8,1.125,1.1
"<a href=""https://tiktok.com/@scqsxg"" target=""_blank"">@scqsxg</a>",26,9,47.028,0.929,2,25,0,1528.556,38.667,0.333,0.333
"<a href=""https://tiktok.com/@sdsdyou"" target=""_blank"">@sdsdyou</a>",31,8,48.517,0.878,3,35,0,6002.75,290.75,3.5,2.875
"<a href=""https://tiktok.com/@sharleen.howard"" target=""_blank"">@sharleen.howard</a>",70,6,47.889,1,1,9,0,15306.333,470.833,2.833,98.667
"<a href=""https://tiktok.com/@shgj33"" target=""_blank"">@shgj33</a>",71,6,67.333,1,2,18,0,2197.833,60.667,0,0
"<a href=""https://tiktok.com/@shuj977"" target=""_blank"">@shuj977</a>",16,8,48.189,0.958,3,29,0,927.875,49.625,0.5,0.125
"<a href=""https://tiktok.com/@shuy742"" target=""_blank"">@shuy742</a>",20,9,49.152,0.929,4,87,0,852.444,13.778,0.333,0.111
"<a href=""https://tiktok.com/@sidjjd79"" target=""_blank"">@sidjjd79</a>",22,6,57.839,1,2,19,0,1011.5,38.333,0.5,0
"<a href=""https://tiktok.com/@snoshsj"" target=""_blank"">@snoshsj</a>",61,7,27.946,0.807,3,35,0,1031.143,48.857,0,0.429
"<a href=""https://tiktok.com/@sqifhw"" target=""_blank"">@sqifhw</a>",48,15,68.688,0.961,3,86,0,1116.333,22.056,0.167,0.167
"<a href=""https://tiktok.com/@stoyouh"" target=""_blank"">@stoyouh</a>",31,9,42.799,0.821,7,74,0,2797.333,143.889,3.429,5
"<a href=""https://tiktok.com/@sug7994"" target=""_blank"">@sug7994</a>",20,9,49.033,0.89,4,76,0,819.667,22,0,0.111
"<a href=""https://tiktok.com/@sumroo.786"" target=""_blank"">@sumroo.786</a>",41,12,86.939,0.944,2,74,0,886.833,127.167,5.833,5.75
"<a href=""https://tiktok.com/@sun.lilym"" target=""_blank"">@sun.lilym</a>",46,9,62.067,0.938,2,19,0,1479,38.444,1.222,0.556
"<a href=""https://tiktok.com/@susv0936"" target=""_blank"">@susv0936</a>",49,13,75.077,0.833,1,13,0,831.733,33.8,0.267,0.2
"<a href=""https://tiktok.com/@svpmrjwfqvu2oj"" target=""_blank"">@svpmrjwfqvu2oj</a>",13,4,35.8,0.8,1,10,0,1000.25,48,1.75,7.25
"<a href=""https://tiktok.com/@sweet_driver120"" target=""_blank"">@sweet_driver120</a>",38,6,68.3,0.571,1,10,0,3151.75,264.583,21.708,4.667
"<a href=""https://tiktok.com/@tamto27"" target=""_blank"">@tamto27</a>",30,6,35.727,0.857,1,11,0,498,7.333,2.167,2
"<a href=""https://tiktok.com/@tetel4962"" target=""_blank"">@tetel4962</a>",49,14,83.464,0.917,2,23,0,269.2,9.067,0.333,0.133
"<a href=""https://tiktok.com/@texthsg"" target=""_blank"">@texthsg</a>",36,7,73.9,1,1,10,0,4250.875,214.625,2.286,1
"<a href=""https://tiktok.com/@texting592"" target=""_blank"">@texting592</a>",25,4,54.556,1,1,9,0,3873.5,31.5,0.75,3.25
"<a href=""https://tiktok.com/@texts178"" target=""_blank"">@texts178</a>",31,8,41.8,1,1,10,0,4172.222,128.333,2.571,4.778
"<a href=""https://tiktok.com/@thalrn"" target=""_blank"">@thalrn</a>",27,8,57.769,1,1,13,0,6971,262,3,3
"<a href=""https://tiktok.com/@tiwakp1"" target=""_blank"">@tiwakp1</a>",48,11,65.279,0.894,4,49,0,477.545,21.636,0.182,0.182
"<a href=""https://tiktok.com/@todaysfriendshow4"" target=""_blank"">@todaysfriendshow4</a>",20,8,53.935,0.817,4,75,0,3829.75,69.75,2,0.875
"<a href=""https://tiktok.com/@toma.rimi"" target=""_blank"">@toma.rimi</a>",18,9,39.012,0.964,2,47,0,2369.778,33.111,0.222,0
"<a href=""https://tiktok.com/@topi.khatun6"" target=""_blank"">@topi.khatun6</a>",17,7,66.61,0.879,2,23,0,1166.429,55,0.143,0.571
"<a href=""https://tiktok.com/@touab4277"" target=""_blank"">@touab4277</a>",60,9,44.2,1,1,10,0,1999.111,60.667,0.556,0.333
"<a href=""https://tiktok.com/@tudysrud"" target=""_blank"">@tudysrud</a>",67,7,44,0.857,1,9,0,1112.857,32,0.571,0.143
"<a href=""https://tiktok.com/@tugx2917"" target=""_blank"">@tugx2917</a>",49,15,65.25,0.938,4,42,0.001,287.467,9.333,0.067,0.2
"<a href=""https://tiktok.com/@typ009"" target=""_blank"">@typ009</a>",34,7,89.889,0.714,1,9,0,2366.125,130.125,1.833,1.375
"<a href=""https://tiktok.com/@ubhutfrx"" target=""_blank"">@ubhutfrx</a>",1,9,55.667,0.921,3,29,0,1449.222,92.778,0.778,4.889
"<a href=""https://tiktok.com/@uehjkb3487"" target=""_blank"">@uehjkb3487</a>",13,4,82.8,0.8,1,10,0,17387.75,280,4,4.5
"<a href=""https://tiktok.com/@ufsc8075"" target=""_blank"">@ufsc8075</a>",50,14,59.591,0.922,4,78,0,1299.733,45.867,0.267,0.667
"<a href=""https://tiktok.com/@ujnpmvrmnklnilutge"" target=""_blank"">@ujnpmvrmnklnilutge</a>",39,8,46.75,0.778,1,12,0,776,20.889,4.444,21.333
"<a href=""https://tiktok.com/@ujrrrsq"" target=""_blank"">@ujrrrsq</a>",48,9,62.157,0.911,6,60,0,302.667,10.667,0,0
"<a href=""https://tiktok.com/@ukfee8"" target=""_blank"">@ukfee8</a>",69,6,69.9,0.833,1,10,0,2538.5,28.5,0.25,0.875
"<a href=""https://tiktok.com/@ulrikesteuber"" target=""_blank"">@ulrikesteuber</a>",11,9,49.089,0.878,3,29,0,792.667,18.667,1,2.778
"<a href=""https://tiktok.com/@uqmlmv"" target=""_blank"">@uqmlmv</a>",29,9,32.111,1,2,18,0,1576,133.111,1.444,0.111
"<a href=""https://tiktok.com/@urdu9708"" target=""_blank"">@urdu9708</a>",50,12,58.278,0.873,2,60,0,961.214,45.643,0.286,0.5
"<a href=""https://tiktok.com/@user16909390140293"" target=""_blank"">@user16909390140293</a>",35,9,70.402,0.749,3,33,0,688.267,15.467,0,0
"<a href=""https://tiktok.com/@user24170778255943"" target=""_blank"">@user24170778255943</a>",34,6,45.2,0.857,1,10,0,3508.286,115.143,1.5,0.714
"<a href=""https://tiktok.com/@user2920462956526"" target=""_blank"">@user2920462956526</a>",19,8,41.714,1,1,14,0,2882.25,38.25,1,3.25
"<a href=""https://tiktok.com/@user2932993437321"" target=""_blank"">@user2932993437321</a>",21,6,65.944,1,2,21,0,1532.833,46.333,0.333,1.5
"<a href=""https://tiktok.com/@user3154950400581"" target=""_blank"">@user3154950400581</a>",7,10,59.491,0.914,4,48,0,1086.4,93.2,2.1,0.8
"<a href=""https://tiktok.com/@user33450120083591"" target=""_blank"">@user33450120083591</a>",48,6,47,1,1,9,0,296,8.083,0.083,0.167
"<a href=""https://tiktok.com/@user3358147717443"" target=""_blank"">@user3358147717443</a>",9,10,50.222,1,1,9,0,5348.3,129.7,2.3,1.5
"<a href=""https://tiktok.com/@user3436197788624"" target=""_blank"">@user3436197788624</a>",37,5,56.333,0.875,2,18,0,4344,103,0.8,2.2
"<a href=""https://tiktok.com/@user3543260092180"" target=""_blank"">@user3543260092180</a>",56,3,20.111,0.8,1,9,0,1628.333,125,0.333,0.333
"<a href=""https://tiktok.com/@user386963311513"" target=""_blank"">@user386963311513</a>",21,6,51.6,0.929,2,22,0,1149,13.667,1,3.667
"<a href=""https://tiktok.com/@user4181021201798"" target=""_blank"">@user4181021201798</a>",21,6,38.15,0.857,2,20,0,1192.5,24.5,0.333,1.667
"<a href=""https://tiktok.com/@user5626060056906"" target=""_blank"">@user5626060056906</a>",1,10,60.395,0.932,7,73,0,2461.7,145.2,2.1,7.6
"<a href=""https://tiktok.com/@user6186701630842"" target=""_blank"">@user6186701630842</a>",21,6,49.222,0.929,4,41,0,1373.833,44.333,1.333,4
"<a href=""https://tiktok.com/@user7166160034825"" target=""_blank"">@user7166160034825</a>",19,8,41.714,1,1,14,0,2543.375,43.875,0.375,2.25
"<a href=""https://tiktok.com/@user7605976152392"" target=""_blank"">@user7605976152392</a>",70,6,47.889,1,1,9,0,2705.667,84.667,2.167,11.333
"<a href=""https://tiktok.com/@user7623302261329"" target=""_blank"">@user7623302261329</a>",10,6,58.231,1,1,13,0,296,7,0.167,0
"<a href=""https://tiktok.com/@user8653602093025"" target=""_blank"">@user8653602093025</a>",21,6,63,1,1,12,0,1613.167,49.5,0,2
"<a href=""https://tiktok.com/@user8794483655797"" target=""_blank"">@user8794483655797</a>",21,5,51.9,0.857,1,10,0,1238,28.4,0,1
"<a href=""https://tiktok.com/@username.1234615"" target=""_blank"">@username.1234615</a>",40,6,94.083,0.75,1,12,0,1741.556,80.778,7.111,2.111
"<a href=""https://tiktok.com/@username.123467897"" target=""_blank"">@username.123467897</a>",41,16,85.217,0.736,3,78,0,311.76,23.88,2,0.84
"<a href=""https://tiktok.com/@username.12365478"" target=""_blank"">@username.12365478</a>",40,9,94.083,0.75,1,12,0,1546.389,69.278,7.389,1.611
"<a href=""https://tiktok.com/@username.1545465"" target=""_blank"">@username.1545465</a>",42,10,88.462,0.8,1,26,0,57.667,9.583,1,0.083
"<a href=""https://tiktok.com/@username.64754675"" target=""_blank"">@username.64754675</a>",42,12,88.462,0.8,1,26,0,22.667,2.75,0.417,0
"<a href=""https://tiktok.com/@usjg2117"" target=""_blank"">@usjg2117</a>",49,10,72.833,1,2,24,0,902.533,37.133,0.333,1
"<a href=""https://tiktok.com/@v.if77"" target=""_blank"">@v.if77</a>",14,9,41.681,1,2,36,0,1554.556,67.556,0,1
"<a href=""https://tiktok.com/@vaigg0"" target=""_blank"">@vaigg0</a>",7,10,57.467,0.883,3,38,0,1437.3,90.6,1.8,5.5
"<a href=""https://tiktok.com/@vakft4299"" target=""_blank"">@vakft4299</a>",60,9,48.791,0.958,3,31,0,7240.75,95.917,0.25,1
"<a href=""https://tiktok.com/@vghf668"" target=""_blank"">@vghf668</a>",16,9,49.81,0.819,3,37,0,1501.444,78,0,0.556
"<a href=""https://tiktok.com/@video.of38"" target=""_blank"">@video.of38</a>",14,8,48.038,0.944,2,29,0,1688.125,32.125,0.5,0.5
"<a href=""https://tiktok.com/@vshwiy2868"" target=""_blank"">@vshwiy2868</a>",16,10,42.577,0.866,2,21,0,310.9,11.1,0,0
"<a href=""https://tiktok.com/@vxissvsb"" target=""_blank"">@vxissvsb</a>",64,5,52,1,1,10,0,1182.2,72.2,0.8,1
"<a href=""https://tiktok.com/@vxkaw3274"" target=""_blank"">@vxkaw3274</a>",61,12,46.279,0.87,12,159,0.001,1681.583,66.083,0.417,0.25
"<a href=""https://tiktok.com/@walcs4238"" target=""_blank"">@walcs4238</a>",61,9,46.121,0.926,11,113,0.005,933.889,21.556,0.444,0.333
"<a href=""https://tiktok.com/@wede35"" target=""_blank"">@wede35</a>",37,13,59.026,0.91,10,174,0,1844.692,56.077,0.308,0.538
"<a href=""https://tiktok.com/@wevbocr"" target=""_blank"">@wevbocr</a>",57,9,23.529,1,1,17,0,42558.8,1021.4,6.1,7.5
"<a href=""https://tiktok.com/@wgslhe"" target=""_blank"">@wgslhe</a>",48,14,71.391,0.978,5,105,0,928.833,26.444,0.111,0.611
"<a href=""https://tiktok.com/@wiqg8225"" target=""_blank"">@wiqg8225</a>",49,8,74.7,0.917,2,24,0,366.786,23.286,0.214,0.143
"<a href=""https://tiktok.com/@wive0570"" target=""_blank"">@wive0570</a>",49,14,64.846,0.857,1,13,0,862,25.5,0.143,0.857
"<a href=""https://tiktok.com/@wlack2188"" target=""_blank"">@wlack2188</a>",60,11,50.606,0.801,3,48,0,2827.545,80,0,0
"<a href=""https://tiktok.com/@wojta.or"" target=""_blank"">@wojta.or</a>",16,10,39.7,0.857,1,10,0,1173.4,41.2,0.3,0.3
"<a href=""https://tiktok.com/@wove1579"" target=""_blank"">@wove1579</a>",54,8,63.255,0.972,4,61,0,92,1.125,0,0.375
"<a href=""https://tiktok.com/@woyaofadacai0"" target=""_blank"">@woyaofadacai0</a>",13,4,77.5,0.8,1,10,0,1159.75,65.25,6.75,1.5
"<a href=""https://tiktok.com/@wudtm4288"" target=""_blank"">@wudtm4288</a>",61,11,44.256,0.831,5,62,0,1881.455,134.364,0.455,1.182
"<a href=""https://tiktok.com/@wuge2639"" target=""_blank"">@wuge2639</a>",49,12,69.444,1,2,33,0,417.143,16.714,0.071,0.143
"<a href=""https://tiktok.com/@xbhyudvqeq2lki"" target=""_blank"">@xbhyudvqeq2lki</a>",13,4,22.5,0.833,1,10,0,929.75,36,2,1.5
"<a href=""https://tiktok.com/@xchinaqueen3"" target=""_blank"">@xchinaqueen3</a>",43,6,90.235,1,1,17,0,1774.875,187.75,8.75,11.125
"<a href=""https://tiktok.com/@xchinaqueen4"" target=""_blank"">@xchinaqueen4</a>",43,6,90.235,1,1,17,0,3.833,0,0,0
"<a href=""https://tiktok.com/@xchinaqueen5"" target=""_blank"">@xchinaqueen5</a>",44,12,87.44,1,2,81,0,8204.667,781.833,29.5,56.083
"<a href=""https://tiktok.com/@xchinaqueen6"" target=""_blank"">@xchinaqueen6</a>",44,12,84.073,1,1,55,0,14.5,2.167,0.083,0.083
"<a href=""https://tiktok.com/@xhjsjsgd6362"" target=""_blank"">@xhjsjsgd6362</a>",64,7,51.278,1,2,19,0,1009.429,49.429,1.143,0.429
"<a href=""https://tiktok.com/@xihz9643"" target=""_blank"">@xihz9643</a>",51,9,56.495,0.963,3,64,0,679.818,27.364,0.182,0.364
"<a href=""https://tiktok.com/@xlhxhlxlh8"" target=""_blank"">@xlhxhlxlh8</a>",61,4,50.419,0.908,4,38,0,817.25,18.25,0.25,0
"<a href=""https://tiktok.com/@xztnkv3"" target=""_blank"">@xztnkv3</a>",29,9,34.194,1,2,19,0,13337.333,464.222,1.333,1.333
"<a href=""https://tiktok.com/@yang_reddit"" target=""_blank"">@yang_reddit</a>",68,8,59.8,0.857,1,10,0,1840.25,127,2.25,1
"<a href=""https://tiktok.com/@yiitsukb"" target=""_blank"">@yiitsukb</a>",8,9,54.306,1,3,34,0,21452.9,844.8,13.6,2.9
"<a href=""https://tiktok.com/@you.texts"" target=""_blank"">@you.texts</a>",32,8,57.222,1,1,9,0,7901.25,207,2.667,16.5
"<a href=""https://tiktok.com/@yowbc4277"" target=""_blank"">@yowbc4277</a>",60,14,54.011,0.914,3,35,0,1729.857,44.929,0.286,0.643
"<a href=""https://tiktok.com/@ysishhd7"" target=""_blank"">@ysishhd7</a>",7,9,58.131,0.955,2,23,0,2187.111,102.222,1.556,8.444
"<a href=""https://tiktok.com/@ytrq8081"" target=""_blank"">@ytrq8081</a>",53,12,79.307,0.97,3,76,0,1499,53.133,0.467,0.267
"<a href=""https://tiktok.com/@yuli22309"" target=""_blank"">@yuli22309</a>",11,10,54.754,0.952,3,32,0,546.6,10.9,1.6,1.8
"<a href=""https://tiktok.com/@zafke3177"" target=""_blank"">@zafke3177</a>",60,10,49.005,0.975,4,45,0,3012.1,71.6,0.1,0
"<a href=""https://tiktok.com/@zbdkc3664"" target=""_blank"">@zbdkc3664</a>",61,11,47.647,0.867,7,83,0,960.167,31.917,0.5,0.167
"<a href=""https://tiktok.com/@zcake3147"" target=""_blank"">@zcake3147</a>",61,4,54.185,0.847,3,28,0,138.25,2,0.25,0
"<a href=""https://tiktok.com/@zcekt4280"" target=""_blank"">@zcekt4280</a>",61,5,47.357,0.913,7,71,0.001,964.6,39.4,0.2,0.4
"<a href=""https://tiktok.com/@zjdoa3719"" target=""_blank"">@zjdoa3719</a>",61,11,40.547,0.908,6,108,0,977.182,61.091,1,0.182
"<a href=""https://tiktok.com/@zsdx184"" target=""_blank"">@zsdx184</a>",37,14,55.313,0.907,10,209,0,29878.5,802,3,36.714
"<a href=""https://tiktok.com/@ztctmxt"" target=""_blank"">@ztctmxt</a>",57,10,23.529,1,1,17,0,2085.5,125.9,0.8,0.2
"<a href=""https://tiktok.com/@zxvb736"" target=""_blank"">@zxvb736</a>",37,15,54.749,0.933,10,232,0,3322.8,71.333,0.733,1.067
