"Network","Number of Accounts","Network Density","Network Diameter","Clustering Coefficient","Avg Views","Avg Likes","Avg Comments","Avg Shares","Member Accounts"
1,11,0.345,34,0.474,2733.765,105.549,1.294,5.99,"be.jkigv, krug011, jsosjxj8, hcodifb, user5626060056906, irdc042, jfufrehcdh, bmc12655, jdpdosj, ubhutfrx, jtcytxyzey"
2,2,1,9,0,2933.875,122.875,1.25,6.062,"jdpxorjf, chantalkusch"
3,2,1,11,0,6655.444,150.167,2.222,3.278,"aedhdici, jfdd653"
4,2,1,11,0,2446.95,89.35,0.65,1.2,"fauy8466, aedyckctu"
5,2,1,10,0,33965.765,441.647,4.471,11,"akkaanav.risksjsg, debran.oxonrp86"
6,5,0.4,39,0,40699.63,456.891,3.783,9.826,"aed3660, aed75787, debran.oxonrp00, aed7p4, hoeg.huan"
7,6,0.667,26,0.6,1514.333,78.667,1.421,2.877,"user3154950400581, gfjch34, chdg050, ididu034, vaigg0, ysishhd7"
8,5,0.7,21,0.8,5806.174,248.652,5.935,1.239,"rosacasey65, prtnr8, yiitsukb, gutieyy7, kbpsjd"
9,2,1,9,0,3255.45,90.15,1.35,1.05,"aedgkochc, user3358147717443"
10,3,0.667,22,0,78734.667,3702.667,15.8,16.867,"user7623302261329, g86bavbbw, fygdjasnu0"
11,8,0.321,42,0.375,931.143,24.221,1.403,2.143,"jeffrey.hettinger, lawrenceharvey54, camilo.austin5, onikacaylie, nfyk.emma, ulrikesteuber, marisol.rath, yuli22309"
12,2,1,12,0,982.65,30.6,2.45,4.45,"mong.khuu, marjoriecarrie0525"
13,5,0.4,20,0,4170.857,97.095,3.19,3.571,"uehjkb3487, svpmrjwfqvu2oj, jfodxgajsjijpd, woyaofadacai0, xbhyudvqeq2lki"
14,3,1,21,1,1587.269,46.846,0.423,1.346,"hdbjx72, v.if77, video.of38"
15,3,1,19,1,1296.321,54.071,0.536,0.143,"berez.paulo, j.uv586, fhvf210"
16,7,0.381,39,0.429,2440.482,55.107,10.589,1.5,"c.ts24, shuj977, bsyg2865, vghf668, vshwiy2868, reddit.vztwo, wojta.or"
17,3,1,16,1,1038.458,36.417,0.25,0.5,"hsbuz8, pxibi018, topi.khatun6"
18,3,1,24,1,2402.08,37.36,0.24,0.2,"fhuc22, omi.poni0, toma.rimi"
19,2,1,14,0,2712.812,41.062,0.688,2.75,"user7166160034825, user2920462956526"
20,5,1,24,1,1425.366,30.073,0.854,0.561,"carbloggera, bsih75, sug7994, shuy742, todaysfriendshow4"
21,6,0.4,33,0.333,1353.086,34.629,0.514,2.343,"user4181021201798, user6186701630842, user8653602093025, user2932993437321, user386963311513, user8794483655797"
22,4,0.667,19,0.6,1005.731,42.231,0.308,0.615,"funny.podcasttop, hotcool586, dadd.dhh7, sidjjd79"
23,3,1,13,1,1021.529,30.824,0.059,0.235,"etuo.uop, fujgds.guio, guoonn.hkp"
24,2,1,10,0,682.111,14.444,0.111,2.667,"leila.fernandes.c2, amanda.silva.barr4"
25,2,1,9,0,16059.909,203.091,2,16.727,"redditpov6, texting592"
26,4,0.5,35,0,2283.162,39.595,0.568,0.243,"gqvgpl, scqsxg, olrsyrt7, hcuwiea"
27,2,1,13,0,4034.471,139.941,1.882,1.412,"beyeyb4, thalrn"
28,2,1,9,0,1486.95,83.4,1.2,0.75,"nzohwh, oxkops7"
29,4,0.5,28,0,4323.243,170.784,0.784,0.378,"diusdn13, uqmlmv, abphrwv, xztnkv3"
30,2,1,11,0,1376.444,23.611,1.611,2.444,"ongoc.mrm, tamto27"
31,10,0.422,34,0.545,3409.67,178.648,4.208,2.56,"ktsfyh, sdsdyou, texts178, huiodjio, sasapco, landscape5670, stoyouh, dtkwod, cagnhd, rohingyao"
32,2,1,9,0,6331.812,202.688,2.538,14.75,"fjjgdvx, you.texts"
33,3,0.667,20,0,3802,149.435,1.353,4.217,"kkj00008, kkj00006, kkj00007"
34,3,0.667,19,0,5101.682,129.409,2.056,8.136,"ccsszkt, typ009, user24170778255943"
35,4,0.667,22,0.6,1751.512,14.854,0.156,0.122,"kungyhunksd, fhkundshunk, lin689668987, user16909390140293"
36,2,1,10,0,3718.312,162.562,1.857,2.375,"hec88551nva, texthsg"
37,12,0.848,32,0.948,12087.375,256.408,1.375,6.803,"aed0267, iiuu553, jvhb240, user3436197788624, dthh824, aed2750, jvtvc3, wede35, jajsjsn56, zsdx184, cfdc18, zxvb736"
38,2,1,10,0,2102.861,176.444,14.472,3.111,"jksjbtuupyf, sweet_driver120"
39,2,1,12,0,1946.333,65.667,3.333,15,"hmwnajkihjcirrrsyw, ujnpmvrmnklnilutge"
40,2,1,12,0,1643.972,75.028,7.25,1.861,"username.1234615, username.12365478"
41,5,0.5,80,0.429,1231.204,73.51,3.653,1.929,"beaty_queen_22, china_cutegirl22, sumroo.786, chuma_g1, username.123467897"
42,2,1,26,0,40.167,6.167,0.708,0.042,"username.1545465, username.64754675"
43,2,1,17,0,1015.857,107.286,5,6.357,"xchinaqueen3, xchinaqueen4"
44,3,0.667,81,0,3289.533,313.967,11.833,22.467,"xchinaqueen5, hsgshqdrf5p, xchinaqueen6"
45,3,1,10,1,1473.259,55.815,0.704,0.407,"bbjqnch, pjk3357, redditstory667"
46,4,0.5,31,0,1351.778,34.556,0.889,1.389,"aseng.haymong, sun.lilym, juliosalazar229, carlos.alberto.al886"
47,4,0.5,31,0,135.167,2.292,0.042,0.5,"fgffvp, kfbfol, ncaqusztvgl, klsier"
48,24,0.207,81,0.448,659.206,17.707,0.072,0.171,"arffug, puhrra, bipiqo, bpgarp, hltuoq, pbpktw, hidouo, eqmhqf, lhqitc, idpeoc, iupkvg, ujrrrsq, qigqtm, prbnac, hdmjwo1, tiwakp1, fsaftn, ojkmss, fjmphu, ntpblw, gclqse, sqifhw, wgslhe, user33450120083591"
49,12,0.197,74,0.15,581.491,20.743,0.274,0.337,"isce0690, wiqg8225, fhxk1941, tugx2917, usjg2117, susv0936, givi0331, isge0853, tetel4962, isgs5669, wuge2639, wive0570"
50,7,0.619,53,0.692,1369.32,48.155,0.252,0.621,"hehs5037, cjire9104, dhhi6645, fkir2290, ufsc8075, cjur6297, urdu9708"
51,4,0.833,40,0.75,1723.977,58.545,0.318,1.068,"clirr5282, fnnf8890, gjguq6894, xihz9643"
52,2,1,15,0,1164.091,40.455,1.364,0.182,"coirf88774, courr1227"
53,6,0.8,47,0.789,1532.205,46.011,0.5,0.534,"ghhj8554, bvoo3130, dijx3903, fhda78402, okay11732, ytrq8081"
54,7,0.571,36,0.5,891.681,35.565,0.449,0.565,"drgd8391, dygd8923, eiej4325, jkuy0534, djwf2904, jccj44506, wove1579"
55,6,0.733,18,0.75,449.5,21.111,0.444,0.111,"fiurf9599, hgsa33741, gits5263, hdha0995, jiqw8344, jwhe5192"
56,2,1,9,0,2873.333,309.5,1,2,"user3543260092180, eden70188"
57,2,1,17,0,22322.15,573.65,3.45,3.85,"wevbocr, ztctmxt"
58,2,1,12,0,1819.471,94.765,1.118,1.235,"maemeg7, nqkwvc"
59,3,1,14,1,3338.893,125.714,1.143,0.571,"fteecfs, nhllos8, leoraf9"
60,12,0.258,69,0.525,2412.781,58.102,0.32,0.242,"cbske2477, anxdo3188, vakft4299, baxor3828, axflw3188, bakaf3280, wlack2188, 3mbfklb, touab4277, yowbc4277, 1qwdjjd, zafke3177"
61,35,0.21,59,0.603,2331.203,116.243,0.84,0.557,"ndork4782, kacbr2774, bxuzba, djisks96, g.in.cgn, cjdjfcn, ncsfo3287, ncjfhyrsdj, hxjdsj34, hdvhds4, cnatk3189, jshszh6382, snoshsj, duuff30, avelina.asucen, hzhdhs, bxjxhxt, bxjzjsns0, ejanc3177, acsge1347, 1yrogls, vxkaw3274, nxpsa4288, wudtm4288, zcake3147, zcekt4280, qafkr2477, roselent02103, zbdkc3664, keoap4288, walcs4238, avcms3284, abxke8499, xlhxhlxlh8, zjdoa3719"
62,3,1,14,1,12950.609,222.913,5.087,1.522,"ljpjvh, hwvrok, oljclk"
63,2,1,14,0,8933.053,195.684,1.526,2.158,"bixukf, evfdmzl"
64,3,0.667,19,0,1250,64.722,0.889,0.5,"cjdfndrh, vxissvsb, xhjsjsgd6362"
65,3,1,20,1,15445.793,413,4.828,2.138,"pdilul, htjzwe4, refine74"
66,2,1,20,0,91424.9,4820,13.45,40.25,"awmilke, kdywnty"
67,2,1,9,0,1122.769,50.846,0.308,0.231,"gdjsys526252, tudysrud"
68,3,0.667,19,0,1683.957,108.652,1.609,0.913,"kendjffg, dhdjuehiehrh, yang_reddit"
69,2,1,10,0,1938.867,24.667,0.2,0.933,"kduudk6, ukfee8"
70,2,1,9,0,9006,277.75,2.5,55,"sharleen.howard, user7605976152392"
71,4,0.667,19,0.6,3100.792,91.083,0.833,1.208,"aedhdjcoof, aedgslpxjx, gduhx01, shgj33"
72,4,1,18,1,909.5,50.792,0.125,0.042,"hojdmc, reddit_grayson99, qdcieh, reddit_hunt"
