"Account","Network","Unique Shares","Avg Time Between Shares (sec)","Edge Symmetry Score","Degree","Strength","Betweenness","Avg Views","Avg Likes","Avg Comments","Avg Shares"
"<a href=""https://tiktok.com/@gbooat"" target=""_blank"">@gbooat</a>",2,9,48.062,0.958,2,24,0,673.778,33.667,2.444,0.222
"<a href=""https://tiktok.com/@lingfaingchi"" target=""_blank"">@lingfaingchi</a>",8,9,58.833,0.75,1,6,0,773.333,31.222,0,2.333
"<a href=""https://tiktok.com/@okgsisnssx"" target=""_blank"">@okgsisnssx</a>",1,8,49.929,0.9,1,14,0,918.889,41.556,1,0.111
"<a href=""https://tiktok.com/@podcsaer"" target=""_blank"">@podcsaer</a>",6,7,50.417,0.833,2,12,0,674,24.429,0.571,0.143
"<a href=""https://tiktok.com/@podnasde"" target=""_blank"">@podnasde</a>",6,7,42.6,0.8,2,10,0,347.75,9.25,0,0.125
"<a href=""https://tiktok.com/@qweazsa0"" target=""_blank"">@qweazsa0</a>",5,5,74.4,0.8,1,5,0,393.375,15.75,0.25,1.5
"<a href=""https://tiktok.com/@qwebin5"" target=""_blank"">@qwebin5</a>",6,7,36.32,0.967,5,31,0.017,559.222,20.889,0.111,0.889
"<a href=""https://tiktok.com/@qwepoin8"" target=""_blank"">@qwepoin8</a>",6,6,27,0.75,1,6,0,296,11.625,0,0.125
"<a href=""https://tiktok.com/@qweraaw3"" target=""_blank"">@qweraaw3</a>",7,6,49.456,0.889,3,17,0.009,438.571,22.857,0.286,1.143
"<a href=""https://tiktok.com/@qwesdazbbtv"" target=""_blank"">@qwesdazbbtv</a>",5,7,74.4,0.8,1,5,0,521,29.625,0.25,0.125
"<a href=""https://tiktok.com/@standupoi"" target=""_blank"">@standupoi</a>",7,8,49.322,0.822,3,17,0.009,537,22.375,0.125,0
"<a href=""https://tiktok.com/@thjcdf1"" target=""_blank"">@thjcdf1</a>",8,8,43,0.8,1,7,0,653.5,26.625,0.25,0.125
"<a href=""https://tiktok.com/@thvsef8"" target=""_blank"">@thvsef8</a>",6,8,54.044,0.96,5,28,0.023,281.5,8.25,0,0
"<a href=""https://tiktok.com/@toot52213"" target=""_blank"">@toot52213</a>",4,3,30.111,1,1,9,0,1087.667,18,0,1
"<a href=""https://tiktok.com/@ulvyq09"" target=""_blank"">@ulvyq09</a>",8,6,50.917,0.775,2,13,0.003,189,9.833,0.167,0
"<a href=""https://tiktok.com/@user2096344469517"" target=""_blank"">@user2096344469517</a>",6,7,43.69,0.908,4,26,0.017,439.111,12.222,0.222,0.222
"<a href=""https://tiktok.com/@user21142256128841"" target=""_blank"">@user21142256128841</a>",6,8,22.642,0.95,4,21,0.011,461,19.444,0.111,0.556
"<a href=""https://tiktok.com/@user2482465986998"" target=""_blank"">@user2482465986998</a>",6,6,84.333,1,1,6,0,185.857,5.714,0,0.429
"<a href=""https://tiktok.com/@user80373793875698"" target=""_blank"">@user80373793875698</a>",6,8,60.698,0.804,4,26,0.023,432,15.444,0.222,0
"<a href=""https://tiktok.com/@user8431021130445"" target=""_blank"">@user8431021130445</a>",3,9,52.889,1,1,18,0,909.333,40,1.333,0
"<a href=""https://tiktok.com/@user8513919123949"" target=""_blank"">@user8513919123949</a>",7,8,46.333,1,1,6,0,140.444,3.222,0,0
"<a href=""https://tiktok.com/@user8632343249071"" target=""_blank"">@user8632343249071</a>",3,8,52.889,1,1,18,0,1190,53.5,1.125,0.125
"<a href=""https://tiktok.com/@user92940504054755"" target=""_blank"">@user92940504054755</a>",7,9,46.267,0.9,2,11,0,495.333,21,0.556,0.111
"<a href=""https://tiktok.com/@wbbxfgju"" target=""_blank"">@wbbxfgju</a>",7,7,49.8,1,1,5,0,330.375,21.25,0.25,0.25
"<a href=""https://tiktok.com/@wwer2929930"" target=""_blank"">@wwer2929930</a>",4,3,30.111,1,1,9,0,1510.25,13.5,0,0
"<a href=""https://tiktok.com/@xin20241035"" target=""_blank"">@xin20241035</a>",2,6,42.75,1,2,16,0.001,1202.5,52.667,0.667,0.167
"<a href=""https://tiktok.com/@yydszdzqa"" target=""_blank"">@yydszdzqa</a>",2,9,44.562,0.958,2,24,0,1169.333,64,1.556,0.556
"<a href=""https://tiktok.com/@yyfdtwhtod"" target=""_blank"">@yyfdtwhtod</a>",1,7,49.929,0.9,1,14,0,896.667,36.889,0.778,0.333
