"Network","Number of Accounts","Network Density","Network Diameter","Clustering Coefficient","Avg Views","Avg Likes","Avg Comments","Avg Shares","Member Accounts"
1,2,1,14,NA,907.778,39.222,0.889,0.222,"okgsisnssx, yyfdtwhtod"
2,3,1,16,1,991.792,49.792,1.667,0.333,"gbooat, xin20241035, yydszdzqa"
3,2,1,18,NA,1041.412,46.353,1.235,0.059,"user8431021130445, user8632343249071"
4,2,1,9,NA,1329.143,15.429,0,0.429,"toot52213, wwer2929930"
5,2,1,5,NA,457.188,22.688,0.25,0.812,"qweazsa0, qwesdazbbtv"
6,9,0.389,25,0.525,411.392,14.27,0.135,0.284,"thvsef8, podnasde, user2096344469517, podcsaer, user80373793875698, user21142256128841, qwebin5, user2482465986998, qwepoin8"
7,5,0.5,17,0.429,383.683,17.732,0.244,0.268,"user92940504054755, qweraaw3, standupoi, wbbxfgju, user8513919123949"
8,3,0.667,13,0,579.217,24.043,0.13,0.957,"thjcdf1, lingfaingchi, ulvyq09"
