"Account","Network","Unique Shares","Avg Time Between Shares (sec)","Edge Symmetry Score","Degree","Strength","Betweenness","Avg Views","Avg Likes","Avg Comments","Avg Shares"
"<a href=""https://tiktok.com/@1qwdjjd"" target=""_blank"">@1qwdjjd</a>",82,5,42.073,0.938,5,47,0,1431,52.4,0.4,0
"<a href=""https://tiktok.com/@2thgkvjd"" target=""_blank"">@2thgkvjd</a>",86,4,63.857,1,1,7,0,1732.5,182.75,0.75,0.25
"<a href=""https://tiktok.com/@3jfofoed"" target=""_blank"">@3jfofoed</a>",84,4,38,0.833,1,7,0,1126.75,63,0,0
"<a href=""https://tiktok.com/@abdulrahmanahmaad7"" target=""_blank"">@abdulrahmanahmaad7</a>",68,5,27.714,1,1,7,0,31411.8,540.2,8,7.8
"<a href=""https://tiktok.com/@aed0267"" target=""_blank"">@aed0267</a>",48,13,62.237,0.857,5,65,0,2555.692,92.154,0.385,0.769
"<a href=""https://tiktok.com/@aed2750"" target=""_blank"">@aed2750</a>",48,10,55.525,0.833,5,69,0,4991.8,78.3,1.2,1.5
"<a href=""https://tiktok.com/@aed7p4"" target=""_blank"">@aed7p4</a>",9,8,49.556,0.75,1,9,0,5636.875,141.625,3.625,2.625
"<a href=""https://tiktok.com/@aedfxthg"" target=""_blank"">@aedfxthg</a>",112,6,54.5,1,1,8,0,2070.857,47.571,2.857,3.286
"<a href=""https://tiktok.com/@aedgslpxjx"" target=""_blank"">@aedgslpxjx</a>",8,9,59.592,0.87,7,55,0,1480.444,39,0.333,0.444
"<a href=""https://tiktok.com/@aedhdici"" target=""_blank"">@aedhdici</a>",5,8,46.2,0.938,2,18,0,1145.125,54.75,1.875,0.875
"<a href=""https://tiktok.com/@aedhdjcoof"" target=""_blank"">@aedhdjcoof</a>",8,8,60.987,0.923,4,29,0,1521.333,163,1.444,2.111
"<a href=""https://tiktok.com/@aedvjdfjfj48528"" target=""_blank"">@aedvjdfjfj48528</a>",33,7,50.8,0.833,1,10,0,3359.714,83.857,2.571,9.286
"<a href=""https://tiktok.com/@aedyckctu"" target=""_blank"">@aedyckctu</a>",5,10,39.625,0.714,1,8,0,1784.6,83.6,0.3,1.4
"<a href=""https://tiktok.com/@ajiaie"" target=""_blank"">@ajiaie</a>",115,8,27.292,1,2,20,0,6303,146.75,1.625,3.125
"<a href=""https://tiktok.com/@akjeeeldl5"" target=""_blank"">@akjeeeldl5</a>",40,3,78.714,0.8,1,7,0,771.333,15.333,0.333,0
"<a href=""https://tiktok.com/@akkaanav.risksjsg"" target=""_blank"">@akkaanav.risksjsg</a>",9,8,57,0.833,1,7,0,4010.875,58,1,0.125
"<a href=""https://tiktok.com/@akksdb4"" target=""_blank"">@akksdb4</a>",115,8,61.264,0.9,2,17,0,24565.75,1097.375,12.125,5.375
"<a href=""https://tiktok.com/@ale2r35"" target=""_blank"">@ale2r35</a>",21,6,28,1,1,9,0,1595.333,46.833,0.167,0
"<a href=""https://tiktok.com/@aleaa0249"" target=""_blank"">@aleaa0249</a>",21,5,53.688,0.867,4,32,0,399.6,19,0,0
"<a href=""https://tiktok.com/@alejkityuoo"" target=""_blank"">@alejkityuoo</a>",21,4,52.812,0.733,2,15,0,246.25,10.5,0,0
"<a href=""https://tiktok.com/@amazing_seeet120"" target=""_blank"">@amazing_seeet120</a>",51,6,33.167,1,1,12,0,177.941,10.176,0.706,0.118
"<a href=""https://tiktok.com/@amazinggirl_120"" target=""_blank"">@amazinggirl_120</a>",53,7,98.778,1,1,9,0,1056.647,110.647,6.176,6.588
"<a href=""https://tiktok.com/@amkgvx"" target=""_blank"">@amkgvx</a>",63,6,54.729,0.917,2,17,0,2494.889,39.889,4.889,1
"<a href=""https://tiktok.com/@anpebsaxgu9"" target=""_blank"">@anpebsaxgu9</a>",21,4,77.75,1,1,8,0,1644.333,65.667,0.333,1
"<a href=""https://tiktok.com/@anxmd2388"" target=""_blank"">@anxmd2388</a>",87,6,34.171,0.969,4,40,0,761.667,16.333,0,0
"<a href=""https://tiktok.com/@arffug"" target=""_blank"">@arffug</a>",121,15,56.059,0.95,5,68,0.001,849.8,20.133,0,0.133
"<a href=""https://tiktok.com/@aseng.haymong"" target=""_blank"">@aseng.haymong</a>",66,7,57.458,0.958,3,30,0,1681.667,68.556,1.222,2
"<a href=""https://tiktok.com/@avav11738"" target=""_blank"">@avav11738</a>",122,4,55.571,1,1,7,0,3609.833,69.833,0.5,1
"<a href=""https://tiktok.com/@avelina.asucen"" target=""_blank"">@avelina.asucen</a>",90,4,32.875,1,2,16,0,1044.75,68.75,0.5,0.75
"<a href=""https://tiktok.com/@awbe.nevx"" target=""_blank"">@awbe.nevx</a>",106,8,80.312,0.818,1,16,0,3275.625,43.125,1.625,12.125
"<a href=""https://tiktok.com/@awcc.jqhh"" target=""_blank"">@awcc.jqhh</a>",106,5,64.286,0.8,1,7,0,7210.5,103.833,3.167,4.333
"<a href=""https://tiktok.com/@axff.crys"" target=""_blank"">@axff.crys</a>",105,7,49.778,0.857,2,18,0,5947.429,48.571,0.286,17.857
"<a href=""https://tiktok.com/@ayden.riverad"" target=""_blank"">@ayden.riverad</a>",4,10,55.731,0.887,4,33,0,2844.5,165.3,2.6,2.6
"<a href=""https://tiktok.com/@bagge.hazelk"" target=""_blank"">@bagge.hazelk</a>",61,8,54.125,0.833,1,8,0,5952.889,215,3.111,5.222
"<a href=""https://tiktok.com/@bakaf3280"" target=""_blank"">@bakaf3280</a>",82,6,40.276,0.841,4,36,0,1849.667,123.833,0.167,0.167
"<a href=""https://tiktok.com/@battl.kray"" target=""_blank"">@battl.kray</a>",49,9,53.053,0.936,7,76,0,2026.778,53.222,0,0.222
"<a href=""https://tiktok.com/@baxor3828"" target=""_blank"">@baxor3828</a>",82,6,62.095,0.953,5,51,0,1838.833,86.5,0.167,0.333
"<a href=""https://tiktok.com/@bbjqnch"" target=""_blank"">@bbjqnch</a>",62,7,57.267,0.728,3,24,0,3880.556,227.889,2.778,2.222
"<a href=""https://tiktok.com/@bcc662"" target=""_blank"">@bcc662</a>",26,6,27.556,1,1,9,0,1357.667,55,0.667,0.333
"<a href=""https://tiktok.com/@bdhjddbjrjej"" target=""_blank"">@bdhjddbjrjej</a>",109,6,60.286,1,2,14,0,217.667,1.333,0.333,0.167
"<a href=""https://tiktok.com/@be.jkigv"" target=""_blank"">@be.jkigv</a>",1,9,56.899,0.937,6,53,0,1094.889,69.222,0.444,0.333
"<a href=""https://tiktok.com/@bekiyirtimceyo"" target=""_blank"">@bekiyirtimceyo</a>",100,4,34.857,1,1,7,0,1132.75,80.75,2,6.25
"<a href=""https://tiktok.com/@benedossie2"" target=""_blank"">@benedossie2</a>",49,10,46.621,0.922,7,79,0,30218.7,721.7,5.2,56.3
"<a href=""https://tiktok.com/@berez.paulo"" target=""_blank"">@berez.paulo</a>",13,5,45.556,0.875,1,9,0,1498.714,48.571,0.429,0.143
"<a href=""https://tiktok.com/@bfihc"" target=""_blank"">@bfihc</a>",5,8,77.286,0.8,1,7,0,1729.889,83,0.444,0.667
"<a href=""https://tiktok.com/@bgfddf8888"" target=""_blank"">@bgfddf8888</a>",7,8,60.143,1,1,7,0,1368,66.556,0.667,1.778
"<a href=""https://tiktok.com/@bipiqo"" target=""_blank"">@bipiqo</a>",121,12,65.133,0.951,6,96,0,1338.333,72.667,0,0.417
"<a href=""https://tiktok.com/@bkot6010"" target=""_blank"">@bkot6010</a>",71,11,68.464,0.917,2,33,0,1034.25,45.5,0.333,8.333
"<a href=""https://tiktok.com/@bmc12655"" target=""_blank"">@bmc12655</a>",1,8,45.936,0.899,5,46,0,2017.889,111.444,0.556,1.333
"<a href=""https://tiktok.com/@bmpaebrhblwh"" target=""_blank"">@bmpaebrhblwh</a>",102,4,51.143,0.8,1,7,0,1481.75,118.25,4.5,13.75
"<a href=""https://tiktok.com/@bowro.jpp"" target=""_blank"">@bowro.jpp</a>",61,8,54.125,0.833,1,8,0,3682.625,133.75,0.5,1.875
"<a href=""https://tiktok.com/@bpgarp"" target=""_blank"">@bpgarp</a>",121,12,69.596,0.958,6,120,0,556.25,18.167,0.083,0.167
"<a href=""https://tiktok.com/@bsbwphji4xu"" target=""_blank"">@bsbwphji4xu</a>",21,4,73.25,1,3,24,0,1011.25,26,0.25,1
"<a href=""https://tiktok.com/@bsjj8797"" target=""_blank"">@bsjj8797</a>",14,9,51.434,0.955,4,46,0,883.667,23.444,0,0.111
"<a href=""https://tiktok.com/@bsyg2865"" target=""_blank"">@bsyg2865</a>",15,4,57.156,0.919,4,32,0,457.5,17.5,0.5,0
"<a href=""https://tiktok.com/@buslmigf7dn"" target=""_blank"">@buslmigf7dn</a>",21,6,46.95,0.833,4,36,0,1310.333,57.833,0.5,0.167
"<a href=""https://tiktok.com/@bvoo3130"" target=""_blank"">@bvoo3130</a>",72,15,82.779,0.955,5,130,0,2230.867,60.8,0.133,0.4
"<a href=""https://tiktok.com/@bxjzjsns0"" target=""_blank"">@bxjzjsns0</a>",90,5,54.804,0.786,2,15,0,955.2,70,0.6,0.6
"<a href=""https://tiktok.com/@bxkke4723"" target=""_blank"">@bxkke4723</a>",87,4,58.625,0.933,3,23,0,2175.25,49.75,0,0
"<a href=""https://tiktok.com/@bxuzba"" target=""_blank"">@bxuzba</a>",90,4,31.75,0.857,1,8,0,360,12.5,0,0.25
"<a href=""https://tiktok.com/@cagnhd"" target=""_blank"">@cagnhd</a>",43,10,52.544,0.863,10,90,0,1739.3,93.3,1.4,0.3
"<a href=""https://tiktok.com/@cainima888"" target=""_blank"">@cainima888</a>",14,10,47.613,0.915,5,64,0,848.7,24.3,0.8,1.9
"<a href=""https://tiktok.com/@carbloggera"" target=""_blank"">@carbloggera</a>",14,11,47.757,0.967,5,76,0,796.364,28.727,0.545,0.818
"<a href=""https://tiktok.com/@carlos.alberto.al886"" target=""_blank"">@carlos.alberto.al886</a>",66,8,49.9,0.921,3,35,0,12898.25,228.125,2.5,2.625
"<a href=""https://tiktok.com/@cbjf05"" target=""_blank"">@cbjf05</a>",4,10,57.917,0.902,4,39,0,1495.8,66.1,1,0.6
"<a href=""https://tiktok.com/@ccvoyrnu"" target=""_blank"">@ccvoyrnu</a>",108,6,65.854,0.952,3,24,0,3804.167,24.167,0,6.167
"<a href=""https://tiktok.com/@cfdc18"" target=""_blank"">@cfdc18</a>",48,12,52.372,0.863,5,87,0,3014.769,80.538,0.231,0.846
"<a href=""https://tiktok.com/@chahgjffdw4f3t"" target=""_blank"">@chahgjffdw4f3t</a>",102,4,63.696,0.9,2,15,0,40417.5,4499.75,138,985
"<a href=""https://tiktok.com/@chantalkusch"" target=""_blank"">@chantalkusch</a>",1,6,61.125,0.714,1,8,0,1855.857,174.714,1.429,0.571
"<a href=""https://tiktok.com/@chdg050"" target=""_blank"">@chdg050</a>",35,7,53.375,0.875,1,8,0,3969,147,1.429,6.429
"<a href=""https://tiktok.com/@chduc6"" target=""_blank"">@chduc6</a>",82,5,50.266,0.839,4,35,0,480.6,14.8,0,0
"<a href=""https://tiktok.com/@chummi_queen1"" target=""_blank"">@chummi_queen1</a>",54,4,92.75,0.75,1,8,0,1383.2,88.333,7.133,2.2
"<a href=""https://tiktok.com/@cihohsqwfi"" target=""_blank"">@cihohsqwfi</a>",30,4,52.357,0.9,2,14,0,727,24.75,0,0.25
"<a href=""https://tiktok.com/@ciojkb"" target=""_blank"">@ciojkb</a>",70,6,19.389,0.94,5,90,0,634.2,20.6,0.067,0
"<a href=""https://tiktok.com/@cjcdyn"" target=""_blank"">@cjcdyn</a>",81,6,62,1,1,7,0,895,14,0.167,0
"<a href=""https://tiktok.com/@cjdjfcn"" target=""_blank"">@cjdjfcn</a>",90,4,34.25,1,2,16,0,1394.25,100.5,0.25,0.5
"<a href=""https://tiktok.com/@cjire9104"" target=""_blank"">@cjire9104</a>",77,3,62.667,1,1,9,0,198.667,3.667,0,0.333
"<a href=""https://tiktok.com/@cjur6297"" target=""_blank"">@cjur6297</a>",77,6,58.628,1,4,37,0,1244.333,60,0.333,0.667
"<a href=""https://tiktok.com/@clirr5282"" target=""_blank"">@clirr5282</a>",78,8,57.996,1,2,23,0,698.5,82.625,0.5,0.375
"<a href=""https://tiktok.com/@cmhftwltxeactv"" target=""_blank"">@cmhftwltxeactv</a>",101,4,54.286,0.96,5,38,0,1929.5,139.75,12.75,15.25
"<a href=""https://tiktok.com/@cnbchj1"" target=""_blank"">@cnbchj1</a>",113,6,39.7,1,1,10,0,1661.625,55.625,1.25,3.75
"<a href=""https://tiktok.com/@coirf88774"" target=""_blank"">@coirf88774</a>",79,3,42.333,1,2,18,0,1032.833,97.833,0.5,1.333
"<a href=""https://tiktok.com/@courr1227"" target=""_blank"">@courr1227</a>",79,3,29.833,1,2,18,0,1065.667,41.5,0.333,0.833
"<a href=""https://tiktok.com/@cp.eagdu"" target=""_blank"">@cp.eagdu</a>",2,8,47.714,0.817,2,14,0,1498.75,84,0.25,1.25
"<a href=""https://tiktok.com/@craig.harrell0"" target=""_blank"">@craig.harrell0</a>",3,8,58.143,1,1,7,0,4970.125,331.125,3.125,1
"<a href=""https://tiktok.com/@crtyougo"" target=""_blank"">@crtyougo</a>",43,10,52.177,0.896,10,134,0,6097.7,131.4,1.4,1.5
"<a href=""https://tiktok.com/@cuc.thu243"" target=""_blank"">@cuc.thu243</a>",69,8,50.25,1,1,8,0,11133.8,164.9,12.1,3.9
"<a href=""https://tiktok.com/@cuong.trankk"" target=""_blank"">@cuong.trankk</a>",68,6,42.214,0.857,2,14,0,9085.5,133.833,3,2.667
"<a href=""https://tiktok.com/@cute_queen7102"" target=""_blank"">@cute_queen7102</a>",51,10,86.769,0.5,1,13,0,1022.944,89.833,6.778,2.444
"<a href=""https://tiktok.com/@cutedriver120"" target=""_blank"">@cutedriver120</a>",51,8,59.968,0.75,2,25,0,74.929,12.536,0.857,0.179
"<a href=""https://tiktok.com/@cutequeen_driver120"" target=""_blank"">@cutequeen_driver120</a>",54,6,92.75,0.75,1,8,0,554.457,49.771,3.829,0.657
"<a href=""https://tiktok.com/@cvljri"" target=""_blank"">@cvljri</a>",120,3,61.111,1,3,27,0,110,1.333,0,0
"<a href=""https://tiktok.com/@cx.b28"" target=""_blank"">@cx.b28</a>",38,8,48.785,0.937,4,32,0,1194.625,85.25,1.25,1.125
"<a href=""https://tiktok.com/@cxd.shd"" target=""_blank"">@cxd.shd</a>",69,9,48.196,1,2,15,0,3480.4,78.5,2.6,0.8
"<a href=""https://tiktok.com/@cxlpodwzefzoe"" target=""_blank"">@cxlpodwzefzoe</a>",94,4,55.714,1,1,7,0,5094.75,97.75,5.25,3.5
"<a href=""https://tiktok.com/@cyikcy.i"" target=""_blank"">@cyikcy.i</a>",80,5,58.429,1,1,7,0,2609.2,30.8,0,0.2
"<a href=""https://tiktok.com/@czhc.bkyd"" target=""_blank"">@czhc.bkyd</a>",108,6,76.421,1,2,16,0,645.167,18.333,1.833,5.667
"<a href=""https://tiktok.com/@czjqveftycqikq"" target=""_blank"">@czjqveftycqikq</a>",96,3,55.464,1,2,15,0,936.333,59.333,2,4
"<a href=""https://tiktok.com/@dddgggg63"" target=""_blank"">@dddgggg63</a>",67,9,53.153,0.917,3,28,0,2181,56.889,2.444,0.444
"<a href=""https://tiktok.com/@ddeaxmelj72"" target=""_blank"">@ddeaxmelj72</a>",25,6,50,0.944,3,23,0,1258.667,36.5,0.333,0.833
"<a href=""https://tiktok.com/@ddvgrd0"" target=""_blank"">@ddvgrd0</a>",110,7,88.143,0.8,1,7,0,5783,63.429,2.286,2.571
"<a href=""https://tiktok.com/@debran.oxonrp00"" target=""_blank"">@debran.oxonrp00</a>",9,9,58.138,0.813,3,23,0,2544.556,76.333,0.222,1.111
"<a href=""https://tiktok.com/@deep.sea_2"" target=""_blank"">@deep.sea_2</a>",75,4,88.732,0.8,2,20,0,1979,180.5,1.25,0.5
"<a href=""https://tiktok.com/@dfymbkhajhbhae"" target=""_blank"">@dfymbkhajhbhae</a>",93,4,45.571,0.8,1,7,0,1136.75,84,2,4.75
"<a href=""https://tiktok.com/@dghhg372"" target=""_blank"">@dghhg372</a>",118,4,63.75,1,3,24,0,11909,456.25,1.25,11
"<a href=""https://tiktok.com/@dguy8654"" target=""_blank"">@dguy8654</a>",7,6,60.143,1,1,7,0,5635.333,91.222,0.667,0.778
"<a href=""https://tiktok.com/@dhhi6645"" target=""_blank"">@dhhi6645</a>",76,7,53.272,0.785,4,48,0,1043,52.778,0.444,0.556
"<a href=""https://tiktok.com/@dijx3903"" target=""_blank"">@dijx3903</a>",72,15,64.229,0.847,5,155,0,1672.8,44.2,0.4,0.467
"<a href=""https://tiktok.com/@djbdjfjff"" target=""_blank"">@djbdjfjff</a>",41,7,52,0.857,1,7,0,1537.222,247.222,0.778,0.556
"<a href=""https://tiktok.com/@djctjv1"" target=""_blank"">@djctjv1</a>",80,3,58.429,1,1,7,0,2202.667,64.333,0.333,0.333
"<a href=""https://tiktok.com/@djm9r"" target=""_blank"">@djm9r</a>",38,6,66,0.714,1,7,0,1300.667,77.333,1.167,1.333
"<a href=""https://tiktok.com/@djskgikeejk8"" target=""_blank"">@djskgikeejk8</a>",56,10,63.739,0.733,1,23,0,6208.857,180.286,3.286,42.857
"<a href=""https://tiktok.com/@drgd8391"" target=""_blank"">@drgd8391</a>",72,12,55.084,0.944,3,83,0,1401.067,61.8,0.2,1.267
"<a href=""https://tiktok.com/@dtbtcc8"" target=""_blank"">@dtbtcc8</a>",121,12,72.061,0.817,5,109,0,1549.833,94.833,0.667,0.917
"<a href=""https://tiktok.com/@dthh824"" target=""_blank"">@dthh824</a>",50,10,54.543,0.872,4,84,0,11494.4,155.9,2.1,5.8
"<a href=""https://tiktok.com/@dtkwod"" target=""_blank"">@dtkwod</a>",43,9,56.34,0.915,11,122,0,4441,204.444,1.889,0.889
"<a href=""https://tiktok.com/@ducwk5858"" target=""_blank"">@ducwk5858</a>",85,3,60.75,1,1,8,0,3453,115.667,1,1
"<a href=""https://tiktok.com/@duuff30"" target=""_blank"">@duuff30</a>",89,4,27.5,1,1,8,0,1468.5,74.75,1.75,0.25
"<a href=""https://tiktok.com/@dvlkrspwvaqhg"" target=""_blank"">@dvlkrspwvaqhg</a>",97,3,40.714,1,1,7,0,500,25.333,2.667,2.333
"<a href=""https://tiktok.com/@dvvsaag"" target=""_blank"">@dvvsaag</a>",47,7,61.571,1,1,7,0,1192.857,56.571,0.429,0
"<a href=""https://tiktok.com/@dxvfsc"" target=""_blank"">@dxvfsc</a>",112,7,54.5,1,1,8,0,8401.75,95.5,3.125,9.625
"<a href=""https://tiktok.com/@edchii0"" target=""_blank"">@edchii0</a>",109,6,67,1,1,7,0,300.333,3.167,0,1.167
"<a href=""https://tiktok.com/@eden70188"" target=""_blank"">@eden70188</a>",75,5,49.194,0.9,2,21,0,1598,188.4,0.6,1.2
"<a href=""https://tiktok.com/@eiej4325"" target=""_blank"">@eiej4325</a>",72,10,61.924,0.865,3,70,0,339.1,14.6,0.6,0.4
"<a href=""https://tiktok.com/@elvistrevelyan0204"" target=""_blank"">@elvistrevelyan0204</a>",34,6,68.5,1,1,12,0,1662.4,56.3,1.2,1.2
"<a href=""https://tiktok.com/@emma.stonegdocg"" target=""_blank"">@emma.stonegdocg</a>",42,4,61.25,1,1,8,0,12788.5,202.5,8.25,23.75
"<a href=""https://tiktok.com/@emmastone711"" target=""_blank"">@emmastone711</a>",42,4,61.25,1,1,8,0,6396.833,171.333,1,0.667
"<a href=""https://tiktok.com/@emory.drawehj"" target=""_blank"">@emory.drawehj</a>",65,7,57.857,0.833,1,7,0,1107.889,46.667,0.889,0.556
"<a href=""https://tiktok.com/@eqmhqf"" target=""_blank"">@eqmhqf</a>",121,11,76.637,0.751,8,95,0,855,23.667,0.167,0.25
"<a href=""https://tiktok.com/@eudazpstrvf"" target=""_blank"">@eudazpstrvf</a>",46,6,55.333,0.875,1,9,0,5558.778,169.111,2.111,2.556
"<a href=""https://tiktok.com/@eumb.pcdw"" target=""_blank"">@eumb.pcdw</a>",107,6,24.339,0.929,2,15,0,5215.5,30.833,0.667,19.333
"<a href=""https://tiktok.com/@fauy8466"" target=""_blank"">@fauy8466</a>",5,10,83.25,1,1,8,0,1207.8,68.5,0.5,1.1
"<a href=""https://tiktok.com/@fbnggg2"" target=""_blank"">@fbnggg2</a>",115,6,68.5,1,1,8,0,1347,89,2,0.167
"<a href=""https://tiktok.com/@fcjjv86"" target=""_blank"">@fcjjv86</a>",8,8,60.96,0.895,5,40,0,1775.3,120.2,0.4,0.1
"<a href=""https://tiktok.com/@fcvbvv57"" target=""_blank"">@fcvbvv57</a>",109,6,53.571,1,1,7,0,1782.833,21,0.667,9.167
"<a href=""https://tiktok.com/@fdijc3"" target=""_blank"">@fdijc3</a>",1,8,66.252,0.883,6,47,0,8032.9,195.4,2.7,2.7
"<a href=""https://tiktok.com/@fduic5"" target=""_blank"">@fduic5</a>",8,8,57.953,0.936,8,78,0,5625.8,109.6,4,1.1
"<a href=""https://tiktok.com/@fgijg467"" target=""_blank"">@fgijg467</a>",115,8,62.722,1,3,28,0,1689,86.5,1.125,1.5
"<a href=""https://tiktok.com/@fgzvj"" target=""_blank"">@fgzvj</a>",113,6,39.7,1,1,10,0,2318.75,51.25,1.75,3.125
"<a href=""https://tiktok.com/@fhda78402"" target=""_blank"">@fhda78402</a>",72,15,63.394,0.983,4,127,0,1166.6,89.333,0.6,0.267
"<a href=""https://tiktok.com/@fhkundshunk"" target=""_blank"">@fhkundshunk</a>",45,6,26,1,1,9,0,2947.429,8,0,0.143
"<a href=""https://tiktok.com/@fhuc22"" target=""_blank"">@fhuc22</a>",15,7,54.944,0.849,3,32,0,1091.571,32.571,1,1.429
"<a href=""https://tiktok.com/@fhvf210"" target=""_blank"">@fhvf210</a>",12,9,39.761,0.842,4,46,0,1015,44.667,0.333,1
"<a href=""https://tiktok.com/@fhxk1941"" target=""_blank"">@fhxk1941</a>",71,9,53.381,1,2,30,0,1396.333,77.6,0.733,1.8
"<a href=""https://tiktok.com/@fiir2712"" target=""_blank"">@fiir2712</a>",77,3,56.667,1,2,18,0,294.667,11.667,0,0
"<a href=""https://tiktok.com/@fijvxdd"" target=""_blank"">@fijvxdd</a>",32,9,72.429,1,1,7,0,1656.5,40.8,0.9,0.2
"<a href=""https://tiktok.com/@fjjgdvx"" target=""_blank"">@fjjgdvx</a>",44,10,64.601,0.906,4,40,0,11828.7,280.9,4.7,16.7
"<a href=""https://tiktok.com/@fjvbaa"" target=""_blank"">@fjvbaa</a>",84,4,38,0.833,1,7,0,1198.75,52,2.5,0
"<a href=""https://tiktok.com/@fjvfyh01"" target=""_blank"">@fjvfyh01</a>",111,4,60.25,1,1,8,0,2393,47.75,1,5.5
"<a href=""https://tiktok.com/@fjyukfjjf"" target=""_blank"">@fjyukfjjf</a>",37,7,43,0.9,1,12,0,959,73.286,1,0.286
"<a href=""https://tiktok.com/@fkir2290"" target=""_blank"">@fkir2290</a>",77,5,97.714,1,2,16,0,398.4,46.2,0.2,0
"<a href=""https://tiktok.com/@fkncxh"" target=""_blank"">@fkncxh</a>",32,9,47.143,0.857,1,7,0,1697.667,32.111,0.667,0.444
"<a href=""https://tiktok.com/@fnnf8890"" target=""_blank"">@fnnf8890</a>",78,5,51.545,0.8,1,11,0,1624.143,81.857,0,2.571
"<a href=""https://tiktok.com/@fteecfs"" target=""_blank"">@fteecfs</a>",91,4,14,1,1,8,0,1058,106.75,0,0
"<a href=""https://tiktok.com/@fugfuj33"" target=""_blank"">@fugfuj33</a>",46,7,55.333,0.875,1,9,0,2158,79.667,1.111,2.111
"<a href=""https://tiktok.com/@fughf21"" target=""_blank"">@fughf21</a>",1,10,60.608,0.964,10,98,0,1095.2,64.4,3,2.2
"<a href=""https://tiktok.com/@fulknm"" target=""_blank"">@fulknm</a>",117,4,49.625,1,2,16,0,1564,58,2.75,3.25
"<a href=""https://tiktok.com/@gckcj4"" target=""_blank"">@gckcj4</a>",5,9,60.143,0.9,2,15,0,2164.778,82.778,0.111,1.222
"<a href=""https://tiktok.com/@gclqse"" target=""_blank"">@gclqse</a>",121,6,64.268,1,4,43,0,674.133,15.467,0,0.067
"<a href=""https://tiktok.com/@gduhx01"" target=""_blank"">@gduhx01</a>",8,8,49.545,0.85,6,46,0,1737,137.111,0.889,0.222
"<a href=""https://tiktok.com/@geievertu8"" target=""_blank"">@geievertu8</a>",38,8,57.226,0.906,4,38,0,483,21,0.375,0.375
"<a href=""https://tiktok.com/@gf.nj97"" target=""_blank"">@gf.nj97</a>",38,7,56.351,0.839,4,36,0,3434.714,345.143,7.143,11.571
"<a href=""https://tiktok.com/@gfg6705"" target=""_blank"">@gfg6705</a>",12,5,48.87,0.869,3,31,0,947.4,22.2,0.4,0
"<a href=""https://tiktok.com/@ggih3179"" target=""_blank"">@ggih3179</a>",15,8,55.721,0.874,4,46,0,635.75,27.625,0,0.625
"<a href=""https://tiktok.com/@ghebdts"" target=""_blank"">@ghebdts</a>",115,8,43.125,1,2,16,0,1512.875,98.5,0.75,0.75
"<a href=""https://tiktok.com/@gheoe8"" target=""_blank"">@gheoe8</a>",116,6,44.3,0.833,2,20,0,42583.333,2561.667,12.333,37
"<a href=""https://tiktok.com/@ghhj8554"" target=""_blank"">@ghhj8554</a>",72,15,73.094,0.896,4,73,0,2811.533,57.133,0.133,1
"<a href=""https://tiktok.com/@gigigjj"" target=""_blank"">@gigigjj</a>",30,4,43.714,0.9,2,14,0,712,30.5,0,0.5
"<a href=""https://tiktok.com/@giopgfv"" target=""_blank"">@giopgfv</a>",27,5,57.857,1,1,7,0,299,6.2,0,0.4
"<a href=""https://tiktok.com/@givi0331"" target=""_blank"">@givi0331</a>",71,9,64.585,1,3,45,0,362.467,10.933,0.067,0.133
"<a href=""https://tiktok.com/@gjbgikh"" target=""_blank"">@gjbgikh</a>",34,6,68.5,1,1,12,0,1216.3,57.2,1.2,2
"<a href=""https://tiktok.com/@gjguq6894"" target=""_blank"">@gjguq6894</a>",78,6,54.883,0.917,2,25,0,5910.889,126.111,0.556,4
"<a href=""https://tiktok.com/@gjhg8047"" target=""_blank"">@gjhg8047</a>",72,3,71.667,1,3,27,0,393.333,6,0,0
"<a href=""https://tiktok.com/@gkkfykjb"" target=""_blank"">@gkkfykjb</a>",30,4,42.214,1,2,14,0,719.25,28.75,0,0.25
"<a href=""https://tiktok.com/@gogfy20"" target=""_blank"">@gogfy20</a>",111,4,60.25,1,1,8,0,2099.875,44.75,1.5,3.875
"<a href=""https://tiktok.com/@goodbye17507"" target=""_blank"">@goodbye17507</a>",25,6,70.75,0.833,1,8,0,1464.333,50.167,0.167,0.667
"<a href=""https://tiktok.com/@gour2295"" target=""_blank"">@gour2295</a>",79,7,41.389,0.917,3,30,0,999.857,51.857,0.571,0.429
"<a href=""https://tiktok.com/@gutieyy7"" target=""_blank"">@gutieyy7</a>",37,8,51.071,0.95,2,19,0,2209.375,135,1,0.5
"<a href=""https://tiktok.com/@gxhx514"" target=""_blank"">@gxhx514</a>",87,3,51.286,1,1,7,0,379,9.333,0,0
"<a href=""https://tiktok.com/@hcodifb"" target=""_blank"">@hcodifb</a>",1,7,57.095,0.917,7,60,0,1110.143,70.857,1,0.857
"<a href=""https://tiktok.com/@hdbjx72"" target=""_blank"">@hdbjx72</a>",12,9,38.205,0.808,3,38,0,1365.889,32.444,0.667,0.333
"<a href=""https://tiktok.com/@hdhxh3484"" target=""_blank"">@hdhxh3484</a>",8,7,49.416,0.956,7,60,0,2473.625,42.375,0.5,0.625
"<a href=""https://tiktok.com/@hdidkser0"" target=""_blank"">@hdidkser0</a>",37,7,59.143,1,1,7,0,1696.714,131.571,1.143,1.571
"<a href=""https://tiktok.com/@hdmjwo1"" target=""_blank"">@hdmjwo1</a>",121,3,71.222,1,3,27,0,724.231,17.846,0.308,0.077
"<a href=""https://tiktok.com/@hdryxd"" target=""_blank"">@hdryxd</a>",43,9,61.575,0.884,7,75,0,2713.2,91.6,11.4,5.4
"<a href=""https://tiktok.com/@hdvhds4"" target=""_blank"">@hdvhds4</a>",90,4,60.25,1,2,16,0,1097,64.5,0.75,0
"<a href=""https://tiktok.com/@hdxj59"" target=""_blank"">@hdxj59</a>",114,8,51.239,0.944,3,38,0,6144.75,114,1.5,2.125
"<a href=""https://tiktok.com/@hehs5037"" target=""_blank"">@hehs5037</a>",76,3,64,1,1,9,0,332.333,16.667,0,0
"<a href=""https://tiktok.com/@hhgghj8866"" target=""_blank"">@hhgghj8866</a>",95,4,70.25,1,1,8,0,1448.25,111.75,1.75,10.75
"<a href=""https://tiktok.com/@hidouo"" target=""_blank"">@hidouo</a>",121,11,74.717,0.875,5,67,0,837.75,28.083,0,0.5
"<a href=""https://tiktok.com/@hitomorrow81"" target=""_blank"">@hitomorrow81</a>",22,6,51.25,0.857,1,8,0,1348.833,31,3.167,21.333
"<a href=""https://tiktok.com/@hjbfgj67"" target=""_blank"">@hjbfgj67</a>",104,4,78.5,1,1,8,0,5041.25,261,8.5,31.25
"<a href=""https://tiktok.com/@hkmdrr"" target=""_blank"">@hkmdrr</a>",115,6,86.064,0.9,2,17,0,4193.667,150,1.667,2
"<a href=""https://tiktok.com/@hltuoq"" target=""_blank"">@hltuoq</a>",121,8,63.578,0.944,3,33,0,1991,82.727,0.727,1.182
"<a href=""https://tiktok.com/@hnxy.seym"" target=""_blank"">@hnxy.seym</a>",107,6,19.25,1,1,8,0,2645.875,14.25,0.25,5.25
"<a href=""https://tiktok.com/@hockey2840"" target=""_blank"">@hockey2840</a>",25,6,58.597,0.929,2,17,0,1469.5,44.833,0,0.833
"<a href=""https://tiktok.com/@hoeg.huan"" target=""_blank"">@hoeg.huan</a>",9,9,67.857,0.857,1,7,0,2511.667,35.111,0.444,0.333
"<a href=""https://tiktok.com/@hojdmc"" target=""_blank"">@hojdmc</a>",70,15,20.209,0.932,5,144,0,1251.733,163.933,0.667,0.8
"<a href=""https://tiktok.com/@houri.enriqk"" target=""_blank"">@houri.enriqk</a>",64,7,40.333,1,1,9,0,1628,35.857,0.429,0
"<a href=""https://tiktok.com/@hrsy60677"" target=""_blank"">@hrsy60677</a>",76,6,49.81,0.778,3,41,0,1285.5,51.5,0.667,3.667
"<a href=""https://tiktok.com/@hryfeucmuql"" target=""_blank"">@hryfeucmuql</a>",101,4,56.186,1,5,37,0,2757.75,154.75,6,30
"<a href=""https://tiktok.com/@hsbuz8"" target=""_blank"">@hsbuz8</a>",20,6,52.214,0.889,1,14,0,1267.333,62.222,0.444,0.111
"<a href=""https://tiktok.com/@hullen.nguyen"" target=""_blank"">@hullen.nguyen</a>",4,9,55.056,1,2,17,0,1670.889,56.222,0.222,0.667
"<a href=""https://tiktok.com/@huoqilaiya"" target=""_blank"">@huoqilaiya</a>",93,4,45.571,0.8,1,7,0,2805.25,188.5,5.5,25
"<a href=""https://tiktok.com/@hurrryu"" target=""_blank"">@hurrryu</a>",117,4,49.417,1,3,24,0,1981.25,87.75,1.5,3.5
"<a href=""https://tiktok.com/@huydhfhyyxd"" target=""_blank"">@huydhfhyyxd</a>",55,7,31.214,0.829,2,17,0,50171.143,532.286,11.857,3
"<a href=""https://tiktok.com/@ididu034"" target=""_blank"">@ididu034</a>",36,6,45.778,1,1,9,0,2117.167,115.833,2.333,14
"<a href=""https://tiktok.com/@idngdicg"" target=""_blank"">@idngdicg</a>",105,5,41.986,0.917,2,17,0,2219,37.8,0,5.6
"<a href=""https://tiktok.com/@idpeoc"" target=""_blank"">@idpeoc</a>",121,12,73.938,0.881,6,114,0,1317.5,34.667,0.167,0.5
"<a href=""https://tiktok.com/@ifrt2705"" target=""_blank"">@ifrt2705</a>",73,8,12.5,1,1,8,0,2958.875,50.75,0.375,0.5
"<a href=""https://tiktok.com/@igdigsdp"" target=""_blank"">@igdigsdp</a>",27,4,57.857,1,1,7,0,839.25,26.25,0.25,1.75
"<a href=""https://tiktok.com/@iiuu553"" target=""_blank"">@iiuu553</a>",50,11,55.279,0.908,4,84,0,70809,1047.455,2.091,10.091
"<a href=""https://tiktok.com/@ilges.estelwei"" target=""_blank"">@ilges.estelwei</a>",65,7,65.879,0.845,2,17,0,2664.111,47.333,1.111,0.444
"<a href=""https://tiktok.com/@irdc042"" target=""_blank"">@irdc042</a>",1,10,61.122,0.908,10,87,0,4585.3,170.7,1.5,1.9
"<a href=""https://tiktok.com/@isce0690"" target=""_blank"">@isce0690</a>",71,15,67.179,1,7,90,0,875.6,52.533,0,0.267
"<a href=""https://tiktok.com/@isge0853"" target=""_blank"">@isge0853</a>",71,14,61.58,0.951,6,76,0,319.071,10.357,0.143,0.286
"<a href=""https://tiktok.com/@isgs5669"" target=""_blank"">@isgs5669</a>",71,9,70.351,0.944,4,43,0,308.2,11.6,0,0.2
"<a href=""https://tiktok.com/@itsstj2"" target=""_blank"">@itsstj2</a>",116,6,29.333,0.917,2,22,0,1519.667,101,0.833,0.5
"<a href=""https://tiktok.com/@iuwgeh"" target=""_blank"">@iuwgeh</a>",119,4,60.875,1,1,8,0,1852.75,38.75,4,0.25
"<a href=""https://tiktok.com/@iuy7640"" target=""_blank"">@iuy7640</a>",114,8,45.061,0.944,3,38,0,1988.375,74.875,1.625,0.375
"<a href=""https://tiktok.com/@j.uv586"" target=""_blank"">@j.uv586</a>",13,8,53.152,0.917,3,27,0,1194,41.75,0.125,0.125
"<a href=""https://tiktok.com/@jajsjsn56"" target=""_blank"">@jajsjsn56</a>",48,15,66.701,0.908,5,96,0,2931,61.333,0.133,1.067
"<a href=""https://tiktok.com/@jccj44506"" target=""_blank"">@jccj44506</a>",72,12,59.801,0.88,4,74,0,630.267,43.133,0.467,0.467
"<a href=""https://tiktok.com/@jdkckcj2"" target=""_blank"">@jdkckcj2</a>",4,9,58.391,0.908,4,32,0,7614.444,129.111,1,4.333
"<a href=""https://tiktok.com/@jdododh5"" target=""_blank"">@jdododh5</a>",2,7,63.714,0.833,1,7,0,1523.571,67.429,0.143,0.714
"<a href=""https://tiktok.com/@jdpdosj"" target=""_blank"">@jdpdosj</a>",1,9,48.573,0.982,7,56,0,493.667,17.222,0.556,0.444
"<a href=""https://tiktok.com/@jdpxorjf"" target=""_blank"">@jdpxorjf</a>",1,10,59.967,0.89,13,122,0,2429.4,157,0.2,1.4
"<a href=""https://tiktok.com/@jfdd653"" target=""_blank"">@jfdd653</a>",5,7,57.425,0.863,3,26,0,1793.778,54.111,0.111,0.556
"<a href=""https://tiktok.com/@jfkovj5"" target=""_blank"">@jfkovj5</a>",1,9,65.43,0.967,5,40,0,2585.778,155.333,1.889,1.889
"<a href=""https://tiktok.com/@jfufrehcdh"" target=""_blank"">@jfufrehcdh</a>",1,8,58.631,0.86,8,67,0,2341.625,187.875,15,6.25
"<a href=""https://tiktok.com/@jiyt23"" target=""_blank"">@jiyt23</a>",115,4,51.25,1,1,8,0,3238.333,123.833,1.833,3.333
"<a href=""https://tiktok.com/@jjdjdd911"" target=""_blank"">@jjdjdd911</a>",28,4,33.143,1,1,7,0,709,17.75,0,0.25
"<a href=""https://tiktok.com/@jkuy0534"" target=""_blank"">@jkuy0534</a>",72,11,69.788,0.828,4,77,0,1049.182,41.091,0.545,0.636
"<a href=""https://tiktok.com/@jshszh6382"" target=""_blank"">@jshszh6382</a>",90,6,43.521,0.886,5,39,0,3493.5,51.167,1.333,0.667
"<a href=""https://tiktok.com/@jsosjxj8"" target=""_blank"">@jsosjxj8</a>",1,8,68.994,0.944,3,22,0,3363.375,107.25,0.75,0.5
"<a href=""https://tiktok.com/@jspsns3"" target=""_blank"">@jspsns3</a>",118,4,40.75,1,2,16,0,5232.25,204.75,1.25,1.75
"<a href=""https://tiktok.com/@jtcytxyzey"" target=""_blank"">@jtcytxyzey</a>",1,9,55.447,0.891,4,34,0,5954.667,138.556,1.111,1.889
"<a href=""https://tiktok.com/@jvhb240"" target=""_blank"">@jvhb240</a>",48,12,55.304,0.899,5,89,0,2918.286,68.714,0.214,1.357
"<a href=""https://tiktok.com/@jvtvc3"" target=""_blank"">@jvtvc3</a>",50,9,55.774,0.847,4,58,0,2560.889,63.444,0.667,0.889
"<a href=""https://tiktok.com/@kamlisarkar_0"" target=""_blank"">@kamlisarkar_0</a>",57,7,88.071,0.8,1,14,0,773.273,63.091,2.909,1.455
"<a href=""https://tiktok.com/@karlamoran19677"" target=""_blank"">@karlamoran19677</a>",24,4,36.286,1,1,7,0,4819.5,38,0.333,1.5
"<a href=""https://tiktok.com/@kfbfol"" target=""_blank"">@kfbfol</a>",121,6,58.354,1,2,17,0,495.333,35,0,0.167
"<a href=""https://tiktok.com/@khanh.phukhh"" target=""_blank"">@khanh.phukhh</a>",66,9,47.908,0.917,3,28,0,2648.778,44.667,2.889,2
"<a href=""https://tiktok.com/@khfbou"" target=""_blank"">@khfbou</a>",70,9,17.762,0.947,5,93,0,993.467,20.4,0.067,0.133
"<a href=""https://tiktok.com/@kim.jong4379"" target=""_blank"">@kim.jong4379</a>",33,6,50.8,0.833,1,10,0,2931.167,51.833,1.833,7.667
"<a href=""https://tiktok.com/@krug011"" target=""_blank"">@krug011</a>",1,8,59.506,0.914,11,90,0,2896,248.625,4,19.25
"<a href=""https://tiktok.com/@ksndfmggf"" target=""_blank"">@ksndfmggf</a>",41,6,37,0.833,1,7,0,1506.5,70.833,0.333,0.167
"<a href=""https://tiktok.com/@ktsfyh"" target=""_blank"">@ktsfyh</a>",43,10,54.501,0.911,12,146,0,1852.2,122.8,2.4,2.5
"<a href=""https://tiktok.com/@kubjij"" target=""_blank"">@kubjij</a>",70,7,19.095,0.927,5,93,0,728.133,94,0.8,0.333
"<a href=""https://tiktok.com/@kuhar.clair6"" target=""_blank"">@kuhar.clair6</a>",12,7,34.125,0.857,1,8,0,973.5,26.75,0.375,2.375
"<a href=""https://tiktok.com/@laicai.reddit"" target=""_blank"">@laicai.reddit</a>",99,4,48.429,1,1,7,0,4648.25,331.5,23,38.75
"<a href=""https://tiktok.com/@landscape5670"" target=""_blank"">@landscape5670</a>",43,10,54.155,0.945,11,128,0,3781.8,269.8,1.6,5.8
"<a href=""https://tiktok.com/@lanora.haskely"" target=""_blank"">@lanora.haskely</a>",66,9,50.717,0.88,3,37,0,1086.556,33.333,1.556,3.556
"<a href=""https://tiktok.com/@lawgray3"" target=""_blank"">@lawgray3</a>",49,7,41.241,0.928,6,56,0,1296.714,29.143,0.286,0.714
"<a href=""https://tiktok.com/@lawrenceharvey54"" target=""_blank"">@lawrenceharvey54</a>",10,4,67.5,1,1,8,0,1157.5,20.5,0.25,3
"<a href=""https://tiktok.com/@lekpow"" target=""_blank"">@lekpow</a>",121,11,74.1,0.679,2,22,0,308.636,5.909,0,0
"<a href=""https://tiktok.com/@leoraf9"" target=""_blank"">@leoraf9</a>",91,4,14,1,1,8,0,2878.75,132.75,0.5,0.5
"<a href=""https://tiktok.com/@lhodsrr"" target=""_blank"">@lhodsrr</a>",29,4,57,1,1,7,0,295.75,6.25,0,0
"<a href=""https://tiktok.com/@lhqitc"" target=""_blank"">@lhqitc</a>",121,8,74.878,0.931,5,49,0,1005.5,24.75,0,0.25
"<a href=""https://tiktok.com/@lnppoe"" target=""_blank"">@lnppoe</a>",120,6,82.722,1,3,33,0,681.333,25,2.556,1.556
"<a href=""https://tiktok.com/@luisina.riihimaki"" target=""_blank"">@luisina.riihimaki</a>",1,8,62.476,0.762,3,21,0,1217,151.125,0.625,0.5
"<a href=""https://tiktok.com/@lxjjc"" target=""_blank"">@lxjjc</a>",8,8,59.383,0.964,4,31,0,2111.875,78.875,0.75,4.875
"<a href=""https://tiktok.com/@maemeg7"" target=""_blank"">@maemeg7</a>",88,6,36.75,1,2,16,0,1233.5,94,1.333,0.167
"<a href=""https://tiktok.com/@mamaepzkynvd"" target=""_blank"">@mamaepzkynvd</a>",98,3,47.5,0.8,1,8,0,323.75,20.25,2,1.75
"<a href=""https://tiktok.com/@mariencassano"" target=""_blank"">@mariencassano</a>",55,8,28.812,0.762,2,18,0,22417.375,89.625,6.125,1.25
"<a href=""https://tiktok.com/@marisol.rath"" target=""_blank"">@marisol.rath</a>",11,4,51,1,1,8,0,756.9,39.5,0.5,3.8
"<a href=""https://tiktok.com/@marjoriecarrie0525"" target=""_blank"">@marjoriecarrie0525</a>",11,6,61.452,1,2,19,0,798.7,33.2,0.3,2.8
"<a href=""https://tiktok.com/@markryan688"" target=""_blank"">@markryan688</a>",67,7,53.667,1,2,20,0,1371.444,39.333,1,0.444
"<a href=""https://tiktok.com/@may.mortk"" target=""_blank"">@may.mortk</a>",60,8,74.5,1,1,8,0,1196.25,70.75,0.75,1.125
"<a href=""https://tiktok.com/@mdsdz2"" target=""_blank"">@mdsdz2</a>",56,12,63.739,0.733,1,23,0,19591,706.714,26.429,11.429
"<a href=""https://tiktok.com/@mina.12558"" target=""_blank"">@mina.12558</a>",101,4,57.417,1,3,24,0,1983.5,172,10.25,46.25
"<a href=""https://tiktok.com/@mmhpbybt"" target=""_blank"">@mmhpbybt</a>",106,5,82.071,0.817,2,14,0,1680.167,37.667,6.167,0.5
"<a href=""https://tiktok.com/@mnabkkop"" target=""_blank"">@mnabkkop</a>",47,7,61.571,1,1,7,0,57626.4,2100.3,6.2,17.3
"<a href=""https://tiktok.com/@mnbub4"" target=""_blank"">@mnbub4</a>",63,7,50.397,0.944,3,29,0,1941.375,24.25,0.5,0.25
"<a href=""https://tiktok.com/@monalisa7988"" target=""_blank"">@monalisa7988</a>",15,10,49.497,0.924,6,69,0,957.1,34.2,0.3,0.4
"<a href=""https://tiktok.com/@mong.khuu"" target=""_blank"">@mong.khuu</a>",11,10,48.333,1,1,12,0,891.1,26.1,0.4,0.9
"<a href=""https://tiktok.com/@mulask57"" target=""_blank"">@mulask57</a>",15,9,47.506,0.916,4,41,0,742.333,22.222,0.444,0
"<a href=""https://tiktok.com/@ncjfhyrsdj"" target=""_blank"">@ncjfhyrsdj</a>",89,4,38.607,1,2,15,0,623.25,24.25,0.25,0
"<a href=""https://tiktok.com/@ncsfo3287"" target=""_blank"">@ncsfo3287</a>",89,4,28.5,1,1,8,0,1464.75,80.75,1,0
"<a href=""https://tiktok.com/@nfjsk12"" target=""_blank"">@nfjsk12</a>",115,9,58.156,0.867,3,32,0,2931.444,101,1.889,1.444
"<a href=""https://tiktok.com/@nfyk.emma"" target=""_blank"">@nfyk.emma</a>",11,10,54.056,1,3,32,0,2142.6,66.3,1.3,7.1
"<a href=""https://tiktok.com/@ngdxnyj"" target=""_blank"">@ngdxnyj</a>",119,5,60.875,1,1,8,0,1727,78.4,2.5,3.3
"<a href=""https://tiktok.com/@nhfr48186js"" target=""_blank"">@nhfr48186js</a>",25,6,47.69,0.952,3,25,0,1246.5,24.833,3.5,17.833
"<a href=""https://tiktok.com/@nidaye81"" target=""_blank"">@nidaye81</a>",87,3,75.25,1,2,16,0,6168.333,111.333,0.667,0.333
"<a href=""https://tiktok.com/@niyebuya"" target=""_blank"">@niyebuya</a>",67,7,60.139,0.821,3,26,0,22587.75,414.375,11.5,4.625
"<a href=""https://tiktok.com/@njjyaey5"" target=""_blank"">@njjyaey5</a>",92,4,46,1,1,8,0,588.25,35.5,0.25,0
"<a href=""https://tiktok.com/@nmokuqxn"" target=""_blank"">@nmokuqxn</a>",31,8,69.875,1,1,8,0,1527.333,66.667,0.444,0.222
"<a href=""https://tiktok.com/@nqkwvc"" target=""_blank"">@nqkwvc</a>",88,5,11.25,1,1,8,0,1293.2,69.8,0.4,0.8
"<a href=""https://tiktok.com/@objlhmtjemu"" target=""_blank"">@objlhmtjemu</a>",121,6,58.344,1,4,35,0.001,2192.2,30.533,0.133,0.6
"<a href=""https://tiktok.com/@oidufc"" target=""_blank"">@oidufc</a>",92,4,46,1,1,8,0,697.25,35.75,0,0.5
"<a href=""https://tiktok.com/@okay11732"" target=""_blank"">@okay11732</a>",72,15,60.205,0.926,4,104,0,1443.867,55.867,0.667,0.667
"<a href=""https://tiktok.com/@oklhhrmwpaurg"" target=""_blank"">@oklhhrmwpaurg</a>",98,3,47.5,0.8,1,8,0,202,9.333,0.333,0
"<a href=""https://tiktok.com/@omi.poni0"" target=""_blank"">@omi.poni0</a>",15,9,51.877,0.886,3,43,0,764.111,25.222,0.111,0.111
"<a href=""https://tiktok.com/@onikacaylie"" target=""_blank"">@onikacaylie</a>",10,9,67.5,1,1,8,0,1429.9,42.7,0.9,6.3
"<a href=""https://tiktok.com/@opgse4909"" target=""_blank"">@opgse4909</a>",87,6,56.612,1,4,30,0,2069.167,103.5,1,0.333
"<a href=""https://tiktok.com/@oqdrhqzhlfeuk"" target=""_blank"">@oqdrhqzhlfeuk</a>",101,4,54.421,0.96,5,37,0,1367.75,60.75,9.25,9.75
"<a href=""https://tiktok.com/@osb.remo"" target=""_blank"">@osb.remo</a>",49,9,58.285,0.915,7,69,0,6012,105.889,2.444,31
"<a href=""https://tiktok.com/@oxkympku"" target=""_blank"">@oxkympku</a>",108,6,70.778,1,1,9,0,5437.5,35.5,0.333,30.333
"<a href=""https://tiktok.com/@pbpktw"" target=""_blank"">@pbpktw</a>",121,12,70.438,0.96,7,120,0,1255,49.667,0.417,0.417
"<a href=""https://tiktok.com/@pbtchn"" target=""_blank"">@pbtchn</a>",121,3,93.333,1,2,18,0,242.556,12.333,0,0.444
"<a href=""https://tiktok.com/@pehcpohz"" target=""_blank"">@pehcpohz</a>",106,7,90.286,0.833,1,7,0,2257,13,2,1
"<a href=""https://tiktok.com/@phong.ngoc76"" target=""_blank"">@phong.ngoc76</a>",69,10,50.009,1,2,15,0,4236.2,72.8,2.5,1.3
"<a href=""https://tiktok.com/@phxagnixobfs"" target=""_blank"">@phxagnixobfs</a>",104,4,78.5,1,1,8,0,2592.75,207.5,13.25,14.25
"<a href=""https://tiktok.com/@pjk3357"" target=""_blank"">@pjk3357</a>",62,9,51.209,0.847,3,31,0,1393.2,78.9,0.6,0.1
"<a href=""https://tiktok.com/@pmvlqfdkiyxv"" target=""_blank"">@pmvlqfdkiyxv</a>",94,4,55.714,1,1,7,0,1182.25,31.5,0.5,2.75
"<a href=""https://tiktok.com/@puhrra"" target=""_blank"">@puhrra</a>",121,12,65.257,0.906,7,102,0,1406.667,83.917,0.333,1
"<a href=""https://tiktok.com/@purnialesh45"" target=""_blank"">@purnialesh45</a>",64,9,40.333,1,1,9,0,1907.667,47.222,1.444,0.667
"<a href=""https://tiktok.com/@pxibi018"" target=""_blank"">@pxibi018</a>",20,7,58.925,0.882,2,25,0,1313.2,36.8,0.6,0.6
"<a href=""https://tiktok.com/@pxogmdqpa46"" target=""_blank"">@pxogmdqpa46</a>",25,6,57.375,1,3,23,0,1788,33.667,3.333,16.333
"<a href=""https://tiktok.com/@qdcieh"" target=""_blank"">@qdcieh</a>",70,15,18.4,0.972,5,144,0,1363.533,97.533,0.467,0.133
"<a href=""https://tiktok.com/@qkehrewa"" target=""_blank"">@qkehrewa</a>",31,7,69.875,1,1,8,0,1323.111,36,0.889,2.222
"<a href=""https://tiktok.com/@qkhcht2"" target=""_blank"">@qkhcht2</a>",121,3,80.286,1,2,16,0,242,5.667,0,0
"<a href=""https://tiktok.com/@qqq14107"" target=""_blank"">@qqq14107</a>",103,4,39.75,1,1,8,0,937.75,63.25,3,9.75
"<a href=""https://tiktok.com/@quincyshop08"" target=""_blank"">@quincyshop08</a>",1,8,58.402,0.892,5,41,0,765.875,60.25,0.75,0
"<a href=""https://tiktok.com/@ququ.anhag"" target=""_blank"">@ququ.anhag</a>",63,6,37.717,1,2,19,0,1488.25,19.875,1.125,0.625
"<a href=""https://tiktok.com/@qvcka2481"" target=""_blank"">@qvcka2481</a>",87,3,54.952,0.867,3,21,0,953,37.667,0,0
"<a href=""https://tiktok.com/@qxsabeqa"" target=""_blank"">@qxsabeqa</a>",106,6,72.958,0.855,4,38,0,1004.667,10.167,0.167,0.5
"<a href=""https://tiktok.com/@reddit.vztwo"" target=""_blank"">@reddit.vztwo</a>",14,10,46.329,0.926,5,69,0,592.3,15.2,0.4,0.8
"<a href=""https://tiktok.com/@reddit1bs"" target=""_blank"">@reddit1bs</a>",15,9,49.839,0.933,5,50,0,916.727,27.636,0.364,0.182
"<a href=""https://tiktok.com/@reddit_grayson99"" target=""_blank"">@reddit_grayson99</a>",70,15,20.491,1,5,144,0,1297.267,102.467,0.267,0.333
"<a href=""https://tiktok.com/@reddit_ignatius8"" target=""_blank"">@reddit_ignatius8</a>",120,6,67.361,1,3,26,0,7805.889,101.667,6.889,10.333
"<a href=""https://tiktok.com/@redditstory667"" target=""_blank"">@redditstory667</a>",62,8,66.264,0.723,2,17,0,1222.125,55.625,2.375,0.75
"<a href=""https://tiktok.com/@reddittext48"" target=""_blank"">@reddittext48</a>",122,5,55.571,1,1,7,0,2124.714,49.143,0.571,1.714
"<a href=""https://tiktok.com/@redreddit48"" target=""_blank"">@redreddit48</a>",62,7,40.649,0.861,2,18,0,11346.667,343.222,1.111,1.111
"<a href=""https://tiktok.com/@rfgfghf1"" target=""_blank"">@rfgfghf1</a>",55,5,41.027,0.733,2,15,0,16521.125,119.75,3.125,1
"<a href=""https://tiktok.com/@rohingyao"" target=""_blank"">@rohingyao</a>",43,9,56.319,0.853,10,98,0,1975.9,85.1,3.7,1.5
"<a href=""https://tiktok.com/@romyzbuhpisgfh"" target=""_blank"">@romyzbuhpisgfh</a>",103,4,39.75,1,1,8,0,2011.25,178.75,15.25,30.25
"<a href=""https://tiktok.com/@rosacasey65"" target=""_blank"">@rosacasey65</a>",38,8,55.299,0.833,3,33,0,1923.25,143.375,2.375,1.375
"<a href=""https://tiktok.com/@rrwtqoji8v5"" target=""_blank"">@rrwtqoji8v5</a>",21,5,29.375,0.833,1,8,0,1069.8,35.8,0,0.2
"<a href=""https://tiktok.com/@rubin.mervy8"" target=""_blank"">@rubin.mervy8</a>",49,4,55.167,0.792,2,16,0,1014.5,25.25,0.25,1
"<a href=""https://tiktok.com/@ryllskayaqing"" target=""_blank"">@ryllskayaqing</a>",41,7,43.5,0.875,1,8,0,7413.5,291.2,2.9,1
"<a href=""https://tiktok.com/@sasapco"" target=""_blank"">@sasapco</a>",43,9,55.347,0.891,11,113,0,1409.222,143.667,1.111,0.222
"<a href=""https://tiktok.com/@satsyou"" target=""_blank"">@satsyou</a>",44,8,43.049,0.866,2,17,0,4934.25,151.75,2.375,7
"<a href=""https://tiktok.com/@schgsc"" target=""_blank"">@schgsc</a>",32,8,59.786,0.929,2,14,0,3688.889,119.333,1,5.444
"<a href=""https://tiktok.com/@scqf.cvdv"" target=""_blank"">@scqf.cvdv</a>",108,6,68.528,0.929,2,17,0,376.5,6,0.167,1
"<a href=""https://tiktok.com/@sdsdyou"" target=""_blank"">@sdsdyou</a>",43,9,53.111,0.857,1,9,0,6295.333,210.778,3.222,0.889
"<a href=""https://tiktok.com/@seile.rian"" target=""_blank"">@seile.rian</a>",49,5,51.342,0.859,4,35,0,2673.429,38.714,8.286,21.571
"<a href=""https://tiktok.com/@sfagnd"" target=""_blank"">@sfagnd</a>",118,4,78.5,1,2,16,0,2397.25,92.25,0.5,2
"<a href=""https://tiktok.com/@sharleen.howard"" target=""_blank"">@sharleen.howard</a>",8,8,52.702,0.91,6,48,0,1554.125,107,0.75,2.625
"<a href=""https://tiktok.com/@shbsdd2"" target=""_blank"">@shbsdd2</a>",120,6,53.806,1,3,34,0,8183.444,241,21.889,42.556
"<a href=""https://tiktok.com/@shgj33"" target=""_blank"">@shgj33</a>",8,6,37.857,1,1,7,0,1369.429,48.714,0.429,0.286
"<a href=""https://tiktok.com/@shsjbsxbx"" target=""_blank"">@shsjbsxbx</a>",101,4,69.482,1,2,15,0,1095.5,82.25,2.75,9.75
"<a href=""https://tiktok.com/@shuj977"" target=""_blank"">@shuj977</a>",19,8,61.786,0.9,2,19,0,872.75,30.125,0.625,0.875
"<a href=""https://tiktok.com/@shuy742"" target=""_blank"">@shuy742</a>",14,9,48.518,0.909,5,61,0,770.6,22.7,0.6,0.2
"<a href=""https://tiktok.com/@shvchjds"" target=""_blank"">@shvchjds</a>",44,10,62.427,0.941,4,35,0,4539.5,214.2,1.6,3.3
"<a href=""https://tiktok.com/@snoshsj"" target=""_blank"">@snoshsj</a>",89,4,39.107,1,2,15,0,1760.75,65.5,0.5,0
"<a href=""https://tiktok.com/@sqifhw"" target=""_blank"">@sqifhw</a>",121,11,65.421,0.917,5,81,0,1503.167,77.667,0.083,0.083
"<a href=""https://tiktok.com/@stien.lindag"" target=""_blank"">@stien.lindag</a>",60,8,74.5,1,1,8,0,1984.625,112.875,1,0.625
"<a href=""https://tiktok.com/@stoyouh"" target=""_blank"">@stoyouh</a>",43,10,63.407,0.9,10,107,0,6999,157.9,0.9,0.5
"<a href=""https://tiktok.com/@stvhfhj"" target=""_blank"">@stvhfhj</a>",44,10,59.898,0.902,4,32,0,4231.2,109.4,7.1,16.5
"<a href=""https://tiktok.com/@stylish_queen_120"" target=""_blank"">@stylish_queen_120</a>",52,5,98,0.5,1,7,0,686.333,77,5.583,1.167
"<a href=""https://tiktok.com/@sug7994"" target=""_blank"">@sug7994</a>",14,5,51.916,0.864,4,40,0,651.2,18.6,0.2,0.2
"<a href=""https://tiktok.com/@sun.lilym"" target=""_blank"">@sun.lilym</a>",65,7,73.9,0.857,1,10,0,1988.444,81.111,0.889,0.222
"<a href=""https://tiktok.com/@sush0240"" target=""_blank"">@sush0240</a>",73,8,12.5,1,1,8,0,2581.333,50.889,0.556,0.556
"<a href=""https://tiktok.com/@susv0936"" target=""_blank"">@susv0936</a>",71,12,70.182,0.978,5,76,0,2407.667,54.2,0.067,0.467
"<a href=""https://tiktok.com/@sweet_babyc120"" target=""_blank"">@sweet_babyc120</a>",52,3,98,0.5,1,7,0,369.08,42,6.4,1.48
"<a href=""https://tiktok.com/@sweet_driver120"" target=""_blank"">@sweet_driver120</a>",53,7,98.778,1,1,9,0,4807.524,396.643,29.833,6.452
"<a href=""https://tiktok.com/@sxdpod"" target=""_blank"">@sxdpod</a>",40,3,78.714,0.8,1,7,0,1003.333,40.667,0.333,0.333
"<a href=""https://tiktok.com/@tessh95"" target=""_blank"">@tessh95</a>",118,4,66.938,1,4,32,0,2203.5,191.25,1.75,1.75
"<a href=""https://tiktok.com/@tetel4962"" target=""_blank"">@tetel4962</a>",71,11,71.006,0.884,3,47,0,298.214,11.714,0.071,0.071
"<a href=""https://tiktok.com/@text.fc"" target=""_blank"">@text.fc</a>",43,8,52.029,0.821,8,61,0,1874.778,95.667,3.222,0.111
"<a href=""https://tiktok.com/@texting592"" target=""_blank"">@texting592</a>",24,4,36.286,1,1,7,0,2505.25,19,0,0.5
"<a href=""https://tiktok.com/@texts178"" target=""_blank"">@texts178</a>",43,7,53.087,0.826,6,48,0,5461.125,187.75,4.125,13.125
"<a href=""https://tiktok.com/@textstory781"" target=""_blank"">@textstory781</a>",43,9,66.415,0.815,5,40,0,12045.667,307.222,3.556,2.889
"<a href=""https://tiktok.com/@textstyo"" target=""_blank"">@textstyo</a>",44,8,58.839,0.913,4,38,0,3849.875,132.125,2.5,4.75
"<a href=""https://tiktok.com/@the.iloveaiicenat"" target=""_blank"">@the.iloveaiicenat</a>",102,4,76.25,1,1,8,0,1410.25,129.5,2.75,15
"<a href=""https://tiktok.com/@tijf9855"" target=""_blank"">@tijf9855</a>",74,9,16.972,1,2,17,0,2419.556,45.222,0.222,0.111
"<a href=""https://tiktok.com/@titme"" target=""_blank"">@titme</a>",15,11,49.708,0.948,7,53,0,1083.636,68.091,1.364,0.909
"<a href=""https://tiktok.com/@tiut0219"" target=""_blank"">@tiut0219</a>",76,7,59.173,0.811,3,33,0,435.875,20,0.5,0.875
"<a href=""https://tiktok.com/@tkfjfjjrj"" target=""_blank"">@tkfjfjjrj</a>",6,10,70.583,1,1,12,0,4037.1,46.6,0.6,0.9
"<a href=""https://tiktok.com/@todaysfriendshow4"" target=""_blank"">@todaysfriendshow4</a>",19,6,64.286,1,2,18,0,1162.25,38.625,0.875,0.5
"<a href=""https://tiktok.com/@toma.rimi"" target=""_blank"">@toma.rimi</a>",15,9,53.127,0.952,3,43,0,1318.778,29.556,0.556,0.444
"<a href=""https://tiktok.com/@topi.khatun6"" target=""_blank"">@topi.khatun6</a>",20,5,65.636,0.875,1,11,0,1205.556,28.667,0,0.222
"<a href=""https://tiktok.com/@touab4277"" target=""_blank"">@touab4277</a>",82,5,53.907,0.806,2,25,0,1255,44.4,0,0
"<a href=""https://tiktok.com/@tri.nguyenw"" target=""_blank"">@tri.nguyenw</a>",63,8,40.567,1,3,33,0,1793.5,25.125,0.125,0.375
"<a href=""https://tiktok.com/@tsnck2188"" target=""_blank"">@tsnck2188</a>",81,3,62,1,1,7,0,5943,118.333,0.333,0
"<a href=""https://tiktok.com/@tug35587"" target=""_blank"">@tug35587</a>",118,4,53.625,1,4,32,0,13823.5,681.75,5,10.25
"<a href=""https://tiktok.com/@tugx2917"" target=""_blank"">@tugx2917</a>",71,13,79.604,0.944,5,61,0,546.8,27.2,0.2,0.2
"<a href=""https://tiktok.com/@twkg9813"" target=""_blank"">@twkg9813</a>",72,6,64.583,1,2,27,0,929.667,36.833,0.5,0.333
"<a href=""https://tiktok.com/@ubhutfrx"" target=""_blank"">@ubhutfrx</a>",1,9,58.074,0.854,10,102,0,2974.667,87.667,2.222,0.667
"<a href=""https://tiktok.com/@ucmanprodl1"" target=""_blank"">@ucmanprodl1</a>",21,7,44.513,0.958,4,34,0,890.143,26.143,0.143,0
"<a href=""https://tiktok.com/@uest1280"" target=""_blank"">@uest1280</a>",72,6,44.917,1,2,27,0,733.167,17.333,0.333,0
"<a href=""https://tiktok.com/@uffvi7"" target=""_blank"">@uffvi7</a>",29,4,57,1,1,7,0,909.5,14.75,0,0
"<a href=""https://tiktok.com/@ufsc8075"" target=""_blank"">@ufsc8075</a>",76,9,55.948,0.903,3,45,0,2659.667,81.333,0.556,1.556
"<a href=""https://tiktok.com/@uiavao.bskvai"" target=""_blank"">@uiavao.bskvai</a>",6,9,70.583,1,1,12,0,1246.444,41.333,0.889,0.222
"<a href=""https://tiktok.com/@ulrikesteuber"" target=""_blank"">@ulrikesteuber</a>",11,6,50.357,1,3,23,0,781.5,22.833,1,2.833
"<a href=""https://tiktok.com/@uoxu.wcbk"" target=""_blank"">@uoxu.wcbk</a>",107,5,29.429,0.857,1,7,0,2957.667,27.5,0,0.333
"<a href=""https://tiktok.com/@uqpqhqg"" target=""_blank"">@uqpqhqg</a>",115,8,34.292,1,2,20,0,2353.5,79.375,0.25,2.375
"<a href=""https://tiktok.com/@uraf9163"" target=""_blank"">@uraf9163</a>",74,8,16.562,1,2,16,0,1909.444,42.556,0.333,0.333
"<a href=""https://tiktok.com/@urdu9708"" target=""_blank"">@urdu9708</a>",77,4,33.083,1,1,12,0,972.167,60.833,0,0.333
"<a href=""https://tiktok.com/@user1203613923425"" target=""_blank"">@user1203613923425</a>",18,6,34.444,0.875,1,9,0,1165.5,25.667,1.667,5.5
"<a href=""https://tiktok.com/@user1222333836866"" target=""_blank"">@user1222333836866</a>",105,7,55.837,0.849,3,24,0,4554,44.143,0.143,17.571
"<a href=""https://tiktok.com/@user16909390140293"" target=""_blank"">@user16909390140293</a>",45,3,26,1,1,9,0,1411.222,26.444,0.333,0.333
"<a href=""https://tiktok.com/@user19468614708518"" target=""_blank"">@user19468614708518</a>",17,6,55.188,1,2,20,0,25308,503.667,3.667,145.833
"<a href=""https://tiktok.com/@user2810315813972"" target=""_blank"">@user2810315813972</a>",36,8,48.175,1,2,16,0,1989.625,102,2.625,1
"<a href=""https://tiktok.com/@user2903556969068"" target=""_blank"">@user2903556969068</a>",16,6,55.045,0.875,4,30,0,1531.5,29.667,1.833,7.167
"<a href=""https://tiktok.com/@user2910719010242"" target=""_blank"">@user2910719010242</a>",23,4,59.5,1,1,8,0,1017.25,22.75,0.25,2.75
"<a href=""https://tiktok.com/@user2932993437321"" target=""_blank"">@user2932993437321</a>",16,6,48.938,1,2,16,0,1733.333,44.833,0,2.5
"<a href=""https://tiktok.com/@user3154950400581"" target=""_blank"">@user3154950400581</a>",36,7,47.598,1,2,15,0,2379.286,172,0.857,4.571
"<a href=""https://tiktok.com/@user3213356160756"" target=""_blank"">@user3213356160756</a>",121,3,68,1,2,18,0,263.727,10,0,0
"<a href=""https://tiktok.com/@user3269067988455"" target=""_blank"">@user3269067988455</a>",101,4,48.375,1,4,32,0,638.75,46.75,0.5,6
"<a href=""https://tiktok.com/@user3357615163181"" target=""_blank"">@user3357615163181</a>",123,3,43.778,1,1,9,0,1703.333,100,0.333,0.333
"<a href=""https://tiktok.com/@user3543260092180"" target=""_blank"">@user3543260092180</a>",75,5,52.371,0.9,2,23,0,1810.8,157.4,0.6,1
"<a href=""https://tiktok.com/@user386963311513"" target=""_blank"">@user386963311513</a>",16,6,47.5,0.917,2,16,0,1596.5,41.333,1.333,4.167
"<a href=""https://tiktok.com/@user4080460677683"" target=""_blank"">@user4080460677683</a>",3,9,58.143,1,1,7,0,2627.778,185.444,0.778,1.778
"<a href=""https://tiktok.com/@user4148379047616"" target=""_blank"">@user4148379047616</a>",41,10,44.167,0.855,3,22,0,1094.6,84.4,0.4,0
"<a href=""https://tiktok.com/@user4181021201798"" target=""_blank"">@user4181021201798</a>",16,6,49.56,0.857,3,22,0,1377,25.167,1.167,2.667
"<a href=""https://tiktok.com/@user50065457091245"" target=""_blank"">@user50065457091245</a>",17,5,53,0.917,2,16,0,1727.2,30,1.2,6.4
"<a href=""https://tiktok.com/@user5107401810761"" target=""_blank"">@user5107401810761</a>",95,4,70.25,1,1,8,0,808,76.75,6,16.5
"<a href=""https://tiktok.com/@user5626060056906"" target=""_blank"">@user5626060056906</a>",1,9,57.166,0.988,9,78,0,3345.222,216.333,3,0.667
"<a href=""https://tiktok.com/@user59010441107517"" target=""_blank"">@user59010441107517</a>",17,6,56.312,0.917,2,20,0,2394,36,0.833,3.167
"<a href=""https://tiktok.com/@user61085841585986"" target=""_blank"">@user61085841585986</a>",22,5,51.25,0.857,1,8,0,1317.833,31.833,0.333,2.333
"<a href=""https://tiktok.com/@user6186701630842"" target=""_blank"">@user6186701630842</a>",16,6,49.183,0.857,4,30,0,1699.167,44.833,0.5,2
"<a href=""https://tiktok.com/@user6922385284275"" target=""_blank"">@user6922385284275</a>",1,9,55.76,0.948,7,62,0,3174.333,145.444,6.222,2.889
"<a href=""https://tiktok.com/@user7605976152392"" target=""_blank"">@user7605976152392</a>",8,8,61.478,0.886,6,48,0,2240.625,64,1.5,0.5
"<a href=""https://tiktok.com/@user81444195333"" target=""_blank"">@user81444195333</a>",67,4,64.938,0.857,2,16,0,17747.5,242.25,11.25,2.5
"<a href=""https://tiktok.com/@user8168691298265"" target=""_blank"">@user8168691298265</a>",2,8,31.714,0.8,1,7,0,1793.75,64.125,0.875,0.75
"<a href=""https://tiktok.com/@user8508148033286"" target=""_blank"">@user8508148033286</a>",4,10,57.205,0.9,4,30,0,1342.2,70.7,0.6,0.8
"<a href=""https://tiktok.com/@user8653602093025"" target=""_blank"">@user8653602093025</a>",16,5,50.238,0.754,3,21,0,3076.667,56.333,0.333,3.5
"<a href=""https://tiktok.com/@user8753242872061"" target=""_blank"">@user8753242872061</a>",28,4,33.143,1,1,7,0,773.25,18.5,0,0.25
"<a href=""https://tiktok.com/@user8794483655797"" target=""_blank"">@user8794483655797</a>",16,5,54.125,0.78,4,29,0,2130.6,47,0.4,6.6
"<a href=""https://tiktok.com/@user8847609801518"" target=""_blank"">@user8847609801518</a>",18,6,34.444,0.875,1,9,0,886,25.667,3.667,2.667
"<a href=""https://tiktok.com/@user9478290398115"" target=""_blank"">@user9478290398115</a>",23,4,59.5,1,1,8,0,737,19.75,0,2.5
"<a href=""https://tiktok.com/@user9724456321051"" target=""_blank"">@user9724456321051</a>",4,10,56.965,0.923,4,33,0,1515.3,56.3,0.3,0.4
"<a href=""https://tiktok.com/@username.12345301"" target=""_blank"">@username.12345301</a>",57,5,88.071,0.8,1,14,0,102827.542,568.083,7.208,31.792
"<a href=""https://tiktok.com/@usjg2117"" target=""_blank"">@usjg2117</a>",71,15,76.413,0.972,6,60,0,435.933,22.733,0.133,0.133
"<a href=""https://tiktok.com/@uyiy1286"" target=""_blank"">@uyiy1286</a>",114,6,60.233,0.833,3,30,0,1104.167,54.833,1.333,1.5
"<a href=""https://tiktok.com/@v.if77"" target=""_blank"">@v.if77</a>",12,7,42.604,0.859,3,37,0,1217.714,39,0.429,0.286
"<a href=""https://tiktok.com/@vaigg0"" target=""_blank"">@vaigg0</a>",35,7,53.375,0.875,1,8,0,2249.429,129,1,0.429
"<a href=""https://tiktok.com/@verity.holland"" target=""_blank"">@verity.holland</a>",4,10,50.375,1,2,20,0,1374.6,68.7,0.3,0.1
"<a href=""https://tiktok.com/@vghf668"" target=""_blank"">@vghf668</a>",13,8,59.4,0.875,1,10,0,1183.375,58,0.625,0.25
"<a href=""https://tiktok.com/@video.of38"" target=""_blank"">@video.of38</a>",13,5,54.5,1,1,8,0,1225.857,26.571,0,0
"<a href=""https://tiktok.com/@vitsu.alec1"" target=""_blank"">@vitsu.alec1</a>",49,9,47.804,0.858,8,78,0,8000.111,95.222,0.667,1.222
"<a href=""https://tiktok.com/@viyjgiwk"" target=""_blank"">@viyjgiwk</a>",106,4,73.375,1,1,8,0,31071.75,312,17,63.5
"<a href=""https://tiktok.com/@vmtlglhglzjcq"" target=""_blank"">@vmtlglhglzjcq</a>",97,3,40.714,1,1,7,0,713,49.333,2.333,6.667
"<a href=""https://tiktok.com/@vnfhvc2"" target=""_blank"">@vnfhvc2</a>",110,6,88.143,0.8,1,7,0,1752.5,29.125,1.5,7.875
"<a href=""https://tiktok.com/@voids322"" target=""_blank"">@voids322</a>",68,5,56.714,0.714,1,7,0,3852.857,94.571,4.857,2.286
"<a href=""https://tiktok.com/@voie3340"" target=""_blank"">@voie3340</a>",79,3,29.833,0.75,1,12,0,546.833,26.667,0.333,0.833
"<a href=""https://tiktok.com/@vshwiy2868"" target=""_blank"">@vshwiy2868</a>",19,8,52.5,0.9,2,23,0,994.875,30.125,1.125,1.125
"<a href=""https://tiktok.com/@vsuau5"" target=""_blank"">@vsuau5</a>",117,4,57.375,1,2,16,0,2816,110,1.25,0.5
"<a href=""https://tiktok.com/@vxissvsb"" target=""_blank"">@vxissvsb</a>",83,4,46.5,1,1,8,0,977.5,39.75,1.5,0
"<a href=""https://tiktok.com/@walct2828"" target=""_blank"">@walct2828</a>",87,5,52.153,0.889,3,28,0,142.2,3.8,0.2,0.2
"<a href=""https://tiktok.com/@was07252"" target=""_blank"">@was07252</a>",39,8,81.875,1,1,8,0,3079.125,198.375,1.5,0.375
"<a href=""https://tiktok.com/@wataiexkotoar"" target=""_blank"">@wataiexkotoar</a>",96,3,56.486,0.8,2,17,0,710,36,1.667,0.667
"<a href=""https://tiktok.com/@watts4718"" target=""_blank"">@watts4718</a>",26,5,27.556,1,1,9,0,2066.167,47,4.5,16.5
"<a href=""https://tiktok.com/@wbakf3819"" target=""_blank"">@wbakf3819</a>",82,6,54.431,0.927,5,46,0,5184.5,147.667,0,0.167
"<a href=""https://tiktok.com/@wede35"" target=""_blank"">@wede35</a>",48,13,62.567,0.762,5,70,0,3005.692,72.923,0.846,3.308
"<a href=""https://tiktok.com/@wevbocr"" target=""_blank"">@wevbocr</a>",88,6,42.325,0.929,2,18,0,3986.333,70.833,1.5,0.333
"<a href=""https://tiktok.com/@wgslhe"" target=""_blank"">@wgslhe</a>",121,12,72.637,0.929,5,84,0,1060.583,43.667,0.083,0.167
"<a href=""https://tiktok.com/@whdka3278"" target=""_blank"">@whdka3278</a>",87,4,44.785,0.752,4,32,0,560.25,14.5,0,0
"<a href=""https://tiktok.com/@wiate.doni0"" target=""_blank"">@wiate.doni0</a>",49,8,41.142,0.926,7,71,0,1591.75,35.625,0.625,0.625
"<a href=""https://tiktok.com/@wiqg8225"" target=""_blank"">@wiqg8225</a>",71,14,59.15,0.96,5,55,0,364.533,16.467,0.2,1
"<a href=""https://tiktok.com/@wive0570"" target=""_blank"">@wive0570</a>",71,9,58.056,0.944,3,30,0,1998.417,41.25,0.25,3.417
"<a href=""https://tiktok.com/@wmlimxussfxn2n"" target=""_blank"">@wmlimxussfxn2n</a>",101,4,55.384,1,4,29,0,1190.5,64,1.5,7.75
"<a href=""https://tiktok.com/@wnalc1228"" target=""_blank"">@wnalc1228</a>",85,3,60.75,1,1,8,0,742.667,19.667,0.333,0
"<a href=""https://tiktok.com/@wndla4862"" target=""_blank"">@wndla4862</a>",87,4,33.45,0.889,3,26,0,1486.25,70.75,0,0
"<a href=""https://tiktok.com/@wnsao4288"" target=""_blank"">@wnsao4288</a>",86,4,63.857,1,1,7,0,1675.5,69.25,0.75,0.25
"<a href=""https://tiktok.com/@wojta.or"" target=""_blank"">@wojta.or</a>",15,12,58.645,0.911,5,65,0,1322.417,53.917,0.417,0.25
"<a href=""https://tiktok.com/@wout1262"" target=""_blank"">@wout1262</a>",114,4,90.5,1,1,8,0,3390,128.75,3,2.75
"<a href=""https://tiktok.com/@wroe.edith6"" target=""_blank"">@wroe.edith6</a>",49,7,41.086,0.891,6,50,0,3119.286,60.429,0.857,0.429
"<a href=""https://tiktok.com/@wsbhd0"" target=""_blank"">@wsbhd0</a>",117,4,49.417,1,3,24,0,1891.5,77.5,1.25,0.25
"<a href=""https://tiktok.com/@wsfj4"" target=""_blank"">@wsfj4</a>",116,6,43.133,0.917,2,22,0,2923.5,182,1.833,1.167
"<a href=""https://tiktok.com/@wss042"" target=""_blank"">@wss042</a>",39,7,81.875,1,1,8,0,189798.375,9801.875,57.5,38.125
"<a href=""https://tiktok.com/@wuge2639"" target=""_blank"">@wuge2639</a>",71,15,66.233,0.927,5,60,0,570.933,23.2,0.333,0.133
"<a href=""https://tiktok.com/@wzcvm2228i"" target=""_blank"">@wzcvm2228i</a>",87,5,22.556,1,1,9,0,1115.8,26.2,0.8,0
"<a href=""https://tiktok.com/@xchinaqueen1"" target=""_blank"">@xchinaqueen1</a>",58,3,80.5,0.8,1,8,0,977.333,71,3.25,0.167
"<a href=""https://tiktok.com/@xchinaqueen2"" target=""_blank"">@xchinaqueen2</a>",58,11,85.221,0.733,2,25,0,139.083,10.417,0.417,0
"<a href=""https://tiktok.com/@xchinaqueen3"" target=""_blank"">@xchinaqueen3</a>",58,7,89.941,0.667,1,17,0,301.7,7.1,0.6,0.1
"<a href=""https://tiktok.com/@xchinaqueen5"" target=""_blank"">@xchinaqueen5</a>",59,11,94.773,0.8,2,37,0,760,31.75,3.312,0.688
"<a href=""https://tiktok.com/@xchinaqueen6"" target=""_blank"">@xchinaqueen6</a>",59,8,94.88,1,1,25,0,275.167,29.583,3,0.5
"<a href=""https://tiktok.com/@xchinaqueen8"" target=""_blank"">@xchinaqueen8</a>",59,5,94.667,0.6,1,12,0,2801.667,393.667,14.6,39.2
"<a href=""https://tiktok.com/@xhjsjsgd6362"" target=""_blank"">@xhjsjsgd6362</a>",83,4,46.5,1,1,8,0,1121.25,52.25,0.5,0
"<a href=""https://tiktok.com/@xihz9643"" target=""_blank"">@xihz9643</a>",78,8,46.235,0.878,3,39,0,684.5,38.5,0.125,0.875
"<a href=""https://tiktok.com/@xqcqnznspmivhz"" target=""_blank"">@xqcqnznspmivhz</a>",96,3,40.5,1,1,8,0,135,5.333,0.667,0.333
"<a href=""https://tiktok.com/@xquplfcwmvyngj"" target=""_blank"">@xquplfcwmvyngj</a>",96,3,59.175,0.867,3,24,0,378.333,14.667,1.333,1
"<a href=""https://tiktok.com/@xsrk.hqii"" target=""_blank"">@xsrk.hqii</a>",105,5,80.429,1,1,7,0,3877,47.8,0,35.2
"<a href=""https://tiktok.com/@xxii911"" target=""_blank"">@xxii911</a>",43,10,55.717,0.927,8,81,0,2040.4,102.3,5.5,1.4
"<a href=""https://tiktok.com/@xzkxuvsrpkze"" target=""_blank"">@xzkxuvsrpkze</a>",100,4,34.857,1,1,7,0,1667.75,96.5,1.75,14.75
"<a href=""https://tiktok.com/@yelm.boor"" target=""_blank"">@yelm.boor</a>",69,9,53.875,1,1,8,0,8559.4,105,2.3,2.5
"<a href=""https://tiktok.com/@yiitsukb"" target=""_blank"">@yiitsukb</a>",38,7,49.714,0.9,2,14,0,1407.571,99.714,0.429,1.714
"<a href=""https://tiktok.com/@yiwxjsjxpoewm"" target=""_blank"">@yiwxjsjxpoewm</a>",99,4,48.429,1,1,7,0,1000.25,57.5,2,9
"<a href=""https://tiktok.com/@ymhr6933"" target=""_blank"">@ymhr6933</a>",74,9,12.035,1,2,17,0,1492.444,48.111,0.556,0.222
"<a href=""https://tiktok.com/@you.texts"" target=""_blank"">@you.texts</a>",44,8,57.969,0.91,4,38,0,21850.6,479.3,26.3,19.1
"<a href=""https://tiktok.com/@yowbc4277"" target=""_blank"">@yowbc4277</a>",82,6,44.69,0.916,5,50,0,1971.833,75.5,0.667,0.167
"<a href=""https://tiktok.com/@yppynsqgmqt"" target=""_blank"">@yppynsqgmqt</a>",96,3,80.812,0.8,2,16,0,588.667,24.667,2.333,0.333
"<a href=""https://tiktok.com/@ysishhd7"" target=""_blank"">@ysishhd7</a>",36,6,44.625,1,1,8,0,1827,127.25,1.75,0.875
"<a href=""https://tiktok.com/@ytrq8081"" target=""_blank"">@ytrq8081</a>",72,15,74.918,0.93,3,96,0,1698.333,88.2,0.8,0.333
"<a href=""https://tiktok.com/@ytrui12"" target=""_blank"">@ytrui12</a>",123,3,43.778,1,1,9,0,27408.667,1037.667,25,427.333
"<a href=""https://tiktok.com/@zsdx184"" target=""_blank"">@zsdx184</a>",50,12,66.758,0.676,4,59,0,4989.667,86.25,0.083,1.25
"<a href=""https://tiktok.com/@ztctmxt"" target=""_blank"">@ztctmxt</a>",88,5,22.4,0.857,1,10,0,3919.8,96.8,1.6,0.2
"<a href=""https://tiktok.com/@zvjsl"" target=""_blank"">@zvjsl</a>",118,4,56,1,3,24,0,2177.25,55.5,1,0.25
"<a href=""https://tiktok.com/@zxvb736"" target=""_blank"">@zxvb736</a>",50,10,52.729,0.873,4,79,0,4795.3,88.9,0.8,15.1
"<a href=""https://tiktok.com/@zzxss134"" target=""_blank"">@zzxss134</a>",114,8,55.7,0.958,4,42,0,4201.875,106.75,1.5,2.125
