"Network","Number of Accounts","Network Density","Network Diameter","Clustering Coefficient","Avg Views","Avg Likes","Avg Comments","Avg Shares","Member Accounts"
1,19,0.38,30,0.54,2780.91,133.169,2.434,2.38,"fdijc3, jdpdosj, jfkovj5, jtcytxyzey, be.jkigv, bmc12655, hcodifb, fughf21, krug011, quincyshop08, ubhutfrx, jfufrehcdh, user5626060056906, jdpxorjf, irdc042, jsosjxj8, luisina.riihimaki, chantalkusch, user6922385284275"
2,3,0.667,14,0,1608.913,72.043,0.435,0.913,"user8168691298265, jdododh5, cp.eagdu"
3,2,1,7,0,3730.059,254,1.882,1.412,"user4080460677683, craig.harrell0"
4,7,0.571,24,0.562,2489.588,87.338,0.868,1.324,"hullen.nguyen, user8508148033286, ayden.riverad, user9724456321051, cbjf05, jdkckcj2, verity.holland"
5,6,0.333,33,0,1641.473,71.6,0.527,0.982,"gckcj4, aedyckctu, jfdd653, bfihc, fauy8466, aedhdici"
6,2,1,12,0,2715.211,44.105,0.737,0.579,"uiavao.bskvai, tkfjfjjrj"
7,2,1,7,0,3501.667,78.889,0.667,1.278,"bgfddf8888, dguy8654"
8,10,0.6,24,0.745,2247.535,93.36,1.151,1.256,"fcjjv86, gduhx01, lxjjc, sharleen.howard, aedhdjcoof, hdhxh3484, fduic5, shgj33, aedgslpxjx, user7605976152392"
9,4,0.5,16,0,3608.471,76.471,1.265,1.029,"debran.oxonrp00, hoeg.huan, aed7p4, akkaanav.risksjsg"
10,2,1,8,0,1352.071,36.357,0.714,5.357,"lawrenceharvey54, onikacaylie"
11,5,0.5,28,0.429,1099.609,38.87,0.674,3.543,"mong.khuu, marisol.rath, marjoriecarrie0525, nfyk.emma, ulrikesteuber"
12,5,0.7,22,0.8,1117.816,34,0.447,0.868,"fhvf210, hdbjx72, gfg6705, kuhar.clair6, v.if77"
13,4,0.5,19,0,1269.7,44.133,0.3,0.133,"berez.paulo, j.uv586, vghf668, video.of38"
14,6,0.933,20,0.923,765.182,22.582,0.455,0.727,"cainima888, reddit.vztwo, shuy742, carbloggera, bsjj8797, sug7994"
15,10,0.489,26,0.651,971.422,36.156,0.511,0.433,"monalisa7988, mulask57, reddit1bs, titme, fhuc22, omi.poni0, ggih3179, bsyg2865, wojta.or, toma.rimi"
16,7,0.524,22,0.577,1871.659,41.171,0.805,4.024,"user8653602093025, user2932993437321, user386963311513, user2903556969068, user4181021201798, user6186701630842, user8794483655797"
17,3,1,12,1,10285.176,199.294,1.941,54.471,"user59010441107517, user50065457091245, user19468614708518"
18,2,1,9,0,1025.75,25.667,2.667,4.083,"user1203613923425, user8847609801518"
19,3,1,12,1,1009.958,32.958,0.875,0.833,"shuj977, todaysfriendshow4, vshwiy2868"
20,3,0.667,25,0,1263.857,42.357,0.357,0.321,"topi.khatun6, pxibi018, hsbuz8"
21,8,0.357,34,0.409,1067.628,37.791,0.186,0.279,"anpebsaxgu9, aleaa0249, bsbwphji4xu, buslmigf7dn, alejkityuoo, rrwtqoji8v5, ale2r35, ucmanprodl1"
22,2,1,8,0,1333.333,31.417,1.75,11.833,"hitomorrow81, user61085841585986"
23,2,1,8,0,877.125,21.25,0.125,2.625,"user9478290398115, user2910719010242"
24,2,1,7,0,3893.8,30.4,0.2,1.1,"karlamoran19677, texting592"
25,5,0.6,23,0.6,1445.4,38,1.467,7.3,"ddeaxmelj72, goodbye17507, nhfr48186js, hockey2840, pxogmdqpa46"
26,2,1,9,0,1711.917,51,2.583,8.417,"bcc662, watts4718"
27,2,1,7,0,539.111,15.111,0.111,1,"giopgfv, igdigsdp"
28,2,1,7,0,741.125,18.125,0,0.25,"user8753242872061, jjdjdd911"
29,2,1,7,0,602.625,10.5,0,0,"uffvi7, lhodsrr"
30,3,1,7,1,719.417,28,0,0.333,"cihohsqwfi, gkkfykjb, gigigjj"
31,2,1,8,0,1425.222,51.333,0.667,1.222,"nmokuqxn, qkehrewa"
32,3,0.667,14,0,2323,63.25,0.857,1.964,"fkncxh, fijvxdd, schgsc"
33,2,1,10,0,3161.923,69.077,2.231,8.538,"aedvjdfjfj48528, kim.jong4379"
34,2,1,12,0,1439.35,56.75,1.2,1.6,"gjbgikh, elvistrevelyan0204"
35,2,1,8,0,3109.214,138,1.214,3.429,"chdg050, vaigg0"
36,4,0.5,24,0,2065.207,128.724,1.897,4.517,"user2810315813972, ididu034, user3154950400581, ysishhd7"
37,3,0.667,19,0,1648.409,114.273,1.045,0.773,"hdidkser0, gutieyy7, fjyukfjjf"
38,6,0.6,22,0.682,1602.432,126.705,2.091,2.818,"geievertu8, djm9r, cx.b28, rosacasey65, gf.nj97, yiitsukb"
39,2,1,8,0,96438.75,5000.125,29.5,19.25,"wss042, was07252"
40,2,1,7,0,887.333,28,0.333,0.167,"akjeeeldl5, sxdpod"
41,4,0.5,15,0,3084.429,183.029,1.2,0.457,"ksndfmggf, ryllskayaqing, djbdjfjff, user4148379047616"
42,2,1,8,0,8953.5,183.8,3.9,9.9,"emmastone711, emma.stonegdocg"
43,14,0.659,29,0.801,4137.429,155.639,3.256,2.549,"cagnhd, crtyougo, hdryxd, ktsfyh, dtkwod, landscape5670, sasapco, textstory781, stoyouh, sdsdyou, rohingyao, texts178, text.fc, xxii911"
44,6,0.733,17,0.677,8835.232,234.089,7.786,11.607,"satsyou, stvhfhj, fjjgdvx, textstyo, shvchjds, you.texts"
45,2,1,9,0,2083.312,18.375,0.188,0.25,"fhkundshunk, user16909390140293"
46,2,1,9,0,3858.389,124.389,1.611,2.333,"eudazpstrvf, fugfuj33"
47,2,1,7,0,34389.059,1258.765,3.824,10.176,"dvvsaag, mnabkkop"
48,6,1,25,1,3156.782,75.103,0.462,1.462,"aed0267, cfdc18, aed2750, jvhb240, jajsjsn56, wede35"
49,9,0.75,20,0.846,7327.929,154.143,2.171,14.614,"rubin.mervy8, battl.kray, osb.remo, benedossie2, vitsu.alec1, seile.rian, lawgray3, wiate.doni0, wroe.edith6"
50,5,1,25,1,19706.154,299.538,1.135,6.596,"iiuu553, dthh824, jvtvc3, zsdx184, zxvb736"
51,3,0.667,25,0,373.587,33.984,2.508,0.81,"amazing_seeet120, cute_queen7102, cutedriver120"
52,2,1,7,0,524.469,59.143,6,1.327,"stylish_queen_120, sweet_babyc120"
53,2,1,9,0,3726.763,314.237,23.017,6.492,"amazinggirl_120, sweet_driver120"
54,2,1,8,0,803.08,61.34,4.82,1.12,"cutequeen_driver120, chummi_queen1"
55,3,1,10,1,28813.304,234.826,6.826,1.696,"mariencassano, huydhfhyyxd, rfgfghf1"
56,2,1,23,0,12899.929,443.5,14.857,27.143,"djskgikeejk8, mdsdz2"
57,2,1,14,0,70753.343,409.371,5.857,22.257,"username.12345301, kamlisarkar_0"
58,3,0.667,25,0,482.765,30.824,1.471,0.088,"xchinaqueen1, xchinaqueen2, xchinaqueen3"
59,3,0.667,37,0,1336.907,157.395,7.163,14.07,"xchinaqueen5, xchinaqueen6, xchinaqueen8"
60,2,1,8,0,1590.438,91.812,0.875,0.875,"may.mortk, stien.lindag"
61,2,1,8,0,4884.529,176.765,1.882,3.647,"bowro.jpp, bagge.hazelk"
62,4,0.833,14,0.75,4465.389,177.056,1.667,1.028,"bbjqnch, pjk3357, redditstory667, redreddit48"
63,4,0.833,16,0.75,1946.636,27.667,1.758,0.576,"amkgvx, mnbub4, ququ.anhag, tri.nguyenw"
64,2,1,9,0,1785.312,42.25,1,0.375,"houri.enriqk, purnialesh45"
65,3,0.667,17,0,1920.148,58.37,0.963,0.407,"emory.drawehj, ilges.estelwei, sun.lilym"
66,4,1,15,1,4341.114,89.829,2.029,2.543,"aseng.haymong, khanh.phukhh, carlos.alberto.al886, lanora.haskely"
67,4,0.833,17,0.75,9455.467,171.667,5.6,1.833,"niyebuya, dddgggg63, markryan688, user81444195333"
68,3,0.667,14,0,13252.333,231.444,5.111,3.944,"voids322, abdulrahmanahmaad7, cuong.trankk"
69,4,0.5,23,0,6852.45,105.3,4.875,2.125,"cuc.thu243, cxd.shd, phong.ngoc76, yelm.boor"
70,6,1,36,1,1044.722,83.156,0.389,0.289,"ciojkb, khfbou, kubjij, hojdmc, qdcieh, reddit_grayson99"
71,13,0.359,46,0.583,823.856,31,0.193,1.128,"isge0853, isgs5669, tetel4962, givi0331, wiqg8225, usjg2117, isce0690, susv0936, tugx2917, bkot6010, fhxk1941, wuge2639, wive0570"
72,13,0.295,90,0.703,1422.558,54.154,0.436,0.551,"bvoo3130, ghhj8554, dijx3903, fhda78402, jccj44506, eiej4325, drgd8391, jkuy0534, twkg9813, gjhg8047, okay11732, ytrq8081, uest1280"
73,2,1,8,0,2759,50.824,0.471,0.529,"ifrt2705, sush0240"
74,3,1,9,1,1940.481,45.296,0.37,0.222,"tijf9855, uraf9163, ymhr6933"
75,3,1,12,1,1782.857,175.071,0.786,0.929,"deep.sea_2, eden70188, user3543260092180"
76,5,0.7,28,0.8,1300.6,49.314,0.486,1.371,"dhhi6645, hehs5037, tiut0219, hrsy60677, ufsc8075"
77,5,0.5,21,0.375,729.174,43.565,0.13,0.304,"cjur6297, cjire9104, fiir2712, urdu9708, fkir2290"
78,4,0.667,26,0.6,2363.469,83.656,0.312,2,"clirr5282, fnnf8890, gjguq6894, xihz9643"
79,4,0.667,21,0.6,914.84,54.36,0.44,0.84,"gour2295, courr1227, coirf88774, voie3340"
80,2,1,7,0,2456.75,43.375,0.125,0.25,"cyikcy.i, djctjv1"
81,2,1,7,0,2577.667,48.778,0.222,0,"cjcdyn, tsnck2188"
82,7,0.714,20,0.736,2074.41,81,0.205,0.128,"touab4277, wbakf3819, bakaf3280, chduc6, baxor3828, 1qwdjjd, yowbc4277"
83,2,1,8,0,1049.375,46,1,0,"vxissvsb, xhjsjsgd6362"
84,2,1,7,0,1162.75,57.5,1.25,0,"3jfofoed, fjvbaa"
85,2,1,8,0,2097.833,67.667,0.667,0.5,"ducwk5858, wnalc1228"
86,2,1,7,0,1704,126,0.75,0.25,"2thgkvjd, wnsao4288"
87,10,0.311,40,0.581,1457.279,43.814,0.302,0.093,"opgse4909, walct2828, anxmd2388, wndla4862, whdka3278, wzcvm2228i, bxkke4723, nidaye81, gxhx514, qvcka2481"
88,4,0.5,26,0,2608.364,82.818,1.227,0.364,"wevbocr, nqkwvc, maemeg7, ztctmxt"
89,4,0.5,23,0,1329.312,61.312,0.875,0.062,"ncsfo3287, ncjfhyrsdj, duuff30, snoshsj"
90,6,0.467,16,0.429,1530.407,60.815,0.63,0.481,"bxjzjsns0, hdvhds4, jshszh6382, bxuzba, cjdjfcn, avelina.asucen"
91,2,1,8,0,1968.375,119.75,0.25,0.25,"leoraf9, fteecfs"
92,2,1,8,0,642.75,35.625,0.125,0.25,"njjyaey5, oidufc"
93,2,1,7,0,1971,136.25,3.75,14.875,"huoqilaiya, dfymbkhajhbhae"
94,2,1,7,0,3138.5,64.625,2.875,3.125,"pmvlqfdkiyxv, cxlpodwzefzoe"
95,2,1,8,0,1128.125,94.25,3.875,13.625,"hhgghj8866, user5107401810761"
96,5,0.5,24,0.5,549.667,28,1.6,1.267,"wataiexkotoar, xquplfcwmvyngj, xqcqnznspmivhz, czjqveftycqikq, yppynsqgmqt"
97,2,1,7,0,606.5,37.333,2.5,4.5,"dvlkrspwvaqhg, vmtlglhglzjcq"
98,2,1,8,0,271.571,15.571,1.286,1,"mamaepzkynvd, oklhhrmwpaurg"
99,2,1,7,0,2824.25,194.5,12.5,23.875,"laicai.reddit, yiwxjsjxpoewm"
100,2,1,7,0,1400.25,88.625,1.875,10.5,"xzkxuvsrpkze, bekiyirtimceyo"
101,7,0.667,22,0.717,1566.179,102.893,6.143,17.821,"shsjbsxbx, hryfeucmuql, oqdrhqzhlfeuk, user3269067988455, cmhftwltxeactv, wmlimxussfxn2n, mina.12558"
102,3,0.667,15,0,14436.5,1582.5,48.417,337.917,"the.iloveaiicenat, chahgjffdw4f3t, bmpaebrhblwh"
103,2,1,8,0,1474.5,121,9.125,20,"romyzbuhpisgfh, qqq14107"
104,2,1,8,0,3817,234.25,10.875,22.75,"phxagnixobfs, hjbfgj67"
105,4,0.667,16,0.6,4332.917,44.875,0.125,18.833,"idngdicg, user1222333836866, axff.crys, xsrk.hqii"
106,6,0.333,30,0,5997.895,68.605,4.053,10.289,"awcc.jqhh, mmhpbybt, qxsabeqa, pehcpohz, awbe.nevx, viyjgiwk"
107,3,0.667,15,0,3510.3,23.2,0.3,8,"uoxu.wcbk, eumb.pcdw, hnxy.seym"
108,4,0.667,17,0.6,2565.833,21,0.583,10.792,"ccvoyrnu, scqf.cvdv, oxkympku, czhc.bkyd"
109,3,0.667,14,0,766.944,8.5,0.333,3.5,"edchii0, fcvbvv57, bdhjddbjrjej"
110,2,1,7,0,3633.4,45.133,1.867,5.4,"ddvgrd0, vnfhvc2"
111,2,1,8,0,2197.583,45.75,1.333,4.417,"gogfy20, fjvfyh01"
112,2,1,8,0,5447.333,73.133,3,6.667,"dxvfsc, aedfxthg"
113,2,1,10,0,1990.188,53.438,1.5,3.438,"cnbchj1, fgzvj"
114,5,0.7,20,0.8,3496.029,94.382,1.676,1.676,"wout1262, iuy7640, uyiy1286, hdxj59, zzxss134"
115,9,0.25,58,0.273,5529.104,226.179,2.642,2.254,"jiyt23, uqpqhqg, ajiaie, ghebdts, fgijg467, fbnggg2, akksdb4, hkmdrr, nfjsk12"
116,3,1,12,1,15675.5,948.222,5,12.889,"itsstj2, gheoe8, wsfj4"
117,4,0.833,16,0.75,2063.188,83.312,1.688,1.875,"vsuau5, hurrryu, fulknm, wsbhd0"
118,6,0.6,24,0.6,6290.458,280.292,1.792,4.5,"dghhg372, sfagnd, tessh95, jspsns3, tug35587, zvjsl"
119,2,1,8,0,1762.929,67.071,2.929,2.429,"ngdxnyj, iuwgeh"
120,4,1,16,1,5012.2,110.433,9.4,16.333,"lnppoe, reddit_ignatius8, cvljri, shbsdd2"
121,21,0.224,66,0.485,1043.411,38.456,0.158,0.361,"arffug, lekpow, gclqse, objlhmtjemu, hdmjwo1, pbtchn, kfbfol, hidouo, bipiqo, dtbtcc8, hltuoq, idpeoc, eqmhqf, pbpktw, bpgarp, puhrra, lhqitc, qkhcht2, user3213356160756, wgslhe, sqifhw"
122,2,1,7,0,2810.154,58.692,0.538,1.385,"avav11738, reddittext48"
123,2,1,9,0,14556,568.833,12.667,213.833,"user3357615163181, ytrui12"
