"Account","Network","Unique Shares","Avg Time Between Shares (sec)","Edge Symmetry Score","Degree","Strength","Betweenness","Avg Views","Avg Likes","Avg Comments","Avg Shares"
"<a href=""https://tiktok.com/@agrahamagraham"" target=""_blank"">@agrahamagraham</a>",25,15,55.91,0.908,2,33,0.008,1393.467,19.933,0,0.067
"<a href=""https://tiktok.com/@asdfcn7"" target=""_blank"">@asdfcn7</a>",18,11,48.769,1,2,26,0,2638.833,27.333,0.083,0
"<a href=""https://tiktok.com/@bakkkkk034"" target=""_blank"">@bakkkkk034</a>",30,3,88.75,1,1,8,0,0,0,0,0
"<a href=""https://tiktok.com/@burnellemma0607"" target=""_blank"">@burnellemma0607</a>",19,15,60.322,0.798,2,24,0,3015.581,61.613,0.194,0.323
"<a href=""https://tiktok.com/@bxdialq278"" target=""_blank"">@bxdialq278</a>",18,12,44.828,1,2,28,0,1674.25,15.833,0,0.083
"<a href=""https://tiktok.com/@cengcengbao6"" target=""_blank"">@cengcengbao6</a>",29,3,72,1,1,9,0,727.667,18.333,1.333,0
"<a href=""https://tiktok.com/@chg50699"" target=""_blank"">@chg50699</a>",8,3,28.333,1,1,9,0,400,9,0.333,0
"<a href=""https://tiktok.com/@dt6357"" target=""_blank"">@dt6357</a>",1,3,54,1,1,9,0,577.667,4,0,0
"<a href=""https://tiktok.com/@fygg56773"" target=""_blank"">@fygg56773</a>",4,9,37.744,0.958,3,28,0.001,5357.222,67,1,0.333
"<a href=""https://tiktok.com/@fyu4558"" target=""_blank"">@fyu4558</a>",5,3,48.167,0.8,2,18,0,401.667,6,0,0
"<a href=""https://tiktok.com/@gdyn8643"" target=""_blank"">@gdyn8643</a>",6,6,50.267,1,1,15,0,119.667,5.333,0,0
"<a href=""https://tiktok.com/@ghshfg"" target=""_blank"">@ghshfg</a>",16,15,48.333,0.944,1,24,0,5209.154,102.846,1.615,1
"<a href=""https://tiktok.com/@ghv4561"" target=""_blank"">@ghv4561</a>",4,4,47.386,0.938,2,19,0,457.5,8.667,0.167,0
"<a href=""https://tiktok.com/@gju7187"" target=""_blank"">@gju7187</a>",8,3,28.333,1,1,9,0,262,2,0,0
"<a href=""https://tiktok.com/@jennamillereh26e"" target=""_blank"">@jennamillereh26e</a>",19,11,47.389,0.889,2,19,0,2989.176,46.794,0.088,0.088
"<a href=""https://tiktok.com/@jftg54222"" target=""_blank"">@jftg54222</a>",6,6,50.267,1,1,15,0,873.5,21.5,0.333,0
"<a href=""https://tiktok.com/@jwtxosym"" target=""_blank"">@jwtxosym</a>",24,3,54.667,1,1,9,0,101.333,1.667,0,0
"<a href=""https://tiktok.com/@kxhlqola6a363c"" target=""_blank"">@kxhlqola6a363c</a>",19,14,60.933,0.909,2,25,0,4781.371,68.657,0.143,0.514
"<a href=""https://tiktok.com/@lhulwleu8532139"" target=""_blank"">@lhulwleu8532139</a>",25,3,33,0.714,1,9,0,3070.25,39.5,1,0.25
"<a href=""https://tiktok.com/@lmncudqa"" target=""_blank"">@lmncudqa</a>",12,3,56.333,1,1,9,0,297.333,1.333,0,0
"<a href=""https://tiktok.com/@lol.a684"" target=""_blank"">@lol.a684</a>",15,5,65.667,0.857,1,9,0,1903,63.667,1.833,0.167
"<a href=""https://tiktok.com/@lx00087"" target=""_blank"">@lx00087</a>",25,11,50.722,0.898,4,42,0.021,7358.455,84.273,0.545,0.182
"<a href=""https://tiktok.com/@lx2875"" target=""_blank"">@lx2875</a>",25,6,44.389,1,2,18,0.001,1030.333,4.667,0,0
"<a href=""https://tiktok.com/@lxboos91"" target=""_blank"">@lxboos91</a>",25,11,45.619,0.964,4,46,0.004,932.467,9.267,0,0
"<a href=""https://tiktok.com/@ni.an603"" target=""_blank"">@ni.an603</a>",28,6,20.364,1,1,11,0,1580.5,30.5,0.667,0.333
"<a href=""https://tiktok.com/@ni.an61"" target=""_blank"">@ni.an61</a>",28,5,20.364,1,1,11,0,1472,23.8,1.2,1.6
"<a href=""https://tiktok.com/@nuli66886"" target=""_blank"">@nuli66886</a>",3,3,48.375,1,1,8,0,514.667,6.667,0,0.333
"<a href=""https://tiktok.com/@opkvgpcq"" target=""_blank"">@opkvgpcq</a>",24,3,54.667,1,1,9,0,44027.333,219.667,2.667,0.667
"<a href=""https://tiktok.com/@oxzh.bsrm"" target=""_blank"">@oxzh.bsrm</a>",12,3,56.333,1,1,9,0,304.667,1.333,0,0
"<a href=""https://tiktok.com/@oyih.aisj"" target=""_blank"">@oyih.aisj</a>",23,5,52.455,1,1,11,0,1330.6,17.4,0.2,0
"<a href=""https://tiktok.com/@pofm.ldnx"" target=""_blank"">@pofm.ldnx</a>",16,18,48.333,0.944,1,24,0,5717.769,90.962,0.654,1.192
"<a href=""https://tiktok.com/@qqqcgjxvjvv"" target=""_blank"">@qqqcgjxvjvv</a>",14,3,45,1,1,8,0,724.667,11,0.333,0
"<a href=""https://tiktok.com/@qqrdfyghjj"" target=""_blank"">@qqrdfyghjj</a>",14,3,45,1,1,8,0,667,23,0,0
"<a href=""https://tiktok.com/@rmqoawmk"" target=""_blank"">@rmqoawmk</a>",30,3,88.75,1,1,8,0,0,0,0,0
"<a href=""https://tiktok.com/@ryuhg456"" target=""_blank"">@ryuhg456</a>",4,3,17.333,1,1,9,0,260.333,2.667,0,0.333
"<a href=""https://tiktok.com/@segh649"" target=""_blank"">@segh649</a>",27,8,35.875,1,1,8,0,511.5,6.125,0,0
"<a href=""https://tiktok.com/@sgga.dxre"" target=""_blank"">@sgga.dxre</a>",23,5,52.455,1,1,11,0,1215.333,21,0.333,0
"<a href=""https://tiktok.com/@success2025053"" target=""_blank"">@success2025053</a>",25,12,54.458,0.902,5,59,0.003,1010,9.333,0.583,0
"<a href=""https://tiktok.com/@success202518"" target=""_blank"">@success202518</a>",25,7,59.812,0.644,4,38,0.005,2053,21,1.7,0.2
"<a href=""https://tiktok.com/@tao32vv"" target=""_blank"">@tao32vv</a>",22,5,82.65,0.9,2,19,0.001,4593.9,77.6,1.6,1.2
"<a href=""https://tiktok.com/@tiantiankebao"" target=""_blank"">@tiantiankebao</a>",29,3,72,1,1,9,0,650.333,12.667,0.667,0.333
"<a href=""https://tiktok.com/@toot1550"" target=""_blank"">@toot1550</a>",22,3,54.222,1,3,27,0.001,2554.333,68.667,1.667,1
"<a href=""https://tiktok.com/@toot46795"" target=""_blank"">@toot46795</a>",21,3,37,1,1,9,0,3249.643,23.643,0,0.643
"<a href=""https://tiktok.com/@toot5744"" target=""_blank"">@toot5744</a>",22,3,27.5,0.9,2,18,0,5610.667,146.667,0.667,3
"<a href=""https://tiktok.com/@toot66364"" target=""_blank"">@toot66364</a>",22,3,25.833,0.9,2,18,0,3886.667,61,0.333,1
"<a href=""https://tiktok.com/@toot93743"" target=""_blank"">@toot93743</a>",22,5,101.3,0.8,1,10,0,2780.625,92.125,3.75,1
"<a href=""https://tiktok.com/@txzz106"" target=""_blank"">@txzz106</a>",2,3,36.889,1,1,9,0,730,6.667,0,0.333
"<a href=""https://tiktok.com/@txzz107"" target=""_blank"">@txzz107</a>",2,3,36.889,1,1,9,0,809.667,12.667,0,1.333
"<a href=""https://tiktok.com/@tyyy45664"" target=""_blank"">@tyyy45664</a>",4,3,46.062,1,2,16,0,424.667,10,0.333,0
"<a href=""https://tiktok.com/@user1306149320696"" target=""_blank"">@user1306149320696</a>",17,3,36.556,1,1,9,0,395.667,10.667,0,0
"<a href=""https://tiktok.com/@user17506578007858"" target=""_blank"">@user17506578007858</a>",25,17,51.117,1,3,38,0,779.167,7.667,0.056,0.056
"<a href=""https://tiktok.com/@user2275617480673"" target=""_blank"">@user2275617480673</a>",7,3,20.944,1,2,18,0,447,10,0,0.333
"<a href=""https://tiktok.com/@user29165856225687"" target=""_blank"">@user29165856225687</a>",1,3,54,1,1,9,0,596.333,2.333,0,0
"<a href=""https://tiktok.com/@user2998116161537"" target=""_blank"">@user2998116161537</a>",25,6,48.671,0.901,4,56,0,893.833,7,0,0
"<a href=""https://tiktok.com/@user3118613420086"" target=""_blank"">@user3118613420086</a>",13,3,42.926,1,3,27,0,2112,26,0,0.333
"<a href=""https://tiktok.com/@user32972234344266"" target=""_blank"">@user32972234344266</a>",13,3,42.778,1,3,27,0,2473.667,25.667,0,0
"<a href=""https://tiktok.com/@user3324506251847"" target=""_blank"">@user3324506251847</a>",15,6,65.667,0.857,1,9,0,1401.167,53.333,0.333,0.167
"<a href=""https://tiktok.com/@user3563983797874"" target=""_blank"">@user3563983797874</a>",9,3,39.722,1,2,18,0,3975,117.667,2.667,23
"<a href=""https://tiktok.com/@user36733816911600"" target=""_blank"">@user36733816911600</a>",3,3,48.375,1,1,8,0,484,5,0,0
"<a href=""https://tiktok.com/@user38207352778025"" target=""_blank"">@user38207352778025</a>",27,8,35.875,1,1,8,0,853.75,4.5,0,0
"<a href=""https://tiktok.com/@user40076607808064"" target=""_blank"">@user40076607808064</a>",7,3,21.167,1,2,18,0,387.333,7.667,0,0
"<a href=""https://tiktok.com/@user4036157695732"" target=""_blank"">@user4036157695732</a>",9,3,38.111,1,2,18,0,868.333,21.667,0.333,0.333
"<a href=""https://tiktok.com/@user5128147731257"" target=""_blank"">@user5128147731257</a>",10,3,65,1,1,9,0,322.333,16.333,0,0
"<a href=""https://tiktok.com/@user5443937835476"" target=""_blank"">@user5443937835476</a>",10,3,51.667,1,1,9,0,574.333,25.333,0,0
"<a href=""https://tiktok.com/@user6296383615550"" target=""_blank"">@user6296383615550</a>",21,4,37,1,1,9,0,1073.2,13.4,0.4,0.4
"<a href=""https://tiktok.com/@user6873171003029"" target=""_blank"">@user6873171003029</a>",5,3,55.111,0.8,1,9,0,338,8.333,0.333,0
"<a href=""https://tiktok.com/@user7261358565173"" target=""_blank"">@user7261358565173</a>",17,3,36.556,1,1,9,0,2182.667,36.333,0.333,0
"<a href=""https://tiktok.com/@user7616603763617"" target=""_blank"">@user7616603763617</a>",25,15,44.021,0.828,2,33,0.004,1402.167,10.667,0.056,0.056
"<a href=""https://tiktok.com/@user7634128230200"" target=""_blank"">@user7634128230200</a>",11,3,18.222,1,1,9,0,7.667,0.333,0,0
"<a href=""https://tiktok.com/@user7852590036107"" target=""_blank"">@user7852590036107</a>",7,3,21.222,1,2,18,0,479,14.333,0.667,1.333
"<a href=""https://tiktok.com/@user8197953163977"" target=""_blank"">@user8197953163977</a>",11,3,18.222,1,1,9,0,937.667,19.667,0,0
"<a href=""https://tiktok.com/@user84815793672655"" target=""_blank"">@user84815793672655</a>",9,3,38.833,1,2,18,0,1128.333,38.333,0.333,2.667
"<a href=""https://tiktok.com/@user8632343249071"" target=""_blank"">@user8632343249071</a>",25,18,48.214,0.848,5,86,0.02,1544.722,19.556,0.111,0.5
"<a href=""https://tiktok.com/@user9358482034582"" target=""_blank"">@user9358482034582</a>",13,3,43.148,1,3,27,0,1330.667,23.333,0,2.333
"<a href=""https://tiktok.com/@user94440063830232"" target=""_blank"">@user94440063830232</a>",13,3,42.63,1,3,27,0,1004.667,14.667,0,0.333
"<a href=""https://tiktok.com/@victory202525"" target=""_blank"">@victory202525</a>",25,12,53.994,0.928,3,50,0,1645.083,10,0.167,0.083
"<a href=""https://tiktok.com/@victory202543"" target=""_blank"">@victory202543</a>",25,5,52.5,0.6,1,8,0,954.167,5.833,0,0.167
"<a href=""https://tiktok.com/@wsw0918"" target=""_blank"">@wsw0918</a>",26,8,51.545,1,1,11,0,37752.176,308.765,3.853,2.735
"<a href=""https://tiktok.com/@wswusa0423"" target=""_blank"">@wswusa0423</a>",26,7,51.545,1,1,11,0,6648.583,126.167,1,0.75
"<a href=""https://tiktok.com/@xgfkaoq888"" target=""_blank"">@xgfkaoq888</a>",18,11,51.674,1,2,28,0,1447.583,10.5,0,0
"<a href=""https://tiktok.com/@xin202410005"" target=""_blank"">@xin202410005</a>",25,3,50,1,2,16,0.005,357.667,3.333,0.333,0
"<a href=""https://tiktok.com/@xin20241035"" target=""_blank"">@xin20241035</a>",25,9,44.2,0.893,4,38,0.004,5803.917,35.833,0.917,0.667
"<a href=""https://tiktok.com/@xin20241036"" target=""_blank"">@xin20241036</a>",25,13,47.183,0.87,5,61,0.011,1852.308,22.769,0.077,0.615
"<a href=""https://tiktok.com/@xin20241105"" target=""_blank"">@xin20241105</a>",25,15,47.197,0.899,4,69,0,1582.867,22.333,0.4,0.267
"<a href=""https://tiktok.com/@xin20241106"" target=""_blank"">@xin20241106</a>",25,8,47.135,0.888,4,56,0,2914.125,34.625,0.125,0.5
"<a href=""https://tiktok.com/@xin20241107"" target=""_blank"">@xin20241107</a>",25,12,51.156,0.851,5,58,0.011,1453.583,12.667,0.25,0.083
"<a href=""https://tiktok.com/@yuui56788"" target=""_blank"">@yuui56788</a>",5,3,41.222,0.8,1,9,0,420.333,16.333,0,0
"<a href=""https://tiktok.com/@yy12197"" target=""_blank"">@yy12197</a>",20,2,68.167,1,1,12,0,34183.333,385,7.667,6.667
"<a href=""https://tiktok.com/@yy12y6"" target=""_blank"">@yy12y6</a>",20,2,68.167,1,1,12,0,326825.5,7448.75,9,124.5
"<a href=""https://tiktok.com/@yyyjymfinju"" target=""_blank"">@yyyjymfinju</a>",10,3,58.333,1,2,18,0,344,5.333,0,0
