"Account","Network","Unique Shares","Avg Time Between Shares (sec)","Edge Symmetry Score","Degree","Strength","Betweenness","Avg Views","Avg Likes","Avg Comments","Avg Shares"
"<a href=""https://tiktok.com/@user15059932353996"" target=""_blank"">@user15059932353996</a>",2,9,58.571,0.917,2,42,0.061,873.889,38.667,0,2.556
"<a href=""https://tiktok.com/@user1655672923020"" target=""_blank"">@user1655672923020</a>",1,18,62.496,0.88,4,102,0,1191.556,25.333,0.222,0.056
"<a href=""https://tiktok.com/@user30151614570437"" target=""_blank"">@user30151614570437</a>",2,17,67.074,0.9,2,63,0,2421.611,46.667,0.5,2.889
"<a href=""https://tiktok.com/@user3616273133524"" target=""_blank"">@user3616273133524</a>",2,25,63.57,0.844,3,89,0.091,982.667,26.03,0.121,1.515
"<a href=""https://tiktok.com/@user3840831842583"" target=""_blank"">@user3840831842583</a>",1,18,65.728,0.937,4,140,0,1838.111,34.5,0.111,0.556
"<a href=""https://tiktok.com/@user4967199663697"" target=""_blank"">@user4967199663697</a>",1,15,73.398,0.892,2,59,0,951.353,13.941,0,0.059
"<a href=""https://tiktok.com/@user5099118408673"" target=""_blank"">@user5099118408673</a>",2,8,54.667,1,1,21,0,936.875,23.375,0.125,0.375
"<a href=""https://tiktok.com/@user710495138178"" target=""_blank"">@user710495138178</a>",1,18,64.449,0.909,6,161,0.076,2068.111,22.278,0.111,0.389
"<a href=""https://tiktok.com/@user7406160207374"" target=""_blank"">@user7406160207374</a>",1,18,63.162,0.885,5,151,0,1041.444,26.778,0.111,0.333
"<a href=""https://tiktok.com/@user75291696174110"" target=""_blank"">@user75291696174110</a>",1,18,70.345,0.84,5,148,0,1249.895,20.474,0,0.158
"<a href=""https://tiktok.com/@user8600005759563"" target=""_blank"">@user8600005759563</a>",2,30,68.899,0.885,3,105,0.061,594.485,23.061,0.091,0.515
"<a href=""https://tiktok.com/@user87304845050708"" target=""_blank"">@user87304845050708</a>",1,17,62.289,0.86,6,177,0,633.353,9.529,0.059,0.059
"<a href=""https://tiktok.com/@user94751766994351"" target=""_blank"">@user94751766994351</a>",2,10,72.875,0.889,1,24,0,723.091,19.273,0.182,0.545
