"Account","Network","Unique Shares","Avg Time Between Shares (sec)","Edge Symmetry Score","Degree","Strength","Betweenness","Avg Views","Avg Likes","Avg Comments","Avg Shares"
"<a href=""https://tiktok.com/@aartyu45"" target=""_blank"">@aartyu45</a>",28,6,56.882,0.8,1,17,0,2644,27,0.667,0.667
"<a href=""https://tiktok.com/@adgkkpbqy5"" target=""_blank"">@adgkkpbqy5</a>",16,6,57.165,1,2,30,0,3339.833,157.667,8.167,7.667
"<a href=""https://tiktok.com/@aedjffifuf"" target=""_blank"">@aedjffifuf</a>",30,8,55.615,0.9,1,13,0,283.125,7.75,0,0
"<a href=""https://tiktok.com/@aedpu"" target=""_blank"">@aedpu</a>",30,7,55.615,0.9,1,13,0,889.143,60.714,0.286,1.429
"<a href=""https://tiktok.com/@aeroplane_girl0"" target=""_blank"">@aeroplane_girl0</a>",2,7,107.727,1,1,11,0,219.333,18.25,3.042,1.542
"<a href=""https://tiktok.com/@airplandriver120"" target=""_blank"">@airplandriver120</a>",2,9,107.727,1,1,11,0,7236.7,362.267,24.7,7.433
"<a href=""https://tiktok.com/@ale747743"" target=""_blank"">@ale747743</a>",25,11,40.133,0.991,6,119,0,997.182,11.909,0,0.091
"<a href=""https://tiktok.com/@ali186299"" target=""_blank"">@ali186299</a>",25,11,40.938,1,5,110,0,1760.909,16.455,0.273,0.273
"<a href=""https://tiktok.com/@aliae099"" target=""_blank"">@aliae099</a>",28,6,56.882,0.8,1,17,0,1618,21,0.167,0.167
"<a href=""https://tiktok.com/@alijw22"" target=""_blank"">@alijw22</a>",17,6,64.667,0.938,2,25,0,430.667,5,0,0
"<a href=""https://tiktok.com/@amazing_girl_101"" target=""_blank"">@amazing_girl_101</a>",13,8,93.01,0.757,2,31,0,125.304,14.13,2.087,0
"<a href=""https://tiktok.com/@amazing_video112"" target=""_blank"">@amazing_video112</a>",3,7,47.4,0.8,1,10,0,3490.969,69.656,1.812,0.281
"<a href=""https://tiktok.com/@asxascvfbfg.gtrht"" target=""_blank"">@asxascvfbfg.gtrht</a>",17,4,69.4,0.8,1,10,0,329.5,3.5,0,0
"<a href=""https://tiktok.com/@avafind2"" target=""_blank"">@avafind2</a>",24,11,9.182,1,1,11,0,615,1.048,0,0.048
"<a href=""https://tiktok.com/@bitg57u7k7"" target=""_blank"">@bitg57u7k7</a>",16,6,53.905,0.944,2,26,0,561.5,16.667,0.833,0
"<a href=""https://tiktok.com/@bryce.holloway"" target=""_blank"">@bryce.holloway</a>",19,7,75.692,0.875,1,13,0,382.556,9.111,0.111,0
"<a href=""https://tiktok.com/@bunnyprime030"" target=""_blank"">@bunnyprime030</a>",26,12,76.222,1,1,27,0,1426.917,15.583,0,0.083
"<a href=""https://tiktok.com/@butgg.butt"" target=""_blank"">@butgg.butt</a>",25,14,43.655,0.991,6,153,0,3446.071,33.643,0.143,0.214
"<a href=""https://tiktok.com/@china_deriver_109"" target=""_blank"">@china_deriver_109</a>",13,9,97.725,0.817,2,30,0,363.409,49.773,4.409,0.545
"<a href=""https://tiktok.com/@china_deriver_15"" target=""_blank"">@china_deriver_15</a>",13,12,91.045,0.649,3,56,0,517.5,66.15,4.65,0.3
"<a href=""https://tiktok.com/@china_deriver_7"" target=""_blank"">@china_deriver_7</a>",14,7,79.1,0.571,1,10,0,1025.5,72,5.056,0.778
"<a href=""https://tiktok.com/@china_deriver_8"" target=""_blank"">@china_deriver_8</a>",14,5,79.1,0.571,1,10,0,271.684,28.842,2.263,0.053
"<a href=""https://tiktok.com/@coco_video10"" target=""_blank"">@coco_video10</a>",13,8,92.467,0.4,1,15,0,414.68,68.56,9.16,0.96
"<a href=""https://tiktok.com/@cutebaby_driver120"" target=""_blank"">@cutebaby_driver120</a>",1,9,86.8,1,1,10,0,156.375,16.667,2.583,3.042
"<a href=""https://tiktok.com/@cy.txcy"" target=""_blank"">@cy.txcy</a>",27,7,69.944,0.778,1,18,0,600.8,4.5,0.1,0
"<a href=""https://tiktok.com/@dadfi54"" target=""_blank"">@dadfi54</a>",8,6,65.7,0.857,1,10,0,290.5,15.833,0.167,0.833
"<a href=""https://tiktok.com/@dc6248"" target=""_blank"">@dc6248</a>",7,6,65,1,1,12,0,297.667,2.833,1.333,0
"<a href=""https://tiktok.com/@dgyusdz"" target=""_blank"">@dgyusdz</a>",18,9,82.492,0.804,2,23,0,278.333,6.778,0,0.111
"<a href=""https://tiktok.com/@didjxyh"" target=""_blank"">@didjxyh</a>",22,14,52.163,0.897,2,31,0,1441.357,29.857,3.214,0.357
"<a href=""https://tiktok.com/@djgdthh"" target=""_blank"">@djgdthh</a>",22,14,48.77,0.911,4,53,0.001,10502.4,97.8,4.933,1.867
"<a href=""https://tiktok.com/@dncss21"" target=""_blank"">@dncss21</a>",5,15,57.44,0.912,9,204,0,238.333,7.533,0,0.133
"<a href=""https://tiktok.com/@duxqifrnrnw"" target=""_blank"">@duxqifrnrnw</a>",25,9,42.5,1,6,118,0,2948.889,37.556,0.222,0.333
"<a href=""https://tiktok.com/@elenafind"" target=""_blank"">@elenafind</a>",23,23,20.783,1,1,23,0,655.222,2.407,0,0.185
"<a href=""https://tiktok.com/@eschh23"" target=""_blank"">@eschh23</a>",11,6,47.214,0.952,9,93,0.001,165.833,4.333,0.333,0
"<a href=""https://tiktok.com/@fbgds685"" target=""_blank"">@fbgds685</a>",12,6,46.5,0.75,1,10,0,178.667,6.167,0.167,0
"<a href=""https://tiktok.com/@fdchj53"" target=""_blank"">@fdchj53</a>",11,6,55.392,0.946,10,112,0.001,162.667,3,0,0
"<a href=""https://tiktok.com/@fhds566"" target=""_blank"">@fhds566</a>",11,9,51.213,0.906,9,115,0,201.778,5.222,0,0
"<a href=""https://tiktok.com/@fidgyf88"" target=""_blank"">@fidgyf88</a>",22,6,38.833,0.875,1,12,0,847.833,15.5,2,0.5
"<a href=""https://tiktok.com/@fmvxs3"" target=""_blank"">@fmvxs3</a>",5,12,53.168,0.906,9,207,0,130.333,2.75,0,0
"<a href=""https://tiktok.com/@frdhj02"" target=""_blank"">@frdhj02</a>",11,6,54.782,0.921,8,94,0,179,3.333,0,0
"<a href=""https://tiktok.com/@fsdggh6"" target=""_blank"">@fsdggh6</a>",4,6,56,0.833,1,10,0,190.333,5,0.333,0.167
"<a href=""https://tiktok.com/@fsxgh2"" target=""_blank"">@fsxgh2</a>",11,6,46.694,0.952,9,93,0.001,156,2.833,0.167,0.833
"<a href=""https://tiktok.com/@gdach80"" target=""_blank"">@gdach80</a>",5,6,67.833,0.875,1,12,0,137,2.833,0,0.167
"<a href=""https://tiktok.com/@gdgh760"" target=""_blank"">@gdgh760</a>",11,9,53.845,0.894,11,137,0.001,96.778,0.778,0,0
"<a href=""https://tiktok.com/@gdgjj633"" target=""_blank"">@gdgjj633</a>",5,15,50.776,0.933,10,270,0,3441.533,20.467,0.533,0.267
"<a href=""https://tiktok.com/@gdxgj96"" target=""_blank"">@gdxgj96</a>",12,5,46.5,0.75,1,10,0,264.2,12.4,0,0
"<a href=""https://tiktok.com/@gew8218"" target=""_blank"">@gew8218</a>",21,9,44.917,0.889,1,12,0,8512.889,115.333,2.222,2.444
"<a href=""https://tiktok.com/@gnfs65"" target=""_blank"">@gnfs65</a>",5,15,63.974,0.914,9,184,0.001,362.933,16.333,0.533,0.2
"<a href=""https://tiktok.com/@gpujnl"" target=""_blank"">@gpujnl</a>",31,8,65.538,0.75,1,13,0,952.875,49.125,1.5,4.125
"<a href=""https://tiktok.com/@grace.sullivan864"" target=""_blank"">@grace.sullivan864</a>",19,9,75.692,0.875,1,13,0,1805.667,27.556,0.111,0.111
"<a href=""https://tiktok.com/@grdgh91"" target=""_blank"">@grdgh91</a>",9,6,44.736,0.857,2,21,0,325.667,9.5,0,0.167
"<a href=""https://tiktok.com/@grsdhj91"" target=""_blank"">@grsdhj91</a>",8,6,65.7,0.857,1,10,0,295.833,14,0,0
"<a href=""https://tiktok.com/@gsxgh10"" target=""_blank"">@gsxgh10</a>",5,15,54.602,0.918,10,242,0.002,208.867,8.4,0,0
"<a href=""https://tiktok.com/@haeuserlegato"" target=""_blank"">@haeuserlegato</a>",17,6,64.067,0.838,2,25,0,3503.833,39.667,0.833,0.833
"<a href=""https://tiktok.com/@hddgh2868"" target=""_blank"">@hddgh2868</a>",9,6,58.5,0.845,2,20,0,384,19.5,0,0
"<a href=""https://tiktok.com/@hddgi70"" target=""_blank"">@hddgi70</a>",4,3,56,0.833,1,10,0,116,1.667,0,0
"<a href=""https://tiktok.com/@hddgk68"" target=""_blank"">@hddgk68</a>",10,6,51,0.857,1,11,0,500.833,20.333,3.167,0.667
"<a href=""https://tiktok.com/@hdfhj87"" target=""_blank"">@hdfhj87</a>",5,14,65.611,0.904,7,148,0,223.267,10,0,0.133
"<a href=""https://tiktok.com/@hiskr5"" target=""_blank"">@hiskr5</a>",26,9,76.222,1,1,27,0,34626.222,293.444,2.333,4.667
"<a href=""https://tiktok.com/@hjcaa1"" target=""_blank"">@hjcaa1</a>",5,15,58.934,0.874,10,197,0,122,3.133,0.2,0
"<a href=""https://tiktok.com/@hjfd7296"" target=""_blank"">@hjfd7296</a>",11,6,50.414,0.947,10,110,0,96,0,0,0
"<a href=""https://tiktok.com/@hrsgj53"" target=""_blank"">@hrsgj53</a>",5,15,58.674,0.928,10,225,0,152.533,5.067,0.133,0.133
"<a href=""https://tiktok.com/@hyhgghf"" target=""_blank"">@hyhgghf</a>",29,6,70.688,0.8,1,16,0,708.833,38,0.167,0
"<a href=""https://tiktok.com/@jdsgj5"" target=""_blank"">@jdsgj5</a>",11,9,55.334,0.88,12,149,0,279.222,6.778,0.222,0
"<a href=""https://tiktok.com/@jkdee4"" target=""_blank"">@jkdee4</a>",11,6,52.09,0.938,11,125,0.001,109.833,0.333,0,0
"<a href=""https://tiktok.com/@lkaer88888"" target=""_blank"">@lkaer88888</a>",22,14,41.538,1,1,13,0,1503.8,34.2,1.6,0.267
"<a href=""https://tiktok.com/@lliuyyyt"" target=""_blank"">@lliuyyyt</a>",21,9,44.917,0.889,1,12,0,9065.556,126.444,1.556,2
"<a href=""https://tiktok.com/@lovely_babo120"" target=""_blank"">@lovely_babo120</a>",1,14,56.192,0.727,1,26,0,11004.433,623.233,48.9,16.533
"<a href=""https://tiktok.com/@lovelydriver51"" target=""_blank"">@lovelydriver51</a>",1,6,71.496,0.864,2,36,0,1494.5,140.045,9.091,1.409
"<a href=""https://tiktok.com/@main7257"" target=""_blank"">@main7257</a>",25,6,39.997,1,4,69,0,1676.667,21.5,0.167,0.333
"<a href=""https://tiktok.com/@olivia.ava.davis"" target=""_blank"">@olivia.ava.davis</a>",18,9,80.818,0.75,1,11,0,312.222,6.111,0.111,0.111
"<a href=""https://tiktok.com/@osudhddi"" target=""_blank"">@osudhddi</a>",22,13,60.392,0.845,2,27,0,949.538,29.308,4.077,0.077
"<a href=""https://tiktok.com/@otigvj"" target=""_blank"">@otigvj</a>",29,6,70.688,0.8,1,16,0,511.833,19.667,0,0.167
"<a href=""https://tiktok.com/@pokq1qe3w8"" target=""_blank"">@pokq1qe3w8</a>",15,4,63.154,1,1,13,0,1050.75,74.5,0.25,0.25
"<a href=""https://tiktok.com/@reddit_pax4"" target=""_blank"">@reddit_pax4</a>",31,6,65.538,0.75,1,13,0,498.333,26.167,0.667,0.5
"<a href=""https://tiktok.com/@reff.dgj"" target=""_blank"">@reff.dgj</a>",25,11,40.883,1,5,108,0,1708.909,14.455,0,0.273
"<a href=""https://tiktok.com/@rifds7"" target=""_blank"">@rifds7</a>",11,5,54.118,0.963,6,64,0,163.8,3.2,0,0
"<a href=""https://tiktok.com/@rschj1"" target=""_blank"">@rschj1</a>",5,14,58.447,0.883,10,252,0,258.786,16.929,0.214,0
"<a href=""https://tiktok.com/@syfss88"" target=""_blank"">@syfss88</a>",5,15,57.385,0.874,10,214,0,5883.8,73.667,0.067,3.467
"<a href=""https://tiktok.com/@tedgh65"" target=""_blank"">@tedgh65</a>",11,8,55.237,0.892,5,67,0,237,24.111,0,0.222
"<a href=""https://tiktok.com/@tertgedfsd.sdfdgd"" target=""_blank"">@tertgedfsd.sdfdgd</a>",20,9,78.167,0.667,1,12,0,2971,52.333,1.444,0.667
"<a href=""https://tiktok.com/@thi.my.pham38"" target=""_blank"">@thi.my.pham38</a>",18,9,84.167,0.857,1,12,0,31613.444,358.111,3,8.333
"<a href=""https://tiktok.com/@tptk02426yr"" target=""_blank"">@tptk02426yr</a>",23,23,20.783,1,1,23,0,964.696,2.174,0,0.087
"<a href=""https://tiktok.com/@ttukocqem3"" target=""_blank"">@ttukocqem3</a>",24,15,9.182,1,1,11,0,965.45,1.45,0,0
"<a href=""https://tiktok.com/@uffjk18"" target=""_blank"">@uffjk18</a>",5,15,65.863,0.899,9,201,0,129.467,2.6,0,0
"<a href=""https://tiktok.com/@user1027918261514"" target=""_blank"">@user1027918261514</a>",11,6,53.756,0.934,11,121,0.002,166.167,3.167,0,0
"<a href=""https://tiktok.com/@user2914131396623"" target=""_blank"">@user2914131396623</a>",11,6,70.86,0.879,2,24,0,173.5,5.167,0,0
"<a href=""https://tiktok.com/@user3362024453281"" target=""_blank"">@user3362024453281</a>",6,6,59.6,0.857,1,10,0,628.5,10.333,2.167,0
"<a href=""https://tiktok.com/@user5803829426762"" target=""_blank"">@user5803829426762</a>",10,6,60.955,0.929,2,22,0,547.5,27.667,0.833,0.5
"<a href=""https://tiktok.com/@user6760784573015"" target=""_blank"">@user6760784573015</a>",11,9,66.138,0.869,8,98,0.002,217.222,9,1.111,0
"<a href=""https://tiktok.com/@user7060880391090"" target=""_blank"">@user7060880391090</a>",6,6,59.6,0.857,1,10,0,660.333,11.833,1.833,0.167
"<a href=""https://tiktok.com/@user7853085361666"" target=""_blank"">@user7853085361666</a>",7,6,65,1,1,12,0,294,8,0,0
"<a href=""https://tiktok.com/@user8871951103931"" target=""_blank"">@user8871951103931</a>",11,5,53.8,1,3,30,0,140.8,3,0,0
"<a href=""https://tiktok.com/@usernamer0205"" target=""_blank"">@usernamer0205</a>",3,6,47.4,0.8,1,10,0,9052.5,561.033,31.933,9.267
"<a href=""https://tiktok.com/@wmofn8"" target=""_blank"">@wmofn8</a>",17,6,70.6,1,1,10,0,734.333,6.833,0,0
"<a href=""https://tiktok.com/@x88hrtxje1"" target=""_blank"">@x88hrtxje1</a>",15,4,63.154,1,1,13,0,1107,74.5,0.75,0.75
"<a href=""https://tiktok.com/@xdfgessw.zxf.dfsj"" target=""_blank"">@xdfgessw.zxf.dfsj</a>",20,9,78.167,0.667,1,12,0,47807.778,621.556,4,11.444
"<a href=""https://tiktok.com/@y.gh105"" target=""_blank"">@y.gh105</a>",27,9,69.944,0.778,1,18,0,7206.667,54.667,0,1.25
"<a href=""https://tiktok.com/@yesfg42"" target=""_blank"">@yesfg42</a>",9,6,48.036,0.845,2,21,0,235.667,10.167,0.667,0.167
"<a href=""https://tiktok.com/@yfivygnig6"" target=""_blank"">@yfivygnig6</a>",16,6,54.427,0.944,2,28,0,1437.667,80.333,0.833,0.333
"<a href=""https://tiktok.com/@yrfgj12"" target=""_blank"">@yrfgj12</a>",10,6,70.909,1,1,11,0,541,30.167,0,0.5
"<a href=""https://tiktok.com/@zrqfaxnbdlc"" target=""_blank"">@zrqfaxnbdlc</a>",25,9,40.526,1,6,121,0,2633.111,25.222,0.222,0.667
