"Network","Number of Accounts","Network Density","Network Diameter","Clustering Coefficient","Avg Views","Avg Likes","Avg Comments","Avg Shares","Member Accounts"
1,3,0.667,36,0,4825.855,291.816,22.75,7.895,"lovely_babo120, cutebaby_driver120, lovelydriver51"
2,2,1,11,0,4117.87,209.37,15.074,4.815,"airplandriver120, aeroplane_girl0"
3,2,1,10,0,6182.032,307.419,16.387,4.629,"amazing_video112, usernamer0205"
4,2,1,10,0,165.556,3.889,0.222,0.111,"fsdggh6, hddgi70"
5,12,0.788,48,0.91,1002.695,14.94,0.15,0.395,"dncss21, gsxgh10, gdach80, hdfhj87, hrsgj53, gdgjj633, hjcaa1, gnfs65, rschj1, syfss88, fmvxs3, uffjk18"
6,2,1,10,0,644.417,11.083,2,0.083,"user3362024453281, user7060880391090"
7,2,1,12,0,295.833,5.417,0.667,0,"dc6248, user7853085361666"
8,2,1,10,0,293.167,14.917,0.083,0.417,"dadfi54, grsdhj91"
9,3,1,11,1,315.111,13.056,0.222,0.111,"grdgh91, hddgh2868, yesfg42"
10,3,0.667,22,0,529.778,26.056,1.333,0.556,"user5803829426762, hddgk68, yrfgj12"
11,15,0.59,43,0.77,175.388,5.602,0.146,0.068,"tedgh65, user2914131396623, gdgh760, fhds566, rifds7, fsxgh2, jkdee4, eschh23, fdchj53, user6760784573015, frdhj02, jdsgj5, hjfd7296, user1027918261514, user8871951103931"
12,2,1,10,0,217.545,9,0.091,0,"gdxgj96, fbgds685"
13,4,0.667,36,0.6,351.044,49.522,5.189,0.467,"amazing_girl_101, china_deriver_109, china_deriver_15, coco_video10"
14,2,1,10,0,638.405,49.838,3.622,0.405,"china_deriver_8, china_deriver_7"
15,2,1,13,0,1078.875,74.5,0.5,0.5,"pokq1qe3w8, x88hrtxje1"
16,3,1,16,1,1779.667,84.889,3.278,2.667,"adgkkpbqy5, bitg57u7k7, yfivygnig6"
17,4,0.5,35,0,1333.227,14.682,0.227,0.227,"alijw22, asxascvfbfg.gtrht, haeuserlegato, wmofn8"
18,3,0.667,23,0,10734.667,123.667,1.037,2.852,"dgyusdz, olivia.ava.davis, thi.my.pham38"
19,2,1,13,0,1094.111,18.333,0.111,0.056,"grace.sullivan864, bryce.holloway"
20,2,1,12,0,25389.389,336.944,2.722,6.056,"tertgedfsd.sdfdgd, xdfgessw.zxf.dfsj"
21,2,1,12,0,8789.222,120.889,1.889,2.222,"gew8218, lliuyyyt"
22,5,0.5,29,0.375,3455.603,45.587,3.302,0.651,"lkaer88888, djgdthh, osudhddi, didjxyh, fidgyf88"
23,2,1,23,0,797.58,2.3,0,0.14,"elenafind, tptk02426yr"
24,2,1,11,0,785.951,1.244,0,0.024,"avafind2, ttukocqem3"
25,7,0.905,33,0.907,2220.845,23.042,0.141,0.296,"ali186299, butgg.butt, ale747743, duxqifrnrnw, reff.dgj, main7257, zrqfaxnbdlc"
26,2,1,27,0,15655.19,134.667,1,2.048,"bunnyprime030, hiskr5"
27,2,1,18,0,4204,31.864,0.045,0.682,"cy.txcy, y.gh105"
28,2,1,17,0,2131,24,0.417,0.417,"aliae099, aartyu45"
29,2,1,16,0,610.333,28.833,0.083,0.083,"hyhgghf, otigvj"
30,2,1,13,0,565.933,32.467,0.133,0.667,"aedjffifuf, aedpu"
31,2,1,13,0,758.071,39.286,1.143,2.571,"gpujnl, reddit_pax4"
