"Account","Network","Unique Shares","Avg Time Between Shares (sec)","Edge Symmetry Score","Degree","Strength","Betweenness","Avg Views","Avg Likes","Avg Comments","Avg Shares"
"<a href=""https://tiktok.com/@67037cd7"" target=""_blank"">@67037cd7</a>",15,6,30.889,1,1,18,0,649.833,5.833,0.333,0
"<a href=""https://tiktok.com/@antoniasamuel0115"" target=""_blank"">@antoniasamuel0115</a>",3,21,34.222,0.966,1,36,0,2508.857,65.524,0,0.19
"<a href=""https://tiktok.com/@bxvchc"" target=""_blank"">@bxvchc</a>",12,6,47.967,1,2,35,0,756.333,37.667,0,0
"<a href=""https://tiktok.com/@fanfanfan77776"" target=""_blank"">@fanfanfan77776</a>",9,6,28.583,1,2,36,0,335.167,5.833,0,0
"<a href=""https://tiktok.com/@ferdinandbecky1017"" target=""_blank"">@ferdinandbecky1017</a>",3,21,34.222,0.966,1,36,0,2075.19,46.095,0.048,0.381
"<a href=""https://tiktok.com/@fyi.dkdn"" target=""_blank"">@fyi.dkdn</a>",12,9,56.651,0.963,3,58,0.001,879.222,24.222,0,1
"<a href=""https://tiktok.com/@hdidnfnkd"" target=""_blank"">@hdidnfnkd</a>",12,6,58.833,1,2,36,0,1366.167,42.833,1.167,2
"<a href=""https://tiktok.com/@mjuggih654"" target=""_blank"">@mjuggih654</a>",14,8,0,0.889,1,18,0,3397.875,46.125,2,0.375
"<a href=""https://tiktok.com/@mkgy97t"" target=""_blank"">@mkgy97t</a>",14,9,0,0.889,1,18,0,4811,259.778,0.333,3.333
"<a href=""https://tiktok.com/@nabo4991"" target=""_blank"">@nabo4991</a>",8,12,28.114,0.947,2,62,0,852.083,17.583,0.083,0.75
"<a href=""https://tiktok.com/@nene37839"" target=""_blank"">@nene37839</a>",1,6,44.944,1,1,18,0,473.667,7.167,0,0
"<a href=""https://tiktok.com/@qisiniaaa"" target=""_blank"">@qisiniaaa</a>",9,11,30.947,0.958,2,38,0,302.091,6.182,0,0.182
"<a href=""https://tiktok.com/@user11504181329233"" target=""_blank"">@user11504181329233</a>",7,9,54.622,0.894,2,38,0,915.467,16.333,0.067,0.267
"<a href=""https://tiktok.com/@user1392538538860"" target=""_blank"">@user1392538538860</a>",4,15,31.028,1,2,36,0,2375.19,22.667,0.286,0.286
"<a href=""https://tiktok.com/@user15059932353996"" target=""_blank"">@user15059932353996</a>",13,15,61.011,0.871,3,74,0.001,852.133,37.8,0.067,1.867
"<a href=""https://tiktok.com/@user1655672923020"" target=""_blank"">@user1655672923020</a>",6,25,61.729,0.95,6,233,0,1107.815,24.556,0.185,0.074
"<a href=""https://tiktok.com/@user186815388315"" target=""_blank"">@user186815388315</a>",4,9,32.139,1,2,36,0,1007.733,12.267,0.267,0.133
"<a href=""https://tiktok.com/@user2145366260069"" target=""_blank"">@user2145366260069</a>",7,14,74.389,0.871,4,129,0.001,736.316,7.263,0.053,0
"<a href=""https://tiktok.com/@user2191900675606"" target=""_blank"">@user2191900675606</a>",7,15,73.123,0.934,4,124,0.001,858.2,16.4,0.067,0.067
"<a href=""https://tiktok.com/@user227042611142"" target=""_blank"">@user227042611142</a>",5,12,74.455,0.818,1,22,0,2615.25,30.583,0.167,0.417
"<a href=""https://tiktok.com/@user29329940836618"" target=""_blank"">@user29329940836618</a>",7,14,88.644,0.889,2,55,0,876.6,12.867,0,0.067
"<a href=""https://tiktok.com/@user30151614570437"" target=""_blank"">@user30151614570437</a>",13,9,54.389,0.844,2,42,0,889.556,27.111,0.111,0.889
"<a href=""https://tiktok.com/@user3616273133524"" target=""_blank"">@user3616273133524</a>",13,25,62.213,0.79,5,124,0.003,1012.5,35.533,0.133,1.6
"<a href=""https://tiktok.com/@user3840831842583"" target=""_blank"">@user3840831842583</a>",6,25,62.573,0.944,6,248,0,1489.815,27.222,0.407,0.333
"<a href=""https://tiktok.com/@user469251006613"" target=""_blank"">@user469251006613</a>",10,9,23.37,1,1,27,0,1012.667,16.111,0,0
"<a href=""https://tiktok.com/@user4870556904383"" target=""_blank"">@user4870556904383</a>",7,15,73.078,0.914,2,61,0,778.533,9.533,0.067,0
"<a href=""https://tiktok.com/@user4911953984822"" target=""_blank"">@user4911953984822</a>",15,6,57.722,1,1,18,0,780.167,8.833,0,0
"<a href=""https://tiktok.com/@user49141232079402"" target=""_blank"">@user49141232079402</a>",4,9,33.167,1,2,36,0,974,8.417,0.083,0.167
"<a href=""https://tiktok.com/@user4967199663697"" target=""_blank"">@user4967199663697</a>",6,24,60.798,0.959,6,207,0.001,3421.462,86.346,0.231,0.154
"<a href=""https://tiktok.com/@user5099118408673"" target=""_blank"">@user5099118408673</a>",13,12,56.965,0.876,2,49,0,861.857,26.286,0.071,0.214
"<a href=""https://tiktok.com/@user5561877326330"" target=""_blank"">@user5561877326330</a>",10,9,23.37,1,1,27,0,1463.667,18,0,0.083
"<a href=""https://tiktok.com/@user6169790814311"" target=""_blank"">@user6169790814311</a>",12,6,87.912,1,2,34,0,613.333,8,0.833,0.5
"<a href=""https://tiktok.com/@user6304840504157"" target=""_blank"">@user6304840504157</a>",12,18,53.607,0.981,6,112,0.007,829.524,17.762,0.048,1
"<a href=""https://tiktok.com/@user63137298611222"" target=""_blank"">@user63137298611222</a>",15,6,44.306,1,2,36,0.001,807.667,5.667,0,0.167
"<a href=""https://tiktok.com/@user7100365175214"" target=""_blank"">@user7100365175214</a>",11,16,53.223,0.956,3,100,0,846.438,10.812,0.062,0.938
"<a href=""https://tiktok.com/@user710495138178"" target=""_blank"">@user710495138178</a>",6,27,69.813,0.932,6,262,0,2127.852,25.704,0.815,0.259
"<a href=""https://tiktok.com/@user7406160207374"" target=""_blank"">@user7406160207374</a>",6,26,61.366,0.929,6,280,0,1066.385,32.038,0.154,0.231
"<a href=""https://tiktok.com/@user7412241516634"" target=""_blank"">@user7412241516634</a>",11,15,53.6,0.983,3,88,0,823,14.133,0.2,1.133
"<a href=""https://tiktok.com/@user75291696174110"" target=""_blank"">@user75291696174110</a>",6,25,66.803,0.892,6,221,0,1305.667,22.704,0.037,0.185
"<a href=""https://tiktok.com/@user7811092734566"" target=""_blank"">@user7811092734566</a>",9,10,34.086,0.958,2,38,0,492.833,10.167,0,0
"<a href=""https://tiktok.com/@user7910082192187"" target=""_blank"">@user7910082192187</a>",7,15,68.655,0.947,4,91,0.002,948.333,9.533,0,0
"<a href=""https://tiktok.com/@user80619153627443"" target=""_blank"">@user80619153627443</a>",1,6,44.944,1,1,18,0,650.167,5.667,0,0
"<a href=""https://tiktok.com/@user8347987166006"" target=""_blank"">@user8347987166006</a>",5,9,74.455,0.818,1,22,0,385.556,7.889,0,0.222
"<a href=""https://tiktok.com/@user8600005759563"" target=""_blank"">@user8600005759563</a>",13,27,64.768,0.844,4,117,0.001,676.067,26.533,0.067,0.7
"<a href=""https://tiktok.com/@user87304845050708"" target=""_blank"">@user87304845050708</a>",6,26,61.302,0.901,6,285,0,610.692,11.308,0.038,0.077
"<a href=""https://tiktok.com/@user90066693803731"" target=""_blank"">@user90066693803731</a>",11,18,56.096,0.986,3,105,0,688.556,13.222,0.278,0.722
"<a href=""https://tiktok.com/@user94751766994351"" target=""_blank"">@user94751766994351</a>",13,16,77.508,0.813,2,58,0,684,22.294,0.118,0.706
"<a href=""https://tiktok.com/@user9769656517691"" target=""_blank"">@user9769656517691</a>",12,6,51.77,1,3,53,0,951,27.5,0.167,4
"<a href=""https://tiktok.com/@weem026"" target=""_blank"">@weem026</a>",8,12,25.212,0.972,2,57,0,955.917,18.833,0,0.167
"<a href=""https://tiktok.com/@xinqi58"" target=""_blank"">@xinqi58</a>",8,12,21.188,0.975,2,61,0,861.167,19.333,0,0
"<a href=""https://tiktok.com/@xxiu4408"" target=""_blank"">@xxiu4408</a>",2,6,36.889,1,1,18,0,1092.333,28,0,0
"<a href=""https://tiktok.com/@yili68822"" target=""_blank"">@yili68822</a>",12,6,42.111,1,2,36,0,739.833,16.167,0,1.5
"<a href=""https://tiktok.com/@yim0828"" target=""_blank"">@yim0828</a>",2,6,36.889,1,1,18,0,642.333,13,0,0
"<a href=""https://tiktok.com/@yiyiyi824"" target=""_blank"">@yiyiyi824</a>",11,15,58.446,0.958,3,105,0,741.933,15.667,0.067,0.467
