"Account","Network","Unique Shares","Avg Time Between Shares (sec)","Edge Symmetry Score","Degree","Strength","Betweenness","Avg Views","Avg Likes","Avg Comments","Avg Shares"
"<a href=""https://tiktok.com/@1qwdjjd"" target=""_blank"">@1qwdjjd</a>",66,3,35.111,1,1,9,0,1052,38,0.333,0
"<a href=""https://tiktok.com/@1yrogls"" target=""_blank"">@1yrogls</a>",63,6,42.681,0.982,7,71,0,974.667,34,0.167,0
"<a href=""https://tiktok.com/@3mbfklb"" target=""_blank"">@3mbfklb</a>",68,6,56.7,0.875,1,10,0,1428.167,50.833,0.5,0
"<a href=""https://tiktok.com/@abdulrahmanahmaad7"" target=""_blank"">@abdulrahmanahmaad7</a>",51,6,43.556,0.875,1,9,0,24876.125,457.375,7.375,6.875
"<a href=""https://tiktok.com/@adhhrrt"" target=""_blank"">@adhhrrt</a>",21,7,51.833,1,2,18,0,842.857,19.714,0.143,0.143
"<a href=""https://tiktok.com/@aed0267"" target=""_blank"">@aed0267</a>",35,12,69.989,0.884,3,34,0,2154,87.5,0.25,0.5
"<a href=""https://tiktok.com/@aed2750"" target=""_blank"">@aed2750</a>",35,8,53.085,0.854,4,40,0,4280.375,54.5,0.875,0.625
"<a href=""https://tiktok.com/@aed7p4"" target=""_blank"">@aed7p4</a>",38,9,52,0.818,1,13,0,2639.222,92.556,1.889,0.333
"<a href=""https://tiktok.com/@aedgslpxjx"" target=""_blank"">@aedgslpxjx</a>",6,10,52.039,0.88,3,30,0,2088.2,49.3,0.2,2.5
"<a href=""https://tiktok.com/@aedhdici"" target=""_blank"">@aedhdici</a>",3,8,47.4,0.866,2,20,0,1907.556,64.778,2,0.778
"<a href=""https://tiktok.com/@aedyckctu"" target=""_blank"">@aedyckctu</a>",3,10,49.537,1,3,28,0,1489.4,75.9,0.2,0.5
"<a href=""https://tiktok.com/@ale2r35"" target=""_blank"">@ale2r35</a>",18,8,42.426,0.843,3,29,0,1429.375,39.375,0.625,1.5
"<a href=""https://tiktok.com/@aleaa0249"" target=""_blank"">@aleaa0249</a>",18,7,44.204,0.884,3,30,0,553.714,23.286,0,0
"<a href=""https://tiktok.com/@amazing_seeet120"" target=""_blank"">@amazing_seeet120</a>",72,5,91.444,0.833,1,18,0,160.75,9.15,0.8,0.5
"<a href=""https://tiktok.com/@amkgvx"" target=""_blank"">@amkgvx</a>",44,9,65.567,1,2,25,0,1761,31.333,4.333,0.556
"<a href=""https://tiktok.com/@arffug"" target=""_blank"">@arffug</a>",94,11,55.968,0.847,3,44,0,5843.273,222.455,0.909,7.636
"<a href=""https://tiktok.com/@aseng.haymong"" target=""_blank"">@aseng.haymong</a>",47,9,56.944,0.967,3,39,0,2722.333,122.333,2.111,1.222
"<a href=""https://tiktok.com/@avav11738"" target=""_blank"">@avav11738</a>",70,7,51.667,1,1,12,0,3823.556,69.556,0.667,3.667
"<a href=""https://tiktok.com/@avelina.asucen"" target=""_blank"">@avelina.asucen</a>",62,6,35.55,0.929,2,20,0,1832.333,89.167,1.5,0.833
"<a href=""https://tiktok.com/@ayden.riverad"" target=""_blank"">@ayden.riverad</a>",4,10,45.068,0.887,2,22,0,2576,167.2,2.7,1.9
"<a href=""https://tiktok.com/@babykmli0"" target=""_blank"">@babykmli0</a>",78,4,52.9,0.833,1,10,0,2.75,0,0,0
"<a href=""https://tiktok.com/@battl.kray"" target=""_blank"">@battl.kray</a>",36,9,53.194,0.918,7,98,0,13206.333,148.333,0.444,1.222
"<a href=""https://tiktok.com/@bbjqnch"" target=""_blank"">@bbjqnch</a>",43,8,43.578,0.831,3,28,0,3606.5,175.75,1.75,0.625
"<a href=""https://tiktok.com/@bdhjddbjrjej"" target=""_blank"">@bdhjddbjrjej</a>",82,12,65.206,1,5,50,0,644,4.25,0.167,1.583
"<a href=""https://tiktok.com/@be.jkigv"" target=""_blank"">@be.jkigv</a>",1,10,64.869,0.881,4,43,0,14608.8,451.1,6.2,1.9
"<a href=""https://tiktok.com/@beautifulgir482"" target=""_blank"">@beautifulgir482</a>",77,5,53.727,0.889,1,22,0,21.2,6.2,1.8,0
"<a href=""https://tiktok.com/@benedossie2"" target=""_blank"">@benedossie2</a>",36,13,53.934,0.904,7,128,0,3035.154,58.769,0.308,0.385
"<a href=""https://tiktok.com/@berez.paulo"" target=""_blank"">@berez.paulo</a>",15,6,48.427,0.944,2,21,0,1101.167,38.667,0.333,0
"<a href=""https://tiktok.com/@bfihc"" target=""_blank"">@bfihc</a>",3,9,47.222,1,1,9,0,1657.8,83.6,0.2,0.6
"<a href=""https://tiktok.com/@bipiqo"" target=""_blank"">@bipiqo</a>",94,12,72.815,1,7,114,0.001,1849.167,104.417,0.25,0.917
"<a href=""https://tiktok.com/@bixukf"" target=""_blank"">@bixukf</a>",69,6,17.8,0.857,1,10,0,1740,100.833,1,0.5
"<a href=""https://tiktok.com/@bkot6010"" target=""_blank"">@bkot6010</a>",53,9,64.25,0.917,2,21,0,917.444,28.333,0.333,1
"<a href=""https://tiktok.com/@bmc12655"" target=""_blank"">@bmc12655</a>",1,8,37.8,0.944,2,19,0,1923.667,131,0.667,1.444
"<a href=""https://tiktok.com/@bpgarp"" target=""_blank"">@bpgarp</a>",94,13,66.068,0.844,5,124,0,565.692,18.462,0,0.077
"<a href=""https://tiktok.com/@bsjj8797"" target=""_blank"">@bsjj8797</a>",8,12,47.792,0.968,5,91,0,789.75,27.75,0.25,0.167
"<a href=""https://tiktok.com/@bsyg2865"" target=""_blank"">@bsyg2865</a>",11,9,47.789,0.935,5,55,0,657.556,20,0.333,0.333
"<a href=""https://tiktok.com/@buslmigf7dn"" target=""_blank"">@buslmigf7dn</a>",18,8,49.617,0.826,2,22,0,2177.25,66.125,0.375,0.25
"<a href=""https://tiktok.com/@bvoo3130"" target=""_blank"">@bvoo3130</a>",52,12,74.028,0.931,4,102,0,2034.417,47.5,0.25,0.25
"<a href=""https://tiktok.com/@bxkke4723"" target=""_blank"">@bxkke4723</a>",67,6,45.104,0.906,5,65,0,2853.333,66.667,0.667,0.333
"<a href=""https://tiktok.com/@bxuzba"" target=""_blank"">@bxuzba</a>",62,6,41.583,0.875,1,12,0,370.5,14.5,0,0.167
"<a href=""https://tiktok.com/@cagnhd"" target=""_blank"">@cagnhd</a>",33,10,57.838,0.93,9,91,0,2093.3,103.8,2.1,0.6
"<a href=""https://tiktok.com/@cainima888"" target=""_blank"">@cainima888</a>",8,12,46.022,0.972,5,107,0,847.417,25.167,0.917,1.583
"<a href=""https://tiktok.com/@carbloggera"" target=""_blank"">@carbloggera</a>",8,13,45.928,0.977,5,114,0,694.385,27.538,0.154,0.462
"<a href=""https://tiktok.com/@carlos.alberto.al886"" target=""_blank"">@carlos.alberto.al886</a>",47,9,51.272,0.963,3,37,0,12043.889,214.111,3.333,2.444
"<a href=""https://tiktok.com/@cbjf05"" target=""_blank"">@cbjf05</a>",4,10,56.692,0.9,1,13,0,1890,65.3,1.2,0.6
"<a href=""https://tiktok.com/@ccvoyrnu"" target=""_blank"">@ccvoyrnu</a>",83,6,52.2,1,1,10,0,3520.5,25.667,0.167,7.5
"<a href=""https://tiktok.com/@cfdc18"" target=""_blank"">@cfdc18</a>",35,13,44.548,0.822,4,70,0,2883,84,0.571,1
"<a href=""https://tiktok.com/@chantalkusch"" target=""_blank"">@chantalkusch</a>",1,7,51.909,0.889,1,11,0,2069.5,141.875,1.125,0.375
"<a href=""https://tiktok.com/@china_deriver_60"" target=""_blank"">@china_deriver_60</a>",77,5,53.727,0.889,1,22,0,438.4,41,4.6,0.4
"<a href=""https://tiktok.com/@chummi_queen1"" target=""_blank"">@chummi_queen1</a>",71,9,90.235,0.817,2,23,0,1726.909,108.773,9.091,2.773
"<a href=""https://tiktok.com/@cihohsqwfi"" target=""_blank"">@cihohsqwfi</a>",24,8,51.603,0.929,2,26,0,741.25,21.375,0,0.125
"<a href=""https://tiktok.com/@ciojkb"" target=""_blank"">@ciojkb</a>",54,3,16.778,0.96,5,45,0,925.133,27.133,0,0.133
"<a href=""https://tiktok.com/@cjdjfcn"" target=""_blank"">@cjdjfcn</a>",62,8,36.494,0.911,3,32,0,1208.75,77.125,0.25,0.25
"<a href=""https://tiktok.com/@cjsllfd"" target=""_blank"">@cjsllfd</a>",25,6,52.318,0.944,2,20,0,861.833,30.667,0,0
"<a href=""https://tiktok.com/@cjur6297"" target=""_blank"">@cjur6297</a>",58,6,54.55,0.917,2,33,0,896.333,48.833,0.167,0.333
"<a href=""https://tiktok.com/@clirr5282"" target=""_blank"">@clirr5282</a>",56,8,50.254,1,3,36,0,861.75,84.75,0.625,0.5
"<a href=""https://tiktok.com/@cnatk3189"" target=""_blank"">@cnatk3189</a>",63,6,34.027,1,5,48,0,1368.667,69.667,0.333,0
"<a href=""https://tiktok.com/@coirf88774"" target=""_blank"">@coirf88774</a>",55,6,45.5,1,2,36,0,1090.778,94.778,0.444,1
"<a href=""https://tiktok.com/@courr1227"" target=""_blank"">@courr1227</a>",55,6,31.083,1,2,36,0,1210.222,44.889,0.444,0.556
"<a href=""https://tiktok.com/@cp.eagdu"" target=""_blank"">@cp.eagdu</a>",2,8,49.8,1,1,10,0,2478.25,129.75,0.5,1.25
"<a href=""https://tiktok.com/@crtyougo"" target=""_blank"">@crtyougo</a>",33,9,50.14,0.931,7,82,0,1375.667,80.111,1,0.111
"<a href=""https://tiktok.com/@cuong.trankk"" target=""_blank"">@cuong.trankk</a>",51,10,59.414,0.812,2,20,0,7465.7,124.5,2.3,3.2
"<a href=""https://tiktok.com/@cute_queen7102"" target=""_blank"">@cute_queen7102</a>",73,6,86.769,0.5,1,13,0,1047.167,89,9.167,1.333
"<a href=""https://tiktok.com/@cutedriver120"" target=""_blank"">@cutedriver120</a>",73,3,86.769,0.5,1,13,0,192.929,28.429,1.464,0.214
"<a href=""https://tiktok.com/@cutequeen_driver120"" target=""_blank"">@cutequeen_driver120</a>",71,9,95.409,0.702,2,22,0,456.659,42.488,3.756,0.829
"<a href=""https://tiktok.com/@cvjbvgujh"" target=""_blank"">@cvjbvgujh</a>",82,9,55.707,0.963,3,31,0,1997.222,16.889,0,2.444
"<a href=""https://tiktok.com/@cvljri"" target=""_blank"">@cvljri</a>",93,3,61.111,1,3,27,0,110,1.333,0,0
"<a href=""https://tiktok.com/@dayutoureddit"" target=""_blank"">@dayutoureddit</a>",80,6,38.778,1,1,9,0,1759.167,163.167,2,1.167
"<a href=""https://tiktok.com/@dddgggg63"" target=""_blank"">@dddgggg63</a>",50,8,55.085,0.852,3,31,0,2211.3,59.8,2.6,0.7
"<a href=""https://tiktok.com/@debran.oxonrp00"" target=""_blank"">@debran.oxonrp00</a>",38,9,52,0.818,1,13,0,3892.111,82.111,0.444,1.222
"<a href=""https://tiktok.com/@dell.oswink"" target=""_blank"">@dell.oswink</a>",42,9,52,0.75,1,10,0,4814.444,128.889,0.444,0.556
"<a href=""https://tiktok.com/@dghhg372"" target=""_blank"">@dghhg372</a>",87,6,74.889,1,1,9,0,11338.167,596.167,2,13.833
"<a href=""https://tiktok.com/@dhhi6645"" target=""_blank"">@dhhi6645</a>",57,7,50.346,0.829,3,55,0,1327.556,59.444,0.333,0.222
"<a href=""https://tiktok.com/@dhjwn82"" target=""_blank"">@dhjwn82</a>",51,6,75.273,0.75,1,11,0,10018,257.25,5.625,2.125
"<a href=""https://tiktok.com/@dijx3903"" target=""_blank"">@dijx3903</a>",52,12,69.484,0.812,4,88,0,1964.75,40.75,0.167,0.333
"<a href=""https://tiktok.com/@diusdn13"" target=""_blank"">@diusdn13</a>",59,10,26.306,0.929,2,19,0,1115.2,28.5,0.2,0.1
"<a href=""https://tiktok.com/@djm9r"" target=""_blank"">@djm9r</a>",29,7,54.556,1,1,9,0,938.714,57.571,1.571,1.429
"<a href=""https://tiktok.com/@djskgikeejk8"" target=""_blank"">@djskgikeejk8</a>",39,8,64.737,0.667,1,19,0,6114.071,177.214,2.714,42.643
"<a href=""https://tiktok.com/@drape.ivoe"" target=""_blank"">@drape.ivoe</a>",41,10,58.7,0.857,1,10,0,3925.5,161.9,1.2,1.4
"<a href=""https://tiktok.com/@drgd8391"" target=""_blank"">@drgd8391</a>",52,9,55.092,0.944,4,51,0,1548,60.167,0.417,1.417
"<a href=""https://tiktok.com/@dsnomp"" target=""_blank"">@dsnomp</a>",59,7,24.556,0.866,2,19,0,1021.75,36.25,0.75,0.5
"<a href=""https://tiktok.com/@dtbtcc8"" target=""_blank"">@dtbtcc8</a>",94,11,65.804,0.898,6,108,0,1924.182,82.636,0.364,0.818
"<a href=""https://tiktok.com/@dthh824"" target=""_blank"">@dthh824</a>",37,11,47.95,0.853,4,87,0,9616.667,146.167,1.917,4.75
"<a href=""https://tiktok.com/@dtkwod"" target=""_blank"">@dtkwod</a>",33,9,53.691,0.897,9,95,0,4165.778,165,1.889,1.444
"<a href=""https://tiktok.com/@dtxijq"" target=""_blank"">@dtxijq</a>",96,6,22.572,0.976,6,73,0,396,15,0.5,0.167
"<a href=""https://tiktok.com/@duuff30"" target=""_blank"">@duuff30</a>",63,6,37.88,0.975,5,49,0,1287.333,50.167,1.5,0.167
"<a href=""https://tiktok.com/@edchii0"" target=""_blank"">@edchii0</a>",82,11,65.789,1,2,19,0,184.417,1.833,0,1
"<a href=""https://tiktok.com/@eiej4325"" target=""_blank"">@eiej4325</a>",52,7,65.89,0.817,5,58,0,353.143,13,0.571,0.857
"<a href=""https://tiktok.com/@elvistrevelyan0204"" target=""_blank"">@elvistrevelyan0204</a>",27,6,68.5,1,1,12,0,1424,56.1,0.8,1.2
"<a href=""https://tiktok.com/@emory.drawehj"" target=""_blank"">@emory.drawehj</a>",45,7,55.889,0.875,1,9,0,1409,45.111,1.111,0.667
"<a href=""https://tiktok.com/@eqmhqf"" target=""_blank"">@eqmhqf</a>",94,11,72.605,0.88,7,99,0.001,1162.364,34.091,0.273,0.455
"<a href=""https://tiktok.com/@eqxela7"" target=""_blank"">@eqxela7</a>",96,5,19.778,1,5,53,0,798.8,27.4,1,0.4
"<a href=""https://tiktok.com/@evfdmzl"" target=""_blank"">@evfdmzl</a>",69,5,17.8,0.857,1,10,0,2518,181.6,0.4,0.4
"<a href=""https://tiktok.com/@eyidk5"" target=""_blank"">@eyidk5</a>",89,7,50.396,0.897,3,30,0,1035.143,78.143,1.571,0.571
"<a href=""https://tiktok.com/@fauy8466"" target=""_blank"">@fauy8466</a>",3,10,84.4,0.833,2,20,0,1556.9,83.7,0.4,0.7
"<a href=""https://tiktok.com/@fbnggg2"" target=""_blank"">@fbnggg2</a>",92,6,66.3,0.833,1,10,0,1464.667,98.833,1.333,0.5
"<a href=""https://tiktok.com/@fcjjv86"" target=""_blank"">@fcjjv86</a>",6,8,59.222,1,1,9,0,1488.444,84.556,0.222,0.556
"<a href=""https://tiktok.com/@fcvbvv57"" target=""_blank"">@fcvbvv57</a>",82,11,53.631,0.944,2,20,0,3317.167,36.333,1.083,15.833
"<a href=""https://tiktok.com/@fduic5"" target=""_blank"">@fduic5</a>",6,8,51.004,0.921,3,36,0,10047.4,125.2,4.9,1.2
"<a href=""https://tiktok.com/@fevkuiq"" target=""_blank"">@fevkuiq</a>",19,7,70.333,1,1,12,0,1342.857,35.857,0.286,0.286
"<a href=""https://tiktok.com/@fgijg467"" target=""_blank"">@fgijg467</a>",91,6,46.667,1,1,12,0,1176,77.167,1.667,1.167
"<a href=""https://tiktok.com/@fhda78402"" target=""_blank"">@fhda78402</a>",52,12,54.21,0.963,3,74,0,1086.25,66.667,0.583,0.333
"<a href=""https://tiktok.com/@fhdjfjfj8"" target=""_blank"">@fhdjfjfj8</a>",21,7,61.611,0.938,2,18,0,1733,50.429,0,0.429
"<a href=""https://tiktok.com/@fhkundshunk"" target=""_blank"">@fhkundshunk</a>",34,10,34.787,0.838,2,24,0,3508.2,6.4,0,0.1
"<a href=""https://tiktok.com/@fhuc22"" target=""_blank"">@fhuc22</a>",10,10,43.204,0.917,3,56,0,1038.5,27.7,0.7,1
"<a href=""https://tiktok.com/@fhvf210"" target=""_blank"">@fhvf210</a>",16,9,31.964,0.881,4,58,0,1078.222,43.667,1.778,3.778
"<a href=""https://tiktok.com/@fhxk1941"" target=""_blank"">@fhxk1941</a>",53,5,59.067,0.833,1,15,0,1266.083,79.917,0.417,1.667
"<a href=""https://tiktok.com/@fiir2712"" target=""_blank"">@fiir2712</a>",58,6,56.833,0.889,3,48,0,242.5,12.167,0,0.167
"<a href=""https://tiktok.com/@fijglhhj"" target=""_blank"">@fijglhhj</a>",21,8,53.198,0.921,3,30,0,501.5,16.5,0.125,0
"<a href=""https://tiktok.com/@fjcjbho58"" target=""_blank"">@fjcjbho58</a>",67,7,41.857,1,1,14,0,1418.143,37.571,0.286,0
"<a href=""https://tiktok.com/@fjjgdvx"" target=""_blank"">@fjjgdvx</a>",32,10,57.8,0.857,1,10,0,15644.5,385.9,6,17
"<a href=""https://tiktok.com/@fjyukfjjf"" target=""_blank"">@fjyukfjjf</a>",31,7,47.333,0.875,1,9,0,823.286,90,1,0.857
"<a href=""https://tiktok.com/@fkir2290"" target=""_blank"">@fkir2290</a>",58,5,66.867,0.833,1,15,0,610.2,66.8,0.4,0.2
"<a href=""https://tiktok.com/@fnnf8890"" target=""_blank"">@fnnf8890</a>",56,5,34.769,1,1,13,0,1338.286,83.571,0,1.714
"<a href=""https://tiktok.com/@frd7456"" target=""_blank"">@frd7456</a>",25,6,54.227,1,2,22,0,844.833,22,0,0
"<a href=""https://tiktok.com/@fughf21"" target=""_blank"">@fughf21</a>",1,9,57.227,0.944,4,44,0,2026.778,132.556,3.556,1.222
"<a href=""https://tiktok.com/@fulknm"" target=""_blank"">@fulknm</a>",86,6,48.667,1,1,12,0,1338.833,50.667,2.333,2.333
"<a href=""https://tiktok.com/@g.in.cgn"" target=""_blank"">@g.in.cgn</a>",62,6,35.8,1,1,10,0,1067.167,70.5,0.333,1.333
"<a href=""https://tiktok.com/@gckcj4"" target=""_blank"">@gckcj4</a>",3,10,51.95,0.923,4,40,0,2170.6,77.5,0.2,1
"<a href=""https://tiktok.com/@gclqse"" target=""_blank"">@gclqse</a>",94,6,67.4,0.833,1,15,0,574.167,21.25,0,0.083
"<a href=""https://tiktok.com/@gdjdi63"" target=""_blank"">@gdjdi63</a>",89,5,61.519,1,3,27,0,1245.8,42.8,0.8,0.2
"<a href=""https://tiktok.com/@geievertu8"" target=""_blank"">@geievertu8</a>",29,8,54.556,1,1,9,0,727.125,37.625,0.5,0.5
"<a href=""https://tiktok.com/@gfg6705"" target=""_blank"">@gfg6705</a>",16,6,38.53,0.916,4,51,0,1070.333,28.667,1.5,1
"<a href=""https://tiktok.com/@ggg.hgfc"" target=""_blank"">@ggg.hgfc</a>",5,9,49.633,0.944,2,19,0,19548.9,391.8,2.1,4.1
"<a href=""https://tiktok.com/@ggih3179"" target=""_blank"">@ggih3179</a>",11,12,50.125,0.922,5,75,0,656.25,23.417,0.083,0.417
"<a href=""https://tiktok.com/@gheoe8"" target=""_blank"">@gheoe8</a>",85,6,45.667,1,2,24,0,9677.333,531.167,7.167,23.333
"<a href=""https://tiktok.com/@ghhj8554"" target=""_blank"">@ghhj8554</a>",52,12,71.921,0.889,4,70,0,2988.583,57.583,0.167,0.75
"<a href=""https://tiktok.com/@gigigjj"" target=""_blank"">@gigigjj</a>",24,7,52.803,0.929,2,23,0,738.571,24.143,0,0.429
"<a href=""https://tiktok.com/@giopgfv"" target=""_blank"">@giopgfv</a>",21,8,58.458,0.938,2,21,0,312.125,5.625,0,0.375
"<a href=""https://tiktok.com/@givi0331"" target=""_blank"">@givi0331</a>",53,8,58.944,1,3,30,0,421.364,14.364,0.091,0.182
"<a href=""https://tiktok.com/@gjbgikh"" target=""_blank"">@gjbgikh</a>",27,6,68.5,1,1,12,0,1232.6,70.1,3.5,3.2
"<a href=""https://tiktok.com/@gjguq6894"" target=""_blank"">@gjguq6894</a>",56,9,55.033,0.944,3,34,0,6035.778,123,0.889,3.778
"<a href=""https://tiktok.com/@gjhg8047"" target=""_blank"">@gjhg8047</a>",52,6,72.075,1,4,47,0,356.333,10.5,0,0.333
"<a href=""https://tiktok.com/@gkkfykjb"" target=""_blank"">@gkkfykjb</a>",24,8,44.133,1,2,27,0,835.125,26.25,0,0.375
"<a href=""https://tiktok.com/@gohdr4367"" target=""_blank"">@gohdr4367</a>",67,6,47.996,0.848,5,54,0,2067.333,61.333,0.333,0.167
"<a href=""https://tiktok.com/@gour2295"" target=""_blank"">@gour2295</a>",55,10,41.796,1,3,54,0,2075.6,57.1,0.7,0.5
"<a href=""https://tiktok.com/@gutieyy7"" target=""_blank"">@gutieyy7</a>",31,7,47.333,0.875,1,9,0,1466.143,127.429,0.286,0.429
"<a href=""https://tiktok.com/@gxhx514"" target=""_blank"">@gxhx514</a>",67,6,61.778,0.786,3,27,0,1400.833,22.167,0,0
"<a href=""https://tiktok.com/@hcuwiea"" target=""_blank"">@hcuwiea</a>",59,5,21,0.875,1,10,0,9983.2,45,2.6,0.4
"<a href=""https://tiktok.com/@hdbjx72"" target=""_blank"">@hdbjx72</a>",16,9,29.917,0.889,4,53,0,1315,30.556,0.111,0.333
"<a href=""https://tiktok.com/@hdhxh3484"" target=""_blank"">@hdhxh3484</a>",6,7,45.061,0.929,2,19,0,3010.625,57.875,1.25,4.75
"<a href=""https://tiktok.com/@hdicok57"" target=""_blank"">@hdicok57</a>",97,6,28.8,0.857,1,10,0,17987.286,927.857,15.857,6
"<a href=""https://tiktok.com/@hdidkser0"" target=""_blank"">@hdidkser0</a>",30,7,55.111,1,1,9,0,3628.143,156.857,0.714,1.714
"<a href=""https://tiktok.com/@hdmjwo1"" target=""_blank"">@hdmjwo1</a>",94,3,50.611,1,4,36,0,688.091,24.091,0.182,0.182
"<a href=""https://tiktok.com/@hdryxd"" target=""_blank"">@hdryxd</a>",33,8,68.75,1,2,20,0,2895.625,83.75,13.625,2.125
"<a href=""https://tiktok.com/@hdxj59"" target=""_blank"">@hdxj59</a>",90,6,24.833,1,1,12,0,2319.167,79.667,0.667,1.5
"<a href=""https://tiktok.com/@hfigi61"" target=""_blank"">@hfigi61</a>",97,5,28.8,0.857,1,10,0,5510.857,121.143,4.571,1
"<a href=""https://tiktok.com/@hgidsi"" target=""_blank"">@hgidsi</a>",67,8,59.126,0.908,4,45,0,2108.125,63.5,0.125,0.625
"<a href=""https://tiktok.com/@hidouo"" target=""_blank"">@hidouo</a>",94,12,68.871,0.935,7,94,0,989.25,24.083,0.083,0.583
"<a href=""https://tiktok.com/@hkmdrr"" target=""_blank"">@hkmdrr</a>",92,6,66.3,0.833,1,10,0,2284.667,108.667,1.333,2
"<a href=""https://tiktok.com/@hltuoq"" target=""_blank"">@hltuoq</a>",94,11,67.265,0.944,3,49,0,1737.545,72.545,0.818,0.455
"<a href=""https://tiktok.com/@hojdmc"" target=""_blank"">@hojdmc</a>",54,15,20.96,0.92,5,117,0,1244.333,179.867,0.333,0.733
"<a href=""https://tiktok.com/@hootchxs"" target=""_blank"">@hootchxs</a>",25,6,49.909,0.944,2,20,0,305.167,9.667,0,0.167
"<a href=""https://tiktok.com/@houri.enriqk"" target=""_blank"">@houri.enriqk</a>",48,8,38.846,1,1,13,0,1369,34.111,0.444,0.222
"<a href=""https://tiktok.com/@hrsy60677"" target=""_blank"">@hrsy60677</a>",57,9,46.086,0.852,3,68,0,1372.222,47.889,0.667,2.667
"<a href=""https://tiktok.com/@hsbuz8"" target=""_blank"">@hsbuz8</a>",17,10,44.572,0.944,2,30,0,1108.385,51.231,0.231,0.077
"<a href=""https://tiktok.com/@hullen.nguyen"" target=""_blank"">@hullen.nguyen</a>",4,9,49.372,0.866,2,19,0,1635.667,55.222,0.333,0.333
"<a href=""https://tiktok.com/@hurrryu"" target=""_blank"">@hurrryu</a>",86,6,46,1,2,24,0,3017.333,101.333,1.5,4.333
"<a href=""https://tiktok.com/@huydhfhyyxd"" target=""_blank"">@huydhfhyyxd</a>",74,5,26.911,0.917,2,19,0,32330.6,292.4,8,0.8
"<a href=""https://tiktok.com/@hvtcan"" target=""_blank"">@hvtcan</a>",59,6,24.5,1,1,10,0,1278.375,63.25,0.625,0.25
"<a href=""https://tiktok.com/@hxjdsj34"" target=""_blank"">@hxjdsj34</a>",63,5,36.722,1,2,19,0,3035.8,103,2.8,0.8
"<a href=""https://tiktok.com/@hzhdhs"" target=""_blank"">@hzhdhs</a>",63,6,25.761,0.933,4,39,0,979.833,58.5,0.667,0
"<a href=""https://tiktok.com/@ididu034"" target=""_blank"">@ididu034</a>",28,7,54,1,1,12,0,10284.429,159,4.571,8
"<a href=""https://tiktok.com/@idpeoc"" target=""_blank"">@idpeoc</a>",94,10,61.194,0.745,5,86,0,1691,45.2,0.3,0.6
"<a href=""https://tiktok.com/@igdigsdp"" target=""_blank"">@igdigsdp</a>",21,7,53.25,1,1,12,0,780.857,26.143,0.143,1.143
"<a href=""https://tiktok.com/@iiuu553"" target=""_blank"">@iiuu553</a>",37,14,54.337,0.912,4,97,0,57586.214,843.357,2,8.286
"<a href=""https://tiktok.com/@injjzxvr"" target=""_blank"">@injjzxvr</a>",84,8,24.545,0.889,1,11,0,2346.889,16.778,0.667,6.556
"<a href=""https://tiktok.com/@irdc042"" target=""_blank"">@irdc042</a>",1,10,55.241,0.917,5,59,0,4582.4,140.5,1.6,2.1
"<a href=""https://tiktok.com/@isce0690"" target=""_blank"">@isce0690</a>",53,11,66.885,0.979,6,70,0,968.182,68.818,0.091,0.545
"<a href=""https://tiktok.com/@isge0853"" target=""_blank"">@isge0853</a>",53,9,62.3,0.967,5,57,0,331.444,8.778,0.111,0.111
"<a href=""https://tiktok.com/@isgs5669"" target=""_blank"">@isgs5669</a>",53,9,62.383,1,4,42,0,311.583,10,0.417,0.167
"<a href=""https://tiktok.com/@itsstj2"" target=""_blank"">@itsstj2</a>",85,6,36.417,1,2,24,0,1476.667,94.167,0.833,0.333
"<a href=""https://tiktok.com/@iuwgeh"" target=""_blank"">@iuwgeh</a>",89,7,59.533,0.917,2,19,0,1743.571,62.143,2.571,0.143
"<a href=""https://tiktok.com/@izbktlfq"" target=""_blank"">@izbktlfq</a>",82,8,57.45,0.937,4,37,0,673.833,3.917,0,0.083
"<a href=""https://tiktok.com/@j.uv586"" target=""_blank"">@j.uv586</a>",15,6,54.427,0.938,2,21,0,1247,45.833,0.167,0.167
"<a href=""https://tiktok.com/@jajsjsn56"" target=""_blank"">@jajsjsn56</a>",35,14,65.073,0.887,4,73,0,2494,44.571,0.143,0.857
"<a href=""https://tiktok.com/@jccj44506"" target=""_blank"">@jccj44506</a>",52,9,53.267,0.917,3,33,0,666.917,34.833,0.333,0.667
"<a href=""https://tiktok.com/@jdkckcj2"" target=""_blank"">@jdkckcj2</a>",4,10,64.891,0.863,3,31,0,7375,133.1,1.6,4.2
"<a href=""https://tiktok.com/@jdpdosj"" target=""_blank"">@jdpdosj</a>",1,7,46.495,0.921,3,31,0,484.571,20.857,0.714,0
"<a href=""https://tiktok.com/@jdpxorjf"" target=""_blank"">@jdpxorjf</a>",1,10,57.457,0.928,5,57,0,2620.4,159.9,0.3,0.7
"<a href=""https://tiktok.com/@jecxsz"" target=""_blank"">@jecxsz</a>",96,6,22.556,0.971,6,73,0,560.667,34.167,1.833,0.667
"<a href=""https://tiktok.com/@jfdd653"" target=""_blank"">@jfdd653</a>",3,8,54.597,0.927,4,39,0,1858.1,63.9,0.2,0.7
"<a href=""https://tiktok.com/@jfkovj5"" target=""_blank"">@jfkovj5</a>",1,8,56.761,0.894,3,32,0,1781.625,137.5,1.5,1.625
"<a href=""https://tiktok.com/@jjdjdd911"" target=""_blank"">@jjdjdd911</a>",23,7,42.25,1,1,12,0,785.286,16.429,0.143,0.143
"<a href=""https://tiktok.com/@jkdkj"" target=""_blank"">@jkdkj</a>",21,8,53.34,0.958,3,30,0,321.125,7.625,0.125,0
"<a href=""https://tiktok.com/@jkuy0534"" target=""_blank"">@jkuy0534</a>",52,8,77.715,0.861,4,56,0,1280,42.75,0.375,0.125
"<a href=""https://tiktok.com/@jshszh6382"" target=""_blank"">@jshszh6382</a>",62,10,39,1,1,10,0,2439.2,72.9,0.8,0.1
"<a href=""https://tiktok.com/@jsosjxj8"" target=""_blank"">@jsosjxj8</a>",1,8,79.322,0.85,2,19,0,2943.875,81.875,0.625,1
"<a href=""https://tiktok.com/@jspsns3"" target=""_blank"">@jspsns3</a>",88,6,58.648,1,3,33,0,4653.5,194.833,1.667,2
"<a href=""https://tiktok.com/@jtcytxyzey"" target=""_blank"">@jtcytxyzey</a>",1,10,59.681,0.963,3,33,0,7477.9,192.5,2.7,1.8
"<a href=""https://tiktok.com/@jvhb240"" target=""_blank"">@jvhb240</a>",35,13,60.71,0.844,5,82,0,2601.733,62.267,0.333,1.267
"<a href=""https://tiktok.com/@jvtvc3"" target=""_blank"">@jvtvc3</a>",37,12,56.037,0.833,4,78,0,27233.75,1640.667,13.5,206.583
"<a href=""https://tiktok.com/@kacbr2774"" target=""_blank"">@kacbr2774</a>",63,7,32.991,0.925,5,49,0,1207.75,42,0.625,0.375
"<a href=""https://tiktok.com/@kamlisarkar_0"" target=""_blank"">@kamlisarkar_0</a>",75,8,103.417,0.833,1,12,0,3668.722,314,15.722,31.889
"<a href=""https://tiktok.com/@kfbfol"" target=""_blank"">@kfbfol</a>",95,5,56.857,0.833,1,14,0,121.2,12,0,0.2
"<a href=""https://tiktok.com/@khanh.phukhh"" target=""_blank"">@khanh.phukhh</a>",47,9,43.752,0.933,3,39,0,3751.444,72.778,1.111,1
"<a href=""https://tiktok.com/@khfbou"" target=""_blank"">@khfbou</a>",54,3,16.111,1,5,45,0,916.444,20.333,0,0.222
"<a href=""https://tiktok.com/@klsier"" target=""_blank"">@klsier</a>",94,3,46.667,1,4,36,0,112,6.667,0,0
"<a href=""https://tiktok.com/@krug011"" target=""_blank"">@krug011</a>",1,8,54.881,0.852,3,28,0.001,2626.875,166.75,1.75,1
"<a href=""https://tiktok.com/@ktsfyh"" target=""_blank"">@ktsfyh</a>",33,8,52.663,0.917,10,117,0,1934.375,125.125,2.25,2.25
"<a href=""https://tiktok.com/@kubjij"" target=""_blank"">@kubjij</a>",54,3,21,0.96,5,45,0,791.2,90.867,0.667,0.267
"<a href=""https://tiktok.com/@kuhar.clair6"" target=""_blank"">@kuhar.clair6</a>",16,7,34.073,0.856,4,42,0,954,30,0.429,2.429
"<a href=""https://tiktok.com/@landscape5670"" target=""_blank"">@landscape5670</a>",33,9,51.654,0.917,9,107,0,3684.778,228,2.333,3.333
"<a href=""https://tiktok.com/@lanora.haskely"" target=""_blank"">@lanora.haskely</a>",47,9,54.353,0.936,3,47,0,2102.556,53.778,0.778,0.444
"<a href=""https://tiktok.com/@lawgray3"" target=""_blank"">@lawgray3</a>",36,9,48.308,0.927,7,90,0,1922.889,60.778,0.333,1
"<a href=""https://tiktok.com/@ldaphc"" target=""_blank"">@ldaphc</a>",96,6,22.288,0.976,6,73,0,497.833,25.833,0,0.167
"<a href=""https://tiktok.com/@lekpow"" target=""_blank"">@lekpow</a>",94,6,57.2,1,1,15,0,219.667,4.667,0,0
"<a href=""https://tiktok.com/@lhodsrr"" target=""_blank"">@lhodsrr</a>",21,8,51.261,1,3,31,0,311,6.75,0,0
"<a href=""https://tiktok.com/@lhqitc"" target=""_blank"">@lhqitc</a>",94,11,66.107,0.96,5,51,0.001,1266.417,30.083,0.083,0
"<a href=""https://tiktok.com/@liaojiuyu"" target=""_blank"">@liaojiuyu</a>",67,6,46.945,0.849,3,30,0,1225.167,29.5,0.167,0.167
"<a href=""https://tiktok.com/@lin689668987"" target=""_blank"">@lin689668987</a>",34,5,34.846,0.875,1,13,0,1335.25,74.875,1.625,10.125
"<a href=""https://tiktok.com/@liyyyang"" target=""_blank"">@liyyyang</a>",22,7,79.333,0.889,1,9,0,765.429,24.429,0,0.571
"<a href=""https://tiktok.com/@ljpjvh"" target=""_blank"">@ljpjvh</a>",64,8,10.5,0.909,1,14,0,6346.625,139.5,1.375,0.625
"<a href=""https://tiktok.com/@lnppoe"" target=""_blank"">@lnppoe</a>",93,12,73.41,0.958,3,53,0,7101.75,95.75,4.667,5.5
"<a href=""https://tiktok.com/@lush_queen120"" target=""_blank"">@lush_queen120</a>",72,9,85.333,0.833,1,21,0,2317.605,197.263,17.895,8.711
"<a href=""https://tiktok.com/@maemeg7"" target=""_blank"">@maemeg7</a>",61,8,17.1,1,1,10,0,1287.5,147.125,1,0.375
"<a href=""https://tiktok.com/@mancievert"" target=""_blank"">@mancievert</a>",49,8,49.3,0.625,1,10,0,2279.1,79,2,1.3
"<a href=""https://tiktok.com/@mariencassano"" target=""_blank"">@mariencassano</a>",74,6,35.4,0.833,2,20,0,6276.125,47.625,1.125,0.5
"<a href=""https://tiktok.com/@markryan688"" target=""_blank"">@markryan688</a>",50,9,56.718,0.958,3,31,0,925.778,32.333,1.111,0.111
"<a href=""https://tiktok.com/@mdsdz2"" target=""_blank"">@mdsdz2</a>",39,10,64.737,0.667,1,19,0,25617.571,904.786,32.929,14.071
"<a href=""https://tiktok.com/@mendhejeheje"" target=""_blank"">@mendhejeheje</a>",82,11,60.723,0.937,4,39,0,3399.083,30.5,0.167,23.083
"<a href=""https://tiktok.com/@mmhpbybt"" target=""_blank"">@mmhpbybt</a>",84,7,82.222,0.875,1,9,0,2618.111,29.556,6.667,0.667
"<a href=""https://tiktok.com/@monalisa7988"" target=""_blank"">@monalisa7988</a>",11,10,44.969,0.92,5,81,0,753.308,27.692,0.231,0.231
"<a href=""https://tiktok.com/@mong.khuu"" target=""_blank"">@mong.khuu</a>",7,9,41.222,1,1,9,0,1050,35.889,0.556,1.111
"<a href=""https://tiktok.com/@mulask57"" target=""_blank"">@mulask57</a>",11,9,44.74,0.885,4,57,0,1129.25,27.167,0.333,0
"<a href=""https://tiktok.com/@mxvgdscsdfvcsdfsd"" target=""_blank"">@mxvgdscsdfvcsdfsd</a>",19,7,70.333,1,1,12,0,772.571,26.286,0.143,0.143
"<a href=""https://tiktok.com/@nassralanijw1hlg"" target=""_blank"">@nassralanijw1hlg</a>",40,5,25.467,1,1,15,0,478,45.8,0.8,0
"<a href=""https://tiktok.com/@ncaqusztvgl"" target=""_blank"">@ncaqusztvgl</a>",94,3,56.861,1,4,36,0,112.667,1.333,0,0
"<a href=""https://tiktok.com/@ncsfo3287"" target=""_blank"">@ncsfo3287</a>",63,6,27.306,0.935,6,62,0,1386.667,78.833,1.167,0.333
"<a href=""https://tiktok.com/@ndmsl15"" target=""_blank"">@ndmsl15</a>",89,6,64.005,0.929,2,20,0,29503.833,696.833,14.5,12
"<a href=""https://tiktok.com/@nfjsk12"" target=""_blank"">@nfjsk12</a>",91,6,46.667,1,1,12,0,3407.667,130.5,1.333,0.833
"<a href=""https://tiktok.com/@nidaye81"" target=""_blank"">@nidaye81</a>",67,8,52.74,0.951,7,97,0,2857.375,71.25,0.5,0.125
"<a href=""https://tiktok.com/@niyebuya"" target=""_blank"">@niyebuya</a>",50,8,53.1,0.771,2,20,0,15511.6,321.7,5.5,2.2
"<a href=""https://tiktok.com/@nqkwvc"" target=""_blank"">@nqkwvc</a>",61,7,17.1,1,1,10,0,1459.143,76,0.571,0.286
"<a href=""https://tiktok.com/@objlhmtjemu"" target=""_blank"">@objlhmtjemu</a>",95,6,56.857,0.833,1,14,0,2393.167,37.5,0.083,0.333
"<a href=""https://tiktok.com/@oeivoppc"" target=""_blank"">@oeivoppc</a>",82,11,53.96,0.909,2,20,0,1348.25,12.167,0.083,13.083
"<a href=""https://tiktok.com/@ohchocx"" target=""_blank"">@ohchocx</a>",26,6,51.5,1,1,10,0,804.333,12,0,0
"<a href=""https://tiktok.com/@okay11732"" target=""_blank"">@okay11732</a>",52,12,62.283,0.938,6,101,0,1404.5,57,0.75,0.417
"<a href=""https://tiktok.com/@oljclk"" target=""_blank"">@oljclk</a>",64,8,10.5,0.909,1,14,0,1195,17.125,0.25,0
"<a href=""https://tiktok.com/@omi.poni0"" target=""_blank"">@omi.poni0</a>",10,12,42.057,0.947,3,67,0,1074.833,39.417,0.25,1.667
"<a href=""https://tiktok.com/@onikacaylie"" target=""_blank"">@onikacaylie</a>",7,8,41.222,1,1,9,0,1131.222,27.333,0.556,1.556
"<a href=""https://tiktok.com/@opgse4909"" target=""_blank"">@opgse4909</a>",67,7,50.987,0.882,6,82,0,14505.125,393.25,2.75,1.5
"<a href=""https://tiktok.com/@osb.remo"" target=""_blank"">@osb.remo</a>",36,11,54.641,0.935,7,110,0,3262.545,73.455,1.636,23.727
"<a href=""https://tiktok.com/@oxkympku"" target=""_blank"">@oxkympku</a>",83,6,52.2,1,1,10,0,2611.333,14.333,0.167,25.833
"<a href=""https://tiktok.com/@pbpktw"" target=""_blank"">@pbpktw</a>",94,12,68.952,0.893,6,114,0,1093.417,44.417,0.417,0.333
"<a href=""https://tiktok.com/@pdilul"" target=""_blank"">@pdilul</a>",65,6,15.8,0.875,1,10,0,3428.833,119.833,0.667,0.333
"<a href=""https://tiktok.com/@pehcpohz"" target=""_blank"">@pehcpohz</a>",84,9,53.384,0.882,2,20,0,1704.778,14.556,1.889,1.111
"<a href=""https://tiktok.com/@pjk3357"" target=""_blank"">@pjk3357</a>",43,8,43.45,0.889,2,22,0,1290.778,76.111,0.556,0.222
"<a href=""https://tiktok.com/@plaqebfzf07"" target=""_blank"">@plaqebfzf07</a>",71,6,88.78,0.8,2,23,0,595.343,50.257,4.286,3.971
"<a href=""https://tiktok.com/@prbnac"" target=""_blank"">@prbnac</a>",94,3,58.667,1,2,18,0,134.333,0.333,0,0
"<a href=""https://tiktok.com/@prtnr8"" target=""_blank"">@prtnr8</a>",30,8,55.111,1,1,9,0,2292.375,105.375,1.375,0.625
"<a href=""https://tiktok.com/@puhrra"" target=""_blank"">@puhrra</a>",94,11,62.031,0.921,6,95,0,1132.909,79.818,0.273,0.545
"<a href=""https://tiktok.com/@purnialesh45"" target=""_blank"">@purnialesh45</a>",48,9,38.846,1,1,13,0,1247.111,41.667,1.444,0.222
"<a href=""https://tiktok.com/@pxibi018"" target=""_blank"">@pxibi018</a>",17,7,48.098,0.938,2,29,0,1519,54.3,0.8,0.8
"<a href=""https://tiktok.com/@qdcieh"" target=""_blank"">@qdcieh</a>",54,15,17.684,0.984,5,117,0,1285.6,95,0.533,0.133
"<a href=""https://tiktok.com/@qigqtm"" target=""_blank"">@qigqtm</a>",94,3,59.289,1,5,45,0,111.667,1.333,0,0
"<a href=""https://tiktok.com/@quincyshop08"" target=""_blank"">@quincyshop08</a>",1,9,62.257,0.97,3,32,0,1237.889,57.889,0.222,0.111
"<a href=""https://tiktok.com/@ququ.anhag"" target=""_blank"">@ququ.anhag</a>",44,7,81.75,1,1,12,0,809.333,7.556,0.889,0.667
"<a href=""https://tiktok.com/@qvcka2481"" target=""_blank"">@qvcka2481</a>",67,7,49.178,0.768,6,74,0,1410.286,49.429,0.429,0
"<a href=""https://tiktok.com/@reddit.vztwo"" target=""_blank"">@reddit.vztwo</a>",8,11,43.54,0.963,5,97,0,990.182,18.818,0.364,0.727
"<a href=""https://tiktok.com/@reddit1bs"" target=""_blank"">@reddit1bs</a>",11,9,51.693,0.91,4,42,0,960,28.273,0.364,0.182
"<a href=""https://tiktok.com/@reddit_grayson99"" target=""_blank"">@reddit_grayson99</a>",54,15,20.364,0.984,5,117,0,5225.2,187.467,0.4,0.467
"<a href=""https://tiktok.com/@reddit_ignatius8"" target=""_blank"">@reddit_ignatius8</a>",93,12,69.459,1,3,60,0,5839.25,90,10.083,18.333
"<a href=""https://tiktok.com/@redditstory667"" target=""_blank"">@redditstory667</a>",43,7,41,0.714,1,9,0,1312.571,56.143,2.714,0.143
"<a href=""https://tiktok.com/@reddittext48"" target=""_blank"">@reddittext48</a>",70,7,51.667,1,1,12,0,1977.111,47,0.444,1.111
"<a href=""https://tiktok.com/@redreddit48"" target=""_blank"">@redreddit48</a>",43,8,45.917,1,2,21,0,11559.222,355.778,1.111,1.222
"<a href=""https://tiktok.com/@refine74"" target=""_blank"">@refine74</a>",65,5,15.8,0.875,1,10,0,1800.4,171.4,0.6,1
"<a href=""https://tiktok.com/@rfgfghf1"" target=""_blank"">@rfgfghf1</a>",74,5,32.711,0.917,2,19,0,28285.429,193.571,4.857,2.143
"<a href=""https://tiktok.com/@rohingyao"" target=""_blank"">@rohingyao</a>",33,8,52.394,0.931,8,86,0,3810.3,110.7,2.6,2.1
"<a href=""https://tiktok.com/@rrwtqoji8v5"" target=""_blank"">@rrwtqoji8v5</a>",18,8,54,1,1,9,0,1008.75,27.875,0.125,0.375
"<a href=""https://tiktok.com/@sasapco"" target=""_blank"">@sasapco</a>",33,7,51.237,0.929,4,40,0,1960.286,182.857,0.714,0.143
"<a href=""https://tiktok.com/@seile.rian"" target=""_blank"">@seile.rian</a>",36,10,54.256,0.884,7,102,0,2790.8,48.3,6.5,15.4
"<a href=""https://tiktok.com/@sfagnd"" target=""_blank"">@sfagnd</a>",87,6,74.889,1,1,9,0,2712.333,97,1.167,2.333
"<a href=""https://tiktok.com/@sharleen.howard"" target=""_blank"">@sharleen.howard</a>",6,10,43.556,0.927,5,56,0,1548.7,128.8,0.9,2.4
"<a href=""https://tiktok.com/@shbsdd2"" target=""_blank"">@shbsdd2</a>",93,12,66.938,0.958,3,52,0,8537.25,173.833,16.667,19.917
"<a href=""https://tiktok.com/@shfjjg4"" target=""_blank"">@shfjjg4</a>",23,6,64.778,0.778,1,9,0,792.833,22.833,1.167,0.167
"<a href=""https://tiktok.com/@shgj33"" target=""_blank"">@shgj33</a>",6,7,34.556,1,1,9,0,1984.857,62.286,0.429,0.143
"<a href=""https://tiktok.com/@shuj977"" target=""_blank"">@shuj977</a>",9,10,51.269,0.861,2,26,0,897.3,32.4,0.5,0.6
"<a href=""https://tiktok.com/@shuy742"" target=""_blank"">@shuy742</a>",8,11,46.899,0.943,5,101,0,787,23.917,0.417,0
"<a href=""https://tiktok.com/@shvchjds"" target=""_blank"">@shvchjds</a>",32,9,47.586,0.938,2,21,0,4440.333,220.556,1.556,0.444
"<a href=""https://tiktok.com/@sikki.kahtyk"" target=""_blank"">@sikki.kahtyk</a>",46,8,45.5,0.875,1,10,0,7536.222,109.111,1.333,1.667
"<a href=""https://tiktok.com/@skunk.robinsong"" target=""_blank"">@skunk.robinsong</a>",41,8,58.7,0.857,1,10,0,1628.125,130.25,0.75,0.625
"<a href=""https://tiktok.com/@snoshsj"" target=""_blank"">@snoshsj</a>",63,5,35.967,1,2,19,0,1462.4,50,0.4,0.2
"<a href=""https://tiktok.com/@sooz6329"" target=""_blank"">@sooz6329</a>",56,3,55.333,1,1,9,0,205.333,14.667,0,0.333
"<a href=""https://tiktok.com/@sqifhw"" target=""_blank"">@sqifhw</a>",94,12,54.43,0.939,4,81,0,1381.083,64.333,0.083,0.333
"<a href=""https://tiktok.com/@steven.garrison13"" target=""_blank"">@steven.garrison13</a>",2,10,49.8,1,1,10,0,1668.5,65.6,0.7,0.5
"<a href=""https://tiktok.com/@stoyouh"" target=""_blank"">@stoyouh</a>",33,9,54.601,0.901,8,89,0,2121.556,102.333,1,2.556
"<a href=""https://tiktok.com/@stvhfhj"" target=""_blank"">@stvhfhj</a>",32,9,42.864,0.938,2,22,0,5204.889,126.667,2.889,14.333
"<a href=""https://tiktok.com/@sug7994"" target=""_blank"">@sug7994</a>",8,9,44.386,0.934,5,82,0,662,19.667,0.111,0.222
"<a href=""https://tiktok.com/@sun.lilym"" target=""_blank"">@sun.lilym</a>",45,6,55.889,0.875,1,9,0,1660.75,108,1,3.125
"<a href=""https://tiktok.com/@susv0936"" target=""_blank"">@susv0936</a>",53,9,65.125,0.958,4,50,0,3382.778,45.222,0,0.222
"<a href=""https://tiktok.com/@sweet_babyc120"" target=""_blank"">@sweet_babyc120</a>",72,6,88.389,0.833,2,39,0,3368.4,316.68,20.4,6.96
"<a href=""https://tiktok.com/@sweet_driver120"" target=""_blank"">@sweet_driver120</a>",71,10,98.182,0.571,1,11,0,6992.407,512.444,31.426,10.574
"<a href=""https://tiktok.com/@tarkibaby0"" target=""_blank"">@tarkibaby0</a>",78,3,52.9,0.833,1,10,0,108.375,5.75,0.25,0
"<a href=""https://tiktok.com/@tessh95"" target=""_blank"">@tessh95</a>",88,6,71.722,1,2,21,0,1737.667,164,1.333,1.833
"<a href=""https://tiktok.com/@tetel4962"" target=""_blank"">@tetel4962</a>",53,9,70.678,1,3,42,0,317.556,11.556,0,0
"<a href=""https://tiktok.com/@text.fc"" target=""_blank"">@text.fc</a>",33,8,52.969,0.911,6,61,0,2679.444,136.667,2.667,2.222
"<a href=""https://tiktok.com/@texts178"" target=""_blank"">@texts178</a>",33,6,56.311,0.889,3,32,0,5449,193.429,4,14.429
"<a href=""https://tiktok.com/@textstory781"" target=""_blank"">@textstory781</a>",33,8,49.4,0.875,1,10,0,11110.875,280.5,3.5,4
"<a href=""https://tiktok.com/@thanh.dngp"" target=""_blank"">@thanh.dngp</a>",42,9,52,0.75,1,10,0,1923.889,122.444,1.556,1.778
"<a href=""https://tiktok.com/@tijf9855"" target=""_blank"">@tijf9855</a>",79,9,15.167,1,2,18,0,1564,39.333,0.333,0
"<a href=""https://tiktok.com/@titme"" target=""_blank"">@titme</a>",10,12,44.186,0.905,3,47,0,991.417,59.333,0.917,0.75
"<a href=""https://tiktok.com/@tiut0219"" target=""_blank"">@tiut0219</a>",57,8,44.113,0.852,3,53,0,463.333,22.667,0.778,0.889
"<a href=""https://tiktok.com/@tkfjfjjrj"" target=""_blank"">@tkfjfjjrj</a>",5,10,46.345,0.894,2,21,0,5411.7,48.2,1.3,0.7
"<a href=""https://tiktok.com/@todaysfriendshow4"" target=""_blank"">@todaysfriendshow4</a>",9,7,56,0.944,2,20,0,1517.2,52.3,1,0.4
"<a href=""https://tiktok.com/@toma.rimi"" target=""_blank"">@toma.rimi</a>",10,12,43.988,0.948,3,68,0,1245.917,31.5,0.417,0.333
"<a href=""https://tiktok.com/@topi.khatun6"" target=""_blank"">@topi.khatun6</a>",17,7,45.141,0.882,2,25,0,1113.917,22.083,0,0.25
"<a href=""https://tiktok.com/@tri.nguyenw"" target=""_blank"">@tri.nguyenw</a>",44,9,49.385,1,1,13,0,1196.111,11.556,0,0.222
"<a href=""https://tiktok.com/@tug35587"" target=""_blank"">@tug35587</a>",88,6,53.444,1,3,36,0,11168.333,531.167,3.333,10
"<a href=""https://tiktok.com/@tugx2917"" target=""_blank"">@tugx2917</a>",53,10,74.792,0.917,4,44,0,585.417,30.833,0.167,0.25
"<a href=""https://tiktok.com/@twkg9813"" target=""_blank"">@twkg9813</a>",52,9,56.787,0.889,3,55,0,962.111,36.778,0.333,0.333
"<a href=""https://tiktok.com/@ubhutfrx"" target=""_blank"">@ubhutfrx</a>",1,8,54.013,0.878,3,29,0.001,3819,96.75,2.125,1
"<a href=""https://tiktok.com/@ucmanprodl1"" target=""_blank"">@ucmanprodl1</a>",18,7,29.1,0.778,1,10,0,925.571,31.143,0.143,0
"<a href=""https://tiktok.com/@uest1280"" target=""_blank"">@uest1280</a>",52,9,52.544,0.917,4,56,0,831.111,18.778,0.222,0
"<a href=""https://tiktok.com/@uffvi7"" target=""_blank"">@uffvi7</a>",21,8,52.746,0.944,4,45,0,1479,27.75,0,0
"<a href=""https://tiktok.com/@ufsc8075"" target=""_blank"">@ufsc8075</a>",57,9,55.29,0.866,3,58,0,2751.778,80.556,0.444,2
"<a href=""https://tiktok.com/@uiavao.bskvai"" target=""_blank"">@uiavao.bskvai</a>",5,9,53.379,0.95,2,20,0,83960.667,3896.667,10.333,23.667
"<a href=""https://tiktok.com/@uraf9163"" target=""_blank"">@uraf9163</a>",79,9,13.833,1,2,18,0,1420,38.889,0.556,0.222
"<a href=""https://tiktok.com/@urdu9708"" target=""_blank"">@urdu9708</a>",58,5,45.533,0.833,2,30,0,1264.714,66,0.143,0
"<a href=""https://tiktok.com/@user1203613923425"" target=""_blank"">@user1203613923425</a>",20,8,47.154,0.917,1,13,0,1984.125,46.75,2.375,15.625
"<a href=""https://tiktok.com/@user16909390140293"" target=""_blank"">@user16909390140293</a>",34,5,34.727,0.8,1,11,0,1492.9,21.9,0.4,0.4
"<a href=""https://tiktok.com/@user19468614708518"" target=""_blank"">@user19468614708518</a>",14,7,57,1,1,9,0,19450.25,394.5,2.875,110.125
"<a href=""https://tiktok.com/@user2810315813972"" target=""_blank"">@user2810315813972</a>",28,8,57.222,1,2,21,0,1916.25,78.75,2.75,0.875
"<a href=""https://tiktok.com/@user2903556969068"" target=""_blank"">@user2903556969068</a>",12,8,53.644,1,3,36,0,1422.5,32.625,1.625,7.125
"<a href=""https://tiktok.com/@user2932993437321"" target=""_blank"">@user2932993437321</a>",13,8,51,1,1,12,0,2049.5,52,0.125,4.75
"<a href=""https://tiktok.com/@user3034858843569"" target=""_blank"">@user3034858843569</a>",82,12,60.334,0.972,4,42,0,1340.083,6.667,0.167,2
"<a href=""https://tiktok.com/@user3154950400581"" target=""_blank"">@user3154950400581</a>",28,7,60.444,1,1,9,0,2090.286,163.429,1.143,4.857
"<a href=""https://tiktok.com/@user3758269061970"" target=""_blank"">@user3758269061970</a>",40,6,25.467,1,1,15,0,656.167,41.5,0.667,0.167
"<a href=""https://tiktok.com/@user3782324049429"" target=""_blank"">@user3782324049429</a>",82,12,71.267,1,3,34,0,2280.5,35.5,0.75,4.25
"<a href=""https://tiktok.com/@user386963311513"" target=""_blank"">@user386963311513</a>",12,8,50.242,0.963,3,31,0,2470.75,58.5,1.125,7
"<a href=""https://tiktok.com/@user4181021201798"" target=""_blank"">@user4181021201798</a>",13,7,51,1,1,12,0,1981.857,34.429,0.429,5.143
"<a href=""https://tiktok.com/@user4623873316361"" target=""_blank"">@user4623873316361</a>",82,11,72.748,1,3,30,0,2690.75,32.667,0.25,33.083
"<a href=""https://tiktok.com/@user5626060056906"" target=""_blank"">@user5626060056906</a>",1,8,54.512,0.921,3,29,0,3393.75,249.125,2,1
"<a href=""https://tiktok.com/@user59010441107517"" target=""_blank"">@user59010441107517</a>",14,6,57,1,1,9,0,1305,25.5,1,4.5
"<a href=""https://tiktok.com/@user6186701630842"" target=""_blank"">@user6186701630842</a>",12,8,39.771,0.967,3,34,0,1697,48.5,1.875,8.5
"<a href=""https://tiktok.com/@user6240933338579"" target=""_blank"">@user6240933338579</a>",82,12,65.53,1,3,31,0,3067.083,34.833,0.167,4.583
"<a href=""https://tiktok.com/@user6922385284275"" target=""_blank"">@user6922385284275</a>",1,9,47.5,0.889,2,22,0,2628.444,116.889,1.889,1.778
"<a href=""https://tiktok.com/@user7605976152392"" target=""_blank"">@user7605976152392</a>",6,8,53.38,0.884,3,33,0,2260.375,56.125,0.75,0.25
"<a href=""https://tiktok.com/@user81444195333"" target=""_blank"">@user81444195333</a>",50,8,67.15,0.944,2,20,0,15927.5,226.875,7.25,2.875
"<a href=""https://tiktok.com/@user8508148033286"" target=""_blank"">@user8508148033286</a>",4,8,72.273,0.857,1,11,0,1444.5,83.7,0.8,1.1
"<a href=""https://tiktok.com/@user8653602093025"" target=""_blank"">@user8653602093025</a>",12,8,65.727,0.889,1,11,0,3019.375,72.25,0.875,5.625
"<a href=""https://tiktok.com/@user8753242872061"" target=""_blank"">@user8753242872061</a>",23,8,53.514,0.889,2,21,0,809.625,23.125,0,0.25
"<a href=""https://tiktok.com/@user8794483655797"" target=""_blank"">@user8794483655797</a>",12,7,47.699,0.95,2,24,0,4506.714,78.286,1.429,24.714
"<a href=""https://tiktok.com/@user8847609801518"" target=""_blank"">@user8847609801518</a>",20,8,47.154,0.917,1,13,0,864.75,24.75,1.625,5.125
"<a href=""https://tiktok.com/@user9724456321051"" target=""_blank"">@user9724456321051</a>",4,10,55.2,0.866,2,20,0,1217.8,53.1,0.5,0.3
"<a href=""https://tiktok.com/@user99216158120478"" target=""_blank"">@user99216158120478</a>",82,11,67.199,0.902,3,33,0,7289.083,50,0.25,23.667
"<a href=""https://tiktok.com/@user9960965670038"" target=""_blank"">@user9960965670038</a>",21,6,51.305,0.944,2,21,0,1672.833,47.167,0.333,0.833
"<a href=""https://tiktok.com/@username.1545465"" target=""_blank"">@username.1545465</a>",75,6,103.417,0.833,1,12,0,137.238,14.286,1.429,0.048
"<a href=""https://tiktok.com/@username6652655"" target=""_blank"">@username6652655</a>",71,5,89.727,0.8,1,11,0,314.125,43.375,2.188,0.438
"<a href=""https://tiktok.com/@usjg2117"" target=""_blank"">@usjg2117</a>",53,12,64.828,0.969,4,43,0,432.25,19.833,0.25,0.083
"<a href=""https://tiktok.com/@utoxwqg"" target=""_blank"">@utoxwqg</a>",96,6,22.527,1,6,73,0,190.167,8.667,0,0
"<a href=""https://tiktok.com/@v.if77"" target=""_blank"">@v.if77</a>",16,8,33.333,0.92,4,56,0,1194.875,34.5,0.125,0.25
"<a href=""https://tiktok.com/@vbn6106"" target=""_blank"">@vbn6106</a>",21,6,46.683,1,2,22,0,1141.167,76.167,1,0.667
"<a href=""https://tiktok.com/@verity.holland"" target=""_blank"">@verity.holland</a>",4,10,53.3,0.857,1,10,0,1438.5,62.7,0.6,0.4
"<a href=""https://tiktok.com/@vghf668"" target=""_blank"">@vghf668</a>",15,6,53.4,0.882,2,20,0,1232.5,64.667,0.333,0.333
"<a href=""https://tiktok.com/@vitsu.alec1"" target=""_blank"">@vitsu.alec1</a>",36,8,47.097,0.857,7,92,0,8916.125,106.5,0.875,1.625
"<a href=""https://tiktok.com/@voie3340"" target=""_blank"">@voie3340</a>",55,5,29.889,1,1,18,0,563.75,31.75,0.375,0.625
"<a href=""https://tiktok.com/@vshwiy2868"" target=""_blank"">@vshwiy2868</a>",9,9,55.669,0.917,2,26,0,1015.889,34.444,0.444,0.333
"<a href=""https://tiktok.com/@vtiic5555"" target=""_blank"">@vtiic5555</a>",49,10,49.3,0.625,1,10,0,3123,63.2,1.5,1.5
"<a href=""https://tiktok.com/@wataiexkotoar"" target=""_blank"">@wataiexkotoar</a>",81,3,29.222,0.8,1,9,0,710,36,1.667,0.667
"<a href=""https://tiktok.com/@wede35"" target=""_blank"">@wede35</a>",35,8,43.153,0.732,2,21,0,2487,62.375,0.125,0.5
"<a href=""https://tiktok.com/@wevbocr"" target=""_blank"">@wevbocr</a>",60,8,22,1,1,14,0,3460.875,81.125,1.125,0.5
"<a href=""https://tiktok.com/@wgslhe"" target=""_blank"">@wgslhe</a>",94,12,56.922,0.978,5,60,0.001,976.167,34.833,0,0
"<a href=""https://tiktok.com/@wiate.doni0"" target=""_blank"">@wiate.doni0</a>",36,10,46.783,0.933,7,106,0,1812.1,36.3,0.8,0.5
"<a href=""https://tiktok.com/@wiqg8225"" target=""_blank"">@wiqg8225</a>",53,10,53.278,1,3,30,0,341.091,13.545,0.182,0.636
"<a href=""https://tiktok.com/@wive0570"" target=""_blank"">@wive0570</a>",53,9,69.45,0.833,2,27,0,1905.167,34.417,0.167,3.167
"<a href=""https://tiktok.com/@wnsao4288"" target=""_blank"">@wnsao4288</a>",68,6,56.7,0.875,1,10,0,6465.167,220.5,2.333,1
"<a href=""https://tiktok.com/@wojta.or"" target=""_blank"">@wojta.or</a>",11,13,54.144,0.923,5,90,0,954.538,40.769,0.692,0.154
"<a href=""https://tiktok.com/@wroe.edith6"" target=""_blank"">@wroe.edith6</a>",36,11,48.786,0.901,7,114,0,1934,37.818,0.273,0.273
"<a href=""https://tiktok.com/@wsbhd0"" target=""_blank"">@wsbhd0</a>",86,6,43.333,1,1,12,0,1995.333,71.667,1,0.167
"<a href=""https://tiktok.com/@wsfj4"" target=""_blank"">@wsfj4</a>",85,6,39.25,1,2,24,0,2595.833,167.167,1.667,0.667
"<a href=""https://tiktok.com/@wuge2639"" target=""_blank"">@wuge2639</a>",53,9,51.111,1,3,27,0,522,19,0.556,0.111
"<a href=""https://tiktok.com/@xchinaqueen2"" target=""_blank"">@xchinaqueen2</a>",76,12,87.556,0.6,1,9,0,18.625,3.312,0.75,0
"<a href=""https://tiktok.com/@xchinaqueen3"" target=""_blank"">@xchinaqueen3</a>",76,9,71.658,0.763,3,62,0,251.133,8.933,1.4,0.067
"<a href=""https://tiktok.com/@xchinaqueen5"" target=""_blank"">@xchinaqueen5</a>",76,16,83.019,0.791,3,72,0,795.136,36.955,4.545,1.636
"<a href=""https://tiktok.com/@xchinaqueen6"" target=""_blank"">@xchinaqueen6</a>",76,13,81.756,0.875,2,59,0,284.308,28.154,2.923,0.385
"<a href=""https://tiktok.com/@xchinaqueen8"" target=""_blank"">@xchinaqueen8</a>",76,10,94.667,0.6,1,12,0,2341,322.526,13.895,31.211
"<a href=""https://tiktok.com/@xihz9643"" target=""_blank"">@xihz9643</a>",56,5,43.579,0.917,2,28,0,286.2,16.4,0.2,0.8
"<a href=""https://tiktok.com/@xnjjehj"" target=""_blank"">@xnjjehj</a>",21,6,46.455,1,1,11,0,595.667,19,0.167,0.167
"<a href=""https://tiktok.com/@xquplfcwmvyngj"" target=""_blank"">@xquplfcwmvyngj</a>",81,3,29.222,0.8,1,9,0,378.333,14.667,1.333,1
"<a href=""https://tiktok.com/@xxii911"" target=""_blank"">@xxii911</a>",33,10,51.428,0.911,10,126,0,3292.9,124.3,2.7,1.8
"<a href=""https://tiktok.com/@yang_reddit"" target=""_blank"">@yang_reddit</a>",80,7,38.778,1,1,9,0,1787,145.875,1.375,0
"<a href=""https://tiktok.com/@ydwthnm"" target=""_blank"">@ydwthnm</a>",46,8,45.5,0.875,1,10,0,2105.667,55.111,0.889,0.778
"<a href=""https://tiktok.com/@ylevkpiubsl"" target=""_blank"">@ylevkpiubsl</a>",22,7,79.333,0.889,1,9,0,672.429,19.571,0.143,0.143
"<a href=""https://tiktok.com/@ymhr6933"" target=""_blank"">@ymhr6933</a>",79,9,9.667,1,2,18,0,1909.444,58.333,0.444,0.111
"<a href=""https://tiktok.com/@you.texts"" target=""_blank"">@you.texts</a>",32,8,50.052,0.869,3,31,0,26208.778,537,29.556,21.889
"<a href=""https://tiktok.com/@yowbc4277"" target=""_blank"">@yowbc4277</a>",66,3,35.111,1,1,9,0,2739.333,111.667,1.333,0
"<a href=""https://tiktok.com/@ytrq8081"" target=""_blank"">@ytrq8081</a>",52,10,58.389,0.95,2,51,0,1354.583,77.333,1,0.333
"<a href=""https://tiktok.com/@yun.wu15"" target=""_blank"">@yun.wu15</a>",26,6,51.5,1,1,10,0,773.333,40.833,1.167,2.5
"<a href=""https://tiktok.com/@zesysmj"" target=""_blank"">@zesysmj</a>",96,4,22.963,0.905,4,36,0,268.25,15.25,0.25,0
"<a href=""https://tiktok.com/@zsdx184"" target=""_blank"">@zsdx184</a>",37,15,58.305,0.681,4,81,0,3708.867,84.6,0.4,0.6
"<a href=""https://tiktok.com/@ztctmxt"" target=""_blank"">@ztctmxt</a>",60,10,22,1,1,14,0,2555.3,78.3,1,0.3
"<a href=""https://tiktok.com/@zvjsl"" target=""_blank"">@zvjsl</a>",88,6,51.917,1,2,24,0,1924.833,62.667,1.333,0.333
"<a href=""https://tiktok.com/@zxvb736"" target=""_blank"">@zxvb736</a>",37,12,53.57,0.915,4,97,0,4428.833,87.083,0.417,0.833
"<a href=""https://tiktok.com/@zysmpbz"" target=""_blank"">@zysmpbz</a>",96,5,19.378,1,5,53,0,224.2,10.4,0.2,0
"<a href=""https://tiktok.com/@zzhjdj4"" target=""_blank"">@zzhjdj4</a>",21,6,39.111,1,1,9,0,967.167,23.833,0.333,0.333
"<a href=""https://tiktok.com/@zzxss134"" target=""_blank"">@zzxss134</a>",90,6,24.833,1,1,12,0,2206.667,86.667,1,1.167
