"Network","Number of Accounts","Network Density","Network Diameter","Clustering Coefficient","Avg Views","Avg Likes","Avg Comments","Avg Shares","Member Accounts"
1,15,0.219,77,0.429,3814.618,156.656,1.855,1.176,"chantalkusch, jdpdosj, jtcytxyzey, be.jkigv, bmc12655, fughf21, ubhutfrx, irdc042, user5626060056906, quincyshop08, jfkovj5, krug011, jdpxorjf, jsosjxj8, user6922385284275"
2,2,1,10,0,2028.389,94.111,0.611,0.833,"steven.garrison13, cp.eagdu"
3,6,0.533,28,0.529,1771.119,75.068,0.508,0.712,"bfihc, gckcj4, aedhdici, fauy8466, jfdd653, aedyckctu"
4,7,0.286,52,0,2523.754,89.101,1.116,1.275,"hullen.nguyen, ayden.riverad, user8508148033286, cbjf05, jdkckcj2, user9724456321051, verity.holland"
5,3,1,11,1,34663.862,1361.034,4.379,9,"ggg.hgfc, uiavao.bskvai, tkfjfjjrj"
6,7,0.429,33,0.6,3327.435,82.935,1.306,1.726,"fduic5, aedgslpxjx, hdhxh3484, fcjjv86, sharleen.howard, shgj33, user7605976152392"
7,2,1,9,0,1090.611,31.611,0.556,1.333,"onikacaylie, mong.khuu"
8,6,1,28,1,796.623,24.116,0.377,0.536,"bsjj8797, carbloggera, sug7994, reddit.vztwo, shuy742, cainima888"
9,3,1,16,1,1147.862,39.897,0.655,0.448,"shuj977, todaysfriendshow4, vshwiy2868"
10,4,1,29,1,1089.804,40,0.565,0.935,"fhuc22, omi.poni0, titme, toma.rimi"
11,6,0.933,21,0.923,858.657,28.4,0.343,0.214,"reddit1bs, mulask57, ggih3179, bsyg2865, monalisa7988, wojta.or"
12,5,0.6,32,0.6,2574.974,57.513,1.385,10.231,"user8653602093025, user8794483655797, user2903556969068, user6186701630842, user386963311513"
13,2,1,12,0,2017.933,43.8,0.267,4.933,"user2932993437321, user4181021201798"
14,2,1,9,0,11673.714,236.357,2.071,64.857,"user59010441107517, user19468614708518"
15,3,1,11,1,1193.556,49.722,0.278,0.167,"j.uv586, berez.paulo, vghf668"
16,5,1,18,1,1133.282,34,0.769,1.59,"fhvf210, hdbjx72, kuhar.clair6, gfg6705, v.if77"
17,3,1,17,1,1227.6,42.114,0.314,0.343,"pxibi018, hsbuz8, topi.khatun6"
18,5,0.5,28,0.429,1244.158,38.105,0.263,0.447,"rrwtqoji8v5, buslmigf7dn, ale2r35, aleaa0249, ucmanprodl1"
19,2,1,12,0,1057.714,31.071,0.214,0.214,"mxvgdscsdfvcsdfsd, fevkuiq"
20,2,1,13,0,1424.438,35.75,2,10.375,"user1203613923425, user8847609801518"
21,12,0.197,80,0.3,860.659,25.706,0.176,0.318,"giopgfv, adhhrrt, fhdjfjfj8, fijglhhj, uffvi7, vbn6106, lhodsrr, user9960965670038, jkdkj, igdigsdp, zzhjdj4, xnjjehj"
22,2,1,9,0,718.929,22,0.071,0.357,"liyyyang, ylevkpiubsl"
23,3,0.667,21,0,796.714,20.81,0.381,0.19,"shfjjg4, user8753242872061, jjdjdd911"
24,3,1,15,1,773.087,23.913,0,0.304,"cihohsqwfi, gkkfykjb, gigigjj"
25,3,1,11,1,670.611,20.778,0,0.056,"hootchxs, cjsllfd, frd7456"
26,2,1,10,0,788.833,26.417,0.583,1.25,"ohchocx, yun.wu15"
27,2,1,12,0,1328.3,63.1,2.15,2.2,"elvistrevelyan0204, gjbgikh"
28,3,0.667,21,0,4634.227,131.227,2.818,4.409,"user3154950400581, user2810315813972, ididu034"
29,2,1,9,0,825.867,46.933,1,0.933,"djm9r, geievertu8"
30,2,1,9,0,2915.733,129.4,1.067,1.133,"hdidkser0, prtnr8"
31,2,1,9,0,1144.714,108.714,0.643,0.643,"fjyukfjjf, gutieyy7"
32,4,0.667,21,0.6,12949.486,319.378,9.892,13.514,"shvchjds, stvhfhj, fjjgdvx, you.texts"
33,13,0.551,31,0.75,3518.602,144.655,3.027,2.664,"texts178, sasapco, ktsfyh, landscape5670, text.fc, cagnhd, rohingyao, textstory781, stoyouh, crtyougo, dtkwod, hdryxd, xxii911"
34,3,0.667,24,0,2167.607,31.5,0.607,3.071,"fhkundshunk, lin689668987, user16909390140293"
35,6,0.733,29,0.75,2736.493,66.465,0.366,0.845,"cfdc18, jvhb240, wede35, aed2750, aed0267, jajsjsn56"
36,8,1,22,1,4322.716,68.741,1.383,5.691,"battl.kray, osb.remo, benedossie2, vitsu.alec1, seile.rian, lawgray3, wiate.doni0, wroe.edith6"
37,5,1,28,1,20879.862,547.123,3.446,41.092,"jvtvc3, iiuu553, dthh824, zsdx184, zxvb736"
38,2,1,13,0,3265.667,87.333,1.167,0.778,"aed7p4, debran.oxonrp00"
39,2,1,19,0,15865.821,541,17.821,28.357,"djskgikeejk8, mdsdz2"
40,2,1,15,0,575.182,43.455,0.727,0.091,"nassralanijw1hlg, user3758269061970"
41,2,1,10,0,2904.444,147.833,1,1.056,"skunk.robinsong, drape.ivoe"
42,2,1,10,0,3369.167,125.667,1,1.167,"thanh.dngp, dell.oswink"
43,4,0.667,19,0.6,4657.273,172.303,1.455,0.576,"pjk3357, redditstory667, bbjqnch, redreddit48"
44,3,0.667,25,0,1255.481,16.815,1.741,0.481,"ququ.anhag, amkgvx, tri.nguyenw"
45,2,1,9,0,1527.471,74.706,1.059,1.824,"emory.drawehj, sun.lilym"
46,2,1,10,0,4820.944,82.111,1.111,1.222,"sikki.kahtyk, ydwthnm"
47,4,1,16,1,5155.056,115.75,1.833,1.278,"lanora.haskely, aseng.haymong, carlos.alberto.al886, khanh.phukhh"
48,2,1,13,0,1308.056,37.889,0.944,0.222,"houri.enriqk, purnialesh45"
49,2,1,10,0,2701.05,71.1,1.75,1.4,"mancievert, vtiic5555"
50,4,0.833,20,0.75,8458.946,160.027,4.027,1.432,"niyebuya, dddgggg63, markryan688, user81444195333"
51,3,0.667,20,0,13608.077,267.769,4.885,4,"abdulrahmanahmaad7, dhjwn82, cuong.trankk"
52,13,0.321,68,0.506,1389.37,46.652,0.415,0.489,"bvoo3130, dijx3903, fhda78402, ghhj8554, jkuy0534, jccj44506, drgd8391, eiej4325, twkg9813, gjhg8047, ytrq8081, okay11732, uest1280"
53,13,0.282,69,0.429,886.116,30.29,0.217,0.667,"bkot6010, fhxk1941, isgs5669, givi0331, isce0690, tugx2917, susv0936, isge0853, wiqg8225, usjg2117, tetel4962, wive0570, wuge2639"
54,6,1,18,1,1789.524,105.81,0.345,0.333,"hojdmc, kubjij, qdcieh, khfbou, ciojkb, reddit_grayson99"
55,4,0.667,36,0.6,1277.083,57.833,0.5,0.667,"gour2295, courr1227, coirf88774, voie3340"
56,5,0.5,32,0.429,2269.719,78,0.438,1.719,"clirr5282, fnnf8890, gjguq6894, xihz9643, sooz6329"
57,4,1,24,1,1478.722,52.639,0.556,1.444,"dhhi6645, hrsy60677, tiut0219, ufsc8075"
58,4,0.667,33,0.6,780.708,48.417,0.167,0.167,"fkir2290, fiir2712, cjur6297, urdu9708"
59,4,0.5,29,0,2563.516,42.129,0.839,0.29,"hvtcan, diusdn13, hcuwiea, dsnomp"
60,2,1,14,0,2957.778,79.556,1.056,0.389,"wevbocr, ztctmxt"
61,2,1,10,0,1367.6,113.933,0.8,0.333,"maemeg7, nqkwvc"
62,5,0.4,32,0,1491.167,66.417,0.583,0.472,"jshszh6382, cjdjfcn, avelina.asucen, g.in.cgn, bxuzba"
63,8,0.643,20,0.73,1419.5,59.333,0.917,0.229,"kacbr2774, cnatk3189, hzhdhs, 1yrogls, hxjdsj34, snoshsj, ncsfo3287, duuff30"
64,2,1,14,0,3770.812,78.312,0.812,0.312,"oljclk, ljpjvh"
65,2,1,10,0,2688.636,143.273,0.636,0.636,"refine74, pdilul"
66,2,1,9,0,1895.667,74.833,0.833,0,"1qwdjjd, yowbc4277"
67,9,0.556,37,0.687,3562,95.339,0.629,0.355,"fjcjbho58, hgidsi, nidaye81, gxhx514, bxkke4723, opgse4909, qvcka2481, liaojiuyu, gohdr4367"
68,2,1,10,0,3946.667,135.667,1.417,0.5,"3mbfklb, wnsao4288"
69,2,1,10,0,2093.636,137.545,0.727,0.455,"bixukf, evfdmzl"
70,2,1,12,0,2900.333,58.278,0.556,2.389,"avav11738, reddittext48"
71,5,0.4,45,0,2739.095,203.929,13.31,4.833,"chummi_queen1, cutequeen_driver120, plaqebfzf07, sweet_driver120, username6652655"
72,3,0.667,39,0,2114.386,187.904,14.53,6.205,"lush_queen120, amazing_seeet120, sweet_babyc120"
73,2,1,13,0,343.676,39.118,2.824,0.412,"cute_queen7102, cutedriver120"
74,3,1,10,1,20493,159.9,4.15,1.15,"mariencassano, huydhfhyyxd, rfgfghf1"
75,2,1,12,0,1767.154,152.615,8.026,14.744,"username.1545465, kamlisarkar_0"
76,5,0.5,48,0.429,820.388,88.165,5.118,7.471,"xchinaqueen2, xchinaqueen3, xchinaqueen5, xchinaqueen6, xchinaqueen8"
77,2,1,22,0,229.8,23.6,3.2,0.2,"beautifulgir482, china_deriver_60"
78,2,1,10,0,73.167,3.833,0.167,0,"babykmli0, tarkibaby0"
79,3,1,9,1,1631.148,45.519,0.444,0.111,"tijf9855, uraf9163, ymhr6933"
80,2,1,9,0,1775.071,153.286,1.643,0.5,"dayutoureddit, yang_reddit"
81,2,1,9,0,544.167,25.333,1.5,0.833,"wataiexkotoar, xquplfcwmvyngj"
82,12,0.288,60,0.391,2360.184,22.241,0.262,10.56,"edchii0, fcvbvv57, bdhjddbjrjej, izbktlfq, user3782324049429, cvjbvgujh, user3034858843569, oeivoppc, mendhejeheje, user4623873316361, user6240933338579, user99216158120478"
83,2,1,10,0,3065.917,20,0.167,16.667,"oxkympku, ccvoyrnu"
84,3,0.667,20,0,2223.259,20.296,3.074,2.778,"mmhpbybt, injjzxvr, pehcpohz"
85,3,1,12,1,4583.278,264.167,3.222,8.111,"itsstj2, gheoe8, wsfj4"
86,3,0.667,24,0,2117.167,74.556,1.611,2.278,"hurrryu, fulknm, wsbhd0"
87,2,1,9,0,7025.25,346.583,1.583,8.083,"dghhg372, sfagnd"
88,4,0.833,21,0.75,4871.083,238.167,1.917,3.542,"tessh95, jspsns3, tug35587, zvjsl"
89,4,0.833,18,0.75,8108.12,215.08,4.8,3.12,"iuwgeh, gdjdi63, eyidk5, ndmsl15"
90,2,1,12,0,2262.917,83.167,0.833,1.333,"hdxj59, zzxss134"
91,2,1,12,0,2291.833,103.833,1.5,1,"fgijg467, nfjsk12"
92,2,1,10,0,1874.667,103.75,1.333,1.25,"fbnggg2, hkmdrr"
93,4,1,18,1,6617.154,110.744,9.667,13.462,"reddit_ignatius8, cvljri, lnppoe, shbsdd2"
94,20,0.237,72,0.508,1371.319,53.937,0.236,0.759,"dtbtcc8, pbpktw, bipiqo, idpeoc, bpgarp, hltuoq, puhrra, hidouo, arffug, eqmhqf, lhqitc, lekpow, hdmjwo1, qigqtm, prbnac, klsier, ncaqusztvgl, wgslhe, sqifhw, gclqse"
95,2,1,14,0,1724.941,30,0.059,0.294,"kfbfol, objlhmtjemu"
96,7,0.905,20,0.907,422.526,19.789,0.553,0.211,"eqxela7, ldaphc, utoxwqg, jecxsz, dtxijq, zesysmj, zysmpbz"
97,2,1,10,0,11749.071,524.5,10.214,3.5,"hdicok57, hfigi61"
