"Post URL","Network","Author","Timestamp","Number of Accounts","Views","Likes","Comments","Shares","Description"
"<a href=""https://www.tiktok.com/@user43301358468186/video/7502751559168707870"" target=""_blank"" class=""btn btn-sm"" style=""background-color: #00926c; color: white; text-decoration: none; padding: 2px 8px; border-radius: 4px; font-size: 0.8em;"">View Post</a>",1,"user43301358468186",2025-05-10 09:49:40,1,5,0,0,0,"Replying to @Mariah now to find out what happened at poker night 🕵️🕵️🕵️ #weddingsituation #weddingstory #weddingstorytime #storywedding #storytimewedding #weddingguest #situationwedding #weddingvendor #weddinghumor #weddinglol #weddinglaugh #weddingplanning #weddingplanner #2023bride #2024bride #weddingtiktok #2025bride #2026bride #2027bride"
"<a href=""https://www.tiktok.com/@user43301358468186/video/7502751525521968415"" target=""_blank"" class=""btn btn-sm"" style=""background-color: #00926c; color: white; text-decoration: none; padding: 2px 8px; border-radius: 4px; font-size: 0.8em;"">View Post</a>",1,"user43301358468186",2025-05-10 09:49:32,1,87,0,0,0,"Replying to @Mariah now to find out what happened at poker night 🕵️🕵️🕵️ #weddingsituation #weddingstory #weddingstorytime #storywedding #storytimewedding #weddingguest #situationwedding #weddingvendor #weddinghumor #weddinglol #weddinglaugh #weddingplanning #weddingplanner #2023bride #2024bride #weddingtiktok #2025bride #2026bride #2027bride"
"<a href=""https://www.tiktok.com/@user7388431600768/video/7502750627949317406"" target=""_blank"" class=""btn btn-sm"" style=""background-color: #00926c; color: white; text-decoration: none; padding: 2px 8px; border-radius: 4px; font-size: 0.8em;"">View Post</a>",1,"user7388431600768",2025-05-10 09:45:47,1,717,16,0,0,"Replying to @Mariah now to find out what happened at poker night 🕵️🕵️🕵️ #weddingsituation #weddingstory #weddingstorytime #storywedding #storytimewedding #weddingguest #situationwedding #weddingvendor #weddinghumor #weddinglol #weddinglaugh #weddingplanning #weddingplanner #2023bride #2024bride #weddingtiktok #2025bride #2026bride #2027bride"
"<a href=""https://www.tiktok.com/@user7388431600768/video/7502750445186731295"" target=""_blank"" class=""btn btn-sm"" style=""background-color: #00926c; color: white; text-decoration: none; padding: 2px 8px; border-radius: 4px; font-size: 0.8em;"">View Post</a>",1,"user7388431600768",2025-05-10 09:45:37,1,242,0,0,0,"Replying to @Mariah now to find out what happened at poker night 🕵️🕵️🕵️ #weddingsituation #weddingstory #weddingstorytime #storywedding #storytimewedding #weddingguest #situationwedding #weddingvendor #weddinghumor #weddinglol #weddinglaugh #weddingplanning #weddingplanner #2023bride #2024bride #weddingtiktok #2025bride #2026bride #2027bride"
"<a href=""https://www.tiktok.com/@user43301358468186/video/7502749415711542559"" target=""_blank"" class=""btn btn-sm"" style=""background-color: #00926c; color: white; text-decoration: none; padding: 2px 8px; border-radius: 4px; font-size: 0.8em;"">View Post</a>",1,"user43301358468186",2025-05-10 09:41:07,1,3,0,0,0,"Replying to @Mariah now to find out what happened at poker night 🕵️🕵️🕵️ #weddingsituation #weddingstory #weddingstorytime #storywedding #storytimewedding #weddingguest #situationwedding #weddingvendor #weddinghumor #weddinglol #weddinglaugh #weddingplanning #weddingplanner #2023bride #2024bride #weddingtiktok #2025bride #2026bride #2027bride"
"<a href=""https://www.tiktok.com/@user7388431600768/video/7502749334811757855"" target=""_blank"" class=""btn btn-sm"" style=""background-color: #00926c; color: white; text-decoration: none; padding: 2px 8px; border-radius: 4px; font-size: 0.8em;"">View Post</a>",1,"user7388431600768",2025-05-10 09:40:49,1,3323,19,0,0,"Replying to @Mariah now to find out what happened at poker night 🕵️🕵️🕵️ #weddingsituation #weddingstory #weddingstorytime #storywedding #storytimewedding #weddingguest #situationwedding #weddingvendor #weddinghumor #weddinglol #weddinglaugh #weddingplanning #weddingplanner #2023bride #2024bride #weddingtiktok #2025bride #2026bride #2027bride"
"<a href=""https://www.tiktok.com/@user43301358468186/video/7502383607705636127"" target=""_blank"" class=""btn btn-sm"" style=""background-color: #00926c; color: white; text-decoration: none; padding: 2px 8px; border-radius: 4px; font-size: 0.8em;"">View Post</a>",1,"user43301358468186",2025-05-09 10:01:25,1,733,5,0,0,"NOOOOOO WE WONT BE DOING THAT AT ALL #weddingsituation #weddingstory #weddingstorytime #storywedding #storytimewedding #weddingguest #situationwedding #weddingvendor #weddinghumor #weddinglol #weddinglaugh #weddingplanning #weddingplanner #2023bride #2024bride #weddingtiktok #2025bride #2026bride"
"<a href=""https://www.tiktok.com/@user43301358468186/video/7502383294537829663"" target=""_blank"" class=""btn btn-sm"" style=""background-color: #00926c; color: white; text-decoration: none; padding: 2px 8px; border-radius: 4px; font-size: 0.8em;"">View Post</a>",1,"user43301358468186",2025-05-09 10:00:08,1,771,4,0,0,"NOOOOOO WE WONT BE DOING THAT AT ALL #weddingsituation #weddingstory #weddingstorytime #storywedding #storytimewedding #weddingguest #situationwedding #weddingvendor #weddinghumor #weddinglol #weddinglaugh #weddingplanning #weddingplanner #2023bride #2024bride #weddingtiktok #2025bride #2026bride"
"<a href=""https://www.tiktok.com/@user7388431600768/video/7502383108000320798"" target=""_blank"" class=""btn btn-sm"" style=""background-color: #00926c; color: white; text-decoration: none; padding: 2px 8px; border-radius: 4px; font-size: 0.8em;"">View Post</a>",1,"user7388431600768",2025-05-09 09:59:34,1,1984,2,0,0,"NOOOOOO WE WONT BE DOING THAT AT ALL #weddingsituation #weddingstory #weddingstorytime #storywedding #storytimewedding #weddingguest #situationwedding #weddingvendor #weddinghumor #weddinglol #weddinglaugh #weddingplanning #weddingplanner #2023bride #2024bride #weddingtiktok #2025bride #2026bride"
"<a href=""https://www.tiktok.com/@user7388431600768/video/7502383087926529310"" target=""_blank"" class=""btn btn-sm"" style=""background-color: #00926c; color: white; text-decoration: none; padding: 2px 8px; border-radius: 4px; font-size: 0.8em;"">View Post</a>",1,"user7388431600768",2025-05-09 09:59:41,1,814,3,0,0,"NOOOOOO WE WONT BE DOING THAT AT ALL #weddingsituation #weddingstory #weddingstorytime #storywedding #storytimewedding #weddingguest #situationwedding #weddingvendor #weddinghumor #weddinglol #weddinglaugh #weddingplanning #weddingplanner #2023bride #2024bride #weddingtiktok #2025bride #2026bride"
"<a href=""https://www.tiktok.com/@user7388431600768/video/7502382044643626270"" target=""_blank"" class=""btn btn-sm"" style=""background-color: #00926c; color: white; text-decoration: none; padding: 2px 8px; border-radius: 4px; font-size: 0.8em;"">View Post</a>",1,"user7388431600768",2025-05-09 09:55:16,1,347,4,0,0,"NOOOOOO WE WONT BE DOING THAT AT ALL #weddingsituation #weddingstory #weddingstorytime #storywedding #storytimewedding #weddingguest #situationwedding #weddingvendor #weddinghumor #weddinglol #weddinglaugh #weddingplanning #weddingplanner #2023bride #2024bride #weddingtiktok #2025bride #2026bride"
"<a href=""https://www.tiktok.com/@user43301358468186/video/7502381932542446879"" target=""_blank"" class=""btn btn-sm"" style=""background-color: #00926c; color: white; text-decoration: none; padding: 2px 8px; border-radius: 4px; font-size: 0.8em;"">View Post</a>",1,"user43301358468186",2025-05-09 09:55:09,1,388,3,0,0,"NOOOOOO WE WONT BE DOING THAT AT ALL #weddingsituation #weddingstory #weddingstorytime #storywedding #storytimewedding #weddingguest #situationwedding #weddingvendor #weddinghumor #weddinglol #weddinglaugh #weddingplanning #weddingplanner #2023bride #2024bride #weddingtiktok #2025bride #2026bride"
