"Network","Number of Accounts","Network Density","Network Diameter","Clustering Coefficient","Avg Views","Avg Likes","Avg Comments","Avg Shares","Member Accounts"
1,8,0.357,21,0.273,5036.911,282.196,41.411,83.982,"gduhx01, fduic5, hdhxh3484, lxjjc, aedhdjcoof, sharleen.howard, fcjjv86, user7605976152392"
2,14,0.297,41,0.484,3287.044,64.669,0.919,2.044,"syedacherry0, ihihgi1, housn103, ggdcxg1, aedjdpckd, gisela.lipke, ubf084006c, yeifb0, user190472852374, geujcc, uosnatiahwk, xx16682, bdoci6, zg.hcugystsxy"
3,4,0.5,14,0,2051.097,102.839,0.871,0.323,"jdododh5, vdkfofu, idhd139, vickycarr530"
4,6,0.467,19,0.429,5441.314,179.882,1,2.529,"hciiv26, craig.harrell0, steven.garrison13, cp.eagdu, gxiiff3, user8168691298265"
5,2,1,9,0,2063,95.133,1.267,0.933,"hullen.nguyen, user8508148033286"
6,8,0.393,22,0.375,17876.242,259.348,2.576,4.348,"jfdd653, aedhdici, fauy8466, bfihc, hdr86575, aedyckctu, pratt_movie, cirila.mccorkle"
7,3,1,15,1,6722.333,129.333,1.633,1.333,"cbjf05, jdkckcj2, verity.holland"
8,2,1,8,0,1590.5,73.929,1.143,0.571,"dguy8654, bgfddf8888"
9,2,1,8,0,1983.722,61.333,0.778,0.389,"user5203530187060, user2268806570260"
10,4,0.5,14,0,9811.207,369.862,3.241,18.724,"gdjf6745, nlogbdd, schcy24, blxhx"
11,2,1,6,0,18949.562,226.75,3.625,19.688,"dawnya_movie, yyugesjj"
12,3,0.667,13,0,4152.05,118.15,1.55,1.15,"guu34210, cxf.hgv5, thuy4458"
13,3,0.667,18,0,7609.444,225.407,1.704,1.481,"hbvvf739, idgc38, tyshia_movie"
14,10,0.6,20,0.701,10513.884,194.652,2.029,29.594,"user19468614708518, user7361651570203, user386963311513, user8653602093025, user8794483655797, user2920462956526, user1203613923425, user7166160034825, user2932993437321, user8847609801518"
15,2,1,14,0,1877.267,55.333,1.267,3.6,"mgnjaf1804, lucy9734"
16,2,1,6,0,51256.778,925.444,30.556,343.111,"user13440723215022, user74025491342348"
17,2,1,6,0,3373.556,62.333,1.444,5.222,"user9983484668140, xfgg8164800"
18,2,1,9,0,1745.25,60,0.417,1.5,"lisa9aa3, stazqywodkv"
19,2,1,8,0,9602.364,157,5.727,17.364,"user37045192591991, user1440311073355"
20,2,1,7,0,745.583,23.333,0,0.167,"cifgoo, gkkfykjb"
21,18,0.157,52,0.362,784.453,37.906,0.291,0.274,"lpdjjnk, gjgkgg0, gigigjj, iggkgmv, jffihofff, liyonyonlll, cjsllfd, chkchifofo, yoayoayanyan, ohchocx, huangliyoa, hootchxs, user4520243691193, skkfdxh, user1776924848635, if.en.is.fam, kaylabigsjo, yun.wu15"
22,5,0.6,14,0.545,652.621,35.172,0.138,0.241,"cjgkgk45, nollbb, gduaddit, vbn1883, fjngjrffu"
23,7,0.476,16,0.414,736.054,42.865,0.486,0.351,"ugikbk4, hfjjkgi4, chiigcohhc, liyohuang, gnooloh, vibkbk7, zudhdfijg"
24,14,0.22,47,0.5,836.559,43.785,0.527,0.419,"bkvhf1, fijficvk, kgkghkv, cjgbkbl, ifkvkvo, hbjoggv, huanlyg, shfjjg4, user9960965670038, fhdjfjfj8, lojzsviu, hi.pnct, fijglhhj, zzhjdj4"
25,4,0.667,17,0.6,621.607,25.071,0.536,0.536,"jkdkj, igdigsdp, xnjjehj, dlakhjx"
26,2,1,6,0,2706.889,54.889,0.778,4.444,"abcaebpsdwf, suggest0912"
27,2,1,6,0,1532.5,33.167,0.417,0.75,"success4186, kevinstory"
28,3,1,12,1,17873.609,207.348,1.609,5.957,"now0849, rtfvwe8729949, zhiuud974000"
29,8,0.357,27,0.333,1062.543,36.543,0.783,2.957,"bcc662, babypink6896, chaff8892, user7224426108057, reading1130, huff797, books3478, watts4718"
30,3,1,10,1,1635.353,39.941,0.588,1.118,"user4503602472244, edithgriffith19594, berylsaunders19830"
31,2,1,8,0,2574.545,58,0.273,1.273,"katherinewhite19606, ritamorrison1961"
32,5,1,11,1,1280.973,58.135,1.27,4.486,"hockey2840, nhfr48186js, ddeaxmelj72, pxogmdqpa46, goodbye17507"
33,2,1,6,0,198.857,3.714,0.143,0,"nwxjeiffefk, kdvluvvd5k6"
34,4,0.5,16,0,22546.727,625.5,6.273,5.682,"fjvfjk4, jckfjd.bff, fhfg2499, user9545613515904"
35,2,1,8,0,1656.75,82.083,1.917,1.083,"carmen.vega355, user1045942439949"
36,2,1,6,0,19244.5,345.833,5.083,2.75,"aedjxpxodj, jcz0054"
37,2,1,6,0,47625.417,2373.167,15.333,7.167,"tray.ray75, kdpcjdq"
38,7,0.429,23,0.429,1633,116.909,1.327,0.691,"ryllskayaqing, ryllskaya.reddit, user4148379047616, djbdjfjff, 6dhbgbvuyqw, ksndfmggf, wefyugu"
39,11,0.455,21,0.459,10996.829,307.184,13.395,110,"chdg050, user7080026610324, gubwos, user3154950400581, ididu034, vaigg0, hpcfh, kbpsjd, user2810315813972, yiitsukb, ysishhd7"
40,5,0.6,22,0.6,2016.333,96.139,1.306,1.611,"gdkcofufn, fkfdnd, rosacasey65, djm9r, uiavao.bskvai"
41,4,0.667,17,0.6,3447.467,134.7,1.533,1.467,"cx.b28, fjyukfjjf, geievertu8, hdidkser0"
42,15,0.476,19,0.622,2453.767,128.345,2.405,1.716,"hxavnxh, sasapco, texts178, stoyouh, cagnhd, landscape5670, shotewg, tyuioaak1, rohingyao, bsbseuo, sdsdyou, hdryxd, text690, xxii911, weck01"
43,3,0.667,14,0,3253.043,145.304,3.304,6.913,"shvchjds, wotext, you.texts"
44,2,1,6,0,4198.818,170.364,3.455,6.182,"fjjgdvx, satsyou"
45,3,1,19,1,1345.154,36.808,0.846,1.577,"fhkundshunk, lin689668987, user16909390140293"
46,2,1,12,0,1784.067,100.733,4,2.4,"you55668, yourstoryttt"
47,2,1,6,0,1362.5,66.571,0.357,0.357,"loclinh.mai, zb.zb30"
48,2,1,8,0,1437.643,62.714,1.786,1.5,"laoisd6, bff.gff0"
49,4,0.667,12,0.6,1474.083,79.667,4.833,9,"hubbxmphamzhfs, august.runolfsson, feelforc0o0676, user5107401810761"
50,3,0.667,12,0,42803.3,1896.7,119.7,992.2,"ninixuaiwo, the.sshamarfan, czjqveftycqikq"
51,2,1,8,0,9177.818,497.727,18.545,90.909,"liuxiaoliu52, sweethear182"
52,5,0.4,12,0,9750.643,380,23.571,21.643,"yixiayouyixiao, mpmxaijsgfn, hhgghj8866, mamaepzkynvd, xquplfcwmvyngj"
53,2,1,7,0,247.5,12.5,2.5,1,"emadarac1ti, wwss3139"
54,2,1,8,0,307.667,19.5,3,0.833,"wang021223, wwww60993"
55,8,0.5,48,0.846,2409.819,80.542,0.711,2.458,"khanh.dao61, nhi.vo585, thuc.nguyen2010, aed0267, jajsjsn56, jvhb240, dthh824, aed2750"
56,7,0.714,18,0.764,1735.442,70.731,1.423,1.904,"nhienchau41, benedossie2, user315321397, rubin.mervy8, seile.rian, vitsu.alec1, wiate.doni0"
57,5,1,22,1,1776.311,73.533,0.733,0.8,"gooj806, jvtvc3, user3436197788624, zsdx184, zxvb736"
58,2,1,6,0,1125.667,102.583,1.25,0.833,"skunk.robinsong, may.mortk"
59,2,1,6,0,2008.214,126.571,2.214,1.071,"user000597728, djdinh4"
60,5,0.4,22,0,2278.73,114.919,2.405,0.946,"krissi.jamecia, chvchj5, jduyfjh, jfjjfhk8, ttt46024"
61,4,0.5,22,0,6024.645,160.452,2.355,1.323,"luggyi, mahasawatzke, alysha.lesiak, nandan.hirsch"
62,2,1,6,0,1663.25,120.5,1.417,1.167,"abdaziz0498, aaronjamesy"
63,2,1,7,0,2398.562,167.5,0.75,0.688,"oscar.kennedy48, aedwc0"
64,8,0.25,40,0,4420.45,137.667,7.867,43.983,"emory.drawehj, aseng.haymong, lanora.haskely, purnialesh45, juliosalazar229, sun.lilym, carlos.alberto.al886, tenbr.boozapp"
65,3,0.667,15,0,709.474,20.579,1.316,0.316,"jvdrg3, amkgvx, tho.lop4"
66,3,0.667,14,0,1102.25,51.7,0.7,0.15,"anh.maik, ddfg953, mcsha.hoangk"
67,12,1,18,1,742.821,64.926,0.474,0.337,"kubjij, qdcieh, ciojkb, hojdmc, eagehh, dhuolt, 7alconpal, fwihnf, pevkgk, reddit_allen5, fvijte, reddit_grayson99"
68,2,1,25,0,1633.75,73.225,14.375,5.3,"chummi_queen1, cutegirlbabe2"
69,4,0.5,30,0,335.9,45.709,6.673,2.582,"lovely_babo120, airplandriver120, username6652655, cutebaby_driver120"
70,2,1,6,0,106.889,10.259,0.63,0.222,"amazing_seeet120, queendriver_120"
71,2,1,13,0,530.6,37.72,3.84,0.96,"hngbaby_0, shabnam_baby0"
72,7,0.381,75,0.231,799.873,71.055,5.027,1.855,"xchinaqueen5, xchinaqueen1, tariqcreator01.08, xchinaqueen6, king_queengg0, china_deriver_0, xchinaqueen8"
73,5,1,9,1,2525.205,69.75,0.273,0.591,"ckief1163, glye82199, rust04104, dyxh0219, syic2117"
74,3,1,8,1,1372.12,71.76,0.4,1.24,"tijf9855, uraf9163, ymhr6933"
75,2,1,8,0,1431.625,85.375,0.75,0.812,"ifrt2705, sush0240"
76,2,1,9,0,7344.722,309.222,14.611,3,"dhie1905, wert2992"
77,9,0.583,42,0.725,1342.494,76.597,0.662,1,"drgd8391, jkuy0534, ghhj8554, bvoo3130, dijx3903, fhda78402, kjuq5904, okay11732, ytrq8081"
78,2,1,6,0,647.8,74.8,0.4,0.2,"fiurf9599, hgsa33741"
79,5,0.6,24,0.6,850.933,65.667,0.6,0.067,"eiej4325, gjhg8047, twkg9813, foot89786, twvs4521"
80,2,1,24,0,770.238,31.381,0.286,0.619,"bkot6010, wive0570"
81,4,0.833,19,0.75,608.593,42,0.259,0.741,"givi0331, isce0690, tugx2917, wiqg8225"
82,2,1,9,0,842.5,70.333,0.167,0.167,"coirf88774, fbgg2395"
83,2,1,9,0,1248.167,106,0.667,1,"courr1227, gour2295"
84,2,1,9,0,549.667,44.333,0.167,0.167,"urdu9708, voie3340"
85,2,1,9,0,962.167,106.5,0.333,0.833,"cjur6297, fkir2290"
86,3,1,9,1,4849.444,94.889,0.444,3.444,"hrsy60677, dhhi6645, ufsc8075"
87,3,1,9,1,813.667,72.444,0.333,1.111,"clirr5282, fnnf8890, gjguq6894"
88,2,1,12,0,12395.062,256.562,2.438,3.625,"fctjcrg9s3, qohbpksqo2"
89,2,1,6,0,1045.375,51.125,0.75,0.375,"3mbfklb, 2thgkvjd"
90,4,0.5,21,0,2164.739,69.13,0.739,0.391,"maemeg7, fteecfs, wevbocr, nqkwvc"
91,2,1,10,0,1333.583,74.083,1.583,0.25,"leoraf9, gqvgpl"
92,3,1,10,1,1912.312,42.375,0.938,0.062,"hwvrok, ljpjvh, oljclk"
93,9,0.278,25,0.222,1702.6,48.371,0.543,0.457,"jdjsbs94, gohdr4367, bxkke4723, nidaye81, bdjsbsk4, oxkops7, liaojiuyu, kikiiwanputra7, user3923265470"
94,3,0.667,12,0,1583,103,0.7,0.5,"htjzwe4, pdilul, refine74"
95,2,1,8,0,31482,1279.875,12.5,5.5,"lancg9200, 4khuik"
96,2,1,6,0,1368.5,69,0.625,0.125,"baxor3828, bzsksk1"
97,2,1,6,0,13915.429,708.571,4.714,2.286,"evfdmzl, bixukf"
98,3,1,8,1,1560.333,87.333,0.5,0.833,"xcwvym2, kdywnty, awmilke"
99,2,1,6,0,911.286,33,0.429,0,"11cjhggg, vakft4299"
100,18,0.327,24,0.52,2259,88,1.172,0.5,"cnatk3189, djisks96, jshszh6382, ncsfo3287, snoshsj, bxjxhxt, avelina.asucen, ndork4782, hxjdsj34, 1yrogls, duuff30, hzhdhs, ncjfhyrsdj, cjdjfcn, kacbr2774, nxpsa4288, xlhxhlxlh8, yourfavtwins0"
101,8,0.357,35,0.5,1865.75,83.406,1.125,0.344,"elleigh.anton, hosgsg0, cigcgict, hds.hy, ciucfyictci, gdghss35, hsbshzu0, sameerah.tare"
102,2,1,6,0,1801.143,75.571,1.571,0.286,"jxjdkssj, zdogz60"
103,3,0.667,12,0,1932.5,90,0.7,0.3,"svjssh, bdjsxn6, fhcgocgo"
104,2,1,6,0,1241.75,39.5,0.5,0.375,"khcvhlcgi, chayatarabichokkh"
105,2,1,7,0,954,39.125,0.5,0.125,"jalapo42, makya.melanny"
106,2,1,6,0,423.667,13,0,0.5,"jetnzto8i7, u2co59sux3"
107,6,0.333,14,0,44273.467,1775.133,10.333,13.433,"mixuebingcheng174, qifei6668886, chunyuan66, luckyphone320, xingyun315, yifajiubao8"
108,3,0.667,12,0,3929.533,165.533,1.6,0.667,"huohuohuo665, wss042, jianggushi40"
109,2,1,6,0,844.25,73.25,0.583,0.333,"cbwxmgpgs9, mvbdanqi"
110,2,1,7,0,879.7,69.8,0.5,0.2,"fafafafafafafacai, gzd4hao"
111,2,1,6,0,18477.312,506.312,4.375,2.688,"chauijznz1, chuaikaa3"
112,2,1,6,0,52538.231,2499.308,110.385,14.462,"snf.and, uths76"
113,2,1,8,0,1698.188,110.75,1.75,4.562,"guch008, user19103225080680"
114,2,1,6,0,2430.84,25.08,0.04,0.28,"ifndnfjfjd, zjsrryuui"
115,5,0.7,18,0.643,20854.367,1279.833,3.9,19.733,"gajis40, cisos51, gjdi03, vsuau5, wkhsfs"
116,8,0.429,35,0.581,3625.592,147.776,1.98,3.204,"toiyy5, hurrryu, oshasg, gdjdi63, tessh95, jspsns3, xvnmh8, tug35587"
117,4,0.667,18,0.6,18210.781,889.562,8.188,8.531,"fbnggg2, akksdb4, ghebdts, nfjsk12"
118,16,0.175,79,0.462,29020.735,1071.99,8.306,8.571,"eyidk5, rtikb3, dghhg372, owuhwh, hfstil3, oaisg2, isgsjdj0, sfagnd, bjspsp, flsosi5, jelejeh1, lzozi3, gysfh4, zvjsl, segji2, qllsks0"
119,16,0.35,33,0.551,928.031,37.286,0.304,0.683,"arffug, hdmjwo1, rtwgui, pbpktw, idpeoc, bpgarp, puhrra, hidouo, bipiqo, eqmhqf, dtbtcc8, sqifhw, hltuoq, lhqitc, ucdrmh, wgslhe"
120,2,1,6,0,3461.667,76.5,2,0.667,"hdicok57, hfigi61"
121,10,0.267,34,0.391,1974,39.379,1.121,10.227,"danamcgee3, ketsuno_4333, chuchugonzalez06, rudylefkowitz, ctdliguo, bhsn473, gdypmm, bddixon43, barakah.yasmine.s, zurina.sara"
122,3,0.667,14,0,792.05,33.85,2.2,9.2,"ethan.carter.mitchell, lahab.fakhiri.ari, olivia.ava.davis"
123,2,1,6,0,895.545,35.818,1.636,5.182,"melissahrenteria, salah.hakem.sayeg"
124,6,0.333,25,0,545.903,39.161,2.806,9.806,"safiyyah.iftikar, ghadir.tamadur.ba, latifnusrahshamon, hvoykvagyy, redidgbxozg6, saniyah.rafidah.k"
125,2,1,8,0,359.636,21.364,1.182,5.818,"osudgiwy1, twodgcjq"
126,4,0.833,13,0.75,769.95,39.65,1.95,11,"trjjffj, cenhaa1, hggsjdjd, user8002887193765"
127,3,0.667,12,0,19164.125,191.688,21.938,142.438,"pakanzhz, blake.payne028, ghydfrptqsq"
128,2,1,7,0,2206.727,220.818,12,49.182,"money.is.coming.qi2, todbatz"
129,2,1,6,0,5684.933,110.333,1.133,2.2,"user12390941773567, chghghj"
130,2,1,6,0,4324.235,99.118,5.647,3.118,"cute_queen7102, username0022660"
131,14,0.176,82,0,4129.151,261.116,11.373,2.987,"amazingpilot0, amazingpilot2, beautyqueendriver3, chinesebeauty39, dogsfan7, gorgeousgirl268, beautifulseen30, beautiful46h, cardriving139, grilofchina, chinna_deiver_girl0, janimani417, moderngril5, modernofuk"
132,2,1,6,0,2118.357,95,2.571,0.643,"ugcbmlok, tomst803"
133,5,0.4,27,0,2291.6,85.2,1.875,0.65,"aedfjrgj, fhcdtb, aed1646, aed6322, tim.david55"
134,2,1,6,0,1374.714,61.214,1.286,0.429,"gubcf45, gjvghv34"
135,2,1,7,0,616.571,43,0.857,0.071,"fvsthx7, aed2581"
136,5,1,18,1,772.656,1.875,0.01,0.292,"mgallaudio, knl39aprh6, mgallsharring, avafind2, tptk02426yr"
137,9,0.306,24,0.333,3050.211,86.421,0.526,9.421,"ghhh68262, fvjj31, f422656, user70209713058765, user91103639038365, user6616125819445, ggvb3941, g311384, vjhc5273"
138,14,0.22,24,0.296,3407.667,99.294,0.392,13.451,"hkkff672, ifog064, user767857409008, user91653119465943, user7849515319463, user9005597870510, user81270042454110, user4326551361137, g275176, user2687486263849, user4056258516186, user9470135476286, movie.jfd, user9620504059838"
139,2,1,7,0,13690.9,369.1,1.1,8.6,"user1327378717261, user9960528869663"
140,2,1,8,0,8105.625,119.5,0.875,2.75,"tigflg, user15466775195964"
141,4,0.5,21,0,1027.5,39.417,0.083,1.417,"g702856, d5392001, u0607333, user6568530949004"
142,2,1,9,0,3757.5,81.333,4.167,2.5,"g597095, user85481191053161"
143,3,1,9,1,3497.667,52.889,0.333,0.111,"d2022913, u5743879, user2827107307696"
144,2,1,6,0,498,25.167,0,0.167,"j581261, user5032462547819"
145,3,1,9,1,1139.556,41.111,0.333,0.778,"h8078715, user1675936058611, y089712"
146,4,0.5,21,0,756.917,27.417,0,0,"g841627, g5583124, user79139531378257, gjlgcgh"
147,19,0.135,27,0.198,1182.891,50.326,0.674,1.739,"fssch1, hddgjj79, fsfhj07, tsxhj6, fdsfhj84, gesfhu1, ddghj064, dhddt67, user37946701199785, stfvb6, hrfji7, ngcvgh3, gatfshs, yedfhj0, fdcbj48, vmdew, vlnfs4, hydfhj70, yjgdsw"
148,7,0.524,12,0.429,1139.5,62.636,0.364,6.636,"jdmfj44, thgd724, gdscb08, tffyib, gadgj32, user8000762929094, user5070466660023"
149,2,1,6,0,962.429,68.714,0.429,2,"sfhh2223, user9342283006096"
150,42,0.082,38,0.216,1880.446,89.432,0.932,5.635,"hfsdhj96, gkfd018, hdchj41, hq12151718, uzrd3, fijgd50, hdsy281, user6168144540470, hocxfi, tf29142, user6758753838000, hnfsw70, jgvh67, user28840388704006, yufbvf, eggss96, fdgg7273, user612958049219, gnsmel, tkre891, gfvhj98, hyfjk45, uddgh081, yurvbg2, fkhfe5, jekd5783, grsgh5, htdgji05, hdhit79, tsdgu3, user9178698708273, tdfhj07, hrdgj17, user7804416262677, fihds20, user8478108672003, thgdd80, flfds, tfst35, user272614186296, jffhk8, zdhhj04"
151,6,1,9,1,328.889,7.222,0.111,0,"fu445778668, fudhghvjj, hffhvufhfg, user33929699946563, user386502720312, user40937663977447"
152,6,0.667,14,0.6,2476.292,102.208,1.125,5.042,"rusrsuy, kiumerum, ufy468, d548930, tsusig7, user33539405804153"
153,10,0.622,14,0.769,2469.579,165.132,1.658,9.526,"user918416806877, user5504332929509, r.f.f.f..e, dhdy311, tidt55, bbbmm480, umd274, user6100349282272, odt614, tjgde40"
154,8,0.5,16,0.545,3314.875,91.75,0.25,6,"hybj0222, user3884378113418, hydu454, user5831942911597, to24123, fgvv752, fhgse42, ecbb18"
155,8,0.464,27,0.562,869.292,28.125,0.417,0.292,"cc852324, b0707293, g1484809, b957251, gh71808, user113292506713, ggg00435, user4260031255720"
156,2,1,10,0,2445.733,76.333,0.467,3.467,"grdgj94, user9169168814834"
157,2,1,6,0,1010.125,82.875,0.375,1,"gdgji82, usfuzr"
158,2,1,8,0,694.625,51.125,1,0.25,"user6673066539792, grdgh36"
159,2,1,9,0,214.167,11.333,0,0.167,"donahue.albert1, quincy.johnson64"
160,2,1,8,0,309.333,22.333,0.333,0.333,"n8nxxhtag0, bzwvs28if7"
161,2,1,6,0,642.2,17.8,0.2,0.4,"k2p8cto682, nilsuozturk25"
162,3,0.667,13,0,93,3.111,0.111,0.222,"vikawin.gayorlil, we82ey9o65, xf0jiyagf0"
163,3,0.667,12,0,404.125,17.625,0.25,1.5,"ted.antoinette1, jo.fast26, vot5ppl"
164,2,1,9,0,89.833,6.667,0.5,0,"otisjoe14, georgia.christian3"
165,8,0.571,18,0.444,1001.417,46.792,0.5,1.042,"amadeus.pena, lstr.nghe7, dingmanhiga, jose.luis8891, zaiden.emerald, gusl.nlod03, user504616626, zaryiahcambria"
166,3,0.667,12,0,568.429,60.714,0.286,0.286,"krivakwengerd, fugui082, user9905305848176"
167,2,1,8,0,550.625,35,0.125,2.125,"huggettguziec195, jiejielove0001"
168,3,0.667,13,0,951.25,36.917,1.75,2.167,"ilovevgycguhyi467, greatename466, fassiogasch198"
169,2,1,6,0,154,3.625,0.25,0,"nihaoya0002, luensmanntuma245"
170,3,1,7,1,511.917,27.333,0.167,0.75,"devinkary0516, jiejielovetao518, nikebimm0445"
171,4,0.5,24,0,298.688,10.062,0.062,0.062,"forwardcode423, speakingspeak.464, taotao100086465, goisthillwig517"
172,2,1,6,0,1324.222,43.222,0.444,0.778,"taotao100224, user53220988591844"
173,2,1,8,0,195,9,0.182,0,"baobaom402, congminhbang"
174,2,1,6,0,385.6,14.7,0.1,0.1,"thanhinhnguyen414, mashuo2708"
175,2,1,9,0,4377.333,51.167,0.333,0,"oi35zqcbb7, oxq8jfdfu9"
176,5,0.9,12,0.875,437.958,18.5,0.292,1.792,"gexlxyakfsiwn5, douglasstuart0509, funnys318, lnteresting_world, user17916819551"
177,2,1,6,0,539.25,27,0.125,0,"bkef48szc, user9613378347422"
178,2,1,6,0,1009.857,30.143,0,0,"coreyjoyce2010, josephcoffey2001"
179,12,0.364,52,0.5,955.754,38.913,0.536,0.696,"cjjr8012, didh3868, coyrg2348, jccj44506, gkieg99990, glueg7414, ehen2929, befa5473, hfgi3634, abvo9287, urcj8539, didu9573"
180,5,0.9,24,0.875,563.921,30.684,0.5,0.105,"dtxijq, eqxela7, jecxsz, ldaphc, zysmpbz"
181,5,1,22,1,796.971,36.286,0.257,0.314,"wdjcus5, ozvpix, nizbbd, idsdyl5, wgxodu"
182,5,1,23,1,563.538,24.564,0.769,0.333,"tllbwg, mpypax, gacbwp, fqyjbw, wihwth"
183,5,1,31,1,698.852,49.167,0.981,0.685,"lhzhzw, calfkg, qbjqgx, pzfjwg, rlumvi"
184,5,1,34,1,2479.37,108.056,2.111,0.5,"cxjunn7, nzdifo, hxrbdqi, orfywp8, sypvvz"
185,3,1,8,1,458.167,18.25,0.667,0.083,"hjhghk08, gfcgc07, owwnbs"
186,2,1,8,0,970.583,65.083,3.083,0.667,"puata14, ncfu4"
187,2,1,8,0,28994.375,94.75,1.375,4.75,"tebao88, ttbao886"
188,4,0.5,20,0,45943.25,315.875,8.188,11.188,"user2909440165804, duigedale3512, ttbao8866, wdb3334"
189,4,0.5,20,0,3297.75,100.708,2.5,13.25,"tidfs5, sdfhi74, rsvjj6, tkgfe0"
190,2,1,7,0,887.25,62.5,0.833,2.417,"user3584030388102, gxkztist"
191,13,0.385,30,0.592,2087.798,77.84,0.936,5.287,"user36510656670723, gjyg686, gehr148, user7617569360313, lijhgtji, djcds8, hfdsgh257, user2051158278284, itdotdot, gig08481, ydodti, ggvh834, user6245910017626"
192,12,0.455,19,0.613,1968.553,108.043,1.574,9.511,"iltrukikr, grdgh760, txit05, hrsvh24, user7143669498156, ditsriits, gnsky51, h4272072, user53031585909531, gdxhij, hdxhk50, muimrli"
193,2,1,6,0,34941.333,2739.667,30.25,2802.5,"upflucylx, ztixti77"
194,3,1,8,1,2730.364,89.091,0.909,24.545,"tjfee2, user6881678887137, frxhn81"
195,14,0.165,50,0.24,2036.547,106.208,1.623,6.849,"bfssfh98, t.ill411, du98092, rhdss79, kgx703, itdtdi88, user36152385037491, gdgjk321, fachi127, ocycoy1, ditizt3, key57173, grfduj, user817885207972200"
196,4,0.667,14,0.6,909.688,51.938,1.625,0.938,"u913503, dchj473, fm04718, tjgew5"
197,2,1,16,0,8110.647,155.353,15.647,11.471,"reddit_ignatius8, shbsdd2"
198,6,1,9,1,4790.167,18.056,0.111,0.667,"kud4001, ngs024, jkft143, user1856101144100, user2341765710300, user3188112683980"
199,2,1,6,0,183.083,19.25,1.417,0.167,"cute_doll505, cute_driver0"
200,2,1,10,0,9266.118,93.176,2.118,1.882,"text.gd, text.mmk"
201,2,1,8,0,15310.667,183.333,1.5,2.667,"hhyyut1, incrediboxmusicl"
202,3,0.667,12,0,3694,29.286,0.143,0.143,"biefenghao0269, litrentachasidy, rawedsakuya"
203,2,1,6,0,4585.4,41,0.4,0.8,"myannaeck, biefenghao77077"
204,2,1,9,0,1493.8,92.3,1.2,1.1,"dayutoureddit, fjhfjfgjchjghfhjj"
205,2,1,6,0,2087.818,75,1.273,0.455,"emma255036, wxurjfbjwkdsz"
206,3,1,15,1,6588.625,71.75,1.708,1.167,"sharemusic48, user3310281972692, zhuzhutt0"
207,2,1,9,0,44049.5,392.5,4.5,46.5,"user2795804716855, user8018436119370"
