"Network","Number of Accounts","Network Density","Network Diameter","Clustering Coefficient","Avg Views","Avg Likes","Avg Comments","Avg Shares","Member Accounts"
1,14,0.253,44,0.506,23342.387,915.347,8.68,12.333,"jsosjxj8, krug011, be.jkigv, fughf21, quincyshop08, hdifhg5, jfkovj5, jdpxorjf, bmc12655, ubhutfrx, user5626060056906, jtcytxyzey, irdc042, user6922385284275"
2,15,0.438,27,0.608,2839.957,57.304,0.87,0.809,"bdoci6, gisela.lipke, uosnatiahwk, geujcc, syedacherry0, ubf084006c, xx16682, housn103, ihihgi1, aedjdpckd, ggdcxg1, user190472852374, hdodjdb5, yeifb0, zg.hcugystsxy"
3,10,0.267,28,0.375,2601.529,101.286,1.3,1.171,"hullen.nguyen, steven.garrison13, user9724456321051, craig.harrell0, user8168691298265, gxiiff3, cbjf05, user8508148033286, cp.eagdu, hciiv26"
4,5,0.5,20,0.5,2105,112.667,1.361,3.083,"fsjoxkf, idhd139, tduuugwt, vdkfofu, jdododh5"
5,3,0.667,12,0,1685.5,79.833,0.722,1.611,"cirila.mccorkle, aedyckctu, pratt_movie"
6,3,0.667,19,0,9232.333,189.958,1.708,3.125,"jdkckcj2, ayden.riverad, verity.holland"
7,2,1,7,0,2546.071,117.071,1.357,2.143,"fuddg743, jkiffikj"
8,3,0.667,15,0,3542.864,82.273,0.909,1.273,"chcjg0, user65533709618068, vdudb33"
9,2,1,9,0,2038.933,58.867,0.6,0.333,"user2268806570260, user5203530187060"
10,3,1,11,1,1922.636,100.909,1.727,2.636,"jfdd888, bgfddf8888, dguy8654"
11,2,1,8,0,56043.133,1316.467,4.333,15.333,"aedigohdu, fjgr86434"
12,2,1,8,0,1635.733,53.467,0.933,0.467,"hbvvf739, idgc38"
13,8,0.75,15,0.758,5518.424,282.763,39.237,81.458,"aedhdjcoof, gduhx01, lxjjc, fcjjv86, hdhxh3484, sharleen.howard, fduic5, user7605976152392"
14,2,1,6,0,2762.3,63.9,0.2,2.1,"katherinewhite19606, ritamorrison1961"
15,2,1,6,0,1806.444,35.333,0,0.778,"user4503602472244, edithgriffith19594"
16,4,0.667,17,0.6,1089.958,32.083,1.458,6.375,"chaff8892, babypink6896, user7224426108057, watts4718"
17,2,1,7,0,1245.364,63.636,0.273,0.909,"huff797, books3478"
18,3,0.667,13,0,1147.412,71.706,0.706,2.294,"pxogmdqpa46, goodbye17507, hockey2840"
19,2,1,6,0,426.875,11.625,0,0,"aliyawod4l5, qzdiavzx4db"
20,14,0.264,37,0.493,347.111,12.648,0.056,0.111,"gyczxdbk475, fugikg0, kcdcbdohhqd, cymorervl98, antoinetteboone25, kdvluvvd5k6, ffhucs, oqfdryvt9x4, amywendy19961, nwxjeiffefk, tfozhsed7xz, uzezvchheub, eyvukpprejs, qtwkkghy0ol"
21,11,0.582,18,0.627,446.227,11,0,0.273,"fcyvuryeoat, hmauxknlcct, eqtpahxeftm, rapfqsrfsqr, tqhyxljd6w8, bfdthfdrpue, dkxeavlllf7, dzkivaim4ea, fxgumzmtbxj, gytwptgwax1, nquvwpsdcj4"
22,9,0.528,20,0.692,303.886,10.229,0.057,0.086,"bgysxfoqqyu, hslvsaux95k, tinkom97, bvwihpir1hk, fgukxryf5ua, bwelrxwgc1e, terrihopkins19677, lizzieperkins19631, xgxcjodm167"
23,2,1,6,0,321.625,6,0,0,"pain.gum.going, uahbobsb8iz"
24,11,0.327,32,0.545,352.114,13.682,0.159,0.182,"aqcrtyjfd13, tzifqmxp8jx, jjjdzotzkpi, yumaqtlfsi1, jtusetej2i7, siordiysmbs, lettietownsend19701, lodqmnrx247, ugvkfcuv0w9, debra.vukelic.do, v.zb.busby"
25,2,1,6,0,964.625,55.125,0.5,0,"gjgkgg0, yun.wu15"
26,3,0.667,12,0,849.917,52.417,0.167,0.25,"hfjjkgi4, chiigcohhc, vibkbk7"
27,3,0.667,12,0,1130,68.667,0.583,0.5,"cjsllfd, yoayoayanyan, ohchocx"
28,2,1,6,0,1007.5,59.25,1.375,0.875,"hbjoggv, fhdjfjfj8"
29,2,1,6,0,1727.125,43.375,0.375,0.75,"rtfvwe8729949, zhiuud974000"
30,2,1,6,0,805.75,26.875,0.375,1.5,"lisa9aa3, user7235084323045"
31,11,0.364,28,0.507,5141.618,95.912,1.529,17.25,"user1203613923425, user19468614708518, user386963311513, user2903556969068, user6186701630842, user7166160034825, user2920462956526, user7361651570203, user8653602093025, user2932993437321, user8847609801518"
32,2,1,8,0,1839,57.25,2,3.5,"mgnjaf1804, lucy9734"
33,2,1,6,0,1774.167,105,1.333,0.25,"dianaantoinette2000, nmokuqxn"
34,8,0.5,19,0.638,1819.717,130.522,2.565,1.522,"shotewg, sasapco, stoyouh, cagnhd, rohingyao, landscape5670, sdsdyou, xxii911"
35,3,1,7,1,3355.385,159.462,2.077,1.692,"stvhfhj, fjjgdvx, satsyou"
36,3,1,8,1,1913.471,45.941,1.412,0.882,"fhkundshunk, lin689668987, user16909390140293"
37,2,1,10,0,2980.091,136.273,2.545,0.364,"jana.french, aeduriosod"
38,4,1,9,1,33375.727,987.955,7.182,6.591,"fjvfjk4, fhfg2499, jckfjd.bff, bsbsbsvsv44"
39,4,0.833,12,0.75,5402.905,211.524,3.143,7.952,"bdpd57, user2201058539802, gdijdgsh4, user31313825076752"
40,4,0.667,15,0.6,70454.391,3393.13,17,14,"aedfjdhdtddy, hckgovj, maryreynolds112, tdiifhr"
41,6,0.467,21,0.5,34575.229,990.971,5.771,4.971,"hckcudh1, user1045942439949, geifocve, aedjxpxodj, user9545613515904, carmen.vega355"
42,2,1,6,0,1616.818,105.273,1.182,1.727,"aed0584, jxfjv98"
43,8,0.571,20,0.672,2963,139.091,2.023,2.318,"ididu034, gubwos, vaigg0, user2810315813972, hpcfh, user7080026610324, kbpsjd, ysishhd7"
44,5,0.7,14,0.8,15722.481,472.667,3.111,3.222,"gdkcofufn, fkfdnd, rosacasey65, djm9r, uiavao.bskvai"
45,3,0.667,14,0,4919.8,120.533,3.133,3.733,"fjyukfjjf, cx.b28, hdidkser0"
46,2,1,7,0,1483,56.1,1,2.8,"hvv.nkhc, hwj.nsks"
47,8,0.571,19,0.787,7514.186,167.302,1.86,7.674,"battl.kray, benedossie2, lawgray3, seile.rian, vitsu.alec1, rubin.mervy8, sijh37, wiate.doni0"
48,5,0.6,17,0.545,5130.194,86.774,1.194,4.032,"gooj806, user3436197788624, jvtvc3, zsdx184, zxvb736"
49,4,0.833,18,0.75,2022.962,57.423,0.846,1.462,"nhi.vo585, thuc.nguyen2010, khanh.dao61, nhienchau41"
50,5,0.7,16,0.8,8343.273,147.485,18.667,21.939,"aed2750, aed0267, jajsjsn56, dthh824, jvhb240"
51,3,0.667,13,0,390.462,40.712,4.462,1.154,"airplandriver120, username6652655, cutebaby_driver120"
52,4,0.5,52,0,634.436,51.154,3.718,2.487,"xchinaqueen5, xchinaqueen1, tariqcreator01.08, xchinaqueen8"
53,2,1,13,0,2281.75,144.75,8.188,5.625,"hngbaby_0, shabnam_baby0"
54,2,1,6,0,4248.75,104.833,1.417,7.167,"jebrt.keehg, thanh.dngp"
55,2,1,9,0,1335.818,130.273,0.727,3.545,"drape.ivoe, bagge.hazelk"
56,2,1,6,0,1650.417,138,1.083,1.167,"aedhsks, omaro.macovei"
57,2,1,6,0,3254.444,154.889,3,0.333,"chvchj5, ttt46024"
58,2,1,7,0,2712.545,115.182,1.727,1.636,"luggyi, nandan.hirsch"
59,2,1,6,0,1038.917,89.083,0.667,0.417,"abdaziz0498, wadehugh2"
60,2,1,6,0,14506.1,265.3,3.1,1.9,"alysha.lesiak, monika.budimir0"
61,3,0.667,15,0,2875.571,72.143,3,19.786,"carlos.alberto.al886, juliosalazar229, tenbr.boozapp"
62,2,1,6,0,1221.5,82.8,4.6,3.8,"birdie.huff, shaunpearson226"
63,5,0.4,24,0,16664,571.952,41.81,436.476,"hubbxmphamzhfs, facaila22, the.sshamarfan, nhiem.ha07, ninixuaiwo"
64,4,0.5,20,0,1783.062,102.062,5.75,15.438,"qlkwbghynalxek, bubu.text, kkthipkztcbk, vltrxsbghmj6ss"
65,2,1,6,0,1770.25,100,12.625,29.375,"the.money6496, xiaoheiyang111"
66,2,1,8,0,3024.5,137.5,13.125,27.25,"dean.miles0, bao18story"
67,2,1,6,0,1590,99,8.857,13.857,"alexandrina.thorn, yueyueyue42"
68,5,1,27,1,1066.455,107.159,0.5,0.386,"hojdmc, kubjij, ciojkb, qdcieh, reddit_grayson99"
69,9,0.528,36,0.667,1844.769,94.788,0.5,0.75,"drgd8391, jkuy0534, ghhj8554, bvoo3130, dijx3903, fhda78402, kjuq5904, okay11732, ytrq8081"
70,5,1,9,1,1804.455,82.273,0.386,0.364,"ckief1163, glye82199, rust04104, dyxh0219, syic2117"
71,3,1,7,1,2169.273,85.227,0.409,1.091,"tijf9855, uraf9163, ymhr6933"
72,2,1,7,0,1520.438,66.625,0.562,0.375,"ifrt2705, sush0240"
73,2,1,8,0,3321.556,83.167,0.667,0.556,"dhie1905, wert2992"
74,2,1,24,0,1098.941,43.529,0.235,1.176,"bkot6010, wive0570"
75,11,0.255,66,0.414,2084.415,80.446,0.385,0.831,"fbgg2395, coirf88774, courr1227, gjguq6894, fkir2290, cjur6297, urdu9708, clirr5282, fnnf8890, gour2295, voie3340"
76,4,0.667,15,0.6,2459.708,77.958,0.333,2.417,"dhhi6645, hrsy60677, xihz9643, ufsc8075"
77,2,1,6,0,3141.111,59.5,0.889,0.667,"fvbsiw, dsmtec"
78,2,1,9,0,1656.75,71.25,0.5,0,"26hdjwjq, xbxb6381"
79,2,1,8,0,1187.25,40.625,0.625,0.125,"mjbwysq6, vedrdzy"
80,2,1,6,0,10645.625,375.625,5,4,"nhllos8, nqkwvc"
81,2,1,6,0,1411.625,75.5,1.75,0.625,"leoraf9, gqvgpl"
82,5,0.9,12,0.875,1146.056,64.833,0.722,0.5,"ncsfo3287, cjdjfcn, duuff30, ncjfhyrsdj, 1yrogls"
83,3,1,8,1,1372.167,42.75,1.167,0.25,"hwvrok, oljclk, ljpjvh"
84,3,0.667,13,0,2180,84.636,1.545,0.364,"djisks96, hzhdhs, snoshsj"
85,5,0.5,20,0.429,1331.053,80.947,0.947,0.474,"kacbr2774, nxpsa4288, bxjxhxt, jshszh6382, yourfavtwins0"
86,2,1,6,0,1216.455,46.364,2.636,3.455,"41ghqq, jxgxi8"
87,2,1,6,0,1612.143,115.857,0.714,0.571,"pdilul, refine74"
88,3,0.667,14,0,1132.588,49.353,0.765,0.412,"jdjsbs94, 1qwdjjd, kenworthyhoo"
89,8,0.321,27,0.353,1414.433,43.233,0.833,0.433,"oxkops7, kikiiwanputra7, joycecody, bdjsbsk4, nidaye81, user3923265470, bxkke4723, liaojiuyu"
90,3,1,8,1,1693.636,72.818,1.727,0.182,"vxissvsb, evfdmzl, bixukf"
91,3,1,8,1,1165.5,62.5,1,0.583,"xcwvym2, awmilke, kdywnty"
92,3,0.667,14,0,15341.118,629.647,6.471,3.765,"4khuik, lancg9200, wlack2188"
93,2,1,6,0,1644.5,97,0.875,0.125,"bdjsxn6, dfittf"
94,5,0.6,18,0.6,1540.889,104.056,1.444,0.444,"ciucfyictci, gdghss35, hds.hy, hsbshzu0, hzjsjs897"
95,2,1,6,0,1542.75,83.375,0.75,0.125,"elleigh.anton, sameerah.tare"
96,3,1,8,1,1031.727,40.364,0.636,0.091,"eksmc4388, jalapo42, makya.melanny"
97,2,1,6,0,679,63.125,0.875,0.625,"oyciyciyer2, tomftg"
98,3,1,6,1,1717.167,118.667,2.417,3,"jdnchy.466.162, shahyeget.z.51, ubrrcff.z.46"
99,2,1,8,0,1857.75,163.375,1.5,0.5,"kdnfhygg.h.195, djfntt.7191"
100,6,0.467,27,0.5,1966.125,147.542,2.25,0.542,"dirkgncyy.z.110, righgtf.7.187, godjehtt.jj.101, tdgrrdd.z.37, ubfrdhuy.578.39, yvrrrrcc.g.52"
101,5,0.8,12,0.789,29938.947,1207.842,9.684,7.158,"inytfrrr.c.44, hasibkhan0956.48, rotmfhu.j.188, phunguyen0393.53, jtngbfyy.oo.199"
102,2,1,7,0,1292.125,35.875,0.375,0.375,"user87730150257653, yd.ags1"
103,2,1,6,0,423.667,13,0,0.5,"u2co59sux3, jetnzto8i7"
104,4,0.5,12,0,117341.818,4614.091,25,36.273,"mixuebingcheng174, qifei6668886, xingyun315, yifajiubao8"
105,4,0.833,17,0.75,1253.043,143.261,0.565,0.522,"facailllll12138, fafafafafafafacai, gzd4hao, mvbdanqi"
106,4,0.5,12,0,1349.083,66.917,1.333,0.333,"bihuo6660, gzd1hao, nbhonghong5, oh.geigeigei"
107,2,1,6,0,2005.545,194.273,1.909,0.273,"bigfire888, huohuo110"
108,3,0.667,12,0,1636.562,86.562,1.75,1.25,"bethany.harper8, duocidhd, hdixidnf"
109,2,1,6,0,3946.5,56.357,2.643,4,"user3922037259395, user3782324049429"
110,7,0.381,28,0.4,1643.185,17.077,0.154,1.831,"user4816167612537, user2753440325304, ddddfggfff3, ifndnfjfjd, user2558157487113, user8861376993313, tsbhehhehs"
111,4,0.833,15,0.75,12587.125,640.125,5.25,4.5,"cisos51, gjdi03, twilw0, wkhsfs"
112,2,1,8,0,1124.375,55.25,1.875,0.375,"toiyy5, xvnmh8"
113,26,0.117,152,0.494,18934.126,961.046,7.411,11.675,"itsstj2, fulknm, gheoe8, wsbhd0, wsfj4, hurrryu, oshasg, tessh95, gdjdi63, tug35587, jspsns3, eyidk5, dghhg372, owuhwh, hfstil3, oaisg2, sfagnd, bjspsp, flsosi5, jelejeh1, segji2, isgsjdj0, lzozi3, gysfh4, rtikb3, zvjsl"
114,3,0.667,15,0,18807.529,343.647,27.529,26.529,"lnppoe, reddit_ignatius8, shbsdd2"
115,7,0.381,42,0.462,670.732,24.683,0.268,0.268,"bipiqo, idpeoc, eqmhqf, bpgarp, puhrra, hidouo, sqifhw"
116,3,0.667,21,0,2898.824,67.647,0.235,1,"dtbtcc8, hltuoq, wgslhe"
117,4,0.5,28,0,817.5,51.667,0.375,2.417,"arffug, hdmjwo1, rtwgui, ucdrmh"
118,2,1,6,0,632.273,28.182,2.182,8.909,"lahab.fakhiri.ari, olivia.ava.davis"
119,3,0.667,12,0,953.143,31.143,0.857,8,"melissahrenteria, buhthah.afra.najj, salah.hakem.sayeg"
120,3,1,10,1,703.056,26.167,1.222,4.444,"nafi.rajab.guirgu, tiffany.c..irvin, zurina.sara"
121,3,0.667,15,0,651.353,51.353,2.882,12.529,"ghadir.tamadur.ba, saniyah.rafidah.k, safiyyah.iftikar"
122,3,1,12,1,455.667,28.222,3.5,7.389,"hvoykvagyy, latifnusrahshamon, redidgbxozg6"
123,4,0.667,15,0.6,1280,36.222,0.778,2.611,"lucas.parker.carter, ethan.carter.mitchell, amelia.wilson.johnson, labib.zain.hajjar"
124,2,1,14,0,411.909,20,0.727,6.545,"osudgiwy1, twodgcjq"
125,2,1,7,0,517.333,20.556,0.889,13.556,"qorusfio, yaofguqvi"
126,4,0.833,16,0.75,823.381,37.619,2.095,10.762,"cenhaa1, hggsjdjd, trjjffj, user8002887193765"
127,4,0.833,15,0.75,10667.636,328.591,25.409,113.409,"ignacio.stark, heidiramos2, blake.payne028, pakanzhz"
128,2,1,7,0,20595.273,2537.273,256.364,435.909,"luckqiqiqi25, javion.yang"
129,3,0.667,13,0,1503.722,138.333,21.111,18.444,"decker.slater, anubn95ar83d, gwendolyn.carroll3"
130,3,1,7,1,2596.417,90,0.75,3.917,"buma.zlkh, kfuda4, user7325933253248"
131,2,1,9,0,1570.75,49.083,1.5,0.583,"coicbf, usixidbd"
132,6,0.333,56,0,8831.835,666.777,29.122,10.619,"amazingpilot2, chinesebeauty39, cute_queen7102, chinna_deiver_girl0, beautyqueendriver3, username0022660"
133,2,1,16,0,196.524,39.095,5.19,0.143,"gorgeousgirl268, moderngril5"
134,5,0.4,30,0,195.574,32.796,7.037,0.019,"beautiful46h, cardriving139, beautifulseen30, grilofchina, modernofuk"
135,14,0.22,42,0.444,1569.356,118.609,0.943,1.414,".whjshshshshs, deferedeedddf, odokskjsjh, dhcfgggfhu, bcjeibox, ghzdxbj, bvasvhssjn, mlyeejyn, mdmdkkdndnrn, cghvhhj6, user1433469988696, user6812280201318, user41067558498182, xlxksnsjsk"
136,2,1,6,0,1178.4,179.1,1.4,1.1,"user4473161544200, user8609498112914"
137,2,1,6,0,1326.667,83.667,1.417,7.583,"aed3925, aed9243"
138,2,1,8,0,1007.2,79.5,1,1.5,"gjvghv34, gubcf45"
139,5,1,15,1,608.104,2.896,0.03,0.269,"avafind2, knl39aprh6, mgallsharring, mgallaudio, tptk02426yr"
140,2,1,12,0,847.385,22.462,0.462,0,"fdrnbpulsfg, wonder5537"
141,84,0.052,70,0.327,2748.246,99.917,0.904,8.585,"gesfhu1, hfdgk09, ddghj064, tsxhj6, fdsfhj84, hddgjj79, hydfhj70, user37946701199785, user30754046928858, james2396636, hdhjvkgk, tdfhj07, user6168144540470, hrdgj17, user8478108672003, vlnfs4, hnfr33, user9342283006096, user5070466660023, user8000762929094, tsdhj2, sfhh2223, brdfgh, hdchj41, eggss96, gdscb08, vmdew, user3036161758508, yedfhj0, hddgj83, gfvhj98, fijgd50, fdgg7273, gkfd018, user5091293440265, fhge82, user9178698708273, htdgji05, fbde56, user1947069783687, hdsy281, hdhit79, user612958049219, jekd5783, gddgh409, user28840388704006, user6758753838000, ghfee48, gdustei, fkhfe5, grsgh5, hq12151718, user7804416262677, yurvbg2, tsdgu3, user272614186296, tkre891, fihds20, fmgd8, jdmfj44, uddgh081, fssch1, fsfhj07, dhddt67, stfvb6, hrfji7, ngcvgh3, gatfshs, fdcbj48, thgd724, tffyib, gadgj32, hfsdhj96, uzrd3, yufbvf, hocxfi, hnfsw70, jgvh67, hyfjk45, thgdd80, flfds, tfst35, yjgdsw, zdhhj04"
142,4,0.5,16,0,2002.133,104.667,1.067,3,"tsusig7, kiumerum, hcuccu156, d548930"
143,6,0.4,24,0,5500.1,273.65,1.55,10.1,"user3884378113418, tidt55, umd274, to24123, fgvv752, user6100349282272"
144,2,1,6,0,5351.5,68.333,0.167,1.333,"user41777245086503, user7160948086077"
145,2,1,6,0,2283,50.375,0,1,"b9789612, user1475024996266"
146,4,0.5,21,0,1027.5,39.417,0.083,1.417,"g702856, d5392001, u0607333, user6568530949004"
147,2,1,9,0,3757.5,81.333,4.167,2.5,"g597095, user85481191053161"
148,3,1,9,1,3497.667,52.889,0.333,0.111,"d2022913, u5743879, user2827107307696"
149,2,1,8,0,4814.75,127.125,1.375,13.875,"ufy468, gns1528"
150,4,0.5,18,0,2834.667,77.333,0.4,1.8,"user5831942911597, fhgse42, hydu454, dhdy311"
151,2,1,7,0,4992.875,123.5,3.375,18.375,"dtyddy47, tsxhj5"
152,2,1,6,0,4068.125,113.25,4.875,4.625,"gxkztist, ydfhu1"
153,10,0.378,31,0.556,2364.815,74.389,0.926,5.519,"tjfee2, t.ill411, du98092, dadhu87, hdxhk50, dchj473, fm04718, tjgew5, ukku547, user817885207972200"
154,3,0.667,14,0,2185,74.333,0.533,4.133,"bfssfh98, user7143669498156, ditsriits"
155,2,1,7,0,4265,187.5,1.125,10.625,"user6881678887137, frxhn81"
156,2,1,8,0,4153.375,91.25,0.75,8.375,"user53031585909531, u913503"
157,11,0.345,32,0.545,5843.262,237.452,2.548,14.429,"gehr148, lijhgtji, djcds8, hfdsgh257, gnmgn, nuseyn4, itdotdot, gig08481, ilcss12, user7617569360313, ydodti"
158,4,0.5,20,0,2089.562,117.688,1.375,16.125,"unrnry, rhdss79, itdtdi88, user36152385037491"
159,9,0.389,25,0.6,26088.314,926.941,6.843,9.02,"dawnya_movie, gdjf6745, fjhvh78, schcy24, user59478597350542, blxhx, gmlkh98, nlogbdd, yyugesjj"
160,4,0.667,28,0.6,283.125,10.75,0.094,0.188,"goisthillwig517, speakingspeak.464, forwardcode423, taotao100086465"
161,8,0.393,22,0.6,637.14,27.614,1.228,0.754,"fassiogasch198, greatename466, devinkary0516, ilovevgycguhyi467, jiejielovetao518, shallownuckoles51, nikebimm0445, taotao1000448"
162,4,0.833,16,0.75,341.774,17.903,0.097,0.806,"luensmanntuma245, nihaoya0002, jiejielove0001, huggettguziec195"
163,3,1,10,1,2479.227,33.273,0.455,1.591,"devi.ntypw0367, doan04038, sjyzm173"
164,2,1,8,0,2255.375,20.125,1.125,0.125,"shadrickkham, giachauho200"
165,2,1,6,0,971,18.143,0.286,0.143,"faker5994, 440fghj"
166,2,1,6,0,641.571,18.857,3.857,0.571,"ggyykk.431, halberstamzweifel"
167,2,1,8,0,2427.125,31.375,0,0.5,"beibteacher, baobaommmmbb118"
168,2,1,6,0,411.75,23.625,0.25,1.625,"bbbmmm281000, sndlksn"
169,2,1,6,0,5363.875,7.25,0.125,3.375,"bbbmmmm274, zzjaehyun349"
170,2,1,8,0,187.125,7,0.125,1,"bbbmmm3951, bullingerdebnar"
171,2,1,6,0,1045.417,34.667,0.333,0.583,"taotao100224, user53220988591844"
172,9,0.889,18,0.889,585.481,17.13,0.148,0.074,"joannafelton0801, langhuamediaus.fgvrfn, funnys318, alice95332, lenafunk0628, gexlxyakfsiwn5, lnteresting_world, douglasstuart0509, user17916819551"
173,2,1,6,0,4356.875,30.375,0.25,0,"pvnngmbfxaplml, kellyhamilton1x4uu"
174,2,1,9,0,214.167,11.333,0,0.167,"donahue.albert1, quincy.johnson64"
175,2,1,8,0,309.333,22.333,0.333,0.333,"n8nxxhtag0, bzwvs28if7"
176,2,1,6,0,642.2,17.8,0.2,0.4,"k2p8cto682, nilsuozturk25"
177,3,0.667,13,0,93,3.111,0.111,0.222,"vikawin.gayorlil, we82ey9o65, xf0jiyagf0"
178,3,0.667,12,0,404.125,17.625,0.25,1.5,"ted.antoinette1, jo.fast26, vot5ppl"
179,2,1,9,0,89.833,6.667,0.5,0,"otisjoe14, georgia.christian3"
180,3,0.667,14,0,1938.133,118.733,2.667,5.133,"user718457106010180, qqjbbuinvzpg, aeddhjf6830"
181,2,1,7,0,5165.083,177.333,5.667,14.583,"shgdhgwtu2577, zmdheyi279"
182,3,1,11,1,24617.588,2064.118,58.824,124.059,"david.muro37, user6193818865154, ty.rshjfs2799"
183,2,1,6,0,2178.154,244.846,6.769,17.385,"aedfjggf5882, lodocarloos"
184,3,0.667,14,0,1330.429,75.429,0.5,0.357,"puata14, ncfu4, shtg02"
185,2,1,12,0,261.833,8.5,0.083,0.083,"rdfhjj0, sdff13458"
186,8,0.429,34,0.536,897.208,41.042,0.5,0.792,"cjjr8012, didh3868, coyrg2348, jccj44506, gkieg99990, glueg7414, ehen2929, urcj8539"
187,2,1,9,0,848.167,27.667,0.167,0.167,"befa5473, didu9573"
188,5,0.8,13,0.789,701.542,32.417,0.25,0.208,"wdjcus5, ozvpix, nizbbd, vunhapu, wgxodu"
189,5,0.9,15,0.875,682.038,26.846,0.423,0.5,"tllbwg, mpypax, gacbwp, fqyjbw, wihwth"
190,5,1,22,1,608.59,38,0.821,0.744,"lhzhzw, calfkg, qbjqgx, pzfjwg, rlumvi"
191,5,1,24,1,563.308,31.308,0.256,0.103,"cxjunn7, nzdifo, hxrbdqi, orfywp8, sypvvz"
