"Network","Number of Accounts","Network Density","Network Diameter","Clustering Coefficient","Avg Views","Avg Likes","Avg Comments","Avg Shares","Member Accounts"
1,2,1,7,0,5145.125,158.25,0.875,1.125,"krug011, user6922385284275"
2,6,0.533,23,0.75,32733.857,948.786,16.143,22.643,"jdpxorjf, ubhutfrx, hdifhg5, jsosjxj8, jfkovj5, fughf21"
3,15,0.4,36,0.561,3544.796,64.908,0.972,2.155,"geujcc, ggdcxg1, ihihgi1, syedacherry0, ubf084006c, bdoci6, user190472852374, housn103, uosnatiahwk, hdodjdb5, aedjdpckd, gisela.lipke, xx16682, yeifb0, zg.hcugystsxy"
4,6,0.467,26,0.5,7709.943,161.774,1.509,1.887,"ayden.riverad, hullen.nguyen, cbjf05, jdkckcj2, user8508148033286, verity.holland"
5,5,0.7,20,0.643,3774.087,165.978,1.304,2.848,"gxiiff3, cp.eagdu, craig.harrell0, hciiv26, user8168691298265"
6,4,0.667,17,0.6,1405,89.355,0.677,0.484,"tduuugwt, jdododh5, idhd139, vdkfofu"
7,3,0.667,15,0,1786.909,83.591,0.864,0.318,"dguy8654, jfdd888, bgfddf8888"
8,2,1,8,0,2129,58.941,0.824,0.353,"user2268806570260, user5203530187060"
9,3,0.667,16,0,15477.8,231.433,3.567,26.467,"gdjf6745, dawnya_movie, user59478597350542"
10,3,0.667,18,0,6358.038,331.846,1.885,1.308,"nlogbdd, schcy24, blxhx"
11,2,1,8,0,1268,73.214,0.571,1.929,"aedyckctu, cirila.mccorkle"
12,2,1,7,0,6087,171.75,1.75,1.417,"guu34210, thuy4458"
13,8,0.536,17,0.438,5278.109,290.436,42.164,86.509,"sharleen.howard, gduhx01, hdhxh3484, fcjjv86, lxjjc, fduic5, aedhdjcoof, user7605976152392"
14,2,1,10,0,9755.421,274.842,2.211,2.105,"hbvvf739, idgc38"
15,13,0.359,31,0.496,2568.333,139.892,2.217,1.567,"hxavnxh, hdryxd, shotewg, sasapco, stoyouh, bsbseuo, cagnhd, rohingyao, landscape5670, sdsdyou, texts178, xxii911, weck01"
16,4,0.667,28,0.6,3385.158,151.474,11.026,14.921,"fhkundshunk, hunntfintk, lin689668987, user16909390140293"
17,2,1,9,0,1432,65.25,1.688,1.438,"bff.gff0, laoisd6"
18,4,0.833,14,0.75,24844.875,734.542,5.125,2.792,"fjvfjk4, fhfg2499, jckfjd.bff, bsbsbsvsv44"
19,3,1,12,1,32686.167,1067.333,7.389,5.111,"hckcudh1, user1045942439949, carmen.vega355"
20,2,1,7,0,2148.889,88.167,2.222,3.167,"gmlkh98, yyugesjj"
21,10,0.289,34,0.343,9355.308,170.754,1.954,28.046,"user8653602093025, user386963311513, user2932993437321, user2903556969068, user7166160034825, user2920462956526, user7361651570203, user1203613923425, user19468614708518, user8847609801518"
22,2,1,10,0,1760.273,56,1.727,3.636,"mgnjaf1804, lucy9734"
23,2,1,7,0,745.583,23.333,0,0.167,"cifgoo, gkkfykjb"
24,3,0.667,15,0,561.118,17.118,0.118,0.235,"cjgkgk45, nollbb, gduaddit"
25,3,0.667,14,0,1034.176,50.059,0.471,0.471,"gjgkgg0, iggkgmv, yun.wu15"
26,5,0.5,25,0.429,766.143,41.5,0.321,0.464,"ugikbk4, hfjjkgi4, chiigcohhc, liyohuang, vibkbk7"
27,3,0.667,14,0,737.188,41.812,0.375,0.625,"bkvhf1, shfjjg4, zzhjdj4"
28,3,0.667,15,0,771.647,32.471,0.588,0.529,"jkdkj, xnjjehj, dlakhjx"
29,3,1,8,1,955.056,44.611,0.167,0.056,"fijficvk, kgkghkv, cjgbkbl"
30,3,0.667,15,0,946.278,45.889,1.5,0.556,"ifkvkvo, user9960965670038, fhdjfjfj8"
31,4,0.5,22,0,957.955,61.364,0.318,0.364,"cjsllfd, chkchifofo, yoayoayanyan, ohchocx"
32,3,1,10,1,22366.722,253.222,1.944,7.167,"now0849, rtfvwe8729949, zhiuud974000"
33,3,0.667,19,0,1635.353,39.941,0.588,1.118,"user4503602472244, edithgriffith19594, berylsaunders19830"
34,5,0.5,24,0.5,937.069,25.276,1.069,3.966,"babypink6896, chaff8892, user7224426108057, reading1130, watts4718"
35,2,1,8,0,2574.545,58,0.273,1.273,"katherinewhite19606, ritamorrison1961"
36,4,0.667,15,0.6,1329.136,61,1.136,3.909,"hockey2840, nhfr48186js, goodbye17507, pxogmdqpa46"
37,2,1,7,0,1568.5,95.167,1.333,0.583,"jdnchy.466.162, shahyeget.z.51"
38,2,1,8,0,1857.75,163.375,1.5,0.5,"kdnfhygg.h.195, djfntt.7191"
39,3,0.667,17,0,2568.688,183,5.25,1.375,"dirkgncyy.z.110, godjehtt.jj.101, yvrrrrcc.g.52"
40,3,0.667,14,0,1988.222,141.389,2.556,0.222,"righgtf.7.187, tdgrrdd.z.37, ubfrdhuy.578.39"
41,4,0.5,15,0,1661.783,149.391,1.87,1.87,"inytfrrr.c.44, hasibkhan0956.48, rotmfhu.j.188, phunguyen0393.53"
42,2,1,7,0,3262.583,45.583,0.833,0.333,"user87730150257653, yd.ags1"
43,2,1,8,0,74376.4,3152.9,19.2,29.3,"qifei6668886, xingyun315"
44,11,0.509,32,0.674,9081.113,266.67,11.278,87.619,"chdg050, ididu034, gubwos, user3154950400581, vaigg0, user2810315813972, hpcfh, yiitsukb, user7080026610324, kbpsjd, ysishhd7"
45,6,0.533,30,0.75,8615.038,293.717,2,2.132,"gdkcofufn, gutieyy7, fkfdnd, rosacasey65, djm9r, uiavao.bskvai"
46,3,1,15,1,4013.036,134.607,2,2.214,"fjyukfjjf, cx.b28, hdidkser0"
47,2,1,12,0,1969.882,107.235,3.647,2.294,"you55668, yourstoryttt"
48,2,1,8,0,2843.444,118.944,3.222,3.778,"shvchjds, you.texts"
49,16,0.242,84,0.626,2030.162,71.18,1.168,2.234,"benedossie2, lawgray3, seile.rian, vitsu.alec1, rubin.mervy8, nhi.vo585, thuc.nguyen2010, khanh.dao61, nhienchau41, aed2750, jvhb240, aed0267, jajsjsn56, dthh824, user315321397, wiate.doni0"
50,5,1,27,1,1770.596,73.579,0.702,0.912,"gooj806, user3436197788624, jvtvc3, zsdx184, zxvb736"
51,4,0.5,30,0,441.929,56.425,6.811,2.449,"airplandriver120, lovely_babo120, username6652655, cutebaby_driver120"
52,2,1,25,0,1845.261,82.587,14.761,5.5,"chummi_queen1, cutegirlbabe2"
53,7,0.381,74,0.231,696.662,62.295,4.54,1.561,"china_deriver_0, king_queengg0, xchinaqueen6, xchinaqueen5, xchinaqueen1, tariqcreator01.08, xchinaqueen8"
54,2,1,13,0,1517.6,100.067,6.767,3.6,"shabnam_baby0, hngbaby_0"
55,2,1,8,0,1253.75,111.312,1.25,4.188,"drape.ivoe, bagge.hazelk"
56,2,1,8,0,2372.5,168,1.05,0.8,"aedwc0, oscar.kennedy48"
57,3,0.667,18,0,2846.231,135.269,3.038,0.962,"chvchj5, krissi.jamecia, ttt46024"
58,6,0.333,37,0,4117.69,124.483,1.897,0.966,"luggyi, mahasawatzke, charlene.gilbert31, nandan.hirsch, alysha.lesiak, osiel.louis"
59,2,1,8,0,1619.6,120.4,1.533,0.933,"abdaziz0498, aaronjamesy"
60,4,0.5,16,0,5933.294,182.618,12.676,75.441,"aseng.haymong, lanora.haskely, purnialesh45, carlos.alberto.al886"
61,2,1,7,0,1081.294,41.471,1.765,1.765,"emory.drawehj, sun.lilym"
62,2,1,10,0,1018.6,32.8,1.933,0.6,"amkgvx, jvdrg3"
63,2,1,8,0,1282.938,61.375,0.438,0.188,"mcsha.hoangk, ddfg953"
64,2,1,8,0,1982.75,118.625,4.875,7.25,"wmlimxussfxn2n, zhdzxzpjkqgw"
65,2,1,8,0,7005.2,383.2,14.533,67.733,"sweethear182, liuxiaoliu52"
66,2,1,8,0,1407.4,91.6,3.7,11.5,"qlkwbghynalxek, bubu.text"
67,2,1,8,0,2612.091,132.455,10.909,21,"dean.miles0, bao18story"
68,2,1,7,0,247.5,12.5,2.5,1,"emadarac1ti, wwss3139"
69,2,1,8,0,307.667,19.5,3,0.833,"wang021223, wwww60993"
70,12,1,18,1,757.642,67.404,0.477,0.321,"hojdmc, kubjij, ciojkb, qdcieh, eagehh, dhuolt, 7alconpal, fwihnf, pevkgk, reddit_allen5, fvijte, reddit_grayson99"
71,9,0.556,54,0.695,1551.569,81.235,0.627,0.922,"drgd8391, jkuy0534, ghhj8554, bvoo3130, dijx3903, fhda78402, kjuq5904, okay11732, ytrq8081"
72,5,0.5,27,0.5,850.933,65.667,0.6,0.067,"eiej4325, gjhg8047, twkg9813, foot89786, twvs4521"
73,5,1,12,1,2238.153,74.373,0.322,0.525,"ckief1163, glye82199, rust04104, dyxh0219, syic2117"
74,3,1,10,1,1696.581,75.065,0.355,1.161,"tijf9855, uraf9163, ymhr6933"
75,2,1,9,0,1409.25,80.65,0.65,0.65,"ifrt2705, sush0240"
76,2,1,12,0,7017.417,257.833,11.25,2.417,"dhie1905, wert2992"
77,2,1,33,0,921.222,38,0.259,0.704,"bkot6010, wive0570"
78,4,0.667,20,0.6,608.593,42,0.259,0.741,"givi0331, isce0690, tugx2917, wiqg8225"
79,2,1,15,0,966.091,71.455,0.364,0.091,"fbgg2395, coirf88774"
80,9,0.306,54,0.409,2312.222,82.278,0.389,0.981,"courr1227, gjguq6894, fkir2290, cjur6297, urdu9708, clirr5282, fnnf8890, gour2295, voie3340"
81,3,1,9,1,3094.333,91.167,0.389,3,"dhhi6645, hrsy60677, ufsc8075"
82,2,1,7,0,688.875,19.042,0.333,0.333,"fvbsiw, evntft"
83,2,1,7,0,1147.667,30.778,1.167,0.333,"luqrbn2, ppnsqo"
84,2,1,13,0,9527.19,197.476,1.952,3.714,"fctjcrg9s3, qohbpksqo2"
85,2,1,9,0,1212.143,59.571,0.5,0.143,"mjbwysq6, vedrdzy"
86,3,0.667,15,0,1996.792,74.208,0.792,0.292,"fteecfs, maemeg7, wevbocr"
87,2,1,14,0,1340.562,71.188,1.5,0.312,"leoraf9, gqvgpl"
88,2,1,7,0,974.818,13.091,0,0.091,"puja.singh272, osvel.rolsea"
89,17,0.199,52,0.519,2121.462,89.452,1.172,0.473,"avelina.asucen, ncsfo3287, cjdjfcn, duuff30, ncjfhyrsdj, 1yrogls, hxjdsj34, ndork4782, wnsao4288, djisks96, snoshsj, hzhdhs, kacbr2774, nxpsa4288, bxjxhxt, jshszh6382, yourfavtwins0"
90,3,1,14,1,1785.091,42.227,0.955,0.136,"hwvrok, oljclk, ljpjvh"
91,2,1,10,0,1757.818,120.818,0.636,0.545,"pdilul, refine74"
92,2,1,7,0,1018.833,63.833,0.167,0.5,"bzsksk1, yowbc4277"
93,3,0.667,16,0,6907.188,338.375,2.562,1.062,"vxissvsb, evfdmzl, bixukf"
94,3,1,12,1,1428.944,83.889,0.944,0.556,"xcwvym2, awmilke, kdywnty"
95,2,1,11,0,21463.167,898.083,8.667,4,"4khuik, lancg9200"
96,4,0.833,16,0.75,1962.875,84.708,1.375,0.375,"hosgsg0, ciucfyictci, gdghss35, hsbshzu0"
97,2,1,8,0,1232.9,59.9,0.1,0.3,"cigcgict, hds.hy"
98,2,1,8,0,1655,83.2,1.6,0.3,"jxjdkssj, zdogz60"
99,2,1,10,0,1473.75,72.833,0.667,0.167,"elleigh.anton, sameerah.tare"
100,4,0.667,20,0.6,1500.333,40.5,0.333,0.333,"bxkke4723, user3923265470, bdjsbsk4, liaojiuyu"
101,2,1,11,0,1038.333,40.5,0.667,0.083,"jalapo42, makya.melanny"
102,4,0.667,19,0.6,1261.344,136.906,0.719,0.438,"facailllll12138, fafafafafafafacai, gzd4hao, mvbdanqi"
103,2,1,9,0,1520.083,110.75,1.75,2.25,"nbhonghong5, caifu1802"
104,2,1,9,0,1688.25,110.55,1.85,3.75,"guch008, user19103225080680"
105,2,1,7,0,2694.2,23.867,0.2,1.067,"bdhjddbjrjej, izbktlfq"
106,6,0.467,24,0.273,2098.08,21.4,0.13,1.67,"ddddfggfff3, ifndnfjfjd, user2558157487113, user8861376993313, tsbhehhehs, zjsrryuui"
107,13,0.244,43,0.444,15340.708,822.094,5.156,9.823,"cisos51, gjdi03, twilw0, wkhsfs, nfjsk12, akksdb4, fbnggg2, itsstj2, fulknm, vsuau5, gheoe8, gajis40, ghebdts"
108,8,0.464,35,0.632,5278.354,210.077,2.031,3.692,"toiyy5, hurrryu, oshasg, tessh95, gdjdi63, jspsns3, xvnmh8, tug35587"
109,16,0.208,79,0.5,31434.992,1352.369,10.485,12.377,"eyidk5, rtikb3, dghhg372, owuhwh, hfstil3, oaisg2, sfagnd, bjspsp, flsosi5, jelejeh1, isgsjdj0, lzozi3, gysfh4, zvjsl, segji2, qllsks0"
110,2,1,16,0,7547.304,151.174,17.913,11.478,"reddit_ignatius8, shbsdd2"
111,16,0.325,48,0.565,884.575,36.212,0.269,0.751,"bipiqo, eqmhqf, dtbtcc8, idpeoc, pbpktw, bpgarp, puhrra, sqifhw, hltuoq, lhqitc, hidouo, arffug, hdmjwo1, rtwgui, wgslhe, ucdrmh"
112,2,1,10,0,26565.188,751.188,4.812,4.5,"hdicok57, hfigi61"
113,2,1,10,0,495.333,16.611,0.778,3.278,"tiffany.c..irvin, zurina.sara"
114,3,0.667,21,0,654.455,50.091,3.045,11.318,"ghadir.tamadur.ba, saniyah.rafidah.k, safiyyah.iftikar"
115,3,1,17,1,445.308,29.808,2.885,7.154,"hvoykvagyy, latifnusrahshamon, redidgbxozg6"
116,5,0.4,25,0,959.026,35.053,1.526,4.237,"lucas.parker.carter, ethan.carter.mitchell, amelia.wilson.johnson, labib.zain.hajjar, olivia.ava.davis"
117,2,1,17,0,436.882,22.765,1,6.353,"osudgiwy1, twodgcjq"
118,3,0.667,18,0,457.158,18.474,0.947,9.895,"qorusfio, yaofguqvi, yoaisghif"
119,4,0.833,19,0.75,793.9,38.9,2,10.1,"cenhaa1, hggsjdjd, trjjffj, user8002887193765"
120,2,1,7,0,1442,49.875,2.875,9.375,"aasff78, manbazili"
121,4,0.667,14,0.6,952.308,33.115,1.308,5.308,"danamcgee3, chuchugonzalez06, rudylefkowitz, ctdliguo"
122,2,1,8,0,2078.933,38,0.733,15.067,"ketsuno_4333, bhsn473"
123,3,1,9,1,15823.238,237.667,22.476,123.381,"ignacio.stark, blake.payne028, pakanzhz"
124,2,1,7,0,15266.938,2036.438,193.312,296.062,"luckqiqiqi25, javion.yang"
125,2,1,7,0,1996.067,193.733,10.6,43.933,"todbatz, money.is.coming.qi2"
126,2,1,7,0,826.231,84.308,6.615,10,"anubn95ar83d, gwendolyn.carroll3"
127,13,0.167,97,0,3418.634,251.169,12.573,3.055,"amazingpilot2, beautyqueendriver3, dogsfan7, chinesebeauty39, cute_queen7102, gorgeousgirl268, beautiful46h, grilofchina, cardriving139, beautifulseen30, chinna_deiver_girl0, moderngril5, modernofuk"
128,5,0.4,31,0,1393.323,154.903,0.935,1.968,"deferedeedddf, dhcfgggfhu, bcjeibox, ghzdxbj, bvasvhssjn"
129,2,1,7,0,1923.632,204.526,1.158,2.105,"cghvhhj6, my.vsndjehdjj"
130,2,1,7,0,3984.55,139.15,2.35,0.85,"aed1646, aed6322"
131,2,1,10,0,1274.056,62.833,1.167,0.667,"gjvghv34, gubcf45"
132,2,1,7,0,2091.556,94.5,2.222,0.556,"ugcbmlok, tomst803"
133,2,1,8,0,569.412,32.059,1.353,0.412,"fhcdtb, tim.david55"
134,2,1,7,0,781.529,52.941,0.882,0.471,"fvsthx7, aed2581"
135,5,0.8,25,0.789,720.504,2.189,0.008,0.276,"avafind2, knl39aprh6, mgallsharring, mgallaudio, tptk02426yr"
136,9,0.278,36,0.3,2004.977,49.488,0.302,0.465,"gesfhu1, tsxhj6, fdsfhj84, hddgjj79, user37946701199785, james2396636, fssch1, fsfhj07, yjgdsw"
137,16,0.2,50,0.423,3634.102,113.045,0.807,5.261,"user33539405804153, rusrsuy, tsusig7, kiumerum, user3884378113418, hcuccu156, to24123, fgvv752, d548930, ufy468, user5831942911597, fhgse42, gns1528, hydu454, hybj0222, ecbb18"
138,5,0.6,21,0.545,2633.593,58.296,0.556,3.37,"tdfhj07, user6168144540470, hrdgj17, user8478108672003, user9178698708273"
139,5,0.4,32,0,2494.519,128.185,0.815,11.296,"tsdhj2, sfhh2223, brdfgh, hdchj41, eggss96"
140,31,0.108,51,0.284,2023.976,80.169,0.62,7.898,"hddgj83, gfvhj98, fijgd50, gdsfgh15, fdgg7273, gkfd018, user5091293440265, fhge82, htdgji05, user1947069783687, hdsy281, hdhit79, user612958049219, jekd5783, gddgh409, user28840388704006, user6758753838000, yrchj1, fkhfe5, grsgh5, user5081724703508, user7804416262677, yurvbg2, tsdgu3, user272614186296, tkre891, idsfgj2, fihds20, flfds, jffhk8, zdhhj04"
141,25,0.107,74,0.333,2453.486,93.964,1.203,7.123,"gdxhij, txit05, grdgh760, tjfee2, hrsvh24, user7143669498156, ditsriits, user6881678887137, gnsky51, frxhn81, user53031585909531, u913503, dadhu87, hdxhk50, muimrli, dchj473, fm04718, tjgew5, ft33271, rhdss79, itdtdi88, user36152385037491, gdgjk321, hofkst5, ocycoy1"
142,9,0.361,23,0.364,2432.65,155.775,1.6,9.65,"umd274, odt614, user5504332929509, dhdy311, user6100349282272, user918416806877, r.f.f.f..e, bbbmm480, tjgde40"
143,2,1,9,0,1976,78,0,15.333,"tffyib, gadgj32"
144,3,0.667,16,0,3287.438,79.312,0.688,8.875,"ghhh68262, user91103639038365, vjhc5273"
145,2,1,8,0,6354.889,97.667,0.444,0.889,"hkkff672, ifog064"
146,2,1,7,0,13690.9,369.1,1.1,8.6,"user1327378717261, user9960528869663"
147,2,1,8,0,8105.625,119.5,0.875,2.75,"tigflg, user15466775195964"
148,2,1,9,0,1374,35.333,0,0.333,"d5392001, user6568530949004"
149,2,1,9,0,3757.5,81.333,4.167,2.5,"g597095, user85481191053161"
150,3,1,9,1,3497.667,52.889,0.333,0.111,"d2022913, u5743879, user2827107307696"
151,2,1,9,0,382.5,15.667,0.333,0,"cc852324, gh71808"
152,5,0.4,34,0,869.667,26.333,0.267,0.2,"b0707293, g1484809, user113292506713, ggg00435, user4260031255720"
153,2,1,12,0,3117.125,74.25,1.938,3.688,"tidfs5, rsvjj6"
154,15,0.267,49,0.522,3093.226,131.562,1.657,9.818,"user3584030388102, gxkztist, user36510656670723, sdfhi74, gjyg686, gehr148, user7617569360313, lijhgtji, djcds8, hfdsgh257, user2051158278284, itdotdot, gig08481, ydodti, ggvh834"
155,2,1,7,0,3277.714,107.429,2.357,11.571,"dtyddy47, tsxhj5"
156,2,1,10,0,3079.083,129.25,1.75,3.5,"t.ill411, user817885207972200"
157,2,1,7,0,1462.125,131.375,3.25,6.5,"fachi127, key57173"
158,4,0.667,28,0.6,283.125,10.75,0.094,0.188,"goisthillwig517, speakingspeak.464, forwardcode423, taotao100086465"
159,3,1,15,1,685.833,28.542,0.958,1.25,"fassiogasch198, greatename466, ilovevgycguhyi467"
160,3,0.667,17,0,689.792,31.042,0.125,0.5,"devinkary0516, jiejielovetao518, nikebimm0445"
161,4,0.833,16,0.75,341.774,17.903,0.097,0.806,"luensmanntuma245, nihaoya0002, jiejielove0001, huggettguziec195"
162,3,0.667,17,0,2479.227,33.273,0.455,1.591,"devi.ntypw0367, doan04038, sjyzm173"
163,2,1,8,0,2255.375,20.125,1.125,0.125,"shadrickkham, giachauho200"
164,2,1,8,0,2427.125,31.375,0,0.5,"beibteacher, baobaommmmbb118"
165,2,1,8,0,187.125,7,0.125,1,"bbbmmm3951, bullingerdebnar"
166,2,1,8,0,878.417,11.417,0.167,0.833,"congminhbang, baobaom402"
167,2,1,9,0,4377.333,51.167,0.333,0,"oi35zqcbb7, oxq8jfdfu9"
168,9,0.667,16,0.667,437.588,15.706,0.176,1.039,"joannafelton0801, langhuamediaus.fgvrfn, funnys318, alice95332, lenafunk0628, gexlxyakfsiwn5, lnteresting_world, douglasstuart0509, user17916819551"
169,7,0.476,22,0,1218.32,52.12,0.68,1.32,"gusl.nlod03, jose.luis8891, lstr.nghe7, user504616626, amadeus.pena, dingmanhiga, zaiden.emerald"
170,2,1,9,0,214.167,11.333,0,0.167,"donahue.albert1, quincy.johnson64"
171,2,1,8,0,309.333,22.333,0.333,0.333,"n8nxxhtag0, bzwvs28if7"
172,2,1,7,0,39.5,0.5,0,0,"we82ey9o65, xf0jiyagf0"
173,2,1,9,0,89.833,6.667,0.5,0,"otisjoe14, georgia.christian3"
174,2,1,10,0,1397.538,96,1.308,0.923,"dayutoureddit, fjhfjfgjchjghfhjj"
175,5,0.5,15,0.375,1745.229,123.914,1.086,0.743,"ryllskayaqing, user4148379047616, djbdjfjff, 6dhbgbvuyqw, ksndfmggf"
176,3,1,8,1,458.167,18.25,0.667,0.083,"hjhghk08, gfcgc07, owwnbs"
177,2,1,12,0,1316.625,84.375,2.562,0.688,"puata14, ncfu4"
178,2,1,8,0,232.875,6,0.125,0.125,"rdfhjj0, sdff13458"
179,3,0.667,15,0,4102.5,160.167,0.917,38.25,"user91653119465943, user7849515319463, user9005597870510"
180,2,1,12,0,943.9,40.6,0,0.8,"g275176, user9470135476286"
181,3,0.667,18,0,1139.556,41.111,0.333,0.778,"h8078715, user1675936058611, y089712"
182,2,1,9,0,765.667,19.833,0,0,"g5583124, gjlgcgh"
183,6,1,9,1,328.889,7.222,0.111,0,"fu445778668, fudhghvjj, hffhvufhfg, user33929699946563, user386502720312, user40937663977447"
184,2,1,10,0,3319.941,93.706,0.529,3.412,"grdgj94, user9169168814834"
185,2,1,8,0,694.625,51.125,1,0.25,"user6673066539792, grdgh36"
186,12,0.364,52,0.5,955.754,38.913,0.536,0.696,"cjjr8012, didh3868, coyrg2348, jccj44506, gkieg99990, glueg7414, ehen2929, befa5473, hfgi3634, abvo9287, urcj8539, didu9573"
187,5,0.9,25,0.875,533.93,28.628,0.465,0.14,"dtxijq, eqxela7, jecxsz, ldaphc, zysmpbz"
188,5,1,25,1,798.619,37.857,0.238,0.286,"wdjcus5, ozvpix, nizbbd, idsdyl5, wgxodu"
189,5,1,23,1,598.455,27,0.795,0.409,"tllbwg, mpypax, gacbwp, fqyjbw, wihwth"
190,5,1,37,1,673.254,47.851,0.94,0.821,"lhzhzw, calfkg, qbjqgx, pzfjwg, rlumvi"
191,5,1,43,1,2128.308,93.477,1.769,0.431,"cxjunn7, nzdifo, hxrbdqi, orfywp8, sypvvz"
192,2,1,8,0,28994.375,94.75,1.375,4.75,"tebao88, ttbao886"
193,2,1,8,0,79138.125,539.75,11.75,13.25,"duigedale3512, ttbao8866"
194,6,1,9,1,4790.167,18.056,0.111,0.667,"kud4001, ngs024, jkft143, user1856101144100, user2341765710300, user3188112683980"
195,2,1,10,0,9266.118,93.176,2.118,1.882,"text.gd, text.mmk"
196,2,1,8,0,15310.667,183.333,1.5,2.667,"hhyyut1, incrediboxmusicl"
197,2,1,9,0,1845.6,72.133,1.4,0.4,"emma255036, wxurjfbjwkdsz"
198,3,0.667,35,0,6370.259,68.148,1.704,1.148,"sharemusic48, user3310281972692, zhuzhutt0"
199,2,1,9,0,44049.5,392.5,4.5,46.5,"user2795804716855, user8018436119370"
