"Post URL","Network","Author","Timestamp","Number of Accounts","Views","Likes","Comments","Shares","Description"
"<a href=""https://www.tiktok.com/@cjdjfcn/video/7548710662558534942"" target=""_blank"" class=""btn btn-sm"" style=""background-color: #00926c; color: white; text-decoration: none; padding: 2px 8px; border-radius: 4px; font-size: 0.8em;"">View Post</a>",5,"cjdjfcn","2025-09-11 06:13:31",8,207,9,0,0,"#trending #fyp #fypage #dateupdate #brookeandjubal #phonecall #fypシ゚viral #redditstories"
"<a href=""https://www.tiktok.com/@cjdjfcn/video/7548710620552629534"" target=""_blank"" class=""btn btn-sm"" style=""background-color: #00926c; color: white; text-decoration: none; padding: 2px 8px; border-radius: 4px; font-size: 0.8em;"">View Post</a>",5,"cjdjfcn","2025-09-11 06:13:30",8,339,19,1,0,"#trending #fyp #fypage #dateupdate #brookeandjubal #phonecall #fypシ゚viral #redditstories"
"<a href=""https://www.tiktok.com/@ncsfo3287/video/7548710125075270942"" target=""_blank"" class=""btn btn-sm"" style=""background-color: #00926c; color: white; text-decoration: none; padding: 2px 8px; border-radius: 4px; font-size: 0.8em;"">View Post</a>",6,"ncsfo3287","2025-09-11 06:11:19",8,1127,86,0,0,"#trending #fyp #fypage #dateupdate #brookeandjubal #phonecall #fypシ゚viral #redditstories"
"<a href=""https://www.tiktok.com/@duuff30/video/7548710054787173645"" target=""_blank"" class=""btn btn-sm"" style=""background-color: #00926c; color: white; text-decoration: none; padding: 2px 8px; border-radius: 4px; font-size: 0.8em;"">View Post</a>",6,"duuff30","2025-09-11 06:11:56",8,985,48,0,0,"#trending #fyp #fypage #dateupdate #brookeandjubal #phonecall #fypシ゚viral #redditstories"
"<a href=""https://www.tiktok.com/@bzsksk1/video/7548709940077202718"" target=""_blank"" class=""btn btn-sm"" style=""background-color: #00926c; color: white; text-decoration: none; padding: 2px 8px; border-radius: 4px; font-size: 0.8em;"">View Post</a>",6,"bzsksk1","2025-09-11 06:10:38",8,2104,284,0,1,"#trending #fyp #fypage #dateupdate #brookeandjubal #phonecall #fypシ゚viral #redditstories"
"<a href=""https://www.tiktok.com/@zafke3177/video/7548709893499309367"" target=""_blank"" class=""btn btn-sm"" style=""background-color: #00926c; color: white; text-decoration: none; padding: 2px 8px; border-radius: 4px; font-size: 0.8em;"">View Post</a>",8,"zafke3177","2025-09-11 06:11:01",8,800,62,1,0,"#trending #fyp #fypage #dateupdate #brookeandjubal #phonecall #fypシ゚viral #redditstories"
"<a href=""https://www.tiktok.com/@cigc7586/video/7548709884255161655"" target=""_blank"" class=""btn btn-sm"" style=""background-color: #00926c; color: white; text-decoration: none; padding: 2px 8px; border-radius: 4px; font-size: 0.8em;"">View Post</a>",7,"cigc7586","2025-09-11 06:11:23",8,1278,116,0,1,"#trending #fyp #fypage #dateupdate #brookeandjubal #phonecall #fypシ゚viral #redditstories"
"<a href=""https://www.tiktok.com/@mxods3188/video/7548709876206210359"" target=""_blank"" class=""btn btn-sm"" style=""background-color: #00926c; color: white; text-decoration: none; padding: 2px 8px; border-radius: 4px; font-size: 0.8em;"">View Post</a>",8,"mxods3188","2025-09-11 06:11:10",8,1151,39,0,0,"#trending #fyp #fypage #dateupdate #brookeandjubal #phonecall #fypシ゚viral #redditstories"
"<a href=""https://www.tiktok.com/@zafke3177/video/7548709792831868173"" target=""_blank"" class=""btn btn-sm"" style=""background-color: #00926c; color: white; text-decoration: none; padding: 2px 8px; border-radius: 4px; font-size: 0.8em;"">View Post</a>",8,"zafke3177","2025-09-11 06:10:37",8,149,1,0,0,"#trending #fyp #fypage #dateupdate #brookeandjubal #phonecall #fypシ゚viral #redditstories"
"<a href=""https://www.tiktok.com/@bzsksk1/video/7548709742839991583"" target=""_blank"" class=""btn btn-sm"" style=""background-color: #00926c; color: white; text-decoration: none; padding: 2px 8px; border-radius: 4px; font-size: 0.8em;"">View Post</a>",6,"bzsksk1","2025-09-11 06:10:03",8,1149,172,0,1,"#trending #fyp #fypage #dateupdate #brookeandjubal #phonecall #fypシ゚viral #redditstories"
"<a href=""https://www.tiktok.com/@duuff30/video/7548709615567916343"" target=""_blank"" class=""btn btn-sm"" style=""background-color: #00926c; color: white; text-decoration: none; padding: 2px 8px; border-radius: 4px; font-size: 0.8em;"">View Post</a>",6,"duuff30","2025-09-11 06:10:04",8,1147,79,0,0,"#trending #fyp #fypage #dateupdate #brookeandjubal #phonecall #fypシ゚viral #redditstories"
"<a href=""https://www.tiktok.com/@cigc7586/video/7548709607930219831"" target=""_blank"" class=""btn btn-sm"" style=""background-color: #00926c; color: white; text-decoration: none; padding: 2px 8px; border-radius: 4px; font-size: 0.8em;"">View Post</a>",7,"cigc7586","2025-09-11 06:10:41",8,1092,79,0,1,"#trending #fyp #fypage #dateupdate #brookeandjubal #phonecall #fypシ゚viral #redditstories"
"<a href=""https://www.tiktok.com/@mxods3188/video/7548709280535399693"" target=""_blank"" class=""btn btn-sm"" style=""background-color: #00926c; color: white; text-decoration: none; padding: 2px 8px; border-radius: 4px; font-size: 0.8em;"">View Post</a>",8,"mxods3188","2025-09-11 06:08:52",8,338,5,0,0,"#trending #fyp #fypage #dateupdate #brookeandjubal #phonecall #fypシ゚viral #redditstories"
"<a href=""https://www.tiktok.com/@ncsfo3287/video/7548709197463014686"" target=""_blank"" class=""btn btn-sm"" style=""background-color: #00926c; color: white; text-decoration: none; padding: 2px 8px; border-radius: 4px; font-size: 0.8em;"">View Post</a>",6,"ncsfo3287","2025-09-11 06:07:57",8,1581,156,1,1,"#trending #fyp #fypage #dateupdate #brookeandjubal #phonecall #fypシ゚viral #redditstories"
"<a href=""https://www.tiktok.com/@ncjfhyrsdj/video/7548708575003151671"" target=""_blank"" class=""btn btn-sm"" style=""background-color: #00926c; color: white; text-decoration: none; padding: 2px 8px; border-radius: 4px; font-size: 0.8em;"">View Post</a>",5,"ncjfhyrsdj","2025-09-11 06:06:06",8,976,36,1,2,"#trending #fyp #fypage #dateupdate #brookeandjubal #phonecall #fypシ゚viral #redditstories"
"<a href=""https://www.tiktok.com/@ncjfhyrsdj/video/7548708554430057742"" target=""_blank"" class=""btn btn-sm"" style=""background-color: #00926c; color: white; text-decoration: none; padding: 2px 8px; border-radius: 4px; font-size: 0.8em;"">View Post</a>",5,"ncjfhyrsdj","2025-09-11 06:06:00",8,661,30,0,0,"#trending #fyp #fypage #dateupdate #brookeandjubal #phonecall #fypシ゚viral #redditstories"
"<a href=""https://www.tiktok.com/@fhcgocgo/video/7548672602001149215"" target=""_blank"" class=""btn btn-sm"" style=""background-color: #00926c; color: white; text-decoration: none; padding: 2px 8px; border-radius: 4px; font-size: 0.8em;"">View Post</a>",9,"fhcgocgo","2025-09-11 03:45:16",8,829,47,0,0,"#trending #fyp #fypage #dateupdate #brookeandjubal #phonecall #fypシ゚viral #redditstories"
"<a href=""https://www.tiktok.com/@hsbshzu0/video/7548672495780449591"" target=""_blank"" class=""btn btn-sm"" style=""background-color: #00926c; color: white; text-decoration: none; padding: 2px 8px; border-radius: 4px; font-size: 0.8em;"">View Post</a>",9,"hsbshzu0","2025-09-11 03:45:09",8,1077,156,1,0,"#trending #fyp #fypage #dateupdate #brookeandjubal #phonecall #fypシ゚viral #redditstories"
"<a href=""https://www.tiktok.com/@zdogz60/video/7548672460338597134"" target=""_blank"" class=""btn btn-sm"" style=""background-color: #00926c; color: white; text-decoration: none; padding: 2px 8px; border-radius: 4px; font-size: 0.8em;"">View Post</a>",9,"zdogz60","2025-09-11 03:45:07",8,1486,72,0,0,"#trending #fyp #fypage #dateupdate #brookeandjubal #phonecall #fypシ゚viral #redditstories"
"<a href=""https://www.tiktok.com/@fhcgocgo/video/7548672387731016991"" target=""_blank"" class=""btn btn-sm"" style=""background-color: #00926c; color: white; text-decoration: none; padding: 2px 8px; border-radius: 4px; font-size: 0.8em;"">View Post</a>",9,"fhcgocgo","2025-09-11 03:44:34",8,2986,228,2,1,"#trending #fyp #fypage #dateupdate #brookeandjubal #phonecall #fypシ゚viral #redditstories"
"<a href=""https://www.tiktok.com/@zdogz60/video/7548672380017626423"" target=""_blank"" class=""btn btn-sm"" style=""background-color: #00926c; color: white; text-decoration: none; padding: 2px 8px; border-radius: 4px; font-size: 0.8em;"">View Post</a>",9,"zdogz60","2025-09-11 03:44:40",8,1590,172,1,0,"#trending #fyp #fypage #dateupdate #brookeandjubal #phonecall #fypシ゚viral #redditstories"
"<a href=""https://www.tiktok.com/@hsbshzu0/video/7548672351353769271"" target=""_blank"" class=""btn btn-sm"" style=""background-color: #00926c; color: white; text-decoration: none; padding: 2px 8px; border-radius: 4px; font-size: 0.8em;"">View Post</a>",9,"hsbshzu0","2025-09-11 03:44:41",8,679,81,1,0,"#trending #fyp #fypage #dateupdate #brookeandjubal #phonecall #fypシ゚viral #redditstories"
"<a href=""https://www.tiktok.com/@hzjsjs897/video/7548672118284668174"" target=""_blank"" class=""btn btn-sm"" style=""background-color: #00926c; color: white; text-decoration: none; padding: 2px 8px; border-radius: 4px; font-size: 0.8em;"">View Post</a>",9,"hzjsjs897","2025-09-11 03:43:46",8,547,45,1,0,"#trending #fyp #fypage #dateupdate #brookeandjubal #phonecall #fypシ゚viral #redditstories"
"<a href=""https://www.tiktok.com/@juarezbent/video/7548672086298856734"" target=""_blank"" class=""btn btn-sm"" style=""background-color: #00926c; color: white; text-decoration: none; padding: 2px 8px; border-radius: 4px; font-size: 0.8em;"">View Post</a>",9,"juarezbent","2025-09-11 03:43:10",8,239,10,0,0,"#trending #fyp #fypage #dateupdate #brookeandjubal #phonecall #fypシ゚viral #redditstories"
"<a href=""https://www.tiktok.com/@juarezbent/video/7548671895126773022"" target=""_blank"" class=""btn btn-sm"" style=""background-color: #00926c; color: white; text-decoration: none; padding: 2px 8px; border-radius: 4px; font-size: 0.8em;"">View Post</a>",9,"juarezbent","2025-09-11 03:42:38",8,1347,136,0,1,"#trending #fyp #fypage #dateupdate #brookeandjubal #phonecall #fypシ゚viral #redditstories"
"<a href=""https://www.tiktok.com/@hzjsjs897/video/7548671836788215095"" target=""_blank"" class=""btn btn-sm"" style=""background-color: #00926c; color: white; text-decoration: none; padding: 2px 8px; border-radius: 4px; font-size: 0.8em;"">View Post</a>",9,"hzjsjs897","2025-09-11 03:42:43",8,1277,139,1,0,"#trending #fyp #fypage #dateupdate #brookeandjubal #phonecall #fypシ゚viral #redditstories"
"<a href=""https://www.tiktok.com/@cigc7586/video/7548366876238187789"" target=""_blank"" class=""btn btn-sm"" style=""background-color: #00926c; color: white; text-decoration: none; padding: 2px 8px; border-radius: 4px; font-size: 0.8em;"">View Post</a>",7,"cigc7586","2025-09-10 07:58:55",8,1082,72,0,0,"#trending #fyp #fypage #dateupdate #brookeandjubal #phonecall #fypシ゚viral #redditstories"
"<a href=""https://www.tiktok.com/@cigc7586/video/7548366259759435022"" target=""_blank"" class=""btn btn-sm"" style=""background-color: #00926c; color: white; text-decoration: none; padding: 2px 8px; border-radius: 4px; font-size: 0.8em;"">View Post</a>",7,"cigc7586","2025-09-10 07:56:30",8,771,51,0,0,"#trending #fyp #fypage #dateupdate #brookeandjubal #phonecall #fypシ゚viral #redditstories"
"<a href=""https://www.tiktok.com/@cigc7586/video/7548342091374529806"" target=""_blank"" class=""btn btn-sm"" style=""background-color: #00926c; color: white; text-decoration: none; padding: 2px 8px; border-radius: 4px; font-size: 0.8em;"">View Post</a>",7,"cigc7586","2025-09-10 06:22:48",8,304,6,0,0,"#trending #fyp #fypage #dateupdate #brookeandjubal #phonecall #fypシ゚viral #redditstories"
"<a href=""https://www.tiktok.com/@cjdjfcn/video/7548340696621632799"" target=""_blank"" class=""btn btn-sm"" style=""background-color: #00926c; color: white; text-decoration: none; padding: 2px 8px; border-radius: 4px; font-size: 0.8em;"">View Post</a>",5,"cjdjfcn","2025-09-10 06:17:20",8,1288,124,0,0,"#trending #fyp #fypage #dateupdate #brookeandjubal #phonecall #fypシ゚viral #redditstories"
"<a href=""https://www.tiktok.com/@duuff30/video/7548340686161071373"" target=""_blank"" class=""btn btn-sm"" style=""background-color: #00926c; color: white; text-decoration: none; padding: 2px 8px; border-radius: 4px; font-size: 0.8em;"">View Post</a>",6,"duuff30","2025-09-10 06:17:22",8,782,23,0,2,"#trending #fyp #fypage #dateupdate #brookeandjubal #phonecall #fypシ゚viral #redditstories"
"<a href=""https://www.tiktok.com/@ncsfo3287/video/7548340582649842974"" target=""_blank"" class=""btn btn-sm"" style=""background-color: #00926c; color: white; text-decoration: none; padding: 2px 8px; border-radius: 4px; font-size: 0.8em;"">View Post</a>",6,"ncsfo3287","2025-09-10 06:16:54",8,1070,67,1,0,"#trending #fyp #fypage #dateupdate #brookeandjubal #phonecall #fypシ゚viral #redditstories"
"<a href=""https://www.tiktok.com/@bzsksk1/video/7548340377527340319"" target=""_blank"" class=""btn btn-sm"" style=""background-color: #00926c; color: white; text-decoration: none; padding: 2px 8px; border-radius: 4px; font-size: 0.8em;"">View Post</a>",6,"bzsksk1","2025-09-10 06:16:02",8,2428,307,1,0,"#trending #fyp #fypage #dateupdate #brookeandjubal #phonecall #fypシ゚viral #redditstories"
"<a href=""https://www.tiktok.com/@bzsksk1/video/7548340363396697374"" target=""_blank"" class=""btn btn-sm"" style=""background-color: #00926c; color: white; text-decoration: none; padding: 2px 8px; border-radius: 4px; font-size: 0.8em;"">View Post</a>",6,"bzsksk1","2025-09-10 06:16:00",8,597,45,0,0,"#trending #fyp #fypage #dateupdate #brookeandjubal #phonecall #fypシ゚viral #redditstories"
"<a href=""https://www.tiktok.com/@cjdjfcn/video/7548340245650083102"" target=""_blank"" class=""btn btn-sm"" style=""background-color: #00926c; color: white; text-decoration: none; padding: 2px 8px; border-radius: 4px; font-size: 0.8em;"">View Post</a>",5,"cjdjfcn","2025-09-10 06:15:37",8,1093,87,2,2,"#trending #fyp #fypage #dateupdate #brookeandjubal #phonecall #fypシ゚viral #redditstories"
"<a href=""https://www.tiktok.com/@duuff30/video/7548340218571558158"" target=""_blank"" class=""btn btn-sm"" style=""background-color: #00926c; color: white; text-decoration: none; padding: 2px 8px; border-radius: 4px; font-size: 0.8em;"">View Post</a>",6,"duuff30","2025-09-10 06:15:29",8,462,45,1,0,"#trending #fyp #fypage #dateupdate #brookeandjubal #phonecall #fypシ゚viral #redditstories"
"<a href=""https://www.tiktok.com/@ncjfhyrsdj/video/7548340096739626254"" target=""_blank"" class=""btn btn-sm"" style=""background-color: #00926c; color: white; text-decoration: none; padding: 2px 8px; border-radius: 4px; font-size: 0.8em;"">View Post</a>",5,"ncjfhyrsdj","2025-09-10 06:15:01",8,271,7,0,0,"#trending #fyp #fypage #dateupdate #brookeandjubal #phonecall #fypシ゚viral #redditstories"
"<a href=""https://www.tiktok.com/@ncjfhyrsdj/video/7548340047288880398"" target=""_blank"" class=""btn btn-sm"" style=""background-color: #00926c; color: white; text-decoration: none; padding: 2px 8px; border-radius: 4px; font-size: 0.8em;"">View Post</a>",5,"ncjfhyrsdj","2025-09-10 06:14:49",8,992,37,0,0,"#trending #fyp #fypage #dateupdate #brookeandjubal #phonecall #fypシ゚viral #redditstories"
"<a href=""https://www.tiktok.com/@yemxp2822/video/7548339463290752286"" target=""_blank"" class=""btn btn-sm"" style=""background-color: #00926c; color: white; text-decoration: none; padding: 2px 8px; border-radius: 4px; font-size: 0.8em;"">View Post</a>",7,"yemxp2822","2025-09-10 06:12:31",8,604,61,1,0,"#trending #fyp #fypage #dateupdate #brookeandjubal #phonecall #fypシ゚viral #redditstories"
"<a href=""https://www.tiktok.com/@mxods3188/video/7548335553285016846"" target=""_blank"" class=""btn btn-sm"" style=""background-color: #00926c; color: white; text-decoration: none; padding: 2px 8px; border-radius: 4px; font-size: 0.8em;"">View Post</a>",8,"mxods3188","2025-09-10 05:57:23",8,1242,109,0,0,"#trending #fyp #fypage #dateupdate #brookeandjubal #phonecall #fypシ゚viral #redditstories"
"<a href=""https://www.tiktok.com/@zafke3177/video/7548335473547038007"" target=""_blank"" class=""btn btn-sm"" style=""background-color: #00926c; color: white; text-decoration: none; padding: 2px 8px; border-radius: 4px; font-size: 0.8em;"">View Post</a>",8,"zafke3177","2025-09-10 05:56:59",8,1058,141,1,0,"#trending #fyp #fypage #dateupdate #brookeandjubal #phonecall #fypシ゚viral #redditstories"
"<a href=""https://www.tiktok.com/@mxods3188/video/7548335106394475831"" target=""_blank"" class=""btn btn-sm"" style=""background-color: #00926c; color: white; text-decoration: none; padding: 2px 8px; border-radius: 4px; font-size: 0.8em;"">View Post</a>",8,"mxods3188","2025-09-10 05:55:39",8,1028,55,0,0,"#trending #fyp #fypage #dateupdate #brookeandjubal #phonecall #fypシ゚viral #redditstories"
"<a href=""https://www.tiktok.com/@zafke3177/video/7548335099465534733"" target=""_blank"" class=""btn btn-sm"" style=""background-color: #00926c; color: white; text-decoration: none; padding: 2px 8px; border-radius: 4px; font-size: 0.8em;"">View Post</a>",8,"zafke3177","2025-09-10 05:55:40",8,1206,166,1,0,"#trending #fyp #fypage #dateupdate #brookeandjubal #phonecall #fypシ゚viral #redditstories"
"<a href=""https://www.tiktok.com/@hsbshzu0/video/7548297268315688247"" target=""_blank"" class=""btn btn-sm"" style=""background-color: #00926c; color: white; text-decoration: none; padding: 2px 8px; border-radius: 4px; font-size: 0.8em;"">View Post</a>",9,"hsbshzu0","2025-09-10 03:28:46",8,1232,158,0,0,"#trending #fyp #fypage #dateupdate #brookeandjubal #phonecall #fypシ゚viral #redditstories"
"<a href=""https://www.tiktok.com/@zdogz60/video/7548296754723032334"" target=""_blank"" class=""btn btn-sm"" style=""background-color: #00926c; color: white; text-decoration: none; padding: 2px 8px; border-radius: 4px; font-size: 0.8em;"">View Post</a>",9,"zdogz60","2025-09-10 03:26:44",8,1860,198,0,0,"#trending #fyp #fypage #dateupdate #brookeandjubal #phonecall #fypシ゚viral #redditstories"
"<a href=""https://www.tiktok.com/@fhcgocgo/video/7548296749757123871"" target=""_blank"" class=""btn btn-sm"" style=""background-color: #00926c; color: white; text-decoration: none; padding: 2px 8px; border-radius: 4px; font-size: 0.8em;"">View Post</a>",9,"fhcgocgo","2025-09-10 03:26:43",8,219,9,1,0,"#trending #fyp #fypage #dateupdate #brookeandjubal #phonecall #fypシ゚viral #redditstories"
"<a href=""https://www.tiktok.com/@juarezbent/video/7548296738658929950"" target=""_blank"" class=""btn btn-sm"" style=""background-color: #00926c; color: white; text-decoration: none; padding: 2px 8px; border-radius: 4px; font-size: 0.8em;"">View Post</a>",9,"juarezbent","2025-09-10 03:26:38",8,1603,152,1,1,"#trending #fyp #fypage #dateupdate #brookeandjubal #phonecall #fypシ゚viral #redditstories"
"<a href=""https://www.tiktok.com/@hsbshzu0/video/7548296721856466189"" target=""_blank"" class=""btn btn-sm"" style=""background-color: #00926c; color: white; text-decoration: none; padding: 2px 8px; border-radius: 4px; font-size: 0.8em;"">View Post</a>",9,"hsbshzu0","2025-09-10 03:26:36",8,955,92,1,0,"#trending #fyp #fypage #dateupdate #brookeandjubal #phonecall #fypシ゚viral #redditstories"
"<a href=""https://www.tiktok.com/@fhcgocgo/video/7548296659415993631"" target=""_blank"" class=""btn btn-sm"" style=""background-color: #00926c; color: white; text-decoration: none; padding: 2px 8px; border-radius: 4px; font-size: 0.8em;"">View Post</a>",9,"fhcgocgo","2025-09-10 03:26:20",8,1398,195,0,0,"#trending #fyp #fypage #dateupdate #brookeandjubal #phonecall #fypシ゚viral #redditstories"
"<a href=""https://www.tiktok.com/@zdogz60/video/7548296620555668750"" target=""_blank"" class=""btn btn-sm"" style=""background-color: #00926c; color: white; text-decoration: none; padding: 2px 8px; border-radius: 4px; font-size: 0.8em;"">View Post</a>",9,"zdogz60","2025-09-10 03:26:15",8,1088,98,0,0,"#trending #fyp #fypage #dateupdate #brookeandjubal #phonecall #fypシ゚viral #redditstories"
"<a href=""https://www.tiktok.com/@hzjsjs897/video/7548295814678957326"" target=""_blank"" class=""btn btn-sm"" style=""background-color: #00926c; color: white; text-decoration: none; padding: 2px 8px; border-radius: 4px; font-size: 0.8em;"">View Post</a>",9,"hzjsjs897","2025-09-10 03:23:05",8,2410,212,0,0,"#trending #fyp #fypage #dateupdate #brookeandjubal #phonecall #fypシ゚viral #redditstories"
"<a href=""https://www.tiktok.com/@yemxp2822/video/7548005518757924127"" target=""_blank"" class=""btn btn-sm"" style=""background-color: #00926c; color: white; text-decoration: none; padding: 2px 8px; border-radius: 4px; font-size: 0.8em;"">View Post</a>",7,"yemxp2822","2025-09-09 08:37:35",8,1043,118,0,0,"#trending #fyp #fypage #dateupdate #brookeandjubal #phonecall #fypシ゚viral #redditstories"
"<a href=""https://www.tiktok.com/@cigc7586/video/7548005347944828215"" target=""_blank"" class=""btn btn-sm"" style=""background-color: #00926c; color: white; text-decoration: none; padding: 2px 8px; border-radius: 4px; font-size: 0.8em;"">View Post</a>",7,"cigc7586","2025-09-09 08:38:00",8,1115,36,1,0,"#trending #fyp #fypage #dateupdate #brookeandjubal #phonecall #fypシ゚viral #redditstories"
"<a href=""https://www.tiktok.com/@cigc7586/video/7548005309818670391"" target=""_blank"" class=""btn btn-sm"" style=""background-color: #00926c; color: white; text-decoration: none; padding: 2px 8px; border-radius: 4px; font-size: 0.8em;"">View Post</a>",7,"cigc7586","2025-09-09 08:37:32",8,554,35,0,0,"#trending #fyp #fypage #dateupdate #brookeandjubal #phonecall #fypシ゚viral #redditstories"
"<a href=""https://www.tiktok.com/@bzsksk1/video/7547977575486754079"" target=""_blank"" class=""btn btn-sm"" style=""background-color: #00926c; color: white; text-decoration: none; padding: 2px 8px; border-radius: 4px; font-size: 0.8em;"">View Post</a>",6,"bzsksk1","2025-09-09 06:48:55",8,2685,233,3,3,"#trending #fyp #fypage #dateupdate #brookeandjubal #phonecall #fypシ゚viral #redditstories"
"<a href=""https://www.tiktok.com/@duuff30/video/7547971706380504333"" target=""_blank"" class=""btn btn-sm"" style=""background-color: #00926c; color: white; text-decoration: none; padding: 2px 8px; border-radius: 4px; font-size: 0.8em;"">View Post</a>",6,"duuff30","2025-09-09 06:27:16",8,1830,231,0,1,"#trending #fyp #fypage #dateupdate #brookeandjubal #phonecall #fypシ゚viral #redditstories"
"<a href=""https://www.tiktok.com/@mxods3188/video/7547971499253124407"" target=""_blank"" class=""btn btn-sm"" style=""background-color: #00926c; color: white; text-decoration: none; padding: 2px 8px; border-radius: 4px; font-size: 0.8em;"">View Post</a>",8,"mxods3188","2025-09-09 06:25:54",8,55,2,0,0,"#trending #fyp #fypage #dateupdate #brookeandjubal #phonecall #fypシ゚viral #redditstories"
"<a href=""https://www.tiktok.com/@mxods3188/video/7547971215911144718"" target=""_blank"" class=""btn btn-sm"" style=""background-color: #00926c; color: white; text-decoration: none; padding: 2px 8px; border-radius: 4px; font-size: 0.8em;"">View Post</a>",8,"mxods3188","2025-09-09 06:24:57",8,211,0,0,0,"#trending #fyp #fypage #dateupdate #brookeandjubal #phonecall #fypシ゚viral #redditstories"
"<a href=""https://www.tiktok.com/@ncsfo3287/video/7547971064253386014"" target=""_blank"" class=""btn btn-sm"" style=""background-color: #00926c; color: white; text-decoration: none; padding: 2px 8px; border-radius: 4px; font-size: 0.8em;"">View Post</a>",6,"ncsfo3287","2025-09-09 06:23:32",8,1794,138,0,0,"#trending #fyp #fypage #dateupdate #brookeandjubal #phonecall #fypシ゚viral #redditstories"
"<a href=""https://www.tiktok.com/@bzsksk1/video/7547971056372354334"" target=""_blank"" class=""btn btn-sm"" style=""background-color: #00926c; color: white; text-decoration: none; padding: 2px 8px; border-radius: 4px; font-size: 0.8em;"">View Post</a>",6,"bzsksk1","2025-09-09 06:23:30",8,2096,241,5,1,"#trending #fyp #fypage #dateupdate #brookeandjubal #phonecall #fypシ゚viral #redditstories"
"<a href=""https://www.tiktok.com/@ncsfo3287/video/7547970715366984991"" target=""_blank"" class=""btn btn-sm"" style=""background-color: #00926c; color: white; text-decoration: none; padding: 2px 8px; border-radius: 4px; font-size: 0.8em;"">View Post</a>",6,"ncsfo3287","2025-09-09 06:21:58",8,1047,72,1,0,"#trending #fyp #fypage #dateupdate #brookeandjubal #phonecall #fypシ゚viral #redditstories"
"<a href=""https://www.tiktok.com/@zafke3177/video/7547970647175990583"" target=""_blank"" class=""btn btn-sm"" style=""background-color: #00926c; color: white; text-decoration: none; padding: 2px 8px; border-radius: 4px; font-size: 0.8em;"">View Post</a>",8,"zafke3177","2025-09-09 06:22:08",8,1257,30,1,0,"#trending #fyp #fypage #dateupdate #brookeandjubal #phonecall #fypシ゚viral #redditstories"
"<a href=""https://www.tiktok.com/@cjdjfcn/video/7547968389575200030"" target=""_blank"" class=""btn btn-sm"" style=""background-color: #00926c; color: white; text-decoration: none; padding: 2px 8px; border-radius: 4px; font-size: 0.8em;"">View Post</a>",5,"cjdjfcn","2025-09-09 06:13:07",8,1121,72,2,0,"#trending #fyp #fypage #dateupdate #brookeandjubal #phonecall #fypシ゚viral #redditstories"
"<a href=""https://www.tiktok.com/@cjdjfcn/video/7547968289452985630"" target=""_blank"" class=""btn btn-sm"" style=""background-color: #00926c; color: white; text-decoration: none; padding: 2px 8px; border-radius: 4px; font-size: 0.8em;"">View Post</a>",5,"cjdjfcn","2025-09-09 06:13:05",8,1813,213,1,3,"#trending #fyp #fypage #dateupdate #brookeandjubal #phonecall #fypシ゚viral #redditstories"
"<a href=""https://www.tiktok.com/@duuff30/video/7547968184784080142"" target=""_blank"" class=""btn btn-sm"" style=""background-color: #00926c; color: white; text-decoration: none; padding: 2px 8px; border-radius: 4px; font-size: 0.8em;"">View Post</a>",6,"duuff30","2025-09-09 06:13:12",8,1930,263,0,2,"#trending #fyp #fypage #dateupdate #brookeandjubal #phonecall #fypシ゚viral #redditstories"
"<a href=""https://www.tiktok.com/@ncjfhyrsdj/video/7547968103720717623"" target=""_blank"" class=""btn btn-sm"" style=""background-color: #00926c; color: white; text-decoration: none; padding: 2px 8px; border-radius: 4px; font-size: 0.8em;"">View Post</a>",5,"ncjfhyrsdj","2025-09-09 06:12:47",8,1040,43,0,0,"#trending #fyp #fypage #dateupdate #brookeandjubal #phonecall #fypシ゚viral #redditstories"
"<a href=""https://www.tiktok.com/@ncjfhyrsdj/video/7547967617642892557"" target=""_blank"" class=""btn btn-sm"" style=""background-color: #00926c; color: white; text-decoration: none; padding: 2px 8px; border-radius: 4px; font-size: 0.8em;"">View Post</a>",5,"ncjfhyrsdj","2025-09-09 06:10:38",8,437,18,1,0,"#trending #fyp #fypage #dateupdate #brookeandjubal #phonecall #fypシ゚viral #redditstories"
"<a href=""https://www.tiktok.com/@juarezbent/video/7547961147903757598"" target=""_blank"" class=""btn btn-sm"" style=""background-color: #00926c; color: white; text-decoration: none; padding: 2px 8px; border-radius: 4px; font-size: 0.8em;"">View Post</a>",9,"juarezbent","2025-09-09 05:44:52",8,1311,80,0,1,"#trending #fyp #fypage #dateupdate #brookeandjubal #phonecall #fypシ゚viral #redditstories"
"<a href=""https://www.tiktok.com/@juarezbent/video/7547961004194352414"" target=""_blank"" class=""btn btn-sm"" style=""background-color: #00926c; color: white; text-decoration: none; padding: 2px 8px; border-radius: 4px; font-size: 0.8em;"">View Post</a>",9,"juarezbent","2025-09-09 05:44:23",8,1440,103,4,0,"#trending #fyp #fypage #dateupdate #brookeandjubal #phonecall #fypシ゚viral #redditstories"
"<a href=""https://www.tiktok.com/@hzjsjs897/video/7547960277476674830"" target=""_blank"" class=""btn btn-sm"" style=""background-color: #00926c; color: white; text-decoration: none; padding: 2px 8px; border-radius: 4px; font-size: 0.8em;"">View Post</a>",9,"hzjsjs897","2025-09-09 05:42:25",8,2097,286,0,0,"#trending #fyp #fypage #dateupdate #brookeandjubal #phonecall #fypシ゚viral #redditstories"
"<a href=""https://www.tiktok.com/@hzjsjs897/video/7547960231695764750"" target=""_blank"" class=""btn btn-sm"" style=""background-color: #00926c; color: white; text-decoration: none; padding: 2px 8px; border-radius: 4px; font-size: 0.8em;"">View Post</a>",9,"hzjsjs897","2025-09-09 05:41:50",8,2911,213,4,1,"#trending #fyp #fypage #dateupdate #brookeandjubal #phonecall #fypシ゚viral #redditstories"
"<a href=""https://www.tiktok.com/@fhcgocgo/video/7547960137579826462"" target=""_blank"" class=""btn btn-sm"" style=""background-color: #00926c; color: white; text-decoration: none; padding: 2px 8px; border-radius: 4px; font-size: 0.8em;"">View Post</a>",9,"fhcgocgo","2025-09-09 05:40:54",8,1410,110,2,0,"#trending #fyp #fypage #dateupdate #brookeandjubal #phonecall #fypシ゚viral #redditstories"
"<a href=""https://www.tiktok.com/@zdogz60/video/7547959925457079565"" target=""_blank"" class=""btn btn-sm"" style=""background-color: #00926c; color: white; text-decoration: none; padding: 2px 8px; border-radius: 4px; font-size: 0.8em;"">View Post</a>",9,"zdogz60","2025-09-09 05:41:09",8,1365,136,0,0,"#trending #fyp #fypage #dateupdate #brookeandjubal #phonecall #fypシ゚viral #redditstories"
"<a href=""https://www.tiktok.com/@fhcgocgo/video/7547959801985256735"" target=""_blank"" class=""btn btn-sm"" style=""background-color: #00926c; color: white; text-decoration: none; padding: 2px 8px; border-radius: 4px; font-size: 0.8em;"">View Post</a>",9,"fhcgocgo","2025-09-09 05:39:40",8,1511,131,1,0,"#trending #fyp #fypage #dateupdate #brookeandjubal #phonecall #fypシ゚viral #redditstories"
"<a href=""https://www.tiktok.com/@hsbshzu0/video/7547959765251427598"" target=""_blank"" class=""btn btn-sm"" style=""background-color: #00926c; color: white; text-decoration: none; padding: 2px 8px; border-radius: 4px; font-size: 0.8em;"">View Post</a>",9,"hsbshzu0","2025-09-09 05:39:45",8,1545,250,0,0,"#trending #fyp #fypage #dateupdate #brookeandjubal #phonecall #fypシ゚viral #redditstories"
"<a href=""https://www.tiktok.com/@zdogz60/video/7547959640173186318"" target=""_blank"" class=""btn btn-sm"" style=""background-color: #00926c; color: white; text-decoration: none; padding: 2px 8px; border-radius: 4px; font-size: 0.8em;"">View Post</a>",9,"zdogz60","2025-09-09 05:39:52",8,890,113,0,0,"#trending #fyp #fypage #dateupdate #brookeandjubal #phonecall #fypシ゚viral #redditstories"
"<a href=""https://www.tiktok.com/@yemxp2822/video/7547701030818041119"" target=""_blank"" class=""btn btn-sm"" style=""background-color: #00926c; color: white; text-decoration: none; padding: 2px 8px; border-radius: 4px; font-size: 0.8em;"">View Post</a>",7,"yemxp2822","2025-09-08 12:55:05",8,154,11,0,0,"#trending #fyp #fypage #dateupdate #brookeandjubal #phonecall #fypシ゚viral #redditstories"
"<a href=""https://www.tiktok.com/@yemxp2822/video/7547700705985826079"" target=""_blank"" class=""btn btn-sm"" style=""background-color: #00926c; color: white; text-decoration: none; padding: 2px 8px; border-radius: 4px; font-size: 0.8em;"">View Post</a>",7,"yemxp2822","2025-09-08 12:53:47",8,631,23,0,0,"#trending #fyp #fypage #dateupdate #brookeandjubal #phonecall #fypシ゚viral #redditstories"
"<a href=""https://www.tiktok.com/@yemxp2822/video/7548005323882106142"" target=""_blank"" class=""btn btn-sm"" style=""background-color: #00926c; color: white; text-decoration: none; padding: 2px 8px; border-radius: 4px; font-size: 0.8em;"">View Post</a>",7,"yemxp2822","2025-09-09 08:37:00",8,268,8,0,0,"#trending #fyp #fypage #dateupdate #brookeandjubal #phonecall #fypシ゚viral #redditstories"
"<a href=""https://www.tiktok.com/@yemxp2822/video/7547700428071357727"" target=""_blank"" class=""btn btn-sm"" style=""background-color: #00926c; color: white; text-decoration: none; padding: 2px 8px; border-radius: 4px; font-size: 0.8em;"">View Post</a>",7,"yemxp2822","2025-09-08 12:52:41",8,1335,92,0,1,"#trending #fyp #fypage #dateupdate #brookeandjubal #phonecall #fypシ゚viral #redditstories"
"<a href=""https://www.tiktok.com/@cigc7586/video/7547655382072659213"" target=""_blank"" class=""btn btn-sm"" style=""background-color: #00926c; color: white; text-decoration: none; padding: 2px 8px; border-radius: 4px; font-size: 0.8em;"">View Post</a>",7,"cigc7586","2025-09-08 09:58:01",8,1483,145,0,0,"#trending #fyp #fypage #dateupdate #brookeandjubal #phonecall #fypシ゚viral #redditstories"
"<a href=""https://www.tiktok.com/@cigc7586/video/7547654391449292045"" target=""_blank"" class=""btn btn-sm"" style=""background-color: #00926c; color: white; text-decoration: none; padding: 2px 8px; border-radius: 4px; font-size: 0.8em;"">View Post</a>",7,"cigc7586","2025-09-08 09:54:05",8,337,6,0,0,"#trending #fyp #fypage #dateupdate #brookeandjubal #phonecall #fypシ゚viral #redditstories"
"<a href=""https://www.tiktok.com/@cigc7586/video/7547653876133006605"" target=""_blank"" class=""btn btn-sm"" style=""background-color: #00926c; color: white; text-decoration: none; padding: 2px 8px; border-radius: 4px; font-size: 0.8em;"">View Post</a>",7,"cigc7586","2025-09-08 09:52:09",8,1284,34,1,0,"#trending #fyp #fypage #dateupdate #brookeandjubal #phonecall #fypシ゚viral #redditstories"
"<a href=""https://www.tiktok.com/@bzsksk1/video/7547609270469053726"" target=""_blank"" class=""btn btn-sm"" style=""background-color: #00926c; color: white; text-decoration: none; padding: 2px 8px; border-radius: 4px; font-size: 0.8em;"">View Post</a>",6,"bzsksk1","2025-09-08 06:58:57",8,2042,250,3,0,"#trending #fyp #fypage #dateupdate #brookeandjubal #phonecall #fypシ゚viral #redditstories"
"<a href=""https://www.tiktok.com/@ncsfo3287/video/7547609155398274334"" target=""_blank"" class=""btn btn-sm"" style=""background-color: #00926c; color: white; text-decoration: none; padding: 2px 8px; border-radius: 4px; font-size: 0.8em;"">View Post</a>",6,"ncsfo3287","2025-09-08 06:58:32",8,1552,93,2,2,"#trending #fyp #fypage #dateupdate #brookeandjubal #phonecall #fypシ゚viral #redditstories"
"<a href=""https://www.tiktok.com/@duuff30/video/7547609017741298999"" target=""_blank"" class=""btn btn-sm"" style=""background-color: #00926c; color: white; text-decoration: none; padding: 2px 8px; border-radius: 4px; font-size: 0.8em;"">View Post</a>",6,"duuff30","2025-09-08 06:58:05",8,1077,63,0,0,"#trending #fyp #fypage #dateupdate #brookeandjubal #phonecall #fypシ゚viral #redditstories"
"<a href=""https://www.tiktok.com/@bzsksk1/video/7547608547417181470"" target=""_blank"" class=""btn btn-sm"" style=""background-color: #00926c; color: white; text-decoration: none; padding: 2px 8px; border-radius: 4px; font-size: 0.8em;"">View Post</a>",6,"bzsksk1","2025-09-08 06:56:12",8,1532,95,1,1,"#trending #fyp #fypage #dateupdate #brookeandjubal #phonecall #fypシ゚viral #redditstories"
"<a href=""https://www.tiktok.com/@ncsfo3287/video/7547608441775279390"" target=""_blank"" class=""btn btn-sm"" style=""background-color: #00926c; color: white; text-decoration: none; padding: 2px 8px; border-radius: 4px; font-size: 0.8em;"">View Post</a>",6,"ncsfo3287","2025-09-08 06:55:47",8,1145,70,1,0,"#trending #fyp #fypage #dateupdate #brookeandjubal #phonecall #fypシ゚viral #redditstories"
"<a href=""https://www.tiktok.com/@duuff30/video/7547608377904483597"" target=""_blank"" class=""btn btn-sm"" style=""background-color: #00926c; color: white; text-decoration: none; padding: 2px 8px; border-radius: 4px; font-size: 0.8em;"">View Post</a>",6,"duuff30","2025-09-08 06:55:37",8,1287,221,0,0,"#trending #fyp #fypage #dateupdate #brookeandjubal #phonecall #fypシ゚viral #redditstories"
"<a href=""https://www.tiktok.com/@mxods3188/video/7547608056897506615"" target=""_blank"" class=""btn btn-sm"" style=""background-color: #00926c; color: white; text-decoration: none; padding: 2px 8px; border-radius: 4px; font-size: 0.8em;"">View Post</a>",8,"mxods3188","2025-09-08 06:54:19",8,1454,35,1,0,"#trending #fyp #fypage #dateupdate #brookeandjubal #phonecall #fypシ゚viral #redditstories"
"<a href=""https://www.tiktok.com/@zafke3177/video/7547608048827780366"" target=""_blank"" class=""btn btn-sm"" style=""background-color: #00926c; color: white; text-decoration: none; padding: 2px 8px; border-radius: 4px; font-size: 0.8em;"">View Post</a>",8,"zafke3177","2025-09-08 06:54:21",8,10486,53,2,0,"#trending #fyp #fypage #dateupdate #brookeandjubal #phonecall #fypシ゚viral #redditstories"
"<a href=""https://www.tiktok.com/@bzsksk1/video/7547607834452577567"" target=""_blank"" class=""btn btn-sm"" style=""background-color: #00926c; color: white; text-decoration: none; padding: 2px 8px; border-radius: 4px; font-size: 0.8em;"">View Post</a>",6,"bzsksk1","2025-09-08 06:53:25",8,1161,73,1,0,"#trending #fyp #fypage #dateupdate #brookeandjubal #phonecall #fypシ゚viral #redditstories"
"<a href=""https://www.tiktok.com/@duuff30/video/7547607821425085709"" target=""_blank"" class=""btn btn-sm"" style=""background-color: #00926c; color: white; text-decoration: none; padding: 2px 8px; border-radius: 4px; font-size: 0.8em;"">View Post</a>",6,"duuff30","2025-09-08 06:53:24",8,1283,128,1,3,"#trending #fyp #fypage #dateupdate #brookeandjubal #phonecall #fypシ゚viral #redditstories"
"<a href=""https://www.tiktok.com/@ncsfo3287/video/7547607704563420446"" target=""_blank"" class=""btn btn-sm"" style=""background-color: #00926c; color: white; text-decoration: none; padding: 2px 8px; border-radius: 4px; font-size: 0.8em;"">View Post</a>",6,"ncsfo3287","2025-09-08 06:52:55",8,1086,59,0,0,"#trending #fyp #fypage #dateupdate #brookeandjubal #phonecall #fypシ゚viral #redditstories"
"<a href=""https://www.tiktok.com/@zafke3177/video/7547607516448918797"" target=""_blank"" class=""btn btn-sm"" style=""background-color: #00926c; color: white; text-decoration: none; padding: 2px 8px; border-radius: 4px; font-size: 0.8em;"">View Post</a>",8,"zafke3177","2025-09-08 06:52:13",8,67105,2671,14,12,"#trending #fyp #fypage #dateupdate #brookeandjubal #phonecall #fypシ゚viral #redditstories"
"<a href=""https://www.tiktok.com/@mxods3188/video/7547607491610266893"" target=""_blank"" class=""btn btn-sm"" style=""background-color: #00926c; color: white; text-decoration: none; padding: 2px 8px; border-radius: 4px; font-size: 0.8em;"">View Post</a>",8,"mxods3188","2025-09-08 06:52:09",8,1022,38,1,0,"#trending #fyp #fypage #dateupdate #brookeandjubal #phonecall #fypシ゚viral #redditstories"
"<a href=""https://www.tiktok.com/@zafke3177/video/7547606846203333943"" target=""_blank"" class=""btn btn-sm"" style=""background-color: #00926c; color: white; text-decoration: none; padding: 2px 8px; border-radius: 4px; font-size: 0.8em;"">View Post</a>",8,"zafke3177","2025-09-08 06:49:39",8,2351,117,0,0,"#trending #fyp #fypage #dateupdate #brookeandjubal #phonecall #fypシ゚viral #redditstories"
"<a href=""https://www.tiktok.com/@cjdjfcn/video/7547601122127580446"" target=""_blank"" class=""btn btn-sm"" style=""background-color: #00926c; color: white; text-decoration: none; padding: 2px 8px; border-radius: 4px; font-size: 0.8em;"">View Post</a>",5,"cjdjfcn","2025-09-08 06:27:21",8,66,2,0,0,"#trending #fyp #fypage #dateupdate #brookeandjubal #phonecall #fypシ゚viral #redditstories"
"<a href=""https://www.tiktok.com/@ncjfhyrsdj/video/7547601074526440717"" target=""_blank"" class=""btn btn-sm"" style=""background-color: #00926c; color: white; text-decoration: none; padding: 2px 8px; border-radius: 4px; font-size: 0.8em;"">View Post</a>",5,"ncjfhyrsdj","2025-09-08 06:27:12",8,396,17,0,1,"#trending #fyp #fypage #dateupdate #brookeandjubal #phonecall #fypシ゚viral #redditstories"
"<a href=""https://www.tiktok.com/@cjdjfcn/video/7547600473788828958"" target=""_blank"" class=""btn btn-sm"" style=""background-color: #00926c; color: white; text-decoration: none; padding: 2px 8px; border-radius: 4px; font-size: 0.8em;"">View Post</a>",5,"cjdjfcn","2025-09-08 06:24:49",8,1522,124,1,0,"#trending #fyp #fypage #dateupdate #brookeandjubal #phonecall #fypシ゚viral #redditstories"
"<a href=""https://www.tiktok.com/@ncjfhyrsdj/video/7547600323263696142"" target=""_blank"" class=""btn btn-sm"" style=""background-color: #00926c; color: white; text-decoration: none; padding: 2px 8px; border-radius: 4px; font-size: 0.8em;"">View Post</a>",5,"ncjfhyrsdj","2025-09-08 06:24:18",8,999,36,1,0,"#trending #fyp #fypage #dateupdate #brookeandjubal #phonecall #fypシ゚viral #redditstories"
"<a href=""https://www.tiktok.com/@cjdjfcn/video/7547600045089049886"" target=""_blank"" class=""btn btn-sm"" style=""background-color: #00926c; color: white; text-decoration: none; padding: 2px 8px; border-radius: 4px; font-size: 0.8em;"">View Post</a>",5,"cjdjfcn","2025-09-08 06:23:12",8,1788,186,1,0,"#trending #fyp #fypage #dateupdate #brookeandjubal #phonecall #fypシ゚viral #redditstories"
"<a href=""https://www.tiktok.com/@ncjfhyrsdj/video/7547599956891159863"" target=""_blank"" class=""btn btn-sm"" style=""background-color: #00926c; color: white; text-decoration: none; padding: 2px 8px; border-radius: 4px; font-size: 0.8em;"">View Post</a>",5,"ncjfhyrsdj","2025-09-08 06:22:53",8,253,7,0,0,"#trending #fyp #fypage #dateupdate #brookeandjubal #phonecall #fypシ゚viral #redditstories"
"<a href=""https://www.tiktok.com/@zdogz60/video/7547592595560566071"" target=""_blank"" class=""btn btn-sm"" style=""background-color: #00926c; color: white; text-decoration: none; padding: 2px 8px; border-radius: 4px; font-size: 0.8em;"">View Post</a>",9,"zdogz60","2025-09-08 05:54:18",8,2074,195,1,0,"#trending #fyp #fypage #dateupdate #brookeandjubal #phonecall #fypシ゚viral #redditstories"
"<a href=""https://www.tiktok.com/@zdogz60/video/7547592549360209165"" target=""_blank"" class=""btn btn-sm"" style=""background-color: #00926c; color: white; text-decoration: none; padding: 2px 8px; border-radius: 4px; font-size: 0.8em;"">View Post</a>",9,"zdogz60","2025-09-08 05:54:03",8,235,9,0,0,"#trending #fyp #fypage #dateupdate #brookeandjubal #phonecall #fypシ゚viral #redditstories"
"<a href=""https://www.tiktok.com/@zdogz60/video/7547592413506800909"" target=""_blank"" class=""btn btn-sm"" style=""background-color: #00926c; color: white; text-decoration: none; padding: 2px 8px; border-radius: 4px; font-size: 0.8em;"">View Post</a>",9,"zdogz60","2025-09-08 05:53:37",8,1888,234,1,0,"#trending #fyp #fypage #dateupdate #brookeandjubal #phonecall #fypシ゚viral #redditstories"
"<a href=""https://www.tiktok.com/@hsbshzu0/video/7547592330166013197"" target=""_blank"" class=""btn btn-sm"" style=""background-color: #00926c; color: white; text-decoration: none; padding: 2px 8px; border-radius: 4px; font-size: 0.8em;"">View Post</a>",9,"hsbshzu0","2025-09-08 05:53:20",8,1140,182,0,0,"#trending #fyp #fypage #dateupdate #brookeandjubal #phonecall #fypシ゚viral #redditstories"
"<a href=""https://www.tiktok.com/@hsbshzu0/video/7547592299434265869"" target=""_blank"" class=""btn btn-sm"" style=""background-color: #00926c; color: white; text-decoration: none; padding: 2px 8px; border-radius: 4px; font-size: 0.8em;"">View Post</a>",9,"hsbshzu0","2025-09-08 05:53:10",8,1159,176,0,0,"#trending #fyp #fypage #dateupdate #brookeandjubal #phonecall #fypシ゚viral #redditstories"
"<a href=""https://www.tiktok.com/@hsbshzu0/video/7547591987025825079"" target=""_blank"" class=""btn btn-sm"" style=""background-color: #00926c; color: white; text-decoration: none; padding: 2px 8px; border-radius: 4px; font-size: 0.8em;"">View Post</a>",9,"hsbshzu0","2025-09-08 05:51:58",8,695,102,1,0,"#trending #fyp #fypage #dateupdate #brookeandjubal #phonecall #fypシ゚viral #redditstories"
"<a href=""https://www.tiktok.com/@fhcgocgo/video/7547591878279990559"" target=""_blank"" class=""btn btn-sm"" style=""background-color: #00926c; color: white; text-decoration: none; padding: 2px 8px; border-radius: 4px; font-size: 0.8em;"">View Post</a>",9,"fhcgocgo","2025-09-08 05:51:28",8,2094,161,2,0,"#trending #fyp #fypage #dateupdate #brookeandjubal #phonecall #fypシ゚viral #redditstories"
"<a href=""https://www.tiktok.com/@fhcgocgo/video/7547591855672773918"" target=""_blank"" class=""btn btn-sm"" style=""background-color: #00926c; color: white; text-decoration: none; padding: 2px 8px; border-radius: 4px; font-size: 0.8em;"">View Post</a>",9,"fhcgocgo","2025-09-08 05:51:26",8,1159,72,2,2,"#trending #fyp #fypage #dateupdate #brookeandjubal #phonecall #fypシ゚viral #redditstories"
"<a href=""https://www.tiktok.com/@hzjsjs897/video/7547591500176117006"" target=""_blank"" class=""btn btn-sm"" style=""background-color: #00926c; color: white; text-decoration: none; padding: 2px 8px; border-radius: 4px; font-size: 0.8em;"">View Post</a>",9,"hzjsjs897","2025-09-08 05:50:04",8,1001,51,1,0,"#trending #fyp #fypage #dateupdate #brookeandjubal #phonecall #fypシ゚viral #redditstories"
"<a href=""https://www.tiktok.com/@fhcgocgo/video/7547591359893376286"" target=""_blank"" class=""btn btn-sm"" style=""background-color: #00926c; color: white; text-decoration: none; padding: 2px 8px; border-radius: 4px; font-size: 0.8em;"">View Post</a>",9,"fhcgocgo","2025-09-08 05:49:25",8,1121,51,0,1,"#trending #fyp #fypage #dateupdate #brookeandjubal #phonecall #fypシ゚viral #redditstories"
"<a href=""https://www.tiktok.com/@juarezbent/video/7547591351441952030"" target=""_blank"" class=""btn btn-sm"" style=""background-color: #00926c; color: white; text-decoration: none; padding: 2px 8px; border-radius: 4px; font-size: 0.8em;"">View Post</a>",9,"juarezbent","2025-09-08 05:49:25",8,1044,64,0,0,"#trending #fyp #fypage #dateupdate #brookeandjubal #phonecall #fypシ゚viral #redditstories"
"<a href=""https://www.tiktok.com/@hzjsjs897/video/7547591338737372429"" target=""_blank"" class=""btn btn-sm"" style=""background-color: #00926c; color: white; text-decoration: none; padding: 2px 8px; border-radius: 4px; font-size: 0.8em;"">View Post</a>",9,"hzjsjs897","2025-09-08 05:49:24",8,435,16,0,0,"#trending #fyp #fypage #dateupdate #brookeandjubal #phonecall #fypシ゚viral #redditstories"
"<a href=""https://www.tiktok.com/@juarezbent/video/7547591128523066655"" target=""_blank"" class=""btn btn-sm"" style=""background-color: #00926c; color: white; text-decoration: none; padding: 2px 8px; border-radius: 4px; font-size: 0.8em;"">View Post</a>",9,"juarezbent","2025-09-08 05:48:37",8,1684,161,1,1,"#trending #fyp #fypage #dateupdate #brookeandjubal #phonecall #fypシ゚viral #redditstories"
"<a href=""https://www.tiktok.com/@hzjsjs897/video/7547590763517906190"" target=""_blank"" class=""btn btn-sm"" style=""background-color: #00926c; color: white; text-decoration: none; padding: 2px 8px; border-radius: 4px; font-size: 0.8em;"">View Post</a>",9,"hzjsjs897","2025-09-08 05:47:12",8,1502,177,3,0,"#trending #fyp #fypage #dateupdate #brookeandjubal #phonecall #fypシ゚viral #redditstories"
"<a href=""https://www.tiktok.com/@juarezbent/video/7547590730093546783"" target=""_blank"" class=""btn btn-sm"" style=""background-color: #00926c; color: white; text-decoration: none; padding: 2px 8px; border-radius: 4px; font-size: 0.8em;"">View Post</a>",9,"juarezbent","2025-09-08 05:47:03",8,44,1,0,0,"#trending #fyp #fypage #dateupdate #brookeandjubal #phonecall #fypシ゚viral #redditstories"
"<a href=""https://www.tiktok.com/@bzsksk1/video/7547268377408982302"" target=""_blank"" class=""btn btn-sm"" style=""background-color: #00926c; color: white; text-decoration: none; padding: 2px 8px; border-radius: 4px; font-size: 0.8em;"">View Post</a>",6,"bzsksk1","2025-09-07 08:57:04",8,304,11,0,0,"#trending #fyp #fypage #dateupdate #brookeandjubal #phonecall #fypシ゚viral #redditstories"
"<a href=""https://www.tiktok.com/@bzsksk1/video/7547268341392559390"" target=""_blank"" class=""btn btn-sm"" style=""background-color: #00926c; color: white; text-decoration: none; padding: 2px 8px; border-radius: 4px; font-size: 0.8em;"">View Post</a>",6,"bzsksk1","2025-09-07 08:57:02",8,423,17,0,0,"#trending #fyp #fypage #dateupdate #brookeandjubal #phonecall #fypシ゚viral #redditstories"
"<a href=""https://www.tiktok.com/@mxods3188/video/7547266820483468599"" target=""_blank"" class=""btn btn-sm"" style=""background-color: #00926c; color: white; text-decoration: none; padding: 2px 8px; border-radius: 4px; font-size: 0.8em;"">View Post</a>",8,"mxods3188","2025-09-07 08:52:15",8,913,37,0,0,"#trending #fyp #fypage #dateupdate #brookeandjubal #phonecall #fypシ゚viral #redditstories"
"<a href=""https://www.tiktok.com/@facsimile5/video/7548713779085757727"" target=""_blank"" class=""btn btn-sm"" style=""background-color: #00926c; color: white; text-decoration: none; padding: 2px 8px; border-radius: 4px; font-size: 0.8em;"">View Post</a>",2,"facsimile5","2025-09-11 06:25:43",2,121,1,0,0,"#reddit #reddit_tiktok #redditreadings #askreddit #fyp #foryoupage #redditstorytime #Reddit #fypage #shortstory"
"<a href=""https://www.tiktok.com/@facsimile5/video/7548713592221142303"" target=""_blank"" class=""btn btn-sm"" style=""background-color: #00926c; color: white; text-decoration: none; padding: 2px 8px; border-radius: 4px; font-size: 0.8em;"">View Post</a>",2,"facsimile5","2025-09-11 06:25:04",2,682,33,1,0,"#reddit #reddit_tiktok #redditreadings #askreddit #fyp #foryoupage #redditstorytime #Reddit #fypage #shortstory"
"<a href=""https://www.tiktok.com/@smhyynzxe0/video/7548713349236788510"" target=""_blank"" class=""btn btn-sm"" style=""background-color: #00926c; color: white; text-decoration: none; padding: 2px 8px; border-radius: 4px; font-size: 0.8em;"">View Post</a>",2,"smhyynzxe0","2025-09-11 06:24:05",2,1116,154,0,0,"#reddit #reddit_tiktok #redditreadings #askreddit #fyp #foryoupage #redditstorytime #Reddit #fypage #shortstory"
"<a href=""https://www.tiktok.com/@smhyynzxe0/video/7548712985192140062"" target=""_blank"" class=""btn btn-sm"" style=""background-color: #00926c; color: white; text-decoration: none; padding: 2px 8px; border-radius: 4px; font-size: 0.8em;"">View Post</a>",2,"smhyynzxe0","2025-09-11 06:22:24",2,1226,89,1,0,"#reddit #reddit_tiktok #redditreadings #askreddit #fyp #foryoupage #redditstorytime #Reddit #fypage #shortstory"
"<a href=""https://www.tiktok.com/@facsimile5/video/7548712941814566175"" target=""_blank"" class=""btn btn-sm"" style=""background-color: #00926c; color: white; text-decoration: none; padding: 2px 8px; border-radius: 4px; font-size: 0.8em;"">View Post</a>",2,"facsimile5","2025-09-11 06:22:31",2,511,15,0,0,"#reddit #reddit_tiktok #redditreadings #askreddit #fyp #foryoupage #redditstorytime #Reddit #fypage #shortstory"
"<a href=""https://www.tiktok.com/@smhyynzxe0/video/7548712745999420703"" target=""_blank"" class=""btn btn-sm"" style=""background-color: #00926c; color: white; text-decoration: none; padding: 2px 8px; border-radius: 4px; font-size: 0.8em;"">View Post</a>",2,"smhyynzxe0","2025-09-11 06:21:57",2,1020,70,0,0,"#reddit #reddit_tiktok #redditreadings #askreddit #fyp #foryoupage #redditstorytime #Reddit #fypage #shortstory"
"<a href=""https://www.tiktok.com/@aaqo8sth89/video/7548712408496246030"" target=""_blank"" class=""btn btn-sm"" style=""background-color: #00926c; color: white; text-decoration: none; padding: 2px 8px; border-radius: 4px; font-size: 0.8em;"">View Post</a>",2,"aaqo8sth89","2025-09-11 06:21:00",2,171,2,0,0,"#reddit #reddit_tiktok #redditreadings #askreddit #fyp #foryoupage #redditstorytime #Reddit #fypage #shortstory"
"<a href=""https://www.tiktok.com/@aaqo8sth89/video/7548712387260452151"" target=""_blank"" class=""btn btn-sm"" style=""background-color: #00926c; color: white; text-decoration: none; padding: 2px 8px; border-radius: 4px; font-size: 0.8em;"">View Post</a>",2,"aaqo8sth89","2025-09-11 06:21:01",2,990,77,1,1,"#reddit #reddit_tiktok #redditreadings #askreddit #fyp #foryoupage #redditstorytime #Reddit #fypage #shortstory"
"<a href=""https://www.tiktok.com/@aaqo8sth89/video/7548711435791027511"" target=""_blank"" class=""btn btn-sm"" style=""background-color: #00926c; color: white; text-decoration: none; padding: 2px 8px; border-radius: 4px; font-size: 0.8em;"">View Post</a>",2,"aaqo8sth89","2025-09-11 06:17:02",2,526,38,0,0,"#reddit #reddit_tiktok #redditreadings #askreddit #fyp #foryoupage #redditstorytime #Reddit #fypage #shortstory"
"<a href=""https://www.tiktok.com/@facsimile5/video/7548358763690888479"" target=""_blank"" class=""btn btn-sm"" style=""background-color: #00926c; color: white; text-decoration: none; padding: 2px 8px; border-radius: 4px; font-size: 0.8em;"">View Post</a>",2,"facsimile5","2025-09-10 07:27:22",2,78,3,1,0,"#reddit #reddit_tiktok #redditreadings #askreddit #fyp #foryoupage #redditstorytime #Reddit #fypage #shortstory"
"<a href=""https://www.tiktok.com/@smhyynzxe0/video/7548358515975359775"" target=""_blank"" class=""btn btn-sm"" style=""background-color: #00926c; color: white; text-decoration: none; padding: 2px 8px; border-radius: 4px; font-size: 0.8em;"">View Post</a>",2,"smhyynzxe0","2025-09-10 07:26:29",2,25,1,0,0,"#reddit #reddit_tiktok #redditreadings #askreddit #fyp #foryoupage #redditstorytime #Reddit #fypage #shortstory"
"<a href=""https://www.tiktok.com/@facsimile5/video/7548358105831197983"" target=""_blank"" class=""btn btn-sm"" style=""background-color: #00926c; color: white; text-decoration: none; padding: 2px 8px; border-radius: 4px; font-size: 0.8em;"">View Post</a>",2,"facsimile5","2025-09-10 07:24:56",2,850,83,0,0,"#reddit #reddit_tiktok #redditreadings #askreddit #fyp #foryoupage #redditstorytime #Reddit #fypage #shortstory"
"<a href=""https://www.tiktok.com/@facsimile5/video/7548358094829391135"" target=""_blank"" class=""btn btn-sm"" style=""background-color: #00926c; color: white; text-decoration: none; padding: 2px 8px; border-radius: 4px; font-size: 0.8em;"">View Post</a>",2,"facsimile5","2025-09-10 07:24:49",2,243,4,0,0,"#reddit #reddit_tiktok #redditreadings #askreddit #fyp #foryoupage #redditstorytime #Reddit #fypage #shortstory"
"<a href=""https://www.tiktok.com/@smhyynzxe0/video/7548358072641654047"" target=""_blank"" class=""btn btn-sm"" style=""background-color: #00926c; color: white; text-decoration: none; padding: 2px 8px; border-radius: 4px; font-size: 0.8em;"">View Post</a>",2,"smhyynzxe0","2025-09-10 07:24:47",2,14,1,0,0,"#reddit #reddit_tiktok #redditreadings #askreddit #fyp #foryoupage #redditstorytime #Reddit #fypage #shortstory"
"<a href=""https://www.tiktok.com/@smhyynzxe0/video/7548357889350438175"" target=""_blank"" class=""btn btn-sm"" style=""background-color: #00926c; color: white; text-decoration: none; padding: 2px 8px; border-radius: 4px; font-size: 0.8em;"">View Post</a>",2,"smhyynzxe0","2025-09-10 07:23:57",2,28,1,0,0,"#reddit #reddit_tiktok #redditreadings #askreddit #fyp #foryoupage #redditstorytime #Reddit #fypage #shortstory"
"<a href=""https://www.tiktok.com/@aaqo8sth89/video/7548345701973970190"" target=""_blank"" class=""btn btn-sm"" style=""background-color: #00926c; color: white; text-decoration: none; padding: 2px 8px; border-radius: 4px; font-size: 0.8em;"">View Post</a>",2,"aaqo8sth89","2025-09-10 06:36:46",2,2048,132,0,0,"#reddit #reddit_tiktok #redditreadings #askreddit #fyp #foryoupage #redditstorytime #Reddit #fypage #shortstory"
"<a href=""https://www.tiktok.com/@russbigbang/video/7548345484977425677"" target=""_blank"" class=""btn btn-sm"" style=""background-color: #00926c; color: white; text-decoration: none; padding: 2px 8px; border-radius: 4px; font-size: 0.8em;"">View Post</a>",2,"russbigbang","2025-09-10 06:35:53",2,5372,123,4,0,"#reddit #reddit_tiktok #redditreadings #askreddit #fyp #foryoupage #redditstorytime #Reddit #fypage #shortstory"
"<a href=""https://www.tiktok.com/@russbigbang/video/7548345469886319885"" target=""_blank"" class=""btn btn-sm"" style=""background-color: #00926c; color: white; text-decoration: none; padding: 2px 8px; border-radius: 4px; font-size: 0.8em;"">View Post</a>",2,"russbigbang","2025-09-10 06:35:52",2,105339,5590,19,132,"#reddit #reddit_tiktok #redditreadings #askreddit #fyp #foryoupage #redditstorytime #Reddit #fypage #shortstory"
"<a href=""https://www.tiktok.com/@aaqo8sth89/video/7548345357185371405"" target=""_blank"" class=""btn btn-sm"" style=""background-color: #00926c; color: white; text-decoration: none; padding: 2px 8px; border-radius: 4px; font-size: 0.8em;"">View Post</a>",2,"aaqo8sth89","2025-09-10 06:35:24",2,943,102,0,0,"#reddit #reddit_tiktok #redditreadings #askreddit #fyp #foryoupage #redditstorytime #Reddit #fypage #shortstory"
"<a href=""https://www.tiktok.com/@aaqo8sth89/video/7548345155330313485"" target=""_blank"" class=""btn btn-sm"" style=""background-color: #00926c; color: white; text-decoration: none; padding: 2px 8px; border-radius: 4px; font-size: 0.8em;"">View Post</a>",2,"aaqo8sth89","2025-09-10 06:34:35",2,272,12,0,0,"#reddit #reddit_tiktok #redditreadings #askreddit #fyp #foryoupage #redditstorytime #Reddit #fypage #shortstory"
"<a href=""https://www.tiktok.com/@russbigbang/video/7548344772008709431"" target=""_blank"" class=""btn btn-sm"" style=""background-color: #00926c; color: white; text-decoration: none; padding: 2px 8px; border-radius: 4px; font-size: 0.8em;"">View Post</a>",2,"russbigbang","2025-09-10 06:33:08",2,18500,487,2,2,"#reddit #reddit_tiktok #redditreadings #askreddit #fyp #foryoupage #redditstorytime #Reddit #fypage #shortstory"
"<a href=""https://www.tiktok.com/@aaqo8sth89/video/7547595217881287950"" target=""_blank"" class=""btn btn-sm"" style=""background-color: #00926c; color: white; text-decoration: none; padding: 2px 8px; border-radius: 4px; font-size: 0.8em;"">View Post</a>",2,"aaqo8sth89","2025-09-08 06:04:28",2,1090,75,1,1,"#reddit #reddit_tiktok #redditreadings #askreddit #fyp #foryoupage #redditstorytime #Reddit #fypage #shortstory"
"<a href=""https://www.tiktok.com/@russbigbang/video/7547594944257559863"" target=""_blank"" class=""btn btn-sm"" style=""background-color: #00926c; color: white; text-decoration: none; padding: 2px 8px; border-radius: 4px; font-size: 0.8em;"">View Post</a>",2,"russbigbang","2025-09-08 06:03:29",2,2761,305,1,0,"#reddit #reddit_tiktok #redditreadings #askreddit #fyp #foryoupage #redditstorytime #Reddit #fypage #shortstory"
"<a href=""https://www.tiktok.com/@smhyynzxe0/video/7547594794814557471"" target=""_blank"" class=""btn btn-sm"" style=""background-color: #00926c; color: white; text-decoration: none; padding: 2px 8px; border-radius: 4px; font-size: 0.8em;"">View Post</a>",2,"smhyynzxe0","2025-09-08 06:02:51",2,807,143,1,0,"#reddit #reddit_tiktok #redditreadings #askreddit #fyp #foryoupage #redditstorytime #Reddit #fypage #shortstory"
"<a href=""https://www.tiktok.com/@facsimile5/video/7547594783020092702"" target=""_blank"" class=""btn btn-sm"" style=""background-color: #00926c; color: white; text-decoration: none; padding: 2px 8px; border-radius: 4px; font-size: 0.8em;"">View Post</a>",2,"facsimile5","2025-09-08 06:02:46",2,633,12,1,0,"#reddit #reddit_tiktok #redditreadings #askreddit #fyp #foryoupage #redditstorytime #Reddit #fypage #shortstory"
"<a href=""https://www.tiktok.com/@aaqo8sth89/video/7547594517189233975"" target=""_blank"" class=""btn btn-sm"" style=""background-color: #00926c; color: white; text-decoration: none; padding: 2px 8px; border-radius: 4px; font-size: 0.8em;"">View Post</a>",2,"aaqo8sth89","2025-09-08 06:01:42",2,1486,140,1,0,"#reddit #reddit_tiktok #redditreadings #askreddit #fyp #foryoupage #redditstorytime #Reddit #fypage #shortstory"
"<a href=""https://www.tiktok.com/@aaqo8sth89/video/7547594513347251470"" target=""_blank"" class=""btn btn-sm"" style=""background-color: #00926c; color: white; text-decoration: none; padding: 2px 8px; border-radius: 4px; font-size: 0.8em;"">View Post</a>",2,"aaqo8sth89","2025-09-08 06:01:44",2,1076,81,0,0,"#reddit #reddit_tiktok #redditreadings #askreddit #fyp #foryoupage #redditstorytime #Reddit #fypage #shortstory"
"<a href=""https://www.tiktok.com/@smhyynzxe0/video/7547594192663432479"" target=""_blank"" class=""btn btn-sm"" style=""background-color: #00926c; color: white; text-decoration: none; padding: 2px 8px; border-radius: 4px; font-size: 0.8em;"">View Post</a>",2,"smhyynzxe0","2025-09-08 06:00:29",2,505,42,0,0,"#reddit #reddit_tiktok #redditreadings #askreddit #fyp #foryoupage #redditstorytime #Reddit #fypage #shortstory"
"<a href=""https://www.tiktok.com/@facsimile5/video/7547594128222129438"" target=""_blank"" class=""btn btn-sm"" style=""background-color: #00926c; color: white; text-decoration: none; padding: 2px 8px; border-radius: 4px; font-size: 0.8em;"">View Post</a>",2,"facsimile5","2025-09-08 06:00:16",2,1986,71,1,1,"#reddit #reddit_tiktok #redditreadings #askreddit #fyp #foryoupage #redditstorytime #Reddit #fypage #shortstory"
"<a href=""https://www.tiktok.com/@facsimile5/video/7547594093040340255"" target=""_blank"" class=""btn btn-sm"" style=""background-color: #00926c; color: white; text-decoration: none; padding: 2px 8px; border-radius: 4px; font-size: 0.8em;"">View Post</a>",2,"facsimile5","2025-09-08 06:00:07",2,3819,188,4,0,"#reddit #reddit_tiktok #redditreadings #askreddit #fyp #foryoupage #redditstorytime #Reddit #fypage #shortstory"
"<a href=""https://www.tiktok.com/@russbigbang/video/7547594018637548813"" target=""_blank"" class=""btn btn-sm"" style=""background-color: #00926c; color: white; text-decoration: none; padding: 2px 8px; border-radius: 4px; font-size: 0.8em;"">View Post</a>",2,"russbigbang","2025-09-08 05:59:48",2,1446,107,3,0,"#reddit #reddit_tiktok #redditreadings #askreddit #fyp #foryoupage #redditstorytime #Reddit #fypage #shortstory"
"<a href=""https://www.tiktok.com/@russbigbang/video/7547594004326632717"" target=""_blank"" class=""btn btn-sm"" style=""background-color: #00926c; color: white; text-decoration: none; padding: 2px 8px; border-radius: 4px; font-size: 0.8em;"">View Post</a>",2,"russbigbang","2025-09-08 05:59:47",2,269,4,0,0,"#reddit #reddit_tiktok #redditreadings #askreddit #fyp #foryoupage #redditstorytime #Reddit #fypage #shortstory"
"<a href=""https://www.tiktok.com/@smhyynzxe0/video/7547593952640257311"" target=""_blank"" class=""btn btn-sm"" style=""background-color: #00926c; color: white; text-decoration: none; padding: 2px 8px; border-radius: 4px; font-size: 0.8em;"">View Post</a>",2,"smhyynzxe0","2025-09-08 05:59:32",2,1211,36,3,0,"#reddit #reddit_tiktok #redditreadings #askreddit #fyp #foryoupage #redditstorytime #Reddit #fypage #shortstory"
"<a href=""https://www.tiktok.com/@russbigbang/video/7547268201697070349"" target=""_blank"" class=""btn btn-sm"" style=""background-color: #00926c; color: white; text-decoration: none; padding: 2px 8px; border-radius: 4px; font-size: 0.8em;"">View Post</a>",2,"russbigbang","2025-09-07 08:57:19",2,1687,107,0,1,"#reddit #reddit_tiktok #redditreadings #askreddit #fyp #foryoupage #redditstorytime #Reddit #fypage #shortstory"
"<a href=""https://www.tiktok.com/@aaqo8sth89/video/7547268027746848014"" target=""_blank"" class=""btn btn-sm"" style=""background-color: #00926c; color: white; text-decoration: none; padding: 2px 8px; border-radius: 4px; font-size: 0.8em;"">View Post</a>",2,"aaqo8sth89","2025-09-07 08:56:34",2,2699,153,2,0,"#reddit #reddit_tiktok #redditreadings #askreddit #fyp #foryoupage #redditstorytime #Reddit #fypage #shortstory"
"<a href=""https://www.tiktok.com/@facsimile5/video/7547267933223849246"" target=""_blank"" class=""btn btn-sm"" style=""background-color: #00926c; color: white; text-decoration: none; padding: 2px 8px; border-radius: 4px; font-size: 0.8em;"">View Post</a>",2,"facsimile5","2025-09-07 08:55:22",2,150,7,0,0,"#reddit #reddit_tiktok #redditreadings #askreddit #fyp #foryoupage #redditstorytime #Reddit #fypage #shortstory"
"<a href=""https://www.tiktok.com/@smhyynzxe0/video/7547267913871314206"" target=""_blank"" class=""btn btn-sm"" style=""background-color: #00926c; color: white; text-decoration: none; padding: 2px 8px; border-radius: 4px; font-size: 0.8em;"">View Post</a>",2,"smhyynzxe0","2025-09-07 08:55:28",2,63250,3568,6,15,"#reddit #reddit_tiktok #redditreadings #askreddit #fyp #foryoupage #redditstorytime #Reddit #fypage #shortstory"
"<a href=""https://www.tiktok.com/@russbigbang/video/7547267748997369101"" target=""_blank"" class=""btn btn-sm"" style=""background-color: #00926c; color: white; text-decoration: none; padding: 2px 8px; border-radius: 4px; font-size: 0.8em;"">View Post</a>",2,"russbigbang","2025-09-07 08:55:36",2,335,13,0,0,"#reddit #reddit_tiktok #redditreadings #askreddit #fyp #foryoupage #redditstorytime #Reddit #fypage #shortstory"
"<a href=""https://www.tiktok.com/@russbigbang/video/7547267541752679735"" target=""_blank"" class=""btn btn-sm"" style=""background-color: #00926c; color: white; text-decoration: none; padding: 2px 8px; border-radius: 4px; font-size: 0.8em;"">View Post</a>",2,"russbigbang","2025-09-07 08:55:37",2,1352,95,0,0,"#reddit #reddit_tiktok #redditreadings #askreddit #fyp #foryoupage #redditstorytime #Reddit #fypage #shortstory"
"<a href=""https://www.tiktok.com/@facsimile5/video/7547267496936492318"" target=""_blank"" class=""btn btn-sm"" style=""background-color: #00926c; color: white; text-decoration: none; padding: 2px 8px; border-radius: 4px; font-size: 0.8em;"">View Post</a>",2,"facsimile5","2025-09-07 08:53:18",2,1214,98,0,0,"#reddit #reddit_tiktok #redditreadings #askreddit #fyp #foryoupage #redditstorytime #Reddit #fypage #shortstory"
"<a href=""https://www.tiktok.com/@aaqo8sth89/video/7547267353206148407"" target=""_blank"" class=""btn btn-sm"" style=""background-color: #00926c; color: white; text-decoration: none; padding: 2px 8px; border-radius: 4px; font-size: 0.8em;"">View Post</a>",2,"aaqo8sth89","2025-09-07 08:54:31",2,6559,210,1,0,"#reddit #reddit_tiktok #redditreadings #askreddit #fyp #foryoupage #redditstorytime #Reddit #fypage #shortstory"
"<a href=""https://www.tiktok.com/@smhyynzxe0/video/7547267246050266398"" target=""_blank"" class=""btn btn-sm"" style=""background-color: #00926c; color: white; text-decoration: none; padding: 2px 8px; border-radius: 4px; font-size: 0.8em;"">View Post</a>",2,"smhyynzxe0","2025-09-07 08:52:56",2,1146,84,0,0,"#reddit #reddit_tiktok #redditreadings #askreddit #fyp #foryoupage #redditstorytime #Reddit #fypage #shortstory"
"<a href=""https://www.tiktok.com/@aaqo8sth89/video/7547267167088069902"" target=""_blank"" class=""btn btn-sm"" style=""background-color: #00926c; color: white; text-decoration: none; padding: 2px 8px; border-radius: 4px; font-size: 0.8em;"">View Post</a>",2,"aaqo8sth89","2025-09-07 08:53:32",2,152,2,0,0,"#reddit #reddit_tiktok #redditreadings #askreddit #fyp #foryoupage #redditstorytime #Reddit #fypage #shortstory"
"<a href=""https://www.tiktok.com/@facsimile5/video/7547267009420037406"" target=""_blank"" class=""btn btn-sm"" style=""background-color: #00926c; color: white; text-decoration: none; padding: 2px 8px; border-radius: 4px; font-size: 0.8em;"">View Post</a>",2,"facsimile5","2025-09-07 08:51:59",2,965,90,1,0,"#reddit #reddit_tiktok #redditreadings #askreddit #fyp #foryoupage #redditstorytime #Reddit #fypage #shortstory"
"<a href=""https://www.tiktok.com/@smhyynzxe0/video/7547266842528615711"" target=""_blank"" class=""btn btn-sm"" style=""background-color: #00926c; color: white; text-decoration: none; padding: 2px 8px; border-radius: 4px; font-size: 0.8em;"">View Post</a>",2,"smhyynzxe0","2025-09-07 08:51:03",2,1828,69,1,0,"#reddit #reddit_tiktok #redditreadings #askreddit #fyp #foryoupage #redditstorytime #Reddit #fypage #shortstory"
"<a href=""https://www.tiktok.com/@wss0307/video/7548796671388405047"" target=""_blank"" class=""btn btn-sm"" style=""background-color: #00926c; color: white; text-decoration: none; padding: 2px 8px; border-radius: 4px; font-size: 0.8em;"">View Post</a>",1,"wss0307","2025-09-11 11:46:45",1,550,48,1,0,"#reddit #reddit_tiktok #redditreadings #askreddit #fyp #foryoupage #redditstorytime #Reddit #fypage #shortstory"
"<a href=""https://www.tiktok.com/@luckyphone320/video/7548796268957420813"" target=""_blank"" class=""btn btn-sm"" style=""background-color: #00926c; color: white; text-decoration: none; padding: 2px 8px; border-radius: 4px; font-size: 0.8em;"">View Post</a>",1,"luckyphone320","2025-09-11 11:45:07",1,1405,136,0,0,"#reddit #reddit_tiktok #redditreadings #askreddit #fyp #foryoupage #redditstorytime #Reddit #fypage #shortstory"
"<a href=""https://www.tiktok.com/@wss0307/video/7548796148362824973"" target=""_blank"" class=""btn btn-sm"" style=""background-color: #00926c; color: white; text-decoration: none; padding: 2px 8px; border-radius: 4px; font-size: 0.8em;"">View Post</a>",1,"wss0307","2025-09-11 11:44:40",1,1556,100,2,0,"#reddit #reddit_tiktok #redditreadings #askreddit #fyp #foryoupage #redditstorytime #Reddit #fypage #shortstory"
"<a href=""https://www.tiktok.com/@luckyphone320/video/7548787793837706551"" target=""_blank"" class=""btn btn-sm"" style=""background-color: #00926c; color: white; text-decoration: none; padding: 2px 8px; border-radius: 4px; font-size: 0.8em;"">View Post</a>",1,"luckyphone320","2025-09-11 11:12:17",1,337,14,0,0,"#reddit #reddit_tiktok #redditreadings #askreddit #fyp #foryoupage #redditstorytime #Reddit #fypage #shortstory"
"<a href=""https://www.tiktok.com/@luckyphone320/video/7548787027643321613"" target=""_blank"" class=""btn btn-sm"" style=""background-color: #00926c; color: white; text-decoration: none; padding: 2px 8px; border-radius: 4px; font-size: 0.8em;"">View Post</a>",1,"luckyphone320","2025-09-11 11:09:22",1,852,57,1,0,"#reddit #reddit_tiktok #redditreadings #askreddit #fyp #foryoupage #redditstorytime #Reddit #fypage #shortstory"
"<a href=""https://www.tiktok.com/@wss0307/video/7548787005363096846"" target=""_blank"" class=""btn btn-sm"" style=""background-color: #00926c; color: white; text-decoration: none; padding: 2px 8px; border-radius: 4px; font-size: 0.8em;"">View Post</a>",1,"wss0307","2025-09-11 11:09:13",1,348,39,0,0,"#reddit #reddit_tiktok #redditreadings #askreddit #fyp #foryoupage #redditstorytime #Reddit #fypage #shortstory"
"<a href=""https://www.tiktok.com/@wss0307/video/7548390446515440909"" target=""_blank"" class=""btn btn-sm"" style=""background-color: #00926c; color: white; text-decoration: none; padding: 2px 8px; border-radius: 4px; font-size: 0.8em;"">View Post</a>",1,"wss0307","2025-09-10 09:30:22",1,2094,223,0,1,"#reddit #reddit_tiktok #redditreadings #askreddit #fyp #foryoupage #redditstorytime #Reddit #fypage #shortstory"
"<a href=""https://www.tiktok.com/@luckyphone320/video/7548390420955352375"" target=""_blank"" class=""btn btn-sm"" style=""background-color: #00926c; color: white; text-decoration: none; padding: 2px 8px; border-radius: 4px; font-size: 0.8em;"">View Post</a>",1,"luckyphone320","2025-09-10 09:30:21",1,2389,323,0,1,"#reddit #reddit_tiktok #redditreadings #askreddit #fyp #foryoupage #redditstorytime #Reddit #fypage #shortstory"
"<a href=""https://www.tiktok.com/@luckyphone320/video/7548390019447278862"" target=""_blank"" class=""btn btn-sm"" style=""background-color: #00926c; color: white; text-decoration: none; padding: 2px 8px; border-radius: 4px; font-size: 0.8em;"">View Post</a>",1,"luckyphone320","2025-09-10 09:28:49",1,1850,70,2,0,"#reddit #reddit_tiktok #redditreadings #askreddit #fyp #foryoupage #redditstorytime #Reddit #fypage #shortstory"
"<a href=""https://www.tiktok.com/@wss0307/video/7548389976417914126"" target=""_blank"" class=""btn btn-sm"" style=""background-color: #00926c; color: white; text-decoration: none; padding: 2px 8px; border-radius: 4px; font-size: 0.8em;"">View Post</a>",1,"wss0307","2025-09-10 09:28:40",1,2245,285,1,0,"#reddit #reddit_tiktok #redditreadings #askreddit #fyp #foryoupage #redditstorytime #Reddit #fypage #shortstory"
"<a href=""https://www.tiktok.com/@luckyphone320/video/7548389714374479159"" target=""_blank"" class=""btn btn-sm"" style=""background-color: #00926c; color: white; text-decoration: none; padding: 2px 8px; border-radius: 4px; font-size: 0.8em;"">View Post</a>",1,"luckyphone320","2025-09-10 09:27:34",1,9145,408,2,1,"#reddit #reddit_tiktok #redditreadings #askreddit #fyp #foryoupage #redditstorytime #Reddit #fypage #shortstory"
"<a href=""https://www.tiktok.com/@wss0307/video/7548389624415096077"" target=""_blank"" class=""btn btn-sm"" style=""background-color: #00926c; color: white; text-decoration: none; padding: 2px 8px; border-radius: 4px; font-size: 0.8em;"">View Post</a>",1,"wss0307","2025-09-10 09:27:15",1,1801,269,1,4,"#reddit #reddit_tiktok #redditreadings #askreddit #fyp #foryoupage #redditstorytime #Reddit #fypage #shortstory"
"<a href=""https://www.tiktok.com/@luckyphone320/video/7548068743520226615"" target=""_blank"" class=""btn btn-sm"" style=""background-color: #00926c; color: white; text-decoration: none; padding: 2px 8px; border-radius: 4px; font-size: 0.8em;"">View Post</a>",1,"luckyphone320","2025-09-09 12:42:49",1,1606,125,0,0,"#reddit #reddit_tiktok #redditreadings #askreddit #fyp #foryoupage #redditstorytime #Reddit #fypage #shortstory"
"<a href=""https://www.tiktok.com/@wss0307/video/7548068455006637326"" target=""_blank"" class=""btn btn-sm"" style=""background-color: #00926c; color: white; text-decoration: none; padding: 2px 8px; border-radius: 4px; font-size: 0.8em;"">View Post</a>",1,"wss0307","2025-09-09 12:41:28",1,1112,96,2,1,"#reddit #reddit_tiktok #redditreadings #askreddit #fyp #foryoupage #redditstorytime #Reddit #fypage #shortstory"
"<a href=""https://www.tiktok.com/@luckyphone320/video/7548066515375918349"" target=""_blank"" class=""btn btn-sm"" style=""background-color: #00926c; color: white; text-decoration: none; padding: 2px 8px; border-radius: 4px; font-size: 0.8em;"">View Post</a>",1,"luckyphone320","2025-09-09 12:33:55",1,2340,111,0,0,"#reddit #reddit_tiktok #redditreadings #askreddit #fyp #foryoupage #redditstorytime #Reddit #fypage #shortstory"
"<a href=""https://www.tiktok.com/@wss0307/video/7547657677875252494"" target=""_blank"" class=""btn btn-sm"" style=""background-color: #00926c; color: white; text-decoration: none; padding: 2px 8px; border-radius: 4px; font-size: 0.8em;"">View Post</a>",1,"wss0307","2025-09-08 10:06:51",1,1082,61,0,0,"#reddit #reddit_tiktok #redditreadings #askreddit #fyp #foryoupage #redditstorytime #Reddit #fypage #shortstory"
"<a href=""https://www.tiktok.com/@luckyphone320/video/7547654632735051022"" target=""_blank"" class=""btn btn-sm"" style=""background-color: #00926c; color: white; text-decoration: none; padding: 2px 8px; border-radius: 4px; font-size: 0.8em;"">View Post</a>",1,"luckyphone320","2025-09-08 09:55:04",1,132028,4494,15,17,"#reddit #reddit_tiktok #redditreadings #askreddit #fyp #foryoupage #redditstorytime #Reddit #fypage #shortstory"
"<a href=""https://www.tiktok.com/@luckyphone320/video/7547654491777158455"" target=""_blank"" class=""btn btn-sm"" style=""background-color: #00926c; color: white; text-decoration: none; padding: 2px 8px; border-radius: 4px; font-size: 0.8em;"">View Post</a>",1,"luckyphone320","2025-09-08 09:54:35",1,1900,99,0,0,"#reddit #reddit_tiktok #redditreadings #askreddit #fyp #foryoupage #redditstorytime #Reddit #fypage #shortstory"
"<a href=""https://www.tiktok.com/@wss0307/video/7547654280635813134"" target=""_blank"" class=""btn btn-sm"" style=""background-color: #00926c; color: white; text-decoration: none; padding: 2px 8px; border-radius: 4px; font-size: 0.8em;"">View Post</a>",1,"wss0307","2025-09-08 09:53:40",1,2426,255,7,6,"#reddit #reddit_tiktok #redditreadings #askreddit #fyp #foryoupage #redditstorytime #Reddit #fypage #shortstory"
"<a href=""https://www.tiktok.com/@wss0307/video/7547654274440776974"" target=""_blank"" class=""btn btn-sm"" style=""background-color: #00926c; color: white; text-decoration: none; padding: 2px 8px; border-radius: 4px; font-size: 0.8em;"">View Post</a>",1,"wss0307","2025-09-08 09:53:38",1,1440,126,3,3,"#reddit #reddit_tiktok #redditreadings #askreddit #fyp #foryoupage #redditstorytime #Reddit #fypage #shortstory"
"<a href=""https://www.tiktok.com/@luckyphone320/video/7547652389382245645"" target=""_blank"" class=""btn btn-sm"" style=""background-color: #00926c; color: white; text-decoration: none; padding: 2px 8px; border-radius: 4px; font-size: 0.8em;"">View Post</a>",1,"luckyphone320","2025-09-08 09:46:22",1,1308,77,1,0,"#reddit #reddit_tiktok #redditreadings #askreddit #fyp #foryoupage #redditstorytime #Reddit #fypage #shortstory"
"<a href=""https://www.tiktok.com/@bvoo3130/video/7547982650779143479"" target=""_blank"" class=""btn btn-sm"" style=""background-color: #00926c; color: white; text-decoration: none; padding: 2px 8px; border-radius: 4px; font-size: 0.8em;"">View Post</a>",3,"bvoo3130","2025-09-09 07:09:22",1,775,28,0,0,"#ask #askreddit #learnontiktok #reddit #story #redditbysubs #satisfying #relaxing#usa#reddit_tiktok"
"<a href=""https://www.tiktok.com/@bvoo3130/video/7547982421539441934"" target=""_blank"" class=""btn btn-sm"" style=""background-color: #00926c; color: white; text-decoration: none; padding: 2px 8px; border-radius: 4px; font-size: 0.8em;"">View Post</a>",3,"bvoo3130","2025-09-09 07:08:36",1,1928,70,0,0,"#ask #askreddit #learnontiktok #reddit #story #redditbysubs #satisfying #relaxing#usa#reddit_tiktok"
"<a href=""https://www.tiktok.com/@bvoo3130/video/7547982131687951630"" target=""_blank"" class=""btn btn-sm"" style=""background-color: #00926c; color: white; text-decoration: none; padding: 2px 8px; border-radius: 4px; font-size: 0.8em;"">View Post</a>",3,"bvoo3130","2025-09-09 07:08:14",1,756,33,1,1,"#ask #askreddit #learnontiktok #reddit #story #redditbysubs #satisfying #relaxing#usa#reddit_tiktok"
"<a href=""https://www.tiktok.com/@dijx3903/video/7547982087458983223"" target=""_blank"" class=""btn btn-sm"" style=""background-color: #00926c; color: white; text-decoration: none; padding: 2px 8px; border-radius: 4px; font-size: 0.8em;"">View Post</a>",3,"dijx3903","2025-09-09 07:07:09",1,894,46,0,0,"#ask #askreddit #learnontiktok #reddit #story #redditbysubs #satisfying #relaxing#usa#reddit_tiktok"
"<a href=""https://www.tiktok.com/@dijx3903/video/7547981921062538509"" target=""_blank"" class=""btn btn-sm"" style=""background-color: #00926c; color: white; text-decoration: none; padding: 2px 8px; border-radius: 4px; font-size: 0.8em;"">View Post</a>",3,"dijx3903","2025-09-09 07:06:24",1,1161,77,1,0,"#ask #askreddit #learnontiktok #reddit #story #redditbysubs #satisfying #relaxing#usa#reddit_tiktok"
"<a href=""https://www.tiktok.com/@dijx3903/video/7547981918332046647"" target=""_blank"" class=""btn btn-sm"" style=""background-color: #00926c; color: white; text-decoration: none; padding: 2px 8px; border-radius: 4px; font-size: 0.8em;"">View Post</a>",3,"dijx3903","2025-09-09 07:06:50",1,1363,91,0,0,"#ask #askreddit #learnontiktok #reddit #story #redditbysubs #satisfying #relaxing#usa#reddit_tiktok"
"<a href=""https://www.tiktok.com/@dijx3903/video/7547615841559334157"" target=""_blank"" class=""btn btn-sm"" style=""background-color: #00926c; color: white; text-decoration: none; padding: 2px 8px; border-radius: 4px; font-size: 0.8em;"">View Post</a>",3,"dijx3903","2025-09-08 07:24:31",1,6391,290,9,0,"#ask #askreddit #learnontiktok #reddit #story #redditbysubs #satisfying #relaxing#usa#reddit_tiktok"
"<a href=""https://www.tiktok.com/@dijx3903/video/7547615744595348791"" target=""_blank"" class=""btn btn-sm"" style=""background-color: #00926c; color: white; text-decoration: none; padding: 2px 8px; border-radius: 4px; font-size: 0.8em;"">View Post</a>",3,"dijx3903","2025-09-08 07:24:07",1,1538,121,5,2,"#ask #askreddit #learnontiktok #reddit #story #redditbysubs #satisfying #relaxing#usa#reddit_tiktok"
"<a href=""https://www.tiktok.com/@dijx3903/video/7547615637040876855"" target=""_blank"" class=""btn btn-sm"" style=""background-color: #00926c; color: white; text-decoration: none; padding: 2px 8px; border-radius: 4px; font-size: 0.8em;"">View Post</a>",3,"dijx3903","2025-09-08 07:23:47",1,1278,80,1,7,"#ask #askreddit #learnontiktok #reddit #story #redditbysubs #satisfying #relaxing#usa#reddit_tiktok"
"<a href=""https://www.tiktok.com/@bvoo3130/video/7547615629793070350"" target=""_blank"" class=""btn btn-sm"" style=""background-color: #00926c; color: white; text-decoration: none; padding: 2px 8px; border-radius: 4px; font-size: 0.8em;"">View Post</a>",3,"bvoo3130","2025-09-08 07:23:41",1,1479,112,1,5,"#ask #askreddit #learnontiktok #reddit #story #redditbysubs #satisfying #relaxing#usa#reddit_tiktok"
"<a href=""https://www.tiktok.com/@bvoo3130/video/7547615510389640461"" target=""_blank"" class=""btn btn-sm"" style=""background-color: #00926c; color: white; text-decoration: none; padding: 2px 8px; border-radius: 4px; font-size: 0.8em;"">View Post</a>",3,"bvoo3130","2025-09-08 07:23:14",1,2458,82,5,3,"#ask #askreddit #learnontiktok #reddit #story #redditbysubs #satisfying #relaxing#usa#reddit_tiktok"
"<a href=""https://www.tiktok.com/@bvoo3130/video/7547615412343655735"" target=""_blank"" class=""btn btn-sm"" style=""background-color: #00926c; color: white; text-decoration: none; padding: 2px 8px; border-radius: 4px; font-size: 0.8em;"">View Post</a>",3,"bvoo3130","2025-09-08 07:22:50",1,1964,80,0,1,"#ask #askreddit #learnontiktok #reddit #story #redditbysubs #satisfying #relaxing#usa#reddit_tiktok"
"<a href=""https://www.tiktok.com/@tijf9855/video/7548048523397287223"" target=""_blank"" class=""btn btn-sm"" style=""background-color: #00926c; color: white; text-decoration: none; padding: 2px 8px; border-radius: 4px; font-size: 0.8em;"">View Post</a>",4,"tijf9855","2025-09-09 11:24:35",1,643,71,1,7,"What things do men do that are sexy that they dont realize are sexy？ #ask #askreddit #learnontiktok #reddit #story #redditbysubs #satisfying #relaxing#usa"
"<a href=""https://www.tiktok.com/@sush0240/video/7548048502941568311"" target=""_blank"" class=""btn btn-sm"" style=""background-color: #00926c; color: white; text-decoration: none; padding: 2px 8px; border-radius: 4px; font-size: 0.8em;"">View Post</a>",4,"sush0240","2025-09-09 11:24:22",1,444,27,0,0,"What things do men do that are sexy that they dont realize are sexy？ #ask #askreddit #learnontiktok #reddit #story #redditbysubs #satisfying #relaxing#usa"
"<a href=""https://www.tiktok.com/@sush0240/video/7547610709908114701"" target=""_blank"" class=""btn btn-sm"" style=""background-color: #00926c; color: white; text-decoration: none; padding: 2px 8px; border-radius: 4px; font-size: 0.8em;"">View Post</a>",4,"sush0240","2025-09-08 07:04:40",1,635,52,0,3,"What things do men do that are sexy that they dont realize are sexy？ #ask #askreddit #learnontiktok #reddit #story #redditbysubs #satisfying #relaxing#usa"
"<a href=""https://www.tiktok.com/@tijf9855/video/7547610595843951886"" target=""_blank"" class=""btn btn-sm"" style=""background-color: #00926c; color: white; text-decoration: none; padding: 2px 8px; border-radius: 4px; font-size: 0.8em;"">View Post</a>",4,"tijf9855","2025-09-08 07:04:10",1,924,92,0,2,"What things do men do that are sexy that they dont realize are sexy？ #ask #askreddit #learnontiktok #reddit #story #redditbysubs #satisfying #relaxing#usa"
"<a href=""https://www.tiktok.com/@tijf9855/video/7548048445538356493"" target=""_blank"" class=""btn btn-sm"" style=""background-color: #00926c; color: white; text-decoration: none; padding: 2px 8px; border-radius: 4px; font-size: 0.8em;"">View Post</a>",4,"tijf9855","2025-09-09 11:24:03",1,476,48,0,3,"What felt like a useless piece of advice until you actually tried it？ #ask #askreddit #learnontiktok #reddit #story #redditbysubs #satisfying #relaxing#usa"
"<a href=""https://www.tiktok.com/@sush0240/video/7548048392493010231"" target=""_blank"" class=""btn btn-sm"" style=""background-color: #00926c; color: white; text-decoration: none; padding: 2px 8px; border-radius: 4px; font-size: 0.8em;"">View Post</a>",4,"sush0240","2025-09-09 11:23:54",1,599,60,0,0,"What felt like a useless piece of advice until you actually tried it？ #ask #askreddit #learnontiktok #reddit #story #redditbysubs #satisfying #relaxing#usa"
"<a href=""https://www.tiktok.com/@sush0240/video/7547610533604707598"" target=""_blank"" class=""btn btn-sm"" style=""background-color: #00926c; color: white; text-decoration: none; padding: 2px 8px; border-radius: 4px; font-size: 0.8em;"">View Post</a>",4,"sush0240","2025-09-08 07:03:55",1,1099,147,1,1,"What felt like a useless piece of advice until you actually tried it？ #ask #askreddit #learnontiktok #reddit #story #redditbysubs #satisfying #relaxing#usa"
"<a href=""https://www.tiktok.com/@tijf9855/video/7547610458845547789"" target=""_blank"" class=""btn btn-sm"" style=""background-color: #00926c; color: white; text-decoration: none; padding: 2px 8px; border-radius: 4px; font-size: 0.8em;"">View Post</a>",4,"tijf9855","2025-09-08 07:03:38",1,1115,122,0,0,"What felt like a useless piece of advice until you actually tried it？ #ask #askreddit #learnontiktok #reddit #story #redditbysubs #satisfying #relaxing#usa"
"<a href=""https://www.tiktok.com/@tijf9855/video/7548048353754369293"" target=""_blank"" class=""btn btn-sm"" style=""background-color: #00926c; color: white; text-decoration: none; padding: 2px 8px; border-radius: 4px; font-size: 0.8em;"">View Post</a>",4,"tijf9855","2025-09-09 11:23:37",1,393,34,0,0,"What is something unattractive that you find hot？ #ask #askreddit #learnontiktok #reddit #story #redditbysubs #satisfying #relaxing#usa"
"<a href=""https://www.tiktok.com/@sush0240/video/7548048191367761165"" target=""_blank"" class=""btn btn-sm"" style=""background-color: #00926c; color: white; text-decoration: none; padding: 2px 8px; border-radius: 4px; font-size: 0.8em;"">View Post</a>",4,"sush0240","2025-09-09 11:23:23",1,430,29,1,1,"What is something unattractive that you find hot？ #ask #askreddit #learnontiktok #reddit #story #redditbysubs #satisfying #relaxing#usa"
"<a href=""https://www.tiktok.com/@sush0240/video/7547610347880860941"" target=""_blank"" class=""btn btn-sm"" style=""background-color: #00926c; color: white; text-decoration: none; padding: 2px 8px; border-radius: 4px; font-size: 0.8em;"">View Post</a>",4,"sush0240","2025-09-08 07:03:11",1,755,88,0,0,"What is something unattractive that you find hot？ #ask #askreddit #learnontiktok #reddit #story #redditbysubs #satisfying #relaxing#usa"
"<a href=""https://www.tiktok.com/@tijf9855/video/7547610304377556279"" target=""_blank"" class=""btn btn-sm"" style=""background-color: #00926c; color: white; text-decoration: none; padding: 2px 8px; border-radius: 4px; font-size: 0.8em;"">View Post</a>",4,"tijf9855","2025-09-08 07:03:03",1,829,71,0,0,"What is something unattractive that you find hot？ #ask #askreddit #learnontiktok #reddit #story #redditbysubs #satisfying #relaxing#usa"
"<a href=""https://www.tiktok.com/@sush0240/video/7547240866629438734"" target=""_blank"" class=""btn btn-sm"" style=""background-color: #00926c; color: white; text-decoration: none; padding: 2px 8px; border-radius: 4px; font-size: 0.8em;"">View Post</a>",4,"sush0240","2025-09-07 07:10:29",1,1079,90,2,3,"What is the weirdest thing you find extremely attractive? #ask #askreddit #learnontiktok #reddit #story #redditbysubs #satisfying #relaxing#usa"
"<a href=""https://www.tiktok.com/@tijf9855/video/7547240504925130039"" target=""_blank"" class=""btn btn-sm"" style=""background-color: #00926c; color: white; text-decoration: none; padding: 2px 8px; border-radius: 4px; font-size: 0.8em;"">View Post</a>",4,"tijf9855","2025-09-07 07:08:58",1,1476,68,2,0,"What is the weirdest thing you find extremely attractive? #ask #askreddit #learnontiktok #reddit #story #redditbysubs #satisfying #relaxing#usa"
"<a href=""https://www.tiktok.com/@sush0240/video/7547240782122552631"" target=""_blank"" class=""btn btn-sm"" style=""background-color: #00926c; color: white; text-decoration: none; padding: 2px 8px; border-radius: 4px; font-size: 0.8em;"">View Post</a>",4,"sush0240","2025-09-07 07:10:03",1,757,71,2,4,"Guys what do girls do that is very cute but they dont know it? #ask #askreddit #learnontiktok #reddit #story #redditbysubs #satisfying #relaxing#usa"
"<a href=""https://www.tiktok.com/@tijf9855/video/7547240228893887799"" target=""_blank"" class=""btn btn-sm"" style=""background-color: #00926c; color: white; text-decoration: none; padding: 2px 8px; border-radius: 4px; font-size: 0.8em;"">View Post</a>",4,"tijf9855","2025-09-07 07:08:12",1,1309,87,0,2,"Guys what do girls do that is very cute but they dont know it? #ask #askreddit #learnontiktok #reddit #story #redditbysubs #satisfying #relaxing#usa"
"<a href=""https://www.tiktok.com/@sush0240/video/7547240663406906679"" target=""_blank"" class=""btn btn-sm"" style=""background-color: #00926c; color: white; text-decoration: none; padding: 2px 8px; border-radius: 4px; font-size: 0.8em;"">View Post</a>",4,"sush0240","2025-09-07 07:09:32",1,1260,136,1,1,"When did you realize you were attractive? #ask #askreddit #learnontiktok #reddit #story #redditbysubs #satisfying #relaxing#usa"
"<a href=""https://www.tiktok.com/@tijf9855/video/7547240187609271565"" target=""_blank"" class=""btn btn-sm"" style=""background-color: #00926c; color: white; text-decoration: none; padding: 2px 8px; border-radius: 4px; font-size: 0.8em;"">View Post</a>",4,"tijf9855","2025-09-07 07:07:46",1,1669,91,0,0,"When did you realize you were attractive? #ask #askreddit #learnontiktok #reddit #story #redditbysubs #satisfying #relaxing#usa"
"<a href=""https://www.tiktok.com/@yemxp2822/video/7547293660396686623"" target=""_blank"" class=""btn btn-sm"" style=""background-color: #00926c; color: white; text-decoration: none; padding: 2px 8px; border-radius: 4px; font-size: 0.8em;"">View Post</a>",7,"yemxp2822","2025-09-07 10:35:14",1,1028,96,0,0,"#trending #fyp #fypage #dateupdate #brookeandjubal #phonecall #fypシ゚viral#redditstories"
"<a href=""https://www.tiktok.com/@cigc7586/video/7547293147324321038"" target=""_blank"" class=""btn btn-sm"" style=""background-color: #00926c; color: white; text-decoration: none; padding: 2px 8px; border-radius: 4px; font-size: 0.8em;"">View Post</a>",7,"cigc7586","2025-09-07 10:34:42",1,2027,58,0,0,"#trending #fyp #fypage #dateupdate #brookeandjubal #phonecall #fypシ゚viral#redditstories"
"<a href=""https://www.tiktok.com/@cigc7586/video/7547292793262198030"" target=""_blank"" class=""btn btn-sm"" style=""background-color: #00926c; color: white; text-decoration: none; padding: 2px 8px; border-radius: 4px; font-size: 0.8em;"">View Post</a>",7,"cigc7586","2025-09-07 10:33:35",1,7736,157,3,0,"#trending #fyp #fypage #dateupdate #brookeandjubal #phonecall #fypシ゚viral#redditstories"
"<a href=""https://www.tiktok.com/@yemxp2822/video/7547292722474781982"" target=""_blank"" class=""btn btn-sm"" style=""background-color: #00926c; color: white; text-decoration: none; padding: 2px 8px; border-radius: 4px; font-size: 0.8em;"">View Post</a>",7,"yemxp2822","2025-09-07 10:31:44",1,324,10,0,0,"#trending #fyp #fypage #dateupdate #brookeandjubal #phonecall #fypシ゚viral#redditstories"
"<a href=""https://www.tiktok.com/@cigc7586/video/7547292577301646647"" target=""_blank"" class=""btn btn-sm"" style=""background-color: #00926c; color: white; text-decoration: none; padding: 2px 8px; border-radius: 4px; font-size: 0.8em;"">View Post</a>",7,"cigc7586","2025-09-07 10:32:20",1,14454,516,2,1,"#trending #fyp #fypage #dateupdate #brookeandjubal #phonecall #fypシ゚viral#redditstories"
"<a href=""https://www.tiktok.com/@yemxp2822/video/7547292538462391582"" target=""_blank"" class=""btn btn-sm"" style=""background-color: #00926c; color: white; text-decoration: none; padding: 2px 8px; border-radius: 4px; font-size: 0.8em;"">View Post</a>",7,"yemxp2822","2025-09-07 10:31:12",1,137,2,0,0,"#trending #fyp #fypage #dateupdate #brookeandjubal #phonecall #fypシ゚viral#redditstories"
