"Account","Network","Unique Shares","Avg Time Between Shares (sec)","Edge Symmetry Score","Degree","Strength","Betweenness","Avg Views","Avg Likes","Avg Comments","Avg Shares"
"<a href=""https://tiktok.com/@aaqo8sth89"" target=""_blank"">@aaqo8sth89</a>",2,12,76.035,0.869,3,48,0.008,1501,85.333,0.5,0.167
"<a href=""https://tiktok.com/@bvoo3130"" target=""_blank"">@bvoo3130</a>",3,6,66.571,0.833,1,14,0,1560,67.5,1.167,1.667
"<a href=""https://tiktok.com/@bzsksk1"" target=""_blank"">@bzsksk1</a>",6,9,49.264,0.889,2,21,0.004,1501.909,157.091,1.273,0.636
"<a href=""https://tiktok.com/@cigc7586"" target=""_blank"">@cigc7586</a>",7,10,51.778,0.857,1,9,0,2578.231,100.846,0.538,0.231
"<a href=""https://tiktok.com/@cjdjfcn"" target=""_blank"">@cjdjfcn</a>",5,9,40.333,1,1,9,0,1026.333,92.889,0.889,0.556
"<a href=""https://tiktok.com/@dijx3903"" target=""_blank"">@dijx3903</a>",3,6,66.571,0.833,1,14,0,2104.167,117.5,2.667,1.5
"<a href=""https://tiktok.com/@duuff30"" target=""_blank"">@duuff30</a>",6,9,54.417,1,1,12,0,1198.111,122.333,0.222,0.889
"<a href=""https://tiktok.com/@facsimile5"" target=""_blank"">@facsimile5</a>",2,12,61.505,0.846,2,36,0,937.667,50.417,0.75,0.083
"<a href=""https://tiktok.com/@fhcgocgo"" target=""_blank"">@fhcgocgo</a>",9,9,47.257,0.883,3,35,0.016,1414.111,111.556,1.111,0.444
"<a href=""https://tiktok.com/@hsbshzu0"" target=""_blank"">@hsbshzu0</a>",9,7,42.207,0.9,2,29,0,1060.25,149.625,0.5,0
"<a href=""https://tiktok.com/@hzjsjs897"" target=""_blank"">@hzjsjs897</a>",9,8,57.172,0.875,2,20,0.012,1522.5,142.375,1.25,0.125
"<a href=""https://tiktok.com/@juarezbent"" target=""_blank"">@juarezbent</a>",9,7,47.455,1,1,11,0,1089,88.375,0.75,0.5
"<a href=""https://tiktok.com/@luckyphone320"" target=""_blank"">@luckyphone320</a>",1,8,58.667,1,1,15,0,14105.455,537.636,1.909,1.727
"<a href=""https://tiktok.com/@mxods3188"" target=""_blank"">@mxods3188</a>",8,8,40.111,0.875,1,9,0,823.778,35.556,0.222,0
"<a href=""https://tiktok.com/@ncjfhyrsdj"" target=""_blank"">@ncjfhyrsdj</a>",5,8,40.333,1,1,9,0,669.444,25.667,0.333,0.333
"<a href=""https://tiktok.com/@ncsfo3287"" target=""_blank"">@ncsfo3287</a>",6,8,44.111,0.778,1,9,0,1300.25,92.625,0.75,0.375
"<a href=""https://tiktok.com/@russbigbang"" target=""_blank"">@russbigbang</a>",2,9,75.263,0.857,1,19,0,15229,759,3.222,15
"<a href=""https://tiktok.com/@smhyynzxe0"" target=""_blank"">@smhyynzxe0</a>",2,12,58.726,0.971,2,35,0,6014.667,354.833,1,1.25
"<a href=""https://tiktok.com/@sush0240"" target=""_blank"">@sush0240</a>",4,9,44.333,1,1,9,0,784.222,77.778,0.778,1.444
"<a href=""https://tiktok.com/@tijf9855"" target=""_blank"">@tijf9855</a>",4,9,44.333,1,1,9,0,981.556,76,0.333,1.556
"<a href=""https://tiktok.com/@wss0307"" target=""_blank"">@wss0307</a>",1,9,58.667,1,1,15,0,1465.4,150.2,1.7,1.5
"<a href=""https://tiktok.com/@yemxp2822"" target=""_blank"">@yemxp2822</a>",7,9,51.778,0.857,1,9,0,723.083,69.083,0.167,0.083
"<a href=""https://tiktok.com/@zafke3177"" target=""_blank"">@zafke3177</a>",8,8,40.111,0.875,1,9,0,10551.5,405.125,2.5,1.5
"<a href=""https://tiktok.com/@zdogz60"" target=""_blank"">@zdogz60</a>",9,9,31.433,0.95,2,27,0,1386.222,136.333,0.333,0
