"Network","Number of Accounts","Network Density","Network Diameter","Clustering Coefficient","Avg Views","Avg Likes","Avg Comments","Avg Shares","Member Accounts"
1,2,1,15,0,8086.381,353.143,1.81,1.619,"luckyphone320, wss0307"
2,4,0.667,34,0.6,5300.022,282.622,1.244,3.4,"facsimile5, aaqo8sth89, russbigbang, smhyynzxe0"
3,2,1,14,0,1832.083,92.5,1.917,1.583,"bvoo3130, dijx3903"
4,2,1,9,0,882.889,76.889,0.556,1.5,"sush0240, tijf9855"
5,2,1,9,0,847.889,59.278,0.611,0.444,"cjdjfcn, ncjfhyrsdj"
6,3,0.667,21,0,1346.643,127.5,0.786,0.643,"ncsfo3287, duuff30, bzsksk1"
7,2,1,9,0,1687.76,85.6,0.36,0.16,"cigc7586, yemxp2822"
8,2,1,9,0,5401.529,209.471,1.294,0.706,"mxods3188, zafke3177"
9,5,0.5,34,0.5,1299.452,125.571,0.786,0.214,"fhcgocgo, hsbshzu0, hzjsjs897, juarezbent, zdogz60"
