"Account","Network","Unique Shares","Avg Time Between Shares (sec)","Edge Symmetry Score","Degree","Strength","Betweenness","Avg Views","Avg Likes","Avg Comments","Avg Shares"
"<a href=""https://tiktok.com/@bim.0073"" target=""_blank"">@bim.0073</a>",4,4,34.182,1,1,11,0,253.25,5.875,0.125,0
"<a href=""https://tiktok.com/@bim.0710"" target=""_blank"">@bim.0710</a>",4,4,34.182,1,1,11,0,355.714,15.571,0,0.143
"<a href=""https://tiktok.com/@fhdys37"" target=""_blank"">@fhdys37</a>",6,4,26.8,1,1,10,0,1165.75,27,0,0
"<a href=""https://tiktok.com/@fjfhr556"" target=""_blank"">@fjfhr556</a>",6,4,26.8,1,1,10,0,1084.25,39.75,0,0.75
"<a href=""https://tiktok.com/@fly46167"" target=""_blank"">@fly46167</a>",8,9,42.25,1,2,36,0,695.556,13.111,0.333,0.222
"<a href=""https://tiktok.com/@hijjk104"" target=""_blank"">@hijjk104</a>",7,6,40.389,0.9,1,18,0,501.5,4,0,0
"<a href=""https://tiktok.com/@nene37839"" target=""_blank"">@nene37839</a>",1,6,44.944,1,1,18,0,472.833,7.167,0,0
"<a href=""https://tiktok.com/@nitian2jue"" target=""_blank"">@nitian2jue</a>",5,6,43.375,0.7,1,16,0,1034,6.5,0,0.167
"<a href=""https://tiktok.com/@user1392538538860"" target=""_blank"">@user1392538538860</a>",3,12,36.343,0.949,3,56,0.014,1158.75,10.5,0.083,0
"<a href=""https://tiktok.com/@user1655672923020"" target=""_blank"">@user1655672923020</a>",2,18,53.8,0.906,6,164,0,1252.278,27.222,0.167,0.111
"<a href=""https://tiktok.com/@user186815388315"" target=""_blank"">@user186815388315</a>",3,10,35.492,0.923,2,35,0.011,1174.3,20.3,0.2,0.1
"<a href=""https://tiktok.com/@user3372561297143"" target=""_blank"">@user3372561297143</a>",8,6,56.667,1,2,36,0,683.667,10.667,0.167,0
"<a href=""https://tiktok.com/@user3840831842583"" target=""_blank"">@user3840831842583</a>",2,18,62.736,0.902,6,165,0.004,2042.056,37.722,0.111,0.389
"<a href=""https://tiktok.com/@user4185990161303"" target=""_blank"">@user4185990161303</a>",3,6,37.733,1,1,15,0,1632.5,23.667,0,0.167
"<a href=""https://tiktok.com/@user49141232079402"" target=""_blank"">@user49141232079402</a>",3,6,38.444,1,2,36,0,787.167,11.083,0.083,0.083
"<a href=""https://tiktok.com/@user4967199663697"" target=""_blank"">@user4967199663697</a>",2,18,60.366,0.888,6,154,0,1615.667,21.944,0.111,0.111
"<a href=""https://tiktok.com/@user4994507114863"" target=""_blank"">@user4994507114863</a>",7,6,40.389,0.9,1,18,0,270.833,0.833,0,0
"<a href=""https://tiktok.com/@user710495138178"" target=""_blank"">@user710495138178</a>",2,17,59.154,0.851,6,155,0.004,2149.278,25.556,0.111,0.5
"<a href=""https://tiktok.com/@user7406160207374"" target=""_blank"">@user7406160207374</a>",2,18,57.757,0.855,6,170,0,1018.167,25.056,0.111,0.333
"<a href=""https://tiktok.com/@user75291696174110"" target=""_blank"">@user75291696174110</a>",2,15,70.258,0.854,5,110,0,1295.474,20.632,0,0.158
"<a href=""https://tiktok.com/@user80619153627443"" target=""_blank"">@user80619153627443</a>",1,6,44.944,1,1,18,0,645.5,5.667,0,0
"<a href=""https://tiktok.com/@user87304845050708"" target=""_blank"">@user87304845050708</a>",2,18,63.098,0.926,5,174,0,843.111,12.389,0.056,0.111
"<a href=""https://tiktok.com/@user8731425528153"" target=""_blank"">@user8731425528153</a>",3,6,38.667,1,2,36,0,1012.833,16.5,0,0
"<a href=""https://tiktok.com/@wodehutao123"" target=""_blank"">@wodehutao123</a>",5,6,43.375,0.7,1,16,0,1459.333,15.167,0,0
"<a href=""https://tiktok.com/@yim0828"" target=""_blank"">@yim0828</a>",8,6,47.083,1,2,36,0,813.833,9.667,0,0
