"Account","Network","Unique Shares","Avg Time Between Shares (sec)","Edge Symmetry Score","Degree","Strength","Betweenness","Avg Views","Avg Likes","Avg Comments","Avg Shares"
"<a href=""https://tiktok.com/@aabb3922iol"" target=""_blank"">@aabb3922iol</a>",50,6,38.568,0.936,8,135,0,2703.333,19.5,0.167,0.167
"<a href=""https://tiktok.com/@aazxxs0"" target=""_blank"">@aazxxs0</a>",60,4,21,1,1,8,0,995.25,40.75,1.25,0
"<a href=""https://tiktok.com/@aeroplane_palette_120"" target=""_blank"">@aeroplane_palette_120</a>",31,5,87.786,0.625,1,14,0,697.222,45.222,4.222,0.889
"<a href=""https://tiktok.com/@aeroplane_pilot_235"" target=""_blank"">@aeroplane_pilot_235</a>",31,9,87.786,0.625,1,14,0,520.556,41.556,2.556,0.111
"<a href=""https://tiktok.com/@airplandriver120"" target=""_blank"">@airplandriver120</a>",1,11,94.03,0.817,2,45,0,24330.933,760.7,37.133,22.2
"<a href=""https://tiktok.com/@airplane_video578"" target=""_blank"">@airplane_video578</a>",2,11,54.75,0.795,2,24,0,55093.96,2342.16,17.72,22.32
"<a href=""https://tiktok.com/@ala40529"" target=""_blank"">@ala40529</a>",40,6,25,0.833,1,9,0,54109.167,568.833,3.833,16.5
"<a href=""https://tiktok.com/@alepm45"" target=""_blank"">@alepm45</a>",53,6,72.75,0.833,2,20,0,48001.833,843.333,7.167,22.333
"<a href=""https://tiktok.com/@alexander73798"" target=""_blank"">@alexander73798</a>",50,6,37.611,0.975,8,131,0,4124,38.833,0,0.667
"<a href=""https://tiktok.com/@alijw22"" target=""_blank"">@alijw22</a>",39,8,63.286,0.821,6,74,0,3452.375,38.25,0.75,0.375
"<a href=""https://tiktok.com/@amazing_seeet120"" target=""_blank"">@amazing_seeet120</a>",1,5,86.406,0.717,2,28,0,285.684,16,1.579,2.105
"<a href=""https://tiktok.com/@arooba.55"" target=""_blank"">@arooba.55</a>",1,4,82.444,0.6,1,9,0,2873.5,665.75,57.875,13.375
"<a href=""https://tiktok.com/@artiaga.lavalais"" target=""_blank"">@artiaga.lavalais</a>",14,3,30.222,1,1,9,0,613,31.667,0,0
"<a href=""https://tiktok.com/@b083388"" target=""_blank"">@b083388</a>",8,4,69.25,1,2,16,0,808.75,46.5,1.75,0.5
"<a href=""https://tiktok.com/@bfssfh98"" target=""_blank"">@bfssfh98</a>",26,4,47.861,1,9,72,0,2144.5,73,0.75,4.75
"<a href=""https://tiktok.com/@biasemack"" target=""_blank"">@biasemack</a>",49,10,41.792,1,3,24,0,6558.5,62.6,4.1,15.3
"<a href=""https://tiktok.com/@bidingbaom315"" target=""_blank"">@bidingbaom315</a>",34,3,65.5,0.8,1,8,0,397.333,18,0,0
"<a href=""https://tiktok.com/@bidingbaom317"" target=""_blank"">@bidingbaom317</a>",34,3,67.964,0.7,2,15,0,5,0,0,0
"<a href=""https://tiktok.com/@bidingbaom333"" target=""_blank"">@bidingbaom333</a>",33,3,48.444,1,1,9,0,107.333,0,0,0
"<a href=""https://tiktok.com/@bidingbaom355"" target=""_blank"">@bidingbaom355</a>",34,3,70.429,0.6,1,7,0,75.667,0.667,0,0
"<a href=""https://tiktok.com/@bidingbaom447"" target=""_blank"">@bidingbaom447</a>",33,3,48.444,1,1,9,0,49,0,0,0
"<a href=""https://tiktok.com/@bryce.holloway"" target=""_blank"">@bryce.holloway</a>",42,6,87.778,0.8,1,9,0,2877.333,56.333,0.833,0.833
"<a href=""https://tiktok.com/@c.kn14"" target=""_blank"">@c.kn14</a>",52,6,66.48,0.886,3,31,0,48892.333,409.833,2.5,21.333
"<a href=""https://tiktok.com/@carolina.isabel.h83"" target=""_blank"">@carolina.isabel.h83</a>",39,5,66.546,0.619,4,36,0,4989.2,75.8,0.8,3.2
"<a href=""https://tiktok.com/@cfdhrd.xdgdz.dryh"" target=""_blank"">@cfdhrd.xdgdz.dryh</a>",43,6,49,1,1,15,0,3665.333,45.333,0.333,0.667
"<a href=""https://tiktok.com/@channarpower0"" target=""_blank"">@channarpower0</a>",37,9,95.112,0.838,2,34,0,318.417,30.083,1.917,0.25
"<a href=""https://tiktok.com/@china_deriver_0"" target=""_blank"">@china_deriver_0</a>",38,9,105.154,1,1,13,0,677.333,34,1.25,0.083
"<a href=""https://tiktok.com/@china_deriver_150"" target=""_blank"">@china_deriver_150</a>",32,5,85.571,0.4,1,7,0,12927.783,790.522,28.957,19.522
"<a href=""https://tiktok.com/@cong.buoi"" target=""_blank"">@cong.buoi</a>",15,3,45.965,0.9,2,17,0,8340,62.667,0.333,1
"<a href=""https://tiktok.com/@coutiedrive1"" target=""_blank"">@coutiedrive1</a>",2,7,48.125,0.774,2,20,0,36358.222,1005.926,35.185,14.593
"<a href=""https://tiktok.com/@cute_doll505"" target=""_blank"">@cute_doll505</a>",57,7,88.357,0.833,1,14,0,134.3,15.2,0.8,0
"<a href=""https://tiktok.com/@cvbn5003"" target=""_blank"">@cvbn5003</a>",45,3,45.556,1,4,36,0,282.667,8,0,0.333
"<a href=""https://tiktok.com/@cy.txcy"" target=""_blank"">@cy.txcy</a>",51,5,76.636,0.8,1,11,0,1619.2,12,0.2,0.2
"<a href=""https://tiktok.com/@d386408"" target=""_blank"">@d386408</a>",11,3,100.738,1,2,16,0,124406.333,10265,4.667,27.333
"<a href=""https://tiktok.com/@dadfi54"" target=""_blank"">@dadfi54</a>",25,9,64.853,0.838,8,103,0.001,557.444,18.222,0,0
"<a href=""https://tiktok.com/@dangda166"" target=""_blank"">@dangda166</a>",18,8,68.222,0.875,1,9,0,8238.5,122.25,3.375,2.25
"<a href=""https://tiktok.com/@darius.piersiak"" target=""_blank"">@darius.piersiak</a>",46,10,76.143,1,1,7,0,4471.667,26.667,0.417,0.833
"<a href=""https://tiktok.com/@darronmarcie"" target=""_blank"">@darronmarcie</a>",50,6,39.269,0.961,8,131,0,7253.5,52.667,0.5,2.667
"<a href=""https://tiktok.com/@dc.hb72"" target=""_blank"">@dc.hb72</a>",39,6,46.348,0.778,3,33,0,26666.833,278,1.167,3.333
"<a href=""https://tiktok.com/@ddf8497"" target=""_blank"">@ddf8497</a>",60,4,21,1,1,8,0,967.25,15.75,5.75,0.25
"<a href=""https://tiktok.com/@devi.ntypw0367"" target=""_blank"">@devi.ntypw0367</a>",16,6,63.167,1,1,12,0,1870,152.125,0.25,0.25
"<a href=""https://tiktok.com/@dghj2422"" target=""_blank"">@dghj2422</a>",55,6,48.574,1,2,19,0,284.333,16.833,0.5,0.333
"<a href=""https://tiktok.com/@dgyusdz"" target=""_blank"">@dgyusdz</a>",41,6,76.818,0.833,1,11,0,384.667,9.333,0.167,0.5
"<a href=""https://tiktok.com/@djgdthh"" target=""_blank"">@djgdthh</a>",30,7,32.571,1,1,7,0,3309.556,44.889,2.889,0.333
"<a href=""https://tiktok.com/@doan04038"" target=""_blank"">@doan04038</a>",16,8,63.167,1,1,12,0,1206.625,50.375,0.875,0.75
"<a href=""https://tiktok.com/@driver_king0"" target=""_blank"">@driver_king0</a>",38,8,105.327,1,2,23,0,714.75,84.833,7.167,3.167
"<a href=""https://tiktok.com/@dsgh558"" target=""_blank"">@dsgh558</a>",26,4,48.909,0.981,9,66,0.001,555.25,36.25,0,0.5
"<a href=""https://tiktok.com/@duxqifrnrnw"" target=""_blank"">@duxqifrnrnw</a>",52,5,47.039,0.857,2,19,0,3871.6,53.4,0.6,0.8
"<a href=""https://tiktok.com/@dxlyxdyd88"" target=""_blank"">@dxlyxdyd88</a>",54,6,46.018,0.875,2,21,0,10675,133.333,2,1.5
"<a href=""https://tiktok.com/@eaxvj.vuios2"" target=""_blank"">@eaxvj.vuios2</a>",54,4,59.1,0.833,1,10,0,4686.5,60.25,1.5,0.75
"<a href=""https://tiktok.com/@f.bj346"" target=""_blank"">@f.bj346</a>",54,6,48.636,1,1,11,0,12057.667,137.833,1.667,2.5
"<a href=""https://tiktok.com/@f.cb014"" target=""_blank"">@f.cb014</a>",51,5,76.636,0.8,1,11,0,12085,77,0.2,1
"<a href=""https://tiktok.com/@f.hd.ss"" target=""_blank"">@f.hd.ss</a>",25,7,30.178,0.869,3,31,0,566.714,33.571,4.286,6.286
"<a href=""https://tiktok.com/@f7707044"" target=""_blank"">@f7707044</a>",24,6,35.75,1,2,16,0,1266,92.333,1.333,1
"<a href=""https://tiktok.com/@fgcc379"" target=""_blank"">@fgcc379</a>",18,8,62.438,0.857,2,16,0,1358.75,68,2,0.125
"<a href=""https://tiktok.com/@fkshusjxb"" target=""_blank"">@fkshusjxb</a>",55,6,50.414,0.929,2,20,0,530.333,35.833,0.667,0.833
"<a href=""https://tiktok.com/@fssgh17"" target=""_blank"">@fssgh17</a>",28,6,26.236,1,2,34,0,266.833,17.667,0.167,0
"<a href=""https://tiktok.com/@fyu2gbasef0"" target=""_blank"">@fyu2gbasef0</a>",56,6,83.444,0.875,1,9,0,234.667,12.167,0,0
"<a href=""https://tiktok.com/@g.fb506"" target=""_blank"">@g.fb506</a>",39,9,65.609,0.869,7,98,0,2180.111,27.667,0.333,0.111
"<a href=""https://tiktok.com/@gabouer.cuaresma"" target=""_blank"">@gabouer.cuaresma</a>",49,11,48.011,1,2,25,0,2213.818,53.091,0.455,0.818
"<a href=""https://tiktok.com/@gazd.raxgu"" target=""_blank"">@gazd.raxgu</a>",54,6,55.688,0.857,2,15,0,12281,167.333,1,3
"<a href=""https://tiktok.com/@gdghj350"" target=""_blank"">@gdghj350</a>",12,4,25.25,1,1,8,0,1032.25,67.25,3.5,0.5
"<a href=""https://tiktok.com/@genepurcell3"" target=""_blank"">@genepurcell3</a>",46,9,55.607,0.933,3,23,0,3261.6,32.9,0.6,3.5
"<a href=""https://tiktok.com/@gew8218"" target=""_blank"">@gew8218</a>",44,6,35.286,1,1,7,0,3668.333,56,0.333,1.333
"<a href=""https://tiktok.com/@goisthillwig517"" target=""_blank"">@goisthillwig517</a>",19,4,61.125,1,1,8,0,687.25,43,0.75,0.5
"<a href=""https://tiktok.com/@grace.sullivan864"" target=""_blank"">@grace.sullivan864</a>",42,6,87.778,0.8,1,9,0,4324.667,70.833,0.667,0.667
"<a href=""https://tiktok.com/@grdgh91"" target=""_blank"">@grdgh91</a>",25,9,60.364,0.964,4,54,0,333.556,18.222,0.111,0.778
"<a href=""https://tiktok.com/@grsdhj91"" target=""_blank"">@grsdhj91</a>",25,6,50.178,0.919,4,43,0,8719.167,261.667,4.833,1.167
"<a href=""https://tiktok.com/@gyjgts"" target=""_blank"">@gyjgts</a>",28,6,37.312,1,2,32,0,561,34,0.167,0
"<a href=""https://tiktok.com/@h4272072"" target=""_blank"">@h4272072</a>",27,4,74.286,1,1,7,0,852.5,60.25,0.5,0.25
"<a href=""https://tiktok.com/@haeuserlegato"" target=""_blank"">@haeuserlegato</a>",39,9,58.741,0.981,6,84,0,598.889,4.778,0,0
"<a href=""https://tiktok.com/@haonana470"" target=""_blank"">@haonana470</a>",29,4,44.75,1,1,8,0,1896.5,23.667,0,0.5
"<a href=""https://tiktok.com/@hbdef6"" target=""_blank"">@hbdef6</a>",12,5,25.25,1,1,8,0,1864.667,51.167,0.667,0.333
"<a href=""https://tiktok.com/@hdchjj52"" target=""_blank"">@hdchjj52</a>",5,5,96.714,1,1,7,0,1639,49.8,0,0
"<a href=""https://tiktok.com/@hdchjj8"" target=""_blank"">@hdchjj8</a>",25,6,65.858,0.867,4,33,0.001,563.167,44.167,0.167,0.333
"<a href=""https://tiktok.com/@hddgh2868"" target=""_blank"">@hddgh2868</a>",25,9,67.312,0.917,4,41,0,646,35.444,0,0
"<a href=""https://tiktok.com/@hddgk68"" target=""_blank"">@hddgk68</a>",25,9,48.855,0.904,8,96,0.001,844.556,73.667,1.111,2.333
"<a href=""https://tiktok.com/@hdsfhh55"" target=""_blank"">@hdsfhh55</a>",4,6,86,0.75,1,12,0,1273.5,35.167,0,0
"<a href=""https://tiktok.com/@hdudbf49"" target=""_blank"">@hdudbf49</a>",5,5,96.714,1,1,7,0,997.2,59,0,0.6
"<a href=""https://tiktok.com/@heybabyg0"" target=""_blank"">@heybabyg0</a>",37,12,100.148,0.938,2,36,0,263.25,31.917,2.75,0
"<a href=""https://tiktok.com/@hf.gf28"" target=""_blank"">@hf.gf28</a>",54,6,43.7,0.875,2,17,0,89664.167,1150.167,5.667,19.5
"<a href=""https://tiktok.com/@hffj8833"" target=""_blank"">@hffj8833</a>",25,4,83.823,0.679,2,20,0,179.25,7,0,0
"<a href=""https://tiktok.com/@hobackouellete"" target=""_blank"">@hobackouellete</a>",49,8,25.083,0.944,2,20,0,1421.4,67.6,4.2,2.6
"<a href=""https://tiktok.com/@hofkst5"" target=""_blank"">@hofkst5</a>",26,4,58.85,1,5,39,0,377.75,17,0,0.25
"<a href=""https://tiktok.com/@hollygarwdn"" target=""_blank"">@hollygarwdn</a>",46,7,45.25,1,1,8,0,3450.75,36.5,1.375,1.375
"<a href=""https://tiktok.com/@hrcjhg1"" target=""_blank"">@hrcjhg1</a>",25,7,55.127,0.69,4,41,0,1129,119.286,0.143,5.714
"<a href=""https://tiktok.com/@hrsvh24"" target=""_blank"">@hrsvh24</a>",26,4,68.571,1,1,7,0,898.25,74.25,0.5,0.5
"<a href=""https://tiktok.com/@huongemanuel"" target=""_blank"">@huongemanuel</a>",45,3,42.111,1,4,36,0,62,0.333,0,0
"<a href=""https://tiktok.com/@huulandang"" target=""_blank"">@huulandang</a>",48,7,56.667,1,1,9,0,4120.889,54.444,0.778,1
"<a href=""https://tiktok.com/@huulinhduong2"" target=""_blank"">@huulinhduong2</a>",48,9,56.667,1,1,9,0,3693.222,47.778,18.222,4
"<a href=""https://tiktok.com/@iffhkk0"" target=""_blank"">@iffhkk0</a>",26,4,51.978,1,9,71,0,144.5,0.5,0,0
"<a href=""https://tiktok.com/@ilovevgycguhyi467"" target=""_blank"">@ilovevgycguhyi467</a>",20,4,30,1,1,8,0,509.75,22,0,0
"<a href=""https://tiktok.com/@iltrukikr"" target=""_blank"">@iltrukikr</a>",27,4,56.643,1,2,15,0,572,44.75,1.25,0.25
"<a href=""https://tiktok.com/@j7165782"" target=""_blank"">@j7165782</a>",24,5,12.25,1,1,8,0,835,35.6,0.8,0
"<a href=""https://tiktok.com/@jfog462"" target=""_blank"">@jfog462</a>",23,4,27.25,1,1,8,0,991.333,115,1,1.5
"<a href=""https://tiktok.com/@jgdcgj4"" target=""_blank"">@jgdcgj4</a>",25,6,32.875,0.833,2,21,0,609,33.667,0.167,0.5
"<a href=""https://tiktok.com/@jiejielovetao518"" target=""_blank"">@jiejielovetao518</a>",19,4,61.125,1,1,8,0,1194,147.5,0.25,0.25
"<a href=""https://tiktok.com/@jmvxs4"" target=""_blank"">@jmvxs4</a>",25,4,66.458,0.833,2,20,0,116.75,4.25,0,0
"<a href=""https://tiktok.com/@jugyfbyetf"" target=""_blank"">@jugyfbyetf</a>",52,3,51.944,0.9,2,18,0,2640.667,22,0,0.333
"<a href=""https://tiktok.com/@jvst61"" target=""_blank"">@jvst61</a>",24,6,59.25,1,1,8,0,954.5,75.833,0.167,0.333
"<a href=""https://tiktok.com/@kaniewskilicor"" target=""_blank"">@kaniewskilicor</a>",49,10,33.833,0.944,2,20,0,5303.7,53.4,0.5,1.7
"<a href=""https://tiktok.com/@kendjffg"" target=""_blank"">@kendjffg</a>",56,6,83.444,0.875,1,9,0,399,25,0.333,0.333
"<a href=""https://tiktok.com/@key57173"" target=""_blank"">@key57173</a>",26,4,57.256,0.972,6,45,0,2688.25,55,0,0
"<a href=""https://tiktok.com/@king_queengg0"" target=""_blank"">@king_queengg0</a>",38,8,103.625,0.75,1,8,0,158.444,13.778,0.778,0.111
"<a href=""https://tiktok.com/@kmlisarkar_1"" target=""_blank"">@kmlisarkar_1</a>",37,6,95.6,0.75,1,10,0,460.667,44.833,1.667,0
"<a href=""https://tiktok.com/@krzeminski.traner"" target=""_blank"">@krzeminski.traner</a>",18,8,65.562,0.857,2,16,0,4698.75,40.75,0.5,1.625
"<a href=""https://tiktok.com/@kvux6"" target=""_blank"">@kvux6</a>",11,3,57.278,1,2,18,0,1232,71.333,0.333,0
"<a href=""https://tiktok.com/@kygrsg"" target=""_blank"">@kygrsg</a>",25,9,65.924,0.839,8,96,0.001,1549.778,88.556,3,7.667
"<a href=""https://tiktok.com/@latest.news846"" target=""_blank"">@latest.news846</a>",35,5,23,0.833,1,15,0,500.6,45.2,5.2,0
"<a href=""https://tiktok.com/@laurencewilliams83"" target=""_blank"">@laurencewilliams83</a>",45,3,42.5,1,4,36,0,1338.333,8.333,0,0
"<a href=""https://tiktok.com/@liuthbm387"" target=""_blank"">@liuthbm387</a>",29,4,44.75,1,1,8,0,3493.714,40.857,2.571,2.286
"<a href=""https://tiktok.com/@lliuyyyt"" target=""_blank"">@lliuyyyt</a>",44,6,35.286,1,1,7,0,8238.667,112.333,1.167,1.333
"<a href=""https://tiktok.com/@lop.qke"" target=""_blank"">@lop.qke</a>",39,8,73.492,0.826,6,73,0,53945.875,196.375,0.5,7.25
"<a href=""https://tiktok.com/@lorenacastellanos055"" target=""_blank"">@lorenacastellanos055</a>",45,3,42.167,1,4,36,0,1066.333,18,0,0.333
"<a href=""https://tiktok.com/@lovely_babo120"" target=""_blank"">@lovely_babo120</a>",1,15,82.735,0.65,2,35,0,1503.379,69.483,10.828,1.207
"<a href=""https://tiktok.com/@lushgirl5"" target=""_blank"">@lushgirl5</a>",58,3,100.714,1,1,7,0,218.833,43,2.5,1.333
"<a href=""https://tiktok.com/@lxndue"" target=""_blank"">@lxndue</a>",4,3,66.5,1,1,8,0,922,39.667,0.333,0.333
"<a href=""https://tiktok.com/@mikecamilo94"" target=""_blank"">@mikecamilo94</a>",45,3,45.111,1,4,36,0,123.667,1.333,0.333,0
"<a href=""https://tiktok.com/@mingshushufa"" target=""_blank"">@mingshushufa</a>",50,6,36.317,0.933,8,131,0,2271.5,19.333,0,0.667
"<a href=""https://tiktok.com/@moideenkoya.nijam1"" target=""_blank"">@moideenkoya.nijam1</a>",40,8,25,0.833,1,9,0,22410.625,228.25,2.25,7.375
"<a href=""https://tiktok.com/@muimrli"" target=""_blank"">@muimrli</a>",26,4,51.798,0.889,5,38,0,1522.75,44.5,1.25,1.25
"<a href=""https://tiktok.com/@nanaimo58"" target=""_blank"">@nanaimo58</a>",49,9,22.647,1,1,17,0,5291.727,50.818,0.818,5.455
"<a href=""https://tiktok.com/@nawab_deriver0"" target=""_blank"">@nawab_deriver0</a>",37,11,93.031,0.775,2,23,0,203.25,21.75,1.167,0
"<a href=""https://tiktok.com/@news.center2"" target=""_blank"">@news.center2</a>",35,6,23,0.833,1,15,0,479.667,25.167,6.667,0
"<a href=""https://tiktok.com/@ocycoy1"" target=""_blank"">@ocycoy1</a>",26,4,69.9,1,5,38,0.001,432.25,20,1,0
"<a href=""https://tiktok.com/@olivia.ava.davis"" target=""_blank"">@olivia.ava.davis</a>",41,6,76.818,0.833,1,11,0,1141.5,37.167,0.667,0.167
"<a href=""https://tiktok.com/@osudhddi"" target=""_blank"">@osudhddi</a>",30,6,48.286,1,1,7,0,1506.444,22.889,2.778,0.667
"<a href=""https://tiktok.com/@pfhehx"" target=""_blank"">@pfhehx</a>",6,3,39.143,0.8,1,7,0,509,8.333,1.333,1
"<a href=""https://tiktok.com/@pmut.cefi"" target=""_blank"">@pmut.cefi</a>",7,4,49,1,1,8,0,802.5,83.5,1.75,2.25
"<a href=""https://tiktok.com/@quang.gien"" target=""_blank"">@quang.gien</a>",15,3,47.076,0.8,2,17,0,1680.667,38.333,0.333,0.333
"<a href=""https://tiktok.com/@quang.hu212"" target=""_blank"">@quang.hu212</a>",15,3,41.667,0.9,2,18,0,1624,33.333,0.333,0
"<a href=""https://tiktok.com/@queufv"" target=""_blank"">@queufv</a>",6,3,39.143,0.8,1,7,0,562.333,12,1.333,0
"<a href=""https://tiktok.com/@qweasd12099"" target=""_blank"">@qweasd12099</a>",50,6,35.769,0.95,8,132,0,7400.833,54.833,0.5,1.167
"<a href=""https://tiktok.com/@qwer35064"" target=""_blank"">@qwer35064</a>",18,8,37.155,1,2,19,0,3917,52.375,2.5,2.25
"<a href=""https://tiktok.com/@raja.raja4309"" target=""_blank"">@raja.raja4309</a>",39,9,63.734,0.894,4,60,0,8574.222,92,1,1.889
"<a href=""https://tiktok.com/@rediger.comegys"" target=""_blank"">@rediger.comegys</a>",14,3,30.222,1,1,9,0,387.333,5.667,0,0
"<a href=""https://tiktok.com/@rezentes.ren"" target=""_blank"">@rezentes.ren</a>",13,3,49.375,1,1,8,0,32967,136.667,0,1.667
"<a href=""https://tiktok.com/@rowena.felix4"" target=""_blank"">@rowena.felix4</a>",50,6,38.932,0.95,8,133,0,135605.833,899.667,5.667,20.5
"<a href=""https://tiktok.com/@rubenfeld.foulk"" target=""_blank"">@rubenfeld.foulk</a>",18,8,47.071,1,2,15,0,4508.5,49.25,0.625,1.375
"<a href=""https://tiktok.com/@sharla.loni"" target=""_blank"">@sharla.loni</a>",50,6,43.311,0.974,8,130,0,53365.167,470.667,2.5,8.667
"<a href=""https://tiktok.com/@sjyzm173"" target=""_blank"">@sjyzm173</a>",18,4,66.25,1,1,8,0,4710.25,88.5,2.5,0.625
"<a href=""https://tiktok.com/@sjyzm209"" target=""_blank"">@sjyzm209</a>",17,8,42.875,1,1,8,0,2941,83.375,3.375,0.375
"<a href=""https://tiktok.com/@sjyzm286"" target=""_blank"">@sjyzm286</a>",17,6,42.875,1,1,8,0,949.5,66.5,1.875,0.375
"<a href=""https://tiktok.com/@somroo_3"" target=""_blank"">@somroo_3</a>",32,2,85.571,0.4,1,7,0,177,15,3.222,0.778
"<a href=""https://tiktok.com/@speakingspeak.464"" target=""_blank"">@speakingspeak.464</a>",20,4,30,1,1,8,0,738.75,62.25,0.25,0
"<a href=""https://tiktok.com/@sumroo.786"" target=""_blank"">@sumroo.786</a>",36,9,93.495,0.65,2,28,0,208.75,26.917,1.25,0
"<a href=""https://tiktok.com/@sweet_babyc120"" target=""_blank"">@sweet_babyc120</a>",1,3,67.778,0.5,1,9,0,619.973,66.919,6.892,0.432
"<a href=""https://tiktok.com/@sweet_queen203"" target=""_blank"">@sweet_queen203</a>",57,7,88.357,0.833,1,14,0,214.7,27.9,1.9,0
"<a href=""https://tiktok.com/@t.fg41"" target=""_blank"">@t.fg41</a>",53,5,76,0.833,1,10,0,16486.8,199.6,1.2,3.4
"<a href=""https://tiktok.com/@tania.harder6"" target=""_blank"">@tania.harder6</a>",39,6,62.155,0.902,7,85,0,14061.167,138.833,1.167,3
"<a href=""https://tiktok.com/@td.uf59"" target=""_blank"">@td.uf59</a>",54,4,63.237,0.774,2,18,0,137753.25,2109.75,8.5,38.25
"<a href=""https://tiktok.com/@tddhj21"" target=""_blank"">@tddhj21</a>",28,6,24.299,1,2,34,0,466.5,47,0,0.167
"<a href=""https://tiktok.com/@tghi0577"" target=""_blank"">@tghi0577</a>",23,4,27.25,1,1,8,0,3240.5,170,4.125,2.5
"<a href=""https://tiktok.com/@thanglinh56"" target=""_blank"">@thanglinh56</a>",18,8,54.194,0.938,2,21,0,2298.625,37.125,1.625,0.25
"<a href=""https://tiktok.com/@thdds8"" target=""_blank"">@thdds8</a>",4,6,69.437,0.75,2,16,0,1113,45.5,1,0
"<a href=""https://tiktok.com/@tivftjl"" target=""_blank"">@tivftjl</a>",9,4,37.125,1,2,16,0,1090.25,108.5,3.75,0.5
"<a href=""https://tiktok.com/@tjfee2"" target=""_blank"">@tjfee2</a>",26,4,43.75,1,2,16,0,173.25,3,0.25,0
"<a href=""https://tiktok.com/@truckqueen0"" target=""_blank"">@truckqueen0</a>",58,3,100.714,1,1,7,0,160.833,11,0.667,0
"<a href=""https://tiktok.com/@uffkmli_0"" target=""_blank"">@uffkmli_0</a>",38,8,104.562,0.875,2,18,0,2290.667,22.917,0.667,0.167
"<a href=""https://tiktok.com/@unrnry"" target=""_blank"">@unrnry</a>",26,4,57.907,0.967,5,38,0,1126.75,97.75,0.5,3.75
"<a href=""https://tiktok.com/@user10042435459702"" target=""_blank"">@user10042435459702</a>",26,4,38.125,1,2,16,0,560.5,53.25,0.25,0
"<a href=""https://tiktok.com/@user1039975619594"" target=""_blank"">@user1039975619594</a>",21,8,26.197,0.85,2,37,0,1485.25,140.25,2,0.25
"<a href=""https://tiktok.com/@user16133179310726"" target=""_blank"">@user16133179310726</a>",4,6,90.982,0.688,4,34,0,803.833,41.167,0.167,3.167
"<a href=""https://tiktok.com/@user1781066367752"" target=""_blank"">@user1781066367752</a>",22,8,30.523,0.962,2,44,0,660.125,30.875,0.125,0.125
"<a href=""https://tiktok.com/@user1918630528237"" target=""_blank"">@user1918630528237</a>",9,4,38.875,1,2,16,0,976,94.5,0.5,0
"<a href=""https://tiktok.com/@user2779979573173"" target=""_blank"">@user2779979573173</a>",11,3,61.683,1,2,16,0,55364.333,1728,0.667,3.667
"<a href=""https://tiktok.com/@user2851306997397"" target=""_blank"">@user2851306997397</a>",9,4,46.75,1,2,16,0,3157.25,75.75,1.5,0
"<a href=""https://tiktok.com/@user30046758196074"" target=""_blank"">@user30046758196074</a>",47,8,26.9,0.857,1,10,0,4362.4,39.3,1.4,0.8
"<a href=""https://tiktok.com/@user3362024453281"" target=""_blank"">@user3362024453281</a>",8,4,44.75,1,2,16,0,650.25,29.5,4,0.5
"<a href=""https://tiktok.com/@user3415267675634"" target=""_blank"">@user3415267675634</a>",47,6,26.9,0.857,1,10,0,4210.455,30.091,0.182,1.364
"<a href=""https://tiktok.com/@user3602135785361"" target=""_blank"">@user3602135785361</a>",46,9,73.357,0.9,2,14,0,8140.333,49.667,0.583,1.25
"<a href=""https://tiktok.com/@user3611823565236"" target=""_blank"">@user3611823565236</a>",22,8,33.159,1,2,43,0,1542.125,75.75,1.25,0.125
"<a href=""https://tiktok.com/@user39686622637175"" target=""_blank"">@user39686622637175</a>",10,3,58.667,1,1,9,0,31196.333,1352.333,1.333,3.667
"<a href=""https://tiktok.com/@user43963440850412"" target=""_blank"">@user43963440850412</a>",3,3,52.857,1,1,7,0,724,39.667,0,0
"<a href=""https://tiktok.com/@user49602523104"" target=""_blank"">@user49602523104</a>",22,8,28.364,0.962,2,43,0,2018.5,147,1.875,0.625
"<a href=""https://tiktok.com/@user49739519135072"" target=""_blank"">@user49739519135072</a>",46,4,51,1,1,8,0,5317.5,48.667,1.333,1.167
"<a href=""https://tiktok.com/@user53031585909531"" target=""_blank"">@user53031585909531</a>",27,4,39,1,1,8,0,190.25,6.75,0.5,0
"<a href=""https://tiktok.com/@user55029855976770"" target=""_blank"">@user55029855976770</a>",21,8,29.364,0.962,2,39,0,2859.875,148.25,1.875,0.375
"<a href=""https://tiktok.com/@user5803829426762"" target=""_blank"">@user5803829426762</a>",25,9,55.157,0.89,5,72,0,2546.889,165.222,1.556,1
"<a href=""https://tiktok.com/@user5813978424876"" target=""_blank"">@user5813978424876</a>",26,4,47.548,1,9,71,0,118,1.5,0,0
"<a href=""https://tiktok.com/@user6014088281682"" target=""_blank"">@user6014088281682</a>",59,3,63.429,1,1,7,0,408,64.333,0,9.333
"<a href=""https://tiktok.com/@user7143669498156"" target=""_blank"">@user7143669498156</a>",26,4,49.449,0.976,7,53,0,393.25,21.5,0,0.25
"<a href=""https://tiktok.com/@user7516190319240"" target=""_blank"">@user7516190319240</a>",55,5,63.715,0.929,2,17,0,580.4,61.2,0.4,0
"<a href=""https://tiktok.com/@user7823949148129"" target=""_blank"">@user7823949148129</a>",4,4,69.722,0.75,2,16,0,1777,59.833,0,0.5
"<a href=""https://tiktok.com/@user78376981120056"" target=""_blank"">@user78376981120056</a>",8,4,45.5,1,2,16,0,405,5,0.25,0
"<a href=""https://tiktok.com/@user85244619549900"" target=""_blank"">@user85244619549900</a>",21,8,39.833,0.889,2,32,0,2082.75,94.25,1.5,0.5
"<a href=""https://tiktok.com/@user9312345778259"" target=""_blank"">@user9312345778259</a>",59,3,63.429,1,1,7,0,36,0,0,0
"<a href=""https://tiktok.com/@user9533337653940"" target=""_blank"">@user9533337653940</a>",50,6,41.886,0.938,8,142,0,28463.667,49.5,0.333,1.167
"<a href=""https://tiktok.com/@user9816953368395"" target=""_blank"">@user9816953368395</a>",3,3,52.857,1,1,7,0,218.667,4.333,0,0
"<a href=""https://tiktok.com/@username.1545465"" target=""_blank"">@username.1545465</a>",37,6,100.533,1,1,15,0,400.667,34.75,3.75,1.667
"<a href=""https://tiktok.com/@username0022660"" target=""_blank"">@username0022660</a>",2,10,47,0.833,1,8,0,169237.607,2674.857,23.714,29.214
"<a href=""https://tiktok.com/@usernamer0205"" target=""_blank"">@usernamer0205</a>",2,6,60.25,0.875,1,12,0,27236.13,1905.478,97.391,38.652
"<a href=""https://tiktok.com/@v662806"" target=""_blank"">@v662806</a>",10,3,58.667,1,1,9,0,1075,51.333,0.667,0.667
"<a href=""https://tiktok.com/@vazdf.gaxfg"" target=""_blank"">@vazdf.gaxfg</a>",50,6,39.661,0.9,8,135,0,25719.833,314,3.167,8.167
"<a href=""https://tiktok.com/@vdghj63"" target=""_blank"">@vdghj63</a>",25,9,54.938,0.885,4,45,0,3362.889,77.111,0.778,1.889
"<a href=""https://tiktok.com/@vlopphdt"" target=""_blank"">@vlopphdt</a>",30,8,40.429,1,2,14,0,1358.222,39.111,6.556,0.222
"<a href=""https://tiktok.com/@willie.pfhsd.sell"" target=""_blank"">@willie.pfhsd.sell</a>",39,3,53.769,0.96,5,43,0,13032.667,119,0.667,2
"<a href=""https://tiktok.com/@wohlert.kangleon"" target=""_blank"">@wohlert.kangleon</a>",13,3,49.375,1,1,8,0,225,8.333,0,0
"<a href=""https://tiktok.com/@xchinaqueen0"" target=""_blank"">@xchinaqueen0</a>",36,12,97.313,0.8,2,40,0,2991.75,322.667,19.333,1.667
"<a href=""https://tiktok.com/@xchinaqueen2"" target=""_blank"">@xchinaqueen2</a>",36,11,92.885,0.65,2,42,0,440.417,42.333,3.75,0.5
"<a href=""https://tiktok.com/@xzdgese.xzvdx.dgh"" target=""_blank"">@xzdgese.xzvdx.dgh</a>",43,5,49,1,1,15,0,16554.6,144.4,1.4,3
"<a href=""https://tiktok.com/@yesfg42"" target=""_blank"">@yesfg42</a>",25,9,66.38,0.883,6,63,0.001,985.444,72,0.556,0.556
"<a href=""https://tiktok.com/@yetffuioo"" target=""_blank"">@yetffuioo</a>",25,9,68.869,0.905,6,71,0.001,1718.444,107.778,0.556,5.889
"<a href=""https://tiktok.com/@yhbj.fsgc"" target=""_blank"">@yhbj.fsgc</a>",7,4,49,1,1,8,0,779.75,51.75,1.75,0.5
"<a href=""https://tiktok.com/@yrfgj12"" target=""_blank"">@yrfgj12</a>",25,6,82.286,1,2,16,0,1476.667,78,0.333,2.833
"<a href=""https://tiktok.com/@yyddgghh21"" target=""_blank"">@yyddgghh21</a>",53,4,69.5,0.833,1,10,0,4038.5,60.25,0.5,0.25
"<a href=""https://tiktok.com/@zrqfaxnbdlc"" target=""_blank"">@zrqfaxnbdlc</a>",52,6,52.787,0.952,3,30,0,3685.667,34.167,0.5,1.167
