"Network","Number of Accounts","Network Density","Network Diameter","Clustering Coefficient","Avg Views","Avg Likes","Avg Comments","Avg Shares","Member Accounts"
1,5,0.4,63,0,6706.35,267.821,17.691,7.024,"airplandriver120, lovely_babo120, amazing_seeet120, sweet_babyc120, arooba.55"
2,4,0.5,32,0,74991.311,1984.816,41.718,25.816,"username0022660, coutiedrive1, airplane_video578, usernamer0205"
3,2,1,7,0,471.333,22,0,0,"user43963440850412, user9816953368395"
4,5,0.5,20,0.375,1206.296,44.778,0.296,0.852,"hdsfhh55, user16133179310726, lxndue, user7823949148129, thdds8"
5,2,1,7,0,1318.1,54.4,0,0.3,"hdudbf49, hdchjj52"
6,2,1,7,0,535.667,10.167,1.333,0.5,"pfhehx, queufv"
7,2,1,8,0,791.125,67.625,1.75,1.375,"pmut.cefi, yhbj.fsgc"
8,3,1,8,1,621.333,27,2,0.333,"b083388, user3362024453281, user78376981120056"
9,3,1,8,1,1741.167,92.917,1.917,0.167,"user1918630528237, tivftjl, user2851306997397"
10,2,1,9,0,16135.667,701.833,1,2.167,"user39686622637175, v662806"
11,3,1,9,1,60334.222,4021.444,1.889,10.333,"user2779979573173, kvux6, d386408"
12,2,1,8,0,1531.7,57.6,1.8,0.4,"gdghj350, hbdef6"
13,2,1,8,0,16596,72.5,0,0.833,"rezentes.ren, wohlert.kangleon"
14,2,1,9,0,500.167,18.667,0,0,"artiaga.lavalais, rediger.comegys"
15,3,1,9,1,3881.556,44.778,0.333,0.444,"quang.gien, cong.buoi, quang.hu212"
16,2,1,12,0,1538.312,101.25,0.562,0.5,"devi.ntypw0367, doan04038"
17,2,1,8,0,1945.25,74.938,2.625,0.375,"sjyzm209, sjyzm286"
18,7,0.286,52,0,4247.196,65.464,1.875,1.214,"rubenfeld.foulk, fgcc379, qwer35064, krzeminski.traner, dangda166, sjyzm173, thanglinh56"
19,2,1,8,0,940.625,95.25,0.5,0.375,"goisthillwig517, jiejielovetao518"
20,2,1,8,0,624.25,42.125,0.125,0,"ilovevgycguhyi467, speakingspeak.464"
21,3,1,22,1,2142.625,127.583,1.792,0.375,"user55029855976770, user1039975619594, user85244619549900"
22,3,1,22,1,1406.917,84.542,1.083,0.292,"user3611823565236, user1781066367752, user49602523104"
23,2,1,8,0,2276.571,146.429,2.786,2.071,"jfog462, tghi0577"
24,3,0.667,16,0,1029.294,69.824,0.765,0.471,"jvst61, j7165782, f7707044"
25,17,0.279,39,0.485,1528.874,75.008,1.047,2.315,"hddgh2868, hrcjhg1, user5803829426762, hddgk68, kygrsg, f.hd.ss, grdgh91, dadfi54, jgdcgj4, yetffuioo, grsdhj91, vdghj63, hffj8833, hdchjj8, jmvxs4, yesfg42, yrfgj12"
26,13,0.474,30,0.73,856.558,38.269,0.346,0.865,"hrsvh24, muimrli, dsgh558, unrnry, hofkst5, iffhkk0, user5813978424876, bfssfh98, key57173, ocycoy1, user10042435459702, tjfee2, user7143669498156"
27,3,0.667,15,0,538.25,37.25,0.75,0.167,"h4272072, user53031585909531, iltrukikr"
28,3,1,18,1,431.444,32.889,0.111,0.056,"gyjgts, fssgh17, tddhj21"
29,2,1,8,0,2756.538,32.923,1.385,1.462,"haonana470, liuthbm387"
30,3,0.667,14,0,2058.074,35.63,4.074,0.407,"djgdthh, osudhddi, vlopphdt"
31,2,1,14,0,608.889,43.389,3.389,0.5,"aeroplane_palette_120, aeroplane_pilot_235"
32,2,1,7,0,9341.625,572.406,21.719,14.25,"china_deriver_150, somroo_3"
33,2,1,9,0,78.167,0,0,0,"bidingbaom333, bidingbaom447"
34,3,0.667,15,0,159.333,6.222,0,0,"bidingbaom355, bidingbaom317, bidingbaom315"
35,2,1,15,0,489.182,34.273,6,0,"latest.news846, news.center2"
36,3,1,27,1,1213.639,130.639,8.111,0.722,"sumroo.786, xchinaqueen0, xchinaqueen2"
37,5,0.4,59,0,329.25,32.667,2.25,0.383,"nawab_deriver0, kmlisarkar_1, channarpower0, heybabyg0, username.1545465"
38,4,0.5,31,0,1013.756,40.556,2.578,0.933,"king_queengg0, driver_king0, china_deriver_0, uffkmli_0"
39,9,0.667,26,0.75,13805.984,98.952,0.667,2.206,"alijw22, raja.raja4309, haeuserlegato, g.fb506, tania.harder6, lop.qke, carolina.isabel.h83, dc.hb72, willie.pfhsd.sell"
40,2,1,9,0,35995.714,374.214,2.929,11.286,"ala40529, moideenkoya.nijam1"
41,2,1,11,0,763.083,23.25,0.417,0.333,"dgyusdz, olivia.ava.davis"
42,2,1,9,0,3601,63.583,0.75,0.75,"grace.sullivan864, bryce.holloway"
43,2,1,15,0,9524.091,90.364,0.818,1.727,"cfdhrd.xdgdz.dryh, xzdgese.xzvdx.dgh"
44,2,1,7,0,5953.5,84.167,0.75,1.333,"gew8218, lliuyyyt"
45,5,1,9,1,574.6,7.2,0.067,0.133,"laurencewilliams83, cvbn5003, huongemanuel, lorenacastellanos055, mikecamilo94"
46,5,0.4,22,0,5072.312,38.104,0.771,1.625,"darius.piersiak, hollygarwdn, genepurcell3, user3602135785361, user49739519135072"
47,2,1,10,0,4282.81,34.476,0.762,1.095,"user30046758196074, user3415267675634"
48,2,1,9,0,3907.056,51.111,9.5,2.5,"huulandang, huulinhduong2"
49,5,0.5,33,0.5,4142.25,57.288,1.962,5.096,"kaniewskilicor, gabouer.cuaresma, biasemack, hobackouellete, nanaimo58"
50,9,1,18,1,29656.407,213.222,1.426,4.87,"darronmarcie, sharla.loni, qweasd12099, aabb3922iol, rowena.felix4, user9533337653940, mingshushufa, alexander73798, vazdf.gaxfg"
51,2,1,11,0,6852.1,44.5,0.2,0.6,"cy.txcy, f.cb014"
52,4,0.833,18,0.75,17137.4,149.85,1.05,7,"c.kn14, duxqifrnrnw, jugyfbyetf, zrqfaxnbdlc"
53,3,0.667,20,0,25773.267,419.933,3.4,10.133,"alepm45, t.fg41, yyddgghh21"
54,6,0.333,46,0,41182.062,569.125,3.188,9.844,"f.bj346, hf.gf28, dxlyxdyd88, eaxvj.vuios2, gazd.raxgu, td.uf59"
55,3,1,11,1,458.235,36.588,0.529,0.412,"fkshusjxb, dghj2422, user7516190319240"
56,2,1,9,0,316.833,18.583,0.167,0.167,"fyu2gbasef0, kendjffg"
57,2,1,14,0,174.5,21.55,1.35,0,"cute_doll505, sweet_queen203"
58,2,1,7,0,189.833,27,1.583,0.667,"lushgirl5, truckqueen0"
59,2,1,7,0,222,32.167,0,4.667,"user6014088281682, user9312345778259"
60,2,1,8,0,981.25,28.25,3.5,0.125,"ddf8497, aazxxs0"
