"Account","Network","Unique Shares","Avg Time Between Shares (sec)","Edge Symmetry Score","Degree","Strength","Betweenness","Avg Views","Avg Likes","Avg Comments","Avg Shares"
"<a href=""https://tiktok.com/@31dee5da"" target=""_blank"">@31dee5da</a>",8,4,71,0.8,1,7,0,18890,211.5,6.25,4.75
"<a href=""https://tiktok.com/@424771b5"" target=""_blank"">@424771b5</a>",8,4,71,0.8,1,7,0,1840.5,33.5,0,0
"<a href=""https://tiktok.com/@aahgfh4"" target=""_blank"">@aahgfh4</a>",6,5,71.286,0.8,1,7,0,1329.714,116.571,5.143,13.571
"<a href=""https://tiktok.com/@aedgkochc"" target=""_blank"">@aedgkochc</a>",1,6,49.214,1,2,14,0,2605.125,164.75,3.25,2.375
"<a href=""https://tiktok.com/@aedp27"" target=""_blank"">@aedp27</a>",1,6,64.143,1,2,14,0,1113,101,0.667,2.167
"<a href=""https://tiktok.com/@aedvziocjc"" target=""_blank"">@aedvziocjc</a>",1,7,48.929,1,2,14,0,2873.875,128.5,2.25,1.125
"<a href=""https://tiktok.com/@asdzxcv486"" target=""_blank"">@asdzxcv486</a>",5,5,9.7,0.875,1,10,0,600,13.4,0.6,0.8
"<a href=""https://tiktok.com/@baogemmm314"" target=""_blank"">@baogemmm314</a>",18,4,56.5,1,2,15,0,711.75,18,0.5,1.25
"<a href=""https://tiktok.com/@baomba359"" target=""_blank"">@baomba359</a>",18,4,74.786,1,2,15,0,1458,14.5,0,0.25
"<a href=""https://tiktok.com/@beq5pja9n9"" target=""_blank"">@beq5pja9n9</a>",11,9,54.5,1,1,8,0,113104.889,711.778,3.444,17.778
"<a href=""https://tiktok.com/@bxjxhxt"" target=""_blank"">@bxjxhxt</a>",4,6,49.875,1,1,8,0,2193.667,120.5,0.167,2.5
"<a href=""https://tiktok.com/@dafkl0"" target=""_blank"">@dafkl0</a>",13,8,41.043,0.878,3,25,0.001,3404.25,149.25,0.625,1
"<a href=""https://tiktok.com/@donpenno"" target=""_blank"">@donpenno</a>",9,10,52.267,1,6,76,0.001,1957.6,73.8,0.3,0.4
"<a href=""https://tiktok.com/@doubanjiang310"" target=""_blank"">@doubanjiang310</a>",17,5,49.912,0.944,3,25,0,1047.2,11.8,0.8,1.6
"<a href=""https://tiktok.com/@ewmeoetwu0"" target=""_blank"">@ewmeoetwu0</a>",12,8,76.75,1,1,8,0,48921.2,320.4,1.7,6
"<a href=""https://tiktok.com/@fanqie0166"" target=""_blank"">@fanqie0166</a>",17,5,54.852,1,3,27,0,5167.4,77,0.6,1
"<a href=""https://tiktok.com/@fanqiejiang020"" target=""_blank"">@fanqiejiang020</a>",16,6,41.182,0.958,3,34,0,1332.833,23.167,3.167,1.5
"<a href=""https://tiktok.com/@febio432"" target=""_blank"">@febio432</a>",9,10,56.055,0.928,7,89,0,2262.3,67.9,0,0.1
"<a href=""https://tiktok.com/@fkxqsvw1111"" target=""_blank"">@fkxqsvw1111</a>",15,6,57.308,0.841,3,26,0.001,3529.167,174.5,0.833,0.5
"<a href=""https://tiktok.com/@fkxswvw222"" target=""_blank"">@fkxswvw222</a>",11,6,63.893,1,2,15,0.004,2468.667,128.667,1.333,0.333
"<a href=""https://tiktok.com/@fogsi3721"" target=""_blank"">@fogsi3721</a>",4,6,49.875,1,1,8,0,2164.111,82.556,1.333,1.778
"<a href=""https://tiktok.com/@fv7505"" target=""_blank"">@fv7505</a>",14,5,65.5,1,1,8,0,1759.8,104.4,1,1.6
"<a href=""https://tiktok.com/@fz1056"" target=""_blank"">@fz1056</a>",9,10,45.971,0.948,7,94,0,2384.8,62.4,0.7,0.4
"<a href=""https://tiktok.com/@g437463"" target=""_blank"">@g437463</a>",10,8,60.31,0.933,3,23,0.002,1520.75,49.25,2.375,0.375
"<a href=""https://tiktok.com/@gbob3763"" target=""_blank"">@gbob3763</a>",10,8,98,1,1,8,0,1746.875,59.625,0.75,0.875
"<a href=""https://tiktok.com/@gdxgjj76"" target=""_blank"">@gdxgjj76</a>",11,9,59.475,0.982,8,77,0.014,45061.111,417.444,2.111,7.111
"<a href=""https://tiktok.com/@ghdffdgd"" target=""_blank"">@ghdffdgd</a>",11,8,63.424,0.786,2,17,0,6275.5,115,1.125,1
"<a href=""https://tiktok.com/@grdfghjk"" target=""_blank"">@grdfghjk</a>",15,6,46.143,0.917,2,15,0,3891.333,160.333,0.667,0.833
"<a href=""https://tiktok.com/@grusf218"" target=""_blank"">@grusf218</a>",16,6,35.732,0.911,3,34,0,3534.167,42.167,0.167,0.833
"<a href=""https://tiktok.com/@h0559795"" target=""_blank"">@h0559795</a>",10,10,55.297,1,2,26,0,2183.7,77.2,1.5,2.5
"<a href=""https://tiktok.com/@h_kp82"" target=""_blank"">@h_kp82</a>",17,5,49.954,0.952,3,25,0,3845.2,16.8,0.4,1.4
"<a href=""https://tiktok.com/@hehedjwn"" target=""_blank"">@hehedjwn</a>",9,8,43.317,1,5,63,0,2825.3,88.2,1.1,0.3
"<a href=""https://tiktok.com/@hfchkk26"" target=""_blank"">@hfchkk26</a>",11,8,21.8,0.833,1,10,0,3354.667,51.778,0.667,0.556
"<a href=""https://tiktok.com/@hfsyu3"" target=""_blank"">@hfsyu3</a>",11,6,17.429,0.8,1,7,0,9704,178.667,1.167,0.833
"<a href=""https://tiktok.com/@hgbnh6"" target=""_blank"">@hgbnh6</a>",15,6,58.543,0.845,2,17,0,2633.5,116.5,1.5,0.667
"<a href=""https://tiktok.com/@hgcv035"" target=""_blank"">@hgcv035</a>",14,6,73.341,0.929,2,19,0.001,3244.333,152.5,0.333,0.833
"<a href=""https://tiktok.com/@hiers.rickards.ri"" target=""_blank"">@hiers.rickards.ri</a>",5,6,9.7,0.875,1,10,0,1610.833,11,0.333,1.167
"<a href=""https://tiktok.com/@hjg38205"" target=""_blank"">@hjg38205</a>",10,10,44.67,0.964,4,40,0,1806.8,51.7,1.6,1.3
"<a href=""https://tiktok.com/@htcvh84"" target=""_blank"">@htcvh84</a>",13,6,56.2,0.833,1,10,0,3645.875,153.5,2.25,0.875
"<a href=""https://tiktok.com/@huangdoujiang012"" target=""_blank"">@huangdoujiang012</a>",16,6,40.889,1,3,36,0,3204,42.167,1.333,2.333
"<a href=""https://tiktok.com/@huohuohuo665"" target=""_blank"">@huohuohuo665</a>",2,5,39.091,0.875,1,11,0,6621.867,209.467,1.8,0.4
"<a href=""https://tiktok.com/@iopjkl56"" target=""_blank"">@iopjkl56</a>",7,4,41.286,1,1,7,0,768.75,69.5,1.75,7.5
"<a href=""https://tiktok.com/@javier.dilbeck.qd"" target=""_blank"">@javier.dilbeck.qd</a>",7,4,50,0.833,1,8,0,1105.25,69.5,2.5,13
"<a href=""https://tiktok.com/@jcoendb"" target=""_blank"">@jcoendb</a>",10,8,71.405,0.95,4,33,0.002,1365.4,64.8,0.8,0.5
"<a href=""https://tiktok.com/@jgcjii4"" target=""_blank"">@jgcjii4</a>",11,8,41.369,0.972,6,58,0.004,6472.375,117.375,1.625,0.625
"<a href=""https://tiktok.com/@jhk2719"" target=""_blank"">@jhk2719</a>",9,8,61.693,0.903,3,25,0,1899.625,45.75,0.125,0.125
"<a href=""https://tiktok.com/@jjgg25283"" target=""_blank"">@jjgg25283</a>",9,10,57.393,0.963,6,82,0,1904.9,51.3,0.2,0.2
"<a href=""https://tiktok.com/@lajiaojiang219"" target=""_blank"">@lajiaojiang219</a>",16,6,41.369,0.952,3,34,0,3927.167,15.5,3.833,0.167
"<a href=""https://tiktok.com/@lkdzxc"" target=""_blank"">@lkdzxc</a>",6,6,71.286,0.8,1,7,0,1414,112.429,6.857,13.286
"<a href=""https://tiktok.com/@magdalena.behrens"" target=""_blank"">@magdalena.behrens</a>",7,6,45.643,0.917,2,15,0,996.5,83.167,2.5,16
"<a href=""https://tiktok.com/@maotu367"" target=""_blank"">@maotu367</a>",3,4,62.429,0.833,1,7,0,473.455,27.636,0.091,0
"<a href=""https://tiktok.com/@ncnrix"" target=""_blank"">@ncnrix</a>",11,9,48.191,0.743,3,29,0.004,782.778,17.889,0.222,0.333
"<a href=""https://tiktok.com/@nghic94"" target=""_blank"">@nghic94</a>",14,4,46.5,1,1,8,0,1415.25,85.75,0.25,0
"<a href=""https://tiktok.com/@owazof1ax3"" target=""_blank"">@owazof1ax3</a>",12,4,48,1,1,8,0,1038.75,17.25,0.25,0
"<a href=""https://tiktok.com/@qeqd4ynzt1"" target=""_blank"">@qeqd4ynzt1</a>",11,8,45.375,1,6,52,0.008,14601.5,163,0.875,0.875
"<a href=""https://tiktok.com/@rfihfg"" target=""_blank"">@rfihfg</a>",11,8,72.7,1,5,40,0,12123,156.75,1.25,1.25
"<a href=""https://tiktok.com/@taggsagg"" target=""_blank"">@taggsagg</a>",14,6,58.4,0.917,2,18,0.001,2709.333,138.667,1.5,0.167
"<a href=""https://tiktok.com/@tedghj1"" target=""_blank"">@tedghj1</a>",15,6,91.125,0.667,1,8,0,1710,121.833,1.333,0.667
"<a href=""https://tiktok.com/@thanhinhnguyen414"" target=""_blank"">@thanhinhnguyen414</a>",18,4,51.286,1,2,14,0,1135,54.75,0.25,0.75
"<a href=""https://tiktok.com/@thv86256"" target=""_blank"">@thv86256</a>",9,10,50.028,1,6,95,0,2826.5,52.7,0.3,0.3
"<a href=""https://tiktok.com/@uojvzvxeq8"" target=""_blank"">@uojvzvxeq8</a>",12,5,62.375,1,2,16,0,265.5,5.833,1.5,0
"<a href=""https://tiktok.com/@user40476526924174"" target=""_blank"">@user40476526924174</a>",11,8,41.8,1,5,52,0,44071.875,448.25,4.25,6.625
"<a href=""https://tiktok.com/@user40944531186992"" target=""_blank"">@user40944531186992</a>",11,9,37.05,1,5,40,0,23280.778,211.556,1.333,2.778
"<a href=""https://tiktok.com/@user5854351229783"" target=""_blank"">@user5854351229783</a>",14,6,75.741,0.845,2,21,0.002,2492.167,82,1.667,0.5
"<a href=""https://tiktok.com/@user61556848077126"" target=""_blank"">@user61556848077126</a>",13,8,27.5,1,1,8,0,3003.875,89.75,0.25,0.375
"<a href=""https://tiktok.com/@user8291813694079"" target=""_blank"">@user8291813694079</a>",10,8,62.675,0.929,2,18,0,1357.9,87.9,1,0.9
"<a href=""https://tiktok.com/@user901430045532"" target=""_blank"">@user901430045532</a>",13,8,39.429,0.8,1,7,0,2180.625,111.25,0.5,0.125
"<a href=""https://tiktok.com/@vcvjgr"" target=""_blank"">@vcvjgr</a>",11,6,39.286,1,1,7,0,7088.667,162.833,1.167,0.667
"<a href=""https://tiktok.com/@veuek344"" target=""_blank"">@veuek344</a>",17,5,49.986,0.897,3,25,0,4857.4,46.4,1,3
"<a href=""https://tiktok.com/@wss0307"" target=""_blank"">@wss0307</a>",2,6,39.091,0.875,1,11,0,2966.2,151.8,1.2,0.733
"<a href=""https://tiktok.com/@yhbbechhu"" target=""_blank"">@yhbbechhu</a>",9,10,46.771,0.979,6,74,0,3066.1,61.8,0.5,0.8
"<a href=""https://tiktok.com/@yuukibb1"" target=""_blank"">@yuukibb1</a>",3,5,62.429,0.833,1,7,0,245,6.333,0,0.167
