"Network","Number of Accounts","Network Density","Network Diameter","Clustering Coefficient","Avg Views","Avg Likes","Avg Comments","Avg Shares","Member Accounts"
1,3,1,7,1,2295.909,134.182,2.182,1.864,"aedvziocjc, aedp27, aedgkochc"
2,2,1,11,0,4794.033,180.633,1.5,0.567,"huohuohuo665, wss0307"
3,2,1,7,0,392.824,20.118,0.059,0.059,"maotu367, yuukibb1"
4,2,1,8,0,2175.933,97.733,0.867,2.067,"bxjxhxt, fogsi3721"
5,2,1,10,0,1151.364,12.091,0.455,1,"hiers.rickards.ri, asdzxcv486"
6,2,1,7,0,1371.857,114.5,6,13.429,"aahgfh4, lkdzxc"
7,3,0.667,15,0,962.5,75.357,2.286,12.714,"iopjkl56, magdalena.behrens, javier.dilbeck.qd"
8,2,1,7,0,10365.25,122.5,3.125,2.375,"31dee5da, 424771b5"
9,8,0.821,23,0.861,2403.487,63.423,0.41,0.333,"febio432, hehedjwn, jjgg25283, thv86256, donpenno, fz1056, jhk2719, yhbbechhu"
10,6,0.533,26,0.529,1665.696,65.839,1.321,1.107,"gbob3763, g437463, h0559795, hjg38205, jcoendb, user8291813694079"
11,13,0.295,43,0.677,23826.99,228.33,1.602,3.408,"gdxgjj76, beq5pja9n9, rfihfg, user40944531186992, qeqd4ynzt1, user40476526924174, jgcjii4, hfchkk26, hfsyu3, ghdffdgd, fkxswvw222, ncnrix, vcvjgr"
12,3,0.667,16,0,24748,165.4,1.35,3,"ewmeoetwu0, uojvzvxeq8, owazof1ax3"
13,4,0.5,18,0,3058.656,125.938,0.906,0.594,"dafkl0, htcvh84, user61556848077126, user901430045532"
14,5,0.4,37,0,2412.407,114.963,1,0.63,"nghic94, taggsagg, user5854351229783, hgcv035, fv7505"
15,4,0.667,18,0.6,2941,143.292,1.083,0.667,"hgbnh6, fkxqsvw1111, grdfghjk, tedghj1"
16,4,1,12,1,2999.542,30.75,2.125,1.208,"grusf218, lajiaojiang219, huangdoujiang012, fanqiejiang020"
17,4,1,9,1,3729.3,38,0.7,1.75,"h_kp82, doubanjiang310, fanqie0166, veuek344"
18,3,1,8,1,1101.583,29.083,0.25,0.75,"thanhinhnguyen414, baomba359, baogemmm314"
