"Account","Network","Unique Shares","Avg Time Between Shares (sec)","Edge Symmetry Score","Degree","Strength","Betweenness","Avg Views","Avg Likes","Avg Comments","Avg Shares"
"<a href=""https://tiktok.com/@1qwdjjd"" target=""_blank"">@1qwdjjd</a>",74,9,56.058,0.944,2,25,0,2140.6,49.6,0.3,0.9
"<a href=""https://tiktok.com/@1yrogls"" target=""_blank"">@1yrogls</a>",70,8,57.834,0.952,3,30,0,7578.125,277.125,3,0.875
"<a href=""https://tiktok.com/@abxke8499"" target=""_blank"">@abxke8499</a>",70,3,40.022,1,5,45,0,330.333,5,0,0
"<a href=""https://tiktok.com/@acsge1347"" target=""_blank"">@acsge1347</a>",70,8,32.395,0.949,8,88,0,647.25,14.375,0.125,0.125
"<a href=""https://tiktok.com/@aed0267"" target=""_blank"">@aed0267</a>",47,14,63.081,0.908,10,153,0,8128.429,165.571,1,1.429
"<a href=""https://tiktok.com/@aed2750"" target=""_blank"">@aed2750</a>",47,11,60.27,0.882,10,206,0,4429.273,77,0.364,1.636
"<a href=""https://tiktok.com/@aed3496"" target=""_blank"">@aed3496</a>",97,8,62.333,1,2,21,0,1090.25,22.875,1,0.5
"<a href=""https://tiktok.com/@aed3660"" target=""_blank"">@aed3660</a>",38,10,44.778,0.783,2,21,0,4883.4,91.9,1.5,1.6
"<a href=""https://tiktok.com/@aed75787"" target=""_blank"">@aed75787</a>",38,9,43.949,0.901,5,50,0,4182.9,94,2.1,2
"<a href=""https://tiktok.com/@aeda1689"" target=""_blank"">@aeda1689</a>",38,8,42.294,0.833,2,19,0,21916.3,103.3,0.6,2.1
"<a href=""https://tiktok.com/@aedgslpxjx"" target=""_blank"">@aedgslpxjx</a>",2,10,62.579,0.888,3,30,0,1890.8,44.9,0.3,0.4
"<a href=""https://tiktok.com/@aedhdici"" target=""_blank"">@aedhdici</a>",4,10,62.875,0.873,2,22,0,1945.2,93.1,1.8,1.1
"<a href=""https://tiktok.com/@aedhdjcoof"" target=""_blank"">@aedhdjcoof</a>",2,10,61.113,0.96,5,50,0,1991.3,172.5,1.5,1.8
"<a href=""https://tiktok.com/@aediubt"" target=""_blank"">@aediubt</a>",81,5,44.333,0.875,1,9,0,1060,34.4,4.8,0.8
"<a href=""https://tiktok.com/@aedyckctu"" target=""_blank"">@aedyckctu</a>",4,9,57.08,0.875,2,25,0,2816.444,88.778,0.333,0.444
"<a href=""https://tiktok.com/@akkaanav.risksjsg"" target=""_blank"">@akkaanav.risksjsg</a>",38,10,39.772,0.764,2,19,0,4448.4,87,1.1,1.1
"<a href=""https://tiktok.com/@ale2r35"" target=""_blank"">@ale2r35</a>",19,10,63.517,0.833,2,19,0,2091.8,26.1,0,0.3
"<a href=""https://tiktok.com/@ale383279"" target=""_blank"">@ale383279</a>",19,8,50.3,0.865,4,38,0,390,17.875,0.25,0
"<a href=""https://tiktok.com/@aleaa0249"" target=""_blank"">@aleaa0249</a>",21,9,49.3,1,1,10,0,371,11.222,0.222,0.111
"<a href=""https://tiktok.com/@alejkityuoo"" target=""_blank"">@alejkityuoo</a>",19,9,58.375,0.909,4,37,0,369.111,12.778,0,0.222
"<a href=""https://tiktok.com/@amanda.silva.barr4"" target=""_blank"">@amanda.silva.barr4</a>",24,5,47.4,0.8,1,10,0,444.8,9.4,0.4,0.6
"<a href=""https://tiktok.com/@ancmleilrbge"" target=""_blank"">@ancmleilrbge</a>",82,6,51.261,1,2,19,0,5513.833,144.833,6.333,4.833
"<a href=""https://tiktok.com/@anpebsaxgu9"" target=""_blank"">@anpebsaxgu9</a>",19,8,73.412,0.929,2,26,0,1697.3,58.1,0.6,1
"<a href=""https://tiktok.com/@anxdo3188"" target=""_blank"">@anxdo3188</a>",74,12,55.675,0.921,3,36,0,1452.417,49.583,0.333,0.417
"<a href=""https://tiktok.com/@anxkr2491"" target=""_blank"">@anxkr2491</a>",70,5,68.4,0.889,1,15,0,1498.6,37.4,0.2,0
"<a href=""https://tiktok.com/@arffug"" target=""_blank"">@arffug</a>",59,8,74.805,0.963,3,50,0,253.5,6.5,0,0
"<a href=""https://tiktok.com/@aseng.haymong"" target=""_blank"">@aseng.haymong</a>",58,8,53.444,0.938,2,21,0,3272.75,90.375,0.75,3.25
"<a href=""https://tiktok.com/@avelina.asucen"" target=""_blank"">@avelina.asucen</a>",69,9,50.674,0.897,6,64,0,997.111,45.556,0.222,0.111
"<a href=""https://tiktok.com/@awmilke"" target=""_blank"">@awmilke</a>",76,10,12.75,1,1,16,0,185621.3,9569.5,28,79.9
"<a href=""https://tiktok.com/@ayden.riverad"" target=""_blank"">@ayden.riverad</a>",7,8,51.833,1,1,12,0,19355,504.625,5.375,5.375
"<a href=""https://tiktok.com/@ayipald"" target=""_blank"">@ayipald</a>",21,10,49.3,1,1,10,0,843.3,28.3,0.1,0.3
"<a href=""https://tiktok.com/@bakaf3280"" target=""_blank"">@bakaf3280</a>",77,8,66.583,0.9,1,12,0,1726.75,110.25,0,0.25
"<a href=""https://tiktok.com/@baobaiwan888"" target=""_blank"">@baobaiwan888</a>",83,6,53.187,0.944,3,30,0,818.833,67.667,1.5,3
"<a href=""https://tiktok.com/@baobaobao7183"" target=""_blank"">@baobaobao7183</a>",82,5,50.3,1,1,10,0,1403.4,48.4,2.6,2
"<a href=""https://tiktok.com/@baomeijing67"" target=""_blank"">@baomeijing67</a>",83,5,65.267,0.929,2,19,0,1152.4,50.6,3,1.2
"<a href=""https://tiktok.com/@baoqianwan11"" target=""_blank"">@baoqianwan11</a>",83,5,8.111,1,1,9,0,1567.4,71.8,0.8,1.2
"<a href=""https://tiktok.com/@battl.kray"" target=""_blank"">@battl.kray</a>",48,5,59.468,0.938,2,21,0,1909,41.4,0.2,0.4
"<a href=""https://tiktok.com/@bawangchaji6"" target=""_blank"">@bawangchaji6</a>",44,6,50.667,0.875,1,9,0,1194,65,1.25,0.167
"<a href=""https://tiktok.com/@be.jkigv"" target=""_blank"">@be.jkigv</a>",1,10,60.575,0.886,6,64,0,1514.8,81.1,1,0.1
"<a href=""https://tiktok.com/@benedossie2"" target=""_blank"">@benedossie2</a>",48,5,54.786,0.889,1,14,0,6356.4,76.8,0.8,0.8
"<a href=""https://tiktok.com/@berez.paulo"" target=""_blank"">@berez.paulo</a>",25,7,46.556,0.833,1,9,0,2055.444,48,0.667,0.333
"<a href=""https://tiktok.com/@bipiqo"" target=""_blank"">@bipiqo</a>",59,9,75.856,0.956,5,82,0,607.778,19.778,0.111,0
"<a href=""https://tiktok.com/@bixukf"" target=""_blank"">@bixukf</a>",76,8,31.506,1,2,27,0,11695.222,340.556,6.444,2.111
"<a href=""https://tiktok.com/@bkot6010"" target=""_blank"">@bkot6010</a>",61,10,82.561,0.887,2,41,0,789.267,17.6,0.133,0.333
"<a href=""https://tiktok.com/@bmc12655"" target=""_blank"">@bmc12655</a>",1,9,56.66,0.889,8,93,0,1509.9,63.2,1.4,1.2
"<a href=""https://tiktok.com/@bpgarp"" target=""_blank"">@bpgarp</a>",59,8,50.522,0.889,5,96,0,415,19.75,0,0.125
"<a href=""https://tiktok.com/@bsbwphji4xu"" target=""_blank"">@bsbwphji4xu</a>",20,9,58.231,0.889,1,13,0,1092,63.111,0,0.111
"<a href=""https://tiktok.com/@bsih75"" target=""_blank"">@bsih75</a>",26,3,48.333,1,1,9,0,1429.333,45,1,0
"<a href=""https://tiktok.com/@bsjj8797"" target=""_blank"">@bsjj8797</a>",29,8,49.542,0.802,2,23,0,829.25,15.875,0.375,0
"<a href=""https://tiktok.com/@buslmigf7dn"" target=""_blank"">@buslmigf7dn</a>",20,9,58.231,0.889,1,13,0,9917.667,354.222,12.889,51.556
"<a href=""https://tiktok.com/@bvoo3130"" target=""_blank"">@bvoo3130</a>",63,14,75.207,0.97,5,142,0,1614.857,49.214,0.714,0.429
"<a href=""https://tiktok.com/@bxecxotdjfrvi"" target=""_blank"">@bxecxotdjfrvi</a>",85,6,65.14,0.976,7,76,0,1160.333,46.667,0.667,1
"<a href=""https://tiktok.com/@bxjxhxt"" target=""_blank"">@bxjxhxt</a>",69,8,37.765,0.958,3,36,0,1010.75,47.375,0.75,1.625
"<a href=""https://tiktok.com/@bxjzjsns0"" target=""_blank"">@bxjzjsns0</a>",69,9,50.863,0.91,6,69,0,2145.778,89,0.556,0.444
"<a href=""https://tiktok.com/@bxkke4723"" target=""_blank"">@bxkke4723</a>",70,7,48.842,0.936,4,47,0,3792,61.714,0.571,0.286
"<a href=""https://tiktok.com/@bxuzba"" target=""_blank"">@bxuzba</a>",69,7,52.409,0.918,5,47,0,365.286,9.714,0.143,0.143
"<a href=""https://tiktok.com/@cagnhd"" target=""_blank"">@cagnhd</a>",32,8,77.556,0.833,1,9,0,2775.2,168.5,4.1,5.4
"<a href=""https://tiktok.com/@camilo.austin5"" target=""_blank"">@camilo.austin5</a>",8,10,63.334,0.831,4,44,0,600,12.8,0.4,0.5
"<a href=""https://tiktok.com/@carbloggera"" target=""_blank"">@carbloggera</a>",26,5,44.315,0.889,2,24,0,922.8,47.8,0.4,0.2
"<a href=""https://tiktok.com/@carlos.alberto.al886"" target=""_blank"">@carlos.alberto.al886</a>",58,8,53.939,0.9,2,23,0,831.3,20.4,0.1,0.2
"<a href=""https://tiktok.com/@cbjf05"" target=""_blank"">@cbjf05</a>",3,10,41.1,0.929,2,22,0,1570.5,62.2,1.6,0.8
"<a href=""https://tiktok.com/@cbnhf5680"" target=""_blank"">@cbnhf5680</a>",85,6,51.675,0.958,4,46,0,1466.333,79.167,1.833,13.833
"<a href=""https://tiktok.com/@ccvoyrnu"" target=""_blank"">@ccvoyrnu</a>",92,6,55.789,0.93,3,33,0,3127.333,20.167,0,2.167
"<a href=""https://tiktok.com/@cfdc18"" target=""_blank"">@cfdc18</a>",47,15,56.184,0.878,10,249,0,4588.533,98.6,0.533,2.333
"<a href=""https://tiktok.com/@chantalkusch"" target=""_blank"">@chantalkusch</a>",1,9,64.64,0.943,5,56,0,2741,136.889,1.667,7.667
"<a href=""https://tiktok.com/@chdg050"" target=""_blank"">@chdg050</a>",39,8,75.4,0.875,1,10,0,1320.5,63.3,1,0
"<a href=""https://tiktok.com/@china_cutegirl22"" target=""_blank"">@china_cutegirl22</a>",49,7,94.333,0.833,1,21,0,540.143,53.214,2.143,1.214
"<a href=""https://tiktok.com/@chuma_g1"" target=""_blank"">@chuma_g1</a>",49,7,85.144,0.917,2,43,0,920.083,86.25,4.25,1
"<a href=""https://tiktok.com/@chzk.uvuw"" target=""_blank"">@chzk.uvuw</a>",91,9,60.7,0.905,2,30,0,3279.222,35.333,0.889,38.444
"<a href=""https://tiktok.com/@ciojkb"" target=""_blank"">@ciojkb</a>",60,6,19.713,0.9,6,81,0,1439.667,70,0.267,0.067
"<a href=""https://tiktok.com/@cjdjfcn"" target=""_blank"">@cjdjfcn</a>",69,10,56.207,0.915,8,97,0.001,1611.2,96.6,0.7,0.6
"<a href=""https://tiktok.com/@cjgbkbl"" target=""_blank"">@cjgbkbl</a>",12,8,48.649,1,3,30,0,1348.25,66.25,0.125,0.25
"<a href=""https://tiktok.com/@cjire9104"" target=""_blank"">@cjire9104</a>",66,10,54.331,0.887,4,44,0,729.357,23.357,0.286,0.071
"<a href=""https://tiktok.com/@cjur6297"" target=""_blank"">@cjur6297</a>",66,12,42.623,0.972,3,69,0,595.6,31.733,0.133,0.267
"<a href=""https://tiktok.com/@clirr5282"" target=""_blank"">@clirr5282</a>",67,7,44.549,0.854,2,34,0,1541.6,68.6,0.286,0.2
"<a href=""https://tiktok.com/@cnatk3189"" target=""_blank"">@cnatk3189</a>",69,7,47.904,0.878,4,39,0,1819.429,97,0.429,0.429
"<a href=""https://tiktok.com/@coirf88774"" target=""_blank"">@coirf88774</a>",68,6,44.083,1,2,36,0,1047,48.833,0.333,1.167
"<a href=""https://tiktok.com/@courr1227"" target=""_blank"">@courr1227</a>",68,6,64.833,1,2,36,0,3006.833,103.5,1,1.667
"<a href=""https://tiktok.com/@crtyougo"" target=""_blank"">@crtyougo</a>",33,10,51.636,0.9,1,11,0,2468.8,83.6,1.8,0.8
"<a href=""https://tiktok.com/@cuc.thu243"" target=""_blank"">@cuc.thu243</a>",54,10,47.393,0.97,3,44,0,4806.6,87.9,2.9,1.2
"<a href=""https://tiktok.com/@cx.b28"" target=""_blank"">@cx.b28</a>",40,7,58.152,1,4,42,0,1422.286,82.429,1.714,0.857
"<a href=""https://tiktok.com/@cxd.shd"" target=""_blank"">@cxd.shd</a>",54,10,57.444,0.857,1,9,0,2800.9,50.4,2.5,0.9
"<a href=""https://tiktok.com/@cxlpodwzefzoe"" target=""_blank"">@cxlpodwzefzoe</a>",82,6,60.389,0.929,2,18,0,8890.333,556.667,68.833,144.5
"<a href=""https://tiktok.com/@czhc.bkyd"" target=""_blank"">@czhc.bkyd</a>",92,6,49.159,0.875,3,28,0,491,9.167,0.167,6
"<a href=""https://tiktok.com/@dadd.dhh7"" target=""_blank"">@dadd.dhh7</a>",18,10,53.02,0.943,6,76,0,762.1,26.4,0.3,0.3
"<a href=""https://tiktok.com/@danaobenkuil"" target=""_blank"">@danaobenkuil</a>",46,5,61.111,1,1,9,0,2401.4,82.2,4.2,3.4
"<a href=""https://tiktok.com/@dddgggg63"" target=""_blank"">@dddgggg63</a>",55,9,49.222,0.875,1,9,0,5977.778,83.778,4.222,1.222
"<a href=""https://tiktok.com/@dddunkkftacnib"" target=""_blank"">@dddunkkftacnib</a>",83,6,35.727,1,1,11,0,2649.667,59.167,3.833,0.667
"<a href=""https://tiktok.com/@debran.oxonrp00"" target=""_blank"">@debran.oxonrp00</a>",38,10,32.35,0.889,2,20,0,3349.3,63,1,0.3
"<a href=""https://tiktok.com/@dhdjuehiehrh"" target=""_blank"">@dhdjuehiehrh</a>",80,5,21.889,1,1,9,0,1551.6,86.8,0.4,0.8
"<a href=""https://tiktok.com/@dheelquiet"" target=""_blank"">@dheelquiet</a>",95,6,30.583,0.917,2,19,0,4194.5,28,1,0.667
"<a href=""https://tiktok.com/@dhhi6645"" target=""_blank"">@dhhi6645</a>",66,12,49.002,0.843,3,62,0,3645.214,72.929,0.154,0.429
"<a href=""https://tiktok.com/@dijx3903"" target=""_blank"">@dijx3903</a>",63,15,73.113,0.962,5,141,0,1698.4,46.533,0.267,0.6
"<a href=""https://tiktok.com/@djisks96"" target=""_blank"">@djisks96</a>",69,7,56.924,0.915,6,58,0,2523.429,50.714,1.714,1.143
"<a href=""https://tiktok.com/@djjehokxtu2"" target=""_blank"">@djjehokxtu2</a>",98,3,70.667,1,2,18,0,110.333,2,0,0
"<a href=""https://tiktok.com/@djm9r"" target=""_blank"">@djm9r</a>",40,7,57.037,0.92,5,54,0,1066.714,53.571,0.286,0.143
"<a href=""https://tiktok.com/@drape.ivoe"" target=""_blank"">@drape.ivoe</a>",52,6,55.333,1,1,12,0,3284.143,141.571,1.429,4.714
"<a href=""https://tiktok.com/@drgd8391"" target=""_blank"">@drgd8391</a>",64,12,57.662,1,3,69,0,1305.067,56.6,0.333,0.6
"<a href=""https://tiktok.com/@dtbtcc8"" target=""_blank"">@dtbtcc8</a>",59,3,62,1,4,36,0,956.333,39.667,0.667,1
"<a href=""https://tiktok.com/@dthh824"" target=""_blank"">@dthh824</a>",47,11,56.41,0.901,10,192,0,3921,53.455,0.364,8.545
"<a href=""https://tiktok.com/@dtkwod"" target=""_blank"">@dtkwod</a>",32,9,35.327,0.882,4,46,0,3893.889,168.556,1.444,6.444
"<a href=""https://tiktok.com/@ducwk5858"" target=""_blank"">@ducwk5858</a>",78,10,37.636,1,1,11,0,613.6,17.5,0.1,0
"<a href=""https://tiktok.com/@dukes.cadenhead"" target=""_blank"">@dukes.cadenhead</a>",95,6,59.143,0.833,2,24,0,1637.833,15.5,0.167,0
"<a href=""https://tiktok.com/@duuff30"" target=""_blank"">@duuff30</a>",69,6,22.233,0.944,2,22,0,1234,78.333,1.833,0.167
"<a href=""https://tiktok.com/@eb.bg7"" target=""_blank"">@eb.bg7</a>",5,8,53.778,0.875,1,9,0,1422.25,36.125,1.375,0.75
"<a href=""https://tiktok.com/@echrca"" target=""_blank"">@echrca</a>",59,7,77.923,0.833,1,13,0,253.75,7.375,0,0.125
"<a href=""https://tiktok.com/@eiej4325"" target=""_blank"">@eiej4325</a>",64,15,56.335,1,3,98,0,1158.667,42.6,0.133,0.2
"<a href=""https://tiktok.com/@eqmhqf"" target=""_blank"">@eqmhqf</a>",59,9,67.095,0.963,6,111,0,646.778,18.556,0.111,0.111
"<a href=""https://tiktok.com/@etuo.uop"" target=""_blank"">@etuo.uop</a>",23,6,56.044,0.866,2,19,0,1472.833,32.5,0,0
"<a href=""https://tiktok.com/@eudazpstrvf"" target=""_blank"">@eudazpstrvf</a>",46,5,61.111,1,1,9,0,3598.4,116.6,1.2,6.4
"<a href=""https://tiktok.com/@eumb.pcdw"" target=""_blank"">@eumb.pcdw</a>",91,9,46.7,0.955,2,27,0,3472.333,25.667,0.222,14.111
"<a href=""https://tiktok.com/@evfdmzl"" target=""_blank"">@evfdmzl</a>",76,8,31.137,0.929,2,26,0,1332,77.5,1,0.5
"<a href=""https://tiktok.com/@exmz856041"" target=""_blank"">@exmz856041</a>",22,9,63.878,0.915,3,29,0,2337.222,49.667,0.222,1.222
"<a href=""https://tiktok.com/@fauy8466"" target=""_blank"">@fauy8466</a>",4,10,56.588,0.869,3,33,0,2187.4,75.2,0.7,1.9
"<a href=""https://tiktok.com/@fbdkmikardr"" target=""_blank"">@fbdkmikardr</a>",83,5,52.3,0.857,1,10,0,2113.2,110.2,5,7.4
"<a href=""https://tiktok.com/@fcjjv86"" target=""_blank"">@fcjjv86</a>",2,8,63.814,0.894,2,21,0,2360,81.625,1,1
"<a href=""https://tiktok.com/@fduic5"" target=""_blank"">@fduic5</a>",2,8,53.55,1,2,22,0,2820.4,103.7,1.3,7.1
"<a href=""https://tiktok.com/@fevkuiq"" target=""_blank"">@fevkuiq</a>",19,8,64.111,0.857,1,9,0,469.25,25.75,0,0.125
"<a href=""https://tiktok.com/@fgjbgf4688"" target=""_blank"">@fgjbgf4688</a>",85,6,58.783,0.958,4,46,0,798.667,37.667,3,11
"<a href=""https://tiktok.com/@fgsfgx"" target=""_blank"">@fgsfgx</a>",97,7,76.333,1,1,9,0,1486.125,38.375,1.75,10.5
"<a href=""https://tiktok.com/@fhda78402"" target=""_blank"">@fhda78402</a>",63,15,63.278,0.958,4,111,0,909.467,44.333,0.667,0.267
"<a href=""https://tiktok.com/@fhvf210"" target=""_blank"">@fhvf210</a>",27,8,49.423,0.938,2,24,0,1537.375,97.375,0.625,11.625
"<a href=""https://tiktok.com/@fhxk1941"" target=""_blank"">@fhxk1941</a>",61,12,63.66,0.95,2,50,0,848.357,21.714,0.5,0.929
"<a href=""https://tiktok.com/@fijficvk"" target=""_blank"">@fijficvk</a>",12,8,28.05,1,2,23,0,521.25,27.375,0,0.125
"<a href=""https://tiktok.com/@findjfd"" target=""_blank"">@findjfd</a>",70,5,53.818,1,1,11,0,961,31.2,0.4,0
"<a href=""https://tiktok.com/@fiurf9599"" target=""_blank"">@fiurf9599</a>",65,6,57.942,1,4,46,0,690,18.667,0.167,0.167
"<a href=""https://tiktok.com/@fjjgdvx"" target=""_blank"">@fjjgdvx</a>",34,8,55.444,1,1,9,0,6265.25,201.125,1.25,6.25
"<a href=""https://tiktok.com/@fjmphu"" target=""_blank"">@fjmphu</a>",59,9,53.895,1,3,45,0,558.556,16.889,0.222,0.111
"<a href=""https://tiktok.com/@fjyukfjjf"" target=""_blank"">@fjyukfjjf</a>",40,7,56.278,1,3,29,0,12642.286,140,4.143,2.571
"<a href=""https://tiktok.com/@fkir2290"" target=""_blank"">@fkir2290</a>",66,12,59,0.955,2,54,0,578.6,34.133,0.467,0.133
"<a href=""https://tiktok.com/@fkird5848"" target=""_blank"">@fkird5848</a>",70,5,45,0.714,1,9,0,338.6,7.4,0.8,0
"<a href=""https://tiktok.com/@fnnf8890"" target=""_blank"">@fnnf8890</a>",67,8,60.099,0.958,3,50,0,2730.636,64.364,0,0.545
"<a href=""https://tiktok.com/@fsaftn"" target=""_blank"">@fsaftn</a>",59,8,59.854,0.889,6,68,0.001,965.5,17.75,0,0.125
"<a href=""https://tiktok.com/@fteecfs"" target=""_blank"">@fteecfs</a>",73,6,39.167,0.778,1,12,0,1076.833,101.5,1.333,0.5
"<a href=""https://tiktok.com/@fughf21"" target=""_blank"">@fughf21</a>",1,7,55.911,0.932,7,67,0,2706.429,74.286,2.143,2.429
"<a href=""https://tiktok.com/@fujgds.guio"" target=""_blank"">@fujgds.guio</a>",23,6,48.329,0.873,2,22,0,561.833,20.167,0.167,0.167
"<a href=""https://tiktok.com/@funny.podcasttop"" target=""_blank"">@funny.podcasttop</a>",18,10,53.044,0.926,6,73,0,987.1,40.8,0.1,0.6
"<a href=""https://tiktok.com/@fygdjasnu0"" target=""_blank"">@fygdjasnu0</a>",43,3,44.444,1,1,9,0,219.667,4,0,0
"<a href=""https://tiktok.com/@g.in.cgn"" target=""_blank"">@g.in.cgn</a>",69,6,44.733,1,3,31,0,2380.167,120.5,1.333,0.167
"<a href=""https://tiktok.com/@g86bavbbw"" target=""_blank"">@g86bavbbw</a>",43,3,44.444,1,1,9,0,295983.75,13889.75,59.25,63.75
"<a href=""https://tiktok.com/@gabriele.weber5"" target=""_blank"">@gabriele.weber5</a>",93,7,56.083,0.875,1,12,0,2224.9,43.3,1.1,1.8
"<a href=""https://tiktok.com/@gclqse"" target=""_blank"">@gclqse</a>",59,6,55.65,0.944,6,57,0.001,747.889,9.778,0,0
"<a href=""https://tiktok.com/@gduhx01"" target=""_blank"">@gduhx01</a>",2,10,58.942,0.917,4,42,0,3104.1,86.1,1,1.6
"<a href=""https://tiktok.com/@geievertu8"" target=""_blank"">@geievertu8</a>",40,8,59.544,0.875,4,46,0,377.375,19.625,0.125,0.5
"<a href=""https://tiktok.com/@gf.nj97"" target=""_blank"">@gf.nj97</a>",40,9,60.794,0.896,3,33,0,2900.667,142.667,3,0.778
"<a href=""https://tiktok.com/@gfg6705"" target=""_blank"">@gfg6705</a>",25,6,46.556,0.833,1,9,0,882.667,27.5,0.167,0.5
"<a href=""https://tiktok.com/@gfjch34"" target=""_blank"">@gfjch34</a>",39,10,55.836,0.933,3,40,0,1410.9,111.8,0.5,1.6
"<a href=""https://tiktok.com/@ggg.hgfc"" target=""_blank"">@ggg.hgfc</a>",6,8,68,0.889,1,11,0,916.125,32.5,1.25,1.125
"<a href=""https://tiktok.com/@ghhj8554"" target=""_blank"">@ghhj8554</a>",63,13,68.77,0.885,4,93,0,1349.231,44.846,0.615,1.077
"<a href=""https://tiktok.com/@gits5263"" target=""_blank"">@gits5263</a>",65,3,56.267,1,5,45,0,617.667,40.667,1.333,0
"<a href=""https://tiktok.com/@givi0331"" target=""_blank"">@givi0331</a>",62,14,73.881,0.972,3,75,0,330.933,12.467,0.133,0.2
"<a href=""https://tiktok.com/@gjgkho8"" target=""_blank"">@gjgkho8</a>",13,5,19.111,1,1,9,0,895.6,43.8,0,0
"<a href=""https://tiktok.com/@gjguq6894"" target=""_blank"">@gjguq6894</a>",67,3,83.5,1,2,18,0,2164,93.5,0.222,3.583
"<a href=""https://tiktok.com/@gour2295"" target=""_blank"">@gour2295</a>",68,6,67.417,1,2,36,0,1352.167,64.5,0.5,0.5
"<a href=""https://tiktok.com/@guoonn.hkp"" target=""_blank"">@guoonn.hkp</a>",23,8,59.485,0.882,2,23,0,861.125,36.75,0,0.75
"<a href=""https://tiktok.com/@gutieyy7"" target=""_blank"">@gutieyy7</a>",40,10,56.221,0.883,3,35,0,2606.3,109.8,4,15.2
"<a href=""https://tiktok.com/@gvcchh3457"" target=""_blank"">@gvcchh3457</a>",85,6,52.623,0.931,9,89,0,1421.833,84.5,1.5,1.833
"<a href=""https://tiktok.com/@hajhsh12"" target=""_blank"">@hajhsh12</a>",12,8,34.949,1,3,33,0,655.5,39.125,1.25,5.5
"<a href=""https://tiktok.com/@hcodifb"" target=""_blank"">@hcodifb</a>",1,8,58.084,1,5,51,0,1111.2,68.1,0.2,2
"<a href=""https://tiktok.com/@hdbjx72"" target=""_blank"">@hdbjx72</a>",27,9,44.273,0.938,2,23,0,1075,38.333,0.333,0.222
"<a href=""https://tiktok.com/@hdha0995"" target=""_blank"">@hdha0995</a>",65,6,62.358,1,4,46,0,1259,45,1,0.167
"<a href=""https://tiktok.com/@hdicok57"" target=""_blank"">@hdicok57</a>",81,8,49.394,1,4,40,0,13571.75,560.5,7.75,9.625
"<a href=""https://tiktok.com/@hdidkser0"" target=""_blank"">@hdidkser0</a>",40,8,56.919,0.968,6,68,0,1564.625,97,0.75,0.25
"<a href=""https://tiktok.com/@hdmjwo1"" target=""_blank"">@hdmjwo1</a>",59,6,56.25,1,4,54,0,628.5,22.333,0,0
"<a href=""https://tiktok.com/@hdryxd"" target=""_blank"">@hdryxd</a>",32,8,30.333,1,1,9,0,3393.125,135.5,7.75,3.875
"<a href=""https://tiktok.com/@hdvhds4"" target=""_blank"">@hdvhds4</a>",69,10,56.472,0.919,8,94,0,1505.8,93.7,1,0.3
"<a href=""https://tiktok.com/@hec88551nva"" target=""_blank"">@hec88551nva</a>",45,7,65.111,1,1,9,0,2145.857,66.286,0.857,3.571
"<a href=""https://tiktok.com/@hehs5037"" target=""_blank"">@hehs5037</a>",66,15,62.82,0.922,4,68,0,527.733,22.733,0.214,0.267
"<a href=""https://tiktok.com/@hfigi61"" target=""_blank"">@hfigi61</a>",81,6,21.778,0.857,1,9,0,17320.429,656.571,7.429,15.571
"<a href=""https://tiktok.com/@hgsa33741"" target=""_blank"">@hgsa33741</a>",65,3,45.917,1,4,36,0,672,51,1,0.667
"<a href=""https://tiktok.com/@hhgghj8866"" target=""_blank"">@hhgghj8866</a>",85,6,53.638,0.933,8,88,0,1242.667,99,1.5,1.5
"<a href=""https://tiktok.com/@hidouo"" target=""_blank"">@hidouo</a>",59,9,61.653,0.956,5,91,0,667.778,22.111,0,0
"<a href=""https://tiktok.com/@hjbfgj67"" target=""_blank"">@hjbfgj67</a>",87,6,42.567,0.875,3,30,0,2748.833,131.333,7.667,12
"<a href=""https://tiktok.com/@hlnvan42749s"" target=""_blank"">@hlnvan42749s</a>",22,10,63.55,0.929,2,20,0,1605.1,20.8,0.3,2.3
"<a href=""https://tiktok.com/@hltuoq"" target=""_blank"">@hltuoq</a>",59,8,73.32,0.903,4,79,0,460.625,11.75,0.125,0.375
"<a href=""https://tiktok.com/@hnxy.seym"" target=""_blank"">@hnxy.seym</a>",90,8,64.3,1,1,10,0,3415.875,44.125,2,19.375
"<a href=""https://tiktok.com/@hoeg.huan"" target=""_blank"">@hoeg.huan</a>",38,8,49.333,0.857,1,9,0,7615.5,119,1.875,2.625
"<a href=""https://tiktok.com/@hojdmc"" target=""_blank"">@hojdmc</a>",60,12,16.844,0.958,6,126,0,953.417,57.417,1,0.417
"<a href=""https://tiktok.com/@hotcool586"" target=""_blank"">@hotcool586</a>",18,10,46.044,0.96,5,55,0,1141.4,76.1,0,0.1
"<a href=""https://tiktok.com/@hryfeucmuql"" target=""_blank"">@hryfeucmuql</a>",86,6,35.111,1,1,9,0,1001,59.667,1.5,4.333
"<a href=""https://tiktok.com/@hsbuz8"" target=""_blank"">@hsbuz8</a>",30,3,38.778,1,1,9,0,2224.143,53,0.571,1
"<a href=""https://tiktok.com/@htjzwe4"" target=""_blank"">@htjzwe4</a>",75,10,12.583,1,1,12,0,34392.2,878,11.2,4.9
"<a href=""https://tiktok.com/@huanlyg"" target=""_blank"">@huanlyg</a>",13,5,19.111,1,1,9,0,1958,81.6,0,0
"<a href=""https://tiktok.com/@huiodjio"" target=""_blank"">@huiodjio</a>",32,6,69.378,0.917,2,19,0,3378.167,198.833,1,0.5
"<a href=""https://tiktok.com/@hullen.nguyen"" target=""_blank"">@hullen.nguyen</a>",7,7,58.182,0.875,1,11,0,2806.143,95.286,1.143,0.857
"<a href=""https://tiktok.com/@huoqilaiya"" target=""_blank"">@huoqilaiya</a>",83,6,37.581,0.905,3,28,0,1255.5,81.667,1.167,2.333
"<a href=""https://tiktok.com/@huydhfhyyxd"" target=""_blank"">@huydhfhyyxd</a>",96,7,64.3,0.833,1,10,0,20784,196.75,3.875,2.875
"<a href=""https://tiktok.com/@hwvrok"" target=""_blank"">@hwvrok</a>",79,8,23.083,1,2,24,0,8887,187.25,9,0.875
"<a href=""https://tiktok.com/@hxjdsj34"" target=""_blank"">@hxjdsj34</a>",69,7,47.036,0.902,4,40,0.001,1045.429,49.857,0.571,0.286
"<a href=""https://tiktok.com/@hzhdhs"" target=""_blank"">@hzhdhs</a>",69,7,50.884,0.938,4,42,0,1085.571,61.571,0.286,0.143
"<a href=""https://tiktok.com/@idpeoc"" target=""_blank"">@idpeoc</a>",59,9,65.067,1,5,99,0,352.778,7.556,0,0
"<a href=""https://tiktok.com/@ifjch4"" target=""_blank"">@ifjch4</a>",81,7,31.98,0.952,3,30,0,126139.625,4334.5,45.25,39
"<a href=""https://tiktok.com/@ihgg5672"" target=""_blank"">@ihgg5672</a>",85,6,52.917,1,6,72,0,911.5,68.333,2.333,1.333
"<a href=""https://tiktok.com/@iiuu553"" target=""_blank"">@iiuu553</a>",47,12,53.507,0.929,10,197,0,3414,75.25,1.083,0.333
"<a href=""https://tiktok.com/@ilges.estelwei"" target=""_blank"">@ilges.estelwei</a>",57,10,57.812,0.858,2,25,0,4807.4,32,1.3,0.7
"<a href=""https://tiktok.com/@injjzxvr"" target=""_blank"">@injjzxvr</a>",89,10,75,1,1,11,0,1889.5,21.143,0.786,0.929
"<a href=""https://tiktok.com/@irdc042"" target=""_blank"">@irdc042</a>",1,10,55.029,0.916,7,76,0,2139.1,135,1.3,2.6
"<a href=""https://tiktok.com/@isce0690"" target=""_blank"">@isce0690</a>",62,15,70.052,0.964,2,52,0,1103.467,54,0.2,0.667
"<a href=""https://tiktok.com/@isge0853"" target=""_blank"">@isge0853</a>",62,13,68.03,0.812,2,36,0,325.643,14,0.214,0.143
"<a href=""https://tiktok.com/@isgs5669"" target=""_blank"">@isgs5669</a>",62,10,77.538,0.714,1,13,0,297.929,8.071,0.143,0.071
"<a href=""https://tiktok.com/@iupkvg"" target=""_blank"">@iupkvg</a>",59,4,37.333,1,3,27,0,212.833,8.333,0.167,0.167
"<a href=""https://tiktok.com/@j.uv586"" target=""_blank"">@j.uv586</a>",28,9,41.9,1,1,10,0,1754.273,46.364,0.273,0
"<a href=""https://tiktok.com/@jajsjsn56"" target=""_blank"">@jajsjsn56</a>",47,14,57.548,0.892,10,195,0,2875.857,80.429,1,0.429
"<a href=""https://tiktok.com/@jann.jacobs"" target=""_blank"">@jann.jacobs</a>",8,6,64.5,0.833,1,10,0,1211,23,0.625,0.75
"<a href=""https://tiktok.com/@jccj44506"" target=""_blank"">@jccj44506</a>",64,12,63.483,1,3,78,0,849.933,60.4,0.2,0.4
"<a href=""https://tiktok.com/@jdpdosj"" target=""_blank"">@jdpdosj</a>",1,10,59.338,0.963,6,72,0,402.2,15.2,0.7,0
"<a href=""https://tiktok.com/@jdpxorjf"" target=""_blank"">@jdpxorjf</a>",1,9,62.273,0.919,9,101,0,1585.5,109.3,1.2,0.3
"<a href=""https://tiktok.com/@jeffrey.hettinger"" target=""_blank"">@jeffrey.hettinger</a>",8,9,59.512,0.859,4,45,0,1225.667,25.667,0.444,1.333
"<a href=""https://tiktok.com/@jfdd653"" target=""_blank"">@jfdd653</a>",4,9,61.503,0.796,3,36,0,2680.222,77.444,0.444,0.222
"<a href=""https://tiktok.com/@jfodxgajsjijpd"" target=""_blank"">@jfodxgajsjijpd</a>",85,7,53.85,0.839,6,59,0,1446.143,86.571,4.143,5
"<a href=""https://tiktok.com/@jfufrehcdh"" target=""_blank"">@jfufrehcdh</a>",1,9,53.529,0.957,8,89,0,1968.778,104,1.444,1
"<a href=""https://tiktok.com/@jg.vj19"" target=""_blank"">@jg.vj19</a>",18,9,51.348,0.958,3,29,0,1064,36.222,0,1
"<a href=""https://tiktok.com/@jianggushi40"" target=""_blank"">@jianggushi40</a>",41,9,58.111,1,1,9,0,270695.9,11999.9,157.286,115.6
"<a href=""https://tiktok.com/@jiqw8344"" target=""_blank"">@jiqw8344</a>",65,6,66.167,1,3,36,0,342.833,11.833,0.833,0
"<a href=""https://tiktok.com/@jjdjdd911"" target=""_blank"">@jjdjdd911</a>",11,5,27.778,1,1,9,0,983.2,33.6,0.6,0
"<a href=""https://tiktok.com/@jkuy0534"" target=""_blank"">@jkuy0534</a>",64,15,57.809,1,3,85,0,766.8,35,0.267,0.2
"<a href=""https://tiktok.com/@jsosjxj8"" target=""_blank"">@jsosjxj8</a>",1,9,55.878,0.955,9,100,0,31038.111,525.556,1.556,6.333
"<a href=""https://tiktok.com/@jtcytxyzey"" target=""_blank"">@jtcytxyzey</a>",1,10,59.929,0.926,9,103,0,1141.8,62.6,1,1
"<a href=""https://tiktok.com/@juliosalazar229"" target=""_blank"">@juliosalazar229</a>",57,10,61.909,0.8,1,11,0,2166.7,43.8,1.1,1.9
"<a href=""https://tiktok.com/@jvhb240"" target=""_blank"">@jvhb240</a>",47,15,56.374,0.876,10,221,0,3489.6,70.267,0.667,0.933
"<a href=""https://tiktok.com/@jvtvc3"" target=""_blank"">@jvtvc3</a>",47,12,57.202,0.883,10,212,0,33394.167,890.25,4.667,9.417
"<a href=""https://tiktok.com/@jwhe5192"" target=""_blank"">@jwhe5192</a>",65,6,63.25,1,2,27,0,542.333,34.333,0.5,0
"<a href=""https://tiktok.com/@kacbr2774"" target=""_blank"">@kacbr2774</a>",69,6,52.508,0.871,6,58,0,1101.167,33.833,0.833,0.167
"<a href=""https://tiktok.com/@karlamoran19677"" target=""_blank"">@karlamoran19677</a>",10,9,45.472,0.892,3,31,0,5469.5,47.9,1.3,2.6
"<a href=""https://tiktok.com/@kdywnty"" target=""_blank"">@kdywnty</a>",76,10,39.762,0.952,3,37,0,1425.2,46.7,0.5,0
"<a href=""https://tiktok.com/@kellie.perry2"" target=""_blank"">@kellie.perry2</a>",93,7,56.083,0.875,1,12,0,607.444,13.667,0.111,0.667
"<a href=""https://tiktok.com/@kfcn21"" target=""_blank"">@kfcn21</a>",81,9,54.722,0.938,2,18,0,124234.222,3407.222,218.667,1948.778
"<a href=""https://tiktok.com/@khfbou"" target=""_blank"">@khfbou</a>",60,6,16.472,0.981,6,81,0,1219.267,26.2,0.067,0.133
"<a href=""https://tiktok.com/@krug011"" target=""_blank"">@krug011</a>",1,10,63.286,0.918,7,72,0,2345.1,157.4,1.3,10.6
"<a href=""https://tiktok.com/@kubjij"" target=""_blank"">@kubjij</a>",60,6,17.991,0.915,6,81,0,999,99.333,0.533,0.533
"<a href=""https://tiktok.com/@kungyhunksd"" target=""_blank"">@kungyhunksd</a>",35,3,65,1,1,9,0,300,1.667,0,0
"<a href=""https://tiktok.com/@labubu5252"" target=""_blank"">@labubu5252</a>",83,6,54.678,0.849,3,29,0,8022.833,92.5,32.833,9.333
"<a href=""https://tiktok.com/@labubushiping51"" target=""_blank"">@labubushiping51</a>",82,5,68.556,0.857,1,9,0,1364,78,2.8,3.2
"<a href=""https://tiktok.com/@laim1073"" target=""_blank"">@laim1073</a>",44,8,50.667,0.875,1,9,0,365.5,13.5,0,0.25
"<a href=""https://tiktok.com/@landscape5670"" target=""_blank"">@landscape5670</a>",32,9,53.933,0.889,3,30,0,2978.9,207,2,0.9
"<a href=""https://tiktok.com/@lanora.haskely"" target=""_blank"">@lanora.haskely</a>",58,9,51.051,0.838,2,20,0,1644.4,45.5,0.7,0.4
"<a href=""https://tiktok.com/@lawgray3"" target=""_blank"">@lawgray3</a>",48,6,60.827,0.798,4,42,0,1533.667,65.667,0.5,0.5
"<a href=""https://tiktok.com/@lawrenceharvey54"" target=""_blank"">@lawrenceharvey54</a>",8,8,60.844,0.917,3,28,0,637.625,8.75,0.25,0.625
"<a href=""https://tiktok.com/@leila.fernandes.c2"" target=""_blank"">@leila.fernandes.c2</a>",24,5,47.4,0.8,1,10,0,992.8,18.4,0.2,4.8
"<a href=""https://tiktok.com/@leoraf9"" target=""_blank"">@leoraf9</a>",73,10,29.333,0.789,2,24,0,18768.1,779.1,8.3,1.9
"<a href=""https://tiktok.com/@lhqitc"" target=""_blank"">@lhqitc</a>",59,9,59.474,0.972,6,77,0.001,701,16.889,0,0
"<a href=""https://tiktok.com/@liliana.owyngk"" target=""_blank"">@liliana.owyngk</a>",53,9,60.7,0.714,1,10,0,1656.4,71,2.2,2.1
"<a href=""https://tiktok.com/@liyyyang"" target=""_blank"">@liyyyang</a>",12,5,55.167,1,2,18,0,770.8,11.2,0.6,0
"<a href=""https://tiktok.com/@ljpjvh"" target=""_blank"">@ljpjvh</a>",79,6,23.5,1,1,12,0,41651.857,1581.571,13.571,4.571
"<a href=""https://tiktok.com/@lkur501352"" target=""_blank"">@lkur501352</a>",9,6,75.6,0.833,1,10,0,56056,5668,166,1467.833
"<a href=""https://tiktok.com/@lnppoe"" target=""_blank"">@lnppoe</a>",98,6,78.25,1,2,27,0,1017.667,39.333,3.833,1.833
"<a href=""https://tiktok.com/@loertschercalliso"" target=""_blank"">@loertschercalliso</a>",96,8,61.257,0.854,2,24,0,23756.5,165.25,3.625,1
"<a href=""https://tiktok.com/@luet671136"" target=""_blank"">@luet671136</a>",22,9,66.583,0.882,2,19,0,1052.778,47.444,0.111,0.111
"<a href=""https://tiktok.com/@luisina.riihimaki"" target=""_blank"">@luisina.riihimaki</a>",1,9,61.57,0.839,4,40,0,1626.444,96.778,2.778,8.444
"<a href=""https://tiktok.com/@lxjjc"" target=""_blank"">@lxjjc</a>",2,8,63.042,0.85,4,39,0,2265,64.1,0.4,0.8
"<a href=""https://tiktok.com/@maemeg7"" target=""_blank"">@maemeg7</a>",72,7,21.429,1,1,14,0,1363.857,79,1.429,1
"<a href=""https://tiktok.com/@manoj00764"" target=""_blank"">@manoj00764</a>",94,9,14.2,0.875,1,10,0,3547.556,45.111,3,0.333
"<a href=""https://tiktok.com/@mariencassano"" target=""_blank"">@mariencassano</a>",96,8,76.5,0.875,1,14,0,18830.375,133.875,2.25,0.75
"<a href=""https://tiktok.com/@marisol.rath"" target=""_blank"">@marisol.rath</a>",8,9,64.322,0.857,2,19,0,1188.5,28.6,0.8,1.7
"<a href=""https://tiktok.com/@marjoriecarrie0525"" target=""_blank"">@marjoriecarrie0525</a>",8,9,41.893,0.917,2,28,0,696.333,14.556,0.222,0.333
"<a href=""https://tiktok.com/@markryan688"" target=""_blank"">@markryan688</a>",56,6,31.2,0.857,1,10,0,12963.75,238.125,6.75,1.25
"<a href=""https://tiktok.com/@mee00819"" target=""_blank"">@mee00819</a>",94,6,14.2,0.875,1,10,0,16532.667,116.167,2.167,1.167
"<a href=""https://tiktok.com/@mfoxkcpjsoesmpki"" target=""_blank"">@mfoxkcpjsoesmpki</a>",22,9,45.944,0.917,2,19,0,1898.667,52,2.556,7.222
"<a href=""https://tiktok.com/@miss.bordner"" target=""_blank"">@miss.bordner</a>",7,8,55.008,0.938,2,23,0,2016.625,109.25,1,0.625
"<a href=""https://tiktok.com/@mmhpbybt"" target=""_blank"">@mmhpbybt</a>",89,14,75,1,1,11,0,2646.357,32.857,7.286,0.357
"<a href=""https://tiktok.com/@mong.khuu"" target=""_blank"">@mong.khuu</a>",8,10,52.299,0.899,4,50,0,1704.1,41.8,0.1,4.2
"<a href=""https://tiktok.com/@msfsgvsvcsdfsadsa"" target=""_blank"">@msfsgvsvcsdfsadsa</a>",19,8,61.583,0.929,2,19,0,941.75,29.5,2.25,4.75
"<a href=""https://tiktok.com/@ncjfhyrsdj"" target=""_blank"">@ncjfhyrsdj</a>",69,7,18.114,0.944,2,24,0,691.857,20.429,0.429,0
"<a href=""https://tiktok.com/@ncsfo3287"" target=""_blank"">@ncsfo3287</a>",69,7,41.4,0.917,3,30,0,1851.75,93,0.625,1
"<a href=""https://tiktok.com/@ndork4782"" target=""_blank"">@ndork4782</a>",69,6,55.1,1,2,19,0,1050.5,53.167,1,0.5
"<a href=""https://tiktok.com/@nfyk.emma"" target=""_blank"">@nfyk.emma</a>",8,9,51.175,0.907,3,39,0,1844.222,43.333,0.222,0.444
"<a href=""https://tiktok.com/@nhllos8"" target=""_blank"">@nhllos8</a>",73,7,19.5,0.8,1,12,0,1565.125,103.375,0.625,0.75
"<a href=""https://tiktok.com/@niyebuya"" target=""_blank"">@niyebuya</a>",55,9,49.222,0.875,1,9,0,3496.8,81.2,4.1,0.6
"<a href=""https://tiktok.com/@niyztc36975"" target=""_blank"">@niyztc36975</a>",22,9,63.521,1,2,22,0,2173.222,65.111,5.111,6.333
"<a href=""https://tiktok.com/@nmkv7803"" target=""_blank"">@nmkv7803</a>",87,6,38.722,0.969,4,41,0,1372.5,94,2.333,7.333
"<a href=""https://tiktok.com/@nqkwvc"" target=""_blank"">@nqkwvc</a>",72,10,21.429,1,1,14,0,1380.2,67.1,1.2,0
"<a href=""https://tiktok.com/@ntpblw"" target=""_blank"">@ntpblw</a>",59,9,61.827,0.972,6,70,0.001,539,17.333,0.111,0.222
"<a href=""https://tiktok.com/@objlhmtjemu"" target=""_blank"">@objlhmtjemu</a>",59,7,53.25,0.667,1,12,0,690.778,19.333,0,0.222
"<a href=""https://tiktok.com/@ojbkhhh2"" target=""_blank"">@ojbkhhh2</a>",18,10,69.146,0.939,3,38,0,968.5,42.5,0.1,0.1
"<a href=""https://tiktok.com/@ojkmss"" target=""_blank"">@ojkmss</a>",59,8,66.598,0.958,4,59,0,506.889,15.556,0.111,0.111
"<a href=""https://tiktok.com/@okay11732"" target=""_blank"">@okay11732</a>",63,12,68.065,0.972,3,76,0,1615,56.143,0.429,0.5
"<a href=""https://tiktok.com/@okhgf567"" target=""_blank"">@okhgf567</a>",85,6,56.175,0.893,7,70,0,866.333,50.667,2,1.333
"<a href=""https://tiktok.com/@oljclk"" target=""_blank"">@oljclk</a>",79,7,22.667,1,1,12,0,2214.25,55.625,0.75,0
"<a href=""https://tiktok.com/@olrsyrt7"" target=""_blank"">@olrsyrt7</a>",31,6,40.909,1,1,11,0,1965.625,38.625,0.375,0
"<a href=""https://tiktok.com/@onel.ellamae"" target=""_blank"">@onel.ellamae</a>",95,6,36.226,0.917,2,23,0,1737.333,12.167,1.167,0.167
"<a href=""https://tiktok.com/@opgse4909"" target=""_blank"">@opgse4909</a>",70,8,60.849,0.888,8,84,0.001,847.375,47.125,0.25,0.25
"<a href=""https://tiktok.com/@oxkympku"" target=""_blank"">@oxkympku</a>",92,6,53.558,0.963,3,31,0,4935.167,45,0.333,11.833
"<a href=""https://tiktok.com/@pbpktw"" target=""_blank"">@pbpktw</a>",59,9,64.952,0.926,6,118,0,572.778,22.889,0.333,0.111
"<a href=""https://tiktok.com/@pdilul"" target=""_blank"">@pdilul</a>",75,6,41.778,1,1,9,0,7235.667,181.222,2,1
"<a href=""https://tiktok.com/@pfigfwdyh2huxc"" target=""_blank"">@pfigfwdyh2huxc</a>",87,6,42.544,0.975,5,50,0,1705.667,89.667,4.667,5.167
"<a href=""https://tiktok.com/@phong.ngoc76"" target=""_blank"">@phong.ngoc76</a>",54,10,46.045,0.933,4,40,0,6795.7,83.4,1.8,2.1
"<a href=""https://tiktok.com/@pov476pov"" target=""_blank"">@pov476pov</a>",10,7,60.75,0.9,2,20,0,4814.4,34.6,2.2,3.7
"<a href=""https://tiktok.com/@prbnac"" target=""_blank"">@prbnac</a>",59,7,58.917,1,4,36,0.001,579.556,18.333,0,0.667
"<a href=""https://tiktok.com/@prtnr8"" target=""_blank"">@prtnr8</a>",40,9,58.222,0.856,3,35,0,2684.889,159.111,1.778,6.111
"<a href=""https://tiktok.com/@puhrra"" target=""_blank"">@puhrra</a>",59,8,54.814,0.889,3,64,0,495.625,21.875,0.125,0.125
"<a href=""https://tiktok.com/@pxibi018"" target=""_blank"">@pxibi018</a>",30,3,38.778,1,1,9,0,1869.667,44.5,0,1
"<a href=""https://tiktok.com/@qazwsx8014"" target=""_blank"">@qazwsx8014</a>",9,5,75.6,0.833,1,10,0,511,28.8,0.8,1
"<a href=""https://tiktok.com/@qdcieh"" target=""_blank"">@qdcieh</a>",60,12,18.171,0.968,6,126,0,1092.417,50,0.333,0.083
"<a href=""https://tiktok.com/@qigqtm"" target=""_blank"">@qigqtm</a>",59,9,52.292,0.984,7,78,0.001,230.556,6.556,0,0
"<a href=""https://tiktok.com/@quincyshop08"" target=""_blank"">@quincyshop08</a>",1,10,57.661,0.911,6,63,0,3073.6,103.3,4.1,11.2
"<a href=""https://tiktok.com/@qvcka2481"" target=""_blank"">@qvcka2481</a>",70,4,36.889,0.857,1,9,0,2015.5,49.25,0.25,0.25
"<a href=""https://tiktok.com/@reddit_grayson99"" target=""_blank"">@reddit_grayson99</a>",60,12,19.225,0.976,6,135,0,1529.417,78.5,0.167,0.083
"<a href=""https://tiktok.com/@reddit_hunt"" target=""_blank"">@reddit_hunt</a>",60,12,16.275,0.933,6,126,0,936.583,56.667,0.167,0.667
"<a href=""https://tiktok.com/@reddit_ignatius8"" target=""_blank"">@reddit_ignatius8</a>",98,6,69.667,1,2,18,0,8955.667,146.167,6.333,10.5
"<a href=""https://tiktok.com/@redditpov6"" target=""_blank"">@redditpov6</a>",10,11,55.247,0.974,3,39,0,16489.182,214.182,2,18.818
"<a href=""https://tiktok.com/@refine74"" target=""_blank"">@refine74</a>",75,8,27.181,1,2,21,0,1136.25,79.25,0.75,0.5
"<a href=""https://tiktok.com/@rfgfghf1"" target=""_blank"">@rfgfghf1</a>",96,8,67.357,0.875,2,28,0,23051.25,125,3.5,1
"<a href=""https://tiktok.com/@rohingyao"" target=""_blank"">@rohingyao</a>",32,10,46.636,0.83,4,45,0,2684.9,153.2,2.2,0.8
"<a href=""https://tiktok.com/@rosacasey65"" target=""_blank"">@rosacasey65</a>",40,10,59.733,0.912,4,46,0,2394.3,89.2,1.4,1.6
"<a href=""https://tiktok.com/@roselent02103"" target=""_blank"">@roselent02103</a>",70,6,31.778,0.929,2,19,0,1373.833,30.333,0.5,0.167
"<a href=""https://tiktok.com/@rrwtqoji8v5"" target=""_blank"">@rrwtqoji8v5</a>",19,9,54.243,0.87,5,54,0,1695.444,59.222,3.444,7.667
"<a href=""https://tiktok.com/@sasapco"" target=""_blank"">@sasapco</a>",33,9,51.636,0.9,1,11,0,2374.111,147.889,1.222,1
"<a href=""https://tiktok.com/@scndqxjyehg"" target=""_blank"">@scndqxjyehg</a>",22,9,60.485,0.897,3,33,0,1477.111,44.333,0.222,0.778
"<a href=""https://tiktok.com/@scoolpodcast"" target=""_blank"">@scoolpodcast</a>",18,8,69.122,0.869,3,28,0,963.3,35.2,0.2,0.2
"<a href=""https://tiktok.com/@scqf.cvdv"" target=""_blank"">@scqf.cvdv</a>",92,6,55.487,0.842,3,32,0,1173.833,24.167,0.333,3.167
"<a href=""https://tiktok.com/@sdsdyou"" target=""_blank"">@sdsdyou</a>",32,9,40.333,1,1,9,0,4414.667,272.444,2.667,2.778
"<a href=""https://tiktok.com/@sharleen.howard"" target=""_blank"">@sharleen.howard</a>",2,9,55.8,0.943,6,60,0,11897.556,327.222,2.556,68.111
"<a href=""https://tiktok.com/@shbsdd2"" target=""_blank"">@shbsdd2</a>",98,6,77.25,1,2,27,0,2886,59.5,4.833,4.167
"<a href=""https://tiktok.com/@shfjjg4"" target=""_blank"">@shfjjg4</a>",11,5,27.778,1,1,9,0,863.4,17.2,0.6,0.6
"<a href=""https://tiktok.com/@shgj33"" target=""_blank"">@shgj33</a>",2,10,62.511,0.95,5,52,0,2334.3,62,0.1,0.3
"<a href=""https://tiktok.com/@shuj977"" target=""_blank"">@shuj977</a>",29,8,51.85,0.786,2,19,0,1002.5,46.875,0.375,0
"<a href=""https://tiktok.com/@shuy742"" target=""_blank"">@shuy742</a>",26,8,45.664,0.894,4,48,0,534,10.125,0.125,0.125
"<a href=""https://tiktok.com/@shvchjds"" target=""_blank"">@shvchjds</a>",34,9,55.444,1,1,9,0,3410.1,149.5,5.2,6.3
"<a href=""https://tiktok.com/@sidjjd79"" target=""_blank"">@sidjjd79</a>",18,10,45.701,0.924,4,49,0,829.3,32.3,0.1,0
"<a href=""https://tiktok.com/@sjjssjs151"" target=""_blank"">@sjjssjs151</a>",6,7,67.556,0.819,2,20,0,10835,311.5,3.125,12.875
"<a href=""https://tiktok.com/@skgetbys2egi6e"" target=""_blank"">@skgetbys2egi6e</a>",87,5,42.556,1,3,27,0,1050,36.4,1.8,13
"<a href=""https://tiktok.com/@skunk.robinsong"" target=""_blank"">@skunk.robinsong</a>",52,8,55.333,1,1,12,0,1442.125,102.75,3,4.125
"<a href=""https://tiktok.com/@snoshsj"" target=""_blank"">@snoshsj</a>",69,6,48.13,0.952,3,30,0,1066.667,45.167,0,0.167
"<a href=""https://tiktok.com/@solhvsnhwilbg"" target=""_blank"">@solhvsnhwilbg</a>",84,6,16.4,0.857,1,10,0,24027.333,351,19.667,17.667
"<a href=""https://tiktok.com/@sqifhw"" target=""_blank"">@sqifhw</a>",59,9,68.623,0.889,5,76,0,1191.556,31,0.111,0
"<a href=""https://tiktok.com/@stoyouh"" target=""_blank"">@stoyouh</a>",32,9,41.982,0.771,2,21,0,2050.222,121,2.444,0.778
"<a href=""https://tiktok.com/@sug7994"" target=""_blank"">@sug7994</a>",26,9,52.117,0.97,3,40,0,539.444,11.222,0,0.222
"<a href=""https://tiktok.com/@sumroo.786"" target=""_blank"">@sumroo.786</a>",49,12,85.427,0.875,2,32,0,686.583,75.917,4.333,2
"<a href=""https://tiktok.com/@sun.lilym"" target=""_blank"">@sun.lilym</a>",57,9,53.714,0.917,1,14,0,1786.778,43.778,0.556,0.556
"<a href=""https://tiktok.com/@sunnybarrows"" target=""_blank"">@sunnybarrows</a>",87,5,35.804,1,3,29,0,1010.8,42.4,1.4,3.4
"<a href=""https://tiktok.com/@susv0936"" target=""_blank"">@susv0936</a>",62,15,70.133,0.881,3,54,0,552.667,28.467,0.267,0.2
"<a href=""https://tiktok.com/@svpmrjwfqvu2oj"" target=""_blank"">@svpmrjwfqvu2oj</a>",85,5,46.622,0.917,2,19,0,959,38.6,1.6,6.6
"<a href=""https://tiktok.com/@symg.ynyp"" target=""_blank"">@symg.ynyp</a>",91,9,55.667,0.95,2,27,0,887.778,7.222,0.111,0.667
"<a href=""https://tiktok.com/@szgrss3"" target=""_blank"">@szgrss3</a>",97,8,48.333,1,1,12,0,2116.75,32.875,1.25,0.625
"<a href=""https://tiktok.com/@tetel4962"" target=""_blank"">@tetel4962</a>",62,12,88.667,0.778,1,18,0,451.769,12.154,0.385,0.154
"<a href=""https://tiktok.com/@texthsg"" target=""_blank"">@texthsg</a>",45,8,65.111,1,1,9,0,3209.111,153.444,1.889,1.444
"<a href=""https://tiktok.com/@texting592"" target=""_blank"">@texting592</a>",10,10,43.912,0.899,2,26,0,3611.9,36,1.3,1.8
"<a href=""https://tiktok.com/@tiwakp1"" target=""_blank"">@tiwakp1</a>",59,6,71.625,1,4,48,0.001,502.5,13.333,0,0
"<a href=""https://tiktok.com/@tkfjfjjrj"" target=""_blank"">@tkfjfjjrj</a>",5,7,53.778,0.875,1,9,0,2493.125,71.25,0.875,1.75
"<a href=""https://tiktok.com/@todaysfriendshow4"" target=""_blank"">@todaysfriendshow4</a>",26,11,42.609,0.944,2,21,0,1866.273,32.727,0.273,0.091
"<a href=""https://tiktok.com/@touab4277"" target=""_blank"">@touab4277</a>",74,7,60.258,0.882,2,20,0,1037.429,55.286,0,0.286
"<a href=""https://tiktok.com/@tri.nguyenw"" target=""_blank"">@tri.nguyenw</a>",53,12,60.7,0.714,1,10,0,1450.5,16.929,0.357,0.429
"<a href=""https://tiktok.com/@tugx2917"" target=""_blank"">@tugx2917</a>",62,15,72.804,0.896,3,59,0,736.867,20.8,0.2,0.2
"<a href=""https://tiktok.com/@ubhutfrx"" target=""_blank"">@ubhutfrx</a>",1,9,58.174,0.918,5,52,0,1622,51.444,0.778,0.778
"<a href=""https://tiktok.com/@uehjkb3487"" target=""_blank"">@uehjkb3487</a>",85,6,63.962,0.941,9,95,0,12444.333,193.333,7.167,36
"<a href=""https://tiktok.com/@ufsc8075"" target=""_blank"">@ufsc8075</a>",66,12,62.693,0.833,2,45,0,958.533,35.533,0.333,0.533
"<a href=""https://tiktok.com/@uiavao.bskvai"" target=""_blank"">@uiavao.bskvai</a>",6,8,67.111,0.75,1,9,0,1336.375,30.5,1.5,0.625
"<a href=""https://tiktok.com/@ujrrrsq"" target=""_blank"">@ujrrrsq</a>",59,6,61.041,1,5,65,0,291.333,9.833,0,0
"<a href=""https://tiktok.com/@ulrikesteuber"" target=""_blank"">@ulrikesteuber</a>",8,9,56.912,0.912,5,57,0,1044.667,20.222,0.444,0.667
"<a href=""https://tiktok.com/@uoxu.wcbk"" target=""_blank"">@uoxu.wcbk</a>",90,8,65.381,1,2,23,0,1221.333,10.889,0.111,1
"<a href=""https://tiktok.com/@urdu9708"" target=""_blank"">@urdu9708</a>",66,14,75.412,0.956,4,78,0,1038.357,42.429,0.286,0.357
"<a href=""https://tiktok.com/@user16909390140293"" target=""_blank"">@user16909390140293</a>",35,6,65,1,1,9,0,616.889,15.111,0.111,0
"<a href=""https://tiktok.com/@user19468614708518"" target=""_blank"">@user19468614708518</a>",14,7,37.357,0.889,1,14,0,2573.857,61.143,1.143,13.143
"<a href=""https://tiktok.com/@user2903556969068"" target=""_blank"">@user2903556969068</a>",15,8,50.391,0.889,2,21,0,1190.75,26.125,1.125,4.375
"<a href=""https://tiktok.com/@user2932993437321"" target=""_blank"">@user2932993437321</a>",17,8,49.786,0.909,1,14,0,1639.25,39,0.125,1.875
"<a href=""https://tiktok.com/@user3154950400581"" target=""_blank"">@user3154950400581</a>",39,10,59.197,0.948,4,52,0,2039,128,1.4,1.7
"<a href=""https://tiktok.com/@user33450120083591"" target=""_blank"">@user33450120083591</a>",59,7,59.391,0.833,3,34,0.001,419.556,12.556,0.111,0.222
"<a href=""https://tiktok.com/@user35634735100156"" target=""_blank"">@user35634735100156</a>",88,5,38.6,0.857,1,10,0,4144.333,86.833,1.167,10
"<a href=""https://tiktok.com/@user386963311513"" target=""_blank"">@user386963311513</a>",15,8,52.9,1,1,10,0,1344.5,20.375,0.75,4
"<a href=""https://tiktok.com/@user3909252607556"" target=""_blank"">@user3909252607556</a>",88,6,38.6,0.857,1,10,0,1832.333,47,0.5,4.833
"<a href=""https://tiktok.com/@user4181021201798"" target=""_blank"">@user4181021201798</a>",16,8,55,0.833,1,9,0,1451.5,23.75,0.625,2.625
"<a href=""https://tiktok.com/@user44761426985968"" target=""_blank"">@user44761426985968</a>",36,5,54,1,1,9,0,699.833,28.833,0.667,0.833
"<a href=""https://tiktok.com/@user4812092703961"" target=""_blank"">@user4812092703961</a>",22,8,47.5,0.866,2,18,0,1268.125,28.375,0.25,0.5
"<a href=""https://tiktok.com/@user50065457091245"" target=""_blank"">@user50065457091245</a>",14,6,63.727,1,1,11,0,5763.833,75.5,1.333,12.667
"<a href=""https://tiktok.com/@user5107401810761"" target=""_blank"">@user5107401810761</a>",85,6,56.537,0.941,9,101,0,3578.833,95.333,4.833,20.5
"<a href=""https://tiktok.com/@user5626060056906"" target=""_blank"">@user5626060056906</a>",1,10,57.114,0.919,13,139,0,2710.7,178.3,2.9,7.9
"<a href=""https://tiktok.com/@user59010441107517"" target=""_blank"">@user59010441107517</a>",14,8,50.542,0.944,2,25,0,2372.375,37.25,0,1.75
"<a href=""https://tiktok.com/@user6139676160240"" target=""_blank"">@user6139676160240</a>",37,6,50.778,1,1,9,0,1249.833,56,0.5,2.167
"<a href=""https://tiktok.com/@user6186701630842"" target=""_blank"">@user6186701630842</a>",15,8,45.5,0.926,3,34,0,1867.125,41.875,1,3.25
"<a href=""https://tiktok.com/@user66946725172477"" target=""_blank"">@user66946725172477</a>",37,6,50.778,1,1,9,0,908.5,39.5,0.667,1.5
"<a href=""https://tiktok.com/@user6922385284275"" target=""_blank"">@user6922385284275</a>",1,8,52.817,0.889,2,22,0,1603.625,70.5,1.375,2.125
"<a href=""https://tiktok.com/@user7166160034825"" target=""_blank"">@user7166160034825</a>",16,7,47.889,0.833,1,9,0,2539.429,38.286,0.143,2.714
"<a href=""https://tiktok.com/@user7605976152392"" target=""_blank"">@user7605976152392</a>",2,10,53.299,0.922,3,32,0,2161.5,58.6,0.2,1.4
"<a href=""https://tiktok.com/@user81444195333"" target=""_blank"">@user81444195333</a>",56,7,31.2,0.857,1,10,0,10347.857,208.857,6.429,4.143
"<a href=""https://tiktok.com/@user8653602093025"" target=""_blank"">@user8653602093025</a>",17,8,49.786,0.909,1,14,0,1639.625,51.875,0.875,2.875
"<a href=""https://tiktok.com/@user8794483655797"" target=""_blank"">@user8794483655797</a>",15,8,60.591,1,2,25,0,2076.25,41.5,0.375,3
"<a href=""https://tiktok.com/@user9660772417487"" target=""_blank"">@user9660772417487</a>",81,8,53.1,1,1,10,0,1286.75,49.75,0.375,0.625
"<a href=""https://tiktok.com/@user9724456321051"" target=""_blank"">@user9724456321051</a>",3,10,44.438,1,2,28,0,2926.4,76.6,0.6,0.5
"<a href=""https://tiktok.com/@username.12365478"" target=""_blank"">@username.12365478</a>",49,9,94.9,0.75,1,10,0,1083.833,50.167,8.667,1.917
"<a href=""https://tiktok.com/@username.1545465"" target=""_blank"">@username.1545465</a>",50,9,94.667,1,1,21,0,68,10.75,1.417,0.083
"<a href=""https://tiktok.com/@username.64754675"" target=""_blank"">@username.64754675</a>",50,11,94.667,1,1,21,0,41.909,5,0.909,0
"<a href=""https://tiktok.com/@usjg2117"" target=""_blank"">@usjg2117</a>",62,13,62.038,0.905,3,44,0,1033.867,52.2,0.533,1
"<a href=""https://tiktok.com/@uxudhqnbwmws"" target=""_blank"">@uxudhqnbwmws</a>",86,6,35.111,1,1,9,0,965.333,71.167,1.667,9.667
"<a href=""https://tiktok.com/@v.if77"" target=""_blank"">@v.if77</a>",27,8,38.85,1,2,21,0,2027,58,0.125,0.125
"<a href=""https://tiktok.com/@vaigg0"" target=""_blank"">@vaigg0</a>",39,9,53.61,0.933,3,34,0,3262.556,137.222,4,18.444
"<a href=""https://tiktok.com/@vdjdidu4"" target=""_blank"">@vdjdidu4</a>",81,6,38.4,1,2,20,0,1718.167,59.5,1,1.167
"<a href=""https://tiktok.com/@verity.holland"" target=""_blank"">@verity.holland</a>",3,10,36.038,0.929,2,26,0,1658.1,72.1,1.7,0.6
"<a href=""https://tiktok.com/@vghf668"" target=""_blank"">@vghf668</a>",16,8,51.444,0.833,2,18,0,1212.875,55.25,0.25,0.125
"<a href=""https://tiktok.com/@vitsu.alec1"" target=""_blank"">@vitsu.alec1</a>",48,5,55.207,0.857,2,20,0,4187.8,102.6,4,1.6
"<a href=""https://tiktok.com/@vjed.dyay"" target=""_blank"">@vjed.dyay</a>",36,6,58.611,1,2,18,0,1185.333,63,0.667,0.833
"<a href=""https://tiktok.com/@vomfir2"" target=""_blank"">@vomfir2</a>",31,8,40.909,1,1,11,0,15441.25,570.25,3.625,1.5
"<a href=""https://tiktok.com/@vshwiy2868"" target=""_blank"">@vshwiy2868</a>",29,8,49.692,0.873,2,22,0,473.556,10.111,0,0
"<a href=""https://tiktok.com/@vxkaw3274"" target=""_blank"">@vxkaw3274</a>",70,5,48.156,0.898,5,48,0,1685.4,65.6,0.4,0.4
"<a href=""https://tiktok.com/@walcs4238"" target=""_blank"">@walcs4238</a>",70,6,47.759,0.91,6,57,0,822.5,18.5,0.333,0.5
"<a href=""https://tiktok.com/@walke.lowe"" target=""_blank"">@walke.lowe</a>",54,9,34.783,0.931,3,41,0,16194,162.556,2.333,3.333
"<a href=""https://tiktok.com/@was07252"" target=""_blank"">@was07252</a>",42,9,52.889,0.875,1,9,0,6917.833,143.417,4.583,0.75
"<a href=""https://tiktok.com/@wbakf3819"" target=""_blank"">@wbakf3819</a>",74,5,60.803,0.875,2,20,0,273,5.6,0,0
"<a href=""https://tiktok.com/@wede35"" target=""_blank"">@wede35</a>",47,13,58.204,0.865,10,148,0,1898.846,63.385,0.385,0.385
"<a href=""https://tiktok.com/@wevbocr"" target=""_blank"">@wevbocr</a>",71,9,13.875,1,1,16,0,2448.778,47.333,1.222,0.222
"<a href=""https://tiktok.com/@wgslhe"" target=""_blank"">@wgslhe</a>",59,9,67.548,0.981,6,99,0,841.889,27.444,0.111,0.667
"<a href=""https://tiktok.com/@whcks2274"" target=""_blank"">@whcks2274</a>",70,3,34.389,1,2,18,0,1109,26.667,0.333,0
"<a href=""https://tiktok.com/@wiqg8225"" target=""_blank"">@wiqg8225</a>",62,11,76.844,0.917,1,32,0,582.929,31.786,0.286,0.214
"<a href=""https://tiktok.com/@wive0570"" target=""_blank"">@wive0570</a>",61,12,77.661,0.938,2,41,0,883.4,33.267,0.267,0.8
"<a href=""https://tiktok.com/@wndla4862"" target=""_blank"">@wndla4862</a>",70,3,30.167,1,2,18,0,819.667,28,0.333,0.333
"<a href=""https://tiktok.com/@wnxlr7248"" target=""_blank"">@wnxlr7248</a>",70,9,43.553,0.928,5,61,0,2747.667,63.889,3.111,0.111
"<a href=""https://tiktok.com/@wojta.or"" target=""_blank"">@wojta.or</a>",28,10,41.9,1,1,10,0,1499.2,62.4,0.6,0.2
"<a href=""https://tiktok.com/@woshilongaotian"" target=""_blank"">@woshilongaotian</a>",84,5,16.4,0.857,1,10,0,1647.6,77.8,5,5.6
"<a href=""https://tiktok.com/@woyaofadacai0"" target=""_blank"">@woyaofadacai0</a>",85,6,71.861,0.908,4,43,0,1863.5,79.833,6.833,1.667
"<a href=""https://tiktok.com/@wroe.edith6"" target=""_blank"">@wroe.edith6</a>",48,4,64.444,0.714,1,9,0,2711.75,53.25,0.5,1.5
"<a href=""https://tiktok.com/@wss042"" target=""_blank"">@wss042</a>",42,10,52.889,0.875,1,9,0,2391.857,127.786,2.786,0.571
"<a href=""https://tiktok.com/@wss1066"" target=""_blank"">@wss1066</a>",41,7,58.111,1,1,9,0,3008.5,102.25,0.4,2.625
"<a href=""https://tiktok.com/@wuge2639"" target=""_blank"">@wuge2639</a>",62,13,77.356,1,3,49,0,341.714,11.857,0,0.143
"<a href=""https://tiktok.com/@xbhyudvqeq2lki"" target=""_blank"">@xbhyudvqeq2lki</a>",85,5,45.848,0.766,3,28,0,719.8,26,3.2,11.8
"<a href=""https://tiktok.com/@xbnrp3166"" target=""_blank"">@xbnrp3166</a>",74,5,58.545,0.889,1,11,0,31091.6,1084.6,6,73.2
"<a href=""https://tiktok.com/@xbsijs1"" target=""_blank"">@xbsijs1</a>",78,8,57.778,1,1,9,0,1482.75,63.5,0.875,0.875
"<a href=""https://tiktok.com/@xchinaqueen5"" target=""_blank"">@xchinaqueen5</a>",51,11,88.576,0.909,1,33,0,696.917,43.75,4.583,1.417
"<a href=""https://tiktok.com/@xchinaqueen6"" target=""_blank"">@xchinaqueen6</a>",51,10,88.576,0.909,1,33,0,69.917,5.417,0.333,0.167
"<a href=""https://tiktok.com/@xhnle4779"" target=""_blank"">@xhnle4779</a>",78,11,47.707,1,2,20,0,1400.909,37.727,0.091,0.455
"<a href=""https://tiktok.com/@xihz9643"" target=""_blank"">@xihz9643</a>",67,11,47.933,0.944,3,46,0,696.727,26.364,0,1.455
"<a href=""https://tiktok.com/@xlhxhlxlh8"" target=""_blank"">@xlhxhlxlh8</a>",70,8,45.29,0.922,9,92,0.001,8468.375,451,5,1
"<a href=""https://tiktok.com/@yang_reddit"" target=""_blank"">@yang_reddit</a>",80,8,21.889,1,1,9,0,793.875,53.875,1.25,0.25
"<a href=""https://tiktok.com/@yclp.pjfg"" target=""_blank"">@yclp.pjfg</a>",36,6,63.222,1,1,9,0,808.667,30.333,1.167,0
"<a href=""https://tiktok.com/@yelm.boor"" target=""_blank"">@yelm.boor</a>",54,9,44.557,0.942,3,42,0,3069.333,54.222,1,0.889
"<a href=""https://tiktok.com/@yiitsukb"" target=""_blank"">@yiitsukb</a>",40,10,59.221,0.921,3,40,0,1906.2,107.4,1.6,0.1
"<a href=""https://tiktok.com/@yourfavtwins0"" target=""_blank"">@yourfavtwins0</a>",69,8,58.074,0.883,5,54,0,1265.5,66.25,0,0
"<a href=""https://tiktok.com/@yowbc4277"" target=""_blank"">@yowbc4277</a>",77,12,66.583,0.9,1,12,0,2687,59.333,0.167,0.583
"<a href=""https://tiktok.com/@ysishhd7"" target=""_blank"">@ysishhd7</a>",39,9,60.881,0.898,3,32,0,1761.222,126,1.333,0.222
"<a href=""https://tiktok.com/@ytrq8081"" target=""_blank"">@ytrq8081</a>",63,15,82.537,1,3,85,0,1127.067,61.6,0.8,0.4
"<a href=""https://tiktok.com/@zbdkc3664"" target=""_blank"">@zbdkc3664</a>",70,6,36.222,1,3,27,0,208.5,6.333,0.167,0
"<a href=""https://tiktok.com/@zsdx184"" target=""_blank"">@zsdx184</a>",47,11,53.225,0.909,10,181,0,8959.818,109.455,0.727,1.364
"<a href=""https://tiktok.com/@ztctmxt"" target=""_blank"">@ztctmxt</a>",71,9,13.875,1,1,16,0,1740.444,91.667,1.556,0
"<a href=""https://tiktok.com/@zvdkadppdgan"" target=""_blank"">@zvdkadppdgan</a>",87,6,51.861,0.938,2,19,0,1644.833,60.167,1.667,5.333
"<a href=""https://tiktok.com/@zxvb736"" target=""_blank"">@zxvb736</a>",47,12,55.582,0.89,10,192,0,7710.333,103.417,0.417,0.917
"<a href=""https://tiktok.com/@zyvk.yaoo"" target=""_blank"">@zyvk.yaoo</a>",90,9,66.462,1,1,13,0,4920.333,38.667,0.333,14.889
