"Network","Number of Accounts","Network Density","Network Diameter","Clustering Coefficient","Avg Views","Avg Likes","Avg Comments","Avg Shares","Member Accounts"
1,17,0.426,32,0.597,3488,119.069,1.569,3.881,"irdc042, fughf21, jdpdosj, be.jkigv, jsosjxj8, jtcytxyzey, jfufrehcdh, chantalkusch, quincyshop08, krug011, luisina.riihimaki, ubhutfrx, user5626060056906, jdpxorjf, hcodifb, bmc12655, user6922385284275"
2,9,0.472,32,0.545,3352.092,109.391,0.908,8.678,"fduic5, aedhdjcoof, aedgslpxjx, fcjjv86, gduhx01, lxjjc, sharleen.howard, shgj33, user7605976152392"
3,3,1,16,1,2051.667,70.3,1.3,0.633,"cbjf05, user9724456321051, verity.holland"
4,4,0.833,22,0.75,2389.368,83.658,0.842,0.947,"aedhdici, aedyckctu, fauy8466, jfdd653"
5,2,1,9,0,1957.688,53.688,1.125,1.25,"tkfjfjjrj, eb.bg7"
6,3,0.667,20,0,4362.5,124.833,1.958,4.875,"uiavao.bskvai, ggg.hgfc, sjjssjs151"
7,3,0.667,23,0,8287.652,242.522,2.565,2.348,"miss.bordner, hullen.nguyen, ayden.riverad"
8,9,0.389,46,0.417,1134.305,24.634,0.39,1.22,"camilo.austin5, jann.jacobs, jeffrey.hettinger, marisol.rath, lawrenceharvey54, mong.khuu, ulrikesteuber, nfyk.emma, marjoriecarrie0525"
9,2,1,10,0,30808.273,3104.727,90.909,801.091,"lkur501352, qazwsx8014"
10,4,0.833,19,0.75,7813.146,86.366,1.707,7.024,"pov476pov, redditpov6, karlamoran19677, texting592"
11,2,1,9,0,923.3,25.4,0.6,0.3,"jjdjdd911, shfjjg4"
12,4,0.833,19,0.75,829.448,38.552,0.483,1.621,"cjgbkbl, fijficvk, hajhsh12, liyyyang"
13,2,1,9,0,1426.8,62.7,0,0,"huanlyg, gjgkho8"
14,3,0.667,25,0,3408.524,56.143,0.762,8.667,"user50065457091245, user19468614708518, user59010441107517"
15,4,0.667,24,0.6,1619.656,32.469,0.812,3.656,"user2903556969068, user386963311513, user6186701630842, user8794483655797"
16,3,0.667,18,0,1699.609,39.13,0.348,1.783,"user4181021201798, user7166160034825, vghf668"
17,2,1,14,0,1639.438,45.438,0.5,2.375,"user8653602093025, user2932993437321"
18,7,0.714,23,0.709,957.87,41.435,0.116,0.319,"scoolpodcast, ojbkhhh2, funny.podcasttop, jg.vj19, dadd.dhh7, hotcool586, sidjjd79"
19,7,0.476,29,0.48,1143.226,33.468,0.919,1.984,"msfsgvsvcsdfsadsa, ale2r35, fevkuiq, alejkityuoo, ale383279, anpebsaxgu9, rrwtqoji8v5"
20,2,1,13,0,5504.833,208.667,6.444,25.833,"bsbwphji4xu, buslmigf7dn"
21,2,1,10,0,619.579,20.211,0.158,0.211,"ayipald, aleaa0249"
22,7,0.381,43,0.545,1692.81,43.841,1.254,2.667,"mfoxkcpjsoesmpki, luet671136, exmz856041, hlnvan42749s, niyztc36975, user4812092703961, scndqxjyehg"
23,3,1,13,1,954.85,30.5,0.05,0.35,"etuo.uop, fujgds.guio, guoonn.hkp"
24,2,1,10,0,718.8,13.9,0.3,2.7,"leila.fernandes.c2, amanda.silva.barr4"
25,2,1,9,0,1586.333,39.8,0.467,0.4,"gfg6705, berez.paulo"
26,5,0.6,26,0.545,1071.056,25.444,0.25,0.139,"sug7994, shuy742, bsih75, carbloggera, todaysfriendshow4"
27,3,1,13,1,1527.6,63.52,0.36,3.84,"v.if77, hdbjx72, fhvf210"
28,2,1,10,0,1632.81,54,0.429,0.095,"j.uv586, wojta.or"
29,3,1,13,1,756.64,23.72,0.24,0,"bsjj8797, shuj977, vshwiy2868"
30,2,1,9,0,2060.538,49.077,0.308,1,"pxibi018, hsbuz8"
31,2,1,11,0,8703.438,304.438,2,0.75,"vomfir2, olrsyrt7"
32,8,0.321,39,0.353,3169.479,177.775,2.958,2.746,"hdryxd, dtkwod, stoyouh, landscape5670, rohingyao, cagnhd, huiodjio, sdsdyou"
33,2,1,11,0,2423.947,114.053,1.526,0.895,"sasapco, crtyougo"
34,2,1,9,0,4679.056,172.444,3.444,6.278,"shvchjds, fjjgdvx"
35,2,1,9,0,537.667,11.75,0.083,0,"user16909390140293, kungyhunksd"
36,3,0.667,18,0,897.944,40.722,0.833,0.556,"user44761426985968, vjed.dyay, yclp.pjfg"
37,2,1,9,0,1079.167,47.75,0.583,1.833,"user66946725172477, user6139676160240"
38,6,0.467,22,0.429,7736.672,92.138,1.345,1.586,"aed75787, aed3660, akkaanav.risksjsg, aeda1689, debran.oxonrp00, hoeg.huan"
39,5,0.7,27,0.8,1935.792,112.5,1.604,4.188,"chdg050, user3154950400581, gfjch34, vaigg0, ysishhd7"
40,10,0.422,38,0.724,2832.859,101.706,1.918,3.082,"prtnr8, gutieyy7, rosacasey65, yiitsukb, geievertu8, cx.b28, gf.nj97, fjyukfjjf, djm9r, hdidkser0"
41,2,1,9,0,151723.722,6712.056,91.917,65.389,"jianggushi40, wss1066"
42,2,1,9,0,4480.769,135,3.615,0.654,"was07252, wss042"
43,2,1,9,0,169227.714,7938.714,33.857,36.429,"g86bavbbw, fygdjasnu0"
44,2,1,9,0,720.571,35.571,0.5,0.214,"laim1073, bawangchaji6"
45,2,1,9,0,2743.938,115.312,1.438,2.375,"hec88551nva, texthsg"
46,2,1,9,0,2999.9,99.4,2.7,4.9,"eudazpstrvf, danaobenkuil"
47,11,1,30,1,7318.214,159.05,1.007,2.393,"jvhb240, aed0267, iiuu553, jvtvc3, cfdc18, aed2750, wede35, dthh824, zsdx184, jajsjsn56, zxvb736"
48,5,0.5,24,0.375,3292.6,68.44,1.2,0.92,"battl.kray, lawgray3, vitsu.alec1, benedossie2, wroe.edith6"
49,4,0.5,53,0,796.96,65.86,4.74,1.52,"china_cutegirl22, sumroo.786, chuma_g1, username.12365478"
50,2,1,21,0,55.522,8,1.174,0.043,"username.1545465, username.64754675"
51,2,1,33,0,383.417,24.583,2.458,0.792,"xchinaqueen5, xchinaqueen6"
52,2,1,12,0,2301.733,120.867,2.267,4.4,"skunk.robinsong, drape.ivoe"
53,2,1,10,0,1536.292,39.458,1.125,1.125,"liliana.owyngk, tri.nguyenw"
54,5,0.7,20,0.8,6612.542,86.833,2.125,1.667,"cuc.thu243, walke.lowe, phong.ngoc76, cxd.shd, yelm.boor"
55,2,1,9,0,4672,82.421,4.158,0.895,"niyebuya, dddgggg63"
56,2,1,10,0,11743,224.467,6.6,2.6,"markryan688, user81444195333"
57,3,0.667,25,0,2959.379,39.724,1,1.069,"ilges.estelwei, juliosalazar229, sun.lilym"
58,3,1,12,1,1819.25,49.357,0.5,1.143,"carlos.alberto.al886, aseng.haymong, lanora.haskely"
59,27,0.171,78,0.481,566.795,16.735,0.078,0.151,"echrca, ojkmss, objlhmtjemu, fjmphu, ntpblw, gclqse, puhrra, bpgarp, pbpktw, eqmhqf, idpeoc, bipiqo, hltuoq, hidouo, iupkvg, qigqtm, lhqitc, arffug, ujrrrsq, fsaftn, hdmjwo1, tiwakp1, prbnac, dtbtcc8, user33450120083591, sqifhw, wgslhe"
60,7,1,27,1,1172.161,62.839,0.355,0.28,"khfbou, ciojkb, hojdmc, kubjij, reddit_grayson99, qdcieh, reddit_hunt"
61,3,1,25,1,840.159,24.25,0.295,0.682,"bkot6010, fhxk1941, wive0570"
62,10,0.244,149,0.353,582.743,24.979,0.236,0.306,"isge0853, tetel4962, isgs5669, susv0936, isce0690, usjg2117, givi0331, wiqg8225, tugx2917, wuge2639"
63,6,0.8,46,0.789,1381.186,50.523,0.581,0.535,"ghhj8554, bvoo3130, fhda78402, dijx3903, okay11732, ytrq8081"
64,4,1,36,1,1020.117,48.65,0.233,0.35,"jccj44506, eiej4325, drgd8391, jkuy0534"
65,6,0.733,18,0.75,688.697,32,0.788,0.121,"fiurf9599, hgsa33741, gits5263, hdha0995, jiqw8344, jwhe5192"
66,7,0.524,60,0.577,1134.196,37.294,0.27,0.294,"ufsc8075, cjur6297, fkir2290, cjire9104, dhhi6645, hehs5037, urdu9708"
67,4,0.833,24,0.75,1797.386,63.773,0.125,1.523,"gjguq6894, fnnf8890, clirr5282, xihz9643"
68,3,1,18,1,1802,72.278,0.611,1.111,"coirf88774, courr1227, gour2295"
69,18,0.261,65,0.55,1389.493,65.507,0.672,0.425,"djisks96, cnatk3189, kacbr2774, bxuzba, bxjzjsns0, avelina.asucen, cjdjfcn, hdvhds4, ndork4782, g.in.cgn, hxjdsj34, snoshsj, ncsfo3287, hzhdhs, ncjfhyrsdj, bxjxhxt, duuff30, yourfavtwins0"
70,17,0.243,42,0.493,2457.455,88.273,1.182,0.293,"roselent02103, zbdkc3664, vxkaw3274, acsge1347, walcs4238, abxke8499, xlhxhlxlh8, 1yrogls, opgse4909, wnxlr7248, bxkke4723, fkird5848, qvcka2481, findjfd, anxkr2491, wndla4862, whcks2274"
71,2,1,16,0,2094.611,69.5,1.389,0.111,"wevbocr, ztctmxt"
72,2,1,14,0,1373.471,72,1.294,0.412,"nqkwvc, maemeg7"
73,3,0.667,24,0,8610.958,384.458,4,1.167,"fteecfs, nhllos8, leoraf9"
74,5,0.5,36,0.5,5203.077,177.667,0.949,9.795,"anxdo3188, 1qwdjjd, touab4277, xbnrp3166, wbakf3819"
75,3,0.667,21,0,15486.407,409.074,5.037,2.296,"pdilul, htjzwe4, refine74"
76,4,0.667,27,0.6,51001.077,2564.154,9.051,21.103,"evfdmzl, bixukf, awmilke, kdywnty"
77,2,1,12,0,2302.9,79.7,0.1,0.45,"yowbc4277, bakaf3280"
78,3,0.667,20,0,1152,37.862,0.31,0.414,"ducwk5858, xhnle4779, xbsijs1"
79,3,0.667,24,0,16537.957,565.826,7.522,1.696,"hwvrok, ljpjvh, oljclk"
80,2,1,9,0,1085.308,66.538,0.923,0.462,"dhdjuehiehrh, yang_reddit"
81,7,0.333,38,0.273,46724.412,1477.412,48.569,353.98,"ifjch4, hdicok57, user9660772417487, hfigi61, kfcn21, aediubt, vdjdidu4"
82,4,0.5,28,0,4557.364,220.045,21.727,41.909,"labubushiping51, baobaobao7183, ancmleilrbge, cxlpodwzefzoe"
83,7,0.333,40,0.3,2580.667,76.128,7.179,3.615,"dddunkkftacnib, baoqianwan11, fbdkmikardr, huoqilaiya, baobaiwan888, labubu5252, baomeijing67"
84,2,1,10,0,13854.727,226.818,13,12.182,"solhvsnhwilbg, woshilongaotian"
85,13,0.5,30,0.665,2247.312,77.091,3.156,8.662,"svpmrjwfqvu2oj, gvcchh3457, hhgghj8866, okhgf567, user5107401810761, jfodxgajsjijpd, uehjkb3487, bxecxotdjfrvi, woyaofadacai0, cbnhf5680, ihgg5672, fgjbgf4688, xbhyudvqeq2lki"
86,2,1,9,0,983.167,65.417,1.583,7,"hryfeucmuql, uxudhqnbwmws"
87,6,0.667,20,0.692,1621.618,77.794,3.353,7.676,"pfigfwdyh2huxc, skgetbys2egi6e, hjbfgj67, nmkv7803, sunnybarrows, zvdkadppdgan"
88,2,1,10,0,2988.333,66.917,0.833,7.417,"user35634735100156, user3909252607556"
89,2,1,11,0,2267.929,27,4.036,0.643,"injjzxvr, mmhpbybt"
90,3,0.667,23,0,3177,30.731,0.769,11.462,"uoxu.wcbk, hnxy.seym, zyvk.yaoo"
91,3,1,15,1,2546.444,22.741,0.407,17.741,"chzk.uvuw, eumb.pcdw, symg.ynyp"
92,4,1,13,1,2431.833,24.625,0.208,5.792,"czhc.bkyd, oxkympku, ccvoyrnu, scqf.cvdv"
93,2,1,12,0,1458.737,29.263,0.632,1.263,"gabriele.weber5, kellie.perry2"
94,2,1,10,0,8741.6,73.533,2.667,0.667,"manoj00764, mee00819"
95,3,1,14,1,2523.222,18.556,0.778,0.278,"dheelquiet, dukes.cadenhead, onel.ellamae"
96,4,0.5,38,0,21605.531,155.219,3.312,1.406,"huydhfhyyxd, loertschercalliso, mariencassano, rfgfghf1"
97,3,0.667,21,0,1564.375,31.375,1.333,3.875,"aed3496, fgsfgx, szgrss3"
98,4,0.667,18,0,3689.857,70.286,4.286,4.714,"lnppoe, reddit_ignatius8, djjehokxtu2, shbsdd2"
