"Network","Number of Accounts","Network Density","Network Diameter","Clustering Coefficient","Avg Views","Avg Likes","Avg Comments","Avg Shares","Member Accounts"
1,9,0.389,31,0.553,3102.43,85.267,1.279,1.233,"housn103, uosnatiahwk, bdoci6, yeifb0, ubf084006c, geujcc, ggdcxg1, gisela.lipke, aedjdpckd"
2,4,1,12,1,1083.882,62.647,0.618,0.794,"user190472852374, xx16682, ihihgi1, zg.hcugystsxy"
3,7,0.333,32,0.273,5128.737,107.912,1.526,1.877,"cirila.mccorkle, aedhdici, aedyckctu, hdr86575, fauy8466, anaxagoras.harlen, user9724456321051"
4,3,1,14,1,1234.167,48.367,0.667,0.233,"cbjf05, jdkckcj2, verity.holland"
5,2,1,7,0,1519.333,43.222,0.833,1.722,"jhff96585, user5203530187060"
6,2,1,9,0,1876.75,150.375,0.938,2,"gxiiff3, craig.harrell0"
7,3,0.667,15,0,3316.875,61.542,1,0.625,"lamr351, guu34210, cxf.hgv5"
8,2,1,7,0,1939.25,103.5,1.312,0.5,"tduuugwt, vdkfofu"
9,2,1,7,0,1445,98.625,1.375,0.375,"idhd139, fsjoxkf"
10,2,1,7,0,1307.4,66.6,0.4,2,"fcjjv86, shgj33"
11,2,1,12,0,1745.053,59.526,0.474,0.211,"hbvvf739, idgc38"
12,2,1,9,0,1720.231,104.615,1.077,0.615,"hugo.adams2, jana.french"
13,3,0.667,18,0,4548.095,138.095,1.571,0.667,"shdj1431, user2201058539802, user31313825076752"
14,10,0.222,59,0.231,39125.455,1109.403,10.234,9.896,"tray.ray75, aedjxpxodj, bsbsbsvsv44, fjvfjk4, user9545613515904, geifocve, maryreynolds112, bfc.hff, carmen.vega355, user1045942439949"
15,2,1,8,0,14573.071,523.714,5.571,4,"fhchf25, fichfj1"
16,2,1,8,0,1151.077,75.385,0.846,0.308,"fhjkllf, huaza756"
17,2,1,8,0,3952.583,75.333,1.167,7.75,"user1203613923425, user8847609801518"
18,2,1,8,0,3105.769,58.615,1.615,3.538,"user7361651570203, user7166160034825"
19,2,1,9,0,5051.2,101.533,1.4,7.6,"user8794483655797, user2932993437321"
20,2,1,7,0,637.438,7.438,0.438,1.188,"user6352061598533, user28262256319433"
21,2,1,7,0,754.846,25.385,0.154,0,"gkkfykjb, cifgoo"
22,10,0.289,31,0.417,711.256,28.817,0.378,0.378,"adhhrrt, huanlyg, kgkghkv, bkvhf1, fijglhhj, ifkvkvo, kcdcbdohhqd, cymorervl98, tdzgwsilerv, zzhjdj4"
23,3,0.667,16,0,1044.15,33.3,0,0.65,"cjgbkbl, lojzsviu, rhhowjqwczo"
24,4,0.833,15,0.75,695.742,27.032,0.419,0.258,"xnjjehj, jkdkj, dlakhjx, igdigsdp"
25,2,1,7,0,551.647,20,0.294,0.176,"gigigjj, chkchifofo"
26,8,0.286,37,0.3,586.896,25.729,0.208,0.042,"hootchxs, jffihofff, yoayoayanyan, mawtxjozdqh, delwyjlkjct, nksxkskcf1y, odscejmn6jy, ejiqxbchntr"
27,2,1,7,0,1989.125,86.375,0,1.875,"goodbye17507, hockey2840"
28,6,0.467,22,0.429,589.241,16.207,0.103,0.034,"if.en.is.fam, skkfdxh, wjjvuejnth4, fqcsrnytjf8, jwsgomkrriy, bjgpfoucyaj"
29,3,0.667,15,0,1220.412,30.412,0.294,0.706,"ohchocx, xzhppypnq7b, yun.wu15"
30,2,1,8,0,388.6,10.3,0.1,0.1,"hfjjkgi4, ugikbk4"
31,4,0.5,15,0,417.583,19.708,0.25,0.208,"liyohuang, nquvwpsdcj4, tqhyxljd6w8, user92268445842614"
32,2,1,8,0,1296.625,29.75,0.625,0.875,"now0849, zhiuud974000"
33,6,0.4,23,0.333,913.917,25.639,0.083,0.389,"dyhjldcdesm, iaehhjzz2v2, amywendy19961, gztymhjjw4m, antoinetteboone25, suoxin2"
34,2,1,7,0,640.364,20,0.364,0.545,"fgukxryf5ua, vsethpos2k5"
35,6,0.333,31,0,2182.31,145.81,1.31,0.571,"ryllskaya.reddit, ksndfmggf, djbdjfjff, ryllskayaqing, 6dhbgbvuyqw, wefyugu"
36,3,1,8,1,1614.773,125.364,1.045,3.591,"prtnr8, rosacasey65, djm9r"
37,5,1,13,1,26369.486,647.919,24.514,224.838,"ididu034, gubwos, user3154950400581, user7080026610324, ysishhd7"
38,6,0.8,17,0.846,17404.2,662.444,6.022,8.267,"chdg050, user2810315813972, vaigg0, yiitsukb, kbpsjd, hpcfh"
39,5,0.6,17,0.6,4062.85,131.8,1.875,1.025,"kdhdh1314, geievertu8, fjyukfjjf, cx.b28, hdidkser0"
40,2,1,7,0,8952.55,262.1,2.95,2.7,"cjdfsgp, texthsg"
41,6,0.333,34,0,4098.981,151.346,3.923,3.077,"svjscsh, shvchjds, wotext, satsyou, stvhfhj, you.texts"
42,6,0.933,18,0.923,2260.435,131.109,3,1.413,"crtyougo, dtkwod, ktsfyh, text778, text.fc, textstory781"
43,12,0.545,22,0.603,2563.368,129.509,2.465,1.404,"stoyouh, xxii911, texts178, sasapco, rohingyao, cagnhd, landscape5670, bsbseuo, hdryxd, weck01, hxavnxh, sdsdyou"
44,3,0.667,18,0,886.714,37.143,1.2,1.086,"fhkundshunk, lin689668987, user16909390140293"
45,4,0.5,19,0,5457.179,64.214,0.679,1.643,"ngoc.ho078, linh.dang743, thienle4369, tuyen.nguyen5316"
46,3,1,16,1,1938.077,75.615,1.462,3.269,"khanh.dao61, nhi.vo585, thuc.nguyen2010"
47,2,1,7,0,1226.462,57.385,3.538,5.231,"rubin.mervy8, nhienchau41"
48,5,1,18,1,2504.595,79.571,0.571,0.905,"jvtvc3, gooj806, user3436197788624, zsdx184, zxvb736"
49,6,0.6,24,0.682,6330.06,155.52,1.86,32.7,"jajsjsn56, aed2750, dthh824, sijh37, aed0267, jvhb240"
50,4,0.5,42,0,4275.185,245.968,11.355,5.315,"airplandriver120, china_driver_150, amazing_seeet120, cute_chumi_girl208"
51,2,1,13,0,410.333,63.167,6.333,1.056,"china_busderiver_121, cutebaby_driver120"
52,5,0.5,41,0.429,953.469,63.656,5.417,2.146,"xchinaqueen5, king_queengg0, china_deriver_0, xchinaqueen1, xchinaqueen8"
53,2,1,8,0,1798.933,79.667,6.4,11.867,"bowro.jpp, labon.marenm"
54,2,1,8,0,1526.211,115.684,0.526,0.526,"stien.lindag, dell.oswink"
55,3,1,11,1,1964.741,74,1.481,2.222,"skunk.robinsong, ellin.lyndsd, fody.noachp"
56,2,1,8,0,2366.438,157,2.312,2.375,"djdinh4, user000597728"
57,3,0.667,19,0,1985.087,110.913,1.348,0.957,"krissi.jamecia, chvchj5, ttt46024"
58,4,0.833,16,0.75,1602.129,122.419,1.29,1.419,"jduyfjh, djsisidh, jfjjfhk8, kfusj3"
59,5,0.4,31,0,1459.154,97.282,1.949,1.256,"luggyi, mahasawatzke, nandan.hirsch, monika.budimir0, osiel.louis"
60,2,1,8,0,1455.312,92.188,2.75,1.188,"iryxh4, odigkxh"
61,2,1,7,0,1318.375,56.125,0.688,1.938,"hieu.lep, monta.karlak"
62,2,1,9,0,2660.467,59,1.933,4.467,"aseng.haymong, houri.enriqk"
63,3,0.667,14,0,6381.062,240,62.375,413.938,"sun.lilym, lanora.haskely, carlos.alberto.al886"
64,2,1,7,0,570.111,16,0.889,0.111,"jvdrg3, amkgvx"
65,2,1,8,0,1155.545,73.636,7.182,4.091,"user7552715418111, xuexi52"
66,2,1,9,0,1234.1,94.2,7.9,10.6,"rvfdcpqmerituj, cbnhf5680"
67,2,1,8,0,1551.786,95.714,5.143,5.714,"user5107401810761, feelforc0o0676"
68,2,1,8,0,1078.455,84.273,5.182,12.545,"xbhyudvqeq2lki, shaunpearson226"
69,5,0.5,25,0.5,4090.625,126.219,8.156,12,"svpmrjwfqvu2oj, gvcchh3457, uehjkb3487, hlwndewrweqh, yppynsqgmqt"
70,2,1,8,0,2040,131,5.643,9.357,"hhgghj8866, mamaepzkynvd"
71,5,0.7,17,0.8,1235.75,94.219,0.812,1.5,"gabriele.weber5, mong.khuu, ianboone74, jugfrei6564, nfyk.emma"
72,6,0.667,16,0.667,1701.031,122.531,7.062,16.5,"shsjbsxbx, tybfzdwjprap, laicai.reddit, fsmcghkvdqqm, qimlobnvfopjd, yiwxjsjxpoewm"
73,4,0.5,15,0,8553.632,486.737,19.368,144.105,"qqq14107, zaicemkexkti, edvifohwepps, mina.12558"
74,9,0.306,38,0.45,19615.143,891.98,30.388,195.347,"wmlimxussfxn2n, oqdrhqzhlfeuk, bmpaebrhblwh, vybdcvhnpljsid, uxudhqnbwmws, phxagnixobfs, user3269067988455, ucakhztcmvlzwy, zhdzxzpjkqgw"
75,2,1,8,0,1993,174.5,3,16.5,"pfigfwdyh2huxc, skgetbys2egi6e"
76,2,1,7,0,13254.917,1126.083,44.083,346.25,"alexandrina.thorn, yiyayiya666"
77,13,0.987,33,0.987,822.614,58.031,0.622,0.307,"eagehh, hojdmc, dhuolt, 7alconpal, fwihnf, ciojkb, kubjij, pevkgk, qdcieh, fvijte, reddit_allen5, mfejdu, reddit_grayson99"
78,9,0.5,56,0.639,3269.59,121.781,1,1.59,"drgd8391, bvoo3130, dijx3903, fhda78402, ghhj8554, okay11732, kjuq5904, jkuy0534, ytrq8081"
79,6,0.733,26,0.75,1682.463,86.222,0.981,2.037,"eiej4325, gjhg8047, twkg9813, foot89786, dhzg1822, twvs4521"
80,4,0.667,18,0.6,614.541,51.162,0.622,0.919,"bbfh1476, pott7134, tsfh8353, yyzy8740"
81,6,0.533,22,0.529,879.904,58.518,0.422,1.133,"givi0331, isce0690, tugx2917, bkot6010, wiqg8225, wive0570"
82,5,1,11,1,2365.846,75.385,0.442,0.981,"ckief1163, glye82199, dyxh0219, rust04104, syic2117"
83,3,1,10,1,2923.677,86.839,0.71,1.129,"tijf9855, uraf9163, ymhr6933"
84,2,1,10,0,2004.286,75.524,0.857,3.619,"ifrt2705, sush0240"
85,2,1,12,0,9237.667,319.75,11.875,4.75,"dhie1905, wert2992"
86,23,0.364,31,0.642,1890.129,80.65,0.847,0.319,"jshszh6382, g.in.cgn, kacbr2774, hxjdsj34, hdvhds4, avelina.asucen, hzhdhs, snoshsj, cnatk3189, ndork4782, duuff30, ncsfo3287, 1yrogls, djisks96, nxpsa4288, cjdjfcn, gxhx514, wnxlr7248, bxjxhxt, xlhxhlxlh8, ncjfhyrsdj, bxkke4723, yourfavtwins0"
87,2,1,7,0,582.636,16,0.273,0,"11cjhggg, baxor3828"
88,4,0.667,21,0.6,472.033,30.833,0.233,0,"vakft4299, 1qwdjjd, heheb8964, yowbc4277"
89,2,1,10,0,1262.133,59.933,0.667,0.2,"bzsksk1, 41ghqq"
90,2,1,9,0,3572.818,65.273,0.636,0.727,"ljpjvh, oljclk"
91,4,0.5,19,0,722.531,35.969,0.531,0.125,"xhjsjsgd6362, 3mbfklb, cjdfndrh, 4khuik"
92,2,1,10,0,1071.733,61.667,0.533,0.2,"xbnrp3166, wlack2188"
93,3,0.667,15,0,734.913,53.087,0.478,0.217,"touab4277, jxgxi8, lancg9200"
94,2,1,7,0,1387,78.727,0.727,0.182,"pdilul, refine74"
95,3,0.667,15,0,734.353,32.235,0.176,0,"vxissvsb, meggie.y, jdjsbs94"
96,2,1,7,0,9097,459,2.545,1.727,"bixukf, evfdmzl"
97,6,0.867,15,0.867,1166.654,22.654,1.231,0.346,"joycecody, gohdr4367, bdjsbsk4, kikiiwanputra7, liaojiuyu, user3923265470"
98,2,1,8,0,12375.8,271.1,2.3,1.3,"fctjcrg9s3, qohbpksqo2"
99,2,1,7,0,843.667,61.267,0.467,0.067,"tsnck2188, adule3188"
100,3,1,12,1,1156.312,60.5,0.5,0.188,"elleigh.anton, sameerah.tare, xvjdsj5"
101,13,0.282,42,0.486,2282.987,101.244,0.795,0.397,"hds.hy, fhcgocgo, cigcgict, hzjsjs897, jxjdkssj, bdjsxn6, svjssh, hosgsg0, ciucfyictci, gdghss35, dfittf, hsbshzu0, zdogz60"
102,2,1,7,0,831.071,26.643,0.643,0.143,"chayatarabichokkh, khcvhlcgi"
103,2,1,7,0,1136.091,43.909,0.455,0.091,"jalapo42, makya.melanny"
104,2,1,7,0,3469.312,198.188,1.812,1.062,"bawangchaji6, wss0372"
105,2,1,7,0,6538.429,284.571,2.571,2,"huohuohuo665, wss042"
106,2,1,9,0,1148.941,112.412,1.294,0.294,"mvbdanqi, facailllll12138"
107,2,1,7,0,192.091,7.182,0.091,0,"ezz8b00fs6, gpq9eqz3f6"
108,4,0.833,19,0.75,500.477,8.727,0.045,0.045,"hi5s0d6sh2, mt0kwjzyf4, ap3zqhf1b9, x8up9kaef9"
109,3,0.667,15,0,2829.261,130.043,2.522,1.217,"bethany.harper8, chadwickstaudinge, duocidhd"
110,2,1,28,0,4499.56,93.88,6.96,6.64,"reddit_ignatius8, shbsdd2"
111,4,0.833,17,0.75,2387.591,112.136,1.909,0.909,"ghebdts, akksdb4, fbnggg2, nfjsk12"
112,5,0.6,24,0.6,2577.25,123.571,1.464,1.071,"gheoe8, vsuau5, gajis40, fulknm, toiyy5"
113,24,0.199,63,0.579,16138.67,624.339,5.313,5.485,"gdjdi63, hurrryu, oshasg, tessh95, jspsns3, rtikb3, dghhg372, owuhwh, hfstil3, oaisg2, cisos51, sfagnd, bjspsp, flsosi5, xvnmh8, jelejeh1, segji2, isgsjdj0, lzozi3, gysfh4, qllsks0, eyidk5, tug35587, zvjsl"
114,13,0.282,62,0.565,855.675,34.325,0.275,0.537,"bipiqo, hidouo, hltuoq, arffug, lhqitc, dtbtcc8, idpeoc, eqmhqf, rtwgui, hdmjwo1, wgslhe, ucdrmh, oaqhtd"
115,2,1,10,0,534.571,45.357,2.714,6.714,"latifnusrahshamon, redidgbxozg6"
116,6,0.533,41,0.75,725.373,33.441,1.576,8.695,"qorusfio, yaofguqvi, tusoacyi, twodgcjq, osudgiwy1, yoaisghif"
117,2,1,9,0,13738,434.9,29.8,112.4,"erdfcv65, ytcjvgjvjh.jv"
118,2,1,7,0,17550,701.8,88.5,236,"khai.nguyen418, gfkrng18"
119,12,0.424,33,0.725,8917.044,285.822,13.844,164.533,"nash.bramwell4, opal.tremaine, neil.benjamin8, alissa.coleman1, summer.king331, fv5b89fagg9o, tania.kumar67, amandadawson86, mateo.redkey, guili.kamil, ariana.aguillon32, zamuel.jeffers"
120,2,1,11,0,1065.688,72.438,3.938,15.312,"luckyli92, nanette.hauck"
121,2,1,7,0,5046.462,25,1.615,2.385,"emadarac1ti, wwss3139"
122,2,1,17,0,1575.333,13.5,2.417,0.667,"wang021223, wwww60993"
123,2,1,8,0,4920.167,21.667,0.667,2.667,"autopiumo, ribuluosse"
124,2,1,8,0,3240,280.3,28.5,46.5,"ghydfrptqsq, pakanzhz"
125,2,1,7,0,1365.727,131.636,10.273,21.364,"money.is.coming.qi2, todbatz"
126,2,1,7,0,7730.857,267.714,12.143,173.214,"darrell.breitenbe, money.is.coming.qi3"
127,2,1,8,0,41851.588,943.882,11.765,7.882,"coicbf, usixidbd"
128,12,0.212,76,0,3449.975,287.441,11.978,3.339,"gorgeousgirl268, beautiful46h, beautifulseen30, cardriving139, grilofchina, chinesebeauty39, amazingpilot2, amazingpilot0, moderngril5, modernofuk, chinna_deiver_girl0, girl_airplane112"
129,2,1,9,0,198.107,35.6,4.293,0.227,"dogsfan7, beautyqueendriver3"
130,2,1,8,0,1380.769,106.308,1.077,2.154,"bcjeibox, nkddaram"
131,2,1,14,0,536.808,1.231,0,0.058,"knl39aprh6, avafind2"
132,3,0.667,18,0,337.122,1.446,0,0.216,"mgallsharring, mgallaudio, tptk02426yr"
133,3,0.667,15,0,841.889,49.389,0.667,0.556,"ufgo85, user2328467562656, user4653779669079"
134,2,1,8,0,1420.5,81.6,1.9,0.4,"idsfgj2, gd34531"
135,5,0.4,24,0,8939.241,346.172,1.034,42.517,"fdsch1, fjbfe0, user7442840721946, user3906934941510, grsfhj4"
136,3,0.667,16,0,1002.5,44.286,1.143,4.5,"duhre5, jffhk8, tkre891"
137,2,1,8,0,693.444,45.556,0.444,0.889,"ddghj32, rugfe37"
138,2,1,9,0,382.5,15.667,0.333,0,"cc852324, gh71808"
139,5,0.4,34,0,869.667,26.333,0.267,0.2,"b0707293, g1484809, user113292506713, ggg00435, user4260031255720"
140,19,0.205,52,0.303,2201.132,161.456,11.603,22.632,"fghj3095, user33539405804153, to24123, d548930, fgvv752, rusrsuy, user5831942911597, user3884378113418, hydu454, ecbb18, bbbmm480, user5504332929509, odt614, user918416806877, umd274, r.f.f.f..e, dhdy311, user6100349282272, yfyd3444"
141,2,1,8,0,2110.25,64.875,0.875,0.875,"h891242, b762401"
142,2,1,8,0,752,52.375,0.25,0.875,"jhf536, user7813278398261"
143,6,0.6,27,0.682,5817.13,254.087,7.957,14.13,"user8282530722624, kkeiehd, gdxvj10, fg49328, is32994, weddhi0"
144,3,1,8,1,381.917,28.417,0.25,1.25,"tdiidt5, muimrli, user6881678887137"
145,2,1,8,0,1322.8,56.5,0.3,2.6,"tdchj3, tsidysitis"
146,2,1,8,0,2676.5,182.5,1.5,1.875,"user1738766581781, wjyjyw"
147,3,1,11,1,3331.789,119.263,0.632,18.211,"user70209713058765, user91103639038365, user3656084285106"
148,3,0.667,18,0,1139.556,41.111,0.333,0.778,"h8078715, user1675936058611, y089712"
149,2,1,9,0,765.667,19.833,0,0,"g5583124, gjlgcgh"
150,2,1,7,0,5062.643,108.071,1.857,18.143,"higgg813, fuhg178"
151,2,1,8,0,4911.353,101.647,0.353,1.235,"njjj7155, vhhg159"
152,2,1,8,0,3659.625,66.25,0.25,1.188,"fhhh0809, bjjgg76"
153,4,1,9,1,289285.333,35757.833,34.667,37.167,"user2831202166195, pomidorkaburton, user67020763885058, user9676004301324"
154,2,1,9,0,32181.833,914.333,0.667,2.833,"user2597559587130, user3919617098507"
155,3,0.667,16,0,692.5,39.083,0.083,0.167,"jhhghhh072, b301337, user9374426252457"
156,3,0.667,18,0,3447.3,66.7,0.15,1.15,"djkbc6, user1907312614659, user99865506204226"
157,4,1,9,1,63138.733,4485.267,5.267,10.933,"user1650053016559, user3170245291083, user4048037935198, user99230457693190"
158,2,1,8,0,692.111,53.222,0,0.222,"kys85234, kko7876"
159,2,1,9,0,3839.917,150.333,0.167,1.583,"ghfd5370, giggg43"
160,2,1,7,0,1307.667,68.167,0.167,0,"user83124349344514, user9287387878284"
161,2,1,8,0,921,71.429,0,0.143,"hhhh58061, vhgf4845"
162,4,1,9,1,1085.833,52.167,0.167,0.083,"user1863454618156, kgs2688, user3133100384457, user9254165372734"
163,2,1,8,0,2225.667,42.5,0.167,0.167,"user4121313609739, user5092428883552"
164,35,0.151,45,0.452,1794.686,87.821,0.985,5.693,"fhge82, gnsmel, uddgh081, gdustei, yurvbg2, user28840388704006, grsgh5, fdgg7273, user7049346312380, hdsy281, hdznm33, gddgh409, ibcydt, htdgji05, user5070466660023, hdsgh57, urdghi2, tsdgu3, hq12151718, hddgj83, cschh0, user5091293440265, user365125024608, user1947069783687, gkfd018, gfvhj98, tdsgjk3, fkhfe5, user4926138720922, fsdgh41, hdkte6, hhregg52, tsdhj90, hdhit79, gdxhj28"
165,15,0.257,57,0.659,2476.635,133.635,1.365,3.93,"dhfde8, user6758753838000, user152435261681, yrchj1, fhbds00, fdfhhh783, gdsgh00, hddgh331, thfds76, fsdcgg, tdfhh770, hjes877, user9921602198218, f.hd.ss, yesfg42"
166,2,1,8,0,731.875,74.625,0.125,2.5,"ffe86005, fsfhj26"
167,2,1,7,0,755,57.875,0.25,0.125,"user805002943256, itdrziz"
168,2,1,8,0,718.5,65.25,0.125,0.375,"idy8476, user8117017115753"
169,6,0.533,16,0.375,1990,95.75,0.542,1.833,"user85610256591796, dudsru, user6344766781678, gdxgh674, user6812613195119, tjvds5"
170,2,1,8,0,344.375,28.625,0.125,0.25,"jtx896, hfcvh809"
171,6,1,9,1,4790.167,18.056,0.111,0.667,"kud4001, ngs024, jkft143, user1856101144100, user2341765710300, user3188112683980"
172,2,1,9,0,706.833,16.833,0.167,0.167,"user3619013985748, user44817691810772"
173,2,1,9,0,403.167,7.5,0.333,0.167,"user4129380736161, user9446545490687"
174,2,1,9,0,258.667,7.667,0,0,"user91822739973185, user5085375918072"
175,3,0.667,14,0,1001.444,40.111,0.111,0,"khs6617, user68626315465793, user77709828483003"
176,6,0.533,20,0.2,5267.978,54.505,2,6.097,"bdkcv272, heisf127, vdysj116, tedsu529, veysa891, xiahoudun152"
177,2,1,9,0,4377.333,51.167,0.333,0,"oi35zqcbb7, oxq8jfdfu9"
178,2,1,8,0,1293.5,14.333,0.167,0.5,"luanbaom010, qiekenao02"
179,3,1,16,1,5025.69,55.621,0.172,0.31,"forwardcode423, shadrickkham, speakingspeak.464"
180,6,0.4,22,0,1084.556,52.944,0.389,1.167,"amadeus.pena, lstr.nghe7, dingmanhiga, zaiden.emerald, gusl.nlod03, user504616626"
181,3,0.667,17,0,460,21.111,0.444,0.556,"709hahajiajia77, dkdosbg, user3574808770700"
182,2,1,8,0,1431.667,43.833,0.333,0,"amayakianas, essifamb55"
183,2,1,8,0,15310.667,183.333,1.5,2.667,"hhyyut1, incrediboxmusicl"
184,7,0.476,25,0.522,129.567,5.733,0.1,0.3,"bb9xk14p94, cu5lgnfff5, oz3odbdzw9, niyusc9na5, ytuc3l02h5, rwqhveow92, z1lkv0zzv3"
185,2,1,9,0,4339.357,206.786,5.071,1.5,"dayutoureddit, fjhfjfgjchjghfhjj"
186,20,0.237,63,0.754,636.086,37.713,0.431,0.172,"dtxijq, eqxela7, ldaphc, nizbbd, ozvpix, wdjcus5, idsdyl5, wgxodu, gacbwp, tllbwg, mpypax, fqyjbw, lhzhzw, pzfjwg, calfkg, qbjqgx, rlumvi, jecxsz, zysmpbz, wihwth"
187,5,1,27,1,523.442,36.019,0.538,0.115,"cxjunn7, nzdifo, hxrbdqi, orfywp8, sypvvz"
188,5,1,19,1,581.03,34.364,0.091,0.152,"ttazpqe, tthemca, utoxwqg, nzojawm2, uwzqunq"
189,2,1,8,0,955.273,51.182,0.909,0.182,"rdfhjj0, sdff13458"
190,3,1,11,1,320.938,14.875,0.125,0.062,"rttdg3, gedg46, snkwke1"
191,4,1,12,1,318.917,14.833,0.167,0.125,"dyfv19, bryg69, hfcb106, adhbf49"
192,6,0.467,22,0.462,2890.133,91.733,2.367,4.1,"gjyg686, lijhgtji, tkgfe0, user36510656670723, gig08481, user7617569360313"
193,2,1,8,0,1007.375,53.875,0.875,1.75,"rsvjj6, tidfs5"
194,2,1,8,0,615.308,49.615,0.923,6.538,"user6245910017626, ztixti77"
195,2,1,7,0,1154.133,71.067,0.4,4.933,"reush5, user82404835347276"
196,3,0.667,21,0,2874.857,115.714,0.905,2.571,"fjgd605, gesghh2, hddgk68"
197,3,0.667,15,0,8896,39.5,1,4.917,"tebao88, duigedale3512, ttbao8866"
198,2,1,27,0,4128,44.852,1.148,0.556,"sharemusic48, user3310281972692"
199,2,1,9,0,1571.167,84,0.833,1,"dhcss7, user7672491933286"
200,2,1,7,0,2502.692,96.538,2.923,1.846,"bgcnk7, user554097349949"
201,2,1,16,0,3333.684,143.053,4.474,4.263,"fdxgh64, user2396659561621"
202,2,1,9,0,868.917,51,0.917,0.833,"gdchji82, vdghj63"
203,6,1,9,1,350.56,6.08,0.08,0,"fu445778668, fudhghvjj, hffhvufhfg, user33929699946563, user386502720312, user40937663977447"
204,2,1,9,0,44049.5,392.5,4.5,46.5,"user2795804716855, user8018436119370"
205,3,0.667,16,0,967.056,44.833,1,0.222,"onikacaylie, tahnee.katiana, truc.luong84"
206,2,1,8,0,5289.6,169.5,2.7,1,"alisia.yundt, gail.olson1"
207,2,1,7,0,15764.312,551.688,4.312,5.812,"hdicok57, hfigi61"
208,2,1,7,0,1413.125,106.375,6.375,10,"user1944276878232, user7375741469924"
209,3,1,7,1,549.889,12.778,0.111,0.111,"mike123956, wudianqi188, zhaob002"
210,9,1,8,1,74.222,0.852,0.037,0,"sf5oq09wz7, ln0e5mvy40, me5yb6aga3, htfuw4alb1, hc60ld8ho2, hcybawovq8, jyx6aob6n4, ocunit9dx1, ylnc4queq1"
211,10,0.333,55,0.6,948.171,73.014,0.429,0.771,"fkir2290, fbgg2395, coirf88774, hrsy60677, urdu9708, cjur6297, courr1227, gour2295, ufsc8075, voie3340"
212,3,0.667,18,0,1996.933,61.067,0.333,1.6,"clirr5282, gjguq6894, tiut0219"
213,4,0.667,17,0.6,852.381,49.857,0.143,0.381,"ehgw1916, gbhg9586, gjie0094, fnnf8890"
214,2,1,9,0,523.182,33.636,0.273,0.545,"cjire9104, dhhi6645"
215,2,1,8,0,11053.5,165.833,2.5,8,"laifu004, faicai007"
216,2,1,7,0,5652,112.833,0.333,0.333,"user2299791814132, user2888476868746"
217,4,1,14,1,1442.656,70.062,0.406,0.219,"reddit55549, redditstory667, pjk3357, redreddit48"
218,2,1,9,0,595.667,13.5,1.333,0.333,"acvb753, eruf327"
219,2,1,8,0,787.167,46.833,1,0.667,"ry4nsqjqx9, yke8f0ir52"
220,2,1,9,0,4164,92.5,2.333,2.5,"user3422065087878, user60955820079586"
221,3,1,9,1,337.444,24.667,0.222,0.556,"user1687759132040, user4669352812760, user775654654091"
222,4,1,9,1,1070.25,30.75,0.167,1.417,"user4012656072932, user79445820274306, user7866266194123, user2281048177876"
223,10,0.711,21,0.879,410.3,39.233,0.3,0.833,"user6593233080848, user80388395944791, user21778104529098, user19341498184722, user44932018881264, user16827767098068, user81222677378002, user173414710833, user9617936588343, user9631232586039"
224,28,0.148,50,0.338,2240.133,113.239,2.528,6.856,"user5782708460383, user767736632380, bhbtv103, ghyyusvyr, gddgj719, user6217574500806, gdfhjk51, flvfd4, dsfhu28, hdfjj91, dugfbuf, fgrdhhhj, dvhrah46, gdghu233, hjfd292, hgdeyt64, hffj8833, fhhqf62, gvfsy54, hdbtv68, user9723611225572, ueiks79, fcchj19, user912929975401, user2254187778620, gdjdj574, y976609, ydbsjqd72"
225,5,0.5,24,0.5,666.333,47.6,0.267,0.533,"hyg6783, fjfhjf182, kurkeu, ghdnei1, jfsgug3"
226,2,1,9,0,2607.3,98.5,1.6,6.2,"user3357615163181, aed2996"
227,2,1,8,0,9528.375,52.5,22.375,1.75,"cloudhza3xo, dddad380"
228,2,1,8,0,5474,15,0.333,1.167,"mgcr2yo9i6, o10kwf8wm9"
229,2,1,7,0,1887.056,84.222,1.889,0.722,"ggufff.5789, user331900693"
230,2,1,8,0,2982.4,53.1,0.3,0.8,"vanleeuwengizinsk, wolkowtiffany"
231,3,1,9,1,6671.222,183.111,1.222,3.889,"hedgh35, grsdhj1, hradh1"
