"Account","Network","Unique Shares","Avg Time Between Shares (sec)","Edge Symmetry Score","Degree","Strength","Betweenness","Avg Views","Avg Likes","Avg Comments","Avg Shares"
"<a href=""https://tiktok.com/@11cjhggg"" target=""_blank"">@11cjhggg</a>",58,6,46.667,1,1,9,0,18554.5,515.333,7,1.167
"<a href=""https://tiktok.com/@1qwdjjd"" target=""_blank"">@1qwdjjd</a>",59,9,46.777,0.919,3,49,0,1577.111,34.889,0.111,0
"<a href=""https://tiktok.com/@1yrogls"" target=""_blank"">@1yrogls</a>",51,12,59.99,0.951,12,192,0,2990.667,160.167,0.5,0.333
"<a href=""https://tiktok.com/@3mbfklb"" target=""_blank"">@3mbfklb</a>",59,11,53.731,1,3,32,0,2415.182,72.364,1,0.182
"<a href=""https://tiktok.com/@abxke8499"" target=""_blank"">@abxke8499</a>",51,9,45.609,0.888,8,97,0,572.667,8.778,0.111,0.111
"<a href=""https://tiktok.com/@acsge1347"" target=""_blank"">@acsge1347</a>",51,14,50.021,0.907,14,231,0,1175.143,20.643,0.357,0.357
"<a href=""https://tiktok.com/@aed0267"" target=""_blank"">@aed0267</a>",28,11,60.602,0.848,7,86,0,7797.385,145.077,1.231,1.615
"<a href=""https://tiktok.com/@aed2750"" target=""_blank"">@aed2750</a>",28,11,56.127,0.879,10,177,0,15184.909,173.636,0.818,2.636
"<a href=""https://tiktok.com/@aed3660"" target=""_blank"">@aed3660</a>",5,10,54.778,0.875,1,9,0,2415,84.7,0.6,1
"<a href=""https://tiktok.com/@aed75787"" target=""_blank"">@aed75787</a>",5,9,53.239,0.938,2,19,0,3669.222,83.778,1.333,1.778
"<a href=""https://tiktok.com/@aed7p4"" target=""_blank"">@aed7p4</a>",5,9,42.897,1,4,37,0,3049,100.2,1.4,1.4
"<a href=""https://tiktok.com/@aeda1689"" target=""_blank"">@aeda1689</a>",5,10,27.556,1,2,18,0,29965.2,76,0.4,2
"<a href=""https://tiktok.com/@aedgkochc"" target=""_blank"">@aedgkochc</a>",6,10,38.6,1,1,10,0,1135.2,55.1,0.4,1
"<a href=""https://tiktok.com/@aedyckctu"" target=""_blank"">@aedyckctu</a>",4,8,66.1,1,1,10,0,2359.9,87,0.6,0.6
"<a href=""https://tiktok.com/@anxdo3188"" target=""_blank"">@anxdo3188</a>",59,9,49.823,0.897,3,44,0,279.778,5.111,0,0
"<a href=""https://tiktok.com/@arffug"" target=""_blank"">@arffug</a>",40,13,74.333,0.916,5,61,0,2115.467,33.733,0,0.6
"<a href=""https://tiktok.com/@aseng.haymong"" target=""_blank"">@aseng.haymong</a>",38,10,60.455,0.8,1,11,0,1473.7,53.1,0.9,2.8
"<a href=""https://tiktok.com/@avcms3284"" target=""_blank"">@avcms3284</a>",51,8,71.217,0.894,5,50,0,718.125,12.875,0.25,0
"<a href=""https://tiktok.com/@avelina.asucen"" target=""_blank"">@avelina.asucen</a>",50,9,35.534,0.907,10,123,0,1753.778,69.667,1.889,0.778
"<a href=""https://tiktok.com/@awmilke"" target=""_blank"">@awmilke</a>",56,10,14.625,1,1,16,0,2815.4,111.9,1.6,0.7
"<a href=""https://tiktok.com/@axflw3188"" target=""_blank"">@axflw3188</a>",59,9,53.204,0.925,3,30,0,893.556,29.778,0,0
"<a href=""https://tiktok.com/@bakaf3280"" target=""_blank"">@bakaf3280</a>",59,10,51.333,1,1,12,0,1770.5,70.5,0.3,0
"<a href=""https://tiktok.com/@baxor3828"" target=""_blank"">@baxor3828</a>",60,8,47.5,0.909,1,16,0,1803.125,59,1,0
"<a href=""https://tiktok.com/@be.jkigv"" target=""_blank"">@be.jkigv</a>",2,10,63.889,0.804,2,19,0,1600.2,85.7,0.4,0.5
"<a href=""https://tiktok.com/@beaty_queen_22"" target=""_blank"">@beaty_queen_22</a>",35,18,89.558,0.75,1,43,0,1662.621,50.241,4.897,1.517
"<a href=""https://tiktok.com/@berez.paulo"" target=""_blank"">@berez.paulo</a>",11,9,40.147,0.867,2,31,0,2148.556,33.778,0.444,0.889
"<a href=""https://tiktok.com/@beyeyb4"" target=""_blank"">@beyeyb4</a>",46,9,41.667,1,1,9,0,2058.444,36.333,1.111,0
"<a href=""https://tiktok.com/@bipiqo"" target=""_blank"">@bipiqo</a>",40,17,68.016,0.973,10,173,0.002,1139.471,24.588,0.118,0.059
"<a href=""https://tiktok.com/@bixukf"" target=""_blank"">@bixukf</a>",49,10,35.958,1,2,30,0,12697,235.8,1.9,2
"<a href=""https://tiktok.com/@bmc12655"" target=""_blank"">@bmc12655</a>",3,9,69.298,0.944,2,20,0,1405.889,76.778,0.444,0.889
"<a href=""https://tiktok.com/@bpgarp"" target=""_blank"">@bpgarp</a>",40,15,61.494,0.921,6,162,0,308.056,6.778,0,0
"<a href=""https://tiktok.com/@brittanycarter1959"" target=""_blank"">@brittanycarter1959</a>",19,6,38.333,1,1,9,0,352.333,2.833,0.333,0
"<a href=""https://tiktok.com/@bsih75"" target=""_blank"">@bsih75</a>",16,5,47.22,0.917,4,59,0,702.2,15.8,0.2,0
"<a href=""https://tiktok.com/@bsyg2865"" target=""_blank"">@bsyg2865</a>",13,6,49.578,0.8,2,24,0,835.333,38.5,0.667,0.333
"<a href=""https://tiktok.com/@bvoo3130"" target=""_blank"">@bvoo3130</a>",67,12,68.195,0.933,5,122,0,2463.75,52.75,0.5,0.167
"<a href=""https://tiktok.com/@bxjxhxt"" target=""_blank"">@bxjxhxt</a>",50,6,28.8,0.896,4,42,0,1116,43.667,0.5,2.333
"<a href=""https://tiktok.com/@bxjzjsns0"" target=""_blank"">@bxjzjsns0</a>",50,9,36.62,0.905,9,101,0.001,1342.333,69.111,1.333,0.444
"<a href=""https://tiktok.com/@bxuzba"" target=""_blank"">@bxuzba</a>",50,10,41.178,0.94,9,128,0,415.3,19.1,0.2,0.2
"<a href=""https://tiktok.com/@c.ts24"" target=""_blank"">@c.ts24</a>",13,10,42.413,0.925,4,44,0,3376.7,86.2,0.5,1.1
"<a href=""https://tiktok.com/@cagnhd"" target=""_blank"">@cagnhd</a>",22,8,67.222,0.714,1,9,0,3511.8,179,11.5,1.8
"<a href=""https://tiktok.com/@camilo.austin5"" target=""_blank"">@camilo.austin5</a>",9,10,57.634,0.921,3,34,0,453.4,9,1.7,0.5
"<a href=""https://tiktok.com/@carbloggera"" target=""_blank"">@carbloggera</a>",16,6,47.807,0.897,4,63,0,696.5,19.167,1.833,2.333
"<a href=""https://tiktok.com/@carlos.alberto.al886"" target=""_blank"">@carlos.alberto.al886</a>",38,10,59.763,0.892,3,30,0,739.7,16.4,0.1,0.7
"<a href=""https://tiktok.com/@cbske2477"" target=""_blank"">@cbske2477</a>",59,11,50.198,0.92,5,55,0,2297.5,64.25,0.333,0.417
"<a href=""https://tiktok.com/@ccsszkt"" target=""_blank"">@ccsszkt</a>",25,7,67.544,0.786,2,19,0,9821.429,142.857,2.833,23.286
"<a href=""https://tiktok.com/@cfdc18"" target=""_blank"">@cfdc18</a>",28,10,54.017,0.882,9,147,0,2617.8,46.2,0.2,0.6
"<a href=""https://tiktok.com/@chdg050"" target=""_blank"">@chdg050</a>",7,9,61.167,0.958,3,28,0,1082.556,51.222,1.222,0.778
"<a href=""https://tiktok.com/@china_cutegirl22"" target=""_blank"">@china_cutegirl22</a>",35,20,88.845,0.824,3,101,0,593.552,47.207,1.966,1.517
"<a href=""https://tiktok.com/@chuma_g1"" target=""_blank"">@chuma_g1</a>",35,6,81,0.444,1,15,0,2368.294,146.824,3.765,1.059
"<a href=""https://tiktok.com/@cjdjfcn"" target=""_blank"">@cjdjfcn</a>",50,10,49.557,0.94,11,145,0,1583,113.6,0.5,0.2
"<a href=""https://tiktok.com/@cjire9104"" target=""_blank"">@cjire9104</a>",64,11,60.932,0.963,3,59,0,4393.727,92.364,0.091,1.636
"<a href=""https://tiktok.com/@cjur6297"" target=""_blank"">@cjur6297</a>",64,12,61.347,0.97,3,57,0,1391.667,45.25,0.417,0.167
"<a href=""https://tiktok.com/@clirr5282"" target=""_blank"">@clirr5282</a>",65,8,42.56,0.889,2,39,0,997.273,58.909,0.455,1.727
"<a href=""https://tiktok.com/@cnatk3189"" target=""_blank"">@cnatk3189</a>",50,8,41.631,0.909,7,82,0,1478.5,81.875,0.5,0.125
"<a href=""https://tiktok.com/@coirf88774"" target=""_blank"">@coirf88774</a>",66,6,34.333,0.833,1,15,0,596.667,26.667,0,0.167
"<a href=""https://tiktok.com/@courr1227"" target=""_blank"">@courr1227</a>",66,5,34.333,0.833,1,15,0,1845,57,3,0.2
"<a href=""https://tiktok.com/@debran.oxonrp00"" target=""_blank"">@debran.oxonrp00</a>",5,8,72.333,1,1,9,0,71427.75,1093.5,6.25,26.25
"<a href=""https://tiktok.com/@debran.oxonrp86"" target=""_blank"">@debran.oxonrp86</a>",5,9,31.056,1,2,18,0,60205.667,765.778,5.667,18.667
"<a href=""https://tiktok.com/@deep.sea_2"" target=""_blank"">@deep.sea_2</a>",44,3,51,1,3,27,0,12253,273.333,1,0
"<a href=""https://tiktok.com/@dhdjuehiehrh"" target=""_blank"">@dhdjuehiehrh</a>",62,9,59.253,0.938,2,20,0,1325.444,67.889,0.667,0.667
"<a href=""https://tiktok.com/@dhhi6645"" target=""_blank"">@dhhi6645</a>",64,12,62.349,0.911,5,96,0,1021,57.667,0.25,1.083
"<a href=""https://tiktok.com/@dianaantoinette2000"" target=""_blank"">@dianaantoinette2000</a>",20,6,56.455,1,1,11,0,42522.3,2117.9,6.7,12.5
"<a href=""https://tiktok.com/@dijx3903"" target=""_blank"">@dijx3903</a>",67,12,69.502,0.908,5,122,0,977.667,34.167,0.5,0.333
"<a href=""https://tiktok.com/@djisks96"" target=""_blank"">@djisks96</a>",50,8,42.273,0.826,7,77,0,969.25,17.5,0.75,0
"<a href=""https://tiktok.com/@djwf2904"" target=""_blank"">@djwf2904</a>",68,3,56,1,3,27,0,1007.667,43,0,0
"<a href=""https://tiktok.com/@drgd8391"" target=""_blank"">@drgd8391</a>",68,11,61.967,0.944,3,55,0,1072.727,39.273,1.182,1.273
"<a href=""https://tiktok.com/@dtbtcc8"" target=""_blank"">@dtbtcc8</a>",40,3,55,1,3,27,0,388,9,0.333,0.333
"<a href=""https://tiktok.com/@dthh824"" target=""_blank"">@dthh824</a>",28,11,56.298,0.921,11,174,0,3072.909,70.818,0.909,8.818
"<a href=""https://tiktok.com/@dtkwod"" target=""_blank"">@dtkwod</a>",22,9,33.197,0.795,2,20,0,3669.222,170.444,2.75,1
"<a href=""https://tiktok.com/@duuff30"" target=""_blank"">@duuff30</a>",50,9,36.602,0.852,7,85,0.001,2919.889,75.444,2.667,1.222
"<a href=""https://tiktok.com/@dygd8923"" target=""_blank"">@dygd8923</a>",68,6,56.033,0.917,4,48,0,1035.556,40.333,0.778,1.333
"<a href=""https://tiktok.com/@eden70188"" target=""_blank"">@eden70188</a>",44,6,53.104,0.9,3,38,0,3518.667,296.833,1,2.167
"<a href=""https://tiktok.com/@eiej4325"" target=""_blank"">@eiej4325</a>",68,11,53.161,0.947,5,99,0,649.455,25.182,0.273,0.364
"<a href=""https://tiktok.com/@ejanc3177"" target=""_blank"">@ejanc3177</a>",51,9,49.082,0.925,8,141,0,1062.222,24.222,0.222,0.111
"<a href=""https://tiktok.com/@emory.drawehj"" target=""_blank"">@emory.drawehj</a>",38,8,69.222,1,1,9,0,729,26.2,0,0.3
"<a href=""https://tiktok.com/@eqmhqf"" target=""_blank"">@eqmhqf</a>",40,13,51.037,0.88,5,109,0,611,20.625,0.188,0.062
"<a href=""https://tiktok.com/@evfdmzl"" target=""_blank"">@evfdmzl</a>",49,10,33.5,1,2,30,0,4294.1,119.3,1.1,2
"<a href=""https://tiktok.com/@fauy8466"" target=""_blank"">@fauy8466</a>",4,10,66.1,1,1,10,0,2403.9,89.4,0.8,1.9
"<a href=""https://tiktok.com/@fgffvp"" target=""_blank"">@fgffvp</a>",41,5,47.308,1,2,22,0,245.778,3.889,0,1.333
"<a href=""https://tiktok.com/@fhda78402"" target=""_blank"">@fhda78402</a>",67,12,61.85,1,4,96,0,828.583,53.167,0.5,0.5
"<a href=""https://tiktok.com/@fhkundshunk"" target=""_blank"">@fhkundshunk</a>",26,9,54.049,0.809,2,25,0,1505.364,3.545,0,0.182
"<a href=""https://tiktok.com/@fhuc22"" target=""_blank"">@fhuc22</a>",14,11,39.211,0.933,4,77,0,2120.182,27.364,0.091,0.364
"<a href=""https://tiktok.com/@fhvf210"" target=""_blank"">@fhvf210</a>",11,10,46.237,0.95,2,33,0,1298.8,75,0.8,0.1
"<a href=""https://tiktok.com/@fhxk1941"" target=""_blank"">@fhxk1941</a>",42,13,66.464,0.917,2,23,0,569,15.615,1.077,0.154
"<a href=""https://tiktok.com/@fiurf9599"" target=""_blank"">@fiurf9599</a>",69,3,53.167,1,4,36,0,266.333,10.667,0,0
"<a href=""https://tiktok.com/@fkir2290"" target=""_blank"">@fkir2290</a>",64,12,68.436,0.816,5,84,0,533.75,20,0.167,0.25
"<a href=""https://tiktok.com/@fnnf8890"" target=""_blank"">@fnnf8890</a>",65,11,50.651,0.889,3,66,0,2671.364,73.545,0,1.091
"<a href=""https://tiktok.com/@fsaftn"" target=""_blank"">@fsaftn</a>",40,12,61.733,0.956,5,72,0,454.167,12.083,0.083,0.083
"<a href=""https://tiktok.com/@fteecfs"" target=""_blank"">@fteecfs</a>",55,6,39.833,1,1,12,0,7596.833,212.5,3,0.5
"<a href=""https://tiktok.com/@fujgds.guio"" target=""_blank"">@fujgds.guio</a>",18,3,51.333,1,1,9,0,293.333,3.667,0,0.333
"<a href=""https://tiktok.com/@fygdjasnu0"" target=""_blank"">@fygdjasnu0</a>",27,6,51.338,1,2,22,0,230.5,3,0,0
"<a href=""https://tiktok.com/@g.in.cgn"" target=""_blank"">@g.in.cgn</a>",50,10,51.723,0.978,10,124,0,1544.6,80,1.5,1
"<a href=""https://tiktok.com/@g86bavbbw"" target=""_blank"">@g86bavbbw</a>",27,3,44.444,1,1,9,0,392620.333,18493.333,78.667,84.333
"<a href=""https://tiktok.com/@gdjsys526252"" target=""_blank"">@gdjsys526252</a>",61,6,44,0.857,1,9,0,1134.333,72.833,0,0.333
"<a href=""https://tiktok.com/@gfjch34"" target=""_blank"">@gfjch34</a>",7,10,60.682,0.801,2,20,0,1668.6,75.3,0.8,0.9
"<a href=""https://tiktok.com/@ghhj8554"" target=""_blank"">@ghhj8554</a>",67,10,59.716,0.858,4,80,0,1657.818,42.182,0.636,1.364
"<a href=""https://tiktok.com/@gits5263"" target=""_blank"">@gits5263</a>",69,3,56.267,1,5,45,0,255.667,12.333,0,0
"<a href=""https://tiktok.com/@givi0331"" target=""_blank"">@givi0331</a>",43,14,71.889,1,2,18,0,313.4,8,0.2,0.133
"<a href=""https://tiktok.com/@gjguq6894"" target=""_blank"">@gjguq6894</a>",65,11,80.826,1,2,43,0,2547.455,74.364,0.636,1.091
"<a href=""https://tiktok.com/@gqvgpl"" target=""_blank"">@gqvgpl</a>",47,8,43.333,1,1,12,0,1376.875,26.125,0.125,0.125
"<a href=""https://tiktok.com/@guoonn.hkp"" target=""_blank"">@guoonn.hkp</a>",18,3,51.333,1,1,9,0,585.667,17,0,0.333
"<a href=""https://tiktok.com/@gutieyy7"" target=""_blank"">@gutieyy7</a>",8,9,56.903,0.929,2,21,0,1452.111,84,2.556,3.444
"<a href=""https://tiktok.com/@hcodifb"" target=""_blank"">@hcodifb</a>",3,8,50.7,1,1,10,0,1819.111,84.444,0.333,2.111
"<a href=""https://tiktok.com/@hcuwiea"" target=""_blank"">@hcuwiea</a>",47,8,50,0.875,1,10,0,2651.75,33.5,0.5,0
"<a href=""https://tiktok.com/@hdbjx72"" target=""_blank"">@hdbjx72</a>",12,8,42.485,0.89,2,29,0,1540.625,33,0.875,2.75
"<a href=""https://tiktok.com/@hdha0995"" target=""_blank"">@hdha0995</a>",69,3,55.167,1,4,36,0,812.333,29,0.333,0
"<a href=""https://tiktok.com/@hdmjwo1"" target=""_blank"">@hdmjwo1</a>",40,15,64.697,0.944,4,77,0,585.467,20.933,0,0.133
"<a href=""https://tiktok.com/@hdryxd"" target=""_blank"">@hdryxd</a>",22,6,30.333,0.667,1,9,0,7149.4,230.9,3.25,10.2
"<a href=""https://tiktok.com/@hdvhds4"" target=""_blank"">@hdvhds4</a>",50,10,46.417,0.912,9,121,0,1395.6,79.6,1.7,0.6
"<a href=""https://tiktok.com/@hec88551nva"" target=""_blank"">@hec88551nva</a>",23,8,67.818,1,1,11,0,2987.111,106,1.25,3.667
"<a href=""https://tiktok.com/@heheb8964"" target=""_blank"">@heheb8964</a>",58,6,46.667,1,1,9,0,760.667,31.333,0.833,0.167
"<a href=""https://tiktok.com/@hehs5037"" target=""_blank"">@hehs5037</a>",64,12,57.539,0.933,4,85,0,883.333,49.5,0.333,0.5
"<a href=""https://tiktok.com/@hfchkk26"" target=""_blank"">@hfchkk26</a>",63,8,42.5,1,1,12,0,1291,20.4,0.1,1.4
"<a href=""https://tiktok.com/@hgsa33741"" target=""_blank"">@hgsa33741</a>",69,3,45.917,1,4,36,0,672,51,1,0.667
"<a href=""https://tiktok.com/@hidouo"" target=""_blank"">@hidouo</a>",40,16,58.705,0.878,8,181,0,676.5,18.125,0,0.312
"<a href=""https://tiktok.com/@hltuoq"" target=""_blank"">@hltuoq</a>",40,18,68.291,0.947,4,146,0,3359.278,62.667,0.611,1.944
"<a href=""https://tiktok.com/@hmwnajkihjcirrrsyw"" target=""_blank"">@hmwnajkihjcirrrsyw</a>",30,10,46.75,0.778,1,12,0,2820.7,102.3,2.4,7.8
"<a href=""https://tiktok.com/@hoeg.huan"" target=""_blank"">@hoeg.huan</a>",5,10,50.944,1,2,18,0,84101.1,730.1,7.1,16.1
"<a href=""https://tiktok.com/@hojdmc"" target=""_blank"">@hojdmc</a>",70,3,21.63,1,3,27,0,478.333,57,0.333,0
"<a href=""https://tiktok.com/@hsbuz8"" target=""_blank"">@hsbuz8</a>",14,9,47.885,0.908,2,28,0,883.444,30.889,0.333,0.556
"<a href=""https://tiktok.com/@hsgshqdrf5p"" target=""_blank"">@hsgshqdrf5p</a>",32,6,90.808,1,1,26,0,9.333,1.833,0,0
"<a href=""https://tiktok.com/@htjzwe4"" target=""_blank"">@htjzwe4</a>",53,10,56.513,0.917,2,26,0,33997.3,880.6,10.7,4.7
"<a href=""https://tiktok.com/@huiodjio"" target=""_blank"">@huiodjio</a>",22,10,60.855,0.837,7,84,0.001,1819.2,99.6,1.75,2.7
"<a href=""https://tiktok.com/@hwvrok"" target=""_blank"">@hwvrok</a>",52,7,24.607,0.894,2,28,0,14299.571,143.429,2.857,1.714
"<a href=""https://tiktok.com/@hxjdsj34"" target=""_blank"">@hxjdsj34</a>",50,10,45.943,0.926,7,87,0,1080.5,61.1,0.6,0.2
"<a href=""https://tiktok.com/@hzhdhs"" target=""_blank"">@hzhdhs</a>",50,9,23.099,0.944,5,66,0,1266.667,37.111,1.444,0.667
"<a href=""https://tiktok.com/@ididu034"" target=""_blank"">@ididu034</a>",7,9,58.568,0.95,2,21,0,1791.556,77.556,1.889,2
"<a href=""https://tiktok.com/@idpeoc"" target=""_blank"">@idpeoc</a>",40,17,71.012,1,5,109,0,1033.944,17,0,0.111
"<a href=""https://tiktok.com/@iiuu553"" target=""_blank"">@iiuu553</a>",28,15,55.082,0.902,11,238,0,15268.333,218.2,0.733,1.733
"<a href=""https://tiktok.com/@ilges.estelwei"" target=""_blank"">@ilges.estelwei</a>",38,10,61.889,0.75,1,9,0,39021.1,658,8.2,12
"<a href=""https://tiktok.com/@irdc042"" target=""_blank"">@irdc042</a>",1,10,63.333,0.889,1,12,0,3714.8,131.6,1.1,2.1
"<a href=""https://tiktok.com/@isce0690"" target=""_blank"">@isce0690</a>",43,15,64.033,0.917,2,24,0,1060.467,36.4,0.267,0.2
"<a href=""https://tiktok.com/@isge0853"" target=""_blank"">@isge0853</a>",42,15,69.31,0.794,3,35,0,301.667,12.6,0,0.133
"<a href=""https://tiktok.com/@isgs5669"" target=""_blank"">@isgs5669</a>",42,13,78.444,0.833,1,9,0,315.571,8.571,0.071,0.357
"<a href=""https://tiktok.com/@iupkvg"" target=""_blank"">@iupkvg</a>",40,11,56.019,0.967,6,64,0.001,219.727,3.182,0,0
"<a href=""https://tiktok.com/@j.uv586"" target=""_blank"">@j.uv586</a>",11,10,56.384,0.917,2,36,0,1092.5,44.7,0.2,0.4
"<a href=""https://tiktok.com/@jajsjsn56"" target=""_blank"">@jajsjsn56</a>",28,14,54.142,0.918,10,178,0,12358.929,180.929,0.929,9.929
"<a href=""https://tiktok.com/@jdpdosj"" target=""_blank"">@jdpdosj</a>",1,8,63.333,0.889,1,12,0,798.3,34,0.5,0.2
"<a href=""https://tiktok.com/@jeffrey.hettinger"" target=""_blank"">@jeffrey.hettinger</a>",9,10,57.468,0.91,4,41,0,1221.5,30.8,1.4,3.1
"<a href=""https://tiktok.com/@jfodxgajsjijpd"" target=""_blank"">@jfodxgajsjijpd</a>",10,5,54.65,0.808,4,40,0,1135.6,64.4,1.8,3.2
"<a href=""https://tiktok.com/@jfufrehcdh"" target=""_blank"">@jfufrehcdh</a>",3,8,62.972,0.938,2,19,0,3074.75,195.5,2.25,14
"<a href=""https://tiktok.com/@jiqw8344"" target=""_blank"">@jiqw8344</a>",69,3,60.667,1,3,27,0,361,12.667,1.333,0
"<a href=""https://tiktok.com/@jksjbtuupyf"" target=""_blank"">@jksjbtuupyf</a>",29,3,68.3,0.571,1,10,0,5.083,0.167,0,0
"<a href=""https://tiktok.com/@jkuy0534"" target=""_blank"">@jkuy0534</a>",68,12,65.706,0.93,3,58,0,845.333,46.333,0.667,0.333
"<a href=""https://tiktok.com/@jshszh6382"" target=""_blank"">@jshszh6382</a>",50,8,39.106,0.919,3,38,0,1278.125,86,0.25,0.125
"<a href=""https://tiktok.com/@jsosjxj8"" target=""_blank"">@jsosjxj8</a>",3,9,59.367,0.905,2,25,0,9310.444,151.444,2.444,8.556
"<a href=""https://tiktok.com/@juliosalazar229"" target=""_blank"">@juliosalazar229</a>",38,8,46.639,0.866,2,19,0,2090.75,40.125,1.125,1.375
"<a href=""https://tiktok.com/@jvhb240"" target=""_blank"">@jvhb240</a>",28,15,53.537,0.934,11,209,0,14198.4,238.8,1.133,2.333
"<a href=""https://tiktok.com/@jvtvc3"" target=""_blank"">@jvtvc3</a>",28,15,56.477,0.89,11,230,0,8305.467,114.267,0.867,2
"<a href=""https://tiktok.com/@jwhe5192"" target=""_blank"">@jwhe5192</a>",69,3,50.167,1,2,18,0,329.667,11,0,0
"<a href=""https://tiktok.com/@kacbr2774"" target=""_blank"">@kacbr2774</a>",50,8,46.332,0.885,7,81,0,981.889,49.667,0.778,0.222
"<a href=""https://tiktok.com/@kbpsjd"" target=""_blank"">@kbpsjd</a>",8,8,56.222,0.857,1,9,0,1056.8,61.1,0.9,0.2
"<a href=""https://tiktok.com/@kduudk6"" target=""_blank"">@kduudk6</a>",63,5,69.9,0.833,1,10,0,1253.571,20.286,0.143,1
"<a href=""https://tiktok.com/@kdywnty"" target=""_blank"">@kdywnty</a>",56,10,14.625,1,1,16,0,1139.9,54.1,0.4,0.5
"<a href=""https://tiktok.com/@kendjffg"" target=""_blank"">@kendjffg</a>",62,9,61.778,1,1,9,0,1647.222,118.333,1.556,0.889
"<a href=""https://tiktok.com/@keoap4288"" target=""_blank"">@keoap4288</a>",51,8,51.349,0.904,8,93,0,865.75,19.25,0.625,0.375
"<a href=""https://tiktok.com/@kfbfol"" target=""_blank"">@kfbfol</a>",41,5,69.641,1,2,22,0,44.444,0.889,0,0
"<a href=""https://tiktok.com/@khanh.phukhh"" target=""_blank"">@khanh.phukhh</a>",39,6,65.4,1,1,10,0,868.833,19,1,0
"<a href=""https://tiktok.com/@kkj00006"" target=""_blank"">@kkj00006</a>",24,8,69.95,0.845,2,20,0,6328.125,209.75,2,7.375
"<a href=""https://tiktok.com/@kkj00007"" target=""_blank"">@kkj00007</a>",24,8,63.1,0.833,1,10,0,2718,135.625,1.5,3.875
"<a href=""https://tiktok.com/@kkj00008"" target=""_blank"">@kkj00008</a>",24,7,76.8,0.857,1,10,0,2153.857,96.286,0.4,1
"<a href=""https://tiktok.com/@klsier"" target=""_blank"">@klsier</a>",41,3,79.667,1,1,9,0,107.667,3.333,0.333,0
"<a href=""https://tiktok.com/@krug011"" target=""_blank"">@krug011</a>",3,10,60.092,0.944,4,43,0,2108,143.5,1.1,3.9
"<a href=""https://tiktok.com/@ktsfyh"" target=""_blank"">@ktsfyh</a>",22,10,46.223,0.963,3,32,0,3086.9,150.4,1.875,1.6
"<a href=""https://tiktok.com/@kungyhunksd"" target=""_blank"">@kungyhunksd</a>",26,3,74.444,0.571,1,9,0,2908,3.667,0,0.333
"<a href=""https://tiktok.com/@landscape5670"" target=""_blank"">@landscape5670</a>",22,10,37.6,0.841,6,60,0.001,2420,227.3,9.625,1.2
"<a href=""https://tiktok.com/@lawrenceharvey54"" target=""_blank"">@lawrenceharvey54</a>",9,8,61.25,0.875,4,38,0,684.778,15.111,0.778,0.556
"<a href=""https://tiktok.com/@leoraf9"" target=""_blank"">@leoraf9</a>",55,8,25.786,1,1,14,0,2219.8,78.6,0.5,0.3
"<a href=""https://tiktok.com/@lhqitc"" target=""_blank"">@lhqitc</a>",40,18,61.22,0.938,7,132,0.002,947,24.722,0.167,0.222
"<a href=""https://tiktok.com/@lin689668987"" target=""_blank"">@lin689668987</a>",26,8,41.975,0.847,2,27,0,933.5,23.75,0.167,0.125
"<a href=""https://tiktok.com/@ljpjvh"" target=""_blank"">@ljpjvh</a>",52,8,26.83,0.95,2,30,0,12771.375,291.625,2.75,1.5
"<a href=""https://tiktok.com/@maemeg7"" target=""_blank"">@maemeg7</a>",54,7,15,1,1,9,0,1759.778,83.778,0.556,1.556
"<a href=""https://tiktok.com/@marisol.rath"" target=""_blank"">@marisol.rath</a>",9,10,65.033,1,2,19,0,1018,28,1.6,2.8
"<a href=""https://tiktok.com/@marjoriecarrie0525"" target=""_blank"">@marjoriecarrie0525</a>",9,10,69.097,0.875,2,21,0,662,18,2.7,3.9
"<a href=""https://tiktok.com/@monalisa7988"" target=""_blank"">@monalisa7988</a>",14,6,38.269,0.828,4,41,0,617,24.167,0.667,0
"<a href=""https://tiktok.com/@ncaqusztvgl"" target=""_blank"">@ncaqusztvgl</a>",41,3,35,1,1,9,0,103,0.667,0,0
"<a href=""https://tiktok.com/@ncjfhyrsdj"" target=""_blank"">@ncjfhyrsdj</a>",50,8,28.668,0.946,5,58,0,1447.75,36.25,0.625,0.625
"<a href=""https://tiktok.com/@ncsfo3287"" target=""_blank"">@ncsfo3287</a>",50,6,50.259,0.952,3,28,0,3137.833,96.333,0.5,1.5
"<a href=""https://tiktok.com/@ndork4782"" target=""_blank"">@ndork4782</a>",50,7,58.991,0.917,3,30,0,1015.571,45.571,0.857,0.143
"<a href=""https://tiktok.com/@nfyk.emma"" target=""_blank"">@nfyk.emma</a>",9,8,67.423,0.933,4,39,0,2955.1,66.2,2.8,4.4
"<a href=""https://tiktok.com/@nhllos8"" target=""_blank"">@nhllos8</a>",55,9,32.81,1,2,26,0,2045.556,109.111,0.556,0.889
"<a href=""https://tiktok.com/@nqkwvc"" target=""_blank"">@nqkwvc</a>",54,6,15,1,1,9,0,1692.167,69,0.5,0.5
"<a href=""https://tiktok.com/@nxpsa4288"" target=""_blank"">@nxpsa4288</a>",51,13,53.592,0.889,10,184,0,22713.857,1308.571,4.571,3.286
"<a href=""https://tiktok.com/@nzohwh"" target=""_blank"">@nzohwh</a>",49,8,12,1,1,9,0,1548.875,67.75,1.25,1.25
"<a href=""https://tiktok.com/@okay11732"" target=""_blank"">@okay11732</a>",67,8,67.868,0.884,3,61,0,1305.636,38.273,0.636,0.364
"<a href=""https://tiktok.com/@oljclk"" target=""_blank"">@oljclk</a>",52,8,31.152,0.944,2,30,0,1728.75,32.25,0.75,0.125
"<a href=""https://tiktok.com/@olrsyrt7"" target=""_blank"">@olrsyrt7</a>",47,8,51.778,0.866,2,19,0,3720.125,58.625,0.375,0.5
"<a href=""https://tiktok.com/@omi.poni0"" target=""_blank"">@omi.poni0</a>",14,11,45.15,0.935,2,53,0,1732.091,40.364,0.273,0.091
"<a href=""https://tiktok.com/@ongoc.mrm"" target=""_blank"">@ongoc.mrm</a>",21,7,35.727,0.857,1,11,0,1764.222,25.222,1.111,3.556
"<a href=""https://tiktok.com/@onikacaylie"" target=""_blank"">@onikacaylie</a>",9,9,64.542,1,2,25,0,1754.111,58.556,3.222,9.222
"<a href=""https://tiktok.com/@oxkops7"" target=""_blank"">@oxkops7</a>",49,7,41.528,1,3,33,0,2395,101.5,0.9,0.8
"<a href=""https://tiktok.com/@pbpktw"" target=""_blank"">@pbpktw</a>",40,15,65.902,0.848,7,160,0,481.389,12.778,0,0.056
"<a href=""https://tiktok.com/@pdilul"" target=""_blank"">@pdilul</a>",53,7,54.45,0.861,2,24,0,4943.667,90.556,1.667,0.667
"<a href=""https://tiktok.com/@pjk3357"" target=""_blank"">@pjk3357</a>",37,9,47.333,1,1,9,0,645.9,18.1,0.6,0
"<a href=""https://tiktok.com/@prbnac"" target=""_blank"">@prbnac</a>",40,11,71.596,0.938,4,56,0,680,25.667,0.25,0.833
"<a href=""https://tiktok.com/@prtnr8"" target=""_blank"">@prtnr8</a>",8,8,60.85,1,2,19,0,1774.444,73.333,9.333,0.667
"<a href=""https://tiktok.com/@puhrra"" target=""_blank"">@puhrra</a>",40,13,55.132,0.938,4,112,0,883.562,23.562,0,0.312
"<a href=""https://tiktok.com/@pxibi018"" target=""_blank"">@pxibi018</a>",14,10,54.064,0.869,3,43,0,1046.9,25.1,0.2,0.4
"<a href=""https://tiktok.com/@qafkr2477"" target=""_blank"">@qafkr2477</a>",51,7,61.493,0.888,11,131,0,725.714,10.571,0.857,0
"<a href=""https://tiktok.com/@qdcieh"" target=""_blank"">@qdcieh</a>",70,3,21.333,0.867,3,27,0,534.333,13.333,0,0
"<a href=""https://tiktok.com/@qigqtm"" target=""_blank"">@qigqtm</a>",40,14,65.703,0.975,5,82,0,280.143,6.929,0,0
"<a href=""https://tiktok.com/@reddit.vztwo"" target=""_blank"">@reddit.vztwo</a>",13,4,39.667,0.8,1,9,0,21420.25,177.5,145,17
"<a href=""https://tiktok.com/@reddit_grayson99"" target=""_blank"">@reddit_grayson99</a>",70,3,18.296,0.933,3,27,0,610.667,24.333,0,0
"<a href=""https://tiktok.com/@reddit_hunt"" target=""_blank"">@reddit_hunt</a>",70,3,18.296,0.933,3,27,0,636.333,33,0,0
"<a href=""https://tiktok.com/@redditstory667"" target=""_blank"">@redditstory667</a>",37,8,47.333,1,1,9,0,428.25,11.5,0,0.125
"<a href=""https://tiktok.com/@refine74"" target=""_blank"">@refine74</a>",53,10,41.062,0.944,2,30,0,1004.4,133.3,0.4,0.3
"<a href=""https://tiktok.com/@rlcycp"" target=""_blank"">@rlcycp</a>",45,9,24.667,1,1,12,0,886.556,44.444,0.333,0.111
"<a href=""https://tiktok.com/@rohingyao"" target=""_blank"">@rohingyao</a>",22,9,36.393,0.955,2,24,0,3886.8,166.5,2.625,2.3
"<a href=""https://tiktok.com/@rosacasey65"" target=""_blank"">@rosacasey65</a>",8,10,55,1,1,9,0,7580.1,190.9,4.2,2
"<a href=""https://tiktok.com/@roselent02103"" target=""_blank"">@roselent02103</a>",51,8,36.968,0.909,8,92,0,698,13.125,0.375,0.5
"<a href=""https://tiktok.com/@sasapco"" target=""_blank"">@sasapco</a>",22,9,39.749,0.963,3,33,0,2937.4,195.8,1.25,1.3
"<a href=""https://tiktok.com/@scqsxg"" target=""_blank"">@scqsxg</a>",47,7,48.444,0.929,2,21,0,1847.571,45.143,0.429,0.429
"<a href=""https://tiktok.com/@sdsdyou"" target=""_blank"">@sdsdyou</a>",22,8,52.135,0.875,3,31,0,6864,301.75,5,7.125
"<a href=""https://tiktok.com/@shuj977"" target=""_blank"">@shuj977</a>",13,8,48.189,0.958,3,29,0,927.875,49.625,0.5,0.125
"<a href=""https://tiktok.com/@shuy742"" target=""_blank"">@shuy742</a>",16,6,48.324,0.897,4,65,0,962.167,14.833,0.333,0
"<a href=""https://tiktok.com/@snoshsj"" target=""_blank"">@snoshsj</a>",50,7,25.103,0.859,3,37,0,1051.143,61.857,0.143,0.429
"<a href=""https://tiktok.com/@sqifhw"" target=""_blank"">@sqifhw</a>",40,15,71.094,0.902,4,99,0,797.278,16.889,0.111,0.222
"<a href=""https://tiktok.com/@srepabble5758"" target=""_blank"">@srepabble5758</a>",19,6,38.333,1,1,9,0,1247.667,38.667,0,0.5
"<a href=""https://tiktok.com/@stoyouh"" target=""_blank"">@stoyouh</a>",22,9,42.012,0.875,5,56,0,3245.778,182.111,2,5.444
"<a href=""https://tiktok.com/@sug7994"" target=""_blank"">@sug7994</a>",16,6,45.25,0.925,4,66,0,772.167,22.833,0,0
"<a href=""https://tiktok.com/@sumroo.786"" target=""_blank"">@sumroo.786</a>",35,15,87.038,0.944,2,70,0,898.611,113.722,4.444,4.833
"<a href=""https://tiktok.com/@sun.lilym"" target=""_blank"">@sun.lilym</a>",38,10,65.056,0.902,4,36,0,2720.1,91.7,1.3,1.6
"<a href=""https://tiktok.com/@svpmrjwfqvu2oj"" target=""_blank"">@svpmrjwfqvu2oj</a>",10,4,35.8,0.8,1,10,0,1000.25,48,1.75,7.25
"<a href=""https://tiktok.com/@sweet_driver120"" target=""_blank"">@sweet_driver120</a>",29,6,68.3,0.571,1,10,0,2914.25,265.194,23.722,5.639
"<a href=""https://tiktok.com/@tamto27"" target=""_blank"">@tamto27</a>",21,6,35.727,0.857,1,11,0,498,7.333,2.167,2
"<a href=""https://tiktok.com/@tenbr.boozapp"" target=""_blank"">@tenbr.boozapp</a>",39,8,65.4,1,1,10,0,232673.875,9657.75,35.5,618
"<a href=""https://tiktok.com/@ternencebloor0314"" target=""_blank"">@ternencebloor0314</a>",20,8,56.455,1,1,11,0,1335.4,69.6,0.5,0.3
"<a href=""https://tiktok.com/@tetel4962"" target=""_blank"">@tetel4962</a>",42,14,74.373,0.817,2,25,0,229.8,7.933,0.2,0.067
"<a href=""https://tiktok.com/@texthsg"" target=""_blank"">@texthsg</a>",23,8,67.818,1,1,11,0,4189.333,209.444,2,3.556
"<a href=""https://tiktok.com/@texts178"" target=""_blank"">@texts178</a>",22,9,31.417,0.774,2,19,0,4252.2,155.3,2.625,4.5
"<a href=""https://tiktok.com/@thalrn"" target=""_blank"">@thalrn</a>",46,8,41.667,1,1,9,0,2075.375,99.375,1.625,2.375
"<a href=""https://tiktok.com/@tiwakp1"" target=""_blank"">@tiwakp1</a>",40,11,65.279,0.894,4,49,0,477.545,21.636,0.182,0.182
"<a href=""https://tiktok.com/@todaysfriendshow4"" target=""_blank"">@todaysfriendshow4</a>",16,6,55.699,0.797,4,61,0,3743,76.167,2.667,1.167
"<a href=""https://tiktok.com/@toma.rimi"" target=""_blank"">@toma.rimi</a>",14,12,35.686,0.913,4,78,0,1937.25,28.167,0.5,0.417
"<a href=""https://tiktok.com/@topi.khatun6"" target=""_blank"">@topi.khatun6</a>",14,10,62.837,0.775,3,36,0,1050.4,45.6,0.2,0.4
"<a href=""https://tiktok.com/@touab4277"" target=""_blank"">@touab4277</a>",60,9,44.2,1,1,10,0,1999.111,60.667,0.556,0.333
"<a href=""https://tiktok.com/@tudysrud"" target=""_blank"">@tudysrud</a>",61,4,44,0.857,1,9,0,1702,48.75,0.75,0.25
"<a href=""https://tiktok.com/@tugx2917"" target=""_blank"">@tugx2917</a>",42,14,56.833,0.875,2,24,0,282.333,11.267,0.067,0.2
"<a href=""https://tiktok.com/@typ009"" target=""_blank"">@typ009</a>",25,7,89.889,0.714,1,9,0,2366.125,130.125,1.833,1.375
"<a href=""https://tiktok.com/@ubhutfrx"" target=""_blank"">@ubhutfrx</a>",2,9,62.778,0.857,1,9,0,1216.1,80.6,0.6,4.5
"<a href=""https://tiktok.com/@uehjkb3487"" target=""_blank"">@uehjkb3487</a>",10,4,82.8,0.8,1,10,0,17387.75,280,4,4.5
"<a href=""https://tiktok.com/@ufsc8075"" target=""_blank"">@ufsc8075</a>",64,11,57.437,0.913,4,69,0,1239.333,43.5,0.25,0.833
"<a href=""https://tiktok.com/@ujnpmvrmnklnilutge"" target=""_blank"">@ujnpmvrmnklnilutge</a>",30,9,46.75,0.778,1,12,0,385.6,15.2,0.6,0.7
"<a href=""https://tiktok.com/@ujrrrsq"" target=""_blank"">@ujrrrsq</a>",40,12,60.807,0.925,6,64,0,302.917,10.583,0,0
"<a href=""https://tiktok.com/@ukfee8"" target=""_blank"">@ukfee8</a>",63,8,56.2,0.917,2,22,0,2869.5,36.9,0.3,0.9
"<a href=""https://tiktok.com/@ulrikesteuber"" target=""_blank"">@ulrikesteuber</a>",9,9,66.206,0.812,2,19,0,814.778,19.222,2.556,2.444
"<a href=""https://tiktok.com/@unrarg"" target=""_blank"">@unrarg</a>",48,10,44.7,1,1,10,0,1347.9,75.2,0.5,0.5
"<a href=""https://tiktok.com/@uqmlmv"" target=""_blank"">@uqmlmv</a>",48,7,35.889,1,1,9,0,1543.222,132.333,1.444,0.111
"<a href=""https://tiktok.com/@urdu9708"" target=""_blank"">@urdu9708</a>",64,9,55.64,0.843,2,48,0,958.455,42,0.273,0.455
"<a href=""https://tiktok.com/@user16909390140293"" target=""_blank"">@user16909390140293</a>",26,9,70.402,0.749,3,33,0,758.583,16.5,0,0
"<a href=""https://tiktok.com/@user240775158"" target=""_blank"">@user240775158</a>",14,4,39.3,0.857,2,20,0,2091.25,32.5,1.5,0.5
"<a href=""https://tiktok.com/@user24170778255943"" target=""_blank"">@user24170778255943</a>",25,6,45.2,0.857,1,10,0,3508.286,115.143,1.5,0.714
"<a href=""https://tiktok.com/@user2920462956526"" target=""_blank"">@user2920462956526</a>",15,8,41.714,1,1,14,0,2882.25,38.25,1,3.25
"<a href=""https://tiktok.com/@user2932993437321"" target=""_blank"">@user2932993437321</a>",17,6,65.944,1,2,21,0,1532.833,46.333,0.333,1.5
"<a href=""https://tiktok.com/@user3154950400581"" target=""_blank"">@user3154950400581</a>",7,9,51.503,0.958,3,30,0,1550.8,127.5,2.2,0.3
"<a href=""https://tiktok.com/@user3358147717443"" target=""_blank"">@user3358147717443</a>",6,10,38.6,1,1,10,0,3858.7,94.9,2.4,1.5
"<a href=""https://tiktok.com/@user3436197788624"" target=""_blank"">@user3436197788624</a>",28,7,52.911,0.898,8,83,0,9584.857,188.143,0.857,2
"<a href=""https://tiktok.com/@user3543260092180"" target=""_blank"">@user3543260092180</a>",44,6,58.213,0.856,3,39,0,2390.5,120.333,0.167,0.667
"<a href=""https://tiktok.com/@user386963311513"" target=""_blank"">@user386963311513</a>",17,6,51.6,0.929,2,22,0,1149,13.667,1,3.667
"<a href=""https://tiktok.com/@user4181021201798"" target=""_blank"">@user4181021201798</a>",17,6,38.15,0.857,2,20,0,1192.5,24.5,0.333,1.667
"<a href=""https://tiktok.com/@user4258816615474"" target=""_blank"">@user4258816615474</a>",31,10,70.333,1,1,9,0,601.3,21.9,0.5,1.4
"<a href=""https://tiktok.com/@user5626060056906"" target=""_blank"">@user5626060056906</a>",3,10,57.921,0.96,5,57,0,1924.5,122.7,1.3,1.1
"<a href=""https://tiktok.com/@user6186701630842"" target=""_blank"">@user6186701630842</a>",17,6,49.222,0.929,4,41,0,1373.833,44.333,1.333,4
"<a href=""https://tiktok.com/@user6922385284275"" target=""_blank"">@user6922385284275</a>",2,8,65,0.75,1,10,0,2349.875,101,2.25,1.875
"<a href=""https://tiktok.com/@user7166160034825"" target=""_blank"">@user7166160034825</a>",15,8,41.714,1,1,14,0,2543.375,43.875,0.375,2.25
"<a href=""https://tiktok.com/@user7623302261329"" target=""_blank"">@user7623302261329</a>",27,6,58.231,1,1,13,0,296,7,0.167,0
"<a href=""https://tiktok.com/@user83019829516110"" target=""_blank"">@user83019829516110</a>",31,10,70.333,1,1,9,0,1099.5,18.4,0.4,0.1
"<a href=""https://tiktok.com/@user8653602093025"" target=""_blank"">@user8653602093025</a>",17,6,63,1,1,12,0,1613.167,49.5,0,2
"<a href=""https://tiktok.com/@user8794483655797"" target=""_blank"">@user8794483655797</a>",17,5,51.9,0.857,1,10,0,1238,28.4,0,1
"<a href=""https://tiktok.com/@username.1234615"" target=""_blank"">@username.1234615</a>",34,9,94.941,0.9,1,17,0,1414.875,67.917,5.958,1.75
"<a href=""https://tiktok.com/@username.123467897"" target=""_blank"">@username.123467897</a>",35,16,85.116,0.759,3,75,0,305.714,24.464,2.25,0.75
"<a href=""https://tiktok.com/@username.12365478"" target=""_blank"">@username.12365478</a>",34,11,94.941,0.9,1,17,0,1506.375,68.292,6.875,1.542
"<a href=""https://tiktok.com/@username.1545465"" target=""_blank"">@username.1545465</a>",36,14,90.854,0.75,1,41,0,405.059,45.118,2.647,0.529
"<a href=""https://tiktok.com/@username.64754675"" target=""_blank"">@username.64754675</a>",36,18,90.854,0.75,1,41,0,30.667,3.667,0.278,0
"<a href=""https://tiktok.com/@usjg2117"" target=""_blank"">@usjg2117</a>",43,11,72.833,1,2,24,0,554.071,23.643,0.143,0.571
"<a href=""https://tiktok.com/@v.if77"" target=""_blank"">@v.if77</a>",12,10,42.542,0.962,2,30,0,1170.7,74.8,0.2,0.9
"<a href=""https://tiktok.com/@vaigg0"" target=""_blank"">@vaigg0</a>",7,9,58.099,0.909,3,30,0,880.5,65.7,1.4,0.1
"<a href=""https://tiktok.com/@vakft4299"" target=""_blank"">@vakft4299</a>",59,9,48.791,0.958,3,31,0,7240.75,95.917,0.25,1
"<a href=""https://tiktok.com/@vghf668"" target=""_blank"">@vghf668</a>",13,10,51.936,0.833,3,41,0,1472.5,77.1,0.3,0.5
"<a href=""https://tiktok.com/@video.of38"" target=""_blank"">@video.of38</a>",12,7,52.693,0.929,2,23,0,1491.5,33.375,0.375,0.625
"<a href=""https://tiktok.com/@vomfir2"" target=""_blank"">@vomfir2</a>",45,10,24.667,1,1,12,0,81878.6,3700.7,54.6,30.5
"<a href=""https://tiktok.com/@vshwiy2868"" target=""_blank"">@vshwiy2868</a>",13,8,42.577,0.866,2,21,0,294.333,9.889,0,0
"<a href=""https://tiktok.com/@vxkaw3274"" target=""_blank"">@vxkaw3274</a>",51,12,51.006,0.855,13,195,0,1736.5,66.5,0.417,0.333
"<a href=""https://tiktok.com/@wabisabi_35"" target=""_blank"">@wabisabi_35</a>",44,6,54.169,0.822,3,32,0,1959,140.333,1.667,1.167
"<a href=""https://tiktok.com/@walcs4238"" target=""_blank"">@walcs4238</a>",51,8,50.34,0.876,11,133,0,899,20.25,0.375,0
"<a href=""https://tiktok.com/@wede35"" target=""_blank"">@wede35</a>",28,10,58.681,0.938,9,128,0,1876.8,55.6,0.2,0.6
"<a href=""https://tiktok.com/@wevbocr"" target=""_blank"">@wevbocr</a>",57,8,24.714,1,1,14,0,46580.778,1128.444,6.778,8.222
"<a href=""https://tiktok.com/@wgslhe"" target=""_blank"">@wgslhe</a>",40,14,60.051,0.979,4,107,0,1058.667,33.722,0.167,0.611
"<a href=""https://tiktok.com/@wiqg8225"" target=""_blank"">@wiqg8225</a>",43,8,72.712,0.9,2,20,0,460.643,24.286,0.286,0.214
"<a href=""https://tiktok.com/@wlack2188"" target=""_blank"">@wlack2188</a>",59,11,50.606,0.801,3,48,0,2827.545,80,0,0
"<a href=""https://tiktok.com/@wojta.or"" target=""_blank"">@wojta.or</a>",13,7,39.7,0.857,1,10,0,1050.857,43.143,0.143,0.429
"<a href=""https://tiktok.com/@wove1579"" target=""_blank"">@wove1579</a>",68,8,63.255,0.972,4,61,0,92,1.125,0,0.375
"<a href=""https://tiktok.com/@woyaofadacai0"" target=""_blank"">@woyaofadacai0</a>",10,4,77.5,0.8,1,10,0,1159.75,65.25,6.75,1.5
"<a href=""https://tiktok.com/@wudtm4288"" target=""_blank"">@wudtm4288</a>",51,14,60.812,0.882,10,149,0,7573.786,317.5,1.286,2
"<a href=""https://tiktok.com/@wuge2639"" target=""_blank"">@wuge2639</a>",43,12,71.401,0.908,4,50,0,487.5,18.5,0.143,0.286
"<a href=""https://tiktok.com/@xakfo3188"" target=""_blank"">@xakfo3188</a>",51,4,79.033,0.702,2,19,0,471.75,13.25,0.5,0
"<a href=""https://tiktok.com/@xbhyudvqeq2lki"" target=""_blank"">@xbhyudvqeq2lki</a>",10,4,22.5,0.833,1,10,0,929.75,36,2,1.5
"<a href=""https://tiktok.com/@xchinaqueen0"" target=""_blank"">@xchinaqueen0</a>",32,7,93.111,0.75,1,9,0,15.571,1.714,0,0
"<a href=""https://tiktok.com/@xchinaqueen1"" target=""_blank"">@xchinaqueen1</a>",33,6,91.69,1,1,29,0,9.333,0.417,0,0
"<a href=""https://tiktok.com/@xchinaqueen2"" target=""_blank"">@xchinaqueen2</a>",33,6,97.467,0.667,1,15,0,9.333,0.333,0,0
"<a href=""https://tiktok.com/@xchinaqueen3"" target=""_blank"">@xchinaqueen3</a>",33,12,93.851,0.833,2,32,0,1174.929,125.357,6.857,6.643
"<a href=""https://tiktok.com/@xchinaqueen4"" target=""_blank"">@xchinaqueen4</a>",33,12,90.962,1,2,46,0,11.083,0.583,0,0.083
"<a href=""https://tiktok.com/@xchinaqueen5"" target=""_blank"">@xchinaqueen5</a>",32,18,89.298,0.917,3,116,0,5720.056,544.444,21.222,38.778
"<a href=""https://tiktok.com/@xchinaqueen6"" target=""_blank"">@xchinaqueen6</a>",32,18,83.975,1,1,81,0,128.889,12.722,0.333,0.444
"<a href=""https://tiktok.com/@xihz9643"" target=""_blank"">@xihz9643</a>",65,9,56.495,0.963,3,64,0,679.818,27.364,0.182,0.364
"<a href=""https://tiktok.com/@xlhxhlxlh8"" target=""_blank"">@xlhxhlxlh8</a>",51,3,50.944,0.9,4,36,0,786.667,20.333,0,0
"<a href=""https://tiktok.com/@xxii911"" target=""_blank"">@xxii911</a>",22,10,40.333,0.714,1,9,0,3005.9,147.6,1.75,2.8
"<a href=""https://tiktok.com/@xztnkv3"" target=""_blank"">@xztnkv3</a>",48,9,40.294,1,2,19,0,13132.778,453.889,1.111,1.444
"<a href=""https://tiktok.com/@yang_reddit"" target=""_blank"">@yang_reddit</a>",62,9,56.727,0.875,1,11,0,1801.333,123.111,3,0.889
"<a href=""https://tiktok.com/@yiitsukb"" target=""_blank"">@yiitsukb</a>",8,9,62.142,1,2,22,0,21276.3,862.3,13.1,2.9
"<a href=""https://tiktok.com/@yourfavtwins0"" target=""_blank"">@yourfavtwins0</a>",50,7,20.889,1,1,9,0,1115.25,58.5,0,0
"<a href=""https://tiktok.com/@yowbc4277"" target=""_blank"">@yowbc4277</a>",60,11,45.85,0.955,2,26,0,1459.364,46.909,0.364,0.727
"<a href=""https://tiktok.com/@ysishhd7"" target=""_blank"">@ysishhd7</a>",7,10,55.737,0.925,3,31,0,2264,111.4,1.7,7.7
"<a href=""https://tiktok.com/@ytrq8081"" target=""_blank"">@ytrq8081</a>",67,9,75.83,0.958,3,61,0,1590.583,43.333,0.5,0.167
"<a href=""https://tiktok.com/@yuli22309"" target=""_blank"">@yuli22309</a>",9,10,56.94,0.946,5,54,0,574.9,9.9,1.2,1.2
"<a href=""https://tiktok.com/@zafke3177"" target=""_blank"">@zafke3177</a>",59,10,49.005,0.975,4,45,0,3012.1,71.6,0.1,0
"<a href=""https://tiktok.com/@zbdkc3664"" target=""_blank"">@zbdkc3664</a>",51,11,55.935,0.823,13,175,0,1485.417,45.25,0.667,0.167
"<a href=""https://tiktok.com/@zcake3147"" target=""_blank"">@zcake3147</a>",51,5,55.038,0.831,5,52,0,133.4,2,0.2,0
"<a href=""https://tiktok.com/@zcekt4280"" target=""_blank"">@zcekt4280</a>",51,8,56.11,0.845,13,174,0,727.625,29.125,0.125,0.25
"<a href=""https://tiktok.com/@zjdoa3719"" target=""_blank"">@zjdoa3719</a>",51,13,56.97,0.882,11,168,0,894.231,53.692,0.846,0.154
"<a href=""https://tiktok.com/@zsdx184"" target=""_blank"">@zsdx184</a>",28,13,54.51,0.95,10,173,0,26740.769,824.538,2.846,39.231
"<a href=""https://tiktok.com/@ztctmxt"" target=""_blank"">@ztctmxt</a>",57,9,24.714,1,1,14,0,2088.444,122.667,0.667,0.333
"<a href=""https://tiktok.com/@zxvb736"" target=""_blank"">@zxvb736</a>",28,15,54.896,0.941,11,227,0,3151.533,70.067,0.867,1.267
