"Network","Number of Accounts","Network Density","Network Diameter","Clustering Coefficient","Avg Views","Avg Likes","Avg Comments","Avg Shares","Member Accounts"
1,2,1,12,0,2256.55,82.8,0.8,1.15,"jdpdosj, irdc042"
2,3,0.667,19,0,1677.214,88.25,1,2.321,"be.jkigv, ubhutfrx, user6922385284275"
3,6,0.533,24,0.474,3231.673,128,1.291,4.836,"bmc12655, jsosjxj8, jfufrehcdh, user5626060056906, krug011, hcodifb"
4,2,1,10,0,2381.9,88.2,0.7,1.25,"aedyckctu, fauy8466"
5,7,0.333,37,0.3,35478.773,398.545,3.152,9.076,"aed75787, aed7p4, aeda1689, debran.oxonrp86, aed3660, hoeg.huan, debran.oxonrp00"
6,2,1,10,0,2496.95,75,1.4,1.25,"aedgkochc, user3358147717443"
7,6,0.533,30,0.429,1543.207,85.483,1.534,1.983,"user3154950400581, gfjch34, ididu034, chdg050, vaigg0, ysishhd7"
8,5,0.4,40,0,6836.896,261.646,6.021,1.833,"kbpsjd, prtnr8, rosacasey65, yiitsukb, gutieyy7"
9,9,0.389,35,0.429,1127.954,28.218,1.989,3.092,"nfyk.emma, onikacaylie, lawrenceharvey54, marjoriecarrie0525, ulrikesteuber, jeffrey.hettinger, camilo.austin5, marisol.rath, yuli22309"
10,5,0.4,20,0,4170.857,97.095,3.19,3.571,"uehjkb3487, svpmrjwfqvu2oj, jfodxgajsjijpd, woyaofadacai0, xbhyudvqeq2lki"
11,3,1,19,1,1491.379,51.759,0.483,0.448,"fhvf210, berez.paulo, j.uv586"
12,3,1,18,1,1383.231,49.192,0.462,1.385,"v.if77, hdbjx72, video.of38"
13,7,0.381,39,0.429,2900.241,62.259,11.056,1.667,"c.ts24, vghf668, shuj977, bsyg2865, vshwiy2868, reddit.vztwo, wojta.or"
14,8,0.429,57,0.556,1460.452,32.096,0.37,0.342,"monalisa7988, topi.khatun6, pxibi018, toma.rimi, fhuc22, omi.poni0, hsbuz8, user240775158"
15,2,1,14,0,2712.812,41.062,0.688,2.75,"user7166160034825, user2920462956526"
16,5,1,18,1,1398.414,30.241,1.034,0.724,"carbloggera, bsih75, sug7994, shuy742, todaysfriendshow4"
17,6,0.4,33,0.333,1353.086,34.629,0.514,2.343,"user4181021201798, user6186701630842, user8653602093025, user2932993437321, user386963311513, user8794483655797"
18,2,1,9,0,439.5,10.333,0,0.333,"fujgds.guio, guoonn.hkp"
19,2,1,9,0,800,20.75,0.167,0.25,"srepabble5758, brittanycarter1959"
20,2,1,11,0,21928.85,1093.75,3.6,6.4,"dianaantoinette2000, ternencebloor0314"
21,2,1,11,0,1257.733,18.067,1.533,2.933,"ongoc.mrm, tamto27"
22,12,0.273,43,0.414,3774.509,181.991,3.828,3.44,"hdryxd, stoyouh, texts178, landscape5670, dtkwod, sdsdyou, ktsfyh, cagnhd, sasapco, huiodjio, rohingyao, xxii911"
23,2,1,11,0,3588.222,157.722,1.625,3.611,"texthsg, hec88551nva"
24,3,0.667,20,0,3802,149.435,1.353,4.217,"kkj00008, kkj00006, kkj00007"
25,3,0.667,19,0,5101.682,129.409,2.056,8.136,"ccsszkt, typ009, user24170778255943"
26,4,0.667,22,0.6,1231,12.882,0.04,0.118,"kungyhunksd, fhkundshunk, lin689668987, user16909390140293"
27,3,0.667,22,0,78734.667,3702.667,15.8,16.867,"user7623302261329, g86bavbbw, fygdjasnu0"
28,12,0.894,26,0.904,10394.315,199.879,1,6.255,"jajsjsn56, jvtvc3, jvhb240, aed0267, cfdc18, iiuu553, user3436197788624, dthh824, aed2750, zsdx184, wede35, zxvb736"
29,2,1,10,0,2186.958,198.938,17.792,4.229,"jksjbtuupyf, sweet_driver120"
30,2,1,12,0,1603.15,58.75,1.5,4.25,"hmwnajkihjcirrrsyw, ujnpmvrmnklnilutge"
31,2,1,9,0,850.4,20.15,0.45,0.75,"user83019829516110, user4258816615474"
32,4,0.5,107,0,2151.959,205.143,7.918,14.408,"xchinaqueen5, xchinaqueen0, hsgshqdrf5p, xchinaqueen6"
33,4,0.5,61,0,380.682,40.205,2.182,2.136,"xchinaqueen3, xchinaqueen2, xchinaqueen1, xchinaqueen4"
34,2,1,17,0,1460.625,68.104,6.417,1.646,"username.1234615, username.12365478"
35,5,0.5,82,0.429,1077.893,66.562,3.355,1.769,"beaty_queen_22, china_cutegirl22, chuma_g1, sumroo.786, username.123467897"
36,2,1,41,0,212.514,23.8,1.429,0.257,"username.1545465, username.64754675"
37,2,1,9,0,549.167,15.167,0.333,0.056,"pjk3357, redditstory667"
38,6,0.4,29,0.3,7992.448,151.293,1.966,3.19,"juliosalazar229, carlos.alberto.al886, emory.drawehj, sun.lilym, aseng.haymong, ilges.estelwei"
39,2,1,10,0,133328.857,5526.857,20.714,353.143,"khanh.phukhh, tenbr.boozapp"
40,20,0.279,60,0.506,906.635,21.466,0.105,0.318,"prbnac, ujrrrsq, sqifhw, puhrra, bpgarp, pbpktw, idpeoc, dtbtcc8, bipiqo, hltuoq, hidouo, lhqitc, eqmhqf, qigqtm, arffug, fsaftn, hdmjwo1, iupkvg, tiwakp1, wgslhe"
41,4,0.5,31,0,135.167,2.292,0.042,0.5,"fgffvp, kfbfol, ncaqusztvgl, klsier"
42,5,0.5,33,0,333.639,11.111,0.264,0.181,"fhxk1941, tugx2917, isge0853, tetel4962, isgs5669"
43,5,0.6,30,0.6,578.319,22.167,0.208,0.278,"isce0690, wiqg8225, givi0331, usjg2117, wuge2639"
44,4,1,18,1,3998.476,198.333,0.952,1.143,"deep.sea_2, user3543260092180, eden70188, wabisabi_35"
45,2,1,12,0,43513.947,1968.789,28.895,16.105,"rlcycp, vomfir2"
46,2,1,9,0,2066.412,66,1.353,1.118,"thalrn, beyeyb4"
47,4,0.5,31,0,2416.871,40.71,0.355,0.258,"hcuwiea, gqvgpl, scqsxg, olrsyrt7"
48,3,0.667,19,0,5198.679,215.286,1,0.679,"unrarg, uqmlmv, xztnkv3"
49,4,0.667,21,0.6,5427.684,134.421,1.289,1.526,"nzohwh, bixukf, evfdmzl, oxkops7"
50,19,0.351,38,0.659,1396.72,62.584,0.919,0.534,"kacbr2774, djisks96, jshszh6382, g.in.cgn, duuff30, ndork4782, hdvhds4, cjdjfcn, hxjdsj34, avelina.asucen, snoshsj, bxuzba, bxjzjsns0, hzhdhs, yourfavtwins0, ncsfo3287, ncjfhyrsdj, cnatk3189, bxjxhxt"
51,18,0.542,30,0.684,3468.042,168.256,0.851,0.607,"1yrogls, vxkaw3274, wudtm4288, ejanc3177, xakfo3188, zbdkc3664, acsge1347, nxpsa4288, walcs4238, qafkr2477, zcake3147, avcms3284, zcekt4280, keoap4288, abxke8499, roselent02103, xlhxhlxlh8, zjdoa3719"
52,3,1,16,1,9395.565,156.304,2.087,1.087,"oljclk, ljpjvh, hwvrok"
53,3,1,16,1,13603.793,377.724,4.345,1.931,"refine74, pdilul, htjzwe4"
54,2,1,9,0,1732.733,77.867,0.533,1.133,"maemeg7, nqkwvc"
55,3,0.667,26,0,3447.56,121.72,1.12,0.56,"leoraf9, nhllos8, fteecfs"
56,2,1,16,0,1977.65,83,1,0.6,"kdywnty, awmilke"
57,2,1,14,0,24334.611,625.556,3.722,4.278,"wevbocr, ztctmxt"
58,2,1,9,0,9657.583,273.333,3.917,0.667,"11cjhggg, heheb8964"
59,9,0.389,45,0.618,2631.28,60.72,0.247,0.204,"cbske2477, anxdo3188, vakft4299, axflw3188, bakaf3280, wlack2188, 3mbfklb, 1qwdjjd, zafke3177"
60,3,0.667,26,0,1731.071,54.786,0.607,0.393,"baxor3828, touab4277, yowbc4277"
61,2,1,9,0,1361.4,63.2,0.3,0.3,"gdjsys526252, tudysrud"
62,3,0.667,20,0,1591.333,103.111,1.741,0.815,"kendjffg, yang_reddit, dhdjuehiehrh"
63,3,0.667,22,0,1865.926,26.481,0.185,1.111,"hfchkk26, kduudk6, ukfee8"
64,7,0.619,50,0.692,1459.793,49.622,0.256,0.695,"hehs5037, cjire9104, dhhi6645, fkir2290, ufsc8075, cjur6297, urdu9708"
65,4,0.833,40,0.75,1723.977,58.545,0.318,1.068,"clirr5282, fnnf8890, gjguq6894, xihz9643"
66,2,1,15,0,1164.091,40.455,1.364,0.182,"coirf88774, courr1227"
67,6,0.8,38,0.789,1470.357,44.086,0.543,0.471,"ghhj8554, bvoo3130, dijx3903, fhda78402, okay11732, ytrq8081"
68,6,0.733,27,0.581,780.87,32.704,0.574,0.685,"drgd8391, dygd8923, eiej4325, jkuy0534, djwf2904, wove1579"
69,6,0.733,18,0.75,449.5,21.111,0.444,0.111,"fiurf9599, hgsa33741, gits5263, hdha0995, jiqw8344, jwhe5192"
70,4,1,9,1,564.917,31.917,0.083,0,"hojdmc, reddit_grayson99, qdcieh, reddit_hunt"
