"Account","Network","Unique Shares","Avg Time Between Shares (sec)","Edge Symmetry Score","Degree","Strength","Betweenness","Avg Views","Avg Likes","Avg Comments","Avg Shares"
"<a href=""https://tiktok.com/@1yrogls"" target=""_blank"">@1yrogls</a>",73,6,44.825,0.979,6,61,0,1015,36.5,0,0
"<a href=""https://tiktok.com/@2thgkvjd"" target=""_blank"">@2thgkvjd</a>",72,6,51.8,0.875,1,10,0,1536.333,122,1.333,0.333
"<a href=""https://tiktok.com/@3mbfklb"" target=""_blank"">@3mbfklb</a>",72,6,51.8,0.875,1,10,0,1504,58.333,1,0.333
"<a href=""https://tiktok.com/@adhhrrt"" target=""_blank"">@adhhrrt</a>",23,7,57.377,0.944,2,21,0,866.571,19.429,0.143,0.286
"<a href=""https://tiktok.com/@aed0267"" target=""_blank"">@aed0267</a>",39,11,54.463,0.808,3,33,0,1961.909,86.545,0.364,0.545
"<a href=""https://tiktok.com/@aed2750"" target=""_blank"">@aed2750</a>",40,11,48.105,0.84,3,53,0,1485.818,44.727,0.182,0.273
"<a href=""https://tiktok.com/@aed3660"" target=""_blank"">@aed3660</a>",38,10,47.392,1,2,24,0,10654.9,232.1,4.3,8.5
"<a href=""https://tiktok.com/@aed75787"" target=""_blank"">@aed75787</a>",38,7,46.773,1,2,22,0,6666.857,122.143,2.571,4
"<a href=""https://tiktok.com/@aed7p4"" target=""_blank"">@aed7p4</a>",37,9,53.727,1,1,11,0,2165.556,81.556,1.222,0
"<a href=""https://tiktok.com/@aedgslpxjx"" target=""_blank"">@aedgslpxjx</a>",8,10,61.158,0.952,4,50,0,2112.9,50.1,0.2,2.2
"<a href=""https://tiktok.com/@aedhdici"" target=""_blank"">@aedhdici</a>",3,8,45.4,0.855,3,30,0,2001,73.444,0.778,1.111
"<a href=""https://tiktok.com/@aedhdjcoof"" target=""_blank"">@aedhdjcoof</a>",8,9,48.377,0.866,2,21,0,1223.7,126.8,0.7,0.4
"<a href=""https://tiktok.com/@aediubt"" target=""_blank"">@aediubt</a>",87,6,35.111,0.857,1,9,0,2015.714,73.429,1.571,0.714
"<a href=""https://tiktok.com/@aedyckctu"" target=""_blank"">@aedyckctu</a>",3,10,58.283,1,3,34,0,1482.1,76.8,0.4,1.2
"<a href=""https://tiktok.com/@afrah.wahibah.naz"" target=""_blank"">@afrah.wahibah.naz</a>",94,3,53,0.8,1,9,0,864,57.667,1.333,9
"<a href=""https://tiktok.com/@ale2r35"" target=""_blank"">@ale2r35</a>",17,7,44.481,0.905,3,29,0,1422.714,37.429,0.571,2
"<a href=""https://tiktok.com/@ale383279"" target=""_blank"">@ale383279</a>",17,7,45.456,0.845,2,19,0,736.143,52.143,0,0.286
"<a href=""https://tiktok.com/@aleaa0249"" target=""_blank"">@aleaa0249</a>",17,7,58.768,0.878,3,33,0,579,20.571,0.143,0
"<a href=""https://tiktok.com/@amazing_seeet120"" target=""_blank"">@amazing_seeet120</a>",43,5,91.444,0.833,1,18,0,98.429,4.5,0.857,0.571
"<a href=""https://tiktok.com/@amkgvx"" target=""_blank"">@amkgvx</a>",51,9,75.864,0.929,2,24,0,880.111,18,0.111,0
"<a href=""https://tiktok.com/@anpebsaxgu9"" target=""_blank"">@anpebsaxgu9</a>",17,8,51.493,0.892,5,47,0,1792,62.25,0.5,0.5
"<a href=""https://tiktok.com/@arffug"" target=""_blank"">@arffug</a>",69,11,66.379,1,1,29,0,6091.727,244,1,11.091
"<a href=""https://tiktok.com/@aseng.haymong"" target=""_blank"">@aseng.haymong</a>",52,8,59.825,0.9,2,22,0,2470.625,145.25,1.75,1.875
"<a href=""https://tiktok.com/@avav11738"" target=""_blank"">@avav11738</a>",20,7,53.965,0.929,2,20,0,16568.625,164.5,5.375,6.25
"<a href=""https://tiktok.com/@avphoa"" target=""_blank"">@avphoa</a>",79,6,23.778,0.833,1,9,0,1019.625,66.625,1.25,1.5
"<a href=""https://tiktok.com/@ayden.riverad"" target=""_blank"">@ayden.riverad</a>",2,10,58.679,0.955,2,26,0,4919.1,150.4,2.2,1.3
"<a href=""https://tiktok.com/@babykmli0"" target=""_blank"">@babykmli0</a>",49,4,52.9,0.833,1,10,0,2.75,0,0,0
"<a href=""https://tiktok.com/@battl.kray"" target=""_blank"">@battl.kray</a>",39,10,52.873,0.901,7,106,0,14817.8,193.1,0.6,1.3
"<a href=""https://tiktok.com/@bdhjddbjrjej"" target=""_blank"">@bdhjddbjrjej</a>",82,12,53.994,0.97,7,77,0,2210.583,13.75,0.083,4.667
"<a href=""https://tiktok.com/@be.jkigv"" target=""_blank"">@be.jkigv</a>",1,6,54.727,1,1,11,0,23686,704.333,10.167,3
"<a href=""https://tiktok.com/@beautifulgir482"" target=""_blank"">@beautifulgir482</a>",47,5,53.727,0.889,1,22,0,267.182,49.091,4.545,0.455
"<a href=""https://tiktok.com/@benedossie2"" target=""_blank"">@benedossie2</a>",39,15,56.528,0.902,7,147,0,5439.067,91.333,0.4,0.533
"<a href=""https://tiktok.com/@bipiqo"" target=""_blank"">@bipiqo</a>",70,12,71.439,1,6,146,0,1217.167,53.833,0.25,0.583
"<a href=""https://tiktok.com/@bixukf"" target=""_blank"">@bixukf</a>",77,6,42.467,0.897,3,30,0,1839,108.833,1.333,0.833
"<a href=""https://tiktok.com/@bkot6010"" target=""_blank"">@bkot6010</a>",60,9,67.188,1,2,42,0,771,22.778,0.556,0.889
"<a href=""https://tiktok.com/@bkvhf1"" target=""_blank"">@bkvhf1</a>",22,7,56.778,1,2,19,0,842.714,26.286,0.429,0.857
"<a href=""https://tiktok.com/@bmc12655"" target=""_blank"">@bmc12655</a>",1,8,53.908,0.952,3,30,0,1749.889,97,0.556,0.222
"<a href=""https://tiktok.com/@bpgarp"" target=""_blank"">@bpgarp</a>",70,13,67.835,0.887,6,152,0,719.462,15.769,0.077,0
"<a href=""https://tiktok.com/@bsjj8797"" target=""_blank"">@bsjj8797</a>",10,9,44.888,0.966,5,93,0,984.444,31.333,0.333,0.333
"<a href=""https://tiktok.com/@bsyg2865"" target=""_blank"">@bsyg2865</a>",12,9,46.143,0.899,2,27,0,718.333,21.222,0.222,0.333
"<a href=""https://tiktok.com/@buslmigf7dn"" target=""_blank"">@buslmigf7dn</a>",17,8,59.85,0.818,4,40,0,2763.75,83.5,0.125,0.375
"<a href=""https://tiktok.com/@bvoo3130"" target=""_blank"">@bvoo3130</a>",63,12,68.028,0.967,5,128,0,1728.167,49.917,0.583,0.333
"<a href=""https://tiktok.com/@bxkke4723"" target=""_blank"">@bxkke4723</a>",74,6,54.471,0.832,9,121,0,2143,52.5,1,0.333
"<a href=""https://tiktok.com/@cagnhd"" target=""_blank"">@cagnhd</a>",32,8,49.879,0.873,2,23,0,2056.4,107.5,2.9,0.8
"<a href=""https://tiktok.com/@cainima888"" target=""_blank"">@cainima888</a>",10,10,44.155,0.98,5,98,0,1004.8,32,0.7,0.2
"<a href=""https://tiktok.com/@carbloggera"" target=""_blank"">@carbloggera</a>",10,10,44.213,0.974,5,101,0,626.3,30.5,0.5,0.1
"<a href=""https://tiktok.com/@carlos.alberto.al886"" target=""_blank"">@carlos.alberto.al886</a>",52,9,65.733,1,1,15,0,35916.444,689.889,14.778,7.444
"<a href=""https://tiktok.com/@cbjf05"" target=""_blank"">@cbjf05</a>",2,10,58.321,0.892,2,28,0,1810.5,70.7,1,0.4
"<a href=""https://tiktok.com/@cfdc18"" target=""_blank"">@cfdc18</a>",40,12,49.084,0.848,3,66,0,1999.583,79.75,0.75,0.917
"<a href=""https://tiktok.com/@chantalkusch"" target=""_blank"">@chantalkusch</a>",1,9,52.321,0.933,6,66,0,2549,131.222,0.889,0.889
"<a href=""https://tiktok.com/@chcjg0"" target=""_blank"">@chcjg0</a>",7,6,33.778,1,1,9,0,1003.571,45.714,1.143,2.714
"<a href=""https://tiktok.com/@chdg050"" target=""_blank"">@chdg050</a>",36,8,62.111,0.857,1,9,0,3398.75,102.125,0.5,0.625
"<a href=""https://tiktok.com/@china_deriver_60"" target=""_blank"">@china_deriver_60</a>",47,5,53.727,0.889,1,22,0,24482.727,1477,48.636,54.182
"<a href=""https://tiktok.com/@chummi_queen1"" target=""_blank"">@chummi_queen1</a>",42,18,86.533,0.938,2,31,0,2223.818,129.667,12.182,5.606
"<a href=""https://tiktok.com/@cihohsqwfi"" target=""_blank"">@cihohsqwfi</a>",24,9,46.654,0.95,2,26,0,790.111,17.111,0.111,0.111
"<a href=""https://tiktok.com/@cjgkgk45"" target=""_blank"">@cjgkgk45</a>",31,6,52.4,1,1,10,0,895,25.833,0.833,0.5
"<a href=""https://tiktok.com/@cjire9104"" target=""_blank"">@cjire9104</a>",90,6,29.571,0.857,1,21,0,1056.5,30.833,0.5,0.5
"<a href=""https://tiktok.com/@cjsllfd"" target=""_blank"">@cjsllfd</a>",25,7,50.658,0.95,2,22,0,1065.286,42.143,0,0.143
"<a href=""https://tiktok.com/@cjur6297"" target=""_blank"">@cjur6297</a>",89,6,85.967,0.917,2,24,0,923.5,42.25,0.25,0.25
"<a href=""https://tiktok.com/@clirr5282"" target=""_blank"">@clirr5282</a>",91,8,28.667,1,1,18,0,962.125,60.125,0.375,1.25
"<a href=""https://tiktok.com/@coirf88774"" target=""_blank"">@coirf88774</a>",93,3,48.667,1,2,18,0,1554,97.8,0.4,0.2
"<a href=""https://tiktok.com/@courr1227"" target=""_blank"">@courr1227</a>",93,6,50.333,0.944,3,42,0,1351.833,52.667,0.333,0
"<a href=""https://tiktok.com/@cp.eagdu"" target=""_blank"">@cp.eagdu</a>",4,9,47.65,1,2,20,0,2222,109.444,0.444,0.889
"<a href=""https://tiktok.com/@cutequeen_driver120"" target=""_blank"">@cutequeen_driver120</a>",42,9,91.466,0.786,2,23,0,686.262,58.976,4.833,1.476
"<a href=""https://tiktok.com/@cvjbvgujh"" target=""_blank"">@cvjbvgujh</a>",82,12,54.257,0.963,3,33,0,1201.583,8.333,0,2.083
"<a href=""https://tiktok.com/@cx.b28"" target=""_blank"">@cx.b28</a>",35,10,53.861,0.952,4,43,0,1851.5,131.7,2.2,0
"<a href=""https://tiktok.com/@dayutoureddit"" target=""_blank"">@dayutoureddit</a>",81,8,36,1,1,12,0,1642.5,133.125,1.5,1.375
"<a href=""https://tiktok.com/@dddgggg63"" target=""_blank"">@dddgggg63</a>",53,7,43,0.714,1,9,0,1627.444,53.889,2.333,1
"<a href=""https://tiktok.com/@dhcfgggfhu"" target=""_blank"">@dhcfgggfhu</a>",88,6,56.444,1,1,9,0,1956,26,0.333,0.333
"<a href=""https://tiktok.com/@dhdjuehiehrh"" target=""_blank"">@dhdjuehiehrh</a>",81,6,36,1,1,12,0,4415.667,173.5,1.667,1
"<a href=""https://tiktok.com/@dhhi6645"" target=""_blank"">@dhhi6645</a>",89,6,55.556,1,3,54,0,1038,58,0.111,0.444
"<a href=""https://tiktok.com/@dhie1905"" target=""_blank"">@dhie1905</a>",67,9,9,1,1,9,0,1086.583,48.167,0.333,0.667
"<a href=""https://tiktok.com/@dijx3903"" target=""_blank"">@dijx3903</a>",63,12,60.219,0.799,5,93,0,1613.083,42.667,0.25,0.333
"<a href=""https://tiktok.com/@djm9r"" target=""_blank"">@djm9r</a>",35,10,57.375,0.968,6,67,0,1180.1,65.5,1.8,1.5
"<a href=""https://tiktok.com/@djskgikeejk8"" target=""_blank"">@djskgikeejk8</a>",44,8,45.154,0.875,1,13,0,5710.533,164.067,2.2,39.8
"<a href=""https://tiktok.com/@dlakhjx"" target=""_blank"">@dlakhjx</a>",23,9,49.75,1,1,12,0,1084.778,40,1.222,0.333
"<a href=""https://tiktok.com/@drgd8391"" target=""_blank"">@drgd8391</a>",63,9,55.185,1,3,45,0,1049.444,45.778,0.556,0.333
"<a href=""https://tiktok.com/@dsnomp"" target=""_blank"">@dsnomp</a>",79,5,20.889,0.845,2,19,0,1004.833,47.333,1.5,0.167
"<a href=""https://tiktok.com/@dtbtcc8"" target=""_blank"">@dtbtcc8</a>",70,12,66.102,0.933,7,148,0,1732.667,43.667,0.25,0.667
"<a href=""https://tiktok.com/@dthh824"" target=""_blank"">@dthh824</a>",41,10,46.042,0.857,4,81,0,11746.8,163.3,2.3,6.1
"<a href=""https://tiktok.com/@dtkwod"" target=""_blank"">@dtkwod</a>",32,9,47.114,0.889,3,32,0,1818.222,109,1.111,0.778
"<a href=""https://tiktok.com/@dtxijq"" target=""_blank"">@dtxijq</a>",85,9,20.766,0.986,6,124,0,330.556,11.444,0.333,0.222
"<a href=""https://tiktok.com/@duuff30"" target=""_blank"">@duuff30</a>",73,6,48.367,0.938,2,19,0,1048.167,46,0.833,0.167
"<a href=""https://tiktok.com/@eiej4325"" target=""_blank"">@eiej4325</a>",63,4,71.746,0.75,4,46,0,453.333,15.333,0.333,0.833
"<a href=""https://tiktok.com/@emory.drawehj"" target=""_blank"">@emory.drawehj</a>",52,9,72.889,0.952,3,27,0,2281.889,54.667,1.111,2.333
"<a href=""https://tiktok.com/@eosid2"" target=""_blank"">@eosid2</a>",25,9,54.111,0.944,2,18,0,1101.444,42.556,0.111,0
"<a href=""https://tiktok.com/@eqmhqf"" target=""_blank"">@eqmhqf</a>",70,11,69.36,0.93,7,134,0,1240.083,30.75,0.167,0.417
"<a href=""https://tiktok.com/@eqxela7"" target=""_blank"">@eqxela7</a>",85,7,19.535,0.983,6,96,0,691.714,24.429,0.714,0.286
"<a href=""https://tiktok.com/@evfdmzl"" target=""_blank"">@evfdmzl</a>",77,5,33.133,0.929,2,19,0,3585.8,209.2,0.6,0
"<a href=""https://tiktok.com/@eyidk5"" target=""_blank"">@eyidk5</a>",59,7,36.611,1,2,22,0,917.429,77.286,1.714,0.143
"<a href=""https://tiktok.com/@fauy8466"" target=""_blank"">@fauy8466</a>",3,10,64.818,1,1,11,0,1860,89,0.7,1.1
"<a href=""https://tiktok.com/@fcjjv86"" target=""_blank"">@fcjjv86</a>",8,8,53.061,0.938,2,23,0,1893.778,89.111,0.333,0.556
"<a href=""https://tiktok.com/@fcvbvv57"" target=""_blank"">@fcvbvv57</a>",82,11,50.491,1,4,42,0,4278.167,46.667,1.333,18.75
"<a href=""https://tiktok.com/@fdijc3"" target=""_blank"">@fdijc3</a>",1,9,44.654,0.917,2,22,0,1779.222,130.556,1.444,1.111
"<a href=""https://tiktok.com/@fduic5"" target=""_blank"">@fduic5</a>",8,9,41.693,0.947,4,51,0,8071.556,104.889,2,1.222
"<a href=""https://tiktok.com/@fevkuiq"" target=""_blank"">@fevkuiq</a>",17,7,60.697,0.86,4,37,0,948.429,34.429,0.571,2
"<a href=""https://tiktok.com/@fhda78402"" target=""_blank"">@fhda78402</a>",63,12,61.167,0.978,5,87,0,816.167,48.583,0.25,0.417
"<a href=""https://tiktok.com/@fhdjfjfj8"" target=""_blank"">@fhdjfjfj8</a>",23,10,63.542,0.902,4,40,0,1493.5,49,0.1,0.2
"<a href=""https://tiktok.com/@fhggf28"" target=""_blank"">@fhggf28</a>",30,6,49.364,1,1,11,0,878,30.667,0.333,0.333
"<a href=""https://tiktok.com/@fhkundshunk"" target=""_blank"">@fhkundshunk</a>",33,13,42.884,0.75,2,31,0,3604.154,3.462,0.231,0
"<a href=""https://tiktok.com/@fhuc22"" target=""_blank"">@fhuc22</a>",11,9,30.074,0.97,3,36,0,1056.222,28.667,0.667,0.333
"<a href=""https://tiktok.com/@fhvf210"" target=""_blank"">@fhvf210</a>",14,6,32.522,0.963,3,35,0,1089.167,47.167,2.667,5.667
"<a href=""https://tiktok.com/@fhxk1941"" target=""_blank"">@fhxk1941</a>",60,3,63.444,0.5,1,9,0,1167.286,86.571,0.571,1.714
"<a href=""https://tiktok.com/@fiir2712"" target=""_blank"">@fiir2712</a>",89,6,63,1,2,18,0,275.333,9.5,0,0.167
"<a href=""https://tiktok.com/@fijficvk"" target=""_blank"">@fijficvk</a>",21,8,47.909,1,1,11,0,803.222,15.111,0,0
"<a href=""https://tiktok.com/@fijglhhj"" target=""_blank"">@fijglhhj</a>",23,10,63.104,0.939,3,29,0,544.2,17.1,0.1,0
"<a href=""https://tiktok.com/@fjcjbho58"" target=""_blank"">@fjcjbho58</a>",74,7,48.822,0.926,8,99,0,1080,29,0,0
"<a href=""https://tiktok.com/@fjyukfjjf"" target=""_blank"">@fjyukfjjf</a>",35,10,58.578,0.909,4,47,0,1174.5,92.5,0.9,1
"<a href=""https://tiktok.com/@fkfdnd"" target=""_blank"">@fkfdnd</a>",34,6,45.267,0.938,2,22,0,900.75,26,0.25,0
"<a href=""https://tiktok.com/@fkir2290"" target=""_blank"">@fkir2290</a>",90,9,29.571,0.857,1,21,0,680,64,0.444,0.111
"<a href=""https://tiktok.com/@fnnf8890"" target=""_blank"">@fnnf8890</a>",91,6,28.667,1,1,18,0,1171,48.444,0.333,0.556
"<a href=""https://tiktok.com/@frd7456"" target=""_blank"">@frd7456</a>",25,7,55.766,1,2,25,0,850.571,20.429,0,0
"<a href=""https://tiktok.com/@fughf21"" target=""_blank"">@fughf21</a>",1,7,50.278,0.938,2,18,0,3954.875,154.25,0.75,0.875
"<a href=""https://tiktok.com/@gckcj4"" target=""_blank"">@gckcj4</a>",3,10,41.521,0.944,3,34,0,2389.3,68.9,0.2,0.7
"<a href=""https://tiktok.com/@gclqse"" target=""_blank"">@gclqse</a>",69,12,66.379,1,1,29,0,626.833,36.583,0.167,0.5
"<a href=""https://tiktok.com/@gdjdi63"" target=""_blank"">@gdjdi63</a>",59,7,54.222,1,2,22,0,1526.857,60.714,1.429,0.143
"<a href=""https://tiktok.com/@gduhx01"" target=""_blank"">@gduhx01</a>",8,8,48.217,1,2,22,0,2396.4,62.9,0.3,0.2
"<a href=""https://tiktok.com/@geievertu8"" target=""_blank"">@geievertu8</a>",35,10,59.385,0.944,5,55,0,1690.1,50.5,0.4,0.4
"<a href=""https://tiktok.com/@gf.nj97"" target=""_blank"">@gf.nj97</a>",35,8,57.385,0.949,4,42,0,1650.375,107.625,2,11.375
"<a href=""https://tiktok.com/@gfg6705"" target=""_blank"">@gfg6705</a>",14,6,36.335,0.888,3,36,0,1008.333,30.833,1.833,3
"<a href=""https://tiktok.com/@gfjch34"" target=""_blank"">@gfjch34</a>",36,9,57.378,0.933,4,37,0,1700.778,162.778,3.667,5.556
"<a href=""https://tiktok.com/@ggg.hgfc"" target=""_blank"">@ggg.hgfc</a>",6,6,49.633,0.944,2,19,0,31581.333,633.167,3.167,6.333
"<a href=""https://tiktok.com/@ggih3179"" target=""_blank"">@ggih3179</a>",12,6,48.508,0.887,2,22,0,755.556,17.111,0.111,0
"<a href=""https://tiktok.com/@gheoe8"" target=""_blank"">@gheoe8</a>",56,6,56.583,0.917,2,21,0,1097.5,82.5,1.333,0.333
"<a href=""https://tiktok.com/@ghhj8554"" target=""_blank"">@ghhj8554</a>",63,12,73.76,0.911,6,96,0,1643.083,51.417,0.417,1.667
"<a href=""https://tiktok.com/@gigigjj"" target=""_blank"">@gigigjj</a>",24,6,61.1,1,1,10,0,749.667,31.5,0,0.5
"<a href=""https://tiktok.com/@givi0331"" target=""_blank"">@givi0331</a>",61,11,60.242,0.939,5,77,0,430.364,16.909,0,0.182
"<a href=""https://tiktok.com/@gjgkgg0"" target=""_blank"">@gjgkgg0</a>",29,6,57.6,0.875,1,10,0,446.667,9.833,0,0
"<a href=""https://tiktok.com/@gjgkho8"" target=""_blank"">@gjgkho8</a>",22,6,51.778,1,1,9,0,606.333,32.833,0.833,0.5
"<a href=""https://tiktok.com/@gjguq6894"" target=""_blank"">@gjguq6894</a>",92,9,37.75,0.889,1,24,0,1998.333,64.667,0.444,1
"<a href=""https://tiktok.com/@gjhg8047"" target=""_blank"">@gjhg8047</a>",63,8,71.128,1,4,51,0,832.556,21,0,0.444
"<a href=""https://tiktok.com/@gkkfykjb"" target=""_blank"">@gkkfykjb</a>",24,8,52.627,0.95,2,23,0,1012.875,35.625,0,0.25
"<a href=""https://tiktok.com/@gohdr4367"" target=""_blank"">@gohdr4367</a>",74,8,50.641,0.871,6,85,0,2053.125,63.375,0.375,0.375
"<a href=""https://tiktok.com/@gooj806"" target=""_blank"">@gooj806</a>",41,5,34.176,0.695,3,30,0,1996.6,64.4,0.6,1.8
"<a href=""https://tiktok.com/@gour2295"" target=""_blank"">@gour2295</a>",93,6,47.4,0.944,3,42,0,2924.167,83,0.5,2.167
"<a href=""https://tiktok.com/@goxwwtn"" target=""_blank"">@goxwwtn</a>",80,6,35.9,0.857,1,10,0,17735.625,818.25,3.5,1.875
"<a href=""https://tiktok.com/@gutieyy7"" target=""_blank"">@gutieyy7</a>",35,8,61.262,0.96,5,52,0,2830.375,113.75,1.75,0.375
"<a href=""https://tiktok.com/@gxhx514"" target=""_blank"">@gxhx514</a>",74,6,48.444,0.911,6,68,0,2250.333,45.167,0,0
"<a href=""https://tiktok.com/@gxiiff3"" target=""_blank"">@gxiiff3</a>",4,6,45.5,1,1,10,0,3416.375,129.75,0.5,1.25
"<a href=""https://tiktok.com/@hajhsh12"" target=""_blank"">@hajhsh12</a>",21,10,53.566,1,2,20,0,986.6,46.7,0.5,0.3
"<a href=""https://tiktok.com/@hbjoggv"" target=""_blank"">@hbjoggv</a>",23,6,62.5,1,2,18,0,921.667,32.167,0,0.167
"<a href=""https://tiktok.com/@hdbjx72"" target=""_blank"">@hdbjx72</a>",14,7,31.421,0.967,3,39,0,1544.571,37.286,0.143,0.571
"<a href=""https://tiktok.com/@hdhxh3484"" target=""_blank"">@hdhxh3484</a>",8,10,44.806,0.897,4,41,0,2485.3,52.4,0.9,3.8
"<a href=""https://tiktok.com/@hdicok57"" target=""_blank"">@hdicok57</a>",87,7,35.111,0.857,1,9,0,20147.571,964.143,16,8.143
"<a href=""https://tiktok.com/@hdidkser0"" target=""_blank"">@hdidkser0</a>",35,9,59.806,0.969,4,37,0,3056.667,140.444,1,2.222
"<a href=""https://tiktok.com/@hdmjwo1"" target=""_blank"">@hdmjwo1</a>",70,5,50.611,1,4,36,0,688.583,29.583,0.083,1.083
"<a href=""https://tiktok.com/@hfstil3"" target=""_blank"">@hfstil3</a>",58,6,49.6,0.833,1,10,0,33520,1657.714,20,41.143
"<a href=""https://tiktok.com/@hgidsi"" target=""_blank"">@hgidsi</a>",74,8,56.205,0.929,8,105,0,3195.625,63.25,0.25,1.125
"<a href=""https://tiktok.com/@hi.pnct"" target=""_blank"">@hi.pnct</a>",21,9,62.778,1,2,21,0,800.778,26,0.222,0.333
"<a href=""https://tiktok.com/@hidouo"" target=""_blank"">@hidouo</a>",70,12,66.499,1,4,103,0,1052.333,17.083,0.083,0.083
"<a href=""https://tiktok.com/@hltuoq"" target=""_blank"">@hltuoq</a>",70,12,71.835,0.972,6,114,0,1411.917,44.167,0.333,0.417
"<a href=""https://tiktok.com/@hoeg.huan"" target=""_blank"">@hoeg.huan</a>",37,9,53.727,1,1,11,0,5099.667,62.889,0.667,1
"<a href=""https://tiktok.com/@hojdmc"" target=""_blank"">@hojdmc</a>",64,15,18.591,0.96,2,93,0,1182.733,152.8,0.133,0.867
"<a href=""https://tiktok.com/@hootchxs"" target=""_blank"">@hootchxs</a>",25,8,49.772,0.967,3,33,0,458.625,11.75,0,0.125
"<a href=""https://tiktok.com/@houri.enriqk"" target=""_blank"">@houri.enriqk</a>",55,8,45.909,1,1,11,0,458.75,11.5,0.5,0.25
"<a href=""https://tiktok.com/@hrsy60677"" target=""_blank"">@hrsy60677</a>",89,9,36.87,1,3,63,0,844.667,39.667,0.556,0.556
"<a href=""https://tiktok.com/@hsbuz8"" target=""_blank"">@hsbuz8</a>",15,9,35.194,1,2,27,0,982.818,38.909,0.182,0.091
"<a href=""https://tiktok.com/@huangzonliyoan"" target=""_blank"">@huangzonliyoan</a>",25,6,58.889,0.882,2,18,0,836,26.5,0.167,0.333
"<a href=""https://tiktok.com/@huydhfhyyxd"" target=""_blank"">@huydhfhyyxd</a>",84,5,36.889,1,1,9,0,8362.2,59.6,1.6,0.2
"<a href=""https://tiktok.com/@hvtcan"" target=""_blank"">@hvtcan</a>",79,4,18,0.857,1,10,0,1008.5,50.833,0.5,0
"<a href=""https://tiktok.com/@hxjdsj34"" target=""_blank"">@hxjdsj34</a>",73,5,40.556,0.958,3,28,0,1041,92.2,1,0.4
"<a href=""https://tiktok.com/@hylioooyyy"" target=""_blank"">@hylioooyyy</a>",30,6,49.364,1,1,11,0,1329.333,48.167,0,0.667
"<a href=""https://tiktok.com/@hzhdhs"" target=""_blank"">@hzhdhs</a>",73,6,35.848,0.925,5,49,0,1117.5,59.5,0.667,0.167
"<a href=""https://tiktok.com/@ididu034"" target=""_blank"">@ididu034</a>",36,9,65.688,1,3,30,0,11233,170.667,4.333,3
"<a href=""https://tiktok.com/@idpeoc"" target=""_blank"">@idpeoc</a>",70,10,64.429,0.862,8,132,0,2087.5,35.4,0.1,0.2
"<a href=""https://tiktok.com/@if.en.is.fam"" target=""_blank"">@if.en.is.fam</a>",25,9,60.481,0.967,3,31,0,1046.222,36.222,0.556,0.444
"<a href=""https://tiktok.com/@ifrt2705"" target=""_blank"">@ifrt2705</a>",66,9,10.333,1,1,9,0,1565.917,47.083,0.583,0.333
"<a href=""https://tiktok.com/@iggkgmv"" target=""_blank"">@iggkgmv</a>",27,8,48.636,0.9,1,11,0,503.875,17.375,0,0.25
"<a href=""https://tiktok.com/@iiuu553"" target=""_blank"">@iiuu553</a>",41,9,50.74,0.916,4,64,0,5472.778,67,0.778,1.778
"<a href=""https://tiktok.com/@ilges.estelwei"" target=""_blank"">@ilges.estelwei</a>",52,8,56.444,1,2,21,0,1959,51.875,1.75,2.75
"<a href=""https://tiktok.com/@injjzxvr"" target=""_blank"">@injjzxvr</a>",83,12,55.757,0.864,2,31,0,1879.583,9.083,0.167,0.583
"<a href=""https://tiktok.com/@irdc042"" target=""_blank"">@irdc042</a>",1,9,48.37,0.944,3,35,0,2927.444,118.667,0.889,0.889
"<a href=""https://tiktok.com/@isce0690"" target=""_blank"">@isce0690</a>",61,8,63.581,0.963,3,40,0,947.25,55.5,0.375,0.5
"<a href=""https://tiktok.com/@isge0853"" target=""_blank"">@isge0853</a>",62,3,62.333,1,1,9,0,427,16,0,0.333
"<a href=""https://tiktok.com/@isgs5669"" target=""_blank"">@isgs5669</a>",60,12,68.341,0.944,2,43,0,331.333,8.75,0.75,0.25
"<a href=""https://tiktok.com/@itsstj2"" target=""_blank"">@itsstj2</a>",56,8,58.6,0.917,2,22,0,1191,60.375,1.375,0.25
"<a href=""https://tiktok.com/@izbktlfq"" target=""_blank"">@izbktlfq</a>",82,9,44.632,0.977,4,44,0,1209.667,9.833,0,0.167
"<a href=""https://tiktok.com/@j.uv586"" target=""_blank"">@j.uv586</a>",13,5,49.803,1,2,20,0,845,26,0.2,0
"<a href=""https://tiktok.com/@jajsjsn56"" target=""_blank"">@jajsjsn56</a>",40,12,55.243,0.872,3,63,0,2880.5,49.667,0.25,1
"<a href=""https://tiktok.com/@jccj44506"" target=""_blank"">@jccj44506</a>",63,8,61.667,0.833,2,21,0,784.125,35.5,0.125,0.375
"<a href=""https://tiktok.com/@jdkckcj2"" target=""_blank"">@jdkckcj2</a>",5,10,96.2,0.625,1,10,0,4847,75.4,1.4,2.4
"<a href=""https://tiktok.com/@jdpxorjf"" target=""_blank"">@jdpxorjf</a>",1,8,50.399,0.919,3,34,0,2330.3,134.9,0.5,0.5
"<a href=""https://tiktok.com/@jecxsz"" target=""_blank"">@jecxsz</a>",85,9,21.189,0.986,6,124,0,544.667,32.889,1.444,0.444
"<a href=""https://tiktok.com/@jfdd653"" target=""_blank"">@jfdd653</a>",3,10,48.556,0.958,3,35,0,2454.7,83.5,0.5,3.9
"<a href=""https://tiktok.com/@jffihofff"" target=""_blank"">@jffihofff</a>",26,7,48.889,1,2,18,0,1016.714,31.143,0.286,2
"<a href=""https://tiktok.com/@jfkdkdk54"" target=""_blank"">@jfkdkdk54</a>",27,5,44.444,1,1,9,0,341,10.6,0.8,0.6
"<a href=""https://tiktok.com/@jjdjdd911"" target=""_blank"">@jjdjdd911</a>",22,9,56.615,1,3,34,0,857.222,19.778,0.111,0
"<a href=""https://tiktok.com/@jkdkj"" target=""_blank"">@jkdkj</a>",23,9,54.487,1,3,31,0,480.222,31.333,0.222,0.889
"<a href=""https://tiktok.com/@jkuy0534"" target=""_blank"">@jkuy0534</a>",63,12,79.739,0.95,4,64,0,1192.417,52.083,0.167,0.583
"<a href=""https://tiktok.com/@jsosjxj8"" target=""_blank"">@jsosjxj8</a>",1,9,62.467,0.841,3,30,0,2659.444,87.444,0.556,1.111
"<a href=""https://tiktok.com/@jspsns3"" target=""_blank"">@jspsns3</a>",57,6,71.667,1,1,12,0,4387.667,184.667,2.167,3.833
"<a href=""https://tiktok.com/@jtcytxyzey"" target=""_blank"">@jtcytxyzey</a>",1,10,60.512,0.906,5,52,0,14217.8,338.2,5.4,2.8
"<a href=""https://tiktok.com/@jvhb240"" target=""_blank"">@jvhb240</a>",40,14,54.016,0.831,4,79,0,2058.929,51.357,0.357,0.857
"<a href=""https://tiktok.com/@jvohvho"" target=""_blank"">@jvohvho</a>",28,6,53.333,0.889,1,9,0,285.167,5.5,0.167,0
"<a href=""https://tiktok.com/@jvtvc3"" target=""_blank"">@jvtvc3</a>",41,11,50.731,0.804,5,88,0,29502,1789.818,14.636,243.091
"<a href=""https://tiktok.com/@kacbr2774"" target=""_blank"">@kacbr2774</a>",73,5,32.17,0.875,3,29,0,408.5,10.667,0.167,0
"<a href=""https://tiktok.com/@kamlisarkar_0"" target=""_blank"">@kamlisarkar_0</a>",48,12,94,0.667,2,24,0,3745.556,321.444,16.278,34.5
"<a href=""https://tiktok.com/@kaylabigsjo"" target=""_blank"">@kaylabigsjo</a>",27,7,52.412,0.93,3,31,0,764.143,30.143,0.143,0
"<a href=""https://tiktok.com/@kdywnty"" target=""_blank"">@kdywnty</a>",77,6,50.222,0.944,3,29,0,1698,55.333,1,0.167
"<a href=""https://tiktok.com/@kfbfol"" target=""_blank"">@kfbfol</a>",68,7,51.75,1,1,20,0,241.6,30.1,0.1,1.7
"<a href=""https://tiktok.com/@kgkghkv"" target=""_blank"">@kgkghkv</a>",21,7,67.556,1,1,9,0,879.857,28.714,0.286,0.143
"<a href=""https://tiktok.com/@khanh.phukhh"" target=""_blank"">@khanh.phukhh</a>",52,9,56.031,0.933,3,31,0,1798.333,46.778,3.222,8.444
"<a href=""https://tiktok.com/@khayrikasibmansou"" target=""_blank"">@khayrikasibmansou</a>",94,3,53,0.8,1,9,0,1113.333,18.333,0,2.333
"<a href=""https://tiktok.com/@klsier"" target=""_blank"">@klsier</a>",70,3,46.667,1,4,36,0,112,6.667,0,0
"<a href=""https://tiktok.com/@krug011"" target=""_blank"">@krug011</a>",1,9,50.558,0.877,4,38,0,2204,178.667,0.667,0.333
"<a href=""https://tiktok.com/@landscape5670"" target=""_blank"">@landscape5670</a>",32,9,49.498,0.909,4,45,0,2850.111,106.778,1.444,3
"<a href=""https://tiktok.com/@lanora.haskely"" target=""_blank"">@lanora.haskely</a>",52,9,68.022,1,3,33,0,2070.556,55.889,2.556,2.778
"<a href=""https://tiktok.com/@lawgray3"" target=""_blank"">@lawgray3</a>",39,10,58.515,0.871,8,104,0,1727.9,70.1,0.2,1
"<a href=""https://tiktok.com/@ldaphc"" target=""_blank"">@ldaphc</a>",85,9,20.781,0.986,6,124,0,504.889,25.556,0,0.111
"<a href=""https://tiktok.com/@lhodsrr"" target=""_blank"">@lhodsrr</a>",23,10,57.391,1,2,21,0,600.2,16.9,0.6,0.3
"<a href=""https://tiktok.com/@lhqitc"" target=""_blank"">@lhqitc</a>",70,12,67.931,0.958,4,57,0,1549.167,37.167,0.167,0.167
"<a href=""https://tiktok.com/@liaojiuyu"" target=""_blank"">@liaojiuyu</a>",74,6,43.427,0.839,4,48,0,1423.333,24.167,0.333,0.167
"<a href=""https://tiktok.com/@lin689668987"" target=""_blank"">@lin689668987</a>",33,9,54.253,0.83,2,29,0,1570.6,72.8,2,21.6
"<a href=""https://tiktok.com/@liyonyonlll"" target=""_blank"">@liyonyonlll</a>",29,6,57.6,0.875,1,10,0,1219.167,56.833,1,0.167
"<a href=""https://tiktok.com/@liyyyang"" target=""_blank"">@liyyyang</a>",21,7,61.944,1,2,18,0,730.571,27.143,0,0.286
"<a href=""https://tiktok.com/@ljpjvh"" target=""_blank"">@ljpjvh</a>",76,8,11.5,0.909,1,14,0,1763.25,73.5,0.875,0.5
"<a href=""https://tiktok.com/@lnppoe"" target=""_blank"">@lnppoe</a>",86,11,55.698,0.929,2,41,0,21439.75,287.167,12.333,28
"<a href=""https://tiktok.com/@lpdjjnk"" target=""_blank"">@lpdjjnk</a>",25,9,63.515,0.898,4,39,0,755.667,22.667,0,0.111
"<a href=""https://tiktok.com/@luet671136"" target=""_blank"">@luet671136</a>",17,7,65.891,0.915,3,30,0,1369,77.286,0.286,0.429
"<a href=""https://tiktok.com/@lush_queen120"" target=""_blank"">@lush_queen120</a>",43,9,85.333,0.833,1,21,0,4037,310.778,30.944,12.056
"<a href=""https://tiktok.com/@lwandiswamsithini"" target=""_blank"">@lwandiswamsithini</a>",38,10,50.073,1,2,24,0,5992.1,86.6,1.4,2.9
"<a href=""https://tiktok.com/@lxjjc"" target=""_blank"">@lxjjc</a>",8,7,55.556,0.875,1,9,0,3031,71,1.286,10.143
"<a href=""https://tiktok.com/@mariencassano"" target=""_blank"">@mariencassano</a>",84,5,36.889,1,1,9,0,8487.857,63.429,2.429,0.286
"<a href=""https://tiktok.com/@mdsdz2"" target=""_blank"">@mdsdz2</a>",44,5,45.154,0.875,1,13,0,18904.929,733.214,26.143,9.643
"<a href=""https://tiktok.com/@mendhejeheje"" target=""_blank"">@mendhejeheje</a>",82,11,51.993,0.944,5,57,0,1335.667,12.083,0.25,6.167
"<a href=""https://tiktok.com/@miss.bordner"" target=""_blank"">@miss.bordner</a>",3,8,54,0.857,1,10,0,1889.889,96.222,0.333,0.667
"<a href=""https://tiktok.com/@mjbwysq6"" target=""_blank"">@mjbwysq6</a>",78,6,73.361,0.875,2,21,0,1240.167,47.667,0.167,0.167
"<a href=""https://tiktok.com/@mmhpbybt"" target=""_blank"">@mmhpbybt</a>",83,9,58.702,0.814,2,25,0,2085.917,26,3.583,2.667
"<a href=""https://tiktok.com/@monalisa7988"" target=""_blank"">@monalisa7988</a>",12,9,43.989,0.93,3,38,0,705.667,22.667,0.111,0
"<a href=""https://tiktok.com/@mrwihajhzb6"" target=""_blank"">@mrwihajhzb6</a>",28,7,53.333,0.889,1,9,0,779.714,37.571,0.714,2.714
"<a href=""https://tiktok.com/@mua29840"" target=""_blank"">@mua29840</a>",34,8,50.34,1,2,25,0,3473.7,70,0.7,0.5
"<a href=""https://tiktok.com/@mulask57"" target=""_blank"">@mulask57</a>",12,9,41.224,0.925,3,38,0,1280,33.1,0.1,0
"<a href=""https://tiktok.com/@mxvgdscsdfvcsdfsd"" target=""_blank"">@mxvgdscsdfvcsdfsd</a>",17,7,55.909,0.868,3,29,0,882.857,23.429,0.286,0.429
"<a href=""https://tiktok.com/@nassralanijw1hlg"" target=""_blank"">@nassralanijw1hlg</a>",45,9,20.8,1,1,25,0,579.111,46.667,0.556,0.667
"<a href=""https://tiktok.com/@ncaqusztvgl"" target=""_blank"">@ncaqusztvgl</a>",70,3,56.861,1,4,36,0,112.667,1.333,0,0
"<a href=""https://tiktok.com/@ncsfo3287"" target=""_blank"">@ncsfo3287</a>",73,6,31.44,0.969,4,43,0,1253.167,78.5,1,0.5
"<a href=""https://tiktok.com/@ndhfs844"" target=""_blank"">@ndhfs844</a>",74,6,40.477,0.832,5,59,0,1387.5,32.667,0.5,0
"<a href=""https://tiktok.com/@ndmsl15"" target=""_blank"">@ndmsl15</a>",59,7,57.833,1,2,18,0,26295.714,600,13.429,10.857
"<a href=""https://tiktok.com/@nidaye81"" target=""_blank"">@nidaye81</a>",74,7,46.762,0.882,8,109,0,987,45.857,0.286,0.286
"<a href=""https://tiktok.com/@niyebuya"" target=""_blank"">@niyebuya</a>",53,7,43,0.714,1,9,0,17240.556,356.667,5.778,2.444
"<a href=""https://tiktok.com/@nzohwh"" target=""_blank"">@nzohwh</a>",75,5,10.444,1,1,9,0,1370,81.2,2,0.4
"<a href=""https://tiktok.com/@objlhmtjemu"" target=""_blank"">@objlhmtjemu</a>",68,9,51.75,1,1,20,0,2489.667,47.083,0.167,0.583
"<a href=""https://tiktok.com/@oeivoppc"" target=""_blank"">@oeivoppc</a>",82,12,44.455,1,1,11,0,1385.833,8.417,0.167,1.5
"<a href=""https://tiktok.com/@ohchocx"" target=""_blank"">@ohchocx</a>",27,8,51.314,0.944,2,24,0,831,13.5,0,0
"<a href=""https://tiktok.com/@okay11732"" target=""_blank"">@okay11732</a>",63,12,60.977,0.958,6,111,0,1395,42.583,0.417,0.167
"<a href=""https://tiktok.com/@oljclk"" target=""_blank"">@oljclk</a>",76,8,11.5,0.909,1,14,0,1102,18.875,0.25,0.25
"<a href=""https://tiktok.com/@omi.poni0"" target=""_blank"">@omi.poni0</a>",11,9,30.775,0.97,3,35,0,1675.667,48.222,0.222,2.111
"<a href=""https://tiktok.com/@opgse4909"" target=""_blank"">@opgse4909</a>",74,7,56.073,0.828,11,151,0,18820.375,590.875,3.75,1.5
"<a href=""https://tiktok.com/@osb.remo"" target=""_blank"">@osb.remo</a>",39,11,53.369,0.934,8,125,0,3247.727,68.636,0.636,2
"<a href=""https://tiktok.com/@owuhwh"" target=""_blank"">@owuhwh</a>",58,5,49.6,0.833,1,10,0,46790.6,1720.8,15.8,18.2
"<a href=""https://tiktok.com/@oxkops7"" target=""_blank"">@oxkops7</a>",75,5,10.444,1,1,9,0,1394.8,51.4,0.8,0.6
"<a href=""https://tiktok.com/@pbpktw"" target=""_blank"">@pbpktw</a>",70,12,70.271,0.902,7,164,0,871.333,17.583,0,0.083
"<a href=""https://tiktok.com/@pcufgt6"" target=""_blank"">@pcufgt6</a>",80,7,35.9,0.857,1,10,0,969.286,46,0.571,0.571
"<a href=""https://tiktok.com/@pehcpohz"" target=""_blank"">@pehcpohz</a>",83,12,44.209,0.95,2,32,0,2834.5,23.333,2.75,10
"<a href=""https://tiktok.com/@plaqebfzf07"" target=""_blank"">@plaqebfzf07</a>",42,7,89.022,0.838,2,30,0,843.292,58.292,5.792,3.708
"<a href=""https://tiktok.com/@prbnac"" target=""_blank"">@prbnac</a>",70,3,58.667,1,2,18,0,134.333,0.333,0,0
"<a href=""https://tiktok.com/@prtnr8"" target=""_blank"">@prtnr8</a>",35,9,57.474,0.917,2,22,0,2605.222,106.556,2.222,0.556
"<a href=""https://tiktok.com/@puhrra"" target=""_blank"">@puhrra</a>",70,12,66.556,0.985,5,110,0,671.25,10.333,0,0
"<a href=""https://tiktok.com/@purnialesh45"" target=""_blank"">@purnialesh45</a>",55,9,45.909,1,1,11,0,1405.444,43.222,2.111,5.444
"<a href=""https://tiktok.com/@pxibi018"" target=""_blank"">@pxibi018</a>",15,4,32,1,1,9,0,1599.875,59.375,0.5,1
"<a href=""https://tiktok.com/@qdcieh"" target=""_blank"">@qdcieh</a>",64,16,19.062,0.939,2,96,0,1409,110.875,0.562,0.375
"<a href=""https://tiktok.com/@qifei6668886"" target=""_blank"">@qifei6668886</a>",50,5,39.778,1,1,9,0,1626.667,63,0.167,0.5
"<a href=""https://tiktok.com/@qigqtm"" target=""_blank"">@qigqtm</a>",70,3,59.289,1,5,45,0,111.667,1.333,0,0
"<a href=""https://tiktok.com/@quincyshop08"" target=""_blank"">@quincyshop08</a>",1,10,55.676,0.937,5,56,0,1971,121.5,0.5,0.6
"<a href=""https://tiktok.com/@ququ.anhag"" target=""_blank"">@ququ.anhag</a>",51,8,85,1,1,13,0,2034.3,25.3,1.5,1.6
"<a href=""https://tiktok.com/@qvcka2481"" target=""_blank"">@qvcka2481</a>",74,5,44.998,0.938,4,48,0,1651.6,58,0.6,0.2
"<a href=""https://tiktok.com/@reddit.vztwo"" target=""_blank"">@reddit.vztwo</a>",10,9,40.223,0.961,5,82,0,1441.556,29.556,0.222,0
"<a href=""https://tiktok.com/@reddit_grayson99"" target=""_blank"">@reddit_grayson99</a>",64,15,19.049,0.938,2,93,0,7043.667,256.467,0.4,0.667
"<a href=""https://tiktok.com/@reddit_ignatius8"" target=""_blank"">@reddit_ignatius8</a>",86,12,64.908,1,2,61,0,6589.667,105.333,10.417,18.25
"<a href=""https://tiktok.com/@redditpov1"" target=""_blank"">@redditpov1</a>",20,7,55.806,0.929,2,19,0,3300.222,67.889,0.222,0.333
"<a href=""https://tiktok.com/@reddittext48"" target=""_blank"">@reddittext48</a>",20,8,54.659,1,2,21,0,2181.889,49.111,0.111,1.111
"<a href=""https://tiktok.com/@rohingyao"" target=""_blank"">@rohingyao</a>",32,9,54.6,0.944,2,20,0,3477.7,128.6,1.9,1.6
"<a href=""https://tiktok.com/@rosacasey65"" target=""_blank"">@rosacasey65</a>",35,9,55.028,0.882,2,19,0,1770.333,78.778,1.556,1.778
"<a href=""https://tiktok.com/@rrwtqoji8v5"" target=""_blank"">@rrwtqoji8v5</a>",17,8,61.56,0.905,3,30,0,1163,30.625,0.125,0.5
"<a href=""https://tiktok.com/@seile.rian"" target=""_blank"">@seile.rian</a>",39,11,62.098,0.869,7,126,0,2250.545,44.182,5.909,11.818
"<a href=""https://tiktok.com/@sharleen.howard"" target=""_blank"">@sharleen.howard</a>",8,10,46.1,0.906,4,47,0,1730.5,131.8,0.5,2.2
"<a href=""https://tiktok.com/@shbsdd2"" target=""_blank"">@shbsdd2</a>",86,12,77.496,0.929,2,48,0,11061.833,218.333,20.833,24
"<a href=""https://tiktok.com/@shfjjg4"" target=""_blank"">@shfjjg4</a>",22,7,58.636,1,1,11,0,1354.143,29.571,1.143,0.286
"<a href=""https://tiktok.com/@shuj977"" target=""_blank"">@shuj977</a>",9,8,48.653,0.896,2,27,0,897.75,30,0.25,0.25
"<a href=""https://tiktok.com/@shuy742"" target=""_blank"">@shuy742</a>",10,10,44.78,0.974,5,104,0,704,16.2,0,0
"<a href=""https://tiktok.com/@sikki.kahtyk"" target=""_blank"">@sikki.kahtyk</a>",54,9,45.8,0.875,1,10,0,11121.889,123.667,0.889,3.333
"<a href=""https://tiktok.com/@skkfdxh"" target=""_blank"">@skkfdxh</a>",25,9,51.03,0.909,2,23,0,705,24.333,0.333,0.444
"<a href=""https://tiktok.com/@snoshsj"" target=""_blank"">@snoshsj</a>",73,5,44.556,1,1,9,0,797.6,33.6,0.4,0.2
"<a href=""https://tiktok.com/@sooz6329"" target=""_blank"">@sooz6329</a>",92,8,37.75,0.889,1,24,0,266.375,17.25,0,0.25
"<a href=""https://tiktok.com/@sqifhw"" target=""_blank"">@sqifhw</a>",70,12,56.71,0.965,6,104,0,895.5,23.417,0,0.25
"<a href=""https://tiktok.com/@steven.garrison13"" target=""_blank"">@steven.garrison13</a>",4,8,49.8,1,1,10,0,1376.667,62.222,0.333,0.444
"<a href=""https://tiktok.com/@stoyouh"" target=""_blank"">@stoyouh</a>",32,8,45.222,0.875,2,18,0,2343.5,110.625,1,3.375
"<a href=""https://tiktok.com/@sug7994"" target=""_blank"">@sug7994</a>",10,9,36.285,0.908,5,90,0,789,31.333,0.111,0.111
"<a href=""https://tiktok.com/@sun.lilym"" target=""_blank"">@sun.lilym</a>",52,8,62.056,0.929,2,21,0,1384.75,82.875,1.125,6.875
"<a href=""https://tiktok.com/@suoxin2"" target=""_blank"">@suoxin2</a>",24,8,49.154,1,1,13,0,1934.5,94.25,1.5,10.5
"<a href=""https://tiktok.com/@sush0240"" target=""_blank"">@sush0240</a>",66,9,10.333,1,1,9,0,2216.333,51.25,0.5,1
"<a href=""https://tiktok.com/@susv0936"" target=""_blank"">@susv0936</a>",61,3,59.667,1,1,9,0,8853,88.333,0,0.333
"<a href=""https://tiktok.com/@sweet_babyc120"" target=""_blank"">@sweet_babyc120</a>",43,9,88.389,0.833,2,39,0,3017.812,297.688,20.656,6.281
"<a href=""https://tiktok.com/@sweet_driver120"" target=""_blank"">@sweet_driver120</a>",42,13,98.182,0.571,1,11,0,14444.944,955.444,44.648,17.167
"<a href=""https://tiktok.com/@tarkibaby0"" target=""_blank"">@tarkibaby0</a>",49,3,52.9,0.833,1,10,0,108.375,5.75,0.25,0
"<a href=""https://tiktok.com/@tessh95"" target=""_blank"">@tessh95</a>",57,6,57,1,1,12,0,921.833,111.333,1.333,0.833
"<a href=""https://tiktok.com/@tetel4962"" target=""_blank"">@tetel4962</a>",62,3,62.333,1,1,9,0,332.333,11,0,0
"<a href=""https://tiktok.com/@tijf9855"" target=""_blank"">@tijf9855</a>",65,12,14.167,1,2,24,0,1869.583,37.333,1.083,0.667
"<a href=""https://tiktok.com/@tikfop7478"" target=""_blank"">@tikfop7478</a>",71,5,70.222,0.857,1,9,0,1050.2,36.4,0.4,0
"<a href=""https://tiktok.com/@titme"" target=""_blank"">@titme</a>",11,9,36.678,0.933,3,37,0,770.444,34.667,0.444,0.556
"<a href=""https://tiktok.com/@tiut0219"" target=""_blank"">@tiut0219</a>",89,9,36.87,1,3,63,0,325,13.222,0.444,0.111
"<a href=""https://tiktok.com/@tkfjfjjrj"" target=""_blank"">@tkfjfjjrj</a>",6,10,40.618,0.944,2,21,0,2903.1,45,0.8,0.9
"<a href=""https://tiktok.com/@todaysfriendshow4"" target=""_blank"">@todaysfriendshow4</a>",9,6,41.633,0.938,2,23,0,1485.333,45.667,0.778,0.333
"<a href=""https://tiktok.com/@toma.rimi"" target=""_blank"">@toma.rimi</a>",11,7,31.313,0.933,3,36,0,970,33.286,0.857,3.714
"<a href=""https://tiktok.com/@tookg4664"" target=""_blank"">@tookg4664</a>",74,4,38.136,0.867,5,52,0,79.75,0.75,0,0
"<a href=""https://tiktok.com/@topi.khatun6"" target=""_blank"">@topi.khatun6</a>",15,7,38.389,1,1,18,0,1015.143,15.571,0,0.143
"<a href=""https://tiktok.com/@tri.nguyenw"" target=""_blank"">@tri.nguyenw</a>",51,9,66.727,0.857,1,11,0,762.444,6.889,0.222,0
"<a href=""https://tiktok.com/@tug35587"" target=""_blank"">@tug35587</a>",57,6,64.333,1,2,24,0,7032.5,298.833,0.667,6.833
"<a href=""https://tiktok.com/@tugx2917"" target=""_blank"">@tugx2917</a>",61,10,71.685,0.933,3,49,0,616.75,34.667,0.083,0.583
"<a href=""https://tiktok.com/@twkg9813"" target=""_blank"">@twkg9813</a>",63,8,57.029,0.889,3,50,0,900.875,36,0.375,0.375
"<a href=""https://tiktok.com/@ubhutfrx"" target=""_blank"">@ubhutfrx</a>",1,8,60.378,0.914,5,48,0,3246.375,92.25,1.875,2.625
"<a href=""https://tiktok.com/@uest1280"" target=""_blank"">@uest1280</a>",63,6,53.673,0.917,4,47,0,1093.5,26,0.333,0
"<a href=""https://tiktok.com/@uffvi7"" target=""_blank"">@uffvi7</a>",23,7,54.611,0.944,2,18,0,1553.714,28.571,0,0
"<a href=""https://tiktok.com/@ufsc8075"" target=""_blank"">@ufsc8075</a>",89,6,65.917,1,4,63,0,2082.889,69.444,0.556,2.222
"<a href=""https://tiktok.com/@uiavao.bskvai"" target=""_blank"">@uiavao.bskvai</a>",6,8,47.652,1,2,20,0,96274,4388.25,12.125,26.625
"<a href=""https://tiktok.com/@uraf9163"" target=""_blank"">@uraf9163</a>",65,12,13.208,1,2,24,0,1178.417,48.667,0.583,1.083
"<a href=""https://tiktok.com/@urdu9708"" target=""_blank"">@urdu9708</a>",89,8,70.533,0.944,3,33,0,1227.125,57,0.125,0.25
"<a href=""https://tiktok.com/@user1203613923425"" target=""_blank"">@user1203613923425</a>",16,8,49.091,1,1,11,0,58832.125,1370.375,14.625,517.375
"<a href=""https://tiktok.com/@user12390941773567"" target=""_blank"">@user12390941773567</a>",88,6,63.556,1,1,9,0,1152.333,17.5,0.833,9.333
"<a href=""https://tiktok.com/@user16909390140293"" target=""_blank"">@user16909390140293</a>",33,6,60.187,0.795,2,20,0,975.909,14.364,0.182,0.091
"<a href=""https://tiktok.com/@user2810315813972"" target=""_blank"">@user2810315813972</a>",36,9,56.655,0.938,2,21,0,2001.222,82.889,1.222,0.222
"<a href=""https://tiktok.com/@user2903556969068"" target=""_blank"">@user2903556969068</a>",19,7,43.305,0.95,2,27,0,1709.714,40.571,1,6.286
"<a href=""https://tiktok.com/@user2932993437321"" target=""_blank"">@user2932993437321</a>",18,7,55.444,0.857,1,9,0,2152.429,49.714,0.714,7.571
"<a href=""https://tiktok.com/@user3034858843569"" target=""_blank"">@user3034858843569</a>",82,12,47.95,0.96,5,54,0,1656.667,9.667,0.083,0.167
"<a href=""https://tiktok.com/@user31473805812777"" target=""_blank"">@user31473805812777</a>",82,12,86.778,0.857,1,9,0,2151.333,20.75,0.25,4.833
"<a href=""https://tiktok.com/@user3436197788624"" target=""_blank"">@user3436197788624</a>",41,6,33.5,0.9,2,18,0,2118.5,75.667,1.333,5.667
"<a href=""https://tiktok.com/@user3758269061970"" target=""_blank"">@user3758269061970</a>",45,10,20.8,1,1,25,0,615,30.3,0.4,0.1
"<a href=""https://tiktok.com/@user3782324049429"" target=""_blank"">@user3782324049429</a>",82,11,77.772,0.952,3,31,0,1049.167,14.5,0,0.5
"<a href=""https://tiktok.com/@user386963311513"" target=""_blank"">@user386963311513</a>",18,8,67.431,0.879,2,21,0,2825,64.375,0.875,8.75
"<a href=""https://tiktok.com/@user4473161544200"" target=""_blank"">@user4473161544200</a>",88,6,51.556,0.857,1,9,0,5386,216.333,4.667,4
"<a href=""https://tiktok.com/@user4623873316361"" target=""_blank"">@user4623873316361</a>",82,11,51.571,0.982,5,52,0,1413.25,18.833,0.25,13.75
"<a href=""https://tiktok.com/@user5626060056906"" target=""_blank"">@user5626060056906</a>",1,9,49.8,0.944,2,20,0,1993,187.778,1.778,0.667
"<a href=""https://tiktok.com/@user6186701630842"" target=""_blank"">@user6186701630842</a>",19,8,42.669,1,2,28,0,1459.25,42,2.125,8
"<a href=""https://tiktok.com/@user6240933338579"" target=""_blank"">@user6240933338579</a>",82,12,50.333,1,3,35,0,3274.5,34.333,0.083,5
"<a href=""https://tiktok.com/@user65533709618068"" target=""_blank"">@user65533709618068</a>",7,8,33.778,1,1,9,0,1558,57,0.625,0.375
"<a href=""https://tiktok.com/@user6812280201318"" target=""_blank"">@user6812280201318</a>",88,6,57.185,0.952,3,27,0,3526.333,85,2.333,6.333
"<a href=""https://tiktok.com/@user6922385284275"" target=""_blank"">@user6922385284275</a>",1,9,44.95,0.944,2,20,0,2198.667,111.333,1.667,1.667
"<a href=""https://tiktok.com/@user7605976152392"" target=""_blank"">@user7605976152392</a>",8,8,62.967,0.915,3,34,0,6046.25,70.875,1.25,0.25
"<a href=""https://tiktok.com/@user8508148033286"" target=""_blank"">@user8508148033286</a>",5,8,96.2,0.625,1,10,0,1399.7,78.6,0.9,0.5
"<a href=""https://tiktok.com/@user8653602093025"" target=""_blank"">@user8653602093025</a>",18,8,79.417,0.9,1,12,0,1919.25,63.25,1.75,7.125
"<a href=""https://tiktok.com/@user8753242872061"" target=""_blank"">@user8753242872061</a>",22,10,54.753,1,3,35,0,972.6,25.5,0.4,0.1
"<a href=""https://tiktok.com/@user8794483655797"" target=""_blank"">@user8794483655797</a>",19,8,44.436,0.95,2,29,0,3648.875,69.375,2.125,22.375
"<a href=""https://tiktok.com/@user8847609801518"" target=""_blank"">@user8847609801518</a>",16,10,49.091,1,1,11,0,864.5,24.5,1.1,5.4
"<a href=""https://tiktok.com/@user9724456321051"" target=""_blank"">@user9724456321051</a>",2,9,62.167,1,1,12,0,4171.667,56.889,0.778,0.333
"<a href=""https://tiktok.com/@user99216158120478"" target=""_blank"">@user99216158120478</a>",82,6,83,1,1,9,0,9874.167,51.333,0.167,42
"<a href=""https://tiktok.com/@user9960965670038"" target=""_blank"">@user9960965670038</a>",23,8,54.258,0.944,2,20,0,798.25,32,0.125,0.5
"<a href=""https://tiktok.com/@username.12345301"" target=""_blank"">@username.12345301</a>",48,6,84.583,0.5,1,12,0,53951.75,258.5,4.417,22.75
"<a href=""https://tiktok.com/@username.1545465"" target=""_blank"">@username.1545465</a>",48,6,103.417,0.833,1,12,0,63.778,3.889,0.667,0
"<a href=""https://tiktok.com/@username6652655"" target=""_blank"">@username6652655</a>",42,5,89.727,0.8,1,11,0,314.125,43.375,2.188,0.438
"<a href=""https://tiktok.com/@ushddhd11"" target=""_blank"">@ushddhd11</a>",34,8,44.773,0.938,2,23,0,1373.667,27,0.333,0.111
"<a href=""https://tiktok.com/@usjg2117"" target=""_blank"">@usjg2117</a>",61,12,63.014,0.885,4,70,0,378.25,16.917,0.25,0
"<a href=""https://tiktok.com/@utoxwqg"" target=""_blank"">@utoxwqg</a>",85,9,20.897,1,6,124,0,254.333,12.556,0.333,0
"<a href=""https://tiktok.com/@v.if77"" target=""_blank"">@v.if77</a>",14,5,37.693,0.958,3,28,0,1060.6,34.8,0,0
"<a href=""https://tiktok.com/@vaigg0"" target=""_blank"">@vaigg0</a>",36,9,46.444,1,1,9,0,3757.111,140.111,3.222,3.333
"<a href=""https://tiktok.com/@vbn1883"" target=""_blank"">@vbn1883</a>",31,6,52.4,1,1,10,0,1551,42.333,0,0.167
"<a href=""https://tiktok.com/@vbn6106"" target=""_blank"">@vbn6106</a>",23,6,55.444,1,2,18,0,1085.5,72.5,0.833,0.5
"<a href=""https://tiktok.com/@verity.holland"" target=""_blank"">@verity.holland</a>",2,10,61.484,0.958,3,38,0,1630.7,56.6,1.3,0.6
"<a href=""https://tiktok.com/@vghf668"" target=""_blank"">@vghf668</a>",13,5,51.303,1,2,20,0,1407,49.2,1.2,0.4
"<a href=""https://tiktok.com/@video.of38"" target=""_blank"">@video.of38</a>",13,5,55.833,1,2,18,0,1154.2,37,0,0
"<a href=""https://tiktok.com/@vitsu.alec1"" target=""_blank"">@vitsu.alec1</a>",39,9,52.178,0.884,8,117,0,2194.333,73.111,1.333,0.667
"<a href=""https://tiktok.com/@vjgkas"" target=""_blank"">@vjgkas</a>",25,6,60.206,1,2,19,0,828.667,28.5,0.167,0.167
"<a href=""https://tiktok.com/@voie3340"" target=""_blank"">@voie3340</a>",93,5,58.6,0.833,2,30,0,497.4,28.8,0.2,0
"<a href=""https://tiktok.com/@vshwiy2868"" target=""_blank"">@vshwiy2868</a>",9,8,48.104,0.958,2,28,0,801.625,25.875,0.25,0.25
"<a href=""https://tiktok.com/@vsuau5"" target=""_blank"">@vsuau5</a>",56,5,62.683,0.833,2,19,0,1052.2,77.8,1.4,1.6
"<a href=""https://tiktok.com/@wede35"" target=""_blank"">@wede35</a>",40,3,46.333,0.8,1,9,0,1717.333,63.667,0,0
"<a href=""https://tiktok.com/@wert2992"" target=""_blank"">@wert2992</a>",67,9,9,1,1,9,0,13030.083,404.583,7.333,8.417
"<a href=""https://tiktok.com/@wevbocr"" target=""_blank"">@wevbocr</a>",78,6,50.144,1,2,19,0,1281.167,57.667,0.833,0.333
"<a href=""https://tiktok.com/@wgslhe"" target=""_blank"">@wgslhe</a>",70,12,68.391,0.963,9,119,0.001,1335.083,33.5,0.083,0
"<a href=""https://tiktok.com/@wiate.doni0"" target=""_blank"">@wiate.doni0</a>",39,9,54.688,0.866,7,92,0,1716.111,33.778,0.667,0.444
"<a href=""https://tiktok.com/@wiqg8225"" target=""_blank"">@wiqg8225</a>",61,11,74.637,0.799,3,58,0,286.75,11.917,0.25,0.75
"<a href=""https://tiktok.com/@wive0570"" target=""_blank"">@wive0570</a>",60,9,68.695,0.796,3,46,0,871.833,33.5,0.167,0.833
"<a href=""https://tiktok.com/@wlack2188"" target=""_blank"">@wlack2188</a>",71,6,70.222,0.857,1,9,0,969,44.333,0.333,0.5
"<a href=""https://tiktok.com/@wojta.or"" target=""_blank"">@wojta.or</a>",12,10,46.542,0.952,4,51,0,886.3,36.8,0.7,0
"<a href=""https://tiktok.com/@wroe.edith6"" target=""_blank"">@wroe.edith6</a>",39,11,56.355,0.935,7,118,0,1143.091,25.091,0.364,2.364
"<a href=""https://tiktok.com/@wss0357"" target=""_blank"">@wss0357</a>",50,6,39.778,1,1,9,0,2149.833,221,2,1.667
"<a href=""https://tiktok.com/@wuge2639"" target=""_blank"">@wuge2639</a>",61,3,39.667,1,1,9,0,596,19.667,1,0
"<a href=""https://tiktok.com/@xchinaqueen3"" target=""_blank"">@xchinaqueen3</a>",46,9,63.709,0.845,2,53,0,264.867,11.933,1.733,0.067
"<a href=""https://tiktok.com/@xchinaqueen5"" target=""_blank"">@xchinaqueen5</a>",46,14,83.227,0.869,3,58,0,753.862,38.345,4.448,1.379
"<a href=""https://tiktok.com/@xchinaqueen6"" target=""_blank"">@xchinaqueen6</a>",46,7,82.596,0.917,2,39,0,415.083,18.417,2.917,0.417
"<a href=""https://tiktok.com/@xchinaqueen8"" target=""_blank"">@xchinaqueen8</a>",46,14,93.611,0.75,1,18,0,4715.64,423.8,24.88,22.56
"<a href=""https://tiktok.com/@xcwvym2"" target=""_blank"">@xcwvym2</a>",77,5,45.5,0.833,2,20,0,1103.4,35,0.2,0
"<a href=""https://tiktok.com/@xlhxhlxlh8"" target=""_blank"">@xlhxhlxlh8</a>",74,7,58.306,0.798,6,63,0,1633,81.429,1.286,0.143
"<a href=""https://tiktok.com/@xnjjehj"" target=""_blank"">@xnjjehj</a>",23,6,53.111,1,1,9,0,820,23.167,0,0
"<a href=""https://tiktok.com/@xxii911"" target=""_blank"">@xxii911</a>",32,9,51.05,0.839,5,54,0,3547,161.889,2.889,1.333
"<a href=""https://tiktok.com/@ydwthnm"" target=""_blank"">@ydwthnm</a>",54,9,45.8,0.875,1,10,0,2184.111,56,0.444,0.556
"<a href=""https://tiktok.com/@ylevkpiubsl"" target=""_blank"">@ylevkpiubsl</a>",21,9,61.333,1,2,21,0,844.222,26.778,0.111,0.111
"<a href=""https://tiktok.com/@ymhr6933"" target=""_blank"">@ymhr6933</a>",65,12,9.125,1,2,24,0,1944.833,51.333,0.667,1
"<a href=""https://tiktok.com/@yoahuanouu"" target=""_blank"">@yoahuanouu</a>",26,7,40.444,0.944,2,18,0,880.143,32.571,0.429,0.143
"<a href=""https://tiktok.com/@yoayoayanyan"" target=""_blank"">@yoayoayanyan</a>",26,7,51.222,0.944,2,18,0,1090.429,41.286,0.143,0
"<a href=""https://tiktok.com/@ysishhd7"" target=""_blank"">@ysishhd7</a>",36,8,65.6,1,1,10,0,2531.778,162.333,5.222,10.444
"<a href=""https://tiktok.com/@ytrq8081"" target=""_blank"">@ytrq8081</a>",63,7,69.574,0.952,3,47,0,1320.75,61.5,0.583,0.167
"<a href=""https://tiktok.com/@yun.wu15"" target=""_blank"">@yun.wu15</a>",27,8,52.091,1,3,33,0,1088.25,46.125,0.875,1.875
"<a href=""https://tiktok.com/@zesysmj"" target=""_blank"">@zesysmj</a>",85,7,19.243,0.927,6,101,0,208.143,10.429,0.143,0
"<a href=""https://tiktok.com/@zsdx184"" target=""_blank"">@zsdx184</a>",41,14,56.049,0.829,4,75,0,3571.786,86.429,0.5,1
"<a href=""https://tiktok.com/@ztctmxt"" target=""_blank"">@ztctmxt</a>",78,8,42.617,0.875,2,22,0,2652.5,65,1.375,0.375
"<a href=""https://tiktok.com/@zxvb736"" target=""_blank"">@zxvb736</a>",41,14,46.08,0.897,6,118,0,2330.714,67.857,0.214,0.286
"<a href=""https://tiktok.com/@zysmpbz"" target=""_blank"">@zysmpbz</a>",85,8,18.372,0.985,6,111,0,247.625,10.875,0.125,0
"<a href=""https://tiktok.com/@zzhjdj4"" target=""_blank"">@zzhjdj4</a>",23,9,52.227,0.95,2,21,0,1102.889,31.333,0.222,0.222
