"Network","Number of Accounts","Network Density","Network Diameter","Clustering Coefficient","Avg Views","Avg Likes","Avg Comments","Avg Shares","Member Accounts"
1,14,0.253,38,0.358,4415.024,173.613,1.79,1.185,"bmc12655, be.jkigv, fdijc3, irdc042, jdpxorjf, chantalkusch, jtcytxyzey, fughf21, quincyshop08, user5626060056906, ubhutfrx, jsosjxj8, krug011, user6922385284275"
2,4,0.667,26,0.6,3106.359,84.333,1.333,0.667,"ayden.riverad, cbjf05, user9724456321051, verity.holland"
3,6,0.467,42,0.5,2015.155,81.19,0.483,1.466,"miss.bordner, gckcj4, aedyckctu, aedhdici, jfdd653, fauy8466"
4,3,0.667,20,0,2296.885,99.346,0.423,0.846,"gxiiff3, steven.garrison13, cp.eagdu"
5,2,1,10,0,3123.35,77,1.15,1.45,"user8508148033286, jdkckcj2"
6,3,1,11,1,41196.292,1639.792,5.167,10.833,"uiavao.bskvai, ggg.hgfc, tkfjfjjrj"
7,2,1,9,0,1299.267,51.733,0.867,1.467,"chcjg0, user65533709618068"
8,9,0.361,45,0.6,3117.627,84.94,0.795,2.133,"sharleen.howard, aedgslpxjx, gduhx01, hdhxh3484, fduic5, fcjjv86, aedhdjcoof, lxjjc, user7605976152392"
9,3,1,16,1,1078.52,34.32,0.44,0.28,"shuj977, todaysfriendshow4, vshwiy2868"
10,6,1,27,1,917.298,28.368,0.316,0.123,"bsjj8797, carbloggera, cainima888, reddit.vztwo, shuy742, sug7994"
11,4,1,15,1,1126.794,36.382,0.529,1.559,"omi.poni0, fhuc22, titme, toma.rimi"
12,5,0.7,27,0.643,878.277,26.553,0.255,0.064,"ggih3179, monalisa7988, bsyg2865, mulask57, wojta.or"
13,3,1,11,1,1135.4,37.4,0.467,0.133,"j.uv586, vghf668, video.of38"
14,4,1,15,1,1195.833,37.625,1.167,2.333,"fhvf210, hdbjx72, gfg6705, v.if77"
15,3,0.667,27,0,1181.385,38.923,0.231,0.385,"pxibi018, hsbuz8, topi.khatun6"
16,2,1,11,0,26627.889,622.667,7.111,232.944,"user1203613923425, user8847609801518"
17,9,0.417,30,0.316,1322.985,47.394,0.288,0.712,"anpebsaxgu9, ale2r35, aleaa0249, buslmigf7dn, rrwtqoji8v5, fevkuiq, mxvgdscsdfvcsdfsd, luet671136, ale383279"
18,3,0.667,21,0,2305.261,59.522,1.13,7.826,"user2932993437321, user386963311513, user8653602093025"
19,3,1,15,1,2297.087,51.087,1.783,12.478,"user2903556969068, user6186701630842, user8794483655797"
20,3,1,11,1,6995.692,91.115,1.769,2.423,"avav11738, redditpov1, reddittext48"
21,6,0.333,50,0,846.529,28.804,0.196,0.196,"fijficvk, hajhsh12, kgkghkv, hi.pnct, liyyyang, ylevkpiubsl"
22,5,0.5,35,0.429,934.795,26.179,0.538,0.308,"jjdjdd911, bkvhf1, gjgkho8, user8753242872061, shfjjg4"
23,12,0.197,81,0.316,934.856,32.093,0.309,0.289,"adhhrrt, fhdjfjfj8, fijglhhj, lhodsrr, uffvi7, user9960965670038, jkdkj, dlakhjx, vbn6106, hbjoggv, zzhjdj4, xnjjehj"
24,4,0.5,36,0,1135.097,44.581,0.419,2.903,"suoxin2, gigigjj, cihohsqwfi, gkkfykjb"
25,9,0.306,51,0.5,850.614,28.486,0.157,0.2,"eosid2, lpdjjnk, huangzonliyoan, if.en.is.fam, skkfdxh, hootchxs, cjsllfd, frd7456, vjgkas"
26,3,1,9,1,995.762,35,0.286,0.714,"jffihofff, yoahuanouu, yoayoayanyan"
27,5,0.5,30,0.429,734.417,24.444,0.333,0.556,"jfkdkdk54, ohchocx, kaylabigsjo, iggkgmv, yun.wu15"
28,2,1,9,0,551.462,22.769,0.462,1.462,"mrwihajhzb6, jvohvho"
29,2,1,10,0,832.917,33.333,0.5,0.083,"gjgkgg0, liyonyonlll"
30,2,1,11,0,1103.667,39.417,0.167,0.5,"hylioooyyy, fhggf28"
31,2,1,10,0,1223,34.083,0.417,0.333,"vbn1883, cjgkgk45"
32,6,0.6,23,0.545,2691.4,120.818,1.909,1.764,"dtkwod, landscape5670, cagnhd, rohingyao, stoyouh, xxii911"
33,3,1,20,1,2155.735,27.382,0.735,6.382,"lin689668987, fhkundshunk, user16909390140293"
34,3,1,13,1,2011.333,42.63,0.444,0.222,"fkfdnd, mua29840, ushddhd11"
35,9,0.5,32,0.689,1948.169,97.651,1.518,1.976,"cx.b28, rosacasey65, geievertu8, gf.nj97, djm9r, fjyukfjjf, gutieyy7, hdidkser0, prtnr8"
36,6,0.4,28,0.3,4117.075,137.472,3.075,3.925,"ididu034, user2810315813972, chdg050, vaigg0, gfjch34, ysishhd7"
37,2,1,11,0,3632.611,72.222,0.944,0.5,"aed7p4, hoeg.huan"
38,3,1,13,1,7894,149.704,2.778,5.259,"aed3660, aed75787, lwandiswamsithini"
39,9,0.861,28,0.922,3885.289,76.629,1.155,2.32,"benedossie2, seile.rian, battl.kray, vitsu.alec1, wiate.doni0, osb.remo, aed0267, wroe.edith6, lawgray3"
40,5,0.7,33,0.8,2093.885,56.827,0.365,0.731,"aed2750, jvhb240, cfdc18, jajsjsn56, wede35"
41,7,0.667,34,0.766,8646,360.29,3.072,40.754,"iiuu553, jvtvc3, dthh824, zsdx184, user3436197788624, gooj806, zxvb736"
42,5,0.4,53,0,5369.828,357.651,18.876,7.515,"chummi_queen1, cutequeen_driver120, plaqebfzf07, sweet_driver120, username6652655"
43,3,0.667,39,0,2966.829,253.378,21.793,7.841,"lush_queen120, sweet_babyc120, amazing_seeet120"
44,2,1,13,0,12080.241,438.828,13.759,25.241,"djskgikeejk8, mdsdz2"
45,2,1,25,0,598,38.053,0.474,0.368,"nassralanijw1hlg, user3758269061970"
46,4,0.667,45,0.6,1835.889,149.469,10.025,7.531,"xchinaqueen5, xchinaqueen3, xchinaqueen8, xchinaqueen6"
47,2,1,22,0,12374.955,763.045,26.591,27.318,"beautifulgir482, china_deriver_60"
48,3,0.667,24,0,18343.974,228.795,9.026,22.923,"kamlisarkar_0, username.12345301, username.1545465"
49,2,1,10,0,73.167,3.833,0.167,0,"babykmli0, tarkibaby0"
50,2,1,9,0,1888.25,142,1.083,1.083,"qifei6668886, wss0357"
51,3,0.667,24,0,1254.5,17.036,0.643,0.571,"amkgvx, tri.nguyenw, ququ.anhag"
52,7,0.381,42,0.5,7085.333,164.417,3.867,4.683,"ilges.estelwei, emory.drawehj, sun.lilym, aseng.haymong, khanh.phukhh, lanora.haskely, carlos.alberto.al886"
53,2,1,9,0,9434,205.278,4.056,1.722,"dddgggg63, niyebuya"
54,2,1,10,0,6653,89.833,0.667,1.944,"sikki.kahtyk, ydwthnm"
55,2,1,11,0,959.941,28.294,1.353,3,"purnialesh45, houri.enriqk"
56,3,1,12,1,1124.947,71.947,1.368,0.632,"gheoe8, itsstj2, vsuau5"
57,3,0.667,24,0,4114,198.278,1.389,3.833,"tessh95, jspsns3, tug35587"
58,2,1,10,0,39049.417,1684,18.25,31.583,"owuhwh, hfstil3"
59,3,1,13,1,9580,246,5.524,3.714,"ndmsl15, gdjdi63, eyidk5"
60,4,0.667,28,0.6,738.7,32.95,0.5,0.825,"fhxk1941, isgs5669, bkot6010, wive0570"
61,7,0.476,42,0.6,918.689,28.131,0.213,0.377,"givi0331, susv0936, isce0690, usjg2117, tugx2917, wiqg8225, wuge2639"
62,2,1,9,0,379.667,13.5,0,0.167,"isge0853, tetel4962"
63,13,0.346,69,0.702,1201.562,43.123,0.346,0.477,"dijx3903, ghhj8554, bvoo3130, fhda78402, eiej4325, jccj44506, twkg9813, gjhg8047, jkuy0534, drgd8391, okay11732, ytrq8081, uest1280"
64,3,1,48,1,3172.609,172.022,0.37,0.63,"hojdmc, qdcieh, reddit_grayson99"
65,3,1,12,1,1664.278,45.778,0.778,0.917,"tijf9855, uraf9163, ymhr6933"
66,2,1,9,0,1891.125,49.167,0.542,0.667,"ifrt2705, sush0240"
67,2,1,9,0,7058.333,226.375,3.833,4.542,"dhie1905, wert2992"
68,2,1,20,0,1467.818,39.364,0.136,1.091,"kfbfol, objlhmtjemu"
69,2,1,29,0,3240.478,135.783,0.565,5.565,"arffug, gclqse"
70,17,0.346,54,0.567,1099.527,28.03,0.114,0.281,"hdmjwo1, prbnac, klsier, ncaqusztvgl, qigqtm, hltuoq, hidouo, bipiqo, dtbtcc8, idpeoc, eqmhqf, pbpktw, bpgarp, puhrra, sqifhw, lhqitc, wgslhe"
71,2,1,9,0,1005.909,40.727,0.364,0.273,"tikfop7478, wlack2188"
72,2,1,10,0,1520.167,90.167,1.167,0.333,"2thgkvjd, 3mbfklb"
73,7,0.571,21,0.632,956.175,50.4,0.575,0.2,"ncsfo3287, kacbr2774, hxjdsj34, snoshsj, 1yrogls, duuff30, hzhdhs"
74,12,0.606,25,0.714,3464.808,103.256,0.769,0.397,"ndhfs844, bxkke4723, gohdr4367, opgse4909, qvcka2481, fjcjbho58, nidaye81, liaojiuyu, hgidsi, gxhx514, tookg4664, xlhxhlxlh8"
75,2,1,9,0,1382.4,66.3,1.4,0.5,"nzohwh, oxkops7"
76,2,1,14,0,1432.625,46.188,0.562,0.375,"ljpjvh, oljclk"
77,4,0.833,19,0.75,2030.364,100.273,0.818,0.273,"xcwvym2, evfdmzl, kdywnty, bixukf"
78,3,1,12,1,1817.4,57.6,0.85,0.3,"mjbwysq6, wevbocr, ztctmxt"
79,3,0.667,19,0,1011.85,56.1,1.1,0.65,"avphoa, dsnomp, hvtcan"
80,2,1,10,0,9911.333,457.867,2.133,1.267,"pcufgt6, goxwwtn"
81,2,1,12,0,2831,150.429,1.571,1.214,"dhdjuehiehrh, dayutoureddit"
82,12,0.318,44,0.625,2269.87,19.377,0.225,6.833,"mendhejeheje, user4623873316361, bdhjddbjrjej, izbktlfq, user3034858843569, fcvbvv57, user6240933338579, user31473805812777, cvjbvgujh, oeivoppc, user3782324049429, user99216158120478"
83,3,1,19,1,2266.667,19.472,2.167,4.417,"injjzxvr, mmhpbybt, pehcpohz"
84,2,1,9,0,8435.5,61.833,2.083,0.25,"mariencassano, huydhfhyyxd"
85,7,1,23,1,396.379,18.5,0.448,0.155,"eqxela7, ldaphc, utoxwqg, jecxsz, dtxijq, zesysmj, zysmpbz"
86,3,1,34,1,13030.417,203.611,14.528,23.417,"reddit_ignatius8, lnppoe, shbsdd2"
87,2,1,9,0,11081.643,518.786,8.786,4.429,"hdicok57, aediubt"
88,4,0.5,18,0,3005.167,86.208,2.042,5,"user12390941773567, user4473161544200, dhcfgggfhu, user6812280201318"
89,7,0.476,42,0.75,990.897,42.655,0.31,0.603,"dhhi6645, hrsy60677, tiut0219, fiir2712, ufsc8075, cjur6297, urdu9708"
90,2,1,21,0,830.6,50.733,0.467,0.267,"fkir2290, cjire9104"
91,2,1,18,0,1072.706,53.941,0.353,0.882,"clirr5282, fnnf8890"
92,2,1,24,0,1183.294,42.353,0.235,0.647,"gjguq6894, sooz6329"
93,4,0.833,24,0.75,1632.409,65.773,0.364,0.636,"coirf88774, courr1227, gour2295, voie3340"
94,2,1,9,0,988.667,38,0.667,5.667,"khayrikasibmansou, afrah.wahibah.naz"
