"Account","Network","Unique Shares","Avg Time Between Shares (sec)","Edge Symmetry Score","Degree","Strength","Betweenness","Avg Views","Avg Likes","Avg Comments","Avg Shares"
"<a href=""https://tiktok.com/@bdbdchhd"" target=""_blank"">@bdbdchhd</a>",4,6,47.058,0.825,4,37,0.01,24506.167,1114.5,6.5,10.5
"<a href=""https://tiktok.com/@bmc12655"" target=""_blank"">@bmc12655</a>",6,10,57.406,0.915,6,40,0.015,1262.1,47.9,0.3,0.4
"<a href=""https://tiktok.com/@djskgikeejk8"" target=""_blank"">@djskgikeejk8</a>",4,3,41.622,0.722,3,17,0.018,400.667,4,0,0
"<a href=""https://tiktok.com/@fdijc3"" target=""_blank"">@fdijc3</a>",6,9,54.927,0.87,5,28,0.022,2184.667,101.889,0.667,2.667
"<a href=""https://tiktok.com/@francine.smarrell74"" target=""_blank"">@francine.smarrell74</a>",3,4,22.5,0.75,1,6,0,536,8,0.25,0
"<a href=""https://tiktok.com/@fughf21"" target=""_blank"">@fughf21</a>",6,10,61.504,0.864,7,48,0.008,1666.4,111.4,0.4,1.3
"<a href=""https://tiktok.com/@ggdthij"" target=""_blank"">@ggdthij</a>",4,12,41.447,0.76,6,51,0.044,885.75,34.333,1.583,5.833
"<a href=""https://tiktok.com/@hcodifb"" target=""_blank"">@hcodifb</a>",6,8,57.467,0.867,3,15,0.007,952.3,49.4,0.4,0.6
"<a href=""https://tiktok.com/@hdifhg5"" target=""_blank"">@hdifhg5</a>",6,10,59.989,0.787,6,38,0.007,2721.2,108.3,2.1,2.9
"<a href=""https://tiktok.com/@hsozhs6"" target=""_blank"">@hsozhs6</a>",6,9,55.672,0.883,6,38,0.023,1022.222,71.444,0.667,1.111
"<a href=""https://tiktok.com/@irdc042"" target=""_blank"">@irdc042</a>",6,10,61.878,0.785,8,46,0.041,10893.9,229.5,2.3,5.7
"<a href=""https://tiktok.com/@jdpxorjf"" target=""_blank"">@jdpxorjf</a>",6,7,56.4,0.9,4,22,0.003,1624,70.333,0.778,0.889
"<a href=""https://tiktok.com/@jfkovj5"" target=""_blank"">@jfkovj5</a>",6,6,54.741,0.897,3,24,0,1795.6,170.3,1.1,2
"<a href=""https://tiktok.com/@krug011"" target=""_blank"">@krug011</a>",6,9,69.778,0.886,3,19,0,979,36.444,0.111,0.556
"<a href=""https://tiktok.com/@mdsdz2"" target=""_blank"">@mdsdz2</a>",4,3,38.267,0.778,3,17,0.007,36452.5,1186.5,90.333,19.333
"<a href=""https://tiktok.com/@tree59906"" target=""_blank"">@tree59906</a>",4,4,99.162,0.875,2,13,0.018,707.154,23.538,0.077,0.308
"<a href=""https://tiktok.com/@ubhutfrx"" target=""_blank"">@ubhutfrx</a>",6,9,75.844,0.867,3,21,0,7273.444,86.556,1.222,5.222
"<a href=""https://tiktok.com/@uhpdh"" target=""_blank"">@uhpdh</a>",6,5,51.167,0.75,1,6,0,2292.125,78.625,1.125,1.625
"<a href=""https://tiktok.com/@user2146681092430"" target=""_blank"">@user2146681092430</a>",1,7,61,0.8,1,5,0,1088.857,20.429,0.143,2.286
"<a href=""https://tiktok.com/@user28745544356592"" target=""_blank"">@user28745544356592</a>",4,4,61.8,0.6,1,5,0,485,31,0.25,0.5
"<a href=""https://tiktok.com/@user3360077055795"" target=""_blank"">@user3360077055795</a>",4,8,51.575,0.767,4,31,0.022,1921.727,113.273,15.818,20.636
"<a href=""https://tiktok.com/@user3428239706378"" target=""_blank"">@user3428239706378</a>",1,5,61,0.8,1,5,0,23498.8,667.8,5.2,35.6
"<a href=""https://tiktok.com/@user3933909636681"" target=""_blank"">@user3933909636681</a>",4,8,55.478,0.778,3,25,0.008,9647.625,547.625,101,73.75
"<a href=""https://tiktok.com/@user54314398340401"" target=""_blank"">@user54314398340401</a>",4,5,111.2,0.75,1,5,0,2803.7,92.3,0.5,0.2
"<a href=""https://tiktok.com/@user5626060056906"" target=""_blank"">@user5626060056906</a>",6,7,59,0.833,2,12,0,4202.778,154,2.444,1.333
"<a href=""https://tiktok.com/@user5981446244885"" target=""_blank"">@user5981446244885</a>",5,3,29,0.8,1,9,0,443.667,37.333,0.333,0
"<a href=""https://tiktok.com/@user6512543508135"" target=""_blank"">@user6512543508135</a>",2,5,37.571,0.917,2,12,0.002,519.8,14.4,0.2,0
"<a href=""https://tiktok.com/@user68699358395983"" target=""_blank"">@user68699358395983</a>",2,5,18.143,0.833,1,7,0,636.6,26.4,0.2,0.6
"<a href=""https://tiktok.com/@user6922385284275"" target=""_blank"">@user6922385284275</a>",6,9,82.533,0.933,3,15,0.006,4274.889,154.778,1.444,1.889
"<a href=""https://tiktok.com/@user7491401466635"" target=""_blank"">@user7491401466635</a>",4,11,35.894,0.77,5,39,0.034,1539.833,59.167,2.833,11.583
"<a href=""https://tiktok.com/@user8071963807813"" target=""_blank"">@user8071963807813</a>",2,5,57,1,1,5,0,492.167,24.333,0,0.167
"<a href=""https://tiktok.com/@user81216778545341"" target=""_blank"">@user81216778545341</a>",5,3,29,0.8,1,9,0,1358.667,59.333,6,1.667
"<a href=""https://tiktok.com/@user8130544672250"" target=""_blank"">@user8130544672250</a>",3,3,22.5,0.75,1,6,0,591.333,14,0.333,0.333
"<a href=""https://tiktok.com/@user83050540275304"" target=""_blank"">@user83050540275304</a>",4,12,42.764,0.775,5,54,0.013,983.25,39.583,1.167,0.667
"<a href=""https://tiktok.com/@user8662190461588"" target=""_blank"">@user8662190461588</a>",4,9,54.618,0.833,2,21,0,1757.4,91.9,3.6,3.2
"<a href=""https://tiktok.com/@user9093533559933"" target=""_blank"">@user9093533559933</a>",4,2,66.2,0.667,1,5,0,771,23.5,0.25,0
