"Network","Number of Accounts","Network Density","Network Diameter","Clustering Coefficient","Avg Views","Avg Likes","Avg Comments","Avg Shares","Member Accounts"
1,2,1,5,0,10426.333,290.167,2.25,16.167,"user2146681092430, user3428239706378"
2,3,0.667,12,0,545.938,21.875,0.125,0.25,"user6512543508135, user68699358395983, user8071963807813"
3,2,1,6,0,559.714,10.571,0.286,0.143,"user8130544672250, francine.smarrell74"
4,13,0.256,35,0.414,5099.171,210.883,15.081,11.288,"tree59906, user28745544356592, user54314398340401, djskgikeejk8, ggdthij, user7491401466635, user3360077055795, user3933909636681, mdsdz2, bdbdchhd, user9093533559933, user8662190461588, user83050540275304"
5,2,1,9,0,901.167,48.333,3.167,0.833,"user5981446244885, user81216778545341"
6,14,0.33,22,0.381,3093.901,105.924,1.076,2.023,"irdc042, fdijc3, uhpdh, hcodifb, hdifhg5, fughf21, user5626060056906, krug011, bmc12655, jfkovj5, hsozhs6, ubhutfrx, jdpxorjf, user6922385284275"
