"Account","Network","Unique Shares","Avg Time Between Shares (sec)","Edge Symmetry Score","Degree","Strength","Betweenness","Avg Views","Avg Likes","Avg Comments","Avg Shares"
"<a href=""https://tiktok.com/@01k4d70"" target=""_blank"">@01k4d70</a>",22,9,0,0.944,9,150,0,5809,150.222,3.778,3.889
"<a href=""https://tiktok.com/@1utfjk"" target=""_blank"">@1utfjk</a>",36,6,0,0.917,4,69,0,373.333,6.167,0.333,0.167
"<a href=""https://tiktok.com/@2appookkve"" target=""_blank"">@2appookkve</a>",35,6,0,0.917,5,81,0,500,8,0,0
"<a href=""https://tiktok.com/@3buenynx"" target=""_blank"">@3buenynx</a>",22,9,0,0.944,9,150,0,3649.444,79.556,1,2.444
"<a href=""https://tiktok.com/@3mbfklb"" target=""_blank"">@3mbfklb</a>",35,6,0,0.917,5,81,0,1070.667,37.833,0.333,0
"<a href=""https://tiktok.com/@3mmmgkk"" target=""_blank"">@3mmmgkk</a>",36,6,0,0.917,4,69,0,709,22,0.5,0.167
"<a href=""https://tiktok.com/@3mmujktv"" target=""_blank"">@3mmujktv</a>",32,8,0,0.889,1,15,0,1290.375,46.75,0,0.25
"<a href=""https://tiktok.com/@4hgkdjf"" target=""_blank"">@4hgkdjf</a>",35,6,0,0.917,5,81,0,1551.167,47.5,0.5,0.333
"<a href=""https://tiktok.com/@4hjgdjj"" target=""_blank"">@4hjgdjj</a>",36,5,0,0.833,4,60,0,1163.2,26.8,0.2,0
"<a href=""https://tiktok.com/@5538fln"" target=""_blank"">@5538fln</a>",23,6,0,0.917,16,282,0,1413.5,46.333,0.167,0.167
"<a href=""https://tiktok.com/@79z4nq6"" target=""_blank"">@79z4nq6</a>",22,8,0,0.889,8,120,0,381.5,13.25,0.125,0.25
"<a href=""https://tiktok.com/@8znh4ap"" target=""_blank"">@8znh4ap</a>",22,9,0,0.944,9,150,0,2424.111,137.444,0.444,0.556
"<a href=""https://tiktok.com/@abd.aziz9083"" target=""_blank"">@abd.aziz9083</a>",8,9,0,0.93,58,981,0,341.111,9.444,0,0
"<a href=""https://tiktok.com/@abjjvt"" target=""_blank"">@abjjvt</a>",23,12,0,0.883,25,669,0,478.583,20.667,0.083,0.5
"<a href=""https://tiktok.com/@aed1523"" target=""_blank"">@aed1523</a>",8,8,0,1,37,592,0,1743,39.25,1.75,1.5
"<a href=""https://tiktok.com/@aed3345"" target=""_blank"">@aed3345</a>",8,9,0,0.93,58,983,0,815.667,40.556,0.444,0.444
"<a href=""https://tiktok.com/@aed3660"" target=""_blank"">@aed3660</a>",15,9,0,0.93,10,171,0,3891.444,71.222,0.778,1
"<a href=""https://tiktok.com/@aed5430"" target=""_blank"">@aed5430</a>",8,10,0,0.9,74,1342,0,4769.1,88.1,1.9,3.1
"<a href=""https://tiktok.com/@aed57705"" target=""_blank"">@aed57705</a>",8,9,0,0.93,58,983,0,970.333,28.111,2.889,8.222
"<a href=""https://tiktok.com/@aed6071"" target=""_blank"">@aed6071</a>",18,10,0,0.9,8,138,0,3895.1,74.2,0.6,1.1
"<a href=""https://tiktok.com/@aed7230"" target=""_blank"">@aed7230</a>",8,10,0,0.9,74,1342,0,816.5,88.3,3.1,4.9
"<a href=""https://tiktok.com/@aed7290"" target=""_blank"">@aed7290</a>",8,8,0,1,37,592,0,486.5,27.125,1.5,2.625
"<a href=""https://tiktok.com/@aed75787"" target=""_blank"">@aed75787</a>",15,10,0,0.9,12,218,0,7111.4,90,0.9,1.4
"<a href=""https://tiktok.com/@aed7p4"" target=""_blank"">@aed7p4</a>",15,10,0,0.9,12,218,0,3804.9,70.5,1,2.1
"<a href=""https://tiktok.com/@aed8244"" target=""_blank"">@aed8244</a>",8,8,0,0.844,40,628,0,762.625,36.375,0.125,1.5
"<a href=""https://tiktok.com/@aed8562"" target=""_blank"">@aed8562</a>",8,10,0,0.9,74,1342,0,703.5,40.2,16.9,0.5
"<a href=""https://tiktok.com/@aed9335"" target=""_blank"">@aed9335</a>",8,8,0,0.844,34,538,0,1597.5,52,2,4
"<a href=""https://tiktok.com/@aeda1689"" target=""_blank"">@aeda1689</a>",15,10,0,0.9,12,218,0,22336.8,94.5,1.2,4
"<a href=""https://tiktok.com/@aedbr6"" target=""_blank"">@aedbr6</a>",8,9,0,0.93,57,970,0,689.778,20.556,0.333,0.222
"<a href=""https://tiktok.com/@aedhdici"" target=""_blank"">@aedhdici</a>",8,10,0,0.9,74,1342,0,1396.2,54.8,1,0.9
"<a href=""https://tiktok.com/@aedhdjcocj"" target=""_blank"">@aedhdjcocj</a>",8,10,0,0.9,74,1342,0,397.8,15.2,0.1,0
"<a href=""https://tiktok.com/@aedjdpckd"" target=""_blank"">@aedjdpckd</a>",7,9,0,0.864,20,325,0,88703.333,3110.222,30.889,36
"<a href=""https://tiktok.com/@aedjpidhd"" target=""_blank"">@aedjpidhd</a>",7,7,0,0.556,2,30,0,5637.714,82.857,1.143,1.429
"<a href=""https://tiktok.com/@aedvziocjc"" target=""_blank"">@aedvziocjc</a>",7,7,0,0.556,2,30,0,1409,97.571,0.286,0.857
"<a href=""https://tiktok.com/@aedyckctu"" target=""_blank"">@aedyckctu</a>",8,10,0,0.9,74,1342,0,3750.9,189.2,1.1,0.7
"<a href=""https://tiktok.com/@aefhkddh"" target=""_blank"">@aefhkddh</a>",8,8,0,0.844,36,568,0,2374.625,87.75,0.75,1.25
"<a href=""https://tiktok.com/@aiudugd"" target=""_blank"">@aiudugd</a>",7,8,0,0.748,7,106,0,679.625,42.25,0.5,0.875
"<a href=""https://tiktok.com/@amazinggirl_120"" target=""_blank"">@amazinggirl_120</a>",30,29,0,0.502,11,613,0,169.467,21.5,3.467,0.467
"<a href=""https://tiktok.com/@anaxagoras.harlen"" target=""_blank"">@anaxagoras.harlen</a>",8,10,0,0.9,74,1342,0,6043.6,153.4,1.1,2.6
"<a href=""https://tiktok.com/@andretracy0724"" target=""_blank"">@andretracy0724</a>",13,9,0,0.833,5,88,0,1105.778,17.778,0.111,0.111
"<a href=""https://tiktok.com/@areplan_driver120"" target=""_blank"">@areplan_driver120</a>",30,25,0,0.665,12,1213,0,348.76,32.28,5.96,0.36
"<a href=""https://tiktok.com/@asdfsasd.fgdfdgas"" target=""_blank"">@asdfsasd.fgdfdgas</a>",10,10,0,0.95,5,94,0,9336.1,222.8,4.1,5.3
"<a href=""https://tiktok.com/@awglma"" target=""_blank"">@awglma</a>",23,7,0,0.872,22,418,0,356.143,14.714,0.143,0.143
"<a href=""https://tiktok.com/@awgthc"" target=""_blank"">@awgthc</a>",23,11,0,0.91,20,513,0,552.818,24.364,0.091,0.182
"<a href=""https://tiktok.com/@aynor.ogawa"" target=""_blank"">@aynor.ogawa</a>",15,10,0,0.9,12,218,0,3158.7,48.9,0.3,1
"<a href=""https://tiktok.com/@b_baoma154"" target=""_blank"">@b_baoma154</a>",12,8,0,1,3,48,0,2867.625,83.5,0.75,9.625
"<a href=""https://tiktok.com/@b_vtost109"" target=""_blank"">@b_vtost109</a>",12,8,0,1,4,64,0,11205.25,145.125,8.125,76.375
"<a href=""https://tiktok.com/@baomama125"" target=""_blank"">@baomama125</a>",12,8,0,1,8,128,0,1056.25,24.75,1.25,0.375
"<a href=""https://tiktok.com/@barbaraprice1013"" target=""_blank"">@barbaraprice1013</a>",13,8,0,0.944,4,66,0,2685.25,37.875,0.25,1.125
"<a href=""https://tiktok.com/@bartholomewnancybz1025"" target=""_blank"">@bartholomewnancybz1025</a>",16,9,0,0.93,6,96,0,1374.333,52.111,0.778,14.889
"<a href=""https://tiktok.com/@bate.hynda"" target=""_blank"">@bate.hynda</a>",15,10,0,0.95,9,150,0,3759.2,37.1,1.4,0.4
"<a href=""https://tiktok.com/@bbfj54"" target=""_blank"">@bbfj54</a>",8,8,0,1,33,528,0,7876.75,75.875,1.5,0.875
"<a href=""https://tiktok.com/@bdbdchhd"" target=""_blank"">@bdbdchhd</a>",2,8,0,0.869,9,184,0,918.125,47.875,0.375,1.25
"<a href=""https://tiktok.com/@bdbdhhehh"" target=""_blank"">@bdbdhhehh</a>",17,7,0,0.938,6,114,0,139.857,1.429,0,0
"<a href=""https://tiktok.com/@bdodhc"" target=""_blank"">@bdodhc</a>",7,9,0,0.864,20,325,0,307.889,16,1.333,0.667
"<a href=""https://tiktok.com/@be.jkigv"" target=""_blank"">@be.jkigv</a>",3,10,0,0.95,15,265,0,760.9,47.1,0.5,0.7
"<a href=""https://tiktok.com/@beacherarmstrong2005"" target=""_blank"">@beacherarmstrong2005</a>",14,10,0,0.936,6,120,0,89070.3,2637.8,14.9,38.6
"<a href=""https://tiktok.com/@bffb2489"" target=""_blank"">@bffb2489</a>",25,11,0,0.88,34,958,0,1213.091,116,0.909,1.727
"<a href=""https://tiktok.com/@bfffercajm"" target=""_blank"">@bfffercajm</a>",33,6,0,0.917,5,78,0,1305.833,83.167,0.833,0.833
"<a href=""https://tiktok.com/@bfihc"" target=""_blank"">@bfihc</a>",8,10,0,0.9,74,1342,0,1945.1,69.1,0.3,1
"<a href=""https://tiktok.com/@bgfddf8888"" target=""_blank"">@bgfddf8888</a>",8,8,0,0.844,39,613,0,1218.625,49.25,0.375,1.125
"<a href=""https://tiktok.com/@billo_driver3535"" target=""_blank"">@billo_driver3535</a>",30,12,0,0.763,3,228,0,3.75,0.25,0.917,0
"<a href=""https://tiktok.com/@bipiqo"" target=""_blank"">@bipiqo</a>",23,15,0,0.888,29,849,0,542.133,20.867,0.133,0.2
"<a href=""https://tiktok.com/@bivydu"" target=""_blank"">@bivydu</a>",7,8,0,0.833,15,244,0,694.75,26.25,0.625,0.375
"<a href=""https://tiktok.com/@biytff8bh8"" target=""_blank"">@biytff8bh8</a>",33,5,0,0.833,2,30,0,1333.4,171.8,1.2,2
"<a href=""https://tiktok.com/@bjv196"" target=""_blank"">@bjv196</a>",7,8,0,0.833,15,244,0,448.625,18.5,0.125,0
"<a href=""https://tiktok.com/@bmc12655"" target=""_blank"">@bmc12655</a>",3,10,0,0.95,15,292,0,824.7,30.7,0,0.6
"<a href=""https://tiktok.com/@bpgarp"" target=""_blank"">@bpgarp</a>",23,15,0,0.888,29,849,0,406.8,9.467,0.067,0.133
"<a href=""https://tiktok.com/@bridget.pugeda"" target=""_blank"">@bridget.pugeda</a>",7,8,0,0.785,8,127,0,1907.25,66.5,1.875,0.625
"<a href=""https://tiktok.com/@bruchy.pembertonk"" target=""_blank"">@bruchy.pembertonk</a>",6,9,0,0.944,9,147,0,914.111,74.222,1.333,4
"<a href=""https://tiktok.com/@bsbseuo"" target=""_blank"">@bsbseuo</a>",17,10,0,0.883,34,646,0,76033,4043.1,43.7,159
"<a href=""https://tiktok.com/@bvoo3130"" target=""_blank"">@bvoo3130</a>",24,15,0,0.967,5,222,0,7619.867,153.667,0.533,0.6
"<a href=""https://tiktok.com/@bzsksk1"" target=""_blank"">@bzsksk1</a>",36,6,0,0.917,4,69,0,1863,60.333,0,0.167
"<a href=""https://tiktok.com/@c_niboer891"" target=""_blank"">@c_niboer891</a>",12,8,0,1,8,128,0,912.875,23.375,0.25,1.625
"<a href=""https://tiktok.com/@c_oevdu389"" target=""_blank"">@c_oevdu389</a>",12,8,0,1,8,128,0,3074.625,112.625,1.875,0.25
"<a href=""https://tiktok.com/@c_pegif193"" target=""_blank"">@c_pegif193</a>",12,8,0,1,8,128,0,2282.625,47.625,0.625,0.75
"<a href=""https://tiktok.com/@cagnhd"" target=""_blank"">@cagnhd</a>",17,10,0,0.883,34,646,0,3166.9,121.8,7.8,1.3
"<a href=""https://tiktok.com/@calvinwhitman1014"" target=""_blank"">@calvinwhitman1014</a>",16,8,0,0.844,3,46,0,1987.125,51.625,0.625,0.5
"<a href=""https://tiktok.com/@cdnkdg"" target=""_blank"">@cdnkdg</a>",23,6,0,0.917,22,387,0,160.333,6.167,0,0.833
"<a href=""https://tiktok.com/@celedonio.mange"" target=""_blank"">@celedonio.mange</a>",7,8,0,0.833,5,84,0,112963.125,1974,15.875,18.25
"<a href=""https://tiktok.com/@chantalkusch"" target=""_blank"">@chantalkusch</a>",4,10,0,1,7,112,0,174131.3,4996.1,5.3,28.7
"<a href=""https://tiktok.com/@chccggc1"" target=""_blank"">@chccggc1</a>",17,8,0,0.875,35,582,0.001,992.625,9.75,0.125,0
"<a href=""https://tiktok.com/@chcjg0"" target=""_blank"">@chcjg0</a>",8,8,0,0.844,45,703,0,990.25,37.625,0.625,0.5
"<a href=""https://tiktok.com/@chcryd"" target=""_blank"">@chcryd</a>",18,9,0,0.93,6,99,0,4759.222,90.778,0.556,0.667
"<a href=""https://tiktok.com/@chhvtdy"" target=""_blank"">@chhvtdy</a>",4,10,0,1,7,136,0,962.8,71.5,0.5,0.7
"<a href=""https://tiktok.com/@chinuo.zhong"" target=""_blank"">@chinuo.zhong</a>",19,13,0,0.769,1,26,0,5808.538,119.231,2.462,2.308
"<a href=""https://tiktok.com/@chumi_driver102"" target=""_blank"">@chumi_driver102</a>",30,30,0,0.675,12,1548,0,1425.067,119.467,30.2,0.933
"<a href=""https://tiktok.com/@chvftn"" target=""_blank"">@chvftn</a>",8,9,0,0.93,58,983,0,986.222,58.222,3.333,0.889
"<a href=""https://tiktok.com/@cirila.mccorkle"" target=""_blank"">@cirila.mccorkle</a>",8,9,0,0.93,62,1043,0.001,50574.222,630.111,3.556,5.222
"<a href=""https://tiktok.com/@cjdfndrh"" target=""_blank"">@cjdfndrh</a>",37,8,0,1,2,32,0,789.625,9.875,0,0.125
"<a href=""https://tiktok.com/@cjire9104"" target=""_blank"">@cjire9104</a>",25,12,0,0.887,34,1041,0,1503.583,90.167,0.167,0.417
"<a href=""https://tiktok.com/@cjirr8920"" target=""_blank"">@cjirr8920</a>",25,12,0,0.887,34,1041,0,900.583,43.75,0.25,0.25
"<a href=""https://tiktok.com/@cjitr2086"" target=""_blank"">@cjitr2086</a>",25,12,0,0.887,34,1041,0,1965.833,36.083,0.417,0.667
"<a href=""https://tiktok.com/@cjur6297"" target=""_blank"">@cjur6297</a>",25,12,0,0.887,34,1041,0,1078.833,84.917,0.5,0.5
"<a href=""https://tiktok.com/@ckir91022"" target=""_blank"">@ckir91022</a>",25,6,0,0.833,29,531,0,1113.333,20.667,0,0.167
"<a href=""https://tiktok.com/@clirr5282"" target=""_blank"">@clirr5282</a>",25,10,0,0.846,32,860,0,926.4,138.5,0.8,0.7
"<a href=""https://tiktok.com/@cngff4885"" target=""_blank"">@cngff4885</a>",8,8,0,1,33,528,0,1067.875,61,0,0.625
"<a href=""https://tiktok.com/@coicbf"" target=""_blank"">@coicbf</a>",8,10,0,0.9,74,1342,0,2028.4,63.5,1.7,1
"<a href=""https://tiktok.com/@cokestory1"" target=""_blank"">@cokestory1</a>",7,9,0,0.741,36,618,0.002,27823.333,428.167,4.25,5.167
"<a href=""https://tiktok.com/@coref8734"" target=""_blank"">@coref8734</a>",25,6,0,0.917,25,435,0,692,22.5,0.5,0.5
"<a href=""https://tiktok.com/@courr1227"" target=""_blank"">@courr1227</a>",25,12,0,0.887,34,1041,0,632,18.333,0.333,0.167
"<a href=""https://tiktok.com/@crtyougo"" target=""_blank"">@crtyougo</a>",17,10,0,0.883,34,646,0,870.3,40.8,1.5,0.8
"<a href=""https://tiktok.com/@csusvhb"" target=""_blank"">@csusvhb</a>",17,8,0,0.875,30,480,0,1771.75,40.875,2.875,1.75
"<a href=""https://tiktok.com/@cusvtd"" target=""_blank"">@cusvtd</a>",23,6,0,0.917,22,387,0,63,2,0,0
"<a href=""https://tiktok.com/@cute_chumi_girl208"" target=""_blank"">@cute_chumi_girl208</a>",30,13,0,0.581,11,549,0,295.154,15.692,3,0.462
"<a href=""https://tiktok.com/@cutedriver120"" target=""_blank"">@cutedriver120</a>",30,26,0,0.561,14,1140,0,269.462,26.038,2.385,0.231
"<a href=""https://tiktok.com/@cutegirlbabe2"" target=""_blank"">@cutegirlbabe2</a>",30,23,0,0.64,11,439,0,608.696,27.739,1,0.522
"<a href=""https://tiktok.com/@cutequeen_driver120"" target=""_blank"">@cutequeen_driver120</a>",30,36,0,0.642,13,2010,0,436.889,45.806,4.028,1.528
"<a href=""https://tiktok.com/@d_odbeu124"" target=""_blank"">@d_odbeu124</a>",12,9,0,0.95,4,68,0,2589.556,93.556,2.111,18
"<a href=""https://tiktok.com/@dadd.dhh7"" target=""_blank"">@dadd.dhh7</a>",21,6,0,0.917,18,303,0,1568.667,25,0.333,1.833
"<a href=""https://tiktok.com/@danaobenkuil"" target=""_blank"">@danaobenkuil</a>",28,9,0,1,1,16,0,3805.667,150.778,2.778,2.667
"<a href=""https://tiktok.com/@debran.oxonrp00"" target=""_blank"">@debran.oxonrp00</a>",15,9,0,0.93,10,171,0,4664.111,87,0.333,1.889
"<a href=""https://tiktok.com/@debran.oxonrp03"" target=""_blank"">@debran.oxonrp03</a>",15,9,0,0.93,10,171,0,116377.889,1788.889,4.778,38.889
"<a href=""https://tiktok.com/@debran.oxonrp080"" target=""_blank"">@debran.oxonrp080</a>",11,7,0,0.556,1,15,0,3223.143,52.714,0.857,0.714
"<a href=""https://tiktok.com/@debran.oxonrp34"" target=""_blank"">@debran.oxonrp34</a>",11,7,0,0.708,2,34,0,2017,34.286,0.714,0.429
"<a href=""https://tiktok.com/@debran.oxonrp81"" target=""_blank"">@debran.oxonrp81</a>",15,9,0,0.9,2,36,0,20495.778,405.778,3.889,9.889
"<a href=""https://tiktok.com/@debran.oxonrp86"" target=""_blank"">@debran.oxonrp86</a>",15,10,0,0.9,12,218,0,15509,82.9,2.2,2.1
"<a href=""https://tiktok.com/@dfyioo.nko"" target=""_blank"">@dfyioo.nko</a>",21,6,0,0.917,18,303,0,1832.167,35.333,0.167,0.5
"<a href=""https://tiktok.com/@dgfddc24"" target=""_blank"">@dgfddc24</a>",13,8,0,0.944,4,66,0,1549.5,81.375,0.625,3
"<a href=""https://tiktok.com/@dguy8654"" target=""_blank"">@dguy8654</a>",8,8,0,0.844,36,568,0,817.375,37.625,0.25,1.5
"<a href=""https://tiktok.com/@dhcdyh"" target=""_blank"">@dhcdyh</a>",8,9,0,0.93,57,970,0,731.889,30.778,0.222,3.444
"<a href=""https://tiktok.com/@dhcdyj5"" target=""_blank"">@dhcdyj5</a>",8,9,0,0.93,61,1032,0,744.444,25.667,5,23.222
"<a href=""https://tiktok.com/@dhcghcb"" target=""_blank"">@dhcghcb</a>",17,10,0,0.883,34,646,0,845.9,46.9,3,0.7
"<a href=""https://tiktok.com/@dhhi6645"" target=""_blank"">@dhhi6645</a>",25,9,0,0.88,32,795,0,608.333,36.111,0.667,0.222
"<a href=""https://tiktok.com/@dhicug"" target=""_blank"">@dhicug</a>",8,9,0,0.93,58,983,0,2097.111,36.556,1.111,0.889
"<a href=""https://tiktok.com/@dhut98545"" target=""_blank"">@dhut98545</a>",8,8,0,0.844,37,583,0,2415.75,86.375,0.5,1.125
"<a href=""https://tiktok.com/@dijx3903"" target=""_blank"">@dijx3903</a>",24,15,0,0.967,5,222,0,1509.267,46.6,0.2,0.067
"<a href=""https://tiktok.com/@dilorenzo.medlohk"" target=""_blank"">@dilorenzo.medlohk</a>",6,9,0,0.944,9,147,0,4588.778,112.444,0.444,1
"<a href=""https://tiktok.com/@djisks96"" target=""_blank"">@djisks96</a>",35,7,0,0.833,4,60,0,1010.857,58,0.429,0
"<a href=""https://tiktok.com/@djskgikeejk8"" target=""_blank"">@djskgikeejk8</a>",2,9,0,0.778,10,219,0,676.333,15.444,0.444,0.111
"<a href=""https://tiktok.com/@dmssndn.hdmsmen"" target=""_blank"">@dmssndn.hdmsmen</a>",34,8,0,0.727,1,22,0,2195.625,39.625,0.625,0.625
"<a href=""https://tiktok.com/@doiplo1"" target=""_blank"">@doiplo1</a>",23,9,0,0.875,24,552,0,441.556,21.778,0,0.111
"<a href=""https://tiktok.com/@dscgty"" target=""_blank"">@dscgty</a>",18,9,0,0.93,6,99,0,4135.222,114.778,9.333,2
"<a href=""https://tiktok.com/@dtbtcc8"" target=""_blank"">@dtbtcc8</a>",23,15,0,0.888,29,849,0,925.733,19.467,0.4,0.133
"<a href=""https://tiktok.com/@dtkwod"" target=""_blank"">@dtkwod</a>",17,10,0,0.883,34,646,0,1028.5,38.6,1.1,0.4
"<a href=""https://tiktok.com/@dung.tran2322"" target=""_blank"">@dung.tran2322</a>",15,10,0,0.95,9,150,0,2134.1,39.5,0.4,1.6
"<a href=""https://tiktok.com/@dutiutx"" target=""_blank"">@dutiutx</a>",4,10,0,1,7,136,0,3808.8,88.1,1,0.5
"<a href=""https://tiktok.com/@duvfyh1"" target=""_blank"">@duvfyh1</a>",10,10,0,0.95,6,100,0,1220.8,32.4,2.5,0.9
"<a href=""https://tiktok.com/@dvnedc"" target=""_blank"">@dvnedc</a>",8,9,0,0.93,61,1032,0,583.333,32.222,1.556,0.667
"<a href=""https://tiktok.com/@dydes6"" target=""_blank"">@dydes6</a>",34,11,0,0.727,1,22,0,1315.909,136.545,1.818,3.455
"<a href=""https://tiktok.com/@echo41097whisper"" target=""_blank"">@echo41097whisper</a>",11,7,0,0.556,1,15,0,1000,55.857,0.429,0.143
"<a href=""https://tiktok.com/@egsaappo"" target=""_blank"">@egsaappo</a>",29,8,0,1,1,16,0,567,21.625,0,0.125
"<a href=""https://tiktok.com/@ehgw1916"" target=""_blank"">@ehgw1916</a>",25,11,0,0.88,34,958,0,889.909,24.364,0.182,0.182
"<a href=""https://tiktok.com/@eiwv9484"" target=""_blank"">@eiwv9484</a>",25,11,0,0.88,34,958,0,1874.182,71.818,0.545,0.818
"<a href=""https://tiktok.com/@elmacatharine2013"" target=""_blank"">@elmacatharine2013</a>",14,10,0,0.936,6,120,0,829,24.3,0.5,1.7
"<a href=""https://tiktok.com/@elvistrevelyan0204"" target=""_blank"">@elvistrevelyan0204</a>",16,9,0,0.93,6,96,0,15411.556,147.222,2.333,4
"<a href=""https://tiktok.com/@eodn8506"" target=""_blank"">@eodn8506</a>",25,11,0,0.88,34,958,0,1534.455,67.364,0.091,0.273
"<a href=""https://tiktok.com/@eqmhqf"" target=""_blank"">@eqmhqf</a>",23,15,0,0.888,29,849,0,611.133,17.867,0.067,0.2
"<a href=""https://tiktok.com/@erima.tumpa"" target=""_blank"">@erima.tumpa</a>",20,8,0,0.8,1,16,0,1116.875,41.375,0,0.125
"<a href=""https://tiktok.com/@esjsisi3"" target=""_blank"">@esjsisi3</a>",20,10,0,0.9,4,66,0,2019.7,66.6,3.2,4.4
"<a href=""https://tiktok.com/@esperance.sulcer"" target=""_blank"">@esperance.sulcer</a>",7,9,0,0.864,20,325,0,1546.333,58.222,0.889,1.778
"<a href=""https://tiktok.com/@estherwebb1225"" target=""_blank"">@estherwebb1225</a>",10,10,0,0.95,5,94,0,10155.9,275.6,3.8,15.1
"<a href=""https://tiktok.com/@etuo.uop"" target=""_blank"">@etuo.uop</a>",21,5,0,0.833,12,180,0,156.4,3,0,0
"<a href=""https://tiktok.com/@evdsfgg89"" target=""_blank"">@evdsfgg89</a>",33,5,0,0.833,2,30,0,1297.8,143,1.6,1.4
"<a href=""https://tiktok.com/@evxsaabi"" target=""_blank"">@evxsaabi</a>",29,9,0,1,4,64,0,2057.667,64.222,0,0.556
"<a href=""https://tiktok.com/@f_baomm324"" target=""_blank"">@f_baomm324</a>",12,8,0,1,8,128,0,1361.875,33.125,0.25,0.625
"<a href=""https://tiktok.com/@f_kebsu024"" target=""_blank"">@f_kebsu024</a>",12,8,0,1,3,48,0,8397.875,101.375,3.375,2.875
"<a href=""https://tiktok.com/@fannybach2010"" target=""_blank"">@fannybach2010</a>",16,8,0,0.844,3,46,0,1462,65.25,0.5,0.625
"<a href=""https://tiktok.com/@fatal2380"" target=""_blank"">@fatal2380</a>",6,9,0,0.944,9,147,0,1790.778,109.222,1.556,1.444
"<a href=""https://tiktok.com/@fauy8466"" target=""_blank"">@fauy8466</a>",8,10,0,0.9,74,1342,0,2241.6,62.6,1.2,1.6
"<a href=""https://tiktok.com/@fcvbvv57"" target=""_blank"">@fcvbvv57</a>",17,9,0,1,7,126,0,9982.444,43.889,0.444,0.556
"<a href=""https://tiktok.com/@fdijc3"" target=""_blank"">@fdijc3</a>",3,9,0,0.95,15,264,0,7126.667,58.889,1.889,0.889
"<a href=""https://tiktok.com/@fecbgf"" target=""_blank"">@fecbgf</a>",18,9,0,0.93,5,83,0,135154,6277.222,28.222,121.111
"<a href=""https://tiktok.com/@ferdinand0304"" target=""_blank"">@ferdinand0304</a>",14,9,0,0.859,6,109,0,1284.778,67.111,0.667,0.667
"<a href=""https://tiktok.com/@ferdinandbecky1982"" target=""_blank"">@ferdinandbecky1982</a>",10,10,0,0.95,5,94,0,1243.1,68.7,0.9,0.8
"<a href=""https://tiktok.com/@fgjio.ghkl"" target=""_blank"">@fgjio.ghkl</a>",21,6,0,0.917,18,303,0,139.333,2.5,0,0
"<a href=""https://tiktok.com/@fgjores"" target=""_blank"">@fgjores</a>",21,6,0,0.917,18,303,0,494.667,11.667,0.167,0
"<a href=""https://tiktok.com/@fh.hfko"" target=""_blank"">@fh.hfko</a>",5,9,0,0.944,7,110,0,1898.556,85.778,1.222,0.556
"<a href=""https://tiktok.com/@fhchf25"" target=""_blank"">@fhchf25</a>",7,8,0,0.748,7,106,0,1355.875,36,1.25,6.875
"<a href=""https://tiktok.com/@fhda78402"" target=""_blank"">@fhda78402</a>",24,15,0,0.967,5,222,0,414.467,10.133,0.067,0.067
"<a href=""https://tiktok.com/@fhdycf"" target=""_blank"">@fhdycf</a>",8,8,0,0.844,40,628,0,1146.375,35.75,2.5,0.25
"<a href=""https://tiktok.com/@fhfry4764"" target=""_blank"">@fhfry4764</a>",16,8,0,0.844,3,46,0,10048.375,61.25,0.5,0.125
"<a href=""https://tiktok.com/@fhvdet"" target=""_blank"">@fhvdet</a>",18,8,0,0.8,2,32,0,4143.875,82,1.375,1.375
"<a href=""https://tiktok.com/@ficeuoo"" target=""_blank"">@ficeuoo</a>",7,8,0,1,4,64,0,865,50.875,0.75,3.25
"<a href=""https://tiktok.com/@fichfj1"" target=""_blank"">@fichfj1</a>",7,7,0,0.556,2,30,0,834.286,32.429,0.857,0.143
"<a href=""https://tiktok.com/@fiific8"" target=""_blank"">@fiific8</a>",20,8,0,1,1,16,0,1872.625,54.625,1.125,0.5
"<a href=""https://tiktok.com/@fiir2712"" target=""_blank"">@fiir2712</a>",25,6,0,0.917,27,471,0,347.833,14.667,0.167,0
"<a href=""https://tiktok.com/@finishthemovie3"" target=""_blank"">@finishthemovie3</a>",16,10,0,0.9,10,168,0,29252.5,927.2,3.7,3.7
"<a href=""https://tiktok.com/@fiur8444"" target=""_blank"">@fiur8444</a>",25,12,0,0.887,34,1041,0,5673.917,68.917,0.167,0.417
"<a href=""https://tiktok.com/@fiutfvjj"" target=""_blank"">@fiutfvjj</a>",8,9,0,0.93,61,1032,0,988.889,49.333,0.333,0.333
"<a href=""https://tiktok.com/@fjggds0808"" target=""_blank"">@fjggds0808</a>",8,9,0,0.93,61,1032,0,890.556,40.667,0.667,2.667
"<a href=""https://tiktok.com/@fjgr86434"" target=""_blank"">@fjgr86434</a>",8,9,0,0.93,58,981,0,778.333,34.667,0.222,0.444
"<a href=""https://tiktok.com/@fjgryg0"" target=""_blank"">@fjgryg0</a>",18,8,0,0.844,5,77,0,3641.25,95,2.25,1
"<a href=""https://tiktok.com/@fjjgdvx"" target=""_blank"">@fjjgdvx</a>",17,10,0,0.883,34,646,0,2119.2,81.1,1.4,2.1
"<a href=""https://tiktok.com/@fjvfjk4"" target=""_blank"">@fjvfjk4</a>",7,8,0,0.833,5,84,0,24390.375,658,3.625,3.5
"<a href=""https://tiktok.com/@fkgbm"" target=""_blank"">@fkgbm</a>",6,8,0,0.889,7,105,0,1026,54,0.25,0.875
"<a href=""https://tiktok.com/@fkir2290"" target=""_blank"">@fkir2290</a>",25,6,0,0.917,27,471,0,278.667,8,0.167,0
"<a href=""https://tiktok.com/@fkur7594"" target=""_blank"">@fkur7594</a>",25,12,0,0.887,34,1041,0,3931.417,93.167,0.75,1.333
"<a href=""https://tiktok.com/@fnnf8890"" target=""_blank"">@fnnf8890</a>",25,12,0,0.887,34,1041,0,1128.167,82.333,0.667,0.75
"<a href=""https://tiktok.com/@fody.noachp"" target=""_blank"">@fody.noachp</a>",5,9,0,0.944,7,108,0,22844.889,334.778,1.333,3.333
"<a href=""https://tiktok.com/@frdg25"" target=""_blank"">@frdg25</a>",7,7,0,0.556,2,30,0,2567.857,165,2.571,8
"<a href=""https://tiktok.com/@fredagraham2022"" target=""_blank"">@fredagraham2022</a>",10,10,0,0.95,5,94,0,764.6,38.6,0.7,0.6
"<a href=""https://tiktok.com/@frees.ess"" target=""_blank"">@frees.ess</a>",21,6,0,0.917,18,303,0,243.833,2.333,0,0.167
"<a href=""https://tiktok.com/@fsaftn"" target=""_blank"">@fsaftn</a>",23,6,0,0.917,22,387,0,548.333,15,0,0.167
"<a href=""https://tiktok.com/@fuchc053"" target=""_blank"">@fuchc053</a>",8,8,0,1,35,560,0,1643.5,45.625,0.25,0.875
"<a href=""https://tiktok.com/@fuckh78"" target=""_blank"">@fuckh78</a>",7,8,0,0.785,8,127,0,5835.125,120.375,2.75,0.75
"<a href=""https://tiktok.com/@fucsru"" target=""_blank"">@fucsru</a>",8,8,0,0.844,36,568,0,539.625,21.125,7,5.375
"<a href=""https://tiktok.com/@fuddg743"" target=""_blank"">@fuddg743</a>",8,10,0,0.9,74,1342,0,1780.2,46.7,0.6,0.2
"<a href=""https://tiktok.com/@fugfuj33"" target=""_blank"">@fugfuj33</a>",27,8,0,1,1,16,0,2256,78.75,0.75,2.25
"<a href=""https://tiktok.com/@fughf21"" target=""_blank"">@fughf21</a>",3,10,0,0.95,15,292,0,1714.9,152.2,1.3,1.5
"<a href=""https://tiktok.com/@fujgds.guio"" target=""_blank"">@fujgds.guio</a>",21,6,0,0.917,18,303,0,302.167,3.167,0,0
"<a href=""https://tiktok.com/@gckcj4"" target=""_blank"">@gckcj4</a>",8,10,0,0.9,74,1342,0,1793.4,37.9,0.4,0.6
"<a href=""https://tiktok.com/@gdsd888"" target=""_blank"">@gdsd888</a>",8,8,0,1,37,592,0,5510.375,73.25,1.125,0.875
"<a href=""https://tiktok.com/@gdvbgv3"" target=""_blank"">@gdvbgv3</a>",8,9,0,0.93,57,970,0,595.667,16.556,0.222,0.444
"<a href=""https://tiktok.com/@geiodhs"" target=""_blank"">@geiodhs</a>",7,10,0,0.856,17,278,0.001,1032.5,42.5,1.4,9.1
"<a href=""https://tiktok.com/@geujcc"" target=""_blank"">@geujcc</a>",8,8,0,0.844,39,613,0,10221.125,360.625,2,4.125
"<a href=""https://tiktok.com/@ggdthij"" target=""_blank"">@ggdthij</a>",2,6,0,0.917,7,114,0,675.667,42.667,0.667,3.5
"<a href=""https://tiktok.com/@ghcdax"" target=""_blank"">@ghcdax</a>",16,8,0,1,2,32,0,1887.875,68,1,1.5
"<a href=""https://tiktok.com/@ghhj8554"" target=""_blank"">@ghhj8554</a>",24,15,0,0.967,5,222,0,1833.067,48.933,0.267,0.333
"<a href=""https://tiktok.com/@ghjvfh4"" target=""_blank"">@ghjvfh4</a>",8,9,0,0.93,57,970,0,1249.778,78.556,7.667,14.333
"<a href=""https://tiktok.com/@givtuv"" target=""_blank"">@givtuv</a>",19,10,0,0.769,1,26,0,73710.6,1725.1,25.7,19.5
"<a href=""https://tiktok.com/@gjcfyc"" target=""_blank"">@gjcfyc</a>",16,9,0,0.93,9,142,0,2148.556,66.111,0.556,0.778
"<a href=""https://tiktok.com/@gjguq6894"" target=""_blank"">@gjguq6894</a>",25,12,0,0.887,34,1041,0,1412.333,93.25,1.25,0.75
"<a href=""https://tiktok.com/@gjus6238"" target=""_blank"">@gjus6238</a>",25,12,0,0.887,34,1041,0,1132,51.083,0.25,0.167
"<a href=""https://tiktok.com/@godv7302"" target=""_blank"">@godv7302</a>",8,10,0,0.9,74,1342,0,1035.1,21.6,0.3,0
"<a href=""https://tiktok.com/@gour2295"" target=""_blank"">@gour2295</a>",25,15,0,0.79,34,1302,0,2027.467,74.8,1.4,0.067
"<a href=""https://tiktok.com/@greeryy2"" target=""_blank"">@greeryy2</a>",21,5,0,0.833,12,180,0,80,6,0.2,0
"<a href=""https://tiktok.com/@grsxhi1"" target=""_blank"">@grsxhi1</a>",29,9,0,1,2,32,0,4302.333,90.889,0.444,1.778
"<a href=""https://tiktok.com/@grukc02"" target=""_blank"">@grukc02</a>",8,9,0,0.93,57,970,0,2944.222,127.222,1.778,0.667
"<a href=""https://tiktok.com/@gskdl.duo"" target=""_blank"">@gskdl.duo</a>",21,6,0,0.917,18,303,0,737.167,28.833,0.5,0.5
"<a href=""https://tiktok.com/@gskpccbd"" target=""_blank"">@gskpccbd</a>",8,10,0,0.9,74,1342,0,1979.6,69,0.9,0.8
"<a href=""https://tiktok.com/@gsufb86"" target=""_blank"">@gsufb86</a>",8,8,0,0.844,38,598,0,1697.375,35.25,0,0.375
"<a href=""https://tiktok.com/@gthggg8"" target=""_blank"">@gthggg8</a>",17,6,0,1,6,108,0,599.333,2.5,0,0
"<a href=""https://tiktok.com/@guerin.ontiverok"" target=""_blank"">@guerin.ontiverok</a>",6,8,0,0.889,7,105,0,2786.125,92.25,2.375,1.75
"<a href=""https://tiktok.com/@guoonn.hkp"" target=""_blank"">@guoonn.hkp</a>",21,5,0,0.833,12,180,0,539,8.6,0.6,0
"<a href=""https://tiktok.com/@gxicofj"" target=""_blank"">@gxicofj</a>",7,9,0,0.856,15,246,0,1448,71.333,1.333,0.889
"<a href=""https://tiktok.com/@h_kp82"" target=""_blank"">@h_kp82</a>",12,10,0,0.95,15,248,0,1535.7,32.6,0.1,0.5
"<a href=""https://tiktok.com/@h_lehdi127"" target=""_blank"">@h_lehdi127</a>",12,9,0,0.95,4,68,0,13515.667,143,3.333,2.556
"<a href=""https://tiktok.com/@haiann79"" target=""_blank"">@haiann79</a>",20,8,0,0.8,1,16,0,1580.875,73.625,2.125,0.375
"<a href=""https://tiktok.com/@happy_chinagirl_8"" target=""_blank"">@happy_chinagirl_8</a>",30,7,0,0.429,9,536,0,202,30.143,69.143,0.714
"<a href=""https://tiktok.com/@hcodifb"" target=""_blank"">@hcodifb</a>",3,10,0,0.95,15,292,0,800,30.9,0,0.2
"<a href=""https://tiktok.com/@hcooxhsx"" target=""_blank"">@hcooxhsx</a>",7,8,0,0.833,15,244,0,33488.375,987.5,4.625,4.375
"<a href=""https://tiktok.com/@hdbj8585"" target=""_blank"">@hdbj8585</a>",8,8,0,1,33,528,0,1990.125,122,1.25,7
"<a href=""https://tiktok.com/@hdhxg847"" target=""_blank"">@hdhxg847</a>",8,9,0,0.93,58,983,0,1374.111,46.778,0.667,1.556
"<a href=""https://tiktok.com/@hdididh8"" target=""_blank"">@hdididh8</a>",4,10,0,1,7,136,0,1429,105.1,1.3,0.3
"<a href=""https://tiktok.com/@hdifhg5"" target=""_blank"">@hdifhg5</a>",3,10,0,0.95,15,292,0,3752.5,250,2.3,30.6
"<a href=""https://tiktok.com/@hdjddjd092"" target=""_blank"">@hdjddjd092</a>",17,7,0,0.938,6,114,0,474.714,3.429,0,0
"<a href=""https://tiktok.com/@hdjixdj"" target=""_blank"">@hdjixdj</a>",7,10,0,0.833,7,120,0,926.5,59.2,1,0.3
"<a href=""https://tiktok.com/@hdkcofh"" target=""_blank"">@hdkcofh</a>",4,10,0,1,7,136,0,509.7,23.7,0.5,0.3
"<a href=""https://tiktok.com/@hdljc4"" target=""_blank"">@hdljc4</a>",7,8,0,1,2,32,0,1617.5,53.125,0.75,0.375
"<a href=""https://tiktok.com/@hdmjwo1"" target=""_blank"">@hdmjwo1</a>",23,9,0,0.875,24,552,0,432.889,15.333,0.222,0.222
"<a href=""https://tiktok.com/@hdr86575"" target=""_blank"">@hdr86575</a>",8,10,0,0.9,74,1342,0,2967.1,54.6,0.7,0.5
"<a href=""https://tiktok.com/@hdryxd"" target=""_blank"">@hdryxd</a>",17,9,0,0.883,34,592,0,1619.667,55,2.222,3.556
"<a href=""https://tiktok.com/@hds.hy"" target=""_blank"">@hds.hy</a>",37,8,0,1,2,32,0,1043.5,76.875,0.5,0.25
"<a href=""https://tiktok.com/@hehs5037"" target=""_blank"">@hehs5037</a>",25,11,0,0.88,34,967,0,730.091,40.273,0.091,0.545
"<a href=""https://tiktok.com/@hejdsgi"" target=""_blank"">@hejdsgi</a>",21,5,0,0.833,12,180,0,70.4,2.8,0.2,0
"<a href=""https://tiktok.com/@hffrr976575"" target=""_blank"">@hffrr976575</a>",8,10,0,0.9,74,1342,0,1181.9,14.9,0.1,0.4
"<a href=""https://tiktok.com/@hgff.nko"" target=""_blank"">@hgff.nko</a>",21,6,0,0.917,18,303,0,689.5,11.667,0,1.333
"<a href=""https://tiktok.com/@hgfryj8745"" target=""_blank"">@hgfryj8745</a>",8,10,0,0.9,74,1342,0,1221.4,33.4,0.3,0.1
"<a href=""https://tiktok.com/@hhhhh777777852"" target=""_blank"">@hhhhh777777852</a>",10,9,0,0.95,2,34,0,3786.889,173.556,2.556,3.778
"<a href=""https://tiktok.com/@hidouo"" target=""_blank"">@hidouo</a>",23,15,0,0.888,29,849,0,816,14.933,0.067,0.267
"<a href=""https://tiktok.com/@hirakw1"" target=""_blank"">@hirakw1</a>",23,8,0,0.899,23,492,0,392,14.375,0.125,0.125
"<a href=""https://tiktok.com/@hltuoq"" target=""_blank"">@hltuoq</a>",23,13,0,0.9,29,753,0,519.615,19.538,0,0.308
"<a href=""https://tiktok.com/@hoeg.huan"" target=""_blank"">@hoeg.huan</a>",15,9,0,0.95,11,187,0,6164.556,45,0.444,0.667
"<a href=""https://tiktok.com/@hrfj8302"" target=""_blank"">@hrfj8302</a>",25,9,0,0.88,32,795,0,680,26,0.111,0.333
"<a href=""https://tiktok.com/@hrsy60677"" target=""_blank"">@hrsy60677</a>",25,6,0,0.833,29,531,0,480,13,0,0.167
"<a href=""https://tiktok.com/@hshjrg8647"" target=""_blank"">@hshjrg8647</a>",8,10,0,0.9,74,1342,0,1037.3,52.4,0.5,0.6
"<a href=""https://tiktok.com/@hskdk.jso"" target=""_blank"">@hskdk.jso</a>",21,6,0,0.917,18,303,0,322.167,7.667,0.167,0
"<a href=""https://tiktok.com/@hsozhs6"" target=""_blank"">@hsozhs6</a>",3,9,0,0.95,15,265,0,7612.222,342,5.444,70.889
"<a href=""https://tiktok.com/@huiodjio"" target=""_blank"">@huiodjio</a>",17,9,0,0.883,34,592,0,1149.556,62.111,1.222,0
"<a href=""https://tiktok.com/@hukumn"" target=""_blank"">@hukumn</a>",23,6,0,0.917,16,282,0,88.833,0.5,0,0
"<a href=""https://tiktok.com/@hutse.florom"" target=""_blank"">@hutse.florom</a>",5,8,0,0.889,4,60,0,1252.375,47.625,0.125,1.75
"<a href=""https://tiktok.com/@hxavnxh"" target=""_blank"">@hxavnxh</a>",17,10,0,0.883,34,646,0,31072.7,347.6,23,9.9
"<a href=""https://tiktok.com/@hygge8662"" target=""_blank"">@hygge8662</a>",28,8,0,1,1,16,0,2047.75,56.375,2.25,2.375
"<a href=""https://tiktok.com/@hzbdbrb737hdh"" target=""_blank"">@hzbdbrb737hdh</a>",33,5,0,0.833,2,30,0,1592,195,1.8,1.6
"<a href=""https://tiktok.com/@icucxyyd"" target=""_blank"">@icucxyyd</a>",20,9,0,0.9,1,18,0,1873.889,81.556,1.556,1.889
"<a href=""https://tiktok.com/@idhd139"" target=""_blank"">@idhd139</a>",9,10,0,1,1,16,0,2337,63.1,0.8,2
"<a href=""https://tiktok.com/@idpeoc"" target=""_blank"">@idpeoc</a>",23,13,0,0.884,28,723,0,737.538,22.538,0.154,0.077
"<a href=""https://tiktok.com/@ific3756"" target=""_blank"">@ific3756</a>",25,6,0,0.833,29,531,0,384.667,12.833,0.167,0
"<a href=""https://tiktok.com/@irdc042"" target=""_blank"">@irdc042</a>",3,10,0,0.95,15,292,0,93997.8,3816.9,13.9,27.7
"<a href=""https://tiktok.com/@itdh8557"" target=""_blank"">@itdh8557</a>",8,10,0,0.9,74,1342,0,745.8,27.1,0.2,2.3
"<a href=""https://tiktok.com/@jacinta.almetrak"" target=""_blank"">@jacinta.almetrak</a>",5,9,0,0.944,7,110,0,1016,46.111,0.333,1.667
"<a href=""https://tiktok.com/@jbvn61"" target=""_blank"">@jbvn61</a>",21,6,0,0.917,18,303,0,943.833,18.5,1.5,0.667
"<a href=""https://tiktok.com/@jcsie5410"" target=""_blank"">@jcsie5410</a>",25,12,0,0.887,34,1041,0,1797.917,54.25,0.5,0.583
"<a href=""https://tiktok.com/@jdpdosj"" target=""_blank"">@jdpdosj</a>",4,10,0,1,7,136,0,676.2,37.2,1.4,0.9
"<a href=""https://tiktok.com/@jdpxorjf"" target=""_blank"">@jdpxorjf</a>",3,10,0,0.95,15,292,0,2492.8,55.6,0.6,4.7
"<a href=""https://tiktok.com/@jeiofifuhd"" target=""_blank"">@jeiofifuhd</a>",8,10,0,0.9,74,1342,0,2698.1,120.4,0.6,1.2
"<a href=""https://tiktok.com/@jfdd653"" target=""_blank"">@jfdd653</a>",8,10,0,0.9,74,1342,0,2010.2,41.7,0.2,0.2
"<a href=""https://tiktok.com/@jfdhjj9090"" target=""_blank"">@jfdhjj9090</a>",8,9,0,0.93,57,970,0,1111.444,42.778,1.111,0.333
"<a href=""https://tiktok.com/@jfkovj5"" target=""_blank"">@jfkovj5</a>",3,10,0,0.95,15,292,0,1592.2,127.4,1,2.2
"<a href=""https://tiktok.com/@jfshjfd9530"" target=""_blank"">@jfshjfd9530</a>",8,9,0,0.93,58,983,0,1719.111,79.111,2.111,6.667
"<a href=""https://tiktok.com/@jfufrehcdh"" target=""_blank"">@jfufrehcdh</a>",4,10,0,1,7,136,0,1125.6,89.4,0.9,0.5
"<a href=""https://tiktok.com/@jgdghg75464"" target=""_blank"">@jgdghg75464</a>",8,10,0,0.9,74,1342,0,7432.9,68.5,0.2,1
"<a href=""https://tiktok.com/@jhckhs"" target=""_blank"">@jhckhs</a>",23,8,0,0.899,17,363,0,114.125,2.625,0,0
"<a href=""https://tiktok.com/@jiletu.taniong"" target=""_blank"">@jiletu.taniong</a>",5,8,0,0.889,3,45,0,1253.875,54.625,0.25,2.875
"<a href=""https://tiktok.com/@jjjjjjf00"" target=""_blank"">@jjjjjjf00</a>",11,8,0,0.806,3,50,0,1178.125,61,2.125,0.875
"<a href=""https://tiktok.com/@joannafitzgerald1111"" target=""_blank"">@joannafitzgerald1111</a>",18,8,0,1,2,32,0,3901.75,112.875,2.75,2.75
"<a href=""https://tiktok.com/@josephmacadam2022"" target=""_blank"">@josephmacadam2022</a>",14,10,0,0.936,6,120,0,1558.5,54,0.5,0.3
"<a href=""https://tiktok.com/@jsns2563"" target=""_blank"">@jsns2563</a>",35,5,0,0.833,3,45,0,300.2,4.4,0,0
"<a href=""https://tiktok.com/@jubal_movie"" target=""_blank"">@jubal_movie</a>",7,8,0,0.833,15,244,0,1254.75,91,1.5,2.375
"<a href=""https://tiktok.com/@juliedouglass2013"" target=""_blank"">@juliedouglass2013</a>",16,9,0,0.93,5,81,0,1378.333,100.667,1.778,1.111
"<a href=""https://tiktok.com/@jxgxi8"" target=""_blank"">@jxgxi8</a>",37,8,0,1,2,32,0,796.5,28,0.25,0.125
"<a href=""https://tiktok.com/@k_bao1m114"" target=""_blank"">@k_bao1m114</a>",12,8,0,1,4,64,0,1479.5,44.875,0.375,3
"<a href=""https://tiktok.com/@kartik_girl120"" target=""_blank"">@kartik_girl120</a>",30,21,0,0.764,8,735,0,2552.083,160.5,7.125,9.75
"<a href=""https://tiktok.com/@kate396112"" target=""_blank"">@kate396112</a>",8,9,0,0.93,61,1032,0,1800.778,59.889,4,0.667
"<a href=""https://tiktok.com/@kellygallacher0930"" target=""_blank"">@kellygallacher0930</a>",14,11,0,0.864,6,129,0,13168.545,212.273,2.636,5.545
"<a href=""https://tiktok.com/@kfbfol"" target=""_blank"">@kfbfol</a>",23,14,0,0.897,29,802,0,253,12,0,0.071
"<a href=""https://tiktok.com/@kimleonard0623"" target=""_blank"">@kimleonard0623</a>",16,8,0,0.844,2,31,0,27148,166.5,9.125,12.125
"<a href=""https://tiktok.com/@kind26921"" target=""_blank"">@kind26921</a>",11,9,0,0.704,9,156,0,1401.091,101.182,1.818,1.364
"<a href=""https://tiktok.com/@kokokopi72"" target=""_blank"">@kokokopi72</a>",6,9,0,0.944,9,147,0,20931.667,207.778,2.778,2.222
"<a href=""https://tiktok.com/@krug011"" target=""_blank"">@krug011</a>",3,9,0,0.95,15,264,0,768,24.667,0,0.222
"<a href=""https://tiktok.com/@ktsfyh"" target=""_blank"">@ktsfyh</a>",17,10,0,0.883,34,646,0,1600.5,51.1,2.3,0.9
"<a href=""https://tiktok.com/@kulch.sonyak"" target=""_blank"">@kulch.sonyak</a>",5,8,0,0.889,4,60,0,1414.5,81,1.75,2.875
"<a href=""https://tiktok.com/@landscape5670"" target=""_blank"">@landscape5670</a>",17,10,0,0.883,34,646,0,872.7,51.1,4.8,1
"<a href=""https://tiktok.com/@lewisaledk0117"" target=""_blank"">@lewisaledk0117</a>",14,10,0,0.936,6,120,0,1656.6,53.4,0.3,0.9
"<a href=""https://tiktok.com/@lgunwj"" target=""_blank"">@lgunwj</a>",23,6,0,0.917,22,387,0,101.333,4.5,0.167,0.5
"<a href=""https://tiktok.com/@lhqitc"" target=""_blank"">@lhqitc</a>",23,15,0,0.888,29,849,0,946,27.933,0.2,0.267
"<a href=""https://tiktok.com/@long.arpin"" target=""_blank"">@long.arpin</a>",7,7,0,0.556,2,30,0,11013.571,202.429,4,13
"<a href=""https://tiktok.com/@luisina.riihimaki"" target=""_blank"">@luisina.riihimaki</a>",3,10,0,0.95,15,292,0,1130,132.3,1.3,0.9
"<a href=""https://tiktok.com/@lwandiswamsithini"" target=""_blank"">@lwandiswamsithini</a>",15,8,0,0.844,8,125,0,10755,41.625,1,0.875
"<a href=""https://tiktok.com/@m_bao3m360"" target=""_blank"">@m_bao3m360</a>",12,8,0,1,8,128,0,1438.625,50.125,1.25,2.75
"<a href=""https://tiktok.com/@manggkko5"" target=""_blank"">@manggkko5</a>",29,10,0,1,4,68,0,2382.6,39.3,0.4,0.2
"<a href=""https://tiktok.com/@mapleswishesvs"" target=""_blank"">@mapleswishesvs</a>",7,9,0,0.864,11,180,0,1499.333,34.333,12.556,0.667
"<a href=""https://tiktok.com/@maria.manaiag"" target=""_blank"">@maria.manaiag</a>",6,9,0,0.944,9,147,0,2019.222,196.889,6.667,6.556
"<a href=""https://tiktok.com/@mcgkvx"" target=""_blank"">@mcgkvx</a>",13,8,0,0.944,4,66,0,8955,54.75,12.625,1
"<a href=""https://tiktok.com/@mdsdz2"" target=""_blank"">@mdsdz2</a>",2,7,0,0.826,7,136,0,1228.429,65.714,8.429,0.714
"<a href=""https://tiktok.com/@mhmqkb"" target=""_blank"">@mhmqkb</a>",23,6,0,0.917,16,282,0,8.833,0,0,0
"<a href=""https://tiktok.com/@mmlcdg"" target=""_blank"">@mmlcdg</a>",23,6,0,0.917,17,294,0,353.167,9,0.167,0
"<a href=""https://tiktok.com/@morgan.rodregez"" target=""_blank"">@morgan.rodregez</a>",7,7,0,0.556,2,30,0,614.714,20.143,0.286,0.143
"<a href=""https://tiktok.com/@mv.vj3"" target=""_blank"">@mv.vj3</a>",21,6,0,0.917,18,303,0,928.5,37.167,0.667,1
"<a href=""https://tiktok.com/@mzcvs991"" target=""_blank"">@mzcvs991</a>",21,5,0,0.833,12,180,0,674.8,15,0.4,0.8
"<a href=""https://tiktok.com/@n3atrc"" target=""_blank"">@n3atrc</a>",32,9,0,0.889,1,15,0,2596.444,62.667,1.556,2.667
"<a href=""https://tiktok.com/@nataliechristiana2016"" target=""_blank"">@nataliechristiana2016</a>",14,10,0,0.936,6,120,0,1278.7,38.5,1.1,0.3
"<a href=""https://tiktok.com/@ndnenmeme"" target=""_blank"">@ndnenmeme</a>",17,8,0,0.875,35,582,0.001,1034,3.125,0,0
"<a href=""https://tiktok.com/@nendn4309"" target=""_blank"">@nendn4309</a>",8,10,0,0.9,74,1342,0,3115.5,49.1,1.3,0.6
"<a href=""https://tiktok.com/@nh.phan.qong"" target=""_blank"">@nh.phan.qong</a>",7,7,0,0.556,2,30,0,8938.143,279.714,3.143,2.714
"<a href=""https://tiktok.com/@nihgvgt889"" target=""_blank"">@nihgvgt889</a>",33,6,0,0.917,5,78,0,1182.167,90.667,1.167,0.5
"<a href=""https://tiktok.com/@nsftib"" target=""_blank"">@nsftib</a>",23,6,0,0.917,16,282,0,45,0.167,0,0
"<a href=""https://tiktok.com/@nvi3ho"" target=""_blank"">@nvi3ho</a>",22,9,0,0.944,9,150,0,342.111,10,0,0.111
"<a href=""https://tiktok.com/@ohhostts"" target=""_blank"">@ohhostts</a>",9,10,0,1,2,32,0,999.2,121.8,1.9,3.6
"<a href=""https://tiktok.com/@okay11732"" target=""_blank"">@okay11732</a>",24,14,0,0.933,5,210,0,1840.214,100.071,0.643,1.143
"<a href=""https://tiktok.com/@oxh758"" target=""_blank"">@oxh758</a>",8,8,0,0.844,40,628,0,1761,154.75,0.375,0.75
"<a href=""https://tiktok.com/@pardesi_driver120"" target=""_blank"">@pardesi_driver120</a>",30,47,0,0.579,13,2597,0,3754.787,304.574,24.319,3.638
"<a href=""https://tiktok.com/@plana_b6"" target=""_blank"">@plana_b6</a>",7,6,0,0.556,2,30,0,13817.833,242.667,7.167,9
"<a href=""https://tiktok.com/@pleas.raphakk"" target=""_blank"">@pleas.raphakk</a>",6,9,0,0.944,9,147,0,2106.667,93.889,1.222,0.667
"<a href=""https://tiktok.com/@pratt_movie"" target=""_blank"">@pratt_movie</a>",8,10,0,0.9,74,1342,0,24911.9,482.5,3.6,6.8
"<a href=""https://tiktok.com/@privon14"" target=""_blank"">@privon14</a>",30,29,0,0.609,13,1619,0,982.931,59.586,13.241,2.724
"<a href=""https://tiktok.com/@puhrra"" target=""_blank"">@puhrra</a>",23,6,0,0.917,22,387,0,2662.833,57.333,0.167,0
"<a href=""https://tiktok.com/@qbnvoop"" target=""_blank"">@qbnvoop</a>",29,10,0,1,4,68,0,1480.3,44.6,0.1,0.6
"<a href=""https://tiktok.com/@quincyshop08"" target=""_blank"">@quincyshop08</a>",4,10,0,1,7,136,0,1865.7,67.6,0.7,1.8
"<a href=""https://tiktok.com/@risood6"" target=""_blank"">@risood6</a>",7,8,0,0.833,15,244,0,968.25,32.375,3.875,0.75
"<a href=""https://tiktok.com/@rmcbk1"" target=""_blank"">@rmcbk1</a>",18,10,0,0.9,8,138,0,28115.5,766.5,4.4,8.6
"<a href=""https://tiktok.com/@rmgh132"" target=""_blank"">@rmgh132</a>",8,8,0,1,37,592,0,701.25,29.875,0.5,0.875
"<a href=""https://tiktok.com/@rohingyao"" target=""_blank"">@rohingyao</a>",17,10,0,0.883,34,646,0,1350.7,62.9,4.4,0.6
"<a href=""https://tiktok.com/@rosantspssu"" target=""_blank"">@rosantspssu</a>",27,8,0,1,1,16,0,2531.75,59.375,0.875,57
"<a href=""https://tiktok.com/@ryllskaya.reddit"" target=""_blank"">@ryllskaya.reddit</a>",7,7,0,0.667,2,36,0,237.857,14.571,0.857,0.286
"<a href=""https://tiktok.com/@ryllskayaqing"" target=""_blank"">@ryllskayaqing</a>",7,8,0,0.833,15,244,0,970.125,92.625,2.375,2
"<a href=""https://tiktok.com/@rzk26w"" target=""_blank"">@rzk26w</a>",22,8,0,1,8,128,0,659.25,25.75,0.125,0.125
"<a href=""https://tiktok.com/@s_heise214"" target=""_blank"">@s_heise214</a>",12,8,0,1,8,128,0,1361,59.875,0.375,0.875
"<a href=""https://tiktok.com/@s_ostfo146"" target=""_blank"">@s_ostfo146</a>",12,8,0,1,4,64,0,888.875,17.125,0,0.25
"<a href=""https://tiktok.com/@sabanaminnaarishi"" target=""_blank"">@sabanaminnaarishi</a>",13,8,0,0.944,4,66,0,380,11.375,0.125,0.25
"<a href=""https://tiktok.com/@sandyjulia2021"" target=""_blank"">@sandyjulia2021</a>",7,10,0,0.833,7,120,0,1246,94.2,5.4,2.4
"<a href=""https://tiktok.com/@santiago.fernande323"" target=""_blank"">@santiago.fernande323</a>",6,9,0,0.944,9,147,0,2386.222,106.556,1.444,1.889
"<a href=""https://tiktok.com/@sasapco"" target=""_blank"">@sasapco</a>",17,10,0,0.883,34,646,0,1700.7,134.3,0.6,1.1
"<a href=""https://tiktok.com/@satarajoette"" target=""_blank"">@satarajoette</a>",7,10,0,0.842,25,414,0.002,1289.4,71,0.9,0.9
"<a href=""https://tiktok.com/@satsyou"" target=""_blank"">@satsyou</a>",17,10,0,0.883,34,646,0,1437.3,85.6,7.7,0.9
"<a href=""https://tiktok.com/@sayzxdt"" target=""_blank"">@sayzxdt</a>",7,6,0,0.556,2,30,0,1439.833,68.333,2.167,2.833
"<a href=""https://tiktok.com/@scra5694"" target=""_blank"">@scra5694</a>",25,12,0,0.887,34,1041,0,1193.667,46.417,0.667,1.167
"<a href=""https://tiktok.com/@sdsdyou"" target=""_blank"">@sdsdyou</a>",17,9,0,0.95,31,538,0,2902.333,105.111,3.222,1.667
"<a href=""https://tiktok.com/@sgdjn3"" target=""_blank"">@sgdjn3</a>",8,10,0,0.9,74,1342,0,670.7,25.1,0.3,0.4
"<a href=""https://tiktok.com/@shotewg"" target=""_blank"">@shotewg</a>",17,9,0,0.883,34,592,0,25487.222,1228.889,10.556,52.556
"<a href=""https://tiktok.com/@shvchjds"" target=""_blank"">@shvchjds</a>",17,9,0,0.95,31,539,0,1481.444,58.444,10.889,0.556
"<a href=""https://tiktok.com/@siev9347"" target=""_blank"">@siev9347</a>",25,12,0,0.887,34,1041,0,1324.5,86.833,0.583,0.5
"<a href=""https://tiktok.com/@sjdh9643"" target=""_blank"">@sjdh9643</a>",8,9,0,0.93,57,970,0,849.556,38.556,0,0.444
"<a href=""https://tiktok.com/@sqifhw"" target=""_blank"">@sqifhw</a>",23,9,0,0.875,24,552,0,581.667,19.222,0.222,1.111
"<a href=""https://tiktok.com/@steven.garrison13"" target=""_blank"">@steven.garrison13</a>",8,9,0,1,33,528,0,1419.333,58.111,0.889,0.778
"<a href=""https://tiktok.com/@stoyouh"" target=""_blank"">@stoyouh</a>",17,9,0,0.883,34,592,0,1837.556,73.333,2.778,0.889
"<a href=""https://tiktok.com/@stylish_queen_120"" target=""_blank"">@stylish_queen_120</a>",30,32,0,0.631,13,1885,0,1542.594,149.281,12.094,1.938
"<a href=""https://tiktok.com/@svjscsh"" target=""_blank"">@svjscsh</a>",17,9,0,0.883,34,592,0,3040.889,58.222,2.444,0.333
"<a href=""https://tiktok.com/@sweet_driver120"" target=""_blank"">@sweet_driver120</a>",30,36,0,0.629,13,2022,0,1208.25,120.944,13.639,3.389
"<a href=""https://tiktok.com/@tafwwk"" target=""_blank"">@tafwwk</a>",23,15,0,0.888,29,849,0,553.2,15.4,0,0.067
"<a href=""https://tiktok.com/@ternencebloor0314"" target=""_blank"">@ternencebloor0314</a>",10,9,0,0.95,2,34,0,745.444,43.222,0.333,0.333
"<a href=""https://tiktok.com/@terry.schmerko"" target=""_blank"">@terry.schmerko</a>",5,9,0,0.944,7,110,0,1640.778,176.222,1,1.444
"<a href=""https://tiktok.com/@text.fc"" target=""_blank"">@text.fc</a>",17,10,0,0.883,34,646,0,3382.7,147.6,5,7.6
"<a href=""https://tiktok.com/@text690"" target=""_blank"">@text690</a>",17,9,0,0.95,31,538,0,4514.444,88.667,17.778,3.556
"<a href=""https://tiktok.com/@text778"" target=""_blank"">@text778</a>",17,10,0,0.883,34,646,0,5283.4,206.2,2.3,2.1
"<a href=""https://tiktok.com/@textpov10"" target=""_blank"">@textpov10</a>",11,7,0,0.556,1,15,0,3018.714,71.286,1.143,4.714
"<a href=""https://tiktok.com/@texts178"" target=""_blank"">@texts178</a>",17,9,0,0.95,31,539,0,2075.111,79.333,2,0.889
"<a href=""https://tiktok.com/@textstory781"" target=""_blank"">@textstory781</a>",17,9,0,0.883,34,592,0,8259.111,199.222,6.667,3.222
"<a href=""https://tiktok.com/@textstoryman3"" target=""_blank"">@textstoryman3</a>",7,9,0,0.741,36,618,0.002,998.444,39.778,1.667,2.778
"<a href=""https://tiktok.com/@textstyo"" target=""_blank"">@textstyo</a>",17,10,0,0.883,34,646,0,2827.5,101.7,2.7,5.1
"<a href=""https://tiktok.com/@tguu743"" target=""_blank"">@tguu743</a>",8,10,0,0.9,74,1342,0,3329.8,55.7,0.7,0.8
"<a href=""https://tiktok.com/@thai.hoai.nhan.du"" target=""_blank"">@thai.hoai.nhan.du</a>",5,8,0,0.889,1,15,0,1123.75,54.875,1,0.75
"<a href=""https://tiktok.com/@thunhanhoang6"" target=""_blank"">@thunhanhoang6</a>",5,8,0,0.889,4,60,0,1514.75,55.75,0.625,2.375
"<a href=""https://tiktok.com/@thuusu7"" target=""_blank"">@thuusu7</a>",7,7,0,0.556,2,30,0,1120.714,64.857,0.286,0.429
"<a href=""https://tiktok.com/@thvkyy6"" target=""_blank"">@thvkyy6</a>",7,8,0,1,2,32,0,1014,26.75,0.375,0.375
"<a href=""https://tiktok.com/@tiiff4205"" target=""_blank"">@tiiff4205</a>",25,12,0,0.888,34,1041,0,889.167,28.167,0.25,0.25
"<a href=""https://tiktok.com/@tiwakp1"" target=""_blank"">@tiwakp1</a>",23,5,0,0.833,20,300,0,466.2,13.4,0,0.2
"<a href=""https://tiktok.com/@tsis.hsdg"" target=""_blank"">@tsis.hsdg</a>",21,5,0,0.833,12,180,0,349.4,5.6,0.4,0
"<a href=""https://tiktok.com/@tsuso.uso"" target=""_blank"">@tsuso.uso</a>",21,5,0,0.833,12,180,0,2056.4,24.6,0.2,0.8
"<a href=""https://tiktok.com/@twkoopk"" target=""_blank"">@twkoopk</a>",29,8,0,1,3,48,0,2518.75,92.25,1,0.625
"<a href=""https://tiktok.com/@tyuioaak1"" target=""_blank"">@tyuioaak1</a>",17,10,0,0.883,34,646,0,791.6,33.9,2,0.4
"<a href=""https://tiktok.com/@ubhutfrx"" target=""_blank"">@ubhutfrx</a>",3,10,0,0.95,15,292,0,2123.7,125.3,1,1
"<a href=""https://tiktok.com/@ufsc8075"" target=""_blank"">@ufsc8075</a>",25,12,0,0.887,34,1041,0,1183.833,80.583,0.083,1.25
"<a href=""https://tiktok.com/@uftixru"" target=""_blank"">@uftixru</a>",7,9,0,0.95,4,66,0,1218.111,130.222,0.778,0.444
"<a href=""https://tiktok.com/@ugoujhu"" target=""_blank"">@ugoujhu</a>",22,9,0,0.944,9,150,0,449.111,10,0,0.778
"<a href=""https://tiktok.com/@uhpdh"" target=""_blank"">@uhpdh</a>",3,10,0,0.95,15,292,0,1270.7,65,0.6,0.6
"<a href=""https://tiktok.com/@urdu9708"" target=""_blank"">@urdu9708</a>",25,12,0,0.888,34,1041,0,1363.917,75,0.083,0.917
"<a href=""https://tiktok.com/@user1203836358576"" target=""_blank"">@user1203836358576</a>",18,8,0,0.844,4,62,0,7777,227.875,7.5,1.75
"<a href=""https://tiktok.com/@user2146681092430"" target=""_blank"">@user2146681092430</a>",1,7,0,0.778,1,16,0,662.429,5.714,0,0.286
"<a href=""https://tiktok.com/@user2268806570260"" target=""_blank"">@user2268806570260</a>",8,9,0,0.93,61,1032,0,996.111,31.333,0.667,0
"<a href=""https://tiktok.com/@user2727751386886"" target=""_blank"">@user2727751386886</a>",35,7,0,0.833,3,45,0,1855.857,43.143,0.571,0.429
"<a href=""https://tiktok.com/@user2804925460335"" target=""_blank"">@user2804925460335</a>",17,6,0,1,1,18,0,2756.667,46.667,3,0.833
"<a href=""https://tiktok.com/@user3360077055795"" target=""_blank"">@user3360077055795</a>",2,8,0,0.869,9,182,0,992.625,44.5,0.5,1.125
"<a href=""https://tiktok.com/@user3428239706378"" target=""_blank"">@user3428239706378</a>",1,9,0,0.833,4,70,0,2403.333,38.667,0.667,1.444
"<a href=""https://tiktok.com/@user3933909636681"" target=""_blank"">@user3933909636681</a>",2,8,0,0.869,9,184,0,29367.375,1215.875,369.375,622.75
"<a href=""https://tiktok.com/@user446852885706"" target=""_blank"">@user446852885706</a>",8,8,0,0.844,34,538,0,1161.75,70.375,1.125,1
"<a href=""https://tiktok.com/@user5203530187060"" target=""_blank"">@user5203530187060</a>",8,10,0,0.9,74,1342,0,1170.3,20.8,3.1,0.1
"<a href=""https://tiktok.com/@user54084767052186"" target=""_blank"">@user54084767052186</a>",15,9,0,0.95,11,187,0,8850.222,123.667,2.333,2.222
"<a href=""https://tiktok.com/@user5626060056906"" target=""_blank"">@user5626060056906</a>",3,10,0,0.95,15,292,0,1321.7,60.1,0.9,0.7
"<a href=""https://tiktok.com/@user5767257366324"" target=""_blank"">@user5767257366324</a>",13,7,0,0.778,1,16,0,1509.714,28.429,0.143,0.714
"<a href=""https://tiktok.com/@user6024099769612"" target=""_blank"">@user6024099769612</a>",16,8,0,0.844,3,46,0,3233,88.375,0.75,0.625
"<a href=""https://tiktok.com/@user6512543508135"" target=""_blank"">@user6512543508135</a>",1,8,0,0.944,3,50,0,533.875,20.625,0,0.375
"<a href=""https://tiktok.com/@user6612103821920"" target=""_blank"">@user6612103821920</a>",1,8,0,0.944,3,50,0,210.625,6.25,0.125,0.125
"<a href=""https://tiktok.com/@user6922385284275"" target=""_blank"">@user6922385284275</a>",3,10,0,0.95,15,292,0,2021.3,116,1.7,3.4
"<a href=""https://tiktok.com/@user69943662042413"" target=""_blank"">@user69943662042413</a>",7,8,0,0.833,15,244,0,20338.75,253.375,5.625,3.5
"<a href=""https://tiktok.com/@user7491401466635"" target=""_blank"">@user7491401466635</a>",2,8,0,0.869,9,182,0,2842.125,119.125,6.25,13.75
"<a href=""https://tiktok.com/@user7516190319240"" target=""_blank"">@user7516190319240</a>",7,7,0,0.556,2,30,0,642.857,47.429,0.857,0.429
"<a href=""https://tiktok.com/@user769357200"" target=""_blank"">@user769357200</a>",7,10,0,0.95,5,82,0,584.4,28.7,1.3,0.1
"<a href=""https://tiktok.com/@user7999731519937"" target=""_blank"">@user7999731519937</a>",8,9,0,0.93,58,981,0,780.778,48.333,1.222,1.667
"<a href=""https://tiktok.com/@user8071963807813"" target=""_blank"">@user8071963807813</a>",1,8,0,0.944,3,50,0,344.625,13.75,0.25,0.125
"<a href=""https://tiktok.com/@user81216778545341"" target=""_blank"">@user81216778545341</a>",2,6,0,0.708,7,116,0,6392.5,227.5,28.333,4.167
"<a href=""https://tiktok.com/@user83050540275304"" target=""_blank"">@user83050540275304</a>",2,9,0,0.778,10,219,0,684.444,33.222,0.778,0.556
"<a href=""https://tiktok.com/@user8662190461588"" target=""_blank"">@user8662190461588</a>",2,8,0,0.878,9,184,0,10097.75,321.625,5.75,6.25
"<a href=""https://tiktok.com/@user909070149145"" target=""_blank"">@user909070149145</a>",11,7,0,0.556,1,15,0,13735.286,153.857,2,9.143
"<a href=""https://tiktok.com/@user9263706665749"" target=""_blank"">@user9263706665749</a>",7,10,0,1,5,84,0,1121.9,41.4,1.1,0.5
"<a href=""https://tiktok.com/@user9398178519308"" target=""_blank"">@user9398178519308</a>",36,6,0,0.917,4,69,0,423,5.333,0,0.167
"<a href=""https://tiktok.com/@user9638712240929"" target=""_blank"">@user9638712240929</a>",7,9,0,0.864,20,325,0,884.667,46.667,0.889,0.222
"<a href=""https://tiktok.com/@user9887258595260"" target=""_blank"">@user9887258595260</a>",2,5,0,0.556,2,30,0,12949,269.8,3,1.4
"<a href=""https://tiktok.com/@username.123467897"" target=""_blank"">@username.123467897</a>",31,10,0,1,1,21,0,805.6,33.6,1.6,1.5
"<a href=""https://tiktok.com/@username.12365478"" target=""_blank"">@username.12365478</a>",31,10,0,1,1,21,0,1390.083,104.25,10.917,5.5
"<a href=""https://tiktok.com/@username6652655"" target=""_blank"">@username6652655</a>",30,29,0,0.746,6,500,0,133.586,12.862,1.897,0.241
"<a href=""https://tiktok.com/@usixidbd"" target=""_blank"">@usixidbd</a>",8,10,0,0.9,74,1342,0,2012.9,171.9,1.7,1.7
"<a href=""https://tiktok.com/@usjcsx8i"" target=""_blank"">@usjcsx8i</a>",11,7,0,0.708,2,34,0,840.857,23,0,0.571
"<a href=""https://tiktok.com/@vdkfofu"" target=""_blank"">@vdkfofu</a>",9,10,0,1,1,16,0,1563.3,64.5,1.4,2
"<a href=""https://tiktok.com/@vdudb33"" target=""_blank"">@vdudb33</a>",8,9,0,0.93,62,1043,0.001,29136.111,781,2.222,1.889
"<a href=""https://tiktok.com/@vintage5920"" target=""_blank"">@vintage5920</a>",11,8,0,0.819,5,88,0,275.556,10.222,1,0.222
"<a href=""https://tiktok.com/@vkie1837"" target=""_blank"">@vkie1837</a>",25,6,0,0.833,29,531,0,406.667,16.833,0,0.5
"<a href=""https://tiktok.com/@wdoi2427"" target=""_blank"">@wdoi2427</a>",25,12,0,0.887,34,1041,0,463.083,24.917,0.333,0.333
"<a href=""https://tiktok.com/@weck01"" target=""_blank"">@weck01</a>",17,10,0,0.883,34,646,0,3319.8,65.9,1.3,0.8
"<a href=""https://tiktok.com/@wgslhe"" target=""_blank"">@wgslhe</a>",23,15,0,0.888,29,849,0,2177.667,36,0.2,0.667
"<a href=""https://tiktok.com/@wgvs9108"" target=""_blank"">@wgvs9108</a>",25,9,0,0.854,28,708,0,432,19.667,0,0.111
"<a href=""https://tiktok.com/@windi.suzang"" target=""_blank"">@windi.suzang</a>",6,8,0,0.889,7,105,0,21281.75,644.5,6.625,2.5
"<a href=""https://tiktok.com/@wipw6992"" target=""_blank"">@wipw6992</a>",25,6,0,0.917,25,435,0,530.667,11.5,0.167,1.333
"<a href=""https://tiktok.com/@wotext"" target=""_blank"">@wotext</a>",17,10,0,0.883,34,646,0,1620.9,60.8,1.8,0.8
"<a href=""https://tiktok.com/@wty88731wbc"" target=""_blank"">@wty88731wbc</a>",26,10,0,1,1,20,0,2428.9,99.7,3.9,1.3
"<a href=""https://tiktok.com/@wxjqb8"" target=""_blank"">@wxjqb8</a>",22,9,0,0.944,9,150,0,977.111,34.111,0,0.889
"<a href=""https://tiktok.com/@wys88511u0t"" target=""_blank"">@wys88511u0t</a>",26,10,0,1,1,20,0,5783.6,260.7,8.3,2.7
"<a href=""https://tiktok.com/@xbksbssh"" target=""_blank"">@xbksbssh</a>",35,6,0,0.833,1,15,0,329,6.333,0.167,0
"<a href=""https://tiktok.com/@xistoretime"" target=""_blank"">@xistoretime</a>",11,8,0,0.806,3,50,0,802.875,28,0.375,0
"<a href=""https://tiktok.com/@xx91k2"" target=""_blank"">@xx91k2</a>",22,9,0,0.944,9,150,0,67336,1816.111,10.889,13.556
"<a href=""https://tiktok.com/@xxii911"" target=""_blank"">@xxii911</a>",17,10,0,0.883,34,646,0,612.2,49.4,2,0.4
"<a href=""https://tiktok.com/@y_lebei321"" target=""_blank"">@y_lebei321</a>",12,10,0,0.95,15,248,0,1135.5,36.1,0.3,4.7
"<a href=""https://tiktok.com/@ycbbbsd"" target=""_blank"">@ycbbbsd</a>",8,9,0,0.93,58,981,0,947.222,38.556,0,0.889
"<a href=""https://tiktok.com/@yeke.heo"" target=""_blank"">@yeke.heo</a>",21,6,0,0.917,18,303,0,1334.833,16.833,0,0
"<a href=""https://tiktok.com/@yfidifh"" target=""_blank"">@yfidifh</a>",7,10,0,1,5,84,0,2644.5,86.5,0.8,0.8
"<a href=""https://tiktok.com/@ykht6376ew"" target=""_blank"">@ykht6376ew</a>",33,5,0,0.833,2,30,0,1153.2,118.6,1.2,0.4
"<a href=""https://tiktok.com/@you.texts"" target=""_blank"">@you.texts</a>",17,9,0,0.883,34,592,0,1574.556,52,1.556,0.889
"<a href=""https://tiktok.com/@you55668"" target=""_blank"">@you55668</a>",17,10,0,0.883,34,646,0,1526.4,74.6,3.5,9.8
"<a href=""https://tiktok.com/@yourstoryttt"" target=""_blank"">@yourstoryttt</a>",17,10,0,0.883,34,646,0,1889.6,68,3.7,2.6
"<a href=""https://tiktok.com/@ytrq8081"" target=""_blank"">@ytrq8081</a>",24,15,0,0.967,5,222,0,1672.2,100.933,0.667,0.2
"<a href=""https://tiktok.com/@yurodriver_120"" target=""_blank"">@yurodriver_120</a>",30,12,0,0.483,8,564,0,736.667,68.25,4.917,1.583
"<a href=""https://tiktok.com/@yuwenmovie"" target=""_blank"">@yuwenmovie</a>",10,9,0,0.9,4,72,0,667,29.667,1,0
"<a href=""https://tiktok.com/@zgekze"" target=""_blank"">@zgekze</a>",22,9,0,0.944,9,150,0,938.667,27.444,0.222,0.778
"<a href=""https://tiktok.com/@zjvz.bdoj"" target=""_blank"">@zjvz.bdoj</a>",17,7,0,0.938,6,114,0,313.429,3.571,0.143,0
"<a href=""https://tiktok.com/@zzffpiqzpjw"" target=""_blank"">@zzffpiqzpjw</a>",29,8,0,1,2,32,0,750.25,32.25,0.125,0.375
