"Network","Number of Accounts","Network Density","Network Diameter","Clustering Coefficient","Avg Views","Avg Likes","Avg Comments","Avg Shares","Member Accounts"
1,5,0.7,34,0.8,874.5,17.825,0.225,0.5,"user6612103821920, user6512543508135, user3428239706378, user2146681092430, user8071963807813"
2,11,0.8,39,0.889,5874.927,217.805,40.451,63.72,"user3360077055795, user81216778545341, user83050540275304, user8662190461588, djskgikeejk8, user3933909636681, user7491401466635, mdsdz2, bdbdchhd, ggdthij, user9887258595260"
3,16,1,20,1,8137.541,343.471,2.019,8.892,"hcodifb, fughf21, irdc042, fdijc3, jfkovj5, hdifhg5, krug011, hsozhs6, luisina.riihimaki, uhpdh, be.jkigv, jdpxorjf, ubhutfrx, user5626060056906, bmc12655, user6922385284275"
4,8,1,20,1,23063.638,684.838,1.45,4.213,"chantalkusch, jdpdosj, hdididh8, hdkcofh, dutiutx, jfufrehcdh, chhvtdy, quincyshop08"
5,9,0.611,46,0.714,3935.211,107.066,0.855,1.947,"fody.noachp, thai.hoai.nhan.du, fh.hfko, jacinta.almetrak, kulch.sonyak, terry.schmerko, jiletu.taniong, hutse.florom, thunhanhoang6"
6,10,0.933,30,0.933,5901.011,165.92,2.448,2.31,"maria.manaiag, dilorenzo.medlohk, santiago.fernande323, guerin.ontiverok, fatal2380, bruchy.pembertonk, fkgbm, kokokopi72, pleas.raphakk, windi.suzang"
7,44,0.227,68,0.618,9024.126,236.497,3.162,3.415,"cokestory1, risood6, frdg25, thuusu7, bivydu, sayzxdt, user7516190319240, ryllskayaqing, jubal_movie, ryllskaya.reddit, hdljc4, thvkyy6, textstoryman3, aiudugd, plana_b6, nh.phan.qong, hdjixdj, gxicofj, fjvfjk4, aedjdpckd, bridget.pugeda, long.arpin, aedvziocjc, esperance.sulcer, aedjpidhd, user9638712240929, bdodhc, fhchf25, geiodhs, bjv196, celedonio.mange, mapleswishesvs, fuckh78, user69943662042413, satarajoette, fichfj1, hcooxhsx, sandyjulia2021, morgan.rodregez, uftixru, ficeuoo, user769357200, user9263706665749, yfidifh"
8,75,0.784,32,0.85,3209.238,83.345,1.503,1.971,"rmgh132, aed57705, ghjvfh4, sgdjn3, pratt_movie, gckcj4, dhcdyj5, fhdycf, gskpccbd, nendn4309, bfihc, fuchc053, godv7302, dhicug, bgfddf8888, tguu743, user2268806570260, aed3345, dguy8654, hgfryj8745, chcjg0, dhut98545, aed1523, vdudb33, fucsru, jgdghg75464, gdsd888, aed8244, chvftn, aed8562, fuddg743, user5203530187060, fjgr86434, aed7290, dvnedc, itdh8557, kate396112, aed9335, oxh758, user446852885706, user7999731519937, aed7230, gdvbgv3, aedbr6, aed5430, dhcdyh, aedyckctu, usixidbd, jeiofifuhd, aedhdici, abd.aziz9083, coicbf, aedhdjcocj, fiutfvjj, anaxagoras.harlen, cirila.mccorkle, gsufb86, hdhxg847, fjggds0808, jfdhjj9090, grukc02, sjdh9643, geujcc, jfshjfd9530, aefhkddh, ycbbbsd, hffrr976575, jfdd653, hshjrg8647, hdr86575, fauy8466, steven.garrison13, cngff4885, hdbj8585, bbfj54"
9,3,0.667,32,0,1633.167,83.133,1.367,2.533,"vdkfofu, ohhostts, idhd139"
10,8,0.607,52,0.81,3558.429,111.675,2.013,3.429,"ferdinandbecky1982, estherwebb1225, hhhhh777777852, fredagraham2022, ternencebloor0314, duvfyh1, asdfsasd.fgdfdgas, yuwenmovie"
11,10,0.311,39,0.333,2571.603,59.667,1.09,1.718,"echo41097whisper, jjjjjjf00, textpov10, user909070149145, usjcsx8i, kind26921, vintage5920, debran.oxonrp34, debran.oxonrp080, xistoretime"
12,16,0.467,34,0.706,3449.813,65.403,1.5,7.701,"m_bao3m360, f_baomm324, c_pegif193, baomama125, c_oevdu389, c_niboer891, h_lehdi127, s_heise214, f_kebsu024, h_kp82, b_baoma154, d_odbeu124, b_vtost109, s_ostfo146, y_lebei321, k_bao1m114"
13,6,0.733,34,0.882,2689.125,38.375,2.312,1.021,"barbaraprice1013, andretracy0724, mcgkvx, sabanaminnaarishi, dgfddc24, user5767257366324"
14,7,1,22,1,15719.257,443.129,2.971,6.929,"kellygallacher0930, beacherarmstrong2005, lewisaledk0117, ferdinand0304, josephmacadam2022, elmacatharine2013, nataliechristiana2016"
15,14,0.769,50,0.879,15971.038,209.553,1.477,4.727,"aeda1689, debran.oxonrp03, user54084767052186, lwandiswamsithini, bate.hynda, debran.oxonrp86, dung.tran2322, aed7p4, aed75787, debran.oxonrp81, aed3660, debran.oxonrp00, aynor.ogawa, hoeg.huan"
16,11,0.473,32,0.533,8951.819,176.33,1.979,3.702,"calvinwhitman1014, bartholomewnancybz1025, fannybach2010, gjcfyc, ghcdax, kimleonard0623, finishthemovie3, juliedouglass2013, user6024099769612, elvistrevelyan0204, fhfry4764"
17,41,0.737,68,0.967,5508.968,210.272,4.947,7.253,"fjjgdvx, shvchjds, satsyou, wotext, textstyo, svjscsh, tyuioaak1, you.texts, dtkwod, stoyouh, text778, crtyougo, shotewg, xxii911, rohingyao, sasapco, landscape5670, weck01, hdryxd, texts178, ktsfyh, huiodjio, you55668, text.fc, dhcghcb, text690, bsbseuo, textstory781, cagnhd, hxavnxh, sdsdyou, yourstoryttt, csusvhb, ndnenmeme, bdbdhhehh, hdjddjd092, chccggc1, gthggg8, fcvbvv57, user2804925460335, zjvz.bdoj"
18,9,0.639,34,0.737,22433.582,897.392,6.38,16.025,"dscgty, chcryd, fhvdet, fecbgf, joannafitzgerald1111, aed6071, fjgryg0, rmcbk1, user1203836358576"
19,2,1,26,0,35331.174,817.435,12.565,9.783,"chinuo.zhong, givtuv"
20,5,0.4,34,0,1712.209,64.116,1.674,1.605,"fiific8, esjsisi3, icucxyyd, erima.tumpa, haiann79"
21,19,0.877,30,0.89,718.252,14.318,0.29,0.411,"mv.vj3, mzcvs991, dadd.dhh7, dfyioo.nko, tsuso.uso, tsis.hsdg, hgff.nko, fujgds.guio, yeke.heo, fgjio.ghkl, gskdl.duo, etuo.uop, frees.ess, greeryy2, hskdk.jso, guoonn.hkp, hejdsgi, fgjores, jbvn61"
22,10,0.978,31,0.977,8473.364,235.182,1.693,2.386,"79z4nq6, 3buenynx, nvi3ho, rzk26w, 01k4d70, ugoujhu, 8znh4ap, wxjqb8, xx91k2, zgekze"
23,30,0.814,39,0.879,641.067,17.849,0.104,0.232,"5538fln, awgthc, kfbfol, idpeoc, eqmhqf, dtbtcc8, tafwwk, bpgarp, abjjvt, nsftib, mhmqkb, hukumn, jhckhs, bipiqo, hltuoq, hidouo, lhqitc, hirakw1, awglma, doiplo1, mmlcdg, hdmjwo1, sqifhw, tiwakp1, puhrra, cdnkdg, cusvtd, lgunwj, fsaftn, wgslhe"
24,6,1,45,1,2488.719,76.461,0.393,0.393,"ghhj8554, bvoo3130, dijx3903, fhda78402, okay11732, ytrq8081"
25,35,0.946,39,0.956,1337.376,56.209,0.418,0.54,"cjitr2086, fiir2712, fkir2290, dhhi6645, hehs5037, ckir91022, tiiff4205, ific3756, clirr5282, urdu9708, gour2295, cjire9104, jcsie5410, ehgw1916, fkur7594, siev9347, scra5694, gjus6238, cjirr8920, vkie1837, hrsy60677, eodn8506, eiwv9484, gjguq6894, courr1227, fnnf8890, hrfj8302, bffb2489, ufsc8075, cjur6297, fiur8444, coref8734, wdoi2427, wgvs9108, wipw6992"
26,2,1,20,0,4106.25,180.2,6.1,2,"wty88731wbc, wys88511u0t"
27,2,1,16,0,2393.875,69.062,0.812,29.625,"fugfuj33, rosantspssu"
28,2,1,16,0,2978.412,106.353,2.529,2.529,"hygge8662, danaobenkuil"
29,7,0.476,64,0.652,2041.242,54.903,0.29,0.613,"grsxhi1, evxsaabi, twkoopk, manggkko5, qbnvoop, egsaappo, zzffpiqzpjw"
30,16,0.708,128,0.818,1144.499,94.005,11.224,2.017,"chumi_driver102, areplan_driver120, amazinggirl_120, happy_chinagirl_8, stylish_queen_120, pardesi_driver120, privon14, cutedriver120, cutequeen_driver120, sweet_driver120, kartik_girl120, cutegirlbabe2, cute_chumi_girl208, billo_driver3535, username6652655, yurodriver_120"
31,2,1,21,0,1124.409,72.136,6.682,3.682,"username.12365478, username.123467897"
32,2,1,15,0,1981.824,55.176,0.824,1.529,"3mmujktv, n3atrc"
33,6,0.6,30,0.5,1306.562,130.781,1.281,1.094,"bfffercajm, hzbdbrb737hdh, biytff8bh8, evdsfgg89, nihgvgt889, ykht6376ew"
34,2,1,22,0,1686.316,95.737,1.316,2.263,"dydes6, dmssndn.hdmsmen"
35,7,0.619,45,0.714,983.093,30.884,0.302,0.116,"2appookkve, 3mbfklb, 4hgkdjf, jsns2563, xbksbssh, user2727751386886, djisks96"
36,5,1,18,1,897.448,24.034,0.207,0.138,"1utfjk, 4hjgdjj, bzsksk1, 3mmmgkk, user9398178519308"
37,3,1,16,1,876.542,38.25,0.25,0.167,"cjdfndrh, jxgxi8, hds.hy"
