"Account","Network","Unique Shares","Avg Time Between Shares (sec)","Edge Symmetry Score","Degree","Strength","Betweenness","Avg Views","Avg Likes","Avg Comments","Avg Shares"
"<a href=""https://tiktok.com/@aabb3922iol"" target=""_blank"">@aabb3922iol</a>",51,6,38.568,0.936,8,135,0,2130.167,17.5,0,0
"<a href=""https://tiktok.com/@aasinubi"" target=""_blank"">@aasinubi</a>",52,6,54.111,0.8,1,9,0,4087.333,28.833,0.333,0.333
"<a href=""https://tiktok.com/@aeroplane_palette_120"" target=""_blank"">@aeroplane_palette_120</a>",31,8,85.824,0.636,1,17,0,713.739,60.565,5.087,0.696
"<a href=""https://tiktok.com/@aeroplane_pilot_235"" target=""_blank"">@aeroplane_pilot_235</a>",31,11,85.824,0.636,1,17,0,410.208,35.958,2.333,1.167
"<a href=""https://tiktok.com/@ahhvxd8"" target=""_blank"">@ahhvxd8</a>",29,8,32.854,0.952,3,24,0,1088.333,68.444,4.111,3
"<a href=""https://tiktok.com/@airplandriver120"" target=""_blank"">@airplandriver120</a>",3,6,94.334,0.917,2,39,0,24675.056,935.222,42.278,27.5
"<a href=""https://tiktok.com/@airplane_video578"" target=""_blank"">@airplane_video578</a>",7,11,54.75,0.795,2,24,0,1939.4,75.5,1.65,0.45
"<a href=""https://tiktok.com/@albertofdsgfdslyn"" target=""_blank"">@albertofdsgfdslyn</a>",40,4,87.143,0.75,1,7,0,1310.5,37.167,1.333,0.5
"<a href=""https://tiktok.com/@alepm45"" target=""_blank"">@alepm45</a>",56,6,73.333,0.8,1,9,0,24843.5,342.5,3.667,6.333
"<a href=""https://tiktok.com/@alexander73798"" target=""_blank"">@alexander73798</a>",51,6,37.611,0.975,8,131,0,3987,38.167,0,0.667
"<a href=""https://tiktok.com/@ali810925"" target=""_blank"">@ali810925</a>",52,3,54.111,0.8,1,9,0,308334.333,1473.667,7,38
"<a href=""https://tiktok.com/@aliea792"" target=""_blank"">@aliea792</a>",39,6,35.667,0.8,1,9,0,110145.667,1781.167,11,85.167
"<a href=""https://tiktok.com/@alijw22"" target=""_blank"">@alijw22</a>",38,5,73.092,0.811,3,27,0,5197,58.4,1.2,0.6
"<a href=""https://tiktok.com/@alverta.karina8"" target=""_blank"">@alverta.karina8</a>",54,5,65.182,0.8,1,11,0,22645.4,137.8,1.4,3
"<a href=""https://tiktok.com/@amazing_seeet120"" target=""_blank"">@amazing_seeet120</a>",3,5,86.406,0.717,2,28,0,170.231,10.769,1.308,2
"<a href=""https://tiktok.com/@amira.gibbs8"" target=""_blank"">@amira.gibbs8</a>",38,2,35.5,0.8,1,8,0,26876.5,419,3.5,10.5
"<a href=""https://tiktok.com/@arooba.55"" target=""_blank"">@arooba.55</a>",3,3,82.444,0.6,1,9,0,3018.6,726.4,59.2,13.2
"<a href=""https://tiktok.com/@biasemack"" target=""_blank"">@biasemack</a>",49,9,42.905,1,3,23,0,6433.778,64,3.222,16.333
"<a href=""https://tiktok.com/@bigcaatt"" target=""_blank"">@bigcaatt</a>",38,3,52.429,0.286,1,7,0,5493.333,68.667,1,1.333
"<a href=""https://tiktok.com/@brooks.jenner"" target=""_blank"">@brooks.jenner</a>",53,6,56.139,0.825,3,26,0,1253,25.333,0.5,0.167
"<a href=""https://tiktok.com/@bryce.holloway"" target=""_blank"">@bryce.holloway</a>",41,6,64.333,0.625,1,12,0,2992.167,63.167,1,0.833
"<a href=""https://tiktok.com/@c.kn14"" target=""_blank"">@c.kn14</a>",55,6,56.468,0.757,2,16,0,48803.167,409.333,2.5,21.333
"<a href=""https://tiktok.com/@cai.faffu"" target=""_blank"">@cai.faffu</a>",25,6,61.458,1,4,36,0,996.833,67,0.333,0.667
"<a href=""https://tiktok.com/@carolina.isabel.h83"" target=""_blank"">@carolina.isabel.h83</a>",38,4,53.522,0.472,2,19,0,6350.5,102.5,1.25,4.75
"<a href=""https://tiktok.com/@cfdhrd.xdgdz.dryh"" target=""_blank"">@cfdhrd.xdgdz.dryh</a>",42,6,45.778,0.714,1,9,0,9630.5,124.5,1.667,3.167
"<a href=""https://tiktok.com/@channarpower0"" target=""_blank"">@channarpower0</a>",36,12,91.249,0.8,2,40,0,418.417,41,2.417,0.917
"<a href=""https://tiktok.com/@china_deriver_0"" target=""_blank"">@china_deriver_0</a>",33,10,97.842,0.583,1,19,0,592.846,32.077,1.231,0.077
"<a href=""https://tiktok.com/@china_deriver_150"" target=""_blank"">@china_deriver_150</a>",32,5,85.571,0.4,1,7,0,16768.143,1028,35.357,28.714
"<a href=""https://tiktok.com/@coutiedrive1"" target=""_blank"">@coutiedrive1</a>",7,7,48.125,0.774,2,20,0,24728.3,768.95,22.25,8.6
"<a href=""https://tiktok.com/@cvbn5003"" target=""_blank"">@cvbn5003</a>",45,3,45.556,1,4,36,0,257.667,8,0,0.333
"<a href=""https://tiktok.com/@cy.txcy"" target=""_blank"">@cy.txcy</a>",53,5,61.263,0.8,2,20,0,1613.2,12,0.2,0.2
"<a href=""https://tiktok.com/@dangda166"" target=""_blank"">@dangda166</a>",15,10,58.921,0.908,4,31,0.001,8204.7,117.7,3.2,1.4
"<a href=""https://tiktok.com/@darius.piersiak"" target=""_blank"">@darius.piersiak</a>",47,9,76.143,1,1,7,0,3240.846,25.923,0.308,0.462
"<a href=""https://tiktok.com/@darronmarcie"" target=""_blank"">@darronmarcie</a>",51,6,39.269,0.961,8,131,0,7163,50.667,0.5,2.667
"<a href=""https://tiktok.com/@dc.hb72"" target=""_blank"">@dc.hb72</a>",38,6,46.348,0.778,3,33,0,26353.5,273.833,1.167,3.167
"<a href=""https://tiktok.com/@devi.ntypw0367"" target=""_blank"">@devi.ntypw0367</a>",14,4,56.75,1,1,8,0,1443.833,142,0,0.167
"<a href=""https://tiktok.com/@devindawei336"" target=""_blank"">@devindawei336</a>",15,8,51.81,0.889,3,23,0.001,2844.5,69.1,1.6,1.4
"<a href=""https://tiktok.com/@dghj2422"" target=""_blank"">@dghj2422</a>",59,5,51.632,0.938,2,17,0,291,18.4,0.8,0.4
"<a href=""https://tiktok.com/@dgyusdz"" target=""_blank"">@dgyusdz</a>",40,6,79.155,0.792,2,19,0,360.333,10.833,0.167,0.5
"<a href=""https://tiktok.com/@djgdthh"" target=""_blank"">@djgdthh</a>",30,9,37.1,0.944,2,19,0,2629.583,40.75,3.667,0.417
"<a href=""https://tiktok.com/@doan04038"" target=""_blank"">@doan04038</a>",14,6,56.75,1,1,8,0,1261.833,42.167,1,1
"<a href=""https://tiktok.com/@dragisalicina"" target=""_blank"">@dragisalicina</a>",34,9,61.321,0.786,2,15,0,1574,68.2,3.5,2.2
"<a href=""https://tiktok.com/@driver_king0"" target=""_blank"">@driver_king0</a>",33,14,101.671,0.792,2,29,0,1078.333,130.222,8.333,3.444
"<a href=""https://tiktok.com/@duxqifrnrnw"" target=""_blank"">@duxqifrnrnw</a>",55,4,66.714,0.714,1,7,0,4139,55.75,0.75,0.75
"<a href=""https://tiktok.com/@dxjuk"" target=""_blank"">@dxjuk</a>",4,7,41.455,1,1,11,0,1869.429,86.714,1.714,1.429
"<a href=""https://tiktok.com/@dxlyxdyd88"" target=""_blank"">@dxlyxdyd88</a>",57,3,44.778,0.8,1,9,0,12665.333,155.667,1.333,1.667
"<a href=""https://tiktok.com/@f.bj346"" target=""_blank"">@f.bj346</a>",57,3,44.778,0.8,1,9,0,13493.333,153.333,1.667,3
"<a href=""https://tiktok.com/@f.cb014"" target=""_blank"">@f.cb014</a>",53,5,71.193,0.8,2,19,0,11668.8,73.8,0.2,0.8
"<a href=""https://tiktok.com/@f7707044"" target=""_blank"">@f7707044</a>",23,6,35.75,1,2,16,0,1265.833,92.333,1.333,1
"<a href=""https://tiktok.com/@fbde56"" target=""_blank"">@fbde56</a>",18,5,71.25,1,1,8,0,409,22.8,0.2,0
"<a href=""https://tiktok.com/@fgcc379"" target=""_blank"">@fgcc379</a>",15,10,49.868,0.917,3,29,0,1356.3,68.6,1.3,0.2
"<a href=""https://tiktok.com/@fhjkllf"" target=""_blank"">@fhjkllf</a>",1,5,81.125,1,1,8,0,181.4,8.8,0.4,0.2
"<a href=""https://tiktok.com/@fkshusjxb"" target=""_blank"">@fkshusjxb</a>",59,6,52.222,0.866,2,18,0,568.333,43.5,0.5,2
"<a href=""https://tiktok.com/@fqjpgqam"" target=""_blank"">@fqjpgqam</a>",44,12,18,0.857,1,8,0,17.333,0.25,0,0
"<a href=""https://tiktok.com/@fssgh17"" target=""_blank"">@fssgh17</a>",28,3,16.333,1,2,18,0,257,15.333,0.167,0
"<a href=""https://tiktok.com/@g.fb506"" target=""_blank"">@g.fb506</a>",38,6,57.19,0.917,4,41,0,1075.167,18.5,0.333,0.167
"<a href=""https://tiktok.com/@gabouer.cuaresma"" target=""_blank"">@gabouer.cuaresma</a>",49,10,50.232,1,2,23,0,1948.6,51.2,0.5,0.9
"<a href=""https://tiktok.com/@gazd.raxgu"" target=""_blank"">@gazd.raxgu</a>",58,3,44,1,1,7,0,7763.667,123.667,0.667,1.667
"<a href=""https://tiktok.com/@gdd4573"" target=""_blank"">@gdd4573</a>",20,6,49,1,1,8,0,1307.667,110.167,3,2.833
"<a href=""https://tiktok.com/@gdxvn8"" target=""_blank"">@gdxvn8</a>",19,7,87,0.8,1,7,0,812.571,49.857,1,0.143
"<a href=""https://tiktok.com/@genepurcell3"" target=""_blank"">@genepurcell3</a>",48,8,45.25,1,1,8,0,2601.909,26.545,0.364,1.545
"<a href=""https://tiktok.com/@gew8218"" target=""_blank"">@gew8218</a>",43,6,59.75,1,2,15,0,3048.167,46.333,0.333,1
"<a href=""https://tiktok.com/@gfdfdfffy"" target=""_blank"">@gfdfdfffy</a>",43,6,64,1,1,7,0,21185.833,366,5.5,5.333
"<a href=""https://tiktok.com/@goisthillwig517"" target=""_blank"">@goisthillwig517</a>",16,4,61.125,1,1,8,0,685.75,43,0.75,0.5
"<a href=""https://tiktok.com/@grace.sullivan864"" target=""_blank"">@grace.sullivan864</a>",41,6,64.333,0.625,1,12,0,3346.833,56.333,0.333,0.5
"<a href=""https://tiktok.com/@grdgh91"" target=""_blank"">@grdgh91</a>",12,3,50.944,1,2,18,0,517.333,36,0.333,1.333
"<a href=""https://tiktok.com/@grsdhj91"" target=""_blank"">@grsdhj91</a>",12,3,32.722,0.9,2,18,0,17110.333,508.333,9.667,2.333
"<a href=""https://tiktok.com/@guili.kamil"" target=""_blank"">@guili.kamil</a>",53,5,56.778,0.875,1,9,0,594.667,7,0.333,0.167
"<a href=""https://tiktok.com/@gxc.n1"" target=""_blank"">@gxc.n1</a>",4,7,41.455,1,1,11,0,886.429,44.714,0.143,0.143
"<a href=""https://tiktok.com/@gyjgts"" target=""_blank"">@gyjgts</a>",28,6,14.306,0.95,2,27,0,291.5,13.833,0.167,0
"<a href=""https://tiktok.com/@h4272072"" target=""_blank"">@h4272072</a>",27,4,74.286,1,1,7,0,852.25,60.25,0.5,0.25
"<a href=""https://tiktok.com/@h5005670"" target=""_blank"">@h5005670</a>",11,4,45.75,1,1,8,0,189.25,3.5,0.25,0
"<a href=""https://tiktok.com/@haeuserlegato"" target=""_blank"">@haeuserlegato</a>",38,6,49.643,0.917,2,23,0,576.833,3.167,0,0
"<a href=""https://tiktok.com/@hbdef6"" target=""_blank"">@hbdef6</a>",25,7,63.111,1,1,9,0,2116,42.875,0.5,1.125
"<a href=""https://tiktok.com/@hddgh2868"" target=""_blank"">@hddgh2868</a>",12,3,34.333,1,2,18,0,712.333,49.667,0,0
"<a href=""https://tiktok.com/@hddgk68"" target=""_blank"">@hddgk68</a>",12,3,46.778,1,3,27,0,580,30.333,0.333,0.667
"<a href=""https://tiktok.com/@hdfjkk6"" target=""_blank"">@hdfjkk6</a>",20,5,49,1,1,8,0,158.8,16,0,0.2
"<a href=""https://tiktok.com/@hesghj21"" target=""_blank"">@hesghj21</a>",25,7,45.37,1,3,25,0,2141.125,79.25,2.875,1
"<a href=""https://tiktok.com/@heybabyg0"" target=""_blank"">@heybabyg0</a>",36,12,94.084,0.838,2,50,0,531.333,67.667,4.417,0.083
"<a href=""https://tiktok.com/@hf.gf28"" target=""_blank"">@hf.gf28</a>",58,3,44,1,1,7,0,71586.333,1199,7.667,16.667
"<a href=""https://tiktok.com/@hfcjk470"" target=""_blank"">@hfcjk470</a>",19,6,77.425,0.867,4,35,0,635.167,39.5,0.167,0.167
"<a href=""https://tiktok.com/@hhjjhhyykk"" target=""_blank"">@hhjjhhyykk</a>",29,9,29.074,0.963,3,27,0,2812.1,128.7,4.4,6.7
"<a href=""https://tiktok.com/@hhzddyy"" target=""_blank"">@hhzddyy</a>",29,8,35.833,0.963,3,24,0,920.9,67,2.1,0.5
"<a href=""https://tiktok.com/@hobackouellete"" target=""_blank"">@hobackouellete</a>",49,8,25.083,0.944,2,20,0,1439.444,62.667,4.222,2.667
"<a href=""https://tiktok.com/@hollygarwdn"" target=""_blank"">@hollygarwdn</a>",48,7,45.25,1,1,8,0,2896.222,40.778,1,1.111
"<a href=""https://tiktok.com/@htchyg80"" target=""_blank"">@htchyg80</a>",13,3,48,1,2,18,0,3168.667,82.333,0.667,1.333
"<a href=""https://tiktok.com/@htfhfj5"" target=""_blank"">@htfhfj5</a>",25,6,57.25,1,1,8,0,3284.875,62.625,0.75,6.625
"<a href=""https://tiktok.com/@huaza756"" target=""_blank"">@huaza756</a>",1,5,81.125,1,1,8,0,356.2,23.6,1.4,0.2
"<a href=""https://tiktok.com/@hulili45"" target=""_blank"">@hulili45</a>",26,6,56.889,1,1,9,0,662.429,44.429,0.143,0.286
"<a href=""https://tiktok.com/@huongemanuel"" target=""_blank"">@huongemanuel</a>",45,3,42.111,1,4,36,0,32,0,0,0
"<a href=""https://tiktok.com/@huulandang"" target=""_blank"">@huulandang</a>",50,5,50.75,1,1,8,0,3660.429,50.714,1,0.714
"<a href=""https://tiktok.com/@huulinhduong2"" target=""_blank"">@huulinhduong2</a>",50,8,50.75,1,1,8,0,3301,42.889,13.889,3.333
"<a href=""https://tiktok.com/@ilovevgycguhyi467"" target=""_blank"">@ilovevgycguhyi467</a>",17,4,30,1,1,8,0,508.75,22,0,0
"<a href=""https://tiktok.com/@iltrukikr"" target=""_blank"">@iltrukikr</a>",27,4,56.643,1,2,15,0,572,44.75,1.25,0.25
"<a href=""https://tiktok.com/@isr0065"" target=""_blank"">@isr0065</a>",25,7,66,1,1,8,0,1384.625,77,2.125,11.25
"<a href=""https://tiktok.com/@j7165782"" target=""_blank"">@j7165782</a>",23,5,12.25,1,1,8,0,832.8,35.6,0.8,0
"<a href=""https://tiktok.com/@jdhsgstshjs"" target=""_blank"">@jdhsgstshjs</a>",5,8,50.714,1,1,7,0,1297.75,53.75,0.25,1.625
"<a href=""https://tiktok.com/@jiejielovetao518"" target=""_blank"">@jiejielovetao518</a>",16,4,61.125,1,1,8,0,1193.25,147.5,0.25,0.25
"<a href=""https://tiktok.com/@jroosevx"" target=""_blank"">@jroosevx</a>",5,7,64.113,1,3,23,0,1895.286,143,0.429,0.143
"<a href=""https://tiktok.com/@jugyfbyetf"" target=""_blank"">@jugyfbyetf</a>",55,3,46.222,0.8,1,9,0,2598,21.333,0,0.333
"<a href=""https://tiktok.com/@jvst61"" target=""_blank"">@jvst61</a>",23,6,59.25,1,1,8,0,952.667,75.667,0.167,0.333
"<a href=""https://tiktok.com/@kaniewskilicor"" target=""_blank"">@kaniewskilicor</a>",49,8,33.833,0.944,2,20,0,3757.875,46.5,0.125,1.375
"<a href=""https://tiktok.com/@karen.strong00"" target=""_blank"">@karen.strong00</a>",54,6,67.924,0.9,2,20,0,13628.667,134.667,1.167,1.833
"<a href=""https://tiktok.com/@kendjffg"" target=""_blank"">@kendjffg</a>",60,5,63.25,1,1,8,0,289.6,15.2,0.2,0.8
"<a href=""https://tiktok.com/@ketsuno7292"" target=""_blank"">@ketsuno7292</a>",54,6,70.667,1,1,9,0,23273.5,139.667,0.5,3.333
"<a href=""https://tiktok.com/@king_queengg0"" target=""_blank"">@king_queengg0</a>",33,10,105.267,0.804,2,19,0,292,32.667,2.333,0.833
"<a href=""https://tiktok.com/@knl39aprh6"" target=""_blank"">@knl39aprh6</a>",8,7,39.714,1,1,7,0,724.25,2.205,0,0.114
"<a href=""https://tiktok.com/@krzeminski.traner"" target=""_blank"">@krzeminski.traner</a>",15,10,69.245,0.88,5,44,0.001,5212.2,45.4,1,1.3
"<a href=""https://tiktok.com/@kusdum4"" target=""_blank"">@kusdum4</a>",26,6,56.889,1,1,9,0,807.667,72.5,0,0.167
"<a href=""https://tiktok.com/@latest.news846"" target=""_blank"">@latest.news846</a>",35,11,23.818,0.917,1,33,0,463.727,41.545,5.273,0.727
"<a href=""https://tiktok.com/@laurencewilliams83"" target=""_blank"">@laurencewilliams83</a>",45,3,42.5,1,4,36,0,1305.667,7,0,0
"<a href=""https://tiktok.com/@lkaer88888"" target=""_blank"">@lkaer88888</a>",30,9,29.1,1,2,18,0,788,40.8,6.1,0.3
"<a href=""https://tiktok.com/@lliuyyyt"" target=""_blank"">@lliuyyyt</a>",43,6,55.5,1,1,8,0,5240.333,86.667,0.5,0.5
"<a href=""https://tiktok.com/@lop.qke"" target=""_blank"">@lop.qke</a>",38,9,63.841,0.694,6,56,0.001,53394.111,211.778,0.778,6.889
"<a href=""https://tiktok.com/@lorenacastellanos055"" target=""_blank"">@lorenacastellanos055</a>",45,3,42.167,1,4,36,0,1031.333,17.667,0,0.333
"<a href=""https://tiktok.com/@lovely_babo120"" target=""_blank"">@lovely_babo120</a>",3,11,83.039,0.75,2,29,0,1380.5,60.833,9.722,1.722
"<a href=""https://tiktok.com/@lovelydriver51"" target=""_blank"">@lovelydriver51</a>",2,3,65.571,0.286,1,7,0,509.269,61.077,4.731,0.731
"<a href=""https://tiktok.com/@lushgirl5"" target=""_blank"">@lushgirl5</a>",61,3,100.714,1,1,7,0,218.167,42.667,2.167,1.333
"<a href=""https://tiktok.com/@masoudpuller"" target=""_blank"">@masoudpuller</a>",15,10,50.056,1,2,17,0,7675.5,69.2,1.7,0.3
"<a href=""https://tiktok.com/@memrrmi"" target=""_blank"">@memrrmi</a>",25,6,71.228,0.944,3,30,0,672.833,33.833,1.167,0.167
"<a href=""https://tiktok.com/@mgallsharring"" target=""_blank"">@mgallsharring</a>",8,7,39.714,1,1,7,0,388.6,1,0,0
"<a href=""https://tiktok.com/@mikecamilo94"" target=""_blank"">@mikecamilo94</a>",45,3,45.111,1,4,36,0,30.333,0.667,0,0
"<a href=""https://tiktok.com/@mingshushufa"" target=""_blank"">@mingshushufa</a>",51,6,36.317,0.933,8,131,0,2204.667,18.833,0,0.667
"<a href=""https://tiktok.com/@nanaimo58"" target=""_blank"">@nanaimo58</a>",49,8,23.75,1,1,16,0,4929.1,50.9,0.8,5.8
"<a href=""https://tiktok.com/@nawab_deriver0"" target=""_blank"">@nawab_deriver0</a>",36,10,90.462,0.8,1,13,0,857.333,82.333,3.417,0.167
"<a href=""https://tiktok.com/@news.center2"" target=""_blank"">@news.center2</a>",35,12,23.818,0.917,1,33,0,2134.5,37.583,5.25,1.75
"<a href=""https://tiktok.com/@olivia.ava.davis"" target=""_blank"">@olivia.ava.davis</a>",40,6,71.167,0.833,1,12,0,1633,45.667,0.5,0.667
"<a href=""https://tiktok.com/@qweasd12099"" target=""_blank"">@qweasd12099</a>",51,6,35.769,0.95,8,132,0,6187.667,50.333,0.5,1
"<a href=""https://tiktok.com/@qwer35064"" target=""_blank"">@qwer35064</a>",15,10,46.316,0.917,4,41,0,5859.9,55.6,2.4,1.9
"<a href=""https://tiktok.com/@raja.raja4309"" target=""_blank"">@raja.raja4309</a>",38,6,56.833,0.822,3,29,0,11566.167,128.5,1.167,2.333
"<a href=""https://tiktok.com/@rowena.felix4"" target=""_blank"">@rowena.felix4</a>",51,6,38.932,0.95,8,133,0,104118.333,768.5,5.333,19
"<a href=""https://tiktok.com/@rubenfeld.foulk"" target=""_blank"">@rubenfeld.foulk</a>",15,10,61.127,0.835,4,33,0,768.4,25.9,0.6,0.5
"<a href=""https://tiktok.com/@ryllskaia00"" target=""_blank"">@ryllskaia00</a>",60,6,63.25,1,1,8,0,303.333,14.667,0.167,0.667
"<a href=""https://tiktok.com/@scafhwufeao47"" target=""_blank"">@scafhwufeao47</a>",15,7,65.161,0.917,2,15,0,8987.571,194.857,9,4.429
"<a href=""https://tiktok.com/@shabnam_baby0"" target=""_blank"">@shabnam_baby0</a>",33,8,106.909,0.857,1,11,0,671.077,65,7.692,5.308
"<a href=""https://tiktok.com/@sharla.loni"" target=""_blank"">@sharla.loni</a>",51,6,43.311,0.974,8,130,0,44307.5,411.833,2.333,7.333
"<a href=""https://tiktok.com/@sjyzm173"" target=""_blank"">@sjyzm173</a>",15,8,57.314,0.929,2,17,0,8292,158.4,5.7,5.6
"<a href=""https://tiktok.com/@sjyzm209"" target=""_blank"">@sjyzm209</a>",15,9,55.486,0.9,2,21,0,3105.2,102.5,2.9,0.6
"<a href=""https://tiktok.com/@sjyzm286"" target=""_blank"">@sjyzm286</a>",15,10,58.476,0.867,4,37,0,3010.4,91.8,3,0.2
"<a href=""https://tiktok.com/@somroo_3"" target=""_blank"">@somroo_3</a>",32,2,85.571,0.4,1,7,0,428.333,35.444,4.222,1.444
"<a href=""https://tiktok.com/@speakingspeak.464"" target=""_blank"">@speakingspeak.464</a>",17,4,30,1,1,8,0,738.75,62.25,0.25,0
"<a href=""https://tiktok.com/@sumroo.786"" target=""_blank"">@sumroo.786</a>",37,6,97.923,0.8,1,13,0,115.833,9.75,1.333,0
"<a href=""https://tiktok.com/@sweet_babyc120"" target=""_blank"">@sweet_babyc120</a>",3,3,67.778,0.5,1,9,0,676.233,71.367,7.667,0.467
"<a href=""https://tiktok.com/@t.fg41"" target=""_blank"">@t.fg41</a>",56,6,73.333,0.8,1,9,0,27340.667,394.333,1,8.667
"<a href=""https://tiktok.com/@takeoff.polit"" target=""_blank"">@takeoff.polit</a>",2,6,65.571,0.286,1,7,0,373.862,23.517,3.414,0.241
"<a href=""https://tiktok.com/@tamatha.soliz"" target=""_blank"">@tamatha.soliz</a>",39,6,35.667,0.8,1,9,0,20732.167,111.667,1.333,2.333
"<a href=""https://tiktok.com/@tania.harder6"" target=""_blank"">@tania.harder6</a>",38,3,52.361,1,3,25,0,1012,7,0.667,0
"<a href=""https://tiktok.com/@tddhj21"" target=""_blank"">@tddhj21</a>",28,6,14.083,0.95,2,27,0,561.333,44.667,0.5,0.833
"<a href=""https://tiktok.com/@tdfhh19"" target=""_blank"">@tdfhh19</a>",18,6,71.25,1,1,8,0,1795.286,76,0.429,0.429
"<a href=""https://tiktok.com/@thanglinh56"" target=""_blank"">@thanglinh56</a>",15,10,58.432,0.867,5,48,0.001,9276.2,94.1,1.4,0.8
"<a href=""https://tiktok.com/@thgde5"" target=""_blank"">@thgde5</a>",19,6,53.556,1,1,9,0,2168.5,88.833,0.833,1
"<a href=""https://tiktok.com/@tivftjl"" target=""_blank"">@tivftjl</a>",24,4,28,1,1,8,0,1830,98.5,4,0.25
"<a href=""https://tiktok.com/@truckqueen0"" target=""_blank"">@truckqueen0</a>",61,3,100.714,1,1,7,0,157.667,11,0.667,0
"<a href=""https://tiktok.com/@turesjutte"" target=""_blank"">@turesjutte</a>",44,5,18,0.857,1,8,0,67,1.167,0,0
"<a href=""https://tiktok.com/@uffkmli_0"" target=""_blank"">@uffkmli_0</a>",33,8,104.562,0.875,2,18,0,2177.833,22.167,0.667,0.167
"<a href=""https://tiktok.com/@unvbb8chfxjhxfv"" target=""_blank"">@unvbb8chfxjhxfv</a>",29,8,32.91,0.952,3,23,0,1168.273,82.727,6.273,3.727
"<a href=""https://tiktok.com/@user1039975619594"" target=""_blank"">@user1039975619594</a>",21,13,53.235,0.909,3,62,0,1579.462,137.846,1.615,0.154
"<a href=""https://tiktok.com/@user1286937261149"" target=""_blank"">@user1286937261149</a>",19,7,66.278,0.917,2,19,0,1315.286,59.714,0.714,0.429
"<a href=""https://tiktok.com/@user1781066367752"" target=""_blank"">@user1781066367752</a>",22,14,28.584,0.978,2,62,0,611.286,33.071,0.286,0.143
"<a href=""https://tiktok.com/@user1918630528237"" target=""_blank"">@user1918630528237</a>",24,4,28,1,1,8,0,1708,154,0.5,0
"<a href=""https://tiktok.com/@user2008781421291"" target=""_blank"">@user2008781421291</a>",19,5,80.5,1,1,8,0,455.4,29.2,0,0
"<a href=""https://tiktok.com/@user249315108077"" target=""_blank"">@user249315108077</a>",10,4,52.286,0.857,1,7,0,1137.25,66.75,1.25,10
"<a href=""https://tiktok.com/@user30046758196074"" target=""_blank"">@user30046758196074</a>",46,7,26.9,0.857,1,10,0,3803.667,48.333,1.444,1.333
"<a href=""https://tiktok.com/@user3415267675634"" target=""_blank"">@user3415267675634</a>",46,7,26.9,0.857,1,10,0,3762.182,33.545,0.182,1.455
"<a href=""https://tiktok.com/@user35576610675405"" target=""_blank"">@user35576610675405</a>",21,9,61.13,0.769,1,23,0,1649.417,99.5,0.5,0.583
"<a href=""https://tiktok.com/@user3602135785361"" target=""_blank"">@user3602135785361</a>",47,9,76.143,1,1,7,0,7372.667,48.917,0.583,1.667
"<a href=""https://tiktok.com/@user3611823565236"" target=""_blank"">@user3611823565236</a>",22,9,33.159,1,2,43,0,1601.357,72.929,0.929,0.286
"<a href=""https://tiktok.com/@user3907058774305"" target=""_blank"">@user3907058774305</a>",5,6,54.875,1,2,18,0,1092.5,53,1.167,1.5
"<a href=""https://tiktok.com/@user43963440850412"" target=""_blank"">@user43963440850412</a>",9,3,52.857,1,1,7,0,724,39.667,0,0
"<a href=""https://tiktok.com/@user4453311195168"" target=""_blank"">@user4453311195168</a>",19,6,63.2,0.833,1,10,0,456.5,32.833,0.5,0.833
"<a href=""https://tiktok.com/@user4481949943395"" target=""_blank"">@user4481949943395</a>",21,13,75.572,0.942,4,55,0,31995,1391.786,8.071,10.5
"<a href=""https://tiktok.com/@user49602523104"" target=""_blank"">@user49602523104</a>",22,14,26.425,0.978,2,61,0,1749.857,136.071,1.214,0.643
"<a href=""https://tiktok.com/@user53031585909531"" target=""_blank"">@user53031585909531</a>",27,4,39,1,1,8,0,190.25,6.75,0.5,0
"<a href=""https://tiktok.com/@user55029855976770"" target=""_blank"">@user55029855976770</a>",21,14,54.324,0.944,3,68,0,3095.571,146.143,1.286,0.786
"<a href=""https://tiktok.com/@user5619135380037"" target=""_blank"">@user5619135380037</a>",34,5,61.446,0.857,2,15,0,1982,39.5,0.5,1
"<a href=""https://tiktok.com/@user66946725172477"" target=""_blank"">@user66946725172477</a>",6,6,66.429,0.8,1,7,0,1697.333,91.333,1.833,2.833
"<a href=""https://tiktok.com/@user6815917785309"" target=""_blank"">@user6815917785309</a>",5,7,56.938,1,2,18,0,1336.143,54.714,1,1
"<a href=""https://tiktok.com/@user7146869761024"" target=""_blank"">@user7146869761024</a>",34,5,54.625,0.929,2,16,0,304.2,14,0.4,0.2
"<a href=""https://tiktok.com/@user7516190319240"" target=""_blank"">@user7516190319240</a>",59,6,63.965,0.929,2,17,0,605,71.5,0.833,0.333
"<a href=""https://tiktok.com/@user85244619549900"" target=""_blank"">@user85244619549900</a>",21,11,42.164,0.854,3,50,0,1983.154,89.538,1.846,0.385
"<a href=""https://tiktok.com/@user8566187083662"" target=""_blank"">@user8566187083662</a>",10,6,52.286,0.857,1,7,0,671.5,45,1.833,1.333
"<a href=""https://tiktok.com/@user9178698708273"" target=""_blank"">@user9178698708273</a>",11,4,45.75,1,1,8,0,191.5,6,0.25,0
"<a href=""https://tiktok.com/@user92374833759676"" target=""_blank"">@user92374833759676</a>",6,3,66.429,0.8,1,7,0,1730,47,1.333,0.667
"<a href=""https://tiktok.com/@user9533337653940"" target=""_blank"">@user9533337653940</a>",51,6,41.886,0.938,8,142,0,1685,13,0,0.167
"<a href=""https://tiktok.com/@user9816953368395"" target=""_blank"">@user9816953368395</a>",9,3,52.857,1,1,7,0,218.333,4.333,0,0
"<a href=""https://tiktok.com/@username.1545465"" target=""_blank"">@username.1545465</a>",36,8,96.13,0.875,1,23,0,611.667,52,4,1.833
"<a href=""https://tiktok.com/@username0022660"" target=""_blank"">@username0022660</a>",7,9,47,0.833,1,8,0,186700.091,3348.318,30.409,30.273
"<a href=""https://tiktok.com/@usernamer0205"" target=""_blank"">@usernamer0205</a>",7,7,60.25,0.875,1,12,0,81440.828,2855.379,114.621,95.345
"<a href=""https://tiktok.com/@uzrd3"" target=""_blank"">@uzrd3</a>",25,6,107.6,0.833,1,10,0,629.667,39,0,2.167
"<a href=""https://tiktok.com/@vazdf.gaxfg"" target=""_blank"">@vazdf.gaxfg</a>",51,6,39.661,0.9,8,135,0,25512.167,310.167,3.167,8.167
"<a href=""https://tiktok.com/@vdghj63"" target=""_blank"">@vdghj63</a>",12,3,46.778,1,3,27,0,381.333,22.667,0.667,1
"<a href=""https://tiktok.com/@vlopphdt"" target=""_blank"">@vlopphdt</a>",30,9,34,0.944,2,17,0,1084.5,36.917,7,0.167
"<a href=""https://tiktok.com/@xchinaqueen0"" target=""_blank"">@xchinaqueen0</a>",37,7,97.385,0.8,2,26,0,4275.083,476.417,27.667,4.667
"<a href=""https://tiktok.com/@xchinaqueen2"" target=""_blank"">@xchinaqueen2</a>",37,5,96.846,0.8,1,13,0,611.667,66.417,5.667,1.417
"<a href=""https://tiktok.com/@xzdgese.xzvdx.dgh"" target=""_blank"">@xzdgese.xzvdx.dgh</a>",42,3,45.778,0.714,1,9,0,16824.333,237.333,3,3.667
"<a href=""https://tiktok.com/@yesfg42"" target=""_blank"">@yesfg42</a>",12,3,66.722,0.95,4,36,0,241,10.667,0.333,0
"<a href=""https://tiktok.com/@yetffuioo"" target=""_blank"">@yetffuioo</a>",13,3,56,1,2,18,0,1145.333,118,0,1.333
"<a href=""https://tiktok.com/@yrfgj12"" target=""_blank"">@yrfgj12</a>",13,3,88,1,2,18,0,1690.667,61.667,0,4.667
