"Network","Number of Accounts","Network Density","Network Diameter","Clustering Coefficient","Avg Views","Avg Likes","Avg Comments","Avg Shares","Member Accounts"
1,2,1,8,0,268.8,16.2,0.9,0.2,"fhjkllf, huaza756"
2,2,1,7,0,437.873,41.273,4.036,0.473,"lovelydriver51, takeoff.polit"
3,5,0.4,57,0,6030.869,283.833,17.607,7.524,"lovely_babo120, amazing_seeet120, airplandriver120, sweet_babyc120, arooba.55"
4,2,1,11,0,1377.929,65.714,0.929,0.786,"dxjuk, gxc.n1"
5,4,0.667,15,0.6,1412.75,76.143,0.679,1.071,"jdhsgstshjs, jroosevx, user6815917785309, user3907058774305"
6,2,1,7,0,1708.222,76.556,1.667,2.111,"user66946725172477, user92374833759676"
7,4,0.5,32,0,76950.989,1905.033,49.132,39.692,"username0022660, coutiedrive1, airplane_video578, usernamer0205"
8,2,1,7,0,662.093,1.981,0,0.093,"knl39aprh6, mgallsharring"
9,2,1,7,0,471.167,22,0,0,"user43963440850412, user9816953368395"
10,2,1,7,0,857.8,53.7,1.6,4.8,"user249315108077, user8566187083662"
11,2,1,8,0,190.375,4.75,0.25,0,"h5005670, user9178698708273"
12,6,0.533,27,0.6,3257.056,109.611,1.889,0.889,"grdgh91, grsdhj91, hddgk68, vdghj63, hddgh2868, yesfg42"
13,3,1,9,1,2001.556,87.333,0.222,2.444,"htchyg80, yetffuioo, yrfgj12"
14,2,1,8,0,1352.833,92.083,0.5,0.583,"devi.ntypw0367, doan04038"
15,12,0.303,41,0.389,5290.308,88.436,2.658,1.479,"devindawei336, masoudpuller, sjyzm173, sjyzm209, fgcc379, krzeminski.traner, rubenfeld.foulk, scafhwufeao47, dangda166, sjyzm286, qwer35064, thanglinh56"
16,2,1,8,0,939.5,95.25,0.5,0.375,"goisthillwig517, jiejielovetao518"
17,2,1,8,0,623.75,42.125,0.125,0,"ilovevgycguhyi467, speakingspeak.464"
18,2,1,8,0,1217.667,53.833,0.333,0.25,"tdfhh19, fbde56"
19,6,0.333,29,0,992.784,50.811,0.568,0.432,"gdxvn8, user1286937261149, thgde5, hfcjk470, user2008781421291, user4453311195168"
20,2,1,8,0,785.455,67.364,1.636,1.636,"gdd4573, hdfjkk6"
21,5,0.7,36,0.8,8445.076,389.106,2.758,2.606,"user4481949943395, user55029855976770, user1039975619594, user35576610675405, user85244619549900"
22,3,1,40,1,1320.833,80.69,0.81,0.357,"user3611823565236, user1781066367752, user49602523104"
23,3,0.667,16,0,1027.941,69.765,0.765,0.471,"jvst61, j7165782, f7707044"
24,2,1,8,0,1769,126.25,2.25,0.125,"user1918630528237, tivftjl"
25,7,0.333,30,0.25,1704.18,58.66,1.18,3.56,"hbdef6, htfhfj5, hesghj21, isr0065, memrrmi, cai.faffu, uzrd3"
26,2,1,9,0,729.462,57.385,0.077,0.231,"hulili45, kusdum4"
27,3,0.667,15,0,538.167,37.25,0.75,0.167,"h4272072, user53031585909531, iltrukikr"
28,3,1,18,1,369.944,24.611,0.278,0.278,"fssgh17, gyjgts, tddhj21"
29,4,1,9,1,1499.4,87.075,4.275,3.5,"ahhvxd8, hhjjhhyykk, hhzddyy, unvbb8chfxjhxfv"
30,3,1,10,1,1542.618,39.412,5.559,0.294,"djgdthh, lkaer88888, vlopphdt"
31,2,1,17,0,558.745,48,3.681,0.936,"aeroplane_pilot_235, aeroplane_palette_120"
32,2,1,7,0,12793.595,786.568,27.784,22.081,"china_deriver_150, somroo_3"
33,5,0.4,48,0,962.926,62.706,4.441,2.118,"shabnam_baby0, king_queengg0, driver_king0, china_deriver_0, uffkmli_0"
34,3,1,8,1,1388.238,47.095,1.905,1.381,"dragisalicina, user5619135380037, user7146869761024"
35,2,1,33,0,1335.435,39.478,5.261,1.261,"latest.news846, news.center2"
36,4,0.5,63,0,604.688,60.75,3.562,0.75,"heybabyg0, channarpower0, nawab_deriver0, username.1545465"
37,3,0.667,26,0,1667.528,184.194,11.556,2.028,"xchinaqueen0, sumroo.786, xchinaqueen2"
38,10,0.311,37,0.343,16852.66,124.34,0.92,2.86,"haeuserlegato, g.fb506, alijw22, raja.raja4309, dc.hb72, lop.qke, carolina.isabel.h83, bigcaatt, amira.gibbs8, tania.harder6"
39,2,1,9,0,65438.917,946.417,6.167,43.75,"aliea792, tamatha.soliz"
40,3,0.667,19,0,1101.278,31.222,0.667,0.556,"albertofdsgfdslyn, dgyusdz, olivia.ava.davis"
41,2,1,12,0,3169.5,59.75,0.667,0.667,"bryce.holloway, grace.sullivan864"
42,2,1,9,0,12028.444,162.111,2.111,3.333,"cfdhrd.xdgdz.dryh, xzdgese.xzvdx.dgh"
43,3,0.667,15,0,9824.778,166.333,2.111,2.278,"gew8218, gfdfdfffy, lliuyyyt"
44,2,1,8,0,33.889,0.556,0,0,"fqjpgqam, turesjutte"
45,5,1,9,1,531.4,6.667,0,0.133,"laurencewilliams83, cvbn5003, huongemanuel, lorenacastellanos055, mikecamilo94"
46,2,1,10,0,3780.85,40.2,0.75,1.4,"user30046758196074, user3415267675634"
47,2,1,7,0,5224.12,36.96,0.44,1.04,"darius.piersiak, user3602135785361"
48,2,1,8,0,2734.35,32.95,0.65,1.35,"hollygarwdn, genepurcell3"
49,5,0.5,31,0.5,3689.109,55.065,1.761,5.413,"nanaimo58, gabouer.cuaresma, hobackouellete, kaniewskilicor, biasemack"
50,2,1,8,0,3458.25,46.312,8.25,2.188,"huulinhduong2, huulandang"
51,9,1,18,1,21921.722,186.556,1.315,4.407,"darronmarcie, sharla.loni, qweasd12099, aabb3922iol, rowena.felix4, user9533337653940, mingshushufa, alexander73798, vazdf.gaxfg"
52,2,1,9,0,105503,510.444,2.556,12.889,"aasinubi, ali810925"
53,4,0.667,18,0.6,3522.545,28.318,0.318,0.318,"cy.txcy, brooks.jenner, f.cb014, guili.kamil"
54,3,0.667,20,0,19684.706,137.353,1,2.706,"ketsuno7292, karen.strong00, alverta.karina8"
55,3,0.667,16,0,24397.615,211,1.385,10.154,"c.kn14, duxqifrnrnw, jugyfbyetf"
56,2,1,9,0,26092.083,368.417,2.333,7.5,"t.fg41, alepm45"
57,2,1,9,0,13079.333,154.5,1.5,2.333,"f.bj346, dxlyxdyd88"
58,2,1,7,0,39675,661.333,4.167,9.167,"gazd.raxgu, hf.gf28"
59,3,1,9,1,499.706,46,0.706,0.941,"dghj2422, fkshusjxb, user7516190319240"
60,2,1,8,0,297.091,14.909,0.182,0.727,"kendjffg, ryllskaia00"
61,2,1,7,0,187.917,26.833,1.417,0.667,"lushgirl5, truckqueen0"
