"Account","Network","Unique Shares","Avg Time Between Shares (sec)","Edge Symmetry Score","Degree","Strength","Betweenness","Avg Views","Avg Likes","Avg Comments","Avg Shares"
"<a href=""https://tiktok.com/@user1655672923020"" target=""_blank"">@user1655672923020</a>",1,21,55.836,0.909,6,180,0.028,1226.238,26.857,0.19,0.095
"<a href=""https://tiktok.com/@user30151614570437"" target=""_blank"">@user30151614570437</a>",2,19,69.64,0.878,2,69,0,4266.238,82.905,0.476,4
"<a href=""https://tiktok.com/@user3616273133524"" target=""_blank"">@user3616273133524</a>",2,21,67.54,0.878,2,65,0,1119.633,28.433,0.133,1.3
"<a href=""https://tiktok.com/@user3840831842583"" target=""_blank"">@user3840831842583</a>",1,21,60.783,0.919,6,200,0,1892.429,33.714,0.095,0.381
"<a href=""https://tiktok.com/@user4967199663697"" target=""_blank"">@user4967199663697</a>",1,18,58.319,0.899,5,139,0.028,1617.4,21.75,0.15,0.2
"<a href=""https://tiktok.com/@user710495138178"" target=""_blank"">@user710495138178</a>",1,20,62.658,0.878,6,197,0,2048.571,22.905,0.095,0.429
"<a href=""https://tiktok.com/@user7406160207374"" target=""_blank"">@user7406160207374</a>",1,21,60.953,0.865,6,198,0.028,1001.667,24.952,0.095,0.286
"<a href=""https://tiktok.com/@user75291696174110"" target=""_blank"">@user75291696174110</a>",1,18,72.189,0.872,4,112,0,1288.591,20.409,0,0.136
"<a href=""https://tiktok.com/@user8600005759563"" target=""_blank"">@user8600005759563</a>",2,27,72.9,0.889,2,84,0,607.4,22.167,0.1,0.333
"<a href=""https://tiktok.com/@user87304845050708"" target=""_blank"">@user87304845050708</a>",1,21,63.27,0.922,5,194,0,795.81,11.81,0.048,0.095
