"Account","Network","Unique Shares","Avg Time Between Shares (sec)","Edge Symmetry Score","Degree","Strength","Betweenness","Avg Views","Avg Likes","Avg Comments","Avg Shares"
"<a href=""https://tiktok.com/@bgnk392"" target=""_blank"">@bgnk392</a>",9,9,41.316,0.92,4,70,0.003,915,13.333,0.222,0.556
"<a href=""https://tiktok.com/@burnellmackintosh1994"" target=""_blank"">@burnellmackintosh1994</a>",13,10,31.083,0.909,1,12,0,32323.571,525.905,2.857,6.714
"<a href=""https://tiktok.com/@dy4rje4h21e0"" target=""_blank"">@dy4rje4h21e0</a>",14,6,19,1,1,11,0,352.167,4.167,0,0
"<a href=""https://tiktok.com/@ferdinandbecky1017"" target=""_blank"">@ferdinandbecky1017</a>",12,13,41.743,0.933,3,55,0,1124.571,24.714,0,0.143
"<a href=""https://tiktok.com/@ggbo601"" target=""_blank"">@ggbo601</a>",7,7,45.042,0.855,3,45,0.003,8306.545,53.636,0.273,0.636
"<a href=""https://tiktok.com/@ghij764"" target=""_blank"">@ghij764</a>",9,6,34.686,1,3,43,0,1066.833,21.667,0.167,0.667
"<a href=""https://tiktok.com/@gonzalezmichelleg"" target=""_blank"">@gonzalezmichelleg</a>",7,5,49.067,0.929,2,28,0,3651.111,50.889,0.444,0
"<a href=""https://tiktok.com/@gtrchgdt1xk"" target=""_blank"">@gtrchgdt1xk</a>",7,6,41.273,0.938,2,26,0,3692,55.5,0,0
"<a href=""https://tiktok.com/@jennamillereh26e"" target=""_blank"">@jennamillereh26e</a>",3,22,25.964,0.967,1,56,0,5652.423,58.538,0.077,0.423
"<a href=""https://tiktok.com/@jkkj674"" target=""_blank"">@jkkj674</a>",5,5,62.167,0.833,1,12,0,11392.167,157.5,0.833,3.167
"<a href=""https://tiktok.com/@josephwalker6990"" target=""_blank"">@josephwalker6990</a>",12,12,39.461,1,3,59,0,2027.167,42,0,0.333
"<a href=""https://tiktok.com/@joshuahorne1460"" target=""_blank"">@joshuahorne1460</a>",13,8,31.083,0.909,1,12,0,2468.125,60.375,0,0.5
"<a href=""https://tiktok.com/@kelaita3"" target=""_blank"">@kelaita3</a>",10,3,12.111,1,1,36,0,1710.5,9.833,0.333,0.833
"<a href=""https://tiktok.com/@kxhlqola6a363c"" target=""_blank"">@kxhlqola6a363c</a>",3,22,25.964,0.967,1,56,0,5106.87,58.217,0.043,0.174
"<a href=""https://tiktok.com/@langhuamediaus.tqh90p"" target=""_blank"">@langhuamediaus.tqh90p</a>",12,6,40.503,0.963,3,37,0.002,1976.667,58.333,0,0.5
"<a href=""https://tiktok.com/@lean37279"" target=""_blank"">@lean37279</a>",12,8,37.24,0.97,3,47,0,1584.375,21,0,0.125
"<a href=""https://tiktok.com/@llhh6654"" target=""_blank"">@llhh6654</a>",4,8,55.615,1,1,13,0,3121.545,8.182,0.091,0.273
"<a href=""https://tiktok.com/@lxboos34"" target=""_blank"">@lxboos34</a>",7,6,53.538,0.833,1,13,0,2699.5,46.167,0.167,0.167
"<a href=""https://tiktok.com/@lxler24081702"" target=""_blank"">@lxler24081702</a>",6,8,56.571,0.889,1,14,0,1660.333,26,0.222,0
"<a href=""https://tiktok.com/@nitian2jue"" target=""_blank"">@nitian2jue</a>",10,3,12.111,1,1,36,0,577,4,0,0
"<a href=""https://tiktok.com/@tfhjj48"" target=""_blank"">@tfhjj48</a>",11,6,32.083,0.875,1,12,0,1084.833,20.167,0,0.5
"<a href=""https://tiktok.com/@toot5744"" target=""_blank"">@toot5744</a>",4,7,55.615,1,1,13,0,2216.818,38.091,0.364,2.545
"<a href=""https://tiktok.com/@user1588747994237"" target=""_blank"">@user1588747994237</a>",8,6,50.926,0.861,3,43,0.001,1517.833,43.333,0.167,0
"<a href=""https://tiktok.com/@user196977097874"" target=""_blank"">@user196977097874</a>",9,9,48.647,0.964,4,74,0,943.111,12.444,0.111,0.333
"<a href=""https://tiktok.com/@user2191900675606"" target=""_blank"">@user2191900675606</a>",8,9,73.951,0.838,2,25,0,915.889,24.222,0,0.222
"<a href=""https://tiktok.com/@user3530504437025"" target=""_blank"">@user3530504437025</a>",2,3,42.125,1,1,32,0,94.667,0.833,0,0
"<a href=""https://tiktok.com/@user38593114502181"" target=""_blank"">@user38593114502181</a>",2,3,42.125,1,1,32,0,99.444,2.222,0,0
"<a href=""https://tiktok.com/@user39091749299177"" target=""_blank"">@user39091749299177</a>",9,4,58.864,0.875,2,22,0.002,1105.167,14.5,0.333,0.333
"<a href=""https://tiktok.com/@user4492878751698"" target=""_blank"">@user4492878751698</a>",11,4,32.083,0.875,1,12,0,346.75,4,0,0
"<a href=""https://tiktok.com/@user4911953984822"" target=""_blank"">@user4911953984822</a>",9,9,37.812,0.976,3,59,0,394.778,6.222,0,0.111
"<a href=""https://tiktok.com/@user6222824133704"" target=""_blank"">@user6222824133704</a>",8,6,58.682,0.85,3,43,0.002,1739.833,55,0,0.333
"<a href=""https://tiktok.com/@user63137298611222"" target=""_blank"">@user63137298611222</a>",14,6,19,1,1,11,0,260.167,4.333,0,0
"<a href=""https://tiktok.com/@user6787669206738"" target=""_blank"">@user6787669206738</a>",8,6,55.5,0.817,2,22,0,1371,44.833,0,0.167
"<a href=""https://tiktok.com/@user7910082192187"" target=""_blank"">@user7910082192187</a>",8,6,61.426,0.856,4,57,0.002,1114.333,29.333,0,0.333
"<a href=""https://tiktok.com/@user8520739674900"" target=""_blank"">@user8520739674900</a>",1,3,38,1,1,36,0,177.833,2.5,0,0
"<a href=""https://tiktok.com/@wwwwwiinnk"" target=""_blank"">@wwwwwiinnk</a>",1,3,38,1,1,36,0,268.5,1.667,0,0
"<a href=""https://tiktok.com/@xin20241106"" target=""_blank"">@xin20241106</a>",6,6,56.571,0.889,1,14,0,1023.286,14,0,0
"<a href=""https://tiktok.com/@yr0010"" target=""_blank"">@yr0010</a>",5,6,62.167,0.833,1,12,0,3238,55.333,0,0.333
