"Post URL","Network","Author","Timestamp","Number of Accounts","Views","Likes","Comments","Shares","Description"
"<a href=""https://www.tiktok.com/@user6787669206738/video/7458855509660273966"" target=""_blank"" class=""btn btn-sm"" style=""background-color: #00926c; color: white; text-decoration: none; padding: 2px 8px; border-radius: 4px; font-size: 0.8em;"">View Post</a>",8,"user6787669206738",2025-01-12 02:48:58,4,945,22,0,0,"Maybe we are in the right profession… @Bop House#camilla #viral #IG #realcamillaara #CamillaAraujo #itscamillaara #money#tiktokuni"
"<a href=""https://www.tiktok.com/@user6787669206738/video/7458855493566582062"" target=""_blank"" class=""btn btn-sm"" style=""background-color: #00926c; color: white; text-decoration: none; padding: 2px 8px; border-radius: 4px; font-size: 0.8em;"">View Post</a>",8,"user6787669206738",2025-01-12 02:48:56,4,1024,42,0,0,"Maybe we are in the right profession… @Bop House#camilla #viral #IG #realcamillaara #CamillaAraujo #itscamillaara #money#tiktokuni"
"<a href=""https://www.tiktok.com/@user2191900675606/video/7458855184349842734"" target=""_blank"" class=""btn btn-sm"" style=""background-color: #00926c; color: white; text-decoration: none; padding: 2px 8px; border-radius: 4px; font-size: 0.8em;"">View Post</a>",8,"user2191900675606",2025-01-12 02:47:41,4,1025,44,0,0,"Maybe we are in the right profession… @Bop House#camilla #viral #IG #realcamillaara #CamillaAraujo #itscamillaara #money#tiktokuni"
"<a href=""https://www.tiktok.com/@user2191900675606/video/7458855178452618542"" target=""_blank"" class=""btn btn-sm"" style=""background-color: #00926c; color: white; text-decoration: none; padding: 2px 8px; border-radius: 4px; font-size: 0.8em;"">View Post</a>",8,"user2191900675606",2025-01-12 02:47:39,4,1199,35,0,2,"Maybe we are in the right profession… @Bop House#camilla #viral #IG #realcamillaara #CamillaAraujo #itscamillaara #money#tiktokuni"
"<a href=""https://www.tiktok.com/@user6787669206738/video/7458854990342327594"" target=""_blank"" class=""btn btn-sm"" style=""background-color: #00926c; color: white; text-decoration: none; padding: 2px 8px; border-radius: 4px; font-size: 0.8em;"">View Post</a>",8,"user6787669206738",2025-01-12 02:46:56,4,2637,121,0,0,"Maybe we are in the right profession… @Bop House#camilla #viral #IG #realcamillaara #CamillaAraujo #itscamillaara #money#tiktokuni"
"<a href=""https://www.tiktok.com/@user7910082192187/video/7458854869424803114"" target=""_blank"" class=""btn btn-sm"" style=""background-color: #00926c; color: white; text-decoration: none; padding: 2px 8px; border-radius: 4px; font-size: 0.8em;"">View Post</a>",8,"user7910082192187",2025-01-12 02:46:27,4,1440,44,0,0,"Maybe we are in the right profession… @Bop House#camilla #viral #IG #realcamillaara #CamillaAraujo #itscamillaara #money#tiktokuni"
"<a href=""https://www.tiktok.com/@user7910082192187/video/7458854869273759018"" target=""_blank"" class=""btn btn-sm"" style=""background-color: #00926c; color: white; text-decoration: none; padding: 2px 8px; border-radius: 4px; font-size: 0.8em;"">View Post</a>",8,"user7910082192187",2025-01-12 02:46:26,4,1232,39,0,1,"Maybe we are in the right profession… @Bop House#camilla #viral #IG #realcamillaara #CamillaAraujo #itscamillaara #money#tiktokuni"
"<a href=""https://www.tiktok.com/@user1588747994237/video/7458854655221665067"" target=""_blank"" class=""btn btn-sm"" style=""background-color: #00926c; color: white; text-decoration: none; padding: 2px 8px; border-radius: 4px; font-size: 0.8em;"">View Post</a>",8,"user1588747994237",2025-01-12 02:45:38,4,844,23,0,0,"Maybe we are in the right profession… @Bop House#camilla #viral #IG #realcamillaara #CamillaAraujo #itscamillaara #money#tiktokuni"
"<a href=""https://www.tiktok.com/@user1588747994237/video/7458854647189523754"" target=""_blank"" class=""btn btn-sm"" style=""background-color: #00926c; color: white; text-decoration: none; padding: 2px 8px; border-radius: 4px; font-size: 0.8em;"">View Post</a>",8,"user1588747994237",2025-01-12 02:45:39,4,4780,130,1,0,"Maybe we are in the right profession… @Bop House#camilla #viral #IG #realcamillaara #CamillaAraujo #itscamillaara #money#tiktokuni"
"<a href=""https://www.tiktok.com/@user2191900675606/video/7458854585524997422"" target=""_blank"" class=""btn btn-sm"" style=""background-color: #00926c; color: white; text-decoration: none; padding: 2px 8px; border-radius: 4px; font-size: 0.8em;"">View Post</a>",8,"user2191900675606",2025-01-12 02:45:20,4,960,27,0,0,"Maybe we are in the right profession… @Bop House#camilla #viral #IG #realcamillaara #CamillaAraujo #itscamillaara #money#tiktokuni"
"<a href=""https://www.tiktok.com/@user6222824133704/video/7458854471217499423"" target=""_blank"" class=""btn btn-sm"" style=""background-color: #00926c; color: white; text-decoration: none; padding: 2px 8px; border-radius: 4px; font-size: 0.8em;"">View Post</a>",8,"user6222824133704",2025-01-12 02:44:58,4,4226,144,0,0,"Maybe we are in the right profession… @Bop House#camilla #viral #IG #realcamillaara #CamillaAraujo #itscamillaara #money#tiktokuni"
"<a href=""https://www.tiktok.com/@user6222824133704/video/7458854470399593759"" target=""_blank"" class=""btn btn-sm"" style=""background-color: #00926c; color: white; text-decoration: none; padding: 2px 8px; border-radius: 4px; font-size: 0.8em;"">View Post</a>",8,"user6222824133704",2025-01-12 02:44:57,4,1508,74,0,0,"Maybe we are in the right profession… @Bop House#camilla #viral #IG #realcamillaara #CamillaAraujo #itscamillaara #money#tiktokuni"
"<a href=""https://www.tiktok.com/@user7910082192187/video/7458854351642070314"" target=""_blank"" class=""btn btn-sm"" style=""background-color: #00926c; color: white; text-decoration: none; padding: 2px 8px; border-radius: 4px; font-size: 0.8em;"">View Post</a>",8,"user7910082192187",2025-01-12 02:44:26,4,1029,44,0,1,"Maybe we are in the right profession… @Bop House#camilla #viral #IG #realcamillaara #CamillaAraujo #itscamillaara #money#tiktokuni"
"<a href=""https://www.tiktok.com/@user1588747994237/video/7458854185262665006"" target=""_blank"" class=""btn btn-sm"" style=""background-color: #00926c; color: white; text-decoration: none; padding: 2px 8px; border-radius: 4px; font-size: 0.8em;"">View Post</a>",8,"user1588747994237",2025-01-12 02:43:49,4,1055,54,0,0,"Maybe we are in the right profession… @Bop House#camilla #viral #IG #realcamillaara #CamillaAraujo #itscamillaara #money#tiktokuni"
"<a href=""https://www.tiktok.com/@user6222824133704/video/7458853973949238559"" target=""_blank"" class=""btn btn-sm"" style=""background-color: #00926c; color: white; text-decoration: none; padding: 2px 8px; border-radius: 4px; font-size: 0.8em;"">View Post</a>",8,"user6222824133704",2025-01-12 02:43:03,4,1841,82,0,2,"Maybe we are in the right profession… @Bop House#camilla #viral #IG #realcamillaara #CamillaAraujo #itscamillaara #money#tiktokuni"
"<a href=""https://www.tiktok.com/@user2191900675606/video/7458478199719218478"" target=""_blank"" class=""btn btn-sm"" style=""background-color: #00926c; color: white; text-decoration: none; padding: 2px 8px; border-radius: 4px; font-size: 0.8em;"">View Post</a>",8,"user2191900675606",2025-01-11 02:24:48,4,846,10,0,0,"I want a Brad 🥺 @julia❣#camilla #viral #IG #realcamillaara #CamillaAraujo #itscamillaara #money#tiktokuni"
"<a href=""https://www.tiktok.com/@user2191900675606/video/7458478193457106218"" target=""_blank"" class=""btn btn-sm"" style=""background-color: #00926c; color: white; text-decoration: none; padding: 2px 8px; border-radius: 4px; font-size: 0.8em;"">View Post</a>",8,"user2191900675606",2025-01-11 02:24:50,4,948,10,0,0,"I want a Brad 🥺 @julia❣#camilla #viral #IG #realcamillaara #CamillaAraujo #itscamillaara #money#tiktokuni"
"<a href=""https://www.tiktok.com/@user2191900675606/video/7458478107742309674"" target=""_blank"" class=""btn btn-sm"" style=""background-color: #00926c; color: white; text-decoration: none; padding: 2px 8px; border-radius: 4px; font-size: 0.8em;"">View Post</a>",8,"user2191900675606",2025-01-11 02:24:26,4,824,13,0,0,"I want a Brad 🥺 @julia❣#camilla #viral #IG #realcamillaara #CamillaAraujo #itscamillaara #money#tiktokuni"
"<a href=""https://www.tiktok.com/@user6222824133704/video/7458477865806351647"" target=""_blank"" class=""btn btn-sm"" style=""background-color: #00926c; color: white; text-decoration: none; padding: 2px 8px; border-radius: 4px; font-size: 0.8em;"">View Post</a>",8,"user6222824133704",2025-01-11 02:23:33,4,895,7,0,0,"I want a Brad 🥺 @julia❣#camilla #viral #IG #realcamillaara #CamillaAraujo #itscamillaara #money#tiktokuni"
"<a href=""https://www.tiktok.com/@user6222824133704/video/7458477860425092382"" target=""_blank"" class=""btn btn-sm"" style=""background-color: #00926c; color: white; text-decoration: none; padding: 2px 8px; border-radius: 4px; font-size: 0.8em;"">View Post</a>",8,"user6222824133704",2025-01-11 02:23:32,4,1011,11,0,0,"I want a Brad 🥺 @julia❣#camilla #viral #IG #realcamillaara #CamillaAraujo #itscamillaara #money#tiktokuni"
"<a href=""https://www.tiktok.com/@user6222824133704/video/7458477814233271582"" target=""_blank"" class=""btn btn-sm"" style=""background-color: #00926c; color: white; text-decoration: none; padding: 2px 8px; border-radius: 4px; font-size: 0.8em;"">View Post</a>",8,"user6222824133704",2025-01-11 02:23:21,4,958,12,0,0,"I want a Brad 🥺 @julia❣#camilla #viral #IG #realcamillaara #CamillaAraujo #itscamillaara #money#tiktokuni"
"<a href=""https://www.tiktok.com/@user7910082192187/video/7458477755810778410"" target=""_blank"" class=""btn btn-sm"" style=""background-color: #00926c; color: white; text-decoration: none; padding: 2px 8px; border-radius: 4px; font-size: 0.8em;"">View Post</a>",8,"user7910082192187",2025-01-11 02:23:03,4,1090,9,0,0,"I want a Brad 🥺 @julia❣#camilla #viral #IG #realcamillaara #CamillaAraujo #itscamillaara #money#tiktokuni"
"<a href=""https://www.tiktok.com/@user7910082192187/video/7458477751939435822"" target=""_blank"" class=""btn btn-sm"" style=""background-color: #00926c; color: white; text-decoration: none; padding: 2px 8px; border-radius: 4px; font-size: 0.8em;"">View Post</a>",8,"user7910082192187",2025-01-11 02:23:01,4,885,11,0,0,"I want a Brad 🥺 @julia❣#camilla #viral #IG #realcamillaara #CamillaAraujo #itscamillaara #money#tiktokuni"
"<a href=""https://www.tiktok.com/@user7910082192187/video/7458477661472443691"" target=""_blank"" class=""btn btn-sm"" style=""background-color: #00926c; color: white; text-decoration: none; padding: 2px 8px; border-radius: 4px; font-size: 0.8em;"">View Post</a>",8,"user7910082192187",2025-01-11 02:22:42,4,1010,29,0,0,"I want a Brad 🥺 @julia❣#camilla #viral #IG #realcamillaara #CamillaAraujo #itscamillaara #money#tiktokuni"
"<a href=""https://www.tiktok.com/@user1588747994237/video/7458477591624813867"" target=""_blank"" class=""btn btn-sm"" style=""background-color: #00926c; color: white; text-decoration: none; padding: 2px 8px; border-radius: 4px; font-size: 0.8em;"">View Post</a>",8,"user1588747994237",2025-01-11 02:22:27,4,746,19,0,0,"I want a Brad 🥺 @julia❣#camilla #viral #IG #realcamillaara #CamillaAraujo #itscamillaara #money#tiktokuni"
"<a href=""https://www.tiktok.com/@user1588747994237/video/7458477569428458794"" target=""_blank"" class=""btn btn-sm"" style=""background-color: #00926c; color: white; text-decoration: none; padding: 2px 8px; border-radius: 4px; font-size: 0.8em;"">View Post</a>",8,"user1588747994237",2025-01-11 02:22:23,4,817,16,0,0,"I want a Brad 🥺 @julia❣#camilla #viral #IG #realcamillaara #CamillaAraujo #itscamillaara #money#tiktokuni"
"<a href=""https://www.tiktok.com/@user6787669206738/video/7458477532224998698"" target=""_blank"" class=""btn btn-sm"" style=""background-color: #00926c; color: white; text-decoration: none; padding: 2px 8px; border-radius: 4px; font-size: 0.8em;"">View Post</a>",8,"user6787669206738",2025-01-11 02:22:12,4,930,7,0,0,"I want a Brad 🥺 @julia❣#camilla #viral #IG #realcamillaara #CamillaAraujo #itscamillaara #money#tiktokuni"
"<a href=""https://www.tiktok.com/@user1588747994237/video/7458477479100009774"" target=""_blank"" class=""btn btn-sm"" style=""background-color: #00926c; color: white; text-decoration: none; padding: 2px 8px; border-radius: 4px; font-size: 0.8em;"">View Post</a>",8,"user1588747994237",2025-01-11 02:21:59,4,865,18,0,0,"I want a Brad 🥺 @julia❣#camilla #viral #IG #realcamillaara #CamillaAraujo #itscamillaara #money#tiktokuni"
"<a href=""https://www.tiktok.com/@user6787669206738/video/7458477352973552942"" target=""_blank"" class=""btn btn-sm"" style=""background-color: #00926c; color: white; text-decoration: none; padding: 2px 8px; border-radius: 4px; font-size: 0.8em;"">View Post</a>",8,"user6787669206738",2025-01-11 02:21:31,4,881,19,0,0,"I want a Brad 🥺 @julia❣#camilla #viral #IG #realcamillaara #CamillaAraujo #itscamillaara #money#tiktokuni"
"<a href=""https://www.tiktok.com/@user6787669206738/video/7458477316214213934"" target=""_blank"" class=""btn btn-sm"" style=""background-color: #00926c; color: white; text-decoration: none; padding: 2px 8px; border-radius: 4px; font-size: 0.8em;"">View Post</a>",8,"user6787669206738",2025-01-11 02:21:21,4,1809,58,0,1,"I want a Brad 🥺 @julia❣#camilla #viral #IG #realcamillaara #CamillaAraujo #itscamillaara #money#tiktokuni"
"<a href=""https://www.tiktok.com/@lxler24081702/video/7463263385719688478"" target=""_blank"" class=""btn btn-sm"" style=""background-color: #00926c; color: white; text-decoration: none; padding: 2px 8px; border-radius: 4px; font-size: 0.8em;"">View Post</a>",6,"lxler24081702",2025-01-23 23:53:48,3,1827,23,0,0,"#bridetobe #boundaries #wedding #weddingguest #weddingplanning #weddingplanner #bride #engsged #groom #fiance #fiancee #weddingreception #weddingtok"
"<a href=""https://www.tiktok.com/@lxler24081702/video/7463263243126033694"" target=""_blank"" class=""btn btn-sm"" style=""background-color: #00926c; color: white; text-decoration: none; padding: 2px 8px; border-radius: 4px; font-size: 0.8em;"">View Post</a>",6,"lxler24081702",2025-01-23 23:53:19,3,1033,14,0,0,"#bridetobe #boundaries #wedding #weddingguest #weddingplanning #weddingplanner #bride #engsged #groom #fiance #fiancee #weddingreception #weddingtok"
"<a href=""https://www.tiktok.com/@lxler24081702/video/7463263142223580447"" target=""_blank"" class=""btn btn-sm"" style=""background-color: #00926c; color: white; text-decoration: none; padding: 2px 8px; border-radius: 4px; font-size: 0.8em;"">View Post</a>",6,"lxler24081702",2025-01-23 23:52:55,3,1104,15,0,0,"#bridetobe #boundaries #wedding #weddingguest #weddingplanning #weddingplanner #bride #engsged #groom #fiance #fiancee #weddingreception #weddingtok"
"<a href=""https://www.tiktok.com/@lxboos34/video/7463216353105792287"" target=""_blank"" class=""btn btn-sm"" style=""background-color: #00926c; color: white; text-decoration: none; padding: 2px 8px; border-radius: 4px; font-size: 0.8em;"">View Post</a>",7,"lxboos34",2025-01-23 20:51:23,3,1307,26,0,0,"#bridetobe #boundaries #wedding #weddingguest #weddingplanning #weddingplanner #bride #engsged #groom #fiance #fiancee #weddingreception #weddingtok"
"<a href=""https://www.tiktok.com/@gtrchgdt1xk/video/7463216320683871534"" target=""_blank"" class=""btn btn-sm"" style=""background-color: #00926c; color: white; text-decoration: none; padding: 2px 8px; border-radius: 4px; font-size: 0.8em;"">View Post</a>",7,"gtrchgdt1xk",2025-01-23 20:51:13,3,6136,60,0,0,"#bridetobe #boundaries #wedding #weddingguest #weddingplanning #weddingplanner #bride #engsged #groom #fiance #fiancee #weddingreception #weddingtok"
"<a href=""https://www.tiktok.com/@ggbo601/video/7463216215641623839"" target=""_blank"" class=""btn btn-sm"" style=""background-color: #00926c; color: white; text-decoration: none; padding: 2px 8px; border-radius: 4px; font-size: 0.8em;"">View Post</a>",7,"ggbo601",2025-01-23 20:50:52,3,3310,37,0,2,"#bridetobe #boundaries #wedding #weddingguest #weddingplanning #weddingplanner #bride #engsged #groom #fiance #fiancee #weddingreception #weddingtok"
"<a href=""https://www.tiktok.com/@gonzalezmichelleg/video/7463216060964162858"" target=""_blank"" class=""btn btn-sm"" style=""background-color: #00926c; color: white; text-decoration: none; padding: 2px 8px; border-radius: 4px; font-size: 0.8em;"">View Post</a>",7,"gonzalezmichelleg",2025-01-23 20:50:11,3,1720,43,1,0,"#bridetobe #boundaries #wedding #weddingguest #weddingplanning #weddingplanner #bride #engsged #groom #fiance #fiancee #weddingreception #weddingtok"
"<a href=""https://www.tiktok.com/@gtrchgdt1xk/video/7463215839076961582"" target=""_blank"" class=""btn btn-sm"" style=""background-color: #00926c; color: white; text-decoration: none; padding: 2px 8px; border-radius: 4px; font-size: 0.8em;"">View Post</a>",7,"gtrchgdt1xk",2025-01-23 20:49:20,3,1718,38,0,0,"#bridetobe #boundaries #wedding #weddingguest #weddingplanning #weddingplanner #bride #engsged #groom #fiance #fiancee #weddingreception #weddingtok"
"<a href=""https://www.tiktok.com/@lxboos34/video/7463215800313220382"" target=""_blank"" class=""btn btn-sm"" style=""background-color: #00926c; color: white; text-decoration: none; padding: 2px 8px; border-radius: 4px; font-size: 0.8em;"">View Post</a>",7,"lxboos34",2025-01-23 20:49:12,3,1095,34,1,0,"#bridetobe #boundaries #wedding #weddingguest #weddingplanning #weddingplanner #bride #engsged #groom #fiance #fiancee #weddingreception #weddingtok"
"<a href=""https://www.tiktok.com/@ggbo601/video/7463215777492110623"" target=""_blank"" class=""btn btn-sm"" style=""background-color: #00926c; color: white; text-decoration: none; padding: 2px 8px; border-radius: 4px; font-size: 0.8em;"">View Post</a>",7,"ggbo601",2025-01-23 20:49:11,3,1863,16,0,0,"#bridetobe #boundaries #wedding #weddingguest #weddingplanning #weddingplanner #bride #engsged #groom #fiance #fiancee #weddingreception #weddingtok"
"<a href=""https://www.tiktok.com/@lxboos34/video/7463215719405178142"" target=""_blank"" class=""btn btn-sm"" style=""background-color: #00926c; color: white; text-decoration: none; padding: 2px 8px; border-radius: 4px; font-size: 0.8em;"">View Post</a>",7,"lxboos34",2025-01-23 20:48:52,3,1074,45,0,0,"#bridetobe #boundaries #wedding #weddingguest #weddingplanning #weddingplanner #bride #engsged #groom #fiance #fiancee #weddingreception #weddingtok"
"<a href=""https://www.tiktok.com/@gonzalezmichelleg/video/7463215026258578731"" target=""_blank"" class=""btn btn-sm"" style=""background-color: #00926c; color: white; text-decoration: none; padding: 2px 8px; border-radius: 4px; font-size: 0.8em;"">View Post</a>",7,"gonzalezmichelleg",2025-01-23 20:46:10,3,1357,31,0,0,"#bridetobe #boundaries #wedding #weddingguest #weddingplanning #weddingplanner #bride #engsged #groom #fiance #fiancee #weddingreception #weddingtok"
"<a href=""https://www.tiktok.com/@gtrchgdt1xk/video/7463214317345836330"" target=""_blank"" class=""btn btn-sm"" style=""background-color: #00926c; color: white; text-decoration: none; padding: 2px 8px; border-radius: 4px; font-size: 0.8em;"">View Post</a>",7,"gtrchgdt1xk",2025-01-23 20:43:30,3,1107,40,0,0,"#bridetobe #boundaries #wedding #weddingguest #weddingplanning #weddingplanner #bride #engsged #groom #fiance #fiancee #weddingreception #weddingtok"
"<a href=""https://www.tiktok.com/@gonzalezmichelleg/video/7463214285162925358"" target=""_blank"" class=""btn btn-sm"" style=""background-color: #00926c; color: white; text-decoration: none; padding: 2px 8px; border-radius: 4px; font-size: 0.8em;"">View Post</a>",7,"gonzalezmichelleg",2025-01-23 20:43:21,3,3032,56,0,0,"#bridetobe #boundaries #wedding #weddingguest #weddingplanning #weddingplanner #bride #engsged #groom #fiance #fiancee #weddingreception #weddingtok"
"<a href=""https://www.tiktok.com/@ggbo601/video/7463214225331342638"" target=""_blank"" class=""btn btn-sm"" style=""background-color: #00926c; color: white; text-decoration: none; padding: 2px 8px; border-radius: 4px; font-size: 0.8em;"">View Post</a>",7,"ggbo601",2025-01-23 20:43:09,3,18242,87,1,1,"#bridetobe #boundaries #wedding #weddingguest #weddingplanning #weddingplanner #bride #engsged #groom #fiance #fiancee #weddingreception #weddingtok"
"<a href=""https://www.tiktok.com/@lxler24081702/video/7462878037613333790"" target=""_blank"" class=""btn btn-sm"" style=""background-color: #00926c; color: white; text-decoration: none; padding: 2px 8px; border-radius: 4px; font-size: 0.8em;"">View Post</a>",6,"lxler24081702",2025-01-22 22:58:57,3,3168,35,0,0,"#bridetobe #boundaries #wedding #weddingguest #weddingplanning #weddingplanner #bride #engsged #groom #fiance #fiancee #weddingreception #weddingtok"
"<a href=""https://www.tiktok.com/@xin20241106/video/7462878022685789482"" target=""_blank"" class=""btn btn-sm"" style=""background-color: #00926c; color: white; text-decoration: none; padding: 2px 8px; border-radius: 4px; font-size: 0.8em;"">View Post</a>",6,"xin20241106",2025-01-22 22:58:50,3,1091,10,0,0,"#bridetobe #boundaries #wedding #weddingguest #weddingplanning #weddingplanner #bride #engsged #groom #fiance #fiancee #weddingreception #weddingtok"
"<a href=""https://www.tiktok.com/@xin20241106/video/7462878021104717102"" target=""_blank"" class=""btn btn-sm"" style=""background-color: #00926c; color: white; text-decoration: none; padding: 2px 8px; border-radius: 4px; font-size: 0.8em;"">View Post</a>",6,"xin20241106",2025-01-22 22:58:51,3,994,22,0,0,"#bridetobe #boundaries #wedding #weddingguest #weddingplanning #weddingplanner #bride #engsged #groom #fiance #fiancee #weddingreception #weddingtok"
"<a href=""https://www.tiktok.com/@lxler24081702/video/7462877787146292511"" target=""_blank"" class=""btn btn-sm"" style=""background-color: #00926c; color: white; text-decoration: none; padding: 2px 8px; border-radius: 4px; font-size: 0.8em;"">View Post</a>",6,"lxler24081702",2025-01-22 22:58:05,3,1335,26,0,0,"#bridetobe #boundaries #wedding #weddingguest #weddingplanning #weddingplanner #bride #engsged #groom #fiance #fiancee #weddingreception #weddingtok"
"<a href=""https://www.tiktok.com/@xin20241106/video/7462877607680412974"" target=""_blank"" class=""btn btn-sm"" style=""background-color: #00926c; color: white; text-decoration: none; padding: 2px 8px; border-radius: 4px; font-size: 0.8em;"">View Post</a>",6,"xin20241106",2025-01-22 22:57:15,3,1508,21,0,0,"#bridetobe #boundaries #wedding #weddingguest #weddingplanning #weddingplanner #bride #engsged #groom #fiance #fiancee #weddingreception #weddingtok"
"<a href=""https://www.tiktok.com/@lxler24081702/video/7462876420902096158"" target=""_blank"" class=""btn btn-sm"" style=""background-color: #00926c; color: white; text-decoration: none; padding: 2px 8px; border-radius: 4px; font-size: 0.8em;"">View Post</a>",6,"lxler24081702",2025-01-22 22:52:45,3,2701,43,0,0,"#bridetobe #boundaries #wedding #weddingguest #weddingplanning #weddingplanner #bride #engsged #groom #fiance #fiancee #weddingreception #weddingtok"
"<a href=""https://www.tiktok.com/@gonzalezmichelleg/video/7462821579224042798"" target=""_blank"" class=""btn btn-sm"" style=""background-color: #00926c; color: white; text-decoration: none; padding: 2px 8px; border-radius: 4px; font-size: 0.8em;"">View Post</a>",7,"gonzalezmichelleg",2025-01-22 19:19:57,3,14192,105,1,0,"#bridetobe #boundaries #wedding #weddingguest #weddingplanning #weddingplanner #bride #engsged #groom #fiance #fiancee #weddingreception #weddingtok"
"<a href=""https://www.tiktok.com/@lxboos34/video/7462821479453855007"" target=""_blank"" class=""btn btn-sm"" style=""background-color: #00926c; color: white; text-decoration: none; padding: 2px 8px; border-radius: 4px; font-size: 0.8em;"">View Post</a>",7,"lxboos34",2025-01-22 19:19:29,3,3197,50,0,1,"#bridetobe #boundaries #wedding #weddingguest #weddingplanning #weddingplanner #bride #engsged #groom #fiance #fiancee #weddingreception #weddingtok"
"<a href=""https://www.tiktok.com/@gtrchgdt1xk/video/7462821425896754475"" target=""_blank"" class=""btn btn-sm"" style=""background-color: #00926c; color: white; text-decoration: none; padding: 2px 8px; border-radius: 4px; font-size: 0.8em;"">View Post</a>",7,"gtrchgdt1xk",2025-01-22 19:19:16,3,5722,77,0,0,"#bridetobe #boundaries #wedding #weddingguest #weddingplanning #weddingplanner #bride #engsged #groom #fiance #fiancee #weddingreception #weddingtok"
"<a href=""https://www.tiktok.com/@ggbo601/video/7462821241129372958"" target=""_blank"" class=""btn btn-sm"" style=""background-color: #00926c; color: white; text-decoration: none; padding: 2px 8px; border-radius: 4px; font-size: 0.8em;"">View Post</a>",7,"ggbo601",2025-01-22 19:18:39,3,7688,75,0,0,"#bridetobe #boundaries #wedding #weddingguest #weddingplanning #weddingplanner #bride #engsged #groom #fiance #fiancee #weddingreception #weddingtok"
"<a href=""https://www.tiktok.com/@ggbo601/video/7462821208216685854"" target=""_blank"" class=""btn btn-sm"" style=""background-color: #00926c; color: white; text-decoration: none; padding: 2px 8px; border-radius: 4px; font-size: 0.8em;"">View Post</a>",7,"ggbo601",2025-01-22 19:18:35,3,7431,57,0,0,"#bridetobe #boundaries #wedding #weddingguest #weddingplanning #weddingplanner #bride #engsged #groom #fiance #fiancee #weddingreception #weddingtok"
"<a href=""https://www.tiktok.com/@lxboos34/video/7462820637111880990"" target=""_blank"" class=""btn btn-sm"" style=""background-color: #00926c; color: white; text-decoration: none; padding: 2px 8px; border-radius: 4px; font-size: 0.8em;"">View Post</a>",7,"lxboos34",2025-01-22 19:16:31,3,3534,46,0,0,"#bridetobe #boundaries #wedding #weddingguest #weddingplanning #weddingplanner #bride #engsged #groom #fiance #fiancee #weddingreception #weddingtok"
"<a href=""https://www.tiktok.com/@gonzalezmichelleg/video/7462820482174274859"" target=""_blank"" class=""btn btn-sm"" style=""background-color: #00926c; color: white; text-decoration: none; padding: 2px 8px; border-radius: 4px; font-size: 0.8em;"">View Post</a>",7,"gonzalezmichelleg",2025-01-22 19:15:51,3,5302,65,1,0,"#bridetobe #boundaries #wedding #weddingguest #weddingplanning #weddingplanner #bride #engsged #groom #fiance #fiancee #weddingreception #weddingtok"
"<a href=""https://www.tiktok.com/@gtrchgdt1xk/video/7462820204280728878"" target=""_blank"" class=""btn btn-sm"" style=""background-color: #00926c; color: white; text-decoration: none; padding: 2px 8px; border-radius: 4px; font-size: 0.8em;"">View Post</a>",7,"gtrchgdt1xk",2025-01-22 19:14:50,3,2500,62,0,0,"#bridetobe #boundaries #wedding #weddingguest #weddingplanning #weddingplanner #bride #engsged #groom #fiance #fiancee #weddingreception #weddingtok"
"<a href=""https://www.tiktok.com/@ggbo601/video/7462820062966172958"" target=""_blank"" class=""btn btn-sm"" style=""background-color: #00926c; color: white; text-decoration: none; padding: 2px 8px; border-radius: 4px; font-size: 0.8em;"">View Post</a>",7,"ggbo601",2025-01-22 19:14:02,3,18427,79,0,1,"#bridetobe #boundaries #wedding #weddingguest #weddingplanning #weddingplanner #bride #engsged #groom #fiance #fiancee #weddingreception #weddingtok"
"<a href=""https://www.tiktok.com/@gonzalezmichelleg/video/7462819975988923694"" target=""_blank"" class=""btn btn-sm"" style=""background-color: #00926c; color: white; text-decoration: none; padding: 2px 8px; border-radius: 4px; font-size: 0.8em;"">View Post</a>",7,"gonzalezmichelleg",2025-01-22 19:13:35,3,1141,28,0,0,"#bridetobe #boundaries #wedding #weddingguest #weddingplanning #weddingplanner #bride #engsged #groom #fiance #fiancee #weddingreception #weddingtok"
"<a href=""https://www.tiktok.com/@lxboos34/video/7462819515382910238"" target=""_blank"" class=""btn btn-sm"" style=""background-color: #00926c; color: white; text-decoration: none; padding: 2px 8px; border-radius: 4px; font-size: 0.8em;"">View Post</a>",7,"lxboos34",2025-01-22 19:11:46,3,5990,76,0,0,"#bridetobe #boundaries #wedding #weddingguest #weddingplanning #weddingplanner #bride #engsged #groom #fiance #fiancee #weddingreception #weddingtok"
"<a href=""https://www.tiktok.com/@lxler24081702/video/7462502388952321310"" target=""_blank"" class=""btn btn-sm"" style=""background-color: #00926c; color: white; text-decoration: none; padding: 2px 8px; border-radius: 4px; font-size: 0.8em;"">View Post</a>",6,"lxler24081702",2025-01-21 22:41:12,3,1223,33,1,0,"#bridetobe #boundaries #wedding #weddingguest #weddingplanning #weddingplanner #bride #engsged #groom #fiance #fiancee #weddingreception #weddingtok"
"<a href=""https://www.tiktok.com/@xin20241106/video/7462502143401020715"" target=""_blank"" class=""btn btn-sm"" style=""background-color: #00926c; color: white; text-decoration: none; padding: 2px 8px; border-radius: 4px; font-size: 0.8em;"">View Post</a>",6,"xin20241106",2025-01-21 22:40:20,3,225,5,0,0,"#bridetobe #boundaries #wedding #weddingguest #weddingplanning #weddingplanner #bride #engsged #groom #fiance #fiancee #weddingreception #weddingtok"
"<a href=""https://www.tiktok.com/@lxler24081702/video/7462501959392595231"" target=""_blank"" class=""btn btn-sm"" style=""background-color: #00926c; color: white; text-decoration: none; padding: 2px 8px; border-radius: 4px; font-size: 0.8em;"">View Post</a>",6,"lxler24081702",2025-01-21 22:39:24,3,1468,29,1,0,"#bridetobe #boundaries #wedding #weddingguest #weddingplanning #weddingplanner #bride #engsged #groom #fiance #fiancee #weddingreception #weddingtok"
"<a href=""https://www.tiktok.com/@xin20241106/video/7462501942212955438"" target=""_blank"" class=""btn btn-sm"" style=""background-color: #00926c; color: white; text-decoration: none; padding: 2px 8px; border-radius: 4px; font-size: 0.8em;"">View Post</a>",6,"xin20241106",2025-01-21 22:39:29,3,926,16,0,0,"#bridetobe #boundaries #wedding #weddingguest #weddingplanning #weddingplanner #bride #engsged #groom #fiance #fiancee #weddingreception #weddingtok"
"<a href=""https://www.tiktok.com/@lxler24081702/video/7462501568290573598"" target=""_blank"" class=""btn btn-sm"" style=""background-color: #00926c; color: white; text-decoration: none; padding: 2px 8px; border-radius: 4px; font-size: 0.8em;"">View Post</a>",6,"lxler24081702",2025-01-21 22:37:48,3,1084,16,0,0,"#bridetobe #boundaries #wedding #weddingguest #weddingplanning #weddingplanner #bride #engsged #groom #fiance #fiancee #weddingreception #weddingtok"
"<a href=""https://www.tiktok.com/@xin20241106/video/7462501241579425070"" target=""_blank"" class=""btn btn-sm"" style=""background-color: #00926c; color: white; text-decoration: none; padding: 2px 8px; border-radius: 4px; font-size: 0.8em;"">View Post</a>",6,"xin20241106",2025-01-21 22:36:41,3,910,3,0,0,"#bridetobe #boundaries #wedding #weddingguest #weddingplanning #weddingplanner #bride #engsged #groom #fiance #fiancee #weddingreception #weddingtok"
"<a href=""https://www.tiktok.com/@ggbo601/video/7462444103570148638"" target=""_blank"" class=""btn btn-sm"" style=""background-color: #00926c; color: white; text-decoration: none; padding: 2px 8px; border-radius: 4px; font-size: 0.8em;"">View Post</a>",7,"ggbo601",2025-01-21 18:54:58,3,3300,24,1,0,"#bridetobe #boundaries #wedding #weddingguest #weddingplanning #weddingplanner #bride #engsged #groom #fiance #fiancee #weddingreception #weddingtok"
"<a href=""https://www.tiktok.com/@gtrchgdt1xk/video/7462444042882780459"" target=""_blank"" class=""btn btn-sm"" style=""background-color: #00926c; color: white; text-decoration: none; padding: 2px 8px; border-radius: 4px; font-size: 0.8em;"">View Post</a>",7,"gtrchgdt1xk",2025-01-21 18:55:02,3,5109,83,0,0,"#bridetobe #boundaries #wedding #weddingguest #weddingplanning #weddingplanner #bride #engsged #groom #fiance #fiancee #weddingreception #weddingtok"
"<a href=""https://www.tiktok.com/@gtrchgdt1xk/video/7463216320683871534"" target=""_blank"" class=""btn btn-sm"" style=""background-color: #00926c; color: white; text-decoration: none; padding: 2px 8px; border-radius: 4px; font-size: 0.8em;"">View Post</a>",7,"gtrchgdt1xk",2025-01-23 20:51:13,3,6144,60,0,0,"#bridetobe #boundaries #wedding #weddingguest #weddingplanning #weddingplanner #bride #engsged #groom #fiance #fiancee #weddingreception #weddingtok"
"<a href=""https://www.tiktok.com/@ggbo601/video/7463216215641623839"" target=""_blank"" class=""btn btn-sm"" style=""background-color: #00926c; color: white; text-decoration: none; padding: 2px 8px; border-radius: 4px; font-size: 0.8em;"">View Post</a>",7,"ggbo601",2025-01-23 20:50:52,3,3311,37,0,2,"#bridetobe #boundaries #wedding #weddingguest #weddingplanning #weddingplanner #bride #engsged #groom #fiance #fiancee #weddingreception #weddingtok"
"<a href=""https://www.tiktok.com/@gonzalezmichelleg/video/7463216060964162858"" target=""_blank"" class=""btn btn-sm"" style=""background-color: #00926c; color: white; text-decoration: none; padding: 2px 8px; border-radius: 4px; font-size: 0.8em;"">View Post</a>",7,"gonzalezmichelleg",2025-01-23 20:50:11,3,1721,43,1,0,"#bridetobe #boundaries #wedding #weddingguest #weddingplanning #weddingplanner #bride #engsged #groom #fiance #fiancee #weddingreception #weddingtok"
"<a href=""https://www.tiktok.com/@ggbo601/video/7463215777492110623"" target=""_blank"" class=""btn btn-sm"" style=""background-color: #00926c; color: white; text-decoration: none; padding: 2px 8px; border-radius: 4px; font-size: 0.8em;"">View Post</a>",7,"ggbo601",2025-01-23 20:49:11,3,1864,16,0,0,"#bridetobe #boundaries #wedding #weddingguest #weddingplanning #weddingplanner #bride #engsged #groom #fiance #fiancee #weddingreception #weddingtok"
"<a href=""https://www.tiktok.com/@gonzalezmichelleg/video/7463215026258578731"" target=""_blank"" class=""btn btn-sm"" style=""background-color: #00926c; color: white; text-decoration: none; padding: 2px 8px; border-radius: 4px; font-size: 0.8em;"">View Post</a>",7,"gonzalezmichelleg",2025-01-23 20:46:10,3,1358,31,0,0,"#bridetobe #boundaries #wedding #weddingguest #weddingplanning #weddingplanner #bride #engsged #groom #fiance #fiancee #weddingreception #weddingtok"
"<a href=""https://www.tiktok.com/@gonzalezmichelleg/video/7463214285162925358"" target=""_blank"" class=""btn btn-sm"" style=""background-color: #00926c; color: white; text-decoration: none; padding: 2px 8px; border-radius: 4px; font-size: 0.8em;"">View Post</a>",7,"gonzalezmichelleg",2025-01-23 20:43:21,3,3037,56,0,0,"#bridetobe #boundaries #wedding #weddingguest #weddingplanning #weddingplanner #bride #engsged #groom #fiance #fiancee #weddingreception #weddingtok"
"<a href=""https://www.tiktok.com/@ggbo601/video/7463214225331342638"" target=""_blank"" class=""btn btn-sm"" style=""background-color: #00926c; color: white; text-decoration: none; padding: 2px 8px; border-radius: 4px; font-size: 0.8em;"">View Post</a>",7,"ggbo601",2025-01-23 20:43:09,3,18245,87,1,1,"#bridetobe #boundaries #wedding #weddingguest #weddingplanning #weddingplanner #bride #engsged #groom #fiance #fiancee #weddingreception #weddingtok"
"<a href=""https://www.tiktok.com/@xin20241106/video/7462877607680412974"" target=""_blank"" class=""btn btn-sm"" style=""background-color: #00926c; color: white; text-decoration: none; padding: 2px 8px; border-radius: 4px; font-size: 0.8em;"">View Post</a>",6,"xin20241106",2025-01-22 22:57:15,3,1509,21,0,0,"#bridetobe #boundaries #wedding #weddingguest #weddingplanning #weddingplanner #bride #engsged #groom #fiance #fiancee #weddingreception #weddingtok"
"<a href=""https://www.tiktok.com/@ggbo601/video/7462821241129372958"" target=""_blank"" class=""btn btn-sm"" style=""background-color: #00926c; color: white; text-decoration: none; padding: 2px 8px; border-radius: 4px; font-size: 0.8em;"">View Post</a>",7,"ggbo601",2025-01-22 19:18:39,3,7691,75,0,0,"#bridetobe #boundaries #wedding #weddingguest #weddingplanning #weddingplanner #bride #engsged #groom #fiance #fiancee #weddingreception #weddingtok"
"<a href=""https://www.tiktok.com/@ghij764/video/7458498274241105194"" target=""_blank"" class=""btn btn-sm"" style=""background-color: #00926c; color: white; text-decoration: none; padding: 2px 8px; border-radius: 4px; font-size: 0.8em;"">View Post</a>",9,"ghij764",2025-01-11 03:42:41,3,860,18,0,0,"#аранова #психология #отец #папа #отношения #семья #подкаст #страхи #женскийюмор #женскийстендап"
"<a href=""https://www.tiktok.com/@bgnk392/video/7458498167085026602"" target=""_blank"" class=""btn btn-sm"" style=""background-color: #00926c; color: white; text-decoration: none; padding: 2px 8px; border-radius: 4px; font-size: 0.8em;"">View Post</a>",9,"bgnk392",2025-01-11 03:42:19,3,847,23,0,0,"#аранова #психология #отец #папа #отношения #семья #подкаст #страхи #женскийюмор #женскийстендап"
"<a href=""https://www.tiktok.com/@user4911953984822/video/7458498155361996062"" target=""_blank"" class=""btn btn-sm"" style=""background-color: #00926c; color: white; text-decoration: none; padding: 2px 8px; border-radius: 4px; font-size: 0.8em;"">View Post</a>",9,"user4911953984822",2025-01-11 03:42:19,3,204,5,0,1,"#аранова #психология #отец #папа #отношения #семья #подкаст #страхи #женскийюмор #женскийстендап"
"<a href=""https://www.tiktok.com/@user196977097874/video/7458497642407087406"" target=""_blank"" class=""btn btn-sm"" style=""background-color: #00926c; color: white; text-decoration: none; padding: 2px 8px; border-radius: 4px; font-size: 0.8em;"">View Post</a>",9,"user196977097874",2025-01-11 03:40:16,3,857,8,0,0,"#аранова #психология #отец #папа #отношения #семья #подкаст #страхи #женскийюмор #женскийстендап"
"<a href=""https://www.tiktok.com/@bgnk392/video/7458497631648582955"" target=""_blank"" class=""btn btn-sm"" style=""background-color: #00926c; color: white; text-decoration: none; padding: 2px 8px; border-radius: 4px; font-size: 0.8em;"">View Post</a>",9,"bgnk392",2025-01-11 03:40:11,3,944,19,0,0,"#аранова #психология #отец #папа #отношения #семья #подкаст #страхи #женскийюмор #женскийстендап"
"<a href=""https://www.tiktok.com/@ghij764/video/7458497626972130606"" target=""_blank"" class=""btn btn-sm"" style=""background-color: #00926c; color: white; text-decoration: none; padding: 2px 8px; border-radius: 4px; font-size: 0.8em;"">View Post</a>",9,"ghij764",2025-01-11 03:40:10,3,891,18,0,0,"#аранова #психология #отец #папа #отношения #семья #подкаст #страхи #женскийюмор #женскийстендап"
"<a href=""https://www.tiktok.com/@user4911953984822/video/7458497603685190942"" target=""_blank"" class=""btn btn-sm"" style=""background-color: #00926c; color: white; text-decoration: none; padding: 2px 8px; border-radius: 4px; font-size: 0.8em;"">View Post</a>",9,"user4911953984822",2025-01-11 03:40:12,3,717,7,0,0,"#аранова #психология #отец #папа #отношения #семья #подкаст #страхи #женскийюмор #женскийстендап"
"<a href=""https://www.tiktok.com/@user196977097874/video/7458497536794447147"" target=""_blank"" class=""btn btn-sm"" style=""background-color: #00926c; color: white; text-decoration: none; padding: 2px 8px; border-radius: 4px; font-size: 0.8em;"">View Post</a>",9,"user196977097874",2025-01-11 03:39:53,3,930,17,0,0,"#аранова #психология #отец #папа #отношения #семья #подкаст #страхи #женскийюмор #женскийстендап"
"<a href=""https://www.tiktok.com/@bgnk392/video/7458497459963186478"" target=""_blank"" class=""btn btn-sm"" style=""background-color: #00926c; color: white; text-decoration: none; padding: 2px 8px; border-radius: 4px; font-size: 0.8em;"">View Post</a>",9,"bgnk392",2025-01-11 03:39:34,3,992,27,0,0,"#аранова #психология #отец #папа #отношения #семья #подкаст #страхи #женскийюмор #женскийстендап"
"<a href=""https://www.tiktok.com/@ghij764/video/7458497457530490155"" target=""_blank"" class=""btn btn-sm"" style=""background-color: #00926c; color: white; text-decoration: none; padding: 2px 8px; border-radius: 4px; font-size: 0.8em;"">View Post</a>",9,"ghij764",2025-01-11 03:39:33,3,1093,14,0,3,"#аранова #психология #отец #папа #отношения #семья #подкаст #страхи #женскийюмор #женскийстендап"
"<a href=""https://www.tiktok.com/@user4911953984822/video/7458497450609855774"" target=""_blank"" class=""btn btn-sm"" style=""background-color: #00926c; color: white; text-decoration: none; padding: 2px 8px; border-radius: 4px; font-size: 0.8em;"">View Post</a>",9,"user4911953984822",2025-01-11 03:39:34,3,958,23,0,0,"#аранова #психология #отец #папа #отношения #семья #подкаст #страхи #женскийюмор #женскийстендап"
"<a href=""https://www.tiktok.com/@user196977097874/video/7458497424902950187"" target=""_blank"" class=""btn btn-sm"" style=""background-color: #00926c; color: white; text-decoration: none; padding: 2px 8px; border-radius: 4px; font-size: 0.8em;"">View Post</a>",9,"user196977097874",2025-01-11 03:39:25,3,897,15,0,2,"#аранова #психология #отец #папа #отношения #семья #подкаст #страхи #женскийюмор #женскийстендап"
"<a href=""https://www.tiktok.com/@kxhlqola6a363c/video/7463244939594353951"" target=""_blank"" class=""btn btn-sm"" style=""background-color: #00926c; color: white; text-decoration: none; padding: 2px 8px; border-radius: 4px; font-size: 0.8em;"">View Post</a>",3,"kxhlqola6a363c",2025-01-23 22:42:17,1,1821,33,0,0,"Part 1，#serviceindustry #bartender #server #ale #alcohollawenforcement #under21 #usa #hairstyle"
"<a href=""https://www.tiktok.com/@jennamillereh26e/video/7463244918345960734"" target=""_blank"" class=""btn btn-sm"" style=""background-color: #00926c; color: white; text-decoration: none; padding: 2px 8px; border-radius: 4px; font-size: 0.8em;"">View Post</a>",3,"jennamillereh26e",2025-01-23 22:42:10,1,4035,91,0,0,"Part 1，#serviceindustry #bartender #server #ale #alcohollawenforcement #under21 #usa #hairstyle"
"<a href=""https://www.tiktok.com/@kxhlqola6a363c/video/7462887438667500830"" target=""_blank"" class=""btn btn-sm"" style=""background-color: #00926c; color: white; text-decoration: none; padding: 2px 8px; border-radius: 4px; font-size: 0.8em;"">View Post</a>",3,"kxhlqola6a363c",2025-01-22 23:35:25,1,9920,209,0,0,"Part 1，#serviceindustry #bartender #server #ale #alcohollawenforcement #under21 #usa #hairstyle"
"<a href=""https://www.tiktok.com/@jennamillereh26e/video/7462887386419154206"" target=""_blank"" class=""btn btn-sm"" style=""background-color: #00926c; color: white; text-decoration: none; padding: 2px 8px; border-radius: 4px; font-size: 0.8em;"">View Post</a>",3,"jennamillereh26e",2025-01-22 23:35:15,1,5464,107,0,1,"Part 1，#serviceindustry #bartender #server #ale #alcohollawenforcement #under21 #usa #hairstyle"
"<a href=""https://www.tiktok.com/@kxhlqola6a363c/video/7462850719876451615"" target=""_blank"" class=""btn btn-sm"" style=""background-color: #00926c; color: white; text-decoration: none; padding: 2px 8px; border-radius: 4px; font-size: 0.8em;"">View Post</a>",3,"kxhlqola6a363c",2025-01-22 21:12:55,1,4569,31,0,0,"Part 1，#serviceindustry #bartender #server #ale #alcohollawenforcement #under21 #usa #hairstyle"
"<a href=""https://www.tiktok.com/@jennamillereh26e/video/7462850674099899678"" target=""_blank"" class=""btn btn-sm"" style=""background-color: #00926c; color: white; text-decoration: none; padding: 2px 8px; border-radius: 4px; font-size: 0.8em;"">View Post</a>",3,"jennamillereh26e",2025-01-22 21:12:49,1,1933,50,0,0,"Part 1，#serviceindustry #bartender #server #ale #alcohollawenforcement #under21 #usa #hairstyle"
"<a href=""https://www.tiktok.com/@kxhlqola6a363c/video/7462831581074296094"" target=""_blank"" class=""btn btn-sm"" style=""background-color: #00926c; color: white; text-decoration: none; padding: 2px 8px; border-radius: 4px; font-size: 0.8em;"">View Post</a>",3,"kxhlqola6a363c",2025-01-22 19:58:37,1,5450,64,0,0,"Part 1，#serviceindustry #bartender #server #ale #alcohollawenforcement #under21 #usa #hairstyle"
"<a href=""https://www.tiktok.com/@jennamillereh26e/video/7462830310091181342"" target=""_blank"" class=""btn btn-sm"" style=""background-color: #00926c; color: white; text-decoration: none; padding: 2px 8px; border-radius: 4px; font-size: 0.8em;"">View Post</a>",3,"jennamillereh26e",2025-01-22 19:53:55,1,4139,69,0,0,"Part 1，#serviceindustry #bartender #server #ale #alcohollawenforcement #under21 #usa #hairstyle"
"<a href=""https://www.tiktok.com/@kxhlqola6a363c/video/7459178135825730846"" target=""_blank"" class=""btn btn-sm"" style=""background-color: #00926c; color: white; text-decoration: none; padding: 2px 8px; border-radius: 4px; font-size: 0.8em;"">View Post</a>",3,"kxhlqola6a363c",2025-01-12 23:40:56,1,4090,43,0,0,"Part 1，#serviceindustry #bartender #server #ale #alcohollawenforcement #under21 #usa #hairstyle"
"<a href=""https://www.tiktok.com/@jennamillereh26e/video/7459178098588683551"" target=""_blank"" class=""btn btn-sm"" style=""background-color: #00926c; color: white; text-decoration: none; padding: 2px 8px; border-radius: 4px; font-size: 0.8em;"">View Post</a>",3,"jennamillereh26e",2025-01-12 23:40:50,1,3537,55,0,0,"Part 1，#serviceindustry #bartender #server #ale #alcohollawenforcement #under21 #usa #hairstyle"
"<a href=""https://www.tiktok.com/@jennamillereh26e/video/7459178013054225694"" target=""_blank"" class=""btn btn-sm"" style=""background-color: #00926c; color: white; text-decoration: none; padding: 2px 8px; border-radius: 4px; font-size: 0.8em;"">View Post</a>",3,"jennamillereh26e",2025-01-12 23:40:29,1,5499,77,0,0,"Part 1，#serviceindustry #bartender #server #ale #alcohollawenforcement #under21 #usa #hairstyle"
"<a href=""https://www.tiktok.com/@kxhlqola6a363c/video/7459177997912821023"" target=""_blank"" class=""btn btn-sm"" style=""background-color: #00926c; color: white; text-decoration: none; padding: 2px 8px; border-radius: 4px; font-size: 0.8em;"">View Post</a>",3,"kxhlqola6a363c",2025-01-12 23:40:28,1,4775,64,0,0,"Part 1，#serviceindustry #bartender #server #ale #alcohollawenforcement #under21 #usa #hairstyle"
"<a href=""https://www.tiktok.com/@jennamillereh26e/video/7459177953985858846"" target=""_blank"" class=""btn btn-sm"" style=""background-color: #00926c; color: white; text-decoration: none; padding: 2px 8px; border-radius: 4px; font-size: 0.8em;"">View Post</a>",3,"jennamillereh26e",2025-01-12 23:40:17,1,5134,73,0,1,"Part 1，#serviceindustry #bartender #server #ale #alcohollawenforcement #under21 #usa #hairstyle"
"<a href=""https://www.tiktok.com/@jennamillereh26e/video/7459134032475917598"" target=""_blank"" class=""btn btn-sm"" style=""background-color: #00926c; color: white; text-decoration: none; padding: 2px 8px; border-radius: 4px; font-size: 0.8em;"">View Post</a>",3,"jennamillereh26e",2025-01-12 20:49:50,1,28857,198,0,1,"Part 1，#serviceindustry #bartender #server #ale #alcohollawenforcement #under21 #usa #hairstyle"
"<a href=""https://www.tiktok.com/@jennamillereh26e/video/7459134022686428447"" target=""_blank"" class=""btn btn-sm"" style=""background-color: #00926c; color: white; text-decoration: none; padding: 2px 8px; border-radius: 4px; font-size: 0.8em;"">View Post</a>",3,"jennamillereh26e",2025-01-12 20:49:49,1,992,13,0,0,"Part 1，#serviceindustry #bartender #server #ale #alcohollawenforcement #under21 #usa #hairstyle"
"<a href=""https://www.tiktok.com/@jennamillereh26e/video/7459133982811245855"" target=""_blank"" class=""btn btn-sm"" style=""background-color: #00926c; color: white; text-decoration: none; padding: 2px 8px; border-radius: 4px; font-size: 0.8em;"">View Post</a>",3,"jennamillereh26e",2025-01-12 20:49:38,1,4329,63,0,0,"Part 1，#serviceindustry #bartender #server #ale #alcohollawenforcement #under21 #usa #hairstyle"
"<a href=""https://www.tiktok.com/@kxhlqola6a363c/video/7459133716128959774"" target=""_blank"" class=""btn btn-sm"" style=""background-color: #00926c; color: white; text-decoration: none; padding: 2px 8px; border-radius: 4px; font-size: 0.8em;"">View Post</a>",3,"kxhlqola6a363c",2025-01-12 20:48:37,1,5056,32,0,0,"Part 1，#serviceindustry #bartender #server #ale #alcohollawenforcement #under21 #usa #hairstyle"
"<a href=""https://www.tiktok.com/@kxhlqola6a363c/video/7459133701541219614"" target=""_blank"" class=""btn btn-sm"" style=""background-color: #00926c; color: white; text-decoration: none; padding: 2px 8px; border-radius: 4px; font-size: 0.8em;"">View Post</a>",3,"kxhlqola6a363c",2025-01-12 20:48:36,1,5148,73,0,0,"Part 1，#serviceindustry #bartender #server #ale #alcohollawenforcement #under21 #usa #hairstyle"
"<a href=""https://www.tiktok.com/@kxhlqola6a363c/video/7459133683010784543"" target=""_blank"" class=""btn btn-sm"" style=""background-color: #00926c; color: white; text-decoration: none; padding: 2px 8px; border-radius: 4px; font-size: 0.8em;"">View Post</a>",3,"kxhlqola6a363c",2025-01-12 20:48:31,1,5726,50,0,0,"Part 1，#serviceindustry #bartender #server #ale #alcohollawenforcement #under21 #usa #hairstyle"
"<a href=""https://www.tiktok.com/@kxhlqola6a363c/video/7459097010478517534"" target=""_blank"" class=""btn btn-sm"" style=""background-color: #00926c; color: white; text-decoration: none; padding: 2px 8px; border-radius: 4px; font-size: 0.8em;"">View Post</a>",3,"kxhlqola6a363c",2025-01-12 18:26:08,1,4948,49,0,0,"Part 1，#serviceindustry #bartender #server #ale #alcohollawenforcement #under21 #usa #hairstyle"
"<a href=""https://www.tiktok.com/@kxhlqola6a363c/video/7459096993806208286"" target=""_blank"" class=""btn btn-sm"" style=""background-color: #00926c; color: white; text-decoration: none; padding: 2px 8px; border-radius: 4px; font-size: 0.8em;"">View Post</a>",3,"kxhlqola6a363c",2025-01-12 18:26:05,1,6186,49,0,0,"Part 1，#serviceindustry #bartender #server #ale #alcohollawenforcement #under21 #usa #hairstyle"
"<a href=""https://www.tiktok.com/@jennamillereh26e/video/7459096936511999262"" target=""_blank"" class=""btn btn-sm"" style=""background-color: #00926c; color: white; text-decoration: none; padding: 2px 8px; border-radius: 4px; font-size: 0.8em;"">View Post</a>",3,"jennamillereh26e",2025-01-12 18:25:51,1,7015,79,0,2,"Part 1，#serviceindustry #bartender #server #ale #alcohollawenforcement #under21 #usa #hairstyle"
"<a href=""https://www.tiktok.com/@kxhlqola6a363c/video/7459096907693002014"" target=""_blank"" class=""btn btn-sm"" style=""background-color: #00926c; color: white; text-decoration: none; padding: 2px 8px; border-radius: 4px; font-size: 0.8em;"">View Post</a>",3,"kxhlqola6a363c",2025-01-12 18:25:46,1,6097,53,0,0,"Part 1，#serviceindustry #bartender #server #ale #alcohollawenforcement #under21 #usa #hairstyle"
"<a href=""https://www.tiktok.com/@jennamillereh26e/video/7459096883940560159"" target=""_blank"" class=""btn btn-sm"" style=""background-color: #00926c; color: white; text-decoration: none; padding: 2px 8px; border-radius: 4px; font-size: 0.8em;"">View Post</a>",3,"jennamillereh26e",2025-01-12 18:25:41,1,5582,15,0,0,"Part 1，#serviceindustry #bartender #server #ale #alcohollawenforcement #under21 #usa #hairstyle"
"<a href=""https://www.tiktok.com/@jennamillereh26e/video/7459096837723589919"" target=""_blank"" class=""btn btn-sm"" style=""background-color: #00926c; color: white; text-decoration: none; padding: 2px 8px; border-radius: 4px; font-size: 0.8em;"">View Post</a>",3,"jennamillereh26e",2025-01-12 18:25:31,1,8385,79,0,2,"Part 1，#serviceindustry #bartender #server #ale #alcohollawenforcement #under21 #usa #hairstyle"
"<a href=""https://www.tiktok.com/@kxhlqola6a363c/video/7458792697852136734"" target=""_blank"" class=""btn btn-sm"" style=""background-color: #00926c; color: white; text-decoration: none; padding: 2px 8px; border-radius: 4px; font-size: 0.8em;"">View Post</a>",3,"kxhlqola6a363c",2025-01-11 22:45:18,1,5662,52,0,0,"Part 1，#serviceindustry #bartender #server #ale #alcohollawenforcement #under21 #usa #hairstyle"
"<a href=""https://www.tiktok.com/@jennamillereh26e/video/7458792623130627359"" target=""_blank"" class=""btn btn-sm"" style=""background-color: #00926c; color: white; text-decoration: none; padding: 2px 8px; border-radius: 4px; font-size: 0.8em;"">View Post</a>",3,"jennamillereh26e",2025-01-11 22:45:00,1,9250,59,1,0,"Part 1，#serviceindustry #bartender #server #ale #alcohollawenforcement #under21 #usa #hairstyle"
"<a href=""https://www.tiktok.com/@kxhlqola6a363c/video/7458792616222608670"" target=""_blank"" class=""btn btn-sm"" style=""background-color: #00926c; color: white; text-decoration: none; padding: 2px 8px; border-radius: 4px; font-size: 0.8em;"">View Post</a>",3,"kxhlqola6a363c",2025-01-11 22:45:00,1,4994,52,1,0,"Part 1，#serviceindustry #bartender #server #ale #alcohollawenforcement #under21 #usa #hairstyle"
"<a href=""https://www.tiktok.com/@jennamillereh26e/video/7458792584597556510"" target=""_blank"" class=""btn btn-sm"" style=""background-color: #00926c; color: white; text-decoration: none; padding: 2px 8px; border-radius: 4px; font-size: 0.8em;"">View Post</a>",3,"jennamillereh26e",2025-01-11 22:44:51,1,5542,60,0,0,"Part 1，#serviceindustry #bartender #server #ale #alcohollawenforcement #under21 #usa #hairstyle"
"<a href=""https://www.tiktok.com/@kxhlqola6a363c/video/7458792578788461855"" target=""_blank"" class=""btn btn-sm"" style=""background-color: #00926c; color: white; text-decoration: none; padding: 2px 8px; border-radius: 4px; font-size: 0.8em;"">View Post</a>",3,"kxhlqola6a363c",2025-01-11 22:44:49,1,4907,56,0,0,"Part 1，#serviceindustry #bartender #server #ale #alcohollawenforcement #under21 #usa #hairstyle"
"<a href=""https://www.tiktok.com/@jennamillereh26e/video/7458792546911800606"" target=""_blank"" class=""btn btn-sm"" style=""background-color: #00926c; color: white; text-decoration: none; padding: 2px 8px; border-radius: 4px; font-size: 0.8em;"">View Post</a>",3,"jennamillereh26e",2025-01-11 22:44:43,1,6978,52,0,0,"Part 1，#serviceindustry #bartender #server #ale #alcohollawenforcement #under21 #usa #hairstyle"
"<a href=""https://www.tiktok.com/@jennamillereh26e/video/7458760660982271262"" target=""_blank"" class=""btn btn-sm"" style=""background-color: #00926c; color: white; text-decoration: none; padding: 2px 8px; border-radius: 4px; font-size: 0.8em;"">View Post</a>",3,"jennamillereh26e",2025-01-11 20:41:01,1,1995,24,0,0,"Part 1，#serviceindustry #bartender #server #ale #alcohollawenforcement #under21 #usa #hairstyle"
"<a href=""https://www.tiktok.com/@kxhlqola6a363c/video/7458760413891677471"" target=""_blank"" class=""btn btn-sm"" style=""background-color: #00926c; color: white; text-decoration: none; padding: 2px 8px; border-radius: 4px; font-size: 0.8em;"">View Post</a>",3,"kxhlqola6a363c",2025-01-11 20:40:03,1,5577,54,0,0,"Part 1，#serviceindustry #bartender #server #ale #alcohollawenforcement #under21 #usa #hairstyle"
"<a href=""https://www.tiktok.com/@kxhlqola6a363c/video/7458760384535727390"" target=""_blank"" class=""btn btn-sm"" style=""background-color: #00926c; color: white; text-decoration: none; padding: 2px 8px; border-radius: 4px; font-size: 0.8em;"">View Post</a>",3,"kxhlqola6a363c",2025-01-11 20:39:57,1,5240,68,0,0,"Part 1，#serviceindustry #bartender #server #ale #alcohollawenforcement #under21 #usa #hairstyle"
"<a href=""https://www.tiktok.com/@kxhlqola6a363c/video/7458725524047760671"" target=""_blank"" class=""btn btn-sm"" style=""background-color: #00926c; color: white; text-decoration: none; padding: 2px 8px; border-radius: 4px; font-size: 0.8em;"">View Post</a>",3,"kxhlqola6a363c",2025-01-11 18:24:37,1,5343,96,0,0,"Part 1，#serviceindustry #bartender #server #ale #alcohollawenforcement #under21 #usa #hairstyle"
"<a href=""https://www.tiktok.com/@jennamillereh26e/video/7458725501960523039"" target=""_blank"" class=""btn btn-sm"" style=""background-color: #00926c; color: white; text-decoration: none; padding: 2px 8px; border-radius: 4px; font-size: 0.8em;"">View Post</a>",3,"jennamillereh26e",2025-01-11 18:24:31,1,4071,32,0,1,"Part 1，#serviceindustry #bartender #server #ale #alcohollawenforcement #under21 #usa #hairstyle"
"<a href=""https://www.tiktok.com/@kxhlqola6a363c/video/7458725484596137247"" target=""_blank"" class=""btn btn-sm"" style=""background-color: #00926c; color: white; text-decoration: none; padding: 2px 8px; border-radius: 4px; font-size: 0.8em;"">View Post</a>",3,"kxhlqola6a363c",2025-01-11 18:24:28,1,3947,44,0,4,"Part 1，#serviceindustry #bartender #server #ale #alcohollawenforcement #under21 #usa #hairstyle"
"<a href=""https://www.tiktok.com/@jennamillereh26e/video/7458725465008655647"" target=""_blank"" class=""btn btn-sm"" style=""background-color: #00926c; color: white; text-decoration: none; padding: 2px 8px; border-radius: 4px; font-size: 0.8em;"">View Post</a>",3,"jennamillereh26e",2025-01-11 18:24:22,1,7957,44,0,0,"Part 1，#serviceindustry #bartender #server #ale #alcohollawenforcement #under21 #usa #hairstyle"
"<a href=""https://www.tiktok.com/@jennamillereh26e/video/7458725418238070047"" target=""_blank"" class=""btn btn-sm"" style=""background-color: #00926c; color: white; text-decoration: none; padding: 2px 8px; border-radius: 4px; font-size: 0.8em;"">View Post</a>",3,"jennamillereh26e",2025-01-11 18:24:13,1,5413,71,0,2,"Part 1，#serviceindustry #bartender #server #ale #alcohollawenforcement #under21 #usa #hairstyle"
"<a href=""https://www.tiktok.com/@kxhlqola6a363c/video/7458725411816492319"" target=""_blank"" class=""btn btn-sm"" style=""background-color: #00926c; color: white; text-decoration: none; padding: 2px 8px; border-radius: 4px; font-size: 0.8em;"">View Post</a>",3,"kxhlqola6a363c",2025-01-11 18:24:14,1,4672,60,0,0,"Part 1，#serviceindustry #bartender #server #ale #alcohollawenforcement #under21 #usa #hairstyle"
"<a href=""https://www.tiktok.com/@kxhlqola6a363c/video/7458694021624401182"" target=""_blank"" class=""btn btn-sm"" style=""background-color: #00926c; color: white; text-decoration: none; padding: 2px 8px; border-radius: 4px; font-size: 0.8em;"">View Post</a>",3,"kxhlqola6a363c",2025-01-11 16:22:22,1,4007,35,0,0,"Part 1，#serviceindustry #bartender #server #ale #alcohollawenforcement #under21 #usa #hairstyle"
"<a href=""https://www.tiktok.com/@kxhlqola6a363c/video/7458693984840371486"" target=""_blank"" class=""btn btn-sm"" style=""background-color: #00926c; color: white; text-decoration: none; padding: 2px 8px; border-radius: 4px; font-size: 0.8em;"">View Post</a>",3,"kxhlqola6a363c",2025-01-11 16:22:17,1,5174,54,0,0,"Part 1，#serviceindustry #bartender #server #ale #alcohollawenforcement #under21 #usa #hairstyle"
"<a href=""https://www.tiktok.com/@jennamillereh26e/video/7458693928871677215"" target=""_blank"" class=""btn btn-sm"" style=""background-color: #00926c; color: white; text-decoration: none; padding: 2px 8px; border-radius: 4px; font-size: 0.8em;"">View Post</a>",3,"jennamillereh26e",2025-01-11 16:22:05,1,5969,23,0,1,"Part 1，#serviceindustry #bartender #server #ale #alcohollawenforcement #under21 #usa #hairstyle"
"<a href=""https://www.tiktok.com/@jennamillereh26e/video/7458693908365692191"" target=""_blank"" class=""btn btn-sm"" style=""background-color: #00926c; color: white; text-decoration: none; padding: 2px 8px; border-radius: 4px; font-size: 0.8em;"">View Post</a>",3,"jennamillereh26e",2025-01-11 16:21:56,1,1008,14,0,0,"Part 1，#serviceindustry #bartender #server #ale #alcohollawenforcement #under21 #usa #hairstyle"
"<a href=""https://www.tiktok.com/@kxhlqola6a363c/video/7458693896709672223"" target=""_blank"" class=""btn btn-sm"" style=""background-color: #00926c; color: white; text-decoration: none; padding: 2px 8px; border-radius: 4px; font-size: 0.8em;"">View Post</a>",3,"kxhlqola6a363c",2025-01-11 16:21:57,1,4149,18,0,0,"Part 1，#serviceindustry #bartender #server #ale #alcohollawenforcement #under21 #usa #hairstyle"
"<a href=""https://www.tiktok.com/@jennamillereh26e/video/7458693848512974111"" target=""_blank"" class=""btn btn-sm"" style=""background-color: #00926c; color: white; text-decoration: none; padding: 2px 8px; border-radius: 4px; font-size: 0.8em;"">View Post</a>",3,"jennamillereh26e",2025-01-11 16:21:45,1,1063,7,0,0,"Part 1，#serviceindustry #bartender #server #ale #alcohollawenforcement #under21 #usa #hairstyle"
"<a href=""https://www.tiktok.com/@llhh6654/video/7462951270463081759"" target=""_blank"" class=""btn btn-sm"" style=""background-color: #00926c; color: white; text-decoration: none; padding: 2px 8px; border-radius: 4px; font-size: 0.8em;"">View Post</a>",4,"llhh6654",2025-01-23 03:42:53,1,4769,10,0,0,"#pimplepopperaddict #pimple#textractions#ingrownhairremoval#ingrown #ingrownhair#picking#tweezers #skinpicking #satisfying#blemishes#blemishbandits#cloggedpores #pores #acne#hair#cleanskincare #skincareroutine#fyp #relaxingvideos #viral#trending#viraltiktok#creatorsearchinsights #foryoU#tiktok #pvo#skit"
"<a href=""https://www.tiktok.com/@llhh6654/video/7462950959677705503"" target=""_blank"" class=""btn btn-sm"" style=""background-color: #00926c; color: white; text-decoration: none; padding: 2px 8px; border-radius: 4px; font-size: 0.8em;"">View Post</a>",4,"llhh6654",2025-01-23 03:41:39,1,1997,2,0,0,"#pimplepopperaddict #pimple#textractions#ingrownhairremoval#ingrown #ingrownhair#picking#tweezers #skinpicking #satisfying#blemishes#blemishbandits#cloggedpores #pores #acne#hair#cleanskincare #skincareroutine#fyp #relaxingvideos #viral#trending#viraltiktok#creatorsearchinsights #foryoU#tiktok #pvo#skit"
"<a href=""https://www.tiktok.com/@llhh6654/video/7462950890060762399"" target=""_blank"" class=""btn btn-sm"" style=""background-color: #00926c; color: white; text-decoration: none; padding: 2px 8px; border-radius: 4px; font-size: 0.8em;"">View Post</a>",4,"llhh6654",2025-01-23 03:41:37,1,2946,9,0,0,"#pimplepopperaddict #pimple#textractions#ingrownhairremoval#ingrown #ingrownhair#picking#tweezers #skinpicking #satisfying#blemishes#blemishbandits#cloggedpores #pores #acne#hair#cleanskincare #skincareroutine#fyp #relaxingvideos #viral#trending#viraltiktok#creatorsearchinsights #foryoU#tiktok #pvo#skit"
"<a href=""https://www.tiktok.com/@toot5744/video/7462950659285912875"" target=""_blank"" class=""btn btn-sm"" style=""background-color: #00926c; color: white; text-decoration: none; padding: 2px 8px; border-radius: 4px; font-size: 0.8em;"">View Post</a>",4,"toot5744",2025-01-23 03:40:38,1,1450,24,0,0,"#pimplepopperaddict #pimple#textractions#ingrownhairremoval#ingrown #ingrownhair#picking#tweezers #skinpicking #satisfying#blemishes#blemishbandits#cloggedpores #pores #acne#hair#cleanskincare #skincareroutine#fyp #relaxingvideos #viral#trending#viraltiktok#creatorsearchinsights #foryoU#tiktok #pvo#skit"
"<a href=""https://www.tiktok.com/@toot5744/video/7462950611357617454"" target=""_blank"" class=""btn btn-sm"" style=""background-color: #00926c; color: white; text-decoration: none; padding: 2px 8px; border-radius: 4px; font-size: 0.8em;"">View Post</a>",4,"toot5744",2025-01-23 03:40:29,1,1490,41,0,1,"#pimplepopperaddict #pimple#textractions#ingrownhairremoval#ingrown #ingrownhair#picking#tweezers #skinpicking #satisfying#blemishes#blemishbandits#cloggedpores #pores #acne#hair#cleanskincare #skincareroutine#fyp #relaxingvideos #viral#trending#viraltiktok#creatorsearchinsights #foryoU#tiktok #pvo#skit"
"<a href=""https://www.tiktok.com/@toot5744/video/7462950143063690542"" target=""_blank"" class=""btn btn-sm"" style=""background-color: #00926c; color: white; text-decoration: none; padding: 2px 8px; border-radius: 4px; font-size: 0.8em;"">View Post</a>",4,"toot5744",2025-01-23 03:38:49,1,1656,52,0,2,"#pimplepopperaddict #pimple#textractions#ingrownhairremoval#ingrown #ingrownhair#picking#tweezers #skinpicking #satisfying#blemishes#blemishbandits#cloggedpores #pores #acne#hair#cleanskincare #skincareroutine#fyp #relaxingvideos #viral#trending#viraltiktok#creatorsearchinsights #foryoU#tiktok #pvo#skit"
"<a href=""https://www.tiktok.com/@llhh6654/video/7462578344891075871"" target=""_blank"" class=""btn btn-sm"" style=""background-color: #00926c; color: white; text-decoration: none; padding: 2px 8px; border-radius: 4px; font-size: 0.8em;"">View Post</a>",4,"llhh6654",2025-01-22 03:35:49,1,1627,8,0,0,"#pimplepopperaddict #pimple#textractions#ingrownhairremoval#ingrown #ingrownhair#picking#tweezers #skinpicking #satisfying#blemishes#blemishbandits#cloggedpores #pores #acne#hair#cleanskincare #skincareroutine#fyp #relaxingvideos #viral#trending#viraltiktok#creatorsearchinsights #foryoU#tiktok #pvo#skit"
"<a href=""https://www.tiktok.com/@llhh6654/video/7462578323072306463"" target=""_blank"" class=""btn btn-sm"" style=""background-color: #00926c; color: white; text-decoration: none; padding: 2px 8px; border-radius: 4px; font-size: 0.8em;"">View Post</a>",4,"llhh6654",2025-01-22 03:35:39,1,6115,11,0,0,"#pimplepopperaddict #pimple#textractions#ingrownhairremoval#ingrown #ingrownhair#picking#tweezers #skinpicking #satisfying#blemishes#blemishbandits#cloggedpores #pores #acne#hair#cleanskincare #skincareroutine#fyp #relaxingvideos #viral#trending#viraltiktok#creatorsearchinsights #foryoU#tiktok #pvo#skit"
"<a href=""https://www.tiktok.com/@toot5744/video/7462577988421586222"" target=""_blank"" class=""btn btn-sm"" style=""background-color: #00926c; color: white; text-decoration: none; padding: 2px 8px; border-radius: 4px; font-size: 0.8em;"">View Post</a>",4,"toot5744",2025-01-22 03:34:29,1,1730,39,1,4,"#pimplepopperaddict #pimple#textractions#ingrownhairremoval#ingrown #ingrownhair#picking#tweezers #skinpicking #satisfying#blemishes#blemishbandits#cloggedpores #pores #acne#hair#cleanskincare #skincareroutine#fyp #relaxingvideos #viral#trending#viraltiktok#creatorsearchinsights #foryoU#tiktok #pvo#skit"
"<a href=""https://www.tiktok.com/@toot5744/video/7462577667108310318"" target=""_blank"" class=""btn btn-sm"" style=""background-color: #00926c; color: white; text-decoration: none; padding: 2px 8px; border-radius: 4px; font-size: 0.8em;"">View Post</a>",4,"toot5744",2025-01-22 03:33:08,1,1749,43,0,0,"#pimplepopperaddict #pimple#textractions#ingrownhairremoval#ingrown #ingrownhair#picking#tweezers #skinpicking #satisfying#blemishes#blemishbandits#cloggedpores #pores #acne#hair#cleanskincare #skincareroutine#fyp #relaxingvideos #viral#trending#viraltiktok#creatorsearchinsights #foryoU#tiktok #pvo#skit"
"<a href=""https://www.tiktok.com/@toot5744/video/7462577170645404971"" target=""_blank"" class=""btn btn-sm"" style=""background-color: #00926c; color: white; text-decoration: none; padding: 2px 8px; border-radius: 4px; font-size: 0.8em;"">View Post</a>",4,"toot5744",2025-01-22 03:31:20,1,1793,40,0,1,"#pimplepopperaddict #pimple#textractions#ingrownhairremoval#ingrown #ingrownhair#picking#tweezers #skinpicking #satisfying#blemishes#blemishbandits#cloggedpores #pores #acne#hair#cleanskincare #skincareroutine#fyp #relaxingvideos #viral#trending#viraltiktok#creatorsearchinsights #foryoU#tiktok #pvo#skit"
"<a href=""https://www.tiktok.com/@llhh6654/video/7462577065930345758"" target=""_blank"" class=""btn btn-sm"" style=""background-color: #00926c; color: white; text-decoration: none; padding: 2px 8px; border-radius: 4px; font-size: 0.8em;"">View Post</a>",4,"llhh6654",2025-01-22 03:30:49,1,3772,2,1,0,"#pimplepopperaddict #pimple#textractions#ingrownhairremoval#ingrown #ingrownhair#picking#tweezers #skinpicking #satisfying#blemishes#blemishbandits#cloggedpores #pores #acne#hair#cleanskincare #skincareroutine#fyp #relaxingvideos #viral#trending#viraltiktok#creatorsearchinsights #foryoU#tiktok #pvo#skit"
"<a href=""https://www.tiktok.com/@llhh6654/video/7462205221918346527"" target=""_blank"" class=""btn btn-sm"" style=""background-color: #00926c; color: white; text-decoration: none; padding: 2px 8px; border-radius: 4px; font-size: 0.8em;"">View Post</a>",4,"llhh6654",2025-01-21 03:28:01,1,4645,11,0,1,"#pimplepopperaddict #pimple#textractions#ingrownhairremoval#ingrown #ingrownhair#picking#tweezers #skinpicking #satisfying#blemishes#blemishbandits#cloggedpores #pores #acne#hair#cleanskincare #skincareroutine#fyp #relaxingvideos #viral#trending#viraltiktok#creatorsearchinsights #foryoU#tiktok #pvo#skit"
"<a href=""https://www.tiktok.com/@llhh6654/video/7462205029915561246"" target=""_blank"" class=""btn btn-sm"" style=""background-color: #00926c; color: white; text-decoration: none; padding: 2px 8px; border-radius: 4px; font-size: 0.8em;"">View Post</a>",4,"llhh6654",2025-01-21 03:27:05,1,3399,7,0,2,"#pimplepopperaddict #pimple#textractions#ingrownhairremoval#ingrown #ingrownhair#picking#tweezers #skinpicking #satisfying#blemishes#blemishbandits#cloggedpores #pores #acne#hair#cleanskincare #skincareroutine#fyp #relaxingvideos #viral#trending#viraltiktok#creatorsearchinsights #foryoU#tiktok #pvo#skit"
"<a href=""https://www.tiktok.com/@llhh6654/video/7462204757617265950"" target=""_blank"" class=""btn btn-sm"" style=""background-color: #00926c; color: white; text-decoration: none; padding: 2px 8px; border-radius: 4px; font-size: 0.8em;"">View Post</a>",4,"llhh6654",2025-01-21 03:26:13,1,2259,11,0,0,"#pimplepopperaddict #pimple#textractions#ingrownhairremoval#ingrown #ingrownhair#picking#tweezers #skinpicking #satisfying#blemishes#blemishbandits#cloggedpores #pores #acne#hair#cleanskincare #skincareroutine#fyp #relaxingvideos #viral#trending#viraltiktok#creatorsearchinsights #foryoU#tiktok #pvo#skit"
"<a href=""https://www.tiktok.com/@toot5744/video/7462204730433899822"" target=""_blank"" class=""btn btn-sm"" style=""background-color: #00926c; color: white; text-decoration: none; padding: 2px 8px; border-radius: 4px; font-size: 0.8em;"">View Post</a>",4,"toot5744",2025-01-21 03:25:52,1,2934,21,0,1,"#pimplepopperaddict #pimple#textractions#ingrownhairremoval#ingrown #ingrownhair#picking#tweezers #skinpicking #satisfying#blemishes#blemishbandits#cloggedpores #pores #acne#hair#cleanskincare #skincareroutine#fyp #relaxingvideos #viral#trending#viraltiktok#creatorsearchinsights #foryoU#tiktok #pvo#skit"
"<a href=""https://www.tiktok.com/@toot5744/video/7462204676067511598"" target=""_blank"" class=""btn btn-sm"" style=""background-color: #00926c; color: white; text-decoration: none; padding: 2px 8px; border-radius: 4px; font-size: 0.8em;"">View Post</a>",4,"toot5744",2025-01-21 03:25:50,1,815,18,0,0,"#pimplepopperaddict #pimple#textractions#ingrownhairremoval#ingrown #ingrownhair#picking#tweezers #skinpicking #satisfying#blemishes#blemishbandits#cloggedpores #pores #acne#hair#cleanskincare #skincareroutine#fyp #relaxingvideos #viral#trending#viraltiktok#creatorsearchinsights #foryoU#tiktok #pvo#skit"
"<a href=""https://www.tiktok.com/@toot5744/video/7462204673483771182"" target=""_blank"" class=""btn btn-sm"" style=""background-color: #00926c; color: white; text-decoration: none; padding: 2px 8px; border-radius: 4px; font-size: 0.8em;"">View Post</a>",4,"toot5744",2025-01-21 03:25:53,1,1532,25,0,0,"#pimplepopperaddict #pimple#textractions#ingrownhairremoval#ingrown #ingrownhair#picking#tweezers #skinpicking #satisfying#blemishes#blemishbandits#cloggedpores #pores #acne#hair#cleanskincare #skincareroutine#fyp #relaxingvideos #viral#trending#viraltiktok#creatorsearchinsights #foryoU#tiktok #pvo#skit"
"<a href=""https://www.tiktok.com/@toot5744/video/7458829617252617514"" target=""_blank"" class=""btn btn-sm"" style=""background-color: #00926c; color: white; text-decoration: none; padding: 2px 8px; border-radius: 4px; font-size: 0.8em;"">View Post</a>",4,"toot5744",2025-01-12 01:08:29,1,6822,81,3,17,"#pimplepopperaddict #pimple#textractions#ingrownhairremoval#ingrown #ingrownhair#picking#tweezers #skinpicking #satisfying#blemishes#blemishbandits#cloggedpores #pores #acne#hair#cleanskincare #skincareroutine#fyp #relaxingvideos #viral#trending#viraltiktok#creatorsearchinsights #foryoU#tiktok #pvo#skit"
"<a href=""https://www.tiktok.com/@toot5744/video/7458829586017832238"" target=""_blank"" class=""btn btn-sm"" style=""background-color: #00926c; color: white; text-decoration: none; padding: 2px 8px; border-radius: 4px; font-size: 0.8em;"">View Post</a>",4,"toot5744",2025-01-12 01:08:24,1,2414,35,0,2,"#pimplepopperaddict #pimple#textractions#ingrownhairremoval#ingrown #ingrownhair#picking#tweezers #skinpicking #satisfying#blemishes#blemishbandits#cloggedpores #pores #acne#hair#cleanskincare #skincareroutine#fyp #relaxingvideos #viral#trending#viraltiktok#creatorsearchinsights #foryoU#tiktok #pvo#skit"
"<a href=""https://www.tiktok.com/@yr0010/video/7463146110517775646"" target=""_blank"" class=""btn btn-sm"" style=""background-color: #00926c; color: white; text-decoration: none; padding: 2px 8px; border-radius: 4px; font-size: 0.8em;"">View Post</a>",5,"yr0010",2025-01-23 16:18:47,1,1036,15,0,0,"#pov #fyp #fypシ#pimplepoppersatisfying #pimple #whiteheads #supersatisfying #foryou "
"<a href=""https://www.tiktok.com/@yr0010/video/7463146097905569055"" target=""_blank"" class=""btn btn-sm"" style=""background-color: #00926c; color: white; text-decoration: none; padding: 2px 8px; border-radius: 4px; font-size: 0.8em;"">View Post</a>",5,"yr0010",2025-01-23 16:18:46,1,1632,32,0,0,"#pov #fyp #fypシ#pimplepoppersatisfying #pimple #whiteheads #supersatisfying #foryou "
"<a href=""https://www.tiktok.com/@jkkj674/video/7463145908755008798"" target=""_blank"" class=""btn btn-sm"" style=""background-color: #00926c; color: white; text-decoration: none; padding: 2px 8px; border-radius: 4px; font-size: 0.8em;"">View Post</a>",5,"jkkj674",2025-01-23 16:17:59,1,8463,147,0,1,"#pov #fyp #fypシ#pimplepoppersatisfying #pimple #whiteheads #supersatisfying #foryou "
"<a href=""https://www.tiktok.com/@jkkj674/video/7463145643557588255"" target=""_blank"" class=""btn btn-sm"" style=""background-color: #00926c; color: white; text-decoration: none; padding: 2px 8px; border-radius: 4px; font-size: 0.8em;"">View Post</a>",5,"jkkj674",2025-01-23 16:16:57,1,9492,113,0,1,"#pov #fyp #fypシ#pimplepoppersatisfying #pimple #whiteheads #supersatisfying #foryou "
"<a href=""https://www.tiktok.com/@jkkj674/video/7462772049400876319"" target=""_blank"" class=""btn btn-sm"" style=""background-color: #00926c; color: white; text-decoration: none; padding: 2px 8px; border-radius: 4px; font-size: 0.8em;"">View Post</a>",5,"jkkj674",2025-01-22 16:07:36,1,11247,170,1,6,"#pov #fyp #fypシ#pimplepoppersatisfying #pimple #whiteheads #supersatisfying #foryou "
"<a href=""https://www.tiktok.com/@jkkj674/video/7462771759398276382"" target=""_blank"" class=""btn btn-sm"" style=""background-color: #00926c; color: white; text-decoration: none; padding: 2px 8px; border-radius: 4px; font-size: 0.8em;"">View Post</a>",5,"jkkj674",2025-01-22 16:06:36,1,19307,244,3,6,"#pov #fyp #fypシ#pimplepoppersatisfying #pimple #whiteheads #supersatisfying #foryou "
"<a href=""https://www.tiktok.com/@yr0010/video/7462771592649624863"" target=""_blank"" class=""btn btn-sm"" style=""background-color: #00926c; color: white; text-decoration: none; padding: 2px 8px; border-radius: 4px; font-size: 0.8em;"">View Post</a>",5,"yr0010",2025-01-22 16:06:05,1,8756,54,0,1,"#pov #fyp #fypシ#pimplepoppersatisfying #pimple #whiteheads #supersatisfying #foryou "
"<a href=""https://www.tiktok.com/@yr0010/video/7462771498382675231"" target=""_blank"" class=""btn btn-sm"" style=""background-color: #00926c; color: white; text-decoration: none; padding: 2px 8px; border-radius: 4px; font-size: 0.8em;"">View Post</a>",5,"yr0010",2025-01-22 16:05:45,1,2889,47,0,0,"#pov #fyp #fypシ#pimplepoppersatisfying #pimple #whiteheads #supersatisfying #foryou "
"<a href=""https://www.tiktok.com/@jkkj674/video/7462399371615685919"" target=""_blank"" class=""btn btn-sm"" style=""background-color: #00926c; color: white; text-decoration: none; padding: 2px 8px; border-radius: 4px; font-size: 0.8em;"">View Post</a>",5,"jkkj674",2025-01-21 16:01:31,1,11379,124,1,4,"#pov #fyp #fypシ#pimplepoppersatisfying #pimple #whiteheads #supersatisfying #foryou "
"<a href=""https://www.tiktok.com/@yr0010/video/7462399301260528927"" target=""_blank"" class=""btn btn-sm"" style=""background-color: #00926c; color: white; text-decoration: none; padding: 2px 8px; border-radius: 4px; font-size: 0.8em;"">View Post</a>",5,"yr0010",2025-01-21 16:01:23,1,2736,86,0,0,"#pov #fyp #fypシ#pimplepoppersatisfying #pimple #whiteheads #supersatisfying #foryou "
"<a href=""https://www.tiktok.com/@yr0010/video/7462399132909571358"" target=""_blank"" class=""btn btn-sm"" style=""background-color: #00926c; color: white; text-decoration: none; padding: 2px 8px; border-radius: 4px; font-size: 0.8em;"">View Post</a>",5,"yr0010",2025-01-21 16:00:46,1,2379,98,0,1,"#pov #fyp #fypシ#pimplepoppersatisfying #pimple #whiteheads #supersatisfying #foryou "
"<a href=""https://www.tiktok.com/@jkkj674/video/7463145908755008798"" target=""_blank"" class=""btn btn-sm"" style=""background-color: #00926c; color: white; text-decoration: none; padding: 2px 8px; border-radius: 4px; font-size: 0.8em;"">View Post</a>",5,"jkkj674",2025-01-23 16:17:59,1,8465,147,0,1,"#pov #fyp #fypシ#pimplepoppersatisfying #pimple #whiteheads #supersatisfying #foryou "
"<a href=""https://www.tiktok.com/@tfhjj48/video/7458963955877285163"" target=""_blank"" class=""btn btn-sm"" style=""background-color: #00926c; color: white; text-decoration: none; padding: 2px 8px; border-radius: 4px; font-size: 0.8em;"">View Post</a>",11,"tfhjj48",2025-01-12 09:50:16,1,512,8,0,1,"Где брать знания о магии #экстрасенс #безмасок #медиум #владчереватый #битваэкстрасенсов #битвасильнейших #экстратакси"
"<a href=""https://www.tiktok.com/@user4492878751698/video/7458963948038049055"" target=""_blank"" class=""btn btn-sm"" style=""background-color: #00926c; color: white; text-decoration: none; padding: 2px 8px; border-radius: 4px; font-size: 0.8em;"">View Post</a>",11,"user4492878751698",2025-01-12 09:50:19,1,221,9,0,0,"Где брать знания о магии #экстрасенс #безмасок #медиум #владчереватый #битваэкстрасенсов #битвасильнейших #экстратакси"
"<a href=""https://www.tiktok.com/@user4492878751698/video/7458963860318407967"" target=""_blank"" class=""btn btn-sm"" style=""background-color: #00926c; color: white; text-decoration: none; padding: 2px 8px; border-radius: 4px; font-size: 0.8em;"">View Post</a>",11,"user4492878751698",2025-01-12 09:49:48,1,39,0,0,0,"Где брать знания о магии #экстрасенс #безмасок #медиум #владчереватый #битваэкстрасенсов #битвасильнейших #экстратакси"
"<a href=""https://www.tiktok.com/@tfhjj48/video/7458963829888683307"" target=""_blank"" class=""btn btn-sm"" style=""background-color: #00926c; color: white; text-decoration: none; padding: 2px 8px; border-radius: 4px; font-size: 0.8em;"">View Post</a>",11,"tfhjj48",2025-01-12 09:49:44,1,772,16,0,0,"Где брать знания о магии #экстрасенс #безмасок #медиум #владчереватый #битваэкстрасенсов #битвасильнейших #экстратакси"
"<a href=""https://www.tiktok.com/@tfhjj48/video/7458963665929309486"" target=""_blank"" class=""btn btn-sm"" style=""background-color: #00926c; color: white; text-decoration: none; padding: 2px 8px; border-radius: 4px; font-size: 0.8em;"">View Post</a>",11,"tfhjj48",2025-01-12 09:49:07,1,962,33,0,2,"Где брать знания о магии #экстрасенс #безмасок #медиум #владчереватый #битваэкстрасенсов #битвасильнейших #экстратакси"
"<a href=""https://www.tiktok.com/@tfhjj48/video/7458604674455833899"" target=""_blank"" class=""btn btn-sm"" style=""background-color: #00926c; color: white; text-decoration: none; padding: 2px 8px; border-radius: 4px; font-size: 0.8em;"">View Post</a>",11,"tfhjj48",2025-01-11 10:36:01,1,1091,12,0,0,"Про разную реакцию на комплименты #джарахов #подкаст #арсенийпопов #импровизация #импрофандом"
"<a href=""https://www.tiktok.com/@tfhjj48/video/7458604449226083630"" target=""_blank"" class=""btn btn-sm"" style=""background-color: #00926c; color: white; text-decoration: none; padding: 2px 8px; border-radius: 4px; font-size: 0.8em;"">View Post</a>",11,"tfhjj48",2025-01-11 10:35:14,1,905,28,0,0,"Про разную реакцию на комплименты #джарахов #подкаст #арсенийпопов #импровизация #импрофандом"
"<a href=""https://www.tiktok.com/@user4492878751698/video/7458604441332108574"" target=""_blank"" class=""btn btn-sm"" style=""background-color: #00926c; color: white; text-decoration: none; padding: 2px 8px; border-radius: 4px; font-size: 0.8em;"">View Post</a>",11,"user4492878751698",2025-01-11 10:35:17,1,6,0,0,0,"Про разную реакцию на комплименты #джарахов #подкаст #арсенийпопов #импровизация #импрофандом"
"<a href=""https://www.tiktok.com/@user4492878751698/video/7458604279998188831"" target=""_blank"" class=""btn btn-sm"" style=""background-color: #00926c; color: white; text-decoration: none; padding: 2px 8px; border-radius: 4px; font-size: 0.8em;"">View Post</a>",11,"user4492878751698",2025-01-11 10:34:41,1,1121,7,0,0,"Про разную реакцию на комплименты #джарахов #подкаст #арсенийпопов #импровизация #импрофандом"
"<a href=""https://www.tiktok.com/@tfhjj48/video/7458604264412269866"" target=""_blank"" class=""btn btn-sm"" style=""background-color: #00926c; color: white; text-decoration: none; padding: 2px 8px; border-radius: 4px; font-size: 0.8em;"">View Post</a>",11,"tfhjj48",2025-01-11 10:34:38,1,2267,24,0,0,"Про разную реакцию на комплименты #джарахов #подкаст #арсенийпопов #импровизация #импрофандом"
"<a href=""https://www.tiktok.com/@user63137298611222/video/7462213121713720607"" target=""_blank"" class=""btn btn-sm"" style=""background-color: #00926c; color: white; text-decoration: none; padding: 2px 8px; border-radius: 4px; font-size: 0.8em;"">View Post</a>",14,"user63137298611222",2025-01-21 03:58:42,1,955,26,0,0,"СМОТРИ НА ЮТУБЕ @ЛЯЛЬКА @🍭 Мятная Лилу 🍭 #кристиналялька #мятныесплетни #подкаст #лялька #мятнаялилу"
"<a href=""https://www.tiktok.com/@dy4rje4h21e0/video/7462212978075536670"" target=""_blank"" class=""btn btn-sm"" style=""background-color: #00926c; color: white; text-decoration: none; padding: 2px 8px; border-radius: 4px; font-size: 0.8em;"">View Post</a>",14,"dy4rje4h21e0",2025-01-21 03:57:58,1,931,22,0,0,"СМОТРИ НА ЮТУБЕ @ЛЯЛЬКА @🍭 Мятная Лилу 🍭 #кристиналялька #мятныесплетни #подкаст #лялька #мятнаялилу"
"<a href=""https://www.tiktok.com/@dy4rje4h21e0/video/7462212933074881822"" target=""_blank"" class=""btn btn-sm"" style=""background-color: #00926c; color: white; text-decoration: none; padding: 2px 8px; border-radius: 4px; font-size: 0.8em;"">View Post</a>",14,"dy4rje4h21e0",2025-01-21 03:57:56,1,742,0,0,0,"СМОТРИ НА ЮТУБЕ @ЛЯЛЬКА @🍭 Мятная Лилу 🍭 #кристиналялька #мятныесплетни #подкаст #лялька #мятнаялилу"
"<a href=""https://www.tiktok.com/@dy4rje4h21e0/video/7462212926003268895"" target=""_blank"" class=""btn btn-sm"" style=""background-color: #00926c; color: white; text-decoration: none; padding: 2px 8px; border-radius: 4px; font-size: 0.8em;"">View Post</a>",14,"dy4rje4h21e0",2025-01-21 03:57:57,1,139,3,0,0,"СМОТРИ НА ЮТУБЕ @ЛЯЛЬКА @🍭 Мятная Лилу 🍭 #кристиналялька #мятныесплетни #подкаст #лялька #мятнаялилу"
"<a href=""https://www.tiktok.com/@user63137298611222/video/7462212908529782046"" target=""_blank"" class=""btn btn-sm"" style=""background-color: #00926c; color: white; text-decoration: none; padding: 2px 8px; border-radius: 4px; font-size: 0.8em;"">View Post</a>",14,"user63137298611222",2025-01-21 03:57:45,1,43,0,0,0,"СМОТРИ НА ЮТУБЕ @ЛЯЛЬКА @🍭 Мятная Лилу 🍭 #кристиналялька #мятныесплетни #подкаст #лялька #мятнаялилу"
"<a href=""https://www.tiktok.com/@user63137298611222/video/7462212288414485791"" target=""_blank"" class=""btn btn-sm"" style=""background-color: #00926c; color: white; text-decoration: none; padding: 2px 8px; border-radius: 4px; font-size: 0.8em;"">View Post</a>",14,"user63137298611222",2025-01-21 03:55:20,1,128,0,0,0,"СМОТРИ НА ЮТУБЕ @ЛЯЛЬКА @🍭 Мятная Лилу 🍭 #кристиналялька #мятныесплетни #подкаст #лялька #мятнаялилу"
"<a href=""https://www.tiktok.com/@dy4rje4h21e0/video/7458500062658694430"" target=""_blank"" class=""btn btn-sm"" style=""background-color: #00926c; color: white; text-decoration: none; padding: 2px 8px; border-radius: 4px; font-size: 0.8em;"">View Post</a>",14,"dy4rje4h21e0",2025-01-11 03:49:39,1,91,0,0,0,"Подкаст Құмарбек Сержан🚀 #подкаст #рек #up #rek #begimkhan #qumarbekserzhan #подкаст #azekeee08 #азекеее08 #құмарбексержан #бегімхан"
"<a href=""https://www.tiktok.com/@user63137298611222/video/7458500024851336478"" target=""_blank"" class=""btn btn-sm"" style=""background-color: #00926c; color: white; text-decoration: none; padding: 2px 8px; border-radius: 4px; font-size: 0.8em;"">View Post</a>",14,"user63137298611222",2025-01-11 03:49:32,1,160,0,0,0,"Подкаст Құмарбек Сержан🚀 #подкаст #рек #up #rek #begimkhan #qumarbekserzhan #подкаст #azekeee08 #азекеее08 #құмарбексержан #бегімхан"
"<a href=""https://www.tiktok.com/@user63137298611222/video/7458500017716858142"" target=""_blank"" class=""btn btn-sm"" style=""background-color: #00926c; color: white; text-decoration: none; padding: 2px 8px; border-radius: 4px; font-size: 0.8em;"">View Post</a>",14,"user63137298611222",2025-01-11 03:49:31,1,121,0,0,0,"Подкаст Құмарбек Сержан🚀 #подкаст #рек #up #rek #begimkhan #qumarbekserzhan #подкаст #azekeee08 #азекеее08 #құмарбексержан #бегімхан"
"<a href=""https://www.tiktok.com/@dy4rje4h21e0/video/7458499982467812638"" target=""_blank"" class=""btn btn-sm"" style=""background-color: #00926c; color: white; text-decoration: none; padding: 2px 8px; border-radius: 4px; font-size: 0.8em;"">View Post</a>",14,"dy4rje4h21e0",2025-01-11 03:49:23,1,142,0,0,0,"Подкаст Құмарбек Сержан🚀 #подкаст #рек #up #rek #begimkhan #qumarbekserzhan #подкаст #azekeee08 #азекеее08 #құмарбексержан #бегімхан"
"<a href=""https://www.tiktok.com/@user63137298611222/video/7458499387979877662"" target=""_blank"" class=""btn btn-sm"" style=""background-color: #00926c; color: white; text-decoration: none; padding: 2px 8px; border-radius: 4px; font-size: 0.8em;"">View Post</a>",14,"user63137298611222",2025-01-11 03:47:03,1,154,0,0,0,"Подкаст Құмарбек Сержан🚀 #подкаст #рек #up #rek #begimkhan #qumarbekserzhan #подкаст #azekeee08 #азекеее08 #құмарбексержан #бегімхан"
"<a href=""https://www.tiktok.com/@dy4rje4h21e0/video/7458499348796689694"" target=""_blank"" class=""btn btn-sm"" style=""background-color: #00926c; color: white; text-decoration: none; padding: 2px 8px; border-radius: 4px; font-size: 0.8em;"">View Post</a>",14,"dy4rje4h21e0",2025-01-11 03:46:57,1,68,0,0,0,"Подкаст Құмарбек Сержан🚀 #подкаст #рек #up #rek #begimkhan #qumarbekserzhan #подкаст #azekeee08 #азекеее08 #құмарбексержан #бегімхан"
