"Network","Number of Accounts","Network Density","Network Diameter","Clustering Coefficient","Avg Views","Avg Likes","Avg Comments","Avg Shares","Member Accounts"
1,2,1,36,NA,223.167,2.083,0,0,"user8520739674900, wwwwwiinnk"
2,2,1,32,NA,97.533,1.667,0,0,"user3530504437025, user38593114502181"
3,2,1,56,NA,5396.347,58.388,0.061,0.306,"jennamillereh26e, kxhlqola6a363c"
4,2,1,13,NA,2669.182,23.136,0.227,1.409,"llhh6654, toot5744"
5,2,1,12,NA,7315.083,106.417,0.417,1.75,"yr0010, jkkj674"
6,2,1,14,NA,1381.625,20.75,0.125,0,"lxler24081702, xin20241106"
7,4,0.667,30,0.6,4998.971,52.029,0.235,0.235,"gtrchgdt1xk, ggbo601, gonzalezmichelleg, lxboos34"
8,5,0.7,27,0.643,1293.97,37.97,0.03,0.212,"user2191900675606, user6787669206738, user1588747994237, user6222824133704, user7910082192187"
9,5,0.8,32,0.789,854.051,12.949,0.154,0.385,"bgnk392, user39091749299177, user196977097874, ghij764, user4911953984822"
10,2,1,36,NA,1143.75,6.917,0.167,0.417,"kelaita3, nitian2jue"
11,2,1,12,NA,789.6,13.7,0,0.3,"tfhjj48, user4492878751698"
12,4,1,24,1,1615.125,34.2,0,0.25,"ferdinandbecky1017, josephwalker6990, langhuamediaus.tqh90p, lean37279"
13,2,1,12,NA,19413.108,324.595,1.622,4.027,"burnellmackintosh1994, joshuahorne1460"
14,2,1,11,NA,306.167,4.25,0,0,"dy4rje4h21e0, user63137298611222"
