"Account","Network","Unique Shares","Avg Time Between Shares (sec)","Edge Symmetry Score","Degree","Strength","Betweenness","Avg Views","Avg Likes","Avg Comments","Avg Shares"
"<a href=""https://tiktok.com/@336per7"" target=""_blank"">@336per7</a>",9,8,60.118,0.9,1,17,0,2192.25,29.25,0.125,0.375
"<a href=""https://tiktok.com/@aabb3922iol"" target=""_blank"">@aabb3922iol</a>",74,3,65.116,1,2,15,0,2121,16.667,0.333,0.667
"<a href=""https://tiktok.com/@aeroplane_pilot_235"" target=""_blank"">@aeroplane_pilot_235</a>",49,7,47.087,1,1,23,0,1279.333,142.722,6.778,0.778
"<a href=""https://tiktok.com/@airplandriver120"" target=""_blank"">@airplandriver120</a>",7,7,95.571,0.625,1,14,0,932.087,58.522,9.783,2.261
"<a href=""https://tiktok.com/@alainanormand"" target=""_blank"">@alainanormand</a>",76,3,37.489,0.98,10,90,0,25464.667,241.333,3,3.333
"<a href=""https://tiktok.com/@albertofdsgfdslyn"" target=""_blank"">@albertofdsgfdslyn</a>",68,5,54.833,1,1,12,0,459.6,11.2,0.2,0.2
"<a href=""https://tiktok.com/@ale516537"" target=""_blank"">@ale516537</a>",77,8,81.429,0.833,1,14,0,4381.333,18.778,0.333,1.444
"<a href=""https://tiktok.com/@ale582034"" target=""_blank"">@ale582034</a>",66,6,57.861,0.827,4,43,0,24010.167,236.5,2.333,5
"<a href=""https://tiktok.com/@alepm45"" target=""_blank"">@alepm45</a>",78,6,66.421,0.625,2,16,0,393704,6209.571,22.429,244.429
"<a href=""https://tiktok.com/@alexander73798"" target=""_blank"">@alexander73798</a>",74,3,60.728,0.9,4,30,0,23948,178,1.333,2.333
"<a href=""https://tiktok.com/@ali3b87"" target=""_blank"">@ali3b87</a>",79,6,81.817,0.744,3,27,0,11811.667,180,2.5,3.833
"<a href=""https://tiktok.com/@ali702676"" target=""_blank"">@ali702676</a>",78,4,79.286,0.75,1,7,0,9197.5,138.75,1,1.5
"<a href=""https://tiktok.com/@amazing_seeet120"" target=""_blank"">@amazing_seeet120</a>",7,8,95.571,0.625,1,14,0,485.938,21.438,4.812,2.938
"<a href=""https://tiktok.com/@amelia.wilson.johnson"" target=""_blank"">@amelia.wilson.johnson</a>",69,6,75.25,0.667,1,8,0,8980.167,109.333,0.833,2.167
"<a href=""https://tiktok.com/@barakah.yasmine.s"" target=""_blank"">@barakah.yasmine.s</a>",14,7,39.875,0.833,1,8,0,1060.429,31.214,1.929,7.571
"<a href=""https://tiktok.com/@bbbmm480"" target=""_blank"">@bbbmm480</a>",28,10,60.9,0.904,10,89,0,4191,158.4,1.5,3
"<a href=""https://tiktok.com/@bjspsp"" target=""_blank"">@bjspsp</a>",12,5,44.166,0.958,3,27,0,55951.4,534.4,33.2,2
"<a href=""https://tiktok.com/@bridget.pugeda"" target=""_blank"">@bridget.pugeda</a>",1,7,52.778,1,1,9,0,1680.429,83,1.286,0.143
"<a href=""https://tiktok.com/@brooks.jenner"" target=""_blank"">@brooks.jenner</a>",75,8,53.706,1,1,17,0,6927.667,82.111,1.556,1.333
"<a href=""https://tiktok.com/@bsi.kasndp"" target=""_blank"">@bsi.kasndp</a>",77,5,81.429,0.833,1,14,0,4782.625,48.25,1.125,1
"<a href=""https://tiktok.com/@c358147"" target=""_blank"">@c358147</a>",39,3,62,1,1,9,0,6618,131.667,0.667,3.333
"<a href=""https://tiktok.com/@cck4657"" target=""_blank"">@cck4657</a>",2,5,46.964,0.917,2,15,0,2008.6,72,0.4,0.6
"<a href=""https://tiktok.com/@cedric.schneider70"" target=""_blank"">@cedric.schneider70</a>",5,6,41.889,0.875,1,9,0,1094.667,17.833,0,0
"<a href=""https://tiktok.com/@channarpower0"" target=""_blank"">@channarpower0</a>",63,11,88.929,0.733,2,43,0,1103.25,140.417,8.417,3.25
"<a href=""https://tiktok.com/@cheryl.willms"" target=""_blank"">@cheryl.willms</a>",76,3,42.244,0.92,10,90,0,6838.333,56.667,1,0.333
"<a href=""https://tiktok.com/@china_deriver_0"" target=""_blank"">@china_deriver_0</a>",61,12,93.859,0.955,2,64,0,2132.111,148.111,6.278,3.111
"<a href=""https://tiktok.com/@china_deriver_105"" target=""_blank"">@china_deriver_105</a>",48,12,81.728,0.7,2,39,0,16079.222,776.306,46.889,19.222
"<a href=""https://tiktok.com/@china_deriver_109"" target=""_blank"">@china_deriver_109</a>",48,6,90.233,1,1,30,0,375.455,46.318,4.318,0.545
"<a href=""https://tiktok.com/@china_deriver_8"" target=""_blank"">@china_deriver_8</a>",49,6,47.087,1,1,23,0,911.75,57.083,2.583,0.333
"<a href=""https://tiktok.com/@china_police_120"" target=""_blank"">@china_police_120</a>",48,2,73.222,0.4,1,9,0,583.522,62.043,3.957,0.087
"<a href=""https://tiktok.com/@chinesebeauty39"" target=""_blank"">@chinesebeauty39</a>",18,5,68,0.857,1,13,0,4565.824,299.941,13,5.294
"<a href=""https://tiktok.com/@chuma_g1"" target=""_blank"">@chuma_g1</a>",65,7,107.444,0.667,1,9,0,451.833,57.833,2.667,0.333
"<a href=""https://tiktok.com/@cjggt8"" target=""_blank"">@cjggt8</a>",21,3,50.889,1,2,18,0,389.333,27.5,0,0.333
"<a href=""https://tiktok.com/@d548930"" target=""_blank"">@d548930</a>",28,10,57.066,0.973,9,89,0,3614.9,132.7,0.3,1.5
"<a href=""https://tiktok.com/@dadfi54"" target=""_blank"">@dadfi54</a>",42,3,75.714,0.8,1,7,0,271,7,0,0
"<a href=""https://tiktok.com/@dangda166"" target=""_blank"">@dangda166</a>",31,9,55.111,0.875,1,9,0,18737.4,156.7,1.8,4.2
"<a href=""https://tiktok.com/@demetriabotkin"" target=""_blank"">@demetriabotkin</a>",71,3,55.143,1,1,7,0,3857,40.5,0.5,1.75
"<a href=""https://tiktok.com/@devindawei336"" target=""_blank"">@devindawei336</a>",31,9,52.499,0.928,6,52,0.001,1292.444,61.778,1,1.111
"<a href=""https://tiktok.com/@dhdy311"" target=""_blank"">@dhdy311</a>",28,10,50.345,1,3,23,0.001,1848,30.2,1.1,1.1
"<a href=""https://tiktok.com/@djgds45"" target=""_blank"">@djgds45</a>",41,3,32,1,6,54,0,1755.333,64.667,1,2.333
"<a href=""https://tiktok.com/@dong.dong512"" target=""_blank"">@dong.dong512</a>",31,20,43.823,0.981,2,47,0,3428.25,51.7,0.9,4.7
"<a href=""https://tiktok.com/@drgkuri0"" target=""_blank"">@drgkuri0</a>",62,6,101.75,0.75,1,8,0,6.5,1.167,0.167,0
"<a href=""https://tiktok.com/@driver_king0"" target=""_blank"">@driver_king0</a>",61,10,92.25,0.909,1,32,0,990.944,125.722,6.889,4.389
"<a href=""https://tiktok.com/@dvvl75"" target=""_blank"">@dvvl75</a>",37,6,84.643,0.967,6,62,0,563.167,17,0.333,0.167
"<a href=""https://tiktok.com/@esperanza.welch"" target=""_blank"">@esperanza.welch</a>",5,6,50.812,0.969,4,31,0,1152.667,25.667,0.333,0.333
"<a href=""https://tiktok.com/@eudbiks09"" target=""_blank"">@eudbiks09</a>",50,4,55.143,0.8,1,7,0,2330.25,145.25,2.75,3.5
"<a href=""https://tiktok.com/@ev4ar9lx53"" target=""_blank"">@ev4ar9lx53</a>",9,7,60.118,0.9,1,17,0,1524.727,38,0.909,0.636
"<a href=""https://tiktok.com/@eyidk5"" target=""_blank"">@eyidk5</a>",11,4,50.417,1,3,24,0,1588.75,116,1.25,0.75
"<a href=""https://tiktok.com/@f.bj346"" target=""_blank"">@f.bj346</a>",79,5,55.071,0.9,2,14,0,4522.2,60.8,0.6,0.6
"<a href=""https://tiktok.com/@f.hd.ss"" target=""_blank"">@f.hd.ss</a>",41,5,42.511,0.948,6,65,0,1230,57.6,1,1.6
"<a href=""https://tiktok.com/@fbde56"" target=""_blank"">@fbde56</a>",26,8,50.091,0.778,1,11,0,3830.889,109.778,1,2.111
"<a href=""https://tiktok.com/@fdfhj821"" target=""_blank"">@fdfhj821</a>",44,4,45.75,1,1,8,0,264.5,11,0.25,0
"<a href=""https://tiktok.com/@fdfhj915"" target=""_blank"">@fdfhj915</a>",24,9,55.916,0.968,7,92,0,4810.444,113.333,0.778,0.222
"<a href=""https://tiktok.com/@ffbs18"" target=""_blank"">@ffbs18</a>",67,6,30,0.8,1,9,0,74510.5,1390,6.333,61.5
"<a href=""https://tiktok.com/@fgcc379"" target=""_blank"">@fgcc379</a>",31,8,51.183,0.944,3,28,0.001,1291.444,77.667,2.111,0.222
"<a href=""https://tiktok.com/@fghj3095"" target=""_blank"">@fghj3095</a>",28,8,45.373,0.967,5,46,0,1003.875,68.5,1.875,0.125
"<a href=""https://tiktok.com/@fgvv752"" target=""_blank"">@fgvv752</a>",28,10,67.188,0.911,7,56,0.001,2111.2,43.2,0.4,1.6
"<a href=""https://tiktok.com/@fhgse42"" target=""_blank"">@fhgse42</a>",28,10,41.51,0.976,7,68,0,297.4,10.2,0.3,0
"<a href=""https://tiktok.com/@fhgxfty1"" target=""_blank"">@fhgxfty1</a>",76,3,37.444,0.98,10,90,0,4001.667,47.667,0,1.667
"<a href=""https://tiktok.com/@fhjkllf"" target=""_blank"">@fhjkllf</a>",4,7,60.786,0.889,1,14,0,395.875,25.125,0.375,0.5
"<a href=""https://tiktok.com/@fhkundshunk"" target=""_blank"">@fhkundshunk</a>",6,9,57.226,0.772,3,33,0,1376.889,92,1.222,1.111
"<a href=""https://tiktok.com/@fishsmailnn"" target=""_blank"">@fishsmailnn</a>",82,3,58.598,1,2,15,0,5664,52.333,4,0.333
"<a href=""https://tiktok.com/@fj.gk92"" target=""_blank"">@fj.gk92</a>",79,6,73.308,0.833,1,13,0,131942.667,1912,8.167,30.5
"<a href=""https://tiktok.com/@fj.vi54"" target=""_blank"">@fj.vi54</a>",66,4,64.139,0.817,2,21,0,14330.25,124.5,0.75,2
"<a href=""https://tiktok.com/@fjgw35"" target=""_blank"">@fjgw35</a>",27,4,99.5,1,1,8,0,428.25,31.75,0.25,3.5
"<a href=""https://tiktok.com/@fkshusjxb"" target=""_blank"">@fkshusjxb</a>",83,4,52.857,1,1,7,0,633.25,51.25,0.25,2.25
"<a href=""https://tiktok.com/@flsijemeoueb"" target=""_blank"">@flsijemeoueb</a>",79,4,66.429,0.8,2,14,0,19218.25,206.25,2.5,35.75
"<a href=""https://tiktok.com/@flsosi5"" target=""_blank"">@flsosi5</a>",12,5,40.725,0.952,3,28,0,3902.6,220.6,4.4,0.8
"<a href=""https://tiktok.com/@frtrd2"" target=""_blank"">@frtrd2</a>",76,6,38.85,0.94,10,117,0,4785.667,59.5,0.333,1.667
"<a href=""https://tiktok.com/@fuojgh"" target=""_blank"">@fuojgh</a>",13,4,30.25,1,1,8,0,0,0,1.333,0
"<a href=""https://tiktok.com/@gdchio3"" target=""_blank"">@gdchio3</a>",24,6,50.932,0.794,4,50,0,6316.889,57,2.444,0.778
"<a href=""https://tiktok.com/@gdd4573"" target=""_blank"">@gdd4573</a>",27,6,63.3,0.833,1,10,0,925.833,92,0.5,9.5
"<a href=""https://tiktok.com/@gdfhjk04"" target=""_blank"">@gdfhjk04</a>",43,4,47.5,1,1,8,0,2093,46.75,0.25,0.25
"<a href=""https://tiktok.com/@gdsghj31"" target=""_blank"">@gdsghj31</a>",25,5,63.25,1,1,8,0,135.2,0.2,0,0
"<a href=""https://tiktok.com/@gdsgjk54"" target=""_blank"">@gdsgjk54</a>",41,3,63.155,0.95,4,34,0,356,26.333,2.333,0.667
"<a href=""https://tiktok.com/@geujcc"" target=""_blank"">@geujcc</a>",2,7,54.527,0.917,2,15,0,2117.714,69,1,0.143
"<a href=""https://tiktok.com/@gfgh1601"" target=""_blank"">@gfgh1601</a>",29,6,53,0.875,1,15,0,4356,85.143,2.143,1.286
"<a href=""https://tiktok.com/@ggdcxg1"" target=""_blank"">@ggdcxg1</a>",2,5,51.062,1,2,16,0,2770.2,61.8,1.4,0
"<a href=""https://tiktok.com/@gghjk834"" target=""_blank"">@gghjk834</a>",56,3,88.857,1,1,7,0,18631,847,2,3
"<a href=""https://tiktok.com/@ggm48nfek5"" target=""_blank"">@ggm48nfek5</a>",52,3,50.714,1,1,7,0,2698.667,100.667,0,0.333
"<a href=""https://tiktok.com/@ghg35937"" target=""_blank"">@ghg35937</a>",37,3,73.611,1,4,36,0,256,1.333,0,0
"<a href=""https://tiktok.com/@ghh566772"" target=""_blank"">@ghh566772</a>",21,6,76.667,1,1,9,0,208,6.833,0,0.167
"<a href=""https://tiktok.com/@ghsrge"" target=""_blank"">@ghsrge</a>",41,6,40.15,0.938,8,81,0,322.5,8.333,0,0.333
"<a href=""https://tiktok.com/@giap.thuy8"" target=""_blank"">@giap.thuy8</a>",31,19,50.023,0.897,2,47,0,5536.684,79.947,1.579,7.263
"<a href=""https://tiktok.com/@gjgse6"" target=""_blank"">@gjgse6</a>",42,4,60.25,1,1,8,0,1684,58.75,4.25,1.5
"<a href=""https://tiktok.com/@gjkshdjjs"" target=""_blank"">@gjkshdjjs</a>",55,3,88.143,1,1,7,0,2972,68,0.333,0
"<a href=""https://tiktok.com/@gkalfka"" target=""_blank"">@gkalfka</a>",56,3,88.857,1,1,7,0,1910.333,66,0.333,0.333
"<a href=""https://tiktok.com/@gmbdw7"" target=""_blank"">@gmbdw7</a>",40,4,53.083,1,3,24,0,1763.5,50.5,0.5,0.25
"<a href=""https://tiktok.com/@grdgh91"" target=""_blank"">@grdgh91</a>",41,6,63.211,0.838,9,96,0,2024.833,19.833,0,1.833
"<a href=""https://tiktok.com/@gregorio.dsfsd.wi"" target=""_blank"">@gregorio.dsfsd.wi</a>",68,6,54.833,1,1,12,0,12666.667,222.667,1.5,3.333
"<a href=""https://tiktok.com/@grfduj"" target=""_blank"">@grfduj</a>",28,10,58.147,0.939,8,86,0,6250.8,185.6,0.1,4
"<a href=""https://tiktok.com/@grsdhj91"" target=""_blank"">@grsdhj91</a>",42,3,63.81,0.8,3,21,0,744.333,33.333,0.667,3
"<a href=""https://tiktok.com/@gsxgh2"" target=""_blank"">@gsxgh2</a>",24,9,66.099,0.919,5,88,0,3727.556,91.778,0.667,0.667
"<a href=""https://tiktok.com/@gtcjyk"" target=""_blank"">@gtcjyk</a>",24,9,54.042,0.861,4,67,0,5002.111,27.667,0.111,0.889
"<a href=""https://tiktok.com/@guili.kamil"" target=""_blank"">@guili.kamil</a>",75,9,53.706,1,1,17,0,859.9,13.1,0.1,0.2
"<a href=""https://tiktok.com/@h4188164"" target=""_blank"">@h4188164</a>",23,3,70.164,0.933,3,25,0,1588.333,83.667,0,6.667
"<a href=""https://tiktok.com/@h5005670"" target=""_blank"">@h5005670</a>",28,6,43.75,1,1,8,0,172,3.875,0,0.125
"<a href=""https://tiktok.com/@h5408328"" target=""_blank"">@h5408328</a>",23,3,49.259,0.933,3,27,0,427.333,16.667,0,0
"<a href=""https://tiktok.com/@haeuserlegato"" target=""_blank"">@haeuserlegato</a>",66,6,59.429,0.775,2,14,0,445.667,10.833,0,0.167
"<a href=""https://tiktok.com/@hcuccu156"" target=""_blank"">@hcuccu156</a>",28,4,58.571,1,1,7,0,510.25,29.75,3.25,1
"<a href=""https://tiktok.com/@hdadglyd7th"" target=""_blank"">@hdadglyd7th</a>",18,7,62.056,0.762,2,22,0,8980.882,522,7.412,6.118
"<a href=""https://tiktok.com/@hddgh2868"" target=""_blank"">@hddgh2868</a>",41,6,57.369,0.806,3,31,0,2045.167,76,0.167,0.167
"<a href=""https://tiktok.com/@hddgk68"" target=""_blank"">@hddgk68</a>",42,5,64.651,0.886,3,27,0,1514.2,74.4,5,6
"<a href=""https://tiktok.com/@hdfhjj803"" target=""_blank"">@hdfhjj803</a>",40,4,42.35,1,5,40,0,226,4,0,0
"<a href=""https://tiktok.com/@hdhdsgg.bdhdhdg"" target=""_blank"">@hdhdsgg.bdhdhdg</a>",76,3,42.444,0.9,10,90,0,883863.333,6215,73.667,351.333
"<a href=""https://tiktok.com/@heybabyg0"" target=""_blank"">@heybabyg0</a>",63,12,86.227,0.85,2,62,0,204.25,30.25,1.583,0.083
"<a href=""https://tiktok.com/@hfcjk470"" target=""_blank"">@hfcjk470</a>",25,8,56.5,1,1,8,0,490.875,33.875,0,0.625
"<a href=""https://tiktok.com/@hfsfjj"" target=""_blank"">@hfsfjj</a>",45,6,50.9,0.833,1,10,0,315.833,25,1.167,1.167
"<a href=""https://tiktok.com/@hhff21762"" target=""_blank"">@hhff21762</a>",38,3,94.667,1,1,9,0,22100.667,566,2,7
"<a href=""https://tiktok.com/@hhg77675"" target=""_blank"">@hhg77675</a>",23,3,48.667,1,3,27,0,9904,220.333,1.333,17.667
"<a href=""https://tiktok.com/@hhhbh1244"" target=""_blank"">@hhhbh1244</a>",37,6,55.722,0.958,3,36,0,3564.333,110.833,1.833,8.167
"<a href=""https://tiktok.com/@hhjjhhyykk"" target=""_blank"">@hhjjhhyykk</a>",47,7,32.286,1,1,7,0,36401.333,931.222,11.444,48.333
"<a href=""https://tiktok.com/@hhzddyy"" target=""_blank"">@hhzddyy</a>",47,7,32.286,1,1,7,0,1072.875,85.625,3.25,1.5
"<a href=""https://tiktok.com/@hjkm247"" target=""_blank"">@hjkm247</a>",37,3,55.711,1,5,45,0,90,0,0,0
"<a href=""https://tiktok.com/@hkjgg28"" target=""_blank"">@hkjgg28</a>",37,6,36.327,0.971,5,61,0,3026.333,16,0.333,0.167
"<a href=""https://tiktok.com/@hottgg5"" target=""_blank"">@hottgg5</a>",21,6,70.167,1,4,36,0,6433.833,105.667,4.167,3.5
"<a href=""https://tiktok.com/@housn103"" target=""_blank"">@housn103</a>",3,4,80.857,0.833,1,7,0,7068.833,92.333,3.167,1.167
"<a href=""https://tiktok.com/@hrcjhg1"" target=""_blank"">@hrcjhg1</a>",42,5,71.423,0.829,2,19,0,791.8,79.2,0.4,0.8
"<a href=""https://tiktok.com/@hrdgj17"" target=""_blank"">@hrdgj17</a>",24,6,37.622,0.944,3,33,0,3092.556,93.444,0.111,0.333
"<a href=""https://tiktok.com/@htcvhh5"" target=""_blank"">@htcvhh5</a>",41,6,62.667,0.95,4,36,0,4721.833,229.333,2.667,13.833
"<a href=""https://tiktok.com/@huaza756"" target=""_blank"">@huaza756</a>",4,8,60.786,0.889,1,14,0,683.75,49.25,1.625,1
"<a href=""https://tiktok.com/@hulili45"" target=""_blank"">@hulili45</a>",44,8,45.062,0.917,2,16,0,437.125,25.875,0,0
"<a href=""https://tiktok.com/@huutrangvu5"" target=""_blank"">@huutrangvu5</a>",46,7,63.973,0.829,2,15,0,488.25,9.25,0.375,0.125
"<a href=""https://tiktok.com/@hux.telecky"" target=""_blank"">@hux.telecky</a>",71,3,50.286,1,2,14,0,412.667,25,0.333,0.667
"<a href=""https://tiktok.com/@hydu454"" target=""_blank"">@hydu454</a>",28,10,53.28,0.921,18,160,0.002,793.2,20.3,0.2,0.9
"<a href=""https://tiktok.com/@ihihgi1"" target=""_blank"">@ihihgi1</a>",1,4,57.429,1,1,7,0,1690.5,53.25,0.25,0.25
"<a href=""https://tiktok.com/@isgsjdj0"" target=""_blank"">@isgsjdj0</a>",11,6,54.722,1,3,31,0,132913.5,9855.833,88.833,166.833
"<a href=""https://tiktok.com/@iudxffjj"" target=""_blank"">@iudxffjj</a>",16,4,90.286,0.833,1,7,0,1254.5,87.5,0.25,1
"<a href=""https://tiktok.com/@j8598966"" target=""_blank"">@j8598966</a>",39,3,62,1,1,9,0,124.667,2.333,0,0
"<a href=""https://tiktok.com/@jantzen.lamphier"" target=""_blank"">@jantzen.lamphier</a>",31,9,58.5,1,2,15,0,1849.778,39.222,0.222,0.333
"<a href=""https://tiktok.com/@jeyune1"" target=""_blank"">@jeyune1</a>",28,10,54.282,0.976,9,104,0,3828.5,83.1,1.4,3.1
"<a href=""https://tiktok.com/@jjh16446"" target=""_blank"">@jjh16446</a>",37,6,47.605,0.789,4,53,0,2308.333,21.5,0,0
"<a href=""https://tiktok.com/@jjhgf658"" target=""_blank"">@jjhgf658</a>",37,3,72.111,1,4,36,0,370,6.333,0,0
"<a href=""https://tiktok.com/@jkhfj05"" target=""_blank"">@jkhfj05</a>",37,6,55.078,0.975,5,54,0,12080.167,219.167,9.167,70.667
"<a href=""https://tiktok.com/@jshdbd266"" target=""_blank"">@jshdbd266</a>",58,3,30.444,1,1,9,0,0.333,0,0,0
"<a href=""https://tiktok.com/@jsiso93"" target=""_blank"">@jsiso93</a>",11,6,59.111,1,3,31,0,1676.667,98.667,1.167,0.167
"<a href=""https://tiktok.com/@juddcgh"" target=""_blank"">@juddcgh</a>",40,4,65.5,1,1,8,0,3657.5,45,0,0.5
"<a href=""https://tiktok.com/@juggy7307"" target=""_blank"">@juggy7307</a>",37,6,31.914,0.967,5,65,0,10127.667,222.833,2.333,2
"<a href=""https://tiktok.com/@juyukio89"" target=""_blank"">@juyukio89</a>",30,6,32.75,0.833,1,8,0,1610.875,72.75,1.5,2.375
"<a href=""https://tiktok.com/@jyghgh6"" target=""_blank"">@jyghgh6</a>",29,6,53,0.875,1,15,0,617,42.667,0.333,1
"<a href=""https://tiktok.com/@kdssll"" target=""_blank"">@kdssll</a>",80,3,42.375,1,1,8,0,15396.667,207,1.333,6.333
"<a href=""https://tiktok.com/@kenton.herman2"" target=""_blank"">@kenton.herman2</a>",5,6,55.821,1,2,15,0,1348.5,19.167,0,0.167
"<a href=""https://tiktok.com/@king_queengg0"" target=""_blank"">@king_queengg0</a>",60,9,106.818,0.857,1,11,0,249.071,26.214,2.5,1.357
"<a href=""https://tiktok.com/@kiumerum"" target=""_blank"">@kiumerum</a>",28,10,50.14,0.933,4,42,0,701.4,39.7,0.2,0.2
"<a href=""https://tiktok.com/@kleber.capuano"" target=""_blank"">@kleber.capuano</a>",31,9,50.286,0.927,4,32,0,1600.222,49.556,2.778,1
"<a href=""https://tiktok.com/@kmlisarkar_1"" target=""_blank"">@kmlisarkar_1</a>",64,12,90.663,0.95,2,37,0,279.333,26.083,1.917,0.75
"<a href=""https://tiktok.com/@knl39aprh6"" target=""_blank"">@knl39aprh6</a>",72,32,29.469,1,1,32,0,676.306,1.472,0.056,0.25
"<a href=""https://tiktok.com/@kungyhunksd"" target=""_blank"">@kungyhunksd</a>",6,15,68.228,0.583,3,44,0,824.467,24.867,0.8,1.867
"<a href=""https://tiktok.com/@kygrsg"" target=""_blank"">@kygrsg</a>",41,5,75.714,0.75,1,7,0,3170.6,97.2,1.4,7.8
"<a href=""https://tiktok.com/@kyskyd3"" target=""_blank"">@kyskyd3</a>",40,4,51.471,1,5,39,0,621.75,41,0.75,0.25
"<a href=""https://tiktok.com/@l6iepmltj3"" target=""_blank"">@l6iepmltj3</a>",51,3,37.037,1,3,27,0,671.667,47,0,0
"<a href=""https://tiktok.com/@latest.news846"" target=""_blank"">@latest.news846</a>",57,10,24.179,1,1,28,0,542.3,41.7,5.1,2.7
"<a href=""https://tiktok.com/@levi.labbe"" target=""_blank"">@levi.labbe</a>",76,6,33.389,0.933,10,117,0,126868.333,529.333,7.667,234.167
"<a href=""https://tiktok.com/@lin689668987"" target=""_blank"">@lin689668987</a>",6,8,61.863,0.783,2,33,0,1000.125,73.875,4,1.625
"<a href=""https://tiktok.com/@lkkju8"" target=""_blank"">@lkkju8</a>",21,4,44.056,1,2,18,0,378.167,23.5,0,1.333
"<a href=""https://tiktok.com/@llllllaaaaaa117"" target=""_blank"">@llllllaaaaaa117</a>",82,3,58.73,0.9,2,16,0,5515.333,80,0.333,2.667
"<a href=""https://tiktok.com/@lolijhkq56"" target=""_blank"">@lolijhkq56</a>",51,3,35.63,1,3,27,0,338,22.333,0.333,0
"<a href=""https://tiktok.com/@lutft5"" target=""_blank"">@lutft5</a>",23,3,66.46,1,3,25,0,138.667,0.667,0,0
"<a href=""https://tiktok.com/@maoshu1234"" target=""_blank"">@maoshu1234</a>",55,3,88.143,1,1,7,0,1965.333,64,1,0.333
"<a href=""https://tiktok.com/@masoudpuller"" target=""_blank"">@masoudpuller</a>",31,9,54.877,0.942,5,43,0.001,8477.778,77.778,2,0.556
"<a href=""https://tiktok.com/@mbbakmli_0"" target=""_blank"">@mbbakmli_0</a>",61,14,97.334,1,2,47,0,277.222,30.5,2.111,4.167
"<a href=""https://tiktok.com/@md.rohansh"" target=""_blank"">@md.rohansh</a>",76,3,30.556,0.9,10,90,0,235254,1919.667,14.333,47.667
"<a href=""https://tiktok.com/@mgallsharring"" target=""_blank"">@mgallsharring</a>",72,32,29.469,1,1,32,0,801.088,2.147,0.088,0.059
"<a href=""https://tiktok.com/@mingshushufa"" target=""_blank"">@mingshushufa</a>",74,3,66.594,0.9,4,30,0,1013.667,16.333,0.333,0
"<a href=""https://tiktok.com/@mkgbsmkpjr1"" target=""_blank"">@mkgbsmkpjr1</a>",69,6,47.25,0.8,1,8,0,5391.333,67.5,0.667,1
"<a href=""https://tiktok.com/@n000649"" target=""_blank"">@n000649</a>",37,6,45.389,0.963,9,84,0.001,1064.167,20.833,0.833,0.333
"<a href=""https://tiktok.com/@nawab_deriver0"" target=""_blank"">@nawab_deriver0</a>",64,10,92.214,0.9,1,28,0,44.917,6.833,0.583,0
"<a href=""https://tiktok.com/@news.center2"" target=""_blank"">@news.center2</a>",57,10,24.179,1,1,28,0,562.6,23.3,3.8,0.9
"<a href=""https://tiktok.com/@nga.do147"" target=""_blank"">@nga.do147</a>",67,6,30,0.8,1,9,0,29981.167,432.5,1,7.833
"<a href=""https://tiktok.com/@njsn13"" target=""_blank"">@njsn13</a>",70,3,51.604,1,2,17,0,2597,45.333,0,0
"<a href=""https://tiktok.com/@oaisg2"" target=""_blank"">@oaisg2</a>",12,6,41.774,1,3,31,0,4860.667,164,1.833,3
"<a href=""https://tiktok.com/@odt614"" target=""_blank"">@odt614</a>",28,9,63.419,0.881,4,38,0,2457,117.667,1.222,2.667
"<a href=""https://tiktok.com/@olivia.ava.davis"" target=""_blank"">@olivia.ava.davis</a>",69,6,61.25,0.733,2,16,0,697.667,25.833,0.333,0.167
"<a href=""https://tiktok.com/@onealeechter"" target=""_blank"">@onealeechter</a>",71,3,45.429,1,1,7,0,296.333,17.667,0,0
"<a href=""https://tiktok.com/@ovdty"" target=""_blank"">@ovdty</a>",58,3,30.444,1,1,9,0,40370.667,1983.333,5,24.667
"<a href=""https://tiktok.com/@owuhwh"" target=""_blank"">@owuhwh</a>",10,6,56.833,1,1,12,0,14559.333,798.5,5.667,6.333
"<a href=""https://tiktok.com/@owwnbs"" target=""_blank"">@owwnbs</a>",13,5,30.25,1,1,8,0,0,0,1.4,0
"<a href=""https://tiktok.com/@partman.philo"" target=""_blank"">@partman.philo</a>",82,3,58.757,0.9,2,17,0,10396.333,232.333,1.333,8.333
"<a href=""https://tiktok.com/@patrina.sanford"" target=""_blank"">@patrina.sanford</a>",5,4,45.571,1,2,14,0,3513.5,47.75,1.75,1.25
"<a href=""https://tiktok.com/@pcgo.bgkc"" target=""_blank"">@pcgo.bgkc</a>",8,4,16.857,0.833,1,7,0,536.75,43.25,0.25,0.5
"<a href=""https://tiktok.com/@ptajgjnlmidyea"" target=""_blank"">@ptajgjnlmidyea</a>",53,8,45.167,0.909,1,12,0,1268.556,58.222,0.333,1.778
"<a href=""https://tiktok.com/@qkirkqakv1"" target=""_blank"">@qkirkqakv1</a>",52,3,50.714,1,1,7,0,2569.667,70,1,0
"<a href=""https://tiktok.com/@qllsks0"" target=""_blank"">@qllsks0</a>",12,6,39.867,0.911,3,32,0,1623.333,109,1.167,0.167
"<a href=""https://tiktok.com/@qweasd12099"" target=""_blank"">@qweasd12099</a>",74,3,64.743,0.8,5,37,0,440.333,11.667,0.333,0
"<a href=""https://tiktok.com/@qweqweasd345"" target=""_blank"">@qweqweasd345</a>",73,3,69.667,1,1,9,0,882.667,7.333,0,0.667
"<a href=""https://tiktok.com/@qwer35064"" target=""_blank"">@qwer35064</a>",31,9,46.311,0.958,3,28,0,3443,36,0.667,0.333
"<a href=""https://tiktok.com/@r.f.f.f..e"" target=""_blank"">@r.f.f.f..e</a>",28,10,60.36,0.877,8,70,0.001,3040.8,192.8,1.1,5.3
"<a href=""https://tiktok.com/@rbved5"" target=""_blank"">@rbved5</a>",81,4,56.75,1,1,8,0,83504,1425.75,7,137.25
"<a href=""https://tiktok.com/@reimer.bobst"" target=""_blank"">@reimer.bobst</a>",31,8,56.96,0.908,7,64,0,5207.333,67.778,1,1.667
"<a href=""https://tiktok.com/@rinku.sen73"" target=""_blank"">@rinku.sen73</a>",8,5,16.857,0.833,1,7,0,1661.4,54,1.2,0.2
"<a href=""https://tiktok.com/@rowena.felix4"" target=""_blank"">@rowena.felix4</a>",74,3,57.495,0.9,8,64,0,605.333,8.333,0,0
"<a href=""https://tiktok.com/@roxy.perez615"" target=""_blank"">@roxy.perez615</a>",66,3,66.143,1,1,7,0,80951.333,1088.667,7,19.667
"<a href=""https://tiktok.com/@rtikb3"" target=""_blank"">@rtikb3</a>",10,6,56.833,1,1,12,0,31454.833,1388,11.167,4.667
"<a href=""https://tiktok.com/@rtyug568"" target=""_blank"">@rtyug568</a>",30,4,32.75,0.833,1,8,0,4223.25,146.5,3.25,11
"<a href=""https://tiktok.com/@ruahhs3"" target=""_blank"">@ruahhs3</a>",40,4,57.417,1,6,48,0,452.5,27,1.75,0.75
"<a href=""https://tiktok.com/@ruben.rapah8"" target=""_blank"">@ruben.rapah8</a>",76,3,34.244,0.88,10,90,0,1624.333,19.333,0,0
"<a href=""https://tiktok.com/@rubenfeld.foulk"" target=""_blank"">@rubenfeld.foulk</a>",31,9,55.611,0.893,3,33,0,90.444,2.889,0.222,0.111
"<a href=""https://tiktok.com/@ryllskaya.reddit"" target=""_blank"">@ryllskaya.reddit</a>",83,6,51.345,1,2,19,0,265.167,40.667,1.167,0
"<a href=""https://tiktok.com/@s0050510"" target=""_blank"">@s0050510</a>",21,3,42.333,1,1,9,0,1546.167,20.167,0.167,1
"<a href=""https://tiktok.com/@safiyyah.iftikar"" target=""_blank"">@safiyyah.iftikar</a>",15,6,85.143,1,1,7,0,1102.818,51.909,3.636,13.909
"<a href=""https://tiktok.com/@salah.hakem.sayeg"" target=""_blank"">@salah.hakem.sayeg</a>",14,4,39.875,0.833,1,8,0,776.615,26.154,1.538,7.462
"<a href=""https://tiktok.com/@scafhwufeao47"" target=""_blank"">@scafhwufeao47</a>",31,7,61.667,1,1,9,0,5141.429,179.143,1.571,0.571
"<a href=""https://tiktok.com/@segji2"" target=""_blank"">@segji2</a>",11,6,49.917,1,3,32,0,1209.667,85.333,0.833,0.667
"<a href=""https://tiktok.com/@sggee05"" target=""_blank"">@sggee05</a>",28,10,58.059,0.892,8,87,0,3294,79.6,2.1,4
"<a href=""https://tiktok.com/@sgrhc5"" target=""_blank"">@sgrhc5</a>",66,3,67,0.8,1,7,0,216321.333,2737,8.667,39
"<a href=""https://tiktok.com/@shabnam_baby0"" target=""_blank"">@shabnam_baby0</a>",60,10,106.818,0.857,1,11,0,390.467,29.867,5.333,1.6
"<a href=""https://tiktok.com/@sharla.loni"" target=""_blank"">@sharla.loni</a>",74,3,52.289,0.933,6,45,0,24505,184,1,5.667
"<a href=""https://tiktok.com/@shfsfg7"" target=""_blank"">@shfsfg7</a>",41,3,30.5,1,6,54,0,349.667,11,0.333,0
"<a href=""https://tiktok.com/@sjyzm173"" target=""_blank"">@sjyzm173</a>",31,9,60.735,1,4,37,0,5942.222,104.444,0.333,0.667
"<a href=""https://tiktok.com/@sjyzm209"" target=""_blank"">@sjyzm209</a>",31,9,43.062,1,2,20,0,2960.556,99,2.889,3
"<a href=""https://tiktok.com/@sjyzm286"" target=""_blank"">@sjyzm286</a>",31,9,50.607,1,3,23,0.001,1308.667,78.222,1.111,0.222
"<a href=""https://tiktok.com/@skkskekdddfgfffff"" target=""_blank"">@skkskekdddfgfffff</a>",53,9,45.167,0.909,1,12,0,1745.4,89.3,1.4,0.5
"<a href=""https://tiktok.com/@stemmermanthobbs"" target=""_blank"">@stemmermanthobbs</a>",31,9,52.091,0.894,2,24,0,843.222,62.667,0.556,0.222
"<a href=""https://tiktok.com/@swift.deari"" target=""_blank"">@swift.deari</a>",76,6,38.183,0.94,10,117,0,9405.667,59.167,1,1.667
"<a href=""https://tiktok.com/@t.fg41"" target=""_blank"">@t.fg41</a>",80,5,42.375,1,1,8,0,4145.6,56.6,0.6,1.8
"<a href=""https://tiktok.com/@taachh6"" target=""_blank"">@taachh6</a>",24,9,58.38,0.889,3,45,0,3382.111,106.111,1.667,2.111
"<a href=""https://tiktok.com/@tadang638"" target=""_blank"">@tadang638</a>",66,3,62.643,0.875,2,14,0,184954.333,2061.667,5.333,36
"<a href=""https://tiktok.com/@tarkibaby0"" target=""_blank"">@tarkibaby0</a>",59,6,110.273,1,1,11,0,542.222,91.333,3.889,3.333
"<a href=""https://tiktok.com/@tbfiq"" target=""_blank"">@tbfiq</a>",81,4,56.75,1,1,8,0,16512,230.5,1.25,4.5
"<a href=""https://tiktok.com/@tdggdg89"" target=""_blank"">@tdggdg89</a>",41,3,33.556,1,6,54,0,4514.333,97,0,4.667
"<a href=""https://tiktok.com/@tedgh94"" target=""_blank"">@tedgh94</a>",24,9,50.45,0.893,5,75,0,3903.333,35.222,0.111,0.222
"<a href=""https://tiktok.com/@tf.df07"" target=""_blank"">@tf.df07</a>",78,3,53.556,0.5,1,9,0,90657.5,1607.5,4.75,38
"<a href=""https://tiktok.com/@thanglinh56"" target=""_blank"">@thanglinh56</a>",31,9,55.379,0.979,6,57,0,4934.333,78.889,0.778,0.111
"<a href=""https://tiktok.com/@thanh.son.ngo74"" target=""_blank"">@thanh.son.ngo74</a>",46,5,90.5,0.8,2,14,0,232.8,7.4,0.2,0.6
"<a href=""https://tiktok.com/@thanh.tuan.ly6"" target=""_blank"">@thanh.tuan.ly6</a>",46,7,24.045,0.929,2,15,0,105.667,0.333,0.111,0.222
"<a href=""https://tiktok.com/@ti52954"" target=""_blank"">@ti52954</a>",28,8,47.875,0.804,4,32,0,1430.25,82.125,0.25,0.625
"<a href=""https://tiktok.com/@tidt55"" target=""_blank"">@tidt55</a>",28,7,55.908,0.95,4,33,0,850.571,88.429,0,1.429
"<a href=""https://tiktok.com/@tigde25"" target=""_blank"">@tigde25</a>",24,9,59.151,0.89,9,116,0.001,5179.111,97.111,0.667,0.667
"<a href=""https://tiktok.com/@tjgew5"" target=""_blank"">@tjgew5</a>",44,6,44.375,0.833,1,8,0,517.222,25.444,0.111,0.333
"<a href=""https://tiktok.com/@to24123"" target=""_blank"">@to24123</a>",28,10,64.835,0.931,9,86,0,2594.7,57.2,0,2.6
"<a href=""https://tiktok.com/@toan.truong341"" target=""_blank"">@toan.truong341</a>",66,6,64.688,0.844,2,23,0,100107.333,956.5,5.5,17
"<a href=""https://tiktok.com/@tsdgg5"" target=""_blank"">@tsdgg5</a>",24,9,68.12,0.935,5,71,0,1818,37.444,0.889,1.333
"<a href=""https://tiktok.com/@tsdhj1"" target=""_blank"">@tsdhj1</a>",24,9,57.653,0.944,7,108,0,4188.778,63.667,0.889,0.444
"<a href=""https://tiktok.com/@tsusig7"" target=""_blank"">@tsusig7</a>",28,9,58.546,0.94,10,84,0.001,3854.5,66.3,3.7,1.5
"<a href=""https://tiktok.com/@uffkmli_0"" target=""_blank"">@uffkmli_0</a>",61,8,99.2,1,1,15,0,48918.455,313.545,1.818,19.636
"<a href=""https://tiktok.com/@ufy468"" target=""_blank"">@ufy468</a>",28,10,63.289,0.861,11,105,0,6026.9,139.4,1.1,6.3
"<a href=""https://tiktok.com/@ukcpwi1hg1"" target=""_blank"">@ukcpwi1hg1</a>",51,3,35.259,1,3,27,0,2779.333,86.667,2,1
"<a href=""https://tiktok.com/@user1015548608240"" target=""_blank"">@user1015548608240</a>",22,3,23.963,1,3,27,0,137,0.667,0,0
"<a href=""https://tiktok.com/@user1039975619594"" target=""_blank"">@user1039975619594</a>",34,12,24.611,0.938,2,54,0,1697,135.25,1,0.333
"<a href=""https://tiktok.com/@user1286937261149"" target=""_blank"">@user1286937261149</a>",25,6,45.25,1,3,24,0,1982.333,89.833,0.5,0.167
"<a href=""https://tiktok.com/@user16909390140293"" target=""_blank"">@user16909390140293</a>",6,4,68.889,0.667,2,16,0,29543,590.75,8.75,1.75
"<a href=""https://tiktok.com/@user17672273421290"" target=""_blank"">@user17672273421290</a>",19,3,54.405,1,3,22,0,784,21.333,0,0
"<a href=""https://tiktok.com/@user1781066367752"" target=""_blank"">@user1781066367752</a>",35,12,18.682,0.974,2,69,0,1003,41.667,0.25,0.25
"<a href=""https://tiktok.com/@user181915878330"" target=""_blank"">@user181915878330</a>",19,4,53.869,0.901,6,46,0,73.25,1.25,0.25,0
"<a href=""https://tiktok.com/@user2065470469687"" target=""_blank"">@user2065470469687</a>",19,3,48.704,1,5,36,0,143.333,4.667,0,0
"<a href=""https://tiktok.com/@user2172525591693"" target=""_blank"">@user2172525591693</a>",19,3,59.762,0.833,3,21,0,185.333,13.333,0,0
"<a href=""https://tiktok.com/@user2340812271526"" target=""_blank"">@user2340812271526</a>",22,3,25.889,1,3,27,0,5228.667,78.333,5,0.333
"<a href=""https://tiktok.com/@user236033801995"" target=""_blank"">@user236033801995</a>",20,3,46.375,1,1,8,0,1039.333,25.333,0,0.333
"<a href=""https://tiktok.com/@user23950681839107"" target=""_blank"">@user23950681839107</a>",38,3,94.667,1,1,9,0,8565.333,283.667,4.667,7.333
"<a href=""https://tiktok.com/@user28115831310981"" target=""_blank"">@user28115831310981</a>",24,7,48.2,0.924,7,73,0,4813.444,54.333,1.667,0.556
"<a href=""https://tiktok.com/@user29819939669036"" target=""_blank"">@user29819939669036</a>",28,8,50.083,0.963,9,71,0.001,944.5,82.75,0.75,0.75
"<a href=""https://tiktok.com/@user3020461081926"" target=""_blank"">@user3020461081926</a>",19,5,47.775,0.956,7,56,0,4066.6,85.2,0.2,1.6
"<a href=""https://tiktok.com/@user33539405804153"" target=""_blank"">@user33539405804153</a>",28,6,56.85,1,5,40,0,449.875,18.25,0,0
"<a href=""https://tiktok.com/@user3444247516575"" target=""_blank"">@user3444247516575</a>",43,4,47.5,1,1,8,0,4513.25,204.5,1.5,8.25
"<a href=""https://tiktok.com/@user3465115221446"" target=""_blank"">@user3465115221446</a>",19,3,54.649,1,3,22,0,489.333,30.333,0,0
"<a href=""https://tiktok.com/@user3490570962798"" target=""_blank"">@user3490570962798</a>",22,3,24.481,1,3,27,0,3344,38.333,0.333,0
"<a href=""https://tiktok.com/@user3506154149172"" target=""_blank"">@user3506154149172</a>",19,7,51.055,0.939,11,83,0.001,2253,46.286,0.143,0
"<a href=""https://tiktok.com/@user35576610675405"" target=""_blank"">@user35576610675405</a>",32,8,35.107,0.909,2,31,0,6558.333,258,2,0.667
"<a href=""https://tiktok.com/@user3611823565236"" target=""_blank"">@user3611823565236</a>",32,9,31.615,1,2,26,0,2090.111,73.667,1,0.333
"<a href=""https://tiktok.com/@user3783720615101"" target=""_blank"">@user3783720615101</a>",19,3,51.375,1,6,43,0,120.667,3,0,0
"<a href=""https://tiktok.com/@user3884378113418"" target=""_blank"">@user3884378113418</a>",28,10,56.04,0.948,7,69,0,3151.1,111.5,0.2,1
"<a href=""https://tiktok.com/@user4102790732505"" target=""_blank"">@user4102790732505</a>",36,12,42,0.727,1,21,0,2346.083,92.917,1.833,0.25
"<a href=""https://tiktok.com/@user42177181860160"" target=""_blank"">@user42177181860160</a>",19,3,61,0.833,1,7,0,139.667,3,0,0
"<a href=""https://tiktok.com/@user4432179617125"" target=""_blank"">@user4432179617125</a>",40,4,79.554,1,2,15,0,346.25,13.5,0.75,1.75
"<a href=""https://tiktok.com/@user4453311195168"" target=""_blank"">@user4453311195168</a>",25,4,16,1,1,8,0,460.5,29.25,0.5,1.5
"<a href=""https://tiktok.com/@user4481949943395"" target=""_blank"">@user4481949943395</a>",32,9,36.953,0.909,2,31,0,2640.556,117.111,1,0.889
"<a href=""https://tiktok.com/@user4629438610936"" target=""_blank"">@user4629438610936</a>",54,3,67.333,1,1,9,0,7770,312.333,0.667,0.667
"<a href=""https://tiktok.com/@user49602523104"" target=""_blank"">@user49602523104</a>",35,11,19.545,0.974,2,66,0,1299.364,84.182,1.364,0.364
"<a href=""https://tiktok.com/@user5077907335726"" target=""_blank"">@user5077907335726</a>",19,4,48.143,0.833,1,7,0,949.25,7.75,0,0
"<a href=""https://tiktok.com/@user51298116999586"" target=""_blank"">@user51298116999586</a>",19,4,57.154,1,6,48,0,40.75,0.25,0,0
"<a href=""https://tiktok.com/@user54601969361666"" target=""_blank"">@user54601969361666</a>",33,11,35.344,0.944,3,70,0,3340.818,100.455,1.364,0.545
"<a href=""https://tiktok.com/@user55029855976770"" target=""_blank"">@user55029855976770</a>",34,10,26.47,0.854,2,52,0,2622.6,110.9,0.9,0.4
"<a href=""https://tiktok.com/@user5504332929509"" target=""_blank"">@user5504332929509</a>",28,6,36.5,1,1,8,0,866.125,54.5,0.875,2
"<a href=""https://tiktok.com/@user5513161827012"" target=""_blank"">@user5513161827012</a>",35,12,18.197,1,2,69,0,5767.333,165.167,0.75,0.667
"<a href=""https://tiktok.com/@user5803829426762"" target=""_blank"">@user5803829426762</a>",41,3,47.267,1,5,44,0,792,51.667,0,0
"<a href=""https://tiktok.com/@user5831942911597"" target=""_blank"">@user5831942911597</a>",28,10,65.642,0.897,3,26,0.001,4034,161.1,0.7,2.9
"<a href=""https://tiktok.com/@user6100349282272"" target=""_blank"">@user6100349282272</a>",28,9,82.625,0.833,1,8,0,2196.222,203,1.778,6.111
"<a href=""https://tiktok.com/@user6104382721606"" target=""_blank"">@user6104382721606</a>",40,4,47.125,1,4,32,0,34338.5,1471,55.5,29.5
"<a href=""https://tiktok.com/@user61165494628858"" target=""_blank"">@user61165494628858</a>",24,9,76.973,0.87,7,112,0,2254.222,38.667,1,1.667
"<a href=""https://tiktok.com/@user61265756769225"" target=""_blank"">@user61265756769225</a>",20,3,46.375,1,1,8,0,606.667,28,0,0
"<a href=""https://tiktok.com/@user612958049219"" target=""_blank"">@user612958049219</a>",26,7,50.091,0.778,1,11,0,1412.714,90.571,0.857,3.714
"<a href=""https://tiktok.com/@user6172460529160"" target=""_blank"">@user6172460529160</a>",33,7,44.032,0.939,3,50,0,31695.571,1543.857,9.286,9
"<a href=""https://tiktok.com/@user6362756977133"" target=""_blank"">@user6362756977133</a>",33,10,49.888,0.916,3,59,0,2396.5,85.6,0.4,0.1
"<a href=""https://tiktok.com/@user66946725172477"" target=""_blank"">@user66946725172477</a>",16,4,75.205,0.833,2,15,0,904,65.8,2,0.8
"<a href=""https://tiktok.com/@user68356911128363"" target=""_blank"">@user68356911128363</a>",34,11,24.474,0.917,2,50,0,14887.364,502.727,8.182,9.818
"<a href=""https://tiktok.com/@user7090707786060"" target=""_blank"">@user7090707786060</a>",22,3,25.741,1,3,27,0,3579,31.667,0,0
"<a href=""https://tiktok.com/@user7270761600097"" target=""_blank"">@user7270761600097</a>",28,10,63.564,0.941,15,129,0.001,2523.4,52.4,0,2
"<a href=""https://tiktok.com/@user7361235085378"" target=""_blank"">@user7361235085378</a>",33,11,39.779,0.972,3,71,0,1948.273,67.545,0.636,0.364
"<a href=""https://tiktok.com/@user7516190319240"" target=""_blank"">@user7516190319240</a>",83,6,49.833,1,1,12,0,1054.167,101,1.5,1
"<a href=""https://tiktok.com/@user8132730161840"" target=""_blank"">@user8132730161840</a>",37,3,28.333,1,1,9,0,8219,70.333,2.667,0.667
"<a href=""https://tiktok.com/@user8139270203315"" target=""_blank"">@user8139270203315</a>",24,9,40.383,0.827,5,51,0,4177.667,111.889,1.556,0.333
"<a href=""https://tiktok.com/@user85244619549900"" target=""_blank"">@user85244619549900</a>",36,9,42,0.727,1,21,0,2227.818,86.727,2.273,0.273
"<a href=""https://tiktok.com/@user8861938727309"" target=""_blank"">@user8861938727309</a>",54,3,67.333,1,1,9,0,4195.333,170.333,0,0
"<a href=""https://tiktok.com/@user9080413699661"" target=""_blank"">@user9080413699661</a>",40,4,54.958,1,6,48,0,1772.25,82,1,2.25
"<a href=""https://tiktok.com/@user9178698708273"" target=""_blank"">@user9178698708273</a>",28,10,60.983,0.925,5,45,0.001,2095.5,73.1,0.3,1.6
"<a href=""https://tiktok.com/@user918416806877"" target=""_blank"">@user918416806877</a>",28,10,59.318,0.959,7,70,0,1807.9,79.3,0.6,0.6
"<a href=""https://tiktok.com/@user92374833759676"" target=""_blank"">@user92374833759676</a>",16,5,60.125,0.833,1,8,0,1303.667,51.333,1.667,0.667
"<a href=""https://tiktok.com/@user9533337653940"" target=""_blank"">@user9533337653940</a>",74,3,55.222,0.85,4,36,0,667.333,5.333,0,0
"<a href=""https://tiktok.com/@user9574083996178"" target=""_blank"">@user9574083996178</a>",19,4,46.668,0.956,7,53,0,2059.333,51.667,0.167,0.833
"<a href=""https://tiktok.com/@user98193418061462"" target=""_blank"">@user98193418061462</a>",19,3,55.75,0.933,3,24,0,590.667,12,0,0
"<a href=""https://tiktok.com/@user997813697"" target=""_blank"">@user997813697</a>",15,3,85.143,1,1,7,0,60850.5,1663,28,635.333
"<a href=""https://tiktok.com/@username.1545465"" target=""_blank"">@username.1545465</a>",63,9,86.455,0.9,1,33,0,782.917,68.083,4.5,0.583
"<a href=""https://tiktok.com/@username0022660"" target=""_blank"">@username0022660</a>",17,12,46.167,1,1,24,0,6169.529,238.5,6.147,1.412
"<a href=""https://tiktok.com/@usernamer0103"" target=""_blank"">@usernamer0103</a>",18,7,56.111,0.667,1,9,0,14558.25,1117.875,43.062,122.375
"<a href=""https://tiktok.com/@usernamer0205"" target=""_blank"">@usernamer0205</a>",17,8,46.167,1,1,24,0,3507.64,223.72,11.4,3.8
"<a href=""https://tiktok.com/@van.mai.duong6"" target=""_blank"">@van.mai.duong6</a>",46,7,50.571,0.9,2,14,0,119.889,0.667,0,0
"<a href=""https://tiktok.com/@vazdf.gaxfg"" target=""_blank"">@vazdf.gaxfg</a>",74,3,57.062,0.8,2,15,0,7287.667,38.667,0.667,0.667
"<a href=""https://tiktok.com/@visu7354y2l"" target=""_blank"">@visu7354y2l</a>",50,8,55.143,0.8,1,7,0,12202.7,726.8,16.2,43.1
"<a href=""https://tiktok.com/@vjd6654"" target=""_blank"">@vjd6654</a>",45,5,50.9,0.833,1,10,0,908,75,4,3.6
"<a href=""https://tiktok.com/@vkggg80"" target=""_blank"">@vkggg80</a>",37,3,52.556,1,3,27,0,121.333,1.333,0,0
"<a href=""https://tiktok.com/@vvgfdfgv77"" target=""_blank"">@vvgfdfgv77</a>",66,6,66.018,0.852,3,42,0,24276.167,199.833,1.5,4.167
"<a href=""https://tiktok.com/@wdsshe"" target=""_blank"">@wdsshe</a>",27,10,81.4,0.917,2,18,0,2335.5,79.5,4.3,5.2
"<a href=""https://tiktok.com/@wen.ohara"" target=""_blank"">@wen.ohara</a>",5,6,53.143,1,3,21,0,2729.667,84.333,0,0.167
"<a href=""https://tiktok.com/@xchinaqueen0"" target=""_blank"">@xchinaqueen0</a>",63,6,91.857,0.667,1,14,0,16,1.667,0.667,0
"<a href=""https://tiktok.com/@xchinaqueen3"" target=""_blank"">@xchinaqueen3</a>",62,11,101.75,0.75,1,8,0,101.067,9.6,0.4,0.067
"<a href=""https://tiktok.com/@xchinaqueen4"" target=""_blank"">@xchinaqueen4</a>",64,7,89.111,1,1,9,0,1031.417,227.333,22.583,1.25
"<a href=""https://tiktok.com/@xchinaqueen5"" target=""_blank"">@xchinaqueen5</a>",59,9,107.936,0.833,2,21,0,222.889,37.111,2.111,0
"<a href=""https://tiktok.com/@xchinaqueen6"" target=""_blank"">@xchinaqueen6</a>",59,5,105.6,0.667,1,10,0,748.6,39.6,2,1.3
"<a href=""https://tiktok.com/@xcutejanab2"" target=""_blank"">@xcutejanab2</a>",65,8,107.444,0.667,1,9,0,1028.333,58.75,6,3.25
"<a href=""https://tiktok.com/@xdfgxdf47"" target=""_blank"">@xdfgxdf47</a>",76,6,31.806,0.92,10,117,0,11354.667,55,0.833,10.167
"<a href=""https://tiktok.com/@xx16682"" target=""_blank"">@xx16682</a>",3,6,80.857,0.833,1,7,0,916.833,51.333,1.333,1
"<a href=""https://tiktok.com/@xyy7997"" target=""_blank"">@xyy7997</a>",70,3,48.875,1,1,8,0,1995,52,0,0
"<a href=""https://tiktok.com/@yesfg42"" target=""_blank"">@yesfg42</a>",41,5,72.238,0.938,4,42,0,321.4,13.8,0,0.4
"<a href=""https://tiktok.com/@yfyd3444"" target=""_blank"">@yfyd3444</a>",28,10,60.943,0.939,7,73,0,9650,1706.3,234.6,575.2
"<a href=""https://tiktok.com/@yhdas"" target=""_blank"">@yhdas</a>",24,9,65.825,0.919,6,98,0,5457,76,1.667,0.222
"<a href=""https://tiktok.com/@ykre61"" target=""_blank"">@ykre61</a>",24,9,79.395,0.919,5,67,0,6396.222,130.222,1,1.111
"<a href=""https://tiktok.com/@zasfxdf8"" target=""_blank"">@zasfxdf8</a>",76,3,38.144,0.98,10,90,0,26858,280.333,3,6
"<a href=""https://tiktok.com/@zelda.jensen"" target=""_blank"">@zelda.jensen</a>",66,6,59.098,0.847,3,41,0,67403.333,754.833,3.667,12.667
"<a href=""https://tiktok.com/@zg.hcugystsxy"" target=""_blank"">@zg.hcugystsxy</a>",1,7,55.103,1,2,16,0,2575.714,131.286,0.857,1.286
"<a href=""https://tiktok.com/@zhiyount"" target=""_blank"">@zhiyount</a>",74,3,55.814,0.933,7,56,0,23663.667,229.667,4,3.333
"<a href=""https://tiktok.com/@zs1witpx60"" target=""_blank"">@zs1witpx60</a>",51,3,35.037,1,3,27,0,319.667,11.667,0,0
"<a href=""https://tiktok.com/@zygdxa1"" target=""_blank"">@zygdxa1</a>",73,3,69.667,1,1,9,0,3743,31.667,0.667,0.667
"<a href=""https://tiktok.com/@zzz840633"" target=""_blank"">@zzz840633</a>",70,3,54.333,1,1,9,0,4343.667,75.333,0.333,0.667
