"Account","Network","Unique Shares","Avg Time Between Shares (sec)","Edge Symmetry Score","Degree","Strength","Betweenness","Avg Views","Avg Likes","Avg Comments","Avg Shares"
"<a href=""https://tiktok.com/@abdaziz6036"" target=""_blank"">@abdaziz6036</a>",5,4,13.4,1,1,5,0,1840.2,39.4,0.6,1.4
"<a href=""https://tiktok.com/@abdfgvxdy"" target=""_blank"">@abdfgvxdy</a>",6,6,19.5,1,1,8,0,4805,134.667,2.444,4.333
"<a href=""https://tiktok.com/@abdfhvdyjft"" target=""_blank"">@abdfhvdyjft</a>",6,3,19.5,1,1,8,0,493.4,17.8,0.4,0.6
"<a href=""https://tiktok.com/@aed3683"" target=""_blank"">@aed3683</a>",9,4,54,1,1,5,0,1138,57,0.25,0
"<a href=""https://tiktok.com/@aedfjvg6"" target=""_blank"">@aedfjvg6</a>",8,2,53.5,1,1,8,0,1807.25,73.5,2,1
"<a href=""https://tiktok.com/@aedghfb"" target=""_blank"">@aedghfb</a>",8,3,47.25,1,2,16,0.001,2475.2,99,1.4,0
"<a href=""https://tiktok.com/@anhvu4979"" target=""_blank"">@anhvu4979</a>",14,3,75.833,0.667,1,6,0,752,15,0.333,0
"<a href=""https://tiktok.com/@bufgkvh"" target=""_blank"">@bufgkvh</a>",13,6,58.508,0.858,4,36,0.004,1782,62.333,1.5,0.333
"<a href=""https://tiktok.com/@bylrykv"" target=""_blank"">@bylrykv</a>",10,6,34.857,0.8,1,7,0,303.333,9.667,0.333,0.333
"<a href=""https://tiktok.com/@chaonang.huag"" target=""_blank"">@chaonang.huag</a>",15,2,62.25,1,2,16,0.001,541,13.5,0,0.5
"<a href=""https://tiktok.com/@cngff4885"" target=""_blank"">@cngff4885</a>",7,4,62.9,1,1,10,0,675.556,37.222,0.444,0.444
"<a href=""https://tiktok.com/@danghu337"" target=""_blank"">@danghu337</a>",10,4,33.35,0.833,2,11,0,593,17.25,0.75,0
"<a href=""https://tiktok.com/@dhcbv45"" target=""_blank"">@dhcbv45</a>",12,4,53.5,0.75,1,6,0,725,24.75,0.25,0.75
"<a href=""https://tiktok.com/@elvistrevelyan0204"" target=""_blank"">@elvistrevelyan0204</a>",11,3,53.938,0.917,7,59,0.002,1440,61,1,0.667
"<a href=""https://tiktok.com/@fgzvj"" target=""_blank"">@fgzvj</a>",8,2,41,1,1,8,0,275.25,16,0.5,0.5
"<a href=""https://tiktok.com/@finishthemovie3"" target=""_blank"">@finishthemovie3</a>",11,4,66.719,0.964,7,64,0.003,508.5,22.667,0.167,0.5
"<a href=""https://tiktok.com/@fredagraham2022"" target=""_blank"">@fredagraham2022</a>",11,1,79,1,2,16,0,809,45.25,0,0.25
"<a href=""https://tiktok.com/@gbooat"" target=""_blank"">@gbooat</a>",3,6,49.5,1,1,14,0,0,0,0.667,0
"<a href=""https://tiktok.com/@geaajkv"" target=""_blank"">@geaajkv</a>",13,8,56.225,0.725,4,31,0.007,584,34.125,0,1.25
"<a href=""https://tiktok.com/@gshej03"" target=""_blank"">@gshej03</a>",13,6,63.49,0.944,3,32,0,853.5,22,0.333,0.167
"<a href=""https://tiktok.com/@guanganfilm"" target=""_blank"">@guanganfilm</a>",11,3,44.68,1,5,39,0,594.667,18.667,0.667,0
"<a href=""https://tiktok.com/@h.bklg"" target=""_blank"">@h.bklg</a>",10,4,41.1,0.833,2,11,0,1332.75,38.5,0,0
"<a href=""https://tiktok.com/@kfgibb6"" target=""_blank"">@kfgibb6</a>",10,3,85.2,1,1,5,0,1134.667,24.667,0,1
"<a href=""https://tiktok.com/@kimleonard0623"" target=""_blank"">@kimleonard0623</a>",11,4,60.028,1,6,53,0,414.667,20.333,0.333,0.333
"<a href=""https://tiktok.com/@neva.engel"" target=""_blank"">@neva.engel</a>",14,2,75.833,0.667,1,6,0,337.5,7.5,0,0
"<a href=""https://tiktok.com/@nhuan.duong45"" target=""_blank"">@nhuan.duong45</a>",15,2,49,1,1,8,0,559,16.75,0,0.75
"<a href=""https://tiktok.com/@nudgsy"" target=""_blank"">@nudgsy</a>",10,5,63.592,0.833,4,26,0.008,118.2,1,0,0
"<a href=""https://tiktok.com/@okgsisnssx"" target=""_blank"">@okgsisnssx</a>",1,9,52.24,1,1,25,0,0,0,1,0
"<a href=""https://tiktok.com/@pyhkcd"" target=""_blank"">@pyhkcd</a>",13,5,48.952,0.733,2,13,0,305.2,7.4,0.2,0.4
"<a href=""https://tiktok.com/@quebsv5683"" target=""_blank"">@quebsv5683</a>",5,5,13.4,1,1,5,0,10229.571,320.857,10.429,6
"<a href=""https://tiktok.com/@rudolfezekiel2006"" target=""_blank"">@rudolfezekiel2006</a>",11,2,56.15,1,2,13,0,485,14.667,0,0
"<a href=""https://tiktok.com/@ryiandkyo8"" target=""_blank"">@ryiandkyo8</a>",13,3,48.574,0.822,3,23,0.001,1280.6,32.4,0.4,0.4
"<a href=""https://tiktok.com/@samsilas1994"" target=""_blank"">@samsilas1994</a>",11,4,64.933,0.896,8,69,0.007,97287.286,2173.714,4.714,26
"<a href=""https://tiktok.com/@tdkgsfi"" target=""_blank"">@tdkgsfi</a>",10,3,55.444,0.8,1,9,0,455.6,7.2,0,0
"<a href=""https://tiktok.com/@tegvxszf"" target=""_blank"">@tegvxszf</a>",12,3,53.5,0.75,1,6,0,763.6,8.4,0.2,0.4
"<a href=""https://tiktok.com/@ternencebloor0314"" target=""_blank"">@ternencebloor0314</a>",11,3,60.694,1,6,49,0.001,300.667,10.833,0,0.167
"<a href=""https://tiktok.com/@tim.david55"" target=""_blank"">@tim.david55</a>",9,4,54,1,1,5,0,725.5,41,0,0.25
"<a href=""https://tiktok.com/@trevion.chelsie"" target=""_blank"">@trevion.chelsie</a>",11,3,64.3,0.9,5,40,0.001,1078.167,77.167,1.167,1.833
"<a href=""https://tiktok.com/@user2133900382902"" target=""_blank"">@user2133900382902</a>",4,4,29.833,1,2,11,0,0,0,0,0
"<a href=""https://tiktok.com/@user3801355313832"" target=""_blank"">@user3801355313832</a>",13,1,33.6,0.4,1,5,0,1066.5,25,0,1
"<a href=""https://tiktok.com/@user43301358468186"" target=""_blank"">@user43301358468186</a>",4,3,7.6,1,1,5,0,0,0,0.333,0
"<a href=""https://tiktok.com/@user4422763037556"" target=""_blank"">@user4422763037556</a>",7,4,62.9,1,1,10,0,652.5,27.667,0.667,0.167
"<a href=""https://tiktok.com/@user6024099769612"" target=""_blank"">@user6024099769612</a>",11,3,70.556,1,6,60,0.001,678.714,31.429,1.143,0.571
"<a href=""https://tiktok.com/@user7388431600768"" target=""_blank"">@user7388431600768</a>",4,6,17.622,1,3,16,0.001,0,0,0.167,0
"<a href=""https://tiktok.com/@user7817249032616"" target=""_blank"">@user7817249032616</a>",4,3,33.8,1,2,10,0,0,0,0,0
"<a href=""https://tiktok.com/@user8431021130445"" target=""_blank"">@user8431021130445</a>",2,7,45.579,0.839,2,24,0,0,0,1,0
"<a href=""https://tiktok.com/@user8632343249071"" target=""_blank"">@user8632343249071</a>",3,3,38.2,1,1,5,0,0,0,1.167,0
"<a href=""https://tiktok.com/@victory202525"" target=""_blank"">@victory202525</a>",2,6,56.512,0.95,2,26,0,0,0,0.5,0
"<a href=""https://tiktok.com/@vjcgf0"" target=""_blank"">@vjcgf0</a>",10,6,58.323,0.867,3,25,0.007,858.167,31.5,0,0.667
"<a href=""https://tiktok.com/@waldinogotcher"" target=""_blank"">@waldinogotcher</a>",13,2,67.9,0.5,1,10,0,5391.5,102.5,2,1
"<a href=""https://tiktok.com/@wx40387"" target=""_blank"">@wx40387</a>",15,2,75.5,1,1,8,0,612.75,10,0,0.75
"<a href=""https://tiktok.com/@xin20241035"" target=""_blank"">@xin20241035</a>",3,6,43.85,1,2,19,0.001,0,0,0.333,0
"<a href=""https://tiktok.com/@yydszdzqa"" target=""_blank"">@yydszdzqa</a>",2,6,54.733,0.889,2,22,0,0,0,0.5,0
"<a href=""https://tiktok.com/@yyfdtwhtod"" target=""_blank"">@yyfdtwhtod</a>",1,9,52.24,1,1,25,0,0,0,1.333,0
