"Network","Number of Accounts","Network Density","Network Diameter","Clustering Coefficient","Avg Views","Avg Likes","Avg Comments","Avg Shares","Member Accounts"
1,2,1,25,NA,0,0,1.167,0,"okgsisnssx, yyfdtwhtod"
2,3,1,14,1,0,0,0.684,0,"user8431021130445, victory202525, yydszdzqa"
3,3,0.667,19,0,0,0,0.714,0,"gbooat, user8632343249071, xin20241035"
4,4,0.667,11,0.6,0,0,0.111,0,"user2133900382902, user7388431600768, user43301358468186, user7817249032616"
5,2,1,5,NA,6734,203.583,6.333,4.083,"abdaziz6036, quebsv5683"
6,2,1,8,NA,3265.143,92.929,1.714,3,"abdfgvxdy, abdfhvdyjft"
7,2,1,10,NA,666.333,33.4,0.533,0.333,"cngff4885, user4422763037556"
8,3,0.667,16,0,1592.769,65.615,1.308,0.462,"aedfjvg6, aedghfb, fgzvj"
9,2,1,5,NA,931.75,49,0.125,0.125,"aed3683, tim.david55"
10,7,0.333,24,0.273,634.697,17.727,0.152,0.273,"bylrykv, h.bklg, danghu337, tdkgsfi, kfgibb6, nudgsy, vjcgf0"
11,10,0.6,21,0.679,12569.702,296.93,1.07,3.649,"elvistrevelyan0204, finishthemovie3, guanganfilm, fredagraham2022, trevion.chelsie, rudolfezekiel2006, samsilas1994, ternencebloor0314, kimleonard0623, user6024099769612"
12,2,1,6,NA,746.444,15.667,0.222,0.556,"dhcbv45, tegvxszf"
13,7,0.429,25,0.474,1215.588,36.265,0.529,0.618,"pyhkcd, bufgkvh, geaajkv, gshej03, user3801355313832, ryiandkyo8, waldinogotcher"
14,2,1,6,NA,586.2,12,0.2,0,"anhvu4979, neva.engel"
15,3,0.667,16,0,570.917,13.417,0,0.667,"chaonang.huag, nhuan.duong45, wx40387"
