"Account","Network","Unique Shares","Avg Time Between Shares (sec)","Edge Symmetry Score","Degree","Strength","Betweenness","Avg Views","Avg Likes","Avg Comments","Avg Shares"
"<a href=""https://tiktok.com/@11cjhggg"" target=""_blank"">@11cjhggg</a>",6,9,51.365,0.933,3,20,0.008,1082,44.333,0.111,0.222
"<a href=""https://tiktok.com/@26hdjwjq"" target=""_blank"">@26hdjwjq</a>",8,3,62.333,0.75,1,6,0,2128.5,94.5,0.5,0.25
"<a href=""https://tiktok.com/@3mmmgkk"" target=""_blank"">@3mmmgkk</a>",7,7,47.467,0.915,3,30,0,13968,721.556,4.111,3.778
"<a href=""https://tiktok.com/@aaqo8sth89"" target=""_blank"">@aaqo8sth89</a>",3,9,65.214,0.8,2,14,0.001,2123.6,86,0.5,1.3
"<a href=""https://tiktok.com/@alfred.roberts5"" target=""_blank"">@alfred.roberts5</a>",12,4,59.167,0.8,1,6,0,9206.5,337.75,11.25,164
"<a href=""https://tiktok.com/@auvningjixiang"" target=""_blank"">@auvningjixiang</a>",4,5,67.143,0.857,1,7,0,1001.5,72.667,0.167,0.333
"<a href=""https://tiktok.com/@bvoo3130"" target=""_blank"">@bvoo3130</a>",5,3,72.5,1,1,6,0,1280,47.667,0.333,0.333
"<a href=""https://tiktok.com/@bzsksk1"" target=""_blank"">@bzsksk1</a>",6,7,58.042,0.867,4,26,0.031,1637.75,171.875,1.875,0.75
"<a href=""https://tiktok.com/@cigc7586"" target=""_blank"">@cigc7586</a>",6,6,17.167,0.8,1,6,0,843.222,50,0.111,0.222
"<a href=""https://tiktok.com/@cijs7301"" target=""_blank"">@cijs7301</a>",11,3,61.333,0.75,1,6,0,450789.333,24916.667,494.333,1454
"<a href=""https://tiktok.com/@cjdjfcn"" target=""_blank"">@cjdjfcn</a>",6,10,43.069,0.869,4,30,0.033,941.7,85.5,0.7,0.5
"<a href=""https://tiktok.com/@cx.b28"" target=""_blank"">@cx.b28</a>",14,4,53.018,1,2,15,0,2379.25,114.25,3.25,5
"<a href=""https://tiktok.com/@djwf2904"" target=""_blank"">@djwf2904</a>",5,3,72.5,1,1,6,0,512.667,44.667,0.333,0.333
"<a href=""https://tiktok.com/@duuff30"" target=""_blank"">@duuff30</a>",6,6,54.938,1,2,16,0,1199.333,116.167,0.167,0.833
"<a href=""https://tiktok.com/@eokd4235"" target=""_blank"">@eokd4235</a>",11,4,51.125,1,2,16,0,1593.25,41.25,3.5,8
"<a href=""https://tiktok.com/@facsimile5"" target=""_blank"">@facsimile5</a>",3,9,51.077,0.9,1,13,0,536.667,29.556,0.111,0
"<a href=""https://tiktok.com/@fhcgocgo"" target=""_blank"">@fhcgocgo</a>",7,6,24.646,1,2,20,0,1419.5,122,1,0.167
"<a href=""https://tiktok.com/@fkfdnd"" target=""_blank"">@fkfdnd</a>",14,4,55.732,1,2,15,0,26229.25,689.5,5,3.25
"<a href=""https://tiktok.com/@fogsi3721"" target=""_blank"">@fogsi3721</a>",6,10,32.598,0.887,4,34,0.027,717.3,33.9,0.2,1.6
"<a href=""https://tiktok.com/@g.in.cgn"" target=""_blank"">@g.in.cgn</a>",6,8,29,0.775,2,12,0.008,1285,105.375,0.375,0.375
"<a href=""https://tiktok.com/@g4lkgggsn3"" target=""_blank"">@g4lkgggsn3</a>",4,4,67.143,0.857,1,7,0,1624.5,87,1.333,0.5
"<a href=""https://tiktok.com/@gf.nj97"" target=""_blank"">@gf.nj97</a>",14,4,50,1,2,14,0,3994.75,195.75,1.75,16.75
"<a href=""https://tiktok.com/@hnyzzqvzlmyguf"" target=""_blank"">@hnyzzqvzlmyguf</a>",10,4,52.583,0.9,2,14,0,589,38.5,1,0.25
"<a href=""https://tiktok.com/@hsbshzu0"" target=""_blank"">@hsbshzu0</a>",7,4,22.438,0.929,2,16,0,1141,151,0.6,0
"<a href=""https://tiktok.com/@hzjsjs897"" target=""_blank"">@hzjsjs897</a>",7,7,57.426,0.923,4,31,0.003,1748.444,173.444,1,0.667
"<a href=""https://tiktok.com/@ibdsxhh"" target=""_blank"">@ibdsxhh</a>",1,6,56.833,0.75,1,6,0,1192.667,158.167,1.167,0.833
"<a href=""https://tiktok.com/@ihvfds"" target=""_blank"">@ihvfds</a>",1,5,56.833,0.75,1,6,0,910,117.667,1.333,0.5
"<a href=""https://tiktok.com/@juarezbent"" target=""_blank"">@juarezbent</a>",7,8,59.495,0.845,4,33,0.001,1416.667,107.222,1.222,0.556
"<a href=""https://tiktok.com/@julia.a167"" target=""_blank"">@julia.a167</a>",15,4,50.333,0.9,2,12,0,16666.833,81.5,1,0.833
"<a href=""https://tiktok.com/@kenworthyhoo"" target=""_blank"">@kenworthyhoo</a>",6,6,23,0.8,1,6,0,1721.333,136.833,1,0.833
"<a href=""https://tiktok.com/@luckyphone320"" target=""_blank"">@luckyphone320</a>",2,6,54.364,1,1,11,0,2528.5,157.75,0.625,0.25
"<a href=""https://tiktok.com/@meg.y"" target=""_blank"">@meg.y</a>",15,5,50.583,0.9,2,15,0,21472.2,92.6,0.6,1.8
"<a href=""https://tiktok.com/@mrhpvkxtkqust"" target=""_blank"">@mrhpvkxtkqust</a>",13,4,49.833,0.8,1,6,0,783.5,61,0.75,0.25
"<a href=""https://tiktok.com/@mxods3188"" target=""_blank"">@mxods3188</a>",6,8,59.444,0.938,2,15,0.021,2170.25,45.625,0.25,0
"<a href=""https://tiktok.com/@ncsfo3287"" target=""_blank"">@ncsfo3287</a>",6,5,52.833,0.667,1,6,0,1336.8,106.6,0.6,0.2
"<a href=""https://tiktok.com/@ntgz0732"" target=""_blank"">@ntgz0732</a>",9,4,91.286,1,1,7,0,658.25,19.75,1.5,0.5
"<a href=""https://tiktok.com/@nurrffoox2"" target=""_blank"">@nurrffoox2</a>",6,5,62.571,0.8,1,7,0,375.8,39,0.2,0.6
"<a href=""https://tiktok.com/@pqsgjjcgdpsofr"" target=""_blank"">@pqsgjjcgdpsofr</a>",11,4,55.861,0.917,3,22,0.001,691.75,40,2,1.5
"<a href=""https://tiktok.com/@pvxoeeiocha"" target=""_blank"">@pvxoeeiocha</a>",12,3,59.167,0.8,1,6,0,3066,106.667,2.667,0.667
"<a href=""https://tiktok.com/@russbigbang"" target=""_blank"">@russbigbang</a>",3,3,58,0.8,1,7,0,43159.333,2069,8.333,44.667
"<a href=""https://tiktok.com/@sedh8301"" target=""_blank"">@sedh8301</a>",13,4,37.583,0.9,2,12,0.001,666.25,50,1.75,4.5
"<a href=""https://tiktok.com/@smhyynzxe0"" target=""_blank"">@smhyynzxe0</a>",3,8,61.753,0.85,2,20,0.001,655.778,58.222,0.222,0
"<a href=""https://tiktok.com/@smith.t04"" target=""_blank"">@smith.t04</a>",15,7,52.083,1,2,15,0,515.667,12.778,0.111,0.111
"<a href=""https://tiktok.com/@snoshsj"" target=""_blank"">@snoshsj</a>",6,8,44.652,0.938,2,17,0,829.625,61.75,0.625,0.25
"<a href=""https://tiktok.com/@svjssh"" target=""_blank"">@svjssh</a>",7,8,47.206,0.868,3,31,0,3956.5,153.1,1.1,0.3
"<a href=""https://tiktok.com/@tzumhbogxdv"" target=""_blank"">@tzumhbogxdv</a>",10,4,54.083,0.9,2,14,0,1537,73.25,1.5,1
"<a href=""https://tiktok.com/@umhk9684"" target=""_blank"">@umhk9684</a>",11,4,42.75,1,2,16,0,77177.25,2259.5,25.25,404.25
"<a href=""https://tiktok.com/@user2449423525973"" target=""_blank"">@user2449423525973</a>",8,4,62.333,0.75,1,6,0,921,59.75,0,0
"<a href=""https://tiktok.com/@vqymjxoapcdp"" target=""_blank"">@vqymjxoapcdp</a>",9,4,91.286,1,1,7,0,1461.25,41,3,2.25
"<a href=""https://tiktok.com/@wqpeicgeaxxova"" target=""_blank"">@wqpeicgeaxxova</a>",10,4,51.167,0.8,2,12,0,1006.5,57.25,1.25,1
"<a href=""https://tiktok.com/@wss0307"" target=""_blank"">@wss0307</a>",2,7,54.364,1,1,11,0,1416.143,152.714,1,0.857
"<a href=""https://tiktok.com/@yogzmhpuydiz"" target=""_blank"">@yogzmhpuydiz</a>",13,3,25.333,1,1,6,0,1668,92,1,0.333
"<a href=""https://tiktok.com/@yourfavtwins0"" target=""_blank"">@yourfavtwins0</a>",6,6,44.167,0.8,1,6,0,992.167,90.333,0,0.667
"<a href=""https://tiktok.com/@zafke3177"" target=""_blank"">@zafke3177</a>",6,7,44.861,0.812,2,15,0.015,1013.571,106.714,0.857,0.143
"<a href=""https://tiktok.com/@zdogz60"" target=""_blank"">@zdogz60</a>",7,7,43.414,0.923,4,33,0.006,1704.667,142.889,0.556,0.222
