"Network","Number of Accounts","Network Density","Network Diameter","Clustering Coefficient","Avg Views","Avg Likes","Avg Comments","Avg Shares","Member Accounts"
1,2,1,6,0,1051.333,137.917,1.25,0.667,"ibdsxhh, ihvfds"
2,2,1,11,0,2009.4,155.4,0.8,0.533,"luckyphone320, wss0307"
3,4,0.5,27,0,5207.935,253.452,1.065,4.742,"aaqo8sth89, facsimile5, smhyynzxe0, russbigbang"
4,2,1,7,0,1313,79.833,0.75,0.417,"auvningjixiang, g4lkgggsn3"
5,2,1,6,0,896.333,46.167,0.333,0.333,"djwf2904, bvoo3130"
6,14,0.165,57,0.231,1146.981,82.429,0.505,0.524,"11cjhggg, nurrffoox2, fogsi3721, cjdjfcn, bzsksk1, mxods3188, cigc7586, snoshsj, g.in.cgn, ncsfo3287, duuff30, kenworthyhoo, yourfavtwins0, zafke3177"
7,7,0.524,28,0.692,3918.018,233.754,1.439,0.895,"3mmmgkk, svjssh, juarezbent, hzjsjs897, fhcgocgo, hsbshzu0, zdogz60"
8,2,1,6,0,1524.75,77.125,0.25,0.125,"26hdjwjq, user2449423525973"
9,2,1,7,0,1059.75,30.375,2.25,1.375,"ntgz0732, vqymjxoapcdp"
10,3,1,8,1,1044.167,56.333,1.25,0.75,"tzumhbogxdv, wqpeicgeaxxova, hnyzzqvzlmyguf"
11,4,0.667,14,0.6,111347.8,5607.533,107.067,401.133,"eokd4235, umhk9684, pqsgjjcgdpsofr, cijs7301"
12,2,1,6,0,6574.857,238.714,7.571,94,"alfred.roberts5, pvxoeeiocha"
13,3,0.667,12,0,982.091,65.455,1.182,1.818,"mrhpvkxtkqust, sedh8301, yogzmhpuydiz"
14,3,1,8,1,10867.75,333.167,3.333,8.333,"cx.b28, fkfdnd, gf.nj97"
15,3,1,9,1,10600.15,53.35,0.5,0.75,"meg.y, julia.a167, smith.t04"
