"Account","Network","Unique Shares","Avg Time Between Shares (sec)","Edge Symmetry Score","Degree","Strength","Betweenness","Avg Views","Avg Likes","Avg Comments","Avg Shares"
"<a href=""https://tiktok.com/@jeffrey.dorothy"" target=""_blank"">@jeffrey.dorothy</a>",6,6,55.071,0.875,1,14,0,1165.167,7.333,0,0.333
"<a href=""https://tiktok.com/@user11504181329233"" target=""_blank"">@user11504181329233</a>",7,5,32.167,0.857,1,12,0,914.636,13.182,0,0
"<a href=""https://tiktok.com/@user11737233435531"" target=""_blank"">@user11737233435531</a>",4,4,26.25,1,2,32,0,843.75,9.25,0,0.25
"<a href=""https://tiktok.com/@user1226598305981"" target=""_blank"">@user1226598305981</a>",1,5,71.308,0.833,1,13,0,1153.333,24.5,0,0.333
"<a href=""https://tiktok.com/@user1392538538860"" target=""_blank"">@user1392538538860</a>",2,12,47.029,0.817,2,29,0,2640.056,24.722,0.333,0.333
"<a href=""https://tiktok.com/@user1655672923020"" target=""_blank"">@user1655672923020</a>",9,22,63.825,0.893,3,120,0,1058.63,23.111,0.037,0.074
"<a href=""https://tiktok.com/@user2145366260069"" target=""_blank"">@user2145366260069</a>",7,9,71.696,0.926,3,55,0.009,673.111,7.222,0,0
"<a href=""https://tiktok.com/@user2191900675606"" target=""_blank"">@user2191900675606</a>",7,12,83.998,0.976,3,70,0.009,849.333,16.083,0,0
"<a href=""https://tiktok.com/@user227042611142"" target=""_blank"">@user227042611142</a>",2,12,61.102,0.809,2,38,0,2622.833,30.667,0.167,0.417
"<a href=""https://tiktok.com/@user2704030629623"" target=""_blank"">@user2704030629623</a>",1,6,71.308,0.833,1,13,0,1263.333,9.5,0.167,0
"<a href=""https://tiktok.com/@user29329940836618"" target=""_blank"">@user29329940836618</a>",7,9,94.421,0.778,1,19,0,796,10.778,0,0.111
"<a href=""https://tiktok.com/@user41678524977276"" target=""_blank"">@user41678524977276</a>",3,7,35.65,1,3,60,0,1628.889,3.778,0.444,0
"<a href=""https://tiktok.com/@user4193960130928"" target=""_blank"">@user4193960130928</a>",8,18,28,0.929,1,48,0,1027.238,23.762,0.286,0.857
"<a href=""https://tiktok.com/@user4870556904383"" target=""_blank"">@user4870556904383</a>",7,12,73.139,0.929,1,36,0,542.167,7.333,0,0
"<a href=""https://tiktok.com/@user49141232079402"" target=""_blank"">@user49141232079402</a>",8,22,28,0.929,1,48,0,814.4,15.667,0.233,0.467
"<a href=""https://tiktok.com/@user56221436997607"" target=""_blank"">@user56221436997607</a>",5,4,30.938,0.929,2,32,0,1125,16.75,0,0
"<a href=""https://tiktok.com/@user6036140945556"" target=""_blank"">@user6036140945556</a>",4,4,25.812,1,2,32,0,691.5,8,0.25,0
"<a href=""https://tiktok.com/@user6114100612194"" target=""_blank"">@user6114100612194</a>",4,4,26.438,1,2,32,0,313,1.75,0,0
"<a href=""https://tiktok.com/@user6222824133704"" target=""_blank"">@user6222824133704</a>",10,6,46.267,0.75,1,15,0,1245.333,21.5,0,0
"<a href=""https://tiktok.com/@user6637918466150"" target=""_blank"">@user6637918466150</a>",3,9,34.038,1,3,66,0,3141,8.556,1.667,0.333
"<a href=""https://tiktok.com/@user6787669206738"" target=""_blank"">@user6787669206738</a>",10,6,46.267,0.75,1,15,0,1130.333,27.5,0,0
"<a href=""https://tiktok.com/@user7406160207374"" target=""_blank"">@user7406160207374</a>",9,26,60.385,0.921,3,131,0,1217.154,34.577,0.077,0.346
"<a href=""https://tiktok.com/@user75291696174110"" target=""_blank"">@user75291696174110</a>",9,24,61.037,0.898,3,142,0,1135.185,19.926,0,0.148
"<a href=""https://tiktok.com/@user7910082192187"" target=""_blank"">@user7910082192187</a>",7,13,62.785,0.952,3,46,0.009,995.8,11.467,0,0.067
"<a href=""https://tiktok.com/@user8123449486197"" target=""_blank"">@user8123449486197</a>",5,4,30.562,0.929,2,32,0,1504,36.25,0,0
"<a href=""https://tiktok.com/@user8347987166006"" target=""_blank"">@user8347987166006</a>",2,9,60.381,0.826,2,35,0,386.556,7.889,0,0.222
"<a href=""https://tiktok.com/@user8488655302757"" target=""_blank"">@user8488655302757</a>",3,9,34.338,1,3,66,0,1924.444,7,0,0.222
"<a href=""https://tiktok.com/@user87304845050708"" target=""_blank"">@user87304845050708</a>",9,19,60.66,0.87,3,97,0,487.538,10.462,0,0.077
"<a href=""https://tiktok.com/@user9401074051479"" target=""_blank"">@user9401074051479</a>",5,4,32.875,0.857,2,32,0,398.75,5.5,0,0.75
"<a href=""https://tiktok.com/@user95069396171181"" target=""_blank"">@user95069396171181</a>",3,9,34.187,1,3,66,0,11140.444,15.333,0.444,0.889
"<a href=""https://tiktok.com/@wwzzaaq837"" target=""_blank"">@wwzzaaq837</a>",6,5,55.071,0.875,1,14,0,3264.167,19.5,0,0
