"Account","Network","Unique Shares","Avg Time Between Shares (sec)","Edge Symmetry Score","Degree","Strength","Betweenness","Avg Views","Avg Likes","Avg Comments","Avg Shares"
"<a href=""https://tiktok.com/@01k4d70"" target=""_blank"">@01k4d70</a>",26,8,0,1,7,98,0,1034.5,30.375,0.875,2.125
"<a href=""https://tiktok.com/@1utfjk"" target=""_blank"">@1utfjk</a>",38,6,0,0.917,4,69,0,373.333,6.167,0.333,0.167
"<a href=""https://tiktok.com/@2appookkve"" target=""_blank"">@2appookkve</a>",38,9,0,0.767,17,300,0.001,333.333,5.333,0,0
"<a href=""https://tiktok.com/@2thgkvjd"" target=""_blank"">@2thgkvjd</a>",38,6,0,0.917,5,87,0,879.333,34.667,0.167,0.167
"<a href=""https://tiktok.com/@3buenynx"" target=""_blank"">@3buenynx</a>",26,8,0,1,7,98,0,3964.125,89.5,1.125,3.125
"<a href=""https://tiktok.com/@3mbfklb"" target=""_blank"">@3mbfklb</a>",38,9,0,0.767,17,300,0.001,713.778,25.222,0.444,0
"<a href=""https://tiktok.com/@3mmmgkk"" target=""_blank"">@3mmmgkk</a>",38,6,0,0.917,4,69,0,709,22,0.5,0.167
"<a href=""https://tiktok.com/@3mmujktv"" target=""_blank"">@3mmujktv</a>",27,8,0,1,1,14,0,1272.75,47.125,0.125,0.25
"<a href=""https://tiktok.com/@41ghqq"" target=""_blank"">@41ghqq</a>",38,8,0,0.836,12,190,0,655.25,10.25,0,0
"<a href=""https://tiktok.com/@4hgkdjf"" target=""_blank"">@4hgkdjf</a>",38,9,0,0.767,17,300,0.001,1034.111,31.667,0.333,0.222
"<a href=""https://tiktok.com/@4hjgdjj"" target=""_blank"">@4hjgdjj</a>",38,8,0,0.736,61,943,0.016,727,16.75,0.125,0
"<a href=""https://tiktok.com/@79z4nq6"" target=""_blank"">@79z4nq6</a>",26,8,0,1,7,98,0,390.625,14,0.375,0.25
"<a href=""https://tiktok.com/@8znh4ap"" target=""_blank"">@8znh4ap</a>",26,8,0,1,7,98,0,2991.875,158.625,1,0.75
"<a href=""https://tiktok.com/@abd.aziz9083"" target=""_blank"">@abd.aziz9083</a>",5,7,0,0.875,34,476,0,348.571,8.714,0,0
"<a href=""https://tiktok.com/@abdaziz2128"" target=""_blank"">@abdaziz2128</a>",5,7,0,0.875,36,504,0,962.143,37.286,1,0.143
"<a href=""https://tiktok.com/@abjjvt"" target=""_blank"">@abjjvt</a>",28,12,0,0.882,24,741,0,349.417,11.667,0.083,0.25
"<a href=""https://tiktok.com/@aed1523"" target=""_blank"">@aed1523</a>",5,8,0,0.938,57,868,0,7294.125,130.625,2.875,5.25
"<a href=""https://tiktok.com/@aed2502"" target=""_blank"">@aed2502</a>",5,7,0,0.875,36,504,0,1006.286,47,1.143,1.143
"<a href=""https://tiktok.com/@aed2977"" target=""_blank"">@aed2977</a>",20,8,0,0.938,9,132,0,1274.125,46.5,0.75,1
"<a href=""https://tiktok.com/@aed3326"" target=""_blank"">@aed3326</a>",5,7,0,0.875,36,504,0,690.857,37.714,1.857,4
"<a href=""https://tiktok.com/@aed3345"" target=""_blank"">@aed3345</a>",5,9,0,0.916,72,1172,0,1607.556,58,0.444,0.778
"<a href=""https://tiktok.com/@aed3660"" target=""_blank"">@aed3660</a>",14,9,0,0.925,12,199,0,4945.889,88.222,0.889,1.333
"<a href=""https://tiktok.com/@aed5430"" target=""_blank"">@aed5430</a>",5,10,0,0.855,85,1474,0,4972,101.4,1.9,3.1
"<a href=""https://tiktok.com/@aed57705"" target=""_blank"">@aed57705</a>",5,7,0,0.875,34,476,0,917.143,27,3.714,10.571
"<a href=""https://tiktok.com/@aed6071"" target=""_blank"">@aed6071</a>",23,10,0,0.894,8,136,0,3627,72,0.4,0.8
"<a href=""https://tiktok.com/@aed7230"" target=""_blank"">@aed7230</a>",5,10,0,0.855,85,1474,0,1045.2,102.6,2.9,5.2
"<a href=""https://tiktok.com/@aed75787"" target=""_blank"">@aed75787</a>",14,10,0,0.925,13,232,0,7133,95.8,0.8,1.4
"<a href=""https://tiktok.com/@aed7p4"" target=""_blank"">@aed7p4</a>",14,9,0,0.925,13,214,0,3696.556,71.667,1.222,2.111
"<a href=""https://tiktok.com/@aed8562"" target=""_blank"">@aed8562</a>",5,9,0,0.916,75,1214,0.001,902.667,50.889,19,1.222
"<a href=""https://tiktok.com/@aed9335"" target=""_blank"">@aed9335</a>",5,8,0,0.891,52,789,0,1724.75,56.375,1.875,4
"<a href=""https://tiktok.com/@aeda1689"" target=""_blank"">@aeda1689</a>",14,10,0,0.925,13,232,0,15814.3,77.2,0.6,1.4
"<a href=""https://tiktok.com/@aedbr6"" target=""_blank"">@aedbr6</a>",5,7,0,0.875,34,476,0,886.857,26.429,0.143,0.286
"<a href=""https://tiktok.com/@aedhdici"" target=""_blank"">@aedhdici</a>",5,10,0,0.855,85,1474,0,1030.8,53.7,0.8,1
"<a href=""https://tiktok.com/@aedhdjcocj"" target=""_blank"">@aedhdjcocj</a>",5,8,0,0.938,63,948,0,405.375,13.75,0.125,0
"<a href=""https://tiktok.com/@aedjdpckd"" target=""_blank"">@aedjdpckd</a>",8,9,0,0.916,18,283,0,3970.111,102.222,2.222,1.556
"<a href=""https://tiktok.com/@aedjpidhd"" target=""_blank"">@aedjpidhd</a>",8,7,0,0.7,1,14,0,1584.143,89.714,1.143,0.571
"<a href=""https://tiktok.com/@aedvziocjc"" target=""_blank"">@aedvziocjc</a>",8,8,0,0.891,15,218,0,1257.875,89.875,0.25,0.75
"<a href=""https://tiktok.com/@aedyckctu"" target=""_blank"">@aedyckctu</a>",5,10,0,0.855,85,1474,0,3444.5,179.6,1.2,0.8
"<a href=""https://tiktok.com/@aefhkddh"" target=""_blank"">@aefhkddh</a>",5,9,0,0.916,72,1172,0,2232.444,94.667,0.889,3.222
"<a href=""https://tiktok.com/@afpkjk"" target=""_blank"">@afpkjk</a>",38,6,0,0.75,1,16,0,757.5,12,0.833,0
"<a href=""https://tiktok.com/@aiden50348"" target=""_blank"">@aiden50348</a>",5,7,0,0.875,36,504,0,923.143,39.857,2.429,0.714
"<a href=""https://tiktok.com/@aiudugd"" target=""_blank"">@aiudugd</a>",8,9,0,0.916,18,283,0,697.556,57.778,0.778,0.222
"<a href=""https://tiktok.com/@alanlang42"" target=""_blank"">@alanlang42</a>",6,10,0,1,1,16,0,1202.6,90.7,0.4,2.7
"<a href=""https://tiktok.com/@amazinggirl_120"" target=""_blank"">@amazinggirl_120</a>",35,23,0,0.464,11,511,0,104.792,13.083,2.875,0.417
"<a href=""https://tiktok.com/@anaxagoras.harlen"" target=""_blank"">@anaxagoras.harlen</a>",5,10,0,0.855,85,1474,0,2765.4,80.7,1.8,0.7
"<a href=""https://tiktok.com/@andretracy0724"" target=""_blank"">@andretracy0724</a>",18,7,0,0.857,5,70,0,1292.143,19.286,0.143,0.143
"<a href=""https://tiktok.com/@areplan_driver120"" target=""_blank"">@areplan_driver120</a>",35,25,0,0.678,13,1435,0,301.68,34.36,5.24,0.44
"<a href=""https://tiktok.com/@asdfsasd.fgdfdgas"" target=""_blank"">@asdfsasd.fgdfdgas</a>",5,10,0,0.892,60,934,0.001,21633.1,684.2,7.5,10.3
"<a href=""https://tiktok.com/@awglma"" target=""_blank"">@awglma</a>",28,7,0,0.872,22,418,0,356.143,14.714,0.143,0.143
"<a href=""https://tiktok.com/@awgthc"" target=""_blank"">@awgthc</a>",28,8,0,0.899,15,317,0,517.375,27.5,0.125,0.125
"<a href=""https://tiktok.com/@aynor.ogawa"" target=""_blank"">@aynor.ogawa</a>",14,10,0,0.925,13,232,0,2704.2,44.4,0.3,0.8
"<a href=""https://tiktok.com/@b_vtost109"" target=""_blank"">@b_vtost109</a>",11,8,0,0.938,4,60,0,3055.125,57,2,8.25
"<a href=""https://tiktok.com/@barbaraprice1013"" target=""_blank"">@barbaraprice1013</a>",18,6,0,0.857,1,14,0,2818.167,38,0.333,0.333
"<a href=""https://tiktok.com/@bartholomewnancybz1025"" target=""_blank"">@bartholomewnancybz1025</a>",20,8,0,0.855,6,88,0,8166.875,348.5,6.5,23
"<a href=""https://tiktok.com/@bate.hynda"" target=""_blank"">@bate.hynda</a>",14,8,0,0.938,13,194,0,2883.875,40.5,1,0.5
"<a href=""https://tiktok.com/@bbfj54"" target=""_blank"">@bbfj54</a>",5,10,0,0.855,85,1474,0,6540.7,65,1.4,0.8
"<a href=""https://tiktok.com/@bcfgtrjh"" target=""_blank"">@bcfgtrjh</a>",38,6,0,0.75,1,16,0,750.5,9.833,0.333,0.167
"<a href=""https://tiktok.com/@bcjjc54"" target=""_blank"">@bcjjc54</a>",8,8,0,0.938,11,158,0,294310.25,12076.75,43.75,73.625
"<a href=""https://tiktok.com/@bdbdchhd"" target=""_blank"">@bdbdchhd</a>",2,8,0,0.866,5,89,0,946,46.375,0.5,2
"<a href=""https://tiktok.com/@bdbdhhehh"" target=""_blank"">@bdbdhhehh</a>",21,7,0,0.911,35,520,0,139.857,1.429,0,0
"<a href=""https://tiktok.com/@bdjsxn6"" target=""_blank"">@bdjsxn6</a>",38,5,0,0.625,1,14,0,1108.4,78.6,1.4,0.8
"<a href=""https://tiktok.com/@bdodhc"" target=""_blank"">@bdodhc</a>",8,7,0,0.875,2,28,0,63.143,1.714,1.571,0
"<a href=""https://tiktok.com/@bdonvg"" target=""_blank"">@bdonvg</a>",20,8,0,0.938,9,132,0,2404.125,51.5,0.875,0.5
"<a href=""https://tiktok.com/@be.jkigv"" target=""_blank"">@be.jkigv</a>",3,10,0,0.95,15,292,0,869.6,55.5,0.5,0.9
"<a href=""https://tiktok.com/@beacherarmstrong2005"" target=""_blank"">@beacherarmstrong2005</a>",19,10,0,0.936,7,132,0,94633.9,2669.8,18.4,39
"<a href=""https://tiktok.com/@beaty_queen_22"" target=""_blank"">@beaty_queen_22</a>",17,9,0,0.804,2,28,0,842.1,107.5,8.2,1.2
"<a href=""https://tiktok.com/@bffb2489"" target=""_blank"">@bffb2489</a>",31,11,0,0.88,30,889,0,978.636,111.455,0.909,0.364
"<a href=""https://tiktok.com/@bfffercajm"" target=""_blank"">@bfffercajm</a>",33,9,0,0.875,9,189,0,1257.667,94.444,0.778,1.667
"<a href=""https://tiktok.com/@bfihc"" target=""_blank"">@bfihc</a>",5,10,0,0.855,85,1474,0,1625.8,66.4,0.5,0.7
"<a href=""https://tiktok.com/@bgfddf8888"" target=""_blank"">@bgfddf8888</a>",5,8,0,0.891,50,761,0,1179.625,57.375,0.25,0.75
"<a href=""https://tiktok.com/@billo_driver3535"" target=""_blank"">@billo_driver3535</a>",35,12,0,0.763,3,228,0,3.75,0.25,0.917,0
"<a href=""https://tiktok.com/@bipiqo"" target=""_blank"">@bipiqo</a>",28,15,0,0.888,25,855,0,795.067,27.067,0.133,0.267
"<a href=""https://tiktok.com/@biytff8bh8"" target=""_blank"">@biytff8bh8</a>",33,7,0,0.884,6,114,0,1424.857,166.143,1.571,1.857
"<a href=""https://tiktok.com/@bmc12655"" target=""_blank"">@bmc12655</a>",3,10,0,0.95,15,292,0,801.7,27.7,0,0.5
"<a href=""https://tiktok.com/@boyfchijvy65"" target=""_blank"">@boyfchijvy65</a>",33,6,0,0.917,7,111,0,1235.5,102,0.5,5.333
"<a href=""https://tiktok.com/@bpgarp"" target=""_blank"">@bpgarp</a>",28,15,0,0.888,25,855,0,375.467,8.6,0.067,0.067
"<a href=""https://tiktok.com/@bridget.pugeda"" target=""_blank"">@bridget.pugeda</a>",8,8,0,0.891,15,218,0,1788.875,60.625,1.25,0.375
"<a href=""https://tiktok.com/@bristy.beb"" target=""_blank"">@bristy.beb</a>",40,6,0,0.917,5,87,0,541.667,3.833,0.333,0.167
"<a href=""https://tiktok.com/@bruchy.pembertonk"" target=""_blank"">@bruchy.pembertonk</a>",13,8,0,1,3,42,0,768.375,65.5,1.5,4.5
"<a href=""https://tiktok.com/@bsbseuo"" target=""_blank"">@bsbseuo</a>",21,10,0,0.812,39,728,0,97128.4,4662.2,47.9,170.2
"<a href=""https://tiktok.com/@bvoo3130"" target=""_blank"">@bvoo3130</a>",29,12,0,1,5,180,0,9321.333,186.583,0.667,0.75
"<a href=""https://tiktok.com/@bzsksk1"" target=""_blank"">@bzsksk1</a>",38,6,0,0.917,4,69,0,1863,60.333,0,0.167
"<a href=""https://tiktok.com/@cagnhd"" target=""_blank"">@cagnhd</a>",21,10,0,0.812,39,728,0,2007.2,92.7,7.7,0.8
"<a href=""https://tiktok.com/@calvinwhitman1014"" target=""_blank"">@calvinwhitman1014</a>",20,8,0,0.891,8,117,0,1818.875,42.75,0.625,0.875
"<a href=""https://tiktok.com/@cdnkdg"" target=""_blank"">@cdnkdg</a>",28,9,0,0.875,23,585,0,230.778,5,0,0.556
"<a href=""https://tiktok.com/@chantalkusch"" target=""_blank"">@chantalkusch</a>",4,10,0,0.875,1,14,0,174031.8,5000.6,5,28.8
"<a href=""https://tiktok.com/@chccggc1"" target=""_blank"">@chccggc1</a>",21,8,0,0.812,36,596,0,992.625,9.75,0.125,0
"<a href=""https://tiktok.com/@chcjg0"" target=""_blank"">@chcjg0</a>",5,8,0,0.891,48,739,0,2168.5,70.5,1.5,0.5
"<a href=""https://tiktok.com/@chcryd"" target=""_blank"">@chcryd</a>",23,7,0,0.875,2,28,0,5811.143,104,0.571,0.714
"<a href=""https://tiktok.com/@chhvtdy"" target=""_blank"">@chhvtdy</a>",15,10,0,1,6,120,0,902.5,52.6,0.2,0.1
"<a href=""https://tiktok.com/@china_cutegirl22"" target=""_blank"">@china_cutegirl22</a>",17,9,0,0.857,1,14,0,3082.111,256.778,9.778,3.667
"<a href=""https://tiktok.com/@chinuo.zhong"" target=""_blank"">@chinuo.zhong</a>",24,12,0,0.833,1,24,0,5934.583,111.5,2.417,2.25
"<a href=""https://tiktok.com/@chumi_driver102"" target=""_blank"">@chumi_driver102</a>",35,30,0,0.629,13,1806,0,1057.867,103.133,30,0.733
"<a href=""https://tiktok.com/@chvftn"" target=""_blank"">@chvftn</a>",5,8,0,0.855,55,834,0,1658.125,100.875,3.75,1.5
"<a href=""https://tiktok.com/@cigcgict"" target=""_blank"">@cigcgict</a>",38,7,0,0.875,4,56,0,519,17.286,0.429,0.143
"<a href=""https://tiktok.com/@cirila.mccorkle"" target=""_blank"">@cirila.mccorkle</a>",5,10,0,0.855,85,1474,0,46337.2,578.8,3.7,4.9
"<a href=""https://tiktok.com/@ciucfyictci"" target=""_blank"">@ciucfyictci</a>",38,7,0,0.74,8,118,0,691.286,21.286,0.429,0
"<a href=""https://tiktok.com/@cjdeub"" target=""_blank"">@cjdeub</a>",38,6,0,0.75,1,16,0,1125.333,87.833,0.333,0.833
"<a href=""https://tiktok.com/@cjdfndrh"" target=""_blank"">@cjdfndrh</a>",38,9,0,0.836,14,211,0,701.889,8.778,0.111,0.111
"<a href=""https://tiktok.com/@cjire9104"" target=""_blank"">@cjire9104</a>",31,12,0,0.888,30,966,0,1641.917,79.833,0.25,0.417
"<a href=""https://tiktok.com/@cjirr8920"" target=""_blank"">@cjirr8920</a>",31,12,0,0.888,30,966,0,1329.667,55.25,0.167,0.25
"<a href=""https://tiktok.com/@cjitr2086"" target=""_blank"">@cjitr2086</a>",31,12,0,0.888,30,966,0,966.583,25.667,0.25,0.5
"<a href=""https://tiktok.com/@cjur6297"" target=""_blank"">@cjur6297</a>",31,12,0,0.887,30,966,0,1140.833,72.833,0.417,0.583
"<a href=""https://tiktok.com/@ckfg70"" target=""_blank"">@ckfg70</a>",8,7,0,0.875,3,42,0,2292.857,56.143,0.857,2.429
"<a href=""https://tiktok.com/@ckir91022"" target=""_blank"">@ckir91022</a>",31,6,0,0.833,27,492,0,1085.667,22.833,0,0.5
"<a href=""https://tiktok.com/@clirr5282"" target=""_blank"">@clirr5282</a>",31,10,0,0.846,28,791,0,898.6,136.4,0.9,0.8
"<a href=""https://tiktok.com/@cngff4885"" target=""_blank"">@cngff4885</a>",5,10,0,0.855,85,1474,0,1035,59,2.8,5.1
"<a href=""https://tiktok.com/@coicbf"" target=""_blank"">@coicbf</a>",5,10,0,0.855,85,1474,0,1309.1,62.5,1.3,0.7
"<a href=""https://tiktok.com/@cokestory1"" target=""_blank"">@cokestory1</a>",7,6,0,1,1,18,0,160289.364,5369.909,21.091,22.091
"<a href=""https://tiktok.com/@coref8734"" target=""_blank"">@coref8734</a>",31,6,0,0.917,25,435,0.001,692,22.5,0.5,0.5
"<a href=""https://tiktok.com/@courr1227"" target=""_blank"">@courr1227</a>",31,11,0,0.88,30,888,0,401.182,10.182,0.273,0.091
"<a href=""https://tiktok.com/@crtyougo"" target=""_blank"">@crtyougo</a>",21,10,0,0.812,39,728,0,691.6,39,2.2,1
"<a href=""https://tiktok.com/@csusvhb"" target=""_blank"">@csusvhb</a>",21,10,0,0.812,39,728,0,2764.2,67,3.9,5.8
"<a href=""https://tiktok.com/@ctskgzjv"" target=""_blank"">@ctskgzjv</a>",33,6,0,0.917,7,111,0,1684.5,174.833,0.833,1.667
"<a href=""https://tiktok.com/@cucu17645"" target=""_blank"">@cucu17645</a>",38,6,0,0.75,1,16,0,754.167,28.667,0.5,0.5
"<a href=""https://tiktok.com/@cusvtd"" target=""_blank"">@cusvtd</a>",28,9,0,0.875,23,585,0,6418.111,69.333,0.667,0.333
"<a href=""https://tiktok.com/@cute_chumi_girl208"" target=""_blank"">@cute_chumi_girl208</a>",35,21,0,0.562,11,615,0,213.143,12.619,1.952,0.286
"<a href=""https://tiktok.com/@cutedriver120"" target=""_blank"">@cutedriver120</a>",35,34,0,0.658,14,1567,0,188.176,20.206,2.118,0.265
"<a href=""https://tiktok.com/@cutegirlbabe2"" target=""_blank"">@cutegirlbabe2</a>",35,35,0,0.625,14,879,0,405.943,18.914,0.686,0.343
"<a href=""https://tiktok.com/@cutequeen_driver120"" target=""_blank"">@cutequeen_driver120</a>",35,36,0,0.647,13,2166,0,407.444,43.889,3.861,1.639
"<a href=""https://tiktok.com/@d_odbeu124"" target=""_blank"">@d_odbeu124</a>",10,7,0,0.875,2,28,0,2933,109.429,2.714,22
"<a href=""https://tiktok.com/@dadd.dhh7"" target=""_blank"">@dadd.dhh7</a>",39,6,0,0.917,18,303,0,1568.667,25,0.333,1.833
"<a href=""https://tiktok.com/@danaobenkuil"" target=""_blank"">@danaobenkuil</a>",32,9,0,0.925,4,62,0,3332.222,134.556,2.333,1.444
"<a href=""https://tiktok.com/@debran.oxonrp00"" target=""_blank"">@debran.oxonrp00</a>",14,9,0,0.925,12,199,0,3615.556,80.222,0.333,2.778
"<a href=""https://tiktok.com/@debran.oxonrp03"" target=""_blank"">@debran.oxonrp03</a>",14,9,0,0.925,12,199,0,108784.889,1704.667,5.333,38.667
"<a href=""https://tiktok.com/@debran.oxonrp080"" target=""_blank"">@debran.oxonrp080</a>",36,9,0,0.821,9,144,0,3342.444,55.444,0.778,0.667
"<a href=""https://tiktok.com/@debran.oxonrp34"" target=""_blank"">@debran.oxonrp34</a>",36,9,0,0.842,9,147,0,2512.556,35.667,0.667,0.444
"<a href=""https://tiktok.com/@debran.oxonrp81"" target=""_blank"">@debran.oxonrp81</a>",14,7,0,0.875,7,98,0,17118.778,333.111,3.778,9.111
"<a href=""https://tiktok.com/@debran.oxonrp86"" target=""_blank"">@debran.oxonrp86</a>",14,10,0,0.925,13,232,0,15270.9,118.7,4.1,3.8
"<a href=""https://tiktok.com/@dfittf"" target=""_blank"">@dfittf</a>",38,5,0,0.625,1,14,0,1107.2,21.2,0.2,0.2
"<a href=""https://tiktok.com/@dfyioo.nko"" target=""_blank"">@dfyioo.nko</a>",39,6,0,0.917,18,303,0,1832.167,35.333,0.167,0.5
"<a href=""https://tiktok.com/@dgfddc24"" target=""_blank"">@dgfddc24</a>",18,8,0,0.857,1,14,0,1828.125,105,0.625,3.25
"<a href=""https://tiktok.com/@dguy8654"" target=""_blank"">@dguy8654</a>",5,9,0,0.916,74,1196,0,890.444,39.222,0.222,1.333
"<a href=""https://tiktok.com/@dhcdyh"" target=""_blank"">@dhcdyh</a>",5,7,0,0.875,34,476,0,941,39.571,0.286,4.429
"<a href=""https://tiktok.com/@dhcdyj5"" target=""_blank"">@dhcdyj5</a>",5,9,0,0.916,74,1196,0,786.111,33.333,5,24.111
"<a href=""https://tiktok.com/@dhcghcb"" target=""_blank"">@dhcghcb</a>",21,10,0,0.812,39,728,0,1137.5,48.5,4.4,1.1
"<a href=""https://tiktok.com/@dhhi6645"" target=""_blank"">@dhhi6645</a>",31,9,0,0.88,28,720,0,701.444,49.222,0.444,0.111
"<a href=""https://tiktok.com/@dhicug"" target=""_blank"">@dhicug</a>",5,9,0,0.916,72,1172,0,1350.556,30.111,1,0.444
"<a href=""https://tiktok.com/@dhut98545"" target=""_blank"">@dhut98545</a>",5,9,0,0.916,69,1123,0,2753,103.333,0.889,1.444
"<a href=""https://tiktok.com/@dianaantoinette2000"" target=""_blank"">@dianaantoinette2000</a>",5,7,0,0.7,2,28,0,628.143,22.143,0.143,1.714
"<a href=""https://tiktok.com/@dijx3903"" target=""_blank"">@dijx3903</a>",29,15,0,1,5,216,0,1517.133,52.4,0.2,0.067
"<a href=""https://tiktok.com/@dilorenzo.medlohk"" target=""_blank"">@dilorenzo.medlohk</a>",12,8,0,0.889,1,14,0,4426.75,104.375,0.375,0.625
"<a href=""https://tiktok.com/@djisks96"" target=""_blank"">@djisks96</a>",38,7,0,0.845,8,116,0.001,1010.857,58,0.429,0
"<a href=""https://tiktok.com/@djjsjbxjb"" target=""_blank"">@djjsjbxjb</a>",30,8,0,1,1,22,0,819.25,40,0.75,0.625
"<a href=""https://tiktok.com/@djskgikeejk8"" target=""_blank"">@djskgikeejk8</a>",2,9,0,0.875,8,144,0,2682,146.778,21.556,27.667
"<a href=""https://tiktok.com/@dmssndn.hdmsmen"" target=""_blank"">@dmssndn.hdmsmen</a>",37,8,0,0.727,1,22,0,3158.9,53.8,0.9,0.5
"<a href=""https://tiktok.com/@doiplo1"" target=""_blank"">@doiplo1</a>",28,12,0,0.882,24,741,0,489.333,22.333,0,0.083
"<a href=""https://tiktok.com/@dscgty"" target=""_blank"">@dscgty</a>",23,9,0,0.916,7,112,0,4191.444,116,9.222,2
"<a href=""https://tiktok.com/@dtbtcc8"" target=""_blank"">@dtbtcc8</a>",28,15,0,0.888,25,855,0,704.4,22.267,0.467,0.133
"<a href=""https://tiktok.com/@dtkwod"" target=""_blank"">@dtkwod</a>",21,10,0,0.812,39,728,0,1348.2,51.4,1.6,0.7
"<a href=""https://tiktok.com/@dung.tran2322"" target=""_blank"">@dung.tran2322</a>",14,8,0,0.938,13,194,0,2403.125,43.625,0.5,2
"<a href=""https://tiktok.com/@dutiutx"" target=""_blank"">@dutiutx</a>",15,10,0,1,6,120,0,3389.9,85.8,1.1,0.6
"<a href=""https://tiktok.com/@duuff30"" target=""_blank"">@duuff30</a>",38,5,0,0.625,1,14,0,1221.2,29.8,0.8,0.4
"<a href=""https://tiktok.com/@duvfyh1"" target=""_blank"">@duvfyh1</a>",5,10,0,0.867,4,68,0,1593.8,44.1,2.2,1
"<a href=""https://tiktok.com/@dvnedc"" target=""_blank"">@dvnedc</a>",5,9,0,0.916,74,1196,0,877,41.778,1.333,0.667
"<a href=""https://tiktok.com/@dydes6"" target=""_blank"">@dydes6</a>",37,11,0,0.727,1,22,0,1315.909,136.545,1.818,3.455
"<a href=""https://tiktok.com/@dyfxtfd"" target=""_blank"">@dyfxtfd</a>",8,7,0,0.875,2,28,0,801.571,34,1,1.143
"<a href=""https://tiktok.com/@dyihiyr.ta"" target=""_blank"">@dyihiyr.ta</a>",6,10,0,1,2,32,0,36192.3,644.6,11.3,13
"<a href=""https://tiktok.com/@echo41097whisper"" target=""_blank"">@echo41097whisper</a>",36,9,0,0.86,8,130,0,987,56,0.444,0.222
"<a href=""https://tiktok.com/@ehgw1916"" target=""_blank"">@ehgw1916</a>",31,11,0,0.88,30,889,0,761.273,25.545,0.182,0.273
"<a href=""https://tiktok.com/@eiwv9484"" target=""_blank"">@eiwv9484</a>",31,11,0,0.88,30,889,0,1718.182,56.818,0.727,0.455
"<a href=""https://tiktok.com/@elmacatharine2013"" target=""_blank"">@elmacatharine2013</a>",19,8,0,0.921,6,96,0,924.125,28.125,0.5,2.125
"<a href=""https://tiktok.com/@elvisspencer2003"" target=""_blank"">@elvisspencer2003</a>",5,8,0,0.938,5,78,0,1283.125,68.75,0.5,0.5
"<a href=""https://tiktok.com/@elvistrevelyan0204"" target=""_blank"">@elvistrevelyan0204</a>",20,10,0,0.894,13,212,0,1236.9,39,2.3,3.9
"<a href=""https://tiktok.com/@eodn8506"" target=""_blank"">@eodn8506</a>",31,11,0,0.88,30,889,0,1632.636,86,0.182,0.273
"<a href=""https://tiktok.com/@eqmhqf"" target=""_blank"">@eqmhqf</a>",28,15,0,0.888,25,855,0,520.667,14.867,0,0.133
"<a href=""https://tiktok.com/@ericeuphemia0529"" target=""_blank"">@ericeuphemia0529</a>",5,7,0,0.875,38,532,0,1024.286,58.143,1,2
"<a href=""https://tiktok.com/@esjsisi3"" target=""_blank"">@esjsisi3</a>",25,8,0,0.875,1,14,0,1899.625,61.75,3.875,5.5
"<a href=""https://tiktok.com/@esperance.sulcer"" target=""_blank"">@esperance.sulcer</a>",8,9,0,0.916,18,283,0,3539.889,84.556,2.333,2.667
"<a href=""https://tiktok.com/@estherwebb1225"" target=""_blank"">@estherwebb1225</a>",5,10,0,0.892,60,934,0.001,12222.6,295.5,4.1,15.1
"<a href=""https://tiktok.com/@etuo.uop"" target=""_blank"">@etuo.uop</a>",39,5,0,0.833,12,180,0,156.4,3,0,0
"<a href=""https://tiktok.com/@eudazpstrvf"" target=""_blank"">@eudazpstrvf</a>",32,10,0,0.95,4,66,0,2842.9,80.9,1.4,1.4
"<a href=""https://tiktok.com/@evdsfgg89"" target=""_blank"">@evdsfgg89</a>",33,8,0,0.899,8,158,0,1973,194.75,1.875,1
"<a href=""https://tiktok.com/@evfdmzl"" target=""_blank"">@evfdmzl</a>",38,6,0,0.75,1,16,0,6379.167,45.833,2,1
"<a href=""https://tiktok.com/@evxsaabi"" target=""_blank"">@evxsaabi</a>",34,7,0,0.875,2,28,0,2339.286,70,0,0.714
"<a href=""https://tiktok.com/@fannybach2010"" target=""_blank"">@fannybach2010</a>",20,8,0,0.891,8,117,0,979.5,39.75,0.25,0.5
"<a href=""https://tiktok.com/@fatal2380"" target=""_blank"">@fatal2380</a>",13,8,0,1,3,42,0,1702.875,103.625,1.75,1.25
"<a href=""https://tiktok.com/@fauy8466"" target=""_blank"">@fauy8466</a>",5,10,0,0.855,85,1474,0,2474.1,75.1,1.4,1.9
"<a href=""https://tiktok.com/@fcvbvv57"" target=""_blank"">@fcvbvv57</a>",21,10,0,0.75,40,714,0,9590,41.6,0.5,0.5
"<a href=""https://tiktok.com/@fdijc3"" target=""_blank"">@fdijc3</a>",3,9,0,0.925,15,264,0,7952.556,47.222,1.778,0.778
"<a href=""https://tiktok.com/@fecbgf"" target=""_blank"">@fecbgf</a>",23,9,0,0.916,7,111,0,31724.333,1087.556,7.111,45
"<a href=""https://tiktok.com/@fengtiantian65"" target=""_blank"">@fengtiantian65</a>",11,7,0,0.875,3,42,0,2964.571,70.143,0,0.286
"<a href=""https://tiktok.com/@ferdinand0304"" target=""_blank"">@ferdinand0304</a>",19,9,0,0.864,7,119,0,1281.222,81.556,0.556,0.333
"<a href=""https://tiktok.com/@ferdinandbecky1982"" target=""_blank"">@ferdinandbecky1982</a>",5,10,0,0.892,60,934,0.001,1273.9,67.1,0.8,1.5
"<a href=""https://tiktok.com/@fgjio.ghkl"" target=""_blank"">@fgjio.ghkl</a>",39,6,0,0.917,18,303,0,139.333,2.5,0,0
"<a href=""https://tiktok.com/@fgjores"" target=""_blank"">@fgjores</a>",39,6,0,0.917,18,303,0,494.667,11.667,0.167,0
"<a href=""https://tiktok.com/@fh.hfko"" target=""_blank"">@fh.hfko</a>",12,8,0,0.944,2,28,0,988,51.5,1.125,0.375
"<a href=""https://tiktok.com/@fhcgocgo"" target=""_blank"">@fhcgocgo</a>",38,8,0,0.875,10,148,0,868.75,40,0.25,0.125
"<a href=""https://tiktok.com/@fhda78402"" target=""_blank"">@fhda78402</a>",29,15,0,1,5,216,0,654.267,16.667,0.067,0.067
"<a href=""https://tiktok.com/@fhfry4764"" target=""_blank"">@fhfry4764</a>",20,8,0,0.844,4,61,0,10064.875,63.625,0.625,0.125
"<a href=""https://tiktok.com/@fhuc22"" target=""_blank"">@fhuc22</a>",41,6,0,0.917,3,51,0,1084.167,29.167,0.5,1
"<a href=""https://tiktok.com/@fhvdet"" target=""_blank"">@fhvdet</a>",23,8,0,0.855,6,88,0,3878.625,77.75,1.75,1.75
"<a href=""https://tiktok.com/@fichfj1"" target=""_blank"">@fichfj1</a>",8,8,0,0.938,15,228,0,883.125,34.75,1,2.75
"<a href=""https://tiktok.com/@finishthemovie3"" target=""_blank"">@finishthemovie3</a>",20,10,0,0.894,13,212,0,29441.6,925.9,4.5,4
"<a href=""https://tiktok.com/@fiur8444"" target=""_blank"">@fiur8444</a>",31,12,0,0.888,30,966,0,5132.167,52.75,0.083,0.25
"<a href=""https://tiktok.com/@fiutfvjj"" target=""_blank"">@fiutfvjj</a>",5,9,0,0.916,74,1196,0,1610,59,0.778,0.778
"<a href=""https://tiktok.com/@fjggds0808"" target=""_blank"">@fjggds0808</a>",5,9,0,0.916,74,1196,0,844.556,38.222,0.667,3.111
"<a href=""https://tiktok.com/@fjgr86434"" target=""_blank"">@fjgr86434</a>",5,9,0,0.916,69,1122,0,1000.222,46.333,0.556,0.667
"<a href=""https://tiktok.com/@fjgryg0"" target=""_blank"">@fjgryg0</a>",23,8,0,0.844,5,77,0,4937.625,101.875,2.5,1.5
"<a href=""https://tiktok.com/@fjjgdvx"" target=""_blank"">@fjjgdvx</a>",21,10,0,0.812,39,728,0,2072.7,79.1,1.7,1.2
"<a href=""https://tiktok.com/@fjvbff3"" target=""_blank"">@fjvbff3</a>",38,5,0,0.625,1,14,0,12265.2,55.4,5.2,1.4
"<a href=""https://tiktok.com/@fkur7594"" target=""_blank"">@fkur7594</a>",31,12,0,0.888,30,966,0,3844.25,102.833,0.833,1.5
"<a href=""https://tiktok.com/@fnnf8890"" target=""_blank"">@fnnf8890</a>",31,12,0,0.888,30,966,0,1106.917,89.083,0.667,0.917
"<a href=""https://tiktok.com/@fody.noachp"" target=""_blank"">@fody.noachp</a>",12,9,0,0.889,4,57,0,2487.667,51.222,1,0.444
"<a href=""https://tiktok.com/@fredagraham2022"" target=""_blank"">@fredagraham2022</a>",5,10,0,0.938,8,126,0.003,693.1,33.2,0.5,0.2
"<a href=""https://tiktok.com/@frees.ess"" target=""_blank"">@frees.ess</a>",39,6,0,0.917,18,303,0,243.833,2.333,0,0.167
"<a href=""https://tiktok.com/@fsaftn"" target=""_blank"">@fsaftn</a>",28,9,0,0.875,23,585,0,667.222,30.444,0.111,0.556
"<a href=""https://tiktok.com/@fuchc053"" target=""_blank"">@fuchc053</a>",5,8,0,0.938,53,802,0,1745.125,49.25,0.5,1.125
"<a href=""https://tiktok.com/@fucsru"" target=""_blank"">@fucsru</a>",5,9,0,0.916,72,1172,0,805.111,26.444,6.333,6.667
"<a href=""https://tiktok.com/@fuddg743"" target=""_blank"">@fuddg743</a>",5,10,0,0.855,85,1474,0,2304,64.6,0.1,0.4
"<a href=""https://tiktok.com/@fugfuj33"" target=""_blank"">@fugfuj33</a>",32,8,0,0.938,3,46,0,2225,71.75,0.625,2
"<a href=""https://tiktok.com/@fughf21"" target=""_blank"">@fughf21</a>",3,8,0,0.938,15,236,0,1882.625,165.375,1.5,1.25
"<a href=""https://tiktok.com/@fujgds.guio"" target=""_blank"">@fujgds.guio</a>",39,6,0,0.917,18,303,0,302.167,3.167,0,0
"<a href=""https://tiktok.com/@fuvfcb"" target=""_blank"">@fuvfcb</a>",5,7,0,0.7,28,392,0,836.429,48.714,0.286,1.286
"<a href=""https://tiktok.com/@g.in.cgn"" target=""_blank"">@g.in.cgn</a>",38,5,0,0.625,1,14,0,1501.4,91.6,0.4,0.6
"<a href=""https://tiktok.com/@gauqhar2"" target=""_blank"">@gauqhar2</a>",38,8,0,0.775,13,191,0,739.75,11.125,0.125,0
"<a href=""https://tiktok.com/@gcgi66"" target=""_blank"">@gcgi66</a>",5,7,0,0.875,38,532,0,5007.857,89,2.857,1.429
"<a href=""https://tiktok.com/@gckcj4"" target=""_blank"">@gckcj4</a>",5,10,0,0.855,85,1474,0,2177.8,49.9,0.7,1
"<a href=""https://tiktok.com/@gdghss35"" target=""_blank"">@gdghss35</a>",38,6,0,0.75,1,16,0,1055.333,65,0.5,0.167
"<a href=""https://tiktok.com/@gdjsys526252"" target=""_blank"">@gdjsys526252</a>",38,6,0,0.75,1,16,0,746.667,42.667,0.167,0
"<a href=""https://tiktok.com/@gdkzfj"" target=""_blank"">@gdkzfj</a>",22,10,0,0.844,3,46,0,22166.1,448.9,171.3,12.3
"<a href=""https://tiktok.com/@gdsd888"" target=""_blank"">@gdsd888</a>",5,8,0,0.938,57,868,0,5685.125,79.125,1.375,0.875
"<a href=""https://tiktok.com/@gdvbgv3"" target=""_blank"">@gdvbgv3</a>",5,8,0,0.891,54,816,0,798.75,24.75,0.25,0.5
"<a href=""https://tiktok.com/@geiodhs"" target=""_blank"">@geiodhs</a>",8,8,0,0.938,3,46,0,1131.625,39.875,1.75,10.875
"<a href=""https://tiktok.com/@geujcc"" target=""_blank"">@geujcc</a>",5,8,0,0.891,50,761,0,10478.125,365.5,2.25,4.875
"<a href=""https://tiktok.com/@gfg6705"" target=""_blank"">@gfg6705</a>",41,5,0,0.833,3,45,0,764.4,27.6,0,0.6
"<a href=""https://tiktok.com/@ggdthij"" target=""_blank"">@ggdthij</a>",2,6,0,0.917,7,114,0,675.667,42.667,0.667,3.5
"<a href=""https://tiktok.com/@ghcdax"" target=""_blank"">@ghcdax</a>",20,8,0,0.938,7,104,0,1919.125,69.5,1.125,1.625
"<a href=""https://tiktok.com/@ghhj8554"" target=""_blank"">@ghhj8554</a>",29,15,0,1,5,216,0,1249.067,38.667,0.2,0.333
"<a href=""https://tiktok.com/@ghjvfh4"" target=""_blank"">@ghjvfh4</a>",5,7,0,0.875,34,476,0,745.286,44.857,6.143,2.714
"<a href=""https://tiktok.com/@givtuv"" target=""_blank"">@givtuv</a>",24,10,0,0.833,1,24,0,76375.2,1741.7,27.4,20
"<a href=""https://tiktok.com/@gjbgikh"" target=""_blank"">@gjbgikh</a>",20,7,0,0.875,4,56,0,1206.286,44,1,0.857
"<a href=""https://tiktok.com/@gjcfyc"" target=""_blank"">@gjcfyc</a>",20,7,0,0.875,2,28,0,1495.857,52.286,0.286,0.143
"<a href=""https://tiktok.com/@gjguq6894"" target=""_blank"">@gjguq6894</a>",31,12,0,0.888,30,966,0,1407.583,96.417,1.083,0.583
"<a href=""https://tiktok.com/@gjus6238"" target=""_blank"">@gjus6238</a>",31,12,0,0.888,30,966,0,1251,51.083,0.167,0.167
"<a href=""https://tiktok.com/@godv7302"" target=""_blank"">@godv7302</a>",5,10,0,0.855,85,1474,0,1142.9,23.3,0.5,0.1
"<a href=""https://tiktok.com/@gour2295"" target=""_blank"">@gour2295</a>",31,15,0,0.742,32,1245,0,2094.133,84.267,1.4,0.133
"<a href=""https://tiktok.com/@greeryy2"" target=""_blank"">@greeryy2</a>",39,5,0,0.833,12,180,0,80,6,0.2,0
"<a href=""https://tiktok.com/@grsxhi1"" target=""_blank"">@grsxhi1</a>",34,9,0,0.875,2,28,0,9506.778,211.778,0.667,1.556
"<a href=""https://tiktok.com/@grukc02"" target=""_blank"">@grukc02</a>",5,9,0,0.916,69,1123,0,1182,104.667,1,0.111
"<a href=""https://tiktok.com/@gskdl.duo"" target=""_blank"">@gskdl.duo</a>",39,6,0,0.917,18,303,0,737.167,28.833,0.5,0.5
"<a href=""https://tiktok.com/@gskgu2"" target=""_blank"">@gskgu2</a>",22,10,0,0.882,3,42,0,2134.5,82.2,3.7,5
"<a href=""https://tiktok.com/@gskpccbd"" target=""_blank"">@gskpccbd</a>",5,10,0,0.855,85,1474,0,1952.3,67.4,0.7,0.9
"<a href=""https://tiktok.com/@gsufb86"" target=""_blank"">@gsufb86</a>",5,8,0,0.855,49,751,0,2406.875,54.125,0.5,0.5
"<a href=""https://tiktok.com/@gthggg8"" target=""_blank"">@gthggg8</a>",21,6,0,1,6,108,0,599.333,2.5,0,0
"<a href=""https://tiktok.com/@guoonn.hkp"" target=""_blank"">@guoonn.hkp</a>",39,5,0,0.833,12,180,0,539,8.6,0.6,0
"<a href=""https://tiktok.com/@gxicofj"" target=""_blank"">@gxicofj</a>",8,7,0,0.875,3,42,0,1004.714,56.429,0.857,0.857
"<a href=""https://tiktok.com/@h_kp82"" target=""_blank"">@h_kp82</a>",10,8,0,0.938,3,44,0,1180.5,31.25,0.125,0.625
"<a href=""https://tiktok.com/@h_lehdi127"" target=""_blank"">@h_lehdi127</a>",10,7,0,0.875,2,28,0,2587.429,54.143,0.143,0.429
"<a href=""https://tiktok.com/@happy_chinagirl_8"" target=""_blank"">@happy_chinagirl_8</a>",35,8,0,0.366,10,574,0,566.125,83.25,65.875,3.375
"<a href=""https://tiktok.com/@hcodifb"" target=""_blank"">@hcodifb</a>",3,10,0,0.95,15,292,0,815.1,27.7,0.1,0.2
"<a href=""https://tiktok.com/@hdbj8585"" target=""_blank"">@hdbj8585</a>",5,10,0,0.855,85,1474,0,1765.2,103.5,1,5.6
"<a href=""https://tiktok.com/@hdbjx72"" target=""_blank"">@hdbjx72</a>",41,6,0,0.917,3,51,0,1966.833,65,0.833,8.833
"<a href=""https://tiktok.com/@hdhjvx2"" target=""_blank"">@hdhjvx2</a>",19,6,0,0.857,1,14,0,1814.333,106.833,1,1
"<a href=""https://tiktok.com/@hdhu402"" target=""_blank"">@hdhu402</a>",8,8,0,0.938,11,158,0,2068.75,43.5,0,0.25
"<a href=""https://tiktok.com/@hdhxg847"" target=""_blank"">@hdhxg847</a>",5,9,0,0.916,72,1172,0,2673,90,1.333,2.444
"<a href=""https://tiktok.com/@hdididh8"" target=""_blank"">@hdididh8</a>",15,10,0,1,6,120,0,920.6,89.1,0.7,0.2
"<a href=""https://tiktok.com/@hdifhg5"" target=""_blank"">@hdifhg5</a>",3,10,0,0.95,15,292,0,1258.5,63.4,0.8,2.8
"<a href=""https://tiktok.com/@hdjddjd092"" target=""_blank"">@hdjddjd092</a>",21,7,0,0.911,35,520,0,474.714,3.429,0,0
"<a href=""https://tiktok.com/@hdjixdj"" target=""_blank"">@hdjixdj</a>",8,10,0,0.925,12,176,0,991.9,59.2,1.1,0.4
"<a href=""https://tiktok.com/@hdkcofh"" target=""_blank"">@hdkcofh</a>",15,10,0,1,6,120,0,529.3,30.3,0.4,0.3
"<a href=""https://tiktok.com/@hdmjwo1"" target=""_blank"">@hdmjwo1</a>",28,11,0,0.886,24,680,0,507.455,15.182,0.182,0.182
"<a href=""https://tiktok.com/@hdr86575"" target=""_blank"">@hdr86575</a>",5,10,0,0.855,85,1474,0,2335.2,58.1,0.5,0.5
"<a href=""https://tiktok.com/@hdryxd"" target=""_blank"">@hdryxd</a>",21,10,0,0.812,39,728,0,1968.4,68.4,3,3.3
"<a href=""https://tiktok.com/@hds.hy"" target=""_blank"">@hds.hy</a>",38,10,0,0.842,19,308,0,834.8,61.5,0.5,0.2
"<a href=""https://tiktok.com/@hdvhds4"" target=""_blank"">@hdvhds4</a>",38,8,0,0.875,10,148,0,1089,67.5,0.375,0.125
"<a href=""https://tiktok.com/@heheb8964"" target=""_blank"">@heheb8964</a>",38,6,0,0.917,5,87,0,607.667,15.667,0.5,0
"<a href=""https://tiktok.com/@hehs5037"" target=""_blank"">@hehs5037</a>",31,11,0,0.88,30,892,0,635.636,35.182,0.091,0.545
"<a href=""https://tiktok.com/@hejdsgi"" target=""_blank"">@hejdsgi</a>",39,5,0,0.833,12,180,0,70.4,2.8,0.2,0
"<a href=""https://tiktok.com/@hffrr976575"" target=""_blank"">@hffrr976575</a>",5,10,0,0.855,85,1474,0,1225.2,16.9,0.1,0.7
"<a href=""https://tiktok.com/@hgff.nko"" target=""_blank"">@hgff.nko</a>",39,6,0,0.917,18,303,0,689.5,11.667,0,1.333
"<a href=""https://tiktok.com/@hgfryj8745"" target=""_blank"">@hgfryj8745</a>",5,10,0,0.855,85,1474,0,1229.2,33.5,0.4,0.3
"<a href=""https://tiktok.com/@hhhhh777777852"" target=""_blank"">@hhhhh777777852</a>",5,10,0,0.867,4,68,0,3405.8,154.1,4.8,3.4
"<a href=""https://tiktok.com/@hidouo"" target=""_blank"">@hidouo</a>",28,15,0,0.888,25,855,0,831.2,14.067,0.067,0.067
"<a href=""https://tiktok.com/@hirakw1"" target=""_blank"">@hirakw1</a>",28,11,0,0.895,23,681,0,336.545,13.455,0.091,0.091
"<a href=""https://tiktok.com/@hltuoq"" target=""_blank"">@hltuoq</a>",28,14,0,0.903,24,793,0,507.857,19.929,0,0.357
"<a href=""https://tiktok.com/@hoeg.huan"" target=""_blank"">@hoeg.huan</a>",14,9,0,0.925,12,197,0,6116.889,43.222,0.222,0.667
"<a href=""https://tiktok.com/@hosgsg0"" target=""_blank"">@hosgsg0</a>",38,6,0,0.75,1,16,0,817.167,20.167,0.167,0.833
"<a href=""https://tiktok.com/@hrfj8302"" target=""_blank"">@hrfj8302</a>",31,9,0,0.88,28,720,0,778.778,29.556,0.333,0.222
"<a href=""https://tiktok.com/@hrsy60677"" target=""_blank"">@hrsy60677</a>",31,6,0,0.833,27,492,0,313.667,8.167,0,0.167
"<a href=""https://tiktok.com/@hsbshzu0"" target=""_blank"">@hsbshzu0</a>",38,6,0,0.75,1,16,0,606.5,41.333,1,0.833
"<a href=""https://tiktok.com/@hsbuz8"" target=""_blank"">@hsbuz8</a>",41,6,0,0.917,3,51,0,1810.167,33.333,0.167,2.167
"<a href=""https://tiktok.com/@hshjrg8647"" target=""_blank"">@hshjrg8647</a>",5,9,0,0.916,75,1214,0.001,1024.778,48.778,0.444,0.667
"<a href=""https://tiktok.com/@hskdk.jso"" target=""_blank"">@hskdk.jso</a>",39,6,0,0.917,18,303,0,322.167,7.667,0.167,0
"<a href=""https://tiktok.com/@hsozhs6"" target=""_blank"">@hsozhs6</a>",3,10,0,0.95,15,292,0,1032.8,44.1,0.3,0.7
"<a href=""https://tiktok.com/@htjzwe4"" target=""_blank"">@htjzwe4</a>",38,6,0,0.75,1,16,0,2392.167,31,2.5,1.5
"<a href=""https://tiktok.com/@huiodjio"" target=""_blank"">@huiodjio</a>",21,10,0,0.812,39,728,0,1088.4,68.1,1.4,0.6
"<a href=""https://tiktok.com/@hvcnnh"" target=""_blank"">@hvcnnh</a>",19,8,0,0.921,6,96,0,33839.125,722.25,4.625,14
"<a href=""https://tiktok.com/@hwvrok"" target=""_blank"">@hwvrok</a>",38,6,0,0.75,1,16,0,533.5,10.167,0.167,0.333
"<a href=""https://tiktok.com/@hxavnxh"" target=""_blank"">@hxavnxh</a>",21,10,0,0.812,39,728,0,32309.6,353.4,27,9.5
"<a href=""https://tiktok.com/@hygge8662"" target=""_blank"">@hygge8662</a>",32,8,0,1,2,32,0,1727.75,47.875,1.5,1
"<a href=""https://tiktok.com/@hzbdbrb737hdh"" target=""_blank"">@hzbdbrb737hdh</a>",33,8,0,0.899,8,158,0,1882.375,226.375,1.75,1.75
"<a href=""https://tiktok.com/@hzhdhs"" target=""_blank"">@hzhdhs</a>",38,5,0,0.625,1,14,0,1233,43.4,0.6,0
"<a href=""https://tiktok.com/@hzjsjs897"" target=""_blank"">@hzjsjs897</a>",38,5,0,0.625,1,14,0,1165.2,50.8,0.8,0.6
"<a href=""https://tiktok.com/@icucxyyd"" target=""_blank"">@icucxyyd</a>",25,7,0,0.875,1,14,0,2072.857,92.857,1.857,2.143
"<a href=""https://tiktok.com/@idpeoc"" target=""_blank"">@idpeoc</a>",28,13,0,0.9,24,728,0,736.231,22.538,0.154,0
"<a href=""https://tiktok.com/@ific3756"" target=""_blank"">@ific3756</a>",31,3,0,0.5,1,18,0,505.667,18,0.333,0
"<a href=""https://tiktok.com/@irdc042"" target=""_blank"">@irdc042</a>",3,10,0,0.95,15,292,0,91428,3825.1,12.7,27.4
"<a href=""https://tiktok.com/@itdh8557"" target=""_blank"">@itdh8557</a>",5,10,0,0.855,85,1474,0,902.9,32.6,0.2,2.3
"<a href=""https://tiktok.com/@ivfqjqo2"" target=""_blank"">@ivfqjqo2</a>",38,6,0,0.75,1,16,0,1164.833,48.167,0.5,0
"<a href=""https://tiktok.com/@jacinta.almetrak"" target=""_blank"">@jacinta.almetrak</a>",12,8,0,0.944,2,28,0,822.5,38.75,0.5,1.875
"<a href=""https://tiktok.com/@jbvn61"" target=""_blank"">@jbvn61</a>",39,6,0,0.917,18,303,0,943.833,18.5,1.5,0.667
"<a href=""https://tiktok.com/@jcsie5410"" target=""_blank"">@jcsie5410</a>",31,12,0,0.887,30,966,0,1638.417,54.417,0.417,0.667
"<a href=""https://tiktok.com/@jdjsbs94"" target=""_blank"">@jdjsbs94</a>",38,8,0,0.754,9,133,0,888.25,17.875,0.125,0.125
"<a href=""https://tiktok.com/@jdoxhbd"" target=""_blank"">@jdoxhbd</a>",9,10,0,0.875,1,14,0,1643.3,84.7,1.3,0.6
"<a href=""https://tiktok.com/@jdpdosj"" target=""_blank"">@jdpdosj</a>",15,10,0,1,6,120,0,509.8,29.7,0.2,0.7
"<a href=""https://tiktok.com/@jdpxorjf"" target=""_blank"">@jdpxorjf</a>",3,10,0,0.95,15,292,0,1017,50.9,0.7,2.5
"<a href=""https://tiktok.com/@jeiofifuhd"" target=""_blank"">@jeiofifuhd</a>",5,10,0,0.855,85,1474,0,2610.5,89.7,0.4,1.2
"<a href=""https://tiktok.com/@jfdd653"" target=""_blank"">@jfdd653</a>",5,10,0,0.855,85,1474,0,1190.4,25.8,0.1,0.4
"<a href=""https://tiktok.com/@jfdhjj9090"" target=""_blank"">@jfdhjj9090</a>",5,8,0,0.891,54,816,0,1128.125,44.25,1,0.25
"<a href=""https://tiktok.com/@jfdyh846"" target=""_blank"">@jfdyh846</a>",5,7,0,0.875,36,504,0,1427,76.429,0.286,0.286
"<a href=""https://tiktok.com/@jfkovj5"" target=""_blank"">@jfkovj5</a>",3,10,0,0.95,15,292,0,1167.4,83.9,0.6,3.5
"<a href=""https://tiktok.com/@jfshjfd9530"" target=""_blank"">@jfshjfd9530</a>",5,9,0,0.916,72,1172,0,1630.556,78.444,2.222,6.556
"<a href=""https://tiktok.com/@jfufrehcdh"" target=""_blank"">@jfufrehcdh</a>",15,10,0,1,6,120,0,1075.4,83.9,0.9,0.8
"<a href=""https://tiktok.com/@jgdghg75464"" target=""_blank"">@jgdghg75464</a>",5,10,0,0.855,85,1474,0,7864.4,77,0.2,1
"<a href=""https://tiktok.com/@jhckhs"" target=""_blank"">@jhckhs</a>",28,5,0,0.833,9,135,0,168.6,4.2,0,0
"<a href=""https://tiktok.com/@jhff96585"" target=""_blank"">@jhff96585</a>",5,9,0,0.875,35,490,0,1120.222,43.778,0.778,1
"<a href=""https://tiktok.com/@jjjjjjf00"" target=""_blank"">@jjjjjjf00</a>",36,8,0,0.838,9,138,0,1178.125,61,2.125,0.875
"<a href=""https://tiktok.com/@joannafitzgerald1111"" target=""_blank"">@joannafitzgerald1111</a>",23,8,0,0.938,6,88,0,4991.375,148.375,3.375,3
"<a href=""https://tiktok.com/@josephmacadam2022"" target=""_blank"">@josephmacadam2022</a>",19,10,0,0.936,7,132,0,1492.4,54.4,0.4,0.3
"<a href=""https://tiktok.com/@jshszh6382"" target=""_blank"">@jshszh6382</a>",38,5,0,0.625,1,14,0,1185.8,34,0.4,0.8
"<a href=""https://tiktok.com/@jsns2563"" target=""_blank"">@jsns2563</a>",38,5,0,0.833,3,45,0,300.2,4.4,0,0
"<a href=""https://tiktok.com/@jtcytxyzey"" target=""_blank"">@jtcytxyzey</a>",4,9,0,0.875,1,14,0,1964.222,159.889,1.778,5.333
"<a href=""https://tiktok.com/@juarezbent"" target=""_blank"">@juarezbent</a>",38,6,0,0.75,1,16,0,1031,20.5,0.5,0
"<a href=""https://tiktok.com/@juliedouglass2013"" target=""_blank"">@juliedouglass2013</a>",20,9,0,0.916,11,165,0,1324.333,78.667,1.556,1.222
"<a href=""https://tiktok.com/@jxfciicg"" target=""_blank"">@jxfciicg</a>",38,5,0,0.625,1,14,0,693.4,32.2,0.2,0
"<a href=""https://tiktok.com/@jxgxi8"" target=""_blank"">@jxgxi8</a>",38,9,0,0.836,14,211,0,708,24.889,0.222,0.111
"<a href=""https://tiktok.com/@k_bao1m114"" target=""_blank"">@k_bao1m114</a>",11,8,0,0.938,4,60,0,1376.75,41,0.375,0.25
"<a href=""https://tiktok.com/@kartik_girl120"" target=""_blank"">@kartik_girl120</a>",35,16,0,0.68,8,570,0,2960.579,181.579,7.895,11.474
"<a href=""https://tiktok.com/@kate396112"" target=""_blank"">@kate396112</a>",5,8,0,0.855,53,806,0,2167.125,72.5,0.625,0.75
"<a href=""https://tiktok.com/@kdywnty"" target=""_blank"">@kdywnty</a>",38,6,0,0.75,1,16,0,931.167,17.5,0.5,0
"<a href=""https://tiktok.com/@kellygallacher0930"" target=""_blank"">@kellygallacher0930</a>",19,11,0,0.868,8,157,0,3979.909,46.273,1.545,1.364
"<a href=""https://tiktok.com/@kenworthyhoo"" target=""_blank"">@kenworthyhoo</a>",38,6,0,0.857,1,14,0,1941,49.333,0.667,0.833
"<a href=""https://tiktok.com/@kfbfol"" target=""_blank"">@kfbfol</a>",28,15,0,0.888,25,855,0,310.6,15.133,0.133,0.067
"<a href=""https://tiktok.com/@kimleonard0623"" target=""_blank"">@kimleonard0623</a>",20,8,0,0.855,5,75,0,24166.875,135.125,7.75,4.375
"<a href=""https://tiktok.com/@kind26921"" target=""_blank"">@kind26921</a>",36,11,0,0.751,9,184,0,1388.615,105,1.692,1.231
"<a href=""https://tiktok.com/@kokokopi72"" target=""_blank"">@kokokopi72</a>",13,8,0,1,3,42,0,23176.5,216.25,2.5,2.5
"<a href=""https://tiktok.com/@krug011"" target=""_blank"">@krug011</a>",3,9,0,0.925,15,264,0,730.667,22.667,0.111,0.333
"<a href=""https://tiktok.com/@ktsfyh"" target=""_blank"">@ktsfyh</a>",21,10,0,0.812,39,728,0,1243.2,45.3,1.8,0.6
"<a href=""https://tiktok.com/@landscape5670"" target=""_blank"">@landscape5670</a>",21,10,0,0.812,39,728,0,853.5,50.7,4.6,1
"<a href=""https://tiktok.com/@leoraf9"" target=""_blank"">@leoraf9</a>",38,6,0,0.75,1,16,0,1159.833,72.5,0.333,0.167
"<a href=""https://tiktok.com/@lewisaledk0117"" target=""_blank"">@lewisaledk0117</a>",19,10,0,0.936,7,132,0,1555.1,49.1,0.4,0.4
"<a href=""https://tiktok.com/@lgunwj"" target=""_blank"">@lgunwj</a>",28,9,0,0.875,23,585,0,274.111,9.667,0.111,0.333
"<a href=""https://tiktok.com/@lhqitc"" target=""_blank"">@lhqitc</a>",28,15,0,0.888,25,855,0,895.867,25.467,0.2,0.267
"<a href=""https://tiktok.com/@ljpjvh"" target=""_blank"">@ljpjvh</a>",38,6,0,0.75,1,16,0,12210.833,354.667,5.167,1
"<a href=""https://tiktok.com/@long.arpin"" target=""_blank"">@long.arpin</a>",8,8,0,0.891,15,218,0,2831.375,82.375,2.25,2
"<a href=""https://tiktok.com/@luisina.riihimaki"" target=""_blank"">@luisina.riihimaki</a>",3,10,0,0.95,15,292,0,1392,148.1,1.1,1
"<a href=""https://tiktok.com/@lwandiswamsithini"" target=""_blank"">@lwandiswamsithini</a>",14,9,0,0.925,12,199,0,9788.333,40.444,1,0.778
"<a href=""https://tiktok.com/@maemeg7"" target=""_blank"">@maemeg7</a>",38,6,0,0.75,1,16,0,1434.667,95.333,0.5,0
"<a href=""https://tiktok.com/@manggkko5"" target=""_blank"">@manggkko5</a>",34,8,0,0.938,3,44,0,2744.875,44.875,0.375,0.25
"<a href=""https://tiktok.com/@mapleswishesvs"" target=""_blank"">@mapleswishesvs</a>",8,9,0,0.916,18,273,0,2074.889,41.778,12.556,0.556
"<a href=""https://tiktok.com/@mcgkvx"" target=""_blank"">@mcgkvx</a>",18,6,0,0.857,1,14,0,10807.5,61.5,16.833,0.833
"<a href=""https://tiktok.com/@mdsdz2"" target=""_blank"">@mdsdz2</a>",2,7,0,0.826,2,41,0,12735.571,313.714,25.857,3.429
"<a href=""https://tiktok.com/@mjbwysq6"" target=""_blank"">@mjbwysq6</a>",38,6,0,0.75,1,16,0,1520.667,66.333,0.5,0.167
"<a href=""https://tiktok.com/@mmlcdg"" target=""_blank"">@mmlcdg</a>",28,9,0,0.907,22,522,0,463.444,13,0.222,0
"<a href=""https://tiktok.com/@monalisa7988"" target=""_blank"">@monalisa7988</a>",40,5,0,0.833,5,75,0,600.2,6.6,0,0
"<a href=""https://tiktok.com/@morgan.rodregez"" target=""_blank"">@morgan.rodregez</a>",8,7,0,0.875,10,140,0,6579.429,65.714,1.286,1.571
"<a href=""https://tiktok.com/@mv.vj3"" target=""_blank"">@mv.vj3</a>",39,6,0,0.917,18,303,0,928.5,37.167,0.667,1
"<a href=""https://tiktok.com/@mzcvs991"" target=""_blank"">@mzcvs991</a>",39,5,0,0.833,12,180,0,674.8,15,0.4,0.8
"<a href=""https://tiktok.com/@n3atrc"" target=""_blank"">@n3atrc</a>",27,8,0,1,1,14,0,2786.125,69,2.375,3.25
"<a href=""https://tiktok.com/@naivevy"" target=""_blank"">@naivevy</a>",38,9,0,0.847,16,253,0,493.111,8,0,0.111
"<a href=""https://tiktok.com/@nataliechristiana2016"" target=""_blank"">@nataliechristiana2016</a>",19,10,0,0.936,7,132,0,1253.7,38.1,1.1,0.3
"<a href=""https://tiktok.com/@ndnenmeme"" target=""_blank"">@ndnenmeme</a>",21,8,0,0.812,36,596,0,1034,3.125,0,0
"<a href=""https://tiktok.com/@nendn4309"" target=""_blank"">@nendn4309</a>",5,10,0,0.855,85,1474,0,27335.6,246.9,5.4,4.7
"<a href=""https://tiktok.com/@nhllos8"" target=""_blank"">@nhllos8</a>",38,6,0,0.75,1,16,0,1226,36.167,0,0.167
"<a href=""https://tiktok.com/@nihgvgt889"" target=""_blank"">@nihgvgt889</a>",33,8,0,0.899,8,154,0,1024.75,85,1.25,0.625
"<a href=""https://tiktok.com/@nqkwvc"" target=""_blank"">@nqkwvc</a>",38,5,0,0.625,1,14,0,1350.2,30.8,0.4,0.6
"<a href=""https://tiktok.com/@nvi3ho"" target=""_blank"">@nvi3ho</a>",26,8,0,1,7,98,0,336.375,10.5,0,0.125
"<a href=""https://tiktok.com/@nzohwh"" target=""_blank"">@nzohwh</a>",38,6,0,0.75,1,16,0,1072.333,23.333,0.333,0
"<a href=""https://tiktok.com/@okay11732"" target=""_blank"">@okay11732</a>",29,15,0,1,5,216,0,1893.533,94.733,0.667,1.067
"<a href=""https://tiktok.com/@oljclk"" target=""_blank"">@oljclk</a>",38,6,0,0.75,1,16,0,994.167,14.833,0.167,0.167
"<a href=""https://tiktok.com/@omi.poni0"" target=""_blank"">@omi.poni0</a>",40,6,0,0.917,5,87,0,670.833,2.667,0.833,0.667
"<a href=""https://tiktok.com/@oxh758"" target=""_blank"">@oxh758</a>",5,8,0,0.855,53,810,0,2050.75,170.75,0.625,0.75
"<a href=""https://tiktok.com/@oxkops7"" target=""_blank"">@oxkops7</a>",38,6,0,0.75,1,16,0,1566.833,72.833,1.5,0
"<a href=""https://tiktok.com/@pardesi_driver120"" target=""_blank"">@pardesi_driver120</a>",35,47,0,0.579,13,2801,0,4947.851,409.319,29.149,4.255
"<a href=""https://tiktok.com/@pdilul"" target=""_blank"">@pdilul</a>",38,6,0,0.75,1,16,0,2059.667,45.833,0.333,0.167
"<a href=""https://tiktok.com/@pratt_movie"" target=""_blank"">@pratt_movie</a>",5,10,0,0.855,85,1474,0,6398.4,111.2,2.2,2.8
"<a href=""https://tiktok.com/@privon14"" target=""_blank"">@privon14</a>",35,28,0,0.646,13,1700,0,967.179,60.25,13.536,2.179
"<a href=""https://tiktok.com/@prkdnkrb58"" target=""_blank"">@prkdnkrb58</a>",33,7,0,0.884,6,116,0,1061.429,81.857,0.714,0.714
"<a href=""https://tiktok.com/@puhrra"" target=""_blank"">@puhrra</a>",28,9,0,0.875,23,585,0,2068.111,51.111,0.333,0
"<a href=""https://tiktok.com/@qbnvoop"" target=""_blank"">@qbnvoop</a>",34,8,0,0.938,3,44,0,1656.75,48.625,0.125,0.75
"<a href=""https://tiktok.com/@qhophvgycf89"" target=""_blank"">@qhophvgycf89</a>",33,5,0,0.833,3,45,0,954.6,71.4,0.2,1.2
"<a href=""https://tiktok.com/@quincyshop08"" target=""_blank"">@quincyshop08</a>",15,10,0,1,6,120,0,1159,48,0.5,1.7
"<a href=""https://tiktok.com/@refine74"" target=""_blank"">@refine74</a>",38,6,0,0.75,1,16,0,2674.667,184,1.167,0.167
"<a href=""https://tiktok.com/@rmcbk1"" target=""_blank"">@rmcbk1</a>",23,10,0,0.894,8,136,0,28526.2,782.5,4.3,8.7
"<a href=""https://tiktok.com/@rmgh132"" target=""_blank"">@rmgh132</a>",5,7,0,0.875,36,504,0,667.857,29.714,0.571,0.429
"<a href=""https://tiktok.com/@rohingyao"" target=""_blank"">@rohingyao</a>",21,10,0,0.812,39,728,0,1153.7,55.6,5,0.6
"<a href=""https://tiktok.com/@rosantspssu"" target=""_blank"">@rosantspssu</a>",32,8,0,0.938,3,46,0,2691.375,61,1,57.125
"<a href=""https://tiktok.com/@ryllskayaqing"" target=""_blank"">@ryllskayaqing</a>",8,8,0,0.938,15,228,0,1045.625,95.625,2.125,1.875
"<a href=""https://tiktok.com/@s_ostfo146"" target=""_blank"">@s_ostfo146</a>",11,8,0,0.938,4,60,0,975,21.375,0.125,0.375
"<a href=""https://tiktok.com/@sabanaminnaarishi"" target=""_blank"">@sabanaminnaarishi</a>",18,6,0,0.857,1,14,0,377.667,12.167,0.167,0.333
"<a href=""https://tiktok.com/@sameerah.tare"" target=""_blank"">@sameerah.tare</a>",38,5,0,0.625,1,14,0,725.2,23.8,1,0
"<a href=""https://tiktok.com/@samsilas1994"" target=""_blank"">@samsilas1994</a>",5,8,0,0.838,5,78,0,28851.5,1102,13.375,66.5
"<a href=""https://tiktok.com/@sandyjulia2021"" target=""_blank"">@sandyjulia2021</a>",8,9,0,0.887,3,46,0,1801.222,101.111,6.444,2.778
"<a href=""https://tiktok.com/@santiago.fernande323"" target=""_blank"">@santiago.fernande323</a>",13,8,0,1,3,42,0,1584.625,84.875,1.5,0.5
"<a href=""https://tiktok.com/@sasapco"" target=""_blank"">@sasapco</a>",21,10,0,0.812,39,728,0,1636.4,134.3,0.4,1.2
"<a href=""https://tiktok.com/@satarajoette"" target=""_blank"">@satarajoette</a>",8,9,0,0.916,19,282,0,883.889,47.444,0.778,1.778
"<a href=""https://tiktok.com/@satsyou"" target=""_blank"">@satsyou</a>",21,8,0,0.83,38,596,0,1145.375,81,3.875,0.5
"<a href=""https://tiktok.com/@scra5694"" target=""_blank"">@scra5694</a>",31,12,0,0.887,30,966,0,1423.417,60.75,0.75,1.417
"<a href=""https://tiktok.com/@sdsdyou"" target=""_blank"">@sdsdyou</a>",21,9,0,0.833,33,575,0,2307.667,87.778,3.333,1.333
"<a href=""https://tiktok.com/@sgdjn3"" target=""_blank"">@sgdjn3</a>",5,8,0,0.938,63,948,0,637.625,22.375,0.375,0.25
"<a href=""https://tiktok.com/@shhieqwe"" target=""_blank"">@shhieqwe</a>",38,7,0,0.74,8,118,0,855.857,34.714,0.714,0.571
"<a href=""https://tiktok.com/@shotewg"" target=""_blank"">@shotewg</a>",21,8,0,0.83,38,596,0,24801.375,1358,10.375,57.125
"<a href=""https://tiktok.com/@shvchjds"" target=""_blank"">@shvchjds</a>",21,9,0,0.833,33,576,0,1584,66.222,11.667,0.667
"<a href=""https://tiktok.com/@siev9347"" target=""_blank"">@siev9347</a>",31,12,0,0.888,30,966,0,1339.417,93.333,0.667,0.667
"<a href=""https://tiktok.com/@siivg1"" target=""_blank"">@siivg1</a>",8,7,0,0.875,3,42,0,1905.571,50.429,1.143,2.714
"<a href=""https://tiktok.com/@sisodne"" target=""_blank"">@sisodne</a>",30,8,0,1,1,22,0,1124,37.778,1.667,0.222
"<a href=""https://tiktok.com/@sjdh9643"" target=""_blank"">@sjdh9643</a>",5,8,0,0.891,54,816,0,843.5,32.625,0,0.5
"<a href=""https://tiktok.com/@sqifhw"" target=""_blank"">@sqifhw</a>",28,12,0,0.882,24,741,0,611.417,19.917,0.167,0.833
"<a href=""https://tiktok.com/@steven.garrison13"" target=""_blank"">@steven.garrison13</a>",5,9,0,0.938,63,948,0,1516.222,65.333,0.778,0.778
"<a href=""https://tiktok.com/@stoyouh"" target=""_blank"">@stoyouh</a>",21,10,0,0.812,39,728,0,1806.4,70.9,2.4,0.8
"<a href=""https://tiktok.com/@strom.jos"" target=""_blank"">@strom.jos</a>",38,6,0,0.75,1,16,0,708.333,11.167,0.667,0
"<a href=""https://tiktok.com/@stvhfhj"" target=""_blank"">@stvhfhj</a>",21,7,0,0.7,26,364,0,2083.286,53.286,4.286,2.571
"<a href=""https://tiktok.com/@stylish_queen_120"" target=""_blank"">@stylish_queen_120</a>",35,32,0,0.651,13,2029,0,1226.625,122.344,11.719,2.312
"<a href=""https://tiktok.com/@svjscsh"" target=""_blank"">@svjscsh</a>",21,10,0,0.812,39,728,0,10506.1,239.6,3.7,2.4
"<a href=""https://tiktok.com/@sweet_driver120"" target=""_blank"">@sweet_driver120</a>",35,36,0,0.647,13,2166,0,1198.194,125.75,14.444,3.583
"<a href=""https://tiktok.com/@tafwwk"" target=""_blank"">@tafwwk</a>",28,14,0,0.894,25,794,0,551.429,16.786,0,0.071
"<a href=""https://tiktok.com/@tduuugwt"" target=""_blank"">@tduuugwt</a>",6,10,0,1,1,16,0,965.7,33.4,0.3,1
"<a href=""https://tiktok.com/@ternencebloor0314"" target=""_blank"">@ternencebloor0314</a>",5,9,0,0.887,3,50,0,1093.444,69.333,0.333,0.667
"<a href=""https://tiktok.com/@text.fc"" target=""_blank"">@text.fc</a>",21,10,0,0.812,39,728,0,3936.4,151.6,5.8,9.4
"<a href=""https://tiktok.com/@text690"" target=""_blank"">@text690</a>",21,9,0,0.813,35,606,0,5326.667,99.111,16.556,3.111
"<a href=""https://tiktok.com/@text778"" target=""_blank"">@text778</a>",21,10,0,0.812,39,728,0,5318.5,174.8,2,3.8
"<a href=""https://tiktok.com/@textpov10"" target=""_blank"">@textpov10</a>",36,9,0,0.821,9,144,0,2875.111,66.444,1,3.667
"<a href=""https://tiktok.com/@texts178"" target=""_blank"">@texts178</a>",21,9,0,0.833,33,576,0,2299.444,128.667,3.556,3.333
"<a href=""https://tiktok.com/@textstory781"" target=""_blank"">@textstory781</a>",21,10,0,0.812,39,728,0,5082.1,145.4,5.5,1.5
"<a href=""https://tiktok.com/@textstoryman3"" target=""_blank"">@textstoryman3</a>",7,6,0,1,1,18,0,1269.5,53,2.167,4
"<a href=""https://tiktok.com/@textstyo"" target=""_blank"">@textstyo</a>",21,10,0,0.812,39,728,0,3510.2,127.7,3.1,5.5
"<a href=""https://tiktok.com/@tguu743"" target=""_blank"">@tguu743</a>",5,8,0,0.938,63,948,0,3231.375,52.375,0.75,1
"<a href=""https://tiktok.com/@thanh.dngp"" target=""_blank"">@thanh.dngp</a>",12,8,0,0.889,1,15,0,880.625,39.375,0.375,2.125
"<a href=""https://tiktok.com/@tiiff4205"" target=""_blank"">@tiiff4205</a>",31,12,0,0.888,30,966,0,894.75,29.417,0.5,0.25
"<a href=""https://tiktok.com/@tiwakp1"" target=""_blank"">@tiwakp1</a>",28,7,0,0.826,21,434,0,590.571,17.286,0,0.143
"<a href=""https://tiktok.com/@toma.rimi"" target=""_blank"">@toma.rimi</a>",40,6,0,0.917,5,87,0,616.833,15.5,0,0
"<a href=""https://tiktok.com/@topi.khatun6"" target=""_blank"">@topi.khatun6</a>",40,6,0,0.917,5,87,0,473,8,0,0.167
"<a href=""https://tiktok.com/@tsis.hsdg"" target=""_blank"">@tsis.hsdg</a>",39,5,0,0.833,12,180,0,349.4,5.6,0.4,0
"<a href=""https://tiktok.com/@tsuso.uso"" target=""_blank"">@tsuso.uso</a>",39,5,0,0.833,12,180,0,2056.4,24.6,0.2,0.8
"<a href=""https://tiktok.com/@tyuioaak1"" target=""_blank"">@tyuioaak1</a>",21,10,0,0.812,39,728,0,747.3,39.8,1.8,0.1
"<a href=""https://tiktok.com/@ubhutfrx"" target=""_blank"">@ubhutfrx</a>",3,10,0,0.95,15,292,0,1980.6,110.6,1.1,1.2
"<a href=""https://tiktok.com/@udocidh"" target=""_blank"">@udocidh</a>",9,9,0,0.875,1,14,0,1710.778,139,6.222,2.333
"<a href=""https://tiktok.com/@ufsc8075"" target=""_blank"">@ufsc8075</a>",31,12,0,0.888,30,966,0,1312.75,75.167,0.167,1.5
"<a href=""https://tiktok.com/@uftixru"" target=""_blank"">@uftixru</a>",8,9,0,0.916,18,283,0,2786.333,199.444,3,22.556
"<a href=""https://tiktok.com/@ugoujhu"" target=""_blank"">@ugoujhu</a>",26,8,0,1,7,98,0,450,10.625,0,0.875
"<a href=""https://tiktok.com/@uhpdh"" target=""_blank"">@uhpdh</a>",3,10,0,0.95,15,292,0,1096.4,57.9,0.7,0.5
"<a href=""https://tiktok.com/@urdu9708"" target=""_blank"">@urdu9708</a>",31,12,0,0.888,30,966,0,1345.25,72.25,0.167,0.417
"<a href=""https://tiktok.com/@user1203836358576"" target=""_blank"">@user1203836358576</a>",23,9,0,0.916,7,112,0,7473.556,217.889,6.889,1.667
"<a href=""https://tiktok.com/@user2268806570260"" target=""_blank"">@user2268806570260</a>",5,9,0,0.916,74,1196,0,1007.333,35.556,1.333,0
"<a href=""https://tiktok.com/@user240775158"" target=""_blank"">@user240775158</a>",40,6,0,0.917,5,87,0,1281.833,18.333,0.333,0.167
"<a href=""https://tiktok.com/@user2727751386886"" target=""_blank"">@user2727751386886</a>",38,9,0,0.788,14,238,0.001,1654.444,37.667,0.778,0.333
"<a href=""https://tiktok.com/@user2804925460335"" target=""_blank"">@user2804925460335</a>",21,9,0,0.778,1,21,0,1884.667,31.667,2,0.556
"<a href=""https://tiktok.com/@user3360077055795"" target=""_blank"">@user3360077055795</a>",2,5,0,0.833,4,60,0,1286,68,0.8,1.6
"<a href=""https://tiktok.com/@user3428239706378"" target=""_blank"">@user3428239706378</a>",1,7,0,0.857,3,42,0,2928,47.143,0.714,1.571
"<a href=""https://tiktok.com/@user3933909636681"" target=""_blank"">@user3933909636681</a>",2,5,0,0.833,4,60,0,46744,1942.2,591,996.2
"<a href=""https://tiktok.com/@user446852885706"" target=""_blank"">@user446852885706</a>",5,9,0,0.916,69,1122,0,1680.556,97.222,1.333,1.889
"<a href=""https://tiktok.com/@user5203530187060"" target=""_blank"">@user5203530187060</a>",5,10,0,0.855,85,1474,0,1596.8,24.9,3.1,0.2
"<a href=""https://tiktok.com/@user54084767052186"" target=""_blank"">@user54084767052186</a>",14,9,0,0.925,12,197,0,7985.889,112.667,2.333,2
"<a href=""https://tiktok.com/@user5626060056906"" target=""_blank"">@user5626060056906</a>",3,10,0,0.95,15,292,0,884.1,44.3,0.3,0.7
"<a href=""https://tiktok.com/@user5767257366324"" target=""_blank"">@user5767257366324</a>",18,6,0,0.857,1,14,0,1690.167,32,0.167,0.833
"<a href=""https://tiktok.com/@user6024099769612"" target=""_blank"">@user6024099769612</a>",20,9,0,0.916,11,169,0,5005,93.889,1.111,0.778
"<a href=""https://tiktok.com/@user6512543508135"" target=""_blank"">@user6512543508135</a>",1,6,0,0.857,1,14,0,572.5,16.667,0,0.5
"<a href=""https://tiktok.com/@user6612103821920"" target=""_blank"">@user6612103821920</a>",1,6,0,0.857,1,14,0,218.5,7,0.167,0.167
"<a href=""https://tiktok.com/@user6922385284275"" target=""_blank"">@user6922385284275</a>",3,10,0,0.95,15,292,0,1981.4,103.3,1.5,1.4
"<a href=""https://tiktok.com/@user7491401466635"" target=""_blank"">@user7491401466635</a>",2,5,0,0.833,4,60,0,4279.4,186.6,10,21.8
"<a href=""https://tiktok.com/@user769357200"" target=""_blank"">@user769357200</a>",8,10,0,0.855,24,384,0,733.9,30.8,1.4,0.3
"<a href=""https://tiktok.com/@user7999731519937"" target=""_blank"">@user7999731519937</a>",5,8,0,0.891,52,789,0,1345,65.125,1.625,2.5
"<a href=""https://tiktok.com/@user8071963807813"" target=""_blank"">@user8071963807813</a>",1,6,0,0.857,1,14,0,368.833,14.667,0.167,0.167
"<a href=""https://tiktok.com/@user83050540275304"" target=""_blank"">@user83050540275304</a>",2,6,0,0.917,7,114,0,762,35.5,0.5,0.333
"<a href=""https://tiktok.com/@user8662190461588"" target=""_blank"">@user8662190461588</a>",2,6,0,0.917,7,114,0,13298.333,424.5,7.333,8.333
"<a href=""https://tiktok.com/@user909070149145"" target=""_blank"">@user909070149145</a>",36,9,0,0.86,8,130,0,15780.778,186.778,2.556,9.222
"<a href=""https://tiktok.com/@user9263706665749"" target=""_blank"">@user9263706665749</a>",8,10,0,0.938,17,262,0,1156.9,46.9,1.1,0.5
"<a href=""https://tiktok.com/@user9398178519308"" target=""_blank"">@user9398178519308</a>",38,6,0,0.917,4,69,0,423,5.333,0,0.167
"<a href=""https://tiktok.com/@user9638712240929"" target=""_blank"">@user9638712240929</a>",8,9,0,0.916,18,283,0,984.889,50.778,0.222,0.333
"<a href=""https://tiktok.com/@username.123467897"" target=""_blank"">@username.123467897</a>",16,10,0,1,1,21,0,805.6,33.6,1.6,1.5
"<a href=""https://tiktok.com/@username.12365478"" target=""_blank"">@username.12365478</a>",16,10,0,1,1,21,0,1390.083,104.25,10.917,5.5
"<a href=""https://tiktok.com/@username.64754675"" target=""_blank"">@username.64754675</a>",17,8,0,0.75,1,14,0,656.5,77.625,6,1.625
"<a href=""https://tiktok.com/@username6652655"" target=""_blank"">@username6652655</a>",35,24,0,0.702,6,415,0,128.5,12.208,1.917,0.208
"<a href=""https://tiktok.com/@usixidbd"" target=""_blank"">@usixidbd</a>",5,10,0,0.855,85,1474,0,2687.6,224.2,2.6,2.4
"<a href=""https://tiktok.com/@usjcsx8i"" target=""_blank"">@usjcsx8i</a>",36,8,0,0.79,9,137,0,783.375,21.625,0,0.5
"<a href=""https://tiktok.com/@vdudb33"" target=""_blank"">@vdudb33</a>",5,10,0,0.855,85,1474,0,26156.7,704.2,2.1,1.9
"<a href=""https://tiktok.com/@vicblack0504"" target=""_blank"">@vicblack0504</a>",5,7,0,0.875,38,532,0,1092.857,120,1,0.714
"<a href=""https://tiktok.com/@vintage5920"" target=""_blank"">@vintage5920</a>",36,8,0,0.755,7,116,0,275.556,10.222,1,0.222
"<a href=""https://tiktok.com/@vkie1837"" target=""_blank"">@vkie1837</a>",31,3,0,0.5,1,18,0,415.667,17.667,0,0.333
"<a href=""https://tiktok.com/@vxissvsb"" target=""_blank"">@vxissvsb</a>",38,6,0,0.75,1,16,0,748.333,26.333,0,0.167
"<a href=""https://tiktok.com/@wdoi2427"" target=""_blank"">@wdoi2427</a>",31,12,0,0.888,30,966,0,379.667,19.5,0.333,0.417
"<a href=""https://tiktok.com/@weck01"" target=""_blank"">@weck01</a>",21,10,0,0.812,39,728,0,66204.8,3579.6,24,145
"<a href=""https://tiktok.com/@wevbocr"" target=""_blank"">@wevbocr</a>",38,6,0,0.75,1,16,0,4161.833,58.5,1.167,0.333
"<a href=""https://tiktok.com/@wgslhe"" target=""_blank"">@wgslhe</a>",28,15,0,0.888,25,855,0,1182.867,27.933,0.133,0.133
"<a href=""https://tiktok.com/@wgvs9108"" target=""_blank"">@wgvs9108</a>",31,9,0,0.854,28,708,0,432,19.667,0,0.111
"<a href=""https://tiktok.com/@wilks.chasen"" target=""_blank"">@wilks.chasen</a>",5,10,0,0.938,6,94,0,2047.9,75.6,0.8,4.2
"<a href=""https://tiktok.com/@wipw6992"" target=""_blank"">@wipw6992</a>",31,6,0,0.917,25,435,0.001,530.667,11.5,0.167,1.333
"<a href=""https://tiktok.com/@wotext"" target=""_blank"">@wotext</a>",21,10,0,0.812,39,728,0,1587.8,60.5,1.6,0.4
"<a href=""https://tiktok.com/@wty88731wbc"" target=""_blank"">@wty88731wbc</a>",22,10,0,0.892,3,50,0,2853.1,136,4.2,1.4
"<a href=""https://tiktok.com/@wxjqb8"" target=""_blank"">@wxjqb8</a>",26,8,0,1,7,98,0,942,36.375,0,1
"<a href=""https://tiktok.com/@wys88511u0t"" target=""_blank"">@wys88511u0t</a>",22,10,0,0.892,3,50,0,5799.7,268,9.4,3.1
"<a href=""https://tiktok.com/@xbksbssh"" target=""_blank"">@xbksbssh</a>",38,6,0,0.833,1,15,0,329,6.333,0.167,0
"<a href=""https://tiktok.com/@xcwvym2"" target=""_blank"">@xcwvym2</a>",38,6,0,0.75,1,16,0,1534.333,85.5,1.333,1.167
"<a href=""https://tiktok.com/@xhjsjsgd6362"" target=""_blank"">@xhjsjsgd6362</a>",38,7,0,0.812,5,72,0,642.286,15.429,0.429,0.429
"<a href=""https://tiktok.com/@xistoretime"" target=""_blank"">@xistoretime</a>",36,10,0,0.835,9,160,0,734.3,28.2,0.7,0.2
"<a href=""https://tiktok.com/@xxii911"" target=""_blank"">@xxii911</a>",21,10,0,0.812,39,728,0,511.8,41.8,1.5,0.3
"<a href=""https://tiktok.com/@y_lebei321"" target=""_blank"">@y_lebei321</a>",10,8,0,0.938,3,44,0,1258.875,40.5,0.375,5.875
"<a href=""https://tiktok.com/@ycbbbsd"" target=""_blank"">@ycbbbsd</a>",5,9,0,0.916,69,1122,0,1091.444,49.667,0,0.889
"<a href=""https://tiktok.com/@yeke.heo"" target=""_blank"">@yeke.heo</a>",39,6,0,0.917,18,303,0,1334.833,16.833,0,0
"<a href=""https://tiktok.com/@yfidifh"" target=""_blank"">@yfidifh</a>",8,10,0,0.938,17,262,0,2360.3,99.8,0.9,0.6
"<a href=""https://tiktok.com/@ykht6376ew"" target=""_blank"">@ykht6376ew</a>",33,8,0,0.899,8,158,0,1361.75,130.375,1.25,0.375
"<a href=""https://tiktok.com/@you.texts"" target=""_blank"">@you.texts</a>",21,9,0,0.835,38,656,0,1165.444,43.333,1.667,0.778
"<a href=""https://tiktok.com/@you55668"" target=""_blank"">@you55668</a>",21,10,0,0.812,39,728,0,1750.2,116.3,3.6,1.9
"<a href=""https://tiktok.com/@yourfavtwins0"" target=""_blank"">@yourfavtwins0</a>",38,8,0,0.875,10,148,0,549.5,18.75,0,0.125
"<a href=""https://tiktok.com/@yourstoryttt"" target=""_blank"">@yourstoryttt</a>",21,10,0,0.812,39,728,0,2533.8,79.8,4.2,4.6
"<a href=""https://tiktok.com/@ytrq8081"" target=""_blank"">@ytrq8081</a>",29,15,0,1,5,216,0,5957.667,123.8,0.667,0.333
"<a href=""https://tiktok.com/@yunshuchuan131"" target=""_blank"">@yunshuchuan131</a>",11,7,0,0.875,3,42,0,2413.429,64.571,1.286,2
"<a href=""https://tiktok.com/@yurodriver_120"" target=""_blank"">@yurodriver_120</a>",35,18,0,0.578,10,984,0,504.167,48,4.056,1.889
"<a href=""https://tiktok.com/@yuwenmovie"" target=""_blank"">@yuwenmovie</a>",5,10,0,0.892,60,934,0.001,586.7,28.6,0.8,0.3
"<a href=""https://tiktok.com/@zdogz60"" target=""_blank"">@zdogz60</a>",38,6,0,0.75,1,16,0,849.5,24.167,1.833,1.167
"<a href=""https://tiktok.com/@zgekze"" target=""_blank"">@zgekze</a>",26,8,0,1,7,98,0,914.375,33.5,0.125,0.875
"<a href=""https://tiktok.com/@zjvz.bdoj"" target=""_blank"">@zjvz.bdoj</a>",21,7,0,0.911,35,520,0,313.429,3.571,0.143,0
"<a href=""https://tiktok.com/@ztctmxt"" target=""_blank"">@ztctmxt</a>",38,5,0,0.625,1,14,0,21664.6,179.4,5.4,1.6
