"Network","Number of Accounts","Network Density","Network Diameter","Clustering Coefficient","Avg Views","Avg Likes","Avg Comments","Avg Shares","Member Accounts"
1,4,0.5,28,0,1098.2,22.4,0.28,0.64,"user6612103821920, user6512543508135, user3428239706378, user8071963807813"
2,9,0.667,36,0.725,8259.965,313.825,60.333,95.789,"user8662190461588, user3933909636681, djskgikeejk8, mdsdz2, ggdthij, bdbdchhd, user3360077055795, user7491401466635, user83050540275304"
3,16,1,20,1,7374.718,310.109,1.494,2.904,"user5626060056906, be.jkigv, luisina.riihimaki, uhpdh, bmc12655, jdpxorjf, ubhutfrx, hcodifb, irdc042, fughf21, fdijc3, hdifhg5, jfkovj5, hsozhs6, krug011, user6922385284275"
4,2,1,14,0,92526.105,2707.632,3.474,17.684,"jtcytxyzey, chantalkusch"
5,94,0.644,76,0.834,3710.4,103.227,1.769,2.86,"gskpccbd, bfihc, dhicug, gckcj4, nendn4309, godv7302, pratt_movie, fuchc053, aefhkddh, steven.garrison13, ghjvfh4, sgdjn3, aed57705, aed3345, rmgh132, fucsru, aed2502, cngff4885, dhcdyj5, aed9335, aedbr6, aed5430, aed7230, dvnedc, dhcdyh, chvftn, gdvbgv3, aed8562, abdaziz2128, fuvfcb, aed3326, aiden50348, aed1523, kate396112, user7999731519937, user446852885706, oxh758, usixidbd, abd.aziz9083, jeiofifuhd, coicbf, aedhdjcocj, anaxagoras.harlen, fiutfvjj, aedyckctu, aedhdici, cirila.mccorkle, user2268806570260, fjgr86434, tguu743, gdsd888, jhff96585, dguy8654, dhut98545, hgfryj8745, chcjg0, fuddg743, fjggds0808, jgdghg75464, geujcc, jfdhjj9090, jfdyh846, gsufb86, hdbj8585, jfshjfd9530, itdh8557, user5203530187060, hdhxg847, sjdh9643, grukc02, bbfj54, bgfddf8888, vdudb33, hffrr976575, jfdd653, hshjrg8647, hdr86575, fauy8466, gcgi66, duvfyh1, fredagraham2022, dianaantoinette2000, ternencebloor0314, ericeuphemia0529, vicblack0504, wilks.chasen, asdfsasd.fgdfdgas, ferdinandbecky1982, ycbbbsd, hhhhh777777852, samsilas1994, estherwebb1225, elvisspencer2003, yuwenmovie"
6,3,0.667,32,0,12786.867,256.233,4,5.567,"alanlang42, tduuugwt, dyihiyr.ta"
7,2,1,18,0,104164.706,3493.353,14.412,15.706,"cokestory1, textstoryman3"
8,27,0.462,46,0.792,12201.062,494.218,3.44,4.956,"ryllskayaqing, ckfg70, hdhu402, siivg1, bcjjc54, dyfxtfd, gxicofj, hdjixdj, uftixru, aedjdpckd, aedvziocjc, aiudugd, bridget.pugeda, aedjpidhd, esperance.sulcer, mapleswishesvs, long.arpin, satarajoette, sandyjulia2021, geiodhs, fichfj1, yfidifh, user9263706665749, bdodhc, user9638712240929, user769357200, morgan.rodregez"
9,2,1,14,0,1675.263,110.421,3.632,1.421,"udocidh, jdoxhbd"
10,4,0.833,28,0.75,1938.6,57.3,0.8,6.967,"d_odbeu124, h_lehdi127, h_kp82, y_lebei321"
11,5,0.9,28,0.875,2128.974,49.947,0.763,2.289,"b_vtost109, s_ostfo146, fengtiantian65, k_bao1m114, yunshuchuan131"
12,5,0.5,29,0.375,1934.927,56.902,0.683,1.073,"jacinta.almetrak, fh.hfko, fody.noachp, thanh.dngp, dilorenzo.medlohk"
13,4,1,14,1,6808.094,117.562,1.812,2.188,"kokokopi72, bruchy.pembertonk, santiago.fernande323, fatal2380"
14,14,0.934,28,0.956,14921.836,205.484,1.609,4.773,"aeda1689, user54084767052186, debran.oxonrp86, lwandiswamsithini, debran.oxonrp03, bate.hynda, dung.tran2322, aed7p4, debran.oxonrp81, aynor.ogawa, aed75787, hoeg.huan, debran.oxonrp00, aed3660"
15,7,1,20,1,1212.357,59.914,0.571,0.629,"chhvtdy, hdididh8, dutiutx, jfufrehcdh, hdkcofh, jdpdosj, quincyshop08"
16,2,1,21,0,1124.409,72.136,6.682,3.682,"username.12365478, username.123467897"
17,3,0.667,28,0,1533.778,148.407,8.074,2.148,"beaty_queen_22, china_cutegirl22, username.64754675"
18,6,0.333,28,0,3021.308,47.103,2.846,1.051,"barbaraprice1013, andretracy0724, mcgkvx, sabanaminnaarishi, dgfddc24, user5767257366324"
19,9,0.778,36,0.92,16264.061,439.037,3.317,6.744,"kellygallacher0930, beacherarmstrong2005, lewisaledk0117, ferdinand0304, josephmacadam2022, hdhjvx2, elmacatharine2013, nataliechristiana2016, hvcnnh"
20,14,0.604,32,0.722,6801.888,157.362,2.147,3.103,"aed2977, bdonvg, fannybach2010, bartholomewnancybz1025, gjbgikh, gjcfyc, user6024099769612, calvinwhitman1014, ghcdax, kimleonard0623, elvistrevelyan0204, juliedouglass2013, fhfry4764, finishthemovie3"
21,42,0.878,53,0.96,7652.454,315.446,5.687,11.038,"csusvhb, textstyo, fjjgdvx, wotext, stvhfhj, svjscsh, shvchjds, tyuioaak1, dhcghcb, hdryxd, text.fc, stoyouh, weck01, huiodjio, rohingyao, landscape5670, bsbseuo, crtyougo, xxii911, you.texts, hxavnxh, dtkwod, you55668, ktsfyh, texts178, text690, cagnhd, sasapco, text778, sdsdyou, textstory781, satsyou, shotewg, yourstoryttt, ndnenmeme, bdbdhhehh, hdjddjd092, chccggc1, gthggg8, fcvbvv57, user2804925460335, zjvz.bdoj"
22,4,1,20,1,8238.35,233.775,47.15,5.45,"gskgu2, gdkzfj, wty88731wbc, wys88511u0t"
23,9,0.778,32,0.863,11066.346,316.538,4.115,7.538,"fhvdet, fjgryg0, aed6071, chcryd, dscgty, rmcbk1, fecbgf, joannafitzgerald1111, user1203836358576"
24,2,1,24,0,37953.045,852.5,13.773,10.318,"chinuo.zhong, givtuv"
25,2,1,14,0,1980.467,76.267,2.933,3.933,"icucxyyd, esjsisi3"
26,8,1,14,1,1377.984,47.938,0.438,1.141,"79z4nq6, 01k4d70, 3buenynx, nvi3ho, ugoujhu, wxjqb8, 8znh4ap, zgekze"
27,2,1,14,0,2029.438,58.062,1.25,1.75,"3mmujktv, n3atrc"
28,26,0.917,54,0.952,793.447,20.573,0.137,0.197,"awgthc, awglma, hirakw1, doiplo1, kfbfol, mmlcdg, hdmjwo1, bpgarp, eqmhqf, jhckhs, abjjvt, sqifhw, lhqitc, dtbtcc8, hltuoq, hidouo, tafwwk, bipiqo, idpeoc, tiwakp1, puhrra, cdnkdg, cusvtd, lgunwj, fsaftn, wgslhe"
29,6,1,45,1,3229.092,81.989,0.402,0.425,"bvoo3130, ghhj8554, dijx3903, fhda78402, okay11732, ytrq8081"
30,2,1,22,0,980.588,38.824,1.235,0.412,"djjsjbxjb, sisodne"
31,33,0.862,57,0.973,1345.182,58.691,0.444,0.524,"coref8734, wgvs9108, tiiff4205, wipw6992, hehs5037, cjitr2086, gour2295, cjur6297, jcsie5410, ehgw1916, courr1227, scra5694, clirr5282, ufsc8075, fkur7594, siev9347, gjus6238, cjirr8920, wdoi2427, eiwv9484, eodn8506, fnnf8890, bffb2489, gjguq6894, fiur8444, urdu9708, cjire9104, dhhi6645, hrfj8302, ckir91022, ific3756, hrsy60677, vkie1837"
32,5,0.8,30,0.789,2594.698,80.581,1.395,11.814,"eudazpstrvf, danaobenkuil, hygge8662, rosantspssu, fugfuj33"
33,10,0.778,36,0.848,1402.097,134.667,1.125,1.542,"bfffercajm, prkdnkrb58, hzbdbrb737hdh, biytff8bh8, evdsfgg89, nihgvgt889, ctskgzjv, qhophvgycf89, boyfchijvy65, ykht6376ew"
34,4,0.833,28,0.75,4285.906,98.25,0.312,0.844,"grsxhi1, evxsaabi, manggkko5, qbnvoop"
35,16,0.742,113,0.853,1157.445,98.145,11.252,2.044,"amazinggirl_120, billo_driver3535, cutegirlbabe2, cute_chumi_girl208, pardesi_driver120, cutedriver120, chumi_driver102, areplan_driver120, kartik_girl120, privon14, stylish_queen_120, cutequeen_driver120, sweet_driver120, happy_chinagirl_8, username6652655, yurodriver_120"
36,10,0.956,30,0.957,2936,64.548,1.118,1.71,"echo41097whisper, jjjjjjf00, textpov10, user909070149145, usjcsx8i, kind26921, vintage5920, debran.oxonrp34, debran.oxonrp080, xistoretime"
37,2,1,22,0,2193.524,97.143,1.381,2.048,"dydes6, dmssndn.hdmsmen"
38,70,0.074,61,0.327,1590.754,41.825,0.654,0.295,"2appookkve, 3mbfklb, 4hgkdjf, 2thgkvjd, 1utfjk, 4hjgdjj, bzsksk1, 3mmmgkk, heheb8964, dfittf, user9398178519308, jsns2563, hzhdhs, duuff30, g.in.cgn, bdjsxn6, hzjsjs897, jshszh6382, jxfciicg, jdjsbs94, xbksbssh, cjdfndrh, jxgxi8, naivevy, gauqhar2, 41ghqq, hds.hy, hosgsg0, xhjsjsgd6362, gdjsys526252, cjdeub, gdghss35, strom.jos, hsbshzu0, fjvbff3, user2727751386886, mjbwysq6, wevbocr, ivfqjqo2, nqkwvc, maemeg7, nhllos8, afpkjk, leoraf9, zdogz60, ljpjvh, hwvrok, oljclk, hdvhds4, cigcgict, cucu17645, vxissvsb, yourfavtwins0, fhcgocgo, juarezbent, kenworthyhoo, bcfgtrjh, ciucfyictci, shhieqwe, sameerah.tare, pdilul, htjzwe4, refine74, oxkops7, evfdmzl, nzohwh, xcwvym2, kdywnty, djisks96, ztctmxt"
39,19,0.877,30,0.89,718.252,14.318,0.29,0.411,"mv.vj3, mzcvs991, dadd.dhh7, dfyioo.nko, tsuso.uso, tsis.hsdg, hgff.nko, fujgds.guio, fgjio.ghkl, gskdl.duo, etuo.uop, frees.ess, greeryy2, hskdk.jso, guoonn.hkp, hejdsgi, fgjores, jbvn61, yeke.heo"
40,6,1,18,1,700.171,9.229,0.257,0.2,"omi.poni0, topi.khatun6, monalisa7988, bristy.beb, toma.rimi, user240775158"
41,4,1,18,1,1434.304,39.261,0.391,3.261,"hdbjx72, hsbuz8, fhuc22, gfg6705"
