"Account","Network","Unique Shares","Avg Time Between Shares (sec)","Edge Symmetry Score","Degree","Strength","Betweenness","Avg Views","Avg Likes","Avg Comments","Avg Shares"
"<a href=""https://tiktok.com/@11cjhggg"" target=""_blank"">@11cjhggg</a>",86,7,55,1,1,8,0,5035.286,90.143,0.714,0.286
"<a href=""https://tiktok.com/@1qwdjjd"" target=""_blank"">@1qwdjjd</a>",85,8,56.514,0.904,5,53,0,2364,66.5,0.375,1.125
"<a href=""https://tiktok.com/@2thgkvjd"" target=""_blank"">@2thgkvjd</a>",82,8,56.153,1,2,19,0,1516.25,108.375,1.125,0.5
"<a href=""https://tiktok.com/@3jfofoed"" target=""_blank"">@3jfofoed</a>",82,7,56.556,0.857,1,9,0,1784.429,77.857,0.714,0.429
"<a href=""https://tiktok.com/@41ghqq"" target=""_blank"">@41ghqq</a>",83,8,63,0.875,1,10,0,1214.5,48.375,1,0.125
"<a href=""https://tiktok.com/@4hgkdjf"" target=""_blank"">@4hgkdjf</a>",82,8,44.341,1,2,19,0,1369.625,86.875,0.5,0.125
"<a href=""https://tiktok.com/@abdfujftonf"" target=""_blank"">@abdfujftonf</a>",114,8,52.5,1,1,8,0,2876.5,56,2.25,6
"<a href=""https://tiktok.com/@acsge1347"" target=""_blank"">@acsge1347</a>",96,4,44.585,0.969,4,40,0,578,16.75,0,0
"<a href=""https://tiktok.com/@aed0267"" target=""_blank"">@aed0267</a>",57,12,65.306,0.983,6,76,0,2435.417,87.25,0.5,0.417
"<a href=""https://tiktok.com/@aed2750"" target=""_blank"">@aed2750</a>",57,11,61.979,0.89,10,169,0,4788.909,91.455,0.636,1.727
"<a href=""https://tiktok.com/@aed3496"" target=""_blank"">@aed3496</a>",115,8,38.444,1,1,9,0,1188,24.875,0.75,0.625
"<a href=""https://tiktok.com/@aed7598"" target=""_blank"">@aed7598</a>",125,4,18.75,1,1,8,0,1003,57.75,1.25,0.25
"<a href=""https://tiktok.com/@aed7616"" target=""_blank"">@aed7616</a>",125,4,18.75,1,1,8,0,1494.5,87.5,1.25,0
"<a href=""https://tiktok.com/@aedfxthg"" target=""_blank"">@aedfxthg</a>",112,7,35.4,1,1,10,0,9126.286,93.429,2.571,8.571
"<a href=""https://tiktok.com/@aedg542"" target=""_blank"">@aedg542</a>",113,8,44.5,1,1,8,0,1951.5,42.125,1.375,3.25
"<a href=""https://tiktok.com/@aedhdjcoof"" target=""_blank"">@aedhdjcoof</a>",2,8,46.4,0.958,3,28,0,2166.125,166.75,1.5,2.125
"<a href=""https://tiktok.com/@aedjxpxodj"" target=""_blank"">@aedjxpxodj</a>",38,4,47.375,1,2,16,0,2193.25,149.5,1,0.5
"<a href=""https://tiktok.com/@aedvziocjc"" target=""_blank"">@aedvziocjc</a>",37,7,54.125,1,1,8,0,1674.429,125.143,2.714,1
"<a href=""https://tiktok.com/@aedyckctu"" target=""_blank"">@aedyckctu</a>",3,7,57.889,0.667,1,9,0,2825.429,92.429,0.571,1
"<a href=""https://tiktok.com/@ajcue9039"" target=""_blank"">@ajcue9039</a>",90,7,50.5,0.929,2,16,0,1350.714,52.857,0.143,0.143
"<a href=""https://tiktok.com/@akksdb4"" target=""_blank"">@akksdb4</a>",123,4,52.85,0.9,2,18,0,262080,16801.5,593.25,532.25
"<a href=""https://tiktok.com/@ale2r35"" target=""_blank"">@ale2r35</a>",28,8,60.812,0.929,2,16,0,2671,35.125,0,0.375
"<a href=""https://tiktok.com/@ale383279"" target=""_blank"">@ale383279</a>",29,7,56.653,0.943,5,42,0,394.429,18.286,0.286,0
"<a href=""https://tiktok.com/@aleaa0249"" target=""_blank"">@aleaa0249</a>",27,7,64.375,1,1,8,0,340.714,12.286,0,0.143
"<a href=""https://tiktok.com/@alejkityuoo"" target=""_blank"">@alejkityuoo</a>",29,7,49.744,0.938,5,42,0,340,14.429,0,0.143
"<a href=""https://tiktok.com/@alfred.roberts5"" target=""_blank"">@alfred.roberts5</a>",15,6,35.4,0.833,1,10,0,5302.714,233.286,7.429,67.714
"<a href=""https://tiktok.com/@amazing_seeet120"" target=""_blank"">@amazing_seeet120</a>",58,6,33.167,1,1,12,0,125.25,4.333,0.917,0
"<a href=""https://tiktok.com/@amazinggirl_120"" target=""_blank"">@amazinggirl_120</a>",59,4,98.778,1,1,9,0,2871.333,291,15.5,16.667
"<a href=""https://tiktok.com/@ancmleilrbge"" target=""_blank"">@ancmleilrbge</a>",8,6,62.579,0.952,3,26,0,5903.833,163.5,6.833,5.333
"<a href=""https://tiktok.com/@anpebsaxgu9"" target=""_blank"">@anpebsaxgu9</a>",29,8,62.136,0.91,8,80,0,1685,65.25,0,0
"<a href=""https://tiktok.com/@anxdo3188"" target=""_blank"">@anxdo3188</a>",85,9,57.826,0.864,5,54,0,1730.778,63.444,0.444,0.556
"<a href=""https://tiktok.com/@anxkr2491"" target=""_blank"">@anxkr2491</a>",96,6,61.7,0.778,2,23,0,1620.667,53.833,0.167,0
"<a href=""https://tiktok.com/@anxmd2388"" target=""_blank"">@anxmd2388</a>",98,3,22.556,1,1,9,0,1251.333,26.667,0,0
"<a href=""https://tiktok.com/@arffug"" target=""_blank"">@arffug</a>",66,12,67.812,0.988,8,110,0,826.917,22.167,0,0.167
"<a href=""https://tiktok.com/@aseng.haymong"" target=""_blank"">@aseng.haymong</a>",65,5,29.75,0.857,1,8,0,3284.286,89,0.429,2.286
"<a href=""https://tiktok.com/@avelina.asucen"" target=""_blank"">@avelina.asucen</a>",93,5,46.75,1,1,8,0,976.4,51.8,0.2,0
"<a href=""https://tiktok.com/@awbe.nevx"" target=""_blank"">@awbe.nevx</a>",104,16,63.87,0.891,4,52,0,3212.667,33.056,2,6.833
"<a href=""https://tiktok.com/@awcc.jqhh"" target=""_blank"">@awcc.jqhh</a>",104,12,57.39,0.913,5,47,0,2556.533,42.533,1,1.867
"<a href=""https://tiktok.com/@awmilke"" target=""_blank"">@awmilke</a>",91,6,14.75,1,1,8,0,9139.333,88.333,4,0.5
"<a href=""https://tiktok.com/@ayden.riverad"" target=""_blank"">@ayden.riverad</a>",5,8,57.176,1,3,25,0,18762,474.25,4,5
"<a href=""https://tiktok.com/@ayipald"" target=""_blank"">@ayipald</a>",27,8,64.375,1,1,8,0,796.5,28.25,0.25,0.375
"<a href=""https://tiktok.com/@bakaf3280"" target=""_blank"">@bakaf3280</a>",85,9,59.571,0.827,5,47,0,2012.778,115.889,0.111,0.333
"<a href=""https://tiktok.com/@baobaiwan888"" target=""_blank"">@baobaiwan888</a>",9,6,52.435,0.943,5,45,0,1289.5,82,1.333,3.167
"<a href=""https://tiktok.com/@baobaobao7183"" target=""_blank"">@baobaobao7183</a>",8,5,57.778,1,1,9,0,1386,39.4,1.4,1
"<a href=""https://tiktok.com/@baomeijing67"" target=""_blank"">@baomeijing67</a>",9,4,65,1,2,16,0,1184.5,54.5,3.75,1.25
"<a href=""https://tiktok.com/@baoqianwan11"" target=""_blank"">@baoqianwan11</a>",9,5,42.778,0.849,3,25,0,1747,82.2,1,0.8
"<a href=""https://tiktok.com/@battl.kray"" target=""_blank"">@battl.kray</a>",56,5,63.729,0.958,3,29,0,1909,41.4,0.2,0.4
"<a href=""https://tiktok.com/@bawangchaji6"" target=""_blank"">@bawangchaji6</a>",46,9,52.5,0.889,1,10,0,1107.444,60.556,0.857,0.111
"<a href=""https://tiktok.com/@baxor3828"" target=""_blank"">@baxor3828</a>",85,9,61.811,0.972,4,43,0,3334.556,112.667,2.778,1.333
"<a href=""https://tiktok.com/@be.jkigv"" target=""_blank"">@be.jkigv</a>",1,8,56.35,0.894,5,51,0,1927.25,105.5,0.875,0
"<a href=""https://tiktok.com/@beckdodd1994"" target=""_blank"">@beckdodd1994</a>",116,8,25.75,1,1,8,0,1653.75,34.125,2.25,1.375
"<a href=""https://tiktok.com/@benedossie2"" target=""_blank"">@benedossie2</a>",56,5,57.509,0.889,4,38,0,6356.4,76.8,0.8,0.8
"<a href=""https://tiktok.com/@berez.paulo"" target=""_blank"">@berez.paulo</a>",16,8,55.835,0.854,2,19,0,2486,63.375,0.875,0.5
"<a href=""https://tiktok.com/@bihuogogogo"" target=""_blank"">@bihuogogogo</a>",15,5,64.2,0.917,2,18,0,2672.8,133,20.2,24.6
"<a href=""https://tiktok.com/@bipiqo"" target=""_blank"">@bipiqo</a>",66,12,62.757,0.861,6,104,0,506.333,22.75,0.167,0
"<a href=""https://tiktok.com/@bixukf"" target=""_blank"">@bixukf</a>",89,6,8.333,1,1,12,0,16969.5,475,9.167,2.833
"<a href=""https://tiktok.com/@bkot6010"" target=""_blank"">@bkot6010</a>",68,10,80.714,0.9,2,36,0,1052,29.583,0.25,2.167
"<a href=""https://tiktok.com/@bmc12655"" target=""_blank"">@bmc12655</a>",1,8,57.148,0.844,7,73,0,1821.875,76.75,1.625,1.375
"<a href=""https://tiktok.com/@bpgarp"" target=""_blank"">@bpgarp</a>",66,12,55.31,0.92,8,155,0,1095.25,104.667,0.5,0.667
"<a href=""https://tiktok.com/@brittanycarter1959"" target=""_blank"">@brittanycarter1959</a>",33,8,45.889,0.875,1,9,0,900.5,26.125,0,0
"<a href=""https://tiktok.com/@bsbwphji4xu"" target=""_blank"">@bsbwphji4xu</a>",29,7,50.753,0.914,5,46,0,1060.571,60.857,0,0.143
"<a href=""https://tiktok.com/@bsjj8797"" target=""_blank"">@bsjj8797</a>",24,7,53.035,0.764,2,24,0,1161.286,18.571,0.429,0
"<a href=""https://tiktok.com/@buslmigf7dn"" target=""_blank"">@buslmigf7dn</a>",29,7,48.222,0.95,5,50,0,12490.571,456.429,16.429,65
"<a href=""https://tiktok.com/@bvoo3130"" target=""_blank"">@bvoo3130</a>",74,11,69.883,0.917,4,78,0,1923.727,62.727,0.818,0.636
"<a href=""https://tiktok.com/@bxecxotdjfrvi"" target=""_blank"">@bxecxotdjfrvi</a>",10,6,62.398,0.963,9,76,0,1477.5,62.667,6,11.667
"<a href=""https://tiktok.com/@bxjxhxt"" target=""_blank"">@bxjxhxt</a>",94,6,42.011,0.958,3,28,0,1024,53,0.833,0.333
"<a href=""https://tiktok.com/@bxjzjsns0"" target=""_blank"">@bxjzjsns0</a>",93,8,47.073,0.914,3,32,0,2206,94.625,0.375,0.625
"<a href=""https://tiktok.com/@bxkke4723"" target=""_blank"">@bxkke4723</a>",96,6,49.378,0.853,6,62,0,2658.333,43.333,0.5,0.333
"<a href=""https://tiktok.com/@bzsksk1"" target=""_blank"">@bzsksk1</a>",86,8,65.75,1,2,18,0,1857.375,126.75,0.75,0
"<a href=""https://tiktok.com/@c.ts24"" target=""_blank"">@c.ts24</a>",21,6,31.4,1,1,10,0,2247.5,46.5,0.333,0.333
"<a href=""https://tiktok.com/@camilo.austin5"" target=""_blank"">@camilo.austin5</a>",14,8,64.4,0.933,4,36,0,819.625,18.75,0.125,0.25
"<a href=""https://tiktok.com/@carbloggera"" target=""_blank"">@carbloggera</a>",17,6,40.5,0.938,2,24,0,955.167,46.833,0.833,0.833
"<a href=""https://tiktok.com/@carlos.alberto.al886"" target=""_blank"">@carlos.alberto.al886</a>",65,5,40.188,1,2,16,0,587,16.571,0.143,0.286
"<a href=""https://tiktok.com/@cbjf05"" target=""_blank"">@cbjf05</a>",5,8,58.514,1,2,17,0,1704.75,71.75,1.25,1
"<a href=""https://tiktok.com/@cbnhf5680"" target=""_blank"">@cbnhf5680</a>",10,5,48.556,0.92,8,68,0,1729.2,112,3.8,18.2
"<a href=""https://tiktok.com/@cbwcxe"" target=""_blank"">@cbwcxe</a>",79,8,26.3,0.857,1,10,0,8568.375,219.375,13,4.5
"<a href=""https://tiktok.com/@cchmlalala"" target=""_blank"">@cchmlalala</a>",13,5,82.556,1,1,9,0,4499.4,287.8,18.8,15.8
"<a href=""https://tiktok.com/@cctvvjagu0"" target=""_blank"">@cctvvjagu0</a>",44,9,66.188,1,2,16,0,548.667,15.111,0.167,0
"<a href=""https://tiktok.com/@ccvoyrnu"" target=""_blank"">@ccvoyrnu</a>",106,9,59.33,0.951,3,45,0,3408.556,22.667,0,3.667
"<a href=""https://tiktok.com/@cfdc18"" target=""_blank"">@cfdc18</a>",57,12,56.591,0.855,10,167,0,3589.083,77.25,0,1.583
"<a href=""https://tiktok.com/@cghwqj"" target=""_blank"">@cghwqj</a>",79,7,19.275,0.929,2,18,0,524.625,16.5,0.5,0.125
"<a href=""https://tiktok.com/@chantalkusch"" target=""_blank"">@chantalkusch</a>",1,5,75.1,1,1,10,0,2691.2,163.8,2,1
"<a href=""https://tiktok.com/@cherry02561"" target=""_blank"">@cherry02561</a>",30,6,75.5,1,1,8,0,2972.875,68.375,3.875,31.75
"<a href=""https://tiktok.com/@china_cutegirl22"" target=""_blank"">@china_cutegirl22</a>",109,6,95.28,1,1,25,0,1026,95.5,4.167,2.667
"<a href=""https://tiktok.com/@chuma_g1"" target=""_blank"">@chuma_g1</a>",109,6,85.617,1,2,47,0,1175.667,84.333,3.833,1.167
"<a href=""https://tiktok.com/@chunyuan66"" target=""_blank"">@chunyuan66</a>",43,6,78.125,0.917,2,16,0,6610.333,171.833,0.75,1
"<a href=""https://tiktok.com/@chzk.uvuw"" target=""_blank"">@chzk.uvuw</a>",105,9,52.664,0.95,2,28,0,3119.333,33.333,1.333,47.333
"<a href=""https://tiktok.com/@ciojkb"" target=""_blank"">@ciojkb</a>",67,6,19.713,0.9,6,81,0,926.333,46.5,0.25,0
"<a href=""https://tiktok.com/@cjdfndrh"" target=""_blank"">@cjdfndrh</a>",83,7,63,0.875,1,10,0,1627.857,93.714,0.857,0.143
"<a href=""https://tiktok.com/@cjdjfcn"" target=""_blank"">@cjdjfcn</a>",93,6,40.282,0.944,2,21,0,2003.333,130.5,1,0.833
"<a href=""https://tiktok.com/@cjgmnl"" target=""_blank"">@cjgmnl</a>",78,4,18.25,1,1,8,0,3182,32,2,1
"<a href=""https://tiktok.com/@cjire9104"" target=""_blank"">@cjire9104</a>",71,8,72.267,0.917,2,33,0,482.583,18.833,0.25,0.167
"<a href=""https://tiktok.com/@cjur6297"" target=""_blank"">@cjur6297</a>",71,9,41.944,0.963,3,51,0,735.917,37.833,0.167,0.25
"<a href=""https://tiktok.com/@clirr5282"" target=""_blank"">@clirr5282</a>",72,7,73.6,0.8,1,10,0,1605.6,76.5,0.571,0.2
"<a href=""https://tiktok.com/@coirf88774"" target=""_blank"">@coirf88774</a>",73,6,44.083,1,2,36,0,1047,48.833,0.333,1.167
"<a href=""https://tiktok.com/@courr1227"" target=""_blank"">@courr1227</a>",73,6,64.833,1,2,36,0,3006.833,103.5,1,1.667
"<a href=""https://tiktok.com/@crtyougo"" target=""_blank"">@crtyougo</a>",52,8,43.908,0.88,5,46,0,8586.375,175.875,2.625,2.5
"<a href=""https://tiktok.com/@cscbgf"" target=""_blank"">@cscbgf</a>",117,6,60.667,1,1,9,0,1467.625,18.75,2,0.75
"<a href=""https://tiktok.com/@cthvbg"" target=""_blank"">@cthvbg</a>",39,6,66.375,1,2,16,0,798.167,42.5,0.5,0
"<a href=""https://tiktok.com/@cuc.thu243"" target=""_blank"">@cuc.thu243</a>",63,7,48.417,1,3,36,0,7929.375,139.75,14.5,4
"<a href=""https://tiktok.com/@cutedriver120"" target=""_blank"">@cutedriver120</a>",58,2,33.167,1,1,12,0,97.643,15.643,1.429,0.143
"<a href=""https://tiktok.com/@cxlpodwzefzoe"" target=""_blank"">@cxlpodwzefzoe</a>",8,6,57.977,1,3,25,0,9667.5,597,70.167,146.167
"<a href=""https://tiktok.com/@czhc.bkyd"" target=""_blank"">@czhc.bkyd</a>",106,9,51.53,0.909,3,38,0,756.444,18.333,1.333,7.778
"<a href=""https://tiktok.com/@dadd.dhh7"" target=""_blank"">@dadd.dhh7</a>",26,8,51.415,0.888,5,45,0,795.5,21.25,0.25,0.375
"<a href=""https://tiktok.com/@dbckgptxv7euiy"" target=""_blank"">@dbckgptxv7euiy</a>",33,7,75.875,0.75,1,8,0,27509.286,342.286,1.286,44.143
"<a href=""https://tiktok.com/@dblbel"" target=""_blank"">@dblbel</a>",78,6,37.667,1,3,24,0,1258.875,37.25,1.25,0.25
"<a href=""https://tiktok.com/@dcjnd3425"" target=""_blank"">@dcjnd3425</a>",97,6,54.667,1,1,9,0,765.833,17.667,0.167,0
"<a href=""https://tiktok.com/@dddunkkftacnib"" target=""_blank"">@dddunkkftacnib</a>",9,6,39,1,1,11,0,227128.167,6417.667,38,68
"<a href=""https://tiktok.com/@deep.sea_2"" target=""_blank"">@deep.sea_2</a>",70,5,93.5,1,1,10,0,1496.8,129,0.6,0.6
"<a href=""https://tiktok.com/@dfgasdfsert.dfrts"" target=""_blank"">@dfgasdfsert.dfrts</a>",117,8,56.033,1,2,19,0,2948.125,47.625,2.375,2.875
"<a href=""https://tiktok.com/@dghhg372"" target=""_blank"">@dghhg372</a>",119,4,69.125,1,2,16,0,2654.25,163.25,1,0.25
"<a href=""https://tiktok.com/@dhdygc"" target=""_blank"">@dhdygc</a>",113,8,44.5,1,1,8,0,2407.375,48.125,1.375,2.5
"<a href=""https://tiktok.com/@dhhi6645"" target=""_blank"">@dhhi6645</a>",71,10,52.824,0.944,2,46,0,4495.909,85.636,0.3,0.545
"<a href=""https://tiktok.com/@dijx3903"" target=""_blank"">@dijx3903</a>",74,12,69.237,0.949,5,110,0,1502.167,51.917,0.5,0.667
"<a href=""https://tiktok.com/@djjehokxtu2"" target=""_blank"">@djjehokxtu2</a>",124,3,70.667,1,2,18,0,110.333,2,0,0
"<a href=""https://tiktok.com/@djm9r"" target=""_blank"">@djm9r</a>",48,5,61.396,0.804,2,17,0,988.2,46.8,0.4,0
"<a href=""https://tiktok.com/@drape.ivoe"" target=""_blank"">@drape.ivoe</a>",62,6,55.333,1,1,12,0,3182.857,150.429,1.571,4.714
"<a href=""https://tiktok.com/@drgd8391"" target=""_blank"">@drgd8391</a>",75,12,49.437,1,3,84,0,1367.25,66.25,0.25,0.833
"<a href=""https://tiktok.com/@dtbtcc8"" target=""_blank"">@dtbtcc8</a>",66,9,66.943,0.972,4,85,0,760.636,41,0.364,0.636
"<a href=""https://tiktok.com/@dthh824"" target=""_blank"">@dthh824</a>",57,6,55.147,0.892,8,95,0,5673.5,74.667,0,4.5
"<a href=""https://tiktok.com/@dtkwod"" target=""_blank"">@dtkwod</a>",52,8,40.029,0.844,9,82,0,3969.875,199.75,1.25,6.625
"<a href=""https://tiktok.com/@ducwk5858"" target=""_blank"">@ducwk5858</a>",95,10,60.75,1,1,8,0,1293.9,44.2,0.4,0.3
"<a href=""https://tiktok.com/@duidsifsogs"" target=""_blank"">@duidsifsogs</a>",9,5,63.5,1,2,17,0,1689,122.6,4.4,13.2
"<a href=""https://tiktok.com/@duuff30"" target=""_blank"">@duuff30</a>",94,5,31.728,0.875,2,19,0,1157.6,79.2,1.2,0.2
"<a href=""https://tiktok.com/@dxsmlj"" target=""_blank"">@dxsmlj</a>",41,5,51,1,1,8,0,1481,59,0,0.4
"<a href=""https://tiktok.com/@eb.bg7"" target=""_blank"">@eb.bg7</a>",6,8,59.273,0.8,1,11,0,19540.25,270.875,5.75,3.125
"<a href=""https://tiktok.com/@echrca"" target=""_blank"">@echrca</a>",66,6,86.9,1,1,10,0,227.333,5.333,0,0
"<a href=""https://tiktok.com/@ed.huahua3"" target=""_blank"">@ed.huahua3</a>",10,6,42.417,1,3,24,0,530.667,20,0.5,0.167
"<a href=""https://tiktok.com/@eden70188"" target=""_blank"">@eden70188</a>",70,5,49.7,0.857,1,10,0,3315,197.571,0.429,0.857
"<a href=""https://tiktok.com/@eiej4325"" target=""_blank"">@eiej4325</a>",75,12,54.861,1,3,89,0,824.25,40.417,0.083,0.25
"<a href=""https://tiktok.com/@emma.stonegis"" target=""_blank"">@emma.stonegis</a>",50,6,49.375,1,2,16,0,2330.667,58.5,1.167,0.167
"<a href=""https://tiktok.com/@eqmhqf"" target=""_blank"">@eqmhqf</a>",66,11,71.566,0.911,6,137,0,542.818,23,0.091,0.455
"<a href=""https://tiktok.com/@eumb.pcdw"" target=""_blank"">@eumb.pcdw</a>",105,9,51.037,0.925,3,31,0,3738.444,25.333,0.222,10.222
"<a href=""https://tiktok.com/@evfdmzl"" target=""_blank"">@evfdmzl</a>",89,6,8.333,1,1,12,0,1573.667,93.667,1,0.5
"<a href=""https://tiktok.com/@exmz856041"" target=""_blank"">@exmz856041</a>",28,7,66.325,1,2,18,0,2748,55.571,0.286,1.571
"<a href=""https://tiktok.com/@eyidk5"" target=""_blank"">@eyidk5</a>",118,4,27.75,1,1,8,0,1021.75,98,0.5,0.25
"<a href=""https://tiktok.com/@eyjxn8869"" target=""_blank"">@eyjxn8869</a>",90,7,30.5,1,1,8,0,1252.143,40.857,0.286,0
"<a href=""https://tiktok.com/@fauy8466"" target=""_blank"">@fauy8466</a>",4,8,26.75,1,1,8,0,1990.5,69.25,0.875,1.75
"<a href=""https://tiktok.com/@fdcgec3"" target=""_blank"">@fdcgec3</a>",117,8,51.4,1,1,10,0,1395.375,30,1.5,0.375
"<a href=""https://tiktok.com/@fduic5"" target=""_blank"">@fduic5</a>",2,8,54.643,0.946,5,51,0,2205.375,99.75,0.75,3
"<a href=""https://tiktok.com/@fevkuiq"" target=""_blank"">@fevkuiq</a>",28,6,50.875,0.857,1,8,0,666.167,35.667,0.167,0.167
"<a href=""https://tiktok.com/@fgjbgf4688"" target=""_blank"">@fgjbgf4688</a>",10,6,50.431,1,9,72,0,2617.667,100.167,5.5,18
"<a href=""https://tiktok.com/@fgjores"" target=""_blank"">@fgjores</a>",26,7,57.5,0.857,1,8,0,1392.429,16,1.286,4
"<a href=""https://tiktok.com/@fgzvj"" target=""_blank"">@fgzvj</a>",112,6,35.4,1,1,10,0,2767.75,61.875,2.25,2.75
"<a href=""https://tiktok.com/@fhda78402"" target=""_blank"">@fhda78402</a>",74,12,69.019,0.927,5,87,0,1192.833,69.583,0.667,0.333
"<a href=""https://tiktok.com/@fhvf210"" target=""_blank"">@fhvf210</a>",23,8,39.017,0.929,2,22,0,1438,89.75,0.75,12.75
"<a href=""https://tiktok.com/@fhxk1941"" target=""_blank"">@fhxk1941</a>",68,10,57.298,1,2,46,0,632.75,38.5,0.583,1.333
"<a href=""https://tiktok.com/@fijficvk"" target=""_blank"">@fijficvk</a>",34,5,20.125,1,1,8,0,678.8,40.6,0,0.2
"<a href=""https://tiktok.com/@findjfd"" target=""_blank"">@findjfd</a>",96,4,53.818,1,1,11,0,1171.25,38.75,0.5,0
"<a href=""https://tiktok.com/@fiurf9599"" target=""_blank"">@fiurf9599</a>",76,3,63.667,1,1,9,0,1113.667,26.667,0.333,0.333
"<a href=""https://tiktok.com/@fjjgdvx"" target=""_blank"">@fjjgdvx</a>",51,7,58.95,0.938,2,22,0,6264.714,194.857,0.857,1
"<a href=""https://tiktok.com/@fjmphu"" target=""_blank"">@fjmphu</a>",66,5,63.167,1,2,18,0,747.6,31.6,0.2,0.4
"<a href=""https://tiktok.com/@fjvbaa"" target=""_blank"">@fjvbaa</a>",82,8,43.528,0.929,2,17,0,1211.875,52.25,1.25,0.375
"<a href=""https://tiktok.com/@fjvfgn"" target=""_blank"">@fjvfgn</a>",116,5,25.75,1,1,8,0,2233.333,47.5,1.667,0.333
"<a href=""https://tiktok.com/@fkfdnd"" target=""_blank"">@fkfdnd</a>",50,6,51.181,1,2,17,0,1921.833,42.833,0.5,0
"<a href=""https://tiktok.com/@fkir2290"" target=""_blank"">@fkir2290</a>",71,8,45.583,1,2,27,0,604.818,36.545,0.636,0
"<a href=""https://tiktok.com/@fkird5848"" target=""_blank"">@fkird5848</a>",96,3,45,0.714,1,9,0,322.333,10,0.667,0
"<a href=""https://tiktok.com/@fklpls0ch5"" target=""_blank"">@fklpls0ch5</a>",44,9,64.5,1,1,8,0,86755.778,3628.222,28,16
"<a href=""https://tiktok.com/@fnnf8890"" target=""_blank"">@fnnf8890</a>",72,8,56.255,0.9,2,32,0,2996.909,68.909,0,1.182
"<a href=""https://tiktok.com/@fsaftn"" target=""_blank"">@fsaftn</a>",66,4,64.091,1,1,11,0,1701.25,57.75,0.25,1
"<a href=""https://tiktok.com/@fteecfs"" target=""_blank"">@fteecfs</a>",87,4,29.75,1,1,8,0,1162,163.25,0,0.25
"<a href=""https://tiktok.com/@fughf21"" target=""_blank"">@fughf21</a>",1,5,49.375,0.857,1,8,0,2159.2,60.4,1,0.4
"<a href=""https://tiktok.com/@funny.podcasttop"" target=""_blank"">@funny.podcasttop</a>",26,8,54.359,0.975,5,46,0,962.125,34,0.125,0.75
"<a href=""https://tiktok.com/@gabriele.weber5"" target=""_blank"">@gabriele.weber5</a>",107,7,53.636,0.889,1,11,0,2063.25,35.25,1,0.75
"<a href=""https://tiktok.com/@gclqse"" target=""_blank"">@gclqse</a>",66,12,59.783,0.985,11,123,0.002,926.167,21.333,0,0.167
"<a href=""https://tiktok.com/@gduhx01"" target=""_blank"">@gduhx01</a>",2,7,59.372,0.938,4,34,0,2527.571,87.857,0.571,2.286
"<a href=""https://tiktok.com/@geievertu8"" target=""_blank"">@geievertu8</a>",48,6,59.139,0.875,4,36,0,302,13.833,0.167,0.667
"<a href=""https://tiktok.com/@gf.nj97"" target=""_blank"">@gf.nj97</a>",48,8,57.271,0.905,4,34,0,3929.625,206.25,3.625,6.625
"<a href=""https://tiktok.com/@gfg6705"" target=""_blank"">@gfg6705</a>",16,6,49.545,0.875,1,11,0,1010.5,30,0.333,0.333
"<a href=""https://tiktok.com/@gfjch34"" target=""_blank"">@gfjch34</a>",49,8,53.898,0.887,2,19,0,1546.375,130.75,0.875,1.5
"<a href=""https://tiktok.com/@ggg.hgfc"" target=""_blank"">@ggg.hgfc</a>",7,8,47.361,1,3,28,0,777.25,24.375,0.5,1
"<a href=""https://tiktok.com/@ghhj8554"" target=""_blank"">@ghhj8554</a>",74,10,66.626,0.839,4,75,0,1536.6,49.1,0.7,0.6
"<a href=""https://tiktok.com/@ghsg7ezec9"" target=""_blank"">@ghsg7ezec9</a>",43,9,92.375,0.833,1,8,0,515.778,8.667,0,0
"<a href=""https://tiktok.com/@gichiecemila"" target=""_blank"">@gichiecemila</a>",32,8,58.409,0.938,2,19,0,972.625,41.875,0.625,3.25
"<a href=""https://tiktok.com/@giird3"" target=""_blank"">@giird3</a>",120,4,23.25,1,1,8,0,1126.5,73.75,0.75,5.25
"<a href=""https://tiktok.com/@givi0331"" target=""_blank"">@givi0331</a>",69,12,76.399,0.939,3,67,0,349.5,14,0.083,0.25
"<a href=""https://tiktok.com/@gjbmtj6"" target=""_blank"">@gjbmtj6</a>",78,4,76.25,1,1,8,0,1318.429,45.714,0.571,0.143
"<a href=""https://tiktok.com/@gour2295"" target=""_blank"">@gour2295</a>",73,6,67.417,1,2,36,0,1352.167,64.5,0.5,0.5
"<a href=""https://tiktok.com/@gutieyy7"" target=""_blank"">@gutieyy7</a>",48,8,53.442,0.838,3,26,0,2870.375,127.875,4.375,19.125
"<a href=""https://tiktok.com/@gvcchh3457"" target=""_blank"">@gvcchh3457</a>",10,6,51.121,0.952,10,91,0,1509.167,86.667,2,0.833
"<a href=""https://tiktok.com/@hajhsh12"" target=""_blank"">@hajhsh12</a>",34,5,20.125,1,1,8,0,680.2,41.2,1,8.8
"<a href=""https://tiktok.com/@hckcudh1"" target=""_blank"">@hckcudh1</a>",38,4,44.375,1,2,16,0,2578,159,1,0.75
"<a href=""https://tiktok.com/@hcodifb"" target=""_blank"">@hcodifb</a>",1,6,56.229,0.893,4,36,0,858.875,62.625,0.125,2.375
"<a href=""https://tiktok.com/@hdbjx72"" target=""_blank"">@hdbjx72</a>",23,8,38.292,1,2,20,0,1121,34.25,1,0.25
"<a href=""https://tiktok.com/@hdha0995"" target=""_blank"">@hdha0995</a>",77,3,87,1,1,9,0,1705.667,61,1.667,0.333
"<a href=""https://tiktok.com/@hdhxh3484"" target=""_blank"">@hdhxh3484</a>",2,6,46.2,0.857,1,10,0,1009.167,38,0.5,0
"<a href=""https://tiktok.com/@hdicok57"" target=""_blank"">@hdicok57</a>",99,4,58.25,1,1,8,0,8275,283.75,7.75,4
"<a href=""https://tiktok.com/@hdidkser0"" target=""_blank"">@hdidkser0</a>",48,5,53.889,1,1,9,0,1791.6,102,1.8,0
"<a href=""https://tiktok.com/@hdmjwo1"" target=""_blank"">@hdmjwo1</a>",66,12,64.756,0.946,8,112,0.001,635.5,17.5,0.083,0.25
"<a href=""https://tiktok.com/@hdr86575"" target=""_blank"">@hdr86575</a>",4,6,26.75,1,1,8,0,3073.333,51.5,0.833,0.5
"<a href=""https://tiktok.com/@hdryxd"" target=""_blank"">@hdryxd</a>",52,7,44.733,0.903,3,30,0,2996,110.714,8.286,4.143
"<a href=""https://tiktok.com/@hdvhds4"" target=""_blank"">@hdvhds4</a>",93,8,40.002,0.933,3,33,0,1219.375,90.625,0.875,0.375
"<a href=""https://tiktok.com/@hdxj59"" target=""_blank"">@hdxj59</a>",122,4,53.667,1,3,24,0,9566.75,143.25,1.75,3
"<a href=""https://tiktok.com/@heheb8964"" target=""_blank"">@heheb8964</a>",82,8,54.125,1,1,8,0,1080,88.75,0.5,0
"<a href=""https://tiktok.com/@hehs5037"" target=""_blank"">@hehs5037</a>",71,12,77.58,1,3,46,0,349.333,18.75,0.182,0.167
"<a href=""https://tiktok.com/@hhgghj8866"" target=""_blank"">@hhgghj8866</a>",10,6,49.145,0.983,10,90,0,1449,115,1.667,3.667
"<a href=""https://tiktok.com/@hidouo"" target=""_blank"">@hidouo</a>",66,12,63.754,0.932,4,75,0,541.333,19.417,0,0.167
"<a href=""https://tiktok.com/@hjbfgj67"" target=""_blank"">@hjbfgj67</a>",103,6,57.675,0.808,3,26,0,5167.167,261.833,12.167,30.5
"<a href=""https://tiktok.com/@hjkfdfc"" target=""_blank"">@hjkfdfc</a>",10,6,53.625,1,2,16,0,1716.667,115.167,5.5,20.667
"<a href=""https://tiktok.com/@hkmdrr"" target=""_blank"">@hkmdrr</a>",123,4,51.7,0.9,2,18,0,4949.5,170.5,1.75,3.5
"<a href=""https://tiktok.com/@hlnvan42749s"" target=""_blank"">@hlnvan42749s</a>",28,8,70.889,1,3,28,0,1270.5,20.5,0.5,1.875
"<a href=""https://tiktok.com/@hltuoq"" target=""_blank"">@hltuoq</a>",66,9,77.886,0.864,5,75,0,723.25,20.833,0,0
"<a href=""https://tiktok.com/@hnxy.seym"" target=""_blank"">@hnxy.seym</a>",105,8,60.944,0.944,2,18,0,3340,23.75,0.125,0.625
"<a href=""https://tiktok.com/@hobartmaria1995"" target=""_blank"">@hobartmaria1995</a>",114,5,52.5,1,1,8,0,2298.5,60,6.667,16.5
"<a href=""https://tiktok.com/@hojdmc"" target=""_blank"">@hojdmc</a>",67,9,15.981,0.967,6,90,0,1125.111,94,1.444,0.444
"<a href=""https://tiktok.com/@hotcool586"" target=""_blank"">@hotcool586</a>",26,8,51.367,0.875,3,29,0,1185.25,83.75,0,0.125
"<a href=""https://tiktok.com/@hqtqiucajpf"" target=""_blank"">@hqtqiucajpf</a>",8,4,48.75,1,1,8,0,1127,60.25,2,3.25
"<a href=""https://tiktok.com/@hryfeucmuql"" target=""_blank"">@hryfeucmuql</a>",100,6,38.667,1,1,9,0,1158.167,71.5,2.667,13.333
"<a href=""https://tiktok.com/@hsbuz8"" target=""_blank"">@hsbuz8</a>",25,7,49.625,0.882,2,27,0,2115.778,59.333,0.556,0.778
"<a href=""https://tiktok.com/@hullen.nguyen"" target=""_blank"">@hullen.nguyen</a>",5,8,67.78,0.958,3,32,0,2329.25,89.875,0.875,1.25
"<a href=""https://tiktok.com/@huoqilaiya"" target=""_blank"">@huoqilaiya</a>",9,6,56.447,0.914,5,42,0,2381.5,155,3.833,11
"<a href=""https://tiktok.com/@hvtcan"" target=""_blank"">@hvtcan</a>",39,6,51.25,1,2,16,0,1934.167,120.5,0.833,0.167
"<a href=""https://tiktok.com/@hwvrok"" target=""_blank"">@hwvrok</a>",88,7,31.304,0.95,2,22,0,1839.857,49.571,1.143,0.286
"<a href=""https://tiktok.com/@hzhdhs"" target=""_blank"">@hzhdhs</a>",94,5,45.611,0.929,2,17,0,1137.2,95.6,0.6,0.2
"<a href=""https://tiktok.com/@idpeoc"" target=""_blank"">@idpeoc</a>",66,12,64.832,0.943,5,130,0,266,12.083,0,0.167
"<a href=""https://tiktok.com/@ihgg5672"" target=""_blank"">@ihgg5672</a>",10,4,46.5,1,7,56,0,1130.75,87,3.25,2
"<a href=""https://tiktok.com/@iiuu553"" target=""_blank"">@iiuu553</a>",57,6,54.422,0.873,9,92,0,3776.5,82.5,1.333,0.5
"<a href=""https://tiktok.com/@ilges.estelwei"" target=""_blank"">@ilges.estelwei</a>",64,8,61.591,0.767,2,21,0,3482.125,24,1.25,0.5
"<a href=""https://tiktok.com/@injjzxvr"" target=""_blank"">@injjzxvr</a>",104,10,74.257,0.866,2,17,0,2432.6,25.133,0.6,1.533
"<a href=""https://tiktok.com/@irdc042"" target=""_blank"">@irdc042</a>",1,8,54.329,0.948,6,50,0,2735.875,175.875,1.875,3.375
"<a href=""https://tiktok.com/@isce0690"" target=""_blank"">@isce0690</a>",69,12,75.972,1,2,39,0,1115.333,55.083,0.25,0.75
"<a href=""https://tiktok.com/@isge0853"" target=""_blank"">@isge0853</a>",69,9,66.235,1,1,17,0,359,17.3,0.3,0.4
"<a href=""https://tiktok.com/@isgs5669"" target=""_blank"">@isgs5669</a>",69,7,76.6,0.714,1,10,0,315.182,10.727,0.091,0.182
"<a href=""https://tiktok.com/@isjsjs.nsndk"" target=""_blank"">@isjsjs.nsndk</a>",7,6,37.75,1,1,8,0,144415.667,3442.833,30.5,26
"<a href=""https://tiktok.com/@itsstj2"" target=""_blank"">@itsstj2</a>",121,4,55,1,1,8,0,1011,80,1,1.25
"<a href=""https://tiktok.com/@iupkvg"" target=""_blank"">@iupkvg</a>",66,4,86.5,1,2,19,0,316,13.167,0.167,0.167
"<a href=""https://tiktok.com/@iuy7640"" target=""_blank"">@iuy7640</a>",122,4,32.667,1,3,24,0,1886.5,66.75,1,0
"<a href=""https://tiktok.com/@j.uv586"" target=""_blank"">@j.uv586</a>",16,8,33.75,1,1,8,0,1693.5,44.7,0.2,0
"<a href=""https://tiktok.com/@jajsjsn56"" target=""_blank"">@jajsjsn56</a>",57,12,56.083,0.924,10,155,0,3701.417,88.833,0.5,0.667
"<a href=""https://tiktok.com/@jann.jacobs"" target=""_blank"">@jann.jacobs</a>",14,5,53.925,0.929,2,18,0,1424.2,29.8,0.4,0.4
"<a href=""https://tiktok.com/@jccj44506"" target=""_blank"">@jccj44506</a>",75,12,58.866,0.963,3,84,0,764.25,66.833,0.25,0.417
"<a href=""https://tiktok.com/@jdkckcj2"" target=""_blank"">@jdkckcj2</a>",5,8,74,1,2,16,0,2743,90.25,1.5,1.75
"<a href=""https://tiktok.com/@jdpdosj"" target=""_blank"">@jdpdosj</a>",1,8,65.033,1,3,26,0,434.125,15.5,1,0.375
"<a href=""https://tiktok.com/@jdpxorjf"" target=""_blank"">@jdpxorjf</a>",1,7,55.869,0.955,6,57,0,1868.75,104.375,1.25,1.375
"<a href=""https://tiktok.com/@jeffrey.hettinger"" target=""_blank"">@jeffrey.hettinger</a>",14,7,51.925,0.905,3,28,0,1416.857,29.429,0.571,4.429
"<a href=""https://tiktok.com/@jennifer.andrews353"" target=""_blank"">@jennifer.andrews353</a>",12,6,74.5,1,1,8,0,27852.5,1656.833,68.167,210.667
"<a href=""https://tiktok.com/@jfdd653"" target=""_blank"">@jfdd653</a>",3,6,57.889,0.667,1,9,0,2559.833,53,0.167,0
"<a href=""https://tiktok.com/@jfodxgajsjijpd"" target=""_blank"">@jfodxgajsjijpd</a>",10,6,49.875,1,6,48,0,1797.167,103.5,4.333,4.667
"<a href=""https://tiktok.com/@jfufrehcdh"" target=""_blank"">@jfufrehcdh</a>",1,6,49.486,1,3,25,0,2605.5,142,19.833,8.5
"<a href=""https://tiktok.com/@jianggushi40"" target=""_blank"">@jianggushi40</a>",47,10,58.111,1,1,9,0,402568.7,20479.4,186.857,143
"<a href=""https://tiktok.com/@jiqw8344"" target=""_blank"">@jiqw8344</a>",76,3,63.667,1,1,9,0,324.667,11,0.333,0
"<a href=""https://tiktok.com/@jkuy0534"" target=""_blank"">@jkuy0534</a>",75,12,62.183,0.963,3,79,0,711.5,36.417,0.083,0.25
"<a href=""https://tiktok.com/@jsosjxj8"" target=""_blank"">@jsosjxj8</a>",1,8,53.694,0.896,5,49,0,34870.75,588,1.5,6.875
"<a href=""https://tiktok.com/@jtcytxyzey"" target=""_blank"">@jtcytxyzey</a>",1,7,68.823,0.929,4,34,0,1131.714,75.714,0.714,0.571
"<a href=""https://tiktok.com/@juliosalazar229"" target=""_blank"">@juliosalazar229</a>",64,8,71.875,0.625,1,8,0,3042.625,63.125,0.75,2
"<a href=""https://tiktok.com/@jvhb240"" target=""_blank"">@jvhb240</a>",57,12,56.181,0.851,10,160,0,3414.417,72.417,0.417,1.083
"<a href=""https://tiktok.com/@jvtvc3"" target=""_blank"">@jvtvc3</a>",57,6,59.931,0.913,9,103,0,3511.167,78.833,0.667,0.667
"<a href=""https://tiktok.com/@jwhe5192"" target=""_blank"">@jwhe5192</a>",77,3,87,1,1,9,0,755,57.667,1,0
"<a href=""https://tiktok.com/@jxhagmnav0"" target=""_blank"">@jxhagmnav0</a>",44,6,67.875,1,1,8,0,644.833,23.333,0.333,0.833
"<a href=""https://tiktok.com/@karlamoran19677"" target=""_blank"">@karlamoran19677</a>",31,7,39.1,0.917,2,18,0,5517.25,46,1.5,2
"<a href=""https://tiktok.com/@kdywnty"" target=""_blank"">@kdywnty</a>",91,6,14.75,1,1,8,0,1635.5,55,0.333,0
"<a href=""https://tiktok.com/@kedcemqthbmxx"" target=""_blank"">@kedcemqthbmxx</a>",9,4,43.125,0.857,1,8,0,1162.5,58.5,5,4.75
"<a href=""https://tiktok.com/@kellie.perry2"" target=""_blank"">@kellie.perry2</a>",107,7,53.636,0.889,1,11,0,391.429,9.286,0,0.857
"<a href=""https://tiktok.com/@kfbfol"" target=""_blank"">@kfbfol</a>",66,5,48.846,1,1,13,0,478.833,32.5,0.167,0.167
"<a href=""https://tiktok.com/@kfcn21"" target=""_blank"">@kfcn21</a>",99,7,58.25,1,1,8,0,8037.714,162.286,13.429,82.286
"<a href=""https://tiktok.com/@khanh.phukhh"" target=""_blank"">@khanh.phukhh</a>",65,7,30.625,0.929,2,16,0,1736.571,35.571,2.714,2.714
"<a href=""https://tiktok.com/@khfbou"" target=""_blank"">@khfbou</a>",67,9,16.471,0.968,6,84,0,1718.25,34.833,0,0.167
"<a href=""https://tiktok.com/@kiki.text"" target=""_blank"">@kiki.text</a>",10,4,53.75,1,1,8,0,353289,26990,707.5,5301.833
"<a href=""https://tiktok.com/@kiramkxlj3z"" target=""_blank"">@kiramkxlj3z</a>",13,6,82.556,1,1,9,0,1516.167,104,1.167,8
"<a href=""https://tiktok.com/@krug011"" target=""_blank"">@krug011</a>",1,8,55.006,0.881,5,46,0,3399.375,243.75,3.625,28.5
"<a href=""https://tiktok.com/@ksndfmggf"" target=""_blank"">@ksndfmggf</a>",36,6,58.625,1,1,8,0,928.286,75.429,0.571,0.429
"<a href=""https://tiktok.com/@ktsfyh"" target=""_blank"">@ktsfyh</a>",52,6,46,1,2,16,0,2897.167,158,1.833,1
"<a href=""https://tiktok.com/@kubjij"" target=""_blank"">@kubjij</a>",67,7,17.989,0.918,6,84,0,776,95.083,0.667,0.417
"<a href=""https://tiktok.com/@kuhar.clair6"" target=""_blank"">@kuhar.clair6</a>",21,8,45.692,0.615,1,13,0,1227.625,17.75,0,0.25
"<a href=""https://tiktok.com/@kungyhunksd"" target=""_blank"">@kungyhunksd</a>",53,3,65,1,1,9,0,300,1.667,0,0
"<a href=""https://tiktok.com/@labaam4"" target=""_blank"">@labaam4</a>",79,5,25.125,1,2,16,0,936.375,26.25,0.5,0
"<a href=""https://tiktok.com/@labubu5252"" target=""_blank"">@labubu5252</a>",9,6,47.644,0.887,4,35,0,7481.333,224.167,8.667,28.5
"<a href=""https://tiktok.com/@labubu535353"" target=""_blank"">@labubu535353</a>",9,5,74.438,0.714,2,16,0,32006.6,1384.8,37,174
"<a href=""https://tiktok.com/@labubushiping51"" target=""_blank"">@labubushiping51</a>",8,5,57.556,1,1,9,0,1653.2,96.6,5.4,6.4
"<a href=""https://tiktok.com/@laim1073"" target=""_blank"">@laim1073</a>",46,9,52.5,0.889,1,10,0,437.889,14.444,0,0.222
"<a href=""https://tiktok.com/@lakrin9"" target=""_blank"">@lakrin9</a>",41,6,51,1,1,8,0,1187.333,50.5,0.667,0.167
"<a href=""https://tiktok.com/@landscape5670"" target=""_blank"">@landscape5670</a>",52,7,60.12,1,3,25,0,2084.625,197.875,0.75,1.5
"<a href=""https://tiktok.com/@lanora.haskely"" target=""_blank"">@lanora.haskely</a>",65,7,48.875,1,1,8,0,1531,47,2.375,4.25
"<a href=""https://tiktok.com/@lawgray3"" target=""_blank"">@lawgray3</a>",56,6,58.862,0.798,5,50,0,1533.667,65.667,0.5,0.5
"<a href=""https://tiktok.com/@ldhkhq"" target=""_blank"">@ldhkhq</a>",42,7,53.667,0.714,1,9,0,1495.625,46.875,0,0.125
"<a href=""https://tiktok.com/@lekpow"" target=""_blank"">@lekpow</a>",66,5,64.625,1,2,24,0,356.6,5.4,0,0
"<a href=""https://tiktok.com/@leoraf9"" target=""_blank"">@leoraf9</a>",87,8,29.75,1,1,8,0,23109.75,964.125,10.25,2.625
"<a href=""https://tiktok.com/@lhqitc"" target=""_blank"">@lhqitc</a>",66,12,67.654,0.958,4,60,0,675.833,19.5,0,0.25
"<a href=""https://tiktok.com/@lishunfadacai125"" target=""_blank"">@lishunfadacai125</a>",10,6,68.302,0.967,5,43,0,497,37.833,2.5,3.833
"<a href=""https://tiktok.com/@ljpjvh"" target=""_blank"">@ljpjvh</a>",88,4,18.375,1,2,16,0,53145,2135.4,17,5.2
"<a href=""https://tiktok.com/@lkur501352"" target=""_blank"">@lkur501352</a>",12,5,75.625,1,2,16,0,66845.2,6792.4,199,1771.2
"<a href=""https://tiktok.com/@lnppoe"" target=""_blank"">@lnppoe</a>",124,6,78.25,1,2,27,0,1051.333,41.889,4,1.667
"<a href=""https://tiktok.com/@long.arpin"" target=""_blank"">@long.arpin</a>",37,7,54.125,1,1,8,0,42586.571,2324.714,10.857,12.571
"<a href=""https://tiktok.com/@loveyouxue1"" target=""_blank"">@loveyouxue1</a>",15,4,65.75,1,2,16,0,1480.5,101,4.25,29.75
"<a href=""https://tiktok.com/@luisina.riihimaki"" target=""_blank"">@luisina.riihimaki</a>",1,7,61.75,0.917,2,16,0,1955.714,122.857,3.143,9.429
"<a href=""https://tiktok.com/@lxjjc"" target=""_blank"">@lxjjc</a>",2,8,56.83,0.876,6,57,0,2080.25,78.375,0.125,0.625
"<a href=""https://tiktok.com/@m157pcokd1"" target=""_blank"">@m157pcokd1</a>",43,9,63.875,1,1,8,0,1838.111,42.556,5.111,1.222
"<a href=""https://tiktok.com/@maemeg7"" target=""_blank"">@maemeg7</a>",84,5,25.4,1,1,10,0,1092,56.8,0.6,0
"<a href=""https://tiktok.com/@manoj00764"" target=""_blank"">@manoj00764</a>",108,5,14.2,0.875,1,10,0,5463.143,69,4.143,0.714
"<a href=""https://tiktok.com/@marisol.rath"" target=""_blank"">@marisol.rath</a>",14,7,56.75,0.857,1,8,0,1234.5,27.75,0.375,2.625
"<a href=""https://tiktok.com/@marjoriecarrie0525"" target=""_blank"">@marjoriecarrie0525</a>",14,7,45.961,1,3,30,0,791.286,16.714,0,0.429
"<a href=""https://tiktok.com/@mbxuwf"" target=""_blank"">@mbxuwf</a>",80,5,26.8,0.857,1,10,0,1449.571,45.714,1,0.571
"<a href=""https://tiktok.com/@mee00819"" target=""_blank"">@mee00819</a>",108,6,14.2,0.875,1,10,0,19913.125,129.5,3.375,1
"<a href=""https://tiktok.com/@mina.12558"" target=""_blank"">@mina.12558</a>",102,6,64.3,0.833,1,10,0,1265,112.667,3.5,10.833
"<a href=""https://tiktok.com/@miss.bordner"" target=""_blank"">@miss.bordner</a>",5,7,48.295,1,2,19,0,2043.714,99.571,0.571,0.714
"<a href=""https://tiktok.com/@mjbwysq6"" target=""_blank"">@mjbwysq6</a>",81,6,19.875,0.857,1,8,0,1231.333,60.167,1,0.5
"<a href=""https://tiktok.com/@mmhpbybt"" target=""_blank"">@mmhpbybt</a>",104,15,61.858,0.913,4,41,0,2049.133,33.4,6,0.267
"<a href=""https://tiktok.com/@mong.khuu"" target=""_blank"">@mong.khuu</a>",14,8,52.311,0.953,5,49,0,1605.125,43.375,0.375,2.375
"<a href=""https://tiktok.com/@msfsgvsvcsdfsadsa"" target=""_blank"">@msfsgvsvcsdfsadsa</a>",29,6,42.75,1,1,8,0,666,18.333,1.667,3.833
"<a href=""https://tiktok.com/@mua29840"" target=""_blank"">@mua29840</a>",50,6,61.056,0.857,2,17,0,4236,272.667,8.833,11.833
"<a href=""https://tiktok.com/@mxvgdscsdfvcsdfsd"" target=""_blank"">@mxvgdscsdfvcsdfsd</a>",29,7,60.625,0.856,4,32,0,878.714,25.857,0.143,0.286
"<a href=""https://tiktok.com/@nassralanijw1hlg"" target=""_blank"">@nassralanijw1hlg</a>",60,4,55.5,0.8,1,8,0,1182.6,84.2,1,0.6
"<a href=""https://tiktok.com/@ncjfhyrsdj"" target=""_blank"">@ncjfhyrsdj</a>",94,6,43.584,0.958,3,29,0,523,16.5,0.333,0
"<a href=""https://tiktok.com/@ncsfo3287"" target=""_blank"">@ncsfo3287</a>",94,6,54.052,0.964,4,33,0,1518.714,85.857,0.571,0.429
"<a href=""https://tiktok.com/@ndmsl15"" target=""_blank"">@ndmsl15</a>",118,4,27.75,1,1,8,0,117402.75,5395.5,14,28.25
"<a href=""https://tiktok.com/@nfjsk12"" target=""_blank"">@nfjsk12</a>",123,5,55.3,0.8,3,30,0,2158,60.4,1.6,0.8
"<a href=""https://tiktok.com/@nfyk.emma"" target=""_blank"">@nfyk.emma</a>",14,8,42.491,0.937,4,43,0,2444.375,70.5,0.5,6.875
"<a href=""https://tiktok.com/@ngeetjbwt"" target=""_blank"">@ngeetjbwt</a>",90,9,37.312,0.929,2,16,0,823.778,49.111,0.333,0.111
"<a href=""https://tiktok.com/@njjyaey5"" target=""_blank"">@njjyaey5</a>",79,6,26.167,1,2,20,0,874.875,41.375,1.5,0
"<a href=""https://tiktok.com/@nmkv7803"" target=""_blank"">@nmkv7803</a>",103,6,33.403,1,4,40,0,1488.167,97.5,3.833,7
"<a href=""https://tiktok.com/@nqkwvc"" target=""_blank"">@nqkwvc</a>",84,8,27.95,1,2,18,0,1400.5,70.125,0.75,0.5
"<a href=""https://tiktok.com/@ntijbfvwvlj126"" target=""_blank"">@ntijbfvwvlj126</a>",32,8,67.371,1,3,27,0,13174.75,128.75,0.875,18.625
"<a href=""https://tiktok.com/@ntpblw"" target=""_blank"">@ntpblw</a>",66,6,74.556,1,3,36,0,537,23.5,0.167,0.5
"<a href=""https://tiktok.com/@nxpsa4288"" target=""_blank"">@nxpsa4288</a>",93,4,45.5,1,1,8,0,640.25,33,1.75,0
"<a href=""https://tiktok.com/@objlhmtjemu"" target=""_blank"">@objlhmtjemu</a>",66,12,66.822,0.933,5,79,0,439.667,11.167,0.083,0.167
"<a href=""https://tiktok.com/@oidufc"" target=""_blank"">@oidufc</a>",79,8,15.944,1,3,28,0,1335.25,41.625,0.375,0.25
"<a href=""https://tiktok.com/@ojbkhhh2"" target=""_blank"">@ojbkhhh2</a>",26,8,77.063,0.875,3,28,0,1542.625,45.375,0.375,0.625
"<a href=""https://tiktok.com/@ojkmss"" target=""_blank"">@ojkmss</a>",66,6,50.333,1,2,27,0,335.333,16,0,0
"<a href=""https://tiktok.com/@okay11732"" target=""_blank"">@okay11732</a>",74,9,77.22,0.922,4,76,0,1805.091,66.909,0.545,0.818
"<a href=""https://tiktok.com/@okhgf567"" target=""_blank"">@okhgf567</a>",10,6,56.311,0.872,6,51,0,902.5,57.5,2.5,1.5
"<a href=""https://tiktok.com/@oljclk"" target=""_blank"">@oljclk</a>",88,8,20.929,0.95,2,22,0,2087.625,53.25,0.875,0
"<a href=""https://tiktok.com/@olrsyrt7"" target=""_blank"">@olrsyrt7</a>",40,6,18.667,1,1,12,0,1509.333,38.167,0.167,0.333
"<a href=""https://tiktok.com/@opgse4909"" target=""_blank"">@opgse4909</a>",96,9,64.606,0.874,9,88,0,1578.667,66.444,0.667,0.333
"<a href=""https://tiktok.com/@oqdrhqzhlfeuk"" target=""_blank"">@oqdrhqzhlfeuk</a>",101,5,43.222,0.833,1,9,0,3553,86.4,9.2,62.4
"<a href=""https://tiktok.com/@osiqraf"" target=""_blank"">@osiqraf</a>",123,4,58.6,0.933,3,26,0,997.75,73.75,0.25,0.5
"<a href=""https://tiktok.com/@owuhwh"" target=""_blank"">@owuhwh</a>",121,4,28.75,1,1,8,0,18424,680.5,5.75,6.75
"<a href=""https://tiktok.com/@oxkympku"" target=""_blank"">@oxkympku</a>",106,9,54.144,0.944,3,40,0,5194.556,44.222,0.333,10.889
"<a href=""https://tiktok.com/@pbpktw"" target=""_blank"">@pbpktw</a>",66,12,70.092,0.96,8,163,0,764.25,41.5,0.417,0.667
"<a href=""https://tiktok.com/@pbtchn"" target=""_blank"">@pbtchn</a>",66,5,94.2,1,2,19,0,218.5,12,0,0
"<a href=""https://tiktok.com/@pehcpohz"" target=""_blank"">@pehcpohz</a>",104,14,46.167,0.818,1,12,0,1710.941,15.765,1.471,0.647
"<a href=""https://tiktok.com/@pfigfwdyh2huxc"" target=""_blank"">@pfigfwdyh2huxc</a>",103,6,41.603,0.943,5,48,0,1695.5,112.167,4,8.5
"<a href=""https://tiktok.com/@phong.ngoc76"" target=""_blank"">@phong.ngoc76</a>",63,8,45.629,0.958,3,32,0,6653.25,88.75,2.125,2.125
"<a href=""https://tiktok.com/@pmvlqfdkiyxv"" target=""_blank"">@pmvlqfdkiyxv</a>",8,5,62.333,0.857,1,9,0,1070.6,33,1,2.4
"<a href=""https://tiktok.com/@prbnac"" target=""_blank"">@prbnac</a>",66,4,63.5,1,2,19,0,545,22.5,0,0.833
"<a href=""https://tiktok.com/@prdtbykvhr1rjl"" target=""_blank"">@prdtbykvhr1rjl</a>",33,6,36.674,0.833,2,17,0,2230.667,45,1,1.833
"<a href=""https://tiktok.com/@prtnr8"" target=""_blank"">@prtnr8</a>",48,6,43.625,0.75,1,8,0,3903.667,202.333,1.333,7.333
"<a href=""https://tiktok.com/@puhrra"" target=""_blank"">@puhrra</a>",66,11,69.304,0.88,7,111,0,577.091,36.636,0.182,1.364
"<a href=""https://tiktok.com/@pxibi018"" target=""_blank"">@pxibi018</a>",25,6,52.5,0.873,2,24,0,1624,34.556,0.111,0.667
"<a href=""https://tiktok.com/@pyjadfkbircst"" target=""_blank"">@pyjadfkbircst</a>",11,6,81.5,1,1,8,0,524.571,39.143,1.429,4.429
"<a href=""https://tiktok.com/@qazwsx8014"" target=""_blank"">@qazwsx8014</a>",12,4,76.75,1,1,8,0,476.833,28.5,1,0.833
"<a href=""https://tiktok.com/@qdcieh"" target=""_blank"">@qdcieh</a>",67,9,18.019,0.979,6,90,0,1159.889,49.889,0.444,0.222
"<a href=""https://tiktok.com/@qigqtm"" target=""_blank"">@qigqtm</a>",66,6,55.833,1,4,36,0,218.333,6.667,0,0.167
"<a href=""https://tiktok.com/@qkhcht2"" target=""_blank"">@qkhcht2</a>",66,6,61.498,0.944,3,34,0,347.667,9.667,0.167,0.167
"<a href=""https://tiktok.com/@qlkvahinq1huog"" target=""_blank"">@qlkvahinq1huog</a>",9,5,58.111,1,2,18,0,3295.8,164.8,8.8,18.8
"<a href=""https://tiktok.com/@qnphvvhp3wg3jg"" target=""_blank"">@qnphvvhp3wg3jg</a>",10,6,44.83,0.967,5,42,0,50115.333,676.667,68.5,25.167
"<a href=""https://tiktok.com/@qqq14107"" target=""_blank"">@qqq14107</a>",102,6,52.4,0.917,2,18,0,1305.667,122.167,6,9.5
"<a href=""https://tiktok.com/@quincyshop08"" target=""_blank"">@quincyshop08</a>",1,7,69.222,0.714,1,9,0,4214.429,137.714,5.714,16
"<a href=""https://tiktok.com/@qvcka2481"" target=""_blank"">@qvcka2481</a>",96,3,32.819,0.845,2,17,0,2200.333,48.333,0.333,0.333
"<a href=""https://tiktok.com/@qxsabeqa"" target=""_blank"">@qxsabeqa</a>",104,14,68.95,0.915,3,39,0,1512.556,18.444,0.389,0.5
"<a href=""https://tiktok.com/@reddit1bs"" target=""_blank"">@reddit1bs</a>",18,6,46.444,1,1,9,0,1896.333,38.333,0,0.889
"<a href=""https://tiktok.com/@reddit_grayson99"" target=""_blank"">@reddit_grayson99</a>",67,9,19.491,0.963,6,99,0,1567.111,90,0.111,0.333
"<a href=""https://tiktok.com/@reddit_hunt"" target=""_blank"">@reddit_hunt</a>",67,6,15.722,0.933,6,72,0,1177.667,62.667,0.333,1.333
"<a href=""https://tiktok.com/@reddit_ignatius8"" target=""_blank"">@reddit_ignatius8</a>",124,6,69.667,1,2,18,0,13032,183.889,9,15.889
"<a href=""https://tiktok.com/@redditpov6"" target=""_blank"">@redditpov6</a>",31,8,58.308,0.861,2,22,0,4892.5,68,0.625,4.625
"<a href=""https://tiktok.com/@rgqrdvgthzjz"" target=""_blank"">@rgqrdvgthzjz</a>",11,6,81.5,1,1,8,0,102183.333,4801.5,39,74
"<a href=""https://tiktok.com/@rohingyao"" target=""_blank"">@rohingyao</a>",52,8,49.847,0.86,5,50,0,2360.625,121,5.25,1.25
"<a href=""https://tiktok.com/@romyzbuhpisgfh"" target=""_blank"">@romyzbuhpisgfh</a>",102,5,40.5,1,1,8,0,1195,58.833,3.833,5.667
"<a href=""https://tiktok.com/@rosacasey65"" target=""_blank"">@rosacasey65</a>",48,8,58.12,0.912,4,35,0,2489,104.875,2.375,1.5
"<a href=""https://tiktok.com/@roselent02103"" target=""_blank"">@roselent02103</a>",96,4,56.125,0.833,1,8,0,1844,43.75,0.75,0.25
"<a href=""https://tiktok.com/@rrwtqoji8v5"" target=""_blank"">@rrwtqoji8v5</a>",29,6,53.462,0.935,7,63,0,1464,60.333,0,0
"<a href=""https://tiktok.com/@rvfdcpqmerituj"" target=""_blank"">@rvfdcpqmerituj</a>",10,6,55.111,1,1,9,0,1029.5,40,3.833,1.167
"<a href=""https://tiktok.com/@rvmmmy"" target=""_blank"">@rvmmmy</a>",78,6,45.25,1,3,24,0,1624,60.25,1.625,0.25
"<a href=""https://tiktok.com/@sasapco"" target=""_blank"">@sasapco</a>",52,7,57.416,0.9,5,47,0,2607.429,178.143,1.429,1.286
"<a href=""https://tiktok.com/@satsyou"" target=""_blank"">@satsyou</a>",51,7,60.611,0.882,2,18,0,2856.25,169.375,2.5,3.375
"<a href=""https://tiktok.com/@scndqxjyehg"" target=""_blank"">@scndqxjyehg</a>",28,7,64.533,1,2,22,0,2202,74.143,2.286,9.429
"<a href=""https://tiktok.com/@scoolpodcast"" target=""_blank"">@scoolpodcast</a>",26,6,61.75,1,2,16,0,881.125,30.25,0.25,0.625
"<a href=""https://tiktok.com/@scqf.cvdv"" target=""_blank"">@scqf.cvdv</a>",106,9,57.271,0.855,3,43,0,1033,20.111,0.333,2.778
"<a href=""https://tiktok.com/@sdsdyou"" target=""_blank"">@sdsdyou</a>",52,8,38.667,1,1,9,0,4582.875,255.375,3.25,1.75
"<a href=""https://tiktok.com/@seile.rian"" target=""_blank"">@seile.rian</a>",56,3,47.125,0.9,2,16,0,3691.333,40.333,0,0
"<a href=""https://tiktok.com/@sharleen.howard"" target=""_blank"">@sharleen.howard</a>",2,7,50.884,0.96,6,53,0,2695,78.143,1.143,3.143
"<a href=""https://tiktok.com/@shbsdd2"" target=""_blank"">@shbsdd2</a>",124,6,77.25,1,2,27,0,9362.889,259.333,23.778,43.111
"<a href=""https://tiktok.com/@shgj33"" target=""_blank"">@shgj33</a>",2,7,63.677,0.929,4,36,0,1877,56.429,0.143,0.429
"<a href=""https://tiktok.com/@shuj977"" target=""_blank"">@shuj977</a>",24,9,52.818,0.875,2,22,0,1003.333,43.556,0.444,0.111
"<a href=""https://tiktok.com/@shuy742"" target=""_blank"">@shuy742</a>",17,7,43.5,0.875,2,24,0,609.714,14.286,0.143,0.286
"<a href=""https://tiktok.com/@shvchjds"" target=""_blank"">@shvchjds</a>",51,8,68.5,1,1,12,0,4119.625,164.25,2.125,10.25
"<a href=""https://tiktok.com/@sidjjd79"" target=""_blank"">@sidjjd79</a>",26,8,45.767,0.903,3,26,0,650.625,23,0.125,0.125
"<a href=""https://tiktok.com/@sillerhaha34"" target=""_blank"">@sillerhaha34</a>",33,7,45.799,0.875,2,17,0,2383.143,55.286,0.286,0
"<a href=""https://tiktok.com/@sjjssjs151"" target=""_blank"">@sjjssjs151</a>",7,8,65.473,0.85,2,23,0,10384.25,317,3.25,12.375
"<a href=""https://tiktok.com/@skgetbys2egi6e"" target=""_blank"">@skgetbys2egi6e</a>",103,5,39.148,1,3,27,0,1899.2,127.2,4.2,10.2
"<a href=""https://tiktok.com/@skunk.robinsong"" target=""_blank"">@skunk.robinsong</a>",62,8,58.444,0.938,2,21,0,1466.625,104.125,1.375,5.125
"<a href=""https://tiktok.com/@sncoe4910"" target=""_blank"">@sncoe4910</a>",92,6,40.875,1,1,8,0,1386.5,29.333,0.667,0
"<a href=""https://tiktok.com/@snoshsj"" target=""_blank"">@snoshsj</a>",94,5,54.778,1,2,18,0,1084.2,45.6,0.2,0.2
"<a href=""https://tiktok.com/@solhvsnhwilbg"" target=""_blank"">@solhvsnhwilbg</a>",9,5,33.375,1,2,17,0,30124.2,437,24,20.4
"<a href=""https://tiktok.com/@sqifhw"" target=""_blank"">@sqifhw</a>",66,11,72.646,0.944,7,106,0.001,522.182,27,0,0.182
"<a href=""https://tiktok.com/@srepabble5758"" target=""_blank"">@srepabble5758</a>",32,8,62.35,0.952,3,26,0,5433.125,100.875,0.5,2.625
"<a href=""https://tiktok.com/@stien.lindag"" target=""_blank"">@stien.lindag</a>",62,7,61.556,0.875,1,9,0,2267.143,151.714,0.714,0.571
"<a href=""https://tiktok.com/@stoyouh"" target=""_blank"">@stoyouh</a>",52,7,52.056,0.905,3,25,0,8458.857,167.429,0.714,0.429
"<a href=""https://tiktok.com/@stvhfhj"" target=""_blank"">@stvhfhj</a>",51,7,57.7,0.875,2,19,0,4286.429,134.714,1.143,6.714
"<a href=""https://tiktok.com/@sug7994"" target=""_blank"">@sug7994</a>",17,6,47.481,0.958,3,33,0,351.833,6.667,0,0.167
"<a href=""https://tiktok.com/@sumroo.786"" target=""_blank"">@sumroo.786</a>",109,6,85.427,0.875,2,32,0,1325.167,147.333,8.667,4
"<a href=""https://tiktok.com/@sun.lilym"" target=""_blank"">@sun.lilym</a>",64,8,51.308,0.909,1,13,0,2840.125,63.25,0.25,0.875
"<a href=""https://tiktok.com/@sunnybarrows"" target=""_blank"">@sunnybarrows</a>",103,5,47.077,0.958,4,37,0,1797.6,59.2,7.2,6.2
"<a href=""https://tiktok.com/@susv0936"" target=""_blank"">@susv0936</a>",69,12,74.637,0.929,4,60,0,589.583,39.25,0.083,0.5
"<a href=""https://tiktok.com/@svpmrjwfqvu2oj"" target=""_blank"">@svpmrjwfqvu2oj</a>",10,5,55.021,1,6,48,0,1064.8,39.4,2.8,7.2
"<a href=""https://tiktok.com/@sweet_driver120"" target=""_blank"">@sweet_driver120</a>",59,4,98.778,1,1,9,0,4890.417,482.583,37.333,6.083
"<a href=""https://tiktok.com/@sxdpod"" target=""_blank"">@sxdpod</a>",42,9,53.667,0.714,1,9,0,826,22.444,0.222,0.111
"<a href=""https://tiktok.com/@symg.ynyp"" target=""_blank"">@symg.ynyp</a>",105,9,51.214,1,3,33,0,845.444,7.556,0.111,0.667
"<a href=""https://tiktok.com/@szgrss3"" target=""_blank"">@szgrss3</a>",115,8,38.444,1,1,9,0,1809.375,33.375,0.625,0.5
"<a href=""https://tiktok.com/@tetel4962"" target=""_blank"">@tetel4962</a>",69,8,81.467,0.69,2,19,0,516.778,13.222,0.111,0.222
"<a href=""https://tiktok.com/@text690"" target=""_blank"">@text690</a>",52,6,52.125,0.817,2,22,0,5986.167,185.833,2.833,2.333
"<a href=""https://tiktok.com/@texting592"" target=""_blank"">@texting592</a>",31,8,35.208,0.944,2,20,0,3788.5,38.375,1.25,0.875
"<a href=""https://tiktok.com/@textmessagek"" target=""_blank"">@textmessagek</a>",33,8,68.778,0.938,2,18,0,769.125,20,0.375,0.75
"<a href=""https://tiktok.com/@texts178"" target=""_blank"">@texts178</a>",52,8,49,0.667,1,8,0,3653.375,137.75,19,4
"<a href=""https://tiktok.com/@textstory781"" target=""_blank"">@textstory781</a>",52,7,88.7,1,1,10,0,5218.625,206.375,12.875,8.625
"<a href=""https://tiktok.com/@thalrn"" target=""_blank"">@thalrn</a>",39,6,47.375,1,2,16,0,1598.833,53.667,0,0
"<a href=""https://tiktok.com/@titme"" target=""_blank"">@titme</a>",18,7,46.444,1,1,9,0,2525.571,95.571,4.286,1.286
"<a href=""https://tiktok.com/@tiwakp1"" target=""_blank"">@tiwakp1</a>",66,6,76.59,0.944,3,31,0,575.833,24.667,0.167,0.167
"<a href=""https://tiktok.com/@tk168877jd0"" target=""_blank"">@tk168877jd0</a>",9,5,65.094,1,5,41,0,1683.8,69,2,2.2
"<a href=""https://tiktok.com/@tkfjfjjrj"" target=""_blank"">@tkfjfjjrj</a>",6,8,59.273,0.8,1,11,0,2619.375,77.5,0.875,1
"<a href=""https://tiktok.com/@todaysfriendshow4"" target=""_blank"">@todaysfriendshow4</a>",17,11,48.111,1,1,9,0,1309.636,25.455,0.364,0.182
"<a href=""https://tiktok.com/@topi.khatun6"" target=""_blank"">@topi.khatun6</a>",25,6,64.792,0.866,2,21,0,1292.556,36.667,0.111,0
"<a href=""https://tiktok.com/@touab4277"" target=""_blank"">@touab4277</a>",85,8,59.158,0.908,4,47,0,1257.25,58.875,0,0.25
"<a href=""https://tiktok.com/@tugx2917"" target=""_blank"">@tugx2917</a>",69,12,82.47,0.917,4,45,0,830.75,23.583,0.25,0.25
"<a href=""https://tiktok.com/@ubhutfrx"" target=""_blank"">@ubhutfrx</a>",1,8,57.649,0.969,4,36,0,1752.25,56.5,0.875,0.625
"<a href=""https://tiktok.com/@ucmanprodl1"" target=""_blank"">@ucmanprodl1</a>",29,7,52.952,0.935,6,55,0,955.429,20.429,0.714,2.286
"<a href=""https://tiktok.com/@uehjkb3487"" target=""_blank"">@uehjkb3487</a>",10,6,46.522,0.969,10,91,0,1556.333,49.5,6.167,36
"<a href=""https://tiktok.com/@ufsc8075"" target=""_blank"">@ufsc8075</a>",71,9,76.254,0.944,2,39,0,1097.917,42.417,0.333,0.833
"<a href=""https://tiktok.com/@uiavao.bskvai"" target=""_blank"">@uiavao.bskvai</a>",7,8,55.057,0.85,2,19,0,1742.25,34.25,1.75,0.5
"<a href=""https://tiktok.com/@ujrrrsq"" target=""_blank"">@ujrrrsq</a>",66,6,65.779,1,4,53,0,274,9.333,0,0
"<a href=""https://tiktok.com/@ulrikesteuber"" target=""_blank"">@ulrikesteuber</a>",14,7,49.992,1,4,42,0,1040.714,16,0.143,0
"<a href=""https://tiktok.com/@uoxu.wcbk"" target=""_blank"">@uoxu.wcbk</a>",105,8,50.924,0.944,2,20,0,2331,22.222,0.111,0.889
"<a href=""https://tiktok.com/@urdu9708"" target=""_blank"">@urdu9708</a>",71,11,73.55,0.931,4,66,0,1252.727,50.545,0.273,0.455
"<a href=""https://tiktok.com/@user16909390140293"" target=""_blank"">@user16909390140293</a>",53,3,65,1,1,9,0,772.333,18,0.333,0
"<a href=""https://tiktok.com/@user19468614708518"" target=""_blank"">@user19468614708518</a>",19,7,44.65,0.889,2,24,0,2939.571,66.286,1.429,14
"<a href=""https://tiktok.com/@user216258287225"" target=""_blank"">@user216258287225</a>",32,8,75.5,1,1,8,0,5372.25,95,0.625,0.625
"<a href=""https://tiktok.com/@user2903556969068"" target=""_blank"">@user2903556969068</a>",20,8,52.782,0.889,2,21,0,1365,26.25,1,4.75
"<a href=""https://tiktok.com/@user2920462956526"" target=""_blank"">@user2920462956526</a>",19,7,84.25,1,1,8,0,2634.125,38.75,0.25,3.625
"<a href=""https://tiktok.com/@user2932993437321"" target=""_blank"">@user2932993437321</a>",22,8,52.5,0.875,1,10,0,1559.25,34.375,0,1.375
"<a href=""https://tiktok.com/@user3154950400581"" target=""_blank"">@user3154950400581</a>",49,8,51.373,0.95,2,21,0,2675.375,174.125,1.5,1.5
"<a href=""https://tiktok.com/@user3213356160756"" target=""_blank"">@user3213356160756</a>",66,5,73.123,1,2,23,0,271.2,11.8,0,0
"<a href=""https://tiktok.com/@user3269067988455"" target=""_blank"">@user3269067988455</a>",101,6,43.222,0.833,1,9,0,594,40.333,0.833,4.167
"<a href=""https://tiktok.com/@user33450120083591"" target=""_blank"">@user33450120083591</a>",66,8,57.693,0.833,3,42,0,341,10.583,0.083,0
"<a href=""https://tiktok.com/@user3525275284298"" target=""_blank"">@user3525275284298</a>",10,5,53.464,1,7,56,0,358969,12862.8,61.2,134.4
"<a href=""https://tiktok.com/@user3543260092180"" target=""_blank"">@user3543260092180</a>",70,6,71.6,0.929,2,20,0,2485.556,167.111,0.778,1
"<a href=""https://tiktok.com/@user35634735100156"" target=""_blank"">@user35634735100156</a>",35,5,38.6,0.857,1,10,0,3468.375,79.875,1.25,7.5
"<a href=""https://tiktok.com/@user3758269061970"" target=""_blank"">@user3758269061970</a>",60,5,55.5,0.8,1,8,0,10841.429,295.429,2,8.857
"<a href=""https://tiktok.com/@user386963311513"" target=""_blank"">@user386963311513</a>",23,8,51.75,1,1,8,0,1217.625,21.625,0.75,4.75
"<a href=""https://tiktok.com/@user3909252607556"" target=""_blank"">@user3909252607556</a>",35,7,38.6,0.857,1,10,0,1584.375,38.75,0.375,3.75
"<a href=""https://tiktok.com/@user4148379047616"" target=""_blank"">@user4148379047616</a>",36,8,58.625,1,1,8,0,1527.25,65.125,0.375,0
"<a href=""https://tiktok.com/@user4181021201798"" target=""_blank"">@user4181021201798</a>",21,8,57.591,0.917,2,20,0,1252.125,21.75,1.125,2.5
"<a href=""https://tiktok.com/@user4187020248434"" target=""_blank"">@user4187020248434</a>",30,8,75.5,1,1,8,0,3134.625,48.5,0.75,1
"<a href=""https://tiktok.com/@user44761426985968"" target=""_blank"">@user44761426985968</a>",54,5,54,1,1,9,0,699.833,28.833,0.667,0.833
"<a href=""https://tiktok.com/@user50065457091245"" target=""_blank"">@user50065457091245</a>",19,6,48.844,0.882,2,19,0,5892.333,78.5,1,12.5
"<a href=""https://tiktok.com/@user5107401810761"" target=""_blank"">@user5107401810761</a>",10,6,51.907,0.962,13,125,0,3638.833,92.167,5.833,21
"<a href=""https://tiktok.com/@user5626060056906"" target=""_blank"">@user5626060056906</a>",1,8,55.45,0.937,6,58,0,2739.25,201.625,3.125,1.375
"<a href=""https://tiktok.com/@user59010441107517"" target=""_blank"">@user59010441107517</a>",19,8,61.213,0.921,3,31,0,2689,36.625,0,1.5
"<a href=""https://tiktok.com/@user6139676160240"" target=""_blank"">@user6139676160240</a>",55,6,50.778,1,1,9,0,1249.833,56,0.5,2.167
"<a href=""https://tiktok.com/@user6186701630842"" target=""_blank"">@user6186701630842</a>",20,8,44.743,0.944,2,24,0,1998.125,48.625,1,3.5
"<a href=""https://tiktok.com/@user66946725172477"" target=""_blank"">@user66946725172477</a>",55,6,50.778,1,1,9,0,908.5,39.5,0.667,1.5
"<a href=""https://tiktok.com/@user6922385284275"" target=""_blank"">@user6922385284275</a>",1,7,53.158,0.963,3,28,0,2088.571,95,2.857,1.857
"<a href=""https://tiktok.com/@user7166160034825"" target=""_blank"">@user7166160034825</a>",21,7,54.035,0.917,2,20,0,2557,40.857,0.143,2.571
"<a href=""https://tiktok.com/@user7552715418111"" target=""_blank"">@user7552715418111</a>",15,6,38.5,1,1,8,0,916.667,39.333,8,15.333
"<a href=""https://tiktok.com/@user7605976152392"" target=""_blank"">@user7605976152392</a>",2,8,49.601,1,3,29,0,2002.125,56.875,0.75,1.625
"<a href=""https://tiktok.com/@user8508148033286"" target=""_blank"">@user8508148033286</a>",5,8,59.306,1,3,29,0,2082.25,90.5,1.5,1.625
"<a href=""https://tiktok.com/@user8653602093025"" target=""_blank"">@user8653602093025</a>",22,7,52.5,0.875,1,10,0,1567.625,50.625,0.875,2.75
"<a href=""https://tiktok.com/@user8794483655797"" target=""_blank"">@user8794483655797</a>",20,8,60.325,0.944,2,25,0,2290.75,43.25,0.5,4.5
"<a href=""https://tiktok.com/@user90458309763611"" target=""_blank"">@user90458309763611</a>",61,7,53.5,1,1,8,0,1177.429,80.714,0.286,0
"<a href=""https://tiktok.com/@user9141790504944"" target=""_blank"">@user9141790504944</a>",32,8,65.994,0.911,3,32,0,1220.875,19.125,0.375,0.25
"<a href=""https://tiktok.com/@user9545613515904"" target=""_blank"">@user9545613515904</a>",38,4,48.25,1,2,16,0,13464.75,527,7.5,14.75
"<a href=""https://tiktok.com/@user9724456321051"" target=""_blank"">@user9724456321051</a>",5,8,60.667,1,4,40,0,2706.375,67.125,0.375,0.375
"<a href=""https://tiktok.com/@username.12365478"" target=""_blank"">@username.12365478</a>",109,4,94.9,0.75,1,10,0,704.333,48.667,12.333,2.333
"<a href=""https://tiktok.com/@username.1545465"" target=""_blank"">@username.1545465</a>",110,5,100.667,0.8,1,12,0,48.833,7,1.333,0
"<a href=""https://tiktok.com/@username.64754675"" target=""_blank"">@username.64754675</a>",110,5,100.667,0.8,1,12,0,51.2,5.2,1.8,0
"<a href=""https://tiktok.com/@ushddhd11"" target=""_blank"">@ushddhd11</a>",50,6,65,0.714,1,8,0,812.5,25,2,3.5
"<a href=""https://tiktok.com/@usjg2117"" target=""_blank"">@usjg2117</a>",69,12,63.061,0.849,3,44,0,731.917,43.5,0.417,0.417
"<a href=""https://tiktok.com/@uxudhqnbwmws"" target=""_blank"">@uxudhqnbwmws</a>",100,6,38.667,1,1,9,0,1006.333,78.5,1.667,8.167
"<a href=""https://tiktok.com/@uyiy1286"" target=""_blank"">@uyiy1286</a>",122,4,40.167,1,3,24,0,1786.75,70.5,2.75,1.25
"<a href=""https://tiktok.com/@v.if77"" target=""_blank"">@v.if77</a>",23,7,53.2,0.857,1,10,0,1548.857,63,0.429,0
"<a href=""https://tiktok.com/@vedrdzy"" target=""_blank"">@vedrdzy</a>",81,5,19.875,0.857,1,8,0,1414.4,74.2,0.6,0.4
"<a href=""https://tiktok.com/@verity.holland"" target=""_blank"">@verity.holland</a>",5,8,64.5,0.958,3,32,0,1688.25,81,2.125,0.625
"<a href=""https://tiktok.com/@vghf668"" target=""_blank"">@vghf668</a>",21,9,44.995,0.821,4,41,0,1219.444,54.111,0.556,0.111
"<a href=""https://tiktok.com/@video.of38"" target=""_blank"">@video.of38</a>",16,7,47.938,0.917,2,16,0,1545,38.625,0.375,0.125
"<a href=""https://tiktok.com/@vit.fuc"" target=""_blank"">@vit.fuc</a>",50,6,53.5,1,1,8,0,15007,318.667,65,58
"<a href=""https://tiktok.com/@vitsu.alec1"" target=""_blank"">@vitsu.alec1</a>",56,5,56.721,0.794,3,28,0,4187.8,102.6,4,1.6
"<a href=""https://tiktok.com/@viyjgiwk"" target=""_blank"">@viyjgiwk</a>",104,14,64.425,0.902,3,34,0,9358.733,94.133,4.867,17.533
"<a href=""https://tiktok.com/@vjed.dyay"" target=""_blank"">@vjed.dyay</a>",54,6,58.611,1,2,18,0,1185.333,63,0.667,0.833
"<a href=""https://tiktok.com/@vomfir2"" target=""_blank"">@vomfir2</a>",40,6,18.667,1,1,12,0,1265.667,23.667,0.5,0
"<a href=""https://tiktok.com/@vshwiy2868"" target=""_blank"">@vshwiy2868</a>",24,8,50.399,0.889,2,24,0,595.556,10.667,0.667,0.889
"<a href=""https://tiktok.com/@vsuau5"" target=""_blank"">@vsuau5</a>",119,4,66.625,1,2,16,0,1446.25,96.75,3.25,1.5
"<a href=""https://tiktok.com/@vynqcbfko7mylp"" target=""_blank"">@vynqcbfko7mylp</a>",33,8,66.51,0.792,4,33,0,15408.125,446.875,14.5,84
"<a href=""https://tiktok.com/@walke.lowe"" target=""_blank"">@walke.lowe</a>",63,8,38.667,0.958,3,35,0,20912.375,225.75,19.625,7.625
"<a href=""https://tiktok.com/@was07252"" target=""_blank"">@was07252</a>",45,12,73.223,0.955,2,23,0,2784.333,153.833,2.25,0.5
"<a href=""https://tiktok.com/@wbakf3819"" target=""_blank"">@wbakf3819</a>",85,8,64.98,0.88,3,38,0,283,4.625,0,0
"<a href=""https://tiktok.com/@wede35"" target=""_blank"">@wede35</a>",57,11,61.527,0.838,6,80,0,2647,78.727,0.727,3.364
"<a href=""https://tiktok.com/@wevbocr"" target=""_blank"">@wevbocr</a>",84,7,21.15,0.938,2,18,0,1581.571,49.714,1.143,0
"<a href=""https://tiktok.com/@wgslhe"" target=""_blank"">@wgslhe</a>",66,11,74.908,0.929,9,130,0.001,802.727,33.727,0.182,0.455
"<a href=""https://tiktok.com/@whcks2274"" target=""_blank"">@whcks2274</a>",96,3,34.389,1,2,18,0,1109,26.667,0.333,0
"<a href=""https://tiktok.com/@whitf.jaromy"" target=""_blank"">@whitf.jaromy</a>",61,7,53.5,1,1,8,0,1068.571,60.714,0.286,1
"<a href=""https://tiktok.com/@wiqg8225"" target=""_blank"">@wiqg8225</a>",69,11,74.567,0.917,1,30,0,690.364,37.364,0.273,0.091
"<a href=""https://tiktok.com/@wive0570"" target=""_blank"">@wive0570</a>",68,6,77.083,0.9,2,26,0,965.333,40.111,0.333,1.111
"<a href=""https://tiktok.com/@wjdsn4199"" target=""_blank"">@wjdsn4199</a>",97,5,54.667,1,1,9,0,847.4,43,0,0
"<a href=""https://tiktok.com/@wnalc1228"" target=""_blank"">@wnalc1228</a>",95,5,60.75,1,1,8,0,520.833,13.167,0.167,0
"<a href=""https://tiktok.com/@wndla4862"" target=""_blank"">@wndla4862</a>",96,5,30.167,1,2,18,0,1323.8,55.6,0.2,0.2
"<a href=""https://tiktok.com/@wnsao4288"" target=""_blank"">@wnsao4288</a>",86,6,76.5,1,1,10,0,1531.167,76,1,0.167
"<a href=""https://tiktok.com/@wnxlr7248"" target=""_blank"">@wnxlr7248</a>",96,8,47.531,0.864,6,67,0,2889.625,90.5,3.25,0.25
"<a href=""https://tiktok.com/@woshilongaotian"" target=""_blank"">@woshilongaotian</a>",9,5,35.25,1,2,17,0,1166,48.8,2,1
"<a href=""https://tiktok.com/@wout1262"" target=""_blank"">@wout1262</a>",120,4,23.25,1,1,8,0,2912.25,142,0.75,2.75
"<a href=""https://tiktok.com/@woyaofadacai0"" target=""_blank"">@woyaofadacai0</a>",10,6,62.081,0.948,12,104,0,2159.667,75.833,3.833,3
"<a href=""https://tiktok.com/@wroe.edith6"" target=""_blank"">@wroe.edith6</a>",56,4,64.444,0.714,1,9,0,2711.75,53.25,0.5,1.5
"<a href=""https://tiktok.com/@wsfj4"" target=""_blank"">@wsfj4</a>",119,4,45.25,1,2,16,0,982.25,70.5,0.5,0.25
"<a href=""https://tiktok.com/@wss042"" target=""_blank"">@wss042</a>",45,11,52,0.955,2,24,0,112376.364,5421.091,34.909,23
"<a href=""https://tiktok.com/@wss1066"" target=""_blank"">@wss1066</a>",47,10,58.111,1,1,9,0,5283.2,145.7,0.714,2.2
"<a href=""https://tiktok.com/@wuge2639"" target=""_blank"">@wuge2639</a>",69,10,81.655,0.911,3,43,0,457.364,17.727,0,0
"<a href=""https://tiktok.com/@wzcvm2228i"" target=""_blank"">@wzcvm2228i</a>",98,3,22.556,1,1,9,0,1078.333,25.667,1.333,0
"<a href=""https://tiktok.com/@xbhyudvqeq2lki"" target=""_blank"">@xbhyudvqeq2lki</a>",10,4,40.875,0.833,2,16,0,878.25,40.5,3.75,15
"<a href=""https://tiktok.com/@xbnrp3166"" target=""_blank"">@xbnrp3166</a>",85,5,57.648,0.861,2,19,0,31091.6,1084.6,6,73.2
"<a href=""https://tiktok.com/@xbsijs1"" target=""_blank"">@xbsijs1</a>",92,8,57.778,1,1,9,0,1482.75,63.5,0.875,0.875
"<a href=""https://tiktok.com/@xchinaqueen5"" target=""_blank"">@xchinaqueen5</a>",111,5,89.636,0.8,1,11,0,632,26.5,2.5,0
"<a href=""https://tiktok.com/@xchinaqueen6"" target=""_blank"">@xchinaqueen6</a>",111,4,89.636,0.8,1,11,0,116.167,7,0.5,0.167
"<a href=""https://tiktok.com/@xh6578"" target=""_blank"">@xh6578</a>",45,10,64.14,1,2,23,0,19842.333,491.667,7.583,1.5
"<a href=""https://tiktok.com/@xhnle4779"" target=""_blank"">@xhnle4779</a>",92,10,49.326,1,2,17,0,2354.5,63.9,0,0.6
"<a href=""https://tiktok.com/@xihz9643"" target=""_blank"">@xihz9643</a>",72,11,38.909,1,1,22,0,975.455,42.364,0,1.636
"<a href=""https://tiktok.com/@xlhxhlxlh8"" target=""_blank"">@xlhxhlxlh8</a>",96,6,39.862,0.917,4,39,0,11296.667,661,7,2
"<a href=""https://tiktok.com/@xxii911"" target=""_blank"">@xxii911</a>",52,8,53.569,0.851,4,36,0,2274,95.125,1.25,0.625
"<a href=""https://tiktok.com/@yclp.pjfg"" target=""_blank"">@yclp.pjfg</a>",54,6,63.222,1,1,9,0,808.667,30.333,1.167,0
"<a href=""https://tiktok.com/@yelm.boor"" target=""_blank"">@yelm.boor</a>",63,8,44.212,1,3,37,0,9846.25,125.625,3.125,3.25
"<a href=""https://tiktok.com/@yiitsukb"" target=""_blank"">@yiitsukb</a>",48,8,50.63,0.893,3,29,0,1496.375,112.5,0.75,0
"<a href=""https://tiktok.com/@you.texts"" target=""_blank"">@you.texts</a>",51,8,55.222,0.889,1,9,0,6452.75,179.375,2.375,6.375
"<a href=""https://tiktok.com/@yourfavtwins0"" target=""_blank"">@yourfavtwins0</a>",93,5,50.812,0.917,2,16,0,1446,77.2,0,0
"<a href=""https://tiktok.com/@yowbc4277"" target=""_blank"">@yowbc4277</a>",85,9,62.31,0.839,4,35,0,2937.667,75.111,0.111,0.778
"<a href=""https://tiktok.com/@ysishhd7"" target=""_blank"">@ysishhd7</a>",49,8,56.725,0.938,2,18,0,1902,151.5,1.625,0.375
"<a href=""https://tiktok.com/@ytrq8081"" target=""_blank"">@ytrq8081</a>",74,12,70.186,1,2,56,0,1552.583,71.917,0.833,0.333
"<a href=""https://tiktok.com/@zbkte3678"" target=""_blank"">@zbkte3678</a>",90,7,56.875,1,1,8,0,614.222,14.889,0,0.111
"<a href=""https://tiktok.com/@zdfyzr8"" target=""_blank"">@zdfyzr8</a>",80,6,26.8,0.857,1,10,0,1019.375,73.625,1.125,0.25
"<a href=""https://tiktok.com/@zegtzgy"" target=""_blank"">@zegtzgy</a>",78,6,27.875,1,2,16,0,389.625,15,0.125,0.125
"<a href=""https://tiktok.com/@zsdx184"" target=""_blank"">@zsdx184</a>",57,5,59.118,0.917,8,77,0,3213.8,76,0.4,1.6
"<a href=""https://tiktok.com/@ztctmxt"" target=""_blank"">@ztctmxt</a>",84,6,11.8,0.875,1,10,0,3693.167,108.333,2.833,0.167
"<a href=""https://tiktok.com/@zvdkadppdgan"" target=""_blank"">@zvdkadppdgan</a>",103,6,37.356,0.958,3,28,0,1417.833,61.167,1.833,4.833
"<a href=""https://tiktok.com/@zvjsl"" target=""_blank"">@zvjsl</a>",121,4,41.875,1,2,16,0,38454,835,10.25,22.5
"<a href=""https://tiktok.com/@zxvb736"" target=""_blank"">@zxvb736</a>",57,6,58.272,0.888,8,84,0,13355.167,156.833,0.5,1.833
"<a href=""https://tiktok.com/@zyvk.yaoo"" target=""_blank"">@zyvk.yaoo</a>",105,8,60.257,0.969,4,36,0,6176.222,51.889,0.333,17.222
"<a href=""https://tiktok.com/@zzxss134"" target=""_blank"">@zzxss134</a>",122,4,40.167,1,3,24,0,5510.5,114.5,2,1.25
