"Network","Number of Accounts","Network Density","Network Diameter","Clustering Coefficient","Avg Views","Avg Likes","Avg Comments","Avg Shares","Member Accounts"
1,17,0.243,53,0.508,4232.944,145.452,2.806,5.024,"jdpdosj, jfufrehcdh, luisina.riihimaki, fughf21, irdc042, user5626060056906, ubhutfrx, chantalkusch, krug011, jtcytxyzey, be.jkigv, bmc12655, jsosjxj8, jdpxorjf, quincyshop08, hcodifb, user6922385284275"
2,8,0.571,28,0.724,2091.237,84.729,0.695,1.695,"aedhdjcoof, hdhxh3484, shgj33, gduhx01, sharleen.howard, fduic5, lxjjc, user7605976152392"
3,2,1,9,0,2702.846,74.231,0.385,0.538,"aedyckctu, jfdd653"
4,2,1,8,0,2454.571,61.643,0.857,1.214,"hdr86575, fauy8466"
5,8,0.393,28,0.286,4292.587,133.571,1.54,1.556,"jdkckcj2, user8508148033286, hullen.nguyen, cbjf05, ayden.riverad, user9724456321051, miss.bordner, verity.holland"
6,2,1,11,0,11079.812,174.188,3.312,2.062,"tkfjfjjrj, eb.bg7"
7,4,0.667,20,0.6,32324.133,788.733,7.567,8.9,"sjjssjs151, uiavao.bskvai, ggg.hgfc, isjsjs.nsndk"
8,6,0.333,26,0,3822.097,182.226,16.419,31.323,"baobaobao7183, pmvlqfdkiyxv, hqtqiucajpf, labubushiping51, cxlpodwzefzoe, ancmleilrbge"
9,13,0.231,36,0.4,26830.343,795.09,11.075,27.463,"duidsifsogs, qlkvahinq1huog, tk168877jd0, solhvsnhwilbg, woshilongaotian, huoqilaiya, labubu535353, labubu5252, baoqianwan11, baomeijing67, kedcemqthbmxx, dddunkkftacnib, baobaiwan888"
10,20,0.347,40,0.635,38606.788,2100.15,47.115,297.221,"kiki.text, ed.huahua3, lishunfadacai125, qnphvvhp3wg3jg, hjkfdfc, rvfdcpqmerituj, jfodxgajsjijpd, okhgf567, gvcchh3457, user3525275284298, woyaofadacai0, user5107401810761, bxecxotdjfrvi, hhgghj8866, ihgg5672, fgjbgf4688, cbnhf5680, uehjkb3487, svpmrjwfqvu2oj, xbhyudvqeq2lki"
11,2,1,8,0,47444,2237.154,18.769,36.538,"rgqrdvgthzjz, pyjadfkbircst"
12,3,0.667,16,0,29658.941,2592.588,82.941,595.588,"jennifer.andrews353, lkur501352, qazwsx8014"
13,2,1,9,0,2872.182,187.545,9.182,11.545,"kiramkxlj3z, cchmlalala"
14,8,0.464,36,0.6,1356.759,32.19,0.31,2.293,"jann.jacobs, camilo.austin5, jeffrey.hettinger, ulrikesteuber, mong.khuu, nfyk.emma, marjoriecarrie0525, marisol.rath"
15,4,0.5,26,0,2813.864,133.545,9.909,36.727,"bihuogogogo, alfred.roberts5, user7552715418111, loveyouxue1"
16,4,0.5,27,0,1726.438,45.094,0.438,0.219,"berez.paulo, gfg6705, j.uv586, video.of38"
17,4,0.667,21,0.6,883.867,23.367,0.333,0.333,"sug7994, shuy742, carbloggera, todaysfriendshow4"
18,2,1,9,0,2171.625,63.375,1.875,1.062,"reddit1bs, titme"
19,4,0.667,22,0.6,3397.103,53.034,0.621,7.379,"user19468614708518, user50065457091245, user2920462956526, user59010441107517"
20,3,1,14,1,1884.625,39.375,0.833,4.25,"user6186701630842, user2903556969068, user8794483655797"
21,5,0.5,23,0.375,1636.763,36,0.447,1.132,"user7166160034825, user4181021201798, kuhar.clair6, c.ts24, vghf668"
22,2,1,10,0,1563.438,42.5,0.438,2.062,"user8653602093025, user2932993437321"
23,4,0.5,30,0,1324.355,51.806,0.742,4.581,"user386963311513, fhvf210, hdbjx72, v.if77"
24,3,1,13,1,900.76,24.72,0.52,0.36,"shuj977, bsjj8797, vshwiy2868"
25,3,1,15,1,1677.444,43.519,0.259,0.481,"pxibi018, hsbuz8, topi.khatun6"
26,7,0.524,24,0.6,1052.455,36.6,0.327,0.891,"dadd.dhh7, hotcool586, funny.podcasttop, scoolpodcast, fgjores, ojbkhhh2, sidjjd79"
27,2,1,8,0,583.8,20.8,0.133,0.267,"ayipald, aleaa0249"
28,5,0.5,28,0.5,1949.417,43.528,0.639,2.667,"ale2r35, fevkuiq, hlnvan42749s, scndqxjyehg, exmz856041"
29,9,0.639,20,0.709,2243.516,83.355,2.145,8.032,"ale383279, alejkityuoo, bsbwphji4xu, mxvgdscsdfvcsdfsd, buslmigf7dn, msfsgvsvcsdfsadsa, rrwtqoji8v5, anpebsaxgu9, ucmanprodl1"
30,2,1,8,0,3053.75,58.438,2.312,16.375,"cherry02561, user4187020248434"
31,3,1,12,1,4732.75,50.792,1.125,2.5,"redditpov6, karlamoran19677, texting592"
32,5,0.6,24,0.6,5234.725,77.125,0.6,5.075,"gichiecemila, ntijbfvwvlj126, user216258287225, srepabble5758, user9141790504944"
33,6,0.4,26,0.333,8164.841,159.023,3.091,22.682,"brittanycarter1959, textmessagek, dbckgptxv7euiy, sillerhaha34, vynqcbfko7mylp, prdtbykvhr1rjl"
34,2,1,8,0,679.5,40.9,0.5,4.5,"hajhsh12, fijficvk"
35,2,1,10,0,2526.375,59.312,0.812,5.625,"user3909252607556, user35634735100156"
36,2,1,8,0,1247.733,69.933,0.467,0.2,"ksndfmggf, user4148379047616"
37,2,1,8,0,22130.5,1224.929,6.786,6.786,"aedvziocjc, long.arpin"
38,3,1,8,1,6078.667,278.5,3.167,5.333,"hckcudh1, aedjxpxodj, user9545613515904"
39,3,1,8,1,1443.722,72.222,0.444,0.056,"thalrn, hvtcan, cthvbg"
40,2,1,12,0,1387.5,30.917,0.333,0.167,"olrsyrt7, vomfir2"
41,2,1,8,0,1320.818,54.364,0.364,0.273,"lakrin9, dxsmlj"
42,2,1,9,0,1141.118,33.941,0.118,0.118,"sxdpod, ldhkhq"
43,3,0.667,16,0,2535.292,62.167,2.45,0.708,"ghsg7ezec9, m157pcokd1, chunyuan66"
44,3,0.667,16,0,32900.375,1372.083,11.333,6.208,"fklpls0ch5, cctvvjagu0, jxhagmnav0"
45,3,1,12,1,43076,1925.086,14.343,7.914,"wss042, was07252, xh6578"
46,2,1,10,0,772.667,37.5,0.429,0.167,"laim1073, bawangchaji6"
47,2,1,9,0,203925.95,10312.55,93.786,72.6,"jianggushi40, wss1066"
48,8,0.393,34,0.48,2322.519,119.5,2.019,4.926,"gutieyy7, prtnr8, rosacasey65, gf.nj97, djm9r, geievertu8, hdidkser0, yiitsukb"
49,3,1,11,1,2041.25,152.125,1.333,1.125,"gfjch34, user3154950400581, ysishhd7"
50,5,0.4,33,0,4861.6,143.533,15.5,14.7,"emma.stonegis, fkfdnd, mua29840, ushddhd11, vit.fuc"
51,5,0.4,40,0,4770.711,168.711,1.842,5.632,"shvchjds, fjjgdvx, stvhfhj, satsyou, you.texts"
52,13,0.282,36,0.434,4263.701,168.763,4.856,2.845,"dtkwod, text690, hdryxd, sasapco, crtyougo, texts178, sdsdyou, rohingyao, textstory781, landscape5670, stoyouh, ktsfyh, xxii911"
53,2,1,9,0,536.167,9.833,0.167,0,"user16909390140293, kungyhunksd"
54,3,0.667,18,0,897.944,40.722,0.833,0.556,"user44761426985968, vjed.dyay, yclp.pjfg"
55,2,1,9,0,1079.167,47.75,0.583,1.833,"user66946725172477, user6139676160240"
56,6,0.6,23,0.652,3335.321,65.429,1.071,0.821,"battl.kray, lawgray3, vitsu.alec1, benedossie2, seile.rian, wroe.edith6"
57,11,0.855,21,0.885,4176.222,86.04,0.495,1.556,"aed0267, cfdc18, iiuu553, wede35, jvtvc3, jajsjsn56, jvhb240, aed2750, zsdx184, dthh824, zxvb736"
58,2,1,12,0,105.925,12.25,1.275,0.1,"amazing_seeet120, cutedriver120"
59,2,1,9,0,4217.389,418.722,30.056,9.611,"amazinggirl_120, sweet_driver120"
60,2,1,8,0,6816.917,207.417,1.583,5.417,"nassralanijw1hlg, user3758269061970"
61,2,1,8,0,1123,70.714,0.286,0.5,"user90458309763611, whitf.jaromy"
62,3,0.667,21,0,2267.409,134,1.227,3.545,"drape.ivoe, skunk.robinsong, stien.lindag"
63,4,1,14,1,11335.312,144.969,9.844,4.25,"cuc.thu243, phong.ngoc76, walke.lowe, yelm.boor"
64,3,0.667,21,0,3121.625,50.125,0.75,1.125,"juliosalazar229, ilges.estelwei, sun.lilym"
65,4,0.5,24,0,1775.966,47.034,1.448,2.448,"aseng.haymong, carlos.alberto.al886, khanh.phukhh, lanora.haskely"
66,32,0.143,77,0.458,585.504,25.296,0.113,0.299,"objlhmtjemu, echrca, fjmphu, ntpblw, fsaftn, ojkmss, puhrra, gclqse, bpgarp, pbpktw, eqmhqf, idpeoc, dtbtcc8, bipiqo, hltuoq, hidouo, hdmjwo1, qigqtm, tiwakp1, arffug, iupkvg, sqifhw, lhqitc, prbnac, qkhcht2, lekpow, pbtchn, kfbfol, user33450120083591, wgslhe, ujrrrsq, user3213356160756"
67,7,1,18,1,1199.739,66.638,0.449,0.348,"kubjij, ciojkb, khfbou, hojdmc, reddit_grayson99, qdcieh, reddit_hunt"
68,3,1,26,1,875.909,35.697,0.394,1.576,"fhxk1941, bkot6010, wive0570"
69,10,0.267,87,0.391,604.804,27.866,0.188,0.312,"wiqg8225, givi0331, usjg2117, susv0936, isce0690, isge0853, tetel4962, isgs5669, wuge2639, tugx2917"
70,3,0.667,20,0,2526.619,168.19,0.619,0.857,"deep.sea_2, eden70188, user3543260092180"
71,7,0.429,55,0.562,1257.741,40.914,0.304,0.346,"cjur6297, fkir2290, cjire9104, hehs5037, dhhi6645, urdu9708, ufsc8075"
72,3,0.667,32,0,1867.25,62.156,0.174,1.031,"fnnf8890, clirr5282, xihz9643"
73,3,1,18,1,1802,72.278,0.611,1.111,"coirf88774, courr1227, gour2295"
74,6,0.8,42,0.846,1578.735,62.324,0.676,0.559,"ghhj8554, bvoo3130, dijx3903, fhda78402, okay11732, ytrq8081"
75,4,1,35,1,916.812,52.479,0.167,0.438,"drgd8391, eiej4325, jccj44506, jkuy0534"
76,2,1,9,0,719.167,18.833,0.333,0.167,"fiurf9599, jiqw8344"
77,2,1,9,0,1230.333,59.333,1.333,0.167,"hdha0995, jwhe5192"
78,5,0.5,24,0.429,1375.343,38.514,1.029,0.286,"cjgmnl, dblbel, rvmmmy, gjbmtj6, zegtzgy"
79,5,0.5,30,0.5,2447.9,69.025,3.175,0.975,"cbwcxe, cghwqj, oidufc, njjyaey5, labaam4"
80,2,1,10,0,1220.133,60.6,1.067,0.4,"zdfyzr8, mbxuwf"
81,2,1,8,0,1314.545,66.545,0.818,0.455,"vedrdzy, mjbwysq6"
82,5,0.4,36,0,1382.385,82.949,0.821,0.282,"2thgkvjd, heheb8964, 3jfofoed, 4hgkdjf, fjvbaa"
83,2,1,10,0,1407.4,69.533,0.933,0.133,"cjdfndrh, 41ghqq"
84,4,0.5,28,0,1919,70.885,1.308,0.192,"wevbocr, maemeg7, nqkwvc, ztctmxt"
85,8,0.571,26,0.519,4258.985,150.262,0.985,6.215,"bakaf3280, touab4277, xbnrp3166, anxdo3188, 1qwdjjd, baxor3828, wbakf3819, yowbc4277"
86,3,0.667,18,0,2823.476,100.048,0.81,0.143,"11cjhggg, bzsksk1, wnsao4288"
87,2,1,8,0,15793.833,697.167,6.833,1.833,"leoraf9, fteecfs"
88,3,1,14,1,14765.25,572.5,5,1.4,"ljpjvh, hwvrok, oljclk"
89,2,1,12,0,9271.583,284.333,5.083,1.667,"evfdmzl, bixukf"
90,4,0.5,24,0,973.812,38.5,0.188,0.094,"zbkte3678, eyjxn8869, ngeetjbwt, ajcue9039"
91,2,1,8,0,5387.417,71.667,2.167,0.25,"awmilke, kdywnty"
92,3,0.667,17,0,1821.917,55.125,0.458,0.542,"sncoe4910, xhnle4779, xbsijs1"
93,6,0.4,38,0.375,1502.667,84.5,0.667,0.361,"avelina.asucen, bxjzjsns0, cjdjfcn, hdvhds4, nxpsa4288, yourfavtwins0"
94,6,0.533,26,0.6,1082.588,62.353,0.618,0.235,"ncsfo3287, snoshsj, hzhdhs, duuff30, ncjfhyrsdj, bxjxhxt"
95,2,1,8,0,1004,32.562,0.312,0.188,"ducwk5858, wnalc1228"
96,12,0.303,33,0.476,2666.656,111.492,1.443,0.361,"findjfd, anxkr2491, fkird5848, opgse4909, wnxlr7248, bxkke4723, acsge1347, roselent02103, qvcka2481, wndla4862, whcks2274, xlhxhlxlh8"
97,2,1,9,0,802.909,29.182,0.091,0,"dcjnd3425, wjdsn4199"
98,2,1,9,0,1164.833,26.167,0.667,0,"wzcvm2228i, anxmd2388"
99,2,1,8,0,8124,206.455,11.364,53.818,"hdicok57, kfcn21"
100,2,1,9,0,1082.25,75,2.167,10.75,"uxudhqnbwmws, hryfeucmuql"
101,2,1,9,0,1939,61.273,4.636,30.636,"user3269067988455, oqdrhqzhlfeuk"
102,3,0.667,18,0,1255.222,97.889,4.444,8.667,"mina.12558, qqq14107, romyzbuhpisgfh"
103,6,0.733,18,0.677,2267.529,121.412,5.529,11.382,"hjbfgj67, skgetbys2egi6e, nmkv7803, pfigfwdyh2huxc, sunnybarrows, zvdkadppdgan"
104,7,0.524,32,0.517,3186.681,36.487,2.257,4.08,"injjzxvr, viyjgiwk, awcc.jqhh, mmhpbybt, awbe.nevx, qxsabeqa, pehcpohz"
105,6,0.533,32,0.6,3256.868,27.415,0.377,13.057,"hnxy.seym, uoxu.wcbk, eumb.pcdw, chzk.uvuw, symg.ynyp, zyvk.yaoo"
106,4,1,18,1,2598.139,26.333,0.5,6.278,"czhc.bkyd, oxkympku, ccvoyrnu, scqf.cvdv"
107,2,1,11,0,1283.067,23.133,0.533,0.8,"gabriele.weber5, kellie.perry2"
108,2,1,10,0,13169.8,101.267,3.733,0.867,"manoj00764, mee00819"
109,4,0.5,57,0,1057.792,93.958,7.25,2.542,"sumroo.786, chuma_g1, china_cutegirl22, username.12365478"
110,2,1,12,0,49.909,6.182,1.545,0,"username.1545465, username.64754675"
111,2,1,11,0,374.083,16.75,1.5,0.083,"xchinaqueen5, xchinaqueen6"
112,2,1,10,0,5735.067,76.6,2.4,5.467,"aedfxthg, fgzvj"
113,2,1,8,0,2179.438,45.125,1.375,2.875,"dhdygc, aedg542"
114,2,1,8,0,2628.786,57.714,4.143,10.5,"hobartmaria1995, abdfujftonf"
115,2,1,9,0,1498.688,29.125,0.688,0.562,"aed3496, szgrss3"
116,2,1,8,0,1902.143,39.857,2,0.929,"beckdodd1994, fjvfgn"
117,3,0.667,19,0,1937.042,32.125,1.958,1.333,"fdcgec3, dfgasdfsert.dfrts, cscbgf"
118,2,1,8,0,59212.25,2746.75,7.25,14.25,"ndmsl15, eyidk5"
119,3,1,8,1,1694.25,110.167,1.583,0.667,"vsuau5, dghhg372, wsfj4"
120,2,1,8,0,2019.375,107.875,0.75,4,"giird3, wout1262"
121,3,0.667,16,0,19296.333,531.833,5.667,10.167,"itsstj2, owuhwh, zvjsl"
122,4,1,8,1,4687.625,98.75,1.875,1.375,"iuy7640, uyiy1286, hdxj59, zzxss134"
123,4,0.833,16,0.75,63699.941,4028.529,140.529,126.412,"akksdb4, hkmdrr, nfjsk12, osiqraf"
124,4,0.667,18,0,7044.9,145.733,11.033,18.2,"lnppoe, reddit_ignatius8, djjehokxtu2, shbsdd2"
125,2,1,8,0,1248.75,72.625,1.25,0.125,"aed7598, aed7616"
