"Account","Network","Unique Shares","Avg Time Between Shares (sec)","Edge Symmetry Score","Degree","Strength","Betweenness","Avg Views","Avg Likes","Avg Comments","Avg Shares"
"<a href=""https://tiktok.com/@1071wow4"" target=""_blank"">@1071wow4</a>",9,3,54.857,1,1,7,0,517.667,24.333,0,1.333
"<a href=""https://tiktok.com/@1658wow0"" target=""_blank"">@1658wow0</a>",9,3,54.857,1,1,7,0,354.333,11.667,0,0
"<a href=""https://tiktok.com/@artyuiiar"" target=""_blank"">@artyuiiar</a>",15,3,58,1,1,7,0,1214.833,23.667,0.333,0.5
"<a href=""https://tiktok.com/@asdfcn7"" target=""_blank"">@asdfcn7</a>",17,11,48.769,1,2,26,0,2636.75,27.333,0.083,0
"<a href=""https://tiktok.com/@bakkkkk034"" target=""_blank"">@bakkkkk034</a>",25,3,88.75,1,1,8,0,37,1,0,0
"<a href=""https://tiktok.com/@baommm2007"" target=""_blank"">@baommm2007</a>",5,6,15.75,1,2,12,0,673.667,14,0.833,0.333
"<a href=""https://tiktok.com/@baommm6243"" target=""_blank"">@baommm6243</a>",5,6,15.833,1,2,12,0,1174.333,14.167,1,0.167
"<a href=""https://tiktok.com/@bibao4869"" target=""_blank"">@bibao4869</a>",5,6,29.417,1,2,12,0,940.333,27,1.5,0.5
"<a href=""https://tiktok.com/@burnellemma0607"" target=""_blank"">@burnellemma0607</a>",18,14,62.626,0.815,2,24,0,2809.393,59.036,0.071,0.357
"<a href=""https://tiktok.com/@bxdialq278"" target=""_blank"">@bxdialq278</a>",17,12,44.828,1,2,28,0,1673,15.75,0,0.083
"<a href=""https://tiktok.com/@crazy66882"" target=""_blank"">@crazy66882</a>",2,3,38.571,1,2,14,0,611,6.333,0,0
"<a href=""https://tiktok.com/@dybfr8642"" target=""_blank"">@dybfr8642</a>",8,3,34.929,0.8,2,16,0,11011.667,159,2,1.333
"<a href=""https://tiktok.com/@fuyou1207"" target=""_blank"">@fuyou1207</a>",23,3,72.714,0.8,1,7,0,492.667,15,0,0
"<a href=""https://tiktok.com/@fygg56773"" target=""_blank"">@fygg56773</a>",3,9,47.558,0.969,4,35,0.002,5259.778,66.333,1,0.333
"<a href=""https://tiktok.com/@fyu4558"" target=""_blank"">@fyu4558</a>",4,3,48.167,0.8,2,18,0,399,6,0,0
"<a href=""https://tiktok.com/@fyuy678"" target=""_blank"">@fyuy678</a>",3,5,77,1,1,7,0,327.4,10.4,0,0.2
"<a href=""https://tiktok.com/@gdyn8643"" target=""_blank"">@gdyn8643</a>",8,3,43.75,0.9,2,17,0,351.667,9,0,0
"<a href=""https://tiktok.com/@ghshfg"" target=""_blank"">@ghshfg</a>",13,10,42.867,0.917,1,15,0,4429.591,81.455,1.273,1
"<a href=""https://tiktok.com/@ghv4561"" target=""_blank"">@ghv4561</a>",3,4,47.386,0.938,2,19,0,446.833,8.667,0.167,0
"<a href=""https://tiktok.com/@gmndf"" target=""_blank"">@gmndf</a>",16,3,48.119,1,2,13,0,975.5,24.25,0,0
"<a href=""https://tiktok.com/@jennamillereh26e"" target=""_blank"">@jennamillereh26e</a>",18,10,42.437,0.774,2,16,0,9399.629,140.429,0.371,0.571
"<a href=""https://tiktok.com/@jftg54222"" target=""_blank"">@jftg54222</a>",8,3,43.679,0.9,2,15,0,803.333,17,0,0
"<a href=""https://tiktok.com/@jkkj674"" target=""_blank"">@jkkj674</a>",21,4,23.833,0.75,1,6,0,29278.75,667,1,20.5
"<a href=""https://tiktok.com/@kkyty12"" target=""_blank"">@kkyty12</a>",1,3,56.429,1,2,14,0,1272.333,8,0.667,0
"<a href=""https://tiktok.com/@kxhlqola6a363c"" target=""_blank"">@kxhlqola6a363c</a>",18,18,51.634,0.875,2,26,0,3865.054,61.378,0.135,0.432
"<a href=""https://tiktok.com/@logic251"" target=""_blank"">@logic251</a>",6,2,25.833,0.75,1,6,0,1610.5,26.5,0,0
"<a href=""https://tiktok.com/@ni.an603"" target=""_blank"">@ni.an603</a>",24,3,21.444,1,1,9,0,1145.667,17.333,1,0.667
"<a href=""https://tiktok.com/@ni.an61"" target=""_blank"">@ni.an61</a>",24,3,21.444,1,1,9,0,1752.333,25,1.667,2
"<a href=""https://tiktok.com/@nuli66886"" target=""_blank"">@nuli66886</a>",2,3,43.473,1,2,15,0,514.667,6.667,0,0.333
"<a href=""https://tiktok.com/@pofm.ldnx"" target=""_blank"">@pofm.ldnx</a>",13,13,42.867,0.917,1,15,0,3199.333,63.095,0.429,0.81
"<a href=""https://tiktok.com/@qqqcgjxvjvv"" target=""_blank"">@qqqcgjxvjvv</a>",12,3,45,1,1,8,0,724.667,11,0.333,0
"<a href=""https://tiktok.com/@qqrdfyghjj"" target=""_blank"">@qqrdfyghjj</a>",12,3,45,1,1,8,0,666,23.333,0,0
"<a href=""https://tiktok.com/@rmqoawmk"" target=""_blank"">@rmqoawmk</a>",25,3,88.75,1,1,8,0,40.333,0,0,0
"<a href=""https://tiktok.com/@ryuhg456"" target=""_blank"">@ryuhg456</a>",3,3,17.333,1,1,9,0,259.333,2.667,0,0.333
"<a href=""https://tiktok.com/@tao32vv"" target=""_blank"">@tao32vv</a>",19,4,57.917,0.833,2,12,0,4264,72.375,1.75,1.625
"<a href=""https://tiktok.com/@tjhbcdt"" target=""_blank"">@tjhbcdt</a>",15,3,58,1,1,7,0,3767,65.333,0.333,0.333
"<a href=""https://tiktok.com/@tjhxef"" target=""_blank"">@tjhxef</a>",16,3,53.357,1,2,14,0,1347.833,15.667,0,0
"<a href=""https://tiktok.com/@toot46795"" target=""_blank"">@toot46795</a>",19,3,10.667,1,1,6,0,2246.875,19.625,0,0.375
"<a href=""https://tiktok.com/@toot93743"" target=""_blank"">@toot93743</a>",19,3,105.167,0.667,1,6,0,2660,77,0.333,2
"<a href=""https://tiktok.com/@tyyy45664"" target=""_blank"">@tyyy45664</a>",3,3,46.062,1,2,16,0,420.333,10,0.333,0
"<a href=""https://tiktok.com/@ujnikm7"" target=""_blank"">@ujnikm7</a>",22,4,90.042,1,2,14,0,6659.214,69.643,0.5,0.571
"<a href=""https://tiktok.com/@user11852281862491"" target=""_blank"">@user11852281862491</a>",23,3,72.714,0.8,1,7,0,1080.667,28.667,0,0
"<a href=""https://tiktok.com/@user1306149320696"" target=""_blank"">@user1306149320696</a>",14,3,36.556,1,1,9,0,394.667,10.667,0,0
"<a href=""https://tiktok.com/@user36733816911600"" target=""_blank"">@user36733816911600</a>",2,3,43.473,1,2,15,0,483,5,0,0
"<a href=""https://tiktok.com/@user403731850060"" target=""_blank"">@user403731850060</a>",11,3,52.333,0.8,1,6,0,1176.667,27,0,0
"<a href=""https://tiktok.com/@user43581207816544"" target=""_blank"">@user43581207816544</a>",11,3,52.333,0.8,1,6,0,1154,23.333,0,0
"<a href=""https://tiktok.com/@user5039812181180"" target=""_blank"">@user5039812181180</a>",1,3,56.429,1,2,14,0,1529,9.667,0,0
"<a href=""https://tiktok.com/@user5128147731257"" target=""_blank"">@user5128147731257</a>",7,3,65,1,1,9,0,322,16.333,0,0
"<a href=""https://tiktok.com/@user5291016036200"" target=""_blank"">@user5291016036200</a>",20,4,79.833,0.667,1,6,0,3653.857,47.429,0,0.286
"<a href=""https://tiktok.com/@user5443937835476"" target=""_blank"">@user5443937835476</a>",7,3,51.667,1,1,9,0,574,25.333,0,0
"<a href=""https://tiktok.com/@user56000441687073"" target=""_blank"">@user56000441687073</a>",1,3,56.571,1,2,14,0,625.667,4.333,0,0
"<a href=""https://tiktok.com/@user5905561826960"" target=""_blank"">@user5905561826960</a>",10,3,37.833,0.667,2,12,0,3464,94,0.667,1.333
"<a href=""https://tiktok.com/@user6000848862158"" target=""_blank"">@user6000848862158</a>",10,3,27.333,0.667,1,6,0,3787.667,79.667,0,3
"<a href=""https://tiktok.com/@user6873171003029"" target=""_blank"">@user6873171003029</a>",4,3,55.413,0.8,2,16,0,335.333,8.333,0.333,0
"<a href=""https://tiktok.com/@user7261358565173"" target=""_blank"">@user7261358565173</a>",14,3,36.556,1,1,9,0,2179.667,36.333,0.333,0
"<a href=""https://tiktok.com/@user816515732"" target=""_blank"">@user816515732</a>",10,3,48.333,0.667,1,6,0,304,7.667,0,0
"<a href=""https://tiktok.com/@user8613923476138"" target=""_blank"">@user8613923476138</a>",20,3,79.833,0.667,1,6,0,1027.333,9.333,0,0.167
"<a href=""https://tiktok.com/@xgfkaoq888"" target=""_blank"">@xgfkaoq888</a>",17,11,51.674,1,2,28,0,1447.25,10.5,0,0
"<a href=""https://tiktok.com/@xiaoyuiyu"" target=""_blank"">@xiaoyuiyu</a>",6,3,25.833,0.75,1,6,0,1585.667,28.667,0,0
"<a href=""https://tiktok.com/@xuicsff"" target=""_blank"">@xuicsff</a>",16,3,48.905,1,2,13,0,654.333,24.333,0,0.333
"<a href=""https://tiktok.com/@yuui56788"" target=""_blank"">@yuui56788</a>",4,3,48.468,0.8,2,16,0,416,16.333,0,0
"<a href=""https://tiktok.com/@yy11y7"" target=""_blank"">@yy11y7</a>",21,7,23.833,0.75,1,6,0,17401.667,91.5,1.417,1.833
"<a href=""https://tiktok.com/@yy12197"" target=""_blank"">@yy12197</a>",22,2,91.333,1,1,6,0,367156.4,8278.8,27.8,169
"<a href=""https://tiktok.com/@yy12y6"" target=""_blank"">@yy12y6</a>",22,3,88.75,1,1,8,0,351824.143,7981.286,14.714,110.857
"<a href=""https://tiktok.com/@yyyjymfinju"" target=""_blank"">@yyyjymfinju</a>",7,3,58.333,1,2,18,0,344,5.333,0,0
