"Account","Network","Unique Shares","Avg Time Between Shares (sec)","Edge Symmetry Score","Degree","Strength","Betweenness","Avg Views","Avg Likes","Avg Comments","Avg Shares"
"<a href=""https://tiktok.com/@fhdys37"" target=""_blank"">@fhdys37</a>",6,4,26.8,1,1,10,0,1165.75,27,0,0
"<a href=""https://tiktok.com/@fjfhr556"" target=""_blank"">@fjfhr556</a>",6,4,26.8,1,1,10,0,1084.25,39.75,0,0.75
"<a href=""https://tiktok.com/@fly46167"" target=""_blank"">@fly46167</a>",10,12,47.767,0.843,2,48,0,607.333,10.083,0.25,0.167
"<a href=""https://tiktok.com/@hijjk104"" target=""_blank"">@hijjk104</a>",9,6,40.389,0.9,1,18,0,2132.167,9.833,0,0
"<a href=""https://tiktok.com/@nene37839"" target=""_blank"">@nene37839</a>",1,6,44.944,1,1,18,0,472.833,7.167,0,0
"<a href=""https://tiktok.com/@nitian2jue"" target=""_blank"">@nitian2jue</a>",4,6,46.923,0.667,1,13,0,1031.667,6.5,0,0.167
"<a href=""https://tiktok.com/@user1392538538860"" target=""_blank"">@user1392538538860</a>",2,18,34.353,0.982,3,95,0.005,1179.429,14.381,0.143,0.048
"<a href=""https://tiktok.com/@user1655672923020"" target=""_blank"">@user1655672923020</a>",3,18,53.8,0.906,6,164,0,1224.722,26.944,0.167,0.111
"<a href=""https://tiktok.com/@user186815388315"" target=""_blank"">@user186815388315</a>",2,17,33.67,0.965,3,80,0.008,1232.4,20.5,0.05,0.15
"<a href=""https://tiktok.com/@user30083157228304"" target=""_blank"">@user30083157228304</a>",5,6,44,1,1,18,0,1360.643,22.357,0,0.143
"<a href=""https://tiktok.com/@user3366736113339"" target=""_blank"">@user3366736113339</a>",8,5,36.75,1,1,16,0,532.5,11.25,2.167,2.917
"<a href=""https://tiktok.com/@user3372561297143"" target=""_blank"">@user3372561297143</a>",10,9,57.744,0.839,2,45,0,488.444,7.444,0.111,0
"<a href=""https://tiktok.com/@user3399704802070"" target=""_blank"">@user3399704802070</a>",7,5,28.364,0.889,1,11,0,1478.6,7,0,0.4
"<a href=""https://tiktok.com/@user3840831842583"" target=""_blank"">@user3840831842583</a>",3,18,62.736,0.902,6,165,0.003,1967.944,36.833,0.111,0.222
"<a href=""https://tiktok.com/@user4185990161303"" target=""_blank"">@user4185990161303</a>",2,6,37.733,1,1,15,0,1626.5,23.667,0,0.167
"<a href=""https://tiktok.com/@user4503961859441"" target=""_blank"">@user4503961859441</a>",7,6,28.364,0.889,1,11,0,1490,11,0,1.333
"<a href=""https://tiktok.com/@user49141232079402"" target=""_blank"">@user49141232079402</a>",2,18,33.065,0.982,3,96,0,1149.952,14.286,0.238,0.095
"<a href=""https://tiktok.com/@user4967199663697"" target=""_blank"">@user4967199663697</a>",3,18,60.366,0.888,6,154,0,1583.444,21.722,0.111,0.111
"<a href=""https://tiktok.com/@user4994507114863"" target=""_blank"">@user4994507114863</a>",9,6,40.389,0.9,1,18,0,859,2.833,0,0
"<a href=""https://tiktok.com/@user710495138178"" target=""_blank"">@user710495138178</a>",3,17,59.154,0.851,6,155,0.003,2127.278,25.333,0.111,0.389
"<a href=""https://tiktok.com/@user7303184112851"" target=""_blank"">@user7303184112851</a>",5,6,44,1,1,18,0,607.5,10.75,0,0
"<a href=""https://tiktok.com/@user7406160207374"" target=""_blank"">@user7406160207374</a>",3,18,57.757,0.855,6,170,0,985.667,24.944,0.111,0.333
"<a href=""https://tiktok.com/@user75291696174110"" target=""_blank"">@user75291696174110</a>",3,15,70.258,0.854,5,110,0,1290.895,20.579,0,0.158
"<a href=""https://tiktok.com/@user80619153627443"" target=""_blank"">@user80619153627443</a>",1,6,44.944,1,1,18,0,645.333,5.667,0,0
"<a href=""https://tiktok.com/@user87304845050708"" target=""_blank"">@user87304845050708</a>",3,18,63.098,0.926,5,174,0,841.167,12.389,0.056,0.111
"<a href=""https://tiktok.com/@user8731425528153"" target=""_blank"">@user8731425528153</a>",2,6,38.667,1,2,36,0.003,1012.167,16.5,0,0
"<a href=""https://tiktok.com/@user9613681155840"" target=""_blank"">@user9613681155840</a>",8,6,36.75,1,1,16,0,434.077,8.846,0.154,0.154
"<a href=""https://tiktok.com/@wodehutao123"" target=""_blank"">@wodehutao123</a>",4,5,46.923,0.667,1,13,0,1546.2,15.2,0,0
"<a href=""https://tiktok.com/@yim0828"" target=""_blank"">@yim0828</a>",10,9,55.273,0.905,2,51,0,588.556,6.667,0,0
