"Account","Network","Unique Shares","Avg Time Between Shares (sec)","Edge Symmetry Score","Degree","Strength","Betweenness","Avg Views","Avg Likes","Avg Comments","Avg Shares"
"<a href=""https://tiktok.com/@fhdys37"" target=""_blank"">@fhdys37</a>",6,4,26.8,1,1,10,0,1166,27,0,0
"<a href=""https://tiktok.com/@fjfhr556"" target=""_blank"">@fjfhr556</a>",6,4,26.8,1,1,10,0,1084,40,0,1
"<a href=""https://tiktok.com/@fly46167"" target=""_blank"">@fly46167</a>",10,12,47.77,0.843,2,48,0,607,10,0,0
"<a href=""https://tiktok.com/@hijjk104"" target=""_blank"">@hijjk104</a>",9,6,40.39,0.9,1,18,0,2132,10,0,0
"<a href=""https://tiktok.com/@nene37839"" target=""_blank"">@nene37839</a>",1,6,44.94,1,1,18,0,473,7,0,0
"<a href=""https://tiktok.com/@nitian2jue"" target=""_blank"">@nitian2jue</a>",4,6,46.92,0.667,1,13,0,1032,6,0,0
"<a href=""https://tiktok.com/@user1392538538860"" target=""_blank"">@user1392538538860</a>",2,18,34.35,0.982,3,95,0.005,1179,14,0,0
"<a href=""https://tiktok.com/@user1655672923020"" target=""_blank"">@user1655672923020</a>",3,18,53.8,0.906,6,164,0,1225,27,0,0
"<a href=""https://tiktok.com/@user186815388315"" target=""_blank"">@user186815388315</a>",2,17,33.67,0.965,3,80,0.008,1232,20,0,0
"<a href=""https://tiktok.com/@user30083157228304"" target=""_blank"">@user30083157228304</a>",5,6,44,1,1,18,0,1361,22,0,0
"<a href=""https://tiktok.com/@user3366736113339"" target=""_blank"">@user3366736113339</a>",8,5,36.75,1,1,16,0,532,11,2,3
"<a href=""https://tiktok.com/@user3372561297143"" target=""_blank"">@user3372561297143</a>",10,9,57.74,0.839,2,45,0,488,7,0,0
"<a href=""https://tiktok.com/@user3399704802070"" target=""_blank"">@user3399704802070</a>",7,5,28.36,0.889,1,11,0,1479,7,0,0
"<a href=""https://tiktok.com/@user3840831842583"" target=""_blank"">@user3840831842583</a>",3,18,62.74,0.902,6,165,0.003,1968,37,0,0
"<a href=""https://tiktok.com/@user4185990161303"" target=""_blank"">@user4185990161303</a>",2,6,37.73,1,1,15,0,1626,24,0,0
"<a href=""https://tiktok.com/@user4503961859441"" target=""_blank"">@user4503961859441</a>",7,6,28.36,0.889,1,11,0,1490,11,0,1
"<a href=""https://tiktok.com/@user49141232079402"" target=""_blank"">@user49141232079402</a>",2,18,33.07,0.982,3,96,0,1150,14,0,0
"<a href=""https://tiktok.com/@user4967199663697"" target=""_blank"">@user4967199663697</a>",3,18,60.37,0.888,6,154,0,1583,22,0,0
"<a href=""https://tiktok.com/@user4994507114863"" target=""_blank"">@user4994507114863</a>",9,6,40.39,0.9,1,18,0,859,3,0,0
"<a href=""https://tiktok.com/@user710495138178"" target=""_blank"">@user710495138178</a>",3,17,59.15,0.851,6,155,0.003,2127,25,0,0
"<a href=""https://tiktok.com/@user7303184112851"" target=""_blank"">@user7303184112851</a>",5,6,44,1,1,18,0,608,11,0,0
"<a href=""https://tiktok.com/@user7406160207374"" target=""_blank"">@user7406160207374</a>",3,18,57.76,0.855,6,170,0,986,25,0,0
"<a href=""https://tiktok.com/@user75291696174110"" target=""_blank"">@user75291696174110</a>",3,15,70.26,0.854,5,110,0,1291,21,0,0
"<a href=""https://tiktok.com/@user80619153627443"" target=""_blank"">@user80619153627443</a>",1,6,44.94,1,1,18,0,645,6,0,0
"<a href=""https://tiktok.com/@user87304845050708"" target=""_blank"">@user87304845050708</a>",3,18,63.1,0.926,5,174,0,841,12,0,0
"<a href=""https://tiktok.com/@user8731425528153"" target=""_blank"">@user8731425528153</a>",2,6,38.67,1,2,36,0.003,1012,16,0,0
"<a href=""https://tiktok.com/@user9613681155840"" target=""_blank"">@user9613681155840</a>",8,6,36.75,1,1,16,0,434,9,0,0
"<a href=""https://tiktok.com/@wodehutao123"" target=""_blank"">@wodehutao123</a>",4,5,46.92,0.667,1,13,0,1546,15,0,0
"<a href=""https://tiktok.com/@yim0828"" target=""_blank"">@yim0828</a>",10,9,55.27,0.905,2,51,0,589,7,0,0
