"Network","Number of Accounts","Network Density","Network Diameter","Clustering Coefficient","Avg Views","Avg Likes","Avg Comments","Avg Shares","Member Accounts"
"Network 1: ""Street interviews promoting language learning and fast food opinions""",2,1,18,NA,559.083,6.417,0,0,"nene37839, user80619153627443"
"Network 2: ""Podcast-themed viral content with influencer drama and fan edits.""",5,0.6,65,0.6,1208.068,16.932,0.122,0.095,"user186815388315, user1392538538860, user4185990161303, user49141232079402, user8731425528153"
"Network 3: ""Humorous lifestyle content featuring influencers and viral trends.""",7,0.952,53,0.947,1430.48,24.079,0.094,0.205,"user3840831842583, user1655672923020, user7406160207374, user4967199663697, user710495138178, user75291696174110, user87304845050708"
"Network 4: ""Luxury travel promotion featuring private jets and opulent lifestyles""",2,1,13,NA,1265.545,10.455,0,0.091,"nitian2jue, wodehutao123"
"Network 5: ""Queer hairstyling and body positivity content focus""",2,1,18,NA,1013.038,17,0,0.077,"user30083157228304, user7303184112851"
"Network 6: ""Satirical commentary on family vlogging and influencer culture""",2,1,10,NA,1125,33.375,0,0.375,"fhdys37, fjfhr556"
"Network 7: ""Repetitive sensationalized content about Lily Philips' personal life""",2,1,11,NA,1484.818,9.182,0,0.909,"user3399704802070, user4503961859441"
"Network 8: ""Queer-inclusive hairstyling and barbershop content from urban professionals""",2,1,16,NA,481.32,10,1.12,1.48,"user3366736113339, user9613681155840"
"Network 9: ""Body image critique and personal boundaries discussions""",2,1,18,NA,1495.583,6.333,0,0,"user4994507114863, hijjk104"
"Network 10: ""Mixed trending topics: legal cases, holidays, and personal opinions""",3,1,27,1,566.033,8.267,0.133,0.067,"fly46167, user3372561297143, yim0828"
