"Network","Number of Accounts","Network Density","Network Diameter","Clustering Coefficient","Avg Views","Avg Likes","Avg Comments","Avg Shares","Member Accounts"
1,2,1,6,0,452.167,43.167,0.167,0.167,"ocfdlyyyz2, lfdnsmvi43"
2,2,1,6,0,170.333,19.167,0,0.5,"cumleyguerini, nfixgxgnz9"
3,11,0.327,19,0.324,38882.074,367.148,1.815,4.074,"nanciebeasley, annnorabalderas5, ddvz4ynsa5, koressabrock0, bunnimullen6, ibnjgnmpv3, ggddyv777553, pauliewhitehead1, jaquelindorsey, jzkpohqfn2, zr2hunhqm3"
4,4,0.833,12,0.75,10236.9,41.3,0.3,0.6,"hcpf4mbba5, l5jjf0rtv0, xtgfgcnga6, yaobaobao4"
5,3,0.667,14,0,1120.889,90.556,0.222,0.111,"sbh8thore6, ch7v5l4io5, shjsdjdzsbaj"
6,5,0.6,15,0.545,60675.929,1373.429,11,11.714,"ob3axkf1z0, xbzysniyg3, uqf44a8xq0, cfguaharf9, xiaolea104"
7,3,0.667,15,0,142556.125,6889.5,5.5,12,"ducquanbui7, layer.jdy, ykl31qq4m1"
8,5,0.5,14,0.375,2684.143,77.857,0.143,0.5,"gwe0rj5m49, dosuzm8bx1, pdp6pcxzb1, dscthbujg666, will.hopkin49"
9,2,1,7,0,20180.833,602.833,1.833,5.5,"jbfdraegf9, cngiqr1ju3"
10,2,1,6,0,166,4.2,0,0.2,"nfnxhu777, vuv1vfggp8"
11,3,0.667,12,0,320.429,13.429,0,0,"k9ox9guhi1, mengpoi678, pojhfd6665"
12,2,1,6,0,36148.4,163.2,33,17.4,"aafhpa6zc1, fcrpbfiio0"
13,3,1,9,1,102.778,1.556,0,0,"hlkpvsqss6, rkybjs4xt2, s4yei3zbg0"
14,2,1,9,0,119,6.167,0.167,0.667,"l9ula8jh71, frcbglabi9"
15,2,1,9,0,40.5,0.333,0,0,"g2w8trakc7, uiii9btew1"
16,2,1,6,0,194.2,18.8,0.2,0,"cortd41lf9, scbwkpcha8"
17,2,1,9,0,132,3.833,0,4.333,"s6ntpkduu3, ang4dhwkb5"
