"Account","Network","Unique Shares","Avg Time Between Shares (sec)","Edge Symmetry Score","Degree","Strength","Betweenness","Avg Views","Avg Likes","Avg Comments","Avg Shares"
"<a href=""https://tiktok.com/@jennamillereh26e"" target=""_blank"">@jennamillereh26e</a>",10,42,28.491,0.951,1,114,0,5782.4,73.68,0.14,0.28
"<a href=""https://tiktok.com/@kxhlqola6a363c"" target=""_blank"">@kxhlqola6a363c</a>",10,42,28.491,0.951,1,114,0,4433.735,45.082,0.061,0.224
"<a href=""https://tiktok.com/@user11737233435531"" target=""_blank"">@user11737233435531</a>",4,4,26.25,1,2,32,0,845.75,9.25,0,0.25
"<a href=""https://tiktok.com/@user1226598305981"" target=""_blank"">@user1226598305981</a>",1,5,71.308,0.833,1,13,0,1159.833,24.667,0,0.333
"<a href=""https://tiktok.com/@user1392538538860"" target=""_blank"">@user1392538538860</a>",2,6,47.029,0.817,2,29,0,1022.167,11.5,0,0.167
"<a href=""https://tiktok.com/@user15059932353996"" target=""_blank"">@user15059932353996</a>",9,15,67.724,0.886,3,61,0.003,919,37.611,0.278,1.222
"<a href=""https://tiktok.com/@user1655672923020"" target=""_blank"">@user1655672923020</a>",3,16,63.962,0.9,3,96,0,976.714,22.524,0.048,0.143
"<a href=""https://tiktok.com/@user2191900675606"" target=""_blank"">@user2191900675606</a>",7,9,88.615,0.917,2,41,0.003,864.667,16.667,0,0
"<a href=""https://tiktok.com/@user227042611142"" target=""_blank"">@user227042611142</a>",2,6,64.575,0.817,2,31,0,1426.5,11.167,0.167,0.167
"<a href=""https://tiktok.com/@user2704030629623"" target=""_blank"">@user2704030629623</a>",1,6,71.308,0.833,1,13,0,1269.333,9.5,0.167,0
"<a href=""https://tiktok.com/@user4193960130928"" target=""_blank"">@user4193960130928</a>",6,12,26.033,0.889,1,30,0,994.556,22.278,0.167,0.778
"<a href=""https://tiktok.com/@user4870556904383"" target=""_blank"">@user4870556904383</a>",7,9,71.444,1,1,27,0,357.444,4.778,0,0
"<a href=""https://tiktok.com/@user49141232079402"" target=""_blank"">@user49141232079402</a>",6,10,26.033,0.889,1,30,0,772.222,17.833,0.278,0.833
"<a href=""https://tiktok.com/@user5099118408673"" target=""_blank"">@user5099118408673</a>",9,12,60.148,0.779,2,38,0,769.765,24.294,0.059,0.412
"<a href=""https://tiktok.com/@user56221436997607"" target=""_blank"">@user56221436997607</a>",5,4,30.938,0.929,2,32,0,1125.75,16.75,0,0
"<a href=""https://tiktok.com/@user6036140945556"" target=""_blank"">@user6036140945556</a>",4,4,25.812,1,2,32,0,695,8,0.25,0
"<a href=""https://tiktok.com/@user6114100612194"" target=""_blank"">@user6114100612194</a>",4,4,26.438,1,2,32,0,323.5,2.25,0,0
"<a href=""https://tiktok.com/@user6222824133704"" target=""_blank"">@user6222824133704</a>",8,6,46.267,0.75,1,15,0,1278.167,21.5,0,0
"<a href=""https://tiktok.com/@user6787669206738"" target=""_blank"">@user6787669206738</a>",8,6,46.267,0.75,1,15,0,1133.667,27.5,0,0
"<a href=""https://tiktok.com/@user7406160207374"" target=""_blank"">@user7406160207374</a>",3,20,56.217,0.913,3,98,0,1128.2,40.7,0.1,0.2
"<a href=""https://tiktok.com/@user75291696174110"" target=""_blank"">@user75291696174110</a>",3,17,64.887,0.896,3,100,0,1281.143,21,0.048,0.095
"<a href=""https://tiktok.com/@user7910082192187"" target=""_blank"">@user7910082192187</a>",7,10,105.786,0.833,1,14,0,1020.583,12.417,0,0.083
"<a href=""https://tiktok.com/@user8123449486197"" target=""_blank"">@user8123449486197</a>",5,4,30.562,0.929,2,32,0,1516.5,36.25,0,0.25
"<a href=""https://tiktok.com/@user8347987166006"" target=""_blank"">@user8347987166006</a>",2,6,63.854,0.833,2,28,0,265.5,3,0,0.167
"<a href=""https://tiktok.com/@user8600005759563"" target=""_blank"">@user8600005759563</a>",9,17,71.04,0.833,3,71,0,860.833,33.778,0.111,1.389
"<a href=""https://tiktok.com/@user87304845050708"" target=""_blank"">@user87304845050708</a>",3,14,53.282,0.898,3,76,0,557.85,12.95,0,0.1
"<a href=""https://tiktok.com/@user9401074051479"" target=""_blank"">@user9401074051479</a>",5,4,32.875,0.857,2,32,0,400.25,5.5,0,0.75
"<a href=""https://tiktok.com/@user94751766994351"" target=""_blank"">@user94751766994351</a>",9,12,75.772,1,2,50,0,779.083,28.5,0.167,1
