"Account","Network","Unique Shares","Avg Time Between Shares (sec)","Edge Symmetry Score","Degree","Strength","Betweenness","Avg Views","Avg Likes","Avg Comments","Avg Shares"
"<a href=""https://tiktok.com/@burnellmackintosh1994"" target=""_blank"">@burnellmackintosh1994</a>",10,14,27.409,0.941,1,22,0,45331.438,752.875,2.688,7.406
"<a href=""https://tiktok.com/@ferdinandbecky1017"" target=""_blank"">@ferdinandbecky1017</a>",11,11,49.294,0.846,1,17,0,781.846,15,0,0
"<a href=""https://tiktok.com/@jennamillereh26e"" target=""_blank"">@jennamillereh26e</a>",9,42,28.491,0.951,1,114,0,5796.5,73.9,0.14,0.28
"<a href=""https://tiktok.com/@josephwalker6990"" target=""_blank"">@josephwalker6990</a>",11,9,49.294,0.846,1,17,0,1871.462,33.231,0,0.308
"<a href=""https://tiktok.com/@joshuahorne1460"" target=""_blank"">@joshuahorne1460</a>",10,12,27.409,0.941,1,22,0,3854.542,79.375,0.042,0.667
"<a href=""https://tiktok.com/@kxhlqola6a363c"" target=""_blank"">@kxhlqola6a363c</a>",9,42,28.491,0.951,1,114,0,4445.163,45.122,0.061,0.224
"<a href=""https://tiktok.com/@poofunny88"" target=""_blank"">@poofunny88</a>",13,5,0,0.833,1,15,0,2795.545,22.091,0.182,0.182
"<a href=""https://tiktok.com/@sfu24xvv"" target=""_blank"">@sfu24xvv</a>",13,9,0,0.833,1,15,0,621.556,15.444,0.222,0.444
"<a href=""https://tiktok.com/@user11737233435531"" target=""_blank"">@user11737233435531</a>",3,4,26.25,1,2,32,0,845.75,9.25,0,0.25
"<a href=""https://tiktok.com/@user1226598305981"" target=""_blank"">@user1226598305981</a>",1,5,71.308,0.833,1,13,0,1160.667,24.667,0,0.333
"<a href=""https://tiktok.com/@user15059932353996"" target=""_blank"">@user15059932353996</a>",8,9,59.78,0.886,3,38,0.002,875.833,34,0.417,0.833
"<a href=""https://tiktok.com/@user1655672923020"" target=""_blank"">@user1655672923020</a>",2,10,61.267,0.807,3,62,0,936.583,19.583,0,0.083
"<a href=""https://tiktok.com/@user2191900675606"" target=""_blank"">@user2191900675606</a>",6,6,87.333,1,1,18,0,891,19.333,0,0
"<a href=""https://tiktok.com/@user2704030629623"" target=""_blank"">@user2704030629623</a>",1,6,71.308,0.833,1,13,0,1270,9.5,0.167,0
"<a href=""https://tiktok.com/@user4193960130928"" target=""_blank"">@user4193960130928</a>",5,6,16.056,1,1,18,0,926.417,19.583,0.083,0.833
"<a href=""https://tiktok.com/@user4870556904383"" target=""_blank"">@user4870556904383</a>",6,6,87.333,1,1,18,0,357.333,4,0,0
"<a href=""https://tiktok.com/@user49141232079402"" target=""_blank"">@user49141232079402</a>",5,6,16.056,1,1,18,0,662.083,13.167,0.25,0.5
"<a href=""https://tiktok.com/@user5099118408673"" target=""_blank"">@user5099118408673</a>",8,8,53.356,0.857,2,23,0,573.667,20.75,0,0.167
"<a href=""https://tiktok.com/@user56221436997607"" target=""_blank"">@user56221436997607</a>",4,4,30.938,0.929,2,32,0,1125.75,16.75,0,0
"<a href=""https://tiktok.com/@user6000471181758"" target=""_blank"">@user6000471181758</a>",12,8,66.443,0.974,3,58,0.001,395.556,2.111,0.889,0
"<a href=""https://tiktok.com/@user6036140945556"" target=""_blank"">@user6036140945556</a>",3,4,25.812,1,2,32,0,695.25,8,0.25,0
"<a href=""https://tiktok.com/@user6114100612194"" target=""_blank"">@user6114100612194</a>",3,4,26.438,1,2,32,0,324,2.25,0,0
"<a href=""https://tiktok.com/@user6222824133704"" target=""_blank"">@user6222824133704</a>",7,6,46.267,0.75,1,15,0,1281.833,21.5,0,0
"<a href=""https://tiktok.com/@user6787669206738"" target=""_blank"">@user6787669206738</a>",7,6,46.267,0.75,1,15,0,1134.833,27.5,0,0
"<a href=""https://tiktok.com/@user7100365175214"" target=""_blank"">@user7100365175214</a>",12,18,68.339,1,4,134,0.001,1105.278,8.611,0.667,0.333
"<a href=""https://tiktok.com/@user7406160207374"" target=""_blank"">@user7406160207374</a>",2,14,55.123,0.88,3,71,0,1324.714,42.643,0.143,0.286
"<a href=""https://tiktok.com/@user7412241516634"" target=""_blank"">@user7412241516634</a>",12,18,68.748,1,4,125,0.001,857.444,7.111,0.556,0.278
"<a href=""https://tiktok.com/@user75291696174110"" target=""_blank"">@user75291696174110</a>",2,13,61.067,0.912,3,75,0,1123.133,19.2,0,0.067
"<a href=""https://tiktok.com/@user8123449486197"" target=""_blank"">@user8123449486197</a>",4,4,30.562,0.929,2,32,0,1519.25,36.25,0,0.25
"<a href=""https://tiktok.com/@user8600005759563"" target=""_blank"">@user8600005759563</a>",8,11,67.675,0.886,3,39,0,684.333,28.5,0.167,1.167
"<a href=""https://tiktok.com/@user87304845050708"" target=""_blank"">@user87304845050708</a>",2,9,55.629,0.849,3,46,0,455.333,13.2,0,0.067
"<a href=""https://tiktok.com/@user90066693803731"" target=""_blank"">@user90066693803731</a>",12,6,43.583,1,3,54,0.003,643,6.556,0.333,0.111
"<a href=""https://tiktok.com/@user9401074051479"" target=""_blank"">@user9401074051479</a>",4,4,32.875,0.857,2,32,0,400.25,5.5,0,0.75
"<a href=""https://tiktok.com/@user94751766994351"" target=""_blank"">@user94751766994351</a>",8,6,78.281,1,2,32,0,636.333,28,0,1
"<a href=""https://tiktok.com/@yiyiyi824"" target=""_blank"">@yiyiyi824</a>",12,15,48.98,0.981,4,119,0,1044.111,10.222,0.278,0.167
