"Account","Network","Unique Shares","Avg Time Between Shares (sec)","Edge Symmetry Score","Degree","Strength","Betweenness","Avg Views","Avg Likes","Avg Comments","Avg Shares"
"<a href=""https://tiktok.com/@gbooat"" target=""_blank"">@gbooat</a>",3,5,45,1,1,6,0,770.833,24.333,1,0
"<a href=""https://tiktok.com/@gksdtirevb"" target=""_blank"">@gksdtirevb</a>",1,9,47.511,0.909,2,49,0,883.667,34.444,0.889,0.111
"<a href=""https://tiktok.com/@okgsisnssx"" target=""_blank"">@okgsisnssx</a>",1,9,43.067,0.923,2,51,0,985.778,37.556,0.667,0.111
"<a href=""https://tiktok.com/@user8431021130445"" target=""_blank"">@user8431021130445</a>",2,9,49.4,0.846,1,20,0,1274.778,50.667,1.444,0.444
"<a href=""https://tiktok.com/@user8632343249071"" target=""_blank"">@user8632343249071</a>",2,8,49.4,0.846,1,20,0,1263.778,42.222,1.444,0.333
"<a href=""https://tiktok.com/@xin20241035"" target=""_blank"">@xin20241035</a>",3,4,45,1,1,6,0,1577.667,64.667,2,0.556
"<a href=""https://tiktok.com/@yyfdtwhtod"" target=""_blank"">@yyfdtwhtod</a>",1,9,44.098,0.832,2,50,0,1158.667,42.778,0.889,0.333
