"Post URL","Network","Author","Timestamp","Number of Accounts","Views","Likes","Comments","Shares","Description"
"<a href=""https://www.tiktok.com/@gksdtirevb/video/7508715253337885998"" target=""_blank"" class=""btn btn-sm"" style=""background-color: #00926c; color: white; text-decoration: none; padding: 2px 8px; border-radius: 4px; font-size: 0.8em;"">View Post</a>",1,"gksdtirevb",2025-05-26 11:31:48,4,1038,57,0,0,"#weddingsituation #weddingstory #weddingstorytime #storywedding #storytimewedding #weddingguest #situationwedding #weddingvendor #weddinghumor #weddinglol #weddinglaugh #weddingplanning #weddingplanner #2023bride #2024bride #weddingtiktok #2025bride #2026bride"
"<a href=""https://www.tiktok.com/@okgsisnssx/video/7508715173738220830"" target=""_blank"" class=""btn btn-sm"" style=""background-color: #00926c; color: white; text-decoration: none; padding: 2px 8px; border-radius: 4px; font-size: 0.8em;"">View Post</a>",1,"okgsisnssx",2025-05-26 11:30:37,4,922,39,0,0,"#weddingsituation #weddingstory #weddingstorytime #storywedding #storytimewedding #weddingguest #situationwedding #weddingvendor #weddinghumor #weddinglol #weddinglaugh #weddingplanning #weddingplanner #2023bride #2024bride #weddingtiktok #2025bride #2026bride"
"<a href=""https://www.tiktok.com/@okgsisnssx/video/7508715011162819871"" target=""_blank"" class=""btn btn-sm"" style=""background-color: #00926c; color: white; text-decoration: none; padding: 2px 8px; border-radius: 4px; font-size: 0.8em;"">View Post</a>",1,"okgsisnssx",2025-05-26 11:30:14,4,992,22,0,0,"#weddingsituation #weddingstory #weddingstorytime #storywedding #storytimewedding #weddingguest #situationwedding #weddingvendor #weddinghumor #weddinglol #weddinglaugh #weddingplanning #weddingplanner #2023bride #2024bride #weddingtiktok #2025bride #2026bride"
"<a href=""https://www.tiktok.com/@okgsisnssx/video/7508715008210046238"" target=""_blank"" class=""btn btn-sm"" style=""background-color: #00926c; color: white; text-decoration: none; padding: 2px 8px; border-radius: 4px; font-size: 0.8em;"">View Post</a>",1,"okgsisnssx",2025-05-26 11:30:13,4,1266,33,2,0,"#weddingsituation #weddingstory #weddingstorytime #storywedding #storytimewedding #weddingguest #situationwedding #weddingvendor #weddinghumor #weddinglol #weddinglaugh #weddingplanning #weddingplanner #2023bride #2024bride #weddingtiktok #2025bride #2026bride"
"<a href=""https://www.tiktok.com/@gksdtirevb/video/7508714807944842542"" target=""_blank"" class=""btn btn-sm"" style=""background-color: #00926c; color: white; text-decoration: none; padding: 2px 8px; border-radius: 4px; font-size: 0.8em;"">View Post</a>",1,"gksdtirevb",2025-05-26 11:30:41,4,874,30,1,0,"#weddingsituation #weddingstory #weddingstorytime #storywedding #storytimewedding #weddingguest #situationwedding #weddingvendor #weddinghumor #weddinglol #weddinglaugh #weddingplanning #weddingplanner #2023bride #2024bride #weddingtiktok #2025bride #2026bride"
"<a href=""https://www.tiktok.com/@gksdtirevb/video/7508714686112894254"" target=""_blank"" class=""btn btn-sm"" style=""background-color: #00926c; color: white; text-decoration: none; padding: 2px 8px; border-radius: 4px; font-size: 0.8em;"">View Post</a>",1,"gksdtirevb",2025-05-26 11:30:42,4,911,38,1,0,"#weddingsituation #weddingstory #weddingstorytime #storywedding #storytimewedding #weddingguest #situationwedding #weddingvendor #weddinghumor #weddinglol #weddinglaugh #weddingplanning #weddingplanner #2023bride #2024bride #weddingtiktok #2025bride #2026bride"
"<a href=""https://www.tiktok.com/@yyfdtwhtod/video/7508714610338417962"" target=""_blank"" class=""btn btn-sm"" style=""background-color: #00926c; color: white; text-decoration: none; padding: 2px 8px; border-radius: 4px; font-size: 0.8em;"">View Post</a>",1,"yyfdtwhtod",2025-05-26 11:30:06,4,880,34,1,0,"#weddingsituation #weddingstory #weddingstorytime #storywedding #storytimewedding #weddingguest #situationwedding #weddingvendor #weddinghumor #weddinglol #weddinglaugh #weddingplanning #weddingplanner #2023bride #2024bride #weddingtiktok #2025bride #2026bride"
"<a href=""https://www.tiktok.com/@yyfdtwhtod/video/7508714585243782446"" target=""_blank"" class=""btn btn-sm"" style=""background-color: #00926c; color: white; text-decoration: none; padding: 2px 8px; border-radius: 4px; font-size: 0.8em;"">View Post</a>",1,"yyfdtwhtod",2025-05-26 11:30:05,4,836,37,1,0,"#weddingsituation #weddingstory #weddingstorytime #storywedding #storytimewedding #weddingguest #situationwedding #weddingvendor #weddinghumor #weddinglol #weddinglaugh #weddingplanning #weddingplanner #2023bride #2024bride #weddingtiktok #2025bride #2026bride"
"<a href=""https://www.tiktok.com/@yyfdtwhtod/video/7508714285531516203"" target=""_blank"" class=""btn btn-sm"" style=""background-color: #00926c; color: white; text-decoration: none; padding: 2px 8px; border-radius: 4px; font-size: 0.8em;"">View Post</a>",1,"yyfdtwhtod",2025-05-26 11:28:33,4,1408,47,0,0,"#weddingsituation #weddingstory #weddingstorytime #storywedding #storytimewedding #weddingguest #situationwedding #weddingvendor #weddinghumor #weddinglol #weddinglaugh #weddingplanning #weddingplanner #2023bride #2024bride #weddingtiktok #2025bride #2026bride"
"<a href=""https://www.tiktok.com/@xin20241035/video/7508704260432104750"" target=""_blank"" class=""btn btn-sm"" style=""background-color: #00926c; color: white; text-decoration: none; padding: 2px 8px; border-radius: 4px; font-size: 0.8em;"">View Post</a>",3,"xin20241035",2025-05-26 10:50:05,4,1385,57,2,0,"#weddingsituation #weddingstory #weddingstorytime #storywedding #storytimewedding #weddingguest #situationwedding #weddingvendor #weddinghumor #weddinglol #weddinglaugh #weddingplanning #weddingplanner #2023bride #2024bride #weddingtiktok #2025bride #2026bride"
"<a href=""https://www.tiktok.com/@xin20241035/video/7508703982953581870"" target=""_blank"" class=""btn btn-sm"" style=""background-color: #00926c; color: white; text-decoration: none; padding: 2px 8px; border-radius: 4px; font-size: 0.8em;"">View Post</a>",3,"xin20241035",2025-05-26 10:48:45,4,1122,35,1,0,"#weddingsituation #weddingstory #weddingstorytime #storywedding #storytimewedding #weddingguest #situationwedding #weddingvendor #weddinghumor #weddinglol #weddinglaugh #weddingplanning #weddingplanner #2023bride #2024bride #weddingtiktok #2025bride #2026bride"
"<a href=""https://www.tiktok.com/@xin20241035/video/7508703732641615146"" target=""_blank"" class=""btn btn-sm"" style=""background-color: #00926c; color: white; text-decoration: none; padding: 2px 8px; border-radius: 4px; font-size: 0.8em;"">View Post</a>",3,"xin20241035",2025-05-26 10:47:38,4,2527,88,1,2,"#weddingsituation #weddingstory #weddingstorytime #storywedding #storytimewedding #weddingguest #situationwedding #weddingvendor #weddinghumor #weddinglol #weddinglaugh #weddingplanning #weddingplanner #2023bride #2024bride #weddingtiktok #2025bride #2026bride"
"<a href=""https://www.tiktok.com/@user8431021130445/video/7508701876460752159"" target=""_blank"" class=""btn btn-sm"" style=""background-color: #00926c; color: white; text-decoration: none; padding: 2px 8px; border-radius: 4px; font-size: 0.8em;"">View Post</a>",2,"user8431021130445",2025-05-26 10:39:07,4,1003,41,0,0,"#weddingsituation #weddingstory #weddingstorytime #storywedding #storytimewedding #weddingguest #situationwedding #weddingvendor #weddinghumor #weddinglol #weddinglaugh #weddingplanning #weddingplanner #2023bride #2024bride #weddingtiktok #2025bride #2026bride"
"<a href=""https://www.tiktok.com/@user8431021130445/video/7508701861159898399"" target=""_blank"" class=""btn btn-sm"" style=""background-color: #00926c; color: white; text-decoration: none; padding: 2px 8px; border-radius: 4px; font-size: 0.8em;"">View Post</a>",2,"user8431021130445",2025-05-26 10:39:06,4,1168,59,1,0,"#weddingsituation #weddingstory #weddingstorytime #storywedding #storytimewedding #weddingguest #situationwedding #weddingvendor #weddinghumor #weddinglol #weddinglaugh #weddingplanning #weddingplanner #2023bride #2024bride #weddingtiktok #2025bride #2026bride"
"<a href=""https://www.tiktok.com/@user8632343249071/video/7508701576358366494"" target=""_blank"" class=""btn btn-sm"" style=""background-color: #00926c; color: white; text-decoration: none; padding: 2px 8px; border-radius: 4px; font-size: 0.8em;"">View Post</a>",2,"user8632343249071",2025-05-26 10:38:37,4,722,9,1,0,"#weddingsituation #weddingstory #weddingstorytime #storywedding #storytimewedding #weddingguest #situationwedding #weddingvendor #weddinghumor #weddinglol #weddinglaugh #weddingplanning #weddingplanner #2023bride #2024bride #weddingtiktok #2025bride #2026bride"
"<a href=""https://www.tiktok.com/@user8632343249071/video/7508701544678755615"" target=""_blank"" class=""btn btn-sm"" style=""background-color: #00926c; color: white; text-decoration: none; padding: 2px 8px; border-radius: 4px; font-size: 0.8em;"">View Post</a>",2,"user8632343249071",2025-05-26 10:38:14,4,613,16,1,0,"#weddingsituation #weddingstory #weddingstorytime #storywedding #storytimewedding #weddingguest #situationwedding #weddingvendor #weddinghumor #weddinglol #weddinglaugh #weddingplanning #weddingplanner #2023bride #2024bride #weddingtiktok #2025bride #2026bride"
"<a href=""https://www.tiktok.com/@user8431021130445/video/7508701356505468191"" target=""_blank"" class=""btn btn-sm"" style=""background-color: #00926c; color: white; text-decoration: none; padding: 2px 8px; border-radius: 4px; font-size: 0.8em;"">View Post</a>",2,"user8431021130445",2025-05-26 10:37:38,4,2221,82,4,0,"#weddingsituation #weddingstory #weddingstorytime #storywedding #storytimewedding #weddingguest #situationwedding #weddingvendor #weddinghumor #weddinglol #weddinglaugh #weddingplanning #weddingplanner #2023bride #2024bride #weddingtiktok #2025bride #2026bride"
"<a href=""https://www.tiktok.com/@user8632343249071/video/7508700835099053342"" target=""_blank"" class=""btn btn-sm"" style=""background-color: #00926c; color: white; text-decoration: none; padding: 2px 8px; border-radius: 4px; font-size: 0.8em;"">View Post</a>",2,"user8632343249071",2025-05-26 10:35:34,4,1185,43,1,0,"#weddingsituation #weddingstory #weddingstorytime #storywedding #storytimewedding #weddingguest #situationwedding #weddingvendor #weddinghumor #weddinglol #weddinglaugh #weddingplanning #weddingplanner #2023bride #2024bride #weddingtiktok #2025bride #2026bride"
"<a href=""https://www.tiktok.com/@gksdtirevb/video/7507990783291772206"" target=""_blank"" class=""btn btn-sm"" style=""background-color: #00926c; color: white; text-decoration: none; padding: 2px 8px; border-radius: 4px; font-size: 0.8em;"">View Post</a>",1,"gksdtirevb",2025-05-24 12:40:08,4,864,30,1,0,"#weddingsituation #weddingstory #weddingstorytime #storywedding #storytimewedding #weddingguest #situationwedding #weddingvendor #weddinghumor #weddinglol #weddinglaugh #weddingplanning #weddingplanner #2023bride #2024bride #weddingtiktok #2025bride #2026bride"
"<a href=""https://www.tiktok.com/@gksdtirevb/video/7507990697882979627"" target=""_blank"" class=""btn btn-sm"" style=""background-color: #00926c; color: white; text-decoration: none; padding: 2px 8px; border-radius: 4px; font-size: 0.8em;"">View Post</a>",1,"gksdtirevb",2025-05-24 12:39:28,4,989,30,1,0,"#weddingsituation #weddingstory #weddingstorytime #storywedding #storytimewedding #weddingguest #situationwedding #weddingvendor #weddinghumor #weddinglol #weddinglaugh #weddingplanning #weddingplanner #2023bride #2024bride #weddingtiktok #2025bride #2026bride"
"<a href=""https://www.tiktok.com/@okgsisnssx/video/7507990656946638110"" target=""_blank"" class=""btn btn-sm"" style=""background-color: #00926c; color: white; text-decoration: none; padding: 2px 8px; border-radius: 4px; font-size: 0.8em;"">View Post</a>",1,"okgsisnssx",2025-05-24 12:39:05,4,1058,32,1,0,"#weddingsituation #weddingstory #weddingstorytime #storywedding #storytimewedding #weddingguest #situationwedding #weddingvendor #weddinghumor #weddinglol #weddinglaugh #weddingplanning #weddingplanner #2023bride #2024bride #weddingtiktok #2025bride #2026bride"
"<a href=""https://www.tiktok.com/@okgsisnssx/video/7507990613132922142"" target=""_blank"" class=""btn btn-sm"" style=""background-color: #00926c; color: white; text-decoration: none; padding: 2px 8px; border-radius: 4px; font-size: 0.8em;"">View Post</a>",1,"okgsisnssx",2025-05-24 12:39:07,4,822,33,1,0,"#weddingsituation #weddingstory #weddingstorytime #storywedding #storytimewedding #weddingguest #situationwedding #weddingvendor #weddinghumor #weddinglol #weddinglaugh #weddingplanning #weddingplanner #2023bride #2024bride #weddingtiktok #2025bride #2026bride"
"<a href=""https://www.tiktok.com/@yyfdtwhtod/video/7507990609777397035"" target=""_blank"" class=""btn btn-sm"" style=""background-color: #00926c; color: white; text-decoration: none; padding: 2px 8px; border-radius: 4px; font-size: 0.8em;"">View Post</a>",1,"yyfdtwhtod",2025-05-24 12:39:03,4,911,38,0,0,"#weddingsituation #weddingstory #weddingstorytime #storywedding #storytimewedding #weddingguest #situationwedding #weddingvendor #weddinghumor #weddinglol #weddinglaugh #weddingplanning #weddingplanner #2023bride #2024bride #weddingtiktok #2025bride #2026bride"
"<a href=""https://www.tiktok.com/@gksdtirevb/video/7507990527577705774"" target=""_blank"" class=""btn btn-sm"" style=""background-color: #00926c; color: white; text-decoration: none; padding: 2px 8px; border-radius: 4px; font-size: 0.8em;"">View Post</a>",1,"gksdtirevb",2025-05-24 12:39:20,4,585,18,2,1,"#weddingsituation #weddingstory #weddingstorytime #storywedding #storytimewedding #weddingguest #situationwedding #weddingvendor #weddinghumor #weddinglol #weddinglaugh #weddingplanning #weddingplanner #2023bride #2024bride #weddingtiktok #2025bride #2026bride"
"<a href=""https://www.tiktok.com/@yyfdtwhtod/video/7507990475819781422"" target=""_blank"" class=""btn btn-sm"" style=""background-color: #00926c; color: white; text-decoration: none; padding: 2px 8px; border-radius: 4px; font-size: 0.8em;"">View Post</a>",1,"yyfdtwhtod",2025-05-24 12:39:04,4,1439,64,0,1,"#weddingsituation #weddingstory #weddingstorytime #storywedding #storytimewedding #weddingguest #situationwedding #weddingvendor #weddinghumor #weddinglol #weddinglaugh #weddingplanning #weddingplanner #2023bride #2024bride #weddingtiktok #2025bride #2026bride"
"<a href=""https://www.tiktok.com/@okgsisnssx/video/7507990330524880158"" target=""_blank"" class=""btn btn-sm"" style=""background-color: #00926c; color: white; text-decoration: none; padding: 2px 8px; border-radius: 4px; font-size: 0.8em;"">View Post</a>",1,"okgsisnssx",2025-05-24 12:37:39,4,1056,55,1,1,"#weddingsituation #weddingstory #weddingstorytime #storywedding #storytimewedding #weddingguest #situationwedding #weddingvendor #weddinghumor #weddinglol #weddinglaugh #weddingplanning #weddingplanner #2023bride #2024bride #weddingtiktok #2025bride #2026bride"
"<a href=""https://www.tiktok.com/@yyfdtwhtod/video/7507990310497144107"" target=""_blank"" class=""btn btn-sm"" style=""background-color: #00926c; color: white; text-decoration: none; padding: 2px 8px; border-radius: 4px; font-size: 0.8em;"">View Post</a>",1,"yyfdtwhtod",2025-05-24 12:38:14,4,1219,32,0,1,"#weddingsituation #weddingstory #weddingstorytime #storywedding #storytimewedding #weddingguest #situationwedding #weddingvendor #weddinghumor #weddinglol #weddinglaugh #weddingplanning #weddingplanner #2023bride #2024bride #weddingtiktok #2025bride #2026bride"
"<a href=""https://www.tiktok.com/@gbooat/video/7507986208367054111"" target=""_blank"" class=""btn btn-sm"" style=""background-color: #00926c; color: white; text-decoration: none; padding: 2px 8px; border-radius: 4px; font-size: 0.8em;"">View Post</a>",3,"gbooat",2025-05-24 12:21:48,4,1195,35,1,0,"#weddingsituation #weddingstory #weddingstorytime #storywedding #storytimewedding #weddingguest #situationwedding #weddingvendor #weddinghumor #weddinglol #weddinglaugh #weddingplanning #weddingplanner #2023bride #2024bride #weddingtiktok #2025bride #2026bride"
"<a href=""https://www.tiktok.com/@gbooat/video/7507985858411253023"" target=""_blank"" class=""btn btn-sm"" style=""background-color: #00926c; color: white; text-decoration: none; padding: 2px 8px; border-radius: 4px; font-size: 0.8em;"">View Post</a>",3,"gbooat",2025-05-24 12:20:44,4,849,35,1,0,"#weddingsituation #weddingstory #weddingstorytime #storywedding #storytimewedding #weddingguest #situationwedding #weddingvendor #weddinghumor #weddinglol #weddinglaugh #weddingplanning #weddingplanner #2023bride #2024bride #weddingtiktok #2025bride #2026bride"
"<a href=""https://www.tiktok.com/@gbooat/video/7507985703289097502"" target=""_blank"" class=""btn btn-sm"" style=""background-color: #00926c; color: white; text-decoration: none; padding: 2px 8px; border-radius: 4px; font-size: 0.8em;"">View Post</a>",3,"gbooat",2025-05-24 12:19:58,4,543,19,2,0,"#weddingsituation #weddingstory #weddingstorytime #storywedding #storytimewedding #weddingguest #situationwedding #weddingvendor #weddinghumor #weddinglol #weddinglaugh #weddingplanning #weddingplanner #2023bride #2024bride #weddingtiktok #2025bride #2026bride"
"<a href=""https://www.tiktok.com/@xin20241035/video/7507985461726727470"" target=""_blank"" class=""btn btn-sm"" style=""background-color: #00926c; color: white; text-decoration: none; padding: 2px 8px; border-radius: 4px; font-size: 0.8em;"">View Post</a>",3,"xin20241035",2025-05-24 12:19:42,4,1175,60,0,0,"#weddingsituation #weddingstory #weddingstorytime #storywedding #storytimewedding #weddingguest #situationwedding #weddingvendor #weddinghumor #weddinglol #weddinglaugh #weddingplanning #weddingplanner #2023bride #2024bride #weddingtiktok #2025bride #2026bride"
"<a href=""https://www.tiktok.com/@xin20241035/video/7507985424439151915"" target=""_blank"" class=""btn btn-sm"" style=""background-color: #00926c; color: white; text-decoration: none; padding: 2px 8px; border-radius: 4px; font-size: 0.8em;"">View Post</a>",3,"xin20241035",2025-05-24 12:19:40,4,999,54,4,0,"#weddingsituation #weddingstory #weddingstorytime #storywedding #storytimewedding #weddingguest #situationwedding #weddingvendor #weddinghumor #weddinglol #weddinglaugh #weddingplanning #weddingplanner #2023bride #2024bride #weddingtiktok #2025bride #2026bride"
"<a href=""https://www.tiktok.com/@xin20241035/video/7507984804504341806"" target=""_blank"" class=""btn btn-sm"" style=""background-color: #00926c; color: white; text-decoration: none; padding: 2px 8px; border-radius: 4px; font-size: 0.8em;"">View Post</a>",3,"xin20241035",2025-05-24 12:17:10,4,1758,66,2,0,"#weddingsituation #weddingstory #weddingstorytime #storywedding #storytimewedding #weddingguest #situationwedding #weddingvendor #weddinghumor #weddinglol #weddinglaugh #weddingplanning #weddingplanner #2023bride #2024bride #weddingtiktok #2025bride #2026bride"
"<a href=""https://www.tiktok.com/@user8431021130445/video/7507976335810120990"" target=""_blank"" class=""btn btn-sm"" style=""background-color: #00926c; color: white; text-decoration: none; padding: 2px 8px; border-radius: 4px; font-size: 0.8em;"">View Post</a>",2,"user8431021130445",2025-05-24 11:43:44,4,1114,53,2,1,"#weddingsituation #weddingstory #weddingstorytime #storywedding #storytimewedding #weddingguest #situationwedding #weddingvendor #weddinghumor #weddinglol #weddinglaugh #weddingplanning #weddingplanner #2023bride #2024bride #weddingtiktok #2025bride #2026bride"
"<a href=""https://www.tiktok.com/@user8431021130445/video/7507976259637497118"" target=""_blank"" class=""btn btn-sm"" style=""background-color: #00926c; color: white; text-decoration: none; padding: 2px 8px; border-radius: 4px; font-size: 0.8em;"">View Post</a>",2,"user8431021130445",2025-05-24 11:43:45,4,1198,56,0,1,"#weddingsituation #weddingstory #weddingstorytime #storywedding #storytimewedding #weddingguest #situationwedding #weddingvendor #weddinghumor #weddinglol #weddinglaugh #weddingplanning #weddingplanner #2023bride #2024bride #weddingtiktok #2025bride #2026bride"
"<a href=""https://www.tiktok.com/@user8632343249071/video/7507976252607827231"" target=""_blank"" class=""btn btn-sm"" style=""background-color: #00926c; color: white; text-decoration: none; padding: 2px 8px; border-radius: 4px; font-size: 0.8em;"">View Post</a>",2,"user8632343249071",2025-05-24 11:43:42,4,1113,42,0,0,"#weddingsituation #weddingstory #weddingstorytime #storywedding #storytimewedding #weddingguest #situationwedding #weddingvendor #weddinghumor #weddinglol #weddinglaugh #weddingplanning #weddingplanner #2023bride #2024bride #weddingtiktok #2025bride #2026bride"
"<a href=""https://www.tiktok.com/@user8632343249071/video/7507976214620015903"" target=""_blank"" class=""btn btn-sm"" style=""background-color: #00926c; color: white; text-decoration: none; padding: 2px 8px; border-radius: 4px; font-size: 0.8em;"">View Post</a>",2,"user8632343249071",2025-05-24 11:43:41,4,1051,35,2,1,"#weddingsituation #weddingstory #weddingstorytime #storywedding #storytimewedding #weddingguest #situationwedding #weddingvendor #weddinghumor #weddinglol #weddinglaugh #weddingplanning #weddingplanner #2023bride #2024bride #weddingtiktok #2025bride #2026bride"
"<a href=""https://www.tiktok.com/@user8632343249071/video/7507976023795862814"" target=""_blank"" class=""btn btn-sm"" style=""background-color: #00926c; color: white; text-decoration: none; padding: 2px 8px; border-radius: 4px; font-size: 0.8em;"">View Post</a>",2,"user8632343249071",2025-05-24 11:42:28,4,1367,37,1,0,"#weddingsituation #weddingstory #weddingstorytime #storywedding #storytimewedding #weddingguest #situationwedding #weddingvendor #weddinghumor #weddinglol #weddinglaugh #weddingplanning #weddingplanner #2023bride #2024bride #weddingtiktok #2025bride #2026bride"
"<a href=""https://www.tiktok.com/@user8431021130445/video/7507975919252851998"" target=""_blank"" class=""btn btn-sm"" style=""background-color: #00926c; color: white; text-decoration: none; padding: 2px 8px; border-radius: 4px; font-size: 0.8em;"">View Post</a>",2,"user8431021130445",2025-05-24 11:42:00,4,1412,57,3,2,"#weddingsituation #weddingstory #weddingstorytime #storywedding #storytimewedding #weddingguest #situationwedding #weddingvendor #weddinghumor #weddinglol #weddinglaugh #weddingplanning #weddingplanner #2023bride #2024bride #weddingtiktok #2025bride #2026bride"
"<a href=""https://www.tiktok.com/@okgsisnssx/video/7507608197851516191"" target=""_blank"" class=""btn btn-sm"" style=""background-color: #00926c; color: white; text-decoration: none; padding: 2px 8px; border-radius: 4px; font-size: 0.8em;"">View Post</a>",1,"okgsisnssx",2025-05-23 11:54:38,4,892,30,1,0,"#weddingsituation #weddingstory #weddingstorytime #storywedding #storytimewedding #weddingguest #situationwedding #weddingvendor #weddinghumor #weddinglol #weddinglaugh #weddingplanning #weddingplanner #2023bride #2024bride #weddingtiktok #2025bride #2026bride"
"<a href=""https://www.tiktok.com/@okgsisnssx/video/7507608143304723743"" target=""_blank"" class=""btn btn-sm"" style=""background-color: #00926c; color: white; text-decoration: none; padding: 2px 8px; border-radius: 4px; font-size: 0.8em;"">View Post</a>",1,"okgsisnssx",2025-05-23 11:54:39,4,904,29,0,0,"#weddingsituation #weddingstory #weddingstorytime #storywedding #storytimewedding #weddingguest #situationwedding #weddingvendor #weddinghumor #weddinglol #weddinglaugh #weddingplanning #weddingplanner #2023bride #2024bride #weddingtiktok #2025bride #2026bride"
"<a href=""https://www.tiktok.com/@gksdtirevb/video/7507608034827488558"" target=""_blank"" class=""btn btn-sm"" style=""background-color: #00926c; color: white; text-decoration: none; padding: 2px 8px; border-radius: 4px; font-size: 0.8em;"">View Post</a>",1,"gksdtirevb",2025-05-23 11:55:14,4,880,43,1,0,"#weddingsituation #weddingstory #weddingstorytime #storywedding #storytimewedding #weddingguest #situationwedding #weddingvendor #weddinghumor #weddinglol #weddinglaugh #weddingplanning #weddingplanner #2023bride #2024bride #weddingtiktok #2025bride #2026bride"
"<a href=""https://www.tiktok.com/@gksdtirevb/video/7507607826450189610"" target=""_blank"" class=""btn btn-sm"" style=""background-color: #00926c; color: white; text-decoration: none; padding: 2px 8px; border-radius: 4px; font-size: 0.8em;"">View Post</a>",1,"gksdtirevb",2025-05-23 11:54:01,4,868,20,0,0,"#weddingsituation #weddingstory #weddingstorytime #storywedding #storytimewedding #weddingguest #situationwedding #weddingvendor #weddinghumor #weddinglol #weddinglaugh #weddingplanning #weddingplanner #2023bride #2024bride #weddingtiktok #2025bride #2026bride"
"<a href=""https://www.tiktok.com/@okgsisnssx/video/7507607725203803422"" target=""_blank"" class=""btn btn-sm"" style=""background-color: #00926c; color: white; text-decoration: none; padding: 2px 8px; border-radius: 4px; font-size: 0.8em;"">View Post</a>",1,"okgsisnssx",2025-05-23 11:53:03,4,960,65,0,0,"#weddingsituation #weddingstory #weddingstorytime #storywedding #storytimewedding #weddingguest #situationwedding #weddingvendor #weddinghumor #weddinglol #weddinglaugh #weddingplanning #weddingplanner #2023bride #2024bride #weddingtiktok #2025bride #2026bride"
"<a href=""https://www.tiktok.com/@yyfdtwhtod/video/7507607692555488558"" target=""_blank"" class=""btn btn-sm"" style=""background-color: #00926c; color: white; text-decoration: none; padding: 2px 8px; border-radius: 4px; font-size: 0.8em;"">View Post</a>",1,"yyfdtwhtod",2025-05-23 11:53:55,4,807,27,3,1,"#weddingsituation #weddingstory #weddingstorytime #storywedding #storytimewedding #weddingguest #situationwedding #weddingvendor #weddinghumor #weddinglol #weddinglaugh #weddingplanning #weddingplanner #2023bride #2024bride #weddingtiktok #2025bride #2026bride"
"<a href=""https://www.tiktok.com/@yyfdtwhtod/video/7507607674436209966"" target=""_blank"" class=""btn btn-sm"" style=""background-color: #00926c; color: white; text-decoration: none; padding: 2px 8px; border-radius: 4px; font-size: 0.8em;"">View Post</a>",1,"yyfdtwhtod",2025-05-23 11:53:57,4,920,31,1,0,"#weddingsituation #weddingstory #weddingstorytime #storywedding #storytimewedding #weddingguest #situationwedding #weddingvendor #weddinghumor #weddinglol #weddinglaugh #weddingplanning #weddingplanner #2023bride #2024bride #weddingtiktok #2025bride #2026bride"
"<a href=""https://www.tiktok.com/@yyfdtwhtod/video/7507607650188889390"" target=""_blank"" class=""btn btn-sm"" style=""background-color: #00926c; color: white; text-decoration: none; padding: 2px 8px; border-radius: 4px; font-size: 0.8em;"">View Post</a>",1,"yyfdtwhtod",2025-05-23 11:53:53,4,2008,75,2,0,"#weddingsituation #weddingstory #weddingstorytime #storywedding #storytimewedding #weddingguest #situationwedding #weddingvendor #weddinghumor #weddinglol #weddinglaugh #weddingplanning #weddingplanner #2023bride #2024bride #weddingtiktok #2025bride #2026bride"
"<a href=""https://www.tiktok.com/@gksdtirevb/video/7507607613299821866"" target=""_blank"" class=""btn btn-sm"" style=""background-color: #00926c; color: white; text-decoration: none; padding: 2px 8px; border-radius: 4px; font-size: 0.8em;"">View Post</a>",1,"gksdtirevb",2025-05-23 11:53:23,4,944,44,1,0,"#weddingsituation #weddingstory #weddingstorytime #storywedding #storytimewedding #weddingguest #situationwedding #weddingvendor #weddinghumor #weddinglol #weddinglaugh #weddingplanning #weddingplanner #2023bride #2024bride #weddingtiktok #2025bride #2026bride"
"<a href=""https://www.tiktok.com/@user8632343249071/video/7507598043869416734"" target=""_blank"" class=""btn btn-sm"" style=""background-color: #00926c; color: white; text-decoration: none; padding: 2px 8px; border-radius: 4px; font-size: 0.8em;"">View Post</a>",2,"user8632343249071",2025-05-23 11:15:22,4,1243,61,3,1,"#weddingsituation #weddingstory #weddingstorytime #storywedding #storytimewedding #weddingguest #situationwedding #weddingvendor #weddinghumor #weddinglol #weddinglaugh #weddingplanning #weddingplanner #2023bride #2024bride #weddingtiktok #2025bride #2026bride"
"<a href=""https://www.tiktok.com/@user8431021130445/video/7507597816324230430"" target=""_blank"" class=""btn btn-sm"" style=""background-color: #00926c; color: white; text-decoration: none; padding: 2px 8px; border-radius: 4px; font-size: 0.8em;"">View Post</a>",2,"user8431021130445",2025-05-23 11:14:35,4,1283,44,0,0,"#weddingsituation #weddingstory #weddingstorytime #storywedding #storytimewedding #weddingguest #situationwedding #weddingvendor #weddinghumor #weddinglol #weddinglaugh #weddingplanning #weddingplanner #2023bride #2024bride #weddingtiktok #2025bride #2026bride"
"<a href=""https://www.tiktok.com/@user8431021130445/video/7507597537126354206"" target=""_blank"" class=""btn btn-sm"" style=""background-color: #00926c; color: white; text-decoration: none; padding: 2px 8px; border-radius: 4px; font-size: 0.8em;"">View Post</a>",2,"user8431021130445",2025-05-23 11:13:35,4,1052,28,0,0,"#weddingsituation #weddingstory #weddingstorytime #storywedding #storytimewedding #weddingguest #situationwedding #weddingvendor #weddinghumor #weddinglol #weddinglaugh #weddingplanning #weddingplanner #2023bride #2024bride #weddingtiktok #2025bride #2026bride"
"<a href=""https://www.tiktok.com/@user8632343249071/video/7507597476614933790"" target=""_blank"" class=""btn btn-sm"" style=""background-color: #00926c; color: white; text-decoration: none; padding: 2px 8px; border-radius: 4px; font-size: 0.8em;"">View Post</a>",2,"user8632343249071",2025-05-23 11:13:18,4,2075,59,2,1,"#weddingsituation #weddingstory #weddingstorytime #storywedding #storytimewedding #weddingguest #situationwedding #weddingvendor #weddinghumor #weddinglol #weddinglaugh #weddingplanning #weddingplanner #2023bride #2024bride #weddingtiktok #2025bride #2026bride"
"<a href=""https://www.tiktok.com/@user8431021130445/video/7507596520108215582"" target=""_blank"" class=""btn btn-sm"" style=""background-color: #00926c; color: white; text-decoration: none; padding: 2px 8px; border-radius: 4px; font-size: 0.8em;"">View Post</a>",2,"user8431021130445",2025-05-23 11:09:46,4,1022,36,3,0,"#weddingsituation #weddingstory #weddingstorytime #storywedding #storytimewedding #weddingguest #situationwedding #weddingvendor #weddinghumor #weddinglol #weddinglaugh #weddingplanning #weddingplanner #2023bride #2024bride #weddingtiktok #2025bride #2026bride"
"<a href=""https://www.tiktok.com/@user8632343249071/video/7507596169720171807"" target=""_blank"" class=""btn btn-sm"" style=""background-color: #00926c; color: white; text-decoration: none; padding: 2px 8px; border-radius: 4px; font-size: 0.8em;"">View Post</a>",2,"user8632343249071",2025-05-23 11:08:21,4,2005,78,2,0,"#weddingsituation #weddingstory #weddingstorytime #storywedding #storytimewedding #weddingguest #situationwedding #weddingvendor #weddinghumor #weddinglol #weddinglaugh #weddingplanning #weddingplanner #2023bride #2024bride #weddingtiktok #2025bride #2026bride"
"<a href=""https://www.tiktok.com/@gbooat/video/7507593588092472606"" target=""_blank"" class=""btn btn-sm"" style=""background-color: #00926c; color: white; text-decoration: none; padding: 2px 8px; border-radius: 4px; font-size: 0.8em;"">View Post</a>",3,"gbooat",2025-05-23 10:58:20,4,1147,39,1,0,"#weddingsituation #weddingstory #weddingstorytime #storywedding #storytimewedding #weddingguest #situationwedding #weddingvendor #weddinghumor #weddinglol #weddinglaugh #weddingplanning #weddingplanner #2023bride #2024bride #weddingtiktok #2025bride #2026bride"
"<a href=""https://www.tiktok.com/@xin20241035/video/7507592905754823978"" target=""_blank"" class=""btn btn-sm"" style=""background-color: #00926c; color: white; text-decoration: none; padding: 2px 8px; border-radius: 4px; font-size: 0.8em;"">View Post</a>",3,"xin20241035",2025-05-23 10:56:55,4,1504,48,2,0,"#weddingsituation #weddingstory #weddingstorytime #storywedding #storytimewedding #weddingguest #situationwedding #weddingvendor #weddinghumor #weddinglol #weddinglaugh #weddingplanning #weddingplanner #2023bride #2024bride #weddingtiktok #2025bride #2026bride"
"<a href=""https://www.tiktok.com/@gbooat/video/7507592231457410335"" target=""_blank"" class=""btn btn-sm"" style=""background-color: #00926c; color: white; text-decoration: none; padding: 2px 8px; border-radius: 4px; font-size: 0.8em;"">View Post</a>",3,"gbooat",2025-05-23 10:53:02,4,497,4,0,0,"#weddingsituation #weddingstory #weddingstorytime #storywedding #storytimewedding #weddingguest #situationwedding #weddingvendor #weddinghumor #weddinglol #weddinglaugh #weddingplanning #weddingplanner #2023bride #2024bride #weddingtiktok #2025bride #2026bride"
"<a href=""https://www.tiktok.com/@xin20241035/video/7507591689016642862"" target=""_blank"" class=""btn btn-sm"" style=""background-color: #00926c; color: white; text-decoration: none; padding: 2px 8px; border-radius: 4px; font-size: 0.8em;"">View Post</a>",3,"xin20241035",2025-05-23 10:52:37,4,1896,80,2,2,"#weddingsituation #weddingstory #weddingstorytime #storywedding #storytimewedding #weddingguest #situationwedding #weddingvendor #weddinghumor #weddinglol #weddinglaugh #weddingplanning #weddingplanner #2023bride #2024bride #weddingtiktok #2025bride #2026bride"
"<a href=""https://www.tiktok.com/@gbooat/video/7507590749114879263"" target=""_blank"" class=""btn btn-sm"" style=""background-color: #00926c; color: white; text-decoration: none; padding: 2px 8px; border-radius: 4px; font-size: 0.8em;"">View Post</a>",3,"gbooat",2025-05-23 10:47:18,4,394,14,1,0,"#weddingsituation #weddingstory #weddingstorytime #storywedding #storytimewedding #weddingguest #situationwedding #weddingvendor #weddinghumor #weddinglol #weddinglaugh #weddingplanning #weddingplanner #2023bride #2024bride #weddingtiktok #2025bride #2026bride"
"<a href=""https://www.tiktok.com/@xin20241035/video/7507589942017838382"" target=""_blank"" class=""btn btn-sm"" style=""background-color: #00926c; color: white; text-decoration: none; padding: 2px 8px; border-radius: 4px; font-size: 0.8em;"">View Post</a>",3,"xin20241035",2025-05-23 10:45:11,4,1833,94,4,1,"#weddingsituation #weddingstory #weddingstorytime #storywedding #storytimewedding #weddingguest #situationwedding #weddingvendor #weddinghumor #weddinglol #weddinglaugh #weddingplanning #weddingplanner #2023bride #2024bride #weddingtiktok #2025bride #2026bride"
