"Account","Network","Unique Shares","Avg Time Between Shares (sec)","Edge Symmetry Score","Degree","Strength","Betweenness","Avg Views","Avg Likes","Avg Comments","Avg Shares"
"<a href=""https://tiktok.com/@67037cd7"" target=""_blank"">@67037cd7</a>",6,6,44.411,0.938,2,33,0,651.333,5.833,0.333,0
"<a href=""https://tiktok.com/@bgnk392"" target=""_blank"">@bgnk392</a>",6,9,36.546,0.97,3,54,0,1009.222,15.111,0.111,0.222
"<a href=""https://tiktok.com/@burnellmackintosh1994"" target=""_blank"">@burnellmackintosh1994</a>",9,14,27.409,0.941,1,22,0,45723.844,758.062,2.688,7.438
"<a href=""https://tiktok.com/@ferdinandbecky1017"" target=""_blank"">@ferdinandbecky1017</a>",10,11,49.294,0.846,1,17,0,782.154,15,0,0
"<a href=""https://tiktok.com/@fyi.dkdn"" target=""_blank"">@fyi.dkdn</a>",5,15,56.3,1,3,108,0,868.8,13.667,0.467,0.333
"<a href=""https://tiktok.com/@ghij764"" target=""_blank"">@ghij764</a>",6,6,34.686,1,3,43,0,1052.333,18.778,0.333,0.444
"<a href=""https://tiktok.com/@jennamillereh26e"" target=""_blank"">@jennamillereh26e</a>",8,42,28.491,0.951,1,114,0,5803.5,73.92,0.14,0.28
"<a href=""https://tiktok.com/@josephwalker6990"" target=""_blank"">@josephwalker6990</a>",10,9,49.294,0.846,1,17,0,1876.769,33.231,0,0.308
"<a href=""https://tiktok.com/@joshuahorne1460"" target=""_blank"">@joshuahorne1460</a>",9,12,27.409,0.941,1,22,0,3859.333,79.458,0.042,0.667
"<a href=""https://tiktok.com/@kxhlqola6a363c"" target=""_blank"">@kxhlqola6a363c</a>",8,42,28.491,0.951,1,114,0,4447.816,45.163,0.061,0.224
"<a href=""https://tiktok.com/@poofunny88"" target=""_blank"">@poofunny88</a>",13,5,0,0.833,1,15,0,2286.571,18.5,0.143,0.143
"<a href=""https://tiktok.com/@sada2891"" target=""_blank"">@sada2891</a>",4,6,35.333,0.875,2,30,0,1096,12.667,0.333,0
"<a href=""https://tiktok.com/@sfu24xvv"" target=""_blank"">@sfu24xvv</a>",13,9,0,0.833,1,15,0,621.667,15.444,0.222,0.444
"<a href=""https://tiktok.com/@user11504181329233"" target=""_blank"">@user11504181329233</a>",3,7,46.011,0.967,3,38,0,967.3,16.5,0.2,0
"<a href=""https://tiktok.com/@user1226598305981"" target=""_blank"">@user1226598305981</a>",1,5,71.308,0.833,1,13,0,1161.167,24.667,0,0.333
"<a href=""https://tiktok.com/@user15059932353996"" target=""_blank"">@user15059932353996</a>",7,6,59.545,0.8,1,11,0,959.222,36,0.556,0.889
"<a href=""https://tiktok.com/@user1588747994237"" target=""_blank"">@user1588747994237</a>",3,9,55.053,0.912,4,63,0,1241.333,33.556,0.111,0
"<a href=""https://tiktok.com/@user1655672923020"" target=""_blank"">@user1655672923020</a>",2,9,59.182,0.963,3,56,0.002,953.778,18.889,0,0.111
"<a href=""https://tiktok.com/@user196977097874"" target=""_blank"">@user196977097874</a>",6,8,38.106,0.939,3,49,0,1119.875,15.125,0.125,0.25
"<a href=""https://tiktok.com/@user2191900675606"" target=""_blank"">@user2191900675606</a>",3,15,71.71,0.909,6,88,0.008,912.467,19.4,0,0.2
"<a href=""https://tiktok.com/@user2704030629623"" target=""_blank"">@user2704030629623</a>",1,6,71.308,0.833,1,13,0,1270.167,9.5,0.167,0
"<a href=""https://tiktok.com/@user3307205835502"" target=""_blank"">@user3307205835502</a>",12,6,76.385,1,1,13,0,729,7.333,0,0
"<a href=""https://tiktok.com/@user39091749299177"" target=""_blank"">@user39091749299177</a>",4,4,38.375,0.75,2,24,0,1526.667,23,0.167,0.833
"<a href=""https://tiktok.com/@user41192196568694"" target=""_blank"">@user41192196568694</a>",12,6,76.385,1,1,13,0,1078,22.333,0,0
"<a href=""https://tiktok.com/@user4693204601113"" target=""_blank"">@user4693204601113</a>",4,6,38.875,0.875,2,30,0,1674.167,19.167,0.5,0.167
"<a href=""https://tiktok.com/@user4870556904383"" target=""_blank"">@user4870556904383</a>",3,6,87.333,1,1,18,0,358.833,4,0,0
"<a href=""https://tiktok.com/@user4911953984822"" target=""_blank"">@user4911953984822</a>",6,15,43.686,0.957,5,87,0.007,740.067,9.2,0,0.067
"<a href=""https://tiktok.com/@user5099118408673"" target=""_blank"">@user5099118408673</a>",7,7,68.167,0.857,1,12,0,521.556,16.778,0,0.222
"<a href=""https://tiktok.com/@user6000471181758"" target=""_blank"">@user6000471181758</a>",11,8,66.443,0.974,3,58,0.001,395.889,2.111,0.889,0
"<a href=""https://tiktok.com/@user6222824133704"" target=""_blank"">@user6222824133704</a>",3,15,61.341,0.937,5,96,0,1332.333,32.067,0,0.133
"<a href=""https://tiktok.com/@user6304840504157"" target=""_blank"">@user6304840504157</a>",5,15,67.026,1,3,108,0,867.667,11.6,0.2,0.533
"<a href=""https://tiktok.com/@user63137298611222"" target=""_blank"">@user63137298611222</a>",6,6,44.306,1,2,36,0,809,5.667,0,0.167
"<a href=""https://tiktok.com/@user6787669206738"" target=""_blank"">@user6787669206738</a>",3,15,63.475,0.937,4,74,0,1171.733,32.133,0,0.067
"<a href=""https://tiktok.com/@user7100365175214"" target=""_blank"">@user7100365175214</a>",11,18,68.339,1,4,134,0.001,1105.5,8.611,0.667,0.333
"<a href=""https://tiktok.com/@user7406160207374"" target=""_blank"">@user7406160207374</a>",2,11,62.169,0.889,2,47,0,1480.091,45.636,0.182,0.364
"<a href=""https://tiktok.com/@user7412241516634"" target=""_blank"">@user7412241516634</a>",11,18,68.748,1,4,125,0.001,857.722,7.167,0.556,0.278
"<a href=""https://tiktok.com/@user75291696174110"" target=""_blank"">@user75291696174110</a>",2,10,70.883,0.944,2,45,0,1170.083,20.167,0,0
"<a href=""https://tiktok.com/@user7910082192187"" target=""_blank"">@user7910082192187</a>",3,16,66.612,0.879,5,93,0,1042.833,19.167,0,0.167
"<a href=""https://tiktok.com/@user8600005759563"" target=""_blank"">@user8600005759563</a>",7,8,63.856,0.829,2,23,0.001,796.222,33.778,0.222,1.556
"<a href=""https://tiktok.com/@user87304845050708"" target=""_blank"">@user87304845050708</a>",2,6,63.7,1,1,10,0,497.917,14.667,0,0.083
"<a href=""https://tiktok.com/@user90066693803731"" target=""_blank"">@user90066693803731</a>",11,6,43.583,1,3,54,0.002,643.333,6.556,0.333,0.111
"<a href=""https://tiktok.com/@yili6480"" target=""_blank"">@yili6480</a>",5,6,60.148,1,3,54,0.003,871.167,17.333,0.333,0.167
"<a href=""https://tiktok.com/@yili68822"" target=""_blank"">@yili68822</a>",5,15,42.156,1,3,108,0,830.8,15,0.067,0.6
"<a href=""https://tiktok.com/@yiyiyi824"" target=""_blank"">@yiyiyi824</a>",11,15,48.98,0.981,4,119,0,1044.444,10.222,0.278,0.167
