"Account","Network","Unique Shares","Avg Time Between Shares (sec)","Edge Symmetry Score","Degree","Strength","Betweenness","Avg Views","Avg Likes","Avg Comments","Avg Shares"
"<a href=""https://tiktok.com/@11cjhggg"" target=""_blank"">@11cjhggg</a>",100,5,55,1,1,8,0,6676.4,119.2,1,0.4
"<a href=""https://tiktok.com/@1qwdjjd"" target=""_blank"">@1qwdjjd</a>",97,6,56.015,0.812,3,27,0,2923.286,68.714,0.429,1.286
"<a href=""https://tiktok.com/@2thgkvjd"" target=""_blank"">@2thgkvjd</a>",98,6,62,1,1,8,0,1466.667,107.167,1,0.5
"<a href=""https://tiktok.com/@3jfofoed"" target=""_blank"">@3jfofoed</a>",96,7,39,1,1,8,0,1751.143,71.571,0.714,0.429
"<a href=""https://tiktok.com/@4hgkdjf"" target=""_blank"">@4hgkdjf</a>",98,6,46.25,1,2,16,0,1447.333,93,0.5,0.167
"<a href=""https://tiktok.com/@acsge1347"" target=""_blank"">@acsge1347</a>",84,5,44.585,0.969,4,40,0,783.4,18.8,0,0.2
"<a href=""https://tiktok.com/@adhhrrt"" target=""_blank"">@adhhrrt</a>",17,4,29.125,1,2,16,0,1167.5,28.75,0,0.25
"<a href=""https://tiktok.com/@aed0267"" target=""_blank"">@aed0267</a>",58,14,62.958,0.902,10,127,0,2918.143,100.643,0.429,0.714
"<a href=""https://tiktok.com/@aed2750"" target=""_blank"">@aed2750</a>",58,13,61.162,0.885,10,214,0,4201.077,80.308,0.615,1.462
"<a href=""https://tiktok.com/@aed3496"" target=""_blank"">@aed3496</a>",118,8,62.333,1,2,21,0,1090.25,22.875,1,0.5
"<a href=""https://tiktok.com/@aed3660"" target=""_blank"">@aed3660</a>",45,10,43.561,0.778,2,19,0,4595.9,79.6,2,1.4
"<a href=""https://tiktok.com/@aed3861"" target=""_blank"">@aed3861</a>",118,6,52.5,1,1,8,0,8841.125,93.5,1.5,1.75
"<a href=""https://tiktok.com/@aed75787"" target=""_blank"">@aed75787</a>",45,9,45.5,0.944,2,20,0,3840.3,81.8,2.1,1.5
"<a href=""https://tiktok.com/@aeda1689"" target=""_blank"">@aeda1689</a>",45,8,45.161,0.833,2,19,0,21570.9,96.3,0.7,1.8
"<a href=""https://tiktok.com/@aedditre"" target=""_blank"">@aedditre</a>",104,7,46.375,0.875,1,8,0,1774.625,69.625,0.625,0.25
"<a href=""https://tiktok.com/@aeddjgjttj"" target=""_blank"">@aeddjgjttj</a>",65,9,41.125,0.875,1,8,0,2834.556,144.556,2.222,1.667
"<a href=""https://tiktok.com/@aedfdkpcjf"" target=""_blank"">@aedfdkpcjf</a>",65,9,41.125,0.875,1,8,0,992.111,40.889,0.556,0.222
"<a href=""https://tiktok.com/@aedfjats"" target=""_blank"">@aedfjats</a>",66,10,68,1,1,8,0,554.6,31.5,0.4,0.1
"<a href=""https://tiktok.com/@aedfxthg"" target=""_blank"">@aedfxthg</a>",117,8,38.75,1,2,16,0,9852.25,100.5,3.375,8
"<a href=""https://tiktok.com/@aedgslpxjx"" target=""_blank"">@aedgslpxjx</a>",4,9,59.571,0.939,4,36,0,1766,40.333,0.222,0.111
"<a href=""https://tiktok.com/@aedhdici"" target=""_blank"">@aedhdici</a>",6,8,58.222,0.845,2,18,0,2203,102.625,2.125,1.25
"<a href=""https://tiktok.com/@aedhdjcoof"" target=""_blank"">@aedhdjcoof</a>",4,10,55.475,0.94,8,78,0,2407,184.5,1.5,1.8
"<a href=""https://tiktok.com/@aedjxpxodj"" target=""_blank"">@aedjxpxodj</a>",36,4,47.375,1,2,16,0,2193.25,149.5,1,0.5
"<a href=""https://tiktok.com/@aedvkrphk"" target=""_blank"">@aedvkrphk</a>",66,8,68,1,1,8,0,1730,114.25,1.25,0.375
"<a href=""https://tiktok.com/@aedvziocjc"" target=""_blank"">@aedvziocjc</a>",35,9,51.556,1,1,9,0,1665.444,121.444,2.222,1
"<a href=""https://tiktok.com/@aedyckctu"" target=""_blank"">@aedyckctu</a>",6,9,53.924,0.818,2,20,0,3037,91.444,0.444,0.778
"<a href=""https://tiktok.com/@ajcue9039"" target=""_blank"">@ajcue9039</a>",99,7,50.5,0.929,2,16,0,1350.714,52.857,0.143,0.143
"<a href=""https://tiktok.com/@ale2r35"" target=""_blank"">@ale2r35</a>",23,10,64.392,0.897,4,33,0.001,2252.3,31.6,0,0.3
"<a href=""https://tiktok.com/@ale383279"" target=""_blank"">@ale383279</a>",23,9,55.954,0.924,6,58,0,384.778,18.222,0.222,0
"<a href=""https://tiktok.com/@aleaa0249"" target=""_blank"">@aleaa0249</a>",23,9,58.9,1,1,10,0,350.333,11.778,0,0.111
"<a href=""https://tiktok.com/@alejkityuoo"" target=""_blank"">@alejkityuoo</a>",23,9,48.233,0.927,5,46,0,334.889,12.667,0,0.222
"<a href=""https://tiktok.com/@amazinggirl_120"" target=""_blank"">@amazinggirl_120</a>",60,4,98.778,1,1,9,0,2871.333,291,15.5,16.667
"<a href=""https://tiktok.com/@ancmleilrbge"" target=""_blank"">@ancmleilrbge</a>",10,4,60.25,1,1,8,0,7769.5,200,8.5,7
"<a href=""https://tiktok.com/@anpebsaxgu9"" target=""_blank"">@anpebsaxgu9</a>",23,8,62.554,0.902,7,67,0,1666.4,62.4,0,0.1
"<a href=""https://tiktok.com/@anxdo3188"" target=""_blank"">@anxdo3188</a>",94,9,59.402,0.921,3,30,0,1840.111,65.222,0.444,0.556
"<a href=""https://tiktok.com/@anxkr2491"" target=""_blank"">@anxkr2491</a>",84,5,68.4,0.889,1,15,0,1498.6,37.4,0.2,0
"<a href=""https://tiktok.com/@arffug"" target=""_blank"">@arffug</a>",73,5,76.167,0.917,2,23,0,345.2,10,0,0
"<a href=""https://tiktok.com/@aseng.haymong"" target=""_blank"">@aseng.haymong</a>",67,6,35.944,0.938,2,17,0,3096.625,85.625,0.75,2.375
"<a href=""https://tiktok.com/@avelina.asucen"" target=""_blank"">@avelina.asucen</a>",86,7,49.931,0.935,6,50,0,1002.714,48.429,0.143,0
"<a href=""https://tiktok.com/@awbe.nevx"" target=""_blank"">@awbe.nevx</a>",109,10,67.625,0.714,1,8,0,3292.571,28.429,1.786,5.357
"<a href=""https://tiktok.com/@awcc.jqhh"" target=""_blank"">@awcc.jqhh</a>",108,12,56.125,0.929,2,16,0,1701.933,15.733,0.6,0.4
"<a href=""https://tiktok.com/@awmilke"" target=""_blank"">@awmilke</a>",95,8,13.833,1,1,12,0,230758.625,11945.875,34.125,99.625
"<a href=""https://tiktok.com/@ayden.riverad"" target=""_blank"">@ayden.riverad</a>",5,10,63.727,0.914,5,47,0,15878.2,423.1,4.5,4.5
"<a href=""https://tiktok.com/@ayipald"" target=""_blank"">@ayipald</a>",23,10,68.325,0.929,2,18,0,846.7,28.1,0.3,0.3
"<a href=""https://tiktok.com/@bakaf3280"" target=""_blank"">@bakaf3280</a>",97,6,60.458,0.794,3,24,0,2070.333,139.5,0,0.333
"<a href=""https://tiktok.com/@baobaiwan888"" target=""_blank"">@baobaiwan888</a>",12,4,48.625,1,2,16,0,989.25,88.25,1.25,4.5
"<a href=""https://tiktok.com/@baobaobao7183"" target=""_blank"">@baobaobao7183</a>",10,4,60.25,1,1,8,0,1510.5,46.5,1.5,1.25
"<a href=""https://tiktok.com/@baomeijing67"" target=""_blank"">@baomeijing67</a>",12,4,65,1,2,16,0,1184.5,54.5,3.75,1.25
"<a href=""https://tiktok.com/@battl.kray"" target=""_blank"">@battl.kray</a>",59,5,63.729,0.958,3,29,0,1909,41.4,0.2,0.4
"<a href=""https://tiktok.com/@bawangchaji6"" target=""_blank"">@bawangchaji6</a>",40,6,50.667,0.875,1,9,0,1194,65,1.25,0.167
"<a href=""https://tiktok.com/@baxor3828"" target=""_blank"">@baxor3828</a>",94,6,59.5,1,2,16,0,4222,150.167,4.167,2
"<a href=""https://tiktok.com/@be.jkigv"" target=""_blank"">@be.jkigv</a>",1,10,58.487,0.872,8,81,0,1746.3,96.7,1.2,0
"<a href=""https://tiktok.com/@beckdodd1994"" target=""_blank"">@beckdodd1994</a>",119,8,28.25,1,1,8,0,3087,47.25,2.25,1.25
"<a href=""https://tiktok.com/@benedossie2"" target=""_blank"">@benedossie2</a>",59,5,57.509,0.889,4,38,0,6356.4,76.8,0.8,0.8
"<a href=""https://tiktok.com/@berez.paulo"" target=""_blank"">@berez.paulo</a>",24,9,51.45,0.929,2,20,0,2238.3,54,0.7,0.4
"<a href=""https://tiktok.com/@bipiqo"" target=""_blank"">@bipiqo</a>",73,6,65.783,0.958,4,51,0,569,16.167,0.167,0
"<a href=""https://tiktok.com/@bixukf"" target=""_blank"">@bixukf</a>",93,6,8.333,1,1,12,0,14771,431,8.143,2.429
"<a href=""https://tiktok.com/@bkot6010"" target=""_blank"">@bkot6010</a>",76,10,80.714,0.9,2,36,0,908.867,25.933,0.267,1.8
"<a href=""https://tiktok.com/@bkvhf1"" target=""_blank"">@bkvhf1</a>",17,4,41,1,3,24,0,868.25,58.75,1.75,1
"<a href=""https://tiktok.com/@bmc12655"" target=""_blank"">@bmc12655</a>",1,9,55.797,0.87,8,91,0,1856.7,70.9,1.4,1.3
"<a href=""https://tiktok.com/@bpgarp"" target=""_blank"">@bpgarp</a>",73,5,47.091,0.833,5,65,0,493.8,27.4,0,0.2
"<a href=""https://tiktok.com/@brittanycarter1959"" target=""_blank"">@brittanycarter1959</a>",20,10,62.882,0.875,2,17,0,1827.1,43.6,0.1,0.2
"<a href=""https://tiktok.com/@bsbwphji4xu"" target=""_blank"">@bsbwphji4xu</a>",23,9,47.076,0.901,4,38,0,1050.667,58.444,0,0.111
"<a href=""https://tiktok.com/@bsih75"" target=""_blank"">@bsih75</a>",25,3,48.333,1,1,9,0,1429.333,45,1,0
"<a href=""https://tiktok.com/@bsjj8797"" target=""_blank"">@bsjj8797</a>",27,9,51.661,0.784,2,26,0,967.444,15.889,0.333,0
"<a href=""https://tiktok.com/@buslmigf7dn"" target=""_blank"">@buslmigf7dn</a>",23,9,43.811,0.919,5,48,0,9804.778,356.667,12.889,51.222
"<a href=""https://tiktok.com/@bvoo3130"" target=""_blank"">@bvoo3130</a>",77,14,73.796,0.938,4,107,0,1972.643,62.929,0.786,0.714
"<a href=""https://tiktok.com/@bxecxotdjfrvi"" target=""_blank"">@bxecxotdjfrvi</a>",15,4,61.6,1,5,40,0,1236.75,55.5,1,1.5
"<a href=""https://tiktok.com/@bxjxhxt"" target=""_blank"">@bxjxhxt</a>",87,6,25.85,0.938,2,20,0,1052,50.833,1,0.333
"<a href=""https://tiktok.com/@bxjzjsns0"" target=""_blank"">@bxjzjsns0</a>",86,8,48.82,0.891,5,52,0,2251.875,92.5,0.375,0.5
"<a href=""https://tiktok.com/@bxkke4723"" target=""_blank"">@bxkke4723</a>",84,7,44.824,0.915,5,55,0,3792,61.714,0.571,0.286
"<a href=""https://tiktok.com/@bzsksk1"" target=""_blank"">@bzsksk1</a>",100,6,55,1,1,8,0,2125.833,119.5,0.667,0
"<a href=""https://tiktok.com/@c.ts24"" target=""_blank"">@c.ts24</a>",26,6,31.4,1,1,10,0,2247.5,46.5,0.333,0.333
"<a href=""https://tiktok.com/@cagnhd"" target=""_blank"">@cagnhd</a>",47,9,71.875,0.667,1,8,0,2435.6,149,3,4.7
"<a href=""https://tiktok.com/@camilo.austin5"" target=""_blank"">@camilo.austin5</a>",9,10,61.136,0.891,4,39,0,683.9,15.8,0.3,0.5
"<a href=""https://tiktok.com/@carbloggera"" target=""_blank"">@carbloggera</a>",25,7,41.404,0.884,3,36,0,929.429,43.571,0.857,0.714
"<a href=""https://tiktok.com/@carlos.alberto.al886"" target=""_blank"">@carlos.alberto.al886</a>",67,7,40.241,1,3,27,0,795.444,23.444,0.111,0.222
"<a href=""https://tiktok.com/@cbjf05"" target=""_blank"">@cbjf05</a>",5,10,50.115,0.944,3,31,0,1568.5,66.6,1,0.8
"<a href=""https://tiktok.com/@cbnhf5680"" target=""_blank"">@cbnhf5680</a>",15,4,40.2,1,5,40,0,1731,96.5,2,20.5
"<a href=""https://tiktok.com/@cctvvjagu0"" target=""_blank"">@cctvvjagu0</a>",38,6,64.5,1,1,8,0,639.167,17,0.333,0
"<a href=""https://tiktok.com/@ccvoyrnu"" target=""_blank"">@ccvoyrnu</a>",112,6,55.789,0.93,3,33,0,3127.333,20.167,0,2.167
"<a href=""https://tiktok.com/@cfdc18"" target=""_blank"">@cfdc18</a>",58,15,55.422,0.872,10,225,0,4591.533,100.667,0.533,2.133
"<a href=""https://tiktok.com/@cghwqj"" target=""_blank"">@cghwqj</a>",102,5,12.25,1,1,8,0,415,6.5,0.167,0.167
"<a href=""https://tiktok.com/@chantalkusch"" target=""_blank"">@chantalkusch</a>",1,7,69.457,1,2,22,0,3070.429,153.857,1.714,8.143
"<a href=""https://tiktok.com/@chdg050"" target=""_blank"">@chdg050</a>",42,8,75.375,1,1,8,0,1389.5,67.8,1.1,1.2
"<a href=""https://tiktok.com/@cherry02561"" target=""_blank"">@cherry02561</a>",28,6,75.5,1,1,8,0,2972.875,68.375,3.875,31.75
"<a href=""https://tiktok.com/@china_cutegirl22"" target=""_blank"">@china_cutegirl22</a>",62,6,95.28,1,1,25,0,850.125,84.375,3.5,2.125
"<a href=""https://tiktok.com/@chuma_g1"" target=""_blank"">@chuma_g1</a>",62,6,85.617,1,2,47,0,1175.667,84.333,3.833,1.167
"<a href=""https://tiktok.com/@chunyuan66"" target=""_blank"">@chunyuan66</a>",37,6,78.125,0.917,2,16,0,6610.333,171.833,0.75,1
"<a href=""https://tiktok.com/@chzk.uvuw"" target=""_blank"">@chzk.uvuw</a>",111,9,60.7,0.905,2,30,0,3279.222,35.333,0.889,38.444
"<a href=""https://tiktok.com/@ciojkb"" target=""_blank"">@ciojkb</a>",74,6,19.713,0.9,6,81,0,1081.6,55.2,0.2,0
"<a href=""https://tiktok.com/@cjdjfcn"" target=""_blank"">@cjdjfcn</a>",86,8,56.09,0.968,7,69,0,1773.5,112.875,0.875,0.625
"<a href=""https://tiktok.com/@cjgbkbl"" target=""_blank"">@cjgbkbl</a>",17,7,51.011,1,3,28,0,1493.143,75.143,0.143,0.286
"<a href=""https://tiktok.com/@cjgmnl"" target=""_blank"">@cjgmnl</a>",101,4,18.25,1,1,8,0,3182,32,2,1
"<a href=""https://tiktok.com/@cjire9104"" target=""_blank"">@cjire9104</a>",81,8,55.467,0.933,3,28,0,778.417,25.75,0.333,0.083
"<a href=""https://tiktok.com/@cjur6297"" target=""_blank"">@cjur6297</a>",81,9,45.111,1,3,54,0,580.333,33.25,0.167,0.25
"<a href=""https://tiktok.com/@clirr5282"" target=""_blank"">@clirr5282</a>",82,4,73.6,0.8,1,10,0,2066.286,91.571,0.5,0.286
"<a href=""https://tiktok.com/@coirf88774"" target=""_blank"">@coirf88774</a>",83,6,44.083,1,2,36,0,1047,48.833,0.333,1.167
"<a href=""https://tiktok.com/@courr1227"" target=""_blank"">@courr1227</a>",83,6,64.833,1,2,36,0,3006.833,103.5,1,1.667
"<a href=""https://tiktok.com/@cp.eagdu"" target=""_blank"">@cp.eagdu</a>",3,8,48.75,1,1,8,0,2097.778,77.667,1.222,4.222
"<a href=""https://tiktok.com/@crtyougo"" target=""_blank"">@crtyougo</a>",47,10,45.418,0.892,5,51,0,7292.6,157.8,2.2,2.1
"<a href=""https://tiktok.com/@cuc.thu243"" target=""_blank"">@cuc.thu243</a>",70,9,44.387,0.963,3,42,0,8272.7,143,12.8,3.8
"<a href=""https://tiktok.com/@cx.b28"" target=""_blank"">@cx.b28</a>",43,7,58.546,0.946,6,54,0,1603.429,99.143,1.857,0.857
"<a href=""https://tiktok.com/@cxd.shd"" target=""_blank"">@cxd.shd</a>",70,10,52.2,0.875,1,10,0,3278.6,60.4,4.1,1.1
"<a href=""https://tiktok.com/@czhc.bkyd"" target=""_blank"">@czhc.bkyd</a>",112,6,49.159,0.875,3,28,0,491,9.167,0.167,6
"<a href=""https://tiktok.com/@dadd.dhh7"" target=""_blank"">@dadd.dhh7</a>",22,10,52.343,0.892,6,60,0,789.1,24.7,0.2,0.3
"<a href=""https://tiktok.com/@danaobenkuil"" target=""_blank"">@danaobenkuil</a>",56,7,61.909,1,1,11,0,2685.571,84.143,3.286,3.286
"<a href=""https://tiktok.com/@dbckgptxv7euiy"" target=""_blank"">@dbckgptxv7euiy</a>",20,7,75.875,0.75,1,8,0,27509.286,342.286,1.286,44.143
"<a href=""https://tiktok.com/@dblbel"" target=""_blank"">@dblbel</a>",101,6,37.667,1,3,24,0,1259.5,36.167,1.167,0.333
"<a href=""https://tiktok.com/@dddgggg63"" target=""_blank"">@dddgggg63</a>",71,10,49.222,0.875,1,9,0,4183.4,66.4,2,0.9
"<a href=""https://tiktok.com/@dddunkkftacnib"" target=""_blank"">@dddunkkftacnib</a>",12,4,29,1,1,8,0,3203.25,54.5,3.75,0.75
"<a href=""https://tiktok.com/@dell.oswink"" target=""_blank"">@dell.oswink</a>",52,8,66.75,1,1,8,0,1527.25,67.625,0.625,0.375
"<a href=""https://tiktok.com/@dfgasdfsert.dfrts"" target=""_blank"">@dfgasdfsert.dfrts</a>",120,8,56.25,1,1,8,0,4451.625,59.625,3.875,7.375
"<a href=""https://tiktok.com/@dghhg372"" target=""_blank"">@dghhg372</a>",122,4,69.125,1,2,16,0,2654.25,163.25,1,0.25
"<a href=""https://tiktok.com/@dheelquiet"" target=""_blank"">@dheelquiet</a>",115,6,30.583,0.917,2,19,0,4194.5,28,1,0.667
"<a href=""https://tiktok.com/@dhhi6645"" target=""_blank"">@dhhi6645</a>",81,9,51.092,0.878,3,41,0,4556.636,87.182,0.2,0.545
"<a href=""https://tiktok.com/@dijx3903"" target=""_blank"">@dijx3903</a>",77,15,70.277,0.958,5,135,0,1796.733,53.333,0.467,0.667
"<a href=""https://tiktok.com/@djisks96"" target=""_blank"">@djisks96</a>",86,5,56,1,1,8,0,3137.6,64.8,2.2,1.6
"<a href=""https://tiktok.com/@djjehokxtu2"" target=""_blank"">@djjehokxtu2</a>",124,3,70.667,1,2,18,0,110.333,2,0,0
"<a href=""https://tiktok.com/@djm9r"" target=""_blank"">@djm9r</a>",43,7,59.472,0.912,6,60,0,1026.857,51.286,0.286,0
"<a href=""https://tiktok.com/@drape.ivoe"" target=""_blank"">@drape.ivoe</a>",53,6,55.333,1,1,12,0,3024.25,139.75,1.375,4.125
"<a href=""https://tiktok.com/@drgd8391"" target=""_blank"">@drgd8391</a>",78,12,49.437,1,3,84,0,1309.533,61.4,0.2,0.733
"<a href=""https://tiktok.com/@dtbtcc8"" target=""_blank"">@dtbtcc8</a>",73,3,62,1,4,36,0,956.333,39.667,0.667,1
"<a href=""https://tiktok.com/@dthh824"" target=""_blank"">@dthh824</a>",58,9,56.366,0.903,10,159,0,4164,57.222,0.111,3.333
"<a href=""https://tiktok.com/@dtkwod"" target=""_blank"">@dtkwod</a>",47,9,39.538,0.831,10,98,0,4086.778,191.778,1.222,6.333
"<a href=""https://tiktok.com/@ducwk5858"" target=""_blank"">@ducwk5858</a>",85,10,37.636,1,1,11,0,613.6,17.5,0.1,0
"<a href=""https://tiktok.com/@duidsifsogs"" target=""_blank"">@duidsifsogs</a>",11,4,60.875,1,2,16,0,1236,61.25,2.75,4.5
"<a href=""https://tiktok.com/@dukes.cadenhead"" target=""_blank"">@dukes.cadenhead</a>",115,6,59.143,0.833,2,24,0,1637.833,15.5,0.167,0
"<a href=""https://tiktok.com/@duuff30"" target=""_blank"">@duuff30</a>",87,5,24.95,0.866,2,18,0,1213.8,86.4,1.6,0.2
"<a href=""https://tiktok.com/@dvvsaag"" target=""_blank"">@dvvsaag</a>",57,6,43,1,1,8,0,1951.556,57.778,1,1.111
"<a href=""https://tiktok.com/@dxvfsc"" target=""_blank"">@dxvfsc</a>",117,6,51.5,1,1,8,0,2577,46.125,1.625,3.25
"<a href=""https://tiktok.com/@eb.bg7"" target=""_blank"">@eb.bg7</a>",2,10,56.352,0.83,3,30,0,15831.3,219.2,4.6,2.5
"<a href=""https://tiktok.com/@echrca"" target=""_blank"">@echrca</a>",73,5,77.923,0.833,1,13,0,239,6.8,0,0.2
"<a href=""https://tiktok.com/@ed.huahua3"" target=""_blank"">@ed.huahua3</a>",13,4,53.75,1,1,8,0,377,7.75,0.25,0
"<a href=""https://tiktok.com/@eiej4325"" target=""_blank"">@eiej4325</a>",78,15,52.503,1,3,107,0,1175.867,41.933,0.067,0.2
"<a href=""https://tiktok.com/@emma.stonegis"" target=""_blank"">@emma.stonegis</a>",44,6,49.375,1,2,16,0,2330.667,58.5,1.167,0.167
"<a href=""https://tiktok.com/@epacjbrs"" target=""_blank"">@epacjbrs</a>",110,7,70.25,0.929,2,16,0,2870.333,22.222,0.222,1.333
"<a href=""https://tiktok.com/@eqmhqf"" target=""_blank"">@eqmhqf</a>",73,6,66.802,0.944,6,81,0.001,669.333,17.167,0,0.167
"<a href=""https://tiktok.com/@eudazpstrvf"" target=""_blank"">@eudazpstrvf</a>",56,7,66.955,1,2,19,0,4201.429,127,1,4.714
"<a href=""https://tiktok.com/@eumb.pcdw"" target=""_blank"">@eumb.pcdw</a>",111,9,46.7,0.955,2,27,0,3472.333,25.667,0.222,14.111
"<a href=""https://tiktok.com/@evfdmzl"" target=""_blank"">@evfdmzl</a>",93,6,8.333,1,1,12,0,1437.375,85,1,0.5
"<a href=""https://tiktok.com/@exmz856041"" target=""_blank"">@exmz856041</a>",23,9,63.156,0.903,4,38,0,2585.333,58,0.222,1.333
"<a href=""https://tiktok.com/@eyidk5"" target=""_blank"">@eyidk5</a>",121,4,27.75,1,1,8,0,1021.75,98,0.5,0.25
"<a href=""https://tiktok.com/@eyjxn8869"" target=""_blank"">@eyjxn8869</a>",99,7,30.5,1,1,8,0,1252.143,40.857,0.286,0
"<a href=""https://tiktok.com/@fauy8466"" target=""_blank"">@fauy8466</a>",6,10,48.33,0.875,4,34,0,1978.1,72.5,0.9,1.6
"<a href=""https://tiktok.com/@fcjjv86"" target=""_blank"">@fcjjv86</a>",4,6,64.125,0.929,2,16,0,2493.625,105.75,1,0.875
"<a href=""https://tiktok.com/@fdcgec3"" target=""_blank"">@fdcgec3</a>",120,8,56.25,1,1,8,0,3005,52,3.75,3.625
"<a href=""https://tiktok.com/@fduic5"" target=""_blank"">@fduic5</a>",4,10,56.338,0.95,7,76,0,2278.8,95.8,0.8,6.8
"<a href=""https://tiktok.com/@fensewenhaomao18"" target=""_blank"">@fensewenhaomao18</a>",104,7,46.375,0.875,1,8,0,2117.857,126,0.143,0.857
"<a href=""https://tiktok.com/@fevkuiq"" target=""_blank"">@fevkuiq</a>",23,8,46.444,0.875,1,9,0,559.875,28.25,0.125,0.125
"<a href=""https://tiktok.com/@fgjbgf4688"" target=""_blank"">@fgjbgf4688</a>",15,4,46.107,1,7,56,0,996.75,51.5,3,6.5
"<a href=""https://tiktok.com/@fgjores"" target=""_blank"">@fgjores</a>",22,7,57.5,0.857,1,8,0,1392.429,16,1.286,4
"<a href=""https://tiktok.com/@fgsfgx"" target=""_blank"">@fgsfgx</a>",118,7,66.167,1,2,17,0,1486.125,38.375,1.75,10.5
"<a href=""https://tiktok.com/@fgzvj"" target=""_blank"">@fgzvj</a>",117,4,26,1,1,8,0,2638.75,54.75,1.875,4.25
"<a href=""https://tiktok.com/@fhda78402"" target=""_blank"">@fhda78402</a>",77,15,72.194,0.927,5,114,0,1021.533,57.667,0.533,0.267
"<a href=""https://tiktok.com/@fhkundshunk"" target=""_blank"">@fhkundshunk</a>",49,6,21.25,1,1,8,0,4877,13,0.333,0
"<a href=""https://tiktok.com/@fhvf210"" target=""_blank"">@fhvf210</a>",24,10,51.045,0.93,3,38,0,1414.6,84.3,0.6,10.2
"<a href=""https://tiktok.com/@fhxk1941"" target=""_blank"">@fhxk1941</a>",76,13,59.844,1,2,53,0,970.133,39.4,0.8,1.4
"<a href=""https://tiktok.com/@fijficvk"" target=""_blank"">@fijficvk</a>",17,7,38.403,0.889,3,29,0,548.714,30,0,0.143
"<a href=""https://tiktok.com/@fijglhhj"" target=""_blank"">@fijglhhj</a>",18,4,39.25,1,1,8,0,990.5,17.5,1,1.75
"<a href=""https://tiktok.com/@findjfd"" target=""_blank"">@findjfd</a>",84,5,53.818,1,1,11,0,961,31.2,0.4,0
"<a href=""https://tiktok.com/@fiurf9599"" target=""_blank"">@fiurf9599</a>",79,3,63.667,1,1,9,0,1113.667,26.667,0.333,0.333
"<a href=""https://tiktok.com/@fjjgdvx"" target=""_blank"">@fjjgdvx</a>",46,9,60.694,0.925,3,33,0,5732.222,199.222,1.111,1.111
"<a href=""https://tiktok.com/@fjmphu"" target=""_blank"">@fjmphu</a>",73,6,67,1,4,44,0,526,10.833,0.167,0
"<a href=""https://tiktok.com/@fjvbaa"" target=""_blank"">@fjvbaa</a>",98,6,30.5,1,1,8,0,1181,52.5,1,0.5
"<a href=""https://tiktok.com/@fjvfgn"" target=""_blank"">@fjvfgn</a>",119,5,28.25,1,1,8,0,2203.167,46.667,2.333,0.333
"<a href=""https://tiktok.com/@fjyukfjjf"" target=""_blank"">@fjyukfjjf</a>",43,7,58.389,0.944,2,17,0,12340.429,143.286,3.857,2.571
"<a href=""https://tiktok.com/@fkfdnd"" target=""_blank"">@fkfdnd</a>",44,6,51.181,1,2,17,0,1921.833,42.833,0.5,0
"<a href=""https://tiktok.com/@fkir2290"" target=""_blank"">@fkir2290</a>",81,9,60.881,1,2,39,0,639.417,39.083,0.583,0
"<a href=""https://tiktok.com/@fkird5848"" target=""_blank"">@fkird5848</a>",84,5,45,0.714,1,9,0,338.6,7.4,0.8,0
"<a href=""https://tiktok.com/@fklpls0ch5"" target=""_blank"">@fklpls0ch5</a>",38,9,64.5,1,1,8,0,86755.778,3628.222,28,16
"<a href=""https://tiktok.com/@fnnf8890"" target=""_blank"">@fnnf8890</a>",82,5,56.454,0.9,2,23,0,3476.875,75.875,0,0.5
"<a href=""https://tiktok.com/@fody.noachp"" target=""_blank"">@fody.noachp</a>",54,7,80.125,0.857,1,8,0,2407.143,78.857,1.143,1.286
"<a href=""https://tiktok.com/@fsaftn"" target=""_blank"">@fsaftn</a>",73,5,74.166,0.833,4,49,0.001,1362.2,23.4,0,0
"<a href=""https://tiktok.com/@fteecfs"" target=""_blank"">@fteecfs</a>",89,4,30.25,1,1,8,0,1151,129.5,0.5,0.75
"<a href=""https://tiktok.com/@fugfuj33"" target=""_blank"">@fugfuj33</a>",56,7,56.606,1,3,25,0,3151,75.714,2.571,2.857
"<a href=""https://tiktok.com/@fughf21"" target=""_blank"">@fughf21</a>",1,7,56.045,0.909,8,73,0,2451.429,59.429,1.857,0.286
"<a href=""https://tiktok.com/@funny.podcasttop"" target=""_blank"">@funny.podcasttop</a>",22,10,50.925,0.96,6,64,0,920.2,32.8,0.1,0.8
"<a href=""https://tiktok.com/@g.in.cgn"" target=""_blank"">@g.in.cgn</a>",86,4,49.625,1,2,16,0,3108.75,166.25,2,0.25
"<a href=""https://tiktok.com/@gabriele.weber5"" target=""_blank"">@gabriele.weber5</a>",113,5,46.625,0.833,1,8,0,1979.25,35.25,1,1.625
"<a href=""https://tiktok.com/@gclqse"" target=""_blank"">@gclqse</a>",73,5,47.78,0.933,5,47,0.001,1240.8,16.2,0,0
"<a href=""https://tiktok.com/@gduhx01"" target=""_blank"">@gduhx01</a>",4,9,57.853,0.95,5,50,0,3347.222,93.111,1,1.778
"<a href=""https://tiktok.com/@geievertu8"" target=""_blank"">@geievertu8</a>",43,8,58.607,0.901,5,55,0,338.5,17.75,0.125,0.5
"<a href=""https://tiktok.com/@gerkeselen06"" target=""_blank"">@gerkeselen06</a>",54,8,80.125,0.857,1,8,0,942.875,65.125,0.625,2.25
"<a href=""https://tiktok.com/@gf.nj97"" target=""_blank"">@gf.nj97</a>",43,9,57.115,0.938,7,65,0,3628.333,192.556,3.333,5.889
"<a href=""https://tiktok.com/@gfg6705"" target=""_blank"">@gfg6705</a>",24,7,51.5,0.857,1,10,0,903.571,26.286,0.286,0.429
"<a href=""https://tiktok.com/@gfjch34"" target=""_blank"">@gfjch34</a>",42,10,53.761,0.889,3,33,0,1603.3,127.8,0.8,1.4
"<a href=""https://tiktok.com/@ggg.hgfc"" target=""_blank"">@ggg.hgfc</a>",2,10,50.02,0.967,5,48,0,827,29.5,1,1
"<a href=""https://tiktok.com/@ghhj8554"" target=""_blank"">@ghhj8554</a>",77,13,67.755,0.865,4,93,0,1457.231,46.231,0.615,0.769
"<a href=""https://tiktok.com/@ghsg7ezec9"" target=""_blank"">@ghsg7ezec9</a>",37,9,92.375,0.833,1,8,0,515.778,8.667,0,0
"<a href=""https://tiktok.com/@gichiecemila"" target=""_blank"">@gichiecemila</a>",21,8,58.409,0.938,2,19,0,972.625,41.875,0.625,3.25
"<a href=""https://tiktok.com/@givi0331"" target=""_blank"">@givi0331</a>",75,15,72.596,0.952,3,85,0,338.133,13,0.067,0.2
"<a href=""https://tiktok.com/@gjbmtj6"" target=""_blank"">@gjbmtj6</a>",101,4,76.25,1,1,8,0,1316.4,48.4,0.8,0.2
"<a href=""https://tiktok.com/@gjgkho8"" target=""_blank"">@gjgkho8</a>",17,4,38.75,1,3,24,0,843.75,42.25,0,0
"<a href=""https://tiktok.com/@gkkfykjb"" target=""_blank"">@gkkfykjb</a>",19,3,77.625,1,1,8,0,1319.667,50,0.333,0.333
"<a href=""https://tiktok.com/@gour2295"" target=""_blank"">@gour2295</a>",83,6,67.417,1,2,36,0,1352.167,64.5,0.5,0.5
"<a href=""https://tiktok.com/@gutieyy7"" target=""_blank"">@gutieyy7</a>",43,10,49.508,0.909,4,42,0,2888.6,132.9,3.8,15.3
"<a href=""https://tiktok.com/@gvcchh3457"" target=""_blank"">@gvcchh3457</a>",15,4,54.188,1,4,32,0,1774.25,108.5,1.75,1
"<a href=""https://tiktok.com/@gxiiff3"" target=""_blank"">@gxiiff3</a>",3,8,48.75,1,1,8,0,3032.875,85.75,0.375,1.125
"<a href=""https://tiktok.com/@hajhsh12"" target=""_blank"">@hajhsh12</a>",17,7,36.594,1,3,31,0,657.429,38.571,1.143,6.286
"<a href=""https://tiktok.com/@hckcudh1"" target=""_blank"">@hckcudh1</a>",36,4,44.375,1,2,16,0,2578,159,1,0.75
"<a href=""https://tiktok.com/@hcodifb"" target=""_blank"">@hcodifb</a>",1,8,57.395,0.918,7,64,0,1033.1,66.2,0.1,2
"<a href=""https://tiktok.com/@hdbjx72"" target=""_blank"">@hdbjx72</a>",24,11,44.346,0.967,3,35,0,1104,36.727,0.727,0.182
"<a href=""https://tiktok.com/@hdha0995"" target=""_blank"">@hdha0995</a>",80,3,87,1,1,9,0,1705.667,61,1.667,0.333
"<a href=""https://tiktok.com/@hdhxh3484"" target=""_blank"">@hdhxh3484</a>",4,8,51.659,0.905,5,48,0,989.5,40.125,0.375,0
"<a href=""https://tiktok.com/@hdicok57"" target=""_blank"">@hdicok57</a>",105,6,58.25,1,1,8,0,17592.5,733.833,10.167,12.833
"<a href=""https://tiktok.com/@hdidkser0"" target=""_blank"">@hdidkser0</a>",43,7,58.221,0.975,5,48,0,1679.857,99.143,1.286,0.143
"<a href=""https://tiktok.com/@hdmjwo1"" target=""_blank"">@hdmjwo1</a>",73,3,58.111,1,3,27,0,755,23.333,0,0
"<a href=""https://tiktok.com/@hdr86575"" target=""_blank"">@hdr86575</a>",6,6,26.75,1,1,8,0,3073.333,51.5,0.833,0.5
"<a href=""https://tiktok.com/@hdryxd"" target=""_blank"">@hdryxd</a>",47,8,51.494,0.895,4,41,0,2794.25,103.875,7.375,3.625
"<a href=""https://tiktok.com/@hdvhds4"" target=""_blank"">@hdvhds4</a>",86,8,53.905,0.933,4,43,0,1369.5,99.25,0.75,0.375
"<a href=""https://tiktok.com/@hehs5037"" target=""_blank"">@hehs5037</a>",81,12,71.125,1,3,43,0,573.25,26,0.273,0.167
"<a href=""https://tiktok.com/@hhgghj8866"" target=""_blank"">@hhgghj8866</a>",15,4,41.625,1,6,48,0,1613.75,137.25,1.75,2
"<a href=""https://tiktok.com/@hidouo"" target=""_blank"">@hidouo</a>",73,6,62.422,0.944,3,51,0,745.667,20.667,0,0
"<a href=""https://tiktok.com/@hjbfgj67"" target=""_blank"">@hjbfgj67</a>",106,4,29.5,1,1,8,0,3605.75,157,10,15.5
"<a href=""https://tiktok.com/@hlnvan42749s"" target=""_blank"">@hlnvan42749s</a>",23,10,72.055,0.967,3,32,0.001,1225.2,19.8,0.4,1.5
"<a href=""https://tiktok.com/@hltuoq"" target=""_blank"">@hltuoq</a>",73,5,68.338,0.875,4,53,0,363.4,9.4,0,0
"<a href=""https://tiktok.com/@hnxy.seym"" target=""_blank"">@hnxy.seym</a>",110,8,67.558,0.952,3,26,0,3415.875,44.125,2,19.375
"<a href=""https://tiktok.com/@hojdmc"" target=""_blank"">@hojdmc</a>",74,12,16.102,0.958,6,117,0,1024.75,74.917,1.083,0.417
"<a href=""https://tiktok.com/@hotcool586"" target=""_blank"">@hotcool586</a>",22,10,46.562,0.917,4,40,0,1078.3,72.9,0,0.1
"<a href=""https://tiktok.com/@hsbuz8"" target=""_blank"">@hsbuz8</a>",32,7,46.701,0.9,2,17,0,2115.778,59.333,0.556,0.778
"<a href=""https://tiktok.com/@htjzwe4"" target=""_blank"">@htjzwe4</a>",92,8,12.125,1,1,8,0,3260.5,66.5,1.375,0.75
"<a href=""https://tiktok.com/@huangzonliyoan"" target=""_blank"">@huangzonliyoan</a>",19,3,77.625,1,1,8,0,1166,59.333,0,1.333
"<a href=""https://tiktok.com/@huanlyg"" target=""_blank"">@huanlyg</a>",17,4,39,1,3,24,0,1649,89,0,0
"<a href=""https://tiktok.com/@hullen.nguyen"" target=""_blank"">@hullen.nguyen</a>",5,9,65.777,0.897,4,43,0,2578.333,89.222,0.889,1.111
"<a href=""https://tiktok.com/@hwvrok"" target=""_blank"">@hwvrok</a>",91,8,23.083,1,2,24,0,8887,187.25,9,0.875
"<a href=""https://tiktok.com/@hxjdsj34"" target=""_blank"">@hxjdsj34</a>",86,5,51,1,2,16,0,1236,61.2,0.6,0.4
"<a href=""https://tiktok.com/@hzhdhs"" target=""_blank"">@hzhdhs</a>",86,5,61.824,0.944,3,25,0,1153.4,80.8,0.4,0.2
"<a href=""https://tiktok.com/@idpeoc"" target=""_blank"">@idpeoc</a>",73,6,54.583,1,4,63,0,280.167,7,0,0
"<a href=""https://tiktok.com/@ifkvkvo"" target=""_blank"">@ifkvkvo</a>",17,4,33.625,1,2,16,0,1155.5,49,0.5,0
"<a href=""https://tiktok.com/@ihgg5672"" target=""_blank"">@ihgg5672</a>",15,4,46.5,1,7,56,0,1130.75,87,3.25,2
"<a href=""https://tiktok.com/@iiuu553"" target=""_blank"">@iiuu553</a>",58,9,53.176,0.929,10,146,0,3912,77,1.444,0.444
"<a href=""https://tiktok.com/@ilges.estelwei"" target=""_blank"">@ilges.estelwei</a>",68,10,58.183,0.8,2,25,0,4166.1,27.9,1.3,0.7
"<a href=""https://tiktok.com/@injjzxvr"" target=""_blank"">@injjzxvr</a>",108,10,69.812,0.929,2,19,0,1889.5,21.143,0.786,0.929
"<a href=""https://tiktok.com/@irdc042"" target=""_blank"">@irdc042</a>",1,10,55.782,0.938,8,82,0,2439.6,171.1,1.6,2.7
"<a href=""https://tiktok.com/@isce0690"" target=""_blank"">@isce0690</a>",75,15,69.239,1,2,57,0,1152,55.333,0.2,0.733
"<a href=""https://tiktok.com/@isge0853"" target=""_blank"">@isge0853</a>",75,12,80.212,0.952,3,37,0,327.308,15.538,0.308,0.385
"<a href=""https://tiktok.com/@isgs5669"" target=""_blank"">@isgs5669</a>",75,10,82.95,0.857,2,20,0,313.357,10.214,0.143,0.143
"<a href=""https://tiktok.com/@isjsjs.nsndk"" target=""_blank"">@isjsjs.nsndk</a>",2,8,37.75,1,1,8,0,108492.5,2590.25,22.875,19.5
"<a href=""https://tiktok.com/@isni5392"" target=""_blank"">@isni5392</a>",22,9,52.625,1,1,8,0,921,27.556,0.333,1.333
"<a href=""https://tiktok.com/@itsstj2"" target=""_blank"">@itsstj2</a>",123,4,55,1,1,8,0,1011,80,1,1.25
"<a href=""https://tiktok.com/@j.uv586"" target=""_blank"">@j.uv586</a>",24,11,42.35,1,3,28,0,1643.615,43.769,0.231,0
"<a href=""https://tiktok.com/@jajsjsn56"" target=""_blank"">@jajsjsn56</a>",58,15,58.717,0.889,10,196,0,3442.067,89.533,0.867,0.667
"<a href=""https://tiktok.com/@jann.jacobs"" target=""_blank"">@jann.jacobs</a>",9,7,46.825,0.802,3,28,0,1190.286,22.857,0.714,0.857
"<a href=""https://tiktok.com/@jccj44506"" target=""_blank"">@jccj44506</a>",78,15,63.712,0.972,3,100,0,850.2,66.267,0.2,0.333
"<a href=""https://tiktok.com/@jdkckcj2"" target=""_blank"">@jdkckcj2</a>",5,8,74,1,2,16,0,2744.1,88.4,1.5,1.5
"<a href=""https://tiktok.com/@jdpdosj"" target=""_blank"">@jdpdosj</a>",1,10,60.365,1,6,61,0,400.3,13.8,0.8,0.3
"<a href=""https://tiktok.com/@jdpxorjf"" target=""_blank"">@jdpxorjf</a>",1,9,60.006,0.941,8,90,0,1799.5,114.7,1.3,1.2
"<a href=""https://tiktok.com/@jduchc"" target=""_blank"">@jduchc</a>",34,9,43,1,1,8,0,1351.222,74.556,1,1.444
"<a href=""https://tiktok.com/@jeffrey.hettinger"" target=""_blank"">@jeffrey.hettinger</a>",9,9,55.613,0.918,5,47,0,1335.111,27.444,0.667,3.889
"<a href=""https://tiktok.com/@jennifer.andrews353"" target=""_blank"">@jennifer.andrews353</a>",14,4,74.5,1,1,8,0,39288.25,2306.25,98,292.5
"<a href=""https://tiktok.com/@jfdd653"" target=""_blank"">@jfdd653</a>",6,8,57.991,0.72,3,28,0,2680.75,77.75,0.5,0.125
"<a href=""https://tiktok.com/@jfshjfd9530"" target=""_blank"">@jfshjfd9530</a>",34,10,43,1,1,8,0,1938.8,115.9,6.6,5.2
"<a href=""https://tiktok.com/@jfufrehcdh"" target=""_blank"">@jfufrehcdh</a>",1,8,52.304,0.949,8,76,0,2670.75,130.75,15.125,6.5
"<a href=""https://tiktok.com/@jg.vj19"" target=""_blank"">@jg.vj19</a>",22,9,46.829,0.897,3,25,0,1072.444,35.889,0,1
"<a href=""https://tiktok.com/@jianggushi40"" target=""_blank"">@jianggushi40</a>",41,8,58.111,1,1,9,0,337574,14981.125,219.2,144
"<a href=""https://tiktok.com/@jiqw8344"" target=""_blank"">@jiqw8344</a>",79,3,63.667,1,1,9,0,324.667,11,0.333,0
"<a href=""https://tiktok.com/@jkuy0534"" target=""_blank"">@jkuy0534</a>",78,15,61.72,0.972,3,95,0,760.067,36.6,0.067,0.2
"<a href=""https://tiktok.com/@jsosjxj8"" target=""_blank"">@jsosjxj8</a>",1,10,57.306,0.956,10,105,0,28094.5,484.8,1.4,5.7
"<a href=""https://tiktok.com/@jtcytxyzey"" target=""_blank"">@jtcytxyzey</a>",1,9,62.406,0.959,9,88,0,1117.667,67,1,1
"<a href=""https://tiktok.com/@juliosalazar229"" target=""_blank"">@juliosalazar229</a>",68,10,66.3,0.6,1,10,0,2858.7,62.9,0.8,1.8
"<a href=""https://tiktok.com/@jvhb240"" target=""_blank"">@jvhb240</a>",58,15,55.404,0.894,10,220,0,3598.667,70.467,0.467,1.067
"<a href=""https://tiktok.com/@jvtvc3"" target=""_blank"">@jvtvc3</a>",58,9,57.271,0.879,10,162,0,43277,1163.222,6,12.333
"<a href=""https://tiktok.com/@jwhe5192"" target=""_blank"">@jwhe5192</a>",80,3,87,1,1,9,0,755,57.667,1,0
"<a href=""https://tiktok.com/@kacbr2774"" target=""_blank"">@kacbr2774</a>",86,4,72.062,0.917,2,16,0,1158,34.75,1,0.25
"<a href=""https://tiktok.com/@karlamoran19677"" target=""_blank"">@karlamoran19677</a>",16,9,37.683,0.938,2,22,0,5448.6,47.2,1.2,1.6
"<a href=""https://tiktok.com/@kdywnty"" target=""_blank"">@kdywnty</a>",95,8,13.833,1,1,12,0,1514.875,46.875,0.625,0
"<a href=""https://tiktok.com/@kellie.perry2"" target=""_blank"">@kellie.perry2</a>",113,5,46.625,0.833,1,8,0,640.714,13.857,0,0.857
"<a href=""https://tiktok.com/@kfcn21"" target=""_blank"">@kfcn21</a>",105,7,58.25,1,1,8,0,159307.571,4370.857,279,2504.714
"<a href=""https://tiktok.com/@khanh.phukhh"" target=""_blank"">@khanh.phukhh</a>",67,8,30.056,0.938,2,18,0,1623.375,35.125,2.75,2.875
"<a href=""https://tiktok.com/@khfbou"" target=""_blank"">@khfbou</a>",74,9,16.471,0.985,6,84,0,1484.267,31.8,0,0.133
"<a href=""https://tiktok.com/@kiki.text"" target=""_blank"">@kiki.text</a>",13,4,53.75,1,1,8,0,528488.5,40418.25,1060.25,7945
"<a href=""https://tiktok.com/@krug011"" target=""_blank"">@krug011</a>",1,10,59.665,0.892,8,81,0,3055.7,210.5,3.1,24.6
"<a href=""https://tiktok.com/@ksndfmggf"" target=""_blank"">@ksndfmggf</a>",33,8,56,0.889,1,10,0,1031.333,76.111,0.444,0.444
"<a href=""https://tiktok.com/@ktsfyh"" target=""_blank"">@ktsfyh</a>",47,6,46,1,2,16,0,2897.167,158,1.833,1
"<a href=""https://tiktok.com/@kubjij"" target=""_blank"">@kubjij</a>",74,7,17.989,0.918,6,84,0,894.571,106.786,0.643,0.357
"<a href=""https://tiktok.com/@kuhar.clair6"" target=""_blank"">@kuhar.clair6</a>",26,9,39.333,0.556,1,9,0,1229.333,16.222,0,0.222
"<a href=""https://tiktok.com/@kungyhunksd"" target=""_blank"">@kungyhunksd</a>",48,3,65,1,1,9,0,300,1.667,0,0
"<a href=""https://tiktok.com/@labon.marenm"" target=""_blank"">@labon.marenm</a>",52,7,66.75,1,1,8,0,3225.444,157.778,0.556,37.111
"<a href=""https://tiktok.com/@labubu5252"" target=""_blank"">@labubu5252</a>",12,4,61.75,1,1,8,0,1858.5,64.5,1.75,0.25
"<a href=""https://tiktok.com/@laim1073"" target=""_blank"">@laim1073</a>",40,8,50.667,0.875,1,9,0,365.5,13.5,0,0.25
"<a href=""https://tiktok.com/@landscape5670"" target=""_blank"">@landscape5670</a>",47,9,64.396,0.889,6,52,0,2729.6,216.6,1.4,1.4
"<a href=""https://tiktok.com/@lanora.haskely"" target=""_blank"">@lanora.haskely</a>",67,9,46.5,1,1,10,0,1596.6,44.1,1.9,3.4
"<a href=""https://tiktok.com/@lawgray3"" target=""_blank"">@lawgray3</a>",59,6,58.862,0.798,5,50,0,1533.667,65.667,0.5,0.5
"<a href=""https://tiktok.com/@lawrenceharvey54"" target=""_blank"">@lawrenceharvey54</a>",9,9,67.444,1,2,17,0,735.778,11.333,0.222,1
"<a href=""https://tiktok.com/@leoraf9"" target=""_blank"">@leoraf9</a>",89,8,26.125,0.857,2,16,0,23279.625,968.625,10.375,2.375
"<a href=""https://tiktok.com/@lhqitc"" target=""_blank"">@lhqitc</a>",73,6,72.429,0.944,3,41,0,769.167,15,0,0
"<a href=""https://tiktok.com/@liliana.owyngk"" target=""_blank"">@liliana.owyngk</a>",69,9,54.444,0.667,1,9,0,1613.1,73.8,1.2,1.7
"<a href=""https://tiktok.com/@lin689668987"" target=""_blank"">@lin689668987</a>",49,4,21.25,1,1,8,0,1280.25,41.25,1,0.25
"<a href=""https://tiktok.com/@liyyyang"" target=""_blank"">@liyyyang</a>",17,5,62.892,0.933,5,42,0,770.8,11.2,0.6,0
"<a href=""https://tiktok.com/@ljpjvh"" target=""_blank"">@ljpjvh</a>",91,6,15.75,1,2,20,0,41651.857,1581.571,13.571,4.571
"<a href=""https://tiktok.com/@lkur501352"" target=""_blank"">@lkur501352</a>",14,4,75.625,1,2,16,0,83113.75,8456.5,248,2199
"<a href=""https://tiktok.com/@lnppoe"" target=""_blank"">@lnppoe</a>",124,6,78.25,1,2,27,0,1017.667,39.333,3.833,1.833
"<a href=""https://tiktok.com/@loertschercalliso"" target=""_blank"">@loertschercalliso</a>",116,6,74.3,0.833,1,10,0,24405.167,185.833,3,0.833
"<a href=""https://tiktok.com/@long.arpin"" target=""_blank"">@long.arpin</a>",35,9,51.556,1,1,9,0,33526,1825.667,8.667,10
"<a href=""https://tiktok.com/@luet671136"" target=""_blank"">@luet671136</a>",23,8,70.172,0.826,2,19,0,729.125,38.875,0,0.125
"<a href=""https://tiktok.com/@luisina.riihimaki"" target=""_blank"">@luisina.riihimaki</a>",1,9,62.232,0.844,4,35,0,1718.111,116.111,2.667,8.444
"<a href=""https://tiktok.com/@lxjjc"" target=""_blank"">@lxjjc</a>",4,8,56.83,0.876,6,57,0,2461.1,76.1,0.3,1
"<a href=""https://tiktok.com/@m157pcokd1"" target=""_blank"">@m157pcokd1</a>",37,9,63.875,1,1,8,0,1838.111,42.556,5.111,1.222
"<a href=""https://tiktok.com/@maemeg7"" target=""_blank"">@maemeg7</a>",90,5,24.6,1,1,10,0,1173.8,80.8,1.4,1
"<a href=""https://tiktok.com/@manoj00764"" target=""_blank"">@manoj00764</a>",114,7,14.2,0.875,1,10,0,3896.286,50.714,3.571,0.429
"<a href=""https://tiktok.com/@mariencassano"" target=""_blank"">@mariencassano</a>",116,6,90.1,0.833,1,10,0,24580.333,174,2.333,1
"<a href=""https://tiktok.com/@marisol.rath"" target=""_blank"">@marisol.rath</a>",9,9,51.042,0.952,3,24,0,1177.5,27.3,0.9,3.3
"<a href=""https://tiktok.com/@marjoriecarrie0525"" target=""_blank"">@marjoriecarrie0525</a>",9,9,45.933,0.97,3,36,0,658,14.222,0.222,0.444
"<a href=""https://tiktok.com/@markryan688"" target=""_blank"">@markryan688</a>",72,5,24.75,1,1,8,0,4329.625,100.875,4.5,1.125
"<a href=""https://tiktok.com/@mee00819"" target=""_blank"">@mee00819</a>",114,6,14.2,0.875,1,10,0,16532.667,116.167,2.167,1.167
"<a href=""https://tiktok.com/@mfoxkcpjsoesmpki"" target=""_blank"">@mfoxkcpjsoesmpki</a>",23,9,55,1,1,9,0,2004.444,51,2.556,7.222
"<a href=""https://tiktok.com/@miss.bordner"" target=""_blank"">@miss.bordner</a>",5,9,58.224,0.875,3,34,0,1896.333,101.667,0.889,0.778
"<a href=""https://tiktok.com/@mmhpbybt"" target=""_blank"">@mmhpbybt</a>",108,14,75,1,1,11,0,2646.357,32.857,7.286,0.357
"<a href=""https://tiktok.com/@mnabkkop"" target=""_blank"">@mnabkkop</a>",57,6,43,1,1,8,0,3536.667,52.111,2.222,1.889
"<a href=""https://tiktok.com/@mong.khuu"" target=""_blank"">@mong.khuu</a>",9,10,52.779,0.939,5,55,0,1614.2,40.5,0.3,4.2
"<a href=""https://tiktok.com/@msfsgvsvcsdfsadsa"" target=""_blank"">@msfsgvsvcsdfsadsa</a>",23,8,52.279,0.933,4,38,0,848.125,27.625,1.25,2.875
"<a href=""https://tiktok.com/@mua29840"" target=""_blank"">@mua29840</a>",44,6,61.056,0.857,2,17,0,4236,272.667,8.833,11.833
"<a href=""https://tiktok.com/@mxvgdscsdfvcsdfsd"" target=""_blank"">@mxvgdscsdfvcsdfsd</a>",23,7,60,0.903,3,24,0,878.714,25.857,0.143,0.286
"<a href=""https://tiktok.com/@nassralanijw1hlg"" target=""_blank"">@nassralanijw1hlg</a>",61,4,55.5,0.8,1,8,0,1182.6,84.2,1,0.6
"<a href=""https://tiktok.com/@ncjfhyrsdj"" target=""_blank"">@ncjfhyrsdj</a>",87,5,20.9,0.929,2,18,0,600,17.2,0.2,0
"<a href=""https://tiktok.com/@ncsfo3287"" target=""_blank"">@ncsfo3287</a>",86,6,47.042,0.958,4,33,0,1689.286,82.429,0.714,0.571
"<a href=""https://tiktok.com/@ndmsl15"" target=""_blank"">@ndmsl15</a>",121,4,27.75,1,1,8,0,117402.75,5395.5,14,28.25
"<a href=""https://tiktok.com/@ndork4782"" target=""_blank"">@ndork4782</a>",86,4,48.5,1,1,8,0,1202,65.25,1,0.5
"<a href=""https://tiktok.com/@nfyk.emma"" target=""_blank"">@nfyk.emma</a>",9,9,45.804,0.896,4,47,0,2296.111,64,0.444,6.222
"<a href=""https://tiktok.com/@ngeetjbwt"" target=""_blank"">@ngeetjbwt</a>",99,9,37.312,0.929,2,16,0,823.778,49.111,0.333,0.111
"<a href=""https://tiktok.com/@nhllos8"" target=""_blank"">@nhllos8</a>",89,5,22,0.714,1,8,0,1518,84.333,0.5,0.333
"<a href=""https://tiktok.com/@niyebuya"" target=""_blank"">@niyebuya</a>",71,7,49.222,0.875,1,9,0,6490.444,88.556,6.889,2.111
"<a href=""https://tiktok.com/@niyztc36975"" target=""_blank"">@niyztc36975</a>",23,8,70,1,1,9,0,2171,70.125,5.75,7.125
"<a href=""https://tiktok.com/@njjyaey5"" target=""_blank"">@njjyaey5</a>",102,4,11,1,1,8,0,1054.667,45.667,2,0
"<a href=""https://tiktok.com/@nmkv7803"" target=""_blank"">@nmkv7803</a>",107,4,31.25,1,1,8,0,1555.5,113.25,2,8.75
"<a href=""https://tiktok.com/@nqkwvc"" target=""_blank"">@nqkwvc</a>",90,8,24.6,1,1,10,0,1609.625,80.25,1.5,0
"<a href=""https://tiktok.com/@ntijbfvwvlj126"" target=""_blank"">@ntijbfvwvlj126</a>",21,8,67.371,1,3,27,0,13174.75,128.75,0.875,18.625
"<a href=""https://tiktok.com/@ntpblw"" target=""_blank"">@ntpblw</a>",73,6,59.64,0.967,5,51,0.001,657.667,21.167,0.167,0.333
"<a href=""https://tiktok.com/@objlhmtjemu"" target=""_blank"">@objlhmtjemu</a>",73,4,53.25,0.667,1,12,0,605.667,18.667,0,0.167
"<a href=""https://tiktok.com/@oidufc"" target=""_blank"">@oidufc</a>",102,6,11.625,1,2,16,0,1623.667,41.167,0.5,0
"<a href=""https://tiktok.com/@ojbkhhh2"" target=""_blank"">@ojbkhhh2</a>",22,10,66.297,0.891,5,50,0,1440.3,44.1,0.3,0.5
"<a href=""https://tiktok.com/@ojkmss"" target=""_blank"">@ojkmss</a>",73,6,66.492,0.958,4,51,0,572.333,14.167,0,0
"<a href=""https://tiktok.com/@okay11732"" target=""_blank"">@okay11732</a>",77,12,77.423,0.929,4,88,0,2028.5,65.286,0.5,0.857
"<a href=""https://tiktok.com/@okhgf567"" target=""_blank"">@okhgf567</a>",15,4,42.5,1,1,8,0,1050.75,60.25,2.25,1
"<a href=""https://tiktok.com/@oljclk"" target=""_blank"">@oljclk</a>",91,7,15.333,1,2,20,0,2214.25,55.625,0.75,0
"<a href=""https://tiktok.com/@olrsyrt7"" target=""_blank"">@olrsyrt7</a>",7,4,19.5,1,1,8,0,1939.833,37.667,0.5,0
"<a href=""https://tiktok.com/@onel.ellamae"" target=""_blank"">@onel.ellamae</a>",115,6,36.226,0.917,2,23,0,1737.333,12.167,1.167,0.167
"<a href=""https://tiktok.com/@opgse4909"" target=""_blank"">@opgse4909</a>",84,8,63.199,0.9,9,92,0,847.375,47.125,0.25,0.25
"<a href=""https://tiktok.com/@owuhwh"" target=""_blank"">@owuhwh</a>",123,4,28.75,1,1,8,0,18424,680.5,5.75,6.75
"<a href=""https://tiktok.com/@oxkympku"" target=""_blank"">@oxkympku</a>",112,6,53.558,0.963,3,31,0,4935.167,45,0.333,11.833
"<a href=""https://tiktok.com/@pbpktw"" target=""_blank"">@pbpktw</a>",73,6,63.235,0.889,6,86,0,579.5,23.5,0.5,0.167
"<a href=""https://tiktok.com/@pehcpohz"" target=""_blank"">@pehcpohz</a>",108,10,47.625,1,1,8,0,1247.417,16.25,1.5,0.417
"<a href=""https://tiktok.com/@pfigfwdyh2huxc"" target=""_blank"">@pfigfwdyh2huxc</a>",107,4,31.25,1,1,8,0,1718,108.5,5.5,7.75
"<a href=""https://tiktok.com/@phong.ngoc76"" target=""_blank"">@phong.ngoc76</a>",70,10,47.272,0.938,4,42,0,6878.4,87.7,2.1,2.2
"<a href=""https://tiktok.com/@prbnac"" target=""_blank"">@prbnac</a>",73,4,62.667,1,3,27,0,555.333,19,0,0.667
"<a href=""https://tiktok.com/@prdtbykvhr1rjl"" target=""_blank"">@prdtbykvhr1rjl</a>",20,6,36.674,0.833,2,17,0,2230.667,45,1,1.833
"<a href=""https://tiktok.com/@prtnr8"" target=""_blank"">@prtnr8</a>",43,8,54.858,0.902,3,30,0,3612.75,188.875,1.5,6.375
"<a href=""https://tiktok.com/@puhrra"" target=""_blank"">@puhrra</a>",73,5,50.198,0.778,3,41,0,538.6,27,0.2,0.2
"<a href=""https://tiktok.com/@pxibi018"" target=""_blank"">@pxibi018</a>",32,3,38.778,1,1,9,0,1624,34.556,0.111,0.667
"<a href=""https://tiktok.com/@qazwsx8014"" target=""_blank"">@qazwsx8014</a>",14,4,76.75,1,1,8,0,560.5,33.5,1,1
"<a href=""https://tiktok.com/@qdcieh"" target=""_blank"">@qdcieh</a>",74,12,18.059,0.965,6,117,0,1293.75,62.583,0.417,0.167
"<a href=""https://tiktok.com/@qigqtm"" target=""_blank"">@qigqtm</a>",73,6,67.175,0.967,5,50,0.001,245.167,7,0,0
"<a href=""https://tiktok.com/@qlkvahinq1huog"" target=""_blank"">@qlkvahinq1huog</a>",11,4,57.75,1,2,16,0,3045.25,191.25,6,22
"<a href=""https://tiktok.com/@quincyshop08"" target=""_blank"">@quincyshop08</a>",1,9,57.6,0.896,8,73,0,3361.222,112.333,4.444,12.444
"<a href=""https://tiktok.com/@qvcka2481"" target=""_blank"">@qvcka2481</a>",84,4,32.819,0.845,2,17,0,2015.5,49.25,0.25,0.25
"<a href=""https://tiktok.com/@reddit_grayson99"" target=""_blank"">@reddit_grayson99</a>",74,12,19.512,0.986,6,126,0,1636,90.5,0.167,0.25
"<a href=""https://tiktok.com/@reddit_hunt"" target=""_blank"">@reddit_hunt</a>",74,9,16.269,0.921,6,99,0,1036.667,64.556,0.222,0.889
"<a href=""https://tiktok.com/@reddit_ignatius8"" target=""_blank"">@reddit_ignatius8</a>",124,6,69.667,1,2,18,0,8955.667,146.167,6.333,10.5
"<a href=""https://tiktok.com/@redditpov6"" target=""_blank"">@redditpov6</a>",16,10,51.865,0.955,2,28,0,17443.5,228.7,2.1,19.7
"<a href=""https://tiktok.com/@refine74"" target=""_blank"">@refine74</a>",92,6,12.125,1,1,8,0,1221.167,79.333,0.833,0.667
"<a href=""https://tiktok.com/@rfgfghf1"" target=""_blank"">@rfgfghf1</a>",116,6,82.2,0.833,2,20,0,30107.667,160.667,4.333,1.333
"<a href=""https://tiktok.com/@rohingyao"" target=""_blank"">@rohingyao</a>",47,10,52.229,0.872,7,70,0,2211.3,134.4,4.2,1.1
"<a href=""https://tiktok.com/@rosacasey65"" target=""_blank"">@rosacasey65</a>",43,10,58.809,0.925,8,81,0,2469.2,98.5,2.2,1.5
"<a href=""https://tiktok.com/@rosantspssu"" target=""_blank"">@rosantspssu</a>",56,6,35.444,1,1,9,0,3905.571,117.857,1.571,3.143
"<a href=""https://tiktok.com/@rrwtqoji8v5"" target=""_blank"">@rrwtqoji8v5</a>",23,8,52.454,0.885,9,88,0,1490.75,55.625,0,0.5
"<a href=""https://tiktok.com/@rvmmmy"" target=""_blank"">@rvmmmy</a>",101,6,45.25,1,3,24,0,1840.833,61.833,1.333,0.333
"<a href=""https://tiktok.com/@ryllskayaqing"" target=""_blank"">@ryllskayaqing</a>",33,9,39.25,0.875,1,8,0,1113.2,102.6,1.7,0.8
"<a href=""https://tiktok.com/@sasapco"" target=""_blank"">@sasapco</a>",47,9,57.907,0.901,6,59,0,2262.778,164.444,1.222,1
"<a href=""https://tiktok.com/@satsyou"" target=""_blank"">@satsyou</a>",46,8,62.15,0.887,2,19,0,3025.444,164.889,2.333,3
"<a href=""https://tiktok.com/@scndqxjyehg"" target=""_blank"">@scndqxjyehg</a>",23,9,65.773,0.951,5,50,0,2242.556,69.556,2,7.333
"<a href=""https://tiktok.com/@scoolpodcast"" target=""_blank"">@scoolpodcast</a>",22,8,59.55,0.917,4,36,0,840.4,29.1,0.2,0.5
"<a href=""https://tiktok.com/@scqf.cvdv"" target=""_blank"">@scqf.cvdv</a>",112,6,55.487,0.842,3,32,0,1173.833,24.167,0.333,3.167
"<a href=""https://tiktok.com/@sdsdyou"" target=""_blank"">@sdsdyou</a>",47,10,32.208,0.944,3,28,0,4949.4,266.9,2.9,2.3
"<a href=""https://tiktok.com/@seile.rian"" target=""_blank"">@seile.rian</a>",59,3,47.125,0.9,2,16,0,3691.333,40.333,0,0
"<a href=""https://tiktok.com/@sharleen.howard"" target=""_blank"">@sharleen.howard</a>",4,9,56.889,0.974,8,83,0,12018,340.667,2.667,68.222
"<a href=""https://tiktok.com/@shbsdd2"" target=""_blank"">@shbsdd2</a>",124,6,77.25,1,2,27,0,2886,59.5,4.833,4.167
"<a href=""https://tiktok.com/@shgj33"" target=""_blank"">@shgj33</a>",4,9,57.598,0.958,6,59,0,2019.333,59.889,0.111,0.333
"<a href=""https://tiktok.com/@shuj977"" target=""_blank"">@shuj977</a>",27,9,52.818,0.875,2,22,0,1003.333,43.556,0.444,0.111
"<a href=""https://tiktok.com/@shuy742"" target=""_blank"">@shuy742</a>",25,10,44.591,0.904,4,52,0,616.7,13.5,0.2,0.3
"<a href=""https://tiktok.com/@shvchjds"" target=""_blank"">@shvchjds</a>",46,9,68.5,1,1,12,0,3702.5,147.2,4.6,8.5
"<a href=""https://tiktok.com/@sidjjd79"" target=""_blank"">@sidjjd79</a>",22,10,44.375,0.925,6,57,0,732.7,28.5,0.1,0.1
"<a href=""https://tiktok.com/@sillerhaha34"" target=""_blank"">@sillerhaha34</a>",20,7,45.799,0.875,2,17,0,2383.143,55.286,0.286,0
"<a href=""https://tiktok.com/@sjjssjs151"" target=""_blank"">@sjjssjs151</a>",2,9,67.682,0.85,2,24,0,9088.5,269,2.7,10.4
"<a href=""https://tiktok.com/@skunk.robinsong"" target=""_blank"">@skunk.robinsong</a>",53,10,60.067,0.944,2,22,0,1452.7,103,2.4,4.4
"<a href=""https://tiktok.com/@sncoe4910"" target=""_blank"">@sncoe4910</a>",85,6,40.875,1,1,8,0,1386.5,29.333,0.667,0
"<a href=""https://tiktok.com/@snoshsj"" target=""_blank"">@snoshsj</a>",86,5,47.13,1,3,26,0,1098.8,46.2,0,0.2
"<a href=""https://tiktok.com/@solhvsnhwilbg"" target=""_blank"">@solhvsnhwilbg</a>",11,4,34,1,2,16,0,35551.5,500.5,28.25,25
"<a href=""https://tiktok.com/@sqifhw"" target=""_blank"">@sqifhw</a>",73,6,69.053,0.867,5,60,0.001,1511,30.833,0.167,0
"<a href=""https://tiktok.com/@srepabble5758"" target=""_blank"">@srepabble5758</a>",21,8,62.35,0.952,3,26,0,5433.125,100.875,0.5,2.625
"<a href=""https://tiktok.com/@stien.lindag"" target=""_blank"">@stien.lindag</a>",53,8,64.8,0.889,1,10,0,2116.5,141.875,0.875,0.5
"<a href=""https://tiktok.com/@stoyouh"" target=""_blank"">@stoyouh</a>",47,9,53.617,0.871,4,39,0,6946.556,151.333,2.333,0.444
"<a href=""https://tiktok.com/@stvhfhj"" target=""_blank"">@stvhfhj</a>",46,8,56.958,0.887,2,21,0,4258.25,128.75,1.25,6
"<a href=""https://tiktok.com/@sug7994"" target=""_blank"">@sug7994</a>",25,9,52.117,0.97,3,40,0,539.444,11.222,0,0.222
"<a href=""https://tiktok.com/@sumroo.786"" target=""_blank"">@sumroo.786</a>",62,6,85.427,0.875,2,32,0,1325.167,147.333,8.667,4
"<a href=""https://tiktok.com/@sun.lilym"" target=""_blank"">@sun.lilym</a>",68,9,50.067,1,1,15,0,2910.444,64.778,0.222,0.778
"<a href=""https://tiktok.com/@susv0936"" target=""_blank"">@susv0936</a>",75,15,76.02,0.929,4,72,0,641.2,40.067,0.2,0.533
"<a href=""https://tiktok.com/@sweet_driver120"" target=""_blank"">@sweet_driver120</a>",60,4,98.778,1,1,9,0,4890.417,482.583,37.333,6.083
"<a href=""https://tiktok.com/@symg.ynyp"" target=""_blank"">@symg.ynyp</a>",111,9,55.667,0.95,2,27,0,887.778,7.222,0.111,0.667
"<a href=""https://tiktok.com/@szgrss3"" target=""_blank"">@szgrss3</a>",118,8,52.278,1,3,28,0,2116.75,32.875,1.25,0.625
"<a href=""https://tiktok.com/@tetel4962"" target=""_blank"">@tetel4962</a>",75,11,83.456,0.783,3,38,0,464.417,12.75,0.333,0.25
"<a href=""https://tiktok.com/@text690"" target=""_blank"">@text690</a>",47,7,50.95,0.857,2,20,0,4841.125,161.125,5.125,3.375
"<a href=""https://tiktok.com/@texting592"" target=""_blank"">@texting592</a>",16,10,36.381,0.892,2,26,0,3970.2,36.5,1.1,1.4
"<a href=""https://tiktok.com/@textmessagek"" target=""_blank"">@textmessagek</a>",20,8,68.778,0.938,2,18,0,769.125,20,0.375,0.75
"<a href=""https://tiktok.com/@texts178"" target=""_blank"">@texts178</a>",47,9,46.9,0.625,1,10,0,3797.556,135.778,17.222,3.667
"<a href=""https://tiktok.com/@textstory781"" target=""_blank"">@textstory781</a>",47,8,88.7,1,1,10,0,4994.889,204,12.333,7.667
"<a href=""https://tiktok.com/@tiffanystory8"" target=""_blank"">@tiffanystory8</a>",56,5,62.375,1,1,8,0,2554.857,76.286,1,0.571
"<a href=""https://tiktok.com/@tiwakp1"" target=""_blank"">@tiwakp1</a>",73,3,65.833,1,2,18,0,724.333,18.333,0,0
"<a href=""https://tiktok.com/@tk168877jd0"" target=""_blank"">@tk168877jd0</a>",11,4,60.75,1,4,32,0,1855.25,80.5,1.75,2.5
"<a href=""https://tiktok.com/@tkfjfjjrj"" target=""_blank"">@tkfjfjjrj</a>",2,9,59.273,0.8,1,11,0,2310.3,72.6,0.7,1.7
"<a href=""https://tiktok.com/@todaysfriendshow4"" target=""_blank"">@todaysfriendshow4</a>",25,13,41.698,0.907,3,29,0,1737.385,29.308,0.308,0.154
"<a href=""https://tiktok.com/@topi.khatun6"" target=""_blank"">@topi.khatun6</a>",32,4,54.625,0.8,1,8,0,1292.556,36.667,0.111,0
"<a href=""https://tiktok.com/@touab4277"" target=""_blank"">@touab4277</a>",94,5,58.255,0.921,3,28,0,1359,74.8,0,0.4
"<a href=""https://tiktok.com/@tri.nguyenw"" target=""_blank"">@tri.nguyenw</a>",69,12,54.444,0.667,1,9,0,1821.154,23.538,0.385,0.538
"<a href=""https://tiktok.com/@tugx2917"" target=""_blank"">@tugx2917</a>",75,15,80.358,0.944,4,66,0,725.133,20.333,0.2,0.267
"<a href=""https://tiktok.com/@ubhutfrx"" target=""_blank"">@ubhutfrx</a>",1,9,57.144,0.906,8,73,0,1717.444,56,0.889,0.556
"<a href=""https://tiktok.com/@ubzg6170"" target=""_blank"">@ubzg6170</a>",23,8,76,1,1,8,0,1095.333,39.889,0.333,0
"<a href=""https://tiktok.com/@ucmanprodl1"" target=""_blank"">@ucmanprodl1</a>",23,8,51.019,0.914,6,53,0,975.375,23.125,0.625,2
"<a href=""https://tiktok.com/@uehjkb3487"" target=""_blank"">@uehjkb3487</a>",15,4,40.875,1,4,32,0,1814.75,34.25,7.25,49.75
"<a href=""https://tiktok.com/@ufsc8075"" target=""_blank"">@ufsc8075</a>",81,9,67.583,0.917,2,33,0,1041,39.083,0.333,0.667
"<a href=""https://tiktok.com/@uiavao.bskvai"" target=""_blank"">@uiavao.bskvai</a>",2,10,55.057,0.85,2,19,0,1605.1,33.5,1.5,0.5
"<a href=""https://tiktok.com/@ujrrrsq"" target=""_blank"">@ujrrrsq</a>",73,3,66.583,1,4,35,0,290.667,9.667,0,0
"<a href=""https://tiktok.com/@ulrikesteuber"" target=""_blank"">@ulrikesteuber</a>",9,9,47.259,0.941,7,69,0,1008.556,16.778,0.333,0.667
"<a href=""https://tiktok.com/@uosnatiahwk"" target=""_blank"">@uosnatiahwk</a>",2,9,66.818,0.929,2,22,0,1537.1,57,1.2,0.9
"<a href=""https://tiktok.com/@uoxu.wcbk"" target=""_blank"">@uoxu.wcbk</a>",110,8,65.381,1,2,23,0,1221.333,10.889,0.111,1
"<a href=""https://tiktok.com/@uqmlmv"" target=""_blank"">@uqmlmv</a>",8,4,23,1,1,8,0,1044.75,57.5,0.25,0
"<a href=""https://tiktok.com/@urdu9708"" target=""_blank"">@urdu9708</a>",81,12,75.274,1,4,66,0,1148.833,47.333,0.333,0.417
"<a href=""https://tiktok.com/@user1610149210948"" target=""_blank"">@user1610149210948</a>",125,3,57.25,1,1,8,0,1522.333,60.667,0.333,2.667
"<a href=""https://tiktok.com/@user16909390140293"" target=""_blank"">@user16909390140293</a>",48,3,65,1,1,9,0,589.667,14.667,0.167,0
"<a href=""https://tiktok.com/@user19468614708518"" target=""_blank"">@user19468614708518</a>",29,7,44.65,0.889,2,24,0,2939.571,66.286,1.429,14
"<a href=""https://tiktok.com/@user216258287225"" target=""_blank"">@user216258287225</a>",21,8,75.5,1,1,8,0,5372.25,95,0.625,0.625
"<a href=""https://tiktok.com/@user2903556969068"" target=""_blank"">@user2903556969068</a>",30,8,52.782,0.889,2,21,0,1365,26.25,1,4.75
"<a href=""https://tiktok.com/@user2920462956526"" target=""_blank"">@user2920462956526</a>",29,7,84.25,1,1,8,0,2634.125,38.75,0.25,3.625
"<a href=""https://tiktok.com/@user2932993437321"" target=""_blank"">@user2932993437321</a>",31,8,52.5,0.875,1,10,0,1559.25,34.375,0,1.375
"<a href=""https://tiktok.com/@user3154950400581"" target=""_blank"">@user3154950400581</a>",42,10,57.042,0.958,4,44,0,2276.1,147.1,1.3,1.7
"<a href=""https://tiktok.com/@user33450120083591"" target=""_blank"">@user33450120083591</a>",73,6,67.668,0.875,4,42,0,531.167,16.167,0,0
"<a href=""https://tiktok.com/@user3357615163181"" target=""_blank"">@user3357615163181</a>",125,3,57.25,1,1,8,0,2890,145.333,1.333,2.667
"<a href=""https://tiktok.com/@user35634735100156"" target=""_blank"">@user35634735100156</a>",103,5,38.6,0.857,1,10,0,3468.375,79.875,1.25,7.5
"<a href=""https://tiktok.com/@user3758269061970"" target=""_blank"">@user3758269061970</a>",61,5,55.5,0.8,1,8,0,10841.429,295.429,2,8.857
"<a href=""https://tiktok.com/@user386963311513"" target=""_blank"">@user386963311513</a>",24,8,51.75,1,1,8,0,1217.625,21.625,0.75,4.75
"<a href=""https://tiktok.com/@user3909252607556"" target=""_blank"">@user3909252607556</a>",103,7,38.6,0.857,1,10,0,1584.375,38.75,0.375,3.75
"<a href=""https://tiktok.com/@user4148379047616"" target=""_blank"">@user4148379047616</a>",33,10,47.625,0.882,2,18,0,1395.2,63.9,0.3,0
"<a href=""https://tiktok.com/@user4181021201798"" target=""_blank"">@user4181021201798</a>",26,8,57.591,0.917,2,20,0,1252.125,21.75,1.125,2.5
"<a href=""https://tiktok.com/@user4187020248434"" target=""_blank"">@user4187020248434</a>",28,10,75.5,1,1,8,0,3052.9,46.3,0.6,0.8
"<a href=""https://tiktok.com/@user44761426985968"" target=""_blank"">@user44761426985968</a>",50,5,54,1,1,9,0,699.833,28.833,0.667,0.833
"<a href=""https://tiktok.com/@user4812092703961"" target=""_blank"">@user4812092703961</a>",23,9,48.035,0.854,2,17,0,1155.222,28.222,0,0.222
"<a href=""https://tiktok.com/@user50065457091245"" target=""_blank"">@user50065457091245</a>",29,6,48.844,0.882,2,19,0,5892.333,78.5,1,12.5
"<a href=""https://tiktok.com/@user5107401810761"" target=""_blank"">@user5107401810761</a>",15,4,53.321,1,7,56,0,5182.25,134,6.75,28.5
"<a href=""https://tiktok.com/@user5626060056906"" target=""_blank"">@user5626060056906</a>",1,10,56.613,0.935,12,128,0,2861.3,195.4,3.4,7.7
"<a href=""https://tiktok.com/@user59010441107517"" target=""_blank"">@user59010441107517</a>",29,8,61.213,0.921,3,31,0,2689,36.625,0,1.5
"<a href=""https://tiktok.com/@user6139676160240"" target=""_blank"">@user6139676160240</a>",51,6,50.778,1,1,9,0,1249.833,56,0.5,2.167
"<a href=""https://tiktok.com/@user6186701630842"" target=""_blank"">@user6186701630842</a>",30,8,44.743,0.944,2,24,0,1998.125,48.625,1,3.5
"<a href=""https://tiktok.com/@user66946725172477"" target=""_blank"">@user66946725172477</a>",51,6,50.778,1,1,9,0,908.5,39.5,0.667,1.5
"<a href=""https://tiktok.com/@user6922385284275"" target=""_blank"">@user6922385284275</a>",1,9,55.51,0.917,4,43,0,2235.111,89,3,1.667
"<a href=""https://tiktok.com/@user7166160034825"" target=""_blank"">@user7166160034825</a>",26,7,54.035,0.9,2,20,0,2557,40.857,0.143,2.571
"<a href=""https://tiktok.com/@user7605976152392"" target=""_blank"">@user7605976152392</a>",4,10,57.352,1,5,51,0,2268.7,61.3,0.6,1.4
"<a href=""https://tiktok.com/@user81444195333"" target=""_blank"">@user81444195333</a>",72,5,24.75,1,1,8,0,9687.8,140,6.2,5
"<a href=""https://tiktok.com/@user8508148033286"" target=""_blank"">@user8508148033286</a>",5,10,66.481,0.896,5,49,0,1930.7,82,1.7,1.6
"<a href=""https://tiktok.com/@user8653602093025"" target=""_blank"">@user8653602093025</a>",31,7,52.5,0.875,1,10,0,1567.625,50.625,0.875,2.75
"<a href=""https://tiktok.com/@user8794483655797"" target=""_blank"">@user8794483655797</a>",30,8,60.325,0.944,2,25,0,2290.75,43.25,0.5,4.5
"<a href=""https://tiktok.com/@user90458309763611"" target=""_blank"">@user90458309763611</a>",55,7,53.5,1,1,8,0,1177.429,80.714,0.286,0
"<a href=""https://tiktok.com/@user9141790504944"" target=""_blank"">@user9141790504944</a>",21,8,65.994,0.911,3,32,0,1220.875,19.125,0.375,0.25
"<a href=""https://tiktok.com/@user9545613515904"" target=""_blank"">@user9545613515904</a>",36,4,48.25,1,2,16,0,13464.75,527,7.5,14.75
"<a href=""https://tiktok.com/@user9724456321051"" target=""_blank"">@user9724456321051</a>",5,10,54.938,1,4,48,0,3240.4,79.5,0.5,0.5
"<a href=""https://tiktok.com/@username.12365478"" target=""_blank"">@username.12365478</a>",62,4,94.9,0.75,1,10,0,704.333,48.667,12.333,2.333
"<a href=""https://tiktok.com/@username.1545465"" target=""_blank"">@username.1545465</a>",63,5,100.667,0.8,1,12,0,48.833,7,1.333,0
"<a href=""https://tiktok.com/@username.64754675"" target=""_blank"">@username.64754675</a>",63,5,100.667,0.8,1,12,0,51.2,5.2,1.8,0
"<a href=""https://tiktok.com/@ushddhd11"" target=""_blank"">@ushddhd11</a>",44,6,65,0.714,1,8,0,812.5,25,2,3.5
"<a href=""https://tiktok.com/@usjg2117"" target=""_blank"">@usjg2117</a>",75,13,63.061,0.849,3,44,0,1007.4,50.933,0.533,0.8
"<a href=""https://tiktok.com/@v.if77"" target=""_blank"">@v.if77</a>",24,9,44.312,0.944,2,23,0,1904.111,58.889,0.333,0.111
"<a href=""https://tiktok.com/@vaigg0"" target=""_blank"">@vaigg0</a>",42,8,46.106,0.938,2,19,0,3970.25,168,4.5,20.75
"<a href=""https://tiktok.com/@vbn6106"" target=""_blank"">@vbn6106</a>",18,4,39.25,1,1,8,0,1478.25,74,0,0
"<a href=""https://tiktok.com/@verity.holland"" target=""_blank"">@verity.holland</a>",5,10,56.767,0.927,4,46,0,1604.2,77.2,1.8,0.5
"<a href=""https://tiktok.com/@vghf668"" target=""_blank"">@vghf668</a>",26,10,43.406,0.797,4,37,0,1177.5,51.8,0.5,0.1
"<a href=""https://tiktok.com/@video.of38"" target=""_blank"">@video.of38</a>",24,9,42.188,1,2,16,0,1622.9,37.2,0.4,0.2
"<a href=""https://tiktok.com/@vit.fuc"" target=""_blank"">@vit.fuc</a>",44,6,53.5,1,1,8,0,15007,318.667,65,58
"<a href=""https://tiktok.com/@vitsu.alec1"" target=""_blank"">@vitsu.alec1</a>",59,5,56.721,0.794,3,28,0,4187.8,102.6,4,1.6
"<a href=""https://tiktok.com/@viyjgiwk"" target=""_blank"">@viyjgiwk</a>",109,14,67.625,0.714,1,8,0,1941.133,25.467,1.267,0.867
"<a href=""https://tiktok.com/@vjed.dyay"" target=""_blank"">@vjed.dyay</a>",50,6,58.611,1,2,18,0,1185.333,63,0.667,0.833
"<a href=""https://tiktok.com/@vklwwb3"" target=""_blank"">@vklwwb3</a>",8,4,23,1,1,8,0,1475.5,87.25,0.75,1
"<a href=""https://tiktok.com/@vomfir2"" target=""_blank"">@vomfir2</a>",7,6,19.5,1,1,8,0,20370.5,753.167,4.5,2
"<a href=""https://tiktok.com/@vshwiy2868"" target=""_blank"">@vshwiy2868</a>",27,10,49.024,0.909,2,26,0,554.636,11.273,0.545,0.727
"<a href=""https://tiktok.com/@vsuau5"" target=""_blank"">@vsuau5</a>",122,4,66.625,1,2,16,0,1446.25,96.75,3.25,1.5
"<a href=""https://tiktok.com/@vxissvsb"" target=""_blank"">@vxissvsb</a>",96,6,39,1,1,8,0,1443.333,55.333,0.5,0.167
"<a href=""https://tiktok.com/@vynqcbfko7mylp"" target=""_blank"">@vynqcbfko7mylp</a>",20,10,69.183,0.808,5,41,0,12745.1,365.5,11.6,67.3
"<a href=""https://tiktok.com/@walke.lowe"" target=""_blank"">@walke.lowe</a>",70,10,35.188,0.933,3,41,0,19620.7,209.6,15.9,6.6
"<a href=""https://tiktok.com/@was07252"" target=""_blank"">@was07252</a>",39,9,52.889,0.875,1,9,0,7407.6,156.3,4.3,0.9
"<a href=""https://tiktok.com/@wbakf3819"" target=""_blank"">@wbakf3819</a>",94,5,60.803,0.875,2,20,0,273,5.6,0,0
"<a href=""https://tiktok.com/@wede35"" target=""_blank"">@wede35</a>",58,14,56.654,0.875,10,146,0,2452.143,74.214,0.714,2.714
"<a href=""https://tiktok.com/@wevbocr"" target=""_blank"">@wevbocr</a>",88,7,12.167,1,1,12,0,2346.143,50.571,0.857,0.143
"<a href=""https://tiktok.com/@wgslhe"" target=""_blank"">@wgslhe</a>",73,6,65.731,0.972,6,67,0,925.167,31.167,0.167,0.667
"<a href=""https://tiktok.com/@whcks2274"" target=""_blank"">@whcks2274</a>",84,3,34.389,1,2,18,0,1109,26.667,0.333,0
"<a href=""https://tiktok.com/@whitf.jaromy"" target=""_blank"">@whitf.jaromy</a>",55,9,53.5,1,1,8,0,1385,83.111,1,2.667
"<a href=""https://tiktok.com/@wiqg8225"" target=""_blank"">@wiqg8225</a>",75,14,82.742,0.883,2,47,0,590.571,31.786,0.214,0.071
"<a href=""https://tiktok.com/@wive0570"" target=""_blank"">@wive0570</a>",76,9,79.63,0.9,2,33,0,809.833,32.917,0.25,0.833
"<a href=""https://tiktok.com/@wndla4862"" target=""_blank"">@wndla4862</a>",84,3,30.167,1,2,18,0,819.667,28,0.333,0.333
"<a href=""https://tiktok.com/@wnxlr7248"" target=""_blank"">@wnxlr7248</a>",84,9,43.553,0.928,5,61,0,2747.667,63.889,3.111,0.111
"<a href=""https://tiktok.com/@wojta.or"" target=""_blank"">@wojta.or</a>",24,10,41.9,1,1,10,0,1717.769,66.769,0.615,0.231
"<a href=""https://tiktok.com/@woshilongaotian"" target=""_blank"">@woshilongaotian</a>",11,4,35.875,1,2,16,0,1037.5,32.75,1.5,0.75
"<a href=""https://tiktok.com/@woyaofadacai0"" target=""_blank"">@woyaofadacai0</a>",15,4,61.875,1,2,16,0,2181,76,4.25,1
"<a href=""https://tiktok.com/@wroe.edith6"" target=""_blank"">@wroe.edith6</a>",59,4,64.444,0.714,1,9,0,2711.75,53.25,0.5,1.5
"<a href=""https://tiktok.com/@wsfj4"" target=""_blank"">@wsfj4</a>",122,4,45.25,1,2,16,0,982.25,70.5,0.5,0.25
"<a href=""https://tiktok.com/@wss042"" target=""_blank"">@wss042</a>",39,9,52.889,0.875,1,9,0,2762.364,145.273,3.182,0.727
"<a href=""https://tiktok.com/@wss1066"" target=""_blank"">@wss1066</a>",41,7,58.111,1,1,9,0,3008.5,102.25,0.4,2.625
"<a href=""https://tiktok.com/@wuge2639"" target=""_blank"">@wuge2639</a>",75,13,80.722,0.897,4,60,0,425.643,15.857,0,0
"<a href=""https://tiktok.com/@xbnrp3166"" target=""_blank"">@xbnrp3166</a>",97,5,57.648,0.861,2,19,0,31091.6,1084.6,6,73.2
"<a href=""https://tiktok.com/@xbsijs1"" target=""_blank"">@xbsijs1</a>",85,8,57.778,1,1,9,0,1482.75,63.5,0.875,0.875
"<a href=""https://tiktok.com/@xchinaqueen5"" target=""_blank"">@xchinaqueen5</a>",64,5,89.636,0.8,1,11,0,632,26.5,2.5,0
"<a href=""https://tiktok.com/@xchinaqueen6"" target=""_blank"">@xchinaqueen6</a>",64,4,89.636,0.8,1,11,0,116.167,7,0.5,0.167
"<a href=""https://tiktok.com/@xhnle4779"" target=""_blank"">@xhnle4779</a>",85,11,45.43,1,3,28,0,1400.909,37.727,0.091,0.455
"<a href=""https://tiktok.com/@xihz9643"" target=""_blank"">@xihz9643</a>",82,8,39.308,1,1,13,0,835.625,30,0,1.875
"<a href=""https://tiktok.com/@xlhxhlxlh8"" target=""_blank"">@xlhxhlxlh8</a>",84,5,38.722,0.917,4,36,0,13077.4,709.4,8,1.6
"<a href=""https://tiktok.com/@xxii911"" target=""_blank"">@xxii911</a>",47,9,53.569,0.851,4,36,0,2210.8,100.3,1.8,0.9
"<a href=""https://tiktok.com/@yclp.pjfg"" target=""_blank"">@yclp.pjfg</a>",50,6,63.222,1,1,9,0,808.667,30.333,1.167,0
"<a href=""https://tiktok.com/@yelm.boor"" target=""_blank"">@yelm.boor</a>",70,9,43.953,0.937,3,41,0,9287.778,119,3.111,3
"<a href=""https://tiktok.com/@yiitsukb"" target=""_blank"">@yiitsukb</a>",43,10,54.858,0.96,4,46,0,1753.2,117.4,1.3,0.1
"<a href=""https://tiktok.com/@you.texts"" target=""_blank"">@you.texts</a>",46,10,61.983,0.887,2,19,0,5787.5,166.6,2.2,6.8
"<a href=""https://tiktok.com/@yourfavtwins0"" target=""_blank"">@yourfavtwins0</a>",86,7,62.568,0.972,4,38,0,1306.143,67.714,0,0
"<a href=""https://tiktok.com/@yowbc4277"" target=""_blank"">@yowbc4277</a>",97,9,60.688,0.833,2,16,0,3443.444,74.556,0.111,0.778
"<a href=""https://tiktok.com/@ysishhd7"" target=""_blank"">@ysishhd7</a>",42,9,62,0.896,2,20,0,1866.111,145.556,1.556,0.333
"<a href=""https://tiktok.com/@ytrq8081"" target=""_blank"">@ytrq8081</a>",77,15,72.738,1,2,71,0,1468.6,76,0.733,0.4
"<a href=""https://tiktok.com/@zbkte3678"" target=""_blank"">@zbkte3678</a>",99,5,56.875,1,1,8,0,655.857,16.571,0,0.143
"<a href=""https://tiktok.com/@zegtzgy"" target=""_blank"">@zegtzgy</a>",101,6,27.875,1,2,16,0,477.667,19.167,0.167,0.167
"<a href=""https://tiktok.com/@zsdx184"" target=""_blank"">@zsdx184</a>",58,8,54.645,0.876,10,140,0,11372.875,128.625,1,1.75
"<a href=""https://tiktok.com/@ztctmxt"" target=""_blank"">@ztctmxt</a>",88,7,12.167,1,1,12,0,2108.857,115.143,2,0
"<a href=""https://tiktok.com/@zvdkadppdgan"" target=""_blank"">@zvdkadppdgan</a>",106,4,29.5,1,1,8,0,1335.5,69,1.75,6.75
"<a href=""https://tiktok.com/@zvjsl"" target=""_blank"">@zvjsl</a>",123,4,41.875,1,2,16,0,38454,835,10.25,22.5
"<a href=""https://tiktok.com/@zxvb736"" target=""_blank"">@zxvb736</a>",58,9,57.401,0.901,10,147,0,9727.778,123.111,0.444,1.222
"<a href=""https://tiktok.com/@zyvk.yaoo"" target=""_blank"">@zyvk.yaoo</a>",110,9,67.279,1,3,29,0,4920.333,38.667,0.333,14.889
"<a href=""https://tiktok.com/@zzhjdj4"" target=""_blank"">@zzhjdj4</a>",17,4,47.583,1,3,24,0,1401.5,53.25,0,0
