"Network","Number of Accounts","Network Density","Network Diameter","Clustering Coefficient","Avg Views","Avg Likes","Avg Comments","Avg Shares","Member Accounts"
1,17,0.463,30,0.603,3721.242,132.127,2.529,4.987,"bmc12655, luisina.riihimaki, be.jkigv, irdc042, fughf21, jdpdosj, ubhutfrx, hcodifb, user5626060056906, jfufrehcdh, jsosjxj8, chantalkusch, quincyshop08, jtcytxyzey, krug011, jdpxorjf, user6922385284275"
2,7,0.381,32,0.375,17351.956,404.853,4.412,4.794,"isjsjs.nsndk, tkfjfjjrj, eb.bg7, ggg.hgfc, uiavao.bskvai, sjjssjs151, uosnatiahwk"
3,2,1,8,0,2537.824,81.471,0.824,2.765,"cp.eagdu, gxiiff3"
4,10,0.622,26,0.729,3199.739,110.326,0.859,8.163,"fduic5, shgj33, lxjjc, gduhx01, fcjjv86, sharleen.howard, aedgslpxjx, hdhxh3484, aedhdjcoof, user7605976152392"
5,8,0.536,24,0.467,3973.5,126.744,1.615,1.423,"cbjf05, user9724456321051, jdkckcj2, miss.bordner, hullen.nguyen, ayden.riverad, user8508148033286, verity.holland"
6,5,0.6,18,0.545,2551.805,80.488,0.951,0.902,"aedhdici, aedyckctu, fauy8466, hdr86575, jfdd653"
7,2,1,8,0,11155.167,395.417,2.5,1,"vomfir2, olrsyrt7"
8,2,1,8,0,1260.125,72.375,0.5,0.5,"vklwwb3, uqmlmv"
9,9,0.5,26,0.571,1187.683,26.829,0.451,2.39,"camilo.austin5, jann.jacobs, lawrenceharvey54, marisol.rath, jeffrey.hettinger, ulrikesteuber, nfyk.emma, marjoriecarrie0525, mong.khuu"
10,2,1,8,0,4640,123.25,5,4.125,"baobaobao7183, ancmleilrbge"
11,5,0.6,16,0.6,8545.1,173.25,8.05,10.95,"duidsifsogs, qlkvahinq1huog, tk168877jd0, solhvsnhwilbg, woshilongaotian"
12,4,0.5,24,0,1808.875,65.438,2.625,1.688,"labubu5252, baomeijing67, dddunkkftacnib, baobaiwan888"
13,2,1,8,0,264432.75,20213,530.25,3972.5,"kiki.text, ed.huahua3"
14,3,0.667,16,0,40987.5,3598.75,115.667,830.833,"jennifer.andrews353, lkur501352, qazwsx8014"
15,10,0.533,32,0.757,1871.2,84.075,3.325,11.375,"okhgf567, gvcchh3457, woyaofadacai0, user5107401810761, bxecxotdjfrvi, hhgghj8866, ihgg5672, fgjbgf4688, cbnhf5680, uehjkb3487"
16,3,1,16,1,8954.1,104.133,1.467,7.567,"karlamoran19677, redditpov6, texting592"
17,10,0.333,41,0.636,1021.82,46.92,0.42,1.04,"cjgbkbl, fijficvk, hajhsh12, liyyyang, huanlyg, gjgkho8, bkvhf1, ifkvkvo, adhhrrt, zzhjdj4"
18,2,1,8,0,1234.375,45.75,0.5,0.875,"fijglhhj, vbn6106"
19,2,1,8,0,1242.833,54.667,0.167,0.833,"gkkfykjb, huangzonliyoan"
20,6,0.467,17,0.429,7802.208,152.167,2.854,20.854,"vynqcbfko7mylp, brittanycarter1959, textmessagek, dbckgptxv7euiy, sillerhaha34, prdtbykvhr1rjl"
21,5,0.6,24,0.6,5234.725,77.125,0.6,5.075,"gichiecemila, ntijbfvwvlj126, user216258287225, srepabble5758, user9141790504944"
22,9,0.5,27,0.686,1008.212,35.341,0.247,0.847,"hotcool586, isni5392, ojbkhhh2, dadd.dhh7, scoolpodcast, funny.podcasttop, jg.vj19, fgjores, sidjjd79"
23,21,0.181,59,0.48,1672.032,53.454,1.265,3.978,"bsbwphji4xu, fevkuiq, buslmigf7dn, ale2r35, alejkityuoo, ayipald, msfsgvsvcsdfsadsa, rrwtqoji8v5, exmz856041, ale383279, anpebsaxgu9, ubzg6170, luet671136, hlnvan42749s, niyztc36975, ucmanprodl1, aleaa0249, scndqxjyehg, mfoxkcpjsoesmpki, user4812092703961, mxvgdscsdfvcsdfsd"
24,9,0.25,61,0.25,1558.275,49.264,0.516,1.703,"gfg6705, hdbjx72, v.if77, fhvf210, video.of38, berez.paulo, j.uv586, user386963311513, wojta.or"
25,5,0.7,26,0.8,1057.19,25.167,0.357,0.286,"sug7994, shuy742, bsih75, carbloggera, todaysfriendshow4"
26,5,0.5,19,0.375,1606,35.075,0.425,1.075,"kuhar.clair6, user7166160034825, user4181021201798, c.ts24, vghf668"
27,3,1,15,1,822,22.724,0.448,0.31,"bsjj8797, shuj977, vshwiy2868"
28,2,1,8,0,3017.333,56.111,2.056,14.556,"user4187020248434, cherry02561"
29,4,0.667,22,0.6,3397.103,53.034,0.621,7.379,"user19468614708518, user50065457091245, user2920462956526, user59010441107517"
30,3,1,14,1,1884.625,39.375,0.833,4.25,"user8794483655797, user6186701630842, user2903556969068"
31,2,1,10,0,1563.438,42.5,0.438,2.062,"user8653602093025, user2932993437321"
32,3,0.667,17,0,1677.444,43.519,0.259,0.481,"pxibi018, hsbuz8, topi.khatun6"
33,3,0.667,18,0,1185.034,81.034,0.828,0.414,"ksndfmggf, ryllskayaqing, user4148379047616"
34,2,1,8,0,1660.474,96.316,3.947,3.421,"jduchc, jfshjfd9530"
35,2,1,9,0,17595.722,973.556,5.444,5.5,"long.arpin, aedvziocjc"
36,3,1,8,1,6078.667,278.5,3.167,5.333,"hckcudh1, aedjxpxodj, user9545613515904"
37,3,0.667,16,0,2535.292,62.167,2.45,0.708,"ghsg7ezec9, m157pcokd1, chunyuan66"
38,2,1,8,0,52309.133,2183.733,18.778,9.6,"fklpls0ch5, cctvvjagu0"
39,2,1,9,0,4974.381,150.524,3.714,0.81,"wss042, was07252"
40,2,1,9,0,720.571,35.571,0.5,0.214,"laim1073, bawangchaji6"
41,2,1,9,0,170291.25,7541.688,109.8,73.312,"jianggushi40, wss1066"
42,5,0.6,23,0.545,2154.17,129.383,1.745,4.511,"chdg050, gfjch34, user3154950400581, vaigg0, ysishhd7"
43,10,0.556,27,0.73,3035.289,115.952,2.012,3.639,"geievertu8, cx.b28, hdidkser0, djm9r, gutieyy7, rosacasey65, gf.nj97, prtnr8, fjyukfjjf, yiitsukb"
44,5,0.4,33,0,4861.6,143.533,15.5,14.7,"emma.stonegis, fkfdnd, mua29840, ushddhd11, vit.fuc"
45,3,1,10,1,10002.367,85.9,1.6,1.567,"aeda1689, aed75787, aed3660"
46,5,0.5,31,0,4517.065,161.848,2.37,5.174,"fjjgdvx, stvhfhj, satsyou, shvchjds, you.texts"
47,14,0.308,38,0.442,3902.016,164.913,4.528,2.827,"textstory781, cagnhd, landscape5670, rohingyao, sasapco, texts178, sdsdyou, dtkwod, stoyouh, hdryxd, crtyougo, text690, ktsfyh, xxii911"
48,2,1,9,0,493.111,10.333,0.111,0,"user16909390140293, kungyhunksd"
49,2,1,8,0,3438.3,24.3,0.6,0.1,"fhkundshunk, lin689668987"
50,3,0.667,18,0,897.944,40.722,0.833,0.556,"user44761426985968, vjed.dyay, yclp.pjfg"
51,2,1,9,0,1079.167,47.75,0.583,1.833,"user66946725172477, user6139676160240"
52,2,1,8,0,2426.294,115.353,0.588,19.824,"labon.marenm, dell.oswink"
53,3,0.667,22,0,2140.5,126.269,1.615,3.115,"stien.lindag, skunk.robinsong, drape.ivoe"
54,2,1,8,0,1626.2,71.533,0.867,1.8,"fody.noachp, gerkeselen06"
55,2,1,8,0,1294.188,82.062,0.688,1.5,"user90458309763611, whitf.jaromy"
56,5,0.4,28,0,3299.686,96.2,1.886,2.914,"rosantspssu, fugfuj33, eudazpstrvf, danaobenkuil, tiffanystory8"
57,2,1,8,0,2744.111,54.944,1.611,1.5,"dvvsaag, mnabkkop"
58,11,1,31,1,7269.169,163.2,1.015,2.269,"aed0267, jvtvc3, jajsjsn56, cfdc18, iiuu553, jvhb240, wede35, zsdx184, aed2750, dthh824, zxvb736"
59,6,0.6,23,0.652,3335.321,65.429,1.071,0.821,"battl.kray, lawgray3, vitsu.alec1, benedossie2, seile.rian, wroe.edith6"
60,2,1,9,0,4217.389,418.722,30.056,9.611,"amazinggirl_120, sweet_driver120"
61,2,1,8,0,6816.917,207.417,1.583,5.417,"nassralanijw1hlg, user3758269061970"
62,4,0.5,57,0,1001.231,90.654,6.808,2.385,"china_cutegirl22, sumroo.786, chuma_g1, username.12365478"
63,2,1,12,0,49.909,6.182,1.545,0,"username.1545465, username.64754675"
64,2,1,11,0,374.083,16.75,1.5,0.083,"xchinaqueen5, xchinaqueen6"
65,2,1,8,0,1913.333,92.722,1.389,0.944,"aeddjgjttj, aedfdkpcjf"
66,2,1,8,0,1077,68.278,0.778,0.222,"aedvkrphk, aedfjats"
67,4,0.667,19,0.6,1739.571,46.229,1.371,2.229,"carlos.alberto.al886, lanora.haskely, khanh.phukhh, aseng.haymong"
68,3,0.667,25,0,3325.586,51.414,0.793,1.103,"ilges.estelwei, juliosalazar229, sun.lilym"
69,2,1,9,0,1730.696,45.391,0.739,1.043,"liliana.owyngk, tri.nguyenw"
70,5,0.7,22,0.8,9471.306,124.041,7.694,3.347,"cxd.shd, phong.ngoc76, cuc.thu243, walke.lowe, yelm.boor"
71,2,1,9,0,5276.211,76.895,4.316,1.474,"dddgggg63, niyebuya"
72,2,1,8,0,6390.462,115.923,5.154,2.615,"user81444195333, markryan688"
73,26,0.154,93,0.506,653.635,18.139,0.08,0.139,"bipiqo, hidouo, hltuoq, lhqitc, idpeoc, eqmhqf, pbpktw, bpgarp, puhrra, echrca, objlhmtjemu, prbnac, fjmphu, ojkmss, gclqse, fsaftn, ntpblw, arffug, dtbtcc8, qigqtm, hdmjwo1, tiwakp1, wgslhe, sqifhw, user33450120083591, ujrrrsq"
74,7,1,27,1,1211.191,68.73,0.382,0.281,"khfbou, ciojkb, kubjij, qdcieh, hojdmc, reddit_grayson99, reddit_hunt"
75,10,0.333,69,0.545,608.451,27.183,0.218,0.345,"givi0331, wiqg8225, usjg2117, susv0936, isce0690, tetel4962, isge0853, isgs5669, wuge2639, tugx2917"
76,3,1,28,1,902.452,32.738,0.452,1.381,"bkot6010, fhxk1941, wive0570"
77,6,0.8,55,0.846,1619.337,60.477,0.605,0.605,"ghhj8554, dijx3903, bvoo3130, fhda78402, okay11732, ytrq8081"
78,4,1,44,1,1023.917,51.55,0.133,0.367,"eiej4325, jccj44506, drgd8391, jkuy0534"
79,2,1,9,0,719.167,18.833,0.333,0.167,"fiurf9599, jiqw8344"
80,2,1,9,0,1230.333,59.333,1.333,0.167,"hdha0995, jwhe5192"
81,7,0.476,48,0.45,1292.265,41.988,0.321,0.301,"dhhi6645, hehs5037, cjire9104, cjur6297, fkir2290, ufsc8075, urdu9708"
82,3,0.667,23,0,2128.87,64.696,0.143,0.913,"fnnf8890, clirr5282, xihz9643"
83,3,1,18,1,1802,72.278,0.611,1.111,"coirf88774, courr1227, gour2295"
84,11,0.327,32,0.507,2630.424,97.729,1.424,0.271,"opgse4909, bxkke4723, fkird5848, qvcka2481, acsge1347, wnxlr7248, findjfd, anxkr2491, wndla4862, whcks2274, xlhxhlxlh8"
85,4,0.5,20,0,1192.2,36.4,0.371,0.343,"ducwk5858, xhnle4779, sncoe4910, xbsijs1"
86,13,0.282,37,0.493,1638.312,79.961,0.701,0.416,"avelina.asucen, ndork4782, snoshsj, hzhdhs, ncsfo3287, g.in.cgn, bxjzjsns0, hdvhds4, hxjdsj34, cjdjfcn, djisks96, kacbr2774, yourfavtwins0"
87,3,1,10,1,961.312,51.438,0.938,0.188,"bxjxhxt, duuff30, ncjfhyrsdj"
88,2,1,12,0,2227.5,82.857,1.429,0.071,"wevbocr, ztctmxt"
89,3,0.667,16,0,11108.278,487.389,4.889,1.333,"nhllos8, leoraf9, fteecfs"
90,2,1,10,0,1442,80.462,1.462,0.385,"maemeg7, nqkwvc"
91,3,1,12,1,16537.957,565.826,7.522,1.696,"hwvrok, ljpjvh, oljclk"
92,2,1,8,0,2386.5,72,1.143,0.714,"htjzwe4, refine74"
93,2,1,12,0,7659.733,246.467,4.333,1.4,"evfdmzl, bixukf"
94,4,0.833,17,0.75,2002.12,75.6,1.16,0.76,"anxdo3188, touab4277, baxor3828, wbakf3819"
95,2,1,12,0,116136.75,5996.375,17.375,49.812,"kdywnty, awmilke"
96,2,1,8,0,1609.077,64.077,0.615,0.308,"3jfofoed, vxissvsb"
97,4,0.833,16,0.75,8123.481,274.519,1.259,14.222,"1qwdjjd, bakaf3280, xbnrp3166, yowbc4277"
98,3,0.667,16,0,1365,84.222,0.833,0.389,"2thgkvjd, fjvbaa, 4hgkdjf"
99,4,0.5,24,0,1007.5,40.467,0.2,0.1,"zbkte3678, eyjxn8869, ngeetjbwt, ajcue9039"
100,2,1,8,0,4194.273,119.364,0.818,0.182,"11cjhggg, bzsksk1"
101,5,0.5,24,0.429,1510.296,39.741,1.037,0.37,"cjgmnl, dblbel, rvmmmy, gjbmtj6, zegtzgy"
102,3,0.667,16,0,1031.111,31.111,0.889,0.056,"cghwqj, oidufc, njjyaey5"
103,2,1,10,0,2526.375,59.312,0.812,5.625,"user3909252607556, user35634735100156"
104,2,1,8,0,1934.8,95.933,0.4,0.533,"aedditre, fensewenhaomao18"
105,2,1,8,0,93900.615,2692.231,154.923,1354.615,"hdicok57, kfcn21"
106,2,1,8,0,2470.625,113,5.875,11.125,"hjbfgj67, zvdkadppdgan"
107,2,1,8,0,1636.75,110.875,3.75,8.25,"nmkv7803, pfigfwdyh2huxc"
108,4,0.5,27,0,1890.909,21.582,2.545,0.527,"injjzxvr, awcc.jqhh, mmhpbybt, pehcpohz"
109,2,1,8,0,2593.552,26.897,1.517,3.034,"viyjgiwk, awbe.nevx"
110,4,0.833,18,0.75,3098.143,28.543,0.629,8.857,"uoxu.wcbk, epacjbrs, hnxy.seym, zyvk.yaoo"
111,3,1,15,1,2546.444,22.741,0.407,17.741,"chzk.uvuw, eumb.pcdw, symg.ynyp"
112,4,1,13,1,2431.833,24.625,0.208,5.792,"czhc.bkyd, oxkympku, ccvoyrnu, scqf.cvdv"
113,2,1,8,0,1354.6,25.267,0.533,1.267,"gabriele.weber5, kellie.perry2"
114,2,1,10,0,9728.462,80.923,2.923,0.769,"manoj00764, mee00819"
115,3,1,14,1,2523.222,18.556,0.778,0.278,"dheelquiet, dukes.cadenhead, onel.ellamae"
116,3,0.667,20,0,26364.389,173.5,3.222,1.056,"loertschercalliso, mariencassano, rfgfghf1"
117,3,0.667,16,0,5022.667,67.125,2.292,5.167,"dxvfsc, aedfxthg, fgzvj"
118,4,0.667,20,0.6,3383.562,46.906,1.375,3.344,"aed3496, aed3861, fgsfgx, szgrss3"
119,2,1,8,0,2708.214,47,2.286,0.857,"beckdodd1994, fjvfgn"
120,2,1,8,0,3728.312,55.812,3.812,5.5,"dfgasdfsert.dfrts, fdcgec3"
121,2,1,8,0,59212.25,2746.75,7.25,14.25,"ndmsl15, eyidk5"
122,3,1,8,1,1694.25,110.167,1.583,0.667,"vsuau5, dghhg372, wsfj4"
123,3,0.667,16,0,19296.333,531.833,5.667,10.167,"itsstj2, owuhwh, zvjsl"
124,4,0.667,18,0,3689.857,70.286,4.286,4.714,"lnppoe, reddit_ignatius8, djjehokxtu2, shbsdd2"
125,2,1,8,0,2206.167,103,0.833,2.667,"user1610149210948, user3357615163181"
