"Post URL","Network","Author","Timestamp","Number of Accounts","Views","Likes","Comments","Shares","Description"
"<a href=""https://www.tiktok.com/@a60500166577/video/7484386026912369928"" target=""_blank"" class=""btn btn-sm"" style=""background-color: #00926c; color: white; text-decoration: none; padding: 2px 8px; border-radius: 4px; font-size: 0.8em;"">View Post</a>",1,"a60500166577",2025-03-21 22:00:32,2,3219,232,9,17,"#ইসলামিক_ভিডিও_🤲🕋🤲 "
"<a href=""https://www.tiktok.com/@mafujaaktarr/video/7484382559770578183"" target=""_blank"" class=""btn btn-sm"" style=""background-color: #00926c; color: white; text-decoration: none; padding: 2px 8px; border-radius: 4px; font-size: 0.8em;"">View Post</a>",1,"mafujaaktarr",2025-03-21 21:46:59,2,171,37,1,3,"#ইসলামিক_ভিডিও_🤲🕋🤲 "
"<a href=""https://www.tiktok.com/@a60500166577/video/7484382511653768455"" target=""_blank"" class=""btn btn-sm"" style=""background-color: #00926c; color: white; text-decoration: none; padding: 2px 8px; border-radius: 4px; font-size: 0.8em;"">View Post</a>",1,"a60500166577",2025-03-21 21:46:49,2,217,68,6,1,"#ইসলামিক_ভিডিও_🤲🕋🤲 "
"<a href=""https://www.tiktok.com/@mafujaaktarr/video/7484382287296040210"" target=""_blank"" class=""btn btn-sm"" style=""background-color: #00926c; color: white; text-decoration: none; padding: 2px 8px; border-radius: 4px; font-size: 0.8em;"">View Post</a>",1,"mafujaaktarr",2025-03-21 21:45:59,2,34,17,1,3,"#ইসলামিক_ভিডিও_🤲🕋🤲 "
"<a href=""https://www.tiktok.com/@mafujaaktarr/video/7484381815675931912"" target=""_blank"" class=""btn btn-sm"" style=""background-color: #00926c; color: white; text-decoration: none; padding: 2px 8px; border-radius: 4px; font-size: 0.8em;"">View Post</a>",1,"mafujaaktarr",2025-03-21 21:44:08,2,155,26,1,3,"#ইসলামিক_ভিডিও_🤲🕋🤲 "
"<a href=""https://www.tiktok.com/@mafujaaktarr/video/7484381727469817106"" target=""_blank"" class=""btn btn-sm"" style=""background-color: #00926c; color: white; text-decoration: none; padding: 2px 8px; border-radius: 4px; font-size: 0.8em;"">View Post</a>",1,"mafujaaktarr",2025-03-21 21:43:44,2,180,42,1,0,"#ইসলামিক_ভিডিও_🤲🕋🤲 "
"<a href=""https://www.tiktok.com/@mafujaaktarr/video/7484381482870394130"" target=""_blank"" class=""btn btn-sm"" style=""background-color: #00926c; color: white; text-decoration: none; padding: 2px 8px; border-radius: 4px; font-size: 0.8em;"">View Post</a>",1,"mafujaaktarr",2025-03-21 21:42:48,2,156,34,1,2,"#ইসলামিক_ভিডিও_🤲🕋🤲 "
"<a href=""https://www.tiktok.com/@a60500166577/video/7484381319150046482"" target=""_blank"" class=""btn btn-sm"" style=""background-color: #00926c; color: white; text-decoration: none; padding: 2px 8px; border-radius: 4px; font-size: 0.8em;"">View Post</a>",1,"a60500166577",2025-03-21 21:42:10,2,511,127,14,4,"#ইসলামিক_ভিডিও_🤲🕋🤲 "
"<a href=""https://www.tiktok.com/@mafujaaktarr/video/7484367836513570056"" target=""_blank"" class=""btn btn-sm"" style=""background-color: #00926c; color: white; text-decoration: none; padding: 2px 8px; border-radius: 4px; font-size: 0.8em;"">View Post</a>",1,"mafujaaktarr",2025-03-21 20:49:51,2,164,57,2,0,"#ইসলামিক_ভিডিও_🤲🕋🤲 "
"<a href=""https://www.tiktok.com/@mafujaaktarr/video/7484366271404952840"" target=""_blank"" class=""btn btn-sm"" style=""background-color: #00926c; color: white; text-decoration: none; padding: 2px 8px; border-radius: 4px; font-size: 0.8em;"">View Post</a>",1,"mafujaaktarr",2025-03-21 20:43:49,2,183,47,1,3,"#ইসলামিক_ভিডিও_🤲🕋🤲 "
"<a href=""https://www.tiktok.com/@h.m.osman.h.m.osm1/video/7484360352201788679"" target=""_blank"" class=""btn btn-sm"" style=""background-color: #00926c; color: white; text-decoration: none; padding: 2px 8px; border-radius: 4px; font-size: 0.8em;"">View Post</a>",2,"h.m.osman.h.m.osm1",2025-03-21 20:20:48,2,147,58,26,1,"#ইসলামিক_ভিডিও_🤲🕋🤲 "
"<a href=""https://www.tiktok.com/@mahimkhan1043/video/7484359357342223633"" target=""_blank"" class=""btn btn-sm"" style=""background-color: #00926c; color: white; text-decoration: none; padding: 2px 8px; border-radius: 4px; font-size: 0.8em;"">View Post</a>",2,"mahimkhan1043",2025-03-21 20:18:01,2,126,36,1,0,"#ইসলামিক_ভিডিও_🤲🕋🤲 "
"<a href=""https://www.tiktok.com/@h.m.osman.h.m.osm1/video/7484359048465370376"" target=""_blank"" class=""btn btn-sm"" style=""background-color: #00926c; color: white; text-decoration: none; padding: 2px 8px; border-radius: 4px; font-size: 0.8em;"">View Post</a>",2,"h.m.osman.h.m.osm1",2025-03-21 20:15:47,2,160,32,8,1,"#ইসলামিক_ভিডিও_🤲🕋🤲 "
"<a href=""https://www.tiktok.com/@mahimkhan1043/video/7484358696584105232"" target=""_blank"" class=""btn btn-sm"" style=""background-color: #00926c; color: white; text-decoration: none; padding: 2px 8px; border-radius: 4px; font-size: 0.8em;"">View Post</a>",2,"mahimkhan1043",2025-03-21 20:15:02,2,137,24,3,0,"#ইসলামিক_ভিডিও_🤲🕋🤲 "
"<a href=""https://www.tiktok.com/@h.m.osman.h.m.osm1/video/7484358631438273800"" target=""_blank"" class=""btn btn-sm"" style=""background-color: #00926c; color: white; text-decoration: none; padding: 2px 8px; border-radius: 4px; font-size: 0.8em;"">View Post</a>",2,"h.m.osman.h.m.osm1",2025-03-21 20:14:13,2,171,52,12,4,"#ইসলামিক_ভিডিও_🤲🕋🤲 "
"<a href=""https://www.tiktok.com/@mahimkhan1043/video/7484357785375804689"" target=""_blank"" class=""btn btn-sm"" style=""background-color: #00926c; color: white; text-decoration: none; padding: 2px 8px; border-radius: 4px; font-size: 0.8em;"">View Post</a>",2,"mahimkhan1043",2025-03-21 20:11:48,2,31,17,2,0,"#ইসলামিক_ভিডিও_🤲🕋🤲 "
"<a href=""https://www.tiktok.com/@mahimkhan1043/video/7484356916194446608"" target=""_blank"" class=""btn btn-sm"" style=""background-color: #00926c; color: white; text-decoration: none; padding: 2px 8px; border-radius: 4px; font-size: 0.8em;"">View Post</a>",2,"mahimkhan1043",2025-03-21 20:08:12,2,32,13,2,0,"#ইসলামিক_ভিডিও_🤲🕋🤲 "
"<a href=""https://www.tiktok.com/@h.m.osman.h.m.osm1/video/7484356615664160008"" target=""_blank"" class=""btn btn-sm"" style=""background-color: #00926c; color: white; text-decoration: none; padding: 2px 8px; border-radius: 4px; font-size: 0.8em;"">View Post</a>",2,"h.m.osman.h.m.osm1",2025-03-21 20:06:25,2,162,49,8,0,"#ইসলামিক_ভিডিও_🤲🕋🤲 "
"<a href=""https://www.tiktok.com/@mafujaaktarr/video/7484321373024685320"" target=""_blank"" class=""btn btn-sm"" style=""background-color: #00926c; color: white; text-decoration: none; padding: 2px 8px; border-radius: 4px; font-size: 0.8em;"">View Post</a>",1,"mafujaaktarr",2025-03-21 17:49:30,2,185,70,1,0,"#ইসলামিক_ভিডিও_🤲🕋🤲 "
"<a href=""https://www.tiktok.com/@mafujaaktarr/video/7484320410998148370"" target=""_blank"" class=""btn btn-sm"" style=""background-color: #00926c; color: white; text-decoration: none; padding: 2px 8px; border-radius: 4px; font-size: 0.8em;"">View Post</a>",1,"mafujaaktarr",2025-03-21 17:45:44,2,197,54,3,1,"#ইসলামিক_ভিডিও_🤲🕋🤲 "
"<a href=""https://www.tiktok.com/@mafujaaktarr/video/7484319802274614536"" target=""_blank"" class=""btn btn-sm"" style=""background-color: #00926c; color: white; text-decoration: none; padding: 2px 8px; border-radius: 4px; font-size: 0.8em;"">View Post</a>",1,"mafujaaktarr",2025-03-21 17:43:21,2,158,43,1,0,"#ইসলামিক_ভিডিও_🤲🕋🤲 "
"<a href=""https://www.tiktok.com/@mafujaaktarr/video/7484317891202944264"" target=""_blank"" class=""btn btn-sm"" style=""background-color: #00926c; color: white; text-decoration: none; padding: 2px 8px; border-radius: 4px; font-size: 0.8em;"">View Post</a>",1,"mafujaaktarr",2025-03-21 17:36:00,2,172,51,1,0,"#ইসলামিক_ভিডিও_🤲🕋🤲 "
"<a href=""https://www.tiktok.com/@mafujaaktarr/video/7484316020862209288"" target=""_blank"" class=""btn btn-sm"" style=""background-color: #00926c; color: white; text-decoration: none; padding: 2px 8px; border-radius: 4px; font-size: 0.8em;"">View Post</a>",1,"mafujaaktarr",2025-03-21 17:28:44,2,164,33,0,0,"#ইসলামিক_ভিডিও_🤲🕋🤲 "
"<a href=""https://www.tiktok.com/@mahimkhan1043/video/7484309574934121744"" target=""_blank"" class=""btn btn-sm"" style=""background-color: #00926c; color: white; text-decoration: none; padding: 2px 8px; border-radius: 4px; font-size: 0.8em;"">View Post</a>",2,"mahimkhan1043",2025-03-21 17:04:17,2,26,12,1,0,"#ইসলামিক_ভিডিও_🤲🕋🤲 "
"<a href=""https://www.tiktok.com/@mahimkhan1043/video/7484308532397870352"" target=""_blank"" class=""btn btn-sm"" style=""background-color: #00926c; color: white; text-decoration: none; padding: 2px 8px; border-radius: 4px; font-size: 0.8em;"">View Post</a>",2,"mahimkhan1043",2025-03-21 17:00:05,2,35,20,0,0,"#ইসলামিক_ভিডিও_🤲🕋🤲 "
"<a href=""https://www.tiktok.com/@mahimkhan1043/video/7484308086950268177"" target=""_blank"" class=""btn btn-sm"" style=""background-color: #00926c; color: white; text-decoration: none; padding: 2px 8px; border-radius: 4px; font-size: 0.8em;"">View Post</a>",2,"mahimkhan1043",2025-03-21 16:58:21,2,126,39,0,0,"#ইসলামিক_ভিডিও_🤲🕋🤲 "
"<a href=""https://www.tiktok.com/@mas_kpop_store/video/7484385168032025863"" target=""_blank"" class=""btn btn-sm"" style=""background-color: #00926c; color: white; text-decoration: none; padding: 2px 8px; border-radius: 4px; font-size: 0.8em;"">View Post</a>",5,"mas_kpop_store",2025-03-21 21:57:18,2,477,20,0,0,"বিটিএস গেঞ্জি মাত্র ১৫০ টাকা সারাদেশে ক্যাশ অন হোম ডেলিভারিতে অর্ডার করতে হোয়াটসঅ্যাপ ইমু অথবা কল 01328224918#foryou #foryoupage #fyp #btsarmy "
"<a href=""https://www.tiktok.com/@mas_kpop_store/video/7484385039451557127"" target=""_blank"" class=""btn btn-sm"" style=""background-color: #00926c; color: white; text-decoration: none; padding: 2px 8px; border-radius: 4px; font-size: 0.8em;"">View Post</a>",5,"mas_kpop_store",2025-03-21 21:56:40,2,433,19,0,0,"বিটিএস গেঞ্জি মাত্র ১৫০ টাকা সারাদেশে ক্যাশ অন হোম ডেলিভারিতে অর্ডার করতে হোয়াটসঅ্যাপ ইমু অথবা কল 01328224918#foryou #foryoupage #fyp #btsarmy "
"<a href=""https://www.tiktok.com/@soul_the_bts/video/7484384860719680776"" target=""_blank"" class=""btn btn-sm"" style=""background-color: #00926c; color: white; text-decoration: none; padding: 2px 8px; border-radius: 4px; font-size: 0.8em;"">View Post</a>",5,"soul_the_bts",2025-03-21 21:55:54,2,53,16,2,0,"বিটিএস গেঞ্জি মাত্র ১৫০ টাকা সারাদেশে ক্যাশ অন হোম ডেলিভারিতে অর্ডার করতে হোয়াটসঅ্যাপ ইমু অথবা কল 01328224918#foryou #foryoupage #fyp #btsarmy "
"<a href=""https://www.tiktok.com/@soul_the_bts/video/7484384732919254279"" target=""_blank"" class=""btn btn-sm"" style=""background-color: #00926c; color: white; text-decoration: none; padding: 2px 8px; border-radius: 4px; font-size: 0.8em;"">View Post</a>",5,"soul_the_bts",2025-03-21 21:55:34,2,21,5,0,0,"বিটিএস গেঞ্জি মাত্র ১৫০ টাকা সারাদেশে ক্যাশ অন হোম ডেলিভারিতে অর্ডার করতে হোয়াটসঅ্যাপ ইমু অথবা কল 01328224918#foryou #foryoupage #fyp #btsarmy "
"<a href=""https://www.tiktok.com/@our_kpop_world/video/7484384556695571719"" target=""_blank"" class=""btn btn-sm"" style=""background-color: #00926c; color: white; text-decoration: none; padding: 2px 8px; border-radius: 4px; font-size: 0.8em;"">View Post</a>",5,"our_kpop_world",2025-03-21 21:54:53,2,416,13,0,0,"বিটিএস গেঞ্জি মাত্র ১৫০ টাকা সারাদেশে ক্যাশ অন হোম ডেলিভারিতে অর্ডার করতে হোয়াটসঅ্যাপ ইমু অথবা কল 01328224918#foryou #foryoupage #fyp #btsarmy "
"<a href=""https://www.tiktok.com/@our_kpop_world/video/7484384523900226823"" target=""_blank"" class=""btn btn-sm"" style=""background-color: #00926c; color: white; text-decoration: none; padding: 2px 8px; border-radius: 4px; font-size: 0.8em;"">View Post</a>",5,"our_kpop_world",2025-03-21 21:54:36,2,439,37,5,4,"বিটিএস গেঞ্জি মাত্র ১৫০ টাকা সারাদেশে ক্যাশ অন হোম ডেলিভারিতে অর্ডার করতে হোয়াটসঅ্যাপ ইমু অথবা কল 01328224918#foryou #foryoupage #fyp #btsarmy "
"<a href=""https://www.tiktok.com/@emamu170/video/7484399842878344455"" target=""_blank"" class=""btn btn-sm"" style=""background-color: #00926c; color: white; text-decoration: none; padding: 2px 8px; border-radius: 4px; font-size: 0.8em;"">View Post</a>",3,"emamu170",2025-03-21 22:54:03,1,139,57,0,0,"#duet with @ইসলামিক ভিডিও 🕋🕋 #ইসলামিক_ভিডিও_🤲🕋🤲 "
"<a href=""https://www.tiktok.com/@emamu170/video/7484399562761702664"" target=""_blank"" class=""btn btn-sm"" style=""background-color: #00926c; color: white; text-decoration: none; padding: 2px 8px; border-radius: 4px; font-size: 0.8em;"">View Post</a>",3,"emamu170",2025-03-21 22:52:58,1,30,13,0,0,"#duet with @ইসলামিক ভিডিও 🕋🕋 #ইসলামিক_ভিডিও_🤲🕋🤲 "
"<a href=""https://www.tiktok.com/@emamu170/video/7484399403692805384"" target=""_blank"" class=""btn btn-sm"" style=""background-color: #00926c; color: white; text-decoration: none; padding: 2px 8px; border-radius: 4px; font-size: 0.8em;"">View Post</a>",3,"emamu170",2025-03-21 22:52:21,1,133,64,0,0,"#duet with @ইসলামিক ভিডিও 🕋🕋 #ইসলামিক_ভিডিও_🤲🕋🤲 "
"<a href=""https://www.tiktok.com/@emamu170/video/7484399258762808583"" target=""_blank"" class=""btn btn-sm"" style=""background-color: #00926c; color: white; text-decoration: none; padding: 2px 8px; border-radius: 4px; font-size: 0.8em;"">View Post</a>",3,"emamu170",2025-03-21 22:51:45,1,24,8,0,0,"#duet with @ইসলামিক ভিডিও 🕋🕋 #ইসলামিক_ভিডিও_🤲🕋🤲 "
"<a href=""https://www.tiktok.com/@emamu170/video/7484399086448184584"" target=""_blank"" class=""btn btn-sm"" style=""background-color: #00926c; color: white; text-decoration: none; padding: 2px 8px; border-radius: 4px; font-size: 0.8em;"">View Post</a>",3,"emamu170",2025-03-21 22:51:08,1,134,56,1,0,"#duet with @ইসলামিক ভিডিও 🕋🕋 #ইসলামিক_ভিডিও_🤲🕋🤲 "
"<a href=""https://www.tiktok.com/@emamu170/video/7484398900623822088"" target=""_blank"" class=""btn btn-sm"" style=""background-color: #00926c; color: white; text-decoration: none; padding: 2px 8px; border-radius: 4px; font-size: 0.8em;"">View Post</a>",3,"emamu170",2025-03-21 22:50:28,1,133,59,1,0,"#duet with @ইসলামিক ভিডিও 🕋🕋 #ইসলামিক_ভিডিও_🤲🕋🤲 "
"<a href=""https://www.tiktok.com/@younus2147/video/7484398742515272968"" target=""_blank"" class=""btn btn-sm"" style=""background-color: #00926c; color: white; text-decoration: none; padding: 2px 8px; border-radius: 4px; font-size: 0.8em;"">View Post</a>",3,"younus2147",2025-03-21 22:49:49,1,105,48,0,0,"#duet with @ইসলামিক ভিডিও 🕋🕋 #ইসলামিক_ভিডিও_🤲🕋🤲 "
"<a href=""https://www.tiktok.com/@emamu170/video/7484389226998418696"" target=""_blank"" class=""btn btn-sm"" style=""background-color: #00926c; color: white; text-decoration: none; padding: 2px 8px; border-radius: 4px; font-size: 0.8em;"">View Post</a>",3,"emamu170",2025-03-21 22:12:55,1,136,47,0,0,"#duet with @ইসলামিক ভিডিও 🕋🕋 #ইসলামিক_ভিডিও_🤲🕋🤲 "
"<a href=""https://www.tiktok.com/@emamu170/video/7484389008496282888"" target=""_blank"" class=""btn btn-sm"" style=""background-color: #00926c; color: white; text-decoration: none; padding: 2px 8px; border-radius: 4px; font-size: 0.8em;"">View Post</a>",3,"emamu170",2025-03-21 22:12:04,1,122,45,1,2,"#duet with @ইসলামিক ভিডিও 🕋🕋 #ইসলামিক_ভিডিও_🤲🕋🤲 "
"<a href=""https://www.tiktok.com/@younus2147/video/7484339835856194824"" target=""_blank"" class=""btn btn-sm"" style=""background-color: #00926c; color: white; text-decoration: none; padding: 2px 8px; border-radius: 4px; font-size: 0.8em;"">View Post</a>",3,"younus2147",2025-03-21 19:01:06,1,0,0,0,0,"#duet with @ইসলামিক ভিডিও 🕋🕋 #ইসলামিক_ভিডিও_🤲🕋🤲 "
"<a href=""https://www.tiktok.com/@mdsumonahmed320/video/7484393452680006913"" target=""_blank"" class=""btn btn-sm"" style=""background-color: #00926c; color: white; text-decoration: none; padding: 2px 8px; border-radius: 4px; font-size: 0.8em;"">View Post</a>",4,"mdsumonahmed320",2025-03-21 22:30:12,1,326,87,0,0,"#ইসলামিক_ভিডিও "
"<a href=""https://www.tiktok.com/@mdsumonahmed320/video/7484393248698518801"" target=""_blank"" class=""btn btn-sm"" style=""background-color: #00926c; color: white; text-decoration: none; padding: 2px 8px; border-radius: 4px; font-size: 0.8em;"">View Post</a>",4,"mdsumonahmed320",2025-03-21 22:29:38,1,363,89,0,0,"#ইসলামিক_ভিডিও "
"<a href=""https://www.tiktok.com/@shawon.khan09/video/7484313369957109000"" target=""_blank"" class=""btn btn-sm"" style=""background-color: #00926c; color: white; text-decoration: none; padding: 2px 8px; border-radius: 4px; font-size: 0.8em;"">View Post</a>",4,"shawon.khan09",2025-03-21 17:18:26,1,144,41,21,1,"#ইসলামিক_ভিডিও "
"<a href=""https://www.tiktok.com/@mdsumonahmed320/video/7484313255599443201"" target=""_blank"" class=""btn btn-sm"" style=""background-color: #00926c; color: white; text-decoration: none; padding: 2px 8px; border-radius: 4px; font-size: 0.8em;"">View Post</a>",4,"mdsumonahmed320",2025-03-21 17:18:33,1,352,108,0,0,"#ইসলামিক_ভিডিও "
"<a href=""https://www.tiktok.com/@mdsumonahmed320/video/7484313179737066753"" target=""_blank"" class=""btn btn-sm"" style=""background-color: #00926c; color: white; text-decoration: none; padding: 2px 8px; border-radius: 4px; font-size: 0.8em;"">View Post</a>",4,"mdsumonahmed320",2025-03-21 17:18:14,1,359,107,0,0,"#ইসলামিক_ভিডিও "
"<a href=""https://www.tiktok.com/@mdsumonahmed320/video/7484313010962468097"" target=""_blank"" class=""btn btn-sm"" style=""background-color: #00926c; color: white; text-decoration: none; padding: 2px 8px; border-radius: 4px; font-size: 0.8em;"">View Post</a>",4,"mdsumonahmed320",2025-03-21 17:17:30,1,368,105,0,0,"#ইসলামিক_ভিডিও "
