"Account","Network","Unique Shares","Avg Time Between Shares (sec)","Edge Symmetry Score","Degree","Strength","Betweenness","Avg Views","Avg Likes","Avg Comments","Avg Shares"
"<a href=""https://tiktok.com/@a60500166577"" target=""_blank"">@a60500166577</a>",1,2,62,0.6,1,5,0,1315.667,142.333,9.667,7.333
"<a href=""https://tiktok.com/@emamu170"" target=""_blank"">@emamu170</a>",3,4,78,0.333,1,3,0,108.308,44.154,0.462,0.462
"<a href=""https://tiktok.com/@h.m.osman.h.m.osm1"" target=""_blank"">@h.m.osman.h.m.osm1</a>",2,4,67,1,1,3,0,160,47.75,13.5,1.5
"<a href=""https://tiktok.com/@mafujaaktarr"" target=""_blank"">@mafujaaktarr</a>",1,10,62,0.6,1,5,0,159.917,42.583,1.167,1.25
"<a href=""https://tiktok.com/@mahimkhan1043"" target=""_blank"">@mahimkhan1043</a>",2,5,67,1,1,3,0,86.818,25.182,1,0
"<a href=""https://tiktok.com/@mas_kpop_store"" target=""_blank"">@mas_kpop_store</a>",5,2,75,1,1,4,0,455,19.5,0,0
"<a href=""https://tiktok.com/@mdsumonahmed320"" target=""_blank"">@mdsumonahmed320</a>",4,5,25,0.667,1,3,0,353.6,99.2,0,0
"<a href=""https://tiktok.com/@our_kpop_world"" target=""_blank"">@our_kpop_world</a>",5,2,59.5,1,1,4,0,427.5,25,2.5,2
"<a href=""https://tiktok.com/@shawon.khan09"" target=""_blank"">@shawon.khan09</a>",4,1,25,0.667,1,3,0,132.5,55,26,3
"<a href=""https://tiktok.com/@soul_the_bts"" target=""_blank"">@soul_the_bts</a>",5,2,67.25,1,2,8,0.022,37,10.5,1,0
"<a href=""https://tiktok.com/@younus2147"" target=""_blank"">@younus2147</a>",3,1,78,0.333,1,3,0,52.5,24,0,0
