"Network","Number of Accounts","Network Density","Network Diameter","Clustering Coefficient","Avg Views","Avg Likes","Avg Comments","Avg Shares","Member Accounts"
1,2,1,5,NA,391.067,62.533,2.867,2.467,"a60500166577, mafujaaktarr"
2,2,1,3,NA,106.333,31.2,4.333,0.4,"h.m.osman.h.m.osm1, mahimkhan1043"
3,2,1,3,NA,100.867,41.467,0.4,0.4,"emamu170, younus2147"
4,2,1,3,NA,290.429,86.571,7.429,0.857,"mdsumonahmed320, shawon.khan09"
5,3,0.667,8,0,306.5,18.333,1.167,0.667,"mas_kpop_store, our_kpop_world, soul_the_bts"
