"Account","Network","Unique Shares","Avg Time Between Shares (sec)","Edge Symmetry Score","Degree","Strength","Betweenness","Avg Views","Avg Likes","Avg Comments","Avg Shares"
"<a href=""https://tiktok.com/@1qwdjjd"" target=""_blank"">@1qwdjjd</a>",66,5,49.3,0.875,1,10,0,2885.8,79.6,0.4,1.2
"<a href=""https://tiktok.com/@2thgkvjd"" target=""_blank"">@2thgkvjd</a>",64,6,58.182,1,1,11,0,1546.5,113.167,0.833,0.167
"<a href=""https://tiktok.com/@41ghqq"" target=""_blank"">@41ghqq</a>",68,6,63,0.875,1,10,0,1335.167,49.833,1.167,0.167
"<a href=""https://tiktok.com/@4hgkdjf"" target=""_blank"">@4hgkdjf</a>",64,6,58.182,1,1,11,0,1294,73.667,0.5,0.167
"<a href=""https://tiktok.com/@acsge1347"" target=""_blank"">@acsge1347</a>",70,4,44.585,0.969,4,40,0,578,16.75,0,0
"<a href=""https://tiktok.com/@aed0267"" target=""_blank"">@aed0267</a>",48,14,57.794,0.908,5,74,0,2458.571,95.286,0.5,0.357
"<a href=""https://tiktok.com/@aed2750"" target=""_blank"">@aed2750</a>",48,13,59.496,0.894,9,153,0,6791.538,108.308,0.846,2.462
"<a href=""https://tiktok.com/@aed75787"" target=""_blank"">@aed75787</a>",6,9,38.5,0.75,1,8,0,5391.3,105.5,8.1,2.3
"<a href=""https://tiktok.com/@aed7598"" target=""_blank"">@aed7598</a>",107,4,18.75,1,1,8,0,1003,57.75,1.25,0.25
"<a href=""https://tiktok.com/@aed7616"" target=""_blank"">@aed7616</a>",107,4,18.75,1,1,8,0,1494.5,87.5,1.25,0
"<a href=""https://tiktok.com/@aedgslpxjx"" target=""_blank"">@aedgslpxjx</a>",2,9,56.028,0.819,2,17,0,1354.333,40.778,0.333,0.222
"<a href=""https://tiktok.com/@aedhdici"" target=""_blank"">@aedhdici</a>",3,8,53,1,1,8,0,1857.25,71.625,2.5,0.375
"<a href=""https://tiktok.com/@aedhdjcoof"" target=""_blank"">@aedhdjcoof</a>",2,9,55.023,0.911,5,51,0,1970.222,186.444,1.556,2.889
"<a href=""https://tiktok.com/@aedjxpxodj"" target=""_blank"">@aedjxpxodj</a>",32,4,47.375,1,2,16,0,2193.25,149.5,1,0.5
"<a href=""https://tiktok.com/@aedvjdfjfj48528"" target=""_blank"">@aedvjdfjfj48528</a>",7,6,54.875,0.667,1,8,0,3211.429,84.571,2.571,9.286
"<a href=""https://tiktok.com/@aedvziocjc"" target=""_blank"">@aedvziocjc</a>",31,8,46.875,1,1,8,0,2900.375,161.75,2.25,1.25
"<a href=""https://tiktok.com/@aedyckctu"" target=""_blank"">@aedyckctu</a>",3,10,63.111,0.667,1,9,0,2218.6,87.8,0.5,1.6
"<a href=""https://tiktok.com/@ajcue9039"" target=""_blank"">@ajcue9039</a>",69,6,50.5,0.929,2,16,0,1514.833,59,0.167,0.167
"<a href=""https://tiktok.com/@akkaanav.risksjsg"" target=""_blank"">@akkaanav.risksjsg</a>",6,9,38.5,0.75,1,8,0,3944.667,67,1,0.556
"<a href=""https://tiktok.com/@akksdb4"" target=""_blank"">@akksdb4</a>",103,4,52.85,0.9,2,18,0,262080,16801.5,593.25,532.25
"<a href=""https://tiktok.com/@ale2r35"" target=""_blank"">@ale2r35</a>",25,8,56.275,0.905,3,26,0,1135.5,35.25,0,0.125
"<a href=""https://tiktok.com/@ale383279"" target=""_blank"">@ale383279</a>",25,7,29.375,1,1,8,0,401.286,19.429,0.143,0
"<a href=""https://tiktok.com/@aleaa0249"" target=""_blank"">@aleaa0249</a>",25,7,63.524,0.917,4,37,0,366.857,15,0,0
"<a href=""https://tiktok.com/@alejkityuoo"" target=""_blank"">@alejkityuoo</a>",25,7,48.31,0.849,7,60,0,343.857,15.286,0,0.143
"<a href=""https://tiktok.com/@alfred.roberts5"" target=""_blank"">@alfred.roberts5</a>",14,4,27.75,1,1,8,0,6416,284.6,7.8,91.6
"<a href=""https://tiktok.com/@amazing_seeet120"" target=""_blank"">@amazing_seeet120</a>",88,6,33.167,1,1,12,0,125.25,4.333,0.917,0
"<a href=""https://tiktok.com/@amazinggirl_120"" target=""_blank"">@amazinggirl_120</a>",89,4,98.778,1,1,9,0,2871.333,291,15.5,16.667
"<a href=""https://tiktok.com/@amkgvx"" target=""_blank"">@amkgvx</a>",54,6,43.9,0.857,1,10,0,3069.273,39.727,4.091,0.909
"<a href=""https://tiktok.com/@ancmleilrbge"" target=""_blank"">@ancmleilrbge</a>",11,4,50.5,1,1,8,0,7625.25,181.75,4.5,2
"<a href=""https://tiktok.com/@anpebsaxgu9"" target=""_blank"">@anpebsaxgu9</a>",25,6,59.26,0.876,6,51,0,1661.75,66.375,0,0.25
"<a href=""https://tiktok.com/@anxdo3188"" target=""_blank"">@anxdo3188</a>",66,6,71.333,1,1,9,0,1120.5,39.667,0.667,0.667
"<a href=""https://tiktok.com/@anxkr2491"" target=""_blank"">@anxkr2491</a>",70,6,61.7,0.778,2,23,0,1620.667,53.833,0.167,0
"<a href=""https://tiktok.com/@anxmd2388"" target=""_blank"">@anxmd2388</a>",79,3,22.556,1,1,9,0,1251.333,26.667,0,0
"<a href=""https://tiktok.com/@arffug"" target=""_blank"">@arffug</a>",108,9,70.179,0.984,7,92,0,991.444,27,0,0.222
"<a href=""https://tiktok.com/@aseng.haymong"" target=""_blank"">@aseng.haymong</a>",52,7,42.961,0.911,3,31,0,2884,79.111,0.556,1.889
"<a href=""https://tiktok.com/@avelina.asucen"" target=""_blank"">@avelina.asucen</a>",71,5,49.25,1,1,8,0,936.6,58.2,0.4,0
"<a href=""https://tiktok.com/@awbe.nevx"" target=""_blank"">@awbe.nevx</a>",85,13,59.823,0.838,3,39,0,3555.467,34.533,1.867,6.733
"<a href=""https://tiktok.com/@awcc.jqhh"" target=""_blank"">@awcc.jqhh</a>",85,9,51.038,0.854,2,23,0,3077.417,52.083,1.083,2.167
"<a href=""https://tiktok.com/@ayden.riverad"" target=""_blank"">@ayden.riverad</a>",5,10,59.125,0.875,2,17,0,4216.1,121.5,1.4,1.2
"<a href=""https://tiktok.com/@ayipald"" target=""_blank"">@ayipald</a>",25,8,70.812,0.917,2,16,0,814.5,32.125,0.25,0.375
"<a href=""https://tiktok.com/@bakaf3280"" target=""_blank"">@bakaf3280</a>",66,6,61.2,0.938,2,20,0,2436.667,110.833,0.167,0.333
"<a href=""https://tiktok.com/@baobaiwan888"" target=""_blank"">@baobaiwan888</a>",10,4,59.75,1,2,16,0,1239.25,51.5,1,0.25
"<a href=""https://tiktok.com/@battl.kray"" target=""_blank"">@battl.kray</a>",47,7,72.583,0.897,3,26,0,1610.429,45.857,0.143,0.143
"<a href=""https://tiktok.com/@baxor3828"" target=""_blank"">@baxor3828</a>",66,6,72.217,1,2,19,0,4322,149,4.167,2
"<a href=""https://tiktok.com/@be.jkigv"" target=""_blank"">@be.jkigv</a>",1,9,53.515,0.892,4,41,0,1708.111,86.111,0.778,0
"<a href=""https://tiktok.com/@benedossie2"" target=""_blank"">@benedossie2</a>",47,7,45.022,0.913,4,44,0,44937.143,1037.143,7.857,80.286
"<a href=""https://tiktok.com/@berez.paulo"" target=""_blank"">@berez.paulo</a>",20,5,62.125,0.833,1,8,0,2618.429,75,1.143,0.286
"<a href=""https://tiktok.com/@bihuogogogo"" target=""_blank"">@bihuogogogo</a>",14,4,60.375,1,2,16,0,1886.25,128,6.5,14.75
"<a href=""https://tiktok.com/@bipiqo"" target=""_blank"">@bipiqo</a>",109,9,62.488,0.85,5,61,0,454.444,24.667,0.111,0
"<a href=""https://tiktok.com/@bixukf"" target=""_blank"">@bixukf</a>",76,4,7,1,1,8,0,1960,138.75,1.25,0
"<a href=""https://tiktok.com/@bkot6010"" target=""_blank"">@bkot6010</a>",58,12,80.48,0.917,2,40,0,945.667,40.067,0.267,6.6
"<a href=""https://tiktok.com/@bloodcarme5"" target=""_blank"">@bloodcarme5</a>",51,6,49.25,1,1,8,0,2448,46.1,0.7,0.5
"<a href=""https://tiktok.com/@bmc12655"" target=""_blank"">@bmc12655</a>",1,10,55.648,0.879,12,120,0,1789.1,83.9,0.4,0.7
"<a href=""https://tiktok.com/@bpgarp"" target=""_blank"">@bpgarp</a>",109,9,62.425,0.907,7,109,0,1250.333,126.667,0.667,0.778
"<a href=""https://tiktok.com/@brittanycarter1959"" target=""_blank"">@brittanycarter1959</a>",28,6,41.5,0.857,1,8,0,964.833,28.333,0,0
"<a href=""https://tiktok.com/@bsbwphji4xu"" target=""_blank"">@bsbwphji4xu</a>",25,7,56.191,0.946,5,48,0,1382.429,64.571,0.143,0.714
"<a href=""https://tiktok.com/@bsjj8797"" target=""_blank"">@bsjj8797</a>",21,6,52.451,0.944,2,25,0,1405.167,20.5,0.333,0
"<a href=""https://tiktok.com/@bsyg2865"" target=""_blank"">@bsyg2865</a>",15,6,66.091,0.75,1,11,0,478,22.833,0.5,0
"<a href=""https://tiktok.com/@buslmigf7dn"" target=""_blank"">@buslmigf7dn</a>",25,7,57.02,0.921,6,55,0,12466.286,455.571,16.857,65
"<a href=""https://tiktok.com/@bvoo3130"" target=""_blank"">@bvoo3130</a>",57,14,77.964,0.917,5,110,0,2077.143,62.571,0.571,0.5
"<a href=""https://tiktok.com/@bxecxotdjfrvi"" target=""_blank"">@bxecxotdjfrvi</a>",12,4,55.167,1,3,24,0,1638,72.5,8.75,17.5
"<a href=""https://tiktok.com/@bxjxhxt"" target=""_blank"">@bxjxhxt</a>",72,6,42.011,0.958,3,28,0,1024,53,0.833,0.333
"<a href=""https://tiktok.com/@bxjzjsns0"" target=""_blank"">@bxjzjsns0</a>",71,7,58.818,0.89,7,59,0,886.714,72.429,0.429,0.429
"<a href=""https://tiktok.com/@bxkke4723"" target=""_blank"">@bxkke4723</a>",70,6,49.378,0.853,6,62,0,2658.333,43.333,0.5,0.333
"<a href=""https://tiktok.com/@bxuzba"" target=""_blank"">@bxuzba</a>",71,6,38.75,0.875,2,16,0,321.333,11.667,0.167,0.167
"<a href=""https://tiktok.com/@bzsksk1"" target=""_blank"">@bzsksk1</a>",65,6,69.5,1,1,8,0,1642.167,144.167,0.833,0
"<a href=""https://tiktok.com/@c.ts24"" target=""_blank"">@c.ts24</a>",19,6,35,1,1,14,0,1517,41.833,0.167,0.667
"<a href=""https://tiktok.com/@cagnhd"" target=""_blank"">@cagnhd</a>",43,8,54.875,0.857,2,16,0,2418.4,128.7,2.7,3.9
"<a href=""https://tiktok.com/@cainima888"" target=""_blank"">@cainima888</a>",21,7,47.001,1,3,31,0,894.857,17.143,1.857,2.714
"<a href=""https://tiktok.com/@camilo.austin5"" target=""_blank"">@camilo.austin5</a>",8,10,65.375,1,2,16,0,689.1,15.2,0.2,0.4
"<a href=""https://tiktok.com/@carbloggera"" target=""_blank"">@carbloggera</a>",22,7,47.389,0.938,2,27,0,715.857,30.143,0.571,0.714
"<a href=""https://tiktok.com/@carlos.alberto.al886"" target=""_blank"">@carlos.alberto.al886</a>",52,8,41.036,1,3,36,0,12179.125,207.75,1.75,1.75
"<a href=""https://tiktok.com/@cbjf05"" target=""_blank"">@cbjf05</a>",5,10,61.006,0.857,2,19,0,2074.1,80.9,1.5,0.9
"<a href=""https://tiktok.com/@cbwcxe"" target=""_blank"">@cbwcxe</a>",80,8,27.75,0.875,2,20,0,8645.875,224.5,13,4.5
"<a href=""https://tiktok.com/@cchmlalala"" target=""_blank"">@cchmlalala</a>",13,4,88.25,1,1,8,0,5401,344.25,23.5,19.5
"<a href=""https://tiktok.com/@cctvvjagu0"" target=""_blank"">@cctvvjagu0</a>",35,9,66.188,1,2,16,0,548.667,15.111,0.167,0
"<a href=""https://tiktok.com/@ccvoyrnu"" target=""_blank"">@ccvoyrnu</a>",87,9,59.33,0.951,3,45,0,3408.556,22.667,0,3.667
"<a href=""https://tiktok.com/@cfdc18"" target=""_blank"">@cfdc18</a>",48,12,51.101,0.912,6,108,0,3519.923,74.308,0.154,0.692
"<a href=""https://tiktok.com/@cghwqj"" target=""_blank"">@cghwqj</a>",80,7,30,0.75,1,12,0,618.375,17.625,0.375,0.125
"<a href=""https://tiktok.com/@chantalkusch"" target=""_blank"">@chantalkusch</a>",1,5,71.3,1,1,10,0,2181,179.167,1.333,0.833
"<a href=""https://tiktok.com/@china_cutegirl22"" target=""_blank"">@china_cutegirl22</a>",90,6,95.28,1,1,25,0,1026,95.5,4.167,2.667
"<a href=""https://tiktok.com/@chuma_g1"" target=""_blank"">@chuma_g1</a>",90,6,85.617,1,2,47,0,1175.667,84.333,3.833,1.167
"<a href=""https://tiktok.com/@chunyuan66"" target=""_blank"">@chunyuan66</a>",36,6,78.125,0.917,2,16,0,6610.333,171.833,0.75,1
"<a href=""https://tiktok.com/@chzk.uvuw"" target=""_blank"">@chzk.uvuw</a>",86,9,52.664,0.95,2,28,0,3119.333,33.333,1.333,47.333
"<a href=""https://tiktok.com/@ciojkb"" target=""_blank"">@ciojkb</a>",59,9,19.852,0.933,6,144,0,730.8,28,0.2,0
"<a href=""https://tiktok.com/@cjdfndrh"" target=""_blank"">@cjdfndrh</a>",68,6,63,0.875,1,10,0,1748.833,102.333,0.833,0.167
"<a href=""https://tiktok.com/@cjdjfcn"" target=""_blank"">@cjdjfcn</a>",71,6,71.125,0.875,1,8,0,1144.333,118.167,0.333,0.333
"<a href=""https://tiktok.com/@cjire9104"" target=""_blank"">@cjire9104</a>",63,8,72.267,0.917,2,33,0,207.222,7.111,0.222,0.111
"<a href=""https://tiktok.com/@cjur6297"" target=""_blank"">@cjur6297</a>",63,6,49.933,0.917,2,33,0,754.778,40.444,0.222,0.333
"<a href=""https://tiktok.com/@clirr5282"" target=""_blank"">@clirr5282</a>",62,8,45.667,0.917,2,24,0,1508.273,92.273,0.625,0.273
"<a href=""https://tiktok.com/@cnatk3189"" target=""_blank"">@cnatk3189</a>",71,6,61.25,0.938,2,16,0,1290.333,90.167,0.5,0.333
"<a href=""https://tiktok.com/@coirf88774"" target=""_blank"">@coirf88774</a>",61,6,44.083,1,2,36,0,1089.778,69.889,0.333,1.667
"<a href=""https://tiktok.com/@courr1227"" target=""_blank"">@courr1227</a>",61,6,64.833,1,2,36,0,2340,81,0.778,1.333
"<a href=""https://tiktok.com/@crtyougo"" target=""_blank"">@crtyougo</a>",43,10,55.016,0.894,8,98,0,5845.4,122.6,1.8,1.6
"<a href=""https://tiktok.com/@cscbgf"" target=""_blank"">@cscbgf</a>",97,6,60.667,1,1,9,0,1660.667,21.667,2.167,0.667
"<a href=""https://tiktok.com/@cthvbg"" target=""_blank"">@cthvbg</a>",84,4,66.375,1,2,16,0,822.75,43.25,0.5,0
"<a href=""https://tiktok.com/@cuc.thu243"" target=""_blank"">@cuc.thu243</a>",53,9,45.43,0.903,3,32,0,9169.4,156.5,12,3.3
"<a href=""https://tiktok.com/@cutedriver120"" target=""_blank"">@cutedriver120</a>",88,2,33.167,1,1,12,0,101.545,16.545,1.727,0.136
"<a href=""https://tiktok.com/@cx.b28"" target=""_blank"">@cx.b28</a>",42,9,56.703,0.964,5,50,0,1220.667,81.222,1.778,1.111
"<a href=""https://tiktok.com/@czhc.bkyd"" target=""_blank"">@czhc.bkyd</a>",87,9,51.53,0.909,3,38,0,756.444,18.333,1.333,7.778
"<a href=""https://tiktok.com/@dblbel"" target=""_blank"">@dblbel</a>",80,4,47.375,1,2,16,0,1416.5,42.333,1.333,0.333
"<a href=""https://tiktok.com/@dcjnd3425"" target=""_blank"">@dcjnd3425</a>",77,6,54.667,1,1,9,0,765.833,17.667,0.167,0
"<a href=""https://tiktok.com/@deep.sea_2"" target=""_blank"">@deep.sea_2</a>",60,5,74.15,0.917,2,20,0,1496.8,129,0.6,0.6
"<a href=""https://tiktok.com/@dfgasdfsert.dfrts"" target=""_blank"">@dfgasdfsert.dfrts</a>",97,6,60.667,1,1,9,0,1708.667,35,2.333,2.333
"<a href=""https://tiktok.com/@dghhg372"" target=""_blank"">@dghhg372</a>",99,4,69.125,1,2,16,0,2654.25,163.25,1,0.25
"<a href=""https://tiktok.com/@dhhi6645"" target=""_blank"">@dhhi6645</a>",63,9,55.498,1,2,34,0,878.182,36.636,0.3,0.545
"<a href=""https://tiktok.com/@dhie1905"" target=""_blank"">@dhie1905</a>",106,9,7.111,1,1,9,0,1866.667,60.889,0.333,1.222
"<a href=""https://tiktok.com/@dijx3903"" target=""_blank"">@dijx3903</a>",57,15,66.878,0.95,5,152,0,1396.333,41.467,0.467,0.333
"<a href=""https://tiktok.com/@djbdjfjff"" target=""_blank"">@djbdjfjff</a>",33,8,41,0.857,1,8,0,2364,274.444,0.667,0.444
"<a href=""https://tiktok.com/@djjehokxtu2"" target=""_blank"">@djjehokxtu2</a>",104,3,70.667,1,2,18,0,110.333,2,0,0
"<a href=""https://tiktok.com/@djm9r"" target=""_blank"">@djm9r</a>",42,7,59.536,0.858,4,37,0,1332.429,70.714,0.714,0
"<a href=""https://tiktok.com/@djskgikeejk8"" target=""_blank"">@djskgikeejk8</a>",49,9,68.412,0.727,1,17,0,640.286,39.571,1.286,0.286
"<a href=""https://tiktok.com/@drape.ivoe"" target=""_blank"">@drape.ivoe</a>",50,6,50.75,1,1,8,0,3678.286,165.286,1.714,4.714
"<a href=""https://tiktok.com/@drgd8391"" target=""_blank"">@drgd8391</a>",57,15,52.269,0.952,3,104,0,1424.2,62.667,0.067,1.267
"<a href=""https://tiktok.com/@dtbtcc8"" target=""_blank"">@dtbtcc8</a>",109,6,68.981,0.958,4,49,0,687.25,41.5,0.25,0.5
"<a href=""https://tiktok.com/@dthh824"" target=""_blank"">@dthh824</a>",48,8,56.868,0.93,5,75,0,2747.125,58,0.375,1.625
"<a href=""https://tiktok.com/@dtkwod"" target=""_blank"">@dtkwod</a>",43,10,48.626,0.927,9,114,0,5323.1,229.4,1.5,1.4
"<a href=""https://tiktok.com/@ducwk5858"" target=""_blank"">@ducwk5858</a>",73,8,60.75,1,1,8,0,1513.125,52.5,0.5,0.375
"<a href=""https://tiktok.com/@duuff30"" target=""_blank"">@duuff30</a>",72,5,31.728,0.875,2,19,0,1157.6,79.2,1.2,0.2
"<a href=""https://tiktok.com/@dvvsaag"" target=""_blank"">@dvvsaag</a>",46,6,38,1,1,8,0,1402,58.429,0.857,1.286
"<a href=""https://tiktok.com/@dxsmlj"" target=""_blank"">@dxsmlj</a>",83,6,51,1,1,8,0,1467.667,55.333,0,0
"<a href=""https://tiktok.com/@eb.bg7"" target=""_blank"">@eb.bg7</a>",4,8,50.6,0.778,1,10,0,19754.75,282,6,3
"<a href=""https://tiktok.com/@echrca"" target=""_blank"">@echrca</a>",108,3,84.333,1,1,9,0,163.667,3,0,0
"<a href=""https://tiktok.com/@eden70188"" target=""_blank"">@eden70188</a>",60,5,49.7,0.857,1,10,0,3315,197.571,0.429,0.857
"<a href=""https://tiktok.com/@eiej4325"" target=""_blank"">@eiej4325</a>",57,15,57.42,0.944,3,103,0,485.2,26.2,0.4,0.4
"<a href=""https://tiktok.com/@emma.stonegis"" target=""_blank"">@emma.stonegis</a>",40,6,49.375,1,2,16,0,2330.667,58.5,1.167,0.167
"<a href=""https://tiktok.com/@eqmhqf"" target=""_blank"">@eqmhqf</a>",109,8,67.925,0.872,4,80,0,592.5,24.75,0.125,0.625
"<a href=""https://tiktok.com/@eudazpstrvf"" target=""_blank"">@eudazpstrvf</a>",34,7,59.2,0.889,1,10,0,4689.429,120.714,1.286,4
"<a href=""https://tiktok.com/@eumb.pcdw"" target=""_blank"">@eumb.pcdw</a>",86,9,51.037,0.925,3,31,0,3738.444,25.333,0.222,10.222
"<a href=""https://tiktok.com/@evfdmzl"" target=""_blank"">@evfdmzl</a>",76,4,7,1,1,8,0,1492,97.25,1,0.5
"<a href=""https://tiktok.com/@exmz856041"" target=""_blank"">@exmz856041</a>",25,8,70.225,1,2,18,0,2160.375,51.375,0.125,0.5
"<a href=""https://tiktok.com/@eyidk5"" target=""_blank"">@eyidk5</a>",98,4,27.75,1,1,8,0,1021.75,98,0.5,0.25
"<a href=""https://tiktok.com/@familo.text6"" target=""_blank"">@familo.text6</a>",11,4,69.25,1,2,16,0,4511,172.75,11,30
"<a href=""https://tiktok.com/@fauy8466"" target=""_blank"">@fauy8466</a>",3,10,64.325,0.917,2,18,0,1321.4,55.2,0.4,1
"<a href=""https://tiktok.com/@fduic5"" target=""_blank"">@fduic5</a>",2,9,58.182,0.918,7,77,0,2887.2,84.6,0.7,1
"<a href=""https://tiktok.com/@fgjbgf4688"" target=""_blank"">@fgjbgf4688</a>",12,4,91.5,1,1,8,0,3681.25,142.5,7.25,21.75
"<a href=""https://tiktok.com/@fhda78402"" target=""_blank"">@fhda78402</a>",57,15,67.761,0.933,5,123,0,1169.8,85.533,0.733,0.267
"<a href=""https://tiktok.com/@fhkundshunk"" target=""_blank"">@fhkundshunk</a>",45,5,26,1,1,9,0,3561.667,11,0,0.167
"<a href=""https://tiktok.com/@fhvf210"" target=""_blank"">@fhvf210</a>",17,6,40.85,0.929,2,18,0,1212.25,79.375,0.25,1.25
"<a href=""https://tiktok.com/@fhxk1941"" target=""_blank"">@fhxk1941</a>",58,13,53.091,1,2,49,0,1033,51.333,0.8,1.467
"<a href=""https://tiktok.com/@findjfd"" target=""_blank"">@findjfd</a>",70,4,53.818,1,1,11,0,1171.25,38.75,0.5,0
"<a href=""https://tiktok.com/@fjjgdvx"" target=""_blank"">@fjjgdvx</a>",44,9,61.587,0.872,5,48,0,5577,226.556,1.556,4.222
"<a href=""https://tiktok.com/@fjyukfjjf"" target=""_blank"">@fjyukfjjf</a>",42,9,54.722,0.844,2,20,0,8590.444,105.444,3.111,1.778
"<a href=""https://tiktok.com/@fkfdnd"" target=""_blank"">@fkfdnd</a>",40,6,51.181,1,2,17,0,1921.833,42.833,0.5,0
"<a href=""https://tiktok.com/@fkir2290"" target=""_blank"">@fkir2290</a>",63,5,50.333,1,1,9,0,417,22.25,0.625,0
"<a href=""https://tiktok.com/@fkird5848"" target=""_blank"">@fkird5848</a>",70,3,45,0.714,1,9,0,322.333,10,0.667,0
"<a href=""https://tiktok.com/@fklpls0ch5"" target=""_blank"">@fklpls0ch5</a>",35,6,64.5,1,1,8,0,128232.333,5421.167,53.667,23.833
"<a href=""https://tiktok.com/@fnnf8890"" target=""_blank"">@fnnf8890</a>",62,6,35,1,1,18,0,1697.545,65.636,0,1.273
"<a href=""https://tiktok.com/@fugfuj33"" target=""_blank"">@fugfuj33</a>",34,7,59.2,0.889,1,10,0,2333.429,75.286,3.714,2.286
"<a href=""https://tiktok.com/@fughf21"" target=""_blank"">@fughf21</a>",1,8,58.075,0.921,9,81,0,1383.875,57.625,0.5,1.625
"<a href=""https://tiktok.com/@funny.podcasttop"" target=""_blank"">@funny.podcasttop</a>",24,6,61.688,0.917,2,16,0,1077.833,37.667,0.167,0.5
"<a href=""https://tiktok.com/@gabriele.weber5"" target=""_blank"">@gabriele.weber5</a>",96,6,59.444,1,1,9,0,964.667,33.167,1,0.5
"<a href=""https://tiktok.com/@gclqse"" target=""_blank"">@gclqse</a>",108,9,70.179,0.972,6,76,0,596,21,0,0.222
"<a href=""https://tiktok.com/@gduhx01"" target=""_blank"">@gduhx01</a>",2,8,49.037,0.905,3,28,0,2685.667,129.111,0.667,1.667
"<a href=""https://tiktok.com/@geievertu8"" target=""_blank"">@geievertu8</a>",42,10,56.42,0.907,6,76,0,275.2,10.9,0.3,0.5
"<a href=""https://tiktok.com/@gf.nj97"" target=""_blank"">@gf.nj97</a>",42,10,60.684,0.949,6,68,0,3054.2,296.9,6,8.8
"<a href=""https://tiktok.com/@gfjch34"" target=""_blank"">@gfjch34</a>",41,9,49.875,0.857,1,8,0,2185.222,144.222,3,1.444
"<a href=""https://tiktok.com/@ggg.hgfc"" target=""_blank"">@ggg.hgfc</a>",4,10,54.951,0.938,2,17,0,1030.5,29.3,0.7,1
"<a href=""https://tiktok.com/@ghhj8554"" target=""_blank"">@ghhj8554</a>",57,14,71.699,0.847,4,67,0,1529.857,44.286,0.143,0.714
"<a href=""https://tiktok.com/@ghsg7ezec9"" target=""_blank"">@ghsg7ezec9</a>",36,6,92.375,0.833,1,8,0,287.667,4.667,0,0
"<a href=""https://tiktok.com/@gichiecemila"" target=""_blank"">@gichiecemila</a>",27,6,59.889,1,2,17,0,974.333,37.167,0.5,4.167
"<a href=""https://tiktok.com/@giird3"" target=""_blank"">@giird3</a>",100,4,23.25,1,1,8,0,1126.5,73.75,0.75,5.25
"<a href=""https://tiktok.com/@givi0331"" target=""_blank"">@givi0331</a>",58,12,74.532,0.972,4,69,0,328.4,13.533,0.067,0.2
"<a href=""https://tiktok.com/@gjguq6894"" target=""_blank"">@gjguq6894</a>",62,3,48.833,1,2,18,0,2327.083,104.083,0.222,4
"<a href=""https://tiktok.com/@gour2295"" target=""_blank"">@gour2295</a>",61,10,54.889,0.917,3,48,0,1047.8,60,0.4,0.5
"<a href=""https://tiktok.com/@gutieyy7"" target=""_blank"">@gutieyy7</a>",42,10,48.306,0.855,3,31,0,3125.5,148.2,3.7,14.5
"<a href=""https://tiktok.com/@gvcchh3457"" target=""_blank"">@gvcchh3457</a>",12,4,43.9,1,5,40,0,1366,56.75,2.25,0.5
"<a href=""https://tiktok.com/@hckcudh1"" target=""_blank"">@hckcudh1</a>",32,4,44.375,1,2,16,0,2578,159,1,0.75
"<a href=""https://tiktok.com/@hcodifb"" target=""_blank"">@hcodifb</a>",1,6,57.018,0.975,5,46,0,984.375,72,0.75,2.75
"<a href=""https://tiktok.com/@hdbjx72"" target=""_blank"">@hdbjx72</a>",17,9,29.6,1,2,18,0,1066,34,0.778,0.222
"<a href=""https://tiktok.com/@hdhxh3484"" target=""_blank"">@hdhxh3484</a>",2,7,51,0.967,3,30,0,1396.5,37,0.5,0.25
"<a href=""https://tiktok.com/@hdidkser0"" target=""_blank"">@hdidkser0</a>",42,9,59.814,0.931,5,44,0,1465.444,102.111,1.222,1.111
"<a href=""https://tiktok.com/@hdmjwo1"" target=""_blank"">@hdmjwo1</a>",108,9,60.248,0.954,6,80,0,595.667,15.556,0.111,0.333
"<a href=""https://tiktok.com/@hdr86575"" target=""_blank"">@hdr86575</a>",3,8,38.25,1,1,8,0,1354.75,34,0.5,0.125
"<a href=""https://tiktok.com/@hdryxd"" target=""_blank"">@hdryxd</a>",43,8,57.935,0.869,6,60,0,3774.667,121.889,18.778,9
"<a href=""https://tiktok.com/@hdvhds4"" target=""_blank"">@hdvhds4</a>",71,6,45.85,0.938,2,18,0,1232.167,96.667,1,0.167
"<a href=""https://tiktok.com/@hdxj59"" target=""_blank"">@hdxj59</a>",102,4,53.667,1,3,24,0,9566.75,143.25,1.75,3
"<a href=""https://tiktok.com/@hehs5037"" target=""_blank"">@hehs5037</a>",63,9,75.974,1,2,22,0,254.667,13.222,0.125,0
"<a href=""https://tiktok.com/@hhgghj8866"" target=""_blank"">@hhgghj8866</a>",12,4,49.85,1,5,40,0,1493.75,128.25,1.75,5
"<a href=""https://tiktok.com/@hidouo"" target=""_blank"">@hidouo</a>",109,9,63.045,0.875,3,42,0,409.333,17.111,0,0.222
"<a href=""https://tiktok.com/@hkmdrr"" target=""_blank"">@hkmdrr</a>",103,4,51.7,0.9,2,18,0,4949.5,170.5,1.75,3.5
"<a href=""https://tiktok.com/@hlnvan42749s"" target=""_blank"">@hlnvan42749s</a>",25,8,70.958,1,2,20,0,1213,20.375,0.375,1.875
"<a href=""https://tiktok.com/@hltuoq"" target=""_blank"">@hltuoq</a>",109,6,74.206,0.838,2,24,0,868.444,24.556,0,0
"<a href=""https://tiktok.com/@hnxy.seym"" target=""_blank"">@hnxy.seym</a>",86,8,60.944,0.944,2,18,0,3340,23.75,0.125,0.625
"<a href=""https://tiktok.com/@hockey2840"" target=""_blank"">@hockey2840</a>",29,4,60.75,1,1,8,0,1902,44.75,0,0.75
"<a href=""https://tiktok.com/@hojdmc"" target=""_blank"">@hojdmc</a>",59,15,18.196,0.944,6,180,0,1193.133,124.333,1.2,1
"<a href=""https://tiktok.com/@hrsy60677"" target=""_blank"">@hrsy60677</a>",63,3,63,1,1,9,0,2165,82.333,0.667,1
"<a href=""https://tiktok.com/@hryfeucmuql"" target=""_blank"">@hryfeucmuql</a>",93,4,29,1,1,8,0,1307.5,77.75,3.25,19.25
"<a href=""https://tiktok.com/@hsbuz8"" target=""_blank"">@hsbuz8</a>",23,7,49.625,0.882,2,27,0,2077.3,68.8,0.7,0.7
"<a href=""https://tiktok.com/@hullen.nguyen"" target=""_blank"">@hullen.nguyen</a>",5,10,58.319,0.86,4,34,0,1895.3,69.8,0.4,0.8
"<a href=""https://tiktok.com/@huoqilaiya"" target=""_blank"">@huoqilaiya</a>",10,4,64.5,1,1,8,0,2931.5,206.5,5.5,16.25
"<a href=""https://tiktok.com/@hvtcan"" target=""_blank"">@hvtcan</a>",84,6,50.225,0.917,2,18,0,960.5,45.333,1,0.333
"<a href=""https://tiktok.com/@hwvrok"" target=""_blank"">@hwvrok</a>",75,5,35.575,0.929,2,18,0,1093.2,41.6,1.4,0.4
"<a href=""https://tiktok.com/@hzhdhs"" target=""_blank"">@hzhdhs</a>",72,6,45.611,0.929,2,17,0,998.833,83.5,0.5,0.167
"<a href=""https://tiktok.com/@idpeoc"" target=""_blank"">@idpeoc</a>",109,9,63.056,0.892,5,90,0,258.556,13.556,0,0.222
"<a href=""https://tiktok.com/@ifrt2705"" target=""_blank"">@ifrt2705</a>",105,9,10.333,1,1,9,0,2518.556,55.111,1.222,0.889
"<a href=""https://tiktok.com/@iiuu553"" target=""_blank"">@iiuu553</a>",48,8,54.067,0.919,6,82,0,76444.5,1200.25,2.125,9.375
"<a href=""https://tiktok.com/@ilges.estelwei"" target=""_blank"">@ilges.estelwei</a>",56,7,59.091,1,1,11,0,2857.778,29.444,1.444,0.444
"<a href=""https://tiktok.com/@irdc042"" target=""_blank"">@irdc042</a>",1,10,60.67,0.943,7,62,0,5379.5,189.7,1.6,3.4
"<a href=""https://tiktok.com/@isce0690"" target=""_blank"">@isce0690</a>",58,15,68.855,0.943,6,73,0,1047.533,55.867,0.067,0.333
"<a href=""https://tiktok.com/@isge0853"" target=""_blank"">@isge0853</a>",58,12,63.542,0.929,4,46,0,342.462,14.231,0.308,0.308
"<a href=""https://tiktok.com/@itsstj2"" target=""_blank"">@itsstj2</a>",101,4,55,1,1,8,0,1011,80,1,1.25
"<a href=""https://tiktok.com/@iupkvg"" target=""_blank"">@iupkvg</a>",108,3,85,1,2,18,0,303.333,12.667,0,0
"<a href=""https://tiktok.com/@iuy7640"" target=""_blank"">@iuy7640</a>",102,4,32.667,1,3,24,0,1886.5,66.75,1,0
"<a href=""https://tiktok.com/@j.uv586"" target=""_blank"">@j.uv586</a>",20,10,33.75,1,1,8,0,1546.5,44.8,0.1,0.1
"<a href=""https://tiktok.com/@jajsjsn56"" target=""_blank"">@jajsjsn56</a>",48,15,61.083,0.959,7,123,0,3088.8,73.067,0.267,0.8
"<a href=""https://tiktok.com/@jccj44506"" target=""_blank"">@jccj44506</a>",57,15,54.828,0.942,4,107,0,620.267,51.667,0.533,0.4
"<a href=""https://tiktok.com/@jdkckcj2"" target=""_blank"">@jdkckcj2</a>",5,9,65,0.917,2,16,0,5929.667,150.778,1.556,3.556
"<a href=""https://tiktok.com/@jdpdosj"" target=""_blank"">@jdpdosj</a>",1,10,56.111,0.921,3,29,0,545.2,20.2,0.9,0.4
"<a href=""https://tiktok.com/@jdpxorjf"" target=""_blank"">@jdpxorjf</a>",1,9,61.169,0.864,10,101,0,2031.5,160.5,0.7,1.3
"<a href=""https://tiktok.com/@jeffrey.hettinger"" target=""_blank"">@jeffrey.hettinger</a>",9,9,43.125,0.833,1,8,0,1383.333,31.556,0.333,4.778
"<a href=""https://tiktok.com/@jfdd653"" target=""_blank"">@jfdd653</a>",3,8,68.837,0.833,3,27,0,1614.25,56,0.25,0
"<a href=""https://tiktok.com/@jfkovj5"" target=""_blank"">@jfkovj5</a>",1,6,75.25,1,1,8,0,3155.167,182.5,2.333,2
"<a href=""https://tiktok.com/@jfodxgajsjijpd"" target=""_blank"">@jfodxgajsjijpd</a>",12,4,49.875,1,6,48,0,1559.75,99.5,5.75,7
"<a href=""https://tiktok.com/@jfufrehcdh"" target=""_blank"">@jfufrehcdh</a>",1,7,51.755,0.863,6,51,0,2966,188,17.714,7
"<a href=""https://tiktok.com/@jkuy0534"" target=""_blank"">@jkuy0534</a>",57,14,63.353,0.82,3,89,0,613.286,33.571,0.286,0.429
"<a href=""https://tiktok.com/@jshszh6382"" target=""_blank"">@jshszh6382</a>",71,7,46.025,0.871,5,40,0,3177.857,65.714,1.143,0.429
"<a href=""https://tiktok.com/@jsosjxj8"" target=""_blank"">@jsosjxj8</a>",1,8,63.936,0.935,6,53,0,3626.875,119.125,0.5,1.625
"<a href=""https://tiktok.com/@jtcytxyzey"" target=""_blank"">@jtcytxyzey</a>",1,9,65.073,0.873,6,55,0,1105.111,71.667,0.889,0.556
"<a href=""https://tiktok.com/@jvhb240"" target=""_blank"">@jvhb240</a>",48,12,56.568,0.868,5,98,0,3062.143,68.214,0.357,1.214
"<a href=""https://tiktok.com/@jvtvc3"" target=""_blank"">@jvtvc3</a>",48,8,59.072,0.927,7,86,0,2833.125,70.875,0.5,1
"<a href=""https://tiktok.com/@jxhagmnav0"" target=""_blank"">@jxhagmnav0</a>",35,6,67.875,1,1,8,0,644.833,23.333,0.333,0.833
"<a href=""https://tiktok.com/@kacbr2774"" target=""_blank"">@kacbr2774</a>",71,5,54.375,0.857,2,16,0,1653.4,59.6,1.4,0.6
"<a href=""https://tiktok.com/@karlamoran19677"" target=""_blank"">@karlamoran19677</a>",26,8,44.909,0.929,2,22,0,5434.25,42.75,1.625,1.875
"<a href=""https://tiktok.com/@kellie.perry2"" target=""_blank"">@kellie.perry2</a>",96,5,59.444,1,1,9,0,314.4,4.6,0,1
"<a href=""https://tiktok.com/@kfbfol"" target=""_blank"">@kfbfol</a>",108,5,48.846,1,1,13,0,478.833,32.5,0.167,0.167
"<a href=""https://tiktok.com/@khanh.phukhh"" target=""_blank"">@khanh.phukhh</a>",52,9,42.85,0.958,3,29,0,3405.111,59,2.556,2.222
"<a href=""https://tiktok.com/@khfbou"" target=""_blank"">@khfbou</a>",59,12,16.358,0.968,6,147,0,1283.133,23.8,0.067,0.067
"<a href=""https://tiktok.com/@kim.jong4379"" target=""_blank"">@kim.jong4379</a>",7,5,54.875,0.667,1,8,0,3867.6,78.4,2.6,9.2
"<a href=""https://tiktok.com/@kiramkxlj3z"" target=""_blank"">@kiramkxlj3z</a>",13,4,88.25,1,1,8,0,1464.25,87.25,0.75,4
"<a href=""https://tiktok.com/@krug011"" target=""_blank"">@krug011</a>",1,10,56.226,0.908,12,116,0,3077.3,256,3.2,21.5
"<a href=""https://tiktok.com/@ksndfmggf"" target=""_blank"">@ksndfmggf</a>",33,6,44.125,1,1,8,0,1581.857,96.857,0.714,0.286
"<a href=""https://tiktok.com/@ktsfyh"" target=""_blank"">@ktsfyh</a>",43,10,54.615,0.875,9,99,0,2328.8,133.1,1.9,1.1
"<a href=""https://tiktok.com/@kubjij"" target=""_blank"">@kubjij</a>",59,10,17.685,0.924,6,147,0,741.333,93.867,0.733,0.467
"<a href=""https://tiktok.com/@kuhar.clair6"" target=""_blank"">@kuhar.clair6</a>",19,5,48,0.556,1,9,0,1061.857,18.286,0.429,2.714
"<a href=""https://tiktok.com/@labaam4"" target=""_blank"">@labaam4</a>",82,5,25.125,1,2,16,0,475.75,22.125,0.375,0
"<a href=""https://tiktok.com/@labksb49906r"" target=""_blank"">@labksb49906r</a>",25,6,50.5,0.714,1,8,0,482,22.286,0.143,0
"<a href=""https://tiktok.com/@labubu5252"" target=""_blank"">@labubu5252</a>",10,4,55,1,1,8,0,10319.25,302.25,12.25,42.75
"<a href=""https://tiktok.com/@lakrin9"" target=""_blank"">@lakrin9</a>",83,4,51,1,1,8,0,1244.25,55.75,0.75,0.25
"<a href=""https://tiktok.com/@landscape5670"" target=""_blank"">@landscape5670</a>",43,9,64.768,0.938,7,78,0,3278.8,258.4,0.8,5.7
"<a href=""https://tiktok.com/@lanora.haskely"" target=""_blank"">@lanora.haskely</a>",52,8,48.036,0.952,3,30,0,1653.889,46.778,1.778,3.889
"<a href=""https://tiktok.com/@lawgray3"" target=""_blank"">@lawgray3</a>",47,7,54.069,0.834,5,53,0,1306,45.857,0.286,0.857
"<a href=""https://tiktok.com/@lawrenceharvey54"" target=""_blank"">@lawrenceharvey54</a>",9,8,52.163,0.833,2,18,0,1087.75,17.75,0.375,1.5
"<a href=""https://tiktok.com/@ldhkhq"" target=""_blank"">@ldhkhq</a>",39,6,53.667,0.714,1,9,0,1880.833,58.333,0,0.167
"<a href=""https://tiktok.com/@lekpow"" target=""_blank"">@lekpow</a>",108,5,64.625,1,2,24,0,356.6,5.4,0,0
"<a href=""https://tiktok.com/@lhqitc"" target=""_blank"">@lhqitc</a>",109,9,61.517,0.917,2,33,0,575.667,19.778,0,0.333
"<a href=""https://tiktok.com/@liliana.owyngk"" target=""_blank"">@liliana.owyngk</a>",51,7,49.25,1,1,8,0,1454.8,58.7,0.8,0.5
"<a href=""https://tiktok.com/@lishunfadacai125"" target=""_blank"">@lishunfadacai125</a>",12,4,69.05,1,5,40,0,570,48.75,3,4.5
"<a href=""https://tiktok.com/@ljpjvh"" target=""_blank"">@ljpjvh</a>",75,4,18.375,1,2,16,0,47863.25,2585.5,13.25,6.25
"<a href=""https://tiktok.com/@lngchi96"" target=""_blank"">@lngchi96</a>",38,5,49.5,1,1,8,0,1648.667,62.167,0.5,0.5
"<a href=""https://tiktok.com/@lnppoe"" target=""_blank"">@lnppoe</a>",104,6,78.25,1,2,27,0,1051.333,41.889,4,1.667
"<a href=""https://tiktok.com/@long.arpin"" target=""_blank"">@long.arpin</a>",31,8,46.875,1,1,8,0,37501.25,2040.75,9.75,11.375
"<a href=""https://tiktok.com/@loveyouxue1"" target=""_blank"">@loveyouxue1</a>",14,4,65.75,1,2,16,0,1480.5,101,4.25,29.75
"<a href=""https://tiktok.com/@luisina.riihimaki"" target=""_blank"">@luisina.riihimaki</a>",1,8,67.021,0.875,2,17,0,1623.5,147.125,2.5,8.75
"<a href=""https://tiktok.com/@lxjjc"" target=""_blank"">@lxjjc</a>",2,10,56.799,0.868,7,74,0,2036.5,79.7,0.7,3.9
"<a href=""https://tiktok.com/@m157pcokd1"" target=""_blank"">@m157pcokd1</a>",36,6,63.875,1,1,8,0,2333.833,54.833,7.333,1.833
"<a href=""https://tiktok.com/@maemeg7"" target=""_blank"">@maemeg7</a>",74,6,9.833,0.9,1,12,0,1193.333,83.333,0.833,0.167
"<a href=""https://tiktok.com/@marisol.rath"" target=""_blank"">@marisol.rath</a>",8,7,59.775,0.938,2,18,0,1041.2,28.6,0.4,3.6
"<a href=""https://tiktok.com/@marjoriecarrie0525"" target=""_blank"">@marjoriecarrie0525</a>",8,9,52.715,1,3,33,0,985.889,27.778,0.333,2.667
"<a href=""https://tiktok.com/@mbxuwf"" target=""_blank"">@mbxuwf</a>",81,5,26.8,0.857,1,10,0,1343.286,40.429,1,0.571
"<a href=""https://tiktok.com/@mdsdz2"" target=""_blank"">@mdsdz2</a>",49,8,68.412,0.727,1,17,0,11945,500.143,20.571,13.071
"<a href=""https://tiktok.com/@mina.12558"" target=""_blank"">@mina.12558</a>",95,4,68.5,1,1,8,0,1340.5,119.75,2.25,14.5
"<a href=""https://tiktok.com/@miss.bordner"" target=""_blank"">@miss.bordner</a>",5,9,56.333,0.812,2,18,0,1846.667,111.111,0.667,1.222
"<a href=""https://tiktok.com/@mmhpbybt"" target=""_blank"">@mmhpbybt</a>",85,12,56.625,0.873,2,20,0,1974.417,30.917,5.833,0.333
"<a href=""https://tiktok.com/@mnabkkop"" target=""_blank"">@mnabkkop</a>",46,6,38,1,1,8,0,63531.222,2334.889,7.889,19.444
"<a href=""https://tiktok.com/@mnbub4"" target=""_blank"">@mnbub4</a>",54,7,43.194,1,2,21,0,6684.6,65.1,1.3,11.8
"<a href=""https://tiktok.com/@mong.khuu"" target=""_blank"">@mong.khuu</a>",8,10,51.498,0.963,3,32,0,1335.5,40.5,0.5,2.2
"<a href=""https://tiktok.com/@msfsgvsvcsdfsadsa"" target=""_blank"">@msfsgvsvcsdfsadsa</a>",25,7,46.25,0.833,1,8,0,543.286,15.714,0.286,0.143
"<a href=""https://tiktok.com/@mua29840"" target=""_blank"">@mua29840</a>",40,6,61.056,0.857,2,17,0,4236,272.667,8.833,11.833
"<a href=""https://tiktok.com/@mxvgdscsdfvcsdfsd"" target=""_blank"">@mxvgdscsdfvcsdfsd</a>",25,7,52.949,0.905,3,25,0,780.571,24.714,0.286,0.286
"<a href=""https://tiktok.com/@ncjfhyrsdj"" target=""_blank"">@ncjfhyrsdj</a>",72,6,43.584,0.958,3,29,0,523,16.5,0.333,0
"<a href=""https://tiktok.com/@ncsfo3287"" target=""_blank"">@ncsfo3287</a>",72,6,54.052,0.964,4,33,0,1553.5,88.833,0.667,0.5
"<a href=""https://tiktok.com/@ndmsl15"" target=""_blank"">@ndmsl15</a>",98,4,27.75,1,1,8,0,117402.75,5395.5,14,28.25
"<a href=""https://tiktok.com/@nfjsk12"" target=""_blank"">@nfjsk12</a>",103,5,55.3,0.8,3,30,0,2158,60.4,1.6,0.8
"<a href=""https://tiktok.com/@nfyk.emma"" target=""_blank"">@nfyk.emma</a>",8,10,51.152,1,3,42,0,2226,68.9,0.7,7.2
"<a href=""https://tiktok.com/@ngeetjbwt"" target=""_blank"">@ngeetjbwt</a>",69,6,44.125,0.857,1,8,0,1018.667,66.333,0.5,0
"<a href=""https://tiktok.com/@niyztc36975"" target=""_blank"">@niyztc36975</a>",25,6,55.375,0.714,1,8,0,1647.667,68.333,0,0.167
"<a href=""https://tiktok.com/@njjyaey5"" target=""_blank"">@njjyaey5</a>",82,8,31,1,2,24,0,858.25,41.5,1.5,0
"<a href=""https://tiktok.com/@nmkv7803"" target=""_blank"">@nmkv7803</a>",94,4,26.375,1,2,16,0,1692.75,111,4.75,7.75
"<a href=""https://tiktok.com/@nqkwvc"" target=""_blank"">@nqkwvc</a>",74,8,20.167,0.95,2,20,0,1479.125,67.375,0.375,0.5
"<a href=""https://tiktok.com/@ntijbfvwvlj126"" target=""_blank"">@ntijbfvwvlj126</a>",27,6,45.75,1,1,8,0,17506.667,171.167,1.167,24.833
"<a href=""https://tiktok.com/@ntpblw"" target=""_blank"">@ntpblw</a>",110,3,75,1,1,9,0,380.333,19.333,0.333,0.333
"<a href=""https://tiktok.com/@nxpsa4288"" target=""_blank"">@nxpsa4288</a>",71,6,48.639,1,2,17,0,582.5,26,1.167,0.167
"<a href=""https://tiktok.com/@objlhmtjemu"" target=""_blank"">@objlhmtjemu</a>",108,9,69.098,0.9,5,69,0,385.889,8.889,0.111,0.111
"<a href=""https://tiktok.com/@oidufc"" target=""_blank"">@oidufc</a>",82,8,22.625,1,2,24,0,805.875,35,0.125,0.25
"<a href=""https://tiktok.com/@ojkmss"" target=""_blank"">@ojkmss</a>",110,3,75,1,1,9,0,409,25.333,0,0
"<a href=""https://tiktok.com/@okay11732"" target=""_blank"">@okay11732</a>",57,12,67.985,0.944,5,94,0,1708.857,61.643,0.214,0.643
"<a href=""https://tiktok.com/@okhgf567"" target=""_blank"">@okhgf567</a>",12,4,54.25,1,1,8,0,794,56.5,3.25,2.25
"<a href=""https://tiktok.com/@oljclk"" target=""_blank"">@oljclk</a>",75,6,25.2,0.929,2,18,0,1583.333,50.167,0.667,0
"<a href=""https://tiktok.com/@olrsyrt7"" target=""_blank"">@olrsyrt7</a>",78,4,15.25,1,1,8,0,1480.75,33,0.25,0.5
"<a href=""https://tiktok.com/@omi.poni0"" target=""_blank"">@omi.poni0</a>",30,3,41.889,1,1,9,0,641.333,17.667,0,0
"<a href=""https://tiktok.com/@onikacaylie"" target=""_blank"">@onikacaylie</a>",9,6,61.2,0.833,1,10,0,1461.286,47,1.143,9
"<a href=""https://tiktok.com/@opgse4909"" target=""_blank"">@opgse4909</a>",70,9,64.606,0.874,9,88,0,1578.667,66.444,0.667,0.333
"<a href=""https://tiktok.com/@osb.remo"" target=""_blank"">@osb.remo</a>",47,8,67.01,0.902,7,68,0,7031.625,122.125,1.875,19.5
"<a href=""https://tiktok.com/@osiqraf"" target=""_blank"">@osiqraf</a>",103,4,58.6,0.933,3,26,0,997.75,73.75,0.25,0.5
"<a href=""https://tiktok.com/@owuhwh"" target=""_blank"">@owuhwh</a>",101,4,28.75,1,1,8,0,18424,680.5,5.75,6.75
"<a href=""https://tiktok.com/@oxkympku"" target=""_blank"">@oxkympku</a>",87,9,54.144,0.944,3,40,0,5194.556,44.222,0.333,10.889
"<a href=""https://tiktok.com/@pbpktw"" target=""_blank"">@pbpktw</a>",109,9,76.454,0.971,7,112,0,817,46,0.222,0.889
"<a href=""https://tiktok.com/@pbtchn"" target=""_blank"">@pbtchn</a>",108,5,94.2,1,2,19,0,218.5,12,0,0
"<a href=""https://tiktok.com/@pehcpohz"" target=""_blank"">@pehcpohz</a>",85,13,46.167,0.818,1,12,0,1890.643,14.214,1.5,0.643
"<a href=""https://tiktok.com/@pfigfwdyh2huxc"" target=""_blank"">@pfigfwdyh2huxc</a>",94,4,27.375,1,2,16,0,1537.75,139.5,4.75,11.25
"<a href=""https://tiktok.com/@phong.ngoc76"" target=""_blank"">@phong.ngoc76</a>",53,10,46.526,0.958,3,32,0,3486.5,70.2,1.8,1.7
"<a href=""https://tiktok.com/@pjk3357"" target=""_blank"">@pjk3357</a>",55,8,57.25,0.8,1,12,0,1173,73.8,0.4,0.4
"<a href=""https://tiktok.com/@pmvlqfdkiyxv"" target=""_blank"">@pmvlqfdkiyxv</a>",11,4,88,1,1,8,0,1109.25,35.25,0.5,2.5
"<a href=""https://tiktok.com/@prbnac"" target=""_blank"">@prbnac</a>",108,3,62,1,2,18,0,476.667,20.667,0,0.333
"<a href=""https://tiktok.com/@prdtbykvhr1rjl"" target=""_blank"">@prdtbykvhr1rjl</a>",28,6,36.674,0.833,2,17,0,2230.667,45,1,1.833
"<a href=""https://tiktok.com/@puhrra"" target=""_blank"">@puhrra</a>",109,9,64.979,0.948,6,81,0,579.111,36.556,0.111,1.667
"<a href=""https://tiktok.com/@pxibi018"" target=""_blank"">@pxibi018</a>",23,6,52.5,0.873,2,24,0,1353.25,37.5,0.5,0.5
"<a href=""https://tiktok.com/@pxogmdqpa46"" target=""_blank"">@pxogmdqpa46</a>",29,4,60.75,1,1,8,0,1741.75,36.5,2.75,13.25
"<a href=""https://tiktok.com/@qdcieh"" target=""_blank"">@qdcieh</a>",59,15,18.01,0.98,6,180,0,1293.2,80.467,0.6,0.133
"<a href=""https://tiktok.com/@qigqtm"" target=""_blank"">@qigqtm</a>",108,3,39,1,1,9,0,232.333,9,0,0.333
"<a href=""https://tiktok.com/@qkhcht2"" target=""_blank"">@qkhcht2</a>",108,6,61.498,0.944,3,34,0,347.667,9.667,0.167,0.167
"<a href=""https://tiktok.com/@qnphvvhp3wg3jg"" target=""_blank"">@qnphvvhp3wg3jg</a>",12,4,48.917,1,3,24,0,73339.5,926.25,94.75,26.75
"<a href=""https://tiktok.com/@qqq14107"" target=""_blank"">@qqq14107</a>",95,4,54.5,1,2,16,0,1685,164.25,7.5,12.75
"<a href=""https://tiktok.com/@quincyshop08"" target=""_blank"">@quincyshop08</a>",1,8,59.908,0.882,4,41,0,1743.5,73.25,5.125,5.75
"<a href=""https://tiktok.com/@ququ.anhag"" target=""_blank"">@ququ.anhag</a>",54,5,38.194,1,2,17,0,1968.429,25,1.286,0.571
"<a href=""https://tiktok.com/@qvcka2481"" target=""_blank"">@qvcka2481</a>",70,3,32.819,0.845,2,17,0,2200.333,48.333,0.333,0.333
"<a href=""https://tiktok.com/@qxsabeqa"" target=""_blank"">@qxsabeqa</a>",85,13,68.95,0.915,3,39,0,1320.867,18.133,0.2,0.533
"<a href=""https://tiktok.com/@reddit.vztwo"" target=""_blank"">@reddit.vztwo</a>",21,6,45.875,1,1,8,0,905.143,35.571,0.571,1.143
"<a href=""https://tiktok.com/@reddit1bs"" target=""_blank"">@reddit1bs</a>",15,9,48.622,0.889,2,19,0,1573.778,33.667,0.222,0.778
"<a href=""https://tiktok.com/@reddit_grayson99"" target=""_blank"">@reddit_grayson99</a>",59,12,19.512,0.991,6,162,0,1534,102.333,0.167,0.333
"<a href=""https://tiktok.com/@reddit_hunt"" target=""_blank"">@reddit_hunt</a>",59,6,15.722,0.933,6,72,0,1177.667,62.667,0.333,1.333
"<a href=""https://tiktok.com/@reddit_ignatius8"" target=""_blank"">@reddit_ignatius8</a>",104,6,69.667,1,2,18,0,13032,183.889,9,15.889
"<a href=""https://tiktok.com/@redditpov6"" target=""_blank"">@redditpov6</a>",26,7,58.086,0.866,2,21,0,4785.143,64.143,0.571,4.429
"<a href=""https://tiktok.com/@redditstory667"" target=""_blank"">@redditstory667</a>",55,7,57.25,0.8,1,12,0,1216.333,62.222,2.222,0.667
"<a href=""https://tiktok.com/@rohingyao"" target=""_blank"">@rohingyao</a>",43,10,60.156,0.861,8,92,0,2507.8,114.1,5.2,1.2
"<a href=""https://tiktok.com/@romyzbuhpisgfh"" target=""_blank"">@romyzbuhpisgfh</a>",95,4,40.5,1,1,8,0,1060,52,2.5,3.5
"<a href=""https://tiktok.com/@rosacasey65"" target=""_blank"">@rosacasey65</a>",42,10,55.954,0.905,6,70,0,2471.7,134.4,2.4,1.7
"<a href=""https://tiktok.com/@roselent02103"" target=""_blank"">@roselent02103</a>",70,4,56.125,0.833,1,8,0,1844,43.75,0.75,0.25
"<a href=""https://tiktok.com/@rrwtqoji8v5"" target=""_blank"">@rrwtqoji8v5</a>",25,6,52.6,0.914,5,40,0,1420.833,58.167,0,0
"<a href=""https://tiktok.com/@rubin.mervy8"" target=""_blank"">@rubin.mervy8</a>",47,4,77.875,0.857,1,8,0,2596.5,58,0.25,0.25
"<a href=""https://tiktok.com/@rvfdcpqmerituj"" target=""_blank"">@rvfdcpqmerituj</a>",12,4,55,1,1,8,0,991.25,42,5.25,1.75
"<a href=""https://tiktok.com/@rvmmmy"" target=""_blank"">@rvmmmy</a>",80,6,28.333,1,3,24,0,1328.5,60,1.625,0.125
"<a href=""https://tiktok.com/@ryllskaya.reddit"" target=""_blank"">@ryllskaya.reddit</a>",33,7,66.375,0.875,1,8,0,1285.333,185.111,1.444,0.333
"<a href=""https://tiktok.com/@ryllskayaqing"" target=""_blank"">@ryllskayaqing</a>",33,9,42,0.873,2,17,0,6989.9,279,3.2,0.9
"<a href=""https://tiktok.com/@sasapco"" target=""_blank"">@sasapco</a>",43,10,56.36,0.891,10,118,0,2371.7,185.3,1.8,0.9
"<a href=""https://tiktok.com/@satsyou"" target=""_blank"">@satsyou</a>",44,8,45.333,0.917,3,26,0,2397.444,148.333,2.222,2.667
"<a href=""https://tiktok.com/@scndqxjyehg"" target=""_blank"">@scndqxjyehg</a>",25,8,65.56,0.929,4,38,0,2151.75,79.75,2.125,8.125
"<a href=""https://tiktok.com/@scoolpodcast"" target=""_blank"">@scoolpodcast</a>",24,4,61.75,1,2,16,0,946.667,33,0.333,0.833
"<a href=""https://tiktok.com/@scqf.cvdv"" target=""_blank"">@scqf.cvdv</a>",87,9,57.271,0.855,3,43,0,1033,20.111,0.333,2.778
"<a href=""https://tiktok.com/@sdsdyou"" target=""_blank"">@sdsdyou</a>",43,10,21.575,0.929,2,18,0,4954.6,247.9,3.3,1.9
"<a href=""https://tiktok.com/@seile.rian"" target=""_blank"">@seile.rian</a>",47,4,47.569,0.929,4,36,0,3466,43.667,0.333,4.667
"<a href=""https://tiktok.com/@sharleen.howard"" target=""_blank"">@sharleen.howard</a>",2,8,53.23,0.975,4,41,0,1534.75,87.625,1.125,3
"<a href=""https://tiktok.com/@shbsdd2"" target=""_blank"">@shbsdd2</a>",104,6,77.25,1,2,27,0,9362.889,259.333,23.778,43.111
"<a href=""https://tiktok.com/@shgj33"" target=""_blank"">@shgj33</a>",2,7,51.931,0.967,3,28,0,1846.75,52.5,0.375,0.375
"<a href=""https://tiktok.com/@shuj977"" target=""_blank"">@shuj977</a>",21,8,51.333,0.889,1,12,0,1136.75,49.375,0.75,0.375
"<a href=""https://tiktok.com/@shuy742"" target=""_blank"">@shuy742</a>",22,8,49.267,1,2,29,0,800.375,16.25,0.5,0.25
"<a href=""https://tiktok.com/@shvchjds"" target=""_blank"">@shvchjds</a>",44,10,66.05,1,2,18,0,4380.1,206.5,2.2,8.7
"<a href=""https://tiktok.com/@sidjjd79"" target=""_blank"">@sidjjd79</a>",24,6,47.188,0.917,2,16,0,718.5,26.667,0.167,0.167
"<a href=""https://tiktok.com/@sillerhaha34"" target=""_blank"">@sillerhaha34</a>",28,5,33.222,1,1,9,0,2614.2,63.8,0.2,0
"<a href=""https://tiktok.com/@sjjssjs151"" target=""_blank"">@sjjssjs151</a>",4,6,61.188,0.857,2,16,0,2800.833,93.5,3.167,0.667
"<a href=""https://tiktok.com/@skunk.robinsong"" target=""_blank"">@skunk.robinsong</a>",50,8,54.986,1,2,17,0,1463.375,96.5,0.5,3.125
"<a href=""https://tiktok.com/@snoshsj"" target=""_blank"">@snoshsj</a>",72,5,54.778,1,2,18,0,1084.2,45.6,0.2,0.2
"<a href=""https://tiktok.com/@sqifhw"" target=""_blank"">@sqifhw</a>",109,8,73.948,0.944,5,64,0,652.25,34.875,0,0.25
"<a href=""https://tiktok.com/@srepabble5758"" target=""_blank"">@srepabble5758</a>",27,6,42,1,1,8,0,6912.333,121.833,0.5,2.333
"<a href=""https://tiktok.com/@stien.lindag"" target=""_blank"">@stien.lindag</a>",50,8,59.222,1,1,9,0,2282,151.25,0.75,0.625
"<a href=""https://tiktok.com/@stoyouh"" target=""_blank"">@stoyouh</a>",43,9,54.783,0.885,10,108,0,6976.667,158.222,0.667,0.222
"<a href=""https://tiktok.com/@stvhfhj"" target=""_blank"">@stvhfhj</a>",44,9,55.792,0.903,3,26,0,3183.778,107.333,6.556,4.667
"<a href=""https://tiktok.com/@sug7994"" target=""_blank"">@sug7994</a>",22,5,50.969,0.938,2,24,0,311.4,5.6,0,0.2
"<a href=""https://tiktok.com/@sumroo.786"" target=""_blank"">@sumroo.786</a>",90,6,85.427,0.875,2,32,0,1325.167,147.333,8.667,4
"<a href=""https://tiktok.com/@sun.lilym"" target=""_blank"">@sun.lilym</a>",56,7,59.091,1,1,11,0,2126.556,52,0.111,0.778
"<a href=""https://tiktok.com/@sush0240"" target=""_blank"">@sush0240</a>",105,9,10.333,1,1,9,0,2000.444,50.667,0.778,0.556
"<a href=""https://tiktok.com/@susv0936"" target=""_blank"">@susv0936</a>",58,12,67.782,0.943,5,69,0,715.933,45.133,0.067,0.467
"<a href=""https://tiktok.com/@svpmrjwfqvu2oj"" target=""_blank"">@svpmrjwfqvu2oj</a>",12,4,59.312,1,4,32,0,1063.75,42,2.5,7.5
"<a href=""https://tiktok.com/@sweet_driver120"" target=""_blank"">@sweet_driver120</a>",89,4,98.778,1,1,9,0,4890.417,482.583,37.333,6.083
"<a href=""https://tiktok.com/@sxdpod"" target=""_blank"">@sxdpod</a>",39,6,53.667,0.714,1,9,0,672.5,28.167,0.333,0.167
"<a href=""https://tiktok.com/@symg.ynyp"" target=""_blank"">@symg.ynyp</a>",86,9,51.214,1,3,33,0,845.444,7.556,0.111,0.667
"<a href=""https://tiktok.com/@tetel4962"" target=""_blank"">@tetel4962</a>",58,9,80.333,0.833,2,18,0,253.846,10.615,0.077,0.154
"<a href=""https://tiktok.com/@text690"" target=""_blank"">@text690</a>",43,5,62.875,0.667,1,8,0,5700,142.875,4.25,3.25
"<a href=""https://tiktok.com/@texting592"" target=""_blank"">@texting592</a>",26,8,43.723,0.938,2,21,0,3171.875,29.25,0.5,0.375
"<a href=""https://tiktok.com/@textmessagek"" target=""_blank"">@textmessagek</a>",28,6,67.75,0.929,2,16,0,935.667,24,0.333,0.833
"<a href=""https://tiktok.com/@texts178"" target=""_blank"">@texts178</a>",43,9,55.997,0.824,4,39,0,4728.667,174.333,2.889,11.556
"<a href=""https://tiktok.com/@textstory781"" target=""_blank"">@textstory781</a>",43,9,85.818,0.857,1,11,0,6883.7,236.2,11.6,7.8
"<a href=""https://tiktok.com/@textstyo"" target=""_blank"">@textstyo</a>",44,7,62.919,0.938,2,20,0,3332.857,145.429,4.143,0.571
"<a href=""https://tiktok.com/@thalrn"" target=""_blank"">@thalrn</a>",84,6,46.35,0.917,2,18,0,1285.5,43.5,0.5,0.167
"<a href=""https://tiktok.com/@titme"" target=""_blank"">@titme</a>",15,8,46.444,1,1,9,0,2047.5,85.25,3.875,1.5
"<a href=""https://tiktok.com/@tiwakp1"" target=""_blank"">@tiwakp1</a>",108,3,78.667,1,1,9,0,427.333,31,0.333,0.333
"<a href=""https://tiktok.com/@tkfjfjjrj"" target=""_blank"">@tkfjfjjrj</a>",4,10,56.925,0.889,2,18,0,4806.9,72.3,1.2,1
"<a href=""https://tiktok.com/@toma.rimi"" target=""_blank"">@toma.rimi</a>",30,3,41.889,1,1,9,0,859.333,26.333,0,0
"<a href=""https://tiktok.com/@topi.khatun6"" target=""_blank"">@topi.khatun6</a>",23,6,64.792,0.866,2,21,0,1364,34.25,0,0
"<a href=""https://tiktok.com/@touab4277"" target=""_blank"">@touab4277</a>",67,6,62.378,0.838,2,24,0,1176,59.833,0,0.333
"<a href=""https://tiktok.com/@tri.nguyenw"" target=""_blank"">@tri.nguyenw</a>",54,11,39.633,0.952,3,30,0,2039.818,27.455,0.091,0.545
"<a href=""https://tiktok.com/@tugx2917"" target=""_blank"">@tugx2917</a>",58,15,88.033,0.905,5,59,0,807.333,28.6,0.267,0.133
"<a href=""https://tiktok.com/@ubhutfrx"" target=""_blank"">@ubhutfrx</a>",1,10,65.353,0.89,12,120,0,1443.4,53.8,1.3,0.8
"<a href=""https://tiktok.com/@ucmanprodl1"" target=""_blank"">@ucmanprodl1</a>",25,8,49.884,0.923,7,70,0,956.5,21.5,0.625,2
"<a href=""https://tiktok.com/@uehjkb3487"" target=""_blank"">@uehjkb3487</a>",12,4,38.875,1,6,48,0,2181,69.75,8.75,54
"<a href=""https://tiktok.com/@ufsc8075"" target=""_blank"">@ufsc8075</a>",63,9,56.69,1,2,30,0,1169.417,44.333,0.5,1.083
"<a href=""https://tiktok.com/@uiavao.bskvai"" target=""_blank"">@uiavao.bskvai</a>",4,9,67.25,0.857,2,16,0,1256.9,44.7,0.7,0.1
"<a href=""https://tiktok.com/@ujrrrsq"" target=""_blank"">@ujrrrsq</a>",108,3,62.5,1,2,18,0,257.333,9,0,0
"<a href=""https://tiktok.com/@ulrikesteuber"" target=""_blank"">@ulrikesteuber</a>",8,9,51.597,0.953,5,49,0,934,22.222,0.667,1.889
"<a href=""https://tiktok.com/@uosnatiahwk"" target=""_blank"">@uosnatiahwk</a>",4,10,58.778,0.875,1,9,0,19751.5,471.8,9,5.6
"<a href=""https://tiktok.com/@uoxu.wcbk"" target=""_blank"">@uoxu.wcbk</a>",86,8,50.924,0.944,2,20,0,2331,22.222,0.111,0.889
"<a href=""https://tiktok.com/@urdu9708"" target=""_blank"">@urdu9708</a>",63,8,72.683,0.917,4,48,0,1118,51,0.3,0.3
"<a href=""https://tiktok.com/@urhkk"" target=""_blank"">@urhkk</a>",38,6,49.5,1,1,8,0,2315.667,81.167,8.5,0.667
"<a href=""https://tiktok.com/@user1610149210948"" target=""_blank"">@user1610149210948</a>",111,6,52.778,1,1,9,0,2272.333,60.333,0.333,1
"<a href=""https://tiktok.com/@user16909390140293"" target=""_blank"">@user16909390140293</a>",45,3,26,1,1,9,0,1733.333,32,0.5,0.5
"<a href=""https://tiktok.com/@user19468614708518"" target=""_blank"">@user19468614708518</a>",16,7,46.091,0.819,2,23,0,22589.143,444.143,4,136.143
"<a href=""https://tiktok.com/@user2810315813972"" target=""_blank"">@user2810315813972</a>",41,8,47.444,1,1,9,0,1414.5,92,2,1
"<a href=""https://tiktok.com/@user2903556969068"" target=""_blank"">@user2903556969068</a>",18,8,60.258,0.916,4,41,0,1306.75,29.75,1,8.25
"<a href=""https://tiktok.com/@user2920462956526"" target=""_blank"">@user2920462956526</a>",16,5,84.25,1,1,8,0,2944.667,43.5,0.333,4.833
"<a href=""https://tiktok.com/@user2932993437321"" target=""_blank"">@user2932993437321</a>",19,8,44,1,1,8,0,1737.5,42.375,0,1.625
"<a href=""https://tiktok.com/@user3154950400581"" target=""_blank"">@user3154950400581</a>",41,10,48.673,0.952,3,27,0,2393.9,164,1.6,4.2
"<a href=""https://tiktok.com/@user3213356160756"" target=""_blank"">@user3213356160756</a>",108,5,73.123,1,2,23,0,271.2,11.8,0,0
"<a href=""https://tiktok.com/@user33450120083591"" target=""_blank"">@user33450120083591</a>",108,5,62.341,0.778,3,33,0,211.444,7.889,0.111,0
"<a href=""https://tiktok.com/@user3525275284298"" target=""_blank"">@user3525275284298</a>",12,4,53.464,1,7,56,0,2975.75,19.25,2.5,3.5
"<a href=""https://tiktok.com/@user3543260092180"" target=""_blank"">@user3543260092180</a>",60,6,71.6,0.929,2,20,0,2485.556,167.111,0.778,1
"<a href=""https://tiktok.com/@user386963311513"" target=""_blank"">@user386963311513</a>",18,8,51.13,0.915,3,29,0,1288,27.25,1,6.25
"<a href=""https://tiktok.com/@user4148379047616"" target=""_blank"">@user4148379047616</a>",33,10,51.167,0.921,3,25,0,1425.2,71.9,0.3,0
"<a href=""https://tiktok.com/@user4181021201798"" target=""_blank"">@user4181021201798</a>",19,8,52.7,0.944,3,27,0,1215.625,25.5,1.375,3.625
"<a href=""https://tiktok.com/@user50065457091245"" target=""_blank"">@user50065457091245</a>",16,5,50.118,0.804,2,17,0,6555,76.6,1.2,17
"<a href=""https://tiktok.com/@user5107401810761"" target=""_blank"">@user5107401810761</a>",12,4,54.344,1,8,64,0,5098.25,109.75,8.25,29.25
"<a href=""https://tiktok.com/@user5626060056906"" target=""_blank"">@user5626060056906</a>",1,9,54.771,0.914,9,84,0,2418.444,169.333,2.889,0.667
"<a href=""https://tiktok.com/@user59010441107517"" target=""_blank"">@user59010441107517</a>",16,8,60.149,0.915,3,30,0,2065.5,32.25,0.625,2.875
"<a href=""https://tiktok.com/@user6186701630842"" target=""_blank"">@user6186701630842</a>",18,8,46.105,0.925,3,33,0,2032.125,48.875,1,3.375
"<a href=""https://tiktok.com/@user6922385284275"" target=""_blank"">@user6922385284275</a>",1,9,56.572,0.878,7,63,0,2873.889,138.222,6,4
"<a href=""https://tiktok.com/@user7166160034825"" target=""_blank"">@user7166160034825</a>",19,6,53.494,0.9,2,19,0,2766.833,39.333,0.167,2.333
"<a href=""https://tiktok.com/@user7285945563907"" target=""_blank"">@user7285945563907</a>",111,6,52.778,1,1,9,0,2450,57,0.333,3.833
"<a href=""https://tiktok.com/@user7552715418111"" target=""_blank"">@user7552715418111</a>",14,4,38.5,1,1,8,0,909.25,46.5,3.5,11.25
"<a href=""https://tiktok.com/@user7605976152392"" target=""_blank"">@user7605976152392</a>",2,10,57.026,0.986,6,64,0,2105.7,65.1,1.2,0.4
"<a href=""https://tiktok.com/@user8508148033286"" target=""_blank"">@user8508148033286</a>",5,10,67.003,0.871,4,33,0,1493,64.1,0.6,0.6
"<a href=""https://tiktok.com/@user8653602093025"" target=""_blank"">@user8653602093025</a>",18,7,63.375,0.938,2,16,0,2498.125,57.125,0.625,2
"<a href=""https://tiktok.com/@user8794483655797"" target=""_blank"">@user8794483655797</a>",18,8,56.539,0.883,4,41,0,1729.125,39.5,0.5,4.5
"<a href=""https://tiktok.com/@user9141790504944"" target=""_blank"">@user9141790504944</a>",27,6,61.764,1,2,17,0,956,14.667,0.5,0.333
"<a href=""https://tiktok.com/@user9545613515904"" target=""_blank"">@user9545613515904</a>",32,4,48.25,1,2,16,0,13464.75,527,7.5,14.75
"<a href=""https://tiktok.com/@user9724456321051"" target=""_blank"">@user9724456321051</a>",5,10,59.903,0.923,4,41,0,2348,61.4,0.3,0.4
"<a href=""https://tiktok.com/@username.12365478"" target=""_blank"">@username.12365478</a>",90,4,94.9,0.75,1,10,0,704.333,48.667,12.333,2.333
"<a href=""https://tiktok.com/@username.1545465"" target=""_blank"">@username.1545465</a>",91,5,100.667,0.8,1,12,0,48.833,7,1.333,0
"<a href=""https://tiktok.com/@username.64754675"" target=""_blank"">@username.64754675</a>",91,5,100.667,0.8,1,12,0,51.2,5.2,1.8,0
"<a href=""https://tiktok.com/@ushddhd11"" target=""_blank"">@ushddhd11</a>",40,6,65,0.714,1,8,0,812.5,25,2,3.5
"<a href=""https://tiktok.com/@usjg2117"" target=""_blank"">@usjg2117</a>",58,15,69.412,0.934,6,70,0,676.867,39.533,0.467,0.4
"<a href=""https://tiktok.com/@uxudhqnbwmws"" target=""_blank"">@uxudhqnbwmws</a>",93,4,29,1,1,8,0,1009.75,81,1.75,6.25
"<a href=""https://tiktok.com/@uyiy1286"" target=""_blank"">@uyiy1286</a>",102,4,40.167,1,3,24,0,1786.75,70.5,2.75,1.25
"<a href=""https://tiktok.com/@v.if77"" target=""_blank"">@v.if77</a>",17,7,41.95,0.929,2,20,0,1614.143,64.286,0.429,0.286
"<a href=""https://tiktok.com/@vedrdzy"" target=""_blank"">@vedrdzy</a>",74,5,47.75,0.833,1,8,0,1425,74.2,0.6,0.4
"<a href=""https://tiktok.com/@verity.holland"" target=""_blank"">@verity.holland</a>",5,10,63.381,0.923,4,42,0,1545.7,79,0.9,0.2
"<a href=""https://tiktok.com/@vghf668"" target=""_blank"">@vghf668</a>",19,9,46.472,0.797,4,41,0,1258.222,59.444,0.556,0.111
"<a href=""https://tiktok.com/@video.of38"" target=""_blank"">@video.of38</a>",20,6,47.938,0.917,2,16,0,1412.75,35.375,0,0.125
"<a href=""https://tiktok.com/@vit.fuc"" target=""_blank"">@vit.fuc</a>",40,6,53.5,1,1,8,0,15007,318.667,65,58
"<a href=""https://tiktok.com/@vitsu.alec1"" target=""_blank"">@vitsu.alec1</a>",47,6,86.125,0.667,1,8,0,1367.833,58.333,1.333,0.833
"<a href=""https://tiktok.com/@viyjgiwk"" target=""_blank"">@viyjgiwk</a>",85,12,63.685,0.896,3,33,0,11615.417,115.833,5.917,21.833
"<a href=""https://tiktok.com/@voie3340"" target=""_blank"">@voie3340</a>",61,3,29.833,0.75,1,12,0,288.667,10,0.667,0
"<a href=""https://tiktok.com/@vomfir2"" target=""_blank"">@vomfir2</a>",78,4,15.25,1,1,8,0,433,19.75,0,0
"<a href=""https://tiktok.com/@vshwiy2868"" target=""_blank"">@vshwiy2868</a>",21,9,49.425,0.926,3,38,0,679.111,15,0.667,0.889
"<a href=""https://tiktok.com/@vsuau5"" target=""_blank"">@vsuau5</a>",99,4,66.625,1,2,16,0,1446.25,96.75,3.25,1.5
"<a href=""https://tiktok.com/@vynqcbfko7mylp"" target=""_blank"">@vynqcbfko7mylp</a>",28,6,67.062,0.833,2,16,0,19884.333,585.5,19.333,112
"<a href=""https://tiktok.com/@wabisabi_35"" target=""_blank"">@wabisabi_35</a>",60,4,54.8,0.833,1,10,0,1362.2,99.6,1.2,0.8
"<a href=""https://tiktok.com/@walke.lowe"" target=""_blank"">@walke.lowe</a>",53,10,35.757,0.917,3,33,0,16913.7,190.1,15.5,7.4
"<a href=""https://tiktok.com/@was07252"" target=""_blank"">@was07252</a>",37,9,73.223,0.955,2,23,0,2704.556,165.111,2.222,0.667
"<a href=""https://tiktok.com/@wbakf3819"" target=""_blank"">@wbakf3819</a>",67,6,69.037,0.854,2,23,0,273.667,3.833,0,0
"<a href=""https://tiktok.com/@wede35"" target=""_blank"">@wede35</a>",48,14,60.358,0.806,5,79,0,2699.5,75.214,0.857,3.143
"<a href=""https://tiktok.com/@wert2992"" target=""_blank"">@wert2992</a>",106,9,7.111,1,1,9,0,77289,4457.111,34.556,495.444
"<a href=""https://tiktok.com/@wevbocr"" target=""_blank"">@wevbocr</a>",74,8,29.472,0.878,3,28,0,3221.375,63.5,1.125,0.125
"<a href=""https://tiktok.com/@wgslhe"" target=""_blank"">@wgslhe</a>",109,8,71.266,0.923,8,89,0,582.375,28.25,0.125,0.125
"<a href=""https://tiktok.com/@whcks2274"" target=""_blank"">@whcks2274</a>",70,3,34.389,1,2,18,0,1109,26.667,0.333,0
"<a href=""https://tiktok.com/@wiate.doni0"" target=""_blank"">@wiate.doni0</a>",47,5,67,0.857,1,10,0,1149.8,34.4,0.8,0.8
"<a href=""https://tiktok.com/@wiqg8225"" target=""_blank"">@wiqg8225</a>",58,15,49.061,1,3,51,0,631.733,34.067,0.267,0.6
"<a href=""https://tiktok.com/@wive0570"" target=""_blank"">@wive0570</a>",58,9,65.593,0.944,3,36,0,1159.833,47.583,0.333,1.25
"<a href=""https://tiktok.com/@wjdsn4199"" target=""_blank"">@wjdsn4199</a>",77,5,54.667,1,1,9,0,847.4,43,0,0
"<a href=""https://tiktok.com/@wnalc1228"" target=""_blank"">@wnalc1228</a>",73,5,60.75,1,1,8,0,520.833,13.167,0.167,0
"<a href=""https://tiktok.com/@wndla4862"" target=""_blank"">@wndla4862</a>",70,5,30.167,1,2,18,0,1323.8,55.6,0.2,0.2
"<a href=""https://tiktok.com/@wnsao4288"" target=""_blank"">@wnsao4288</a>",65,4,69.5,1,1,8,0,1838.5,92.5,1.25,0.25
"<a href=""https://tiktok.com/@wnxlr7248"" target=""_blank"">@wnxlr7248</a>",70,8,47.531,0.864,6,67,0,2889.625,90.5,3.25,0.25
"<a href=""https://tiktok.com/@wojta.or"" target=""_blank"">@wojta.or</a>",15,10,58.445,0.764,2,21,0,1501.3,72,0.6,0.3
"<a href=""https://tiktok.com/@wout1262"" target=""_blank"">@wout1262</a>",100,4,23.25,1,1,8,0,2912.25,142,0.75,2.75
"<a href=""https://tiktok.com/@woyaofadacai0"" target=""_blank"">@woyaofadacai0</a>",12,4,60.028,1,9,72,0,1779.75,49.5,1.75,3.5
"<a href=""https://tiktok.com/@wroe.edith6"" target=""_blank"">@wroe.edith6</a>",47,6,53.946,0.927,4,37,0,2960.333,64.333,1,0.833
"<a href=""https://tiktok.com/@wsfj4"" target=""_blank"">@wsfj4</a>",99,4,45.25,1,2,16,0,982.25,70.5,0.5,0.25
"<a href=""https://tiktok.com/@wss042"" target=""_blank"">@wss042</a>",37,9,52,0.955,2,24,0,136781.556,6593.333,41.333,28
"<a href=""https://tiktok.com/@wuge2639"" target=""_blank"">@wuge2639</a>",58,14,73.583,0.894,4,62,0,513.867,21.2,0,0.067
"<a href=""https://tiktok.com/@wzcvm2228i"" target=""_blank"">@wzcvm2228i</a>",79,3,22.556,1,1,9,0,1078.333,25.667,1.333,0
"<a href=""https://tiktok.com/@xchinaqueen5"" target=""_blank"">@xchinaqueen5</a>",92,5,89.636,0.8,1,11,0,632,26.5,2.5,0
"<a href=""https://tiktok.com/@xchinaqueen6"" target=""_blank"">@xchinaqueen6</a>",92,4,89.636,0.8,1,11,0,116.167,7,0.5,0.167
"<a href=""https://tiktok.com/@xh6578"" target=""_blank"">@xh6578</a>",37,8,64.14,1,2,23,0,25358,644,9.444,1.778
"<a href=""https://tiktok.com/@xihz9643"" target=""_blank"">@xihz9643</a>",62,12,32.222,0.944,3,42,0,915.083,39.917,0,1.583
"<a href=""https://tiktok.com/@xlhxhlxlh8"" target=""_blank"">@xlhxhlxlh8</a>",70,6,39.862,0.917,4,39,0,11296.667,661,7,2
"<a href=""https://tiktok.com/@xxii911"" target=""_blank"">@xxii911</a>",43,10,60.778,0.876,7,69,0,2163.6,93.5,5.3,0.7
"<a href=""https://tiktok.com/@yelm.boor"" target=""_blank"">@yelm.boor</a>",53,8,46.838,0.944,3,35,0,8956.9,118,2.4,3.2
"<a href=""https://tiktok.com/@yiitsukb"" target=""_blank"">@yiitsukb</a>",42,10,46.619,0.956,5,54,0,1520.2,105.5,0.5,1.2
"<a href=""https://tiktok.com/@you.texts"" target=""_blank"">@you.texts</a>",44,9,56.969,0.956,5,44,0,5714.5,169.1,2.9,6.2
"<a href=""https://tiktok.com/@yowbc4277"" target=""_blank"">@yowbc4277</a>",67,6,58.215,0.817,2,17,0,2011.5,65,0,1
"<a href=""https://tiktok.com/@ysishhd7"" target=""_blank"">@ysishhd7</a>",41,8,48.7,1,1,10,0,1598.3,133.1,1.7,0.7
"<a href=""https://tiktok.com/@ytrq8081"" target=""_blank"">@ytrq8081</a>",57,15,78.464,0.944,3,89,0,1608.733,66.267,0.867,0.333
"<a href=""https://tiktok.com/@zbkte3678"" target=""_blank"">@zbkte3678</a>",69,7,56.875,1,1,8,0,599.714,15.571,0,0
"<a href=""https://tiktok.com/@zdfyzr8"" target=""_blank"">@zdfyzr8</a>",81,6,26.8,0.857,1,10,0,997.429,77.143,1.143,0.286
"<a href=""https://tiktok.com/@zegtzgy"" target=""_blank"">@zegtzgy</a>",80,4,27.875,1,2,16,0,463.333,18,0.167,0.167
"<a href=""https://tiktok.com/@zsdx184"" target=""_blank"">@zsdx184</a>",48,9,68.621,0.828,5,59,0,3654.778,78.556,0.111,1.889
"<a href=""https://tiktok.com/@ztctmxt"" target=""_blank"">@ztctmxt</a>",74,6,10.167,0.8,1,12,0,3822.667,110.167,2.667,0.167
"<a href=""https://tiktok.com/@zvdkadppdgan"" target=""_blank"">@zvdkadppdgan</a>",94,4,33.75,1,2,16,0,1498.5,59.75,1.5,5.25
"<a href=""https://tiktok.com/@zvjsl"" target=""_blank"">@zvjsl</a>",101,4,41.875,1,2,16,0,38454,835,10.25,22.5
"<a href=""https://tiktok.com/@zxvb736"" target=""_blank"">@zxvb736</a>",48,7,58.086,0.972,4,57,0,6249.857,147,1,22
"<a href=""https://tiktok.com/@zyvk.yaoo"" target=""_blank"">@zyvk.yaoo</a>",86,8,60.257,0.969,4,36,0,6176.222,51.889,0.333,17.222
"<a href=""https://tiktok.com/@zzxss134"" target=""_blank"">@zzxss134</a>",102,4,40.167,1,3,24,0,5510.5,114.5,2,1.25
