"Network","Number of Accounts","Network Density","Network Diameter","Clustering Coefficient","Avg Views","Avg Likes","Avg Comments","Avg Shares","Member Accounts"
1,18,0.379,39,0.596,2214.748,123.019,2.561,3.6,"be.jkigv, hcodifb, jsosjxj8, user5626060056906, bmc12655, jdpxorjf, jtcytxyzey, krug011, ubhutfrx, luisina.riihimaki, jdpdosj, irdc042, quincyshop08, jfufrehcdh, chantalkusch, fughf21, jfkovj5, user6922385284275"
2,9,0.556,24,0.614,2007.531,85.407,0.802,1.543,"sharleen.howard, aedhdjcoof, lxjjc, gduhx01, aedgslpxjx, shgj33, hdhxh3484, fduic5, user7605976152392"
3,5,0.4,27,0,1682.045,61.886,0.795,0.682,"aedhdici, hdr86575, fauy8466, jfdd653, aedyckctu"
4,6,0.333,43,0,8209.278,166.63,3.389,1.944,"sjjssjs151, uiavao.bskvai, ggg.hgfc, tkfjfjjrj, eb.bg7, uosnatiahwk"
5,8,0.429,26,0.429,2637.295,91.333,0.91,1.077,"jdkckcj2, user8508148033286, user9724456321051, miss.bordner, hullen.nguyen, ayden.riverad, cbjf05, verity.holland"
6,2,1,8,0,4706.053,87.263,4.737,1.474,"aed75787, akkaanav.risksjsg"
7,2,1,8,0,3484.833,82,2.583,9.25,"aedvjdfjfj48528, kim.jong4379"
8,6,0.6,22,0.714,1210.293,34.172,0.466,3.017,"camilo.austin5, marisol.rath, nfyk.emma, mong.khuu, marjoriecarrie0525, ulrikesteuber"
9,3,0.667,18,0,1307.542,31.458,0.583,4.917,"lawrenceharvey54, jeffrey.hettinger, onikacaylie"
10,3,0.667,16,0,4830,186.75,6.25,19.75,"huoqilaiya, labubu5252, baobaiwan888"
11,3,0.667,16,0,4415.167,129.917,5.333,11.5,"pmvlqfdkiyxv, ancmleilrbge, familo.text6"
12,14,0.352,32,0.631,7038,133.089,11.125,13.196,"rvfdcpqmerituj, lishunfadacai125, qnphvvhp3wg3jg, okhgf567, woyaofadacai0, jfodxgajsjijpd, user5107401810761, hhgghj8866, uehjkb3487, gvcchh3457, fgjbgf4688, svpmrjwfqvu2oj, user3525275284298, bxecxotdjfrvi"
13,2,1,8,0,3432.625,215.75,12.125,11.75,"kiramkxlj3z, cchmlalala"
14,4,0.5,24,0,2893.176,148.529,5.647,40.059,"alfred.roberts5, bihuogogogo, loveyouxue1, user7552715418111"
15,4,0.5,30,0,1467.424,55.818,1.273,0.667,"reddit1bs, titme, bsyg2865, wojta.or"
16,4,0.667,22,0.6,8657.346,154.269,1.577,41.923,"user2920462956526, user19468614708518, user50065457091245, user59010441107517"
17,3,1,10,1,1274.625,57.958,0.5,0.583,"hdbjx72, fhvf210, v.if77"
18,5,0.8,18,0.789,1770.825,40.5,0.825,4.875,"user2903556969068, user386963311513, user8653602093025, user6186701630842, user8794483655797"
19,6,0.4,31,0.3,1547.386,38.477,0.477,1.818,"c.ts24, user4181021201798, user2932993437321, kuhar.clair6, user7166160034825, vghf668"
20,3,0.667,16,0,1803.84,50.24,0.36,0.16,"j.uv586, berez.paulo, video.of38"
21,5,0.5,32,0.429,979.378,27.622,0.838,1.027,"reddit.vztwo, shuj977, bsjj8797, cainima888, vshwiy2868"
22,3,1,16,1,648.55,18.45,0.4,0.4,"shuy742, sug7994, carbloggera"
23,3,1,15,1,1635.038,48.538,0.423,0.423,"pxibi018, hsbuz8, topi.khatun6"
24,3,1,8,1,914.333,32.444,0.222,0.5,"scoolpodcast, sidjjd79, funny.podcasttop"
25,17,0.221,54,0.558,1746.161,61.621,1.234,4.605,"alejkityuoo, ale2r35, ale383279, rrwtqoji8v5, mxvgdscsdfvcsdfsd, anpebsaxgu9, msfsgvsvcsdfsadsa, buslmigf7dn, ucmanprodl1, labksb49906r, ayipald, aleaa0249, bsbwphji4xu, exmz856041, niyztc36975, hlnvan42749s, scndqxjyehg"
26,3,1,11,1,4449.783,44.565,0.913,2.13,"karlamoran19677, texting592, redditpov6"
27,4,0.5,25,0,6587.333,86.208,0.667,7.917,"gichiecemila, ntijbfvwvlj126, srepabble5758, user9141790504944"
28,5,0.4,33,0,5419.448,152.276,4.31,23.724,"sillerhaha34, prdtbykvhr1rjl, textmessagek, brittanycarter1959, vynqcbfko7mylp"
29,2,1,8,0,1821.875,40.625,1.375,7,"hockey2840, pxogmdqpa46"
30,2,1,9,0,750.333,22,0,0,"omi.poni0, toma.rimi"
31,2,1,8,0,20200.812,1101.25,6,6.312,"long.arpin, aedvziocjc"
32,3,1,8,1,6078.667,278.5,3.167,5.333,"hckcudh1, aedjxpxodj, user9545613515904"
33,5,0.4,25,0,2845.956,184.956,1.311,0.4,"ryllskaya.reddit, ryllskayaqing, djbdjfjff, ksndfmggf, user4148379047616"
34,2,1,10,0,3511.429,98,2.5,3.143,"fugfuj33, eudazpstrvf"
35,3,0.667,16,0,37057.19,1562.048,13.583,7.048,"cctvvjagu0, fklpls0ch5, jxhagmnav0"
36,3,0.667,16,0,3077.278,77.111,3.357,0.944,"chunyuan66, ghsg7ezec9, m157pcokd1"
37,3,1,12,1,54948.037,2467.481,17.667,10.148,"was07252, wss042, xh6578"
38,2,1,8,0,1982.167,71.667,4.5,0.583,"lngchi96, urhkk"
39,2,1,9,0,1276.667,43.25,0.167,0.167,"ldhkhq, sxdpod"
40,5,0.4,33,0,4861.6,143.533,15.5,14.7,"emma.stonegis, fkfdnd, mua29840, ushddhd11, vit.fuc"
41,4,0.5,19,0,1916.351,135.27,2.054,1.892,"user3154950400581, gfjch34, user2810315813972, ysishhd7"
42,9,0.583,26,0.706,2562.905,119.679,2.25,3.607,"gutieyy7, fjyukfjjf, djm9r, geievertu8, gf.nj97, hdidkser0, cx.b28, rosacasey65, yiitsukb"
43,14,0.462,33,0.71,4190.215,168.333,4.4,3.519,"stoyouh, dtkwod, ktsfyh, hdryxd, sdsdyou, rohingyao, sasapco, text690, texts178, landscape5670, crtyougo, cagnhd, textstory781, xxii911"
44,6,0.667,18,0.643,4161.111,168.778,3.204,4.759,"satsyou, fjjgdvx, stvhfhj, shvchjds, textstyo, you.texts"
45,2,1,9,0,2647.5,21.5,0.25,0.333,"fhkundshunk, user16909390140293"
46,2,1,8,0,36349.688,1338.938,4.812,11.5,"mnabkkop, dvvsaag"
47,9,0.417,30,0.635,8109.429,183.589,1.679,13.714,"battl.kray, lawgray3, benedossie2, seile.rian, vitsu.alec1, osb.remo, rubin.mervy8, wiate.doni0, wroe.edith6"
48,11,0.582,43,0.75,8360.195,155.943,0.593,3.138,"wede35, aed0267, jvhb240, cfdc18, jvtvc3, iiuu553, zsdx184, aed2750, dthh824, jajsjsn56, zxvb736"
49,2,1,17,0,6292.643,269.857,10.929,6.679,"djskgikeejk8, mdsdz2"
50,3,0.667,17,0,2422.217,136.478,0.957,2.739,"stien.lindag, skunk.robinsong, drape.ivoe"
51,2,1,8,0,1951.4,52.4,0.75,0.5,"liliana.owyngk, bloodcarme5"
52,4,1,13,1,4826.286,95.029,1.657,2.457,"aseng.haymong, carlos.alberto.al886, khanh.phukhh, lanora.haskely"
53,4,1,13,1,9631.625,133.7,7.925,3.9,"phong.ngoc76, cuc.thu243, walke.lowe, yelm.boor"
54,4,0.667,22,0.6,3508.333,40.128,1.744,3.538,"amkgvx, mnbub4, ququ.anhag, tri.nguyenw"
55,2,1,12,0,1193.526,68.316,1.263,0.526,"pjk3357, redditstory667"
56,2,1,11,0,2492.167,40.722,0.778,0.611,"ilges.estelwei, sun.lilym"
57,10,0.444,82,0.797,1257.37,53.671,0.432,0.527,"fhda78402, ghhj8554, bvoo3130, dijx3903, jkuy0534, drgd8391, jccj44506, eiej4325, okay11732, ytrq8081"
58,12,0.348,56,0.545,706.214,33.723,0.249,1.012,"bkot6010, fhxk1941, isge0853, givi0331, wiqg8225, usjg2117, susv0936, isce0690, tugx2917, tetel4962, wive0570, wuge2639"
59,7,1,36,1,1119.333,73.774,0.495,0.398,"hojdmc, kubjij, reddit_grayson99, khfbou, qdcieh, ciojkb, reddit_hunt"
60,4,0.5,30,0,2302.692,155,0.731,0.846,"deep.sea_2, eden70188, wabisabi_35, user3543260092180"
61,4,0.667,30,0.6,1361.677,64.129,0.516,1.032,"coirf88774, courr1227, gour2295, voie3340"
62,4,0.667,33,0.6,1612.391,75.326,0.206,1.826,"clirr5282, fnnf8890, gjguq6894, xihz9643"
63,8,0.286,67,0.273,783.859,34.042,0.348,0.408,"hehs5037, dhhi6645, cjire9104, cjur6297, fkir2290, hrsy60677, urdu9708, ufsc8075"
64,2,1,11,0,1420.25,93.417,0.667,0.167,"2thgkvjd, 4hgkdjf"
65,2,1,8,0,1720.7,123.5,1,0.1,"bzsksk1, wnsao4288"
66,4,0.5,29,0,2682.783,95.435,1.391,1.043,"baxor3828, 1qwdjjd, bakaf3280, anxdo3188"
67,3,1,15,1,1153.722,42.889,0,0.444,"wbakf3819, touab4277, yowbc4277"
68,2,1,10,0,1542,76.083,1,0.167,"cjdfndrh, 41ghqq"
69,3,0.667,16,0,1021,45.316,0.211,0.053,"ajcue9039, ngeetjbwt, zbkte3678"
70,12,0.303,33,0.476,2666.656,111.492,1.443,0.361,"findjfd, anxkr2491, fkird5848, opgse4909, wnxlr7248, bxkke4723, acsge1347, roselent02103, qvcka2481, wndla4862, whcks2274, xlhxhlxlh8"
71,9,0.333,26,0.333,1274.556,66.889,0.722,0.296,"cjdjfcn, bxjzjsns0, hdvhds4, jshszh6382, kacbr2774, cnatk3189, bxuzba, avelina.asucen, nxpsa4288"
72,6,0.533,26,0.6,1053.088,61.029,0.618,0.235,"ncsfo3287, hzhdhs, snoshsj, duuff30, ncjfhyrsdj, bxjxhxt"
73,2,1,8,0,1087.857,35.643,0.357,0.214,"ducwk5858, wnalc1228"
74,5,0.4,32,0,2267.424,78.152,1.091,0.273,"maemeg7, vedrdzy, wevbocr, nqkwvc, ztctmxt"
75,3,1,10,1,13761.267,723.4,4.267,1.8,"ljpjvh, hwvrok, oljclk"
76,2,1,8,0,1726,118,1.125,0.25,"bixukf, evfdmzl"
77,2,1,9,0,802.909,29.182,0.091,0,"dcjnd3425, wjdsn4199"
78,2,1,8,0,956.875,26.375,0.125,0.25,"olrsyrt7, vomfir2"
79,2,1,9,0,1164.833,26.167,0.667,0,"wzcvm2228i, anxmd2388"
80,5,0.5,28,0.5,2667.25,77.194,3.583,1.139,"dblbel, cghwqj, cbwcxe, rvmmmy, zegtzgy"
81,2,1,10,0,1170.357,58.786,1.071,0.429,"mbxuwf, zdfyzr8"
82,3,1,16,1,713.292,32.875,0.667,0.083,"labaam4, njjyaey5, oidufc"
83,2,1,8,0,1378.3,55.5,0.3,0.1,"lakrin9, dxsmlj"
84,3,1,10,1,1047.938,44.125,0.688,0.188,"hvtcan, cthvbg, thalrn"
85,6,0.467,44,0.545,3745.262,42.188,2.575,5.125,"awcc.jqhh, pehcpohz, mmhpbybt, viyjgiwk, awbe.nevx, qxsabeqa"
86,6,0.533,32,0.6,3256.868,27.415,0.377,13.057,"hnxy.seym, uoxu.wcbk, eumb.pcdw, chzk.uvuw, symg.ynyp, zyvk.yaoo"
87,4,1,18,1,2598.139,26.333,0.5,6.278,"czhc.bkyd, oxkympku, ccvoyrnu, scqf.cvdv"
88,2,1,12,0,109.912,12.235,1.441,0.088,"amazing_seeet120, cutedriver120"
89,2,1,9,0,4217.389,418.722,30.056,9.611,"amazinggirl_120, sweet_driver120"
90,4,0.5,57,0,1057.792,93.958,7.25,2.542,"sumroo.786, chuma_g1, china_cutegirl22, username.12365478"
91,2,1,12,0,49.909,6.182,1.545,0,"username.1545465, username.64754675"
92,2,1,11,0,374.083,16.75,1.5,0.083,"xchinaqueen5, xchinaqueen6"
93,2,1,8,0,1158.625,79.375,2.5,12.75,"hryfeucmuql, uxudhqnbwmws"
94,3,1,8,1,1576.333,103.417,3.667,8.083,"pfigfwdyh2huxc, nmkv7803, zvdkadppdgan"
95,3,0.667,16,0,1361.833,112,4.083,10.25,"mina.12558, romyzbuhpisgfh, qqq14107"
96,2,1,9,0,669.091,20.182,0.545,0.727,"gabriele.weber5, kellie.perry2"
97,2,1,9,0,1684.667,28.333,2.25,1.5,"dfgasdfsert.dfrts, cscbgf"
98,2,1,8,0,59212.25,2746.75,7.25,14.25,"ndmsl15, eyidk5"
99,3,1,8,1,1694.25,110.167,1.583,0.667,"vsuau5, dghhg372, wsfj4"
100,2,1,8,0,2019.375,107.875,0.75,4,"giird3, wout1262"
101,3,0.667,16,0,19296.333,531.833,5.667,10.167,"itsstj2, owuhwh, zvjsl"
102,4,1,8,1,4687.625,98.75,1.875,1.375,"iuy7640, uyiy1286, hdxj59, zzxss134"
103,4,0.833,16,0.75,63699.941,4028.529,140.529,126.412,"akksdb4, hkmdrr, nfjsk12, osiqraf"
104,4,0.667,18,0,7044.9,145.733,11.033,18.2,"lnppoe, reddit_ignatius8, djjehokxtu2, shbsdd2"
105,2,1,9,0,2259.5,52.889,1,0.722,"ifrt2705, sush0240"
106,2,1,9,0,39577.833,2259,17.444,248.333,"dhie1905, wert2992"
107,2,1,8,0,1248.75,72.625,1.25,0.125,"aed7598, aed7616"
108,16,0.192,68,0.411,439.725,15.275,0.066,0.143,"arffug, lekpow, gclqse, objlhmtjemu, hdmjwo1, pbtchn, qkhcht2, kfbfol, echrca, prbnac, iupkvg, user33450120083591, user3213356160756, qigqtm, ujrrrsq, tiwakp1"
109,12,0.439,45,0.545,644.529,36.683,0.135,0.471,"hltuoq, hidouo, bipiqo, dtbtcc8, idpeoc, eqmhqf, pbpktw, bpgarp, puhrra, sqifhw, lhqitc, wgslhe"
110,2,1,9,0,394.667,22.333,0.167,0.167,"ntpblw, ojkmss"
111,2,1,9,0,2361.167,58.667,0.333,2.417,"user7285945563907, user1610149210948"
