"Account","Network","Unique Shares","Avg Time Between Shares (sec)","Edge Symmetry Score","Degree","Strength","Betweenness","Avg Views","Avg Likes","Avg Comments","Avg Shares"
"<a href=""https://tiktok.com/@255fcmg713"" target=""_blank"">@255fcmg713</a>",7,3,85.375,1,1,8,0,496.333,30.333,0,0.333
"<a href=""https://tiktok.com/@2726d135"" target=""_blank"">@2726d135</a>",5,3,40.403,0.933,3,26,0,838.667,29.333,0,3.667
"<a href=""https://tiktok.com/@3bb71197"" target=""_blank"">@3bb71197</a>",5,3,55.125,0.9,4,32,0.001,745,39,0,0.333
"<a href=""https://tiktok.com/@6ebcd553"" target=""_blank"">@6ebcd553</a>",4,3,86.125,1,1,8,0,298.667,3.667,0,0
"<a href=""https://tiktok.com/@9c01bd1c"" target=""_blank"">@9c01bd1c</a>",5,3,38.088,0.933,3,26,0,1044.667,22.333,0.333,4.333
"<a href=""https://tiktok.com/@aedgkochc"" target=""_blank"">@aedgkochc</a>",1,9,51.826,1,2,17,0,2594.889,180,3,2.556
"<a href=""https://tiktok.com/@aedp27"" target=""_blank"">@aedp27</a>",1,10,48.523,1,3,26,0,968.4,86.2,0.4,1.5
"<a href=""https://tiktok.com/@aedvziocjc"" target=""_blank"">@aedvziocjc</a>",1,8,47.271,1,2,17,0,3199.875,127.75,1.875,1.125
"<a href=""https://tiktok.com/@baogem123"" target=""_blank"">@baogem123</a>",17,8,27.25,1,2,16,0.001,472.875,22.625,0.125,0.125
"<a href=""https://tiktok.com/@baogem315"" target=""_blank"">@baogem315</a>",17,8,58.659,1,3,27,0.003,1416.125,36.125,0,0.375
"<a href=""https://tiktok.com/@baogemm441"" target=""_blank"">@baogemm441</a>",18,4,38.5,1,1,8,0,971.5,25.75,0.5,0
"<a href=""https://tiktok.com/@baogemmm314"" target=""_blank"">@baogemmm314</a>",17,8,75.536,0.944,2,22,0.002,694.5,15,0.375,0.625
"<a href=""https://tiktok.com/@baomba359"" target=""_blank"">@baomba359</a>",17,8,42.274,0.963,3,30,0.004,2805.375,16.625,0,0.125
"<a href=""https://tiktok.com/@bbregqspp8"" target=""_blank"">@bbregqspp8</a>",13,6,48.309,0.943,5,63,0,7487.833,77.333,0.833,1.167
"<a href=""https://tiktok.com/@bibaom318"" target=""_blank"">@bibaom318</a>",16,8,47,1,2,16,0,366.625,12.5,0.125,0.25
"<a href=""https://tiktok.com/@bidinghuo178"" target=""_blank"">@bidinghuo178</a>",16,8,29,1,1,8,0,1437,28.375,0.125,0
"<a href=""https://tiktok.com/@bidinghuo301"" target=""_blank"">@bidinghuo301</a>",19,4,31.25,1,1,8,0,667.25,10.5,0,0
"<a href=""https://tiktok.com/@bidinghuo552"" target=""_blank"">@bidinghuo552</a>",19,4,31.25,1,1,8,0,335.25,8.25,0,0
"<a href=""https://tiktok.com/@bihuobibao63"" target=""_blank"">@bihuobibao63</a>",17,8,62.929,0.889,1,14,0,793.625,19.125,0,0
"<a href=""https://tiktok.com/@cska28bb63"" target=""_blank"">@cska28bb63</a>",8,3,47.25,1,1,8,0,960,6.667,0,0
"<a href=""https://tiktok.com/@czmcguowl8"" target=""_blank"">@czmcguowl8</a>",10,6,44.879,0.886,7,69,0.002,2044.5,49.667,0.833,0
"<a href=""https://tiktok.com/@dafkl0"" target=""_blank"">@dafkl0</a>",12,4,44.383,0.843,5,48,0,2277.25,123.75,0.5,0.5
"<a href=""https://tiktok.com/@dnh03ulzh9"" target=""_blank"">@dnh03ulzh9</a>",10,6,50.806,0.95,4,36,0,15613.667,158.667,0.833,1
"<a href=""https://tiktok.com/@donpenno"" target=""_blank"">@donpenno</a>",9,10,55.489,0.967,8,92,0.002,1630.5,65.3,0.3,0.2
"<a href=""https://tiktok.com/@doubanjiang310"" target=""_blank"">@doubanjiang310</a>",15,13,50.926,0.951,4,83,0,1731.308,10.846,1.462,1.308
"<a href=""https://tiktok.com/@e33d0f50"" target=""_blank"">@e33d0f50</a>",4,3,86.125,1,1,8,0,102.667,0.333,0,0
"<a href=""https://tiktok.com/@f4m3wamad4"" target=""_blank"">@f4m3wamad4</a>",13,6,47.725,0.89,5,68,0,309,11.5,0.333,0
"<a href=""https://tiktok.com/@f9lwl22iv1"" target=""_blank"">@f9lwl22iv1</a>",10,3,60.528,1,4,36,0,31165.333,195.667,0.333,3.333
"<a href=""https://tiktok.com/@fanqie0166"" target=""_blank"">@fanqie0166</a>",15,13,55.036,0.975,4,77,0,2328.077,45.154,0.308,0.846
"<a href=""https://tiktok.com/@fanqiejiang020"" target=""_blank"">@fanqiejiang020</a>",14,14,46.009,0.961,3,73,0,890.5,23.5,2.714,0.857
"<a href=""https://tiktok.com/@feawfem6h8"" target=""_blank"">@feawfem6h8</a>",12,6,50.896,0.847,9,112,0.002,1900.5,61.333,0.833,0.833
"<a href=""https://tiktok.com/@febio432"" target=""_blank"">@febio432</a>",9,10,47.603,0.912,6,63,0,2403.8,83.9,0,0.1
"<a href=""https://tiktok.com/@fz1056"" target=""_blank"">@fz1056</a>",9,9,44.77,0.895,8,92,0.002,2962.556,76.667,0.889,0.444
"<a href=""https://tiktok.com/@g437463"" target=""_blank"">@g437463</a>",9,10,57.656,0.949,5,58,0.001,1495.4,45.9,1.7,0.7
"<a href=""https://tiktok.com/@gbob3763"" target=""_blank"">@gbob3763</a>",9,10,59.427,0.958,4,46,0,1658.9,59.6,0.6,0.9
"<a href=""https://tiktok.com/@gcsf177uf4"" target=""_blank"">@gcsf177uf4</a>",13,6,48.214,0.871,5,59,0,1509.333,30.833,1,0.333
"<a href=""https://tiktok.com/@gdtyvckdykv"" target=""_blank"">@gdtyvckdykv</a>",2,4,41,1,1,8,0,482.75,40,0.75,0
"<a href=""https://tiktok.com/@grusf218"" target=""_blank"">@grusf218</a>",14,14,41.059,0.957,4,83,0,3118.429,41.857,0.857,1.429
"<a href=""https://tiktok.com/@h0559795"" target=""_blank"">@h0559795</a>",9,10,54.7,0.946,5,63,0,2450,86.7,1.7,2.7
"<a href=""https://tiktok.com/@h_kp82"" target=""_blank"">@h_kp82</a>",15,13,54.815,0.964,4,87,0,1656.846,16.308,0.308,0.538
"<a href=""https://tiktok.com/@hdjjg245"" target=""_blank"">@hdjjg245</a>",2,4,41,1,1,8,0,1879.75,141.25,0.5,0.25
"<a href=""https://tiktok.com/@hdth740"" target=""_blank"">@hdth740</a>",10,4,46.083,1,1,12,0,3546.25,122.5,1.25,0.75
"<a href=""https://tiktok.com/@hebeitianjin440"" target=""_blank"">@hebeitianjin440</a>",18,4,38.5,1,1,8,0,652,8,0,0
"<a href=""https://tiktok.com/@hehedjwn"" target=""_blank"">@hehedjwn</a>",9,8,53.703,0.948,6,62,0,2394.5,78.5,0.7,0
"<a href=""https://tiktok.com/@hf42pko9p2"" target=""_blank"">@hf42pko9p2</a>",13,6,57.311,0.836,5,64,0,3622.833,71.5,0.833,0.333
"<a href=""https://tiktok.com/@hgbnh6"" target=""_blank"">@hgbnh6</a>",11,4,62.75,1,1,8,0,1814,107,0.5,0.75
"<a href=""https://tiktok.com/@hjg38205"" target=""_blank"">@hjg38205</a>",9,9,43.412,0.941,4,48,0,1587.6,50.6,1.2,1.8
"<a href=""https://tiktok.com/@htcvh84"" target=""_blank"">@htcvh84</a>",12,4,30.25,1,1,8,0,1403.75,106.25,1.5,0.75
"<a href=""https://tiktok.com/@huangdoujiang012"" target=""_blank"">@huangdoujiang012</a>",14,13,42.205,0.979,3,68,0,3015.786,39.5,1.071,2.214
"<a href=""https://tiktok.com/@huohuohuo665"" target=""_blank"">@huohuohuo665</a>",3,4,59.091,0.875,1,11,0,4502.667,152.667,1.667,0.667
"<a href=""https://tiktok.com/@iy7zz6tpk5"" target=""_blank"">@iy7zz6tpk5</a>",10,6,33.778,0.946,6,63,0.001,1873.667,35.5,0.5,0
"<a href=""https://tiktok.com/@jcoendb"" target=""_blank"">@jcoendb</a>",9,10,68.297,0.956,5,64,0,1454.6,75.9,0.8,0.8
"<a href=""https://tiktok.com/@jdjsks2867"" target=""_blank"">@jdjsks2867</a>",17,8,32.5,1,1,8,0,887.5,11.5,0.125,0.125
"<a href=""https://tiktok.com/@jhk2719"" target=""_blank"">@jhk2719</a>",9,4,52.438,0.857,2,16,0,1603.875,39.75,0.375,0.125
"<a href=""https://tiktok.com/@jjgg25283"" target=""_blank"">@jjgg25283</a>",9,10,57.596,0.941,7,75,0.001,1596.2,44.5,0.1,0.3
"<a href=""https://tiktok.com/@khoag079"" target=""_blank"">@khoag079</a>",10,4,55.25,0.6,2,16,0,594,41.25,0.75,0
"<a href=""https://tiktok.com/@klz0r0dub8"" target=""_blank"">@klz0r0dub8</a>",12,6,49.95,0.801,5,72,0,2538.5,48.667,0.333,0.333
"<a href=""https://tiktok.com/@lajiaojiang219"" target=""_blank"">@lajiaojiang219</a>",14,14,39.232,0.97,4,83,0,2571,22.571,1.929,0.357
"<a href=""https://tiktok.com/@lfexof2ih3"" target=""_blank"">@lfexof2ih3</a>",7,3,85.375,1,1,8,0,440.667,13,0,0
"<a href=""https://tiktok.com/@lqt5opvxe1"" target=""_blank"">@lqt5opvxe1</a>",12,6,40.7,0.75,1,10,0,66.5,1.833,0,0
"<a href=""https://tiktok.com/@mc9jp4hkf9"" target=""_blank"">@mc9jp4hkf9</a>",12,6,55.547,0.958,4,39,0,1655.667,36,0.167,0
"<a href=""https://tiktok.com/@meimmhmyz2"" target=""_blank"">@meimmhmyz2</a>",12,6,45.45,0.917,3,28,0.002,99.833,1.167,0,0
"<a href=""https://tiktok.com/@ms9jpmkkg8"" target=""_blank"">@ms9jpmkkg8</a>",10,6,60.607,0.943,7,69,0.003,1878.167,38.667,0.167,0
"<a href=""https://tiktok.com/@mupiwk3bj1"" target=""_blank"">@mupiwk3bj1</a>",12,6,69.188,1,2,16,0.002,85.833,2,1,0
"<a href=""https://tiktok.com/@ncnrix"" target=""_blank"">@ncnrix</a>",10,6,50.911,0.96,11,99,0.014,652,18.5,0,0.333
"<a href=""https://tiktok.com/@nedhqcg4z8"" target=""_blank"">@nedhqcg4z8</a>",10,6,50.603,0.925,7,72,0.003,23183.833,110.5,1.667,2.167
"<a href=""https://tiktok.com/@nhztt2blc2"" target=""_blank"">@nhztt2blc2</a>",12,5,51.09,0.933,7,73,0.005,97,2.4,0.4,0
"<a href=""https://tiktok.com/@owazof1ax3"" target=""_blank"">@owazof1ax3</a>",10,3,45.156,0.96,5,45,0,6953.333,73,0,1
"<a href=""https://tiktok.com/@phuongngantruong"" target=""_blank"">@phuongngantruong</a>",16,5,65,1,1,8,0,3281.429,12.571,0.143,0.429
"<a href=""https://tiktok.com/@r2jbgfufl1"" target=""_blank"">@r2jbgfufl1</a>",12,6,38.752,0.889,3,30,0,581.167,8.5,0.167,0
"<a href=""https://tiktok.com/@rfihfg"" target=""_blank"">@rfihfg</a>",11,4,62.75,1,1,8,0,1339.25,64.5,0.5,0.5
"<a href=""https://tiktok.com/@rgnleccjd2"" target=""_blank"">@rgnleccjd2</a>",10,3,26.833,0.9,2,18,0,584,8.143,0.143,0
"<a href=""https://tiktok.com/@ribendongzuo0077"" target=""_blank"">@ribendongzuo0077</a>",14,8,37.007,1,2,17,0,2790.875,58.5,1.25,0.5
"<a href=""https://tiktok.com/@rrcqt1qgy3"" target=""_blank"">@rrcqt1qgy3</a>",12,6,65.355,0.905,7,77,0.005,362.833,12.833,0.333,0
"<a href=""https://tiktok.com/@sxqmone3f2"" target=""_blank"">@sxqmone3f2</a>",10,6,65.782,0.9,4,41,0.001,13781.667,78.667,0.5,0.833
"<a href=""https://tiktok.com/@thanhinhnguyen414"" target=""_blank"">@thanhinhnguyen414</a>",17,8,57,1,1,8,0,1562.625,63.125,1,0.875
"<a href=""https://tiktok.com/@thv86256"" target=""_blank"">@thv86256</a>",9,10,54.349,0.976,7,83,0.001,2729.1,50.1,0.2,0.1
"<a href=""https://tiktok.com/@tsig08"" target=""_blank"">@tsig08</a>",10,4,54.875,0.6,1,8,0,16120.25,278.25,1.75,2
"<a href=""https://tiktok.com/@ubwrmv9xe4"" target=""_blank"">@ubwrmv9xe4</a>",8,3,47.25,1,1,8,0,315.667,4,0,0
"<a href=""https://tiktok.com/@ueswyayfo4"" target=""_blank"">@ueswyayfo4</a>",10,6,65.067,0.769,4,43,0.003,847.333,10.333,0.167,0
"<a href=""https://tiktok.com/@uojvzvxeq8"" target=""_blank"">@uojvzvxeq8</a>",10,6,43.967,0.935,5,53,0,1755,36.333,0.5,0
"<a href=""https://tiktok.com/@user1432188561619"" target=""_blank"">@user1432188561619</a>",5,3,55.375,1,1,8,0,957.667,26.333,0,0
"<a href=""https://tiktok.com/@user3358147717443"" target=""_blank"">@user3358147717443</a>",1,8,29.125,1,1,8,0,4470.625,75.875,1.125,3.5
"<a href=""https://tiktok.com/@user40603696915498"" target=""_blank"">@user40603696915498</a>",6,3,56.75,0.8,1,8,0,1915.667,43.333,1.333,0.333
"<a href=""https://tiktok.com/@user4200654056837"" target=""_blank"">@user4200654056837</a>",6,3,48.556,1,1,9,0,142.667,0.667,0.333,0
"<a href=""https://tiktok.com/@user4275821265595"" target=""_blank"">@user4275821265595</a>",5,3,41.588,1,3,26,0,847,68.333,0,2.333
"<a href=""https://tiktok.com/@user5735867402694"" target=""_blank"">@user5735867402694</a>",17,8,70.727,1,1,11,0,2291.75,6.25,0.375,0.375
"<a href=""https://tiktok.com/@user61556848077126"" target=""_blank"">@user61556848077126</a>",12,4,42.727,0.827,5,50,0,2241.25,118,0.25,0.75
"<a href=""https://tiktok.com/@user8291813694079"" target=""_blank"">@user8291813694079</a>",9,10,59.614,0.976,7,65,0.005,1451.5,87,1.1,0.6
"<a href=""https://tiktok.com/@user901430045532"" target=""_blank"">@user901430045532</a>",12,4,56.616,0.933,3,25,0.004,3657.25,135,1,0.5
"<a href=""https://tiktok.com/@uujcjtnsi0"" target=""_blank"">@uujcjtnsi0</a>",13,6,48.991,0.917,5,64,0,737.833,24.667,0.167,0.167
"<a href=""https://tiktok.com/@vacg7dltv1"" target=""_blank"">@vacg7dltv1</a>",13,6,62.664,0.885,5,74,0,12373.5,105.833,0.667,0.667
"<a href=""https://tiktok.com/@vcvjgr"" target=""_blank"">@vcvjgr</a>",10,4,54.444,0.8,1,9,0,1760.5,64.5,1,0.25
"<a href=""https://tiktok.com/@veuek344"" target=""_blank"">@veuek344</a>",15,13,52.416,0.956,4,83,0,5071,43.692,0.462,2.615
"<a href=""https://tiktok.com/@wpbxj19bw1"" target=""_blank"">@wpbxj19bw1</a>",12,6,51.704,0.933,3,36,0,95.333,1.667,0,0
"<a href=""https://tiktok.com/@wss0307"" target=""_blank"">@wss0307</a>",3,6,59.091,0.875,1,11,0,1708.6,87.267,0.933,0.6
"<a href=""https://tiktok.com/@yemeigui236"" target=""_blank"">@yemeigui236</a>",15,12,55.693,0.935,4,66,0,1424.462,48.923,3.462,0.077
"<a href=""https://tiktok.com/@yhbbechhu"" target=""_blank"">@yhbbechhu</a>",9,9,45.636,0.901,6,61,0,2781.667,61.556,0.444,1
"<a href=""https://tiktok.com/@yidinghuo155"" target=""_blank"">@yidinghuo155</a>",17,8,78.714,0.944,2,22,0.001,217.375,3.125,0.375,0
"<a href=""https://tiktok.com/@z91dhhixu4"" target=""_blank"">@z91dhhixu4</a>",10,6,67.4,1,5,45,0,927.833,25.833,0.667,0.167
"<a href=""https://tiktok.com/@zapfbdlxz1"" target=""_blank"">@zapfbdlxz1</a>",6,3,52.653,0.9,2,17,0,970,19,0,0.333
