"Network","Number of Accounts","Network Density","Network Diameter","Clustering Coefficient","Avg Views","Avg Likes","Avg Comments","Avg Shares","Member Accounts"
1,4,0.667,17,0.6,2697.2,117.457,1.571,2.143,"aedp27, aedvziocjc, aedgkochc, user3358147717443"
2,2,1,8,0,1181.25,90.625,0.625,0.125,"gdtyvckdykv, hdjjg245"
3,2,1,11,0,3105.633,119.967,1.3,0.633,"huohuohuo665, wss0307"
4,2,1,8,0,200.667,2,0,0,"e33d0f50, 6ebcd553"
5,5,0.7,16,0.8,886.6,37.067,0.067,2.133,"3bb71197, user1432188561619, 9c01bd1c, 2726d135, user4275821265595"
6,3,0.667,17,0,1009.444,21,0.556,0.222,"user40603696915498, user4200654056837, zapfbdlxz1"
7,2,1,8,0,468.5,21.667,0,0.167,"255fcmg713, lfexof2ih3"
8,2,1,8,0,637.833,5.333,0,0,"cska28bb63, ubwrmv9xe4"
9,14,0.44,29,0.739,2007.721,65.015,0.728,0.706,"jhk2719, thv86256, fz1056, jjgg25283, gbob3763, jcoendb, febio432, user8291813694079, donpenno, hehedjwn, h0559795, g437463, hjg38205, yhbbechhu"
10,17,0.279,38,0.603,6537.91,70.393,0.629,0.584,"ncnrix, iy7zz6tpk5, czmcguowl8, hdth740, nedhqcg4z8, khoag079, ms9jpmkkg8, sxqmone3f2, rgnleccjd2, tsig08, ueswyayfo4, uojvzvxeq8, dnh03ulzh9, f9lwl22iv1, owazof1ax3, z91dhhixu4, vcvjgr"
11,2,1,8,0,1576.625,85.75,0.5,0.625,"rfihfg, hgbnh6"
12,14,0.319,56,0.567,1108.267,39.84,0.427,0.227,"klz0r0dub8, dafkl0, rrcqt1qgy3, user61556848077126, nhztt2blc2, feawfem6h8, user901430045532, r2jbgfufl1, htcvh84, mupiwk3bj1, meimmhmyz2, mc9jp4hkf9, lqt5opvxe1, wpbxj19bw1"
13,6,1,18,1,4340.056,53.611,0.639,0.444,"f4m3wamad4, gcsf177uf4, hf42pko9p2, uujcjtnsi0, bbregqspp8, vacg7dltv1"
14,5,0.8,33,0.789,2447.922,35.188,1.594,1.125,"fanqiejiang020, grusf218, huangdoujiang012, lajiaojiang219, ribendongzuo0077"
15,5,1,24,1,2442.338,32.985,1.2,1.077,"fanqie0166, doubanjiang310, veuek344, h_kp82, yemeigui236"
16,3,0.667,16,0,1626.043,18.043,0.13,0.217,"bibaom318, bidinghuo178, phuongngantruong"
17,9,0.222,55,0,1237.972,21.5,0.264,0.292,"baogem315, thanhinhnguyen414, bihuobibao63, jdjsks2867, baomba359, baogemmm314, baogem123, user5735867402694, yidinghuo155"
18,2,1,8,0,811.75,16.875,0.25,0,"baogemm441, hebeitianjin440"
19,2,1,8,0,501.25,9.375,0,0,"bidinghuo301, bidinghuo552"
