"Account","Network","Unique Shares","Avg Time Between Shares (sec)","Edge Symmetry Score","Degree","Strength","Betweenness","Avg Views","Avg Likes","Avg Comments","Avg Shares"
"<a href=""https://tiktok.com/@29maryortiz"" target=""_blank"">@29maryortiz</a>",3,1,13.333,0.5,1,6,0,105.5,14,0,0
"<a href=""https://tiktok.com/@adi.doankz0"" target=""_blank"">@adi.doankz0</a>",3,1,1,1,1,6,0,54,2,0,0.5
"<a href=""https://tiktok.com/@alejandrozarate1638"" target=""_blank"">@alejandrozarate1638</a>",3,1,0.667,0.5,1,6,0,6,0,0,0
"<a href=""https://tiktok.com/@alyssamcmullen"" target=""_blank"">@alyssamcmullen</a>",3,1,1,1,1,6,0,102,4.5,0,0.5
"<a href=""https://tiktok.com/@amairani.flores25"" target=""_blank"">@amairani.flores25</a>",3,1,12.333,0.5,1,6,0,110.5,11.5,0,0.5
"<a href=""https://tiktok.com/@amera.sayed31"" target=""_blank"">@amera.sayed31</a>",3,1,10.333,0.5,1,6,0,404.5,28,1,3.5
"<a href=""https://tiktok.com/@anakabah606"" target=""_blank"">@anakabah606</a>",3,1,0.667,0.5,1,6,0,44,1.5,0,0
"<a href=""https://tiktok.com/@andymoreno6233"" target=""_blank"">@andymoreno6233</a>",3,1,1,1,1,6,0,1526.5,286,0,0
"<a href=""https://tiktok.com/@baratoire330"" target=""_blank"">@baratoire330</a>",3,1,1.667,0.5,1,6,0,126.5,27.5,3,0
"<a href=""https://tiktok.com/@bdollar232"" target=""_blank"">@bdollar232</a>",3,1,12.333,0.5,1,6,0,208.5,61,3,0
"<a href=""https://tiktok.com/@clauaguilar42"" target=""_blank"">@clauaguilar42</a>",3,1,0.667,0.5,1,6,0,51,1,0,0
"<a href=""https://tiktok.com/@davidmedina20765"" target=""_blank"">@davidmedina20765</a>",3,1,7.333,0.5,1,6,0,9.5,0.5,0,0
"<a href=""https://tiktok.com/@defensora_dekim.niniyeli"" target=""_blank"">@defensora_dekim.niniyeli</a>",3,1,1.667,0.5,1,6,0,74,21,9,7
"<a href=""https://tiktok.com/@deglen9_magetan"" target=""_blank"">@deglen9_magetan</a>",3,1,1,1,1,6,0,184,23.5,7,0
"<a href=""https://tiktok.com/@dhedegemoy06"" target=""_blank"">@dhedegemoy06</a>",3,1,1.333,1,1,6,0,762.5,78,1,0
"<a href=""https://tiktok.com/@dnmfrnastn"" target=""_blank"">@dnmfrnastn</a>",3,1,5.333,0.5,1,6,0,73.5,5,0,0
"<a href=""https://tiktok.com/@ekagiantie"" target=""_blank"">@ekagiantie</a>",3,1,8.333,0.5,1,6,0,155.5,12,0,0
"<a href=""https://tiktok.com/@endang.197"" target=""_blank"">@endang.197</a>",3,1,1.667,0.5,1,6,0,106.5,11,0,1.5
"<a href=""https://tiktok.com/@faisolratih"" target=""_blank"">@faisolratih</a>",3,1,6.333,0.5,1,6,0,52,1.5,0,0
"<a href=""https://tiktok.com/@fayura_collection"" target=""_blank"">@fayura_collection</a>",3,1,1,1,1,6,0,43.5,1,0,0
"<a href=""https://tiktok.com/@gbooat"" target=""_blank"">@gbooat</a>",5,8,42.909,0.938,2,17,0,779.444,27,0.889,0.222
"<a href=""https://tiktok.com/@gdndhfdhdakwbirbfb2"" target=""_blank"">@gdndhfdhdakwbirbfb2</a>",3,1,1,1,1,6,0,915.5,51,0,1
"<a href=""https://tiktok.com/@genesiszzco"" target=""_blank"">@genesiszzco</a>",3,1,8.333,0.5,1,6,0,21,2.5,0,0
"<a href=""https://tiktok.com/@gkhgbhbg"" target=""_blank"">@gkhgbhbg</a>",3,1,7.333,0.5,1,6,0,3,0,0,0
"<a href=""https://tiktok.com/@gksdtirevb"" target=""_blank"">@gksdtirevb</a>",4,6,47.073,0.938,2,34,0,854.333,30.833,1,0.167
"<a href=""https://tiktok.com/@h.m.osman.h.m.osm1"" target=""_blank"">@h.m.osman.h.m.osm1</a>",1,4,37.333,1,1,6,0,123.5,32,9.5,5
"<a href=""https://tiktok.com/@hdgauges"" target=""_blank"">@hdgauges</a>",3,1,11.333,0.5,1,6,0,59.5,13,2,0
"<a href=""https://tiktok.com/@irmairawanmardyah"" target=""_blank"">@irmairawanmardyah</a>",3,1,12.333,0.5,1,6,0,50,6,0,0
"<a href=""https://tiktok.com/@issaka.bamogo974"" target=""_blank"">@issaka.bamogo974</a>",3,1,0.667,0.5,1,6,0,17,8,2,0
"<a href=""https://tiktok.com/@janethbarrios7"" target=""_blank"">@janethbarrios7</a>",3,1,1.667,0.5,1,6,0,127,7,3,0
"<a href=""https://tiktok.com/@jk.mandal5"" target=""_blank"">@jk.mandal5</a>",3,1,1.667,0.5,1,6,0,222.5,63,17,0
"<a href=""https://tiktok.com/@joaozito00003"" target=""_blank"">@joaozito00003</a>",3,1,1.667,0.5,1,6,0,65.5,1,0,0
"<a href=""https://tiktok.com/@josantniobarrosom"" target=""_blank"">@josantniobarrosom</a>",3,1,0.667,0.5,1,6,0,147.5,19,0,0
"<a href=""https://tiktok.com/@julia.faleiro5"" target=""_blank"">@julia.faleiro5</a>",3,1,12.333,0.5,1,6,0,55.5,1,0,0
"<a href=""https://tiktok.com/@kanchon.akter08"" target=""_blank"">@kanchon.akter08</a>",2,2,68.8,1,1,5,0,120.5,20,1,3
"<a href=""https://tiktok.com/@katherineruizgonzalez1"" target=""_blank"">@katherineruizgonzalez1</a>",3,1,11.333,0.5,1,6,0,226,21,11,0.5
"<a href=""https://tiktok.com/@kenny.jhoana.fran"" target=""_blank"">@kenny.jhoana.fran</a>",3,1,12.333,0.5,1,6,0,54.5,5.5,0,0
"<a href=""https://tiktok.com/@khalipha.abdullah6"" target=""_blank"">@khalipha.abdullah6</a>",3,1,1.667,0.5,1,6,0,50.5,4.5,0,0
"<a href=""https://tiktok.com/@kiswo05"" target=""_blank"">@kiswo05</a>",3,1,11.333,0.5,1,6,0,59,4,0,0
"<a href=""https://tiktok.com/@kulsappzaap"" target=""_blank"">@kulsappzaap</a>",3,1,10.333,0.5,1,6,0,56.5,6,1,0
"<a href=""https://tiktok.com/@laura.christian66"" target=""_blank"">@laura.christian66</a>",3,1,1.667,0.5,1,6,0,60,13,2,0
"<a href=""https://tiktok.com/@luabartenderclassic"" target=""_blank"">@luabartenderclassic</a>",3,2,6.618,0.618,86,516,0.738,91,2.333,0,0
"<a href=""https://tiktok.com/@luz.dary.alvarador6"" target=""_blank"">@luz.dary.alvarador6</a>",3,1,0.667,0.5,1,6,0,149,68.5,13,0
"<a href=""https://tiktok.com/@madizi51"" target=""_blank"">@madizi51</a>",3,1,1.667,0.5,1,6,0,20.5,6,1,0
"<a href=""https://tiktok.com/@mafujaaktarr"" target=""_blank"">@mafujaaktarr</a>",1,2,37.333,1,1,6,0,96.5,28.25,0.25,0
"<a href=""https://tiktok.com/@mahi.islam44300"" target=""_blank"">@mahi.islam44300</a>",2,2,64.5,1,1,8,0,25,11.667,3,1.333
"<a href=""https://tiktok.com/@mammie.golden4"" target=""_blank"">@mammie.golden4</a>",3,1,12.333,0.5,1,6,0,94.5,22,4,0
"<a href=""https://tiktok.com/@marianis2024"" target=""_blank"">@marianis2024</a>",3,1,10.333,0.5,1,6,0,52,3,0,0
"<a href=""https://tiktok.com/@mart11591"" target=""_blank"">@mart11591</a>",3,1,12.333,0.5,1,6,0,14.5,2.5,0,0
"<a href=""https://tiktok.com/@mc_mescool"" target=""_blank"">@mc_mescool</a>",3,1,1,1,1,6,0,86,7.5,5,0
"<a href=""https://tiktok.com/@md.mamun0354"" target=""_blank"">@md.mamun0354</a>",2,8,61.822,0.933,3,19,0.001,97.375,27.125,6.5,2.25
"<a href=""https://tiktok.com/@mdhabib2126"" target=""_blank"">@mdhabib2126</a>",3,1,5.333,0.5,1,6,0,117.5,21,5,0
"<a href=""https://tiktok.com/@melsy.henuk"" target=""_blank"">@melsy.henuk</a>",3,1,12.333,0.5,1,6,0,25,2,0,0
"<a href=""https://tiktok.com/@mhistunmize4"" target=""_blank"">@mhistunmize4</a>",3,1,12.333,0.5,1,6,0,79,15.5,1,0
"<a href=""https://tiktok.com/@miqueias.emanuel64"" target=""_blank"">@miqueias.emanuel64</a>",3,1,1.667,0.5,1,6,0,4,1,0,0
"<a href=""https://tiktok.com/@mymrta7"" target=""_blank"">@mymrta7</a>",3,1,13.333,0.5,1,6,0,116,7.5,0,0
"<a href=""https://tiktok.com/@nathuzkadiviina17"" target=""_blank"">@nathuzkadiviina17</a>",3,1,1.667,0.5,1,6,0,84,9,2,0
"<a href=""https://tiktok.com/@natt_trevisan"" target=""_blank"">@natt_trevisan</a>",3,1,1.333,1,1,6,0,212,25,1,0
"<a href=""https://tiktok.com/@ngoc.ip4"" target=""_blank"">@ngoc.ip4</a>",3,2,8.333,1,1,6,0,174,8,3,2
"<a href=""https://tiktok.com/@nitamelia10"" target=""_blank"">@nitamelia10</a>",3,1,13.333,0.5,1,6,0,114,5.5,2,0
"<a href=""https://tiktok.com/@officiallygreat7"" target=""_blank"">@officiallygreat7</a>",3,1,3.333,0.5,1,6,0,21.5,2.5,2,0
"<a href=""https://tiktok.com/@ojeladeoluwaseun6"" target=""_blank"">@ojeladeoluwaseun6</a>",3,1,0.667,0.5,1,6,0,70.5,9.5,0,0
"<a href=""https://tiktok.com/@okgsisnssx"" target=""_blank"">@okgsisnssx</a>",4,9,48.203,0.933,2,43,0,857.222,36.333,0.778,0.111
"<a href=""https://tiktok.com/@pakita0813"" target=""_blank"">@pakita0813</a>",3,1,4.333,0.5,1,6,0,12.5,0.5,0,3
"<a href=""https://tiktok.com/@patty.sampaiio"" target=""_blank"">@patty.sampaiio</a>",3,1,1,1,1,6,0,57.5,2.5,0,0
"<a href=""https://tiktok.com/@pawan.don6"" target=""_blank"">@pawan.don6</a>",3,1,10.333,0.5,1,6,0,77.5,15.5,2,0
"<a href=""https://tiktok.com/@princeman127"" target=""_blank"">@princeman127</a>",3,1,0.667,0.5,1,6,0,57,7.5,0,0
"<a href=""https://tiktok.com/@richard_rosalesdiaz"" target=""_blank"">@richard_rosalesdiaz</a>",3,1,1,1,1,6,0,10.5,0,0,0
"<a href=""https://tiktok.com/@rinda5942"" target=""_blank"">@rinda5942</a>",3,1,11.333,0.5,1,6,0,42.5,3.5,0,0
"<a href=""https://tiktok.com/@riska9663"" target=""_blank"">@riska9663</a>",3,1,1,1,1,6,0,30.5,2.5,0,0
"<a href=""https://tiktok.com/@ryansry0"" target=""_blank"">@ryansry0</a>",3,2,2.833,1,1,6,0,89.5,1.5,0,0
"<a href=""https://tiktok.com/@santiagogarcia3927"" target=""_blank"">@santiagogarcia3927</a>",3,1,0.667,0.5,1,6,0,222.5,1,0,0.5
"<a href=""https://tiktok.com/@santriweti2011"" target=""_blank"">@santriweti2011</a>",3,1,13.333,0.5,1,6,0,2.5,0,0,0
"<a href=""https://tiktok.com/@sarmin.sultana09"" target=""_blank"">@sarmin.sultana09</a>",2,2,52.167,0.8,1,6,0,72.5,28.5,7.5,1
"<a href=""https://tiktok.com/@satafofana27"" target=""_blank"">@satafofana27</a>",3,1,1.667,0.5,1,6,0,115.5,25.5,5,0
"<a href=""https://tiktok.com/@sheriff.black71"" target=""_blank"">@sheriff.black71</a>",3,1,1.667,0.5,1,6,0,50.5,3.5,1,0
"<a href=""https://tiktok.com/@sidiyatra727"" target=""_blank"">@sidiyatra727</a>",3,1,1.667,0.5,1,6,0,84.5,25.5,15,0
"<a href=""https://tiktok.com/@suhounheroedebil"" target=""_blank"">@suhounheroedebil</a>",3,1,0.667,0.5,1,6,0,33.5,5,0,0
"<a href=""https://tiktok.com/@tarmijan.idrus"" target=""_blank"">@tarmijan.idrus</a>",3,1,0.667,0.5,1,6,0,54,2.5,0,0
"<a href=""https://tiktok.com/@thant.zin5377"" target=""_blank"">@thant.zin5377</a>",3,1,1,1,1,6,0,66.5,21.5,1,0
"<a href=""https://tiktok.com/@tiyas.0480"" target=""_blank"">@tiyas.0480</a>",3,1,11.333,0.5,1,6,0,41.5,0,0,0
"<a href=""https://tiktok.com/@toe91150"" target=""_blank"">@toe91150</a>",3,1,12.333,0.5,1,6,0,68,21,1,0
"<a href=""https://tiktok.com/@tuyen.pham876"" target=""_blank"">@tuyen.pham876</a>",3,1,1.667,0.5,1,6,0,46.5,0.5,0,0
"<a href=""https://tiktok.com/@user4229078147940"" target=""_blank"">@user4229078147940</a>",3,1,7.333,0.5,1,6,0,81.5,10,5,0
"<a href=""https://tiktok.com/@user58236190404591"" target=""_blank"">@user58236190404591</a>",3,1,7.333,0.5,1,6,0,45,6.5,0,0
"<a href=""https://tiktok.com/@user6150824109381"" target=""_blank"">@user6150824109381</a>",3,1,1.333,1,1,6,0,34.5,3.5,0,0
"<a href=""https://tiktok.com/@user8431021130445"" target=""_blank"">@user8431021130445</a>",6,9,46.696,0.929,1,23,0,905.333,37,1.333,0.222
"<a href=""https://tiktok.com/@user8632343249071"" target=""_blank"">@user8632343249071</a>",6,9,46.696,0.929,1,23,0,1201.778,47.111,1.222,0.333
"<a href=""https://tiktok.com/@userch0y9m8ukb"" target=""_blank"">@userch0y9m8ukb</a>",3,1,7.333,0.5,1,6,0,16,0,0,0
"<a href=""https://tiktok.com/@vita20964"" target=""_blank"">@vita20964</a>",3,1,1.667,0.5,1,6,0,118.5,10.5,0,1.5
"<a href=""https://tiktok.com/@vivianefagundesethan"" target=""_blank"">@vivianefagundesethan</a>",3,1,14.333,0.5,1,6,0,92,5.5,0,0
"<a href=""https://tiktok.com/@wandasanchez172"" target=""_blank"">@wandasanchez172</a>",3,1,3.333,0.5,1,6,0,155,17.5,5,4
"<a href=""https://tiktok.com/@waway1628"" target=""_blank"">@waway1628</a>",3,1,0.667,0.5,1,6,0,46,1,0,0
"<a href=""https://tiktok.com/@xin20241035"" target=""_blank"">@xin20241035</a>",5,4,45,1,1,6,0,1514.5,66.5,2.333,0.5
"<a href=""https://tiktok.com/@yamiletgomez2735"" target=""_blank"">@yamiletgomez2735</a>",3,1,0.667,0.5,1,6,0,9,1.5,0,0
"<a href=""https://tiktok.com/@yoselingutirrez53"" target=""_blank"">@yoselingutirrez53</a>",3,1,0.667,0.5,1,6,0,112.5,30.5,0,0
"<a href=""https://tiktok.com/@young__oc"" target=""_blank"">@young__oc</a>",3,1,12.333,0.5,1,6,0,89.5,20.5,4,0
"<a href=""https://tiktok.com/@yydszdzqa"" target=""_blank"">@yydszdzqa</a>",5,6,40.818,0.875,1,11,0,1179.833,53.167,1.333,0.167
"<a href=""https://tiktok.com/@yyfdtwhtod"" target=""_blank"">@yyfdtwhtod</a>",4,9,46.463,0.871,2,45,0,915.667,36.111,0.778,0.333
"<a href=""https://tiktok.com/@zabiyabiya"" target=""_blank"">@zabiyabiya</a>",3,1,1,1,1,6,0,53,1.5,0,0
"<a href=""https://tiktok.com/@zhumagulova_3"" target=""_blank"">@zhumagulova_3</a>",3,1,1.667,0.5,1,6,0,138,18,3,0
