"Network","Number of Accounts","Network Density","Network Diameter","Clustering Coefficient","Avg Views","Avg Likes","Avg Comments","Avg Shares","Member Accounts"
1,2,1,6,NA,112.7,30.5,5.8,3,"h.m.osman.h.m.osm1, mafujaaktarr"
2,4,0.5,14,0,82.667,23.267,5.2,2,"mahi.islam44300, md.mamun0354, kanchon.akter08, sarmin.sultana09"
3,87,0.023,12,0,115.594,14.874,1.634,0.297,"nathuzkadiviina17, sheriff.black71, madizi51, luabartenderclassic, miqueias.emanuel64, janethbarrios7, waway1628, khalipha.abdullah6, princeman127, clauaguilar42, laura.christian66, satafofana27, defensora_dekim.niniyeli, vita20964, luz.dary.alvarador6, endang.197, ojeladeoluwaseun6, baratoire330, yoselingutirrez53, yamiletgomez2735, suhounheroedebil, thant.zin5377, gdndhfdhdakwbirbfb2, joaozito00003, mc_mescool, tuyen.pham876, riska9663, user6150824109381, richard_rosalesdiaz, adi.doankz0, sidiyatra727, deglen9_magetan, josantniobarrosom, tarmijan.idrus, patty.sampaiio, issaka.bamogo974, fayura_collection, jk.mandal5, anakabah606, alejandrozarate1638, andymoreno6233, dhedegemoy06, natt_trevisan, ryansry0, ngoc.ip4, amairani.flores25, young__oc, dnmfrnastn, mymrta7, kulsappzaap, pawan.don6, mart11591, user58236190404591, mhistunmize4, user4229078147940, marianis2024, gkhgbhbg, julia.faleiro5, davidmedina20765, nitamelia10, userch0y9m8ukb, amera.sayed31, wandasanchez172, santiagogarcia3927, rinda5942, mammie.golden4, kiswo05, ekagiantie, officiallygreat7, irmairawanmardyah, vivianefagundesethan, hdgauges, alyssamcmullen, santriweti2011, katherineruizgonzalez1, kenny.jhoana.fran, 29maryortiz, mdhabib2126, genesiszzco, faisolratih, bdollar232, zabiyabiya, tiyas.0480, pakita0813, melsy.henuk, toe91150, zhumagulova_3"
4,3,1,27,1,878.417,34.875,0.833,0.208,"gksdtirevb, okgsisnssx, yyfdtwhtod"
5,3,0.667,17,0,1103.857,45.762,1.429,0.286,"gbooat, xin20241035, yydszdzqa"
6,2,1,23,NA,1053.556,42.056,1.278,0.278,"user8431021130445, user8632343249071"
