"Post URL","Network","Author","Timestamp","Number of Accounts","Views","Likes","Comments","Shares","Description"
"<a href=""https://www.tiktok.com/@mafujaaktarr/video/7483269863494962440"" target=""_blank"" class=""btn btn-sm"" style=""background-color: #00926c; color: white; text-decoration: none; padding: 2px 8px; border-radius: 4px; font-size: 0.8em;"">View Post</a>",1,"mafujaaktarr",2025-03-18 21:49:07,1,174,47,2,6,"#ইসলামিক_ভিডিও_🤲🕋🤲 "
"<a href=""https://www.tiktok.com/@mafujaaktarr/video/7483269246986865927"" target=""_blank"" class=""btn btn-sm"" style=""background-color: #00926c; color: white; text-decoration: none; padding: 2px 8px; border-radius: 4px; font-size: 0.8em;"">View Post</a>",1,"mafujaaktarr",2025-03-18 21:46:52,1,53,21,0,4,"#ইসলামিক_ভিডিও_🤲🕋🤲 "
"<a href=""https://www.tiktok.com/@mafujaaktarr/video/7483269118469082375"" target=""_blank"" class=""btn btn-sm"" style=""background-color: #00926c; color: white; text-decoration: none; padding: 2px 8px; border-radius: 4px; font-size: 0.8em;"">View Post</a>",1,"mafujaaktarr",2025-03-18 21:46:18,1,157,28,2,6,"#ইসলামিক_ভিডিও_🤲🕋🤲 "
"<a href=""https://www.tiktok.com/@mranamulhoque4/video/7483269028488744200"" target=""_blank"" class=""btn btn-sm"" style=""background-color: #00926c; color: white; text-decoration: none; padding: 2px 8px; border-radius: 4px; font-size: 0.8em;"">View Post</a>",1,"mranamulhoque4",2025-03-18 21:45:54,1,124,38,2,3,"#ইসলামিক_ভিডিও_🤲🕋🤲 "
"<a href=""https://www.tiktok.com/@mafujaaktarr/video/7483268966060674312"" target=""_blank"" class=""btn btn-sm"" style=""background-color: #00926c; color: white; text-decoration: none; padding: 2px 8px; border-radius: 4px; font-size: 0.8em;"">View Post</a>",1,"mafujaaktarr",2025-03-18 21:45:43,1,175,47,1,4,"#ইসলামিক_ভিডিও_🤲🕋🤲 "
"<a href=""https://www.tiktok.com/@mafujaaktarr/video/7483249543295978759"" target=""_blank"" class=""btn btn-sm"" style=""background-color: #00926c; color: white; text-decoration: none; padding: 2px 8px; border-radius: 4px; font-size: 0.8em;"">View Post</a>",1,"mafujaaktarr",2025-03-18 20:30:20,1,194,59,0,5,"#ইসলামিক_ভিডিও_🤲🕋🤲 "
"<a href=""https://www.tiktok.com/@mafujaaktarr/video/7483233305714789650"" target=""_blank"" class=""btn btn-sm"" style=""background-color: #00926c; color: white; text-decoration: none; padding: 2px 8px; border-radius: 4px; font-size: 0.8em;"">View Post</a>",1,"mafujaaktarr",2025-03-18 19:27:17,1,163,47,2,1,"#ইসলামিক_ভিডিও_🤲🕋🤲 "
"<a href=""https://www.tiktok.com/@mafujaaktarr/video/7483233170259725586"" target=""_blank"" class=""btn btn-sm"" style=""background-color: #00926c; color: white; text-decoration: none; padding: 2px 8px; border-radius: 4px; font-size: 0.8em;"">View Post</a>",1,"mafujaaktarr",2025-03-18 19:26:44,1,157,38,2,2,"#ইসলামিক_ভিডিও_🤲🕋🤲 "
"<a href=""https://www.tiktok.com/@mafujaaktarr/video/7483232988566654215"" target=""_blank"" class=""btn btn-sm"" style=""background-color: #00926c; color: white; text-decoration: none; padding: 2px 8px; border-radius: 4px; font-size: 0.8em;"">View Post</a>",1,"mafujaaktarr",2025-03-18 19:26:05,1,161,35,3,2,"#ইসলামিক_ভিডিও_🤲🕋🤲 "
