"Account","Network","Unique Shares","Avg Time Between Shares (sec)","Edge Symmetry Score","Degree","Strength","Betweenness","Avg Views","Avg Likes","Avg Comments","Avg Shares"
"<a href=""https://tiktok.com/@2thgkvjd"" target=""_blank"">@2thgkvjd</a>",63,6,41.286,1,2,14,0,2159,167.167,1.667,0.167
"<a href=""https://tiktok.com/@2tiktohdh"" target=""_blank"">@2tiktohdh</a>",62,6,35.875,0.929,2,18,0,943.833,41.833,0,0
"<a href=""https://tiktok.com/@3mbfklb"" target=""_blank"">@3mbfklb</a>",61,6,51.491,1,4,30,0,1615.857,70.857,0.143,0.143
"<a href=""https://tiktok.com/@41ghqq"" target=""_blank"">@41ghqq</a>",62,6,40.375,0.929,2,18,0,1239.667,37.5,0.667,0.167
"<a href=""https://tiktok.com/@4hgkdjf"" target=""_blank"">@4hgkdjf</a>",63,5,41.714,1,1,7,0,1171.4,97.6,1.8,0.4
"<a href=""https://tiktok.com/@adam.hoyt"" target=""_blank"">@adam.hoyt</a>",87,6,47.854,0.919,4,45,0,914,27.667,2.167,5
"<a href=""https://tiktok.com/@aed0267"" target=""_blank"">@aed0267</a>",30,4,56.83,0.676,3,27,0,2238.667,60.667,0.333,0.167
"<a href=""https://tiktok.com/@aed2750"" target=""_blank"">@aed2750</a>",30,6,45.364,0.746,3,33,0,2532.333,53.667,0.333,0.667
"<a href=""https://tiktok.com/@aed3660"" target=""_blank"">@aed3660</a>",11,7,46.919,0.916,5,42,0,18550.571,134.714,3.429,3.429
"<a href=""https://tiktok.com/@aed75787"" target=""_blank"">@aed75787</a>",11,8,44.589,0.9,6,49,0,6016.625,80.5,1.625,2.75
"<a href=""https://tiktok.com/@aed7p4"" target=""_blank"">@aed7p4</a>",11,6,64.195,0.863,3,24,0,6322.167,109.5,1.333,1.167
"<a href=""https://tiktok.com/@aeda1689"" target=""_blank"">@aeda1689</a>",11,8,59.546,0.814,4,31,0,5682.125,58,0.375,0.625
"<a href=""https://tiktok.com/@aeddjgjttj"" target=""_blank"">@aeddjgjttj</a>",35,8,38,1,1,7,0,5489.5,252.125,2.875,13.75
"<a href=""https://tiktok.com/@aedfjats"" target=""_blank"">@aedfjats</a>",35,8,55.929,1,4,28,0,1763.75,93.875,0.25,1.25
"<a href=""https://tiktok.com/@aedgslpxjx"" target=""_blank"">@aedgslpxjx</a>",10,6,54.475,0.921,3,26,0,2199.667,37.333,0.167,0.167
"<a href=""https://tiktok.com/@aedhdici"" target=""_blank"">@aedhdici</a>",6,6,39.875,1,2,16,0,3873.667,107.5,6,75.5
"<a href=""https://tiktok.com/@aedhdjcoof"" target=""_blank"">@aedhdjcoof</a>",10,8,56.027,0.874,7,70,0,2050.75,96.125,1,1.625
"<a href=""https://tiktok.com/@aedhsks"" target=""_blank"">@aedhsks</a>",35,7,56.571,1,1,7,0,2846.571,126,1.143,1.286
"<a href=""https://tiktok.com/@aediubt"" target=""_blank"">@aediubt</a>",81,4,47,0.667,1,8,0,6090.667,101.833,3.167,1.833
"<a href=""https://tiktok.com/@aedjxpxodj"" target=""_blank"">@aedjxpxodj</a>",17,6,90,1,1,8,0,5858,338.833,5.167,17.667
"<a href=""https://tiktok.com/@aeduriosod"" target=""_blank"">@aeduriosod</a>",15,4,36,1,1,8,0,1124.5,63.75,1.25,4.25
"<a href=""https://tiktok.com/@aedwc0"" target=""_blank"">@aedwc0</a>",35,8,51.143,1,1,7,0,1981,165.875,1.5,0.375
"<a href=""https://tiktok.com/@aedyckctu"" target=""_blank"">@aedyckctu</a>",7,4,69.5,1,1,8,0,2748.25,116,1,1.5
"<a href=""https://tiktok.com/@airplane_video578"" target=""_blank"">@airplane_video578</a>",89,6,64.207,1,2,20,0,6006.278,95.222,2.278,1.333
"<a href=""https://tiktok.com/@akkaanav.risksjsg"" target=""_blank"">@akkaanav.risksjsg</a>",11,8,63.243,0.856,4,33,0,45122.625,446.625,4.375,7.25
"<a href=""https://tiktok.com/@amazing_seeet120"" target=""_blank"">@amazing_seeet120</a>",42,10,94.158,0.5,1,19,0,3083.048,71.714,9.476,4.429
"<a href=""https://tiktok.com/@amelia.wilson.johnson"" target=""_blank"">@amelia.wilson.johnson</a>",88,4,64.429,0.833,1,7,0,1114,55.5,2.5,19.25
"<a href=""https://tiktok.com/@arffug"" target=""_blank"">@arffug</a>",80,5,51.5,1,2,16,0,1263.571,42.143,2,1
"<a href=""https://tiktok.com/@aseng.haymong"" target=""_blank"">@aseng.haymong</a>",37,8,38.521,1,3,37,0,2901.75,86.125,1.375,1.875
"<a href=""https://tiktok.com/@avafind2"" target=""_blank"">@avafind2</a>",94,14,47.486,1,2,21,0,356.905,0.667,0.048,0
"<a href=""https://tiktok.com/@awmilke"" target=""_blank"">@awmilke</a>",58,4,65.25,1,1,8,0,1877.25,71.25,0.75,0.25
"<a href=""https://tiktok.com/@ayanna.kelekele"" target=""_blank"">@ayanna.kelekele</a>",87,5,51.621,0.967,5,55,0,1220.4,24.6,0.4,3
"<a href=""https://tiktok.com/@bagge.hazelk"" target=""_blank"">@bagge.hazelk</a>",34,8,33.571,0.833,1,7,0,1143.625,101.5,0.75,1.375
"<a href=""https://tiktok.com/@barakah.yasmine.s"" target=""_blank"">@barakah.yasmine.s</a>",82,6,33.276,0.944,2,29,0,584.333,19.333,0.667,2.833
"<a href=""https://tiktok.com/@battl.kray"" target=""_blank"">@battl.kray</a>",29,5,63.407,0.917,3,31,0,11254,158.2,0,0.8
"<a href=""https://tiktok.com/@bbdhkf6"" target=""_blank"">@bbdhkf6</a>",86,4,68.25,1,1,8,0,3576,133,4,55.5
"<a href=""https://tiktok.com/@bdjkeo"" target=""_blank"">@bdjkeo</a>",2,5,59.071,0.844,2,19,0,198,1.6,0,0
"<a href=""https://tiktok.com/@bdjsbsk4"" target=""_blank"">@bdjsbsk4</a>",52,6,26.529,0.933,4,50,0,2251.167,69.5,0.833,0.333
"<a href=""https://tiktok.com/@bdpd57"" target=""_blank"">@bdpd57</a>",16,6,34.75,0.866,2,20,0,3397.833,193.333,0.833,1.167
"<a href=""https://tiktok.com/@be.jkigv"" target=""_blank"">@be.jkigv</a>",3,8,42.16,0.943,6,52,0,3302.625,114.75,1.875,1.375
"<a href=""https://tiktok.com/@beautydriver2"" target=""_blank"">@beautydriver2</a>",89,5,64.167,0.857,1,12,0,433.296,20.926,1.963,0.185
"<a href=""https://tiktok.com/@benedossie2"" target=""_blank"">@benedossie2</a>",29,5,60.703,0.844,6,49,0,9024.2,82.8,0.6,0.8
"<a href=""https://tiktok.com/@bfc.hff"" target=""_blank"">@bfc.hff</a>",18,5,58,1,1,7,0,2739,39,2.2,0.8
"<a href=""https://tiktok.com/@bfihc"" target=""_blank"">@bfihc</a>",6,6,59.708,1,2,20,0,3368.333,105.333,0.333,4.167
"<a href=""https://tiktok.com/@bihuo6660"" target=""_blank"">@bihuo6660</a>",73,3,21,0.833,1,7,0,820.2,85,0.6,0.4
"<a href=""https://tiktok.com/@bipiqo"" target=""_blank"">@bipiqo</a>",79,8,52.768,0.972,6,52,0,1336.625,20.625,0.125,0.375
"<a href=""https://tiktok.com/@bjspsp"" target=""_blank"">@bjspsp</a>",78,5,58.507,0.817,2,17,0.002,16521.429,705.571,21.143,5.143
"<a href=""https://tiktok.com/@bkot6010"" target=""_blank"">@bkot6010</a>",47,12,64.189,1,3,56,0,1665.083,63.917,0.417,7.333
"<a href=""https://tiktok.com/@bmc12655"" target=""_blank"">@bmc12655</a>",3,8,51.231,0.845,4,40,0,7633.625,111,0.875,4.25
"<a href=""https://tiktok.com/@bowro.jpp"" target=""_blank"">@bowro.jpp</a>",33,7,34.625,1,2,16,0,1143.143,119.571,1.286,2.143
"<a href=""https://tiktok.com/@bpgarp"" target=""_blank"">@bpgarp</a>",79,8,66.993,1,5,60,0,1712.875,24.625,0.5,0.25
"<a href=""https://tiktok.com/@bsbsbsvsv44"" target=""_blank"">@bsbsbsvsv44</a>",17,5,63.1,0.875,1,10,0,1892.4,134.8,2.2,2.6
"<a href=""https://tiktok.com/@buggyhugh1"" target=""_blank"">@buggyhugh1</a>",69,4,47.857,1,1,7,0,4928.25,112.75,2,0.25
"<a href=""https://tiktok.com/@bvoo3130"" target=""_blank"">@bvoo3130</a>",45,12,64.893,1,6,113,0,2453.5,62.25,1.333,0.75
"<a href=""https://tiktok.com/@bxkke4723"" target=""_blank"">@bxkke4723</a>",52,8,28.182,0.972,4,61,0,1301.375,51.625,0.375,0
"<a href=""https://tiktok.com/@bzsksk1"" target=""_blank"">@bzsksk1</a>",61,5,64.363,1,3,22,0,1190.6,61.2,2.6,0.4
"<a href=""https://tiktok.com/@caifu1802"" target=""_blank"">@caifu1802</a>",73,6,47.581,0.903,3,32,0,1228,95.167,0.667,1.333
"<a href=""https://tiktok.com/@carlos.alberto.al886"" target=""_blank"">@carlos.alberto.al886</a>",37,8,39.571,1,3,38,0,1978.375,58.25,0.75,0.125
"<a href=""https://tiktok.com/@carmen.vega355"" target=""_blank"">@carmen.vega355</a>",19,6,50,0.938,2,20,0,2284.167,93.333,0.333,2.5
"<a href=""https://tiktok.com/@cbnkugf"" target=""_blank"">@cbnkugf</a>",2,6,55.583,0.868,3,30,0,222.333,5,0,0
"<a href=""https://tiktok.com/@chantalkusch"" target=""_blank"">@chantalkusch</a>",3,8,62.109,0.899,9,82,0,10873.125,236.25,1.125,2.375
"<a href=""https://tiktok.com/@chdg050"" target=""_blank"">@chdg050</a>",22,6,62.768,0.897,3,23,0,2931.833,85.667,2.333,6
"<a href=""https://tiktok.com/@china_cutegirl22"" target=""_blank"">@china_cutegirl22</a>",43,4,102.556,0.75,1,9,0,405.75,36.8,2.5,1.1
"<a href=""https://tiktok.com/@chummi_queen1"" target=""_blank"">@chummi_queen1</a>",41,9,101.789,0.667,1,19,0,7909.29,492.129,24.677,46.355
"<a href=""https://tiktok.com/@cigcgict"" target=""_blank"">@cigcgict</a>",66,4,52.25,1,2,16,0,2172.25,88,0.75,0
"<a href=""https://tiktok.com/@ciojkb"" target=""_blank"">@ciojkb</a>",40,9,19.821,0.978,6,162,0,2638.667,107.667,0.111,0.778
"<a href=""https://tiktok.com/@ciucfyictci"" target=""_blank"">@ciucfyictci</a>",65,4,72.5,1,1,8,0,2243.5,98.25,1.75,0.75
"<a href=""https://tiktok.com/@cjire9104"" target=""_blank"">@cjire9104</a>",50,5,61.849,0.8,2,16,0,315.8,17,0,0.4
"<a href=""https://tiktok.com/@cjur6297"" target=""_blank"">@cjur6297</a>",49,5,46.786,0.933,3,37,0,1355,70,0.2,0
"<a href=""https://tiktok.com/@clirr5282"" target=""_blank"">@clirr5282</a>",51,5,85.125,1,1,8,0,1134.4,89.2,0.6,3.4
"<a href=""https://tiktok.com/@constantinos.hard"" target=""_blank"">@constantinos.hard</a>",87,6,45.604,0.826,6,70,0,1341.833,33,0.167,5.833
"<a href=""https://tiktok.com/@craig.harrell0"" target=""_blank"">@craig.harrell0</a>",4,8,61.143,0.833,1,7,0,1683.5,125,0.375,2.125
"<a href=""https://tiktok.com/@cuc.thu243"" target=""_blank"">@cuc.thu243</a>",39,7,47.571,0.857,1,7,0,4582.571,80.571,4.714,0.857
"<a href=""https://tiktok.com/@cxd.shd"" target=""_blank"">@cxd.shd</a>",39,8,49.063,0.929,2,16,0,13753.125,153.875,7,2.375
"<a href=""https://tiktok.com/@dchjo48"" target=""_blank"">@dchjo48</a>",98,3,27.444,0.95,4,36,0,1228.333,57.667,0,3.333
"<a href=""https://tiktok.com/@ddoom15"" target=""_blank"">@ddoom15</a>",99,4,53.17,0.881,4,45,0,390.25,21.75,0,1
"<a href=""https://tiktok.com/@debran.oxonrp00"" target=""_blank"">@debran.oxonrp00</a>",11,8,38.214,0.889,3,22,0,2702.875,64,0.5,0.375
"<a href=""https://tiktok.com/@debran.oxonrp86"" target=""_blank"">@debran.oxonrp86</a>",11,5,78,0.833,1,7,0,13990,192.2,0.6,4
"<a href=""https://tiktok.com/@dell.oswink"" target=""_blank"">@dell.oswink</a>",33,6,24.125,1,2,16,0,2016.625,120.5,0.5,1.75
"<a href=""https://tiktok.com/@demetriusguerrero"" target=""_blank"">@demetriusguerrero</a>",87,3,61.302,0.933,3,25,0,1278.667,37.333,0,4
"<a href=""https://tiktok.com/@dfbjqb"" target=""_blank"">@dfbjqb</a>",93,3,61.833,1,2,18,0,280,12.667,0,0.333
"<a href=""https://tiktok.com/@dfdfm03"" target=""_blank"">@dfdfm03</a>",99,3,55.806,0.822,3,32,0,3066.667,30.333,0.667,0
"<a href=""https://tiktok.com/@dfittf"" target=""_blank"">@dfittf</a>",65,4,52.75,1,1,8,0,26210.25,1456.75,7.25,4.5
"<a href=""https://tiktok.com/@dghhg372"" target=""_blank"">@dghhg372</a>",78,8,70.694,1,4,40,0,3619.625,287.5,3.125,7.75
"<a href=""https://tiktok.com/@dhhi6645"" target=""_blank"">@dhhi6645</a>",50,5,64.556,1,1,9,0,775.8,76.8,1,0.8
"<a href=""https://tiktok.com/@dhuolt"" target=""_blank"">@dhuolt</a>",40,9,20.204,0.956,6,162,0,5453,137,2.111,2.778
"<a href=""https://tiktok.com/@dijx3903"" target=""_blank"">@dijx3903</a>",45,12,68.273,1,5,98,0,2329.333,55.5,0.833,0.5
"<a href=""https://tiktok.com/@dining.seventy"" target=""_blank"">@dining.seventy</a>",69,3,47.857,1,1,7,0,1007,32.75,0,0.75
"<a href=""https://tiktok.com/@dirkgncyy.z.110"" target=""_blank"">@dirkgncyy.z.110</a>",71,4,36,1,2,15,0,1142.5,71,0.5,0.75
"<a href=""https://tiktok.com/@djakbksi"" target=""_blank"">@djakbksi</a>",2,5,58.442,0.867,4,45,0,97.8,1.8,0,0
"<a href=""https://tiktok.com/@djbdjfjff"" target=""_blank"">@djbdjfjff</a>",13,8,56.292,0.938,2,17,0,1998.5,117.25,0.625,0.75
"<a href=""https://tiktok.com/@djejgek"" target=""_blank"">@djejgek</a>",2,6,61.371,0.857,3,37,0,264,4.667,0,0
"<a href=""https://tiktok.com/@djfntt.7191"" target=""_blank"">@djfntt.7191</a>",71,4,41.571,1,2,14,0,1291,122,1.25,1.25
"<a href=""https://tiktok.com/@djm9r"" target=""_blank"">@djm9r</a>",23,8,57.467,0.86,3,25,0,2394.375,91.375,1,1.75
"<a href=""https://tiktok.com/@djskgikeejk8"" target=""_blank"">@djskgikeejk8</a>",32,3,27.333,1,1,9,0,496.667,28,0.333,0.333
"<a href=""https://tiktok.com/@dnakr3818"" target=""_blank"">@dnakr3818</a>",67,3,42,1,1,9,0,1704.667,54.333,0,0
"<a href=""https://tiktok.com/@drgd8391"" target=""_blank"">@drgd8391</a>",45,7,42.762,0.778,1,21,0,1024.3,70,0.4,1
"<a href=""https://tiktok.com/@dtbtcc8"" target=""_blank"">@dtbtcc8</a>",79,8,53.925,0.976,7,76,0,2534.375,70.75,0.375,6.375
"<a href=""https://tiktok.com/@dvdjsh29"" target=""_blank"">@dvdjsh29</a>",78,8,67.028,1,4,55,0,4908.625,283.875,4.375,1.75
"<a href=""https://tiktok.com/@dytfd65"" target=""_blank"">@dytfd65</a>",67,3,42,1,1,9,0,1137.333,42,0.667,0.667
"<a href=""https://tiktok.com/@eagehh"" target=""_blank"">@eagehh</a>",40,9,18.673,0.952,6,162,0,272.889,9.778,0.444,0.111
"<a href=""https://tiktok.com/@eexvnnooyy"" target=""_blank"">@eexvnnooyy</a>",92,9,47.182,0.921,3,30,0,1747.667,77,1.667,4.778
"<a href=""https://tiktok.com/@eiej4325"" target=""_blank"">@eiej4325</a>",45,12,73.497,0.942,6,93,0,655.75,39.5,0.5,0.083
"<a href=""https://tiktok.com/@elleigh.anton"" target=""_blank"">@elleigh.anton</a>",66,4,66.5,1,1,8,0,3035.5,184.75,0.25,0
"<a href=""https://tiktok.com/@emory.drawehj"" target=""_blank"">@emory.drawehj</a>",38,8,39.65,0.944,2,20,0,4375,70.125,1.75,1.25
"<a href=""https://tiktok.com/@eqmhqf"" target=""_blank"">@eqmhqf</a>",79,5,51.35,0.833,4,40,0,952.2,30.4,0,1
"<a href=""https://tiktok.com/@eyidk5"" target=""_blank"">@eyidk5</a>",78,8,64.219,0.969,4,46,0,858.25,37.375,0.25,0.25
"<a href=""https://tiktok.com/@facailllll12138"" target=""_blank"">@facailllll12138</a>",72,6,46.833,1,1,12,0,1624.167,211.5,1.667,0.667
"<a href=""https://tiktok.com/@fauy8466"" target=""_blank"">@fauy8466</a>",7,6,69.5,1,1,8,0,3773,90.5,0.333,2.167
"<a href=""https://tiktok.com/@fcjjv86"" target=""_blank"">@fcjjv86</a>",10,8,53.208,0.939,6,61,0,1949.875,109.625,1,1.25
"<a href=""https://tiktok.com/@fdijc3"" target=""_blank"">@fdijc3</a>",3,4,13.25,1,1,8,0,2765,71,0,0.25
"<a href=""https://tiktok.com/@fdrnbpulsfg"" target=""_blank"">@fdrnbpulsfg</a>",95,3,40.571,0.8,1,7,0,399.875,17.125,0.25,0.625
"<a href=""https://tiktok.com/@fduic5"" target=""_blank"">@fduic5</a>",10,6,63.228,0.967,5,47,0,2516.25,83.75,0.375,1.375
"<a href=""https://tiktok.com/@fefpls"" target=""_blank"">@fefpls</a>",96,3,35.333,1,1,9,0,238.333,6,0,0.667
"<a href=""https://tiktok.com/@fhakowbz"" target=""_blank"">@fhakowbz</a>",2,5,60.348,0.914,4,39,0,95.4,1,0,0
"<a href=""https://tiktok.com/@fhda78402"" target=""_blank"">@fhda78402</a>",45,12,66.02,1,3,77,0,826.5,52.167,0.333,0.167
"<a href=""https://tiktok.com/@fhfg2499"" target=""_blank"">@fhfg2499</a>",20,6,68.429,1,1,7,0,2122.833,139.667,1.5,5.667
"<a href=""https://tiktok.com/@fhxk1941"" target=""_blank"">@fhxk1941</a>",47,12,70.028,1,3,63,0,1558.833,72.167,0.5,6.083
"<a href=""https://tiktok.com/@fijvxdd"" target=""_blank"">@fijvxdd</a>",12,4,41,1,1,8,0,3309.833,126.667,0.667,2.167
"<a href=""https://tiktok.com/@fjjfjko"" target=""_blank"">@fjjfjko</a>",2,6,71.932,0.871,5,44,0.001,154.167,2.833,0.167,0
"<a href=""https://tiktok.com/@fjvfjk4"" target=""_blank"">@fjvfjk4</a>",17,6,76.55,0.938,2,18,0,1442,93.667,0.667,0.167
"<a href=""https://tiktok.com/@fkir2290"" target=""_blank"">@fkir2290</a>",49,5,64.897,1,3,39,0,1185.6,85.8,0.6,1.4
"<a href=""https://tiktok.com/@flsosi5"" target=""_blank"">@flsosi5</a>",78,8,64.94,1,3,41,0,2218.875,90.5,1,1.125
"<a href=""https://tiktok.com/@fsjoxkf"" target=""_blank"">@fsjoxkf</a>",4,8,77.839,0.917,2,15,0,2548,130.875,0.875,0.625
"<a href=""https://tiktok.com/@fughf21"" target=""_blank"">@fughf21</a>",3,8,52.934,0.964,7,64,0,4192.875,137.75,2.125,2.25
"<a href=""https://tiktok.com/@fvbsiw"" target=""_blank"">@fvbsiw</a>",93,5,69,1,1,9,0,505.333,26.5,0.167,0
"<a href=""https://tiktok.com/@gatillocristein6"" target=""_blank"">@gatillocristein6</a>",27,9,56.746,1,2,23,0,4633.333,77.444,2.556,4.111
"<a href=""https://tiktok.com/@gdghss35"" target=""_blank"">@gdghss35</a>",65,4,62.625,1,2,16,0,1915.75,79.25,1,0
"<a href=""https://tiktok.com/@gdjdi63"" target=""_blank"">@gdjdi63</a>",78,8,68.246,0.95,4,53,0.002,2809.125,130.625,1.125,0.375
"<a href=""https://tiktok.com/@gduhx01"" target=""_blank"">@gduhx01</a>",10,6,57.997,0.867,5,44,0,2990,37.5,0.5,0.167
"<a href=""https://tiktok.com/@gfkrng18"" target=""_blank"">@gfkrng18</a>",86,4,68.25,1,1,8,0,3354,108.75,6.75,31.5
"<a href=""https://tiktok.com/@gheoe8"" target=""_blank"">@gheoe8</a>",78,8,81.736,0.952,3,34,0.001,18105.5,544.25,3.875,5
"<a href=""https://tiktok.com/@ghhj8554"" target=""_blank"">@ghhj8554</a>",45,12,62.445,0.894,4,66,0,1287.917,72.5,0.417,0.417
"<a href=""https://tiktok.com/@ghjbsjb"" target=""_blank"">@ghjbsjb</a>",2,6,57.908,0.879,4,34,0.001,112.167,0.5,0,0
"<a href=""https://tiktok.com/@ghvvhvcgvvccf"" target=""_blank"">@ghvvhvcgvvccf</a>",91,8,74,0.833,1,7,0,5218.667,70.333,0.556,2.222
"<a href=""https://tiktok.com/@girldriver_8363"" target=""_blank"">@girldriver_8363</a>",90,6,68.889,0.938,2,24,0,61013.625,2396.125,40.708,38.083
"<a href=""https://tiktok.com/@givi0331"" target=""_blank"">@givi0331</a>",47,7,72,1,2,18,0,313.273,11,0,0.364
"<a href=""https://tiktok.com/@gjguq6894"" target=""_blank"">@gjguq6894</a>",51,3,85.125,1,1,8,0,2828.4,121.4,0.6,4.4
"<a href=""https://tiktok.com/@gjhg8047"" target=""_blank"">@gjhg8047</a>",45,10,57.672,0.967,6,94,0,622.333,12.083,0.25,0.083
"<a href=""https://tiktok.com/@gohdr4367"" target=""_blank"">@gohdr4367</a>",52,6,32.386,0.964,4,55,0,1762.833,79.5,1.833,1.167
"<a href=""https://tiktok.com/@gooj806"" target=""_blank"">@gooj806</a>",31,5,71.884,0.65,2,15,0,4825.8,98.6,1.2,2.4
"<a href=""https://tiktok.com/@gqvgpl"" target=""_blank"">@gqvgpl</a>",55,4,16.5,1,1,8,0,4515.25,54.5,1,0.5
"<a href=""https://tiktok.com/@gshr888"" target=""_blank"">@gshr888</a>",99,3,61.81,0.822,3,25,0,3567.667,47.333,2,3.333
"<a href=""https://tiktok.com/@gutieyy7"" target=""_blank"">@gutieyy7</a>",23,7,60.129,0.944,2,17,0,2581.429,119.571,1.286,2.571
"<a href=""https://tiktok.com/@gxhx514"" target=""_blank"">@gxhx514</a>",52,3,25.5,1,2,18,0,2060.667,66.333,0,0
"<a href=""https://tiktok.com/@gxiiff3"" target=""_blank"">@gxiiff3</a>",4,8,73.443,0.817,2,17,0,2175.75,128.375,0.375,0.75
"<a href=""https://tiktok.com/@gysfh4"" target=""_blank"">@gysfh4</a>",78,7,59.508,0.889,3,28,0.002,1469.375,64.625,0.625,0
"<a href=""https://tiktok.com/@gzchjj"" target=""_blank"">@gzchjj</a>",97,3,29.667,1,2,18,0,7001,265.333,8,16.667
"<a href=""https://tiktok.com/@hciiv26"" target=""_blank"">@hciiv26</a>",4,8,68.394,0.944,3,30,0,3593.875,78.75,1.125,2.25
"<a href=""https://tiktok.com/@hckcudh1"" target=""_blank"">@hckcudh1</a>",20,4,68.429,1,1,7,0,10881.8,439.4,1.8,2
"<a href=""https://tiktok.com/@hdhxh3484"" target=""_blank"">@hdhxh3484</a>",10,6,73.778,0.875,2,18,0,3667.833,66.5,0.167,0.167
"<a href=""https://tiktok.com/@hdicok57"" target=""_blank"">@hdicok57</a>",81,7,42.846,0.9,1,13,0,3427.375,112.625,3.375,1.25
"<a href=""https://tiktok.com/@hdifhg5"" target=""_blank"">@hdifhg5</a>",3,6,53.413,0.854,2,16,0,2240.571,74,1,1
"<a href=""https://tiktok.com/@hdksp6389"" target=""_blank"">@hdksp6389</a>",59,4,31.5,1,1,8,0,1504.25,70,0.75,0.5
"<a href=""https://tiktok.com/@hdr86575"" target=""_blank"">@hdr86575</a>",6,6,43.333,1,2,20,0,2058.5,40.333,0.5,1.333
"<a href=""https://tiktok.com/@hdryxd"" target=""_blank"">@hdryxd</a>",24,7,59.253,1,3,24,0,3806.857,106.571,1.429,4.857
"<a href=""https://tiktok.com/@hds.hy"" target=""_blank"">@hds.hy</a>",64,4,9.5,1,1,8,0,2436.75,127.25,5.25,0.5
"<a href=""https://tiktok.com/@hfigi61"" target=""_blank"">@hfigi61</a>",81,8,44.923,0.783,2,21,0,24745.875,476.75,4.625,4.625
"<a href=""https://tiktok.com/@hfstil3"" target=""_blank"">@hfstil3</a>",78,8,69.607,1,3,38,0.002,8950.25,433.75,5.625,3.25
"<a href=""https://tiktok.com/@hidouo"" target=""_blank"">@hidouo</a>",79,7,44.644,0.917,2,19,0,1010.875,19.125,0,0.375
"<a href=""https://tiktok.com/@hltuoq"" target=""_blank"">@hltuoq</a>",79,8,37.319,1,2,17,0,2026.75,28.875,0.25,0.75
"<a href=""https://tiktok.com/@hoeg.huan"" target=""_blank"">@hoeg.huan</a>",11,8,46.346,0.886,5,42,0,3053.625,30.25,0.625,0.375
"<a href=""https://tiktok.com/@hojdmc"" target=""_blank"">@hojdmc</a>",40,12,19.382,0.934,7,189,0,946.75,114.667,0.417,0.083
"<a href=""https://tiktok.com/@hpcfh"" target=""_blank"">@hpcfh</a>",21,5,51.25,1,1,8,0,2179.4,88.2,0.4,0.8
"<a href=""https://tiktok.com/@hrsy60677"" target=""_blank"">@hrsy60677</a>",50,5,58.238,0.8,2,16,0,539.8,47.2,0,0.4
"<a href=""https://tiktok.com/@hsbshzu0"" target=""_blank"">@hsbshzu0</a>",66,4,67.75,1,3,24,0,1899.25,87,0.75,0
"<a href=""https://tiktok.com/@hsiwibs"" target=""_blank"">@hsiwibs</a>",2,5,55.438,0.917,2,18,0,122,0.8,0,0
"<a href=""https://tiktok.com/@htjzwe4"" target=""_blank"">@htjzwe4</a>",57,4,55.75,1,1,8,0,2388.75,57.75,2.25,0
"<a href=""https://tiktok.com/@hullen.nguyen"" target=""_blank"">@hullen.nguyen</a>",5,6,64.25,1,1,8,0,4393.333,105.833,0.5,1
"<a href=""https://tiktok.com/@hurrryu"" target=""_blank"">@hurrryu</a>",78,6,61.333,1,4,36,0,2121.375,104.125,1,1.375
"<a href=""https://tiktok.com/@hwvrok"" target=""_blank"">@hwvrok</a>",56,4,35.875,1,2,16,0,2570.5,69,1.5,0
"<a href=""https://tiktok.com/@hzjsjs897"" target=""_blank"">@hzjsjs897</a>",64,4,9.5,1,1,8,0,3430.25,210,1,0.75
"<a href=""https://tiktok.com/@ianboone74"" target=""_blank"">@ianboone74</a>",1,4,49.286,1,1,7,0,1145.5,64.5,1,4
"<a href=""https://tiktok.com/@idhd139"" target=""_blank"">@idhd139</a>",4,8,32.333,1,1,12,0,2033.125,96.875,0.125,0.375
"<a href=""https://tiktok.com/@idpeoc"" target=""_blank"">@idpeoc</a>",79,8,61.924,0.976,7,72,0,1182.375,25.25,0.125,0.375
"<a href=""https://tiktok.com/@ifrt2705"" target=""_blank"">@ifrt2705</a>",46,8,10.125,1,1,8,0,2194.667,62.889,0.889,0.556
"<a href=""https://tiktok.com/@ilges.estelwei"" target=""_blank"">@ilges.estelwei</a>",38,8,37.417,1,2,25,0,2490.625,56.375,0.875,1
"<a href=""https://tiktok.com/@immanuel.dominik"" target=""_blank"">@immanuel.dominik</a>",11,4,50.25,1,2,16,0,7858.5,79.75,0.75,1
"<a href=""https://tiktok.com/@irdc042"" target=""_blank"">@irdc042</a>",3,7,55.886,0.903,6,57,0,2376.571,126,0.571,0.857
"<a href=""https://tiktok.com/@isce0690"" target=""_blank"">@isce0690</a>",48,11,74.694,0.917,3,38,0,1284.818,54.455,0.545,0.182
"<a href=""https://tiktok.com/@isgsjdj0"" target=""_blank"">@isgsjdj0</a>",78,7,61.536,0.875,2,28,0,10385.286,429.429,6,1.429
"<a href=""https://tiktok.com/@isr0065"" target=""_blank"">@isr0065</a>",97,3,115,1,1,7,0,5201.333,99,0,2
"<a href=""https://tiktok.com/@its92008"" target=""_blank"">@its92008</a>",97,3,74.778,1,3,25,0,9654.333,77,0.667,0.667
"<a href=""https://tiktok.com/@itsstj2"" target=""_blank"">@itsstj2</a>",78,8,62.125,1,2,24,0,645.875,33.75,0.5,0.375
"<a href=""https://tiktok.com/@iuwgeh"" target=""_blank"">@iuwgeh</a>",78,6,62.417,1,2,19,0,17507.5,425,8.167,3.833
"<a href=""https://tiktok.com/@jajsjsn56"" target=""_blank"">@jajsjsn56</a>",30,5,44.081,0.79,3,29,0,3055.4,73.8,1,2.8
"<a href=""https://tiktok.com/@jane95436"" target=""_blank"">@jane95436</a>",27,9,59.045,0.878,3,30,0,3050.3,45.9,3,1.8
"<a href=""https://tiktok.com/@janimani417"" target=""_blank"">@janimani417</a>",90,6,59.543,1,2,22,0,229629.538,1059.231,0,114
"<a href=""https://tiktok.com/@jccj44506"" target=""_blank"">@jccj44506</a>",45,9,54.922,0.938,5,73,0,307.667,6.556,0.556,1.111
"<a href=""https://tiktok.com/@jckfjd.bff"" target=""_blank"">@jckfjd.bff</a>",19,6,46.7,1,2,20,0,36793.333,1246.167,26.167,205.833
"<a href=""https://tiktok.com/@jdhxk85"" target=""_blank"">@jdhxk85</a>",74,11,41.903,0.733,1,31,0,1943.917,91.583,1.083,0.417
"<a href=""https://tiktok.com/@jdjsbs94"" target=""_blank"">@jdjsbs94</a>",61,6,51.518,1,2,15,0,20128.833,656.833,4.667,1.833
"<a href=""https://tiktok.com/@jdpxorjf"" target=""_blank"">@jdpxorjf</a>",3,5,75.438,0.929,2,16,0,3305,147,0.2,0.6
"<a href=""https://tiktok.com/@jelejeh1"" target=""_blank"">@jelejeh1</a>",78,8,66.875,0.969,4,38,0.001,2596.5,151.25,1.625,1.125
"<a href=""https://tiktok.com/@jenny.garrett65"" target=""_blank"">@jenny.garrett65</a>",87,4,49.635,0.82,5,47,0,1603.75,44.5,1.5,5.5
"<a href=""https://tiktok.com/@jfdd653"" target=""_blank"">@jfdd653</a>",8,6,63.75,1,1,8,0,3264,53.5,0.333,0
"<a href=""https://tiktok.com/@jfkovj5"" target=""_blank"">@jfkovj5</a>",3,8,54.67,0.884,6,55,0,3959.375,171.375,1.875,1.375
"<a href=""https://tiktok.com/@jkuy0534"" target=""_blank"">@jkuy0534</a>",45,12,74.966,0.916,5,60,0,1069.667,88,0.417,2.333
"<a href=""https://tiktok.com/@jsjsjksmsmsk"" target=""_blank"">@jsjsjksmsmsk</a>",92,9,71.308,0.938,2,24,0,2649.778,26.889,0.333,0.556
"<a href=""https://tiktok.com/@jsosjxj8"" target=""_blank"">@jsosjxj8</a>",3,8,62.233,0.882,6,53,0,1495.5,80.625,0.75,0.75
"<a href=""https://tiktok.com/@jspsns3"" target=""_blank"">@jspsns3</a>",78,7,69.963,0.868,5,48,0.002,28771.857,1345.429,13.429,44
"<a href=""https://tiktok.com/@jtcytxyzey"" target=""_blank"">@jtcytxyzey</a>",3,8,63.016,0.911,3,25,0,1514.125,142.875,1.75,5.75
"<a href=""https://tiktok.com/@juliosalazar229"" target=""_blank"">@juliosalazar229</a>",37,4,32.083,1,3,24,0,2066.625,59.5,0.25,0.625
"<a href=""https://tiktok.com/@jvhb240"" target=""_blank"">@jvhb240</a>",30,6,65.676,0.689,3,29,0,8351.167,202.667,0.833,0.833
"<a href=""https://tiktok.com/@jvtvc3"" target=""_blank"">@jvtvc3</a>",31,5,55.306,0.786,2,17,0,4207.6,84,0.2,0.6
"<a href=""https://tiktok.com/@jxgxi8"" target=""_blank"">@jxgxi8</a>",63,5,58.857,0.917,2,14,0,1315.6,62.2,1.4,0.8
"<a href=""https://tiktok.com/@kamlisarkar_0"" target=""_blank"">@kamlisarkar_0</a>",43,7,97.273,0.8,1,11,0,954.833,15.556,4.778,0.222
"<a href=""https://tiktok.com/@keaimaomimiao"" target=""_blank"">@keaimaomimiao</a>",100,2,29.25,0.8,1,8,0,807,66,2,0.5
"<a href=""https://tiktok.com/@kenitra.angliaf"" target=""_blank"">@kenitra.angliaf</a>",33,4,23,1,1,8,0,1240,72.5,0.75,1.75
"<a href=""https://tiktok.com/@kgx703"" target=""_blank"">@kgx703</a>",97,3,34.333,1,2,18,0,801.667,73.333,1,1.667
"<a href=""https://tiktok.com/@khanh.dao61"" target=""_blank"">@khanh.dao61</a>",28,6,55.894,0.933,3,37,0,4933.167,50.833,0.167,1.167
"<a href=""https://tiktok.com/@khfhc2"" target=""_blank"">@khfhc2</a>",14,7,16.571,1,1,7,0,2286.286,123.857,0.714,0.571
"<a href=""https://tiktok.com/@kjuq5904"" target=""_blank"">@kjuq5904</a>",45,9,67.278,1,6,63,0,1176.083,105.167,1.083,0.5
"<a href=""https://tiktok.com/@krissityann"" target=""_blank"">@krissityann</a>",1,4,49.286,1,1,7,0,707.25,42.75,1,3
"<a href=""https://tiktok.com/@krug011"" target=""_blank"">@krug011</a>",3,8,53.547,0.939,6,52,0,15322.125,305.625,120.25,146.875
"<a href=""https://tiktok.com/@ksndfmggf"" target=""_blank"">@ksndfmggf</a>",13,8,42.935,0.917,3,23,0,1012.375,54.25,0.5,0.125
"<a href=""https://tiktok.com/@kubjij"" target=""_blank"">@kubjij</a>",40,9,19.475,0.939,6,162,0,1330.778,100.222,0.556,1
"<a href=""https://tiktok.com/@labib.zain.hajjar"" target=""_blank"">@labib.zain.hajjar</a>",88,5,56.152,0.845,2,15,0,1408.6,36.4,2.4,15.2
"<a href=""https://tiktok.com/@lahab.fakhiri.ari"" target=""_blank"">@lahab.fakhiri.ari</a>",84,6,59.92,1,2,15,0,690,15.833,1,4
"<a href=""https://tiktok.com/@landscape5670"" target=""_blank"">@landscape5670</a>",24,8,53.408,0.938,7,66,0,3073.625,195.375,1.75,1.125
"<a href=""https://tiktok.com/@lanora.haskely"" target=""_blank"">@lanora.haskely</a>",37,8,40.033,1,3,39,0,3654,76.75,0.25,2.5
"<a href=""https://tiktok.com/@lashay.fornasaro"" target=""_blank"">@lashay.fornasaro</a>",87,5,48.387,1,2,26,0,894.6,38.6,0.4,12.4
"<a href=""https://tiktok.com/@laurengomezl"" target=""_blank"">@laurengomezl</a>",87,3,51.436,0.9,4,32,0,1215.333,33.667,1,7.333
"<a href=""https://tiktok.com/@lawgray3"" target=""_blank"">@lawgray3</a>",29,6,58.676,0.972,6,55,0,2874.667,78.5,0.5,1.5
"<a href=""https://tiktok.com/@leopolda.harriett"" target=""_blank"">@leopolda.harriett</a>",15,4,36,1,1,8,0,2116,75.75,1,0.75
"<a href=""https://tiktok.com/@leoraf9"" target=""_blank"">@leoraf9</a>",55,4,16.5,1,1,8,0,716.25,44,1,0
"<a href=""https://tiktok.com/@lhqitc"" target=""_blank"">@lhqitc</a>",79,8,65,1,1,8,0,1366.625,20.75,0,0.5
"<a href=""https://tiktok.com/@liaojiuyu"" target=""_blank"">@liaojiuyu</a>",52,8,28.131,0.978,5,73,0,1251.5,27.5,0.375,0.25
"<a href=""https://tiktok.com/@lierd.wilfrp"" target=""_blank"">@lierd.wilfrp</a>",34,6,33.571,0.833,1,7,0,2422.5,123.167,1.333,2.667
"<a href=""https://tiktok.com/@lin689668987"" target=""_blank"">@lin689668987</a>",26,5,63,0.714,1,9,0,2625.167,80,3.167,7.5
"<a href=""https://tiktok.com/@ljpjvh"" target=""_blank"">@ljpjvh</a>",56,4,26.875,1,2,16,0,1362,78,1.5,0.25
"<a href=""https://tiktok.com/@ljy88886"" target=""_blank"">@ljy88886</a>",100,2,42.5,1,1,8,0,759.5,27.5,0.5,0.5
"<a href=""https://tiktok.com/@lnppoe"" target=""_blank"">@lnppoe</a>",76,6,46.667,1,2,27,0,36727.889,448.333,20.556,53.111
"<a href=""https://tiktok.com/@luckyphone320"" target=""_blank"">@luckyphone320</a>",70,5,73.643,0.9,2,14,0,9085.8,201.8,2.4,2.2
"<a href=""https://tiktok.com/@ludwin.keith"" target=""_blank"">@ludwin.keith</a>",87,6,53.256,0.956,7,78,0,2076.167,39,1.333,6.667
"<a href=""https://tiktok.com/@lvlbtr"" target=""_blank"">@lvlbtr</a>",93,3,54.667,1,1,9,0,314,9.667,0,0.333
"<a href=""https://tiktok.com/@lwandiswamsithini"" target=""_blank"">@lwandiswamsithini</a>",11,8,38.84,0.887,5,44,0,4147,49.125,1.125,0.375
"<a href=""https://tiktok.com/@lxjjc"" target=""_blank"">@lxjjc</a>",10,4,62.652,0.817,2,15,0,2225.6,41.6,0.6,0
"<a href=""https://tiktok.com/@maemeg7"" target=""_blank"">@maemeg7</a>",54,4,11.5,1,1,8,0,1353,73.5,0.833,0.333
"<a href=""https://tiktok.com/@malasia2mbb0"" target=""_blank"">@malasia2mbb0</a>",89,5,58.806,0.905,3,32,0,1159.071,28.071,2.571,0.214
"<a href=""https://tiktok.com/@maryreynolds112"" target=""_blank"">@maryreynolds112</a>",18,5,58,1,1,7,0,109281.6,3426.8,24.6,17.2
"<a href=""https://tiktok.com/@mdsdz2"" target=""_blank"">@mdsdz2</a>",32,3,27.333,1,1,9,0,6633.182,303.636,17.273,3.636
"<a href=""https://tiktok.com/@meggie.y"" target=""_blank"">@meggie.y</a>",61,6,24.75,1,1,8,0,1549.5,74,1.167,0.333
"<a href=""https://tiktok.com/@melissahrenteria"" target=""_blank"">@melissahrenteria</a>",83,6,52.667,0.8,1,9,0,1038.667,25.833,1,6.667
"<a href=""https://tiktok.com/@midnightfy68"" target=""_blank"">@midnightfy68</a>",27,4,65.125,0.833,1,8,0,4795,61.667,1.556,4.667
"<a href=""https://tiktok.com/@miss.bordner"" target=""_blank"">@miss.bordner</a>",5,6,64.25,1,1,8,0,2896.667,95.833,1,0.5
"<a href=""https://tiktok.com/@mrqpgrnyb3467"" target=""_blank"">@mrqpgrnyb3467</a>",94,15,35.906,1,2,22,0,414.273,1.636,0.091,0
"<a href=""https://tiktok.com/@muhammad.dawi20"" target=""_blank"">@muhammad.dawi20</a>",83,5,61.604,0.8,2,17,0,563.333,22.5,0.833,9.333
"<a href=""https://tiktok.com/@mvbdanqi"" target=""_blank"">@mvbdanqi</a>",72,6,46.833,1,1,12,0,1845.333,115.167,0.5,0.333
"<a href=""https://tiktok.com/@nasiha.buthainah"" target=""_blank"">@nasiha.buthainah</a>",85,5,58.571,0.9,2,14,0,1110.167,30.5,1,11.5
"<a href=""https://tiktok.com/@nbhonghong5"" target=""_blank"">@nbhonghong5</a>",73,6,40.833,0.938,2,21,0,1879.833,111.333,3.5,3
"<a href=""https://tiktok.com/@ndmsl15"" target=""_blank"">@ndmsl15</a>",78,4,75.411,1,2,15,0,885.25,77.5,1.5,0.75
"<a href=""https://tiktok.com/@nhi.vo585"" target=""_blank"">@nhi.vo585</a>",28,6,50.518,0.892,3,40,0,2944,46.167,0.333,0
"<a href=""https://tiktok.com/@nhienchau41"" target=""_blank"">@nhienchau41</a>",28,5,57.152,0.911,3,33,0,4749,36.6,0.4,3
"<a href=""https://tiktok.com/@nidaye81"" target=""_blank"">@nidaye81</a>",52,8,27.283,0.975,5,75,0,1851.5,123.625,0.5,0.625
"<a href=""https://tiktok.com/@nkddaram"" target=""_blank"">@nkddaram</a>",92,9,48.9,0.952,3,26,0,2317.778,80.111,0.889,0.556
"<a href=""https://tiktok.com/@nqkwvc"" target=""_blank"">@nqkwvc</a>",54,4,11.5,1,1,8,0,8476.75,220.25,3.5,1.75
"<a href=""https://tiktok.com/@nxpsa4288"" target=""_blank"">@nxpsa4288</a>",59,4,31.5,1,1,8,0,1100.5,77.75,0.5,0.5
"<a href=""https://tiktok.com/@oaisg2"" target=""_blank"">@oaisg2</a>",78,5,51.5,1,1,8,0,27109.6,1140.6,31,8.2
"<a href=""https://tiktok.com/@objlhmtjemu"" target=""_blank"">@objlhmtjemu</a>",80,6,43.722,1,2,18,0,1097.833,67.667,0.667,8.333
"<a href=""https://tiktok.com/@ofodypu"" target=""_blank"">@ofodypu</a>",98,3,29.444,0.95,4,36,0,711.333,15,0.667,0.333
"<a href=""https://tiktok.com/@oh.geigeigei"" target=""_blank"">@oh.geigeigei</a>",73,5,55.038,1,2,22,0,1744.667,103.667,2.667,0.333
"<a href=""https://tiktok.com/@okay11732"" target=""_blank"">@okay11732</a>",45,9,75.923,0.926,3,38,0,1432.083,75.667,0.333,0.833
"<a href=""https://tiktok.com/@olando.mayo"" target=""_blank"">@olando.mayo</a>",87,6,45.124,0.869,4,48,0,1352.833,19.5,1.167,7.5
"<a href=""https://tiktok.com/@olivia.ava.davis"" target=""_blank"">@olivia.ava.davis</a>",88,5,47.875,0.857,1,8,0,713.4,26.6,2,4.6
"<a href=""https://tiktok.com/@oljclk"" target=""_blank"">@oljclk</a>",56,4,27.25,1,2,16,0,1521.25,28.5,0.25,0
"<a href=""https://tiktok.com/@omaro.macovei"" target=""_blank"">@omaro.macovei</a>",35,8,67.357,1,2,14,0,3450.5,261.5,17.125,90.875
"<a href=""https://tiktok.com/@osb.remo"" target=""_blank"">@osb.remo</a>",29,3,81.955,0.9,2,15,0,2063.333,40.667,0.333,0.333
"<a href=""https://tiktok.com/@oscar.kennedy48"" target=""_blank"">@oscar.kennedy48</a>",35,7,56.714,1,1,7,0,2045.625,164,2,2.5
"<a href=""https://tiktok.com/@oshasg"" target=""_blank"">@oshasg</a>",78,8,64.919,0.875,4,46,0,943.375,58.875,1,0.25
"<a href=""https://tiktok.com/@owuhwh"" target=""_blank"">@owuhwh</a>",78,8,64.968,0.958,4,49,0,22822.375,1082.5,9,72
"<a href=""https://tiktok.com/@palatalongwith"" target=""_blank"">@palatalongwith</a>",68,3,58.857,1,1,7,0,1322,23.667,0.667,0.667
"<a href=""https://tiktok.com/@pbpktw"" target=""_blank"">@pbpktw</a>",79,6,68.194,0.976,7,71,0,948.667,20,0,0.167
"<a href=""https://tiktok.com/@pdilul"" target=""_blank"">@pdilul</a>",57,4,55.75,1,1,8,0,18538.5,408.5,2.5,2.25
"<a href=""https://tiktok.com/@phong.ngoc76"" target=""_blank"">@phong.ngoc76</a>",39,7,50.556,1,1,9,0,4286.143,56,0.857,0.714
"<a href=""https://tiktok.com/@pjk3357"" target=""_blank"">@pjk3357</a>",36,5,52.143,1,1,7,0,1269.875,69.5,0.875,0.125
"<a href=""https://tiktok.com/@plaqebfzf07"" target=""_blank"">@plaqebfzf07</a>",41,8,94.179,0.8,1,28,0,2011.056,179.611,14.833,10.389
"<a href=""https://tiktok.com/@pratt_movie"" target=""_blank"">@pratt_movie</a>",8,6,63.75,1,1,8,0,5441.667,75.833,1.167,1.833
"<a href=""https://tiktok.com/@puata14"" target=""_blank"">@puata14</a>",78,6,39.8,0.917,2,18,0,12018.5,478,6.333,3.167
"<a href=""https://tiktok.com/@puhrra"" target=""_blank"">@puhrra</a>",79,8,71.026,0.972,6,61,0,382.875,6.875,0,0.25
"<a href=""https://tiktok.com/@purnialesh45"" target=""_blank"">@purnialesh45</a>",38,7,36.143,1,1,7,0,3118.571,60,0.714,1.571
"<a href=""https://tiktok.com/@qdcieh"" target=""_blank"">@qdcieh</a>",40,12,20.901,0.944,7,189,0,841.833,75.583,0.667,0.5
"<a href=""https://tiktok.com/@qllsks0"" target=""_blank"">@qllsks0</a>",78,8,52.969,1,3,47,0,18399.5,593.75,6.75,5.75
"<a href=""https://tiktok.com/@quincyshop08"" target=""_blank"">@quincyshop08</a>",3,7,56.13,0.967,5,42,0,13080.857,98.714,5,0.571
"<a href=""https://tiktok.com/@rajamani.steagell"" target=""_blank"">@rajamani.steagell</a>",68,3,58.857,1,1,7,0,699.667,10.333,0.333,0.333
"<a href=""https://tiktok.com/@reddit_grayson99"" target=""_blank"">@reddit_grayson99</a>",40,12,25.299,0.929,7,189,0,1764.833,157.917,0.583,0.333
"<a href=""https://tiktok.com/@reddit_ignatius8"" target=""_blank"">@reddit_ignatius8</a>",76,9,53.275,1,2,35,0,34348.778,515,22.778,111.222
"<a href=""https://tiktok.com/@reddit_wave9"" target=""_blank"">@reddit_wave9</a>",40,3,29.148,0.8,3,27,0,994,34.667,0,0
"<a href=""https://tiktok.com/@redditstory667"" target=""_blank"">@redditstory667</a>",36,8,52.143,1,1,7,0,827.25,35,0.25,0.375
"<a href=""https://tiktok.com/@redidgbxozg6"" target=""_blank"">@redidgbxozg6</a>",85,6,48.473,0.9,2,15,0,268.167,20.333,2.5,1.833
"<a href=""https://tiktok.com/@redyou27"" target=""_blank"">@redyou27</a>",100,4,34.333,0.933,3,24,0,769.5,21.75,0.25,2
"<a href=""https://tiktok.com/@rgyts7"" target=""_blank"">@rgyts7</a>",78,8,78.127,0.919,4,44,0.001,3193.125,179.375,2.625,0.75
"<a href=""https://tiktok.com/@rohingyao"" target=""_blank"">@rohingyao</a>",24,8,61.718,0.922,6,59,0,3174.125,118.5,3.75,2.625
"<a href=""https://tiktok.com/@rosacasey65"" target=""_blank"">@rosacasey65</a>",23,7,63.889,0.875,1,9,0,3211.857,201.286,2.429,23.429
"<a href=""https://tiktok.com/@rtikb3"" target=""_blank"">@rtikb3</a>",78,8,62.975,1,5,52,0.001,1093.75,82.125,0.5,1
"<a href=""https://tiktok.com/@rtwgui"" target=""_blank"">@rtwgui</a>",80,5,69.222,1,2,16,0,1002.714,54.286,0.857,0.857
"<a href=""https://tiktok.com/@rubin.mervy8"" target=""_blank"">@rubin.mervy8</a>",29,6,59.583,0.834,7,70,0,6283.333,48.833,0.333,1.167
"<a href=""https://tiktok.com/@ryllskaya.reddit"" target=""_blank"">@ryllskaya.reddit</a>",13,4,49.286,0.917,2,14,0,2253.2,200.4,4.6,0.6
"<a href=""https://tiktok.com/@ryllskayaqing"" target=""_blank"">@ryllskayaqing</a>",13,7,61.333,0.929,2,18,0,1416.857,114.857,1,0.286
"<a href=""https://tiktok.com/@rzir34"" target=""_blank"">@rzir34</a>",98,3,21,1,4,36,0,4268,216.667,2,7
"<a href=""https://tiktok.com/@saad.houd.haikik"" target=""_blank"">@saad.houd.haikik</a>",83,6,42.333,0.8,1,9,0,504,13.167,0.5,3
"<a href=""https://tiktok.com/@safiyyah.iftikar"" target=""_blank"">@safiyyah.iftikar</a>",85,5,51.125,0.833,1,8,0,303.8,12.2,0.6,7
"<a href=""https://tiktok.com/@salah.hakem.sayeg"" target=""_blank"">@salah.hakem.sayeg</a>",82,6,39.014,0.802,2,27,0,258,5.5,0,0.667
"<a href=""https://tiktok.com/@sameerah.tare"" target=""_blank"">@sameerah.tare</a>",66,4,69.833,1,3,24,0,1101.75,60.25,0.5,0.5
"<a href=""https://tiktok.com/@saniyah.rafidah.k"" target=""_blank"">@saniyah.rafidah.k</a>",85,6,48.024,0.944,3,23,0,547.5,36,1.5,5.833
"<a href=""https://tiktok.com/@sasapco"" target=""_blank"">@sasapco</a>",24,7,49.639,0.909,4,40,0,3079.857,197,1.143,0.857
"<a href=""https://tiktok.com/@satsyou"" target=""_blank"">@satsyou</a>",25,5,52,1,1,7,0,4266,121.2,2,2
"<a href=""https://tiktok.com/@schgsc"" target=""_blank"">@schgsc</a>",12,7,59.125,0.667,1,8,0,2160.286,79.429,1.143,1.286
"<a href=""https://tiktok.com/@sdsdyou"" target=""_blank"">@sdsdyou</a>",24,7,53.16,0.944,4,44,0,3513.286,204.286,2,0.714
"<a href=""https://tiktok.com/@segji2"" target=""_blank"">@segji2</a>",78,8,62.982,0.95,4,55,0.001,1428.75,60.125,0.125,0.625
"<a href=""https://tiktok.com/@seile.rian"" target=""_blank"">@seile.rian</a>",29,5,52.389,0.827,5,37,0,6270.8,88,0.4,3
"<a href=""https://tiktok.com/@sfagnd"" target=""_blank"">@sfagnd</a>",78,8,66.812,1,4,39,0.002,1198.875,68.625,1.75,1
"<a href=""https://tiktok.com/@sharleen.howard"" target=""_blank"">@sharleen.howard</a>",10,7,62.528,0.91,5,44,0,1636.714,118.714,0.143,0.857
"<a href=""https://tiktok.com/@shbsdd2"" target=""_blank"">@shbsdd2</a>",76,6,61.275,1,2,26,0,3000.778,72.778,6.333,5.556
"<a href=""https://tiktok.com/@shgj724"" target=""_blank"">@shgj724</a>",99,4,51.461,0.831,4,43,0,3777.75,13,0.25,0.25
"<a href=""https://tiktok.com/@shownbo"" target=""_blank"">@shownbo</a>",2,6,62.596,0.831,5,60,0,130.333,2.167,0,0
"<a href=""https://tiktok.com/@sjdh9643"" target=""_blank"">@sjdh9643</a>",14,7,16.571,1,1,7,0,3059.571,80.429,0.429,0.429
"<a href=""https://tiktok.com/@sqifhw"" target=""_blank"">@sqifhw</a>",79,8,60.756,1,5,51,0,601.625,10.125,0.375,0
"<a href=""https://tiktok.com/@steven.garrison13"" target=""_blank"">@steven.garrison13</a>",4,6,60.714,0.817,2,14,0,4585.5,77.167,1.167,1
"<a href=""https://tiktok.com/@stien.lindag"" target=""_blank"">@stien.lindag</a>",33,7,33.75,1,1,8,0,3091.143,152.857,3,5.286
"<a href=""https://tiktok.com/@stoyouh"" target=""_blank"">@stoyouh</a>",24,7,52.107,0.9,2,15,0,2482.375,84.125,1.375,1.625
"<a href=""https://tiktok.com/@stvhfhj"" target=""_blank"">@stvhfhj</a>",25,8,50.05,0.938,2,17,0,4244.75,119.75,1.75,3.25
"<a href=""https://tiktok.com/@sun.lilym"" target=""_blank"">@sun.lilym</a>",38,8,36.692,0.963,3,32,0,2479.875,97,0.875,1.75
"<a href=""https://tiktok.com/@sush0240"" target=""_blank"">@sush0240</a>",46,8,10.125,1,1,8,0,1339.111,49.333,0.222,0.667
"<a href=""https://tiktok.com/@sweet_babyc120"" target=""_blank"">@sweet_babyc120</a>",42,12,94.158,0.5,1,19,0,505.083,65.958,8.771,1.958
"<a href=""https://tiktok.com/@tathkj"" target=""_blank"">@tathkj</a>",96,3,59.667,1,2,18,0,181.667,3.333,0.333,0
"<a href=""https://tiktok.com/@tdiifhr"" target=""_blank"">@tdiifhr</a>",19,5,42.7,0.938,2,20,0,109264.6,2889.4,62.2,45
"<a href=""https://tiktok.com/@tduuugwt"" target=""_blank"">@tduuugwt</a>",4,6,69.429,0.833,1,7,0,2566.5,166.667,1.333,2
"<a href=""https://tiktok.com/@tdy1634"" target=""_blank"">@tdy1634</a>",98,3,22.5,1,4,36,0,821.667,45.667,0,0.333
"<a href=""https://tiktok.com/@tedhhy6"" target=""_blank"">@tedhhy6</a>",12,7,50.062,0.833,2,16,0,1570.375,59.625,0.125,0.125
"<a href=""https://tiktok.com/@tessh95"" target=""_blank"">@tessh95</a>",78,8,73.39,0.967,5,53,0.002,5256.75,313.875,1.625,7.25
"<a href=""https://tiktok.com/@text690"" target=""_blank"">@text690</a>",24,6,61.991,1,2,15,0,4255.429,122.571,2,3.857
"<a href=""https://tiktok.com/@texts178"" target=""_blank"">@texts178</a>",24,8,72.456,0.948,6,51,0,2081.75,92.5,1,0.25
"<a href=""https://tiktok.com/@tgmfli"" target=""_blank"">@tgmfli</a>",96,3,69.556,1,3,27,0,486,8.667,0,0
"<a href=""https://tiktok.com/@thuc.nguyen2010"" target=""_blank"">@thuc.nguyen2010</a>",28,6,53.941,0.952,3,40,0,8264.167,91.167,3.167,3.167
"<a href=""https://tiktok.com/@tiffany.c..irvin"" target=""_blank"">@tiffany.c..irvin</a>",82,6,38.353,0.857,2,24,0,1299.5,17,0.833,5.333
"<a href=""https://tiktok.com/@tmuacp"" target=""_blank"">@tmuacp</a>",96,3,41.167,1,2,18,0,211,5.333,0.667,0
"<a href=""https://tiktok.com/@tug35587"" target=""_blank"">@tug35587</a>",78,8,58.375,0.903,3,39,0,4926.25,232.5,1,3.375
"<a href=""https://tiktok.com/@tugx2917"" target=""_blank"">@tugx2917</a>",48,8,69.294,1,3,36,0,722.364,23.091,0.182,0.545
"<a href=""https://tiktok.com/@twinson46"" target=""_blank"">@twinson46</a>",2,6,56.277,0.95,4,34,0.001,124.833,1.833,0,0
"<a href=""https://tiktok.com/@twjbxkb"" target=""_blank"">@twjbxkb</a>",2,6,60.461,0.925,5,60,0.001,129.333,1.5,0,0.167
"<a href=""https://tiktok.com/@twkg9813"" target=""_blank"">@twkg9813</a>",45,12,56.222,0.954,7,88,0,681.583,38.583,0.25,0
"<a href=""https://tiktok.com/@twvs4521"" target=""_blank"">@twvs4521</a>",45,12,65.763,0.922,4,65,0,818.833,48.083,0.667,0.083
"<a href=""https://tiktok.com/@ubhutfrx"" target=""_blank"">@ubhutfrx</a>",3,8,64.915,0.853,5,41,0,2032.25,128.25,1.25,2.5
"<a href=""https://tiktok.com/@uest1280"" target=""_blank"">@uest1280</a>",45,9,61.292,1,4,54,0,95.556,0.667,0,0.778
"<a href=""https://tiktok.com/@ufsc8075"" target=""_blank"">@ufsc8075</a>",50,3,57.333,1,1,9,0,1044.4,53.4,0.8,0.8
"<a href=""https://tiktok.com/@uiavao.bskvai"" target=""_blank"">@uiavao.bskvai</a>",23,6,57.778,0.929,2,17,0,1864.333,106,1.667,5.667
"<a href=""https://tiktok.com/@uosnatiahwk"" target=""_blank"">@uosnatiahwk</a>",9,4,73.857,0.8,1,7,0,52689.75,954.125,13,5.875
"<a href=""https://tiktok.com/@urdu9708"" target=""_blank"">@urdu9708</a>",49,5,43.103,1,3,35,0,2302,73.8,0,0.2
"<a href=""https://tiktok.com/@user16909390140293"" target=""_blank"">@user16909390140293</a>",26,6,63,0.714,1,9,0,1074.111,17.667,0.222,0
"<a href=""https://tiktok.com/@user21677638672342"" target=""_blank"">@user21677638672342</a>",92,9,55.112,0.937,4,39,0,4766.889,29.889,0,0.778
"<a href=""https://tiktok.com/@user2201058539802"" target=""_blank"">@user2201058539802</a>",16,6,56.3,0.866,2,20,0,2504.333,137.667,0.833,2.5
"<a href=""https://tiktok.com/@user31313825076752"" target=""_blank"">@user31313825076752</a>",16,6,47.95,0.857,2,20,0,11052.5,334.5,3.5,0.5
"<a href=""https://tiktok.com/@user3154950400581"" target=""_blank"">@user3154950400581</a>",22,5,57.145,0.944,3,25,0,3592.4,170.2,2.2,0.6
"<a href=""https://tiktok.com/@user3436197788624"" target=""_blank"">@user3436197788624</a>",31,5,67.131,0.933,3,23,0,22163.833,292.833,2.5,3.833
"<a href=""https://tiktok.com/@user4146560185668"" target=""_blank"">@user4146560185668</a>",100,2,31.25,1,1,8,0,540,14.5,0,0
"<a href=""https://tiktok.com/@user4148379047616"" target=""_blank"">@user4148379047616</a>",13,8,53.534,0.855,3,24,0,1895.625,117.5,0.375,0.25
"<a href=""https://tiktok.com/@user4436815469624"" target=""_blank"">@user4436815469624</a>",96,3,61.167,1,2,18,0,559.667,31,0,0.333
"<a href=""https://tiktok.com/@user4558398154190"" target=""_blank"">@user4558398154190</a>",2,6,66.195,0.894,5,61,0,213.667,4.667,0,0
"<a href=""https://tiktok.com/@user53021581539344"" target=""_blank"">@user53021581539344</a>",2,6,58.788,0.933,4,38,0.001,130,3.333,0,0
"<a href=""https://tiktok.com/@user5626060056906"" target=""_blank"">@user5626060056906</a>",3,8,41.93,0.971,5,46,0,3354.875,164.875,1.25,0.875
"<a href=""https://tiktok.com/@user67829690186377"" target=""_blank"">@user67829690186377</a>",2,6,64.12,0.845,6,60,0,121.667,1.833,0,0
"<a href=""https://tiktok.com/@user6812280201318"" target=""_blank"">@user6812280201318</a>",91,9,74,0.833,1,7,0,1659.222,23.222,0.111,0.444
"<a href=""https://tiktok.com/@user6922385284275"" target=""_blank"">@user6922385284275</a>",3,8,57.618,0.971,5,45,0,1315.25,61.125,0.625,0.75
"<a href=""https://tiktok.com/@user7080026610324"" target=""_blank"">@user7080026610324</a>",21,7,51.25,1,1,8,0,2111.143,74.714,5.571,2
"<a href=""https://tiktok.com/@user7605976152392"" target=""_blank"">@user7605976152392</a>",10,7,51.35,0.932,7,67,0,3064.429,57,1.286,0.857
"<a href=""https://tiktok.com/@user8135301746396"" target=""_blank"">@user8135301746396</a>",74,9,41.903,0.733,1,31,0,1661.917,80.75,1.333,0.917
"<a href=""https://tiktok.com/@user85162881442607"" target=""_blank"">@user85162881442607</a>",2,6,61.847,0.877,3,33,0,141.667,1.667,0,0
"<a href=""https://tiktok.com/@user8861376993313"" target=""_blank"">@user8861376993313</a>",75,7,55.375,1,1,8,0,1015.143,8.286,0.143,1.571
"<a href=""https://tiktok.com/@user90458309763611"" target=""_blank"">@user90458309763611</a>",33,7,38.875,1,2,16,0,2343.571,97.429,1.143,1.857
"<a href=""https://tiktok.com/@user9868028168800"" target=""_blank"">@user9868028168800</a>",2,4,41.538,0.854,2,18,0,156.75,0.5,0,0
"<a href=""https://tiktok.com/@user99453748076307"" target=""_blank"">@user99453748076307</a>",2,5,43.45,0.938,2,18,0,115,1.2,0,0
"<a href=""https://tiktok.com/@username.64754675"" target=""_blank"">@username.64754675</a>",43,5,99.914,0.775,2,20,0,310.5,13.125,19.875,1.688
"<a href=""https://tiktok.com/@username0022660"" target=""_blank"">@username0022660</a>",89,9,56.478,0.905,3,43,0,72742.75,552.1,3.05,10.5
"<a href=""https://tiktok.com/@username0201726"" target=""_blank"">@username0201726</a>",89,7,61.778,1,1,9,0,24615.154,129.077,2.692,6.346
"<a href=""https://tiktok.com/@username224064"" target=""_blank"">@username224064</a>",90,9,60.654,0.938,2,28,0,60530.952,628.476,14.333,337.143
"<a href=""https://tiktok.com/@username6652655"" target=""_blank"">@username6652655</a>",41,12,97.984,0.733,2,47,0,526.171,37,3.146,1.415
"<a href=""https://tiktok.com/@usernamer02023"" target=""_blank"">@usernamer02023</a>",89,6,51.924,0.929,2,32,0,1276.88,104.56,7.56,1.08
"<a href=""https://tiktok.com/@usjg2117"" target=""_blank"">@usjg2117</a>",48,11,61.667,0.917,3,35,0,1409,67.182,0.727,0.364
"<a href=""https://tiktok.com/@uwaisah.jameela.m"" target=""_blank"">@uwaisah.jameela.m</a>",84,6,67.857,0.9,2,14,0,450.833,18.833,1.5,2.167
"<a href=""https://tiktok.com/@uzrd3"" target=""_blank"">@uzrd3</a>",98,3,33.833,1,4,36,0,3867.667,117.333,1,3
"<a href=""https://tiktok.com/@vaigg0"" target=""_blank"">@vaigg0</a>",22,7,61.632,0.889,3,25,0,3125.429,185.286,5.571,14.857
"<a href=""https://tiktok.com/@vakft4299"" target=""_blank"">@vakft4299</a>",62,5,44.75,0.857,2,16,0,998,55,0.167,0.167
"<a href=""https://tiktok.com/@vitsu.alec1"" target=""_blank"">@vitsu.alec1</a>",29,4,56.711,0.876,5,40,0,1961.5,35.5,0,1.5
"<a href=""https://tiktok.com/@voie3340"" target=""_blank"">@voie3340</a>",49,5,66.068,0.933,3,33,0,1522.8,44,0.2,0
"<a href=""https://tiktok.com/@vsuau5"" target=""_blank"">@vsuau5</a>",78,8,70.545,0.911,3,37,0.001,704.875,46.125,1,0.5
"<a href=""https://tiktok.com/@vxissvsb"" target=""_blank"">@vxissvsb</a>",61,6,52.851,1,3,22,0,1852,76.333,0.333,0.167
"<a href=""https://tiktok.com/@wawayusai463"" target=""_blank"">@wawayusai463</a>",99,2,63.214,0.9,2,15,0,899.5,48.5,0,0
"<a href=""https://tiktok.com/@wbakf3819"" target=""_blank"">@wbakf3819</a>",60,3,57.125,1,1,8,0,1550.5,73.667,0.167,0.333
"<a href=""https://tiktok.com/@wevbocr"" target=""_blank"">@wevbocr</a>",53,5,13.5,0.857,1,8,0,1774.2,27.2,2.8,0.2
"<a href=""https://tiktok.com/@wgslhe"" target=""_blank"">@wgslhe</a>",79,8,58.312,1,4,47,0,1953.25,43.875,0.25,0.375
"<a href=""https://tiktok.com/@wiate.doni0"" target=""_blank"">@wiate.doni0</a>",29,5,61.091,0.878,5,45,0,12528.4,81.6,1.2,2
"<a href=""https://tiktok.com/@wiqg8225"" target=""_blank"">@wiqg8225</a>",48,11,69.822,1,3,33,0,2482.909,36.818,0.273,0.636
"<a href=""https://tiktok.com/@wive0570"" target=""_blank"">@wive0570</a>",47,7,81.909,1,2,29,0,1335.5,57.417,0.417,2.917
"<a href=""https://tiktok.com/@wlack2188"" target=""_blank"">@wlack2188</a>",63,6,76.857,0.833,1,7,0,1075.5,43.333,0.667,0
"<a href=""https://tiktok.com/@wnsao4288"" target=""_blank"">@wnsao4288</a>",61,6,41.881,1,3,23,0,1078.167,28.833,0.5,0
"<a href=""https://tiktok.com/@wonder5537"" target=""_blank"">@wonder5537</a>",95,4,40.571,0.8,1,7,0,1018.2,45,1.1,1.6
"<a href=""https://tiktok.com/@woshenmake"" target=""_blank"">@woshenmake</a>",60,3,57.125,1,1,8,0,1963,53.333,0,0
"<a href=""https://tiktok.com/@wroe.edith6"" target=""_blank"">@wroe.edith6</a>",29,5,54.582,0.886,7,62,0,2417.8,36.8,0.4,1.6
"<a href=""https://tiktok.com/@wsbhd0"" target=""_blank"">@wsbhd0</a>",77,4,51.75,1,1,8,0,745.25,43.25,0.5,0
"<a href=""https://tiktok.com/@wsfj4"" target=""_blank"">@wsfj4</a>",77,4,51.75,1,1,8,0,261.75,6.5,0.75,0
"<a href=""https://tiktok.com/@wss0307"" target=""_blank"">@wss0307</a>",70,5,65.714,0.929,2,16,0,1770.333,293.667,1.667,0.5
"<a href=""https://tiktok.com/@wyiznn"" target=""_blank"">@wyiznn</a>",2,6,56.175,0.958,3,30,0,102.333,0.667,0,0
"<a href=""https://tiktok.com/@xchinaqueen5"" target=""_blank"">@xchinaqueen5</a>",44,12,93.8,0.8,1,25,0,606.6,50.75,5.9,1.4
"<a href=""https://tiktok.com/@xchinaqueen6"" target=""_blank"">@xchinaqueen6</a>",44,8,96.971,0.6,2,32,0,666.667,53.867,8.933,1.4
"<a href=""https://tiktok.com/@xchinaqueen8"" target=""_blank"">@xchinaqueen8</a>",44,2,100.143,0.4,1,7,0,311,23.955,3.591,0.955
"<a href=""https://tiktok.com/@xcwvym2"" target=""_blank"">@xcwvym2</a>",58,4,65.25,1,1,8,0,1140.75,38.25,1.25,0
"<a href=""https://tiktok.com/@xvjdsj5"" target=""_blank"">@xvjdsj5</a>",66,4,46.417,1,3,24,0,2345.25,48,0.5,0
"<a href=""https://tiktok.com/@xxdream86"" target=""_blank"">@xxdream86</a>",27,6,52.884,0.9,2,15,0,5556.9,72.6,5.6,15.6
"<a href=""https://tiktok.com/@xxii911"" target=""_blank"">@xxii911</a>",24,6,49.275,0.857,2,18,0,3630.75,117.75,5.625,0.625
"<a href=""https://tiktok.com/@xxzkpfyq"" target=""_blank"">@xxzkpfyq</a>",92,9,57.493,1,2,17,0,3312.222,76.778,2.444,2.667
"<a href=""https://tiktok.com/@yeifb0"" target=""_blank"">@yeifb0</a>",9,5,73.857,0.8,1,7,0,4626.6,93.6,2,18.2
"<a href=""https://tiktok.com/@yifajiubao8"" target=""_blank"">@yifajiubao8</a>",70,6,70.929,0.829,2,16,0,2046.833,229.167,1.667,0.333
"<a href=""https://tiktok.com/@yiitsukb"" target=""_blank"">@yiitsukb</a>",23,8,62.325,0.927,4,32,0,1971.5,119.375,1.75,2.125
"<a href=""https://tiktok.com/@yiwbsij"" target=""_blank"">@yiwbsij</a>",2,5,51.25,1,2,18,0,61.167,0.167,0,0
"<a href=""https://tiktok.com/@you.texts"" target=""_blank"">@you.texts</a>",25,6,48.1,0.875,1,10,0,5662.875,154.75,3.125,4.125
"<a href=""https://tiktok.com/@ysishhd7"" target=""_blank"">@ysishhd7</a>",22,8,51.569,0.952,3,29,0,1629.5,102.75,6.125,2
"<a href=""https://tiktok.com/@ytrq8081"" target=""_blank"">@ytrq8081</a>",45,12,71.224,1,5,101,0,2483.667,70.583,0.583,0.417
"<a href=""https://tiktok.com/@yvrrrrcc.g.52"" target=""_blank"">@yvrrrrcc.g.52</a>",71,4,37.571,1,2,15,0,7249,251.25,3.5,1.25
"<a href=""https://tiktok.com/@zahra.radiyah.asf"" target=""_blank"">@zahra.radiyah.asf</a>",84,5,62.062,0.9,2,15,0,118.4,2,0.4,0.2
"<a href=""https://tiktok.com/@zjsrryuui"" target=""_blank"">@zjsrryuui</a>",75,7,55.375,1,1,8,0,1315.125,17.75,0.125,2.875
"<a href=""https://tiktok.com/@zorhajktn884"" target=""_blank"">@zorhajktn884</a>",94,16,38.503,1,2,25,0,332.833,1.056,0.111,0
"<a href=""https://tiktok.com/@zsdx184"" target=""_blank"">@zsdx184</a>",31,5,61.75,1,1,8,0,2780.8,75,1,0.2
"<a href=""https://tiktok.com/@ztctmxt"" target=""_blank"">@ztctmxt</a>",53,6,13.5,0.857,1,8,0,1029.833,84.667,1.667,0.167
"<a href=""https://tiktok.com/@zurina.sara"" target=""_blank"">@zurina.sara</a>",83,6,66.771,0.8,2,17,0,196,9.5,1,2.167
"<a href=""https://tiktok.com/@zvjsl"" target=""_blank"">@zvjsl</a>",78,8,61.766,0.933,3,35,0.002,1417.75,64.375,1.625,4.875
"<a href=""https://tiktok.com/@zxvb736"" target=""_blank"">@zxvb736</a>",31,6,57.368,0.536,2,17,0,2119,44.5,0,1.5
