"Network","Number of Accounts","Network Density","Network Diameter","Clustering Coefficient","Avg Views","Avg Likes","Avg Comments","Avg Shares","Member Accounts"
1,2,1,7,0,926.375,53.625,1,3.5,"ianboone74, krissityann"
2,19,0.199,64,0.618,142.187,2.047,0.009,0.009,"hsiwibs, user67829690186377, djakbksi, user4558398154190, shownbo, twjbxkb, fjjfjko, user85162881442607, user53021581539344, twinson46, user9868028168800, user99453748076307, ghjbsjb, fhakowbz, djejgek, cbnkugf, bdjkeo, yiwbsij, wyiznn"
3,16,0.325,33,0.508,5012.178,138.525,9.466,11.644,"hdifhg5, krug011, jtcytxyzey, chantalkusch, jsosjxj8, user5626060056906, bmc12655, irdc042, fdijc3, ubhutfrx, be.jkigv, quincyshop08, fughf21, jdpxorjf, jfkovj5, user6922385284275"
4,7,0.286,39,0,2676.654,114.269,0.731,1.288,"tduuugwt, fsjoxkf, craig.harrell0, steven.garrison13, gxiiff3, idhd139, hciiv26"
5,2,1,8,0,3645,100.833,0.75,0.75,"hullen.nguyen, miss.bordner"
6,3,1,12,1,3100.167,84.389,2.278,27,"hdr86575, bfihc, aedhdici"
7,2,1,8,0,3363.1,100.7,0.6,1.9,"fauy8466, aedyckctu"
8,2,1,8,0,4352.833,64.667,0.75,0.917,"jfdd653, pratt_movie"
9,2,1,7,0,34203.923,623.154,8.769,10.615,"uosnatiahwk, yeifb0"
10,9,0.583,24,0.652,2447.803,75.443,0.607,0.803,"aedgslpxjx, lxjjc, aedhdjcoof, fcjjv86, gduhx01, fduic5, sharleen.howard, hdhxh3484, user7605976152392"
11,10,0.422,29,0.469,11471,124.4,1.529,2.129,"hoeg.huan, debran.oxonrp00, akkaanav.risksjsg, aed75787, aed7p4, aeda1689, debran.oxonrp86, aed3660, immanuel.dominik, lwandiswamsithini"
12,3,0.667,16,0,2264,85.381,0.619,1.095,"tedhhy6, schgsc, fijvxdd"
13,5,0.6,17,0.333,1678.778,114.389,1.167,0.389,"ksndfmggf, ryllskayaqing, ryllskaya.reddit, djbdjfjff, user4148379047616"
14,2,1,7,0,2672.929,102.143,0.571,0.5,"khfhc2, sjdh9643"
15,2,1,8,0,1620.25,69.75,1.125,2.5,"leopolda.harriett, aeduriosod"
16,3,1,10,1,5651.556,221.833,1.722,1.389,"bdpd57, user2201058539802, user31313825076752"
17,3,0.667,18,0,3133.059,192.294,2.706,7.059,"fjvfjk4, bsbsbsvsv44, aedjxpxodj"
18,2,1,7,0,56010.3,1732.9,13.4,9,"bfc.hff, maryreynolds112"
19,3,1,10,1,45928.706,1322.588,27.647,86.765,"tdiifhr, jckfjd.bff, carmen.vega355"
20,2,1,7,0,6104.182,275.909,1.636,4,"fhfg2499, hckcudh1"
21,2,1,8,0,2139.583,80.333,3.417,1.5,"hpcfh, user7080026610324"
22,4,1,11,1,2710.269,134,4.346,6.115,"chdg050, user3154950400581, vaigg0, ysishhd7"
23,5,0.6,18,0.545,2407.389,126.889,1.611,6.861,"djm9r, rosacasey65, uiavao.bskvai, gutieyy7, yiitsukb"
24,9,0.5,23,0.609,3207.779,136.456,2.265,1.794,"landscape5670, rohingyao, stoyouh, hdryxd, text690, texts178, sasapco, sdsdyou, xxii911"
25,3,0.667,17,0,4790.048,133.429,2.333,3.286,"stvhfhj, satsyou, you.texts"
26,2,1,9,0,1694.533,42.6,1.4,3,"lin689668987, user16909390140293"
27,4,0.667,23,0.6,4498.079,64.132,3.237,6.658,"jane95436, midnightfy68, gatillocristein6, xxdream86"
28,4,1,15,1,5243.174,57.043,1.043,1.783,"khanh.dao61, nhi.vo585, nhienchau41, thuc.nguyen2010"
29,9,0.639,23,0.708,6283.182,74.205,0.432,1.455,"lawgray3, osb.remo, seile.rian, battl.kray, rubin.mervy8, vitsu.alec1, wiate.doni0, benedossie2, wroe.edith6"
30,4,1,12,1,4087.391,98.739,0.609,1.043,"jajsjsn56, aed2750, aed0267, jvhb240"
31,5,0.5,23,0,7584,122.667,1,1.778,"gooj806, user3436197788624, jvtvc3, zsdx184, zxvb736"
32,2,1,9,0,5318.214,244.571,13.643,2.929,"djskgikeejk8, mdsdz2"
33,5,0.4,32,0,2034.485,116.455,1.364,2.606,"kenitra.angliaf, stien.lindag, dell.oswink, bowro.jpp, user90458309763611"
34,2,1,7,0,1691.714,110.786,1,1.929,"bagge.hazelk, lierd.wilfrp"
35,6,0.333,21,0,2931.255,178.319,4.213,18.702,"aedwc0, aedfjats, aedhsks, aeddjgjttj, oscar.kennedy48, omaro.macovei"
36,2,1,7,0,1048.562,52.25,0.562,0.25,"pjk3357, redditstory667"
37,4,1,16,1,2650.188,70.156,0.656,1.281,"lanora.haskely, juliosalazar229, aseng.haymong, carlos.alberto.al886"
38,4,0.667,22,0.6,3115.935,71.226,1.065,1.387,"purnialesh45, emory.drawehj, sun.lilym, ilges.estelwei"
39,3,0.667,16,0,7823,99.409,4.318,1.364,"cuc.thu243, cxd.shd, phong.ngoc76"
40,8,0.857,36,0.905,1771.747,99.653,0.653,0.707,"dhuolt, kubjij, hojdmc, ciojkb, qdcieh, eagehh, reddit_grayson99, reddit_wave9"
41,3,0.667,47,0,3366.222,222.289,12.9,18.689,"chummi_queen1, plaqebfzf07, username6652655"
42,2,1,19,0,1289.681,67.71,8.986,2.71,"amazing_seeet120, sweet_babyc120"
43,3,0.667,20,0,560.556,22.704,8.407,0.981,"kamlisarkar_0, china_cutegirl22, username.64754675"
44,3,0.667,32,0,508.316,41.228,5.807,1.228,"xchinaqueen5, xchinaqueen6, xchinaqueen8"
45,15,0.333,57,0.641,1185.576,54.686,0.541,0.587,"drgd8391, jkuy0534, ghhj8554, okay11732, bvoo3130, dijx3903, fhda78402, kjuq5904, eiej4325, gjhg8047, twvs4521, jccj44506, twkg9813, ytrq8081, uest1280"
46,2,1,8,0,1766.889,56.111,0.556,0.611,"ifrt2705, sush0240"
47,4,0.833,20,0.75,1237.426,51.979,0.34,4.255,"fhxk1941, bkot6010, givi0331, wive0570"
48,4,1,17,1,1474.773,45.386,0.432,0.432,"tugx2917, isce0690, usjg2117, wiqg8225"
49,4,1,13,1,1591.35,68.4,0.25,0.4,"cjur6297, fkir2290, urdu9708, voie3340"
50,4,0.5,25,0,668.95,48.6,0.45,0.6,"hrsy60677, cjire9104, dhhi6645, ufsc8075"
51,2,1,8,0,1981.4,105.3,0.6,3.9,"clirr5282, gjguq6894"
52,6,0.8,24,0.846,1679.513,69.615,0.667,0.41,"bxkke4723, gxhx514, liaojiuyu, bdjsbsk4, gohdr4367, nidaye81"
53,2,1,8,0,1368.182,58.545,2.182,0.182,"wevbocr, ztctmxt"
54,2,1,8,0,4202.5,132.2,1.9,0.9,"maemeg7, nqkwvc"
55,2,1,8,0,2615.75,49.25,1,0.25,"leoraf9, gqvgpl"
56,3,1,8,1,1817.917,58.5,1.083,0.083,"ljpjvh, hwvrok, oljclk"
57,2,1,8,0,10463.625,233.125,2.375,1.125,"pdilul, htjzwe4"
58,2,1,8,0,1509,54.75,1,0.125,"awmilke, xcwvym2"
59,2,1,8,0,1302.375,73.875,0.625,0.5,"hdksp6389, nxpsa4288"
60,2,1,8,0,1688,66.889,0.111,0.222,"wbakf3819, woshenmake"
61,6,0.533,23,0.75,4580.972,161.611,1.5,0.472,"3mbfklb, vxissvsb, wnsao4288, meggie.y, jdjsbs94, bzsksk1"
62,3,1,10,1,1060.5,44.778,0.278,0.111,"vakft4299, 2tiktohdh, 41ghqq"
63,4,0.5,21,0,1447.364,93.727,1.364,0.318,"2thgkvjd, wlack2188, 4hgkdjf, jxgxi8"
64,2,1,8,0,2933.5,168.625,3.125,0.625,"hzjsjs897, hds.hy"
65,3,0.667,16,0,10123.167,544.75,3.333,1.75,"ciucfyictci, gdghss35, dfittf"
66,5,0.6,24,0.6,2110.8,93.6,0.55,0.1,"hsbshzu0, cigcgict, sameerah.tare, elleigh.anton, xvjdsj5"
67,2,1,9,0,1421,48.167,0.333,0.333,"dytfd65, dnakr3818"
68,2,1,7,0,1010.833,17,0.5,0.5,"rajamani.steagell, palatalongwith"
69,2,1,7,0,2967.625,72.75,1,0.5,"buggyhugh1, dining.seventy"
70,3,1,9,1,4019.529,243.882,1.882,0.941,"wss0307, luckyphone320, yifajiubao8"
71,3,1,8,1,3227.5,148.083,1.75,1.083,"dirkgncyy.z.110, djfntt.7191, yvrrrrcc.g.52"
72,2,1,12,0,1734.75,163.333,1.083,0.5,"facailllll12138, mvbdanqi"
73,4,0.667,20,0.6,1444.174,99.391,1.913,1.304,"bihuo6660, nbhonghong5, caifu1802, oh.geigeigei"
74,2,1,31,0,1802.917,86.167,1.208,0.667,"jdhxk85, user8135301746396"
75,2,1,8,0,1175.133,13.333,0.133,2.267,"user8861376993313, zjsrryuui"
76,3,1,18,1,24692.481,345.37,16.556,56.63,"lnppoe, reddit_ignatius8, shbsdd2"
77,2,1,8,0,503.5,24.875,0.625,0,"wsbhd0, wsfj4"
78,29,0.118,157,0.571,7263.784,313.509,4.28,6.413,"ndmsl15, itsstj2, gheoe8, eyidk5, rtikb3, dghhg372, tessh95, jspsns3, hfstil3, owuhwh, gdjdi63, oshasg, hurrryu, oaisg2, sfagnd, iuwgeh, bjspsp, gysfh4, jelejeh1, isgsjdj0, flsosi5, qllsks0, dvdjsh29, rgyts7, vsuau5, tug35587, zvjsl, puata14, segji2"
79,12,0.424,29,0.614,1355.154,26.802,0.176,0.912,"bpgarp, puhrra, pbpktw, eqmhqf, idpeoc, dtbtcc8, sqifhw, bipiqo, hltuoq, hidouo, lhqitc, wgslhe"
80,3,1,9,1,1122.55,54.05,1.2,3.15,"rtwgui, objlhmtjemu, arffug"
81,3,0.667,21,0,11905.909,242.091,3.773,2.636,"hdicok57, aediubt, hfigi61"
82,3,1,16,1,713.944,13.944,0.5,2.944,"salah.hakem.sayeg, tiffany.c..irvin, barakah.yasmine.s"
83,4,0.5,26,0,575.5,17.75,0.833,5.292,"melissahrenteria, muhammad.dawi20, saad.houd.haikik, zurina.sara"
84,3,1,8,1,437.471,12.824,1,2.235,"lahab.fakhiri.ari, uwaisah.jameela.m, zahra.radiyah.asf"
85,4,0.667,16,0.6,568.435,25.304,1.435,6.522,"nasiha.buthainah, redidgbxozg6, saniyah.rafidah.k, safiyyah.iftikar"
86,2,1,8,0,3465,120.875,5.375,43.5,"gfkrng18, bbdhkf6"
87,9,0.556,35,0.692,1331.386,32.318,0.955,6.432,"lashay.fornasaro, adam.hoyt, demetriusguerrero, jenny.garrett65, ayanna.kelekele, laurengomezl, constantinos.hard, ludwin.keith, olando.mayo"
88,3,0.667,15,0,1076.143,38.357,2.286,12.571,"labib.zain.hajjar, amelia.wilson.johnson, olivia.ava.davis"
89,6,0.4,42,0.375,17406.231,151.415,3.462,3.338,"airplane_video578, username0022660, malasia2mbb0, beautydriver2, username0201726, usernamer02023"
90,3,1,15,1,98632.086,1456.466,22.034,163.379,"janimani417, girldriver_8363, username224064"
91,2,1,7,0,3438.944,46.778,0.333,1.333,"ghvvhvcgvvccf, user6812280201318"
92,5,0.7,20,0.643,2958.867,58.133,1.067,1.867,"user21677638672342, nkddaram, jsjsjksmsmsk, eexvnnooyy, xxzkpfyq"
93,3,0.667,18,0,401.167,18.833,0.083,0.167,"lvlbtr, dfbjqb, fvbsiw"
94,3,1,13,1,370.492,1.131,0.082,0,"avafind2, mrqpgrnyb3467, zorhajktn884"
95,2,1,7,0,743.389,32.611,0.722,1.167,"fdrnbpulsfg, wonder5537"
96,5,0.5,27,0.5,335.333,10.867,0.2,0.2,"fefpls, tathkj, tgmfli, tmuacp, user4436815469624"
97,4,0.667,16,0.6,5664.583,128.667,2.417,5.25,"isr0065, its92008, gzchjj, kgx703"
98,5,1,9,1,2179.4,90.467,0.733,2.8,"uzrd3, tdy1634, rzir34, ofodypu, dchjo48"
99,5,0.8,19,0.789,2398.375,29.312,0.562,0.938,"dfdfm03, gshr888, ddoom15, shgj724, wawayusai463"
100,4,0.5,16,0,729.1,30.3,0.6,1,"ljy88886, redyou27, keaimaomimiao, user4146560185668"
