"Account","Network","Unique Shares","Avg Time Between Shares (sec)","Edge Symmetry Score","Degree","Strength","Betweenness","Avg Views","Avg Likes","Avg Comments","Avg Shares"
"<a href=""https://tiktok.com/@cutequeen_driver120"" target=""_blank"">@cutequeen_driver120</a>",4,4,97.1,0.75,1,10,0,689.194,89.25,4.889,1.222
"<a href=""https://tiktok.com/@gbooat"" target=""_blank"">@gbooat</a>",3,12,58.182,0.933,2,38,0,797.333,36.833,2.333,0.083
"<a href=""https://tiktok.com/@okgsisnssx"" target=""_blank"">@okgsisnssx</a>",1,11,42.905,0.933,1,21,0,911.583,44.333,1.167,1.083
"<a href=""https://tiktok.com/@paro_driver120"" target=""_blank"">@paro_driver120</a>",4,13,94.3,0.625,2,22,0.028,106.152,14.273,1.394,1.303
"<a href=""https://tiktok.com/@stylish_queen_120"" target=""_blank"">@stylish_queen_120</a>",4,9,91.5,0.5,1,12,0,1303.136,116.364,11.568,5.864
"<a href=""https://tiktok.com/@user8431021130445"" target=""_blank"">@user8431021130445</a>",2,8,69,0.9,1,12,0,1379.25,51.917,1.167,0.25
"<a href=""https://tiktok.com/@user8632343249071"" target=""_blank"">@user8632343249071</a>",2,7,69,0.9,1,12,0,1557.556,62,1.556,0.222
"<a href=""https://tiktok.com/@xin20241035"" target=""_blank"">@xin20241035</a>",3,12,51.153,0.933,2,38,0,1432.5,53,1.083,0.333
"<a href=""https://tiktok.com/@yydszdzqa"" target=""_blank"">@yydszdzqa</a>",3,11,52.382,0.933,2,34,0,1143.636,58.818,1.455,0.636
"<a href=""https://tiktok.com/@yyfdtwhtod"" target=""_blank"">@yyfdtwhtod</a>",1,10,42.905,0.933,1,21,0,1145.167,36.833,0.917,0.583
