"Account","Network","Unique Shares","Avg Time Between Shares (sec)","Edge Symmetry Score","Degree","Strength","Betweenness","Avg Views","Avg Likes","Avg Comments","Avg Shares"
"<a href=""https://tiktok.com/@01k4d70"" target=""_blank"">@01k4d70</a>",51,4,4,1,1,8,0,762.5,41.75,0.25,0.75
"<a href=""https://tiktok.com/@abd.aziz9083"" target=""_blank"">@abd.aziz9083</a>",20,8,56.5,0.875,1,10,0,355.625,9.375,0,1.5
"<a href=""https://tiktok.com/@abdulrahmanahmaad7"" target=""_blank"">@abdulrahmanahmaad7</a>",13,4,75.875,1,2,16,0,2310.25,158.25,25.75,83.5
"<a href=""https://tiktok.com/@adan.stockmank"" target=""_blank"">@adan.stockmank</a>",25,6,71,0.857,1,7,0,1178,64.429,2.429,6.143
"<a href=""https://tiktok.com/@aed6071"" target=""_blank"">@aed6071</a>",46,7,61.5,1,1,8,0,3243.625,69.5,0.625,1
"<a href=""https://tiktok.com/@aedfjdhdtddy"" target=""_blank"">@aedfjdhdtddy</a>",10,7,34.196,0.875,2,15,0,2485.75,169.5,2.5,9.25
"<a href=""https://tiktok.com/@aedhdjcocj"" target=""_blank"">@aedhdjcocj</a>",20,8,56.5,0.875,1,10,0,1061.875,16,0.125,0.125
"<a href=""https://tiktok.com/@aedvdkodhw"" target=""_blank"">@aedvdkodhw</a>",10,7,40.25,0.75,1,8,0,2555.571,201.857,3.143,5
"<a href=""https://tiktok.com/@akkaanav.risksjsg"" target=""_blank"">@akkaanav.risksjsg</a>",27,5,76.286,1,1,7,0,4665.6,54.4,0.4,1.4
"<a href=""https://tiktok.com/@amazinggirl_120"" target=""_blank"">@amazinggirl_120</a>",48,6,101.625,0.9,2,21,0,538.773,68.864,4.227,1.136
"<a href=""https://tiktok.com/@anderson.broudy"" target=""_blank"">@anderson.broudy</a>",11,9,61.902,0.889,3,25,0,731.333,49.333,0.333,0.222
"<a href=""https://tiktok.com/@aynor.ogawa"" target=""_blank"">@aynor.ogawa</a>",27,5,76.286,1,1,7,0,5145.8,57.4,0.2,2
"<a href=""https://tiktok.com/@b_baoma154"" target=""_blank"">@b_baoma154</a>",38,6,80,0.8,1,7,0,1606.167,37,0,0.667
"<a href=""https://tiktok.com/@b_jiaofu134"" target=""_blank"">@b_jiaofu134</a>",35,4,47.571,1,1,7,0,1768.5,38.167,0.333,0.5
"<a href=""https://tiktok.com/@baifamm13"" target=""_blank"">@baifamm13</a>",11,10,74.038,0.865,5,41,0.001,493.7,23.3,0.4,0.5
"<a href=""https://tiktok.com/@baomama125"" target=""_blank"">@baomama125</a>",36,6,80.6,0.833,1,10,0,930.167,19.667,0,1.333
"<a href=""https://tiktok.com/@bartholomewnancybz1025"" target=""_blank"">@bartholomewnancybz1025</a>",41,8,54.134,1,2,15,0,234.889,27.778,0.444,0.778
"<a href=""https://tiktok.com/@bdbdchhd"" target=""_blank"">@bdbdchhd</a>",2,11,61.405,0.847,3,34,0,25991.273,1077.545,11.273,16.545
"<a href=""https://tiktok.com/@bdpd57"" target=""_blank"">@bdpd57</a>",8,7,39.333,1,2,18,0,1602.143,63.143,1,1.286
"<a href=""https://tiktok.com/@bgqr.zopm"" target=""_blank"">@bgqr.zopm</a>",33,5,65.077,1,1,13,0,10780.2,193,1.2,88.6
"<a href=""https://tiktok.com/@bivydu"" target=""_blank"">@bivydu</a>",12,9,53.497,0.921,3,32,0,1051,46.556,0.778,2.444
"<a href=""https://tiktok.com/@bmc12655"" target=""_blank"">@bmc12655</a>",5,9,76.625,0.714,1,8,0,1450.778,55.444,0.556,0.778
"<a href=""https://tiktok.com/@bsbseuo"" target=""_blank"">@bsbseuo</a>",30,9,33.125,0.857,1,8,0,117389.444,4466.556,34.222,51.111
"<a href=""https://tiktok.com/@c_pegif193"" target=""_blank"">@c_pegif193</a>",35,6,57,1,1,8,0,14247.667,179.333,2.833,7.833
"<a href=""https://tiktok.com/@chantalkusch"" target=""_blank"">@chantalkusch</a>",42,6,61.657,0.971,5,47,0,1767.875,94.75,0.375,1
"<a href=""https://tiktok.com/@chcryd"" target=""_blank"">@chcryd</a>",46,6,50.375,0.857,1,8,0,3340.167,127.667,1,1
"<a href=""https://tiktok.com/@chhvtdy"" target=""_blank"">@chhvtdy</a>",42,7,48.353,0.946,5,47,0,1886.625,151,1.125,1
"<a href=""https://tiktok.com/@cirila.mccorkle"" target=""_blank"">@cirila.mccorkle</a>",18,6,39.111,0.833,1,9,0,3690.875,81.125,0.375,1
"<a href=""https://tiktok.com/@coco8880877"" target=""_blank"">@coco8880877</a>",6,5,29.143,0.8,1,7,0,1255,91.714,2,2.429
"<a href=""https://tiktok.com/@coicbf"" target=""_blank"">@coicbf</a>",19,6,43.25,1,1,8,0,490,24,0.143,0.286
"<a href=""https://tiktok.com/@crtyougo"" target=""_blank"">@crtyougo</a>",29,9,67.661,0.825,5,46,0.001,1478.7,90.6,0.8,0.4
"<a href=""https://tiktok.com/@cute_chumi_girl208"" target=""_blank"">@cute_chumi_girl208</a>",48,5,75.545,0.833,1,22,0,81.979,13.83,1.723,0.021
"<a href=""https://tiktok.com/@cutedriver120"" target=""_blank"">@cutedriver120</a>",49,5,66.556,0.833,1,9,0,278.98,35.3,3.36,0.32
"<a href=""https://tiktok.com/@cutegirlbabe2"" target=""_blank"">@cutegirlbabe2</a>",49,4,66.556,0.833,1,9,0,6.812,0.719,0.125,0.031
"<a href=""https://tiktok.com/@cutequeen_driver120"" target=""_blank"">@cutequeen_driver120</a>",48,16,93.582,0.583,2,34,0,958.345,51.945,3.545,3.655
"<a href=""https://tiktok.com/@d_odbeu124"" target=""_blank"">@d_odbeu124</a>",38,6,80,0.8,1,7,0,672.167,13.667,0,0
"<a href=""https://tiktok.com/@daniklieber008"" target=""_blank"">@daniklieber008</a>",11,9,74.5,0.917,2,15,0,593,24.778,0.444,0.222
"<a href=""https://tiktok.com/@dayutoureddit"" target=""_blank"">@dayutoureddit</a>",12,10,51.123,0.83,7,76,0,2839.1,145.5,7.8,7.9
"<a href=""https://tiktok.com/@debran.oxonrp81"" target=""_blank"">@debran.oxonrp81</a>",28,5,66.714,1,1,7,0,52657.2,875.6,11.8,18
"<a href=""https://tiktok.com/@der32946"" target=""_blank"">@der32946</a>",1,5,53.214,0.917,2,14,0,1416.5,55,1,1.5
"<a href=""https://tiktok.com/@dguy8654"" target=""_blank"">@dguy8654</a>",17,8,68.455,0.9,1,11,0,1111,63.875,0.75,0.375
"<a href=""https://tiktok.com/@dscgty"" target=""_blank"">@dscgty</a>",46,8,53.431,0.897,3,25,0,2863.75,85.5,1.5,0.625
"<a href=""https://tiktok.com/@dung.tran2322"" target=""_blank"">@dung.tran2322</a>",28,5,66.714,1,1,7,0,2953.8,48.6,0.8,2
"<a href=""https://tiktok.com/@dutiutx"" target=""_blank"">@dutiutx</a>",42,6,52.533,1,3,30,0,2854.25,83.125,2.125,0.5
"<a href=""https://tiktok.com/@elvisspencer2003"" target=""_blank"">@elvisspencer2003</a>",21,5,54.714,1,1,7,0,46866.286,1061,16.286,33.143
"<a href=""https://tiktok.com/@eternally36"" target=""_blank"">@eternally36</a>",11,10,45.093,0.95,5,46,0,996.8,48.9,0.6,0.3
"<a href=""https://tiktok.com/@fdijc3"" target=""_blank"">@fdijc3</a>",5,8,62.45,0.933,5,44,0,1726.75,118.75,0.75,3
"<a href=""https://tiktok.com/@fecbgf"" target=""_blank"">@fecbgf</a>",46,8,53.01,0.917,4,33,0.001,11511.875,283.625,3.125,5.125
"<a href=""https://tiktok.com/@fengtiantian65"" target=""_blank"">@fengtiantian65</a>",40,5,59,0.833,1,7,0,3202.6,52,0.4,0.4
"<a href=""https://tiktok.com/@fhfg2499"" target=""_blank"">@fhfg2499</a>",9,6,65.3,1,1,10,0,1465.333,212.333,2.333,3.333
"<a href=""https://tiktok.com/@fhvdet"" target=""_blank"">@fhvdet</a>",46,7,59.719,0.958,4,30,0.001,3590.25,82.375,1.5,1.5
"<a href=""https://tiktok.com/@ficeuoo"" target=""_blank"">@ficeuoo</a>",16,8,68.455,0.9,1,11,0,1147.125,57.75,0.375,0.625
"<a href=""https://tiktok.com/@fiutfvjj"" target=""_blank"">@fiutfvjj</a>",18,6,39.111,0.833,1,9,0,1725.667,111.5,1.333,0.833
"<a href=""https://tiktok.com/@fjgryg0"" target=""_blank"">@fjgryg0</a>",46,8,62.714,0.833,2,14,0,17142,410.625,5,7.625
"<a href=""https://tiktok.com/@fkshusjxb"" target=""_blank"">@fkshusjxb</a>",11,9,56.216,0.816,7,61,0.001,8755.222,70.778,6.667,11.222
"<a href=""https://tiktok.com/@frdg25"" target=""_blank"">@frdg25</a>",12,9,59.792,0.868,3,25,0,1564.778,78.333,0.222,0.667
"<a href=""https://tiktok.com/@fughf21"" target=""_blank"">@fughf21</a>",5,10,55.325,0.863,6,48,0.001,1495.2,59.1,0.7,0.4
"<a href=""https://tiktok.com/@ggdthij"" target=""_blank"">@ggdthij</a>",2,9,52.804,0.917,3,33,0,1422.333,64.667,6.889,0.444
"<a href=""https://tiktok.com/@ggycyxr"" target=""_blank"">@ggycyxr</a>",11,7,63.9,0.833,1,10,0,617.667,39.111,0.556,2.667
"<a href=""https://tiktok.com/@gh225932"" target=""_blank"">@gh225932</a>",1,5,51.244,0.933,3,23,0,498.8,25,0.4,0.2
"<a href=""https://tiktok.com/@gjbgikh"" target=""_blank"">@gjbgikh</a>",41,8,45.875,0.875,2,16,0,467.333,20.444,0.444,1.111
"<a href=""https://tiktok.com/@gjcfyc"" target=""_blank"">@gjcfyc</a>",41,9,35.884,0.875,2,15,0,1190.6,30.5,10.7,0.7
"<a href=""https://tiktok.com/@gksdtirevb"" target=""_blank"">@gksdtirevb</a>",52,7,62.444,0.875,2,36,0,931.375,38.5,0.875,0.125
"<a href=""https://tiktok.com/@gofman.008"" target=""_blank"">@gofman.008</a>",4,5,20.857,0.8,1,7,0,231,8,0,0
"<a href=""https://tiktok.com/@guanganfilm"" target=""_blank"">@guanganfilm</a>",21,7,54.714,1,1,7,0,1040,51.143,1.143,1.571
"<a href=""https://tiktok.com/@guanyu1990"" target=""_blank"">@guanyu1990</a>",39,5,46.643,1,2,14,0,4732,138.2,1.6,1.4
"<a href=""https://tiktok.com/@gxicofj"" target=""_blank"">@gxicofj</a>",14,7,23.571,1,1,7,0,2587.4,97.1,0.7,3.3
"<a href=""https://tiktok.com/@h_lehdi127"" target=""_blank"">@h_lehdi127</a>",37,4,28.5,1,1,8,0,2411.667,30.667,0.167,5.167
"<a href=""https://tiktok.com/@haimchrislyn"" target=""_blank"">@haimchrislyn</a>",6,6,29.143,0.8,1,7,0,2723.667,118.444,2.667,7.444
"<a href=""https://tiktok.com/@hckcudh1"" target=""_blank"">@hckcudh1</a>",9,6,65.3,1,1,10,0,1365,76.167,0.5,2
"<a href=""https://tiktok.com/@hcodifb"" target=""_blank"">@hcodifb</a>",5,8,50.875,0.839,4,32,0.001,889.375,46.875,0.125,0.25
"<a href=""https://tiktok.com/@hdbjx72"" target=""_blank"">@hdbjx72</a>",53,3,42.714,0.8,1,7,0,3186,76.333,1.667,0.667
"<a href=""https://tiktok.com/@hdifhg5"" target=""_blank"">@hdifhg5</a>",5,10,59.032,0.832,9,74,0.001,3346,111.1,2.1,2.3
"<a href=""https://tiktok.com/@hdkcofh"" target=""_blank"">@hdkcofh</a>",42,6,39.467,1,3,30,0,3083.375,194.875,1,1
"<a href=""https://tiktok.com/@hdryxd"" target=""_blank"">@hdryxd</a>",29,8,59.857,1,2,14,0,2923.375,86.875,1.125,1.875
"<a href=""https://tiktok.com/@hlffv"" target=""_blank"">@hlffv</a>",8,8,34.889,1,1,9,0,264047.75,11855,114.875,94.875
"<a href=""https://tiktok.com/@hsbuz8"" target=""_blank"">@hsbuz8</a>",53,3,42.714,0.8,1,7,0,931,23,0.333,0.667
"<a href=""https://tiktok.com/@hsozhs6"" target=""_blank"">@hsozhs6</a>",5,8,57.75,0.833,1,8,0,1012,56.375,1.125,0.75
"<a href=""https://tiktok.com/@hygge8662"" target=""_blank"">@hygge8662</a>",50,4,41.714,1,1,7,0,3810,93.75,2,1.75
"<a href=""https://tiktok.com/@irdc042"" target=""_blank"">@irdc042</a>",5,10,68.688,0.896,4,32,0,1850.9,84.9,0.6,1.5
"<a href=""https://tiktok.com/@jamall.kaplank"" target=""_blank"">@jamall.kaplank</a>",26,8,50.857,1,1,7,0,3838.5,88.5,1.125,3.75
"<a href=""https://tiktok.com/@jdoxhbd"" target=""_blank"">@jdoxhbd</a>",45,8,44.125,1,1,8,0,2012.75,105.25,0.875,18.625
"<a href=""https://tiktok.com/@jdpdosj"" target=""_blank"">@jdpdosj</a>",42,7,51.247,0.911,3,27,0,2449.625,107.25,2.25,0.625
"<a href=""https://tiktok.com/@jdpxorjf"" target=""_blank"">@jdpxorjf</a>",5,7,60.06,0.944,3,22,0,1493.556,68.556,0.556,1.444
"<a href=""https://tiktok.com/@jeiofifuhd"" target=""_blank"">@jeiofifuhd</a>",19,6,43.25,1,1,8,0,1085.5,55.625,0.625,2.125
"<a href=""https://tiktok.com/@jeyciop"" target=""_blank"">@jeyciop</a>",12,8,72.197,0.819,2,20,0,1032.875,32.5,0.5,2.125
"<a href=""https://tiktok.com/@jfhdcy"" target=""_blank"">@jfhdcy</a>",47,7,72.357,0.857,2,14,0,1641.75,61.875,0.5,0.5
"<a href=""https://tiktok.com/@jfkovj5"" target=""_blank"">@jfkovj5</a>",5,6,35.625,0.833,1,8,0,2713.3,139.8,1.3,2.9
"<a href=""https://tiktok.com/@jiletu.taniong"" target=""_blank"">@jiletu.taniong</a>",25,7,71,0.857,1,7,0,1304.714,50.714,0.143,5.429
"<a href=""https://tiktok.com/@jipupu184"" target=""_blank"">@jipupu184</a>",36,6,36,1,1,7,0,693.667,18.667,0.333,0.167
"<a href=""https://tiktok.com/@joannafitzgerald1111"" target=""_blank"">@joannafitzgerald1111</a>",46,5,49.714,0.917,2,14,0,3639,103.5,0.667,1.333
"<a href=""https://tiktok.com/@jox.kj"" target=""_blank"">@jox.kj</a>",47,8,58.988,0.952,3,22,0,1812.5,92.25,0.125,0.875
"<a href=""https://tiktok.com/@jubal_movie"" target=""_blank"">@jubal_movie</a>",11,10,51.646,0.896,9,78,0.001,734.8,29,3.5,1.9
"<a href=""https://tiktok.com/@juliedouglass2013"" target=""_blank"">@juliedouglass2013</a>",22,5,64.857,0.833,1,7,0,1365.143,80.429,0.714,0.286
"<a href=""https://tiktok.com/@kfcn21"" target=""_blank"">@kfcn21</a>",47,8,35.25,1,1,8,0,1264.375,60.125,1.125,0.625
"<a href=""https://tiktok.com/@kokokopi72"" target=""_blank"">@kokokopi72</a>",24,7,71.25,0.857,1,8,0,3430.857,99.857,1.143,2.286
"<a href=""https://tiktok.com/@krug011"" target=""_blank"">@krug011</a>",5,10,55.342,0.818,7,53,0.001,1016.2,64.2,0.1,0.6
"<a href=""https://tiktok.com/@ktsfyh"" target=""_blank"">@ktsfyh</a>",29,10,52.571,0.867,3,22,0.001,1331.2,74.4,1.6,0.5
"<a href=""https://tiktok.com/@kuhar.clair6"" target=""_blank"">@kuhar.clair6</a>",54,3,19.889,1,1,9,0,2681.667,86.667,0,0
"<a href=""https://tiktok.com/@landscape5670"" target=""_blank"">@landscape5670</a>",29,10,79,1,1,8,0,3837.8,292,4.9,4.6
"<a href=""https://tiktok.com/@luisina.riihimaki"" target=""_blank"">@luisina.riihimaki</a>",42,6,47.104,0.952,3,27,0,540.25,40.125,0.5,0.5
"<a href=""https://tiktok.com/@mancilla.sanyang"" target=""_blank"">@mancilla.sanyang</a>",24,6,71.25,0.857,1,8,0,6258,87.5,1.667,3.167
"<a href=""https://tiktok.com/@maryreynolds112"" target=""_blank"">@maryreynolds112</a>",10,5,28.143,1,1,7,0,1872.375,166.125,2.875,4.125
"<a href=""https://tiktok.com/@max6946782"" target=""_blank"">@max6946782</a>",1,5,53.065,1,4,31,0,1504.8,65.6,3.4,2.4
"<a href=""https://tiktok.com/@mdsdz2"" target=""_blank"">@mdsdz2</a>",2,7,62.955,0.764,3,32,0,22462.833,780.083,62.083,12
"<a href=""https://tiktok.com/@mkieiefff"" target=""_blank"">@mkieiefff</a>",23,5,57.643,1,2,14,0,1932.286,50.143,1.143,1.143
"<a href=""https://tiktok.com/@nh.phan.qong"" target=""_blank"">@nh.phan.qong</a>",13,8,59.25,1,3,24,0,14559,209.375,4.75,37.75
"<a href=""https://tiktok.com/@nvao.ywjp"" target=""_blank"">@nvao.ywjp</a>",33,6,65.077,1,1,13,0,1096.667,40.167,0.667,1.167
"<a href=""https://tiktok.com/@okgsisnssx"" target=""_blank"">@okgsisnssx</a>",52,9,44.73,0.861,2,43,0,876.667,41.333,0.778,0.222
"<a href=""https://tiktok.com/@pardesi_driver120"" target=""_blank"">@pardesi_driver120</a>",48,15,86.636,0.738,2,44,0,4792.932,322.288,13,4.864
"<a href=""https://tiktok.com/@plana_b6"" target=""_blank"">@plana_b6</a>",13,5,60.083,1,3,24,0,1660.5,78.833,1.833,1.5
"<a href=""https://tiktok.com/@pp7263033"" target=""_blank"">@pp7263033</a>",1,6,51.562,0.833,2,16,0.001,748.167,17.167,0,0.167
"<a href=""https://tiktok.com/@privon14"" target=""_blank"">@privon14</a>",48,21,96.13,0.655,2,37,0,3520.792,260.075,17.321,11.453
"<a href=""https://tiktok.com/@puayes55"" target=""_blank"">@puayes55</a>",11,9,63.133,0.909,8,70,0.002,491.333,38.778,0.889,0.889
"<a href=""https://tiktok.com/@qq07296"" target=""_blank"">@qq07296</a>",1,6,63.31,0.933,5,42,0.001,6170.833,105.167,1,2
"<a href=""https://tiktok.com/@qq961895"" target=""_blank"">@qq961895</a>",1,5,48.343,1,3,24,0,3381.6,133.8,1,1.6
"<a href=""https://tiktok.com/@r_kerps136"" target=""_blank"">@r_kerps136</a>",36,6,58.3,0.917,2,17,0,888.667,28.667,0,0.333
"<a href=""https://tiktok.com/@reddit_yang"" target=""_blank"">@reddit_yang</a>",11,6,56.5,1,1,8,0,663,11,0.167,1.333
"<a href=""https://tiktok.com/@risood6"" target=""_blank"">@risood6</a>",12,9,45.573,0.769,5,48,0,1539.1,91.8,3,2.8
"<a href=""https://tiktok.com/@rmcbk1"" target=""_blank"">@rmcbk1</a>",46,6,70.625,0.833,1,8,0,18254.375,794.25,12.75,10.875
"<a href=""https://tiktok.com/@rohingyao"" target=""_blank"">@rohingyao</a>",29,8,71.857,1,1,7,0,1486.3,69.9,1.9,0.3
"<a href=""https://tiktok.com/@ruchideacon"" target=""_blank"">@ruchideacon</a>",13,4,51.375,1,2,16,0,3663.25,196.125,3.5,7.375
"<a href=""https://tiktok.com/@ryllskaya.reddit"" target=""_blank"">@ryllskaya.reddit</a>",11,6,42.649,0.771,3,22,0,13846.833,183.833,12.667,8.167
"<a href=""https://tiktok.com/@ryllskayalife7"" target=""_blank"">@ryllskayalife7</a>",11,9,66.916,0.935,5,40,0.001,11402,51,0.556,1.333
"<a href=""https://tiktok.com/@ryllskayaqing"" target=""_blank"">@ryllskayaqing</a>",11,9,75.548,0.9,2,16,0,9513.333,83.778,12,19.444
"<a href=""https://tiktok.com/@ryllskayazeng"" target=""_blank"">@ryllskayazeng</a>",11,7,71.045,1,2,15,0,881.889,43.778,4.444,6.222
"<a href=""https://tiktok.com/@s_heise214"" target=""_blank"">@s_heise214</a>",35,6,52.286,1,2,15,0,2884.667,116.167,0.5,1
"<a href=""https://tiktok.com/@satarajoette"" target=""_blank"">@satarajoette</a>",15,8,57.714,1,1,7,0,2399.3,137.5,0.7,1.5
"<a href=""https://tiktok.com/@sayzxdt"" target=""_blank"">@sayzxdt</a>",12,9,58.846,0.812,7,73,0,1471.222,117.333,2.667,1
"<a href=""https://tiktok.com/@shdj1431"" target=""_blank"">@shdj1431</a>",8,7,71.792,0.944,2,20,0,15111.714,338.857,7.429,44.857
"<a href=""https://tiktok.com/@shotewg"" target=""_blank"">@shotewg</a>",30,10,33.125,0.857,1,8,0,4578.6,116.2,5,2.5
"<a href=""https://tiktok.com/@stoyouh"" target=""_blank"">@stoyouh</a>",29,9,47.693,0.8,3,27,0,2844.222,86.222,0.667,1.444
"<a href=""https://tiktok.com/@sweet_driver120"" target=""_blank"">@sweet_driver120</a>",48,13,94.274,0.75,2,31,0,428.222,39.611,2.861,8.722
"<a href=""https://tiktok.com/@text.fc"" target=""_blank"">@text.fc</a>",29,9,63.135,0.775,2,16,0,3368.222,135.333,7.889,1.778
"<a href=""https://tiktok.com/@texthang"" target=""_blank"">@texthang</a>",50,4,50.571,1,2,14,0,4726.75,105.75,0.5,4
"<a href=""https://tiktok.com/@textpov4"" target=""_blank"">@textpov4</a>",50,4,56.071,1,2,14,0,6146.5,145.5,1.5,4.25
"<a href=""https://tiktok.com/@textstyo"" target=""_blank"">@textstyo</a>",31,6,44.4,0.857,1,10,0,37868.167,1169.833,16.167,16.167
"<a href=""https://tiktok.com/@textwang8"" target=""_blank"">@textwang8</a>",50,4,52.714,1,1,7,0,4568.75,173.5,2.75,12.5
"<a href=""https://tiktok.com/@tguu743"" target=""_blank"">@tguu743</a>",17,7,68.455,0.9,1,11,0,1416.857,48,0.429,1
"<a href=""https://tiktok.com/@thuusu7"" target=""_blank"">@thuusu7</a>",12,9,48.429,0.82,6,57,0,1388.889,68.556,0.333,0.556
"<a href=""https://tiktok.com/@tree59906"" target=""_blank"">@tree59906</a>",2,8,87.125,1,1,8,0,774.375,28.375,0.125,0.625
"<a href=""https://tiktok.com/@tyuioaak1"" target=""_blank"">@tyuioaak1</a>",29,7,19.571,0.8,1,7,0,4928.2,259.8,5.2,6.5
"<a href=""https://tiktok.com/@ubf084006c"" target=""_blank"">@ubf084006c</a>",47,8,59.786,1,2,14,0,11741.375,94.375,2.625,6.5
"<a href=""https://tiktok.com/@ubhutfrx"" target=""_blank"">@ubhutfrx</a>",5,7,47.393,0.917,2,15,0,19048.222,620.667,3.556,5.667
"<a href=""https://tiktok.com/@udocidh"" target=""_blank"">@udocidh</a>",45,5,44.125,1,1,8,0,1985.333,118.833,0.5,1
"<a href=""https://tiktok.com/@uhpdh"" target=""_blank"">@uhpdh</a>",5,7,73.045,0.833,2,15,0,2499.222,117.667,0.444,0.444
"<a href=""https://tiktok.com/@user10524814616111"" target=""_blank"">@user10524814616111</a>",32,3,42.667,0.8,1,9,0,559,1.667,0,0
"<a href=""https://tiktok.com/@user1203836358576"" target=""_blank"">@user1203836358576</a>",46,7,47.312,0.833,2,16,0,3979.286,80.286,0.714,1
"<a href=""https://tiktok.com/@user1228001708304"" target=""_blank"">@user1228001708304</a>",44,3,73,0.8,1,9,0,323.667,4.333,0,0
"<a href=""https://tiktok.com/@user12381449787278"" target=""_blank"">@user12381449787278</a>",23,4,58.786,1,2,14,0,1017,47.25,0.25,0
"<a href=""https://tiktok.com/@user2201058539802"" target=""_blank"">@user2201058539802</a>",8,8,61.083,0.889,1,12,0,2388.375,100.375,1.625,2.75
"<a href=""https://tiktok.com/@user2750197497915"" target=""_blank"">@user2750197497915</a>",1,6,51.46,0.908,4,36,0,1017.5,18.167,0.333,1.167
"<a href=""https://tiktok.com/@user31313825076752"" target=""_blank"">@user31313825076752</a>",8,6,63.139,1,2,17,0,2935.333,125.5,1.833,2.333
"<a href=""https://tiktok.com/@user32197034485364"" target=""_blank"">@user32197034485364</a>",32,3,42.667,0.8,1,9,0,366.333,1,0,0
"<a href=""https://tiktok.com/@user3360077055795"" target=""_blank"">@user3360077055795</a>",2,6,48.417,1,2,17,0,45917.5,1966.5,241,556.833
"<a href=""https://tiktok.com/@user3561761255257"" target=""_blank"">@user3561761255257</a>",43,3,68.778,0.8,1,9,0,760.333,27.667,0,0.333
"<a href=""https://tiktok.com/@user3592781381163"" target=""_blank"">@user3592781381163</a>",34,3,26.667,1,1,9,0,100.667,1.667,0,0
"<a href=""https://tiktok.com/@user387820624354865"" target=""_blank"">@user387820624354865</a>",7,3,53.125,0.8,1,8,0,2784.667,11.333,0.333,0
"<a href=""https://tiktok.com/@user3933909636681"" target=""_blank"">@user3933909636681</a>",3,5,51.444,0.571,1,9,0,1184.8,116.4,2.2,0.2
"<a href=""https://tiktok.com/@user40869462422482"" target=""_blank"">@user40869462422482</a>",44,3,72.667,0.8,1,9,0,121,2,0,0
"<a href=""https://tiktok.com/@user4117314227622"" target=""_blank"">@user4117314227622</a>",43,3,56.375,1,1,8,0,1311,37.667,0,0.667
"<a href=""https://tiktok.com/@user49430429130181"" target=""_blank"">@user49430429130181</a>",43,3,58.384,0.867,3,24,0,209.667,2.667,0,0
"<a href=""https://tiktok.com/@user51678731985597"" target=""_blank"">@user51678731985597</a>",14,9,23.571,1,1,7,0,2427.2,79.2,0.8,2.4
"<a href=""https://tiktok.com/@user5273018841191"" target=""_blank"">@user5273018841191</a>",4,5,20.857,0.8,1,7,0,310.833,13.5,0,0.833
"<a href=""https://tiktok.com/@user561258203609"" target=""_blank"">@user561258203609</a>",23,4,60,1,2,14,0,1876,47.5,0.25,0
"<a href=""https://tiktok.com/@user5626060056906"" target=""_blank"">@user5626060056906</a>",5,8,62.042,0.833,3,22,0,2368.3,106.5,2.1,1.8
"<a href=""https://tiktok.com/@user5981446244885"" target=""_blank"">@user5981446244885</a>",3,6,28.278,0.9,2,18,0,338.667,27.167,0.5,0
"<a href=""https://tiktok.com/@user6129488449035"" target=""_blank"">@user6129488449035</a>",1,6,66.071,0.833,2,14,0,2232.833,70.333,0.667,0
"<a href=""https://tiktok.com/@user6171047885852"" target=""_blank"">@user6171047885852</a>",11,10,47.124,0.912,7,68,0,701.1,28.2,0.5,0.2
"<a href=""https://tiktok.com/@user6245933596514"" target=""_blank"">@user6245933596514</a>",34,3,26.667,1,1,9,0,3069.667,30.667,0,0.333
"<a href=""https://tiktok.com/@user69035475415230"" target=""_blank"">@user69035475415230</a>",1,6,52.214,0.889,3,22,0.001,4012.167,54,3.833,6.5
"<a href=""https://tiktok.com/@user6922385284275"" target=""_blank"">@user6922385284275</a>",5,8,63.295,0.938,2,15,0,3944.7,116.7,1.4,1.4
"<a href=""https://tiktok.com/@user7491401466635"" target=""_blank"">@user7491401466635</a>",3,5,66.75,1,1,8,0,2189.667,58.833,3,18.5
"<a href=""https://tiktok.com/@user7516190319240"" target=""_blank"">@user7516190319240</a>",11,9,69.341,0.829,2,16,0,965.222,50.444,1.111,0.667
"<a href=""https://tiktok.com/@user769357200"" target=""_blank"">@user769357200</a>",16,7,68.455,0.9,1,11,0,2028,79,0.875,0.5
"<a href=""https://tiktok.com/@user7813792927012"" target=""_blank"">@user7813792927012</a>",15,9,57.071,0.917,2,14,0,254992.8,11579.1,173,159
"<a href=""https://tiktok.com/@user81216778545341"" target=""_blank"">@user81216778545341</a>",3,3,29,0.8,1,9,0,1273.8,59.6,5,1.2
"<a href=""https://tiktok.com/@user83050540275304"" target=""_blank"">@user83050540275304</a>",2,9,58.299,0.833,4,50,0,1046.111,40.778,1.556,0
"<a href=""https://tiktok.com/@user8662190461588"" target=""_blank"">@user8662190461588</a>",3,9,48.583,0.857,3,26,0,13219,474.25,15.667,168.333
"<a href=""https://tiktok.com/@user8843781769878"" target=""_blank"">@user8843781769878</a>",43,3,50,0.8,1,7,0,378.333,8.333,0,0
"<a href=""https://tiktok.com/@user90221768842097"" target=""_blank"">@user90221768842097</a>",12,9,40.374,0.862,6,61,0,3881.222,178.444,2.778,1.556
"<a href=""https://tiktok.com/@user91583145409515"" target=""_blank"">@user91583145409515</a>",44,3,72.833,0.8,2,18,0,38,0,0,0
"<a href=""https://tiktok.com/@user9241237747453"" target=""_blank"">@user9241237747453</a>",47,7,61.571,1,1,7,0,1519.875,49.625,0.375,0.75
"<a href=""https://tiktok.com/@user9262051903981"" target=""_blank"">@user9262051903981</a>",11,7,63.259,0.795,2,15,0,1159.889,64.333,1.111,2.667
"<a href=""https://tiktok.com/@username6652655"" target=""_blank"">@username6652655</a>",48,5,107.333,0.8,1,9,0,176.167,27.033,2.833,0.7
"<a href=""https://tiktok.com/@weck01"" target=""_blank"">@weck01</a>",29,9,70,1,1,7,0,3966.667,113.556,3.111,1.667
"<a href=""https://tiktok.com/@whitf.jaromy"" target=""_blank"">@whitf.jaromy</a>",26,4,50.857,1,1,7,0,2866.6,79.2,0.4,3.4
"<a href=""https://tiktok.com/@whvsghvs"" target=""_blank"">@whvsghvs</a>",7,3,53.125,0.8,1,8,0,2055,18,0,0
"<a href=""https://tiktok.com/@wotext"" target=""_blank"">@wotext</a>",31,6,44.4,0.857,1,10,0,2038.5,82.5,1.667,2.333
"<a href=""https://tiktok.com/@xiahoudun152"" target=""_blank"">@xiahoudun152</a>",39,5,49.071,0.9,2,14,0,1904.2,41,0.4,0.4
"<a href=""https://tiktok.com/@xiaphuangya47"" target=""_blank"">@xiaphuangya47</a>",11,9,41.676,0.881,6,56,0,845.333,67.778,0.444,0.889
"<a href=""https://tiktok.com/@xxii911"" target=""_blank"">@xxii911</a>",29,10,52.547,0.969,4,38,0,1036,63.3,1.3,3.8
"<a href=""https://tiktok.com/@xyzpioamm"" target=""_blank"">@xyzpioamm</a>",12,8,46.304,0.918,5,44,0,2770.625,98.375,1.125,4.375
"<a href=""https://tiktok.com/@y_lebei321"" target=""_blank"">@y_lebei321</a>",37,5,28.5,1,1,8,0,1782.6,51.8,1.2,1
"<a href=""https://tiktok.com/@yemeigui236"" target=""_blank"">@yemeigui236</a>",39,5,81.571,0.9,2,14,0,5034.8,149.6,5.2,21.2
"<a href=""https://tiktok.com/@yesyes7784"" target=""_blank"">@yesyes7784</a>",11,10,54.064,0.85,6,52,0.001,1066.9,81.4,0.3,3.1
"<a href=""https://tiktok.com/@yfidifh"" target=""_blank"">@yfidifh</a>",15,10,56.429,0.833,1,7,0,2039.2,68.9,1.2,2.6
"<a href=""https://tiktok.com/@yourstoryttt"" target=""_blank"">@yourstoryttt</a>",29,10,54.407,0.913,5,48,0.001,13289,210.4,7.9,2.6
"<a href=""https://tiktok.com/@yunshuchuan131"" target=""_blank"">@yunshuchuan131</a>",40,5,59,0.833,1,7,0,6928.2,162,10.8,33.8
"<a href=""https://tiktok.com/@yuwenmovie"" target=""_blank"">@yuwenmovie</a>",22,6,64.857,0.833,1,7,0,591.125,25.5,0.5,0.25
"<a href=""https://tiktok.com/@yxbiyg"" target=""_blank"">@yxbiyg</a>",47,8,61,0.857,1,7,0,12383.5,349,2.625,6.875
"<a href=""https://tiktok.com/@yyfdtwhtod"" target=""_blank"">@yyfdtwhtod</a>",52,9,40.674,0.861,2,43,0,819.778,29.667,1,0.333
"<a href=""https://tiktok.com/@zgekze"" target=""_blank"">@zgekze</a>",51,4,4,1,1,8,0,1019,32.5,0.75,0
"<a href=""https://tiktok.com/@zhan3309"" target=""_blank"">@zhan3309</a>",54,3,19.889,1,1,9,0,1386,86,0.667,0.667
