"Network","Number of Accounts","Network Density","Network Diameter","Clustering Coefficient","Avg Views","Avg Likes","Avg Comments","Avg Shares","Member Accounts"
1,9,0.389,33,0.706,2363.02,59.627,1.275,1.745,"user6129488449035, der32946, max6946782, gh225932, qq07296, user2750197497915, pp7263033, qq961895, user69035475415230"
2,6,0.533,35,0.562,15624.982,621.618,43.491,66.836,"tree59906, bdbdchhd, mdsdz2, ggdthij, user3360077055795, user83050540275304"
3,5,0.4,27,0,5473.265,208.441,7.206,62.882,"user8662190461588, user81216778545341, user5981446244885, user3933909636681, user7491401466635"
4,2,1,7,0,274.545,11,0,0.455,"gofman.008, user5273018841191"
5,14,0.275,25,0.408,3206.131,125.846,1.115,1.662,"fughf21, krug011, irdc042, user5626060056906, uhpdh, hdifhg5, bmc12655, jfkovj5, jdpxorjf, ubhutfrx, fdijc3, hcodifb, hsozhs6, user6922385284275"
6,2,1,7,0,2081.125,106.75,2.375,5.25,"haimchrislyn, coco8880877"
7,2,1,8,0,2419.833,14.667,0.167,0,"user387820624354865, whvsghvs"
8,5,0.4,38,0,62947.167,2755.833,27.833,31.056,"hlffv, bdpd57, shdj1431, user2201058539802, user31313825076752"
9,2,1,10,0,1415.167,144.25,1.417,2.667,"fhfg2499, hckcudh1"
10,3,0.667,15,0,2293.652,178.174,2.826,6.174,"aedfjdhdtddy, aedvdkodhw, maryreynolds112"
11,18,0.248,34,0.508,2798.745,52.994,2.404,3.323,"eternally36, jubal_movie, ryllskaya.reddit, user6171047885852, xiaphuangya47, fkshusjxb, user9262051903981, puayes55, anderson.broudy, ggycyxr, reddit_yang, baifamm13, daniklieber008, user7516190319240, ryllskayaqing, ryllskayalife7, ryllskayazeng, yesyes7784"
12,9,0.611,26,0.697,1955.852,96.58,2.247,2.654,"bivydu, dayutoureddit, user90221768842097, thuusu7, xyzpioamm, jeyciop, sayzxdt, frdg25, risood6"
13,4,0.833,16,0.75,6345.462,167.308,6.923,27.077,"ruchideacon, plana_b6, nh.phan.qong, abdulrahmanahmaad7"
14,2,1,7,0,2507.3,88.15,0.75,2.85,"gxicofj, user51678731985597"
15,3,0.667,14,0,86477.1,3928.5,58.3,54.367,"satarajoette, user7813792927012, yfidifh"
16,2,1,11,0,1587.562,68.375,0.625,0.562,"user769357200, ficeuoo"
17,2,1,11,0,1253.733,56.467,0.6,0.667,"dguy8654, tguu743"
18,2,1,9,0,2848.643,94.143,0.786,0.929,"cirila.mccorkle, fiutfvjj"
19,2,1,8,0,807.6,40.867,0.4,1.267,"coicbf, jeiofifuhd"
20,2,1,10,0,708.75,12.688,0.062,0.812,"abd.aziz9083, aedhdjcocj"
21,2,1,7,0,23953.143,556.071,8.714,17.357,"elvisspencer2003, guanganfilm"
22,2,1,7,0,952.333,51.133,0.6,0.267,"juliedouglass2013, yuwenmovie"
23,3,1,7,1,1673.2,48.667,0.667,0.533,"mkieiefff, user12381449787278, user561258203609"
24,2,1,8,0,4735.692,94.154,1.385,2.692,"mancilla.sanyang, kokokopi72"
25,2,1,7,0,1241.357,57.571,1.286,5.786,"adan.stockmank, jiletu.taniong"
26,2,1,7,0,3464.692,84.923,0.846,3.615,"jamall.kaplank, whitf.jaromy"
27,2,1,7,0,4905.7,55.9,0.3,1.7,"akkaanav.risksjsg, aynor.ogawa"
28,2,1,7,0,27805.5,462.1,6.3,10,"debran.oxonrp81, dung.tran2322"
29,11,0.255,43,0.441,3703.533,136.333,3.333,2.343,"ktsfyh, crtyougo, rohingyao, xxii911, tyuioaak1, hdryxd, stoyouh, weck01, landscape5670, text.fc, yourstoryttt"
30,2,1,8,0,58015.316,2176.895,18.842,25.526,"bsbseuo, shotewg"
31,2,1,10,0,19953.333,626.167,8.917,9.25,"textstyo, wotext"
32,2,1,9,0,462.667,1.333,0,0,"user10524814616111, user32197034485364"
33,2,1,13,0,5498.273,109.636,0.909,40.909,"bgqr.zopm, nvao.ywjp"
34,2,1,9,0,1585.167,16.167,0,0.167,"user3592781381163, user6245933596514"
35,3,0.667,15,0,6300.278,111.222,1.222,3.111,"b_jiaofu134, c_pegif193, s_heise214"
36,3,0.667,17,0,837.5,22.333,0.111,0.611,"r_kerps136, jipupu184, baomama125"
37,2,1,8,0,2125.727,40.273,0.636,3.273,"h_lehdi127, y_lebei321"
38,2,1,7,0,1139.167,25.333,0,0.333,"d_odbeu124, b_baoma154"
39,3,1,7,1,3890.333,109.6,2.4,7.667,"guanyu1990, xiahoudun152, yemeigui236"
40,2,1,7,0,5065.4,107,5.6,17.1,"fengtiantian65, yunshuchuan131"
41,3,1,8,1,650.929,26.393,4.107,0.857,"gjbgikh, bartholomewnancybz1025, gjcfyc"
42,6,0.733,18,0.75,2097,111.854,1.229,0.771,"chantalkusch, dutiutx, luisina.riihimaki, jdpdosj, hdkcofh, chhvtdy"
43,4,0.5,17,0,664.833,19.083,0,0.25,"user4117314227622, user49430429130181, user3561761255257, user8843781769878"
44,3,0.667,18,0,160.889,2.111,0,0,"user1228001708304, user40869462422482, user91583145409515"
45,2,1,8,0,2001,111.071,0.714,11.071,"jdoxhbd, udocidh"
46,9,0.278,33,0.333,7799.657,235.164,3.149,3.507,"aed6071, fjgryg0, fhvdet, dscgty, chcryd, joannafitzgerald1111, rmcbk1, fecbgf, user1203836358576"
47,6,0.333,28,0,5060.562,117.875,1.229,2.688,"jfhdcy, jox.kj, kfcn21, ubf084006c, user9241237747453, yxbiyg"
48,7,0.286,99,0,1849.341,132.642,7.424,4.821,"cute_chumi_girl208, pardesi_driver120, cutequeen_driver120, privon14, amazinggirl_120, sweet_driver120, username6652655"
49,2,1,9,0,172.768,21.805,2.098,0.207,"cutegirlbabe2, cutedriver120"
50,4,0.5,21,0,4813,129.625,1.688,5.625,"hygge8662, texthang, textpov4, textwang8"
51,2,1,8,0,890.75,37.125,0.5,0.375,"01k4d70, zgekze"
52,3,1,25,1,873.808,36.423,0.885,0.231,"gksdtirevb, okgsisnssx, yyfdtwhtod"
53,2,1,7,0,2058.5,49.667,1,0.667,"hdbjx72, hsbuz8"
54,2,1,9,0,2033.833,86.333,0.333,0.333,"kuhar.clair6, zhan3309"
