"Account","Network","Unique Shares","Avg Time Between Shares (sec)","Edge Symmetry Score","Degree","Strength","Betweenness","Avg Views","Avg Likes","Avg Comments","Avg Shares"
"<a href=""https://tiktok.com/@.whjshshshshs"" target=""_blank"">@.whjshshshshs</a>",139,8,53.284,0.944,4,49,0,753.625,92.5,0.625,1
"<a href=""https://tiktok.com/@1qwdjjd"" target=""_blank"">@1qwdjjd</a>",102,5,58.667,1,1,9,0,742,29.2,0.4,0
"<a href=""https://tiktok.com/@1yrogls"" target=""_blank"">@1yrogls</a>",100,5,60.468,0.85,3,19,0,962.4,75.2,0.8,0.2
"<a href=""https://tiktok.com/@2100snowman"" target=""_blank"">@2100snowman</a>",61,3,56,0.8,1,7,0,42885,152.5,5.75,1.5
"<a href=""https://tiktok.com/@26hdjwjq"" target=""_blank"">@26hdjwjq</a>",60,6,34.333,1,1,12,0,1653.857,70,0.286,0.143
"<a href=""https://tiktok.com/@2ckfjkelw"" target=""_blank"">@2ckfjkelw</a>",93,4,79,1,1,6,0,1279.167,58,0.833,0
"<a href=""https://tiktok.com/@adelaideparker19934"" target=""_blank"">@adelaideparker19934</a>",22,5,69,1,1,6,0,2874.429,52.714,0.429,1.857
"<a href=""https://tiktok.com/@aed0267"" target=""_blank"">@aed0267</a>",59,12,53.642,0.821,4,49,0,2097.917,79.667,4.583,3.083
"<a href=""https://tiktok.com/@aed0584"" target=""_blank"">@aed0584</a>",18,3,38.333,0.75,1,6,0,1923,116.2,1.2,2.4
"<a href=""https://tiktok.com/@aed2750"" target=""_blank"">@aed2750</a>",59,9,59.612,0.835,4,35,0,8195.6,190.9,2.2,2.7
"<a href=""https://tiktok.com/@aed3660"" target=""_blank"">@aed3660</a>",51,6,36.333,0.667,1,6,0,4398.833,103.167,2.5,4.333
"<a href=""https://tiktok.com/@aed3925"" target=""_blank"">@aed3925</a>",142,5,67.5,0.75,1,6,0,1235.75,107.25,1.5,3.25
"<a href=""https://tiktok.com/@aed4809"" target=""_blank"">@aed4809</a>",113,4,37.167,0.75,1,6,0,1402,88.286,0.571,4
"<a href=""https://tiktok.com/@aed6j"" target=""_blank"">@aed6j</a>",14,4,73,0.833,1,6,0,1669,104.75,1.25,5
"<a href=""https://tiktok.com/@aed7p4"" target=""_blank"">@aed7p4</a>",49,6,52.833,1,1,6,0,3670.429,109.286,1.571,0.857
"<a href=""https://tiktok.com/@aed9243"" target=""_blank"">@aed9243</a>",142,4,67.5,0.75,1,6,0,856.333,63,0.333,1.833
"<a href=""https://tiktok.com/@aeda1689"" target=""_blank"">@aeda1689</a>",48,6,16.143,0.8,1,7,0,19928,86.333,0.667,1.5
"<a href=""https://tiktok.com/@aeddhjf6830"" target=""_blank"">@aeddhjf6830</a>",171,5,72.5,1,1,8,0,2537.2,105.2,0.8,4.8
"<a href=""https://tiktok.com/@aedfjdhdtddy"" target=""_blank"">@aedfjdhdtddy</a>",17,6,59.274,0.917,2,13,0,1971,102.333,1.333,0.333
"<a href=""https://tiktok.com/@aedhdici"" target=""_blank"">@aedhdici</a>",3,8,45.417,1,5,38,0,1282,41.25,0.5,0.875
"<a href=""https://tiktok.com/@aedhdjcoof"" target=""_blank"">@aedhdjcoof</a>",9,8,61.475,0.843,5,34,0,1480.333,137.444,1,1.667
"<a href=""https://tiktok.com/@aedigohdu"" target=""_blank"">@aedigohdu</a>",7,5,44.333,0.8,1,6,0,109702.7,2376.5,7.7,27.2
"<a href=""https://tiktok.com/@aedjdpckd"" target=""_blank"">@aedjdpckd</a>",2,8,48.259,0.916,9,70,0,1373.75,37.375,0.625,0
"<a href=""https://tiktok.com/@aedjxpxodj"" target=""_blank"">@aedjxpxodj</a>",17,9,59.489,0.975,5,44,0,2773.1,109.5,2.1,0.9
"<a href=""https://tiktok.com/@aeduriosod"" target=""_blank"">@aeduriosod</a>",19,6,66.091,0.857,1,11,0,2316,61.333,0.833,0
"<a href=""https://tiktok.com/@aedyckctu"" target=""_blank"">@aedyckctu</a>",3,8,74,0.8,2,12,0,2582.25,168.125,1.375,0.875
"<a href=""https://tiktok.com/@airplane_video578"" target=""_blank"">@airplane_video578</a>",136,6,60.399,0.845,2,21,0,64608.125,934.188,13.125,134.062
"<a href=""https://tiktok.com/@aiwjfha"" target=""_blank"">@aiwjfha</a>",82,6,57.667,1,1,6,0,8098.667,217.667,12.667,0.889
"<a href=""https://tiktok.com/@akinrefon.rainie"" target=""_blank"">@akinrefon.rainie</a>",158,3,68.833,0.75,1,6,0,12,0,0,0
"<a href=""https://tiktok.com/@akkaanav.risksjsg"" target=""_blank"">@akkaanav.risksjsg</a>",48,6,16.143,0.8,1,7,0,8075.667,79.833,1.833,1.667
"<a href=""https://tiktok.com/@alice95332"" target=""_blank"">@alice95332</a>",170,4,57.208,0.967,6,46,0,628.75,29,0,0
"<a href=""https://tiktok.com/@aliyawod4l5"" target=""_blank"">@aliyawod4l5</a>",30,4,45.333,1,1,6,0,543.25,17,0,0
"<a href=""https://tiktok.com/@amazingpilot0"" target=""_blank"">@amazingpilot0</a>",136,6,71.835,0.806,2,23,0,30.644,6.342,1.767,0.041
"<a href=""https://tiktok.com/@amazingpilot2"" target=""_blank"">@amazingpilot2</a>",136,7,50.833,0.833,2,22,0,46.538,11.2,2.415,0.031
"<a href=""https://tiktok.com/@amelia.wilson.johnson"" target=""_blank"">@amelia.wilson.johnson</a>",123,2,51.333,0.875,2,12,0,1245,52,0.5,1.5
"<a href=""https://tiktok.com/@amywendy19961"" target=""_blank"">@amywendy19961</a>",31,4,53.679,0.917,4,28,0,310.5,8.75,0,0
"<a href=""https://tiktok.com/@antoinetteboone25"" target=""_blank"">@antoinetteboone25</a>",31,4,46.611,0.944,3,19,0,388.25,10,0,0.25
"<a href=""https://tiktok.com/@anubn95ar83d"" target=""_blank"">@anubn95ar83d</a>",132,8,46.167,0.8,1,6,0,806.75,45.75,3.5,5.75
"<a href=""https://tiktok.com/@aqcrtyjfd13"" target=""_blank"">@aqcrtyjfd13</a>",35,4,59.917,0.917,2,14,0,303.25,6.5,0,0.25
"<a href=""https://tiktok.com/@archie.waller4"" target=""_blank"">@archie.waller4</a>",131,8,54.111,1,1,9,0,11731.625,471.625,22.125,73.625
"<a href=""https://tiktok.com/@arffug"" target=""_blank"">@arffug</a>",119,8,49.076,0.9,2,20,0,679.75,39.125,0.5,1.25
"<a href=""https://tiktok.com/@aseng.haymong"" target=""_blank"">@aseng.haymong</a>",70,7,38.422,0.963,3,25,0,1971.571,58.143,0.857,2.571
"<a href=""https://tiktok.com/@avafind2"" target=""_blank"">@avafind2</a>",143,15,24.662,1,4,52,0,347.588,1.471,0,0.294
"<a href=""https://tiktok.com/@avav11738"" target=""_blank"">@avav11738</a>",20,5,67.5,0.833,1,6,0,2821.333,55.833,0.167,0.333
"<a href=""https://tiktok.com/@avelina.asucen"" target=""_blank"">@avelina.asucen</a>",98,4,42.571,0.917,2,13,0,1222,70.75,0,0.5
"<a href=""https://tiktok.com/@awmilke"" target=""_blank"">@awmilke</a>",95,6,25.25,1,1,8,0,1856.333,116,1,0
"<a href=""https://tiktok.com/@ayanna.kelekele"" target=""_blank"">@ayanna.kelekele</a>",127,3,58.019,0.92,5,43,0,628.333,17,0.333,8
"<a href=""https://tiktok.com/@b9789612"" target=""_blank"">@b9789612</a>",163,2,60.5,0.667,1,6,0,5843,70.5,0,2.5
"<a href=""https://tiktok.com/@babypink6896"" target=""_blank"">@babypink6896</a>",24,8,70.537,0.967,3,29,0,1096,61.125,1.75,16
"<a href=""https://tiktok.com/@bate.hynda"" target=""_blank"">@bate.hynda</a>",49,6,52.833,1,1,6,0,1563.571,57.857,1.143,1.143
"<a href=""https://tiktok.com/@battl.kray"" target=""_blank"">@battl.kray</a>",57,9,60.974,0.901,7,70,0,36156.5,639.4,8.6,158
"<a href=""https://tiktok.com/@baxor3828"" target=""_blank"">@baxor3828</a>",97,4,43.143,0.833,1,7,0,934,50.25,0.25,0
"<a href=""https://tiktok.com/@bbcanxmfe6"" target=""_blank"">@bbcanxmfe6</a>",62,3,48.222,0.783,3,20,0,1443.667,20.667,0.333,0.333
"<a href=""https://tiktok.com/@bbuiopkl"" target=""_blank"">@bbuiopkl</a>",126,3,55.667,0.8,1,6,0,8285,171.333,4.333,21.667
"<a href=""https://tiktok.com/@bcc662"" target=""_blank"">@bcc662</a>",24,7,48.052,0.864,4,26,0,1784.143,56.571,0.429,0.143
"<a href=""https://tiktok.com/@bcjeibox"" target=""_blank"">@bcjeibox</a>",139,6,57.988,0.833,4,25,0,1193.333,72.333,0.333,0.167
"<a href=""https://tiktok.com/@bdjsbsk4"" target=""_blank"">@bdjsbsk4</a>",88,7,49.668,0.801,8,68,0,1282.571,51.429,1.143,0.286
"<a href=""https://tiktok.com/@bdoci6"" target=""_blank"">@bdoci6</a>",2,9,55,0.913,11,87,0,3551,75.111,1.333,0.778
"<a href=""https://tiktok.com/@bdpd57"" target=""_blank"">@bdpd57</a>",17,9,52.619,0.9,4,32,0,3155.889,242.333,1.778,2.667
"<a href=""https://tiktok.com/@be.jkigv"" target=""_blank"">@be.jkigv</a>",1,7,67.915,0.824,4,29,0,14642.143,554.571,5.857,1.714
"<a href=""https://tiktok.com/@beautiful46h"" target=""_blank"">@beautiful46h</a>",137,9,61.25,0.6,1,12,0,41.667,12,6,0.067
"<a href=""https://tiktok.com/@beautifulseen30"" target=""_blank"">@beautifulseen30</a>",137,7,64.695,0.917,2,21,0,78.941,13.471,0.941,0
"<a href=""https://tiktok.com/@benedossie2"" target=""_blank"">@benedossie2</a>",57,6,53.857,0.972,6,57,0,1491,58.833,1,1.833
"<a href=""https://tiktok.com/@berylsaunders19830"" target=""_blank"">@berylsaunders19830</a>",22,6,43.087,0.878,3,22,0,1910.667,39.167,0.333,1.333
"<a href=""https://tiktok.com/@bfc.hff"" target=""_blank"">@bfc.hff</a>",17,6,65.167,1,1,6,0,4499,59.5,1.667,0
"<a href=""https://tiktok.com/@bfdthfdrpue"" target=""_blank"">@bfdthfdrpue</a>",32,4,54.485,0.975,9,56,0,1423.75,11.25,0,0
"<a href=""https://tiktok.com/@bgfddf8888"" target=""_blank"">@bgfddf8888</a>",5,8,48.762,0.917,2,19,0,2234.889,68.889,0.778,0.444
"<a href=""https://tiktok.com/@bgysxfoqqyu"" target=""_blank"">@bgysxfoqqyu</a>",33,4,60.833,1,1,6,0,336.5,7.5,0,0
"<a href=""https://tiktok.com/@bigfire888"" target=""_blank"">@bigfire888</a>",112,5,58.125,1,1,8,0,1685.4,239.8,2,0
"<a href=""https://tiktok.com/@bihuo6660"" target=""_blank"">@bihuo6660</a>",110,2,51.333,0.75,1,6,0,876,59.667,1.333,0
"<a href=""https://tiktok.com/@bipiqo"" target=""_blank"">@bipiqo</a>",120,8,69.275,0.858,5,62,0,354.75,6.75,0,0
"<a href=""https://tiktok.com/@bixukf"" target=""_blank"">@bixukf</a>",94,6,64.833,0.775,2,12,0,2731.667,91.667,1.5,0.5
"<a href=""https://tiktok.com/@bjspsp"" target=""_blank"">@bjspsp</a>",117,7,62.019,1,2,21,0,4910.429,145.286,6.286,0.429
"<a href=""https://tiktok.com/@bkot6010"" target=""_blank"">@bkot6010</a>",80,8,44.25,0.889,1,24,0,769.5,28.2,0.2,0.5
"<a href=""https://tiktok.com/@blake.payne028"" target=""_blank"">@blake.payne028</a>",131,6,59.322,0.878,3,24,0,44636.875,943,61,485.625
"<a href=""https://tiktok.com/@blxhx"" target=""_blank"">@blxhx</a>",38,3,52,0.75,1,6,0,2799.25,65.5,1.25,0
"<a href=""https://tiktok.com/@bmc12655"" target=""_blank"">@bmc12655</a>",1,6,59.31,0.857,7,59,0,2041.833,75.5,2,1.5
"<a href=""https://tiktok.com/@books3478"" target=""_blank"">@books3478</a>",24,7,57.125,0.929,2,16,0,1321.571,83.714,0,0.286
"<a href=""https://tiktok.com/@bortle.stofsky"" target=""_blank"">@bortle.stofsky</a>",158,3,59.5,1,1,6,0,169.667,7.667,0,0
"<a href=""https://tiktok.com/@bpgarp"" target=""_blank"">@bpgarp</a>",120,6,55.833,0.853,5,54,0,789.667,28.5,0.333,0.5
"<a href=""https://tiktok.com/@brdfgh"" target=""_blank"">@brdfgh</a>",151,3,94.167,0.75,1,6,0,775.333,84.667,0.333,0
"<a href=""https://tiktok.com/@brooks.jenner"" target=""_blank"">@brooks.jenner</a>",127,3,68.816,0.911,6,49,0,482.667,32.667,0.667,2.333
"<a href=""https://tiktok.com/@bsbsbsvsv44"" target=""_blank"">@bsbsbsvsv44</a>",17,8,81.146,0.878,3,22,0,34292.875,1068.875,7.25,3.125
"<a href=""https://tiktok.com/@bubu.text"" target=""_blank"">@bubu.text</a>",55,4,55.333,0.75,1,6,0,1432.5,99.25,2.25,8.25
"<a href=""https://tiktok.com/@buma.zlkh"" target=""_blank"">@buma.zlkh</a>",134,6,71.458,0.9,2,14,0,4365.5,104.833,0.833,0.667
"<a href=""https://tiktok.com/@bvasvhssjn"" target=""_blank"">@bvasvhssjn</a>",139,6,53.095,0.897,3,22,0,2592,79.833,0.167,1
"<a href=""https://tiktok.com/@bvoo3130"" target=""_blank"">@bvoo3130</a>",75,6,66.72,0.924,7,83,0,4295.5,76.833,0.5,0.5
"<a href=""https://tiktok.com/@bvwihpir1hk"" target=""_blank"">@bvwihpir1hk</a>",33,4,57.081,0.933,5,31,0,145.5,3,0,0
"<a href=""https://tiktok.com/@bwelrxwgc1e"" target=""_blank"">@bwelrxwgc1e</a>",33,4,53.357,1,5,31,0,875.5,38.75,0.25,0
"<a href=""https://tiktok.com/@bxkke4723"" target=""_blank"">@bxkke4723</a>",88,4,51.086,0.79,5,33,0,1195,51.25,0.75,0.25
"<a href=""https://tiktok.com/@cagnhd"" target=""_blank"">@cagnhd</a>",11,8,55.735,0.834,6,55,0,2120.75,129.875,2.125,3.75
"<a href=""https://tiktok.com/@cardriving139"" target=""_blank"">@cardriving139</a>",138,9,80.75,0.75,1,8,0,227.235,57,16.941,0.118
"<a href=""https://tiktok.com/@carlos.alberto.al886"" target=""_blank"">@carlos.alberto.al886</a>",71,7,61.062,1,2,14,0,5924.857,102.714,2.286,12
"<a href=""https://tiktok.com/@carmen.vega355"" target=""_blank"">@carmen.vega355</a>",17,8,55.044,0.975,5,39,0,47459.75,1178.5,4.625,6.5
"<a href=""https://tiktok.com/@cbjf05"" target=""_blank"">@cbjf05</a>",4,8,67.083,0.75,2,12,0,2313,76.5,1.25,2.375
"<a href=""https://tiktok.com/@cenhaa1"" target=""_blank"">@cenhaa1</a>",125,3,58.452,0.733,2,13,0,890.4,27.2,1,10.6
"<a href=""https://tiktok.com/@cghvhhj6"" target=""_blank"">@cghvhhj6</a>",139,10,33.278,0.85,3,19,0,1518.182,143.364,1,1.545
"<a href=""https://tiktok.com/@chaff8892"" target=""_blank"">@chaff8892</a>",24,8,63.623,0.85,4,36,0,1280.5,51.125,0.375,2.875
"<a href=""https://tiktok.com/@chantalkusch"" target=""_blank"">@chantalkusch</a>",1,4,79.286,0.833,1,7,0,1613.6,130.2,1.2,0.4
"<a href=""https://tiktok.com/@charlene.gilbert31"" target=""_blank"">@charlene.gilbert31</a>",39,5,27.833,0.75,1,6,0,999.833,68.167,0.833,2.667
"<a href=""https://tiktok.com/@chcjg0"" target=""_blank"">@chcjg0</a>",5,8,60.938,0.929,2,18,0,4255.375,103,0.625,2
"<a href=""https://tiktok.com/@chendundun6"" target=""_blank"">@chendundun6</a>",55,4,20.333,0.75,1,6,0,643.25,55.25,3.25,1.75
"<a href=""https://tiktok.com/@chghghj"" target=""_blank"">@chghghj</a>",133,5,51.5,0.9,2,14,0,197.8,2.4,0,0
"<a href=""https://tiktok.com/@chikni_baby"" target=""_blank"">@chikni_baby</a>",161,3,90,0.6,1,11,0,95,11.25,1,0
"<a href=""https://tiktok.com/@china_queen_520"" target=""_blank"">@china_queen_520</a>",136,13,61.289,0.815,3,30,0,1575.621,111.517,9.517,1.483
"<a href=""https://tiktok.com/@chinesebeauty39"" target=""_blank"">@chinesebeauty39</a>",136,9,52.625,1,1,8,0,208.615,35.538,4.462,0.077
"<a href=""https://tiktok.com/@chinna_deiver_girl0"" target=""_blank"">@chinna_deiver_girl0</a>",136,5,55.929,0.667,2,17,0,44687.091,4510.182,210.818,72.182
"<a href=""https://tiktok.com/@ciojkb"" target=""_blank"">@ciojkb</a>",73,11,19.513,0.961,4,129,0,1193.545,86.182,0.364,0.545
"<a href=""https://tiktok.com/@cirila.mccorkle"" target=""_blank"">@cirila.mccorkle</a>",3,8,51.917,0.907,7,48,0,1329.5,40.875,1,0.875
"<a href=""https://tiktok.com/@cisuc6"" target=""_blank"">@cisuc6</a>",14,6,73,0.833,1,6,0,3044.5,139.333,2,1.667
"<a href=""https://tiktok.com/@ciucfyictci"" target=""_blank"">@ciucfyictci</a>",104,3,71.167,1,1,6,0,939.667,40,0.667,0
"<a href=""https://tiktok.com/@cjdjfcn"" target=""_blank"">@cjdjfcn</a>",100,4,57.417,0.917,3,22,0,1247.75,74,0.75,0.25
"<a href=""https://tiktok.com/@cjgbkbl"" target=""_blank"">@cjgbkbl</a>",25,6,56.917,1,2,12,0,355.833,8.833,0.333,0
"<a href=""https://tiktok.com/@cjgkgk45"" target=""_blank"">@cjgkgk45</a>",29,4,61.75,1,2,12,0,380,10.5,0.5,0
"<a href=""https://tiktok.com/@cjur6297"" target=""_blank"">@cjur6297</a>",85,5,58.924,0.9,4,42,0,779.8,26.4,0,0
"<a href=""https://tiktok.com/@ckief1163"" target=""_blank"">@ckief1163</a>",78,12,17.119,1,4,36,0,1710.417,114.833,0.333,0.917
"<a href=""https://tiktok.com/@clirr5282"" target=""_blank"">@clirr5282</a>",85,5,69.467,0.75,2,21,0,1080.833,79.333,0.333,2.5
"<a href=""https://tiktok.com/@coicbf"" target=""_blank"">@coicbf</a>",135,6,55.667,1,1,12,0,1905.667,50.333,1.5,0.167
"<a href=""https://tiktok.com/@coirf88774"" target=""_blank"">@coirf88774</a>",85,5,56.068,0.833,3,32,0,1005.4,84,1.2,0.2
"<a href=""https://tiktok.com/@constantinos.hard"" target=""_blank"">@constantinos.hard</a>",127,3,58.958,0.917,4,33,0,3995.667,58.333,1,7.333
"<a href=""https://tiktok.com/@courr1227"" target=""_blank"">@courr1227</a>",85,6,65.486,0.917,4,46,0,909.333,38.667,1,0.833
"<a href=""https://tiktok.com/@cp.eagdu"" target=""_blank"">@cp.eagdu</a>",3,9,61.647,0.933,3,26,0,3233,111.3,0.8,0.8
"<a href=""https://tiktok.com/@craig.harrell0"" target=""_blank"">@craig.harrell0</a>",3,8,49.418,0.941,9,76,0,1232.75,91.5,1.125,0.5
"<a href=""https://tiktok.com/@ctyd2156"" target=""_blank"">@ctyd2156</a>",52,4,52.5,0.75,1,6,0,1630.5,88.5,4.75,15.75
"<a href=""https://tiktok.com/@cuc.thu243"" target=""_blank"">@cuc.thu243</a>",72,6,52.417,0.865,4,30,0,12062.5,175.333,4,21.5
"<a href=""https://tiktok.com/@cute_queen7102"" target=""_blank"">@cute_queen7102</a>",136,12,52.738,0.897,3,33,0,4031.708,119.333,11.625,8.792
"<a href=""https://tiktok.com/@cx.b28"" target=""_blank"">@cx.b28</a>",46,7,58.167,1,2,15,0,2924.857,128.286,2.714,3.143
"<a href=""https://tiktok.com/@cxd.shd"" target=""_blank"">@cxd.shd</a>",72,7,66.639,0.938,4,35,0,6515,76.429,1.429,2.143
"<a href=""https://tiktok.com/@cymorervl98"" target=""_blank"">@cymorervl98</a>",31,4,57.181,1,5,33,0,319,8,0,0
"<a href=""https://tiktok.com/@darrell.breitenbe"" target=""_blank"">@darrell.breitenbe</a>",130,8,54.667,0.5,1,6,0,85956.875,3137.25,96.875,1992.5
"<a href=""https://tiktok.com/@david.muro37"" target=""_blank"">@david.muro37</a>",173,4,59.831,0.757,2,18,0,2030.667,209.5,8,15.167
"<a href=""https://tiktok.com/@dawnya_movie"" target=""_blank"">@dawnya_movie</a>",38,6,39.312,0.817,2,14,0,3341,61.667,1.5,3
"<a href=""https://tiktok.com/@dayutoureddit"" target=""_blank"">@dayutoureddit</a>",175,5,70.5,1,1,8,0,1364.143,99.571,1.429,1.286
"<a href=""https://tiktok.com/@debra.vukelic.do"" target=""_blank"">@debra.vukelic.do</a>",35,4,54.833,0.889,3,18,0,833.75,52.25,1.5,0
"<a href=""https://tiktok.com/@debran.oxonrp00"" target=""_blank"">@debran.oxonrp00</a>",50,7,78,0.833,1,6,0,2342.429,81,0.429,0.857
"<a href=""https://tiktok.com/@decker.slater"" target=""_blank"">@decker.slater</a>",131,8,55.321,0.792,2,13,0,42457.875,1153,97.125,390.125
"<a href=""https://tiktok.com/@deferedeedddf"" target=""_blank"">@deferedeedddf</a>",139,8,55.986,0.917,5,32,0,964.125,118.125,0.5,0.875
"<a href=""https://tiktok.com/@defouwcaddy"" target=""_blank"">@defouwcaddy</a>",158,3,64.167,0.875,2,12,0,326.667,32.333,0,0
"<a href=""https://tiktok.com/@dghhg372"" target=""_blank"">@dghhg372</a>",117,7,60.236,0.917,3,20,0,162936.429,10075.571,52.143,106.714
"<a href=""https://tiktok.com/@dguy8654"" target=""_blank"">@dguy8654</a>",5,8,44.5,0.917,2,14,0,2191,145.75,1.625,5.875
"<a href=""https://tiktok.com/@dhcfgggfhu"" target=""_blank"">@dhcfgggfhu</a>",139,8,56.898,0.955,8,80,0,699.333,90.111,0.333,3.111
"<a href=""https://tiktok.com/@dhhi6645"" target=""_blank"">@dhhi6645</a>",86,4,26,0.667,1,6,0,919.6,68.2,0.2,2.4
"<a href=""https://tiktok.com/@dhie1905"" target=""_blank"">@dhie1905</a>",81,11,9.545,1,1,11,0,893.833,57.417,0.167,0.667
"<a href=""https://tiktok.com/@dianaantoinette2000"" target=""_blank"">@dianaantoinette2000</a>",36,4,64.833,1,1,6,0,1805.286,114,1.714,0.286
"<a href=""https://tiktok.com/@dijx3903"" target=""_blank"">@dijx3903</a>",75,6,61.033,0.967,5,69,0,1453.5,59.5,0,0.167
"<a href=""https://tiktok.com/@djisks96"" target=""_blank"">@djisks96</a>",101,4,47.833,0.8,1,6,0,1447,54.5,4,2.75
"<a href=""https://tiktok.com/@djm9r"" target=""_blank"">@djm9r</a>",44,5,48.5,0.833,1,6,0,74584,2187,10,8.8
"<a href=""https://tiktok.com/@djsisidh"" target=""_blank"">@djsisidh</a>",40,4,35.167,1,1,6,0,1128.75,150.25,0.75,0.25
"<a href=""https://tiktok.com/@dkxeavlllf7"" target=""_blank"">@dkxeavlllf7</a>",32,4,53.276,0.967,5,31,0,502.25,15.25,0,0
"<a href=""https://tiktok.com/@douglasstuart0509"" target=""_blank"">@douglasstuart0509</a>",170,4,59.433,0.83,5,32,0,1442,45.5,0.5,0.5
"<a href=""https://tiktok.com/@drape.ivoe"" target=""_blank"">@drape.ivoe</a>",66,8,68.333,1,1,6,0,1428.625,188.25,2.75,4.875
"<a href=""https://tiktok.com/@drgd8391"" target=""_blank"">@drgd8391</a>",75,6,71.438,1,5,49,0,1253.667,140.167,1.333,1.333
"<a href=""https://tiktok.com/@dtbtcc8"" target=""_blank"">@dtbtcc8</a>",120,7,65.789,0.792,5,46,0,1250.143,42.857,0.143,0.429
"<a href=""https://tiktok.com/@dthh824"" target=""_blank"">@dthh824</a>",59,8,58.39,0.964,4,42,0,29375,382.75,68.25,83
"<a href=""https://tiktok.com/@duuff30"" target=""_blank"">@duuff30</a>",100,4,67.44,1,3,23,0,1355,71,0.5,1.25
"<a href=""https://tiktok.com/@dyxh0219"" target=""_blank"">@dyxh0219</a>",78,12,14.265,1,4,38,0,6186.167,105.417,0.583,1.083
"<a href=""https://tiktok.com/@dzkivaim4ea"" target=""_blank"">@dzkivaim4ea</a>",32,4,53.045,1,8,50,0,427.25,16.25,0,0.5
"<a href=""https://tiktok.com/@edithgriffith19594"" target=""_blank"">@edithgriffith19594</a>",22,6,50.889,0.917,2,18,0,2463.833,40.667,0,0.333
"<a href=""https://tiktok.com/@eexvnnooyy"" target=""_blank"">@eexvnnooyy</a>",139,3,90.25,0.775,2,12,0,1525.333,82,3.333,6.333
"<a href=""https://tiktok.com/@eiej4325"" target=""_blank"">@eiej4325</a>",75,3,65.333,0.917,4,33,0,683.333,47,1,0
"<a href=""https://tiktok.com/@ella7420"" target=""_blank"">@ella7420</a>",154,4,29,1,1,8,0,1936.5,30,1,1.5
"<a href=""https://tiktok.com/@emory.drawehj"" target=""_blank"">@emory.drawehj</a>",71,6,44.187,0.933,3,26,0,2446.429,64.714,2.286,0.571
"<a href=""https://tiktok.com/@eqmhqf"" target=""_blank"">@eqmhqf</a>",120,6,65.379,0.8,5,40,0,656,20,0,0.25
"<a href=""https://tiktok.com/@eqtpahxeftm"" target=""_blank"">@eqtpahxeftm</a>",32,4,52.914,0.938,8,49,0,555.75,19.5,0,1.25
"<a href=""https://tiktok.com/@ethan.carter.mitchell"" target=""_blank"">@ethan.carter.mitchell</a>",123,6,49.595,0.933,3,22,0,1189.5,35.5,2,7.333
"<a href=""https://tiktok.com/@evfdmzl"" target=""_blank"">@evfdmzl</a>",94,5,32.167,0.8,1,6,0,1826,85.8,2,0.2
"<a href=""https://tiktok.com/@evntft"" target=""_blank"">@evntft</a>",83,8,41.667,1,1,6,0,668.333,23.333,0.111,0.111
"<a href=""https://tiktok.com/@eyidk5"" target=""_blank"">@eyidk5</a>",117,6,71.167,0.75,1,6,0,953.333,74.333,1.167,0.667
"<a href=""https://tiktok.com/@eyvukpprejs"" target=""_blank"">@eyvukpprejs</a>",31,4,51.887,1,4,26,0,214,7,0,0
"<a href=""https://tiktok.com/@facaila22"" target=""_blank"">@facaila22</a>",56,3,60.333,0.75,2,12,0,1966,205.333,9.333,25.333
"<a href=""https://tiktok.com/@facailllll12138"" target=""_blank"">@facailllll12138</a>",110,3,45.167,0.75,2,12,0,1427.2,186.8,0.8,0.4
"<a href=""https://tiktok.com/@fafafafafafafacai"" target=""_blank"">@fafafafafafafacai</a>",110,3,48.5,0.875,2,12,0,1144,115.333,1,0
"<a href=""https://tiktok.com/@fassiogasch198"" target=""_blank"">@fassiogasch198</a>",166,4,32,1,1,8,0,414,9.25,0.25,0
"<a href=""https://tiktok.com/@fauy8466"" target=""_blank"">@fauy8466</a>",3,8,50.75,0.9,2,12,0,2691.75,110.75,2.625,0.625
"<a href=""https://tiktok.com/@fbgg2395"" target=""_blank"">@fbgg2395</a>",85,3,47.917,0.667,2,12,0,1010.667,43,0.667,0
"<a href=""https://tiktok.com/@fbnggg2"" target=""_blank"">@fbnggg2</a>",118,4,38.583,0.875,2,14,0,587884.25,24661.5,151.25,329.75
"<a href=""https://tiktok.com/@fcjjv86"" target=""_blank"">@fcjjv86</a>",9,8,68.984,0.907,6,55,0,7955.375,309.25,2.125,23.375
"<a href=""https://tiktok.com/@fcyvuryeoat"" target=""_blank"">@fcyvuryeoat</a>",32,3,57.75,1,2,12,0,462.5,14,0,0
"<a href=""https://tiktok.com/@fdrnbpulsfg"" target=""_blank"">@fdrnbpulsfg</a>",144,4,48.625,0.833,1,8,0,350,15.833,0.333,0.5
"<a href=""https://tiktok.com/@fdsfhj84"" target=""_blank"">@fdsfhj84</a>",145,3,60.917,0.775,2,15,0,581.333,37.667,0.333,0.333
"<a href=""https://tiktok.com/@fduic5"" target=""_blank"">@fduic5</a>",9,9,64.982,0.908,5,45,0,2396.444,78.111,0.778,3
"<a href=""https://tiktok.com/@ffhucs"" target=""_blank"">@ffhucs</a>",31,4,60.683,0.967,6,38,0,70.25,1.75,0,0
"<a href=""https://tiktok.com/@fgukxryf5ua"" target=""_blank"">@fgukxryf5ua</a>",33,4,54.437,0.944,6,38,0,141,4.5,0.25,0
"<a href=""https://tiktok.com/@fgvv752"" target=""_blank"">@fgvv752</a>",151,3,46.25,0.75,2,12,0,1948.333,101.333,0,12.667
"<a href=""https://tiktok.com/@fhcdtb"" target=""_blank"">@fhcdtb</a>",141,5,67.5,0.8,2,12,0,1393.143,93.714,2.571,2.143
"<a href=""https://tiktok.com/@fhcgocgo"" target=""_blank"">@fhcgocgo</a>",104,4,72.167,0.9,2,12,0,1059.5,58,0.5,0
"<a href=""https://tiktok.com/@fhda78402"" target=""_blank"">@fhda78402</a>",75,6,64.527,0.9,5,63,0,847.333,62.833,0.667,0.333
"<a href=""https://tiktok.com/@fhdjfjfj8"" target=""_blank"">@fhdjfjfj8</a>",26,4,40.333,1,1,6,0,845.75,44,2.75,1.25
"<a href=""https://tiktok.com/@fhfg2499"" target=""_blank"">@fhfg2499</a>",17,7,53.72,0.952,3,24,0,21008.714,463.714,7.286,3.857
"<a href=""https://tiktok.com/@fhge82"" target=""_blank"">@fhge82</a>",147,4,49.667,0.875,4,26,0,3545.25,71.75,0.25,2.75
"<a href=""https://tiktok.com/@fhgse42"" target=""_blank"">@fhgse42</a>",153,4,58.833,1,1,6,0,2242,53,1.75,0.25
"<a href=""https://tiktok.com/@fhkundshunk"" target=""_blank"">@fhkundshunk</a>",13,8,54.583,0.95,2,27,0,2303,49.625,2.625,1.625
"<a href=""https://tiktok.com/@fijgd50"" target=""_blank"">@fijgd50</a>",147,4,40.333,0.75,1,6,0,4611.25,118.5,34.25,1.5
"<a href=""https://tiktok.com/@fixthedrama"" target=""_blank"">@fixthedrama</a>",61,5,56,0.8,1,7,0,18288.4,79.6,3,0.8
"<a href=""https://tiktok.com/@fjggds0808"" target=""_blank"">@fjggds0808</a>",15,8,55,1,1,6,0,2710.5,193.75,1.875,8
"<a href=""https://tiktok.com/@fjgr86434"" target=""_blank"">@fjgr86434</a>",7,8,44.333,0.8,1,6,0,1920.556,93.333,2.444,4.778
"<a href=""https://tiktok.com/@fjgw35"" target=""_blank"">@fjgw35</a>",151,3,35,0.75,1,6,0,1970,196,11.667,6.333
"<a href=""https://tiktok.com/@fjhvh78"" target=""_blank"">@fjhvh78</a>",38,5,35.857,0.811,3,19,0,130467.833,5738.667,40,24.667
"<a href=""https://tiktok.com/@fjjgdvx"" target=""_blank"">@fjjgdvx</a>",12,7,54.095,0.897,3,22,0,2488.75,145,1.5,0.5
"<a href=""https://tiktok.com/@fjvfjk4"" target=""_blank"">@fjvfjk4</a>",17,9,57.611,0.967,5,45,0,7789.667,97.333,4.222,1
"<a href=""https://tiktok.com/@fjyukfjjf"" target=""_blank"">@fjyukfjjf</a>",46,5,52.333,1,1,6,0,6212.2,92,3.4,1
"<a href=""https://tiktok.com/@fkfdnd"" target=""_blank"">@fkfdnd</a>",43,8,59.167,0.938,2,14,0,1346.5,62,1.625,0.625
"<a href=""https://tiktok.com/@fkhfe5"" target=""_blank"">@fkhfe5</a>",148,4,51.083,0.75,2,12,0,1805.75,49.75,0,0.75
"<a href=""https://tiktok.com/@fkir2290"" target=""_blank"">@fkir2290</a>",85,5,71.215,0.95,5,50,0,875.8,85.6,0.4,0.2
"<a href=""https://tiktok.com/@flsosi5"" target=""_blank"">@flsosi5</a>",117,6,51.042,1,2,20,0,1594,104,1.667,1.833
"<a href=""https://tiktok.com/@fnnf8890"" target=""_blank"">@fnnf8890</a>",85,6,50.933,0.833,1,15,0,11963.5,108.167,0.5,1.833
"<a href=""https://tiktok.com/@fody.noachp"" target=""_blank"">@fody.noachp</a>",66,6,68.333,1,1,6,0,2159.667,86.667,1.167,1.167
"<a href=""https://tiktok.com/@forwardcode423"" target=""_blank"">@forwardcode423</a>",165,4,83.75,1,1,8,0,442.25,21,0,1
"<a href=""https://tiktok.com/@fsdgh41"" target=""_blank"">@fsdgh41</a>",148,4,79.5,0.8,1,6,0,2265.5,101.75,0.25,1
"<a href=""https://tiktok.com/@fsjoxkf"" target=""_blank"">@fsjoxkf</a>",3,8,63.75,0.875,1,8,0,2347.5,228.25,5.375,14.25
"<a href=""https://tiktok.com/@fteecfs"" target=""_blank"">@fteecfs</a>",89,3,32.333,0.8,1,6,0,2782.8,99.4,1,0.4
"<a href=""https://tiktok.com/@fuddg743"" target=""_blank"">@fuddg743</a>",6,8,55.143,0.857,1,7,0,3024.889,92.556,2,0.889
"<a href=""https://tiktok.com/@fughf21"" target=""_blank"">@fughf21</a>",1,8,53.474,0.893,7,69,0,1677.375,77.625,0.75,1.375
"<a href=""https://tiktok.com/@fugikg0"" target=""_blank"">@fugikg0</a>",31,4,59.389,1,3,18,0,639,29.5,0,0.5
"<a href=""https://tiktok.com/@fulknm"" target=""_blank"">@fulknm</a>",116,6,62,1,2,16,0,537.667,57.167,0.667,0.333
"<a href=""https://tiktok.com/@funnys318"" target=""_blank"">@funnys318</a>",170,4,46.542,1,6,48,0,460.25,21.25,0,0.25
"<a href=""https://tiktok.com/@fvbsiw"" target=""_blank"">@fvbsiw</a>",82,13,62.167,1,2,12,0,264.133,11.6,0.2,0
"<a href=""https://tiktok.com/@fxgumzmtbxj"" target=""_blank"">@fxgumzmtbxj</a>",32,4,57.083,0.972,6,36,0,344.5,8.5,0,0.25
"<a href=""https://tiktok.com/@g.in.cgn"" target=""_blank"">@g.in.cgn</a>",98,5,31.037,0.861,3,21,0,1593.4,155.8,0.6,0.2
"<a href=""https://tiktok.com/@gckcj4"" target=""_blank"">@gckcj4</a>",3,5,61.667,0.75,1,6,0,1679.167,81,0.667,0.833
"<a href=""https://tiktok.com/@gdfhh917"" target=""_blank"">@gdfhh917</a>",155,2,78.833,0.667,1,6,0,1072,21.5,0,0.5
"<a href=""https://tiktok.com/@gdijdgsh4"" target=""_blank"">@gdijdgsh4</a>",17,7,78.333,0.829,2,15,0,2775,178,1.429,3.429
"<a href=""https://tiktok.com/@gdjdi63"" target=""_blank"">@gdjdi63</a>",116,7,70.213,1,4,41,0,1155.714,91,0.714,0.286
"<a href=""https://tiktok.com/@gdjf6745"" target=""_blank"">@gdjf6745</a>",38,6,46.562,0.917,2,14,0,11477.333,58.5,2.667,2.667
"<a href=""https://tiktok.com/@gdkcofufn"" target=""_blank"">@gdkcofufn</a>",43,6,61.5,0.875,1,8,0,1468.667,116.333,2.167,10.667
"<a href=""https://tiktok.com/@gdsfgh15"" target=""_blank"">@gdsfgh15</a>",147,4,51.2,0.77,5,30,0,7507,126.75,0.75,0.5
"<a href=""https://tiktok.com/@gduaddit"" target=""_blank"">@gduaddit</a>",29,4,57,1,2,13,0,504.5,12.5,0,0.25
"<a href=""https://tiktok.com/@gduhx01"" target=""_blank"">@gduhx01</a>",9,7,49.598,0.885,6,50,0,3281.333,97.222,0.333,1.778
"<a href=""https://tiktok.com/@gdzvh1"" target=""_blank"">@gdzvh1</a>",145,3,41.444,1,3,24,0,546199.333,84883,296,13849
"<a href=""https://tiktok.com/@geifocve"" target=""_blank"">@geifocve</a>",17,9,49.09,0.969,4,35,0,2222.889,101.556,0.556,0.222
"<a href=""https://tiktok.com/@gesfhu1"" target=""_blank"">@gesfhu1</a>",156,2,22.833,0.75,1,6,0,393.5,41,0,0
"<a href=""https://tiktok.com/@geujcc"" target=""_blank"">@geujcc</a>",2,10,66.011,0.944,3,30,0,2570.8,102.5,6.3,8
"<a href=""https://tiktok.com/@gexlxyakfsiwn5"" target=""_blank"">@gexlxyakfsiwn5</a>",170,4,65.7,0.9,5,35,0,2125.75,29.25,0,0.25
"<a href=""https://tiktok.com/@gfvhj98"" target=""_blank"">@gfvhj98</a>",147,4,47.889,0.8,3,18,0,251,20,0.5,0.25
"<a href=""https://tiktok.com/@ghadir.tamadur.ba"" target=""_blank"">@ghadir.tamadur.ba</a>",124,6,53.571,0.889,1,14,0,859.667,52,3.5,15.167
"<a href=""https://tiktok.com/@gheoe8"" target=""_blank"">@gheoe8</a>",116,6,64.7,1,5,44,0,2407.333,113,1.333,0.833
"<a href=""https://tiktok.com/@ghfee48"" target=""_blank"">@ghfee48</a>",151,4,46.222,0.833,3,18,0,592.75,32.25,0,0.75
"<a href=""https://tiktok.com/@ghhj8554"" target=""_blank"">@ghhj8554</a>",75,4,61.958,0.917,4,38,0,1213,91.75,0.75,0.75
"<a href=""https://tiktok.com/@ghzdxbj"" target=""_blank"">@ghzdxbj</a>",139,10,62.101,0.853,4,41,0,2058.1,85.7,1.4,3.1
"<a href=""https://tiktok.com/@gisela.lipke"" target=""_blank"">@gisela.lipke</a>",2,9,51.191,0.9,8,75,0,4696.4,59.3,0.7,0.4
"<a href=""https://tiktok.com/@gitxt2"" target=""_blank"">@gitxt2</a>",65,4,62.833,0.8,1,6,0,1224.25,21.25,0.75,0
"<a href=""https://tiktok.com/@givi0331"" target=""_blank"">@givi0331</a>",79,5,57.043,1,3,35,0,978,81.2,0.2,2.2
"<a href=""https://tiktok.com/@gjfdd68"" target=""_blank"">@gjfdd68</a>",145,3,52.111,0.867,3,24,0,295,3.667,0,0
"<a href=""https://tiktok.com/@gjguq6894"" target=""_blank"">@gjguq6894</a>",85,6,71.917,0.917,4,33,0,1258.833,65.333,0.333,0.667
"<a href=""https://tiktok.com/@glye82199"" target=""_blank"">@glye82199</a>",78,12,26.311,1,4,40,0,1918.167,97,0.667,0.583
"<a href=""https://tiktok.com/@gmlkh98"" target=""_blank"">@gmlkh98</a>",38,4,53.5,0.825,4,24,0,2457.75,144.25,1,0
"<a href=""https://tiktok.com/@gns1528"" target=""_blank"">@gns1528</a>",153,3,55.333,1,1,6,0,8779,154.667,3,5
"<a href=""https://tiktok.com/@godjehtt.jj.101"" target=""_blank"">@godjehtt.jj.101</a>",64,4,51.714,1,1,7,0,1460,159.75,1.25,2
"<a href=""https://tiktok.com/@gohdr4367"" target=""_blank"">@gohdr4367</a>",88,5,47.195,0.906,5,43,0,3020.4,78.8,0.6,0
"<a href=""https://tiktok.com/@goisthillwig517"" target=""_blank"">@goisthillwig517</a>",164,4,46.25,1,1,8,0,143.75,5,0.5,0
"<a href=""https://tiktok.com/@gooj806"" target=""_blank"">@gooj806</a>",57,6,34.417,0.944,2,18,0,1370.5,66.167,0.5,2.5
"<a href=""https://tiktok.com/@gour2295"" target=""_blank"">@gour2295</a>",85,5,55.165,0.833,3,34,0,644.333,42.167,0.5,0.333
"<a href=""https://tiktok.com/@greatename466"" target=""_blank"">@greatename466</a>",166,4,32,1,1,8,0,271.5,14.75,0,1
"<a href=""https://tiktok.com/@grilofchina"" target=""_blank"">@grilofchina</a>",137,9,62.775,0.8,2,22,0,79.812,18.938,1.438,0.062
"<a href=""https://tiktok.com/@grry77768"" target=""_blank"">@grry77768</a>",68,4,57,0.75,1,6,0,3660.4,60.4,0.4,0.8
"<a href=""https://tiktok.com/@grsgh5"" target=""_blank"">@grsgh5</a>",151,4,39.722,0.833,3,18,0,832.25,59.25,1,0.25
"<a href=""https://tiktok.com/@gubwos"" target=""_blank"">@gubwos</a>",45,6,60.778,0.889,3,18,0,1817,119.167,1.5,1.667
"<a href=""https://tiktok.com/@gutieyy7"" target=""_blank"">@gutieyy7</a>",44,5,50.667,1,1,6,0,1454.2,107,0.8,2.4
"<a href=""https://tiktok.com/@gxiiff3"" target=""_blank"">@gxiiff3</a>",3,7,45.521,0.938,4,30,0,4758.286,232.714,1.143,3
"<a href=""https://tiktok.com/@gyczxdbk475"" target=""_blank"">@gyczxdbk475</a>",31,4,63.667,1,1,6,0,474,22,0,0
"<a href=""https://tiktok.com/@gysfh4"" target=""_blank"">@gysfh4</a>",117,7,67.636,0.857,1,11,0,2869.429,116,1,0.714
"<a href=""https://tiktok.com/@gytwptgwax1"" target=""_blank"">@gytwptgwax1</a>",32,4,56.133,0.933,5,30,0,240.5,12.25,0,0
"<a href=""https://tiktok.com/@gzd1hao"" target=""_blank"">@gzd1hao</a>",110,6,47.988,0.887,4,25,0,2843.333,156.333,1.667,0.833
"<a href=""https://tiktok.com/@gzd4hao"" target=""_blank"">@gzd4hao</a>",110,6,53.667,0.9,2,12,0,1281.333,154.167,0.833,0.167
"<a href=""https://tiktok.com/@hajhsh12"" target=""_blank"">@hajhsh12</a>",25,5,69.889,0.933,3,18,0,826.4,74.2,1.4,0.6
"<a href=""https://tiktok.com/@haoyun858"" target=""_blank"">@haoyun858</a>",111,6,57,1,1,6,0,3420.167,58.167,2.5,0.333
"<a href=""https://tiktok.com/@haoyun948"" target=""_blank"">@haoyun948</a>",111,6,57,1,1,6,0,1600.167,146.167,0.833,0.333
"<a href=""https://tiktok.com/@hbjoggv"" target=""_blank"">@hbjoggv</a>",26,4,40.333,1,1,6,0,543.75,27.75,0,0
"<a href=""https://tiktok.com/@hbvvf739"" target=""_blank"">@hbvvf739</a>",10,6,31,1,1,8,0,1581.125,51.125,0.25,0.5
"<a href=""https://tiktok.com/@hciiv26"" target=""_blank"">@hciiv26</a>",3,9,57.38,0.925,6,45,0,1682.111,127.778,2.111,1.556
"<a href=""https://tiktok.com/@hckcudh1"" target=""_blank"">@hckcudh1</a>",17,9,64.738,1,3,23,0,50808,1638.111,9.889,7.667
"<a href=""https://tiktok.com/@hckgovj"" target=""_blank"">@hckgovj</a>",17,8,54.738,0.944,3,27,0,2743.25,162.625,1,2
"<a href=""https://tiktok.com/@hcuccu156"" target=""_blank"">@hcuccu156</a>",151,4,59.028,0.833,3,20,0,2413.25,71.5,0.75,4.75
"<a href=""https://tiktok.com/@hddgjj79"" target=""_blank"">@hddgjj79</a>",145,6,38.456,0.87,5,42,0,2026.5,46.5,1.167,5
"<a href=""https://tiktok.com/@hddh6007"" target=""_blank"">@hddh6007</a>",155,4,8,1,1,6,0,748.25,93.25,1,2.25
"<a href=""https://tiktok.com/@hdhjvkgk"" target=""_blank"">@hdhjvkgk</a>",150,2,95.167,0.667,2,12,0,424.5,7.5,0,0
"<a href=""https://tiktok.com/@hdhxh3484"" target=""_blank"">@hdhxh3484</a>",9,8,43.769,0.84,5,41,0,2281.5,65.875,1.25,2.25
"<a href=""https://tiktok.com/@hdidkser0"" target=""_blank"">@hdidkser0</a>",46,6,64,1,1,9,0,998.833,56.333,0.5,1.667
"<a href=""https://tiktok.com/@hdifhg5"" target=""_blank"">@hdifhg5</a>",1,9,51.417,0.906,8,93,0,174706,6701.111,63.222,55.222
"<a href=""https://tiktok.com/@hdksp6389"" target=""_blank"">@hdksp6389</a>",98,5,41.085,0.917,3,22,0,1238.4,85.8,1.8,0.2
"<a href=""https://tiktok.com/@hdodjdb5"" target=""_blank"">@hdodjdb5</a>",2,7,53.744,0.865,9,71,0,2353.111,34.556,0.889,0.556
"<a href=""https://tiktok.com/@hdr86575"" target=""_blank"">@hdr86575</a>",8,6,25.429,0.8,1,7,0,1713.667,54.5,0.5,0.333
"<a href=""https://tiktok.com/@hds.hy"" target=""_blank"">@hds.hy</a>",104,3,73.167,0.8,1,6,0,1295,112.667,1,0
"<a href=""https://tiktok.com/@hdsgh57"" target=""_blank"">@hdsgh57</a>",147,3,57.833,0.75,1,6,0,3583.333,103.667,1.333,2.667
"<a href=""https://tiktok.com/@hdsy281"" target=""_blank"">@hdsy281</a>",148,4,48.056,0.917,3,22,0,4480,174.75,0,77.5
"<a href=""https://tiktok.com/@hdznm33"" target=""_blank"">@hdznm33</a>",147,4,42.75,0.817,6,38,0,801.5,51.75,0.5,4.25
"<a href=""https://tiktok.com/@heidiramos2"" target=""_blank"">@heidiramos2</a>",131,8,50.056,0.917,3,20,0,855.75,94,11.5,8
"<a href=""https://tiktok.com/@heidy.blancas"" target=""_blank"">@heidy.blancas</a>",42,5,45.833,1,1,6,0,1716.875,130.25,4.125,19.75
"<a href=""https://tiktok.com/@hejsjwnejsj"" target=""_blank"">@hejsjwnejsj</a>",140,4,56.667,1,1,6,0,803.5,85.5,1,1
"<a href=""https://tiktok.com/@hfdgk09"" target=""_blank"">@hfdgk09</a>",146,3,59,0.667,1,6,0,49828.333,1517.667,5.333,8
"<a href=""https://tiktok.com/@hfstil3"" target=""_blank"">@hfstil3</a>",117,7,70.881,1,4,33,0,7470,246.714,5.286,1.429
"<a href=""https://tiktok.com/@hggsjdjd"" target=""_blank"">@hggsjdjd</a>",125,3,50.333,0.667,1,6,0,819.667,31,1.333,3.333
"<a href=""https://tiktok.com/@hgidsi"" target=""_blank"">@hgidsi</a>",88,4,58.92,0.9,5,42,0,1129.75,109.75,0,0
"<a href=""https://tiktok.com/@hhdhuwp"" target=""_blank"">@hhdhuwp</a>",83,7,41.667,1,1,6,0,305.375,11,0.125,0
"<a href=""https://tiktok.com/@hhregg52"" target=""_blank"">@hhregg52</a>",148,4,55.9,0.9,5,36,0,500,35.5,0,0
"<a href=""https://tiktok.com/@hi.pnct"" target=""_blank"">@hi.pnct</a>",25,5,55.75,0.9,2,12,0,442,13.6,0,0
"<a href=""https://tiktok.com/@hidouo"" target=""_blank"">@hidouo</a>",120,5,68.86,0.597,3,27,0,1077.714,45.571,0.143,0.571
"<a href=""https://tiktok.com/@hkmdrr"" target=""_blank"">@hkmdrr</a>",118,3,57.833,0.75,2,12,0,346,16.667,1,0
"<a href=""https://tiktok.com/@hltuoq"" target=""_blank"">@hltuoq</a>",120,8,60.671,0.906,4,48,0,500.5,17.875,0,0.25
"<a href=""https://tiktok.com/@hmauxknlcct"" target=""_blank"">@hmauxknlcct</a>",32,4,57.782,0.976,7,44,0,410,10,0,1
"<a href=""https://tiktok.com/@hnfr33"" target=""_blank"">@hnfr33</a>",150,2,78.389,0.694,3,18,0,770.5,75.5,0,0
"<a href=""https://tiktok.com/@hofkst5"" target=""_blank"">@hofkst5</a>",155,2,25.667,1,1,6,0,10551.5,191,2,4
"<a href=""https://tiktok.com/@hojdmc"" target=""_blank"">@hojdmc</a>",73,12,19.083,0.931,4,138,0,1011.417,122.083,1.083,0.5
"<a href=""https://tiktok.com/@housn103"" target=""_blank"">@housn103</a>",2,10,53.055,0.949,10,101,0,1595.9,31.9,0.5,0.1
"<a href=""https://tiktok.com/@hpcfh"" target=""_blank"">@hpcfh</a>",45,6,54.016,1,3,19,0,1205.333,94.833,0.667,0.833
"<a href=""https://tiktok.com/@hq12151718"" target=""_blank"">@hq12151718</a>",148,4,46.903,0.967,6,46,0,3463,94,0.75,0.25
"<a href=""https://tiktok.com/@hrdgj17"" target=""_blank"">@hrdgj17</a>",150,5,67.259,0.692,4,27,0,848.4,59,0,1.4
"<a href=""https://tiktok.com/@hsbshzu0"" target=""_blank"">@hsbshzu0</a>",105,3,44.333,0.8,1,6,0,886.333,65.667,0.667,0.333
"<a href=""https://tiktok.com/@hslvsaux95k"" target=""_blank"">@hslvsaux95k</a>",33,4,53.145,1,6,40,0,275.25,10.5,0,0
"<a href=""https://tiktok.com/@htdgji05"" target=""_blank"">@htdgji05</a>",147,3,28.25,0.9,2,12,0,672.667,7,0,0.667
"<a href=""https://tiktok.com/@hubbxmphamzhfs"" target=""_blank"">@hubbxmphamzhfs</a>",56,4,56.667,0.767,3,18,0,752.5,26.25,1.75,1.75
"<a href=""https://tiktok.com/@huff797"" target=""_blank"">@huff797</a>",24,7,57.722,0.833,2,15,0,1315.429,41.714,0.286,0.143
"<a href=""https://tiktok.com/@huggettguziec195"" target=""_blank"">@huggettguziec195</a>",168,4,61.643,1,2,15,0,297.75,16.75,0,0
"<a href=""https://tiktok.com/@hulili45"" target=""_blank"">@hulili45</a>",155,3,37.786,0.833,7,42,0,2574.333,78.667,0.667,4.333
"<a href=""https://tiktok.com/@hullen.nguyen"" target=""_blank"">@hullen.nguyen</a>",3,9,58.906,0.875,4,34,0,116552.444,4915.889,23,50.111
"<a href=""https://tiktok.com/@huohuo110"" target=""_blank"">@huohuo110</a>",112,4,58.125,1,1,8,0,2613.8,222.6,2,0.2
"<a href=""https://tiktok.com/@hurrryu"" target=""_blank"">@hurrryu</a>",116,6,63.75,1,2,16,0,2485.714,87,0.429,2.857
"<a href=""https://tiktok.com/@hvoykvagyy"" target=""_blank"">@hvoykvagyy</a>",122,3,66.714,1,1,7,0,342.167,18.333,3.333,1.833
"<a href=""https://tiktok.com/@hwvrok"" target=""_blank"">@hwvrok</a>",91,6,32.625,1,2,16,0,2778.5,67.167,0.667,0.667
"<a href=""https://tiktok.com/@hydfhj70"" target=""_blank"">@hydfhj70</a>",145,2,33.833,0.75,2,12,0,1155,90,8.5,0.5
"<a href=""https://tiktok.com/@hydu454"" target=""_blank"">@hydu454</a>",153,4,57.083,1,2,12,0,117.25,2,0,0
"<a href=""https://tiktok.com/@hylioooyyy"" target=""_blank"">@hylioooyyy</a>",28,4,66.429,1,1,7,0,472.25,13.75,0,0
"<a href=""https://tiktok.com/@hzjsjs897"" target=""_blank"">@hzjsjs897</a>",105,4,44.333,0.8,1,6,0,1741.5,226.5,1.5,0.25
"<a href=""https://tiktok.com/@idgc38"" target=""_blank"">@idgc38</a>",10,4,31,1,1,8,0,1261,47.111,1.111,0.444
"<a href=""https://tiktok.com/@idhd139"" target=""_blank"">@idhd139</a>",3,9,70.464,0.889,8,53,0,1329.4,96.1,1.2,0.4
"<a href=""https://tiktok.com/@ididu034"" target=""_blank"">@ididu034</a>",45,8,61.905,0.944,3,19,0,1535,94.625,0.875,1.375
"<a href=""https://tiktok.com/@idpeoc"" target=""_blank"">@idpeoc</a>",120,8,71.673,0.85,6,66,0,960,28.25,0,0.25
"<a href=""https://tiktok.com/@idsfgj2"" target=""_blank"">@idsfgj2</a>",149,3,31.5,1,1,6,0,1118.333,77.333,0.333,0.333
"<a href=""https://tiktok.com/@iffhkk0"" target=""_blank"">@iffhkk0</a>",151,4,76,0.75,1,6,0,7102.25,84.5,1.5,8
"<a href=""https://tiktok.com/@ifrt2705"" target=""_blank"">@ifrt2705</a>",77,7,7.714,1,1,7,0,1454.545,59.636,0.727,0.273
"<a href=""https://tiktok.com/@ignacio.stark"" target=""_blank"">@ignacio.stark</a>",131,8,53.526,0.944,3,25,0,6879.125,507.375,33.5,68.125
"<a href=""https://tiktok.com/@ihihgi1"" target=""_blank"">@ihihgi1</a>",2,7,55.324,0.98,10,77,0,1435.714,29.571,0.286,0.143
"<a href=""https://tiktok.com/@ilges.estelwei"" target=""_blank"">@ilges.estelwei</a>",71,7,48.682,1,4,35,0,8228.286,189.429,7,6.857
"<a href=""https://tiktok.com/@iltrukikr"" target=""_blank"">@iltrukikr</a>",148,4,69.017,0.86,5,34,0,961.25,94,0.5,0
"<a href=""https://tiktok.com/@immanuel.dominik"" target=""_blank"">@immanuel.dominik</a>",50,7,78,0.833,1,6,0,753.714,29.286,0.714,0
"<a href=""https://tiktok.com/@irdc042"" target=""_blank"">@irdc042</a>",1,8,55.611,0.89,10,89,0,2937.375,212,0.75,1.875
"<a href=""https://tiktok.com/@isce0690"" target=""_blank"">@isce0690</a>",79,5,50.5,1,2,26,0,1316.6,85.2,0.2,0.4
"<a href=""https://tiktok.com/@isgsjdj0"" target=""_blank"">@isgsjdj0</a>",117,7,68,1,2,16,0,2686.571,161.571,2.286,1
"<a href=""https://tiktok.com/@itsstj2"" target=""_blank"">@itsstj2</a>",116,6,74.619,1,3,23,0,779.5,57.5,0.833,0.167
"<a href=""https://tiktok.com/@jajsjsn56"" target=""_blank"">@jajsjsn56</a>",59,6,61.925,0.838,3,28,0,1506.833,57.333,1,1.667
"<a href=""https://tiktok.com/@jana.french"" target=""_blank"">@jana.french</a>",19,7,66.091,0.857,1,11,0,3081.143,186.143,3.714,0.714
"<a href=""https://tiktok.com/@javion.yang"" target=""_blank"">@javion.yang</a>",131,7,68.155,0.817,2,13,0,8782,647.571,48,182.286
"<a href=""https://tiktok.com/@jckfjd.bff"" target=""_blank"">@jckfjd.bff</a>",17,10,57.126,0.899,7,51,0,199790,9429.3,44.6,70.1
"<a href=""https://tiktok.com/@jdjsbs94"" target=""_blank"">@jdjsbs94</a>",102,5,58.667,1,1,9,0,1594.6,51.6,1.6,0.6
"<a href=""https://tiktok.com/@jdkckcj2"" target=""_blank"">@jdkckcj2</a>",4,10,65.383,0.825,2,21,0,18936.1,274.1,3,5.5
"<a href=""https://tiktok.com/@jdododh5"" target=""_blank"">@jdododh5</a>",3,6,57.667,1,1,6,0,1341,63,0.667,1
"<a href=""https://tiktok.com/@jdpxorjf"" target=""_blank"">@jdpxorjf</a>",1,8,56.556,0.875,4,29,0,1087.75,139.625,0.5,0.25
"<a href=""https://tiktok.com/@jebrt.keehg"" target=""_blank"">@jebrt.keehg</a>",67,8,53.545,1,1,11,0,1379.875,68.5,0.75,3.25
"<a href=""https://tiktok.com/@jehrhhdkd"" target=""_blank"">@jehrhhdkd</a>",139,7,32.929,0.917,2,14,0,3045.286,132.286,0.429,1.143
"<a href=""https://tiktok.com/@jelejeh1"" target=""_blank"">@jelejeh1</a>",117,6,66.67,1,4,31,0,1095.667,89.333,0.667,0.833
"<a href=""https://tiktok.com/@jetnzto8i7"" target=""_blank"">@jetnzto8i7</a>",62,2,46.667,0.75,1,6,0,387.5,15,0,0
"<a href=""https://tiktok.com/@jfdd653"" target=""_blank"">@jfdd653</a>",8,6,25.429,0.8,1,7,0,1453.5,65.333,1.5,1.5
"<a href=""https://tiktok.com/@jfdd888"" target=""_blank"">@jfdd888</a>",5,9,56.984,0.905,3,26,0,3965.667,136,3.111,5.889
"<a href=""https://tiktok.com/@jfkovj5"" target=""_blank"">@jfkovj5</a>",1,9,53.675,0.926,8,84,0,1879.889,169.222,2.222,7.111
"<a href=""https://tiktok.com/@jiejielove0001"" target=""_blank"">@jiejielove0001</a>",168,4,73.286,1,1,7,0,723.25,36.25,0,2
"<a href=""https://tiktok.com/@jiejielovetao518"" target=""_blank"">@jiejielovetao518</a>",167,4,33,0.8,1,6,0,581.25,47.25,0.25,0.25
"<a href=""https://tiktok.com/@jjjdzotzkpi"" target=""_blank"">@jjjdzotzkpi</a>",35,4,73.25,1,2,14,0,145.25,1.5,0,0
"<a href=""https://tiktok.com/@jkakbbvgg"" target=""_blank"">@jkakbbvgg</a>",28,4,66.429,1,1,7,0,1075.75,127,0.5,2.5
"<a href=""https://tiktok.com/@jkiffikj"" target=""_blank"">@jkiffikj</a>",6,5,55.143,0.857,1,7,0,1556.167,173.167,0.167,3.667
"<a href=""https://tiktok.com/@jkuy0534"" target=""_blank"">@jkuy0534</a>",75,6,74.225,0.95,4,46,0,707.333,97.833,0.667,1.667
"<a href=""https://tiktok.com/@joannafelton0801"" target=""_blank"">@joannafelton0801</a>",170,4,42.31,0.933,6,43,0,202.75,2.5,0,0
"<a href=""https://tiktok.com/@joycecody"" target=""_blank"">@joycecody</a>",88,3,47.833,0.75,1,6,0,1491.333,30.667,0,0.667
"<a href=""https://tiktok.com/@jsjsjksmsmsk"" target=""_blank"">@jsjsjksmsmsk</a>",139,3,85.833,0.8,1,6,0,2687.333,21.333,0.333,0.667
"<a href=""https://tiktok.com/@jsosjxj8"" target=""_blank"">@jsosjxj8</a>",1,10,53.342,0.896,8,79,0,4402.7,172.5,2.6,21
"<a href=""https://tiktok.com/@jspdhd4"" target=""_blank"">@jspdhd4</a>",42,3,45.833,1,1,6,0,1344.667,71.667,0.667,4.667
"<a href=""https://tiktok.com/@jspsns3"" target=""_blank"">@jspsns3</a>",116,6,65.625,1,2,16,0,81543,3190.167,8.333,80.5
"<a href=""https://tiktok.com/@jtcytxyzey"" target=""_blank"">@jtcytxyzey</a>",1,7,56.802,0.952,3,24,0,1121,89.143,1.571,0.429
"<a href=""https://tiktok.com/@jtusetej2i7"" target=""_blank"">@jtusetej2i7</a>",35,4,59.567,0.933,5,32,0,183.5,4.25,0,0
"<a href=""https://tiktok.com/@juliosalazar229"" target=""_blank"">@juliosalazar229</a>",71,7,58.934,0.95,4,30,0,6643.143,142.429,4.286,14.857
"<a href=""https://tiktok.com/@jvhb240"" target=""_blank"">@jvhb240</a>",59,7,57.727,0.833,3,26,0,1950.857,60,1.571,2.571
"<a href=""https://tiktok.com/@jvtvc3"" target=""_blank"">@jvtvc3</a>",57,10,67.542,0.856,4,51,0,1502.9,72.8,0.8,1.4
"<a href=""https://tiktok.com/@jxfjv98"" target=""_blank"">@jxfjv98</a>",18,4,38.333,0.75,1,6,0,1180.143,82.714,1,1.143
"<a href=""https://tiktok.com/@kate396112"" target=""_blank"">@kate396112</a>",15,6,55,1,1,6,0,5073.667,156.5,1.833,0.667
"<a href=""https://tiktok.com/@katherinewhite19606"" target=""_blank"">@katherinewhite19606</a>",23,6,55.333,0.875,1,9,0,3201.5,72.333,1.667,5
"<a href=""https://tiktok.com/@kbpsjd"" target=""_blank"">@kbpsjd</a>",45,7,61.588,0.958,4,27,0,1586.429,133.571,1.429,0.429
"<a href=""https://tiktok.com/@kcdcbdohhqd"" target=""_blank"">@kcdcbdohhqd</a>",31,4,60.762,1,3,20,0,211.5,2,0,0
"<a href=""https://tiktok.com/@kdvluvvd5k6"" target=""_blank"">@kdvluvvd5k6</a>",31,4,56.214,1,5,33,0,395,10.75,0,0
"<a href=""https://tiktok.com/@kdywnty"" target=""_blank"">@kdywnty</a>",95,6,35.188,1,2,16,0,9364.167,239.333,2.667,2.5
"<a href=""https://tiktok.com/@key57173"" target=""_blank"">@key57173</a>",155,2,28.5,0.75,1,6,0,964,104.5,0,2
"<a href=""https://tiktok.com/@kfuda4"" target=""_blank"">@kfuda4</a>",134,7,58.333,0.9,2,14,0,1438.143,77.571,1.429,6.429
"<a href=""https://tiktok.com/@kfusj3"" target=""_blank"">@kfusj3</a>",40,6,35.167,1,1,6,0,1369.429,212.429,2.286,3.429
"<a href=""https://tiktok.com/@khanh.dao61"" target=""_blank"">@khanh.dao61</a>",58,4,53,0.833,2,17,0,1450,65.5,1,2.25
"<a href=""https://tiktok.com/@kjuq5904"" target=""_blank"">@kjuq5904</a>",75,5,60.75,0.917,4,33,0,1131.8,75.8,0.6,0.4
"<a href=""https://tiktok.com/@knl39aprh6"" target=""_blank"">@knl39aprh6</a>",143,18,17.27,0.967,4,63,0,603.579,3.316,0.053,0.105
"<a href=""https://tiktok.com/@krug011"" target=""_blank"">@krug011</a>",1,8,53,0.79,3,23,0,2511,159.75,1.5,1.25
"<a href=""https://tiktok.com/@kubjij"" target=""_blank"">@kubjij</a>",73,12,21.568,0.946,4,138,0,982.583,140.167,0.917,0.917
"<a href=""https://tiktok.com/@kubri_queen"" target=""_blank"">@kubri_queen</a>",161,5,90,0.6,1,11,0,1793.8,79.6,5.6,2.8
"<a href=""https://tiktok.com/@kusdum4"" target=""_blank"">@kusdum4</a>",155,2,55,1,1,6,0,376,43,0,0
"<a href=""https://tiktok.com/@kwmrus"" target=""_blank"">@kwmrus</a>",84,6,58.333,1,1,6,0,2070.333,34.833,8.667,0.167
"<a href=""https://tiktok.com/@labib.zain.hajjar"" target=""_blank"">@labib.zain.hajjar</a>",123,3,53.222,0.917,3,21,0,3590.333,47.333,1.333,6
"<a href=""https://tiktok.com/@lancg9200"" target=""_blank"">@lancg9200</a>",93,6,79,1,1,6,0,836.667,126,0.667,0.833
"<a href=""https://tiktok.com/@landscape5670"" target=""_blank"">@landscape5670</a>",11,9,64.637,0.811,6,47,0,2754.444,175.667,1.222,0.889
"<a href=""https://tiktok.com/@langhuamediaus.fgvrfn"" target=""_blank"">@langhuamediaus.fgvrfn</a>",170,4,48.948,0.958,6,45,0,750.75,45.5,0.25,0
"<a href=""https://tiktok.com/@lanora.haskely"" target=""_blank"">@lanora.haskely</a>",71,6,51.611,1,2,18,0,2150.833,105.833,2.167,11.167
"<a href=""https://tiktok.com/@latifnusrahshamon"" target=""_blank"">@latifnusrahshamon</a>",122,5,52.979,0.9,2,17,0,658.6,37.2,2.4,6.2
"<a href=""https://tiktok.com/@lawgray3"" target=""_blank"">@lawgray3</a>",57,8,50.978,0.944,6,70,0,1475.375,60.75,0.125,0.375
"<a href=""https://tiktok.com/@lenafunk0628"" target=""_blank"">@lenafunk0628</a>",170,4,57.573,0.975,8,60,0,314.75,1.75,0,0
"<a href=""https://tiktok.com/@lettietownsend19701"" target=""_blank"">@lettietownsend19701</a>",35,4,59.48,0.952,7,43,0,401,10.25,0.25,0
"<a href=""https://tiktok.com/@level.tritz"" target=""_blank"">@level.tritz</a>",157,3,65.167,1,1,6,0,279,9.667,0,0
"<a href=""https://tiktok.com/@lhqitc"" target=""_blank"">@lhqitc</a>",120,8,63.41,0.75,2,17,0,791.75,27,0.125,0.375
"<a href=""https://tiktok.com/@liaojiuyu"" target=""_blank"">@liaojiuyu</a>",88,6,73.192,0.737,6,46,0,1688.167,46.667,1.333,0.333
"<a href=""https://tiktok.com/@lin689668987"" target=""_blank"">@lin689668987</a>",13,8,66.367,0.929,2,22,0,1575.125,51.5,1.625,0.875
"<a href=""https://tiktok.com/@liuxiaoliu52"" target=""_blank"">@liuxiaoliu52</a>",53,4,46.714,0.6,1,7,0,1428.25,87.75,4.25,8
"<a href=""https://tiktok.com/@lizzieperkins19631"" target=""_blank"">@lizzieperkins19631</a>",33,4,53.909,0.911,6,43,0,148.5,1.25,0,0
"<a href=""https://tiktok.com/@ljpjvh"" target=""_blank"">@ljpjvh</a>",91,5,24.3,1,2,18,0,1513.4,63.6,1,0.4
"<a href=""https://tiktok.com/@lnppoe"" target=""_blank"">@lnppoe</a>",115,11,68.333,0.944,2,41,0,26443.636,393,19.545,20.455
"<a href=""https://tiktok.com/@lnteresting_world"" target=""_blank"">@lnteresting_world</a>",170,4,56.028,0.933,3,21,0,799.75,38,1.25,0
"<a href=""https://tiktok.com/@lodqmnrx247"" target=""_blank"">@lodqmnrx247</a>",35,4,70.417,1,2,12,0,235.5,12,0,0
"<a href=""https://tiktok.com/@lojzsviu"" target=""_blank"">@lojzsviu</a>",25,6,44.5,1,1,6,0,980,76.833,0.167,0.333
"<a href=""https://tiktok.com/@long.arpin"" target=""_blank"">@long.arpin</a>",16,8,52.833,1,1,6,0,2750.5,212,3.25,5.875
"<a href=""https://tiktok.com/@lrefjjk2688"" target=""_blank"">@lrefjjk2688</a>",174,5,56.667,1,1,6,0,1465.4,189.8,3,8.2
"<a href=""https://tiktok.com/@lucas.parker.carter"" target=""_blank"">@lucas.parker.carter</a>",123,2,58.5,1,1,6,0,821,33.667,0.333,3.667
"<a href=""https://tiktok.com/@ludwin.keith"" target=""_blank"">@ludwin.keith</a>",127,3,56.956,0.88,5,43,0,297050.667,14054.333,509,9192.667
"<a href=""https://tiktok.com/@luensmanntuma245"" target=""_blank"">@luensmanntuma245</a>",168,4,50,1,1,8,0,139.25,3.5,0,0
"<a href=""https://tiktok.com/@luggyi"" target=""_blank"">@luggyi</a>",41,4,66.333,0.8,1,6,0,1462,37.4,0.4,0.4
"<a href=""https://tiktok.com/@luqrbn2"" target=""_blank"">@luqrbn2</a>",84,9,79.854,1,2,14,0,718.111,18.111,2.778,0
"<a href=""https://tiktok.com/@lwandiswamsithini"" target=""_blank"">@lwandiswamsithini</a>",51,7,36.333,0.667,1,6,0,2321.143,63.429,1.143,2.143
"<a href=""https://tiktok.com/@lxjjc"" target=""_blank"">@lxjjc</a>",9,4,84.286,1,1,7,0,1464.286,44.714,0.714,11.571
"<a href=""https://tiktok.com/@lzozi3"" target=""_blank"">@lzozi3</a>",117,7,63.693,0.929,2,19,0,66360.714,2085.286,11,12.571
"<a href=""https://tiktok.com/@mabelphelps2002"" target=""_blank"">@mabelphelps2002</a>",22,5,40.5,1,1,6,0,2246.2,33.4,0,0.8
"<a href=""https://tiktok.com/@maemeg7"" target=""_blank"">@maemeg7</a>",90,4,32.333,1,1,6,0,1212.5,76.75,1,0.5
"<a href=""https://tiktok.com/@mahasawatzke"" target=""_blank"">@mahasawatzke</a>",41,3,66.333,0.8,1,6,0,1532,121,2.167,0.667
"<a href=""https://tiktok.com/@manbazili"" target=""_blank"">@manbazili</a>",126,4,55.667,0.8,1,6,0,418.25,14.25,1.5,1
"<a href=""https://tiktok.com/@marilynperez20007"" target=""_blank"">@marilynperez20007</a>",23,6,31.167,1,1,6,0,2250.714,72,0.429,5
"<a href=""https://tiktok.com/@maryreynolds112"" target=""_blank"">@maryreynolds112</a>",17,10,54.105,1,6,53,0,4549.9,120.6,3.3,0.8
"<a href=""https://tiktok.com/@mdmdkkdndnrn"" target=""_blank"">@mdmdkkdndnrn</a>",139,8,32.286,0.833,1,7,0,2067,114.889,1.222,1.667
"<a href=""https://tiktok.com/@meggie.y"" target=""_blank"">@meggie.y</a>",97,4,43.143,0.833,1,7,0,944.75,33.5,0,0.25
"<a href=""https://tiktok.com/@mgallaudio"" target=""_blank"">@mgallaudio</a>",143,14,21.338,0.982,4,52,0,336.143,2,0.071,0
"<a href=""https://tiktok.com/@mgallsharring"" target=""_blank"">@mgallsharring</a>",143,18,22.909,0.986,4,66,0,522.684,4.158,0,0.316
"<a href=""https://tiktok.com/@midnightfy68"" target=""_blank"">@midnightfy68</a>",47,5,52.833,0.8,1,6,0,5043,54.8,1.2,4.8
"<a href=""https://tiktok.com/@mira.paxton"" target=""_blank"">@mira.paxton</a>",127,3,63.024,0.95,4,32,0,230.333,6.333,0.667,4
"<a href=""https://tiktok.com/@mjbwysq6"" target=""_blank"">@mjbwysq6</a>",87,4,26.167,0.8,1,6,0,3085.2,66.6,1.6,0
"<a href=""https://tiktok.com/@mkkmqqn6"" target=""_blank"">@mkkmqqn6</a>",82,7,66.667,1,1,6,0,1305.571,27.143,8.714,0.429
"<a href=""https://tiktok.com/@mlyeejyn"" target=""_blank"">@mlyeejyn</a>",139,10,43.927,0.908,4,51,0,1210.3,124.3,1.4,1.6
"<a href=""https://tiktok.com/@mnoojt"" target=""_blank"">@mnoojt</a>",119,6,54.625,1,2,21,0,321,11.833,0,0.5
"<a href=""https://tiktok.com/@moderngril5"" target=""_blank"">@moderngril5</a>",137,7,65.091,0.833,1,11,0,246.733,55.467,10.467,0.2
"<a href=""https://tiktok.com/@modernofuk"" target=""_blank"">@modernofuk</a>",138,5,80.75,0.75,1,8,0,62,19.6,1.9,0
"<a href=""https://tiktok.com/@mtbevdcxpq1"" target=""_blank"">@mtbevdcxpq1</a>",132,6,50.226,0.817,2,13,0,1411.625,59,2,7.5
"<a href=""https://tiktok.com/@mvbdanqi"" target=""_blank"">@mvbdanqi</a>",110,5,46.278,0.85,3,18,0,1328.4,157.6,0.8,0.6
"<a href=""https://tiktok.com/@nafi.rajab.guirgu"" target=""_blank"">@nafi.rajab.guirgu</a>",121,4,79,1,1,6,0,870,46.833,2.333,11.5
"<a href=""https://tiktok.com/@nash.bramwell4"" target=""_blank"">@nash.bramwell4</a>",127,3,50.167,0.9,2,18,0,396.667,14,1,4.333
"<a href=""https://tiktok.com/@nbhonghong5"" target=""_blank"">@nbhonghong5</a>",110,4,50.286,0.8,1,7,0,1139.5,73.5,1,0.75
"<a href=""https://tiktok.com/@ncsfo3287"" target=""_blank"">@ncsfo3287</a>",100,5,45.778,0.933,3,22,0,1019.2,61.8,0.4,0
"<a href=""https://tiktok.com/@nfjsk12"" target=""_blank"">@nfjsk12</a>",118,4,57.75,0.875,2,14,0,1493.25,100.75,1.25,1
"<a href=""https://tiktok.com/@nhi.vo585"" target=""_blank"">@nhi.vo585</a>",58,7,51.006,0.861,2,18,0,2496.429,66.286,0.286,2.286
"<a href=""https://tiktok.com/@nhiem.ha07"" target=""_blank"">@nhiem.ha07</a>",56,2,62.5,0.75,1,6,0,808.5,31.5,0.5,2
"<a href=""https://tiktok.com/@nhienchau41"" target=""_blank"">@nhienchau41</a>",58,6,61.172,0.833,3,27,0,6105.5,54.5,1.333,0.333
"<a href=""https://tiktok.com/@nhllos8"" target=""_blank"">@nhllos8</a>",90,4,32.333,1,1,6,0,13958.2,546.8,6.8,5.4
"<a href=""https://tiktok.com/@nidaye81"" target=""_blank"">@nidaye81</a>",88,3,36.714,0.833,1,7,0,1098.667,62.333,0.667,0.333
"<a href=""https://tiktok.com/@nikebimm0445"" target=""_blank"">@nikebimm0445</a>",169,4,47,0.75,1,6,0,194.5,6.5,0,0.25
"<a href=""https://tiktok.com/@nkddaram"" target=""_blank"">@nkddaram</a>",139,7,47.375,0.857,1,8,0,1949.778,110.444,1.444,3
"<a href=""https://tiktok.com/@nlogbdd"" target=""_blank"">@nlogbdd</a>",38,3,59.667,1,1,6,0,3613,221.333,1.333,1.333
"<a href=""https://tiktok.com/@nmokuqxn"" target=""_blank"">@nmokuqxn</a>",36,5,64.833,1,1,6,0,1177.125,63.5,0.625,0.125
"<a href=""https://tiktok.com/@nquvwpsdcj4"" target=""_blank"">@nquvwpsdcj4</a>",32,4,66.667,0.944,3,18,0,290,9.5,0,0
"<a href=""https://tiktok.com/@nrmqmi"" target=""_blank"">@nrmqmi</a>",84,8,101.375,1,1,8,0,1916,17.875,15.125,0
"<a href=""https://tiktok.com/@nwxjeiffefk"" target=""_blank"">@nwxjeiffefk</a>",31,4,57.186,1,5,33,0,264.75,8.25,0,0
"<a href=""https://tiktok.com/@nxpsa4288"" target=""_blank"">@nxpsa4288</a>",98,6,34.556,0.75,3,18,0,889.167,46.167,0.333,0
"<a href=""https://tiktok.com/@oaisg2"" target=""_blank"">@oaisg2</a>",117,6,50.694,1,3,28,0,7085.5,161.667,7.667,0.667
"<a href=""https://tiktok.com/@objlhmtjemu"" target=""_blank"">@objlhmtjemu</a>",119,6,54.767,0.95,4,41,0,828.5,47.125,0.125,1
"<a href=""https://tiktok.com/@odokskjsjh"" target=""_blank"">@odokskjsjh</a>",139,6,57.389,0.958,4,32,0,1001.667,82.5,2.333,2
"<a href=""https://tiktok.com/@oh.geigeigei"" target=""_blank"">@oh.geigeigei</a>",110,2,52.167,1,1,6,0,825.667,61.333,1.667,0.333
"<a href=""https://tiktok.com/@ohchocx"" target=""_blank"">@ohchocx</a>",27,4,64.429,1,1,7,0,1632.5,99,0,0
"<a href=""https://tiktok.com/@okay11732"" target=""_blank"">@okay11732</a>",75,6,71.101,0.944,6,55,0,1602.667,65.333,0,0.333
"<a href=""https://tiktok.com/@olivia.ava.davis"" target=""_blank"">@olivia.ava.davis</a>",123,3,47.286,0.8,1,7,0,826.667,25.333,1,4.333
"<a href=""https://tiktok.com/@oljclk"" target=""_blank"">@oljclk</a>",91,6,24.425,1,2,18,0,1209.833,21.167,1.667,0.167
"<a href=""https://tiktok.com/@opgse4909"" target=""_blank"">@opgse4909</a>",99,4,50.167,0.75,1,6,0,1418.75,193.5,0,0.75
"<a href=""https://tiktok.com/@oqfdryvt9x4"" target=""_blank"">@oqfdryvt9x4</a>",31,4,46.905,0.944,3,20,0,611,37,0.25,0.25
"<a href=""https://tiktok.com/@osbourne.dominiak"" target=""_blank"">@osbourne.dominiak</a>",157,3,65.167,1,1,6,0,53.667,0.667,0,0
"<a href=""https://tiktok.com/@oshasg"" target=""_blank"">@oshasg</a>",116,5,77.083,1,3,24,0,741.571,54.714,1,0.143
"<a href=""https://tiktok.com/@osiel.louis"" target=""_blank"">@osiel.louis</a>",39,3,27.833,0.75,1,6,0,1350.2,53.2,0.4,0.2
"<a href=""https://tiktok.com/@osudgiwy1"" target=""_blank"">@osudgiwy1</a>",128,3,23.667,1,1,9,0,825.667,39,1,9.667
"<a href=""https://tiktok.com/@osvel.rolsea"" target=""_blank"">@osvel.rolsea</a>",92,5,46.5,1,1,8,0,790.4,21.8,0,0
"<a href=""https://tiktok.com/@owuhwh"" target=""_blank"">@owuhwh</a>",117,7,73.471,0.917,3,30,0,53524.714,3542.143,8.714,20.571
"<a href=""https://tiktok.com/@oxkops7"" target=""_blank"">@oxkops7</a>",94,5,97.5,0.75,1,6,0,1028.6,26,1.6,0.2
"<a href=""https://tiktok.com/@oyoizqmhr9"" target=""_blank"">@oyoizqmhr9</a>",62,3,41.786,0.9,2,13,0,217,5.333,0,0
"<a href=""https://tiktok.com/@p1h5akf"" target=""_blank"">@p1h5akf</a>",132,6,54.286,0.833,1,7,0,1319.5,193,24.5,42.333
"<a href=""https://tiktok.com/@pain.gum.going"" target=""_blank"">@pain.gum.going</a>",34,4,67.833,0.8,1,6,0,302.75,4.5,0,0
"<a href=""https://tiktok.com/@palatalongwith"" target=""_blank"">@palatalongwith</a>",108,5,55.56,1,2,13,0,1233.4,45,0.6,0.2
"<a href=""https://tiktok.com/@pbpktw"" target=""_blank"">@pbpktw</a>",120,8,65.982,0.931,6,71,0,309.125,8.25,0,0
"<a href=""https://tiktok.com/@pdilul"" target=""_blank"">@pdilul</a>",106,6,17.75,1,1,8,0,1479,75.333,0.5,0
"<a href=""https://tiktok.com/@phong.ngoc76"" target=""_blank"">@phong.ngoc76</a>",72,7,54.847,0.958,4,34,0,2349.857,49,1.714,2.143
"<a href=""https://tiktok.com/@pjk3357"" target=""_blank"">@pjk3357</a>",69,5,63.25,1,1,8,0,2228.4,96.8,1.2,1.6
"<a href=""https://tiktok.com/@prtnr8"" target=""_blank"">@prtnr8</a>",44,4,58.333,0.8,1,6,0,2018.167,135,0.833,6.833
"<a href=""https://tiktok.com/@puhrra"" target=""_blank"">@puhrra</a>",120,8,58.057,0.881,4,49,0,315,9.25,0.125,0.25
"<a href=""https://tiktok.com/@puja.singh272"" target=""_blank"">@puja.singh272</a>",92,4,27.667,0.75,1,6,0,3117.2,47,0,0
"<a href=""https://tiktok.com/@purnialesh45"" target=""_blank"">@purnialesh45</a>",70,6,39.979,0.844,2,17,0,2575,92.667,1,2.167
"<a href=""https://tiktok.com/@qdcieh"" target=""_blank"">@qdcieh</a>",73,12,19.44,0.96,4,138,0,892.083,52.25,0.25,0
"<a href=""https://tiktok.com/@qingwtfs358"" target=""_blank"">@qingwtfs358</a>",174,6,56.667,1,1,6,0,1709.286,179.714,4.143,10
"<a href=""https://tiktok.com/@qorusfio"" target=""_blank"">@qorusfio</a>",129,3,56.286,0.8,1,7,0,782,31.667,2,23
"<a href=""https://tiktok.com/@qtwkkghy0ol"" target=""_blank"">@qtwkkghy0ol</a>",31,3,56.5,1,1,6,0,207,5.667,0.333,0
"<a href=""https://tiktok.com/@quincyshop08"" target=""_blank"">@quincyshop08</a>",1,8,52.344,0.922,8,67,0,1087.625,72.875,0.75,0.125
"<a href=""https://tiktok.com/@qzdiavzx4db"" target=""_blank"">@qzdiavzx4db</a>",30,4,45.333,1,1,6,0,310.5,6.25,0,0
"<a href=""https://tiktok.com/@raggags.kajah"" target=""_blank"">@raggags.kajah</a>",88,5,56.734,0.865,5,48,0,159.6,4.4,0.4,0
"<a href=""https://tiktok.com/@rapfqsrfsqr"" target=""_blank"">@rapfqsrfsqr</a>",32,4,61.619,0.967,6,39,0,108,2.75,0,0
"<a href=""https://tiktok.com/@reading1130"" target=""_blank"">@reading1130</a>",24,5,42.167,0.9,2,14,0,871.6,27.6,0,0
"<a href=""https://tiktok.com/@reddit55549"" target=""_blank"">@reddit55549</a>",69,4,63.25,1,1,8,0,1222.167,71.667,0.167,0
"<a href=""https://tiktok.com/@reddit_grayson99"" target=""_blank"">@reddit_grayson99</a>",73,11,19.278,0.986,4,129,0,943,95.273,0.182,0.091
"<a href=""https://tiktok.com/@reddit_ignatius8"" target=""_blank"">@reddit_ignatius8</a>",115,9,49.667,0.944,2,42,0,4554.5,90.083,7.333,7.417
"<a href=""https://tiktok.com/@reddittext48"" target=""_blank"">@reddittext48</a>",20,7,67.5,0.833,1,6,0,1739.556,56.444,0.333,0.889
"<a href=""https://tiktok.com/@redidgbxozg6"" target=""_blank"">@redidgbxozg6</a>",122,3,56.286,0.9,2,14,0,165.2,9.6,1.2,0.8
"<a href=""https://tiktok.com/@refine74"" target=""_blank"">@refine74</a>",106,4,17.75,1,1,8,0,1886,162.75,0.75,0.75
"<a href=""https://tiktok.com/@reush5"" target=""_blank"">@reush5</a>",151,4,79.167,0.833,3,18,0,2102,59.75,0.5,0.25
"<a href=""https://tiktok.com/@rgyts7"" target=""_blank"">@rgyts7</a>",117,4,83.75,1,1,8,0,3635.2,217,1.8,1.8
"<a href=""https://tiktok.com/@righgtf.7.187"" target=""_blank"">@righgtf.7.187</a>",64,4,49.25,1,1,8,0,1291.5,103.25,0.5,0.75
"<a href=""https://tiktok.com/@ritamorrison1961"" target=""_blank"">@ritamorrison1961</a>",23,7,43.25,0.938,2,15,0,1368.857,32.714,0.857,5.286
"<a href=""https://tiktok.com/@rohingyao"" target=""_blank"">@rohingyao</a>",11,10,62.582,0.882,6,59,0,1710.9,114.5,2.1,0.8
"<a href=""https://tiktok.com/@rosacasey65"" target=""_blank"">@rosacasey65</a>",43,5,56.833,1,1,6,0,1639.6,96.2,2.2,0.4
"<a href=""https://tiktok.com/@rtikb3"" target=""_blank"">@rtikb3</a>",117,7,67.283,0.917,3,27,0,15209.143,547,13.714,3.857
"<a href=""https://tiktok.com/@rtwgui"" target=""_blank"">@rtwgui</a>",119,8,44.133,0.952,3,33,0,521.875,27.375,0.25,1.25
"<a href=""https://tiktok.com/@rubin.mervy8"" target=""_blank"">@rubin.mervy8</a>",57,7,63.283,0.937,6,59,0,1410.875,51.125,1.125,1.875
"<a href=""https://tiktok.com/@rust04104"" target=""_blank"">@rust04104</a>",78,11,14.136,1,4,38,0,1929.818,117.909,0.091,0.364
"<a href=""https://tiktok.com/@ryllskaya.reddit"" target=""_blank"">@ryllskaya.reddit</a>",37,3,23.333,0.75,1,6,0,1384.667,176.333,3.333,0.333
"<a href=""https://tiktok.com/@sameerah.tare"" target=""_blank"">@sameerah.tare</a>",107,4,22.333,0.75,1,6,0,1178.75,62.25,2,0
"<a href=""https://tiktok.com/@saniyah.rafidah.k"" target=""_blank"">@saniyah.rafidah.k</a>",124,5,53.571,0.889,1,14,0,831,79.4,4.4,9.6
"<a href=""https://tiktok.com/@sasapco"" target=""_blank"">@sasapco</a>",11,8,51.912,0.87,5,38,0,1601.4,162.2,1.4,0.4
"<a href=""https://tiktok.com/@satsyou"" target=""_blank"">@satsyou</a>",12,5,47.75,0.917,2,14,0,14578.25,313.25,4.125,2.375
"<a href=""https://tiktok.com/@schcy24"" target=""_blank"">@schcy24</a>",38,5,37.944,0.794,3,18,0,1581.8,82.4,1,0.2
"<a href=""https://tiktok.com/@sdsdyou"" target=""_blank"">@sdsdyou</a>",11,10,67.889,0.866,2,17,0,3892.9,190.6,2.1,0.5
"<a href=""https://tiktok.com/@segji2"" target=""_blank"">@segji2</a>",117,7,62.198,1,3,28,0,2854.429,151.571,2.571,3.857
"<a href=""https://tiktok.com/@seile.rian"" target=""_blank"">@seile.rian</a>",57,7,53.058,0.979,6,59,0,1336.143,32.857,2.143,5.429
"<a href=""https://tiktok.com/@sfagnd"" target=""_blank"">@sfagnd</a>",117,7,59.783,1,5,45,0,1942,107.286,3.143,0.857
"<a href=""https://tiktok.com/@shallownuckoles51"" target=""_blank"">@shallownuckoles51</a>",169,3,47,0.75,1,6,0,612.333,20.333,1.667,0.333
"<a href=""https://tiktok.com/@sharleen.howard"" target=""_blank"">@sharleen.howard</a>",9,10,71.515,0.942,5,52,0,2207.6,185.9,2.9,10.3
"<a href=""https://tiktok.com/@shbsdd2"" target=""_blank"">@shbsdd2</a>",115,9,57.333,1,2,35,0,11987,292.091,29.182,27.636
"<a href=""https://tiktok.com/@shgdhgwtu2577"" target=""_blank"">@shgdhgwtu2577</a>",172,6,56.857,1,1,7,0,2035.857,163.857,6.429,13.857
"<a href=""https://tiktok.com/@shotewg"" target=""_blank"">@shotewg</a>",11,10,62.502,0.862,7,57,0,1753.9,84.9,2.9,2
"<a href=""https://tiktok.com/@sijh37"" target=""_blank"">@sijh37</a>",57,2,74.5,0.667,1,6,0,3050,88.25,1.25,0.75
"<a href=""https://tiktok.com/@siordiysmbs"" target=""_blank"">@siordiysmbs</a>",35,4,58.46,0.944,3,20,0,427.5,17.5,0,1
"<a href=""https://tiktok.com/@snoshsj"" target=""_blank"">@snoshsj</a>",101,4,47.833,0.8,1,6,0,957.75,62.25,0.25,0.25
"<a href=""https://tiktok.com/@speakingspeak.464"" target=""_blank"">@speakingspeak.464</a>",165,4,83.75,1,1,8,0,346.5,17,0,0.25
"<a href=""https://tiktok.com/@sqifhw"" target=""_blank"">@sqifhw</a>",120,6,60.54,0.952,3,41,0,281.25,10.375,0.125,0.125
"<a href=""https://tiktok.com/@steven.garrison13"" target=""_blank"">@steven.garrison13</a>",3,8,56.168,0.829,7,52,0,1527.9,57.6,0.7,1.2
"<a href=""https://tiktok.com/@stien.lindag"" target=""_blank"">@stien.lindag</a>",68,5,57,0.75,1,6,0,1338.8,123,0.4,1.8
"<a href=""https://tiktok.com/@stoyouh"" target=""_blank"">@stoyouh</a>",11,10,58.081,0.815,6,62,0,1300.7,88.6,2.3,2.6
"<a href=""https://tiktok.com/@stvhfhj"" target=""_blank"">@stvhfhj</a>",12,6,58.321,0.833,2,13,0,3875.286,157.143,3.429,9.286
"<a href=""https://tiktok.com/@summer.king331"" target=""_blank"">@summer.king331</a>",127,3,51.877,0.9,4,34,0,344,10.333,1,0
"<a href=""https://tiktok.com/@sun.lilym"" target=""_blank"">@sun.lilym</a>",70,5,53.73,0.822,3,22,0,7921.857,260.286,34.286,146.429
"<a href=""https://tiktok.com/@sush0240"" target=""_blank"">@sush0240</a>",77,7,7.714,1,1,7,0,727.25,34.375,0.125,0.125
"<a href=""https://tiktok.com/@svjssh"" target=""_blank"">@svjssh</a>",103,3,52.333,0.75,1,6,0,1798,74.333,0.333,0
"<a href=""https://tiktok.com/@sweethear182"" target=""_blank"">@sweethear182</a>",56,4,38.167,0.8,1,6,0,1064,67.25,1.5,6
"<a href=""https://tiktok.com/@syedacherry0"" target=""_blank"">@syedacherry0</a>",2,10,52.922,0.902,10,90,0,1300.1,50.7,1.2,1.1
"<a href=""https://tiktok.com/@syic2117"" target=""_blank"">@syic2117</a>",78,11,21.029,1,4,38,0,2211,90.917,0.417,0.417
"<a href=""https://tiktok.com/@taotao1000448"" target=""_blank"">@taotao1000448</a>",167,4,33,0.8,1,6,0,90.5,2.25,0.25,0
"<a href=""https://tiktok.com/@taotao100086465"" target=""_blank"">@taotao100086465</a>",164,4,46.25,1,1,8,0,137.75,2.75,0,0
"<a href=""https://tiktok.com/@tdfhj07"" target=""_blank"">@tdfhj07</a>",150,3,62.741,0.722,6,39,0,2134,37.333,0,0.333
"<a href=""https://tiktok.com/@tdgrrdd.z.37"" target=""_blank"">@tdgrrdd.z.37</a>",64,4,50.482,1,2,15,0,2037.25,128,0.75,0.75
"<a href=""https://tiktok.com/@tdiifhr"" target=""_blank"">@tdiifhr</a>",17,9,47.714,1,1,7,0,219430.444,9647.889,45.667,40.778
"<a href=""https://tiktok.com/@tduuugwt"" target=""_blank"">@tduuugwt</a>",3,4,67,1,1,7,0,1945.833,116.667,0.667,6.167
"<a href=""https://tiktok.com/@tenbr.boozapp"" target=""_blank"">@tenbr.boozapp</a>",71,4,59,1,1,7,0,1718.8,45.2,0.8,8.8
"<a href=""https://tiktok.com/@terrihopkins19677"" target=""_blank"">@terrihopkins19677</a>",33,3,46.667,0.8,1,6,0,131,2,0,0
"<a href=""https://tiktok.com/@tessh95"" target=""_blank"">@tessh95</a>",116,7,57.891,1,3,34,0,2015.857,123.857,0.286,3.143
"<a href=""https://tiktok.com/@texts178"" target=""_blank"">@texts178</a>",11,4,47.667,0.75,1,6,0,3112.2,150,2.8,0.4
"<a href=""https://tiktok.com/@tfozhsed7xz"" target=""_blank"">@tfozhsed7xz</a>",31,4,62.333,1,3,18,0,310.25,13,0.25,0
"<a href=""https://tiktok.com/@thanh.dngp"" target=""_blank"">@thanh.dngp</a>",67,8,53.545,1,1,11,0,4778.125,97.5,1.375,9.375
"<a href=""https://tiktok.com/@the.sshamarfan"" target=""_blank"">@the.sshamarfan</a>",56,4,51.333,0.75,1,6,0,1497.75,72.5,3.25,9
"<a href=""https://tiktok.com/@thuc.nguyen2010"" target=""_blank"">@thuc.nguyen2010</a>",58,11,62.986,0.963,3,34,0,1823.364,70.636,1.091,0.909
"<a href=""https://tiktok.com/@tiffany.c..irvin"" target=""_blank"">@tiffany.c..irvin</a>",121,4,40.444,0.8,1,9,0,830.333,17.167,0.667,4.5
"<a href=""https://tiktok.com/@tijf9855"" target=""_blank"">@tijf9855</a>",76,11,12.182,1,2,22,0,1293,61.636,0.545,0.636
"<a href=""https://tiktok.com/@tim.david10"" target=""_blank"">@tim.david10</a>",113,5,37.167,0.75,1,6,0,2305.4,152.6,5.4,8.2
"<a href=""https://tiktok.com/@tinkom97"" target=""_blank"">@tinkom97</a>",33,4,49.469,1,5,33,0,169.5,3.25,0,0.25
"<a href=""https://tiktok.com/@tkre891"" target=""_blank"">@tkre891</a>",149,4,31.5,1,1,6,0,436.25,27.5,0.25,0.5
"<a href=""https://tiktok.com/@toxicity.idiotic"" target=""_blank"">@toxicity.idiotic</a>",108,3,52.833,0.9,2,12,0,1159,42,1.333,0
"<a href=""https://tiktok.com/@tpei5986"" target=""_blank"">@tpei5986</a>",52,4,52.5,0.75,1,6,0,2208.75,170.5,5.25,34.25
"<a href=""https://tiktok.com/@tptk02426yr"" target=""_blank"">@tptk02426yr</a>",143,17,22.75,0.971,4,63,0,445.471,1.471,0,0
"<a href=""https://tiktok.com/@tqhyxljd6w8"" target=""_blank"">@tqhyxljd6w8</a>",32,4,52.705,0.967,5,31,0,144,1.75,0,0
"<a href=""https://tiktok.com/@trendwave766"" target=""_blank"">@trendwave766</a>",109,5,49.667,0.833,1,6,0,16082.667,72,1.333,0.667
"<a href=""https://tiktok.com/@trjjffj"" target=""_blank"">@trjjffj</a>",125,3,66.571,0.8,1,7,0,873.6,30,2.6,4.8
"<a href=""https://tiktok.com/@tsbhehhehs"" target=""_blank"">@tsbhehhehs</a>",114,8,52.401,0.833,4,28,0,1213.75,13.667,0.167,4.333
"<a href=""https://tiktok.com/@tsdgu3"" target=""_blank"">@tsdgu3</a>",151,4,39.028,0.833,3,20,0,194.75,3.25,0.5,0
"<a href=""https://tiktok.com/@tsdhj01"" target=""_blank"">@tsdhj01</a>",146,3,63.333,1,1,9,0,994,59,0,3.667
"<a href=""https://tiktok.com/@tsxhj6"" target=""_blank"">@tsxhj6</a>",146,6,61.167,0.833,2,15,0,363.167,11.833,0.667,0
"<a href=""https://tiktok.com/@tug35587"" target=""_blank"">@tug35587</a>",116,7,55.079,1,3,33,0,2256.143,169.143,1.143,2.857
"<a href=""https://tiktok.com/@tugx2917"" target=""_blank"">@tugx2917</a>",79,5,60.821,1,3,35,0,625.4,42.2,0.6,0.2
"<a href=""https://tiktok.com/@twkg9813"" target=""_blank"">@twkg9813</a>",75,3,90.833,0.833,2,15,0,409,24.667,0.333,0.333
"<a href=""https://tiktok.com/@twodgcjq"" target=""_blank"">@twodgcjq</a>",128,3,23.667,1,1,9,0,772.667,35.5,1.167,7
"<a href=""https://tiktok.com/@twvs4521"" target=""_blank"">@twvs4521</a>",75,3,51.889,1,3,27,0,416.667,19.667,1.333,0
"<a href=""https://tiktok.com/@ty.rshjfs2799"" target=""_blank"">@ty.rshjfs2799</a>",173,3,63.286,0.9,2,13,0,2718.6,257.8,21.4,50.4
"<a href=""https://tiktok.com/@tzifqmxp8jx"" target=""_blank"">@tzifqmxp8jx</a>",35,4,57.333,0.833,1,6,0,447,15.5,0,0
"<a href=""https://tiktok.com/@u2co59sux3"" target=""_blank"">@u2co59sux3</a>",62,3,44.214,0.9,2,13,0,720.333,12.333,0,0.333
"<a href=""https://tiktok.com/@uahbobsb8iz"" target=""_blank"">@uahbobsb8iz</a>",34,4,67.833,0.8,1,6,0,340.5,7.5,0,0
"<a href=""https://tiktok.com/@ubf084006c"" target=""_blank"">@ubf084006c</a>",2,10,55.565,0.947,9,80,0,1849.6,50.5,1,0.8
"<a href=""https://tiktok.com/@ubfrdhuy.578.39"" target=""_blank"">@ubfrdhuy.578.39</a>",63,4,39.667,1,1,6,0,1826.25,110.75,1.25,0.25
"<a href=""https://tiktok.com/@ubhutfrx"" target=""_blank"">@ubhutfrx</a>",1,9,57.842,0.903,8,72,0,1039,95.111,1,1.222
"<a href=""https://tiktok.com/@ucdrmh"" target=""_blank"">@ucdrmh</a>",119,6,51.8,0.952,3,33,0,646.75,32.375,0,0.625
"<a href=""https://tiktok.com/@ufy468"" target=""_blank"">@ufy468</a>",152,4,29,1,1,8,0,613.25,54.25,0.75,0.5
"<a href=""https://tiktok.com/@ugikbk4"" target=""_blank"">@ugikbk4</a>",29,4,55.75,1,2,13,0,368.75,12.75,0.75,0
"<a href=""https://tiktok.com/@ugvkfcuv0w9"" target=""_blank"">@ugvkfcuv0w9</a>",35,4,55.744,0.875,4,25,0,323.25,12.5,0,0
"<a href=""https://tiktok.com/@uiavao.bskvai"" target=""_blank"">@uiavao.bskvai</a>",44,7,52.5,0.878,3,18,0,1360.429,100.714,0.286,1
"<a href=""https://tiktok.com/@uosnatiahwk"" target=""_blank"">@uosnatiahwk</a>",2,10,55.973,0.951,12,102,0,1698.8,45.1,0.6,1.2
"<a href=""https://tiktok.com/@uraf9163"" target=""_blank"">@uraf9163</a>",76,11,13.591,1,2,22,0,802.091,53.273,0.364,0.636
"<a href=""https://tiktok.com/@urdu9708"" target=""_blank"">@urdu9708</a>",85,3,54.714,0.65,3,20,0,972.6,53,0,0.8
"<a href=""https://tiktok.com/@user1045942439949"" target=""_blank"">@user1045942439949</a>",17,10,53,1,2,16,0,11310,429.3,2.9,2.8
"<a href=""https://tiktok.com/@user1203613923425"" target=""_blank"">@user1203613923425</a>",21,8,46.544,1,5,36,0,3216.25,69.625,1.625,5
"<a href=""https://tiktok.com/@user12390941773567"" target=""_blank"">@user12390941773567</a>",133,3,68.679,0.8,2,13,0,724,26.333,0.667,0.167
"<a href=""https://tiktok.com/@user12885549245813"" target=""_blank"">@user12885549245813</a>",140,5,56.667,1,1,6,0,3144.6,132.2,0.4,2
"<a href=""https://tiktok.com/@user1433469988696"" target=""_blank"">@user1433469988696</a>",139,9,44.979,0.849,4,49,0,3928.333,70.222,0.444,1.556
"<a href=""https://tiktok.com/@user1475024996266"" target=""_blank"">@user1475024996266</a>",163,3,60.5,0.667,1,6,0,1366.333,47.333,0,0.667
"<a href=""https://tiktok.com/@user152435261681"" target=""_blank"">@user152435261681</a>",148,4,53.222,0.767,3,18,0,1075,75,2.25,3
"<a href=""https://tiktok.com/@user16909390140293"" target=""_blank"">@user16909390140293</a>",13,11,60.117,0.879,2,25,0,1022.833,17.417,0,0.167
"<a href=""https://tiktok.com/@user17916819551"" target=""_blank"">@user17916819551</a>",170,4,47.233,0.92,5,36,0,103,0.5,0,0
"<a href=""https://tiktok.com/@user190472852374"" target=""_blank"">@user190472852374</a>",2,5,56.889,0.783,3,18,0,1282.333,40,0.167,0.167
"<a href=""https://tiktok.com/@user19468614708518"" target=""_blank"">@user19468614708518</a>",21,7,79.347,0.95,4,31,0,2185.625,67.5,1.75,9.875
"<a href=""https://tiktok.com/@user2201058539802"" target=""_blank"">@user2201058539802</a>",17,7,46.032,0.897,3,23,0,2024.571,131.429,0.857,0.429
"<a href=""https://tiktok.com/@user2373614982470"" target=""_blank"">@user2373614982470</a>",133,6,61.679,0.9,2,15,0,3378.833,36.167,1,12.667
"<a href=""https://tiktok.com/@user2558157487113"" target=""_blank"">@user2558157487113</a>",114,11,51.087,0.9,2,16,0,4329.455,34.455,0.273,0.909
"<a href=""https://tiktok.com/@user2810315813972"" target=""_blank"">@user2810315813972</a>",45,7,66.875,1,1,8,0,2962.286,123.143,1.429,3
"<a href=""https://tiktok.com/@user2903556969068"" target=""_blank"">@user2903556969068</a>",21,5,52.655,0.878,3,21,0,2474.4,59.6,0.6,3.4
"<a href=""https://tiktok.com/@user2920462956526"" target=""_blank"">@user2920462956526</a>",21,7,52.15,0.86,5,34,0,2902.125,64,0.5,3.875
"<a href=""https://tiktok.com/@user3036161758508"" target=""_blank"">@user3036161758508</a>",151,4,99.917,0.75,2,12,0,460,21.75,0,0.5
"<a href=""https://tiktok.com/@user31313825076752"" target=""_blank"">@user31313825076752</a>",17,9,51.754,0.811,3,25,0,9520.778,286.222,5.222,15.333
"<a href=""https://tiktok.com/@user3154950400581"" target=""_blank"">@user3154950400581</a>",45,5,54.167,1,1,6,0,2359.2,113,0.8,0
"<a href=""https://tiktok.com/@user33539405804153"" target=""_blank"">@user33539405804153</a>",154,4,29,1,1,8,0,5017,96.25,0.25,1
"<a href=""https://tiktok.com/@user3436197788624"" target=""_blank"">@user3436197788624</a>",57,8,76.893,0.838,2,28,0,1387.5,77.25,0.625,2.875
"<a href=""https://tiktok.com/@user365125024608"" target=""_blank"">@user365125024608</a>",147,3,39.556,0.783,3,18,0,871.333,52.333,1,0
"<a href=""https://tiktok.com/@user386963311513"" target=""_blank"">@user386963311513</a>",21,7,48.391,0.846,8,59,0,2106.429,43.571,0.429,1.571
"<a href=""https://tiktok.com/@user3923265470"" target=""_blank"">@user3923265470</a>",88,3,63.393,0.381,2,13,0,1016.667,24.333,0,0
"<a href=""https://tiktok.com/@user41067558498182"" target=""_blank"">@user41067558498182</a>",139,9,63.376,0.976,3,31,0,1226.556,83.667,0.333,0.889
"<a href=""https://tiktok.com/@user4148379047616"" target=""_blank"">@user4148379047616</a>",37,6,23.333,0.75,1,6,0,972.167,88.5,0.333,0.167
"<a href=""https://tiktok.com/@user41777245086503"" target=""_blank"">@user41777245086503</a>",162,2,31,0.667,1,6,0,5907.667,38.333,0,1.667
"<a href=""https://tiktok.com/@user4473161544200"" target=""_blank"">@user4473161544200</a>",139,6,34.817,0.933,3,19,0,1151,144,0.333,1.333
"<a href=""https://tiktok.com/@user4503602472244"" target=""_blank"">@user4503602472244</a>",22,8,54.958,0.933,3,22,0,2059.25,36.75,0.25,0.625
"<a href=""https://tiktok.com/@user4816167612537"" target=""_blank"">@user4816167612537</a>",114,6,63.714,0.75,1,7,0,1769.143,18.571,0,0.429
"<a href=""https://tiktok.com/@user5081724703508"" target=""_blank"">@user5081724703508</a>",148,4,55.55,1,5,40,0,894.5,49.75,0.75,3.75
"<a href=""https://tiktok.com/@user5626060056906"" target=""_blank"">@user5626060056906</a>",1,7,52.333,0.866,11,87,0,1440.571,128.143,1.143,0.714
"<a href=""https://tiktok.com/@user5628638664"" target=""_blank"">@user5628638664</a>",108,4,56.56,0.9,2,13,0,1574,71.5,1.5,0.25
"<a href=""https://tiktok.com/@user5831942911597"" target=""_blank"">@user5831942911597</a>",152,4,29,1,1,8,0,7478.75,192.75,0,3.5
"<a href=""https://tiktok.com/@user5856382575116"" target=""_blank"">@user5856382575116</a>",175,5,70.5,1,1,8,0,1494.6,87.4,1,0.2
"<a href=""https://tiktok.com/@user59478597350542"" target=""_blank"">@user59478597350542</a>",38,4,35.5,1,1,6,0,1436.75,82.5,1,0
"<a href=""https://tiktok.com/@user612958049219"" target=""_blank"">@user612958049219</a>",148,4,45.375,1,2,16,0,196,18.25,0,0.25
"<a href=""https://tiktok.com/@user6168144540470"" target=""_blank"">@user6168144540470</a>",150,5,59.634,0.752,7,48,0,3329.2,22.2,0,2.6
"<a href=""https://tiktok.com/@user6186701630842"" target=""_blank"">@user6186701630842</a>",21,5,65.286,1,1,7,0,1573.8,47.4,0.4,1.8
"<a href=""https://tiktok.com/@user6193818865154"" target=""_blank"">@user6193818865154</a>",173,7,63.545,0.857,2,17,0,55933.714,4563.429,120.143,250.714
"<a href=""https://tiktok.com/@user65533709618068"" target=""_blank"">@user65533709618068</a>",5,8,60.821,0.857,2,17,0,3832.111,70.222,1.667,1.778
"<a href=""https://tiktok.com/@user6758753838000"" target=""_blank"">@user6758753838000</a>",148,4,57.125,1,2,16,0,631,48.5,1,1
"<a href=""https://tiktok.com/@user6812280201318"" target=""_blank"">@user6812280201318</a>",139,10,70.736,0.786,3,20,0,996.083,61.417,0.333,1.083
"<a href=""https://tiktok.com/@user6922385284275"" target=""_blank"">@user6922385284275</a>",1,7,42.208,0.804,4,31,0,5048.571,119.286,0.571,0.714
"<a href=""https://tiktok.com/@user7080026610324"" target=""_blank"">@user7080026610324</a>",45,6,51.381,0.944,3,19,0,3170.333,143.667,3.167,4.5
"<a href=""https://tiktok.com/@user7160948086077"" target=""_blank"">@user7160948086077</a>",162,3,31,0.667,1,6,0,4795.333,98.333,0.333,1
"<a href=""https://tiktok.com/@user7166160034825"" target=""_blank"">@user7166160034825</a>",21,8,55.84,0.883,7,53,0,3016.875,96.75,2.625,10
"<a href=""https://tiktok.com/@user718457106010180"" target=""_blank"">@user718457106010180</a>",171,5,72.5,1,1,8,0,1502,93.667,3.833,3.167
"<a href=""https://tiktok.com/@user7224426108057"" target=""_blank"">@user7224426108057</a>",24,8,58.659,1,4,33,0,1135.875,35.125,0.25,0.375
"<a href=""https://tiktok.com/@user7325933253248"" target=""_blank"">@user7325933253248</a>",134,6,58.625,1,2,16,0,3808.5,63.5,0.833,0.5
"<a href=""https://tiktok.com/@user7361651570203"" target=""_blank"">@user7361651570203</a>",21,7,67.611,0.833,3,18,0,8418.125,88.75,1.125,23.125
"<a href=""https://tiktok.com/@user7605976152392"" target=""_blank"">@user7605976152392</a>",9,10,52.416,0.9,5,56,0,3389.7,113.6,0.8,2.5
"<a href=""https://tiktok.com/@user7804416262677"" target=""_blank"">@user7804416262677</a>",148,4,50.848,0.95,5,37,0,1160,76.5,0.5,3.75
"<a href=""https://tiktok.com/@user7855213040677"" target=""_blank"">@user7855213040677</a>",155,2,11.333,0.75,1,6,0,3574.5,154.5,3,6.5
"<a href=""https://tiktok.com/@user805002943256"" target=""_blank"">@user805002943256</a>",155,2,57.167,0.667,1,6,0,137,0,0,0
"<a href=""https://tiktok.com/@user8168691298265"" target=""_blank"">@user8168691298265</a>",3,8,61.583,1,2,17,0,2272.25,100.875,1.75,2.625
"<a href=""https://tiktok.com/@user8478108672003"" target=""_blank"">@user8478108672003</a>",150,4,59.542,0.778,3,22,0,9115,243.75,2.25,49.75
"<a href=""https://tiktok.com/@user8508148033286"" target=""_blank"">@user8508148033286</a>",4,7,60.667,0.75,1,6,0,2439.714,105.143,3.286,0.429
"<a href=""https://tiktok.com/@user8653602093025"" target=""_blank"">@user8653602093025</a>",21,7,59.333,0.887,4,29,0,2328.857,99.286,1.571,7.286
"<a href=""https://tiktok.com/@user87730150257653"" target=""_blank"">@user87730150257653</a>",65,3,62.833,0.8,1,6,0,2056,18.667,1,0.667
"<a href=""https://tiktok.com/@user8847609801518"" target=""_blank"">@user8847609801518</a>",21,9,48.917,0.9,4,34,0,2759.667,61.556,0.889,9.333
"<a href=""https://tiktok.com/@user8861376993313"" target=""_blank"">@user8861376993313</a>",114,10,49.262,0.739,3,19,0,1412.083,14,0.083,1.667
"<a href=""https://tiktok.com/@user9342283006096"" target=""_blank"">@user9342283006096</a>",150,4,88.833,0.667,2,12,0,5525.5,222.25,0.75,182.5
"<a href=""https://tiktok.com/@user9545613515904"" target=""_blank"">@user9545613515904</a>",17,8,50.035,0.927,4,30,0,32692.625,794.125,5.125,3.25
"<a href=""https://tiktok.com/@user9724456321051"" target=""_blank"">@user9724456321051</a>",3,8,37.833,0.75,1,6,0,1425,48,0.625,0.5
"<a href=""https://tiktok.com/@username0022660"" target=""_blank"">@username0022660</a>",136,12,60.725,0.778,3,42,0,3973.467,17,0.8,0.8
"<a href=""https://tiktok.com/@username0201726"" target=""_blank"">@username0201726</a>",136,9,60.318,1,1,22,0,4205.167,44.389,1.556,1.778
"<a href=""https://tiktok.com/@username224064"" target=""_blank"">@username224064</a>",136,5,67.561,0.833,2,19,0,284244.786,2003.929,24.786,108
"<a href=""https://tiktok.com/@usernamer02023"" target=""_blank"">@usernamer02023</a>",136,4,66,0.833,1,13,0,9690.824,749.735,21.588,10.147
"<a href=""https://tiktok.com/@ushd386"" target=""_blank"">@ushd386</a>",151,4,60.583,0.875,2,12,0,1097,60.25,4.25,2.75
"<a href=""https://tiktok.com/@usixidbd"" target=""_blank"">@usixidbd</a>",135,8,55.667,1,1,12,0,1554,40.25,2.25,0.75
"<a href=""https://tiktok.com/@uwaisah.jameela.m"" target=""_blank"">@uwaisah.jameela.m</a>",122,6,60.1,1,1,10,0,121,0.833,0.167,0.167
"<a href=""https://tiktok.com/@uzezvchheub"" target=""_blank"">@uzezvchheub</a>",31,3,54.833,0.9,2,12,0,431,11.333,0,0.667
"<a href=""https://tiktok.com/@v.zb.busby"" target=""_blank"">@v.zb.busby</a>",35,4,54.417,0.833,4,24,0,244.75,4,0,0.25
"<a href=""https://tiktok.com/@vaigg0"" target=""_blank"">@vaigg0</a>",45,6,54.875,0.958,4,24,0,2311.333,225.5,1.667,0.5
"<a href=""https://tiktok.com/@vakft4299"" target=""_blank"">@vakft4299</a>",96,5,29.667,0.667,1,6,0,908.8,36,0.2,0
"<a href=""https://tiktok.com/@van.lok8"" target=""_blank"">@van.lok8</a>",70,3,44.917,0.833,2,12,0,1111.4,52.2,4.2,7.6
"<a href=""https://tiktok.com/@vdkfofu"" target=""_blank"">@vdkfofu</a>",3,7,55.583,1,2,12,0,1714.714,80,0.429,0.714
"<a href=""https://tiktok.com/@vdudb33"" target=""_blank"">@vdudb33</a>",5,7,62.375,0.857,1,8,0,1277.778,68.556,0.333,0.222
"<a href=""https://tiktok.com/@vedrdzy"" target=""_blank"">@vedrdzy</a>",87,4,26.167,0.8,1,6,0,3627.75,70,2.5,0.25
"<a href=""https://tiktok.com/@verity.holland"" target=""_blank"">@verity.holland</a>",4,10,57.267,0.9,1,15,0,1461,79.3,0.9,1.5
"<a href=""https://tiktok.com/@vitsu.alec1"" target=""_blank"">@vitsu.alec1</a>",57,7,54.541,0.914,6,55,0,1090.857,33.714,0.429,1.143
"<a href=""https://tiktok.com/@vjbccb3"" target=""_blank"">@vjbccb3</a>",141,3,80.333,0.8,1,6,0,1347.2,84.4,5.8,5.6
"<a href=""https://tiktok.com/@vlnfs4"" target=""_blank"">@vlnfs4</a>",150,2,65.889,0.694,3,18,0,275.5,14,0,0
"<a href=""https://tiktok.com/@vltrxsbghmj6ss"" target=""_blank"">@vltrxsbghmj6ss</a>",55,4,37.833,0.75,2,12,0,3090.5,169,7.25,11.5
"<a href=""https://tiktok.com/@voie3340"" target=""_blank"">@voie3340</a>",85,5,44.004,0.867,3,33,0,1357.8,58.6,0.4,0.8
"<a href=""https://tiktok.com/@vsuau5"" target=""_blank"">@vsuau5</a>",116,6,60.25,1,1,8,0,1096.167,80.5,0.667,0.667
"<a href=""https://tiktok.com/@vxkaw3274"" target=""_blank"">@vxkaw3274</a>",98,3,20.667,0.75,1,6,0,740.8,75.2,0,0.2
"<a href=""https://tiktok.com/@walke.lowe"" target=""_blank"">@walke.lowe</a>",72,7,49.875,0.938,4,35,0,6137,68.429,8.714,2.143
"<a href=""https://tiktok.com/@watts4718"" target=""_blank"">@watts4718</a>",24,7,61.577,0.878,3,21,0,1184.375,23.125,3.5,7.375
"<a href=""https://tiktok.com/@wert2992"" target=""_blank"">@wert2992</a>",81,11,9.545,1,1,11,0,4894.917,106.5,1.167,0.667
"<a href=""https://tiktok.com/@wevbocr"" target=""_blank"">@wevbocr</a>",89,4,32.333,0.8,1,6,0,2317.5,57,1.167,0.667
"<a href=""https://tiktok.com/@wgslhe"" target=""_blank"">@wgslhe</a>",120,8,55.079,0.875,4,57,0,956.375,52.5,0.125,1
"<a href=""https://tiktok.com/@wiate.doni0"" target=""_blank"">@wiate.doni0</a>",57,8,54.123,0.888,7,75,0,1667.5,47.75,1,3.25
"<a href=""https://tiktok.com/@wiqg8225"" target=""_blank"">@wiqg8225</a>",79,3,72.833,1,2,18,0,880.8,93.6,0.8,1.6
"<a href=""https://tiktok.com/@wive0570"" target=""_blank"">@wive0570</a>",80,9,44.25,0.889,1,24,0,1241.2,54.9,0.4,1.6
"<a href=""https://tiktok.com/@wonder5537"" target=""_blank"">@wonder5537</a>",144,4,48.625,0.833,1,8,0,1928.429,42,0.286,7.143
"<a href=""https://tiktok.com/@woshenmake"" target=""_blank"">@woshenmake</a>",92,4,37.083,0.875,2,14,0,918.25,29.25,0,0
"<a href=""https://tiktok.com/@wsbhd0"" target=""_blank"">@wsbhd0</a>",116,7,67.119,1,3,27,0,827,55.857,0,0.286
"<a href=""https://tiktok.com/@wsfj4"" target=""_blank"">@wsfj4</a>",116,6,69.667,1,3,24,0,637.667,46.833,1.333,0
"<a href=""https://tiktok.com/@xbxb6381"" target=""_blank"">@xbxb6381</a>",60,6,34.333,1,1,12,0,1375,40.5,0.625,0
"<a href=""https://tiktok.com/@xchinaqueen3"" target=""_blank"">@xchinaqueen3</a>",74,4,106.667,0.6,1,6,0,212.333,17.222,1.556,0.111
"<a href=""https://tiktok.com/@xchinaqueen4"" target=""_blank"">@xchinaqueen4</a>",74,6,106.667,0.6,1,6,0,96.1,8.2,0.9,0
"<a href=""https://tiktok.com/@xcwvym2"" target=""_blank"">@xcwvym2</a>",95,5,45.125,1,1,8,0,1251.2,41.6,3,0.8
"<a href=""https://tiktok.com/@xgxcjodm167"" target=""_blank"">@xgxcjodm167</a>",33,4,64.611,1,3,18,0,469,19.25,0,0.5
"<a href=""https://tiktok.com/@xiangbm363"" target=""_blank"">@xiangbm363</a>",160,4,34.333,0.8,1,6,0,1028,16.25,0.25,0
"<a href=""https://tiktok.com/@xiangbma153"" target=""_blank"">@xiangbma153</a>",159,4,74,1,1,8,0,1838.5,32.75,0.5,2
"<a href=""https://tiktok.com/@xiangbma475"" target=""_blank"">@xiangbma475</a>",160,3,34.333,0.8,1,6,0,4007.667,49,0.333,3
"<a href=""https://tiktok.com/@xiangbma515"" target=""_blank"">@xiangbma515</a>",159,4,74,1,1,8,0,548.5,32.25,0.25,1
"<a href=""https://tiktok.com/@xihz9643"" target=""_blank"">@xihz9643</a>",86,3,26,0.667,1,6,0,528.333,32.333,0.333,0.667
"<a href=""https://tiktok.com/@xlhxhlxlh8"" target=""_blank"">@xlhxhlxlh8</a>",99,4,50.167,0.75,1,6,0,1543.25,103.75,0.5,1.25
"<a href=""https://tiktok.com/@xlxksnsjsk"" target=""_blank"">@xlxksnsjsk</a>",139,3,32,1,1,7,0,898.333,153.333,0,0
"<a href=""https://tiktok.com/@xnqdavrwgntt"" target=""_blank"">@xnqdavrwgntt</a>",54,3,75.333,0.8,1,6,0,1966.333,130.333,13,16.333
"<a href=""https://tiktok.com/@xvjdsj5"" target=""_blank"">@xvjdsj5</a>",107,3,22.333,0.75,1,6,0,876,35.667,0.333,0
"<a href=""https://tiktok.com/@xx16682"" target=""_blank"">@xx16682</a>",2,8,59.693,0.971,5,40,0,642.7,11.7,0.3,0.3
"<a href=""https://tiktok.com/@xxdream86"" target=""_blank"">@xxdream86</a>",47,5,52.833,0.8,1,6,0,3504.6,55.2,1.2,8.6
"<a href=""https://tiktok.com/@xxii911"" target=""_blank"">@xxii911</a>",11,9,54.33,0.833,5,45,0,1859.222,136.444,2.889,0.444
"<a href=""https://tiktok.com/@xxueya"" target=""_blank"">@xxueya</a>",53,5,46.714,0.6,1,7,0,35424.6,3081.2,78.8,756
"<a href=""https://tiktok.com/@yaofguqvi"" target=""_blank"">@yaofguqvi</a>",129,3,56.286,0.8,1,7,0,473.667,14,0,16
"<a href=""https://tiktok.com/@ybdjx94831"" target=""_blank"">@ybdjx94831</a>",141,5,54.667,0.8,1,6,0,1273.6,91.8,0.4,0.2
"<a href=""https://tiktok.com/@ydsfj89"" target=""_blank"">@ydsfj89</a>",145,3,41.778,0.933,3,27,0,2595.667,40.667,1,0
"<a href=""https://tiktok.com/@yehuda.coleman3"" target=""_blank"">@yehuda.coleman3</a>",130,6,54.667,0.5,1,6,0,9142.429,692.571,39.571,96.286
"<a href=""https://tiktok.com/@yeifb0"" target=""_blank"">@yeifb0</a>",2,8,53.34,0.889,9,75,0,1689.5,54.5,1.5,1.5
"<a href=""https://tiktok.com/@yelm.boor"" target=""_blank"">@yelm.boor</a>",72,7,47.507,0.969,4,36,0,3568.143,75.143,5.143,1.429
"<a href=""https://tiktok.com/@yga.uha"" target=""_blank"">@yga.uha</a>",16,8,52.833,1,1,6,0,6417.667,81,4.111,2.778
"<a href=""https://tiktok.com/@yjgdsw"" target=""_blank"">@yjgdsw</a>",156,3,22.833,0.75,1,6,0,4049,123.667,0,0.333
"<a href=""https://tiktok.com/@ylevkpiubsl"" target=""_blank"">@ylevkpiubsl</a>",25,5,59.25,1,2,12,0,1094.4,70.4,0.2,0.4
"<a href=""https://tiktok.com/@ymhr6933"" target=""_blank"">@ymhr6933</a>",76,11,8.773,1,2,22,0,2042.727,74.455,0.455,1
"<a href=""https://tiktok.com/@yoayoayanyan"" target=""_blank"">@yoayoayanyan</a>",27,4,64.429,1,1,7,0,1301.5,133.5,1.75,3.25
"<a href=""https://tiktok.com/@you.texts"" target=""_blank"">@you.texts</a>",12,4,59.143,0.857,1,7,0,15501.2,212,6,7.6
"<a href=""https://tiktok.com/@yowbc4277"" target=""_blank"">@yowbc4277</a>",96,6,29.667,0.667,1,6,0,1185.667,65.5,0,0.167
"<a href=""https://tiktok.com/@yrchj1"" target=""_blank"">@yrchj1</a>",148,4,74.833,0.775,2,12,0,169,13.75,0.25,0
"<a href=""https://tiktok.com/@yrvfxyekfpsbv"" target=""_blank"">@yrvfxyekfpsbv</a>",54,4,75.333,0.8,1,6,0,3244.5,189.5,16.25,30.75
"<a href=""https://tiktok.com/@ysishhd7"" target=""_blank"">@ysishhd7</a>",45,6,49.167,1,2,12,0,1492,102.833,1.5,1.333
"<a href=""https://tiktok.com/@ytrq8081"" target=""_blank"">@ytrq8081</a>",75,5,72.674,0.778,3,39,0,1363.2,52.2,1.4,0.4
"<a href=""https://tiktok.com/@yumaqtlfsi1"" target=""_blank"">@yumaqtlfsi1</a>",35,4,69.167,1,3,18,0,328.5,14.25,0,0.5
"<a href=""https://tiktok.com/@yurvbg2"" target=""_blank"">@yurvbg2</a>",147,4,55.944,0.767,3,18,0,2966.75,68.5,0.75,0
"<a href=""https://tiktok.com/@yuukibb1"" target=""_blank"">@yuukibb1</a>",109,4,49.667,0.833,1,6,0,1667.25,163.75,0.25,1.75
"<a href=""https://tiktok.com/@yvrrrrcc.g.52"" target=""_blank"">@yvrrrrcc.g.52</a>",63,4,39.667,1,1,6,0,1710.75,129.25,3.75,0.75
"<a href=""https://tiktok.com/@yyugesjj"" target=""_blank"">@yyugesjj</a>",38,6,53.69,0.822,3,19,0,1440.833,91.667,1.333,0.5
"<a href=""https://tiktok.com/@zdhhj04"" target=""_blank"">@zdhhj04</a>",148,4,72.213,0.864,7,47,0,5255.25,156.5,0.25,5.5
"<a href=""https://tiktok.com/@zdogz60"" target=""_blank"">@zdogz60</a>",103,4,52.333,0.75,1,6,0,1299,110.25,0.25,0.25
"<a href=""https://tiktok.com/@zjsrryuui"" target=""_blank"">@zjsrryuui</a>",114,9,42.083,0.75,2,12,0,2139.083,14.083,0,0.083
"<a href=""https://tiktok.com/@zmdheyi279"" target=""_blank"">@zmdheyi279</a>",172,3,56.857,1,1,7,0,7112.143,158.429,3.286,10.286
"<a href=""https://tiktok.com/@zsdx184"" target=""_blank"">@zsdx184</a>",57,7,50.72,0.88,3,34,0,1797.375,87.125,1.375,9.25
"<a href=""https://tiktok.com/@zurina.sara"" target=""_blank"">@zurina.sara</a>",121,6,59.722,0.9,2,15,0,99,5.667,0.167,2.5
"<a href=""https://tiktok.com/@zvjsl"" target=""_blank"">@zvjsl</a>",117,7,48.763,1,3,29,0,22854.286,484.143,18.143,8.571
"<a href=""https://tiktok.com/@zxvb736"" target=""_blank"">@zxvb736</a>",57,10,59.358,0.894,4,56,0,12262.9,116.5,2.1,2.5
