"Network","Number of Accounts","Network Density","Network Diameter","Clustering Coefficient","Avg Views","Avg Likes","Avg Comments","Avg Shares","Member Accounts"
1,15,0.448,26,0.735,16320.216,664.233,6.379,7.388,"chantalkusch, jdpxorjf, jfkovj5, irdc042, quincyshop08, ubhutfrx, hdifhg5, jsosjxj8, krug011, bmc12655, fughf21, user5626060056906, be.jkigv, jtcytxyzey, user6922385284275"
2,13,0.692,18,0.818,2036.21,48.697,1.252,1.244,"geujcc, uosnatiahwk, xx16682, hdodjdb5, ubf084006c, syedacherry0, housn103, gisela.lipke, bdoci6, ihihgi1, aedjdpckd, user190472852374, yeifb0"
3,18,0.216,30,0.5,9176.562,405.785,2.715,5.083,"aedhdici, aedyckctu, cirila.mccorkle, hullen.nguyen, fauy8466, hciiv26, idhd139, cp.eagdu, steven.garrison13, fsjoxkf, jdododh5, gxiiff3, craig.harrell0, gckcj4, tduuugwt, user8168691298265, user9724456321051, vdkfofu"
4,4,0.5,27,0,6844.371,139.486,2.057,2.629,"jdkckcj2, user8508148033286, cbjf05, verity.holland"
5,6,0.4,37,0.429,2949.327,97.75,1.365,2.654,"dguy8654, bgfddf8888, user65533709618068, jfdd888, chcjg0, vdudb33"
6,2,1,7,0,2437.4,124.8,1.267,2,"fuddg743, jkiffikj"
7,2,1,6,0,58648,1295,5.211,16.579,"fjgr86434, aedigohdu"
8,2,1,7,0,1583.583,59.917,1,0.917,"hdr86575, jfdd653"
9,8,0.679,23,0.787,3036.3,130.343,1.257,6.743,"fduic5, aedhdjcoof, gduhx01, sharleen.howard, lxjjc, hdhxh3484, fcjjv86, user7605976152392"
10,2,1,8,0,1411.647,49,0.706,0.471,"hbvvf739, idgc38"
11,9,0.611,23,0.765,2180.84,135.877,2.173,1.321,"sdsdyou, stoyouh, shotewg, sasapco, rohingyao, landscape5670, cagnhd, texts178, xxii911"
12,4,0.667,15,0.6,8613.179,208.071,3.536,4.5,"fjjgdvx, satsyou, stvhfhj, you.texts"
13,3,1,15,1,1546.393,36.357,1.214,0.786,"fhkundshunk, lin689668987, user16909390140293"
14,2,1,6,0,2494.3,125.5,1.7,3,"cisuc6, aed6j"
15,2,1,6,0,3723.286,177.786,1.857,4.857,"kate396112, fjggds0808"
16,2,1,6,0,4691.941,142.647,3.706,4.235,"long.arpin, yga.uha"
17,19,0.193,36,0.4,37594.748,1515.874,8.579,9.623,"bdpd57, fjvfjk4, geifocve, aedjxpxodj, maryreynolds112, hckcudh1, jckfjd.bff, hckgovj, user31313825076752, user9545613515904, bsbsbsvsv44, fhfg2499, user2201058539802, gdijdgsh4, carmen.vega355, bfc.hff, user1045942439949, tdiifhr, aedfjdhdtddy"
18,2,1,6,0,1489.667,96.667,1.083,1.667,"jxfjv98, aed0584"
19,2,1,11,0,2728,128.538,2.385,0.385,"jana.french, aeduriosod"
20,2,1,6,0,2172.267,56.2,0.267,0.667,"avav11738, reddittext48"
21,10,0.489,22,0.613,3205.986,70.986,1.205,8.041,"user19468614708518, user386963311513, user2920462956526, user7166160034825, user7361651570203, user8653602093025, user1203613923425, user6186701630842, user2903556969068, user8847609801518"
22,5,0.5,19,0.429,2314.781,40.906,0.219,1,"edithgriffith19594, adelaideparker19934, mabelphelps2002, berylsaunders19830, user4503602472244"
23,3,0.667,15,0,2227.3,58.35,0.95,5.1,"katherinewhite19606, ritamorrison1961, marilynperez20007"
24,8,0.429,25,0.444,1256.552,47.862,0.897,3.741,"babypink6896, bcc662, chaff8892, user7224426108057, reading1130, books3478, watts4718, huff797"
25,5,0.5,18,0.5,734.407,48.333,0.407,0.259,"lojzsviu, cjgbkbl, hi.pnct, hajhsh12, ylevkpiubsl"
26,2,1,6,0,694.75,35.875,1.375,0.625,"fhdjfjfj8, hbjoggv"
27,2,1,7,0,1467,116.25,0.875,1.625,"yoayoayanyan, ohchocx"
28,2,1,7,0,774,70.375,0.25,1.25,"hylioooyyy, jkakbbvgg"
29,3,1,7,1,417.75,11.917,0.417,0.083,"ugikbk4, gduaddit, cjgkgk45"
30,2,1,6,0,426.875,11.625,0,0,"aliyawod4l5, qzdiavzx4db"
31,14,0.264,37,0.493,347.111,12.648,0.056,0.111,"gyczxdbk475, fugikg0, kcdcbdohhqd, cymorervl98, antoinetteboone25, kdvluvvd5k6, ffhucs, oqfdryvt9x4, amywendy19961, nwxjeiffefk, tfozhsed7xz, uzezvchheub, eyvukpprejs, qtwkkghy0ol"
32,11,0.582,18,0.627,446.227,11,0,0.273,"fcyvuryeoat, hmauxknlcct, eqtpahxeftm, rapfqsrfsqr, tqhyxljd6w8, bfdthfdrpue, dkxeavlllf7, dzkivaim4ea, fxgumzmtbxj, gytwptgwax1, nquvwpsdcj4"
33,9,0.528,20,0.692,303.886,10.229,0.057,0.086,"bgysxfoqqyu, hslvsaux95k, tinkom97, bvwihpir1hk, fgukxryf5ua, bwelrxwgc1e, terrihopkins19677, lizzieperkins19631, xgxcjodm167"
34,2,1,6,0,321.625,6,0,0,"pain.gum.going, uahbobsb8iz"
35,11,0.327,32,0.545,352.114,13.682,0.159,0.182,"aqcrtyjfd13, tzifqmxp8jx, jjjdzotzkpi, yumaqtlfsi1, jtusetej2i7, siordiysmbs, lettietownsend19701, lodqmnrx247, ugvkfcuv0w9, debra.vukelic.do, v.zb.busby"
36,2,1,6,0,1470.267,87.067,1.133,0.2,"nmokuqxn, dianaantoinette2000"
37,2,1,6,0,1109.667,117.778,1.333,0.222,"ryllskaya.reddit, user4148379047616"
38,9,0.278,38,0.353,21042.841,862.455,6.705,4.318,"dawnya_movie, gdjf6745, schcy24, fjhvh78, user59478597350542, blxhx, gmlkh98, nlogbdd, yyugesjj"
39,2,1,6,0,1159.091,61.364,0.636,1.545,"charlene.gilbert31, osiel.louis"
40,2,1,6,0,1281.909,189.818,1.727,2.273,"djsisidh, kfusj3"
41,2,1,6,0,1500.182,83,1.364,0.545,"luggyi, mahasawatzke"
42,2,1,6,0,1615.364,114.273,3.182,15.636,"heidy.blancas, jspdhd4"
43,3,0.667,14,0,1462.211,88.158,1.947,3.737,"fkfdnd, rosacasey65, gdkcofufn"
44,4,0.5,12,0,17470.565,564.565,2.652,4.522,"djm9r, uiavao.bskvai, prtnr8, gutieyy7"
45,9,0.333,26,0.24,2033.211,126.93,1.439,1.544,"ididu034, user3154950400581, hpcfh, user2810315813972, kbpsjd, user7080026610324, vaigg0, gubwos, ysishhd7"
46,3,0.667,15,0,3196,94.222,2.167,2.056,"cx.b28, fjyukfjjf, hdidkser0"
47,2,1,6,0,4273.8,55,1.2,6.7,"midnightfy68, xxdream86"
48,2,1,7,0,14001.833,83.083,1.25,1.583,"aeda1689, akkaanav.risksjsg"
49,2,1,6,0,2617,83.571,1.357,1,"bate.hynda, aed7p4"
50,2,1,6,0,1548.071,55.143,0.571,0.429,"debran.oxonrp00, immanuel.dominik"
51,2,1,6,0,3280.077,81.769,1.769,3.154,"lwandiswamsithini, aed3660"
52,2,1,6,0,1919.625,129.5,5,25,"ctyd2156, tpei5986"
53,2,1,7,0,20315.111,1750.778,45.667,423.556,"xxueya, liuxiaoliu52"
54,2,1,6,0,2696.714,164.143,14.857,24.571,"xnqdavrwgntt, yrvfxyekfpsbv"
55,3,0.667,12,0,1722.083,107.833,4.25,7.167,"chendundun6, bubu.text, vltrxsbghmj6ss"
56,5,0.4,18,0,1221.882,79,3.235,8.647,"sweethear182, hubbxmphamzhfs, facaila22, the.sshamarfan, nhiem.ha07"
57,13,0.385,45,0.851,6074.9,124.48,1.81,18.35,"rubin.mervy8, battl.kray, seile.rian, vitsu.alec1, jvtvc3, user3436197788624, zsdx184, benedossie2, lawgray3, gooj806, sijh37, wiate.doni0, zxvb736"
58,4,0.833,14,0.75,2855.893,65.357,0.929,1.321,"nhienchau41, thuc.nguyen2010, nhi.vo585, khanh.dao61"
59,5,0.9,16,0.875,8484.372,155.605,14.884,17.581,"aed0267, aed2750, dthh824, jajsjsn56, jvhb240"
60,2,1,12,0,1505.133,54.267,0.467,0.067,"26hdjwjq, xbxb6381"
61,2,1,7,0,29220.222,112,4.222,1.111,"2100snowman, fixthedrama"
62,4,0.667,13,0.6,719.818,13.182,0.091,0.182,"bbcanxmfe6, jetnzto8i7, oyoizqmhr9, u2co59sux3"
63,2,1,6,0,1768.5,120,2.5,0.5,"ubfrdhuy.578.39, yvrrrrcc.g.52"
64,3,0.667,15,0,1596.25,130.333,0.833,1.167,"righgtf.7.187, tdgrrdd.z.37, godjehtt.jj.101"
65,2,1,6,0,1580.714,20.143,0.857,0.286,"gitxt2, user87730150257653"
66,2,1,6,0,1741.929,144.714,2.071,3.286,"drape.ivoe, fody.noachp"
67,2,1,11,0,3079,83,1.062,6.312,"jebrt.keehg, thanh.dngp"
68,2,1,6,0,2499.6,91.7,0.4,1.3,"grry77768, stien.lindag"
69,2,1,8,0,1679.545,83.091,0.636,0.727,"pjk3357, reddit55549"
70,4,0.833,13,0.75,3610.44,121.84,10.92,43.76,"aseng.haymong, sun.lilym, purnialesh45, van.lok8"
71,6,0.533,22,0.529,4723.026,111.692,3.282,9,"juliosalazar229, lanora.haskely, emory.drawehj, carlos.alberto.al886, ilges.estelwei, tenbr.boozapp"
72,5,1,10,1,5951.912,86.324,4.206,5.412,"cxd.shd, phong.ngoc76, walke.lowe, cuc.thu243, yelm.boor"
73,5,1,36,1,1002.328,99.483,0.569,0.414,"ciojkb, kubjij, qdcieh, hojdmc, reddit_grayson99"
74,2,1,6,0,151.158,12.474,1.211,0.053,"xchinaqueen3, xchinaqueen4"
75,12,0.394,30,0.557,1403.627,72.814,0.678,0.576,"fhda78402, dijx3903, bvoo3130, drgd8391, jkuy0534, ghhj8554, okay11732, eiej4325, kjuq5904, twkg9813, ytrq8081, twvs4521"
76,3,1,11,1,1379.273,63.121,0.455,0.758,"tijf9855, uraf9163, ymhr6933"
77,2,1,7,0,1148.316,49,0.474,0.211,"ifrt2705, sush0240"
78,5,1,11,1,2805.712,105,0.424,0.678,"ckief1163, glye82199, rust04104, dyxh0219, syic2117"
79,4,0.833,22,0.75,950.2,75.55,0.45,1.1,"givi0331, isce0690, tugx2917, wiqg8225"
80,2,1,24,0,1005.35,41.55,0.3,1.05,"bkot6010, wive0570"
81,2,1,11,0,2894.375,81.958,0.667,0.667,"dhie1905, wert2992"
82,3,0.667,12,0,2773.839,74.935,5.742,0.355,"aiwjfha, fvbsiw, mkkmqqn6"
83,2,1,6,0,497.529,17.529,0.118,0.059,"evntft, hhdhuwp"
84,3,0.667,14,0,1487.522,22.391,8.609,0.043,"kwmrus, luqrbn2, nrmqmi"
85,11,0.309,49,0.571,2122.931,63.259,0.483,0.81,"clirr5282, coirf88774, gjguq6894, courr1227, fkir2290, cjur6297, urdu9708, fbgg2395, fnnf8890, gour2295, voie3340"
86,2,1,6,0,772.875,54.75,0.25,1.75,"dhhi6645, xihz9643"
87,2,1,6,0,3326.333,68.111,2,0.111,"vedrdzy, mjbwysq6"
88,9,0.528,20,0.75,1378.15,51.3,0.65,0.2,"hgidsi, liaojiuyu, bdjsbsk4, nidaye81, raggags.kajah, user3923265470, bxkke4723, gohdr4367, joycecody"
89,2,1,6,0,2529,76.273,1.091,0.545,"wevbocr, fteecfs"
90,2,1,6,0,8293.444,337.889,4.222,3.222,"nhllos8, maemeg7"
91,3,1,10,1,1852.765,49.882,1.118,0.412,"hwvrok, oljclk, ljpjvh"
92,3,0.667,14,0,1657.929,32.929,0,0,"osvel.rolsea, puja.singh272, woshenmake"
93,2,1,6,0,1057.917,92,0.75,0.417,"2ckfjkelw, lancg9200"
94,3,0.667,12,0,1916.438,69.312,1.688,0.312,"bixukf, evfdmzl, oxkops7"
95,3,0.667,16,0,4328.176,137.647,2.176,1.118,"awmilke, kdywnty, xcwvym2"
96,2,1,6,0,1059.818,52.091,0.091,0.091,"vakft4299, yowbc4277"
97,2,1,7,0,939.375,41.875,0.125,0.125,"baxor3828, meggie.y"
98,5,0.6,18,0.6,1123.44,85.76,0.56,0.2,"vxkaw3274, nxpsa4288, hdksp6389, g.in.cgn, avelina.asucen"
99,2,1,6,0,1481,148.625,0.25,1,"opgse4909, xlhxhlxlh8"
100,4,1,8,1,1128.833,70.278,0.611,0.389,"1yrogls, duuff30, ncsfo3287, cjdjfcn"
101,2,1,6,0,1202.375,58.375,2.125,1.5,"djisks96, snoshsj"
102,2,1,9,0,1168.3,40.4,1,0.3,"jdjsbs94, 1qwdjjd"
103,2,1,6,0,1512.857,94.857,0.286,0.143,"svjssh, zdogz60"
104,3,0.667,12,0,1094.2,69,0.7,0,"fhcgocgo, hds.hy, ciucfyictci"
105,2,1,6,0,1375,157.571,1.143,0.286,"hsbshzu0, hzjsjs897"
106,2,1,8,0,1641.8,110.3,0.6,0.3,"pdilul, refine74"
107,2,1,6,0,1049,50.857,1.286,0,"sameerah.tare, xvjdsj5"
108,3,1,7,1,1328.333,53.083,1.083,0.167,"palatalongwith, toxicity.idiotic, user5628638664"
109,2,1,6,0,10316.5,108.7,0.9,1.1,"trendwave766, yuukibb1"
110,8,0.286,25,0,1474.886,131.086,1.114,0.429,"gzd1hao, facailllll12138, gzd4hao, mvbdanqi, fafafafafafafacai, nbhonghong5, bihuo6660, oh.geigeigei"
111,2,1,6,0,2510.167,102.167,1.667,0.333,"haoyun858, haoyun948"
112,2,1,8,0,2149.6,231.2,2,0.1,"bigfire888, huohuo110"
113,2,1,6,0,1778.417,115.083,2.583,5.75,"aed4809, tim.david10"
114,5,0.6,16,0.545,2170.13,18.704,0.111,1.593,"zjsrryuui, user8861376993313, user2558157487113, tsbhehhehs, user4816167612537"
115,3,1,24,1,14040.912,253.441,18.353,18.176,"lnppoe, reddit_ignatius8, shbsdd2"
116,12,0.258,52,0.486,7543.359,324.897,1.333,7.205,"gdjdi63, tessh95, jspsns3, oshasg, hurrryu, fulknm, tug35587, wsbhd0, vsuau5, itsstj2, gheoe8, wsfj4"
117,16,0.175,71,0.409,23470.509,1200.934,8.925,10.915,"dghhg372, hfstil3, owuhwh, isgsjdj0, bjspsp, sfagnd, segji2, lzozi3, gysfh4, eyidk5, oaisg2, flsosi5, jelejeh1, rtikb3, zvjsl, rgyts7"
118,3,1,8,1,214413.455,9009,55.727,120.273,"fbnggg2, nfjsk12, hkmdrr"
119,5,0.7,23,0.643,614.237,32.605,0.184,0.947,"objlhmtjemu, rtwgui, arffug, mnoojt, ucdrmh"
120,12,0.394,46,0.632,674.25,24.261,0.087,0.326,"puhrra, pbpktw, eqmhqf, idpeoc, dtbtcc8, bipiqo, hltuoq, hidouo, lhqitc, bpgarp, sqifhw, wgslhe"
121,3,0.667,15,0,599.778,23.222,1.056,6.167,"nafi.rajab.guirgu, tiffany.c..irvin, zurina.sara"
122,4,0.5,24,0,313.545,15.864,1.773,2.136,"hvoykvagyy, redidgbxozg6, latifnusrahshamon, uwaisah.jameela.m"
123,5,0.5,22,0.429,1490.647,37.412,1.235,5.235,"ethan.carter.mitchell, olivia.ava.davis, lucas.parker.carter, amelia.wilson.johnson, labib.zain.hajjar"
124,2,1,14,0,846.636,64.455,3.909,12.636,"ghadir.tamadur.ba, saniyah.rafidah.k"
125,3,0.667,13,0,867.615,29.154,1.692,6.692,"cenhaa1, hggsjdjd, trjjffj"
126,2,1,6,0,3789.714,81.571,2.714,9.857,"manbazili, bbuiopkl"
127,7,0.714,16,0.778,43304.048,2027.571,73.381,1316.952,"mira.paxton, brooks.jenner, ludwin.keith, nash.bramwell4, ayanna.kelekele, constantinos.hard, summer.king331"
128,2,1,9,0,790.333,36.667,1.111,7.889,"osudgiwy1, twodgcjq"
129,2,1,7,0,627.833,22.833,1,19.5,"qorusfio, yaofguqvi"
130,2,1,6,0,50110.133,1996.4,70.133,1107.6,"darrell.breitenbe, yehuda.coleman3"
131,6,0.467,25,0.273,19446.043,635.851,45.489,201.702,"decker.slater, archie.waller4, blake.payne028, javion.yang, ignacio.stark, heidiramos2"
132,3,0.667,13,0,1166.545,90.727,8.682,16.364,"anubn95ar83d, mtbevdcxpq1, p1h5akf"
133,3,1,8,1,1506.235,22.765,0.588,4.529,"user12390941773567, chghghj, user2373614982470"
134,3,1,8,1,3111.105,81.737,1.053,2.737,"kfuda4, buma.zlkh, user7325933253248"
135,2,1,12,0,1704.714,44.571,1.929,0.5,"coicbf, usixidbd"
136,11,0.2,85,0.214,19615.147,406.763,14.58,16.346,"airplane_video578, username0022660, username0201726, china_queen_520, amazingpilot0, amazingpilot2, chinna_deiver_girl0, cute_queen7102, chinesebeauty39, usernamer02023, username224064"
137,4,0.5,33,0,110.238,24.508,4.54,0.079,"beautiful46h, moderngril5, beautifulseen30, grilofchina"
138,2,1,8,0,166.037,43.148,11.37,0.074,"cardriving139, modernofuk"
139,19,0.175,45,0.429,1640.25,99.243,0.826,1.667,"mdmdkkdndnrn, dhcfgggfhu, odokskjsjh, mlyeejyn, .whjshshshshs, bcjeibox, bvasvhssjn, user1433469988696, ghzdxbj, cghvhhj6, user4473161544200, user41067558498182, nkddaram, jsjsjksmsmsk, eexvnnooyy, deferedeedddf, jehrhhdkd, user6812280201318, xlxksnsjsk"
140,2,1,6,0,2104.111,111.444,0.667,1.556,"user12885549245813, hejsjwnejsj"
141,3,0.667,12,0,1344.471,90.412,2.882,2.588,"fhcdtb, ybdjx94831, vjbccb3"
142,2,1,6,0,1073.143,88.286,1,2.643,"aed3925, aed9243"
143,5,1,19,1,460.314,2.558,0.023,0.151,"knl39aprh6, mgallaudio, mgallsharring, avafind2, tptk02426yr"
144,2,1,8,0,1199.923,29.923,0.308,4.077,"fdrnbpulsfg, wonder5537"
145,6,0.6,18,0.714,83174.15,12767.7,45.8,2078.95,"gjfdd68, gdzvh1, hddgjj79, fdsfhj84, hydfhj70, ydsfj89"
146,3,0.667,15,0,12887.167,400.083,1.667,2.917,"tsdhj01, hfdgk09, tsxhj6"
147,9,0.389,24,0.512,2851.909,70.242,4.697,1.424,"hdsgh57, gfvhj98, gdsfgh15, user365125024608, fhge82, htdgji05, hdznm33, fijgd50, yurvbg2"
148,13,0.308,38,0.593,1758.173,76,0.5,7.442,"fsdgh41, hhregg52, user7804416262677, hq12151718, user152435261681, user5081724703508, fkhfe5, iltrukikr, yrchj1, hdsy281, user612958049219, user6758753838000, zdhhj04"
149,2,1,6,0,728.571,48.857,0.286,0.429,"tkre891, idsfgj2"
150,8,0.536,13,0.453,3288.63,95.407,0.444,35.185,"user6168144540470, hrdgj17, user8478108672003, user9342283006096, hdhjvkgk, tdfhj07, hnfr33, vlnfs4"
151,11,0.218,36,0.333,1786.78,66.244,1.707,3.073,"ghfee48, brdfgh, fjgw35, tsdgu3, fgvv752, grsgh5, user3036161758508, reush5, hcuccu156, ushd386, iffhkk0"
152,2,1,8,0,4046,123.5,0.375,2,"user5831942911597, ufy468"
153,3,0.667,12,0,3252.182,62.182,1.455,1.455,"hydu454, gns1528, fhgse42"
154,2,1,8,0,3476.75,63.125,0.625,1.25,"user33539405804153, ella7420"
155,8,0.25,12,0,2319.263,86.211,0.842,2.526,"user805002943256, kusdum4, hofkst5, user7855213040677, hulili45, key57173, hddh6007, gdfhh917"
156,2,1,6,0,2586.8,90.6,0,0.2,"gesfhu1, yjgdsw"
157,2,1,6,0,166.333,5.167,0,0,"level.tritz, osbourne.dominiak"
158,3,0.667,12,0,169.444,13.333,0,0,"bortle.stofsky, akinrefon.rainie, defouwcaddy"
159,2,1,8,0,1193.5,32.5,0.375,1.5,"xiangbma153, xiangbma515"
160,2,1,6,0,2305,30.286,0.286,1.286,"xiangbma475, xiangbm363"
161,2,1,11,0,1038.778,49.222,3.556,1.556,"chikni_baby, kubri_queen"
162,2,1,6,0,5351.5,68.333,0.167,1.333,"user41777245086503, user7160948086077"
163,2,1,6,0,3157,56.6,0,1.4,"b9789612, user1475024996266"
164,2,1,8,0,140.75,3.875,0.25,0,"goisthillwig517, taotao100086465"
165,2,1,8,0,394.375,19,0,0.625,"speakingspeak.464, forwardcode423"
166,2,1,8,0,342.75,12,0.125,0.5,"fassiogasch198, greatename466"
167,2,1,6,0,335.875,24.75,0.25,0.125,"jiejielovetao518, taotao1000448"
168,3,0.667,15,0,386.75,18.833,0,0.667,"luensmanntuma245, jiejielove0001, huggettguziec195"
169,2,1,6,0,373.571,12.429,0.714,0.286,"shallownuckoles51, nikebimm0445"
170,9,0.694,15,0.744,758.639,23.694,0.222,0.111,"joannafelton0801, langhuamediaus.fgvrfn, funnys318, alice95332, lenafunk0628, gexlxyakfsiwn5, lnteresting_world, douglasstuart0509, user17916819551"
171,2,1,8,0,1972.545,98.909,2.455,3.909,"user718457106010180, aeddhjf6830"
172,2,1,7,0,4574,161.143,4.857,12.071,"shgdhgwtu2577, zmdheyi279"
173,3,1,11,1,23184.056,1916.111,55.333,116.556,"david.muro37, user6193818865154, ty.rshjfs2799"
174,2,1,6,0,1607.667,183.917,3.667,9.25,"lrefjjk2688, qingwtfs358"
175,2,1,8,0,1418.5,94.5,1.25,0.833,"dayutoureddit, user5856382575116"
