"Account","Network","Unique Shares","Avg Time Between Shares (sec)","Edge Symmetry Score","Degree","Strength","Betweenness","Avg Views","Avg Likes","Avg Comments","Avg Shares"
"<a href=""https://tiktok.com/@basilberthaeq0301"" target=""_blank"">@basilberthaeq0301</a>",3,8,55.509,0.862,4,54,0,2391.6,23.8,0.2,1.6
"<a href=""https://tiktok.com/@bbbkkk144"" target=""_blank"">@bbbkkk144</a>",8,2,71.667,0.75,1,6,0,2345,10,0,1.5
"<a href=""https://tiktok.com/@cjvcfj"" target=""_blank"">@cjvcfj</a>",5,5,38.714,1,1,7,0,794.8,20.6,0.2,0.2
"<a href=""https://tiktok.com/@deenasloan1"" target=""_blank"">@deenasloan1</a>",8,3,71.667,0.75,1,6,0,2252.667,26,0.667,3.333
"<a href=""https://tiktok.com/@ericphilip1980"" target=""_blank"">@ericphilip1980</a>",3,6,99.5,0.5,1,8,0,2522.833,93.333,0.917,7.833
"<a href=""https://tiktok.com/@facaile404"" target=""_blank"">@facaile404</a>",9,3,45.167,0.75,1,6,0,2050.333,47.667,0,7.667
"<a href=""https://tiktok.com/@klklbu"" target=""_blank"">@klklbu</a>",1,3,57.143,1,1,7,0,554,41,0,0.333
"<a href=""https://tiktok.com/@kwzxkybit7"" target=""_blank"">@kwzxkybit7</a>",4,7,48.5,1,1,8,0,2514.3,58.1,0.6,1.4
"<a href=""https://tiktok.com/@longyu253"" target=""_blank"">@longyu253</a>",7,3,57.107,1,2,15,0,4091,41.333,0.333,3.333
"<a href=""https://tiktok.com/@meyrekb6"" target=""_blank"">@meyrekb6</a>",7,3,52.69,0.9,2,13,0,3178.667,46.333,3,6.333
"<a href=""https://tiktok.com/@mqnytryld6"" target=""_blank"">@mqnytryld6</a>",3,6,59.429,0.8,1,7,0,1293.667,59.333,0.167,1.5
"<a href=""https://tiktok.com/@njahfezgv0"" target=""_blank"">@njahfezgv0</a>",5,6,38.714,1,1,7,0,896,51.833,0.5,0.167
"<a href=""https://tiktok.com/@oeplbsknc6"" target=""_blank"">@oeplbsknc6</a>",3,8,47.171,0.932,4,50,0,4477.917,55.333,1.333,1.417
"<a href=""https://tiktok.com/@qaf4jbflw4"" target=""_blank"">@qaf4jbflw4</a>",3,8,59.325,0.863,4,44,0,2067.333,93.444,1.556,5.222
"<a href=""https://tiktok.com/@qiuqiubao252"" target=""_blank"">@qiuqiubao252</a>",6,3,32.5,0.8,1,6,0,753,95.333,0,1
"<a href=""https://tiktok.com/@qsbdeyb48"" target=""_blank"">@qsbdeyb48</a>",7,3,53.083,0.9,2,14,0,673,26.333,1,1.667
"<a href=""https://tiktok.com/@rdrgr6sqa6"" target=""_blank"">@rdrgr6sqa6</a>",3,8,49.494,0.925,4,40,0,2721.4,55.3,0.6,3.5
"<a href=""https://tiktok.com/@rgmmop"" target=""_blank"">@rgmmop</a>",1,3,57.143,1,1,7,0,143,8,0,0
"<a href=""https://tiktok.com/@saloumlefaver"" target=""_blank"">@saloumlefaver</a>",9,2,45.167,0.75,1,6,0,1139,15.5,0,0.5
"<a href=""https://tiktok.com/@te45to3px0"" target=""_blank"">@te45to3px0</a>",4,5,48.5,1,1,8,0,1117.625,39,0.25,5.625
"<a href=""https://tiktok.com/@user3462681330043"" target=""_blank"">@user3462681330043</a>",2,3,67.333,1,1,9,0,1966,24.333,0,0
"<a href=""https://tiktok.com/@user5173947161480"" target=""_blank"">@user5173947161480</a>",2,3,67.333,1,1,9,0,19.667,0,0,0
"<a href=""https://tiktok.com/@v0tgsso365"" target=""_blank"">@v0tgsso365</a>",3,6,60.817,0.789,6,41,0.045,2460.75,14,0.25,0.75
"<a href=""https://tiktok.com/@wdqiqqq6"" target=""_blank"">@wdqiqqq6</a>",6,3,32.5,0.8,1,6,0,727.667,49.333,0,0.667
