"Post URL","Network","Author","Timestamp","Number of Accounts","Views","Likes","Comments","Shares","Description"
"<a href=""https://www.tiktok.com/@ericphilip1980/video/7570980381768289549"" target=""_blank"" class=""btn btn-sm"" style=""background-color: #00926c; color: white; text-decoration: none; padding: 2px 8px; border-radius: 4px; font-size: 0.8em;"">View Post</a>",3,"ericphilip1980","2025-11-10 06:31:19",7,1058,52,0,4,"KondisiterkinimusholaPONPESAIKhozinySidoarjoambruksaatsalatashar.#jtvjember#evakuasi#sidoarjo#fyp"
"<a href=""https://www.tiktok.com/@ericphilip1980/video/7570980307617287438"" target=""_blank"" class=""btn btn-sm"" style=""background-color: #00926c; color: white; text-decoration: none; padding: 2px 8px; border-radius: 4px; font-size: 0.8em;"">View Post</a>",3,"ericphilip1980","2025-11-10 06:31:21",7,3289,91,0,3,"KondisiterkinimusholaPONPESAIKhozinySidoarjoambruksaatsalatashar.#jtvjember#evakuasi#sidoarjo#fyp"
"<a href=""https://www.tiktok.com/@ericphilip1980/video/7570980304165391671"" target=""_blank"" class=""btn btn-sm"" style=""background-color: #00926c; color: white; text-decoration: none; padding: 2px 8px; border-radius: 4px; font-size: 0.8em;"">View Post</a>",3,"ericphilip1980","2025-11-10 06:31:18",7,1194,78,0,2,"KondisiterkinimusholaPONPESAIKhozinySidoarjoambruksaatsalatashar.#jtvjember#evakuasi#sidoarjo#fyp"
"<a href=""https://www.tiktok.com/@ericphilip1980/video/7570980209629891895"" target=""_blank"" class=""btn btn-sm"" style=""background-color: #00926c; color: white; text-decoration: none; padding: 2px 8px; border-radius: 4px; font-size: 0.8em;"">View Post</a>",3,"ericphilip1980","2025-11-10 06:30:44",7,1483,73,2,8,"KondisiterkinimusholaPONPESAIKhozinySidoarjoambruksaatsalatashar.#jtvjember#evakuasi#sidoarjo#fyp"
"<a href=""https://www.tiktok.com/@rdrgr6sqa6/video/7570976358415863054"" target=""_blank"" class=""btn btn-sm"" style=""background-color: #00926c; color: white; text-decoration: none; padding: 2px 8px; border-radius: 4px; font-size: 0.8em;"">View Post</a>",3,"rdrgr6sqa6","2025-11-10 06:16:02",7,1842,117,1,5,"KondisiterkinimusholaPONPESAIKhozinySidoarjoambruksaatsalatashar.#jtvjember#evakuasi#sidoarjo#fyp"
"<a href=""https://www.tiktok.com/@qaf4jbflw4/video/7570976255529569567"" target=""_blank"" class=""btn btn-sm"" style=""background-color: #00926c; color: white; text-decoration: none; padding: 2px 8px; border-radius: 4px; font-size: 0.8em;"">View Post</a>",3,"qaf4jbflw4","2025-11-10 06:15:11",7,224,22,1,0,"KondisiterkinimusholaPONPESAIKhozinySidoarjoambruksaatsalatashar.#jtvjember#evakuasi#sidoarjo#fyp"
"<a href=""https://www.tiktok.com/@v0tgsso365/video/7570975967301078302"" target=""_blank"" class=""btn btn-sm"" style=""background-color: #00926c; color: white; text-decoration: none; padding: 2px 8px; border-radius: 4px; font-size: 0.8em;"">View Post</a>",3,"v0tgsso365","2025-11-10 06:13:37",7,4158,10,0,0,"KondisiterkinimusholaPONPESAIKhozinySidoarjoambruksaatsalatashar.#jtvjember#evakuasi#sidoarjo#fyp"
"<a href=""https://www.tiktok.com/@basilberthaeq0301/video/7570975946145025293"" target=""_blank"" class=""btn btn-sm"" style=""background-color: #00926c; color: white; text-decoration: none; padding: 2px 8px; border-radius: 4px; font-size: 0.8em;"">View Post</a>",3,"basilberthaeq0301","2025-11-10 06:14:22",7,939,25,1,1,"KondisiterkinimusholaPONPESAIKhozinySidoarjoambruksaatsalatashar.#jtvjember#evakuasi#sidoarjo#fyp"
"<a href=""https://www.tiktok.com/@oeplbsknc6/video/7570975934346562847"" target=""_blank"" class=""btn btn-sm"" style=""background-color: #00926c; color: white; text-decoration: none; padding: 2px 8px; border-radius: 4px; font-size: 0.8em;"">View Post</a>",3,"oeplbsknc6","2025-11-10 06:14:01",7,10498,124,1,1,"KondisiterkinimusholaPONPESAIKhozinySidoarjoambruksaatsalatashar.#jtvjember#evakuasi#sidoarjo#fyp"
"<a href=""https://www.tiktok.com/@basilberthaeq0301/video/7570975826682858766"" target=""_blank"" class=""btn btn-sm"" style=""background-color: #00926c; color: white; text-decoration: none; padding: 2px 8px; border-radius: 4px; font-size: 0.8em;"">View Post</a>",3,"basilberthaeq0301","2025-11-10 06:13:49",7,355,15,1,10,"KondisiterkinimusholaPONPESAIKhozinySidoarjoambruksaatsalatashar.#jtvjember#evakuasi#sidoarjo#fyp"
"<a href=""https://www.tiktok.com/@oeplbsknc6/video/7570975805203811614"" target=""_blank"" class=""btn btn-sm"" style=""background-color: #00926c; color: white; text-decoration: none; padding: 2px 8px; border-radius: 4px; font-size: 0.8em;"">View Post</a>",3,"oeplbsknc6","2025-11-10 06:12:59",7,4554,42,1,0,"KondisiterkinimusholaPONPESAIKhozinySidoarjoambruksaatsalatashar.#jtvjember#evakuasi#sidoarjo#fyp"
"<a href=""https://www.tiktok.com/@qaf4jbflw4/video/7570975697276063007"" target=""_blank"" class=""btn btn-sm"" style=""background-color: #00926c; color: white; text-decoration: none; padding: 2px 8px; border-radius: 4px; font-size: 0.8em;"">View Post</a>",3,"qaf4jbflw4","2025-11-10 06:12:55",7,1092,51,3,8,"KondisiterkinimusholaPONPESAIKhozinySidoarjoambruksaatsalatashar.#jtvjember#evakuasi#sidoarjo#fyp"
"<a href=""https://www.tiktok.com/@rdrgr6sqa6/video/7570975630242663694"" target=""_blank"" class=""btn btn-sm"" style=""background-color: #00926c; color: white; text-decoration: none; padding: 2px 8px; border-radius: 4px; font-size: 0.8em;"">View Post</a>",3,"rdrgr6sqa6","2025-11-10 06:13:17",7,1315,21,0,0,"KondisiterkinimusholaPONPESAIKhozinySidoarjoambruksaatsalatashar.#jtvjember#evakuasi#sidoarjo#fyp"
"<a href=""https://www.tiktok.com/@basilberthaeq0301/video/7570975623863160077"" target=""_blank"" class=""btn btn-sm"" style=""background-color: #00926c; color: white; text-decoration: none; padding: 2px 8px; border-radius: 4px; font-size: 0.8em;"">View Post</a>",3,"basilberthaeq0301","2025-11-10 06:12:52",7,889,20,0,0,"KondisiterkinimusholaPONPESAIKhozinySidoarjoambruksaatsalatashar.#jtvjember#evakuasi#sidoarjo#fyp"
"<a href=""https://www.tiktok.com/@oeplbsknc6/video/7570975616330255647"" target=""_blank"" class=""btn btn-sm"" style=""background-color: #00926c; color: white; text-decoration: none; padding: 2px 8px; border-radius: 4px; font-size: 0.8em;"">View Post</a>",3,"oeplbsknc6","2025-11-10 06:12:56",7,3681,16,0,3,"KondisiterkinimusholaPONPESAIKhozinySidoarjoambruksaatsalatashar.#jtvjember#evakuasi#sidoarjo#fyp"
"<a href=""https://www.tiktok.com/@qaf4jbflw4/video/7570975541759577375"" target=""_blank"" class=""btn btn-sm"" style=""background-color: #00926c; color: white; text-decoration: none; padding: 2px 8px; border-radius: 4px; font-size: 0.8em;"">View Post</a>",3,"qaf4jbflw4","2025-11-10 06:12:00",7,3641,122,5,3,"KondisiterkinimusholaPONPESAIKhozinySidoarjoambruksaatsalatashar.#jtvjember#evakuasi#sidoarjo#fyp"
"<a href=""https://www.tiktok.com/@rdrgr6sqa6/video/7570975490861796622"" target=""_blank"" class=""btn btn-sm"" style=""background-color: #00926c; color: white; text-decoration: none; padding: 2px 8px; border-radius: 4px; font-size: 0.8em;"">View Post</a>",3,"rdrgr6sqa6","2025-11-10 06:12:51",7,3718,22,0,0,"KondisiterkinimusholaPONPESAIKhozinySidoarjoambruksaatsalatashar.#jtvjember#evakuasi#sidoarjo#fyp"
"<a href=""https://www.tiktok.com/@v0tgsso365/video/7570975440567815454"" target=""_blank"" class=""btn btn-sm"" style=""background-color: #00926c; color: white; text-decoration: none; padding: 2px 8px; border-radius: 4px; font-size: 0.8em;"">View Post</a>",3,"v0tgsso365","2025-11-10 06:12:00",7,296,10,0,0,"KondisiterkinimusholaPONPESAIKhozinySidoarjoambruksaatsalatashar.#jtvjember#evakuasi#sidoarjo#fyp"
"<a href=""https://www.tiktok.com/@basilberthaeq0301/video/7570975329712442638"" target=""_blank"" class=""btn btn-sm"" style=""background-color: #00926c; color: white; text-decoration: none; padding: 2px 8px; border-radius: 4px; font-size: 0.8em;"">View Post</a>",3,"basilberthaeq0301","2025-11-10 06:11:54",7,1155,38,0,1,"KondisiterkinimusholaPONPESAIKhozinySidoarjoambruksaatsalatashar.#jtvjember#evakuasi#sidoarjo#fyp"
"<a href=""https://www.tiktok.com/@oeplbsknc6/video/7570975293121334558"" target=""_blank"" class=""btn btn-sm"" style=""background-color: #00926c; color: white; text-decoration: none; padding: 2px 8px; border-radius: 4px; font-size: 0.8em;"">View Post</a>",3,"oeplbsknc6","2025-11-10 06:11:28",7,3581,15,0,1,"KondisiterkinimusholaPONPESAIKhozinySidoarjoambruksaatsalatashar.#jtvjember#evakuasi#sidoarjo#fyp"
"<a href=""https://www.tiktok.com/@kwzxkybit7/video/7570974958621347086"" target=""_blank"" class=""btn btn-sm"" style=""background-color: #00926c; color: white; text-decoration: none; padding: 2px 8px; border-radius: 4px; font-size: 0.8em;"">View Post</a>",4,"kwzxkybit7","2025-11-10 06:10:18",7,4155,70,1,2,"KondisiterkinimusholaPONPESAIKhozinySidoarjoambruksaatsalatashar.#jtvjember#evakuasi#sidoarjo#fyp"
"<a href=""https://www.tiktok.com/@kwzxkybit7/video/7570974748105035022"" target=""_blank"" class=""btn btn-sm"" style=""background-color: #00926c; color: white; text-decoration: none; padding: 2px 8px; border-radius: 4px; font-size: 0.8em;"">View Post</a>",4,"kwzxkybit7","2025-11-10 06:09:30",7,1164,148,0,1,"KondisiterkinimusholaPONPESAIKhozinySidoarjoambruksaatsalatashar.#jtvjember#evakuasi#sidoarjo#fyp"
"<a href=""https://www.tiktok.com/@te45to3px0/video/7570973389725125918"" target=""_blank"" class=""btn btn-sm"" style=""background-color: #00926c; color: white; text-decoration: none; padding: 2px 8px; border-radius: 4px; font-size: 0.8em;"">View Post</a>",4,"te45to3px0","2025-11-10 06:04:04",7,2131,33,0,3,"KondisiterkinimusholaPONPESAIKhozinySidoarjoambruksaatsalatashar.#jtvjember#evakuasi#sidoarjo#fyp"
"<a href=""https://www.tiktok.com/@kwzxkybit7/video/7570973349103308087"" target=""_blank"" class=""btn btn-sm"" style=""background-color: #00926c; color: white; text-decoration: none; padding: 2px 8px; border-radius: 4px; font-size: 0.8em;"">View Post</a>",4,"kwzxkybit7","2025-11-10 06:04:07",7,415,10,0,0,"KondisiterkinimusholaPONPESAIKhozinySidoarjoambruksaatsalatashar.#jtvjember#evakuasi#sidoarjo#fyp"
"<a href=""https://www.tiktok.com/@mqnytryld6/video/7570973081720671543"" target=""_blank"" class=""btn btn-sm"" style=""background-color: #00926c; color: white; text-decoration: none; padding: 2px 8px; border-radius: 4px; font-size: 0.8em;"">View Post</a>",3,"mqnytryld6","2025-11-10 06:03:12",7,1091,89,0,5,"KondisiterkinimusholaPONPESAIKhozinySidoarjoambruksaatsalatashar.#jtvjember#evakuasi#sidoarjo#fyp"
"<a href=""https://www.tiktok.com/@te45to3px0/video/7570972923184368927"" target=""_blank"" class=""btn btn-sm"" style=""background-color: #00926c; color: white; text-decoration: none; padding: 2px 8px; border-radius: 4px; font-size: 0.8em;"">View Post</a>",4,"te45to3px0","2025-11-10 06:02:16",7,448,20,0,0,"KondisiterkinimusholaPONPESAIKhozinySidoarjoambruksaatsalatashar.#jtvjember#evakuasi#sidoarjo#fyp"
"<a href=""https://www.tiktok.com/@mqnytryld6/video/7570972574767697165"" target=""_blank"" class=""btn btn-sm"" style=""background-color: #00926c; color: white; text-decoration: none; padding: 2px 8px; border-radius: 4px; font-size: 0.8em;"">View Post</a>",3,"mqnytryld6","2025-11-10 06:01:04",7,596,32,0,0,"KondisiterkinimusholaPONPESAIKhozinySidoarjoambruksaatsalatashar.#jtvjember#evakuasi#sidoarjo#fyp"
"<a href=""https://www.tiktok.com/@te45to3px0/video/7570972571173162270"" target=""_blank"" class=""btn btn-sm"" style=""background-color: #00926c; color: white; text-decoration: none; padding: 2px 8px; border-radius: 4px; font-size: 0.8em;"">View Post</a>",4,"te45to3px0","2025-11-10 06:00:54",7,314,7,0,0,"KondisiterkinimusholaPONPESAIKhozinySidoarjoambruksaatsalatashar.#jtvjember#evakuasi#sidoarjo#fyp"
"<a href=""https://www.tiktok.com/@kwzxkybit7/video/7570972401949805879"" target=""_blank"" class=""btn btn-sm"" style=""background-color: #00926c; color: white; text-decoration: none; padding: 2px 8px; border-radius: 4px; font-size: 0.8em;"">View Post</a>",4,"kwzxkybit7","2025-11-10 06:00:21",7,3650,45,2,5,"KondisiterkinimusholaPONPESAIKhozinySidoarjoambruksaatsalatashar.#jtvjember#evakuasi#sidoarjo#fyp"
"<a href=""https://www.tiktok.com/@te45to3px0/video/7570636497381051678"" target=""_blank"" class=""btn btn-sm"" style=""background-color: #00926c; color: white; text-decoration: none; padding: 2px 8px; border-radius: 4px; font-size: 0.8em;"">View Post</a>",4,"te45to3px0","2025-11-09 08:16:42",7,1488,35,1,40,"KondisiterkinimusholaPONPESAIKhozinySidoarjoambruksaatsalatashar.#jtvjember#evakuasi#sidoarjo#fyp"
"<a href=""https://www.tiktok.com/@te45to3px0/video/7570636450299989278"" target=""_blank"" class=""btn btn-sm"" style=""background-color: #00926c; color: white; text-decoration: none; padding: 2px 8px; border-radius: 4px; font-size: 0.8em;"">View Post</a>",4,"te45to3px0","2025-11-09 08:16:40",7,1414,41,0,1,"KondisiterkinimusholaPONPESAIKhozinySidoarjoambruksaatsalatashar.#jtvjember#evakuasi#sidoarjo#fyp"
"<a href=""https://www.tiktok.com/@kwzxkybit7/video/7570636241411083533"" target=""_blank"" class=""btn btn-sm"" style=""background-color: #00926c; color: white; text-decoration: none; padding: 2px 8px; border-radius: 4px; font-size: 0.8em;"">View Post</a>",4,"kwzxkybit7","2025-11-09 08:16:51",7,3940,41,0,1,"KondisiterkinimusholaPONPESAIKhozinySidoarjoambruksaatsalatashar.#jtvjember#evakuasi#sidoarjo#fyp"
"<a href=""https://www.tiktok.com/@v0tgsso365/video/7570636204270488863"" target=""_blank"" class=""btn btn-sm"" style=""background-color: #00926c; color: white; text-decoration: none; padding: 2px 8px; border-radius: 4px; font-size: 0.8em;"">View Post</a>",3,"v0tgsso365","2025-11-09 08:15:43",7,3838,20,0,2,"KondisiterkinimusholaPONPESAIKhozinySidoarjoambruksaatsalatashar.#jtvjember#evakuasi#sidoarjo#fyp"
"<a href=""https://www.tiktok.com/@kwzxkybit7/video/7570636128806522125"" target=""_blank"" class=""btn btn-sm"" style=""background-color: #00926c; color: white; text-decoration: none; padding: 2px 8px; border-radius: 4px; font-size: 0.8em;"">View Post</a>",4,"kwzxkybit7","2025-11-09 08:15:48",7,4317,40,0,1,"KondisiterkinimusholaPONPESAIKhozinySidoarjoambruksaatsalatashar.#jtvjember#evakuasi#sidoarjo#fyp"
"<a href=""https://www.tiktok.com/@kwzxkybit7/video/7570634431166303543"" target=""_blank"" class=""btn btn-sm"" style=""background-color: #00926c; color: white; text-decoration: none; padding: 2px 8px; border-radius: 4px; font-size: 0.8em;"">View Post</a>",4,"kwzxkybit7","2025-11-09 08:09:37",7,1499,70,0,0,"KondisiterkinimusholaPONPESAIKhozinySidoarjoambruksaatsalatashar.#jtvjember#evakuasi#sidoarjo#fyp"
"<a href=""https://www.tiktok.com/@mqnytryld6/video/7570634144913329422"" target=""_blank"" class=""btn btn-sm"" style=""background-color: #00926c; color: white; text-decoration: none; padding: 2px 8px; border-radius: 4px; font-size: 0.8em;"">View Post</a>",3,"mqnytryld6","2025-11-09 08:08:03",7,3832,93,1,2,"KondisiterkinimusholaPONPESAIKhozinySidoarjoambruksaatsalatashar.#jtvjember#evakuasi#sidoarjo#fyp"
"<a href=""https://www.tiktok.com/@ericphilip1980/video/7570634008091020558"" target=""_blank"" class=""btn btn-sm"" style=""background-color: #00926c; color: white; text-decoration: none; padding: 2px 8px; border-radius: 4px; font-size: 0.8em;"">View Post</a>",3,"ericphilip1980","2025-11-09 08:07:46",7,1312,71,0,5,"KondisiterkinimusholaPONPESAIKhozinySidoarjoambruksaatsalatashar.#jtvjember#evakuasi#sidoarjo#fyp"
"<a href=""https://www.tiktok.com/@ericphilip1980/video/7570633971265015095"" target=""_blank"" class=""btn btn-sm"" style=""background-color: #00926c; color: white; text-decoration: none; padding: 2px 8px; border-radius: 4px; font-size: 0.8em;"">View Post</a>",3,"ericphilip1980","2025-11-09 08:07:44",7,3911,272,1,18,"KondisiterkinimusholaPONPESAIKhozinySidoarjoambruksaatsalatashar.#jtvjember#evakuasi#sidoarjo#fyp"
"<a href=""https://www.tiktok.com/@ericphilip1980/video/7570633964214340877"" target=""_blank"" class=""btn btn-sm"" style=""background-color: #00926c; color: white; text-decoration: none; padding: 2px 8px; border-radius: 4px; font-size: 0.8em;"">View Post</a>",3,"ericphilip1980","2025-11-09 08:07:47",7,6784,118,1,4,"KondisiterkinimusholaPONPESAIKhozinySidoarjoambruksaatsalatashar.#jtvjember#evakuasi#sidoarjo#fyp"
"<a href=""https://www.tiktok.com/@ericphilip1980/video/7570633925786209550"" target=""_blank"" class=""btn btn-sm"" style=""background-color: #00926c; color: white; text-decoration: none; padding: 2px 8px; border-radius: 4px; font-size: 0.8em;"">View Post</a>",3,"ericphilip1980","2025-11-09 08:07:43",7,1034,61,4,29,"KondisiterkinimusholaPONPESAIKhozinySidoarjoambruksaatsalatashar.#jtvjember#evakuasi#sidoarjo#fyp"
"<a href=""https://www.tiktok.com/@v0tgsso365/video/7570633779606195486"" target=""_blank"" class=""btn btn-sm"" style=""background-color: #00926c; color: white; text-decoration: none; padding: 2px 8px; border-radius: 4px; font-size: 0.8em;"">View Post</a>",3,"v0tgsso365","2025-11-09 08:06:08",7,726,18,0,1,"KondisiterkinimusholaPONPESAIKhozinySidoarjoambruksaatsalatashar.#jtvjember#evakuasi#sidoarjo#fyp"
"<a href=""https://www.tiktok.com/@v0tgsso365/video/7570633740360158495"" target=""_blank"" class=""btn btn-sm"" style=""background-color: #00926c; color: white; text-decoration: none; padding: 2px 8px; border-radius: 4px; font-size: 0.8em;"">View Post</a>",3,"v0tgsso365","2025-11-09 08:06:03",7,549,19,0,0,"KondisiterkinimusholaPONPESAIKhozinySidoarjoambruksaatsalatashar.#jtvjember#evakuasi#sidoarjo#fyp"
"<a href=""https://www.tiktok.com/@mqnytryld6/video/7570633575653969207"" target=""_blank"" class=""btn btn-sm"" style=""background-color: #00926c; color: white; text-decoration: none; padding: 2px 8px; border-radius: 4px; font-size: 0.8em;"">View Post</a>",3,"mqnytryld6","2025-11-09 08:05:42",7,1044,43,0,0,"KondisiterkinimusholaPONPESAIKhozinySidoarjoambruksaatsalatashar.#jtvjember#evakuasi#sidoarjo#fyp"
"<a href=""https://www.tiktok.com/@rdrgr6sqa6/video/7570633533887106318"" target=""_blank"" class=""btn btn-sm"" style=""background-color: #00926c; color: white; text-decoration: none; padding: 2px 8px; border-radius: 4px; font-size: 0.8em;"">View Post</a>",3,"rdrgr6sqa6","2025-11-09 08:05:36",7,2212,60,0,1,"KondisiterkinimusholaPONPESAIKhozinySidoarjoambruksaatsalatashar.#jtvjember#evakuasi#sidoarjo#fyp"
"<a href=""https://www.tiktok.com/@mqnytryld6/video/7570633463095659789"" target=""_blank"" class=""btn btn-sm"" style=""background-color: #00926c; color: white; text-decoration: none; padding: 2px 8px; border-radius: 4px; font-size: 0.8em;"">View Post</a>",3,"mqnytryld6","2025-11-09 08:05:13",7,290,11,0,0,"KondisiterkinimusholaPONPESAIKhozinySidoarjoambruksaatsalatashar.#jtvjember#evakuasi#sidoarjo#fyp"
"<a href=""https://www.tiktok.com/@oeplbsknc6/video/7570632331770318110"" target=""_blank"" class=""btn btn-sm"" style=""background-color: #00926c; color: white; text-decoration: none; padding: 2px 8px; border-radius: 4px; font-size: 0.8em;"">View Post</a>",3,"oeplbsknc6","2025-11-09 08:00:33",7,6190,87,2,2,"KondisiterkinimusholaPONPESAIKhozinySidoarjoambruksaatsalatashar.#jtvjember#evakuasi#sidoarjo#fyp"
"<a href=""https://www.tiktok.com/@rdrgr6sqa6/video/7570632223586553143"" target=""_blank"" class=""btn btn-sm"" style=""background-color: #00926c; color: white; text-decoration: none; padding: 2px 8px; border-radius: 4px; font-size: 0.8em;"">View Post</a>",3,"rdrgr6sqa6","2025-11-09 08:00:48",7,788,37,1,1,"KondisiterkinimusholaPONPESAIKhozinySidoarjoambruksaatsalatashar.#jtvjember#evakuasi#sidoarjo#fyp"
"<a href=""https://www.tiktok.com/@basilberthaeq0301/video/7570631822871219470"" target=""_blank"" class=""btn btn-sm"" style=""background-color: #00926c; color: white; text-decoration: none; padding: 2px 8px; border-radius: 4px; font-size: 0.8em;"">View Post</a>",3,"basilberthaeq0301","2025-11-09 07:59:30",7,4729,46,0,0,"KondisiterkinimusholaPONPESAIKhozinySidoarjoambruksaatsalatashar.#jtvjember#evakuasi#sidoarjo#fyp"
"<a href=""https://www.tiktok.com/@qaf4jbflw4/video/7570631637067631903"" target=""_blank"" class=""btn btn-sm"" style=""background-color: #00926c; color: white; text-decoration: none; padding: 2px 8px; border-radius: 4px; font-size: 0.8em;"">View Post</a>",3,"qaf4jbflw4","2025-11-09 07:57:51",7,3335,191,1,19,"KondisiterkinimusholaPONPESAIKhozinySidoarjoambruksaatsalatashar.#jtvjember#evakuasi#sidoarjo#fyp"
"<a href=""https://www.tiktok.com/@oeplbsknc6/video/7570631600979954974"" target=""_blank"" class=""btn btn-sm"" style=""background-color: #00926c; color: white; text-decoration: none; padding: 2px 8px; border-radius: 4px; font-size: 0.8em;"">View Post</a>",3,"oeplbsknc6","2025-11-09 07:57:53",7,4267,8,0,0,"KondisiterkinimusholaPONPESAIKhozinySidoarjoambruksaatsalatashar.#jtvjember#evakuasi#sidoarjo#fyp"
"<a href=""https://www.tiktok.com/@basilberthaeq0301/video/7570631509141425421"" target=""_blank"" class=""btn btn-sm"" style=""background-color: #00926c; color: white; text-decoration: none; padding: 2px 8px; border-radius: 4px; font-size: 0.8em;"">View Post</a>",3,"basilberthaeq0301","2025-11-09 07:58:06",7,676,14,0,1,"KondisiterkinimusholaPONPESAIKhozinySidoarjoambruksaatsalatashar.#jtvjember#evakuasi#sidoarjo#fyp"
"<a href=""https://www.tiktok.com/@oeplbsknc6/video/7570631009838927134"" target=""_blank"" class=""btn btn-sm"" style=""background-color: #00926c; color: white; text-decoration: none; padding: 2px 8px; border-radius: 4px; font-size: 0.8em;"">View Post</a>",3,"oeplbsknc6","2025-11-09 07:55:33",7,5229,219,3,3,"KondisiterkinimusholaPONPESAIKhozinySidoarjoambruksaatsalatashar.#jtvjember#evakuasi#sidoarjo#fyp"
"<a href=""https://www.tiktok.com/@basilberthaeq0301/video/7570630955816291597"" target=""_blank"" class=""btn btn-sm"" style=""background-color: #00926c; color: white; text-decoration: none; padding: 2px 8px; border-radius: 4px; font-size: 0.8em;"">View Post</a>",3,"basilberthaeq0301","2025-11-09 07:56:00",7,3221,52,0,0,"KondisiterkinimusholaPONPESAIKhozinySidoarjoambruksaatsalatashar.#jtvjember#evakuasi#sidoarjo#fyp"
"<a href=""https://www.tiktok.com/@rdrgr6sqa6/video/7570630789033954615"" target=""_blank"" class=""btn btn-sm"" style=""background-color: #00926c; color: white; text-decoration: none; padding: 2px 8px; border-radius: 4px; font-size: 0.8em;"">View Post</a>",3,"rdrgr6sqa6","2025-11-09 07:55:11",7,1803,65,1,2,"KondisiterkinimusholaPONPESAIKhozinySidoarjoambruksaatsalatashar.#jtvjember#evakuasi#sidoarjo#fyp"
"<a href=""https://www.tiktok.com/@qaf4jbflw4/video/7570630607621868830"" target=""_blank"" class=""btn btn-sm"" style=""background-color: #00926c; color: white; text-decoration: none; padding: 2px 8px; border-radius: 4px; font-size: 0.8em;"">View Post</a>",3,"qaf4jbflw4","2025-11-09 07:53:50",7,1103,56,0,0,"KondisiterkinimusholaPONPESAIKhozinySidoarjoambruksaatsalatashar.#jtvjember#evakuasi#sidoarjo#fyp"
"<a href=""https://www.tiktok.com/@qaf4jbflw4/video/7570630576139439391"" target=""_blank"" class=""btn btn-sm"" style=""background-color: #00926c; color: white; text-decoration: none; padding: 2px 8px; border-radius: 4px; font-size: 0.8em;"">View Post</a>",3,"qaf4jbflw4","2025-11-09 07:53:44",7,1014,59,2,3,"KondisiterkinimusholaPONPESAIKhozinySidoarjoambruksaatsalatashar.#jtvjember#evakuasi#sidoarjo#fyp"
"<a href=""https://www.tiktok.com/@basilberthaeq0301/video/7570630389581040910"" target=""_blank"" class=""btn btn-sm"" style=""background-color: #00926c; color: white; text-decoration: none; padding: 2px 8px; border-radius: 4px; font-size: 0.8em;"">View Post</a>",3,"basilberthaeq0301","2025-11-09 07:53:33",7,3388,15,0,2,"KondisiterkinimusholaPONPESAIKhozinySidoarjoambruksaatsalatashar.#jtvjember#evakuasi#sidoarjo#fyp"
"<a href=""https://www.tiktok.com/@oeplbsknc6/video/7570630283540630814"" target=""_blank"" class=""btn btn-sm"" style=""background-color: #00926c; color: white; text-decoration: none; padding: 2px 8px; border-radius: 4px; font-size: 0.8em;"">View Post</a>",3,"oeplbsknc6","2025-11-09 07:52:44",7,1143,26,1,1,"KondisiterkinimusholaPONPESAIKhozinySidoarjoambruksaatsalatashar.#jtvjember#evakuasi#sidoarjo#fyp"
"<a href=""https://www.tiktok.com/@rdrgr6sqa6/video/7570630174912351502"" target=""_blank"" class=""btn btn-sm"" style=""background-color: #00926c; color: white; text-decoration: none; padding: 2px 8px; border-radius: 4px; font-size: 0.8em;"">View Post</a>",3,"rdrgr6sqa6","2025-11-09 07:52:54",7,3263,101,3,7,"KondisiterkinimusholaPONPESAIKhozinySidoarjoambruksaatsalatashar.#jtvjember#evakuasi#sidoarjo#fyp"
"<a href=""https://www.tiktok.com/@kwzxkybit7/video/7570281020411448590"" target=""_blank"" class=""btn btn-sm"" style=""background-color: #00926c; color: white; text-decoration: none; padding: 2px 8px; border-radius: 4px; font-size: 0.8em;"">View Post</a>",4,"kwzxkybit7","2025-11-08 09:19:08",7,4729,55,1,2,"KondisiterkinimusholaPONPESAIKhozinySidoarjoambruksaatsalatashar.#jtvjember#evakuasi#sidoarjo#fyp"
"<a href=""https://www.tiktok.com/@kwzxkybit7/video/7570280327541804343"" target=""_blank"" class=""btn btn-sm"" style=""background-color: #00926c; color: white; text-decoration: none; padding: 2px 8px; border-radius: 4px; font-size: 0.8em;"">View Post</a>",4,"kwzxkybit7","2025-11-08 09:15:51",7,414,45,1,1,"KondisiterkinimusholaPONPESAIKhozinySidoarjoambruksaatsalatashar.#jtvjember#evakuasi#sidoarjo#fyp"
"<a href=""https://www.tiktok.com/@kwzxkybit7/video/7570278893077237047"" target=""_blank"" class=""btn btn-sm"" style=""background-color: #00926c; color: white; text-decoration: none; padding: 2px 8px; border-radius: 4px; font-size: 0.8em;"">View Post</a>",4,"kwzxkybit7","2025-11-08 09:10:17",7,860,57,1,1,"KondisiterkinimusholaPONPESAIKhozinySidoarjoambruksaatsalatashar.#jtvjember#evakuasi#sidoarjo#fyp"
"<a href=""https://www.tiktok.com/@v0tgsso365/video/7570278416222588190"" target=""_blank"" class=""btn btn-sm"" style=""background-color: #00926c; color: white; text-decoration: none; padding: 2px 8px; border-radius: 4px; font-size: 0.8em;"">View Post</a>",3,"v0tgsso365","2025-11-08 09:07:32",7,5162,17,1,1,"KondisiterkinimusholaPONPESAIKhozinySidoarjoambruksaatsalatashar.#jtvjember#evakuasi#sidoarjo#fyp"
"<a href=""https://www.tiktok.com/@v0tgsso365/video/7570277466992872735"" target=""_blank"" class=""btn btn-sm"" style=""background-color: #00926c; color: white; text-decoration: none; padding: 2px 8px; border-radius: 4px; font-size: 0.8em;"">View Post</a>",3,"v0tgsso365","2025-11-08 09:03:51",7,4533,16,1,2,"KondisiterkinimusholaPONPESAIKhozinySidoarjoambruksaatsalatashar.#jtvjember#evakuasi#sidoarjo#fyp"
"<a href=""https://www.tiktok.com/@mqnytryld6/video/7570277183634050317"" target=""_blank"" class=""btn btn-sm"" style=""background-color: #00926c; color: white; text-decoration: none; padding: 2px 8px; border-radius: 4px; font-size: 0.8em;"">View Post</a>",3,"mqnytryld6","2025-11-08 09:03:22",7,909,88,0,2,"KondisiterkinimusholaPONPESAIKhozinySidoarjoambruksaatsalatashar.#jtvjember#evakuasi#sidoarjo#fyp"
"<a href=""https://www.tiktok.com/@qaf4jbflw4/video/7570277071121829151"" target=""_blank"" class=""btn btn-sm"" style=""background-color: #00926c; color: white; text-decoration: none; padding: 2px 8px; border-radius: 4px; font-size: 0.8em;"">View Post</a>",3,"qaf4jbflw4","2025-11-08 09:02:22",7,838,52,0,1,"KondisiterkinimusholaPONPESAIKhozinySidoarjoambruksaatsalatashar.#jtvjember#evakuasi#sidoarjo#fyp"
"<a href=""https://www.tiktok.com/@qaf4jbflw4/video/7570276999718063391"" target=""_blank"" class=""btn btn-sm"" style=""background-color: #00926c; color: white; text-decoration: none; padding: 2px 8px; border-radius: 4px; font-size: 0.8em;"">View Post</a>",3,"qaf4jbflw4","2025-11-08 09:02:05",7,3886,179,1,5,"KondisiterkinimusholaPONPESAIKhozinySidoarjoambruksaatsalatashar.#jtvjember#evakuasi#sidoarjo#fyp"
"<a href=""https://www.tiktok.com/@v0tgsso365/video/7570276244978191646"" target=""_blank"" class=""btn btn-sm"" style=""background-color: #00926c; color: white; text-decoration: none; padding: 2px 8px; border-radius: 4px; font-size: 0.8em;"">View Post</a>",3,"v0tgsso365","2025-11-08 08:59:12",7,424,2,0,0,"KondisiterkinimusholaPONPESAIKhozinySidoarjoambruksaatsalatashar.#jtvjember#evakuasi#sidoarjo#fyp"
"<a href=""https://www.tiktok.com/@qaf4jbflw4/video/7570274812925414687"" target=""_blank"" class=""btn btn-sm"" style=""background-color: #00926c; color: white; text-decoration: none; padding: 2px 8px; border-radius: 4px; font-size: 0.8em;"">View Post</a>",3,"qaf4jbflw4","2025-11-08 08:53:36",7,3473,109,1,8,"KondisiterkinimusholaPONPESAIKhozinySidoarjoambruksaatsalatashar.#jtvjember#evakuasi#sidoarjo#fyp"
"<a href=""https://www.tiktok.com/@oeplbsknc6/video/7570254218724969758"" target=""_blank"" class=""btn btn-sm"" style=""background-color: #00926c; color: white; text-decoration: none; padding: 2px 8px; border-radius: 4px; font-size: 0.8em;"">View Post</a>",3,"oeplbsknc6","2025-11-08 07:33:16",7,3997,35,1,1,"KondisiterkinimusholaPONPESAIKhozinySidoarjoambruksaatsalatashar.#jtvjember#evakuasi#sidoarjo#fyp"
"<a href=""https://www.tiktok.com/@oeplbsknc6/video/7570254014089153823"" target=""_blank"" class=""btn btn-sm"" style=""background-color: #00926c; color: white; text-decoration: none; padding: 2px 8px; border-radius: 4px; font-size: 0.8em;"">View Post</a>",3,"oeplbsknc6","2025-11-08 07:32:47",7,3988,17,1,0,"KondisiterkinimusholaPONPESAIKhozinySidoarjoambruksaatsalatashar.#jtvjember#evakuasi#sidoarjo#fyp"
"<a href=""https://www.tiktok.com/@oeplbsknc6/video/7570252707764686110"" target=""_blank"" class=""btn btn-sm"" style=""background-color: #00926c; color: white; text-decoration: none; padding: 2px 8px; border-radius: 4px; font-size: 0.8em;"">View Post</a>",3,"oeplbsknc6","2025-11-08 07:27:29",7,5462,37,3,4,"KondisiterkinimusholaPONPESAIKhozinySidoarjoambruksaatsalatashar.#jtvjember#evakuasi#sidoarjo#fyp"
"<a href=""https://www.tiktok.com/@oeplbsknc6/video/7570252689255288095"" target=""_blank"" class=""btn btn-sm"" style=""background-color: #00926c; color: white; text-decoration: none; padding: 2px 8px; border-radius: 4px; font-size: 0.8em;"">View Post</a>",3,"oeplbsknc6","2025-11-08 07:27:30",7,1145,38,3,1,"KondisiterkinimusholaPONPESAIKhozinySidoarjoambruksaatsalatashar.#jtvjember#evakuasi#sidoarjo#fyp"
"<a href=""https://www.tiktok.com/@basilberthaeq0301/video/7570251675181616397"" target=""_blank"" class=""btn btn-sm"" style=""background-color: #00926c; color: white; text-decoration: none; padding: 2px 8px; border-radius: 4px; font-size: 0.8em;"">View Post</a>",3,"basilberthaeq0301","2025-11-08 07:24:13",7,3509,8,0,1,"KondisiterkinimusholaPONPESAIKhozinySidoarjoambruksaatsalatashar.#jtvjember#evakuasi#sidoarjo#fyp"
"<a href=""https://www.tiktok.com/@basilberthaeq0301/video/7570251667539528973"" target=""_blank"" class=""btn btn-sm"" style=""background-color: #00926c; color: white; text-decoration: none; padding: 2px 8px; border-radius: 4px; font-size: 0.8em;"">View Post</a>",3,"basilberthaeq0301","2025-11-08 07:24:12",7,5055,5,0,0,"KondisiterkinimusholaPONPESAIKhozinySidoarjoambruksaatsalatashar.#jtvjember#evakuasi#sidoarjo#fyp"
"<a href=""https://www.tiktok.com/@te45to3px0/video/7570244209261677855"" target=""_blank"" class=""btn btn-sm"" style=""background-color: #00926c; color: white; text-decoration: none; padding: 2px 8px; border-radius: 4px; font-size: 0.8em;"">View Post</a>",4,"te45to3px0","2025-11-08 06:54:16",7,547,37,1,0,"KondisiterkinimusholaPONPESAIKhozinySidoarjoambruksaatsalatashar.#jtvjember#evakuasi#sidoarjo#fyp"
"<a href=""https://www.tiktok.com/@te45to3px0/video/7570243881829174558"" target=""_blank"" class=""btn btn-sm"" style=""background-color: #00926c; color: white; text-decoration: none; padding: 2px 8px; border-radius: 4px; font-size: 0.8em;"">View Post</a>",4,"te45to3px0","2025-11-08 06:53:05",7,1486,110,0,1,"KondisiterkinimusholaPONPESAIKhozinySidoarjoambruksaatsalatashar.#jtvjember#evakuasi#sidoarjo#fyp"
"<a href=""https://www.tiktok.com/@te45to3px0/video/7570242790198758686"" target=""_blank"" class=""btn btn-sm"" style=""background-color: #00926c; color: white; text-decoration: none; padding: 2px 8px; border-radius: 4px; font-size: 0.8em;"">View Post</a>",4,"te45to3px0","2025-11-08 06:48:50",7,1113,29,0,0,"KondisiterkinimusholaPONPESAIKhozinySidoarjoambruksaatsalatashar.#jtvjember#evakuasi#sidoarjo#fyp"
"<a href=""https://www.tiktok.com/@ericphilip1980/video/7570238755001388301"" target=""_blank"" class=""btn btn-sm"" style=""background-color: #00926c; color: white; text-decoration: none; padding: 2px 8px; border-radius: 4px; font-size: 0.8em;"">View Post</a>",3,"ericphilip1980","2025-11-08 06:33:30",7,469,33,1,3,"KondisiterkinimusholaPONPESAIKhozinySidoarjoambruksaatsalatashar.#jtvjember#evakuasi#sidoarjo#fyp"
"<a href=""https://www.tiktok.com/@ericphilip1980/video/7570238397529197837"" target=""_blank"" class=""btn btn-sm"" style=""background-color: #00926c; color: white; text-decoration: none; padding: 2px 8px; border-radius: 4px; font-size: 0.8em;"">View Post</a>",3,"ericphilip1980","2025-11-08 06:32:12",7,4574,110,2,12,"KondisiterkinimusholaPONPESAIKhozinySidoarjoambruksaatsalatashar.#jtvjember#evakuasi#sidoarjo#fyp"
"<a href=""https://www.tiktok.com/@ericphilip1980/video/7570237637043211533"" target=""_blank"" class=""btn btn-sm"" style=""background-color: #00926c; color: white; text-decoration: none; padding: 2px 8px; border-radius: 4px; font-size: 0.8em;"">View Post</a>",3,"ericphilip1980","2025-11-08 06:28:59",7,4144,91,0,6,"KondisiterkinimusholaPONPESAIKhozinySidoarjoambruksaatsalatashar.#jtvjember#evakuasi#sidoarjo#fyp"
"<a href=""https://www.tiktok.com/@ericphilip1980/video/7570237523717393719"" target=""_blank"" class=""btn btn-sm"" style=""background-color: #00926c; color: white; text-decoration: none; padding: 2px 8px; border-radius: 4px; font-size: 0.8em;"">View Post</a>",3,"ericphilip1980","2025-11-08 06:29:00",7,1022,70,0,0,"KondisiterkinimusholaPONPESAIKhozinySidoarjoambruksaatsalatashar.#jtvjember#evakuasi#sidoarjo#fyp"
"<a href=""https://www.tiktok.com/@rdrgr6sqa6/video/7570237342829579575"" target=""_blank"" class=""btn btn-sm"" style=""background-color: #00926c; color: white; text-decoration: none; padding: 2px 8px; border-radius: 4px; font-size: 0.8em;"">View Post</a>",3,"rdrgr6sqa6","2025-11-08 06:28:19",7,2245,73,0,10,"KondisiterkinimusholaPONPESAIKhozinySidoarjoambruksaatsalatashar.#jtvjember#evakuasi#sidoarjo#fyp"
"<a href=""https://www.tiktok.com/@rdrgr6sqa6/video/7570236198849957134"" target=""_blank"" class=""btn btn-sm"" style=""background-color: #00926c; color: white; text-decoration: none; padding: 2px 8px; border-radius: 4px; font-size: 0.8em;"">View Post</a>",3,"rdrgr6sqa6","2025-11-08 06:23:39",7,6104,46,0,8,"KondisiterkinimusholaPONPESAIKhozinySidoarjoambruksaatsalatashar.#jtvjember#evakuasi#sidoarjo#fyp"
"<a href=""https://www.tiktok.com/@rdrgr6sqa6/video/7570235249569910030"" target=""_blank"" class=""btn btn-sm"" style=""background-color: #00926c; color: white; text-decoration: none; padding: 2px 8px; border-radius: 4px; font-size: 0.8em;"">View Post</a>",3,"rdrgr6sqa6","2025-11-08 06:20:01",7,3924,11,0,1,"KondisiterkinimusholaPONPESAIKhozinySidoarjoambruksaatsalatashar.#jtvjember#evakuasi#sidoarjo#fyp"
"<a href=""https://www.tiktok.com/@qiuqiubao252/video/7571248499367480589"" target=""_blank"" class=""btn btn-sm"" style=""background-color: #00926c; color: white; text-decoration: none; padding: 2px 8px; border-radius: 4px; font-size: 0.8em;"">View Post</a>",6,"qiuqiubao252","2025-11-10 23:51:16",4,1013,203,0,3,"Kondisi terkini mushola PONPES Al Khoziny Sidoarjo ambruk saat salat ashar #jtvjember #evakuasi #sidoarjo #fyp"
"<a href=""https://www.tiktok.com/@wdqiqqq6/video/7571248495563132191"" target=""_blank"" class=""btn btn-sm"" style=""background-color: #00926c; color: white; text-decoration: none; padding: 2px 8px; border-radius: 4px; font-size: 0.8em;"">View Post</a>",6,"wdqiqqq6","2025-11-10 23:51:09",4,160,9,0,0,"Kondisi terkini mushola PONPES Al Khoziny Sidoarjo ambruk saat salat ashar #jtvjember #evakuasi #sidoarjo #fyp"
"<a href=""https://www.tiktok.com/@qiuqiubao252/video/7571248408581770509"" target=""_blank"" class=""btn btn-sm"" style=""background-color: #00926c; color: white; text-decoration: none; padding: 2px 8px; border-radius: 4px; font-size: 0.8em;"">View Post</a>",6,"qiuqiubao252","2025-11-10 23:50:53",4,368,42,0,0,"Kondisi terkini mushola PONPES Al Khoziny Sidoarjo ambruk saat salat ashar #jtvjember #evakuasi #sidoarjo #fyp"
"<a href=""https://www.tiktok.com/@wdqiqqq6/video/7571248399895383327"" target=""_blank"" class=""btn btn-sm"" style=""background-color: #00926c; color: white; text-decoration: none; padding: 2px 8px; border-radius: 4px; font-size: 0.8em;"">View Post</a>",6,"wdqiqqq6","2025-11-10 23:50:46",4,984,49,0,1,"Kondisi terkini mushola PONPES Al Khoziny Sidoarjo ambruk saat salat ashar #jtvjember #evakuasi #sidoarjo #fyp"
"<a href=""https://www.tiktok.com/@wdqiqqq6/video/7571247909459578142"" target=""_blank"" class=""btn btn-sm"" style=""background-color: #00926c; color: white; text-decoration: none; padding: 2px 8px; border-radius: 4px; font-size: 0.8em;"">View Post</a>",6,"wdqiqqq6","2025-11-10 23:48:55",4,1039,90,0,1,"Kondisi terkini mushola PONPES Al Khoziny Sidoarjo ambruk saat salat ashar #jtvjember #evakuasi #sidoarjo #fyp"
"<a href=""https://www.tiktok.com/@qiuqiubao252/video/7571247823161773367"" target=""_blank"" class=""btn btn-sm"" style=""background-color: #00926c; color: white; text-decoration: none; padding: 2px 8px; border-radius: 4px; font-size: 0.8em;"">View Post</a>",6,"qiuqiubao252","2025-11-10 23:48:38",4,878,41,0,0,"Kondisi terkini mushola PONPES Al Khoziny Sidoarjo ambruk saat salat ashar #jtvjember #evakuasi #sidoarjo #fyp"
"<a href=""https://www.tiktok.com/@meyrekb6/video/7571245442059521294"" target=""_blank"" class=""btn btn-sm"" style=""background-color: #00926c; color: white; text-decoration: none; padding: 2px 8px; border-radius: 4px; font-size: 0.8em;"">View Post</a>",7,"meyrekb6","2025-11-10 23:39:22",4,4824,65,9,14,"Kondisi terkini mushola PONPES Al Khoziny Sidoarjo ambruk saat salat ashar #jtvjember #evakuasi #sidoarjo #fyp"
"<a href=""https://www.tiktok.com/@longyu253/video/7571245440990006542"" target=""_blank"" class=""btn btn-sm"" style=""background-color: #00926c; color: white; text-decoration: none; padding: 2px 8px; border-radius: 4px; font-size: 0.8em;"">View Post</a>",7,"longyu253","2025-11-10 23:39:21",4,299,17,1,1,"Kondisi terkini mushola PONPES Al Khoziny Sidoarjo ambruk saat salat ashar #jtvjember #evakuasi #sidoarjo #fyp"
"<a href=""https://www.tiktok.com/@qsbdeyb48/video/7571245301479017742"" target=""_blank"" class=""btn btn-sm"" style=""background-color: #00926c; color: white; text-decoration: none; padding: 2px 8px; border-radius: 4px; font-size: 0.8em;"">View Post</a>",7,"qsbdeyb48","2025-11-10 23:38:45",4,562,21,1,4,"Kondisi terkini mushola PONPES Al Khoziny Sidoarjo ambruk saat salat ashar #jtvjember #evakuasi #sidoarjo #fyp"
"<a href=""https://www.tiktok.com/@longyu253/video/7571245182318857485"" target=""_blank"" class=""btn btn-sm"" style=""background-color: #00926c; color: white; text-decoration: none; padding: 2px 8px; border-radius: 4px; font-size: 0.8em;"">View Post</a>",7,"longyu253","2025-11-10 23:38:20",4,1937,53,0,5,"Kondisi terkini mushola PONPES Al Khoziny Sidoarjo ambruk saat salat ashar #jtvjember #evakuasi #sidoarjo #fyp"
"<a href=""https://www.tiktok.com/@meyrekb6/video/7571245131752312078"" target=""_blank"" class=""btn btn-sm"" style=""background-color: #00926c; color: white; text-decoration: none; padding: 2px 8px; border-radius: 4px; font-size: 0.8em;"">View Post</a>",7,"meyrekb6","2025-11-10 23:38:07",4,586,22,0,0,"Kondisi terkini mushola PONPES Al Khoziny Sidoarjo ambruk saat salat ashar #jtvjember #evakuasi #sidoarjo #fyp"
"<a href=""https://www.tiktok.com/@qsbdeyb48/video/7571245092720119054"" target=""_blank"" class=""btn btn-sm"" style=""background-color: #00926c; color: white; text-decoration: none; padding: 2px 8px; border-radius: 4px; font-size: 0.8em;"">View Post</a>",7,"qsbdeyb48","2025-11-10 23:38:00",4,266,9,0,0,"Kondisi terkini mushola PONPES Al Khoziny Sidoarjo ambruk saat salat ashar #jtvjember #evakuasi #sidoarjo #fyp"
"<a href=""https://www.tiktok.com/@longyu253/video/7571244923400359181"" target=""_blank"" class=""btn btn-sm"" style=""background-color: #00926c; color: white; text-decoration: none; padding: 2px 8px; border-radius: 4px; font-size: 0.8em;"">View Post</a>",7,"longyu253","2025-11-10 23:37:23",4,10037,54,0,4,"Kondisi terkini mushola PONPES Al Khoziny Sidoarjo ambruk saat salat ashar #jtvjember #evakuasi #sidoarjo #fyp"
"<a href=""https://www.tiktok.com/@qsbdeyb48/video/7571244667052887309"" target=""_blank"" class=""btn btn-sm"" style=""background-color: #00926c; color: white; text-decoration: none; padding: 2px 8px; border-radius: 4px; font-size: 0.8em;"">View Post</a>",7,"qsbdeyb48","2025-11-10 23:36:22",4,1191,49,2,1,"Kondisi terkini mushola PONPES Al Khoziny Sidoarjo ambruk saat salat ashar #jtvjember #evakuasi #sidoarjo #fyp"
"<a href=""https://www.tiktok.com/@meyrekb6/video/7571244579807137037"" target=""_blank"" class=""btn btn-sm"" style=""background-color: #00926c; color: white; text-decoration: none; padding: 2px 8px; border-radius: 4px; font-size: 0.8em;"">View Post</a>",7,"meyrekb6","2025-11-10 23:35:59",4,4126,52,0,5,"Kondisi terkini mushola PONPES Al Khoziny Sidoarjo ambruk saat salat ashar #jtvjember #evakuasi #sidoarjo #fyp"
"<a href=""https://www.tiktok.com/@deenasloan1/video/7571241516232953118"" target=""_blank"" class=""btn btn-sm"" style=""background-color: #00926c; color: white; text-decoration: none; padding: 2px 8px; border-radius: 4px; font-size: 0.8em;"">View Post</a>",8,"deenasloan1","2025-11-10 23:24:06",4,588,35,0,4,"Kondisi terkini mushola PONPES Al Khoziny Sidoarjo ambruk saat salat ashar #jtvjember #evakuasi #sidoarjo #fyp"
"<a href=""https://www.tiktok.com/@deenasloan1/video/7571241498105105694"" target=""_blank"" class=""btn btn-sm"" style=""background-color: #00926c; color: white; text-decoration: none; padding: 2px 8px; border-radius: 4px; font-size: 0.8em;"">View Post</a>",8,"deenasloan1","2025-11-10 23:24:00",4,448,20,2,2,"Kondisi terkini mushola PONPES Al Khoziny Sidoarjo ambruk saat salat ashar #jtvjember #evakuasi #sidoarjo #fyp"
"<a href=""https://www.tiktok.com/@bbbkkk144/video/7571241366835989815"" target=""_blank"" class=""btn btn-sm"" style=""background-color: #00926c; color: white; text-decoration: none; padding: 2px 8px; border-radius: 4px; font-size: 0.8em;"">View Post</a>",8,"bbbkkk144","2025-11-10 23:23:31",4,4679,20,0,2,"Kondisi terkini mushola PONPES Al Khoziny Sidoarjo ambruk saat salat ashar #jtvjember #evakuasi #sidoarjo #fyp"
"<a href=""https://www.tiktok.com/@bbbkkk144/video/7571241012534775053"" target=""_blank"" class=""btn btn-sm"" style=""background-color: #00926c; color: white; text-decoration: none; padding: 2px 8px; border-radius: 4px; font-size: 0.8em;"">View Post</a>",8,"bbbkkk144","2025-11-10 23:22:09",4,11,0,0,1,"Kondisi terkini mushola PONPES Al Khoziny Sidoarjo ambruk saat salat ashar #jtvjember #evakuasi #sidoarjo #fyp"
"<a href=""https://www.tiktok.com/@deenasloan1/video/7571240901545151774"" target=""_blank"" class=""btn btn-sm"" style=""background-color: #00926c; color: white; text-decoration: none; padding: 2px 8px; border-radius: 4px; font-size: 0.8em;"">View Post</a>",8,"deenasloan1","2025-11-10 23:21:41",4,5722,23,0,4,"Kondisi terkini mushola PONPES Al Khoziny Sidoarjo ambruk saat salat ashar #jtvjember #evakuasi #sidoarjo #fyp"
"<a href=""https://www.tiktok.com/@cjvcfj/video/7571053004346969357"" target=""_blank"" class=""btn btn-sm"" style=""background-color: #00926c; color: white; text-decoration: none; padding: 2px 8px; border-radius: 4px; font-size: 0.8em;"">View Post</a>",5,"cjvcfj","2025-11-10 11:14:49",1,846,23,1,0,"KondissiterkinimushalaPONPESAlKhozinySidoarjoambruksaatsalatashar#jtvjember#evakuasi#sidoarjo#fyp"
"<a href=""https://www.tiktok.com/@njahfezgv0/video/7571052049807314206"" target=""_blank"" class=""btn btn-sm"" style=""background-color: #00926c; color: white; text-decoration: none; padding: 2px 8px; border-radius: 4px; font-size: 0.8em;"">View Post</a>",5,"njahfezgv0","2025-11-10 11:10:09",1,1245,45,1,0,"KondissiterkinimushalaPONPESAlKhozinySidoarjoambruksaatsalatashar#jtvjember#evakuasi#sidoarjo#fyp"
"<a href=""https://www.tiktok.com/@njahfezgv0/video/7571051686773443871"" target=""_blank"" class=""btn btn-sm"" style=""background-color: #00926c; color: white; text-decoration: none; padding: 2px 8px; border-radius: 4px; font-size: 0.8em;"">View Post</a>",5,"njahfezgv0","2025-11-10 11:08:10",1,959,48,0,0,"KondissiterkinimushalaPONPESAlKhozinySidoarjoambruksaatsalatashar#jtvjember#evakuasi#sidoarjo#fyp"
"<a href=""https://www.tiktok.com/@njahfezgv0/video/7570665258226912542"" target=""_blank"" class=""btn btn-sm"" style=""background-color: #00926c; color: white; text-decoration: none; padding: 2px 8px; border-radius: 4px; font-size: 0.8em;"">View Post</a>",5,"njahfezgv0","2025-11-09 10:08:48",1,1045,51,0,0,"KondissiterkinimushalaPONPESAlKhozinySidoarjoambruksaatsalatashar#jtvjember#evakuasi#sidoarjo#fyp"
"<a href=""https://www.tiktok.com/@cjvcfj/video/7570665097253670157"" target=""_blank"" class=""btn btn-sm"" style=""background-color: #00926c; color: white; text-decoration: none; padding: 2px 8px; border-radius: 4px; font-size: 0.8em;"">View Post</a>",5,"cjvcfj","2025-11-09 10:09:35",1,967,14,0,0,"KondissiterkinimushalaPONPESAlKhozinySidoarjoambruksaatsalatashar#jtvjember#evakuasi#sidoarjo#fyp"
"<a href=""https://www.tiktok.com/@cjvcfj/video/7570664922519014711"" target=""_blank"" class=""btn btn-sm"" style=""background-color: #00926c; color: white; text-decoration: none; padding: 2px 8px; border-radius: 4px; font-size: 0.8em;"">View Post</a>",5,"cjvcfj","2025-11-09 10:08:24",1,750,21,0,0,"KondissiterkinimushalaPONPESAlKhozinySidoarjoambruksaatsalatashar#jtvjember#evakuasi#sidoarjo#fyp"
"<a href=""https://www.tiktok.com/@njahfezgv0/video/7570664726011710750"" target=""_blank"" class=""btn btn-sm"" style=""background-color: #00926c; color: white; text-decoration: none; padding: 2px 8px; border-radius: 4px; font-size: 0.8em;"">View Post</a>",5,"njahfezgv0","2025-11-09 10:06:58",1,1273,109,2,1,"KondissiterkinimushalaPONPESAlKhozinySidoarjoambruksaatsalatashar#jtvjember#evakuasi#sidoarjo#fyp"
"<a href=""https://www.tiktok.com/@njahfezgv0/video/7570308071390448927"" target=""_blank"" class=""btn btn-sm"" style=""background-color: #00926c; color: white; text-decoration: none; padding: 2px 8px; border-radius: 4px; font-size: 0.8em;"">View Post</a>",5,"njahfezgv0","2025-11-08 11:02:33",1,586,44,0,0,"KondissiterkinimushalaPONPESAlKhozinySidoarjoambruksaatsalatashar#jtvjember#evakuasi#sidoarjo#fyp"
"<a href=""https://www.tiktok.com/@njahfezgv0/video/7570307763327257887"" target=""_blank"" class=""btn btn-sm"" style=""background-color: #00926c; color: white; text-decoration: none; padding: 2px 8px; border-radius: 4px; font-size: 0.8em;"">View Post</a>",5,"njahfezgv0","2025-11-08 11:01:47",1,268,14,0,0,"KondissiterkinimushalaPONPESAlKhozinySidoarjoambruksaatsalatashar#jtvjember#evakuasi#sidoarjo#fyp"
"<a href=""https://www.tiktok.com/@cjvcfj/video/7570307705932385591"" target=""_blank"" class=""btn btn-sm"" style=""background-color: #00926c; color: white; text-decoration: none; padding: 2px 8px; border-radius: 4px; font-size: 0.8em;"">View Post</a>",5,"cjvcfj","2025-11-08 11:02:20",1,744,24,0,0,"KondissiterkinimushalaPONPESAlKhozinySidoarjoambruksaatsalatashar#jtvjember#evakuasi#sidoarjo#fyp"
"<a href=""https://www.tiktok.com/@cjvcfj/video/7570307656821263630"" target=""_blank"" class=""btn btn-sm"" style=""background-color: #00926c; color: white; text-decoration: none; padding: 2px 8px; border-radius: 4px; font-size: 0.8em;"">View Post</a>",5,"cjvcfj","2025-11-08 11:01:36",1,667,21,0,1,"KondissiterkinimushalaPONPESAlKhozinySidoarjoambruksaatsalatashar#jtvjember#evakuasi#sidoarjo#fyp"
"<a href=""https://www.tiktok.com/@saloumlefaver/video/7571241353166802189"" target=""_blank"" class=""btn btn-sm"" style=""background-color: #00926c; color: white; text-decoration: none; padding: 2px 8px; border-radius: 4px; font-size: 0.8em;"">View Post</a>",9,"saloumlefaver","2025-11-10 23:23:28",1,1447,19,0,0,"Kondisi terkini mushola PONPES Al Khoziny Sidoarjo ambruk saat salat ashar #jtvjember #evakuasi #sidoarjo #fyp "
"<a href=""https://www.tiktok.com/@facaile404/video/7571241107946835213"" target=""_blank"" class=""btn btn-sm"" style=""background-color: #00926c; color: white; text-decoration: none; padding: 2px 8px; border-radius: 4px; font-size: 0.8em;"">View Post</a>",9,"facaile404","2025-11-10 23:22:32",1,296,19,0,0,"Kondisi terkini mushola PONPES Al Khoziny Sidoarjo ambruk saat salat ashar #jtvjember #evakuasi #sidoarjo #fyp "
"<a href=""https://www.tiktok.com/@saloumlefaver/video/7571241026061487374"" target=""_blank"" class=""btn btn-sm"" style=""background-color: #00926c; color: white; text-decoration: none; padding: 2px 8px; border-radius: 4px; font-size: 0.8em;"">View Post</a>",9,"saloumlefaver","2025-11-10 23:22:15",1,831,12,0,1,"Kondisi terkini mushola PONPES Al Khoziny Sidoarjo ambruk saat salat ashar #jtvjember #evakuasi #sidoarjo #fyp "
"<a href=""https://www.tiktok.com/@facaile404/video/7571240984793648439"" target=""_blank"" class=""btn btn-sm"" style=""background-color: #00926c; color: white; text-decoration: none; padding: 2px 8px; border-radius: 4px; font-size: 0.8em;"">View Post</a>",9,"facaile404","2025-11-10 23:22:03",1,436,20,0,0,"Kondisi terkini mushola PONPES Al Khoziny Sidoarjo ambruk saat salat ashar #jtvjember #evakuasi #sidoarjo #fyp "
"<a href=""https://www.tiktok.com/@facaile404/video/7571240970394586381"" target=""_blank"" class=""btn btn-sm"" style=""background-color: #00926c; color: white; text-decoration: none; padding: 2px 8px; border-radius: 4px; font-size: 0.8em;"">View Post</a>",9,"facaile404","2025-11-10 23:22:01",1,5419,104,0,23,"Kondisi terkini mushola PONPES Al Khoziny Sidoarjo ambruk saat salat ashar #jtvjember #evakuasi #sidoarjo #fyp "
