"Network","Number of Accounts","Network Density","Network Diameter","Clustering Coefficient","Avg Views","Avg Likes","Avg Comments","Avg Shares","Member Accounts"
1,2,1,7,0,348.5,24.5,0,0.167,"klklbu, rgmmop"
2,2,1,9,0,992.833,12.167,0,0,"user3462681330043, user5173947161480"
3,7,0.571,15,0.769,2704.373,57.97,0.776,3.343,"ericphilip1980, qaf4jbflw4, rdrgr6sqa6, basilberthaeq0301, oeplbsknc6, mqnytryld6, v0tgsso365"
4,2,1,8,0,1893.556,49.611,0.444,3.278,"kwzxkybit7, te45to3px0"
5,2,1,7,0,850,37.636,0.364,0.182,"cjvcfj, njahfezgv0"
6,2,1,6,0,740.333,72.333,0,0.833,"qiuqiubao252, wdqiqqq6"
7,3,1,8,1,2647.556,38,1.444,3.778,"longyu253, meyrekb6, qsbdeyb48"
8,2,1,6,0,2289.6,19.6,0.4,2.6,"deenasloan1, bbbkkk144"
9,2,1,6,0,1685.8,34.8,0,4.8,"facaile404, saloumlefaver"
