"Account","Network","Unique Shares","Avg Time Between Shares (sec)","Edge Symmetry Score","Degree","Strength","Betweenness","Avg Views","Avg Likes","Avg Comments","Avg Shares"
"<a href=""https://tiktok.com/@336per7"" target=""_blank"">@336per7</a>",6,8,56.722,1,1,18,0,606.75,12.625,0,0.125
"<a href=""https://tiktok.com/@5ueqtpnac"" target=""_blank"">@5ueqtpnac</a>",11,5,50,1,1,7,0,1402,97,0.889,0.889
"<a href=""https://tiktok.com/@aartyu45"" target=""_blank"">@aartyu45</a>",100,6,42.729,0.774,2,20,0,28102,203.167,4.167,6.833
"<a href=""https://tiktok.com/@aed3018"" target=""_blank"">@aed3018</a>",15,7,57.143,1,1,7,0,3977.143,97.286,0.857,0.571
"<a href=""https://tiktok.com/@aedgfjj"" target=""_blank"">@aedgfjj</a>",14,4,28.571,0.8,2,14,0,2659.143,90.571,1.571,4
"<a href=""https://tiktok.com/@aedjdpckd"" target=""_blank"">@aedjdpckd</a>",3,5,48.875,1,1,8,0,1272.4,55.6,0,0.8
"<a href=""https://tiktok.com/@aeroplane_palette_120"" target=""_blank"">@aeroplane_palette_120</a>",63,6,92,1,1,7,0,513.235,56,3.882,0.118
"<a href=""https://tiktok.com/@aeroplane_pilot_235"" target=""_blank"">@aeroplane_pilot_235</a>",63,8,69.543,1,2,30,0,1603.105,191.263,11.211,1.211
"<a href=""https://tiktok.com/@afton.barton"" target=""_blank"">@afton.barton</a>",94,9,42.294,0.941,20,285,0,12293.556,101.889,1.667,2.444
"<a href=""https://tiktok.com/@airplandriver120"" target=""_blank"">@airplandriver120</a>",8,11,101.727,0.69,2,19,0,6089.933,255.9,17.067,8.633
"<a href=""https://tiktok.com/@ala40529"" target=""_blank"">@ala40529</a>",80,6,41,1,1,9,0,120234.333,1638.333,6.333,60.667
"<a href=""https://tiktok.com/@alainanormand"" target=""_blank"">@alainanormand</a>",94,8,45.875,0.907,22,355,0,11403.875,108.375,1.25,1.5
"<a href=""https://tiktok.com/@albertofdsgfdslyn"" target=""_blank"">@albertofdsgfdslyn</a>",83,6,53.957,0.9,2,17,0,2201.833,43.667,1,0.5
"<a href=""https://tiktok.com/@ale193510"" target=""_blank"">@ale193510</a>",97,5,61.769,0.875,1,13,0,41958.2,474.2,2.2,8
"<a href=""https://tiktok.com/@ale20443"" target=""_blank"">@ale20443</a>",96,3,65.638,1,3,24,0,4559,61,1.333,1.333
"<a href=""https://tiktok.com/@ale265280"" target=""_blank"">@ale265280</a>",96,3,71.429,1,1,7,0,19329.333,160.667,0.333,5
"<a href=""https://tiktok.com/@ale516537"" target=""_blank"">@ale516537</a>",95,3,70,1,1,9,0,784.667,14,0.333,0.333
"<a href=""https://tiktok.com/@alec75430"" target=""_blank"">@alec75430</a>",100,6,49.447,0.849,3,28,0,4599.833,61.667,0.5,0.5
"<a href=""https://tiktok.com/@alepm45"" target=""_blank"">@alepm45</a>",96,6,47,1,2,18,0,198685.667,3319.167,16.667,102.5
"<a href=""https://tiktok.com/@ali3b87"" target=""_blank"">@ali3b87</a>",98,4,59.889,0.857,1,9,0,8607,134.25,2,3.5
"<a href=""https://tiktok.com/@ali702676"" target=""_blank"">@ali702676</a>",98,5,59.786,0.833,2,20,0,66829.4,605.8,4.2,18.2
"<a href=""https://tiktok.com/@aliea792"" target=""_blank"">@aliea792</a>",81,6,39.333,0.667,1,12,0,136070.667,2124.167,8.5,77
"<a href=""https://tiktok.com/@amy3035520"" target=""_blank"">@amy3035520</a>",67,3,37.167,1,4,36,0,30344.333,454,1.333,2.333
"<a href=""https://tiktok.com/@anjunowgfh"" target=""_blank"">@anjunowgfh</a>",37,4,62.286,1,1,7,0,2934.25,60.75,0.25,0.75
"<a href=""https://tiktok.com/@avafind2"" target=""_blank"">@avafind2</a>",91,9,35.111,1,1,9,0,646.031,1.656,0,0.062
"<a href=""https://tiktok.com/@b3922136"" target=""_blank"">@b3922136</a>",47,6,100.667,1,1,9,0,33,0,0,0
"<a href=""https://tiktok.com/@bbbmm480"" target=""_blank"">@bbbmm480</a>",23,8,51.072,0.896,5,52,0,5629.25,210.75,1.375,1.25
"<a href=""https://tiktok.com/@bidingbaodam888"" target=""_blank"">@bidingbaodam888</a>",66,4,29.75,1,1,8,0,7585.25,134,0.25,11.75
"<a href=""https://tiktok.com/@bjspsp"" target=""_blank"">@bjspsp</a>",16,6,52.788,0.929,2,18,0,41256.857,538.857,27.286,2.429
"<a href=""https://tiktok.com/@bowro.jpp"" target=""_blank"">@bowro.jpp</a>",9,5,37,1,1,8,0,6174.429,245.429,1.857,3.714
"<a href=""https://tiktok.com/@bridget.pugeda"" target=""_blank"">@bridget.pugeda</a>",3,7,55.446,1,3,25,0,1755.714,116.714,2.143,0.714
"<a href=""https://tiktok.com/@brokenglasscove"" target=""_blank"">@brokenglasscove</a>",84,6,56.571,0.8,1,7,0,2372.667,32.667,0.667,0.167
"<a href=""https://tiktok.com/@brooks.jenner"" target=""_blank"">@brooks.jenner</a>",93,9,44.249,0.967,11,198,0,4683.889,56,1.444,1
"<a href=""https://tiktok.com/@bryce.holloway"" target=""_blank"">@bryce.holloway</a>",83,5,44.2,1,1,10,0,505,11.8,0.4,0
"<a href=""https://tiktok.com/@bsi.kasndp"" target=""_blank"">@bsi.kasndp</a>",95,3,70,1,1,9,0,7202,51,1,1.333
"<a href=""https://tiktok.com/@burt.kreiger"" target=""_blank"">@burt.kreiger</a>",94,5,45.878,0.939,8,59,0,10316.8,114.6,1.6,3.8
"<a href=""https://tiktok.com/@buu.vuong2"" target=""_blank"">@buu.vuong2</a>",94,4,44.256,0.969,19,169,0,189228.75,1801.25,5.75,69.75
"<a href=""https://tiktok.com/@c358147"" target=""_blank"">@c358147</a>",47,6,76.636,1,2,20,0,3313.667,66.5,0.333,1.667
"<a href=""https://tiktok.com/@calvinwhitman1014"" target=""_blank"">@calvinwhitman1014</a>",15,7,57.143,1,1,7,0,1381.857,50.714,0.286,0.143
"<a href=""https://tiktok.com/@cathy.find"" target=""_blank"">@cathy.find</a>",91,9,35.111,1,1,9,0,1095.333,3.667,0.061,0.212
"<a href=""https://tiktok.com/@cck4657"" target=""_blank"">@cck4657</a>",1,7,50.5,0.917,2,14,0,1835.857,84.714,5.571,13.143
"<a href=""https://tiktok.com/@cfgxdf3"" target=""_blank"">@cfgxdf3</a>",94,7,44.637,0.96,20,290,0,28890.429,321.286,4.857,26.286
"<a href=""https://tiktok.com/@cfhdfzsd3"" target=""_blank"">@cfhdfzsd3</a>",94,8,41.933,0.914,22,351,0,139309.5,1501.625,7,32.5
"<a href=""https://tiktok.com/@channarpower0"" target=""_blank"">@channarpower0</a>",74,10,88.883,0.833,2,47,0,1801.333,252.083,16.583,5
"<a href=""https://tiktok.com/@cheryl.willms"" target=""_blank"">@cheryl.willms</a>",94,7,43.875,0.962,21,321,0,5678.857,47.286,1,0.429
"<a href=""https://tiktok.com/@chfhxh0"" target=""_blank"">@chfhxh0</a>",30,3,40.778,0.8,1,9,0,3419,64.333,0.333,0.333
"<a href=""https://tiktok.com/@chhdg32"" target=""_blank"">@chhdg32</a>",58,3,20.333,1,1,9,0,1653,40.333,0,0
"<a href=""https://tiktok.com/@chhfd09"" target=""_blank"">@chhfd09</a>",51,3,54.335,0.9,4,32,0,3664,131,3,22
"<a href=""https://tiktok.com/@china_deriver_105"" target=""_blank"">@china_deriver_105</a>",64,11,81.728,0.7,2,39,0,13373.444,609.389,32.778,15.333
"<a href=""https://tiktok.com/@china_deriver_109"" target=""_blank"">@china_deriver_109</a>",64,6,90.233,1,1,30,0,294.556,32.5,2.833,0.5
"<a href=""https://tiktok.com/@china_deriver_8"" target=""_blank"">@china_deriver_8</a>",63,6,47.087,1,1,23,0,817.833,36.667,1.667,0.167
"<a href=""https://tiktok.com/@china_police_120"" target=""_blank"">@china_police_120</a>",64,3,73.222,0.4,1,9,0,731.562,78.688,4.875,0.125
"<a href=""https://tiktok.com/@chuma_g1"" target=""_blank"">@chuma_g1</a>",75,6,108.25,0.8,1,8,0,439.417,56.25,2.333,0.333
"<a href=""https://tiktok.com/@chummi_queen1"" target=""_blank"">@chummi_queen1</a>",8,5,99.455,0.714,1,11,0,2990,177.667,25.733,5.067
"<a href=""https://tiktok.com/@cjfdf6"" target=""_blank"">@cjfdf6</a>",51,3,56.09,0.88,5,40,0,2195,123.333,0.333,0.667
"<a href=""https://tiktok.com/@coaq4li6t7"" target=""_blank"">@coaq4li6t7</a>",72,3,43.111,1,1,9,0,6408.333,64.333,0.333,0.333
"<a href=""https://tiktok.com/@d548930"" target=""_blank"">@d548930</a>",23,8,44.514,0.914,4,34,0.001,3683.25,218.75,0.25,1
"<a href=""https://tiktok.com/@dangda166"" target=""_blank"">@dangda166</a>",34,5,36.429,0.833,1,7,0,1359.2,72.8,0.6,1.2
"<a href=""https://tiktok.com/@deldozoyhib"" target=""_blank"">@deldozoyhib</a>",87,4,49.833,0.8,2,17,0,38094,1077.25,97.25,26.75
"<a href=""https://tiktok.com/@devindawei336"" target=""_blank"">@devindawei336</a>",32,5,38,1,1,8,0,542.8,33,0.2,0.4
"<a href=""https://tiktok.com/@dfhw014"" target=""_blank"">@dfhw014</a>",98,6,62.209,0.897,3,28,0,12403.333,116.833,1.333,4.333
"<a href=""https://tiktok.com/@dghhg372"" target=""_blank"">@dghhg372</a>",17,8,40.3,0.857,2,20,0,161787.75,6185.25,69,87.25
"<a href=""https://tiktok.com/@dhdy311"" target=""_blank"">@dhdy311</a>",23,6,63.429,1,1,7,0,1789.167,45.333,1.667,1
"<a href=""https://tiktok.com/@dieu.lieu0"" target=""_blank"">@dieu.lieu0</a>",80,3,49.889,0.9,2,18,0,64128.667,659.667,5.333,16
"<a href=""https://tiktok.com/@dinhmainguyentan"" target=""_blank"">@dinhmainguyentan</a>",54,3,50.222,1,1,9,0,274,22,0,0
"<a href=""https://tiktok.com/@djbxfjj"" target=""_blank"">@djbxfjj</a>",14,6,38.911,0.9,2,15,0,1664.429,34,0.714,0.571
"<a href=""https://tiktok.com/@dong.dong512"" target=""_blank"">@dong.dong512</a>",35,10,46,0.917,1,19,0,2445.9,50.5,1.4,3.8
"<a href=""https://tiktok.com/@doreenfranklin19830"" target=""_blank"">@doreenfranklin19830</a>",78,4,61.429,1,1,7,0,1575.5,50,0,0.25
"<a href=""https://tiktok.com/@dothikimtien2"" target=""_blank"">@dothikimtien2</a>",62,4,35.25,1,1,8,0,289,6.75,0,0.25
"<a href=""https://tiktok.com/@drgkuri0"" target=""_blank"">@drgkuri0</a>",76,6,101.75,0.75,1,8,0,5.833,1.167,0.167,0
"<a href=""https://tiktok.com/@dxlyxdyd88"" target=""_blank"">@dxlyxdyd88</a>",101,7,28.75,1,1,8,0,14102,145.286,0.857,4.571
"<a href=""https://tiktok.com/@ecbb18"" target=""_blank"">@ecbb18</a>",22,6,45.25,1,1,8,0,275.333,20.833,0,0
"<a href=""https://tiktok.com/@elmo.ramos47"" target=""_blank"">@elmo.ramos47</a>",18,6,64,1,1,7,0,544.167,38.167,1.5,3.167
"<a href=""https://tiktok.com/@elodie.carr8"" target=""_blank"">@elodie.carr8</a>",93,9,48.495,0.948,11,179,0,11145.333,128.667,1.556,2.333
"<a href=""https://tiktok.com/@eudbiks09"" target=""_blank"">@eudbiks09</a>",65,5,59,0.833,1,8,0,1425.857,143.571,2.286,5.286
"<a href=""https://tiktok.com/@ev4ar9lx53"" target=""_blank"">@ev4ar9lx53</a>",6,8,56.722,1,1,18,0,506.545,14.455,0.182,0.182
"<a href=""https://tiktok.com/@eyidk5"" target=""_blank"">@eyidk5</a>",16,8,48.7,0.952,3,34,0,1156.625,84.5,1.625,0.625
"<a href=""https://tiktok.com/@f.bj346"" target=""_blank"">@f.bj346</a>",98,6,46,0.833,1,13,0,7927,108.5,1.333,1
"<a href=""https://tiktok.com/@f.fv226"" target=""_blank"">@f.fv226</a>",18,6,64.357,0.917,2,14,0,406.833,31.167,2,5
"<a href=""https://tiktok.com/@f.tf72"" target=""_blank"">@f.tf72</a>",96,3,48.632,1,2,17,0,1946,39.667,0.333,0
"<a href=""https://tiktok.com/@fasch32"" target=""_blank"">@fasch32</a>",26,8,37.75,1,1,8,0,4472.375,77.25,0.25,1.25
"<a href=""https://tiktok.com/@fbde56"" target=""_blank"">@fbde56</a>",25,5,49,0.833,1,7,0,3026.5,120.667,0.5,1.333
"<a href=""https://tiktok.com/@fctjcrg9s3"" target=""_blank"">@fctjcrg9s3</a>",13,8,17.357,1,1,14,0,549,17.375,0.5,0.625
"<a href=""https://tiktok.com/@fdfhj821"" target=""_blank"">@fdfhj821</a>",24,4,45.75,1,1,8,0,259.75,10.5,0.25,0
"<a href=""https://tiktok.com/@fdfhj915"" target=""_blank"">@fdfhj915</a>",21,12,56.153,0.875,10,166,0,2296.75,150.333,0.5,0.083
"<a href=""https://tiktok.com/@fdghh752"" target=""_blank"">@fdghh752</a>",52,3,69.667,0.8,1,9,0,1435.667,95.667,1,9.333
"<a href=""https://tiktok.com/@ffbs18"" target=""_blank"">@ffbs18</a>",81,6,39.333,0.667,1,12,0,245768.667,4898.333,14.833,216
"<a href=""https://tiktok.com/@fgcc379"" target=""_blank"">@fgcc379</a>",36,4,42.5,1,1,8,0,706.75,67.25,1.5,0
"<a href=""https://tiktok.com/@fghj3095"" target=""_blank"">@fghj3095</a>",23,6,45.417,1,3,24,0,706.667,48.167,0.667,0.167
"<a href=""https://tiktok.com/@fhgse42"" target=""_blank"">@fhgse42</a>",23,6,45,1,1,7,0,310.833,13.333,0.333,1.333
"<a href=""https://tiktok.com/@fhgxfty1"" target=""_blank"">@fhgxfty1</a>",94,7,42.069,0.964,21,325,0,5612.429,61.714,0.714,1.429
"<a href=""https://tiktok.com/@fhkundshunk"" target=""_blank"">@fhkundshunk</a>",7,8,69.95,0.667,2,31,0,1535.625,83.125,1.75,7.875
"<a href=""https://tiktok.com/@fj.gk92"" target=""_blank"">@fj.gk92</a>",97,6,61.769,0.875,1,13,0,94543.833,1612.667,7,37.333
"<a href=""https://tiktok.com/@flsijemeoueb"" target=""_blank"">@flsijemeoueb</a>",99,4,39.625,0.667,1,8,0,5037,83.75,1.75,2
"<a href=""https://tiktok.com/@flsosi5"" target=""_blank"">@flsosi5</a>",16,7,34.8,1,1,10,0,1818.714,100.143,0.571,0.571
"<a href=""https://tiktok.com/@fotaneshimeriku"" target=""_blank"">@fotaneshimeriku</a>",39,4,71.857,1,1,7,0,1133,85.25,0.25,0.25
"<a href=""https://tiktok.com/@frdgtf1"" target=""_blank"">@frdgtf1</a>",52,3,69.667,0.8,1,9,0,1513.667,155.667,0,1.333
"<a href=""https://tiktok.com/@frtrd2"" target=""_blank"">@frtrd2</a>",94,6,41.509,0.941,19,267,0,2849.5,30,0.333,0.333
"<a href=""https://tiktok.com/@fv5b89fagg9o"" target=""_blank"">@fv5b89fagg9o</a>",93,9,52.777,0.937,11,203,0,51915.778,478.556,8.556,21.444
"<a href=""https://tiktok.com/@fzfgh6"" target=""_blank"">@fzfgh6</a>",50,3,52.429,0.8,1,7,0,790.667,88,0.333,0.667
"<a href=""https://tiktok.com/@g.fb68"" target=""_blank"">@g.fb68</a>",80,3,63.852,0.933,3,27,0,101654.333,858.333,4.333,13.667
"<a href=""https://tiktok.com/@g0844765"" target=""_blank"">@g0844765</a>",47,6,95.97,1,2,20,0,550.667,15.333,0.167,0
"<a href=""https://tiktok.com/@gbxdhg"" target=""_blank"">@gbxdhg</a>",51,3,51.137,1,3,22,0,2846.333,79.333,1.333,0.667
"<a href=""https://tiktok.com/@gdchio3"" target=""_blank"">@gdchio3</a>",21,9,50.85,0.893,12,156,0,3128,72.583,4.25,0.583
"<a href=""https://tiktok.com/@gdfhjk04"" target=""_blank"">@gdfhjk04</a>",53,4,47.5,1,1,8,0,2091.25,46.75,0.25,0.25
"<a href=""https://tiktok.com/@gdsgjk54"" target=""_blank"">@gdsgjk54</a>",51,3,49.507,0.9,4,33,0,2007.333,133.667,10.667,11.667
"<a href=""https://tiktok.com/@gerald.rodriguez721"" target=""_blank"">@gerald.rodriguez721</a>",94,6,42.168,0.957,16,227,0,7511.571,65,0.714,3
"<a href=""https://tiktok.com/@gesghh2"" target=""_blank"">@gesghh2</a>",27,6,62.702,0.958,3,44,0,6720.667,192.333,5.333,51.333
"<a href=""https://tiktok.com/@geujcc"" target=""_blank"">@geujcc</a>",1,6,53.659,0.854,2,16,0,2105.5,74.5,1.167,0.5
"<a href=""https://tiktok.com/@gfgh1601"" target=""_blank"">@gfgh1601</a>",28,6,47,0.727,1,18,0,5483.778,123.222,4.222,2.111
"<a href=""https://tiktok.com/@ggdcxg1"" target=""_blank"">@ggdcxg1</a>",1,6,42.73,0.938,2,16,0,2223.857,50.286,1.143,0.286
"<a href=""https://tiktok.com/@giadungpham0"" target=""_blank"">@giadungpham0</a>",61,6,49.091,0.889,1,11,0,1712.714,31.286,1.929,23.429
"<a href=""https://tiktok.com/@giap.thuy8"" target=""_blank"">@giap.thuy8</a>",35,10,46,0.917,1,19,0,5844.6,107.1,2.3,8.6
"<a href=""https://tiktok.com/@gisela.lipke"" target=""_blank"">@gisela.lipke</a>",3,7,58.076,1,4,29,0,1093.571,53.143,0.571,0.714
"<a href=""https://tiktok.com/@gjcchh14"" target=""_blank"">@gjcchh14</a>",14,6,39.19,0.933,3,23,0,1438.5,34.167,1,0.5
"<a href=""https://tiktok.com/@gnfser4"" target=""_blank"">@gnfser4</a>",50,3,54.857,0.8,2,14,0,3464,239.667,0.667,0.667
"<a href=""https://tiktok.com/@gns1528"" target=""_blank"">@gns1528</a>",23,6,72.375,1,1,8,0,8171.833,261,6.333,139.667
"<a href=""https://tiktok.com/@goruelanwavalo"" target=""_blank"">@goruelanwavalo</a>",37,4,52.643,1,2,14,0,955.25,40.5,0,0.25
"<a href=""https://tiktok.com/@gregorio.dsfsd.wi"" target=""_blank"">@gregorio.dsfsd.wi</a>",83,6,63.714,0.8,1,7,0,14712.167,287.167,3.333,4.667
"<a href=""https://tiktok.com/@grfduj"" target=""_blank"">@grfduj</a>",23,6,54.25,1,2,16,0,4536.375,169.75,0.125,1.875
"<a href=""https://tiktok.com/@grj3etxqy0"" target=""_blank"">@grj3etxqy0</a>",68,3,27.667,1,1,9,0,330,19.667,0,0
"<a href=""https://tiktok.com/@grsdhj91"" target=""_blank"">@grsdhj91</a>",27,6,49.824,1,3,37,0,632.167,59.167,0.333,0
"<a href=""https://tiktok.com/@grveatpi4138"" target=""_blank"">@grveatpi4138</a>",51,3,78.161,0.8,2,15,0,4310,193,4.667,17
"<a href=""https://tiktok.com/@gsxgh2"" target=""_blank"">@gsxgh2</a>",21,12,65.761,0.857,8,129,0,1761,100.083,0.75,0.833
"<a href=""https://tiktok.com/@gtcjyk"" target=""_blank"">@gtcjyk</a>",21,12,51.857,0.875,11,147,0,2906.333,19.667,0.083,0.583
"<a href=""https://tiktok.com/@guili.kamil"" target=""_blank"">@guili.kamil</a>",93,9,47.586,0.961,11,176,0,3970.667,42.222,0.556,1.222
"<a href=""https://tiktok.com/@hcuccu156"" target=""_blank"">@hcuccu156</a>",23,6,58.528,0.944,3,24,0,610.833,37.167,2,1.167
"<a href=""https://tiktok.com/@hddgh2868"" target=""_blank"">@hddgh2868</a>",51,3,60.333,0.85,4,34,0,369.667,21.667,0,0.333
"<a href=""https://tiktok.com/@hddgk68"" target=""_blank"">@hddgk68</a>",27,3,48,1,1,9,0,613.667,43,0.333,0.333
"<a href=""https://tiktok.com/@hdfjkk6"" target=""_blank"">@hdfjkk6</a>",26,4,37.75,1,1,8,0,2984.25,113.25,0.25,4.5
"<a href=""https://tiktok.com/@hdgghr0"" target=""_blank"">@hdgghr0</a>",29,3,38.667,1,1,9,0,13952,1235,2,339.667
"<a href=""https://tiktok.com/@hdhdsgg.bdhdhdg"" target=""_blank"">@hdhdsgg.bdhdhdg</a>",94,6,47.335,0.954,20,292,0,447873.167,3155.5,37.5,178
"<a href=""https://tiktok.com/@hdhu402"" target=""_blank"">@hdhu402</a>",4,6,53.214,0.929,2,14,0,11975.5,389.167,6.5,2.167
"<a href=""https://tiktok.com/@hdieoehy5c4"" target=""_blank"">@hdieoehy5c4</a>",56,3,20.333,1,1,9,0,7628.667,217.667,1,26.333
"<a href=""https://tiktok.com/@hesfgh0"" target=""_blank"">@hesfgh0</a>",49,4,37.429,1,1,7,0,296,16.25,1,1.25
"<a href=""https://tiktok.com/@heybabyg0"" target=""_blank"">@heybabyg0</a>",74,12,85.333,0.95,2,66,0,50.75,10.75,1.583,0
"<a href=""https://tiktok.com/@hf.gf28"" target=""_blank"">@hf.gf28</a>",98,5,53.167,1,1,12,0,107172,1202.8,7.2,28.6
"<a href=""https://tiktok.com/@hfstil3"" target=""_blank"">@hfstil3</a>",16,6,62.875,1,2,17,0,49190.5,2468.333,11.5,42.333
"<a href=""https://tiktok.com/@hhj1395"" target=""_blank"">@hhj1395</a>",47,3,73.333,1,1,9,0,273.5,5.833,0.167,0
"<a href=""https://tiktok.com/@ho9220526f"" target=""_blank"">@ho9220526f</a>",11,5,50,1,1,7,0,698.222,34,0.778,0.111
"<a href=""https://tiktok.com/@hongmaihoangnghia"" target=""_blank"">@hongmaihoangnghia</a>",54,3,50.222,1,1,9,0,3951,125,0.667,0.333
"<a href=""https://tiktok.com/@housn103"" target=""_blank"">@housn103</a>",2,6,71.444,0.75,1,9,0,6212.429,77,2.857,1.286
"<a href=""https://tiktok.com/@hrdgj17"" target=""_blank"">@hrdgj17</a>",21,7,17.222,1,2,18,0,1957.667,131.25,0.167,0.25
"<a href=""https://tiktok.com/@hulili45"" target=""_blank"">@hulili45</a>",24,4,45.75,1,1,8,0,337.5,19.75,0,0
"<a href=""https://tiktok.com/@huutrangvu5"" target=""_blank"">@huutrangvu5</a>",59,6,43.25,1,1,8,0,675.333,10.667,1.333,0.167
"<a href=""https://tiktok.com/@hwkjbnm22"" target=""_blank"">@hwkjbnm22</a>",80,3,60.944,1,2,18,0,30677,264,1.333,3.333
"<a href=""https://tiktok.com/@hydu454"" target=""_blank"">@hydu454</a>",23,6,66.762,1,3,22,0,183.333,8.833,0,0.333
"<a href=""https://tiktok.com/@ihihgi1"" target=""_blank"">@ihihgi1</a>",3,7,50.08,1,2,19,0,1835.429,57.714,0.429,0.143
"<a href=""https://tiktok.com/@indigo.dust.vale"" target=""_blank"">@indigo.dust.vale</a>",84,6,56.571,0.8,1,7,0,1874.833,35.833,0,0.333
"<a href=""https://tiktok.com/@isgsjdj0"" target=""_blank"">@isgsjdj0</a>",16,7,64.698,0.881,5,48,0,16170.286,796.286,23.143,9.286
"<a href=""https://tiktok.com/@j8598966"" target=""_blank"">@j8598966</a>",47,6,67.667,1,2,18,0,62.5,1.167,0,0
"<a href=""https://tiktok.com/@jantzen.lamphier"" target=""_blank"">@jantzen.lamphier</a>",34,5,36.429,0.833,1,7,0,1421.6,34.4,0.2,0.4
"<a href=""https://tiktok.com/@jeyune1"" target=""_blank"">@jeyune1</a>",23,8,50.113,0.949,9,84,0.001,4304.25,92.25,3,3
"<a href=""https://tiktok.com/@jfcfhg"" target=""_blank"">@jfcfhg</a>",50,3,57.286,0.8,1,7,0,1246.333,87.333,0.667,3.667
"<a href=""https://tiktok.com/@jffjk18"" target=""_blank"">@jffjk18</a>",48,4,62.75,1,1,8,0,753.25,29.75,1,0.5
"<a href=""https://tiktok.com/@jhgfvshchydv"" target=""_blank"">@jhgfvshchydv</a>",5,6,44.25,1,1,12,0,2620,108.5,3.5,1.333
"<a href=""https://tiktok.com/@jhh18190"" target=""_blank"">@jhh18190</a>",42,4,14.75,1,1,8,0,2293.5,49.5,1,0
"<a href=""https://tiktok.com/@jofast72"" target=""_blank"">@jofast72</a>",88,3,50.639,0.95,4,36,0,179.333,6.667,0.667,0
"<a href=""https://tiktok.com/@jonesqiz9uw"" target=""_blank"">@jonesqiz9uw</a>",31,3,59.429,0.8,1,7,0,89.667,0.333,0,0
"<a href=""https://tiktok.com/@jsiso93"" target=""_blank"">@jsiso93</a>",16,6,59.861,0.964,4,42,0,1459.5,92,0.833,0.5
"<a href=""https://tiktok.com/@jydgyu7"" target=""_blank"">@jydgyu7</a>",29,3,38.667,1,1,9,0,876.667,52.333,0.333,2.333
"<a href=""https://tiktok.com/@jyghgh6"" target=""_blank"">@jyghgh6</a>",28,9,47,0.727,1,18,0,561.222,36.667,0.333,0.778
"<a href=""https://tiktok.com/@kdssll"" target=""_blank"">@kdssll</a>",99,6,39.625,0.667,1,8,0,12403.333,101.5,0.333,2.167
"<a href=""https://tiktok.com/@king_queengg0"" target=""_blank"">@king_queengg0</a>",77,5,100.5,1,1,10,0,1032.2,102,4.6,2.9
"<a href=""https://tiktok.com/@kiumerum"" target=""_blank"">@kiumerum</a>",23,6,50.4,0.857,1,10,0,1337.5,60.333,0,0.167
"<a href=""https://tiktok.com/@kleber.capuano"" target=""_blank"">@kleber.capuano</a>",33,5,72.5,1,1,8,0,489,25.6,0.8,1.6
"<a href=""https://tiktok.com/@kmlisarkar_1"" target=""_blank"">@kmlisarkar_1</a>",75,12,95.433,0.742,2,40,0,635.167,76.083,4.667,1.25
"<a href=""https://tiktok.com/@knl39aprh6"" target=""_blank"">@knl39aprh6</a>",92,31,27.562,1,1,32,0,877.333,1.697,0.03,0.182
"<a href=""https://tiktok.com/@krzeminski.traner"" target=""_blank"">@krzeminski.traner</a>",33,5,95.143,0.8,1,7,0,376.5,19.667,0.333,0.5
"<a href=""https://tiktok.com/@kugeej"" target=""_blank"">@kugeej</a>",57,4,58.667,0.667,1,12,0,632.2,63.2,0.8,1.2
"<a href=""https://tiktok.com/@kungyhunksd"" target=""_blank"">@kungyhunksd</a>",7,12,77.155,0.738,3,54,0,638,12.75,0.083,0.417
"<a href=""https://tiktok.com/@kygfdj8"" target=""_blank"">@kygfdj8</a>",30,3,40.778,0.8,1,9,0,5942,40.667,0,0.333
"<a href=""https://tiktok.com/@kyonggraham"" target=""_blank"">@kyonggraham</a>",94,4,42.256,0.932,20,181,0,37010.25,306.75,2.5,6
"<a href=""https://tiktok.com/@l6iepmltj3"" target=""_blank"">@l6iepmltj3</a>",68,3,27.667,1,1,9,0,2147,65.667,0,1.333
"<a href=""https://tiktok.com/@labon.marenm"" target=""_blank"">@labon.marenm</a>",9,7,37,1,1,8,0,3037.857,242,1.286,16
"<a href=""https://tiktok.com/@lamiyaakter0294"" target=""_blank"">@lamiyaakter0294</a>",100,6,78.25,0.667,1,12,0,12266.167,167.333,0.333,2.5
"<a href=""https://tiktok.com/@latest.news846"" target=""_blank"">@latest.news846</a>",71,3,21,1,1,9,0,750.333,56.333,9.333,6.667
"<a href=""https://tiktok.com/@lazzarebek73"" target=""_blank"">@lazzarebek73</a>",94,4,44.449,0.958,19,170,0,28194,145,1.75,4.5
"<a href=""https://tiktok.com/@letti.tana7"" target=""_blank"">@letti.tana7</a>",94,3,39,0.859,9,67,0,10202.667,82.333,1.333,0
"<a href=""https://tiktok.com/@levi.labbe"" target=""_blank"">@levi.labbe</a>",94,5,39.749,0.925,16,219,0,54546.2,389.4,6.8,267
"<a href=""https://tiktok.com/@liliana.owyngk"" target=""_blank"">@liliana.owyngk</a>",10,4,66.857,1,1,7,0,5904.667,134,6,4.667
"<a href=""https://tiktok.com/@lin689668987"" target=""_blank"">@lin689668987</a>",7,5,61.758,1,2,22,0,863.8,49.8,1.8,0.4
"<a href=""https://tiktok.com/@linda.lekander"" target=""_blank"">@linda.lekander</a>",94,4,51.932,0.897,15,121,0.001,9217,121.75,1,2.5
"<a href=""https://tiktok.com/@lokutanala"" target=""_blank"">@lokutanala</a>",38,4,57.5,1,1,8,0,850,51,0,1.25
"<a href=""https://tiktok.com/@lovely_babo120"" target=""_blank"">@lovely_babo120</a>",8,6,104,0.667,1,8,0,27309.087,897,39.478,18.348
"<a href=""https://tiktok.com/@lufokamovjvd"" target=""_blank"">@lufokamovjvd</a>",39,4,71.857,1,1,7,0,1054.25,61.5,0.25,0.5
"<a href=""https://tiktok.com/@lumuvihghv"" target=""_blank"">@lumuvihghv</a>",38,4,57.5,1,1,8,0,2706,91.75,0.5,0
"<a href=""https://tiktok.com/@marciaarabella56"" target=""_blank"">@marciaarabella56</a>",88,3,42.361,1,4,36,0,107.333,4.667,0,0.333
"<a href=""https://tiktok.com/@mc67key6o0"" target=""_blank"">@mc67key6o0</a>",72,3,43.111,1,1,9,0,827990.333,13384.667,672,261
"<a href=""https://tiktok.com/@md.rohansh"" target=""_blank"">@md.rohansh</a>",94,6,40.756,0.963,20,294,0,134518.333,1125.5,7.5,30.167
"<a href=""https://tiktok.com/@melatuzdgvd"" target=""_blank"">@melatuzdgvd</a>",37,4,43,1,1,7,0,1605.5,75,0.25,0.25
"<a href=""https://tiktok.com/@mgallsharring"" target=""_blank"">@mgallsharring</a>",92,32,27.562,1,1,32,0,862,2.294,0.118,0.206
"<a href=""https://tiktok.com/@mira.paxton"" target=""_blank"">@mira.paxton</a>",93,9,48.526,0.948,11,186,0,15637.556,122.667,2,5
"<a href=""https://tiktok.com/@movie8796"" target=""_blank"">@movie8796</a>",70,3,56.429,1,1,7,0,622.333,21.333,0.333,0
"<a href=""https://tiktok.com/@mrhjvhicxshf"" target=""_blank"">@mrhjvhicxshf</a>",90,3,27.889,0.8,1,9,0,713.333,19.333,0.667,1
"<a href=""https://tiktok.com/@mxjgf0"" target=""_blank"">@mxjgf0</a>",90,3,27.889,0.8,1,9,0,1194.333,12.333,0.667,1
"<a href=""https://tiktok.com/@nash.bramwell4"" target=""_blank"">@nash.bramwell4</a>",93,8,44.331,0.943,11,195,0,10137.75,90.75,1.25,1.5
"<a href=""https://tiktok.com/@nawab_deriver0"" target=""_blank"">@nawab_deriver0</a>",75,9,89.967,0.818,1,30,0,1254.833,205.583,15,4.667
"<a href=""https://tiktok.com/@neil.benjamin8"" target=""_blank"">@neil.benjamin8</a>",93,9,49.378,0.942,11,196,0,18580.556,126,1.333,10.222
"<a href=""https://tiktok.com/@news.center2"" target=""_blank"">@news.center2</a>",71,3,21,1,1,9,0,370.667,11,4,1
"<a href=""https://tiktok.com/@ngocsonle75"" target=""_blank"">@ngocsonle75</a>",62,4,35.25,1,1,8,0,298,10.75,0.25,0.25
"<a href=""https://tiktok.com/@njsn13"" target=""_blank"">@njsn13</a>",86,3,52.609,0.933,6,49,0,561.667,19,0,0.333
"<a href=""https://tiktok.com/@oaisg2"" target=""_blank"">@oaisg2</a>",16,8,48.752,0.958,4,40,0,2437.75,110.875,1,0.5
"<a href=""https://tiktok.com/@odt614"" target=""_blank"">@odt614</a>",23,8,51.821,0.943,6,54,0.001,2174.375,128.875,1.25,1.125
"<a href=""https://tiktok.com/@opal.tremaine"" target=""_blank"">@opal.tremaine</a>",93,9,49.138,0.952,11,201,0,3683.889,42.444,0.667,0.667
"<a href=""https://tiktok.com/@orvillecollins79"" target=""_blank"">@orvillecollins79</a>",88,3,43.167,0.95,4,36,0,821.667,51.333,1.667,2.667
"<a href=""https://tiktok.com/@owuhwh"" target=""_blank"">@owuhwh</a>",17,5,50.45,0.929,2,18,0,1889.6,122.2,1.6,0.8
"<a href=""https://tiktok.com/@pcgo.bgkc"" target=""_blank"">@pcgo.bgkc</a>",12,5,15,0.833,1,7,0,692.8,45.8,1,0.2
"<a href=""https://tiktok.com/@perkibykhfb"" target=""_blank"">@perkibykhfb</a>",31,3,52.5,0.8,2,14,0,1777,21.333,0,0
"<a href=""https://tiktok.com/@pglfqzusa5"" target=""_blank"">@pglfqzusa5</a>",89,3,51.75,1,1,8,0,466.667,30.667,0.667,3
"<a href=""https://tiktok.com/@pnvxpfggqws"" target=""_blank"">@pnvxpfggqws</a>",78,4,61.429,1,1,7,0,421,21.5,0,0
"<a href=""https://tiktok.com/@ptajgjnlmidyea"" target=""_blank"">@ptajgjnlmidyea</a>",69,6,49.909,0.889,1,11,0,1007,65.571,0.429,0.571
"<a href=""https://tiktok.com/@qllsks0"" target=""_blank"">@qllsks0</a>",16,8,62.159,0.952,3,31,0,1633.25,106.375,1.5,0.25
"<a href=""https://tiktok.com/@qmdesshp03"" target=""_blank"">@qmdesshp03</a>",89,3,51.75,1,1,8,0,584,30,1.333,3
"<a href=""https://tiktok.com/@qohbpksqo2"" target=""_blank"">@qohbpksqo2</a>",13,8,17.357,1,1,14,0,990.5,43.25,0.625,0.75
"<a href=""https://tiktok.com/@quanghuynh6936"" target=""_blank"">@quanghuynh6936</a>",82,6,12.5,1,1,8,0,7600.167,30,0.5,0.667
"<a href=""https://tiktok.com/@r.f.f.f..e"" target=""_blank"">@r.f.f.f..e</a>",23,8,60.533,0.94,10,90,0,2757.375,251.25,1,5.125
"<a href=""https://tiktok.com/@radhgg73"" target=""_blank"">@radhgg73</a>",20,3,26,0.8,1,9,0,4388.333,74,0.667,1
"<a href=""https://tiktok.com/@rbved5"" target=""_blank"">@rbved5</a>",100,4,44.955,0.833,2,15,0,4652.75,85.5,1.5,0.75
"<a href=""https://tiktok.com/@recinos.wiegand"" target=""_blank"">@recinos.wiegand</a>",55,4,27,1,1,8,0,2055,28.5,0.25,1.5
"<a href=""https://tiktok.com/@reidharlan5"" target=""_blank"">@reidharlan5</a>",93,9,54.652,0.915,11,191,0,48320.889,425.556,2.889,17.222
"<a href=""https://tiktok.com/@rinku.sen73"" target=""_blank"">@rinku.sen73</a>",12,4,15,0.833,1,7,0,474,9.75,0.25,0
"<a href=""https://tiktok.com/@rogelio.jones1"" target=""_blank"">@rogelio.jones1</a>",93,9,49.457,0.959,11,207,0,10440.444,59,0.667,1.333
"<a href=""https://tiktok.com/@rosetta.gleichner"" target=""_blank"">@rosetta.gleichner</a>",94,8,43.747,0.957,20,277,0,14902.125,163,1.5,4
"<a href=""https://tiktok.com/@rtikb3"" target=""_blank"">@rtikb3</a>",17,6,46.35,0.929,2,18,0,27537,1198.833,9,4.167
"<a href=""https://tiktok.com/@ruben.rapah8"" target=""_blank"">@ruben.rapah8</a>",94,7,41.473,0.945,21,324,0,3717.429,31.429,0.286,0.143
"<a href=""https://tiktok.com/@safiyyah.iftikar"" target=""_blank"">@safiyyah.iftikar</a>",19,3,85.143,1,1,7,0,623.5,19.667,1.333,6.333
"<a href=""https://tiktok.com/@santifcadvk"" target=""_blank"">@santifcadvk</a>",31,3,45.571,0.8,1,7,0,3562.667,153,1,3.333
"<a href=""https://tiktok.com/@scafhwufeao47"" target=""_blank"">@scafhwufeao47</a>",32,5,38,1,1,8,0,2405.4,100.2,0.2,0
"<a href=""https://tiktok.com/@scylla5988"" target=""_blank"">@scylla5988</a>",86,3,52.258,0.867,6,48,0,2254.667,44.667,0,0.333
"<a href=""https://tiktok.com/@segji2"" target=""_blank"">@segji2</a>",16,8,55.562,0.964,4,42,0,994.5,64.875,0.5,0.5
"<a href=""https://tiktok.com/@sggee05"" target=""_blank"">@sggee05</a>",23,8,53.914,0.943,5,48,0,2849.125,84.125,2.625,2.375
"<a href=""https://tiktok.com/@shakdhfty82"" target=""_blank"">@shakdhfty82</a>",5,4,44.25,1,1,12,0,2439.667,110.5,1.333,0.667
"<a href=""https://tiktok.com/@shsh00943"" target=""_blank"">@shsh00943</a>",86,3,49.398,0.867,6,48,0,900,31.333,0.333,0
"<a href=""https://tiktok.com/@sjyzm173"" target=""_blank"">@sjyzm173</a>",33,5,83.821,0.9,2,15,0,3107.4,98.8,1,1.2
"<a href=""https://tiktok.com/@sjyzm286"" target=""_blank"">@sjyzm286</a>",36,5,42.5,1,1,8,0,1562.2,51,0.6,0.2
"<a href=""https://tiktok.com/@skkskekdddfgfffff"" target=""_blank"">@skkskekdddfgfffff</a>",69,8,49.909,0.889,1,11,0,1334.875,69.625,1.625,0.625
"<a href=""https://tiktok.com/@slatechewb6"" target=""_blank"">@slatechewb6</a>",10,5,66.857,1,1,7,0,3885.857,127.714,0.857,0.143
"<a href=""https://tiktok.com/@swciq"" target=""_blank"">@swciq</a>",4,7,45.714,0.857,1,7,0,1872.143,119.143,1.143,0.714
"<a href=""https://tiktok.com/@swift.deari"" target=""_blank"">@swift.deari</a>",94,7,45.226,0.916,20,287,0,6791.143,58.857,1.571,1.286
"<a href=""https://tiktok.com/@t.fg41"" target=""_blank"">@t.fg41</a>",100,6,73.236,0.833,2,21,0,38068,476.333,3.167,6.5
"<a href=""https://tiktok.com/@taachh6"" target=""_blank"">@taachh6</a>",21,11,45.799,0.88,12,141,0,2281.909,101.455,1.636,3.273
"<a href=""https://tiktok.com/@tadgj3"" target=""_blank"">@tadgj3</a>",58,3,20.333,1,1,9,0,9370.333,78.333,0.667,1
"<a href=""https://tiktok.com/@tamatha.soliz"" target=""_blank"">@tamatha.soliz</a>",82,6,12.5,1,1,8,0,91030.333,383.333,3.333,17.167
"<a href=""https://tiktok.com/@tatschstunkard"" target=""_blank"">@tatschstunkard</a>",55,4,27,1,1,8,0,841.5,70.5,1,1.75
"<a href=""https://tiktok.com/@tbeq05"" target=""_blank"">@tbeq05</a>",86,3,47.481,0.867,6,53,0,416.667,30.667,0.333,0
"<a href=""https://tiktok.com/@tdzch1"" target=""_blank"">@tdzch1</a>",21,9,55.17,1,5,44,0,1789.917,117,1.583,3.25
"<a href=""https://tiktok.com/@tedgh94"" target=""_blank"">@tedgh94</a>",21,12,63.509,0.852,7,76,0,2016,36.5,0.25,0.833
"<a href=""https://tiktok.com/@tffyib"" target=""_blank"">@tffyib</a>",27,7,51.419,0.891,4,40,0,992.778,54,0.333,6.222
"<a href=""https://tiktok.com/@thi.hung.pham"" target=""_blank"">@thi.hung.pham</a>",61,6,49.091,0.889,1,11,0,591,32.5,0.667,1.167
"<a href=""https://tiktok.com/@thomadunahc"" target=""_blank"">@thomadunahc</a>",88,3,42.528,1,4,36,0,214.25,8.25,0.75,1
"<a href=""https://tiktok.com/@tidt55"" target=""_blank"">@tidt55</a>",23,8,61.502,1,6,51,0.002,1985.25,114.625,0.375,1
"<a href=""https://tiktok.com/@tigde25"" target=""_blank"">@tigde25</a>",21,12,60.748,0.868,13,212,0,2290,96.25,0.583,0.333
"<a href=""https://tiktok.com/@tiu.quan"" target=""_blank"">@tiu.quan</a>",3,7,55.793,1,2,17,0,15572.143,300,2.286,1.714
"<a href=""https://tiktok.com/@to24123"" target=""_blank"">@to24123</a>",23,6,54.302,0.917,4,36,0.001,3241.167,62.333,0.167,3.167
"<a href=""https://tiktok.com/@toan.truong341"" target=""_blank"">@toan.truong341</a>",79,3,49.667,1,1,9,0,3177,22.667,0.333,0.667
"<a href=""https://tiktok.com/@tsdgg5"" target=""_blank"">@tsdgg5</a>",21,12,59.22,0.915,12,150,0,1062.583,62.667,0.583,0.75
"<a href=""https://tiktok.com/@tsdhj1"" target=""_blank"">@tsdhj1</a>",21,12,57.736,0.876,13,189,0,2005.583,61.583,1.25,0.583
"<a href=""https://tiktok.com/@tsusig7"" target=""_blank"">@tsusig7</a>",23,6,48.312,0.833,2,16,0,2693.667,66.333,3.5,2.167
"<a href=""https://tiktok.com/@uffkmli_0"" target=""_blank"">@uffkmli_0</a>",77,4,104.4,1,1,10,0,25256.083,86,2.083,4.083
"<a href=""https://tiktok.com/@ufy468"" target=""_blank"">@ufy468</a>",23,8,52.295,0.876,8,68,0.002,4487.375,117,0.625,5.25
"<a href=""https://tiktok.com/@uhffed"" target=""_blank"">@uhffed</a>",57,6,58.667,0.667,1,12,0,322,45.333,0.833,0.167
"<a href=""https://tiktok.com/@ujjol285"" target=""_blank"">@ujjol285</a>",18,4,64.714,0.833,1,7,0,333.5,33.5,1.25,0.75
"<a href=""https://tiktok.com/@ukcpwi1hg1"" target=""_blank"">@ukcpwi1hg1</a>",67,3,35.694,1,4,36,0,9.667,0,0,0
"<a href=""https://tiktok.com/@ukrre1"" target=""_blank"">@ukrre1</a>",48,4,62.75,1,1,8,0,2695,127.5,0.25,5.25
"<a href=""https://tiktok.com/@uosnatiahwk"" target=""_blank"">@uosnatiahwk</a>",3,7,57.375,1,1,8,0,1644.286,70.714,0.571,0.714
"<a href=""https://tiktok.com/@uriahspenser5"" target=""_blank"">@uriahspenser5</a>",88,3,43.639,1,4,36,0,818,52.667,0.667,3.667
"<a href=""https://tiktok.com/@user1039975619594"" target=""_blank"">@user1039975619594</a>",41,11,41.812,0.854,2,36,0,1178.333,130.917,0.917,0.167
"<a href=""https://tiktok.com/@user1496367258134"" target=""_blank"">@user1496367258134</a>",45,3,49,0.833,1,10,0,226.333,5,0,0
"<a href=""https://tiktok.com/@user1566581242041"" target=""_blank"">@user1566581242041</a>",45,4,51.125,0.817,2,18,0,4337.25,55.75,0.25,1.5
"<a href=""https://tiktok.com/@user1613982340630"" target=""_blank"">@user1613982340630</a>",44,3,49.646,0.8,2,17,0,4358.333,68.667,0,0
"<a href=""https://tiktok.com/@user16909390140293"" target=""_blank"">@user16909390140293</a>",7,10,58.083,0.849,3,53,0,16033.3,278.7,341.5,2.9
"<a href=""https://tiktok.com/@user1781066367752"" target=""_blank"">@user1781066367752</a>",41,12,57.034,0.877,5,84,0,984.167,34.083,0.25,0.25
"<a href=""https://tiktok.com/@user19888488149371"" target=""_blank"">@user19888488149371</a>",87,3,66.167,1,2,18,0,1210.333,32.333,1.667,2.333
"<a href=""https://tiktok.com/@user2098661802874"" target=""_blank"">@user2098661802874</a>",20,3,26,0.8,1,9,0,10144.667,186.333,0.333,23
"<a href=""https://tiktok.com/@user2317060992096"" target=""_blank"">@user2317060992096</a>",2,5,60,1,1,7,0,1706.2,71.6,2.6,0.8
"<a href=""https://tiktok.com/@user2386773981245"" target=""_blank"">@user2386773981245</a>",43,3,36.222,1,1,9,0,4706,137.333,0.333,0
"<a href=""https://tiktok.com/@user2393247248006"" target=""_blank"">@user2393247248006</a>",40,3,56,1,1,9,0,276.333,7.667,0.333,0.333
"<a href=""https://tiktok.com/@user2498571680444"" target=""_blank"">@user2498571680444</a>",45,2,53.25,0.8,1,8,0,73,2,0,0
"<a href=""https://tiktok.com/@user2607275511462"" target=""_blank"">@user2607275511462</a>",22,4,45.25,1,1,8,0,404.4,22.6,0.2,0
"<a href=""https://tiktok.com/@user28115831310981"" target=""_blank"">@user28115831310981</a>",21,12,66.643,0.857,11,146,0,3280.083,46.667,1.167,1.167
"<a href=""https://tiktok.com/@user3278332748411"" target=""_blank"">@user3278332748411</a>",73,3,59.429,1,1,7,0,585.667,38.333,0,0
"<a href=""https://tiktok.com/@user3305459408630"" target=""_blank"">@user3305459408630</a>",73,3,59.429,1,1,7,0,589.333,28,0.333,2
"<a href=""https://tiktok.com/@user33539405804153"" target=""_blank"">@user33539405804153</a>",23,4,41.5,1,1,8,0,566.833,25,0,0
"<a href=""https://tiktok.com/@user3421321802938"" target=""_blank"">@user3421321802938</a>",49,4,37.429,1,1,7,0,235.25,11,0,0.25
"<a href=""https://tiktok.com/@user3444247516575"" target=""_blank"">@user3444247516575</a>",53,4,47.5,1,1,8,0,4504.25,204,1.75,8.25
"<a href=""https://tiktok.com/@user3714561213178"" target=""_blank"">@user3714561213178</a>",46,4,31.5,1,1,8,0,1317.833,36.333,0.833,0
"<a href=""https://tiktok.com/@user3884378113418"" target=""_blank"">@user3884378113418</a>",23,8,39.042,1,2,20,0,4220.125,159.875,0.25,1
"<a href=""https://tiktok.com/@user40024330820408"" target=""_blank"">@user40024330820408</a>",46,4,31.5,1,1,8,0,21690.25,1105.25,3.75,329.75
"<a href=""https://tiktok.com/@user4102790732505"" target=""_blank"">@user4102790732505</a>",41,12,54.835,0.85,2,25,0,3188,95.583,2,0.583
"<a href=""https://tiktok.com/@user4561905486262"" target=""_blank"">@user4561905486262</a>",65,6,91.143,1,1,7,0,3733,271.375,5,5.625
"<a href=""https://tiktok.com/@user4799806211629"" target=""_blank"">@user4799806211629</a>",4,5,60.714,1,1,7,0,32210.6,881.8,7.6,3.8
"<a href=""https://tiktok.com/@user4803678204918"" target=""_blank"">@user4803678204918</a>",14,7,56.875,1,2,16,0,1179.143,49.143,0.286,0
"<a href=""https://tiktok.com/@user4924952433163"" target=""_blank"">@user4924952433163</a>",87,3,81.667,1,1,9,0,17699.667,430,5.667,4.667
"<a href=""https://tiktok.com/@user49602523104"" target=""_blank"">@user49602523104</a>",41,10,41.767,0.958,3,55,0,2382,97.818,0.364,0.364
"<a href=""https://tiktok.com/@user500390346685"" target=""_blank"">@user500390346685</a>",87,2,49,0.6,1,8,0,173.5,6.5,0.5,0
"<a href=""https://tiktok.com/@user5182706377687"" target=""_blank"">@user5182706377687</a>",42,4,14.75,1,1,8,0,1572.25,25.75,3,0
"<a href=""https://tiktok.com/@user54601969361666"" target=""_blank"">@user54601969361666</a>",41,8,36.927,0.781,3,41,0,3462.111,98.222,1.667,0.333
"<a href=""https://tiktok.com/@user55029855976770"" target=""_blank"">@user55029855976770</a>",41,10,48.452,0.833,4,55,0,3052.9,119.8,0.7,0.5
"<a href=""https://tiktok.com/@user5513161827012"" target=""_blank"">@user5513161827012</a>",41,12,54.103,0.885,4,75,0,8845.25,334.667,1.75,1.833
"<a href=""https://tiktok.com/@user57519812092541"" target=""_blank"">@user57519812092541</a>",70,3,56.429,1,1,7,0,316.333,33,0.333,0
"<a href=""https://tiktok.com/@user5831942911597"" target=""_blank"">@user5831942911597</a>",23,8,49.107,0.817,2,15,0,2127.25,78.125,0.25,0.75
"<a href=""https://tiktok.com/@user61165494628858"" target=""_blank"">@user61165494628858</a>",21,12,54.592,0.803,11,177,0,2193.833,61.083,1.417,2.25
"<a href=""https://tiktok.com/@user612958049219"" target=""_blank"">@user612958049219</a>",25,4,49,0.833,1,7,0,1410.25,135,1.5,3.75
"<a href=""https://tiktok.com/@user6172460529160"" target=""_blank"">@user6172460529160</a>",41,9,40.517,0.89,4,44,0,2731.889,108.778,1.778,0.778
"<a href=""https://tiktok.com/@user6362756977133"" target=""_blank"">@user6362756977133</a>",41,7,47.394,0.775,3,33,0,2748,118.286,0.286,0.429
"<a href=""https://tiktok.com/@user6567253190810"" target=""_blank"">@user6567253190810</a>",44,3,60.625,0.8,1,8,0,3188,85.333,6.667,2
"<a href=""https://tiktok.com/@user68356911128363"" target=""_blank"">@user68356911128363</a>",41,8,39.979,0.892,3,38,0,1488.636,72.818,1.091,0.455
"<a href=""https://tiktok.com/@user7270761600097"" target=""_blank"">@user7270761600097</a>",23,8,49.457,0.833,6,55,0,4694,100,0,14.625
"<a href=""https://tiktok.com/@user7361235085378"" target=""_blank"">@user7361235085378</a>",41,8,38.132,0.893,3,42,0,2295.75,77.25,1,0.125
"<a href=""https://tiktok.com/@user7672491933286"" target=""_blank"">@user7672491933286</a>",21,11,57.032,0.75,4,43,0,4479.25,145.083,0.333,2.417
"<a href=""https://tiktok.com/@user7682395600236"" target=""_blank"">@user7682395600236</a>",43,3,36.222,1,1,9,0,6858,61.667,0.667,1
"<a href=""https://tiktok.com/@user7780549746610"" target=""_blank"">@user7780549746610</a>",41,9,79.192,0.917,3,25,0.001,9002.333,165,2.833,1.083
"<a href=""https://tiktok.com/@user8139270203315"" target=""_blank"">@user8139270203315</a>",21,12,52.802,0.872,10,143,0,2869.5,102.75,1.75,0.167
"<a href=""https://tiktok.com/@user8437207381229"" target=""_blank"">@user8437207381229</a>",44,3,38.667,0.8,1,9,0,4002.333,82.667,1.667,0.667
"<a href=""https://tiktok.com/@user85244619549900"" target=""_blank"">@user85244619549900</a>",41,8,51.294,0.7,1,17,0,2101.909,84.455,1.182,0.364
"<a href=""https://tiktok.com/@user9157400912871"" target=""_blank"">@user9157400912871</a>",40,3,56,1,1,9,0,273.667,10.667,1.667,0.333
"<a href=""https://tiktok.com/@user9178698708273"" target=""_blank"">@user9178698708273</a>",23,6,68.17,0.873,4,32,0,3209,117.167,0.5,0.167
"<a href=""https://tiktok.com/@user918416806877"" target=""_blank"">@user918416806877</a>",23,8,68.143,0.8,1,7,0,2247,101.875,0.75,0.25
"<a href=""https://tiktok.com/@user92169410901403"" target=""_blank"">@user92169410901403</a>",85,4,48.714,0.6,1,7,0,3.833,0.333,0,0
"<a href=""https://tiktok.com/@user997813697"" target=""_blank"">@user997813697</a>",19,3,85.143,1,1,7,0,26885.75,116.25,3,17.5
"<a href=""https://tiktok.com/@username.1545465"" target=""_blank"">@username.1545465</a>",74,9,84.758,0.9,1,33,0,28139.417,733.667,25.5,27.833
"<a href=""https://tiktok.com/@van.mai.duong6"" target=""_blank"">@van.mai.duong6</a>",59,8,43.25,1,1,8,0,154.125,0.875,0.25,0
"<a href=""https://tiktok.com/@vdghj63"" target=""_blank"">@vdghj63</a>",27,6,46.24,0.952,3,37,0,2303.333,84.333,2,1.167
"<a href=""https://tiktok.com/@visu7354y2l"" target=""_blank"">@visu7354y2l</a>",65,8,75.071,0.917,2,15,0,2655.5,228.875,3.75,3
"<a href=""https://tiktok.com/@vjowwncb52"" target=""_blank"">@vjowwncb52</a>",67,3,34.833,1,4,36,0,6373,154,0,0.333
"<a href=""https://tiktok.com/@vrrvspitgjq"" target=""_blank"">@vrrvspitgjq</a>",85,2,48.714,0.6,1,7,0,55,0.5,0,0
"<a href=""https://tiktok.com/@weehcdryf2"" target=""_blank"">@weehcdryf2</a>",67,3,35.111,1,4,36,0,6127.333,148.333,0.667,0.333
"<a href=""https://tiktok.com/@wilber.franco6"" target=""_blank"">@wilber.franco6</a>",93,8,45.695,0.97,11,179,0,13960.4,140.3,2.6,6.6
"<a href=""https://tiktok.com/@xchinaqueen0"" target=""_blank"">@xchinaqueen0</a>",74,6,91.857,0.667,1,14,0,3.714,0.571,0.143,0
"<a href=""https://tiktok.com/@xchinaqueen3"" target=""_blank"">@xchinaqueen3</a>",76,5,101.75,0.75,1,8,0,172.273,5.909,0.727,0.091
"<a href=""https://tiktok.com/@xcutejanab2"" target=""_blank"">@xcutejanab2</a>",75,9,104.575,0.733,2,18,0,434.1,30.1,2.2,0.1
"<a href=""https://tiktok.com/@xdfgxdf47"" target=""_blank"">@xdfgxdf47</a>",94,8,39.519,0.931,22,353,0,3010.375,30.625,0.75,2.25
"<a href=""https://tiktok.com/@xuan.quan.dang"" target=""_blank"">@xuan.quan.dang</a>",60,6,36.1,0.857,1,10,0,131.5,2.167,0,0
"<a href=""https://tiktok.com/@xx16682"" target=""_blank"">@xx16682</a>",2,6,65.722,0.875,2,16,0,721.667,34.333,1.167,0.333
"<a href=""https://tiktok.com/@xx8899xxy"" target=""_blank"">@xx8899xxy</a>",66,4,29.75,1,1,8,0,6607.5,77,0,0.25
"<a href=""https://tiktok.com/@xxkmli_0"" target=""_blank"">@xxkmli_0</a>",77,6,102.45,1,2,20,0,1243.333,105.167,11.917,4.833
"<a href=""https://tiktok.com/@xz88050"" target=""_blank"">@xz88050</a>",86,3,47.785,0.867,6,47,0,291,10.333,0,0
"<a href=""https://tiktok.com/@y0htcm"" target=""_blank"">@y0htcm</a>",60,5,36.1,0.857,1,10,0,576,14.6,1,0
"<a href=""https://tiktok.com/@yfyd3444"" target=""_blank"">@yfyd3444</a>",23,6,57.5,0.8,2,14,0,5226.5,864.667,94,306.5
"<a href=""https://tiktok.com/@yhdas"" target=""_blank"">@yhdas</a>",21,12,62.176,0.817,10,130,0,2967.583,84.583,4.167,1.75
"<a href=""https://tiktok.com/@ykre61"" target=""_blank"">@ykre61</a>",21,12,55.026,0.894,7,105,0,4501.417,157.583,1.25,3.917
"<a href=""https://tiktok.com/@yrfgj12"" target=""_blank"">@yrfgj12</a>",27,6,47.25,0.917,2,19,0,3546.167,116.167,10.833,1.833
"<a href=""https://tiktok.com/@yunggfdaazxc"" target=""_blank"">@yunggfdaazxc</a>",56,3,20.333,1,1,9,0,558.667,36,2.333,1.333
"<a href=""https://tiktok.com/@yvette.grubbs"" target=""_blank"">@yvette.grubbs</a>",94,8,42.895,0.966,22,350,0,107997.125,558.125,2.75,29.125
"<a href=""https://tiktok.com/@yxdffdd"" target=""_blank"">@yxdffdd</a>",101,4,28.75,1,1,8,0,16439.25,152,2,2.75
"<a href=""https://tiktok.com/@yyydfdz"" target=""_blank"">@yyydfdz</a>",80,3,69.333,1,2,18,0,90307.333,447.667,3.333,13.667
"<a href=""https://tiktok.com/@zamuel.jeffers"" target=""_blank"">@zamuel.jeffers</a>",93,9,48.6,0.968,11,211,0,4350.273,39.909,0.636,1
"<a href=""https://tiktok.com/@zasfxdf8"" target=""_blank"">@zasfxdf8</a>",94,6,42.273,0.958,20,298,0,15198.167,160.5,1.667,3.167
"<a href=""https://tiktok.com/@zelda.jensen"" target=""_blank"">@zelda.jensen</a>",79,3,49.667,1,1,9,0,5548.667,49.667,1.333,0
"<a href=""https://tiktok.com/@zfjkv564"" target=""_blank"">@zfjkv564</a>",14,7,92,1,1,8,0,1504.571,49.857,0.714,1.857
"<a href=""https://tiktok.com/@zg.hcugystsxy"" target=""_blank"">@zg.hcugystsxy</a>",3,7,58.042,1,5,40,0,1863.429,116,1.143,0.571
"<a href=""https://tiktok.com/@znl8vxm8q7"" target=""_blank"">@znl8vxm8q7</a>",67,3,35.278,1,4,36,0,2146,40.333,0,0
"<a href=""https://tiktok.com/@zxc951199"" target=""_blank"">@zxc951199</a>",86,3,53.769,0.933,6,52,0,2089.333,58.667,0,0
"<a href=""https://tiktok.com/@zzz840633"" target=""_blank"">@zzz840633</a>",86,3,49,0.867,6,51,0,314.667,11.333,0,0.333
