"Account","Network","Unique Shares","Avg Time Between Shares (sec)","Edge Symmetry Score","Degree","Strength","Betweenness","Avg Views","Avg Likes","Avg Comments","Avg Shares"
"<a href=""https://tiktok.com/@abd.aziz1329"" target=""_blank"">@abd.aziz1329</a>",5,4,57,1,1,8,0,1637.833,35.167,0.5,1.167
"<a href=""https://tiktok.com/@aed1e"" target=""_blank"">@aed1e</a>",17,4,83.5,1,1,8,0,892.5,46.75,0.25,0
"<a href=""https://tiktok.com/@aed3660"" target=""_blank"">@aed3660</a>",7,1,84.5,0.5,1,8,0,2988,63.5,1,0
"<a href=""https://tiktok.com/@aedh9"" target=""_blank"">@aedh9</a>",8,4,50.5,1,2,16,0.001,885,46,0.25,0.25
"<a href=""https://tiktok.com/@aediubt"" target=""_blank"">@aediubt</a>",5,5,53.58,1,5,44,0.009,17523.333,330.167,3,3.667
"<a href=""https://tiktok.com/@barbaraprice1013"" target=""_blank"">@barbaraprice1013</a>",11,4,27,1,1,8,0,2859,67.25,0.25,0.25
"<a href=""https://tiktok.com/@caryn.zoara"" target=""_blank"">@caryn.zoara</a>",13,2,51,1,1,8,0,460.5,16.75,0,0
"<a href=""https://tiktok.com/@danghu337"" target=""_blank"">@danghu337</a>",12,3,59.15,0.625,2,18,0,551.6,14.6,1.2,0
"<a href=""https://tiktok.com/@dcntdv"" target=""_blank"">@dcntdv</a>",10,4,22.75,1,1,8,0,949.75,64.5,2.25,0.5
"<a href=""https://tiktok.com/@debran.oxonrp08"" target=""_blank"">@debran.oxonrp08</a>",14,1,10,0.5,1,8,0,1748,75.75,2,3
"<a href=""https://tiktok.com/@dhcbv45"" target=""_blank"">@dhcbv45</a>",7,2,46.583,1,2,20,0,253.5,6.5,0,0
"<a href=""https://tiktok.com/@dhhtf74"" target=""_blank"">@dhhtf74</a>",5,6,51.617,1,5,45,0.006,1465.333,54.333,1.667,0.833
"<a href=""https://tiktok.com/@donaldandrew0930"" target=""_blank"">@donaldandrew0930</a>",11,4,27,1,1,8,0,342.5,23.25,0,0.25
"<a href=""https://tiktok.com/@elvistrevelyan0204"" target=""_blank"">@elvistrevelyan0204</a>",6,6,58,0.5,1,8,0,1257,51.25,1.5,0.5
"<a href=""https://tiktok.com/@fecbgf"" target=""_blank"">@fecbgf</a>",16,4,58,1,1,8,0,714,37.25,0,0.5
"<a href=""https://tiktok.com/@fhyrgu"" target=""_blank"">@fhyrgu</a>",16,4,58,1,1,8,0,929.833,38.833,0.333,0
"<a href=""https://tiktok.com/@finishthemovie3"" target=""_blank"">@finishthemovie3</a>",6,5,55.864,0.75,2,19,0.001,667.143,35.714,0.286,0.714
"<a href=""https://tiktok.com/@gbooat"" target=""_blank"">@gbooat</a>",4,9,64.095,0.896,2,30,0,813.417,32.5,0.917,0.167
"<a href=""https://tiktok.com/@gisela.lipke"" target=""_blank"">@gisela.lipke</a>",5,6,54.562,1,4,37,0.003,1154.167,55,0.833,0.333
"<a href=""https://tiktok.com/@givtuv"" target=""_blank"">@givtuv</a>",18,4,55.5,1,1,8,0,1015.75,56.5,0.5,1
"<a href=""https://tiktok.com/@gkccdf"" target=""_blank"">@gkccdf</a>",10,4,22.75,1,1,8,0,1342.75,97.25,1,1
"<a href=""https://tiktok.com/@gnvhjb0"" target=""_blank"">@gnvhjb0</a>",9,6,45.222,1,1,9,0,2757,49.667,0.833,1
"<a href=""https://tiktok.com/@guanganfilm"" target=""_blank"">@guanganfilm</a>",6,6,53.727,1,1,11,0,845.25,45.5,0.875,0.5
"<a href=""https://tiktok.com/@gugdfu21"" target=""_blank"">@gugdfu21</a>",8,4,46.75,1,1,8,0,604.75,29.75,0.75,0.75
"<a href=""https://tiktok.com/@gujffy1"" target=""_blank"">@gujffy1</a>",8,4,54.25,1,1,8,0,401.25,29,0.25,0
"<a href=""https://tiktok.com/@h.bklg"" target=""_blank"">@h.bklg</a>",12,2,39.75,0.5,2,16,0,1094.5,20,0,0
"<a href=""https://tiktok.com/@hdo.kn"" target=""_blank"">@hdo.kn</a>",5,4,55.849,1,6,58,0.005,6043.143,60.429,2.429,2.857
"<a href=""https://tiktok.com/@hfjftd"" target=""_blank"">@hfjftd</a>",9,6,45.222,1,1,9,0,986.333,45.333,0.5,2.833
"<a href=""https://tiktok.com/@hnmsk888"" target=""_blank"">@hnmsk888</a>",1,4,48.5,1,1,8,0,991,37.25,1.75,0.25
"<a href=""https://tiktok.com/@ifjch4"" target=""_blank"">@ifjch4</a>",5,6,76.681,0.9,2,17,0.001,1072.167,47.167,0.5,0.333
"<a href=""https://tiktok.com/@jckfjd.bff"" target=""_blank"">@jckfjd.bff</a>",5,4,48.479,1,4,33,0.001,2248.167,86.5,3.333,1.5
"<a href=""https://tiktok.com/@joab.truitt"" target=""_blank"">@joab.truitt</a>",7,4,63.222,0.667,3,28,0.001,667.167,23,0.167,0.333
"<a href=""https://tiktok.com/@jox.kj"" target=""_blank"">@jox.kj</a>",5,6,53,1,1,8,0,1293.667,59.667,0.167,0
"<a href=""https://tiktok.com/@jrcibug"" target=""_blank"">@jrcibug</a>",12,2,37.5,0.667,3,32,0.001,537.75,15,0.5,0.25
"<a href=""https://tiktok.com/@kfgibb6"" target=""_blank"">@kfgibb6</a>",15,2,46.75,1,2,32,0,588.25,14,0,0.75
"<a href=""https://tiktok.com/@nudgsy"" target=""_blank"">@nudgsy</a>",15,2,85,1,2,32,0,73.5,1.25,0,0
"<a href=""https://tiktok.com/@okgsisnssx"" target=""_blank"">@okgsisnssx</a>",3,12,54.344,1,1,32,0,858.417,39.083,1.083,1
"<a href=""https://tiktok.com/@pokp777"" target=""_blank"">@pokp777</a>",15,1,69.5,0.5,2,16,0.002,31,0.5,0,0
"<a href=""https://tiktok.com/@pploa999"" target=""_blank"">@pploa999</a>",1,4,48.5,1,1,8,0,755,6.25,0.25,0
"<a href=""https://tiktok.com/@syedacherry0"" target=""_blank"">@syedacherry0</a>",5,6,60,0.875,2,16,0.001,1732.667,45.167,0.5,0.5
"<a href=""https://tiktok.com/@tdkgsfi"" target=""_blank"">@tdkgsfi</a>",15,2,29.5,0.5,1,8,0,233,4,0,0
"<a href=""https://tiktok.com/@trevion.chelsie"" target=""_blank"">@trevion.chelsie</a>",7,5,56.5,0.75,2,16,0,891.625,59.375,0.625,2.125
"<a href=""https://tiktok.com/@ubf084006c"" target=""_blank"">@ubf084006c</a>",14,2,10,0.5,1,8,0,1138.5,28,0.5,1.25
"<a href=""https://tiktok.com/@uguetsrsy"" target=""_blank"">@uguetsrsy</a>",12,4,37.433,0.75,3,34,0,934.625,38.25,0.5,2.125
"<a href=""https://tiktok.com/@user1203836358576"" target=""_blank"">@user1203836358576</a>",17,4,83.5,1,1,8,0,878.25,46.75,0,0.75
"<a href=""https://tiktok.com/@user21137421956758"" target=""_blank"">@user21137421956758</a>",13,2,51,1,1,8,0,623.25,54,1,0
"<a href=""https://tiktok.com/@user2251785040483"" target=""_blank"">@user2251785040483</a>",18,4,55.5,1,1,8,0,1635.5,61.25,1.25,0.75
"<a href=""https://tiktok.com/@user4193808718143"" target=""_blank"">@user4193808718143</a>",2,3,67.167,1,2,18,0,253,1.667,0,0
"<a href=""https://tiktok.com/@user6938616753857"" target=""_blank"">@user6938616753857</a>",2,3,42.833,1,2,18,0,595.667,6.667,0,0.333
"<a href=""https://tiktok.com/@user81377850230994"" target=""_blank"">@user81377850230994</a>",2,3,61.333,1,2,18,0,341.333,4.333,0.333,0
"<a href=""https://tiktok.com/@user9241237747453"" target=""_blank"">@user9241237747453</a>",5,6,63.139,1,2,17,0.002,1202.333,37.667,1.333,1
"<a href=""https://tiktok.com/@xin20241035"" target=""_blank"">@xin20241035</a>",4,9,55.317,0.896,2,30,0,1302.667,37.111,1.111,0.333
"<a href=""https://tiktok.com/@yxbiyg"" target=""_blank"">@yxbiyg</a>",5,5,68.382,0.887,4,39,0.006,3324.778,140.667,3.111,0.778
"<a href=""https://tiktok.com/@yydszdzqa"" target=""_blank"">@yydszdzqa</a>",4,9,59.556,0.875,2,18,0.001,1037,36.556,1.111,0.333
"<a href=""https://tiktok.com/@yyfdtwhtod"" target=""_blank"">@yyfdtwhtod</a>",3,12,54.344,1,1,32,0,910.083,28.25,1.25,0.417
"<a href=""https://tiktok.com/@zsdx184"" target=""_blank"">@zsdx184</a>",15,2,73.333,0.833,3,40,0.003,490,19.25,1.5,0.5
