"Network","Number of Accounts","Network Density","Network Diameter","Clustering Coefficient","Avg Views","Avg Likes","Avg Comments","Avg Shares","Member Accounts"
1,2,1,8,NA,873,21.75,1,0.125,"pploa999, hnmsk888"
2,3,1,9,1,396.667,4.222,0.111,0.111,"user4193808718143, user6938616753857, user81377850230994"
3,2,1,32,NA,884.25,33.667,1.167,0.708,"okgsisnssx, yyfdtwhtod"
4,3,1,18,1,1027.267,35.1,1.033,0.267,"gbooat, xin20241035, yydszdzqa"
5,11,0.327,34,0.429,3545.757,88.486,1.657,1.186,"syedacherry0, hdo.kn, user9241237747453, gisela.lipke, dhhtf74, jckfjd.bff, aediubt, ifjch4, jox.kj, abd.aziz1329, yxbiyg"
6,3,0.667,19,0,934.261,44.522,0.913,0.565,"elvistrevelyan0204, guanganfilm, finishthemovie3"
7,4,0.667,20,0.6,906.3,38.3,0.4,0.95,"trevion.chelsie, joab.truitt, dhcbv45, aed3660"
8,3,0.667,16,0,630.333,34.917,0.417,0.333,"aedh9, gugdfu21, gujffy1"
9,2,1,9,NA,1871.667,47.5,0.667,1.917,"gnvhjb0, hfjftd"
10,2,1,8,NA,1146.25,80.875,1.625,0.75,"dcntdv, gkccdf"
11,2,1,8,NA,1600.75,45.25,0.125,0.25,"barbaraprice1013, donaldandrew0930"
12,4,0.833,16,0.75,798.286,24.714,0.571,0.857,"danghu337, h.bklg, jrcibug, uguetsrsy"
13,2,1,8,NA,541.875,35.375,0.5,0,"caryn.zoara, user21137421956758"
14,2,1,8,NA,1341.667,43.917,1,1.833,"debran.oxonrp08, ubf084006c"
15,5,0.5,32,0.5,311.167,8.611,0.333,0.278,"pokp777, kfgibb6, nudgsy, tdkgsfi, zsdx184"
16,2,1,8,NA,843.5,38.2,0.2,0.2,"fecbgf, fhyrgu"
17,2,1,8,NA,885.375,46.75,0.125,0.375,"aed1e, user1203836358576"
18,2,1,8,NA,1325.625,58.875,0.875,0.875,"givtuv, user2251785040483"
