"Account","Network","Unique Shares","Avg Time Between Shares (sec)","Edge Symmetry Score","Degree","Strength","Betweenness","Avg Views","Avg Likes","Avg Comments","Avg Shares"
"<a href=""https://tiktok.com/@1999_daniel_t"" target=""_blank"">@1999_daniel_t</a>",2,3,48,0.75,1,6,0,745,33,1,0.333
"<a href=""https://tiktok.com/@7npvabam01"" target=""_blank"">@7npvabam01</a>",27,4,51.222,0.857,1,9,0,315.5,2.333,0,0
"<a href=""https://tiktok.com/@aed3345"" target=""_blank"">@aed3345</a>",32,9,51.307,0.958,4,45,0,2306.333,74.222,0.667,2.333
"<a href=""https://tiktok.com/@aed9t4"" target=""_blank"">@aed9t4</a>",37,6,46.857,1,1,7,0,827.25,36.5,0.167,0.083
"<a href=""https://tiktok.com/@ainkbs"" target=""_blank"">@ainkbs</a>",31,5,50.75,1,1,8,0,161,0.714,0.143,0.286
"<a href=""https://tiktok.com/@baown3351"" target=""_blank"">@baown3351</a>",7,2,39.167,0.833,2,12,0,2523,74,0.5,1
"<a href=""https://tiktok.com/@bbbmwen590"" target=""_blank"">@bbbmwen590</a>",7,3,30.056,0.917,3,21,0,160563,4007.667,27.667,143
"<a href=""https://tiktok.com/@bdl055747"" target=""_blank"">@bdl055747</a>",35,4,65.833,1,1,6,0,66.5,1.25,0,0
"<a href=""https://tiktok.com/@benoit.altundasf"" target=""_blank"">@benoit.altundasf</a>",17,3,50.19,0.92,5,37,0,1161.333,21.333,0.333,0
"<a href=""https://tiktok.com/@bfffercajm"" target=""_blank"">@bfffercajm</a>",38,7,58.143,1,1,7,0,13218.727,443.364,7,2.182
"<a href=""https://tiktok.com/@bhymdu5052"" target=""_blank"">@bhymdu5052</a>",16,3,51.982,1,4,31,0,14.667,0.333,0,0
"<a href=""https://tiktok.com/@bob_jon_4m_1995"" target=""_blank"">@bob_jon_4m_1995</a>",2,3,48,0.75,1,6,0,705.667,57.333,0.333,0
"<a href=""https://tiktok.com/@boyishnessovo"" target=""_blank"">@boyishnessovo</a>",8,2,78.667,0.667,1,6,0,1082,49.5,0,0
"<a href=""https://tiktok.com/@breelynaubrie"" target=""_blank"">@breelynaubrie</a>",5,3,44.833,0.667,1,6,0,796.667,55.667,0,2.667
"<a href=""https://tiktok.com/@ck.ok665"" target=""_blank"">@ck.ok665</a>",17,3,48.257,0.92,5,37,0,603.333,19.667,0,0
"<a href=""https://tiktok.com/@ckyamj32390"" target=""_blank"">@ckyamj32390</a>",4,3,44.25,0.833,2,12,0,320.667,8,0,0.333
"<a href=""https://tiktok.com/@clarkkenneth1471"" target=""_blank"">@clarkkenneth1471</a>",32,7,52.105,0.902,4,40,0,1157.667,42.778,0.333,0.444
"<a href=""https://tiktok.com/@coco.9977"" target=""_blank"">@coco.9977</a>",20,3,42,1,1,9,0,444.333,8.667,0,0
"<a href=""https://tiktok.com/@colliercarol3790"" target=""_blank"">@colliercarol3790</a>",32,11,54.461,0.964,4,58,0,844.545,42.909,0.273,0.545
"<a href=""https://tiktok.com/@dbsgse"" target=""_blank"">@dbsgse</a>",31,4,42,0.8,1,7,0,192,12.875,0,0.5
"<a href=""https://tiktok.com/@dhyuqokl5021"" target=""_blank"">@dhyuqokl5021</a>",16,2,52.222,0.833,3,18,0,7875,177,0,0.5
"<a href=""https://tiktok.com/@discerne4651"" target=""_blank"">@discerne4651</a>",13,3,54.804,0.867,3,22,0,341.333,25,0,0
"<a href=""https://tiktok.com/@dzu2bxozg0"" target=""_blank"">@dzu2bxozg0</a>",32,10,54.298,0.979,4,52,0,1283.3,58.2,0.1,0.8
"<a href=""https://tiktok.com/@enen1story"" target=""_blank"">@enen1story</a>",25,4,39.306,0.917,3,22,0,1077.75,82.5,1.75,6.5
"<a href=""https://tiktok.com/@fabaom041"" target=""_blank"">@fabaom041</a>",7,3,48.056,0.778,3,21,0,16304.667,279.333,5.333,9.667
"<a href=""https://tiktok.com/@farjanaminnaaklim"" target=""_blank"">@farjanaminnaaklim</a>",37,5,52.833,1,1,6,0,576.556,32.889,0,2.444
"<a href=""https://tiktok.com/@fcfghh3"" target=""_blank"">@fcfghh3</a>",28,3,71.333,1,1,6,0,268.667,17.333,0,0
"<a href=""https://tiktok.com/@fdnju"" target=""_blank"">@fdnju</a>",21,3,48.429,0.8,1,7,0,476.667,10.333,0,0
"<a href=""https://tiktok.com/@frwfqu"" target=""_blank"">@frwfqu</a>",30,9,50.744,1,2,19,0,871.417,33.167,0.083,0
"<a href=""https://tiktok.com/@fzfz723"" target=""_blank"">@fzfz723</a>",18,3,48.929,0.8,2,16,0,2434,55.667,0,0.333
"<a href=""https://tiktok.com/@gheeyh695"" target=""_blank"">@gheeyh695</a>",7,2,27,0.708,2,12,0,4360.5,125.5,1.5,0
"<a href=""https://tiktok.com/@guaiago"" target=""_blank"">@guaiago</a>",17,3,60.339,0.933,3,22,0,614.667,12,0,0
"<a href=""https://tiktok.com/@heeht5380"" target=""_blank"">@heeht5380</a>",6,3,21.167,1,2,15,0,2597,18,0,0.667
"<a href=""https://tiktok.com/@hvelte0"" target=""_blank"">@hvelte0</a>",30,8,49.587,0.933,3,23,0,3656.167,111.417,0.333,0.25
"<a href=""https://tiktok.com/@hydjaqfy27376"" target=""_blank"">@hydjaqfy27376</a>",16,3,50.26,0.95,5,37,0,25,0.667,0,0
"<a href=""https://tiktok.com/@ilyssa.glove"" target=""_blank"">@ilyssa.glove</a>",18,3,52,0.8,2,14,0,669.667,15.333,0,0
"<a href=""https://tiktok.com/@indvh6143"" target=""_blank"">@indvh6143</a>",31,6,71,1,1,6,0,539.111,40.111,0,0
"<a href=""https://tiktok.com/@iuiuyj721"" target=""_blank"">@iuiuyj721</a>",28,3,71.333,1,1,6,0,1560,46,0.333,0.667
"<a href=""https://tiktok.com/@jackie.bradley45"" target=""_blank"">@jackie.bradley45</a>",26,4,17.5,1,1,8,0,899.25,67,2.5,8
"<a href=""https://tiktok.com/@jbpcddlts2"" target=""_blank"">@jbpcddlts2</a>",17,3,54.049,0.92,5,38,0.001,545.667,6.333,0,0
"<a href=""https://tiktok.com/@jfspet"" target=""_blank"">@jfspet</a>",31,9,53.759,0.95,4,28,0.001,169.222,5.667,0,0
"<a href=""https://tiktok.com/@jhgiuy4"" target=""_blank"">@jhgiuy4</a>",17,3,46.286,0.9,4,29,0,588.333,8.333,0.333,0
"<a href=""https://tiktok.com/@kelsey8260"" target=""_blank"">@kelsey8260</a>",12,3,48.833,1,1,6,0,777.667,53.333,0,0
"<a href=""https://tiktok.com/@kinsman818"" target=""_blank"">@kinsman818</a>",20,3,42,1,1,9,0,3919.667,13.667,1,0
"<a href=""https://tiktok.com/@kuikuipop.123"" target=""_blank"">@kuikuipop.123</a>",36,3,58.333,0.75,1,6,0,123.333,13.333,0,0
"<a href=""https://tiktok.com/@lbuleyw46242"" target=""_blank"">@lbuleyw46242</a>",16,3,55.567,1,4,30,0,301767,14965,33,26.333
"<a href=""https://tiktok.com/@liuya5555"" target=""_blank"">@liuya5555</a>",26,4,17.5,1,1,8,0,481.5,28,1.25,2.25
"<a href=""https://tiktok.com/@m_joel_8rg_2510"" target=""_blank"">@m_joel_8rg_2510</a>",4,2,47.5,0.667,1,6,0,1480,36,1,0.5
"<a href=""https://tiktok.com/@maloumovie"" target=""_blank"">@maloumovie</a>",8,3,51.722,0.806,3,18,0,933.333,103.667,0,0
"<a href=""https://tiktok.com/@mdnykbh09576"" target=""_blank"">@mdnykbh09576</a>",16,3,50.521,0.95,5,37,0,222,14.333,0,0
"<a href=""https://tiktok.com/@mgoles06"" target=""_blank"">@mgoles06</a>",30,3,45.857,1,1,7,0,3238.333,46.889,0.111,0.111
"<a href=""https://tiktok.com/@miki.aat"" target=""_blank"">@miki.aat</a>",21,3,48.429,0.8,1,7,0,8892.333,174.667,0.667,0.333
"<a href=""https://tiktok.com/@mv.martin.2006"" target=""_blank"">@mv.martin.2006</a>",1,3,56.333,0.75,1,6,0,58.667,2.667,0,0
"<a href=""https://tiktok.com/@nho.trangkg"" target=""_blank"">@nho.trangkg</a>",17,6,57.286,1,2,13,0,622.667,24,0,0
"<a href=""https://tiktok.com/@nigcghfxpjg"" target=""_blank"">@nigcghfxpjg</a>",38,7,58.143,1,1,7,0,19071.333,672.111,2.333,4.556
"<a href=""https://tiktok.com/@pledge573"" target=""_blank"">@pledge573</a>",12,2,48.833,1,1,6,0,1051,51,0,0
"<a href=""https://tiktok.com/@prommmfsovo"" target=""_blank"">@prommmfsovo</a>",8,2,50,0.75,1,6,0,313,16.5,0,0
"<a href=""https://tiktok.com/@qmcflshuc"" target=""_blank"">@qmcflshuc</a>",19,3,46.889,1,1,9,0,1533,29.333,0,0
"<a href=""https://tiktok.com/@rebajiang"" target=""_blank"">@rebajiang</a>",25,4,63.667,0.75,2,12,0,417.25,30,1.25,0.75
"<a href=""https://tiktok.com/@s83vq2441"" target=""_blank"">@s83vq2441</a>",27,5,51.222,0.857,1,9,0,207.6,2.2,0.2,0.2
"<a href=""https://tiktok.com/@seth_ramon_5v_0803"" target=""_blank"">@seth_ramon_5v_0803</a>",3,3,52.333,0.708,2,12,0,373.333,14,0,1
"<a href=""https://tiktok.com/@sharmel.look"" target=""_blank"">@sharmel.look</a>",17,3,56.299,0.9,4,29,0.001,5167,19.333,0.333,0
"<a href=""https://tiktok.com/@smegkt"" target=""_blank"">@smegkt</a>",31,4,51.286,1,1,7,0,248.167,5.667,1,0
"<a href=""https://tiktok.com/@stress_buster2"" target=""_blank"">@stress_buster2</a>",25,4,27.696,1,2,15,0,1053.25,73.5,3.25,10
"<a href=""https://tiktok.com/@t.clyde.122.1907"" target=""_blank"">@t.clyde.122.1907</a>",4,3,41,1,1,6,0,138,5.333,0,1
"<a href=""https://tiktok.com/@tdy7axi1g1"" target=""_blank"">@tdy7axi1g1</a>",32,10,54.554,1,4,55,0,1110.7,30.5,0.3,0.7
"<a href=""https://tiktok.com/@the.1hestart"" target=""_blank"">@the.1hestart</a>",25,4,55.27,0.917,3,21,0,1034,48,6,7.25
"<a href=""https://tiktok.com/@thuong.nhug"" target=""_blank"">@thuong.nhug</a>",18,3,53.071,0.8,2,16,0,233.333,10.667,0,0
"<a href=""https://tiktok.com/@udpgmf"" target=""_blank"">@udpgmf</a>",30,8,56.625,0.9,2,21,0,679.8,18.2,0.1,0
"<a href=""https://tiktok.com/@ueifbwjnyt1"" target=""_blank"">@ueifbwjnyt1</a>",9,3,42.5,1,1,8,0,748,42,0,0
"<a href=""https://tiktok.com/@user2116747575461"" target=""_blank"">@user2116747575461</a>",13,3,49.417,0.933,3,22,0,272,15,0,0
"<a href=""https://tiktok.com/@user2876762109610"" target=""_blank"">@user2876762109610</a>",1,3,56.333,0.75,1,6,0,111.333,6,0,0
"<a href=""https://tiktok.com/@user3727857663306"" target=""_blank"">@user3727857663306</a>",13,3,49.317,0.867,3,19,0,345.333,29.667,0,0
"<a href=""https://tiktok.com/@user3917927812063"" target=""_blank"">@user3917927812063</a>",9,2,41.333,0.667,1,6,0,830.5,87,0,0
"<a href=""https://tiktok.com/@user411661056160"" target=""_blank"">@user411661056160</a>",11,3,67.222,0.8,1,9,0,415.667,23.667,0,0
"<a href=""https://tiktok.com/@user4230900338134"" target=""_blank"">@user4230900338134</a>",14,3,45.774,0.875,2,13,0,543.333,35,0,0
"<a href=""https://tiktok.com/@user4561283030058"" target=""_blank"">@user4561283030058</a>",9,3,41.917,0.833,2,14,0,931.333,53.667,0.333,0.333
"<a href=""https://tiktok.com/@user4571441781582"" target=""_blank"">@user4571441781582</a>",15,2,19.167,0.75,1,6,0,241.5,18.5,0,0
"<a href=""https://tiktok.com/@user4937813819210"" target=""_blank"">@user4937813819210</a>",14,2,34.833,0.75,1,6,0,465.5,34,0,0
"<a href=""https://tiktok.com/@user5114157804239"" target=""_blank"">@user5114157804239</a>",29,2,99.167,0.75,1,6,0,386,13,0,0
"<a href=""https://tiktok.com/@user5472217335704"" target=""_blank"">@user5472217335704</a>",3,3,50.762,0.875,2,13,0,383,37.333,0.667,2
"<a href=""https://tiktok.com/@user5810745047788"" target=""_blank"">@user5810745047788</a>",29,3,99.167,0.75,1,6,0,324.333,8.667,0,0
"<a href=""https://tiktok.com/@user6063124688281"" target=""_blank"">@user6063124688281</a>",8,2,26.5,1,1,6,0,1144.5,21,0,0
"<a href=""https://tiktok.com/@user62544083409858"" target=""_blank"">@user62544083409858</a>",15,3,19.167,0.75,1,6,0,666.667,36.333,0,0
"<a href=""https://tiktok.com/@user62586027074958"" target=""_blank"">@user62586027074958</a>",33,3,15,0.75,1,6,0,577.667,54.333,0.667,1.333
"<a href=""https://tiktok.com/@user6383781338061"" target=""_blank"">@user6383781338061</a>",33,4,15,0.75,1,6,0,282.75,12.5,0.25,0
"<a href=""https://tiktok.com/@user6659377230652"" target=""_blank"">@user6659377230652</a>",36,4,58.333,0.75,1,6,0,163,4.75,0.5,0
"<a href=""https://tiktok.com/@user6915747762635"" target=""_blank"">@user6915747762635</a>",3,3,57.833,1,1,6,0,899.667,62.333,1,5.667
"<a href=""https://tiktok.com/@user69878848109202"" target=""_blank"">@user69878848109202</a>",17,6,56.756,0.88,5,37,0.001,650.5,16.5,0.167,0
"<a href=""https://tiktok.com/@user7300886715301"" target=""_blank"">@user7300886715301</a>",34,4,42.5,1,1,6,0,500,22,1.5,1
"<a href=""https://tiktok.com/@user7530499247134"" target=""_blank"">@user7530499247134</a>",11,3,67.222,0.8,1,9,0,350,9,0,0
"<a href=""https://tiktok.com/@user828024294451"" target=""_blank"">@user828024294451</a>",17,3,54.532,0.867,3,20,0,673.667,6.667,0.333,0
"<a href=""https://tiktok.com/@user9086234400825"" target=""_blank"">@user9086234400825</a>",13,3,51.931,0.933,3,21,0,908.333,47.667,0,0
"<a href=""https://tiktok.com/@user9308818801408"" target=""_blank"">@user9308818801408</a>",35,4,65.833,1,1,6,0,181.25,3.5,0,0
"<a href=""https://tiktok.com/@user9667881183676"" target=""_blank"">@user9667881183676</a>",34,4,42.5,1,1,6,0,268.75,17,1,0.5
"<a href=""https://tiktok.com/@ustkm799"" target=""_blank"">@ustkm799</a>",6,3,19.333,1,2,15,0,2412.667,64.333,0,0
"<a href=""https://tiktok.com/@vnfhvc2"" target=""_blank"">@vnfhvc2</a>",37,7,49.845,1,2,13,0,325.818,14.636,0.091,0.091
"<a href=""https://tiktok.com/@willard.letchaw"" target=""_blank"">@willard.letchaw</a>",5,2,44.833,0.667,1,6,0,622,18.5,0,1
"<a href=""https://tiktok.com/@wofbrih1064"" target=""_blank"">@wofbrih1064</a>",16,3,53.013,1,5,37,0,333.333,34,0,0
"<a href=""https://tiktok.com/@wxja752350"" target=""_blank"">@wxja752350</a>",3,3,72.897,0.889,3,19,0,325.667,7.333,0.333,0.333
"<a href=""https://tiktok.com/@yccyf401"" target=""_blank"">@yccyf401</a>",6,2,19.833,1,2,12,0,223.5,10.5,0,0
"<a href=""https://tiktok.com/@ydwthnm"" target=""_blank"">@ydwthnm</a>",19,3,46.889,1,1,9,0,570.667,18.667,0,0
"<a href=""https://tiktok.com/@yhn229992"" target=""_blank"">@yhn229992</a>",23,3,44.611,0.917,3,21,0,3765.667,73,2,0.333
"<a href=""https://tiktok.com/@ystzjaujl2792"" target=""_blank"">@ystzjaujl2792</a>",10,2,56.5,1,1,6,0,340.5,21,0,0
"<a href=""https://tiktok.com/@yu105732yfw"" target=""_blank"">@yu105732yfw</a>",22,3,31.417,0.75,2,12,0,536.667,30.333,0.667,0.333
"<a href=""https://tiktok.com/@yu1058tk"" target=""_blank"">@yu1058tk</a>",24,2,55.5,0.75,1,6,0,1612.5,34.5,1,0
"<a href=""https://tiktok.com/@yu1064tk"" target=""_blank"">@yu1064tk</a>",22,2,28,0.75,1,6,0,244.5,10,0.5,0
"<a href=""https://tiktok.com/@yu1065tk"" target=""_blank"">@yu1065tk</a>",24,3,55.5,0.75,1,6,0,4865.333,57.333,2.333,1
"<a href=""https://tiktok.com/@yu1068tk"" target=""_blank"">@yu1068tk</a>",23,2,22.667,0.708,2,12,0,271.5,6,0,0
"<a href=""https://tiktok.com/@yu1076tk"" target=""_blank"">@yu1076tk</a>",23,2,76,1,1,6,0,491.5,19,0.5,0.5
"<a href=""https://tiktok.com/@yu1080tk"" target=""_blank"">@yu1080tk</a>",22,2,34.833,0.75,1,6,0,204.5,4,0,0
"<a href=""https://tiktok.com/@yu1095tk"" target=""_blank"">@yu1095tk</a>",23,3,38.417,0.833,2,15,0,1988.667,30.667,0,1.333
"<a href=""https://tiktok.com/@ywjyvckmb2968"" target=""_blank"">@ywjyvckmb2968</a>",14,3,56.714,1,1,7,0,317.667,13,0,0
"<a href=""https://tiktok.com/@ywzkzgfu9128"" target=""_blank"">@ywzkzgfu9128</a>",10,3,58.917,0.833,2,12,0,324.333,13,0,0
"<a href=""https://tiktok.com/@zaxjqayn473"" target=""_blank"">@zaxjqayn473</a>",10,2,61.333,0.667,1,6,0,266,17,0,0
