"Account","Network","Unique Shares","Avg Time Between Shares (sec)","Edge Symmetry Score","Degree","Strength","Betweenness","Avg Views","Avg Likes","Avg Comments","Avg Shares"
"<a href=""https://tiktok.com/@aed2977"" target=""_blank"">@aed2977</a>",7,9,41.643,1,2,15,0,1443.7,77.2,2.1,0.6
"<a href=""https://tiktok.com/@aed8391"" target=""_blank"">@aed8391</a>",25,3,52.571,0.7,2,14,0,826.333,14,0,0.333
"<a href=""https://tiktok.com/@aedbr6"" target=""_blank"">@aedbr6</a>",7,8,49.118,1,2,17,0,1141.875,46.375,5.25,4.75
"<a href=""https://tiktok.com/@aedh263"" target=""_blank"">@aedh263</a>",25,9,53.418,0.811,4,69,0,2100.222,36.444,0.444,0.778
"<a href=""https://tiktok.com/@agrahamagraham"" target=""_blank"">@agrahamagraham</a>",1,5,38.714,0.8,1,7,0,899.833,39.167,3.833,0.333
"<a href=""https://tiktok.com/@anaxagoras.harlen"" target=""_blank"">@anaxagoras.harlen</a>",4,5,56,1,1,7,0,7925.4,100.4,7.4,14
"<a href=""https://tiktok.com/@asdfsasd.fgdfdgas"" target=""_blank"">@asdfsasd.fgdfdgas</a>",5,8,79.429,0.833,1,7,0,2412.111,47.778,2.222,5.333
"<a href=""https://tiktok.com/@baobaiwan888"" target=""_blank"">@baobaiwan888</a>",12,4,47.714,1,1,7,0,1087.5,43.5,0.5,0
"<a href=""https://tiktok.com/@baobaobao7183"" target=""_blank"">@baobaobao7183</a>",11,4,61,1,1,8,0,2000.25,49.25,0.75,0
"<a href=""https://tiktok.com/@berez.paulo"" target=""_blank"">@berez.paulo</a>",17,5,50.833,0.838,3,24,0.001,2131.5,51,0.167,0.667
"<a href=""https://tiktok.com/@bmc12655"" target=""_blank"">@bmc12655</a>",2,9,60.361,0.941,9,80,0,1411.222,70.778,1.778,3.556
"<a href=""https://tiktok.com/@brs1reddit"" target=""_blank"">@brs1reddit</a>",22,6,60.329,0.871,3,40,0,485.5,8.333,0,0
"<a href=""https://tiktok.com/@c.ts24"" target=""_blank"">@c.ts24</a>",17,6,53.469,0.837,4,33,0.002,715.667,21.833,0,0
"<a href=""https://tiktok.com/@calvinwhitman1014"" target=""_blank"">@calvinwhitman1014</a>",8,5,61.714,1,1,7,0,908.625,43.875,2,9.5
"<a href=""https://tiktok.com/@camilo.austin5"" target=""_blank"">@camilo.austin5</a>",16,4,70.429,1,1,7,0,312.75,9.75,0,0.25
"<a href=""https://tiktok.com/@cbnhf5680"" target=""_blank"">@cbnhf5680</a>",13,4,73,1,2,14,0,1605.5,56,0,4.25
"<a href=""https://tiktok.com/@cfdc18"" target=""_blank"">@cfdc18</a>",25,3,51.286,1,1,7,0,1805.6,57.2,0.8,2.6
"<a href=""https://tiktok.com/@chantalkusch"" target=""_blank"">@chantalkusch</a>",2,10,63.583,0.9,9,93,0,1732.5,109.3,1,2.3
"<a href=""https://tiktok.com/@crhn65"" target=""_blank"">@crhn65</a>",25,11,58.059,0.84,5,58,0,2253.909,33.545,0.818,1.455
"<a href=""https://tiktok.com/@cutequeen_driver120"" target=""_blank"">@cutequeen_driver120</a>",27,4,94.786,0.8,1,14,0,91.833,14.75,2.167,1.167
"<a href=""https://tiktok.com/@danghu337"" target=""_blank"">@danghu337</a>",3,5,52.717,0.944,3,25,0,6661,152.2,1.8,3.6
"<a href=""https://tiktok.com/@dhhcuyt"" target=""_blank"">@dhhcuyt</a>",24,3,45.375,1,1,8,0,439,3.333,0.333,3
"<a href=""https://tiktok.com/@dthh824"" target=""_blank"">@dthh824</a>",25,12,53.47,0.823,5,93,0,2225.25,71.167,0.667,0.917
"<a href=""https://tiktok.com/@elvistrevelyan0204"" target=""_blank"">@elvistrevelyan0204</a>",8,9,64.286,1,2,16,0,4535.222,75.222,0.556,6.111
"<a href=""https://tiktok.com/@ethel.gregory2"" target=""_blank"">@ethel.gregory2</a>",3,5,54.479,0.975,5,40,0,1522.2,52.2,0.4,0.8
"<a href=""https://tiktok.com/@euphemiabryant"" target=""_blank"">@euphemiabryant</a>",16,4,57.786,1,2,14,0,119.75,2.5,0.5,0
"<a href=""https://tiktok.com/@fauy8466"" target=""_blank"">@fauy8466</a>",4,8,84,0.857,1,7,0,1992.375,84.625,2.375,1.375
"<a href=""https://tiktok.com/@fdijc3"" target=""_blank"">@fdijc3</a>",2,10,62.582,0.938,10,90,0.001,821.3,47.2,0.7,1.6
"<a href=""https://tiktok.com/@fgjbgf4688"" target=""_blank"">@fgjbgf4688</a>",15,4,47,1,1,8,0,336.25,11.5,0,1
"<a href=""https://tiktok.com/@finishthemovie3"" target=""_blank"">@finishthemovie3</a>",8,10,60.571,1,1,7,0,1026.3,31.9,0.3,1.8
"<a href=""https://tiktok.com/@flipped272"" target=""_blank"">@flipped272</a>",24,3,45.375,1,1,8,0,185,1.333,0,0
"<a href=""https://tiktok.com/@fughf21"" target=""_blank"">@fughf21</a>",2,10,61.846,0.963,9,84,0.002,2038.7,97.3,0.9,2.3
"<a href=""https://tiktok.com/@g.gy726"" target=""_blank"">@g.gy726</a>",18,5,58.556,0.8,1,9,0,3366.6,73.2,1.4,4.8
"<a href=""https://tiktok.com/@gfg6705"" target=""_blank"">@gfg6705</a>",20,3,59.333,1,1,9,0,748.667,15.333,0.167,0.333
"<a href=""https://tiktok.com/@ggih3179"" target=""_blank"">@ggih3179</a>",18,6,58.556,0.8,1,9,0,649.167,19.667,0.667,0.667
"<a href=""https://tiktok.com/@ghcdax"" target=""_blank"">@ghcdax</a>",7,7,46.544,1,3,24,0,1475.25,52.5,1,2.375
"<a href=""https://tiktok.com/@gooj806"" target=""_blank"">@gooj806</a>",26,5,56.357,0.929,2,18,0,1267.6,40.8,1.6,5.4
"<a href=""https://tiktok.com/@gvcchh3457"" target=""_blank"">@gvcchh3457</a>",14,4,34.25,1,4,32,0,1129.75,38.75,8.5,23.25
"<a href=""https://tiktok.com/@hcodifb"" target=""_blank"">@hcodifb</a>",2,9,71.889,0.843,5,36,0.001,911.778,54.889,0.556,2.889
"<a href=""https://tiktok.com/@hdididh8"" target=""_blank"">@hdididh8</a>",10,5,71.286,1,1,7,0,1248.625,76.625,1.375,0.375
"<a href=""https://tiktok.com/@hdkcofh"" target=""_blank"">@hdkcofh</a>",10,5,71.286,1,1,7,0,714.857,55.286,0.571,0.857
"<a href=""https://tiktok.com/@hdr86575"" target=""_blank"">@hdr86575</a>",4,7,66.095,0.952,3,21,0.001,910.714,23.286,0.429,0
"<a href=""https://tiktok.com/@hhgghj8866"" target=""_blank"">@hhgghj8866</a>",14,4,43.438,1,4,32,0,1574,60.25,0,2.25
"<a href=""https://tiktok.com/@hhhhh777777852"" target=""_blank"">@hhhhh777777852</a>",5,6,79.429,0.833,1,7,0,1777.7,79.3,2.8,0.4
"<a href=""https://tiktok.com/@hsozhs6"" target=""_blank"">@hsozhs6</a>",2,4,50,0.917,2,15,0,1157.75,61,0.5,0.25
"<a href=""https://tiktok.com/@irdc042"" target=""_blank"">@irdc042</a>",2,9,61.723,0.92,9,84,0,1867.556,104.333,0.667,2.222
"<a href=""https://tiktok.com/@it29375"" target=""_blank"">@it29375</a>",21,3,60.889,0.8,1,9,0,39.333,0.667,0,0
"<a href=""https://tiktok.com/@j.ee238"" target=""_blank"">@j.ee238</a>",19,4,55.875,0.8,1,8,0,734,6.5,0,0
"<a href=""https://tiktok.com/@jajsjsn56"" target=""_blank"">@jajsjsn56</a>",26,9,42.121,0.825,5,50,0.001,2980.222,69.222,0.111,1.222
"<a href=""https://tiktok.com/@jdnjd485"" target=""_blank"">@jdnjd485</a>",19,3,55.875,0.8,1,8,0,663,8,0,0
"<a href=""https://tiktok.com/@jdpdosj"" target=""_blank"">@jdpdosj</a>",2,8,56.165,0.897,5,49,0,472.25,45.625,0.125,0.5
"<a href=""https://tiktok.com/@jdpxorjf"" target=""_blank"">@jdpxorjf</a>",2,10,63.658,0.91,11,105,0.001,750.8,57.4,0.7,1.2
"<a href=""https://tiktok.com/@jfdd653"" target=""_blank"">@jfdd653</a>",4,6,58.286,1,1,7,0,1213.167,39,0.333,0.167
"<a href=""https://tiktok.com/@jfkovj5"" target=""_blank"">@jfkovj5</a>",2,9,54.042,0.891,7,65,0.001,2174.111,163.222,2.889,3.667
"<a href=""https://tiktok.com/@jfodxgajsjijpd"" target=""_blank"">@jfodxgajsjijpd</a>",13,4,72.714,1,1,7,0,1367,64.75,2,0.5
"<a href=""https://tiktok.com/@jfufrehcdh"" target=""_blank"">@jfufrehcdh</a>",2,10,59.39,0.935,11,111,0.001,1760.3,97.3,1.2,1.4
"<a href=""https://tiktok.com/@joab.truitt"" target=""_blank"">@joab.truitt</a>",3,6,62.539,0.885,4,31,0,2175.167,117.167,1.333,0.167
"<a href=""https://tiktok.com/@josieferguson6"" target=""_blank"">@josieferguson6</a>",3,6,56.79,0.95,5,45,0,19806,516,9.333,137.5
"<a href=""https://tiktok.com/@jsjx359"" target=""_blank"">@jsjx359</a>",17,5,57.375,0.714,1,8,0,976.4,29.6,1.4,0
"<a href=""https://tiktok.com/@jsosjxj8"" target=""_blank"">@jsosjxj8</a>",2,4,44.5,0.714,1,8,0,801.167,64.5,0.667,0.167
"<a href=""https://tiktok.com/@jtcytxyzey"" target=""_blank"">@jtcytxyzey</a>",2,10,59.324,0.937,12,107,0.003,2380.4,186.8,1.3,3.8
"<a href=""https://tiktok.com/@jvhb240"" target=""_blank"">@jvhb240</a>",26,6,43.053,0.869,3,28,0,1620.333,59.5,1.167,2.167
"<a href=""https://tiktok.com/@jvtvc3"" target=""_blank"">@jvtvc3</a>",26,3,54.861,0.837,4,32,0,13870.333,214.333,1,3.667
"<a href=""https://tiktok.com/@kimleonard0623"" target=""_blank"">@kimleonard0623</a>",7,7,48.111,1,3,26,0,20672.571,621.286,4.714,9.714
"<a href=""https://tiktok.com/@krug011"" target=""_blank"">@krug011</a>",2,10,51.387,0.958,4,37,0,689.9,43.6,0.3,1
"<a href=""https://tiktok.com/@ktsfyh"" target=""_blank"">@ktsfyh</a>",9,4,52.25,1,2,16,0,2656.5,145,10.25,1.25
"<a href=""https://tiktok.com/@laetitia.circle"" target=""_blank"">@laetitia.circle</a>",3,4,63.333,1,3,24,0,495.25,15.75,0.25,0.75
"<a href=""https://tiktok.com/@luisina.riihimaki"" target=""_blank"">@luisina.riihimaki</a>",2,8,63.112,0.922,6,46,0.001,1006.778,108.222,1.222,0.556
"<a href=""https://tiktok.com/@marisol.rath"" target=""_blank"">@marisol.rath</a>",16,4,67,1,2,14,0,1514.5,31.75,0,1.75
"<a href=""https://tiktok.com/@marjoriecarrie0525"" target=""_blank"">@marjoriecarrie0525</a>",16,4,52,1,1,7,0,768.75,15.75,0.25,0.75
"<a href=""https://tiktok.com/@monalisa7988"" target=""_blank"">@monalisa7988</a>",20,3,61.5,1,2,18,0,1665.6,46.6,0.2,0
"<a href=""https://tiktok.com/@noohreddit"" target=""_blank"">@noohreddit</a>",21,4,60.889,0.8,1,9,0,256.25,14.25,0.25,0
"<a href=""https://tiktok.com/@qlkvahinq1huog"" target=""_blank"">@qlkvahinq1huog</a>",11,4,61,1,1,8,0,5758.5,168.25,1.75,1.5
"<a href=""https://tiktok.com/@quincyshop08"" target=""_blank"">@quincyshop08</a>",2,10,59.237,0.906,13,117,0.006,1312,50.5,0.2,1.6
"<a href=""https://tiktok.com/@reddishnan"" target=""_blank"">@reddishnan</a>",22,6,58.332,0.93,3,40,0,399.333,10.333,0.333,0.167
"<a href=""https://tiktok.com/@reddittabud"" target=""_blank"">@reddittabud</a>",22,6,61.956,0.857,3,27,0,244.5,5.5,0,0
"<a href=""https://tiktok.com/@rhzpbjoqixj"" target=""_blank"">@rhzpbjoqixj</a>",13,4,73.286,1,1,7,0,925,19.5,0,0
"<a href=""https://tiktok.com/@samsilas1994"" target=""_blank"">@samsilas1994</a>",6,7,56.286,1,1,7,0,11730.714,89.286,26.857,1.286
"<a href=""https://tiktok.com/@sasapco"" target=""_blank"">@sasapco</a>",9,5,89,1,2,16,0.001,2367.5,138.167,2.667,1.167
"<a href=""https://tiktok.com/@sdsdyou"" target=""_blank"">@sdsdyou</a>",9,4,83,1,1,8,0,3523.25,180.75,4,5.5
"<a href=""https://tiktok.com/@sijh37"" target=""_blank"">@sijh37</a>",26,6,42.143,0.8,1,7,0,61940,879.667,1.333,6.833
"<a href=""https://tiktok.com/@svpmrjwfqvu2oj"" target=""_blank"">@svpmrjwfqvu2oj</a>",15,4,47,1,1,8,0,1669.75,70.5,1.25,4.25
"<a href=""https://tiktok.com/@sweet_driver120"" target=""_blank"">@sweet_driver120</a>",27,8,94.786,0.8,1,14,0,42961.241,3186.621,121.517,49.897
"<a href=""https://tiktok.com/@textstory781"" target=""_blank"">@textstory781</a>",9,4,56.812,1,4,32,0.001,4009.5,176.5,2.75,1.5
"<a href=""https://tiktok.com/@titme"" target=""_blank"">@titme</a>",17,5,48.667,0.905,3,24,0.001,1984.4,93.2,1.2,0.4
"<a href=""https://tiktok.com/@tk168877jd0"" target=""_blank"">@tk168877jd0</a>",12,4,47.714,1,1,7,0,1658.75,39,0,0
"<a href=""https://tiktok.com/@toma.rimi"" target=""_blank"">@toma.rimi</a>",20,5,75.769,1,1,13,0,1573.4,19.4,0.6,0.2
"<a href=""https://tiktok.com/@ubhutfrx"" target=""_blank"">@ubhutfrx</a>",2,10,51.633,0.877,10,102,0.004,985.9,80.2,1.2,0.6
"<a href=""https://tiktok.com/@uehjkb3487"" target=""_blank"">@uehjkb3487</a>",14,4,42.875,1,4,32,0,681,17.5,0.75,0
"<a href=""https://tiktok.com/@user240775158"" target=""_blank"">@user240775158</a>",20,6,69.718,1,2,22,0,3036,40.5,0.167,0.833
"<a href=""https://tiktok.com/@user2932993437321"" target=""_blank"">@user2932993437321</a>",23,4,37.571,1,1,7,0,1509.75,49.25,0.75,2.75
"<a href=""https://tiktok.com/@user3436197788624"" target=""_blank"">@user3436197788624</a>",26,5,51.156,0.775,3,33,0,3865.8,91.6,0.2,0
"<a href=""https://tiktok.com/@user361947617460"" target=""_blank"">@user361947617460</a>",3,4,70.92,0.958,4,29,0,13009.833,110.167,32.167,1.833
"<a href=""https://tiktok.com/@user3825956150738"" target=""_blank"">@user3825956150738</a>",25,6,54.467,0.83,5,44,0.002,26203.833,372.833,2.667,10
"<a href=""https://tiktok.com/@user4181021201798"" target=""_blank"">@user4181021201798</a>",23,4,47.911,1,2,15,0,1052.75,31.5,0,0.5
"<a href=""https://tiktok.com/@user5107401810761"" target=""_blank"">@user5107401810761</a>",14,4,40.188,1,4,32,0,914,35,0.75,0.25
"<a href=""https://tiktok.com/@user5626060056906"" target=""_blank"">@user5626060056906</a>",2,10,55.766,0.899,9,90,0,928.3,54.6,0.4,1.1
"<a href=""https://tiktok.com/@user5760975752263"" target=""_blank"">@user5760975752263</a>",22,6,50.278,0.915,3,35,0,318.667,11.167,0,0.5
"<a href=""https://tiktok.com/@user6922385284275"" target=""_blank"">@user6922385284275</a>",2,8,60.643,0.929,2,15,0,1129.75,74.375,0.625,1.625
"<a href=""https://tiktok.com/@user8653602093025"" target=""_blank"">@user8653602093025</a>",23,4,58.25,1,1,8,0,766.25,21.25,1,0.5
"<a href=""https://tiktok.com/@v.if77"" target=""_blank"">@v.if77</a>",17,5,74.875,1,1,8,0,934.833,27.667,0.167,1.167
"<a href=""https://tiktok.com/@vdkfofu"" target=""_blank"">@vdkfofu</a>",6,6,56.286,1,1,7,0,2939,69.333,0.333,0.333
"<a href=""https://tiktok.com/@vghf668"" target=""_blank"">@vghf668</a>",17,4,48.938,1,2,16,0,1289,74,1.8,0.4
"<a href=""https://tiktok.com/@victory202525"" target=""_blank"">@victory202525</a>",1,4,38.714,0.8,1,7,0,1104,49.5,2,0
"<a href=""https://tiktok.com/@video.of38"" target=""_blank"">@video.of38</a>",17,5,40.75,0.917,2,17,0,1277,58.4,1,0
"<a href=""https://tiktok.com/@woyaofadacai0"" target=""_blank"">@woyaofadacai0</a>",14,4,45.125,1,4,32,0,1441.25,53,0.25,1.25
"<a href=""https://tiktok.com/@xxii911"" target=""_blank"">@xxii911</a>",9,4,37.875,1,2,16,0,1786,105.75,2.25,1
"<a href=""https://tiktok.com/@yourstoryttt"" target=""_blank"">@yourstoryttt</a>",9,4,65.5,1,1,8,0,76602.25,3490.25,53.5,45
"<a href=""https://tiktok.com/@yuwenmovie"" target=""_blank"">@yuwenmovie</a>",8,8,64.857,1,2,16,0,12200.875,107.25,18.75,20.875
"<a href=""https://tiktok.com/@zsdx184"" target=""_blank"">@zsdx184</a>",25,9,47.006,0.821,6,83,0.001,3860.667,59.778,0.667,0.444
"<a href=""https://tiktok.com/@zxvb736"" target=""_blank"">@zxvb736</a>",25,12,61.551,0.818,6,104,0,17366.917,271.667,2.333,5.833
