"Network","Number of Accounts","Network Density","Network Diameter","Clustering Coefficient","Avg Views","Avg Likes","Avg Comments","Avg Shares","Member Accounts"
1,2,1,7,0,981.5,43.3,3.1,0.2,"agrahamagraham, victory202525"
2,19,0.421,26,0.582,1301.743,83.895,0.906,1.778,"hcodifb, krug011, jtcytxyzey, quincyshop08, fdijc3, bmc12655, fughf21, jdpxorjf, irdc042, jsosjxj8, ubhutfrx, chantalkusch, jfufrehcdh, jfkovj5, jdpdosj, user5626060056906, luisina.riihimaki, hsozhs6, user6922385284275"
3,6,0.8,16,0.789,7901.344,173.281,8.406,26.938,"ethel.gregory2, danghu337, joab.truitt, laetitia.circle, josieferguson6, user361947617460"
4,4,0.5,14,0,2662.308,60.615,2.346,3.154,"fauy8466, hdr86575, anaxagoras.harlen, jfdd653"
5,2,1,7,0,2078.211,64.368,2.526,2.737,"hhhhh777777852, asdfsasd.fgdfdgas"
6,2,1,7,0,7673,80.077,14.615,0.846,"samsilas1994, vdkfofu"
7,4,0.833,15,0.75,5457.03,179.152,3.152,3.97,"aed2977, aedbr6, kimleonard0623, ghcdax"
8,4,0.5,23,0,4455.886,63,4.971,9.029,"elvistrevelyan0204, finishthemovie3, calvinwhitman1014, yuwenmovie"
9,6,0.4,24,0.333,14173.654,662.385,11.808,8.615,"ktsfyh, sasapco, textstory781, sdsdyou, xxii911, yourstoryttt"
10,2,1,7,0,999.533,66.667,1,0.6,"hdkcofh, hdididh8"
11,2,1,8,0,3879.375,108.75,1.25,0.75,"baobaobao7183, qlkvahinq1huog"
12,2,1,7,0,1373.125,41.25,0.25,0,"baobaiwan888, tk168877jd0"
13,3,0.667,14,0,1299.167,46.75,0.667,1.583,"cbnhf5680, jfodxgajsjijpd, rhzpbjoqixj"
14,5,1,8,1,1148,40.9,2.05,5.4,"user5107401810761, woyaofadacai0, gvcchh3457, uehjkb3487, hhgghj8866"
15,2,1,8,0,1003,41,0.625,2.625,"svpmrjwfqvu2oj, fgjbgf4688"
16,4,0.5,21,0,678.938,14.938,0.188,0.688,"marjoriecarrie0525, euphemiabryant, marisol.rath, camilo.austin5"
17,7,0.381,32,0.429,1324.368,49.447,0.763,0.395,"jsjx359, c.ts24, berez.paulo, v.if77, titme, vghf668, video.of38"
18,2,1,9,0,1884.364,44,1,2.545,"g.gy726, ggih3179"
19,2,1,8,0,703.571,7.143,0,0,"jdnjd485, j.ee238"
20,4,0.5,31,0,1768.318,30.227,0.273,0.364,"toma.rimi, monalisa7988, gfg6705, user240775158"
21,2,1,9,0,163.286,8.429,0.143,0,"noohreddit, it29375"
22,4,1,17,1,362,8.833,0.083,0.167,"reddittabud, reddishnan, brs1reddit, user5760975752263"
23,3,0.667,15,0,1109.583,34,0.583,1.25,"user4181021201798, user2932993437321, user8653602093025"
24,2,1,8,0,312,2.333,0.167,1.5,"dhhcuyt, flipped272"
25,8,0.607,27,0.761,7198.164,118.119,1.119,2.716,"cfdc18, dthh824, user3825956150738, zsdx184, aedh263, crhn65, aed8391, zxvb736"
26,6,0.6,20,0.652,13984.176,222.441,0.824,3.029,"jvhb240, sijh37, jajsjsn56, jvtvc3, gooj806, user3436197788624"
27,2,1,14,0,30414.098,2258.268,86.585,35.634,"cutequeen_driver120, sweet_driver120"
