"Account","Network","Unique Shares","Avg Time Between Shares (sec)","Edge Symmetry Score","Degree","Strength","Betweenness","Avg Views","Avg Likes","Avg Comments","Avg Shares"
"<a href=""https://tiktok.com/@.prince.sahin"" target=""_blank"">@.prince.sahin</a>",2,9,36.333,0.667,1,3,0,167.3,68.033,0,13.067
"<a href=""https://tiktok.com/@akhiislamakhi07"" target=""_blank"">@akhiislamakhi07</a>",3,10,66,0.8,1,5,0,135.214,59.643,0.286,2.286
"<a href=""https://tiktok.com/@md.jahed7838"" target=""_blank"">@md.jahed7838</a>",3,3,66,0.8,1,5,0,137.6,51,3.6,4.8
"<a href=""https://tiktok.com/@mdtoufikahmed08"" target=""_blank"">@mdtoufikahmed08</a>",1,2,51.25,0.5,1,4,0,378,148.333,1.667,1.333
"<a href=""https://tiktok.com/@rakib3140"" target=""_blank"">@rakib3140</a>",1,1,59.667,0.667,1,3,0,123,43,0,0
"<a href=""https://tiktok.com/@sadikur.rahman146"" target=""_blank"">@sadikur.rahman146</a>",1,10,53.458,0.833,2,7,0.095,167.067,84,0.467,0.867
"<a href=""https://tiktok.com/@shohidul8060"" target=""_blank"">@shohidul8060</a>",1,8,49.25,0.75,2,8,0.095,107.55,50.4,0,0.8
"<a href=""https://tiktok.com/@user769780951"" target=""_blank"">@user769780951</a>",2,4,36.333,0.667,1,3,0,110.786,43.786,0.714,0.357
