"Account","Network","Unique Shares","Avg Time Between Shares (sec)","Edge Symmetry Score","Degree","Strength","Betweenness","Avg Views","Avg Likes","Avg Comments","Avg Shares"
"<a href=""https://tiktok.com/@1qwdjjd"" target=""_blank"">@1qwdjjd</a>",61,6,42.996,0.938,2,23,0,2208.5,49.833,0.167,0
"<a href=""https://tiktok.com/@1yrogls"" target=""_blank"">@1yrogls</a>",53,9,53.709,0.91,9,133,0,3236.556,186.778,0.667,0.444
"<a href=""https://tiktok.com/@abxke8499"" target=""_blank"">@abxke8499</a>",53,6,43.208,0.817,2,21,0,693.833,10.667,0.167,0.167
"<a href=""https://tiktok.com/@acsge1347"" target=""_blank"">@acsge1347</a>",53,11,52.344,0.874,13,170,0,1381,24.364,0.364,0.455
"<a href=""https://tiktok.com/@aed0267"" target=""_blank"">@aed0267</a>",29,10,57.897,0.888,5,58,0,1920.667,68.5,0.333,0.75
"<a href=""https://tiktok.com/@aed2750"" target=""_blank"">@aed2750</a>",29,11,57.542,0.885,10,164,0,17492.091,207.545,0.909,2.727
"<a href=""https://tiktok.com/@aedyckctu"" target=""_blank"">@aedyckctu</a>",3,8,68.6,1,1,10,0,2550.5,87,0.8,0.6
"<a href=""https://tiktok.com/@amazing_seeet120"" target=""_blank"">@amazing_seeet120</a>",31,6,67.3,0.857,1,20,0,25.667,4.333,1.5,0.833
"<a href=""https://tiktok.com/@anxdo3188"" target=""_blank"">@anxdo3188</a>",61,6,44.928,0.812,2,19,0,275,6.333,0,0
"<a href=""https://tiktok.com/@arffug"" target=""_blank"">@arffug</a>",43,13,54.65,0.789,2,30,0,2282.6,35.8,0.2,0.6
"<a href=""https://tiktok.com/@avcms3284"" target=""_blank"">@avcms3284</a>",53,6,69.799,0.867,4,41,0,827.833,14.833,0.333,0
"<a href=""https://tiktok.com/@avelina.asucen"" target=""_blank"">@avelina.asucen</a>",52,7,35.351,0.882,7,76,0.001,1975.571,79.429,2.286,0.857
"<a href=""https://tiktok.com/@awmilke"" target=""_blank"">@awmilke</a>",58,8,16.333,1,1,12,0,2251.25,123.875,1.125,0.625
"<a href=""https://tiktok.com/@axflw3188"" target=""_blank"">@axflw3188</a>",60,6,50.889,0.875,1,9,0,1238.5,42.333,0,0
"<a href=""https://tiktok.com/@baxor3828"" target=""_blank"">@baxor3828</a>",62,8,47.5,0.909,1,16,0,1803.125,59,1,0
"<a href=""https://tiktok.com/@beaty_queen_22"" target=""_blank"">@beaty_queen_22</a>",36,16,89.558,0.75,1,43,0,1202.655,40.931,3.897,0.828
"<a href=""https://tiktok.com/@berez.paulo"" target=""_blank"">@berez.paulo</a>",9,10,39.6,0.929,2,25,0,1881.833,31,0.333,0.667
"<a href=""https://tiktok.com/@bipiqo"" target=""_blank"">@bipiqo</a>",43,17,61.378,0.97,9,175,0.001,1139.588,23.353,0.118,0.059
"<a href=""https://tiktok.com/@bixukf"" target=""_blank"">@bixukf</a>",54,8,30.629,0.929,2,24,0,15638.75,288.75,2.25,2.25
"<a href=""https://tiktok.com/@bmc12655"" target=""_blank"">@bmc12655</a>",2,9,82.444,0.714,1,9,0,1426.333,82.778,0.667,1.556
"<a href=""https://tiktok.com/@books3478"" target=""_blank"">@books3478</a>",14,6,82.444,1,1,9,0,3310.5,81.167,0.333,3.5
"<a href=""https://tiktok.com/@bpgarp"" target=""_blank"">@bpgarp</a>",43,14,63.112,0.897,6,135,0,302.167,7.333,0,0
"<a href=""https://tiktok.com/@brittanycarter1959"" target=""_blank"">@brittanycarter1959</a>",16,6,38.333,1,1,9,0,352.333,2.833,0.333,0
"<a href=""https://tiktok.com/@bsih75"" target=""_blank"">@bsih75</a>",13,5,47.22,0.917,4,59,0,702.2,15.8,0.2,0
"<a href=""https://tiktok.com/@bsyg2865"" target=""_blank"">@bsyg2865</a>",8,6,45.722,0.75,2,18,0,835.333,38.5,0.667,0.333
"<a href=""https://tiktok.com/@burba.robyn"" target=""_blank"">@burba.robyn</a>",10,3,37.667,1,1,9,0,13,1,0,0
"<a href=""https://tiktok.com/@bvoo3130"" target=""_blank"">@bvoo3130</a>",49,12,63.786,0.901,4,89,0,2621,60.583,0.583,0.167
"<a href=""https://tiktok.com/@bxjzjsns0"" target=""_blank"">@bxjzjsns0</a>",52,8,45.149,0.91,4,50,0,1348,70.125,1.25,0.5
"<a href=""https://tiktok.com/@bxuzba"" target=""_blank"">@bxuzba</a>",52,8,40.97,0.942,6,72,0,402.625,21.25,0.25,0.25
"<a href=""https://tiktok.com/@c.ts24"" target=""_blank"">@c.ts24</a>",8,9,43.329,0.967,3,35,0,3200.583,75.083,0.417,1.417
"<a href=""https://tiktok.com/@camilo.austin5"" target=""_blank"">@camilo.austin5</a>",6,10,53.324,1,3,30,0,463.5,9.2,1.6,0.5
"<a href=""https://tiktok.com/@carbloggera"" target=""_blank"">@carbloggera</a>",13,6,47.807,0.897,4,63,0,696.5,19.167,1.833,2.333
"<a href=""https://tiktok.com/@carlos.alberto.al886"" target=""_blank"">@carlos.alberto.al886</a>",42,9,47.818,0.889,1,11,0,1196,33.556,0.333,0.889
"<a href=""https://tiktok.com/@cbske2477"" target=""_blank"">@cbske2477</a>",60,8,51.1,1,2,20,0,2761.333,77.333,0.444,0.556
"<a href=""https://tiktok.com/@cfdc18"" target=""_blank"">@cfdc18</a>",29,9,55.715,0.906,9,118,0,2598.333,46.889,0.222,0.667
"<a href=""https://tiktok.com/@chdg050"" target=""_blank"">@chdg050</a>",4,9,60.939,0.944,2,19,0,1025.333,47,1.556,0.778
"<a href=""https://tiktok.com/@china_cutegirl22"" target=""_blank"">@china_cutegirl22</a>",36,19,87.797,0.861,3,96,0,609.966,48.724,2.345,1.517
"<a href=""https://tiktok.com/@chuma_g1"" target=""_blank"">@chuma_g1</a>",36,5,79.429,0.375,1,14,0,3297.636,178.818,3.273,1.182
"<a href=""https://tiktok.com/@cjdjfcn"" target=""_blank"">@cjdjfcn</a>",52,8,42.882,0.907,8,92,0,1738.25,134.125,0.625,0.125
"<a href=""https://tiktok.com/@cjire9104"" target=""_blank"">@cjire9104</a>",47,12,57.398,0.905,5,73,0,4057.833,87,0.167,1.5
"<a href=""https://tiktok.com/@cjur6297"" target=""_blank"">@cjur6297</a>",47,12,68.046,0.917,4,66,0,1582.917,47,0.417,0.167
"<a href=""https://tiktok.com/@clirr5282"" target=""_blank"">@clirr5282</a>",47,8,47.306,0.889,3,30,0.001,1236,61.636,0.455,1.727
"<a href=""https://tiktok.com/@cnatk3189"" target=""_blank"">@cnatk3189</a>",52,6,39.911,0.849,3,29,0,1433.5,83.833,0.667,0
"<a href=""https://tiktok.com/@coirf88774"" target=""_blank"">@coirf88774</a>",48,9,48.762,1,2,30,0,521.889,24.778,0,0.333
"<a href=""https://tiktok.com/@courr1227"" target=""_blank"">@courr1227</a>",48,7,34.857,1,1,21,0,1419.143,44,2.143,0.143
"<a href=""https://tiktok.com/@cute_chumi_girl208"" target=""_blank"">@cute_chumi_girl208</a>",30,4,56.143,0.875,1,21,0,5264.619,386.619,15.476,83.095
"<a href=""https://tiktok.com/@cutegirlbabe2"" target=""_blank"">@cutegirlbabe2</a>",31,5,67.3,0.857,1,20,0,9.476,2.571,0.524,0
"<a href=""https://tiktok.com/@ddeaxmelj72"" target=""_blank"">@ddeaxmelj72</a>",14,6,82.444,1,1,9,0,1091.5,26.167,0.667,0.667
"<a href=""https://tiktok.com/@deep.sea_2"" target=""_blank"">@deep.sea_2</a>",51,3,51,1,3,27,0,12253,273.333,1,0
"<a href=""https://tiktok.com/@dhhi6645"" target=""_blank"">@dhhi6645</a>",47,12,64.934,0.927,5,94,0,1029.583,54.917,0.333,1.083
"<a href=""https://tiktok.com/@dianaantoinette2000"" target=""_blank"">@dianaantoinette2000</a>",17,8,59.667,1,1,12,0,42454.9,2117.4,6.4,11.4
"<a href=""https://tiktok.com/@dijx3903"" target=""_blank"">@dijx3903</a>",49,12,76.367,0.865,5,98,0,1180.25,39.083,0.5,0.417
"<a href=""https://tiktok.com/@djisks96"" target=""_blank"">@djisks96</a>",52,6,33.2,0.722,2,20,0,963,18.167,0.833,0
"<a href=""https://tiktok.com/@djwf2904"" target=""_blank"">@djwf2904</a>",50,6,57.889,0.944,3,33,0,826.833,35.833,0.167,0.333
"<a href=""https://tiktok.com/@drgd8391"" target=""_blank"">@drgd8391</a>",50,8,58.644,0.944,3,46,0,1226.375,43.25,1.375,1.75
"<a href=""https://tiktok.com/@dtbtcc8"" target=""_blank"">@dtbtcc8</a>",43,6,66.017,1,4,60,0.001,531.667,10.833,0.333,0.167
"<a href=""https://tiktok.com/@dthh824"" target=""_blank"">@dthh824</a>",29,11,55.43,0.952,10,156,0,2737.818,68.636,0.636,3
"<a href=""https://tiktok.com/@duuff30"" target=""_blank"">@duuff30</a>",52,8,43.262,0.899,5,60,0,3118,80.125,2.625,1.375
"<a href=""https://tiktok.com/@dygd8923"" target=""_blank"">@dygd8923</a>",50,6,56.033,0.917,4,48,0,1010.417,35.167,0.667,1
"<a href=""https://tiktok.com/@eden70188"" target=""_blank"">@eden70188</a>",51,6,53.104,0.9,3,38,0,3518.667,296.833,1,2.167
"<a href=""https://tiktok.com/@eiej4325"" target=""_blank"">@eiej4325</a>",50,10,55.024,0.905,5,87,0,806.7,26.6,0.3,0.6
"<a href=""https://tiktok.com/@ejanc3177"" target=""_blank"">@ejanc3177</a>",53,9,49.082,0.925,8,141,0,1062.222,24.222,0.222,0.111
"<a href=""https://tiktok.com/@eqmhqf"" target=""_blank"">@eqmhqf</a>",43,13,52.999,0.87,5,97,0,627,19.75,0.188,0.188
"<a href=""https://tiktok.com/@eudazpstrvf"" target=""_blank"">@eudazpstrvf</a>",27,8,26.556,1,1,9,0,5251.9,154,2.375,13.2
"<a href=""https://tiktok.com/@evfdmzl"" target=""_blank"">@evfdmzl</a>",54,8,28.829,0.917,2,24,0,5140,137.25,1.125,2.375
"<a href=""https://tiktok.com/@fauy8466"" target=""_blank"">@fauy8466</a>",3,10,68.6,1,1,10,0,2256.7,82.4,0.9,2
"<a href=""https://tiktok.com/@fdijc3"" target=""_blank"">@fdijc3</a>",1,10,62.778,0.857,1,9,0,2342,142.7,1.3,9
"<a href=""https://tiktok.com/@fgffvp"" target=""_blank"">@fgffvp</a>",44,5,47.308,1,2,22,0,245.778,3.889,0,1.333
"<a href=""https://tiktok.com/@fhda78402"" target=""_blank"">@fhda78402</a>",49,12,68.539,0.972,4,77,0,1273.75,69.083,0.333,0.417
"<a href=""https://tiktok.com/@fhkundshunk"" target=""_blank"">@fhkundshunk</a>",25,7,81.583,0.833,1,12,0,2659.5,5.6,0,0.6
"<a href=""https://tiktok.com/@fhuc22"" target=""_blank"">@fhuc22</a>",11,12,46.765,0.908,5,99,0,1855,25.929,0.143,0.286
"<a href=""https://tiktok.com/@fhvf210"" target=""_blank"">@fhvf210</a>",9,10,46.637,0.929,2,29,0,1298.8,75,0.8,0.1
"<a href=""https://tiktok.com/@fhxk1941"" target=""_blank"">@fhxk1941</a>",46,11,66.464,0.917,2,23,0,539.143,14.929,1,0.143
"<a href=""https://tiktok.com/@fjjgdvx"" target=""_blank"">@fjjgdvx</a>",23,7,51.333,0.857,1,9,0,5265.625,195,3.286,13.875
"<a href=""https://tiktok.com/@fkir2290"" target=""_blank"">@fkir2290</a>",47,12,67.695,0.902,5,84,0,531.333,18.333,0.25,0.083
"<a href=""https://tiktok.com/@fnnf8890"" target=""_blank"">@fnnf8890</a>",47,11,44.791,0.833,3,48,0,2822.818,76.727,0,1.455
"<a href=""https://tiktok.com/@fsaftn"" target=""_blank"">@fsaftn</a>",43,12,54.467,0.926,3,47,0.001,688.083,22.083,0.167,0.167
"<a href=""https://tiktok.com/@fugfuj33"" target=""_blank"">@fugfuj33</a>",28,9,59.583,0.889,1,12,0,2948.7,95.1,6.375,12.1
"<a href=""https://tiktok.com/@g.in.cgn"" target=""_blank"">@g.in.cgn</a>",52,8,44.64,0.946,8,86,0.001,1700,92.75,1.875,1.25
"<a href=""https://tiktok.com/@gdjsys526252"" target=""_blank"">@gdjsys526252</a>",63,6,44,0.857,1,9,0,1134.333,72.833,0,0.333
"<a href=""https://tiktok.com/@gf.nj97"" target=""_blank"">@gf.nj97</a>",5,8,62.7,0.875,1,10,0,1424.778,154.889,0.556,0.778
"<a href=""https://tiktok.com/@ghhj8554"" target=""_blank"">@ghhj8554</a>",49,9,60.546,0.845,4,54,0,1701.9,42.5,0.7,1.2
"<a href=""https://tiktok.com/@givi0331"" target=""_blank"">@givi0331</a>",45,15,73.571,0.917,2,31,0,325.267,8.867,0.133,0.133
"<a href=""https://tiktok.com/@gjbgikh"" target=""_blank"">@gjbgikh</a>",18,7,26.1,0.875,1,10,0,3650.375,101.25,0.875,1.375
"<a href=""https://tiktok.com/@gjguq6894"" target=""_blank"">@gjguq6894</a>",47,11,68.48,1,2,34,0,3075.273,86.545,0.818,1.182
"<a href=""https://tiktok.com/@gofman.008"" target=""_blank"">@gofman.008</a>",35,9,62.4,0.833,1,10,0,939.111,68.222,1.333,1.444
"<a href=""https://tiktok.com/@goodbye17507"" target=""_blank"">@goodbye17507</a>",15,6,65.5,1,1,10,0,2163.5,58.333,0.667,0.167
"<a href=""https://tiktok.com/@gutieyy7"" target=""_blank"">@gutieyy7</a>",5,9,55.681,0.938,2,23,0,1418.889,87.333,2,3.333
"<a href=""https://tiktok.com/@hdbjx72"" target=""_blank"">@hdbjx72</a>",7,9,44.318,0.862,2,31,0,1486.333,31.111,0.778,2.444
"<a href=""https://tiktok.com/@hdmjwo1"" target=""_blank"">@hdmjwo1</a>",43,15,65.744,0.926,3,52,0,589.8,19,0,0.133
"<a href=""https://tiktok.com/@hdryxd"" target=""_blank"">@hdryxd</a>",22,7,42.111,1,1,9,0,7414.5,242.2,4.5,10.1
"<a href=""https://tiktok.com/@hdvhds4"" target=""_blank"">@hdvhds4</a>",52,8,38.139,0.932,6,67,0,1231.75,81.625,1.625,0.75
"<a href=""https://tiktok.com/@hec88551nva"" target=""_blank"">@hec88551nva</a>",24,8,57,1,1,10,0,2570.333,96.444,1.25,3.222
"<a href=""https://tiktok.com/@hehs5037"" target=""_blank"">@hehs5037</a>",47,12,62.676,0.939,4,90,0,979,55.083,0.333,0.417
"<a href=""https://tiktok.com/@hidouo"" target=""_blank"">@hidouo</a>",43,16,67.37,0.85,8,177,0,699.562,17.25,0.062,0.312
"<a href=""https://tiktok.com/@hltuoq"" target=""_blank"">@hltuoq</a>",43,18,71.318,0.957,5,162,0,3473.889,64.944,0.556,1.889
"<a href=""https://tiktok.com/@hmwnajkihjcirrrsyw"" target=""_blank"">@hmwnajkihjcirrrsyw</a>",35,8,53.9,0.857,1,10,0,2659,91.3,2.4,7.3
"<a href=""https://tiktok.com/@hockey2840"" target=""_blank"">@hockey2840</a>",15,6,65.5,1,1,10,0,1926.167,56.833,0,1.5
"<a href=""https://tiktok.com/@hojdmc"" target=""_blank"">@hojdmc</a>",65,3,22.704,1,3,27,0,631.667,20,0.333,0
"<a href=""https://tiktok.com/@hrfj8302"" target=""_blank"">@hrfj8302</a>",48,3,62.667,1,1,9,0,1568.333,64.111,0.889,0.778
"<a href=""https://tiktok.com/@hsbuz8"" target=""_blank"">@hsbuz8</a>",11,6,47.322,1,2,19,0,883.444,30.889,0.333,0.556
"<a href=""https://tiktok.com/@hsgshqdrf5p"" target=""_blank"">@hsgshqdrf5p</a>",38,6,90.808,1,1,26,0,9.333,1.833,0,0
"<a href=""https://tiktok.com/@htjzwe4"" target=""_blank"">@htjzwe4</a>",56,8,53,1,1,12,0,2766.875,69.75,0.75,0.5
"<a href=""https://tiktok.com/@huiodjio"" target=""_blank"">@huiodjio</a>",22,10,43.801,0.905,6,71,0,2204.7,110,2,2.8
"<a href=""https://tiktok.com/@hwvrok"" target=""_blank"">@hwvrok</a>",55,7,24.607,0.894,2,28,0,14299.571,143.429,2.857,1.714
"<a href=""https://tiktok.com/@hxjdsj34"" target=""_blank"">@hxjdsj34</a>",52,8,37.931,0.967,5,53,0.001,1208.375,71,0.625,0.25
"<a href=""https://tiktok.com/@hygge8662"" target=""_blank"">@hygge8662</a>",28,10,59.583,0.889,1,12,0,3776.9,155.5,2.375,6.7
"<a href=""https://tiktok.com/@hzhdhs"" target=""_blank"">@hzhdhs</a>",52,7,24.948,0.921,3,34,0,1366.857,43.857,1.857,0.857
"<a href=""https://tiktok.com/@ididu034"" target=""_blank"">@ididu034</a>",4,8,57,0.938,2,18,0,1773.556,80.778,1.889,2.556
"<a href=""https://tiktok.com/@idpeoc"" target=""_blank"">@idpeoc</a>",43,17,69.199,0.916,5,94,0.001,985.833,16.333,0,0.111
"<a href=""https://tiktok.com/@iiuu553"" target=""_blank"">@iiuu553</a>",29,15,55.591,0.911,12,233,0,15219.667,212.933,0.867,1.733
"<a href=""https://tiktok.com/@irdc042"" target=""_blank"">@irdc042</a>",1,10,62.778,0.857,1,9,0,3731.6,138.5,1.3,2
"<a href=""https://tiktok.com/@isce0690"" target=""_blank"">@isce0690</a>",45,15,64.885,0.929,2,34,0,1062.8,35.067,0.267,0.2
"<a href=""https://tiktok.com/@isge0853"" target=""_blank"">@isge0853</a>",46,15,75.284,0.838,2,27,0,309,14,0,0.133
"<a href=""https://tiktok.com/@isgs5669"" target=""_blank"">@isgs5669</a>",45,13,64.7,1,2,24,0,302.214,9.071,0.071,0.286
"<a href=""https://tiktok.com/@iupkvg"" target=""_blank"">@iupkvg</a>",43,11,72.158,0.891,5,52,0.002,281.273,3.636,0,0
"<a href=""https://tiktok.com/@j.uv586"" target=""_blank"">@j.uv586</a>",9,11,55.437,1,2,34,0,1079.727,43,0.273,0.364
"<a href=""https://tiktok.com/@jajsjsn56"" target=""_blank"">@jajsjsn56</a>",29,14,54.431,0.948,10,164,0,12474.857,185.429,0.857,9.786
"<a href=""https://tiktok.com/@jann.jacobs"" target=""_blank"">@jann.jacobs</a>",6,8,54.667,0.938,2,18,0,1603.111,27.556,3.111,2
"<a href=""https://tiktok.com/@jeffrey.hettinger"" target=""_blank"">@jeffrey.hettinger</a>",6,10,57.522,0.961,6,58,0.001,1324.8,36.1,1.4,2.5
"<a href=""https://tiktok.com/@jfufrehcdh"" target=""_blank"">@jfufrehcdh</a>",2,8,64.489,0.929,2,19,0,4646.25,273.25,3.125,14.625
"<a href=""https://tiktok.com/@jksjbtuupyf"" target=""_blank"">@jksjbtuupyf</a>",32,3,68.3,0.571,1,10,0,5.083,0.167,0,0
"<a href=""https://tiktok.com/@jkuy0534"" target=""_blank"">@jkuy0534</a>",50,10,71.155,0.919,3,50,0,852.167,44.25,0.417,0.25
"<a href=""https://tiktok.com/@jshszh6382"" target=""_blank"">@jshszh6382</a>",52,7,37.693,0.915,3,37,0,1169.286,88.714,0.286,0.143
"<a href=""https://tiktok.com/@jsjx359"" target=""_blank"">@jsjx359</a>",10,3,37.667,1,1,9,0,26,0.333,0,0
"<a href=""https://tiktok.com/@jsosjxj8"" target=""_blank"">@jsosjxj8</a>",2,10,65.462,0.837,3,33,0,8762.2,169.7,3,7.7
"<a href=""https://tiktok.com/@juliosalazar229"" target=""_blank"">@juliosalazar229</a>",42,8,47.818,0.889,1,11,0,2310.375,48,1,1
"<a href=""https://tiktok.com/@jvhb240"" target=""_blank"">@jvhb240</a>",29,14,53.579,0.934,11,188,0,14928.429,252.857,1,2.357
"<a href=""https://tiktok.com/@jvtvc3"" target=""_blank"">@jvtvc3</a>",29,13,57.492,0.911,10,182,0,8915,119.308,0.846,2.154
"<a href=""https://tiktok.com/@kacbr2774"" target=""_blank"">@kacbr2774</a>",52,6,39.9,0.866,2,20,0,980.286,54.714,0.857,0.286
"<a href=""https://tiktok.com/@kbpsjd"" target=""_blank"">@kbpsjd</a>",5,8,57.226,0.958,3,30,0,1104.9,63.9,1.1,0.4
"<a href=""https://tiktok.com/@kdywnty"" target=""_blank"">@kdywnty</a>",58,8,16.333,1,1,12,0,1158.25,56.125,0.5,0.625
"<a href=""https://tiktok.com/@keoap4288"" target=""_blank"">@keoap4288</a>",53,8,51.349,0.904,8,93,0,865.75,19.25,0.625,0.375
"<a href=""https://tiktok.com/@kfbfol"" target=""_blank"">@kfbfol</a>",44,5,69.641,1,2,22,0,44.444,0.889,0,0
"<a href=""https://tiktok.com/@kkj00006"" target=""_blank"">@kkj00006</a>",26,6,63.1,0.833,1,10,0,7244,232.667,2.25,9.167
"<a href=""https://tiktok.com/@kkj00007"" target=""_blank"">@kkj00007</a>",26,6,63.1,0.833,1,10,0,3087.333,146.667,1.25,2.833
"<a href=""https://tiktok.com/@klsier"" target=""_blank"">@klsier</a>",44,3,79.667,1,1,9,0,107.667,3.333,0.333,0
"<a href=""https://tiktok.com/@krug011"" target=""_blank"">@krug011</a>",2,9,48.25,0.944,2,20,0,2240.778,151.889,0.889,4.444
"<a href=""https://tiktok.com/@ktsfyh"" target=""_blank"">@ktsfyh</a>",22,10,50,1,1,11,0,2780.8,138.7,2,1.6
"<a href=""https://tiktok.com/@kungyhunksd"" target=""_blank"">@kungyhunksd</a>",25,6,60.5,0.875,1,12,0,1786.333,8.167,0,0.167
"<a href=""https://tiktok.com/@landscape5670"" target=""_blank"">@landscape5670</a>",22,10,41.347,0.819,4,37,0,2047,216,9.125,0.7
"<a href=""https://tiktok.com/@lawrenceharvey54"" target=""_blank"">@lawrenceharvey54</a>",6,9,68.288,1,2,20,0,693.4,14.9,0.9,0.6
"<a href=""https://tiktok.com/@leoraf9"" target=""_blank"">@leoraf9</a>",57,6,30.3,1,1,10,0,2594.25,93,0.625,0.375
"<a href=""https://tiktok.com/@lhqitc"" target=""_blank"">@lhqitc</a>",43,18,66.088,0.938,5,105,0,949.889,24.889,0.167,0.222
"<a href=""https://tiktok.com/@lin689668987"" target=""_blank"">@lin689668987</a>",25,6,69,1,1,11,0,938.75,25,0.167,0.25
"<a href=""https://tiktok.com/@ljpjvh"" target=""_blank"">@ljpjvh</a>",55,8,26.83,0.95,2,30,0,12771.375,291.625,2.75,1.5
"<a href=""https://tiktok.com/@luisina.riihimaki"" target=""_blank"">@luisina.riihimaki</a>",2,10,72.778,0.857,1,9,0,899.7,90.4,1.9,1.7
"<a href=""https://tiktok.com/@lush_queen120"" target=""_blank"">@lush_queen120</a>",30,6,56.143,0.875,1,21,0,18389,1158.762,50.095,75.238
"<a href=""https://tiktok.com/@marjoriecarrie0525"" target=""_blank"">@marjoriecarrie0525</a>",6,10,64.657,0.963,3,32,0,621.9,16.7,2.8,3.9
"<a href=""https://tiktok.com/@monalisa7988"" target=""_blank"">@monalisa7988</a>",11,9,42.092,0.854,4,61,0,1130.889,23.556,0.556,0
"<a href=""https://tiktok.com/@mong.khuu"" target=""_blank"">@mong.khuu</a>",6,8,52.667,1,1,9,0,1254.7,42.9,3.2,5
"<a href=""https://tiktok.com/@ncaqusztvgl"" target=""_blank"">@ncaqusztvgl</a>",44,3,35,1,1,9,0,103,0.667,0,0
"<a href=""https://tiktok.com/@ncjfhyrsdj"" target=""_blank"">@ncjfhyrsdj</a>",52,6,30.167,1,1,12,0,1623.167,38.833,0.5,0.833
"<a href=""https://tiktok.com/@ncsfo3287"" target=""_blank"">@ncsfo3287</a>",52,5,52.889,1,2,18,0,3167.6,82.2,0.6,1
"<a href=""https://tiktok.com/@nfyk.emma"" target=""_blank"">@nfyk.emma</a>",6,8,63.8,1,1,10,0,2801.1,61.9,2.8,4.3
"<a href=""https://tiktok.com/@nhllos8"" target=""_blank"">@nhllos8</a>",57,7,30.3,1,1,10,0,2142.429,94.429,0.429,0.571
"<a href=""https://tiktok.com/@nxpsa4288"" target=""_blank"">@nxpsa4288</a>",53,12,51.003,0.877,9,175,0,26223.75,1513.083,5.25,3.833
"<a href=""https://tiktok.com/@okay11732"" target=""_blank"">@okay11732</a>",49,8,71.846,0.915,3,53,0,1487.818,44.545,0.909,0.455
"<a href=""https://tiktok.com/@oljclk"" target=""_blank"">@oljclk</a>",55,8,31.152,0.944,2,30,0,1728.75,32.25,0.75,0.125
"<a href=""https://tiktok.com/@omi.poni0"" target=""_blank"">@omi.poni0</a>",11,14,46.545,0.723,4,73,0,3376.643,46.786,0.357,0.143
"<a href=""https://tiktok.com/@ongoc.mrm"" target=""_blank"">@ongoc.mrm</a>",19,6,35.727,0.857,1,11,0,1499.333,21,1.167,5.167
"<a href=""https://tiktok.com/@onikacaylie"" target=""_blank"">@onikacaylie</a>",6,9,65.15,1,2,20,0,1709.889,57.889,3.333,9.333
"<a href=""https://tiktok.com/@oxkops7"" target=""_blank"">@oxkops7</a>",54,6,46.1,0.845,2,20,0,2846.5,122.75,1.125,0.875
"<a href=""https://tiktok.com/@pbpktw"" target=""_blank"">@pbpktw</a>",43,15,65.528,0.816,7,134,0,589.111,13.833,0.111,0.167
"<a href=""https://tiktok.com/@pdilul"" target=""_blank"">@pdilul</a>",56,5,31,0.857,1,10,0,5945.143,95.143,2.143,0.714
"<a href=""https://tiktok.com/@pjk3357"" target=""_blank"">@pjk3357</a>",41,9,47.846,1,1,13,0,531.1,13.1,0.5,0
"<a href=""https://tiktok.com/@prbnac"" target=""_blank"">@prbnac</a>",43,11,65.529,0.888,5,69,0.001,621.417,23.083,0.25,0.667
"<a href=""https://tiktok.com/@prtnr8"" target=""_blank"">@prtnr8</a>",5,8,64.389,0.944,2,19,0,1907,85.556,9.444,0.222
"<a href=""https://tiktok.com/@puhrra"" target=""_blank"">@puhrra</a>",43,13,54.297,0.913,5,117,0,928.25,24.312,0,0.312
"<a href=""https://tiktok.com/@pxibi018"" target=""_blank"">@pxibi018</a>",11,10,60.623,0.979,4,58,0,1057.692,23.615,0.231,0.308
"<a href=""https://tiktok.com/@qafkr2477"" target=""_blank"">@qafkr2477</a>",53,7,61.493,0.888,11,131,0,725.714,10.571,0.857,0
"<a href=""https://tiktok.com/@qdcieh"" target=""_blank"">@qdcieh</a>",65,3,21.593,1,3,27,0,832.333,20.333,0,0
"<a href=""https://tiktok.com/@qigqtm"" target=""_blank"">@qigqtm</a>",43,14,70.052,0.964,4,46,0.001,281.643,6.429,0,0
"<a href=""https://tiktok.com/@reddit_grayson99"" target=""_blank"">@reddit_grayson99</a>",65,3,23.963,0.933,3,27,0,896,35.667,0.333,0.333
"<a href=""https://tiktok.com/@reddit_hunt"" target=""_blank"">@reddit_hunt</a>",65,3,20.704,0.933,3,27,0,815.667,25.333,0,0.333
"<a href=""https://tiktok.com/@redditstory667"" target=""_blank"">@redditstory667</a>",41,9,47.846,1,1,13,0,339.222,8.111,0.111,0.111
"<a href=""https://tiktok.com/@refine74"" target=""_blank"">@refine74</a>",56,8,42,0.929,2,22,0,1035.125,146.875,0.375,0.375
"<a href=""https://tiktok.com/@rlcycp"" target=""_blank"">@rlcycp</a>",20,7,24.667,1,1,12,0,1053.857,54.714,0.429,0.143
"<a href=""https://tiktok.com/@rohingyao"" target=""_blank"">@rohingyao</a>",22,9,26.519,0.863,3,34,0,3103.6,136.3,3.5,2
"<a href=""https://tiktok.com/@roselent02103"" target=""_blank"">@roselent02103</a>",53,6,36.172,0.929,4,40,0,791.5,16,0.5,0.667
"<a href=""https://tiktok.com/@sasapco"" target=""_blank"">@sasapco</a>",22,9,25.708,0.917,2,22,0,2774.8,191.8,1.125,2.1
"<a href=""https://tiktok.com/@sdsdyou"" target=""_blank"">@sdsdyou</a>",22,8,58.341,0.731,3,29,0,7015.444,325.889,4.429,6.333
"<a href=""https://tiktok.com/@shuj977"" target=""_blank"">@shuj977</a>",8,8,48.189,0.958,3,29,0,927.875,49.625,0.5,0.125
"<a href=""https://tiktok.com/@shuy742"" target=""_blank"">@shuy742</a>",13,6,48.324,0.897,4,65,0,962.167,14.833,0.333,0
"<a href=""https://tiktok.com/@snoshsj"" target=""_blank"">@snoshsj</a>",52,6,24.578,0.875,3,32,0,1075.333,65.5,0.167,0.5
"<a href=""https://tiktok.com/@sqifhw"" target=""_blank"">@sqifhw</a>",43,15,67.895,0.886,5,107,0,1456.611,17.5,0.167,0.222
"<a href=""https://tiktok.com/@srepabble5758"" target=""_blank"">@srepabble5758</a>",16,6,38.333,1,1,9,0,1247.667,38.667,0,0.5
"<a href=""https://tiktok.com/@stoyouh"" target=""_blank"">@stoyouh</a>",22,9,41.204,0.846,5,51,0,2963.444,170.778,1.857,5
"<a href=""https://tiktok.com/@sug7994"" target=""_blank"">@sug7994</a>",13,6,45.25,0.925,4,66,0,772.167,22.833,0,0
"<a href=""https://tiktok.com/@sumroo.786"" target=""_blank"">@sumroo.786</a>",36,9,84.744,0.929,2,61,0,1323.917,168.333,6.667,7.25
"<a href=""https://tiktok.com/@sweet_driver120"" target=""_blank"">@sweet_driver120</a>",32,6,68.3,0.571,1,10,0,2660.69,249.762,21.786,6.357
"<a href=""https://tiktok.com/@tamto27"" target=""_blank"">@tamto27</a>",19,6,35.727,0.857,1,11,0,498,7.333,2.167,2
"<a href=""https://tiktok.com/@ternencebloor0314"" target=""_blank"">@ternencebloor0314</a>",17,10,59.667,1,1,12,0,1443.1,85.8,0.5,0.4
"<a href=""https://tiktok.com/@tetel4962"" target=""_blank"">@tetel4962</a>",46,12,74.373,0.817,2,25,0,232.6,9.067,0.133,0.067
"<a href=""https://tiktok.com/@texthsg"" target=""_blank"">@texthsg</a>",24,8,57,1,1,10,0,4408.556,195.778,2.5,3.778
"<a href=""https://tiktok.com/@texts178"" target=""_blank"">@texts178</a>",22,8,22.5,0.833,1,10,0,3989.6,158.1,4.25,3.7
"<a href=""https://tiktok.com/@tiffanystory8"" target=""_blank"">@tiffanystory8</a>",27,8,26.556,1,1,9,0,26133.333,451.222,10.857,9.778
"<a href=""https://tiktok.com/@tiwakp1"" target=""_blank"">@tiwakp1</a>",43,11,57.9,0.789,2,30,0,581.545,28.636,0.364,0.182
"<a href=""https://tiktok.com/@todaysfriendshow4"" target=""_blank"">@todaysfriendshow4</a>",13,6,55.699,0.797,4,61,0,3743,76.167,2.667,1.167
"<a href=""https://tiktok.com/@toma.rimi"" target=""_blank"">@toma.rimi</a>",11,15,43.019,0.902,5,89,0,1750.667,23.8,0.4,0.333
"<a href=""https://tiktok.com/@topi.khatun6"" target=""_blank"">@topi.khatun6</a>",11,11,57.727,0.784,5,51,0,972.846,39.308,0.154,1.692
"<a href=""https://tiktok.com/@tudysrud"" target=""_blank"">@tudysrud</a>",63,4,44,0.857,1,9,0,1702,48.75,0.75,0.25
"<a href=""https://tiktok.com/@tugx2917"" target=""_blank"">@tugx2917</a>",46,14,67.375,0.938,2,25,0,283.667,11.933,0,0.2
"<a href=""https://tiktok.com/@ufsc8075"" target=""_blank"">@ufsc8075</a>",47,11,56.587,0.971,5,68,0.001,1515.25,47.5,0.333,0.917
"<a href=""https://tiktok.com/@ujnpmvrmnklnilutge"" target=""_blank"">@ujnpmvrmnklnilutge</a>",35,10,58.15,0.845,2,20,0,455.8,12.4,0.6,0.4
"<a href=""https://tiktok.com/@ujrrrsq"" target=""_blank"">@ujrrrsq</a>",43,10,65.502,0.85,3,37,0,305,9.692,0,0
"<a href=""https://tiktok.com/@unrarg"" target=""_blank"">@unrarg</a>",21,8,44.7,1,1,10,0,1467.875,88,0.5,0.625
"<a href=""https://tiktok.com/@urdu9708"" target=""_blank"">@urdu9708</a>",47,10,47.244,0.833,3,60,0,1397.667,50.667,0.25,0.5
"<a href=""https://tiktok.com/@user16909390140293"" target=""_blank"">@user16909390140293</a>",25,9,70.361,0.903,3,35,0,668.333,14.083,0.111,0
"<a href=""https://tiktok.com/@user240775158"" target=""_blank"">@user240775158</a>",11,7,48.246,0.707,3,40,0,1409.143,21.571,0.857,0.286
"<a href=""https://tiktok.com/@user2920462956526"" target=""_blank"">@user2920462956526</a>",12,6,43.4,1,1,10,0,2111.5,30,0.833,3
"<a href=""https://tiktok.com/@user3154950400581"" target=""_blank"">@user3154950400581</a>",4,9,53.778,1,1,9,0,1643.1,124.1,2.4,0.4
"<a href=""https://tiktok.com/@user3436197788624"" target=""_blank"">@user3436197788624</a>",29,9,55.361,0.929,8,89,0,7962.667,162.333,0.778,1.556
"<a href=""https://tiktok.com/@user3543260092180"" target=""_blank"">@user3543260092180</a>",51,6,58.213,0.856,3,39,0,2390.5,120.333,0.167,0.667
"<a href=""https://tiktok.com/@user3825956150738"" target=""_blank"">@user3825956150738</a>",29,5,53.04,0.929,2,20,0,5117.4,93.8,0.2,1.6
"<a href=""https://tiktok.com/@user4258816615474"" target=""_blank"">@user4258816615474</a>",34,10,70.333,1,1,9,0,7047.3,105.9,1.9,10.2
"<a href=""https://tiktok.com/@user5626060056906"" target=""_blank"">@user5626060056906</a>",2,10,51.681,0.97,3,34,0,1829.1,114.6,1.6,1.6
"<a href=""https://tiktok.com/@user5856382575116"" target=""_blank"">@user5856382575116</a>",64,10,51.5,0.889,1,10,0,1438.2,53.4,0.7,0.3
"<a href=""https://tiktok.com/@user6024099769612"" target=""_blank"">@user6024099769612</a>",18,6,26.1,0.875,1,10,0,118446.857,4228.429,35.143,42.857
"<a href=""https://tiktok.com/@user7166160034825"" target=""_blank"">@user7166160034825</a>",12,6,43.4,1,1,10,0,3156.5,53.833,0.333,2.667
"<a href=""https://tiktok.com/@user83019829516110"" target=""_blank"">@user83019829516110</a>",34,10,70.333,1,1,9,0,1061.7,12.9,0.3,0.1
"<a href=""https://tiktok.com/@username.1234615"" target=""_blank"">@username.1234615</a>",37,10,100.067,0.889,1,15,0,1043.292,57.583,5.458,0.958
"<a href=""https://tiktok.com/@username.123467897"" target=""_blank"">@username.123467897</a>",36,20,84.112,0.688,3,70,0,283.226,22.645,2.355,0.677
"<a href=""https://tiktok.com/@username.12365478"" target=""_blank"">@username.12365478</a>",37,10,100.067,0.889,1,15,0,1482,70.583,6.917,1.25
"<a href=""https://tiktok.com/@username.1545465"" target=""_blank"">@username.1545465</a>",40,10,92.031,0.75,1,32,0,578.455,61.818,3.273,0.727
"<a href=""https://tiktok.com/@username.64754675"" target=""_blank"">@username.64754675</a>",40,12,92.031,0.75,1,32,0,28.917,3.083,0.333,0
"<a href=""https://tiktok.com/@usjg2117"" target=""_blank"">@usjg2117</a>",45,11,74.518,0.944,3,37,0,491.857,20.143,0.214,0.357
"<a href=""https://tiktok.com/@v.if77"" target=""_blank"">@v.if77</a>",7,12,44.375,0.933,2,32,0,1304,72.833,0.167,0.917
"<a href=""https://tiktok.com/@vakft4299"" target=""_blank"">@vakft4299</a>",60,9,48.791,0.958,3,31,0,2001.333,102.222,0.222,1
"<a href=""https://tiktok.com/@vghf668"" target=""_blank"">@vghf668</a>",8,8,49.366,0.8,3,35,0,1444.727,75.273,0.273,0.455
"<a href=""https://tiktok.com/@victory202525"" target=""_blank"">@victory202525</a>",33,6,75.333,1,1,12,0,1559,62.333,1.333,0
"<a href=""https://tiktok.com/@video.of38"" target=""_blank"">@video.of38</a>",7,7,52.693,0.929,2,23,0,1438.889,32.333,0.333,0.667
"<a href=""https://tiktok.com/@vomfir2"" target=""_blank"">@vomfir2</a>",20,8,24.667,1,1,12,0,102184.875,4620.5,68,38.125
"<a href=""https://tiktok.com/@vshwiy2868"" target=""_blank"">@vshwiy2868</a>",8,8,42.577,0.866,2,21,0,294.333,9.889,0,0
"<a href=""https://tiktok.com/@vxkaw3274"" target=""_blank"">@vxkaw3274</a>",53,9,52.899,0.864,9,123,0,1780.444,66.778,0.333,0.222
"<a href=""https://tiktok.com/@wabisabi_35"" target=""_blank"">@wabisabi_35</a>",51,6,54.169,0.822,3,32,0,1959,140.333,1.667,1.167
"<a href=""https://tiktok.com/@walcs4238"" target=""_blank"">@walcs4238</a>",53,5,46.259,0.883,3,34,0,1017.6,25.4,0.4,0
"<a href=""https://tiktok.com/@wede35"" target=""_blank"">@wede35</a>",29,11,56.442,0.921,10,144,0,1847.455,63,0.545,0.818
"<a href=""https://tiktok.com/@wevbocr"" target=""_blank"">@wevbocr</a>",59,6,27,1,1,10,0,59087.286,1440.571,8,10.429
"<a href=""https://tiktok.com/@wgslhe"" target=""_blank"">@wgslhe</a>",43,14,67.133,0.939,5,122,0,1278.889,37.333,0.167,0.611
"<a href=""https://tiktok.com/@wiqg8225"" target=""_blank"">@wiqg8225</a>",45,9,72.712,0.9,2,20,0,444.786,22.429,0.214,0.071
"<a href=""https://tiktok.com/@wlack2188"" target=""_blank"">@wlack2188</a>",61,8,42.624,0.875,2,22,0,3584.75,97.625,0,0
"<a href=""https://tiktok.com/@wojta.or"" target=""_blank"">@wojta.or</a>",8,7,39.7,0.857,1,10,0,1050.857,43.143,0.143,0.429
"<a href=""https://tiktok.com/@wove1579"" target=""_blank"">@wove1579</a>",50,9,63.94,0.975,4,62,0,138.455,4,0,0.273
"<a href=""https://tiktok.com/@wudtm4288"" target=""_blank"">@wudtm4288</a>",53,12,60.812,0.882,10,149,0,8807.667,369.833,1.5,2.333
"<a href=""https://tiktok.com/@wuge2639"" target=""_blank"">@wuge2639</a>",45,12,70.565,0.865,5,62,0,484.429,17.571,0.143,0.143
"<a href=""https://tiktok.com/@xakfo3188"" target=""_blank"">@xakfo3188</a>",53,4,79.033,0.702,2,19,0,471.75,13.25,0.5,0
"<a href=""https://tiktok.com/@xchinaqueen0"" target=""_blank"">@xchinaqueen0</a>",38,7,93.111,0.75,1,9,0,15.571,1.714,0,0
"<a href=""https://tiktok.com/@xchinaqueen1"" target=""_blank"">@xchinaqueen1</a>",39,6,91.69,1,1,29,0,9.333,0.417,0,0
"<a href=""https://tiktok.com/@xchinaqueen2"" target=""_blank"">@xchinaqueen2</a>",39,6,97.467,0.667,1,15,0,9.333,0.333,0,0
"<a href=""https://tiktok.com/@xchinaqueen3"" target=""_blank"">@xchinaqueen3</a>",39,12,93.851,0.833,2,32,0,1353.917,145.75,7.917,7.75
"<a href=""https://tiktok.com/@xchinaqueen4"" target=""_blank"">@xchinaqueen4</a>",39,12,90.962,1,2,46,0,11.083,0.583,0,0.083
"<a href=""https://tiktok.com/@xchinaqueen5"" target=""_blank"">@xchinaqueen5</a>",38,12,88.792,0.917,3,94,0,8199.167,786.167,28.5,56.75
"<a href=""https://tiktok.com/@xchinaqueen6"" target=""_blank"">@xchinaqueen6</a>",38,12,82.458,1,1,59,0,181.5,17.167,0.417,0.583
"<a href=""https://tiktok.com/@xihz9643"" target=""_blank"">@xihz9643</a>",47,6,62.345,0.944,3,37,0,717.7,29.1,0.2,0.3
"<a href=""https://tiktok.com/@xin20241035"" target=""_blank"">@xin20241035</a>",33,5,75.333,1,1,12,0,1340.5,58.5,1.167,0.333
"<a href=""https://tiktok.com/@xxii911"" target=""_blank"">@xxii911</a>",22,10,63.083,0.826,2,22,0,3313.2,163.5,1.25,3.1
"<a href=""https://tiktok.com/@xztnkv3"" target=""_blank"">@xztnkv3</a>",21,7,44.7,1,1,10,0,16791.571,580.286,1.429,1.429
"<a href=""https://tiktok.com/@yang_reddit"" target=""_blank"">@yang_reddit</a>",64,8,51.5,0.889,1,10,0,1808.375,126.625,3.125,1
"<a href=""https://tiktok.com/@yiitsukb"" target=""_blank"">@yiitsukb</a>",5,9,56.79,0.941,4,44,0,21460.2,877.8,13,3.1
"<a href=""https://tiktok.com/@you.texts"" target=""_blank"">@you.texts</a>",23,9,51.333,0.857,1,9,0,7421.7,208.7,3.5,13.2
"<a href=""https://tiktok.com/@yowbc4277"" target=""_blank"">@yowbc4277</a>",62,8,47.5,0.909,1,16,0,1850,59.375,0.375,1
"<a href=""https://tiktok.com/@ysishhd7"" target=""_blank"">@ysishhd7</a>",4,10,61.367,0.921,3,28,0,2340.7,117,1.6,7.6
"<a href=""https://tiktok.com/@ytrq8081"" target=""_blank"">@ytrq8081</a>",49,8,72.409,0.844,2,33,0,2122.417,53.75,0.25,0.167
"<a href=""https://tiktok.com/@yuli22309"" target=""_blank"">@yuli22309</a>",6,10,64.194,1,2,19,0,494.6,8.1,1.2,1.2
"<a href=""https://tiktok.com/@zafke3177"" target=""_blank"">@zafke3177</a>",60,7,46.942,1,2,22,0,4161.857,100,0.143,0
"<a href=""https://tiktok.com/@zbdkc3664"" target=""_blank"">@zbdkc3664</a>",53,8,58.681,0.805,10,102,0.001,1842.667,56.111,0.778,0.222
"<a href=""https://tiktok.com/@zcake3147"" target=""_blank"">@zcake3147</a>",53,5,55.038,0.831,5,52,0,133.4,2,0.2,0
"<a href=""https://tiktok.com/@zcekt4280"" target=""_blank"">@zcekt4280</a>",53,6,55.967,0.831,12,137,0.001,863.333,35.333,0.167,0.333
"<a href=""https://tiktok.com/@zjdoa3719"" target=""_blank"">@zjdoa3719</a>",53,11,52.507,0.886,9,139,0,892.182,59.455,1,0.182
"<a href=""https://tiktok.com/@zsdx184"" target=""_blank"">@zsdx184</a>",29,13,56.328,0.95,12,184,0,26734.692,824.538,3.077,39.538
"<a href=""https://tiktok.com/@ztctmxt"" target=""_blank"">@ztctmxt</a>",59,7,27,1,1,10,0,2556.286,155,0.857,0.429
"<a href=""https://tiktok.com/@zxvb736"" target=""_blank"">@zxvb736</a>",29,14,56.005,0.941,11,204,0,4858.071,87.786,0.857,2.071
