"Network","Number of Accounts","Network Density","Network Diameter","Clustering Coefficient","Avg Views","Avg Likes","Avg Comments","Avg Shares","Member Accounts"
1,2,1,9,0,3036.8,140.6,1.3,5.5,"fdijc3, irdc042"
2,6,0.4,42,0.375,3305.071,143.661,1.857,5.018,"krug011, luisina.riihimaki, jfufrehcdh, jsosjxj8, user5626060056906, bmc12655"
3,2,1,10,0,2403.6,84.7,0.85,1.3,"aedyckctu, fauy8466"
4,4,0.667,19,0.6,1711.263,93.711,1.868,2.895,"chdg050, ididu034, user3154950400581, ysishhd7"
5,5,0.6,23,0.545,5710.787,263.128,5.298,1.574,"prtnr8, gf.nj97, yiitsukb, kbpsjd, gutieyy7"
6,9,0.306,40,0.36,1208.602,30.307,2.239,3.205,"marjoriecarrie0525, jann.jacobs, jeffrey.hettinger, mong.khuu, lawrenceharvey54, onikacaylie, nfyk.emma, camilo.austin5, yuli22309"
7,3,1,20,1,1399.167,48.167,0.4,1.3,"hdbjx72, v.if77, video.of38"
8,6,0.467,39,0.545,1447.906,51.849,0.321,0.528,"c.ts24, vghf668, shuj977, bsyg2865, vshwiy2868, wojta.or"
9,3,1,19,1,1437.788,48.333,0.455,0.394,"j.uv586, berez.paulo, fhvf210"
10,2,1,9,0,19.5,0.667,0,0,"burba.robyn, jsjx359"
11,8,0.571,29,0.577,1637.16,30.149,0.34,0.468,"toma.rimi, topi.khatun6, omi.poni0, fhuc22, monalisa7988, pxibi018, hsbuz8, user240775158"
12,2,1,10,0,2634,41.917,0.583,2.833,"user7166160034825, user2920462956526"
13,5,1,18,1,1398.414,30.241,1.034,0.724,"carbloggera, bsih75, sug7994, shuy742, todaysfriendshow4"
14,2,1,9,0,2201,53.667,0.5,2.083,"books3478, ddeaxmelj72"
15,2,1,10,0,2044.833,57.583,0.333,0.833,"goodbye17507, hockey2840"
16,2,1,9,0,800,20.75,0.167,0.25,"srepabble5758, brittanycarter1959"
17,2,1,12,0,21949,1101.6,3.45,5.9,"dianaantoinette2000, ternencebloor0314"
18,2,1,10,0,57222.067,2027.267,16.867,20.733,"user6024099769612, gjbgikh"
19,2,1,11,0,998.667,14.167,1.667,3.583,"ongoc.mrm, tamto27"
20,2,1,12,0,54990.4,2489.8,36.467,20.4,"rlcycp, vomfir2"
21,2,1,10,0,8618.933,317.733,0.933,1,"unrarg, xztnkv3"
22,10,0.311,40,0.385,3735.633,184.041,3.41,3.704,"sasapco, stoyouh, huiodjio, rohingyao, ktsfyh, texts178, hdryxd, landscape5670, sdsdyou, xxii911"
23,2,1,9,0,6463.444,202.611,3.4,13.5,"fjjgdvx, you.texts"
24,2,1,10,0,3489.444,146.111,1.875,3.5,"texthsg, hec88551nva"
25,4,0.5,24,0,1467.861,13.167,0.074,0.25,"lin689668987, kungyhunksd, fhkundshunk, user16909390140293"
26,2,1,10,0,5165.667,189.667,1.75,6,"kkj00006, kkj00007"
27,2,1,9,0,15143.105,294.789,6.333,11.579,"eudazpstrvf, tiffanystory8"
28,2,1,12,0,3362.8,125.3,4.375,9.4,"fugfuj33, hygge8662"
29,13,0.769,29,0.88,10132.02,196.914,0.921,5.801,"jvhb240, aed2750, jvtvc3, jajsjsn56, aed0267, iiuu553, user3436197788624, wede35, user3825956150738, zsdx184, cfdc18, dthh824, zxvb736"
30,2,1,21,0,14014.206,901.381,38.556,77.857,"cute_chumi_girl208, lush_queen120"
31,2,1,20,0,15.364,3.212,0.879,0.303,"amazing_seeet120, cutegirlbabe2"
32,2,1,10,0,2070.556,194.296,16.944,4.944,"jksjbtuupyf, sweet_driver120"
33,2,1,12,0,1449.75,60.417,1.25,0.167,"victory202525, xin20241035"
34,2,1,9,0,4054.5,59.4,1.1,5.15,"user4258816615474, user83019829516110"
35,3,0.667,20,0,1365.517,56.931,1.448,3.103,"hmwnajkihjcirrrsyw, ujnpmvrmnklnilutge, gofman.008"
36,5,0.5,81,0.429,1013.455,65.08,3.304,1.688,"china_cutegirl22, username.123467897, beaty_queen_22, chuma_g1, sumroo.786"
37,2,1,15,0,1262.646,64.083,6.188,1.104,"username.1234615, username.12365478"
38,4,0.5,85,0,2722.514,261.162,9.378,18.595,"xchinaqueen5, xchinaqueen0, hsgshqdrf5p, xchinaqueen6"
39,4,0.5,61,0,394,41.976,2.262,2.238,"xchinaqueen3, xchinaqueen2, xchinaqueen1, xchinaqueen4"
40,2,1,32,0,291.739,31.174,1.739,0.348,"username.1545465, username.64754675"
41,2,1,13,0,440.211,10.737,0.316,0.053,"pjk3357, redditstory667"
42,2,1,11,0,1720.412,40.353,0.647,0.941,"carlos.alberto.al886, juliosalazar229"
43,20,0.253,75,0.465,991.647,22.19,0.137,0.32,"sqifhw, puhrra, prbnac, bpgarp, hdmjwo1, tiwakp1, pbpktw, arffug, fsaftn, qigqtm, iupkvg, eqmhqf, idpeoc, dtbtcc8, ujrrrsq, bipiqo, hltuoq, hidouo, lhqitc, wgslhe"
44,4,0.5,31,0,135.167,2.292,0.042,0.5,"fgffvp, kfbfol, ncaqusztvgl, klsier"
45,6,0.533,29,0.529,522.64,18.93,0.174,0.198,"givi0331, isce0690, isgs5669, usjg2117, wiqg8225, wuge2639"
46,4,0.667,25,0,337.746,12.441,0.271,0.136,"fhxk1941, tetel4962, tugx2917, isge0853"
47,11,0.382,55,0.6,1722.638,55.835,0.323,0.843,"cjire9104, cjur6297, fkir2290, dhhi6645, hehs5037, clirr5282, fnnf8890, gjguq6894, urdu9708, ufsc8075, xihz9643"
48,3,0.667,30,0,1149.84,44.32,0.92,0.44,"courr1227, coirf88774, hrfj8302"
49,6,0.733,36,0.75,1735.565,51.957,0.536,0.449,"ghhj8554, bvoo3130, dijx3903, fhda78402, okay11732, ytrq8081"
50,6,0.733,25,0.581,791.746,30.915,0.475,0.678,"jkuy0534, dygd8923, eiej4325, djwf2904, drgd8391, wove1579"
51,4,1,18,1,3998.476,198.333,0.952,1.143,"deep.sea_2, user3543260092180, eden70188, wabisabi_35"
52,16,0.283,42,0.507,1511.752,70.124,1.097,0.566,"kacbr2774, djisks96, jshszh6382, g.in.cgn, duuff30, hdvhds4, cjdjfcn, hxjdsj34, avelina.asucen, snoshsj, bxuzba, bxjzjsns0, hzhdhs, ncsfo3287, ncjfhyrsdj, cnatk3189"
53,17,0.471,31,0.663,4113.97,202.97,1.015,0.741,"1yrogls, vxkaw3274, wudtm4288, ejanc3177, xakfo3188, zbdkc3664, acsge1347, nxpsa4288, walcs4238, qafkr2477, zcake3147, avcms3284, zcekt4280, keoap4288, abxke8499, roselent02103, zjdoa3719"
54,3,1,14,1,7875.083,182.917,1.5,1.833,"bixukf, evfdmzl, oxkops7"
55,3,1,16,1,9395.565,156.304,2.087,1.087,"oljclk, ljpjvh, hwvrok"
56,3,0.667,22,0,3131.826,104.304,1.043,0.522,"refine74, pdilul, htjzwe4"
57,2,1,10,0,2383.4,93.667,0.533,0.467,"leoraf9, nhllos8"
58,2,1,12,0,1704.75,90,0.812,0.625,"kdywnty, awmilke"
59,2,1,10,0,30821.786,797.786,4.429,5.429,"wevbocr, ztctmxt"
60,4,0.667,21,0.6,2562.194,82.903,0.226,0.452,"cbske2477, vakft4299, axflw3188, zafke3177"
61,3,1,13,1,2178.95,55.9,0.05,0,"anxdo3188, wlack2188, 1qwdjjd"
62,2,1,16,0,1826.562,59.188,0.688,0.5,"baxor3828, yowbc4277"
63,2,1,9,0,1361.4,63.2,0.3,0.3,"gdjsys526252, tudysrud"
64,2,1,10,0,1602.722,85.944,1.778,0.611,"user5856382575116, yang_reddit"
65,4,1,9,1,793.917,25.333,0.167,0.167,"qdcieh, hojdmc, reddit_grayson99, reddit_hunt"
