"Account","Network","Unique Shares","Avg Time Between Shares (sec)","Edge Symmetry Score","Degree","Strength","Betweenness","Avg Views","Avg Likes","Avg Comments","Avg Shares"
"<a href=""https://tiktok.com/@11cjhggg"" target=""_blank"">@11cjhggg</a>",57,6,41.6,1,1,10,0,18545,512.667,6.833,1.167
"<a href=""https://tiktok.com/@1djjvsjb"" target=""_blank"">@1djjvsjb</a>",64,3,53.5,0.8,6,54,0,72,2,0,0
"<a href=""https://tiktok.com/@1qwdjjd"" target=""_blank"">@1qwdjjd</a>",64,5,47.312,0.967,6,72,0,1226.6,23.2,0.2,0
"<a href=""https://tiktok.com/@1yrogls"" target=""_blank"">@1yrogls</a>",60,8,50.844,0.927,13,153,0.001,2212.875,122.625,0.125,0.125
"<a href=""https://tiktok.com/@2ckfjkelw"" target=""_blank"">@2ckfjkelw</a>",57,6,41.6,1,1,10,0,1064,44.167,0.833,0.167
"<a href=""https://tiktok.com/@2jxggxh"" target=""_blank"">@2jxggxh</a>",60,3,43.444,0.971,7,63,0,107,2.333,0,0
"<a href=""https://tiktok.com/@3jfofoed"" target=""_blank"">@3jfofoed</a>",63,6,32.7,1,1,10,0,1143.333,66,1,0.167
"<a href=""https://tiktok.com/@3mbfklb"" target=""_blank"">@3mbfklb</a>",64,6,48.388,0.967,7,82,0,2169.833,62.833,1,0.333
"<a href=""https://tiktok.com/@3mmmgkk"" target=""_blank"">@3mmmgkk</a>",63,6,32.7,1,1,10,0,965.667,30.5,0.667,0.333
"<a href=""https://tiktok.com/@acsge1347"" target=""_blank"">@acsge1347</a>",60,6,55.15,0.916,9,106,0,490.333,11.333,0.167,0
"<a href=""https://tiktok.com/@aed0267"" target=""_blank"">@aed0267</a>",27,9,54.897,0.809,3,34,0,1752.4,48.7,0.2,1
"<a href=""https://tiktok.com/@aed2750"" target=""_blank"">@aed2750</a>",27,10,56.391,0.9,6,101,0,19983.2,221.5,1.2,2.7
"<a href=""https://tiktok.com/@aedyckctu"" target=""_blank"">@aedyckctu</a>",4,8,55.385,0.958,3,28,0,2212.8,87.7,1.3,1.1
"<a href=""https://tiktok.com/@aleaa0249"" target=""_blank"">@aleaa0249</a>",15,6,71.2,1,1,10,0,316.5,13,0,0
"<a href=""https://tiktok.com/@amazing_seeet120"" target=""_blank"">@amazing_seeet120</a>",28,6,67.3,0.833,1,20,0,27.944,4.444,1,0.556
"<a href=""https://tiktok.com/@anaxagoras.harlen"" target=""_blank"">@anaxagoras.harlen</a>",4,7,57.778,1,1,9,0,1599.714,51.857,0.143,0.714
"<a href=""https://tiktok.com/@anpebsaxgu9"" target=""_blank"">@anpebsaxgu9</a>",14,6,65.833,0.857,2,19,0,819.667,18.667,0.167,0.167
"<a href=""https://tiktok.com/@anxdo3188"" target=""_blank"">@anxdo3188</a>",54,6,41.778,1,1,9,0,409.5,13,0,0
"<a href=""https://tiktok.com/@apsaaadel1383"" target=""_blank"">@apsaaadel1383</a>",19,10,57.955,0.875,2,21,0,1411.7,35.8,1.3,10.9
"<a href=""https://tiktok.com/@arffug"" target=""_blank"">@arffug</a>",46,14,66.724,0.749,3,43,0,1540.071,12.786,0.286,0.357
"<a href=""https://tiktok.com/@aseng.haymong"" target=""_blank"">@aseng.haymong</a>",42,8,66.333,1,1,9,0,7208.1,173.5,1.4,3.1
"<a href=""https://tiktok.com/@avelina.asucen"" target=""_blank"">@avelina.asucen</a>",56,5,34.261,0.938,2,19,0,1727.6,66.4,2.4,1.2
"<a href=""https://tiktok.com/@babypink6896"" target=""_blank"">@babypink6896</a>",19,10,65.32,0.869,3,30,0,1306.5,25.6,2.6,17.1
"<a href=""https://tiktok.com/@baxor3828"" target=""_blank"">@baxor3828</a>",64,6,44.585,0.967,6,74,0,571.5,11.5,0,0
"<a href=""https://tiktok.com/@bcc662"" target=""_blank"">@bcc662</a>",19,10,58.767,0.963,3,30,0,2405.8,57.1,0.4,1.7
"<a href=""https://tiktok.com/@beaty_queen_22"" target=""_blank"">@beaty_queen_22</a>",36,12,90.325,0.804,2,37,0,460.435,27.13,1.783,0.304
"<a href=""https://tiktok.com/@berez.paulo"" target=""_blank"">@berez.paulo</a>",9,12,42.273,0.8,1,11,0,1721,28.333,0.417,0.917
"<a href=""https://tiktok.com/@biebuh4"" target=""_blank"">@biebuh4</a>",10,7,66.545,0.875,1,11,0,608.429,9,0.143,0.143
"<a href=""https://tiktok.com/@bipiqo"" target=""_blank"">@bipiqo</a>",46,18,66.834,0.964,10,217,0.001,2002.444,33.5,0.222,0.111
"<a href=""https://tiktok.com/@bixukf"" target=""_blank"">@bixukf</a>",61,6,27.1,0.875,1,10,0,1900.167,49.333,1,0
"<a href=""https://tiktok.com/@boens4288"" target=""_blank"">@boens4288</a>",60,3,40.822,0.96,5,45,0,68.333,0.333,0,0
"<a href=""https://tiktok.com/@books3478"" target=""_blank"">@books3478</a>",19,8,68.322,0.944,2,19,0,3315.9,73,0.3,2.9
"<a href=""https://tiktok.com/@boselbiresz0vcqb"" target=""_blank"">@boselbiresz0vcqb</a>",30,9,48.727,0.875,1,11,0,6128,115.8,0.6,2.8
"<a href=""https://tiktok.com/@bpgarp"" target=""_blank"">@bpgarp</a>",46,17,56.845,0.908,9,216,0,293.056,6.722,0,0
"<a href=""https://tiktok.com/@burba.robyn"" target=""_blank"">@burba.robyn</a>",10,5,52.106,0.938,2,20,0,804,21.5,0.333,0.167
"<a href=""https://tiktok.com/@buslmigf7dn"" target=""_blank"">@buslmigf7dn</a>",14,6,53,1,1,10,0,538.833,18.333,0,0
"<a href=""https://tiktok.com/@bvoo3130"" target=""_blank"">@bvoo3130</a>",49,11,66.698,0.919,5,131,0,2433.727,62.455,0.727,0.364
"<a href=""https://tiktok.com/@c.ts24"" target=""_blank"">@c.ts24</a>",8,11,58.07,0.882,2,24,0,3575.182,74,0.909,1.545
"<a href=""https://tiktok.com/@camilo.austin5"" target=""_blank"">@camilo.austin5</a>",6,10,57.017,0.944,2,27,0,373.2,8.3,0.8,0.2
"<a href=""https://tiktok.com/@carlos.alberto.al886"" target=""_blank"">@carlos.alberto.al886</a>",42,7,47.667,1,1,9,0,1223.714,38.857,0.571,0.429
"<a href=""https://tiktok.com/@cfdc18"" target=""_blank"">@cfdc18</a>",27,7,54.944,0.89,5,56,0,1638.286,40.143,0.143,1
"<a href=""https://tiktok.com/@chaff8892"" target=""_blank"">@chaff8892</a>",19,9,39.6,0.826,2,20,0,1843,30.222,0.667,2
"<a href=""https://tiktok.com/@chantalkusch"" target=""_blank"">@chantalkusch</a>",1,8,36.667,1,1,9,0,38905,611.75,8,337.25
"<a href=""https://tiktok.com/@china_cutegirl22"" target=""_blank"">@china_cutegirl22</a>",36,11,89,0.75,1,17,0,613.565,55.957,2.478,1.826
"<a href=""https://tiktok.com/@chris001997"" target=""_blank"">@chris001997</a>",31,3,22.667,1,1,9,0,10702.667,103.333,3.333,2.333
"<a href=""https://tiktok.com/@ciojkb"" target=""_blank"">@ciojkb</a>",47,6,21.556,0.894,2,36,0,1396.786,40.143,0.143,0.357
"<a href=""https://tiktok.com/@cjdjfcn"" target=""_blank"">@cjdjfcn</a>",55,6,53.489,1,2,19,0,1244.833,79.333,0.167,0
"<a href=""https://tiktok.com/@cjire9104"" target=""_blank"">@cjire9104</a>",50,12,51.516,0.935,3,66,0,5098.083,78.583,0.5,0.5
"<a href=""https://tiktok.com/@cjur6297"" target=""_blank"">@cjur6297</a>",50,12,66.615,0.972,4,69,0,1288.917,27.833,0.333,0.333
"<a href=""https://tiktok.com/@clirr5282"" target=""_blank"">@clirr5282</a>",50,9,34.889,1,3,36,0,913.5,43.25,0.417,0.25
"<a href=""https://tiktok.com/@cnatk3189"" target=""_blank"">@cnatk3189</a>",60,5,40.741,0.9,4,40,0,1739.8,80,1.6,0
"<a href=""https://tiktok.com/@coirf88774"" target=""_blank"">@coirf88774</a>",50,9,65.778,1,3,27,0.001,610.667,27.333,0.333,0.444
"<a href=""https://tiktok.com/@crtyougo"" target=""_blank"">@crtyougo</a>",25,10,42.741,0.863,4,40,0,2862.8,104.9,2.3,1.6
"<a href=""https://tiktok.com/@cute_chumi_girl208"" target=""_blank"">@cute_chumi_girl208</a>",29,4,56.143,0.875,1,21,0,7146.733,527.333,20.867,115.667
"<a href=""https://tiktok.com/@cutegirlbabe2"" target=""_blank"">@cutegirlbabe2</a>",28,5,67.3,0.833,1,20,0,10,2.75,0.375,0
"<a href=""https://tiktok.com/@dadd.dhh7"" target=""_blank"">@dadd.dhh7</a>",17,6,62.273,0.875,1,11,0,1289,29.167,0.333,1.667
"<a href=""https://tiktok.com/@ddeaxmelj72"" target=""_blank"">@ddeaxmelj72</a>",19,10,64.504,0.878,3,28,0,980.9,21.2,0.4,1.4
"<a href=""https://tiktok.com/@deep.sea_2"" target=""_blank"">@deep.sea_2</a>",65,3,51,1,3,27,0,12253,273.333,1,0
"<a href=""https://tiktok.com/@dhhi6645"" target=""_blank"">@dhhi6645</a>",50,12,49.872,0.831,3,76,0,684.917,30.25,0.417,0.833
"<a href=""https://tiktok.com/@dijx3903"" target=""_blank"">@dijx3903</a>",49,12,68.809,0.961,5,142,0,2082.583,39.75,0.667,0.5
"<a href=""https://tiktok.com/@djwf2904"" target=""_blank"">@djwf2904</a>",48,9,57.611,0.927,4,57,0,548.889,21.889,0.111,0.222
"<a href=""https://tiktok.com/@drgd8391"" target=""_blank"">@drgd8391</a>",48,8,68.342,0.964,4,51,0,1767.125,40.5,0.875,1.25
"<a href=""https://tiktok.com/@dtbtcc8"" target=""_blank"">@dtbtcc8</a>",46,12,67.167,0.979,4,104,0,497.583,14.833,0.167,0.167
"<a href=""https://tiktok.com/@dthh824"" target=""_blank"">@dthh824</a>",27,6,55.009,0.972,3,34,0,2190.167,74.167,0.667,1.333
"<a href=""https://tiktok.com/@duuff30"" target=""_blank"">@duuff30</a>",56,6,36.922,0.896,4,39,0,4243.833,90.167,4,1.5
"<a href=""https://tiktok.com/@dwjjmgypffvuelfkdn"" target=""_blank"">@dwjjmgypffvuelfkdn</a>",30,9,48.727,0.875,1,11,0,981.667,39.444,1.333,0.778
"<a href=""https://tiktok.com/@dygd8923"" target=""_blank"">@dygd8923</a>",48,9,48.146,0.898,4,74,0,1048.417,34.333,0.583,0.5
"<a href=""https://tiktok.com/@eden70188"" target=""_blank"">@eden70188</a>",65,6,53.104,0.9,3,38,0,3518.667,296.833,1,2.167
"<a href=""https://tiktok.com/@eiej4325"" target=""_blank"">@eiej4325</a>",48,10,66.257,0.905,5,64,0,449.2,12,0.3,0.3
"<a href=""https://tiktok.com/@ejanc3177"" target=""_blank"">@ejanc3177</a>",60,8,51.827,0.933,8,116,0,4898,74.75,0.25,0.125
"<a href=""https://tiktok.com/@elizabeth.adams04"" target=""_blank"">@elizabeth.adams04</a>",31,3,22.667,1,1,9,0,482.333,8,0.667,0
"<a href=""https://tiktok.com/@eqmhqf"" target=""_blank"">@eqmhqf</a>",46,16,62.204,0.87,9,161,0,652.938,20.062,0.188,0.125
"<a href=""https://tiktok.com/@ethel.gregory2"" target=""_blank"">@ethel.gregory2</a>",5,8,52.455,0.9,1,11,0,1216.25,30.375,0.375,1
"<a href=""https://tiktok.com/@etuo.uop"" target=""_blank"">@etuo.uop</a>",16,6,37.222,0.8,1,9,0,1154,13.333,0,0.167
"<a href=""https://tiktok.com/@eudazpstrvf"" target=""_blank"">@eudazpstrvf</a>",24,10,43.182,0.889,1,11,0,6312.8,168.7,2.7,13.6
"<a href=""https://tiktok.com/@exmz856041"" target=""_blank"">@exmz856041</a>",15,7,71.2,1,1,10,0,1605.857,31.143,0.571,0.286
"<a href=""https://tiktok.com/@fauy8466"" target=""_blank"">@fauy8466</a>",4,9,60.111,0.826,2,18,0,17309.444,210.444,1.111,2.889
"<a href=""https://tiktok.com/@fdijc3"" target=""_blank"">@fdijc3</a>",3,10,53.106,0.938,2,19,0,1579.1,99.5,1.1,9.2
"<a href=""https://tiktok.com/@fhda78402"" target=""_blank"">@fhda78402</a>",49,12,75.123,0.961,5,112,0,1000.667,37.167,0.25,0.167
"<a href=""https://tiktok.com/@fhuc22"" target=""_blank"">@fhuc22</a>",18,7,53.511,0.861,5,62,0,875.889,20.889,0.111,0.222
"<a href=""https://tiktok.com/@fhvf210"" target=""_blank"">@fhvf210</a>",9,10,52.846,1,1,13,0,32797,778.7,5.5,21.1
"<a href=""https://tiktok.com/@fhxk1941"" target=""_blank"">@fhxk1941</a>",51,9,57,1,1,9,0,254.917,7,0.25,0
"<a href=""https://tiktok.com/@fjvbaa"" target=""_blank"">@fjvbaa</a>",62,6,27.617,0.929,2,19,0,47721.167,1493.833,10.167,8.167
"<a href=""https://tiktok.com/@fkir2290"" target=""_blank"">@fkir2290</a>",50,12,52.914,0.913,4,59,0.001,562.417,18.5,0.25,0.083
"<a href=""https://tiktok.com/@fnnf8890"" target=""_blank"">@fnnf8890</a>",50,6,49.033,0.917,2,24,0,1421.2,49.8,0,0.7
"<a href=""https://tiktok.com/@fsaftn"" target=""_blank"">@fsaftn</a>",46,12,55.053,0.922,4,70,0,720.5,29.333,0.417,0.5
"<a href=""https://tiktok.com/@fugfuj33"" target=""_blank"">@fugfuj33</a>",23,9,54.929,1,1,14,0,2858.1,89.8,1.4,10.5
"<a href=""https://tiktok.com/@g.in.cgn"" target=""_blank"">@g.in.cgn</a>",55,6,46.711,1,2,19,0,1204.333,59.167,2,0.667
"<a href=""https://tiktok.com/@gabriele.weber5"" target=""_blank"">@gabriele.weber5</a>",6,8,55.705,0.944,2,23,0,577.625,14.625,0.875,4
"<a href=""https://tiktok.com/@gdvcjh84747"" target=""_blank"">@gdvcjh84747</a>",35,6,55.667,1,1,12,0,9119,86.333,3.5,3.167
"<a href=""https://tiktok.com/@gf.nj97"" target=""_blank"">@gf.nj97</a>",22,6,57.7,1,1,10,0,2551.857,185.429,0.857,1
"<a href=""https://tiktok.com/@gfjch34"" target=""_blank"">@gfjch34</a>",21,8,68.778,0.875,1,9,0,2072.25,127.75,1.375,1.5
"<a href=""https://tiktok.com/@ghhj8554"" target=""_blank"">@ghhj8554</a>",49,10,69.4,0.972,4,86,0,1842.636,48,0.636,1.545
"<a href=""https://tiktok.com/@gieffk"" target=""_blank"">@gieffk</a>",45,4,39.4,1,1,10,0,328.125,5.75,0.125,0
"<a href=""https://tiktok.com/@givi0331"" target=""_blank"">@givi0331</a>",52,12,74.2,0.917,2,24,0,306.25,8.5,0,0
"<a href=""https://tiktok.com/@gjguq6894"" target=""_blank"">@gjguq6894</a>",50,5,44.4,0.833,1,15,0,1573.375,49.375,0.625,1
"<a href=""https://tiktok.com/@goodbye17507"" target=""_blank"">@goodbye17507</a>",20,10,65.5,1,1,10,0,2202.9,56.6,0.5,2
"<a href=""https://tiktok.com/@greeryy2"" target=""_blank"">@greeryy2</a>",13,6,61.333,0.833,1,9,0,353.667,12.5,0,0
"<a href=""https://tiktok.com/@guoonn.hkp"" target=""_blank"">@guoonn.hkp</a>",13,6,61.333,0.833,1,9,0,518.5,14.333,0.167,0
"<a href=""https://tiktok.com/@gutieyy7"" target=""_blank"">@gutieyy7</a>",22,9,47.318,0.938,2,20,0,2178.889,125.222,1.444,3.333
"<a href=""https://tiktok.com/@hcodifb"" target=""_blank"">@hcodifb</a>",2,9,50.7,1,1,10,0,3819.111,76.111,0.556,2
"<a href=""https://tiktok.com/@hdbjx72"" target=""_blank"">@hdbjx72</a>",7,6,42.111,0.75,1,9,0,1253.5,25,0,0
"<a href=""https://tiktok.com/@hdifhg5"" target=""_blank"">@hdifhg5</a>",3,6,42.111,1,1,9,0,266629.5,7454.333,31.167,64.167
"<a href=""https://tiktok.com/@hdkcofh"" target=""_blank"">@hdkcofh</a>",44,6,55.5,0.857,1,10,0,457.545,51,0.636,1.182
"<a href=""https://tiktok.com/@hdlxohd"" target=""_blank"">@hdlxohd</a>",44,5,55.5,0.857,1,10,0,17568.889,239.889,3,81.111
"<a href=""https://tiktok.com/@hdmjwo1"" target=""_blank"">@hdmjwo1</a>",46,15,56.439,0.986,9,107,0.001,607.4,19.867,0,0.133
"<a href=""https://tiktok.com/@hdvhds4"" target=""_blank"">@hdvhds4</a>",55,6,48.461,0.929,2,19,0,1137.667,59.167,0.833,0
"<a href=""https://tiktok.com/@hehs5037"" target=""_blank"">@hehs5037</a>",50,12,71.601,0.94,5,98,0.001,821.583,37,0.167,0.167
"<a href=""https://tiktok.com/@hejdsgi"" target=""_blank"">@hejdsgi</a>",17,6,62.273,0.875,1,11,0,282.333,4.833,0,0.333
"<a href=""https://tiktok.com/@hgff.nko"" target=""_blank"">@hgff.nko</a>",16,5,37.222,0.8,1,9,0,338.8,6.8,0,0
"<a href=""https://tiktok.com/@hidouo"" target=""_blank"">@hidouo</a>",46,17,64.001,0.837,7,176,0,755.235,19.412,0.118,0.294
"<a href=""https://tiktok.com/@hitomorrow81"" target=""_blank"">@hitomorrow81</a>",11,6,50.667,0.75,1,9,0,1131.556,18.333,3,14.556
"<a href=""https://tiktok.com/@hltuoq"" target=""_blank"">@hltuoq</a>",46,18,71.008,0.938,5,169,0,6858.056,110.111,0.722,2.389
"<a href=""https://tiktok.com/@hockey2840"" target=""_blank"">@hockey2840</a>",20,10,65.5,1,1,10,0,2424.4,53.1,0,1.3
"<a href=""https://tiktok.com/@hrfj8302"" target=""_blank"">@hrfj8302</a>",50,7,47.795,0.857,2,22,0,1339.667,35,0.889,0.556
"<a href=""https://tiktok.com/@huff797"" target=""_blank"">@huff797</a>",19,10,61.83,0.952,3,32,0,1350.3,26.8,0.4,1.2
"<a href=""https://tiktok.com/@huiodjio"" target=""_blank"">@huiodjio</a>",25,10,41.874,0.882,5,63,0,1467.7,75.8,0.9,0.5
"<a href=""https://tiktok.com/@hwvrok"" target=""_blank"">@hwvrok</a>",59,5,15.3,0.857,1,10,0,12397.6,184.6,2,1.8
"<a href=""https://tiktok.com/@hxjdsj34"" target=""_blank"">@hxjdsj34</a>",55,5,55.239,0.929,2,19,0,1348,72.6,1.2,0
"<a href=""https://tiktok.com/@hygge8662"" target=""_blank"">@hygge8662</a>",23,10,54.929,1,1,14,0,3678.3,141.5,2.1,7.2
"<a href=""https://tiktok.com/@hzhdhs"" target=""_blank"">@hzhdhs</a>",56,5,49.889,0.833,1,9,0,1540,42.8,0.6,0
"<a href=""https://tiktok.com/@idpeoc"" target=""_blank"">@idpeoc</a>",46,18,65.168,0.893,7,131,0.001,981.333,15.722,0,0.222
"<a href=""https://tiktok.com/@iiuu553"" target=""_blank"">@iiuu553</a>",27,15,55.158,0.877,11,157,0,2398.333,45.4,0.867,2.333
"<a href=""https://tiktok.com/@irdc042"" target=""_blank"">@irdc042</a>",3,10,64.1,0.875,1,10,0,875.4,56.3,0.6,1.1
"<a href=""https://tiktok.com/@isce0690"" target=""_blank"">@isce0690</a>",52,12,64.135,0.929,2,25,0,906.083,18.417,0.167,0.083
"<a href=""https://tiktok.com/@isge0853"" target=""_blank"">@isge0853</a>",53,12,72.353,1,1,17,0,301.5,13.833,0,0.167
"<a href=""https://tiktok.com/@isgs5669"" target=""_blank"">@isgs5669</a>",52,9,60.667,1,2,18,0,211.667,6.833,0,0.083
"<a href=""https://tiktok.com/@iupkvg"" target=""_blank"">@iupkvg</a>",46,11,62.669,0.931,5,61,0.001,334.818,7.727,0,0
"<a href=""https://tiktok.com/@j.uv586"" target=""_blank"">@j.uv586</a>",9,9,47.559,0.9,2,24,0,1047.222,32.667,0.111,0.556
"<a href=""https://tiktok.com/@jajsjsn56"" target=""_blank"">@jajsjsn56</a>",27,14,51.893,0.897,6,118,0,2919.857,64.286,0.214,0.5
"<a href=""https://tiktok.com/@james.anderson7417"" target=""_blank"">@james.anderson7417</a>",32,8,60.273,0.9,1,11,0,433.778,13.222,1.111,0.111
"<a href=""https://tiktok.com/@jdjsbs94"" target=""_blank"">@jdjsbs94</a>",62,6,35.359,0.929,2,21,0,1212.333,54.167,0.333,1.333
"<a href=""https://tiktok.com/@jdpdosj"" target=""_blank"">@jdpdosj</a>",2,8,67,1,1,9,0,282.6,11,0.7,0.1
"<a href=""https://tiktok.com/@jdpxorjf"" target=""_blank"">@jdpxorjf</a>",1,9,45.111,1,2,18,0,619.778,37.444,0.667,0.444
"<a href=""https://tiktok.com/@jfdd653"" target=""_blank"">@jfdd653</a>",4,9,50.522,0.889,2,19,0,4438,83.889,2.222,1.778
"<a href=""https://tiktok.com/@jfufrehcdh"" target=""_blank"">@jfufrehcdh</a>",2,10,56.538,0.9,1,13,0,3363.4,225.2,2.4,10.6
"<a href=""https://tiktok.com/@jh.hj90"" target=""_blank"">@jh.hj90</a>",12,6,52,0.857,1,9,0,827.714,20.571,0.286,0.143
"<a href=""https://tiktok.com/@jkuy0534"" target=""_blank"">@jkuy0534</a>",48,10,72.575,0.904,5,89,0,806.833,26.5,0.083,0.167
"<a href=""https://tiktok.com/@joab.truitt"" target=""_blank"">@joab.truitt</a>",5,7,48.3,1,1,10,0,1237,53,0.143,0.429
"<a href=""https://tiktok.com/@josieferguson6"" target=""_blank"">@josieferguson6</a>",5,7,50.377,0.95,2,21,0,5495.429,109,1,1
"<a href=""https://tiktok.com/@jshszh6382"" target=""_blank"">@jshszh6382</a>",56,5,39.561,0.938,2,19,0,1100.4,46.6,0.4,0.8
"<a href=""https://tiktok.com/@jsjx359"" target=""_blank"">@jsjx359</a>",10,3,37.667,1,1,9,0,26,0.333,0,0
"<a href=""https://tiktok.com/@jsosjxj8"" target=""_blank"">@jsosjxj8</a>",2,10,73.111,0.882,2,18,0,1887.3,138.2,1.7,7.6
"<a href=""https://tiktok.com/@jtcytxyzey"" target=""_blank"">@jtcytxyzey</a>",1,7,53.556,1,1,9,0,2203,67.3,1.5,20.6
"<a href=""https://tiktok.com/@juliosalazar229"" target=""_blank"">@juliosalazar229</a>",42,10,58.786,1,3,32,0,9991.5,266.5,1.9,5.3
"<a href=""https://tiktok.com/@jvhb240"" target=""_blank"">@jvhb240</a>",27,14,61.831,0.892,8,147,0,6994.5,131.071,0.643,1.786
"<a href=""https://tiktok.com/@jvtvc3"" target=""_blank"">@jvtvc3</a>",27,12,55.316,0.848,7,114,0,4959.333,87.833,0.5,1.917
"<a href=""https://tiktok.com/@kamlisarkar_0"" target=""_blank"">@kamlisarkar_0</a>",37,9,97.218,0.75,2,34,0,1767.083,279.667,12.5,8.25
"<a href=""https://tiktok.com/@kbpsjd"" target=""_blank"">@kbpsjd</a>",22,10,53.385,0.917,3,28,0,1039.3,47.9,1,1.9
"<a href=""https://tiktok.com/@kenworthyhoo"" target=""_blank"">@kenworthyhoo</a>",62,6,30.076,1,2,20,0,1151.167,65,0.167,0.5
"<a href=""https://tiktok.com/@keoap4288"" target=""_blank"">@keoap4288</a>",60,6,49.059,0.938,5,54,0,801.5,17,0.667,0.5
"<a href=""https://tiktok.com/@khanh.phukhh"" target=""_blank"">@khanh.phukhh</a>",43,8,46.333,1,1,9,0,1363.375,34,1.375,0.25
"<a href=""https://tiktok.com/@khfbou"" target=""_blank"">@khfbou</a>",47,6,18.306,0.95,2,36,0,1478.071,24.429,0.214,0
"<a href=""https://tiktok.com/@kmlisarkar_1"" target=""_blank"">@kmlisarkar_1</a>",37,6,85.53,0.667,2,37,0,222.833,25.667,2.417,0.167
"<a href=""https://tiktok.com/@krug011"" target=""_blank"">@krug011</a>",2,9,70.778,0.889,1,9,0,2379.444,130,0.333,4.667
"<a href=""https://tiktok.com/@ktsfyh"" target=""_blank"">@ktsfyh</a>",25,10,59.703,0.883,5,53,0,4145.2,177.5,2.5,1.7
"<a href=""https://tiktok.com/@kubjij"" target=""_blank"">@kubjij</a>",47,6,18.583,0.944,2,36,0,975.538,48.692,0.308,0
"<a href=""https://tiktok.com/@kuhar.clair6"" target=""_blank"">@kuhar.clair6</a>",8,9,72.909,0.889,1,11,0,1692.9,18.4,0,0.2
"<a href=""https://tiktok.com/@landscape5670"" target=""_blank"">@landscape5670</a>",25,10,35.111,0.847,4,36,0,1830.1,185,1.4,0.7
"<a href=""https://tiktok.com/@lanora.haskely"" target=""_blank"">@lanora.haskely</a>",43,5,46.333,1,1,9,0,316,7.8,0.2,0
"<a href=""https://tiktok.com/@lhqitc"" target=""_blank"">@lhqitc</a>",46,18,67.544,0.889,4,97,0,884.5,17.111,0.056,0.111
"<a href=""https://tiktok.com/@liam.williams53"" target=""_blank"">@liam.williams53</a>",32,8,60.273,0.9,1,11,0,521.667,9.667,0,0.333
"<a href=""https://tiktok.com/@ljpjvh"" target=""_blank"">@ljpjvh</a>",59,6,27.9,0.833,1,10,0,1365.667,59,1.167,1.167
"<a href=""https://tiktok.com/@luisina.riihimaki"" target=""_blank"">@luisina.riihimaki</a>",2,8,40.111,0.875,1,9,0,537.7,51,1,1.2
"<a href=""https://tiktok.com/@lush_queen120"" target=""_blank"">@lush_queen120</a>",29,6,56.143,0.875,1,21,0,17253.267,1101.978,44.089,71.911
"<a href=""https://tiktok.com/@marjoriecarrie0525"" target=""_blank"">@marjoriecarrie0525</a>",6,10,51.602,0.963,3,39,0,453.9,11.7,1.3,2.8
"<a href=""https://tiktok.com/@meggie.y"" target=""_blank"">@meggie.y</a>",58,6,37.2,0.857,1,10,0,1053.5,49.667,0.5,0
"<a href=""https://tiktok.com/@monalisa7988"" target=""_blank"">@monalisa7988</a>",18,9,41.778,0.875,4,54,0,1130.889,23.556,0.556,0
"<a href=""https://tiktok.com/@mong.khuu"" target=""_blank"">@mong.khuu</a>",6,10,35.182,0.889,1,11,0,859.3,21.9,1.5,3.7
"<a href=""https://tiktok.com/@msfsgvsvcsdfsadsa"" target=""_blank"">@msfsgvsvcsdfsadsa</a>",14,5,78.667,0.714,1,9,0,639,19.8,0,0
"<a href=""https://tiktok.com/@ncsfo3287"" target=""_blank"">@ncsfo3287</a>",60,5,41.741,0.95,4,40,0,2128.4,76,1,0.4
"<a href=""https://tiktok.com/@needed9274"" target=""_blank"">@needed9274</a>",19,8,57.696,0.922,3,32,0,2406.9,49,0.6,3
"<a href=""https://tiktok.com/@nxpsa4288"" target=""_blank"">@nxpsa4288</a>",60,8,48.909,0.866,9,131,0,2236.875,63.75,0.625,0.125
"<a href=""https://tiktok.com/@ojbkhhh2"" target=""_blank"">@ojbkhhh2</a>",12,7,52,0.857,1,9,0,914.857,25.286,2.571,3.714
"<a href=""https://tiktok.com/@okay11732"" target=""_blank"">@okay11732</a>",49,12,75.72,0.979,4,97,0,1622.917,44.083,0.333,0.667
"<a href=""https://tiktok.com/@oljclk"" target=""_blank"">@oljclk</a>",59,6,21.6,0.845,2,20,0,2099.833,29.833,1.5,0.167
"<a href=""https://tiktok.com/@omi.poni0"" target=""_blank"">@omi.poni0</a>",18,9,58.11,0.679,4,43,0,4061.444,54.667,0.333,0.111
"<a href=""https://tiktok.com/@oxkops7"" target=""_blank"">@oxkops7</a>",61,6,27.1,0.875,1,10,0,3793.833,78.167,1.333,1.333
"<a href=""https://tiktok.com/@pbpktw"" target=""_blank"">@pbpktw</a>",46,18,62.398,0.838,11,218,0.001,609.778,14.111,0.111,0.222
"<a href=""https://tiktok.com/@pjk3357"" target=""_blank"">@pjk3357</a>",41,10,50.872,0.892,2,28,0,490.3,15.1,0.3,0.1
"<a href=""https://tiktok.com/@prbnac"" target=""_blank"">@prbnac</a>",46,14,55.53,0.952,7,117,0,1232.533,25.8,0.2,0.667
"<a href=""https://tiktok.com/@prtnr8"" target=""_blank"">@prtnr8</a>",22,10,59.4,0.95,2,20,0,2238.4,94.3,1.6,0.2
"<a href=""https://tiktok.com/@puhrra"" target=""_blank"">@puhrra</a>",46,17,51.263,0.878,8,200,0,1103.765,22.588,0,0.235
"<a href=""https://tiktok.com/@pxibi018"" target=""_blank"">@pxibi018</a>",18,5,54.881,1,2,29,0,978.875,19.875,0.25,0.5
"<a href=""https://tiktok.com/@pxogmdqpa46"" target=""_blank"">@pxogmdqpa46</a>",19,10,54.788,0.889,2,20,0,1140,24.5,3.6,17
"<a href=""https://tiktok.com/@qafkr2477"" target=""_blank"">@qafkr2477</a>",60,5,62.584,0.939,9,96,0,565.4,8.4,0.2,0
"<a href=""https://tiktok.com/@qigqtm"" target=""_blank"">@qigqtm</a>",46,12,79.542,0.838,3,38,0,257.357,7.571,0,0.143
"<a href=""https://tiktok.com/@reading1130"" target=""_blank"">@reading1130</a>",19,8,55,0.866,2,18,0,2303,48.1,1.9,1.3
"<a href=""https://tiktok.com/@redditstory667"" target=""_blank"">@redditstory667</a>",41,10,51.806,0.955,2,30,0,312.3,6.2,0.1,0
"<a href=""https://tiktok.com/@redreddit48"" target=""_blank"">@redreddit48</a>",41,7,43.233,0.938,2,22,0,421.875,18.75,0,0
"<a href=""https://tiktok.com/@rohingyao"" target=""_blank"">@rohingyao</a>",25,7,25.2,0.857,1,10,0,1444.8,96,3,0.8
"<a href=""https://tiktok.com/@rosacasey65"" target=""_blank"">@rosacasey65</a>",22,9,58.2,0.9,1,10,0,20139.556,559.444,4.222,5.111
"<a href=""https://tiktok.com/@roselent02103"" target=""_blank"">@roselent02103</a>",60,3,32.778,1,3,27,0,798,18.667,0.667,0.333
"<a href=""https://tiktok.com/@sasapco"" target=""_blank"">@sasapco</a>",25,10,48.369,0.902,3,38,0,2047.9,129.8,1.2,1.3
"<a href=""https://tiktok.com/@sbafo4188"" target=""_blank"">@sbafo4188</a>",60,3,35.356,1,5,45,0,193.333,2.333,0,0
"<a href=""https://tiktok.com/@sdsdyou"" target=""_blank"">@sdsdyou</a>",25,9,63.778,0.556,1,9,0,5052.4,261.5,4.6,5.6
"<a href=""https://tiktok.com/@sijh37"" target=""_blank"">@sijh37</a>",27,8,53.406,0.873,4,56,0,23245.25,281.75,2.875,3
"<a href=""https://tiktok.com/@soodb4177"" target=""_blank"">@soodb4177</a>",60,3,37.889,1,5,45,0,123.333,3,0,0
"<a href=""https://tiktok.com/@sqifhw"" target=""_blank"">@sqifhw</a>",46,18,62.776,0.916,7,168,0,1467.5,21.222,0.056,0.167
"<a href=""https://tiktok.com/@stoyouh"" target=""_blank"">@stoyouh</a>",25,8,45.949,0.853,6,64,0,2057.125,125.125,1.625,1.125
"<a href=""https://tiktok.com/@stvhfhj"" target=""_blank"">@stvhfhj</a>",26,10,58.333,1,1,12,0,4670.6,151.5,2.9,8.4
"<a href=""https://tiktok.com/@tenbr.boozapp"" target=""_blank"">@tenbr.boozapp</a>",42,10,62.357,1,1,14,0,186879.9,7742,29,495.3
"<a href=""https://tiktok.com/@tetel4962"" target=""_blank"">@tetel4962</a>",53,9,72.353,1,1,17,0,230.667,12.083,0.25,0.333
"<a href=""https://tiktok.com/@texts178"" target=""_blank"">@texts178</a>",25,9,35.636,0.866,4,39,0,2702.4,147.6,3.2,0.6
"<a href=""https://tiktok.com/@textstyo"" target=""_blank"">@textstyo</a>",26,9,49.485,0.944,2,23,0,4703.667,167.556,2.556,4.333
"<a href=""https://tiktok.com/@tguu743"" target=""_blank"">@tguu743</a>",35,6,55.667,1,1,12,0,2596.833,99.5,5.667,1.333
"<a href=""https://tiktok.com/@tiffanystory8"" target=""_blank"">@tiffanystory8</a>",24,9,43.182,0.889,1,11,0,6584.667,93.889,0.889,37.222
"<a href=""https://tiktok.com/@tiiff4205"" target=""_blank"">@tiiff4205</a>",50,5,32.923,0.714,1,13,0,572.143,22.714,0,0.143
"<a href=""https://tiktok.com/@tikfop7478"" target=""_blank"">@tikfop7478</a>",58,6,37.2,0.857,1,10,0,1736.833,56.5,1.167,0.167
"<a href=""https://tiktok.com/@tiwakp1"" target=""_blank"">@tiwakp1</a>",46,9,62.5,0.938,2,27,0,683.222,32.556,0.333,0.111
"<a href=""https://tiktok.com/@toma.rimi"" target=""_blank"">@toma.rimi</a>",18,9,43.292,0.899,5,56,0,1043.556,12.556,0.444,0.556
"<a href=""https://tiktok.com/@topi.khatun6"" target=""_blank"">@topi.khatun6</a>",18,9,53.852,0.64,3,31,0,728.556,35.778,0.222,2.222
"<a href=""https://tiktok.com/@touab4277"" target=""_blank"">@touab4277</a>",64,4,57.556,1,1,9,0,3311,60.5,1.5,0.25
"<a href=""https://tiktok.com/@tugx2917"" target=""_blank"">@tugx2917</a>",51,11,74.95,1,2,19,0,289.167,12.333,0,0.333
"<a href=""https://tiktok.com/@ufsc8075"" target=""_blank"">@ufsc8075</a>",50,10,58.976,0.927,4,67,0,1308.636,36.455,0.273,0.364
"<a href=""https://tiktok.com/@ujrrrsq"" target=""_blank"">@ujrrrsq</a>",46,12,59.803,0.869,7,89,0,312.4,10.867,0,0.133
"<a href=""https://tiktok.com/@urdu9708"" target=""_blank"">@urdu9708</a>",50,12,45.212,0.958,2,60,0,1196.75,35.167,0.083,0.083
"<a href=""https://tiktok.com/@user16350067331084"" target=""_blank"">@user16350067331084</a>",34,7,52.05,0.866,2,20,0,719.857,13.286,0.714,0.143
"<a href=""https://tiktok.com/@user240775158"" target=""_blank"">@user240775158</a>",18,7,50.513,0.638,3,37,0,1409.143,21.571,0.857,0.286
"<a href=""https://tiktok.com/@user3154950400581"" target=""_blank"">@user3154950400581</a>",21,9,68.778,0.875,1,9,0,1770.2,104.3,3,2.5
"<a href=""https://tiktok.com/@user33450120083591"" target=""_blank"">@user33450120083591</a>",45,4,39.4,1,1,10,0,662.167,24.5,0,0.417
"<a href=""https://tiktok.com/@user3436197788624"" target=""_blank"">@user3436197788624</a>",27,13,46.582,0.917,7,121,0,6288.308,153.077,0.846,1.615
"<a href=""https://tiktok.com/@user3543260092180"" target=""_blank"">@user3543260092180</a>",65,6,58.213,0.856,3,39,0,2390.5,120.333,0.167,0.667
"<a href=""https://tiktok.com/@user3825956150738"" target=""_blank"">@user3825956150738</a>",27,9,52.169,0.911,5,70,0,4496.556,88.778,0.444,2.444
"<a href=""https://tiktok.com/@user4258816615474"" target=""_blank"">@user4258816615474</a>",33,10,29.636,0.875,1,11,0,7160.4,111.7,1.8,10.6
"<a href=""https://tiktok.com/@user5108603911411"" target=""_blank"">@user5108603911411</a>",33,10,29.636,0.875,1,11,0,1469.5,41.3,2.8,3.7
"<a href=""https://tiktok.com/@user5626060056906"" target=""_blank"">@user5626060056906</a>",2,10,57.959,0.93,5,50,0,767.4,53.3,1,1.3
"<a href=""https://tiktok.com/@user61085841585986"" target=""_blank"">@user61085841585986</a>",11,6,50.667,0.75,1,9,0,1494.4,33.2,0.3,1.6
"<a href=""https://tiktok.com/@user7224426108057"" target=""_blank"">@user7224426108057</a>",19,10,46.453,0.887,5,52,0,2991.3,46,0.5,2.8
"<a href=""https://tiktok.com/@user91479039109477"" target=""_blank"">@user91479039109477</a>",34,7,55.3,0.857,1,10,0,1978.714,43.857,1,9
"<a href=""https://tiktok.com/@user9386666243837"" target=""_blank"">@user9386666243837</a>",34,5,48.8,0.875,1,10,0,55640.6,1016,11.2,16
"<a href=""https://tiktok.com/@username.12345301"" target=""_blank"">@username.12345301</a>",37,7,98.667,1,1,21,0,11958.95,70.55,1.55,3.55
"<a href=""https://tiktok.com/@username.1234615"" target=""_blank"">@username.1234615</a>",36,13,91.909,0.75,1,33,0,927.967,50.4,5,0.467
"<a href=""https://tiktok.com/@username.123467897"" target=""_blank"">@username.123467897</a>",36,13,95.638,0.762,2,36,0,356.083,26.125,2.167,0.708
"<a href=""https://tiktok.com/@username.12365478"" target=""_blank"">@username.12365478</a>",36,18,95.767,0.708,2,49,0,1472.633,69.067,6.033,1
"<a href=""https://tiktok.com/@username.1545465"" target=""_blank"">@username.1545465</a>",37,9,78.422,0.75,1,45,0,782.4,87,4.6,0.8
"<a href=""https://tiktok.com/@username.64754675"" target=""_blank"">@username.64754675</a>",37,12,76.857,0.792,2,69,0,173.833,24.083,1.417,0.083
"<a href=""https://tiktok.com/@usjg2117"" target=""_blank"">@usjg2117</a>",52,8,66,1,1,9,0,351.364,11.636,0.091,0.273
"<a href=""https://tiktok.com/@v.if77"" target=""_blank"">@v.if77</a>",7,8,42.111,0.75,1,9,0,1736.444,74.111,0.333,1.778
"<a href=""https://tiktok.com/@vakft4299"" target=""_blank"">@vakft4299</a>",64,6,45.708,0.967,6,73,0,1804.833,73.5,0.333,1
"<a href=""https://tiktok.com/@vghf668"" target=""_blank"">@vghf668</a>",8,8,43.231,0.875,1,13,0,1624.111,69.333,0.556,0.333
"<a href=""https://tiktok.com/@vxkaw3274"" target=""_blank"">@vxkaw3274</a>",60,7,48.449,0.942,8,103,0,2355.143,83,0.286,0.571
"<a href=""https://tiktok.com/@wabisabi_35"" target=""_blank"">@wabisabi_35</a>",65,6,54.169,0.822,3,32,0,1959,140.333,1.667,1.167
"<a href=""https://tiktok.com/@watts4718"" target=""_blank"">@watts4718</a>",19,10,53.724,0.935,6,60,0.001,1006.7,21.5,3.5,16.3
"<a href=""https://tiktok.com/@wede35"" target=""_blank"">@wede35</a>",27,5,59.491,1,2,21,0,1309.6,70.6,0.8,1.8
"<a href=""https://tiktok.com/@wgslhe"" target=""_blank"">@wgslhe</a>",46,15,67.247,1,5,147,0,1650.389,40.722,0.667,0.611
"<a href=""https://tiktok.com/@wiqg8225"" target=""_blank"">@wiqg8225</a>",52,7,66,1,1,9,0,435.167,21.417,0.167,0.083
"<a href=""https://tiktok.com/@wive0570"" target=""_blank"">@wive0570</a>",51,8,92.9,1,1,10,0,327.364,12.273,0.182,0
"<a href=""https://tiktok.com/@wlack2188"" target=""_blank"">@wlack2188</a>",64,5,43.52,0.967,6,66,0,2563.8,83.6,0,0
"<a href=""https://tiktok.com/@wove1579"" target=""_blank"">@wove1579</a>",48,9,71.863,0.944,2,29,0,238.636,9.909,0,0.545
"<a href=""https://tiktok.com/@wudtm4288"" target=""_blank"">@wudtm4288</a>",60,9,54.182,0.951,14,176,0.001,10776.333,402.667,1.667,2.333
"<a href=""https://tiktok.com/@wuge2639"" target=""_blank"">@wuge2639</a>",52,11,67.834,0.923,4,49,0,500.545,18.364,0.091,0.182
"<a href=""https://tiktok.com/@xakfo3188"" target=""_blank"">@xakfo3188</a>",60,4,79.033,0.702,2,19,0,471.75,13.25,0.5,0
"<a href=""https://tiktok.com/@xchinaqueen0"" target=""_blank"">@xchinaqueen0</a>",38,6,93.111,0.75,1,9,0,14.833,1.667,0,0
"<a href=""https://tiktok.com/@xchinaqueen1"" target=""_blank"">@xchinaqueen1</a>",40,6,91.69,1,1,29,0,627.429,17.286,0.286,0.571
"<a href=""https://tiktok.com/@xchinaqueen2"" target=""_blank"">@xchinaqueen2</a>",39,6,97.467,0.667,1,15,0,9.333,0.333,0,0
"<a href=""https://tiktok.com/@xchinaqueen3"" target=""_blank"">@xchinaqueen3</a>",39,6,97.467,0.667,1,15,0,375,42.167,4.333,0.667
"<a href=""https://tiktok.com/@xchinaqueen4"" target=""_blank"">@xchinaqueen4</a>",40,6,91.69,1,1,29,0,18.333,1.167,0,0.167
"<a href=""https://tiktok.com/@xchinaqueen5"" target=""_blank"">@xchinaqueen5</a>",38,6,88.44,0.875,2,35,0,750.833,69.667,4.667,4.167
"<a href=""https://tiktok.com/@xchinaqueen6"" target=""_blank"">@xchinaqueen6</a>",38,6,83.769,1,1,26,0,357.667,33.833,0.833,1.167
"<a href=""https://tiktok.com/@xihz9643"" target=""_blank"">@xihz9643</a>",50,9,48.889,1,3,36,0.001,870.364,31.909,0.091,0.545
"<a href=""https://tiktok.com/@xxii911"" target=""_blank"">@xxii911</a>",25,10,53.658,0.918,5,56,0,2393.8,125.5,0.9,2.6
"<a href=""https://tiktok.com/@yiitsukb"" target=""_blank"">@yiitsukb</a>",22,9,52.631,0.958,3,30,0,2520.556,158.889,2.111,0.556
"<a href=""https://tiktok.com/@you.texts"" target=""_blank"">@you.texts</a>",26,9,40.636,0.889,1,11,0,4638.3,185.6,3.7,7
"<a href=""https://tiktok.com/@yourfavtwins0"" target=""_blank"">@yourfavtwins0</a>",56,5,32.6,1,1,10,0,1177.6,48.8,0,0.6
"<a href=""https://tiktok.com/@yowbc4277"" target=""_blank"">@yowbc4277</a>",64,5,43.913,0.967,6,72,0,158.2,4,0,0
"<a href=""https://tiktok.com/@ytrq8081"" target=""_blank"">@ytrq8081</a>",49,11,74.664,0.931,3,78,0,1940.917,53.417,0.25,0.083
"<a href=""https://tiktok.com/@zafke3177"" target=""_blank"">@zafke3177</a>",54,6,41.778,1,1,9,0,2060.667,49.667,0.167,0
"<a href=""https://tiktok.com/@zbdkc3664"" target=""_blank"">@zbdkc3664</a>",60,4,61.55,0.801,6,58,0,2159.25,58.5,0.5,0
"<a href=""https://tiktok.com/@zcake3147"" target=""_blank"">@zcake3147</a>",60,3,42.111,0.714,1,9,0,119,2,0,0
"<a href=""https://tiktok.com/@zcekt4280"" target=""_blank"">@zcekt4280</a>",60,6,55.967,0.831,12,137,0.001,863.333,35.333,0.167,0.333
"<a href=""https://tiktok.com/@zjdoa3719"" target=""_blank"">@zjdoa3719</a>",60,8,50.093,0.915,7,79,0,1704.5,65.625,0.875,0.125
"<a href=""https://tiktok.com/@zsdx184"" target=""_blank"">@zsdx184</a>",27,7,53.99,0.909,4,41,0,37678.444,1152.667,4.333,57.111
"<a href=""https://tiktok.com/@zxvb736"" target=""_blank"">@zxvb736</a>",27,12,58.573,0.932,11,138,0.001,5529.5,89,0.833,2.417
