"Network","Number of Accounts","Network Density","Network Diameter","Clustering Coefficient","Avg Views","Avg Likes","Avg Comments","Avg Shares","Member Accounts"
1,3,0.667,18,0,12549.926,218.667,3.148,107.704,"jtcytxyzey, jdpxorjf, chantalkusch"
2,7,0.286,31,0,1826.044,97.676,1.118,3.941,"luisina.riihimaki, hcodifb, user5626060056906, jfufrehcdh, jdpdosj, jsosjxj8, krug011"
3,3,0.667,19,0,62473.923,1780.154,7.846,18.769,"fdijc3, hdifhg5, irdc042"
4,4,0.667,19,0.6,6544.371,111.114,1.257,1.657,"jfdd653, aedyckctu, fauy8466, anaxagoras.harlen"
5,3,0.667,21,0,2584.409,62.591,0.5,0.818,"josieferguson6, ethel.gregory2, joab.truitt"
6,4,0.667,27,0.6,565.395,14.105,1.132,2.605,"camilo.austin5, marjoriecarrie0525, gabriele.weber5, mong.khuu"
7,2,1,9,0,1543.267,54.467,0.2,1.067,"v.if77, hdbjx72"
8,3,0.667,24,0,2362.433,54.067,0.5,0.733,"kuhar.clair6, c.ts24, vghf668"
9,3,0.667,24,0,11549.903,271.645,1.968,7.323,"berez.paulo, j.uv586, fhvf210"
10,3,0.667,20,0,572.562,12.062,0.188,0.125,"biebuh4, burba.robyn, jsjx359"
11,2,1,9,0,1322.526,26.158,1.579,7.737,"hitomorrow81, user61085841585986"
12,2,1,9,0,871.286,22.929,1.429,1.929,"ojbkhhh2, jh.hj90"
13,2,1,9,0,436.083,13.417,0.083,0,"greeryy2, guoonn.hkp"
14,3,0.667,19,0,667.412,18.882,0.059,0.059,"msfsgvsvcsdfsadsa, anpebsaxgu9, buslmigf7dn"
15,2,1,10,0,1010.769,22.769,0.308,0.154,"exmz856041, aleaa0249"
16,2,1,9,0,783.455,10.364,0,0.091,"hgff.nko, etuo.uop"
17,2,1,11,0,785.667,17,0.167,1,"dadd.dhh7, hejdsgi"
18,7,0.619,27,0.615,1470.967,27.283,0.383,0.567,"toma.rimi, topi.khatun6, omi.poni0, fhuc22, monalisa7988, pxibi018, user240775158"
19,12,0.273,46,0.4,1872.076,38.303,1.353,6.504,"chaff8892, ddeaxmelj72, needed9274, user7224426108057, reading1130, bcc662, apsaaadel1383, babypink6896, pxogmdqpa46, huff797, books3478, watts4718"
20,2,1,10,0,2313.65,54.85,0.25,1.65,"hockey2840, goodbye17507"
21,2,1,9,0,1904.444,114.722,2.278,2.056,"gfjch34, user3154950400581"
22,6,0.4,39,0.375,5077.611,190.963,1.889,2.019,"rosacasey65, prtnr8, gutieyy7, kbpsjd, gf.nj97, yiitsukb"
23,2,1,14,0,3268.2,115.65,1.75,8.85,"fugfuj33, hygge8662"
24,2,1,11,0,6441.579,133.263,1.842,24.789,"eudazpstrvf, tiffanystory8"
25,10,0.422,38,0.591,2611.51,143.235,2.173,1.663,"texts178, crtyougo, ktsfyh, landscape5670, stoyouh, sasapco, sdsdyou, huiodjio, rohingyao, xxii911"
26,3,0.667,23,0,4669.724,168.241,3.069,6.655,"stvhfhj, textstyo, you.texts"
27,14,0.451,39,0.627,8308.611,171.778,0.979,5.285,"cfdc18, user3825956150738, iiuu553, aed0267, zsdx184, jvhb240, aed2750, jvtvc3, user3436197788624, sijh37, jajsjsn56, wede35, dthh824, zxvb736"
28,2,1,20,0,19.5,3.647,0.706,0.294,"amazing_seeet120, cutegirlbabe2"
29,2,1,21,0,14726.633,958.317,38.283,82.85,"cute_chumi_girl208, lush_queen120"
30,2,1,11,0,3690.263,79.632,0.947,1.842,"boselbiresz0vcqb, dwjjmgypffvuelfkdn"
31,2,1,9,0,5592.5,55.667,2,1.167,"chris001997, elizabeth.adams04"
32,2,1,11,0,477.722,11.444,0.556,0.222,"liam.williams53, james.anderson7417"
33,2,1,11,0,4314.95,76.5,2.3,7.15,"user4258816615474, user5108603911411"
34,3,0.667,20,0,15636.474,288.421,3.579,7.579,"user16350067331084, user91479039109477, user9386666243837"
35,2,1,12,0,5857.917,92.917,4.583,2.25,"gdvcjh84747, tguu743"
36,5,0.4,86,0,809.738,47.092,3.7,0.846,"username.1234615, username.123467897, beaty_queen_22, china_cutegirl22, username.12365478"
37,5,0.4,103,0,4135.879,94.455,4.136,2.742,"username.1545465, kmlisarkar_1, kamlisarkar_0, username.64754675, username.12345301"
38,3,0.667,35,0,374.444,35.056,1.833,1.778,"xchinaqueen5, xchinaqueen0, xchinaqueen6"
39,2,1,15,0,192.167,21.25,2.167,0.333,"xchinaqueen3, xchinaqueen2"
40,2,1,29,0,346.308,9.846,0.154,0.385,"xchinaqueen1, xchinaqueen4"
41,3,1,18,1,407.179,12.964,0.143,0.036,"pjk3357, redditstory667, redreddit48"
42,4,0.5,23,0,55388.135,2218.703,8.838,136.216,"juliosalazar229, aseng.haymong, carlos.alberto.al886, tenbr.boozapp"
43,2,1,9,0,960.538,23.923,0.923,0.154,"lanora.haskely, khanh.phukhh"
44,2,1,10,0,8157.65,136,1.7,37.15,"hdkcofh, hdlxohd"
45,2,1,10,0,528.55,17,0.05,0.25,"gieffk, user33450120083591"
46,20,0.332,63,0.583,1252.074,24.894,0.177,0.354,"arffug, prbnac, eqmhqf, puhrra, bpgarp, qigqtm, pbpktw, sqifhw, idpeoc, dtbtcc8, ujrrrsq, bipiqo, hltuoq, hidouo, lhqitc, hdmjwo1, fsaftn, iupkvg, tiwakp1, wgslhe"
47,3,1,18,1,1290.976,37.488,0.22,0.122,"ciojkb, khfbou, kubjij"
48,6,0.8,25,0.846,781.565,23.871,0.306,0.468,"drgd8391, djwf2904, dygd8923, jkuy0534, eiej4325, wove1579"
49,6,0.867,42,0.867,1811.5,47.257,0.471,0.543,"bvoo3130, ghhj8554, dijx3903, fhda78402, okay11732, ytrq8081"
50,14,0.22,87,0.326,1336.376,37.664,0.309,0.416,"dhhi6645, hehs5037, cjur6297, cjire9104, coirf88774, fkir2290, clirr5282, fnnf8890, hrfj8302, gjguq6894, ufsc8075, urdu9708, xihz9643, tiiff4205"
51,3,0.667,19,0,289.429,10.486,0.143,0.114,"fhxk1941, tugx2917, wive0570"
52,6,0.4,34,0.333,452.586,14.171,0.086,0.114,"usjg2117, givi0331, wiqg8225, isce0690, isgs5669, wuge2639"
53,2,1,17,0,266.083,12.958,0.125,0.25,"isge0853, tetel4962"
54,2,1,9,0,1235.083,31.333,0.083,0,"anxdo3188, zafke3177"
55,4,0.667,19,0,1228.739,67.348,1.043,0.174,"cjdjfcn, g.in.cgn, hxjdsj34, hdvhds4"
56,5,0.5,20,0.375,2045.808,60.154,1.577,0.846,"hzhdhs, avelina.asucen, jshszh6382, duuff30, yourfavtwins0"
57,2,1,10,0,9804.5,278.417,3.833,0.667,"11cjhggg, 2ckfjkelw"
58,2,1,10,0,1395.167,53.083,0.833,0.083,"meggie.y, tikfop7478"
59,3,0.667,20,0,4869.471,85.647,1.529,1,"ljpjvh, hwvrok, oljclk"
60,20,0.358,30,0.609,2352.72,78.467,0.542,0.346,"boens4288, nxpsa4288, 2jxggxh, sbafo4188, ncsfo3287, cnatk3189, 1yrogls, soodb4177, vxkaw3274, ejanc3177, wudtm4288, xakfo3188, zbdkc3664, zcekt4280, acsge1347, qafkr2477, zcake3147, keoap4288, roselent02103, zjdoa3719"
61,2,1,10,0,2847,63.75,1.167,0.667,"oxkops7, bixukf"
62,3,1,11,1,16694.889,537.667,3.556,3.333,"kenworthyhoo, fjvbaa, jdjsbs94"
63,2,1,10,0,1054.5,48.25,0.833,0.25,"3jfofoed, 3mmmgkk"
64,8,0.786,22,0.946,1512,42.225,0.375,0.225,"1djjvsjb, vakft4299, touab4277, 1qwdjjd, 3mbfklb, yowbc4277, baxor3828, wlack2188"
65,4,1,18,1,3998.476,198.333,0.952,1.143,"deep.sea_2, user3543260092180, eden70188, wabisabi_35"
