"Account","Network","Unique Shares","Avg Time Between Shares (sec)","Edge Symmetry Score","Degree","Strength","Betweenness","Avg Views","Avg Likes","Avg Comments","Avg Shares"
"<a href=""https://tiktok.com/@1079tk"" target=""_blank"">@1079tk</a>",3,3,37.882,0.95,4,35,0,3723.667,79.667,1,0
"<a href=""https://tiktok.com/@aed3345"" target=""_blank"">@aed3345</a>",14,9,54.692,0.939,3,40,0,1484.111,71.333,0.111,0.556
"<a href=""https://tiktok.com/@aed9t4"" target=""_blank"">@aed9t4</a>",19,6,78.5,1,1,8,0,660,26.5,0.1,0.1
"<a href=""https://tiktok.com/@ainkbs"" target=""_blank"">@ainkbs</a>",13,3,46.333,1,1,9,0,339.667,2.667,0.333,0
"<a href=""https://tiktok.com/@ali638819"" target=""_blank"">@ali638819</a>",11,3,62,0.8,1,9,0,2775,104.667,0.333,0.667
"<a href=""https://tiktok.com/@bdl055747"" target=""_blank"">@bdl055747</a>",15,4,45.375,1,1,8,0,474.25,8,0,0
"<a href=""https://tiktok.com/@coke0283"" target=""_blank"">@coke0283</a>",16,4,45.75,1,2,16,0,484.75,17.25,0,2
"<a href=""https://tiktok.com/@coke14426"" target=""_blank"">@coke14426</a>",16,4,40.75,1,2,16,0,335.25,12.75,0.25,0
"<a href=""https://tiktok.com/@coke8273"" target=""_blank"">@coke8273</a>",16,4,47,1,2,16,0,200,8.25,0,0
"<a href=""https://tiktok.com/@colliercarol3790"" target=""_blank"">@colliercarol3790</a>",14,9,61.817,0.921,3,47,0,996.444,41,0.333,0.333
"<a href=""https://tiktok.com/@dzu2bxozg0"" target=""_blank"">@dzu2bxozg0</a>",14,9,56.641,1,3,40,0,1443.444,54.778,0.222,1
"<a href=""https://tiktok.com/@farjanaminnaaklim"" target=""_blank"">@farjanaminnaaklim</a>",19,6,62.562,1,2,16,0.001,883.667,42.333,0.167,2.5
"<a href=""https://tiktok.com/@frwfqu"" target=""_blank"">@frwfqu</a>",12,7,47.364,1,1,11,0,1058.9,30.1,0.1,0.2
"<a href=""https://tiktok.com/@gfdfdfffy"" target=""_blank"">@gfdfdfffy</a>",11,3,62,0.8,1,9,0,6603,144.167,1.5,4.5
"<a href=""https://tiktok.com/@jfspet"" target=""_blank"">@jfspet</a>",13,3,46.333,1,1,9,0,107,0,0,0
"<a href=""https://tiktok.com/@savagin7193"" target=""_blank"">@savagin7193</a>",1,3,68,1,1,9,0,440,44.667,0,0
"<a href=""https://tiktok.com/@tdy7axi1g1"" target=""_blank"">@tdy7axi1g1</a>",14,9,57.753,0.915,3,49,0,803.778,27.889,0.222,0.444
"<a href=""https://tiktok.com/@udpgmf"" target=""_blank"">@udpgmf</a>",12,7,47.364,1,1,11,0,918,20.556,0.111,0
"<a href=""https://tiktok.com/@user25625221885547"" target=""_blank"">@user25625221885547</a>",17,3,49.167,1,2,18,0,202.333,6.667,0,0
"<a href=""https://tiktok.com/@user2608668166280"" target=""_blank"">@user2608668166280</a>",18,3,53.889,0.8,1,9,0,330.667,5.667,0,0
"<a href=""https://tiktok.com/@user4170090639617"" target=""_blank"">@user4170090639617</a>",18,3,49.111,1,2,17,0,1814.667,14.333,0,1.333
"<a href=""https://tiktok.com/@user4230900338134"" target=""_blank"">@user4230900338134</a>",1,3,68,1,1,9,0,644.667,48.667,0,0.333
"<a href=""https://tiktok.com/@user54530411398470"" target=""_blank"">@user54530411398470</a>",17,3,44.278,1,2,18,0,82.333,0,0,0
"<a href=""https://tiktok.com/@user5744406172240"" target=""_blank"">@user5744406172240</a>",10,3,37,0.8,1,9,0,275,4.667,0,0
"<a href=""https://tiktok.com/@user6383781338061"" target=""_blank"">@user6383781338061</a>",17,3,44.778,1,2,18,0,43,0,0,0
"<a href=""https://tiktok.com/@user83761877821520"" target=""_blank"">@user83761877821520</a>",15,5,45.375,1,1,8,0,286.8,15.8,0,0.2
"<a href=""https://tiktok.com/@user8880676148236"" target=""_blank"">@user8880676148236</a>",18,3,51.861,1,2,17,0,184.333,3,0,0
"<a href=""https://tiktok.com/@user9242170771823"" target=""_blank"">@user9242170771823</a>",18,3,49.796,0.933,3,25,0.001,471.667,18.333,0.667,0
"<a href=""https://tiktok.com/@vnfhvc2"" target=""_blank"">@vnfhvc2</a>",19,6,46.625,1,1,8,0,307.25,16.25,0.125,0.25
"<a href=""https://tiktok.com/@xzcm22"" target=""_blank"">@xzcm22</a>",2,3,35.733,0.9,4,35,0,1011.333,29.333,0.333,0
"<a href=""https://tiktok.com/@yhn229992"" target=""_blank"">@yhn229992</a>",6,3,25.444,0.9,2,18,0,643,19,0.667,0.667
"<a href=""https://tiktok.com/@yhn443334"" target=""_blank"">@yhn443334</a>",8,3,21.167,0.8,2,18,0,1000.333,25.667,0.667,0
"<a href=""https://tiktok.com/@yu1053tk"" target=""_blank"">@yu1053tk</a>",7,3,23.852,0.867,3,27,0,1231.667,23.333,0.333,0
"<a href=""https://tiktok.com/@yu1055tk"" target=""_blank"">@yu1055tk</a>",2,3,43.25,0.85,4,36,0,432.333,11.667,0.333,0
"<a href=""https://tiktok.com/@yu1058tk"" target=""_blank"">@yu1058tk</a>",7,3,21.704,0.867,3,27,0,1194.667,22.667,0.667,0
"<a href=""https://tiktok.com/@yu1059tk"" target=""_blank"">@yu1059tk</a>",6,3,34.616,0.867,3,26,0.001,828.333,28.667,0.667,0
"<a href=""https://tiktok.com/@yu1062tk"" target=""_blank"">@yu1062tk</a>",3,3,49.503,1,4,33,0,840,16.667,0.333,0
"<a href=""https://tiktok.com/@yu1063tk"" target=""_blank"">@yu1063tk</a>",7,3,21.704,0.933,3,27,0,5440.667,45.667,1.333,0
"<a href=""https://tiktok.com/@yu1065tk"" target=""_blank"">@yu1065tk</a>",7,3,23.111,0.8,3,27,0,1642.333,32.333,0,0
"<a href=""https://tiktok.com/@yu1067tk8686.com"" target=""_blank"">@yu1067tk8686.com</a>",8,3,19.833,0.8,2,18,0,615,5.667,0.333,0
"<a href=""https://tiktok.com/@yu1070tk"" target=""_blank"">@yu1070tk</a>",6,3,24.167,0.9,2,18,0,4512.667,57.667,0,0.333
"<a href=""https://tiktok.com/@yu1071tk"" target=""_blank"">@yu1071tk</a>",6,3,46.625,1,1,8,0,2617.333,38.667,0.333,0.333
"<a href=""https://tiktok.com/@yu1073tk"" target=""_blank"">@yu1073tk</a>",4,3,24.278,0.95,4,36,0,297.667,9.333,0.333,0
"<a href=""https://tiktok.com/@yu1074tk"" target=""_blank"">@yu1074tk</a>",5,3,41.056,1,4,36,0,2349.333,36.667,0,0.333
"<a href=""https://tiktok.com/@yu1075tk"" target=""_blank"">@yu1075tk</a>",5,3,41.639,1,4,36,0,1344.333,44.667,1,0
"<a href=""https://tiktok.com/@yu1076tk"" target=""_blank"">@yu1076tk</a>",9,3,17.167,0.9,2,18,0,1032.333,35.333,0,0.333
"<a href=""https://tiktok.com/@yu1077tk"" target=""_blank"">@yu1077tk</a>",4,3,32.639,0.85,4,36,0,470.333,17.333,1,0
"<a href=""https://tiktok.com/@yu1078tk"" target=""_blank"">@yu1078tk</a>",5,3,43.083,1,4,36,0,557.333,18.333,0.333,0
"<a href=""https://tiktok.com/@yu1080tk"" target=""_blank"">@yu1080tk</a>",9,3,19.222,0.8,2,18,0,1750,44.667,0.333,0
"<a href=""https://tiktok.com/@yu108293b8w"" target=""_blank"">@yu108293b8w</a>",2,3,48.92,0.9,4,34,0,1025,18,0,0.333
"<a href=""https://tiktok.com/@yu1082tk"" target=""_blank"">@yu1082tk</a>",5,3,42.833,1,4,36,0,1166.333,31,0.667,0
"<a href=""https://tiktok.com/@yu1083tk"" target=""_blank"">@yu1083tk</a>",2,3,35.778,0.9,4,36,0,1737.333,21,0.333,0
"<a href=""https://tiktok.com/@yu1084tk"" target=""_blank"">@yu1084tk</a>",3,3,47.556,1,4,36,0,311.667,11.333,2.333,0
"<a href=""https://tiktok.com/@yu1085tk"" target=""_blank"">@yu1085tk</a>",2,3,44.271,0.95,4,35,0,1871.667,25.333,0.333,0
"<a href=""https://tiktok.com/@yu1086tk"" target=""_blank"">@yu1086tk</a>",9,3,15.389,0.9,2,18,0,2072,50.667,1,0.333
"<a href=""https://tiktok.com/@yu1087tk"" target=""_blank"">@yu1087tk</a>",8,3,24.778,0.8,2,18,0,930.333,10.667,0.667,0
"<a href=""https://tiktok.com/@yu1089tk"" target=""_blank"">@yu1089tk</a>",4,3,22.583,1,4,36,0,679.667,10.667,0.333,0
"<a href=""https://tiktok.com/@yu1090tk"" target=""_blank"">@yu1090tk</a>",3,3,36.927,0.95,4,35,0,2334,36.667,0.333,0
"<a href=""https://tiktok.com/@yu1091tk"" target=""_blank"">@yu1091tk</a>",5,3,41.833,1,4,36,0,1590,28,0.333,0
"<a href=""https://tiktok.com/@yu1092tk"" target=""_blank"">@yu1092tk</a>",4,3,24.639,0.95,4,36,0,5373,86.667,1.333,0
"<a href=""https://tiktok.com/@yu1093tk"" target=""_blank"">@yu1093tk</a>",4,3,24.417,0.95,4,36,0,1276.667,21.667,0,0
"<a href=""https://tiktok.com/@yu1094tk"" target=""_blank"">@yu1094tk</a>",3,3,44.028,0.9,4,35,0,2286.333,19.333,0.333,0.333
"<a href=""https://tiktok.com/@zoe.8158"" target=""_blank"">@zoe.8158</a>",10,3,37,0.8,1,9,0,320.333,7.333,0,0
