"Account","Network","Unique Shares","Avg Time Between Shares (sec)","Edge Symmetry Score","Degree","Strength","Betweenness","Avg Views","Avg Likes","Avg Comments","Avg Shares"
"<a href=""https://tiktok.com/@jennamillereh26e"" target=""_blank"">@jennamillereh26e</a>",9,42,28.491,0.951,1,114,0,5792.2,73.84,0.14,0.28
"<a href=""https://tiktok.com/@kxhlqola6a363c"" target=""_blank"">@kxhlqola6a363c</a>",9,42,28.491,0.951,1,114,0,4441.939,45.122,0.061,0.224
"<a href=""https://tiktok.com/@user11737233435531"" target=""_blank"">@user11737233435531</a>",3,4,26.25,1,2,32,0,845.75,9.25,0,0.25
"<a href=""https://tiktok.com/@user1226598305981"" target=""_blank"">@user1226598305981</a>",1,5,71.308,0.833,1,13,0,1160.333,24.667,0,0.333
"<a href=""https://tiktok.com/@user15059932353996"" target=""_blank"">@user15059932353996</a>",8,12,65.668,0.905,3,49,0.004,900.067,36,0.333,1.133
"<a href=""https://tiktok.com/@user1655672923020"" target=""_blank"">@user1655672923020</a>",2,13,65.253,0.85,3,81,0,995.778,23,0.056,0.167
"<a href=""https://tiktok.com/@user2191900675606"" target=""_blank"">@user2191900675606</a>",6,6,87.333,1,1,18,0,891,19.333,0,0
"<a href=""https://tiktok.com/@user2704030629623"" target=""_blank"">@user2704030629623</a>",1,6,71.308,0.833,1,13,0,1269.833,9.5,0.167,0
"<a href=""https://tiktok.com/@user4193960130928"" target=""_blank"">@user4193960130928</a>",5,9,25.143,0.846,1,21,0,742.133,16.467,0.133,0.733
"<a href=""https://tiktok.com/@user4870556904383"" target=""_blank"">@user4870556904383</a>",6,6,87.333,1,1,18,0,357.333,4,0,0
"<a href=""https://tiktok.com/@user49141232079402"" target=""_blank"">@user49141232079402</a>",5,7,25.143,0.846,1,21,0,543,11.733,0.267,0.267
"<a href=""https://tiktok.com/@user5099118408673"" target=""_blank"">@user5099118408673</a>",8,11,60.1,0.85,2,35,0,657.267,22.467,0,0.133
"<a href=""https://tiktok.com/@user56221436997607"" target=""_blank"">@user56221436997607</a>",4,4,30.938,0.929,2,32,0,1125.75,16.75,0,0
"<a href=""https://tiktok.com/@user6036140945556"" target=""_blank"">@user6036140945556</a>",3,4,25.812,1,2,32,0,695.25,8,0.25,0
"<a href=""https://tiktok.com/@user6114100612194"" target=""_blank"">@user6114100612194</a>",3,4,26.438,1,2,32,0,324,2.25,0,0
"<a href=""https://tiktok.com/@user6222824133704"" target=""_blank"">@user6222824133704</a>",7,6,46.267,0.75,1,15,0,1280.167,21.5,0,0
"<a href=""https://tiktok.com/@user6787669206738"" target=""_blank"">@user6787669206738</a>",7,6,46.267,0.75,1,15,0,1133.833,27.5,0,0
"<a href=""https://tiktok.com/@user7406160207374"" target=""_blank"">@user7406160207374</a>",2,17,53.175,0.907,3,89,0,1242.941,44.294,0.118,0.235
"<a href=""https://tiktok.com/@user75291696174110"" target=""_blank"">@user75291696174110</a>",2,14,61.638,0.917,3,76,0,1335,22,0.056,0.111
"<a href=""https://tiktok.com/@user8123449486197"" target=""_blank"">@user8123449486197</a>",4,4,30.562,0.929,2,32,0,1517,36.25,0,0.25
"<a href=""https://tiktok.com/@user8600005759563"" target=""_blank"">@user8600005759563</a>",8,14,66.611,0.805,3,53,0,856.2,32.4,0.133,1.533
"<a href=""https://tiktok.com/@user87304845050708"" target=""_blank"">@user87304845050708</a>",2,12,56.225,0.896,3,64,0,594.944,14,0,0.111
"<a href=""https://tiktok.com/@user9401074051479"" target=""_blank"">@user9401074051479</a>",4,4,32.875,0.857,2,32,0,400.25,5.5,0,0.75
"<a href=""https://tiktok.com/@user94751766994351"" target=""_blank"">@user94751766994351</a>",8,9,72.165,1,2,41,0,736.556,32.556,0.222,1.333
