"Account","Network","Unique Shares","Avg Time Between Shares (sec)","Edge Symmetry Score","Degree","Strength","Betweenness","Avg Views","Avg Likes","Avg Comments","Avg Shares"
"<a href=""https://tiktok.com/@user1392538538860"" target=""_blank"">@user1392538538860</a>",2,12,25.519,1,2,54,0,2570.722,24.722,0.389,0.278
"<a href=""https://tiktok.com/@user15059932353996"" target=""_blank"">@user15059932353996</a>",3,12,55.042,0.87,2,54,0.038,808.917,36,0,2.083
"<a href=""https://tiktok.com/@user1655672923020"" target=""_blank"">@user1655672923020</a>",1,15,63.134,0.893,3,71,0.01,1206.4,25.267,0.267,0.067
"<a href=""https://tiktok.com/@user186815388315"" target=""_blank"">@user186815388315</a>",2,12,26.278,1,2,54,0,1032.556,14.611,0.222,0.111
"<a href=""https://tiktok.com/@user30151614570437"" target=""_blank"">@user30151614570437</a>",3,12,63.202,0.913,2,51,0,890.083,28.833,0.25,1.583
"<a href=""https://tiktok.com/@user3616273133524"" target=""_blank"">@user3616273133524</a>",3,25,58.936,0.85,3,90,0.057,936.267,30.8,0.1,1.567
"<a href=""https://tiktok.com/@user3840831842583"" target=""_blank"">@user3840831842583</a>",1,15,63.333,0.945,4,112,0,2030.667,37.533,0.133,0.6
"<a href=""https://tiktok.com/@user49141232079402"" target=""_blank"">@user49141232079402</a>",2,12,27.019,1,2,54,0,1205.2,13.4,0.533,0.133
"<a href=""https://tiktok.com/@user4967199663697"" target=""_blank"">@user4967199663697</a>",1,12,69.923,0.882,2,51,0,746.5,9.714,0,0.071
"<a href=""https://tiktok.com/@user5099118408673"" target=""_blank"">@user5099118408673</a>",3,9,54.25,0.857,1,24,0,892.364,26,0.091,0.273
"<a href=""https://tiktok.com/@user710495138178"" target=""_blank"">@user710495138178</a>",1,15,58.766,0.918,4,109,0.019,1680.467,17.733,0.133,0.267
"<a href=""https://tiktok.com/@user7406160207374"" target=""_blank"">@user7406160207374</a>",1,15,61.857,0.886,4,111,0.019,1041.333,24.133,0.133,0.4
"<a href=""https://tiktok.com/@user75291696174110"" target=""_blank"">@user75291696174110</a>",1,14,66.356,0.854,4,97,0.005,1143.667,20.267,0,0.2
"<a href=""https://tiktok.com/@user8600005759563"" target=""_blank"">@user8600005759563</a>",3,27,67.717,0.864,3,102,0.038,643.767,24.833,0.067,0.5
"<a href=""https://tiktok.com/@user87304845050708"" target=""_blank"">@user87304845050708</a>",1,14,57.248,0.865,5,133,0.024,577.714,8.357,0.071,0.071
"<a href=""https://tiktok.com/@user94751766994351"" target=""_blank"">@user94751766994351</a>",3,16,77.871,0.917,1,31,0,1809,29.789,0.211,0.789
