"Account","Network","Unique Shares","Avg Time Between Shares (sec)","Edge Symmetry Score","Degree","Strength","Betweenness","Avg Views","Avg Likes","Avg Comments","Avg Shares"
"<a href=""https://tiktok.com/@190of2"" target=""_blank"">@190of2</a>",7,2,0,0.667,5,30,0,312,14,0.5,0.5
"<a href=""https://tiktok.com/@281bsy"" target=""_blank"">@281bsy</a>",7,3,0,0.667,5,30,0,724.364,50.818,0.364,0.182
"<a href=""https://tiktok.com/@336per7"" target=""_blank"">@336per7</a>",7,5,11.905,0.833,9,67,0.002,1899.143,35.714,0.571,0.071
"<a href=""https://tiktok.com/@337kkk8"" target=""_blank"">@337kkk8</a>",7,2,0,0.667,5,30,0,276,16,0,0
"<a href=""https://tiktok.com/@345bm8"" target=""_blank"">@345bm8</a>",7,3,0,0.833,8,60,0,660.333,21,0,0
"<a href=""https://tiktok.com/@361tui6"" target=""_blank"">@361tui6</a>",7,3,0,0.833,8,60,0,367.333,23.667,0,0
"<a href=""https://tiktok.com/@378fire2"" target=""_blank"">@378fire2</a>",7,3,0,0.833,8,60,0,510,44.667,0.333,0
"<a href=""https://tiktok.com/@8a4fca7f"" target=""_blank"">@8a4fca7f</a>",22,3,43.472,0.933,3,22,0,33203,184,0.333,2.333
"<a href=""https://tiktok.com/@8c17de2d"" target=""_blank"">@8c17de2d</a>",22,2,46.333,0.833,3,18,0,899,26,0.5,0
"<a href=""https://tiktok.com/@9c01bd1c"" target=""_blank"">@9c01bd1c</a>",22,3,41.463,0.917,3,23,0,693,27,1,5.667
"<a href=""https://tiktok.com/@aaqo8sth89"" target=""_blank"">@aaqo8sth89</a>",6,13,61.2,0.919,3,51,0,2737.333,90.667,0.733,0.467
"<a href=""https://tiktok.com/@aedp27"" target=""_blank"">@aedp27</a>",1,7,49.833,1,1,6,0,1199.375,109.875,0.375,0.375
"<a href=""https://tiktok.com/@aedpv"" target=""_blank"">@aedpv</a>",4,4,50.625,1,2,16,0,1768.167,151.167,2,0.5
"<a href=""https://tiktok.com/@aedvziocjc"" target=""_blank"">@aedvziocjc</a>",1,9,55.714,1,2,14,0,2826.778,108.444,0.444,0.889
"<a href=""https://tiktok.com/@auvningjixiang"" target=""_blank"">@auvningjixiang</a>",6,14,55.89,0.917,4,64,0,16786,267.929,3.071,1.786
"<a href=""https://tiktok.com/@bdjsbsk4"" target=""_blank"">@bdjsbsk4</a>",8,4,40.333,1,1,6,0,144.556,3.222,0.111,0
"<a href=""https://tiktok.com/@bdjsxn6"" target=""_blank"">@bdjsxn6</a>",9,8,60.25,1,1,16,0,1432.25,109.625,1.25,0.625
"<a href=""https://tiktok.com/@binhthao616"" target=""_blank"">@binhthao616</a>",1,9,55.405,1,3,19,0,4690.778,130.333,1.556,0.778
"<a href=""https://tiktok.com/@bjcksvwq6ol"" target=""_blank"">@bjcksvwq6ol</a>",22,3,46.269,0.85,3,23,0,3003,168.667,0.333,2.333
"<a href=""https://tiktok.com/@brudo040"" target=""_blank"">@brudo040</a>",18,9,49.794,1,5,47,0.017,879.3,18.6,0.5,1.7
"<a href=""https://tiktok.com/@cafe.para"" target=""_blank"">@cafe.para</a>",21,3,30,1,2,18,0,424,15.333,0.333,0.333
"<a href=""https://tiktok.com/@celaf436"" target=""_blank"">@celaf436</a>",18,6,49.104,1,2,27,0,417.667,13.333,0,0.167
"<a href=""https://tiktok.com/@cheryl.pollice"" target=""_blank"">@cheryl.pollice</a>",16,3,27.333,0.75,2,12,0,508.667,21.333,2.333,0.667
"<a href=""https://tiktok.com/@choosey031"" target=""_blank"">@choosey031</a>",21,3,31.5,1,2,18,0,504,31.667,0,0.333
"<a href=""https://tiktok.com/@ciucfyictci"" target=""_blank"">@ciucfyictci</a>",10,3,41.833,0.8,1,6,0,416.111,14.222,0.333,0.111
"<a href=""https://tiktok.com/@crusk361"" target=""_blank"">@crusk361</a>",18,8,36.505,1,4,32,0.005,356.25,18.375,0.25,2.25
"<a href=""https://tiktok.com/@danzi00116"" target=""_blank"">@danzi00116</a>",18,8,20.417,0.917,3,22,0.011,2770.875,13.625,0,0.375
"<a href=""https://tiktok.com/@donpanchis2025"" target=""_blank"">@donpanchis2025</a>",21,3,58.5,1,2,18,0,519,9.667,0.667,0.333
"<a href=""https://tiktok.com/@elleigh.anton"" target=""_blank"">@elleigh.anton</a>",9,8,60.25,1,1,16,0,1209,86.375,0.25,0.125
"<a href=""https://tiktok.com/@facsimile5"" target=""_blank"">@facsimile5</a>",6,8,58.189,1,3,24,0,776.833,59,0.5,0.75
"<a href=""https://tiktok.com/@fanqie0166"" target=""_blank"">@fanqie0166</a>",18,8,44.583,1,3,24,0,344,14.5,0.25,0.5
"<a href=""https://tiktok.com/@feimaotui0385"" target=""_blank"">@feimaotui0385</a>",18,8,52.69,1,6,57,0.002,7532.25,17.875,1.625,1.375
"<a href=""https://tiktok.com/@feitianmaotai0389"" target=""_blank"">@feitianmaotai0389</a>",19,10,58.795,0.969,4,53,0,6149.4,21.6,0,1.9
"<a href=""https://tiktok.com/@feuwi391"" target=""_blank"">@feuwi391</a>",18,6,46.833,0.875,2,14,0,209.125,6.25,0.25,0.75
"<a href=""https://tiktok.com/@ffbs18"" target=""_blank"">@ffbs18</a>",16,2,29.5,0.75,1,6,0,378,0.5,0,0
"<a href=""https://tiktok.com/@figbngx"" target=""_blank"">@figbngx</a>",4,4,31.458,1,2,14,0,3764.833,159.833,2,1.833
"<a href=""https://tiktok.com/@g4lkgggsn3"" target=""_blank"">@g4lkgggsn3</a>",6,14,52.946,0.879,4,59,0,1034.267,59.933,0.333,0.067
"<a href=""https://tiktok.com/@gaobiantui0529"" target=""_blank"">@gaobiantui0529</a>",18,8,35,1,1,8,0,367.25,5.375,0,0
"<a href=""https://tiktok.com/@gddhd.jffjfj"" target=""_blank"">@gddhd.jffjfj</a>",13,4,60.667,1,1,6,0,168.5,1.75,0,0
"<a href=""https://tiktok.com/@gdghss35"" target=""_blank"">@gdghss35</a>",10,8,41.833,0.8,1,6,0,14035.875,83.125,0.5,1
"<a href=""https://tiktok.com/@grusf218"" target=""_blank"">@grusf218</a>",19,10,54.051,0.934,4,58,0,1377.1,24.6,0.1,1.3
"<a href=""https://tiktok.com/@h_kp82"" target=""_blank"">@h_kp82</a>",18,8,75.417,0.875,2,14,0.018,2350.5,71.7,2.4,12.2
"<a href=""https://tiktok.com/@hanguodanren00530"" target=""_blank"">@hanguodanren00530</a>",18,8,45.896,0.95,4,30,0.015,23298,426.4,15.7,53.1
"<a href=""https://tiktok.com/@haoyun948"" target=""_blank"">@haoyun948</a>",7,2,0,0.667,5,30,0,16302.5,275,2.5,1
"<a href=""https://tiktok.com/@heipf273"" target=""_blank"">@heipf273</a>",19,7,54.927,0.866,4,38,0,8012.857,194.286,1,0.714
"<a href=""https://tiktok.com/@hfkvg76"" target=""_blank"">@hfkvg76</a>",18,7,45.433,0.958,4,38,0,616,19.571,0,1.143
"<a href=""https://tiktok.com/@hongshao0193"" target=""_blank"">@hongshao0193</a>",18,8,71.673,0.887,4,27,0.001,2075.625,6.375,0.125,0
"<a href=""https://tiktok.com/@huimian00321"" target=""_blank"">@huimian00321</a>",20,6,62.518,0.969,4,68,0,1734.5,33.833,0.5,2.333
"<a href=""https://tiktok.com/@huole103"" target=""_blank"">@huole103</a>",5,5,101.833,0.75,1,6,0,2546.133,167.6,1.6,0.4
"<a href=""https://tiktok.com/@ieddj160"" target=""_blank"">@ieddj160</a>",18,8,49.917,0.875,2,14,0,617.5,26.5,0,2.25
"<a href=""https://tiktok.com/@igdz9"" target=""_blank"">@igdz9</a>",2,4,65.143,1,1,7,0,2629.625,145.125,1.5,1.25
"<a href=""https://tiktok.com/@jeveus00272"" target=""_blank"">@jeveus00272</a>",18,8,50.707,1,5,43,0.004,114,2.5,0,0
"<a href=""https://tiktok.com/@jf.gk2"" target=""_blank"">@jf.gk2</a>",12,4,52.833,1,1,6,0,147.5,1.25,0,0
"<a href=""https://tiktok.com/@jgd5833"" target=""_blank"">@jgd5833</a>",4,4,29.833,1,2,14,0,1830.5,150.5,1,1.167
"<a href=""https://tiktok.com/@jxfjv98"" target=""_blank"">@jxfjv98</a>",2,4,65.143,1,1,7,0,2026.5,184.833,2.5,1.833
"<a href=""https://tiktok.com/@kathlyn.kohn"" target=""_blank"">@kathlyn.kohn</a>",16,2,25.167,0.75,1,6,0,292,7,0.5,1.5
"<a href=""https://tiktok.com/@kimvan.nguyen45"" target=""_blank"">@kimvan.nguyen45</a>",13,5,52.917,1,2,12,0,255.4,11,0,0.4
"<a href=""https://tiktok.com/@laojiekou00127"" target=""_blank"">@laojiekou00127</a>",20,6,41.255,1,4,68,0,1099.167,18.167,0.667,2.167
"<a href=""https://tiktok.com/@ludwig.perrault"" target=""_blank"">@ludwig.perrault</a>",1,7,62.19,1,2,13,0,1950,99,2,0.429
"<a href=""https://tiktok.com/@marianacardosolim5"" target=""_blank"">@marianacardosolim5</a>",13,4,45.167,1,1,6,0,560.5,39.5,0,1
"<a href=""https://tiktok.com/@meijia00245"" target=""_blank"">@meijia00245</a>",20,6,39.93,0.938,4,70,0,3741.167,69.5,2.667,18.667
"<a href=""https://tiktok.com/@miantiao00434"" target=""_blank"">@miantiao00434</a>",18,8,38.437,0.972,6,57,0.016,628.75,26.875,0.25,0.25
"<a href=""https://tiktok.com/@nangua0569"" target=""_blank"">@nangua0569</a>",19,10,54.842,0.865,4,50,0,684.727,17.273,0.364,0.091
"<a href=""https://tiktok.com/@nhule.le2"" target=""_blank"">@nhule.le2</a>",14,4,37.667,1,1,6,0,267.5,14.25,0,0
"<a href=""https://tiktok.com/@niubi5533"" target=""_blank"">@niubi5533</a>",7,5,35.714,0.833,1,7,0,7866.5,152.875,1.375,0.125
"<a href=""https://tiktok.com/@nxlmhrfgkdowxm"" target=""_blank"">@nxlmhrfgkdowxm</a>",11,5,67.5,0.8,1,6,0,722.7,39.6,1.1,1
"<a href=""https://tiktok.com/@ongfrt"" target=""_blank"">@ongfrt</a>",3,6,14.75,1,1,8,0,1315,89.333,1,0.5
"<a href=""https://tiktok.com/@phrjy319"" target=""_blank"">@phrjy319</a>",18,8,51.067,0.867,5,38,0.037,1281.875,26.125,0.5,2.375
"<a href=""https://tiktok.com/@phuongly.ngo"" target=""_blank"">@phuongly.ngo</a>",14,4,37.667,1,1,6,0,233.25,4.5,0,0
"<a href=""https://tiktok.com/@puruodrdtfq"" target=""_blank"">@puruodrdtfq</a>",11,5,67.5,0.8,1,6,0,819.667,45.833,1.833,0.667
"<a href=""https://tiktok.com/@ribendongzuo00184"" target=""_blank"">@ribendongzuo00184</a>",18,5,50.087,1,2,29,0,513.6,21.2,0,0.6
"<a href=""https://tiktok.com/@ribendongzuo0077"" target=""_blank"">@ribendongzuo0077</a>",18,8,43.179,0.917,3,36,0.011,531,21.875,0.375,0.375
"<a href=""https://tiktok.com/@ribenjuqing152"" target=""_blank"">@ribenjuqing152</a>",18,7,36.25,0.775,2,12,0.005,2466.143,9.286,0.143,1
"<a href=""https://tiktok.com/@rihangaoqing00546"" target=""_blank"">@rihangaoqing00546</a>",18,6,15,0.75,1,6,0,2473.5,14.5,0,0.333
"<a href=""https://tiktok.com/@s_heise214"" target=""_blank"">@s_heise214</a>",18,8,53.841,1,3,27,0,219.625,11.5,0.125,0.5
"<a href=""https://tiktok.com/@smhyynzxe0"" target=""_blank"">@smhyynzxe0</a>",6,12,59.707,0.885,4,42,0,1613.786,143.714,0.214,0.286
"<a href=""https://tiktok.com/@thuvi.hong"" target=""_blank"">@thuvi.hong</a>",15,4,80.833,1,1,6,0,209.5,4.75,0.25,0
"<a href=""https://tiktok.com/@urdri531"" target=""_blank"">@urdri531</a>",18,7,60.858,0.865,6,47,0.009,249.143,9.714,0.143,0.286
"<a href=""https://tiktok.com/@user1306117258437"" target=""_blank"">@user1306117258437</a>",17,3,28.333,1,1,9,0,629.889,25.889,1.667,9.556
"<a href=""https://tiktok.com/@user6231298237740"" target=""_blank"">@user6231298237740</a>",17,3,28.333,1,1,9,0,747.667,65.667,2.333,3
"<a href=""https://tiktok.com/@veisf135"" target=""_blank"">@veisf135</a>",18,10,61.57,0.927,5,44,0.014,337.4,21,0.2,0.5
"<a href=""https://tiktok.com/@verso1770"" target=""_blank"">@verso1770</a>",18,8,72.207,0.971,5,41,0.004,396.25,25.375,0.375,0.25
"<a href=""https://tiktok.com/@veuek344"" target=""_blank"">@veuek344</a>",18,8,69.917,0.944,3,26,0,823.75,9.875,0.125,0.125
"<a href=""https://tiktok.com/@vgdeeh1"" target=""_blank"">@vgdeeh1</a>",3,6,14.75,1,1,8,0,1980.5,127.667,1.167,0.5
"<a href=""https://tiktok.com/@vybao.le"" target=""_blank"">@vybao.le</a>",15,4,80.833,1,1,6,0,315,18.25,0.75,1
"<a href=""https://tiktok.com/@was07252"" target=""_blank"">@was07252</a>",5,2,101.833,0.75,1,6,0,1052.667,118.333,1.556,0.333
"<a href=""https://tiktok.com/@wsss583"" target=""_blank"">@wsss583</a>",12,4,52.833,1,1,6,0,210.75,6,0,1
"<a href=""https://tiktok.com/@x1zu4tmav0"" target=""_blank"">@x1zu4tmav0</a>",7,3,0,0.833,8,60,0,373.333,23,0,0
"<a href=""https://tiktok.com/@xingnang00535"" target=""_blank"">@xingnang00535</a>",20,6,39.878,0.912,4,69,0,3057.333,18.833,0.333,2.833
"<a href=""https://tiktok.com/@xvjdsj5"" target=""_blank"">@xvjdsj5</a>",8,3,40.333,1,1,6,0,445.333,16.333,0.333,0
"<a href=""https://tiktok.com/@yemeigui236"" target=""_blank"">@yemeigui236</a>",19,10,53.817,0.862,4,55,0,535.5,28.1,0.7,1.2
"<a href=""https://tiktok.com/@zhongjiemao536"" target=""_blank"">@zhongjiemao536</a>",20,6,37.239,0.944,4,71,0,3494.667,54.5,2,13.333
