"Network","Number of Accounts","Network Density","Network Diameter","Clustering Coefficient","Avg Views","Avg Likes","Avg Comments","Avg Shares","Member Accounts"
1,4,0.667,13,0.6,2754.636,112.758,1.061,0.636,"aedp27, binhthao616, ludwig.perrault, aedvziocjc"
2,2,1,7,0,2371.143,162.143,1.929,1.5,"jxfjv98, igdz9"
3,2,1,8,0,1647.75,108.5,1.083,0.5,"ongfrt, vgdeeh1"
4,3,1,8,1,2454.5,153.833,1.667,1.167,"aedpv, figbngx, jgd5833"
5,2,1,6,0,1986.083,149.125,1.583,0.375,"huole103, was07252"
6,5,0.9,20,0.875,4621.329,124.714,0.971,0.657,"aaqo8sth89, g4lkgggsn3, auvningjixiang, facsimile5, smhyynzxe0"
7,10,0.689,16,0.798,2686.314,63.314,0.588,0.137,"336per7, 281bsy, 378fire2, 190of2, 337kkk8, 345bm8, 361tui6, haoyun948, niubi5533, x1zu4tmav0"
8,2,1,6,0,294.944,9.778,0.222,0,"xvjdsj5, bdjsbsk4"
9,2,1,16,0,1320.625,98,0.75,0.375,"bdjsxn6, elleigh.anton"
10,2,1,6,0,6825.412,46.647,0.412,0.529,"gdghss35, ciucfyictci"
11,2,1,6,0,759.062,41.938,1.375,0.875,"nxlmhrfgkdowxm, puruodrdtfq"
12,2,1,6,0,179.125,3.625,0,0.5,"jf.gk2, wsss583"
13,3,0.667,12,0,322.538,16.923,0,0.462,"marianacardosolim5, kimvan.nguyen45, gddhd.jffjfj"
14,2,1,6,0,250.375,9.375,0,0,"phuongly.ngo, nhule.le2"
15,2,1,6,0,262.25,11.5,0.5,0.5,"thuvi.hong, vybao.le"
16,3,0.667,12,0,409.429,11.286,1.143,0.714,"ffbs18, kathlyn.kohn, cheryl.pollice"
17,2,1,9,0,659.333,35.833,1.833,7.917,"user1306117258437, user6231298237740"
18,25,0.147,63,0.493,2313.288,39.313,1.131,3.985,"brudo040, h_kp82, ribendongzuo0077, phrjy319, hanguodanren00530, s_heise214, gaobiantui0529, ribendongzuo00184, veisf135, feuwi391, hongshao0193, jeveus00272, urdri531, ieddj160, hfkvg76, ribenjuqing152, crusk361, miantiao00434, danzi00116, feimaotui0385, fanqie0166, celaf436, veuek344, verso1770, rihangaoqing00546"
19,5,1,16,1,3005.042,47.771,0.396,1.042,"feitianmaotai0389, grusf218, heipf273, nangua0569, yemeigui236"
20,5,1,18,1,2625.367,38.967,1.233,7.867,"huimian00321, meijia00245, xingnang00535, laojiekou00127, zhongjiemao536"
21,3,1,9,1,482.333,18.889,0.333,0.333,"cafe.para, choosey031, donpanchis2025"
22,4,1,9,1,10226.818,108.273,0.545,2.818,"9c01bd1c, 8a4fca7f, 8c17de2d, bjcksvwq6ol"
