"Account","Network","Unique Shares","Avg Time Between Shares (sec)","Edge Symmetry Score","Degree","Strength","Betweenness","Avg Views","Avg Likes","Avg Comments","Avg Shares"
"<a href=""https://tiktok.com/@01ff3b9d"" target=""_blank"">@01ff3b9d</a>",12,5,52.35,0.833,1,20,0,31209.8,2565.8,21.8,6.8
"<a href=""https://tiktok.com/@113fee8"" target=""_blank"">@113fee8</a>",2,3,0,1,3,27,0,218.333,8.333,0,0
"<a href=""https://tiktok.com/@168laicai"" target=""_blank"">@168laicai</a>",10,3,54.444,1,1,9,0,1692.667,144.667,0.667,1.667
"<a href=""https://tiktok.com/@2c5a7e40"" target=""_blank"">@2c5a7e40</a>",14,2,34.25,0.8,1,8,0,43902,1739,17.667,10.333
"<a href=""https://tiktok.com/@336per7"" target=""_blank"">@336per7</a>",2,10,5.227,1,3,29,0,994.538,49.692,0.231,0.231
"<a href=""https://tiktok.com/@396ssrt2"" target=""_blank"">@396ssrt2</a>",2,3,0,1,3,27,0,1093.333,87,0,0.667
"<a href=""https://tiktok.com/@3jfofoed"" target=""_blank"">@3jfofoed</a>",4,6,47.625,1,1,8,0,1198.167,79.167,1.5,0.833
"<a href=""https://tiktok.com/@48b27435"" target=""_blank"">@48b27435</a>",14,4,34.25,0.8,1,8,0,474.25,34,0.25,0
"<a href=""https://tiktok.com/@4khuik"" target=""_blank"">@4khuik</a>",4,6,47.625,1,1,8,0,673.833,28.333,0.333,0
"<a href=""https://tiktok.com/@512da71a"" target=""_blank"">@512da71a</a>",15,4,48.95,1,1,20,0,60337.75,1375.25,6.5,3.5
"<a href=""https://tiktok.com/@666xy33"" target=""_blank"">@666xy33</a>",10,3,54.444,1,1,9,0,2734.667,228.667,0.333,0.333
"<a href=""https://tiktok.com/@6726738c"" target=""_blank"">@6726738c</a>",16,5,63.9,0.875,1,10,0,28642.6,1350.2,1,3.4
"<a href=""https://tiktok.com/@879c51b2"" target=""_blank"">@879c51b2</a>",16,4,63.9,0.875,1,10,0,7651.25,395.5,0.75,0
"<a href=""https://tiktok.com/@a3a7ca48"" target=""_blank"">@a3a7ca48</a>",13,5,31.25,0.875,1,20,0,28678.6,2587.8,8.8,4.8
"<a href=""https://tiktok.com/@alept76"" target=""_blank"">@alept76</a>",6,6,11.778,0.667,2,18,0,778.333,34.5,0.833,4.333
"<a href=""https://tiktok.com/@asava557"" target=""_blank"">@asava557</a>",7,4,57.25,1,1,8,0,259.5,17.5,0,0
"<a href=""https://tiktok.com/@asdzxcv486"" target=""_blank"">@asdzxcv486</a>",6,9,27.514,0.709,13,120,0.012,632,22.889,0.444,1.556
"<a href=""https://tiktok.com/@auvningjixiang"" target=""_blank"">@auvningjixiang</a>",3,5,43.444,0.8,1,9,0,694.889,32.111,0.333,0.444
"<a href=""https://tiktok.com/@b252f694"" target=""_blank"">@b252f694</a>",13,4,31.25,0.875,1,20,0,26449,1754,1,3.5
"<a href=""https://tiktok.com/@berez.paulo"" target=""_blank"">@berez.paulo</a>",24,8,44.712,1,2,25,0,966.375,84.625,0.25,0.375
"<a href=""https://tiktok.com/@bf3117"" target=""_blank"">@bf3117</a>",17,7,74,0.833,1,8,0,1117,50.111,10.667,3.444
"<a href=""https://tiktok.com/@bflxt4285"" target=""_blank"">@bflxt4285</a>",5,8,48.3,1,1,10,0,1160.4,82,0.6,0.3
"<a href=""https://tiktok.com/@cafe.para"" target=""_blank"">@cafe.para</a>",9,3,3,1,2,18,0,499.333,26.333,0,0.333
"<a href=""https://tiktok.com/@cc4876a2"" target=""_blank"">@cc4876a2</a>",15,5,68.868,0.9,2,34,0,6036.4,198,0.4,1.4
"<a href=""https://tiktok.com/@chgi830"" target=""_blank"">@chgi830</a>",18,7,83.25,1,1,8,0,1559.778,60.333,0.556,0
"<a href=""https://tiktok.com/@choosey031"" target=""_blank"">@choosey031</a>",9,3,2,1,2,18,0,446,29,0.333,1.333
"<a href=""https://tiktok.com/@ciucfyictci"" target=""_blank"">@ciucfyictci</a>",5,6,48.3,1,1,10,0,725.375,29,0.5,0
"<a href=""https://tiktok.com/@d1a3b64f"" target=""_blank"">@d1a3b64f</a>",12,4,52.35,0.833,1,20,0,12166.5,388.25,0.75,1.25
"<a href=""https://tiktok.com/@david.brayg"" target=""_blank"">@david.brayg</a>",11,3,53.889,0.8,1,9,0,722,32.333,0,0
"<a href=""https://tiktok.com/@dixie.guzman1"" target=""_blank"">@dixie.guzman1</a>",6,6,45.778,0.667,2,18,0,1909.333,58,1.167,8.5
"<a href=""https://tiktok.com/@donpanchis2025"" target=""_blank"">@donpanchis2025</a>",9,3,3,1,2,18,0,776.667,38.333,1,2
"<a href=""https://tiktok.com/@donpenno"" target=""_blank"">@donpenno</a>",19,10,49.511,0.958,4,41,0,2382.5,95.7,0.6,0.4
"<a href=""https://tiktok.com/@dxsc0"" target=""_blank"">@dxsc0</a>",23,4,44.5,1,1,8,0,1299.25,81.5,0.5,0.5
"<a href=""https://tiktok.com/@elaina.hinkle"" target=""_blank"">@elaina.hinkle</a>",6,6,46.5,0.625,2,16,0,733.833,12,1,6.333
"<a href=""https://tiktok.com/@f2618720"" target=""_blank"">@f2618720</a>",24,8,50.5,0.944,2,26,0,754.375,84.75,0.5,0
"<a href=""https://tiktok.com/@f6830a74"" target=""_blank"">@f6830a74</a>",15,4,88.786,0.8,1,14,0,10187.25,510,0.75,3.25
"<a href=""https://tiktok.com/@facsimile5"" target=""_blank"">@facsimile5</a>",3,5,55.923,0.889,1,13,0,604.778,42.556,0,0.222
"<a href=""https://tiktok.com/@febio432"" target=""_blank"">@febio432</a>",19,10,53.415,0.902,6,80,0,2164.9,60.5,0.2,0.2
"<a href=""https://tiktok.com/@fuuif9lzk8"" target=""_blank"">@fuuif9lzk8</a>",17,8,74,0.833,1,8,0,1768,98.7,1.1,1.4
"<a href=""https://tiktok.com/@fz1056"" target=""_blank"">@fz1056</a>",19,9,50.089,0.895,4,42,0,2639.889,56.667,0.333,0.444
"<a href=""https://tiktok.com/@g054162"" target=""_blank"">@g054162</a>",24,8,41.712,0.944,2,27,0,953.75,62,1.375,1.625
"<a href=""https://tiktok.com/@g134494"" target=""_blank"">@g134494</a>",23,4,44.5,1,1,8,0,1353.25,64.25,1,2.25
"<a href=""https://tiktok.com/@gddhd.jffjfj"" target=""_blank"">@gddhd.jffjfj</a>",8,4,49.5,1,3,24,0.001,324,19.75,0,1.5
"<a href=""https://tiktok.com/@gfg6705"" target=""_blank"">@gfg6705</a>",25,8,89.455,0.875,1,11,0,734,77.375,0.375,0.125
"<a href=""https://tiktok.com/@gh.kn98"" target=""_blank"">@gh.kn98</a>",6,6,46.222,0.667,2,18,0,686.167,12.667,0,0.167
"<a href=""https://tiktok.com/@go.n.my"" target=""_blank"">@go.n.my</a>",22,4,56.25,1,1,8,0,1763.75,140.5,0.75,2.75
"<a href=""https://tiktok.com/@h0559795"" target=""_blank"">@h0559795</a>",21,6,57.5,1,1,8,0,1096.5,59,1.167,0
"<a href=""https://tiktok.com/@hehedjwn"" target=""_blank"">@hehedjwn</a>",19,10,40.661,0.939,6,67,0.001,2577.7,99.6,1.2,0.4
"<a href=""https://tiktok.com/@hiers.rickards.ri"" target=""_blank"">@hiers.rickards.ri</a>",6,9,28.546,0.751,13,120,0.012,1247.333,16.556,0.444,1.333
"<a href=""https://tiktok.com/@hjg38205"" target=""_blank"">@hjg38205</a>",21,8,57.5,1,1,8,0,1875,55.7,0.9,0.9
"<a href=""https://tiktok.com/@hukjmin"" target=""_blank"">@hukjmin</a>",6,6,26.778,0.722,2,18,0,834.667,24,0.333,3.5
"<a href=""https://tiktok.com/@huohuohuo665"" target=""_blank"">@huohuohuo665</a>",1,10,52.429,0.833,1,14,0,3914.467,171.533,1.867,0.6
"<a href=""https://tiktok.com/@hv.fh80"" target=""_blank"">@hv.fh80</a>",6,6,27.111,0.722,2,18,0,611.833,30.167,0,2.5
"<a href=""https://tiktok.com/@iopqwer562"" target=""_blank"">@iopqwer562</a>",6,6,17.333,0.667,2,18,0,780,34.333,1.833,2.833
"<a href=""https://tiktok.com/@jcoendb"" target=""_blank"">@jcoendb</a>",20,6,49,1,1,8,0,1936.9,76.7,1.4,0.8
"<a href=""https://tiktok.com/@jf.gk2"" target=""_blank"">@jf.gk2</a>",7,4,57.25,1,1,8,0,334.25,18.5,0,0.25
"<a href=""https://tiktok.com/@jjgg25283"" target=""_blank"">@jjgg25283</a>",19,8,55.763,0.933,4,43,0,2661,65,0.5,0.2
"<a href=""https://tiktok.com/@lawbooths7230"" target=""_blank"">@lawbooths7230</a>",11,3,53.889,0.8,1,9,0,12169.333,866.333,0,3.333
"<a href=""https://tiktok.com/@marianacardosolim5"" target=""_blank"">@marianacardosolim5</a>",8,4,46.375,1,2,16,0,807,61.5,0,2.25
"<a href=""https://tiktok.com/@monalisa7988"" target=""_blank"">@monalisa7988</a>",25,8,89.455,0.875,1,11,0,860.5,76.375,0.5,0.375
"<a href=""https://tiktok.com/@ndehwxt"" target=""_blank"">@ndehwxt</a>",18,8,83.25,1,1,8,0,1387.8,47.2,1.3,0.2
"<a href=""https://tiktok.com/@nhule.le2"" target=""_blank"">@nhule.le2</a>",8,4,56,1,1,8,0,577.75,41,0.25,1.5
"<a href=""https://tiktok.com/@niubi5533"" target=""_blank"">@niubi5533</a>",2,12,5.227,1,3,29,0,1479.077,17.846,0.231,0.077
"<a href=""https://tiktok.com/@octavio.manie"" target=""_blank"">@octavio.manie</a>",6,6,15.556,0.826,2,18,0,826,11.667,0,0.833
"<a href=""https://tiktok.com/@phuongly.ngo"" target=""_blank"">@phuongly.ngo</a>",8,4,45.375,1,2,16,0,450,23.25,0,5.25
"<a href=""https://tiktok.com/@quoc.vu17"" target=""_blank"">@quoc.vu17</a>",6,6,23.222,0.722,2,18,0,742.167,27,0.667,2.5
"<a href=""https://tiktok.com/@rg.rg466"" target=""_blank"">@rg.rg466</a>",6,5,33.25,0.857,2,16,0,2845.4,43.8,0.6,24.2
"<a href=""https://tiktok.com/@saekiryoji"" target=""_blank"">@saekiryoji</a>",6,6,15.333,0.722,2,18,0,14982.667,81,1.167,13.5
"<a href=""https://tiktok.com/@sgccvhyt"" target=""_blank"">@sgccvhyt</a>",22,4,56.25,1,1,8,0,2241,113.5,0.75,0
"<a href=""https://tiktok.com/@smhyynzxe0"" target=""_blank"">@smhyynzxe0</a>",3,6,49.684,0.844,2,22,0,1199.667,111.833,0.667,0
"<a href=""https://tiktok.com/@thv86256"" target=""_blank"">@thv86256</a>",19,9,56.958,0.894,2,28,0,1655.2,40.4,0.2,0.3
"<a href=""https://tiktok.com/@user70562318459968"" target=""_blank"">@user70562318459968</a>",6,6,48.125,0.625,2,16,0,1020.833,59.167,2.333,3.833
"<a href=""https://tiktok.com/@user8291813694079"" target=""_blank"">@user8291813694079</a>",20,6,49,1,1,8,0,1298.875,77.75,0.875,0.25
"<a href=""https://tiktok.com/@wss0307"" target=""_blank"">@wss0307</a>",1,11,52.429,0.833,1,14,0,1645.5,96.857,0.929,0.286
"<a href=""https://tiktok.com/@yhbbechhu"" target=""_blank"">@yhbbechhu</a>",19,9,61.662,0.938,4,51,0,2910.3,60.8,0.7,0.1
