"Account","Network","Unique Shares","Avg Time Between Shares (sec)","Edge Symmetry Score","Degree","Strength","Betweenness","Avg Views","Avg Likes","Avg Comments","Avg Shares"
"<a href=""https://tiktok.com/@1yrogls"" target=""_blank"">@1yrogls</a>",10,8,53.592,0.977,4,47,0,821.818,31.091,0.091,0
"<a href=""https://tiktok.com/@281bsy"" target=""_blank"">@281bsy</a>",8,6,64.8,0.875,1,10,0,712.273,44.727,0.364,0.091
"<a href=""https://tiktok.com/@336per7"" target=""_blank"">@336per7</a>",8,9,57.817,0.938,2,16,0,9600.333,228.833,1.417,1.25
"<a href=""https://tiktok.com/@361tui6"" target=""_blank"">@361tui6</a>",8,12,50.833,1,1,6,0,799.071,52,0.571,0.429
"<a href=""https://tiktok.com/@3jfofoed"" target=""_blank"">@3jfofoed</a>",10,12,55.605,0.95,6,83,0,874.75,39.333,0.667,0.667
"<a href=""https://tiktok.com/@4khuik"" target=""_blank"">@4khuik</a>",10,5,60.462,1,4,26,0.001,3317.8,142.4,0.6,0.6
"<a href=""https://tiktok.com/@aahgfh4"" target=""_blank"">@aahgfh4</a>",11,6,48.833,0.917,2,12,0.002,1529.5,54.667,3.5,10.5
"<a href=""https://tiktok.com/@aaqo8sth89"" target=""_blank"">@aaqo8sth89</a>",7,6,77,1,1,6,0,3785.667,113.333,0.917,0.417
"<a href=""https://tiktok.com/@aedkfufutx"" target=""_blank"">@aedkfufutx</a>",1,5,68.6,1,1,5,0,2118,198.6,0.8,0.6
"<a href=""https://tiktok.com/@ale4j09"" target=""_blank"">@ale4j09</a>",15,5,31.962,1,2,26,0,558.4,27.4,0.2,1.8
"<a href=""https://tiktok.com/@ali147643"" target=""_blank"">@ali147643</a>",14,5,42.228,1,2,25,0,585.6,40.8,1.4,6.4
"<a href=""https://tiktok.com/@ali872400"" target=""_blank"">@ali872400</a>",14,5,44.615,1,2,26,0,579,32.6,1.2,3.2
"<a href=""https://tiktok.com/@alisv867"" target=""_blank"">@alisv867</a>",13,3,43.7,1,2,10,0,245,28.333,0.667,4
"<a href=""https://tiktok.com/@annelie.nuttall"" target=""_blank"">@annelie.nuttall</a>",16,6,49.201,0.983,6,92,0,328.5,15.167,0.5,2.833
"<a href=""https://tiktok.com/@auvningjixiang"" target=""_blank"">@auvningjixiang</a>",9,12,55.478,0.941,1,23,0,1201.667,49.583,0.75,0.333
"<a href=""https://tiktok.com/@bertie.jimenez"" target=""_blank"">@bertie.jimenez</a>",11,5,67.2,0.8,1,5,0,815.833,71,4.833,7
"<a href=""https://tiktok.com/@bxjxhxt"" target=""_blank"">@bxjxhxt</a>",10,10,53.545,0.877,4,54,0,1000.667,61.417,0.5,0.417
"<a href=""https://tiktok.com/@ccjiesi"" target=""_blank"">@ccjiesi</a>",11,6,57.314,0.9,2,12,0.002,790.167,57.833,0.833,12.167
"<a href=""https://tiktok.com/@darlineguerra7"" target=""_blank"">@darlineguerra7</a>",16,5,51.627,0.944,6,79,0,388,13.4,1,1.6
"<a href=""https://tiktok.com/@dawnya_movie"" target=""_blank"">@dawnya_movie</a>",2,6,46.667,0.775,2,12,0,671.714,71.857,0.286,0.714
"<a href=""https://tiktok.com/@demetriusguerrero"" target=""_blank"">@demetriusguerrero</a>",16,6,48.028,0.928,6,93,0,233,8.833,0.833,1.667
"<a href=""https://tiktok.com/@dupgdudu"" target=""_blank"">@dupgdudu</a>",11,4,47.333,1,1,6,0,664,44,2.5,9.5
"<a href=""https://tiktok.com/@facsimile5"" target=""_blank"">@facsimile5</a>",7,10,69,0.938,2,15,0,742.167,48.75,0.833,0.167
"<a href=""https://tiktok.com/@fhgxfty1"" target=""_blank"">@fhgxfty1</a>",16,6,55.42,0.963,6,89,0,447.833,52.333,3.167,9.333
"<a href=""https://tiktok.com/@fortiermaclaurin"" target=""_blank"">@fortiermaclaurin</a>",16,6,51.014,0.981,6,93,0,148.5,4.5,0,0.833
"<a href=""https://tiktok.com/@g4lkgggsn3"" target=""_blank"">@g4lkgggsn3</a>",9,12,55.478,0.941,1,23,0,1330.667,74.917,1,0
"<a href=""https://tiktok.com/@ghhgu10"" target=""_blank"">@ghhgu10</a>",2,6,36.6,0.875,2,11,0,1235.875,57.25,2.875,0.5
"<a href=""https://tiktok.com/@ghigfewlppq"" target=""_blank"">@ghigfewlppq</a>",18,9,40.675,0.929,2,38,0,308,9.222,1.667,5.111
"<a href=""https://tiktok.com/@gmlkh98"" target=""_blank"">@gmlkh98</a>",3,6,77,0.8,1,6,0,2700.857,153,1.429,2.857
"<a href=""https://tiktok.com/@hsbshwgf89v"" target=""_blank"">@hsbshwgf89v</a>",12,4,43.5,0.75,1,6,0,90.25,1.5,0.25,0.5
"<a href=""https://tiktok.com/@huohuohuo665"" target=""_blank"">@huohuohuo665</a>",6,10,34.5,0.833,2,11,0,865.692,67.154,0.846,0.692
"<a href=""https://tiktok.com/@huole103"" target=""_blank"">@huole103</a>",6,9,49,0.667,1,6,0,7738.538,431.538,2.308,2.462
"<a href=""https://tiktok.com/@ihhjhfbbxh.h.b"" target=""_blank"">@ihhjhfbbxh.h.b</a>",14,5,47.304,1,2,25,0,3845.8,83,2.2,9.4
"<a href=""https://tiktok.com/@itsruxt3"" target=""_blank"">@itsruxt3</a>",10,3,47.619,1,3,19,0,194.667,7.667,0,0
"<a href=""https://tiktok.com/@jdjsbs94"" target=""_blank"">@jdjsbs94</a>",10,10,53.423,0.935,5,62,0,448.3,18,0.2,0.1
"<a href=""https://tiktok.com/@jdofj81"" target=""_blank"">@jdofj81</a>",2,6,45.267,0.9,2,11,0,753.25,54.125,0.5,0.375
"<a href=""https://tiktok.com/@kanautf.ahahah"" target=""_blank"">@kanautf.ahahah</a>",12,4,43.5,0.75,1,6,0,88.75,1.75,0,0
"<a href=""https://tiktok.com/@long.arpin"" target=""_blank"">@long.arpin</a>",1,8,38.714,1,2,13,0,1007,144.125,1,0.125
"<a href=""https://tiktok.com/@ludwig.perrault"" target=""_blank"">@ludwig.perrault</a>",1,7,38.114,1,2,12,0,994.625,68.375,0.75,0.375
"<a href=""https://tiktok.com/@lydia.9987"" target=""_blank"">@lydia.9987</a>",1,7,45.8,1,3,16,0.001,861,67.143,0.429,1
"<a href=""https://tiktok.com/@lyla.knudson"" target=""_blank"">@lyla.knudson</a>",16,6,49.125,0.983,6,98,0,399,16.333,0.833,0.667
"<a href=""https://tiktok.com/@natsuki_2222"" target=""_blank"">@natsuki_2222</a>",11,4,84.8,0.9,2,10,0.002,404.25,15.25,0.75,4
"<a href=""https://tiktok.com/@nxpsa4288"" target=""_blank"">@nxpsa4288</a>",10,6,48.538,0.921,6,55,0.002,719.889,39.667,0.111,0.444
"<a href=""https://tiktok.com/@oscarbarber45"" target=""_blank"">@oscarbarber45</a>",15,5,34.423,1,2,26,0,598.4,33,0.2,4.4
"<a href=""https://tiktok.com/@qifei6668886"" target=""_blank"">@qifei6668886</a>",5,6,49.833,0.8,1,6,0,8265.333,372.8,2.333,1.067
"<a href=""https://tiktok.com/@qweaszx8996"" target=""_blank"">@qweaszx8996</a>",11,5,84,0.8,1,5,0,406.8,18.2,0.8,4.2
"<a href=""https://tiktok.com/@raxcg.vuiod"" target=""_blank"">@raxcg.vuiod</a>",13,3,51.5,1,2,10,0,343.333,22.333,0.667,2.333
"<a href=""https://tiktok.com/@santiago.mundy"" target=""_blank"">@santiago.mundy</a>",16,6,56.107,0.928,6,96,0,364.833,20.333,0.833,1
"<a href=""https://tiktok.com/@shdhsb96"" target=""_blank"">@shdhsb96</a>",4,4,46,0.833,1,7,0,1327.2,89,0.6,0.5
"<a href=""https://tiktok.com/@smhyynzxe0"" target=""_blank"">@smhyynzxe0</a>",7,10,61,0.875,1,9,0,1164.083,118.917,0.417,0.417
"<a href=""https://tiktok.com/@user000597728"" target=""_blank"">@user000597728</a>",4,6,46,0.833,1,7,0,3753.8,229.8,1.7,11.1
"<a href=""https://tiktok.com/@user1306117258437"" target=""_blank"">@user1306117258437</a>",17,6,29.444,1,2,18,0,628.5,12.667,1.167,8.667
"<a href=""https://tiktok.com/@user24591086638816"" target=""_blank"">@user24591086638816</a>",19,3,49.139,0.889,3,22,0,679.333,73.667,0,3.333
"<a href=""https://tiktok.com/@user2877848008001"" target=""_blank"">@user2877848008001</a>",18,4,48.445,0.829,2,21,0,237,14,0.4,0.2
"<a href=""https://tiktok.com/@user32913230295256"" target=""_blank"">@user32913230295256</a>",19,3,54.389,0.778,3,21,0,688.667,85.667,0.333,1
"<a href=""https://tiktok.com/@user4014844617445"" target=""_blank"">@user4014844617445</a>",13,4,45.2,1,2,10,0,159.25,9.25,0.25,0.5
"<a href=""https://tiktok.com/@user4196790407825"" target=""_blank"">@user4196790407825</a>",18,9,51.03,0.9,2,37,0,955.111,38.444,5,27.556
"<a href=""https://tiktok.com/@user4731909778"" target=""_blank"">@user4731909778</a>",3,6,77,0.8,1,6,0,498.286,24.857,0.571,0.571
"<a href=""https://tiktok.com/@user611888483009"" target=""_blank"">@user611888483009</a>",19,3,49.597,0.889,3,22,0,556,47,0,1
"<a href=""https://tiktok.com/@user6231298237740"" target=""_blank"">@user6231298237740</a>",17,3,32.778,1,1,9,0,570.667,28,5,16
"<a href=""https://tiktok.com/@user63158601021320"" target=""_blank"">@user63158601021320</a>",17,3,26.111,1,1,9,0,391.333,9.333,1,6.333
"<a href=""https://tiktok.com/@user8142747933813"" target=""_blank"">@user8142747933813</a>",19,3,47.653,1,3,25,0,313,12.333,0,0
"<a href=""https://tiktok.com/@ward.kaley"" target=""_blank"">@ward.kaley</a>",11,6,61.121,0.944,3,18,0.006,928.833,52.667,1.5,6.833
"<a href=""https://tiktok.com/@wss0372"" target=""_blank"">@wss0372</a>",5,8,49.833,0.8,1,6,0,2385,165.692,0.923,0.538
"<a href=""https://tiktok.com/@xh6578"" target=""_blank"">@xh6578</a>",6,6,20,1,1,5,0,1060.167,57,0.833,0.5
"<a href=""https://tiktok.com/@zhichen0193"" target=""_blank"">@zhichen0193</a>",15,5,43,1,2,26,0,944.8,34.6,0.8,1.4
