"Network","Number of Accounts","Network Density","Network Diameter","Clustering Coefficient","Avg Views","Avg Likes","Avg Comments","Avg Shares","Member Accounts"
1,4,0.667,11,0.6,1165.357,112.964,0.75,0.5,"long.arpin, aedkfufutx, ludwig.perrault, lydia.9987"
2,3,1,6,1,896.304,60.609,1.261,0.522,"dawnya_movie, jdofj81, ghhgu10"
3,2,1,6,0,1599.571,88.929,1,1.714,"gmlkh98, user4731909778"
4,2,1,7,0,2540.5,159.4,1.15,5.8,"shdhsb96, user000597728"
5,2,1,6,0,5535.179,276.643,1.679,0.821,"qifei6668886, wss0372"
6,3,0.667,11,0,3694.25,213.281,1.438,1.375,"huohuohuo665, huole103, xh6578"
7,3,0.667,15,0,1897.306,93.667,0.722,0.333,"facsimile5, aaqo8sth89, smhyynzxe0"
8,3,0.667,16,0,3627.73,107.189,0.784,0.595,"336per7, 281bsy, 361tui6"
9,2,1,23,0,1266.167,62.25,0.875,0.167,"auvningjixiang, g4lkgggsn3"
10,7,0.762,17,0.787,962.581,45.532,0.339,0.339,"1yrogls, bxjxhxt, 3jfofoed, 4khuik, itsruxt3, jdjsbs94, nxpsa4288"
11,7,0.286,24,0,829.541,47.162,2.189,7.946,"aahgfh4, bertie.jimenez, dupgdudu, ccjiesi, natsuki_2222, qweaszx8996, ward.kaley"
12,2,1,6,0,89.5,1.625,0.125,0.25,"hsbshwgf89v, kanautf.ahahah"
13,3,1,5,1,240.2,18.9,0.5,2.1,"raxcg.vuiod, alisv867, user4014844617445"
14,3,1,13,1,1670.133,52.133,1.6,6.333,"ali872400, ali147643, ihhjhfbbxh.h.b"
15,3,1,13,1,700.533,31.667,0.4,2.533,"ale4j09, oscarbarber45, zhichen0193"
16,7,1,18,1,328.537,18.829,1.024,2.585,"darlineguerra7, fortiermaclaurin, demetriusguerrero, lyla.knudson, fhgxfty1, annelie.nuttall, santiago.mundy"
17,3,0.667,18,0,554.75,15.667,2.083,9.917,"user1306117258437, user6231298237740, user63158601021320"
18,3,1,21,1,545.783,21.696,2.696,12.826,"ghigfewlppq, user4196790407825, user2877848008001"
19,4,1,9,1,559.25,54.667,0.083,1.333,"user32913230295256, user24591086638816, user611888483009, user8142747933813"
