"Account","Network","Unique Shares","Avg Time Between Shares (sec)","Edge Symmetry Score","Degree","Strength","Betweenness","Avg Views","Avg Likes","Avg Comments","Avg Shares"
"<a href=""https://tiktok.com/@coralmansfieldfkvrmr"" target=""_blank"">@coralmansfieldfkvrmr</a>",3,6,48.611,0.875,1,18,0,376.167,8.167,0,0
"<a href=""https://tiktok.com/@fanfanfan77776"" target=""_blank"">@fanfanfan77776</a>",8,6,35.722,1,1,18,0,309.167,6.667,0,0
"<a href=""https://tiktok.com/@free74313"" target=""_blank"">@free74313</a>",3,6,48.611,0.875,1,18,0,1496.833,27.5,0.5,0.167
"<a href=""https://tiktok.com/@harper.baby232"" target=""_blank"">@harper.baby232</a>",6,6,81.167,1,1,18,0,1651.5,27.667,1.167,1.833
"<a href=""https://tiktok.com/@nabo4991"" target=""_blank"">@nabo4991</a>",2,6,13.722,1,2,36,0,795.833,19,0,0.333
"<a href=""https://tiktok.com/@user15059932353996"" target=""_blank"">@user15059932353996</a>",7,12,55.042,0.87,2,54,0,806.167,36,0,2.083
"<a href=""https://tiktok.com/@user1655672923020"" target=""_blank"">@user1655672923020</a>",1,12,61.173,0.853,4,66,0.01,1231.833,25.417,0.333,0.083
"<a href=""https://tiktok.com/@user30151614570437"" target=""_blank"">@user30151614570437</a>",7,14,64.973,0.958,2,53,0,1049.133,30.467,0.2,2.067
"<a href=""https://tiktok.com/@user3616273133524"" target=""_blank"">@user3616273133524</a>",7,27,64.166,0.865,5,132,0.023,1126.091,33.394,0.121,1.939
"<a href=""https://tiktok.com/@user3840831842583"" target=""_blank"">@user3840831842583</a>",1,12,61.088,0.909,4,99,0,1336.333,26.167,0.083,0.25
"<a href=""https://tiktok.com/@user4967199663697"" target=""_blank"">@user4967199663697</a>",1,9,77.208,0.826,2,35,0,765.364,9.182,0,0
"<a href=""https://tiktok.com/@user5099118408673"" target=""_blank"">@user5099118408673</a>",7,9,56.597,0.893,2,42,0,877.909,25.818,0.091,0.273
"<a href=""https://tiktok.com/@user5423551771909"" target=""_blank"">@user5423551771909</a>",5,9,19.278,1,1,18,0,1016.778,10.556,0.333,0.667
"<a href=""https://tiktok.com/@user7100365175214"" target=""_blank"">@user7100365175214</a>",5,6,19.278,1,1,18,0,974.833,9.333,0.333,0.667
"<a href=""https://tiktok.com/@user710495138178"" target=""_blank"">@user710495138178</a>",1,12,51.875,0.918,3,78,0,1341.333,17.083,0.167,0
"<a href=""https://tiktok.com/@user7406160207374"" target=""_blank"">@user7406160207374</a>",1,12,65.469,0.884,4,87,0.003,607.5,16.75,0.083,0
"<a href=""https://tiktok.com/@user7412241516634"" target=""_blank"">@user7412241516634</a>",4,6,29.111,1,1,18,0,381.167,5.5,0,0.333
"<a href=""https://tiktok.com/@user75291696174110"" target=""_blank"">@user75291696174110</a>",1,12,66.534,0.856,4,75,0.003,1100.833,19.583,0,0
"<a href=""https://tiktok.com/@user7811092734566"" target=""_blank"">@user7811092734566</a>",8,9,35.722,1,1,18,0,565.667,11.556,0,0
"<a href=""https://tiktok.com/@user8067177554078"" target=""_blank"">@user8067177554078</a>",4,6,29.111,1,1,18,0,726.833,13.5,0.167,0.167
"<a href=""https://tiktok.com/@user8178528807367"" target=""_blank"">@user8178528807367</a>",6,6,81.167,1,1,18,0,1010,23.833,0.167,1
"<a href=""https://tiktok.com/@user8600005759563"" target=""_blank"">@user8600005759563</a>",7,30,68.938,0.874,3,108,0,625.273,24.636,0.061,0.485
"<a href=""https://tiktok.com/@user87304845050708"" target=""_blank"">@user87304845050708</a>",1,11,58.735,0.83,5,104,0.01,599.909,7.455,0.091,0
"<a href=""https://tiktok.com/@user94751766994351"" target=""_blank"">@user94751766994351</a>",7,13,77.873,0.822,2,47,0,675.929,19.143,0.143,0.5
"<a href=""https://tiktok.com/@weem026"" target=""_blank"">@weem026</a>",2,9,13.389,1,2,36,0,982.333,13.667,0,0
"<a href=""https://tiktok.com/@xinqi58"" target=""_blank"">@xinqi58</a>",2,6,13.556,1,2,36,0,803.667,18.833,0,0
