"Account","Network","Unique Shares","Avg Time Between Shares (sec)","Edge Symmetry Score","Degree","Strength","Betweenness","Avg Views","Avg Likes","Avg Comments","Avg Shares"
"<a href=""https://tiktok.com/@jeffrey.dorothy"" target=""_blank"">@jeffrey.dorothy</a>",8,6,55.071,0.875,1,14,0,1165.167,7.333,0,0.333
"<a href=""https://tiktok.com/@nene37839"" target=""_blank"">@nene37839</a>",1,6,44.944,1,1,18,0,473.833,7.167,0,0
"<a href=""https://tiktok.com/@user11504181329233"" target=""_blank"">@user11504181329233</a>",10,5,39.567,0.857,1,30,0,773.308,11.231,0,0
"<a href=""https://tiktok.com/@user11737233435531"" target=""_blank"">@user11737233435531</a>",6,4,26.25,1,2,32,0,843.25,9.25,0,0.25
"<a href=""https://tiktok.com/@user1226598305981"" target=""_blank"">@user1226598305981</a>",2,5,71.308,0.833,1,13,0,1153,24.5,0,0.333
"<a href=""https://tiktok.com/@user1392538538860"" target=""_blank"">@user1392538538860</a>",3,12,47.029,0.817,2,29,0,2629.167,24.667,0.333,0.333
"<a href=""https://tiktok.com/@user1655672923020"" target=""_blank"">@user1655672923020</a>",4,22,64.397,0.932,5,167,0,1094.259,24.185,0.148,0.074
"<a href=""https://tiktok.com/@user2145366260069"" target=""_blank"">@user2145366260069</a>",10,9,71.696,0.926,3,55,0.01,656.889,7.222,0,0
"<a href=""https://tiktok.com/@user2191900675606"" target=""_blank"">@user2191900675606</a>",10,12,86.073,0.976,3,97,0,679.333,12.867,0,0
"<a href=""https://tiktok.com/@user227042611142"" target=""_blank"">@user227042611142</a>",3,12,61.102,0.809,2,38,0,2618.667,30.667,0.167,0.417
"<a href=""https://tiktok.com/@user2704030629623"" target=""_blank"">@user2704030629623</a>",2,6,71.308,0.833,1,13,0,1262.333,9.5,0.167,0
"<a href=""https://tiktok.com/@user29329940836618"" target=""_blank"">@user29329940836618</a>",10,9,94.421,0.778,1,19,0,795.667,10.778,0,0.111
"<a href=""https://tiktok.com/@user41678524977276"" target=""_blank"">@user41678524977276</a>",5,4,34.727,1,3,33,0,1810.333,3.167,0.167,0
"<a href=""https://tiktok.com/@user4193960130928"" target=""_blank"">@user4193960130928</a>",11,18,28,0.929,1,48,0,983.278,22.889,0.278,0.5
"<a href=""https://tiktok.com/@user469251006613"" target=""_blank"">@user469251006613</a>",9,6,24.778,1,1,18,0,955.167,13.667,0,0
"<a href=""https://tiktok.com/@user4870556904383"" target=""_blank"">@user4870556904383</a>",10,12,65.455,0.865,3,123,0,432.067,5.867,0,0
"<a href=""https://tiktok.com/@user49141232079402"" target=""_blank"">@user49141232079402</a>",11,22,28,0.929,1,48,0,859.481,16.037,0.259,0.444
"<a href=""https://tiktok.com/@user4967199663697"" target=""_blank"">@user4967199663697</a>",4,24,63.965,0.958,5,172,0,6379.615,151.615,0.654,0.923
"<a href=""https://tiktok.com/@user5561877326330"" target=""_blank"">@user5561877326330</a>",9,6,24.778,1,1,18,0,1226.833,17.833,0,0
"<a href=""https://tiktok.com/@user56221436997607"" target=""_blank"">@user56221436997607</a>",7,4,30.938,0.929,2,32,0,1124,16.75,0,0
"<a href=""https://tiktok.com/@user6036140945556"" target=""_blank"">@user6036140945556</a>",6,4,25.812,1,2,32,0,691.5,8,0.25,0
"<a href=""https://tiktok.com/@user6114100612194"" target=""_blank"">@user6114100612194</a>",6,4,26.438,1,2,32,0,310.25,1.75,0,0
"<a href=""https://tiktok.com/@user6222824133704"" target=""_blank"">@user6222824133704</a>",10,3,69.778,0.556,3,60,0.016,575,10,0,0
"<a href=""https://tiktok.com/@user6637918466150"" target=""_blank"">@user6637918466150</a>",5,6,32.58,1,3,39,0,1834.667,7.167,0,0.167
"<a href=""https://tiktok.com/@user6787669206738"" target=""_blank"">@user6787669206738</a>",10,3,39.5,0.833,2,60,0,536.833,13.333,0,0
"<a href=""https://tiktok.com/@user710495138178"" target=""_blank"">@user710495138178</a>",4,29,69.536,0.921,5,229,0,9362.533,258.367,1.933,1.3
"<a href=""https://tiktok.com/@user7406160207374"" target=""_blank"">@user7406160207374</a>",4,29,60.72,0.912,5,216,0,1132.966,33.724,0.103,0.276
"<a href=""https://tiktok.com/@user75291696174110"" target=""_blank"">@user75291696174110</a>",4,26,64.241,0.874,5,208,0,1147.889,20.593,0,0.148
"<a href=""https://tiktok.com/@user7910082192187"" target=""_blank"">@user7910082192187</a>",10,12,71.272,0.798,4,76,0.024,793.467,7.733,0,0
"<a href=""https://tiktok.com/@user80619153627443"" target=""_blank"">@user80619153627443</a>",1,6,44.944,1,1,18,0,650.833,5.667,0,0
"<a href=""https://tiktok.com/@user8123449486197"" target=""_blank"">@user8123449486197</a>",7,4,30.562,0.929,2,32,0,1501.75,36.25,0,0
"<a href=""https://tiktok.com/@user8347987166006"" target=""_blank"">@user8347987166006</a>",3,9,60.381,0.826,2,35,0,386.333,7.889,0,0.222
"<a href=""https://tiktok.com/@user8488655302757"" target=""_blank"">@user8488655302757</a>",5,6,33.147,1,3,39,0,1288.833,7.667,0,0
"<a href=""https://tiktok.com/@user87304845050708"" target=""_blank"">@user87304845050708</a>",4,26,57.301,0.888,5,226,0,595.517,11.517,0.034,0.103
"<a href=""https://tiktok.com/@user9401074051479"" target=""_blank"">@user9401074051479</a>",7,4,32.875,0.857,2,32,0,398.5,5.5,0,0.75
"<a href=""https://tiktok.com/@user95069396171181"" target=""_blank"">@user95069396171181</a>",5,6,32.238,1,3,39,0,15894.5,21.167,0.667,1.167
"<a href=""https://tiktok.com/@wwzzaaq837"" target=""_blank"">@wwzzaaq837</a>",8,5,55.071,0.875,1,14,0,3264.167,19.5,0,0
