"Account","Network","Unique Shares","Avg Time Between Shares (sec)","Edge Symmetry Score","Degree","Strength","Betweenness","Avg Views","Avg Likes","Avg Comments","Avg Shares"
"<a href=""https://tiktok.com/@01k4d70"" target=""_blank"">@01k4d70</a>",59,5,55.933,1,3,16,0,7036.286,178.429,4,2.571
"<a href=""https://tiktok.com/@3buenynx"" target=""_blank"">@3buenynx</a>",58,5,67.8,1,1,5,0,2078,51.333,0.5,0.667
"<a href=""https://tiktok.com/@670xiaiqing"" target=""_blank"">@670xiaiqing</a>",26,4,78,1,1,10,0,268,15.25,0,1
"<a href=""https://tiktok.com/@79z4nq6"" target=""_blank"">@79z4nq6</a>",58,6,61.6,0.8,1,5,0,560,29.833,0,0.333
"<a href=""https://tiktok.com/@8znh4ap"" target=""_blank"">@8znh4ap</a>",59,6,85.881,0.917,2,13,0,904.857,35.286,0,1
"<a href=""https://tiktok.com/@abd.aziz1329"" target=""_blank"">@abd.aziz1329</a>",52,5,55.4,1,3,15,0,3027.5,111.667,3,2.333
"<a href=""https://tiktok.com/@abd.aziz9083"" target=""_blank"">@abd.aziz9083</a>",20,6,74.5,0.875,2,14,0,330,9.833,0,0
"<a href=""https://tiktok.com/@abdaziz2128"" target=""_blank"">@abdaziz2128</a>",18,5,53.4,1,1,5,0,1313,40.4,0.6,0
"<a href=""https://tiktok.com/@abdaziz6036"" target=""_blank"">@abdaziz6036</a>",12,6,53,1,1,6,0,1038.778,32.222,2,4.111
"<a href=""https://tiktok.com/@abdfgvxdy"" target=""_blank"">@abdfgvxdy</a>",14,6,83.6,0.8,1,5,0,1038.111,23.889,0.778,1.556
"<a href=""https://tiktok.com/@abjjvt"" target=""_blank"">@abjjvt</a>",62,3,68.333,1,1,9,0,872.667,52,0,1
"<a href=""https://tiktok.com/@aed.is.oapxjd"" target=""_blank"">@aed.is.oapxjd</a>",54,8,34.8,1,1,5,0,1382.875,62.625,0.375,0.875
"<a href=""https://tiktok.com/@aed0421"" target=""_blank"">@aed0421</a>",12,4,66.2,0.75,1,5,0,510,31.5,0.75,0.5
"<a href=""https://tiktok.com/@aed12495"" target=""_blank"">@aed12495</a>",11,5,58.4,1,1,5,0,1158.6,36.7,1.6,0.3
"<a href=""https://tiktok.com/@aed1729"" target=""_blank"">@aed1729</a>",17,5,34.167,0.8,1,6,0,2931.8,151.2,3.6,2.4
"<a href=""https://tiktok.com/@aed3326"" target=""_blank"">@aed3326</a>",17,5,34.167,0.8,1,6,0,1210,54.2,1.4,4.2
"<a href=""https://tiktok.com/@aed5430"" target=""_blank"">@aed5430</a>",16,5,49.667,0.8,1,6,0,8251.4,157.4,2.6,2
"<a href=""https://tiktok.com/@aed5c8"" target=""_blank"">@aed5c8</a>",12,5,59.6,0.875,2,11,0,1039.375,108.5,0.75,0.5
"<a href=""https://tiktok.com/@aed8562"" target=""_blank"">@aed8562</a>",18,6,53.4,1,1,5,0,1086.833,85.5,0.333,3
"<a href=""https://tiktok.com/@aed9321"" target=""_blank"">@aed9321</a>",14,6,83.6,0.8,1,5,0,1465.444,84.778,1.889,0.667
"<a href=""https://tiktok.com/@aeda1689"" target=""_blank"">@aeda1689</a>",29,4,64.8,1,1,5,0,27195.75,109,1.75,8.5
"<a href=""https://tiktok.com/@aedbr6"" target=""_blank"">@aedbr6</a>",16,6,49.667,0.8,1,6,0,984.167,29.667,0.667,0.333
"<a href=""https://tiktok.com/@aedfkofhf"" target=""_blank"">@aedfkofhf</a>",54,7,34.8,1,1,5,0,1471.143,83.286,1.143,0.857
"<a href=""https://tiktok.com/@aedhdjcocj"" target=""_blank"">@aedhdjcocj</a>",20,6,51.25,1,2,16,0,315.333,14.667,0,0
"<a href=""https://tiktok.com/@aediubt"" target=""_blank"">@aediubt</a>",53,6,63,1,4,21,0,3252.167,134,1.333,1.5
"<a href=""https://tiktok.com/@aedyckctu"" target=""_blank"">@aedyckctu</a>",19,6,70.621,0.824,4,27,0,3657.667,140,0.667,0.5
"<a href=""https://tiktok.com/@ammcgpo"" target=""_blank"">@ammcgpo</a>",76,7,33.5,0.75,1,6,0,562,27.571,0,0.571
"<a href=""https://tiktok.com/@anaxagoras.harlen"" target=""_blank"">@anaxagoras.harlen</a>",19,6,67.275,0.774,2,18,0,8258,216.667,1.667,4.667
"<a href=""https://tiktok.com/@aodidi148"" target=""_blank"">@aodidi148</a>",47,6,72.875,0.889,3,24,0,5946.429,123,4.143,1.143
"<a href=""https://tiktok.com/@aueh7133"" target=""_blank"">@aueh7133</a>",68,3,86.5,1,3,26,0,274.667,10,0.667,0
"<a href=""https://tiktok.com/@b_baoma154"" target=""_blank"">@b_baoma154</a>",46,6,64.681,0.933,3,20,0,1038.5,33.5,0.625,0.25
"<a href=""https://tiktok.com/@b_jiaofu134"" target=""_blank"">@b_jiaofu134</a>",44,8,29,0.857,1,10,0,1754,31.625,0.25,3.875
"<a href=""https://tiktok.com/@b_vtost109"" target=""_blank"">@b_vtost109</a>",47,7,51.354,0.767,3,25,0,9333,114.5,7.25,68.375
"<a href=""https://tiktok.com/@baomama125"" target=""_blank"">@baomama125</a>",45,6,60.5,0.833,1,6,0,9272.875,203.25,2.75,3
"<a href=""https://tiktok.com/@bate.hynda"" target=""_blank"">@bate.hynda</a>",30,4,28.333,1,1,6,0,56954.75,431,2.75,7.5
"<a href=""https://tiktok.com/@bdbdchhd"" target=""_blank"">@bdbdchhd</a>",4,6,47.5,0.842,5,48,0,809.333,50.5,0.167,1
"<a href=""https://tiktok.com/@bffb2489"" target=""_blank"">@bffb2489</a>",73,3,107.333,1,1,6,0,1603.667,126.333,1,5
"<a href=""https://tiktok.com/@bfihc"" target=""_blank"">@bfihc</a>",13,6,66.048,1,3,22,0,1920.167,58.167,0.333,0.5
"<a href=""https://tiktok.com/@bidk111"" target=""_blank"">@bidk111</a>",79,7,55.143,1,1,7,0,768.75,25,0.5,0.75
"<a href=""https://tiktok.com/@bipiqo"" target=""_blank"">@bipiqo</a>",63,3,82.522,0.778,3,20,0,706.333,17,0,0
"<a href=""https://tiktok.com/@bivydu"" target=""_blank"">@bivydu</a>",6,3,50.2,1,1,5,0,1404.667,55,1,1.667
"<a href=""https://tiktok.com/@bmc12655"" target=""_blank"">@bmc12655</a>",5,10,55.439,0.914,6,41,0,933.8,38.5,0.1,0.4
"<a href=""https://tiktok.com/@bsbseuo"" target=""_blank"">@bsbseuo</a>",39,4,53.1,1,2,10,0,49131.5,959.5,6.5,18.25
"<a href=""https://tiktok.com/@bvoo3130"" target=""_blank"">@bvoo3130</a>",65,3,62.667,1,2,18,0,814,22,0,0
"<a href=""https://tiktok.com/@c_pegif193"" target=""_blank"">@c_pegif193</a>",44,6,76.4,1,1,5,0,37006.125,411,3,2.25
"<a href=""https://tiktok.com/@cagnhd"" target=""_blank"">@cagnhd</a>",39,3,59.7,1,2,10,0,6368.25,231.75,2.25,4.25
"<a href=""https://tiktok.com/@cdjhhhg"" target=""_blank"">@cdjhhhg</a>",79,8,54.238,1,2,13,0,1004.125,31.625,0,0
"<a href=""https://tiktok.com/@chantalkusch"" target=""_blank"">@chantalkusch</a>",27,6,52.426,0.943,7,55,0,282701.833,8209.167,7.5,44.167
"<a href=""https://tiktok.com/@chhvtdy"" target=""_blank"">@chhvtdy</a>",27,6,59.333,0.917,2,14,0,908.167,78.5,0.5,1.333
"<a href=""https://tiktok.com/@cipk.jpgb"" target=""_blank"">@cipk.jpgb</a>",80,6,43.667,1,1,9,0,421.125,14.5,0,0
"<a href=""https://tiktok.com/@cirila.mccorkle"" target=""_blank"">@cirila.mccorkle</a>",19,5,101.4,1,1,5,0,2519.2,37.6,0.4,1
"<a href=""https://tiktok.com/@cjire9104"" target=""_blank"">@cjire9104</a>",69,3,58.542,1,4,35,0,1181,91.667,0.333,0.667
"<a href=""https://tiktok.com/@cjirr8920"" target=""_blank"">@cjirr8920</a>",71,3,57.5,1,2,18,0,726.667,28,0.333,0
"<a href=""https://tiktok.com/@cjitr2086"" target=""_blank"">@cjitr2086</a>",66,3,64.222,1,3,27,0,4233.667,48.333,0.667,0.667
"<a href=""https://tiktok.com/@cjur6297"" target=""_blank"">@cjur6297</a>",74,3,46.333,1,1,9,0,903.333,96.667,0.667,0.333
"<a href=""https://tiktok.com/@ckir91022"" target=""_blank"">@ckir91022</a>",68,3,59.778,1,3,27,0,281,5,0,0
"<a href=""https://tiktok.com/@coicbf"" target=""_blank"">@coicbf</a>",20,6,52.667,0.917,3,22,0,2540.333,72.833,1.333,1.667
"<a href=""https://tiktok.com/@courr1227"" target=""_blank"">@courr1227</a>",72,3,65.778,1,3,27,0,1285.667,40.333,0.333,0.333
"<a href=""https://tiktok.com/@crtyougo"" target=""_blank"">@crtyougo</a>",41,4,30.289,0.925,6,32,0,1893.5,80.75,3,0.25
"<a href=""https://tiktok.com/@cutedriver120"" target=""_blank"">@cutedriver120</a>",77,10,73.958,0.775,2,26,0,176.192,17.269,1.5,0.115
"<a href=""https://tiktok.com/@cutequeen_driver120"" target=""_blank"">@cutequeen_driver120</a>",77,14,82.66,0.85,3,39,0,193.71,22.032,3.419,1.323
"<a href=""https://tiktok.com/@d_odbeu124"" target=""_blank"">@d_odbeu124</a>",46,6,70,0.867,3,17,0,1441.625,21.625,1.125,1.375
"<a href=""https://tiktok.com/@dayutoureddit"" target=""_blank"">@dayutoureddit</a>",6,3,60.383,0.775,2,11,0,1016.75,39,1.5,0.75
"<a href=""https://tiktok.com/@dccxsaop"" target=""_blank"">@dccxsaop</a>",76,8,58.777,0.929,2,15,0,365.25,16.875,0.125,0.25
"<a href=""https://tiktok.com/@debran.oxonrp86"" target=""_blank"">@debran.oxonrp86</a>",30,4,28.333,1,1,6,0,26105.5,125.25,1,1.25
"<a href=""https://tiktok.com/@dhcdyh"" target=""_blank"">@dhcdyh</a>",15,6,39.5,1,1,8,0,684.833,23.333,0.333,3
"<a href=""https://tiktok.com/@dhhi6645"" target=""_blank"">@dhhi6645</a>",66,3,63.167,1,2,18,0,477,28.333,0.667,0.333
"<a href=""https://tiktok.com/@dhhtf74"" target=""_blank"">@dhhtf74</a>",53,6,55,1,2,10,0,2437,70.667,2.167,1.5
"<a href=""https://tiktok.com/@dhut98545"" target=""_blank"">@dhut98545</a>",22,5,60.167,1,1,6,0,1203.2,53.6,0.4,0.6
"<a href=""https://tiktok.com/@dijx3903"" target=""_blank"">@dijx3903</a>",65,3,53.222,1,3,27,0,728.333,18,0,0
"<a href=""https://tiktok.com/@djskgikeejk8"" target=""_blank"">@djskgikeejk8</a>",4,9,52.687,0.897,6,64,0,699.778,15,0.333,0.111
"<a href=""https://tiktok.com/@dolloff042"" target=""_blank"">@dolloff042</a>",26,4,78,1,1,10,0,569,17,0.25,2.25
"<a href=""https://tiktok.com/@dqrbmytb"" target=""_blank"">@dqrbmytb</a>",80,5,58.033,0.875,2,14,0,397.8,8.2,0,0
"<a href=""https://tiktok.com/@dtbtcc8"" target=""_blank"">@dtbtcc8</a>",61,3,68.889,0.711,3,20,0,2031.667,28.667,0,0
"<a href=""https://tiktok.com/@dtkwod"" target=""_blank"">@dtkwod</a>",39,4,74,1,2,10,0,1394.25,59.5,0.75,1
"<a href=""https://tiktok.com/@dutiutx"" target=""_blank"">@dutiutx</a>",27,6,52.307,0.943,6,47,0,1628.5,45.167,0.333,0
"<a href=""https://tiktok.com/@dvnedc"" target=""_blank"">@dvnedc</a>",15,6,39.5,1,1,8,0,617.5,27.667,0.667,0.5
"<a href=""https://tiktok.com/@echo20826"" target=""_blank"">@echo20826</a>",60,3,95.333,1,1,9,0,551.667,9.667,1.667,0
"<a href=""https://tiktok.com/@ehgw1916"" target=""_blank"">@ehgw1916</a>",69,3,76.25,1,2,17,0,1059,19.333,0,0
"<a href=""https://tiktok.com/@eiwv9484"" target=""_blank"">@eiwv9484</a>",71,3,58.167,1,2,18,0,1200.667,96,0.667,1.333
"<a href=""https://tiktok.com/@eodn8506"" target=""_blank"">@eodn8506</a>",71,3,41.5,1,2,18,0,867,48,0,0.667
"<a href=""https://tiktok.com/@eqmhqf"" target=""_blank"">@eqmhqf</a>",61,3,42.75,0.833,2,15,0,968,23,0.333,0.333
"<a href=""https://tiktok.com/@etfs6724"" target=""_blank"">@etfs6724</a>",67,3,30.667,1,1,9,0,309,14.333,0,0
"<a href=""https://tiktok.com/@f_baomm324"" target=""_blank"">@f_baomm324</a>",44,7,52.7,0.929,2,15,0,589.143,21.143,0,0.714
"<a href=""https://tiktok.com/@f_kebsu024"" target=""_blank"">@f_kebsu024</a>",46,8,50.628,0.92,5,40,0,4832.75,87.625,2.25,3
"<a href=""https://tiktok.com/@fach.tiou"" target=""_blank"">@fach.tiou</a>",78,6,81.5,1,2,10,0,560,20.167,0.167,1.5
"<a href=""https://tiktok.com/@fatal2380"" target=""_blank"">@fatal2380</a>",33,3,68.4,1,1,5,0,1285,65.25,0.25,1.25
"<a href=""https://tiktok.com/@fauy8466"" target=""_blank"">@fauy8466</a>",25,4,54.083,0.875,2,14,0,2932.833,76.167,1.5,3.167
"<a href=""https://tiktok.com/@fbvxzook"" target=""_blank"">@fbvxzook</a>",76,7,42.979,0.929,2,14,0,1012.857,42.571,0.286,0.429
"<a href=""https://tiktok.com/@fdijc3"" target=""_blank"">@fdijc3</a>",5,10,47.837,0.915,6,43,0,1645.3,78.2,0.6,1
"<a href=""https://tiktok.com/@fecbgf"" target=""_blank"">@fecbgf</a>",55,8,33.2,1,1,5,0,120311.375,5913.5,24.25,86.25
"<a href=""https://tiktok.com/@fengtiantian65"" target=""_blank"">@fengtiantian65</a>",49,7,49.492,0.889,3,26,0,1672,23.143,0.571,0.286
"<a href=""https://tiktok.com/@fhda78402"" target=""_blank"">@fhda78402</a>",65,3,53.222,1,3,27,0,324.667,3,0,0
"<a href=""https://tiktok.com/@fhvdet"" target=""_blank"">@fhvdet</a>",55,5,33.2,1,1,5,0,2017.6,51.6,0.2,1
"<a href=""https://tiktok.com/@ficeuoo"" target=""_blank"">@ficeuoo</a>",37,4,60.429,1,1,7,0,1356.75,79.5,1.75,6.25
"<a href=""https://tiktok.com/@fiir2712"" target=""_blank"">@fiir2712</a>",66,3,83.667,1,2,18,0,358.667,15.667,0,0
"<a href=""https://tiktok.com/@fiur8444"" target=""_blank"">@fiur8444</a>",74,3,46.333,1,1,9,0,2628.667,81.333,0.333,0.667
"<a href=""https://tiktok.com/@fiutfvjj"" target=""_blank"">@fiutfvjj</a>",19,6,70.15,0.833,2,18,0,1132.167,65.167,0,0.667
"<a href=""https://tiktok.com/@fjggds0808"" target=""_blank"">@fjggds0808</a>",24,6,62.4,1,1,5,0,1147.143,48.857,0.857,2.571
"<a href=""https://tiktok.com/@fjgr86434"" target=""_blank"">@fjgr86434</a>",21,6,83,1,1,6,0,716.5,32.833,0,0.667
"<a href=""https://tiktok.com/@fjjgdvx"" target=""_blank"">@fjjgdvx</a>",38,4,76,0.75,1,5,0,2680.25,122,1,3.75
"<a href=""https://tiktok.com/@fjvfjk4"" target=""_blank"">@fjvfjk4</a>",10,7,79,1,1,5,0,27474.714,733.286,3.571,4.143
"<a href=""https://tiktok.com/@fkir2290"" target=""_blank"">@fkir2290</a>",66,3,70.833,1,4,36,0,339.667,8.667,0.333,0
"<a href=""https://tiktok.com/@fnnf8890"" target=""_blank"">@fnnf8890</a>",72,3,65.139,1,3,26,0,1067.667,75.667,0.333,0.667
"<a href=""https://tiktok.com/@francine.smarrell74"" target=""_blank"">@francine.smarrell74</a>",3,4,22.5,0.75,1,6,0,536,8,0.25,0
"<a href=""https://tiktok.com/@frdg25"" target=""_blank"">@frdg25</a>",6,4,54.379,0.887,4,25,0,4434.75,225.25,3.75,14.75
"<a href=""https://tiktok.com/@fuddg743"" target=""_blank"">@fuddg743</a>",21,6,75.1,1,2,11,0,1970.5,54.667,0.833,0.5
"<a href=""https://tiktok.com/@fughf21"" target=""_blank"">@fughf21</a>",5,10,59.391,0.866,6,48,0,1782.1,135.7,0.4,1.6
"<a href=""https://tiktok.com/@gckcj4"" target=""_blank"">@gckcj4</a>",13,6,51.444,0.933,3,20,0,1493.667,27.667,0.167,0.833
"<a href=""https://tiktok.com/@geujcc"" target=""_blank"">@geujcc</a>",23,6,75.8,1,2,10,0,2567,141.143,1.714,1.714
"<a href=""https://tiktok.com/@ggdthij"" target=""_blank"">@ggdthij</a>",4,9,43.482,0.854,6,52,0,751.111,35.111,2,8.111
"<a href=""https://tiktok.com/@ggycyxr"" target=""_blank"">@ggycyxr</a>",8,4,47.1,0.817,2,11,0,740,50.5,0.75,0.5
"<a href=""https://tiktok.com/@ghhj8554"" target=""_blank"">@ghhj8554</a>",64,3,30,0.667,1,6,0,3848.667,88.667,0.333,0.333
"<a href=""https://tiktok.com/@gjguq6894"" target=""_blank"">@gjguq6894</a>",72,3,69.5,1,2,18,0,1940.333,105,1.333,1.667
"<a href=""https://tiktok.com/@gjus6238"" target=""_blank"">@gjus6238</a>",70,3,94,1,1,9,0,713.667,26,0.333,0
"<a href=""https://tiktok.com/@gksdtirevb"" target=""_blank"">@gksdtirevb</a>",56,2,53.4,1,1,5,0,523.667,33,0.333,0.667
"<a href=""https://tiktok.com/@gour2295"" target=""_blank"">@gour2295</a>",69,3,53,1,3,27,0,494.667,27.333,0.333,0
"<a href=""https://tiktok.com/@grukc02"" target=""_blank"">@grukc02</a>",23,6,55,1,1,5,0,3789.333,153.333,2.5,1.333
"<a href=""https://tiktok.com/@gsdk5125"" target=""_blank"">@gsdk5125</a>",28,5,51.444,0.857,1,9,0,0,0,0.2,0
"<a href=""https://tiktok.com/@gskgu2"" target=""_blank"">@gskgu2</a>",75,4,66.298,0.9,2,13,0,3356.571,105.714,2.714,1
"<a href=""https://tiktok.com/@gskpccbd"" target=""_blank"">@gskpccbd</a>",13,6,51.5,1,2,14,0,1302,46.167,0.333,0.667
"<a href=""https://tiktok.com/@gsufb86"" target=""_blank"">@gsufb86</a>",23,6,63.3,1,2,10,0,1308.714,26.571,0.143,1.714
"<a href=""https://tiktok.com/@guanyu1990"" target=""_blank"">@guanyu1990</a>",48,8,56.471,0.886,3,18,0,1819.25,63.375,1.75,4.625
"<a href=""https://tiktok.com/@guerin.ontiverok"" target=""_blank"">@guerin.ontiverok</a>",33,3,68.4,1,1,5,0,46274.75,759.75,56.25,13.5
"<a href=""https://tiktok.com/@gxicofj"" target=""_blank"">@gxicofj</a>",10,7,72.9,1,2,10,0,1336.429,72.429,1.143,0.857
"<a href=""https://tiktok.com/@gytsy8683"" target=""_blank"">@gytsy8683</a>",28,5,51.444,0.857,1,9,0,0,0,1.4,0
"<a href=""https://tiktok.com/@h_kp82"" target=""_blank"">@h_kp82</a>",46,8,69.542,0.9,2,14,0,1273.75,32.5,0.25,0.125
"<a href=""https://tiktok.com/@h_lehdi127"" target=""_blank"">@h_lehdi127</a>",46,8,49.234,0.933,3,26,0,25090,201.75,4.5,5
"<a href=""https://tiktok.com/@hcodifb"" target=""_blank"">@hcodifb</a>",5,8,35.167,1,2,11,0,968.3,44.3,0.4,0.4
"<a href=""https://tiktok.com/@hdhxg847"" target=""_blank"">@hdhxg847</a>",23,5,55.5,1,2,10,0,1410.2,44,0.2,2.6
"<a href=""https://tiktok.com/@hdididh8"" target=""_blank"">@hdididh8</a>",27,6,65.624,0.877,5,32,0,1709.167,111.167,1.333,0.333
"<a href=""https://tiktok.com/@hdifhg5"" target=""_blank"">@hdifhg5</a>",5,10,54.882,0.862,7,50,0,3926.7,245.9,2.8,28.8
"<a href=""https://tiktok.com/@hdkcofh"" target=""_blank"">@hdkcofh</a>",27,6,50.357,0.971,7,52,0,539.333,19.833,0.833,0.333
"<a href=""https://tiktok.com/@hdr86575"" target=""_blank"">@hdr86575</a>",25,4,50.5,1,2,16,0,2888.25,47.25,0.75,0.25
"<a href=""https://tiktok.com/@hdryxd"" target=""_blank"">@hdryxd</a>",41,3,40.575,0.95,4,21,0,4847,183,3.333,4
"<a href=""https://tiktok.com/@hec88551nva"" target=""_blank"">@hec88551nva</a>",75,5,64.825,0.9,2,16,0,7798,258.5,4.833,2.167
"<a href=""https://tiktok.com/@hehs5037"" target=""_blank"">@hehs5037</a>",67,3,30.667,1,1,9,0,579.333,29.667,0,0
"<a href=""https://tiktok.com/@hffrr976575"" target=""_blank"">@hffrr976575</a>",25,4,80,1,1,5,0,647.5,12.5,0,0.25
"<a href=""https://tiktok.com/@hfigi61"" target=""_blank"">@hfigi61</a>",52,6,55.917,1,2,11,0,7110.167,112.833,5.5,3.667
"<a href=""https://tiktok.com/@hgfryj8745"" target=""_blank"">@hgfryj8745</a>",22,6,60.167,1,1,6,0,1006,48,0.5,0.5
"<a href=""https://tiktok.com/@hidouo"" target=""_blank"">@hidouo</a>",63,3,52.944,0.889,3,24,0,921.667,23,0,1
"<a href=""https://tiktok.com/@hltuoq"" target=""_blank"">@hltuoq</a>",63,2,52.944,0.667,3,18,0,935,34.5,0,0
"<a href=""https://tiktok.com/@hrfj8302"" target=""_blank"">@hrfj8302</a>",72,3,88.542,1,2,17,0,227.667,9.333,0,0.333
"<a href=""https://tiktok.com/@hrsy60677"" target=""_blank"">@hrsy60677</a>",71,3,81.917,1,4,33,0,563.667,13.333,0,0
"<a href=""https://tiktok.com/@hshjrg8647"" target=""_blank"">@hshjrg8647</a>",25,4,82.583,0.875,4,25,0,1246.8,60.4,0.4,0.8
"<a href=""https://tiktok.com/@hsozhs6"" target=""_blank"">@hsozhs6</a>",5,8,53.759,0.922,7,42,0,8486.25,406.5,6.25,80.25
"<a href=""https://tiktok.com/@huiodjio"" target=""_blank"">@huiodjio</a>",41,3,31.389,0.917,3,16,0,8600,149,0,1.333
"<a href=""https://tiktok.com/@hukumn"" target=""_blank"">@hukumn</a>",62,3,77.833,1,2,18,0,95,0.667,0,0
"<a href=""https://tiktok.com/@hygge8662"" target=""_blank"">@hygge8662</a>",51,4,46.2,1,1,5,0,64833.75,1143.5,14.5,14.5
"<a href=""https://tiktok.com/@idpeoc"" target=""_blank"">@idpeoc</a>",61,3,89.333,1,1,9,0,663.667,13.333,0,0.333
"<a href=""https://tiktok.com/@ific3756"" target=""_blank"">@ific3756</a>",68,3,59.778,1,3,27,0,263.667,7.667,0,0
"<a href=""https://tiktok.com/@ihbtcmzm"" target=""_blank"">@ihbtcmzm</a>",78,6,67.85,0.875,2,11,0,468.833,15.5,0,1
"<a href=""https://tiktok.com/@irdc042"" target=""_blank"">@irdc042</a>",5,10,56.986,0.9,7,45,0.001,79387.4,2886.1,11.1,25.9
"<a href=""https://tiktok.com/@jcsie5410"" target=""_blank"">@jcsie5410</a>",69,3,72.25,1,4,36,0,1640,56.667,0.667,1
"<a href=""https://tiktok.com/@jdhxk85"" target=""_blank"">@jdhxk85</a>",53,6,58.6,1,3,15,0,1635.5,48.5,0.333,0.333
"<a href=""https://tiktok.com/@jdpdosj"" target=""_blank"">@jdpdosj</a>",27,5,70.979,0.925,6,40,0,895.5,43.5,2.5,1.333
"<a href=""https://tiktok.com/@jdpxorjf"" target=""_blank"">@jdpxorjf</a>",5,7,66.208,0.889,3,21,0,3229.444,72.667,1,3.778
"<a href=""https://tiktok.com/@jeiofifuhd"" target=""_blank"">@jeiofifuhd</a>",20,4,47.5,1,1,8,0,2516.667,154.667,1.667,1.833
"<a href=""https://tiktok.com/@jfdd653"" target=""_blank"">@jfdd653</a>",25,4,86.167,0.75,1,6,0,3121,64.25,0.25,0.25
"<a href=""https://tiktok.com/@jfdhjj9090"" target=""_blank"">@jfdhjj9090</a>",24,6,62.4,1,1,5,0,1970.5,64.333,1.333,1.333
"<a href=""https://tiktok.com/@jfdyh846"" target=""_blank"">@jfdyh846</a>",23,5,81,1,1,5,0,937.4,43.8,0.2,0.6
"<a href=""https://tiktok.com/@jfhdcy"" target=""_blank"">@jfhdcy</a>",52,6,49.258,1,4,22,0,1617.833,63.5,0.5,1.667
"<a href=""https://tiktok.com/@jfkovj5"" target=""_blank"">@jfkovj5</a>",5,10,61.118,0.976,6,48,0.001,1793.3,161.6,1,1.6
"<a href=""https://tiktok.com/@jfufrehcdh"" target=""_blank"">@jfufrehcdh</a>",27,6,50.933,0.891,5,35,0,1021.833,85.333,0.333,0.333
"<a href=""https://tiktok.com/@jhckhs"" target=""_blank"">@jhckhs</a>",62,3,82.667,1,1,9,0,23.333,0,0,0
"<a href=""https://tiktok.com/@jipupu184"" target=""_blank"">@jipupu184</a>",45,6,64.5,1,1,6,0,1272.875,41,0.125,0.25
"<a href=""https://tiktok.com/@jox.kj"" target=""_blank"">@jox.kj</a>",53,5,45,1,1,5,0,1712.4,67.4,0.8,0.4
"<a href=""https://tiktok.com/@jtcytxyzey"" target=""_blank"">@jtcytxyzey</a>",27,6,49.642,1,5,31,0,1349.167,104.833,1.833,5.333
"<a href=""https://tiktok.com/@jubal_movie"" target=""_blank"">@jubal_movie</a>",7,4,63.6,1,1,5,0,1358,97.25,7.5,15.25
"<a href=""https://tiktok.com/@k_bao1m114"" target=""_blank"">@k_bao1m114</a>",49,7,46.219,0.822,3,24,0,1008.875,17.625,0.25,2.875
"<a href=""https://tiktok.com/@kenitra.angliaf"" target=""_blank"">@kenitra.angliaf</a>",31,3,65,1,1,5,0,1308,57,0,1
"<a href=""https://tiktok.com/@kokokopi72"" target=""_blank"">@kokokopi72</a>",36,4,84.167,0.75,1,6,0,1287.5,69.75,1.75,0.75
"<a href=""https://tiktok.com/@kris.noproblem"" target=""_blank"">@kris.noproblem</a>",34,3,46,0.8,1,6,0,1265.6,45.4,1.8,11.2
"<a href=""https://tiktok.com/@krug011"" target=""_blank"">@krug011</a>",5,9,55.883,0.883,7,53,0,815.222,27.778,0,0.556
"<a href=""https://tiktok.com/@ktsfyh"" target=""_blank"">@ktsfyh</a>",41,3,51.167,0.8,1,6,0,2382.333,88,2.667,2.333
"<a href=""https://tiktok.com/@kulch.sonyak"" target=""_blank"">@kulch.sonyak</a>",35,4,37.25,1,1,8,0,1166.75,47.25,0.75,0.5
"<a href=""https://tiktok.com/@landscape5670"" target=""_blank"">@landscape5670</a>",42,4,29.8,0.875,2,11,0,1068,66.75,1,0
"<a href=""https://tiktok.com/@lhqitc"" target=""_blank"">@lhqitc</a>",63,3,71.078,0.778,3,20,0,1270.667,28,0,0
"<a href=""https://tiktok.com/@luisina.riihimaki"" target=""_blank"">@luisina.riihimaki</a>",5,7,67.856,0.867,3,16,0,1117.857,118,2.143,0.714
"<a href=""https://tiktok.com/@m_bao3m360"" target=""_blank"">@m_bao3m360</a>",43,6,77.571,0.8,1,7,0,737.375,19.75,0.25,1.75
"<a href=""https://tiktok.com/@mdsdz2"" target=""_blank"">@mdsdz2</a>",4,6,49.368,0.925,5,55,0,1245.667,67.833,8.333,0.833
"<a href=""https://tiktok.com/@mhmqkb"" target=""_blank"">@mhmqkb</a>",62,3,82,1,2,18,0,16.333,0,0,0
"<a href=""https://tiktok.com/@mqhp.wyug"" target=""_blank"">@mqhp.wyug</a>",78,6,56.25,0.875,2,11,0,387,18.167,0.167,0
"<a href=""https://tiktok.com/@nendn4309"" target=""_blank"">@nendn4309</a>",13,5,54.167,0.9,2,14,0,2698.8,47.4,0.6,0.6
"<a href=""https://tiktok.com/@nsftib"" target=""_blank"">@nsftib</a>",62,3,79.667,1,2,18,0,56.667,0.333,0,0
"<a href=""https://tiktok.com/@nswuuu0"" target=""_blank"">@nswuuu0</a>",79,5,49.75,1,2,12,0,334.8,23.2,0.4,0.2
"<a href=""https://tiktok.com/@nvi3ho"" target=""_blank"">@nvi3ho</a>",58,6,64.7,0.9,2,10,0,333,10.167,0,0.167
"<a href=""https://tiktok.com/@okay11732"" target=""_blank"">@okay11732</a>",64,2,30,0.667,1,6,0,1199,123,0,1
"<a href=""https://tiktok.com/@ouou6264"" target=""_blank"">@ouou6264</a>",68,3,100.5,1,1,8,0,357,9.333,0,0
"<a href=""https://tiktok.com/@pardesi_driver120"" target=""_blank"">@pardesi_driver120</a>",77,5,102.2,0.833,1,10,0,1463.778,123.917,12.028,1.444
"<a href=""https://tiktok.com/@paskasi.limbrickp"" target=""_blank"">@paskasi.limbrickp</a>",32,4,37.333,1,1,6,0,30556.6,544.2,4,2.2
"<a href=""https://tiktok.com/@peri6925"" target=""_blank"">@peri6925</a>",60,3,95.333,1,1,9,0,579.333,14.667,0,0.333
"<a href=""https://tiktok.com/@pleas.raphakk"" target=""_blank"">@pleas.raphakk</a>",36,4,84.167,0.75,1,6,0,4214,113,1.75,1.25
"<a href=""https://tiktok.com/@privon14"" target=""_blank"">@privon14</a>",77,15,93.921,0.861,3,34,0,1882.472,214.583,18.444,15.778
"<a href=""https://tiktok.com/@pvzn.mxnu"" target=""_blank"">@pvzn.mxnu</a>",80,5,57.414,0.792,2,12,0,289.6,8.4,0,0
"<a href=""https://tiktok.com/@quebsv5683"" target=""_blank"">@quebsv5683</a>",11,6,58.4,1,1,5,0,788.3,34.3,0.9,2.1
"<a href=""https://tiktok.com/@quincyshop08"" target=""_blank"">@quincyshop08</a>",27,6,63.348,1,5,30,0,1868.667,64.833,1.167,0.167
"<a href=""https://tiktok.com/@r_kerps136"" target=""_blank"">@r_kerps136</a>",45,8,62.5,0.917,2,12,0,866.75,39.75,0.625,1
"<a href=""https://tiktok.com/@risood6"" target=""_blank"">@risood6</a>",6,3,59.5,1,2,10,0,957.25,54.75,1,0.75
"<a href=""https://tiktok.com/@rohingyao"" target=""_blank"">@rohingyao</a>",42,4,25,0.75,1,6,0,2732.25,127,3.5,25.5
"<a href=""https://tiktok.com/@rosantspssu"" target=""_blank"">@rosantspssu</a>",50,4,57.2,1,1,5,0,2734,66.75,0.5,1
"<a href=""https://tiktok.com/@ryllskaya.reddit"" target=""_blank"">@ryllskaya.reddit</a>",7,3,63.6,1,1,5,0,318.667,23,0.333,0.333
"<a href=""https://tiktok.com/@rzk26w"" target=""_blank"">@rzk26w</a>",59,5,67.778,1,3,16,0,1034.286,40.143,0.286,0.143
"<a href=""https://tiktok.com/@s_heise214"" target=""_blank"">@s_heise214</a>",43,5,77.571,0.8,1,7,0,1737.5,68.25,0.625,0.625
"<a href=""https://tiktok.com/@s_ostfo146"" target=""_blank"">@s_ostfo146</a>",47,8,55.964,0.833,4,31,0,548.625,13.375,0.125,0.125
"<a href=""https://tiktok.com/@santiago.fernande323"" target=""_blank"">@santiago.fernande323</a>",32,3,37.333,1,1,6,0,3404,114.333,0.667,4.333
"<a href=""https://tiktok.com/@sasapco"" target=""_blank"">@sasapco</a>",41,4,78.433,0.825,4,22,0,35882.25,2290.5,9.75,10
"<a href=""https://tiktok.com/@satsyou"" target=""_blank"">@satsyou</a>",38,4,60.833,0.75,2,12,0,2165,120.25,12.75,5.75
"<a href=""https://tiktok.com/@sayzxdt"" target=""_blank"">@sayzxdt</a>",6,3,62.525,0.938,4,21,0,1175,40.667,2.333,4.667
"<a href=""https://tiktok.com/@scra5694"" target=""_blank"">@scra5694</a>",70,3,101.8,0.833,2,14,0,12.333,0,0,0
"<a href=""https://tiktok.com/@shlr.dxje"" target=""_blank"">@shlr.dxje</a>",78,5,64.775,1,2,13,0,641,20.625,0.25,0.125
"<a href=""https://tiktok.com/@shotewg"" target=""_blank"">@shotewg</a>",41,3,19.85,0.875,2,11,0,72949.333,2129,17,25.333
"<a href=""https://tiktok.com/@shuaiju126"" target=""_blank"">@shuaiju126</a>",49,7,47.667,0.952,3,30,0,4443.857,57.286,6.143,1.571
"<a href=""https://tiktok.com/@shvchjds"" target=""_blank"">@shvchjds</a>",38,4,66.433,0.9,2,11,0,17072.75,307.75,3,2.25
"<a href=""https://tiktok.com/@shvxxmm"" target=""_blank"">@shvxxmm</a>",76,6,48.254,0.917,3,19,0,593,30.833,0.5,0.167
"<a href=""https://tiktok.com/@siev9347"" target=""_blank"">@siev9347</a>",70,3,109.6,0.667,1,5,0,1376.333,61,0,0.333
"<a href=""https://tiktok.com/@siivg1"" target=""_blank"">@siivg1</a>",9,4,45,1,1,5,0,25494.25,379.75,3.5,109.25
"<a href=""https://tiktok.com/@stvhfhj"" target=""_blank"">@stvhfhj</a>",38,4,71.217,0.762,4,22,0,5010.5,129,3.5,0.75
"<a href=""https://tiktok.com/@sweet_driver120"" target=""_blank"">@sweet_driver120</a>",77,4,89,0.75,1,5,0,1062.472,98.5,12.972,2.444
"<a href=""https://tiktok.com/@tafwwk"" target=""_blank"">@tafwwk</a>",61,3,69.389,0.889,3,24,0,754,15.333,0,0.333
"<a href=""https://tiktok.com/@terry.schmerko"" target=""_blank"">@terry.schmerko</a>",35,4,37.25,1,1,8,0,2254.833,248.833,3.5,7.167
"<a href=""https://tiktok.com/@text778"" target=""_blank"">@text778</a>",40,4,17.667,0.75,1,6,0,56465.25,3903.25,26.5,38.25
"<a href=""https://tiktok.com/@texthang"" target=""_blank"">@texthang</a>",51,4,46.2,1,1,5,0,2174,73.25,10,5.25
"<a href=""https://tiktok.com/@textstyo"" target=""_blank"">@textstyo</a>",38,4,68.976,0.875,2,13,0,8066,164.75,10.75,3.25
"<a href=""https://tiktok.com/@thai.hoai.nhan.du"" target=""_blank"">@thai.hoai.nhan.du</a>",31,4,65,1,1,5,0,1657.75,120.75,0.25,1.5
"<a href=""https://tiktok.com/@thuusu7"" target=""_blank"">@thuusu7</a>",6,4,56.617,0.917,3,18,0,1203.75,66.75,0,0
"<a href=""https://tiktok.com/@tiffanystory8"" target=""_blank"">@tiffanystory8</a>",50,4,57.2,1,1,5,0,9811.25,84.25,2.25,2.5
"<a href=""https://tiktok.com/@tiiff4205"" target=""_blank"">@tiiff4205</a>",66,3,60.556,1,3,27,0,329,8,0,0
"<a href=""https://tiktok.com/@u_fo176"" target=""_blank"">@u_fo176</a>",48,8,54.071,0.878,3,27,0,40846.125,875.875,4.375,37.375
"<a href=""https://tiktok.com/@ubf084006c"" target=""_blank"">@ubf084006c</a>",53,6,51.64,1,5,25,0,1437,44.333,0.667,0.333
"<a href=""https://tiktok.com/@ubhutfrx"" target=""_blank"">@ubhutfrx</a>",5,9,57.938,0.858,4,23,0.001,8066,133.444,1.111,4.778
"<a href=""https://tiktok.com/@ufsc8075"" target=""_blank"">@ufsc8075</a>",73,3,107.333,1,1,6,0,1074,77,0.333,0.333
"<a href=""https://tiktok.com/@uhpdh"" target=""_blank"">@uhpdh</a>",5,7,38.5,1,2,16,0,2116.375,88.25,1.5,1.625
"<a href=""https://tiktok.com/@urdu9708"" target=""_blank"">@urdu9708</a>",69,3,62,1,3,27,0,853,63.333,0,2.333
"<a href=""https://tiktok.com/@user2146681092430"" target=""_blank"">@user2146681092430</a>",1,8,51,1,1,11,0,949.333,15.667,0.111,1.889
"<a href=""https://tiktok.com/@user2808563020058"" target=""_blank"">@user2808563020058</a>",34,4,46,0.8,1,6,0,3228,181.833,4.333,3.667
"<a href=""https://tiktok.com/@user3360077055795"" target=""_blank"">@user3360077055795</a>",4,5,55.247,0.756,3,24,0,1090.091,49.727,1.818,3
"<a href=""https://tiktok.com/@user3428239706378"" target=""_blank"">@user3428239706378</a>",1,8,51,1,1,11,0,17087.75,456.875,3.75,23.875
"<a href=""https://tiktok.com/@user3909819242817"" target=""_blank"">@user3909819242817</a>",52,6,47.34,1,5,28,0,1840.25,51.875,0.5,2.5
"<a href=""https://tiktok.com/@user3933909636681"" target=""_blank"">@user3933909636681</a>",4,10,43.286,0.919,4,49,0,7269.273,413.182,73.273,55.273
"<a href=""https://tiktok.com/@user4799806211629"" target=""_blank"">@user4799806211629</a>",9,4,45,1,1,5,0,6101.75,110,0,0.75
"<a href=""https://tiktok.com/@user51678731985597"" target=""_blank"">@user51678731985597</a>",10,4,66.8,1,1,5,0,785.75,53.75,0.75,0.25
"<a href=""https://tiktok.com/@user5203530187060"" target=""_blank"">@user5203530187060</a>",21,6,73.2,1,2,10,0,729.5,21,0.5,0.833
"<a href=""https://tiktok.com/@user54084767052186"" target=""_blank"">@user54084767052186</a>",29,4,64.8,1,1,5,0,128698.5,2043.5,17.25,43.75
"<a href=""https://tiktok.com/@user5626060056906"" target=""_blank"">@user5626060056906</a>",5,8,46.8,0.875,1,10,0,3657.667,141.444,2.111,1.444
"<a href=""https://tiktok.com/@user6171047885852"" target=""_blank"">@user6171047885852</a>",8,4,51.1,0.917,2,11,0,574.75,28.25,0.25,0.5
"<a href=""https://tiktok.com/@user6512543508135"" target=""_blank"">@user6512543508135</a>",2,8,59.364,0.944,3,27,0,527.5,18.75,0.125,0.125
"<a href=""https://tiktok.com/@user65533709618068"" target=""_blank"">@user65533709618068</a>",21,6,54.7,1,2,10,0,907.667,33.333,0.667,1.167
"<a href=""https://tiktok.com/@user6612103821920"" target=""_blank"">@user6612103821920</a>",2,6,75.742,1,3,24,0,201.125,6.375,0,0.125
"<a href=""https://tiktok.com/@user68699358395983"" target=""_blank"">@user68699358395983</a>",2,6,57.571,0.917,2,12,0,478.429,19.286,0.143,0.429
"<a href=""https://tiktok.com/@user6922385284275"" target=""_blank"">@user6922385284275</a>",5,9,59.881,0.944,3,19,0,2321.556,125.778,1.778,3.222
"<a href=""https://tiktok.com/@user7393165315679"" target=""_blank"">@user7393165315679</a>",52,6,49.256,1,3,17,0,2293.833,70.333,1.167,1.333
"<a href=""https://tiktok.com/@user7491401466635"" target=""_blank"">@user7491401466635</a>",4,11,61.398,0.891,6,69,0,795.091,45,2.727,2.727
"<a href=""https://tiktok.com/@user769357200"" target=""_blank"">@user769357200</a>",37,4,60.429,1,1,7,0,494.5,30.75,0.25,0.25
"<a href=""https://tiktok.com/@user8071963807813"" target=""_blank"">@user8071963807813</a>",2,8,65.361,1,2,17,0,431.556,14.556,0.111,0.222
"<a href=""https://tiktok.com/@user8130544672250"" target=""_blank"">@user8130544672250</a>",3,3,22.5,0.75,1,6,0,591.333,14,0.333,0.333
"<a href=""https://tiktok.com/@user83050540275304"" target=""_blank"">@user83050540275304</a>",4,10,31.722,0.9,2,18,0,691.083,33.167,0.5,0.917
"<a href=""https://tiktok.com/@user8431021130445"" target=""_blank"">@user8431021130445</a>",57,2,47,1,1,6,0,2252.5,91.5,3.5,4
"<a href=""https://tiktok.com/@user84747222439632"" target=""_blank"">@user84747222439632</a>",21,5,30.2,1,1,5,0,1221,51.8,0,0.2
"<a href=""https://tiktok.com/@user8632343249071"" target=""_blank"">@user8632343249071</a>",57,3,47,1,1,6,0,2390.667,57,1.333,0.333
"<a href=""https://tiktok.com/@user8662190461588"" target=""_blank"">@user8662190461588</a>",4,8,44.439,0.819,6,52,0,1444.5,74.6,2.9,2.9
"<a href=""https://tiktok.com/@user9093533559933"" target=""_blank"">@user9093533559933</a>",4,2,66.2,0.667,1,5,0,535,14.667,0.333,0
"<a href=""https://tiktok.com/@user9262051903981"" target=""_blank"">@user9262051903981</a>",8,4,38.633,0.867,3,16,0,1152.75,65.5,1,0
"<a href=""https://tiktok.com/@user9660772417487"" target=""_blank"">@user9660772417487</a>",52,5,40.8,1,1,5,0,7719.6,84,2.6,1
"<a href=""https://tiktok.com/@usixidbd"" target=""_blank"">@usixidbd</a>",19,6,60.833,0.75,1,6,0,1349,97.333,1.667,1.333
"<a href=""https://tiktok.com/@vkie1837"" target=""_blank"">@vkie1837</a>",68,3,56.167,1,2,18,0,397.667,16,0,0.667
"<a href=""https://tiktok.com/@wdoi2427"" target=""_blank"">@wdoi2427</a>",71,3,71,1,2,15,0,694.333,41,0,0
"<a href=""https://tiktok.com/@weck01"" target=""_blank"">@weck01</a>",42,3,34.6,1,1,5,0,38697,428.333,1.667,4.333
"<a href=""https://tiktok.com/@wgslhe"" target=""_blank"">@wgslhe</a>",61,3,69,0.8,1,8,0,7260.667,76,0.333,2.667
"<a href=""https://tiktok.com/@when.gbsl"" target=""_blank"">@when.gbsl</a>",80,4,42.429,0.833,1,7,0,249.143,4.286,0,0
"<a href=""https://tiktok.com/@wkcs.ulqv"" target=""_blank"">@wkcs.ulqv</a>",78,6,72,1,1,5,0,736.833,30.833,0.167,0
"<a href=""https://tiktok.com/@wotext"" target=""_blank"">@wotext</a>",38,4,81.243,0.875,2,12,0,3023.25,93,2,2
"<a href=""https://tiktok.com/@wty88731wbc"" target=""_blank"">@wty88731wbc</a>",75,4,58.286,1,1,7,0,2829.375,125.875,2.5,3
"<a href=""https://tiktok.com/@wxjqb8"" target=""_blank"">@wxjqb8</a>",59,7,71.508,0.967,5,30,0,2423,61.857,0.286,6
"<a href=""https://tiktok.com/@wys88511u0t"" target=""_blank"">@wys88511u0t</a>",75,8,57.892,1,3,22,0,4805.875,242,4,20.25
"<a href=""https://tiktok.com/@xiahoudun152"" target=""_blank"">@xiahoudun152</a>",48,8,65.643,0.933,3,23,0,2438,56.75,1.25,1.125
"<a href=""https://tiktok.com/@xiahoudun600"" target=""_blank"">@xiahoudun600</a>",47,7,56.327,0.95,4,34,0,320.857,7.714,0,0
"<a href=""https://tiktok.com/@xiaomisu130"" target=""_blank"">@xiaomisu130</a>",47,8,49.079,0.792,4,38,0,25132.5,548.125,8.875,4
"<a href=""https://tiktok.com/@xiaphuangya47"" target=""_blank"">@xiaphuangya47</a>",8,4,29.5,0.8,1,6,0,596.5,38,0.5,0.5
"<a href=""https://tiktok.com/@xidy.ncuk"" target=""_blank"">@xidy.ncuk</a>",78,7,61.75,1,1,8,0,782.25,39.75,0.5,0
"<a href=""https://tiktok.com/@xx91k2"" target=""_blank"">@xx91k2</a>",59,5,53.738,0.845,2,13,0,2428.667,65.833,2,1
"<a href=""https://tiktok.com/@xxii911"" target=""_blank"">@xxii911</a>",41,4,45.389,0.833,3,18,0,988.75,76.75,1.25,0.5
"<a href=""https://tiktok.com/@y_lebei321"" target=""_blank"">@y_lebei321</a>",46,6,49.012,0.9,2,13,0,619,30.429,0,0
"<a href=""https://tiktok.com/@yemeigui236"" target=""_blank"">@yemeigui236</a>",48,8,66.71,0.926,3,22,0,410.125,9.875,0,0.125
"<a href=""https://tiktok.com/@yjau.toie"" target=""_blank"">@yjau.toie</a>",79,5,46.167,1,1,6,0,457.6,12,0.2,0.2
"<a href=""https://tiktok.com/@you.texts"" target=""_blank"">@you.texts</a>",38,3,70.2,1,1,5,0,3727.333,103,1.333,0.667
"<a href=""https://tiktok.com/@you55668"" target=""_blank"">@you55668</a>",40,4,17.667,0.75,1,6,0,3080,150,2.25,24.75
"<a href=""https://tiktok.com/@yourstoryttt"" target=""_blank"">@yourstoryttt</a>",41,4,46.767,0.77,5,30,0,2183.25,75.5,0.5,0.5
"<a href=""https://tiktok.com/@ytrq8081"" target=""_blank"">@ytrq8081</a>",65,3,59,1,2,18,0,1117.333,126.667,0.667,0
"<a href=""https://tiktok.com/@yunshuchuan131"" target=""_blank"">@yunshuchuan131</a>",49,7,59.094,0.886,3,24,0,1906.75,35.625,1.5,0.75
"<a href=""https://tiktok.com/@yxbiyg"" target=""_blank"">@yxbiyg</a>",53,6,49.267,1,3,16,0,12687.667,157.167,4.167,4.667
"<a href=""https://tiktok.com/@yyfdtwhtod"" target=""_blank"">@yyfdtwhtod</a>",56,3,53.4,1,1,5,0,688,29.333,1,0.333
"<a href=""https://tiktok.com/@zgekze"" target=""_blank"">@zgekze</a>",59,7,55.156,0.938,5,34,0,1032,36.286,0.286,0.571
