"Account","Network","Unique Shares","Avg Time Between Shares (sec)","Edge Symmetry Score","Degree","Strength","Betweenness","Avg Views","Avg Likes","Avg Comments","Avg Shares"
"<a href=""https://tiktok.com/@sheh85226"" target=""_blank"">@sheh85226</a>",2,3,22.15,1,1,20,0,2872,38.75,0.5,0
"<a href=""https://tiktok.com/@user1655672923020"" target=""_blank"">@user1655672923020</a>",1,18,61.054,0.838,4,104,0.018,1177.944,25.222,0.222,0.056
"<a href=""https://tiktok.com/@user30151614570437"" target=""_blank"">@user30151614570437</a>",3,19,69.64,0.878,2,69,0,4313.762,83.333,0.476,4
"<a href=""https://tiktok.com/@user3616273133524"" target=""_blank"">@user3616273133524</a>",3,24,66.024,0.85,2,68,0,1131.212,28.788,0.121,1.697
"<a href=""https://tiktok.com/@user3840831842583"" target=""_blank"">@user3840831842583</a>",1,18,63.869,0.885,4,148,0,1273.167,25.111,0.056,0.222
"<a href=""https://tiktok.com/@user42763629901074"" target=""_blank"">@user42763629901074</a>",2,3,22.15,1,1,20,0,1618.125,24.375,1.25,0
"<a href=""https://tiktok.com/@user4967199663697"" target=""_blank"">@user4967199663697</a>",1,15,77.808,0.804,3,68,0,1291.882,18.882,0.118,0.176
"<a href=""https://tiktok.com/@user710495138178"" target=""_blank"">@user710495138178</a>",1,18,63.91,0.861,6,163,0.045,1741.667,22.278,0.111,0.278
"<a href=""https://tiktok.com/@user7406160207374"" target=""_blank"">@user7406160207374</a>",1,18,67.811,0.885,5,139,0.045,711.667,20.222,0.056,0
"<a href=""https://tiktok.com/@user75291696174110"" target=""_blank"">@user75291696174110</a>",1,19,74.318,0.903,4,119,0,1218.053,20.053,0,0
"<a href=""https://tiktok.com/@user8600005759563"" target=""_blank"">@user8600005759563</a>",3,30,71.384,0.861,2,87,0,632.667,23.848,0.091,0.364
"<a href=""https://tiktok.com/@user87304845050708"" target=""_blank"">@user87304845050708</a>",1,17,71.633,0.846,4,121,0,726.412,10.353,0.059,0.059
