"Account","Network","Unique Shares","Avg Time Between Shares (sec)","Edge Symmetry Score","Degree","Strength","Betweenness","Avg Views","Avg Likes","Avg Comments","Avg Shares"
"<a href=""https://tiktok.com/@aed1646"" target=""_blank"">@aed1646</a>",10,5,41.5,0.833,1,6,0,959.75,46.125,0.5,1.75
"<a href=""https://tiktok.com/@aedp27"" target=""_blank"">@aedp27</a>",6,5,67,1,1,5,0,1035.8,31.4,2.8,2.8
"<a href=""https://tiktok.com/@alkrc3817"" target=""_blank"">@alkrc3817</a>",25,5,42.8,1,2,10,0,1058.2,56,0.2,0.6
"<a href=""https://tiktok.com/@ashbdgjjee"" target=""_blank"">@ashbdgjjee</a>",19,2,66.4,0.75,1,5,0,2451,20.5,1.5,0
"<a href=""https://tiktok.com/@awotgg7"" target=""_blank"">@awotgg7</a>",28,3,37.6,1,1,5,0,2411.667,86,0,0
"<a href=""https://tiktok.com/@azqtpazuo0"" target=""_blank"">@azqtpazuo0</a>",22,2,55.833,0.75,1,6,0,923.5,45.5,0,0
"<a href=""https://tiktok.com/@basilberthaeq0301"" target=""_blank"">@basilberthaeq0301</a>",2,6,44.369,1,2,19,0,857.571,59.429,0.429,1.286
"<a href=""https://tiktok.com/@bbbmh5144"" target=""_blank"">@bbbmh5144</a>",26,5,72.833,0.8,1,6,0,676,32.333,0,0
"<a href=""https://tiktok.com/@ben_theodore_k1h_180"" target=""_blank"">@ben_theodore_k1h_180</a>",7,3,55.8,1,1,5,0,332.667,25.333,0,0
"<a href=""https://tiktok.com/@buset3744"" target=""_blank"">@buset3744</a>",32,3,71.2,1,1,5,0,405.667,30.333,0.667,0
"<a href=""https://tiktok.com/@dandn8839"" target=""_blank"">@dandn8839</a>",31,3,59.6,1,1,5,0,379.333,19.333,0.333,0
"<a href=""https://tiktok.com/@djzpvakam34"" target=""_blank"">@djzpvakam34</a>",21,3,44,1,1,6,0,136,8.333,0,0
"<a href=""https://tiktok.com/@dmaz8857"" target=""_blank"">@dmaz8857</a>",30,3,63.6,1,1,5,0,1309.667,64,0,0
"<a href=""https://tiktok.com/@dohuan5913"" target=""_blank"">@dohuan5913</a>",34,3,54,1,1,6,0,208.333,1.667,0,0
"<a href=""https://tiktok.com/@drhnrhh"" target=""_blank"">@drhnrhh</a>",1,5,43.6,1,1,15,0,669.571,5.571,0,0
"<a href=""https://tiktok.com/@dtjsi5326"" target=""_blank"">@dtjsi5326</a>",24,6,64.156,1,3,16,0.001,941.667,53.333,0.333,0
"<a href=""https://tiktok.com/@ear5679"" target=""_blank"">@ear5679</a>",22,4,55.833,0.75,1,6,0,2053.4,43,0.6,0
"<a href=""https://tiktok.com/@eieoc56"" target=""_blank"">@eieoc56</a>",25,6,40.867,1,3,18,0,1226.667,36.5,0.167,0
"<a href=""https://tiktok.com/@eliana.9588"" target=""_blank"">@eliana.9588</a>",6,6,72.1,1,2,10,0,3301.5,69,0.833,0.167
"<a href=""https://tiktok.com/@epffh6511"" target=""_blank"">@epffh6511</a>",26,6,57.283,0.917,2,11,0.001,1377.167,35.667,0.5,0
"<a href=""https://tiktok.com/@eqehjf"" target=""_blank"">@eqehjf</a>",14,2,39.583,0.75,2,11,0,481,42.5,0.5,0
"<a href=""https://tiktok.com/@escjj6588"" target=""_blank"">@escjj6588</a>",34,3,55.25,0.9,2,12,0,1996,130.667,1,1.667
"<a href=""https://tiktok.com/@fdtrelzhi8"" target=""_blank"">@fdtrelzhi8</a>",3,3,78.5,0.667,1,6,0,717,32.4,0.2,0.6
"<a href=""https://tiktok.com/@fijvxdd"" target=""_blank"">@fijvxdd</a>",23,3,25.333,0.8,1,6,0,56434,261,6,4
"<a href=""https://tiktok.com/@gggvc666"" target=""_blank"">@gggvc666</a>",8,4,39.2,1,1,5,0,294.75,17.5,0,0.25
"<a href=""https://tiktok.com/@ghpbs8860"" target=""_blank"">@ghpbs8860</a>",24,6,56.633,1,2,11,0,1417.5,54.5,0.333,1.333
"<a href=""https://tiktok.com/@gnygcz1630"" target=""_blank"">@gnygcz1630</a>",32,2,71.2,1,1,5,0,316.5,15,0,0.5
"<a href=""https://tiktok.com/@gsdk5125"" target=""_blank"">@gsdk5125</a>",35,3,74.5,0.75,1,6,0,554,18.667,0,0.333
"<a href=""https://tiktok.com/@gwvbo8822"" target=""_blank"">@gwvbo8822</a>",26,6,48.483,0.917,2,11,0,635.833,24.333,0.167,0
"<a href=""https://tiktok.com/@h431txfcd9"" target=""_blank"">@h431txfcd9</a>",11,4,60.2,0.8,1,5,0,718,79,3,1.75
"<a href=""https://tiktok.com/@hacxjezx"" target=""_blank"">@hacxjezx</a>",23,4,25.333,0.8,1,6,0,3656,64.5,0.5,1
"<a href=""https://tiktok.com/@haloar.quza"" target=""_blank"">@haloar.quza</a>",10,6,52.125,0.917,2,14,0,611,18.833,0.333,0.167
"<a href=""https://tiktok.com/@hdjdidi56"" target=""_blank"">@hdjdidi56</a>",9,5,60.017,0.9,2,11,0,698,76,0.8,0.4
"<a href=""https://tiktok.com/@hggvb97"" target=""_blank"">@hggvb97</a>",8,4,39.2,1,1,5,0,326,8.25,0,0.25
"<a href=""https://tiktok.com/@hlcra6173"" target=""_blank"">@hlcra6173</a>",30,3,63.6,1,1,5,0,1414.667,104,0,0.333
"<a href=""https://tiktok.com/@hlplv5237"" target=""_blank"">@hlplv5237</a>",25,5,33.4,1,2,13,0,719.833,14.667,0.167,0.167
"<a href=""https://tiktok.com/@hrrty03"" target=""_blank"">@hrrty03</a>",9,3,57.2,1,1,5,0,3.333,0,0,0
"<a href=""https://tiktok.com/@huzdg7017"" target=""_blank"">@huzdg7017</a>",31,3,59.6,1,1,5,0,169,2.333,0,0
"<a href=""https://tiktok.com/@hwdicu"" target=""_blank"">@hwdicu</a>",14,3,44.73,0.917,3,19,0,210.667,13.667,0,0
"<a href=""https://tiktok.com/@hwrdna9"" target=""_blank"">@hwrdna9</a>",16,2,44.167,0.75,1,6,0,940.5,21.5,0,0
"<a href=""https://tiktok.com/@iahgg5"" target=""_blank"">@iahgg5</a>",1,8,57.086,1,2,22,0,320.375,10.875,0.375,0.125
"<a href=""https://tiktok.com/@idnsk4286"" target=""_blank"">@idnsk4286</a>",26,5,63.617,0.9,2,11,0,1020.4,62.6,0.2,0
"<a href=""https://tiktok.com/@iigcy7288"" target=""_blank"">@iigcy7288</a>",36,3,58,0.8,2,11,0,308,11.333,0,0
"<a href=""https://tiktok.com/@indvh6143"" target=""_blank"">@indvh6143</a>",24,3,57.8,1,1,5,0,1484.25,39.75,0.25,0
"<a href=""https://tiktok.com/@itvbu7530"" target=""_blank"">@itvbu7530</a>",27,6,47.75,1,1,8,0,1917.333,109.333,0.333,0.167
"<a href=""https://tiktok.com/@jyugc0"" target=""_blank"">@jyugc0</a>",1,4,70.571,1,1,7,0,2455.625,66.875,0.875,0.5
"<a href=""https://tiktok.com/@klodp5163"" target=""_blank"">@klodp5163</a>",24,6,73.4,1,1,5,0,5177.167,50.167,1,0.167
"<a href=""https://tiktok.com/@ktniew"" target=""_blank"">@ktniew</a>",17,2,51.167,1,1,6,0,1854,108,0,0
"<a href=""https://tiktok.com/@l.alex.oxo.2102"" target=""_blank"">@l.alex.oxo.2102</a>",7,2,55.8,1,1,5,0,36.5,2,0,0
"<a href=""https://tiktok.com/@ldja9683"" target=""_blank"">@ldja9683</a>",29,3,74.1,1,2,10,0,2602.667,98.333,0,0
"<a href=""https://tiktok.com/@lesctxliz196"" target=""_blank"">@lesctxliz196</a>",21,2,44,1,1,6,0,2,0,0,0
"<a href=""https://tiktok.com/@long.arpin"" target=""_blank"">@long.arpin</a>",6,5,77.2,1,1,5,0,2807.4,147,20.8,37
"<a href=""https://tiktok.com/@lpgcafywn3"" target=""_blank"">@lpgcafywn3</a>",10,5,62.75,1,1,8,0,631.333,12.333,0,0
"<a href=""https://tiktok.com/@lpmrcg"" target=""_blank"">@lpmrcg</a>",18,2,41.5,0.75,1,6,0,1006.5,91.5,0.5,0
"<a href=""https://tiktok.com/@lshywh68"" target=""_blank"">@lshywh68</a>",12,2,47.167,0.875,2,12,0,351.5,10,0,0
"<a href=""https://tiktok.com/@ltip0302"" target=""_blank"">@ltip0302</a>",29,3,68.7,0.875,2,10,0,817.333,56.667,0,0.333
"<a href=""https://tiktok.com/@mddsg3053"" target=""_blank"">@mddsg3053</a>",34,3,56.5,0.8,1,6,0,2735,153.333,0,0.333
"<a href=""https://tiktok.com/@mg8100891"" target=""_blank"">@mg8100891</a>",38,3,59.6,0.6,1,5,0,370.333,28,0,0
"<a href=""https://tiktok.com/@mg810550"" target=""_blank"">@mg810550</a>",37,3,50.242,1,4,23,0,685.667,58.333,0.333,0
"<a href=""https://tiktok.com/@mrczmi"" target=""_blank"">@mrczmi</a>",18,3,41.5,0.75,1,6,0,404.667,26.333,0,0
"<a href=""https://tiktok.com/@msgjoksjc8"" target=""_blank"">@msgjoksjc8</a>",4,2,63.5,0.75,1,6,0,221,16.5,0.5,0
"<a href=""https://tiktok.com/@nanelitandmaya"" target=""_blank"">@nanelitandmaya</a>",20,2,47.833,0.5,1,6,0,1342.5,100,0,0
"<a href=""https://tiktok.com/@nefsc99866"" target=""_blank"">@nefsc99866</a>",26,6,36.8,1,1,5,0,670,78.5,0,0.167
"<a href=""https://tiktok.com/@nltmii"" target=""_blank"">@nltmii</a>",16,3,48.667,0.75,2,12,0,424,35,0,0.333
"<a href=""https://tiktok.com/@ntvtl8875"" target=""_blank"">@ntvtl8875</a>",25,6,49.8,1,1,5,0,2894.167,119.833,0.167,0.167
"<a href=""https://tiktok.com/@oflvc8011"" target=""_blank"">@oflvc8011</a>",27,6,43,1,1,6,0,4666.667,67.667,0.833,0.167
"<a href=""https://tiktok.com/@ouytf8145"" target=""_blank"">@ouytf8145</a>",24,6,71.567,1,5,26,0.003,4058.167,83,0.167,0.333
"<a href=""https://tiktok.com/@p0wchvamx5"" target=""_blank"">@p0wchvamx5</a>",4,3,63.5,0.75,1,6,0,249.333,17.333,0,0
"<a href=""https://tiktok.com/@pawnorneozoic4mu4"" target=""_blank"">@pawnorneozoic4mu4</a>",20,5,47.833,0.5,1,6,0,438.4,14.6,0.2,0
"<a href=""https://tiktok.com/@phkgkh5"" target=""_blank"">@phkgkh5</a>",17,3,51.167,1,1,6,0,813,58,0,0
"<a href=""https://tiktok.com/@pijkk4014"" target=""_blank"">@pijkk4014</a>",24,6,61.467,1,3,15,0,3873.167,108.167,0.5,0.167
"<a href=""https://tiktok.com/@pmbnro"" target=""_blank"">@pmbnro</a>",16,2,53.167,0.75,1,6,0,428,38.5,0,0
"<a href=""https://tiktok.com/@pptim1357"" target=""_blank"">@pptim1357</a>",33,3,63.143,0.8,1,7,0,1676.667,50,0.167,0.833
"<a href=""https://tiktok.com/@pure.5388"" target=""_blank"">@pure.5388</a>",13,4,58.6,0.929,2,15,0,3548.75,28.75,0.5,1.25
"<a href=""https://tiktok.com/@pure.6335"" target=""_blank"">@pure.6335</a>",13,4,58.048,0.908,4,27,0.001,56,1,0,0
"<a href=""https://tiktok.com/@pure.6388"" target=""_blank"">@pure.6388</a>",13,4,51.134,0.952,3,28,0,723,30.5,3,0.5
"<a href=""https://tiktok.com/@pure.6889"" target=""_blank"">@pure.6889</a>",13,4,49.406,0.886,3,26,0,2905.75,68.75,0.75,0.25
"<a href=""https://tiktok.com/@pure.7488"" target=""_blank"">@pure.7488</a>",13,4,58.129,0.845,2,17,0,296.75,7.5,0.5,0
"<a href=""https://tiktok.com/@pure.758"" target=""_blank"">@pure.758</a>",13,4,52.709,0.857,2,21,0,24953.5,441.25,2,2.5
"<a href=""https://tiktok.com/@qaf4jbflw4"" target=""_blank"">@qaf4jbflw4</a>",2,8,47.811,1,2,23,0,630,66.125,0.375,0.875
"<a href=""https://tiktok.com/@qeuns9337"" target=""_blank"">@qeuns9337</a>",36,3,78.444,0.7,2,15,0,109,1.667,0,0
"<a href=""https://tiktok.com/@qofgg0974"" target=""_blank"">@qofgg0974</a>",24,3,69.4,1,2,10,0,1014.333,24.333,0.333,0
"<a href=""https://tiktok.com/@qojl5"" target=""_blank"">@qojl5</a>",12,3,49.583,0.875,2,15,0,706,18,0,0
"<a href=""https://tiktok.com/@qsfeq4735"" target=""_blank"">@qsfeq4735</a>",27,6,45.375,1,2,14,0,719,33.667,0,0.333
"<a href=""https://tiktok.com/@shev209"" target=""_blank"">@shev209</a>",12,3,49.917,1,2,15,0,395.667,19.667,0,0
"<a href=""https://tiktok.com/@sqbdnb"" target=""_blank"">@sqbdnb</a>",28,3,50.322,0.833,3,16,0,1681.333,36.667,0,0
"<a href=""https://tiktok.com/@sqhurw"" target=""_blank"">@sqhurw</a>",24,3,89.833,1,1,6,0,944.333,55.333,0,0
"<a href=""https://tiktok.com/@t8w8ebr0l0"" target=""_blank"">@t8w8ebr0l0</a>",3,3,95.714,0.8,1,7,0,384.6,17.8,0,0.2
"<a href=""https://tiktok.com/@tcpbbf3"" target=""_blank"">@tcpbbf3</a>",15,3,40.857,0.75,1,7,0,492,52.667,0,0.333
"<a href=""https://tiktok.com/@ugaqoa50"" target=""_blank"">@ugaqoa50</a>",15,3,40.857,0.75,1,7,0,352.667,25,0.667,0
"<a href=""https://tiktok.com/@upwgll"" target=""_blank"">@upwgll</a>",14,2,40.583,0.875,2,11,0,864.5,77.5,0,0
"<a href=""https://tiktok.com/@user12328620610695"" target=""_blank"">@user12328620610695</a>",37,3,53.658,1,4,23,0,448.333,23.667,0,0
"<a href=""https://tiktok.com/@user1852957300165"" target=""_blank"">@user1852957300165</a>",38,3,59.6,0.6,1,5,0,423,29.333,0,0
"<a href=""https://tiktok.com/@user1881942551463"" target=""_blank"">@user1881942551463</a>",19,3,65.9,0.875,2,10,0,13090.333,137,1.667,0.333
"<a href=""https://tiktok.com/@user3727243105059"" target=""_blank"">@user3727243105059</a>",37,3,51.742,0.95,4,23,0,496.333,39.333,0,0
"<a href=""https://tiktok.com/@user411534033706"" target=""_blank"">@user411534033706</a>",5,3,46.2,1,1,5,0,415.333,16.667,0.333,0.333
"<a href=""https://tiktok.com/@user6103853844136"" target=""_blank"">@user6103853844136</a>",37,3,51.975,1,4,21,0,535.667,36.333,0,0.333
"<a href=""https://tiktok.com/@user6137247299569"" target=""_blank"">@user6137247299569</a>",14,3,45.286,0.833,3,17,0,1507,47,0,0
"<a href=""https://tiktok.com/@user6614950462684"" target=""_blank"">@user6614950462684</a>",19,2,65.4,1,1,5,0,972.5,76.5,0.5,1
"<a href=""https://tiktok.com/@user68247818294707"" target=""_blank"">@user68247818294707</a>",37,3,52.833,0.95,4,24,0,554.667,43.333,0,0.667
"<a href=""https://tiktok.com/@user7027885623355"" target=""_blank"">@user7027885623355</a>",9,3,62.833,0.8,1,6,0,891.333,29.333,0,0
"<a href=""https://tiktok.com/@user95285179442013"" target=""_blank"">@user95285179442013</a>",5,3,46.2,1,1,5,0,44.333,1.667,0,0
"<a href=""https://tiktok.com/@usyejs8225"" target=""_blank"">@usyejs8225</a>",36,3,53.444,0.9,2,14,0,1211.667,34.333,0,0.333
"<a href=""https://tiktok.com/@uusnis22"" target=""_blank"">@uusnis22</a>",28,3,59.167,0.75,1,6,0,5252,105,0.667,1
"<a href=""https://tiktok.com/@v0tgsso365"" target=""_blank"">@v0tgsso365</a>",2,6,48.013,1,2,18,0,670.571,35.143,0,0.571
"<a href=""https://tiktok.com/@wivltt"" target=""_blank"">@wivltt</a>",28,3,54.2,0.75,1,5,0,2260.333,61,0.667,0
"<a href=""https://tiktok.com/@ybdjx94831"" target=""_blank"">@ybdjx94831</a>",11,4,60.2,0.8,1,5,0,725.25,70.25,2.5,1
"<a href=""https://tiktok.com/@ydudi4619"" target=""_blank"">@ydudi4619</a>",29,2,62.8,0.75,1,5,0,351.5,14,0,0
"<a href=""https://tiktok.com/@yhoy7600"" target=""_blank"">@yhoy7600</a>",33,3,63.143,0.8,1,7,0,250,8.333,0.667,0.333
"<a href=""https://tiktok.com/@yzbcvfwhh6"" target=""_blank"">@yzbcvfwhh6</a>",3,3,87.107,0.733,2,13,0,885.667,36.667,0,0
"<a href=""https://tiktok.com/@zlfo3021"" target=""_blank"">@zlfo3021</a>",35,3,74.5,0.75,1,6,0,297.333,4,0,0
"<a href=""https://tiktok.com/@ztal3423"" target=""_blank"">@ztal3423</a>",29,3,73.6,1,1,5,0,592,14.667,0.333,0
