"Account","Network","Unique Shares","Avg Time Between Shares (sec)","Edge Symmetry Score","Degree","Strength","Betweenness","Avg Views","Avg Likes","Avg Comments","Avg Shares"
"<a href=""https://tiktok.com/@.prince.sahin"" target=""_blank"">@.prince.sahin</a>",1,17,64.467,0.833,5,19,0.116,247.808,82.5,0,1.808
"<a href=""https://tiktok.com/@abu.kalam882102232"" target=""_blank"">@abu.kalam882102232</a>",2,5,72,0.667,1,3,0,53.167,15.833,1.333,0.167
"<a href=""https://tiktok.com/@alrabbyhassn60"" target=""_blank"">@alrabbyhassn60</a>",2,1,69.667,0.667,1,3,0,17,5,0,0
"<a href=""https://tiktok.com/@amitomarmoharani2580"" target=""_blank"">@amitomarmoharani2580</a>",1,15,67.75,0.75,1,4,0,106.16,44,1.12,5.36
"<a href=""https://tiktok.com/@dysyljs3rxp4"" target=""_blank"">@dysyljs3rxp4</a>",1,3,78.25,1,1,4,0,55,26.667,2,0
"<a href=""https://tiktok.com/@forid9621"" target=""_blank"">@forid9621</a>",1,15,66.25,0.625,2,8,0.027,65.235,37.118,1.059,1.471
"<a href=""https://tiktok.com/@gg69453"" target=""_blank"">@gg69453</a>",5,6,46.2,0.75,1,5,0,64.25,33.75,0.375,0.25
"<a href=""https://tiktok.com/@gks.rakib"" target=""_blank"">@gks.rakib</a>",1,1,48.667,0.667,1,3,0,100.25,35,0.75,1
"<a href=""https://tiktok.com/@h.m.osman.h.m.osm1"" target=""_blank"">@h.m.osman.h.m.osm1</a>",7,2,57.625,0.429,1,8,0,160.667,55.667,19.333,2.333
"<a href=""https://tiktok.com/@halim12345678910111213"" target=""_blank"">@halim12345678910111213</a>",1,1,61.333,0.667,1,3,0,115.5,63.5,2.5,0
"<a href=""https://tiktok.com/@jayed.ali73"" target=""_blank"">@jayed.ali73</a>",1,2,40.5,0.875,2,8,0.025,46,22.5,2,0
"<a href=""https://tiktok.com/@jiz10"" target=""_blank"">@jiz10</a>",1,6,59.875,0.833,2,7,0.111,116.818,52.364,0.364,0.455
"<a href=""https://tiktok.com/@k.m.abdul.wadud"" target=""_blank"">@k.m.abdul.wadud</a>",1,14,53.62,0.908,5,24,0.155,153.235,73.235,2.941,7.118
"<a href=""https://tiktok.com/@kaziab24"" target=""_blank"">@kaziab24</a>",1,4,53,0.667,1,3,0,123.75,58,0,2
"<a href=""https://tiktok.com/@md.samsur162"" target=""_blank"">@md.samsur162</a>",5,2,46.2,0.75,1,5,0,136.5,73.5,7,1
"<a href=""https://tiktok.com/@momo...b11"" target=""_blank"">@momo...b11</a>",8,2,111.333,1,1,3,0,197.333,61,1.333,3
"<a href=""https://tiktok.com/@momo...e14"" target=""_blank"">@momo...e14</a>",8,3,94.667,1,1,9,0,11.2,4.6,0.4,0
"<a href=""https://tiktok.com/@momo...f15"" target=""_blank"">@momo...f15</a>",7,6,57.625,0.429,1,8,0,18.833,5,0.167,0
"<a href=""https://tiktok.com/@momo..d13"" target=""_blank"">@momo..d13</a>",8,3,103,1,2,12,0.002,17.667,5.667,0.333,0
"<a href=""https://tiktok.com/@monthakhan733"" target=""_blank"">@monthakhan733</a>",1,1,57.5,1,1,4,0,101.5,40,0,0.5
"<a href=""https://tiktok.com/@moynul260"" target=""_blank"">@moynul260</a>",1,5,68,1,1,4,0,53.8,30,6.2,1.8
"<a href=""https://tiktok.com/@sadikur3142"" target=""_blank"">@sadikur3142</a>",4,5,36.333,0.333,1,3,0,108.333,48.833,3.083,5.833
"<a href=""https://tiktok.com/@samin7742"" target=""_blank"">@samin7742</a>",2,4,69.667,0.667,3,9,0.005,115.2,24.4,1,0.2
"<a href=""https://tiktok.com/@shakilislam683"" target=""_blank"">@shakilislam683</a>",6,2,62.333,0.667,1,3,0,164,66.5,2.5,0
"<a href=""https://tiktok.com/@shohidul8060"" target=""_blank"">@shohidul8060</a>",1,21,61.417,0.786,7,24,0.136,96.583,42.667,0,0.25
"<a href=""https://tiktok.com/@soika205"" target=""_blank"">@soika205</a>",6,4,77.833,0.833,2,6,0.002,87,40,10.75,6.5
"<a href=""https://tiktok.com/@user139373094036"" target=""_blank"">@user139373094036</a>",1,5,73.25,0.75,1,4,0,113.308,38.769,0.077,1.692
"<a href=""https://tiktok.com/@user151443510461"" target=""_blank"">@user151443510461</a>",3,1,89.5,0.5,1,4,0,136,33,0.5,0
"<a href=""https://tiktok.com/@user269896582"" target=""_blank"">@user269896582</a>",3,3,89.5,0.5,1,4,0,10,4,0,0.429
"<a href=""https://tiktok.com/@user5699597151255"" target=""_blank"">@user5699597151255</a>",1,9,49.629,0.808,3,21,0,116.765,54.941,1.118,1.529
"<a href=""https://tiktok.com/@user61678192686105"" target=""_blank"">@user61678192686105</a>",1,4,66,0.667,1,3,0,174.5,62.25,1,5
"<a href=""https://tiktok.com/@user6551605072045"" target=""_blank"">@user6551605072045</a>",6,3,93.333,1,1,3,0,95,23.667,3,1
"<a href=""https://tiktok.com/@user8151567859414"" target=""_blank"">@user8151567859414</a>",1,5,60.75,0.75,1,4,0,118.4,9.6,0,1.4
"<a href=""https://tiktok.com/@user9786227192170"" target=""_blank"">@user9786227192170</a>",4,4,36.333,0.333,1,3,0,84.333,39.333,0.5,0.333
"<a href=""https://tiktok.com/@user996202760822"" target=""_blank"">@user996202760822</a>",2,1,67.333,0.667,1,3,0,160.667,43.333,0.333,1
"<a href=""https://tiktok.com/@userdinislam560"" target=""_blank"">@userdinislam560</a>",1,4,65.393,0.9,2,11,0,169.75,65.25,2.25,0.5
