"Network","Number of Accounts","Network Density","Network Diameter","Clustering Coefficient","Avg Views","Avg Likes","Avg Comments","Avg Shares","Member Accounts"
1,18,0.124,23,0.125,126.137,51.163,1.121,2.347,"amitomarmoharani2580, jiz10, moynul260, .prince.sahin, halim12345678910111213, forid9621, dysyljs3rxp4, gks.rakib, shohidul8060, k.m.abdul.wadud, jayed.ali73, user5699597151255, user139373094036, user8151567859414, kaziab24, monthakhan733, user61678192686105, userdinislam560"
2,4,0.5,6,0,88.188,22.312,0.875,0.312,"abu.kalam882102232, samin7742, alrabbyhassn60, user996202760822"
3,2,1,4,NA,38,10.444,0.111,0.333,"user151443510461, user269896582"
4,2,1,3,NA,100.333,45.667,2.222,4,"sadikur3142, user9786227192170"
5,2,1,5,NA,78.7,41.7,1.7,0.4,"gg69453, md.samsur162"
6,3,0.667,6,0,106.778,40.444,6.333,3.222,"soika205, user6551605072045, shakilislam683"
7,2,1,8,NA,66.111,21.889,6.556,0.778,"h.m.osman.h.m.osm1, momo...f15"
8,3,0.667,12,0,63.727,20.273,0.636,0.818,"momo...e14, momo...b11, momo..d13"
