"Network","Number of Accounts","Network Density","Network Diameter","Clustering Coefficient","Avg Views","Avg Likes","Avg Comments","Avg Shares","Member Accounts"
1,2,1,8,0,14506,525.071,4.857,3.786,"fichfj1, fhchf25"
2,3,1,8,1,1660.875,125.25,1.062,4.625,"djm9r, prtnr8, rosacasey65"
3,5,1,9,1,23685.071,511.464,6.036,5.5,"gubwos, user3154950400581, user7080026610324, ididu034, ysishhd7"
4,5,0.7,15,0.643,19243.276,805.621,5.69,8.69,"chdg050, hpcfh, vaigg0, kbpsjd, yiitsukb"
5,5,0.9,13,0.875,2662.267,103.533,2.033,1.133,"fjyukfjjf, geievertu8, hdidkser0, cx.b28, kdhdh1314"
6,2,1,8,0,1088.786,74.929,0.786,0.286,"fhjkllf, huaza756"
7,5,0.7,20,0.643,32082.649,1184.459,15.243,9.946,"bdpd57, gdijdgsh4, shdj1431, user2201058539802, user31313825076752"
8,20,0.168,53,0.393,23811.627,671.54,7.4,6.993,"jvdzg6, hpnko0, jfysd6, kdpcjdq, bsbsbsvsv44, tray.ray75, user1045942439949, bfc.hff, tdiifhr, maryreynolds112, jckfjd.bff, geifocve, hckcudh1, fjvfjk4, fhfg2499, aedjxpxodj, jcz0054, carmen.vega355, aedfjdhdtddy, user9545613515904"
9,2,1,8,0,4572.867,129.733,1,0.733,"fjvxfu96, igddc3"
10,3,0.667,12,0,3498.85,101.15,1.85,1.35,"hugo.adams2, jana.french, aeduriosod"
11,9,0.417,29,0.702,3564.284,97.985,1.373,0.896,"aedjdpckd, gisela.lipke, ggdcxg1, housn103, bdoci6, yeifb0, geujcc, uosnatiahwk, cck4657"
12,3,0.667,12,0,1678.818,71.5,0.818,0.864,"user190472852374, syedacherry0, zg.hcugystsxy"
13,2,1,8,0,782.333,38.75,0.167,1.417,"ihihgi1, xx16682"
14,4,0.667,15,0.6,6302.323,192.387,1.258,3.29,"gxiiff3, cp.eagdu, craig.harrell0, steven.garrison13"
15,23,0.126,59,0.361,2995.88,91.856,1.388,2.211,"hciiv26, tduuugwt, user4080460677683, idhd139, vdkfofu, fsjoxkf, jdododh5, cbjf05, jdkckcj2, gckcj4, cirila.mccorkle, hullen.nguyen, user8508148033286, ayden.riverad, aedyckctu, hdr86575, jfdd653, fauy8466, aedhdici, anaxagoras.harlen, vickycarr530, user9724456321051, verity.holland"
16,8,0.25,36,0,2025.224,65.526,1.105,1.342,"gduhx01, lxjjc, aedgslpxjx, user7605976152392, fduic5, fcjjv86, shgj33, sharleen.howard"
17,4,0.5,22,0,2562.903,75.645,0.613,1.355,"fuddg743, jhff96585, user5203530187060, jkiffikj"
18,2,1,6,0,4557.056,57.333,4.111,0.278,"pratt_movie, nendn4309"
19,2,1,6,0,1956.4,52.95,1.35,0.6,"bgfddf8888, bbfj54"
20,4,0.667,19,0.6,2705.588,69.176,1.176,1.5,"guu34210, lamr351, user2268806570260, cxf.hgv5"
21,2,1,12,0,3004.579,72.105,1.211,5.947,"hbvvf739, idgc38"
22,2,1,6,0,1722.15,83.9,2,1.85,"fkncxh, ydpoglcj"
23,4,0.667,13,0.6,1318.125,47,0.438,1.312,"dahlia5054, stazqywodkv, lisa9aa3, user61085841585986"
24,8,0.321,36,0.429,3250.269,74.462,1.154,5.058,"user1203613923425, user19468614708518, user2920462956526, user7361651570203, user7166160034825, user2932993437321, user8794483655797, user8847609801518"
25,4,0.833,13,0.75,1403.69,21.793,1.759,2.931,"user38247035443977, user6352061598533, user13440723215022, user28262256319433"
26,3,0.667,13,0,5656.727,61.091,0.455,2,"tomatoes530, suggest0912, wuoaxfqimkq"
27,58,0.085,121,0.646,610.972,22.478,0.246,0.319,"lojzsviu, cjgbkbl, rhhowjqwczo, xnjjehj, aliyawod4l5, huanlyg, ylevkpiubsl, bkvhf1, adhhrrt, kcdcbdohhqd, cymorervl98, fijglhhj, tdzgwsilerv, ifkvkvo, nwxjeiffefk, kdvluvvd5k6, jkdkj, oqfdryvt9x4, igdigsdp, dlakhjx, gztymhjjw4m, suoxin2, iaehhjzz2v2, amywendy19961, dyhjldcdesm, gigigjj, chkchifofo, mcxvbaazs3c, antoinetteboone25, ohhqwwqtdzx, wjjvuejnth4, fqcsrnytjf8, jwsgomkrriy, skkfdxh, if.en.is.fam, bjgpfoucyaj, hootchxs, mawtxjozdqh, delwyjlkjct, xzhqnidn5g8, jxxffujlyeg, nksxkskcf1y, odscejmn6jy, cjsllfd, jffihofff, ejiqxbchntr, ydjbryedpzw, yoayoayanyan, ohchocx, xzhppypnq7b, kaylabigsjo, ggpmcjubwia, xtbvnzygwbr, jjdjdd911, jvohvho, hjiliqaaiac, zzhjdj4, yun.wu15"
28,3,0.667,12,0,817.421,59.158,0.368,0.474,"jkakbbvgg, nrrnqdpeky2, fxgumzmtbxj"
29,4,0.5,15,0,415.522,19.739,0.261,0.217,"nquvwpsdcj4, liyohuang, tqhyxljd6w8, user92268445842614"
30,2,1,7,0,640.364,20,0.364,0.545,"fgukxryf5ua, vsethpos2k5"
31,2,1,6,0,281.375,8.375,0,0,"fhggf28, cjgkgk45"
32,2,1,8,0,1581.9,32.3,0.5,0.3,"kevinstory, success4186"
33,2,1,10,0,8684.55,258.55,2.65,2.45,"cjdfsgp, texthsg"
34,16,0.333,28,0.538,2334.614,116.11,2.394,1.315,"sdsdyou, rohingyao, bsbseuo, dhcghcb, stoyouh, landscape5670, sasapco, xxii911, text690, hxavnxh, texts178, cagnhd, hdryxd, user16909390140293, weck01, you55668"
35,5,0.6,13,0.333,4000.639,158.583,4.306,2.361,"shvchjds, stvhfhj, wotext, satsyou, you.texts"
36,6,0.933,16,0.923,2361.139,136.556,2.361,1.389,"crtyougo, text778, ktsfyh, dtkwod, text.fc, textstory781"
37,3,1,9,1,812.474,43.789,1.789,1.895,"lin689668987, fhkundshunk, kungyhunksd"
38,2,1,6,0,42969.706,473.353,4.941,7,"hvcnnh, kellygallacher0930"
39,6,0.667,17,0.6,2256.63,150.674,1.609,0.848,"ksndfmggf, ryllskaya.reddit, djbdjfjff, ryllskayaqing, 6dhbgbvuyqw, wefyugu"
40,3,0.667,17,0,1959.389,80.222,1.5,4.5,"nhi.vo585, khanh.dao61, thuc.nguyen2010"
41,4,0.833,12,0.75,2661.667,46.286,0.429,1.524,"thienle4369, linh.dang743, ngoc.ho078, tuyen.nguyen5316"
42,6,0.733,17,0.75,7419.1,176.7,2.25,40.25,"sijh37, aed0267, aed2750, jajsjsn56, dthh824, jvhb240"
43,5,0.6,24,0.545,2863.867,84.333,0.6,1.167,"jvtvc3, user3436197788624, gooj806, zsdx184, zxvb736"
44,2,1,6,0,1170.889,55.667,1.333,5.889,"rubin.mervy8, nhienchau41"
45,5,0.4,55,0,3380.455,198.735,9.061,4.576,"airplandriver120, china_driver_150, amazing_seeet120, cute_chumi_girl208, username6652655"
46,2,1,13,0,75.792,18.125,2.417,0.75,"china_busderiver_121, cutebaby_driver120"
47,4,0.5,38,0,362.815,23.815,2.759,0.481,"xchinaqueen5, xchinaqueen6, china_deriver_0, xchinaqueen8"
48,2,1,6,0,236.696,13.217,1.217,0.217,"hngbaby_0, mbbakmli_0"
49,2,1,8,0,2022.091,80.455,8.545,15.727,"labon.marenm, bowro.jpp"
50,4,0.667,14,0.6,1887.464,68.964,1.536,3.464,"fody.noachp, skunk.robinsong, ellin.lyndsd, yys.hshk"
51,2,1,8,0,1571.688,116.75,0.5,0.438,"dell.oswink, stien.lindag"
52,2,1,6,0,2189.667,157.583,2,0.833,"dhdigg2, user000597728"
53,7,0.333,39,0.375,1803.854,116.366,1.39,0.976,"krissi.jamecia, chvchj5, jduyfjh, jfjjfhk8, djsisidh, kfusj3, ttt46024"
54,4,0.5,21,0,1397.217,103.826,2,0.783,"luggyi, mahasawatzke, nandan.hirsch, osiel.louis"
55,3,0.667,12,0,1556.389,95.5,1.278,1.722,"alysha.lesiak, abdaziz0498, monika.budimir0"
56,2,1,8,0,1597.917,103.75,3.333,1.583,"iryxh4, odigkxh"
57,2,1,6,0,1072.375,77.25,0.625,0.375,"iddicgg, usuwifg"
58,2,1,6,0,2910.286,108,0.571,0.429,"dyy.you.ici, jaye.neisler"
59,2,1,6,0,1757.833,74.833,0.917,2.583,"hieu.lep, monta.karlak"
60,4,0.667,15,0.6,9455.292,282.083,51.375,423.875,"aseng.haymong, houri.enriqk, sun.lilym, tenbr.boozapp"
61,8,0.464,23,0.632,2193.617,104.511,1.277,1.426,"gabriele.weber5, alisia.yundt, gail.olson1, edwin.walker517, mong.khuu, ianboone74, jugfrei6564, nfyk.emma"
62,2,1,6,0,1536.1,92.9,3.5,2.4,"user5107401810761, feelforc0o0676"
63,5,0.4,19,0,4690.615,117.923,6.962,9.923,"hlwndewrweqh, uehjkb3487, hhgghj8866, gvcchh3457, xquplfcwmvyngj"
64,2,1,6,0,1547.75,114.125,6.125,10.25,"svpmrjwfqvu2oj, yppynsqgmqt"
65,2,1,6,0,2215.143,156.143,5.857,10.143,"mrvptonrscksj9, mamaepzkynvd"
66,8,0.5,19,0.614,23893.744,1086.103,36.795,240.59,"vybdcvhnpljsid, oqdrhqzhlfeuk, uxudhqnbwmws, phxagnixobfs, user3269067988455, ucakhztcmvlzwy, bmpaebrhblwh, zhdzxzpjkqgw"
67,6,0.667,18,0.778,1639.615,133.538,4.923,14.577,"fsmcghkvdqqm, laicai.reddit, tybfzdwjprap, qimlobnvfopjd, byppp.text11, yiwxjsjxpoewm"
68,4,0.833,12,0.75,9771.875,560.625,22.625,168,"edvifohwepps, mina.12558, qqq14107, zaicemkexkti"
69,2,1,6,0,2220.375,175.125,4.625,11.125,"iolanixltsdj, romyzbuhpisgfh"
70,4,0.833,12,0.75,1627.571,128.571,2.786,11,"ndwcnapalqws1y, skgetbys2egi6e, pfigfwdyh2huxc, hjbfgj67"
71,3,0.667,16,0,967.056,44.833,1,0.222,"onikacaylie, tahnee.katiana, truc.luong84"
72,13,1,18,1,922.736,65.319,0.626,0.297,"qdcieh, hojdmc, fwihnf, pevkgk, dhuolt, eagehh, reddit_allen5, mfejdu, kubjij, ciojkb, 7alconpal, fvijte, reddit_grayson99"
73,9,0.5,47,0.639,3898.16,142.617,1.025,1.926,"drgd8391, bvoo3130, dijx3903, fhda78402, okay11732, ghhj8554, kjuq5904, jkuy0534, ytrq8081"
74,5,1,16,1,2222,101.03,1.152,3.242,"eiej4325, twkg9813, gjhg8047, dhzg1822, twvs4521"
75,5,1,8,1,2276.649,77.27,0.541,1.189,"glye82199, dyxh0219, rust04104, ckief1163, syic2117"
76,2,1,9,0,5868.944,160.778,1.444,3.5,"dhie1905, wert2992"
77,3,1,7,1,3551,90.909,0.909,1.409,"tijf9855, uraf9163, ymhr6933"
78,2,1,7,0,2236.067,67.667,0.933,4.8,"ifrt2705, sush0240"
79,6,0.533,18,0.5,996.463,66.224,0.478,1.284,"bkot6010, tugx2917, givi0331, isce0690, wive0570, wiqg8225"
80,4,1,7,1,662.4,57.833,0.667,1.067,"bbfh1476, tsfh8353, pott7134, yyzy8740"
81,3,0.667,12,0,495.958,35.875,0.167,1,"ccaw9284, hhit0062, yyfd4781"
82,22,0.32,25,0.558,1708.509,75.664,0.672,0.31,"1yrogls, hzhdhs, jshszh6382, kacbr2774, djisks96, cnatk3189, gxhx514, hxjdsj34, hdvhds4, g.in.cgn, duuff30, snoshsj, bxjxhxt, ndork4782, xlhxhlxlh8, ncjfhyrsdj, wnxlr7248, bxkke4723, ncsfo3287, cjdjfcn, nidaye81, yourfavtwins0"
83,2,1,8,0,670.357,28.857,0.643,0.214,"jxgxi8, touab4277"
84,2,1,8,0,3697.444,72.778,0.556,0.889,"ljpjvh, oljclk"
85,5,0.9,12,0.875,0,0,2,0,"kikiiwanputra7, joycecody, bdjsbsk4, gohdr4367, user3923265470"
86,4,1,11,1,448.217,30.478,0.217,0,"1qwdjjd, vakft4299, heheb8964, yowbc4277"
87,4,0.833,12,0.75,691.292,34.625,0.667,0.125,"xhjsjsgd6362, 4khuik, cjdfndrh, 3mbfklb"
88,2,1,8,0,703.375,30.125,0.25,0,"jdjsbs94, meggie.y"
89,2,1,8,0,1325.25,61.583,0.75,0.25,"bzsksk1, 41ghqq"
90,2,1,7,0,1073.909,64.455,0.727,0.273,"wlack2188, xbnrp3166"
91,6,0.867,12,0.867,1295.84,85.72,0.76,0.2,"bdjsxn6, gdghss35, dfittf, hzjsjs897, hds.hy, zdogz60"
92,3,1,8,1,1158.182,68.273,0.455,0.182,"elleigh.anton, sameerah.tare, xvjdsj5"
93,3,1,8,1,1535.077,89.462,1.385,0.385,"svjssh, hsbshzu0, hosgsg0"
94,2,1,8,0,1262.25,66,0,0.25,"fhcgocgo, jxjdkssj"
95,2,1,7,0,2744.5,213.8,1.8,1.4,"bawangchaji6, wss0372"
96,2,1,7,0,192.091,7.182,0.091,0,"ezz8b00fs6, gpq9eqz3f6"
97,2,1,9,0,983.75,88.583,1.167,0.333,"facailllll12138, mvbdanqi"
98,4,1,17,1,500.477,8.727,0.045,0.045,"hi5s0d6sh2, mt0kwjzyf4, ap3zqhf1b9, x8up9kaef9"
99,2,1,8,0,3181.273,136.818,1.909,1.727,"chadwickstaudinge, bethany.harper8"
100,13,0.385,43,0.677,9453.606,412.212,4.434,4.354,"tessh95, gdjdi63, hurrryu, oshasg, jspsns3, rtikb3, oaisg2, dghhg372, owuhwh, hfstil3, sfagnd, lzozi3, tug35587"
101,11,0.364,41,0.6,6940.843,257.771,4.193,2.398,"bjspsp, jelejeh1, flsosi5, cisos51, segji2, isgsjdj0, gysfh4, eyidk5, qllsks0, xvnmh8, zvjsl"
102,3,0.667,12,0,2641.8,133.2,2.5,1,"akksdb4, ghebdts, nfjsk12"
103,3,1,8,1,3520.333,143.083,1.5,1.417,"gajis40, fulknm, vsuau5"
104,2,1,19,0,4110.105,84.842,6.579,5.368,"reddit_ignatius8, shbsdd2"
105,5,0.6,17,0.6,596.45,14.25,0.3,0.1,"arffug, hdmjwo1, ewscnn, objlhmtjemu, oaqhtd"
106,3,1,9,1,521.222,13,0,0.111,"rtwgui, eqmhqf, ucdrmh"
107,7,0.476,27,0.545,1273.739,46.435,0.217,0.565,"idpeoc, lhqitc, hidouo, hltuoq, bipiqo, dtbtcc8, wgslhe"
108,2,1,7,0,15764.312,551.688,4.312,5.812,"hdicok57, hfigi61"
109,6,0.667,25,0.692,819.023,37.256,1.791,9.465,"qorusfio, tusoacyi, yaofguqvi, twodgcjq, osudgiwy1, yoaisghif"
110,20,0.305,22,0.612,7826.985,247.769,12.262,121.815,"aakimila, opal.tremaine, erdfcv65, ytcjvgjvjh.jv, ale492445, nash.bramwell4, neil.benjamin8, beulahgail8, alissa.coleman1, guoyut16, summer.king331, fv5b89fagg9o, tania.kumar67, darcy.leger, tamishatoler, amandadawson86, mateo.redkey, guili.kamil, ariana.aguillon32, zamuel.jeffers"
111,2,1,6,0,180.778,11.444,0.889,3.333,"hvoykvagyy, trurtuhdrgh.dfffg"
112,2,1,6,0,1465.3,67.2,6.2,15.7,"nakieta.cyrena, wm.bauch"
113,2,1,11,0,1026.167,48.417,2.083,9.583,"luckyli92, nanette.hauck"
114,2,1,9,0,2843,7.5,1.833,0.5,"wang021223, wwww60993"
115,2,1,6,0,10716.222,26.444,0,0,"sevenmoon22, zqyseven1115"
116,2,1,6,0,2514.667,17.533,0.6,1.933,"nichoareshy, roswerikou"
117,2,1,8,0,4920.167,21.667,0.667,2.667,"autopiumo, ribuluosse"
118,2,1,8,0,22081.214,190.571,8.571,3.071,"coicbf, usixidbd"
119,3,0.667,26,0,201.696,23.823,3.532,0.076,"amazingpilot0, amazingpilot2, girl_airplane112"
120,2,1,9,0,292.042,59.833,5.25,0.458,"gorgeousgirl268, moderngril5"
121,5,0.4,50,0,5465.549,378.268,10.127,6.732,"beautiful46h, cardriving139, chinesebeauty39, modernofuk, grilofchina"
122,2,1,15,0,202.949,0.923,0,0.103,"mgallaudio, tptk02426yr"
123,3,1,18,1,498.083,1.6,0,0.05,"mgallsharring, knl39aprh6, avafind2"
124,8,0.929,14,0.931,147645.625,17941.375,17.458,18.792,"user2831202166195, user43963440850412, pomidorkaburton, user67020763885058, user4121313609739, user803234406071, user5092428883552, user9676004301324"
125,4,0.833,12,0.75,17891.273,520.636,0.545,2.091,"user2597559587130, user3177411562228, user3919617098507, user5377240268617"
126,3,1,9,1,692.5,39.083,0.083,0.167,"jhhghhh072, b301337, user9374426252457"
127,12,0.439,24,0.791,23615.317,1669.878,2,4.073,"user1650053016559, user3170245291083, user4048037935198, kys85234, kko7876, user3915714591755, user1863454618156, kgs2688, user3133100384457, user99230457693190, user95302236381424, user9254165372734"
128,2,1,6,0,394.8,22.8,0,1,"user4584357991450, user90822192283963"
129,13,0.192,43,0.261,3448.476,76.175,0.73,5.667,"h461932, djkbc6, user1907312614659, h9778560, fuhg178, g666845, higgg813, lllk0893, fhhh0809, user5112619366179, user83124349344514, user99865506204226, user9287387878284"
130,2,1,6,0,4778.083,75.417,1.167,2,"njjj7155, h643987"
131,2,1,6,0,2865.917,68.5,2.583,2,"jugg5348, user57921160611748"
132,2,1,6,0,1778.375,69.375,0.75,10.5,"user3656084285106, user37122341811277"
133,2,1,7,0,2840.667,84.333,0.333,12.444,"user70209713058765, user91103639038365"
134,2,1,9,0,3839.917,150.333,0.167,1.583,"ghfd5370, giggg43"
135,2,1,6,0,4237.2,98.8,2.4,7.2,"u5743879, d0991587"
136,2,1,6,0,1535,55.167,0.167,0.167,"kjfvg6, kkhhj52"
137,2,1,8,0,921,71.429,0,0.143,"hhhh58061, vhgf4845"
138,3,1,7,1,446.111,31.111,0.111,0,"user1549820003623, user3373778426201, user6121483030619"
139,2,1,7,0,29843.75,1094.75,3,152,"gdxhj55, fdsch1"
140,6,0.333,12,0,442.235,34,0.353,0.765,"user2219061918887, fbde56, fhsg5189, ghfee48, grghyu4, sjbds20"
141,2,1,8,0,693.444,45.556,0.444,0.889,"ddghj32, rugfe37"
142,2,1,8,0,669.6,49.7,0.2,0.5,"ihd55, fkir038"
143,2,1,6,0,10580.222,395.556,2.222,6.222,"hdycycu, dfvbj82"
144,3,0.667,12,0,3182.1,141.7,3,1.1,"hrdgj17, gdxgj13, fdghj365"
145,3,1,6,1,620,63.583,0.333,1.917,"jfdfui, jgdfhk16, tkre891"
146,17,0.213,28,0.455,1973.065,139.565,5.435,11.728,"hcuccu156, d548930, fgvv752, fghj3095, umd274, hydu454, ecbb18, to24123, user5831942911597, user6100349282272, dhdy311, gns1528, user918416806877, user7270761600097, r.f.f.f..e, odt614, yfyd3444"
147,11,0.564,21,0.701,4570.75,210.194,5.667,9.639,"user8282530722624, kkeiehd, dchnk10, dhjcd11, gdxvj10, fg49328, hrsfh04, user69983144347523, murrku6, is32994, weddhi0"
148,2,1,8,0,1590.125,91.25,2.375,0.5,"gd34531, idsfgj2"
149,4,0.667,14,0.6,612.812,47.562,0.5,1.5,"tdiidt5, ft33271, muimrli, user6881678887137"
150,2,1,6,0,833.857,96.571,0.286,0.429,"tddg627, user339873505029792"
151,3,1,8,1,1340.636,88.182,0.364,2.909,"ffe86005, fsfhj26, user66922918433284"
152,2,1,7,0,755,57.875,0.25,0.125,"user805002943256, itdrziz"
153,2,1,6,0,7999.857,191.429,0.429,6.714,"idjeud35, tjfss7"
154,2,1,6,0,1062.375,106.5,0.25,1.75,"f5418494, itdx21"
155,2,1,8,0,2676.5,182.5,1.5,1.875,"user1738766581781, wjyjyw"
156,13,0.321,32,0.639,1224.449,66.286,0.286,1.02,"idy8476, user8117017115753, user85610256591796, lucflykys, dudsru, user6344766781678, gdxgh674, user6812613195119, gafhj63, tjvds5, jyjy28729, meukuri, yresfh37"
157,2,1,8,0,344.375,28.625,0.125,0.25,"jtx896, hfcvh809"
158,2,1,6,0,7746.333,161.333,1.333,0.833,"user3124512152145, user2917074527473"
159,4,0.667,15,0.6,584.364,16.273,0.091,0.091,"khdk645, user3619013985748, user4103930861811, user44817691810772"
160,4,1,9,1,330.917,7.583,0.167,0.083,"user4129380736161, user91822739973185, user5085375918072, user9446545490687"
161,5,0.5,20,0.429,768.8,30.8,0.067,0,"hsa7817, khs6617, user68626315465793, user77709828483003, user4637313595905"
162,4,0.833,12,0.75,3582.9,74,1.5,2.9,"user5801518465163, user3422065087878, user60955820079586, user7949928231015"
163,2,1,16,0,3333.684,143.053,4.474,4.263,"fdxgh64, user2396659561621"
164,4,0.5,18,0,2022.545,93.818,1.909,1.727,"tdfhj07, bgcnk7, hddgjh25, user554097349949"
165,2,1,6,0,3817.875,166.875,5,25.25,"ruge585, gddgh289"
166,4,0.667,14,0.6,3041.222,109.278,0.389,0.722,"gdxhhh8, gedgj25, hfdgk09, user37946701199785"
167,2,1,6,0,1239.714,43,0.857,3.429,"user6168144540470, user8478108672003"
168,2,1,9,0,868.917,51,0.917,0.833,"gdchji82, vdghj63"
169,2,1,12,0,1966.75,84,1.25,4.167,"rusrsuy, user33539405804153"
170,2,1,6,0,8759.833,383.917,28.25,89.25,"isvp.tdyd, bpuplzsm"
171,2,1,8,0,2110.25,64.875,0.875,0.875,"h891242, b762401"
172,2,1,8,0,752,52.375,0.25,0.875,"jhf536, user7813278398261"
173,3,1,6,1,776.167,40.083,0.5,0.417,"user4653779669079, nejxxejbd25677, j009813"
174,44,0.105,60,0.54,2144.212,105.327,1.151,4.532,"dhfde8, uddgh081, fdgg7273, hdznm33, hq12151718, urdghi2, user6758753838000, gddgh409, fhge82, grsgh5, tsdhj90, hddgj83, user28840388704006, hdhit79, tsdgu3, cschh0, user4926138720922, hdkte6, user152435261681, gfvhj98, user7049346312380, tdsgjk3, hdsy281, ibcydt, yurvbg2, user5070466660023, user5091293440265, user1947069783687, fsdgh41, hhregg52, hdsgh57, gkfd018, fhbds00, fsdcgg, fdfhhh783, gdsgh00, thfds76, hddgh331, tdfhh770, hjes877, user9921602198218, f.hd.ss, yrchj1, yesfg42"
175,6,0.6,19,0.316,5183.275,51.925,1.975,5.8,"tedsu529, bdkcv272, veysa891, heisf127, vdysj116, xiahoudun152"
176,3,0.667,14,0,956.111,14.111,0.111,0.333,"luanbaom010, qiekenao02, qiekenao03"
177,3,1,14,1,5440.435,57.696,0.174,0.391,"forwardcode423, shadrickkham, speakingspeak.464"
178,3,1,9,1,460,21.111,0.444,0.556,"709hahajiajia77, dkdosbg, user3574808770700"
179,4,0.667,14,0.6,1230.833,45.583,0.333,0.167,"agod.ypoi6, amayakianas, essifamb55, ress.rica1"
180,2,1,6,0,164.6,6.8,0.4,0,"fizz.fits8, mgff587"
181,5,0.7,14,0.643,10195.933,150.733,1.2,5.667,"baokbaom10a, laifu004, faicai007, chifan006, tiantianbaok009"
182,3,0.667,12,0,367.429,22.286,0.143,0.143,"lionelsurrey6, huulanhuynh, minhthuduong25"
183,3,0.667,12,0,4032.5,188.875,4.875,0.875,"dayutoureddit, user5856382575116, baifamm13"
184,20,0.258,45,0.643,675.246,40.844,0.402,0.18,"jecxsz, ozvpix, nizbbd, calfkg, ldaphc, dtxijq, eqxela7, wdjcus5, idsdyl5, wgxodu, mpypax, tllbwg, gacbwp, fqyjbw, pzfjwg, lhzhzw, qbjqgx, rlumvi, zysmpbz, wihwth"
185,5,1,22,1,516.053,36.553,0.342,0.079,"orfywp8, cxjunn7, nzdifo, hxrbdqi, sypvvz"
186,5,1,19,1,581.03,34.364,0.091,0.152,"ttazpqe, tthemca, utoxwqg, nzojawm2, uwzqunq"
187,3,1,8,1,1503.529,61.176,1.588,0.294,"rdfhjj0, jsiso93, sdff13458"
188,7,0.524,24,0.692,319.725,14.85,0.15,0.1,"rttdg3, gedg46, dyfv19, bryg69, hfcb106, adhbf49, snkwke1"
189,3,0.667,13,0,1083.227,71.818,0.364,3.955,"reush5, user82404835347276, yugcfg2"
190,3,1,12,1,2874.857,115.714,0.905,2.571,"fjgd605, gesghh2, hddgk68"
191,2,1,8,0,608.5,51.2,0.8,8.2,"user6245910017626, ztixti77"
192,4,0.5,20,0,2792.5,169.875,9,8.062,"tkgfe0, lyqrty, lijhgtji, user7617569360313"
193,9,0.528,16,0.63,110.583,4.806,0.083,0.25,"bb9xk14p94, wqpf8lnhd7, cu5lgnfff5, iit14phaa5, oz3odbdzw9, niyusc9na5, ytuc3l02h5, rwqhveow92, z1lkv0zzv3"
194,2,1,7,0,1413.125,106.375,6.375,10,"user1944276878232, user7375741469924"
195,2,1,6,0,2075.333,107.5,4.333,6.333,"user76730470584198, user9701593916272"
196,2,1,18,0,4817.952,49.476,1.143,0.619,"sharemusic48, user3310281972692"
197,4,0.833,12,0.75,1382.1,70.2,0.5,0.7,"tbfbmdzuq059, dhcss7, gncdg94, user7672491933286"
198,3,1,7,1,549.889,12.778,0.111,0.111,"mike123956, wudianqi188, zhaob002"
199,9,1,8,1,74.222,0.852,0.037,0,"sf5oq09wz7, ln0e5mvy40, me5yb6aga3, htfuw4alb1, hc60ld8ho2, hcybawovq8, jyx6aob6n4, ocunit9dx1, ylnc4queq1"
200,2,1,6,0,2032.857,40.286,0.714,2.571,"bbaibi176, tom888349"
201,11,0.291,55,0.568,908.743,69.541,0.446,0.73,"fkir2290, fbgg2395, coirf88774, hrsy60677, sooz6329, urdu9708, cjur6297, courr1227, gour2295, ufsc8075, voie3340"
202,3,1,9,1,1996.933,61.067,0.333,1.6,"clirr5282, gjguq6894, tiut0219"
203,4,0.667,17,0.6,852.381,49.857,0.143,0.381,"ehgw1916, gbhg9586, gjie0094, fnnf8890"
204,2,1,9,0,523.182,33.636,0.273,0.545,"cjire9104, dhhi6645"
205,3,0.667,12,0,3064.714,73.857,4.714,1,"kukutou3, demaniweeden, whymmmm39"
206,2,1,6,0,6834.778,60.778,10.778,1,"laicai869, wuosgks581"
207,2,1,7,0,5652,112.833,0.333,0.333,"user2299791814132, user2888476868746"
208,4,1,13,1,1542.704,73.815,0.481,0.222,"reddit55549, redditstory667, pjk3357, redreddit48"
209,2,1,6,0,4086.4,179.2,9.2,16.2,"feitk007, user36571110995391"
210,2,1,6,0,344.167,7.167,0.667,0.5,"vcjb825, wcvb428"
211,2,1,9,0,595.667,13.5,1.333,0.333,"acvb753, eruf327"
212,2,1,8,0,787.167,46.833,1,0.667,"ry4nsqjqx9, yke8f0ir52"
213,3,1,9,1,337.444,24.667,0.222,0.556,"user1687759132040, user4669352812760, user775654654091"
214,34,0.175,41,0.419,2127.225,112.085,2.376,6.305,"fsdgj00, user9611218681309, user2254187778620, user5782708460383, user767736632380, bhbtv103, ghyyusvyr, gddgj719, user6217574500806, gdjdj574, gdfhjk51, flvfd4, haznmhbrk716, dsfhu28, hdfjj91, dugfbuf, user9723611225572, fgrdhhhj, dvhrah46, gdghu233, hjfd292, hgdeyt64, hdsch8, user7706732142506, hffj8833, fhhqf62, gvfsy54, hdbtv68, hgfstu64, y976609, ueiks79, fcchj19, user912929975401, ydbsjqd72"
215,7,0.571,21,0.656,554.2,37.15,0.25,0.4,"mheky382, hyg6783, fjfhjf182, kurkeu, ghdnei1, jfsgug3, eusnjs2"
216,2,1,8,0,9528.375,52.5,22.375,1.75,"cloudhza3xo, dddad380"
217,2,1,6,0,2396.714,187.714,2.929,4.286,"rofjfhuugc.z, itfhhtt.y"
218,2,1,6,0,8207.429,205.5,3,1.143,"jendgtrd.467v, user083716890"
219,2,1,6,0,1677,79.4,2,1.5,"gssgh83, idfhj50"
220,2,1,8,0,5474,15,0.333,1.167,"mgcr2yo9i6, o10kwf8wm9"
221,2,1,6,0,1461,42,0.333,0.667,"bhjxd70, jcdflo"
222,2,1,8,0,2982.4,53.1,0.3,0.8,"vanleeuwengizinsk, wolkowtiffany"
223,2,1,6,0,2825.444,116.778,1.333,10.444,"fsfhd1, gedgh332"
224,3,1,9,1,6671.222,183.111,1.222,3.889,"hedgh35, grsdhj1, hradh1"
