"Post URL","Network","Author","Timestamp","Number of Accounts","Views","Likes","Comments","Shares","Description"
"<a href=""https://www.tiktok.com/@rv65gv8107/video/7568165694450240798"" target=""_blank"" class=""btn btn-sm"" style=""background-color: #00926c; color: white; text-decoration: none; padding: 2px 8px; border-radius: 4px; font-size: 0.8em;"">View Post</a>",4,"rv65gv8107","2025-11-02 16:28:26",5,54657,860,7,137,"The current condition of PONPES AI Khoziny Sidoarjo mosque collapsed during Asr prayer#jtvjember #evakuasi #sidoarjo #fyp"
"<a href=""https://www.tiktok.com/@z7dacszi71/video/7568165383480298783"" target=""_blank"" class=""btn btn-sm"" style=""background-color: #00926c; color: white; text-decoration: none; padding: 2px 8px; border-radius: 4px; font-size: 0.8em;"">View Post</a>",4,"z7dacszi71","2025-11-02 16:27:12",5,5453,171,0,0,"The current condition of PONPES AI Khoziny Sidoarjo mosque collapsed during Asr prayer#jtvjember #evakuasi #sidoarjo #fyp"
"<a href=""https://www.tiktok.com/@z7dacszi71/video/7568165311560600862"" target=""_blank"" class=""btn btn-sm"" style=""background-color: #00926c; color: white; text-decoration: none; padding: 2px 8px; border-radius: 4px; font-size: 0.8em;"">View Post</a>",4,"z7dacszi71","2025-11-02 16:26:57",5,6302,100,0,0,"The current condition of PONPES AI Khoziny Sidoarjo mosque collapsed during Asr prayer#jtvjember #evakuasi #sidoarjo #fyp"
"<a href=""https://www.tiktok.com/@rv65gv8107/video/7568165138147183902"" target=""_blank"" class=""btn btn-sm"" style=""background-color: #00926c; color: white; text-decoration: none; padding: 2px 8px; border-radius: 4px; font-size: 0.8em;"">View Post</a>",4,"rv65gv8107","2025-11-02 16:26:19",5,1228,52,1,6,"The current condition of PONPES AI Khoziny Sidoarjo mosque collapsed during Asr prayer#jtvjember #evakuasi #sidoarjo #fyp"
"<a href=""https://www.tiktok.com/@rv65gv8107/video/7568165123362131231"" target=""_blank"" class=""btn btn-sm"" style=""background-color: #00926c; color: white; text-decoration: none; padding: 2px 8px; border-radius: 4px; font-size: 0.8em;"">View Post</a>",4,"rv65gv8107","2025-11-02 16:26:07",5,92357,3958,85,1025,"The current condition of PONPES AI Khoziny Sidoarjo mosque collapsed during Asr prayer#jtvjember #evakuasi #sidoarjo #fyp"
"<a href=""https://www.tiktok.com/@z7dacszi71/video/7568164960048598303"" target=""_blank"" class=""btn btn-sm"" style=""background-color: #00926c; color: white; text-decoration: none; padding: 2px 8px; border-radius: 4px; font-size: 0.8em;"">View Post</a>",4,"z7dacszi71","2025-11-02 16:25:40",5,8606,83,0,0,"The current condition of PONPES AI Khoziny Sidoarjo mosque collapsed during Asr prayer#jtvjember #evakuasi #sidoarjo #fyp"
"<a href=""https://www.tiktok.com/@klcc00.2/video/7568163206284299534"" target=""_blank"" class=""btn btn-sm"" style=""background-color: #00926c; color: white; text-decoration: none; padding: 2px 8px; border-radius: 4px; font-size: 0.8em;"">View Post</a>",5,"klcc00.2","2025-11-02 16:19:00",5,459,21,1,0,"The current condition of PONPES AI Khoziny Sidoarjo mosque collapsed during Asr prayer#jtvjember #evakuasi #sidoarjo #fyp"
"<a href=""https://www.tiktok.com/@luru.hagu/video/7568163136570739998"" target=""_blank"" class=""btn btn-sm"" style=""background-color: #00926c; color: white; text-decoration: none; padding: 2px 8px; border-radius: 4px; font-size: 0.8em;"">View Post</a>",5,"luru.hagu","2025-11-02 16:18:35",5,798,50,1,0,"The current condition of PONPES AI Khoziny Sidoarjo mosque collapsed during Asr prayer#jtvjember #evakuasi #sidoarjo #fyp"
"<a href=""https://www.tiktok.com/@klcc00.2/video/7568163072049745207"" target=""_blank"" class=""btn btn-sm"" style=""background-color: #00926c; color: white; text-decoration: none; padding: 2px 8px; border-radius: 4px; font-size: 0.8em;"">View Post</a>",5,"klcc00.2","2025-11-02 16:18:31",5,8090,205,0,0,"The current condition of PONPES AI Khoziny Sidoarjo mosque collapsed during Asr prayer#jtvjember #evakuasi #sidoarjo #fyp"
"<a href=""https://www.tiktok.com/@tbtn4yadb0/video/7568163048993705246"" target=""_blank"" class=""btn btn-sm"" style=""background-color: #00926c; color: white; text-decoration: none; padding: 2px 8px; border-radius: 4px; font-size: 0.8em;"">View Post</a>",5,"tbtn4yadb0","2025-11-02 16:18:09",5,5300,88,0,1,"The current condition of PONPES AI Khoziny Sidoarjo mosque collapsed during Asr prayer#jtvjember #evakuasi #sidoarjo #fyp"
"<a href=""https://www.tiktok.com/@tbtn4yadb0/video/7568162737935731998"" target=""_blank"" class=""btn btn-sm"" style=""background-color: #00926c; color: white; text-decoration: none; padding: 2px 8px; border-radius: 4px; font-size: 0.8em;"">View Post</a>",5,"tbtn4yadb0","2025-11-02 16:16:57",5,748,22,0,0,"The current condition of PONPES AI Khoziny Sidoarjo mosque collapsed during Asr prayer#jtvjember #evakuasi #sidoarjo #fyp"
"<a href=""https://www.tiktok.com/@luru.hagu/video/7568162679886482718"" target=""_blank"" class=""btn btn-sm"" style=""background-color: #00926c; color: white; text-decoration: none; padding: 2px 8px; border-radius: 4px; font-size: 0.8em;"">View Post</a>",5,"luru.hagu","2025-11-02 16:16:41",5,631,57,0,0,"The current condition of PONPES AI Khoziny Sidoarjo mosque collapsed during Asr prayer#jtvjember #evakuasi #sidoarjo #fyp"
"<a href=""https://www.tiktok.com/@klcc00.2/video/7568162644742491406"" target=""_blank"" class=""btn btn-sm"" style=""background-color: #00926c; color: white; text-decoration: none; padding: 2px 8px; border-radius: 4px; font-size: 0.8em;"">View Post</a>",5,"klcc00.2","2025-11-02 16:17:00",5,33665,855,1,37,"The current condition of PONPES AI Khoziny Sidoarjo mosque collapsed during Asr prayer#jtvjember #evakuasi #sidoarjo #fyp"
"<a href=""https://www.tiktok.com/@f1nkrheka7/video/7568161909090815263"" target=""_blank"" class=""btn btn-sm"" style=""background-color: #00926c; color: white; text-decoration: none; padding: 2px 8px; border-radius: 4px; font-size: 0.8em;"">View Post</a>",6,"f1nkrheka7","2025-11-02 16:13:42",5,2101,45,0,0,"The current condition of PONPES AI Khoziny Sidoarjo mosque collapsed during Asr prayer#jtvjember #evakuasi #sidoarjo #fyp"
"<a href=""https://www.tiktok.com/@cckzumrc48/video/7568161792703155470"" target=""_blank"" class=""btn btn-sm"" style=""background-color: #00926c; color: white; text-decoration: none; padding: 2px 8px; border-radius: 4px; font-size: 0.8em;"">View Post</a>",6,"cckzumrc48","2025-11-02 16:13:30",5,356,10,0,0,"The current condition of PONPES AI Khoziny Sidoarjo mosque collapsed during Asr prayer#jtvjember #evakuasi #sidoarjo #fyp"
"<a href=""https://www.tiktok.com/@klcc7363/video/7568161592613915917"" target=""_blank"" class=""btn btn-sm"" style=""background-color: #00926c; color: white; text-decoration: none; padding: 2px 8px; border-radius: 4px; font-size: 0.8em;"">View Post</a>",6,"klcc7363","2025-11-02 16:12:51",5,818,81,0,0,"The current condition of PONPES AI Khoziny Sidoarjo mosque collapsed during Asr prayer#jtvjember #evakuasi #sidoarjo #fyp"
"<a href=""https://www.tiktok.com/@klcc7363/video/7568161453354618167"" target=""_blank"" class=""btn btn-sm"" style=""background-color: #00926c; color: white; text-decoration: none; padding: 2px 8px; border-radius: 4px; font-size: 0.8em;"">View Post</a>",6,"klcc7363","2025-11-02 16:12:13",5,354,24,0,0,"The current condition of PONPES AI Khoziny Sidoarjo mosque collapsed during Asr prayer#jtvjember #evakuasi #sidoarjo #fyp"
"<a href=""https://www.tiktok.com/@f1nkrheka7/video/7568161431703538974"" target=""_blank"" class=""btn btn-sm"" style=""background-color: #00926c; color: white; text-decoration: none; padding: 2px 8px; border-radius: 4px; font-size: 0.8em;"">View Post</a>",6,"f1nkrheka7","2025-11-02 16:11:50",5,208,3,0,0,"The current condition of PONPES AI Khoziny Sidoarjo mosque collapsed during Asr prayer#jtvjember #evakuasi #sidoarjo #fyp"
"<a href=""https://www.tiktok.com/@cckzumrc48/video/7568161312715459853"" target=""_blank"" class=""btn btn-sm"" style=""background-color: #00926c; color: white; text-decoration: none; padding: 2px 8px; border-radius: 4px; font-size: 0.8em;"">View Post</a>",6,"cckzumrc48","2025-11-02 16:11:47",5,488,28,1,0,"The current condition of PONPES AI Khoziny Sidoarjo mosque collapsed during Asr prayer#jtvjember #evakuasi #sidoarjo #fyp"
"<a href=""https://www.tiktok.com/@klcc7363/video/7568161154078362894"" target=""_blank"" class=""btn btn-sm"" style=""background-color: #00926c; color: white; text-decoration: none; padding: 2px 8px; border-radius: 4px; font-size: 0.8em;"">View Post</a>",6,"klcc7363","2025-11-02 16:11:02",5,369,17,0,0,"The current condition of PONPES AI Khoziny Sidoarjo mosque collapsed during Asr prayer#jtvjember #evakuasi #sidoarjo #fyp"
"<a href=""https://www.tiktok.com/@f1nkrheka7/video/7568161119332814110"" target=""_blank"" class=""btn btn-sm"" style=""background-color: #00926c; color: white; text-decoration: none; padding: 2px 8px; border-radius: 4px; font-size: 0.8em;"">View Post</a>",6,"f1nkrheka7","2025-11-02 16:10:41",5,2942,36,1,0,"The current condition of PONPES AI Khoziny Sidoarjo mosque collapsed during Asr prayer#jtvjember #evakuasi #sidoarjo #fyp"
"<a href=""https://www.tiktok.com/@cckzumrc48/video/7568161030627478839"" target=""_blank"" class=""btn btn-sm"" style=""background-color: #00926c; color: white; text-decoration: none; padding: 2px 8px; border-radius: 4px; font-size: 0.8em;"">View Post</a>",6,"cckzumrc48","2025-11-02 16:10:42",5,2318,20,0,1,"The current condition of PONPES AI Khoziny Sidoarjo mosque collapsed during Asr prayer#jtvjember #evakuasi #sidoarjo #fyp"
"<a href=""https://www.tiktok.com/@tbtn4yadb0/video/7568163049945713950"" target=""_blank"" class=""btn btn-sm"" style=""background-color: #00926c; color: white; text-decoration: none; padding: 2px 8px; border-radius: 4px; font-size: 0.8em;"">View Post</a>",5,"tbtn4yadb0","2025-11-02 16:18:08",5,4924,50,0,0,"The current condition of PONPES AI Khoziny Sidoarjo mosque collapsed during Asr prayer#jtvjember #evakuasi #sidoarjo #fyp"
"<a href=""https://www.tiktok.com/@marcomesquita974/video/7568232014327958797"" target=""_blank"" class=""btn btn-sm"" style=""background-color: #00926c; color: white; text-decoration: none; padding: 2px 8px; border-radius: 4px; font-size: 0.8em;"">View Post</a>",7,"marcomesquita974","2025-11-02 20:45:56",2,30945,728,22,15,"Phillies land All-Star closer Joan Duran ahead of MLB trade deadline👀🔥 #MLBTradeDeadline #Phillies #BaseballUpdates #SportsNews#USA"
"<a href=""https://www.tiktok.com/@hihi909kk/video/7568231942932401438"" target=""_blank"" class=""btn btn-sm"" style=""background-color: #00926c; color: white; text-decoration: none; padding: 2px 8px; border-radius: 4px; font-size: 0.8em;"">View Post</a>",7,"hihi909kk","2025-11-02 20:45:33",2,1267,21,0,0,"Phillies land All-Star closer Joan Duran ahead of MLB trade deadline👀🔥 #MLBTradeDeadline #Phillies #BaseballUpdates #SportsNews#USA"
"<a href=""https://www.tiktok.com/@marcomesquita974/video/7568231606230469902"" target=""_blank"" class=""btn btn-sm"" style=""background-color: #00926c; color: white; text-decoration: none; padding: 2px 8px; border-radius: 4px; font-size: 0.8em;"">View Post</a>",7,"marcomesquita974","2025-11-02 20:44:19",2,30336,843,17,5,"Phillies land All-Star closer Joan Duran ahead of MLB trade deadline👀🔥 #MLBTradeDeadline #Phillies #BaseballUpdates #SportsNews#USA"
"<a href=""https://www.tiktok.com/@marcomesquita974/video/7568231438680722743"" target=""_blank"" class=""btn btn-sm"" style=""background-color: #00926c; color: white; text-decoration: none; padding: 2px 8px; border-radius: 4px; font-size: 0.8em;"">View Post</a>",7,"marcomesquita974","2025-11-02 20:43:48",2,18527,448,11,5,"Phillies land All-Star closer Joan Duran ahead of MLB trade deadline👀🔥 #MLBTradeDeadline #Phillies #BaseballUpdates #SportsNews#USA"
"<a href=""https://www.tiktok.com/@bysmovie4/video/7568231223470853406"" target=""_blank"" class=""btn btn-sm"" style=""background-color: #00926c; color: white; text-decoration: none; padding: 2px 8px; border-radius: 4px; font-size: 0.8em;"">View Post</a>",7,"bysmovie4","2025-11-02 20:42:44",2,1133,90,1,0,"Phillies land All-Star closer Joan Duran ahead of MLB trade deadline👀🔥 #MLBTradeDeadline #Phillies #BaseballUpdates #SportsNews#USA"
"<a href=""https://www.tiktok.com/@bysmovie4/video/7568231202117717278"" target=""_blank"" class=""btn btn-sm"" style=""background-color: #00926c; color: white; text-decoration: none; padding: 2px 8px; border-radius: 4px; font-size: 0.8em;"">View Post</a>",7,"bysmovie4","2025-11-02 20:42:41",2,1388,86,0,1,"Phillies land All-Star closer Joan Duran ahead of MLB trade deadline👀🔥 #MLBTradeDeadline #Phillies #BaseballUpdates #SportsNews#USA"
"<a href=""https://www.tiktok.com/@hihi909kk/video/7568231135591828767"" target=""_blank"" class=""btn btn-sm"" style=""background-color: #00926c; color: white; text-decoration: none; padding: 2px 8px; border-radius: 4px; font-size: 0.8em;"">View Post</a>",7,"hihi909kk","2025-11-02 20:42:22",2,1181,28,0,0,"Phillies land All-Star closer Joan Duran ahead of MLB trade deadline👀🔥 #MLBTradeDeadline #Phillies #BaseballUpdates #SportsNews#USA"
"<a href=""https://www.tiktok.com/@hihi909kk/video/7568231128042114334"" target=""_blank"" class=""btn btn-sm"" style=""background-color: #00926c; color: white; text-decoration: none; padding: 2px 8px; border-radius: 4px; font-size: 0.8em;"">View Post</a>",7,"hihi909kk","2025-11-02 20:42:22",2,1674,36,0,0,"Phillies land All-Star closer Joan Duran ahead of MLB trade deadline👀🔥 #MLBTradeDeadline #Phillies #BaseballUpdates #SportsNews#USA"
"<a href=""https://www.tiktok.com/@hihi909kk/video/7568230806116764958"" target=""_blank"" class=""btn btn-sm"" style=""background-color: #00926c; color: white; text-decoration: none; padding: 2px 8px; border-radius: 4px; font-size: 0.8em;"">View Post</a>",7,"hihi909kk","2025-11-02 20:41:11",2,752,10,0,0,"Phillies land All-Star closer Joan Duran ahead of MLB trade deadline👀🔥 #MLBTradeDeadline #Phillies #BaseballUpdates #SportsNews#USA"
"<a href=""https://www.tiktok.com/@bysmovie4/video/7568230753889242398"" target=""_blank"" class=""btn btn-sm"" style=""background-color: #00926c; color: white; text-decoration: none; padding: 2px 8px; border-radius: 4px; font-size: 0.8em;"">View Post</a>",7,"bysmovie4","2025-11-02 20:40:53",2,1127,52,0,0,"Phillies land All-Star closer Joan Duran ahead of MLB trade deadline👀🔥 #MLBTradeDeadline #Phillies #BaseballUpdates #SportsNews#USA"
"<a href=""https://www.tiktok.com/@rasthuyanuhikoli/video/7568230707571608863"" target=""_blank"" class=""btn btn-sm"" style=""background-color: #00926c; color: white; text-decoration: none; padding: 2px 8px; border-radius: 4px; font-size: 0.8em;"">View Post</a>",7,"rasthuyanuhikoli","2025-11-02 20:40:42",2,2558,72,0,0,"Phillies land All-Star closer Joan Duran ahead of MLB trade deadline👀🔥 #MLBTradeDeadline #Phillies #BaseballUpdates #SportsNews#USA"
"<a href=""https://www.tiktok.com/@rasthuyanuhikoli/video/7568230706787126558"" target=""_blank"" class=""btn btn-sm"" style=""background-color: #00926c; color: white; text-decoration: none; padding: 2px 8px; border-radius: 4px; font-size: 0.8em;"">View Post</a>",7,"rasthuyanuhikoli","2025-11-02 20:40:41",2,932,28,1,0,"Phillies land All-Star closer Joan Duran ahead of MLB trade deadline👀🔥 #MLBTradeDeadline #Phillies #BaseballUpdates #SportsNews#USA"
"<a href=""https://www.tiktok.com/@rasthuyanuhikoli/video/7568229762213154078"" target=""_blank"" class=""btn btn-sm"" style=""background-color: #00926c; color: white; text-decoration: none; padding: 2px 8px; border-radius: 4px; font-size: 0.8em;"">View Post</a>",7,"rasthuyanuhikoli","2025-11-02 20:37:01",2,1067,44,1,0,"Phillies land All-Star closer Joan Duran ahead of MLB trade deadline👀🔥 #MLBTradeDeadline #Phillies #BaseballUpdates #SportsNews#USA"
"<a href=""https://www.tiktok.com/@lzcpprapz9/video/7568061876957875486"" target=""_blank"" class=""btn btn-sm"" style=""background-color: #00926c; color: white; text-decoration: none; padding: 2px 8px; border-radius: 4px; font-size: 0.8em;"">View Post</a>",8,"lzcpprapz9","2025-11-02 09:46:16",2,7,1,0,0,"Phillies land All-Star closer Joan Duran ahead of MLB trade deadline👀🔥 #MLBTradeDeadline #Phillies #BaseballUpdates #SportsNews#USA"
"<a href=""https://www.tiktok.com/@lzcpprapz9/video/7568061705905835294"" target=""_blank"" class=""btn btn-sm"" style=""background-color: #00926c; color: white; text-decoration: none; padding: 2px 8px; border-radius: 4px; font-size: 0.8em;"">View Post</a>",8,"lzcpprapz9","2025-11-02 09:45:49",2,188,1,0,0,"Phillies land All-Star closer Joan Duran ahead of MLB trade deadline👀🔥 #MLBTradeDeadline #Phillies #BaseballUpdates #SportsNews#USA"
"<a href=""https://www.tiktok.com/@lzcpprapz9/video/7568061619381538078"" target=""_blank"" class=""btn btn-sm"" style=""background-color: #00926c; color: white; text-decoration: none; padding: 2px 8px; border-radius: 4px; font-size: 0.8em;"">View Post</a>",8,"lzcpprapz9","2025-11-02 09:45:28",2,607,24,0,1,"Phillies land All-Star closer Joan Duran ahead of MLB trade deadline👀🔥 #MLBTradeDeadline #Phillies #BaseballUpdates #SportsNews#USA"
"<a href=""https://www.tiktok.com/@lzcpprapz9/video/7568061511344672030"" target=""_blank"" class=""btn btn-sm"" style=""background-color: #00926c; color: white; text-decoration: none; padding: 2px 8px; border-radius: 4px; font-size: 0.8em;"">View Post</a>",8,"lzcpprapz9","2025-11-02 09:44:58",2,290,3,0,0,"Phillies land All-Star closer Joan Duran ahead of MLB trade deadline👀🔥 #MLBTradeDeadline #Phillies #BaseballUpdates #SportsNews#USA"
"<a href=""https://www.tiktok.com/@lzcpprapz9/video/7568061498329664799"" target=""_blank"" class=""btn btn-sm"" style=""background-color: #00926c; color: white; text-decoration: none; padding: 2px 8px; border-radius: 4px; font-size: 0.8em;"">View Post</a>",8,"lzcpprapz9","2025-11-02 09:44:41",2,275,3,0,0,"Phillies land All-Star closer Joan Duran ahead of MLB trade deadline👀🔥 #MLBTradeDeadline #Phillies #BaseballUpdates #SportsNews#USA"
"<a href=""https://www.tiktok.com/@lzcpprapz9/video/7568061494110309662"" target=""_blank"" class=""btn btn-sm"" style=""background-color: #00926c; color: white; text-decoration: none; padding: 2px 8px; border-radius: 4px; font-size: 0.8em;"">View Post</a>",8,"lzcpprapz9","2025-11-02 09:44:55",2,264,9,0,0,"Phillies land All-Star closer Joan Duran ahead of MLB trade deadline👀🔥 #MLBTradeDeadline #Phillies #BaseballUpdates #SportsNews#USA"
"<a href=""https://www.tiktok.com/@lzcpprapz9/video/7568061305664425246"" target=""_blank"" class=""btn btn-sm"" style=""background-color: #00926c; color: white; text-decoration: none; padding: 2px 8px; border-radius: 4px; font-size: 0.8em;"">View Post</a>",8,"lzcpprapz9","2025-11-02 09:44:15",2,952,4,0,0,"Phillies land All-Star closer Joan Duran ahead of MLB trade deadline👀🔥 #MLBTradeDeadline #Phillies #BaseballUpdates #SportsNews#USA"
"<a href=""https://www.tiktok.com/@ldubibznu8/video/7568061250723122463"" target=""_blank"" class=""btn btn-sm"" style=""background-color: #00926c; color: white; text-decoration: none; padding: 2px 8px; border-radius: 4px; font-size: 0.8em;"">View Post</a>",8,"ldubibznu8","2025-11-02 09:43:42",2,125,3,0,0,"Phillies land All-Star closer Joan Duran ahead of MLB trade deadline👀🔥 #MLBTradeDeadline #Phillies #BaseballUpdates #SportsNews#USA"
"<a href=""https://www.tiktok.com/@ldubibznu8/video/7568061135686044958"" target=""_blank"" class=""btn btn-sm"" style=""background-color: #00926c; color: white; text-decoration: none; padding: 2px 8px; border-radius: 4px; font-size: 0.8em;"">View Post</a>",8,"ldubibznu8","2025-11-02 09:43:29",2,2,1,0,0,"Phillies land All-Star closer Joan Duran ahead of MLB trade deadline👀🔥 #MLBTradeDeadline #Phillies #BaseballUpdates #SportsNews#USA"
"<a href=""https://www.tiktok.com/@ldubibznu8/video/7568061064282230046"" target=""_blank"" class=""btn btn-sm"" style=""background-color: #00926c; color: white; text-decoration: none; padding: 2px 8px; border-radius: 4px; font-size: 0.8em;"">View Post</a>",8,"ldubibznu8","2025-11-02 09:43:32",2,1145,7,0,1,"Phillies land All-Star closer Joan Duran ahead of MLB trade deadline👀🔥 #MLBTradeDeadline #Phillies #BaseballUpdates #SportsNews#USA"
"<a href=""https://www.tiktok.com/@ldubibznu8/video/7568061045395180831"" target=""_blank"" class=""btn btn-sm"" style=""background-color: #00926c; color: white; text-decoration: none; padding: 2px 8px; border-radius: 4px; font-size: 0.8em;"">View Post</a>",8,"ldubibznu8","2025-11-02 09:43:07",2,486,32,0,0,"Phillies land All-Star closer Joan Duran ahead of MLB trade deadline👀🔥 #MLBTradeDeadline #Phillies #BaseballUpdates #SportsNews#USA"
"<a href=""https://www.tiktok.com/@ldubibznu8/video/7568061023362632991"" target=""_blank"" class=""btn btn-sm"" style=""background-color: #00926c; color: white; text-decoration: none; padding: 2px 8px; border-radius: 4px; font-size: 0.8em;"">View Post</a>",8,"ldubibznu8","2025-11-02 09:43:11",2,1,1,0,0,"Phillies land All-Star closer Joan Duran ahead of MLB trade deadline👀🔥 #MLBTradeDeadline #Phillies #BaseballUpdates #SportsNews#USA"
"<a href=""https://www.tiktok.com/@ldubibznu8/video/7568060972607278366"" target=""_blank"" class=""btn btn-sm"" style=""background-color: #00926c; color: white; text-decoration: none; padding: 2px 8px; border-radius: 4px; font-size: 0.8em;"">View Post</a>",8,"ldubibznu8","2025-11-02 09:42:52",2,290,22,0,0,"Phillies land All-Star closer Joan Duran ahead of MLB trade deadline👀🔥 #MLBTradeDeadline #Phillies #BaseballUpdates #SportsNews#USA"
"<a href=""https://www.tiktok.com/@ldubibznu8/video/7568060912674802975"" target=""_blank"" class=""btn btn-sm"" style=""background-color: #00926c; color: white; text-decoration: none; padding: 2px 8px; border-radius: 4px; font-size: 0.8em;"">View Post</a>",8,"ldubibznu8","2025-11-02 09:42:29",2,545,48,0,0,"Phillies land All-Star closer Joan Duran ahead of MLB trade deadline👀🔥 #MLBTradeDeadline #Phillies #BaseballUpdates #SportsNews#USA"
"<a href=""https://www.tiktok.com/@ldubibznu8/video/7568060823512386846"" target=""_blank"" class=""btn btn-sm"" style=""background-color: #00926c; color: white; text-decoration: none; padding: 2px 8px; border-radius: 4px; font-size: 0.8em;"">View Post</a>",8,"ldubibznu8","2025-11-02 09:42:15",2,2569,21,0,0,"Phillies land All-Star closer Joan Duran ahead of MLB trade deadline👀🔥 #MLBTradeDeadline #Phillies #BaseballUpdates #SportsNews#USA"
"<a href=""https://www.tiktok.com/@vdv9iggyi7/video/7568000162652589342"" target=""_blank"" class=""btn btn-sm"" style=""background-color: #00926c; color: white; text-decoration: none; padding: 2px 8px; border-radius: 4px; font-size: 0.8em;"">View Post</a>",1,"vdv9iggyi7","2025-11-02 05:46:15",1,5011,52,1,2,"KondisiterkinimusholaPONPESAIKhozinySidoarjoambruksaatsalatashar.#jtvjember#evakuasi#sidoarjo#fyp"
"<a href=""https://www.tiktok.com/@q5hbkduxc0/video/7568000099314453773"" target=""_blank"" class=""btn btn-sm"" style=""background-color: #00926c; color: white; text-decoration: none; padding: 2px 8px; border-radius: 4px; font-size: 0.8em;"">View Post</a>",1,"q5hbkduxc0","2025-11-02 05:46:17",1,242713,1328,6,89,"KondisiterkinimusholaPONPESAIKhozinySidoarjoambruksaatsalatashar.#jtvjember#evakuasi#sidoarjo#fyp"
"<a href=""https://www.tiktok.com/@vdv9iggyi7/video/7567999826395286815"" target=""_blank"" class=""btn btn-sm"" style=""background-color: #00926c; color: white; text-decoration: none; padding: 2px 8px; border-radius: 4px; font-size: 0.8em;"">View Post</a>",1,"vdv9iggyi7","2025-11-02 05:44:55",1,5225,65,0,7,"KondisiterkinimusholaPONPESAIKhozinySidoarjoambruksaatsalatashar.#jtvjember#evakuasi#sidoarjo#fyp"
"<a href=""https://www.tiktok.com/@q5hbkduxc0/video/7567999745969360142"" target=""_blank"" class=""btn btn-sm"" style=""background-color: #00926c; color: white; text-decoration: none; padding: 2px 8px; border-radius: 4px; font-size: 0.8em;"">View Post</a>",1,"q5hbkduxc0","2025-11-02 05:44:54",1,5430,50,1,4,"KondisiterkinimusholaPONPESAIKhozinySidoarjoambruksaatsalatashar.#jtvjember#evakuasi#sidoarjo#fyp"
"<a href=""https://www.tiktok.com/@q5hbkduxc0/video/7567695575467003150"" target=""_blank"" class=""btn btn-sm"" style=""background-color: #00926c; color: white; text-decoration: none; padding: 2px 8px; border-radius: 4px; font-size: 0.8em;"">View Post</a>",1,"q5hbkduxc0","2025-11-01 10:04:09",1,334,10,0,1,"KondisiterkinimusholaPONPESAIKhozinySidoarjoambruksaatsalatashar.#jtvjember#evakuasi#sidoarjo#fyp"
"<a href=""https://www.tiktok.com/@q5hbkduxc0/video/7567694997282213134"" target=""_blank"" class=""btn btn-sm"" style=""background-color: #00926c; color: white; text-decoration: none; padding: 2px 8px; border-radius: 4px; font-size: 0.8em;"">View Post</a>",1,"q5hbkduxc0","2025-11-01 10:01:56",1,799,46,1,2,"KondisiterkinimusholaPONPESAIKhozinySidoarjoambruksaatsalatashar.#jtvjember#evakuasi#sidoarjo#fyp"
"<a href=""https://www.tiktok.com/@vdv9iggyi7/video/7567694915375844638"" target=""_blank"" class=""btn btn-sm"" style=""background-color: #00926c; color: white; text-decoration: none; padding: 2px 8px; border-radius: 4px; font-size: 0.8em;"">View Post</a>",1,"vdv9iggyi7","2025-11-01 10:01:37",1,5528,31,1,0,"KondisiterkinimusholaPONPESAIKhozinySidoarjoambruksaatsalatashar.#jtvjember#evakuasi#sidoarjo#fyp"
"<a href=""https://www.tiktok.com/@vdv9iggyi7/video/7567694722379058462"" target=""_blank"" class=""btn btn-sm"" style=""background-color: #00926c; color: white; text-decoration: none; padding: 2px 8px; border-radius: 4px; font-size: 0.8em;"">View Post</a>",1,"vdv9iggyi7","2025-11-01 10:00:48",1,8076,55,2,2,"KondisiterkinimusholaPONPESAIKhozinySidoarjoambruksaatsalatashar.#jtvjember#evakuasi#sidoarjo#fyp"
"<a href=""https://www.tiktok.com/@vdv9iggyi7/video/7567274074569723167"" target=""_blank"" class=""btn btn-sm"" style=""background-color: #00926c; color: white; text-decoration: none; padding: 2px 8px; border-radius: 4px; font-size: 0.8em;"">View Post</a>",1,"vdv9iggyi7","2025-10-31 06:49:00",1,997,58,1,5,"KondisiterkinimusholaPONPESAIKhozinySidoarjoambruksaatsalatashar.#jtvjember#evakuasi#sidoarjo#fyp"
"<a href=""https://www.tiktok.com/@q5hbkduxc0/video/7567273876380503310"" target=""_blank"" class=""btn btn-sm"" style=""background-color: #00926c; color: white; text-decoration: none; padding: 2px 8px; border-radius: 4px; font-size: 0.8em;"">View Post</a>",1,"q5hbkduxc0","2025-10-31 06:49:06",1,4131,63,1,3,"KondisiterkinimusholaPONPESAIKhozinySidoarjoambruksaatsalatashar.#jtvjember#evakuasi#sidoarjo#fyp"
"<a href=""https://www.tiktok.com/@vdv9iggyi7/video/7567273473047891231"" target=""_blank"" class=""btn btn-sm"" style=""background-color: #00926c; color: white; text-decoration: none; padding: 2px 8px; border-radius: 4px; font-size: 0.8em;"">View Post</a>",1,"vdv9iggyi7","2025-10-31 06:46:45",1,4258,14,0,2,"KondisiterkinimusholaPONPESAIKhozinySidoarjoambruksaatsalatashar.#jtvjember#evakuasi#sidoarjo#fyp"
"<a href=""https://www.tiktok.com/@wjyhbrzuu9/video/7567971140698688798"" target=""_blank"" class=""btn btn-sm"" style=""background-color: #00926c; color: white; text-decoration: none; padding: 2px 8px; border-radius: 4px; font-size: 0.8em;"">View Post</a>",2,"wjyhbrzuu9","2025-11-02 03:53:29",1,4087,125,8,0,"Jubal in the morning radio program”Brooke and jubal”#trending #fyp #dateupdate #brookeandjubal #phonecall    "
"<a href=""https://www.tiktok.com/@wjyhbrzuu9/video/7567970915628092702"" target=""_blank"" class=""btn btn-sm"" style=""background-color: #00926c; color: white; text-decoration: none; padding: 2px 8px; border-radius: 4px; font-size: 0.8em;"">View Post</a>",2,"wjyhbrzuu9","2025-11-02 03:52:36",1,2323,92,8,0,"Jubal in the morning radio program”Brooke and jubal”#trending #fyp #dateupdate #brookeandjubal #phonecall    "
"<a href=""https://www.tiktok.com/@rgf3gc2hu1/video/7567970843414891790"" target=""_blank"" class=""btn btn-sm"" style=""background-color: #00926c; color: white; text-decoration: none; padding: 2px 8px; border-radius: 4px; font-size: 0.8em;"">View Post</a>",2,"rgf3gc2hu1","2025-11-02 03:52:32",1,1962,57,1,0,"Jubal in the morning radio program”Brooke and jubal”#trending #fyp #dateupdate #brookeandjubal #phonecall    "
"<a href=""https://www.tiktok.com/@rgf3gc2hu1/video/7567970252944837902"" target=""_blank"" class=""btn btn-sm"" style=""background-color: #00926c; color: white; text-decoration: none; padding: 2px 8px; border-radius: 4px; font-size: 0.8em;"">View Post</a>",2,"rgf3gc2hu1","2025-11-02 03:50:14",1,1177,35,1,0,"Jubal in the morning radio program”Brooke and jubal”#trending #fyp #dateupdate #brookeandjubal #phonecall    "
"<a href=""https://www.tiktok.com/@wjyhbrzuu9/video/7567601013058768159"" target=""_blank"" class=""btn btn-sm"" style=""background-color: #00926c; color: white; text-decoration: none; padding: 2px 8px; border-radius: 4px; font-size: 0.8em;"">View Post</a>",2,"wjyhbrzuu9","2025-11-01 03:57:05",1,14672,137,3,0,"Jubal in the morning radio program”Brooke and jubal”#trending #fyp #dateupdate #brookeandjubal #phonecall    "
"<a href=""https://www.tiktok.com/@wjyhbrzuu9/video/7567600526045564190"" target=""_blank"" class=""btn btn-sm"" style=""background-color: #00926c; color: white; text-decoration: none; padding: 2px 8px; border-radius: 4px; font-size: 0.8em;"">View Post</a>",2,"wjyhbrzuu9","2025-11-01 03:55:15",1,857,7,0,0,"Jubal in the morning radio program”Brooke and jubal”#trending #fyp #dateupdate #brookeandjubal #phonecall    "
"<a href=""https://www.tiktok.com/@rgf3gc2hu1/video/7567600074897902862"" target=""_blank"" class=""btn btn-sm"" style=""background-color: #00926c; color: white; text-decoration: none; padding: 2px 8px; border-radius: 4px; font-size: 0.8em;"">View Post</a>",2,"rgf3gc2hu1","2025-11-01 03:53:39",1,2344,49,6,0,"Jubal in the morning radio program”Brooke and jubal”#trending #fyp #dateupdate #brookeandjubal #phonecall    "
"<a href=""https://www.tiktok.com/@rgf3gc2hu1/video/7567600042794585399"" target=""_blank"" class=""btn btn-sm"" style=""background-color: #00926c; color: white; text-decoration: none; padding: 2px 8px; border-radius: 4px; font-size: 0.8em;"">View Post</a>",2,"rgf3gc2hu1","2025-11-01 03:53:33",1,5633,89,4,1,"Jubal in the morning radio program”Brooke and jubal”#trending #fyp #dateupdate #brookeandjubal #phonecall    "
"<a href=""https://www.tiktok.com/@wjyhbrzuu9/video/7567231413213334815"" target=""_blank"" class=""btn btn-sm"" style=""background-color: #00926c; color: white; text-decoration: none; padding: 2px 8px; border-radius: 4px; font-size: 0.8em;"">View Post</a>",2,"wjyhbrzuu9","2025-10-31 04:03:02",1,1099,43,1,0,"Jubal in the morning radio program”Brooke and jubal”#trending #fyp #dateupdate #brookeandjubal #phonecall    "
"<a href=""https://www.tiktok.com/@wjyhbrzuu9/video/7567231125555367198"" target=""_blank"" class=""btn btn-sm"" style=""background-color: #00926c; color: white; text-decoration: none; padding: 2px 8px; border-radius: 4px; font-size: 0.8em;"">View Post</a>",2,"wjyhbrzuu9","2025-10-31 04:01:51",1,5141,83,2,0,"Jubal in the morning radio program”Brooke and jubal”#trending #fyp #dateupdate #brookeandjubal #phonecall    "
"<a href=""https://www.tiktok.com/@rgf3gc2hu1/video/7567230807526444301"" target=""_blank"" class=""btn btn-sm"" style=""background-color: #00926c; color: white; text-decoration: none; padding: 2px 8px; border-radius: 4px; font-size: 0.8em;"">View Post</a>",2,"rgf3gc2hu1","2025-10-31 04:01:03",1,1319,17,0,0,"Jubal in the morning radio program”Brooke and jubal”#trending #fyp #dateupdate #brookeandjubal #phonecall    "
"<a href=""https://www.tiktok.com/@f6atdprpw8/video/7567968004269509919"" target=""_blank"" class=""btn btn-sm"" style=""background-color: #00926c; color: white; text-decoration: none; padding: 2px 8px; border-radius: 4px; font-size: 0.8em;"">View Post</a>",3,"f6atdprpw8","2025-11-02 03:41:16",1,1009,37,1,0,"Jubal in the morning radio program”Brooke and jubal”#trending #fyp #dateupdate #brookeandjubal #phonecall #textstory #fypシ #storytime #foryoupage"
"<a href=""https://www.tiktok.com/@tom6qyvuk9/video/7567596675674475789"" target=""_blank"" class=""btn btn-sm"" style=""background-color: #00926c; color: white; text-decoration: none; padding: 2px 8px; border-radius: 4px; font-size: 0.8em;"">View Post</a>",3,"tom6qyvuk9","2025-11-01 03:40:29",1,3925,27,2,8,"Jubal in the morning radio program”Brooke and jubal”#trending #fyp #dateupdate #brookeandjubal #phonecall #textstory #fypシ #storytime #foryoupage"
"<a href=""https://www.tiktok.com/@f6atdprpw8/video/7567596672885230879"" target=""_blank"" class=""btn btn-sm"" style=""background-color: #00926c; color: white; text-decoration: none; padding: 2px 8px; border-radius: 4px; font-size: 0.8em;"">View Post</a>",3,"f6atdprpw8","2025-11-01 03:40:11",1,950,53,0,0,"Jubal in the morning radio program”Brooke and jubal”#trending #fyp #dateupdate #brookeandjubal #phonecall #textstory #fypシ #storytime #foryoupage"
"<a href=""https://www.tiktok.com/@tom6qyvuk9/video/7567596449106578743"" target=""_blank"" class=""btn btn-sm"" style=""background-color: #00926c; color: white; text-decoration: none; padding: 2px 8px; border-radius: 4px; font-size: 0.8em;"">View Post</a>",3,"tom6qyvuk9","2025-11-01 03:39:37",1,8015,63,0,2,"Jubal in the morning radio program”Brooke and jubal”#trending #fyp #dateupdate #brookeandjubal #phonecall #textstory #fypシ #storytime #foryoupage"
"<a href=""https://www.tiktok.com/@f6atdprpw8/video/7567596100220144926"" target=""_blank"" class=""btn btn-sm"" style=""background-color: #00926c; color: white; text-decoration: none; padding: 2px 8px; border-radius: 4px; font-size: 0.8em;"">View Post</a>",3,"f6atdprpw8","2025-11-01 03:37:57",1,5632,164,2,1,"Jubal in the morning radio program”Brooke and jubal”#trending #fyp #dateupdate #brookeandjubal #phonecall #textstory #fypシ #storytime #foryoupage"
"<a href=""https://www.tiktok.com/@f6atdprpw8/video/7567229595230014751"" target=""_blank"" class=""btn btn-sm"" style=""background-color: #00926c; color: white; text-decoration: none; padding: 2px 8px; border-radius: 4px; font-size: 0.8em;"">View Post</a>",3,"f6atdprpw8","2025-10-31 03:55:59",1,1199,28,1,0,"Jubal in the morning radio program”Brooke and jubal”#trending #fyp #dateupdate #brookeandjubal #phonecall #textstory #fypシ #storytime #foryoupage"
"<a href=""https://www.tiktok.com/@tom6qyvuk9/video/7567229504867814670"" target=""_blank"" class=""btn btn-sm"" style=""background-color: #00926c; color: white; text-decoration: none; padding: 2px 8px; border-radius: 4px; font-size: 0.8em;"">View Post</a>",3,"tom6qyvuk9","2025-10-31 03:55:29",1,1508,27,0,0,"Jubal in the morning radio program”Brooke and jubal”#trending #fyp #dateupdate #brookeandjubal #phonecall #textstory #fypシ #storytime #foryoupage"
"<a href=""https://www.tiktok.com/@tom6qyvuk9/video/7567229396235422989"" target=""_blank"" class=""btn btn-sm"" style=""background-color: #00926c; color: white; text-decoration: none; padding: 2px 8px; border-radius: 4px; font-size: 0.8em;"">View Post</a>",3,"tom6qyvuk9","2025-10-31 03:55:33",1,470,13,1,0,"Jubal in the morning radio program”Brooke and jubal”#trending #fyp #dateupdate #brookeandjubal #phonecall #textstory #fypシ #storytime #foryoupage"
"<a href=""https://www.tiktok.com/@f6atdprpw8/video/7567229903498677534"" target=""_blank"" class=""btn btn-sm"" style=""background-color: #00926c; color: white; text-decoration: none; padding: 2px 8px; border-radius: 4px; font-size: 0.8em;"">View Post</a>",3,"f6atdprpw8","2025-10-31 03:57:14",1,1022,39,0,0,"Jubal in the morning radio program”Brooke and jubal”#trending #fyp #dateupdate #brookeandjubal #phonecall #textstory #fypシ #storytime #foryoupage"
