"Account","Network","Unique Shares","Avg Time Between Shares (sec)","Edge Symmetry Score","Degree","Strength","Betweenness","Avg Views","Avg Likes","Avg Comments","Avg Shares"
"<a href=""https://tiktok.com/@bysmovie4"" target=""_blank"">@bysmovie4</a>",7,3,51.222,0.8,1,9,0,1216,76,0.333,0.333
"<a href=""https://tiktok.com/@cckzumrc48"" target=""_blank"">@cckzumrc48</a>",6,3,51.929,1,2,14,0,1054,19.333,0.333,0.333
"<a href=""https://tiktok.com/@f1nkrheka7"" target=""_blank"">@f1nkrheka7</a>",6,3,53.571,1,2,14,0,1750.333,28,0.333,0
"<a href=""https://tiktok.com/@f6atdprpw8"" target=""_blank"">@f6atdprpw8</a>",3,4,59.143,1,1,7,0,1962.4,64.2,0.8,0.2
"<a href=""https://tiktok.com/@hihi909kk"" target=""_blank"">@hihi909kk</a>",7,4,71.638,0.756,3,22,0.018,1218.5,23.75,0,0
"<a href=""https://tiktok.com/@klcc00.2"" target=""_blank"">@klcc00.2</a>",5,3,47.75,0.8,1,8,0,14071.333,360.333,0.667,12.333
"<a href=""https://tiktok.com/@klcc7363"" target=""_blank"">@klcc7363</a>",6,3,53.357,1,2,14,0,513.667,40.667,0,0
"<a href=""https://tiktok.com/@ldubibznu8"" target=""_blank"">@ldubibznu8</a>",8,8,85.926,0.625,1,27,0,645.375,16.875,0,0.125
"<a href=""https://tiktok.com/@luru.hagu"" target=""_blank"">@luru.hagu</a>",5,2,57,1,1,6,0,714.5,53.5,0.5,0
"<a href=""https://tiktok.com/@lzcpprapz9"" target=""_blank"">@lzcpprapz9</a>",8,5,85.926,0.625,1,27,0,369,6.429,0,0.143
"<a href=""https://tiktok.com/@marcomesquita974"" target=""_blank"">@marcomesquita974</a>",7,3,86.857,0.8,1,7,0,26602.667,673,16.667,8.333
"<a href=""https://tiktok.com/@q5hbkduxc0"" target=""_blank"">@q5hbkduxc0</a>",1,5,37,0.833,1,7,0,50681.4,299.4,1.8,19.8
"<a href=""https://tiktok.com/@rasthuyanuhikoli"" target=""_blank"">@rasthuyanuhikoli</a>",7,3,76.833,0.667,1,6,0,1519,48,0.667,0
"<a href=""https://tiktok.com/@rgf3gc2hu1"" target=""_blank"">@rgf3gc2hu1</a>",2,5,71,0.8,1,6,0,2487,49.4,2.4,0.2
"<a href=""https://tiktok.com/@rv65gv8107"" target=""_blank"">@rv65gv8107</a>",4,3,54.375,1,1,8,0,49414,1623.333,31,389.333
"<a href=""https://tiktok.com/@tbtn4yadb0"" target=""_blank"">@tbtn4yadb0</a>",5,3,52.375,0.9,2,14,0.006,3657.333,53.333,0,0.333
"<a href=""https://tiktok.com/@tom6qyvuk9"" target=""_blank"">@tom6qyvuk9</a>",3,4,59.143,1,1,7,0,3479.5,32.5,0.75,2.5
"<a href=""https://tiktok.com/@vdv9iggyi7"" target=""_blank"">@vdv9iggyi7</a>",1,6,37,0.833,1,7,0,4849.167,45.833,0.833,3
"<a href=""https://tiktok.com/@wjyhbrzuu9"" target=""_blank"">@wjyhbrzuu9</a>",2,6,71,0.8,1,6,0,4696.5,81.167,3.667,0
"<a href=""https://tiktok.com/@z7dacszi71"" target=""_blank"">@z7dacszi71</a>",4,3,54.375,1,1,8,0,6787,118,0,0
