"Network","Number of Accounts","Network Density","Network Diameter","Clustering Coefficient","Avg Views","Avg Likes","Avg Comments","Avg Shares","Member Accounts"
1,2,1,7,0,25682,161.091,1.273,10.636,"q5hbkduxc0, vdv9iggyi7"
2,2,1,6,0,3692.182,66.727,3.091,0.091,"rgf3gc2hu1, wjyhbrzuu9"
3,2,1,7,0,2636.667,50.111,0.778,1.222,"f6atdprpw8, tom6qyvuk9"
4,2,1,8,0,28100.5,870.667,15.5,194.667,"rv65gv8107, z7dacszi71"
5,3,0.667,14,0,6826.875,168.5,0.375,4.75,"klcc00.2, luru.hagu, tbtn4yadb0"
6,3,1,7,1,1106,29.333,0.222,0.111,"f1nkrheka7, cckzumrc48, klcc7363"
7,4,0.5,16,0,7145.154,191.231,4.077,2,"hihi909kk, bysmovie4, rasthuyanuhikoli, marcomesquita974"
8,2,1,27,0,516.4,12,0,0.133,"ldubibznu8, lzcpprapz9"
