"Account","Network","Unique Shares","Avg Time Between Shares (sec)","Edge Symmetry Score","Degree","Strength","Betweenness","Avg Views","Avg Likes","Avg Comments","Avg Shares"
"<a href=""https://tiktok.com/@002f4f12"" target=""_blank"">@002f4f12</a>",22,3,42.625,0.8,2,17,0,318.333,38.333,0,0
"<a href=""https://tiktok.com/@02c61ebb"" target=""_blank"">@02c61ebb</a>",22,3,46.688,0.9,2,17,0,2524,154.333,0,0
"<a href=""https://tiktok.com/@0390d550"" target=""_blank"">@0390d550</a>",25,3,74.94,1,3,22,0,271,31,0,0
"<a href=""https://tiktok.com/@0c68893b"" target=""_blank"">@0c68893b</a>",27,3,38.111,0.8,1,9,0,558.333,25.667,0,0
"<a href=""https://tiktok.com/@1762ede8"" target=""_blank"">@1762ede8</a>",24,3,43.781,0.85,4,35,0,318.333,11.333,0,0.333
"<a href=""https://tiktok.com/@214748ef"" target=""_blank"">@214748ef</a>",25,3,50.75,1,3,26,0,197,8,0,0
"<a href=""https://tiktok.com/@25d01fd2"" target=""_blank"">@25d01fd2</a>",28,3,58.25,1,1,8,0,93,3.333,0,0
"<a href=""https://tiktok.com/@291aa4d0"" target=""_blank"">@291aa4d0</a>",23,3,52.111,1,2,17,0,273,20,0,0
"<a href=""https://tiktok.com/@40551a47"" target=""_blank"">@40551a47</a>",26,3,46.071,1,2,14,0,134.667,8.333,0,0
"<a href=""https://tiktok.com/@5f2f5c3b"" target=""_blank"">@5f2f5c3b</a>",23,3,51.486,1,2,17,0,495.333,34.333,0,0
"<a href=""https://tiktok.com/@691ed875"" target=""_blank"">@691ed875</a>",25,3,49.64,1,3,25,0,231.667,29,0,0.667
"<a href=""https://tiktok.com/@6961dfc3"" target=""_blank"">@6961dfc3</a>",26,3,40.214,1,2,14,0,179,5.667,0,0
"<a href=""https://tiktok.com/@69655c9e"" target=""_blank"">@69655c9e</a>",22,3,49.312,0.9,2,16,0,341.333,38,0.333,0
"<a href=""https://tiktok.com/@7d692c83"" target=""_blank"">@7d692c83</a>",21,3,49.333,0.8,1,9,0,97.333,6,0,0
"<a href=""https://tiktok.com/@816bf782"" target=""_blank"">@816bf782</a>",27,3,38.111,0.8,1,9,0,501.667,35.667,0,0
"<a href=""https://tiktok.com/@8703dcb1"" target=""_blank"">@8703dcb1</a>",28,3,58.25,1,1,8,0,189.333,10.333,0,0.667
"<a href=""https://tiktok.com/@89644a0d"" target=""_blank"">@89644a0d</a>",24,3,44.926,0.867,3,27,0,202.333,8,0,0
"<a href=""https://tiktok.com/@8bc3584b"" target=""_blank"">@8bc3584b</a>",26,3,44.571,1,2,14,0,365,20.667,0.333,0
"<a href=""https://tiktok.com/@90a49f2b"" target=""_blank"">@90a49f2b</a>",25,3,48.921,1,3,25,0,206.333,22.667,0,0
"<a href=""https://tiktok.com/@a2012b8e"" target=""_blank"">@a2012b8e</a>",24,3,58.27,0.95,4,34,0,325.333,17,0.333,0
"<a href=""https://tiktok.com/@b138f999"" target=""_blank"">@b138f999</a>",29,3,25.111,1,1,9,0,593.667,41.333,0.333,0
"<a href=""https://tiktok.com/@bad4d058"" target=""_blank"">@bad4d058</a>",21,3,49.333,0.8,1,9,0,321.667,14.667,0,0
"<a href=""https://tiktok.com/@bbfe1e53"" target=""_blank"">@bbfe1e53</a>",20,3,54.278,0.933,3,26,0,424,36,0,0
"<a href=""https://tiktok.com/@buiyyccf3"" target=""_blank"">@buiyyccf3</a>",17,3,47.75,1,1,8,0,6589,86.333,0.667,0.333
"<a href=""https://tiktok.com/@cagnhd"" target=""_blank"">@cagnhd</a>",12,7,33.25,1,1,8,0,9874.444,329.222,8.556,13
"<a href=""https://tiktok.com/@ck.paulbb"" target=""_blank"">@ck.paulbb</a>",2,3,58.09,0.8,2,17,0,3596.667,84.333,0.333,0.667
"<a href=""https://tiktok.com/@d3c081ed"" target=""_blank"">@d3c081ed</a>",29,3,25.111,1,1,9,0,305.333,16.667,0,0.333
"<a href=""https://tiktok.com/@dabao4684"" target=""_blank"">@dabao4684</a>",17,3,47.75,1,1,8,0,1276.333,47.333,0.667,0
"<a href=""https://tiktok.com/@dayle.halvorson"" target=""_blank"">@dayle.halvorson</a>",8,3,42.714,1,1,7,0,3744.333,64.333,0.333,1
"<a href=""https://tiktok.com/@dca85342"" target=""_blank"">@dca85342</a>",24,3,59.994,0.867,3,23,0,274.333,15,0,0
"<a href=""https://tiktok.com/@du7w2aa0r1"" target=""_blank"">@du7w2aa0r1</a>",15,3,44.111,1,1,9,0,308.333,36,0,0
"<a href=""https://tiktok.com/@ek5dxbiw76"" target=""_blank"">@ek5dxbiw76</a>",10,8,47.22,0.879,2,20,0,36535,704.5,12.9,79.5
"<a href=""https://tiktok.com/@emilia_dz6"" target=""_blank"">@emilia_dz6</a>",19,3,48.583,0.75,1,12,0,10030.333,506.667,0.667,4
"<a href=""https://tiktok.com/@f159b13d"" target=""_blank"">@f159b13d</a>",20,3,51.616,0.933,3,25,0,1355.333,42.667,0,0
"<a href=""https://tiktok.com/@f898c41c"" target=""_blank"">@f898c41c</a>",20,3,58.407,1,3,27,0,106.667,4.667,0,0
"<a href=""https://tiktok.com/@f8d6eaa5"" target=""_blank"">@f8d6eaa5</a>",20,3,48.264,0.867,3,26,0,281.333,12,0,0
"<a href=""https://tiktok.com/@fadfa198"" target=""_blank"">@fadfa198</a>",23,3,50.375,1,2,16,0,92,2,0,0
"<a href=""https://tiktok.com/@fdvhrf3"" target=""_blank"">@fdvhrf3</a>",11,4,63.857,0.833,1,7,0,3087.286,53.571,0.571,0.429
"<a href=""https://tiktok.com/@forture67670"" target=""_blank"">@forture67670</a>",24,3,43.75,0.8,4,35,0,14876.333,336.667,4,2.333
"<a href=""https://tiktok.com/@huu.trung.le4"" target=""_blank"">@huu.trung.le4</a>",9,3,46.125,1,1,8,0,546.667,57.667,0,1.333
"<a href=""https://tiktok.com/@hxavnxh"" target=""_blank"">@hxavnxh</a>",12,8,47.909,1,3,31,0.001,22319.7,741.7,8.2,6.2
"<a href=""https://tiktok.com/@jubaopen7050"" target=""_blank"">@jubaopen7050</a>",1,3,51.549,0.9,2,17,0,549.667,28,0,0.333
"<a href=""https://tiktok.com/@kskokmtf89a"" target=""_blank"">@kskokmtf89a</a>",18,4,67.875,1,1,8,0,4101.75,69.75,0.25,0.25
"<a href=""https://tiktok.com/@landscape5670"" target=""_blank"">@landscape5670</a>",12,10,51.369,0.878,3,29,0.001,60156.4,1269.9,37.4,343.2
"<a href=""https://tiktok.com/@love202302"" target=""_blank"">@love202302</a>",19,4,48.583,0.75,1,12,0,990.2,63.4,1,0
"<a href=""https://tiktok.com/@moives1078"" target=""_blank"">@moives1078</a>",4,3,52.556,1,1,9,0,4114.667,149.667,0.333,0.333
"<a href=""https://tiktok.com/@moives1083"" target=""_blank"">@moives1083</a>",4,3,52.556,1,1,9,0,857,102.667,1,0
"<a href=""https://tiktok.com/@moives1085"" target=""_blank"">@moives1085</a>",3,3,52.778,1,1,9,0,531.333,34.667,0,0.333
"<a href=""https://tiktok.com/@moives1089"" target=""_blank"">@moives1089</a>",3,3,73.429,1,1,7,0,1490.667,147,0.667,2.667
"<a href=""https://tiktok.com/@mxods3188"" target=""_blank"">@mxods3188</a>",16,3,52.625,0.8,1,8,0,627.333,40,0,0.667
"<a href=""https://tiktok.com/@o11yjxlrl4"" target=""_blank"">@o11yjxlrl4</a>",1,3,52.795,1,2,15,0,433.667,29.333,0,0.333
"<a href=""https://tiktok.com/@od1vw3yqg8"" target=""_blank"">@od1vw3yqg8</a>",6,3,56.571,0.8,1,7,0,5003,445.333,0.667,0.333
"<a href=""https://tiktok.com/@oeplbsknc6"" target=""_blank"">@oeplbsknc6</a>",11,7,63.857,0.833,1,7,0,39856,764.8,14.1,12.7
"<a href=""https://tiktok.com/@ohy3vixue6"" target=""_blank"">@ohy3vixue6</a>",5,3,38.714,1,1,7,0,6.333,0.333,0,0
"<a href=""https://tiktok.com/@phat.baovv"" target=""_blank"">@phat.baovv</a>",2,3,48.5,0.9,2,18,0,1393.667,39.667,1.333,0
"<a href=""https://tiktok.com/@qnk0c8xax6"" target=""_blank"">@qnk0c8xax6</a>",13,5,80.357,1,2,14,0,2182,59.8,0.8,0.4
"<a href=""https://tiktok.com/@robloxgamers7575"" target=""_blank"">@robloxgamers7575</a>",18,4,67.875,1,1,8,0,13101.6,37.8,0.4,1.4
"<a href=""https://tiktok.com/@sandersemmann4"" target=""_blank"">@sandersemmann4</a>",2,3,51.035,0.9,2,17,0,7447,69.333,1.333,10
"<a href=""https://tiktok.com/@sasapco"" target=""_blank"">@sasapco</a>",12,7,56.857,0.857,1,7,0,27978.143,943,10.571,82.571
"<a href=""https://tiktok.com/@satsyou"" target=""_blank"">@satsyou</a>",12,8,61.114,0.889,2,21,0,18583.1,338.7,10.2,18.8
"<a href=""https://tiktok.com/@sb001vh3s2"" target=""_blank"">@sb001vh3s2</a>",1,3,57.468,0.9,2,16,0,356.667,17,0,0.333
"<a href=""https://tiktok.com/@sky5kdg923"" target=""_blank"">@sky5kdg923</a>",13,5,55.714,1,1,7,0,1268.778,12.889,0.333,0.222
"<a href=""https://tiktok.com/@squanck.capcut"" target=""_blank"">@squanck.capcut</a>",30,3,28.889,1,1,9,0,26391,352.333,4.333,17.333
"<a href=""https://tiktok.com/@squanckman.film"" target=""_blank"">@squanckman.film</a>",30,3,28.889,1,1,9,0,755.667,18.667,0,0
"<a href=""https://tiktok.com/@user1868126590552"" target=""_blank"">@user1868126590552</a>",15,3,44.111,1,1,9,0,450,18.667,0,0.333
"<a href=""https://tiktok.com/@user22211238134067"" target=""_blank"">@user22211238134067</a>",7,3,51.222,1,1,9,0,2215,10,0.333,0
"<a href=""https://tiktok.com/@user334530810636"" target=""_blank"">@user334530810636</a>",5,3,38.714,1,1,7,0,19.667,1.333,0.333,0
"<a href=""https://tiktok.com/@user4732767803315"" target=""_blank"">@user4732767803315</a>",14,3,55.571,1,1,7,0,11,0,0,0
"<a href=""https://tiktok.com/@user5215925940058"" target=""_blank"">@user5215925940058</a>",7,3,51.222,1,1,9,0,71,2,0,0
"<a href=""https://tiktok.com/@user84309659625184"" target=""_blank"">@user84309659625184</a>",6,3,56.571,0.8,1,7,0,116.667,3.333,0,0
"<a href=""https://tiktok.com/@user9794517136569"" target=""_blank"">@user9794517136569</a>",14,3,55.571,1,1,7,0,76.333,1,0,0
"<a href=""https://tiktok.com/@v0tgsso365"" target=""_blank"">@v0tgsso365</a>",10,10,34.285,0.95,2,25,0,7244.5,199.2,7.1,24.3
"<a href=""https://tiktok.com/@vbgpmxate1"" target=""_blank"">@vbgpmxate1</a>",3,3,63.103,1,2,16,0,239.667,16.333,0.333,0
"<a href=""https://tiktok.com/@vdv9iggyi7"" target=""_blank"">@vdv9iggyi7</a>",10,6,32.351,0.929,2,19,0,5231.125,124,3.5,6.375
"<a href=""https://tiktok.com/@wjyhbrzuu9"" target=""_blank"">@wjyhbrzuu9</a>",13,5,105,1,1,7,0,5701.6,81.3,1.3,0.3
"<a href=""https://tiktok.com/@xqfgkrztl5"" target=""_blank"">@xqfgkrztl5</a>",8,3,42.714,1,1,7,0,3376.667,92.667,0,3
"<a href=""https://tiktok.com/@yhfuhdyv556"" target=""_blank"">@yhfuhdyv556</a>",9,3,46.125,1,1,8,0,1324,28.667,0.333,0
"<a href=""https://tiktok.com/@zafke3177"" target=""_blank"">@zafke3177</a>",16,4,52.625,0.8,1,8,0,557,47.5,0.5,0.5
