"Account","Network","Unique Shares","Avg Time Between Shares (sec)","Edge Symmetry Score","Degree","Strength","Betweenness","Avg Views","Avg Likes","Avg Comments","Avg Shares"
"<a href=""https://tiktok.com/@1yrogls"" target=""_blank"">@1yrogls</a>",55,7,41.507,0.928,7,81,0,1070.375,44.625,0.125,0.125
"<a href=""https://tiktok.com/@2thgkvjd"" target=""_blank"">@2thgkvjd</a>",51,8,51.8,0.875,1,10,0,1789.875,142.625,1.125,0.25
"<a href=""https://tiktok.com/@3mbfklb"" target=""_blank"">@3mbfklb</a>",51,8,50.75,0.882,2,20,0,1407.5,52,0.75,0.25
"<a href=""https://tiktok.com/@acofei"" target=""_blank"">@acofei</a>",95,10,74.722,1,2,18,0,303.727,11.182,0.182,0
"<a href=""https://tiktok.com/@aed0267"" target=""_blank"">@aed0267</a>",38,11,63.256,0.794,4,42,0,2073.636,88.909,0.545,0.273
"<a href=""https://tiktok.com/@aed2750"" target=""_blank"">@aed2750</a>",38,9,46.662,0.842,3,45,0,1555.444,47.778,0.111,0.333
"<a href=""https://tiktok.com/@aed3660"" target=""_blank"">@aed3660</a>",37,9,48.192,1,3,34,0,10531.889,241.444,4.778,9.333
"<a href=""https://tiktok.com/@aed75787"" target=""_blank"">@aed75787</a>",37,9,42.019,1,2,25,0,6431.778,112,2.333,3.333
"<a href=""https://tiktok.com/@aed7p4"" target=""_blank"">@aed7p4</a>",37,10,55.517,0.969,4,37,0,7435.6,167.6,2,0.5
"<a href=""https://tiktok.com/@aedgslpxjx"" target=""_blank"">@aedgslpxjx</a>",11,10,50.547,0.9,4,47,0,1877.7,45.7,0.2,2.3
"<a href=""https://tiktok.com/@aedhdici"" target=""_blank"">@aedhdici</a>",6,8,66.514,0.86,3,34,0,2507,75.333,0.556,1
"<a href=""https://tiktok.com/@aedhdjcoof"" target=""_blank"">@aedhdjcoof</a>",10,10,52.036,0.894,2,28,0,1260,142.8,0.4,0.5
"<a href=""https://tiktok.com/@aedyckctu"" target=""_blank"">@aedyckctu</a>",9,10,64.818,1,1,11,0,1491,75,0.6,1.2
"<a href=""https://tiktok.com/@afrah.wahibah.naz"" target=""_blank"">@afrah.wahibah.naz</a>",97,3,53,0.8,1,9,0,864,57.667,1.333,9
"<a href=""https://tiktok.com/@ale2r35"" target=""_blank"">@ale2r35</a>",32,8,35.8,0.857,1,10,0,1003.875,26.875,0.5,1.75
"<a href=""https://tiktok.com/@ale383279"" target=""_blank"">@ale383279</a>",32,8,49.445,0.804,2,21,0,900.75,33.375,0,0.25
"<a href=""https://tiktok.com/@aleaa0249"" target=""_blank"">@aleaa0249</a>",32,8,56.619,0.943,8,79,0,640.5,22.875,0.125,0.125
"<a href=""https://tiktok.com/@alejkityuoo"" target=""_blank"">@alejkityuoo</a>",32,8,75.778,0.917,2,19,0,856,21.25,0,0.25
"<a href=""https://tiktok.com/@amazing_seeet120"" target=""_blank"">@amazing_seeet120</a>",68,5,91.444,0.833,1,18,0,104.778,4.667,1,0.889
"<a href=""https://tiktok.com/@amkgvx"" target=""_blank"">@amkgvx</a>",42,8,78.25,0.917,2,22,0,813.625,13.625,0.125,0
"<a href=""https://tiktok.com/@arffug"" target=""_blank"">@arffug</a>",85,8,75.7,1,1,20,0,7998.75,327.25,1.375,15.25
"<a href=""https://tiktok.com/@aseng.haymong"" target=""_blank"">@aseng.haymong</a>",43,8,37.182,0.875,1,11,0,2098.875,129.375,1.875,1.625
"<a href=""https://tiktok.com/@avelina.asucen"" target=""_blank"">@avelina.asucen</a>",54,6,47.333,1,2,18,0,1805,74.5,1.333,0.333
"<a href=""https://tiktok.com/@avphoa"" target=""_blank"">@avphoa</a>",65,6,23.778,0.833,1,9,0,1002,48,1.5,1.833
"<a href=""https://tiktok.com/@awmilke"" target=""_blank"">@awmilke</a>",63,8,29.083,1,2,24,0,32147.375,1104.625,11.625,8.75
"<a href=""https://tiktok.com/@ayden.riverad"" target=""_blank"">@ayden.riverad</a>",7,10,46.25,0.938,2,20,0,6387.8,143.2,2.2,1.2
"<a href=""https://tiktok.com/@babykmli0"" target=""_blank"">@babykmli0</a>",71,4,52.9,0.833,1,10,0,2.75,0,0,0
"<a href=""https://tiktok.com/@bagge.hazelk"" target=""_blank"">@bagge.hazelk</a>",33,8,64.667,0.778,1,9,0,2434.25,87.125,0.5,3.125
"<a href=""https://tiktok.com/@battl.kray"" target=""_blank"">@battl.kray</a>",38,11,56.4,0.917,8,131,0,43223.091,546.091,1.909,6.182
"<a href=""https://tiktok.com/@bdhjddbjrjej"" target=""_blank"">@bdhjddbjrjej</a>",74,9,52.461,0.979,6,62,0,2915.889,17.667,0.111,6.222
"<a href=""https://tiktok.com/@beautifulgir482"" target=""_blank"">@beautifulgir482</a>",69,5,53.727,0.889,1,22,0,267.25,48.5,4.333,0.5
"<a href=""https://tiktok.com/@benedossie2"" target=""_blank"">@benedossie2</a>",38,14,58.941,0.921,8,147,0,5431.857,91.357,0.643,0.714
"<a href=""https://tiktok.com/@bipiqo"" target=""_blank"">@bipiqo</a>",84,9,66.554,1,6,112,0,629.222,11.444,0,0
"<a href=""https://tiktok.com/@bixukf"" target=""_blank"">@bixukf</a>",63,8,44.171,0.907,3,34,0,1784.375,101.875,1.25,0.75
"<a href=""https://tiktok.com/@bkot6010"" target=""_blank"">@bkot6010</a>",90,12,59.058,0.933,5,72,0,861.833,27.5,1.667,0.917
"<a href=""https://tiktok.com/@bmc12655"" target=""_blank"">@bmc12655</a>",1,9,55.396,0.869,6,68,0,1767.778,86.444,0.333,0.333
"<a href=""https://tiktok.com/@bpgarp"" target=""_blank"">@bpgarp</a>",84,9,69.475,0.948,6,100,0,802.111,16.556,0.111,0
"<a href=""https://tiktok.com/@bsbwphji4xu"" target=""_blank"">@bsbwphji4xu</a>",32,7,56.59,0.864,5,51,0,1194.143,51.571,2.286,5.143
"<a href=""https://tiktok.com/@bsjj8797"" target=""_blank"">@bsjj8797</a>",25,6,43.635,0.978,5,76,0,951.333,32,0.5,0.333
"<a href=""https://tiktok.com/@bsyg2865"" target=""_blank"">@bsyg2865</a>",27,8,50.036,0.963,3,35,0,704,21.125,0.125,0.375
"<a href=""https://tiktok.com/@buslmigf7dn"" target=""_blank"">@buslmigf7dn</a>",32,7,60.767,0.952,3,32,0,2515.571,69.286,0.143,0.286
"<a href=""https://tiktok.com/@bvoo3130"" target=""_blank"">@bvoo3130</a>",87,12,58.549,0.979,4,99,0,1695.667,50.083,0.5,0.25
"<a href=""https://tiktok.com/@bxjxhxt"" target=""_blank"">@bxjxhxt</a>",55,7,29.3,0.927,4,39,0,1411.571,64.429,0.429,0.571
"<a href=""https://tiktok.com/@bxjzjsns0"" target=""_blank"">@bxjzjsns0</a>",53,6,64.3,1,1,10,0,997.125,48.125,1.375,0.375
"<a href=""https://tiktok.com/@bxkke4723"" target=""_blank"">@bxkke4723</a>",56,6,54.471,0.832,9,121,0,1819.375,46.125,0.875,0.25
"<a href=""https://tiktok.com/@cagnhd"" target=""_blank"">@cagnhd</a>",34,6,36.7,0.857,1,10,0,2803.9,127.4,2.5,0.9
"<a href=""https://tiktok.com/@cainima888"" target=""_blank"">@cainima888</a>",25,7,42.311,1,5,84,0,1165.857,32.143,1,0.143
"<a href=""https://tiktok.com/@carbloggera"" target=""_blank"">@carbloggera</a>",25,7,42.201,0.982,5,88,0,639.571,31.429,0.714,0.143
"<a href=""https://tiktok.com/@carlos.alberto.al886"" target=""_blank"">@carlos.alberto.al886</a>",44,9,59.615,0.889,1,13,0,35736,677.444,15.111,7.556
"<a href=""https://tiktok.com/@cbjf05"" target=""_blank"">@cbjf05</a>",7,10,55.314,0.856,4,39,0,2042.4,81,1,0.5
"<a href=""https://tiktok.com/@cfdc18"" target=""_blank"">@cfdc18</a>",38,12,49.131,0.813,3,62,0,1881.167,80,0.667,0.583
"<a href=""https://tiktok.com/@chantalkusch"" target=""_blank"">@chantalkusch</a>",1,9,56.032,0.913,4,40,0,2537.111,117.111,0.222,1
"<a href=""https://tiktok.com/@chcjg0"" target=""_blank"">@chcjg0</a>",8,7,33.778,1,1,9,0,1384.875,51.25,1.125,2.375
"<a href=""https://tiktok.com/@chdg050"" target=""_blank"">@chdg050</a>",3,7,72.111,1,1,9,0,3386.714,117,0.714,2.714
"<a href=""https://tiktok.com/@china_deriver_60"" target=""_blank"">@china_deriver_60</a>",69,11,62.214,0.819,2,32,0,54215,1648.588,46.529,57.824
"<a href=""https://tiktok.com/@chjvk"" target=""_blank"">@chjvk</a>",5,7,41.889,1,1,9,0,1899.75,79,0,1.125
"<a href=""https://tiktok.com/@chuma_g1"" target=""_blank"">@chuma_g1</a>",69,6,70.7,0.75,1,10,0,1810.722,196.111,8.333,1.333
"<a href=""https://tiktok.com/@chummi_queen1"" target=""_blank"">@chummi_queen1</a>",67,23,88.254,0.938,2,45,0,2471.621,132.517,14.379,6.138
"<a href=""https://tiktok.com/@cihohsqwfi"" target=""_blank"">@cihohsqwfi</a>",12,9,51.045,0.938,2,20,0,791,20.889,0.111,0.111
"<a href=""https://tiktok.com/@ciojkb"" target=""_blank"">@ciojkb</a>",49,4,21.117,0.92,5,60,0,1228.5,56,0.083,0.333
"<a href=""https://tiktok.com/@cjdfndrh"" target=""_blank"">@cjdfndrh</a>",58,6,26.889,1,1,9,0,5200.833,153.833,1.333,0.333
"<a href=""https://tiktok.com/@cjdjfcn"" target=""_blank"">@cjdjfcn</a>",54,8,65.5,1,1,10,0,2258.875,53.75,0.125,0
"<a href=""https://tiktok.com/@cjgkgk45"" target=""_blank"">@cjgkgk45</a>",21,5,58.222,0.875,1,9,0,888,20.8,0.6,0.4
"<a href=""https://tiktok.com/@cjire9104"" target=""_blank"">@cjire9104</a>",91,9,44.5,0.95,2,39,0,830.778,24.556,0.444,0.556
"<a href=""https://tiktok.com/@cjsllfd"" target=""_blank"">@cjsllfd</a>",18,7,52.423,0.9,2,21,0,1082,41.286,0,0.143
"<a href=""https://tiktok.com/@cjur6297"" target=""_blank"">@cjur6297</a>",91,8,79.214,0.889,2,30,0,950.2,51.9,0.2,0.2
"<a href=""https://tiktok.com/@ckief1163"" target=""_blank"">@ckief1163</a>",94,9,17.472,1,4,36,0,1116.889,94.444,0.333,0.333
"<a href=""https://tiktok.com/@clirr5282"" target=""_blank"">@clirr5282</a>",92,11,60.292,1,2,39,0,1072.636,69.091,0.364,1.273
"<a href=""https://tiktok.com/@cnatk3189"" target=""_blank"">@cnatk3189</a>",55,6,36.985,0.946,7,70,0,1176.333,51.667,0.5,0.167
"<a href=""https://tiktok.com/@coirf88774"" target=""_blank"">@coirf88774</a>",93,3,48.667,1,2,18,0,1554,97.8,0.4,0.2
"<a href=""https://tiktok.com/@courr1227"" target=""_blank"">@courr1227</a>",93,6,50.333,0.944,3,42,0,1351.833,52.667,0.333,0
"<a href=""https://tiktok.com/@cutequeen_driver120"" target=""_blank"">@cutequeen_driver120</a>",67,15,93.187,0.786,2,37,0,398.972,40.667,3.5,1.194
"<a href=""https://tiktok.com/@cvjbvgujh"" target=""_blank"">@cvjbvgujh</a>",75,9,45.611,1,2,18,0,1075.778,8.222,0,0.556
"<a href=""https://tiktok.com/@cx.b28"" target=""_blank"">@cx.b28</a>",4,10,56.132,0.947,4,43,0,1812.1,126.4,2.4,0
"<a href=""https://tiktok.com/@debran.oxonrp00"" target=""_blank"">@debran.oxonrp00</a>",37,6,58.556,1,1,9,0,5096.75,75.875,0.875,0.625
"<a href=""https://tiktok.com/@dhcfgggfhu"" target=""_blank"">@dhcfgggfhu</a>",86,6,56.444,1,1,9,0,1956,26,0.333,0.333
"<a href=""https://tiktok.com/@dhhi6645"" target=""_blank"">@dhhi6645</a>",91,9,59.212,0.963,3,58,0,965.333,63,0.667,0.417
"<a href=""https://tiktok.com/@dhie1905"" target=""_blank"">@dhie1905</a>",47,9,8.556,1,1,9,0,1187.917,59.917,0.25,0.5
"<a href=""https://tiktok.com/@dijx3903"" target=""_blank"">@dijx3903</a>",87,12,59.873,0.983,5,84,0,1715.25,43.75,0.25,0.417
"<a href=""https://tiktok.com/@djisks96"" target=""_blank"">@djisks96</a>",55,6,63.089,0.938,2,19,0,1388.333,55,1.5,1.333
"<a href=""https://tiktok.com/@djm9r"" target=""_blank"">@djm9r</a>",4,10,62.85,0.965,6,61,0,1684.8,75,1.9,0.9
"<a href=""https://tiktok.com/@djskgikeejk8"" target=""_blank"">@djskgikeejk8</a>",41,8,39.615,0.625,1,13,0,559.267,21,0.333,0.067
"<a href=""https://tiktok.com/@dlakhjx"" target=""_blank"">@dlakhjx</a>",16,9,53.909,0.889,1,11,0,1224.444,47.556,1.444,0.778
"<a href=""https://tiktok.com/@drgd8391"" target=""_blank"">@drgd8391</a>",87,9,51.167,1,3,63,0,806.889,41.556,0.667,0.222
"<a href=""https://tiktok.com/@dsnomp"" target=""_blank"">@dsnomp</a>",65,5,20.889,0.845,2,19,0,1012.2,53.4,1.8,0.2
"<a href=""https://tiktok.com/@dtbtcc8"" target=""_blank"">@dtbtcc8</a>",84,9,62.818,0.968,7,113,0,1846.444,44.222,0.222,0.889
"<a href=""https://tiktok.com/@dthh824"" target=""_blank"">@dthh824</a>",39,10,50.325,0.762,5,83,0,2502.8,74.5,1.2,1.2
"<a href=""https://tiktok.com/@dtkwod"" target=""_blank"">@dtkwod</a>",34,9,65.01,0.812,4,41,0,2022,106.444,1.222,0.778
"<a href=""https://tiktok.com/@dtxijq"" target=""_blank"">@dtxijq</a>",81,6,23.064,1,6,96,0,278.167,9.5,0,0.333
"<a href=""https://tiktok.com/@duuff30"" target=""_blank"">@duuff30</a>",55,7,43.014,0.881,7,68,0,1093.857,59.286,0.714,0.429
"<a href=""https://tiktok.com/@dyxh0219"" target=""_blank"">@dyxh0219</a>",94,9,15.611,1,4,36,0,1003,35.444,0.222,0
"<a href=""https://tiktok.com/@ecucbt"" target=""_blank"">@ecucbt</a>",49,3,21.883,0.92,5,48,0,2033,54.667,0.333,2
"<a href=""https://tiktok.com/@eiej4325"" target=""_blank"">@eiej4325</a>",88,5,66.955,1,4,48,0,457.143,17.143,0.286,0.714
"<a href=""https://tiktok.com/@emory.drawehj"" target=""_blank"">@emory.drawehj</a>",43,9,75.417,1,2,19,0,28478,510.111,18.111,7.667
"<a href=""https://tiktok.com/@eqmhqf"" target=""_blank"">@eqmhqf</a>",84,8,64.375,0.907,6,92,0,880.111,21.333,0.111,0.222
"<a href=""https://tiktok.com/@eqxela7"" target=""_blank"">@eqxela7</a>",81,4,22.007,1,6,68,0,859,31.5,1,0.25
"<a href=""https://tiktok.com/@evfdmzl"" target=""_blank"">@evfdmzl</a>",63,7,35.69,0.944,2,23,0,3132.857,189.429,0.714,0
"<a href=""https://tiktok.com/@eyidk5"" target=""_blank"">@eyidk5</a>",80,6,31.833,1,1,12,0,898.5,75.5,1.333,0.167
"<a href=""https://tiktok.com/@fauy8466"" target=""_blank"">@fauy8466</a>",9,9,64.818,1,1,11,0,2010.778,83.444,0.667,1.333
"<a href=""https://tiktok.com/@fcjjv86"" target=""_blank"">@fcjjv86</a>",10,8,49.093,0.879,2,24,0,2510.222,99.444,0.222,0.556
"<a href=""https://tiktok.com/@fcvbvv57"" target=""_blank"">@fcvbvv57</a>",74,9,50.491,1,4,42,0,4597.111,46.889,1.444,14.778
"<a href=""https://tiktok.com/@fdijc3"" target=""_blank"">@fdijc3</a>",1,8,29.9,0.889,1,10,0,1321,112,1,0.625
"<a href=""https://tiktok.com/@fduic5"" target=""_blank"">@fduic5</a>",11,9,45.011,0.975,4,46,0,7775.444,90.556,2.111,1.333
"<a href=""https://tiktok.com/@fevkuiq"" target=""_blank"">@fevkuiq</a>",32,8,66.706,0.824,4,40,0,949.25,33.5,0.625,4
"<a href=""https://tiktok.com/@fhda78402"" target=""_blank"">@fhda78402</a>",87,12,63.616,1,5,79,0,1201,38.583,0,0.417
"<a href=""https://tiktok.com/@fhdjfjfj8"" target=""_blank"">@fhdjfjfj8</a>",15,10,64.389,0.944,2,18,0,1448,47.5,0.1,0.4
"<a href=""https://tiktok.com/@fhkundshunk"" target=""_blank"">@fhkundshunk</a>",36,13,41.271,0.733,2,34,0,3811.846,3.769,0.231,0.154
"<a href=""https://tiktok.com/@fhuc22"" target=""_blank"">@fhuc22</a>",26,6,35.698,0.929,2,23,0,1066.333,26.333,0,0
"<a href=""https://tiktok.com/@fhvf210"" target=""_blank"">@fhvf210</a>",28,4,29,1,3,30,0,1083.25,38.5,3.75,8.5
"<a href=""https://tiktok.com/@fhxk1941"" target=""_blank"">@fhxk1941</a>",90,6,65.52,0.806,3,35,0,964.143,59.429,0.714,0.857
"<a href=""https://tiktok.com/@fiir2712"" target=""_blank"">@fiir2712</a>",91,6,63,1,2,18,0,281.222,10,0,0.111
"<a href=""https://tiktok.com/@fijglhhj"" target=""_blank"">@fijglhhj</a>",15,9,66.111,0.944,2,18,0,565.556,19.778,0,0
"<a href=""https://tiktok.com/@fjcjbho58"" target=""_blank"">@fjcjbho58</a>",56,7,48.822,0.926,8,99,0,1080,29,0,0
"<a href=""https://tiktok.com/@fjvbaa"" target=""_blank"">@fjvbaa</a>",57,8,28.111,1,1,9,0,861.375,37.25,0.625,0.75
"<a href=""https://tiktok.com/@fjyukfjjf"" target=""_blank"">@fjyukfjjf</a>",4,10,65.22,0.894,4,40,0,1741.7,86.9,0.8,1.1
"<a href=""https://tiktok.com/@fkfdnd"" target=""_blank"">@fkfdnd</a>",2,6,45.267,0.938,2,22,0,1091.167,32.667,0.333,0
"<a href=""https://tiktok.com/@fkir2290"" target=""_blank"">@fkir2290</a>",91,12,56.467,0.867,2,45,0,831.083,85.833,0.417,0.75
"<a href=""https://tiktok.com/@fnnf8890"" target=""_blank"">@fnnf8890</a>",92,9,34.333,1,1,27,0,1774.667,63.167,0.25,1.25
"<a href=""https://tiktok.com/@frd7456"" target=""_blank"">@frd7456</a>",18,7,54.398,0.95,2,23,0,873.429,21.714,0.143,0
"<a href=""https://tiktok.com/@g.in.cgn"" target=""_blank"">@g.in.cgn</a>",54,7,47.75,1,2,19,0,1219,104.286,0.571,1.286
"<a href=""https://tiktok.com/@gckcj4"" target=""_blank"">@gckcj4</a>",6,10,51.223,0.917,2,23,0,1364.5,51.3,0.2,0.8
"<a href=""https://tiktok.com/@gclqse"" target=""_blank"">@gclqse</a>",85,9,75.7,1,1,20,0,520.778,41.667,0.222,0.667
"<a href=""https://tiktok.com/@gdjdi63"" target=""_blank"">@gdjdi63</a>",80,6,31.833,1,1,12,0,1494.667,59.333,1.333,0
"<a href=""https://tiktok.com/@gduhx01"" target=""_blank"">@gduhx01</a>",11,8,40.544,1,2,19,0,2814.1,59.5,0.1,0.1
"<a href=""https://tiktok.com/@geievertu8"" target=""_blank"">@geievertu8</a>",4,9,58.591,0.95,2,22,0,1509.2,43.1,1.4,0.6
"<a href=""https://tiktok.com/@gf.nj97"" target=""_blank"">@gf.nj97</a>",4,8,55.681,0.95,4,42,0,1904.5,127.625,2,12.625
"<a href=""https://tiktok.com/@gfg6705"" target=""_blank"">@gfg6705</a>",28,5,32.467,0.958,3,35,0,1041.2,30.4,2,3.6
"<a href=""https://tiktok.com/@gfjch34"" target=""_blank"">@gfjch34</a>",3,8,58.473,0.938,2,21,0,1850.875,159.5,1,2.625
"<a href=""https://tiktok.com/@gheoe8"" target=""_blank"">@gheoe8</a>",77,6,56.583,0.917,2,21,0,1097.5,82.5,1.333,0.333
"<a href=""https://tiktok.com/@ghhj8554"" target=""_blank"">@ghhj8554</a>",87,12,73.453,0.982,7,111,0,1084.083,42.167,0.417,1.167
"<a href=""https://tiktok.com/@givi0331"" target=""_blank"">@givi0331</a>",90,8,64.304,0.913,4,65,0,388.545,14.273,0.091,0.091
"<a href=""https://tiktok.com/@gjguq6894"" target=""_blank"">@gjguq6894</a>",92,11,62,0.944,2,36,0,2020.545,73.455,0.636,3.091
"<a href=""https://tiktok.com/@gjhg8047"" target=""_blank"">@gjhg8047</a>",88,7,64.333,1,2,26,0,1080,42.625,0.125,0.875
"<a href=""https://tiktok.com/@gkkfykjb"" target=""_blank"">@gkkfykjb</a>",12,8,49.091,0.875,1,11,0,1040.625,37.25,0.125,0.5
"<a href=""https://tiktok.com/@glye82199"" target=""_blank"">@glye82199</a>",94,9,20.389,1,4,36,0,1438.556,107.778,0.667,1.333
"<a href=""https://tiktok.com/@gmggkho"" target=""_blank"">@gmggkho</a>",95,11,73.294,1,2,19,0,321.667,13.583,0.083,0
"<a href=""https://tiktok.com/@gohdr4367"" target=""_blank"">@gohdr4367</a>",56,9,49.942,0.877,6,90,0,1939,65.111,0.333,0.333
"<a href=""https://tiktok.com/@gooj806"" target=""_blank"">@gooj806</a>",39,8,48.81,0.812,5,68,0,1899.875,61.625,0.5,1.25
"<a href=""https://tiktok.com/@gour2295"" target=""_blank"">@gour2295</a>",93,6,47.4,0.944,3,42,0,2924.167,83,0.5,2.167
"<a href=""https://tiktok.com/@goxwwtn"" target=""_blank"">@goxwwtn</a>",66,6,13.1,0.875,1,10,0,17593.875,807.75,3.25,1.875
"<a href=""https://tiktok.com/@gutieyy7"" target=""_blank"">@gutieyy7</a>",4,7,63,0.944,2,18,0,3068.143,115.286,1.857,0.286
"<a href=""https://tiktok.com/@gxhx514"" target=""_blank"">@gxhx514</a>",56,7,48.444,0.911,6,68,0,2209,53.857,0,0
"<a href=""https://tiktok.com/@hbjoggv"" target=""_blank"">@hbjoggv</a>",15,8,62.5,1,2,18,0,936,46.625,0,0.75
"<a href=""https://tiktok.com/@hdbjx72"" target=""_blank"">@hdbjx72</a>",28,5,30.672,1,3,35,0,1005.6,29.2,0,0.4
"<a href=""https://tiktok.com/@hdhxh3484"" target=""_blank"">@hdhxh3484</a>",10,10,45.639,0.885,3,37,0,1685.3,42.2,0.7,3.8
"<a href=""https://tiktok.com/@hdidkser0"" target=""_blank"">@hdidkser0</a>",4,9,69.741,0.921,3,27,0,3242.111,99.556,1,2.111
"<a href=""https://tiktok.com/@hdmjwo1"" target=""_blank"">@hdmjwo1</a>",84,5,50.611,1,4,36,0,281.444,23.222,0,1.444
"<a href=""https://tiktok.com/@hfstil3"" target=""_blank"">@hfstil3</a>",79,6,49.6,0.833,1,10,0,38566.5,1913.5,23.167,47.833
"<a href=""https://tiktok.com/@hgidsi"" target=""_blank"">@hgidsi</a>",56,11,53.747,0.941,8,117,0,2612,59.182,0.364,0.818
"<a href=""https://tiktok.com/@hhdhuwp"" target=""_blank"">@hhdhuwp</a>",96,9,75.778,1,1,9,0,321.75,12.25,0.167,0
"<a href=""https://tiktok.com/@hi.pnct"" target=""_blank"">@hi.pnct</a>",13,9,55.25,1,1,12,0,856.111,26.111,0.111,0.222
"<a href=""https://tiktok.com/@hidouo"" target=""_blank"">@hidouo</a>",84,9,64.278,1,4,78,0,1092.111,17.222,0,0.111
"<a href=""https://tiktok.com/@hltuoq"" target=""_blank"">@hltuoq</a>",84,9,66.976,1,5,76,0,992.667,39.111,0.333,0.333
"<a href=""https://tiktok.com/@hoeg.huan"" target=""_blank"">@hoeg.huan</a>",37,7,58.4,1,1,10,0,5750.857,71.857,0.714,1.286
"<a href=""https://tiktok.com/@hojdmc"" target=""_blank"">@hojdmc</a>",48,15,25.008,0.953,2,84,0,1047.267,152.4,0.133,0.867
"<a href=""https://tiktok.com/@hootchxs"" target=""_blank"">@hootchxs</a>",18,8,46.275,0.95,2,22,0,552,13.875,0,0
"<a href=""https://tiktok.com/@hrsy60677"" target=""_blank"">@hrsy60677</a>",91,12,40.916,0.963,3,76,0,1118.167,43.417,0.5,0.667
"<a href=""https://tiktok.com/@hsbuz8"" target=""_blank"">@hsbuz8</a>",23,8,46.167,0.875,1,12,0,1033.25,41.125,0.125,0
"<a href=""https://tiktok.com/@htjzwe4"" target=""_blank"">@htjzwe4</a>",59,8,23.727,1,1,11,0,2547,46,1.25,0.375
"<a href=""https://tiktok.com/@hullen.nguyen"" target=""_blank"">@hullen.nguyen</a>",7,10,46.05,0.929,2,20,0,1742.2,72.4,1,0.5
"<a href=""https://tiktok.com/@hvtcan"" target=""_blank"">@hvtcan</a>",65,4,18,0.857,1,10,0,1005.5,53.25,0.5,0
"<a href=""https://tiktok.com/@hxjdsj34"" target=""_blank"">@hxjdsj34</a>",55,7,39.754,0.921,7,77,0,938.143,84.286,0.857,0.286
"<a href=""https://tiktok.com/@hzhdhs"" target=""_blank"">@hzhdhs</a>",55,8,35.78,0.924,10,117,0,1306.25,81,1.375,0.5
"<a href=""https://tiktok.com/@ididu034"" target=""_blank"">@ididu034</a>",3,9,64.384,1,2,20,0,12576.333,207.111,4.222,3.222
"<a href=""https://tiktok.com/@idpeoc"" target=""_blank"">@idpeoc</a>",84,9,63.323,0.961,8,116,0,1874.333,27.889,0,0.111
"<a href=""https://tiktok.com/@if.en.is.fam"" target=""_blank"">@if.en.is.fam</a>",17,9,43,1,1,12,0,1015.778,39,0.556,0.444
"<a href=""https://tiktok.com/@ifrt2705"" target=""_blank"">@ifrt2705</a>",46,9,9.667,1,1,9,0,1483.583,52.333,0.833,0.5
"<a href=""https://tiktok.com/@iiuu553"" target=""_blank"">@iiuu553</a>",39,6,51.212,0.889,2,25,0,6642,86.167,1,1.167
"<a href=""https://tiktok.com/@ilges.estelwei"" target=""_blank"">@ilges.estelwei</a>",43,8,36.667,1,1,12,0,1736.125,55.125,2,3.125
"<a href=""https://tiktok.com/@injjzxvr"" target=""_blank"">@injjzxvr</a>",76,9,54.725,0.864,2,27,0,1805.111,8.667,0,0.667
"<a href=""https://tiktok.com/@irdc042"" target=""_blank"">@irdc042</a>",1,9,49.613,0.903,5,47,0,3251,114.556,0.889,0.556
"<a href=""https://tiktok.com/@isce0690"" target=""_blank"">@isce0690</a>",90,5,57.433,0.917,2,24,0,883,54.5,0.375,0.5
"<a href=""https://tiktok.com/@isgs5669"" target=""_blank"">@isgs5669</a>",90,9,68.341,0.944,2,43,0,337.25,9.667,0.917,0.25
"<a href=""https://tiktok.com/@itsstj2"" target=""_blank"">@itsstj2</a>",77,8,58.6,0.917,2,22,0,1191,60.375,1.375,0.25
"<a href=""https://tiktok.com/@izbktlfq"" target=""_blank"">@izbktlfq</a>",74,9,44.632,0.977,4,44,0,1571.556,12.444,0,0.222
"<a href=""https://tiktok.com/@jajsjsn56"" target=""_blank"">@jajsjsn56</a>",38,12,62.517,0.867,4,70,0,2791.5,53,0.25,0.75
"<a href=""https://tiktok.com/@jccj44506"" target=""_blank"">@jccj44506</a>",88,7,62.561,1,3,35,0,423.714,16.286,0,0.286
"<a href=""https://tiktok.com/@jdkckcj2"" target=""_blank"">@jdkckcj2</a>",7,10,60.667,1,1,9,0,3039.5,79.3,1.5,1.1
"<a href=""https://tiktok.com/@jdpxorjf"" target=""_blank"">@jdpxorjf</a>",1,7,53.692,0.873,2,22,0,2587.222,148.778,0.556,0.556
"<a href=""https://tiktok.com/@jecxsz"" target=""_blank"">@jecxsz</a>",81,6,23.7,1,6,96,0,406.167,23.667,0.833,0
"<a href=""https://tiktok.com/@jfdd653"" target=""_blank"">@jfdd653</a>",6,10,56.323,0.929,2,23,0,2230.9,81.5,0.5,3.4
"<a href=""https://tiktok.com/@jffihofff"" target=""_blank"">@jffihofff</a>",19,7,45.667,0.889,1,9,0,1017.571,26.571,0.286,1.429
"<a href=""https://tiktok.com/@jfkdkdk54"" target=""_blank"">@jfkdkdk54</a>",20,6,56.2,1,1,10,0,334,10.833,0.167,0.167
"<a href=""https://tiktok.com/@jfkovj5"" target=""_blank"">@jfkovj5</a>",1,8,55.051,0.882,2,20,0,2097.25,166.625,1,1
"<a href=""https://tiktok.com/@jjdjdd911"" target=""_blank"">@jjdjdd911</a>",14,9,49.25,1,1,16,0,838.222,21.333,0.111,0
"<a href=""https://tiktok.com/@jkdkj"" target=""_blank"">@jkdkj</a>",16,9,63.556,1,1,9,0,533,35.111,0.222,1
"<a href=""https://tiktok.com/@jkuy0534"" target=""_blank"">@jkuy0534</a>",87,12,72.725,0.958,3,71,0,621.583,36.667,0,0.5
"<a href=""https://tiktok.com/@jshszh6382"" target=""_blank"">@jshszh6382</a>",52,6,73.3,0.875,1,10,0,894.333,74.333,0.667,0
"<a href=""https://tiktok.com/@jsosjxj8"" target=""_blank"">@jsosjxj8</a>",1,9,61.124,0.902,7,75,0,2132.778,86.222,0.556,0.889
"<a href=""https://tiktok.com/@jspsns3"" target=""_blank"">@jspsns3</a>",78,6,71.667,1,1,12,0,4387.667,184.667,2.167,3.833
"<a href=""https://tiktok.com/@jtcytxyzey"" target=""_blank"">@jtcytxyzey</a>",1,10,60.127,0.909,8,82,0,10157.9,279.7,5.9,4.3
"<a href=""https://tiktok.com/@jvhb240"" target=""_blank"">@jvhb240</a>",38,14,55.865,0.861,3,73,0,2007.643,49,0.357,0.929
"<a href=""https://tiktok.com/@jvtvc3"" target=""_blank"">@jvtvc3</a>",39,11,53.141,0.805,6,96,0,29488.636,1793.727,14.818,243
"<a href=""https://tiktok.com/@kacbr2774"" target=""_blank"">@kacbr2774</a>",55,7,41.531,0.917,8,90,0,465.5,13,0.125,0.25
"<a href=""https://tiktok.com/@kamlisarkar_0"" target=""_blank"">@kamlisarkar_0</a>",70,15,92.492,0.65,2,32,0,4641.708,333.917,18.542,29.292
"<a href=""https://tiktok.com/@kaylabigsjo"" target=""_blank"">@kaylabigsjo</a>",20,7,48.7,0.889,1,10,0,691.857,23.286,0.429,0.143
"<a href=""https://tiktok.com/@kdywnty"" target=""_blank"">@kdywnty</a>",63,8,41.767,0.969,4,45,0,2651.5,65.875,1.125,0.375
"<a href=""https://tiktok.com/@kfbfol"" target=""_blank"">@kfbfol</a>",83,4,35.333,1,1,12,0,290.571,37.143,0.143,2.429
"<a href=""https://tiktok.com/@khanh.phukhh"" target=""_blank"">@khanh.phukhh</a>",43,7,56.758,0.938,2,20,0,2152.286,54.571,3.857,10.857
"<a href=""https://tiktok.com/@khayrikasibmansou"" target=""_blank"">@khayrikasibmansou</a>",97,3,53,0.8,1,9,0,1113.333,18.333,0,2.333
"<a href=""https://tiktok.com/@kjuq5904"" target=""_blank"">@kjuq5904</a>",89,3,33,1,1,9,0,709,35.333,0.667,0.5
"<a href=""https://tiktok.com/@klsier"" target=""_blank"">@klsier</a>",84,3,46.667,1,4,36,0,112,6.667,0,0
"<a href=""https://tiktok.com/@kranaa9"" target=""_blank"">@kranaa9</a>",49,3,20.817,0.92,5,48,0,763.333,17.333,0,0
"<a href=""https://tiktok.com/@krug011"" target=""_blank"">@krug011</a>",1,9,59.694,0.839,4,40,0,2162,183.333,0.667,0.333
"<a href=""https://tiktok.com/@kubjij"" target=""_blank"">@kubjij</a>",49,3,18.372,1,5,48,0,825.286,72.5,0.714,0.071
"<a href=""https://tiktok.com/@kuhar.clair6"" target=""_blank"">@kuhar.clair6</a>",28,5,36.676,0.933,4,43,0,1103.6,37.6,0,0.2
"<a href=""https://tiktok.com/@labksb49906r"" target=""_blank"">@labksb49906r</a>",32,8,44.782,0.876,5,51,0,1615.125,84.375,0,0.375
"<a href=""https://tiktok.com/@landscape5670"" target=""_blank"">@landscape5670</a>",34,9,42.968,0.938,4,44,0,2826.444,131.556,1.444,3.333
"<a href=""https://tiktok.com/@lanora.haskely"" target=""_blank"">@lanora.haskely</a>",44,9,59.615,0.889,1,13,0,2112.778,63.889,2.667,3.667
"<a href=""https://tiktok.com/@lawgray3"" target=""_blank"">@lawgray3</a>",38,12,55.589,0.918,9,137,0,1652.167,64.5,0.25,0.917
"<a href=""https://tiktok.com/@ldaphc"" target=""_blank"">@ldaphc</a>",81,6,23.169,1,6,96,0,622.333,31.333,0,0
"<a href=""https://tiktok.com/@lhodsrr"" target=""_blank"">@lhodsrr</a>",16,10,51.994,0.944,4,39,0,710.4,24,0.6,0.3
"<a href=""https://tiktok.com/@lhqitc"" target=""_blank"">@lhqitc</a>",84,9,58.667,1,3,36,0,1730.222,40.111,0.111,0.222
"<a href=""https://tiktok.com/@liaojiuyu"" target=""_blank"">@liaojiuyu</a>",56,8,43.891,0.848,5,64,0,1446,32.75,0.375,0.125
"<a href=""https://tiktok.com/@lin689668987"" target=""_blank"">@lin689668987</a>",36,7,50.349,0.771,2,23,0,2575.5,92.6,4.3,21.7
"<a href=""https://tiktok.com/@ljpjvh"" target=""_blank"">@ljpjvh</a>",61,8,12.071,0.909,1,14,0,1557.125,60.125,0.875,0.5
"<a href=""https://tiktok.com/@lnppoe"" target=""_blank"">@lnppoe</a>",82,8,50,1,2,30,0,26509.556,361.444,15.444,36.222
"<a href=""https://tiktok.com/@lpdjjnk"" target=""_blank"">@lpdjjnk</a>",17,9,55.111,0.778,1,9,0,750.556,24.111,0,0.111
"<a href=""https://tiktok.com/@luet671136"" target=""_blank"">@luet671136</a>",32,7,56.837,0.911,3,28,0,1398.714,75.857,0.286,0.429
"<a href=""https://tiktok.com/@lush_queen120"" target=""_blank"">@lush_queen120</a>",68,11,82.469,0.583,1,32,0,56932.722,5781.194,196.083,429.472
"<a href=""https://tiktok.com/@lwandiswamsithini"" target=""_blank"">@lwandiswamsithini</a>",37,10,48.909,0.958,3,35,0,3513.4,60.7,1,0.4
"<a href=""https://tiktok.com/@lxjjc"" target=""_blank"">@lxjjc</a>",10,8,53.231,0.909,1,13,0,2418.375,59,1.25,8.875
"<a href=""https://tiktok.com/@maemeg7"" target=""_blank"">@maemeg7</a>",62,5,13.444,1,1,9,0,2520.714,169.857,1,0.429
"<a href=""https://tiktok.com/@mdsdz2"" target=""_blank"">@mdsdz2</a>",41,5,39.615,0.625,1,13,0,18277.357,658,31.571,11.571
"<a href=""https://tiktok.com/@mendhejeheje"" target=""_blank"">@mendhejeheje</a>",74,9,52.428,0.94,5,55,0,735.222,7,0.111,1.333
"<a href=""https://tiktok.com/@miss.bordner"" target=""_blank"">@miss.bordner</a>",6,9,58.143,0.889,1,14,0,2103.111,90,0.444,0.778
"<a href=""https://tiktok.com/@mjbwysq6"" target=""_blank"">@mjbwysq6</a>",64,7,58.2,0.833,1,10,0,1175.571,45,0.143,0
"<a href=""https://tiktok.com/@mmhpbybt"" target=""_blank"">@mmhpbybt</a>",76,7,56.625,0.808,2,24,0,1562.444,22.778,2.444,3.333
"<a href=""https://tiktok.com/@monalisa7988"" target=""_blank"">@monalisa7988</a>",27,7,47.734,0.874,3,36,0,693.714,21.429,0,0
"<a href=""https://tiktok.com/@msfsgvsvcsdfsadsa"" target=""_blank"">@msfsgvsvcsdfsadsa</a>",32,7,55.333,0.875,1,9,0,861.857,19.429,0.286,0.429
"<a href=""https://tiktok.com/@mua29840"" target=""_blank"">@mua29840</a>",2,10,50.417,1,2,28,0,3690.8,82.3,1,0.7
"<a href=""https://tiktok.com/@mulask57"" target=""_blank"">@mulask57</a>",27,7,39.613,0.952,3,36,0,1333.5,36.375,0,0
"<a href=""https://tiktok.com/@mxvgdscsdfvcsdfsd"" target=""_blank"">@mxvgdscsdfvcsdfsd</a>",32,8,55.312,0.823,4,42,0,865.125,22.875,0.25,0.25
"<a href=""https://tiktok.com/@nassralanijw1hlg"" target=""_blank"">@nassralanijw1hlg</a>",40,10,20.308,1,1,26,0,606.6,47.3,0.5,0.6
"<a href=""https://tiktok.com/@ncaqusztvgl"" target=""_blank"">@ncaqusztvgl</a>",84,3,56.861,1,4,36,0,112.667,1.333,0,0
"<a href=""https://tiktok.com/@ncjfhyrsdj"" target=""_blank"">@ncjfhyrsdj</a>",55,6,32.797,0.902,4,38,0,1706.333,53.5,0.833,0
"<a href=""https://tiktok.com/@ncsfo3287"" target=""_blank"">@ncsfo3287</a>",55,7,32.687,0.907,7,79,0,1213.143,72.714,0.857,0.429
"<a href=""https://tiktok.com/@ndhfs844"" target=""_blank"">@ndhfs844</a>",56,6,40.477,0.832,5,59,0,1387.5,32.667,0.5,0
"<a href=""https://tiktok.com/@ndork4782"" target=""_blank"">@ndork4782</a>",52,8,73.3,0.875,1,10,0,1471.125,58.375,0.75,0.125
"<a href=""https://tiktok.com/@nidaye81"" target=""_blank"">@nidaye81</a>",56,9,48.404,0.857,8,117,0,1210.444,55.556,0.333,0.222
"<a href=""https://tiktok.com/@nqiwmj"" target=""_blank"">@nqiwmj</a>",96,10,75.778,1,1,9,0,835.909,19,0.727,0
"<a href=""https://tiktok.com/@nqkwvc"" target=""_blank"">@nqkwvc</a>",62,5,13.444,1,1,9,0,1206.857,65,0.571,0.286
"<a href=""https://tiktok.com/@nxpsa4288"" target=""_blank"">@nxpsa4288</a>",53,8,64.3,1,1,10,0,972.375,48.625,0.625,0.375
"<a href=""https://tiktok.com/@nzohwh"" target=""_blank"">@nzohwh</a>",60,7,12.615,1,1,13,0,1293.571,71,1.429,0.286
"<a href=""https://tiktok.com/@objlhmtjemu"" target=""_blank"">@objlhmtjemu</a>",83,6,35.333,1,1,12,0,340,25.444,0.111,0.333
"<a href=""https://tiktok.com/@oeivoppc"" target=""_blank"">@oeivoppc</a>",75,9,39.444,1,1,9,0,1631.222,10,0.222,1.222
"<a href=""https://tiktok.com/@ohchocx"" target=""_blank"">@ohchocx</a>",20,8,52.027,0.963,3,31,0,836.875,15.875,0,0.125
"<a href=""https://tiktok.com/@okay11732"" target=""_blank"">@okay11732</a>",87,12,57.574,1,6,114,0,1520.333,46.833,0.417,0.083
"<a href=""https://tiktok.com/@oljclk"" target=""_blank"">@oljclk</a>",61,8,12.071,0.909,1,14,0,1088.5,21.5,0.25,0.25
"<a href=""https://tiktok.com/@omi.poni0"" target=""_blank"">@omi.poni0</a>",26,6,37.943,1,2,24,0,2152.833,60.167,0.333,3.167
"<a href=""https://tiktok.com/@opgse4909"" target=""_blank"">@opgse4909</a>",56,9,55.439,0.835,11,161,0,15472.1,517.6,3,1.2
"<a href=""https://tiktok.com/@osb.remo"" target=""_blank"">@osb.remo</a>",38,12,54.02,0.936,9,153,0,4088.083,74.167,0.25,1.5
"<a href=""https://tiktok.com/@owuhwh"" target=""_blank"">@owuhwh</a>",79,5,49.6,0.833,1,10,0,46790.6,1720.8,15.8,18.2
"<a href=""https://tiktok.com/@oxkops7"" target=""_blank"">@oxkops7</a>",60,7,12.615,1,1,13,0,1716.714,52.143,1.429,1.143
"<a href=""https://tiktok.com/@pbpktw"" target=""_blank"">@pbpktw</a>",84,9,69.311,0.944,7,119,0,948.222,12.778,0,0.111
"<a href=""https://tiktok.com/@pcufgt6"" target=""_blank"">@pcufgt6</a>",66,7,13.1,0.875,1,10,0,976.714,47.286,0.714,0.571
"<a href=""https://tiktok.com/@pehcpohz"" target=""_blank"">@pehcpohz</a>",76,9,41.1,0.944,2,27,0,3012.667,25.444,2.778,13.222
"<a href=""https://tiktok.com/@pewpua2"" target=""_blank"">@pewpua2</a>",49,3,21.939,0.88,5,48,0,1645,145.667,0,0.667
"<a href=""https://tiktok.com/@plaqebfzf07"" target=""_blank"">@plaqebfzf07</a>",67,9,89.022,0.838,2,30,0,976.333,69.708,6.583,4.75
"<a href=""https://tiktok.com/@prbnac"" target=""_blank"">@prbnac</a>",84,3,58.667,1,2,18,0,134.333,0.333,0,0
"<a href=""https://tiktok.com/@prtnr8"" target=""_blank"">@prtnr8</a>",4,9,58.399,0.95,2,20,0,2466.778,116.556,1.889,1
"<a href=""https://tiktok.com/@puhrra"" target=""_blank"">@puhrra</a>",84,9,68.256,1,5,80,0,791.333,11.778,0,0
"<a href=""https://tiktok.com/@qdcieh"" target=""_blank"">@qdcieh</a>",48,13,19.769,0.924,2,78,0,1464.438,123.625,0.562,0.312
"<a href=""https://tiktok.com/@qifei6668886"" target=""_blank"">@qifei6668886</a>",73,5,39.778,1,1,9,0,1626.667,63,0.167,0.5
"<a href=""https://tiktok.com/@qigqtm"" target=""_blank"">@qigqtm</a>",84,3,59.289,1,5,45,0,111.667,1.333,0,0
"<a href=""https://tiktok.com/@quincyshop08"" target=""_blank"">@quincyshop08</a>",1,10,57.5,0.902,4,41,0,1903.9,110.6,0.4,0.6
"<a href=""https://tiktok.com/@ququ.anhag"" target=""_blank"">@ququ.anhag</a>",42,7,87,1,1,12,0,2146.778,26.889,1.667,1.556
"<a href=""https://tiktok.com/@qvcka2481"" target=""_blank"">@qvcka2481</a>",56,6,44.373,0.891,5,61,0,2010.333,59.667,0.5,0.167
"<a href=""https://tiktok.com/@reddit.vztwo"" target=""_blank"">@reddit.vztwo</a>",25,6,40.879,0.958,5,76,0,1952.167,38.833,0.333,0
"<a href=""https://tiktok.com/@reddit_debbie"" target=""_blank"">@reddit_debbie</a>",49,3,21.039,0.88,5,48,0,1158.667,150,0.333,0.667
"<a href=""https://tiktok.com/@reddit_grayson99"" target=""_blank"">@reddit_grayson99</a>",48,15,25.495,0.925,2,84,0,6977.8,252.267,0.333,0.8
"<a href=""https://tiktok.com/@reddit_ignatius8"" target=""_blank"">@reddit_ignatius8</a>",82,9,64.973,1,2,43,0,4259.667,76,5.889,9.556
"<a href=""https://tiktok.com/@redditpov1"" target=""_blank"">@redditpov1</a>",22,6,54.889,1,1,9,0,4587.444,71.889,0.222,2
"<a href=""https://tiktok.com/@reddittext48"" target=""_blank"">@reddittext48</a>",22,6,54.889,1,1,9,0,2228.625,51.625,0.125,0.875
"<a href=""https://tiktok.com/@refine74"" target=""_blank"">@refine74</a>",59,7,23.727,1,1,11,0,1674.714,140.857,1.286,1
"<a href=""https://tiktok.com/@rohingyao"" target=""_blank"">@rohingyao</a>",34,10,52.767,0.868,5,55,0,3576,141,2.3,2.9
"<a href=""https://tiktok.com/@rosacasey65"" target=""_blank"">@rosacasey65</a>",4,8,55.222,0.938,2,18,0,2053.875,77.25,1.75,1.875
"<a href=""https://tiktok.com/@rrntjd3"" target=""_blank"">@rrntjd3</a>",95,11,50.128,1,2,19,0,296.75,8.25,0,0.083
"<a href=""https://tiktok.com/@rrwtqoji8v5"" target=""_blank"">@rrwtqoji8v5</a>",32,7,47.111,0.929,2,18,0,1542.857,41.286,0.286,0.429
"<a href=""https://tiktok.com/@rubin.mervy8"" target=""_blank"">@rubin.mervy8</a>",38,7,55.413,0.888,8,89,0,1133.429,31.571,0.429,1
"<a href=""https://tiktok.com/@rust04104"" target=""_blank"">@rust04104</a>",94,9,13.417,1,4,36,0,2092.556,105.889,0.222,0.556
"<a href=""https://tiktok.com/@sdsdyou"" target=""_blank"">@sdsdyou</a>",35,9,23.1,0.875,1,10,0,8697.1,261.9,4.9,13.5
"<a href=""https://tiktok.com/@seile.rian"" target=""_blank"">@seile.rian</a>",38,12,64.605,0.896,8,153,0,5600.167,81.417,0.917,0.75
"<a href=""https://tiktok.com/@sharleen.howard"" target=""_blank"">@sharleen.howard</a>",11,10,48.704,0.967,3,33,0,1287.5,127,0.6,0.5
"<a href=""https://tiktok.com/@shbsdd2"" target=""_blank"">@shbsdd2</a>",82,9,76.307,1,2,37,0,8889,163.111,13.778,17.111
"<a href=""https://tiktok.com/@shfjjg4"" target=""_blank"">@shfjjg4</a>",14,7,58.455,0.818,1,11,0,1436.571,28.714,1.143,0.286
"<a href=""https://tiktok.com/@shgj33"" target=""_blank"">@shgj33</a>",11,8,47.556,0.9,2,21,0,3798.222,86.889,0.667,0.778
"<a href=""https://tiktok.com/@shuj977"" target=""_blank"">@shuj977</a>",24,6,51.679,0.889,2,25,0,977.833,34.333,0.167,0
"<a href=""https://tiktok.com/@shuy742"" target=""_blank"">@shuy742</a>",25,7,44.463,0.962,5,88,0,793.143,20.143,0,0
"<a href=""https://tiktok.com/@skkfdxh"" target=""_blank"">@skkfdxh</a>",17,9,49.056,0.889,2,21,0,729.222,26.778,0.111,0.444
"<a href=""https://tiktok.com/@snoshsj"" target=""_blank"">@snoshsj</a>",55,7,31.337,0.934,9,94,0,1054.286,41.714,0.571,0.286
"<a href=""https://tiktok.com/@sooz6329"" target=""_blank"">@sooz6329</a>",92,8,37.75,0.889,1,24,0,266.375,17.25,0,0.25
"<a href=""https://tiktok.com/@sqifhw"" target=""_blank"">@sqifhw</a>",84,9,55.107,0.972,6,76,0,890.444,21.444,0,0.333
"<a href=""https://tiktok.com/@stoyouh"" target=""_blank"">@stoyouh</a>",34,7,33.75,0.875,2,20,0,3435,134.714,1.429,10.571
"<a href=""https://tiktok.com/@sug7994"" target=""_blank"">@sug7994</a>",25,7,38.517,1,5,88,0,778.857,32.429,0.143,0.143
"<a href=""https://tiktok.com/@sun.lilym"" target=""_blank"">@sun.lilym</a>",43,8,55.583,1,2,22,0,1362.75,69,0.875,7.75
"<a href=""https://tiktok.com/@suoxin2"" target=""_blank"">@suoxin2</a>",12,8,53,1,1,9,0,1988.375,94.875,1.5,10.5
"<a href=""https://tiktok.com/@sush0240"" target=""_blank"">@sush0240</a>",46,9,9.667,1,1,9,0,1720.417,51.333,0.583,1.167
"<a href=""https://tiktok.com/@sweet_babyc120"" target=""_blank"">@sweet_babyc120</a>",68,15,86.957,0.708,2,50,0,8695.64,827.68,45.32,16.52
"<a href=""https://tiktok.com/@sweet_driver120"" target=""_blank"">@sweet_driver120</a>",67,13,98.182,0.571,1,11,0,15310.208,999.625,46.312,16.708
"<a href=""https://tiktok.com/@syic2117"" target=""_blank"">@syic2117</a>",94,9,23.444,1,4,36,0,1287.222,56.556,0.333,0.333
"<a href=""https://tiktok.com/@tarkibaby0"" target=""_blank"">@tarkibaby0</a>",71,3,52.9,0.833,1,10,0,108.375,5.75,0.25,0
"<a href=""https://tiktok.com/@tessh95"" target=""_blank"">@tessh95</a>",78,6,57,1,1,12,0,921.833,111.333,1.333,0.833
"<a href=""https://tiktok.com/@text.fc"" target=""_blank"">@text.fc</a>",34,7,70.332,0.854,2,21,0,3757.889,163.556,2.556,4.889
"<a href=""https://tiktok.com/@text690"" target=""_blank"">@text690</a>",35,7,23.1,0.875,1,10,0,11902.1,188.9,4.7,21.4
"<a href=""https://tiktok.com/@thi.chanh.viet.do"" target=""_blank"">@thi.chanh.viet.do</a>",33,6,64.667,0.778,1,9,0,1085,49.714,0.286,0.286
"<a href=""https://tiktok.com/@tijf9855"" target=""_blank"">@tijf9855</a>",45,12,15.917,1,2,24,0,1893.667,45.75,1.25,0.917
"<a href=""https://tiktok.com/@tikfop7478"" target=""_blank"">@tikfop7478</a>",50,7,70.222,0.857,1,9,0,1177.143,43.571,0.714,0
"<a href=""https://tiktok.com/@titme"" target=""_blank"">@titme</a>",26,6,38.356,0.929,2,19,0,812.833,32,0.5,0.667
"<a href=""https://tiktok.com/@tiut0219"" target=""_blank"">@tiut0219</a>",91,9,36.87,1,3,63,0,325,13.222,0.444,0.111
"<a href=""https://tiktok.com/@todaysfriendshow4"" target=""_blank"">@todaysfriendshow4</a>",24,7,43.534,0.944,2,29,0,1568.857,52.143,0.714,0.429
"<a href=""https://tiktok.com/@tookg4664"" target=""_blank"">@tookg4664</a>",56,4,38.136,0.867,5,52,0,79.75,0.75,0,0
"<a href=""https://tiktok.com/@topi.khatun6"" target=""_blank"">@topi.khatun6</a>",23,5,46.167,0.875,1,12,0,1062.2,15.8,0,0.2
"<a href=""https://tiktok.com/@tri.nguyenw"" target=""_blank"">@tri.nguyenw</a>",42,8,69.5,0.833,1,10,0,703.875,7,0.25,0
"<a href=""https://tiktok.com/@tug35587"" target=""_blank"">@tug35587</a>",78,6,64.333,1,2,24,0,7032.5,298.833,0.667,6.833
"<a href=""https://tiktok.com/@tugx2917"" target=""_blank"">@tugx2917</a>",90,9,71.685,0.933,3,49,0,513.364,31.364,0.091,0.545
"<a href=""https://tiktok.com/@twkg9813"" target=""_blank"">@twkg9813</a>",88,7,67.62,0.95,4,48,0,616,21.143,0,0.143
"<a href=""https://tiktok.com/@twvs4521"" target=""_blank"">@twvs4521</a>",89,3,33,1,1,9,0,1104.167,71,0.833,1
"<a href=""https://tiktok.com/@tyshia_movie"" target=""_blank"">@tyshia_movie</a>",5,9,41.889,1,1,9,0,2827.889,78.444,0.444,0.444
"<a href=""https://tiktok.com/@ubhutfrx"" target=""_blank"">@ubhutfrx</a>",1,8,63.02,0.873,5,50,0,1462,55.375,1,2.5
"<a href=""https://tiktok.com/@uest1280"" target=""_blank"">@uest1280</a>",88,5,65.829,0.933,3,35,0,671.4,14.8,0,0.2
"<a href=""https://tiktok.com/@ufsc8075"" target=""_blank"">@ufsc8075</a>",91,9,66.208,1,4,72,0,1868.25,70.25,0.5,2.25
"<a href=""https://tiktok.com/@uraf9163"" target=""_blank"">@uraf9163</a>",45,12,14.208,1,2,24,0,1133,62,0.667,1.417
"<a href=""https://tiktok.com/@urdu9708"" target=""_blank"">@urdu9708</a>",91,11,68.006,0.922,5,63,0,1326.545,55.455,0.182,0.182
"<a href=""https://tiktok.com/@user1203613923425"" target=""_blank"">@user1203613923425</a>",29,7,58.111,0.889,1,9,0,59140.5,1375.875,14.625,516
"<a href=""https://tiktok.com/@user12390941773567"" target=""_blank"">@user12390941773567</a>",86,6,63.556,1,1,9,0,1152.333,17.5,0.833,9.333
"<a href=""https://tiktok.com/@user16909390140293"" target=""_blank"">@user16909390140293</a>",36,9,62.478,0.838,2,29,0,950.545,13.727,0.182,0.091
"<a href=""https://tiktok.com/@user19468614708518"" target=""_blank"">@user19468614708518</a>",31,9,74.778,1,1,9,0,2649.5,75.8,2.3,12
"<a href=""https://tiktok.com/@user2810315813972"" target=""_blank"">@user2810315813972</a>",3,9,55.452,0.958,3,29,0,1411.556,82.222,0.889,2
"<a href=""https://tiktok.com/@user2903556969068"" target=""_blank"">@user2903556969068</a>",30,9,41.065,0.917,2,31,0,4799.889,79.667,2,9.222
"<a href=""https://tiktok.com/@user2920462956526"" target=""_blank"">@user2920462956526</a>",30,9,60.333,0.95,2,23,0,2873,60.8,2,5.1
"<a href=""https://tiktok.com/@user2932993437321"" target=""_blank"">@user2932993437321</a>",30,9,51.081,0.862,4,43,0,2049.222,55.333,0.778,14.444
"<a href=""https://tiktok.com/@user3034858843569"" target=""_blank"">@user3034858843569</a>",74,9,43.114,0.944,4,41,0,2039,12.222,0,0.111
"<a href=""https://tiktok.com/@user31473805812777"" target=""_blank"">@user31473805812777</a>",75,9,86.778,0.857,1,9,0,2309.444,20.222,0.333,3.111
"<a href=""https://tiktok.com/@user3436197788624"" target=""_blank"">@user3436197788624</a>",39,8,49.749,0.812,4,47,0,1952.125,81.25,1.125,4.375
"<a href=""https://tiktok.com/@user3758269061970"" target=""_blank"">@user3758269061970</a>",40,11,20.308,1,1,26,0,804.091,33,0.364,0.182
"<a href=""https://tiktok.com/@user3782324049429"" target=""_blank"">@user3782324049429</a>",75,8,69.278,0.929,2,18,0,682.444,10.556,0,0
"<a href=""https://tiktok.com/@user386963311513"" target=""_blank"">@user386963311513</a>",30,10,64.731,0.877,3,30,0,2649,63.5,0.7,8.5
"<a href=""https://tiktok.com/@user4181021201798"" target=""_blank"">@user4181021201798</a>",30,9,49.579,0.963,3,31,0,1595.778,37.222,1.333,5.889
"<a href=""https://tiktok.com/@user4473161544200"" target=""_blank"">@user4473161544200</a>",86,6,51.556,0.857,1,9,0,5386,216.333,4.667,4
"<a href=""https://tiktok.com/@user4623873316361"" target=""_blank"">@user4623873316361</a>",74,9,52.005,0.978,5,50,0,1324.556,16.333,0.333,12.667
"<a href=""https://tiktok.com/@user50065457091245"" target=""_blank"">@user50065457091245</a>",31,9,74.778,1,1,9,0,6134.1,74.4,2,10.5
"<a href=""https://tiktok.com/@user5626060056906"" target=""_blank"">@user5626060056906</a>",1,9,49.333,0.958,3,29,0,1856.889,162.111,1.667,0.556
"<a href=""https://tiktok.com/@user6186701630842"" target=""_blank"">@user6186701630842</a>",30,10,49.211,0.95,4,50,0,1615.3,41,1.8,6.9
"<a href=""https://tiktok.com/@user6240933338579"" target=""_blank"">@user6240933338579</a>",74,9,44.394,1,2,20,0,2840.444,26.222,0,5.222
"<a href=""https://tiktok.com/@user65533709618068"" target=""_blank"">@user65533709618068</a>",8,9,33.778,1,1,9,0,1527.111,60.667,0.667,1.444
"<a href=""https://tiktok.com/@user6812280201318"" target=""_blank"">@user6812280201318</a>",86,6,57.185,0.952,3,27,0,3526.333,85,2.333,6.333
"<a href=""https://tiktok.com/@user6922385284275"" target=""_blank"">@user6922385284275</a>",1,10,50.979,0.928,5,52,0,1997,98.8,1.6,1.5
"<a href=""https://tiktok.com/@user7166160034825"" target=""_blank"">@user7166160034825</a>",30,10,48.519,0.967,3,33,0,1592.9,41.7,1,4.2
"<a href=""https://tiktok.com/@user7605976152392"" target=""_blank"">@user7605976152392</a>",11,7,63.833,1,1,12,0,6113.571,68.143,1.429,0.286
"<a href=""https://tiktok.com/@user8508148033286"" target=""_blank"">@user8508148033286</a>",7,8,81.3,0.875,1,10,0,1782,78.7,0.8,0.7
"<a href=""https://tiktok.com/@user8653602093025"" target=""_blank"">@user8653602093025</a>",30,10,65.075,0.867,3,32,0,2005,66,1.8,6.6
"<a href=""https://tiktok.com/@user8753242872061"" target=""_blank"">@user8753242872061</a>",14,10,53.852,0.909,2,27,0,964.4,26.1,0.4,0.1
"<a href=""https://tiktok.com/@user8794483655797"" target=""_blank"">@user8794483655797</a>",30,10,41.031,0.878,2,33,0,3283.9,62.1,1.8,18.4
"<a href=""https://tiktok.com/@user8847609801518"" target=""_blank"">@user8847609801518</a>",29,10,58.111,0.889,1,9,0,862.5,25.9,1.6,6.4
"<a href=""https://tiktok.com/@user9724456321051"" target=""_blank"">@user9724456321051</a>",7,9,51.13,0.952,3,30,0,4327.889,65.111,1,0.222
"<a href=""https://tiktok.com/@user9960965670038"" target=""_blank"">@user9960965670038</a>",16,9,59.333,0.929,2,18,0,802,28.222,0.111,0.556
"<a href=""https://tiktok.com/@username.12345301"" target=""_blank"">@username.12345301</a>",70,6,84.583,0.5,1,12,0,109247.889,421.389,7.111,44.611
"<a href=""https://tiktok.com/@username.1545465"" target=""_blank"">@username.1545465</a>",70,10,100.4,0.8,1,20,0,55.2,3.667,0.533,0
"<a href=""https://tiktok.com/@username6652655"" target=""_blank"">@username6652655</a>",67,5,89.727,0.8,1,11,0,314.125,43.375,2.188,0.438
"<a href=""https://tiktok.com/@ushddhd11"" target=""_blank"">@ushddhd11</a>",2,10,44.85,0.938,2,26,0,1709.2,32,0.4,0.1
"<a href=""https://tiktok.com/@usjg2117"" target=""_blank"">@usjg2117</a>",90,12,61.324,0.908,5,81,0,490.25,23.167,0.25,0
"<a href=""https://tiktok.com/@utoxwqg"" target=""_blank"">@utoxwqg</a>",81,6,23.358,1,6,96,0,299.167,17.333,0.5,0
"<a href=""https://tiktok.com/@v.if77"" target=""_blank"">@v.if77</a>",28,4,47.889,0.857,1,9,0,953,30.5,0,0
"<a href=""https://tiktok.com/@vaigg0"" target=""_blank"">@vaigg0</a>",3,9,52.4,1,1,10,0,3244.889,114.667,2.778,3.333
"<a href=""https://tiktok.com/@vbn1883"" target=""_blank"">@vbn1883</a>",21,6,58.222,0.875,1,9,0,1606.167,44.167,0.167,0.167
"<a href=""https://tiktok.com/@vbn6106"" target=""_blank"">@vbn6106</a>",16,7,66.556,0.857,1,9,0,1066.286,40.429,0.286,0.143
"<a href=""https://tiktok.com/@verity.holland"" target=""_blank"">@verity.holland</a>",7,10,69.922,0.903,3,32,0,1981.2,74.3,1.5,0.7
"<a href=""https://tiktok.com/@vitsu.alec1"" target=""_blank"">@vitsu.alec1</a>",38,9,52.078,0.937,9,134,0,1863.111,69.222,1.333,0.444
"<a href=""https://tiktok.com/@voie3340"" target=""_blank"">@voie3340</a>",93,5,58.6,0.833,2,30,0,497.4,28.8,0.2,0
"<a href=""https://tiktok.com/@vshwiy2868"" target=""_blank"">@vshwiy2868</a>",24,6,46.521,0.944,2,28,0,826.167,27.333,0.167,0.333
"<a href=""https://tiktok.com/@vsuau5"" target=""_blank"">@vsuau5</a>",77,5,62.683,0.833,2,19,0,1052.2,77.8,1.4,1.6
"<a href=""https://tiktok.com/@vxkaw3274"" target=""_blank"">@vxkaw3274</a>",54,8,64.667,1,1,9,0,540.875,31.25,0.375,0.125
"<a href=""https://tiktok.com/@wert2992"" target=""_blank"">@wert2992</a>",47,9,8.556,1,1,9,0,13599.833,538.583,7.5,25.917
"<a href=""https://tiktok.com/@wevbocr"" target=""_blank"">@wevbocr</a>",64,7,21,0.875,1,10,0,1201.429,47.286,1,1.714
"<a href=""https://tiktok.com/@wgslhe"" target=""_blank"">@wgslhe</a>",84,9,60.014,1,8,81,0.001,1425.778,34.444,0.111,0
"<a href=""https://tiktok.com/@wiate.doni0"" target=""_blank"">@wiate.doni0</a>",38,10,52.992,0.911,8,116,0,2350.5,42.6,0.6,1.3
"<a href=""https://tiktok.com/@wiqg8225"" target=""_blank"">@wiqg8225</a>",90,12,65.138,0.882,5,82,0,288.667,12.917,0.083,0.167
"<a href=""https://tiktok.com/@wive0570"" target=""_blank"">@wive0570</a>",90,11,73.428,0.88,3,51,0,924.364,39.182,0.545,1
"<a href=""https://tiktok.com/@wlack2188"" target=""_blank"">@wlack2188</a>",50,8,70.222,0.857,1,9,0,980.625,50.75,0.375,0.5
"<a href=""https://tiktok.com/@wnsao4288"" target=""_blank"">@wnsao4288</a>",51,7,49.7,0.889,1,10,0,5705.286,197,2,0.857
"<a href=""https://tiktok.com/@wojta.or"" target=""_blank"">@wojta.or</a>",27,7,49.524,0.958,3,39,0,1009.857,38.571,0.857,0
"<a href=""https://tiktok.com/@wroe.edith6"" target=""_blank"">@wroe.edith6</a>",38,12,58.131,0.916,8,140,0,1204,24.583,0.25,2.583
"<a href=""https://tiktok.com/@wss0357"" target=""_blank"">@wss0357</a>",73,6,39.778,1,1,9,0,2149.833,221,2,1.667
"<a href=""https://tiktok.com/@xchinaqueen3"" target=""_blank"">@xchinaqueen3</a>",72,10,62.703,0.897,3,66,0,264.867,11.933,1.733,0.067
"<a href=""https://tiktok.com/@xchinaqueen5"" target=""_blank"">@xchinaqueen5</a>",72,17,83.048,0.905,3,54,0,702.31,39.103,4.207,1.483
"<a href=""https://tiktok.com/@xchinaqueen6"" target=""_blank"">@xchinaqueen6</a>",72,7,82.596,0.917,2,39,0,415.083,18.417,2.917,0.417
"<a href=""https://tiktok.com/@xchinaqueen8"" target=""_blank"">@xchinaqueen8</a>",72,17,76.882,0.929,2,27,0,4964.458,447.083,27.5,24
"<a href=""https://tiktok.com/@xcwvym2"" target=""_blank"">@xcwvym2</a>",63,7,45.856,0.903,3,36,0,1134.857,35.286,0.429,0.143
"<a href=""https://tiktok.com/@xhjsjsgd6362"" target=""_blank"">@xhjsjsgd6362</a>",58,8,26.889,1,1,9,0,1088.75,52.75,0.5,0
"<a href=""https://tiktok.com/@xlhxhlxlh8"" target=""_blank"">@xlhxhlxlh8</a>",56,9,56.671,0.813,6,73,0,1555.556,79.889,1,0.111
"<a href=""https://tiktok.com/@xnjjehj"" target=""_blank"">@xnjjehj</a>",16,7,38.4,0.889,1,10,0,883.571,28.857,0.143,0.286
"<a href=""https://tiktok.com/@xxii911"" target=""_blank"">@xxii911</a>",34,8,51.707,0.827,4,43,0,3414.5,170.75,3,1.25
"<a href=""https://tiktok.com/@yiitsukb"" target=""_blank"">@yiitsukb</a>",4,6,43.556,1,1,9,0,1411.833,129.333,0.667,2.5
"<a href=""https://tiktok.com/@ylevkpiubsl"" target=""_blank"">@ylevkpiubsl</a>",13,8,55.25,1,1,12,0,856.25,27.625,0.125,0.125
"<a href=""https://tiktok.com/@ymhr6933"" target=""_blank"">@ymhr6933</a>",45,12,10.042,1,2,24,0,2022.167,62.333,0.667,1.25
"<a href=""https://tiktok.com/@yoahuanouu"" target=""_blank"">@yoahuanouu</a>",19,8,45.667,0.889,1,9,0,800.5,31,0.375,0
"<a href=""https://tiktok.com/@ysishhd7"" target=""_blank"">@ysishhd7</a>",3,7,65.963,1,3,27,0,1955.25,152.375,6.125,12
"<a href=""https://tiktok.com/@ytrq8081"" target=""_blank"">@ytrq8081</a>",87,7,69.656,1,3,29,0,1378.083,41.583,0.25,0.083
"<a href=""https://tiktok.com/@yun.wu15"" target=""_blank"">@yun.wu15</a>",20,6,51.182,1,1,11,0,1171.333,43,1.167,2.333
"<a href=""https://tiktok.com/@zafke3177"" target=""_blank"">@zafke3177</a>",57,8,28.111,1,1,9,0,1252.125,113.75,0.25,0
"<a href=""https://tiktok.com/@zesysmj"" target=""_blank"">@zesysmj</a>",81,5,20.925,1,6,83,0,168.4,5,0,0
"<a href=""https://tiktok.com/@zsdx184"" target=""_blank"">@zsdx184</a>",39,14,60.55,0.851,4,63,0,1974.643,71.286,0.643,0.643
"<a href=""https://tiktok.com/@ztctmxt"" target=""_blank"">@ztctmxt</a>",64,7,39.6,0.854,2,20,0,1908.143,53.857,1.286,0.286
"<a href=""https://tiktok.com/@zxvb736"" target=""_blank"">@zxvb736</a>",39,13,48.433,0.872,6,106,0,2196.769,77.923,0.077,0.462
"<a href=""https://tiktok.com/@zysmpbz"" target=""_blank"">@zysmpbz</a>",81,5,20.392,1,6,83,0,280.2,12.4,0.2,0
