"Network","Number of Accounts","Network Density","Network Diameter","Clustering Coefficient","Avg Views","Avg Likes","Avg Comments","Avg Shares","Member Accounts"
1,13,0.359,39,0.436,2788.744,133.761,1.256,1.154,"user5626060056906, bmc12655, krug011, ubhutfrx, jsosjxj8, irdc042, quincyshop08, jdpxorjf, chantalkusch, fdijc3, jfkovj5, jtcytxyzey, user6922385284275"
2,3,1,16,1,2328.731,51.5,0.615,0.308,"fkfdnd, mua29840, ushddhd11"
3,6,0.4,28,0,4185.02,139,2.66,4.26,"chdg050, gfjch34, ididu034, user2810315813972, vaigg0, ysishhd7"
4,10,0.333,42,0.45,2074.402,97.483,1.586,2.149,"hdidkser0, prtnr8, rosacasey65, geievertu8, djm9r, gutieyy7, gf.nj97, fjyukfjjf, cx.b28, yiitsukb"
5,2,1,9,0,2391.118,78.706,0.235,0.765,"chjvk, tyshia_movie"
6,4,0.667,24,0.6,2038.026,74.105,0.421,1.526,"miss.bordner, gckcj4, jfdd653, aedhdici"
7,7,0.381,31,0.429,3024.667,85.145,1.29,0.71,"hullen.nguyen, ayden.riverad, user8508148033286, jdkckcj2, user9724456321051, cbjf05, verity.holland"
8,2,1,9,0,1460.176,56.235,0.882,1.882,"chcjg0, user65533709618068"
9,2,1,11,0,1737.211,79,0.632,1.263,"aedyckctu, fauy8466"
10,4,0.667,27,0.6,1929.514,86.946,0.622,3.216,"fcjjv86, aedhdjcoof, hdhxh3484, lxjjc"
11,6,0.533,33,0.529,3759.109,79.927,0.8,0.909,"gduhx01, sharleen.howard, aedgslpxjx, fduic5, shgj33, user7605976152392"
12,3,0.667,20,0,1254.04,49.8,0.56,3.56,"cihohsqwfi, gkkfykjb, suoxin2"
13,2,1,12,0,856.176,26.824,0.118,0.176,"hi.pnct, ylevkpiubsl"
14,3,0.667,27,0,1047.846,25.154,0.5,0.115,"jjdjdd911, user8753242872061, shfjjg4"
15,3,1,9,1,1002.148,38,0.037,0.37,"fhdjfjfj8, hbjoggv, fijglhhj"
16,6,0.333,29,0,858.588,33.784,0.49,0.529,"user9960965670038, jkdkj, dlakhjx, vbn6106, xnjjehj, lhodsrr"
17,3,0.667,21,0,831.852,29.963,0.222,0.333,"lpdjjnk, skkfdxh, if.en.is.fam"
18,3,1,12,1,822.909,25.091,0.045,0.045,"cjsllfd, hootchxs, frd7456"
19,2,1,9,0,901.8,28.933,0.333,0.667,"yoahuanouu, jffihofff"
20,4,0.5,21,0,761.852,22.704,0.407,0.63,"ohchocx, kaylabigsjo, jfkdkdk54, yun.wu15"
21,2,1,9,0,1279.727,33.545,0.364,0.273,"cjgkgk45, vbn1883"
22,2,1,9,0,3477.412,62.353,0.176,1.471,"redditpov1, reddittext48"
23,2,1,12,0,1044.385,31.385,0.077,0.077,"hsbuz8, topi.khatun6"
24,3,1,16,1,1147.684,38.684,0.368,0.263,"shuj977, todaysfriendshow4, vshwiy2868"
25,6,1,19,1,1026.575,30.95,0.45,0.125,"cainima888, bsjj8797, carbloggera, shuy742, reddit.vztwo, sug7994"
26,3,1,14,1,1344,39.5,0.278,1.278,"titme, omi.poni0, fhuc22"
27,4,1,17,1,940.833,29.333,0.233,0.1,"bsyg2865, mulask57, monalisa7988, wojta.or"
28,5,0.7,21,0.8,1039,33.13,1.087,2.391,"gfg6705, fhvf210, hdbjx72, kuhar.clair6, v.if77"
29,2,1,9,0,26763.833,625.889,7.389,232.889,"user1203613923425, user8847609801518"
30,9,0.361,57,0.556,2485,56.333,1.471,8.77,"user7166160034825, user2932993437321, user4181021201798, user386963311513, user2920462956526, user8653602093025, user2903556969068, user6186701630842, user8794483655797"
31,2,1,9,0,4391.8,75.1,2.15,11.25,"user19468614708518, user50065457091245"
32,12,0.303,49,0.435,1178.429,41.352,0.385,1.132,"alejkityuoo, buslmigf7dn, aleaa0249, bsbwphji4xu, ale383279, ale2r35, labksb49906r, msfsgvsvcsdfsadsa, fevkuiq, luet671136, mxvgdscsdfvcsdfsd, rrwtqoji8v5"
33,2,1,9,0,1804.6,69.667,0.4,1.8,"bagge.hazelk, thi.chanh.viet.do"
34,7,0.524,32,0.6,3106.726,138.823,2.081,3.274,"dtkwod, landscape5670, stoyouh, rohingyao, text.fc, cagnhd, xxii911"
35,2,1,10,0,10299.6,225.4,4.8,17.45,"text690, sdsdyou"
36,3,1,20,1,2522.5,33.118,1.412,6.471,"lin689668987, fhkundshunk, user16909390140293"
37,6,0.467,31,0.462,6475.34,124.038,2,2.585,"aed7p4, debran.oxonrp00, aed3660, hoeg.huan, aed75787, lwandiswamsithini"
38,14,0.505,65,0.919,5549.223,96.701,0.599,1.312,"aed0267, cfdc18, aed2750, jajsjsn56, lawgray3, jvhb240, benedossie2, seile.rian, osb.remo, wroe.edith6, battl.kray, vitsu.alec1, rubin.mervy8, wiate.doni0"
39,7,0.762,32,0.81,6803.914,344.957,2.914,39.314,"iiuu553, jvtvc3, dthh824, zsdx184, user3436197788624, gooj806, zxvb736"
40,2,1,26,0,710.048,39.81,0.429,0.381,"nassralanijw1hlg, user3758269061970"
41,2,1,13,0,9112.828,328.517,15.414,5.621,"djskgikeejk8, mdsdz2"
42,3,0.667,22,0,1258.44,16.28,0.72,0.56,"amkgvx, ququ.anhag, tri.nguyenw"
43,5,0.4,42,0,7823.75,175.025,5.7,6.125,"aseng.haymong, khanh.phukhh, ilges.estelwei, emory.drawehj, sun.lilym"
44,2,1,13,0,18924.389,370.667,8.889,5.611,"lanora.haskely, carlos.alberto.al886"
45,3,1,12,1,1682.944,56.694,0.861,1.194,"tijf9855, uraf9163, ymhr6933"
46,2,1,9,0,1602,51.833,0.708,0.833,"ifrt2705, sush0240"
47,2,1,9,0,7393.875,299.25,3.875,13.208,"dhie1905, wert2992"
48,3,1,45,1,3126.239,174.957,0.348,0.652,"hojdmc, qdcieh, reddit_grayson99"
49,6,1,12,1,1134.105,73.421,0.342,0.395,"ciojkb, kranaa9, ecucbt, kubjij, pewpua2, reddit_debbie"
50,2,1,9,0,1072.333,47.4,0.533,0.267,"tikfop7478, wlack2188"
51,3,0.667,20,0,2848.522,127.652,1.261,0.435,"wnsao4288, 2thgkvjd, 3mbfklb"
52,2,1,10,0,1223.929,65.214,0.714,0.071,"jshszh6382, ndork4782"
53,2,1,10,0,984.75,48.375,1,0.375,"bxjzjsns0, nxpsa4288"
54,4,0.5,28,0,1440.034,64.034,0.552,0.414,"cjdjfcn, avelina.asucen, g.in.cgn, vxkaw3274"
55,11,0.655,21,0.78,1147.273,56.195,0.701,0.39,"ncsfo3287, kacbr2774, cnatk3189, hxjdsj34, djisks96, snoshsj, 1yrogls, duuff30, hzhdhs, bxjxhxt, ncjfhyrsdj"
56,12,0.621,25,0.738,3145.213,100,0.691,0.33,"ndhfs844, bxkke4723, gohdr4367, opgse4909, qvcka2481, fjcjbho58, nidaye81, liaojiuyu, hgidsi, gxhx514, tookg4664, xlhxhlxlh8"
57,2,1,9,0,1056.75,75.5,0.438,0.375,"fjvbaa, zafke3177"
58,2,1,9,0,2851.071,96.071,0.857,0.143,"cjdfndrh, xhjsjsgd6362"
59,2,1,11,0,2139.933,90.267,1.267,0.667,"refine74, htjzwe4"
60,2,1,13,0,1505.143,61.571,1.429,0.714,"nzohwh, oxkops7"
61,2,1,14,0,1322.812,40.812,0.562,0.375,"ljpjvh, oljclk"
62,2,1,9,0,1863.786,117.429,0.786,0.357,"maemeg7, nqkwvc"
63,5,0.7,23,0.643,8487.895,309.263,3.158,2.105,"xcwvym2, evfdmzl, kdywnty, bixukf, awmilke"
64,3,0.667,20,0,1428.381,48.714,0.81,0.667,"mjbwysq6, wevbocr, ztctmxt"
65,3,0.667,19,0,1006.333,51.2,1.333,0.8,"avphoa, dsnomp, hvtcan"
66,2,1,10,0,9839.2,452.867,2.067,1.267,"pcufgt6, goxwwtn"
67,5,0.4,67,0,5551.556,363.765,19.34,7.477,"cutequeen_driver120, chummi_queen1, plaqebfzf07, sweet_driver120, username6652655"
68,3,0.667,50,0,32398.743,3269.386,117.157,226.886,"lush_queen120, sweet_babyc120, amazing_seeet120"
69,3,0.667,32,0,20371.383,683.787,21.128,21.553,"beautifulgir482, china_deriver_60, chuma_g1"
70,3,0.667,32,0,36468.263,274.632,10.193,26.421,"kamlisarkar_0, username.12345301, username.1545465"
71,2,1,10,0,73.167,3.833,0.167,0,"babykmli0, tarkibaby0"
72,4,0.833,27,0.75,1855.85,153.3,10.537,7.812,"xchinaqueen3, xchinaqueen5, xchinaqueen8, xchinaqueen6"
73,2,1,9,0,1888.25,142,1.083,1.083,"qifei6668886, wss0357"
74,7,0.714,20,0.778,2289.111,19.825,0.286,5.794,"mendhejeheje, user4623873316361, bdhjddbjrjej, izbktlfq, user3034858843569, fcvbvv57, user6240933338579"
75,4,0.5,27,0,1424.722,12.25,0.139,1.222,"user31473805812777, cvjbvgujh, oeivoppc, user3782324049429"
76,3,1,15,1,2126.741,18.963,1.741,5.741,"injjzxvr, mmhpbybt, pehcpohz"
77,3,1,12,1,1124.947,71.947,1.368,0.632,"gheoe8, itsstj2, vsuau5"
78,3,0.667,24,0,4114,198.278,1.389,3.833,"tessh95, jspsns3, tug35587"
79,2,1,10,0,42304.727,1825.909,19.818,34.364,"owuhwh, hfstil3"
80,2,1,12,0,1196.583,67.417,1.333,0.083,"gdjdi63, eyidk5"
81,7,1,18,1,403,18.526,0.342,0.079,"eqxela7, ldaphc, utoxwqg, jecxsz, dtxijq, zesysmj, zysmpbz"
82,3,1,25,1,13219.407,200.185,11.704,20.963,"reddit_ignatius8, lnppoe, shbsdd2"
83,2,1,12,0,318.375,30.562,0.125,1.25,"kfbfol, objlhmtjemu"
84,17,0.331,45,0.556,1000.558,22.659,0.07,0.264,"prbnac, hdmjwo1, klsier, ncaqusztvgl, qigqtm, hltuoq, hidouo, bipiqo, dtbtcc8, idpeoc, eqmhqf, pbpktw, bpgarp, puhrra, sqifhw, lhqitc, wgslhe"
85,2,1,20,0,4039.824,176.059,0.765,7.529,"arffug, gclqse"
86,4,0.5,18,0,3005.167,86.208,2.042,5,"user12390941773567, user4473161544200, dhcfgggfhu, user6812280201318"
87,8,0.643,36,0.718,1267.247,42.688,0.301,0.398,"fhda78402, drgd8391, jkuy0534, ghhj8554, bvoo3130, dijx3903, okay11732, ytrq8081"
88,5,0.8,22,0.789,661.029,23.441,0.088,0.471,"jccj44506, eiej4325, twkg9813, gjhg8047, uest1280"
89,2,1,9,0,906.583,53.167,0.75,0.75,"kjuq5904, twvs4521"
90,9,0.444,51,0.574,600.396,27.75,0.531,0.458,"bkot6010, isgs5669, fhxk1941, isce0690, usjg2117, tugx2917, givi0331, wive0570, wiqg8225"
91,9,0.361,54,0.621,983.552,49.052,0.385,0.625,"dhhi6645, hrsy60677, tiut0219, fiir2712, fkir2290, ufsc8075, cjur6297, cjire9104, urdu9708"
92,4,0.5,63,0,1367.905,58.667,0.333,1.548,"clirr5282, gjguq6894, fnnf8890, sooz6329"
93,4,0.833,24,0.75,1632.409,65.773,0.364,0.636,"coirf88774, courr1227, gour2295, voie3340"
94,5,1,9,1,1387.644,80.022,0.356,0.511,"ckief1163, glye82199, dyxh0219, rust04104, syic2117"
95,3,1,10,1,307.486,11,0.086,0.029,"acofei, rrntjd3, gmggkho"
96,2,1,9,0,567.652,15.478,0.435,0,"hhdhuwp, nqiwmj"
97,2,1,9,0,988.667,38,0.667,5.667,"khayrikasibmansou, afrah.wahibah.naz"
