"Account","Network","Unique Shares","Avg Time Between Shares (sec)","Edge Symmetry Score","Degree","Strength","Betweenness","Avg Views","Avg Likes","Avg Comments","Avg Shares"
"<a href=""https://tiktok.com/@doubanjiang310"" target=""_blank"">@doubanjiang310</a>",1,13,51.954,0.919,3,49,0,2590.923,22.615,1.769,1.385
"<a href=""https://tiktok.com/@fanqie0166"" target=""_blank"">@fanqie0166</a>",1,11,56.979,0.963,3,38,0.679,1279.308,27.615,0.308,0.615
"<a href=""https://tiktok.com/@grusf218"" target=""_blank"">@grusf218</a>",1,12,64.231,0.889,1,13,0,2273.571,31.643,1.071,1.643
"<a href=""https://tiktok.com/@h_kp82"" target=""_blank"">@h_kp82</a>",1,14,55.179,0.967,3,44,0.464,2444.286,27.714,0.714,0.214
"<a href=""https://tiktok.com/@huangdoujiang012"" target=""_blank"">@huangdoujiang012</a>",1,14,49.283,0.944,3,52,0,2396.786,30.286,0.286,0.429
"<a href=""https://tiktok.com/@lajiaojiang219"" target=""_blank"">@lajiaojiang219</a>",1,13,68,1,1,17,0,3264.231,30.308,0.692,0.462
"<a href=""https://tiktok.com/@ribendongzuo0077"" target=""_blank"">@ribendongzuo0077</a>",1,13,44.993,0.974,3,49,0,742.923,24.615,0.538,0.385
"<a href=""https://tiktok.com/@veuek344"" target=""_blank"">@veuek344</a>",1,14,53.833,1,4,48,0.536,4893.571,16.5,0.286,0.714
"<a href=""https://tiktok.com/@yemeigui236"" target=""_blank"">@yemeigui236</a>",1,13,55,0.9,1,14,0,676.846,19.846,0.692,0.462
