"Post URL","Network","Author","Timestamp","Number of Accounts","Views","Likes","Comments","Shares","Description"
"<a href=""https://www.tiktok.com/@fanqie0166/video/7560890821457874231"" target=""_blank"" class=""btn btn-sm"" style=""background-color: #00926c; color: white; text-decoration: none; padding: 2px 8px; border-radius: 4px; font-size: 0.8em;"">View Post</a>",1,"fanqie0166","2025-10-14 01:58:07",5,3657,56,0,1,"What’s growing out of the meteorite rock that fell in Panama?!#news  #breakingnews #us #growing"
"<a href=""https://www.tiktok.com/@h_kp82/video/7560890794807168311"" target=""_blank"" class=""btn btn-sm"" style=""background-color: #00926c; color: white; text-decoration: none; padding: 2px 8px; border-radius: 4px; font-size: 0.8em;"">View Post</a>",1,"h_kp82","2025-10-14 01:58:02",5,188,9,0,0,"What’s growing out of the meteorite rock that fell in Panama?!#news  #breakingnews #us #growing"
"<a href=""https://www.tiktok.com/@h_kp82/video/7560890792814955831"" target=""_blank"" class=""btn btn-sm"" style=""background-color: #00926c; color: white; text-decoration: none; padding: 2px 8px; border-radius: 4px; font-size: 0.8em;"">View Post</a>",1,"h_kp82","2025-10-14 01:58:00",5,8815,46,0,0,"What’s growing out of the meteorite rock that fell in Panama?!#news  #breakingnews #us #growing"
"<a href=""https://www.tiktok.com/@lajiaojiang219/video/7560890613336460558"" target=""_blank"" class=""btn btn-sm"" style=""background-color: #00926c; color: white; text-decoration: none; padding: 2px 8px; border-radius: 4px; font-size: 0.8em;"">View Post</a>",1,"lajiaojiang219","2025-10-14 01:57:21",5,2831,58,0,2,"What’s growing out of the meteorite rock that fell in Panama?!#news  #breakingnews #us #growing"
"<a href=""https://www.tiktok.com/@lajiaojiang219/video/7560890364127612215"" target=""_blank"" class=""btn btn-sm"" style=""background-color: #00926c; color: white; text-decoration: none; padding: 2px 8px; border-radius: 4px; font-size: 0.8em;"">View Post</a>",1,"lajiaojiang219","2025-10-14 01:56:21",5,3927,8,0,0,"What’s growing out of the meteorite rock that fell in Panama?!#news  #breakingnews #us #growing"
"<a href=""https://www.tiktok.com/@grusf218/video/7560890227011767582"" target=""_blank"" class=""btn btn-sm"" style=""background-color: #00926c; color: white; text-decoration: none; padding: 2px 8px; border-radius: 4px; font-size: 0.8em;"">View Post</a>",1,"grusf218","2025-10-14 01:55:47",5,182,1,0,0,"What’s growing out of the meteorite rock that fell in Panama?!#news  #breakingnews #us #growing"
"<a href=""https://www.tiktok.com/@grusf218/video/7560890219633937695"" target=""_blank"" class=""btn btn-sm"" style=""background-color: #00926c; color: white; text-decoration: none; padding: 2px 8px; border-radius: 4px; font-size: 0.8em;"">View Post</a>",1,"grusf218","2025-10-14 01:55:46",5,3396,42,4,9,"What’s growing out of the meteorite rock that fell in Panama?!#news  #breakingnews #us #growing"
"<a href=""https://www.tiktok.com/@ribendongzuo0077/video/7560888952044014862"" target=""_blank"" class=""btn btn-sm"" style=""background-color: #00926c; color: white; text-decoration: none; padding: 2px 8px; border-radius: 4px; font-size: 0.8em;"">View Post</a>",1,"ribendongzuo0077","2025-10-14 01:50:55",5,1294,48,0,0,"What’s growing out of the meteorite rock that fell in Panama?!#news  #breakingnews #us #growing"
"<a href=""https://www.tiktok.com/@huangdoujiang012/video/7560888917780696375"" target=""_blank"" class=""btn btn-sm"" style=""background-color: #00926c; color: white; text-decoration: none; padding: 2px 8px; border-radius: 4px; font-size: 0.8em;"">View Post</a>",1,"huangdoujiang012","2025-10-14 01:50:47",5,3530,34,0,0,"What’s growing out of the meteorite rock that fell in Panama?!#news  #breakingnews #us #growing"
"<a href=""https://www.tiktok.com/@veuek344/video/7560888906892234014"" target=""_blank"" class=""btn btn-sm"" style=""background-color: #00926c; color: white; text-decoration: none; padding: 2px 8px; border-radius: 4px; font-size: 0.8em;"">View Post</a>",1,"veuek344","2025-10-14 01:50:38",5,2222,20,0,1,"What’s growing out of the meteorite rock that fell in Panama?!#news  #breakingnews #us #growing"
"<a href=""https://www.tiktok.com/@doubanjiang310/video/7560888905738898702"" target=""_blank"" class=""btn btn-sm"" style=""background-color: #00926c; color: white; text-decoration: none; padding: 2px 8px; border-radius: 4px; font-size: 0.8em;"">View Post</a>",1,"doubanjiang310","2025-10-14 01:50:45",5,3707,12,2,2,"What’s growing out of the meteorite rock that fell in Panama?!#news  #breakingnews #us #growing"
"<a href=""https://www.tiktok.com/@veuek344/video/7560888838407605535"" target=""_blank"" class=""btn btn-sm"" style=""background-color: #00926c; color: white; text-decoration: none; padding: 2px 8px; border-radius: 4px; font-size: 0.8em;"">View Post</a>",1,"veuek344","2025-10-14 01:50:23",5,4654,13,0,0,"What’s growing out of the meteorite rock that fell in Panama?!#news  #breakingnews #us #growing"
"<a href=""https://www.tiktok.com/@huangdoujiang012/video/7560888728336600334"" target=""_blank"" class=""btn btn-sm"" style=""background-color: #00926c; color: white; text-decoration: none; padding: 2px 8px; border-radius: 4px; font-size: 0.8em;"">View Post</a>",1,"huangdoujiang012","2025-10-14 01:50:05",5,3640,57,0,0,"What’s growing out of the meteorite rock that fell in Panama?!#news  #breakingnews #us #growing"
"<a href=""https://www.tiktok.com/@ribendongzuo0077/video/7560888527018265869"" target=""_blank"" class=""btn btn-sm"" style=""background-color: #00926c; color: white; text-decoration: none; padding: 2px 8px; border-radius: 4px; font-size: 0.8em;"">View Post</a>",1,"ribendongzuo0077","2025-10-14 01:49:13",5,419,15,2,0,"What’s growing out of the meteorite rock that fell in Panama?!#news  #breakingnews #us #growing"
"<a href=""https://www.tiktok.com/@doubanjiang310/video/7560888439990766903"" target=""_blank"" class=""btn btn-sm"" style=""background-color: #00926c; color: white; text-decoration: none; padding: 2px 8px; border-radius: 4px; font-size: 0.8em;"">View Post</a>",1,"doubanjiang310","2025-10-14 01:48:54",5,1415,29,5,1,"What’s growing out of the meteorite rock that fell in Panama?!#news  #breakingnews #us #growing"
"<a href=""https://www.tiktok.com/@yemeigui236/video/7560888294062460173"" target=""_blank"" class=""btn btn-sm"" style=""background-color: #00926c; color: white; text-decoration: none; padding: 2px 8px; border-radius: 4px; font-size: 0.8em;"">View Post</a>",1,"yemeigui236","2025-10-14 01:48:19",5,188,7,0,0,"What’s growing out of the meteorite rock that fell in Panama?!#news  #breakingnews #us #growing"
"<a href=""https://www.tiktok.com/@yemeigui236/video/7560659819946904887"" target=""_blank"" class=""btn btn-sm"" style=""background-color: #00926c; color: white; text-decoration: none; padding: 2px 8px; border-radius: 4px; font-size: 0.8em;"">View Post</a>",1,"yemeigui236","2025-10-13 11:03:11",5,122,3,0,0,"What’s growing out of the meteorite rock that fell in Panama?!#news  #breakingnews #us #growing"
"<a href=""https://www.tiktok.com/@yemeigui236/video/7560659725898009869"" target=""_blank"" class=""btn btn-sm"" style=""background-color: #00926c; color: white; text-decoration: none; padding: 2px 8px; border-radius: 4px; font-size: 0.8em;"">View Post</a>",1,"yemeigui236","2025-10-13 11:02:52",5,163,6,0,0,"What’s growing out of the meteorite rock that fell in Panama?!#news  #breakingnews #us #growing"
"<a href=""https://www.tiktok.com/@ribendongzuo0077/video/7560659681744620855"" target=""_blank"" class=""btn btn-sm"" style=""background-color: #00926c; color: white; text-decoration: none; padding: 2px 8px; border-radius: 4px; font-size: 0.8em;"">View Post</a>",1,"ribendongzuo0077","2025-10-13 11:02:40",5,345,14,1,1,"What’s growing out of the meteorite rock that fell in Panama?!#news  #breakingnews #us #growing"
"<a href=""https://www.tiktok.com/@huangdoujiang012/video/7560659661146377527"" target=""_blank"" class=""btn btn-sm"" style=""background-color: #00926c; color: white; text-decoration: none; padding: 2px 8px; border-radius: 4px; font-size: 0.8em;"">View Post</a>",1,"huangdoujiang012","2025-10-13 11:02:07",5,3614,51,0,0,"What’s growing out of the meteorite rock that fell in Panama?!#news  #breakingnews #us #growing"
"<a href=""https://www.tiktok.com/@ribendongzuo0077/video/7560659623322111287"" target=""_blank"" class=""btn btn-sm"" style=""background-color: #00926c; color: white; text-decoration: none; padding: 2px 8px; border-radius: 4px; font-size: 0.8em;"">View Post</a>",1,"ribendongzuo0077","2025-10-13 11:02:29",5,1075,37,0,2,"What’s growing out of the meteorite rock that fell in Panama?!#news  #breakingnews #us #growing"
"<a href=""https://www.tiktok.com/@doubanjiang310/video/7560659257452973326"" target=""_blank"" class=""btn btn-sm"" style=""background-color: #00926c; color: white; text-decoration: none; padding: 2px 8px; border-radius: 4px; font-size: 0.8em;"">View Post</a>",1,"doubanjiang310","2025-10-13 11:01:17",5,4907,60,4,5,"What’s growing out of the meteorite rock that fell in Panama?!#news  #breakingnews #us #growing"
"<a href=""https://www.tiktok.com/@huangdoujiang012/video/7560659013420076302"" target=""_blank"" class=""btn btn-sm"" style=""background-color: #00926c; color: white; text-decoration: none; padding: 2px 8px; border-radius: 4px; font-size: 0.8em;"">View Post</a>",1,"huangdoujiang012","2025-10-13 11:00:44",5,3757,39,0,0,"What’s growing out of the meteorite rock that fell in Panama?!#news  #breakingnews #us #growing"
"<a href=""https://www.tiktok.com/@doubanjiang310/video/7560658934390983949"" target=""_blank"" class=""btn btn-sm"" style=""background-color: #00926c; color: white; text-decoration: none; padding: 2px 8px; border-radius: 4px; font-size: 0.8em;"">View Post</a>",1,"doubanjiang310","2025-10-13 10:59:49",5,8135,54,4,2,"What’s growing out of the meteorite rock that fell in Panama?!#news  #breakingnews #us #growing"
"<a href=""https://www.tiktok.com/@veuek344/video/7560657903263173918"" target=""_blank"" class=""btn btn-sm"" style=""background-color: #00926c; color: white; text-decoration: none; padding: 2px 8px; border-radius: 4px; font-size: 0.8em;"">View Post</a>",1,"veuek344","2025-10-13 10:54:54",5,5003,10,0,0,"What’s growing out of the meteorite rock that fell in Panama?!#news  #breakingnews #us #growing"
"<a href=""https://www.tiktok.com/@veuek344/video/7560657674430418207"" target=""_blank"" class=""btn btn-sm"" style=""background-color: #00926c; color: white; text-decoration: none; padding: 2px 8px; border-radius: 4px; font-size: 0.8em;"">View Post</a>",1,"veuek344","2025-10-13 10:54:14",5,272,7,0,0,"What’s growing out of the meteorite rock that fell in Panama?!#news  #breakingnews #us #growing"
"<a href=""https://www.tiktok.com/@h_kp82/video/7560657396482264375"" target=""_blank"" class=""btn btn-sm"" style=""background-color: #00926c; color: white; text-decoration: none; padding: 2px 8px; border-radius: 4px; font-size: 0.8em;"">View Post</a>",1,"h_kp82","2025-10-13 10:54:01",5,763,58,0,0,"What’s growing out of the meteorite rock that fell in Panama?!#news  #breakingnews #us #growing"
"<a href=""https://www.tiktok.com/@fanqie0166/video/7560657313376242958"" target=""_blank"" class=""btn btn-sm"" style=""background-color: #00926c; color: white; text-decoration: none; padding: 2px 8px; border-radius: 4px; font-size: 0.8em;"">View Post</a>",1,"fanqie0166","2025-10-13 10:53:10",5,49,4,0,0,"What’s growing out of the meteorite rock that fell in Panama?!#news  #breakingnews #us #growing"
"<a href=""https://www.tiktok.com/@h_kp82/video/7560657297865706765"" target=""_blank"" class=""btn btn-sm"" style=""background-color: #00926c; color: white; text-decoration: none; padding: 2px 8px; border-radius: 4px; font-size: 0.8em;"">View Post</a>",1,"h_kp82","2025-10-13 10:53:31",5,378,32,4,0,"What’s growing out of the meteorite rock that fell in Panama?!#news  #breakingnews #us #growing"
"<a href=""https://www.tiktok.com/@fanqie0166/video/7560657104902704398"" target=""_blank"" class=""btn btn-sm"" style=""background-color: #00926c; color: white; text-decoration: none; padding: 2px 8px; border-radius: 4px; font-size: 0.8em;"">View Post</a>",1,"fanqie0166","2025-10-13 10:53:14",5,6338,136,0,4,"What’s growing out of the meteorite rock that fell in Panama?!#news  #breakingnews #us #growing"
"<a href=""https://www.tiktok.com/@lajiaojiang219/video/7560657064796720397"" target=""_blank"" class=""btn btn-sm"" style=""background-color: #00926c; color: white; text-decoration: none; padding: 2px 8px; border-radius: 4px; font-size: 0.8em;"">View Post</a>",1,"lajiaojiang219","2025-10-13 10:52:27",5,1118,48,1,1,"What’s growing out of the meteorite rock that fell in Panama?!#news  #breakingnews #us #growing"
"<a href=""https://www.tiktok.com/@lajiaojiang219/video/7560656953396022583"" target=""_blank"" class=""btn btn-sm"" style=""background-color: #00926c; color: white; text-decoration: none; padding: 2px 8px; border-radius: 4px; font-size: 0.8em;"">View Post</a>",1,"lajiaojiang219","2025-10-13 10:52:08",5,3926,6,0,0,"What’s growing out of the meteorite rock that fell in Panama?!#news  #breakingnews #us #growing"
"<a href=""https://www.tiktok.com/@grusf218/video/7560656080259353887"" target=""_blank"" class=""btn btn-sm"" style=""background-color: #00926c; color: white; text-decoration: none; padding: 2px 8px; border-radius: 4px; font-size: 0.8em;"">View Post</a>",1,"grusf218","2025-10-13 10:47:47",5,597,32,1,1,"What’s growing out of the meteorite rock that fell in Panama?!#news  #breakingnews #us #growing"
"<a href=""https://www.tiktok.com/@grusf218/video/7560655883538074910"" target=""_blank"" class=""btn btn-sm"" style=""background-color: #00926c; color: white; text-decoration: none; padding: 2px 8px; border-radius: 4px; font-size: 0.8em;"">View Post</a>",1,"grusf218","2025-10-13 10:47:17",5,509,10,2,0,"What’s growing out of the meteorite rock that fell in Panama?!#news  #breakingnews #us #growing"
"<a href=""https://www.tiktok.com/@fanqie0166/video/7560521309000682807"" target=""_blank"" class=""btn btn-sm"" style=""background-color: #00926c; color: white; text-decoration: none; padding: 2px 8px; border-radius: 4px; font-size: 0.8em;"">View Post</a>",1,"fanqie0166","2025-10-13 02:04:35",5,216,10,0,0,"What’s growing out of the meteorite rock that fell in Panama?!#news  #breakingnews #us #growing"
"<a href=""https://www.tiktok.com/@fanqie0166/video/7560521299999673655"" target=""_blank"" class=""btn btn-sm"" style=""background-color: #00926c; color: white; text-decoration: none; padding: 2px 8px; border-radius: 4px; font-size: 0.8em;"">View Post</a>",1,"fanqie0166","2025-10-13 02:04:35",5,316,17,1,0,"What’s growing out of the meteorite rock that fell in Panama?!#news  #breakingnews #us #growing"
"<a href=""https://www.tiktok.com/@h_kp82/video/7560521206600895757"" target=""_blank"" class=""btn btn-sm"" style=""background-color: #00926c; color: white; text-decoration: none; padding: 2px 8px; border-radius: 4px; font-size: 0.8em;"">View Post</a>",1,"h_kp82","2025-10-13 02:04:06",5,2598,35,0,0,"What’s growing out of the meteorite rock that fell in Panama?!#news  #breakingnews #us #growing"
"<a href=""https://www.tiktok.com/@grusf218/video/7560520872595950879"" target=""_blank"" class=""btn btn-sm"" style=""background-color: #00926c; color: white; text-decoration: none; padding: 2px 8px; border-radius: 4px; font-size: 0.8em;"">View Post</a>",1,"grusf218","2025-10-13 02:02:39",5,1155,48,1,1,"What’s growing out of the meteorite rock that fell in Panama?!#news  #breakingnews #us #growing"
"<a href=""https://www.tiktok.com/@grusf218/video/7560520847547469086"" target=""_blank"" class=""btn btn-sm"" style=""background-color: #00926c; color: white; text-decoration: none; padding: 2px 8px; border-radius: 4px; font-size: 0.8em;"">View Post</a>",1,"grusf218","2025-10-13 02:02:27",5,313,16,0,1,"What’s growing out of the meteorite rock that fell in Panama?!#news  #breakingnews #us #growing"
"<a href=""https://www.tiktok.com/@lajiaojiang219/video/7560520815796669710"" target=""_blank"" class=""btn btn-sm"" style=""background-color: #00926c; color: white; text-decoration: none; padding: 2px 8px; border-radius: 4px; font-size: 0.8em;"">View Post</a>",1,"lajiaojiang219","2025-10-13 02:02:42",5,3843,24,0,0,"What’s growing out of the meteorite rock that fell in Panama?!#news  #breakingnews #us #growing"
"<a href=""https://www.tiktok.com/@h_kp82/video/7560520717788302647"" target=""_blank"" class=""btn btn-sm"" style=""background-color: #00926c; color: white; text-decoration: none; padding: 2px 8px; border-radius: 4px; font-size: 0.8em;"">View Post</a>",1,"h_kp82","2025-10-13 02:02:13",5,6628,49,0,1,"What’s growing out of the meteorite rock that fell in Panama?!#news  #breakingnews #us #growing"
"<a href=""https://www.tiktok.com/@lajiaojiang219/video/7560520684796005646"" target=""_blank"" class=""btn btn-sm"" style=""background-color: #00926c; color: white; text-decoration: none; padding: 2px 8px; border-radius: 4px; font-size: 0.8em;"">View Post</a>",1,"lajiaojiang219","2025-10-13 02:02:13",5,3538,19,0,0,"What’s growing out of the meteorite rock that fell in Panama?!#news  #breakingnews #us #growing"
"<a href=""https://www.tiktok.com/@ribendongzuo0077/video/7560520681725742391"" target=""_blank"" class=""btn btn-sm"" style=""background-color: #00926c; color: white; text-decoration: none; padding: 2px 8px; border-radius: 4px; font-size: 0.8em;"">View Post</a>",1,"ribendongzuo0077","2025-10-13 02:02:05",5,1012,50,0,0,"What’s growing out of the meteorite rock that fell in Panama?!#news  #breakingnews #us #growing"
"<a href=""https://www.tiktok.com/@doubanjiang310/video/7560519776724880695"" target=""_blank"" class=""btn btn-sm"" style=""background-color: #00926c; color: white; text-decoration: none; padding: 2px 8px; border-radius: 4px; font-size: 0.8em;"">View Post</a>",1,"doubanjiang310","2025-10-13 01:58:32",5,896,4,0,0,"What’s growing out of the meteorite rock that fell in Panama?!#news  #breakingnews #us #growing"
"<a href=""https://www.tiktok.com/@yemeigui236/video/7560519754562227511"" target=""_blank"" class=""btn btn-sm"" style=""background-color: #00926c; color: white; text-decoration: none; padding: 2px 8px; border-radius: 4px; font-size: 0.8em;"">View Post</a>",1,"yemeigui236","2025-10-13 01:58:27",5,180,6,0,0,"What’s growing out of the meteorite rock that fell in Panama?!#news  #breakingnews #us #growing"
"<a href=""https://www.tiktok.com/@veuek344/video/7560519454589717790"" target=""_blank"" class=""btn btn-sm"" style=""background-color: #00926c; color: white; text-decoration: none; padding: 2px 8px; border-radius: 4px; font-size: 0.8em;"">View Post</a>",1,"veuek344","2025-10-13 01:57:04",5,6311,24,0,1,"What’s growing out of the meteorite rock that fell in Panama?!#news  #breakingnews #us #growing"
"<a href=""https://www.tiktok.com/@veuek344/video/7560519378291248415"" target=""_blank"" class=""btn btn-sm"" style=""background-color: #00926c; color: white; text-decoration: none; padding: 2px 8px; border-radius: 4px; font-size: 0.8em;"">View Post</a>",1,"veuek344","2025-10-13 01:56:50",5,5268,17,0,1,"What’s growing out of the meteorite rock that fell in Panama?!#news  #breakingnews #us #growing"
"<a href=""https://www.tiktok.com/@doubanjiang310/video/7560519258682281229"" target=""_blank"" class=""btn btn-sm"" style=""background-color: #00926c; color: white; text-decoration: none; padding: 2px 8px; border-radius: 4px; font-size: 0.8em;"">View Post</a>",1,"doubanjiang310","2025-10-13 01:56:26",5,1056,7,0,0,"What’s growing out of the meteorite rock that fell in Panama?!#news  #breakingnews #us #growing"
"<a href=""https://www.tiktok.com/@yemeigui236/video/7560519120601632013"" target=""_blank"" class=""btn btn-sm"" style=""background-color: #00926c; color: white; text-decoration: none; padding: 2px 8px; border-radius: 4px; font-size: 0.8em;"">View Post</a>",1,"yemeigui236","2025-10-13 01:55:57",5,437,23,1,0,"What’s growing out of the meteorite rock that fell in Panama?!#news  #breakingnews #us #growing"
"<a href=""https://www.tiktok.com/@huangdoujiang012/video/7560519053421317389"" target=""_blank"" class=""btn btn-sm"" style=""background-color: #00926c; color: white; text-decoration: none; padding: 2px 8px; border-radius: 4px; font-size: 0.8em;"">View Post</a>",1,"huangdoujiang012","2025-10-13 01:55:47",5,357,10,0,0,"What’s growing out of the meteorite rock that fell in Panama?!#news  #breakingnews #us #growing"
"<a href=""https://www.tiktok.com/@huangdoujiang012/video/7560518946651114765"" target=""_blank"" class=""btn btn-sm"" style=""background-color: #00926c; color: white; text-decoration: none; padding: 2px 8px; border-radius: 4px; font-size: 0.8em;"">View Post</a>",1,"huangdoujiang012","2025-10-13 01:55:22",5,833,8,0,0,"What’s growing out of the meteorite rock that fell in Panama?!#news  #breakingnews #us #growing"
"<a href=""https://www.tiktok.com/@doubanjiang310/video/7560284613512318263"" target=""_blank"" class=""btn btn-sm"" style=""background-color: #00926c; color: white; text-decoration: none; padding: 2px 8px; border-radius: 4px; font-size: 0.8em;"">View Post</a>",1,"doubanjiang310","2025-10-12 10:47:48",5,774,25,0,0,"What’s growing out of the meteorite rock that fell in Panama?!#news  #breakingnews #us #growing"
"<a href=""https://www.tiktok.com/@veuek344/video/7560284520725875998"" target=""_blank"" class=""btn btn-sm"" style=""background-color: #00926c; color: white; text-decoration: none; padding: 2px 8px; border-radius: 4px; font-size: 0.8em;"">View Post</a>",1,"veuek344","2025-10-12 10:46:19",5,3994,34,0,0,"What’s growing out of the meteorite rock that fell in Panama?!#news  #breakingnews #us #growing"
"<a href=""https://www.tiktok.com/@veuek344/video/7560284515151760670"" target=""_blank"" class=""btn btn-sm"" style=""background-color: #00926c; color: white; text-decoration: none; padding: 2px 8px; border-radius: 4px; font-size: 0.8em;"">View Post</a>",1,"veuek344","2025-10-12 10:46:31",5,4653,12,0,0,"What’s growing out of the meteorite rock that fell in Panama?!#news  #breakingnews #us #growing"
"<a href=""https://www.tiktok.com/@huangdoujiang012/video/7560284505865604407"" target=""_blank"" class=""btn btn-sm"" style=""background-color: #00926c; color: white; text-decoration: none; padding: 2px 8px; border-radius: 4px; font-size: 0.8em;"">View Post</a>",1,"huangdoujiang012","2025-10-12 10:47:50",5,1961,29,1,2,"What’s growing out of the meteorite rock that fell in Panama?!#news  #breakingnews #us #growing"
"<a href=""https://www.tiktok.com/@ribendongzuo0077/video/7560284281692556558"" target=""_blank"" class=""btn btn-sm"" style=""background-color: #00926c; color: white; text-decoration: none; padding: 2px 8px; border-radius: 4px; font-size: 0.8em;"">View Post</a>",1,"ribendongzuo0077","2025-10-12 10:46:42",5,285,17,0,0,"What’s growing out of the meteorite rock that fell in Panama?!#news  #breakingnews #us #growing"
"<a href=""https://www.tiktok.com/@ribendongzuo0077/video/7560284192806948109"" target=""_blank"" class=""btn btn-sm"" style=""background-color: #00926c; color: white; text-decoration: none; padding: 2px 8px; border-radius: 4px; font-size: 0.8em;"">View Post</a>",1,"ribendongzuo0077","2025-10-12 10:46:26",5,529,15,3,0,"What’s growing out of the meteorite rock that fell in Panama?!#news  #breakingnews #us #growing"
"<a href=""https://www.tiktok.com/@huangdoujiang012/video/7560284115950472461"" target=""_blank"" class=""btn btn-sm"" style=""background-color: #00926c; color: white; text-decoration: none; padding: 2px 8px; border-radius: 4px; font-size: 0.8em;"">View Post</a>",1,"huangdoujiang012","2025-10-12 10:45:56",5,23,1,1,0,"What’s growing out of the meteorite rock that fell in Panama?!#news  #breakingnews #us #growing"
"<a href=""https://www.tiktok.com/@doubanjiang310/video/7560284114427890999"" target=""_blank"" class=""btn btn-sm"" style=""background-color: #00926c; color: white; text-decoration: none; padding: 2px 8px; border-radius: 4px; font-size: 0.8em;"">View Post</a>",1,"doubanjiang310","2025-10-12 10:45:39",5,906,10,3,1,"What’s growing out of the meteorite rock that fell in Panama?!#news  #breakingnews #us #growing"
"<a href=""https://www.tiktok.com/@h_kp82/video/7560283606514470158"" target=""_blank"" class=""btn btn-sm"" style=""background-color: #00926c; color: white; text-decoration: none; padding: 2px 8px; border-radius: 4px; font-size: 0.8em;"">View Post</a>",1,"h_kp82","2025-10-12 10:43:40",5,618,25,3,0,"What’s growing out of the meteorite rock that fell in Panama?!#news  #breakingnews #us #growing"
"<a href=""https://www.tiktok.com/@grusf218/video/7560283586197228830"" target=""_blank"" class=""btn btn-sm"" style=""background-color: #00926c; color: white; text-decoration: none; padding: 2px 8px; border-radius: 4px; font-size: 0.8em;"">View Post</a>",1,"grusf218","2025-10-12 10:42:34",5,211,7,1,0,"What’s growing out of the meteorite rock that fell in Panama?!#news  #breakingnews #us #growing"
"<a href=""https://www.tiktok.com/@yemeigui236/video/7560283464474414391"" target=""_blank"" class=""btn btn-sm"" style=""background-color: #00926c; color: white; text-decoration: none; padding: 2px 8px; border-radius: 4px; font-size: 0.8em;"">View Post</a>",1,"yemeigui236","2025-10-12 10:43:22",5,191,7,0,0,"What’s growing out of the meteorite rock that fell in Panama?!#news  #breakingnews #us #growing"
"<a href=""https://www.tiktok.com/@lajiaojiang219/video/7560283276225613111"" target=""_blank"" class=""btn btn-sm"" style=""background-color: #00926c; color: white; text-decoration: none; padding: 2px 8px; border-radius: 4px; font-size: 0.8em;"">View Post</a>",1,"lajiaojiang219","2025-10-12 10:42:30",5,2683,29,3,2,"What’s growing out of the meteorite rock that fell in Panama?!#news  #breakingnews #us #growing"
"<a href=""https://www.tiktok.com/@yemeigui236/video/7560283226921585934"" target=""_blank"" class=""btn btn-sm"" style=""background-color: #00926c; color: white; text-decoration: none; padding: 2px 8px; border-radius: 4px; font-size: 0.8em;"">View Post</a>",1,"yemeigui236","2025-10-12 10:42:02",5,1189,37,0,0,"What’s growing out of the meteorite rock that fell in Panama?!#news  #breakingnews #us #growing"
"<a href=""https://www.tiktok.com/@h_kp82/video/7560283147003333901"" target=""_blank"" class=""btn btn-sm"" style=""background-color: #00926c; color: white; text-decoration: none; padding: 2px 8px; border-radius: 4px; font-size: 0.8em;"">View Post</a>",1,"h_kp82","2025-10-12 10:42:31",5,338,14,0,0,"What’s growing out of the meteorite rock that fell in Panama?!#news  #breakingnews #us #growing"
"<a href=""https://www.tiktok.com/@grusf218/video/7560283089830776095"" target=""_blank"" class=""btn btn-sm"" style=""background-color: #00926c; color: white; text-decoration: none; padding: 2px 8px; border-radius: 4px; font-size: 0.8em;"">View Post</a>",1,"grusf218","2025-10-12 10:40:53",5,420,37,1,0,"What’s growing out of the meteorite rock that fell in Panama?!#news  #breakingnews #us #growing"
"<a href=""https://www.tiktok.com/@fanqie0166/video/7560282935056665869"" target=""_blank"" class=""btn btn-sm"" style=""background-color: #00926c; color: white; text-decoration: none; padding: 2px 8px; border-radius: 4px; font-size: 0.8em;"">View Post</a>",1,"fanqie0166","2025-10-12 10:40:52",5,323,14,0,0,"What’s growing out of the meteorite rock that fell in Panama?!#news  #breakingnews #us #growing"
"<a href=""https://www.tiktok.com/@lajiaojiang219/video/7560282764935777591"" target=""_blank"" class=""btn btn-sm"" style=""background-color: #00926c; color: white; text-decoration: none; padding: 2px 8px; border-radius: 4px; font-size: 0.8em;"">View Post</a>",1,"lajiaojiang219","2025-10-12 10:40:31",5,3885,27,1,1,"What’s growing out of the meteorite rock that fell in Panama?!#news  #breakingnews #us #growing"
"<a href=""https://www.tiktok.com/@fanqie0166/video/7560282686477176119"" target=""_blank"" class=""btn btn-sm"" style=""background-color: #00926c; color: white; text-decoration: none; padding: 2px 8px; border-radius: 4px; font-size: 0.8em;"">View Post</a>",1,"fanqie0166","2025-10-12 10:40:23",5,333,4,0,0,"What’s growing out of the meteorite rock that fell in Panama?!#news  #breakingnews #us #growing"
"<a href=""https://www.tiktok.com/@ribendongzuo0077/video/7560161861153344823"" target=""_blank"" class=""btn btn-sm"" style=""background-color: #00926c; color: white; text-decoration: none; padding: 2px 8px; border-radius: 4px; font-size: 0.8em;"">View Post</a>",1,"ribendongzuo0077","2025-10-12 02:49:33",5,1112,35,0,0,"What’s growing out of the meteorite rock that fell in Panama?!#news  #breakingnews #us #growing"
"<a href=""https://www.tiktok.com/@huangdoujiang012/video/7560161853503032631"" target=""_blank"" class=""btn btn-sm"" style=""background-color: #00926c; color: white; text-decoration: none; padding: 2px 8px; border-radius: 4px; font-size: 0.8em;"">View Post</a>",1,"huangdoujiang012","2025-10-12 02:49:37",5,3330,27,1,0,"What’s growing out of the meteorite rock that fell in Panama?!#news  #breakingnews #us #growing"
"<a href=""https://www.tiktok.com/@lajiaojiang219/video/7560161815339027725"" target=""_blank"" class=""btn btn-sm"" style=""background-color: #00926c; color: white; text-decoration: none; padding: 2px 8px; border-radius: 4px; font-size: 0.8em;"">View Post</a>",1,"lajiaojiang219","2025-10-12 02:49:28",5,1107,58,3,0,"What’s growing out of the meteorite rock that fell in Panama?!#news  #breakingnews #us #growing"
"<a href=""https://www.tiktok.com/@doubanjiang310/video/7560161792459115831"" target=""_blank"" class=""btn btn-sm"" style=""background-color: #00926c; color: white; text-decoration: none; padding: 2px 8px; border-radius: 4px; font-size: 0.8em;"">View Post</a>",1,"doubanjiang310","2025-10-12 02:49:28",5,2865,30,1,1,"What’s growing out of the meteorite rock that fell in Panama?!#news  #breakingnews #us #growing"
"<a href=""https://www.tiktok.com/@huangdoujiang012/video/7560161788092861710"" target=""_blank"" class=""btn btn-sm"" style=""background-color: #00926c; color: white; text-decoration: none; padding: 2px 8px; border-radius: 4px; font-size: 0.8em;"">View Post</a>",1,"huangdoujiang012","2025-10-12 02:49:27",5,5356,66,1,2,"What’s growing out of the meteorite rock that fell in Panama?!#news  #breakingnews #us #growing"
"<a href=""https://www.tiktok.com/@doubanjiang310/video/7560161760049728782"" target=""_blank"" class=""btn btn-sm"" style=""background-color: #00926c; color: white; text-decoration: none; padding: 2px 8px; border-radius: 4px; font-size: 0.8em;"">View Post</a>",1,"doubanjiang310","2025-10-12 02:49:22",5,10,0,0,0,"What’s growing out of the meteorite rock that fell in Panama?!#news  #breakingnews #us #growing"
"<a href=""https://www.tiktok.com/@ribendongzuo0077/video/7560161686980693262"" target=""_blank"" class=""btn btn-sm"" style=""background-color: #00926c; color: white; text-decoration: none; padding: 2px 8px; border-radius: 4px; font-size: 0.8em;"">View Post</a>",1,"ribendongzuo0077","2025-10-12 02:48:59",5,1245,40,1,0,"What’s growing out of the meteorite rock that fell in Panama?!#news  #breakingnews #us #growing"
"<a href=""https://www.tiktok.com/@lajiaojiang219/video/7560161252668935438"" target=""_blank"" class=""btn btn-sm"" style=""background-color: #00926c; color: white; text-decoration: none; padding: 2px 8px; border-radius: 4px; font-size: 0.8em;"">View Post</a>",1,"lajiaojiang219","2025-10-12 02:47:13",5,374,12,0,0,"What’s growing out of the meteorite rock that fell in Panama?!#news  #breakingnews #us #growing"
"<a href=""https://www.tiktok.com/@h_kp82/video/7560159831735160077"" target=""_blank"" class=""btn btn-sm"" style=""background-color: #00926c; color: white; text-decoration: none; padding: 2px 8px; border-radius: 4px; font-size: 0.8em;"">View Post</a>",1,"h_kp82","2025-10-12 02:41:46",5,993,29,2,1,"What’s growing out of the meteorite rock that fell in Panama?!#news  #breakingnews #us #growing"
"<a href=""https://www.tiktok.com/@h_kp82/video/7560159830833515831"" target=""_blank"" class=""btn btn-sm"" style=""background-color: #00926c; color: white; text-decoration: none; padding: 2px 8px; border-radius: 4px; font-size: 0.8em;"">View Post</a>",1,"h_kp82","2025-10-12 02:41:47",5,1134,24,1,0,"What’s growing out of the meteorite rock that fell in Panama?!#news  #breakingnews #us #growing"
"<a href=""https://www.tiktok.com/@fanqie0166/video/7560159804811922743"" target=""_blank"" class=""btn btn-sm"" style=""background-color: #00926c; color: white; text-decoration: none; padding: 2px 8px; border-radius: 4px; font-size: 0.8em;"">View Post</a>",1,"fanqie0166","2025-10-12 02:41:24",5,864,13,0,0,"What’s growing out of the meteorite rock that fell in Panama?!#news  #breakingnews #us #growing"
"<a href=""https://www.tiktok.com/@yemeigui236/video/7560159781512662286"" target=""_blank"" class=""btn btn-sm"" style=""background-color: #00926c; color: white; text-decoration: none; padding: 2px 8px; border-radius: 4px; font-size: 0.8em;"">View Post</a>",1,"yemeigui236","2025-10-12 02:41:41",5,1313,84,1,1,"What’s growing out of the meteorite rock that fell in Panama?!#news  #breakingnews #us #growing"
"<a href=""https://www.tiktok.com/@fanqie0166/video/7560159429824384270"" target=""_blank"" class=""btn btn-sm"" style=""background-color: #00926c; color: white; text-decoration: none; padding: 2px 8px; border-radius: 4px; font-size: 0.8em;"">View Post</a>",1,"fanqie0166","2025-10-12 02:40:05",5,915,32,1,0,"What’s growing out of the meteorite rock that fell in Panama?!#news  #breakingnews #us #growing"
"<a href=""https://www.tiktok.com/@veuek344/video/7560159426737376542"" target=""_blank"" class=""btn btn-sm"" style=""background-color: #00926c; color: white; text-decoration: none; padding: 2px 8px; border-radius: 4px; font-size: 0.8em;"">View Post</a>",1,"veuek344","2025-10-12 02:39:58",5,6487,19,0,0,"What’s growing out of the meteorite rock that fell in Panama?!#news  #breakingnews #us #growing"
"<a href=""https://www.tiktok.com/@grusf218/video/7560159338174647583"" target=""_blank"" class=""btn btn-sm"" style=""background-color: #00926c; color: white; text-decoration: none; padding: 2px 8px; border-radius: 4px; font-size: 0.8em;"">View Post</a>",1,"grusf218","2025-10-12 02:39:39",5,881,34,2,3,"What’s growing out of the meteorite rock that fell in Panama?!#news  #breakingnews #us #growing"
"<a href=""https://www.tiktok.com/@grusf218/video/7560159331056979230"" target=""_blank"" class=""btn btn-sm"" style=""background-color: #00926c; color: white; text-decoration: none; padding: 2px 8px; border-radius: 4px; font-size: 0.8em;"">View Post</a>",1,"grusf218","2025-10-12 02:39:39",5,7038,72,3,2,"What’s growing out of the meteorite rock that fell in Panama?!#news  #breakingnews #us #growing"
"<a href=""https://www.tiktok.com/@yemeigui236/video/7560159328179653943"" target=""_blank"" class=""btn btn-sm"" style=""background-color: #00926c; color: white; text-decoration: none; padding: 2px 8px; border-radius: 4px; font-size: 0.8em;"">View Post</a>",1,"yemeigui236","2025-10-12 02:39:55",5,1401,45,4,2,"What’s growing out of the meteorite rock that fell in Panama?!#news  #breakingnews #us #growing"
"<a href=""https://www.tiktok.com/@veuek344/video/7560159291844480287"" target=""_blank"" class=""btn btn-sm"" style=""background-color: #00926c; color: white; text-decoration: none; padding: 2px 8px; border-radius: 4px; font-size: 0.8em;"">View Post</a>",1,"veuek344","2025-10-12 02:39:31",5,154,1,0,0,"What’s growing out of the meteorite rock that fell in Panama?!#news  #breakingnews #us #growing"
"<a href=""https://www.tiktok.com/@fanqie0166/video/7559901359957478669"" target=""_blank"" class=""btn btn-sm"" style=""background-color: #00926c; color: white; text-decoration: none; padding: 2px 8px; border-radius: 4px; font-size: 0.8em;"">View Post</a>",1,"fanqie0166","2025-10-11 09:58:40",5,2696,39,2,2,"What’s growing out of the meteorite rock that fell in Panama?!#news  #breakingnews #us #growing"
"<a href=""https://www.tiktok.com/@fanqie0166/video/7559901074992205111"" target=""_blank"" class=""btn btn-sm"" style=""background-color: #00926c; color: white; text-decoration: none; padding: 2px 8px; border-radius: 4px; font-size: 0.8em;"">View Post</a>",1,"fanqie0166","2025-10-11 09:57:31",5,338,16,0,0,"What’s growing out of the meteorite rock that fell in Panama?!#news  #breakingnews #us #growing"
"<a href=""https://www.tiktok.com/@h_kp82/video/7559900478369189133"" target=""_blank"" class=""btn btn-sm"" style=""background-color: #00926c; color: white; text-decoration: none; padding: 2px 8px; border-radius: 4px; font-size: 0.8em;"">View Post</a>",1,"h_kp82","2025-10-11 09:55:09",5,340,8,0,1,"What’s growing out of the meteorite rock that fell in Panama?!#news  #breakingnews #us #growing"
"<a href=""https://www.tiktok.com/@h_kp82/video/7559900407405776142"" target=""_blank"" class=""btn btn-sm"" style=""background-color: #00926c; color: white; text-decoration: none; padding: 2px 8px; border-radius: 4px; font-size: 0.8em;"">View Post</a>",1,"h_kp82","2025-10-11 09:54:53",5,392,6,0,0,"What’s growing out of the meteorite rock that fell in Panama?!#news  #breakingnews #us #growing"
"<a href=""https://www.tiktok.com/@veuek344/video/7559900280565943582"" target=""_blank"" class=""btn btn-sm"" style=""background-color: #00926c; color: white; text-decoration: none; padding: 2px 8px; border-radius: 4px; font-size: 0.8em;"">View Post</a>",1,"veuek344","2025-10-11 09:54:27",5,5307,15,0,0,"What’s growing out of the meteorite rock that fell in Panama?!#news  #breakingnews #us #growing"
"<a href=""https://www.tiktok.com/@grusf218/video/7559900208948137247"" target=""_blank"" class=""btn btn-sm"" style=""background-color: #00926c; color: white; text-decoration: none; padding: 2px 8px; border-radius: 4px; font-size: 0.8em;"">View Post</a>",1,"grusf218","2025-10-11 09:54:07",5,339,19,0,0,"What’s growing out of the meteorite rock that fell in Panama?!#news  #breakingnews #us #growing"
"<a href=""https://www.tiktok.com/@yemeigui236/video/7559900155881753869"" target=""_blank"" class=""btn btn-sm"" style=""background-color: #00926c; color: white; text-decoration: none; padding: 2px 8px; border-radius: 4px; font-size: 0.8em;"">View Post</a>",1,"yemeigui236","2025-10-11 09:53:56",5,185,4,0,0,"What’s growing out of the meteorite rock that fell in Panama?!#news  #breakingnews #us #growing"
"<a href=""https://www.tiktok.com/@veuek344/video/7559899914046606623"" target=""_blank"" class=""btn btn-sm"" style=""background-color: #00926c; color: white; text-decoration: none; padding: 2px 8px; border-radius: 4px; font-size: 0.8em;"">View Post</a>",1,"veuek344","2025-10-11 09:52:59",5,4240,8,0,0,"What’s growing out of the meteorite rock that fell in Panama?!#news  #breakingnews #us #growing"
"<a href=""https://www.tiktok.com/@grusf218/video/7559899717803494687"" target=""_blank"" class=""btn btn-sm"" style=""background-color: #00926c; color: white; text-decoration: none; padding: 2px 8px; border-radius: 4px; font-size: 0.8em;"">View Post</a>",1,"grusf218","2025-10-11 09:52:13",5,1049,29,0,5,"What’s growing out of the meteorite rock that fell in Panama?!#news  #breakingnews #us #growing"
"<a href=""https://www.tiktok.com/@yemeigui236/video/7559899675906624782"" target=""_blank"" class=""btn btn-sm"" style=""background-color: #00926c; color: white; text-decoration: none; padding: 2px 8px; border-radius: 4px; font-size: 0.8em;"">View Post</a>",1,"yemeigui236","2025-10-11 09:52:06",5,117,2,0,0,"What’s growing out of the meteorite rock that fell in Panama?!#news  #breakingnews #us #growing"
"<a href=""https://www.tiktok.com/@huangdoujiang012/video/7559899008676678967"" target=""_blank"" class=""btn btn-sm"" style=""background-color: #00926c; color: white; text-decoration: none; padding: 2px 8px; border-radius: 4px; font-size: 0.8em;"">View Post</a>",1,"huangdoujiang012","2025-10-11 09:49:28",5,2430,43,0,0,"What’s growing out of the meteorite rock that fell in Panama?!#news  #breakingnews #us #growing"
"<a href=""https://www.tiktok.com/@lajiaojiang219/video/7559898907480804622"" target=""_blank"" class=""btn btn-sm"" style=""background-color: #00926c; color: white; text-decoration: none; padding: 2px 8px; border-radius: 4px; font-size: 0.8em;"">View Post</a>",1,"lajiaojiang219","2025-10-11 09:49:06",5,314,16,1,0,"What’s growing out of the meteorite rock that fell in Panama?!#news  #breakingnews #us #growing"
"<a href=""https://www.tiktok.com/@ribendongzuo0077/video/7559898807232728333"" target=""_blank"" class=""btn btn-sm"" style=""background-color: #00926c; color: white; text-decoration: none; padding: 2px 8px; border-radius: 4px; font-size: 0.8em;"">View Post</a>",1,"ribendongzuo0077","2025-10-11 09:48:44",5,418,23,0,1,"What’s growing out of the meteorite rock that fell in Panama?!#news  #breakingnews #us #growing"
"<a href=""https://www.tiktok.com/@huangdoujiang012/video/7559898792879787277"" target=""_blank"" class=""btn btn-sm"" style=""background-color: #00926c; color: white; text-decoration: none; padding: 2px 8px; border-radius: 4px; font-size: 0.8em;"">View Post</a>",1,"huangdoujiang012","2025-10-11 09:48:38",5,632,44,0,0,"What’s growing out of the meteorite rock that fell in Panama?!#news  #breakingnews #us #growing"
"<a href=""https://www.tiktok.com/@lajiaojiang219/video/7559898598201199885"" target=""_blank"" class=""btn btn-sm"" style=""background-color: #00926c; color: white; text-decoration: none; padding: 2px 8px; border-radius: 4px; font-size: 0.8em;"">View Post</a>",1,"lajiaojiang219","2025-10-11 09:47:54",5,373,10,0,0,"What’s growing out of the meteorite rock that fell in Panama?!#news  #breakingnews #us #growing"
"<a href=""https://www.tiktok.com/@ribendongzuo0077/video/7559898579918195981"" target=""_blank"" class=""btn btn-sm"" style=""background-color: #00926c; color: white; text-decoration: none; padding: 2px 8px; border-radius: 4px; font-size: 0.8em;"">View Post</a>",1,"ribendongzuo0077","2025-10-11 09:47:51",5,341,13,0,1,"What’s growing out of the meteorite rock that fell in Panama?!#news  #breakingnews #us #growing"
"<a href=""https://www.tiktok.com/@doubanjiang310/video/7559898458811927822"" target=""_blank"" class=""btn btn-sm"" style=""background-color: #00926c; color: white; text-decoration: none; padding: 2px 8px; border-radius: 4px; font-size: 0.8em;"">View Post</a>",1,"doubanjiang310","2025-10-11 09:47:25",5,190,0,0,0,"What’s growing out of the meteorite rock that fell in Panama?!#news  #breakingnews #us #growing"
"<a href=""https://www.tiktok.com/@doubanjiang310/video/7559898416021523767"" target=""_blank"" class=""btn btn-sm"" style=""background-color: #00926c; color: white; text-decoration: none; padding: 2px 8px; border-radius: 4px; font-size: 0.8em;"">View Post</a>",1,"doubanjiang310","2025-10-11 09:47:11",5,261,4,0,0,"What’s growing out of the meteorite rock that fell in Panama?!#news  #breakingnews #us #growing"
"<a href=""https://www.tiktok.com/@veuek344/video/7559776594072489247"" target=""_blank"" class=""btn btn-sm"" style=""background-color: #00926c; color: white; text-decoration: none; padding: 2px 8px; border-radius: 4px; font-size: 0.8em;"">View Post</a>",1,"veuek344","2025-10-11 01:54:23",5,7012,12,1,0,"What’s growing out of the meteorite rock that fell in Panama?!#news  #breakingnews #us #growing"
"<a href=""https://www.tiktok.com/@ribendongzuo0077/video/7559776576166989070"" target=""_blank"" class=""btn btn-sm"" style=""background-color: #00926c; color: white; text-decoration: none; padding: 2px 8px; border-radius: 4px; font-size: 0.8em;"">View Post</a>",1,"ribendongzuo0077","2025-10-11 01:54:28",5,831,8,0,0,"What’s growing out of the meteorite rock that fell in Panama?!#news  #breakingnews #us #growing"
"<a href=""https://www.tiktok.com/@grusf218/video/7559776552297254174"" target=""_blank"" class=""btn btn-sm"" style=""background-color: #00926c; color: white; text-decoration: none; padding: 2px 8px; border-radius: 4px; font-size: 0.8em;"">View Post</a>",1,"grusf218","2025-10-11 01:54:16",5,7659,46,0,1,"What’s growing out of the meteorite rock that fell in Panama?!#news  #breakingnews #us #growing"
"<a href=""https://www.tiktok.com/@ribendongzuo0077/video/7559776392376782094"" target=""_blank"" class=""btn btn-sm"" style=""background-color: #00926c; color: white; text-decoration: none; padding: 2px 8px; border-radius: 4px; font-size: 0.8em;"">View Post</a>",1,"ribendongzuo0077","2025-10-11 01:54:00",5,752,5,0,0,"What’s growing out of the meteorite rock that fell in Panama?!#news  #breakingnews #us #growing"
"<a href=""https://www.tiktok.com/@fanqie0166/video/7559776345031560462"" target=""_blank"" class=""btn btn-sm"" style=""background-color: #00926c; color: white; text-decoration: none; padding: 2px 8px; border-radius: 4px; font-size: 0.8em;"">View Post</a>",1,"fanqie0166","2025-10-11 01:53:42",5,301,7,0,0,"What’s growing out of the meteorite rock that fell in Panama?!#news  #breakingnews #us #growing"
"<a href=""https://www.tiktok.com/@veuek344/video/7559776200416120094"" target=""_blank"" class=""btn btn-sm"" style=""background-color: #00926c; color: white; text-decoration: none; padding: 2px 8px; border-radius: 4px; font-size: 0.8em;"">View Post</a>",1,"veuek344","2025-10-11 01:52:53",5,12933,39,3,7,"What’s growing out of the meteorite rock that fell in Panama?!#news  #breakingnews #us #growing"
"<a href=""https://www.tiktok.com/@fanqie0166/video/7559776121319853325"" target=""_blank"" class=""btn btn-sm"" style=""background-color: #00926c; color: white; text-decoration: none; padding: 2px 8px; border-radius: 4px; font-size: 0.8em;"">View Post</a>",1,"fanqie0166","2025-10-11 01:52:42",5,285,11,0,1,"What’s growing out of the meteorite rock that fell in Panama?!#news  #breakingnews #us #growing"
"<a href=""https://www.tiktok.com/@grusf218/video/7559776109328436510"" target=""_blank"" class=""btn btn-sm"" style=""background-color: #00926c; color: white; text-decoration: none; padding: 2px 8px; border-radius: 4px; font-size: 0.8em;"">View Post</a>",1,"grusf218","2025-10-11 01:52:32",5,8081,50,0,0,"What’s growing out of the meteorite rock that fell in Panama?!#news  #breakingnews #us #growing"
"<a href=""https://www.tiktok.com/@h_kp82/video/7559774615829024014"" target=""_blank"" class=""btn btn-sm"" style=""background-color: #00926c; color: white; text-decoration: none; padding: 2px 8px; border-radius: 4px; font-size: 0.8em;"">View Post</a>",1,"h_kp82","2025-10-11 01:46:43",5,6530,17,0,0,"What’s growing out of the meteorite rock that fell in Panama?!#news  #breakingnews #us #growing"
"<a href=""https://www.tiktok.com/@doubanjiang310/video/7559774521561992462"" target=""_blank"" class=""btn btn-sm"" style=""background-color: #00926c; color: white; text-decoration: none; padding: 2px 8px; border-radius: 4px; font-size: 0.8em;"">View Post</a>",1,"doubanjiang310","2025-10-11 01:46:31",5,8560,59,4,6,"What’s growing out of the meteorite rock that fell in Panama?!#news  #breakingnews #us #growing"
"<a href=""https://www.tiktok.com/@yemeigui236/video/7559774426816924983"" target=""_blank"" class=""btn btn-sm"" style=""background-color: #00926c; color: white; text-decoration: none; padding: 2px 8px; border-radius: 4px; font-size: 0.8em;"">View Post</a>",1,"yemeigui236","2025-10-11 01:46:18",5,3174,29,3,3,"What’s growing out of the meteorite rock that fell in Panama?!#news  #breakingnews #us #growing"
"<a href=""https://www.tiktok.com/@huangdoujiang012/video/7559774426737233207"" target=""_blank"" class=""btn btn-sm"" style=""background-color: #00926c; color: white; text-decoration: none; padding: 2px 8px; border-radius: 4px; font-size: 0.8em;"">View Post</a>",1,"huangdoujiang012","2025-10-11 01:46:09",5,3869,10,0,2,"What’s growing out of the meteorite rock that fell in Panama?!#news  #breakingnews #us #growing"
"<a href=""https://www.tiktok.com/@lajiaojiang219/video/7559774411235052813"" target=""_blank"" class=""btn btn-sm"" style=""background-color: #00926c; color: white; text-decoration: none; padding: 2px 8px; border-radius: 4px; font-size: 0.8em;"">View Post</a>",1,"lajiaojiang219","2025-10-11 01:46:07",5,14516,79,0,0,"What’s growing out of the meteorite rock that fell in Panama?!#news  #breakingnews #us #growing"
"<a href=""https://www.tiktok.com/@yemeigui236/video/7559774183429836087"" target=""_blank"" class=""btn btn-sm"" style=""background-color: #00926c; color: white; text-decoration: none; padding: 2px 8px; border-radius: 4px; font-size: 0.8em;"">View Post</a>",1,"yemeigui236","2025-10-11 01:45:16",5,139,5,0,0,"What’s growing out of the meteorite rock that fell in Panama?!#news  #breakingnews #us #growing"
"<a href=""https://www.tiktok.com/@h_kp82/video/7559774144921865485"" target=""_blank"" class=""btn btn-sm"" style=""background-color: #00926c; color: white; text-decoration: none; padding: 2px 8px; border-radius: 4px; font-size: 0.8em;"">View Post</a>",1,"h_kp82","2025-10-11 01:44:58",5,4505,36,0,0,"What’s growing out of the meteorite rock that fell in Panama?!#news  #breakingnews #us #growing"
"<a href=""https://www.tiktok.com/@huangdoujiang012/video/7559774043444989239"" target=""_blank"" class=""btn btn-sm"" style=""background-color: #00926c; color: white; text-decoration: none; padding: 2px 8px; border-radius: 4px; font-size: 0.8em;"">View Post</a>",1,"huangdoujiang012","2025-10-11 01:44:52",5,223,5,0,0,"What’s growing out of the meteorite rock that fell in Panama?!#news  #breakingnews #us #growing"
