"Account","Network","Unique Shares","Avg Time Between Shares (sec)","Edge Symmetry Score","Degree","Strength","Betweenness","Avg Views","Avg Likes","Avg Comments","Avg Shares"
"<a href=""https://tiktok.com/@addison.4545546"" target=""_blank"">@addison.4545546</a>",13,7,56.504,0.875,2,22,0,103603.143,5471.714,37.143,28
"<a href=""https://tiktok.com/@aed3345"" target=""_blank"">@aed3345</a>",16,10,60.957,0.898,4,75,0,2176.7,56,0.7,0.6
"<a href=""https://tiktok.com/@aesiaqeif6"" target=""_blank"">@aesiaqeif6</a>",18,3,49.625,0.8,1,8,0,1134.667,96.333,0,0.333
"<a href=""https://tiktok.com/@aurora.35353545"" target=""_blank"">@aurora.35353545</a>",13,5,62.338,1,2,22,0,192725,10241.6,46.2,32
"<a href=""https://tiktok.com/@avalaicai011"" target=""_blank"">@avalaicai011</a>",1,3,48.5,1,1,8,0,1109.333,53,0.333,0.333
"<a href=""https://tiktok.com/@baown3351"" target=""_blank"">@baown3351</a>",7,5,11.818,0.857,1,11,0,146.6,2.4,0.2,0
"<a href=""https://tiktok.com/@bbbmwen590"" target=""_blank"">@bbbmwen590</a>",7,4,11.818,0.857,1,11,0,810.75,6.75,0,0
"<a href=""https://tiktok.com/@benoit.altundasf"" target=""_blank"">@benoit.altundasf</a>",11,6,58.612,0.729,2,18,0.005,10119.333,162,2.444,0.333
"<a href=""https://tiktok.com/@bftu666"" target=""_blank"">@bftu666</a>",12,7,47.222,1,1,9,0,4272.875,68.5,1.25,0.25
"<a href=""https://tiktok.com/@bmbomez"" target=""_blank"">@bmbomez</a>",8,3,95,1,1,9,0,2125.333,131.333,0,1.667
"<a href=""https://tiktok.com/@cjvcdh6"" target=""_blank"">@cjvcdh6</a>",22,3,54.171,0.933,3,25,0,1000.182,63,0.364,0.818
"<a href=""https://tiktok.com/@ck.ok665"" target=""_blank"">@ck.ok665</a>",11,8,41.462,1,1,13,0,1258.125,41.375,0.125,0.125
"<a href=""https://tiktok.com/@clarkkenneth1471"" target=""_blank"">@clarkkenneth1471</a>",16,7,49.688,0.878,3,52,0,2132.571,26.714,0.286,0.714
"<a href=""https://tiktok.com/@colliercarol3790"" target=""_blank"">@colliercarol3790</a>",16,9,51.918,0.932,4,68,0,845.889,31.111,0.222,0.667
"<a href=""https://tiktok.com/@cqqrnjpwj8hoba"" target=""_blank"">@cqqrnjpwj8hoba</a>",8,3,95,1,1,9,0,3922.333,169,1,1
"<a href=""https://tiktok.com/@cscbgf"" target=""_blank"">@cscbgf</a>",22,4,50.483,1,4,34,0,1556.417,44.417,0.333,0.25
"<a href=""https://tiktok.com/@cvjfoag5b8"" target=""_blank"">@cvjfoag5b8</a>",21,3,48.25,0.8,1,8,0,956.333,72.333,0.667,0
"<a href=""https://tiktok.com/@cyrilcamp0303"" target=""_blank"">@cyrilcamp0303</a>",19,3,40.889,1,1,9,0,615.333,40.333,0.333,0
"<a href=""https://tiktok.com/@desaq123"" target=""_blank"">@desaq123</a>",10,4,56.75,0.714,1,8,0,1819,101,4.25,2.25
"<a href=""https://tiktok.com/@dplmdf"" target=""_blank"">@dplmdf</a>",10,5,49.987,0.843,4,36,0.002,8025.8,313.2,1.6,2.6
"<a href=""https://tiktok.com/@dukvf8"" target=""_blank"">@dukvf8</a>",19,3,40.889,1,1,9,0,400,19,0,0
"<a href=""https://tiktok.com/@dykfwborq6"" target=""_blank"">@dykfwborq6</a>",18,3,49.625,0.8,1,8,0,1038.667,63.333,0,0
"<a href=""https://tiktok.com/@dzu2bxozg0"" target=""_blank"">@dzu2bxozg0</a>",16,7,62.429,0.859,3,34,0,458,15.125,0,0
"<a href=""https://tiktok.com/@e4ffw2h5s1"" target=""_blank"">@e4ffw2h5s1</a>",17,5,54.708,0.933,3,25,0,993.375,44.5,0.125,0.75
"<a href=""https://tiktok.com/@fabaom041"" target=""_blank"">@fabaom041</a>",6,4,38,1,1,9,0,1399.25,61.5,5.75,0.5
"<a href=""https://tiktok.com/@feiwen0507"" target=""_blank"">@feiwen0507</a>",1,3,48.5,1,1,8,0,749.333,54.667,0.333,0.333
"<a href=""https://tiktok.com/@fraught7"" target=""_blank"">@fraught7</a>",4,4,55.5,1,1,8,0,729.6,85.2,1,6.8
"<a href=""https://tiktok.com/@gp6kxzxru9"" target=""_blank"">@gp6kxzxru9</a>",17,7,58.806,0.969,4,38,0.001,265.222,21.889,0.111,0
"<a href=""https://tiktok.com/@gpknl5ohq8"" target=""_blank"">@gpknl5ohq8</a>",20,3,54.375,0.8,1,8,0,534.333,15.667,0,0
"<a href=""https://tiktok.com/@guaiago"" target=""_blank"">@guaiago</a>",11,9,53.829,0.722,3,38,0.005,4448.667,86.111,0.222,0.222
"<a href=""https://tiktok.com/@gydbvx"" target=""_blank"">@gydbvx</a>",10,5,33.485,1,4,40,0,684.6,41,1.4,0.4
"<a href=""https://tiktok.com/@hazel.47465687"" target=""_blank"">@hazel.47465687</a>",13,5,59.611,0.875,2,18,0,240663.4,10633.6,64.8,74.4
"<a href=""https://tiktok.com/@hkggb0eid8"" target=""_blank"">@hkggb0eid8</a>",17,7,60.874,0.958,3,29,0,1912.571,82.714,0.429,0.571
"<a href=""https://tiktok.com/@hsbgfs854"" target=""_blank"">@hsbgfs854</a>",4,5,52.917,1,3,30,0.002,201.8,3.8,0,0
"<a href=""https://tiktok.com/@hysvxz"" target=""_blank"">@hysvxz</a>",10,4,38.167,0.95,4,37,0.001,1947.5,78.25,0.75,0.25
"<a href=""https://tiktok.com/@jbpcddlts2"" target=""_blank"">@jbpcddlts2</a>",11,9,50.362,0.778,3,29,0.005,9755,105.333,1.111,0.667
"<a href=""https://tiktok.com/@k52edu02o6"" target=""_blank"">@k52edu02o6</a>",17,7,50.385,1,5,49,0,3611.444,40.778,0.111,0.778
"<a href=""https://tiktok.com/@kufhfu5rq4"" target=""_blank"">@kufhfu5rq4</a>",22,5,55.31,0.923,4,35,0.001,1344.889,40,0.222,0.889
"<a href=""https://tiktok.com/@laix3inht5"" target=""_blank"">@laix3inht5</a>",22,5,60.921,0.944,3,25,0.002,1444.091,43.909,0.727,0.455
"<a href=""https://tiktok.com/@lggmht"" target=""_blank"">@lggmht</a>",15,3,37.389,0.9,2,18,0,705.8,36.8,0.2,0
"<a href=""https://tiktok.com/@luarva4"" target=""_blank"">@luarva4</a>",21,3,48.25,0.8,1,8,0,315.333,14.667,0,0
"<a href=""https://tiktok.com/@mkieiefff"" target=""_blank"">@mkieiefff</a>",11,9,55.417,0.667,1,12,0,3142,73.667,1.222,1.222
"<a href=""https://tiktok.com/@nho.trangkg"" target=""_blank"">@nho.trangkg</a>",11,9,52.362,0.845,2,18,0.005,6544.333,102.444,1.111,0.556
"<a href=""https://tiktok.com/@nonenone0863"" target=""_blank"">@nonenone0863</a>",14,3,58,1,1,8,0,1064.667,92,0.667,0.333
"<a href=""https://tiktok.com/@pgnyflrih5"" target=""_blank"">@pgnyflrih5</a>",22,5,62.875,1,1,8,0,1645.667,67.778,1,1.333
"<a href=""https://tiktok.com/@qfzxa111"" target=""_blank"">@qfzxa111</a>",10,5,35.58,0.964,4,40,0,1447.6,83.2,1.4,0.2
"<a href=""https://tiktok.com/@qhiii3hs"" target=""_blank"">@qhiii3hs</a>",10,3,34,1,3,27,0,62,2,0.333,0
"<a href=""https://tiktok.com/@qitmi0pvd6"" target=""_blank"">@qitmi0pvd6</a>",17,7,59.642,0.933,3,26,0,1132.889,23.222,0.111,0.222
"<a href=""https://tiktok.com/@sharmel.look"" target=""_blank"">@sharmel.look</a>",11,9,44.444,0.9,1,18,0,53605,3041,10.889,122.778
"<a href=""https://tiktok.com/@smegkt"" target=""_blank"">@smegkt</a>",15,4,35.111,1,2,18,0,413,2.4,0.4,0
"<a href=""https://tiktok.com/@sxns0jqml0"" target=""_blank"">@sxns0jqml0</a>",17,8,52.731,1,4,41,0,7741.25,69.125,2,2.5
"<a href=""https://tiktok.com/@tdy7axi1g1"" target=""_blank"">@tdy7axi1g1</a>",16,9,52.368,0.902,4,69,0,726.222,18.111,0,1
"<a href=""https://tiktok.com/@telepath218"" target=""_blank"">@telepath218</a>",4,5,52.958,1,2,20,0.001,119.2,5.8,0,0
"<a href=""https://tiktok.com/@thc7355"" target=""_blank"">@thc7355</a>",5,3,58.5,1,1,8,0,661.333,46.667,0,1.667
"<a href=""https://tiktok.com/@tim.david55"" target=""_blank"">@tim.david55</a>",22,6,57.269,0.964,4,37,0,3387.917,104.417,1.25,1
"<a href=""https://tiktok.com/@udpgmf"" target=""_blank"">@udpgmf</a>",15,5,34.389,0.9,2,18,0,5240.6,59.4,0.2,1.4
"<a href=""https://tiktok.com/@usbao753"" target=""_blank"">@usbao753</a>",6,3,38,1,1,9,0,121,0,0,0
"<a href=""https://tiktok.com/@user144449115238"" target=""_blank"">@user144449115238</a>",2,9,55.75,1,1,12,0,777.778,35.333,0.111,0.333
"<a href=""https://tiktok.com/@user14712330657102"" target=""_blank"">@user14712330657102</a>",4,3,55,0.9,2,18,0,342,19.667,0,0
"<a href=""https://tiktok.com/@user2113012859594"" target=""_blank"">@user2113012859594</a>",5,5,58.5,1,1,8,0,513.5,32.667,0,0.667
"<a href=""https://tiktok.com/@user3406314556959"" target=""_blank"">@user3406314556959</a>",9,3,58.667,1,1,9,0,3361,70,0,0.333
"<a href=""https://tiktok.com/@user38353008000528"" target=""_blank"">@user38353008000528</a>",3,8,57.4,0.9,1,10,0,641,27,0.375,0.25
"<a href=""https://tiktok.com/@user611266225794"" target=""_blank"">@user611266225794</a>",9,3,58.667,1,1,9,0,1053,37.333,0,0.667
"<a href=""https://tiktok.com/@user7671819424042"" target=""_blank"">@user7671819424042</a>",3,7,57.4,0.9,1,10,0,806.125,54,0.875,0.25
"<a href=""https://tiktok.com/@user828024294451"" target=""_blank"">@user828024294451</a>",12,6,47.222,1,1,9,0,3899.625,67.25,1.125,0.25
"<a href=""https://tiktok.com/@user8394976163654"" target=""_blank"">@user8394976163654</a>",2,7,55.75,1,1,12,0,1546.25,90.25,0.375,0.125
"<a href=""https://tiktok.com/@user92272907498085"" target=""_blank"">@user92272907498085</a>",14,3,58,1,1,8,0,26,0.4,0,0.2
"<a href=""https://tiktok.com/@user9363472655214"" target=""_blank"">@user9363472655214</a>",4,3,58.833,0.9,2,18,0,29.333,2,0,0
"<a href=""https://tiktok.com/@user9731567187196"" target=""_blank"">@user9731567187196</a>",11,4,60.5,0.5,1,8,0,33147.833,786.667,3.5,5.833
"<a href=""https://tiktok.com/@v9hetfaei7"" target=""_blank"">@v9hetfaei7</a>",20,3,54.375,0.8,1,8,0,567.667,47.333,0.333,0.333
"<a href=""https://tiktok.com/@ycfiqo5eu7"" target=""_blank"">@ycfiqo5eu7</a>",22,5,52.278,0.96,5,44,0.002,684.833,35.167,0.083,0.417
