"Network","Number of Accounts","Network Density","Network Diameter","Clustering Coefficient","Avg Views","Avg Likes","Avg Comments","Avg Shares","Member Accounts"
1,2,1,8,0,929.333,53.833,0.333,0.333,"avalaicai011, feiwen0507"
2,2,1,12,0,1139.412,61.176,0.235,0.235,"user144449115238, user8394976163654"
3,2,1,10,0,723.562,40.5,0.625,0.25,"user38353008000528, user7671819424042"
4,5,0.5,29,0.5,303.19,25.667,0.444,1.619,"telepath218, hsbgfs854, fraught7, user14712330657102, user9363472655214"
5,2,1,8,0,562.778,37.333,0,1,"thc7355, user2113012859594"
6,2,1,9,0,851.429,35.143,3.286,0.286,"fabaom041, usbao753"
7,2,1,11,0,441.778,4.333,0.111,0,"baown3351, bbbmwen590"
8,2,1,9,0,3023.833,150.167,0.5,1.333,"bmbomez, cqqrnjpwj8hoba"
9,2,1,9,0,2207,53.667,0,0.5,"user3406314556959, user611266225794"
10,6,0.667,25,0.778,2540.077,111.923,1.654,1,"gydbvx, hysvxz, qfzxa111, desaq123, dplmdf, qhiii3hs"
11,8,0.25,57,0,14668.838,546.853,2.574,17.176,"benoit.altundasf, ck.ok665, jbpcddlts2, nho.trangkg, guaiago, mkieiefff, user9731567187196, sharmel.look"
12,2,1,9,0,4086.25,67.875,1.188,0.25,"bftu666, user828024294451"
13,3,1,13,1,170127.294,8392.824,47.941,42.824,"addison.4545546, aurora.35353545, hazel.47465687"
14,2,1,8,0,415.5,34.75,0.25,0.25,"nonenone0863, user92272907498085"
15,3,1,9,1,2119.8,32.867,0.267,0.467,"lggmht, smegkt, udpgmf"
16,5,0.9,27,0.875,1267.628,30.488,0.256,0.605,"aed3345, clarkkenneth1471, colliercarol3790, dzu2bxozg0, tdy7axi1g1"
17,6,0.733,18,0.677,2567.02,45.22,0.46,0.78,"e4ffw2h5s1, gp6kxzxru9, k52edu02o6, qitmi0pvd6, hkggb0eid8, sxns0jqml0"
18,2,1,8,0,1086.667,79.833,0,0.167,"aesiaqeif6, dykfwborq6"
19,2,1,9,0,507.667,29.667,0.167,0,"cyrilcamp0303, dukvf8"
20,2,1,8,0,551,31.5,0.167,0.167,"gpknl5ohq8, v9hetfaei7"
21,2,1,8,0,635.833,43.5,0.333,0,"cvjfoag5b8, luarva4"
22,7,0.571,26,0.706,1596.737,57.289,0.566,0.711,"laix3inht5, pgnyflrih5, cscbgf, cjvcdh6, tim.david55, kufhfu5rq4, ycfiqo5eu7"
