"Account","Network","Unique Shares","Avg Time Between Shares (sec)","Edge Symmetry Score","Degree","Strength","Betweenness","Avg Views","Avg Likes","Avg Comments","Avg Shares"
"<a href=""https://tiktok.com/@1yrogls"" target=""_blank"">@1yrogls</a>",3,5,58.253,0.929,2,20,0,849.2,36.2,0.2,0
"<a href=""https://tiktok.com/@3jfofoed"" target=""_blank"">@3jfofoed</a>",3,6,51.308,0.938,2,20,0,989.167,50.5,0.333,1
"<a href=""https://tiktok.com/@aedpv"" target=""_blank"">@aedpv</a>",1,6,56.667,0.9,2,22,0,3060.833,69.333,0.833,1.5
"<a href=""https://tiktok.com/@ale4j09"" target=""_blank"">@ale4j09</a>",9,3,29.722,1,2,18,0,309.667,10.667,0,1
"<a href=""https://tiktok.com/@ali147643"" target=""_blank"">@ali147643</a>",10,3,49.778,1,1,9,0,344.333,25.667,1,0.667
"<a href=""https://tiktok.com/@ali872400"" target=""_blank"">@ali872400</a>",10,3,51.667,1,2,18,0.001,345.667,37.333,1,3.667
"<a href=""https://tiktok.com/@ankd1bag52"" target=""_blank"">@ankd1bag52</a>",5,5,23.2,1,1,10,0,556.667,34.5,0.667,0.667
"<a href=""https://tiktok.com/@annelie.nuttall"" target=""_blank"">@annelie.nuttall</a>",8,5,49.773,1,6,69,0,325.6,16.8,1.2,2
"<a href=""https://tiktok.com/@auvningjixiang"" target=""_blank"">@auvningjixiang</a>",2,10,42.4,0.889,1,10,0,1232.5,69.083,0.25,0.583
"<a href=""https://tiktok.com/@brudo040"" target=""_blank"">@brudo040</a>",15,6,8.167,1,1,12,0,351.167,12.833,0.667,0
"<a href=""https://tiktok.com/@bufvbfb"" target=""_blank"">@bufvbfb</a>",1,3,48.889,0.8,2,18,0,114679.5,8529.5,668.167,3069.167
"<a href=""https://tiktok.com/@bxjxhxt"" target=""_blank"">@bxjxhxt</a>",3,6,58.963,0.869,3,27,0.002,932.833,52,0.667,0
"<a href=""https://tiktok.com/@darlineguerra7"" target=""_blank"">@darlineguerra7</a>",8,6,55.742,0.914,6,77,0,440.667,19.333,1.667,3.5
"<a href=""https://tiktok.com/@demetriusguerrero"" target=""_blank"">@demetriusguerrero</a>",8,5,47.401,0.935,6,67,0,215.2,7.8,1,1.8
"<a href=""https://tiktok.com/@dyl1mby4xvbz"" target=""_blank"">@dyl1mby4xvbz</a>",11,6,30.357,1,1,14,0,789.667,21.833,3.167,8.167
"<a href=""https://tiktok.com/@elleigh.anton"" target=""_blank"">@elleigh.anton</a>",4,6,48.562,1,1,16,0,905,32.333,0.333,0.333
"<a href=""https://tiktok.com/@fhgxfty1"" target=""_blank"">@fhgxfty1</a>",8,5,50.348,0.935,6,65,0,757.6,71,3.6,15.6
"<a href=""https://tiktok.com/@figbngx"" target=""_blank"">@figbngx</a>",1,6,54.222,0.9,2,22,0,58771.333,1715.5,3.5,58.167
"<a href=""https://tiktok.com/@fortiermaclaurin"" target=""_blank"">@fortiermaclaurin</a>",8,5,57.613,0.955,6,64,0,513.6,30.8,0.2,7
"<a href=""https://tiktok.com/@g4lkgggsn3"" target=""_blank"">@g4lkgggsn3</a>",2,9,42.4,0.889,1,10,0,1583.556,82.556,1.444,0.222
"<a href=""https://tiktok.com/@gesd6598"" target=""_blank"">@gesd6598</a>",7,8,43.771,1,2,28,0,25012.125,444.25,54.875,121.75
"<a href=""https://tiktok.com/@ghigfewlppq"" target=""_blank"">@ghigfewlppq</a>",12,6,41.518,0.929,2,29,0,408.333,12.667,2.5,6.833
"<a href=""https://tiktok.com/@gtexmiee74"" target=""_blank"">@gtexmiee74</a>",6,5,28.667,1,1,9,0,379.6,43.6,0.8,1.4
"<a href=""https://tiktok.com/@ieddj160"" target=""_blank"">@ieddj160</a>",15,6,8.167,1,1,12,0,340.333,11.333,0.333,0.333
"<a href=""https://tiktok.com/@ihfwdortzrk"" target=""_blank"">@ihfwdortzrk</a>",7,8,59.583,0.917,2,22,0,293075.625,17867.5,868.625,4080.75
"<a href=""https://tiktok.com/@ihhjhfbbxh.h.b"" target=""_blank"">@ihhjhfbbxh.h.b</a>",10,3,53.556,1,1,9,0,5749.667,104.667,1.333,13.333
"<a href=""https://tiktok.com/@jdjsbs94"" target=""_blank"">@jdjsbs94</a>",3,4,53.222,0.875,1,9,0,307.75,3,0.25,0
"<a href=""https://tiktok.com/@lyla.knudson"" target=""_blank"">@lyla.knudson</a>",8,5,51.008,0.938,6,74,0,556.6,21.8,1,2.2
"<a href=""https://tiktok.com/@nurrffoox2"" target=""_blank"">@nurrffoox2</a>",6,5,28.667,1,1,9,0,471.6,28,0,0
"<a href=""https://tiktok.com/@oscarbarber45"" target=""_blank"">@oscarbarber45</a>",9,3,33.167,1,2,18,0,496.333,30.333,0.333,5.333
"<a href=""https://tiktok.com/@phrjy319"" target=""_blank"">@phrjy319</a>",14,6,51.333,1,1,12,0,660.833,22,0.167,0.5
"<a href=""https://tiktok.com/@qjo27h99h9"" target=""_blank"">@qjo27h99h9</a>",5,6,23.2,1,1,10,0,505.167,48.5,0.5,0.5
"<a href=""https://tiktok.com/@santiago.mundy"" target=""_blank"">@santiago.mundy</a>",8,5,52.365,0.938,6,74,0,353.2,14,0.4,1.2
"<a href=""https://tiktok.com/@user2877848008001"" target=""_blank"">@user2877848008001</a>",12,8,48.445,0.829,2,21,0,1068.25,38.5,0.75,0.25
"<a href=""https://tiktok.com/@user3005913401392"" target=""_blank"">@user3005913401392</a>",11,4,47.1,0.714,1,10,0,641,17.2,11.8,0.4
"<a href=""https://tiktok.com/@user32913230295256"" target=""_blank"">@user32913230295256</a>",13,3,57.333,1,1,9,0,687.333,85.667,0.333,1
"<a href=""https://tiktok.com/@user4196790407825"" target=""_blank"">@user4196790407825</a>",12,6,51.872,0.9,2,28,0,831.333,32.667,3.667,25
"<a href=""https://tiktok.com/@user6658449991904"" target=""_blank"">@user6658449991904</a>",11,9,52.299,0.843,4,57,0.006,361.667,17.222,5.222,3.222
"<a href=""https://tiktok.com/@user6959240517227"" target=""_blank"">@user6959240517227</a>",11,5,44.329,0.733,2,22,0.001,703,25,2.2,8.2
"<a href=""https://tiktok.com/@user77661757762094"" target=""_blank"">@user77661757762094</a>",11,15,48.141,0.897,3,36,0.005,566,20.4,3.733,5.467
"<a href=""https://tiktok.com/@user8142747933813"" target=""_blank"">@user8142747933813</a>",13,3,57.333,1,1,9,0,311.333,12,0,0
"<a href=""https://tiktok.com/@user83547752840571"" target=""_blank"">@user83547752840571</a>",11,12,64.569,0.833,3,49,0,419.077,29.846,1.154,0.846
"<a href=""https://tiktok.com/@veuek344"" target=""_blank"">@veuek344</a>",14,6,51.333,1,1,12,0,1770.5,39.667,0.167,0.833
"<a href=""https://tiktok.com/@wnsao4288"" target=""_blank"">@wnsao4288</a>",4,6,48.562,1,1,16,0,19011.833,1270,5.833,4.5
"<a href=""https://tiktok.com/@ywyeqmig886"" target=""_blank"">@ywyeqmig886</a>",7,8,58.188,0.917,2,26,0,15065.75,319.375,51.25,10.125
"<a href=""https://tiktok.com/@zhichen0193"" target=""_blank"">@zhichen0193</a>",9,3,41.111,1,2,18,0,948.667,20,0.667,1.667
