"Network","Number of Accounts","Network Density","Network Diameter","Clustering Coefficient","Avg Views","Avg Likes","Avg Comments","Avg Shares","Member Accounts"
1,3,1,13,1,58837.222,3438.111,224.167,1042.944,"aedpv, bufvbfb, figbngx"
2,2,1,10,0,1382.952,74.857,0.762,0.429,"g4lkgggsn3, auvningjixiang"
3,4,0.667,18,0.6,809.952,38.476,0.381,0.286,"1yrogls, 3jfofoed, bxjxhxt, jdjsbs94"
4,2,1,16,0,9958.417,651.167,3.083,2.417,"elleigh.anton, wnsao4288"
5,2,1,10,0,530.917,41.5,0.583,0.583,"ankd1bag52, qjo27h99h9"
6,2,1,9,0,425.6,35.8,0.4,0.7,"nurrffoox2, gtexmiee74"
7,3,1,16,1,111051.167,6210.375,324.917,1404.208,"ihfwdortzrk, gesd6598, ywyeqmig886"
8,7,1,14,1,451.472,25.75,1.306,4.722,"annelie.nuttall, fhgxfty1, fortiermaclaurin, lyla.knudson, demetriusguerrero, darlineguerra7, santiago.mundy"
9,3,1,9,1,584.889,20.333,0.333,2.667,"ale4j09, oscarbarber45, zhichen0193"
10,3,0.667,18,0,2146.556,55.889,1.111,5.889,"ali872400, ali147643, ihhjhfbbxh.h.b"
11,6,0.467,36,0.462,540.585,22.472,3.906,4.038,"dyl1mby4xvbz, user3005913401392, user6658449991904, user77661757762094, user83547752840571, user6959240517227"
12,3,1,18,1,799.2,29,2.15,9.65,"user2877848008001, ghigfewlppq, user4196790407825"
13,2,1,9,0,499.333,48.833,0.167,0.5,"user32913230295256, user8142747933813"
14,2,1,12,0,1215.667,30.833,0.167,0.667,"phrjy319, veuek344"
15,2,1,12,0,345.75,12.083,0.5,0.167,"brudo040, ieddj160"
