"Account","Network","Unique Shares","Avg Time Between Shares (sec)","Edge Symmetry Score","Degree","Strength","Betweenness","Avg Views","Avg Likes","Avg Comments","Avg Shares"
"<a href=""https://tiktok.com/@ahmed_siam74"" target=""_blank"">@ahmed_siam74</a>",1,2,98.5,0.5,1,6,0,167,36,2.556,0
"<a href=""https://tiktok.com/@gbooat"" target=""_blank"">@gbooat</a>",4,11,38.098,0.955,2,22,0,0,0,1,0
"<a href=""https://tiktok.com/@gksdtirevb"" target=""_blank"">@gksdtirevb</a>",3,6,47.073,0.938,2,34,0,0,0,1,0
"<a href=""https://tiktok.com/@md..khorseda.alam"" target=""_blank"">@md..khorseda.alam</a>",2,4,50.857,0.833,1,7,0,47.286,9.714,1.714,0.857
"<a href=""https://tiktok.com/@md.junaid.ahmed539"" target=""_blank"">@md.junaid.ahmed539</a>",1,1,98.5,0.5,1,6,0,128888,38706,2629,5660.333
"<a href=""https://tiktok.com/@nk.rimon01"" target=""_blank"">@nk.rimon01</a>",2,6,50.857,0.833,1,7,0,119.143,16.429,2.714,0
"<a href=""https://tiktok.com/@okgsisnssx"" target=""_blank"">@okgsisnssx</a>",3,11,47.656,0.938,2,44,0,0,0,0.667,0
"<a href=""https://tiktok.com/@user8431021130445"" target=""_blank"">@user8431021130445</a>",5,12,50.462,0.941,1,26,0,0,0,1.417,0
"<a href=""https://tiktok.com/@user8632343249071"" target=""_blank"">@user8632343249071</a>",5,12,50.462,0.941,1,26,0,0,0,1.25,0
"<a href=""https://tiktok.com/@xin20241035"" target=""_blank"">@xin20241035</a>",4,7,36.312,1,2,13,0.018,0,0,1.889,0
"<a href=""https://tiktok.com/@yydszdzqa"" target=""_blank"">@yydszdzqa</a>",4,9,39.786,0.955,2,19,0,0,0,1.333,0
"<a href=""https://tiktok.com/@yyfdtwhtod"" target=""_blank"">@yyfdtwhtod</a>",3,10,45.917,0.875,2,46,0,0,0,0.917,0
