"Post URL","Network","Author","Timestamp","Number of Accounts","Views","Likes","Comments","Shares","Description"
"<a href=""https://www.tiktok.com/@gksdtirevb/video/7507990783291772206"" target=""_blank"" class=""btn btn-sm"" style=""background-color: #00926c; color: white; text-decoration: none; padding: 2px 8px; border-radius: 4px; font-size: 0.8em;"">View Post</a>",3,"gksdtirevb",2025-05-24 12:40:08,5,0,0,1,0,"#weddingsituation #weddingstory #weddingstorytime #storywedding #storytimewedding #weddingguest #situationwedding #weddingvendor #weddinghumor #weddinglol #weddinglaugh #weddingplanning #weddingplanner #2023bride #2024bride #weddingtiktok #2025bride #2026bride"
"<a href=""https://www.tiktok.com/@gksdtirevb/video/7507990697882979627"" target=""_blank"" class=""btn btn-sm"" style=""background-color: #00926c; color: white; text-decoration: none; padding: 2px 8px; border-radius: 4px; font-size: 0.8em;"">View Post</a>",3,"gksdtirevb",2025-05-24 12:39:28,5,0,0,1,0,"#weddingsituation #weddingstory #weddingstorytime #storywedding #storytimewedding #weddingguest #situationwedding #weddingvendor #weddinghumor #weddinglol #weddinglaugh #weddingplanning #weddingplanner #2023bride #2024bride #weddingtiktok #2025bride #2026bride"
"<a href=""https://www.tiktok.com/@okgsisnssx/video/7507990656946638110"" target=""_blank"" class=""btn btn-sm"" style=""background-color: #00926c; color: white; text-decoration: none; padding: 2px 8px; border-radius: 4px; font-size: 0.8em;"">View Post</a>",3,"okgsisnssx",2025-05-24 12:39:05,5,0,0,1,0,"#weddingsituation #weddingstory #weddingstorytime #storywedding #storytimewedding #weddingguest #situationwedding #weddingvendor #weddinghumor #weddinglol #weddinglaugh #weddingplanning #weddingplanner #2023bride #2024bride #weddingtiktok #2025bride #2026bride"
"<a href=""https://www.tiktok.com/@okgsisnssx/video/7507990613132922142"" target=""_blank"" class=""btn btn-sm"" style=""background-color: #00926c; color: white; text-decoration: none; padding: 2px 8px; border-radius: 4px; font-size: 0.8em;"">View Post</a>",3,"okgsisnssx",2025-05-24 12:39:07,5,0,0,1,0,"#weddingsituation #weddingstory #weddingstorytime #storywedding #storytimewedding #weddingguest #situationwedding #weddingvendor #weddinghumor #weddinglol #weddinglaugh #weddingplanning #weddingplanner #2023bride #2024bride #weddingtiktok #2025bride #2026bride"
"<a href=""https://www.tiktok.com/@yyfdtwhtod/video/7507990609777397035"" target=""_blank"" class=""btn btn-sm"" style=""background-color: #00926c; color: white; text-decoration: none; padding: 2px 8px; border-radius: 4px; font-size: 0.8em;"">View Post</a>",3,"yyfdtwhtod",2025-05-24 12:39:03,5,0,0,0,0,"#weddingsituation #weddingstory #weddingstorytime #storywedding #storytimewedding #weddingguest #situationwedding #weddingvendor #weddinghumor #weddinglol #weddinglaugh #weddingplanning #weddingplanner #2023bride #2024bride #weddingtiktok #2025bride #2026bride"
"<a href=""https://www.tiktok.com/@gksdtirevb/video/7507990527577705774"" target=""_blank"" class=""btn btn-sm"" style=""background-color: #00926c; color: white; text-decoration: none; padding: 2px 8px; border-radius: 4px; font-size: 0.8em;"">View Post</a>",3,"gksdtirevb",2025-05-24 12:39:20,5,0,0,2,0,"#weddingsituation #weddingstory #weddingstorytime #storywedding #storytimewedding #weddingguest #situationwedding #weddingvendor #weddinghumor #weddinglol #weddinglaugh #weddingplanning #weddingplanner #2023bride #2024bride #weddingtiktok #2025bride #2026bride"
"<a href=""https://www.tiktok.com/@yyfdtwhtod/video/7507990475819781422"" target=""_blank"" class=""btn btn-sm"" style=""background-color: #00926c; color: white; text-decoration: none; padding: 2px 8px; border-radius: 4px; font-size: 0.8em;"">View Post</a>",3,"yyfdtwhtod",2025-05-24 12:39:04,5,0,0,0,0,"#weddingsituation #weddingstory #weddingstorytime #storywedding #storytimewedding #weddingguest #situationwedding #weddingvendor #weddinghumor #weddinglol #weddinglaugh #weddingplanning #weddingplanner #2023bride #2024bride #weddingtiktok #2025bride #2026bride"
"<a href=""https://www.tiktok.com/@okgsisnssx/video/7507990330524880158"" target=""_blank"" class=""btn btn-sm"" style=""background-color: #00926c; color: white; text-decoration: none; padding: 2px 8px; border-radius: 4px; font-size: 0.8em;"">View Post</a>",3,"okgsisnssx",2025-05-24 12:37:39,5,0,0,1,0,"#weddingsituation #weddingstory #weddingstorytime #storywedding #storytimewedding #weddingguest #situationwedding #weddingvendor #weddinghumor #weddinglol #weddinglaugh #weddingplanning #weddingplanner #2023bride #2024bride #weddingtiktok #2025bride #2026bride"
"<a href=""https://www.tiktok.com/@yyfdtwhtod/video/7507990310497144107"" target=""_blank"" class=""btn btn-sm"" style=""background-color: #00926c; color: white; text-decoration: none; padding: 2px 8px; border-radius: 4px; font-size: 0.8em;"">View Post</a>",3,"yyfdtwhtod",2025-05-24 12:38:14,5,0,0,0,0,"#weddingsituation #weddingstory #weddingstorytime #storywedding #storytimewedding #weddingguest #situationwedding #weddingvendor #weddinghumor #weddinglol #weddinglaugh #weddingplanning #weddingplanner #2023bride #2024bride #weddingtiktok #2025bride #2026bride"
"<a href=""https://www.tiktok.com/@gbooat/video/7507986208367054111"" target=""_blank"" class=""btn btn-sm"" style=""background-color: #00926c; color: white; text-decoration: none; padding: 2px 8px; border-radius: 4px; font-size: 0.8em;"">View Post</a>",4,"gbooat",2025-05-24 12:21:48,5,0,0,1,0,"#weddingsituation #weddingstory #weddingstorytime #storywedding #storytimewedding #weddingguest #situationwedding #weddingvendor #weddinghumor #weddinglol #weddinglaugh #weddingplanning #weddingplanner #2023bride #2024bride #weddingtiktok #2025bride #2026bride"
"<a href=""https://www.tiktok.com/@gbooat/video/7507985858411253023"" target=""_blank"" class=""btn btn-sm"" style=""background-color: #00926c; color: white; text-decoration: none; padding: 2px 8px; border-radius: 4px; font-size: 0.8em;"">View Post</a>",4,"gbooat",2025-05-24 12:20:44,5,0,0,1,0,"#weddingsituation #weddingstory #weddingstorytime #storywedding #storytimewedding #weddingguest #situationwedding #weddingvendor #weddinghumor #weddinglol #weddinglaugh #weddingplanning #weddingplanner #2023bride #2024bride #weddingtiktok #2025bride #2026bride"
"<a href=""https://www.tiktok.com/@gbooat/video/7507985703289097502"" target=""_blank"" class=""btn btn-sm"" style=""background-color: #00926c; color: white; text-decoration: none; padding: 2px 8px; border-radius: 4px; font-size: 0.8em;"">View Post</a>",4,"gbooat",2025-05-24 12:19:58,5,0,0,2,0,"#weddingsituation #weddingstory #weddingstorytime #storywedding #storytimewedding #weddingguest #situationwedding #weddingvendor #weddinghumor #weddinglol #weddinglaugh #weddingplanning #weddingplanner #2023bride #2024bride #weddingtiktok #2025bride #2026bride"
"<a href=""https://www.tiktok.com/@xin20241035/video/7507985461726727470"" target=""_blank"" class=""btn btn-sm"" style=""background-color: #00926c; color: white; text-decoration: none; padding: 2px 8px; border-radius: 4px; font-size: 0.8em;"">View Post</a>",4,"xin20241035",2025-05-24 12:19:42,5,0,0,0,0,"#weddingsituation #weddingstory #weddingstorytime #storywedding #storytimewedding #weddingguest #situationwedding #weddingvendor #weddinghumor #weddinglol #weddinglaugh #weddingplanning #weddingplanner #2023bride #2024bride #weddingtiktok #2025bride #2026bride"
"<a href=""https://www.tiktok.com/@xin20241035/video/7507985424439151915"" target=""_blank"" class=""btn btn-sm"" style=""background-color: #00926c; color: white; text-decoration: none; padding: 2px 8px; border-radius: 4px; font-size: 0.8em;"">View Post</a>",4,"xin20241035",2025-05-24 12:19:40,5,0,0,4,0,"#weddingsituation #weddingstory #weddingstorytime #storywedding #storytimewedding #weddingguest #situationwedding #weddingvendor #weddinghumor #weddinglol #weddinglaugh #weddingplanning #weddingplanner #2023bride #2024bride #weddingtiktok #2025bride #2026bride"
"<a href=""https://www.tiktok.com/@xin20241035/video/7507984804504341806"" target=""_blank"" class=""btn btn-sm"" style=""background-color: #00926c; color: white; text-decoration: none; padding: 2px 8px; border-radius: 4px; font-size: 0.8em;"">View Post</a>",4,"xin20241035",2025-05-24 12:17:10,5,0,0,2,0,"#weddingsituation #weddingstory #weddingstorytime #storywedding #storytimewedding #weddingguest #situationwedding #weddingvendor #weddinghumor #weddinglol #weddinglaugh #weddingplanning #weddingplanner #2023bride #2024bride #weddingtiktok #2025bride #2026bride"
"<a href=""https://www.tiktok.com/@user8431021130445/video/7507976335810120990"" target=""_blank"" class=""btn btn-sm"" style=""background-color: #00926c; color: white; text-decoration: none; padding: 2px 8px; border-radius: 4px; font-size: 0.8em;"">View Post</a>",5,"user8431021130445",2025-05-24 11:43:44,5,0,0,2,0,"#weddingsituation #weddingstory #weddingstorytime #storywedding #storytimewedding #weddingguest #situationwedding #weddingvendor #weddinghumor #weddinglol #weddinglaugh #weddingplanning #weddingplanner #2023bride #2024bride #weddingtiktok #2025bride #2026bride"
"<a href=""https://www.tiktok.com/@user8431021130445/video/7507976259637497118"" target=""_blank"" class=""btn btn-sm"" style=""background-color: #00926c; color: white; text-decoration: none; padding: 2px 8px; border-radius: 4px; font-size: 0.8em;"">View Post</a>",5,"user8431021130445",2025-05-24 11:43:45,5,0,0,0,0,"#weddingsituation #weddingstory #weddingstorytime #storywedding #storytimewedding #weddingguest #situationwedding #weddingvendor #weddinghumor #weddinglol #weddinglaugh #weddingplanning #weddingplanner #2023bride #2024bride #weddingtiktok #2025bride #2026bride"
"<a href=""https://www.tiktok.com/@user8632343249071/video/7507976252607827231"" target=""_blank"" class=""btn btn-sm"" style=""background-color: #00926c; color: white; text-decoration: none; padding: 2px 8px; border-radius: 4px; font-size: 0.8em;"">View Post</a>",5,"user8632343249071",2025-05-24 11:43:42,5,0,0,0,0,"#weddingsituation #weddingstory #weddingstorytime #storywedding #storytimewedding #weddingguest #situationwedding #weddingvendor #weddinghumor #weddinglol #weddinglaugh #weddingplanning #weddingplanner #2023bride #2024bride #weddingtiktok #2025bride #2026bride"
"<a href=""https://www.tiktok.com/@user8632343249071/video/7507976214620015903"" target=""_blank"" class=""btn btn-sm"" style=""background-color: #00926c; color: white; text-decoration: none; padding: 2px 8px; border-radius: 4px; font-size: 0.8em;"">View Post</a>",5,"user8632343249071",2025-05-24 11:43:41,5,0,0,2,0,"#weddingsituation #weddingstory #weddingstorytime #storywedding #storytimewedding #weddingguest #situationwedding #weddingvendor #weddinghumor #weddinglol #weddinglaugh #weddingplanning #weddingplanner #2023bride #2024bride #weddingtiktok #2025bride #2026bride"
"<a href=""https://www.tiktok.com/@user8632343249071/video/7507976023795862814"" target=""_blank"" class=""btn btn-sm"" style=""background-color: #00926c; color: white; text-decoration: none; padding: 2px 8px; border-radius: 4px; font-size: 0.8em;"">View Post</a>",5,"user8632343249071",2025-05-24 11:42:28,5,0,0,1,0,"#weddingsituation #weddingstory #weddingstorytime #storywedding #storytimewedding #weddingguest #situationwedding #weddingvendor #weddinghumor #weddinglol #weddinglaugh #weddingplanning #weddingplanner #2023bride #2024bride #weddingtiktok #2025bride #2026bride"
"<a href=""https://www.tiktok.com/@user8431021130445/video/7507975919252851998"" target=""_blank"" class=""btn btn-sm"" style=""background-color: #00926c; color: white; text-decoration: none; padding: 2px 8px; border-radius: 4px; font-size: 0.8em;"">View Post</a>",5,"user8431021130445",2025-05-24 11:42:00,5,0,0,3,0,"#weddingsituation #weddingstory #weddingstorytime #storywedding #storytimewedding #weddingguest #situationwedding #weddingvendor #weddinghumor #weddinglol #weddinglaugh #weddingplanning #weddingplanner #2023bride #2024bride #weddingtiktok #2025bride #2026bride"
"<a href=""https://www.tiktok.com/@okgsisnssx/video/7507608197851516191"" target=""_blank"" class=""btn btn-sm"" style=""background-color: #00926c; color: white; text-decoration: none; padding: 2px 8px; border-radius: 4px; font-size: 0.8em;"">View Post</a>",3,"okgsisnssx",2025-05-23 11:54:38,5,0,0,1,0,"#weddingsituation #weddingstory #weddingstorytime #storywedding #storytimewedding #weddingguest #situationwedding #weddingvendor #weddinghumor #weddinglol #weddinglaugh #weddingplanning #weddingplanner #2023bride #2024bride #weddingtiktok #2025bride #2026bride"
"<a href=""https://www.tiktok.com/@okgsisnssx/video/7507608143304723743"" target=""_blank"" class=""btn btn-sm"" style=""background-color: #00926c; color: white; text-decoration: none; padding: 2px 8px; border-radius: 4px; font-size: 0.8em;"">View Post</a>",3,"okgsisnssx",2025-05-23 11:54:39,5,0,0,0,0,"#weddingsituation #weddingstory #weddingstorytime #storywedding #storytimewedding #weddingguest #situationwedding #weddingvendor #weddinghumor #weddinglol #weddinglaugh #weddingplanning #weddingplanner #2023bride #2024bride #weddingtiktok #2025bride #2026bride"
"<a href=""https://www.tiktok.com/@gksdtirevb/video/7507608034827488558"" target=""_blank"" class=""btn btn-sm"" style=""background-color: #00926c; color: white; text-decoration: none; padding: 2px 8px; border-radius: 4px; font-size: 0.8em;"">View Post</a>",3,"gksdtirevb",2025-05-23 11:55:14,5,0,0,1,0,"#weddingsituation #weddingstory #weddingstorytime #storywedding #storytimewedding #weddingguest #situationwedding #weddingvendor #weddinghumor #weddinglol #weddinglaugh #weddingplanning #weddingplanner #2023bride #2024bride #weddingtiktok #2025bride #2026bride"
"<a href=""https://www.tiktok.com/@gksdtirevb/video/7507607826450189610"" target=""_blank"" class=""btn btn-sm"" style=""background-color: #00926c; color: white; text-decoration: none; padding: 2px 8px; border-radius: 4px; font-size: 0.8em;"">View Post</a>",3,"gksdtirevb",2025-05-23 11:54:01,5,0,0,0,0,"#weddingsituation #weddingstory #weddingstorytime #storywedding #storytimewedding #weddingguest #situationwedding #weddingvendor #weddinghumor #weddinglol #weddinglaugh #weddingplanning #weddingplanner #2023bride #2024bride #weddingtiktok #2025bride #2026bride"
"<a href=""https://www.tiktok.com/@okgsisnssx/video/7507607725203803422"" target=""_blank"" class=""btn btn-sm"" style=""background-color: #00926c; color: white; text-decoration: none; padding: 2px 8px; border-radius: 4px; font-size: 0.8em;"">View Post</a>",3,"okgsisnssx",2025-05-23 11:53:03,5,0,0,0,0,"#weddingsituation #weddingstory #weddingstorytime #storywedding #storytimewedding #weddingguest #situationwedding #weddingvendor #weddinghumor #weddinglol #weddinglaugh #weddingplanning #weddingplanner #2023bride #2024bride #weddingtiktok #2025bride #2026bride"
"<a href=""https://www.tiktok.com/@yyfdtwhtod/video/7507607692555488558"" target=""_blank"" class=""btn btn-sm"" style=""background-color: #00926c; color: white; text-decoration: none; padding: 2px 8px; border-radius: 4px; font-size: 0.8em;"">View Post</a>",3,"yyfdtwhtod",2025-05-23 11:53:55,5,0,0,3,0,"#weddingsituation #weddingstory #weddingstorytime #storywedding #storytimewedding #weddingguest #situationwedding #weddingvendor #weddinghumor #weddinglol #weddinglaugh #weddingplanning #weddingplanner #2023bride #2024bride #weddingtiktok #2025bride #2026bride"
"<a href=""https://www.tiktok.com/@yyfdtwhtod/video/7507607674436209966"" target=""_blank"" class=""btn btn-sm"" style=""background-color: #00926c; color: white; text-decoration: none; padding: 2px 8px; border-radius: 4px; font-size: 0.8em;"">View Post</a>",3,"yyfdtwhtod",2025-05-23 11:53:57,5,0,0,1,0,"#weddingsituation #weddingstory #weddingstorytime #storywedding #storytimewedding #weddingguest #situationwedding #weddingvendor #weddinghumor #weddinglol #weddinglaugh #weddingplanning #weddingplanner #2023bride #2024bride #weddingtiktok #2025bride #2026bride"
"<a href=""https://www.tiktok.com/@yyfdtwhtod/video/7507607650188889390"" target=""_blank"" class=""btn btn-sm"" style=""background-color: #00926c; color: white; text-decoration: none; padding: 2px 8px; border-radius: 4px; font-size: 0.8em;"">View Post</a>",3,"yyfdtwhtod",2025-05-23 11:53:53,5,0,0,2,0,"#weddingsituation #weddingstory #weddingstorytime #storywedding #storytimewedding #weddingguest #situationwedding #weddingvendor #weddinghumor #weddinglol #weddinglaugh #weddingplanning #weddingplanner #2023bride #2024bride #weddingtiktok #2025bride #2026bride"
"<a href=""https://www.tiktok.com/@gksdtirevb/video/7507607613299821866"" target=""_blank"" class=""btn btn-sm"" style=""background-color: #00926c; color: white; text-decoration: none; padding: 2px 8px; border-radius: 4px; font-size: 0.8em;"">View Post</a>",3,"gksdtirevb",2025-05-23 11:53:23,5,0,0,1,0,"#weddingsituation #weddingstory #weddingstorytime #storywedding #storytimewedding #weddingguest #situationwedding #weddingvendor #weddinghumor #weddinglol #weddinglaugh #weddingplanning #weddingplanner #2023bride #2024bride #weddingtiktok #2025bride #2026bride"
"<a href=""https://www.tiktok.com/@user8632343249071/video/7507598043869416734"" target=""_blank"" class=""btn btn-sm"" style=""background-color: #00926c; color: white; text-decoration: none; padding: 2px 8px; border-radius: 4px; font-size: 0.8em;"">View Post</a>",5,"user8632343249071",2025-05-23 11:15:22,5,0,0,3,0,"#weddingsituation #weddingstory #weddingstorytime #storywedding #storytimewedding #weddingguest #situationwedding #weddingvendor #weddinghumor #weddinglol #weddinglaugh #weddingplanning #weddingplanner #2023bride #2024bride #weddingtiktok #2025bride #2026bride"
"<a href=""https://www.tiktok.com/@user8431021130445/video/7507597816324230430"" target=""_blank"" class=""btn btn-sm"" style=""background-color: #00926c; color: white; text-decoration: none; padding: 2px 8px; border-radius: 4px; font-size: 0.8em;"">View Post</a>",5,"user8431021130445",2025-05-23 11:14:35,5,0,0,0,0,"#weddingsituation #weddingstory #weddingstorytime #storywedding #storytimewedding #weddingguest #situationwedding #weddingvendor #weddinghumor #weddinglol #weddinglaugh #weddingplanning #weddingplanner #2023bride #2024bride #weddingtiktok #2025bride #2026bride"
"<a href=""https://www.tiktok.com/@user8431021130445/video/7507597537126354206"" target=""_blank"" class=""btn btn-sm"" style=""background-color: #00926c; color: white; text-decoration: none; padding: 2px 8px; border-radius: 4px; font-size: 0.8em;"">View Post</a>",5,"user8431021130445",2025-05-23 11:13:35,5,0,0,0,0,"#weddingsituation #weddingstory #weddingstorytime #storywedding #storytimewedding #weddingguest #situationwedding #weddingvendor #weddinghumor #weddinglol #weddinglaugh #weddingplanning #weddingplanner #2023bride #2024bride #weddingtiktok #2025bride #2026bride"
"<a href=""https://www.tiktok.com/@user8632343249071/video/7507597476614933790"" target=""_blank"" class=""btn btn-sm"" style=""background-color: #00926c; color: white; text-decoration: none; padding: 2px 8px; border-radius: 4px; font-size: 0.8em;"">View Post</a>",5,"user8632343249071",2025-05-23 11:13:18,5,0,0,2,0,"#weddingsituation #weddingstory #weddingstorytime #storywedding #storytimewedding #weddingguest #situationwedding #weddingvendor #weddinghumor #weddinglol #weddinglaugh #weddingplanning #weddingplanner #2023bride #2024bride #weddingtiktok #2025bride #2026bride"
"<a href=""https://www.tiktok.com/@user8431021130445/video/7507596520108215582"" target=""_blank"" class=""btn btn-sm"" style=""background-color: #00926c; color: white; text-decoration: none; padding: 2px 8px; border-radius: 4px; font-size: 0.8em;"">View Post</a>",5,"user8431021130445",2025-05-23 11:09:46,5,0,0,3,0,"#weddingsituation #weddingstory #weddingstorytime #storywedding #storytimewedding #weddingguest #situationwedding #weddingvendor #weddinghumor #weddinglol #weddinglaugh #weddingplanning #weddingplanner #2023bride #2024bride #weddingtiktok #2025bride #2026bride"
"<a href=""https://www.tiktok.com/@user8632343249071/video/7507596169720171807"" target=""_blank"" class=""btn btn-sm"" style=""background-color: #00926c; color: white; text-decoration: none; padding: 2px 8px; border-radius: 4px; font-size: 0.8em;"">View Post</a>",5,"user8632343249071",2025-05-23 11:08:21,5,0,0,2,0,"#weddingsituation #weddingstory #weddingstorytime #storywedding #storytimewedding #weddingguest #situationwedding #weddingvendor #weddinghumor #weddinglol #weddinglaugh #weddingplanning #weddingplanner #2023bride #2024bride #weddingtiktok #2025bride #2026bride"
"<a href=""https://www.tiktok.com/@gbooat/video/7507593588092472606"" target=""_blank"" class=""btn btn-sm"" style=""background-color: #00926c; color: white; text-decoration: none; padding: 2px 8px; border-radius: 4px; font-size: 0.8em;"">View Post</a>",4,"gbooat",2025-05-23 10:58:20,5,0,0,1,0,"#weddingsituation #weddingstory #weddingstorytime #storywedding #storytimewedding #weddingguest #situationwedding #weddingvendor #weddinghumor #weddinglol #weddinglaugh #weddingplanning #weddingplanner #2023bride #2024bride #weddingtiktok #2025bride #2026bride"
"<a href=""https://www.tiktok.com/@yydszdzqa/video/7507593445444259103"" target=""_blank"" class=""btn btn-sm"" style=""background-color: #00926c; color: white; text-decoration: none; padding: 2px 8px; border-radius: 4px; font-size: 0.8em;"">View Post</a>",4,"yydszdzqa",2025-05-23 10:57:56,5,0,0,0,0,"#weddingsituation #weddingstory #weddingstorytime #storywedding #storytimewedding #weddingguest #situationwedding #weddingvendor #weddinghumor #weddinglol #weddinglaugh #weddingplanning #weddingplanner #2023bride #2024bride #weddingtiktok #2025bride #2026bride"
"<a href=""https://www.tiktok.com/@xin20241035/video/7507592905754823978"" target=""_blank"" class=""btn btn-sm"" style=""background-color: #00926c; color: white; text-decoration: none; padding: 2px 8px; border-radius: 4px; font-size: 0.8em;"">View Post</a>",4,"xin20241035",2025-05-23 10:56:55,5,0,0,2,0,"#weddingsituation #weddingstory #weddingstorytime #storywedding #storytimewedding #weddingguest #situationwedding #weddingvendor #weddinghumor #weddinglol #weddinglaugh #weddingplanning #weddingplanner #2023bride #2024bride #weddingtiktok #2025bride #2026bride"
"<a href=""https://www.tiktok.com/@gbooat/video/7507592231457410335"" target=""_blank"" class=""btn btn-sm"" style=""background-color: #00926c; color: white; text-decoration: none; padding: 2px 8px; border-radius: 4px; font-size: 0.8em;"">View Post</a>",4,"gbooat",2025-05-23 10:53:02,5,0,0,0,0,"#weddingsituation #weddingstory #weddingstorytime #storywedding #storytimewedding #weddingguest #situationwedding #weddingvendor #weddinghumor #weddinglol #weddinglaugh #weddingplanning #weddingplanner #2023bride #2024bride #weddingtiktok #2025bride #2026bride"
"<a href=""https://www.tiktok.com/@yydszdzqa/video/7507592206719421727"" target=""_blank"" class=""btn btn-sm"" style=""background-color: #00926c; color: white; text-decoration: none; padding: 2px 8px; border-radius: 4px; font-size: 0.8em;"">View Post</a>",4,"yydszdzqa",2025-05-23 10:52:55,5,0,0,0,0,"#weddingsituation #weddingstory #weddingstorytime #storywedding #storytimewedding #weddingguest #situationwedding #weddingvendor #weddinghumor #weddinglol #weddinglaugh #weddingplanning #weddingplanner #2023bride #2024bride #weddingtiktok #2025bride #2026bride"
"<a href=""https://www.tiktok.com/@xin20241035/video/7507591689016642862"" target=""_blank"" class=""btn btn-sm"" style=""background-color: #00926c; color: white; text-decoration: none; padding: 2px 8px; border-radius: 4px; font-size: 0.8em;"">View Post</a>",4,"xin20241035",2025-05-23 10:52:37,5,0,0,2,0,"#weddingsituation #weddingstory #weddingstorytime #storywedding #storytimewedding #weddingguest #situationwedding #weddingvendor #weddinghumor #weddinglol #weddinglaugh #weddingplanning #weddingplanner #2023bride #2024bride #weddingtiktok #2025bride #2026bride"
"<a href=""https://www.tiktok.com/@yydszdzqa/video/7507590772942753054"" target=""_blank"" class=""btn btn-sm"" style=""background-color: #00926c; color: white; text-decoration: none; padding: 2px 8px; border-radius: 4px; font-size: 0.8em;"">View Post</a>",4,"yydszdzqa",2025-05-23 10:47:33,5,0,0,2,0,"#weddingsituation #weddingstory #weddingstorytime #storywedding #storytimewedding #weddingguest #situationwedding #weddingvendor #weddinghumor #weddinglol #weddinglaugh #weddingplanning #weddingplanner #2023bride #2024bride #weddingtiktok #2025bride #2026bride"
"<a href=""https://www.tiktok.com/@gbooat/video/7507590749114879263"" target=""_blank"" class=""btn btn-sm"" style=""background-color: #00926c; color: white; text-decoration: none; padding: 2px 8px; border-radius: 4px; font-size: 0.8em;"">View Post</a>",4,"gbooat",2025-05-23 10:47:18,5,0,0,1,0,"#weddingsituation #weddingstory #weddingstorytime #storywedding #storytimewedding #weddingguest #situationwedding #weddingvendor #weddinghumor #weddinglol #weddinglaugh #weddingplanning #weddingplanner #2023bride #2024bride #weddingtiktok #2025bride #2026bride"
"<a href=""https://www.tiktok.com/@xin20241035/video/7507589942017838382"" target=""_blank"" class=""btn btn-sm"" style=""background-color: #00926c; color: white; text-decoration: none; padding: 2px 8px; border-radius: 4px; font-size: 0.8em;"">View Post</a>",4,"xin20241035",2025-05-23 10:45:11,5,0,0,4,0,"#weddingsituation #weddingstory #weddingstorytime #storywedding #storytimewedding #weddingguest #situationwedding #weddingvendor #weddinghumor #weddinglol #weddinglaugh #weddingplanning #weddingplanner #2023bride #2024bride #weddingtiktok #2025bride #2026bride"
"<a href=""https://www.tiktok.com/@okgsisnssx/video/7506893124162030878"" target=""_blank"" class=""btn btn-sm"" style=""background-color: #00926c; color: white; text-decoration: none; padding: 2px 8px; border-radius: 4px; font-size: 0.8em;"">View Post</a>",3,"okgsisnssx",2025-05-21 13:39:28,5,0,0,2,0,"#weddingsituation #weddingstory #weddingstorytime #storywedding #storytimewedding #weddingguest #situationwedding #weddingvendor #weddinghumor #weddinglol #weddinglaugh #weddingplanning #weddingplanner #2023bride #2024bride #weddingtiktok #2025bride #2026bride"
"<a href=""https://www.tiktok.com/@yyfdtwhtod/video/7506892762399214894"" target=""_blank"" class=""btn btn-sm"" style=""background-color: #00926c; color: white; text-decoration: none; padding: 2px 8px; border-radius: 4px; font-size: 0.8em;"">View Post</a>",3,"yyfdtwhtod",2025-05-21 13:38:07,5,0,0,1,0,"#weddingsituation #weddingstory #weddingstorytime #storywedding #storytimewedding #weddingguest #situationwedding #weddingvendor #weddinghumor #weddinglol #weddinglaugh #weddingplanning #weddingplanner #2023bride #2024bride #weddingtiktok #2025bride #2026bride"
"<a href=""https://www.tiktok.com/@yyfdtwhtod/video/7506892757361855790"" target=""_blank"" class=""btn btn-sm"" style=""background-color: #00926c; color: white; text-decoration: none; padding: 2px 8px; border-radius: 4px; font-size: 0.8em;"">View Post</a>",3,"yyfdtwhtod",2025-05-21 13:38:09,5,0,0,0,0,"#weddingsituation #weddingstory #weddingstorytime #storywedding #storytimewedding #weddingguest #situationwedding #weddingvendor #weddinghumor #weddinglol #weddinglaugh #weddingplanning #weddingplanner #2023bride #2024bride #weddingtiktok #2025bride #2026bride"
"<a href=""https://www.tiktok.com/@okgsisnssx/video/7506892634632326431"" target=""_blank"" class=""btn btn-sm"" style=""background-color: #00926c; color: white; text-decoration: none; padding: 2px 8px; border-radius: 4px; font-size: 0.8em;"">View Post</a>",3,"okgsisnssx",2025-05-21 13:37:39,5,0,0,1,0,"#weddingsituation #weddingstory #weddingstorytime #storywedding #storytimewedding #weddingguest #situationwedding #weddingvendor #weddinghumor #weddinglol #weddinglaugh #weddingplanning #weddingplanner #2023bride #2024bride #weddingtiktok #2025bride #2026bride"
"<a href=""https://www.tiktok.com/@yyfdtwhtod/video/7506892611446148394"" target=""_blank"" class=""btn btn-sm"" style=""background-color: #00926c; color: white; text-decoration: none; padding: 2px 8px; border-radius: 4px; font-size: 0.8em;"">View Post</a>",3,"yyfdtwhtod",2025-05-21 13:37:36,5,0,0,0,0,"#weddingsituation #weddingstory #weddingstorytime #storywedding #storytimewedding #weddingguest #situationwedding #weddingvendor #weddinghumor #weddinglol #weddinglaugh #weddingplanning #weddingplanner #2023bride #2024bride #weddingtiktok #2025bride #2026bride"
"<a href=""https://www.tiktok.com/@okgsisnssx/video/7506892424384466207"" target=""_blank"" class=""btn btn-sm"" style=""background-color: #00926c; color: white; text-decoration: none; padding: 2px 8px; border-radius: 4px; font-size: 0.8em;"">View Post</a>",3,"okgsisnssx",2025-05-21 13:36:45,5,0,0,0,0,"#weddingsituation #weddingstory #weddingstorytime #storywedding #storytimewedding #weddingguest #situationwedding #weddingvendor #weddinghumor #weddinglol #weddinglaugh #weddingplanning #weddingplanner #2023bride #2024bride #weddingtiktok #2025bride #2026bride"
"<a href=""https://www.tiktok.com/@gbooat/video/7506886566787190047"" target=""_blank"" class=""btn btn-sm"" style=""background-color: #00926c; color: white; text-decoration: none; padding: 2px 8px; border-radius: 4px; font-size: 0.8em;"">View Post</a>",4,"gbooat",2025-05-21 13:14:02,5,0,0,1,0,"#weddingsituation #weddingstory #weddingstorytime #storywedding #storytimewedding #weddingguest #situationwedding #weddingvendor #weddinghumor #weddinglol #weddinglaugh #weddingplanning #weddingplanner #2023bride #2024bride #weddingtiktok #2025bride #2026bride"
"<a href=""https://www.tiktok.com/@gbooat/video/7506886330039684382"" target=""_blank"" class=""btn btn-sm"" style=""background-color: #00926c; color: white; text-decoration: none; padding: 2px 8px; border-radius: 4px; font-size: 0.8em;"">View Post</a>",4,"gbooat",2025-05-21 13:13:07,5,0,0,1,0,"#weddingsituation #weddingstory #weddingstorytime #storywedding #storytimewedding #weddingguest #situationwedding #weddingvendor #weddinghumor #weddinglol #weddinglaugh #weddingplanning #weddingplanner #2023bride #2024bride #weddingtiktok #2025bride #2026bride"
"<a href=""https://www.tiktok.com/@yydszdzqa/video/7506886126716718367"" target=""_blank"" class=""btn btn-sm"" style=""background-color: #00926c; color: white; text-decoration: none; padding: 2px 8px; border-radius: 4px; font-size: 0.8em;"">View Post</a>",4,"yydszdzqa",2025-05-21 13:12:25,5,0,0,1,0,"#weddingsituation #weddingstory #weddingstorytime #storywedding #storytimewedding #weddingguest #situationwedding #weddingvendor #weddinghumor #weddinglol #weddinglaugh #weddingplanning #weddingplanner #2023bride #2024bride #weddingtiktok #2025bride #2026bride"
"<a href=""https://www.tiktok.com/@yydszdzqa/video/7506886116574858527"" target=""_blank"" class=""btn btn-sm"" style=""background-color: #00926c; color: white; text-decoration: none; padding: 2px 8px; border-radius: 4px; font-size: 0.8em;"">View Post</a>",4,"yydszdzqa",2025-05-21 13:12:22,5,0,0,0,0,"#weddingsituation #weddingstory #weddingstorytime #storywedding #storytimewedding #weddingguest #situationwedding #weddingvendor #weddinghumor #weddinglol #weddinglaugh #weddingplanning #weddingplanner #2023bride #2024bride #weddingtiktok #2025bride #2026bride"
"<a href=""https://www.tiktok.com/@gbooat/video/7506886043149274399"" target=""_blank"" class=""btn btn-sm"" style=""background-color: #00926c; color: white; text-decoration: none; padding: 2px 8px; border-radius: 4px; font-size: 0.8em;"">View Post</a>",4,"gbooat",2025-05-21 13:11:59,5,0,0,0,0,"#weddingsituation #weddingstory #weddingstorytime #storywedding #storytimewedding #weddingguest #situationwedding #weddingvendor #weddinghumor #weddinglol #weddinglaugh #weddingplanning #weddingplanner #2023bride #2024bride #weddingtiktok #2025bride #2026bride"
"<a href=""https://www.tiktok.com/@yydszdzqa/video/7506886016146410782"" target=""_blank"" class=""btn btn-sm"" style=""background-color: #00926c; color: white; text-decoration: none; padding: 2px 8px; border-radius: 4px; font-size: 0.8em;"">View Post</a>",4,"yydszdzqa",2025-05-21 13:11:58,5,0,0,5,0,"#weddingsituation #weddingstory #weddingstorytime #storywedding #storytimewedding #weddingguest #situationwedding #weddingvendor #weddinghumor #weddinglol #weddinglaugh #weddingplanning #weddingplanner #2023bride #2024bride #weddingtiktok #2025bride #2026bride"
"<a href=""https://www.tiktok.com/@user8431021130445/video/7506883099465223455"" target=""_blank"" class=""btn btn-sm"" style=""background-color: #00926c; color: white; text-decoration: none; padding: 2px 8px; border-radius: 4px; font-size: 0.8em;"">View Post</a>",5,"user8431021130445",2025-05-21 13:00:40,5,0,0,4,0,"#weddingsituation #weddingstory #weddingstorytime #storywedding #storytimewedding #weddingguest #situationwedding #weddingvendor #weddinghumor #weddinglol #weddinglaugh #weddingplanning #weddingplanner #2023bride #2024bride #weddingtiktok #2025bride #2026bride"
"<a href=""https://www.tiktok.com/@user8431021130445/video/7506883046419729694"" target=""_blank"" class=""btn btn-sm"" style=""background-color: #00926c; color: white; text-decoration: none; padding: 2px 8px; border-radius: 4px; font-size: 0.8em;"">View Post</a>",5,"user8431021130445",2025-05-21 13:00:24,5,0,0,0,0,"#weddingsituation #weddingstory #weddingstorytime #storywedding #storytimewedding #weddingguest #situationwedding #weddingvendor #weddinghumor #weddinglol #weddinglaugh #weddingplanning #weddingplanner #2023bride #2024bride #weddingtiktok #2025bride #2026bride"
"<a href=""https://www.tiktok.com/@user8632343249071/video/7506883042993081631"" target=""_blank"" class=""btn btn-sm"" style=""background-color: #00926c; color: white; text-decoration: none; padding: 2px 8px; border-radius: 4px; font-size: 0.8em;"">View Post</a>",5,"user8632343249071",2025-05-21 13:00:24,5,0,0,1,0,"#weddingsituation #weddingstory #weddingstorytime #storywedding #storytimewedding #weddingguest #situationwedding #weddingvendor #weddinghumor #weddinglol #weddinglaugh #weddingplanning #weddingplanner #2023bride #2024bride #weddingtiktok #2025bride #2026bride"
"<a href=""https://www.tiktok.com/@user8431021130445/video/7506882801535307039"" target=""_blank"" class=""btn btn-sm"" style=""background-color: #00926c; color: white; text-decoration: none; padding: 2px 8px; border-radius: 4px; font-size: 0.8em;"">View Post</a>",5,"user8431021130445",2025-05-21 12:59:25,5,0,0,0,0,"#weddingsituation #weddingstory #weddingstorytime #storywedding #storytimewedding #weddingguest #situationwedding #weddingvendor #weddinghumor #weddinglol #weddinglaugh #weddingplanning #weddingplanner #2023bride #2024bride #weddingtiktok #2025bride #2026bride"
"<a href=""https://www.tiktok.com/@user8632343249071/video/7506882787635465503"" target=""_blank"" class=""btn btn-sm"" style=""background-color: #00926c; color: white; text-decoration: none; padding: 2px 8px; border-radius: 4px; font-size: 0.8em;"">View Post</a>",5,"user8632343249071",2025-05-21 12:59:26,5,0,0,0,0,"#weddingsituation #weddingstory #weddingstorytime #storywedding #storytimewedding #weddingguest #situationwedding #weddingvendor #weddinghumor #weddinglol #weddinglaugh #weddingplanning #weddingplanner #2023bride #2024bride #weddingtiktok #2025bride #2026bride"
"<a href=""https://www.tiktok.com/@user8632343249071/video/7506882787513797919"" target=""_blank"" class=""btn btn-sm"" style=""background-color: #00926c; color: white; text-decoration: none; padding: 2px 8px; border-radius: 4px; font-size: 0.8em;"">View Post</a>",5,"user8632343249071",2025-05-21 12:59:24,5,0,0,0,0,"#weddingsituation #weddingstory #weddingstorytime #storywedding #storytimewedding #weddingguest #situationwedding #weddingvendor #weddinghumor #weddinglol #weddinglaugh #weddingplanning #weddingplanner #2023bride #2024bride #weddingtiktok #2025bride #2026bride"
"<a href=""https://www.tiktok.com/@yyfdtwhtod/video/7506507399935593771"" target=""_blank"" class=""btn btn-sm"" style=""background-color: #00926c; color: white; text-decoration: none; padding: 2px 8px; border-radius: 4px; font-size: 0.8em;"">View Post</a>",3,"yyfdtwhtod",2025-05-20 12:44:06,5,0,0,1,0,"#weddingsituation #weddingstory #weddingstorytime #storywedding #storytimewedding #weddingguest #situationwedding #weddingvendor #weddinghumor #weddinglol #weddinglaugh #weddingplanning #weddingplanner #2023bride #2024bride #weddingtiktok #2025bride #2026bride"
"<a href=""https://www.tiktok.com/@yyfdtwhtod/video/7506507142900370730"" target=""_blank"" class=""btn btn-sm"" style=""background-color: #00926c; color: white; text-decoration: none; padding: 2px 8px; border-radius: 4px; font-size: 0.8em;"">View Post</a>",3,"yyfdtwhtod",2025-05-20 12:43:04,5,0,0,2,0,"#weddingsituation #weddingstory #weddingstorytime #storywedding #storytimewedding #weddingguest #situationwedding #weddingvendor #weddinghumor #weddinglol #weddinglaugh #weddingplanning #weddingplanner #2023bride #2024bride #weddingtiktok #2025bride #2026bride"
"<a href=""https://www.tiktok.com/@okgsisnssx/video/7506506594004274463"" target=""_blank"" class=""btn btn-sm"" style=""background-color: #00926c; color: white; text-decoration: none; padding: 2px 8px; border-radius: 4px; font-size: 0.8em;"">View Post</a>",3,"okgsisnssx",2025-05-20 12:40:05,5,0,0,0,0,"#weddingsituation #weddingstory #weddingstorytime #storywedding #storytimewedding #weddingguest #situationwedding #weddingvendor #weddinghumor #weddinglol #weddinglaugh #weddingplanning #weddingplanner #2023bride #2024bride #weddingtiktok #2025bride #2026bride"
"<a href=""https://www.tiktok.com/@okgsisnssx/video/7506505865717927199"" target=""_blank"" class=""btn btn-sm"" style=""background-color: #00926c; color: white; text-decoration: none; padding: 2px 8px; border-radius: 4px; font-size: 0.8em;"">View Post</a>",3,"okgsisnssx",2025-05-20 12:37:10,5,0,0,0,0,"#weddingsituation #weddingstory #weddingstorytime #storywedding #storytimewedding #weddingguest #situationwedding #weddingvendor #weddinghumor #weddinglol #weddinglaugh #weddingplanning #weddingplanner #2023bride #2024bride #weddingtiktok #2025bride #2026bride"
"<a href=""https://www.tiktok.com/@okgsisnssx/video/7506504589051530527"" target=""_blank"" class=""btn btn-sm"" style=""background-color: #00926c; color: white; text-decoration: none; padding: 2px 8px; border-radius: 4px; font-size: 0.8em;"">View Post</a>",3,"okgsisnssx",2025-05-20 12:32:09,5,0,0,1,0,"#weddingsituation #weddingstory #weddingstorytime #storywedding #storytimewedding #weddingguest #situationwedding #weddingvendor #weddinghumor #weddinglol #weddinglaugh #weddingplanning #weddingplanner #2023bride #2024bride #weddingtiktok #2025bride #2026bride"
"<a href=""https://www.tiktok.com/@yyfdtwhtod/video/7506504431232519470"" target=""_blank"" class=""btn btn-sm"" style=""background-color: #00926c; color: white; text-decoration: none; padding: 2px 8px; border-radius: 4px; font-size: 0.8em;"">View Post</a>",3,"yyfdtwhtod",2025-05-20 12:31:52,5,0,0,1,0,"#weddingsituation #weddingstory #weddingstorytime #storywedding #storytimewedding #weddingguest #situationwedding #weddingvendor #weddinghumor #weddinglol #weddinglaugh #weddingplanning #weddingplanner #2023bride #2024bride #weddingtiktok #2025bride #2026bride"
"<a href=""https://www.tiktok.com/@user8632343249071/video/7506502440838040863"" target=""_blank"" class=""btn btn-sm"" style=""background-color: #00926c; color: white; text-decoration: none; padding: 2px 8px; border-radius: 4px; font-size: 0.8em;"">View Post</a>",5,"user8632343249071",2025-05-20 12:23:56,5,0,0,1,0,"#weddingsituation #weddingstory #weddingstorytime #storywedding #storytimewedding #weddingguest #situationwedding #weddingvendor #weddinghumor #weddinglol #weddinglaugh #weddingplanning #weddingplanner #2023bride #2024bride #weddingtiktok #2025bride #2026bride"
"<a href=""https://www.tiktok.com/@user8431021130445/video/7506502313415052575"" target=""_blank"" class=""btn btn-sm"" style=""background-color: #00926c; color: white; text-decoration: none; padding: 2px 8px; border-radius: 4px; font-size: 0.8em;"">View Post</a>",5,"user8431021130445",2025-05-20 12:23:18,5,0,0,0,0,"#weddingsituation #weddingstory #weddingstorytime #storywedding #storytimewedding #weddingguest #situationwedding #weddingvendor #weddinghumor #weddinglol #weddinglaugh #weddingplanning #weddingplanner #2023bride #2024bride #weddingtiktok #2025bride #2026bride"
"<a href=""https://www.tiktok.com/@gbooat/video/7506501765190225183"" target=""_blank"" class=""btn btn-sm"" style=""background-color: #00926c; color: white; text-decoration: none; padding: 2px 8px; border-radius: 4px; font-size: 0.8em;"">View Post</a>",4,"gbooat",2025-05-20 12:21:15,5,0,0,1,0,"#weddingsituation #weddingstory #weddingstorytime #storywedding #storytimewedding #weddingguest #situationwedding #weddingvendor #weddinghumor #weddinglol #weddinglaugh #weddingplanning #weddingplanner #2023bride #2024bride #weddingtiktok #2025bride #2026bride"
"<a href=""https://www.tiktok.com/@user8431021130445/video/7506501763923561758"" target=""_blank"" class=""btn btn-sm"" style=""background-color: #00926c; color: white; text-decoration: none; padding: 2px 8px; border-radius: 4px; font-size: 0.8em;"">View Post</a>",5,"user8431021130445",2025-05-20 12:21:24,5,0,0,0,0,"#weddingsituation #weddingstory #weddingstorytime #storywedding #storytimewedding #weddingguest #situationwedding #weddingvendor #weddinghumor #weddinglol #weddinglaugh #weddingplanning #weddingplanner #2023bride #2024bride #weddingtiktok #2025bride #2026bride"
"<a href=""https://www.tiktok.com/@yydszdzqa/video/7506501755681639710"" target=""_blank"" class=""btn btn-sm"" style=""background-color: #00926c; color: white; text-decoration: none; padding: 2px 8px; border-radius: 4px; font-size: 0.8em;"">View Post</a>",4,"yydszdzqa",2025-05-20 12:21:10,5,0,0,2,0,"#weddingsituation #weddingstory #weddingstorytime #storywedding #storytimewedding #weddingguest #situationwedding #weddingvendor #weddinghumor #weddinglol #weddinglaugh #weddingplanning #weddingplanner #2023bride #2024bride #weddingtiktok #2025bride #2026bride"
"<a href=""https://www.tiktok.com/@xin20241035/video/7506501581844581675"" target=""_blank"" class=""btn btn-sm"" style=""background-color: #00926c; color: white; text-decoration: none; padding: 2px 8px; border-radius: 4px; font-size: 0.8em;"">View Post</a>",4,"xin20241035",2025-05-20 12:21:17,5,0,0,2,0,"#weddingsituation #weddingstory #weddingstorytime #storywedding #storytimewedding #weddingguest #situationwedding #weddingvendor #weddinghumor #weddinglol #weddinglaugh #weddingplanning #weddingplanner #2023bride #2024bride #weddingtiktok #2025bride #2026bride"
"<a href=""https://www.tiktok.com/@user8632343249071/video/7506501410268187934"" target=""_blank"" class=""btn btn-sm"" style=""background-color: #00926c; color: white; text-decoration: none; padding: 2px 8px; border-radius: 4px; font-size: 0.8em;"">View Post</a>",5,"user8632343249071",2025-05-20 12:19:56,5,0,0,3,0,"#weddingsituation #weddingstory #weddingstorytime #storywedding #storytimewedding #weddingguest #situationwedding #weddingvendor #weddinghumor #weddinglol #weddinglaugh #weddingplanning #weddingplanner #2023bride #2024bride #weddingtiktok #2025bride #2026bride"
"<a href=""https://www.tiktok.com/@gbooat/video/7506501013961018654"" target=""_blank"" class=""btn btn-sm"" style=""background-color: #00926c; color: white; text-decoration: none; padding: 2px 8px; border-radius: 4px; font-size: 0.8em;"">View Post</a>",4,"gbooat",2025-05-20 12:18:29,5,0,0,2,0,"#weddingsituation #weddingstory #weddingstorytime #storywedding #storytimewedding #weddingguest #situationwedding #weddingvendor #weddinghumor #weddinglol #weddinglaugh #weddingplanning #weddingplanner #2023bride #2024bride #weddingtiktok #2025bride #2026bride"
"<a href=""https://www.tiktok.com/@user8632343249071/video/7506500939210165535"" target=""_blank"" class=""btn btn-sm"" style=""background-color: #00926c; color: white; text-decoration: none; padding: 2px 8px; border-radius: 4px; font-size: 0.8em;"">View Post</a>",5,"user8632343249071",2025-05-20 12:18:10,5,0,0,0,0,"#weddingsituation #weddingstory #weddingstorytime #storywedding #storytimewedding #weddingguest #situationwedding #weddingvendor #weddinghumor #weddinglol #weddinglaugh #weddingplanning #weddingplanner #2023bride #2024bride #weddingtiktok #2025bride #2026bride"
"<a href=""https://www.tiktok.com/@yydszdzqa/video/7506500555242622238"" target=""_blank"" class=""btn btn-sm"" style=""background-color: #00926c; color: white; text-decoration: none; padding: 2px 8px; border-radius: 4px; font-size: 0.8em;"">View Post</a>",4,"yydszdzqa",2025-05-20 12:16:43,5,0,0,0,0,"#weddingsituation #weddingstory #weddingstorytime #storywedding #storytimewedding #weddingguest #situationwedding #weddingvendor #weddinghumor #weddinglol #weddinglaugh #weddingplanning #weddingplanner #2023bride #2024bride #weddingtiktok #2025bride #2026bride"
"<a href=""https://www.tiktok.com/@user8431021130445/video/7506500502146829599"" target=""_blank"" class=""btn btn-sm"" style=""background-color: #00926c; color: white; text-decoration: none; padding: 2px 8px; border-radius: 4px; font-size: 0.8em;"">View Post</a>",5,"user8431021130445",2025-05-20 12:16:18,5,0,0,5,0,"#weddingsituation #weddingstory #weddingstorytime #storywedding #storytimewedding #weddingguest #situationwedding #weddingvendor #weddinghumor #weddinglol #weddinglaugh #weddingplanning #weddingplanner #2023bride #2024bride #weddingtiktok #2025bride #2026bride"
"<a href=""https://www.tiktok.com/@xin20241035/video/7506500065066896686"" target=""_blank"" class=""btn btn-sm"" style=""background-color: #00926c; color: white; text-decoration: none; padding: 2px 8px; border-radius: 4px; font-size: 0.8em;"">View Post</a>",4,"xin20241035",2025-05-20 12:15:26,5,0,0,0,0,"#weddingsituation #weddingstory #weddingstorytime #storywedding #storytimewedding #weddingguest #situationwedding #weddingvendor #weddinghumor #weddinglol #weddinglaugh #weddingplanning #weddingplanner #2023bride #2024bride #weddingtiktok #2025bride #2026bride"
"<a href=""https://www.tiktok.com/@gbooat/video/7506499003538836766"" target=""_blank"" class=""btn btn-sm"" style=""background-color: #00926c; color: white; text-decoration: none; padding: 2px 8px; border-radius: 4px; font-size: 0.8em;"">View Post</a>",4,"gbooat",2025-05-20 12:10:41,5,0,0,1,0,"#weddingsituation #weddingstory #weddingstorytime #storywedding #storytimewedding #weddingguest #situationwedding #weddingvendor #weddinghumor #weddinglol #weddinglaugh #weddingplanning #weddingplanner #2023bride #2024bride #weddingtiktok #2025bride #2026bride"
"<a href=""https://www.tiktok.com/@yydszdzqa/video/7506498961599909151"" target=""_blank"" class=""btn btn-sm"" style=""background-color: #00926c; color: white; text-decoration: none; padding: 2px 8px; border-radius: 4px; font-size: 0.8em;"">View Post</a>",4,"yydszdzqa",2025-05-20 12:10:19,5,0,0,2,0,"#weddingsituation #weddingstory #weddingstorytime #storywedding #storytimewedding #weddingguest #situationwedding #weddingvendor #weddinghumor #weddinglol #weddinglaugh #weddingplanning #weddingplanner #2023bride #2024bride #weddingtiktok #2025bride #2026bride"
"<a href=""https://www.tiktok.com/@xin20241035/video/7506498908235877678"" target=""_blank"" class=""btn btn-sm"" style=""background-color: #00926c; color: white; text-decoration: none; padding: 2px 8px; border-radius: 4px; font-size: 0.8em;"">View Post</a>",4,"xin20241035",2025-05-20 12:10:46,5,0,0,1,0,"#weddingsituation #weddingstory #weddingstorytime #storywedding #storytimewedding #weddingguest #situationwedding #weddingvendor #weddinghumor #weddinglol #weddinglaugh #weddingplanning #weddingplanner #2023bride #2024bride #weddingtiktok #2025bride #2026bride"
"<a href=""https://www.tiktok.com/@md.junaid.ahmed539/video/7508160577215155463"" target=""_blank"" class=""btn btn-sm"" style=""background-color: #00926c; color: white; text-decoration: none; padding: 2px 8px; border-radius: 4px; font-size: 0.8em;"">View Post</a>",1,"md.junaid.ahmed539",2025-05-24 23:37:50,1,128865,38699,2629,5659,"#ইসলামিক_ভিডিও_🤲🕋🤲 "
"<a href=""https://www.tiktok.com/@ahmed_siam74/video/7508160170887843079"" target=""_blank"" class=""btn btn-sm"" style=""background-color: #00926c; color: white; text-decoration: none; padding: 2px 8px; border-radius: 4px; font-size: 0.8em;"">View Post</a>",1,"ahmed_siam74",2025-05-24 23:36:15,1,121,18,0,0,"#ইসলামিক_ভিডিও_🤲🕋🤲 "
"<a href=""https://www.tiktok.com/@ahmed_siam74/video/7508160129959742728"" target=""_blank"" class=""btn btn-sm"" style=""background-color: #00926c; color: white; text-decoration: none; padding: 2px 8px; border-radius: 4px; font-size: 0.8em;"">View Post</a>",1,"ahmed_siam74",2025-05-24 23:36:08,1,149,30,2,0,"#ইসলামিক_ভিডিও_🤲🕋🤲 "
"<a href=""https://www.tiktok.com/@ahmed_siam74/video/7508159138006961426"" target=""_blank"" class=""btn btn-sm"" style=""background-color: #00926c; color: white; text-decoration: none; padding: 2px 8px; border-radius: 4px; font-size: 0.8em;"">View Post</a>",1,"ahmed_siam74",2025-05-24 23:32:15,1,186,45,3,0,"#ইসলামিক_ভিডিও_🤲🕋🤲 "
"<a href=""https://www.tiktok.com/@ahmed_siam74/video/7508158594429373704"" target=""_blank"" class=""btn btn-sm"" style=""background-color: #00926c; color: white; text-decoration: none; padding: 2px 8px; border-radius: 4px; font-size: 0.8em;"">View Post</a>",1,"ahmed_siam74",2025-05-24 23:30:07,1,112,28,0,0,"#ইসলামিক_ভিডিও_🤲🕋🤲 "
"<a href=""https://www.tiktok.com/@ahmed_siam74/video/7508156761073782023"" target=""_blank"" class=""btn btn-sm"" style=""background-color: #00926c; color: white; text-decoration: none; padding: 2px 8px; border-radius: 4px; font-size: 0.8em;"">View Post</a>",1,"ahmed_siam74",2025-05-24 23:23:00,1,378,80,8,0,"#ইসলামিক_ভিডিও_🤲🕋🤲 "
"<a href=""https://www.tiktok.com/@ahmed_siam74/video/7508156372425411858"" target=""_blank"" class=""btn btn-sm"" style=""background-color: #00926c; color: white; text-decoration: none; padding: 2px 8px; border-radius: 4px; font-size: 0.8em;"">View Post</a>",1,"ahmed_siam74",2025-05-24 23:21:32,1,130,21,1,0,"#ইসলামিক_ভিডিও_🤲🕋🤲 "
"<a href=""https://www.tiktok.com/@ahmed_siam74/video/7508154542551305490"" target=""_blank"" class=""btn btn-sm"" style=""background-color: #00926c; color: white; text-decoration: none; padding: 2px 8px; border-radius: 4px; font-size: 0.8em;"">View Post</a>",1,"ahmed_siam74",2025-05-24 23:14:25,1,145,36,1,0,"#ইসলামিক_ভিডিও_🤲🕋🤲 "
"<a href=""https://www.tiktok.com/@md.junaid.ahmed539/video/7508160577215155463"" target=""_blank"" class=""btn btn-sm"" style=""background-color: #00926c; color: white; text-decoration: none; padding: 2px 8px; border-radius: 4px; font-size: 0.8em;"">View Post</a>",1,"md.junaid.ahmed539",2025-05-24 23:37:50,1,128888,38706,2629,5660,"#ইসলামিক_ভিডিও_🤲🕋🤲 "
"<a href=""https://www.tiktok.com/@md.junaid.ahmed539/video/7508160577215155463"" target=""_blank"" class=""btn btn-sm"" style=""background-color: #00926c; color: white; text-decoration: none; padding: 2px 8px; border-radius: 4px; font-size: 0.8em;"">View Post</a>",1,"md.junaid.ahmed539",2025-05-24 23:37:50,1,128911,38713,2629,5662,"#ইসলামিক_ভিডিও_🤲🕋🤲 "
"<a href=""https://www.tiktok.com/@nk.rimon01/video/7508161787129384210"" target=""_blank"" class=""btn btn-sm"" style=""background-color: #00926c; color: white; text-decoration: none; padding: 2px 8px; border-radius: 4px; font-size: 0.8em;"">View Post</a>",2,"nk.rimon01",2025-05-24 23:42:32,1,125,22,3,0,"#সবাই_একটু_সাপোর্ট_করবেন_প্লিজ "
"<a href=""https://www.tiktok.com/@md..khorseda.alam/video/7508161714731470088"" target=""_blank"" class=""btn btn-sm"" style=""background-color: #00926c; color: white; text-decoration: none; padding: 2px 8px; border-radius: 4px; font-size: 0.8em;"">View Post</a>",2,"md..khorseda.alam",2025-05-24 23:42:17,1,42,11,1,0,"#সবাই_একটু_সাপোর্ট_করবেন_প্লিজ "
"<a href=""https://www.tiktok.com/@nk.rimon01/video/7508161588717751560"" target=""_blank"" class=""btn btn-sm"" style=""background-color: #00926c; color: white; text-decoration: none; padding: 2px 8px; border-radius: 4px; font-size: 0.8em;"">View Post</a>",2,"nk.rimon01",2025-05-24 23:41:43,1,157,25,3,0,"#সবাই_একটু_সাপোর্ট_করবেন_প্লিজ "
"<a href=""https://www.tiktok.com/@nk.rimon01/video/7508161290989341960"" target=""_blank"" class=""btn btn-sm"" style=""background-color: #00926c; color: white; text-decoration: none; padding: 2px 8px; border-radius: 4px; font-size: 0.8em;"">View Post</a>",2,"nk.rimon01",2025-05-24 23:40:37,1,113,11,1,0,"#সবাই_একটু_সাপোর্ট_করবেন_প্লিজ "
"<a href=""https://www.tiktok.com/@nk.rimon01/video/7508160978626940167"" target=""_blank"" class=""btn btn-sm"" style=""background-color: #00926c; color: white; text-decoration: none; padding: 2px 8px; border-radius: 4px; font-size: 0.8em;"">View Post</a>",2,"nk.rimon01",2025-05-24 23:39:24,1,116,17,5,0,"#সবাই_একটু_সাপোর্ট_করবেন_প্লিজ "
"<a href=""https://www.tiktok.com/@md..khorseda.alam/video/7508160952047504648"" target=""_blank"" class=""btn btn-sm"" style=""background-color: #00926c; color: white; text-decoration: none; padding: 2px 8px; border-radius: 4px; font-size: 0.8em;"">View Post</a>",2,"md..khorseda.alam",2025-05-24 23:39:13,1,78,11,3,0,"#সবাই_একটু_সাপোর্ট_করবেন_প্লিজ "
"<a href=""https://www.tiktok.com/@nk.rimon01/video/7508160823068495112"" target=""_blank"" class=""btn btn-sm"" style=""background-color: #00926c; color: white; text-decoration: none; padding: 2px 8px; border-radius: 4px; font-size: 0.8em;"">View Post</a>",2,"nk.rimon01",2025-05-24 23:38:44,1,109,14,4,0,"#সবাই_একটু_সাপোর্ট_করবেন_প্লিজ "
"<a href=""https://www.tiktok.com/@nk.rimon01/video/7508160588254645511"" target=""_blank"" class=""btn btn-sm"" style=""background-color: #00926c; color: white; text-decoration: none; padding: 2px 8px; border-radius: 4px; font-size: 0.8em;"">View Post</a>",2,"nk.rimon01",2025-05-24 23:37:50,1,109,11,3,0,"#সবাই_একটু_সাপোর্ট_করবেন_প্লিজ "
"<a href=""https://www.tiktok.com/@md..khorseda.alam/video/7508159914628353288"" target=""_blank"" class=""btn btn-sm"" style=""background-color: #00926c; color: white; text-decoration: none; padding: 2px 8px; border-radius: 4px; font-size: 0.8em;"">View Post</a>",2,"md..khorseda.alam",2025-05-24 23:35:13,1,43,9,1,1,"#সবাই_একটু_সাপোর্ট_করবেন_প্লিজ "
"<a href=""https://www.tiktok.com/@md..khorseda.alam/video/7508158780622769426"" target=""_blank"" class=""btn btn-sm"" style=""background-color: #00926c; color: white; text-decoration: none; padding: 2px 8px; border-radius: 4px; font-size: 0.8em;"">View Post</a>",2,"md..khorseda.alam",2025-05-24 23:30:49,1,22,6,1,0,"#সবাই_একটু_সাপোর্ট_করবেন_প্লিজ "
"<a href=""https://www.tiktok.com/@md..khorseda.alam/video/7508156794804407560"" target=""_blank"" class=""btn btn-sm"" style=""background-color: #00926c; color: white; text-decoration: none; padding: 2px 8px; border-radius: 4px; font-size: 0.8em;"">View Post</a>",2,"md..khorseda.alam",2025-05-24 23:23:05,1,81,12,3,2,"#সবাই_একটু_সাপোর্ট_করবেন_প্লিজ "
