"Network","Number of Accounts","Network Density","Network Diameter","Clustering Coefficient","Avg Views","Avg Likes","Avg Comments","Avg Shares","Member Accounts"
1,15,0.629,20,0.723,12804.598,533.033,5.057,4.492,"jfkovj5, jtcytxyzey, quincyshop08, ubhutfrx, user5626060056906, be.jkigv, hdifhg5, krug011, bmc12655, chantalkusch, jsosjxj8, jdpxorjf, irdc042, fughf21, user6922385284275"
2,13,0.718,21,0.834,2045.889,49.479,1.667,2.735,"housn103, gisela.lipke, syedacherry0, uosnatiahwk, aedjdpckd, hdodjdb5, xx16682, geujcc, ubf084006c, ihihgi1, bdoci6, user190472852374, yeifb0"
3,25,0.137,57,0.463,7995.23,328.545,2.325,4.285,"fsjoxkf, hciiv26, tduuugwt, cp.eagdu, jdododh5, steven.garrison13, user4080460677683, vdkfofu, user8168691298265, gxiiff3, craig.harrell0, idhd139, ayden.riverad, hullen.nguyen, cbjf05, aedhdici, user9724456321051, gckcj4, cirila.mccorkle, aedyckctu, fauy8466, user8508148033286, jdkckcj2, vickycarr530, verity.holland"
4,2,1,6,0,59934.421,1314.368,5.579,16.526,"fjgr86434, aedigohdu"
5,4,0.5,27,0,2924.4,98.257,1.429,2.686,"jfdd888, bgfddf8888, user65533709618068, chcjg0"
6,2,1,6,0,1471.5,75.083,0.667,0.167,"jfdd653, hdr86575"
7,2,1,8,0,1707.647,56.765,0.706,0.824,"hbvvf739, idgc38"
8,8,0.571,20,0.774,3564.4,110.486,0.843,4.557,"fcjjv86, hdhxh3484, aedhdjcoof, fduic5, lxjjc, sharleen.howard, gduhx01, user7605976152392"
9,2,1,6,0,1599.062,104.812,2.125,4.875,"aed4809, tim.david10"
10,9,0.611,23,0.72,2266.372,132.897,2.115,1.231,"sdsdyou, landscape5670, sasapco, stoyouh, rohingyao, shotewg, cagnhd, texts178, xxii911"
11,3,1,14,1,1325.348,30.826,1.261,0.739,"fhkundshunk, lin689668987, user16909390140293"
12,2,1,6,0,3111.467,115,1.4,0.8,"hdididh8, yfkbfb"
13,3,0.667,13,0,636.667,36.222,0.444,3.444,"acyjlnni1ue, dhfikv3, twrryyekibq"
14,6,0.467,23,0.5,746.581,43.258,0.355,0.323,"kgkghkv, hajhsh12, lojzsviu, cjgbkbl, hi.pnct, ylevkpiubsl"
15,9,0.25,37,0.25,2585.738,51.967,0.754,6.508,"katherinewhite19606, angeldorothy1977, user4503602472244, marilynperez20007, ritamorrison1961, mabelphelps2002, adelaideparker19934, edithgriffith19594, berylsaunders19830"
16,2,1,7,0,1071.125,22.5,1.125,0.25,"user9960965670038, lhodsrr"
17,3,0.667,12,0,709.083,20.583,0.083,0,"suoxin2, gigigjj, cihohsqwfi"
18,7,0.476,26,0.474,1281.519,50.296,1.037,4.185,"babypink6896, user7224426108057, chaff8892, bcc662, huff797, books3478, watts4718"
19,4,0.833,12,0.75,899.25,63,0.25,0.5,"chkchifofo, if.en.is.fam, lpdjjnk, skkfdxh"
20,2,1,6,0,1047.625,72.25,0.75,5.875,"yoayoayanyan, yun.wu15"
21,2,1,8,0,1033.375,48.125,0.125,0,"ohchocx, kaylabigsjo"
22,2,1,6,0,910.5,84.5,0.875,0.125,"jvohvho, user4520243691193"
23,4,0.667,13,0.6,500.8,29.067,0.267,4,"fhggf28, fjngjrffu, hylioooyyy, jkakbbvgg"
24,4,0.833,13,0.75,377.875,23.188,0.312,0.062,"cjgkgk45, gduaddit, ugikbk4, zudhdfijg"
25,3,1,7,1,541.083,37.333,0.167,0.083,"hgkgvh2, gnooloh, igivj.ju"
26,2,1,6,0,426.875,11.625,0,0,"aliyawod4l5, qzdiavzx4db"
27,14,0.264,37,0.493,347.111,12.648,0.056,0.111,"gyczxdbk475, fugikg0, kcdcbdohhqd, cymorervl98, antoinetteboone25, kdvluvvd5k6, ffhucs, oqfdryvt9x4, amywendy19961, nwxjeiffefk, tfozhsed7xz, uzezvchheub, eyvukpprejs, qtwkkghy0ol"
28,11,0.582,18,0.627,446.227,11,0,0.273,"fcyvuryeoat, hmauxknlcct, eqtpahxeftm, rapfqsrfsqr, tqhyxljd6w8, bfdthfdrpue, dkxeavlllf7, dzkivaim4ea, fxgumzmtbxj, gytwptgwax1, nquvwpsdcj4"
29,9,0.528,20,0.692,303.886,10.229,0.057,0.086,"bgysxfoqqyu, hslvsaux95k, tinkom97, bvwihpir1hk, fgukxryf5ua, bwelrxwgc1e, terrihopkins19677, lizzieperkins19631, xgxcjodm167"
30,2,1,6,0,321.625,6,0,0,"pain.gum.going, uahbobsb8iz"
31,11,0.327,32,0.545,352.114,13.682,0.159,0.182,"aqcrtyjfd13, tzifqmxp8jx, jjjdzotzkpi, yumaqtlfsi1, jtusetej2i7, siordiysmbs, lettietownsend19701, lodqmnrx247, ugvkfcuv0w9, debra.vukelic.do, v.zb.busby"
32,5,0.5,24,0.5,3607.488,71.659,1.268,10.024,"user1203613923425, user19468614708518, user2920462956526, user386963311513, user8847609801518"
33,4,0.5,20,0,2012.269,59.769,0.692,4.077,"user2932993437321, user6186701630842, user8653602093025, user8794483655797"
34,2,1,6,0,2927.364,83.636,1.818,7.818,"user2903556969068, user7166160034825"
35,2,1,8,0,1103.75,43.833,0.667,1.333,"lisa9aa3, dahlia5054"
36,3,0.667,13,0,3630.929,174.429,5.893,8.357,"juliedouglass2013, gjbgikh, kimleonard0623"
37,2,1,6,0,1273,153.333,1,0.444,"ryllskaya.reddit, user4148379047616"
38,2,1,6,0,2899.5,143.333,1.417,0.5,"ryllskayaqing, ksndfmggf"
39,2,1,6,0,2693.6,181.8,1.667,4.667,"fjggds0808, kate396112"
40,4,0.5,20,0,1870.96,111.52,1.68,0.72,"aeduriosod, jana.french, leopolda.harriett, morgan.rodregez"
41,19,0.263,36,0.528,37047.11,1526.11,8.226,9.503,"bdpd57, user2201058539802, gdijdgsh4, shdj1431, bfc.hff, fjvfjk4, geifocve, aedjxpxodj, maryreynolds112, hckcudh1, jckfjd.bff, hckgovj, user31313825076752, user9545613515904, bsbsbsvsv44, carmen.vega355, user1045942439949, tdiifhr, aedfjdhdtddy"
42,2,1,6,0,19348.25,659.917,5.75,3.417,"djhcc3, bjv196"
43,2,1,6,0,1514.444,108.778,0.778,1.889,"jxfjv98, aed0584"
44,7,0.333,36,0.375,8317.944,294.019,2.093,3.333,"fkfdnd, prtnr8, gutieyy7, rosacasey65, djm9r, uiavao.bskvai, gdkcofufn"
45,10,0.467,20,0.532,2152.549,121.768,1.28,1.293,"gubwos, user7080026610324, ididu034, hpcfh, user2810315813972, vaigg0, chdg050, user3154950400581, kbpsjd, ysishhd7"
46,3,0.667,19,0,2799.708,92.083,2.292,1.792,"cx.b28, fjyukfjjf, hdidkser0"
47,2,1,6,0,1615.364,114.273,3.182,15.636,"heidy.blancas, jspdhd4"
48,9,0.278,38,0.353,21042.841,862.455,6.705,4.318,"dawnya_movie, gdjf6745, schcy24, fjhvh78, user59478597350542, blxhx, gmlkh98, nlogbdd, yyugesjj"
49,2,1,6,0,4500.231,57.692,1.154,7.154,"midnightfy68, xxdream86"
50,14,0.407,46,0.841,7406.575,146.016,1.937,15.22,"jvtvc3, gooj806, user3436197788624, zsdx184, wiate.doni0, seile.rian, battl.kray, benedossie2, vitsu.alec1, lawgray3, rubin.mervy8, sijh37, zxvb736, wroe.edith6"
51,5,1,17,1,6863.719,137.544,11.316,13.474,"aed2750, dthh824, jajsjsn56, aed0267, jvhb240"
52,4,1,15,1,2579.611,64.417,0.833,1.389,"nhienchau41, thuc.nguyen2010, khanh.dao61, nhi.vo585"
53,11,0.309,28,0.525,6717.042,95.781,1.51,1.479,"aed3660, akkaanav.risksjsg, lwandiswamsithini, debran.oxonrp81, ghv.vbk, aed7p4, aeda1689, hoeg.huan, debran.oxonrp00, debran.oxonrp86, immanuel.dominik"
54,2,1,7,0,29220.222,112,4.222,1.111,"2100snowman, fixthedrama"
55,4,0.667,13,0.6,719.818,13.182,0.091,0.182,"bbcanxmfe6, jetnzto8i7, oyoizqmhr9, u2co59sux3"
56,2,1,6,0,1768.5,120,2.5,0.5,"ubfrdhuy.578.39, yvrrrrcc.g.52"
57,3,0.667,15,0,1596.25,130.333,0.833,1.167,"righgtf.7.187, godjehtt.jj.101, tdgrrdd.z.37"
58,2,1,6,0,1580.714,20.143,0.857,0.286,"gitxt2, user87730150257653"
59,2,1,6,0,2866.27,280.514,20.676,7,"china_cutegirl24, sweet_babyc120"
60,2,1,31,0,340.5,46.094,6,1.281,"cutequeen_driver120, lovelydriver51"
61,2,1,6,0,131.261,10.696,1,0.043,"xchinaqueen3, xchinaqueen4"
62,2,1,7,0,829.583,111.083,2.333,3.917,"nuttall.camggk, duong.phang09"
63,2,1,6,0,1512.5,120.833,1.611,2.833,"fody.noachp, drape.ivoe"
64,3,0.667,13,0,1717,80.273,0.227,0.864,"grry77768, stien.lindag, thi.chanh.viet.do"
65,2,1,11,0,2733.5,83.2,0.95,5.45,"jebrt.keehg, thanh.dngp"
66,2,1,6,0,1547.312,96.75,0.938,0.5,"dhdkdj60, djdinh4"
67,2,1,6,0,1804.077,138.154,1.615,0.692,"krissi.jamecia, ttt46024"
68,2,1,10,0,1401.133,176.2,1.667,2.333,"djsisidh, kfusj3"
69,2,1,6,0,1491.467,81.667,1.067,0.467,"mahasawatzke, luggyi"
70,3,0.667,14,0,1608.591,103.136,1.136,1.591,"charlene.gilbert31, nandan.hirsch, osiel.louis"
71,2,1,6,0,1035.25,45.25,1.312,0.5,"monta.karlak, cuong.tangk"
72,4,0.833,14,0.75,2820.656,95.188,11.188,34.188,"sun.lilym, aseng.haymong, purnialesh45, van.lok8"
73,5,1,14,1,3991,93.864,3.091,6.977,"carlos.alberto.al886, emory.drawehj, lanora.haskely, ilges.estelwei, juliosalazar229"
74,2,1,7,0,793.571,47.5,1,0.286,"dhdh.gccxy, slatechewb6"
75,5,1,14,1,6150.068,82.659,3.75,4.5,"cuc.thu243, walke.lowe, cxd.shd, phong.ngoc76, yelm.boor"
76,2,1,6,0,1919.625,129.5,5,25,"ctyd2156, tpei5986"
77,2,1,7,0,20315.111,1750.778,45.667,423.556,"xxueya, liuxiaoliu52"
78,2,1,6,0,2696.714,164.143,14.857,24.571,"xnqdavrwgntt, yrvfxyekfpsbv"
79,3,0.667,12,0,888.3,43.7,1.4,3.5,"sweethear182, hubbxmphamzhfs, nhiem.ha07"
80,2,1,6,0,2261.5,134.125,4.75,9.875,"bubu.text, vltrxsbghmj6ss"
81,2,1,6,0,1698.429,129.429,5.857,16,"facaila22, the.sshamarfan"
82,2,1,12,0,1505.133,54.267,0.467,0.067,"26hdjwjq, xbxb6381"
83,2,1,8,0,1679.545,83.091,0.636,0.727,"pjk3357, reddit55549"
84,5,1,45,1,1042.795,106.219,0.589,0.507,"ciojkb, kubjij, qdcieh, hojdmc, reddit_grayson99"
85,12,0.439,41,0.661,1286.086,70.817,0.602,0.484,"fhda78402, dijx3903, bvoo3130, drgd8391, jkuy0534, ghhj8554, okay11732, eiej4325, kjuq5904, twkg9813, ytrq8081, twvs4521"
86,3,1,14,1,1402.381,62.19,0.476,0.595,"tijf9855, uraf9163, ymhr6933"
87,2,1,10,0,1160.6,50.6,0.68,0.44,"ifrt2705, sush0240"
88,5,1,14,1,2474.676,99.095,0.432,0.959,"ckief1163, glye82199, rust04104, dyxh0219, syic2117"
89,5,0.9,18,0.875,1060.543,65.029,0.429,0.8,"givi0331, isce0690, tugx2917, usjg2117, wiqg8225"
90,3,1,18,1,944.552,42.966,0.345,1.034,"bkot6010, fhxk1941, wive0570"
91,2,1,13,0,2584.833,78.967,0.767,0.533,"dhie1905, wert2992"
92,2,1,6,0,883.522,26.609,0.87,0.217,"isggekf, oivjph"
93,4,0.5,19,0,2030.84,54.16,3.6,0.3,"dglqabj, aiwjfha, fvbsiw, mkkmqqn6"
94,3,1,9,1,477.515,16.788,0.091,0.03,"evntft, hhdhuwp, mdmnnv7"
95,4,0.833,14,0.75,2082.825,31.075,6.925,0.25,"kwmrus, luqrbn2, nrmqmi, ppnsqo"
96,11,0.309,49,0.571,2122.931,63.259,0.483,0.81,"clirr5282, coirf88774, gjguq6894, courr1227, fkir2290, cjur6297, urdu9708, fbgg2395, fnnf8890, gour2295, voie3340"
97,2,1,6,0,772.875,54.75,0.25,1.75,"dhhi6645, xihz9643"
98,2,1,6,0,3326.333,68.111,2,0.111,"vedrdzy, mjbwysq6"
99,9,0.528,20,0.75,1378.15,51.3,0.65,0.2,"hgidsi, liaojiuyu, bdjsbsk4, nidaye81, raggags.kajah, user3923265470, bxkke4723, gohdr4367, joycecody"
100,2,1,6,0,2529,76.273,1.091,0.545,"wevbocr, fteecfs"
101,2,1,6,0,8293.444,337.889,4.222,3.222,"nhllos8, maemeg7"
102,3,1,10,1,1852.765,49.882,1.118,0.412,"hwvrok, oljclk, ljpjvh"
103,3,0.667,14,0,1657.929,32.929,0,0,"osvel.rolsea, puja.singh272, woshenmake"
104,2,1,6,0,1057.917,92,0.75,0.417,"2ckfjkelw, lancg9200"
105,3,0.667,12,0,1916.438,69.312,1.688,0.312,"bixukf, evfdmzl, oxkops7"
106,3,0.667,16,0,4328.176,137.647,2.176,1.118,"awmilke, kdywnty, xcwvym2"
107,2,1,6,0,1059.818,52.091,0.091,0.091,"vakft4299, yowbc4277"
108,2,1,7,0,939.375,41.875,0.125,0.125,"baxor3828, meggie.y"
109,5,0.6,18,0.6,1123.44,85.76,0.56,0.2,"vxkaw3274, nxpsa4288, hdksp6389, g.in.cgn, avelina.asucen"
110,2,1,6,0,1481,148.625,0.25,1,"opgse4909, xlhxhlxlh8"
111,4,1,8,1,1128.833,70.278,0.611,0.389,"1yrogls, duuff30, ncsfo3287, cjdjfcn"
112,2,1,6,0,1202.375,58.375,2.125,1.5,"djisks96, snoshsj"
113,2,1,9,0,1168.3,40.4,1,0.3,"jdjsbs94, 1qwdjjd"
114,3,0.667,12,0,1094.2,69,0.7,0,"fhcgocgo, hds.hy, ciucfyictci"
115,2,1,6,0,1375,157.571,1.143,0.286,"hsbshzu0, hzjsjs897"
116,2,1,8,0,1641.8,110.3,0.6,0.3,"pdilul, refine74"
117,2,1,6,0,1049,50.857,1.286,0,"sameerah.tare, xvjdsj5"
118,3,1,7,1,1328.333,53.083,1.083,0.167,"palatalongwith, toxicity.idiotic, user5628638664"
119,2,1,6,0,1150.312,88.875,2.875,11,"fwxbvd, fijvcj"
120,2,1,6,0,10316.5,108.7,0.9,1.1,"trendwave766, yuukibb1"
121,5,0.5,18,0,1678.32,157.24,1.04,0.44,"gzd1hao, facailllll12138, gzd4hao, mvbdanqi, fafafafafafafacai"
122,2,1,6,0,2510.167,102.167,1.667,0.333,"haoyun858, haoyun948"
123,2,1,8,0,2149.6,231.2,2,0.1,"bigfire888, huohuo110"
124,2,1,8,0,1904.273,89.091,1.545,1.636,"aedfjvg6, gfvhtt"
125,2,1,7,0,1408.75,102.938,2.062,1.438,"duocidhd, bethany.harper8"
126,2,1,6,0,1331.333,88.222,0.944,1.111,"guch008, user19103225080680"
127,5,0.6,17,0.545,2429.412,20.544,0.206,1.971,"zjsrryuui, user8861376993313, user2558157487113, tsbhehhehs, user4816167612537"
128,3,1,33,1,13435.837,245.488,16.651,28.488,"lnppoe, reddit_ignatius8, shbsdd2"
129,29,0.126,99,0.551,13746.772,674.378,4.905,7.415,"gdjdi63, tessh95, jspsns3, oshasg, hurrryu, dghhg372, hfstil3, owuhwh, isgsjdj0, bjspsp, sfagnd, segji2, rgyts7, lzozi3, gysfh4, fulknm, tug35587, wsbhd0, rtikb3, eyidk5, vsuau5, itsstj2, gheoe8, oaisg2, flsosi5, jelejeh1, zvjsl, qllsks0, wsfj4"
130,3,1,8,1,214413.455,9009,55.727,120.273,"fbnggg2, nfjsk12, hkmdrr"
131,6,1,9,1,298.889,12.722,0.111,0.167,"ldaphc, jecxsz, utoxwqg, zesysmj, eqxela7, zysmpbz"
132,6,0.667,25,0.667,663.328,42.41,0.213,2.18,"objlhmtjemu, rtwgui, arffug, hdmjwo1, mnoojt, ucdrmh"
133,12,0.485,47,0.735,616.398,20.859,0.086,0.266,"puhrra, pbpktw, eqmhqf, idpeoc, dtbtcc8, sqifhw, bipiqo, hltuoq, hidouo, lhqitc, bpgarp, wgslhe"
134,3,0.667,15,0,599.778,23.222,1.056,6.167,"nafi.rajab.guirgu, tiffany.c..irvin, zurina.sara"
135,5,0.5,22,0.429,1490.647,37.412,1.235,5.235,"ethan.carter.mitchell, olivia.ava.davis, amelia.wilson.johnson, labib.zain.hajjar, lucas.parker.carter"
136,4,0.5,24,0,313.545,15.864,1.773,2.136,"latifnusrahshamon, hvoykvagyy, redidgbxozg6, uwaisah.jameela.m"
137,2,1,14,0,846.636,64.455,3.909,12.636,"ghadir.tamadur.ba, saniyah.rafidah.k"
138,2,1,6,0,3789.714,81.571,2.714,9.857,"manbazili, bbuiopkl"
139,7,0.714,16,0.778,43304.048,2027.571,73.381,1316.952,"mira.paxton, brooks.jenner, ludwin.keith, nash.bramwell4, ayanna.kelekele, constantinos.hard, summer.king331"
140,2,1,9,0,790.333,36.667,1.111,7.889,"osudgiwy1, twodgcjq"
141,2,1,7,0,627.833,22.833,1,19.5,"qorusfio, yaofguqvi"
142,3,0.667,13,0,867.615,29.154,1.692,6.692,"cenhaa1, hggsjdjd, trjjffj"
143,2,1,6,0,44481.706,1790.294,64.941,987.765,"darrell.breitenbe, yehuda.coleman3"
144,6,0.467,25,0.273,18698.061,614.878,43.939,195.939,"decker.slater, archie.waller4, blake.payne028, javion.yang, ignacio.stark, heidiramos2"
145,3,0.667,14,0,1134,89.08,8.44,16.52,"anubn95ar83d, p1h5akf, mtbevdcxpq1"
146,3,1,11,1,1125.923,16,0.462,2.962,"user12390941773567, chghghj, user2373614982470"
147,3,1,8,1,3111.105,81.737,1.053,2.737,"kfuda4, buma.zlkh, user7325933253248"
148,2,1,12,0,4327.111,78.722,2.222,1.056,"coicbf, usixidbd"
149,6,0.4,46,0.429,29980.963,314.26,7.26,22.169,"airplane_video578, china_queen_520, amazingpilot0, amazingpilot2, cute_queen7102, username224064"
150,3,0.667,35,0,6777.292,371.097,10.903,5.583,"username0022660, username0201726, usernamer02023"
151,4,0.5,28,0,110.238,24.508,4.54,0.079,"beautiful46h, moderngril5, beautifulseen30, grilofchina"
152,2,1,8,0,166.037,43.148,11.37,0.074,"cardriving139, modernofuk"
153,20,0.189,45,0.397,1775.536,94.602,0.829,1.768,"mdmdkkdndnrn, dhcfgggfhu, odokskjsjh, mlyeejyn, .whjshshshshs, bcjeibox, bvasvhssjn, user1433469988696, ghzdxbj, cghvhhj6, user4473161544200, user41067558498182, nkddaram, jsjsjksmsmsk, eexvnnooyy, ghvvhvcgvvccf, deferedeedddf, jehrhhdkd, user6812280201318, xlxksnsjsk"
154,3,0.667,13,0,2368.429,84.381,0.667,2.905,"user12885549245813, jsjsbjsso, hejsjwnejsj"
155,4,0.5,18,0,1911.531,107.781,2.688,4.062,"fhcdtb, aed927, ybdjx94831, vjbccb3"
156,2,1,6,0,1107.059,86.706,1.294,2.706,"aed3925, aed9243"
157,5,1,19,1,430.568,2.424,0.017,0.144,"knl39aprh6, mgallaudio, mgallsharring, avafind2, tptk02426yr"
158,2,1,6,0,369,1,0.167,0,"mrqpgrnyb3467, zorhajktn884"
159,2,1,10,0,984.778,28.611,0.333,3.111,"fdrnbpulsfg, wonder5537"
160,6,0.6,18,0.714,83174.15,12767.7,45.8,2078.95,"gjfdd68, gdzvh1, hddgjj79, fdsfhj84, hydfhj70, ydsfj89"
161,3,0.667,15,0,12887.167,400.083,1.667,2.917,"tsdhj01, hfdgk09, tsxhj6"
162,9,0.389,24,0.512,2851.909,70.242,4.697,1.424,"hdsgh57, gfvhj98, gdsfgh15, user365125024608, fhge82, htdgji05, hdznm33, fijgd50, yurvbg2"
163,13,0.308,38,0.593,1758.173,76,0.5,7.442,"fsdgh41, hhregg52, user7804416262677, hq12151718, user152435261681, user5081724703508, fkhfe5, iltrukikr, yrchj1, hdsy281, user612958049219, user6758753838000, zdhhj04"
164,2,1,6,0,728.571,48.857,0.286,0.429,"tkre891, idsfgj2"
165,8,0.536,13,0.453,3288.63,95.407,0.444,35.185,"user6168144540470, hrdgj17, user8478108672003, user9342283006096, hdhjvkgk, tdfhj07, hnfr33, vlnfs4"
166,11,0.218,36,0.333,1786.78,66.244,1.707,3.073,"brdfgh, fjgw35, ghfee48, fgvv752, grsgh5, tsdgu3, user3036161758508, reush5, hcuccu156, iffhkk0, ushd386"
167,2,1,8,0,4046,123.5,0.375,2,"user5831942911597, ufy468"
168,3,0.667,12,0,3252.182,62.182,1.455,1.455,"hydu454, gns1528, fhgse42"
169,2,1,8,0,3476.75,63.125,0.625,1.25,"user33539405804153, ella7420"
170,8,0.25,12,0,2319.263,86.211,0.842,2.526,"user805002943256, kusdum4, hofkst5, user7855213040677, hulili45, key57173, hddh6007, gdfhh917"
171,2,1,6,0,2586.8,90.6,0,0.2,"gesfhu1, yjgdsw"
172,2,1,6,0,166.333,5.167,0,0,"level.tritz, osbourne.dominiak"
173,3,0.667,12,0,169.444,13.333,0,0,"bortle.stofsky, akinrefon.rainie, defouwcaddy"
174,2,1,8,0,1193.5,32.5,0.375,1.5,"xiangbma153, xiangbma515"
175,2,1,6,0,2305,30.286,0.286,1.286,"xiangbma475, xiangbm363"
176,2,1,11,0,1038.778,49.222,3.556,1.556,"chikni_baby, kubri_queen"
177,2,1,6,0,5351.5,68.333,0.167,1.333,"user41777245086503, user7160948086077"
178,2,1,6,0,3157,56.6,0,1.4,"b9789612, user1475024996266"
179,2,1,8,0,140.75,3.875,0.25,0,"goisthillwig517, taotao100086465"
180,2,1,6,0,394.375,19,0,0.625,"speakingspeak.464, forwardcode423"
181,2,1,8,0,342.75,12,0.125,0.5,"fassiogasch198, greatename466"
182,2,1,6,0,218.5,10.125,0,0,"luensmanntuma245, huggettguziec195"
183,2,1,6,0,373.571,12.429,0.714,0.286,"shallownuckoles51, nikebimm0445"
184,9,0.694,15,0.744,758.639,23.694,0.222,0.111,"joannafelton0801, langhuamediaus.fgvrfn, funnys318, alice95332, lenafunk0628, gexlxyakfsiwn5, lnteresting_world, douglasstuart0509, user17916819551"
185,2,1,8,0,1972.545,98.909,2.455,3.909,"user718457106010180, aeddhjf6830"
186,2,1,7,0,4574,161.143,4.857,12.071,"shgdhgwtu2577, zmdheyi279"
187,3,1,11,1,21057.85,1746.4,50.05,105.3,"david.muro37, user6193818865154, ty.rshjfs2799"
188,2,1,6,0,1607.667,183.917,3.667,9.25,"lrefjjk2688, qingwtfs358"
189,3,0.667,15,0,1298.143,84.476,1,0.619,"dayutoureddit, fjhfjfgjchjghfhjj, user5856382575116"
