"Account","Network","Unique Shares","Avg Time Between Shares (sec)","Edge Symmetry Score","Degree","Strength","Betweenness","Avg Views","Avg Likes","Avg Comments","Avg Shares"
"<a href=""https://tiktok.com/@abd.fyuhd"" target=""_blank"">@abd.fyuhd</a>",14,5,46.4,1,1,5,0,1060.6,49.6,0.4,1.4
"<a href=""https://tiktok.com/@aed13749"" target=""_blank"">@aed13749</a>",13,6,58.278,1,3,16,0.005,1167.333,46.667,0.5,0.833
"<a href=""https://tiktok.com/@aed2502"" target=""_blank"">@aed2502</a>",15,4,62.2,1,1,5,0,2983,119,1.5,0.25
"<a href=""https://tiktok.com/@aed3683"" target=""_blank"">@aed3683</a>",13,6,50.2,1,1,5,0,1199.5,52.5,0,0.333
"<a href=""https://tiktok.com/@aed3836"" target=""_blank"">@aed3836</a>",12,5,71.667,1,1,6,0,32371.2,405.4,9.8,7.6
"<a href=""https://tiktok.com/@aed53885"" target=""_blank"">@aed53885</a>",11,6,84.667,1,1,6,0,963.5,88.333,1,1.333
"<a href=""https://tiktok.com/@aed6071"" target=""_blank"">@aed6071</a>",6,5,60.8,0.8,1,5,0,925.8,40.4,0.6,0.6
"<a href=""https://tiktok.com/@aed63956"" target=""_blank"">@aed63956</a>",13,5,79.8,1,1,5,0,1386,72.2,2,1.6
"<a href=""https://tiktok.com/@aed9321"" target=""_blank"">@aed9321</a>",12,6,71.667,1,1,6,0,2077.833,130,0.833,1.333
"<a href=""https://tiktok.com/@aed9329"" target=""_blank"">@aed9329</a>",15,4,75.2,1,1,5,0,1894.167,154.167,0.5,2
"<a href=""https://tiktok.com/@aed9t4"" target=""_blank"">@aed9t4</a>",6,6,64.5,1,2,10,0.005,1031.333,45.333,0,1.167
"<a href=""https://tiktok.com/@aedfjvg"" target=""_blank"">@aedfjvg</a>",13,6,66.3,0.9,2,10,0.003,905.167,46.167,0,0.667
"<a href=""https://tiktok.com/@aedgkcf"" target=""_blank"">@aedgkcf</a>",13,5,81,1,1,5,0,1527.2,77,0.6,0.8
"<a href=""https://tiktok.com/@bufgkvh"" target=""_blank"">@bufgkvh</a>",9,6,64.889,1,5,42,0.009,858.167,5.5,0,0
"<a href=""https://tiktok.com/@bylrykv"" target=""_blank"">@bylrykv</a>",9,3,68.917,0.833,2,15,0,80,0.833,0,0
"<a href=""https://tiktok.com/@dfhjf3356"" target=""_blank"">@dfhjf3356</a>",11,5,84.667,1,1,6,0,1056.2,50,0.4,0.2
"<a href=""https://tiktok.com/@dscgty"" target=""_blank"">@dscgty</a>",6,6,44.6,1,3,15,0.005,882,42.5,0.167,0.833
"<a href=""https://tiktok.com/@fdvhrf3"" target=""_blank"">@fdvhrf3</a>",6,5,41.2,1,1,5,0,724.4,38,0,2.2
"<a href=""https://tiktok.com/@fhvdet"" target=""_blank"">@fhvdet</a>",6,6,59.962,1,3,17,0.005,1202.5,71.333,0.333,2.5
"<a href=""https://tiktok.com/@fhyrgu"" target=""_blank"">@fhyrgu</a>",8,5,52,1,1,5,0,856,38,0.4,0
"<a href=""https://tiktok.com/@fjcfyg3"" target=""_blank"">@fjcfyg3</a>",7,5,42.8,1,1,5,0,881.333,42,0.167,1.167
"<a href=""https://tiktok.com/@fjgryg0"" target=""_blank"">@fjgryg0</a>",7,5,42.8,1,1,5,0,813.8,41.4,0,0.4
"<a href=""https://tiktok.com/@fsvgdv6"" target=""_blank"">@fsvgdv6</a>",8,5,52,1,1,5,0,1128.4,71.8,0,0
"<a href=""https://tiktok.com/@gbooat"" target=""_blank"">@gbooat</a>",4,6,49.5,1,1,14,0,586.167,20.667,1,0.333
"<a href=""https://tiktok.com/@gofhsgs"" target=""_blank"">@gofhsgs</a>",9,6,81.194,1,3,22,0.002,385.5,10,0,0.167
"<a href=""https://tiktok.com/@gshej03"" target=""_blank"">@gshej03</a>",10,4,49.95,0.833,2,11,0,61.8,2.8,0.6,0
"<a href=""https://tiktok.com/@isheuf8"" target=""_blank"">@isheuf8</a>",9,6,54.259,0.889,3,24,0.014,1103.833,16.833,0.333,0.167
"<a href=""https://tiktok.com/@jrcibug"" target=""_blank"">@jrcibug</a>",10,5,53.033,0.833,2,14,0,351.4,9.8,0.2,0.4
"<a href=""https://tiktok.com/@kfgibb6"" target=""_blank"">@kfgibb6</a>",9,5,73.389,0.841,3,27,0.01,867.8,36.8,0.2,0
"<a href=""https://tiktok.com/@kndvu9874"" target=""_blank"">@kndvu9874</a>",15,5,68.7,1,2,10,0.001,2087,138.6,0.6,4
"<a href=""https://tiktok.com/@lycesyhi"" target=""_blank"">@lycesyhi</a>",9,6,45.861,0.9,4,36,0.006,885.5,27.167,0.167,0.167
"<a href=""https://tiktok.com/@md.12345667"" target=""_blank"">@md.12345667</a>",1,4,48.333,0.8,1,6,0,119.4,54.8,6,2
"<a href=""https://tiktok.com/@nudgsy"" target=""_blank"">@nudgsy</a>",10,3,43.583,1,2,15,0,93,0.667,0,0
"<a href=""https://tiktok.com/@okgsisnssx"" target=""_blank"">@okgsisnssx</a>",2,7,37.444,1,1,18,0,1041.333,42.667,1.222,0.111
"<a href=""https://tiktok.com/@pyhkcd"" target=""_blank"">@pyhkcd</a>",9,6,67.25,1,4,32,0.003,1216.667,25.333,0.667,0.333
"<a href=""https://tiktok.com/@richj4563"" target=""_blank"">@richj4563</a>",14,6,46.4,1,1,5,0,3737,123.333,2.5,1.667
"<a href=""https://tiktok.com/@rmcbk1"" target=""_blank"">@rmcbk1</a>",6,4,36.4,1,1,5,0,717,31,0.75,0.25
"<a href=""https://tiktok.com/@ryiandkyo8"" target=""_blank"">@ryiandkyo8</a>",9,6,53.861,0.867,3,26,0.001,704.167,18.333,0,1
"<a href=""https://tiktok.com/@sadiya45544"" target=""_blank"">@sadiya45544</a>",1,2,48.333,0.8,1,6,0,102.333,33.667,4,0.333
"<a href=""https://tiktok.com/@tdkgsfi"" target=""_blank"">@tdkgsfi</a>",9,5,51.833,0.762,2,18,0,501.8,11.8,0.2,0
"<a href=""https://tiktok.com/@tegvxszf"" target=""_blank"">@tegvxszf</a>",9,6,39.556,0.867,3,27,0,520.5,11,0,0.167
"<a href=""https://tiktok.com/@tim.david889"" target=""_blank"">@tim.david889</a>",13,5,48.217,0.9,2,11,0.004,771,39.6,0.6,0.2
"<a href=""https://tiktok.com/@user1203836358576"" target=""_blank"">@user1203836358576</a>",6,5,54.7,1,3,16,0.012,897.6,33.4,1,0.2
"<a href=""https://tiktok.com/@user21262553117816"" target=""_blank"">@user21262553117816</a>",6,6,53.646,1,4,23,0.009,694,24.333,0.167,0.333
"<a href=""https://tiktok.com/@user2133900382902"" target=""_blank"">@user2133900382902</a>",5,5,37.062,0.917,2,13,0,211,1.25,0.167,0
"<a href=""https://tiktok.com/@user43301358468186"" target=""_blank"">@user43301358468186</a>",5,7,30.818,1,1,11,0,251.222,1.333,0.111,0
"<a href=""https://tiktok.com/@user4803678204918"" target=""_blank"">@user4803678204918</a>",6,6,53.667,0.933,3,15,0.01,652.167,30.333,0.333,0
"<a href=""https://tiktok.com/@user7388431600768"" target=""_blank"">@user7388431600768</a>",5,10,30.181,0.944,3,24,0.001,755.833,4.75,0.083,0
"<a href=""https://tiktok.com/@user7817249032616"" target=""_blank"">@user7817249032616</a>",5,3,33.8,1,2,10,0,434,4.333,0,0
"<a href=""https://tiktok.com/@user8431021130445"" target=""_blank"">@user8431021130445</a>",3,7,45.961,0.76,2,26,0,1316.714,37.286,0.857,0.429
"<a href=""https://tiktok.com/@user8632343249071"" target=""_blank"">@user8632343249071</a>",4,5,50.4,1,1,10,0,1169.5,29.375,1,0.25
"<a href=""https://tiktok.com/@user9775293028068"" target=""_blank"">@user9775293028068</a>",6,5,66,1,1,5,0,674.4,40.4,0.6,0.2
"<a href=""https://tiktok.com/@victory202525"" target=""_blank"">@victory202525</a>",3,9,57.127,0.885,2,29,0,2223.111,75,0.667,1
"<a href=""https://tiktok.com/@vjcgf0"" target=""_blank"">@vjcgf0</a>",9,4,78.333,1,2,15,0,384.333,16.667,0,1.5
"<a href=""https://tiktok.com/@xin20241035"" target=""_blank"">@xin20241035</a>",4,9,49.95,1,2,24,0.001,1005.889,27.222,0.222,0.111
"<a href=""https://tiktok.com/@yydszdzqa"" target=""_blank"">@yydszdzqa</a>",3,5,54.5,0.875,2,21,0,1498,36.4,0.4,0.2
"<a href=""https://tiktok.com/@yyfdtwhtod"" target=""_blank"">@yyfdtwhtod</a>",2,6,37.444,1,1,18,0,1085.444,40.222,1.556,1.333
