"Network","Number of Accounts","Network Density","Network Diameter","Clustering Coefficient","Avg Views","Avg Likes","Avg Comments","Avg Shares","Member Accounts"
1,2,1,6,NA,113,46.875,5.25,1.375,"md.12345667, sadiya45544"
2,2,1,18,NA,1063.389,41.444,1.389,0.722,"okgsisnssx, yyfdtwhtod"
3,3,1,17,1,1748.333,53.238,0.667,0.619,"user8431021130445, victory202525, yydszdzqa"
4,3,0.667,24,0,953.304,26.261,0.696,0.217,"gbooat, user8632343249071, xin20241035"
5,4,0.667,19,0.6,421.25,2.694,0.111,0,"user2133900382902, user7388431600768, user43301358468186, user7817249032616"
6,10,0.244,26,0.316,847.241,40.148,0.37,0.852,"dscgty, fdvhrf3, fhvdet, aed9t4, aed6071, user1203836358576, user4803678204918, user21262553117816, rmcbk1, user9775293028068"
7,2,1,5,NA,850.636,41.727,0.091,0.818,"fjcfyg3, fjgryg0"
8,2,1,5,NA,992.2,54.9,0.2,0,"fhyrgu, fsvgdv6"
9,11,0.309,36,0.375,682.5,16.141,0.141,0.328,"lycesyhi, ryiandkyo8, isheuf8, kfgibb6, bylrykv, gofhsgs, bufgkvh, pyhkcd, tegvxszf, tdkgsfi, vjcgf0"
10,3,1,9,1,180.385,5,0.308,0.154,"jrcibug, gshej03, nudgsy"
11,2,1,6,NA,1005.636,70.909,0.727,0.818,"aed53885, dfhjf3356"
12,2,1,6,NA,15847.545,255.182,4.909,4.182,"aed3836, aed9321"
13,6,0.333,21,0,1153.121,55.03,0.576,0.727,"aed13749, aed3683, aed63956, aedfjvg, aedgkcf, tim.david889"
14,2,1,5,NA,2520.455,89.818,1.545,1.545,"richj4563, abd.fyuhd"
15,3,0.667,10,0,2248.8,139.6,0.8,2.2,"kndvu9874, aed9329, aed2502"
