"Account","Network","Unique Shares","Avg Time Between Shares (sec)","Edge Symmetry Score","Degree","Strength","Betweenness","Avg Views","Avg Likes","Avg Comments","Avg Shares"
"<a href=""https://tiktok.com/@.whjshshshshs"" target=""_blank"">@.whjshshshshs</a>",114,4,36.571,0.8,1,7,0,2272.4,131,1,2.2
"<a href=""https://tiktok.com/@1yrogls"" target=""_blank"">@1yrogls</a>",87,5,67,1,1,7,0,993.8,104.8,0.4,0.4
"<a href=""https://tiktok.com/@2100snowman"" target=""_blank"">@2100snowman</a>",93,5,52,0.833,1,8,0,37131.4,178.8,7.4,1.6
"<a href=""https://tiktok.com/@26hdjwjq"" target=""_blank"">@26hdjwjq</a>",52,5,21.111,1,1,9,0,2129,45.5,0.5,0.167
"<a href=""https://tiktok.com/@333yue"" target=""_blank"">@333yue</a>",48,4,78.5,1,1,8,0,65562.25,5676.25,485.5,2038.25
"<a href=""https://tiktok.com/@6dhbgbvuyqw"" target=""_blank"">@6dhbgbvuyqw</a>",38,8,24.714,1,1,7,0,17753.7,704.4,5.2,8.4
"<a href=""https://tiktok.com/@acyjlnni1ue"" target=""_blank"">@acyjlnni1ue</a>",17,6,65.286,1,1,7,0,1051.333,63.667,7,7.667
"<a href=""https://tiktok.com/@adam.hoyt"" target=""_blank"">@adam.hoyt</a>",107,3,46.583,0.933,3,25,0,832.667,32,3,7.667
"<a href=""https://tiktok.com/@adhhrrt"" target=""_blank"">@adhhrrt</a>",19,5,63.113,1,3,23,0,368.6,10.8,0,0
"<a href=""https://tiktok.com/@aed0267"" target=""_blank"">@aed0267</a>",51,9,54.559,0.804,4,44,0,1467.667,56,1.083,1.333
"<a href=""https://tiktok.com/@aed2750"" target=""_blank"">@aed2750</a>",51,10,44.367,0.766,3,27,0,7344,172.917,1,1.417
"<a href=""https://tiktok.com/@aed2977"" target=""_blank"">@aed2977</a>",36,5,75.5,1,1,8,0,4139.778,89.889,1.333,0.222
"<a href=""https://tiktok.com/@aed3660"" target=""_blank"">@aed3660</a>",11,10,53.098,0.878,7,64,0,3759.9,79.4,2.6,2.8
"<a href=""https://tiktok.com/@aed75787"" target=""_blank"">@aed75787</a>",11,10,47.386,0.927,8,67,0,4644.8,111.6,2,4
"<a href=""https://tiktok.com/@aed7p4"" target=""_blank"">@aed7p4</a>",11,8,61.292,0.908,5,41,0,5786.778,144.222,2.444,2.444
"<a href=""https://tiktok.com/@aeda1689"" target=""_blank"">@aeda1689</a>",11,9,43.122,0.852,3,29,0,7645.667,56.333,0.556,1.222
"<a href=""https://tiktok.com/@aedbr6"" target=""_blank"">@aedbr6</a>",35,8,34.429,1,1,7,0,1855.375,66.625,1,3.75
"<a href=""https://tiktok.com/@aedhdici"" target=""_blank"">@aedhdici</a>",8,8,69.75,1,1,8,0,1322.25,49.375,0.375,1.625
"<a href=""https://tiktok.com/@aedhdjcoof"" target=""_blank"">@aedhdjcoof</a>",2,9,50.713,0.896,5,45,0,939.444,119.556,0.778,3.222
"<a href=""https://tiktok.com/@aedjdpckd"" target=""_blank"">@aedjdpckd</a>",3,6,49.137,0.925,5,47,0,1637.833,36.667,0.667,0
"<a href=""https://tiktok.com/@aedjxpxodj"" target=""_blank"">@aedjxpxodj</a>",40,10,56.28,0.946,6,60,0,4349.4,251.4,3.2,10.7
"<a href=""https://tiktok.com/@aedyckctu"" target=""_blank"">@aedyckctu</a>",7,8,51.35,0.866,2,20,0,2538.25,118.5,1.25,0.5
"<a href=""https://tiktok.com/@airplane_video578"" target=""_blank"">@airplane_video578</a>",110,12,62.303,0.923,4,41,0,24568.567,372.5,6.967,58.2
"<a href=""https://tiktok.com/@aiwjfha"" target=""_blank"">@aiwjfha</a>",77,9,40,1,1,7,0,498.727,18.636,3.364,0.091
"<a href=""https://tiktok.com/@akkaanav.risksjsg"" target=""_blank"">@akkaanav.risksjsg</a>",11,10,61.341,0.875,3,31,0,42031.1,399.1,5.9,6.6
"<a href=""https://tiktok.com/@alba.haarmanny"" target=""_blank"">@alba.haarmanny</a>",57,9,57.143,1,1,7,0,1239.1,56.5,1,1.7
"<a href=""https://tiktok.com/@amazing_seeet120"" target=""_blank"">@amazing_seeet120</a>",64,10,94.158,0.5,1,19,0,723.24,37.76,2.76,1.28
"<a href=""https://tiktok.com/@amazingpilot0"" target=""_blank"">@amazingpilot0</a>",110,4,78.75,1,1,8,0,24.145,4.842,1.697,0.013
"<a href=""https://tiktok.com/@amazingpilot2"" target=""_blank"">@amazingpilot2</a>",110,2,38.25,1,1,8,0,45.484,10.641,2.531,0.016
"<a href=""https://tiktok.com/@andrew.allain2"" target=""_blank"">@andrew.allain2</a>",43,8,44.375,1,1,8,0,1576.25,158.125,1,0.375
"<a href=""https://tiktok.com/@arffug"" target=""_blank"">@arffug</a>",101,10,58.326,0.952,3,55,0,649.667,36.917,1.25,1.083
"<a href=""https://tiktok.com/@aseng.haymong"" target=""_blank"">@aseng.haymong</a>",58,10,58.312,0.871,5,46,0,2141.7,59.8,1.5,1.1
"<a href=""https://tiktok.com/@avafind2"" target=""_blank"">@avafind2</a>",115,20,38.691,1,2,26,0,251.792,0.708,0.042,0
"<a href=""https://tiktok.com/@avelina.asucen"" target=""_blank"">@avelina.asucen</a>",88,4,31.571,0.944,3,22,0,1045.75,46.75,0.5,0.75
"<a href=""https://tiktok.com/@awmilke"" target=""_blank"">@awmilke</a>",85,6,55.875,1,1,8,0,2063,89.333,1.167,0.167
"<a href=""https://tiktok.com/@ayanna.kelekele"" target=""_blank"">@ayanna.kelekele</a>",107,5,56.241,0.909,5,55,0,772.6,14.8,0.4,6
"<a href=""https://tiktok.com/@babypink6896"" target=""_blank"">@babypink6896</a>",27,6,59.549,1,2,17,0,904.5,49,2.167,13.667
"<a href=""https://tiktok.com/@barakah.yasmine.s"" target=""_blank"">@barakah.yasmine.s</a>",104,5,51.286,1,1,7,0,697.5,23,0.5,10
"<a href=""https://tiktok.com/@battl.kray"" target=""_blank"">@battl.kray</a>",50,7,54.901,0.824,6,49,0,14669,198.571,6.429,190
"<a href=""https://tiktok.com/@bbcanxmfe6"" target=""_blank"">@bbcanxmfe6</a>",94,3,49,0.8,2,14,0,1443.667,20.667,0.333,0.333
"<a href=""https://tiktok.com/@bcc662"" target=""_blank"">@bcc662</a>",28,5,42.143,1,1,7,0,1570.8,42.2,0.8,0.8
"<a href=""https://tiktok.com/@bdjkeo"" target=""_blank"">@bdjkeo</a>",14,5,59.071,0.844,2,19,0,198,1.6,0,0
"<a href=""https://tiktok.com/@bdjsbsk4"" target=""_blank"">@bdjsbsk4</a>",82,8,40.734,0.911,6,94,0,1091.5,53.5,0.875,0
"<a href=""https://tiktok.com/@bdpd57"" target=""_blank"">@bdpd57</a>",42,10,54.562,0.815,2,26,0,2764.8,219.5,0.7,2
"<a href=""https://tiktok.com/@be.jkigv"" target=""_blank"">@be.jkigv</a>",1,7,61.688,0.833,2,16,0,13865.714,569,6.143,2.143
"<a href=""https://tiktok.com/@beautifulseen30"" target=""_blank"">@beautifulseen30</a>",135,7,64.695,0.917,2,21,0,88.917,13.5,0.75,0
"<a href=""https://tiktok.com/@beautydriver2"" target=""_blank"">@beautydriver2</a>",110,5,64.167,0.857,1,12,0,1018.667,35.222,1.167,0.333
"<a href=""https://tiktok.com/@beixian060"" target=""_blank"">@beixian060</a>",130,3,70.357,0.5,2,14,0,649.333,33.667,5.667,0
"<a href=""https://tiktok.com/@benedossie2"" target=""_blank"">@benedossie2</a>",50,6,61.836,0.893,6,57,0,6343.333,80.667,0.167,1
"<a href=""https://tiktok.com/@berylsaunders19830"" target=""_blank"">@berylsaunders19830</a>",26,6,30.5,0.857,1,10,0,2493.667,49.833,0.667,2
"<a href=""https://tiktok.com/@bfc.hff"" target=""_blank"">@bfc.hff</a>",40,6,58.952,1,3,21,0,2602.625,40.75,1.625,0.625
"<a href=""https://tiktok.com/@bfihc"" target=""_blank"">@bfihc</a>",8,8,69.75,1,1,8,0,1423.75,84.125,0.25,4.375
"<a href=""https://tiktok.com/@bipiqo"" target=""_blank"">@bipiqo</a>",102,12,77.908,0.907,6,112,0,376.083,6.583,0.167,0
"<a href=""https://tiktok.com/@bixukf"" target=""_blank"">@bixukf</a>",85,6,70.295,1,2,15,0,3209.833,97.667,1.667,0.833
"<a href=""https://tiktok.com/@bjspsp"" target=""_blank"">@bjspsp</a>",97,8,71.852,0.944,2,22,0,13689,652.125,17.625,3.875
"<a href=""https://tiktok.com/@bkot6010"" target=""_blank"">@bkot6010</a>",71,12,56.433,0.929,2,41,0,1023.857,45.571,0.5,3.786
"<a href=""https://tiktok.com/@bloodcarme5"" target=""_blank"">@bloodcarme5</a>",59,9,49.714,1,1,7,0,1089.1,36.4,3,1.8
"<a href=""https://tiktok.com/@bmc12655"" target=""_blank"">@bmc12655</a>",1,8,59.95,0.867,6,65,0,6753.125,85.75,0.875,0.625
"<a href=""https://tiktok.com/@books3478"" target=""_blank"">@books3478</a>",28,6,44.683,0.929,2,16,0,928.833,63.333,0,0.167
"<a href=""https://tiktok.com/@bpgarp"" target=""_blank"">@bpgarp</a>",102,10,64.553,0.979,6,119,0,494.7,16.8,0.2,0.2
"<a href=""https://tiktok.com/@brooks.jenner"" target=""_blank"">@brooks.jenner</a>",107,3,61.813,1,5,43,0,482.667,32.667,0.667,2.333
"<a href=""https://tiktok.com/@bsbsbsvsv44"" target=""_blank"">@bsbsbsvsv44</a>",40,8,55.364,0.944,2,22,0,11766.25,295.375,4.75,3.125
"<a href=""https://tiktok.com/@buggyhugh1"" target=""_blank"">@buggyhugh1</a>",92,7,53.833,0.8,1,12,0,3417.714,86,1.286,0.143
"<a href=""https://tiktok.com/@bvoo3130"" target=""_blank"">@bvoo3130</a>",66,11,66.29,0.905,7,152,0,1707,40.909,0.455,0.091
"<a href=""https://tiktok.com/@bxkke4723"" target=""_blank"">@bxkke4723</a>",82,9,45.225,0.828,6,85,0,1403.556,55.667,0.333,0.111
"<a href=""https://tiktok.com/@caifu1802"" target=""_blank"">@caifu1802</a>",95,3,51.214,0.8,2,14,0,1250.667,66,0.667,1
"<a href=""https://tiktok.com/@carlos.alberto.al886"" target=""_blank"">@carlos.alberto.al886</a>",58,9,49.72,0.889,5,44,0,4476.778,73,1.111,0.556
"<a href=""https://tiktok.com/@carmen.vega355"" target=""_blank"">@carmen.vega355</a>",40,6,62.5,1,2,17,0,1909.667,78.5,0.5,0.833
"<a href=""https://tiktok.com/@cbnkugf"" target=""_blank"">@cbnkugf</a>",14,6,55.583,0.868,3,30,0,222.333,5,0,0
"<a href=""https://tiktok.com/@chaff8892"" target=""_blank"">@chaff8892</a>",27,6,54.211,0.938,2,19,0,1979.667,81.333,0.833,7.167
"<a href=""https://tiktok.com/@chantalkusch"" target=""_blank"">@chantalkusch</a>",1,7,62.056,0.952,6,55,0,10948.375,303.625,0.875,1.75
"<a href=""https://tiktok.com/@chdg050"" target=""_blank"">@chdg050</a>",44,7,41.857,0.857,1,7,0,2120,85.714,2,1.429
"<a href=""https://tiktok.com/@chghghj"" target=""_blank"">@chghghj</a>",108,13,52.717,0.938,2,25,0,1279.929,12.429,0.071,0.143
"<a href=""https://tiktok.com/@chhvfhjn"" target=""_blank"">@chhvfhjn</a>",16,6,57.375,0.857,1,8,0,402,11.833,0.833,0.833
"<a href=""https://tiktok.com/@chikni_baby"" target=""_blank"">@chikni_baby</a>",136,3,90,0.6,1,11,0,95,11.25,1,0
"<a href=""https://tiktok.com/@china_queen_520"" target=""_blank"">@china_queen_520</a>",110,10,65.616,0.889,3,25,0,13014.545,1515.091,49.182,158.939
"<a href=""https://tiktok.com/@chkchifofo"" target=""_blank"">@chkchifofo</a>",22,6,48.701,1,2,17,0,1078.333,95.333,0.833,0.5
"<a href=""https://tiktok.com/@cigcgict"" target=""_blank"">@cigcgict</a>",89,4,49.75,1,1,8,0,964.25,43.75,2,0.25
"<a href=""https://tiktok.com/@cihohsqwfi"" target=""_blank"">@cihohsqwfi</a>",21,6,50.524,1,3,21,0,786.833,24.667,0.167,0
"<a href=""https://tiktok.com/@ciojkb"" target=""_blank"">@ciojkb</a>",62,12,17.588,0.95,6,159,0,1052.917,74.5,0.083,1.167
"<a href=""https://tiktok.com/@cirila.mccorkle"" target=""_blank"">@cirila.mccorkle</a>",7,8,37.8,0.952,3,26,0,1807.875,56.5,0.75,0.875
"<a href=""https://tiktok.com/@cjgbkbl"" target=""_blank"">@cjgbkbl</a>",18,7,50.212,1,2,18,0,354.857,5.714,0.143,0
"<a href=""https://tiktok.com/@cjgkgk45"" target=""_blank"">@cjgkgk45</a>",30,4,59.214,1,2,14,0,328.5,11.75,0.25,0
"<a href=""https://tiktok.com/@cjsllfd"" target=""_blank"">@cjsllfd</a>",23,5,49.286,1,1,7,0,1350.8,90.2,0.4,0.6
"<a href=""https://tiktok.com/@cjur6297"" target=""_blank"">@cjur6297</a>",73,4,36.125,1,2,16,0,713.75,46.75,0,0
"<a href=""https://tiktok.com/@ckief1163"" target=""_blank"">@ckief1163</a>",67,12,16.431,1,4,39,0,1918.167,110.833,0.75,1.5
"<a href=""https://tiktok.com/@clirr5282"" target=""_blank"">@clirr5282</a>",74,4,63,0.8,1,10,0,1084.4,98.6,0.4,3
"<a href=""https://tiktok.com/@coicbf"" target=""_blank"">@coicbf</a>",109,4,40.857,1,1,7,0,11094.5,160.167,3.833,2
"<a href=""https://tiktok.com/@coirf88774"" target=""_blank"">@coirf88774</a>",75,5,63.772,1,2,25,0,1057.8,115.4,1.2,1.2
"<a href=""https://tiktok.com/@constantinos.hard"" target=""_blank"">@constantinos.hard</a>",107,6,36.98,0.891,5,60,0,2777.167,44.167,0.5,5.833
"<a href=""https://tiktok.com/@courr1227"" target=""_blank"">@courr1227</a>",75,5,63.042,1,2,25,0,695.2,51.2,0.8,1.4
"<a href=""https://tiktok.com/@cp.eagdu"" target=""_blank"">@cp.eagdu</a>",4,9,63.062,0.833,2,16,0,1760.889,87.444,0.667,0.222
"<a href=""https://tiktok.com/@craig.harrell0"" target=""_blank"">@craig.harrell0</a>",4,8,42.8,0.857,1,10,0,823.625,65.25,0.625,1.875
"<a href=""https://tiktok.com/@cuc.thu243"" target=""_blank"">@cuc.thu243</a>",61,7,44,1,1,8,0,4308.143,78.286,2.429,0.571
"<a href=""https://tiktok.com/@cuong.tangk"" target=""_blank"">@cuong.tangk</a>",57,8,57.143,1,1,7,0,1288.6,72.5,2.4,10.1
"<a href=""https://tiktok.com/@cute_queen7102"" target=""_blank"">@cute_queen7102</a>",110,7,49.087,0.929,2,21,0,2704.409,82.364,7.955,4.864
"<a href=""https://tiktok.com/@cutequeen_driver120"" target=""_blank"">@cutequeen_driver120</a>",63,6,57.677,0.9,1,31,0,203.923,36.077,4.846,2.115
"<a href=""https://tiktok.com/@cxd.shd"" target=""_blank"">@cxd.shd</a>",61,10,62.773,0.926,3,31,0,14002.3,145,6.2,3.2
"<a href=""https://tiktok.com/@dchj473"" target=""_blank"">@dchj473</a>",124,4,41.786,1,2,15,0,897,80.5,1.25,1.25
"<a href=""https://tiktok.com/@dchjo48"" target=""_blank"">@dchjo48</a>",120,3,37.741,0.967,6,54,0,1228.333,57.667,0,3.333
"<a href=""https://tiktok.com/@ddoom15"" target=""_blank"">@ddoom15</a>",130,4,55.768,0.754,6,60,0,390.25,21.75,0,1
"<a href=""https://tiktok.com/@debran.oxonrp00"" target=""_blank"">@debran.oxonrp00</a>",11,10,45.541,0.876,7,60,0,2325.5,68.8,0.4,0.8
"<a href=""https://tiktok.com/@debran.oxonrp81"" target=""_blank"">@debran.oxonrp81</a>",11,6,64.346,0.798,4,37,0,10177.125,116.125,1.125,1.75
"<a href=""https://tiktok.com/@debran.oxonrp86"" target=""_blank"">@debran.oxonrp86</a>",11,8,59.429,0.714,1,7,0,3986.125,118.25,2,2.5
"<a href=""https://tiktok.com/@den781157"" target=""_blank"">@den781157</a>",10,7,73.286,1,1,7,0,1674.889,123.889,1.444,0.333
"<a href=""https://tiktok.com/@dfbjqb"" target=""_blank"">@dfbjqb</a>",76,3,61.833,1,2,18,0,280,12.667,0,0.333
"<a href=""https://tiktok.com/@dfdfm03"" target=""_blank"">@dfdfm03</a>",130,3,55.806,0.822,3,32,0,3066.667,30.333,0.667,0
"<a href=""https://tiktok.com/@dghhg372"" target=""_blank"">@dghhg372</a>",97,9,60.5,1,2,22,0,2840,209.222,3,6.444
"<a href=""https://tiktok.com/@dgjo390"" target=""_blank"">@dgjo390</a>",126,4,45.25,1,2,16,0,323.25,17.5,0.25,0
"<a href=""https://tiktok.com/@dglqabj"" target=""_blank"">@dglqabj</a>",77,9,40,1,1,7,0,562.9,12.8,0,0.2
"<a href=""https://tiktok.com/@dhdh.gccxy"" target=""_blank"">@dhdh.gccxy</a>",60,6,36.714,0.833,1,7,0,1396.667,44,1.222,0.556
"<a href=""https://tiktok.com/@dhie1905"" target=""_blank"">@dhie1905</a>",70,11,10.545,1,1,11,0,934.077,72.615,0.769,1.154
"<a href=""https://tiktok.com/@dhuolt"" target=""_blank"">@dhuolt</a>",62,3,16.574,0.933,6,54,0,991.333,75.333,2.667,1.667
"<a href=""https://tiktok.com/@dijx3903"" target=""_blank"">@dijx3903</a>",66,12,70.442,0.97,7,152,0,1086,52.75,0.5,0.417
"<a href=""https://tiktok.com/@dining.seventy"" target=""_blank"">@dining.seventy</a>",92,6,53.833,0.8,1,12,0,949,43.143,0.286,0.571
"<a href=""https://tiktok.com/@dirkgncyy.z.110"" target=""_blank"">@dirkgncyy.z.110</a>",37,4,60,1,1,7,0,1541.25,154.75,1.25,0.25
"<a href=""https://tiktok.com/@djakbksi"" target=""_blank"">@djakbksi</a>",14,5,58.442,0.867,4,45,0,97.8,1.8,0,0
"<a href=""https://tiktok.com/@djbdjfjff"" target=""_blank"">@djbdjfjff</a>",38,8,49.423,0.952,3,22,0,1256.125,114.25,0.375,0.125
"<a href=""https://tiktok.com/@djejgek"" target=""_blank"">@djejgek</a>",14,6,61.371,0.857,3,37,0,264,4.667,0,0
"<a href=""https://tiktok.com/@djfntt.7191"" target=""_blank"">@djfntt.7191</a>",37,4,60,1,1,7,0,2252,192.25,0.75,1.5
"<a href=""https://tiktok.com/@djm9r"" target=""_blank"">@djm9r</a>",45,8,62,0.786,2,14,0,1163.25,87.25,0.875,1.625
"<a href=""https://tiktok.com/@djsisidh"" target=""_blank"">@djsisidh</a>",56,5,68.971,0.713,2,17,0,1429,93.2,1,1.2
"<a href=""https://tiktok.com/@drgd8391"" target=""_blank"">@drgd8391</a>",66,11,64.343,0.904,6,102,0,1194.455,89.455,0.818,0.818
"<a href=""https://tiktok.com/@dtbtcc8"" target=""_blank"">@dtbtcc8</a>",102,11,72.482,0.875,8,118,0,1394.182,50.818,0.273,2
"<a href=""https://tiktok.com/@dthh824"" target=""_blank"">@dthh824</a>",51,11,60.191,0.825,4,65,0,3221,102.545,0.636,1.364
"<a href=""https://tiktok.com/@duuff30"" target=""_blank"">@duuff30</a>",87,4,67,1,1,7,0,1303.5,74.75,0.25,1.75
"<a href=""https://tiktok.com/@dvdjsh29"" target=""_blank"">@dvdjsh29</a>",98,6,75.488,1,3,30,0,19362.167,775.833,5.667,4.333
"<a href=""https://tiktok.com/@dyxh0219"" target=""_blank"">@dyxh0219</a>",67,12,13.931,1,4,39,0,5734.167,81.083,0.75,1.333
"<a href=""https://tiktok.com/@eagehh"" target=""_blank"">@eagehh</a>",62,3,17.648,1,6,54,0,142.333,1.333,0,0
"<a href=""https://tiktok.com/@edithgriffith19594"" target=""_blank"">@edithgriffith19594</a>",26,6,30.5,0.857,1,10,0,2355.333,41.333,0,1.667
"<a href=""https://tiktok.com/@eexvnnooyy"" target=""_blank"">@eexvnnooyy</a>",113,12,51.987,0.91,5,52,0,1673.25,88.417,2.75,6.333
"<a href=""https://tiktok.com/@eiej4325"" target=""_blank"">@eiej4325</a>",66,12,70.192,0.957,6,101,0,650.583,43.5,0.5,0.083
"<a href=""https://tiktok.com/@emory.drawehj"" target=""_blank"">@emory.drawehj</a>",58,9,48.593,0.868,4,33,0,2658,56.6,2.1,1.2
"<a href=""https://tiktok.com/@eqmhqf"" target=""_blank"">@eqmhqf</a>",102,11,63.959,0.946,7,133,0,800,27.818,0.091,0.273
"<a href=""https://tiktok.com/@eqxela7"" target=""_blank"">@eqxela7</a>",133,3,35.611,1,5,45,0,469.333,20.667,0.333,0
"<a href=""https://tiktok.com/@ethan.carter.mitchell"" target=""_blank"">@ethan.carter.mitchell</a>",105,5,47.286,0.8,1,7,0,962.333,42.667,2,8.667
"<a href=""https://tiktok.com/@evntft"" target=""_blank"">@evntft</a>",78,8,53.875,1,1,8,0,607.111,20.778,0,0.111
"<a href=""https://tiktok.com/@eyidk5"" target=""_blank"">@eyidk5</a>",97,8,59.044,0.944,3,29,0,694.5,55.125,0.625,0
"<a href=""https://tiktok.com/@fauy8466"" target=""_blank"">@fauy8466</a>",7,7,42.9,0.938,2,18,0,2548.286,108.429,1.143,0.857
"<a href=""https://tiktok.com/@fbnggg2"" target=""_blank"">@fbnggg2</a>",99,5,49,1,1,7,0,463366.4,19673.4,117.6,263.2
"<a href=""https://tiktok.com/@fcjjv86"" target=""_blank"">@fcjjv86</a>",2,6,58.038,0.952,3,25,0,3037.625,144.375,0.5,1.875
"<a href=""https://tiktok.com/@fduic5"" target=""_blank"">@fduic5</a>",2,8,54.924,0.866,5,44,0,1842.3,68.5,0.5,1.5
"<a href=""https://tiktok.com/@fefpls"" target=""_blank"">@fefpls</a>",118,3,35.333,1,1,9,0,238.333,6,0,0.667
"<a href=""https://tiktok.com/@fgvv752"" target=""_blank"">@fgvv752</a>",124,4,50.417,1,3,24,0,3184.75,220.25,0.25,41.5
"<a href=""https://tiktok.com/@fhakowbz"" target=""_blank"">@fhakowbz</a>",14,5,60.348,0.914,4,39,0,95.4,1,0,0
"<a href=""https://tiktok.com/@fhda78402"" target=""_blank"">@fhda78402</a>",66,12,70.563,0.95,5,118,0,701.75,53.167,0.5,0.333
"<a href=""https://tiktok.com/@fhdjfjfj8"" target=""_blank"">@fhdjfjfj8</a>",19,6,49.411,0.944,3,23,0,765.5,36.5,2.667,0.5
"<a href=""https://tiktok.com/@fhfg2499"" target=""_blank"">@fhfg2499</a>",41,6,57.143,1,1,7,0,3876.667,214.167,2.667,6.667
"<a href=""https://tiktok.com/@fhggf28"" target=""_blank"">@fhggf28</a>",29,4,57.857,1,1,7,0,165.25,2,0,0
"<a href=""https://tiktok.com/@fhgse42"" target=""_blank"">@fhgse42</a>",124,4,52.411,1,2,15,0,2243,51.75,0.75,0.25
"<a href=""https://tiktok.com/@fhkundshunk"" target=""_blank"">@fhkundshunk</a>",13,5,61.179,0.9,2,15,0,1497.6,42.2,3.2,1.8
"<a href=""https://tiktok.com/@fhxk1941"" target=""_blank"">@fhxk1941</a>",71,9,64.861,1,2,45,0,846.444,47.333,0.333,1.889
"<a href=""https://tiktok.com/@fijvxdd"" target=""_blank"">@fijvxdd</a>",34,6,53.523,0.857,2,19,0,2103.375,49,0.875,0.5
"<a href=""https://tiktok.com/@fixthedrama"" target=""_blank"">@fixthedrama</a>",93,4,52,0.833,1,8,0,32418,256.75,8.5,6.75
"<a href=""https://tiktok.com/@fjjfjko"" target=""_blank"">@fjjfjko</a>",14,6,71.932,0.871,5,44,0,154.167,2.833,0.167,0
"<a href=""https://tiktok.com/@fjngjrffu"" target=""_blank"">@fjngjrffu</a>",29,4,57.857,1,1,7,0,574,25.75,1,15
"<a href=""https://tiktok.com/@fjvfjk4"" target=""_blank"">@fjvfjk4</a>",40,10,60.778,0.978,5,53,0,2790.2,104.5,2.7,1.1
"<a href=""https://tiktok.com/@fkhfe5"" target=""_blank"">@fkhfe5</a>",123,4,80.5,1,1,8,0,1738,51.75,0,1.75
"<a href=""https://tiktok.com/@fkir2290"" target=""_blank"">@fkir2290</a>",73,4,58.333,1,3,24,0,877.75,88,0.75,1
"<a href=""https://tiktok.com/@fkncxh"" target=""_blank"">@fkncxh</a>",34,5,62.262,0.849,3,22,0,1755.667,52.556,0.333,0.444
"<a href=""https://tiktok.com/@flsosi5"" target=""_blank"">@flsosi5</a>",98,8,66.781,1,4,40,0,1134.875,66.5,1.25,0.625
"<a href=""https://tiktok.com/@fm04718"" target=""_blank"">@fm04718</a>",122,4,56.25,1,1,8,0,487.75,36.75,1.25,0.25
"<a href=""https://tiktok.com/@fnnf8890"" target=""_blank"">@fnnf8890</a>",74,5,63,0.8,1,10,0,750.4,50,1.2,0
"<a href=""https://tiktok.com/@forscalligaro"" target=""_blank"">@forscalligaro</a>",131,2,77,0.5,1,8,0,184.5,1,0,0
"<a href=""https://tiktok.com/@fpominm.yupomisc"" target=""_blank"">@fpominm.yupomisc</a>",82,3,56.25,0.714,1,8,0,827.333,23.333,0.333,0
"<a href=""https://tiktok.com/@fsfgi"" target=""_blank"">@fsfgi</a>",127,4,57,1,1,7,0,10903.75,518.75,1,6.75
"<a href=""https://tiktok.com/@fteecfs"" target=""_blank"">@fteecfs</a>",81,7,22.333,0.9,2,20,0,1770.143,92.429,1,0.714
"<a href=""https://tiktok.com/@fughf21"" target=""_blank"">@fughf21</a>",1,8,42.939,1,3,27,0,1753.875,124,0.75,1.125
"<a href=""https://tiktok.com/@fvbsiw"" target=""_blank"">@fvbsiw</a>",76,12,69,1,1,9,0,378.389,15.111,0.222,0.167
"<a href=""https://tiktok.com/@g.in.cgn"" target=""_blank"">@g.in.cgn</a>",88,4,42.702,0.756,3,22,0,1398.25,151.5,1,0
"<a href=""https://tiktok.com/@gatillocristein6"" target=""_blank"">@gatillocristein6</a>",47,7,57.636,0.875,1,11,0,4740.667,77.222,3.778,3.667
"<a href=""https://tiktok.com/@gckcj4"" target=""_blank"">@gckcj4</a>",7,5,45.5,1,1,8,0,1162.333,57.667,0.5,0
"<a href=""https://tiktok.com/@gdijdgsh4"" target=""_blank"">@gdijdgsh4</a>",42,6,41.25,0.857,1,8,0,3233.667,217.333,2.333,2
"<a href=""https://tiktok.com/@gdjdi63"" target=""_blank"">@gdjdi63</a>",97,9,77.768,1,4,38,0,1329.222,86.444,1.111,0
"<a href=""https://tiktok.com/@gduaddit"" target=""_blank"">@gduaddit</a>",30,4,55.946,1,2,15,0,256.75,4.5,0,0
"<a href=""https://tiktok.com/@gduhx01"" target=""_blank"">@gduhx01</a>",2,8,40.889,0.885,5,49,0,12533.25,93.125,1,2
"<a href=""https://tiktok.com/@gdxhij"" target=""_blank"">@gdxhij</a>",124,4,60.4,1,5,40,0,2755,189.5,4.5,2.75
"<a href=""https://tiktok.com/@gdzvh1"" target=""_blank"">@gdzvh1</a>",128,3,53.167,1,2,18,0,546199.333,84883,296,13849
"<a href=""https://tiktok.com/@geifocve"" target=""_blank"">@geifocve</a>",40,9,52.072,0.979,6,55,0,2429.333,126.556,1.222,0.889
"<a href=""https://tiktok.com/@geujcc"" target=""_blank"">@geujcc</a>",3,8,48.354,0.935,5,59,0,1751.625,83.125,8.375,10
"<a href=""https://tiktok.com/@ghadir.tamadur.ba"" target=""_blank"">@ghadir.tamadur.ba</a>",106,5,52.267,0.778,1,15,0,561,31.4,2.2,4.4
"<a href=""https://tiktok.com/@gheoe8"" target=""_blank"">@gheoe8</a>",97,8,59.073,0.952,3,39,0,20607.25,591.125,4.625,4.875
"<a href=""https://tiktok.com/@ghfee48"" target=""_blank"">@ghfee48</a>",126,4,61.5,1,2,16,0,1457.75,51.25,1,1.25
"<a href=""https://tiktok.com/@ghhj8554"" target=""_blank"">@ghhj8554</a>",66,10,71.702,0.895,7,89,0,1416.7,69.4,0.4,0.3
"<a href=""https://tiktok.com/@ghjbsjb"" target=""_blank"">@ghjbsjb</a>",14,6,57.908,0.879,4,34,0,112.167,0.5,0,0
"<a href=""https://tiktok.com/@ghv.vbk"" target=""_blank"">@ghv.vbk</a>",11,10,62.105,0.779,5,39,0,1627.2,84.4,1.1,0.5
"<a href=""https://tiktok.com/@ghvvhvcgvvccf"" target=""_blank"">@ghvvhvcgvvccf</a>",113,12,61.021,0.81,3,31,0,3681,85.333,0.583,1.75
"<a href=""https://tiktok.com/@ghzdxbj"" target=""_blank"">@ghzdxbj</a>",112,7,78.455,1,1,11,0,1822.143,73.429,1.857,4
"<a href=""https://tiktok.com/@gigigjj"" target=""_blank"">@gigigjj</a>",21,5,53.214,1,2,14,0,362.2,8.4,0.4,0
"<a href=""https://tiktok.com/@girldriver_8363"" target=""_blank"">@girldriver_8363</a>",110,8,68.889,0.938,2,24,0,39736.947,1650.368,32.316,26.105
"<a href=""https://tiktok.com/@gisela.lipke"" target=""_blank"">@gisela.lipke</a>",3,6,46.633,0.911,3,28,0,3450.333,84.833,0.167,1.167
"<a href=""https://tiktok.com/@givi0331"" target=""_blank"">@givi0331</a>",72,9,58.591,0.958,4,64,0,565.364,43.455,0.091,0.818
"<a href=""https://tiktok.com/@gjfdd68"" target=""_blank"">@gjfdd68</a>",128,3,69.167,0.8,2,18,0,295,3.667,0,0
"<a href=""https://tiktok.com/@gjhg8047"" target=""_blank"">@gjhg8047</a>",66,7,56.348,0.911,6,62,0,329.857,6.571,0.143,0.286
"<a href=""https://tiktok.com/@gkk6161"" target=""_blank"">@gkk6161</a>",122,4,86.5,1,2,16,0,189.5,18,0.75,0
"<a href=""https://tiktok.com/@gkkfykjb"" target=""_blank"">@gkkfykjb</a>",21,4,56.714,1,1,7,0,847.25,64.75,1.5,0.75
"<a href=""https://tiktok.com/@glye82199"" target=""_blank"">@glye82199</a>",67,12,19.253,1,4,40,0,1719.917,91.25,0.5,1.083
"<a href=""https://tiktok.com/@gnooloh"" target=""_blank"">@gnooloh</a>",31,4,51.143,0.833,1,7,0,598.5,76.25,0.25,0.25
"<a href=""https://tiktok.com/@gohdr4367"" target=""_blank"">@gohdr4367</a>",82,9,46.515,0.89,6,88,0,2421.444,70.889,1.111,0.667
"<a href=""https://tiktok.com/@gooejxrtudk"" target=""_blank"">@gooejxrtudk</a>",15,6,57.875,1,1,8,0,403.833,11.833,0.667,0.333
"<a href=""https://tiktok.com/@gooj806"" target=""_blank"">@gooj806</a>",50,7,54.158,0.825,4,37,0,2344.429,102.714,0.857,6.429
"<a href=""https://tiktok.com/@gour2295"" target=""_blank"">@gour2295</a>",75,5,57.731,1,2,26,0,777.8,39.2,0.4,0.2
"<a href=""https://tiktok.com/@grdgh760"" target=""_blank"">@grdgh760</a>",124,4,72,1,1,8,0,812.75,53.25,0,0
"<a href=""https://tiktok.com/@grilofchina"" target=""_blank"">@grilofchina</a>",135,5,64.3,1,1,10,0,66.636,15.727,0.818,0.091
"<a href=""https://tiktok.com/@grry77768"" target=""_blank"">@grry77768</a>",54,5,44.25,1,1,8,0,1079.25,123.375,0.625,0.875
"<a href=""https://tiktok.com/@gshr888"" target=""_blank"">@gshr888</a>",130,3,61.81,0.822,3,25,0,3567.667,47.333,2,3.333
"<a href=""https://tiktok.com/@gutieyy7"" target=""_blank"">@gutieyy7</a>",45,7,52.571,0.857,1,7,0,3152.286,137.286,1.429,1
"<a href=""https://tiktok.com/@gxiiff3"" target=""_blank"">@gxiiff3</a>",4,8,59.294,0.841,3,30,0,2711.375,178.5,0.25,2.25
"<a href=""https://tiktok.com/@gysfh4"" target=""_blank"">@gysfh4</a>",98,9,68.375,1,1,8,0,1399.889,58,0.778,0.222
"<a href=""https://tiktok.com/@gzchjj"" target=""_blank"">@gzchjj</a>",120,3,29.667,1,2,18,0,7001,265.333,8,16.667
"<a href=""https://tiktok.com/@hajhsh12"" target=""_blank"">@hajhsh12</a>",18,8,65.69,0.881,4,36,0,870.625,83.25,1.125,0.75
"<a href=""https://tiktok.com/@hbjoggv"" target=""_blank"">@hbjoggv</a>",19,5,56.42,1,2,15,0,239.8,6.4,0,0
"<a href=""https://tiktok.com/@hciiv26"" target=""_blank"">@hciiv26</a>",4,10,66.927,0.812,4,40,0,1368.4,109.8,1.9,3.5
"<a href=""https://tiktok.com/@hckcudh1"" target=""_blank"">@hckcudh1</a>",41,6,57.143,1,1,7,0,4259,140.5,0.5,1
"<a href=""https://tiktok.com/@hckgovj"" target=""_blank"">@hckgovj</a>",40,6,53.233,1,3,24,0,3956.333,172.167,1,3
"<a href=""https://tiktok.com/@hcuccu156"" target=""_blank"">@hcuccu156</a>",124,4,53.473,1,4,31,0,1463.5,63.5,0.5,2
"<a href=""https://tiktok.com/@hddgjj79"" target=""_blank"">@hddgjj79</a>",128,3,41.037,0.933,3,27,0,2290.667,68.333,1.333,9
"<a href=""https://tiktok.com/@hdhxh3484"" target=""_blank"">@hdhxh3484</a>",2,6,43.643,0.8,2,14,0,1871.833,51.5,0.333,1.667
"<a href=""https://tiktok.com/@hdifhg5"" target=""_blank"">@hdifhg5</a>",1,9,48.878,0.949,9,85,0,1586.667,56.889,0.778,0.222
"<a href=""https://tiktok.com/@hdksp6389"" target=""_blank"">@hdksp6389</a>",88,5,39.089,0.893,5,40,0,1204,93.2,0.6,0.2
"<a href=""https://tiktok.com/@hdkte6"" target=""_blank"">@hdkte6</a>",121,4,47.714,1,1,7,0,3906.25,71,0.25,0
"<a href=""https://tiktok.com/@hdmjwo1"" target=""_blank"">@hdmjwo1</a>",101,3,79.119,1,2,16,0,604.333,48.444,0.333,4.556
"<a href=""https://tiktok.com/@hdodjdb5"" target=""_blank"">@hdodjdb5</a>",3,7,50.984,0.886,5,58,0,747.286,15.857,0.286,0.143
"<a href=""https://tiktok.com/@hdr86575"" target=""_blank"">@hdr86575</a>",9,6,36.5,1,1,8,0,1398.667,84,0.5,0.167
"<a href=""https://tiktok.com/@hds.hy"" target=""_blank"">@hds.hy</a>",90,4,14.5,1,1,8,0,1424.75,135,2,0.5
"<a href=""https://tiktok.com/@hdsgh57"" target=""_blank"">@hdsgh57</a>",119,4,45.75,1,1,8,0,6365.25,233,1.5,5.25
"<a href=""https://tiktok.com/@hdvhds4"" target=""_blank"">@hdvhds4</a>",88,4,34.226,0.889,3,22,0,1262.5,98.75,0.75,0
"<a href=""https://tiktok.com/@hfstil3"" target=""_blank"">@hfstil3</a>",97,7,74.253,1,2,18,0,10336,468.714,5.571,3.571
"<a href=""https://tiktok.com/@hgidsi"" target=""_blank"">@hgidsi</a>",82,6,54.239,0.764,6,76,0,1275.667,110.333,0.167,0.167
"<a href=""https://tiktok.com/@hhdhuwp"" target=""_blank"">@hhdhuwp</a>",78,8,53.875,1,1,8,0,303.25,10.5,0,0
"<a href=""https://tiktok.com/@hi.pnct"" target=""_blank"">@hi.pnct</a>",18,5,58.223,0.833,2,15,0,486.4,13.4,0,0
"<a href=""https://tiktok.com/@hidouo"" target=""_blank"">@hidouo</a>",102,9,57.337,0.839,3,63,0,683.545,26.455,0,0.364
"<a href=""https://tiktok.com/@hjde197"" target=""_blank"">@hjde197</a>",122,4,54.75,1,4,32,0,1079.25,25.75,0,0.5
"<a href=""https://tiktok.com/@hltuoq"" target=""_blank"">@hltuoq</a>",102,12,62.388,0.952,4,91,0,689.583,16.25,0.083,0.333
"<a href=""https://tiktok.com/@hoeg.huan"" target=""_blank"">@hoeg.huan</a>",11,9,53.83,0.824,8,66,0,11211.111,94.778,1.333,1
"<a href=""https://tiktok.com/@hofkst5"" target=""_blank"">@hofkst5</a>",124,4,32,1,1,8,0,7566,129.25,1.25,2.75
"<a href=""https://tiktok.com/@hojdmc"" target=""_blank"">@hojdmc</a>",62,15,19.451,0.931,7,186,0,859.6,111.533,1.2,0.467
"<a href=""https://tiktok.com/@hootchxs"" target=""_blank"">@hootchxs</a>",23,5,49.286,1,1,7,0,1070.4,34.8,0,0.4
"<a href=""https://tiktok.com/@housn103"" target=""_blank"">@housn103</a>",3,5,48.812,0.958,3,26,0,4768.4,37.8,10,29
"<a href=""https://tiktok.com/@hpcfh"" target=""_blank"">@hpcfh</a>",44,7,65.295,1,2,15,0,3812.143,95.714,1.286,0.429
"<a href=""https://tiktok.com/@hq12151718"" target=""_blank"">@hq12151718</a>",123,4,96.25,1,1,8,0,743,68,0.5,0.25
"<a href=""https://tiktok.com/@hrsvh24"" target=""_blank"">@hrsvh24</a>",124,4,31.167,1,3,24,0,3160,144.5,0.5,3.75
"<a href=""https://tiktok.com/@hsiwibs"" target=""_blank"">@hsiwibs</a>",14,5,55.438,0.917,2,18,0,122,0.8,0,0
"<a href=""https://tiktok.com/@htjzwe4"" target=""_blank"">@htjzwe4</a>",84,6,78.25,1,1,8,0,7489.167,166,4.167,1
"<a href=""https://tiktok.com/@huff797"" target=""_blank"">@huff797</a>",28,5,65.286,0.8,1,7,0,1670,51.2,0.6,0.2
"<a href=""https://tiktok.com/@hurrryu"" target=""_blank"">@hurrryu</a>",97,8,74.625,1,4,37,0.001,1808,87.444,0.778,0.889
"<a href=""https://tiktok.com/@hwvrok"" target=""_blank"">@hwvrok</a>",83,6,50,1,2,16,0,2726.167,70.833,0.167,0.333
"<a href=""https://tiktok.com/@hzjsjs897"" target=""_blank"">@hzjsjs897</a>",90,4,14.5,1,1,8,0,2040.25,212.75,1.25,0.5
"<a href=""https://tiktok.com/@idhd139"" target=""_blank"">@idhd139</a>",4,10,54.5,0.75,1,12,0,2082.6,135.2,1,1.6
"<a href=""https://tiktok.com/@ididu034"" target=""_blank"">@ididu034</a>",44,9,58.25,1,2,16,0,1827.6,115,1.5,1.1
"<a href=""https://tiktok.com/@idpeoc"" target=""_blank"">@idpeoc</a>",102,12,70.908,0.925,8,133,0,837.083,26.583,0.083,0.25
"<a href=""https://tiktok.com/@iffhkk0"" target=""_blank"">@iffhkk0</a>",124,4,34.5,1,3,24,0,5181.5,111.25,1.25,3.75
"<a href=""https://tiktok.com/@ifrt2705"" target=""_blank"">@ifrt2705</a>",69,11,10.545,1,1,11,0,1303.333,53.067,1.067,0.4
"<a href=""https://tiktok.com/@igivj.ju"" target=""_blank"">@igivj.ju</a>",31,4,51.143,0.833,1,7,0,222.5,4.25,0,0
"<a href=""https://tiktok.com/@ihihgi1"" target=""_blank"">@ihihgi1</a>",3,4,55.429,1,1,7,0,3607.25,55.5,0.75,2
"<a href=""https://tiktok.com/@ilges.estelwei"" target=""_blank"">@ilges.estelwei</a>",58,8,41.456,0.95,2,19,0,6526.25,151.75,6.125,5.375
"<a href=""https://tiktok.com/@iltrukikr"" target=""_blank"">@iltrukikr</a>",123,4,88.375,1,2,16,0,867.25,86.75,0.25,0
"<a href=""https://tiktok.com/@immanuel.dominik"" target=""_blank"">@immanuel.dominik</a>",11,10,61.051,0.925,6,60,0,3646.6,43.8,0.5,0.5
"<a href=""https://tiktok.com/@irdc042"" target=""_blank"">@irdc042</a>",1,9,59.071,0.825,7,70,0,2895.111,224.667,0.444,2.667
"<a href=""https://tiktok.com/@isce0690"" target=""_blank"">@isce0690</a>",72,11,66.282,0.881,4,66,0,1884,71.364,0.455,0.455
"<a href=""https://tiktok.com/@isggekf"" target=""_blank"">@isggekf</a>",79,8,44.429,1,1,7,0,461.444,7.667,0.222,0
"<a href=""https://tiktok.com/@isgsjdj0"" target=""_blank"">@isgsjdj0</a>",98,8,65.5,0.833,2,20,0,7547.125,368,4.5,1.125
"<a href=""https://tiktok.com/@isr0065"" target=""_blank"">@isr0065</a>",120,3,34,0.967,6,52,0,5201.333,99,0,2
"<a href=""https://tiktok.com/@its92008"" target=""_blank"">@its92008</a>",120,3,83.667,1,5,43,0,9654.333,77,0.667,0.667
"<a href=""https://tiktok.com/@itsstj2"" target=""_blank"">@itsstj2</a>",97,8,65.438,0.944,3,37,0,584.125,39,0.75,0.375
"<a href=""https://tiktok.com/@jajsjsn56"" target=""_blank"">@jajsjsn56</a>",51,8,53.22,0.801,4,46,0,1549.125,59.25,1,1.125
"<a href=""https://tiktok.com/@jane95436"" target=""_blank"">@jane95436</a>",47,6,57.636,0.875,1,11,0,1889,26.167,1.5,1
"<a href=""https://tiktok.com/@janimani417"" target=""_blank"">@janimani417</a>",110,4,59.543,1,2,22,0,12219,83.25,0,12.75
"<a href=""https://tiktok.com/@javion.yang"" target=""_blank"">@javion.yang</a>",103,6,47.571,1,1,7,0,3000,291,23.5,70
"<a href=""https://tiktok.com/@jccj44506"" target=""_blank"">@jccj44506</a>",66,3,63.94,1,4,34,0,321.667,6,0.667,0
"<a href=""https://tiktok.com/@jckfjd.bff"" target=""_blank"">@jckfjd.bff</a>",40,10,54.339,0.964,4,33,0,189673.3,9015.7,54.9,193.5
"<a href=""https://tiktok.com/@jdhxk85"" target=""_blank"">@jdhxk85</a>",117,9,42.935,0.929,1,31,0,1271,109.75,1.167,0.5
"<a href=""https://tiktok.com/@jdkckcj2"" target=""_blank"">@jdkckcj2</a>",6,7,51.889,1,1,9,0,2680.429,70.429,1.714,2.857
"<a href=""https://tiktok.com/@jdpxorjf"" target=""_blank"">@jdpxorjf</a>",1,6,48.125,0.833,2,16,0,997.167,109.5,0.333,0.333
"<a href=""https://tiktok.com/@jebrt.keehg"" target=""_blank"">@jebrt.keehg</a>",53,9,51.857,1,1,7,0,1055.778,56.444,0.667,2.667
"<a href=""https://tiktok.com/@jecxsz"" target=""_blank"">@jecxsz</a>",133,3,36.222,1,5,45,0,631,30.333,0,0.667
"<a href=""https://tiktok.com/@jelejeh1"" target=""_blank"">@jelejeh1</a>",98,8,68.294,0.944,3,30,0,948.625,81.5,1.375,0.125
"<a href=""https://tiktok.com/@jfdd653"" target=""_blank"">@jfdd653</a>",9,6,36.5,1,1,8,0,1885.167,69.833,0.5,0.333
"<a href=""https://tiktok.com/@jfjjfhk8"" target=""_blank"">@jfjjfhk8</a>",56,7,48.071,0.9,2,15,0,2021.429,186.714,2.286,2.857
"<a href=""https://tiktok.com/@jfkovj5"" target=""_blank"">@jfkovj5</a>",1,10,58.075,0.844,8,68,0,3186.6,235.9,2,1.1
"<a href=""https://tiktok.com/@jfoxbx"" target=""_blank"">@jfoxbx</a>",39,9,50.143,1,1,7,0,2795.778,248.778,8.667,50.333
"<a href=""https://tiktok.com/@jkdkj"" target=""_blank"">@jkdkj</a>",20,6,53.857,0.857,1,7,0,1195.667,84.667,0.5,0
"<a href=""https://tiktok.com/@jkuy0534"" target=""_blank"">@jkuy0534</a>",66,12,81.037,0.943,5,89,0,661.25,86.833,0.5,2.5
"<a href=""https://tiktok.com/@jsjsbjsso"" target=""_blank"">@jsjsbjsso</a>",111,7,55.778,0.889,1,9,0,3992.444,92.556,1.667,12.778
"<a href=""https://tiktok.com/@jsjsjksmsmsk"" target=""_blank"">@jsjsjksmsmsk</a>",113,12,72.434,0.862,4,49,0,1746.917,22.75,0.333,0.583
"<a href=""https://tiktok.com/@jsosjxj8"" target=""_blank"">@jsosjxj8</a>",1,10,52.869,0.908,7,77,0,2563.6,137.4,1.7,0.4
"<a href=""https://tiktok.com/@jspsns3"" target=""_blank"">@jspsns3</a>",97,6,50.167,1,3,24,0,46753.167,1682,17.5,40
"<a href=""https://tiktok.com/@jtcytxyzey"" target=""_blank"">@jtcytxyzey</a>",1,8,53.196,0.967,5,40,0,1888.25,167.125,2.5,6.625
"<a href=""https://tiktok.com/@juliedouglass2013"" target=""_blank"">@juliedouglass2013</a>",36,7,75.5,1,1,8,0,4126.2,221.7,13.3,21.3
"<a href=""https://tiktok.com/@juliosalazar229"" target=""_blank"">@juliosalazar229</a>",58,6,60.693,0.875,3,28,0,3645.1,91.8,1.2,0.5
"<a href=""https://tiktok.com/@jvhb240"" target=""_blank"">@jvhb240</a>",51,8,60.189,0.718,3,36,0,2059.375,67.625,0.5,0.5
"<a href=""https://tiktok.com/@jvtvc3"" target=""_blank"">@jvtvc3</a>",50,12,65.339,0.792,5,62,0,1970.333,80.417,0.667,0.75
"<a href=""https://tiktok.com/@kaylabigsjo"" target=""_blank"">@kaylabigsjo</a>",24,5,50.333,1,1,9,0,357,11,0,0
"<a href=""https://tiktok.com/@kdywnty"" target=""_blank"">@kdywnty</a>",86,5,32.429,0.833,1,7,0,9413,240.333,2.667,2.5
"<a href=""https://tiktok.com/@keaimaomimiao"" target=""_blank"">@keaimaomimiao</a>",131,2,29.25,0.8,1,8,0,807,66,2,0.5
"<a href=""https://tiktok.com/@kfusj3"" target=""_blank"">@kfusj3</a>",56,9,34.9,0.812,2,18,0,2334.444,191,2.667,6.778
"<a href=""https://tiktok.com/@kgkghkv"" target=""_blank"">@kgkghkv</a>",18,6,58.99,0.929,2,20,0,550.167,17.167,0,0
"<a href=""https://tiktok.com/@kgx703"" target=""_blank"">@kgx703</a>",120,3,34.333,1,2,18,0,801.667,73.333,1,1.667
"<a href=""https://tiktok.com/@khanh.dao61"" target=""_blank"">@khanh.dao61</a>",49,5,52.5,0.929,2,18,0,2987.8,49.8,0.6,1.8
"<a href=""https://tiktok.com/@khfhc2"" target=""_blank"">@khfhc2</a>",39,9,50.143,1,1,7,0,1410.778,106.111,0.889,1.778
"<a href=""https://tiktok.com/@kimleonard0623"" target=""_blank"">@kimleonard0623</a>",35,7,34.429,1,1,7,0,5504.7,165.9,1.9,1.3
"<a href=""https://tiktok.com/@kjuq5904"" target=""_blank"">@kjuq5904</a>",66,6,64.485,0.96,5,65,0,1007.75,93.167,1,0.667
"<a href=""https://tiktok.com/@knl39aprh6"" target=""_blank"">@knl39aprh6</a>",116,12,19.58,1,2,23,0,554.167,2.167,0,0.083
"<a href=""https://tiktok.com/@krissi.jamecia"" target=""_blank"">@krissi.jamecia</a>",55,7,70.143,1,1,7,0,2281.375,170.5,2,0.75
"<a href=""https://tiktok.com/@krug011"" target=""_blank"">@krug011</a>",1,9,49.677,0.911,9,94,0,2381.222,169.111,2.222,1.111
"<a href=""https://tiktok.com/@ksndfmggf"" target=""_blank"">@ksndfmggf</a>",38,7,52.929,0.929,2,14,0,967.857,56.571,0.714,0.143
"<a href=""https://tiktok.com/@kubjij"" target=""_blank"">@kubjij</a>",62,12,18.507,0.982,6,159,0,952.833,128.833,1.167,1
"<a href=""https://tiktok.com/@kubri_queen"" target=""_blank"">@kubri_queen</a>",136,5,90,0.6,1,11,0,1793.8,79.6,5.6,2.8
"<a href=""https://tiktok.com/@landscape5670"" target=""_blank"">@landscape5670</a>",12,10,61.418,0.866,4,41,0,3143.2,188,1.9,0.9
"<a href=""https://tiktok.com/@lanora.haskely"" target=""_blank"">@lanora.haskely</a>",58,9,52.063,0.924,5,47,0,2265.556,70.222,0.333,2.556
"<a href=""https://tiktok.com/@lawgray3"" target=""_blank"">@lawgray3</a>",50,9,54.589,0.858,7,86,0,2346.111,106,0.222,0.889
"<a href=""https://tiktok.com/@ldaphc"" target=""_blank"">@ldaphc</a>",133,3,34.852,1,5,45,0,218.667,13,0,0
"<a href=""https://tiktok.com/@lhodsrr"" target=""_blank"">@lhodsrr</a>",20,5,59.444,1,1,9,0,1135.6,35.8,1.8,0
"<a href=""https://tiktok.com/@lhqitc"" target=""_blank"">@lhqitc</a>",102,12,73.706,0.883,4,52,0,825.333,21.583,0.083,0.417
"<a href=""https://tiktok.com/@liaojiuyu"" target=""_blank"">@liaojiuyu</a>",82,9,55.137,0.859,6,86,0,1520.889,38.889,0.889,0.333
"<a href=""https://tiktok.com/@lin689668987"" target=""_blank"">@lin689668987</a>",13,4,55.857,0.8,1,7,0,1916.75,64.25,3.75,10
"<a href=""https://tiktok.com/@ljpjvh"" target=""_blank"">@ljpjvh</a>",83,5,31.225,1,2,18,0,1475.2,73.6,1.6,0.6
"<a href=""https://tiktok.com/@ljy88886"" target=""_blank"">@ljy88886</a>",131,2,42.5,1,1,8,0,759.5,27.5,0.5,0.5
"<a href=""https://tiktok.com/@lnppoe"" target=""_blank"">@lnppoe</a>",100,11,68.138,0.958,2,53,0,8144,125.455,8.273,6.636
"<a href=""https://tiktok.com/@lojzsviu"" target=""_blank"">@lojzsviu</a>",18,7,38.625,1,1,8,0,1168.286,93.143,0.143,0.286
"<a href=""https://tiktok.com/@lovelydriver51"" target=""_blank"">@lovelydriver51</a>",63,6,57.677,0.9,1,31,0,6804.364,610.545,29.091,13.545
"<a href=""https://tiktok.com/@lpdjjnk"" target=""_blank"">@lpdjjnk</a>",22,5,47.062,1,2,16,0,688,31.6,0,0.4
"<a href=""https://tiktok.com/@ludwin.keith"" target=""_blank"">@ludwin.keith</a>",107,6,54.566,0.927,7,75,0,148956.5,7036.833,254.5,4598.833
"<a href=""https://tiktok.com/@luqrbn2"" target=""_blank"">@luqrbn2</a>",132,9,82.125,1,1,8,0,1571,23.111,3.889,0.111
"<a href=""https://tiktok.com/@lvlbtr"" target=""_blank"">@lvlbtr</a>",76,3,54.667,1,1,9,0,314,9.667,0,0.333
"<a href=""https://tiktok.com/@lwandiswamsithini"" target=""_blank"">@lwandiswamsithini</a>",11,10,48.608,0.837,7,61,0,2511.9,69.8,1.3,1.5
"<a href=""https://tiktok.com/@malasia2mbb0"" target=""_blank"">@malasia2mbb0</a>",110,5,58.806,0.905,3,32,0,1835.917,35.333,2.417,0.25
"<a href=""https://tiktok.com/@maryreynolds112"" target=""_blank"">@maryreynolds112</a>",40,8,57.396,1,4,36,0,71359.5,2217.25,17.25,11.125
"<a href=""https://tiktok.com/@mdjihad22625"" target=""_blank"">@mdjihad22625</a>",134,2,67.571,0.8,1,7,0,111.333,55.667,2.667,0
"<a href=""https://tiktok.com/@mgallaudio"" target=""_blank"">@mgallaudio</a>",116,12,14.227,1,2,22,0,384.091,1.364,0,0.045
"<a href=""https://tiktok.com/@mgallsharring"" target=""_blank"">@mgallsharring</a>",116,15,14.898,1,2,23,0,641.909,3.5,0.045,0.318
"<a href=""https://tiktok.com/@mira.paxton"" target=""_blank"">@mira.paxton</a>",107,3,63.024,0.95,4,32,0,230.333,6.333,0.667,4
"<a href=""https://tiktok.com/@mjbwysq6"" target=""_blank"">@mjbwysq6</a>",80,5,16.75,1,1,8,0,2814.5,68.667,1.333,0.167
"<a href=""https://tiktok.com/@mlyeejyn"" target=""_blank"">@mlyeejyn</a>",114,8,38.778,1,1,9,0,1449.5,120.875,0.75,2
"<a href=""https://tiktok.com/@mnoojt"" target=""_blank"">@mnoojt</a>",101,8,66.033,1,2,24,0,544.4,49.7,0.5,1.9
"<a href=""https://tiktok.com/@moderngril5"" target=""_blank"">@moderngril5</a>",135,7,65.091,0.833,1,11,0,262.1,59.7,12.1,0.1
"<a href=""https://tiktok.com/@mrqpgrnyb3467"" target=""_blank"">@mrqpgrnyb3467</a>",115,9,27,1,1,8,0,384.889,1.056,0.056,0
"<a href=""https://tiktok.com/@mtbevdcxpq1"" target=""_blank"">@mtbevdcxpq1</a>",103,5,67.429,0.833,1,7,0,1145.6,39.2,2.6,3.4
"<a href=""https://tiktok.com/@nash.bramwell4"" target=""_blank"">@nash.bramwell4</a>",107,3,50.167,0.9,2,18,0,396.667,14,1,4.333
"<a href=""https://tiktok.com/@nbhonghong5"" target=""_blank"">@nbhonghong5</a>",95,4,46.857,0.8,1,7,0,2270.25,132.5,1.5,4.25
"<a href=""https://tiktok.com/@nfjsk12"" target=""_blank"">@nfjsk12</a>",99,5,49,1,1,7,0,781.2,50.2,0.4,0.6
"<a href=""https://tiktok.com/@nhi.vo585"" target=""_blank"">@nhi.vo585</a>",49,8,58.315,0.849,3,26,0,2190.875,73.375,0.125,0.625
"<a href=""https://tiktok.com/@nhienchau41"" target=""_blank"">@nhienchau41</a>",49,5,57.194,0.732,2,19,0,6473.4,61,1.6,2
"<a href=""https://tiktok.com/@nidaye81"" target=""_blank"">@nidaye81</a>",82,6,34.145,0.8,5,60,0,1850.667,113.167,0.833,0.5
"<a href=""https://tiktok.com/@niyfvxq"" target=""_blank"">@niyfvxq</a>",10,6,73.286,1,1,7,0,1778.556,175.889,1,2.556
"<a href=""https://tiktok.com/@nkddaram"" target=""_blank"">@nkddaram</a>",113,14,51.666,0.964,4,35,0,2363.533,88.467,1.067,1.733
"<a href=""https://tiktok.com/@nrmqmi"" target=""_blank"">@nrmqmi</a>",132,9,82.125,1,1,8,0,2504.667,25.111,15.222,0.111
"<a href=""https://tiktok.com/@nxpsa4288"" target=""_blank"">@nxpsa4288</a>",88,6,38.26,0.871,5,44,0,1124,73.5,0.333,0.167
"<a href=""https://tiktok.com/@nzohwh"" target=""_blank"">@nzohwh</a>",85,6,53.714,0.917,2,14,0,108829,3531.667,21.5,17.333
"<a href=""https://tiktok.com/@oaisg2"" target=""_blank"">@oaisg2</a>",97,6,69.525,0.917,2,18,0,27271.333,1010.167,30,7.333
"<a href=""https://tiktok.com/@objlhmtjemu"" target=""_blank"">@objlhmtjemu</a>",101,9,57.16,0.964,4,56,0,696.5,51.5,0.1,2.1
"<a href=""https://tiktok.com/@ofodypu"" target=""_blank"">@ofodypu</a>",120,3,39.074,0.967,6,54,0,711.333,15,0.667,0.333
"<a href=""https://tiktok.com/@oh.geigeigei"" target=""_blank"">@oh.geigeigei</a>",95,3,55.571,0.8,1,7,0,1030,57,0.333,0.333
"<a href=""https://tiktok.com/@ohchocx"" target=""_blank"">@ohchocx</a>",24,5,50.333,1,1,9,0,1699.6,84.6,0.2,0
"<a href=""https://tiktok.com/@oivjph"" target=""_blank"">@oivjph</a>",79,10,44.429,1,1,7,0,1053.583,32.167,1.583,0.333
"<a href=""https://tiktok.com/@okay11732"" target=""_blank"">@okay11732</a>",66,12,72.871,0.923,8,99,0,1304.75,67.5,0.417,0.583
"<a href=""https://tiktok.com/@olando.mayo"" target=""_blank"">@olando.mayo</a>",107,3,42.963,0.867,3,26,0,643.333,14.667,0.667,3.667
"<a href=""https://tiktok.com/@olivia.ava.davis"" target=""_blank"">@olivia.ava.davis</a>",105,6,47.286,0.8,1,7,0,786.833,28.5,1.833,5.333
"<a href=""https://tiktok.com/@oljclk"" target=""_blank"">@oljclk</a>",83,6,34.475,1,2,18,0,1205.833,22,1.5,0.167
"<a href=""https://tiktok.com/@ongoc.mrm"" target=""_blank"">@ongoc.mrm</a>",59,8,49.714,1,1,7,0,1944,91.6,1.2,4
"<a href=""https://tiktok.com/@oshasg"" target=""_blank"">@oshasg</a>",97,7,64.751,1,4,38,0,736.111,50.556,0.889,0.222
"<a href=""https://tiktok.com/@owuhwh"" target=""_blank"">@owuhwh</a>",97,9,62.26,1,3,31,0,24754.667,1171.556,10.556,67
"<a href=""https://tiktok.com/@oxkops7"" target=""_blank"">@oxkops7</a>",85,5,22.714,0.833,1,7,0,1174.4,36.8,0.8,0
"<a href=""https://tiktok.com/@oyoizqmhr9"" target=""_blank"">@oyoizqmhr9</a>",94,3,46.571,0.8,1,7,0,217,5.333,0,0
"<a href=""https://tiktok.com/@p1h5akf"" target=""_blank"">@p1h5akf</a>",103,7,57.5,0.917,2,14,0,36966,2395.571,39.143,1565.429
"<a href=""https://tiktok.com/@palatalongwith"" target=""_blank"">@palatalongwith</a>",91,6,59.071,1,2,14,0,1172.167,38.167,0.333,0.333
"<a href=""https://tiktok.com/@pbpktw"" target=""_blank"">@pbpktw</a>",102,12,69.387,0.968,7,121,0,315.667,7.333,0,0
"<a href=""https://tiktok.com/@pdilul"" target=""_blank"">@pdilul</a>",84,6,60.25,1,2,16,0,1751.833,75.5,1.333,0.167
"<a href=""https://tiktok.com/@phong.ngoc76"" target=""_blank"">@phong.ngoc76</a>",61,9,54.417,0.963,3,28,0,3149.222,51.667,1.333,0.889
"<a href=""https://tiktok.com/@puhrra"" target=""_blank"">@puhrra</a>",102,12,70.212,0.953,6,120,0,312.083,9.75,0,0.25
"<a href=""https://tiktok.com/@purnialesh45"" target=""_blank"">@purnialesh45</a>",58,6,46.958,0.952,3,22,0,2090,50.167,0.5,1.667
"<a href=""https://tiktok.com/@qdcieh"" target=""_blank"">@qdcieh</a>",62,15,20.923,0.924,7,186,0,893.8,71,0.667,0.6
"<a href=""https://tiktok.com/@qkehrewa"" target=""_blank"">@qkehrewa</a>",34,6,36.714,1,1,7,0,1839.143,83.429,1.286,0.857
"<a href=""https://tiktok.com/@qllsks0"" target=""_blank"">@qllsks0</a>",98,9,61.362,1,4,31,0,2465.667,138.889,1.889,1.444
"<a href=""https://tiktok.com/@quincyshop08"" target=""_blank"">@quincyshop08</a>",1,9,57.172,0.896,7,65,0,7837.333,82.667,3.222,0.111
"<a href=""https://tiktok.com/@raggags.kajah"" target=""_blank"">@raggags.kajah</a>",82,8,58.585,0.861,7,71,0,353.875,7.5,0.625,0
"<a href=""https://tiktok.com/@rajamani.steagell"" target=""_blank"">@rajamani.steagell</a>",91,5,52.04,1,2,16,0,912.2,22.2,0.4,0.2
"<a href=""https://tiktok.com/@reddit_grayson99"" target=""_blank"">@reddit_grayson99</a>",62,14,25.762,0.965,7,177,0,1558.143,160.929,0.429,0.214
"<a href=""https://tiktok.com/@reddit_ignatius8"" target=""_blank"">@reddit_ignatius8</a>",100,12,70.345,0.958,2,68,0,11804.75,211,11.833,55.667
"<a href=""https://tiktok.com/@reddit_wave9"" target=""_blank"">@reddit_wave9</a>",62,3,29.148,0.8,3,27,0,994,34.667,0,0
"<a href=""https://tiktok.com/@redyou27"" target=""_blank"">@redyou27</a>",131,4,50,0.76,5,40,0,769.5,21.75,0.25,2
"<a href=""https://tiktok.com/@refine74"" target=""_blank"">@refine74</a>",84,4,42.25,1,1,8,0,1654.5,126.5,1,0.25
"<a href=""https://tiktok.com/@reush5"" target=""_blank"">@reush5</a>",126,4,47.75,1,2,16,0,5338,151.25,5.5,11.75
"<a href=""https://tiktok.com/@rgyts7"" target=""_blank"">@rgyts7</a>",98,8,69.878,0.958,4,41,0,1429.333,98,1,0.444
"<a href=""https://tiktok.com/@rhdss79"" target=""_blank"">@rhdss79</a>",124,4,29.75,1,3,24,0,1150.5,114.75,1,1.75
"<a href=""https://tiktok.com/@rohingyao"" target=""_blank"">@rohingyao</a>",12,10,66.138,0.893,6,59,0,2029.6,111.4,2.7,1.2
"<a href=""https://tiktok.com/@ronikhan22340"" target=""_blank"">@ronikhan22340</a>",134,22,64.036,0.789,2,19,0,126.696,45.652,0.848,2.109
"<a href=""https://tiktok.com/@rosacasey65"" target=""_blank"">@rosacasey65</a>",46,7,55.286,1,1,7,0,2008.429,125.714,1.714,1
"<a href=""https://tiktok.com/@rtikb3"" target=""_blank"">@rtikb3</a>",97,9,44.542,1,2,20,0,756.444,71.667,0.778,0.222
"<a href=""https://tiktok.com/@rtwgui"" target=""_blank"">@rtwgui</a>",101,10,64.174,0.975,4,66,0,813,54.25,0.667,2.167
"<a href=""https://tiktok.com/@rubin.mervy8"" target=""_blank"">@rubin.mervy8</a>",50,8,59.319,0.85,6,56,0,4120.333,54.667,0.889,1.444
"<a href=""https://tiktok.com/@rust04104"" target=""_blank"">@rust04104</a>",67,11,13.971,1,4,39,0,2119.909,122.273,0.455,1.273
"<a href=""https://tiktok.com/@ryllskaya.reddit"" target=""_blank"">@ryllskaya.reddit</a>",38,5,28.866,1,2,15,0,1808.667,232.333,2.833,0.667
"<a href=""https://tiktok.com/@ryllskayaqing"" target=""_blank"">@ryllskayaqing</a>",38,7,45.55,0.905,3,24,0,4115.429,205.857,1.857,0.571
"<a href=""https://tiktok.com/@rzir34"" target=""_blank"">@rzir34</a>",120,3,18.333,0.96,5,45,0,4268,216.667,2,7
"<a href=""https://tiktok.com/@safiyyah.iftikar"" target=""_blank"">@safiyyah.iftikar</a>",106,4,48.143,0.8,1,7,0,261.667,10.167,0.333,4.667
"<a href=""https://tiktok.com/@salah.hakem.sayeg"" target=""_blank"">@salah.hakem.sayeg</a>",104,4,51.286,1,1,7,0,615.5,19.833,0.833,1.667
"<a href=""https://tiktok.com/@sameerah.tare"" target=""_blank"">@sameerah.tare</a>",89,4,56.25,1,1,8,0,1230.75,80.25,2,0.5
"<a href=""https://tiktok.com/@saniyah.rafidah.k"" target=""_blank"">@saniyah.rafidah.k</a>",106,6,50.205,0.789,2,22,0,665,54.167,2.167,4.833
"<a href=""https://tiktok.com/@sasapco"" target=""_blank"">@sasapco</a>",12,9,49.64,0.9,5,53,0,2295.111,159.222,1.222,0.667
"<a href=""https://tiktok.com/@schgsc"" target=""_blank"">@schgsc</a>",34,6,57,0.958,4,28,0,1421,49.444,0.667,1.222
"<a href=""https://tiktok.com/@sdsdyou"" target=""_blank"">@sdsdyou</a>",12,10,50.849,0.91,4,41,0,3814.7,199.3,2.8,1
"<a href=""https://tiktok.com/@segji2"" target=""_blank"">@segji2</a>",98,9,57.764,1,3,36,0,1972.111,95.889,1,1.333
"<a href=""https://tiktok.com/@seile.rian"" target=""_blank"">@seile.rian</a>",50,8,51.854,0.94,6,59,0,1038,33.125,1.25,1.5
"<a href=""https://tiktok.com/@sfagnd"" target=""_blank"">@sfagnd</a>",97,9,70.568,0.944,3,29,0,1265.667,77,2.222,0.778
"<a href=""https://tiktok.com/@sharleen.howard"" target=""_blank"">@sharleen.howard</a>",2,8,50.328,0.918,5,49,0,2199,191.375,2.25,11.125
"<a href=""https://tiktok.com/@shbsdd2"" target=""_blank"">@shbsdd2</a>",100,12,68.907,1,2,55,0,5913.833,134.833,6.25,6.75
"<a href=""https://tiktok.com/@shgj724"" target=""_blank"">@shgj724</a>",130,4,57.397,0.721,6,58,0,3777.75,13,0.25,0.25
"<a href=""https://tiktok.com/@shotewg"" target=""_blank"">@shotewg</a>",12,10,52.491,0.864,4,30,0,1748.2,61.2,1,2
"<a href=""https://tiktok.com/@shownbo"" target=""_blank"">@shownbo</a>",14,6,62.596,0.831,5,60,0,130.333,2.167,0,0
"<a href=""https://tiktok.com/@skkfdxh"" target=""_blank"">@skkfdxh</a>",22,6,58.139,1,2,17,0,1117.333,96.167,0,0.333
"<a href=""https://tiktok.com/@slatechewb6"" target=""_blank"">@slatechewb6</a>",60,5,36.714,0.833,1,7,0,823.222,53.667,1.667,2
"<a href=""https://tiktok.com/@sqifhw"" target=""_blank"">@sqifhw</a>",102,11,67.745,0.97,7,118,0,308.917,9.417,0.167,0
"<a href=""https://tiktok.com/@stawaszlaher"" target=""_blank"">@stawaszlaher</a>",130,2,59.875,0.5,2,16,0,38679,206,0.5,3
"<a href=""https://tiktok.com/@steven.garrison13"" target=""_blank"">@steven.garrison13</a>",4,9,51.417,0.833,3,24,0,1714.667,55.222,0.556,1
"<a href=""https://tiktok.com/@stoyouh"" target=""_blank"">@stoyouh</a>",12,9,51.7,0.929,4,34,0,1274.1,78.4,1.3,0.8
"<a href=""https://tiktok.com/@summer.king331"" target=""_blank"">@summer.king331</a>",107,3,51.877,0.9,4,34,0,344,10.333,1,0
"<a href=""https://tiktok.com/@sun.lilym"" target=""_blank"">@sun.lilym</a>",58,10,53.028,0.958,3,27,0,1386.5,66.1,0.6,1.4
"<a href=""https://tiktok.com/@suoxin2"" target=""_blank"">@suoxin2</a>",21,5,53.643,1,2,14,0,823.8,28.4,0.2,0
"<a href=""https://tiktok.com/@sush0240"" target=""_blank"">@sush0240</a>",69,11,10.545,1,1,11,0,849.333,40.333,0.417,0.833
"<a href=""https://tiktok.com/@sweet_babyc120"" target=""_blank"">@sweet_babyc120</a>",64,8,94.158,0.5,1,19,0,678.489,89.489,10.936,4.723
"<a href=""https://tiktok.com/@syedacherry0"" target=""_blank"">@syedacherry0</a>",3,5,41.561,0.929,2,19,0,1874.167,60.167,1.333,4.5
"<a href=""https://tiktok.com/@syic2117"" target=""_blank"">@syic2117</a>",67,11,21.481,1,4,39,0,1694.333,81.25,0.167,1
"<a href=""https://tiktok.com/@tathkj"" target=""_blank"">@tathkj</a>",118,3,59.667,1,2,18,0,181.667,3.333,0.333,0
"<a href=""https://tiktok.com/@tdiifhr"" target=""_blank"">@tdiifhr</a>",40,8,38.333,0.905,3,24,0,57580.125,1497.625,34.25,10.625
"<a href=""https://tiktok.com/@tdy1634"" target=""_blank"">@tdy1634</a>",120,3,20.6,1,5,45,0,821.667,45.667,0,0.333
"<a href=""https://tiktok.com/@tedhhy6"" target=""_blank"">@tedhhy6</a>",34,8,54.277,0.889,3,25,0,1522.5,65.875,0.25,0.25
"<a href=""https://tiktok.com/@tessh95"" target=""_blank"">@tessh95</a>",97,9,72.437,1,5,48,0.001,4001.111,273.111,1.444,6
"<a href=""https://tiktok.com/@text690"" target=""_blank"">@text690</a>",12,4,23.429,0.8,1,7,0,3257,128.4,1.7,2.3
"<a href=""https://tiktok.com/@texts178"" target=""_blank"">@texts178</a>",12,5,77.07,0.9,4,31,0,2701.667,120,2.667,0.167
"<a href=""https://tiktok.com/@tgmfli"" target=""_blank"">@tgmfli</a>",118,3,69.556,1,3,27,0,486,8.667,0,0
"<a href=""https://tiktok.com/@thanh.dngp"" target=""_blank"">@thanh.dngp</a>",53,9,51.857,1,1,7,0,1047.6,74.5,0.5,3.3
"<a href=""https://tiktok.com/@thi.chanh.viet.do"" target=""_blank"">@thi.chanh.viet.do</a>",54,9,44.25,1,1,8,0,1148.889,77.444,0.222,0.667
"<a href=""https://tiktok.com/@thuc.nguyen2010"" target=""_blank"">@thuc.nguyen2010</a>",49,11,63.185,0.813,3,29,0,5139.182,94.455,2.273,2.182
"<a href=""https://tiktok.com/@tijf9855"" target=""_blank"">@tijf9855</a>",68,12,21.674,1,2,23,0,1123.75,38.5,0.5,0.083
"<a href=""https://tiktok.com/@tkre891"" target=""_blank"">@tkre891</a>",127,4,57,1,1,7,0,3287.5,43.5,0.25,0.5
"<a href=""https://tiktok.com/@tmuacp"" target=""_blank"">@tmuacp</a>",118,3,41.167,1,2,18,0,211,5.333,0.667,0
"<a href=""https://tiktok.com/@tptk02426yr"" target=""_blank"">@tptk02426yr</a>",115,15,32.814,1,2,22,0,345.583,2.167,0.083,0.167
"<a href=""https://tiktok.com/@truck.ethiopian"" target=""_blank"">@truck.ethiopian</a>",91,5,45.222,1,1,9,0,1288.333,66.167,2.5,0
"<a href=""https://tiktok.com/@tsbhehhehs"" target=""_blank"">@tsbhehhehs</a>",96,10,60.286,0.833,1,7,0,1105,14.867,0.467,5.133
"<a href=""https://tiktok.com/@tsdhj01"" target=""_blank"">@tsdhj01</a>",129,3,63.333,1,1,9,0,994,59,0,3.667
"<a href=""https://tiktok.com/@tsdhj2"" target=""_blank"">@tsdhj2</a>",125,4,14.75,1,1,8,0,2178.5,37.75,1.5,0
"<a href=""https://tiktok.com/@tsxhj6"" target=""_blank"">@tsxhj6</a>",129,3,63.333,1,1,9,0,186.333,6.667,0,0
"<a href=""https://tiktok.com/@ttt46024"" target=""_blank"">@ttt46024</a>",55,5,70.143,1,1,7,0,1802.125,107.125,0.75,1
"<a href=""https://tiktok.com/@tug35587"" target=""_blank"">@tug35587</a>",97,9,59.964,1,4,45,0,2412.778,160.333,0.667,3.444
"<a href=""https://tiktok.com/@tugx2917"" target=""_blank"">@tugx2917</a>",72,9,66.817,0.972,4,69,0,726.417,37.667,0.333,0.667
"<a href=""https://tiktok.com/@twinson46"" target=""_blank"">@twinson46</a>",14,6,56.277,0.95,4,34,0,124.833,1.833,0,0
"<a href=""https://tiktok.com/@twjbxkb"" target=""_blank"">@twjbxkb</a>",14,6,60.461,0.925,5,60,0,129.333,1.5,0,0.167
"<a href=""https://tiktok.com/@twkg9813"" target=""_blank"">@twkg9813</a>",66,12,64.788,0.875,4,69,0,451.167,30.417,0.25,0.083
"<a href=""https://tiktok.com/@twrryyekibq"" target=""_blank"">@twrryyekibq</a>",17,3,65.286,1,1,7,0,787.167,37.833,3.167,7.667
"<a href=""https://tiktok.com/@twvs4521"" target=""_blank"">@twvs4521</a>",66,9,59.957,0.982,5,81,0,494.182,29,0.818,0
"<a href=""https://tiktok.com/@u2co59sux3"" target=""_blank"">@u2co59sux3</a>",94,3,51.429,0.8,1,7,0,720.333,12.333,0,0.333
"<a href=""https://tiktok.com/@ubf084006c"" target=""_blank"">@ubf084006c</a>",3,6,53.571,1,2,14,0,3072.833,69.167,1.833,0.667
"<a href=""https://tiktok.com/@ubhutfrx"" target=""_blank"">@ubhutfrx</a>",1,9,56.499,0.917,9,87,0,1080.111,88,0.778,0.889
"<a href=""https://tiktok.com/@ucdrmh"" target=""_blank"">@ucdrmh</a>",101,9,59.729,0.98,5,73,0,781.167,59.75,0.167,3.583
"<a href=""https://tiktok.com/@uest1280"" target=""_blank"">@uest1280</a>",66,3,69.667,1,2,18,0,101,1,0,0
"<a href=""https://tiktok.com/@ufy468"" target=""_blank"">@ufy468</a>",124,4,43.821,1,3,22,0,2158.5,96.75,3.25,6.75
"<a href=""https://tiktok.com/@ugikbk4"" target=""_blank"">@ugikbk4</a>",30,4,57.018,1,2,15,0,270.25,5,0,0
"<a href=""https://tiktok.com/@uiavao.bskvai"" target=""_blank"">@uiavao.bskvai</a>",45,8,71.429,0.714,1,7,0,1330.25,105.75,0.25,0.625
"<a href=""https://tiktok.com/@umd274"" target=""_blank"">@umd274</a>",122,4,54.333,1,3,24,0,2364,74,1,1
"<a href=""https://tiktok.com/@uosnatiahwk"" target=""_blank"">@uosnatiahwk</a>",3,9,55.137,0.93,6,70,0,2295.7,43,0.6,0.1
"<a href=""https://tiktok.com/@uraf9163"" target=""_blank"">@uraf9163</a>",68,12,16.049,1,2,23,0,894.083,49,0.667,0.583
"<a href=""https://tiktok.com/@urdu9708"" target=""_blank"">@urdu9708</a>",73,4,53.625,1,2,16,0,2635.25,61.5,0,0.25
"<a href=""https://tiktok.com/@user1045942439949"" target=""_blank"">@user1045942439949</a>",40,9,41.25,0.857,1,8,0,4387.222,136.222,1.667,1.333
"<a href=""https://tiktok.com/@user1203613923425"" target=""_blank"">@user1203613923425</a>",32,6,54.143,0.929,2,14,0,3963.667,69.167,2.5,7.167
"<a href=""https://tiktok.com/@user12390941773567"" target=""_blank"">@user12390941773567</a>",108,7,60.4,0.812,2,20,0,618.8,14.267,0.267,0.533
"<a href=""https://tiktok.com/@user12885549245813"" target=""_blank"">@user12885549245813</a>",111,8,55.778,0.889,1,9,0,4253.25,89.125,0.25,2.125
"<a href=""https://tiktok.com/@user1433469988696"" target=""_blank"">@user1433469988696</a>",114,5,37.675,0.9,2,16,0,2543.4,70.8,0.2,0.4
"<a href=""https://tiktok.com/@user16909390140293"" target=""_blank"">@user16909390140293</a>",13,5,66.5,1,1,8,0,907.444,12,0,0.222
"<a href=""https://tiktok.com/@user21677638672342"" target=""_blank"">@user21677638672342</a>",113,6,57.167,0.929,2,18,0,2890,14,0,0.333
"<a href=""https://tiktok.com/@user2201058539802"" target=""_blank"">@user2201058539802</a>",42,8,45.892,0.815,3,26,0,2676.75,120.625,1.125,1.625
"<a href=""https://tiktok.com/@user2373614982470"" target=""_blank"">@user2373614982470</a>",108,12,59.217,0.875,2,25,0,2385.917,32.5,1.333,11.667
"<a href=""https://tiktok.com/@user2558157487113"" target=""_blank"">@user2558157487113</a>",96,14,67.625,0.833,1,8,0,3565.235,21.412,0.176,2.353
"<a href=""https://tiktok.com/@user269896582"" target=""_blank"">@user269896582</a>",134,3,60.5,0.778,1,12,0,157.5,72.25,1,0
"<a href=""https://tiktok.com/@user2810315813972"" target=""_blank"">@user2810315813972</a>",44,9,51.524,0.905,3,21,0,3268.3,182.1,0.8,0.6
"<a href=""https://tiktok.com/@user2920462956526"" target=""_blank"">@user2920462956526</a>",33,7,66.286,0.829,2,15,0,1863.571,50.714,0.143,5
"<a href=""https://tiktok.com/@user31313825076752"" target=""_blank"">@user31313825076752</a>",42,9,43.65,0.896,2,28,0,8484.222,311.778,2.667,0.889
"<a href=""https://tiktok.com/@user3436197788624"" target=""_blank"">@user3436197788624</a>",50,8,59.331,0.876,4,46,0,31687.222,520.778,7,7.556
"<a href=""https://tiktok.com/@user3923265470"" target=""_blank"">@user3923265470</a>",82,3,45.75,0.857,1,8,0,4279,53.333,0,0.333
"<a href=""https://tiktok.com/@user41067558498182"" target=""_blank"">@user41067558498182</a>",112,9,78.455,1,1,11,0,1088.1,53.8,0.4,0.8
"<a href=""https://tiktok.com/@user4146560185668"" target=""_blank"">@user4146560185668</a>",131,2,31.25,1,1,8,0,540,14.5,0,0
"<a href=""https://tiktok.com/@user4148379047616"" target=""_blank"">@user4148379047616</a>",38,7,38.323,0.905,3,24,0,870.429,74.143,0.429,0.286
"<a href=""https://tiktok.com/@user4181021201798"" target=""_blank"">@user4181021201798</a>",33,5,73,0.857,1,8,0,979.833,29.833,0.5,1.833
"<a href=""https://tiktok.com/@user4436815469624"" target=""_blank"">@user4436815469624</a>",118,3,61.167,1,2,18,0,559.667,31,0,0.333
"<a href=""https://tiktok.com/@user4558398154190"" target=""_blank"">@user4558398154190</a>",14,6,66.195,0.894,5,61,0,213.667,4.667,0,0
"<a href=""https://tiktok.com/@user4926138720922"" target=""_blank"">@user4926138720922</a>",122,4,52.5,1,2,16,0,2547.25,19.5,0.25,0
"<a href=""https://tiktok.com/@user53021581539344"" target=""_blank"">@user53021581539344</a>",14,6,58.788,0.933,4,38,0.001,130,3.333,0,0
"<a href=""https://tiktok.com/@user5616155060093"" target=""_blank"">@user5616155060093</a>",122,4,51.375,1,4,32,0,159.5,6.5,0,0
"<a href=""https://tiktok.com/@user5626060056906"" target=""_blank"">@user5626060056906</a>",1,9,62.63,0.946,8,76,0,1530.556,155.778,0.667,0.778
"<a href=""https://tiktok.com/@user5628638664"" target=""_blank"">@user5628638664</a>",91,3,59.286,1,1,7,0,1424,74,1.667,0
"<a href=""https://tiktok.com/@user6100349282272"" target=""_blank"">@user6100349282272</a>",124,4,47.143,1,4,31,0,3305.25,239,3,1.5
"<a href=""https://tiktok.com/@user67829690186377"" target=""_blank"">@user67829690186377</a>",14,6,64.12,0.845,6,60,0,121.667,1.833,0,0
"<a href=""https://tiktok.com/@user6812280201318"" target=""_blank"">@user6812280201318</a>",113,14,74.976,0.859,3,27,0,894.733,33.467,0.267,0.533
"<a href=""https://tiktok.com/@user6922385284275"" target=""_blank"">@user6922385284275</a>",1,7,49.98,0.897,6,57,0,1309.286,87.429,1,0.714
"<a href=""https://tiktok.com/@user7080026610324"" target=""_blank"">@user7080026610324</a>",44,7,73.714,1,1,7,0,1617.429,78,4.143,1.714
"<a href=""https://tiktok.com/@user7143669498156"" target=""_blank"">@user7143669498156</a>",122,4,51.125,1,2,16,0,1551.5,47.75,0.25,0.5
"<a href=""https://tiktok.com/@user7166160034825"" target=""_blank"">@user7166160034825</a>",33,5,59.571,0.8,1,7,0,1798.4,88.4,1.2,6.4
"<a href=""https://tiktok.com/@user7224426108057"" target=""_blank"">@user7224426108057</a>",27,6,47.538,0.938,2,18,0,1190.167,41.333,0.333,0.333
"<a href=""https://tiktok.com/@user7361651570203"" target=""_blank"">@user7361651570203</a>",32,7,49.125,1,2,15,0,3548.429,51.857,1,5.143
"<a href=""https://tiktok.com/@user7605976152392"" target=""_blank"">@user7605976152392</a>",2,9,47.051,0.888,5,52,0,2293.889,66.556,1,1
"<a href=""https://tiktok.com/@user8135301746396"" target=""_blank"">@user8135301746396</a>",117,10,42.935,0.929,1,31,0,1159.583,94.75,1.667,0.833
"<a href=""https://tiktok.com/@user8168691298265"" target=""_blank"">@user8168691298265</a>",5,8,74.75,0.714,1,8,0,1680,92.875,0.625,2.125
"<a href=""https://tiktok.com/@user85162881442607"" target=""_blank"">@user85162881442607</a>",14,6,61.847,0.877,3,33,0,141.667,1.667,0,0
"<a href=""https://tiktok.com/@user8847609801518"" target=""_blank"">@user8847609801518</a>",32,7,56.268,0.929,2,15,0,2568.571,57.857,2.429,7.143
"<a href=""https://tiktok.com/@user8861376993313"" target=""_blank"">@user8861376993313</a>",96,14,60.137,0.889,3,25,0,936.25,6.625,0.062,0.812
"<a href=""https://tiktok.com/@user9342283006096"" target=""_blank"">@user9342283006096</a>",125,4,14.75,1,1,8,0,583.5,88.75,0.5,0
"<a href=""https://tiktok.com/@user9545613515904"" target=""_blank"">@user9545613515904</a>",40,7,68.429,0.8,1,7,0,4548.429,201.429,1.714,1.571
"<a href=""https://tiktok.com/@user9868028168800"" target=""_blank"">@user9868028168800</a>",14,4,41.538,0.854,2,18,0,156.75,0.5,0,0
"<a href=""https://tiktok.com/@user99453748076307"" target=""_blank"">@user99453748076307</a>",14,5,43.45,0.938,2,18,0,115,1.2,0,0
"<a href=""https://tiktok.com/@user9960965670038"" target=""_blank"">@user9960965670038</a>",20,6,66.347,0.938,2,17,0,799.333,14.333,0,0.333
"<a href=""https://tiktok.com/@username0022660"" target=""_blank"">@username0022660</a>",110,17,58.999,0.912,4,78,0,49143.065,367.645,2.645,7.484
"<a href=""https://tiktok.com/@username0201726"" target=""_blank"">@username0201726</a>",110,16,61.048,1,2,31,0,17801.513,100.282,2.256,5.026
"<a href=""https://tiktok.com/@username224064"" target=""_blank"">@username224064</a>",110,15,59.51,0.903,3,37,0,220502.281,2053.312,29.156,312.281
"<a href=""https://tiktok.com/@usernamer02023"" target=""_blank"">@usernamer02023</a>",110,10,55.047,0.895,2,45,0,1592.179,140.538,8.128,1.333
"<a href=""https://tiktok.com/@ushd386"" target=""_blank"">@ushd386</a>",124,4,64.875,1,2,16,0,5439.5,129.5,8.75,9.5
"<a href=""https://tiktok.com/@usixidbd"" target=""_blank"">@usixidbd</a>",109,6,40.857,1,1,7,0,1629.25,55.625,1.875,0.375
"<a href=""https://tiktok.com/@usjg2117"" target=""_blank"">@usjg2117</a>",72,9,57.574,0.908,4,60,0,710,67,0.444,0.556
"<a href=""https://tiktok.com/@utoxwqg"" target=""_blank"">@utoxwqg</a>",133,3,36.089,1,5,45,0,200.667,4.333,0,0
"<a href=""https://tiktok.com/@uzrd3"" target=""_blank"">@uzrd3</a>",120,3,32.867,1,5,45,0,3867.667,117.333,1,3
"<a href=""https://tiktok.com/@vaigg0"" target=""_blank"">@vaigg0</a>",44,7,57.438,0.929,2,15,0,2111.571,167,1.571,0.571
"<a href=""https://tiktok.com/@vedrdzy"" target=""_blank"">@vedrdzy</a>",80,6,16.75,1,1,8,0,2673.333,65.333,1.833,0
"<a href=""https://tiktok.com/@verity.holland"" target=""_blank"">@verity.holland</a>",6,8,51.889,1,1,9,0,1658.625,66.5,0.625,0.5
"<a href=""https://tiktok.com/@vickycarr530"" target=""_blank"">@vickycarr530</a>",5,6,74.75,0.714,1,8,0,2151.5,81.667,1.667,2.667
"<a href=""https://tiktok.com/@vitsu.alec1"" target=""_blank"">@vitsu.alec1</a>",50,7,55.784,0.865,6,58,0,1466.286,35.429,0.286,1.429
"<a href=""https://tiktok.com/@voie3340"" target=""_blank"">@voie3340</a>",73,4,65.5,1,1,8,0,665.25,33.5,0,0
"<a href=""https://tiktok.com/@vsuau5"" target=""_blank"">@vsuau5</a>",97,8,53.879,0.841,3,31,0,797.75,58.5,1,0.25
"<a href=""https://tiktok.com/@vxkaw3274"" target=""_blank"">@vxkaw3274</a>",88,5,40.649,0.865,5,40,0,597,56.2,0,0.2
"<a href=""https://tiktok.com/@walke.lowe"" target=""_blank"">@walke.lowe</a>",61,8,43.062,1,2,18,0,6579.444,56,1.778,2.111
"<a href=""https://tiktok.com/@watts4718"" target=""_blank"">@watts4718</a>",28,6,56.254,0.829,2,16,0,1189,25.5,3,6.833
"<a href=""https://tiktok.com/@wawayusai463"" target=""_blank"">@wawayusai463</a>",130,2,63.214,0.9,2,15,0,899.5,48.5,0,0
"<a href=""https://tiktok.com/@wert2992"" target=""_blank"">@wert2992</a>",70,11,10.545,1,1,11,0,2119.231,78.538,1,0.615
"<a href=""https://tiktok.com/@wevbocr"" target=""_blank"">@wevbocr</a>",81,8,24.258,0.838,2,22,0,1053.5,24.125,1.875,0.375
"<a href=""https://tiktok.com/@wgslhe"" target=""_blank"">@wgslhe</a>",102,12,71.604,0.928,6,116,0,867.833,34.25,0.083,0.417
"<a href=""https://tiktok.com/@wiate.doni0"" target=""_blank"">@wiate.doni0</a>",50,8,50.89,0.958,7,63,0,1843.625,57.625,0.75,0.125
"<a href=""https://tiktok.com/@wiqg8225"" target=""_blank"">@wiqg8225</a>",72,12,77.65,0.958,4,61,0,520.083,42.833,0.333,1
"<a href=""https://tiktok.com/@wivdk"" target=""_blank"">@wivdk</a>",16,6,57.375,0.857,1,8,0,767.833,6.333,2.333,1.833
"<a href=""https://tiktok.com/@wive0570"" target=""_blank"">@wive0570</a>",71,9,77.071,0.929,2,32,0,875.385,51.846,0.231,1.846
"<a href=""https://tiktok.com/@wroe.edith6"" target=""_blank"">@wroe.edith6</a>",50,5,55.84,0.784,7,59,0,2104,54.2,0.2,0.4
"<a href=""https://tiktok.com/@wsbhd0"" target=""_blank"">@wsbhd0</a>",97,7,70.566,1,3,31,0,713.714,50.143,0.143,0
"<a href=""https://tiktok.com/@wsfj4"" target=""_blank"">@wsfj4</a>",97,6,47.5,1,1,8,0,2296.333,68.167,1.333,2.667
"<a href=""https://tiktok.com/@wyiznn"" target=""_blank"">@wyiznn</a>",14,6,56.175,0.958,3,30,0,102.333,0.667,0,0
"<a href=""https://tiktok.com/@xbxb6381"" target=""_blank"">@xbxb6381</a>",52,6,21.111,1,1,9,0,3727,77.25,3.75,0
"<a href=""https://tiktok.com/@xchinaqueen5"" target=""_blank"">@xchinaqueen5</a>",65,11,92.739,0.875,1,23,0,425,18.714,3.5,0.071
"<a href=""https://tiktok.com/@xchinaqueen6"" target=""_blank"">@xchinaqueen6</a>",65,7,96.441,0.637,2,30,0,493.375,49.75,8.062,1
"<a href=""https://tiktok.com/@xchinaqueen8"" target=""_blank"">@xchinaqueen8</a>",65,2,100.143,0.4,1,7,0,355.421,27.737,3.895,1.421
"<a href=""https://tiktok.com/@xcwvym2"" target=""_blank"">@xcwvym2</a>",86,5,32.429,0.833,1,7,0,1184,37.2,1.6,0.8
"<a href=""https://tiktok.com/@xnjjehj"" target=""_blank"">@xnjjehj</a>",20,5,63.554,0.866,2,15,0,552.2,23.2,0.2,0
"<a href=""https://tiktok.com/@xqi004"" target=""_blank"">@xqi004</a>",131,3,70,0.5,1,8,0,68505.333,1243.333,16.333,22.333
"<a href=""https://tiktok.com/@xvjdsj5"" target=""_blank"">@xvjdsj5</a>",89,4,53,1,2,16,0,577,22.25,0,0
"<a href=""https://tiktok.com/@xx16682"" target=""_blank"">@xx16682</a>",3,8,42.755,0.956,5,57,0,563.75,11.375,0.25,0.375
"<a href=""https://tiktok.com/@xxii911"" target=""_blank"">@xxii911</a>",12,6,41.05,0.938,2,18,0,2079.2,114.6,3.5,0.5
"<a href=""https://tiktok.com/@xxzkpfyq"" target=""_blank"">@xxzkpfyq</a>",113,6,68,1,1,8,0,2082.5,72.667,1.667,1.5
"<a href=""https://tiktok.com/@ydpoglcj"" target=""_blank"">@ydpoglcj</a>",34,7,61.286,1,1,7,0,1999.75,124.25,1.125,1.75
"<a href=""https://tiktok.com/@ydsfj89"" target=""_blank"">@ydsfj89</a>",128,3,41.778,0.933,3,27,0,2595.667,40.667,1,0
"<a href=""https://tiktok.com/@yeifb0"" target=""_blank"">@yeifb0</a>",3,9,55.073,0.937,5,63,0,1689,59,1.333,10.222
"<a href=""https://tiktok.com/@yelm.boor"" target=""_blank"">@yelm.boor</a>",61,8,50.148,0.963,3,29,0,4522.125,78.375,1.5,1.75
"<a href=""https://tiktok.com/@yga.uha"" target=""_blank"">@yga.uha</a>",43,9,44.375,1,1,8,0,3269.5,97.1,2,2.4
"<a href=""https://tiktok.com/@yiitsukb"" target=""_blank"">@yiitsukb</a>",46,7,55.286,1,1,7,0,1405.375,156.25,1.375,1.125
"<a href=""https://tiktok.com/@yiwbsij"" target=""_blank"">@yiwbsij</a>",14,5,51.25,1,2,18,0,61.167,0.167,0,0
"<a href=""https://tiktok.com/@yiyayiya666"" target=""_blank"">@yiyayiya666</a>",48,4,78.5,1,1,8,0,136550.5,8046.75,580.25,3027
"<a href=""https://tiktok.com/@ylevkpiubsl"" target=""_blank"">@ylevkpiubsl</a>",18,8,58.822,1,3,29,0,844.375,47,0.375,0.5
"<a href=""https://tiktok.com/@ymhr6933"" target=""_blank"">@ymhr6933</a>",68,12,15.542,1,2,24,0,1291,54,0.5,0.583
"<a href=""https://tiktok.com/@yoayoayanyan"" target=""_blank"">@yoayoayanyan</a>",25,5,76.857,1,1,7,0,1305.2,119.8,1.4,2.4
"<a href=""https://tiktok.com/@ysishhd7"" target=""_blank"">@ysishhd7</a>",44,9,62.405,1,3,23,0,1821.667,127.333,4.778,2.222
"<a href=""https://tiktok.com/@ytrq8081"" target=""_blank"">@ytrq8081</a>",66,12,72.844,0.943,5,111,0,2221.25,93.75,0.917,0.667
"<a href=""https://tiktok.com/@yufbvf"" target=""_blank"">@yufbvf</a>",121,4,47.714,1,1,7,0,8408.75,215.75,2.5,5.5
"<a href=""https://tiktok.com/@yun.wu15"" target=""_blank"">@yun.wu15</a>",25,5,76.857,1,1,7,0,873.2,48,0.8,8
"<a href=""https://tiktok.com/@yurvbg2"" target=""_blank"">@yurvbg2</a>",119,4,45.75,1,1,8,0,3028.25,52.5,0.25,1
"<a href=""https://tiktok.com/@zesysmj"" target=""_blank"">@zesysmj</a>",133,3,35.694,1,5,45,0,104.333,3.333,0,0.333
"<a href=""https://tiktok.com/@zivbmhuzr4s"" target=""_blank"">@zivbmhuzr4s</a>",15,5,57.875,1,1,8,0,516.167,21,1.833,4.667
"<a href=""https://tiktok.com/@zjsrryuui"" target=""_blank"">@zjsrryuui</a>",96,13,52.5,1,1,10,0,1329.312,13.375,0.062,1.5
"<a href=""https://tiktok.com/@zorhajktn884"" target=""_blank"">@zorhajktn884</a>",115,14,35.87,1,3,26,0,389.938,1.438,0.188,0
"<a href=""https://tiktok.com/@zsdx184"" target=""_blank"">@zsdx184</a>",50,8,50.43,0.809,4,39,0,1969.222,84.556,0.889,0.556
"<a href=""https://tiktok.com/@ztctmxt"" target=""_blank"">@ztctmxt</a>",81,7,20.675,0.938,2,18,0,2125.429,80.714,1.571,0.286
"<a href=""https://tiktok.com/@zvjsl"" target=""_blank"">@zvjsl</a>",97,9,54.483,0.944,2,27,0,2987.333,93.222,3.556,6.556
"<a href=""https://tiktok.com/@zxvb736"" target=""_blank"">@zxvb736</a>",50,10,56.617,0.732,4,49,0,1611.8,59.2,0.4,1.7
"<a href=""https://tiktok.com/@zysmpbz"" target=""_blank"">@zysmpbz</a>",133,3,35.806,1,5,45,0,169.333,4.667,0.333,0
"<a href=""https://tiktok.com/@zzhjdj4"" target=""_blank"">@zzhjdj4</a>",19,7,54.116,0.917,2,15,0,994.143,59.571,0.143,0.143
