"Network","Number of Accounts","Network Density","Network Diameter","Clustering Coefficient","Avg Views","Avg Likes","Avg Comments","Avg Shares","Member Accounts"
1,15,0.448,31,0.575,3938.556,170.024,1.603,1.349,"bmc12655, fughf21, krug011, irdc042, chantalkusch, ubhutfrx, jsosjxj8, quincyshop08, hdifhg5, jfkovj5, jtcytxyzey, jdpxorjf, be.jkigv, user5626060056906, user6922385284275"
2,7,0.714,24,0.778,3464.017,105.172,0.914,3.155,"fcjjv86, aedhdjcoof, fduic5, gduhx01, hdhxh3484, sharleen.howard, user7605976152392"
3,11,0.382,47,0.863,2138.587,49.92,2.213,4.907,"aedjdpckd, uosnatiahwk, geujcc, hdodjdb5, xx16682, syedacherry0, housn103, gisela.lipke, ubf084006c, ihihgi1, yeifb0"
4,6,0.467,34,0.462,1742.037,105.259,0.87,1.759,"gxiiff3, idhd139, steven.garrison13, hciiv26, craig.harrell0, cp.eagdu"
5,2,1,8,0,1882.071,88.071,1.071,2.357,"user8168691298265, vickycarr530"
6,2,1,9,0,2135.467,68.333,1.133,1.6,"jdkckcj2, verity.holland"
7,4,0.667,18,0.6,2054.517,86.379,0.931,0.586,"gckcj4, aedyckctu, fauy8466, cirila.mccorkle"
8,2,1,8,0,1373,66.75,0.312,3,"bfihc, aedhdici"
9,2,1,8,0,1641.917,76.917,0.5,0.25,"jfdd653, hdr86575"
10,2,1,7,0,1726.722,149.889,1.222,1.444,"den781157, niyfvxq"
11,12,0.485,30,0.633,8323.611,115.947,1.788,2.15,"debran.oxonrp81, lwandiswamsithini, aed3660, hoeg.huan, aed75787, debran.oxonrp00, immanuel.dominik, aed7p4, ghv.vbk, akkaanav.risksjsg, aeda1689, debran.oxonrp86"
12,9,0.472,25,0.589,2474.424,129.012,2.071,1.106,"landscape5670, rohingyao, sdsdyou, stoyouh, texts178, sasapco, shotewg, text690, xxii911"
13,3,0.667,15,0,1295.667,32,1.722,2.833,"fhkundshunk, lin689668987, user16909390140293"
14,19,0.199,64,0.618,142.187,2.047,0.009,0.009,"hsiwibs, user67829690186377, djakbksi, user4558398154190, shownbo, twjbxkb, fjjfjko, user85162881442607, user53021581539344, twinson46, user9868028168800, user99453748076307, ghjbsjb, fhakowbz, djejgek, cbnkugf, bdjkeo, yiwbsij, wyiznn"
15,2,1,8,0,460,16.417,1.25,2.5,"gooejxrtudk, zivbmhuzr4s"
16,2,1,8,0,584.917,9.083,1.583,1.333,"chhvfhjn, wivdk"
17,2,1,7,0,919.25,50.75,5.083,7.667,"acyjlnni1ue, twrryyekibq"
18,6,0.467,28,0.5,734.512,46.439,0.341,0.293,"cjgbkbl, hajhsh12, kgkghkv, lojzsviu, hi.pnct, ylevkpiubsl"
19,4,0.833,15,0.75,634.522,31.391,0.739,0.174,"adhhrrt, fhdjfjfj8, hbjoggv, zzhjdj4"
20,4,0.5,24,0,927.682,40.409,0.591,0.091,"user9960965670038, lhodsrr, jkdkj, xnjjehj"
21,4,0.667,14,0.6,702,29.55,0.5,0.15,"cihohsqwfi, gkkfykjb, gigigjj, suoxin2"
22,3,1,9,1,977.294,76.882,0.294,0.412,"chkchifofo, skkfdxh, lpdjjnk"
23,2,1,7,0,1210.6,62.5,0.2,0.5,"hootchxs, cjsllfd"
24,2,1,9,0,1028.3,47.8,0.1,0,"kaylabigsjo, ohchocx"
25,2,1,7,0,1089.2,83.9,1.1,5.2,"yoayoayanyan, yun.wu15"
26,2,1,10,0,2424.5,45.583,0.333,1.833,"edithgriffith19594, berylsaunders19830"
27,3,1,10,1,1358.111,57.222,1.111,7.056,"babypink6896, chaff8892, user7224426108057"
28,4,0.5,23,0,1314.136,45.455,1.136,2.136,"bcc662, huff797, books3478, watts4718"
29,2,1,7,0,369.625,13.875,0.5,7.5,"fhggf28, fjngjrffu"
30,3,1,8,1,285.167,7.083,0.083,0,"cjgkgk45, gduaddit, ugikbk4"
31,2,1,7,0,410.5,40.25,0.125,0.125,"gnooloh, igivj.ju"
32,3,1,8,1,3330.05,59.15,1.95,6.45,"user7361651570203, user1203613923425, user8847609801518"
33,3,0.667,15,0,1550.889,54.222,0.556,4.333,"user4181021201798, user7166160034825, user2920462956526"
34,6,0.467,22,0.462,1764.673,69.694,0.735,0.837,"fijvxdd, fkncxh, tedhhy6, schgsc, qkehrewa, ydpoglcj"
35,2,1,7,0,3882.778,121.778,1.5,2.389,"aedbr6, kimleonard0623"
36,2,1,8,0,4132.632,159.263,7.632,11.316,"juliedouglass2013, aed2977"
37,2,1,7,0,1896.625,173.5,1,0.875,"dirkgncyy.z.110, djfntt.7191"
38,6,0.467,22,0.273,5335.867,260.178,2.067,2.133,"djbdjfjff, 6dhbgbvuyqw, ksndfmggf, ryllskayaqing, user4148379047616, ryllskaya.reddit"
39,2,1,7,0,2103.278,177.444,4.778,26.056,"jfoxbx, khfhc2"
40,12,0.303,36,0.476,32757.384,1327.303,11.293,23.343,"aedjxpxodj, bsbsbsvsv44, fjvfjk4, user1045942439949, carmen.vega355, maryreynolds112, jckfjd.bff, geifocve, bfc.hff, hckgovj, tdiifhr, user9545613515904"
41,2,1,7,0,4067.833,177.333,1.583,3.833,"fhfg2499, hckcudh1"
42,4,0.667,18,0.6,4388.545,220.303,1.636,1.606,"gdijdgsh4, user31313825076752, bdpd57, user2201058539802"
43,2,1,8,0,2516.944,124.222,1.556,1.5,"andrew.allain2, yga.uha"
44,7,0.333,37,0.333,2368.105,124.596,2.263,1.158,"ididu034, chdg050, user2810315813972, vaigg0, hpcfh, user7080026610324, ysishhd7"
45,3,0.667,14,0,1826.696,108.913,0.826,1.087,"uiavao.bskvai, djm9r, gutieyy7"
46,2,1,7,0,1686.8,142,1.533,1.067,"rosacasey65, yiitsukb"
47,2,1,11,0,3600,56.8,2.867,2.6,"jane95436, gatillocristein6"
48,2,1,8,0,101056.375,6861.5,532.875,2532.625,"yiyayiya666, 333yue"
49,4,0.833,17,0.75,4184.966,75.172,1.276,1.655,"khanh.dao61, nhi.vo585, nhienchau41, thuc.nguyen2010"
50,13,0.462,41,0.855,5677.915,115.934,1.547,14.396,"battl.kray, benedossie2, lawgray3, rubin.mervy8, wiate.doni0, vitsu.alec1, seile.rian, user3436197788624, gooj806, jvtvc3, zsdx184, wroe.edith6, zxvb736"
51,5,0.9,20,0.875,3334.098,95.882,0.863,1.196,"aed2750, dthh824, aed0267, jajsjsn56, jvhb240"
52,2,1,9,0,3042.143,63.643,2.357,0.071,"26hdjwjq, xbxb6381"
53,2,1,7,0,1051.474,65.947,0.579,3,"jebrt.keehg, thanh.dngp"
54,2,1,8,0,1116.118,99.059,0.412,0.765,"grry77768, thi.chanh.viet.do"
55,2,1,7,0,2041.75,138.812,1.375,0.875,"krissi.jamecia, ttt46024"
56,3,1,10,1,2014.524,166.286,2.143,4.143,"djsisidh, jfjjfhk8, kfusj3"
57,2,1,7,0,1263.85,64.5,1.7,5.9,"alba.haarmanny, cuong.tangk"
58,8,0.536,26,0.587,3107.556,77.042,1.653,1.708,"aseng.haymong, juliosalazar229, carlos.alberto.al886, lanora.haskely, emory.drawehj, ilges.estelwei, purnialesh45, sun.lilym"
59,2,1,7,0,1516.55,64,2.1,2.9,"bloodcarme5, ongoc.mrm"
60,2,1,7,0,1109.944,48.833,1.444,1.278,"slatechewb6, dhdh.gccxy"
61,5,0.6,28,0.6,6835.233,83.581,2.767,1.791,"phong.ngoc76, walke.lowe, cuc.thu243, cxd.shd, yelm.boor"
62,8,0.857,27,0.905,1020.351,100.844,0.74,0.649,"ciojkb, eagehh, hojdmc, dhuolt, kubjij, qdcieh, reddit_grayson99, reddit_wave9"
63,2,1,31,0,2166.216,206.865,12.054,5.514,"cutequeen_driver120, lovelydriver51"
64,2,1,19,0,694.028,71.528,8.097,3.528,"amazing_seeet120, sweet_babyc120"
65,3,0.667,30,0,420.347,32.347,5.143,0.898,"xchinaqueen6, xchinaqueen5, xchinaqueen8"
66,15,0.39,50,0.754,1000.724,57.678,0.559,0.52,"eiej4325, kjuq5904, gjhg8047, twkg9813, drgd8391, jkuy0534, okay11732, ghhj8554, bvoo3130, dijx3903, fhda78402, jccj44506, twvs4521, ytrq8081, uest1280"
67,5,1,12,1,2646.068,96.915,0.525,1.237,"ckief1163, glye82199, dyxh0219, rust04104, syic2117"
68,3,1,12,1,1102.944,47.167,0.556,0.417,"tijf9855, uraf9163, ymhr6933"
69,2,1,11,0,1101.556,47.407,0.778,0.593,"ifrt2705, sush0240"
70,2,1,11,0,1526.654,75.577,0.885,0.885,"dhie1905, wert2992"
71,3,1,27,1,925.889,48.278,0.361,2.611,"fhxk1941, bkot6010, wive0570"
72,5,1,24,1,878.018,51.491,0.327,0.709,"givi0331, usjg2117, isce0690, tugx2917, wiqg8225"
73,4,0.667,16,0.6,1223,57.438,0.188,0.312,"cjur6297, fkir2290, urdu9708, voie3340"
74,2,1,10,0,917.4,74.3,0.8,1.5,"clirr5282, fnnf8890"
75,3,1,13,1,843.6,68.6,0.8,0.933,"coirf88774, courr1227, gour2295"
76,3,0.667,18,0,358.042,14.125,0.167,0.208,"lvlbtr, dfbjqb, fvbsiw"
77,2,1,7,0,529.286,15.857,1.762,0.143,"dglqabj, aiwjfha"
78,2,1,8,0,464.118,15.941,0,0.059,"evntft, hhdhuwp"
79,2,1,7,0,799.81,21.667,1,0.19,"isggekf, oivjph"
80,2,1,8,0,2743.917,67,1.583,0.083,"mjbwysq6, vedrdzy"
81,3,1,12,1,1622.591,63.864,1.5,0.455,"wevbocr, fteecfs, ztctmxt"
82,9,0.611,29,0.849,1536.934,58.164,0.656,0.246,"gohdr4367, bdjsbsk4, nidaye81, bxkke4723, liaojiuyu, hgidsi, raggags.kajah, fpominm.yupomisc, user3923265470"
83,3,1,10,1,1821.647,54.412,1.059,0.353,"hwvrok, ljpjvh, oljclk"
84,3,0.667,16,0,3879,122.188,2.312,0.5,"pdilul, htjzwe4, refine74"
85,4,0.5,22,0,30021,978.087,6.522,4.783,"nzohwh, oxkops7, bixukf, awmilke"
86,2,1,7,0,5672.545,148,2.182,1.727,"kdywnty, xcwvym2"
87,2,1,7,0,1131.444,91.444,0.333,1,"duuff30, 1yrogls"
88,6,0.8,14,0.769,1091.964,84.857,0.5,0.214,"nxpsa4288, hdksp6389, hdvhds4, avelina.asucen, vxkaw3274, g.in.cgn"
89,3,0.667,16,0,924,48.75,1.333,0.25,"cigcgict, xvjdsj5, sameerah.tare"
90,2,1,8,0,1732.5,173.875,1.625,0.5,"hds.hy, hzjsjs897"
91,4,0.5,23,0,1179.8,47.95,1.2,0.15,"rajamani.steagell, truck.ethiopian, palatalongwith, user5628638664"
92,2,1,12,0,2183.357,64.571,0.786,0.357,"buggyhugh1, dining.seventy"
93,2,1,8,0,35036.556,213.444,7.889,3.889,"fixthedrama, 2100snowman"
94,3,0.667,14,0,793.667,12.778,0.111,0.222,"bbcanxmfe6, oyoizqmhr9, u2co59sux3"
95,3,0.667,14,0,1592.3,89.9,0.9,2.1,"caifu1802, nbhonghong5, oh.geigeigei"
96,4,0.5,18,0,1772.391,14.172,0.188,2.406,"user2558157487113, tsbhehhehs, user8861376993313, zjsrryuui"
97,20,0.153,114,0.516,7483.185,320.284,4.66,7.556,"itsstj2, gheoe8, wsbhd0, vsuau5, eyidk5, rtikb3, hurrryu, dghhg372, tessh95, tug35587, jspsns3, oshasg, gdjdi63, owuhwh, hfstil3, oaisg2, sfagnd, bjspsp, wsfj4, zvjsl"
98,8,0.429,34,0.429,3918.5,186.364,2.015,1.091,"gysfh4, isgsjdj0, jelejeh1, dvdjsh29, rgyts7, segji2, qllsks0, flsosi5"
99,2,1,7,0,232073.8,9861.8,59,131.9,"fbnggg2, nfjsk12"
100,3,1,35,1,8634.486,158,8.8,23.486,"lnppoe, reddit_ignatius8, shbsdd2"
101,6,0.667,27,0.667,688.831,50.138,0.523,2.508,"mnoojt, objlhmtjemu, arffug, rtwgui, hdmjwo1, ucdrmh"
102,12,0.545,47,0.758,654.626,20.899,0.101,0.367,"pbpktw, idpeoc, dtbtcc8, eqmhqf, bpgarp, puhrra, sqifhw, bipiqo, hltuoq, hidouo, lhqitc, wgslhe"
103,3,0.667,14,0,15693.889,1039.5,23.778,633.056,"p1h5akf, javion.yang, mtbevdcxpq1"
104,2,1,7,0,656.5,21.417,0.667,5.833,"barakah.yasmine.s, salah.hakem.sayeg"
105,2,1,7,0,874.583,35.583,1.917,7,"ethan.carter.mitchell, olivia.ava.davis"
106,3,0.667,22,0,492.059,31.941,1.529,4.647,"safiyyah.iftikar, saniyah.rafidah.k, ghadir.tamadur.ba"
107,9,0.528,25,0.643,26372.971,1225.429,44.371,792.114,"ludwin.keith, ayanna.kelekele, constantinos.hard, adam.hoyt, mira.paxton, brooks.jenner, nash.bramwell4, olando.mayo, summer.king331"
108,3,1,15,1,1361.756,18.976,0.512,3.659,"user12390941773567, chghghj, user2373614982470"
109,2,1,7,0,5685.786,100.429,2.714,1.071,"coicbf, usixidbd"
110,13,0.192,65,0.231,27776.002,490.032,11.406,42.523,"airplane_video578, username0022660, girldriver_8363, username0201726, china_queen_520, malasia2mbb0, amazingpilot2, amazingpilot0, beautydriver2, janimani417, username224064, usernamer02023, cute_queen7102"
111,2,1,9,0,4115.176,90.941,1,7.765,"jsjsbjsso, user12885549245813"
112,2,1,11,0,1390.353,61.882,1,2.118,"ghzdxbj, user41067558498182"
113,7,0.524,25,0.517,2101.577,60.346,0.949,1.91,"ghvvhvcgvvccf, jsjsjksmsmsk, user21677638672342, eexvnnooyy, nkddaram, xxzkpfyq, user6812280201318"
114,3,0.667,16,0,1981.944,109.778,0.667,1.611,"mlyeejyn, .whjshshshshs, user1433469988696"
115,4,0.667,19,0.6,335.415,1.354,0.085,0.049,"avafind2, mrqpgrnyb3467, tptk02426yr, zorhajktn884"
116,3,1,12,1,521.821,2.375,0.018,0.161,"mgallsharring, mgallaudio, knl39aprh6"
117,2,1,31,0,1215.292,102.25,1.417,0.667,"jdhxk85, user8135301746396"
118,5,0.5,27,0.5,335.333,10.867,0.2,0.2,"fefpls, tathkj, tgmfli, tmuacp, user4436815469624"
119,2,1,8,0,4696.75,142.75,0.875,3.125,"hdsgh57, yurvbg2"
120,9,0.583,25,0.828,3728.37,107.444,1.481,3.889,"uzrd3, tdy1634, rzir34, isr0065, ofodypu, dchjo48, its92008, gzchjj, kgx703"
121,2,1,7,0,6157.5,143.375,1.375,2.75,"yufbvf, hdkte6"
122,7,0.429,32,0.5,1196.964,32.607,0.5,0.321,"gkk6161, user4926138720922, hjde197, user5616155060093, umd274, fm04718, user7143669498156"
123,3,0.667,16,0,1116.083,68.833,0.25,0.667,"fkhfe5, hq12151718, iltrukikr"
124,13,0.231,55,0.6,3024.404,124.904,2.019,5.962,"iffhkk0, grdgh760, rhdss79, hrsvh24, hcuccu156, fhgse42, user6100349282272, fgvv752, gdxhij, dchj473, hofkst5, ushd386, ufy468"
125,2,1,8,0,1381,63.25,1,0,"user9342283006096, tsdhj2"
126,3,1,8,1,2373,73.333,2.25,4.333,"reush5, ghfee48, dgjo390"
127,2,1,7,0,7095.625,281.125,0.625,3.625,"tkre891, fsfgi"
128,4,0.833,18,0.75,137845.167,21248.917,74.583,3464.5,"gjfdd68, gdzvh1, hddgjj79, ydsfj89"
129,2,1,9,0,590.167,32.833,0,1.833,"tsdhj01, tsxhj6"
130,7,0.571,20,0.538,5603.81,46.762,1.286,1,"beixian060, gshr888, dfdfm03, stawaszlaher, ddoom15, shgj724, wawayusai463"
131,6,0.333,16,0,14211.733,269,3.667,5.133,"xqi004, ljy88886, user4146560185668, redyou27, keaimaomimiao, forscalligaro"
132,2,1,8,0,2037.833,24.111,9.556,0.111,"luqrbn2, nrmqmi"
133,6,1,9,1,298.889,12.722,0.111,0.167,"ldaphc, jecxsz, utoxwqg, zesysmj, eqxela7, zysmpbz"
134,3,0.667,19,0,128.151,48.226,0.962,1.83,"mdjihad22625, ronikhan22340, user269896582"
135,3,0.667,21,0,133.97,28.242,4.212,0.061,"moderngril5, beautifulseen30, grilofchina"
136,2,1,11,0,1038.778,49.222,3.556,1.556,"chikni_baby, kubri_queen"
