"Account","Network","Unique Shares","Avg Time Between Shares (sec)","Edge Symmetry Score","Degree","Strength","Betweenness","Avg Views","Avg Likes","Avg Comments","Avg Shares"
"<a href=""https://tiktok.com/@aaqo8sth89"" target=""_blank"">@aaqo8sth89</a>",1,8,77.167,0.899,3,39,0.011,1756.333,94.333,1.222,0.222
"<a href=""https://tiktok.com/@bvoo3130"" target=""_blank"">@bvoo3130</a>",2,6,66.571,0.833,1,14,0,1466.667,58.167,1,1.667
"<a href=""https://tiktok.com/@cigc7586"" target=""_blank"">@cigc7586</a>",4,7,51.778,0.857,1,9,0,3508.625,120.375,0.75,0.125
"<a href=""https://tiktok.com/@cjdjfcn"" target=""_blank"">@cjdjfcn</a>",6,8,52.145,0.97,3,32,0,1151.875,111.25,0.75,0.375
"<a href=""https://tiktok.com/@dijx3903"" target=""_blank"">@dijx3903</a>",2,6,66.571,0.833,1,14,0,2077.333,113.333,2.667,1.5
"<a href=""https://tiktok.com/@duuff30"" target=""_blank"">@duuff30</a>",5,10,64.9,1,1,10,0,1123.6,119.4,0.1,0.7
"<a href=""https://tiktok.com/@facsimile5"" target=""_blank"">@facsimile5</a>",1,9,52.192,0.955,2,28,0,2365.889,109.333,1.444,0.333
"<a href=""https://tiktok.com/@fogsi3721"" target=""_blank"">@fogsi3721</a>",6,6,50.167,0.875,1,12,0,913.167,38.167,0.333,0.167
"<a href=""https://tiktok.com/@g.in.cgn"" target=""_blank"">@g.in.cgn</a>",6,10,49.988,0.97,3,34,0,1118.7,89.1,0.5,0.9
"<a href=""https://tiktok.com/@hsbshzu0"" target=""_blank"">@hsbshzu0</a>",7,7,50.667,0.8,1,9,0,1052.571,154.857,0.286,0.143
"<a href=""https://tiktok.com/@hxjdsj34"" target=""_blank"">@hxjdsj34</a>",5,9,64.9,1,1,10,0,3576.6,233.2,2.7,1.5
"<a href=""https://tiktok.com/@hzhdhs"" target=""_blank"">@hzhdhs</a>",6,8,58.953,0.909,3,34,0,1489.875,127.75,1.5,0.125
"<a href=""https://tiktok.com/@kenworthyhoo"" target=""_blank"">@kenworthyhoo</a>",6,11,39.974,0.855,3,31,0.047,1189.909,114.182,1.364,0.545
"<a href=""https://tiktok.com/@ncjfhyrsdj"" target=""_blank"">@ncjfhyrsdj</a>",6,10,46.274,0.882,4,45,0.047,634.636,24,0.091,0.091
"<a href=""https://tiktok.com/@russbigbang"" target=""_blank"">@russbigbang</a>",1,6,85.333,0.889,1,12,0,1103.25,85.75,1,0.125
"<a href=""https://tiktok.com/@smhyynzxe0"" target=""_blank"">@smhyynzxe0</a>",1,9,53.276,0.95,2,25,0,8057.889,459.222,1.444,1.667
"<a href=""https://tiktok.com/@sush0240"" target=""_blank"">@sush0240</a>",3,12,44.333,1,1,9,0,1124,98.917,0.917,5.667
"<a href=""https://tiktok.com/@tijf9855"" target=""_blank"">@tijf9855</a>",3,9,44.333,1,1,9,0,7704.917,459.917,1.833,65.5
"<a href=""https://tiktok.com/@yemxp2822"" target=""_blank"">@yemxp2822</a>",4,8,51.778,0.857,1,9,0,611,44.75,0,0.125
"<a href=""https://tiktok.com/@zafke3177"" target=""_blank"">@zafke3177</a>",6,6,45.2,0.889,1,10,0,11774.143,414.571,2.571,1.714
"<a href=""https://tiktok.com/@zdogz60"" target=""_blank"">@zdogz60</a>",7,5,50.667,0.8,1,9,0,1028.636,99.545,0.455,0.182
