"Post URL","Network","Author","Timestamp","Number of Accounts","Views","Likes","Comments","Shares","Description"
"<a href=""https://www.tiktok.com/@yemxp2822/video/7548005518757924127"" target=""_blank"" class=""btn btn-sm"" style=""background-color: #00926c; color: white; text-decoration: none; padding: 2px 8px; border-radius: 4px; font-size: 0.8em;"">View Post</a>",4,"yemxp2822","2025-09-09 08:37:35",7,1035,117,0,0,"#trending #fyp #fypage #dateupdate #brookeandjubal #phonecall #fypシ゚viral #redditstories"
"<a href=""https://www.tiktok.com/@cigc7586/video/7548005347944828215"" target=""_blank"" class=""btn btn-sm"" style=""background-color: #00926c; color: white; text-decoration: none; padding: 2px 8px; border-radius: 4px; font-size: 0.8em;"">View Post</a>",4,"cigc7586","2025-09-09 08:38:00",7,1112,36,1,0,"#trending #fyp #fypage #dateupdate #brookeandjubal #phonecall #fypシ゚viral #redditstories"
"<a href=""https://www.tiktok.com/@yemxp2822/video/7548005323882106142"" target=""_blank"" class=""btn btn-sm"" style=""background-color: #00926c; color: white; text-decoration: none; padding: 2px 8px; border-radius: 4px; font-size: 0.8em;"">View Post</a>",4,"yemxp2822","2025-09-09 08:37:00",7,262,7,0,0,"#trending #fyp #fypage #dateupdate #brookeandjubal #phonecall #fypシ゚viral #redditstories"
"<a href=""https://www.tiktok.com/@cigc7586/video/7548005309818670391"" target=""_blank"" class=""btn btn-sm"" style=""background-color: #00926c; color: white; text-decoration: none; padding: 2px 8px; border-radius: 4px; font-size: 0.8em;"">View Post</a>",4,"cigc7586","2025-09-09 08:37:32",7,549,35,0,0,"#trending #fyp #fypage #dateupdate #brookeandjubal #phonecall #fypシ゚viral #redditstories"
"<a href=""https://www.tiktok.com/@kenworthyhoo/video/7547977839853702430"" target=""_blank"" class=""btn btn-sm"" style=""background-color: #00926c; color: white; text-decoration: none; padding: 2px 8px; border-radius: 4px; font-size: 0.8em;"">View Post</a>",6,"kenworthyhoo","2025-09-09 06:49:59",7,2069,238,2,2,"#trending #fyp #fypage #dateupdate #brookeandjubal #phonecall #fypシ゚viral #redditstories"
"<a href=""https://www.tiktok.com/@hxjdsj34/video/7547972162024394014"" target=""_blank"" class=""btn btn-sm"" style=""background-color: #00926c; color: white; text-decoration: none; padding: 2px 8px; border-radius: 4px; font-size: 0.8em;"">View Post</a>",5,"hxjdsj34","2025-09-09 06:27:44",7,1756,254,0,1,"#trending #fyp #fypage #dateupdate #brookeandjubal #phonecall #fypシ゚viral #redditstories"
"<a href=""https://www.tiktok.com/@duuff30/video/7547971706380504333"" target=""_blank"" class=""btn btn-sm"" style=""background-color: #00926c; color: white; text-decoration: none; padding: 2px 8px; border-radius: 4px; font-size: 0.8em;"">View Post</a>",5,"duuff30","2025-09-09 06:27:16",7,1800,227,0,1,"#trending #fyp #fypage #dateupdate #brookeandjubal #phonecall #fypシ゚viral #redditstories"
"<a href=""https://www.tiktok.com/@fogsi3721/video/7547971160277830942"" target=""_blank"" class=""btn btn-sm"" style=""background-color: #00926c; color: white; text-decoration: none; padding: 2px 8px; border-radius: 4px; font-size: 0.8em;"">View Post</a>",6,"fogsi3721","2025-09-09 06:23:44",7,825,27,0,1,"#trending #fyp #fypage #dateupdate #brookeandjubal #phonecall #fypシ゚viral #redditstories"
"<a href=""https://www.tiktok.com/@fogsi3721/video/7547970838138457375"" target=""_blank"" class=""btn btn-sm"" style=""background-color: #00926c; color: white; text-decoration: none; padding: 2px 8px; border-radius: 4px; font-size: 0.8em;"">View Post</a>",6,"fogsi3721","2025-09-09 06:22:30",7,924,23,0,0,"#trending #fyp #fypage #dateupdate #brookeandjubal #phonecall #fypシ゚viral #redditstories"
"<a href=""https://www.tiktok.com/@kenworthyhoo/video/7547970766751517983"" target=""_blank"" class=""btn btn-sm"" style=""background-color: #00926c; color: white; text-decoration: none; padding: 2px 8px; border-radius: 4px; font-size: 0.8em;"">View Post</a>",6,"kenworthyhoo","2025-09-09 06:22:28",7,640,74,0,1,"#trending #fyp #fypage #dateupdate #brookeandjubal #phonecall #fypシ゚viral #redditstories"
"<a href=""https://www.tiktok.com/@zafke3177/video/7547970647175990583"" target=""_blank"" class=""btn btn-sm"" style=""background-color: #00926c; color: white; text-decoration: none; padding: 2px 8px; border-radius: 4px; font-size: 0.8em;"">View Post</a>",6,"zafke3177","2025-09-09 06:22:08",7,1249,30,1,0,"#trending #fyp #fypage #dateupdate #brookeandjubal #phonecall #fypシ゚viral #redditstories"
"<a href=""https://www.tiktok.com/@cjdjfcn/video/7547968389575200030"" target=""_blank"" class=""btn btn-sm"" style=""background-color: #00926c; color: white; text-decoration: none; padding: 2px 8px; border-radius: 4px; font-size: 0.8em;"">View Post</a>",6,"cjdjfcn","2025-09-09 06:13:07",7,1115,72,2,0,"#trending #fyp #fypage #dateupdate #brookeandjubal #phonecall #fypシ゚viral #redditstories"
"<a href=""https://www.tiktok.com/@hxjdsj34/video/7547968388539206943"" target=""_blank"" class=""btn btn-sm"" style=""background-color: #00926c; color: white; text-decoration: none; padding: 2px 8px; border-radius: 4px; font-size: 0.8em;"">View Post</a>",5,"hxjdsj34","2025-09-09 06:13:12",7,6108,260,2,4,"#trending #fyp #fypage #dateupdate #brookeandjubal #phonecall #fypシ゚viral #redditstories"
"<a href=""https://www.tiktok.com/@cjdjfcn/video/7547968289452985630"" target=""_blank"" class=""btn btn-sm"" style=""background-color: #00926c; color: white; text-decoration: none; padding: 2px 8px; border-radius: 4px; font-size: 0.8em;"">View Post</a>",6,"cjdjfcn","2025-09-09 06:13:05",7,1811,213,1,3,"#trending #fyp #fypage #dateupdate #brookeandjubal #phonecall #fypシ゚viral #redditstories"
"<a href=""https://www.tiktok.com/@duuff30/video/7547968184784080142"" target=""_blank"" class=""btn btn-sm"" style=""background-color: #00926c; color: white; text-decoration: none; padding: 2px 8px; border-radius: 4px; font-size: 0.8em;"">View Post</a>",5,"duuff30","2025-09-09 06:13:12",7,1929,263,0,2,"#trending #fyp #fypage #dateupdate #brookeandjubal #phonecall #fypシ゚viral #redditstories"
"<a href=""https://www.tiktok.com/@ncjfhyrsdj/video/7547968103720717623"" target=""_blank"" class=""btn btn-sm"" style=""background-color: #00926c; color: white; text-decoration: none; padding: 2px 8px; border-radius: 4px; font-size: 0.8em;"">View Post</a>",6,"ncjfhyrsdj","2025-09-09 06:12:47",7,1034,42,0,0,"#trending #fyp #fypage #dateupdate #brookeandjubal #phonecall #fypシ゚viral #redditstories"
"<a href=""https://www.tiktok.com/@ncjfhyrsdj/video/7547967617642892557"" target=""_blank"" class=""btn btn-sm"" style=""background-color: #00926c; color: white; text-decoration: none; padding: 2px 8px; border-radius: 4px; font-size: 0.8em;"">View Post</a>",6,"ncjfhyrsdj","2025-09-09 06:10:38",7,427,18,0,0,"#trending #fyp #fypage #dateupdate #brookeandjubal #phonecall #fypシ゚viral #redditstories"
"<a href=""https://www.tiktok.com/@hzhdhs/video/7547966769793731895"" target=""_blank"" class=""btn btn-sm"" style=""background-color: #00926c; color: white; text-decoration: none; padding: 2px 8px; border-radius: 4px; font-size: 0.8em;"">View Post</a>",6,"hzhdhs","2025-09-09 06:07:30",7,3077,239,4,0,"#trending #fyp #fypage #dateupdate #brookeandjubal #phonecall #fypシ゚viral #redditstories"
"<a href=""https://www.tiktok.com/@g.in.cgn/video/7547966586330549559"" target=""_blank"" class=""btn btn-sm"" style=""background-color: #00926c; color: white; text-decoration: none; padding: 2px 8px; border-radius: 4px; font-size: 0.8em;"">View Post</a>",6,"g.in.cgn","2025-09-09 06:06:52",7,1686,132,1,0,"#trending #fyp #fypage #dateupdate #brookeandjubal #phonecall #fypシ゚viral #redditstories"
"<a href=""https://www.tiktok.com/@g.in.cgn/video/7547966183614565646"" target=""_blank"" class=""btn btn-sm"" style=""background-color: #00926c; color: white; text-decoration: none; padding: 2px 8px; border-radius: 4px; font-size: 0.8em;"">View Post</a>",6,"g.in.cgn","2025-09-09 06:05:16",7,1092,116,0,1,"#trending #fyp #fypage #dateupdate #brookeandjubal #phonecall #fypシ゚viral #redditstories"
"<a href=""https://www.tiktok.com/@zdogz60/video/7547959925457079565"" target=""_blank"" class=""btn btn-sm"" style=""background-color: #00926c; color: white; text-decoration: none; padding: 2px 8px; border-radius: 4px; font-size: 0.8em;"">View Post</a>",7,"zdogz60","2025-09-09 05:41:09",7,1349,135,0,0,"#trending #fyp #fypage #dateupdate #brookeandjubal #phonecall #fypシ゚viral #redditstories"
"<a href=""https://www.tiktok.com/@hsbshzu0/video/7547959765251427598"" target=""_blank"" class=""btn btn-sm"" style=""background-color: #00926c; color: white; text-decoration: none; padding: 2px 8px; border-radius: 4px; font-size: 0.8em;"">View Post</a>",7,"hsbshzu0","2025-09-09 05:39:45",7,1324,216,0,0,"#trending #fyp #fypage #dateupdate #brookeandjubal #phonecall #fypシ゚viral #redditstories"
"<a href=""https://www.tiktok.com/@zdogz60/video/7547959640173186318"" target=""_blank"" class=""btn btn-sm"" style=""background-color: #00926c; color: white; text-decoration: none; padding: 2px 8px; border-radius: 4px; font-size: 0.8em;"">View Post</a>",7,"zdogz60","2025-09-09 05:39:52",7,883,113,0,0,"#trending #fyp #fypage #dateupdate #brookeandjubal #phonecall #fypシ゚viral #redditstories"
"<a href=""https://www.tiktok.com/@yemxp2822/video/7547701030818041119"" target=""_blank"" class=""btn btn-sm"" style=""background-color: #00926c; color: white; text-decoration: none; padding: 2px 8px; border-radius: 4px; font-size: 0.8em;"">View Post</a>",4,"yemxp2822","2025-09-08 12:55:05",7,151,11,0,0,"#trending #fyp #fypage #dateupdate #brookeandjubal #phonecall #fypシ゚viral #redditstories"
"<a href=""https://www.tiktok.com/@yemxp2822/video/7547700705985826079"" target=""_blank"" class=""btn btn-sm"" style=""background-color: #00926c; color: white; text-decoration: none; padding: 2px 8px; border-radius: 4px; font-size: 0.8em;"">View Post</a>",4,"yemxp2822","2025-09-08 12:53:47",7,629,23,0,0,"#trending #fyp #fypage #dateupdate #brookeandjubal #phonecall #fypシ゚viral #redditstories"
"<a href=""https://www.tiktok.com/@yemxp2822/video/7547700428071357727"" target=""_blank"" class=""btn btn-sm"" style=""background-color: #00926c; color: white; text-decoration: none; padding: 2px 8px; border-radius: 4px; font-size: 0.8em;"">View Post</a>",4,"yemxp2822","2025-09-08 12:52:41",7,1326,92,0,1,"#trending #fyp #fypage #dateupdate #brookeandjubal #phonecall #fypシ゚viral #redditstories"
"<a href=""https://www.tiktok.com/@cigc7586/video/7547655382072659213"" target=""_blank"" class=""btn btn-sm"" style=""background-color: #00926c; color: white; text-decoration: none; padding: 2px 8px; border-radius: 4px; font-size: 0.8em;"">View Post</a>",4,"cigc7586","2025-09-08 09:58:01",7,1478,145,0,0,"#trending #fyp #fypage #dateupdate #brookeandjubal #phonecall #fypシ゚viral #redditstories"
"<a href=""https://www.tiktok.com/@cigc7586/video/7547654391449292045"" target=""_blank"" class=""btn btn-sm"" style=""background-color: #00926c; color: white; text-decoration: none; padding: 2px 8px; border-radius: 4px; font-size: 0.8em;"">View Post</a>",4,"cigc7586","2025-09-08 09:54:05",7,329,6,0,0,"#trending #fyp #fypage #dateupdate #brookeandjubal #phonecall #fypシ゚viral #redditstories"
"<a href=""https://www.tiktok.com/@cigc7586/video/7547653876133006605"" target=""_blank"" class=""btn btn-sm"" style=""background-color: #00926c; color: white; text-decoration: none; padding: 2px 8px; border-radius: 4px; font-size: 0.8em;"">View Post</a>",4,"cigc7586","2025-09-08 09:52:09",7,1263,34,1,0,"#trending #fyp #fypage #dateupdate #brookeandjubal #phonecall #fypシ゚viral #redditstories"
"<a href=""https://www.tiktok.com/@duuff30/video/7547609017741298999"" target=""_blank"" class=""btn btn-sm"" style=""background-color: #00926c; color: white; text-decoration: none; padding: 2px 8px; border-radius: 4px; font-size: 0.8em;"">View Post</a>",5,"duuff30","2025-09-08 06:58:05",7,1073,63,0,0,"#trending #fyp #fypage #dateupdate #brookeandjubal #phonecall #fypシ゚viral #redditstories"
"<a href=""https://www.tiktok.com/@hxjdsj34/video/7547608405087636766"" target=""_blank"" class=""btn btn-sm"" style=""background-color: #00926c; color: white; text-decoration: none; padding: 2px 8px; border-radius: 4px; font-size: 0.8em;"">View Post</a>",5,"hxjdsj34","2025-09-08 06:55:35",7,20548,1134,20,9,"#trending #fyp #fypage #dateupdate #brookeandjubal #phonecall #fypシ゚viral #redditstories"
"<a href=""https://www.tiktok.com/@duuff30/video/7547608377904483597"" target=""_blank"" class=""btn btn-sm"" style=""background-color: #00926c; color: white; text-decoration: none; padding: 2px 8px; border-radius: 4px; font-size: 0.8em;"">View Post</a>",5,"duuff30","2025-09-08 06:55:37",7,1285,221,0,0,"#trending #fyp #fypage #dateupdate #brookeandjubal #phonecall #fypシ゚viral #redditstories"
"<a href=""https://www.tiktok.com/@zafke3177/video/7547608048827780366"" target=""_blank"" class=""btn btn-sm"" style=""background-color: #00926c; color: white; text-decoration: none; padding: 2px 8px; border-radius: 4px; font-size: 0.8em;"">View Post</a>",6,"zafke3177","2025-09-08 06:54:21",7,10428,53,2,0,"#trending #fyp #fypage #dateupdate #brookeandjubal #phonecall #fypシ゚viral #redditstories"
"<a href=""https://www.tiktok.com/@kenworthyhoo/video/7547607989071531294"" target=""_blank"" class=""btn btn-sm"" style=""background-color: #00926c; color: white; text-decoration: none; padding: 2px 8px; border-radius: 4px; font-size: 0.8em;"">View Post</a>",6,"kenworthyhoo","2025-09-08 06:54:03",7,1067,105,1,0,"#trending #fyp #fypage #dateupdate #brookeandjubal #phonecall #fypシ゚viral #redditstories"
"<a href=""https://www.tiktok.com/@duuff30/video/7547607821425085709"" target=""_blank"" class=""btn btn-sm"" style=""background-color: #00926c; color: white; text-decoration: none; padding: 2px 8px; border-radius: 4px; font-size: 0.8em;"">View Post</a>",5,"duuff30","2025-09-08 06:53:24",7,1279,128,1,3,"#trending #fyp #fypage #dateupdate #brookeandjubal #phonecall #fypシ゚viral #redditstories"
"<a href=""https://www.tiktok.com/@hxjdsj34/video/7547607671000665375"" target=""_blank"" class=""btn btn-sm"" style=""background-color: #00926c; color: white; text-decoration: none; padding: 2px 8px; border-radius: 4px; font-size: 0.8em;"">View Post</a>",5,"hxjdsj34","2025-09-08 06:52:48",7,736,99,1,0,"#trending #fyp #fypage #dateupdate #brookeandjubal #phonecall #fypシ゚viral #redditstories"
"<a href=""https://www.tiktok.com/@kenworthyhoo/video/7547607520131501343"" target=""_blank"" class=""btn btn-sm"" style=""background-color: #00926c; color: white; text-decoration: none; padding: 2px 8px; border-radius: 4px; font-size: 0.8em;"">View Post</a>",6,"kenworthyhoo","2025-09-08 06:52:09",7,1421,72,4,0,"#trending #fyp #fypage #dateupdate #brookeandjubal #phonecall #fypシ゚viral #redditstories"
"<a href=""https://www.tiktok.com/@zafke3177/video/7547607516448918797"" target=""_blank"" class=""btn btn-sm"" style=""background-color: #00926c; color: white; text-decoration: none; padding: 2px 8px; border-radius: 4px; font-size: 0.8em;"">View Post</a>",6,"zafke3177","2025-09-08 06:52:13",7,66563,2640,14,12,"#trending #fyp #fypage #dateupdate #brookeandjubal #phonecall #fypシ゚viral #redditstories"
"<a href=""https://www.tiktok.com/@zafke3177/video/7547606846203333943"" target=""_blank"" class=""btn btn-sm"" style=""background-color: #00926c; color: white; text-decoration: none; padding: 2px 8px; border-radius: 4px; font-size: 0.8em;"">View Post</a>",6,"zafke3177","2025-09-08 06:49:39",7,2345,117,0,0,"#trending #fyp #fypage #dateupdate #brookeandjubal #phonecall #fypシ゚viral #redditstories"
"<a href=""https://www.tiktok.com/@fogsi3721/video/7547606830135119134"" target=""_blank"" class=""btn btn-sm"" style=""background-color: #00926c; color: white; text-decoration: none; padding: 2px 8px; border-radius: 4px; font-size: 0.8em;"">View Post</a>",6,"fogsi3721","2025-09-08 06:49:34",7,1243,46,0,0,"#trending #fyp #fypage #dateupdate #brookeandjubal #phonecall #fypシ゚viral #redditstories"
"<a href=""https://www.tiktok.com/@kenworthyhoo/video/7547606734152535327"" target=""_blank"" class=""btn btn-sm"" style=""background-color: #00926c; color: white; text-decoration: none; padding: 2px 8px; border-radius: 4px; font-size: 0.8em;"">View Post</a>",6,"kenworthyhoo","2025-09-08 06:49:10",7,1577,166,3,0,"#trending #fyp #fypage #dateupdate #brookeandjubal #phonecall #fypシ゚viral #redditstories"
"<a href=""https://www.tiktok.com/@hzhdhs/video/7547601373643164983"" target=""_blank"" class=""btn btn-sm"" style=""background-color: #00926c; color: white; text-decoration: none; padding: 2px 8px; border-radius: 4px; font-size: 0.8em;"">View Post</a>",6,"hzhdhs","2025-09-08 06:28:18",7,1136,72,1,0,"#trending #fyp #fypage #dateupdate #brookeandjubal #phonecall #fypシ゚viral #redditstories"
"<a href=""https://www.tiktok.com/@cjdjfcn/video/7547601122127580446"" target=""_blank"" class=""btn btn-sm"" style=""background-color: #00926c; color: white; text-decoration: none; padding: 2px 8px; border-radius: 4px; font-size: 0.8em;"">View Post</a>",6,"cjdjfcn","2025-09-08 06:27:21",7,66,2,0,0,"#trending #fyp #fypage #dateupdate #brookeandjubal #phonecall #fypシ゚viral #redditstories"
"<a href=""https://www.tiktok.com/@ncjfhyrsdj/video/7547601074526440717"" target=""_blank"" class=""btn btn-sm"" style=""background-color: #00926c; color: white; text-decoration: none; padding: 2px 8px; border-radius: 4px; font-size: 0.8em;"">View Post</a>",6,"ncjfhyrsdj","2025-09-08 06:27:12",7,393,17,0,1,"#trending #fyp #fypage #dateupdate #brookeandjubal #phonecall #fypシ゚viral #redditstories"
"<a href=""https://www.tiktok.com/@g.in.cgn/video/7547601072328592695"" target=""_blank"" class=""btn btn-sm"" style=""background-color: #00926c; color: white; text-decoration: none; padding: 2px 8px; border-radius: 4px; font-size: 0.8em;"">View Post</a>",6,"g.in.cgn","2025-09-08 06:27:12",7,1360,192,0,2,"#trending #fyp #fypage #dateupdate #brookeandjubal #phonecall #fypシ゚viral #redditstories"
"<a href=""https://www.tiktok.com/@cjdjfcn/video/7547600473788828958"" target=""_blank"" class=""btn btn-sm"" style=""background-color: #00926c; color: white; text-decoration: none; padding: 2px 8px; border-radius: 4px; font-size: 0.8em;"">View Post</a>",6,"cjdjfcn","2025-09-08 06:24:49",7,1519,124,1,0,"#trending #fyp #fypage #dateupdate #brookeandjubal #phonecall #fypシ゚viral #redditstories"
"<a href=""https://www.tiktok.com/@g.in.cgn/video/7547600389747657998"" target=""_blank"" class=""btn btn-sm"" style=""background-color: #00926c; color: white; text-decoration: none; padding: 2px 8px; border-radius: 4px; font-size: 0.8em;"">View Post</a>",6,"g.in.cgn","2025-09-08 06:24:36",7,1121,78,0,0,"#trending #fyp #fypage #dateupdate #brookeandjubal #phonecall #fypシ゚viral #redditstories"
"<a href=""https://www.tiktok.com/@ncjfhyrsdj/video/7547600323263696142"" target=""_blank"" class=""btn btn-sm"" style=""background-color: #00926c; color: white; text-decoration: none; padding: 2px 8px; border-radius: 4px; font-size: 0.8em;"">View Post</a>",6,"ncjfhyrsdj","2025-09-08 06:24:18",7,996,36,1,0,"#trending #fyp #fypage #dateupdate #brookeandjubal #phonecall #fypシ゚viral #redditstories"
"<a href=""https://www.tiktok.com/@hzhdhs/video/7547600174495845646"" target=""_blank"" class=""btn btn-sm"" style=""background-color: #00926c; color: white; text-decoration: none; padding: 2px 8px; border-radius: 4px; font-size: 0.8em;"">View Post</a>",6,"hzhdhs","2025-09-08 06:23:44",7,1271,119,1,0,"#trending #fyp #fypage #dateupdate #brookeandjubal #phonecall #fypシ゚viral #redditstories"
"<a href=""https://www.tiktok.com/@cjdjfcn/video/7547600045089049886"" target=""_blank"" class=""btn btn-sm"" style=""background-color: #00926c; color: white; text-decoration: none; padding: 2px 8px; border-radius: 4px; font-size: 0.8em;"">View Post</a>",6,"cjdjfcn","2025-09-08 06:23:12",7,1782,186,1,0,"#trending #fyp #fypage #dateupdate #brookeandjubal #phonecall #fypシ゚viral #redditstories"
"<a href=""https://www.tiktok.com/@ncjfhyrsdj/video/7547599956891159863"" target=""_blank"" class=""btn btn-sm"" style=""background-color: #00926c; color: white; text-decoration: none; padding: 2px 8px; border-radius: 4px; font-size: 0.8em;"">View Post</a>",6,"ncjfhyrsdj","2025-09-08 06:22:53",7,251,7,0,0,"#trending #fyp #fypage #dateupdate #brookeandjubal #phonecall #fypシ゚viral #redditstories"
"<a href=""https://www.tiktok.com/@g.in.cgn/video/7547599913014594830"" target=""_blank"" class=""btn btn-sm"" style=""background-color: #00926c; color: white; text-decoration: none; padding: 2px 8px; border-radius: 4px; font-size: 0.8em;"">View Post</a>",6,"g.in.cgn","2025-09-08 06:22:45",7,1348,109,2,6,"#trending #fyp #fypage #dateupdate #brookeandjubal #phonecall #fypシ゚viral #redditstories"
"<a href=""https://www.tiktok.com/@zdogz60/video/7547592595560566071"" target=""_blank"" class=""btn btn-sm"" style=""background-color: #00926c; color: white; text-decoration: none; padding: 2px 8px; border-radius: 4px; font-size: 0.8em;"">View Post</a>",7,"zdogz60","2025-09-08 05:54:18",7,2062,194,1,0,"#trending #fyp #fypage #dateupdate #brookeandjubal #phonecall #fypシ゚viral #redditstories"
"<a href=""https://www.tiktok.com/@zdogz60/video/7547592549360209165"" target=""_blank"" class=""btn btn-sm"" style=""background-color: #00926c; color: white; text-decoration: none; padding: 2px 8px; border-radius: 4px; font-size: 0.8em;"">View Post</a>",7,"zdogz60","2025-09-08 05:54:03",7,230,9,0,0,"#trending #fyp #fypage #dateupdate #brookeandjubal #phonecall #fypシ゚viral #redditstories"
"<a href=""https://www.tiktok.com/@zdogz60/video/7547592413506800909"" target=""_blank"" class=""btn btn-sm"" style=""background-color: #00926c; color: white; text-decoration: none; padding: 2px 8px; border-radius: 4px; font-size: 0.8em;"">View Post</a>",7,"zdogz60","2025-09-08 05:53:37",7,1878,233,1,0,"#trending #fyp #fypage #dateupdate #brookeandjubal #phonecall #fypシ゚viral #redditstories"
"<a href=""https://www.tiktok.com/@hsbshzu0/video/7547592330166013197"" target=""_blank"" class=""btn btn-sm"" style=""background-color: #00926c; color: white; text-decoration: none; padding: 2px 8px; border-radius: 4px; font-size: 0.8em;"">View Post</a>",7,"hsbshzu0","2025-09-08 05:53:20",7,1133,182,0,0,"#trending #fyp #fypage #dateupdate #brookeandjubal #phonecall #fypシ゚viral #redditstories"
"<a href=""https://www.tiktok.com/@hsbshzu0/video/7547592299434265869"" target=""_blank"" class=""btn btn-sm"" style=""background-color: #00926c; color: white; text-decoration: none; padding: 2px 8px; border-radius: 4px; font-size: 0.8em;"">View Post</a>",7,"hsbshzu0","2025-09-08 05:53:10",7,1155,176,0,0,"#trending #fyp #fypage #dateupdate #brookeandjubal #phonecall #fypシ゚viral #redditstories"
"<a href=""https://www.tiktok.com/@hsbshzu0/video/7547591987025825079"" target=""_blank"" class=""btn btn-sm"" style=""background-color: #00926c; color: white; text-decoration: none; padding: 2px 8px; border-radius: 4px; font-size: 0.8em;"">View Post</a>",7,"hsbshzu0","2025-09-08 05:51:58",7,691,102,1,0,"#trending #fyp #fypage #dateupdate #brookeandjubal #phonecall #fypシ゚viral #redditstories"
"<a href=""https://www.tiktok.com/@fogsi3721/video/7547264032609242399"" target=""_blank"" class=""btn btn-sm"" style=""background-color: #00926c; color: white; text-decoration: none; padding: 2px 8px; border-radius: 4px; font-size: 0.8em;"">View Post</a>",6,"fogsi3721","2025-09-07 08:40:12",7,1194,84,2,0,"#trending #fyp #fypage #dateupdate #brookeandjubal #phonecall #fypシ゚viral #redditstories"
"<a href=""https://www.tiktok.com/@kenworthyhoo/video/7547263769143954718"" target=""_blank"" class=""btn btn-sm"" style=""background-color: #00926c; color: white; text-decoration: none; padding: 2px 8px; border-radius: 4px; font-size: 0.8em;"">View Post</a>",6,"kenworthyhoo","2025-09-07 08:39:05",7,280,9,0,0,"#trending #fyp #fypage #dateupdate #brookeandjubal #phonecall #fypシ゚viral #redditstories"
"<a href=""https://www.tiktok.com/@kenworthyhoo/video/7547263742543793439"" target=""_blank"" class=""btn btn-sm"" style=""background-color: #00926c; color: white; text-decoration: none; padding: 2px 8px; border-radius: 4px; font-size: 0.8em;"">View Post</a>",6,"kenworthyhoo","2025-09-07 08:39:26",7,372,18,1,0,"#trending #fyp #fypage #dateupdate #brookeandjubal #phonecall #fypシ゚viral #redditstories"
"<a href=""https://www.tiktok.com/@fogsi3721/video/7547263696154774814"" target=""_blank"" class=""btn btn-sm"" style=""background-color: #00926c; color: white; text-decoration: none; padding: 2px 8px; border-radius: 4px; font-size: 0.8em;"">View Post</a>",6,"fogsi3721","2025-09-07 08:39:00",7,203,4,0,0,"#trending #fyp #fypage #dateupdate #brookeandjubal #phonecall #fypシ゚viral #redditstories"
"<a href=""https://www.tiktok.com/@kenworthyhoo/video/7547263517091548447"" target=""_blank"" class=""btn btn-sm"" style=""background-color: #00926c; color: white; text-decoration: none; padding: 2px 8px; border-radius: 4px; font-size: 0.8em;"">View Post</a>",6,"kenworthyhoo","2025-09-07 08:38:17",7,1236,227,1,1,"#trending #fyp #fypage #dateupdate #brookeandjubal #phonecall #fypシ゚viral #redditstories"
"<a href=""https://www.tiktok.com/@fogsi3721/video/7547263358089710879"" target=""_blank"" class=""btn btn-sm"" style=""background-color: #00926c; color: white; text-decoration: none; padding: 2px 8px; border-radius: 4px; font-size: 0.8em;"">View Post</a>",6,"fogsi3721","2025-09-07 08:37:50",7,1090,45,0,0,"#trending #fyp #fypage #dateupdate #brookeandjubal #phonecall #fypシ゚viral #redditstories"
"<a href=""https://www.tiktok.com/@zafke3177/video/7547263178888056119"" target=""_blank"" class=""btn btn-sm"" style=""background-color: #00926c; color: white; text-decoration: none; padding: 2px 8px; border-radius: 4px; font-size: 0.8em;"">View Post</a>",6,"zafke3177","2025-09-07 08:38:17",7,694,8,0,0,"#trending #fyp #fypage #dateupdate #brookeandjubal #phonecall #fypシ゚viral #redditstories"
"<a href=""https://www.tiktok.com/@zafke3177/video/7547263046922587405"" target=""_blank"" class=""btn btn-sm"" style=""background-color: #00926c; color: white; text-decoration: none; padding: 2px 8px; border-radius: 4px; font-size: 0.8em;"">View Post</a>",6,"zafke3177","2025-09-07 08:37:24",7,688,33,1,0,"#trending #fyp #fypage #dateupdate #brookeandjubal #phonecall #fypシ゚viral #redditstories"
"<a href=""https://www.tiktok.com/@zafke3177/video/7547262359421635853"" target=""_blank"" class=""btn btn-sm"" style=""background-color: #00926c; color: white; text-decoration: none; padding: 2px 8px; border-radius: 4px; font-size: 0.8em;"">View Post</a>",6,"zafke3177","2025-09-07 08:34:16",7,452,21,0,0,"#trending #fyp #fypage #dateupdate #brookeandjubal #phonecall #fypシ゚viral #redditstories"
"<a href=""https://www.tiktok.com/@duuff30/video/7547251351156182286"" target=""_blank"" class=""btn btn-sm"" style=""background-color: #00926c; color: white; text-decoration: none; padding: 2px 8px; border-radius: 4px; font-size: 0.8em;"">View Post</a>",5,"duuff30","2025-09-07 07:51:12",7,1033,43,0,1,"#trending #fyp #fypage #dateupdate #brookeandjubal #phonecall #fypシ゚viral #redditstories"
"<a href=""https://www.tiktok.com/@duuff30/video/7547250959110507789"" target=""_blank"" class=""btn btn-sm"" style=""background-color: #00926c; color: white; text-decoration: none; padding: 2px 8px; border-radius: 4px; font-size: 0.8em;"">View Post</a>",5,"duuff30","2025-09-07 07:49:54",7,653,47,0,0,"#trending #fyp #fypage #dateupdate #brookeandjubal #phonecall #fypシ゚viral #redditstories"
"<a href=""https://www.tiktok.com/@hxjdsj34/video/7547249500448967966"" target=""_blank"" class=""btn btn-sm"" style=""background-color: #00926c; color: white; text-decoration: none; padding: 2px 8px; border-radius: 4px; font-size: 0.8em;"">View Post</a>",5,"hxjdsj34","2025-09-07 07:43:23",7,843,119,1,1,"#trending #fyp #fypage #dateupdate #brookeandjubal #phonecall #fypシ゚viral #redditstories"
"<a href=""https://www.tiktok.com/@hxjdsj34/video/7547248249585880351"" target=""_blank"" class=""btn btn-sm"" style=""background-color: #00926c; color: white; text-decoration: none; padding: 2px 8px; border-radius: 4px; font-size: 0.8em;"">View Post</a>",5,"hxjdsj34","2025-09-07 07:38:33",7,1260,77,0,0,"#trending #fyp #fypage #dateupdate #brookeandjubal #phonecall #fypシ゚viral #redditstories"
"<a href=""https://www.tiktok.com/@cjdjfcn/video/7547248042731162911"" target=""_blank"" class=""btn btn-sm"" style=""background-color: #00926c; color: white; text-decoration: none; padding: 2px 8px; border-radius: 4px; font-size: 0.8em;"">View Post</a>",6,"cjdjfcn","2025-09-07 07:37:48",7,1581,156,0,0,"#trending #fyp #fypage #dateupdate #brookeandjubal #phonecall #fypシ゚viral #redditstories"
"<a href=""https://www.tiktok.com/@hzhdhs/video/7547247695514045709"" target=""_blank"" class=""btn btn-sm"" style=""background-color: #00926c; color: white; text-decoration: none; padding: 2px 8px; border-radius: 4px; font-size: 0.8em;"">View Post</a>",6,"hzhdhs","2025-09-07 07:36:47",7,1824,232,1,0,"#trending #fyp #fypage #dateupdate #brookeandjubal #phonecall #fypシ゚viral #redditstories"
"<a href=""https://www.tiktok.com/@cjdjfcn/video/7547247477762575647"" target=""_blank"" class=""btn btn-sm"" style=""background-color: #00926c; color: white; text-decoration: none; padding: 2px 8px; border-radius: 4px; font-size: 0.8em;"">View Post</a>",6,"cjdjfcn","2025-09-07 07:35:26",7,852,115,1,0,"#trending #fyp #fypage #dateupdate #brookeandjubal #phonecall #fypシ゚viral #redditstories"
"<a href=""https://www.tiktok.com/@g.in.cgn/video/7547247406144818446"" target=""_blank"" class=""btn btn-sm"" style=""background-color: #00926c; color: white; text-decoration: none; padding: 2px 8px; border-radius: 4px; font-size: 0.8em;"">View Post</a>",6,"g.in.cgn","2025-09-07 07:35:59",7,1309,73,1,0,"#trending #fyp #fypage #dateupdate #brookeandjubal #phonecall #fypシ゚viral #redditstories"
"<a href=""https://www.tiktok.com/@ncjfhyrsdj/video/7547247376457616654"" target=""_blank"" class=""btn btn-sm"" style=""background-color: #00926c; color: white; text-decoration: none; padding: 2px 8px; border-radius: 4px; font-size: 0.8em;"">View Post</a>",6,"ncjfhyrsdj","2025-09-07 07:36:04",7,408,7,0,0,"#trending #fyp #fypage #dateupdate #brookeandjubal #phonecall #fypシ゚viral #redditstories"
"<a href=""https://www.tiktok.com/@hxjdsj34/video/7547247365443439902"" target=""_blank"" class=""btn btn-sm"" style=""background-color: #00926c; color: white; text-decoration: none; padding: 2px 8px; border-radius: 4px; font-size: 0.8em;"">View Post</a>",5,"hxjdsj34","2025-09-07 07:35:22",7,1233,102,1,0,"#trending #fyp #fypage #dateupdate #brookeandjubal #phonecall #fypシ゚viral #redditstories"
"<a href=""https://www.tiktok.com/@g.in.cgn/video/7547247214100221239"" target=""_blank"" class=""btn btn-sm"" style=""background-color: #00926c; color: white; text-decoration: none; padding: 2px 8px; border-radius: 4px; font-size: 0.8em;"">View Post</a>",6,"g.in.cgn","2025-09-07 07:35:00",7,290,12,0,0,"#trending #fyp #fypage #dateupdate #brookeandjubal #phonecall #fypシ゚viral #redditstories"
"<a href=""https://www.tiktok.com/@cjdjfcn/video/7547247180176821535"" target=""_blank"" class=""btn btn-sm"" style=""background-color: #00926c; color: white; text-decoration: none; padding: 2px 8px; border-radius: 4px; font-size: 0.8em;"">View Post</a>",6,"cjdjfcn","2025-09-07 07:34:38",7,489,22,0,0,"#trending #fyp #fypage #dateupdate #brookeandjubal #phonecall #fypシ゚viral #redditstories"
"<a href=""https://www.tiktok.com/@hzhdhs/video/7547247163303087374"" target=""_blank"" class=""btn btn-sm"" style=""background-color: #00926c; color: white; text-decoration: none; padding: 2px 8px; border-radius: 4px; font-size: 0.8em;"">View Post</a>",6,"hzhdhs","2025-09-07 07:34:58",7,1257,104,3,1,"#trending #fyp #fypage #dateupdate #brookeandjubal #phonecall #fypシ゚viral #redditstories"
"<a href=""https://www.tiktok.com/@ncjfhyrsdj/video/7547247100317207822"" target=""_blank"" class=""btn btn-sm"" style=""background-color: #00926c; color: white; text-decoration: none; padding: 2px 8px; border-radius: 4px; font-size: 0.8em;"">View Post</a>",6,"ncjfhyrsdj","2025-09-07 07:34:52",7,1105,36,0,0,"#trending #fyp #fypage #dateupdate #brookeandjubal #phonecall #fypシ゚viral #redditstories"
"<a href=""https://www.tiktok.com/@hzhdhs/video/7547246879189306679"" target=""_blank"" class=""btn btn-sm"" style=""background-color: #00926c; color: white; text-decoration: none; padding: 2px 8px; border-radius: 4px; font-size: 0.8em;"">View Post</a>",6,"hzhdhs","2025-09-07 07:33:39",7,600,50,0,0,"#trending #fyp #fypage #dateupdate #brookeandjubal #phonecall #fypシ゚viral #redditstories"
"<a href=""https://www.tiktok.com/@g.in.cgn/video/7547246759160909069"" target=""_blank"" class=""btn btn-sm"" style=""background-color: #00926c; color: white; text-decoration: none; padding: 2px 8px; border-radius: 4px; font-size: 0.8em;"">View Post</a>",6,"g.in.cgn","2025-09-07 07:33:22",7,1511,129,0,0,"#trending #fyp #fypage #dateupdate #brookeandjubal #phonecall #fypシ゚viral #redditstories"
"<a href=""https://www.tiktok.com/@ncjfhyrsdj/video/7547246529367657742"" target=""_blank"" class=""btn btn-sm"" style=""background-color: #00926c; color: white; text-decoration: none; padding: 2px 8px; border-radius: 4px; font-size: 0.8em;"">View Post</a>",6,"ncjfhyrsdj","2025-09-07 07:32:40",7,170,3,0,0,"#trending #fyp #fypage #dateupdate #brookeandjubal #phonecall #fypシ゚viral #redditstories"
"<a href=""https://www.tiktok.com/@zdogz60/video/7547228434880023822"" target=""_blank"" class=""btn btn-sm"" style=""background-color: #00926c; color: white; text-decoration: none; padding: 2px 8px; border-radius: 4px; font-size: 0.8em;"">View Post</a>",7,"zdogz60","2025-09-07 06:21:50",7,1301,125,2,1,"#trending #fyp #fypage #dateupdate #brookeandjubal #phonecall #fypシ゚viral #redditstories"
"<a href=""https://www.tiktok.com/@zdogz60/video/7547228120240196877"" target=""_blank"" class=""btn btn-sm"" style=""background-color: #00926c; color: white; text-decoration: none; padding: 2px 8px; border-radius: 4px; font-size: 0.8em;"">View Post</a>",7,"zdogz60","2025-09-07 06:20:54",7,359,8,0,1,"#trending #fyp #fypage #dateupdate #brookeandjubal #phonecall #fypシ゚viral #redditstories"
"<a href=""https://www.tiktok.com/@zdogz60/video/7547227827318410510"" target=""_blank"" class=""btn btn-sm"" style=""background-color: #00926c; color: white; text-decoration: none; padding: 2px 8px; border-radius: 4px; font-size: 0.8em;"">View Post</a>",7,"zdogz60","2025-09-07 06:19:50",7,1042,91,1,0,"#trending #fyp #fypage #dateupdate #brookeandjubal #phonecall #fypシ゚viral #redditstories"
"<a href=""https://www.tiktok.com/@hsbshzu0/video/7547222375520144653"" target=""_blank"" class=""btn btn-sm"" style=""background-color: #00926c; color: white; text-decoration: none; padding: 2px 8px; border-radius: 4px; font-size: 0.8em;"">View Post</a>",7,"hsbshzu0","2025-09-07 05:58:27",7,875,115,1,0,"#trending #fyp #fypage #dateupdate #brookeandjubal #phonecall #fypシ゚viral #redditstories"
"<a href=""https://www.tiktok.com/@hsbshzu0/video/7547222191901871374"" target=""_blank"" class=""btn btn-sm"" style=""background-color: #00926c; color: white; text-decoration: none; padding: 2px 8px; border-radius: 4px; font-size: 0.8em;"">View Post</a>",7,"hsbshzu0","2025-09-07 05:57:36",7,1115,133,0,0,"#trending #fyp #fypage #dateupdate #brookeandjubal #phonecall #fypシ゚viral #redditstories"
"<a href=""https://www.tiktok.com/@hsbshzu0/video/7547221935961197837"" target=""_blank"" class=""btn btn-sm"" style=""background-color: #00926c; color: white; text-decoration: none; padding: 2px 8px; border-radius: 4px; font-size: 0.8em;"">View Post</a>",7,"hsbshzu0","2025-09-07 05:56:33",7,1075,160,0,1,"#trending #fyp #fypage #dateupdate #brookeandjubal #phonecall #fypシ゚viral #redditstories"
"<a href=""https://www.tiktok.com/@zdogz60/video/7546883903261347086"" target=""_blank"" class=""btn btn-sm"" style=""background-color: #00926c; color: white; text-decoration: none; padding: 2px 8px; border-radius: 4px; font-size: 0.8em;"">View Post</a>",7,"zdogz60","2025-09-06 08:06:25",7,791,83,0,0,"#trending #fyp #fypage #dateupdate #brookeandjubal #phonecall #fypシ゚viral #redditstories"
"<a href=""https://www.tiktok.com/@zdogz60/video/7546883706015845645"" target=""_blank"" class=""btn btn-sm"" style=""background-color: #00926c; color: white; text-decoration: none; padding: 2px 8px; border-radius: 4px; font-size: 0.8em;"">View Post</a>",7,"zdogz60","2025-09-06 08:04:57",7,1191,98,0,0,"#trending #fyp #fypage #dateupdate #brookeandjubal #phonecall #fypシ゚viral #redditstories"
"<a href=""https://www.tiktok.com/@zdogz60/video/7546883602156424503"" target=""_blank"" class=""btn btn-sm"" style=""background-color: #00926c; color: white; text-decoration: none; padding: 2px 8px; border-radius: 4px; font-size: 0.8em;"">View Post</a>",7,"zdogz60","2025-09-06 08:04:55",7,229,6,0,0,"#trending #fyp #fypage #dateupdate #brookeandjubal #phonecall #fypシ゚viral #redditstories"
"<a href=""https://www.tiktok.com/@duuff30/video/7546882804181732621"" target=""_blank"" class=""btn btn-sm"" style=""background-color: #00926c; color: white; text-decoration: none; padding: 2px 8px; border-radius: 4px; font-size: 0.8em;"">View Post</a>",5,"duuff30","2025-09-06 08:01:35",7,1675,182,0,0,"#trending #fyp #fypage #dateupdate #brookeandjubal #phonecall #fypシ゚viral #redditstories"
"<a href=""https://www.tiktok.com/@duuff30/video/7546882671050362125"" target=""_blank"" class=""btn btn-sm"" style=""background-color: #00926c; color: white; text-decoration: none; padding: 2px 8px; border-radius: 4px; font-size: 0.8em;"">View Post</a>",5,"duuff30","2025-09-06 08:01:33",7,280,11,0,0,"#trending #fyp #fypage #dateupdate #brookeandjubal #phonecall #fypシ゚viral #redditstories"
"<a href=""https://www.tiktok.com/@hxjdsj34/video/7546882660677717278"" target=""_blank"" class=""btn btn-sm"" style=""background-color: #00926c; color: white; text-decoration: none; padding: 2px 8px; border-radius: 4px; font-size: 0.8em;"">View Post</a>",5,"hxjdsj34","2025-09-06 07:59:56",7,493,15,1,0,"#trending #fyp #fypage #dateupdate #brookeandjubal #phonecall #fypシ゚viral #redditstories"
"<a href=""https://www.tiktok.com/@g.in.cgn/video/7546882633817525517"" target=""_blank"" class=""btn btn-sm"" style=""background-color: #00926c; color: white; text-decoration: none; padding: 2px 8px; border-radius: 4px; font-size: 0.8em;"">View Post</a>",6,"g.in.cgn","2025-09-06 08:01:06",7,1080,35,1,0,"#trending #fyp #fypage #dateupdate #brookeandjubal #phonecall #fypシ゚viral #redditstories"
"<a href=""https://www.tiktok.com/@hxjdsj34/video/7546882532189441311"" target=""_blank"" class=""btn btn-sm"" style=""background-color: #00926c; color: white; text-decoration: none; padding: 2px 8px; border-radius: 4px; font-size: 0.8em;"">View Post</a>",5,"hxjdsj34","2025-09-06 07:59:35",7,572,28,1,0,"#trending #fyp #fypage #dateupdate #brookeandjubal #phonecall #fypシ゚viral #redditstories"
"<a href=""https://www.tiktok.com/@g.in.cgn/video/7546882294498315575"" target=""_blank"" class=""btn btn-sm"" style=""background-color: #00926c; color: white; text-decoration: none; padding: 2px 8px; border-radius: 4px; font-size: 0.8em;"">View Post</a>",6,"g.in.cgn","2025-09-06 07:59:52",7,390,15,0,0,"#trending #fyp #fypage #dateupdate #brookeandjubal #phonecall #fypシ゚viral #redditstories"
"<a href=""https://www.tiktok.com/@hzhdhs/video/7546882225225157901"" target=""_blank"" class=""btn btn-sm"" style=""background-color: #00926c; color: white; text-decoration: none; padding: 2px 8px; border-radius: 4px; font-size: 0.8em;"">View Post</a>",6,"hzhdhs","2025-09-06 07:59:34",7,1542,105,1,0,"#trending #fyp #fypage #dateupdate #brookeandjubal #phonecall #fypシ゚viral #redditstories"
"<a href=""https://www.tiktok.com/@hxjdsj34/video/7546881879710960926"" target=""_blank"" class=""btn btn-sm"" style=""background-color: #00926c; color: white; text-decoration: none; padding: 2px 8px; border-radius: 4px; font-size: 0.8em;"">View Post</a>",5,"hxjdsj34","2025-09-06 07:57:06",7,2217,244,0,0,"#trending #fyp #fypage #dateupdate #brookeandjubal #phonecall #fypシ゚viral #redditstories"
"<a href=""https://www.tiktok.com/@duuff30/video/7546881844860472590"" target=""_blank"" class=""btn btn-sm"" style=""background-color: #00926c; color: white; text-decoration: none; padding: 2px 8px; border-radius: 4px; font-size: 0.8em;"">View Post</a>",5,"duuff30","2025-09-06 07:57:37",7,229,9,0,0,"#trending #fyp #fypage #dateupdate #brookeandjubal #phonecall #fypシ゚viral #redditstories"
"<a href=""https://www.tiktok.com/@hzhdhs/video/7546881785976655159"" target=""_blank"" class=""btn btn-sm"" style=""background-color: #00926c; color: white; text-decoration: none; padding: 2px 8px; border-radius: 4px; font-size: 0.8em;"">View Post</a>",6,"hzhdhs","2025-09-06 07:57:31",7,1212,101,1,0,"#trending #fyp #fypage #dateupdate #brookeandjubal #phonecall #fypシ゚viral #redditstories"
"<a href=""https://www.tiktok.com/@kenworthyhoo/video/7546881706754575646"" target=""_blank"" class=""btn btn-sm"" style=""background-color: #00926c; color: white; text-decoration: none; padding: 2px 8px; border-radius: 4px; font-size: 0.8em;"">View Post</a>",6,"kenworthyhoo","2025-09-06 07:56:11",7,1719,156,1,1,"#trending #fyp #fypage #dateupdate #brookeandjubal #phonecall #fypシ゚viral #redditstories"
"<a href=""https://www.tiktok.com/@kenworthyhoo/video/7546881658931154207"" target=""_blank"" class=""btn btn-sm"" style=""background-color: #00926c; color: white; text-decoration: none; padding: 2px 8px; border-radius: 4px; font-size: 0.8em;"">View Post</a>",6,"kenworthyhoo","2025-09-06 07:56:13",7,1526,108,0,1,"#trending #fyp #fypage #dateupdate #brookeandjubal #phonecall #fypシ゚viral #redditstories"
"<a href=""https://www.tiktok.com/@kenworthyhoo/video/7546881654749547807"" target=""_blank"" class=""btn btn-sm"" style=""background-color: #00926c; color: white; text-decoration: none; padding: 2px 8px; border-radius: 4px; font-size: 0.8em;"">View Post</a>",6,"kenworthyhoo","2025-09-06 07:56:23",7,1182,83,2,0,"#trending #fyp #fypage #dateupdate #brookeandjubal #phonecall #fypシ゚viral #redditstories"
"<a href=""https://www.tiktok.com/@ncjfhyrsdj/video/7546881559320644877"" target=""_blank"" class=""btn btn-sm"" style=""background-color: #00926c; color: white; text-decoration: none; padding: 2px 8px; border-radius: 4px; font-size: 0.8em;"">View Post</a>",6,"ncjfhyrsdj","2025-09-06 07:56:41",7,1025,31,0,0,"#trending #fyp #fypage #dateupdate #brookeandjubal #phonecall #fypシ゚viral #redditstories"
"<a href=""https://www.tiktok.com/@ncjfhyrsdj/video/7546881327635762445"" target=""_blank"" class=""btn btn-sm"" style=""background-color: #00926c; color: white; text-decoration: none; padding: 2px 8px; border-radius: 4px; font-size: 0.8em;"">View Post</a>",6,"ncjfhyrsdj","2025-09-06 07:55:40",7,192,6,0,0,"#trending #fyp #fypage #dateupdate #brookeandjubal #phonecall #fypシ゚viral #redditstories"
"<a href=""https://www.tiktok.com/@ncjfhyrsdj/video/7546881309017230647"" target=""_blank"" class=""btn btn-sm"" style=""background-color: #00926c; color: white; text-decoration: none; padding: 2px 8px; border-radius: 4px; font-size: 0.8em;"">View Post</a>",6,"ncjfhyrsdj","2025-09-06 07:56:03",7,980,61,0,0,"#trending #fyp #fypage #dateupdate #brookeandjubal #phonecall #fypシ゚viral #redditstories"
"<a href=""https://www.tiktok.com/@aaqo8sth89/video/7547595217881287950"" target=""_blank"" class=""btn btn-sm"" style=""background-color: #00926c; color: white; text-decoration: none; padding: 2px 8px; border-radius: 4px; font-size: 0.8em;"">View Post</a>",1,"aaqo8sth89","2025-09-08 06:04:28",2,1085,75,1,1,"#reddit #reddit_tiktok #redditreadings #askreddit #fyp #foryoupage #redditstorytime #Reddit #fypage #shortstory"
"<a href=""https://www.tiktok.com/@russbigbang/video/7547594944257559863"" target=""_blank"" class=""btn btn-sm"" style=""background-color: #00926c; color: white; text-decoration: none; padding: 2px 8px; border-radius: 4px; font-size: 0.8em;"">View Post</a>",1,"russbigbang","2025-09-08 06:03:29",2,2713,302,1,0,"#reddit #reddit_tiktok #redditreadings #askreddit #fyp #foryoupage #redditstorytime #Reddit #fypage #shortstory"
"<a href=""https://www.tiktok.com/@smhyynzxe0/video/7547594794814557471"" target=""_blank"" class=""btn btn-sm"" style=""background-color: #00926c; color: white; text-decoration: none; padding: 2px 8px; border-radius: 4px; font-size: 0.8em;"">View Post</a>",1,"smhyynzxe0","2025-09-08 06:02:51",2,793,137,1,0,"#reddit #reddit_tiktok #redditreadings #askreddit #fyp #foryoupage #redditstorytime #Reddit #fypage #shortstory"
"<a href=""https://www.tiktok.com/@facsimile5/video/7547594783020092702"" target=""_blank"" class=""btn btn-sm"" style=""background-color: #00926c; color: white; text-decoration: none; padding: 2px 8px; border-radius: 4px; font-size: 0.8em;"">View Post</a>",1,"facsimile5","2025-09-08 06:02:46",2,631,12,1,0,"#reddit #reddit_tiktok #redditreadings #askreddit #fyp #foryoupage #redditstorytime #Reddit #fypage #shortstory"
"<a href=""https://www.tiktok.com/@aaqo8sth89/video/7547594517189233975"" target=""_blank"" class=""btn btn-sm"" style=""background-color: #00926c; color: white; text-decoration: none; padding: 2px 8px; border-radius: 4px; font-size: 0.8em;"">View Post</a>",1,"aaqo8sth89","2025-09-08 06:01:42",2,1482,140,1,0,"#reddit #reddit_tiktok #redditreadings #askreddit #fyp #foryoupage #redditstorytime #Reddit #fypage #shortstory"
"<a href=""https://www.tiktok.com/@aaqo8sth89/video/7547594513347251470"" target=""_blank"" class=""btn btn-sm"" style=""background-color: #00926c; color: white; text-decoration: none; padding: 2px 8px; border-radius: 4px; font-size: 0.8em;"">View Post</a>",1,"aaqo8sth89","2025-09-08 06:01:44",2,1072,81,0,0,"#reddit #reddit_tiktok #redditreadings #askreddit #fyp #foryoupage #redditstorytime #Reddit #fypage #shortstory"
"<a href=""https://www.tiktok.com/@smhyynzxe0/video/7547594192663432479"" target=""_blank"" class=""btn btn-sm"" style=""background-color: #00926c; color: white; text-decoration: none; padding: 2px 8px; border-radius: 4px; font-size: 0.8em;"">View Post</a>",1,"smhyynzxe0","2025-09-08 06:00:29",2,461,34,0,0,"#reddit #reddit_tiktok #redditreadings #askreddit #fyp #foryoupage #redditstorytime #Reddit #fypage #shortstory"
"<a href=""https://www.tiktok.com/@facsimile5/video/7547594128222129438"" target=""_blank"" class=""btn btn-sm"" style=""background-color: #00926c; color: white; text-decoration: none; padding: 2px 8px; border-radius: 4px; font-size: 0.8em;"">View Post</a>",1,"facsimile5","2025-09-08 06:00:16",2,1985,71,1,1,"#reddit #reddit_tiktok #redditreadings #askreddit #fyp #foryoupage #redditstorytime #Reddit #fypage #shortstory"
"<a href=""https://www.tiktok.com/@facsimile5/video/7547594093040340255"" target=""_blank"" class=""btn btn-sm"" style=""background-color: #00926c; color: white; text-decoration: none; padding: 2px 8px; border-radius: 4px; font-size: 0.8em;"">View Post</a>",1,"facsimile5","2025-09-08 06:00:07",2,3808,188,4,0,"#reddit #reddit_tiktok #redditreadings #askreddit #fyp #foryoupage #redditstorytime #Reddit #fypage #shortstory"
"<a href=""https://www.tiktok.com/@russbigbang/video/7547594018637548813"" target=""_blank"" class=""btn btn-sm"" style=""background-color: #00926c; color: white; text-decoration: none; padding: 2px 8px; border-radius: 4px; font-size: 0.8em;"">View Post</a>",1,"russbigbang","2025-09-08 05:59:48",2,1401,104,3,0,"#reddit #reddit_tiktok #redditreadings #askreddit #fyp #foryoupage #redditstorytime #Reddit #fypage #shortstory"
"<a href=""https://www.tiktok.com/@russbigbang/video/7547594004326632717"" target=""_blank"" class=""btn btn-sm"" style=""background-color: #00926c; color: white; text-decoration: none; padding: 2px 8px; border-radius: 4px; font-size: 0.8em;"">View Post</a>",1,"russbigbang","2025-09-08 05:59:47",2,253,4,0,0,"#reddit #reddit_tiktok #redditreadings #askreddit #fyp #foryoupage #redditstorytime #Reddit #fypage #shortstory"
"<a href=""https://www.tiktok.com/@smhyynzxe0/video/7547593952640257311"" target=""_blank"" class=""btn btn-sm"" style=""background-color: #00926c; color: white; text-decoration: none; padding: 2px 8px; border-radius: 4px; font-size: 0.8em;"">View Post</a>",1,"smhyynzxe0","2025-09-08 05:59:32",2,1160,29,3,0,"#reddit #reddit_tiktok #redditreadings #askreddit #fyp #foryoupage #redditstorytime #Reddit #fypage #shortstory"
"<a href=""https://www.tiktok.com/@russbigbang/video/7547268201697070349"" target=""_blank"" class=""btn btn-sm"" style=""background-color: #00926c; color: white; text-decoration: none; padding: 2px 8px; border-radius: 4px; font-size: 0.8em;"">View Post</a>",1,"russbigbang","2025-09-07 08:57:19",2,1674,107,0,1,"#reddit #reddit_tiktok #redditreadings #askreddit #fyp #foryoupage #redditstorytime #Reddit #fypage #shortstory"
"<a href=""https://www.tiktok.com/@aaqo8sth89/video/7547268027746848014"" target=""_blank"" class=""btn btn-sm"" style=""background-color: #00926c; color: white; text-decoration: none; padding: 2px 8px; border-radius: 4px; font-size: 0.8em;"">View Post</a>",1,"aaqo8sth89","2025-09-07 08:56:34",2,2689,152,2,0,"#reddit #reddit_tiktok #redditreadings #askreddit #fyp #foryoupage #redditstorytime #Reddit #fypage #shortstory"
"<a href=""https://www.tiktok.com/@facsimile5/video/7547267933223849246"" target=""_blank"" class=""btn btn-sm"" style=""background-color: #00926c; color: white; text-decoration: none; padding: 2px 8px; border-radius: 4px; font-size: 0.8em;"">View Post</a>",1,"facsimile5","2025-09-07 08:55:22",2,150,7,0,0,"#reddit #reddit_tiktok #redditreadings #askreddit #fyp #foryoupage #redditstorytime #Reddit #fypage #shortstory"
"<a href=""https://www.tiktok.com/@smhyynzxe0/video/7547267913871314206"" target=""_blank"" class=""btn btn-sm"" style=""background-color: #00926c; color: white; text-decoration: none; padding: 2px 8px; border-radius: 4px; font-size: 0.8em;"">View Post</a>",1,"smhyynzxe0","2025-09-07 08:55:28",2,63129,3563,5,15,"#reddit #reddit_tiktok #redditreadings #askreddit #fyp #foryoupage #redditstorytime #Reddit #fypage #shortstory"
"<a href=""https://www.tiktok.com/@russbigbang/video/7547267748997369101"" target=""_blank"" class=""btn btn-sm"" style=""background-color: #00926c; color: white; text-decoration: none; padding: 2px 8px; border-radius: 4px; font-size: 0.8em;"">View Post</a>",1,"russbigbang","2025-09-07 08:55:36",2,330,13,0,0,"#reddit #reddit_tiktok #redditreadings #askreddit #fyp #foryoupage #redditstorytime #Reddit #fypage #shortstory"
"<a href=""https://www.tiktok.com/@russbigbang/video/7547267541752679735"" target=""_blank"" class=""btn btn-sm"" style=""background-color: #00926c; color: white; text-decoration: none; padding: 2px 8px; border-radius: 4px; font-size: 0.8em;"">View Post</a>",1,"russbigbang","2025-09-07 08:55:37",2,1346,95,0,0,"#reddit #reddit_tiktok #redditreadings #askreddit #fyp #foryoupage #redditstorytime #Reddit #fypage #shortstory"
"<a href=""https://www.tiktok.com/@facsimile5/video/7547267496936492318"" target=""_blank"" class=""btn btn-sm"" style=""background-color: #00926c; color: white; text-decoration: none; padding: 2px 8px; border-radius: 4px; font-size: 0.8em;"">View Post</a>",1,"facsimile5","2025-09-07 08:53:18",2,1214,98,0,0,"#reddit #reddit_tiktok #redditreadings #askreddit #fyp #foryoupage #redditstorytime #Reddit #fypage #shortstory"
"<a href=""https://www.tiktok.com/@aaqo8sth89/video/7547267353206148407"" target=""_blank"" class=""btn btn-sm"" style=""background-color: #00926c; color: white; text-decoration: none; padding: 2px 8px; border-radius: 4px; font-size: 0.8em;"">View Post</a>",1,"aaqo8sth89","2025-09-07 08:54:31",2,6546,210,1,0,"#reddit #reddit_tiktok #redditreadings #askreddit #fyp #foryoupage #redditstorytime #Reddit #fypage #shortstory"
"<a href=""https://www.tiktok.com/@smhyynzxe0/video/7547267246050266398"" target=""_blank"" class=""btn btn-sm"" style=""background-color: #00926c; color: white; text-decoration: none; padding: 2px 8px; border-radius: 4px; font-size: 0.8em;"">View Post</a>",1,"smhyynzxe0","2025-09-07 08:52:56",2,1144,84,0,0,"#reddit #reddit_tiktok #redditreadings #askreddit #fyp #foryoupage #redditstorytime #Reddit #fypage #shortstory"
"<a href=""https://www.tiktok.com/@aaqo8sth89/video/7547267167088069902"" target=""_blank"" class=""btn btn-sm"" style=""background-color: #00926c; color: white; text-decoration: none; padding: 2px 8px; border-radius: 4px; font-size: 0.8em;"">View Post</a>",1,"aaqo8sth89","2025-09-07 08:53:32",2,151,1,0,0,"#reddit #reddit_tiktok #redditreadings #askreddit #fyp #foryoupage #redditstorytime #Reddit #fypage #shortstory"
"<a href=""https://www.tiktok.com/@facsimile5/video/7547267009420037406"" target=""_blank"" class=""btn btn-sm"" style=""background-color: #00926c; color: white; text-decoration: none; padding: 2px 8px; border-radius: 4px; font-size: 0.8em;"">View Post</a>",1,"facsimile5","2025-09-07 08:51:59",2,963,90,1,0,"#reddit #reddit_tiktok #redditreadings #askreddit #fyp #foryoupage #redditstorytime #Reddit #fypage #shortstory"
"<a href=""https://www.tiktok.com/@smhyynzxe0/video/7547266842528615711"" target=""_blank"" class=""btn btn-sm"" style=""background-color: #00926c; color: white; text-decoration: none; padding: 2px 8px; border-radius: 4px; font-size: 0.8em;"">View Post</a>",1,"smhyynzxe0","2025-09-07 08:51:03",2,1825,69,1,0,"#reddit #reddit_tiktok #redditreadings #askreddit #fyp #foryoupage #redditstorytime #Reddit #fypage #shortstory"
"<a href=""https://www.tiktok.com/@russbigbang/video/7546865724279541006"" target=""_blank"" class=""btn btn-sm"" style=""background-color: #00926c; color: white; text-decoration: none; padding: 2px 8px; border-radius: 4px; font-size: 0.8em;"">View Post</a>",1,"russbigbang","2025-09-06 06:54:54",2,1066,59,4,0,"#reddit #reddit_tiktok #redditreadings #askreddit #fyp #foryoupage #redditstorytime #Reddit #fypage #shortstory"
"<a href=""https://www.tiktok.com/@russbigbang/video/7546865624090299662"" target=""_blank"" class=""btn btn-sm"" style=""background-color: #00926c; color: white; text-decoration: none; padding: 2px 8px; border-radius: 4px; font-size: 0.8em;"">View Post</a>",1,"russbigbang","2025-09-06 06:54:55",2,43,2,0,0,"#reddit #reddit_tiktok #redditreadings #askreddit #fyp #foryoupage #redditstorytime #Reddit #fypage #shortstory"
"<a href=""https://www.tiktok.com/@aaqo8sth89/video/7546822689441336590"" target=""_blank"" class=""btn btn-sm"" style=""background-color: #00926c; color: white; text-decoration: none; padding: 2px 8px; border-radius: 4px; font-size: 0.8em;"">View Post</a>",1,"aaqo8sth89","2025-09-06 04:07:05",2,662,50,1,0,"#reddit #reddit_tiktok #redditreadings #askreddit #fyp #foryoupage #redditstorytime #Reddit #fypage #shortstory"
"<a href=""https://www.tiktok.com/@aaqo8sth89/video/7546821726114434318"" target=""_blank"" class=""btn btn-sm"" style=""background-color: #00926c; color: white; text-decoration: none; padding: 2px 8px; border-radius: 4px; font-size: 0.8em;"">View Post</a>",1,"aaqo8sth89","2025-09-06 04:03:09",2,973,79,4,0,"#reddit #reddit_tiktok #redditreadings #askreddit #fyp #foryoupage #redditstorytime #Reddit #fypage #shortstory"
"<a href=""https://www.tiktok.com/@aaqo8sth89/video/7546821662872784183"" target=""_blank"" class=""btn btn-sm"" style=""background-color: #00926c; color: white; text-decoration: none; padding: 2px 8px; border-radius: 4px; font-size: 0.8em;"">View Post</a>",1,"aaqo8sth89","2025-09-06 04:03:00",2,1147,61,1,1,"#reddit #reddit_tiktok #redditreadings #askreddit #fyp #foryoupage #redditstorytime #Reddit #fypage #shortstory"
"<a href=""https://www.tiktok.com/@facsimile5/video/7546821604244753694"" target=""_blank"" class=""btn btn-sm"" style=""background-color: #00926c; color: white; text-decoration: none; padding: 2px 8px; border-radius: 4px; font-size: 0.8em;"">View Post</a>",1,"facsimile5","2025-09-06 04:02:28",2,1216,103,0,1,"#reddit #reddit_tiktok #redditreadings #askreddit #fyp #foryoupage #redditstorytime #Reddit #fypage #shortstory"
"<a href=""https://www.tiktok.com/@smhyynzxe0/video/7546821469427322142"" target=""_blank"" class=""btn btn-sm"" style=""background-color: #00926c; color: white; text-decoration: none; padding: 2px 8px; border-radius: 4px; font-size: 0.8em;"">View Post</a>",1,"smhyynzxe0","2025-09-06 04:01:55",2,473,27,1,0,"#reddit #reddit_tiktok #redditreadings #askreddit #fyp #foryoupage #redditstorytime #Reddit #fypage #shortstory"
"<a href=""https://www.tiktok.com/@facsimile5/video/7546820876411424031"" target=""_blank"" class=""btn btn-sm"" style=""background-color: #00926c; color: white; text-decoration: none; padding: 2px 8px; border-radius: 4px; font-size: 0.8em;"">View Post</a>",1,"facsimile5","2025-09-06 03:59:40",2,2716,114,0,0,"#reddit #reddit_tiktok #redditreadings #askreddit #fyp #foryoupage #redditstorytime #Reddit #fypage #shortstory"
"<a href=""https://www.tiktok.com/@smhyynzxe0/video/7546820859760086303"" target=""_blank"" class=""btn btn-sm"" style=""background-color: #00926c; color: white; text-decoration: none; padding: 2px 8px; border-radius: 4px; font-size: 0.8em;"">View Post</a>",1,"smhyynzxe0","2025-09-06 03:59:36",2,1132,52,1,0,"#reddit #reddit_tiktok #redditreadings #askreddit #fyp #foryoupage #redditstorytime #Reddit #fypage #shortstory"
"<a href=""https://www.tiktok.com/@facsimile5/video/7546820686455557406"" target=""_blank"" class=""btn btn-sm"" style=""background-color: #00926c; color: white; text-decoration: none; padding: 2px 8px; border-radius: 4px; font-size: 0.8em;"">View Post</a>",1,"facsimile5","2025-09-06 03:58:56",2,8610,301,6,1,"#reddit #reddit_tiktok #redditreadings #askreddit #fyp #foryoupage #redditstorytime #Reddit #fypage #shortstory"
"<a href=""https://www.tiktok.com/@smhyynzxe0/video/7546820324763913503"" target=""_blank"" class=""btn btn-sm"" style=""background-color: #00926c; color: white; text-decoration: none; padding: 2px 8px; border-radius: 4px; font-size: 0.8em;"">View Post</a>",1,"smhyynzxe0","2025-09-06 03:57:32",2,2404,138,1,0,"#reddit #reddit_tiktok #redditreadings #askreddit #fyp #foryoupage #redditstorytime #Reddit #fypage #shortstory"
"<a href=""https://www.tiktok.com/@bvoo3130/video/7547982650779143479"" target=""_blank"" class=""btn btn-sm"" style=""background-color: #00926c; color: white; text-decoration: none; padding: 2px 8px; border-radius: 4px; font-size: 0.8em;"">View Post</a>",2,"bvoo3130","2025-09-09 07:09:22",1,739,24,0,0,"#ask #askreddit #learnontiktok #reddit #story #redditbysubs #satisfying #relaxing#usa#reddit_tiktok"
"<a href=""https://www.tiktok.com/@bvoo3130/video/7547982421539441934"" target=""_blank"" class=""btn btn-sm"" style=""background-color: #00926c; color: white; text-decoration: none; padding: 2px 8px; border-radius: 4px; font-size: 0.8em;"">View Post</a>",2,"bvoo3130","2025-09-09 07:08:36",1,1825,59,0,0,"#ask #askreddit #learnontiktok #reddit #story #redditbysubs #satisfying #relaxing#usa#reddit_tiktok"
"<a href=""https://www.tiktok.com/@bvoo3130/video/7547982131687951630"" target=""_blank"" class=""btn btn-sm"" style=""background-color: #00926c; color: white; text-decoration: none; padding: 2px 8px; border-radius: 4px; font-size: 0.8em;"">View Post</a>",2,"bvoo3130","2025-09-09 07:08:14",1,694,25,0,1,"#ask #askreddit #learnontiktok #reddit #story #redditbysubs #satisfying #relaxing#usa#reddit_tiktok"
"<a href=""https://www.tiktok.com/@dijx3903/video/7547982087458983223"" target=""_blank"" class=""btn btn-sm"" style=""background-color: #00926c; color: white; text-decoration: none; padding: 2px 8px; border-radius: 4px; font-size: 0.8em;"">View Post</a>",2,"dijx3903","2025-09-09 07:07:09",1,882,46,0,0,"#ask #askreddit #learnontiktok #reddit #story #redditbysubs #satisfying #relaxing#usa#reddit_tiktok"
"<a href=""https://www.tiktok.com/@dijx3903/video/7547981921062538509"" target=""_blank"" class=""btn btn-sm"" style=""background-color: #00926c; color: white; text-decoration: none; padding: 2px 8px; border-radius: 4px; font-size: 0.8em;"">View Post</a>",2,"dijx3903","2025-09-09 07:06:24",1,1121,70,1,0,"#ask #askreddit #learnontiktok #reddit #story #redditbysubs #satisfying #relaxing#usa#reddit_tiktok"
"<a href=""https://www.tiktok.com/@dijx3903/video/7547981918332046647"" target=""_blank"" class=""btn btn-sm"" style=""background-color: #00926c; color: white; text-decoration: none; padding: 2px 8px; border-radius: 4px; font-size: 0.8em;"">View Post</a>",2,"dijx3903","2025-09-09 07:06:50",1,1324,89,0,0,"#ask #askreddit #learnontiktok #reddit #story #redditbysubs #satisfying #relaxing#usa#reddit_tiktok"
"<a href=""https://www.tiktok.com/@dijx3903/video/7547615841559334157"" target=""_blank"" class=""btn btn-sm"" style=""background-color: #00926c; color: white; text-decoration: none; padding: 2px 8px; border-radius: 4px; font-size: 0.8em;"">View Post</a>",2,"dijx3903","2025-09-08 07:24:31",1,6380,290,9,0,"#ask #askreddit #learnontiktok #reddit #story #redditbysubs #satisfying #relaxing#usa#reddit_tiktok"
"<a href=""https://www.tiktok.com/@dijx3903/video/7547615744595348791"" target=""_blank"" class=""btn btn-sm"" style=""background-color: #00926c; color: white; text-decoration: none; padding: 2px 8px; border-radius: 4px; font-size: 0.8em;"">View Post</a>",2,"dijx3903","2025-09-08 07:24:07",1,1483,106,5,2,"#ask #askreddit #learnontiktok #reddit #story #redditbysubs #satisfying #relaxing#usa#reddit_tiktok"
"<a href=""https://www.tiktok.com/@dijx3903/video/7547615637040876855"" target=""_blank"" class=""btn btn-sm"" style=""background-color: #00926c; color: white; text-decoration: none; padding: 2px 8px; border-radius: 4px; font-size: 0.8em;"">View Post</a>",2,"dijx3903","2025-09-08 07:23:47",1,1274,79,1,7,"#ask #askreddit #learnontiktok #reddit #story #redditbysubs #satisfying #relaxing#usa#reddit_tiktok"
"<a href=""https://www.tiktok.com/@bvoo3130/video/7547615629793070350"" target=""_blank"" class=""btn btn-sm"" style=""background-color: #00926c; color: white; text-decoration: none; padding: 2px 8px; border-radius: 4px; font-size: 0.8em;"">View Post</a>",2,"bvoo3130","2025-09-08 07:23:41",1,1409,103,1,5,"#ask #askreddit #learnontiktok #reddit #story #redditbysubs #satisfying #relaxing#usa#reddit_tiktok"
"<a href=""https://www.tiktok.com/@bvoo3130/video/7547615510389640461"" target=""_blank"" class=""btn btn-sm"" style=""background-color: #00926c; color: white; text-decoration: none; padding: 2px 8px; border-radius: 4px; font-size: 0.8em;"">View Post</a>",2,"bvoo3130","2025-09-08 07:23:14",1,2188,58,5,3,"#ask #askreddit #learnontiktok #reddit #story #redditbysubs #satisfying #relaxing#usa#reddit_tiktok"
"<a href=""https://www.tiktok.com/@bvoo3130/video/7547615412343655735"" target=""_blank"" class=""btn btn-sm"" style=""background-color: #00926c; color: white; text-decoration: none; padding: 2px 8px; border-radius: 4px; font-size: 0.8em;"">View Post</a>",2,"bvoo3130","2025-09-08 07:22:50",1,1945,80,0,1,"#ask #askreddit #learnontiktok #reddit #story #redditbysubs #satisfying #relaxing#usa#reddit_tiktok"
"<a href=""https://www.tiktok.com/@tijf9855/video/7548048523397287223"" target=""_blank"" class=""btn btn-sm"" style=""background-color: #00926c; color: white; text-decoration: none; padding: 2px 8px; border-radius: 4px; font-size: 0.8em;"">View Post</a>",3,"tijf9855","2025-09-09 11:24:35",1,533,51,1,5,"What things do men do that are sexy that they dont realize are sexy？ #ask #askreddit #learnontiktok #reddit #story #redditbysubs #satisfying #relaxing#usa"
"<a href=""https://www.tiktok.com/@sush0240/video/7548048502941568311"" target=""_blank"" class=""btn btn-sm"" style=""background-color: #00926c; color: white; text-decoration: none; padding: 2px 8px; border-radius: 4px; font-size: 0.8em;"">View Post</a>",3,"sush0240","2025-09-09 11:24:22",1,430,26,0,0,"What things do men do that are sexy that they dont realize are sexy？ #ask #askreddit #learnontiktok #reddit #story #redditbysubs #satisfying #relaxing#usa"
"<a href=""https://www.tiktok.com/@sush0240/video/7547610709908114701"" target=""_blank"" class=""btn btn-sm"" style=""background-color: #00926c; color: white; text-decoration: none; padding: 2px 8px; border-radius: 4px; font-size: 0.8em;"">View Post</a>",3,"sush0240","2025-09-08 07:04:40",1,624,51,0,3,"What things do men do that are sexy that they dont realize are sexy？ #ask #askreddit #learnontiktok #reddit #story #redditbysubs #satisfying #relaxing#usa"
"<a href=""https://www.tiktok.com/@tijf9855/video/7547610595843951886"" target=""_blank"" class=""btn btn-sm"" style=""background-color: #00926c; color: white; text-decoration: none; padding: 2px 8px; border-radius: 4px; font-size: 0.8em;"">View Post</a>",3,"tijf9855","2025-09-08 07:04:10",1,898,89,0,2,"What things do men do that are sexy that they dont realize are sexy？ #ask #askreddit #learnontiktok #reddit #story #redditbysubs #satisfying #relaxing#usa"
"<a href=""https://www.tiktok.com/@tijf9855/video/7548048445538356493"" target=""_blank"" class=""btn btn-sm"" style=""background-color: #00926c; color: white; text-decoration: none; padding: 2px 8px; border-radius: 4px; font-size: 0.8em;"">View Post</a>",3,"tijf9855","2025-09-09 11:24:03",1,422,42,0,3,"What felt like a useless piece of advice until you actually tried it？ #ask #askreddit #learnontiktok #reddit #story #redditbysubs #satisfying #relaxing#usa"
"<a href=""https://www.tiktok.com/@sush0240/video/7548048392493010231"" target=""_blank"" class=""btn btn-sm"" style=""background-color: #00926c; color: white; text-decoration: none; padding: 2px 8px; border-radius: 4px; font-size: 0.8em;"">View Post</a>",3,"sush0240","2025-09-09 11:23:54",1,573,57,0,0,"What felt like a useless piece of advice until you actually tried it？ #ask #askreddit #learnontiktok #reddit #story #redditbysubs #satisfying #relaxing#usa"
"<a href=""https://www.tiktok.com/@sush0240/video/7547610533604707598"" target=""_blank"" class=""btn btn-sm"" style=""background-color: #00926c; color: white; text-decoration: none; padding: 2px 8px; border-radius: 4px; font-size: 0.8em;"">View Post</a>",3,"sush0240","2025-09-08 07:03:55",1,1072,143,1,1,"What felt like a useless piece of advice until you actually tried it？ #ask #askreddit #learnontiktok #reddit #story #redditbysubs #satisfying #relaxing#usa"
"<a href=""https://www.tiktok.com/@tijf9855/video/7547610458845547789"" target=""_blank"" class=""btn btn-sm"" style=""background-color: #00926c; color: white; text-decoration: none; padding: 2px 8px; border-radius: 4px; font-size: 0.8em;"">View Post</a>",3,"tijf9855","2025-09-08 07:03:38",1,1091,120,0,0,"What felt like a useless piece of advice until you actually tried it？ #ask #askreddit #learnontiktok #reddit #story #redditbysubs #satisfying #relaxing#usa"
"<a href=""https://www.tiktok.com/@tijf9855/video/7548048353754369293"" target=""_blank"" class=""btn btn-sm"" style=""background-color: #00926c; color: white; text-decoration: none; padding: 2px 8px; border-radius: 4px; font-size: 0.8em;"">View Post</a>",3,"tijf9855","2025-09-09 11:23:37",1,372,33,0,0,"What is something unattractive that you find hot？ #ask #askreddit #learnontiktok #reddit #story #redditbysubs #satisfying #relaxing#usa"
"<a href=""https://www.tiktok.com/@sush0240/video/7548048191367761165"" target=""_blank"" class=""btn btn-sm"" style=""background-color: #00926c; color: white; text-decoration: none; padding: 2px 8px; border-radius: 4px; font-size: 0.8em;"">View Post</a>",3,"sush0240","2025-09-09 11:23:23",1,390,23,1,0,"What is something unattractive that you find hot？ #ask #askreddit #learnontiktok #reddit #story #redditbysubs #satisfying #relaxing#usa"
"<a href=""https://www.tiktok.com/@sush0240/video/7547610347880860941"" target=""_blank"" class=""btn btn-sm"" style=""background-color: #00926c; color: white; text-decoration: none; padding: 2px 8px; border-radius: 4px; font-size: 0.8em;"">View Post</a>",3,"sush0240","2025-09-08 07:03:11",1,753,88,0,0,"What is something unattractive that you find hot？ #ask #askreddit #learnontiktok #reddit #story #redditbysubs #satisfying #relaxing#usa"
"<a href=""https://www.tiktok.com/@tijf9855/video/7547610304377556279"" target=""_blank"" class=""btn btn-sm"" style=""background-color: #00926c; color: white; text-decoration: none; padding: 2px 8px; border-radius: 4px; font-size: 0.8em;"">View Post</a>",3,"tijf9855","2025-09-08 07:03:03",1,829,71,0,0,"What is something unattractive that you find hot？ #ask #askreddit #learnontiktok #reddit #story #redditbysubs #satisfying #relaxing#usa"
"<a href=""https://www.tiktok.com/@sush0240/video/7547240866629438734"" target=""_blank"" class=""btn btn-sm"" style=""background-color: #00926c; color: white; text-decoration: none; padding: 2px 8px; border-radius: 4px; font-size: 0.8em;"">View Post</a>",3,"sush0240","2025-09-07 07:10:29",1,1075,89,2,3,"What is the weirdest thing you find extremely attractive? #ask #askreddit #learnontiktok #reddit #story #redditbysubs #satisfying #relaxing#usa"
"<a href=""https://www.tiktok.com/@tijf9855/video/7547240504925130039"" target=""_blank"" class=""btn btn-sm"" style=""background-color: #00926c; color: white; text-decoration: none; padding: 2px 8px; border-radius: 4px; font-size: 0.8em;"">View Post</a>",3,"tijf9855","2025-09-07 07:08:58",1,1474,68,2,0,"What is the weirdest thing you find extremely attractive? #ask #askreddit #learnontiktok #reddit #story #redditbysubs #satisfying #relaxing#usa"
"<a href=""https://www.tiktok.com/@sush0240/video/7547240782122552631"" target=""_blank"" class=""btn btn-sm"" style=""background-color: #00926c; color: white; text-decoration: none; padding: 2px 8px; border-radius: 4px; font-size: 0.8em;"">View Post</a>",3,"sush0240","2025-09-07 07:10:03",1,757,71,2,4,"Guys what do girls do that is very cute but they dont know it? #ask #askreddit #learnontiktok #reddit #story #redditbysubs #satisfying #relaxing#usa"
"<a href=""https://www.tiktok.com/@tijf9855/video/7547240228893887799"" target=""_blank"" class=""btn btn-sm"" style=""background-color: #00926c; color: white; text-decoration: none; padding: 2px 8px; border-radius: 4px; font-size: 0.8em;"">View Post</a>",3,"tijf9855","2025-09-07 07:08:12",1,1308,87,0,2,"Guys what do girls do that is very cute but they dont know it? #ask #askreddit #learnontiktok #reddit #story #redditbysubs #satisfying #relaxing#usa"
"<a href=""https://www.tiktok.com/@sush0240/video/7547240663406906679"" target=""_blank"" class=""btn btn-sm"" style=""background-color: #00926c; color: white; text-decoration: none; padding: 2px 8px; border-radius: 4px; font-size: 0.8em;"">View Post</a>",3,"sush0240","2025-09-07 07:09:32",1,1258,136,1,1,"When did you realize you were attractive? #ask #askreddit #learnontiktok #reddit #story #redditbysubs #satisfying #relaxing#usa"
"<a href=""https://www.tiktok.com/@tijf9855/video/7547240187609271565"" target=""_blank"" class=""btn btn-sm"" style=""background-color: #00926c; color: white; text-decoration: none; padding: 2px 8px; border-radius: 4px; font-size: 0.8em;"">View Post</a>",3,"tijf9855","2025-09-07 07:07:46",1,1668,91,0,0,"When did you realize you were attractive? #ask #askreddit #learnontiktok #reddit #story #redditbysubs #satisfying #relaxing#usa"
"<a href=""https://www.tiktok.com/@yemxp2822/video/7547293660396686623"" target=""_blank"" class=""btn btn-sm"" style=""background-color: #00926c; color: white; text-decoration: none; padding: 2px 8px; border-radius: 4px; font-size: 0.8em;"">View Post</a>",4,"yemxp2822","2025-09-07 10:35:14",1,1027,96,0,0,"#trending #fyp #fypage #dateupdate #brookeandjubal #phonecall #fypシ゚viral#redditstories"
"<a href=""https://www.tiktok.com/@cigc7586/video/7547293147324321038"" target=""_blank"" class=""btn btn-sm"" style=""background-color: #00926c; color: white; text-decoration: none; padding: 2px 8px; border-radius: 4px; font-size: 0.8em;"">View Post</a>",4,"cigc7586","2025-09-07 10:34:42",1,1997,58,0,0,"#trending #fyp #fypage #dateupdate #brookeandjubal #phonecall #fypシ゚viral#redditstories"
"<a href=""https://www.tiktok.com/@cigc7586/video/7547292793262198030"" target=""_blank"" class=""btn btn-sm"" style=""background-color: #00926c; color: white; text-decoration: none; padding: 2px 8px; border-radius: 4px; font-size: 0.8em;"">View Post</a>",4,"cigc7586","2025-09-07 10:33:35",1,7583,156,2,0,"#trending #fyp #fypage #dateupdate #brookeandjubal #phonecall #fypシ゚viral#redditstories"
"<a href=""https://www.tiktok.com/@yemxp2822/video/7547292722474781982"" target=""_blank"" class=""btn btn-sm"" style=""background-color: #00926c; color: white; text-decoration: none; padding: 2px 8px; border-radius: 4px; font-size: 0.8em;"">View Post</a>",4,"yemxp2822","2025-09-07 10:31:44",1,323,10,0,0,"#trending #fyp #fypage #dateupdate #brookeandjubal #phonecall #fypシ゚viral#redditstories"
"<a href=""https://www.tiktok.com/@cigc7586/video/7547292577301646647"" target=""_blank"" class=""btn btn-sm"" style=""background-color: #00926c; color: white; text-decoration: none; padding: 2px 8px; border-radius: 4px; font-size: 0.8em;"">View Post</a>",4,"cigc7586","2025-09-07 10:32:20",1,13758,493,2,1,"#trending #fyp #fypage #dateupdate #brookeandjubal #phonecall #fypシ゚viral#redditstories"
"<a href=""https://www.tiktok.com/@yemxp2822/video/7547292538462391582"" target=""_blank"" class=""btn btn-sm"" style=""background-color: #00926c; color: white; text-decoration: none; padding: 2px 8px; border-radius: 4px; font-size: 0.8em;"">View Post</a>",4,"yemxp2822","2025-09-07 10:31:12",1,135,2,0,0,"#trending #fyp #fypage #dateupdate #brookeandjubal #phonecall #fypシ゚viral#redditstories"
