"Network","Number of Accounts","Network Density","Network Diameter","Clustering Coefficient","Avg Views","Avg Likes","Avg Comments","Avg Shares","Member Accounts"
1,4,0.667,27,0.6,3384.2,190.057,1.286,0.6,"aaqo8sth89, russbigbang, facsimile5, smhyynzxe0"
2,2,1,14,0,1772,85.75,1.833,1.583,"bvoo3130, dijx3903"
3,2,1,9,0,4414.458,279.417,1.375,35.583,"sush0240, tijf9855"
4,2,1,9,0,2059.812,82.562,0.375,0.125,"cigc7586, yemxp2822"
5,2,1,10,0,2350.1,176.3,1.4,1.1,"hxjdsj34, duuff30"
6,7,0.429,34,0.667,2299.82,122.197,0.967,0.541,"kenworthyhoo, fogsi3721, cjdjfcn, hzhdhs, g.in.cgn, zafke3177, ncjfhyrsdj"
7,2,1,9,0,1037.944,121.056,0.389,0.167,"hsbshzu0, zdogz60"
