"Account","Network","Unique Shares","Avg Time Between Shares (sec)","Edge Symmetry Score","Degree","Strength","Betweenness","Avg Views","Avg Likes","Avg Comments","Avg Shares"
"<a href=""https://tiktok.com/@1utfjk"" target=""_blank"">@1utfjk</a>",30,6,0,0.917,4,69,0,373.333,6.167,0.333,0.167
"<a href=""https://tiktok.com/@2appookkve"" target=""_blank"">@2appookkve</a>",30,6,0,0.917,5,87,0,161.333,2.833,0,0
"<a href=""https://tiktok.com/@2thgkvjd"" target=""_blank"">@2thgkvjd</a>",30,6,0,0.917,5,87,0,879.333,34.667,0.167,0.167
"<a href=""https://tiktok.com/@3mbfklb"" target=""_blank"">@3mbfklb</a>",30,6,0,0.917,5,87,0,434,20,0.667,0
"<a href=""https://tiktok.com/@3mmmgkk"" target=""_blank"">@3mmmgkk</a>",30,6,0,0.917,4,69,0,709,22,0.5,0.167
"<a href=""https://tiktok.com/@41ghqq"" target=""_blank"">@41ghqq</a>",30,8,0,0.875,37,592,0,613.375,7.75,0.125,0
"<a href=""https://tiktok.com/@4hgkdjf"" target=""_blank"">@4hgkdjf</a>",30,6,0,0.917,5,87,0,1314.167,36.333,0.333,0.167
"<a href=""https://tiktok.com/@4hjgdjj"" target=""_blank"">@4hjgdjj</a>",30,8,0,0.792,50,791,0.007,727,16.75,0.125,0
"<a href=""https://tiktok.com/@abjjvt"" target=""_blank"">@abjjvt</a>",20,12,0,0.882,24,741,0,349.417,11.667,0.083,0.25
"<a href=""https://tiktok.com/@aed2977"" target=""_blank"">@aed2977</a>",14,10,0,0.9,11,200,0,1206,49.4,0.9,0.9
"<a href=""https://tiktok.com/@aed3345"" target=""_blank"">@aed3345</a>",6,9,0,0.93,56,949,0,1635.222,63.333,0.444,0.778
"<a href=""https://tiktok.com/@aed3660"" target=""_blank"">@aed3660</a>",13,9,0,0.93,8,135,0,4301.222,96.556,0.778,1.333
"<a href=""https://tiktok.com/@aed5430"" target=""_blank"">@aed5430</a>",6,8,0,1,38,608,0,1178.25,33.625,0.75,2.625
"<a href=""https://tiktok.com/@aed6071"" target=""_blank"">@aed6071</a>",18,10,0,0.9,7,128,0,8091.4,180.5,1.5,2.5
"<a href=""https://tiktok.com/@aed7230"" target=""_blank"">@aed7230</a>",6,9,0,0.93,56,949,0,1181.778,124.667,1.778,6.222
"<a href=""https://tiktok.com/@aed75787"" target=""_blank"">@aed75787</a>",13,10,0,0.9,10,178,0,7195,91.9,0.8,1.2
"<a href=""https://tiktok.com/@aed7p4"" target=""_blank"">@aed7p4</a>",13,9,0,0.95,7,118,0,3866.111,64,1.222,1.889
"<a href=""https://tiktok.com/@aed8562"" target=""_blank"">@aed8562</a>",6,9,0,0.93,48,820,0,818.556,49.222,19.222,2.778
"<a href=""https://tiktok.com/@aeda1689"" target=""_blank"">@aeda1689</a>",13,10,0,0.9,10,178,0,15707.5,79.8,0.6,1.5
"<a href=""https://tiktok.com/@aedhdici"" target=""_blank"">@aedhdici</a>",6,10,0,0.9,64,1164,0,1483.3,61.5,1.2,1.3
"<a href=""https://tiktok.com/@aedyckctu"" target=""_blank"">@aedyckctu</a>",6,10,0,0.9,64,1164,0,2471.8,167.2,0.9,0.7
"<a href=""https://tiktok.com/@aefhkddh"" target=""_blank"">@aefhkddh</a>",6,10,0,0.9,64,1164,0,2134.9,99.5,1.5,5.5
"<a href=""https://tiktok.com/@afpkjk"" target=""_blank"">@afpkjk</a>",30,8,0,0.875,37,592,0,1615.25,26.375,0.75,0
"<a href=""https://tiktok.com/@aiudugd"" target=""_blank"">@aiudugd</a>",8,9,0,0.944,8,130,0,1027,52.778,1.222,0.222
"<a href=""https://tiktok.com/@ale431660"" target=""_blank"">@ale431660</a>",32,6,0,0.917,7,114,0,600.667,9.333,0,0.333
"<a href=""https://tiktok.com/@alecl0962"" target=""_blank"">@alecl0962</a>",32,6,0,0.845,5,75,0,1223.833,50,10.333,7.333
"<a href=""https://tiktok.com/@aleo3852"" target=""_blank"">@aleo3852</a>",32,6,0,0.917,7,114,0,692.167,22.333,0,0.5
"<a href=""https://tiktok.com/@amazinggirl_120"" target=""_blank"">@amazinggirl_120</a>",27,18,0,0.492,9,401,0,98.111,11.444,2.5,0
"<a href=""https://tiktok.com/@anaxagoras.harlen"" target=""_blank"">@anaxagoras.harlen</a>",6,8,0,1,38,608,0,2544.75,79.375,2.25,0.875
"<a href=""https://tiktok.com/@areplan_driver120"" target=""_blank"">@areplan_driver120</a>",27,25,0,0.703,11,1901,0,241.68,31.32,4.32,1.12
"<a href=""https://tiktok.com/@asdfsasd.fgdfdgas"" target=""_blank"">@asdfsasd.fgdfdgas</a>",6,10,0,0.9,64,1164,0,22280.5,712.5,7.7,10.7
"<a href=""https://tiktok.com/@aueh7133"" target=""_blank"">@aueh7133</a>",23,6,0,0.917,29,513,0.001,337,14.667,0,0.167
"<a href=""https://tiktok.com/@awglma"" target=""_blank"">@awglma</a>",20,7,0,0.872,22,418,0,356.143,14.714,0.143,0.143
"<a href=""https://tiktok.com/@awgthc"" target=""_blank"">@awgthc</a>",20,5,0,0.833,13,195,0.001,522.8,33,0,0.2
"<a href=""https://tiktok.com/@aynor.ogawa"" target=""_blank"">@aynor.ogawa</a>",13,10,0,0.9,10,178,0,2527.6,46,0.2,0.8
"<a href=""https://tiktok.com/@bartholomewnancybz1025"" target=""_blank"">@bartholomewnancybz1025</a>",14,9,0,0.93,10,167,0,7687.556,327.333,5.556,20.778
"<a href=""https://tiktok.com/@bbfj54"" target=""_blank"">@bbfj54</a>",6,10,0,0.9,64,1164,0,1316.5,23.3,0.8,0.4
"<a href=""https://tiktok.com/@bcfgtrjh"" target=""_blank"">@bcfgtrjh</a>",30,8,0,0.875,37,592,0,863.125,16.375,0.5,0.375
"<a href=""https://tiktok.com/@bcjjc54"" target=""_blank"">@bcjjc54</a>",11,8,0,1,2,32,0,294310.25,12076.75,43.75,73.625
"<a href=""https://tiktok.com/@bdbdchhd"" target=""_blank"">@bdbdchhd</a>",2,8,0,0.882,2,44,0,783.5,34.625,1.375,1.5
"<a href=""https://tiktok.com/@bdbdhhehh"" target=""_blank"">@bdbdhhehh</a>",17,6,0,1,6,108,0,163.167,1.667,0,0
"<a href=""https://tiktok.com/@bdonvg"" target=""_blank"">@bdonvg</a>",14,10,0,0.9,11,200,0,2477.6,58.1,0.8,0.5
"<a href=""https://tiktok.com/@be.jkigv"" target=""_blank"">@be.jkigv</a>",5,10,0,0.95,14,272,0,786.7,51.2,0.3,0.8
"<a href=""https://tiktok.com/@beacherarmstrong2005"" target=""_blank"">@beacherarmstrong2005</a>",9,10,0,0.955,8,154,0,94727.7,2668.4,18.6,39.1
"<a href=""https://tiktok.com/@beaty_queen_22"" target=""_blank"">@beaty_queen_22</a>",4,12,0,0.9,1,18,0,657.462,85.385,6.462,1
"<a href=""https://tiktok.com/@bffb2489"" target=""_blank"">@bffb2489</a>",23,14,0,0.897,33,1180,0,953.714,100.286,0.786,0.286
"<a href=""https://tiktok.com/@bfffercajm"" target=""_blank"">@bfffercajm</a>",25,9,0,0.875,9,189,0,1257.667,94.444,0.778,1.667
"<a href=""https://tiktok.com/@bfihc"" target=""_blank"">@bfihc</a>",6,10,0,0.9,64,1164,0,1764.2,73.2,0.4,0.8
"<a href=""https://tiktok.com/@bgfddf8888"" target=""_blank"">@bgfddf8888</a>",6,8,0,0.844,33,523,0,1123.75,53.25,0.25,0.75
"<a href=""https://tiktok.com/@billo_driver3535"" target=""_blank"">@billo_driver3535</a>",27,12,0,0.763,3,228,0,3.75,0.25,0.917,0
"<a href=""https://tiktok.com/@bipiqo"" target=""_blank"">@bipiqo</a>",20,15,0,0.868,24,852,0,810.733,26.867,0.133,0.133
"<a href=""https://tiktok.com/@biytff8bh8"" target=""_blank"">@biytff8bh8</a>",25,8,0,0.868,6,117,0,1399,165.25,1.5,2.25
"<a href=""https://tiktok.com/@bmc12655"" target=""_blank"">@bmc12655</a>",5,10,0,0.95,14,272,0,740.5,25.3,0.1,0.3
"<a href=""https://tiktok.com/@boyfchijvy65"" target=""_blank"">@boyfchijvy65</a>",25,6,0,0.917,7,111,0,1235.5,102,0.5,5.333
"<a href=""https://tiktok.com/@bpgarp"" target=""_blank"">@bpgarp</a>",20,12,0,0.882,24,741,0,354.083,8.5,0,0
"<a href=""https://tiktok.com/@bristy.beb"" target=""_blank"">@bristy.beb</a>",33,6,0,0.917,10,174,0,541.667,3.833,0.333,0.167
"<a href=""https://tiktok.com/@bsbseuo"" target=""_blank"">@bsbseuo</a>",17,10,0,0.842,33,644,0,204622.4,9832.7,82.9,536.5
"<a href=""https://tiktok.com/@bvoo3130"" target=""_blank"">@bvoo3130</a>",21,9,0,1,5,135,0,12073.222,239.889,0.778,1
"<a href=""https://tiktok.com/@bzsksk1"" target=""_blank"">@bzsksk1</a>",30,6,0,0.917,4,69,0,1863,60.333,0,0.167
"<a href=""https://tiktok.com/@cagnhd"" target=""_blank"">@cagnhd</a>",17,10,0,0.842,33,644,0,4241.4,157.2,3.6,2.8
"<a href=""https://tiktok.com/@calvinwhitman1014"" target=""_blank"">@calvinwhitman1014</a>",14,9,0,0.95,10,170,0,2070.111,45.889,0.333,0.556
"<a href=""https://tiktok.com/@cdnkdg"" target=""_blank"">@cdnkdg</a>",20,9,0,0.875,23,585,0,230.778,5,0,0.556
"<a href=""https://tiktok.com/@chccggc1"" target=""_blank"">@chccggc1</a>",17,6,0,1,6,108,0,1323.5,13,0,0
"<a href=""https://tiktok.com/@chcjg0"" target=""_blank"">@chcjg0</a>",6,8,0,0.844,38,598,0,2059.25,67.5,1.375,0.5
"<a href=""https://tiktok.com/@chhvtdy"" target=""_blank"">@chhvtdy</a>",15,8,0,1,6,96,0,1005.75,59,0.25,0.125
"<a href=""https://tiktok.com/@china_cutegirl22"" target=""_blank"">@china_cutegirl22</a>",4,12,0,0.9,1,18,0,2144.615,178.923,6.846,2.538
"<a href=""https://tiktok.com/@chinuo.zhong"" target=""_blank"">@chinuo.zhong</a>",19,10,0,1,1,20,0,5933.4,83.8,2.5,1.2
"<a href=""https://tiktok.com/@chumi_driver102"" target=""_blank"">@chumi_driver102</a>",27,32,0,0.683,11,2414,0,1002.938,102.312,29.438,0.781
"<a href=""https://tiktok.com/@chvftn"" target=""_blank"">@chvftn</a>",6,8,0,0.844,35,553,0,1367.75,93,3.75,1.375
"<a href=""https://tiktok.com/@cigcgict"" target=""_blank"">@cigcgict</a>",30,9,0,0.93,10,167,0,419.222,13.667,0.333,0.111
"<a href=""https://tiktok.com/@cirila.mccorkle"" target=""_blank"">@cirila.mccorkle</a>",6,10,0,0.9,64,1164,0,45644,576.2,3.5,4.7
"<a href=""https://tiktok.com/@ciucfyictci"" target=""_blank"">@ciucfyictci</a>",30,8,0,0.875,37,592,0,588.125,19.625,0.25,0.125
"<a href=""https://tiktok.com/@cjdeub"" target=""_blank"">@cjdeub</a>",30,8,0,0.875,37,592,0,2068.125,117,0.75,0.625
"<a href=""https://tiktok.com/@cjdfndrh"" target=""_blank"">@cjdfndrh</a>",30,8,0,0.844,6,94,0,640.625,8.75,0.375,0.125
"<a href=""https://tiktok.com/@cjire9104"" target=""_blank"">@cjire9104</a>",23,15,0,0.904,33,1257,0,1524.733,79.6,0.267,0.533
"<a href=""https://tiktok.com/@cjirr8920"" target=""_blank"">@cjirr8920</a>",23,15,0,0.904,33,1257,0,1296.8,55.2,0.133,0.333
"<a href=""https://tiktok.com/@cjitr2086"" target=""_blank"">@cjitr2086</a>",23,15,0,0.904,33,1257,0,856.667,24.133,0.267,0.4
"<a href=""https://tiktok.com/@cjur6297"" target=""_blank"">@cjur6297</a>",23,15,0,0.904,33,1257,0,1074.133,72.267,0.533,0.467
"<a href=""https://tiktok.com/@ckfg70"" target=""_blank"">@ckfg70</a>",8,9,0,0.944,8,130,0,2103.556,55.667,0.889,1.889
"<a href=""https://tiktok.com/@ckir91022"" target=""_blank"">@ckir91022</a>",23,9,0,0.88,30,783,0,833.333,17.889,0,0.333
"<a href=""https://tiktok.com/@clirr5282"" target=""_blank"">@clirr5282</a>",23,13,0,0.872,31,1082,0,895.846,122.154,0.692,0.615
"<a href=""https://tiktok.com/@cngff4885"" target=""_blank"">@cngff4885</a>",6,10,0,0.9,64,1164,0,874.4,45.5,3,5.3
"<a href=""https://tiktok.com/@coco8880877"" target=""_blank"">@coco8880877</a>",34,10,0,0.894,2,33,0,1722.7,133.2,1,0.4
"<a href=""https://tiktok.com/@coicbf"" target=""_blank"">@coicbf</a>",6,10,0,0.9,64,1164,0,1294.5,63.1,1.2,0.7
"<a href=""https://tiktok.com/@coref8734"" target=""_blank"">@coref8734</a>",23,6,0,0.917,25,435,0.001,692,22.5,0.5,0.5
"<a href=""https://tiktok.com/@courr1227"" target=""_blank"">@courr1227</a>",23,14,0,0.897,33,1173,0,366.857,8.857,0.214,0.143
"<a href=""https://tiktok.com/@crtyougo"" target=""_blank"">@crtyougo</a>",17,10,0,0.842,33,644,0,986,55.2,2.2,1.3
"<a href=""https://tiktok.com/@csusvhb"" target=""_blank"">@csusvhb</a>",17,10,0,0.842,33,644,0,3332.8,81.5,3.9,6.1
"<a href=""https://tiktok.com/@ctskgzjv"" target=""_blank"">@ctskgzjv</a>",25,6,0,0.917,7,111,0,1684.5,174.833,0.833,1.667
"<a href=""https://tiktok.com/@cucu17645"" target=""_blank"">@cucu17645</a>",30,8,0,0.875,37,592,0,848.5,38,0.5,0.5
"<a href=""https://tiktok.com/@cusvtd"" target=""_blank"">@cusvtd</a>",20,9,0,0.875,23,585,0,6418.111,69.333,0.667,0.333
"<a href=""https://tiktok.com/@cute_chumi_girl208"" target=""_blank"">@cute_chumi_girl208</a>",27,30,0,0.68,12,1048,0,303.967,20.367,1.967,0.333
"<a href=""https://tiktok.com/@cutedriver120"" target=""_blank"">@cutedriver120</a>",27,36,0,0.68,13,1969,0,103.667,13.667,1.611,0.278
"<a href=""https://tiktok.com/@cutegirlbabe2"" target=""_blank"">@cutegirlbabe2</a>",27,35,0,0.689,15,1298,0,405.171,19.086,0.857,0.343
"<a href=""https://tiktok.com/@cutequeen_driver120"" target=""_blank"">@cutequeen_driver120</a>",27,42,0,0.677,13,2916,0,484.429,48.595,3.881,2.095
"<a href=""https://tiktok.com/@dadd.dhh7"" target=""_blank"">@dadd.dhh7</a>",32,6,0,0.917,18,303,0,1568.667,25,0.333,1.833
"<a href=""https://tiktok.com/@danaobenkuil"" target=""_blank"">@danaobenkuil</a>",24,9,0,0.95,4,70,0,1588.667,63.111,1.444,1.111
"<a href=""https://tiktok.com/@debran.oxonrp00"" target=""_blank"">@debran.oxonrp00</a>",13,9,0,0.93,8,135,0,3774.111,77.889,0.222,1.444
"<a href=""https://tiktok.com/@debran.oxonrp03"" target=""_blank"">@debran.oxonrp03</a>",13,8,0,0.844,6,93,0,110567.625,1775.25,5.125,40.625
"<a href=""https://tiktok.com/@debran.oxonrp080"" target=""_blank"">@debran.oxonrp080</a>",28,8,0,0.75,4,65,0,3089.25,51.375,0.75,0.75
"<a href=""https://tiktok.com/@debran.oxonrp34"" target=""_blank"">@debran.oxonrp34</a>",28,7,0,0.7,1,18,0,1966.429,36,0.571,0.429
"<a href=""https://tiktok.com/@debran.oxonrp86"" target=""_blank"">@debran.oxonrp86</a>",13,8,0,1,3,48,0,15542.625,132.125,4.375,4.625
"<a href=""https://tiktok.com/@dfyioo.nko"" target=""_blank"">@dfyioo.nko</a>",32,6,0,0.917,18,303,0,1832.167,35.333,0.167,0.5
"<a href=""https://tiktok.com/@dgfddc24"" target=""_blank"">@dgfddc24</a>",9,8,0,0.944,8,130,0,2382.875,120.25,0.5,2.75
"<a href=""https://tiktok.com/@dguy8654"" target=""_blank"">@dguy8654</a>",6,9,0,0.93,49,838,0,896.778,39.667,0.222,1.111
"<a href=""https://tiktok.com/@dhcghcb"" target=""_blank"">@dhcghcb</a>",17,10,0,0.842,33,644,0,1851.8,77.9,4.6,1.3
"<a href=""https://tiktok.com/@dhhi6645"" target=""_blank"">@dhhi6645</a>",23,12,0,0.901,31,1011,0,698,49.333,0.417,0.167
"<a href=""https://tiktok.com/@dhicug"" target=""_blank"">@dhicug</a>",6,10,0,0.9,64,1164,0,1465.9,33,1,0.9
"<a href=""https://tiktok.com/@dhut98545"" target=""_blank"">@dhut98545</a>",6,9,0,0.93,49,836,0,3263,108.889,1.111,1.222
"<a href=""https://tiktok.com/@dijx3903"" target=""_blank"">@dijx3903</a>",21,12,0,1,5,171,0,1830.083,63.25,0.25,0.083
"<a href=""https://tiktok.com/@djisks96"" target=""_blank"">@djisks96</a>",31,5,0,0.833,1,15,0,518.4,19.2,0.4,0
"<a href=""https://tiktok.com/@djjsjbxjb"" target=""_blank"">@djjsjbxjb</a>",22,8,0,1,1,22,0,819.25,40,0.75,0.625
"<a href=""https://tiktok.com/@djskgikeejk8"" target=""_blank"">@djskgikeejk8</a>",2,9,0,0.833,2,45,0,2635.556,143.667,22.222,27.778
"<a href=""https://tiktok.com/@dmssndn.hdmsmen"" target=""_blank"">@dmssndn.hdmsmen</a>",29,8,0,0.727,1,22,0,2615.9,43.5,0.8,0.3
"<a href=""https://tiktok.com/@doiplo1"" target=""_blank"">@doiplo1</a>",20,15,0,0.868,24,852,0,556.733,25.667,0,0.067
"<a href=""https://tiktok.com/@drape.ivoe"" target=""_blank"">@drape.ivoe</a>",12,9,0,0.944,3,47,0,1312.333,47,0.111,1.111
"<a href=""https://tiktok.com/@dscgty"" target=""_blank"">@dscgty</a>",18,10,0,0.9,7,128,0,3577.5,104.4,8.3,1.5
"<a href=""https://tiktok.com/@dtbtcc8"" target=""_blank"">@dtbtcc8</a>",20,15,0,0.868,24,852,0,631.533,21.067,0.333,0
"<a href=""https://tiktok.com/@dtkwod"" target=""_blank"">@dtkwod</a>",17,10,0,0.842,33,644,0,1663.6,67.9,1.6,1.4
"<a href=""https://tiktok.com/@dutiutx"" target=""_blank"">@dutiutx</a>",15,10,0,1,6,116,0,3377.1,87.6,1.1,0.6
"<a href=""https://tiktok.com/@duvfyh1"" target=""_blank"">@duvfyh1</a>",7,10,0,0.95,3,54,0,9029,229.2,4.4,1.6
"<a href=""https://tiktok.com/@dvnedc"" target=""_blank"">@dvnedc</a>",6,8,0,0.844,37,583,0,1110.25,54.875,1.375,0.5
"<a href=""https://tiktok.com/@dydes6"" target=""_blank"">@dydes6</a>",29,11,0,0.727,1,22,0,972.455,101.182,1.727,3.182
"<a href=""https://tiktok.com/@echo41097whisper"" target=""_blank"">@echo41097whisper</a>",28,10,0,0.9,5,92,0,929.4,54.7,0.3,0.3
"<a href=""https://tiktok.com/@ehgw1916"" target=""_blank"">@ehgw1916</a>",23,14,0,0.897,33,1180,0,697.071,23.143,0.143,0.214
"<a href=""https://tiktok.com/@eiwv9484"" target=""_blank"">@eiwv9484</a>",23,14,0,0.897,33,1180,0,1586.429,63,0.571,0.571
"<a href=""https://tiktok.com/@elvistrevelyan0204"" target=""_blank"">@elvistrevelyan0204</a>",14,10,0,0.9,11,200,0,778.1,30.6,2,2.9
"<a href=""https://tiktok.com/@eodn8506"" target=""_blank"">@eodn8506</a>",23,14,0,0.897,33,1180,0,1450.286,89.214,0.214,0.429
"<a href=""https://tiktok.com/@eqmhqf"" target=""_blank"">@eqmhqf</a>",20,15,0,0.868,24,852,0,526.6,15.067,0,0.133
"<a href=""https://tiktok.com/@ericeuphemia0529"" target=""_blank"">@ericeuphemia0529</a>",6,9,0,0.93,48,821,0,987.333,54.556,1,1.556
"<a href=""https://tiktok.com/@esperance.sulcer"" target=""_blank"">@esperance.sulcer</a>",8,9,0,0.944,8,130,0,526228,19475.889,108,191.444
"<a href=""https://tiktok.com/@estherwebb1225"" target=""_blank"">@estherwebb1225</a>",6,10,0,0.9,64,1164,0,11876.5,286.1,3.6,14.6
"<a href=""https://tiktok.com/@etuo.uop"" target=""_blank"">@etuo.uop</a>",32,5,0,0.833,12,180,0,156.4,3,0,0
"<a href=""https://tiktok.com/@eudazpstrvf"" target=""_blank"">@eudazpstrvf</a>",24,10,0,0.95,4,74,0,2260,66.7,1,1.7
"<a href=""https://tiktok.com/@evdsfgg89"" target=""_blank"">@evdsfgg89</a>",25,8,0,0.899,8,158,0,1973,194.75,1.875,1
"<a href=""https://tiktok.com/@evfdmzl"" target=""_blank"">@evfdmzl</a>",30,8,0,0.875,37,592,0,293140.125,10133.25,75.5,76.875
"<a href=""https://tiktok.com/@fannybach2010"" target=""_blank"">@fannybach2010</a>",14,9,0,0.95,10,170,0,1034.556,44.333,0.667,0.333
"<a href=""https://tiktok.com/@fauy8466"" target=""_blank"">@fauy8466</a>",6,10,0,0.9,64,1164,0,2221.2,70.4,1.3,1.9
"<a href=""https://tiktok.com/@fcvbvv57"" target=""_blank"">@fcvbvv57</a>",17,10,0,0.789,40,775,0.003,9590,41.6,0.5,0.5
"<a href=""https://tiktok.com/@fdijc3"" target=""_blank"">@fdijc3</a>",5,9,0,0.95,13,232,0,7919.556,45.444,1.778,0.889
"<a href=""https://tiktok.com/@fecbgf"" target=""_blank"">@fecbgf</a>",18,9,0,0.95,5,89,0,33062.333,1117.222,7.889,45.667
"<a href=""https://tiktok.com/@ferdinand0304"" target=""_blank"">@ferdinand0304</a>",9,10,0,0.933,8,157,0,1141.4,65.9,0.4,0.2
"<a href=""https://tiktok.com/@ferdinandbecky1982"" target=""_blank"">@ferdinandbecky1982</a>",6,10,0,0.9,64,1164,0,48612.9,2553.9,29.5,15.2
"<a href=""https://tiktok.com/@fgjio.ghkl"" target=""_blank"">@fgjio.ghkl</a>",32,6,0,0.917,18,303,0,139.333,2.5,0,0
"<a href=""https://tiktok.com/@fgjores"" target=""_blank"">@fgjores</a>",32,6,0,0.917,18,303,0,494.667,11.667,0.167,0
"<a href=""https://tiktok.com/@fh.hfko"" target=""_blank"">@fh.hfko</a>",12,9,0,0.944,6,93,0,1156.444,60.111,0.889,0.444
"<a href=""https://tiktok.com/@fhcgocgo"" target=""_blank"">@fhcgocgo</a>",30,10,0,0.862,43,710,0,966.8,44.1,0.4,0.1
"<a href=""https://tiktok.com/@fhda78402"" target=""_blank"">@fhda78402</a>",21,12,0,1,5,171,0,733.667,18.917,0.083,0.083
"<a href=""https://tiktok.com/@fhfry4764"" target=""_blank"">@fhfry4764</a>",14,8,0,0.844,7,109,0,1097.875,31.625,0.375,0.25
"<a href=""https://tiktok.com/@fhuc22"" target=""_blank"">@fhuc22</a>",33,6,0,0.917,10,174,0,1084.167,29.167,0.5,1
"<a href=""https://tiktok.com/@fhvdet"" target=""_blank"">@fhvdet</a>",18,8,0,0.8,4,64,0,4049.25,72,1.75,1.625
"<a href=""https://tiktok.com/@fibchf"" target=""_blank"">@fibchf</a>",18,8,0,1,4,64,0,1682.25,53,0.875,1.25
"<a href=""https://tiktok.com/@fichfj1"" target=""_blank"">@fichfj1</a>",8,8,0,1,6,96,0,2580.125,73.125,1.625,25
"<a href=""https://tiktok.com/@finishthemovie3"" target=""_blank"">@finishthemovie3</a>",14,10,0,0.9,11,200,0,29261.5,918.4,4.4,3.9
"<a href=""https://tiktok.com/@fiur8444"" target=""_blank"">@fiur8444</a>",23,15,0,0.904,33,1257,0,4159.267,44.2,0.067,0.333
"<a href=""https://tiktok.com/@fiutfvjj"" target=""_blank"">@fiutfvjj</a>",6,9,0,0.93,49,838,0,1402.111,51.667,0.778,0.889
"<a href=""https://tiktok.com/@fjggds0808"" target=""_blank"">@fjggds0808</a>",6,8,0,0.844,37,583,0,728.5,33.125,1.5,2.375
"<a href=""https://tiktok.com/@fjgr86434"" target=""_blank"">@fjgr86434</a>",6,9,0,0.93,48,821,0,885.778,39.556,0.556,0.222
"<a href=""https://tiktok.com/@fjgryg0"" target=""_blank"">@fjgryg0</a>",18,9,0,0.95,5,89,0,4659.333,105.889,2.111,1.444
"<a href=""https://tiktok.com/@fjjgdvx"" target=""_blank"">@fjjgdvx</a>",17,10,0,0.842,33,644,0,2870.3,120.7,2.8,3.2
"<a href=""https://tiktok.com/@fkur7594"" target=""_blank"">@fkur7594</a>",23,15,0,0.904,33,1257,0,3296.933,96.4,0.8,1.2
"<a href=""https://tiktok.com/@fnnf8890"" target=""_blank"">@fnnf8890</a>",23,15,0,0.904,33,1257,0,1149,89.4,0.8,0.8
"<a href=""https://tiktok.com/@fredagraham2022"" target=""_blank"">@fredagraham2022</a>",7,10,0,1,2,32,0,634.9,26.3,0.6,0.1
"<a href=""https://tiktok.com/@frees.ess"" target=""_blank"">@frees.ess</a>",32,6,0,0.917,18,303,0,243.833,2.333,0,0.167
"<a href=""https://tiktok.com/@fsaftn"" target=""_blank"">@fsaftn</a>",20,11,0,0.891,23,661,0,599.636,26.091,0.091,0.455
"<a href=""https://tiktok.com/@fuchc053"" target=""_blank"">@fuchc053</a>",6,8,0,1,30,480,0,1810.5,52.5,0.625,1.375
"<a href=""https://tiktok.com/@fucsru"" target=""_blank"">@fucsru</a>",6,9,0,0.93,56,949,0,856.222,32.111,6.556,6.778
"<a href=""https://tiktok.com/@fuddg743"" target=""_blank"">@fuddg743</a>",6,10,0,0.9,64,1164,0,19931.2,352.2,1.6,2.3
"<a href=""https://tiktok.com/@fugfuj33"" target=""_blank"">@fugfuj33</a>",24,10,0,0.95,4,74,0,1933.9,64.2,0.5,1.6
"<a href=""https://tiktok.com/@fujgds.guio"" target=""_blank"">@fujgds.guio</a>",32,6,0,0.917,18,303,0,302.167,3.167,0,0
"<a href=""https://tiktok.com/@fuvfcb"" target=""_blank"">@fuvfcb</a>",6,8,0,0.844,33,523,0,3158.25,71.25,0.75,1.375
"<a href=""https://tiktok.com/@gauqhar2"" target=""_blank"">@gauqhar2</a>",30,9,0,0.885,40,649,0,766.556,13.556,0.222,0.111
"<a href=""https://tiktok.com/@gckcj4"" target=""_blank"">@gckcj4</a>",6,10,0,0.9,64,1164,0,2545.2,57.5,0.8,0.7
"<a href=""https://tiktok.com/@gdghss35"" target=""_blank"">@gdghss35</a>",30,8,0,0.875,37,592,0,1015.5,57.75,0.5,0.125
"<a href=""https://tiktok.com/@gdjsys526252"" target=""_blank"">@gdjsys526252</a>",30,8,0,0.875,37,592,0,694.5,36.625,0.25,0
"<a href=""https://tiktok.com/@gdkzfj"" target=""_blank"">@gdkzfj</a>",16,10,0,0.8,1,16,0,22833.7,475.7,171.7,13.9
"<a href=""https://tiktok.com/@gdsd888"" target=""_blank"">@gdsd888</a>",6,8,0,1,32,512,0,1568.25,39.375,0.375,0.375
"<a href=""https://tiktok.com/@gfg6705"" target=""_blank"">@gfg6705</a>",33,5,0,0.833,9,135,0,764.4,27.6,0,0.6
"<a href=""https://tiktok.com/@ghcdax"" target=""_blank"">@ghcdax</a>",14,8,0,1,7,112,0,1969.375,53.5,0.375,1.5
"<a href=""https://tiktok.com/@ghhj8554"" target=""_blank"">@ghhj8554</a>",21,12,0,1,5,171,0,1047.583,36,0.25,0.333
"<a href=""https://tiktok.com/@givtuv"" target=""_blank"">@givtuv</a>",19,10,0,1,2,36,0,76752.1,1735.8,27.5,19.9
"<a href=""https://tiktok.com/@gjbgikh"" target=""_blank"">@gjbgikh</a>",14,9,0,0.93,10,168,0,1091.556,40.333,1.111,0.889
"<a href=""https://tiktok.com/@gjguq6894"" target=""_blank"">@gjguq6894</a>",23,15,0,0.904,33,1257,0,2392.6,108.133,0.933,0.667
"<a href=""https://tiktok.com/@gjus6238"" target=""_blank"">@gjus6238</a>",23,15,0,0.904,33,1257,0,1244.467,53.2,0.133,0.133
"<a href=""https://tiktok.com/@godv7302"" target=""_blank"">@godv7302</a>",6,8,0,1,38,608,0,688.125,13.5,0.5,0.125
"<a href=""https://tiktok.com/@gour2295"" target=""_blank"">@gour2295</a>",23,18,0,0.756,34,1527,0,2124.5,78.667,1.333,0.167
"<a href=""https://tiktok.com/@greeryy2"" target=""_blank"">@greeryy2</a>",32,5,0,0.833,12,180,0,80,6,0.2,0
"<a href=""https://tiktok.com/@grsxhi1"" target=""_blank"">@grsxhi1</a>",26,10,0,0.8,2,32,0,10685.7,225.2,0.9,1.5
"<a href=""https://tiktok.com/@grukc02"" target=""_blank"">@grukc02</a>",6,9,0,0.93,49,836,0,870.222,79,1,0.444
"<a href=""https://tiktok.com/@gskdl.duo"" target=""_blank"">@gskdl.duo</a>",32,6,0,0.917,18,303,0,737.167,28.833,0.5,0.5
"<a href=""https://tiktok.com/@gskpccbd"" target=""_blank"">@gskpccbd</a>",6,10,0,0.9,64,1164,0,1938.7,68.1,0.8,0.8
"<a href=""https://tiktok.com/@gthggg8"" target=""_blank"">@gthggg8</a>",17,6,0,1,6,108,0,599.333,2.5,0,0
"<a href=""https://tiktok.com/@gujffy1"" target=""_blank"">@gujffy1</a>",9,8,0,0.944,8,130,0,1145.75,48.75,0.125,0.375
"<a href=""https://tiktok.com/@guoonn.hkp"" target=""_blank"">@guoonn.hkp</a>",32,5,0,0.833,12,180,0,539,8.6,0.6,0
"<a href=""https://tiktok.com/@gxgnci"" target=""_blank"">@gxgnci</a>",19,8,0,1,1,16,0,154673.625,5487.625,102.625,116.5
"<a href=""https://tiktok.com/@happy_chinagirl_8"" target=""_blank"">@happy_chinagirl_8</a>",27,10,0,0.331,11,770,0,602.818,93.364,52.091,3
"<a href=""https://tiktok.com/@hcodifb"" target=""_blank"">@hcodifb</a>",5,10,0,0.95,14,272,0,744.8,25.9,0.1,0.2
"<a href=""https://tiktok.com/@hdbj8585"" target=""_blank"">@hdbj8585</a>",6,8,0,1,38,608,0,812.25,50.125,0.25,0.5
"<a href=""https://tiktok.com/@hdbjx72"" target=""_blank"">@hdbjx72</a>",33,6,0,0.917,10,174,0,1966.833,65,0.833,8.833
"<a href=""https://tiktok.com/@hdhu402"" target=""_blank"">@hdhu402</a>",11,8,0,1,2,32,0,2068.75,43.5,0,0.25
"<a href=""https://tiktok.com/@hdhxg847"" target=""_blank"">@hdhxg847</a>",6,9,0,0.93,56,949,0,2653,88.889,1.333,2
"<a href=""https://tiktok.com/@hdididh8"" target=""_blank"">@hdididh8</a>",15,10,0,1,6,116,0,762.1,73.8,0.8,0.3
"<a href=""https://tiktok.com/@hdifhg5"" target=""_blank"">@hdifhg5</a>",5,8,0,1,12,192,0,1285.875,66.125,0.875,3.5
"<a href=""https://tiktok.com/@hdjddjd092"" target=""_blank"">@hdjddjd092</a>",17,6,0,1,6,108,0,553.833,4,0,0
"<a href=""https://tiktok.com/@hdjixdj"" target=""_blank"">@hdjixdj</a>",8,10,0,0.95,2,34,0,934.9,58.7,0.9,0.6
"<a href=""https://tiktok.com/@hdkcofh"" target=""_blank"">@hdkcofh</a>",15,10,0,1,6,116,0,411.7,32,0.4,0.3
"<a href=""https://tiktok.com/@hdmjwo1"" target=""_blank"">@hdmjwo1</a>",20,14,0,0.887,24,791,0,543.286,16.429,0.143,0.214
"<a href=""https://tiktok.com/@hdr86575"" target=""_blank"">@hdr86575</a>",6,10,0,0.9,64,1164,0,2238.1,56.6,0.6,0.4
"<a href=""https://tiktok.com/@hdryxd"" target=""_blank"">@hdryxd</a>",17,10,0,0.842,33,644,0,2975.2,99.5,3.4,3.4
"<a href=""https://tiktok.com/@hds.hy"" target=""_blank"">@hds.hy</a>",30,10,0,0.863,43,710,0,804.4,79,0.4,0.7
"<a href=""https://tiktok.com/@hdvhds4"" target=""_blank"">@hdvhds4</a>",30,10,0,0.863,43,710,0,1091.6,65.8,0.3,0.2
"<a href=""https://tiktok.com/@heheb8964"" target=""_blank"">@heheb8964</a>",30,6,0,0.917,5,87,0,607.667,15.667,0.5,0
"<a href=""https://tiktok.com/@hehs5037"" target=""_blank"">@hehs5037</a>",23,14,0,0.894,33,1183,0,567.5,30.5,0.071,0.429
"<a href=""https://tiktok.com/@hejdsgi"" target=""_blank"">@hejdsgi</a>",32,5,0,0.833,12,180,0,70.4,2.8,0.2,0
"<a href=""https://tiktok.com/@hffrr976575"" target=""_blank"">@hffrr976575</a>",6,8,0,1,38,608,0,1301,17.125,0.125,0.75
"<a href=""https://tiktok.com/@hgff.nko"" target=""_blank"">@hgff.nko</a>",32,6,0,0.917,18,303,0,689.5,11.667,0,1.333
"<a href=""https://tiktok.com/@hgfryj8745"" target=""_blank"">@hgfryj8745</a>",6,10,0,0.9,64,1164,0,1209.8,31.5,0.3,0.5
"<a href=""https://tiktok.com/@hhhhh777777852"" target=""_blank"">@hhhhh777777852</a>",7,10,0,0.95,3,54,0,3470.1,162.5,5.1,3.6
"<a href=""https://tiktok.com/@hidouo"" target=""_blank"">@hidouo</a>",20,15,0,0.868,24,852,0,706.2,13.467,0.067,0.267
"<a href=""https://tiktok.com/@hirakw1"" target=""_blank"">@hirakw1</a>",20,11,0,0.895,23,681,0,336.545,13.455,0.091,0.091
"<a href=""https://tiktok.com/@hltuoq"" target=""_blank"">@hltuoq</a>",20,14,0,0.899,23,792,0,821.286,21.643,0.071,0.357
"<a href=""https://tiktok.com/@hoeg.huan"" target=""_blank"">@hoeg.huan</a>",13,9,0,0.93,8,133,0,5987.889,48.333,0.111,0.444
"<a href=""https://tiktok.com/@hosgsg0"" target=""_blank"">@hosgsg0</a>",30,8,0,0.875,37,592,0,854.25,23.125,0.5,0.625
"<a href=""https://tiktok.com/@hrfj8302"" target=""_blank"">@hrfj8302</a>",23,12,0,0.901,31,1011,0,759.083,30.75,0.25,0.25
"<a href=""https://tiktok.com/@hrsy60677"" target=""_blank"">@hrsy60677</a>",23,8,0,0.847,30,697,0,328.25,8.5,0,0.125
"<a href=""https://tiktok.com/@hsbshzu0"" target=""_blank"">@hsbshzu0</a>",30,8,0,0.875,37,592,0,587.5,41.75,1,0.625
"<a href=""https://tiktok.com/@hsbuz8"" target=""_blank"">@hsbuz8</a>",33,6,0,0.917,10,174,0,1810.167,33.333,0.167,2.167
"<a href=""https://tiktok.com/@hshjrg8647"" target=""_blank"">@hshjrg8647</a>",6,9,0,0.93,48,820,0,873.444,41.333,0.444,0.667
"<a href=""https://tiktok.com/@hskdk.jso"" target=""_blank"">@hskdk.jso</a>",32,6,0,0.917,18,303,0,322.167,7.667,0.167,0
"<a href=""https://tiktok.com/@hsozhs6"" target=""_blank"">@hsozhs6</a>",5,10,0,0.95,14,272,0,864.6,35.4,0.1,0.7
"<a href=""https://tiktok.com/@htjzwe4"" target=""_blank"">@htjzwe4</a>",30,8,0,0.875,37,592,0,100662.25,2813.125,40,67.375
"<a href=""https://tiktok.com/@huiodjio"" target=""_blank"">@huiodjio</a>",17,10,0,0.842,33,644,0,1905.7,119.1,2.6,2
"<a href=""https://tiktok.com/@hutse.florom"" target=""_blank"">@hutse.florom</a>",12,8,0,0.889,2,30,0,1203.875,47.75,0.25,1.5
"<a href=""https://tiktok.com/@hvcnnh"" target=""_blank"">@hvcnnh</a>",9,10,0,0.955,8,154,0,27354.5,583.7,4.1,11.3
"<a href=""https://tiktok.com/@hwvrok"" target=""_blank"">@hwvrok</a>",30,8,0,0.875,37,592,0,503,8.625,0.125,0.25
"<a href=""https://tiktok.com/@hxavnxh"" target=""_blank"">@hxavnxh</a>",17,10,0,0.842,33,644,0,33341.6,375.5,27.5,9.6
"<a href=""https://tiktok.com/@hxjdsj34"" target=""_blank"">@hxjdsj34</a>",30,8,0,0.844,7,109,0,664,25.125,0.75,0.875
"<a href=""https://tiktok.com/@hygge8662"" target=""_blank"">@hygge8662</a>",24,8,0,1,4,64,0,1763.375,61.25,0.5,0.625
"<a href=""https://tiktok.com/@hzbdbrb737hdh"" target=""_blank"">@hzbdbrb737hdh</a>",25,10,0,0.883,8,162,0,1761.3,214.3,1.7,1.7
"<a href=""https://tiktok.com/@idpeoc"" target=""_blank"">@idpeoc</a>",20,13,0,0.895,23,730,0,685.692,23,0.154,0
"<a href=""https://tiktok.com/@ific3756"" target=""_blank"">@ific3756</a>",23,6,0,0.833,28,507,0,819.833,23.667,0.167,0.167
"<a href=""https://tiktok.com/@irdc042"" target=""_blank"">@irdc042</a>",5,10,0,0.95,14,272,0,25030.4,1181.8,5.6,7.6
"<a href=""https://tiktok.com/@itdh8557"" target=""_blank"">@itdh8557</a>",6,10,0,0.9,64,1164,0,879.1,34.9,0.1,2.4
"<a href=""https://tiktok.com/@ivfqjqo2"" target=""_blank"">@ivfqjqo2</a>",30,7,0,0.75,1,16,0,1244.857,63.857,0.429,0
"<a href=""https://tiktok.com/@jacinta.almetrak"" target=""_blank"">@jacinta.almetrak</a>",12,9,0,0.944,6,93,0,1018.333,49.889,0.444,1.667
"<a href=""https://tiktok.com/@jbvn61"" target=""_blank"">@jbvn61</a>",32,6,0,0.917,18,303,0,943.833,18.5,1.5,0.667
"<a href=""https://tiktok.com/@jcsie5410"" target=""_blank"">@jcsie5410</a>",23,14,0,0.897,33,1171,0,1641.286,55.857,0.357,0.571
"<a href=""https://tiktok.com/@jdjsbs94"" target=""_blank"">@jdjsbs94</a>",30,8,0,0.844,6,94,0,549,11.625,0.125,0
"<a href=""https://tiktok.com/@jdpdosj"" target=""_blank"">@jdpdosj</a>",15,10,0,1,6,116,0,514.9,28.9,0.1,0.1
"<a href=""https://tiktok.com/@jdpxorjf"" target=""_blank"">@jdpxorjf</a>",5,10,0,0.95,14,272,0,992.6,52.2,0.6,2.7
"<a href=""https://tiktok.com/@jeiofifuhd"" target=""_blank"">@jeiofifuhd</a>",6,10,0,0.9,64,1164,0,2184.9,65.6,0.1,1
"<a href=""https://tiktok.com/@jfdd653"" target=""_blank"">@jfdd653</a>",6,10,0,0.9,64,1164,0,1443.5,32,0.2,0.6
"<a href=""https://tiktok.com/@jfdhjj9090"" target=""_blank"">@jfdhjj9090</a>",6,8,0,0.844,32,508,0,1007.125,35.5,0.625,0.125
"<a href=""https://tiktok.com/@jfkovj5"" target=""_blank"">@jfkovj5</a>",5,10,0,0.95,14,272,0,1182,79,0.8,3.6
"<a href=""https://tiktok.com/@jfshjfd9530"" target=""_blank"">@jfshjfd9530</a>",6,10,0,0.9,64,1164,0,1334.8,68.9,2.2,6.5
"<a href=""https://tiktok.com/@jfufrehcdh"" target=""_blank"">@jfufrehcdh</a>",15,10,0,1,6,116,0,1577.6,103,0.9,1.6
"<a href=""https://tiktok.com/@jgdghg75464"" target=""_blank"">@jgdghg75464</a>",6,10,0,0.9,64,1164,0,1618.1,51.2,0.1,0.3
"<a href=""https://tiktok.com/@jhff96585"" target=""_blank"">@jhff96585</a>",6,8,0,0.844,35,553,0,1205.25,52.375,0.625,1.375
"<a href=""https://tiktok.com/@jjjjjjf00"" target=""_blank"">@jjjjjjf00</a>",28,6,0,0.75,1,16,0,1202.833,62.333,2.167,1
"<a href=""https://tiktok.com/@josephmacadam2022"" target=""_blank"">@josephmacadam2022</a>",9,10,0,0.955,8,154,0,1474.1,58.1,0.3,0.5
"<a href=""https://tiktok.com/@juarezbent"" target=""_blank"">@juarezbent</a>",30,8,0,0.875,37,592,0,1943.375,38.25,0.625,0
"<a href=""https://tiktok.com/@jubal_movie"" target=""_blank"">@jubal_movie</a>",10,10,0,0.85,2,34,0,1283.9,96.3,2.3,1.9
"<a href=""https://tiktok.com/@juliedouglass2013"" target=""_blank"">@juliedouglass2013</a>",14,9,0,0.93,10,168,0,640.889,30.333,0.667,0.222
"<a href=""https://tiktok.com/@jxgxi8"" target=""_blank"">@jxgxi8</a>",30,9,0,0.93,10,167,0,721.556,25.222,0.556,0.111
"<a href=""https://tiktok.com/@kangoopre"" target=""_blank"">@kangoopre</a>",26,8,0,0.8,1,16,0,737,36.875,0.375,0.75
"<a href=""https://tiktok.com/@kartik_girl120"" target=""_blank"">@kartik_girl120</a>",27,5,0,0.808,7,180,0,413.375,26,2,0.25
"<a href=""https://tiktok.com/@kate396112"" target=""_blank"">@kate396112</a>",6,8,0,0.844,34,538,0,1423.75,48.625,0.375,0.625
"<a href=""https://tiktok.com/@kdywnty"" target=""_blank"">@kdywnty</a>",30,8,0,0.875,37,592,0,995.875,20.625,0.375,0
"<a href=""https://tiktok.com/@kellygallacher0930"" target=""_blank"">@kellygallacher0930</a>",9,11,0,0.955,8,163,0,1498.727,33.091,0.818,0.182
"<a href=""https://tiktok.com/@kfbfol"" target=""_blank"">@kfbfol</a>",20,15,0,0.868,24,852,0,359.8,19.8,0.133,0
"<a href=""https://tiktok.com/@kind26921"" target=""_blank"">@kind26921</a>",28,12,0,0.737,9,159,0,1462.667,106.917,2.333,1.917
"<a href=""https://tiktok.com/@krug011"" target=""_blank"">@krug011</a>",5,9,0,0.95,13,232,0,715.222,23.556,0.111,0.333
"<a href=""https://tiktok.com/@ktsfyh"" target=""_blank"">@ktsfyh</a>",17,10,0,0.842,33,644,0,1545.8,55.7,1.3,0.6
"<a href=""https://tiktok.com/@landscape5670"" target=""_blank"">@landscape5670</a>",17,10,0,0.842,33,644,0,1097.7,67.7,4.7,1.2
"<a href=""https://tiktok.com/@leoraf9"" target=""_blank"">@leoraf9</a>",30,8,0,0.875,37,592,0,1143.625,76.75,0.5,0.25
"<a href=""https://tiktok.com/@lewisaledk0117"" target=""_blank"">@lewisaledk0117</a>",9,10,0,0.955,8,154,0,1514,47.6,0.5,0.4
"<a href=""https://tiktok.com/@lgunwj"" target=""_blank"">@lgunwj</a>",20,12,0,0.878,23,696,0,327,11.583,0.083,0.25
"<a href=""https://tiktok.com/@lhqitc"" target=""_blank"">@lhqitc</a>",20,15,0,0.868,24,852,0,899.2,25.467,0.133,0.333
"<a href=""https://tiktok.com/@ljpjvh"" target=""_blank"">@ljpjvh</a>",30,8,0,0.875,37,592,0,9670.75,285.625,4,0.75
"<a href=""https://tiktok.com/@long.arpin"" target=""_blank"">@long.arpin</a>",8,8,0,0.889,5,75,0,14542.5,320.75,4.375,3.5
"<a href=""https://tiktok.com/@luisina.riihimaki"" target=""_blank"">@luisina.riihimaki</a>",5,10,0,0.95,14,272,0,1572.3,169,0.7,1.5
"<a href=""https://tiktok.com/@lwandiswamsithini"" target=""_blank"">@lwandiswamsithini</a>",13,9,0,0.93,8,135,0,7790.556,38.556,1.111,1
"<a href=""https://tiktok.com/@maemeg7"" target=""_blank"">@maemeg7</a>",30,8,0,0.875,37,592,0,1498.625,109.25,0.5,0.125
"<a href=""https://tiktok.com/@mapleswishesvs"" target=""_blank"">@mapleswishesvs</a>",8,9,0,0.944,6,95,0,1852,39.889,12.667,0.667
"<a href=""https://tiktok.com/@mdsdz2"" target=""_blank"">@mdsdz2</a>",2,7,0,0.826,2,41,0,13000.714,332.571,22.857,3.143
"<a href=""https://tiktok.com/@mjbwysq6"" target=""_blank"">@mjbwysq6</a>",30,8,0,0.875,37,592,0,1510,77.875,0.625,0.125
"<a href=""https://tiktok.com/@mmlcdg"" target=""_blank"">@mmlcdg</a>",20,9,0,0.907,22,522,0,463.444,13,0.222,0
"<a href=""https://tiktok.com/@monalisa7988"" target=""_blank"">@monalisa7988</a>",33,5,0,0.833,9,135,0,600.2,6.6,0,0
"<a href=""https://tiktok.com/@msfsgvsvcsdfsadsa"" target=""_blank"">@msfsgvsvcsdfsadsa</a>",32,5,0,0.833,4,60,0,37751.4,471,3.2,7.8
"<a href=""https://tiktok.com/@mv.vj3"" target=""_blank"">@mv.vj3</a>",32,6,0,0.917,18,303,0,928.5,37.167,0.667,1
"<a href=""https://tiktok.com/@mxcvdsf968"" target=""_blank"">@mxcvdsf968</a>",32,6,0,0.917,7,114,0,267.5,9.5,0,0.333
"<a href=""https://tiktok.com/@mxvgdscsdfvcsdfsd"" target=""_blank"">@mxvgdscsdfvcsdfsd</a>",32,6,0,0.917,7,114,0,1612.833,27,0.667,0.667
"<a href=""https://tiktok.com/@mzcvs991"" target=""_blank"">@mzcvs991</a>",32,7,0,0.845,18,270,0.001,1089,15.286,0.286,0.571
"<a href=""https://tiktok.com/@mzcx.adsafdr.csdf"" target=""_blank"">@mzcx.adsafdr.csdf</a>",32,6,0,0.845,5,75,0,231.833,4.5,0,0
"<a href=""https://tiktok.com/@naivevy"" target=""_blank"">@naivevy</a>",30,9,0,0.885,40,649,0,366.667,6.556,0,0.111
"<a href=""https://tiktok.com/@nataliechristiana2016"" target=""_blank"">@nataliechristiana2016</a>",9,10,0,0.955,8,154,0,12763.7,569.9,6.2,5.8
"<a href=""https://tiktok.com/@ncjfhyrsdj"" target=""_blank"">@ncjfhyrsdj</a>",30,8,0,1,4,64,0,530.125,18,0.5,0.25
"<a href=""https://tiktok.com/@ndnenmeme"" target=""_blank"">@ndnenmeme</a>",17,6,0,1,6,108,0,1378.667,4.167,0,0
"<a href=""https://tiktok.com/@nendn4309"" target=""_blank"">@nendn4309</a>",6,10,0,0.9,64,1164,0,27925.9,245.7,5.9,4.6
"<a href=""https://tiktok.com/@nhllos8"" target=""_blank"">@nhllos8</a>",30,8,0,0.875,37,592,0,1672.5,46,0.375,0.25
"<a href=""https://tiktok.com/@nihgvgt889"" target=""_blank"">@nihgvgt889</a>",25,8,0,0.899,8,154,0,1024.75,85,1.25,0.625
"<a href=""https://tiktok.com/@nzohwh"" target=""_blank"">@nzohwh</a>",30,8,0,0.875,37,592,0,2068.75,46.375,0.625,0.125
"<a href=""https://tiktok.com/@okay11732"" target=""_blank"">@okay11732</a>",21,12,0,1,5,171,0,2103.083,92.417,0.75,0.917
"<a href=""https://tiktok.com/@oljclk"" target=""_blank"">@oljclk</a>",30,8,0,0.875,37,592,0,2118.875,25.375,0.125,0.125
"<a href=""https://tiktok.com/@omi.poni0"" target=""_blank"">@omi.poni0</a>",33,6,0,0.917,10,174,0,670.833,2.667,0.833,0.667
"<a href=""https://tiktok.com/@ouou6264"" target=""_blank"">@ouou6264</a>",23,6,0,0.917,29,513,0.001,256.667,9.333,0,1
"<a href=""https://tiktok.com/@oxh758"" target=""_blank"">@oxh758</a>",6,8,0,0.844,37,583,0,1677.5,158,0.625,0.375
"<a href=""https://tiktok.com/@oxkops7"" target=""_blank"">@oxkops7</a>",30,8,0,0.875,37,592,0,1428.75,67.75,1.5,0
"<a href=""https://tiktok.com/@pardesi_driver120"" target=""_blank"">@pardesi_driver120</a>",27,52,0,0.607,13,3487,0,4973.264,440.774,31.113,4.566
"<a href=""https://tiktok.com/@pdilul"" target=""_blank"">@pdilul</a>",30,8,0,0.875,37,592,0,2688.75,48.625,0.5,0.125
"<a href=""https://tiktok.com/@podra.dessy"" target=""_blank"">@podra.dessy</a>",12,8,0,0.889,3,45,0,848.625,34.75,0.5,5.5
"<a href=""https://tiktok.com/@portolesegrubba"" target=""_blank"">@portolesegrubba</a>",1,5,0,0.833,1,15,0,821.4,5.2,0,0.6
"<a href=""https://tiktok.com/@pratt_movie"" target=""_blank"">@pratt_movie</a>",6,10,0,0.9,64,1164,0,71894.6,1677.9,14.8,32.5
"<a href=""https://tiktok.com/@privon14"" target=""_blank"">@privon14</a>",27,32,0,0.662,13,2239,0,985.719,67.969,12.656,1.875
"<a href=""https://tiktok.com/@prkdnkrb58"" target=""_blank"">@prkdnkrb58</a>",25,7,0,0.884,6,116,0,1061.429,81.857,0.714,0.714
"<a href=""https://tiktok.com/@puhrra"" target=""_blank"">@puhrra</a>",20,9,0,0.875,23,585,0,2068.111,51.111,0.333,0
"<a href=""https://tiktok.com/@qhophvgycf89"" target=""_blank"">@qhophvgycf89</a>",25,5,0,0.833,3,45,0,954.6,71.4,0.2,1.2
"<a href=""https://tiktok.com/@quincyshop08"" target=""_blank"">@quincyshop08</a>",15,10,0,1,6,116,0,1194.9,52.7,0.5,1.8
"<a href=""https://tiktok.com/@refine74"" target=""_blank"">@refine74</a>",30,8,0,0.875,37,592,0,89018.75,1932.25,10.75,10.25
"<a href=""https://tiktok.com/@rhvsaaok"" target=""_blank"">@rhvsaaok</a>",26,8,0,0.8,1,16,0,1485.625,51.75,1.375,0.625
"<a href=""https://tiktok.com/@rmcbk1"" target=""_blank"">@rmcbk1</a>",18,10,0,0.9,7,128,0,22645,647.3,3.6,6.8
"<a href=""https://tiktok.com/@rohingyao"" target=""_blank"">@rohingyao</a>",17,10,0,0.842,33,644,0,1406.1,75.1,3.1,0.9
"<a href=""https://tiktok.com/@rosantspssu"" target=""_blank"">@rosantspssu</a>",24,10,0,0.95,4,74,0,2718.9,68.6,1.5,45.9
"<a href=""https://tiktok.com/@ryllskaya.reddit"" target=""_blank"">@ryllskaya.reddit</a>",10,8,0,0.844,2,31,0,316.5,18.375,0.5,0.125
"<a href=""https://tiktok.com/@samsilas1994"" target=""_blank"">@samsilas1994</a>",6,8,0,0.844,34,538,0,29960,1127,13.625,70
"<a href=""https://tiktok.com/@sandyjulia2021"" target=""_blank"">@sandyjulia2021</a>",8,9,0,0.9,1,18,0,4272.889,94.889,7.111,1.778
"<a href=""https://tiktok.com/@sasapco"" target=""_blank"">@sasapco</a>",17,10,0,0.842,33,644,0,2193,169.3,0.3,1.6
"<a href=""https://tiktok.com/@satsyou"" target=""_blank"">@satsyou</a>",17,6,0,0.667,1,18,0,1527.167,108,2.667,0.667
"<a href=""https://tiktok.com/@school.of93"" target=""_blank"">@school.of93</a>",34,8,0,0.8,1,16,0,3199.75,69.75,0.625,0.375
"<a href=""https://tiktok.com/@scra5694"" target=""_blank"">@scra5694</a>",23,15,0,0.904,33,1257,0,1816.267,68.933,0.667,1.133
"<a href=""https://tiktok.com/@sdsdyou"" target=""_blank"">@sdsdyou</a>",17,9,0,0.789,31,550,0,3340.778,132.556,3.556,1.333
"<a href=""https://tiktok.com/@shhieqwe"" target=""_blank"">@shhieqwe</a>",30,8,0,0.875,37,592,0,983.5,78,1,0.625
"<a href=""https://tiktok.com/@shotewg"" target=""_blank"">@shotewg</a>",17,6,0,0.667,1,18,0,33068.5,1810.667,10.333,76.167
"<a href=""https://tiktok.com/@shvchjds"" target=""_blank"">@shvchjds</a>",17,9,0,0.831,33,583,0,2715.667,111,22.667,3
"<a href=""https://tiktok.com/@siev9347"" target=""_blank"">@siev9347</a>",23,15,0,0.904,33,1257,0,1312.733,86.2,0.6,0.533
"<a href=""https://tiktok.com/@sisodne"" target=""_blank"">@sisodne</a>",22,8,0,1,1,22,0,1124,37.778,1.667,0.222
"<a href=""https://tiktok.com/@sqifhw"" target=""_blank"">@sqifhw</a>",20,12,0,0.882,24,741,0,611.417,19.917,0.167,0.833
"<a href=""https://tiktok.com/@stoyouh"" target=""_blank"">@stoyouh</a>",17,10,0,0.842,33,644,0,2176.6,84.2,2,1.1
"<a href=""https://tiktok.com/@strom.jos"" target=""_blank"">@strom.jos</a>",30,8,0,0.875,37,592,0,917.5,23.875,0.875,0
"<a href=""https://tiktok.com/@stvhfhj"" target=""_blank"">@stvhfhj</a>",17,8,0,0.748,29,462,0,4959.875,160.375,6,29
"<a href=""https://tiktok.com/@stylish_queen_120"" target=""_blank"">@stylish_queen_120</a>",27,42,0,0.664,13,2994,0,499.5,67,7.905,1.857
"<a href=""https://tiktok.com/@svjscsh"" target=""_blank"">@svjscsh</a>",17,10,0,0.842,33,644,0,52723,960.2,16.1,187.6
"<a href=""https://tiktok.com/@svjssh"" target=""_blank"">@svjssh</a>",30,6,0,0.75,1,16,0,697.25,21.25,0.25,0.375
"<a href=""https://tiktok.com/@sweet_driver120"" target=""_blank"">@sweet_driver120</a>",27,42,0,0.677,13,2916,0,2761.976,253.167,20.071,4.833
"<a href=""https://tiktok.com/@tafwwk"" target=""_blank"">@tafwwk</a>",20,11,0,0.886,24,680,0,553.182,17.818,0,0.091
"<a href=""https://tiktok.com/@ternencebloor0314"" target=""_blank"">@ternencebloor0314</a>",7,9,0,0.9,2,36,0,1029,49.667,0.333,0.444
"<a href=""https://tiktok.com/@text.fc"" target=""_blank"">@text.fc</a>",17,10,0,0.842,33,644,0,4703.9,198.1,5.7,9.7
"<a href=""https://tiktok.com/@text690"" target=""_blank"">@text690</a>",17,10,0,0.842,33,644,0,5747.1,116.8,15,4.3
"<a href=""https://tiktok.com/@text778"" target=""_blank"">@text778</a>",17,10,0,0.842,33,644,0,5909.5,201.1,2.2,4.1
"<a href=""https://tiktok.com/@textpov10"" target=""_blank"">@textpov10</a>",28,8,0,0.75,4,65,0,2541.75,68.625,1.25,6.125
"<a href=""https://tiktok.com/@texts178"" target=""_blank"">@texts178</a>",17,8,0,0.764,30,482,0,3270.75,164.375,3.875,8.125
"<a href=""https://tiktok.com/@textstory781"" target=""_blank"">@textstory781</a>",17,10,0,0.842,33,644,0,5405.6,164.2,5.1,1.7
"<a href=""https://tiktok.com/@textstyo"" target=""_blank"">@textstyo</a>",17,10,0,0.842,33,644,0,4540.1,167,3.1,6.9
"<a href=""https://tiktok.com/@thunhanhoang6"" target=""_blank"">@thunhanhoang6</a>",12,8,0,0.889,2,30,0,1472.875,50.375,0.125,2.5
"<a href=""https://tiktok.com/@tiiff4205"" target=""_blank"">@tiiff4205</a>",23,15,0,0.904,33,1257,0,778.733,26.267,0.4,0.267
"<a href=""https://tiktok.com/@tiwakp1"" target=""_blank"">@tiwakp1</a>",20,9,0,0.805,21,510,0,648,22.222,0.111,0.111
"<a href=""https://tiktok.com/@tkkphuc.duy.phan"" target=""_blank"">@tkkphuc.duy.phan</a>",12,8,0,0.889,2,30,0,909.625,37.75,0.125,0.375
"<a href=""https://tiktok.com/@toma.rimi"" target=""_blank"">@toma.rimi</a>",33,6,0,0.917,10,174,0,616.833,15.5,0,0
"<a href=""https://tiktok.com/@topi.khatun6"" target=""_blank"">@topi.khatun6</a>",33,6,0,0.917,10,174,0,473,8,0,0.167
"<a href=""https://tiktok.com/@tsis.hsdg"" target=""_blank"">@tsis.hsdg</a>",32,5,0,0.833,12,180,0,349.4,5.6,0.4,0
"<a href=""https://tiktok.com/@tsuso.uso"" target=""_blank"">@tsuso.uso</a>",32,5,0,0.833,12,180,0,2056.4,24.6,0.2,0.8
"<a href=""https://tiktok.com/@tyuioaak1"" target=""_blank"">@tyuioaak1</a>",17,10,0,0.842,33,644,0,1424.3,64.6,1.8,0.3
"<a href=""https://tiktok.com/@ubhutfrx"" target=""_blank"">@ubhutfrx</a>",5,10,0,0.95,14,272,0,1424.2,109.8,1.2,1.4
"<a href=""https://tiktok.com/@ufsc8075"" target=""_blank"">@ufsc8075</a>",23,15,0,0.904,33,1257,0,4267.333,119,0.733,3.6
"<a href=""https://tiktok.com/@uftixru"" target=""_blank"">@uftixru</a>",8,9,0,0.944,8,130,0,13613,549.556,10.889,29.333
"<a href=""https://tiktok.com/@uhpdh"" target=""_blank"">@uhpdh</a>",5,10,0,0.95,14,272,0,908.1,53.1,0.3,0.7
"<a href=""https://tiktok.com/@urdu9708"" target=""_blank"">@urdu9708</a>",23,15,0,0.904,33,1257,0,1242.2,65,0.133,0.333
"<a href=""https://tiktok.com/@urges91"" target=""_blank"">@urges91</a>",34,8,0,0.844,2,31,0,2338.375,149.875,1.5,1.625
"<a href=""https://tiktok.com/@user1203836358576"" target=""_blank"">@user1203836358576</a>",18,10,0,0.9,7,128,0,3380.8,68.2,1.8,1.2
"<a href=""https://tiktok.com/@user2268806570260"" target=""_blank"">@user2268806570260</a>",6,9,0,0.93,49,838,0,1075.222,39.333,1.333,0
"<a href=""https://tiktok.com/@user240775158"" target=""_blank"">@user240775158</a>",33,6,0,0.917,10,174,0,1281.833,18.333,0.333,0.167
"<a href=""https://tiktok.com/@user2727751386886"" target=""_blank"">@user2727751386886</a>",30,6,0,0.75,1,16,0,826.333,11.5,1.167,0
"<a href=""https://tiktok.com/@user2804925460335"" target=""_blank"">@user2804925460335</a>",17,9,0,0.667,33,588,0,1884.667,31.667,2,0.556
"<a href=""https://tiktok.com/@user446852885706"" target=""_blank"">@user446852885706</a>",6,8,0,0.844,36,568,0,1673.375,103.75,1.125,2.125
"<a href=""https://tiktok.com/@user5203530187060"" target=""_blank"">@user5203530187060</a>",6,9,0,0.93,56,949,0,1608.556,22.667,3.667,0.222
"<a href=""https://tiktok.com/@user54084767052186"" target=""_blank"">@user54084767052186</a>",13,8,0,0.844,4,63,0,7578.625,117.625,2.625,2
"<a href=""https://tiktok.com/@user5626060056906"" target=""_blank"">@user5626060056906</a>",5,10,0,0.95,14,272,0,866.9,42.4,0.6,0.2
"<a href=""https://tiktok.com/@user6024099769612"" target=""_blank"">@user6024099769612</a>",14,9,0,0.95,10,170,0,4837.222,83.889,1.111,0.556
"<a href=""https://tiktok.com/@user6922385284275"" target=""_blank"">@user6922385284275</a>",5,10,0,0.95,14,272,0,1598.5,94.5,1,1.8
"<a href=""https://tiktok.com/@user72785196815582"" target=""_blank"">@user72785196815582</a>",34,10,0,0.85,3,50,0,7372.8,297.8,4.8,3.7
"<a href=""https://tiktok.com/@user7516190319240"" target=""_blank"">@user7516190319240</a>",10,9,0,0.894,2,33,0,731.333,46.889,0.556,0.333
"<a href=""https://tiktok.com/@user769357200"" target=""_blank"">@user769357200</a>",11,8,0,1,2,32,0,434.125,18,1.375,0.375
"<a href=""https://tiktok.com/@user7999731519937"" target=""_blank"">@user7999731519937</a>",6,8,0,0.844,33,523,0,1341.25,65.75,1.75,2.625
"<a href=""https://tiktok.com/@user8236256329966"" target=""_blank"">@user8236256329966</a>",1,5,0,0.833,1,15,0,791.4,19.8,3,0.2
"<a href=""https://tiktok.com/@user909070149145"" target=""_blank"">@user909070149145</a>",28,10,0,0.9,5,92,0,13819.7,170.1,2.4,9.4
"<a href=""https://tiktok.com/@user9263706665749"" target=""_blank"">@user9263706665749</a>",8,10,0,1,6,100,0,1058.3,42.1,1.3,0.7
"<a href=""https://tiktok.com/@user9398178519308"" target=""_blank"">@user9398178519308</a>",30,6,0,0.917,4,69,0,423,5.333,0,0.167
"<a href=""https://tiktok.com/@username.123467897"" target=""_blank"">@username.123467897</a>",3,10,0,1,1,21,0,805.6,33.6,1.6,1.5
"<a href=""https://tiktok.com/@username.12365478"" target=""_blank"">@username.12365478</a>",3,10,0,1,1,21,0,1339.867,102.267,10.933,6.467
"<a href=""https://tiktok.com/@username6652655"" target=""_blank"">@username6652655</a>",27,18,0,0.634,4,313,0,107.333,11.333,1.722,0
"<a href=""https://tiktok.com/@usixidbd"" target=""_blank"">@usixidbd</a>",6,10,0,0.9,64,1164,0,2617.9,202.2,2.3,2.4
"<a href=""https://tiktok.com/@usjcsx8i"" target=""_blank"">@usjcsx8i</a>",28,7,0,0.6,1,16,0,683.571,19.286,0,0.571
"<a href=""https://tiktok.com/@vdudb33"" target=""_blank"">@vdudb33</a>",6,10,0,0.9,64,1164,0,2090.5,32.7,0.4,0.8
"<a href=""https://tiktok.com/@vicblack0504"" target=""_blank"">@vicblack0504</a>",6,9,0,0.93,49,838,0,1078.333,104.778,0.778,0.556
"<a href=""https://tiktok.com/@vintage5920"" target=""_blank"">@vintage5920</a>",28,5,0,0.833,1,15,0,290,11.833,0,0.333
"<a href=""https://tiktok.com/@vkie1837"" target=""_blank"">@vkie1837</a>",23,3,0,0.5,1,18,0,415.667,17.667,0,0.333
"<a href=""https://tiktok.com/@vxissvsb"" target=""_blank"">@vxissvsb</a>",30,8,0,0.875,37,592,0,778.25,25.25,0,0.25
"<a href=""https://tiktok.com/@wdoi2427"" target=""_blank"">@wdoi2427</a>",23,15,0,0.904,33,1257,0,356.533,18.733,0.4,0.4
"<a href=""https://tiktok.com/@weck01"" target=""_blank"">@weck01</a>",17,10,0,0.842,33,644,0,67158.7,3594.6,23.9,145.5
"<a href=""https://tiktok.com/@wevbocr"" target=""_blank"">@wevbocr</a>",30,8,0,0.875,37,592,0,3486.75,55.5,1.125,0.25
"<a href=""https://tiktok.com/@wgslhe"" target=""_blank"">@wgslhe</a>",20,15,0,0.868,24,852,0,1158.667,22.867,0.067,0.133
"<a href=""https://tiktok.com/@wgvs9108"" target=""_blank"">@wgvs9108</a>",23,9,0,0.854,28,708,0,432,19.667,0,0.111
"<a href=""https://tiktok.com/@wilks.chasen"" target=""_blank"">@wilks.chasen</a>",6,10,0,1,38,608,0,1902.3,78.9,0.6,4.4
"<a href=""https://tiktok.com/@wipw6992"" target=""_blank"">@wipw6992</a>",23,6,0,0.917,25,435,0.001,530.667,11.5,0.167,1.333
"<a href=""https://tiktok.com/@wojta.or"" target=""_blank"">@wojta.or</a>",33,6,0,0.917,10,174,0,662.5,13,0.167,0
"<a href=""https://tiktok.com/@wotext"" target=""_blank"">@wotext</a>",17,10,0,0.842,33,644,0,2293.6,85.5,1.9,0.4
"<a href=""https://tiktok.com/@wty88731wbc"" target=""_blank"">@wty88731wbc</a>",16,9,0,0.9,1,18,0,2145.444,111.556,4.667,1.444
"<a href=""https://tiktok.com/@wys88511u0t"" target=""_blank"">@wys88511u0t</a>",16,10,0,0.85,2,34,0,6063.6,291.4,9.4,7.2
"<a href=""https://tiktok.com/@xbksbssh"" target=""_blank"">@xbksbssh</a>",31,6,0,0.833,1,15,0,329,6.333,0.167,0
"<a href=""https://tiktok.com/@xcwvym2"" target=""_blank"">@xcwvym2</a>",30,8,0,0.75,1,16,0,1394.125,67.5,1.125,0.875
"<a href=""https://tiktok.com/@xhjsjsgd6362"" target=""_blank"">@xhjsjsgd6362</a>",30,9,0,0.885,40,649,0,714.667,20.889,0.444,0.444
"<a href=""https://tiktok.com/@xistoretime"" target=""_blank"">@xistoretime</a>",28,10,0,0.9,5,92,0,560.8,26.1,0.7,0.2
"<a href=""https://tiktok.com/@xxii911"" target=""_blank"">@xxii911</a>",17,10,0,0.842,33,644,0,709.4,59.7,1.5,0.3
"<a href=""https://tiktok.com/@ycbbbsd"" target=""_blank"">@ycbbbsd</a>",6,9,0,0.93,48,821,0,1026,49.556,0,1.111
"<a href=""https://tiktok.com/@yeke.heo"" target=""_blank"">@yeke.heo</a>",32,6,0,0.917,18,303,0,1334.833,16.833,0,0
"<a href=""https://tiktok.com/@yfidifh"" target=""_blank"">@yfidifh</a>",8,10,0,1,6,100,0,1003.3,54.7,0.9,0.4
"<a href=""https://tiktok.com/@ykht6376ew"" target=""_blank"">@ykht6376ew</a>",25,9,0,0.899,8,161,0,1320.222,123.333,1.444,0.444
"<a href=""https://tiktok.com/@you.texts"" target=""_blank"">@you.texts</a>",17,9,0,0.789,31,552,0,1761.556,62.667,2.111,2.333
"<a href=""https://tiktok.com/@you55668"" target=""_blank"">@you55668</a>",17,10,0,0.842,33,644,0,1949.7,124,3.2,2
"<a href=""https://tiktok.com/@yourfavtwins0"" target=""_blank"">@yourfavtwins0</a>",30,10,0,0.862,43,710,0,675.6,32.8,0,0.1
"<a href=""https://tiktok.com/@yourstoryttt"" target=""_blank"">@yourstoryttt</a>",17,10,0,0.842,33,644,0,17309.3,304.6,7.5,6.8
"<a href=""https://tiktok.com/@ytrq8081"" target=""_blank"">@ytrq8081</a>",21,12,0,1,5,171,0,7004.833,123,0.833,0.333
"<a href=""https://tiktok.com/@yurodriver_120"" target=""_blank"">@yurodriver_120</a>",27,26,0,0.753,11,1706,0,375.115,36.077,3.769,2.5
"<a href=""https://tiktok.com/@yuwenmovie"" target=""_blank"">@yuwenmovie</a>",6,10,0,0.9,64,1164,0,452.9,25.8,0.7,0.5
"<a href=""https://tiktok.com/@z1234567417"" target=""_blank"">@z1234567417</a>",1,6,0,0.833,2,30,0,2494.667,55.833,30.167,3.833
"<a href=""https://tiktok.com/@zdogz60"" target=""_blank"">@zdogz60</a>",30,8,0,0.875,37,592,0,1236.5,37.125,1.75,0.875
"<a href=""https://tiktok.com/@zjvz.bdoj"" target=""_blank"">@zjvz.bdoj</a>",17,6,0,1,6,108,0,365.667,4.167,0.167,0
