"Network","Number of Accounts","Network Density","Network Diameter","Clustering Coefficient","Avg Views","Avg Likes","Avg Comments","Avg Shares","Member Accounts"
1,3,0.667,30,0,1439.5,28.75,12.25,1.688,"user8236256329966, portolesegrubba, z1234567417"
2,3,1,24,1,5041.375,162.417,15.458,11.833,"mdsdz2, djskgikeejk8, bdbdchhd"
3,2,1,21,0,1126.16,74.8,7.2,4.48,"username.12365478, username.123467897"
4,2,1,18,0,1401.038,132.154,6.654,1.769,"beaty_queen_22, china_cutegirl22"
5,15,0.981,34,0.982,3117.233,139.356,0.945,1.74,"be.jkigv, irdc042, fdijc3, hsozhs6, hdifhg5, hcodifb, uhpdh, krug011, ubhutfrx, luisina.riihimaki, jdpxorjf, jfkovj5, user5626060056906, bmc12655, user6922385284275"
6,65,0.805,32,0.855,5906.394,177.392,2.515,3.702,"bgfddf8888, chcjg0, dguy8654, gdsd888, dhut98545, fjgr86434, jhff96585, hgfryj8745, bfihc, fuddg743, gckcj4, nendn4309, user5203530187060, godv7302, bbfj54, dhicug, itdh8557, user2268806570260, pratt_movie, gskpccbd, jgdghg75464, aefhkddh, vdudb33, kate396112, user446852885706, oxh758, user7999731519937, aed7230, aed8562, fuvfcb, aed5430, aed3345, cngff4885, fucsru, grukc02, hdhxg847, fjggds0808, dvnedc, hdbj8585, jfshjfd9530, chvftn, jeiofifuhd, coicbf, usixidbd, jfdhjj9090, aedyckctu, aedhdici, cirila.mccorkle, fiutfvjj, anaxagoras.harlen, ericeuphemia0529, vicblack0504, wilks.chasen, asdfsasd.fgdfdgas, ferdinandbecky1982, ycbbbsd, jfdd653, hffrr976575, fauy8466, hshjrg8647, hdr86575, samsilas1994, estherwebb1225, yuwenmovie, fuchc053"
7,4,0.833,34,0.75,3605.154,118.641,2.667,1.462,"duvfyh1, fredagraham2022, ternencebloor0314, hhhhh777777852"
8,11,0.582,66,0.836,51088.14,1871.24,13.46,22.73,"hdjixdj, user9263706665749, sandyjulia2021, ckfg70, uftixru, aiudugd, esperance.sulcer, mapleswishesvs, long.arpin, fichfj1, yfidifh"
9,9,1,22,1,16488.149,478.759,3.621,6.897,"kellygallacher0930, beacherarmstrong2005, lewisaledk0117, ferdinand0304, josephmacadam2022, nataliechristiana2016, hvcnnh, dgfddc24, gujffy1"
10,3,1,18,1,813.074,56.741,1.185,0.852,"ryllskaya.reddit, jubal_movie, user7516190319240"
11,3,1,16,1,98937.708,4046.083,15.042,24.75,"hdhu402, bcjjc54, user769357200"
12,7,0.571,31,0.538,1133.288,47.085,0.356,1.831,"jacinta.almetrak, thunhanhoang6, tkkphuc.duy.phan, fh.hfko, hutse.florom, podra.dessy, drape.ivoe"
13,11,0.745,34,0.822,15710.01,215.202,1.455,4.727,"aeda1689, debran.oxonrp86, lwandiswamsithini, debran.oxonrp03, aed7p4, aynor.ogawa, aed75787, user54084767052186, hoeg.huan, debran.oxonrp00, aed3660"
14,12,0.894,32,0.914,4709.336,149.045,1.564,2.782,"aed2977, bdonvg, fannybach2010, bartholomewnancybz1025, gjbgikh, calvinwhitman1014, ghcdax, elvistrevelyan0204, juliedouglass2013, fhfry4764, finishthemovie3, user6024099769612"
15,7,1,20,1,1271.015,62.529,0.588,0.706,"chhvtdy, jdpdosj, jfufrehcdh, hdkcofh, dutiutx, hdididh8, quincyshop08"
16,3,0.667,34,0,10630.414,299.138,63.897,7.724,"gdkzfj, wty88731wbc, wys88511u0t"
17,42,0.671,50,0.975,12746.816,506.684,7.292,26.984,"csusvhb, textstyo, wotext, fjjgdvx, satsyou, stvhfhj, svjscsh, shvchjds, tyuioaak1, dhcghcb, hdryxd, text.fc, stoyouh, weck01, huiodjio, rohingyao, landscape5670, bsbseuo, crtyougo, xxii911, you.texts, hxavnxh, dtkwod, you55668, ktsfyh, texts178, text690, shotewg, cagnhd, sasapco, text778, sdsdyou, textstory781, yourstoryttt, ndnenmeme, bdbdhhehh, hdjddjd092, chccggc1, gthggg8, fcvbvv57, user2804925460335, zjvz.bdoj"
18,8,0.821,34,0.828,10301.27,297.459,3.554,7.662,"fhvdet, fjgryg0, aed6071, dscgty, rmcbk1, fecbgf, fibchf, user1203836358576"
19,3,0.667,36,0,73723,2217.75,40.036,40.821,"chinuo.zhong, givtuv, gxgnci"
20,25,0.957,45,0.971,810.732,21.241,0.124,0.194,"awgthc, awglma, hirakw1, doiplo1, kfbfol, mmlcdg, hdmjwo1, bpgarp, eqmhqf, abjjvt, sqifhw, lhqitc, dtbtcc8, hltuoq, hidouo, tafwwk, bipiqo, idpeoc, tiwakp1, puhrra, cdnkdg, cusvtd, lgunwj, fsaftn, wgslhe"
21,6,1,36,1,3786.812,89.304,0.478,0.435,"bvoo3130, ghhj8554, dijx3903, fhda78402, okay11732, ytrq8081"
22,2,1,22,0,980.588,38.824,1.235,0.412,"djjsjbxjb, sisodne"
23,35,0.906,54,0.964,1376.796,57.68,0.416,0.561,"coref8734, wgvs9108, tiiff4205, wipw6992, hehs5037, cjitr2086, gour2295, cjur6297, jcsie5410, ehgw1916, courr1227, scra5694, clirr5282, ufsc8075, fkur7594, siev9347, gjus6238, cjirr8920, wdoi2427, eiwv9484, eodn8506, fnnf8890, bffb2489, gjguq6894, fiur8444, urdu9708, cjire9104, dhhi6645, hrfj8302, ckir91022, ific3756, hrsy60677, vkie1837, ouou6264, aueh7133"
24,5,1,20,1,2075.17,64.957,1,10.787,"danaobenkuil, rosantspssu, fugfuj33, eudazpstrvf, hygge8662"
25,10,0.778,36,0.848,1390.934,134.921,1.158,1.579,"bfffercajm, prkdnkrb58, hzbdbrb737hdh, biytff8bh8, evdsfgg89, nihgvgt889, ctskgzjv, qhophvgycf89, boyfchijvy65, ykht6376ew"
26,3,0.667,32,0,4793.769,113.885,0.885,1,"grsxhi1, rhvsaaok, kangoopre"
27,16,0.717,151,0.869,1171.117,107.009,11.608,1.853,"amazinggirl_120, billo_driver3535, cutegirlbabe2, cute_chumi_girl208, pardesi_driver120, cutedriver120, kartik_girl120, privon14, stylish_queen_120, cutequeen_driver120, sweet_driver120, chumi_driver102, areplan_driver120, happy_chinagirl_8, username6652655, yurodriver_120"
28,10,0.4,38,0.615,2895.31,66.476,1.131,2.286,"echo41097whisper, jjjjjjf00, textpov10, user909070149145, usjcsx8i, kind26921, vintage5920, debran.oxonrp34, debran.oxonrp080, xistoretime"
29,2,1,22,0,1755.048,73.714,1.286,1.81,"dydes6, dmssndn.hdmsmen"
30,57,0.482,48,0.939,9767.585,305.123,2.777,2.987,"2appookkve, 3mbfklb, 4hgkdjf, 2thgkvjd, 1utfjk, 4hjgdjj, bzsksk1, 3mmmgkk, heheb8964, user9398178519308, jdjsbs94, cjdfndrh, jxgxi8, naivevy, gauqhar2, 41ghqq, hds.hy, hosgsg0, ncjfhyrsdj, xhjsjsgd6362, gdjsys526252, cjdeub, gdghss35, strom.jos, svjssh, hsbshzu0, user2727751386886, mjbwysq6, wevbocr, ivfqjqo2, maemeg7, nhllos8, afpkjk, leoraf9, hxjdsj34, zdogz60, ljpjvh, hwvrok, oljclk, hdvhds4, cigcgict, cucu17645, vxissvsb, yourfavtwins0, fhcgocgo, juarezbent, bcfgtrjh, ciucfyictci, shhieqwe, pdilul, htjzwe4, refine74, oxkops7, evfdmzl, nzohwh, xcwvym2, kdywnty"
31,2,1,15,0,415.091,12.182,0.273,0,"xbksbssh, djisks96"
32,26,0.535,60,0.863,1984.213,31.033,0.753,0.92,"mv.vj3, mzcvs991, alecl0962, ale431660, dadd.dhh7, dfyioo.nko, tsuso.uso, aleo3852, tsis.hsdg, mzcx.adsafdr.csdf, hgff.nko, fujgds.guio, fgjio.ghkl, gskdl.duo, mxcvdsf968, etuo.uop, msfsgvsvcsdfsadsa, mxvgdscsdfvcsdfsd, frees.ess, greeryy2, hskdk.jso, guoonn.hkp, hejdsgi, fgjores, jbvn61, yeke.heo"
33,11,0.982,30,0.981,960.469,20.375,0.297,1.281,"omi.poni0, hdbjx72, hsbuz8, fhuc22, wojta.or, topi.khatun6, monalisa7988, bristy.beb, gfg6705, toma.rimi, user240775158"
34,4,0.667,34,0.6,3757.222,168.528,2.083,1.583,"school.of93, user72785196815582, urges91, coco8880877"
