"Account","Network","Unique Shares","Avg Time Between Shares (sec)","Edge Symmetry Score","Degree","Strength","Betweenness","Avg Views","Avg Likes","Avg Comments","Avg Shares"
"<a href=""https://tiktok.com/@bgnk392"" target=""_blank"">@bgnk392</a>",9,9,38.581,0.911,3,78,0,780.556,6.333,0.222,0.444
"<a href=""https://tiktok.com/@djidfnnf4"" target=""_blank"">@djidfnnf4</a>",10,6,46.944,1,2,36,0,2083.833,13.833,0.5,0.833
"<a href=""https://tiktok.com/@ferdinandbecky1017"" target=""_blank"">@ferdinandbecky1017</a>",8,7,45.486,0.887,4,61,0,2512.714,41,0,0.143
"<a href=""https://tiktok.com/@funnys318"" target=""_blank"">@funnys318</a>",8,6,53.75,0.905,4,52,0,4310.167,85.5,0.167,0.833
"<a href=""https://tiktok.com/@ggbo601"" target=""_blank"">@ggbo601</a>",7,6,62.571,0.8,1,14,0,6742.667,41.5,0.167,0.5
"<a href=""https://tiktok.com/@jennamillereh26e"" target=""_blank"">@jennamillereh26e</a>",6,8,26.714,0.889,1,14,0,4594.864,56.136,0.364,0.5
"<a href=""https://tiktok.com/@jkkj674"" target=""_blank"">@jkkj674</a>",5,15,41.97,0.935,3,48,0.005,10352.05,153.25,2.05,3.5
"<a href=""https://tiktok.com/@josephwalker6990"" target=""_blank"">@josephwalker6990</a>",8,7,44.461,0.892,4,64,0,1134.286,22.714,0,0.143
"<a href=""https://tiktok.com/@kelaita3"" target=""_blank"">@kelaita3</a>",2,6,9,1,1,14,0,937.167,8.833,0,0
"<a href=""https://tiktok.com/@kxhlqola6a363c"" target=""_blank"">@kxhlqola6a363c</a>",6,8,26.714,0.889,1,14,0,5148.609,86.13,0.087,0.217
"<a href=""https://tiktok.com/@lean37279"" target=""_blank"">@lean37279</a>",8,8,44.15,0.899,4,68,0,2640.25,47.25,0,0
"<a href=""https://tiktok.com/@lxboos34"" target=""_blank"">@lxboos34</a>",7,6,62.571,0.8,1,14,0,4128,37.667,0.5,0.667
"<a href=""https://tiktok.com/@nitian2jue"" target=""_blank"">@nitian2jue</a>",2,6,9,1,1,14,0,1664.667,13,0,0
"<a href=""https://tiktok.com/@qeqe083"" target=""_blank"">@qeqe083</a>",11,6,40.807,0.925,3,53,0,641.667,1.833,0,0
"<a href=""https://tiktok.com/@tdfhiigf"" target=""_blank"">@tdfhiigf</a>",11,6,48.789,0.925,3,51,0,729.833,3.333,0,0
"<a href=""https://tiktok.com/@ujnikm7"" target=""_blank"">@ujnikm7</a>",5,18,47.182,0.958,2,42,0,7367.25,62.3,0.25,0.9
"<a href=""https://tiktok.com/@user1006149862326"" target=""_blank"">@user1006149862326</a>",4,12,68.803,1,3,69,0,719.5,15.75,0,0.083
"<a href=""https://tiktok.com/@user15059932353996"" target=""_blank"">@user15059932353996</a>",4,12,58.565,0.951,4,109,0,961.333,17.583,0.333,0.083
"<a href=""https://tiktok.com/@user196977097874"" target=""_blank"">@user196977097874</a>",9,9,42.963,0.911,3,81,0,1005.667,10.222,0,0.111
"<a href=""https://tiktok.com/@user2191900675606"" target=""_blank"">@user2191900675606</a>",3,6,66,1,1,18,0,469.667,13.167,0,0
"<a href=""https://tiktok.com/@user39091749299177"" target=""_blank"">@user39091749299177</a>",9,9,36.364,0.933,3,78,0,1460.333,13.111,0.667,0
"<a href=""https://tiktok.com/@user4185990161303"" target=""_blank"">@user4185990161303</a>",4,12,67.129,0.878,3,89,0,780.083,13.083,0.083,0.167
"<a href=""https://tiktok.com/@user4911953984822"" target=""_blank"">@user4911953984822</a>",9,9,35.214,0.933,3,77,0,400.556,5,0,0
"<a href=""https://tiktok.com/@user4977217663053"" target=""_blank"">@user4977217663053</a>",10,9,50.528,1,2,36,0,1220.111,12.667,0.222,0.778
"<a href=""https://tiktok.com/@user4994507114863"" target=""_blank"">@user4994507114863</a>",11,6,39.407,0.875,3,54,0,803.5,4.5,0,0
"<a href=""https://tiktok.com/@user73228476556612"" target=""_blank"">@user73228476556612</a>",11,6,51.67,0.958,3,50,0,204.333,2,0,0
"<a href=""https://tiktok.com/@user8069152667198"" target=""_blank"">@user8069152667198</a>",4,12,60.51,0.982,4,129,0,871,21.583,0.167,0.917
"<a href=""https://tiktok.com/@user8286842018149"" target=""_blank"">@user8286842018149</a>",4,12,72.488,0.913,4,80,0.002,414.25,8.917,0.083,0.167
"<a href=""https://tiktok.com/@user856875506109"" target=""_blank"">@user856875506109</a>",3,6,66,1,1,18,0,204.167,2.167,0,0.167
"<a href=""https://tiktok.com/@vivianbowen0116"" target=""_blank"">@vivianbowen0116</a>",8,6,44.913,0.906,4,53,0,4910.167,81.667,0.333,0.833
"<a href=""https://tiktok.com/@yftzzmmezm"" target=""_blank"">@yftzzmmezm</a>",1,4,65.722,0.857,1,18,0,7471.75,23.75,6,0.5
"<a href=""https://tiktok.com/@yili11126"" target=""_blank"">@yili11126</a>",10,6,79.417,1,2,36,0,1059.167,4.667,0.167,0.167
"<a href=""https://tiktok.com/@yr0010"" target=""_blank"">@yr0010</a>",5,19,51.238,0.963,3,48,0.005,2603.9,42.1,0,0.15
"<a href=""https://tiktok.com/@yr7361"" target=""_blank"">@yr7361</a>",5,6,38.833,1,1,12,0,3229.938,43.875,0.125,0.375
"<a href=""https://tiktok.com/@yue3312e"" target=""_blank"">@yue3312e</a>",1,9,65.722,0.857,1,18,0,4946.2,38.067,1.267,0.733
"<a href=""https://tiktok.com/@yy11y7"" target=""_blank"">@yy11y7</a>",5,11,42,1,1,14,0,5182.182,32.455,0.273,0.455
