"Network","Number of Accounts","Network Density","Network Diameter","Clustering Coefficient","Avg Views","Avg Likes","Avg Comments","Avg Shares","Member Accounts"
1,2,1,18,NA,5477.895,35.053,2.263,0.684,"yftzzmmezm, yue3312e"
2,2,1,14,NA,1300.917,10.917,0,0,"kelaita3, nitian2jue"
3,2,1,18,NA,336.917,7.667,0,0.083,"user856875506109, user2191900675606"
4,5,0.9,36,0.875,749.233,15.383,0.133,0.283,"user1006149862326, user15059932353996, user8069152667198, user4185990161303, user8286842018149"
5,5,0.5,40,0.429,5921.23,71.402,0.586,1.172,"yr0010, yy11y7, jkkj674, ujnikm7, yr7361"
6,2,1,14,NA,4877.889,71.467,0.222,0.356,"jennamillereh26e, kxhlqola6a363c"
7,2,1,14,NA,5435.333,39.583,0.333,0.583,"ggbo601, lxboos34"
8,5,1,20,1,2999.206,53.735,0.088,0.353,"funnys318, josephwalker6990, lean37279, ferdinandbecky1017, vivianbowen0116"
9,4,1,27,1,911.778,8.667,0.222,0.139,"bgnk392, user39091749299177, user196977097874, user4911953984822"
10,3,1,18,1,1420.905,10.714,0.286,0.619,"user4977217663053, djidfnnf4, yili11126"
11,4,1,18,1,594.833,2.917,0,0,"user4994507114863, qeqe083, tdfhiigf, user73228476556612"
