"Account","Network","Unique Shares","Avg Time Between Shares (sec)","Edge Symmetry Score","Degree","Strength","Betweenness","Avg Views","Avg Likes","Avg Comments","Avg Shares"
"<a href=""https://tiktok.com/@1djjvsjb"" target=""_blank"">@1djjvsjb</a>",66,6,43,1,1,8,0,670.5,12.5,0,0
"<a href=""https://tiktok.com/@2thgkvjd"" target=""_blank"">@2thgkvjd</a>",50,6,51.778,1,2,18,0,4479.167,172.167,1.167,1.167
"<a href=""https://tiktok.com/@41ghqq"" target=""_blank"">@41ghqq</a>",53,10,50.75,1,2,16,0,580.5,9.8,0.3,0
"<a href=""https://tiktok.com/@4hjgdjj"" target=""_blank"">@4hjgdjj</a>",50,6,47,1,1,9,0,674.5,9.833,0,0
"<a href=""https://tiktok.com/@abjjvt"" target=""_blank"">@abjjvt</a>",40,6,67.462,0.714,1,13,0,237.667,10.167,0,0.167
"<a href=""https://tiktok.com/@aed2977"" target=""_blank"">@aed2977</a>",13,7,59.306,0.889,3,25,0,909,55.1,1.4,0.3
"<a href=""https://tiktok.com/@aed3660"" target=""_blank"">@aed3660</a>",18,9,57.625,1,2,16,0,4521.556,104.444,1,1.889
"<a href=""https://tiktok.com/@aed7290"" target=""_blank"">@aed7290</a>",5,4,66.75,1,1,8,0,1698,73.5,2.5,11.75
"<a href=""https://tiktok.com/@aed75787"" target=""_blank"">@aed75787</a>",18,10,62.569,0.972,4,33,0,7304,102.4,0.6,0.9
"<a href=""https://tiktok.com/@aed7p4"" target=""_blank"">@aed7p4</a>",18,9,43.375,1,1,8,0,3915.667,67.444,1.778,1.333
"<a href=""https://tiktok.com/@aeda1689"" target=""_blank"">@aeda1689</a>",17,10,72.375,1,2,16,0,18584.5,110.7,0.3,1.5
"<a href=""https://tiktok.com/@aedhdici"" target=""_blank"">@aedhdici</a>",6,10,72.902,0.885,4,38,0,1470,69.6,1.1,1
"<a href=""https://tiktok.com/@aedyckctu"" target=""_blank"">@aedyckctu</a>",6,8,52.317,0.841,3,33,0,3037.2,118.7,0.4,0.6
"<a href=""https://tiktok.com/@aefhkddh"" target=""_blank"">@aefhkddh</a>",9,10,70.375,1,1,8,0,1717,120.6,1.7,5.1
"<a href=""https://tiktok.com/@afpkjk"" target=""_blank"">@afpkjk</a>",60,10,38.033,0.915,3,32,0,1460.5,28.2,0.4,0.3
"<a href=""https://tiktok.com/@agrahamagraham"" target=""_blank"">@agrahamagraham</a>",67,8,42.545,0.667,1,11,0,1183.556,46.444,1,0.444
"<a href=""https://tiktok.com/@aleo3852"" target=""_blank"">@aleo3852</a>",38,3,52.778,1,1,9,0,462.333,28.667,0,0
"<a href=""https://tiktok.com/@anaxagoras.harlen"" target=""_blank"">@anaxagoras.harlen</a>",6,8,63.75,0.831,3,28,0,10936.875,156,3.75,2.625
"<a href=""https://tiktok.com/@areplan_driver120"" target=""_blank"">@areplan_driver120</a>",48,4,94.1,1,1,10,0,323.588,42.647,4.118,1.294
"<a href=""https://tiktok.com/@aueh7133"" target=""_blank"">@aueh7133</a>",43,9,49.037,0.933,3,27,0.001,296.091,12.909,0.182,0.091
"<a href=""https://tiktok.com/@avelina.asucen"" target=""_blank"">@avelina.asucen</a>",59,7,47.222,0.875,1,9,0,933.857,38.286,0.571,0
"<a href=""https://tiktok.com/@awmilke"" target=""_blank"">@awmilke</a>",65,6,20.5,0.9,1,12,0,1371.667,65.444,0.556,0.444
"<a href=""https://tiktok.com/@aynor.ogawa"" target=""_blank"">@aynor.ogawa</a>",18,10,54.487,1,2,18,0,2746.7,47.8,0.3,0.7
"<a href=""https://tiktok.com/@baifamm13"" target=""_blank"">@baifamm13</a>",69,7,52.889,1,1,9,0,6735.625,161.5,1.875,8.125
"<a href=""https://tiktok.com/@bbfj54"" target=""_blank"">@bbfj54</a>",7,10,71.444,0.857,1,9,0,1435.6,38.2,0.5,0.7
"<a href=""https://tiktok.com/@bdbdchhd"" target=""_blank"">@bdbdchhd</a>",68,9,52.176,0.818,1,17,0,534.556,27.556,1.111,0.889
"<a href=""https://tiktok.com/@be.jkigv"" target=""_blank"">@be.jkigv</a>",3,10,57.792,0.921,7,68,0,658.9,38.8,0.5,0.7
"<a href=""https://tiktok.com/@berez.paulo"" target=""_blank"">@berez.paulo</a>",35,11,36.187,0.959,4,74,0,2452.364,50.364,1,0.545
"<a href=""https://tiktok.com/@bffb2489"" target=""_blank"">@bffb2489</a>",43,9,68.167,1,2,36,0,861.111,98.778,0.778,0.333
"<a href=""https://tiktok.com/@bfihc"" target=""_blank"">@bfihc</a>",4,10,50.846,1,5,57,0,2617.3,82.2,0.5,1.1
"<a href=""https://tiktok.com/@biebuh4"" target=""_blank"">@biebuh4</a>",36,11,51.044,0.875,4,61,0,1798.727,49.455,0.636,0.545
"<a href=""https://tiktok.com/@bipiqo"" target=""_blank"">@bipiqo</a>",40,15,62.315,0.873,8,124,0,784.333,21.533,0,0.333
"<a href=""https://tiktok.com/@bixukf"" target=""_blank"">@bixukf</a>",64,8,21.325,0.929,2,18,0,38334.375,1080.25,9,4.25
"<a href=""https://tiktok.com/@bmc12655"" target=""_blank"">@bmc12655</a>",3,10,73.93,0.923,4,42,0,606,20.2,0.1,0.1
"<a href=""https://tiktok.com/@bpgarp"" target=""_blank"">@bpgarp</a>",40,12,62.551,0.808,12,130,0.001,471.667,15.667,0.083,0
"<a href=""https://tiktok.com/@bristy.beb"" target=""_blank"">@bristy.beb</a>",32,9,56.356,0.845,2,31,0,418.333,4.111,0.222,0.111
"<a href=""https://tiktok.com/@burba.robyn"" target=""_blank"">@burba.robyn</a>",35,11,35.641,0.979,4,68,0,2740.182,56.545,0.091,0.091
"<a href=""https://tiktok.com/@bvoo3130"" target=""_blank"">@bvoo3130</a>",42,6,66.756,0.944,3,40,0,1273.222,45.111,0.444,0.111
"<a href=""https://tiktok.com/@bxjxhxt"" target=""_blank"">@bxjxhxt</a>",59,8,47.222,0.875,1,9,0,1114,85,0.5,1.375
"<a href=""https://tiktok.com/@bzsksk1"" target=""_blank"">@bzsksk1</a>",49,5,50.583,0.889,1,12,0,897.833,28.333,0,0.167
"<a href=""https://tiktok.com/@c.ts24"" target=""_blank"">@c.ts24</a>",35,3,45.667,1,1,9,0,3111.667,23,0,0
"<a href=""https://tiktok.com/@cagnhd"" target=""_blank"">@cagnhd</a>",24,10,63,0.833,1,10,0,5138.2,185.4,4.1,5.3
"<a href=""https://tiktok.com/@calvinwhitman1014"" target=""_blank"">@calvinwhitman1014</a>",13,10,46.697,0.938,2,20,0,2073.3,64.2,0.3,0.4
"<a href=""https://tiktok.com/@cdnkdg"" target=""_blank"">@cdnkdg</a>",40,14,52.86,0.779,5,61,0,625.643,7.5,0,0
"<a href=""https://tiktok.com/@chantalkusch"" target=""_blank"">@chantalkusch</a>",3,9,60.705,0.903,4,38,0,1396.8,142.4,0.9,0.3
"<a href=""https://tiktok.com/@china_reddit"" target=""_blank"">@china_reddit</a>",70,4,64.5,1,1,8,0,522.25,17.25,0.25,0.5
"<a href=""https://tiktok.com/@chumi_driver102"" target=""_blank"">@chumi_driver102</a>",46,10,78.43,0.833,2,26,0,1604.7,163.7,11.6,1.25
"<a href=""https://tiktok.com/@cigcgict"" target=""_blank"">@cigcgict</a>",63,6,61.556,1,1,9,0,511,17.571,0.429,0
"<a href=""https://tiktok.com/@cirila.mccorkle"" target=""_blank"">@cirila.mccorkle</a>",6,10,51.548,0.919,4,49,0,3382.6,63.6,2.5,1.2
"<a href=""https://tiktok.com/@ciucfyictci"" target=""_blank"">@ciucfyictci</a>",55,10,50.75,0.875,1,8,0,584.6,22.6,0.2,0.1
"<a href=""https://tiktok.com/@cjdeub"" target=""_blank"">@cjdeub</a>",56,8,35,1,1,8,0,1906.222,118.889,0.889,0.222
"<a href=""https://tiktok.com/@cjdfndrh"" target=""_blank"">@cjdfndrh</a>",53,8,47.25,1,1,8,0,879.25,17.125,0.625,0
"<a href=""https://tiktok.com/@cjdjfcn"" target=""_blank"">@cjdjfcn</a>",56,9,35,1,1,8,0,985.222,56.556,0.889,0.778
"<a href=""https://tiktok.com/@cjire9104"" target=""_blank"">@cjire9104</a>",43,15,66.561,0.975,8,99,0.001,1097.467,55.533,0.533,0.4
"<a href=""https://tiktok.com/@cjirr8920"" target=""_blank"">@cjirr8920</a>",43,15,69.873,0.922,5,88,0.001,1361.8,60.6,0.267,0.267
"<a href=""https://tiktok.com/@cjitr2086"" target=""_blank"">@cjitr2086</a>",43,14,68.318,0.971,10,120,0.002,352.533,17.667,0.2,0.267
"<a href=""https://tiktok.com/@cjur6297"" target=""_blank"">@cjur6297</a>",43,15,67.842,1,5,71,0.001,800.8,56.267,0.4,0.4
"<a href=""https://tiktok.com/@ckir91022"" target=""_blank"">@ckir91022</a>",43,8,60.442,0.967,6,53,0.001,625,13.417,0,0.25
"<a href=""https://tiktok.com/@clirr5282"" target=""_blank"">@clirr5282</a>",43,15,61.622,1,6,88,0,636.133,78.467,0.6,0.2
"<a href=""https://tiktok.com/@coicbf"" target=""_blank"">@coicbf</a>",6,9,62.688,0.714,2,16,0,1581.333,69.444,0.778,0.667
"<a href=""https://tiktok.com/@courr1227"" target=""_blank"">@courr1227</a>",43,14,68.808,0.913,4,66,0,322.214,9.143,0.214,0.143
"<a href=""https://tiktok.com/@crtyougo"" target=""_blank"">@crtyougo</a>",24,10,55.045,0.921,6,54,0,1672.7,104,2.8,1.1
"<a href=""https://tiktok.com/@cucu17645"" target=""_blank"">@cucu17645</a>",61,6,40.5,1,1,8,0,785.167,36.667,0.667,0.333
"<a href=""https://tiktok.com/@cusvtd"" target=""_blank"">@cusvtd</a>",40,6,86.222,0.714,1,9,0,9566.333,102,1,0.5
"<a href=""https://tiktok.com/@cutedriver120"" target=""_blank"">@cutedriver120</a>",46,5,67.727,0.667,1,11,0,277.635,30.635,2.423,0.423
"<a href=""https://tiktok.com/@cutequeen_driver120"" target=""_blank"">@cutequeen_driver120</a>",48,6,94.1,1,1,10,0,483.417,48.75,3.5,2.708
"<a href=""https://tiktok.com/@danaobenkuil"" target=""_blank"">@danaobenkuil</a>",44,7,53,1,1,8,0,2080,74.6,4,4.8
"<a href=""https://tiktok.com/@debran.oxonrp03"" target=""_blank"">@debran.oxonrp03</a>",17,7,73.875,1,1,8,0,18901.778,234.222,4.889,4.333
"<a href=""https://tiktok.com/@dhcghcb"" target=""_blank"">@dhcghcb</a>",24,10,68.556,0.875,3,25,0,2573.1,134,5.3,1.9
"<a href=""https://tiktok.com/@dhhi6645"" target=""_blank"">@dhhi6645</a>",43,15,63.04,0.984,8,133,0,708.867,54.8,0.267,0.067
"<a href=""https://tiktok.com/@dhicug"" target=""_blank"">@dhicug</a>",4,10,57.28,1,5,60,0,5660.5,47.3,1.6,1.5
"<a href=""https://tiktok.com/@dijx3903"" target=""_blank"">@dijx3903</a>",42,6,77.887,0.967,5,67,0,831.833,45.75,0.083,0.5
"<a href=""https://tiktok.com/@doiplo1"" target=""_blank"">@doiplo1</a>",41,10,26.25,0.8,1,8,0,502.2,19,0,0.133
"<a href=""https://tiktok.com/@drape.ivoe"" target=""_blank"">@drape.ivoe</a>",19,9,74.75,1,1,8,0,795.111,40.556,0.778,5
"<a href=""https://tiktok.com/@dtbtcc8"" target=""_blank"">@dtbtcc8</a>",40,15,62.479,0.854,11,173,0,1032.267,31.267,0.267,0.067
"<a href=""https://tiktok.com/@dtkwod"" target=""_blank"">@dtkwod</a>",24,9,68.517,0.952,3,28,0,2334.667,112.333,1.667,1.889
"<a href=""https://tiktok.com/@dutiutx"" target=""_blank"">@dutiutx</a>",28,7,45.729,0.889,3,28,0,3607.1,101.4,1.3,1
"<a href=""https://tiktok.com/@duvfyh1"" target=""_blank"">@duvfyh1</a>",14,8,40.75,1,1,8,0,11854.125,285.75,5.125,3.625
"<a href=""https://tiktok.com/@ehgw1916"" target=""_blank"">@ehgw1916</a>",43,12,62.564,0.988,7,104,0,798.333,22.333,0.067,0.2
"<a href=""https://tiktok.com/@eiwv9484"" target=""_blank"">@eiwv9484</a>",43,11,63.207,0.983,5,78,0,1641.333,59.5,0.667,0.667
"<a href=""https://tiktok.com/@elvistrevelyan0204"" target=""_blank"">@elvistrevelyan0204</a>",14,8,58,1,1,8,0,680.3,24.4,1.9,2.8
"<a href=""https://tiktok.com/@eodn8506"" target=""_blank"">@eodn8506</a>",43,15,58.607,0.931,7,106,0,1180.867,84.8,0.4,0.8
"<a href=""https://tiktok.com/@eqmhqf"" target=""_blank"">@eqmhqf</a>",40,15,54.867,0.808,9,145,0,522.2,10.2,0,0.2
"<a href=""https://tiktok.com/@estherwebb1225"" target=""_blank"">@estherwebb1225</a>",11,7,49.25,1,2,16,0,6737.3,118.4,2.1,0.8
"<a href=""https://tiktok.com/@eternally36"" target=""_blank"">@eternally36</a>",69,8,42.875,0.857,1,8,0,732.125,37.5,0.75,1.25
"<a href=""https://tiktok.com/@evfdmzl"" target=""_blank"">@evfdmzl</a>",64,8,26.45,0.873,2,22,0,275606.111,9275.111,69.444,68.889
"<a href=""https://tiktok.com/@fannybach2010"" target=""_blank"">@fannybach2010</a>",13,10,69.614,0.938,2,19,0,934,49.3,0.6,0.2
"<a href=""https://tiktok.com/@fauy8466"" target=""_blank"">@fauy8466</a>",12,10,43.511,0.97,3,42,0,1692.3,77.8,1,1.2
"<a href=""https://tiktok.com/@fbgg2395"" target=""_blank"">@fbgg2395</a>",43,6,73.972,1,3,44,0,1.667,0,0,0
"<a href=""https://tiktok.com/@fcvbvv57"" target=""_blank"">@fcvbvv57</a>",25,4,32.6,0.833,1,10,0,9298.5,44.5,0.25,1
"<a href=""https://tiktok.com/@fdijc3"" target=""_blank"">@fdijc3</a>",3,10,51.045,0.923,4,37,0,3696,24.2,0.8,0.5
"<a href=""https://tiktok.com/@ferdinandbecky1982"" target=""_blank"">@ferdinandbecky1982</a>",11,8,47.5,1,1,8,0,50309.7,2589.1,30.2,15.3
"<a href=""https://tiktok.com/@fgffvp"" target=""_blank"">@fgffvp</a>",40,3,42.667,1,1,9,0,117.667,0.333,0,0
"<a href=""https://tiktok.com/@fhda78402"" target=""_blank"">@fhda78402</a>",42,6,58.225,0.958,4,51,0,797.75,19.917,0.083,0.083
"<a href=""https://tiktok.com/@fhuc22"" target=""_blank"">@fhuc22</a>",30,9,51.226,0.823,2,42,0,1492,29.444,0.333,0.889
"<a href=""https://tiktok.com/@fhvf210"" target=""_blank"">@fhvf210</a>",36,7,36.692,0.9,2,26,0,795.429,13.143,1.571,10.857
"<a href=""https://tiktok.com/@fichfj1"" target=""_blank"">@fichfj1</a>",15,8,54.5,0.875,1,8,0,8097.125,203.75,3.875,27.125
"<a href=""https://tiktok.com/@finishthemovie3"" target=""_blank"">@finishthemovie3</a>",14,9,37.75,1,2,16,0,3737.222,45.333,1.667,0.444
"<a href=""https://tiktok.com/@fiur8444"" target=""_blank"">@fiur8444</a>",43,11,61.887,0.942,5,62,0,400,15.5,0,0.286
"<a href=""https://tiktok.com/@fiutfvjj"" target=""_blank"">@fiutfvjj</a>",6,9,47.325,0.938,2,18,0,1540.556,48.556,1,1.667
"<a href=""https://tiktok.com/@fjggds0808"" target=""_blank"">@fjggds0808</a>",9,8,60.875,1,1,8,0,1740.5,46.375,1.875,1.375
"<a href=""https://tiktok.com/@fjgr86434"" target=""_blank"">@fjgr86434</a>",8,10,71.896,1,2,17,0,31324.6,1111.7,4.4,5.1
"<a href=""https://tiktok.com/@fjjgdvx"" target=""_blank"">@fjjgdvx</a>",23,9,44.111,1,1,9,0,8017.556,326.111,8.889,7.444
"<a href=""https://tiktok.com/@fkur7594"" target=""_blank"">@fkur7594</a>",43,15,66.383,0.967,5,86,0,884.8,64.267,0.467,0.4
"<a href=""https://tiktok.com/@fnnf8890"" target=""_blank"">@fnnf8890</a>",43,15,60.621,1,7,89,0.001,1107.8,81.933,0.8,0.733
"<a href=""https://tiktok.com/@fsaftn"" target=""_blank"">@fsaftn</a>",40,11,52.487,0.789,5,60,0,633.214,24.857,0.071,0.571
"<a href=""https://tiktok.com/@fteecfs"" target=""_blank"">@fteecfs</a>",60,7,18.538,0.8,1,13,0,1470.714,92.143,0.857,0.571
"<a href=""https://tiktok.com/@fuchc053"" target=""_blank"">@fuchc053</a>",4,9,57.698,0.924,5,50,0,2473.556,51.556,0.667,0.556
"<a href=""https://tiktok.com/@fuddg743"" target=""_blank"">@fuddg743</a>",8,10,72.667,1,1,9,0,22545.1,376.5,2.8,2.9
"<a href=""https://tiktok.com/@g.gy726"" target=""_blank"">@g.gy726</a>",31,3,50.375,1,1,8,0,17817.333,523.667,6.667,1
"<a href=""https://tiktok.com/@g.in.cgn"" target=""_blank"">@g.in.cgn</a>",54,6,31.5,1,1,8,0,7625.333,381.889,3.778,2.889
"<a href=""https://tiktok.com/@gckcj4"" target=""_blank"">@gckcj4</a>",4,8,52.619,0.948,6,64,0,69739.6,1896.9,6.1,13.7
"<a href=""https://tiktok.com/@gdsd888"" target=""_blank"">@gdsd888</a>",8,6,45.375,1,1,8,0,3243.5,50.625,0.625,0.625
"<a href=""https://tiktok.com/@gfg6705"" target=""_blank"">@gfg6705</a>",33,5,64.17,0.938,2,25,0,1285.75,27.5,0,0.5
"<a href=""https://tiktok.com/@ggih3179"" target=""_blank"">@ggih3179</a>",35,12,42.208,0.911,5,66,0,854.083,12.167,0.417,0.75
"<a href=""https://tiktok.com/@ggycyxr"" target=""_blank"">@ggycyxr</a>",69,7,78.091,1,1,11,0,933.143,35.429,0.857,0.857
"<a href=""https://tiktok.com/@ghcdax"" target=""_blank"">@ghcdax</a>",13,7,68.75,0.667,1,8,0,1226.3,33.7,0.2,0.1
"<a href=""https://tiktok.com/@ghhj8554"" target=""_blank"">@ghhj8554</a>",42,5,63.467,0.917,2,24,0,1281.455,44.455,0.182,0.455
"<a href=""https://tiktok.com/@gjguq6894"" target=""_blank"">@gjguq6894</a>",43,15,62.625,1,8,90,0.002,2706.267,96.467,0.467,0.667
"<a href=""https://tiktok.com/@gjus6238"" target=""_blank"">@gjus6238</a>",43,15,63.526,1,3,88,0,1852.8,56.4,0.267,0.133
"<a href=""https://tiktok.com/@gmbcuuo"" target=""_blank"">@gmbcuuo</a>",45,8,64.375,1,1,8,0,1317.125,88.375,0.125,0.625
"<a href=""https://tiktok.com/@godv7302"" target=""_blank"">@godv7302</a>",4,8,66.106,0.845,2,19,0,765.25,12.125,0.625,0.375
"<a href=""https://tiktok.com/@gour2295"" target=""_blank"">@gour2295</a>",43,17,74.198,1,8,79,0.002,1979.167,70.222,1.5,0.167
"<a href=""https://tiktok.com/@gskgu2"" target=""_blank"">@gskgu2</a>",22,10,24.25,1,1,8,0,3136.3,140.2,2.7,9.9
"<a href=""https://tiktok.com/@gskpccbd"" target=""_blank"">@gskpccbd</a>",4,8,64.442,0.958,4,39,0,1655.5,66.9,0.7,1.1
"<a href=""https://tiktok.com/@hcodifb"" target=""_blank"">@hcodifb</a>",3,10,70.694,0.923,5,55,0,1501.4,50.5,1.3,1.7
"<a href=""https://tiktok.com/@hdbjx72"" target=""_blank"">@hdbjx72</a>",30,6,40.799,0.9,2,34,0,2001.778,59.444,0.889,6
"<a href=""https://tiktok.com/@hdhux39"" target=""_blank"">@hdhux39</a>",36,10,49.233,0.924,4,61,0,800.8,12.8,0.5,0.2
"<a href=""https://tiktok.com/@hdididh8"" target=""_blank"">@hdididh8</a>",28,10,60.824,0.852,3,31,0,582.2,64.9,1,0.2
"<a href=""https://tiktok.com/@hdjixdj"" target=""_blank"">@hdjixdj</a>",16,10,47.556,0.889,1,9,0,743.3,39.2,0.7,0.3
"<a href=""https://tiktok.com/@hdkcofh"" target=""_blank"">@hdkcofh</a>",28,9,45.794,0.86,4,38,0,340.5,29.9,0.1,0.5
"<a href=""https://tiktok.com/@hdmjwo1"" target=""_blank"">@hdmjwo1</a>",40,12,52.806,0.737,9,100,0.001,613.385,20.692,0.077,0.231
"<a href=""https://tiktok.com/@hdr86575"" target=""_blank"">@hdr86575</a>",12,10,45.219,0.936,3,49,0,39212.8,486.9,7,6.5
"<a href=""https://tiktok.com/@hdryxd"" target=""_blank"">@hdryxd</a>",24,9,52.165,0.824,6,62,0,3310.333,108.333,3.222,1.667
"<a href=""https://tiktok.com/@hec88551nva"" target=""_blank"">@hec88551nva</a>",22,6,54.625,1,1,8,0,2805.444,115.111,2.222,0.667
"<a href=""https://tiktok.com/@heheb8964"" target=""_blank"">@heheb8964</a>",50,6,56.556,1,1,9,0,1000.333,36.167,0.5,0.333
"<a href=""https://tiktok.com/@hehs5037"" target=""_blank"">@hehs5037</a>",43,15,71.917,0.988,7,110,0.001,516.2,20.333,0.133,0.067
"<a href=""https://tiktok.com/@hhhhh777777852"" target=""_blank"">@hhhhh777777852</a>",14,9,46.375,1,2,16,0,1364.778,76.444,4.111,0.556
"<a href=""https://tiktok.com/@hidouo"" target=""_blank"">@hidouo</a>",40,15,59.011,0.87,6,87,0,850.8,16.067,0,0.8
"<a href=""https://tiktok.com/@hltuoq"" target=""_blank"">@hltuoq</a>",40,15,59.904,0.842,9,127,0,855.2,20.8,0.067,0.2
"<a href=""https://tiktok.com/@hoeg.huan"" target=""_blank"">@hoeg.huan</a>",18,9,49.626,0.963,3,27,0,4850.556,46.556,0.556,0.556
"<a href=""https://tiktok.com/@hrfj8302"" target=""_blank"">@hrfj8302</a>",43,15,54.279,0.986,6,94,0,536,21.067,0.267,0.2
"<a href=""https://tiktok.com/@hrsy60677"" target=""_blank"">@hrsy60677</a>",43,13,43.583,0.95,4,54,0,255,7.5,0.071,0.143
"<a href=""https://tiktok.com/@hsbuz8"" target=""_blank"">@hsbuz8</a>",30,9,44.15,0.923,2,44,0,1547.111,27.778,0.111,1.556
"<a href=""https://tiktok.com/@hshjrg8647"" target=""_blank"">@hshjrg8647</a>",12,9,51.128,0.906,3,45,0,870.889,35.778,0.444,0.889
"<a href=""https://tiktok.com/@hsisbzzv"" target=""_blank"">@hsisbzzv</a>",54,8,51.625,1,1,8,0,1100,47.25,0.375,1.5
"<a href=""https://tiktok.com/@hsozhs6"" target=""_blank"">@hsozhs6</a>",3,10,73.37,0.907,7,65,0,855.3,31.9,0.2,0.6
"<a href=""https://tiktok.com/@htjzwe4"" target=""_blank"">@htjzwe4</a>",58,10,39.65,1,2,36,0,82090.8,2265.5,32.1,53.8
"<a href=""https://tiktok.com/@huaka.loams"" target=""_blank"">@huaka.loams</a>",8,9,58.25,1,2,16,0,2815.889,53.556,0.333,1
"<a href=""https://tiktok.com/@huiodjio"" target=""_blank"">@huiodjio</a>",24,10,59.757,0.938,7,83,0,2198,140.1,2.2,2.5
"<a href=""https://tiktok.com/@hwvrok"" target=""_blank"">@hwvrok</a>",58,10,40.28,1,3,38,0,1689.8,29.7,0.3,0.5
"<a href=""https://tiktok.com/@hxavnxh"" target=""_blank"">@hxavnxh</a>",24,10,35.5,0.857,1,8,0,34174.3,407,26.1,15.6
"<a href=""https://tiktok.com/@hzjsjs897"" target=""_blank"">@hzjsjs897</a>",54,9,41.562,1,2,16,0,1070.556,54.444,0.667,0.333
"<a href=""https://tiktok.com/@idpeoc"" target=""_blank"">@idpeoc</a>",40,14,59.059,0.872,9,148,0,1452.6,33.133,0.133,0.333
"<a href=""https://tiktok.com/@ific3756"" target=""_blank"">@ific3756</a>",43,11,68.786,0.948,7,79,0.001,1187.818,22.364,0.091,0.182
"<a href=""https://tiktok.com/@irdc042"" target=""_blank"">@irdc042</a>",3,8,47.335,0.958,4,35,0,1788.125,147.125,1.5,2
"<a href=""https://tiktok.com/@isni5392"" target=""_blank"">@isni5392</a>",37,6,24.3,0.875,1,10,0,832.333,23,0,0.167
"<a href=""https://tiktok.com/@itdh8557"" target=""_blank"">@itdh8557</a>",5,10,66.75,1,1,8,0,782.4,29.5,0,1.9
"<a href=""https://tiktok.com/@ivfqjqo2"" target=""_blank"">@ivfqjqo2</a>",57,5,14,1,1,8,0,1345.4,75.2,0.2,0
"<a href=""https://tiktok.com/@j.ee238"" target=""_blank"">@j.ee238</a>",35,12,41.83,0.979,4,69,0,729.583,14.583,0.333,0.25
"<a href=""https://tiktok.com/@j.uv586"" target=""_blank"">@j.uv586</a>",35,3,71.375,0.8,1,8,0,638.25,9.5,0,0
"<a href=""https://tiktok.com/@jcsie5410"" target=""_blank"">@jcsie5410</a>",43,11,69.148,0.988,7,96,0.001,1380.5,46.857,0.214,0.5
"<a href=""https://tiktok.com/@jdbjd335"" target=""_blank"">@jdbjd335</a>",35,11,61.833,0.818,3,37,0,1519.909,62.636,0.364,0.273
"<a href=""https://tiktok.com/@jdjsbs94"" target=""_blank"">@jdjsbs94</a>",52,8,43.8,1,2,18,0,1778.125,73.25,0.125,0.375
"<a href=""https://tiktok.com/@jdnjd485"" target=""_blank"">@jdnjd485</a>",36,12,56.803,0.863,3,50,0,915.833,21.167,0,0.083
"<a href=""https://tiktok.com/@jdoxhbd"" target=""_blank"">@jdoxhbd</a>",16,10,56.7,1,1,10,0,8705.6,142,1.4,2.3
"<a href=""https://tiktok.com/@jdpdosj"" target=""_blank"">@jdpdosj</a>",28,9,53.226,0.882,2,23,0,478.4,23.4,0.2,0.2
"<a href=""https://tiktok.com/@jdpxorjf"" target=""_blank"">@jdpxorjf</a>",3,8,51.689,0.903,3,32,0,725.8,40.2,0.4,2.3
"<a href=""https://tiktok.com/@jeiofifuhd"" target=""_blank"">@jeiofifuhd</a>",6,10,72.656,0.873,4,36,0,2500.5,75.4,0.5,0.7
"<a href=""https://tiktok.com/@jfdd653"" target=""_blank"">@jfdd653</a>",12,10,58.731,0.939,3,44,0,2557.1,43,0.2,1.3
"<a href=""https://tiktok.com/@jfkovj5"" target=""_blank"">@jfkovj5</a>",3,10,54.273,0.891,6,66,0,1606.8,76.8,1.3,2.3
"<a href=""https://tiktok.com/@jfshjfd9530"" target=""_blank"">@jfshjfd9530</a>",9,10,65.625,1,2,16,0,1878.4,102.7,2.1,6.5
"<a href=""https://tiktok.com/@jfufrehcdh"" target=""_blank"">@jfufrehcdh</a>",28,10,67.315,0.919,4,52,0,1870.8,131.5,0.6,7.3
"<a href=""https://tiktok.com/@jsjx359"" target=""_blank"">@jsjx359</a>",36,5,71.375,0.833,1,8,0,1507.25,45.875,0.25,0.25
"<a href=""https://tiktok.com/@jtcytxyzey"" target=""_blank"">@jtcytxyzey</a>",3,9,51.131,0.956,5,47,0,51630.111,1615,14.222,16.222
"<a href=""https://tiktok.com/@juarezbent"" target=""_blank"">@juarezbent</a>",52,9,44.25,1,2,16,0,1656.444,29.556,0.444,0
"<a href=""https://tiktok.com/@jubal_movie"" target=""_blank"">@jubal_movie</a>",70,8,52.525,0.857,3,26,0,728.25,77.625,1.875,0.25
"<a href=""https://tiktok.com/@kangoopre"" target=""_blank"">@kangoopre</a>",45,7,64.375,1,1,8,0,698.75,34.5,0.5,0.125
"<a href=""https://tiktok.com/@kdywnty"" target=""_blank"">@kdywnty</a>",65,8,40.25,0.867,2,22,0,1715.8,45.5,0.3,0.1
"<a href=""https://tiktok.com/@kenworthyhoo"" target=""_blank"">@kenworthyhoo</a>",55,7,50.75,0.875,1,8,0,893.286,25.714,1.857,0.143
"<a href=""https://tiktok.com/@kokokopi72"" target=""_blank"">@kokokopi72</a>",21,7,40.75,1,1,8,0,1780.111,77.333,0.444,0.444
"<a href=""https://tiktok.com/@krug011"" target=""_blank"">@krug011</a>",3,10,52.981,0.903,4,37,0,507.2,18.5,0.3,0.3
"<a href=""https://tiktok.com/@ktsfyh"" target=""_blank"">@ktsfyh</a>",24,10,87.417,0.778,1,12,0,2307.5,89,1.1,0.9
"<a href=""https://tiktok.com/@kuhar.clair6"" target=""_blank"">@kuhar.clair6</a>",35,12,38.45,0.971,5,78,0,1014.917,44.333,0.417,0
"<a href=""https://tiktok.com/@labon.marenm"" target=""_blank"">@labon.marenm</a>",20,8,23.889,1,1,9,0,905.875,39,0.625,0.125
"<a href=""https://tiktok.com/@landscape5670"" target=""_blank"">@landscape5670</a>",24,8,71.931,1,4,33,0,2588,159.5,2.8,2.3
"<a href=""https://tiktok.com/@leoraf9"" target=""_blank"">@leoraf9</a>",60,10,30.832,0.817,2,21,0,1255.6,96.8,0.6,0.2
"<a href=""https://tiktok.com/@lhqitc"" target=""_blank"">@lhqitc</a>",40,14,54.074,0.776,9,103,0.001,652.467,12.133,0,0.133
"<a href=""https://tiktok.com/@ljpjvh"" target=""_blank"">@ljpjvh</a>",58,8,49.712,0.917,2,26,0,49150.4,1405.8,14.6,3.7
"<a href=""https://tiktok.com/@luisina.riihimaki"" target=""_blank"">@luisina.riihimaki</a>",3,10,64.38,0.923,5,52,0,1562.8,137.8,1.4,1.4
"<a href=""https://tiktok.com/@lwandiswamsithini"" target=""_blank"">@lwandiswamsithini</a>",17,9,70.875,1,1,8,0,2618.8,37.6,0.5,0.6
"<a href=""https://tiktok.com/@maemeg7"" target=""_blank"">@maemeg7</a>",60,7,34.8,0.879,2,24,0,1522.75,133.5,0.625,0.25
"<a href=""https://tiktok.com/@mapleswishesvs"" target=""_blank"">@mapleswishesvs</a>",15,10,52.562,0.938,2,16,0,9592.5,123,4.1,0.9
"<a href=""https://tiktok.com/@mdsdz2"" target=""_blank"">@mdsdz2</a>",68,8,52.176,0.818,1,17,0,10629.889,291.778,19,2.444
"<a href=""https://tiktok.com/@mjbwysq6"" target=""_blank"">@mjbwysq6</a>",51,6,69.818,1,1,11,0,1620.5,96.875,0.875,0.125
"<a href=""https://tiktok.com/@mmlcdg"" target=""_blank"">@mmlcdg</a>",40,6,35.625,0.917,2,16,0,344.167,10.5,0.167,0
"<a href=""https://tiktok.com/@monalisa7988"" target=""_blank"">@monalisa7988</a>",32,8,55.877,0.929,2,35,0,1660.875,30,0.75,2.125
"<a href=""https://tiktok.com/@msfsgvsvcsdfsadsa"" target=""_blank"">@msfsgvsvcsdfsadsa</a>",38,3,52.778,1,1,9,0,61578.333,763.333,5,13
"<a href=""https://tiktok.com/@mxcvdsf968"" target=""_blank"">@mxcvdsf968</a>",39,6,55.25,0.857,1,8,0,369.167,6.167,0,2
"<a href=""https://tiktok.com/@mzcvs991"" target=""_blank"">@mzcvs991</a>",39,5,55.25,0.857,1,8,0,919.6,6.6,0,0
"<a href=""https://tiktok.com/@naipom820"" target=""_blank"">@naipom820</a>",37,6,47.317,0.866,2,19,0,963.5,20.5,0,0
"<a href=""https://tiktok.com/@naivevy"" target=""_blank"">@naivevy</a>",53,8,54.25,1,1,8,0,294.375,6.5,0,0.125
"<a href=""https://tiktok.com/@ncjfhyrsdj"" target=""_blank"">@ncjfhyrsdj</a>",62,6,41,1,1,8,0,560,19.333,0.5,0.667
"<a href=""https://tiktok.com/@nendn4309"" target=""_blank"">@nendn4309</a>",4,10,59.635,0.913,5,46,0,30523.2,261.5,5.7,5.2
"<a href=""https://tiktok.com/@nhllos8"" target=""_blank"">@nhllos8</a>",60,8,28.312,0.917,2,16,0,1570.444,41.778,0.889,0.111
"<a href=""https://tiktok.com/@nqkwvc"" target=""_blank"">@nqkwvc</a>",60,9,42.5,0.894,2,28,0,5659.333,120.333,1.556,0.889
"<a href=""https://tiktok.com/@nzohwh"" target=""_blank"">@nzohwh</a>",64,6,20.75,1,1,8,0,2381.667,54.833,0.667,0.167
"<a href=""https://tiktok.com/@odhduha"" target=""_blank"">@odhduha</a>",72,3,18.444,1,1,9,0,367,13.333,0,0
"<a href=""https://tiktok.com/@ojbkhhh2"" target=""_blank"">@ojbkhhh2</a>",37,5,69,1,1,8,0,1045.6,41.4,1.2,0.4
"<a href=""https://tiktok.com/@okay11732"" target=""_blank"">@okay11732</a>",42,5,71,1,3,27,0,2489.727,96.091,1,0.909
"<a href=""https://tiktok.com/@oljclk"" target=""_blank"">@oljclk</a>",58,10,43.088,0.944,3,32,0,2309.1,27.4,0.7,0.2
"<a href=""https://tiktok.com/@ouou6264"" target=""_blank"">@ouou6264</a>",43,6,63.75,1,4,35,0.001,256.667,9.333,0,1
"<a href=""https://tiktok.com/@oxkops7"" target=""_blank"">@oxkops7</a>",64,7,31,0.889,1,12,0,1397.75,71,1.5,0
"<a href=""https://tiktok.com/@pbpktw"" target=""_blank"">@pbpktw</a>",40,5,55.444,0.6,1,9,0,1386.6,22.4,0,0
"<a href=""https://tiktok.com/@pdilul"" target=""_blank"">@pdilul</a>",58,10,63.25,1,4,48,0,55751.4,2496.8,46.3,24.3
"<a href=""https://tiktok.com/@podra.dessy"" target=""_blank"">@podra.dessy</a>",19,8,72.208,1,2,17,0,1663.875,42.875,0.75,1
"<a href=""https://tiktok.com/@pratt_movie"" target=""_blank"">@pratt_movie</a>",4,10,61.342,0.934,6,65,0,77521.8,1653.4,15.3,31.7
"<a href=""https://tiktok.com/@privon14"" target=""_blank"">@privon14</a>",47,6,97.5,0.8,1,12,0,1268.294,87.412,7.706,1.647
"<a href=""https://tiktok.com/@puayes55"" target=""_blank"">@puayes55</a>",69,6,35.75,0.929,2,18,0,767.125,33,0.625,0.25
"<a href=""https://tiktok.com/@puhrra"" target=""_blank"">@puhrra</a>",40,11,55.433,0.886,3,27,0,414.917,13.25,0.167,0
"<a href=""https://tiktok.com/@pushover0"" target=""_blank"">@pushover0</a>",71,3,10.333,0.8,1,9,0,858.333,29.667,0.667,0
"<a href=""https://tiktok.com/@reedditsttoriies88"" target=""_blank"">@reedditsttoriies88</a>",72,3,18.444,1,1,9,0,2062,66.333,0.667,0.667
"<a href=""https://tiktok.com/@refine74"" target=""_blank"">@refine74</a>",58,10,38.525,1,2,36,0,73099.7,1559.4,8.9,8.6
"<a href=""https://tiktok.com/@rohingyao"" target=""_blank"">@rohingyao</a>",24,10,55.517,0.895,8,73,0.001,1486.3,74.7,1.7,0.6
"<a href=""https://tiktok.com/@rosantspssu"" target=""_blank"">@rosantspssu</a>",44,6,56.688,1,2,16,0,4734,117.3,1.5,47.3
"<a href=""https://tiktok.com/@ryllskayalife7"" target=""_blank"">@ryllskayalife7</a>",70,9,66.875,0.857,2,16,0,666.556,94.667,1.222,0.222
"<a href=""https://tiktok.com/@ryllskayazeng"" target=""_blank"">@ryllskayazeng</a>",70,8,46.7,0.857,1,10,0,612,26.25,0.25,0.125
"<a href=""https://tiktok.com/@samsilas1994"" target=""_blank"">@samsilas1994</a>",10,6,50.5,1,1,8,0,148903.222,7221.889,45.444,314
"<a href=""https://tiktok.com/@sasapco"" target=""_blank"">@sasapco</a>",24,10,11.75,1,1,8,0,1901.1,138.3,0.5,0.7
"<a href=""https://tiktok.com/@scoolpodcast"" target=""_blank"">@scoolpodcast</a>",37,6,69.667,0.929,2,17,0,1004.667,21.667,0,0
"<a href=""https://tiktok.com/@scra5694"" target=""_blank"">@scra5694</a>",43,10,44.667,1,3,36,0,2269.333,70.667,0.533,0.267
"<a href=""https://tiktok.com/@sdsdyou"" target=""_blank"">@sdsdyou</a>",24,10,64.938,0.804,4,32,0,25793.7,1294.8,22.3,72.4
"<a href=""https://tiktok.com/@siev9347"" target=""_blank"">@siev9347</a>",43,12,61.544,0.96,5,73,0,1250.533,58.467,0.4,0.467
"<a href=""https://tiktok.com/@skunk.robinsong"" target=""_blank"">@skunk.robinsong</a>",19,8,68.583,1,2,17,0,694.25,31,0.625,2
"<a href=""https://tiktok.com/@snoshsj"" target=""_blank"">@snoshsj</a>",63,7,61.556,1,1,9,0,1047.286,50.286,0.714,0.571
"<a href=""https://tiktok.com/@sqifhw"" target=""_blank"">@sqifhw</a>",40,12,54.111,0.78,3,30,0,625.833,19.583,0,0.583
"<a href=""https://tiktok.com/@stien.lindag"" target=""_blank"">@stien.lindag</a>",20,8,23.889,1,1,9,0,1356.125,42.625,0.125,4.75
"<a href=""https://tiktok.com/@stoyouh"" target=""_blank"">@stoyouh</a>",24,10,63.92,0.914,10,97,0.001,2240.6,88.8,3.1,1.3
"<a href=""https://tiktok.com/@strom.jos"" target=""_blank"">@strom.jos</a>",62,8,41,1,1,8,0,1020.333,31.333,1.333,0.222
"<a href=""https://tiktok.com/@stylish_queen_120"" target=""_blank"">@stylish_queen_120</a>",47,5,97.5,0.8,1,12,0,496.296,65.407,6.481,2.37
"<a href=""https://tiktok.com/@svjscsh"" target=""_blank"">@svjscsh</a>",23,10,55.592,0.863,3,26,0,55282,1019.7,17,192.5
"<a href=""https://tiktok.com/@tafwwk"" target=""_blank"">@tafwwk</a>",40,11,65.461,0.772,6,68,0,2716.909,20.182,0,0.182
"<a href=""https://tiktok.com/@text.fc"" target=""_blank"">@text.fc</a>",24,10,45.839,1,5,43,0.001,6392.3,257.9,5.9,12.1
"<a href=""https://tiktok.com/@text690"" target=""_blank"">@text690</a>",24,8,79,1,1,8,0,110437.8,3185.6,19.8,25.9
"<a href=""https://tiktok.com/@text778"" target=""_blank"">@text778</a>",24,9,66.5,0.833,1,8,0,11486.3,402.7,3.7,7.4
"<a href=""https://tiktok.com/@texts178"" target=""_blank"">@texts178</a>",24,9,62.778,0.875,3,25,0,5147.556,209.556,3.556,11.111
"<a href=""https://tiktok.com/@textstory781"" target=""_blank"">@textstory781</a>",24,10,37.955,0.917,4,33,0,2656.4,121.6,1.4,1
"<a href=""https://tiktok.com/@textstyo"" target=""_blank"">@textstyo</a>",23,8,43.75,0.875,2,20,0,5096.5,207.6,6.2,6.9
"<a href=""https://tiktok.com/@thanh.dngp"" target=""_blank"">@thanh.dngp</a>",19,8,67.5,1,1,8,0,754.5,44.75,0.125,0.875
"<a href=""https://tiktok.com/@tiffanystory8"" target=""_blank"">@tiffanystory8</a>",44,4,60.375,1,1,8,0,1251.833,39.667,1.5,1.667
"<a href=""https://tiktok.com/@tiiff4205"" target=""_blank"">@tiiff4205</a>",43,14,59.752,0.976,7,95,0.001,558,15.267,0.4,0.133
"<a href=""https://tiktok.com/@titme"" target=""_blank"">@titme</a>",35,11,37.6,0.963,5,76,0,891.273,52.364,0.636,0.273
"<a href=""https://tiktok.com/@tiwakp1"" target=""_blank"">@tiwakp1</a>",41,7,26.25,0.8,1,8,0,617.083,22.417,0.167,0.083
"<a href=""https://tiktok.com/@tkmr.zqzh"" target=""_blank"">@tkmr.zqzh</a>",27,3,40.778,1,1,9,0,808.333,16,0,0
"<a href=""https://tiktok.com/@toma.rimi"" target=""_blank"">@toma.rimi</a>",33,9,53.597,0.938,2,39,0,1848.222,26.111,0.222,0.111
"<a href=""https://tiktok.com/@topi.khatun6"" target=""_blank"">@topi.khatun6</a>",32,8,46.146,0.917,2,20,0,494.222,8.333,0,0.444
"<a href=""https://tiktok.com/@ubhutfrx"" target=""_blank"">@ubhutfrx</a>",3,9,47.975,0.819,4,36,0,1695.4,97.7,1.2,1.3
"<a href=""https://tiktok.com/@ufsc8075"" target=""_blank"">@ufsc8075</a>",43,15,63.853,1,4,61,0,4423.133,124.733,0.867,3.067
"<a href=""https://tiktok.com/@uftixru"" target=""_blank"">@uftixru</a>",16,9,52.128,0.944,2,19,0,14205.667,583.667,11.111,29.333
"<a href=""https://tiktok.com/@urdu9708"" target=""_blank"">@urdu9708</a>",43,12,51.472,1,4,54,0,917.8,55.733,0.267,0.267
"<a href=""https://tiktok.com/@user1049574269225"" target=""_blank"">@user1049574269225</a>",2,3,39,1,1,9,0,1137.25,155.25,20,5
"<a href=""https://tiktok.com/@user19468614708518"" target=""_blank"">@user19468614708518</a>",29,4,29,1,1,8,0,1615,32.5,2.25,21.5
"<a href=""https://tiktok.com/@user240775158"" target=""_blank"">@user240775158</a>",33,9,55.35,1,2,40,0,1152.889,16.333,0.222,0.111
"<a href=""https://tiktok.com/@user2804925460335"" target=""_blank"">@user2804925460335</a>",25,4,32.6,0.833,1,10,0,235.833,3.333,0,0
"<a href=""https://tiktok.com/@user2903556969068"" target=""_blank"">@user2903556969068</a>",34,6,53.667,0.971,5,45,0,2397.167,34.167,6.333,32.833
"<a href=""https://tiktok.com/@user2932993437321"" target=""_blank"">@user2932993437321</a>",34,6,47.5,0.833,1,8,0,1840.667,58,3.167,26.5
"<a href=""https://tiktok.com/@user386963311513"" target=""_blank"">@user386963311513</a>",34,5,37.487,0.774,2,18,0,1078.8,19.8,3.2,20.4
"<a href=""https://tiktok.com/@user4181021201798"" target=""_blank"">@user4181021201798</a>",34,6,48.256,0.881,4,34,0,1093.833,35.833,3.5,15.333
"<a href=""https://tiktok.com/@user4474087610054"" target=""_blank"">@user4474087610054</a>",26,4,67,1,1,11,0,4564.833,24.5,1.333,0.833
"<a href=""https://tiktok.com/@user50065457091245"" target=""_blank"">@user50065457091245</a>",29,4,29,1,1,8,0,1939.5,47.5,4.5,37.25
"<a href=""https://tiktok.com/@user5203530187060"" target=""_blank"">@user5203530187060</a>",7,9,71.444,0.857,1,9,0,2753.667,33,0.667,0.111
"<a href=""https://tiktok.com/@user5280073810027"" target=""_blank"">@user5280073810027</a>",2,4,39,1,1,9,0,266.25,13.75,2,0.5
"<a href=""https://tiktok.com/@user5626060056906"" target=""_blank"">@user5626060056906</a>",3,9,59.367,0.856,4,44,0,558.3,28.8,0.4,0
"<a href=""https://tiktok.com/@user6171047885852"" target=""_blank"">@user6171047885852</a>",69,6,34.375,0.929,2,18,0,633,17.75,0.125,0.625
"<a href=""https://tiktok.com/@user6186701630842"" target=""_blank"">@user6186701630842</a>",34,6,47.793,1,3,29,0,1001.667,18.833,2.5,13.5
"<a href=""https://tiktok.com/@user62212983630457"" target=""_blank"">@user62212983630457</a>",70,5,41.625,1,1,8,0,869,32.375,0.25,0
"<a href=""https://tiktok.com/@user6544093258437"" target=""_blank"">@user6544093258437</a>",34,6,51.925,0.857,3,26,0,837,13,1.167,8.167
"<a href=""https://tiktok.com/@user65678173790314"" target=""_blank"">@user65678173790314</a>",66,4,43,1,1,8,0,353.857,6,0.143,0
"<a href=""https://tiktok.com/@user6804783916142"" target=""_blank"">@user6804783916142</a>",26,5,67,1,1,11,0,1330.333,15.5,0.5,0.167
"<a href=""https://tiktok.com/@user6922385284275"" target=""_blank"">@user6922385284275</a>",3,7,70.575,0.917,2,18,0,48731.75,3010.625,26.625,485.5
"<a href=""https://tiktok.com/@user7618429121481"" target=""_blank"">@user7618429121481</a>",27,3,40.778,1,1,9,0,397,5.667,0,0
"<a href=""https://tiktok.com/@user769357200"" target=""_blank"">@user769357200</a>",15,8,50.625,1,1,8,0,1629.5,101.25,1.75,0.75
"<a href=""https://tiktok.com/@user8236256329966"" target=""_blank"">@user8236256329966</a>",1,9,43.053,0.917,1,19,0,1572.889,37.556,1.778,0.111
"<a href=""https://tiktok.com/@user82701638414170"" target=""_blank"">@user82701638414170</a>",71,3,10.333,0.8,1,9,0,509.333,12,0,0
"<a href=""https://tiktok.com/@user8653602093025"" target=""_blank"">@user8653602093025</a>",34,6,49.75,0.897,3,28,0,1297.833,25,4.167,20.5
"<a href=""https://tiktok.com/@user8794483655797"" target=""_blank"">@user8794483655797</a>",34,6,52.43,0.944,3,28,0,2829.167,64.5,2.833,28.833
"<a href=""https://tiktok.com/@user9262051903981"" target=""_blank"">@user9262051903981</a>",69,8,54.421,0.971,5,44,0,1024.125,57.25,0.875,1.875
"<a href=""https://tiktok.com/@user9398178519308"" target=""_blank"">@user9398178519308</a>",49,6,50.583,0.889,1,12,0,437.667,4,0,0.333
"<a href=""https://tiktok.com/@usixidbd"" target=""_blank"">@usixidbd</a>",6,10,56.671,0.883,4,40,0,2752.7,196.8,2.1,2.3
"<a href=""https://tiktok.com/@v.gg395"" target=""_blank"">@v.gg395</a>",35,11,56.77,0.878,7,74,0.001,1192,19.25,0.5,0.083
"<a href=""https://tiktok.com/@v.if77"" target=""_blank"">@v.if77</a>",35,12,48.201,0.872,4,64,0,751,19.583,0.167,0.167
"<a href=""https://tiktok.com/@vdudb33"" target=""_blank"">@vdudb33</a>",10,10,50.5,1,1,8,0,1419.1,26.7,0.2,0.4
"<a href=""https://tiktok.com/@vghf668"" target=""_blank"">@vghf668</a>",35,12,45.029,1,3,55,0,1197.167,41.583,1,0.333
"<a href=""https://tiktok.com/@vicblack0504"" target=""_blank"">@vicblack0504</a>",11,6,51,1,1,8,0,1082.286,101,0.571,0.571
"<a href=""https://tiktok.com/@video.of38"" target=""_blank"">@video.of38</a>",36,11,46.065,0.888,4,68,0,1715.583,84.417,0.75,0.25
"<a href=""https://tiktok.com/@vkie1837"" target=""_blank"">@vkie1837</a>",43,9,59.852,1,3,45,0,332.889,14,0,0.556
"<a href=""https://tiktok.com/@vxissvsb"" target=""_blank"">@vxissvsb</a>",52,10,45.05,1,2,18,0,979.6,40.7,0.3,0.3
"<a href=""https://tiktok.com/@warmu.briey"" target=""_blank"">@warmu.briey</a>",21,7,40.75,1,1,8,0,1741,106.571,1.571,1.143
"<a href=""https://tiktok.com/@wdoi2427"" target=""_blank"">@wdoi2427</a>",43,15,64.2,1,5,90,0,333,17.867,0.133,0.333
"<a href=""https://tiktok.com/@weck01"" target=""_blank"">@weck01</a>",24,9,42.05,0.929,2,18,0,70228,3645,24.3,153.6
"<a href=""https://tiktok.com/@wevbocr"" target=""_blank"">@wevbocr</a>",51,8,69.818,1,1,11,0,3294.7,71.2,0.9,0.2
"<a href=""https://tiktok.com/@wgslhe"" target=""_blank"">@wgslhe</a>",40,15,67.214,0.849,10,155,0,1072.467,18.4,0,0.067
"<a href=""https://tiktok.com/@wgvs9108"" target=""_blank"">@wgvs9108</a>",43,9,60.236,1,5,81,0,227,11.333,0,0
"<a href=""https://tiktok.com/@wojta.or"" target=""_blank"">@wojta.or</a>",31,5,50.375,1,1,8,0,2297.333,22.444,1.333,1
"<a href=""https://tiktok.com/@wotext"" target=""_blank"">@wotext</a>",23,10,70.625,0.714,1,8,0,2665.9,100.3,2.4,0.5
"<a href=""https://tiktok.com/@wty88731wbc"" target=""_blank"">@wty88731wbc</a>",22,8,49.5,1,2,16,0,2576.556,147.778,2.444,1.333
"<a href=""https://tiktok.com/@wys88511u0t"" target=""_blank"">@wys88511u0t</a>",22,9,64.688,1,2,16,0,4004.9,201.1,7.3,5.7
"<a href=""https://tiktok.com/@xcwvym2"" target=""_blank"">@xcwvym2</a>",65,6,60,0.833,1,10,0,1363.375,52.25,1.375,0.75
"<a href=""https://tiktok.com/@xin20241035"" target=""_blank"">@xin20241035</a>",67,5,42.545,0.667,1,11,0,1115.714,48.571,1.286,0.286
"<a href=""https://tiktok.com/@xxii911"" target=""_blank"">@xxii911</a>",24,9,43.73,0.891,7,71,0,1092.333,90,1.111,0.111
"<a href=""https://tiktok.com/@you.texts"" target=""_blank"">@you.texts</a>",23,9,47.32,0.958,3,27,0,3211.333,111,2.333,2.444
"<a href=""https://tiktok.com/@you55668"" target=""_blank"">@you55668</a>",24,10,75.384,0.81,3,25,0,2277.5,140.4,5.3,2.3
"<a href=""https://tiktok.com/@yourstoryttt"" target=""_blank"">@yourstoryttt</a>",24,10,60.358,0.875,9,94,0.001,16792.4,279.2,4.8,6.2
"<a href=""https://tiktok.com/@ytrq8081"" target=""_blank"">@ytrq8081</a>",42,5,47,0.889,3,39,0,7591,131.545,1,0.455
"<a href=""https://tiktok.com/@yurodriver_120"" target=""_blank"">@yurodriver_120</a>",46,5,89.133,1,1,15,0,375.115,36.077,3.769,2.5
"<a href=""https://tiktok.com/@z1234567417"" target=""_blank"">@z1234567417</a>",1,9,43.053,0.917,1,19,0,1876.667,40.556,20.444,2.889
"<a href=""https://tiktok.com/@zdogz60"" target=""_blank"">@zdogz60</a>",61,7,40.5,1,1,8,0,1234.625,40.5,1,0.75
"<a href=""https://tiktok.com/@ztctmxt"" target=""_blank"">@ztctmxt</a>",57,6,14,1,1,8,0,2485.1,102.2,1,0.5
