"Network","Number of Accounts","Network Density","Network Diameter","Clustering Coefficient","Avg Views","Avg Likes","Avg Comments","Avg Shares","Member Accounts"
1,2,1,19,0,1724.778,39.056,11.111,1.5,"user8236256329966, z1234567417"
2,2,1,9,0,701.75,84.5,11,2.75,"user1049574269225, user5280073810027"
3,15,0.324,29,0.451,7051.979,323.276,3.041,28.697,"fdijc3, be.jkigv, hcodifb, krug011, jtcytxyzey, ubhutfrx, chantalkusch, jdpxorjf, hsozhs6, irdc042, user5626060056906, jfkovj5, luisina.riihimaki, bmc12655, user6922385284275"
4,8,0.679,25,0.74,24747.571,527.831,4.026,7.156,"fuchc053, nendn4309, dhicug, gskpccbd, gckcj4, bfihc, godv7302, pratt_movie"
5,2,1,8,0,1044,42.071,0.714,4.714,"itdh8557, aed7290"
6,8,0.464,28,0.562,3250.289,99.355,1.474,1.316,"coicbf, anaxagoras.harlen, aedhdici, jeiofifuhd, aedyckctu, cirila.mccorkle, fiutfvjj, usixidbd"
7,2,1,9,0,2059.947,35.737,0.579,0.421,"bbfj54, user5203530187060"
8,4,0.5,25,0,15945.622,426.189,2.162,2.541,"fjgr86434, fuddg743, huaka.loams, gdsd888"
9,3,0.667,16,0,1781.357,93,1.893,4.536,"fjggds0808, aefhkddh, jfshjfd9530"
10,2,1,8,0,71280,3434.947,21.632,148.947,"vdudb33, samsilas1994"
11,3,0.667,16,0,21409.111,1028.963,12.111,6.111,"ferdinandbecky1982, vicblack0504, estherwebb1225"
12,4,1,18,1,11345.128,164.077,2.205,2.513,"hshjrg8647, fauy8466, hdr86575, jfdd653"
13,4,0.667,17,0.6,1285.65,50.575,0.625,0.25,"calvinwhitman1014, fannybach2010, aed2977, ghcdax"
14,4,0.5,24,0,4098.722,100.722,3.111,1.833,"hhhhh777777852, elvistrevelyan0204, finishthemovie3, duvfyh1"
15,3,0.667,16,0,6682.231,141.154,3.308,8.923,"mapleswishesvs, user769357200, fichfj1"
16,3,0.667,19,0,7666.897,243.621,4.172,10,"uftixru, hdjixdj, jdoxhbd"
17,3,0.667,16,0,13177.552,123.828,1.793,2.069,"debran.oxonrp03, aeda1689, lwandiswamsithini"
18,5,0.6,17,0.545,4682.915,73.787,0.83,1.064,"aed75787, aed7p4, aynor.ogawa, aed3660, hoeg.huan"
19,4,0.5,25,0,971.424,39.818,0.576,2.303,"drape.ivoe, thanh.dngp, podra.dessy, skunk.robinsong"
20,2,1,9,0,1131,40.812,0.375,2.438,"stien.lindag, labon.marenm"
21,2,1,8,0,1763,90.125,0.938,0.75,"kokokopi72, warmu.briey"
22,4,0.5,24,0,3153.947,152.079,3.737,4.579,"gskgu2, wty88731wbc, hec88551nva, wys88511u0t"
23,5,0.5,25,0.429,15239.667,358.542,7.438,43.5,"textstyo, svjscsh, wotext, fjjgdvx, you.texts"
24,22,0.195,51,0.351,14492.62,523.898,6.75,15.111,"text690, stoyouh, texts178, rohingyao, text778, sasapco, xxii911, dhcghcb, text.fc, huiodjio, landscape5670, dtkwod, crtyougo, you55668, cagnhd, hxavnxh, sdsdyou, hdryxd, textstory781, weck01, ktsfyh, yourstoryttt"
25,2,1,10,0,3860.9,19.8,0.1,0.4,"fcvbvv57, user2804925460335"
26,2,1,11,0,2947.583,20,0.917,0.5,"user6804783916142, user4474087610054"
27,2,1,9,0,602.667,10.833,0,0,"user7618429121481, tkmr.zqzh"
28,5,0.8,17,0.789,1375.8,70.22,0.64,1.84,"hdididh8, hdkcofh, dutiutx, jfufrehcdh, jdpdosj"
29,2,1,8,0,1777.25,40,3.375,29.375,"user19468614708518, user50065457091245"
30,3,1,26,1,1680.296,38.889,0.444,2.815,"hdbjx72, hsbuz8, fhuc22"
31,2,1,8,0,6177.333,147.75,2.667,1,"g.gy726, wojta.or"
32,3,1,20,1,826.923,13.538,0.308,0.846,"topi.khatun6, monalisa7988, bristy.beb"
33,3,1,25,1,1434.462,23.154,0.154,0.231,"gfg6705, toma.rimi, user240775158"
34,8,0.429,32,0.621,1556.979,33.936,3.362,20.766,"user386963311513, user8653602093025, user6186701630842, user4181021201798, user2903556969068, user6544093258437, user8794483655797, user2932993437321"
35,12,0.348,42,0.63,1336.537,35.496,0.463,0.26,"kuhar.clair6, berez.paulo, burba.robyn, titme, j.ee238, jdbjd335, ggih3179, v.gg395, v.if77, j.uv586, c.ts24, vghf668"
36,6,0.6,36,0.682,1283.283,39.967,0.567,1.5,"jsjx359, jdnjd485, biebuh4, hdhux39, fhvf210, video.of38"
37,4,0.5,27,0,957.87,26,0.261,0.13,"naipom820, ojbkhhh2, isni5392, scoolpodcast"
38,2,1,9,0,31020.333,396,2.5,6.5,"aleo3852, msfsgvsvcsdfsadsa"
39,2,1,8,0,619.364,6.364,0,1.091,"mxcvdsf968, mzcvs991"
40,20,0.316,44,0.613,1068.987,20.632,0.081,0.239,"hidouo, puhrra, bipiqo, abjjvt, cusvtd, idpeoc, lhqitc, tafwwk, bpgarp, eqmhqf, hltuoq, dtbtcc8, cdnkdg, sqifhw, mmlcdg, fsaftn, hdmjwo1, fgffvp, pbpktw, wgslhe"
41,2,1,8,0,553.259,20.519,0.074,0.111,"doiplo1, tiwakp1"
42,6,0.667,24,0.692,2363.606,63.439,0.455,0.424,"bvoo3130, ghhj8554, dijx3903, fhda78402, okay11732, ytrq8081"
43,34,0.166,61,0.398,1069.451,46.865,0.366,0.405,"hrsy60677, ckir91022, ific3756, cjitr2086, hehs5037, gour2295, cjur6297, tiiff4205, hrfj8302, dhhi6645, fnnf8890, eiwv9484, eodn8506, ehgw1916, cjire9104, fiur8444, bffb2489, cjirr8920, gjguq6894, gjus6238, fkur7594, ufsc8075, clirr5282, courr1227, ouou6264, aueh7133, fbgg2395, vkie1837, wgvs9108, urdu9708, jcsie5410, wdoi2427, siev9347, scra5694"
44,3,0.667,16,0,2909.654,82.962,2.462,20.423,"rosantspssu, danaobenkuil, tiffanystory8"
45,2,1,8,0,1007.938,61.438,0.312,0.375,"kangoopre, gmbcuuo"
46,3,0.667,26,0,574.327,59.235,4.653,1.143,"chumi_driver102, yurodriver_120, cutedriver120"
47,2,1,12,0,794.568,73.909,6.955,2.091,"privon14, stylish_queen_120"
48,2,1,10,0,417.146,46.22,3.756,2.122,"areplan_driver120, cutequeen_driver120"
49,2,1,12,0,667.75,16.167,0,0.25,"bzsksk1, user9398178519308"
50,3,0.667,18,0,2051.333,72.722,0.556,0.5,"4hjgdjj, 2thgkvjd, heheb8964"
51,2,1,11,0,2550.611,82.611,0.889,0.167,"mjbwysq6, wevbocr"
52,3,1,10,1,1441.815,46.63,0.296,0.222,"jdjsbs94, juarezbent, vxissvsb"
53,3,0.667,16,0,584.385,11.038,0.308,0.038,"naivevy, 41ghqq, cjdfndrh"
54,3,0.667,16,0,3348.577,165.577,1.654,1.577,"hsisbzzv, g.in.cgn, hzjsjs897"
55,2,1,8,0,711.706,23.882,0.882,0.118,"ciucfyictci, kenworthyhoo"
56,2,1,8,0,1445.722,87.722,0.889,0.5,"cjdeub, cjdjfcn"
57,2,1,8,0,2105.2,93.2,0.733,0.333,"ivfqjqo2, ztctmxt"
58,6,0.533,34,0.6,44015.2,1297.433,17.15,15.183,"oljclk, ljpjvh, hwvrok, pdilul, htjzwe4, refine74"
59,2,1,9,0,1029.933,63.2,0.533,0.733,"bxjxhxt, avelina.asucen"
60,6,0.4,43,0.429,2164.264,83.434,0.811,0.377,"nqkwvc, maemeg7, leoraf9, afpkjk, nhllos8, fteecfs"
61,2,1,8,0,1042,38.857,0.857,0.571,"cucu17645, zdogz60"
62,2,1,8,0,836.2,26.533,1,0.4,"strom.jos, ncjfhyrsdj"
63,2,1,9,0,779.143,33.929,0.571,0.286,"cigcgict, snoshsj"
64,4,0.5,30,0,90729.097,3000.484,23,21.129,"evfdmzl, nzohwh, oxkops7, bixukf"
65,3,0.667,22,0,1496.667,54.148,0.704,0.407,"kdywnty, awmilke, xcwvym2"
66,2,1,8,0,500,9,0.077,0,"1djjvsjb, user65678173790314"
67,2,1,11,0,1153.875,47.375,1.125,0.375,"agrahamagraham, xin20241035"
68,2,1,17,0,5582.222,159.667,10.056,1.667,"bdbdchhd, mdsdz2"
69,6,0.4,20,0.25,1822.723,57.532,0.851,2.191,"user6171047885852, puayes55, baifamm13, ggycyxr, eternally36, user9262051903981"
70,5,0.4,26,0,696.27,54.351,0.838,0.189,"user62212983630457, jubal_movie, ryllskayazeng, ryllskayalife7, china_reddit"
71,2,1,9,0,683.833,20.833,0.333,0,"pushover0, user82701638414170"
72,2,1,9,0,1214.5,39.833,0.333,0.333,"odhduha, reedditsttoriies88"
