"Account","Network","Unique Shares","Avg Time Between Shares (sec)","Edge Symmetry Score","Degree","Strength","Betweenness","Avg Views","Avg Likes","Avg Comments","Avg Shares"
"<a href=""https://tiktok.com/@.prince.sahin"" target=""_blank"">@.prince.sahin</a>",4,18,63.612,0.75,4,27,0.05,159.781,58.219,0,4.281
"<a href=""https://tiktok.com/@hamimahmed835"" target=""_blank"">@hamimahmed835</a>",2,1,49.25,1,1,4,0,10.5,7.5,0,0
"<a href=""https://tiktok.com/@hasibur.....rahman1"" target=""_blank"">@hasibur.....rahman1</a>",1,1,61,0.667,1,3,0,224.25,100.25,1.5,1.75
"<a href=""https://tiktok.com/@hfhgff58x"" target=""_blank"">@hfhgff58x</a>",3,1,59.333,0.667,1,3,0,62,27,0,1.5
"<a href=""https://tiktok.com/@md.titu205"" target=""_blank"">@md.titu205</a>",2,2,80.333,0.667,1,3,0,100.333,23.333,3.667,3.333
"<a href=""https://tiktok.com/@mdiqbals14"" target=""_blank"">@mdiqbals14</a>",1,13,61,0.667,1,3,0,365.091,156.182,1.682,1.318
"<a href=""https://tiktok.com/@mdmagad73"" target=""_blank"">@mdmagad73</a>",4,1,62.167,0.6,1,6,0,57,24,2.5,1.5
"<a href=""https://tiktok.com/@ndmiraj23"" target=""_blank"">@ndmiraj23</a>",2,2,49.25,1,1,4,0,208.667,76.333,1.667,0.667
"<a href=""https://tiktok.com/@nishatnishu382720"" target=""_blank"">@nishatnishu382720</a>",2,2,46.667,0.667,1,3,0,134.5,50.5,1,0
"<a href=""https://tiktok.com/@ojana.kosto6"" target=""_blank"">@ojana.kosto6</a>",4,2,71,0.5,1,4,0,120.75,58,0.75,0.5
"<a href=""https://tiktok.com/@samin7742"" target=""_blank"">@samin7742</a>",2,3,70.667,0.333,1,3,0,130.333,35,1,1.333
"<a href=""https://tiktok.com/@shohidul8060"" target=""_blank"">@shohidul8060</a>",2,16,61.729,0.667,5,17,0.083,85.615,37.923,0,0.308
"<a href=""https://tiktok.com/@skfaruk425"" target=""_blank"">@skfaruk425</a>",4,5,54.2,1,1,5,0,73.25,29.917,1.75,0.333
"<a href=""https://tiktok.com/@user5455368479075"" target=""_blank"">@user5455368479075</a>",3,9,59.333,0.667,1,3,0,283.529,103,2.706,2.471
"<a href=""https://tiktok.com/@user5699597151255"" target=""_blank"">@user5699597151255</a>",5,6,62.375,0.667,1,8,0,104.833,51.667,1,0.167
"<a href=""https://tiktok.com/@user769780951"" target=""_blank"">@user769780951</a>",4,13,67.083,0.9,1,12,0,122.682,48.727,1.318,1.136
"<a href=""https://tiktok.com/@v10emon_"" target=""_blank"">@v10emon_</a>",5,5,62.375,0.667,1,8,0,142.167,49,2,4.667
