"Post URL","Network","Author","Timestamp","Number of Accounts","Views","Likes","Comments","Shares","Description"
"<a href=""https://www.tiktok.com/@mdiqbals14/video/7482053639578733842"" target=""_blank"" class=""btn btn-sm"" style=""background-color: #00926c; color: white; text-decoration: none; padding: 2px 8px; border-radius: 4px; font-size: 0.8em;"">View Post</a>",1,"mdiqbals14",2025-03-15 15:09:30,8,364,182,0,2,"#duet with @ইসলামিক ভিডিও 🕋🕋 #ইসলামিক_ভিডিও_🤲🕋🤲 "
"<a href=""https://www.tiktok.com/@mdiqbals14/video/7482053360854732040"" target=""_blank"" class=""btn btn-sm"" style=""background-color: #00926c; color: white; text-decoration: none; padding: 2px 8px; border-radius: 4px; font-size: 0.8em;"">View Post</a>",1,"mdiqbals14",2025-03-15 15:08:25,8,372,146,1,1,"#duet with @ইসলামিক ভিডিও 🕋🕋 #ইসলামিক_ভিডিও_🤲🕋🤲 "
"<a href=""https://www.tiktok.com/@mdmagad73/video/7482011316127943943"" target=""_blank"" class=""btn btn-sm"" style=""background-color: #00926c; color: white; text-decoration: none; padding: 2px 8px; border-radius: 4px; font-size: 0.8em;"">View Post</a>",4,"mdmagad73",2025-03-15 12:25:16,8,68,26,2,3,"#duet with @ইসলামিক ভিডিও 🕋🕋 #ইসলামিক_ভিডিও_🤲🕋🤲 "
"<a href=""https://www.tiktok.com/@mdiqbals14/video/7482001922002603282"" target=""_blank"" class=""btn btn-sm"" style=""background-color: #00926c; color: white; text-decoration: none; padding: 2px 8px; border-radius: 4px; font-size: 0.8em;"">View Post</a>",1,"mdiqbals14",2025-03-15 11:48:48,8,323,137,1,0,"#duet with @ইসলামিক ভিডিও 🕋🕋 #ইসলামিক_ভিডিও_🤲🕋🤲 "
"<a href=""https://www.tiktok.com/@mdiqbals14/video/7481982210241727751"" target=""_blank"" class=""btn btn-sm"" style=""background-color: #00926c; color: white; text-decoration: none; padding: 2px 8px; border-radius: 4px; font-size: 0.8em;"">View Post</a>",1,"mdiqbals14",2025-03-15 10:32:18,8,348,130,2,0,"#duet with @ইসলামিক ভিডিও 🕋🕋 #ইসলামিক_ভিডিও_🤲🕋🤲 "
"<a href=""https://www.tiktok.com/@mdiqbals14/video/7481981809207577874"" target=""_blank"" class=""btn btn-sm"" style=""background-color: #00926c; color: white; text-decoration: none; padding: 2px 8px; border-radius: 4px; font-size: 0.8em;"">View Post</a>",1,"mdiqbals14",2025-03-15 10:30:45,8,362,149,2,3,"#duet with @ইসলামিক ভিডিও 🕋🕋 #ইসলামিক_ভিডিও_🤲🕋🤲 "
"<a href=""https://www.tiktok.com/@mdiqbals14/video/7481928240718810376"" target=""_blank"" class=""btn btn-sm"" style=""background-color: #00926c; color: white; text-decoration: none; padding: 2px 8px; border-radius: 4px; font-size: 0.8em;"">View Post</a>",1,"mdiqbals14",2025-03-15 07:02:54,8,370,159,3,3,"#duet with @ইসলামিক ভিডিও 🕋🕋 #ইসলামিক_ভিডিও_🤲🕋🤲 "
"<a href=""https://www.tiktok.com/@md.titu205/video/7481878085307092232"" target=""_blank"" class=""btn btn-sm"" style=""background-color: #00926c; color: white; text-decoration: none; padding: 2px 8px; border-radius: 4px; font-size: 0.8em;"">View Post</a>",2,"md.titu205",2025-03-15 03:48:18,8,149,38,8,5,"#duet with @ইসলামিক ভিডিও 🕋🕋 #ইসলামিক_ভিডিও_🤲🕋🤲 "
"<a href=""https://www.tiktok.com/@user769780951/video/7481789222337187090"" target=""_blank"" class=""btn btn-sm"" style=""background-color: #00926c; color: white; text-decoration: none; padding: 2px 8px; border-radius: 4px; font-size: 0.8em;"">View Post</a>",4,"user769780951",2025-03-14 22:03:32,8,119,36,1,2,"#duet with @ইসলামিক ভিডিও 🕋🕋 #ইসলামিক_ভিডিও_🤲🕋🤲 "
"<a href=""https://www.tiktok.com/@user769780951/video/7481714209034751250"" target=""_blank"" class=""btn btn-sm"" style=""background-color: #00926c; color: white; text-decoration: none; padding: 2px 8px; border-radius: 4px; font-size: 0.8em;"">View Post</a>",4,"user769780951",2025-03-14 17:12:21,8,147,60,1,0,"#duet with @ইসলামিক ভিডিও 🕋🕋 #ইসলামিক_ভিডিও_🤲🕋🤲 "
"<a href=""https://www.tiktok.com/@user5455368479075/video/7481713178334776583"" target=""_blank"" class=""btn btn-sm"" style=""background-color: #00926c; color: white; text-decoration: none; padding: 2px 8px; border-radius: 4px; font-size: 0.8em;"">View Post</a>",3,"user5455368479075",2025-03-14 17:08:21,8,87,41,2,3,"#duet with @ইসলামিক ভিডিও 🕋🕋 #ইসলামিক_ভিডিও_🤲🕋🤲 "
"<a href=""https://www.tiktok.com/@user769780951/video/7481692391661964562"" target=""_blank"" class=""btn btn-sm"" style=""background-color: #00926c; color: white; text-decoration: none; padding: 2px 8px; border-radius: 4px; font-size: 0.8em;"">View Post</a>",4,"user769780951",2025-03-14 15:47:41,8,142,48,1,1,"#duet with @ইসলামিক ভিডিও 🕋🕋 #ইসলামিক_ভিডিও_🤲🕋🤲 "
"<a href=""https://www.tiktok.com/@hamimahmed835/video/7481682226619419912"" target=""_blank"" class=""btn btn-sm"" style=""background-color: #00926c; color: white; text-decoration: none; padding: 2px 8px; border-radius: 4px; font-size: 0.8em;"">View Post</a>",2,"hamimahmed835",2025-03-14 15:08:12,8,7,7,0,0,"#duet with @ইসলামিক ভিডিও 🕋🕋 #ইসলামিক_ভিডিও_🤲🕋🤲 "
"<a href=""https://www.tiktok.com/@mdiqbals14/video/7481673273504271623"" target=""_blank"" class=""btn btn-sm"" style=""background-color: #00926c; color: white; text-decoration: none; padding: 2px 8px; border-radius: 4px; font-size: 0.8em;"">View Post</a>",1,"mdiqbals14",2025-03-14 14:33:29,8,386,151,2,0,"#duet with @ইসলামিক ভিডিও 🕋🕋 #ইসলামিক_ভিডিও_🤲🕋🤲 "
"<a href=""https://www.tiktok.com/@skfaruk425/video/7481654129610427666"" target=""_blank"" class=""btn btn-sm"" style=""background-color: #00926c; color: white; text-decoration: none; padding: 2px 8px; border-radius: 4px; font-size: 0.8em;"">View Post</a>",4,"skfaruk425",2025-03-14 13:19:12,8,55,24,1,1,"#duet with @ইসলামিক ভিডিও 🕋🕋 #ইসলামিক_ভিডিও_🤲🕋🤲 "
"<a href=""https://www.tiktok.com/@skfaruk425/video/7481653999733591303"" target=""_blank"" class=""btn btn-sm"" style=""background-color: #00926c; color: white; text-decoration: none; padding: 2px 8px; border-radius: 4px; font-size: 0.8em;"">View Post</a>",4,"skfaruk425",2025-03-14 13:18:40,8,133,56,1,0,"#duet with @ইসলামিক ভিডিও 🕋🕋 #ইসলামিক_ভিডিও_🤲🕋🤲 "
"<a href=""https://www.tiktok.com/@shohidul8060/video/7481646686012443912"" target=""_blank"" class=""btn btn-sm"" style=""background-color: #00926c; color: white; text-decoration: none; padding: 2px 8px; border-radius: 4px; font-size: 0.8em;"">View Post</a>",2,"shohidul8060",2025-03-14 12:50:17,8,62,25,0,0,"#duet with @ইসলামিক ভিডিও 🕋🕋 #ইসলামিক_ভিডিও_🤲🕋🤲 "
"<a href=""https://www.tiktok.com/@md.titu205/video/7481630085255154952"" target=""_blank"" class=""btn btn-sm"" style=""background-color: #00926c; color: white; text-decoration: none; padding: 2px 8px; border-radius: 4px; font-size: 0.8em;"">View Post</a>",2,"md.titu205",2025-03-14 11:45:54,8,135,24,1,2,"#duet with @ইসলামিক ভিডিও 🕋🕋 #ইসলামিক_ভিডিও_🤲🕋🤲 "
"<a href=""https://www.tiktok.com/@user769780951/video/7481621327753841938"" target=""_blank"" class=""btn btn-sm"" style=""background-color: #00926c; color: white; text-decoration: none; padding: 2px 8px; border-radius: 4px; font-size: 0.8em;"">View Post</a>",4,"user769780951",2025-03-14 11:11:55,8,17,5,0,0,"#duet with @ইসলামিক ভিডিও 🕋🕋 #ইসলামিক_ভিডিও_🤲🕋🤲 "
"<a href=""https://www.tiktok.com/@shohidul8060/video/7481606164380273927"" target=""_blank"" class=""btn btn-sm"" style=""background-color: #00926c; color: white; text-decoration: none; padding: 2px 8px; border-radius: 4px; font-size: 0.8em;"">View Post</a>",2,"shohidul8060",2025-03-14 10:13:04,8,119,46,0,2,"#duet with @ইসলামিক ভিডিও 🕋🕋 #ইসলামিক_ভিডিও_🤲🕋🤲 "
"<a href=""https://www.tiktok.com/@shohidul8060/video/7481605522844617992"" target=""_blank"" class=""btn btn-sm"" style=""background-color: #00926c; color: white; text-decoration: none; padding: 2px 8px; border-radius: 4px; font-size: 0.8em;"">View Post</a>",2,"shohidul8060",2025-03-14 10:10:34,8,142,58,0,0,"#duet with @ইসলামিক ভিডিও 🕋🕋 #ইসলামিক_ভিডিও_🤲🕋🤲 "
"<a href=""https://www.tiktok.com/@shohidul8060/video/7481604171683187976"" target=""_blank"" class=""btn btn-sm"" style=""background-color: #00926c; color: white; text-decoration: none; padding: 2px 8px; border-radius: 4px; font-size: 0.8em;"">View Post</a>",2,"shohidul8060",2025-03-14 10:05:21,8,59,26,0,0,"#duet with @ইসলামিক ভিডিও 🕋🕋 #ইসলামিক_ভিডিও_🤲🕋🤲 "
"<a href=""https://www.tiktok.com/@shohidul8060/video/7481603445443611912"" target=""_blank"" class=""btn btn-sm"" style=""background-color: #00926c; color: white; text-decoration: none; padding: 2px 8px; border-radius: 4px; font-size: 0.8em;"">View Post</a>",2,"shohidul8060",2025-03-14 10:02:30,8,127,45,0,1,"#duet with @ইসলামিক ভিডিও 🕋🕋 #ইসলামিক_ভিডিও_🤲🕋🤲 "
"<a href=""https://www.tiktok.com/@shohidul8060/video/7481603045369990407"" target=""_blank"" class=""btn btn-sm"" style=""background-color: #00926c; color: white; text-decoration: none; padding: 2px 8px; border-radius: 4px; font-size: 0.8em;"">View Post</a>",2,"shohidul8060",2025-03-14 10:00:57,8,38,23,0,0,"#duet with @ইসলামিক ভিডিও 🕋🕋 #ইসলামিক_ভিডিও_🤲🕋🤲 "
"<a href=""https://www.tiktok.com/@shohidul8060/video/7481602656985730322"" target=""_blank"" class=""btn btn-sm"" style=""background-color: #00926c; color: white; text-decoration: none; padding: 2px 8px; border-radius: 4px; font-size: 0.8em;"">View Post</a>",2,"shohidul8060",2025-03-14 09:59:27,8,127,59,0,0,"#duet with @ইসলামিক ভিডিও 🕋🕋 #ইসলামিক_ভিডিও_🤲🕋🤲 "
"<a href=""https://www.tiktok.com/@shohidul8060/video/7481602042134269192"" target=""_blank"" class=""btn btn-sm"" style=""background-color: #00926c; color: white; text-decoration: none; padding: 2px 8px; border-radius: 4px; font-size: 0.8em;"">View Post</a>",2,"shohidul8060",2025-03-14 09:57:02,8,127,42,0,0,"#duet with @ইসলামিক ভিডিও 🕋🕋 #ইসলামিক_ভিডিও_🤲🕋🤲 "
"<a href=""https://www.tiktok.com/@shohidul8060/video/7481601694585916690"" target=""_blank"" class=""btn btn-sm"" style=""background-color: #00926c; color: white; text-decoration: none; padding: 2px 8px; border-radius: 4px; font-size: 0.8em;"">View Post</a>",2,"shohidul8060",2025-03-14 09:55:42,8,43,24,0,0,"#duet with @ইসলামিক ভিডিও 🕋🕋 #ইসলামিক_ভিডিও_🤲🕋🤲 "
"<a href=""https://www.tiktok.com/@shohidul8060/video/7481601356206181639"" target=""_blank"" class=""btn btn-sm"" style=""background-color: #00926c; color: white; text-decoration: none; padding: 2px 8px; border-radius: 4px; font-size: 0.8em;"">View Post</a>",2,"shohidul8060",2025-03-14 09:54:24,8,131,54,0,0,"#duet with @ইসলামিক ভিডিও 🕋🕋 #ইসলামিক_ভিডিও_🤲🕋🤲 "
"<a href=""https://www.tiktok.com/@mdiqbals14/video/7481595656910687496"" target=""_blank"" class=""btn btn-sm"" style=""background-color: #00926c; color: white; text-decoration: none; padding: 2px 8px; border-radius: 4px; font-size: 0.8em;"">View Post</a>",1,"mdiqbals14",2025-03-14 09:32:18,8,356,150,2,0,"#duet with @ইসলামিক ভিডিও 🕋🕋 #ইসলামিক_ভিডিও_🤲🕋🤲 "
"<a href=""https://www.tiktok.com/@mdiqbals14/video/7481595384926653703"" target=""_blank"" class=""btn btn-sm"" style=""background-color: #00926c; color: white; text-decoration: none; padding: 2px 8px; border-radius: 4px; font-size: 0.8em;"">View Post</a>",1,"mdiqbals14",2025-03-14 09:31:13,8,331,157,2,0,"#duet with @ইসলামিক ভিডিও 🕋🕋 #ইসলামিক_ভিডিও_🤲🕋🤲 "
"<a href=""https://www.tiktok.com/@mdiqbals14/video/7481584200131284231"" target=""_blank"" class=""btn btn-sm"" style=""background-color: #00926c; color: white; text-decoration: none; padding: 2px 8px; border-radius: 4px; font-size: 0.8em;"">View Post</a>",1,"mdiqbals14",2025-03-14 08:47:49,8,359,165,2,1,"#duet with @ইসলামিক ভিডিও 🕋🕋 #ইসলামিক_ভিডিও_🤲🕋🤲 "
"<a href=""https://www.tiktok.com/@mdiqbals14/video/7481583127136193810"" target=""_blank"" class=""btn btn-sm"" style=""background-color: #00926c; color: white; text-decoration: none; padding: 2px 8px; border-radius: 4px; font-size: 0.8em;"">View Post</a>",1,"mdiqbals14",2025-03-14 08:43:42,8,373,139,3,0,"#duet with @ইসলামিক ভিডিও 🕋🕋 #ইসলামিক_ভিডিও_🤲🕋🤲 "
"<a href=""https://www.tiktok.com/@hfhgff58x/video/7481566292483263765"" target=""_blank"" class=""btn btn-sm"" style=""background-color: #00926c; color: white; text-decoration: none; padding: 2px 8px; border-radius: 4px; font-size: 0.8em;"">View Post</a>",3,"hfhgff58x",2025-03-14 07:38:27,8,3,0,0,0,"#duet with @ইসলামিক ভিডিও 🕋🕋 #ইসলামিক_ভিডিও_🤲🕋🤲 "
"<a href=""https://www.tiktok.com/@user5455368479075/video/7481563678395911431"" target=""_blank"" class=""btn btn-sm"" style=""background-color: #00926c; color: white; text-decoration: none; padding: 2px 8px; border-radius: 4px; font-size: 0.8em;"">View Post</a>",3,"user5455368479075",2025-03-14 07:28:15,8,409,163,6,2,"#duet with @ইসলামিক ভিডিও 🕋🕋 #ইসলামিক_ভিডিও_🤲🕋🤲 "
"<a href=""https://www.tiktok.com/@user5455368479075/video/7481563263189126408"" target=""_blank"" class=""btn btn-sm"" style=""background-color: #00926c; color: white; text-decoration: none; padding: 2px 8px; border-radius: 4px; font-size: 0.8em;"">View Post</a>",3,"user5455368479075",2025-03-14 07:26:34,8,61,31,2,0,"#duet with @ইসলামিক ভিডিও 🕋🕋 #ইসলামিক_ভিডিও_🤲🕋🤲 "
"<a href=""https://www.tiktok.com/@user5455368479075/video/7481562848418745608"" target=""_blank"" class=""btn btn-sm"" style=""background-color: #00926c; color: white; text-decoration: none; padding: 2px 8px; border-radius: 4px; font-size: 0.8em;"">View Post</a>",3,"user5455368479075",2025-03-14 07:24:59,8,63,30,6,1,"#duet with @ইসলামিক ভিডিও 🕋🕋 #ইসলামিক_ভিডিও_🤲🕋🤲 "
"<a href=""https://www.tiktok.com/@user5455368479075/video/7481562522252856583"" target=""_blank"" class=""btn btn-sm"" style=""background-color: #00926c; color: white; text-decoration: none; padding: 2px 8px; border-radius: 4px; font-size: 0.8em;"">View Post</a>",3,"user5455368479075",2025-03-14 07:23:44,8,374,130,1,1,"#duet with @ইসলামিক ভিডিও 🕋🕋 #ইসলামিক_ভিডিও_🤲🕋🤲 "
"<a href=""https://www.tiktok.com/@user5455368479075/video/7481562232480943368"" target=""_blank"" class=""btn btn-sm"" style=""background-color: #00926c; color: white; text-decoration: none; padding: 2px 8px; border-radius: 4px; font-size: 0.8em;"">View Post</a>",3,"user5455368479075",2025-03-14 07:22:35,8,364,135,0,0,"#duet with @ইসলামিক ভিডিও 🕋🕋 #ইসলামিক_ভিডিও_🤲🕋🤲 "
"<a href=""https://www.tiktok.com/@user5455368479075/video/7481561958588697874"" target=""_blank"" class=""btn btn-sm"" style=""background-color: #00926c; color: white; text-decoration: none; padding: 2px 8px; border-radius: 4px; font-size: 0.8em;"">View Post</a>",3,"user5455368479075",2025-03-14 07:21:31,8,361,157,4,4,"#duet with @ইসলামিক ভিডিও 🕋🕋 #ইসলামিক_ভিডিও_🤲🕋🤲 "
"<a href=""https://www.tiktok.com/@hfhgff58x/video/7481561851990527240"" target=""_blank"" class=""btn btn-sm"" style=""background-color: #00926c; color: white; text-decoration: none; padding: 2px 8px; border-radius: 4px; font-size: 0.8em;"">View Post</a>",3,"hfhgff58x",2025-03-14 07:21:18,8,121,54,0,3,"#duet with @ইসলামিক ভিডিও 🕋🕋 #ইসলামিক_ভিডিও_🤲🕋🤲 "
"<a href=""https://www.tiktok.com/@user5455368479075/video/7481561511261949192"" target=""_blank"" class=""btn btn-sm"" style=""background-color: #00926c; color: white; text-decoration: none; padding: 2px 8px; border-radius: 4px; font-size: 0.8em;"">View Post</a>",3,"user5455368479075",2025-03-14 07:19:50,8,371,100,1,0,"#duet with @ইসলামিক ভিডিও 🕋🕋 #ইসলামিক_ভিডিও_🤲🕋🤲 "
"<a href=""https://www.tiktok.com/@user5455368479075/video/7481561193123974408"" target=""_blank"" class=""btn btn-sm"" style=""background-color: #00926c; color: white; text-decoration: none; padding: 2px 8px; border-radius: 4px; font-size: 0.8em;"">View Post</a>",3,"user5455368479075",2025-03-14 07:18:33,8,390,115,2,2,"#duet with @ইসলামিক ভিডিও 🕋🕋 #ইসলামিক_ভিডিও_🤲🕋🤲 "
"<a href=""https://www.tiktok.com/@shohidul8060/video/7481537608699464968"" target=""_blank"" class=""btn btn-sm"" style=""background-color: #00926c; color: white; text-decoration: none; padding: 2px 8px; border-radius: 4px; font-size: 0.8em;"">View Post</a>",2,"shohidul8060",2025-03-14 05:47:04,8,55,20,0,0,"#duet with @ইসলামিক ভিডিও 🕋🕋 #ইসলামিক_ভিডিও_🤲🕋🤲 "
"<a href=""https://www.tiktok.com/@user5699597151255/video/7481522167138618632"" target=""_blank"" class=""btn btn-sm"" style=""background-color: #00926c; color: white; text-decoration: none; padding: 2px 8px; border-radius: 4px; font-size: 0.8em;"">View Post</a>",5,"user5699597151255",2025-03-14 04:47:09,8,89,46,0,0,"#duet with @ইসলামিক ভিডিও 🕋🕋 #ইসলামিক_ভিডিও_🤲🕋🤲 "
"<a href=""https://www.tiktok.com/@user5699597151255/video/7481521748114951431"" target=""_blank"" class=""btn btn-sm"" style=""background-color: #00926c; color: white; text-decoration: none; padding: 2px 8px; border-radius: 4px; font-size: 0.8em;"">View Post</a>",5,"user5699597151255",2025-03-14 04:45:31,8,100,54,4,0,"#duet with @ইসলামিক ভিডিও 🕋🕋 #ইসলামিক_ভিডিও_🤲🕋🤲 "
"<a href=""https://www.tiktok.com/@user5699597151255/video/7481521566036135176"" target=""_blank"" class=""btn btn-sm"" style=""background-color: #00926c; color: white; text-decoration: none; padding: 2px 8px; border-radius: 4px; font-size: 0.8em;"">View Post</a>",5,"user5699597151255",2025-03-14 04:44:50,8,77,47,0,1,"#duet with @ইসলামিক ভিডিও 🕋🕋 #ইসলামিক_ভিডিও_🤲🕋🤲 "
"<a href=""https://www.tiktok.com/@user5699597151255/video/7481521322120695058"" target=""_blank"" class=""btn btn-sm"" style=""background-color: #00926c; color: white; text-decoration: none; padding: 2px 8px; border-radius: 4px; font-size: 0.8em;"">View Post</a>",5,"user5699597151255",2025-03-14 04:43:51,8,208,86,1,0,"#duet with @ইসলামিক ভিডিও 🕋🕋 #ইসলামিক_ভিডিও_🤲🕋🤲 "
"<a href=""https://www.tiktok.com/@v10emon_/video/7481521235764038930"" target=""_blank"" class=""btn btn-sm"" style=""background-color: #00926c; color: white; text-decoration: none; padding: 2px 8px; border-radius: 4px; font-size: 0.8em;"">View Post</a>",5,"v10emon_",2025-03-14 04:43:34,8,147,43,1,7,"#duet with @ইসলামিক ভিডিও 🕋🕋 #ইসলামিক_ভিডিও_🤲🕋🤲 "
"<a href=""https://www.tiktok.com/@user5699597151255/video/7481521126753996039"" target=""_blank"" class=""btn btn-sm"" style=""background-color: #00926c; color: white; text-decoration: none; padding: 2px 8px; border-radius: 4px; font-size: 0.8em;"">View Post</a>",5,"user5699597151255",2025-03-14 04:43:04,8,76,38,0,0,"#duet with @ইসলামিক ভিডিও 🕋🕋 #ইসলামিক_ভিডিও_🤲🕋🤲 "
"<a href=""https://www.tiktok.com/@v10emon_/video/7481520875766959367"" target=""_blank"" class=""btn btn-sm"" style=""background-color: #00926c; color: white; text-decoration: none; padding: 2px 8px; border-radius: 4px; font-size: 0.8em;"">View Post</a>",5,"v10emon_",2025-03-14 04:42:08,8,147,41,2,15,"#duet with @ইসলামিক ভিডিও 🕋🕋 #ইসলামিক_ভিডিও_🤲🕋🤲 "
"<a href=""https://www.tiktok.com/@user5699597151255/video/7481520850819304722"" target=""_blank"" class=""btn btn-sm"" style=""background-color: #00926c; color: white; text-decoration: none; padding: 2px 8px; border-radius: 4px; font-size: 0.8em;"">View Post</a>",5,"user5699597151255",2025-03-14 04:42:01,8,79,39,1,0,"#duet with @ইসলামিক ভিডিও 🕋🕋 #ইসলামিক_ভিডিও_🤲🕋🤲 "
"<a href=""https://www.tiktok.com/@user769780951/video/7481503286655192338"" target=""_blank"" class=""btn btn-sm"" style=""background-color: #00926c; color: white; text-decoration: none; padding: 2px 8px; border-radius: 4px; font-size: 0.8em;"">View Post</a>",4,"user769780951",2025-03-14 03:33:51,8,166,69,1,0,"#duet with @ইসলামিক ভিডিও 🕋🕋 #ইসলামিক_ভিডিও_🤲🕋🤲 "
"<a href=""https://www.tiktok.com/@user5455368479075/video/7481501670308859154"" target=""_blank"" class=""btn btn-sm"" style=""background-color: #00926c; color: white; text-decoration: none; padding: 2px 8px; border-radius: 4px; font-size: 0.8em;"">View Post</a>",3,"user5455368479075",2025-03-14 03:27:37,8,375,120,3,0,"#duet with @ইসলামিক ভিডিও 🕋🕋 #ইসলামিক_ভিডিও_🤲🕋🤲 "
"<a href=""https://www.tiktok.com/@user769780951/video/7481492609874136338"" target=""_blank"" class=""btn btn-sm"" style=""background-color: #00926c; color: white; text-decoration: none; padding: 2px 8px; border-radius: 4px; font-size: 0.8em;"">View Post</a>",4,"user769780951",2025-03-14 02:52:30,8,122,60,1,0,"#duet with @ইসলামিক ভিডিও 🕋🕋 #ইসলামিক_ভিডিও_🤲🕋🤲 "
"<a href=""https://www.tiktok.com/@skfaruk425/video/7481469943033253137"" target=""_blank"" class=""btn btn-sm"" style=""background-color: #00926c; color: white; text-decoration: none; padding: 2px 8px; border-radius: 4px; font-size: 0.8em;"">View Post</a>",4,"skfaruk425",2025-03-14 01:24:41,8,121,52,2,0,"#duet with @ইসলামিক ভিডিও 🕋🕋 #ইসলামিক_ভিডিও_🤲🕋🤲 "
"<a href=""https://www.tiktok.com/@skfaruk425/video/7481451323582434568"" target=""_blank"" class=""btn btn-sm"" style=""background-color: #00926c; color: white; text-decoration: none; padding: 2px 8px; border-radius: 4px; font-size: 0.8em;"">View Post</a>",4,"skfaruk425",2025-03-14 00:12:13,8,121,46,3,2,"#duet with @ইসলামিক ভিডিও 🕋🕋 #ইসলামিক_ভিডিও_🤲🕋🤲 "
"<a href=""https://www.tiktok.com/@skfaruk425/video/7481451274370665735"" target=""_blank"" class=""btn btn-sm"" style=""background-color: #00926c; color: white; text-decoration: none; padding: 2px 8px; border-radius: 4px; font-size: 0.8em;"">View Post</a>",4,"skfaruk425",2025-03-14 00:12:01,8,122,46,3,1,"#duet with @ইসলামিক ভিডিও 🕋🕋 #ইসলামিক_ভিডিও_🤲🕋🤲 "
"<a href=""https://www.tiktok.com/@skfaruk425/video/7481450838444100882"" target=""_blank"" class=""btn btn-sm"" style=""background-color: #00926c; color: white; text-decoration: none; padding: 2px 8px; border-radius: 4px; font-size: 0.8em;"">View Post</a>",4,"skfaruk425",2025-03-14 00:10:21,8,13,6,1,0,"#duet with @ইসলামিক ভিডিও 🕋🕋 #ইসলামিক_ভিডিও_🤲🕋🤲 "
"<a href=""https://www.tiktok.com/@skfaruk425/video/7481450305184386312"" target=""_blank"" class=""btn btn-sm"" style=""background-color: #00926c; color: white; text-decoration: none; padding: 2px 8px; border-radius: 4px; font-size: 0.8em;"">View Post</a>",4,"skfaruk425",2025-03-14 00:08:17,8,121,49,2,0,"#duet with @ইসলামিক ভিডিও 🕋🕋 #ইসলামিক_ভিডিও_🤲🕋🤲 "
"<a href=""https://www.tiktok.com/@.prince.sahin/video/7481428641310625041"" target=""_blank"" class=""btn btn-sm"" style=""background-color: #00926c; color: white; text-decoration: none; padding: 2px 8px; border-radius: 4px; font-size: 0.8em;"">View Post</a>",4,".prince.sahin",2025-03-13 22:44:21,8,19,6,0,1,"#duet with @ইসলামিক ভিডিও 🕋🕋 #ইসলামিক_ভিডিও_🤲🕋🤲 "
"<a href=""https://www.tiktok.com/@.prince.sahin/video/7481428401518038289"" target=""_blank"" class=""btn btn-sm"" style=""background-color: #00926c; color: white; text-decoration: none; padding: 2px 8px; border-radius: 4px; font-size: 0.8em;"">View Post</a>",4,".prince.sahin",2025-03-13 22:43:23,8,22,4,0,0,"#duet with @ইসলামিক ভিডিও 🕋🕋 #ইসলামিক_ভিডিও_🤲🕋🤲 "
"<a href=""https://www.tiktok.com/@user769780951/video/7481427386949520647"" target=""_blank"" class=""btn btn-sm"" style=""background-color: #00926c; color: white; text-decoration: none; padding: 2px 8px; border-radius: 4px; font-size: 0.8em;"">View Post</a>",4,"user769780951",2025-03-13 22:39:21,8,191,62,2,1,"#duet with @ইসলামিক ভিডিও 🕋🕋 #ইসলামিক_ভিডিও_🤲🕋🤲 "
"<a href=""https://www.tiktok.com/@.prince.sahin/video/7481403354275499265"" target=""_blank"" class=""btn btn-sm"" style=""background-color: #00926c; color: white; text-decoration: none; padding: 2px 8px; border-radius: 4px; font-size: 0.8em;"">View Post</a>",4,".prince.sahin",2025-03-13 21:06:18,8,242,110,0,1,"#duet with @ইসলামিক ভিডিও 🕋🕋 #ইসলামিক_ভিডিও_🤲🕋🤲 "
"<a href=""https://www.tiktok.com/@.prince.sahin/video/7481401294771604737"" target=""_blank"" class=""btn btn-sm"" style=""background-color: #00926c; color: white; text-decoration: none; padding: 2px 8px; border-radius: 4px; font-size: 0.8em;"">View Post</a>",4,".prince.sahin",2025-03-13 20:58:18,8,246,85,0,0,"#duet with @ইসলামিক ভিডিও 🕋🕋 #ইসলামিক_ভিডিও_🤲🕋🤲 "
"<a href=""https://www.tiktok.com/@.prince.sahin/video/7481401094703156481"" target=""_blank"" class=""btn btn-sm"" style=""background-color: #00926c; color: white; text-decoration: none; padding: 2px 8px; border-radius: 4px; font-size: 0.8em;"">View Post</a>",4,".prince.sahin",2025-03-13 20:57:27,8,253,101,0,1,"#duet with @ইসলামিক ভিডিও 🕋🕋 #ইসলামিক_ভিডিও_🤲🕋🤲 "
"<a href=""https://www.tiktok.com/@user5455368479075/video/7481383016535772434"" target=""_blank"" class=""btn btn-sm"" style=""background-color: #00926c; color: white; text-decoration: none; padding: 2px 8px; border-radius: 4px; font-size: 0.8em;"">View Post</a>",3,"user5455368479075",2025-03-13 19:47:11,8,343,116,1,3,"#duet with @ইসলামিক ভিডিও 🕋🕋 #ইসলামিক_ভিডিও_🤲🕋🤲 "
"<a href=""https://www.tiktok.com/@.prince.sahin/video/7481327021310659841"" target=""_blank"" class=""btn btn-sm"" style=""background-color: #00926c; color: white; text-decoration: none; padding: 2px 8px; border-radius: 4px; font-size: 0.8em;"">View Post</a>",4,".prince.sahin",2025-03-13 16:10:00,8,237,68,0,19,"#duet with @ইসলামিক ভিডিও 🕋🕋 #ইসলামিক_ভিডিও_🤲🕋🤲 "
"<a href=""https://www.tiktok.com/@.prince.sahin/video/7481326507961437441"" target=""_blank"" class=""btn btn-sm"" style=""background-color: #00926c; color: white; text-decoration: none; padding: 2px 8px; border-radius: 4px; font-size: 0.8em;"">View Post</a>",4,".prince.sahin",2025-03-13 16:08:01,8,260,95,0,1,"#duet with @ইসলামিক ভিডিও 🕋🕋 #ইসলামিক_ভিডিও_🤲🕋🤲 "
"<a href=""https://www.tiktok.com/@.prince.sahin/video/7481325940568608001"" target=""_blank"" class=""btn btn-sm"" style=""background-color: #00926c; color: white; text-decoration: none; padding: 2px 8px; border-radius: 4px; font-size: 0.8em;"">View Post</a>",4,".prince.sahin",2025-03-13 16:05:47,8,26,11,0,0,"#duet with @ইসলামিক ভিডিও 🕋🕋 #ইসলামিক_ভিডিও_🤲🕋🤲 "
"<a href=""https://www.tiktok.com/@skfaruk425/video/7481325807495892231"" target=""_blank"" class=""btn btn-sm"" style=""background-color: #00926c; color: white; text-decoration: none; padding: 2px 8px; border-radius: 4px; font-size: 0.8em;"">View Post</a>",4,"skfaruk425",2025-03-13 16:05:09,8,30,11,0,0,"#duet with @ইসলামিক ভিডিও 🕋🕋 #ইসলামিক_ভিডিও_🤲🕋🤲 "
"<a href=""https://www.tiktok.com/@skfaruk425/video/7481325513936506119"" target=""_blank"" class=""btn btn-sm"" style=""background-color: #00926c; color: white; text-decoration: none; padding: 2px 8px; border-radius: 4px; font-size: 0.8em;"">View Post</a>",4,"skfaruk425",2025-03-13 16:03:58,8,35,16,2,0,"#duet with @ইসলামিক ভিডিও 🕋🕋 #ইসলামিক_ভিডিও_🤲🕋🤲 "
"<a href=""https://www.tiktok.com/@.prince.sahin/video/7481325442897677569"" target=""_blank"" class=""btn btn-sm"" style=""background-color: #00926c; color: white; text-decoration: none; padding: 2px 8px; border-radius: 4px; font-size: 0.8em;"">View Post</a>",4,".prince.sahin",2025-03-13 16:03:52,8,260,94,0,1,"#duet with @ইসলামিক ভিডিও 🕋🕋 #ইসলামিক_ভিডিও_🤲🕋🤲 "
"<a href=""https://www.tiktok.com/@skfaruk425/video/7481325306771655944"" target=""_blank"" class=""btn btn-sm"" style=""background-color: #00926c; color: white; text-decoration: none; padding: 2px 8px; border-radius: 4px; font-size: 0.8em;"">View Post</a>",4,"skfaruk425",2025-03-13 16:03:11,8,25,11,0,0,"#duet with @ইসলামিক ভিডিও 🕋🕋 #ইসলামিক_ভিডিও_🤲🕋🤲 "
"<a href=""https://www.tiktok.com/@skfaruk425/video/7481317258845834503"" target=""_blank"" class=""btn btn-sm"" style=""background-color: #00926c; color: white; text-decoration: none; padding: 2px 8px; border-radius: 4px; font-size: 0.8em;"">View Post</a>",4,"skfaruk425",2025-03-13 15:31:59,8,49,20,2,0,"#duet with @ইসলামিক ভিডিও 🕋🕋 #ইসলামিক_ভিডিও_🤲🕋🤲 "
"<a href=""https://www.tiktok.com/@mdiqbals14/video/7481316977537993991"" target=""_blank"" class=""btn btn-sm"" style=""background-color: #00926c; color: white; text-decoration: none; padding: 2px 8px; border-radius: 4px; font-size: 0.8em;"">View Post</a>",1,"mdiqbals14",2025-03-13 15:30:52,8,387,161,1,0,"#duet with @ইসলামিক ভিডিও 🕋🕋 #ইসলামিক_ভিডিও_🤲🕋🤲 "
"<a href=""https://www.tiktok.com/@samin7742/video/7481314937764056338"" target=""_blank"" class=""btn btn-sm"" style=""background-color: #00926c; color: white; text-decoration: none; padding: 2px 8px; border-radius: 4px; font-size: 0.8em;"">View Post</a>",2,"samin7742",2025-03-13 15:22:56,8,127,37,1,1,"#duet with @ইসলামিক ভিডিও 🕋🕋 #ইসলামিক_ভিডিও_🤲🕋🤲 "
"<a href=""https://www.tiktok.com/@user5455368479075/video/7481314508103781639"" target=""_blank"" class=""btn btn-sm"" style=""background-color: #00926c; color: white; text-decoration: none; padding: 2px 8px; border-radius: 4px; font-size: 0.8em;"">View Post</a>",3,"user5455368479075",2025-03-13 15:21:16,8,392,122,3,1,"#duet with @ইসলামিক ভিডিও 🕋🕋 #ইসলামিক_ভিডিও_🤲🕋🤲 "
"<a href=""https://www.tiktok.com/@user769780951/video/7481314122051652871"" target=""_blank"" class=""btn btn-sm"" style=""background-color: #00926c; color: white; text-decoration: none; padding: 2px 8px; border-radius: 4px; font-size: 0.8em;"">View Post</a>",4,"user769780951",2025-03-13 15:19:45,8,134,55,0,5,"#duet with @ইসলামিক ভিডিও 🕋🕋 #ইসলামিক_ভিডিও_🤲🕋🤲 "
"<a href=""https://www.tiktok.com/@user5455368479075/video/7481312747292986642"" target=""_blank"" class=""btn btn-sm"" style=""background-color: #00926c; color: white; text-decoration: none; padding: 2px 8px; border-radius: 4px; font-size: 0.8em;"">View Post</a>",3,"user5455368479075",2025-03-13 15:14:27,8,55,26,3,15,"#duet with @ইসলামিক ভিডিও 🕋🕋 #ইসলামিক_ভিডিও_🤲🕋🤲 "
"<a href=""https://www.tiktok.com/@mdiqbals14/video/7481305887777328402"" target=""_blank"" class=""btn btn-sm"" style=""background-color: #00926c; color: white; text-decoration: none; padding: 2px 8px; border-radius: 4px; font-size: 0.8em;"">View Post</a>",1,"mdiqbals14",2025-03-13 14:47:49,8,384,193,2,0,"#duet with @ইসলামিক ভিডিও 🕋🕋 #ইসলামিক_ভিডিও_🤲🕋🤲 "
"<a href=""https://www.tiktok.com/@mdiqbals14/video/7481304874702032146"" target=""_blank"" class=""btn btn-sm"" style=""background-color: #00926c; color: white; text-decoration: none; padding: 2px 8px; border-radius: 4px; font-size: 0.8em;"">View Post</a>",1,"mdiqbals14",2025-03-13 14:43:52,8,403,167,1,0,"#duet with @ইসলামিক ভিডিও 🕋🕋 #ইসলামিক_ভিডিও_🤲🕋🤲 "
"<a href=""https://www.tiktok.com/@user769780951/video/7481302714283003144"" target=""_blank"" class=""btn btn-sm"" style=""background-color: #00926c; color: white; text-decoration: none; padding: 2px 8px; border-radius: 4px; font-size: 0.8em;"">View Post</a>",4,"user769780951",2025-03-13 14:35:31,8,123,46,2,0,"#duet with @ইসলামিক ভিডিও 🕋🕋 #ইসলামিক_ভিডিও_🤲🕋🤲 "
"<a href=""https://www.tiktok.com/@.prince.sahin/video/7481302521340874000"" target=""_blank"" class=""btn btn-sm"" style=""background-color: #00926c; color: white; text-decoration: none; padding: 2px 8px; border-radius: 4px; font-size: 0.8em;"">View Post</a>",4,".prince.sahin",2025-03-13 14:34:55,8,263,104,0,0,"#duet with @ইসলামিক ভিডিও 🕋🕋 #ইসলামিক_ভিডিও_🤲🕋🤲 "
"<a href=""https://www.tiktok.com/@.prince.sahin/video/7481302349923765520"" target=""_blank"" class=""btn btn-sm"" style=""background-color: #00926c; color: white; text-decoration: none; padding: 2px 8px; border-radius: 4px; font-size: 0.8em;"">View Post</a>",4,".prince.sahin",2025-03-13 14:34:11,8,25,8,0,0,"#duet with @ইসলামিক ভিডিও 🕋🕋 #ইসলামিক_ভিডিও_🤲🕋🤲 "
"<a href=""https://www.tiktok.com/@.prince.sahin/video/7481302191391788305"" target=""_blank"" class=""btn btn-sm"" style=""background-color: #00926c; color: white; text-decoration: none; padding: 2px 8px; border-radius: 4px; font-size: 0.8em;"">View Post</a>",4,".prince.sahin",2025-03-13 14:33:37,8,21,4,0,0,"#duet with @ইসলামিক ভিডিও 🕋🕋 #ইসলামিক_ভিডিও_🤲🕋🤲 "
"<a href=""https://www.tiktok.com/@user5455368479075/video/7481297186392018194"" target=""_blank"" class=""btn btn-sm"" style=""background-color: #00926c; color: white; text-decoration: none; padding: 2px 8px; border-radius: 4px; font-size: 0.8em;"">View Post</a>",3,"user5455368479075",2025-03-13 14:14:04,8,300,147,3,3,"#duet with @ইসলামিক ভিডিও 🕋🕋 #ইসলামিক_ভিডিও_🤲🕋🤲 "
"<a href=""https://www.tiktok.com/@user5455368479075/video/7481296740662906119"" target=""_blank"" class=""btn btn-sm"" style=""background-color: #00926c; color: white; text-decoration: none; padding: 2px 8px; border-radius: 4px; font-size: 0.8em;"">View Post</a>",3,"user5455368479075",2025-03-13 14:12:19,8,391,133,3,0,"#duet with @ইসলামিক ভিডিও 🕋🕋 #ইসলামিক_ভিডিও_🤲🕋🤲 "
"<a href=""https://www.tiktok.com/@user769780951/video/7481295886602013960"" target=""_blank"" class=""btn btn-sm"" style=""background-color: #00926c; color: white; text-decoration: none; padding: 2px 8px; border-radius: 4px; font-size: 0.8em;"">View Post</a>",4,"user769780951",2025-03-13 14:09:01,8,154,53,1,0,"#duet with @ইসলামিক ভিডিও 🕋🕋 #ইসলামিক_ভিডিও_🤲🕋🤲 "
"<a href=""https://www.tiktok.com/@mdiqbals14/video/7481292853239549191"" target=""_blank"" class=""btn btn-sm"" style=""background-color: #00926c; color: white; text-decoration: none; padding: 2px 8px; border-radius: 4px; font-size: 0.8em;"">View Post</a>",1,"mdiqbals14",2025-03-13 13:57:15,8,393,146,0,0,"#duet with @ইসলামিক ভিডিও 🕋🕋 #ইসলামিক_ভিডিও_🤲🕋🤲 "
"<a href=""https://www.tiktok.com/@samin7742/video/7481291518351854856"" target=""_blank"" class=""btn btn-sm"" style=""background-color: #00926c; color: white; text-decoration: none; padding: 2px 8px; border-radius: 4px; font-size: 0.8em;"">View Post</a>",2,"samin7742",2025-03-13 13:52:03,8,131,27,1,0,"#duet with @ইসলামিক ভিডিও 🕋🕋 #ইসলামিক_ভিডিও_🤲🕋🤲 "
"<a href=""https://www.tiktok.com/@nishatnishu382720/video/7481291115853827336"" target=""_blank"" class=""btn btn-sm"" style=""background-color: #00926c; color: white; text-decoration: none; padding: 2px 8px; border-radius: 4px; font-size: 0.8em;"">View Post</a>",2,"nishatnishu382720",2025-03-13 13:50:29,8,259,97,2,0,"#duet with @ইসলামিক ভিডিও 🕋🕋 #ইসলামিক_ভিডিও_🤲🕋🤲 "
"<a href=""https://www.tiktok.com/@skfaruk425/video/7481288983335423240"" target=""_blank"" class=""btn btn-sm"" style=""background-color: #00926c; color: white; text-decoration: none; padding: 2px 8px; border-radius: 4px; font-size: 0.8em;"">View Post</a>",4,"skfaruk425",2025-03-13 13:42:13,8,54,22,4,0,"#duet with @ইসলামিক ভিডিও 🕋🕋 #ইসলামিক_ভিডিও_🤲🕋🤲 "
"<a href=""https://www.tiktok.com/@shohidul8060/video/7481286267636927751"" target=""_blank"" class=""btn btn-sm"" style=""background-color: #00926c; color: white; text-decoration: none; padding: 2px 8px; border-radius: 4px; font-size: 0.8em;"">View Post</a>",2,"shohidul8060",2025-03-13 13:31:40,8,70,22,0,0,"#duet with @ইসলামিক ভিডিও 🕋🕋 #ইসলামিক_ভিডিও_🤲🕋🤲 "
"<a href=""https://www.tiktok.com/@shohidul8060/video/7481285945690574098"" target=""_blank"" class=""btn btn-sm"" style=""background-color: #00926c; color: white; text-decoration: none; padding: 2px 8px; border-radius: 4px; font-size: 0.8em;"">View Post</a>",2,"shohidul8060",2025-03-13 13:30:28,8,126,62,0,1,"#duet with @ইসলামিক ভিডিও 🕋🕋 #ইসলামিক_ভিডিও_🤲🕋🤲 "
"<a href=""https://www.tiktok.com/@shohidul8060/video/7481285750051376391"" target=""_blank"" class=""btn btn-sm"" style=""background-color: #00926c; color: white; text-decoration: none; padding: 2px 8px; border-radius: 4px; font-size: 0.8em;"">View Post</a>",2,"shohidul8060",2025-03-13 13:29:40,8,50,23,0,0,"#duet with @ইসলামিক ভিডিও 🕋🕋 #ইসলামিক_ভিডিও_🤲🕋🤲 "
"<a href=""https://www.tiktok.com/@ndmiraj23/video/7481285653754350866"" target=""_blank"" class=""btn btn-sm"" style=""background-color: #00926c; color: white; text-decoration: none; padding: 2px 8px; border-radius: 4px; font-size: 0.8em;"">View Post</a>",2,"ndmiraj23",2025-03-13 13:29:18,8,137,44,2,1,"#duet with @ইসলামিক ভিডিও 🕋🕋 #ইসলামিক_ভিডিও_🤲🕋🤲 "
"<a href=""https://www.tiktok.com/@hamimahmed835/video/7481285644841520402"" target=""_blank"" class=""btn btn-sm"" style=""background-color: #00926c; color: white; text-decoration: none; padding: 2px 8px; border-radius: 4px; font-size: 0.8em;"">View Post</a>",2,"hamimahmed835",2025-03-13 13:29:16,8,14,8,0,0,"#duet with @ইসলামিক ভিডিও 🕋🕋 #ইসলামিক_ভিডিও_🤲🕋🤲 "
"<a href=""https://www.tiktok.com/@shohidul8060/video/7481285525098335506"" target=""_blank"" class=""btn btn-sm"" style=""background-color: #00926c; color: white; text-decoration: none; padding: 2px 8px; border-radius: 4px; font-size: 0.8em;"">View Post</a>",2,"shohidul8060",2025-03-13 13:28:48,8,51,23,0,0,"#duet with @ইসলামিক ভিডিও 🕋🕋 #ইসলামিক_ভিডিও_🤲🕋🤲 "
"<a href=""https://www.tiktok.com/@shohidul8060/video/7481285334551121159"" target=""_blank"" class=""btn btn-sm"" style=""background-color: #00926c; color: white; text-decoration: none; padding: 2px 8px; border-radius: 4px; font-size: 0.8em;"">View Post</a>",2,"shohidul8060",2025-03-13 13:28:03,8,126,55,0,0,"#duet with @ইসলামিক ভিডিও 🕋🕋 #ইসলামিক_ভিডিও_🤲🕋🤲 "
"<a href=""https://www.tiktok.com/@nishatnishu382720/video/7481285170889280776"" target=""_blank"" class=""btn btn-sm"" style=""background-color: #00926c; color: white; text-decoration: none; padding: 2px 8px; border-radius: 4px; font-size: 0.8em;"">View Post</a>",2,"nishatnishu382720",2025-03-13 13:27:26,8,10,4,0,0,"#duet with @ইসলামিক ভিডিও 🕋🕋 #ইসলামিক_ভিডিও_🤲🕋🤲 "
"<a href=""https://www.tiktok.com/@shohidul8060/video/7481285080363650312"" target=""_blank"" class=""btn btn-sm"" style=""background-color: #00926c; color: white; text-decoration: none; padding: 2px 8px; border-radius: 4px; font-size: 0.8em;"">View Post</a>",2,"shohidul8060",2025-03-13 13:27:05,8,39,18,0,0,"#duet with @ইসলামিক ভিডিও 🕋🕋 #ইসলামিক_ভিডিও_🤲🕋🤲 "
"<a href=""https://www.tiktok.com/@samin7742/video/7481285011333762311"" target=""_blank"" class=""btn btn-sm"" style=""background-color: #00926c; color: white; text-decoration: none; padding: 2px 8px; border-radius: 4px; font-size: 0.8em;"">View Post</a>",2,"samin7742",2025-03-13 13:26:48,8,133,41,1,3,"#duet with @ইসলামিক ভিডিও 🕋🕋 #ইসলামিক_ভিডিও_🤲🕋🤲 "
"<a href=""https://www.tiktok.com/@md.titu205/video/7481284895894097160"" target=""_blank"" class=""btn btn-sm"" style=""background-color: #00926c; color: white; text-decoration: none; padding: 2px 8px; border-radius: 4px; font-size: 0.8em;"">View Post</a>",2,"md.titu205",2025-03-13 13:26:21,8,17,8,2,3,"#duet with @ইসলামিক ভিডিও 🕋🕋 #ইসলামিক_ভিডিও_🤲🕋🤲 "
"<a href=""https://www.tiktok.com/@shohidul8060/video/7481284488576699656"" target=""_blank"" class=""btn btn-sm"" style=""background-color: #00926c; color: white; text-decoration: none; padding: 2px 8px; border-radius: 4px; font-size: 0.8em;"">View Post</a>",2,"shohidul8060",2025-03-13 13:24:46,8,134,80,0,0,"#duet with @ইসলামিক ভিডিও 🕋🕋 #ইসলামিক_ভিডিও_🤲🕋🤲 "
"<a href=""https://www.tiktok.com/@user769780951/video/7481284388097953042"" target=""_blank"" class=""btn btn-sm"" style=""background-color: #00926c; color: white; text-decoration: none; padding: 2px 8px; border-radius: 4px; font-size: 0.8em;"">View Post</a>",4,"user769780951",2025-03-13 13:24:23,8,141,65,0,1,"#duet with @ইসলামিক ভিডিও 🕋🕋 #ইসলামিক_ভিডিও_🤲🕋🤲 "
"<a href=""https://www.tiktok.com/@.prince.sahin/video/7481284264961559825"" target=""_blank"" class=""btn btn-sm"" style=""background-color: #00926c; color: white; text-decoration: none; padding: 2px 8px; border-radius: 4px; font-size: 0.8em;"">View Post</a>",4,".prince.sahin",2025-03-13 13:24:03,8,30,4,0,1,"#duet with @ইসলামিক ভিডিও 🕋🕋 #ইসলামিক_ভিডিও_🤲🕋🤲 "
"<a href=""https://www.tiktok.com/@.prince.sahin/video/7481284029464038673"" target=""_blank"" class=""btn btn-sm"" style=""background-color: #00926c; color: white; text-decoration: none; padding: 2px 8px; border-radius: 4px; font-size: 0.8em;"">View Post</a>",4,".prince.sahin",2025-03-13 13:23:10,8,34,10,0,1,"#duet with @ইসলামিক ভিডিও 🕋🕋 #ইসলামিক_ভিডিও_🤲🕋🤲 "
"<a href=""https://www.tiktok.com/@user769780951/video/7481283741793488146"" target=""_blank"" class=""btn btn-sm"" style=""background-color: #00926c; color: white; text-decoration: none; padding: 2px 8px; border-radius: 4px; font-size: 0.8em;"">View Post</a>",4,"user769780951",2025-03-13 13:21:53,8,202,82,1,5,"#duet with @ইসলামিক ভিডিও 🕋🕋 #ইসলামিক_ভিডিও_🤲🕋🤲 "
"<a href=""https://www.tiktok.com/@.prince.sahin/video/7481283315689884929"" target=""_blank"" class=""btn btn-sm"" style=""background-color: #00926c; color: white; text-decoration: none; padding: 2px 8px; border-radius: 4px; font-size: 0.8em;"">View Post</a>",4,".prince.sahin",2025-03-13 13:20:19,8,278,120,0,1,"#duet with @ইসলামিক ভিডিও 🕋🕋 #ইসলামিক_ভিডিও_🤲🕋🤲 "
"<a href=""https://www.tiktok.com/@user769780951/video/7481283270152342791"" target=""_blank"" class=""btn btn-sm"" style=""background-color: #00926c; color: white; text-decoration: none; padding: 2px 8px; border-radius: 4px; font-size: 0.8em;"">View Post</a>",4,"user769780951",2025-03-13 13:20:04,8,111,53,1,0,"#duet with @ইসলামিক ভিডিও 🕋🕋 #ইসলামিক_ভিডিও_🤲🕋🤲 "
"<a href=""https://www.tiktok.com/@ojana.kosto6/video/7481283092066372871"" target=""_blank"" class=""btn btn-sm"" style=""background-color: #00926c; color: white; text-decoration: none; padding: 2px 8px; border-radius: 4px; font-size: 0.8em;"">View Post</a>",4,"ojana.kosto6",2025-03-13 13:19:21,8,136,67,1,0,"#duet with @ইসলামিক ভিডিও 🕋🕋 #ইসলামিক_ভিডিও_🤲🕋🤲 "
"<a href=""https://www.tiktok.com/@.prince.sahin/video/7481282908460748049"" target=""_blank"" class=""btn btn-sm"" style=""background-color: #00926c; color: white; text-decoration: none; padding: 2px 8px; border-radius: 4px; font-size: 0.8em;"">View Post</a>",4,".prince.sahin",2025-03-13 13:18:49,8,39,10,0,1,"#duet with @ইসলামিক ভিডিও 🕋🕋 #ইসলামিক_ভিডিও_🤲🕋🤲 "
"<a href=""https://www.tiktok.com/@.prince.sahin/video/7481282667112090897"" target=""_blank"" class=""btn btn-sm"" style=""background-color: #00926c; color: white; text-decoration: none; padding: 2px 8px; border-radius: 4px; font-size: 0.8em;"">View Post</a>",4,".prince.sahin",2025-03-13 13:17:52,8,24,5,0,1,"#duet with @ইসলামিক ভিডিও 🕋🕋 #ইসলামিক_ভিডিও_🤲🕋🤲 "
"<a href=""https://www.tiktok.com/@.prince.sahin/video/7481282605590121729"" target=""_blank"" class=""btn btn-sm"" style=""background-color: #00926c; color: white; text-decoration: none; padding: 2px 8px; border-radius: 4px; font-size: 0.8em;"">View Post</a>",4,".prince.sahin",2025-03-13 13:17:36,8,277,104,0,1,"#duet with @ইসলামিক ভিডিও 🕋🕋 #ইসলামিক_ভিডিও_🤲🕋🤲 "
"<a href=""https://www.tiktok.com/@user769780951/video/7481282445615156498"" target=""_blank"" class=""btn btn-sm"" style=""background-color: #00926c; color: white; text-decoration: none; padding: 2px 8px; border-radius: 4px; font-size: 0.8em;"">View Post</a>",4,"user769780951",2025-03-13 13:16:52,8,155,77,2,1,"#duet with @ইসলামিক ভিডিও 🕋🕋 #ইসলামিক_ভিডিও_🤲🕋🤲 "
"<a href=""https://www.tiktok.com/@.prince.sahin/video/7481281759510842625"" target=""_blank"" class=""btn btn-sm"" style=""background-color: #00926c; color: white; text-decoration: none; padding: 2px 8px; border-radius: 4px; font-size: 0.8em;"">View Post</a>",4,".prince.sahin",2025-03-13 13:14:17,8,258,82,0,0,"#duet with @ইসলামিক ভিডিও 🕋🕋 #ইসলামিক_ভিডিও_🤲🕋🤲 "
"<a href=""https://www.tiktok.com/@.prince.sahin/video/7481281712446573840"" target=""_blank"" class=""btn btn-sm"" style=""background-color: #00926c; color: white; text-decoration: none; padding: 2px 8px; border-radius: 4px; font-size: 0.8em;"">View Post</a>",4,".prince.sahin",2025-03-13 13:14:08,8,242,100,0,2,"#duet with @ইসলামিক ভিডিও 🕋🕋 #ইসলামিক_ভিডিও_🤲🕋🤲 "
"<a href=""https://www.tiktok.com/@.prince.sahin/video/7481281510511791377"" target=""_blank"" class=""btn btn-sm"" style=""background-color: #00926c; color: white; text-decoration: none; padding: 2px 8px; border-radius: 4px; font-size: 0.8em;"">View Post</a>",4,".prince.sahin",2025-03-13 13:13:20,8,252,93,0,0,"#duet with @ইসলামিক ভিডিও 🕋🕋 #ইসলামিক_ভিডিও_🤲🕋🤲 "
"<a href=""https://www.tiktok.com/@.prince.sahin/video/7481281398997863696"" target=""_blank"" class=""btn btn-sm"" style=""background-color: #00926c; color: white; text-decoration: none; padding: 2px 8px; border-radius: 4px; font-size: 0.8em;"">View Post</a>",4,".prince.sahin",2025-03-13 13:12:56,8,294,118,0,1,"#duet with @ইসলামিক ভিডিও 🕋🕋 #ইসলামিক_ভিডিও_🤲🕋🤲 "
"<a href=""https://www.tiktok.com/@mdmagad73/video/7481281355318447367"" target=""_blank"" class=""btn btn-sm"" style=""background-color: #00926c; color: white; text-decoration: none; padding: 2px 8px; border-radius: 4px; font-size: 0.8em;"">View Post</a>",4,"mdmagad73",2025-03-13 13:12:37,8,46,22,3,0,"#duet with @ইসলামিক ভিডিও 🕋🕋 #ইসলামিক_ভিডিও_🤲🕋🤲 "
"<a href=""https://www.tiktok.com/@.prince.sahin/video/7481281224925924625"" target=""_blank"" class=""btn btn-sm"" style=""background-color: #00926c; color: white; text-decoration: none; padding: 2px 8px; border-radius: 4px; font-size: 0.8em;"">View Post</a>",4,".prince.sahin",2025-03-13 13:12:14,8,262,110,0,0,"#duet with @ইসলামিক ভিডিও 🕋🕋 #ইসলামিক_ভিডিও_🤲🕋🤲 "
"<a href=""https://www.tiktok.com/@.prince.sahin/video/7481280910399130881"" target=""_blank"" class=""btn btn-sm"" style=""background-color: #00926c; color: white; text-decoration: none; padding: 2px 8px; border-radius: 4px; font-size: 0.8em;"">View Post</a>",4,".prince.sahin",2025-03-13 13:11:00,8,261,88,0,5,"#duet with @ইসলামিক ভিডিও 🕋🕋 #ইসলামিক_ভিডিও_🤲🕋🤲 "
"<a href=""https://www.tiktok.com/@mdiqbals14/video/7481280266535767303"" target=""_blank"" class=""btn btn-sm"" style=""background-color: #00926c; color: white; text-decoration: none; padding: 2px 8px; border-radius: 4px; font-size: 0.8em;"">View Post</a>",1,"mdiqbals14",2025-03-13 13:08:24,8,411,187,3,8,"#duet with @ইসলামিক ভিডিও 🕋🕋 #ইসলামিক_ভিডিও_🤲🕋🤲 "
"<a href=""https://www.tiktok.com/@.prince.sahin/video/7481280044606721297"" target=""_blank"" class=""btn btn-sm"" style=""background-color: #00926c; color: white; text-decoration: none; padding: 2px 8px; border-radius: 4px; font-size: 0.8em;"">View Post</a>",4,".prince.sahin",2025-03-13 13:07:39,8,264,85,0,1,"#duet with @ইসলামিক ভিডিও 🕋🕋 #ইসলামিক_ভিডিও_🤲🕋🤲 "
"<a href=""https://www.tiktok.com/@v10emon_/video/7481260003735702791"" target=""_blank"" class=""btn btn-sm"" style=""background-color: #00926c; color: white; text-decoration: none; padding: 2px 8px; border-radius: 4px; font-size: 0.8em;"">View Post</a>",5,"v10emon_",2025-03-13 11:49:46,8,129,50,2,1,"#duet with @ইসলামিক ভিডিও 🕋🕋 #ইসলামিক_ভিডিও_🤲🕋🤲 "
"<a href=""https://www.tiktok.com/@v10emon_/video/7481259654748704007"" target=""_blank"" class=""btn btn-sm"" style=""background-color: #00926c; color: white; text-decoration: none; padding: 2px 8px; border-radius: 4px; font-size: 0.8em;"">View Post</a>",5,"v10emon_",2025-03-13 11:48:26,8,131,52,2,1,"#duet with @ইসলামিক ভিডিও 🕋🕋 #ইসলামিক_ভিডিও_🤲🕋🤲 "
"<a href=""https://www.tiktok.com/@mdiqbals14/video/7481256233111129352"" target=""_blank"" class=""btn btn-sm"" style=""background-color: #00926c; color: white; text-decoration: none; padding: 2px 8px; border-radius: 4px; font-size: 0.8em;"">View Post</a>",1,"mdiqbals14",2025-03-13 11:35:08,8,329,141,2,0,"#duet with @ইসলামিক ভিডিও 🕋🕋 #ইসলামিক_ভিডিও_🤲🕋🤲 "
"<a href=""https://www.tiktok.com/@mdiqbals14/video/7481255249995451666"" target=""_blank"" class=""btn btn-sm"" style=""background-color: #00926c; color: white; text-decoration: none; padding: 2px 8px; border-radius: 4px; font-size: 0.8em;"">View Post</a>",1,"mdiqbals14",2025-03-13 11:31:19,8,358,152,1,0,"#duet with @ইসলামিক ভিডিও 🕋🕋 #ইসলামিক_ভিডিও_🤲🕋🤲 "
"<a href=""https://www.tiktok.com/@user769780951/video/7481254873695112456"" target=""_blank"" class=""btn btn-sm"" style=""background-color: #00926c; color: white; text-decoration: none; padding: 2px 8px; border-radius: 4px; font-size: 0.8em;"">View Post</a>",4,"user769780951",2025-03-13 11:29:51,8,2,2,0,0,"#duet with @ইসলামিক ভিডিও 🕋🕋 #ইসলামিক_ভিডিও_🤲🕋🤲 "
"<a href=""https://www.tiktok.com/@ndmiraj23/video/7481250946404617490"" target=""_blank"" class=""btn btn-sm"" style=""background-color: #00926c; color: white; text-decoration: none; padding: 2px 8px; border-radius: 4px; font-size: 0.8em;"">View Post</a>",2,"ndmiraj23",2025-03-13 11:14:37,8,119,29,1,0,"#duet with @ইসলামিক ভিডিও 🕋🕋 #ইসলামিক_ভিডিও_🤲🕋🤲 "
"<a href=""https://www.tiktok.com/@mdiqbals14/video/7481241605165337874"" target=""_blank"" class=""btn btn-sm"" style=""background-color: #00926c; color: white; text-decoration: none; padding: 2px 8px; border-radius: 4px; font-size: 0.8em;"">View Post</a>",1,"mdiqbals14",2025-03-13 10:38:22,8,364,175,2,4,"#duet with @ইসলামিক ভিডিও 🕋🕋 #ইসলামিক_ভিডিও_🤲🕋🤲 "
"<a href=""https://www.tiktok.com/@mdiqbals14/video/7481241206555479303"" target=""_blank"" class=""btn btn-sm"" style=""background-color: #00926c; color: white; text-decoration: none; padding: 2px 8px; border-radius: 4px; font-size: 0.8em;"">View Post</a>",1,"mdiqbals14",2025-03-13 10:36:49,8,365,167,2,2,"#duet with @ইসলামিক ভিডিও 🕋🕋 #ইসলামিক_ভিডিও_🤲🕋🤲 "
"<a href=""https://www.tiktok.com/@hasibur.....rahman1/video/7481241166571146504"" target=""_blank"" class=""btn btn-sm"" style=""background-color: #00926c; color: white; text-decoration: none; padding: 2px 8px; border-radius: 4px; font-size: 0.8em;"">View Post</a>",1,"hasibur.....rahman1",2025-03-13 10:36:40,8,229,119,1,2,"#duet with @ইসলামিক ভিডিও 🕋🕋 #ইসলামিক_ভিডিও_🤲🕋🤲 "
"<a href=""https://www.tiktok.com/@mdiqbals14/video/7481240857291590920"" target=""_blank"" class=""btn btn-sm"" style=""background-color: #00926c; color: white; text-decoration: none; padding: 2px 8px; border-radius: 4px; font-size: 0.8em;"">View Post</a>",1,"mdiqbals14",2025-03-13 10:35:28,8,344,150,1,2,"#duet with @ইসলামিক ভিডিও 🕋🕋 #ইসলামিক_ভিডিও_🤲🕋🤲 "
"<a href=""https://www.tiktok.com/@shohidul8060/video/7481238460288814343"" target=""_blank"" class=""btn btn-sm"" style=""background-color: #00926c; color: white; text-decoration: none; padding: 2px 8px; border-radius: 4px; font-size: 0.8em;"">View Post</a>",2,"shohidul8060",2025-03-13 10:26:10,8,120,50,0,1,"#duet with @ইসলামিক ভিডিও 🕋🕋 #ইসলামিক_ভিডিও_🤲🕋🤲 "
"<a href=""https://www.tiktok.com/@user769780951/video/7481238211767897352"" target=""_blank"" class=""btn btn-sm"" style=""background-color: #00926c; color: white; text-decoration: none; padding: 2px 8px; border-radius: 4px; font-size: 0.8em;"">View Post</a>",4,"user769780951",2025-03-13 10:25:12,8,140,50,1,1,"#duet with @ইসলামিক ভিডিও 🕋🕋 #ইসলামিক_ভিডিও_🤲🕋🤲 "
"<a href=""https://www.tiktok.com/@mdiqbals14/video/7481217397064617223"" target=""_blank"" class=""btn btn-sm"" style=""background-color: #00926c; color: white; text-decoration: none; padding: 2px 8px; border-radius: 4px; font-size: 0.8em;"">View Post</a>",1,"mdiqbals14",2025-03-13 09:04:29,8,350,132,2,3,"#duet with @ইসলামিক ভিডিও 🕋🕋 #ইসলামিক_ভিডিও_🤲🕋🤲 "
"<a href=""https://www.tiktok.com/@ndmiraj23/video/7481210298800672008"" target=""_blank"" class=""btn btn-sm"" style=""background-color: #00926c; color: white; text-decoration: none; padding: 2px 8px; border-radius: 4px; font-size: 0.8em;"">View Post</a>",2,"ndmiraj23",2025-03-13 08:36:57,8,370,156,2,1,"#duet with @ইসলামিক ভিডিও 🕋🕋 #ইসলামিক_ভিডিও_🤲🕋🤲 "
"<a href=""https://www.tiktok.com/@shohidul8060/video/7481206694379375879"" target=""_blank"" class=""btn btn-sm"" style=""background-color: #00926c; color: white; text-decoration: none; padding: 2px 8px; border-radius: 4px; font-size: 0.8em;"">View Post</a>",2,"shohidul8060",2025-03-13 08:22:56,8,28,16,0,0,"#duet with @ইসলামিক ভিডিও 🕋🕋 #ইসলামিক_ভিডিও_🤲🕋🤲 "
"<a href=""https://www.tiktok.com/@ojana.kosto6/video/7481203512110533896"" target=""_blank"" class=""btn btn-sm"" style=""background-color: #00926c; color: white; text-decoration: none; padding: 2px 8px; border-radius: 4px; font-size: 0.8em;"">View Post</a>",4,"ojana.kosto6",2025-03-13 08:10:35,8,122,67,1,1,"#duet with @ইসলামিক ভিডিও 🕋🕋 #ইসলামিক_ভিডিও_🤲🕋🤲 "
"<a href=""https://www.tiktok.com/@user769780951/video/7481179578174688519"" target=""_blank"" class=""btn btn-sm"" style=""background-color: #00926c; color: white; text-decoration: none; padding: 2px 8px; border-radius: 4px; font-size: 0.8em;"">View Post</a>",4,"user769780951",2025-03-13 06:37:45,8,170,65,1,2,"#duet with @ইসলামিক ভিডিও 🕋🕋 #ইসলামিক_ভিডিও_🤲🕋🤲 "
"<a href=""https://www.tiktok.com/@ojana.kosto6/video/7481178791415450898"" target=""_blank"" class=""btn btn-sm"" style=""background-color: #00926c; color: white; text-decoration: none; padding: 2px 8px; border-radius: 4px; font-size: 0.8em;"">View Post</a>",4,"ojana.kosto6",2025-03-13 06:34:39,8,116,56,0,1,"#duet with @ইসলামিক ভিডিও 🕋🕋 #ইসলামিক_ভিডিও_🤲🕋🤲 "
"<a href=""https://www.tiktok.com/@shohidul8060/video/7481175986407574802"" target=""_blank"" class=""btn btn-sm"" style=""background-color: #00926c; color: white; text-decoration: none; padding: 2px 8px; border-radius: 4px; font-size: 0.8em;"">View Post</a>",2,"shohidul8060",2025-03-13 06:23:48,8,37,22,0,0,"#duet with @ইসলামিক ভিডিও 🕋🕋 #ইসলামিক_ভিডিও_🤲🕋🤲 "
"<a href=""https://www.tiktok.com/@shohidul8060/video/7481174243812609298"" target=""_blank"" class=""btn btn-sm"" style=""background-color: #00926c; color: white; text-decoration: none; padding: 2px 8px; border-radius: 4px; font-size: 0.8em;"">View Post</a>",2,"shohidul8060",2025-03-13 06:17:01,8,50,22,0,0,"#duet with @ইসলামিক ভিডিও 🕋🕋 #ইসলামিক_ভিডিও_🤲🕋🤲 "
"<a href=""https://www.tiktok.com/@shohidul8060/video/7481173951171890440"" target=""_blank"" class=""btn btn-sm"" style=""background-color: #00926c; color: white; text-decoration: none; padding: 2px 8px; border-radius: 4px; font-size: 0.8em;"">View Post</a>",2,"shohidul8060",2025-03-13 06:15:54,8,20,8,0,0,"#duet with @ইসলামিক ভিডিও 🕋🕋 #ইসলামিক_ভিডিও_🤲🕋🤲 "
"<a href=""https://www.tiktok.com/@shohidul8060/video/7481173046384921864"" target=""_blank"" class=""btn btn-sm"" style=""background-color: #00926c; color: white; text-decoration: none; padding: 2px 8px; border-radius: 4px; font-size: 0.8em;"">View Post</a>",2,"shohidul8060",2025-03-13 06:12:22,8,121,54,0,0,"#duet with @ইসলামিক ভিডিও 🕋🕋 #ইসলামিক_ভিডিও_🤲🕋🤲 "
"<a href=""https://www.tiktok.com/@shohidul8060/video/7481172820597280007"" target=""_blank"" class=""btn btn-sm"" style=""background-color: #00926c; color: white; text-decoration: none; padding: 2px 8px; border-radius: 4px; font-size: 0.8em;"">View Post</a>",2,"shohidul8060",2025-03-13 06:11:31,8,112,56,0,0,"#duet with @ইসলামিক ভিডিও 🕋🕋 #ইসলামিক_ভিডিও_🤲🕋🤲 "
"<a href=""https://www.tiktok.com/@shohidul8060/video/7481171701770849543"" target=""_blank"" class=""btn btn-sm"" style=""background-color: #00926c; color: white; text-decoration: none; padding: 2px 8px; border-radius: 4px; font-size: 0.8em;"">View Post</a>",2,"shohidul8060",2025-03-13 06:07:08,8,112,53,0,3,"#duet with @ইসলামিক ভিডিও 🕋🕋 #ইসলামিক_ভিডিও_🤲🕋🤲 "
"<a href=""https://www.tiktok.com/@user769780951/video/7481164776995900679"" target=""_blank"" class=""btn btn-sm"" style=""background-color: #00926c; color: white; text-decoration: none; padding: 2px 8px; border-radius: 4px; font-size: 0.8em;"">View Post</a>",4,"user769780951",2025-03-13 05:40:16,8,8,3,0,0,"#duet with @ইসলামিক ভিডিও 🕋🕋 #ইসলামিক_ভিডিও_🤲🕋🤲 "
"<a href=""https://www.tiktok.com/@user769780951/video/7481151687026068744"" target=""_blank"" class=""btn btn-sm"" style=""background-color: #00926c; color: white; text-decoration: none; padding: 2px 8px; border-radius: 4px; font-size: 0.8em;"">View Post</a>",4,"user769780951",2025-03-13 04:49:28,8,171,71,3,4,"#duet with @ইসলামিক ভিডিও 🕋🕋 #ইসলামিক_ভিডিও_🤲🕋🤲 "
"<a href=""https://www.tiktok.com/@v10emon_/video/7481134676380339474"" target=""_blank"" class=""btn btn-sm"" style=""background-color: #00926c; color: white; text-decoration: none; padding: 2px 8px; border-radius: 4px; font-size: 0.8em;"">View Post</a>",5,"v10emon_",2025-03-13 03:43:29,8,147,50,1,1,"#duet with @ইসলামিক ভিডিও 🕋🕋 #ইসলামিক_ভিডিও_🤲🕋🤲 "
"<a href=""https://www.tiktok.com/@v10emon_/video/7481131346149018888"" target=""_blank"" class=""btn btn-sm"" style=""background-color: #00926c; color: white; text-decoration: none; padding: 2px 8px; border-radius: 4px; font-size: 0.8em;"">View Post</a>",5,"v10emon_",2025-03-13 03:30:33,8,152,58,4,3,"#duet with @ইসলামিক ভিডিও 🕋🕋 #ইসলামিক_ভিডিও_🤲🕋🤲 "
"<a href=""https://www.tiktok.com/@ojana.kosto6/video/7481127462823267592"" target=""_blank"" class=""btn btn-sm"" style=""background-color: #00926c; color: white; text-decoration: none; padding: 2px 8px; border-radius: 4px; font-size: 0.8em;"">View Post</a>",4,"ojana.kosto6",2025-03-13 03:15:28,8,109,42,1,0,"#duet with @ইসলামিক ভিডিও 🕋🕋 #ইসলামিক_ভিডিও_🤲🕋🤲 "
"<a href=""https://www.tiktok.com/@user769780951/video/7481125990639406344"" target=""_blank"" class=""btn btn-sm"" style=""background-color: #00926c; color: white; text-decoration: none; padding: 2px 8px; border-radius: 4px; font-size: 0.8em;"">View Post</a>",4,"user769780951",2025-03-13 03:09:46,8,114,44,1,1,"#duet with @ইসলামিক ভিডিও 🕋🕋 #ইসলামিক_ভিডিও_🤲🕋🤲 "
"<a href=""https://www.tiktok.com/@user769780951/video/7481124424003980562"" target=""_blank"" class=""btn btn-sm"" style=""background-color: #00926c; color: white; text-decoration: none; padding: 2px 8px; border-radius: 4px; font-size: 0.8em;"">View Post</a>",4,"user769780951",2025-03-13 03:03:44,8,170,66,1,1,"#duet with @ইসলামিক ভিডিও 🕋🕋 #ইসলামিক_ভিডিও_🤲🕋🤲 "
"<a href=""https://www.tiktok.com/@.prince.sahin/video/7481056320238406913"" target=""_blank"" class=""btn btn-sm"" style=""background-color: #00926c; color: white; text-decoration: none; padding: 2px 8px; border-radius: 4px; font-size: 0.8em;"">View Post</a>",4,".prince.sahin",2025-03-12 22:40:34,8,134,56,0,15,"#duet with @ইসলামিক ভিডিও 🕋🕋 #ইসলামিক_ভিডিও_🤲🕋🤲 "
"<a href=""https://www.tiktok.com/@.prince.sahin/video/7481055441657613569"" target=""_blank"" class=""btn btn-sm"" style=""background-color: #00926c; color: white; text-decoration: none; padding: 2px 8px; border-radius: 4px; font-size: 0.8em;"">View Post</a>",4,".prince.sahin",2025-03-12 22:37:41,8,127,54,0,14,"#duet with @ইসলামিক ভিডিও 🕋🕋 #ইসলামিক_ভিডিও_🤲🕋🤲 "
"<a href=""https://www.tiktok.com/@.prince.sahin/video/7481055193669405953"" target=""_blank"" class=""btn btn-sm"" style=""background-color: #00926c; color: white; text-decoration: none; padding: 2px 8px; border-radius: 4px; font-size: 0.8em;"">View Post</a>",4,".prince.sahin",2025-03-12 22:36:01,8,132,36,0,13,"#duet with @ইসলামিক ভিডিও 🕋🕋 #ইসলামিক_ভিডিও_🤲🕋🤲 "
"<a href=""https://www.tiktok.com/@.prince.sahin/video/7481054612506578193"" target=""_blank"" class=""btn btn-sm"" style=""background-color: #00926c; color: white; text-decoration: none; padding: 2px 8px; border-radius: 4px; font-size: 0.8em;"">View Post</a>",4,".prince.sahin",2025-03-12 22:34:47,8,35,9,0,12,"#duet with @ইসলামিক ভিডিও 🕋🕋 #ইসলামিক_ভিডিও_🤲🕋🤲 "
"<a href=""https://www.tiktok.com/@.prince.sahin/video/7481054591329635601"" target=""_blank"" class=""btn btn-sm"" style=""background-color: #00926c; color: white; text-decoration: none; padding: 2px 8px; border-radius: 4px; font-size: 0.8em;"">View Post</a>",4,".prince.sahin",2025-03-12 22:34:05,8,134,40,0,12,"#duet with @ইসলামিক ভিডিও 🕋🕋 #ইসলামিক_ভিডিও_🤲🕋🤲 "
"<a href=""https://www.tiktok.com/@.prince.sahin/video/7481054247086263553"" target=""_blank"" class=""btn btn-sm"" style=""background-color: #00926c; color: white; text-decoration: none; padding: 2px 8px; border-radius: 4px; font-size: 0.8em;"">View Post</a>",4,".prince.sahin",2025-03-12 22:33:23,8,136,45,0,10,"#duet with @ইসলামিক ভিডিও 🕋🕋 #ইসলামিক_ভিডিও_🤲🕋🤲 "
"<a href=""https://www.tiktok.com/@.prince.sahin/video/7481054207735287057"" target=""_blank"" class=""btn btn-sm"" style=""background-color: #00926c; color: white; text-decoration: none; padding: 2px 8px; border-radius: 4px; font-size: 0.8em;"">View Post</a>",4,".prince.sahin",2025-03-12 22:32:04,8,26,4,0,22,"#duet with @ইসলামিক ভিডিও 🕋🕋 #ইসলামিক_ভিডিও_🤲🕋🤲 "
"<a href=""https://www.tiktok.com/@user769780951/video/7481048262884035847"" target=""_blank"" class=""btn btn-sm"" style=""background-color: #00926c; color: white; text-decoration: none; padding: 2px 8px; border-radius: 4px; font-size: 0.8em;"">View Post</a>",4,"user769780951",2025-03-12 22:08:14,8,0,0,8,0,"#duet with @ইসলামিক ভিডিও 🕋🕋 #ইসলামিক_ভিডিও_🤲🕋🤲 "
"<a href=""https://www.tiktok.com/@user5455368479075/video/7481036500998655240"" target=""_blank"" class=""btn btn-sm"" style=""background-color: #00926c; color: white; text-decoration: none; padding: 2px 8px; border-radius: 4px; font-size: 0.8em;"">View Post</a>",3,"user5455368479075",2025-03-12 21:22:35,8,60,32,1,1,"#duet with @ইসলামিক ভিডিও 🕋🕋 #ইসলামিক_ভিডিও_🤲🕋🤲 "
"<a href=""https://www.tiktok.com/@user5455368479075/video/7481035774381640968"" target=""_blank"" class=""btn btn-sm"" style=""background-color: #00926c; color: white; text-decoration: none; padding: 2px 8px; border-radius: 4px; font-size: 0.8em;"">View Post</a>",3,"user5455368479075",2025-03-12 21:19:45,8,424,153,5,6,"#duet with @ইসলামিক ভিডিও 🕋🕋 #ইসলামিক_ভিডিও_🤲🕋🤲 "
"<a href=""https://www.tiktok.com/@hasibur.....rahman1/video/7480990971304414482"" target=""_blank"" class=""btn btn-sm"" style=""background-color: #00926c; color: white; text-decoration: none; padding: 2px 8px; border-radius: 4px; font-size: 0.8em;"">View Post</a>",1,"hasibur.....rahman1",2025-03-12 18:25:49,8,231,97,1,1,"#duet with @ইসলামিক ভিডিও 🕋🕋 #ইসলামিক_ভিডিও_🤲🕋🤲 "
"<a href=""https://www.tiktok.com/@hasibur.....rahman1/video/7480990799736376594"" target=""_blank"" class=""btn btn-sm"" style=""background-color: #00926c; color: white; text-decoration: none; padding: 2px 8px; border-radius: 4px; font-size: 0.8em;"">View Post</a>",1,"hasibur.....rahman1",2025-03-12 18:25:12,8,214,85,1,3,"#duet with @ইসলামিক ভিডিও 🕋🕋 #ইসলামিক_ভিডিও_🤲🕋🤲 "
"<a href=""https://www.tiktok.com/@hasibur.....rahman1/video/7480990519959555336"" target=""_blank"" class=""btn btn-sm"" style=""background-color: #00926c; color: white; text-decoration: none; padding: 2px 8px; border-radius: 4px; font-size: 0.8em;"">View Post</a>",1,"hasibur.....rahman1",2025-03-12 18:24:06,8,223,100,3,1,"#duet with @ইসলামিক ভিডিও 🕋🕋 #ইসলামিক_ভিডিও_🤲🕋🤲 "
