"Network","Number of Accounts","Network Density","Network Diameter","Clustering Coefficient","Avg Views","Avg Likes","Avg Comments","Avg Shares","Member Accounts"
1,2,1,3,NA,343.423,147.577,1.654,1.385,"mdiqbals14, hasibur.....rahman1"
2,6,0.333,8,0,98.308,38.615,0.538,0.615,"md.titu205, shohidul8060, hamimahmed835, samin7742, nishatnishu382720, ndmiraj23"
3,2,1,3,NA,260.211,95,2.421,2.368,"user5455368479075, hfhgff58x"
4,5,0.4,18,0,129,49.639,0.806,2.375,"user769780951, skfaruk425, .prince.sahin, ojana.kosto6, mdmagad73"
5,2,1,8,NA,123.5,50.333,1.5,2.417,"user5699597151255, v10emon_"
