"Account","Network","Unique Shares","Avg Time Between Shares (sec)","Edge Symmetry Score","Degree","Strength","Betweenness","Avg Views","Avg Likes","Avg Comments","Avg Shares"
"<a href=""https://tiktok.com/@1yrogls"" target=""_blank"">@1yrogls</a>",45,5,52.9,0.929,2,19,0,2496.4,73.2,0.8,0.6
"<a href=""https://tiktok.com/@2jxggxh"" target=""_blank"">@2jxggxh</a>",45,4,49.636,0.929,2,20,0,1558.75,58,0,0.25
"<a href=""https://tiktok.com/@abxdl1382"" target=""_blank"">@abxdl1382</a>",45,6,30.796,0.873,2,29,0,2124.833,53,0.167,0.167
"<a href=""https://tiktok.com/@aed0267"" target=""_blank"">@aed0267</a>",31,4,58.333,0.869,3,29,0,1313.25,37.75,0.25,0.25
"<a href=""https://tiktok.com/@aedh263"" target=""_blank"">@aedh263</a>",31,10,52.604,0.854,6,89,0,1368.6,30.9,1.2,1.1
"<a href=""https://tiktok.com/@amzing_star0"" target=""_blank"">@amzing_star0</a>",36,7,94.357,0.857,1,14,0,2676.083,162.333,8.417,1.083
"<a href=""https://tiktok.com/@anaxagoras.harlen"" target=""_blank"">@anaxagoras.harlen</a>",4,7,56.909,1,1,11,0,6109.571,92.286,5.429,10
"<a href=""https://tiktok.com/@arffug"" target=""_blank"">@arffug</a>",38,3,58.333,1,2,18,0.001,191.667,5,0,0
"<a href=""https://tiktok.com/@baobaobao7183"" target=""_blank"">@baobaobao7183</a>",16,6,64.111,1,1,9,0,2469.667,50.667,1.167,0
"<a href=""https://tiktok.com/@beaty_queen_22"" target=""_blank"">@beaty_queen_22</a>",36,13,94.098,0.878,3,44,0.001,10936.526,689.211,23.368,12.421
"<a href=""https://tiktok.com/@berez.paulo"" target=""_blank"">@berez.paulo</a>",23,8,61.218,0.873,2,25,0,1951.25,61.125,0.125,0.625
"<a href=""https://tiktok.com/@biebuh4"" target=""_blank"">@biebuh4</a>",24,6,71,0.5,1,9,0,2037.25,51.5,0.25,0.125
"<a href=""https://tiktok.com/@bipiqo"" target=""_blank"">@bipiqo</a>",38,9,70.331,0.986,8,119,0.004,1617.778,35.222,0,0.111
"<a href=""https://tiktok.com/@bmc12655"" target=""_blank"">@bmc12655</a>",1,9,64.938,1,4,40,0.001,1030.667,53.333,1.222,3.333
"<a href=""https://tiktok.com/@bnsle4278"" target=""_blank"">@bnsle4278</a>",45,5,44.733,1,3,33,0,2068.6,50.2,0,0.2
"<a href=""https://tiktok.com/@bpgarp"" target=""_blank"">@bpgarp</a>",38,10,64.355,0.862,5,117,0,458.583,17.333,0.25,0.083
"<a href=""https://tiktok.com/@brs1reddit"" target=""_blank"">@brs1reddit</a>",29,6,60.329,0.871,3,40,0,485.5,8.333,0,0
"<a href=""https://tiktok.com/@burba.robyn"" target=""_blank"">@burba.robyn</a>",24,5,36.222,0.833,1,9,0,1349,35.8,0.4,0.6
"<a href=""https://tiktok.com/@bvoo3130"" target=""_blank"">@bvoo3130</a>",42,6,64.486,0.532,5,82,0,1632.5,46.5,0.5,0.6
"<a href=""https://tiktok.com/@c.ts24"" target=""_blank"">@c.ts24</a>",22,9,49.966,0.83,4,41,0,1480.889,37.444,0.556,3.556
"<a href=""https://tiktok.com/@cbnhf5680"" target=""_blank"">@cbnhf5680</a>",17,6,54.188,0.944,3,32,0,1695.5,74.833,0.167,6.167
"<a href=""https://tiktok.com/@cdnkdg"" target=""_blank"">@cdnkdg</a>",38,11,68.956,0.904,5,104,0.002,448.909,14.636,0.091,0.364
"<a href=""https://tiktok.com/@cfdc18"" target=""_blank"">@cfdc18</a>",31,9,51.079,0.892,5,66,0,2322,69.091,1.273,2.636
"<a href=""https://tiktok.com/@chantalkusch"" target=""_blank"">@chantalkusch</a>",1,10,67.88,0.907,8,82,0.002,2276.9,133.4,1.6,2.8
"<a href=""https://tiktok.com/@cjdfsgp"" target=""_blank"">@cjdfsgp</a>",30,7,61.3,0.857,1,10,0,3525.143,132.571,2.143,8.714
"<a href=""https://tiktok.com/@cjur6297"" target=""_blank"">@cjur6297</a>",40,3,54.333,1,2,18,0,1084,45,0.333,0
"<a href=""https://tiktok.com/@cnatk3189"" target=""_blank"">@cnatk3189</a>",45,6,56.543,0.887,4,46,0,1840,54.5,0,0.167
"<a href=""https://tiktok.com/@crhn65"" target=""_blank"">@crhn65</a>",31,12,54.348,0.903,5,80,0,2047,29.25,2.917,1.417
"<a href=""https://tiktok.com/@crtyougo"" target=""_blank"">@crtyougo</a>",9,8,41.5,0.845,2,20,0,3227.25,164.25,2,1.625
"<a href=""https://tiktok.com/@cute_queen7102"" target=""_blank"">@cute_queen7102</a>",33,9,99.9,0.857,1,10,0,1269.433,152.367,14.833,12.133
"<a href=""https://tiktok.com/@danghu337"" target=""_blank"">@danghu337</a>",6,7,48.637,0.919,5,54,0,5023.857,126,1.429,2.571
"<a href=""https://tiktok.com/@dhhi6645"" target=""_blank"">@dhhi6645</a>",39,3,63.5,1,2,18,0,1061.333,88.333,0.667,2
"<a href=""https://tiktok.com/@dianaantoinette2000"" target=""_blank"">@dianaantoinette2000</a>",12,9,54.333,1,1,9,0,373.8,9.7,0.1,0.4
"<a href=""https://tiktok.com/@dijx3903"" target=""_blank"">@dijx3903</a>",42,10,61.263,0.82,5,127,0,973.385,35.462,0.769,0.769
"<a href=""https://tiktok.com/@djjsjbxjb"" target=""_blank"">@djjsjbxjb</a>",46,9,79.667,0.889,1,9,0,716,28.9,1.5,7.3
"<a href=""https://tiktok.com/@djwf2904"" target=""_blank"">@djwf2904</a>",43,8,60.808,0.954,6,88,0,857.778,56.111,0.222,0.444
"<a href=""https://tiktok.com/@doiplo1"" target=""_blank"">@doiplo1</a>",38,12,49.463,0.937,7,105,0,709.083,24.333,0.083,0.333
"<a href=""https://tiktok.com/@drgd8391"" target=""_blank"">@drgd8391</a>",43,6,78.443,0.933,5,72,0,804.111,44.889,0,0.889
"<a href=""https://tiktok.com/@dtbtcc8"" target=""_blank"">@dtbtcc8</a>",38,3,54.254,1,7,63,0.002,911.667,25,0.333,0.333
"<a href=""https://tiktok.com/@dthh824"" target=""_blank"">@dthh824</a>",31,10,59.126,0.816,5,81,0,11645.2,175.1,0.8,2.4
"<a href=""https://tiktok.com/@dygd8923"" target=""_blank"">@dygd8923</a>",43,12,62.423,1,5,107,0,774.25,30.5,1,0.75
"<a href=""https://tiktok.com/@eiej4325"" target=""_blank"">@eiej4325</a>",43,9,53.605,0.972,4,68,0,283.111,11.889,0.111,0.222
"<a href=""https://tiktok.com/@ella627700"" target=""_blank"">@ella627700</a>",14,6,33,0.857,1,10,0,40047.333,1327.167,21.833,14.5
"<a href=""https://tiktok.com/@elvistrevelyan0204"" target=""_blank"">@elvistrevelyan0204</a>",5,9,51.455,1,1,11,0,1510.889,52.111,0.333,1.667
"<a href=""https://tiktok.com/@eqmhqf"" target=""_blank"">@eqmhqf</a>",38,5,41,1,5,45,0,572.4,15.8,0,0
"<a href=""https://tiktok.com/@ethel.gregory2"" target=""_blank"">@ethel.gregory2</a>",6,7,49.645,1,5,58,0,1652.714,55.429,0.286,0.571
"<a href=""https://tiktok.com/@fannybach2010"" target=""_blank"">@fannybach2010</a>",12,7,69.25,0.938,2,20,0,11354.625,114.625,3,0.375
"<a href=""https://tiktok.com/@fauy8466"" target=""_blank"">@fauy8466</a>",4,9,69.889,0.889,1,9,0,2025.222,106.444,2.222,1.222
"<a href=""https://tiktok.com/@fdijc3"" target=""_blank"">@fdijc3</a>",1,10,60.464,0.918,9,95,0.001,1014.2,56.5,0.6,1.3
"<a href=""https://tiktok.com/@fgjbgf4688"" target=""_blank"">@fgjbgf4688</a>",20,6,38.833,1,1,12,0,335.5,10.5,0,0.667
"<a href=""https://tiktok.com/@fhda78402"" target=""_blank"">@fhda78402</a>",42,13,58.663,0.744,4,116,0,377.385,14.308,0.231,0.077
"<a href=""https://tiktok.com/@fhlncfvk"" target=""_blank"">@fhlncfvk</a>",44,6,40.778,1,1,9,0,2185.6,84.8,1.3,2.1
"<a href=""https://tiktok.com/@fhuc22"" target=""_blank"">@fhuc22</a>",26,9,65.467,0.708,2,22,0,1632.444,40.222,0,0.222
"<a href=""https://tiktok.com/@fhvf210"" target=""_blank"">@fhvf210</a>",25,6,48,0.857,1,9,0,875.667,21.833,0.167,0.333
"<a href=""https://tiktok.com/@finishthemovie3"" target=""_blank"">@finishthemovie3</a>",5,10,51.455,1,1,11,0,1200,40.6,0.3,1.9
"<a href=""https://tiktok.com/@fkur7594"" target=""_blank"">@fkur7594</a>",40,3,47,1,2,18,0,1408.667,60.333,1,0
"<a href=""https://tiktok.com/@fncribcs"" target=""_blank"">@fncribcs</a>",44,6,40.778,1,1,9,0,1199.444,54.556,1.111,3.222
"<a href=""https://tiktok.com/@fnnf8890"" target=""_blank"">@fnnf8890</a>",41,3,55.333,1,2,18,0,612,45.333,0,2
"<a href=""https://tiktok.com/@fsaftn"" target=""_blank"">@fsaftn</a>",38,10,58.702,0.951,6,88,0.001,1099.833,46.083,0.333,0.833
"<a href=""https://tiktok.com/@fughf21"" target=""_blank"">@fughf21</a>",1,10,54.331,1,3,40,0,2076.1,110.9,0.9,3.1
"<a href=""https://tiktok.com/@g.gy726"" target=""_blank"">@g.gy726</a>",24,8,55.259,0.711,3,27,0,2985,69.625,1,3
"<a href=""https://tiktok.com/@gdkcofufn"" target=""_blank"">@gdkcofufn</a>",3,8,66.596,1,2,20,0,124561,4837.375,26,17.125
"<a href=""https://tiktok.com/@gf.nj97"" target=""_blank"">@gf.nj97</a>",3,9,66.194,1,2,21,0,1689.5,137.9,2.1,2.8
"<a href=""https://tiktok.com/@gfg6705"" target=""_blank"">@gfg6705</a>",26,8,57.722,1,2,18,0,683.444,15.444,0.111,0.222
"<a href=""https://tiktok.com/@gfjch34"" target=""_blank"">@gfjch34</a>",2,10,55.789,1,2,19,0,1431.4,114.5,0.6,0.7
"<a href=""https://tiktok.com/@ggih3179"" target=""_blank"">@ggih3179</a>",24,6,57.232,0.9,2,20,0,678.143,21.286,0.714,0.571
"<a href=""https://tiktok.com/@ghhj8554"" target=""_blank"">@ghhj8554</a>",42,12,62.238,0.808,4,110,0,1436.167,46.75,0.167,0.75
"<a href=""https://tiktok.com/@gjbgikh"" target=""_blank"">@gjbgikh</a>",13,10,52.4,0.778,1,10,0,2406.9,90.4,0.3,1
"<a href=""https://tiktok.com/@gjguq6894"" target=""_blank"">@gjguq6894</a>",41,3,52.667,1,1,9,0,631.667,50,0.333,0.333
"<a href=""https://tiktok.com/@gskgu2"" target=""_blank"">@gskgu2</a>",10,7,63.3,0.857,1,10,0,2086.625,104,2,7.375
"<a href=""https://tiktok.com/@gvcchh3457"" target=""_blank"">@gvcchh3457</a>",19,6,41.944,1,3,36,0,1093.333,55.833,5.833,15.667
"<a href=""https://tiktok.com/@hcodifb"" target=""_blank"">@hcodifb</a>",1,10,60.82,0.798,5,48,0.001,875.4,55.1,0.4,2.7
"<a href=""https://tiktok.com/@hdmjwo1"" target=""_blank"">@hdmjwo1</a>",38,5,54.533,0.917,2,27,0,607.9,19.6,0.3,0.3
"<a href=""https://tiktok.com/@hdr86575"" target=""_blank"">@hdr86575</a>",4,9,63.399,0.944,2,20,0,1450.333,35.889,0.333,0.222
"<a href=""https://tiktok.com/@hec88551nva"" target=""_blank"">@hec88551nva</a>",10,7,63.3,0.857,1,10,0,4355.429,122.286,0.714,0.714
"<a href=""https://tiktok.com/@hehs5037"" target=""_blank"">@hehs5037</a>",39,3,60,1,2,18,0,804.333,58.333,0.333,0
"<a href=""https://tiktok.com/@heyrrgcjyi"" target=""_blank"">@heyrrgcjyi</a>",3,8,62.833,1,1,12,0,1751.875,72.25,1.375,2.25
"<a href=""https://tiktok.com/@hh155702"" target=""_blank"">@hh155702</a>",35,7,48.546,1,3,36,0,4704.714,96.714,1.286,1.286
"<a href=""https://tiktok.com/@hhgghj8866"" target=""_blank"">@hhgghj8866</a>",19,6,44.25,1,4,48,0,1362.333,54.333,0,1.667
"<a href=""https://tiktok.com/@hidouo"" target=""_blank"">@hidouo</a>",38,9,58.608,0.963,3,76,0,1045.111,29.889,0,0.111
"<a href=""https://tiktok.com/@hirakw1"" target=""_blank"">@hirakw1</a>",38,9,61.325,0.944,4,80,0,280.111,7.556,0,0.111
"<a href=""https://tiktok.com/@hltuoq"" target=""_blank"">@hltuoq</a>",38,9,68.189,1,5,101,0,901.3,38.5,0,0.4
"<a href=""https://tiktok.com/@hsbuz8"" target=""_blank"">@hsbuz8</a>",28,5,55.636,1,1,11,0,2149.2,37.6,0.4,0.2
"<a href=""https://tiktok.com/@huiodjio"" target=""_blank"">@huiodjio</a>",9,7,57.641,0.911,3,29,0,4272.714,162.429,3,1.143
"<a href=""https://tiktok.com/@idpeoc"" target=""_blank"">@idpeoc</a>",38,3,41.407,1,6,54,0,2249.667,18,0.667,0
"<a href=""https://tiktok.com/@ific3756"" target=""_blank"">@ific3756</a>",40,3,45.778,1,3,27,0,364.667,17,0,0.333
"<a href=""https://tiktok.com/@ihgg5672"" target=""_blank"">@ihgg5672</a>",19,6,64.667,1,1,9,0,354.167,5.667,0.5,2.167
"<a href=""https://tiktok.com/@iiuu553"" target=""_blank"">@iiuu553</a>",31,3,49.778,0.8,1,9,0,46382.333,693.333,3.667,7
"<a href=""https://tiktok.com/@ilges.estelwei"" target=""_blank"">@ilges.estelwei</a>",37,8,55.444,0.833,1,9,0,8096.375,197.375,7.625,3
"<a href=""https://tiktok.com/@irdc042"" target=""_blank"">@irdc042</a>",1,9,58.889,1,2,26,0,1844,122.333,0.889,3.667
"<a href=""https://tiktok.com/@it29375"" target=""_blank"">@it29375</a>",27,3,60.889,0.8,1,9,0,39.333,0.667,0,0
"<a href=""https://tiktok.com/@itsh7661"" target=""_blank"">@itsh7661</a>",43,12,68.299,1,4,91,0,793.333,55.167,0.667,0.5
"<a href=""https://tiktok.com/@j.ee238"" target=""_blank"">@j.ee238</a>",25,4,48,0.857,1,9,0,766.4,8.8,0,0
"<a href=""https://tiktok.com/@j.uv586"" target=""_blank"">@j.uv586</a>",24,5,55.909,1,1,11,0,1521.5,30.333,0.5,0.667
"<a href=""https://tiktok.com/@jackie.bradley45"" target=""_blank"">@jackie.bradley45</a>",17,5,48.2,0.833,1,10,0,1061.167,22,2,9.5
"<a href=""https://tiktok.com/@jajsjsn56"" target=""_blank"">@jajsjsn56</a>",32,11,47.894,0.881,4,61,0,9478.636,154,0.364,1.182
"<a href=""https://tiktok.com/@jdbjd335"" target=""_blank"">@jdbjd335</a>",22,8,51,0.667,1,9,0,1895.75,73,0.5,0.25
"<a href=""https://tiktok.com/@jdpdosj"" target=""_blank"">@jdpdosj</a>",1,9,55.832,0.963,5,55,0,464.333,42,0.333,0.444
"<a href=""https://tiktok.com/@jdpxorjf"" target=""_blank"">@jdpxorjf</a>",1,10,63.828,0.962,7,84,0,783.3,59.2,0.7,1.7
"<a href=""https://tiktok.com/@jfkovj5"" target=""_blank"">@jfkovj5</a>",1,9,57.859,0.901,4,40,0,1983.889,144.222,2.667,3.444
"<a href=""https://tiktok.com/@jfodxgajsjijpd"" target=""_blank"">@jfodxgajsjijpd</a>",17,6,58.464,0.929,2,21,0,1695.167,75.167,9,19.667
"<a href=""https://tiktok.com/@jfufrehcdh"" target=""_blank"">@jfufrehcdh</a>",1,8,61.247,0.962,7,67,0,1645.875,92.875,0.875,0.75
"<a href=""https://tiktok.com/@jiqw8344"" target=""_blank"">@jiqw8344</a>",43,12,70.869,1,4,71,0,244.583,8.5,0,0.167
"<a href=""https://tiktok.com/@jkuy0534"" target=""_blank"">@jkuy0534</a>",43,9,70.694,0.958,4,79,0,1416.889,112.889,1.556,0.778
"<a href=""https://tiktok.com/@joab.truitt"" target=""_blank"">@joab.truitt</a>",6,8,58.075,0.902,5,53,0,2093.125,106,1,0.125
"<a href=""https://tiktok.com/@josieferguson6"" target=""_blank"">@josieferguson6</a>",6,7,59.273,0.927,5,54,0,18138.857,475.857,8.429,118.286
"<a href=""https://tiktok.com/@jsosjxj8"" target=""_blank"">@jsosjxj8</a>",1,6,45.545,0.8,1,11,0,674.25,53.625,0.5,0.25
"<a href=""https://tiktok.com/@jtcytxyzey"" target=""_blank"">@jtcytxyzey</a>",1,10,56.049,0.933,8,89,0.001,18492.3,586.7,2.7,38
"<a href=""https://tiktok.com/@juliedouglass2013"" target=""_blank"">@juliedouglass2013</a>",12,8,59.889,1,2,18,0,6475.5,55.5,0.375,0.875
"<a href=""https://tiktok.com/@jvhb240"" target=""_blank"">@jvhb240</a>",32,12,52.062,0.891,4,61,0,1981.667,53.583,0.667,1.583
"<a href=""https://tiktok.com/@jvtvc3"" target=""_blank"">@jvtvc3</a>",32,8,55.767,0.892,3,46,0,6674.875,114.75,0.375,2.25
"<a href=""https://tiktok.com/@kbpsjd"" target=""_blank"">@kbpsjd</a>",2,8,60.8,1,1,10,0,80694,3610.444,18.111,24.667
"<a href=""https://tiktok.com/@kili1173"" target=""_blank"">@kili1173</a>",35,7,42.459,0.952,3,34,0,3255.714,79.429,1.286,0.714
"<a href=""https://tiktok.com/@kokokopi72"" target=""_blank"">@kokokopi72</a>",7,8,56.5,1,1,10,0,1530.125,60.375,0.75,0.875
"<a href=""https://tiktok.com/@kris.noproblem"" target=""_blank"">@kris.noproblem</a>",7,5,56.5,1,1,10,0,5867.571,202.857,2.429,0.143
"<a href=""https://tiktok.com/@krug011"" target=""_blank"">@krug011</a>",1,10,57.273,0.938,2,21,0,721.8,46.5,0.3,0.6
"<a href=""https://tiktok.com/@ktsfyh"" target=""_blank"">@ktsfyh</a>",9,8,60.194,1,3,30,0,3262.375,172.75,15,2.5
"<a href=""https://tiktok.com/@kuhar.clair6"" target=""_blank"">@kuhar.clair6</a>",23,8,67.364,0.857,1,11,0,2028.125,63.125,0.25,0
"<a href=""https://tiktok.com/@laetitia.circle"" target=""_blank"">@laetitia.circle</a>",6,7,55.213,0.91,5,54,0,613.125,22.75,0.25,0.625
"<a href=""https://tiktok.com/@lhqitc"" target=""_blank"">@lhqitc</a>",38,9,78.217,1,3,57,0,882.667,34.111,0.111,0.333
"<a href=""https://tiktok.com/@luisina.riihimaki"" target=""_blank"">@luisina.riihimaki</a>",1,9,56.835,0.901,6,56,0,1029.778,92.222,1.556,0.889
"<a href=""https://tiktok.com/@marjoriecarrie0525"" target=""_blank"">@marjoriecarrie0525</a>",21,6,58.667,0.845,2,18,0,674.833,15,0.5,0.833
"<a href=""https://tiktok.com/@monalisa7988"" target=""_blank"">@monalisa7988</a>",26,8,57.26,1,2,25,0,1521.875,45.625,0.125,0.375
"<a href=""https://tiktok.com/@mong.khuu"" target=""_blank"">@mong.khuu</a>",21,6,62.444,0.833,1,9,0,913,24.5,1,0.5
"<a href=""https://tiktok.com/@nfyk.emma"" target=""_blank"">@nfyk.emma</a>",21,6,54.889,0.857,1,9,0,1964,51.333,0.833,1.5
"<a href=""https://tiktok.com/@noohreddit"" target=""_blank"">@noohreddit</a>",27,4,60.889,0.8,1,9,0,256.25,14.25,0.25,0
"<a href=""https://tiktok.com/@okay11732"" target=""_blank"">@okay11732</a>",42,12,67.978,0.796,3,77,0,1840.143,92.714,0.643,1.643
"<a href=""https://tiktok.com/@omi.poni0"" target=""_blank"">@omi.poni0</a>",26,3,56.111,1,1,9,0,1811.167,43.333,0.667,0.667
"<a href=""https://tiktok.com/@pbpktw"" target=""_blank"">@pbpktw</a>",38,12,65.664,0.972,6,117,0.001,566.917,13.917,0.167,0.083
"<a href=""https://tiktok.com/@power7143"" target=""_blank"">@power7143</a>",35,7,44.577,1,2,26,0,13041.429,177.571,1.857,1
"<a href=""https://tiktok.com/@prtnr8"" target=""_blank"">@prtnr8</a>",3,10,60.333,1,2,18,0,3188.9,75.4,3.4,3.3
"<a href=""https://tiktok.com/@puhrra"" target=""_blank"">@puhrra</a>",38,6,60.397,0.9,5,70,0.001,661.167,19.5,0.167,0
"<a href=""https://tiktok.com/@pxibi018"" target=""_blank"">@pxibi018</a>",28,5,55.636,1,1,11,0,3454.875,41.25,0.125,0.5
"<a href=""https://tiktok.com/@pyjadfkbircst"" target=""_blank"">@pyjadfkbircst</a>",18,6,52.556,0.857,1,9,0,486.333,15.167,0.167,0.167
"<a href=""https://tiktok.com/@qigqtm"" target=""_blank"">@qigqtm</a>",38,3,52.333,1,1,9,0,323.333,7.333,0,0
"<a href=""https://tiktok.com/@qlkvahinq1huog"" target=""_blank"">@qlkvahinq1huog</a>",16,5,64.111,1,1,9,0,5099.2,160.4,1.8,1.4
"<a href=""https://tiktok.com/@quincyshop08"" target=""_blank"">@quincyshop08</a>",1,10,57.389,0.889,7,81,0,2014,61.9,0.2,1.9
"<a href=""https://tiktok.com/@qwdfionqfamkqo"" target=""_blank"">@qwdfionqfamkqo</a>",18,6,52.556,0.857,1,9,0,2296.167,69.167,1.167,1
"<a href=""https://tiktok.com/@reddishnan"" target=""_blank"">@reddishnan</a>",29,6,58.332,0.93,3,40,0,399.333,10.333,0.333,0.167
"<a href=""https://tiktok.com/@reddittabud"" target=""_blank"">@reddittabud</a>",29,6,70.872,0.857,2,19,0,244.5,5.5,0,0
"<a href=""https://tiktok.com/@rhzpbjoqixj"" target=""_blank"">@rhzpbjoqixj</a>",17,6,49.918,0.929,2,21,0,783,16,0.167,0
"<a href=""https://tiktok.com/@rosacasey65"" target=""_blank"">@rosacasey65</a>",3,8,66.778,1,1,9,0,4191.75,137.75,2.625,0.875
"<a href=""https://tiktok.com/@sdsdyou"" target=""_blank"">@sdsdyou</a>",9,8,23.7,0.833,1,10,0,4590.125,243.25,3.375,3.375
"<a href=""https://tiktok.com/@siev9347"" target=""_blank"">@siev9347</a>",40,3,45.778,1,3,27,0,2716.667,167.667,0.333,1
"<a href=""https://tiktok.com/@sijh37"" target=""_blank"">@sijh37</a>",32,9,48.091,0.929,2,20,0,41858.222,605.111,1.889,5.556
"<a href=""https://tiktok.com/@sisodne"" target=""_blank"">@sisodne</a>",46,7,79.667,0.889,1,9,0,581.7,15.9,1.7,7.1
"<a href=""https://tiktok.com/@sqifhw"" target=""_blank"">@sqifhw</a>",38,12,57.2,0.975,4,73,0,568.417,15.5,0.083,0.083
"<a href=""https://tiktok.com/@svpmrjwfqvu2oj"" target=""_blank"">@svpmrjwfqvu2oj</a>",20,6,38.833,1,1,12,0,1497.5,73.833,1.167,3
"<a href=""https://tiktok.com/@sweet_driver120"" target=""_blank"">@sweet_driver120</a>",33,6,99.9,0.857,1,10,0,33420.762,2536,100.333,37.976
"<a href=""https://tiktok.com/@tenbr.boozapp"" target=""_blank"">@tenbr.boozapp</a>",37,7,55.444,0.833,1,9,0,7264.714,117.286,1.286,1.714
"<a href=""https://tiktok.com/@ternencebloor0314"" target=""_blank"">@ternencebloor0314</a>",13,8,52.4,0.778,1,10,0,1441.556,61.222,0.444,0.556
"<a href=""https://tiktok.com/@text778"" target=""_blank"">@text778</a>",9,8,42.461,0.917,2,19,0,25429.25,511,5.25,6.125
"<a href=""https://tiktok.com/@thai.hoai.nhan.du"" target=""_blank"">@thai.hoai.nhan.du</a>",8,10,46.111,1,1,9,0,4412.9,265.1,2.2,2
"<a href=""https://tiktok.com/@thanh.dngp"" target=""_blank"">@thanh.dngp</a>",8,10,46.111,1,1,9,0,1702.8,100.1,0.2,0.5
"<a href=""https://tiktok.com/@the.sshamarfan"" target=""_blank"">@the.sshamarfan</a>",15,6,69.889,1,1,9,0,1431.333,36.167,2.333,2.5
"<a href=""https://tiktok.com/@titme"" target=""_blank"">@titme</a>",22,8,50.342,0.855,3,37,0,1577,79.5,1,0.25
"<a href=""https://tiktok.com/@tiwakp1"" target=""_blank"">@tiwakp1</a>",38,8,54.706,0.97,8,97,0.002,337.083,10.917,0,0.083
"<a href=""https://tiktok.com/@toma.rimi"" target=""_blank"">@toma.rimi</a>",26,8,60.801,0.875,2,25,0,1338.5,17.75,0.375,0.125
"<a href=""https://tiktok.com/@ubhutfrx"" target=""_blank"">@ubhutfrx</a>",1,10,57.446,0.887,9,102,0.001,990.7,73.2,1,1
"<a href=""https://tiktok.com/@uehjkb3487"" target=""_blank"">@uehjkb3487</a>",19,6,42.4,0.958,4,46,0,1542.333,45.833,1,0
"<a href=""https://tiktok.com/@ufsc8075"" target=""_blank"">@ufsc8075</a>",39,3,41.167,1,2,18,0,2181,72.333,1.333,3.667
"<a href=""https://tiktok.com/@user240775158"" target=""_blank"">@user240775158</a>",26,9,72.019,0.889,3,39,0,3070.556,45.444,0.222,0.556
"<a href=""https://tiktok.com/@user3357615163181"" target=""_blank"">@user3357615163181</a>",34,5,48.222,0.714,1,9,0,1096.8,25.8,0.2,0
"<a href=""https://tiktok.com/@user3436197788624"" target=""_blank"">@user3436197788624</a>",32,8,54.77,0.808,3,40,0,3882.25,112.375,5.625,3
"<a href=""https://tiktok.com/@user361947617460"" target=""_blank"">@user361947617460</a>",6,6,63.307,0.978,5,51,0,10532.125,100.75,24.625,1.375
"<a href=""https://tiktok.com/@user3825956150738"" target=""_blank"">@user3825956150738</a>",31,11,56.51,0.911,6,86,0,14985.727,223.182,1.727,5.909
"<a href=""https://tiktok.com/@user5107401810761"" target=""_blank"">@user5107401810761</a>",19,6,46.6,1,5,57,0,1101.5,32.833,0.833,1.667
"<a href=""https://tiktok.com/@user54314398340401"" target=""_blank"">@user54314398340401</a>",35,6,59.348,0.929,2,20,0,1048.571,31.143,0.571,0
"<a href=""https://tiktok.com/@user5626060056906"" target=""_blank"">@user5626060056906</a>",1,10,56.24,0.949,8,84,0,924,52.4,0.4,1.3
"<a href=""https://tiktok.com/@user5760975752263"" target=""_blank"">@user5760975752263</a>",29,6,53.354,0.944,2,27,0,318.667,11.167,0,0.5
"<a href=""https://tiktok.com/@user6024099769612"" target=""_blank"">@user6024099769612</a>",12,7,62.074,0.921,3,30,0,51410.9,2806.7,82.9,136.6
"<a href=""https://tiktok.com/@user6922385284275"" target=""_blank"">@user6922385284275</a>",1,9,52.62,0.82,3,29,0,1456.667,100.778,0.889,4.444
"<a href=""https://tiktok.com/@user78361043305012"" target=""_blank"">@user78361043305012</a>",14,5,33,0.857,1,10,0,1374.5,37.167,0.667,0.167
"<a href=""https://tiktok.com/@username.1234615"" target=""_blank"">@username.1234615</a>",36,8,96.938,0.875,1,16,0,1334.438,74.375,6.438,3.125
"<a href=""https://tiktok.com/@username.123467897"" target=""_blank"">@username.123467897</a>",36,7,99.333,0.8,1,12,0,1042.706,75.235,5.706,0.882
"<a href=""https://tiktok.com/@username.12365478"" target=""_blank"">@username.12365478</a>",36,16,92.611,0.911,3,43,0,2300.375,115.375,9.5,4.125
"<a href=""https://tiktok.com/@username.1545465"" target=""_blank"">@username.1545465</a>",36,8,96.029,0.845,2,41,0,86.688,13.375,0.562,0
"<a href=""https://tiktok.com/@username.64754675"" target=""_blank"">@username.64754675</a>",36,5,95.636,0.857,1,22,0,6944.053,74.316,3.105,1.632
"<a href=""https://tiktok.com/@v.if77"" target=""_blank"">@v.if77</a>",22,7,68.385,0.889,1,13,0,1135.75,29.75,0.25,1.125
"<a href=""https://tiktok.com/@vghf668"" target=""_blank"">@vghf668</a>",23,7,55.071,0.889,1,14,0,1186.286,67.857,1.286,0.286
"<a href=""https://tiktok.com/@video.of38"" target=""_blank"">@video.of38</a>",22,7,46.5,0.845,2,19,0,1549.143,86,0.714,0.143
"<a href=""https://tiktok.com/@vltrxsbghmj6ss"" target=""_blank"">@vltrxsbghmj6ss</a>",15,6,69.889,1,1,9,0,1211.167,22.167,5,0.333
"<a href=""https://tiktok.com/@vxkaw3274"" target=""_blank"">@vxkaw3274</a>",45,6,40.827,0.907,3,40,0,1680.833,45,0.333,0
"<a href=""https://tiktok.com/@wgslhe"" target=""_blank"">@wgslhe</a>",38,3,60.778,1,6,54,0.001,2481.333,69.333,0,0.333
"<a href=""https://tiktok.com/@wojta.or"" target=""_blank"">@wojta.or</a>",22,4,41.222,1,1,9,0,761,8.167,0.167,0.833
"<a href=""https://tiktok.com/@wotext"" target=""_blank"">@wotext</a>",11,6,49,0.857,1,10,0,6372.667,266.833,3.833,1.5
"<a href=""https://tiktok.com/@woyaofadacai0"" target=""_blank"">@woyaofadacai0</a>",19,6,63.589,0.944,3,34,0,1569.167,58.333,7.5,15.5
"<a href=""https://tiktok.com/@wudtm4288"" target=""_blank"">@wudtm4288</a>",45,5,33.148,0.929,2,27,0,5585,203.8,1,0.4
"<a href=""https://tiktok.com/@wys88511u0t"" target=""_blank"">@wys88511u0t</a>",30,6,61.3,0.857,1,10,0,9509.375,261.625,6.375,5.375
"<a href=""https://tiktok.com/@xihz9643"" target=""_blank"">@xihz9643</a>",41,3,58,1,1,9,0,7757.667,116.667,0,4.333
"<a href=""https://tiktok.com/@xxii911"" target=""_blank"">@xxii911</a>",9,8,41.622,0.903,3,32,0,1950.125,147.125,3.25,1.5
"<a href=""https://tiktok.com/@yiitsukb"" target=""_blank"">@yiitsukb</a>",3,10,58.763,1,2,20,0,2154.9,107.4,3.6,5.5
"<a href=""https://tiktok.com/@you.texts"" target=""_blank"">@you.texts</a>",11,9,49,0.857,1,10,0,5203.7,179.1,3.9,6.5
"<a href=""https://tiktok.com/@ysishhd7"" target=""_blank"">@ysishhd7</a>",2,7,50.778,1,1,9,0,1805.778,104.667,1.222,0.222
"<a href=""https://tiktok.com/@ytrq8081"" target=""_blank"">@ytrq8081</a>",42,11,69.213,0.752,3,76,0,2520.833,117.167,1,0.583
"<a href=""https://tiktok.com/@ytrui12"" target=""_blank"">@ytrui12</a>",34,4,48.222,0.714,1,9,0,11509.75,60.5,0.25,0.5
"<a href=""https://tiktok.com/@yuwenmovie"" target=""_blank"">@yuwenmovie</a>",12,10,59.597,0.972,4,39,0,9579.9,70.7,0.5,4
"<a href=""https://tiktok.com/@zsdx184"" target=""_blank"">@zsdx184</a>",31,7,52.744,0.859,3,42,0,3777.286,58.143,0.714,0.714
"<a href=""https://tiktok.com/@zxvb736"" target=""_blank"">@zxvb736</a>",31,15,55.412,0.903,8,140,0,1951.6,48.6,1.067,1.267
