"Network","Number of Accounts","Network Density","Network Diameter","Clustering Coefficient","Avg Views","Avg Likes","Avg Comments","Avg Shares","Member Accounts"
1,18,0.32,40,0.504,2297.247,108.965,0.982,4.106,"hcodifb, krug011, jtcytxyzey, quincyshop08, fdijc3, bmc12655, fughf21, jdpxorjf, irdc042, jsosjxj8, ubhutfrx, chantalkusch, jfufrehcdh, jfkovj5, jdpdosj, user5626060056906, luisina.riihimaki, user6922385284275"
2,3,0.667,19,0,27029,1235.036,6.429,8.25,"kbpsjd, gfjch34, ysishhd7"
3,6,0.333,50,0,20636.481,807.148,6.13,5.148,"gf.nj97, gdkcofufn, heyrrgcjyi, prtnr8, rosacasey65, yiitsukb"
4,3,0.667,20,0,2961.88,77.08,2.44,3.32,"fauy8466, hdr86575, anaxagoras.harlen"
5,2,1,11,0,1347.263,46.053,0.316,1.789,"elvistrevelyan0204, finishthemovie3"
6,6,1,12,1,6213.667,143.044,6.178,19.267,"ethel.gregory2, danghu337, joab.truitt, laetitia.circle, josieferguson6, user361947617460"
7,2,1,10,0,3554.267,126.867,1.533,0.533,"kokokopi72, kris.noproblem"
8,2,1,9,0,3057.85,182.6,1.2,1.25,"thai.hoai.nhan.du, thanh.dngp"
9,6,0.467,38,0.545,7182.596,234.979,5.362,2.745,"ktsfyh, huiodjio, sdsdyou, xxii911, text778, crtyougo"
10,2,1,10,0,3145.4,112.533,1.4,4.267,"hec88551nva, gskgu2"
11,2,1,10,0,5642.062,212,3.875,4.625,"wotext, you.texts"
12,5,0.6,20,0.545,16441.022,657.217,18.739,30.87,"dianaantoinette2000, juliedouglass2013, user6024099769612, fannybach2010, yuwenmovie"
13,2,1,10,0,1949.632,76.579,0.368,0.789,"gjbgikh, ternencebloor0314"
14,2,1,10,0,20710.917,682.167,11.25,7.333,"ella627700, user78361043305012"
15,2,1,9,0,1321.25,29.167,3.667,1.417,"the.sshamarfan, vltrxsbghmj6ss"
16,2,1,9,0,3664.909,100.545,1.455,0.636,"baobaobao7183, qlkvahinq1huog"
17,4,0.667,21,0.6,1308.708,47,2.833,8.833,"cbnhf5680, jackie.bradley45, jfodxgajsjijpd, rhzpbjoqixj"
18,2,1,9,0,1391.25,42.167,0.667,0.583,"qwdfionqfamkqo, pyjadfkbircst"
19,6,0.667,22,0.75,1170.472,42.139,2.611,6.111,"ihgg5672, user5107401810761, woyaofadacai0, gvcchh3457, uehjkb3487, hhgghj8866"
20,2,1,12,0,916.5,42.167,0.583,1.833,"svpmrjwfqvu2oj, fgjbgf4688"
21,3,0.667,18,0,1183.944,30.278,0.778,0.944,"nfyk.emma, mong.khuu, marjoriecarrie0525"
22,6,0.4,36,0.3,1426.217,53.174,0.543,1.109,"jdbjd335, c.ts24, v.if77, titme, video.of38, wojta.or"
23,3,0.667,25,0,1745.174,63.87,0.522,0.304,"berez.paulo, vghf668, kuhar.clair6"
24,5,0.4,29,0,1788.206,43.5,0.588,1.059,"biebuh4, burba.robyn, g.gy726, ggih3179, j.uv586"
25,2,1,9,0,826,15.909,0.091,0.182,"j.ee238, fhvf210"
26,6,0.4,47,0.429,1678.122,34.224,0.224,0.347,"fhuc22, toma.rimi, monalisa7988, gfg6705, omi.poni0, user240775158"
27,2,1,9,0,163.286,8.429,0.143,0,"noohreddit, it29375"
28,2,1,11,0,2952.692,39.846,0.231,0.385,"pxibi018, hsbuz8"
29,4,0.833,23,0.75,362,8.833,0.083,0.167,"reddittabud, reddishnan, brs1reddit, user5760975752263"
30,2,1,10,0,6716.733,201.4,4.4,6.933,"cjdfsgp, wys88511u0t"
31,9,0.583,33,0.702,6568.699,108.349,1.458,2.313,"cfdc18, dthh824, user3825956150738, zsdx184, aedh263, crhn65, iiuu553, aed0267, zxvb736"
32,5,0.8,25,0.789,12275.542,200,1.604,2.583,"jvhb240, sijh37, jajsjsn56, user3436197788624, jvtvc3"
33,2,1,10,0,20024.375,1542.819,64.708,27.208,"cute_queen7102, sweet_driver120"
34,2,1,9,0,5724.778,41.222,0.222,0.222,"user3357615163181, ytrui12"
35,4,0.833,22,0.75,5512.607,96.214,1.25,0.75,"kili1173, power7143, hh155702, user54314398340401"
36,7,0.286,70,0,3905.339,182.47,8.391,3.574,"username.1545465, username.1234615, beaty_queen_22, amzing_star0, username.64754675, username.12365478, username.123467897"
37,2,1,9,0,7708.267,160,4.667,2.4,"ilges.estelwei, tenbr.boozapp"
38,20,0.258,73,0.645,755.406,23.091,0.121,0.224,"arffug, qigqtm, fsaftn, doiplo1, eqmhqf, bpgarp, idpeoc, dtbtcc8, hdmjwo1, tiwakp1, bipiqo, hltuoq, hidouo, lhqitc, cdnkdg, puhrra, pbpktw, hirakw1, wgslhe, sqifhw"
39,3,1,9,1,1348.889,73,0.778,1.889,"hehs5037, dhhi6645, ufsc8075"
40,4,0.833,18,0.75,1393.5,72.5,0.417,0.333,"cjur6297, ific3756, fkur7594, siev9347"
41,3,0.667,18,0,3000.444,70.667,0.111,2.222,"fnnf8890, gjguq6894, xihz9643"
42,6,0.8,37,0.789,1447.716,59.149,0.554,0.757,"ghhj8554, bvoo3130, dijx3903, fhda78402, okay11732, ytrq8081"
43,7,0.762,30,0.712,722.264,43.917,0.514,0.528,"djwf2904, dygd8923, itsh7661, jiqw8344, drgd8391, eiej4325, jkuy0534"
44,2,1,9,0,1718.474,70.474,1.211,2.632,"fncribcs, fhlncfvk"
45,7,0.429,41,0.562,2455.649,75.216,0.324,0.243,"bnsle4278, 2jxggxh, 1yrogls, cnatk3189, abxdl1382, vxkaw3274, wudtm4288"
46,2,1,9,0,648.85,22.4,1.6,7.2,"djjsjbxjb, sisodne"
