"Account","Network","Unique Shares","Avg Time Between Shares (sec)","Edge Symmetry Score","Degree","Strength","Betweenness","Avg Views","Avg Likes","Avg Comments","Avg Shares"
"<a href=""https://tiktok.com/@bgnk392"" target=""_blank"">@bgnk392</a>",5,9,36.546,0.97,3,54,0,1009.556,15.111,0.111,0.222
"<a href=""https://tiktok.com/@burnellmackintosh1994"" target=""_blank"">@burnellmackintosh1994</a>",8,14,27.409,0.941,1,22,0,45988.406,762.5,2.719,7.5
"<a href=""https://tiktok.com/@djidfnnf4"" target=""_blank"">@djidfnnf4</a>",12,15,62.299,0.943,3,83,0,909.067,12.067,0.133,1.333
"<a href=""https://tiktok.com/@ferdinandbecky1017"" target=""_blank"">@ferdinandbecky1017</a>",9,11,49.294,0.846,1,17,0,782.462,15,0,0
"<a href=""https://tiktok.com/@fyi.dkdn"" target=""_blank"">@fyi.dkdn</a>",4,12,56.833,1,3,90,0,912.5,12.833,0.583,0.167
"<a href=""https://tiktok.com/@ghij764"" target=""_blank"">@ghij764</a>",5,6,34.686,1,3,43,0,1053.333,18.778,0.333,0.444
"<a href=""https://tiktok.com/@jennamillereh26e"" target=""_blank"">@jennamillereh26e</a>",6,38,27.583,1,1,108,0,8519.521,133.938,0.125,0.333
"<a href=""https://tiktok.com/@josephwalker6990"" target=""_blank"">@josephwalker6990</a>",9,9,49.294,0.846,1,17,0,1881.692,33.231,0,0.308
"<a href=""https://tiktok.com/@joshuahorne1460"" target=""_blank"">@joshuahorne1460</a>",8,12,27.409,0.941,1,22,0,3862.458,79.542,0.042,0.667
"<a href=""https://tiktok.com/@kxhlqola6a363c"" target=""_blank"">@kxhlqola6a363c</a>",6,36,27.583,1,1,108,0,4535.651,45.605,0.047,0.233
"<a href=""https://tiktok.com/@liu12376"" target=""_blank"">@liu12376</a>",13,6,20.667,1,1,18,0,1391.167,10,0.167,0
"<a href=""https://tiktok.com/@poofunny88"" target=""_blank"">@poofunny88</a>",11,8,0,1,1,21,0,2288.571,18.5,0.143,0.143
"<a href=""https://tiktok.com/@sada2891"" target=""_blank"">@sada2891</a>",3,6,35.333,0.875,2,30,0,1098.833,12.667,0.333,0
"<a href=""https://tiktok.com/@sfu24xvv"" target=""_blank"">@sfu24xvv</a>",11,11,0,1,1,21,0,611.727,14.182,0.182,0.364
"<a href=""https://tiktok.com/@user11504181329233"" target=""_blank"">@user11504181329233</a>",2,7,46.011,0.911,3,38,0,1016.429,17.714,0.286,0
"<a href=""https://tiktok.com/@user1588747994237"" target=""_blank"">@user1588747994237</a>",2,9,55.053,0.912,4,63,0,1246.889,33.556,0.111,0
"<a href=""https://tiktok.com/@user1655672923020"" target=""_blank"">@user1655672923020</a>",1,6,55.5,1,2,36,0,806.833,16.667,0,0.167
"<a href=""https://tiktok.com/@user196977097874"" target=""_blank"">@user196977097874</a>",5,8,38.106,0.939,3,49,0,1120.375,15.125,0.125,0.25
"<a href=""https://tiktok.com/@user2191900675606"" target=""_blank"">@user2191900675606</a>",2,10,67.059,0.869,5,64,0.003,932.5,19.583,0,0.25
"<a href=""https://tiktok.com/@user39091749299177"" target=""_blank"">@user39091749299177</a>",3,4,38.375,0.75,2,24,0,1528.167,23,0.167,0.833
"<a href=""https://tiktok.com/@user4685668386088"" target=""_blank"">@user4685668386088</a>",7,6,45.451,0.887,2,34,0,2493.667,16.333,0,0
"<a href=""https://tiktok.com/@user4693204601113"" target=""_blank"">@user4693204601113</a>",3,6,38.875,0.875,2,30,0,1679.667,19.167,0.5,0.167
"<a href=""https://tiktok.com/@user4911953984822"" target=""_blank"">@user4911953984822</a>",5,12,34.257,0.97,3,54,0,676.25,9,0,0.083
"<a href=""https://tiktok.com/@user4977217663053"" target=""_blank"">@user4977217663053</a>",12,14,57.62,0.985,3,74,0,896.333,13.467,0.267,0.2
"<a href=""https://tiktok.com/@user5724560537988"" target=""_blank"">@user5724560537988</a>",13,6,20.667,1,1,18,0,715.5,18.167,0,0.167
"<a href=""https://tiktok.com/@user6000471181758"" target=""_blank"">@user6000471181758</a>",10,8,66.443,0.974,3,58,0.001,395.889,2.111,0.889,0
"<a href=""https://tiktok.com/@user6222824133704"" target=""_blank"">@user6222824133704</a>",2,15,61.341,0.937,5,96,0,1335.467,32.067,0,0.133
"<a href=""https://tiktok.com/@user6304840504157"" target=""_blank"">@user6304840504157</a>",4,12,65.185,1,3,90,0,896.417,11.083,0.25,0.417
"<a href=""https://tiktok.com/@user6787669206738"" target=""_blank"">@user6787669206738</a>",2,15,63.475,0.937,4,74,0,1172.733,32.133,0,0.067
"<a href=""https://tiktok.com/@user7100365175214"" target=""_blank"">@user7100365175214</a>",10,15,66.767,1,3,98,0,1069.133,7.733,0.8,0.267
"<a href=""https://tiktok.com/@user7406160207374"" target=""_blank"">@user7406160207374</a>",1,9,65.399,0.944,2,41,0,1507.222,46.222,0.222,0.444
"<a href=""https://tiktok.com/@user7412241516634"" target=""_blank"">@user7412241516634</a>",10,15,67.73,1,3,89,0,836.8,6.067,0.6,0.333
"<a href=""https://tiktok.com/@user75291696174110"" target=""_blank"">@user75291696174110</a>",1,8,66.232,0.944,2,41,0,1060.556,17.667,0,0
"<a href=""https://tiktok.com/@user7706142522501"" target=""_blank"">@user7706142522501</a>",7,6,73.384,0.875,2,30,0,4596.833,33.333,0.833,0.167
"<a href=""https://tiktok.com/@user7910082192187"" target=""_blank"">@user7910082192187</a>",2,13,65.087,0.89,5,87,0,1069.4,21.2,0,0.2
"<a href=""https://tiktok.com/@user93131326120672"" target=""_blank"">@user93131326120672</a>",7,6,41.71,0.887,2,32,0,864.667,18,0.167,0
"<a href=""https://tiktok.com/@yili11126"" target=""_blank"">@yili11126</a>",12,9,63.962,0.949,3,70,0,563.111,4.222,0.111,1.333
"<a href=""https://tiktok.com/@yili6480"" target=""_blank"">@yili6480</a>",4,6,60.148,1,3,54,0.002,871.333,17.333,0.333,0.167
"<a href=""https://tiktok.com/@yili68822"" target=""_blank"">@yili68822</a>",4,12,45.13,1,3,90,0,853.25,16.083,0.083,0.5
"<a href=""https://tiktok.com/@yili6885"" target=""_blank"">@yili6885</a>",12,9,59.939,0.907,3,65,0.001,1099.222,5.667,0.222,0.556
"<a href=""https://tiktok.com/@yiyiyi824"" target=""_blank"">@yiyiyi824</a>",10,12,63.4,0.974,3,83,0,1090.4,10.6,0.333,0.133
