"Account","Network","Unique Shares","Avg Time Between Shares (sec)","Edge Symmetry Score","Degree","Strength","Betweenness","Avg Views","Avg Likes","Avg Comments","Avg Shares"
"<a href=""https://tiktok.com/@aa593041"" target=""_blank"">@aa593041</a>",3,6,0,0.917,8,75,0,578.833,43.167,0.5,0
"<a href=""https://tiktok.com/@aed6071"" target=""_blank"">@aed6071</a>",24,10,0,0.9,8,138,0,2439.3,62.7,0.5,1
"<a href=""https://tiktok.com/@aediubt"" target=""_blank"">@aediubt</a>",14,6,0,1,3,24,0,10933.333,172.167,2.667,3.667
"<a href=""https://tiktok.com/@aedmd5"" target=""_blank"">@aedmd5</a>",16,8,0,0.856,16,200,0,1238.625,42.25,0.25,0.5
"<a href=""https://tiktok.com/@amzing_star0"" target=""_blank"">@amzing_star0</a>",11,6,0,0.833,5,49,0,3521.667,212.333,8.333,1.833
"<a href=""https://tiktok.com/@anderson.broudy"" target=""_blank"">@anderson.broudy</a>",10,4,0,1,6,48,0,884.5,49.75,0.5,0
"<a href=""https://tiktok.com/@andretracy0724"" target=""_blank"">@andretracy0724</a>",16,7,0,0.891,11,140,0,1611.286,53.857,0.571,0.571
"<a href=""https://tiktok.com/@baifamm13"" target=""_blank"">@baifamm13</a>",13,4,0,1,21,168,0,546.5,21.5,0.75,0.75
"<a href=""https://tiktok.com/@bartholomewnancybz1025"" target=""_blank"">@bartholomewnancybz1025</a>",20,6,0,0.792,4,42,0,2153,73.167,0.333,1.5
"<a href=""https://tiktok.com/@bdbdchhd"" target=""_blank"">@bdbdchhd</a>",5,3,0,1,2,18,0,33698.333,1265.667,21,24.667
"<a href=""https://tiktok.com/@bdodhc"" target=""_blank"">@bdodhc</a>",13,6,0,1,8,64,0.002,1867,133.5,2,2.833
"<a href=""https://tiktok.com/@be.jkigv"" target=""_blank"">@be.jkigv</a>",8,4,0,1,7,56,0,1213.5,52.75,0.25,0.25
"<a href=""https://tiktok.com/@beacherarmstrong2005"" target=""_blank"">@beacherarmstrong2005</a>",16,6,0,0.758,11,120,0,1676.667,42.5,0.167,0.167
"<a href=""https://tiktok.com/@bfffercajm"" target=""_blank"">@bfffercajm</a>",12,8,0,0.878,17,359,0,12930,675.125,5.5,3.75
"<a href=""https://tiktok.com/@bfihc"" target=""_blank"">@bfihc</a>",15,4,0,1,4,32,0,2484.5,72,0.25,0.25
"<a href=""https://tiktok.com/@bivydu"" target=""_blank"">@bivydu</a>",10,4,0,1,6,48,0,932.5,32.5,0.25,0.5
"<a href=""https://tiktok.com/@biytff8bh8"" target=""_blank"">@biytff8bh8</a>",12,7,0,0.877,17,317,0,1624.143,117.286,0.714,0.143
"<a href=""https://tiktok.com/@bkkggff66"" target=""_blank"">@bkkggff66</a>",12,8,0,0.878,17,357,0,778,16.75,0.125,0.375
"<a href=""https://tiktok.com/@bmc12655"" target=""_blank"">@bmc12655</a>",8,9,0,0.925,11,172,0,2933.222,68.667,1.222,0.556
"<a href=""https://tiktok.com/@boyfchijvy65"" target=""_blank"">@boyfchijvy65</a>",12,8,0,0.878,17,357,0,2090.125,154.5,1.25,2.5
"<a href=""https://tiktok.com/@bzsittfcfy68"" target=""_blank"">@bzsittfcfy68</a>",12,9,0,0.833,17,399,0,972.556,102.667,0.778,1.444
"<a href=""https://tiktok.com/@celedonio.mange"" target=""_blank"">@celedonio.mange</a>",22,5,0,1,1,8,0,1068.6,59.2,0.2,0.4
"<a href=""https://tiktok.com/@chantalkusch"" target=""_blank"">@chantalkusch</a>",8,4,0,1,7,56,0,1091,55.75,1,0.25
"<a href=""https://tiktok.com/@chcryd"" target=""_blank"">@chcryd</a>",24,8,0,0.86,8,112,0,3541.875,115.875,1.25,2.375
"<a href=""https://tiktok.com/@china_girl_526"" target=""_blank"">@china_girl_526</a>",11,24,0,0.916,6,137,0,410.033,57.167,3.833,2.367
"<a href=""https://tiktok.com/@chinuo.zhong"" target=""_blank"">@chinuo.zhong</a>",25,10,0,0.95,2,34,0,1253.2,57.5,1.2,0.5
"<a href=""https://tiktok.com/@clou0078"" target=""_blank"">@clou0078</a>",6,7,0,0.929,6,98,0,509,10.143,0.143,0.143
"<a href=""https://tiktok.com/@ctskgzjv"" target=""_blank"">@ctskgzjv</a>",12,7,0,0.877,17,317,0,2362,205,2.143,1.857
"<a href=""https://tiktok.com/@dayutoureddit"" target=""_blank"">@dayutoureddit</a>",13,4,0,1,21,168,0,2966,151.25,10,8.75
"<a href=""https://tiktok.com/@dd79124"" target=""_blank"">@dd79124</a>",3,5,0,1,7,61,0,614.2,18.6,0,0.4
"<a href=""https://tiktok.com/@der32946"" target=""_blank"">@der32946</a>",2,4,0,1,8,80,0,1947,67,1.25,2.25
"<a href=""https://tiktok.com/@dhcdyu"" target=""_blank"">@dhcdyu</a>",16,8,0,0.9,10,82,0,2794.25,96.625,1.125,6.75
"<a href=""https://tiktok.com/@dscgty"" target=""_blank"">@dscgty</a>",24,10,0,0.9,8,138,0,12578.2,212,5.7,8.8
"<a href=""https://tiktok.com/@elmacatharine2013"" target=""_blank"">@elmacatharine2013</a>",16,7,0,0.873,16,180,0.001,887.286,17.286,0,0.143
"<a href=""https://tiktok.com/@elvistrevelyan0204"" target=""_blank"">@elvistrevelyan0204</a>",20,6,0,0.833,5,54,0,1971.833,32.5,0.167,3.833
"<a href=""https://tiktok.com/@eternally36"" target=""_blank"">@eternally36</a>",13,4,0,1,21,168,0,1149.75,50,0.25,0.25
"<a href=""https://tiktok.com/@evdsfgg89"" target=""_blank"">@evdsfgg89</a>",12,8,0,0.878,17,359,0,2186.25,196.625,2.625,0.875
"<a href=""https://tiktok.com/@fdijc3"" target=""_blank"">@fdijc3</a>",8,9,0,0.925,14,196,0.002,2669.889,190.111,2,16.111
"<a href=""https://tiktok.com/@fecbgf"" target=""_blank"">@fecbgf</a>",24,8,0,0.875,8,114,0,6678.125,98.375,2.125,1.25
"<a href=""https://tiktok.com/@ferdinand0304"" target=""_blank"">@ferdinand0304</a>",16,8,0,0.856,16,200,0,1359.125,73.375,0.25,1.25
"<a href=""https://tiktok.com/@ferdinandbecky1982"" target=""_blank"">@ferdinandbecky1982</a>",20,6,0,0.833,5,54,0,5247.833,141,1.333,1.667
"<a href=""https://tiktok.com/@fhchf25"" target=""_blank"">@fhchf25</a>",13,6,0,1,24,208,0.001,1175.333,60,0.833,0.833
"<a href=""https://tiktok.com/@fhffy375"" target=""_blank"">@fhffy375</a>",25,8,0,0.938,2,30,0,1452,58.75,0.875,0.375
"<a href=""https://tiktok.com/@fhgrd4764"" target=""_blank"">@fhgrd4764</a>",16,4,0,0.9,10,82,0,398,18.25,0.25,0.25
"<a href=""https://tiktok.com/@fhvdet"" target=""_blank"">@fhvdet</a>",24,9,0,0.93,8,127,0,7196.111,112.778,2.556,1.444
"<a href=""https://tiktok.com/@fichfj1"" target=""_blank"">@fichfj1</a>",13,4,0,1,21,168,0,1516.5,48,1.25,2
"<a href=""https://tiktok.com/@fjgryg0"" target=""_blank"">@fjgryg0</a>",24,8,0,0.86,8,112,0,3276.625,119.125,1.25,1
"<a href=""https://tiktok.com/@fkshusjxb"" target=""_blank"">@fkshusjxb</a>",13,4,0,1,21,168,0,779.25,27.25,0.25,0
"<a href=""https://tiktok.com/@frankdodd0601"" target=""_blank"">@frankdodd0601</a>",16,8,0,0.856,16,200,0,438.625,16,0.375,0.125
"<a href=""https://tiktok.com/@fuchc053"" target=""_blank"">@fuchc053</a>",15,4,0,1,4,32,0,2646.5,204.5,1,4
"<a href=""https://tiktok.com/@fuckh78"" target=""_blank"">@fuckh78</a>",13,4,0,1,1,8,0,1991.5,50,1,1.5
"<a href=""https://tiktok.com/@fughf21"" target=""_blank"">@fughf21</a>",8,10,0,0.911,14,216,0,1705.4,56.3,0.5,0.4
"<a href=""https://tiktok.com/@gavin.cunningham2"" target=""_blank"">@gavin.cunningham2</a>",15,4,0,1,4,32,0,3207,105.25,1.75,4.25
"<a href=""https://tiktok.com/@ggycyxr"" target=""_blank"">@ggycyxr</a>",10,4,0,1,6,48,0,885,58.5,0.5,5.75
"<a href=""https://tiktok.com/@gh225932"" target=""_blank"">@gh225932</a>",2,4,0,1,8,80,0,548.75,27.25,0.5,0.25
"<a href=""https://tiktok.com/@ghcdax"" target=""_blank"">@ghcdax</a>",20,6,0,0.646,4,34,0,3247.833,52.333,0.667,0.167
"<a href=""https://tiktok.com/@givtuv"" target=""_blank"">@givtuv</a>",25,9,0,0.887,2,32,0,2413.333,104.333,2,1.333
"<a href=""https://tiktok.com/@gjbgikh"" target=""_blank"">@gjbgikh</a>",20,8,0,0.792,5,58,0,1525.375,47.875,0.25,1.5
"<a href=""https://tiktok.com/@gjcfyc"" target=""_blank"">@gjcfyc</a>",20,6,0,0.833,5,54,0,3221.25,58.875,1.125,3
"<a href=""https://tiktok.com/@godv7302"" target=""_blank"">@godv7302</a>",15,4,0,1,4,32,0,543,16.5,0.25,0.25
"<a href=""https://tiktok.com/@gofman.008"" target=""_blank"">@gofman.008</a>",6,7,0,0.929,6,98,0,1300.857,20.714,0.286,0.143
"<a href=""https://tiktok.com/@gordonwilcox2003"" target=""_blank"">@gordonwilcox2003</a>",16,5,0,0.7,12,116,0,3061.8,37.2,1.2,0.4
"<a href=""https://tiktok.com/@gxicofj"" target=""_blank"">@gxicofj</a>",13,4,0,1,2,16,0,2169.5,109.5,0.75,0
"<a href=""https://tiktok.com/@hcodifb"" target=""_blank"">@hcodifb</a>",8,6,0,1,16,132,0.003,1553.5,49.5,0.333,1.167
"<a href=""https://tiktok.com/@hcooxhsx"" target=""_blank"">@hcooxhsx</a>",13,4,0,1,7,56,0,1940.75,86.75,2,1.25
"<a href=""https://tiktok.com/@hdhjvx2"" target=""_blank"">@hdhjvx2</a>",16,6,0,0.833,11,122,0,927.833,59,2.333,0.167
"<a href=""https://tiktok.com/@hdididh8"" target=""_blank"">@hdididh8</a>",8,4,0,1,7,56,0,2864.5,126.5,2.25,2.25
"<a href=""https://tiktok.com/@hdifhg5"" target=""_blank"">@hdifhg5</a>",8,10,0,0.911,14,216,0,2655.7,72.7,1.9,1.4
"<a href=""https://tiktok.com/@hdjixdj"" target=""_blank"">@hdjixdj</a>",13,4,0,1,2,16,0,1056,74.75,0.75,5.25
"<a href=""https://tiktok.com/@hfigi61"" target=""_blank"">@hfigi61</a>",14,6,0,1,3,24,0,24046.667,654.833,13.333,9.333
"<a href=""https://tiktok.com/@hh155702"" target=""_blank"">@hh155702</a>",3,5,0,1,7,62,0,731.4,84.6,1.2,1.4
"<a href=""https://tiktok.com/@hsozhs6"" target=""_blank"">@hsozhs6</a>",8,6,0,1,16,132,0.003,1033.167,49.667,1,1.167
"<a href=""https://tiktok.com/@hsthsu5"" target=""_blank"">@hsthsu5</a>",22,4,0,1,1,8,0,1257.167,48.167,0.5,1.667
"<a href=""https://tiktok.com/@hvcnnh"" target=""_blank"">@hvcnnh</a>",16,7,0,0.833,12,149,0,998,36.143,0.286,0.286
"<a href=""https://tiktok.com/@hzbdbrb737hdh"" target=""_blank"">@hzbdbrb737hdh</a>",12,7,0,0.877,17,313,0,770.571,53,0.429,0.571
"<a href=""https://tiktok.com/@ii73950"" target=""_blank"">@ii73950</a>",3,5,0,1,7,62,0,622.4,26.6,0.2,0.2
"<a href=""https://tiktok.com/@irdc042"" target=""_blank"">@irdc042</a>",8,10,0,0.911,14,216,0,3852.5,170.5,3,19.7
"<a href=""https://tiktok.com/@jdndndn814"" target=""_blank"">@jdndndn814</a>",12,9,0,0.833,17,399,0,2051.889,210.667,1.556,2.778
"<a href=""https://tiktok.com/@jdoxhbd"" target=""_blank"">@jdoxhbd</a>",23,4,0,1,2,16,0,2186.5,121.75,1.25,34.25
"<a href=""https://tiktok.com/@jdpxorjf"" target=""_blank"">@jdpxorjf</a>",8,5,0,0.917,11,105,0,952.6,53.6,0.2,1.6
"<a href=""https://tiktok.com/@jfkovj5"" target=""_blank"">@jfkovj5</a>",8,10,0,0.911,14,216,0,2157.3,76.7,1.4,2.1
"<a href=""https://tiktok.com/@jfufrehcdh"" target=""_blank"">@jfufrehcdh</a>",8,4,0,1,7,56,0,1344,76.5,1,3.5
"<a href=""https://tiktok.com/@joannafitzgerald1111"" target=""_blank"">@joannafitzgerald1111</a>",24,8,0,0.86,8,113,0,2531,80.625,0.625,0.75
"<a href=""https://tiktok.com/@joanneanderson2017"" target=""_blank"">@joanneanderson2017</a>",16,4,0,0.9,10,82,0,423.75,13.75,0.25,0.5
"<a href=""https://tiktok.com/@josephmacadam2022"" target=""_blank"">@josephmacadam2022</a>",16,7,0,0.891,11,140,0,22665.429,310.286,3.286,7.429
"<a href=""https://tiktok.com/@jsosjxj8"" target=""_blank"">@jsosjxj8</a>",8,4,0,1,10,80,0.001,824.25,50,0,2.25
"<a href=""https://tiktok.com/@jtcytxyzey"" target=""_blank"">@jtcytxyzey</a>",8,4,0,1,7,56,0,5005.5,59.25,4.25,0.25
"<a href=""https://tiktok.com/@jubal_movie"" target=""_blank"">@jubal_movie</a>",10,4,0,1,6,48,0,1038,47.75,1,0.75
"<a href=""https://tiktok.com/@kellygallacher0930"" target=""_blank"">@kellygallacher0930</a>",16,8,0,0.856,16,200,0,86686.5,1497.75,12.375,33.25
"<a href=""https://tiktok.com/@kili1173"" target=""_blank"">@kili1173</a>",3,6,0,0.917,8,75,0,657.833,36.667,0.167,0.167
"<a href=""https://tiktok.com/@kris.noproblem"" target=""_blank"">@kris.noproblem</a>",9,4,0,1,7,56,0,1083.75,47.25,0.75,3.5
"<a href=""https://tiktok.com/@kriss.kriss.life"" target=""_blank"">@kriss.kriss.life</a>",10,4,0,1,6,48,0,386.75,30.75,0,0.25
"<a href=""https://tiktok.com/@krug011"" target=""_blank"">@krug011</a>",8,10,0,0.911,14,216,0,1108.3,71.8,0.2,1.2
"<a href=""https://tiktok.com/@kubri_pilot_3535"" target=""_blank"">@kubri_pilot_3535</a>",11,17,0,0.792,6,122,0,43191.778,5065.389,189.222,503.556
"<a href=""https://tiktok.com/@lewisaledk0117"" target=""_blank"">@lewisaledk0117</a>",16,8,0,0.856,16,200,0,5396.25,34.5,2,1.5
"<a href=""https://tiktok.com/@maria.manaiag"" target=""_blank"">@maria.manaiag</a>",9,4,0,1,7,56,0,1327.5,106.5,2,1.25
"<a href=""https://tiktok.com/@max6946782"" target=""_blank"">@max6946782</a>",2,4,0,1,8,80,0,522.5,26.75,0.25,1
"<a href=""https://tiktok.com/@mdsdz2"" target=""_blank"">@mdsdz2</a>",5,3,0,1,2,18,0,4638,177.667,16.333,3.333
"<a href=""https://tiktok.com/@mustak42459"" target=""_blank"">@mustak42459</a>",1,3,0,1,2,18,0,135,50,17,7
"<a href=""https://tiktok.com/@nataliechristiana2016"" target=""_blank"">@nataliechristiana2016</a>",16,7,0,0.833,12,149,0,34819,532.143,3.286,9
"<a href=""https://tiktok.com/@neidbeuh89"" target=""_blank"">@neidbeuh89</a>",12,8,0,0.878,17,359,0,1020.375,54.625,0.75,0.375
"<a href=""https://tiktok.com/@nendn4309"" target=""_blank"">@nendn4309</a>",15,4,0,1,4,32,0,1073.75,37.75,0.75,1
"<a href=""https://tiktok.com/@ngan.truong.thanh"" target=""_blank"">@ngan.truong.thanh</a>",7,3,0,1,3,27,0,2105.333,33.333,0,0.667
"<a href=""https://tiktok.com/@nguyen.huang8"" target=""_blank"">@nguyen.huang8</a>",9,4,0,1,7,56,0,1075.75,32,0.25,0.75
"<a href=""https://tiktok.com/@nigcghfxpjg"" target=""_blank"">@nigcghfxpjg</a>",12,9,0,0.833,17,399,0,15280.444,698.556,6.111,5.667
"<a href=""https://tiktok.com/@nihgvgt889"" target=""_blank"">@nihgvgt889</a>",12,8,0,0.878,17,359,0,8492.125,174.625,4.125,1.875
"<a href=""https://tiktok.com/@nlohggce39"" target=""_blank"">@nlohggce39</a>",12,9,0,0.833,17,399,0,1400.333,52.667,0.889,0.556
"<a href=""https://tiktok.com/@noihggg66"" target=""_blank"">@noihggg66</a>",12,8,0,0.878,17,357,0,2185.75,145.625,2.875,0.875
"<a href=""https://tiktok.com/@perel.dicktk"" target=""_blank"">@perel.dicktk</a>",9,4,0,1,7,56,0,2306.75,48,0.25,0.5
"<a href=""https://tiktok.com/@pickrell.agundez"" target=""_blank"">@pickrell.agundez</a>",7,3,0,1,3,27,0,1513.667,40.667,0,0
"<a href=""https://tiktok.com/@pleas.raphakk"" target=""_blank"">@pleas.raphakk</a>",9,4,0,1,7,56,0,4253.75,105.5,1,1.5
"<a href=""https://tiktok.com/@ponyffvy88"" target=""_blank"">@ponyffvy88</a>",12,9,0,0.833,17,399,0,1431,112.667,0.778,0.667
"<a href=""https://tiktok.com/@portolesegrubba"" target=""_blank"">@portolesegrubba</a>",6,7,0,0.929,6,98,0,1165.143,22.714,0,1.714
"<a href=""https://tiktok.com/@power7143"" target=""_blank"">@power7143</a>",3,5,0,0.833,5,40,0,1373.8,83.8,3.2,1.2
"<a href=""https://tiktok.com/@pp7263033"" target=""_blank"">@pp7263033</a>",2,4,0,1,8,80,0,915.5,23.75,0,0.25
"<a href=""https://tiktok.com/@prkdnkrb58"" target=""_blank"">@prkdnkrb58</a>",12,6,0,0.818,17,272,0,1053.833,74.5,0,0.833
"<a href=""https://tiktok.com/@qhophvgycf89"" target=""_blank"">@qhophvgycf89</a>",12,6,0,0.818,17,265,0,1479.5,91.167,0.333,0.667
"<a href=""https://tiktok.com/@qq07296"" target=""_blank"">@qq07296</a>",2,4,0,1,8,80,0,7179.75,101,0.75,2.75
"<a href=""https://tiktok.com/@qq78941"" target=""_blank"">@qq78941</a>",3,6,0,0.917,8,75,0,555.667,36.833,0.167,0.5
"<a href=""https://tiktok.com/@qq961895"" target=""_blank"">@qq961895</a>",2,4,0,1,8,80,0,4127,156.75,1,2
"<a href=""https://tiktok.com/@quincyshop08"" target=""_blank"">@quincyshop08</a>",8,4,0,1,7,56,0,16741.25,106,4.25,1.5
"<a href=""https://tiktok.com/@reddit_yang"" target=""_blank"">@reddit_yang</a>",13,4,0,1,21,168,0,844.5,16.25,0.25,1.75
"<a href=""https://tiktok.com/@risood6"" target=""_blank"">@risood6</a>",13,4,0,1,21,168,0,1296.75,38.5,0.75,0.5
"<a href=""https://tiktok.com/@rmcbk1"" target=""_blank"">@rmcbk1</a>",24,10,0,0.9,8,138,0,6123,214,7,2
"<a href=""https://tiktok.com/@rosalia.loeppke"" target=""_blank"">@rosalia.loeppke</a>",7,3,0,1,3,27,0,10021.333,151,0,3.333
"<a href=""https://tiktok.com/@ryllskayalife7"" target=""_blank"">@ryllskayalife7</a>",10,4,0,1,6,48,0,645,34,0.5,2
"<a href=""https://tiktok.com/@sandyjulia2021"" target=""_blank"">@sandyjulia2021</a>",13,4,0,1,21,168,0,944.5,48.25,0.5,0.25
"<a href=""https://tiktok.com/@santiago.fernande323"" target=""_blank"">@santiago.fernande323</a>",9,4,0,1,7,56,0,3533.5,142,2.75,0.75
"<a href=""https://tiktok.com/@satarajoette"" target=""_blank"">@satarajoette</a>",13,6,0,1,24,208,0.001,1812.5,112.333,0.833,2.833
"<a href=""https://tiktok.com/@sayzxdt"" target=""_blank"">@sayzxdt</a>",13,4,0,1,21,168,0,1331.5,116.75,1.75,0.25
"<a href=""https://tiktok.com/@smmunna507"" target=""_blank"">@smmunna507</a>",1,3,0,1,2,18,0,115.333,21.333,1,0.333
"<a href=""https://tiktok.com/@stebbinskulp"" target=""_blank"">@stebbinskulp</a>",9,4,0,1,7,56,0,1024.25,61.25,0.25,3.25
"<a href=""https://tiktok.com/@timemovie30"" target=""_blank"">@timemovie30</a>",16,4,0,0.9,10,82,0,564.25,12.25,0.25,0.25
"<a href=""https://tiktok.com/@tin.huynh.kim"" target=""_blank"">@tin.huynh.kim</a>",7,3,0,1,3,27,0,514.667,5,0,0
"<a href=""https://tiktok.com/@tree59906"" target=""_blank"">@tree59906</a>",3,6,0,0.917,8,75,0,662.833,57,0.833,2.333
"<a href=""https://tiktok.com/@ubf084006c"" target=""_blank"">@ubf084006c</a>",14,6,0,1,3,24,0,1048.833,23,0.333,0.667
"<a href=""https://tiktok.com/@ubhutfrx"" target=""_blank"">@ubhutfrx</a>",8,5,0,0.917,11,105,0,32549.4,1082.2,5.4,9.2
"<a href=""https://tiktok.com/@udocidh"" target=""_blank"">@udocidh</a>",23,6,0,1,2,16,0,2153.167,92,2.667,6.833
"<a href=""https://tiktok.com/@uftixru"" target=""_blank"">@uftixru</a>",23,4,0,1,2,16,0,4504,81,0,0.5
"<a href=""https://tiktok.com/@uhpdh"" target=""_blank"">@uhpdh</a>",8,10,0,0.911,14,216,0,2397.4,135.9,1,1
"<a href=""https://tiktok.com/@user1203836358576"" target=""_blank"">@user1203836358576</a>",24,8,0,0.891,8,114,0,10555.875,168.5,4.125,1.875
"<a href=""https://tiktok.com/@user1363095783512"" target=""_blank"">@user1363095783512</a>",18,3,0,1,3,27,0,816,33.333,2.667,15
"<a href=""https://tiktok.com/@user17056849301627"" target=""_blank"">@user17056849301627</a>",13,6,0,1,24,208,0.001,1128.833,66.167,0.167,0.667
"<a href=""https://tiktok.com/@user1731887617430"" target=""_blank"">@user1731887617430</a>",4,7,0,1,2,36,0,1176.286,37.143,0.571,1.143
"<a href=""https://tiktok.com/@user1883350261029"" target=""_blank"">@user1883350261029</a>",19,3,0,0.875,3,30,0,292.667,5.333,0,4.667
"<a href=""https://tiktok.com/@user2598815266619"" target=""_blank"">@user2598815266619</a>",3,6,0,0.917,8,75,0,838.833,74.5,0.5,0.333
"<a href=""https://tiktok.com/@user2719000861228"" target=""_blank"">@user2719000861228</a>",4,6,0,1,2,36,0,5928.833,97.167,2.333,10.167
"<a href=""https://tiktok.com/@user2750197497915"" target=""_blank"">@user2750197497915</a>",2,4,0,1,8,80,0,1105.25,22.5,0.5,1.5
"<a href=""https://tiktok.com/@user3561761255257"" target=""_blank"">@user3561761255257</a>",21,3,0,1,2,18,0,760.333,27.667,0,0.333
"<a href=""https://tiktok.com/@user4258816615474"" target=""_blank"">@user4258816615474</a>",6,6,0,0.929,6,89,0,1289.167,21.833,0.167,0.167
"<a href=""https://tiktok.com/@user49430429130181"" target=""_blank"">@user49430429130181</a>",21,3,0,1,2,18,0,209.667,2.667,0,0
"<a href=""https://tiktok.com/@user5108603911411"" target=""_blank"">@user5108603911411</a>",6,7,0,0.929,6,98,0,619.857,20.571,0,1.714
"<a href=""https://tiktok.com/@user51678731985597"" target=""_blank"">@user51678731985597</a>",13,6,0,1,3,24,0.003,15526.833,495.333,10.167,66.167
"<a href=""https://tiktok.com/@user5273018841191"" target=""_blank"">@user5273018841191</a>",6,7,0,0.929,6,98,0,340.286,15.714,0,0.857
"<a href=""https://tiktok.com/@user5479833268377"" target=""_blank"">@user5479833268377</a>",18,3,0,1,3,27,0,376.667,22,0,0.333
"<a href=""https://tiktok.com/@user5626060056906"" target=""_blank"">@user5626060056906</a>",8,10,0,0.911,14,216,0,2238.5,129.1,3.2,5.3
"<a href=""https://tiktok.com/@user5757844711343"" target=""_blank"">@user5757844711343</a>",4,6,0,1,2,36,0,49385.667,1095,5.333,11.167
"<a href=""https://tiktok.com/@user6129488449035"" target=""_blank"">@user6129488449035</a>",2,4,0,1,8,80,0,2925.25,63,0.5,0
"<a href=""https://tiktok.com/@user6171047885852"" target=""_blank"">@user6171047885852</a>",13,4,0,1,21,168,0,747.75,26.75,0.5,0.5
"<a href=""https://tiktok.com/@user69035475415230"" target=""_blank"">@user69035475415230</a>",2,4,0,1,8,80,0,5721.5,75.75,5.5,9.75
"<a href=""https://tiktok.com/@user6922385284275"" target=""_blank"">@user6922385284275</a>",8,8,0,0.903,11,160,0,1627,58.111,0.778,1.444
"<a href=""https://tiktok.com/@user69943662042413"" target=""_blank"">@user69943662042413</a>",13,4,0,1,21,168,0,1189.5,63.5,0.75,0
"<a href=""https://tiktok.com/@user7061506143106"" target=""_blank"">@user7061506143106</a>",19,3,0,0.875,3,30,0,2528.333,3.667,0.333,0
"<a href=""https://tiktok.com/@user7077241321500"" target=""_blank"">@user7077241321500</a>",18,3,0,1,3,27,0,501,5.667,0.667,4.333
"<a href=""https://tiktok.com/@user74851658119596"" target=""_blank"">@user74851658119596</a>",6,6,0,0.929,6,89,0,6106.5,62.667,0.667,1.333
"<a href=""https://tiktok.com/@user7516190319240"" target=""_blank"">@user7516190319240</a>",10,4,0,1,6,48,0,1088,58,0.75,1
"<a href=""https://tiktok.com/@user7813792927012"" target=""_blank"">@user7813792927012</a>",13,4,0,1,21,168,0,268543.5,9902.25,45,50
"<a href=""https://tiktok.com/@user8241004004160"" target=""_blank"">@user8241004004160</a>",19,3,0,0.875,3,30,0,69,0.667,0,1.333
"<a href=""https://tiktok.com/@user8417178742541"" target=""_blank"">@user8417178742541</a>",17,3,0,1,1,9,0,270,7,0,0
"<a href=""https://tiktok.com/@user8662190461588"" target=""_blank"">@user8662190461588</a>",5,3,0,1,2,18,0,4048.333,130.333,2,0.667
"<a href=""https://tiktok.com/@user8843781769878"" target=""_blank"">@user8843781769878</a>",21,3,0,1,2,18,0,378.333,8.333,0,0
"<a href=""https://tiktok.com/@user8870176278834"" target=""_blank"">@user8870176278834</a>",18,3,0,1,3,27,0,4403.667,86.667,16.333,55.333
"<a href=""https://tiktok.com/@user90221768842097"" target=""_blank"">@user90221768842097</a>",13,4,0,1,21,168,0,5686.75,231.5,4.5,1.5
"<a href=""https://tiktok.com/@user9262051903981"" target=""_blank"">@user9262051903981</a>",13,4,0,1,21,168,0,1533.25,91.5,2,4
"<a href=""https://tiktok.com/@user95685851853464"" target=""_blank"">@user95685851853464</a>",17,3,0,1,1,9,0,375.667,1.667,0,0
"<a href=""https://tiktok.com/@user95970075575902"" target=""_blank"">@user95970075575902</a>",19,4,0,0.75,3,36,0,404.25,9.25,1.5,0.75
"<a href=""https://tiktok.com/@user9638712240929"" target=""_blank"">@user9638712240929</a>",13,4,0,1,7,56,0,560.75,20.5,0.5,0
"<a href=""https://tiktok.com/@user9660772417487"" target=""_blank"">@user9660772417487</a>",14,6,0,1,3,24,0,2234.5,57.5,1.167,1.167
"<a href=""https://tiktok.com/@userjohirul6"" target=""_blank"">@userjohirul6</a>",1,3,0,1,2,18,0,303.333,68.333,7,0.333
"<a href=""https://tiktok.com/@username.1234615"" target=""_blank"">@username.1234615</a>",11,4,0,0.822,5,46,0,1030,96,6.6,9.4
"<a href=""https://tiktok.com/@username.12365478"" target=""_blank"">@username.12365478</a>",11,6,0,0.744,6,65,0,2387.667,277.667,33.667,18.5
"<a href=""https://tiktok.com/@username.1545465"" target=""_blank"">@username.1545465</a>",11,10,0,0.858,6,88,0,822.167,116.5,6.167,1.917
"<a href=""https://tiktok.com/@username.64754675"" target=""_blank"">@username.64754675</a>",11,16,0,0.792,4,99,0,203,34.611,3.667,2.111
"<a href=""https://tiktok.com/@windi.suzang"" target=""_blank"">@windi.suzang</a>",9,4,0,1,7,56,0,3867.25,94.75,1,5.75
"<a href=""https://tiktok.com/@xiaphuangya47"" target=""_blank"">@xiaphuangya47</a>",13,4,0,1,21,168,0,1045.5,95.75,0.5,1
"<a href=""https://tiktok.com/@xyzpioamm"" target=""_blank"">@xyzpioamm</a>",13,4,0,1,21,168,0,2155,95,0.5,8.5
"<a href=""https://tiktok.com/@yazmin_movie"" target=""_blank"">@yazmin_movie</a>",13,8,0,1,25,216,0.005,2326,78.875,1.625,2.25
"<a href=""https://tiktok.com/@yesyes7784"" target=""_blank"">@yesyes7784</a>",13,4,0,1,21,168,0,1178.25,105.25,0.25,0
"<a href=""https://tiktok.com/@yfidifh"" target=""_blank"">@yfidifh</a>",13,6,0,1,24,208,0.001,901.167,45.667,0.833,2
"<a href=""https://tiktok.com/@ykht6376ew"" target=""_blank"">@ykht6376ew</a>",12,8,0,0.878,17,354,0,808.875,90.625,1.125,0.375
