"Network","Number of Accounts","Network Density","Network Diameter","Clustering Coefficient","Avg Views","Avg Likes","Avg Comments","Avg Shares","Member Accounts"
1,3,1,9,1,184.556,46.556,8.333,2.556,"mustak42459, smmunna507, userjohirul6"
2,9,1,10,1,2776.944,62.639,1.139,2.194,"user6129488449035, der32946, max6946782, gh225932, qq07296, user2750197497915, pp7263033, qq961895, user69035475415230"
3,9,0.917,17,0.93,729.46,51.14,0.72,0.72,"qq78941, hh155702, user2598815266619, kili1173, aa593041, power7143, ii73950, tree59906, dd79124"
4,3,1,18,1,17901.105,390.158,2.632,7.158,"user1731887617430, user2719000861228, user5757844711343"
5,3,1,9,1,14128.222,524.556,13.111,9.556,"mdsdz2, bdbdchhd, user8662190461588"
6,7,1,17,1,1530.213,24.17,0.17,0.872,"clou0078, user4258816615474, gofman.008, user5108603911411, user5273018841191, portolesegrubba, user74851658119596"
7,4,1,9,1,3538.75,57.5,0,1,"pickrell.agundez, ngan.truong.thanh, rosalia.loeppke, tin.huynh.kim"
8,21,0.571,32,0.85,3575.429,124.918,1.605,3.966,"fughf21, krug011, irdc042, user5626060056906, uhpdh, hdifhg5, bmc12655, jfkovj5, jdpxorjf, ubhutfrx, fdijc3, jsosjxj8, hcodifb, hsozhs6, quincyshop08, jfufrehcdh, chantalkusch, hdididh8, jtcytxyzey, user6922385284275, be.jkigv"
9,8,1,8,1,2309.062,79.656,1.031,2.156,"stebbinskulp, maria.manaiag, santiago.fernande323, perel.dicktk, kris.noproblem, pleas.raphakk, nguyen.huang8, windi.suzang"
10,7,1,8,1,837.107,44.464,0.5,1.464,"jubal_movie, kriss.kriss.life, anderson.broudy, ggycyxr, ryllskayalife7, bivydu, user7516190319240"
11,7,0.905,23,0.907,8882.937,1035.084,41.537,98.579,"amzing_star0, username.1234615, china_girl_526, kubri_pilot_3535, username.12365478, username.1545465, username.64754675"
12,18,1,27,1,3398.979,185.099,1.852,1.514,"ctskgzjv, nihgvgt889, nlohggce39, boyfchijvy65, bkkggff66, bfffercajm, bzsittfcfy68, neidbeuh89, ponyffvy88, jdndndn814, prkdnkrb58, evdsfgg89, biytff8bh8, nigcghfxpjg, noihggg66, qhophvgycf89, hzbdbrb737hdh, ykht6376ew"
13,29,0.626,32,0.943,10286.144,393.879,3.038,6.227,"eternally36, user6171047885852, xiaphuangya47, fkshusjxb, user9262051903981, reddit_yang, baifamm13, dayutoureddit, user90221768842097, xyzpioamm, sayzxdt, risood6, gxicofj, user69943662042413, hdjixdj, fichfj1, yazmin_movie, sandyjulia2021, user7813792927012, satarajoette, yesyes7784, user51678731985597, fhchf25, user17056849301627, user9638712240929, hcooxhsx, bdodhc, fuckh78, yfidifh"
14,4,1,8,1,9565.833,226.875,4.375,3.708,"aediubt, ubf084006c, hfigi61, user9660772417487"
15,5,1,8,1,1990.95,87.2,0.8,1.95,"gavin.cunningham2, nendn4309, fuchc053, bfihc, godv7302"
16,17,0.794,20,0.86,11130.839,193.786,1.848,4.259,"hdhjvx2, elmacatharine2013, aedmd5, josephmacadam2022, frankdodd0601, kellygallacher0930, beacherarmstrong2005, lewisaledk0117, ferdinand0304, andretracy0724, nataliechristiana2016, hvcnnh, fhgrd4764, dhcdyu, timemovie30, joanneanderson2017, gordonwilcox2003"
17,2,1,9,0,322.833,4.333,0,0,"user8417178742541, user95685851853464"
18,4,1,9,1,1524.333,36.917,4.917,18.75,"user5479833268377, user7077241321500, user1363095783512, user8870176278834"
19,4,1,12,1,791.308,5.077,0.538,1.615,"user7061506143106, user95970075575902, user8241004004160, user1883350261029"
20,6,0.933,18,0.923,2842.4,66.2,0.65,1.975,"elvistrevelyan0204, ghcdax, gjbgikh, ferdinandbecky1982, bartholomewnancybz1025, gjcfyc"
21,3,1,9,1,449.444,12.889,0,0.111,"user49430429130181, user3561761255257, user8843781769878"
22,2,1,8,0,1171.455,53.182,0.364,1.091,"hsthsu5, celedonio.mange"
23,3,1,8,1,2834.357,97.357,1.5,12.857,"jdoxhbd, udocidh, uftixru"
24,9,1,20,1,6187.823,133.696,2.911,2.392,"aed6071, fjgryg0, fhvdet, dscgty, chcryd, joannafitzgerald1111, rmcbk1, fecbgf, user1203836358576"
25,3,1,18,1,1698.815,73.481,1.37,0.741,"fhffy375, chinuo.zhong, givtuv"
