"Post URL","Network","Author","Timestamp","Number of Accounts","Views","Likes","Comments","Shares","Description"
"<a href=""https://www.tiktok.com/@8a44bd80/video/7572721671849725239"" target=""_blank"" class=""btn btn-sm"" style=""background-color: #00926c; color: white; text-decoration: none; padding: 2px 8px; border-radius: 4px; font-size: 0.8em;"">View Post</a>",2,"8a44bd80","2025-11-14 23:08:25",4,1156,42,0,0,"Kondisi terkini mushola PONPES Al Khoziny Sidoarjo ambruk saat salat ashar #jtvjember #evakuasi #sidoarjo #fyp"
"<a href=""https://www.tiktok.com/@6b1ebfa2/video/7572721626643549470"" target=""_blank"" class=""btn btn-sm"" style=""background-color: #00926c; color: white; text-decoration: none; padding: 2px 8px; border-radius: 4px; font-size: 0.8em;"">View Post</a>",2,"6b1ebfa2","2025-11-14 23:07:53",4,71825,259,4,4,"Kondisi terkini mushola PONPES Al Khoziny Sidoarjo ambruk saat salat ashar #jtvjember #evakuasi #sidoarjo #fyp"
"<a href=""https://www.tiktok.com/@user5110430284941/video/7572721592711580958"" target=""_blank"" class=""btn btn-sm"" style=""background-color: #00926c; color: white; text-decoration: none; padding: 2px 8px; border-radius: 4px; font-size: 0.8em;"">View Post</a>",2,"user5110430284941","2025-11-14 23:07:40",4,290,9,0,0,"Kondisi terkini mushola PONPES Al Khoziny Sidoarjo ambruk saat salat ashar #jtvjember #evakuasi #sidoarjo #fyp"
"<a href=""https://www.tiktok.com/@8a44bd80/video/7572721568304991501"" target=""_blank"" class=""btn btn-sm"" style=""background-color: #00926c; color: white; text-decoration: none; padding: 2px 8px; border-radius: 4px; font-size: 0.8em;"">View Post</a>",2,"8a44bd80","2025-11-14 23:07:54",4,1003,28,1,0,"Kondisi terkini mushola PONPES Al Khoziny Sidoarjo ambruk saat salat ashar #jtvjember #evakuasi #sidoarjo #fyp"
"<a href=""https://www.tiktok.com/@user4695781184610/video/7572721549342428447"" target=""_blank"" class=""btn btn-sm"" style=""background-color: #00926c; color: white; text-decoration: none; padding: 2px 8px; border-radius: 4px; font-size: 0.8em;"">View Post</a>",2,"user4695781184610","2025-11-14 23:07:32",4,1556,28,3,2,"Kondisi terkini mushola PONPES Al Khoziny Sidoarjo ambruk saat salat ashar #jtvjember #evakuasi #sidoarjo #fyp"
"<a href=""https://www.tiktok.com/@user4695781184610/video/7572721548650368286"" target=""_blank"" class=""btn btn-sm"" style=""background-color: #00926c; color: white; text-decoration: none; padding: 2px 8px; border-radius: 4px; font-size: 0.8em;"">View Post</a>",2,"user4695781184610","2025-11-14 23:07:33",4,1325,16,1,0,"Kondisi terkini mushola PONPES Al Khoziny Sidoarjo ambruk saat salat ashar #jtvjember #evakuasi #sidoarjo #fyp"
"<a href=""https://www.tiktok.com/@6b1ebfa2/video/7572721445193649438"" target=""_blank"" class=""btn btn-sm"" style=""background-color: #00926c; color: white; text-decoration: none; padding: 2px 8px; border-radius: 4px; font-size: 0.8em;"">View Post</a>",2,"6b1ebfa2","2025-11-14 23:07:08",4,32972,70,0,0,"Kondisi terkini mushola PONPES Al Khoziny Sidoarjo ambruk saat salat ashar #jtvjember #evakuasi #sidoarjo #fyp"
"<a href=""https://www.tiktok.com/@8a44bd80/video/7572721326784351543"" target=""_blank"" class=""btn btn-sm"" style=""background-color: #00926c; color: white; text-decoration: none; padding: 2px 8px; border-radius: 4px; font-size: 0.8em;"">View Post</a>",2,"8a44bd80","2025-11-14 23:06:56",4,1077,22,1,0,"Kondisi terkini mushola PONPES Al Khoziny Sidoarjo ambruk saat salat ashar #jtvjember #evakuasi #sidoarjo #fyp"
"<a href=""https://www.tiktok.com/@user5110430284941/video/7572721263282490655"" target=""_blank"" class=""btn btn-sm"" style=""background-color: #00926c; color: white; text-decoration: none; padding: 2px 8px; border-radius: 4px; font-size: 0.8em;"">View Post</a>",2,"user5110430284941","2025-11-14 23:06:23",4,994,71,0,4,"Kondisi terkini mushola PONPES Al Khoziny Sidoarjo ambruk saat salat ashar #jtvjember #evakuasi #sidoarjo #fyp"
"<a href=""https://www.tiktok.com/@user5110430284941/video/7572721249223281950"" target=""_blank"" class=""btn btn-sm"" style=""background-color: #00926c; color: white; text-decoration: none; padding: 2px 8px; border-radius: 4px; font-size: 0.8em;"">View Post</a>",2,"user5110430284941","2025-11-14 23:06:27",4,508,42,1,2,"Kondisi terkini mushola PONPES Al Khoziny Sidoarjo ambruk saat salat ashar #jtvjember #evakuasi #sidoarjo #fyp"
"<a href=""https://www.tiktok.com/@6b1ebfa2/video/7572721198132448543"" target=""_blank"" class=""btn btn-sm"" style=""background-color: #00926c; color: white; text-decoration: none; padding: 2px 8px; border-radius: 4px; font-size: 0.8em;"">View Post</a>",2,"6b1ebfa2","2025-11-14 23:06:08",4,1396,75,0,1,"Kondisi terkini mushola PONPES Al Khoziny Sidoarjo ambruk saat salat ashar #jtvjember #evakuasi #sidoarjo #fyp"
"<a href=""https://www.tiktok.com/@user4695781184610/video/7572720938383445279"" target=""_blank"" class=""btn btn-sm"" style=""background-color: #00926c; color: white; text-decoration: none; padding: 2px 8px; border-radius: 4px; font-size: 0.8em;"">View Post</a>",2,"user4695781184610","2025-11-14 23:05:11",4,5673,44,0,1,"Kondisi terkini mushola PONPES Al Khoziny Sidoarjo ambruk saat salat ashar #jtvjember #evakuasi #sidoarjo #fyp"
"<a href=""https://www.tiktok.com/@user5960025037953/video/7572665986076216607"" target=""_blank"" class=""btn btn-sm"" style=""background-color: #00926c; color: white; text-decoration: none; padding: 2px 8px; border-radius: 4px; font-size: 0.8em;"">View Post</a>",3,"user5960025037953","2025-11-14 19:31:50",4,25,1,0,0,"Kondisi terkini mushola PONPES Al Khoziny Sidoarjo ambruk saat salat ashar #jtvjember #evakuasi #sidoarjo #fyp"
"<a href=""https://www.tiktok.com/@ertt81403pb/video/7572665934423379230"" target=""_blank"" class=""btn btn-sm"" style=""background-color: #00926c; color: white; text-decoration: none; padding: 2px 8px; border-radius: 4px; font-size: 0.8em;"">View Post</a>",3,"ertt81403pb","2025-11-14 19:31:39",4,964,42,0,0,"Kondisi terkini mushola PONPES Al Khoziny Sidoarjo ambruk saat salat ashar #jtvjember #evakuasi #sidoarjo #fyp"
"<a href=""https://www.tiktok.com/@ertt81403pb/video/7572665763312553246"" target=""_blank"" class=""btn btn-sm"" style=""background-color: #00926c; color: white; text-decoration: none; padding: 2px 8px; border-radius: 4px; font-size: 0.8em;"">View Post</a>",3,"ertt81403pb","2025-11-14 19:30:57",4,5603,243,0,0,"Kondisi terkini mushola PONPES Al Khoziny Sidoarjo ambruk saat salat ashar #jtvjember #evakuasi #sidoarjo #fyp"
"<a href=""https://www.tiktok.com/@ertt81403pb/video/7572665713710681375"" target=""_blank"" class=""btn btn-sm"" style=""background-color: #00926c; color: white; text-decoration: none; padding: 2px 8px; border-radius: 4px; font-size: 0.8em;"">View Post</a>",3,"ertt81403pb","2025-11-14 19:30:42",4,507,64,0,0,"Kondisi terkini mushola PONPES Al Khoziny Sidoarjo ambruk saat salat ashar #jtvjember #evakuasi #sidoarjo #fyp"
"<a href=""https://www.tiktok.com/@user5960025037953/video/7572665573184703775"" target=""_blank"" class=""btn btn-sm"" style=""background-color: #00926c; color: white; text-decoration: none; padding: 2px 8px; border-radius: 4px; font-size: 0.8em;"">View Post</a>",3,"user5960025037953","2025-11-14 19:30:12",4,4713,105,0,1,"Kondisi terkini mushola PONPES Al Khoziny Sidoarjo ambruk saat salat ashar #jtvjember #evakuasi #sidoarjo #fyp"
"<a href=""https://www.tiktok.com/@user5960025037953/video/7572665448936852766"" target=""_blank"" class=""btn btn-sm"" style=""background-color: #00926c; color: white; text-decoration: none; padding: 2px 8px; border-radius: 4px; font-size: 0.8em;"">View Post</a>",3,"user5960025037953","2025-11-14 19:29:45",4,323,42,0,0,"Kondisi terkini mushola PONPES Al Khoziny Sidoarjo ambruk saat salat ashar #jtvjember #evakuasi #sidoarjo #fyp"
"<a href=""https://www.tiktok.com/@oeplbsknc6/video/7572447492403383583"" target=""_blank"" class=""btn btn-sm"" style=""background-color: #00926c; color: white; text-decoration: none; padding: 2px 8px; border-radius: 4px; font-size: 0.8em;"">View Post</a>",1,"oeplbsknc6","2025-11-14 05:24:11",1,4101,163,4,1,"KondisiterkinimusholaPONPESAIKhozinySidoarjoambruksaatsalatashar.#jtvjember#evakuasi#sidoarjo#fyp"
"<a href=""https://www.tiktok.com/@oeplbsknc6/video/7572447435759291679"" target=""_blank"" class=""btn btn-sm"" style=""background-color: #00926c; color: white; text-decoration: none; padding: 2px 8px; border-radius: 4px; font-size: 0.8em;"">View Post</a>",1,"oeplbsknc6","2025-11-14 05:24:09",1,22481,72,0,3,"KondisiterkinimusholaPONPESAIKhozinySidoarjoambruksaatsalatashar.#jtvjember#evakuasi#sidoarjo#fyp"
"<a href=""https://www.tiktok.com/@basilberthaeq0301/video/7572446928420506935"" target=""_blank"" class=""btn btn-sm"" style=""background-color: #00926c; color: white; text-decoration: none; padding: 2px 8px; border-radius: 4px; font-size: 0.8em;"">View Post</a>",1,"basilberthaeq0301","2025-11-14 05:22:11",1,643,36,0,0,"KondisiterkinimusholaPONPESAIKhozinySidoarjoambruksaatsalatashar.#jtvjember#evakuasi#sidoarjo#fyp"
"<a href=""https://www.tiktok.com/@oeplbsknc6/video/7572446781594766622"" target=""_blank"" class=""btn btn-sm"" style=""background-color: #00926c; color: white; text-decoration: none; padding: 2px 8px; border-radius: 4px; font-size: 0.8em;"">View Post</a>",1,"oeplbsknc6","2025-11-14 05:21:33",1,1217,16,0,0,"KondisiterkinimusholaPONPESAIKhozinySidoarjoambruksaatsalatashar.#jtvjember#evakuasi#sidoarjo#fyp"
"<a href=""https://www.tiktok.com/@basilberthaeq0301/video/7572446681266982199"" target=""_blank"" class=""btn btn-sm"" style=""background-color: #00926c; color: white; text-decoration: none; padding: 2px 8px; border-radius: 4px; font-size: 0.8em;"">View Post</a>",1,"basilberthaeq0301","2025-11-14 05:21:21",1,6830,26,0,0,"KondisiterkinimusholaPONPESAIKhozinySidoarjoambruksaatsalatashar.#jtvjember#evakuasi#sidoarjo#fyp"
"<a href=""https://www.tiktok.com/@oeplbsknc6/video/7572446659284602143"" target=""_blank"" class=""btn btn-sm"" style=""background-color: #00926c; color: white; text-decoration: none; padding: 2px 8px; border-radius: 4px; font-size: 0.8em;"">View Post</a>",1,"oeplbsknc6","2025-11-14 05:20:58",1,1286,33,2,0,"KondisiterkinimusholaPONPESAIKhozinySidoarjoambruksaatsalatashar.#jtvjember#evakuasi#sidoarjo#fyp"
"<a href=""https://www.tiktok.com/@basilberthaeq0301/video/7572446426949602615"" target=""_blank"" class=""btn btn-sm"" style=""background-color: #00926c; color: white; text-decoration: none; padding: 2px 8px; border-radius: 4px; font-size: 0.8em;"">View Post</a>",1,"basilberthaeq0301","2025-11-14 05:20:27",1,910,36,0,2,"KondisiterkinimusholaPONPESAIKhozinySidoarjoambruksaatsalatashar.#jtvjember#evakuasi#sidoarjo#fyp"
"<a href=""https://www.tiktok.com/@basilberthaeq0301/video/7572446135852240141"" target=""_blank"" class=""btn btn-sm"" style=""background-color: #00926c; color: white; text-decoration: none; padding: 2px 8px; border-radius: 4px; font-size: 0.8em;"">View Post</a>",1,"basilberthaeq0301","2025-11-14 05:19:11",1,586,25,0,0,"KondisiterkinimusholaPONPESAIKhozinySidoarjoambruksaatsalatashar.#jtvjember#evakuasi#sidoarjo#fyp"
"<a href=""https://www.tiktok.com/@oeplbsknc6/video/7572142466569211166"" target=""_blank"" class=""btn btn-sm"" style=""background-color: #00926c; color: white; text-decoration: none; padding: 2px 8px; border-radius: 4px; font-size: 0.8em;"">View Post</a>",1,"oeplbsknc6","2025-11-13 09:40:23",1,5043,134,5,1,"KondisiterkinimusholaPONPESAIKhozinySidoarjoambruksaatsalatashar.#jtvjember#evakuasi#sidoarjo#fyp"
"<a href=""https://www.tiktok.com/@basilberthaeq0301/video/7572142376429407502"" target=""_blank"" class=""btn btn-sm"" style=""background-color: #00926c; color: white; text-decoration: none; padding: 2px 8px; border-radius: 4px; font-size: 0.8em;"">View Post</a>",1,"basilberthaeq0301","2025-11-13 09:40:04",1,603,24,0,0,"KondisiterkinimusholaPONPESAIKhozinySidoarjoambruksaatsalatashar.#jtvjember#evakuasi#sidoarjo#fyp"
"<a href=""https://www.tiktok.com/@basilberthaeq0301/video/7572142006244216077"" target=""_blank"" class=""btn btn-sm"" style=""background-color: #00926c; color: white; text-decoration: none; padding: 2px 8px; border-radius: 4px; font-size: 0.8em;"">View Post</a>",1,"basilberthaeq0301","2025-11-13 09:38:34",1,885,55,0,4,"KondisiterkinimusholaPONPESAIKhozinySidoarjoambruksaatsalatashar.#jtvjember#evakuasi#sidoarjo#fyp"
"<a href=""https://www.tiktok.com/@oeplbsknc6/video/7572141294743522590"" target=""_blank"" class=""btn btn-sm"" style=""background-color: #00926c; color: white; text-decoration: none; padding: 2px 8px; border-radius: 4px; font-size: 0.8em;"">View Post</a>",1,"oeplbsknc6","2025-11-13 09:35:48",1,94392,197,3,6,"KondisiterkinimusholaPONPESAIKhozinySidoarjoambruksaatsalatashar.#jtvjember#evakuasi#sidoarjo#fyp"
"<a href=""https://www.tiktok.com/@basilberthaeq0301/video/7572140350114974990"" target=""_blank"" class=""btn btn-sm"" style=""background-color: #00926c; color: white; text-decoration: none; padding: 2px 8px; border-radius: 4px; font-size: 0.8em;"">View Post</a>",1,"basilberthaeq0301","2025-11-13 09:32:10",1,166,3,0,0,"KondisiterkinimusholaPONPESAIKhozinySidoarjoambruksaatsalatashar.#jtvjember#evakuasi#sidoarjo#fyp"
"<a href=""https://www.tiktok.com/@oeplbsknc6/video/7572139135545265438"" target=""_blank"" class=""btn btn-sm"" style=""background-color: #00926c; color: white; text-decoration: none; padding: 2px 8px; border-radius: 4px; font-size: 0.8em;"">View Post</a>",1,"oeplbsknc6","2025-11-13 09:27:29",1,5547,63,1,4,"KondisiterkinimusholaPONPESAIKhozinySidoarjoambruksaatsalatashar.#jtvjember#evakuasi#sidoarjo#fyp"
"<a href=""https://www.tiktok.com/@oeplbsknc6/video/7572138785505414431"" target=""_blank"" class=""btn btn-sm"" style=""background-color: #00926c; color: white; text-decoration: none; padding: 2px 8px; border-radius: 4px; font-size: 0.8em;"">View Post</a>",1,"oeplbsknc6","2025-11-13 09:26:08",1,94613,1106,46,928,"KondisiterkinimusholaPONPESAIKhozinySidoarjoambruksaatsalatashar.#jtvjember#evakuasi#sidoarjo#fyp"
"<a href=""https://www.tiktok.com/@cyz1325/video/7572728136882736414"" target=""_blank"" class=""btn btn-sm"" style=""background-color: #00926c; color: white; text-decoration: none; padding: 2px 8px; border-radius: 4px; font-size: 0.8em;"">View Post</a>",4,"cyz1325","2025-11-14 23:33:06",1,1381,52,1,0,"Kondisi terkini mushola PONPES Al Khoziny Sidoarjo ambruk saat salat ashar#jtvjember #evakuasi #sidoarjo #fyp"
"<a href=""https://www.tiktok.com/@cyz1322/video/7572727951351942430"" target=""_blank"" class=""btn btn-sm"" style=""background-color: #00926c; color: white; text-decoration: none; padding: 2px 8px; border-radius: 4px; font-size: 0.8em;"">View Post</a>",4,"cyz1322","2025-11-14 23:32:21",1,1290,46,0,0,"Kondisi terkini mushola PONPES Al Khoziny Sidoarjo ambruk saat salat ashar#jtvjember #evakuasi #sidoarjo #fyp"
"<a href=""https://www.tiktok.com/@cyz1325/video/7572727829788478751"" target=""_blank"" class=""btn btn-sm"" style=""background-color: #00926c; color: white; text-decoration: none; padding: 2px 8px; border-radius: 4px; font-size: 0.8em;"">View Post</a>",4,"cyz1325","2025-11-14 23:31:57",1,1385,33,0,0,"Kondisi terkini mushola PONPES Al Khoziny Sidoarjo ambruk saat salat ashar#jtvjember #evakuasi #sidoarjo #fyp"
"<a href=""https://www.tiktok.com/@cyz1322/video/7572727735626272030"" target=""_blank"" class=""btn btn-sm"" style=""background-color: #00926c; color: white; text-decoration: none; padding: 2px 8px; border-radius: 4px; font-size: 0.8em;"">View Post</a>",4,"cyz1322","2025-11-14 23:31:31",1,1534,37,0,1,"Kondisi terkini mushola PONPES Al Khoziny Sidoarjo ambruk saat salat ashar#jtvjember #evakuasi #sidoarjo #fyp"
"<a href=""https://www.tiktok.com/@cyz1322/video/7572727583075323166"" target=""_blank"" class=""btn btn-sm"" style=""background-color: #00926c; color: white; text-decoration: none; padding: 2px 8px; border-radius: 4px; font-size: 0.8em;"">View Post</a>",4,"cyz1322","2025-11-14 23:30:57",1,874,54,0,0,"Kondisi terkini mushola PONPES Al Khoziny Sidoarjo ambruk saat salat ashar#jtvjember #evakuasi #sidoarjo #fyp"
"<a href=""https://www.tiktok.com/@cyz1325/video/7572727568416247071"" target=""_blank"" class=""btn btn-sm"" style=""background-color: #00926c; color: white; text-decoration: none; padding: 2px 8px; border-radius: 4px; font-size: 0.8em;"">View Post</a>",4,"cyz1325","2025-11-14 23:30:58",1,1030,35,0,0,"Kondisi terkini mushola PONPES Al Khoziny Sidoarjo ambruk saat salat ashar#jtvjember #evakuasi #sidoarjo #fyp"
"<a href=""https://www.tiktok.com/@duocidhd/video/7572509406743514399"" target=""_blank"" class=""btn btn-sm"" style=""background-color: #00926c; color: white; text-decoration: none; padding: 2px 8px; border-radius: 4px; font-size: 0.8em;"">View Post</a>",5,"duocidhd","2025-11-14 09:24:14",1,383,10,0,0,"😭😭@TheJubalShowJubalinthemorningradioprogram“BrookeandJubal”#brookeandjubal#brookandjubalinthemorning#seconddate#seconddateupdate#prank#prankcall#storytime#fyp#fypシ#dateupdate#phonecalls#trending"
"<a href=""https://www.tiktok.com/@bgfddf8888/video/7572502695605439775"" target=""_blank"" class=""btn btn-sm"" style=""background-color: #00926c; color: white; text-decoration: none; padding: 2px 8px; border-radius: 4px; font-size: 0.8em;"">View Post</a>",5,"bgfddf8888","2025-11-14 08:58:12",1,191,2,0,0,"😭😭@TheJubalShowJubalinthemorningradioprogram“BrookeandJubal”#brookeandjubal#brookandjubalinthemorning#seconddate#seconddateupdate#prank#prankcall#storytime#fyp#fypシ#dateupdate#phonecalls#trending"
"<a href=""https://www.tiktok.com/@duocidhd/video/7572500992273501470"" target=""_blank"" class=""btn btn-sm"" style=""background-color: #00926c; color: white; text-decoration: none; padding: 2px 8px; border-radius: 4px; font-size: 0.8em;"">View Post</a>",5,"duocidhd","2025-11-14 08:51:38",1,2047,58,1,0,"😭😭@TheJubalShowJubalinthemorningradioprogram“BrookeandJubal”#brookeandjubal#brookandjubalinthemorning#seconddate#seconddateupdate#prank#prankcall#storytime#fyp#fypシ#dateupdate#phonecalls#trending"
"<a href=""https://www.tiktok.com/@bgfddf8888/video/7572500986468601119"" target=""_blank"" class=""btn btn-sm"" style=""background-color: #00926c; color: white; text-decoration: none; padding: 2px 8px; border-radius: 4px; font-size: 0.8em;"">View Post</a>",5,"bgfddf8888","2025-11-14 08:51:34",1,1007,46,0,0,"😭😭@TheJubalShowJubalinthemorningradioprogram“BrookeandJubal”#brookeandjubal#brookandjubalinthemorning#seconddate#seconddateupdate#prank#prankcall#storytime#fyp#fypシ#dateupdate#phonecalls#trending"
"<a href=""https://www.tiktok.com/@bgfddf8888/video/7572500971918527774"" target=""_blank"" class=""btn btn-sm"" style=""background-color: #00926c; color: white; text-decoration: none; padding: 2px 8px; border-radius: 4px; font-size: 0.8em;"">View Post</a>",5,"bgfddf8888","2025-11-14 08:51:33",1,967,53,0,1,"😭😭@TheJubalShowJubalinthemorningradioprogram“BrookeandJubal”#brookeandjubal#brookandjubalinthemorning#seconddate#seconddateupdate#prank#prankcall#storytime#fyp#fypシ#dateupdate#phonecalls#trending"
"<a href=""https://www.tiktok.com/@duocidhd/video/7572500681295138078"" target=""_blank"" class=""btn btn-sm"" style=""background-color: #00926c; color: white; text-decoration: none; padding: 2px 8px; border-radius: 4px; font-size: 0.8em;"">View Post</a>",5,"duocidhd","2025-11-14 08:50:21",1,2716,132,0,0,"😭😭@TheJubalShowJubalinthemorningradioprogram“BrookeandJubal”#brookeandjubal#brookandjubalinthemorning#seconddate#seconddateupdate#prank#prankcall#storytime#fyp#fypシ#dateupdate#phonecalls#trending"
"<a href=""https://www.tiktok.com/@duocidhd/video/7572500667151994142"" target=""_blank"" class=""btn btn-sm"" style=""background-color: #00926c; color: white; text-decoration: none; padding: 2px 8px; border-radius: 4px; font-size: 0.8em;"">View Post</a>",5,"duocidhd","2025-11-14 08:50:20",1,2190,74,0,0,"😭😭@TheJubalShowJubalinthemorningradioprogram“BrookeandJubal”#brookeandjubal#brookandjubalinthemorning#seconddate#seconddateupdate#prank#prankcall#storytime#fyp#fypシ#dateupdate#phonecalls#trending"
"<a href=""https://www.tiktok.com/@bgfddf8888/video/7572500364348443935"" target=""_blank"" class=""btn btn-sm"" style=""background-color: #00926c; color: white; text-decoration: none; padding: 2px 8px; border-radius: 4px; font-size: 0.8em;"">View Post</a>",5,"bgfddf8888","2025-11-14 08:49:10",1,872,71,1,3,"😭😭@TheJubalShowJubalinthemorningradioprogram“BrookeandJubal”#brookeandjubal#brookandjubalinthemorning#seconddate#seconddateupdate#prank#prankcall#storytime#fyp#fypシ#dateupdate#phonecalls#trending"
"<a href=""https://www.tiktok.com/@bgfddf8888/video/7572151474709417246"" target=""_blank"" class=""btn btn-sm"" style=""background-color: #00926c; color: white; text-decoration: none; padding: 2px 8px; border-radius: 4px; font-size: 0.8em;"">View Post</a>",5,"bgfddf8888","2025-11-13 10:15:19",1,1197,79,2,2,"😭😭@TheJubalShowJubalinthemorningradioprogram“BrookeandJubal”#brookeandjubal#brookandjubalinthemorning#seconddate#seconddateupdate#prank#prankcall#storytime#fyp#fypシ#dateupdate#phonecalls#trending"
"<a href=""https://www.tiktok.com/@bgfddf8888/video/7572151365863050526"" target=""_blank"" class=""btn btn-sm"" style=""background-color: #00926c; color: white; text-decoration: none; padding: 2px 8px; border-radius: 4px; font-size: 0.8em;"">View Post</a>",5,"bgfddf8888","2025-11-13 10:14:53",1,1369,65,6,16,"😭😭@TheJubalShowJubalinthemorningradioprogram“BrookeandJubal”#brookeandjubal#brookandjubalinthemorning#seconddate#seconddateupdate#prank#prankcall#storytime#fyp#fypシ#dateupdate#phonecalls#trending"
"<a href=""https://www.tiktok.com/@bgfddf8888/video/7572150737463987486"" target=""_blank"" class=""btn btn-sm"" style=""background-color: #00926c; color: white; text-decoration: none; padding: 2px 8px; border-radius: 4px; font-size: 0.8em;"">View Post</a>",5,"bgfddf8888","2025-11-13 10:12:28",1,40,0,0,0,"😭😭@TheJubalShowJubalinthemorningradioprogram“BrookeandJubal”#brookeandjubal#brookandjubalinthemorning#seconddate#seconddateupdate#prank#prankcall#storytime#fyp#fypシ#dateupdate#phonecalls#trending"
"<a href=""https://www.tiktok.com/@duocidhd/video/7572147872561401119"" target=""_blank"" class=""btn btn-sm"" style=""background-color: #00926c; color: white; text-decoration: none; padding: 2px 8px; border-radius: 4px; font-size: 0.8em;"">View Post</a>",5,"duocidhd","2025-11-13 10:01:18",1,1022,68,0,1,"😭😭@TheJubalShowJubalinthemorningradioprogram“BrookeandJubal”#brookeandjubal#brookandjubalinthemorning#seconddate#seconddateupdate#prank#prankcall#storytime#fyp#fypシ#dateupdate#phonecalls#trending"
"<a href=""https://www.tiktok.com/@duocidhd/video/7572147682743979294"" target=""_blank"" class=""btn btn-sm"" style=""background-color: #00926c; color: white; text-decoration: none; padding: 2px 8px; border-radius: 4px; font-size: 0.8em;"">View Post</a>",5,"duocidhd","2025-11-13 10:00:35",1,747,28,0,0,"😭😭@TheJubalShowJubalinthemorningradioprogram“BrookeandJubal”#brookeandjubal#brookandjubalinthemorning#seconddate#seconddateupdate#prank#prankcall#storytime#fyp#fypシ#dateupdate#phonecalls#trending"
"<a href=""https://www.tiktok.com/@duocidhd/video/7572146862572965150"" target=""_blank"" class=""btn btn-sm"" style=""background-color: #00926c; color: white; text-decoration: none; padding: 2px 8px; border-radius: 4px; font-size: 0.8em;"">View Post</a>",5,"duocidhd","2025-11-13 09:57:23",1,1236,28,1,0,"😭😭@TheJubalShowJubalinthemorningradioprogram“BrookeandJubal”#brookeandjubal#brookandjubalinthemorning#seconddate#seconddateupdate#prank#prankcall#storytime#fyp#fypシ#dateupdate#phonecalls#trending"
"<a href=""https://www.tiktok.com/@duocidhd/video/7572146465879969055"" target=""_blank"" class=""btn btn-sm"" style=""background-color: #00926c; color: white; text-decoration: none; padding: 2px 8px; border-radius: 4px; font-size: 0.8em;"">View Post</a>",5,"duocidhd","2025-11-13 09:55:52",1,1027,21,0,1,"😭😭@TheJubalShowJubalinthemorningradioprogram“BrookeandJubal”#brookeandjubal#brookandjubalinthemorning#seconddate#seconddateupdate#prank#prankcall#storytime#fyp#fypシ#dateupdate#phonecalls#trending"
