"Account","Network","Unique Shares","Avg Time Between Shares (sec)","Edge Symmetry Score","Degree","Strength","Betweenness","Avg Views","Avg Likes","Avg Comments","Avg Shares"
"<a href=""https://tiktok.com/@6b1ebfa2"" target=""_blank"">@6b1ebfa2</a>",2,3,49.87,0.933,3,25,0.009,35397.667,134.667,1.333,1.667
"<a href=""https://tiktok.com/@8a44bd80"" target=""_blank"">@8a44bd80</a>",2,3,52.5,0.9,2,16,0,1078.667,30.667,0.667,0
"<a href=""https://tiktok.com/@basilberthaeq0301"" target=""_blank"">@basilberthaeq0301</a>",1,7,65.091,0.875,1,11,0,1517.571,29.286,0,0.857
"<a href=""https://tiktok.com/@bgfddf8888"" target=""_blank"">@bgfddf8888</a>",5,3,55.25,1,1,8,0,806.143,45.143,1.286,3.143
"<a href=""https://tiktok.com/@cyz1322"" target=""_blank"">@cyz1322</a>",4,3,45.875,1,1,8,0,1232.667,45.667,0,0.333
"<a href=""https://tiktok.com/@cyz1325"" target=""_blank"">@cyz1325</a>",4,3,45.875,1,1,8,0,1265.333,40,0.333,0
"<a href=""https://tiktok.com/@duocidhd"" target=""_blank"">@duocidhd</a>",5,5,55.25,1,1,8,0,1421,52.375,0.25,0.25
"<a href=""https://tiktok.com/@ertt81403pb"" target=""_blank"">@ertt81403pb</a>",3,3,59.667,0.8,1,9,0,2358,116.333,0,0
"<a href=""https://tiktok.com/@oeplbsknc6"" target=""_blank"">@oeplbsknc6</a>",1,6,65.091,0.875,1,11,0,28585,223,7.625,117.875
"<a href=""https://tiktok.com/@user4695781184610"" target=""_blank"">@user4695781184610</a>",2,3,54.125,1,2,16,0,2851.333,29.333,1.333,1
"<a href=""https://tiktok.com/@user5110430284941"" target=""_blank"">@user5110430284941</a>",2,3,53.287,1,3,25,0.009,597.333,40.667,0.333,2
"<a href=""https://tiktok.com/@user5960025037953"" target=""_blank"">@user5960025037953</a>",3,3,59.667,0.8,1,9,0,1687,49.333,0,0.333
