"Network","Number of Accounts","Network Density","Network Diameter","Clustering Coefficient","Avg Views","Avg Likes","Avg Comments","Avg Shares","Member Accounts"
1,2,1,11,0,15953.533,132.6,4.067,63.267,"oeplbsknc6, basilberthaeq0301"
2,4,0.833,16,0.75,9981.25,58.833,0.917,1.167,"6b1ebfa2, 8a44bd80, user4695781184610, user5110430284941"
3,2,1,9,0,2022.5,82.833,0,0.167,"ertt81403pb, user5960025037953"
4,2,1,8,0,1249,42.833,0.167,0.167,"cyz1322, cyz1325"
5,2,1,8,0,1134.067,49,0.733,1.6,"bgfddf8888, duocidhd"
