"Account","Network","Unique Shares","Avg Time Between Shares (sec)","Edge Symmetry Score","Degree","Strength","Betweenness","Avg Views","Avg Likes","Avg Comments","Avg Shares"
"<a href=""https://tiktok.com/@1yrogls"" target=""_blank"">@1yrogls</a>",50,5,52.9,0.929,2,19,0,2496.4,73.2,0.8,0.6
"<a href=""https://tiktok.com/@2jxggxh"" target=""_blank"">@2jxggxh</a>",50,4,49.636,0.929,2,20,0,1558.75,58,0,0.25
"<a href=""https://tiktok.com/@abxdl1382"" target=""_blank"">@abxdl1382</a>",50,6,30.796,0.873,2,29,0,2124.833,53,0.167,0.167
"<a href=""https://tiktok.com/@aed0267"" target=""_blank"">@aed0267</a>",38,5,60.193,0.869,3,30,0,1289.2,38,0.2,0.2
"<a href=""https://tiktok.com/@aed2977"" target=""_blank"">@aed2977</a>",7,9,51.611,0.938,2,18,0,3170,107.8,2.5,6.1
"<a href=""https://tiktok.com/@aed7p4"" target=""_blank"">@aed7p4</a>",11,9,67.4,1,1,10,0,26018.889,687.889,7.444,4.111
"<a href=""https://tiktok.com/@aeda1689"" target=""_blank"">@aeda1689</a>",11,9,65.3,0.955,2,21,0,18761.2,51.8,0.7,0.7
"<a href=""https://tiktok.com/@aedbr6"" target=""_blank"">@aedbr6</a>",7,9,64.444,0.875,1,9,0,1673.333,48.556,4.889,3.111
"<a href=""https://tiktok.com/@aedh263"" target=""_blank"">@aedh263</a>",38,7,46.833,0.877,4,49,0,857.571,18.143,1.714,1.143
"<a href=""https://tiktok.com/@akkaanav.risksjsg"" target=""_blank"">@akkaanav.risksjsg</a>",12,10,29.25,1,1,12,0,1180.6,33.3,1.1,0.1
"<a href=""https://tiktok.com/@anaxagoras.harlen"" target=""_blank"">@anaxagoras.harlen</a>",2,6,48.444,1,1,9,0,5188.143,101.286,5.286,10.714
"<a href=""https://tiktok.com/@arffug"" target=""_blank"">@arffug</a>",43,3,58.333,1,2,18,0.001,191.667,5,0,0
"<a href=""https://tiktok.com/@asdfsasd.fgdfdgas"" target=""_blank"">@asdfsasd.fgdfdgas</a>",5,9,28.778,1,1,9,0,27321.4,734.6,14.1,7.5
"<a href=""https://tiktok.com/@aseng.haymong"" target=""_blank"">@aseng.haymong</a>",42,8,58.53,0.817,2,20,0,1863.375,78.125,1.75,2.5
"<a href=""https://tiktok.com/@baobaiwan888"" target=""_blank"">@baobaiwan888</a>",22,8,26.5,1,1,12,0,1118.875,50.125,0.375,0.125
"<a href=""https://tiktok.com/@baobaobao7183"" target=""_blank"">@baobaobao7183</a>",24,7,64.111,1,1,9,0,2260.857,45.857,1,0.143
"<a href=""https://tiktok.com/@bdonvg"" target=""_blank"">@bdonvg</a>",6,7,33.111,1,1,9,0,2743.625,69,1.5,0.875
"<a href=""https://tiktok.com/@beaty_queen_22"" target=""_blank"">@beaty_queen_22</a>",41,7,86.538,1,1,13,0,15680.923,988.154,32.692,18
"<a href=""https://tiktok.com/@berez.paulo"" target=""_blank"">@berez.paulo</a>",31,8,60.54,0.869,3,37,0.001,1951.25,61.125,0.125,0.625
"<a href=""https://tiktok.com/@bfihc"" target=""_blank"">@bfihc</a>",3,8,60.2,0.875,1,10,0,22688.778,824.333,2.778,5.556
"<a href=""https://tiktok.com/@biebuh4"" target=""_blank"">@biebuh4</a>",32,7,71,0.5,1,9,0,2037.25,51.5,0.25,0.125
"<a href=""https://tiktok.com/@bipiqo"" target=""_blank"">@bipiqo</a>",43,9,70.331,0.986,8,119,0.003,1617.778,35.222,0,0.111
"<a href=""https://tiktok.com/@bmc12655"" target=""_blank"">@bmc12655</a>",1,9,57.486,0.795,4,38,0,1284.667,52.222,1,2.222
"<a href=""https://tiktok.com/@bnsle4278"" target=""_blank"">@bnsle4278</a>",50,5,44.733,1,3,33,0,2068.6,50.2,0,0.2
"<a href=""https://tiktok.com/@bpgarp"" target=""_blank"">@bpgarp</a>",43,7,69.24,0.882,4,75,0,510.778,18,0.222,0.111
"<a href=""https://tiktok.com/@brs1reddit"" target=""_blank"">@brs1reddit</a>",36,6,60.329,0.871,3,40,0,485.5,8.333,0,0
"<a href=""https://tiktok.com/@burba.robyn"" target=""_blank"">@burba.robyn</a>",32,5,36.222,0.833,1,9,0,1349,35.8,0.4,0.6
"<a href=""https://tiktok.com/@bvoo3130"" target=""_blank"">@bvoo3130</a>",47,6,64.486,0.532,5,82,0,1601.857,48.143,0.429,0.429
"<a href=""https://tiktok.com/@bxecxotdjfrvi"" target=""_blank"">@bxecxotdjfrvi</a>",26,8,52.428,0.972,6,70,0,272.75,8.25,0.375,0.375
"<a href=""https://tiktok.com/@c.ts24"" target=""_blank"">@c.ts24</a>",31,9,55.049,0.847,5,62,0.001,1480.889,37.444,0.556,3.556
"<a href=""https://tiktok.com/@camilo.austin5"" target=""_blank"">@camilo.austin5</a>",30,8,73.889,1,1,9,0,329.25,6.5,0.125,0.125
"<a href=""https://tiktok.com/@camilo.lopehp"" target=""_blank"">@camilo.lopehp</a>",42,8,48.03,0.883,4,42,0,2929.625,74,2.625,1.75
"<a href=""https://tiktok.com/@cbnhf5680"" target=""_blank"">@cbnhf5680</a>",26,8,62.833,0.928,6,76,0,1719.125,78.5,0.125,4.75
"<a href=""https://tiktok.com/@ccgmail16"" target=""_blank"">@ccgmail16</a>",25,5,19.111,1,2,18,0,325.4,7.6,0.4,0
"<a href=""https://tiktok.com/@cdnkdg"" target=""_blank"">@cdnkdg</a>",43,8,68.026,0.927,4,67,0.001,513.75,17.375,0.125,0.5
"<a href=""https://tiktok.com/@cfdc18"" target=""_blank"">@cfdc18</a>",38,11,55.981,0.891,8,104,0,4924.385,87.769,1.154,2.615
"<a href=""https://tiktok.com/@chantalkusch"" target=""_blank"">@chantalkusch</a>",1,9,63.949,0.938,6,62,0.001,4047.778,173.556,2.222,6.444
"<a href=""https://tiktok.com/@cjur6297"" target=""_blank"">@cjur6297</a>",45,3,54.333,1,2,18,0,1084,45,0.333,0
"<a href=""https://tiktok.com/@cnatk3189"" target=""_blank"">@cnatk3189</a>",50,6,56.543,0.887,4,46,0,1840,54.5,0,0.167
"<a href=""https://tiktok.com/@crhn65"" target=""_blank"">@crhn65</a>",38,9,56.031,0.89,5,63,0,2117.889,31.667,3.222,1.111
"<a href=""https://tiktok.com/@crtyougo"" target=""_blank"">@crtyougo</a>",16,8,41.5,0.845,2,20,0,3002.111,155.333,1.889,1.444
"<a href=""https://tiktok.com/@cufiykgvrho9kk"" target=""_blank"">@cufiykgvrho9kk</a>",25,6,21.944,1,2,18,0,908.5,24.167,0.167,0.333
"<a href=""https://tiktok.com/@cute_queen7102"" target=""_blank"">@cute_queen7102</a>",39,9,99.9,0.857,1,10,0,1262.231,157.115,14.346,13.192
"<a href=""https://tiktok.com/@danghu337"" target=""_blank"">@danghu337</a>",13,8,48.278,0.886,5,61,0,4242.556,108.556,1.111,2.111
"<a href=""https://tiktok.com/@debran.oxonrp03"" target=""_blank"">@debran.oxonrp03</a>",12,8,29.25,1,1,12,0,21372.5,217.375,5.5,2
"<a href=""https://tiktok.com/@desiderio.momogg"" target=""_blank"">@desiderio.momogg</a>",42,7,65,0.857,1,10,0,2577.143,69.143,1.714,0.429
"<a href=""https://tiktok.com/@dhcdyj5"" target=""_blank"">@dhcdyj5</a>",37,10,60.333,0.857,1,9,0,4144.2,123.2,1.9,11.7
"<a href=""https://tiktok.com/@dhhi6645"" target=""_blank"">@dhhi6645</a>",44,3,63.5,1,2,18,0,1061.333,88.333,0.667,2
"<a href=""https://tiktok.com/@dianaantoinette2000"" target=""_blank"">@dianaantoinette2000</a>",7,9,57.867,1,3,32,0,416.5,11.9,0,0.3
"<a href=""https://tiktok.com/@dijx3903"" target=""_blank"">@dijx3903</a>",47,10,61.263,0.82,5,127,0,975.3,35.1,1,0.6
"<a href=""https://tiktok.com/@djwf2904"" target=""_blank"">@djwf2904</a>",48,8,60.808,0.954,6,88,0,857.778,56.111,0.222,0.444
"<a href=""https://tiktok.com/@doiplo1"" target=""_blank"">@doiplo1</a>",43,12,49.463,0.937,7,105,0,709.083,24.333,0.083,0.333
"<a href=""https://tiktok.com/@drgd8391"" target=""_blank"">@drgd8391</a>",48,6,78.443,0.933,5,72,0,804.111,44.889,0,0.889
"<a href=""https://tiktok.com/@dtbtcc8"" target=""_blank"">@dtbtcc8</a>",43,3,54.254,1,7,63,0.001,911.667,25,0.333,0.333
"<a href=""https://tiktok.com/@dthh824"" target=""_blank"">@dthh824</a>",38,10,58.246,0.858,6,78,0,15137.3,226.4,1.2,2.4
"<a href=""https://tiktok.com/@dygd8923"" target=""_blank"">@dygd8923</a>",48,12,62.423,1,5,107,0,774.25,30.5,1,0.75
"<a href=""https://tiktok.com/@eiej4325"" target=""_blank"">@eiej4325</a>",48,9,53.605,0.972,4,68,0,283.111,11.889,0.111,0.222
"<a href=""https://tiktok.com/@ella627700"" target=""_blank"">@ella627700</a>",19,8,30.143,0.9,1,14,0,30264.625,999.625,16.625,11
"<a href=""https://tiktok.com/@elvistrevelyan0204"" target=""_blank"">@elvistrevelyan0204</a>",6,9,48.923,0.917,1,13,0,1232.333,50.111,0.444,1
"<a href=""https://tiktok.com/@eqmhqf"" target=""_blank"">@eqmhqf</a>",43,3,41,1,5,45,0,605.333,17.667,0,0
"<a href=""https://tiktok.com/@ethel.gregory2"" target=""_blank"">@ethel.gregory2</a>",13,9,54.521,0.944,5,68,0,1648.667,55.889,0.222,0.667
"<a href=""https://tiktok.com/@fannybach2010"" target=""_blank"">@fannybach2010</a>",7,8,64.017,0.941,4,43,0,11449.125,121.875,2.875,0.75
"<a href=""https://tiktok.com/@fdijc3"" target=""_blank"">@fdijc3</a>",1,10,59.676,0.905,9,103,0.001,1173.6,56.2,0.6,1.2
"<a href=""https://tiktok.com/@feelforc0o0676"" target=""_blank"">@feelforc0o0676</a>",28,5,26.5,1,1,10,0,2132.6,46,0.2,1.4
"<a href=""https://tiktok.com/@fgjbgf4688"" target=""_blank"">@fgjbgf4688</a>",26,8,55.364,0.944,6,72,0,423.375,12,0,0.5
"<a href=""https://tiktok.com/@fhda78402"" target=""_blank"">@fhda78402</a>",47,13,58.663,0.744,4,116,0,377.385,14.308,0.231,0.077
"<a href=""https://tiktok.com/@fhfry4764"" target=""_blank"">@fhfry4764</a>",5,7,28.778,1,1,9,0,1102.455,33.364,0.273,0.727
"<a href=""https://tiktok.com/@fhlncfvk"" target=""_blank"">@fhlncfvk</a>",49,6,40.778,1,1,9,0,1583.375,70.875,1,1.75
"<a href=""https://tiktok.com/@fhuc22"" target=""_blank"">@fhuc22</a>",34,9,50.02,0.856,3,41,0,1632.444,40.222,0,0.222
"<a href=""https://tiktok.com/@fhvf210"" target=""_blank"">@fhvf210</a>",33,6,48,0.857,1,9,0,875.667,21.833,0.167,0.333
"<a href=""https://tiktok.com/@finishthemovie3"" target=""_blank"">@finishthemovie3</a>",6,10,41.017,0.958,2,22,0,1198.7,50.4,0.3,1.9
"<a href=""https://tiktok.com/@fjjgdvx"" target=""_blank"">@fjjgdvx</a>",17,7,50.778,1,1,9,0,2745.25,145.25,1.75,1.125
"<a href=""https://tiktok.com/@fkur7594"" target=""_blank"">@fkur7594</a>",45,3,47,1,2,18,0,1408.667,60.333,1,0
"<a href=""https://tiktok.com/@fncribcs"" target=""_blank"">@fncribcs</a>",49,5,40.778,1,1,9,0,1331.286,60,1.429,4.143
"<a href=""https://tiktok.com/@fnnf8890"" target=""_blank"">@fnnf8890</a>",46,3,55.333,1,2,18,0,612,45.333,0,2
"<a href=""https://tiktok.com/@fredagraham2022"" target=""_blank"">@fredagraham2022</a>",4,9,51.333,0.875,1,9,0,64948.8,2337.5,14.8,9.9
"<a href=""https://tiktok.com/@fsaftn"" target=""_blank"">@fsaftn</a>",43,10,58.702,0.951,6,88,0.001,1099.833,46.083,0.333,0.833
"<a href=""https://tiktok.com/@fughf21"" target=""_blank"">@fughf21</a>",1,10,53.168,0.958,3,38,0,1270.1,105.7,1,3
"<a href=""https://tiktok.com/@g.gy726"" target=""_blank"">@g.gy726</a>",32,8,55.259,0.711,3,27,0,2985,69.625,1,3
"<a href=""https://tiktok.com/@gdkcofufn"" target=""_blank"">@gdkcofufn</a>",10,7,63.636,1,1,11,0,142029.571,5516.714,29.714,19.571
"<a href=""https://tiktok.com/@gf.nj97"" target=""_blank"">@gf.nj97</a>",9,7,60,1,1,9,0,1425.375,134,2.125,2.875
"<a href=""https://tiktok.com/@gfg6705"" target=""_blank"">@gfg6705</a>",34,9,62.059,1,3,33,0,683.444,15.444,0.111,0.222
"<a href=""https://tiktok.com/@gfjch34"" target=""_blank"">@gfjch34</a>",8,8,60.8,1,1,10,0,1483.25,117.25,0.5,0.75
"<a href=""https://tiktok.com/@ggih3179"" target=""_blank"">@ggih3179</a>",32,7,55.819,0.9,2,21,0,678.143,21.286,0.714,0.571
"<a href=""https://tiktok.com/@ghhj8554"" target=""_blank"">@ghhj8554</a>",47,12,62.238,0.808,4,110,0,1436.167,46.75,0.167,0.75
"<a href=""https://tiktok.com/@gjbgikh"" target=""_blank"">@gjbgikh</a>",37,10,60.333,0.857,1,9,0,2668.4,100.6,0.4,1.1
"<a href=""https://tiktok.com/@gjguq6894"" target=""_blank"">@gjguq6894</a>",46,3,52.667,1,1,9,0,631.667,50,0.333,0.333
"<a href=""https://tiktok.com/@gskgu2"" target=""_blank"">@gskgu2</a>",18,7,63.3,0.857,1,10,0,3193.2,109.5,2,6.3
"<a href=""https://tiktok.com/@gvcchh3457"" target=""_blank"">@gvcchh3457</a>",26,8,59.098,0.96,7,86,0,1191.25,59.875,4.75,12
"<a href=""https://tiktok.com/@hcodifb"" target=""_blank"">@hcodifb</a>",1,10,66.775,0.83,4,41,0,887.1,54.6,0.5,2.4
"<a href=""https://tiktok.com/@hdmjwo1"" target=""_blank"">@hdmjwo1</a>",43,5,54.533,0.917,2,27,0,661.111,21.444,0.333,0.333
"<a href=""https://tiktok.com/@hdr86575"" target=""_blank"">@hdr86575</a>",2,7,48.444,1,1,9,0,1361.5,38.625,0.125,0.25
"<a href=""https://tiktok.com/@hec88551nva"" target=""_blank"">@hec88551nva</a>",18,9,63.3,0.857,1,10,0,4178.222,128,0.889,1.333
"<a href=""https://tiktok.com/@hehs5037"" target=""_blank"">@hehs5037</a>",44,3,60,1,2,18,0,804.333,58.333,0.333,0
"<a href=""https://tiktok.com/@heyrrgcjyi"" target=""_blank"">@heyrrgcjyi</a>",9,6,60,1,1,9,0,1305,64.667,0.833,2.5
"<a href=""https://tiktok.com/@hh155702"" target=""_blank"">@hh155702</a>",40,6,49.929,1,3,34,0,5233.167,110.167,1.5,1.5
"<a href=""https://tiktok.com/@hhgghj8866"" target=""_blank"">@hhgghj8866</a>",26,8,44.25,1,4,48,0,1366.25,49.375,0,1.25
"<a href=""https://tiktok.com/@hhhhh777777852"" target=""_blank"">@hhhhh777777852</a>",4,8,51.333,0.875,1,9,0,2180.1,82.2,2.3,0.5
"<a href=""https://tiktok.com/@hidouo"" target=""_blank"">@hidouo</a>",43,9,58.608,0.963,3,76,0,1045.111,29.889,0,0.111
"<a href=""https://tiktok.com/@hirakw1"" target=""_blank"">@hirakw1</a>",43,6,63.833,0.944,3,49,0,268.5,6.167,0,0
"<a href=""https://tiktok.com/@hltuoq"" target=""_blank"">@hltuoq</a>",43,9,68.189,1,5,101,0,883,39,0,0.444
"<a href=""https://tiktok.com/@hsbuz8"" target=""_blank"">@hsbuz8</a>",34,5,55.636,1,1,11,0,2149.2,37.6,0.4,0.2
"<a href=""https://tiktok.com/@huahua88883"" target=""_blank"">@huahua88883</a>",21,8,52.3,0.833,1,10,0,987.125,28.375,0.5,1.625
"<a href=""https://tiktok.com/@huiodjio"" target=""_blank"">@huiodjio</a>",16,9,59.003,0.919,3,33,0,4243.778,164.778,2.444,1.667
"<a href=""https://tiktok.com/@huoqilaiya"" target=""_blank"">@huoqilaiya</a>",22,6,26.5,1,1,12,0,908.833,32,0.333,1.167
"<a href=""https://tiktok.com/@idpeoc"" target=""_blank"">@idpeoc</a>",43,3,41.407,1,6,54,0,2249.667,18,0.667,0
"<a href=""https://tiktok.com/@ific3756"" target=""_blank"">@ific3756</a>",45,3,45.778,1,3,27,0,364.667,17,0,0.333
"<a href=""https://tiktok.com/@ihgg5672"" target=""_blank"">@ihgg5672</a>",26,8,57.706,0.967,10,114,0,344.625,5.625,0.75,2.625
"<a href=""https://tiktok.com/@iiuu553"" target=""_blank"">@iiuu553</a>",38,6,51.877,0.839,4,47,0,24903.667,375.167,3.167,3.667
"<a href=""https://tiktok.com/@ilges.estelwei"" target=""_blank"">@ilges.estelwei</a>",42,8,51.822,0.872,4,41,0,8096.375,197.375,7.625,3
"<a href=""https://tiktok.com/@irdc042"" target=""_blank"">@irdc042</a>",1,10,46.203,1,2,26,0,2376,118.6,1.6,3.5
"<a href=""https://tiktok.com/@it29375"" target=""_blank"">@it29375</a>",35,3,60.889,0.8,1,9,0,39.333,0.667,0,0
"<a href=""https://tiktok.com/@itsh7661"" target=""_blank"">@itsh7661</a>",48,12,68.299,1,4,91,0,793.333,55.167,0.667,0.5
"<a href=""https://tiktok.com/@j.ee238"" target=""_blank"">@j.ee238</a>",33,5,48,0.857,1,9,0,766.4,8.8,0,0
"<a href=""https://tiktok.com/@j.uv586"" target=""_blank"">@j.uv586</a>",32,6,53.083,1,1,12,0,1521.5,30.333,0.5,0.667
"<a href=""https://tiktok.com/@jackie.bradley45"" target=""_blank"">@jackie.bradley45</a>",26,7,51.248,0.919,9,102,0,974.875,24.25,1.5,7.5
"<a href=""https://tiktok.com/@jajsjsn56"" target=""_blank"">@jajsjsn56</a>",38,14,52.402,0.902,4,72,0,8033.857,142.357,0.357,1
"<a href=""https://tiktok.com/@jann.jacobs"" target=""_blank"">@jann.jacobs</a>",29,8,46.6,0.889,1,10,0,788.75,17.875,0.25,0.25
"<a href=""https://tiktok.com/@jdbjd335"" target=""_blank"">@jdbjd335</a>",31,8,52.959,0.875,3,37,0,1895.75,73,0.5,0.25
"<a href=""https://tiktok.com/@jdpdosj"" target=""_blank"">@jdpdosj</a>",1,9,58.148,1,4,45,0,629.444,50,0.333,0.667
"<a href=""https://tiktok.com/@jdpxorjf"" target=""_blank"">@jdpxorjf</a>",1,10,60.916,0.931,8,95,0,878.8,62.1,0.8,1.8
"<a href=""https://tiktok.com/@jfkovj5"" target=""_blank"">@jfkovj5</a>",1,9,54.594,0.889,2,19,0,1830.667,133.333,1.556,2.444
"<a href=""https://tiktok.com/@jfodxgajsjijpd"" target=""_blank"">@jfodxgajsjijpd</a>",26,8,50.953,0.975,10,119,0,1690.375,81.375,6.875,15.875
"<a href=""https://tiktok.com/@jfufrehcdh"" target=""_blank"">@jfufrehcdh</a>",1,8,64.273,0.944,2,22,0,1686.5,100.875,0.875,1.875
"<a href=""https://tiktok.com/@jiqw8344"" target=""_blank"">@jiqw8344</a>",48,12,70.869,1,4,71,0,244.583,8.5,0,0.167
"<a href=""https://tiktok.com/@jkuy0534"" target=""_blank"">@jkuy0534</a>",48,9,70.694,0.958,4,79,0,1416.889,112.889,1.556,0.778
"<a href=""https://tiktok.com/@joab.truitt"" target=""_blank"">@joab.truitt</a>",13,10,55.22,0.911,5,60,0,2046.8,138.1,1.5,0.7
"<a href=""https://tiktok.com/@josieferguson6"" target=""_blank"">@josieferguson6</a>",13,9,58.332,0.917,5,64,0,14584.667,396.778,6.667,92.333
"<a href=""https://tiktok.com/@jsosjxj8"" target=""_blank"">@jsosjxj8</a>",1,7,47.667,0.909,1,12,0,590.444,45.556,0.778,0.444
"<a href=""https://tiktok.com/@jtcytxyzey"" target=""_blank"">@jtcytxyzey</a>",1,10,50.429,0.916,5,59,0,18240.1,581.9,2.9,37.3
"<a href=""https://tiktok.com/@juliedouglass2013"" target=""_blank"">@juliedouglass2013</a>",7,10,57.918,0.953,5,51,0,5877.7,60.6,0.4,0.7
"<a href=""https://tiktok.com/@jvhb240"" target=""_blank"">@jvhb240</a>",38,15,54.071,0.91,4,70,0,2661.933,70.067,0.733,2.467
"<a href=""https://tiktok.com/@jvtvc3"" target=""_blank"">@jvtvc3</a>",38,11,54.176,0.936,4,64,0,5762.455,107.545,0.909,3.818
"<a href=""https://tiktok.com/@kbpsjd"" target=""_blank"">@kbpsjd</a>",8,7,60.8,1,1,10,0,103322.429,4625.286,23,31.571
"<a href=""https://tiktok.com/@khans9949"" target=""_blank"">@khans9949</a>",14,8,67.1,1,1,10,0,1614.75,58.375,0.5,0.375
"<a href=""https://tiktok.com/@kili1173"" target=""_blank"">@kili1173</a>",40,6,43.086,0.952,3,32,0,2432.333,73.833,1.333,0.833
"<a href=""https://tiktok.com/@kokokopi72"" target=""_blank"">@kokokopi72</a>",14,8,61.8,1,2,20,0,1530.125,60.375,0.75,0.875
"<a href=""https://tiktok.com/@kris.noproblem"" target=""_blank"">@kris.noproblem</a>",14,7,56.5,1,1,10,0,5867.571,202.857,2.429,0.143
"<a href=""https://tiktok.com/@krug011"" target=""_blank"">@krug011</a>",1,10,57.5,1,2,19,0,802.5,54.8,0.6,1.3
"<a href=""https://tiktok.com/@ktsfyh"" target=""_blank"">@ktsfyh</a>",16,10,60.396,0.944,4,40,0.001,2830.6,154.5,12.2,2
"<a href=""https://tiktok.com/@kuhar.clair6"" target=""_blank"">@kuhar.clair6</a>",31,8,67.364,0.857,1,11,0,2028.125,63.125,0.25,0
"<a href=""https://tiktok.com/@labubu5252"" target=""_blank"">@labubu5252</a>",23,8,21.833,1,1,12,0,2521.25,78.875,1.625,3.25
"<a href=""https://tiktok.com/@laetitia.circle"" target=""_blank"">@laetitia.circle</a>",13,7,55.213,0.91,5,54,0,613.125,22.75,0.25,0.625
"<a href=""https://tiktok.com/@landscape5670"" target=""_blank"">@landscape5670</a>",16,9,71.889,1,1,9,0,4035.111,291.667,3.556,0.778
"<a href=""https://tiktok.com/@lanora.haskely"" target=""_blank"">@lanora.haskely</a>",42,7,48.433,0.964,4,39,0,3352,143.714,2.286,3.429
"<a href=""https://tiktok.com/@lawrenceharvey54"" target=""_blank"">@lawrenceharvey54</a>",29,6,46.6,0.889,1,10,0,679.286,14.429,0.571,0.286
"<a href=""https://tiktok.com/@lhqitc"" target=""_blank"">@lhqitc</a>",43,9,78.217,1,3,57,0,882.667,34.111,0.111,0.333
"<a href=""https://tiktok.com/@luisina.riihimaki"" target=""_blank"">@luisina.riihimaki</a>",1,8,65.899,0.841,3,29,0,1143.75,106.25,1.75,1
"<a href=""https://tiktok.com/@lwandiswamsithini"" target=""_blank"">@lwandiswamsithini</a>",11,9,67.356,0.896,3,30,0,3838.889,59.778,3.667,1
"<a href=""https://tiktok.com/@marisol.rath"" target=""_blank"">@marisol.rath</a>",30,6,65.111,0.875,1,9,0,1297.5,28.375,0.25,0.875
"<a href=""https://tiktok.com/@marjoriecarrie0525"" target=""_blank"">@marjoriecarrie0525</a>",30,8,62.904,0.912,4,44,0,716.5,19.5,0.5,0.625
"<a href=""https://tiktok.com/@monalisa7988"" target=""_blank"">@monalisa7988</a>",34,8,58.418,1,3,46,0,1521.875,45.625,0.125,0.375
"<a href=""https://tiktok.com/@mong.khuu"" target=""_blank"">@mong.khuu</a>",30,8,64.66,0.938,2,25,0,905.875,28.5,1,0.375
"<a href=""https://tiktok.com/@nendn4309"" target=""_blank"">@nendn4309</a>",3,6,60.2,0.875,1,10,0,2013.625,58.125,0.375,0.75
"<a href=""https://tiktok.com/@nfyk.emma"" target=""_blank"">@nfyk.emma</a>",30,8,62.814,0.95,2,25,0,1576.875,46.25,0.75,1.125
"<a href=""https://tiktok.com/@noohreddit"" target=""_blank"">@noohreddit</a>",35,4,60.889,0.8,1,9,0,256.25,14.25,0.25,0
"<a href=""https://tiktok.com/@okay11732"" target=""_blank"">@okay11732</a>",47,12,67.978,0.796,3,77,0,2000,102.083,0.667,1.917
"<a href=""https://tiktok.com/@omi.poni0"" target=""_blank"">@omi.poni0</a>",34,6,56.111,1,1,9,0,1811.167,43.333,0.667,0.667
"<a href=""https://tiktok.com/@pbpktw"" target=""_blank"">@pbpktw</a>",43,9,65.132,0.963,6,92,0.001,569,11.778,0.222,0.111
"<a href=""https://tiktok.com/@power7143"" target=""_blank"">@power7143</a>",40,6,47.083,1,2,24,0,15053.167,204,2,1.167
"<a href=""https://tiktok.com/@puhrra"" target=""_blank"">@puhrra</a>",43,3,53,1,2,18,0,665,17,0.333,0
"<a href=""https://tiktok.com/@pxibi018"" target=""_blank"">@pxibi018</a>",34,8,54.267,1,5,54,0.001,3454.875,41.25,0.125,0.5
"<a href=""https://tiktok.com/@pyjadfkbircst"" target=""_blank"">@pyjadfkbircst</a>",27,6,52.556,0.857,1,9,0,444.875,14,0.25,0.25
"<a href=""https://tiktok.com/@qigqtm"" target=""_blank"">@qigqtm</a>",43,3,52.333,1,1,9,0,323.333,7.333,0,0
"<a href=""https://tiktok.com/@qlkvahinq1huog"" target=""_blank"">@qlkvahinq1huog</a>",24,5,64.111,1,1,9,0,5099.2,160.4,1.8,1.4
"<a href=""https://tiktok.com/@quincyshop08"" target=""_blank"">@quincyshop08</a>",1,10,53.705,0.904,6,69,0.001,1905.3,51.2,0.2,1.9
"<a href=""https://tiktok.com/@qwdfionqfamkqo"" target=""_blank"">@qwdfionqfamkqo</a>",27,6,52.556,0.857,1,9,0,2296.167,69.167,1.167,1
"<a href=""https://tiktok.com/@reddishnan"" target=""_blank"">@reddishnan</a>",36,6,58.332,0.93,3,40,0,399.333,10.333,0.333,0.167
"<a href=""https://tiktok.com/@reddittabud"" target=""_blank"">@reddittabud</a>",36,6,70.872,0.857,2,19,0,244.5,5.5,0,0
"<a href=""https://tiktok.com/@rhzpbjoqixj"" target=""_blank"">@rhzpbjoqixj</a>",26,8,57.694,0.972,4,53,0,634.375,13,0.125,0
"<a href=""https://tiktok.com/@rohingyao"" target=""_blank"">@rohingyao</a>",16,8,36.889,0.714,1,9,0,1731.125,101.125,8.25,2.25
"<a href=""https://tiktok.com/@sasapco"" target=""_blank"">@sasapco</a>",16,10,60.8,0.833,1,10,0,1888.6,162.2,3.5,1.1
"<a href=""https://tiktok.com/@sdsdyou"" target=""_blank"">@sdsdyou</a>",16,9,50.53,0.897,3,30,0.001,4314.556,237.333,3.444,3
"<a href=""https://tiktok.com/@shvchjds"" target=""_blank"">@shvchjds</a>",17,7,50.778,1,1,9,0,4559.75,200.75,3.625,6.5
"<a href=""https://tiktok.com/@siev9347"" target=""_blank"">@siev9347</a>",45,3,45.778,1,3,27,0,2716.667,167.667,0.333,1
"<a href=""https://tiktok.com/@sijh37"" target=""_blank"">@sijh37</a>",38,12,58.46,0.891,5,56,0.001,32048.833,466.667,1.75,4.25
"<a href=""https://tiktok.com/@sqifhw"" target=""_blank"">@sqifhw</a>",43,9,50.615,0.969,4,52,0,514.111,13.778,0.111,0
"<a href=""https://tiktok.com/@svpmrjwfqvu2oj"" target=""_blank"">@svpmrjwfqvu2oj</a>",26,8,53.946,0.97,9,108,0,1350.75,66,1.5,2.875
"<a href=""https://tiktok.com/@sweet_driver120"" target=""_blank"">@sweet_driver120</a>",39,6,99.9,0.857,1,10,0,29288.222,2169.694,90.111,35.667
"<a href=""https://tiktok.com/@tenbr.boozapp"" target=""_blank"">@tenbr.boozapp</a>",42,7,51.415,0.878,3,30,0,7264.714,117.286,1.286,1.714
"<a href=""https://tiktok.com/@text778"" target=""_blank"">@text778</a>",16,10,45.111,0.929,2,20,0.001,21204,428.6,4.2,5
"<a href=""https://tiktok.com/@textstory781"" target=""_blank"">@textstory781</a>",16,8,56.267,0.917,2,22,0,7672.375,213.875,4.25,22.875
"<a href=""https://tiktok.com/@thai.hoai.nhan.du"" target=""_blank"">@thai.hoai.nhan.du</a>",15,8,46.111,1,1,9,0,5516.125,331.375,2.75,2.5
"<a href=""https://tiktok.com/@thanh.dngp"" target=""_blank"">@thanh.dngp</a>",15,8,46.111,1,1,9,0,2128.5,125.125,0.25,0.625
"<a href=""https://tiktok.com/@the.esther00"" target=""_blank"">@the.esther00</a>",26,6,53.639,0.964,8,89,0,1065.375,11.75,0.25,1.25
"<a href=""https://tiktok.com/@the.sshamarfan"" target=""_blank"">@the.sshamarfan</a>",20,8,69.889,1,1,9,0,1418.5,35.625,1.875,1.875
"<a href=""https://tiktok.com/@the.yellow09"" target=""_blank"">@the.yellow09</a>",25,6,18.47,1,3,28,0,369.167,7.333,0,0
"<a href=""https://tiktok.com/@titme"" target=""_blank"">@titme</a>",31,8,51.526,0.891,4,50,0,1577,79.5,1,0.25
"<a href=""https://tiktok.com/@tiwakp1"" target=""_blank"">@tiwakp1</a>",43,8,54.706,0.97,8,97,0.002,337.083,10.917,0,0.083
"<a href=""https://tiktok.com/@toma.rimi"" target=""_blank"">@toma.rimi</a>",34,8,60.801,0.875,2,25,0,1338.5,17.75,0.375,0.125
"<a href=""https://tiktok.com/@ubhutfrx"" target=""_blank"">@ubhutfrx</a>",1,10,53.348,0.918,10,108,0.002,1426.6,107.6,1.4,1.6
"<a href=""https://tiktok.com/@ubpnwixo9j2jck"" target=""_blank"">@ubpnwixo9j2jck</a>",25,6,22.433,1,3,28,0,1391.667,35.333,0.333,0.167
"<a href=""https://tiktok.com/@uehjkb3487"" target=""_blank"">@uehjkb3487</a>",26,8,48.864,0.964,8,104,0,1310.25,38.875,1.125,1.875
"<a href=""https://tiktok.com/@ufsc8075"" target=""_blank"">@ufsc8075</a>",44,3,41.167,1,2,18,0,2181,72.333,1.333,3.667
"<a href=""https://tiktok.com/@user240775158"" target=""_blank"">@user240775158</a>",34,9,57.371,0.955,4,57,0,3070.556,45.444,0.222,0.556
"<a href=""https://tiktok.com/@user3436197788624"" target=""_blank"">@user3436197788624</a>",38,11,55.539,0.821,4,61,0,3658.909,108.727,4.182,2.818
"<a href=""https://tiktok.com/@user361947617460"" target=""_blank"">@user361947617460</a>",13,8,62.286,0.978,5,63,0,8969.5,105.2,19.7,1.2
"<a href=""https://tiktok.com/@user3825956150738"" target=""_blank"">@user3825956150738</a>",38,14,59.175,0.912,9,128,0.002,12695.286,194.214,1.429,5
"<a href=""https://tiktok.com/@user5107401810761"" target=""_blank"">@user5107401810761</a>",26,8,59.137,0.948,13,157,0,1103.75,40.375,0.75,1.375
"<a href=""https://tiktok.com/@user54084767052186"" target=""_blank"">@user54084767052186</a>",11,8,68.633,0.889,2,19,0,5072.2,76.5,15.3,2.7
"<a href=""https://tiktok.com/@user54314398340401"" target=""_blank"">@user54314398340401</a>",40,6,59.348,0.929,2,20,0,1153.5,34.5,0.5,0
"<a href=""https://tiktok.com/@user5626060056906"" target=""_blank"">@user5626060056906</a>",1,10,56.634,0.979,6,65,0,915.9,51.1,0.5,1.2
"<a href=""https://tiktok.com/@user5760975752263"" target=""_blank"">@user5760975752263</a>",36,6,53.354,0.944,2,27,0,318.667,11.167,0,0.5
"<a href=""https://tiktok.com/@user6024099769612"" target=""_blank"">@user6024099769612</a>",7,7,62.074,0.921,3,30,0,33771.4,1450.6,20.7,18.1
"<a href=""https://tiktok.com/@user6922385284275"" target=""_blank"">@user6922385284275</a>",1,9,50.7,1,1,10,0,1305.778,97.889,1.111,4.111
"<a href=""https://tiktok.com/@user78361043305012"" target=""_blank"">@user78361043305012</a>",19,7,30.143,0.9,1,14,0,1208.625,32.5,0.5,0.125
"<a href=""https://tiktok.com/@username.1234615"" target=""_blank"">@username.1234615</a>",41,5,89.9,0.8,1,10,0,781.4,51.9,5.4,1.7
"<a href=""https://tiktok.com/@username.12365478"" target=""_blank"">@username.12365478</a>",41,10,88.219,0.9,2,23,0,1256,71.3,5.5,1.7
"<a href=""https://tiktok.com/@uufplsvlxvp"" target=""_blank"">@uufplsvlxvp</a>",28,6,26.5,1,1,10,0,654.333,22,0.167,1.167
"<a href=""https://tiktok.com/@v.if77"" target=""_blank"">@v.if77</a>",31,7,68.385,0.889,1,13,0,1135.75,29.75,0.25,1.125
"<a href=""https://tiktok.com/@vghf668"" target=""_blank"">@vghf668</a>",31,7,55.588,0.917,1,17,0,1186.286,67.857,1.286,0.286
"<a href=""https://tiktok.com/@video.of38"" target=""_blank"">@video.of38</a>",31,7,46.222,0.813,3,28,0,1549.143,86,0.714,0.143
"<a href=""https://tiktok.com/@vltrxsbghmj6ss"" target=""_blank"">@vltrxsbghmj6ss</a>",20,7,69.889,1,1,9,0,2246,39.143,4.286,0.286
"<a href=""https://tiktok.com/@vxkaw3274"" target=""_blank"">@vxkaw3274</a>",50,6,40.827,0.907,3,40,0,1680.833,45,0.333,0
"<a href=""https://tiktok.com/@wgslhe"" target=""_blank"">@wgslhe</a>",43,3,60.778,1,6,54,0.001,2481.333,69.333,0,0.333
"<a href=""https://tiktok.com/@wojta.or"" target=""_blank"">@wojta.or</a>",31,6,50.8,0.875,1,15,0,761,8.167,0.167,0.833
"<a href=""https://tiktok.com/@woyaofadacai0"" target=""_blank"">@woyaofadacai0</a>",26,8,60.929,0.96,10,122,0,1413.25,52.125,5.875,12.125
"<a href=""https://tiktok.com/@wudtm4288"" target=""_blank"">@wudtm4288</a>",50,5,33.148,0.929,2,27,0,5585,203.8,1,0.4
"<a href=""https://tiktok.com/@xbhyudvqeq2lki"" target=""_blank"">@xbhyudvqeq2lki</a>",26,7,50.339,0.911,6,60,0,951.125,26.25,0.25,0.5
"<a href=""https://tiktok.com/@xiaoheiyang11"" target=""_blank"">@xiaoheiyang11</a>",23,8,21.833,1,1,12,0,1558.125,51.875,0.5,0.625
"<a href=""https://tiktok.com/@xihz9643"" target=""_blank"">@xihz9643</a>",46,3,58,1,1,9,0,7757.667,116.667,0,4.333
"<a href=""https://tiktok.com/@xxii911"" target=""_blank"">@xxii911</a>",16,10,41.46,0.862,4,45,0,1661.1,127,3.1,1.3
"<a href=""https://tiktok.com/@yiitsukb"" target=""_blank"">@yiitsukb</a>",10,8,63.636,1,1,11,0,2159,107.5,4.25,6.875
"<a href=""https://tiktok.com/@yourstoryttt"" target=""_blank"">@yourstoryttt</a>",16,8,61.833,1,1,12,0,114315.875,4004.5,45.875,47.125
"<a href=""https://tiktok.com/@ytrq8081"" target=""_blank"">@ytrq8081</a>",47,11,69.213,0.752,3,76,0,2520.833,117.167,1,0.583
"<a href=""https://tiktok.com/@yue6655"" target=""_blank"">@yue6655</a>",21,5,52.3,0.833,1,10,0,1408.8,44.2,0.8,0.4
"<a href=""https://tiktok.com/@yuwenmovie"" target=""_blank"">@yuwenmovie</a>",7,10,57.354,0.961,6,67,0,1670.9,46.6,0.5,3.7
"<a href=""https://tiktok.com/@zsdx184"" target=""_blank"">@zsdx184</a>",38,7,61.883,0.937,4,45,0,5038.286,78.286,0.714,2.714
"<a href=""https://tiktok.com/@zxvb736"" target=""_blank"">@zxvb736</a>",38,14,55.946,0.873,8,135,0,1890.643,51.643,0.857,1.214
