"Network","Number of Accounts","Network Density","Network Diameter","Clustering Coefficient","Avg Views","Avg Likes","Avg Comments","Avg Shares","Member Accounts"
1,18,0.255,41,0.375,2403.535,112.165,1.088,4.247,"hcodifb, krug011, jtcytxyzey, quincyshop08, fdijc3, bmc12655, fughf21, jdpxorjf, irdc042, jsosjxj8, ubhutfrx, chantalkusch, jfufrehcdh, jfkovj5, jdpdosj, user5626060056906, luisina.riihimaki, user6922385284275"
2,2,1,9,0,3147.267,67.867,2.533,5.133,"hdr86575, anaxagoras.harlen"
3,2,1,10,0,12959.294,463.765,1.647,3.294,"bfihc, nendn4309"
4,2,1,9,0,33564.45,1209.85,8.55,5.2,"hhhhh777777852, fredagraham2022"
5,2,1,9,0,13587.667,367.286,6.857,3.952,"fhfry4764, asdfsasd.fgdfdgas"
6,3,0.667,22,0,1667.667,55.815,0.704,1.296,"bdonvg, elvistrevelyan0204, finishthemovie3"
7,7,0.571,22,0.632,8294.299,271.448,4.597,4.821,"aed2977, dianaantoinette2000, juliedouglass2013, user6024099769612, fannybach2010, aedbr6, yuwenmovie"
8,2,1,10,0,49008.2,2221,11,15.133,"kbpsjd, gfjch34"
9,2,1,9,0,1373.786,104.286,1.571,2.714,"gf.nj97, heyrrgcjyi"
10,2,1,11,0,67431.933,2631.8,16.133,12.8,"gdkcofufn, yiitsukb"
11,4,0.667,21,0.6,13343.526,210.842,6.842,2.105,"aeda1689, lwandiswamsithini, user54084767052186, aed7p4"
12,2,1,12,0,10154.778,115.111,3.056,0.944,"akkaanav.risksjsg, debran.oxonrp03"
13,6,1,15,1,5442.745,139.382,5.2,16,"ethel.gregory2, danghu337, joab.truitt, laetitia.circle, josieferguson6, user361947617460"
14,3,0.667,20,0,2879.652,103.043,1.174,0.478,"kokokopi72, khans9949, kris.noproblem"
15,2,1,9,0,3822.312,228.25,1.5,1.562,"thai.hoai.nhan.du, thanh.dngp"
16,11,0.218,63,0.286,14059.58,509.21,7.99,7.34,"ktsfyh, sasapco, landscape5670, huiodjio, textstory781, sdsdyou, xxii911, text778, crtyougo, rohingyao, yourstoryttt"
17,2,1,9,0,3652.5,173,2.688,3.812,"fjjgdvx, shvchjds"
18,2,1,10,0,3659.789,118.263,1.474,3.947,"hec88551nva, gskgu2"
19,2,1,14,0,15736.625,516.062,8.562,5.562,"ella627700, user78361043305012"
20,2,1,9,0,1804.667,37.267,3,1.133,"the.sshamarfan, vltrxsbghmj6ss"
21,2,1,10,0,1149.308,34.462,0.615,1.154,"huahua88883, yue6655"
22,2,1,12,0,1028.857,42.357,0.357,0.571,"huoqilaiya, baobaiwan888"
23,2,1,12,0,2039.688,65.375,1.062,1.938,"labubu5252, xiaoheiyang11"
24,2,1,9,0,3443.5,93.583,1.333,0.667,"baobaobao7183, qlkvahinq1huog"
25,4,0.833,18,0.75,767.087,19.087,0.217,0.13,"ubpnwixo9j2jck, ccgmail16, cufiykgvrho9kk, the.yellow09"
26,15,0.552,34,0.65,1054.1,37.842,1.617,4.325,"cbnhf5680, rhzpbjoqixj, jackie.bradley45, jfodxgajsjijpd, the.esther00, ihgg5672, user5107401810761, woyaofadacai0, svpmrjwfqvu2oj, gvcchh3457, bxecxotdjfrvi, uehjkb3487, hhgghj8866, fgjbgf4688, xbhyudvqeq2lki"
27,2,1,9,0,1238.286,37.643,0.643,0.571,"qwdfionqfamkqo, pyjadfkbircst"
28,2,1,10,0,1326.273,32.909,0.182,1.273,"feelforc0o0676, uufplsvlxvp"
29,2,1,10,0,737.667,16.267,0.4,0.267,"jann.jacobs, lawrenceharvey54"
30,5,0.5,22,0.375,965.2,25.825,0.525,0.625,"nfyk.emma, mong.khuu, marjoriecarrie0525, marisol.rath, camilo.austin5"
31,9,0.306,53,0.48,1532.536,56.739,0.536,0.841,"jdbjd335, c.ts24, berez.paulo, v.if77, titme, vghf668, kuhar.clair6, video.of38, wojta.or"
32,5,0.4,30,0,1788.206,43.5,0.588,1.059,"biebuh4, burba.robyn, g.gy726, ggih3179, j.uv586"
33,2,1,9,0,826,15.909,0.091,0.182,"j.ee238, fhvf210"
34,8,0.393,40,0.462,1945.371,35.403,0.226,0.355,"fhuc22, toma.rimi, monalisa7988, gfg6705, pxibi018, hsbuz8, omi.poni0, user240775158"
35,2,1,9,0,163.286,8.429,0.143,0,"noohreddit, it29375"
36,4,0.833,23,0.75,362,8.833,0.083,0.167,"reddittabud, reddishnan, brs1reddit, user5760975752263"
37,2,1,9,0,3406.3,111.9,1.15,6.4,"gjbgikh, dhcdyj5"
38,14,0.396,43,0.715,8624.439,143.723,1.473,2.568,"cfdc18, dthh824, user3825956150738, zsdx184, aedh263, crhn65, jvhb240, sijh37, jajsjsn56, user3436197788624, jvtvc3, iiuu553, aed0267, zxvb736"
39,2,1,10,0,17535.387,1325.71,58.339,26.242,"cute_queen7102, sweet_driver120"
40,4,0.833,21,0.75,5968.042,105.625,1.333,0.875,"kili1173, power7143, hh155702, user54314398340401"
41,3,0.667,23,0,6794.727,426.606,16.182,8.121,"username.1234615, beaty_queen_22, username.12365478"
42,6,0.6,29,0.682,4343.822,113.489,2.956,2.156,"camilo.lopehp, ilges.estelwei, lanora.haskely, aseng.haymong, desiderio.momogg, tenbr.boozapp"
43,20,0.242,66,0.606,796.566,24.189,0.133,0.245,"arffug, qigqtm, fsaftn, doiplo1, eqmhqf, idpeoc, dtbtcc8, hdmjwo1, tiwakp1, bipiqo, hltuoq, hidouo, lhqitc, bpgarp, cdnkdg, puhrra, pbpktw, hirakw1, wgslhe, sqifhw"
44,3,1,9,1,1348.889,73,0.778,1.889,"hehs5037, dhhi6645, ufsc8075"
45,4,0.833,18,0.75,1393.5,72.5,0.417,0.333,"cjur6297, ific3756, fkur7594, siev9347"
46,3,0.667,18,0,3000.444,70.667,0.111,2.222,"fnnf8890, gjguq6894, xihz9643"
47,6,0.8,37,0.789,1475.091,61.606,0.576,0.742,"ghhj8554, bvoo3130, dijx3903, fhda78402, okay11732, ytrq8081"
48,7,0.762,30,0.712,722.264,43.917,0.514,0.528,"djwf2904, dygd8923, itsh7661, jiqw8344, drgd8391, eiej4325, jkuy0534"
49,2,1,9,0,1465.733,65.8,1.2,2.867,"fncribcs, fhlncfvk"
50,7,0.429,41,0.562,2455.649,75.216,0.324,0.243,"bnsle4278, 2jxggxh, 1yrogls, cnatk3189, abxdl1382, vxkaw3274, wudtm4288"
