"Account","Network","Unique Shares","Avg Time Between Shares (sec)","Edge Symmetry Score","Degree","Strength","Betweenness","Avg Views","Avg Likes","Avg Comments","Avg Shares"
"<a href=""https://tiktok.com/@1de88761"" target=""_blank"">@1de88761</a>",4,3,58.333,1,1,9,0,580.667,28.667,0.333,0
"<a href=""https://tiktok.com/@anghyry2"" target=""_blank"">@anghyry2</a>",5,3,39.111,1,1,9,0,5070,183.333,0.667,1.333
"<a href=""https://tiktok.com/@axvpe88at6"" target=""_blank"">@axvpe88at6</a>",9,3,11.704,0.933,3,27,0,73683.667,568.667,2,2.333
"<a href=""https://tiktok.com/@beq5pja9n9"" target=""_blank"">@beq5pja9n9</a>",8,4,66.1,0.8,1,10,0,16468.667,178.167,0.5,1.333
"<a href=""https://tiktok.com/@bihuobibao63"" target=""_blank"">@bihuobibao63</a>",13,6,57,1,1,12,0,458.833,13.833,0,0
"<a href=""https://tiktok.com/@d146da6b"" target=""_blank"">@d146da6b</a>",4,3,62.167,1,2,18,0.001,3794,122,0.333,0
"<a href=""https://tiktok.com/@donpenno"" target=""_blank"">@donpenno</a>",6,10,55.894,0.933,5,60,0,1404.2,76,0.1,0.4
"<a href=""https://tiktok.com/@doubanjiang310"" target=""_blank"">@doubanjiang310</a>",12,17,54.149,0.91,5,98,0.004,2374.353,14,2.235,1.882
"<a href=""https://tiktok.com/@duy.anhmo.cauu.v"" target=""_blank"">@duy.anhmo.cauu.v</a>",3,10,24.633,1,4,46,0,718,19.2,0.2,3.8
"<a href=""https://tiktok.com/@e39a39fd"" target=""_blank"">@e39a39fd</a>",4,3,53.333,1,1,9,0,613,96,0,0
"<a href=""https://tiktok.com/@ecxdm85oj4"" target=""_blank"">@ecxdm85oj4</a>",9,3,8.741,0.933,3,27,0,808.667,42.667,0.667,0
"<a href=""https://tiktok.com/@f4m3wamad4"" target=""_blank"">@f4m3wamad4</a>",10,5,73.727,0.875,1,11,0,6792.4,44.2,0.4,0.6
"<a href=""https://tiktok.com/@fa68730"" target=""_blank"">@fa68730</a>",15,5,11.667,1,1,9,0,549.8,33,0.8,0.2
"<a href=""https://tiktok.com/@fanqie0166"" target=""_blank"">@fanqie0166</a>",12,16,51.785,0.943,4,78,0,1514.889,30.278,0.222,0.722
"<a href=""https://tiktok.com/@fanqiejiang020"" target=""_blank"">@fanqiejiang020</a>",12,12,48.863,0.911,3,52,0,449.917,16.917,1.667,0.333
"<a href=""https://tiktok.com/@feawfem6h8"" target=""_blank"">@feawfem6h8</a>",11,3,38.926,0.867,3,27,0,2167,75.333,0.667,1.667
"<a href=""https://tiktok.com/@febio432"" target=""_blank"">@febio432</a>",6,10,59.229,0.894,6,81,0,2397.2,91.2,0.1,0.8
"<a href=""https://tiktok.com/@fz1056"" target=""_blank"">@fz1056</a>",6,9,56.847,0.95,5,68,0,2116.444,83.889,0.889,0.333
"<a href=""https://tiktok.com/@g159522"" target=""_blank"">@g159522</a>",14,5,23.889,1,1,9,0,828,57,2.4,0.8
"<a href=""https://tiktok.com/@g437463"" target=""_blank"">@g437463</a>",7,10,93.413,1,2,39,0,1177.4,47.8,1.8,0.7
"<a href=""https://tiktok.com/@gbob3763"" target=""_blank"">@gbob3763</a>",7,10,63.804,0.944,3,41,0,1276.3,74.2,0.9,0.8
"<a href=""https://tiktok.com/@gcsf177uf4"" target=""_blank"">@gcsf177uf4</a>",10,5,38.958,0.866,2,23,0,6623.4,53.4,0.8,0.2
"<a href=""https://tiktok.com/@gd.jc30"" target=""_blank"">@gd.jc30</a>",3,11,23.224,1,4,47,0,673.455,18.091,0.273,2.909
"<a href=""https://tiktok.com/@gdxgjj76"" target=""_blank"">@gdxgjj76</a>",8,6,58.306,0.873,4,41,0.006,77247.5,693.333,4,7.833
"<a href=""https://tiktok.com/@ge.zm6"" target=""_blank"">@ge.zm6</a>",3,9,25.175,1,4,40,0,736.556,32.111,0.556,7
"<a href=""https://tiktok.com/@grusf218"" target=""_blank"">@grusf218</a>",12,17,45.482,0.939,5,85,0.003,2681.412,34.824,0.706,1.353
"<a href=""https://tiktok.com/@gsbxi6"" target=""_blank"">@gsbxi6</a>",3,11,22.891,1,4,47,0,585.545,25.545,0.909,3.909
"<a href=""https://tiktok.com/@h0559795"" target=""_blank"">@h0559795</a>",7,9,53.306,0.944,3,38,0,1327,79.7,1,0.9
"<a href=""https://tiktok.com/@h_kp82"" target=""_blank"">@h_kp82</a>",12,17,53.137,0.965,4,98,0,1685.529,23.059,0.176,0.176
"<a href=""https://tiktok.com/@hddjbg2"" target=""_blank"">@hddjbg2</a>",1,6,59.333,1,1,12,0,14919.875,301.125,8,3.125
"<a href=""https://tiktok.com/@hdhdhf691"" target=""_blank"">@hdhdhf691</a>",14,5,23.889,1,1,9,0,279,19.4,0.6,0.4
"<a href=""https://tiktok.com/@hehedjwn"" target=""_blank"">@hehedjwn</a>",6,10,48.41,0.961,6,82,0,1845.6,81.8,1.6,0.1
"<a href=""https://tiktok.com/@hf42pko9p2"" target=""_blank"">@hf42pko9p2</a>",10,6,70.348,0.869,3,33,0.001,6491,87,0.5,0.5
"<a href=""https://tiktok.com/@hfjcj8"" target=""_blank"">@hfjcj8</a>",15,5,11.667,1,1,9,0,1634.6,55,1.6,2.2
"<a href=""https://tiktok.com/@hjg38205"" target=""_blank"">@hjg38205</a>",7,7,70.49,0.847,3,32,0,1672.1,56.2,0.9,1.1
"<a href=""https://tiktok.com/@huangdoujiang012"" target=""_blank"">@huangdoujiang012</a>",12,17,44.887,0.917,4,74,0,2381.889,33.167,0.5,2.222
"<a href=""https://tiktok.com/@huohuohuo665"" target=""_blank"">@huohuohuo665</a>",2,6,68.118,0.833,1,17,0,3345.583,139,1.333,0.833
"<a href=""https://tiktok.com/@jcoendb"" target=""_blank"">@jcoendb</a>",7,10,64.774,0.975,5,75,0.001,1216.1,61.7,0.3,0.8
"<a href=""https://tiktok.com/@jgcjii4"" target=""_blank"">@jgcjii4</a>",8,5,51.622,0.833,2,19,0.001,16753.2,165,1.2,2.6
"<a href=""https://tiktok.com/@jjgg25283"" target=""_blank"">@jjgg25283</a>",6,8,48.305,0.944,3,39,0,2402,53.6,0.5,0.4
"<a href=""https://tiktok.com/@jxfjv98"" target=""_blank"">@jxfjv98</a>",1,6,59.333,1,1,12,0,1558,159.571,1.286,0.857
"<a href=""https://tiktok.com/@kinvtrung96"" target=""_blank"">@kinvtrung96</a>",3,10,27.725,1,4,46,0,1055.2,50.9,0.6,8.6
"<a href=""https://tiktok.com/@klz0r0dub8"" target=""_blank"">@klz0r0dub8</a>",11,3,48.556,0.933,3,27,0,2940.667,44.333,0.333,0
"<a href=""https://tiktok.com/@lajiaojiang219"" target=""_blank"">@lajiaojiang219</a>",12,18,46.01,0.948,5,86,0.004,2890.167,26.944,1.722,0.333
"<a href=""https://tiktok.com/@qeqd4ynzt1"" target=""_blank"">@qeqd4ynzt1</a>",8,5,36.333,1,1,9,0,3980.2,70.2,1.6,0.4
"<a href=""https://tiktok.com/@rfihfg"" target=""_blank"">@rfihfg</a>",8,5,54,0.833,1,9,0,2295.333,105.167,0.5,0.667
"<a href=""https://tiktok.com/@ribendongzuo0077"" target=""_blank"">@ribendongzuo0077</a>",12,13,40.772,0.916,3,45,0,2002.077,37,0.769,0.462
"<a href=""https://tiktok.com/@rncdkignu1"" target=""_blank"">@rncdkignu1</a>",9,3,8,0.933,3,27,0,163820.333,1045.333,3.333,12.667
"<a href=""https://tiktok.com/@rrcqt1qgy3"" target=""_blank"">@rrcqt1qgy3</a>",11,3,57.222,0.867,3,27,0,135,5.667,0.333,0
"<a href=""https://tiktok.com/@spouhdstn2"" target=""_blank"">@spouhdstn2</a>",9,3,13.778,0.933,3,27,0,94648,576.667,3,6.333
"<a href=""https://tiktok.com/@tffyhbji"" target=""_blank"">@tffyhbji</a>",5,3,39.111,1,1,9,0,2637.667,80.333,0,0
"<a href=""https://tiktok.com/@thv86256"" target=""_blank"">@thv86256</a>",6,10,60.094,0.948,6,69,0.001,2389.4,57.6,0.4,0.1
"<a href=""https://tiktok.com/@ueswyayfo4"" target=""_blank"">@ueswyayfo4</a>",8,9,75.65,0.818,5,56,0.008,2543,56.111,0.889,0.333
"<a href=""https://tiktok.com/@uojvzvxeq8"" target=""_blank"">@uojvzvxeq8</a>",8,6,67.526,0.845,2,25,0,14860,73.167,0.333,0.333
"<a href=""https://tiktok.com/@user26861717011926"" target=""_blank"">@user26861717011926</a>",4,3,64.667,1,2,18,0.001,627.667,52,0,0
"<a href=""https://tiktok.com/@user40476526924174"" target=""_blank"">@user40476526924174</a>",8,5,31.2,0.857,1,10,0,4415.2,150.6,1.6,1.4
"<a href=""https://tiktok.com/@user40944531186992"" target=""_blank"">@user40944531186992</a>",8,6,45.308,0.908,4,40,0.007,8458.333,115.333,0.5,1.5
"<a href=""https://tiktok.com/@user8291813694079"" target=""_blank"">@user8291813694079</a>",7,8,63.867,1,2,27,0,1273.7,70.1,1.4,0.6
"<a href=""https://tiktok.com/@uujcjtnsi0"" target=""_blank"">@uujcjtnsi0</a>",10,5,43.7,0.857,2,21,0,8902.6,110.6,1,0.6
"<a href=""https://tiktok.com/@veuek344"" target=""_blank"">@veuek344</a>",12,16,49.785,0.958,5,93,0.004,5729.556,34.889,0.5,2.278
"<a href=""https://tiktok.com/@wpbxj19bw1"" target=""_blank"">@wpbxj19bw1</a>",11,3,41.593,0.933,3,27,0,104.667,2,0,0
"<a href=""https://tiktok.com/@wss0307"" target=""_blank"">@wss0307</a>",2,9,68.118,0.833,1,17,0,1470.167,85.917,0.583,0.667
"<a href=""https://tiktok.com/@yemeigui236"" target=""_blank"">@yemeigui236</a>",12,17,54.082,0.955,4,95,0,726.118,22.294,0.471,0.235
"<a href=""https://tiktok.com/@yhbbechhu"" target=""_blank"">@yhbbechhu</a>",6,9,49.155,0.904,5,61,0,3012.222,80.556,0.556,0.778
"<a href=""https://tiktok.com/@yidinghuo155"" target=""_blank"">@yidinghuo155</a>",13,6,57,1,1,12,0,237.5,1.833,0.333,0
"<a href=""https://tiktok.com/@zo5cpzukd7"" target=""_blank"">@zo5cpzukd7</a>",8,6,55.585,0.849,3,35,0,67072.5,379,3,12.333
