"Network","Number of Accounts","Network Density","Network Diameter","Clustering Coefficient","Avg Views","Avg Likes","Avg Comments","Avg Shares","Member Accounts"
1,2,1,12,0,8684.333,235.067,4.867,2.067,"hddjbg2, jxfjv98"
2,2,1,17,0,2407.875,112.458,0.958,0.75,"huohuohuo665, wss0307"
3,5,1,13,1,749.216,28.824,0.51,5.137,"gd.jc30, gsbxi6, kinvtrung96, ge.zm6, duy.anhmo.cauu.v"
4,4,0.5,27,0,1403.833,74.667,0.167,0,"d146da6b, e39a39fd, 1de88761, user26861717011926"
5,2,1,9,0,3853.833,131.833,0.333,0.667,"anghyry2, tffyhbji"
6,7,0.857,22,0.885,2213.853,74.735,0.588,0.412,"donpenno, hehedjwn, thv86256, jjgg25283, fz1056, febio432, yhbbechhu"
7,6,0.6,35,0.571,1323.767,64.95,1.05,0.817,"h0559795, g437463, hjg38205, jcoendb, gbob3763, user8291813694079"
8,10,0.267,33,0.222,21117.4,194.983,1.383,2.817,"jgcjii4, gdxgjj76, user40476526924174, qeqd4ynzt1, beq5pja9n9, rfihfg, user40944531186992, ueswyayfo4, uojvzvxeq8, zo5cpzukd7"
9,4,1,9,1,83240.167,558.333,2.25,5.333,"axvpe88at6, ecxdm85oj4, rncdkignu1, spouhdstn2"
10,4,0.667,23,0.6,7168.476,74.429,0.667,0.476,"f4m3wamad4, hf42pko9p2, gcsf177uf4, uujcjtnsi0"
11,4,1,9,1,1336.833,31.833,0.333,0.417,"rrcqt1qgy3, klz0r0dub8, feawfem6h8, wpbxj19bw1"
12,10,0.467,53,0.729,2325.267,27.515,0.873,1.042,"fanqie0166, h_kp82, grusf218, veuek344, huangdoujiang012, lajiaojiang219, ribendongzuo0077, doubanjiang310, fanqiejiang020, yemeigui236"
13,2,1,12,0,348.167,7.833,0.167,0,"bihuobibao63, yidinghuo155"
14,2,1,9,0,553.5,38.2,1.5,0.6,"hdhdhf691, g159522"
15,2,1,9,0,1092.2,44,1.2,1.2,"hfjcj8, fa68730"
