"Account","Network","Unique Shares","Avg Time Between Shares (sec)","Edge Symmetry Score","Degree","Strength","Betweenness","Avg Views","Avg Likes","Avg Comments","Avg Shares"
"<a href=""https://tiktok.com/@2thgkvjd"" target=""_blank"">@2thgkvjd</a>",58,4,51.429,0.833,1,7,0,1741.75,134.25,0.75,0
"<a href=""https://tiktok.com/@2tiktohdh"" target=""_blank"">@2tiktohdh</a>",58,4,51.429,0.833,1,7,0,1011.75,41.5,0.5,0
"<a href=""https://tiktok.com/@aed0267"" target=""_blank"">@aed0267</a>",34,11,50.597,0.858,3,51,0,2503.273,82.455,0.364,1.182
"<a href=""https://tiktok.com/@aed2750"" target=""_blank"">@aed2750</a>",34,6,46.314,0.933,3,37,0,2142.5,29,0.333,0.833
"<a href=""https://tiktok.com/@aed2996"" target=""_blank"">@aed2996</a>",98,3,67.139,0.9,2,17,0,8393,79,1,1.667
"<a href=""https://tiktok.com/@aed3660"" target=""_blank"">@aed3660</a>",39,6,70.875,1,1,8,0,7311.167,79.167,0.333,0.667
"<a href=""https://tiktok.com/@aed75787"" target=""_blank"">@aed75787</a>",38,6,67.429,0.857,1,7,0,5761.375,58.25,1.375,1.25
"<a href=""https://tiktok.com/@aed7p4"" target=""_blank"">@aed7p4</a>",38,7,52.214,0.929,2,14,0,12324.429,195.286,1.857,0.857
"<a href=""https://tiktok.com/@aed8564"" target=""_blank"">@aed8564</a>",71,5,17.25,1,1,8,0,776.8,35.4,0.2,0
"<a href=""https://tiktok.com/@aedfjats"" target=""_blank"">@aedfjats</a>",41,7,53.714,1,1,7,0,1475.714,58.571,0.286,1.429
"<a href=""https://tiktok.com/@aedfkjdc"" target=""_blank"">@aedfkjdc</a>",72,6,77.25,1,1,8,0,1319.333,46.167,1,0.833
"<a href=""https://tiktok.com/@aedgslpxjx"" target=""_blank"">@aedgslpxjx</a>",9,8,52.847,0.892,9,80,0,1921.125,29.5,0.125,0.375
"<a href=""https://tiktok.com/@aedhdici"" target=""_blank"">@aedhdici</a>",3,6,73.55,0.833,2,20,0,3727.833,107.333,5.667,75.667
"<a href=""https://tiktok.com/@aedhdjcoof"" target=""_blank"">@aedhdjcoof</a>",9,6,67.163,0.967,5,40,0,3650.5,129.75,1.125,1.375
"<a href=""https://tiktok.com/@alejkityuoo"" target=""_blank"">@alejkityuoo</a>",11,4,65.5,1,1,8,0,789.5,18,0,0
"<a href=""https://tiktok.com/@amazing_seeet120"" target=""_blank"">@amazing_seeet120</a>",65,7,92.214,0.833,1,14,0,1084.111,95.556,6.667,4
"<a href=""https://tiktok.com/@arffug"" target=""_blank"">@arffug</a>",86,8,21.927,0.955,16,161,0,1616.875,71.125,1,3.625
"<a href=""https://tiktok.com/@aseng.haymong"" target=""_blank"">@aseng.haymong</a>",44,4,38.429,0.833,1,7,0,1141.75,76.5,0.75,1
"<a href=""https://tiktok.com/@avelina.asucen"" target=""_blank"">@avelina.asucen</a>",54,5,47.616,0.958,4,30,0,1013,58.6,0.4,0.8
"<a href=""https://tiktok.com/@awmilke"" target=""_blank"">@awmilke</a>",59,4,16.25,1,1,8,0,969,34.75,0.5,0
"<a href=""https://tiktok.com/@ayanna.kelekele"" target=""_blank"">@ayanna.kelekele</a>",92,6,55.62,0.864,4,39,0,1416.167,26,1.167,9.333
"<a href=""https://tiktok.com/@ayden.riverad"" target=""_blank"">@ayden.riverad</a>",5,8,58.634,0.78,3,25,0,6264.5,115.25,1.125,1.125
"<a href=""https://tiktok.com/@bate.hynda"" target=""_blank"">@bate.hynda</a>",38,5,37,1,1,7,0,5183.5,61.375,0.75,0.75
"<a href=""https://tiktok.com/@battl.kray"" target=""_blank"">@battl.kray</a>",35,11,55.496,0.87,8,138,0,35968.364,487.909,1.545,5.455
"<a href=""https://tiktok.com/@bbjqnch"" target=""_blank"">@bbjqnch</a>",42,7,58,0.857,1,7,0,2738.375,66.25,0.75,0.375
"<a href=""https://tiktok.com/@bdjsbsk4"" target=""_blank"">@bdjsbsk4</a>",53,5,44.63,0.971,5,47,0,1597,49.6,0.6,0.2
"<a href=""https://tiktok.com/@beautiful46h"" target=""_blank"">@beautiful46h</a>",94,13,53.055,0.75,2,29,0,489.867,70.667,6.2,1
"<a href=""https://tiktok.com/@beautifulseen30"" target=""_blank"">@beautifulseen30</a>",94,9,84.429,1,1,7,0,29.214,5.286,1.214,0
"<a href=""https://tiktok.com/@benedossie2"" target=""_blank"">@benedossie2</a>",35,9,53.734,0.884,8,100,0,4897.222,56.111,1,1.333
"<a href=""https://tiktok.com/@berez.paulo"" target=""_blank"">@berez.paulo</a>",15,3,47.185,1,3,27,0,2367.667,42.667,0,0
"<a href=""https://tiktok.com/@bgfddf8888"" target=""_blank"">@bgfddf8888</a>",8,4,52.143,1,1,7,0,4417,110.6,2,4.8
"<a href=""https://tiktok.com/@bhsn473"" target=""_blank"">@bhsn473</a>",88,6,42.335,0.937,4,44,0,1816,29.667,0.167,3.833
"<a href=""https://tiktok.com/@bipiqo"" target=""_blank"">@bipiqo</a>",86,9,23.583,0.913,16,211,0,3269.889,77.556,0.111,1.444
"<a href=""https://tiktok.com/@bkot6010"" target=""_blank"">@bkot6010</a>",52,3,54.667,1,3,27,0,1286,49.167,2.833,1.167
"<a href=""https://tiktok.com/@bmc12655"" target=""_blank"">@bmc12655</a>",1,8,46.836,0.912,10,93,0,2636.5,92.125,0.75,4.875
"<a href=""https://tiktok.com/@bowro.jpp"" target=""_blank"">@bowro.jpp</a>",22,5,72.286,0.8,1,7,0,8818.286,664.857,3.429,109.571
"<a href=""https://tiktok.com/@bpgarp"" target=""_blank"">@bpgarp</a>",86,9,31.012,0.959,16,223,0,1137.778,20.333,0.222,0.222
"<a href=""https://tiktok.com/@brese.hillah"" target=""_blank"">@brese.hillah</a>",24,8,87.75,1,1,8,0,1901.625,101.125,2.875,8.125
"<a href=""https://tiktok.com/@bsjj8797"" target=""_blank"">@bsjj8797</a>",13,3,49.938,1,2,17,0,1487,20.333,0,0.667
"<a href=""https://tiktok.com/@bsnsnsk.bznnsjf"" target=""_blank"">@bsnsnsk.bznnsjf</a>",23,7,28.25,1,1,8,0,1448.875,82.75,10.5,48.5
"<a href=""https://tiktok.com/@bvoo3130"" target=""_blank"">@bvoo3130</a>",48,9,77.3,1,5,85,0,2348,47.222,0.333,0.333
"<a href=""https://tiktok.com/@bxuzba"" target=""_blank"">@bxuzba</a>",54,5,26.7,0.905,3,29,0,342.6,10.2,0,0
"<a href=""https://tiktok.com/@carbloggera"" target=""_blank"">@carbloggera</a>",13,3,51.778,1,2,18,0,977,38.333,0,0
"<a href=""https://tiktok.com/@cardriving139"" target=""_blank"">@cardriving139</a>",94,12,56.176,0.875,2,20,0,128.125,24.625,3.625,0.125
"<a href=""https://tiktok.com/@carlos.alberto.al886"" target=""_blank"">@carlos.alberto.al886</a>",44,4,38.429,0.833,1,7,0,1482,31,1,0.25
"<a href=""https://tiktok.com/@cbjf05"" target=""_blank"">@cbjf05</a>",5,8,54.138,0.71,4,31,0,3356.75,57.75,0.5,0.75
"<a href=""https://tiktok.com/@cfndhfch"" target=""_blank"">@cfndhfch</a>",77,9,59.979,0.891,3,50,0,694.222,1.556,0,0.667
"<a href=""https://tiktok.com/@chantalkusch"" target=""_blank"">@chantalkusch</a>",1,6,52.875,0.9,2,15,0,2445,92.125,2.25,7.875
"<a href=""https://tiktok.com/@chcjg0"" target=""_blank"">@chcjg0</a>",8,5,52.143,1,1,7,0,9701.286,138,11.571,122.286
"<a href=""https://tiktok.com/@china_cutegirl22"" target=""_blank"">@china_cutegirl22</a>",68,7,91.625,1,1,8,0,10099.353,1056.941,26.941,85.471
"<a href=""https://tiktok.com/@china_deriver_60"" target=""_blank"">@china_deriver_60</a>",68,7,70.7,0.75,1,10,0,44634.333,1057.889,31.556,37.278
"<a href=""https://tiktok.com/@chuma_g1"" target=""_blank"">@chuma_g1</a>",68,7,81.162,0.875,2,18,0,444.917,62.25,3.333,0.667
"<a href=""https://tiktok.com/@chumi_girl_105"" target=""_blank"">@chumi_girl_105</a>",95,6,48.571,0.6,1,7,0,3184.556,46.889,1.667,1.167
"<a href=""https://tiktok.com/@chummi_queen1"" target=""_blank"">@chummi_queen1</a>",66,10,77.321,0.75,2,22,0,1580.143,82.667,10.143,2.714
"<a href=""https://tiktok.com/@chunyuan66"" target=""_blank"">@chunyuan66</a>",75,4,57.75,0.833,1,8,0,1905,228.75,1.5,2
"<a href=""https://tiktok.com/@cigcgict"" target=""_blank"">@cigcgict</a>",64,4,37.143,1,1,7,0,1073.5,52.75,0.25,0
"<a href=""https://tiktok.com/@ciojkb"" target=""_blank"">@ciojkb</a>",46,13,21.315,0.934,10,222,0,2265.308,126.462,0.308,0.615
"<a href=""https://tiktok.com/@ciucfyictci"" target=""_blank"">@ciucfyictci</a>",61,4,34.25,1,1,8,0,1203.25,104,0.25,1.5
"<a href=""https://tiktok.com/@cjire9104"" target=""_blank"">@cjire9104</a>",49,3,45,1,2,18,0,379.333,12,0.333,0.667
"<a href=""https://tiktok.com/@cjsllfd"" target=""_blank"">@cjsllfd</a>",19,4,46.429,0.833,1,7,0,1461,56.75,0,0
"<a href=""https://tiktok.com/@clirr5282"" target=""_blank"">@clirr5282</a>",51,3,45.667,1,1,9,0,1367.333,93,0.333,1.333
"<a href=""https://tiktok.com/@cnatk3189"" target=""_blank"">@cnatk3189</a>",55,4,34,1,2,16,0,1173,57.5,0.5,0.5
"<a href=""https://tiktok.com/@constantinos.hard"" target=""_blank"">@constantinos.hard</a>",92,6,68.616,0.819,3,32,0,1399.333,32.833,1.833,13.167
"<a href=""https://tiktok.com/@craig.harrell0"" target=""_blank"">@craig.harrell0</a>",6,6,74.25,0.714,1,8,0,5185.571,109.857,0.571,1
"<a href=""https://tiktok.com/@cuteg895"" target=""_blank"">@cuteg895</a>",94,8,55.656,0.792,2,24,0,243844.6,7439.3,120.7,110.5
"<a href=""https://tiktok.com/@cutequeen_driver120"" target=""_blank"">@cutequeen_driver120</a>",66,9,87.488,0.917,2,26,0,108.958,23.833,2.875,0.292
"<a href=""https://tiktok.com/@debran.oxonrp00"" target=""_blank"">@debran.oxonrp00</a>",37,8,36,0.714,1,8,0,3285.875,67.25,0.375,0.375
"<a href=""https://tiktok.com/@debran.oxonrp86"" target=""_blank"">@debran.oxonrp86</a>",37,8,36,0.714,1,8,0,10959,161.375,1.25,2.25
"<a href=""https://tiktok.com/@demetriusguerrero"" target=""_blank"">@demetriusguerrero</a>",93,3,28.429,0.8,1,7,0,1175,27.333,1,5.333
"<a href=""https://tiktok.com/@dempseyhuntington2002"" target=""_blank"">@dempseyhuntington2002</a>",71,4,17.25,1,1,8,0,871.833,38.167,0.5,0
"<a href=""https://tiktok.com/@dghhg372"" target=""_blank"">@dghhg372</a>",81,5,40.667,1,1,9,0,4154.6,293.2,2.2,6.2
"<a href=""https://tiktok.com/@dhcye3177"" target=""_blank"">@dhcye3177</a>",53,3,42.889,1,5,45,0,969.667,39,0,0
"<a href=""https://tiktok.com/@dhuolt"" target=""_blank"">@dhuolt</a>",46,3,24.907,0.833,6,54,0,14855.667,299.667,2.667,6.333
"<a href=""https://tiktok.com/@dijx3903"" target=""_blank"">@dijx3903</a>",48,9,56.083,1,4,72,0,1644.111,39.889,0.667,0.444
"<a href=""https://tiktok.com/@djbdjfjff"" target=""_blank"">@djbdjfjff</a>",26,7,55.857,0.857,1,7,0,4624,126.5,1.25,1.125
"<a href=""https://tiktok.com/@djm9r"" target=""_blank"">@djm9r</a>",27,8,51.745,0.963,3,28,0,4356.75,110.875,9.125,6.875
"<a href=""https://tiktok.com/@djskgikeejk8"" target=""_blank"">@djskgikeejk8</a>",40,8,36.105,1,1,19,0,478.455,18.455,0.364,0.273
"<a href=""https://tiktok.com/@dopiffg"" target=""_blank"">@dopiffg</a>",20,4,55.429,1,1,7,0,917,35,0.25,2
"<a href=""https://tiktok.com/@drgd8391"" target=""_blank"">@drgd8391</a>",48,9,57.575,1,3,63,0,740.889,42,0.556,1
"<a href=""https://tiktok.com/@dtbtcc8"" target=""_blank"">@dtbtcc8</a>",86,9,25.052,0.923,16,195,0,1324.778,22.333,0,0.556
"<a href=""https://tiktok.com/@dthh824"" target=""_blank"">@dthh824</a>",33,3,71.714,0.8,1,7,0,2414,78,2,1
"<a href=""https://tiktok.com/@dtkwod"" target=""_blank"">@dtkwod</a>",30,8,50.176,0.918,7,70,0,3676.875,159.875,2.125,1
"<a href=""https://tiktok.com/@dtxijq"" target=""_blank"">@dtxijq</a>",84,6,33.251,0.914,6,67,0,398.5,20.5,0.333,0
"<a href=""https://tiktok.com/@eagehh"" target=""_blank"">@eagehh</a>",46,3,16.63,0.933,6,54,0,562,26.333,1.333,0.333
"<a href=""https://tiktok.com/@ecucbt"" target=""_blank"">@ecucbt</a>",46,6,17.203,0.975,8,120,0,2109,62.667,0.167,1.167
"<a href=""https://tiktok.com/@eiej4325"" target=""_blank"">@eiej4325</a>",47,8,65.688,1,6,66,0,643.875,21,0.375,0.125
"<a href=""https://tiktok.com/@emory.drawehj"" target=""_blank"">@emory.drawehj</a>",43,8,63.533,0.963,3,34,0,38284,618.125,23.375,7.875
"<a href=""https://tiktok.com/@eqmhqf"" target=""_blank"">@eqmhqf</a>",86,11,26.324,0.884,16,203,0,1344.182,20.727,0.091,0.455
"<a href=""https://tiktok.com/@eqxela7"" target=""_blank"">@eqxela7</a>",84,6,32.473,0.938,6,67,0,737.667,29.833,0.833,0.333
"<a href=""https://tiktok.com/@f.goi2"" target=""_blank"">@f.goi2</a>",10,5,53.286,1,1,7,0,3114.625,203,1.5,1.625
"<a href=""https://tiktok.com/@facailllll12138"" target=""_blank"">@facailllll12138</a>",73,3,66.946,0.8,2,15,0,1745,221.333,3.667,1.333
"<a href=""https://tiktok.com/@fafafafafafafacai"" target=""_blank"">@fafafafafafafacai</a>",73,3,89.143,0.6,1,7,0,2015,214.667,2.333,2.333
"<a href=""https://tiktok.com/@fcjjv86"" target=""_blank"">@fcjjv86</a>",9,8,53.89,0.907,9,87,0,3332.875,103.375,0.75,0.75
"<a href=""https://tiktok.com/@fdijc3"" target=""_blank"">@fdijc3</a>",1,6,41.443,0.929,2,17,0,3047,103.5,1,0.167
"<a href=""https://tiktok.com/@fduic5"" target=""_blank"">@fduic5</a>",9,8,61.641,0.929,9,93,0,3068.5,62.125,0.75,1.25
"<a href=""https://tiktok.com/@fevkuiq"" target=""_blank"">@fevkuiq</a>",11,4,65.5,1,1,8,0,1691.5,52.75,0.5,4.5
"<a href=""https://tiktok.com/@fhcgocgo"" target=""_blank"">@fhcgocgo</a>",62,4,57.143,1,1,7,0,1150.5,90.25,0.75,0
"<a href=""https://tiktok.com/@fhda78402"" target=""_blank"">@fhda78402</a>",48,9,52.976,1,3,62,0,1446.889,51.444,0.111,0.111
"<a href=""https://tiktok.com/@fhkundshunk"" target=""_blank"">@fhkundshunk</a>",32,3,59,1,1,9,0,1731,2.833,0.167,0.333
"<a href=""https://tiktok.com/@fhuc22"" target=""_blank"">@fhuc22</a>",14,3,24,0.8,1,9,0,1032.667,28.667,0,0
"<a href=""https://tiktok.com/@fhxk1941"" target=""_blank"">@fhxk1941</a>",52,6,67.881,0.944,3,32,0,1973.167,66.333,0.333,6.667
"<a href=""https://tiktok.com/@fjyukfjjf"" target=""_blank"">@fjyukfjjf</a>",29,5,46.429,1,1,7,0,2721.2,74.2,5,9.4
"<a href=""https://tiktok.com/@fkfdnd"" target=""_blank"">@fkfdnd</a>",27,4,55,1,1,7,0,1360.75,65.25,1.25,3.75
"<a href=""https://tiktok.com/@fkir2290"" target=""_blank"">@fkir2290</a>",49,3,60.5,1,2,18,0,1284.333,151.333,0.333,2.667
"<a href=""https://tiktok.com/@fnnf8890"" target=""_blank"">@fnnf8890</a>",51,3,45.667,1,1,9,0,3585.667,107.333,0,3.333
"<a href=""https://tiktok.com/@frd7456"" target=""_blank"">@frd7456</a>",19,4,46.429,0.833,1,7,0,717.5,17.25,0.25,1
"<a href=""https://tiktok.com/@fsjoxkf"" target=""_blank"">@fsjoxkf</a>",6,8,72.375,1,1,8,0,4401.75,154.5,0.75,7.5
"<a href=""https://tiktok.com/@fuddg743"" target=""_blank"">@fuddg743</a>",7,7,47.143,0.857,1,7,0,4567.857,100.143,1.571,5
"<a href=""https://tiktok.com/@fughf21"" target=""_blank"">@fughf21</a>",1,5,51,0.8,1,7,0,3980.714,135.571,1.143,1.286
"<a href=""https://tiktok.com/@fulknm"" target=""_blank"">@fulknm</a>",80,4,50.5,1,1,8,0,1071,61,0.5,0.5
"<a href=""https://tiktok.com/@g.in.cgn"" target=""_blank"">@g.in.cgn</a>",54,6,35.91,0.971,5,42,0,1070.833,86.167,1.5,0.5
"<a href=""https://tiktok.com/@gabriele.weber5"" target=""_blank"">@gabriele.weber5</a>",74,4,55.5,1,2,14,0,831.75,69.25,1.25,6.25
"<a href=""https://tiktok.com/@gckcj4"" target=""_blank"">@gckcj4</a>",3,7,52.424,0.944,3,27,0,3563,72.5,0,1.125
"<a href=""https://tiktok.com/@gdjdi63"" target=""_blank"">@gdjdi63</a>",82,4,64.571,0.8,1,7,0,59904.75,3140.5,47,43.75
"<a href=""https://tiktok.com/@gduhx01"" target=""_blank"">@gduhx01</a>",9,7,61.573,0.869,9,87,0,5430.429,77,1,33.143
"<a href=""https://tiktok.com/@gerkeselen06"" target=""_blank"">@gerkeselen06</a>",24,6,87.75,1,1,8,0,829.833,73.333,0.833,5.5
"<a href=""https://tiktok.com/@gf.nj97"" target=""_blank"">@gf.nj97</a>",27,5,55.286,1,1,7,0,1960,125.6,1.2,2.2
"<a href=""https://tiktok.com/@gfg6705"" target=""_blank"">@gfg6705</a>",16,3,49.571,1,1,7,0,1060,23,0,0.333
"<a href=""https://tiktok.com/@ggih3179"" target=""_blank"">@ggih3179</a>",15,3,45.704,1,3,26,0,2657,25.333,1.667,0
"<a href=""https://tiktok.com/@ghhj8554"" target=""_blank"">@ghhj8554</a>",48,6,67.135,1,6,70,0,1221.667,43.111,0.667,0.444
"<a href=""https://tiktok.com/@girldriver_8363"" target=""_blank"">@girldriver_8363</a>",94,4,66.125,0.833,1,8,0,1142.588,130.706,9.529,1.176
"<a href=""https://tiktok.com/@gjhg8047"" target=""_blank"">@gjhg8047</a>",47,5,70.126,1,3,34,0,1032.2,44.4,0.6,0.6
"<a href=""https://tiktok.com/@gkgfjj1"" target=""_blank"">@gkgfjj1</a>",53,4,45.764,0.971,5,45,0,1663,36.5,0,0
"<a href=""https://tiktok.com/@gohdr4367"" target=""_blank"">@gohdr4367</a>",53,4,41.824,0.925,6,56,0,1385,41.5,0,0
"<a href=""https://tiktok.com/@gooj806"" target=""_blank"">@gooj806</a>",33,12,66.863,0.86,5,72,0,5012.667,66.75,1.083,1.25
"<a href=""https://tiktok.com/@govkjhkbb"" target=""_blank"">@govkjhkbb</a>",77,9,52.903,0.889,3,48,0,7167.778,29.778,0.778,4.444
"<a href=""https://tiktok.com/@grilofchina"" target=""_blank"">@grilofchina</a>",94,13,74.087,0.958,3,28,0,130.5,22.357,1.857,0
"<a href=""https://tiktok.com/@gutieyy7"" target=""_blank"">@gutieyy7</a>",27,7,56.976,1,3,27,0,1960.143,75,1.286,1
"<a href=""https://tiktok.com/@gxhx514"" target=""_blank"">@gxhx514</a>",53,4,51.102,0.915,6,56,0,2995.25,82,0.75,0.25
"<a href=""https://tiktok.com/@hciiv26"" target=""_blank"">@hciiv26</a>",2,8,52.386,0.817,2,17,0,2811.75,106.25,0.875,1.25
"<a href=""https://tiktok.com/@hdhxh3484"" target=""_blank"">@hdhxh3484</a>",9,7,53.937,0.914,8,73,0,2088.143,48.429,0.143,0.571
"<a href=""https://tiktok.com/@hdidkser0"" target=""_blank"">@hdidkser0</a>",29,5,46.429,1,1,7,0,2813.4,66.4,0.8,0.4
"<a href=""https://tiktok.com/@hdksp6389"" target=""_blank"">@hdksp6389</a>",54,6,23.96,0.918,5,46,0,840.333,51.167,1.333,0.5
"<a href=""https://tiktok.com/@hdmjwo1"" target=""_blank"">@hdmjwo1</a>",86,5,20.86,0.96,16,149,0,1362.375,42.5,0.625,3.875
"<a href=""https://tiktok.com/@hdr86575"" target=""_blank"">@hdr86575</a>",3,6,53,1,2,16,0,2392.25,40.875,0.125,1.25
"<a href=""https://tiktok.com/@hds.hy"" target=""_blank"">@hds.hy</a>",62,4,57.143,1,1,7,0,3119.75,59.5,0.25,0.25
"<a href=""https://tiktok.com/@hdvhds4"" target=""_blank"">@hdvhds4</a>",54,5,24.3,0.911,3,28,0,1025.4,77.8,0.8,0
"<a href=""https://tiktok.com/@hfstil3"" target=""_blank"">@hfstil3</a>",82,5,94.375,1,1,8,0,8577.2,344.4,1.2,3.6
"<a href=""https://tiktok.com/@hgidsi"" target=""_blank"">@hgidsi</a>",53,5,31,1,1,12,0,1155.2,63.4,0.6,0
"<a href=""https://tiktok.com/@hidouo"" target=""_blank"">@hidouo</a>",86,6,21.574,0.902,16,203,0,552.333,6.5,0,0.167
"<a href=""https://tiktok.com/@hlnvan42749s"" target=""_blank"">@hlnvan42749s</a>",12,4,91,1,1,8,0,3330.75,82.25,1,0.25
"<a href=""https://tiktok.com/@hltuoq"" target=""_blank"">@hltuoq</a>",86,6,22.78,0.896,16,202,0,1787.833,26.833,0.333,0.5
"<a href=""https://tiktok.com/@hoglbjlvil"" target=""_blank"">@hoglbjlvil</a>",77,8,49.488,0.909,3,43,0,10973.333,74.667,0.667,70.444
"<a href=""https://tiktok.com/@hojdmc"" target=""_blank"">@hojdmc</a>",46,12,19.331,0.965,10,171,0,1122.667,158.083,0.167,0.833
"<a href=""https://tiktok.com/@hosgsg0"" target=""_blank"">@hosgsg0</a>",61,4,34.25,1,1,8,0,1144.5,56,0.25,0.25
"<a href=""https://tiktok.com/@hrsy60677"" target=""_blank"">@hrsy60677</a>",50,3,30.333,1,1,9,0,1938.667,54.667,0.333,1
"<a href=""https://tiktok.com/@hullen.nguyen"" target=""_blank"">@hullen.nguyen</a>",4,8,47.8,0.875,1,10,0,3926.5,53.5,2.5,0.75
"<a href=""https://tiktok.com/@hurrryu"" target=""_blank"">@hurrryu</a>",80,4,50.5,1,1,8,0,2465,118.75,0.5,0.75
"<a href=""https://tiktok.com/@huydhfhyyxd"" target=""_blank"">@huydhfhyyxd</a>",78,4,51.857,0.8,1,7,0,35211,286.6,5.8,3.4
"<a href=""https://tiktok.com/@hxjdsj34"" target=""_blank"">@hxjdsj34</a>",54,4,29,1,1,8,0,1035.75,115.5,0.25,0
"<a href=""https://tiktok.com/@hzhdhs"" target=""_blank"">@hzhdhs</a>",56,4,28.25,1,2,16,0,1574.4,110.4,2.4,0.6
"<a href=""https://tiktok.com/@idgc38"" target=""_blank"">@idgc38</a>",10,5,53.286,1,1,7,0,11839,231.875,2.125,7.5
"<a href=""https://tiktok.com/@idhd139"" target=""_blank"">@idhd139</a>",2,8,36.386,0.817,2,17,0,1621,70.375,0.875,0.5
"<a href=""https://tiktok.com/@idpeoc"" target=""_blank"">@idpeoc</a>",86,9,27.777,0.882,16,188,0,3120.333,64.111,0.222,1.111
"<a href=""https://tiktok.com/@iggkgmv"" target=""_blank"">@iggkgmv</a>",20,4,55.429,1,1,7,0,1519,39.5,0,0.5
"<a href=""https://tiktok.com/@ilges.estelwei"" target=""_blank"">@ilges.estelwei</a>",43,8,49.811,0.933,3,35,0,3374.375,78.125,0.875,2
"<a href=""https://tiktok.com/@irdc042"" target=""_blank"">@irdc042</a>",1,6,52.3,1,5,40,0,3893,158,2.5,6.875
"<a href=""https://tiktok.com/@iuwgeh"" target=""_blank"">@iuwgeh</a>",83,5,63.889,1,1,9,0,4473,117,1.8,0.2
"<a href=""https://tiktok.com/@jajsjsn56"" target=""_blank"">@jajsjsn56</a>",34,9,46.819,0.904,3,53,0,29441.333,657.417,2.083,17.083
"<a href=""https://tiktok.com/@jbhghj2"" target=""_blank"">@jbhghj2</a>",45,8,60.722,1,3,28,0,4027.375,56,0.875,0.875
"<a href=""https://tiktok.com/@jccj44506"" target=""_blank"">@jccj44506</a>",47,8,70.898,1,5,65,0,281.625,5.125,0.25,0
"<a href=""https://tiktok.com/@jdododh5"" target=""_blank"">@jdododh5</a>",2,6,67.571,0.8,1,7,0,2160.167,74.667,0.333,0.333
"<a href=""https://tiktok.com/@jdpxorjf"" target=""_blank"">@jdpxorjf</a>",1,7,54.146,0.935,7,60,0,3729.571,174.286,0.286,1.429
"<a href=""https://tiktok.com/@jecxsz"" target=""_blank"">@jecxsz</a>",84,6,21.928,1,6,60,0,1323.667,52,1.5,2.5
"<a href=""https://tiktok.com/@jfdd653"" target=""_blank"">@jfdd653</a>",3,6,64.091,0.944,3,27,0,2325.333,48,0.5,0
"<a href=""https://tiktok.com/@jfkovj5"" target=""_blank"">@jfkovj5</a>",1,8,58.581,1,5,51,0,2219.875,110.625,0.875,0.125
"<a href=""https://tiktok.com/@jjdjdd911"" target=""_blank"">@jjdjdd911</a>",18,4,41.143,1,1,7,0,543.75,17.75,0,0
"<a href=""https://tiktok.com/@jkuy0534"" target=""_blank"">@jkuy0534</a>",48,7,73.593,1,3,36,0,1592.778,73.556,0.333,2.667
"<a href=""https://tiktok.com/@jroosevx"" target=""_blank"">@jroosevx</a>",97,5,49.357,0.817,2,14,0,7718.2,36.6,0.2,1
"<a href=""https://tiktok.com/@jshszh6382"" target=""_blank"">@jshszh6382</a>",55,4,32.125,1,2,16,0,1391,122.75,2.75,0.25
"<a href=""https://tiktok.com/@jsosjxj8"" target=""_blank"">@jsosjxj8</a>",1,7,46.178,0.943,5,47,0,1357.143,62.286,1,0.714
"<a href=""https://tiktok.com/@jtcytxyzey"" target=""_blank"">@jtcytxyzey</a>",1,6,54.845,0.944,3,23,0,15719.125,793.5,4.125,4.875
"<a href=""https://tiktok.com/@jvhb240"" target=""_blank"">@jvhb240</a>",34,11,57.302,0.932,3,59,0,8365.727,163.455,0.636,2.182
"<a href=""https://tiktok.com/@jvtvc3"" target=""_blank"">@jvtvc3</a>",33,9,59.427,0.861,3,50,0,10329.111,169,1.222,4.667
"<a href=""https://tiktok.com/@kamlisarkar_0"" target=""_blank"">@kamlisarkar_0</a>",69,4,95.875,0.75,1,8,0,2878.833,148.167,10.222,4.667
"<a href=""https://tiktok.com/@kduudk6"" target=""_blank"">@kduudk6</a>",70,4,8.25,1,1,8,0,1269.667,17.5,1.167,0.333
"<a href=""https://tiktok.com/@kdywnty"" target=""_blank"">@kdywnty</a>",59,4,16.25,1,1,8,0,3345.5,73.25,1,0.5
"<a href=""https://tiktok.com/@khanh.dao61"" target=""_blank"">@khanh.dao61</a>",36,4,53.529,0.875,2,17,0,5491.25,63.25,0.5,2.5
"<a href=""https://tiktok.com/@kjuq5904"" target=""_blank"">@kjuq5904</a>",47,9,58.468,1,4,52,0,924.333,39.111,1.222,0.111
"<a href=""https://tiktok.com/@kranaa9"" target=""_blank"">@kranaa9</a>",46,6,16.736,0.95,8,120,0,1304.5,35.167,0,0.667
"<a href=""https://tiktok.com/@krug011"" target=""_blank"">@krug011</a>",1,7,58.915,0.804,4,29,0,20568.143,354,130.857,147
"<a href=""https://tiktok.com/@ksndfmggf"" target=""_blank"">@ksndfmggf</a>",25,6,67.25,1,1,8,0,3686,103.333,2,0
"<a href=""https://tiktok.com/@kubjij"" target=""_blank"">@kubjij</a>",46,12,19.222,0.961,10,210,0,1252.75,122.25,0.583,0.5
"<a href=""https://tiktok.com/@kuhar.clair6"" target=""_blank"">@kuhar.clair6</a>",16,3,49.571,1,1,7,0,1189.333,26.333,0,0
"<a href=""https://tiktok.com/@kyfg6663"" target=""_blank"">@kyfg6663</a>",45,5,50.325,0.917,2,18,0,2559.429,37.714,0.571,0.714
"<a href=""https://tiktok.com/@labib.zain.hajjar"" target=""_blank"">@labib.zain.hajjar</a>",91,6,52.667,1,1,9,0,590.167,30.333,1,6.167
"<a href=""https://tiktok.com/@labon.marenm"" target=""_blank"">@labon.marenm</a>",23,6,28.25,1,1,8,0,2397.875,70.875,1.125,32.875
"<a href=""https://tiktok.com/@landscape5670"" target=""_blank"">@landscape5670</a>",30,8,57.048,0.893,4,42,0,3094.75,154.375,1.125,1.5
"<a href=""https://tiktok.com/@laurengomezl"" target=""_blank"">@laurengomezl</a>",93,4,28.429,0.8,1,7,0,106483.75,3859.75,82,1714.5
"<a href=""https://tiktok.com/@lawgray3"" target=""_blank"">@lawgray3</a>",35,10,56.489,0.915,8,123,0,2861.4,86.2,0.8,1.5
"<a href=""https://tiktok.com/@ldaphc"" target=""_blank"">@ldaphc</a>",84,6,21.64,0.935,6,60,0,586.667,36,0.667,0.333
"<a href=""https://tiktok.com/@lejaad2"" target=""_blank"">@lejaad2</a>",86,8,46.143,0.915,16,152,0,402.125,26.125,0,1
"<a href=""https://tiktok.com/@lhqitc"" target=""_blank"">@lhqitc</a>",86,6,21.804,0.917,16,202,0,2225.667,38.833,0,0.333
"<a href=""https://tiktok.com/@liaojiuyu"" target=""_blank"">@liaojiuyu</a>",53,5,51.877,0.853,7,63,0,1564.4,58.4,0.2,0
"<a href=""https://tiktok.com/@lin689668987"" target=""_blank"">@lin689668987</a>",32,3,58.889,0.714,1,9,0,3420.25,102.5,5.75,6.625
"<a href=""https://tiktok.com/@liyonyonlll"" target=""_blank"">@liyonyonlll</a>",21,4,63.714,1,1,7,0,1078.75,33.25,0.25,0.25
"<a href=""https://tiktok.com/@lnppoe"" target=""_blank"">@lnppoe</a>",79,6,59.379,0.9,2,29,0,2293.833,52,5,5.167
"<a href=""https://tiktok.com/@luckyphone320"" target=""_blank"">@luckyphone320</a>",75,6,54.804,0.833,2,15,0,1026.833,50,0.333,0.333
"<a href=""https://tiktok.com/@lucyedmonson5"" target=""_blank"">@lucyedmonson5</a>",88,6,53.65,0.831,4,43,0,468.167,7.833,0.333,1.833
"<a href=""https://tiktok.com/@ludwin.keith"" target=""_blank"">@ludwin.keith</a>",92,6,61.476,0.827,3,36,0,1198.667,22.167,0.5,7.167
"<a href=""https://tiktok.com/@lush_queen120"" target=""_blank"">@lush_queen120</a>",65,3,77,0.333,1,11,0,107815.474,10983.737,384.316,813.421
"<a href=""https://tiktok.com/@lwandiswamsithini"" target=""_blank"">@lwandiswamsithini</a>",39,8,70.875,1,1,8,0,4307.75,55.125,3,0.75
"<a href=""https://tiktok.com/@lxjjc"" target=""_blank"">@lxjjc</a>",9,6,54.54,0.913,6,50,0,3125.571,39.714,0.286,0
"<a href=""https://tiktok.com/@maemeg7"" target=""_blank"">@maemeg7</a>",57,5,10.571,1,1,7,0,4230.2,100.6,1.6,0.2
"<a href=""https://tiktok.com/@mariencassano"" target=""_blank"">@mariencassano</a>",78,5,51.857,0.8,1,7,0,14906.667,95.667,1.333,1
"<a href=""https://tiktok.com/@mdsdz2"" target=""_blank"">@mdsdz2</a>",40,8,36.105,1,1,19,0,11847.8,430.1,36.7,7.4
"<a href=""https://tiktok.com/@meto.mqkd"" target=""_blank"">@meto.mqkd</a>",76,7,43.143,1,1,7,0,6887.286,36.571,0,1
"<a href=""https://tiktok.com/@miss.bordner"" target=""_blank"">@miss.bordner</a>",4,8,47.8,0.875,1,10,0,2370.875,79.625,2,0.75
"<a href=""https://tiktok.com/@mlyeejyn"" target=""_blank"">@mlyeejyn</a>",96,3,61,1,1,8,0,5091.75,94.5,1.5,2.5
"<a href=""https://tiktok.com/@mnoojt"" target=""_blank"">@mnoojt</a>",85,8,18.273,0.714,1,11,0,247.5,10,0.25,0.125
"<a href=""https://tiktok.com/@moderngril5"" target=""_blank"">@moderngril5</a>",94,12,59.538,0.889,1,13,0,151.167,31.5,6.917,0
"<a href=""https://tiktok.com/@modernofuk"" target=""_blank"">@modernofuk</a>",94,12,60.711,0.921,3,32,0,94.643,27.071,5.286,0.071
"<a href=""https://tiktok.com/@monalisa7988"" target=""_blank"">@monalisa7988</a>",15,3,45.481,1,3,26,0,1236.667,14.667,0,0.333
"<a href=""https://tiktok.com/@mong.khuu"" target=""_blank"">@mong.khuu</a>",74,4,57.571,1,1,7,0,1365,77.75,2.5,14
"<a href=""https://tiktok.com/@muhammad.dawi20"" target=""_blank"">@muhammad.dawi20</a>",89,5,83.75,1,1,8,0,904.714,34.286,1.286,9.429
"<a href=""https://tiktok.com/@mvbdanqi"" target=""_blank"">@mvbdanqi</a>",73,3,44.75,1,1,8,0,979.333,36.333,0.667,0.667
"<a href=""https://tiktok.com/@nasiha.buthainah"" target=""_blank"">@nasiha.buthainah</a>",87,3,37.889,1,1,9,0,1911,76.333,1.167,12.667
"<a href=""https://tiktok.com/@natalie.acosta88"" target=""_blank"">@natalie.acosta88</a>",92,6,62.655,0.742,3,28,0,1021.5,27.833,0.667,4.333
"<a href=""https://tiktok.com/@ncjfhyrsdj"" target=""_blank"">@ncjfhyrsdj</a>",56,4,25.25,1,2,16,0,1983,68.5,0.75,0
"<a href=""https://tiktok.com/@ndork4782"" target=""_blank"">@ndork4782</a>",55,4,50.875,1,2,16,0,1160,26.5,1,0.25
"<a href=""https://tiktok.com/@nfyk.emma"" target=""_blank"">@nfyk.emma</a>",74,4,53.429,1,1,7,0,1175.8,65.4,2,3.4
"<a href=""https://tiktok.com/@nhi.vo585"" target=""_blank"">@nhi.vo585</a>",36,6,49.286,0.821,3,33,0,5000.667,52.333,0.5,0.333
"<a href=""https://tiktok.com/@nhienchau41"" target=""_blank"">@nhienchau41</a>",36,5,51.75,0.917,2,20,0,6822.6,35.2,0.2,1.4
"<a href=""https://tiktok.com/@nidaye81"" target=""_blank"">@nidaye81</a>",53,3,70.857,0.6,1,7,0,1822.333,92,0.333,0
"<a href=""https://tiktok.com/@nisrin.yusraa.sha"" target=""_blank"">@nisrin.yusraa.sha</a>",91,3,52.667,1,1,9,0,557.333,15,0.333,11.667
"<a href=""https://tiktok.com/@nqkwvc"" target=""_blank"">@nqkwvc</a>",57,4,10.571,1,1,7,0,1649.5,72.75,0.25,0.75
"<a href=""https://tiktok.com/@nxpsa4288"" target=""_blank"">@nxpsa4288</a>",54,6,34.523,0.881,5,44,0,1002.667,42.667,0.5,1
"<a href=""https://tiktok.com/@objlhmtjemu"" target=""_blank"">@objlhmtjemu</a>",85,6,18.273,0.714,1,11,0,1749.857,49.143,1.571,2
"<a href=""https://tiktok.com/@okay11732"" target=""_blank"">@okay11732</a>",48,9,68.437,0.972,6,85,0,1328,55.889,0,1.556
"<a href=""https://tiktok.com/@olivia.ava.davis"" target=""_blank"">@olivia.ava.davis</a>",90,3,42.688,1,2,16,0,637,23,2.4,3.4
"<a href=""https://tiktok.com/@osb.remo"" target=""_blank"">@osb.remo</a>",35,10,57.069,0.858,8,118,0,3095.5,49.8,0.5,1.1
"<a href=""https://tiktok.com/@oscar.kennedy48"" target=""_blank"">@oscar.kennedy48</a>",41,7,53.714,1,1,7,0,1801.714,115.571,0.714,0.714
"<a href=""https://tiktok.com/@owuhwh"" target=""_blank"">@owuhwh</a>",82,5,79.473,0.9,2,15,0,2987.2,151,2,0.8
"<a href=""https://tiktok.com/@paulettefrank1"" target=""_blank"">@paulettefrank1</a>",88,3,50.753,1,4,35,0,159.333,5,0.667,0.667
"<a href=""https://tiktok.com/@pbpktw"" target=""_blank"">@pbpktw</a>",86,11,32.423,0.878,16,193,0,1356.091,33.818,0.273,0.182
"<a href=""https://tiktok.com/@pewpua2"" target=""_blank"">@pewpua2</a>",46,6,20.948,0.913,8,120,0,2001.833,119.5,0.333,1.833
"<a href=""https://tiktok.com/@plaqebfzf07"" target=""_blank"">@plaqebfzf07</a>",66,8,73.667,0.667,2,20,0,23220.316,2132.737,76.526,325.579
"<a href=""https://tiktok.com/@prtnr8"" target=""_blank"">@prtnr8</a>",27,6,68.714,1,1,7,0,3606.333,136.333,6.333,10.5
"<a href=""https://tiktok.com/@puhrra"" target=""_blank"">@puhrra</a>",86,9,29.233,0.924,16,208,0,515.444,7.333,0,0
"<a href=""https://tiktok.com/@purnialesh45"" target=""_blank"">@purnialesh45</a>",43,8,53.51,0.933,3,35,0,5024.125,81,0.875,2.375
"<a href=""https://tiktok.com/@qdcieh"" target=""_blank"">@qdcieh</a>",46,9,18.263,0.967,10,162,0,1263.417,82.417,0.417,0.167
"<a href=""https://tiktok.com/@qifei6668886"" target=""_blank"">@qifei6668886</a>",75,6,51.857,0.833,1,7,0,1439.5,86.833,2.333,1.833
"<a href=""https://tiktok.com/@quincyshop08"" target=""_blank"">@quincyshop08</a>",1,8,52.53,0.918,5,48,0,2123.25,42.25,0.75,2.25
"<a href=""https://tiktok.com/@rashidmbbs7"" target=""_blank"">@rashidmbbs7</a>",95,4,63.536,0.7,2,15,0,1976.75,19.25,0.75,0.75
"<a href=""https://tiktok.com/@reddit.vztwo"" target=""_blank"">@reddit.vztwo</a>",13,3,56.715,1,2,17,0,2270.333,78.667,0.333,2
"<a href=""https://tiktok.com/@reddit55549"" target=""_blank"">@reddit55549</a>",42,6,65.375,0.833,1,8,0,1776,72.167,1,0.167
"<a href=""https://tiktok.com/@reddit_debbie"" target=""_blank"">@reddit_debbie</a>",46,6,19.474,0.913,8,120,0,1633.167,102.667,0.333,0.833
"<a href=""https://tiktok.com/@reddit_grayson99"" target=""_blank"">@reddit_grayson99</a>",46,12,21.32,0.913,10,171,0,1383.417,82.583,0.25,0.25
"<a href=""https://tiktok.com/@reddit_ignatius8"" target=""_blank"">@reddit_ignatius8</a>",79,6,81.379,0.9,2,29,0,7047,120.333,8.833,10.167
"<a href=""https://tiktok.com/@redditstory667"" target=""_blank"">@redditstory667</a>",42,8,52.375,0.845,2,15,0,996.5,48.125,0.25,0.125
"<a href=""https://tiktok.com/@redreddit48"" target=""_blank"">@redreddit48</a>",42,6,56.062,0.833,2,16,0,1652.25,81.5,0.125,0.375
"<a href=""https://tiktok.com/@revjiu2"" target=""_blank"">@revjiu2</a>",72,6,77.25,1,1,8,0,479,18.833,0.333,0.167
"<a href=""https://tiktok.com/@rohingyao"" target=""_blank"">@rohingyao</a>",30,6,52.533,0.897,3,32,0,3835,132,2.375,3.875
"<a href=""https://tiktok.com/@rtwgui"" target=""_blank"">@rtwgui</a>",86,5,24.37,0.929,16,148,0,610.571,18.857,0.714,0.429
"<a href=""https://tiktok.com/@rubin.mervy8"" target=""_blank"">@rubin.mervy8</a>",35,10,61.438,0.905,8,127,0,2296.2,33.2,0.4,0.5
"<a href=""https://tiktok.com/@ryllskayaqing"" target=""_blank"">@ryllskayaqing</a>",25,7,67.25,1,1,8,0,1786.857,108.857,1,0.714
"<a href=""https://tiktok.com/@safiyyah.iftikar"" target=""_blank"">@safiyyah.iftikar</a>",87,6,51.011,0.952,3,24,0,247,17.833,0.333,2.5
"<a href=""https://tiktok.com/@salah.hakem.sayeg"" target=""_blank"">@salah.hakem.sayeg</a>",89,8,64.75,0.938,2,20,0,257.5,9.25,0.75,3
"<a href=""https://tiktok.com/@sameerah.tare"" target=""_blank"">@sameerah.tare</a>",64,4,37.143,1,1,7,0,2323.5,125.25,2,0.25
"<a href=""https://tiktok.com/@satsyou"" target=""_blank"">@satsyou</a>",31,6,61.75,0.833,1,8,0,5951.429,126.571,2,5.143
"<a href=""https://tiktok.com/@sdsdyou"" target=""_blank"">@sdsdyou</a>",30,5,62.304,0.9,2,15,0,3095.5,143.167,1.833,0.5
"<a href=""https://tiktok.com/@seile.rian"" target=""_blank"">@seile.rian</a>",35,10,56.555,0.897,8,107,0,9265.3,114.8,0.4,1.8
"<a href=""https://tiktok.com/@sharleen.howard"" target=""_blank"">@sharleen.howard</a>",9,8,50.475,0.825,7,63,0,2018.75,84.875,0.75,0.875
"<a href=""https://tiktok.com/@shbsdd2"" target=""_blank"">@shbsdd2</a>",79,6,52.667,1,2,36,0,9027.167,82.833,7.167,4.167
"<a href=""https://tiktok.com/@shgj33"" target=""_blank"">@shgj33</a>",9,5,57.592,0.976,6,52,0,6152.4,123.6,1.6,11.6
"<a href=""https://tiktok.com/@shvchjds"" target=""_blank"">@shvchjds</a>",31,6,61.75,0.833,1,8,0,6666.143,117.143,6,5.286
"<a href=""https://tiktok.com/@sikki.kahtyk"" target=""_blank"">@sikki.kahtyk</a>",45,6,49.25,1,1,8,0,3516.625,62.875,0.5,0.125
"<a href=""https://tiktok.com/@snoshsj"" target=""_blank"">@snoshsj</a>",56,4,20.25,1,2,16,0,1346,46,0.75,0.25
"<a href=""https://tiktok.com/@sqifhw"" target=""_blank"">@sqifhw</a>",86,9,27.418,0.936,16,169,0,888,19.333,0.111,0.556
"<a href=""https://tiktok.com/@stanfordrodriguez"" target=""_blank"">@stanfordrodriguez</a>",92,5,65.636,0.857,1,11,0,930,20.8,2.2,2.6
"<a href=""https://tiktok.com/@steven.garrison13"" target=""_blank"">@steven.garrison13</a>",6,7,73.312,0.857,2,16,0,3513.857,59.143,0.714,0.714
"<a href=""https://tiktok.com/@stoyouh"" target=""_blank"">@stoyouh</a>",30,7,50.5,0.857,3,24,0,5598.143,116.571,1.143,12.571
"<a href=""https://tiktok.com/@sun.lilym"" target=""_blank"">@sun.lilym</a>",43,7,55.288,0.896,3,34,0,5547.286,135.429,0.857,3.429
"<a href=""https://tiktok.com/@suzannefigueroa76"" target=""_blank"">@suzannefigueroa76</a>",88,6,47.263,0.889,4,45,0,774,17.667,0.833,6
"<a href=""https://tiktok.com/@svjssh"" target=""_blank"">@svjssh</a>",63,4,76.571,0.8,1,7,0,4189.75,81.75,1,0.25
"<a href=""https://tiktok.com/@sweet_babyc120"" target=""_blank"">@sweet_babyc120</a>",65,11,84.607,0.583,2,25,0,8298.083,745.708,38.083,12.5
"<a href=""https://tiktok.com/@tessh95"" target=""_blank"">@tessh95</a>",81,5,52.167,1,2,18,0,1122.2,102.6,2.6,1.6
"<a href=""https://tiktok.com/@text.fc"" target=""_blank"">@text.fc</a>",30,8,74.75,0.667,1,8,0,4869,151.125,3.25,2.625
"<a href=""https://tiktok.com/@text690"" target=""_blank"">@text690</a>",30,5,50.8,0.867,3,24,0,5825.143,124.286,1.857,0.571
"<a href=""https://tiktok.com/@thanh.dngp"" target=""_blank"">@thanh.dngp</a>",22,6,72.286,0.8,1,7,0,5477.5,260.25,1.25,2.875
"<a href=""https://tiktok.com/@thuc.nguyen2010"" target=""_blank"">@thuc.nguyen2010</a>",36,4,49.505,0.849,3,26,0,1875.5,13.5,0,0.25
"<a href=""https://tiktok.com/@thuwaibah.dad.rah"" target=""_blank"">@thuwaibah.dad.rah</a>",90,5,46.062,1,2,16,0,831.167,37.167,0.833,9.333
"<a href=""https://tiktok.com/@tiffany.c..irvin"" target=""_blank"">@tiffany.c..irvin</a>",90,5,47.875,1,2,16,0,2410.167,48.333,3,21.667
"<a href=""https://tiktok.com/@toma.rimi"" target=""_blank"">@toma.rimi</a>",14,3,24,0.8,1,9,0,1016.667,17.333,0.333,0
"<a href=""https://tiktok.com/@tug35587"" target=""_blank"">@tug35587</a>",81,5,63.667,1,1,9,0,5699.8,319,0.4,8.8
"<a href=""https://tiktok.com/@twkg9813"" target=""_blank"">@twkg9813</a>",47,8,64.193,1,3,42,0,595.375,14,0.125,0.125
"<a href=""https://tiktok.com/@twvs4521"" target=""_blank"">@twvs4521</a>",47,9,69.481,1,3,43,0,909.444,44.667,0,0.333
"<a href=""https://tiktok.com/@ubhutfrx"" target=""_blank"">@ubhutfrx</a>",1,7,61.978,0.905,5,53,0,2320.429,91.857,0.286,1.429
"<a href=""https://tiktok.com/@ubzg6170"" target=""_blank"">@ubzg6170</a>",12,4,91,1,1,8,0,1319.75,27.5,0,0.25
"<a href=""https://tiktok.com/@ucdrmh"" target=""_blank"">@ucdrmh</a>",86,7,21.473,0.87,16,160,0,1075.429,55.571,0.857,2.143
"<a href=""https://tiktok.com/@uest1280"" target=""_blank"">@uest1280</a>",47,5,53.288,1,4,44,0,106.625,1.75,0.125,0.125
"<a href=""https://tiktok.com/@ufsc8075"" target=""_blank"">@ufsc8075</a>",50,3,30.333,1,1,9,0,1224.333,72.667,0.333,2.333
"<a href=""https://tiktok.com/@uiavao.bskvai"" target=""_blank"">@uiavao.bskvai</a>",27,4,51.571,1,4,28,0,3014.5,91.5,1.75,6.25
"<a href=""https://tiktok.com/@ukfee8"" target=""_blank"">@ukfee8</a>",70,4,8.25,1,1,8,0,2038.667,59.5,0,3.667
"<a href=""https://tiktok.com/@urdu9708"" target=""_blank"">@urdu9708</a>",49,3,74.5,1,2,18,0,1591.667,51.333,0.333,0
"<a href=""https://tiktok.com/@user1433469988696"" target=""_blank"">@user1433469988696</a>",96,7,38,0.857,1,8,0,5051.778,44,0.222,0.667
"<a href=""https://tiktok.com/@user1610149210948"" target=""_blank"">@user1610149210948</a>",98,3,45.607,1,2,15,0,3088.667,123,0.333,10.333
"<a href=""https://tiktok.com/@user16909390140293"" target=""_blank"">@user16909390140293</a>",32,9,58.944,0.857,2,18,0,900.5,14.583,0.083,0
"<a href=""https://tiktok.com/@user1776924848635"" target=""_blank"">@user1776924848635</a>",21,4,63.714,1,1,7,0,1182,47.75,0,0
"<a href=""https://tiktok.com/@user21677638672342"" target=""_blank"">@user21677638672342</a>",96,7,44.143,0.952,3,23,0,2609.111,13.222,0.111,0.444
"<a href=""https://tiktok.com/@user2268806570260"" target=""_blank"">@user2268806570260</a>",7,8,53.221,0.929,2,17,0,4112.5,68,0.75,0.75
"<a href=""https://tiktok.com/@user2810315813972"" target=""_blank"">@user2810315813972</a>",28,6,51.25,1,1,8,0,6011.333,189.5,4.667,11.667
"<a href=""https://tiktok.com/@user3436197788624"" target=""_blank"">@user3436197788624</a>",33,11,68.438,0.826,4,67,0,19623.909,222.273,1.636,3.545
"<a href=""https://tiktok.com/@user4473161544200"" target=""_blank"">@user4473161544200</a>",96,8,33.429,1,1,7,0,3444.333,60.667,1.889,1.333
"<a href=""https://tiktok.com/@user5626060056906"" target=""_blank"">@user5626060056906</a>",1,8,46.569,0.925,6,62,0,6019.375,188.25,1.875,18.375
"<a href=""https://tiktok.com/@user6139676160240"" target=""_blank"">@user6139676160240</a>",97,5,36.857,0.8,1,7,0,4976,25.4,1.6,0.4
"<a href=""https://tiktok.com/@user65533709618068"" target=""_blank"">@user65533709618068</a>",7,8,59.3,1,1,10,0,3374.125,87.125,0.5,1.375
"<a href=""https://tiktok.com/@user6922385284275"" target=""_blank"">@user6922385284275</a>",1,8,48.862,0.929,4,31,0,1951.375,55.5,0.5,1
"<a href=""https://tiktok.com/@user7285945563907"" target=""_blank"">@user7285945563907</a>",98,3,47.246,0.9,2,16,0,5954.667,55.667,0.333,1
"<a href=""https://tiktok.com/@user7448681866615"" target=""_blank"">@user7448681866615</a>",97,4,61.857,0.833,1,7,0,2882.5,46.5,0,0.25
"<a href=""https://tiktok.com/@user7605976152392"" target=""_blank"">@user7605976152392</a>",9,6,58.762,0.929,4,39,0,3845.5,53.167,1.167,1.667
"<a href=""https://tiktok.com/@user7848004239568"" target=""_blank"">@user7848004239568</a>",77,9,50.133,0.915,3,45,0,3840.889,15.556,0.222,12.889
"<a href=""https://tiktok.com/@user8168691298265"" target=""_blank"">@user8168691298265</a>",2,6,35.571,0.8,1,7,0,5339.714,72.571,1.857,1.429
"<a href=""https://tiktok.com/@user8508148033286"" target=""_blank"">@user8508148033286</a>",5,8,56.664,0.806,2,17,0,3676,67.375,0.875,0.875
"<a href=""https://tiktok.com/@user8753242872061"" target=""_blank"">@user8753242872061</a>",18,4,41.143,1,1,7,0,858.25,30,0,0
"<a href=""https://tiktok.com/@user9724456321051"" target=""_blank"">@user9724456321051</a>",5,6,63.438,0.625,2,16,0,2993.333,60,0.833,1.167
"<a href=""https://tiktok.com/@user9960965670038"" target=""_blank"">@user9960965670038</a>",17,4,74.714,1,1,7,0,1164.75,25,0,0.25
"<a href=""https://tiktok.com/@username.1545465"" target=""_blank"">@username.1545465</a>",69,6,95.875,0.75,1,8,0,39.4,2.6,0.2,0
"<a href=""https://tiktok.com/@username0201726"" target=""_blank"">@username0201726</a>",95,4,78.5,0.8,1,8,0,47993.375,370.25,2.5,9.5
"<a href=""https://tiktok.com/@usernamer02023"" target=""_blank"">@usernamer02023</a>",94,4,66.667,1,1,9,0,4243.9,297.4,8.55,3.35
"<a href=""https://tiktok.com/@usjg2117"" target=""_blank"">@usjg2117</a>",52,3,64.333,1,2,18,0,582.833,32.5,0.167,0.167
"<a href=""https://tiktok.com/@utoxwqg"" target=""_blank"">@utoxwqg</a>",84,6,22.516,0.958,6,60,0,718.5,31.833,1,0.333
"<a href=""https://tiktok.com/@uwaisah.jameela.m"" target=""_blank"">@uwaisah.jameela.m</a>",87,6,67.143,1,1,7,0,1013.667,53.5,2.667,11.833
"<a href=""https://tiktok.com/@vaigg0"" target=""_blank"">@vaigg0</a>",28,7,49.569,1,2,17,0,3504,133.714,2,3.286
"<a href=""https://tiktok.com/@valeriemunoz413"" target=""_blank"">@valeriemunoz413</a>",88,3,49.747,0.95,4,33,0,118.333,9.333,0.667,0.333
"<a href=""https://tiktok.com/@vbn6106"" target=""_blank"">@vbn6106</a>",17,4,74.714,1,1,7,0,933.5,36,0,0.25
"<a href=""https://tiktok.com/@verity.holland"" target=""_blank"">@verity.holland</a>",5,8,79.018,0.815,3,27,0,2684.75,97.25,1,0.625
"<a href=""https://tiktok.com/@vitsu.alec1"" target=""_blank"">@vitsu.alec1</a>",35,9,55.658,0.946,8,113,0,5458.778,84.667,1.556,1.667
"<a href=""https://tiktok.com/@vxkaw3274"" target=""_blank"">@vxkaw3274</a>",54,6,65.15,0.929,2,17,0,1296.667,95.333,0.5,0.167
"<a href=""https://tiktok.com/@wbakf3819"" target=""_blank"">@wbakf3819</a>",60,4,26.286,1,1,7,0,3398,90.5,0.25,0.25
"<a href=""https://tiktok.com/@wefyugu"" target=""_blank"">@wefyugu</a>",26,8,55.857,0.857,1,7,0,2087.875,83.375,7.5,5.125
"<a href=""https://tiktok.com/@wgslhe"" target=""_blank"">@wgslhe</a>",86,9,26.108,0.95,16,219,0,1874.111,35.111,0.111,0
"<a href=""https://tiktok.com/@wiate.doni0"" target=""_blank"">@wiate.doni0</a>",35,11,54.793,0.902,8,124,0,7389.455,59.091,0.636,2.273
"<a href=""https://tiktok.com/@wiqg8225"" target=""_blank"">@wiqg8225</a>",52,3,54.667,1,3,27,0,297.333,10,0,0
"<a href=""https://tiktok.com/@wive0570"" target=""_blank"">@wive0570</a>",52,5,81.643,0.833,1,14,0,1142.8,46.2,1,1.4
"<a href=""https://tiktok.com/@wojta.or"" target=""_blank"">@wojta.or</a>",15,3,46.519,1,3,27,0,1380.333,45,1.667,0.333
"<a href=""https://tiktok.com/@woshenmake"" target=""_blank"">@woshenmake</a>",60,5,26.286,1,1,7,0,3872.8,102.8,0.4,0.6
"<a href=""https://tiktok.com/@woxd.ozds"" target=""_blank"">@woxd.ozds</a>",76,5,43.143,1,1,7,0,10612,65.6,0.2,2.4
"<a href=""https://tiktok.com/@wroe.edith6"" target=""_blank"">@wroe.edith6</a>",35,9,56.084,0.866,8,126,0,3413,43.333,0.444,2.222
"<a href=""https://tiktok.com/@xchinaqueen5"" target=""_blank"">@xchinaqueen5</a>",67,6,94.25,0.75,1,8,0,697.067,38.067,3.667,0.733
"<a href=""https://tiktok.com/@xchinaqueen8"" target=""_blank"">@xchinaqueen8</a>",67,3,94.25,0.75,1,8,0,627,63.929,11.357,5.143
"<a href=""https://tiktok.com/@xlhxhlxlh8"" target=""_blank"">@xlhxhlxlh8</a>",53,5,44.993,0.9,4,37,0,1512.4,84,0.2,0.2
"<a href=""https://tiktok.com/@xxii911"" target=""_blank"">@xxii911</a>",30,7,47.056,0.85,5,49,0,3286.286,106.714,1.286,1.143
"<a href=""https://tiktok.com/@ydwthnm"" target=""_blank"">@ydwthnm</a>",45,6,43.033,0.917,2,22,0,4006,66.625,1,0.625
"<a href=""https://tiktok.com/@yiitsukb"" target=""_blank"">@yiitsukb</a>",27,7,60.57,0.978,5,42,0,2059.857,162.857,5.429,11.286
"<a href=""https://tiktok.com/@ysishhd7"" target=""_blank"">@ysishhd7</a>",28,6,47.889,1,1,9,0,3016.333,100,2,0.667
"<a href=""https://tiktok.com/@ytrq8081"" target=""_blank"">@ytrq8081</a>",48,9,72.039,0.958,4,49,0,1855.222,67.889,0,0.222
"<a href=""https://tiktok.com/@zahra.radiyah.asf"" target=""_blank"">@zahra.radiyah.asf</a>",87,5,48,0.857,1,8,0,130.6,6,1.4,0
"<a href=""https://tiktok.com/@zdogz60"" target=""_blank"">@zdogz60</a>",63,4,76.571,0.8,1,7,0,2469,82.5,1,1.25
"<a href=""https://tiktok.com/@zesysmj"" target=""_blank"">@zesysmj</a>",84,5,22.039,0.952,6,50,0,426.4,27.8,0.2,0.4
"<a href=""https://tiktok.com/@zsdx184"" target=""_blank"">@zsdx184</a>",33,12,70.593,0.628,2,29,0,2971.417,82,0.583,0.75
"<a href=""https://tiktok.com/@zurina.sara"" target=""_blank"">@zurina.sara</a>",89,6,45.75,0.875,1,12,0,333,7.5,0,1
"<a href=""https://tiktok.com/@zvjsl"" target=""_blank"">@zvjsl</a>",83,5,63.889,1,1,9,0,1891.4,78,0.8,0.4
"<a href=""https://tiktok.com/@zxvb736"" target=""_blank"">@zxvb736</a>",33,8,59.108,0.817,3,37,0,2536.125,66.25,0.125,0.875
"<a href=""https://tiktok.com/@zysmpbz"" target=""_blank"">@zysmpbz</a>",84,6,22.342,0.95,6,60,0,601.5,22.167,0.167,0.167
