"Network","Number of Accounts","Network Density","Network Diameter","Clustering Coefficient","Avg Views","Avg Likes","Avg Comments","Avg Shares","Member Accounts"
1,14,0.352,33,0.568,5124.133,177.2,10,13.657,"chantalkusch, fughf21, jsosjxj8, irdc042, jfkovj5, jdpxorjf, jtcytxyzey, bmc12655, krug011, user5626060056906, ubhutfrx, quincyshop08, fdijc3, user6922385284275"
2,4,0.5,24,0,2958.655,81.69,1,0.897,"hciiv26, jdododh5, idhd139, user8168691298265"
3,4,0.833,18,0.75,2998.607,65.679,1.357,16.893,"gckcj4, hdr86575, jfdd653, aedhdici"
4,2,1,10,0,3148.688,66.562,2.25,0.75,"miss.bordner, hullen.nguyen"
5,5,0.7,16,0.643,3837.263,80.553,0.868,0.895,"ayden.riverad, cbjf05, user9724456321051, verity.holland, user8508148033286"
6,3,0.667,16,0,4368.636,109.955,0.682,3.273,"craig.harrell0, steven.garrison13, fsjoxkf"
7,3,0.667,17,0,3994.261,84.435,0.913,2.261,"user2268806570260, fuddg743, user65533709618068"
8,2,1,7,0,7499.5,126.583,7.583,73.333,"chcjg0, bgfddf8888"
9,10,0.8,17,0.828,3337.194,74.583,0.736,4.736,"aedgslpxjx, fcjjv86, gduhx01, sharleen.howard, fduic5, aedhdjcoof, lxjjc, hdhxh3484, shgj33, user7605976152392"
10,2,1,7,0,7476.812,217.438,1.812,4.562,"f.goi2, idgc38"
11,2,1,8,0,1240.5,35.375,0.25,2.25,"alejkityuoo, fevkuiq"
12,2,1,8,0,2325.25,54.875,0.5,0.25,"hlnvan42749s, ubzg6170"
13,3,1,9,1,1578.111,45.778,0.111,0.889,"bsjj8797, carbloggera, reddit.vztwo"
14,2,1,9,0,1024.667,23,0.167,0,"fhuc22, toma.rimi"
15,4,1,9,1,1910.417,31.917,0.833,0.167,"berez.paulo, ggih3179, monalisa7988, wojta.or"
16,2,1,7,0,1124.667,24.667,0,0.167,"gfg6705, kuhar.clair6"
17,2,1,7,0,1049.125,30.5,0,0.25,"user9960965670038, vbn6106"
18,2,1,7,0,701,23.875,0,0,"jjdjdd911, user8753242872061"
19,2,1,7,0,1089.25,37,0.125,0.5,"frd7456, cjsllfd"
20,2,1,7,0,1218,37.25,0.125,1.25,"iggkgmv, dopiffg"
21,2,1,7,0,1130.375,40.5,0.125,0.125,"user1776924848635, liyonyonlll"
22,2,1,7,0,7036.533,449.067,2.267,52.667,"bowro.jpp, thanh.dngp"
23,2,1,8,0,1923.375,76.812,5.812,40.688,"labon.marenm, bsnsnsk.bznnsjf"
24,2,1,8,0,1442.286,89.214,2,7,"gerkeselen06, brese.hillah"
25,2,1,8,0,2663.385,106.308,1.462,0.385,"ryllskayaqing, ksndfmggf"
26,2,1,7,0,3355.938,104.938,4.375,3.125,"djbdjfjff, wefyugu"
27,7,0.429,21,0.545,2730.073,112.805,4.293,6.22,"gutieyy7, prtnr8, djm9r, gf.nj97, uiavao.bskvai, fkfdnd, yiitsukb"
28,3,0.667,17,0,4141.789,140.684,2.842,5.105,"user2810315813972, vaigg0, ysishhd7"
29,2,1,7,0,2767.3,70.3,2.9,4.9,"fjyukfjjf, hdidkser0"
30,8,0.5,22,0.574,4158.39,136.797,1.898,2.966,"landscape5670, stoyouh, rohingyao, text.fc, dtkwod, sdsdyou, text690, xxii911"
31,2,1,8,0,6308.786,121.857,4,5.214,"shvchjds, satsyou"
32,3,0.667,18,0,1867.462,38.923,1.846,2.115,"lin689668987, fhkundshunk, user16909390140293"
33,6,0.6,31,0.652,7857.545,118.455,1.018,2.091,"gooj806, jvtvc3, dthh824, user3436197788624, zsdx184, zxvb736"
34,4,1,24,1,12142.75,269.2,0.95,6.175,"aed0267, jajsjsn56, jvhb240, aed2750"
35,9,1,20,1,8719.562,118.135,0.809,2.034,"battl.kray, osb.remo, wiate.doni0, lawgray3, vitsu.alec1, rubin.mervy8, seile.rian, benedossie2, wroe.edith6"
36,4,0.833,15,0.75,4925.474,41.947,0.316,1.053,"nhienchau41, nhi.vo585, khanh.dao61, thuc.nguyen2010"
37,2,1,8,0,7122.438,114.312,0.812,1.312,"debran.oxonrp00, debran.oxonrp86"
38,3,0.667,14,0,7557.826,101.043,1.304,0.957,"aed7p4, bate.hynda, aed75787"
39,2,1,8,0,5594.929,65.429,1.857,0.714,"aed3660, lwandiswamsithini"
40,2,1,19,0,5892.429,214.476,17.667,3.667,"djskgikeejk8, mdsdz2"
41,2,1,7,0,1638.714,87.071,0.5,1.071,"oscar.kennedy48, aedfjats"
42,4,0.5,23,0,1791.767,66.667,0.5,0.267,"bbjqnch, reddit55549, redditstory667, redreddit48"
43,4,1,12,1,13299.71,231.161,6.677,3.935,"emory.drawehj, ilges.estelwei, purnialesh45, sun.lilym"
44,2,1,7,0,1311.875,53.75,0.875,0.625,"carlos.alberto.al886, aseng.haymong"
45,4,0.667,20,0.6,3558.581,56.387,0.742,0.581,"kyfg6663, jbhghj2, sikki.kahtyk, ydwthnm"
46,11,0.855,21,0.891,1958.901,108.637,0.418,0.835,"hojdmc, qdcieh, ciojkb, kranaa9, ecucbt, kubjij, reddit_debbie, pewpua2, dhuolt, eagehh, reddit_grayson99"
47,7,0.667,25,0.717,630.636,23.836,0.382,0.182,"kjuq5904, twvs4521, eiej4325, jccj44506, twkg9813, gjhg8047, uest1280"
48,8,0.607,37,0.639,1522.194,52.625,0.333,0.847,"drgd8391, jkuy0534, ghhj8554, okay11732, bvoo3130, dijx3903, fhda78402, ytrq8081"
49,3,1,9,1,1085.111,71.556,0.333,1.111,"cjire9104, fkir2290, urdu9708"
50,2,1,9,0,1581.5,63.667,0.333,1.667,"hrsy60677, ufsc8075"
51,2,1,9,0,2476.5,100.167,0.167,2.333,"clirr5282, fnnf8890"
52,5,0.6,32,0.6,1053.448,40.655,0.862,1.897,"fhxk1941, bkot6010, usjg2117, wive0570, wiqg8225"
53,9,0.556,29,0.793,1623.526,60.789,0.316,0.079,"gohdr4367, liaojiuyu, gxhx514, hgidsi, nidaye81, bdjsbsk4, gkgfjj1, dhcye3177, xlhxhlxlh8"
54,8,0.5,26,0.628,960.721,66.209,0.698,0.395,"nxpsa4288, avelina.asucen, g.in.cgn, hdksp6389, bxuzba, hdvhds4, hxjdsj34, vxkaw3274"
55,3,1,8,1,1241.333,68.917,1.417,0.333,"ndork4782, jshszh6382, cnatk3189"
56,3,1,8,1,1629.846,77.692,1.385,0.308,"hzhdhs, ncjfhyrsdj, snoshsj"
57,2,1,7,0,3083.222,88.222,1,0.444,"nqkwvc, maemeg7"
58,2,1,7,0,1376.75,87.875,0.625,0,"2thgkvjd, 2tiktohdh"
59,2,1,8,0,2157.25,54,0.75,0.25,"kdywnty, awmilke"
60,2,1,7,0,3661.778,97.333,0.333,0.444,"woshenmake, wbakf3819"
61,2,1,8,0,1173.875,80,0.25,0.875,"ciucfyictci, hosgsg0"
62,2,1,7,0,2135.125,74.875,0.5,0.125,"fhcgocgo, hds.hy"
63,2,1,7,0,3329.375,82.125,1,0.75,"svjssh, zdogz60"
64,2,1,7,0,1698.5,89,1.125,0.125,"cigcgict, sameerah.tare"
65,3,0.667,25,0,37166.59,3742.754,136.656,259.459,"lush_queen120, amazing_seeet120, sweet_babyc120"
66,3,1,14,1,7452.875,669.219,27.125,97.656,"chummi_queen1, cutequeen_driver120, plaqebfzf07"
67,2,1,8,0,663.241,50.552,7.379,2.862,"xchinaqueen5, xchinaqueen8"
68,3,0.667,18,0,20860.553,803.34,22.681,45.362,"china_deriver_60, china_cutegirl22, chuma_g1"
69,2,1,8,0,1864.75,96.179,6.643,3,"username.1545465, kamlisarkar_0"
70,2,1,8,0,1654.167,38.5,0.583,2,"kduudk6, ukfee8"
71,2,1,8,0,828.636,36.909,0.364,0,"aed8564, dempseyhuntington2002"
72,2,1,8,0,899.167,32.5,0.667,0.5,"aedfkjdc, revjiu2"
73,3,0.667,15,0,1579.778,157.444,2.222,1.444,"facailllll12138, fafafafafafafacai, mvbdanqi"
74,3,0.667,14,0,1128.154,70.385,1.923,7.538,"nfyk.emma, mong.khuu, gabriele.weber5"
75,3,0.667,15,0,1401.125,108.5,1.375,1.312,"luckyphone320, chunyuan66, qifei6668886"
76,2,1,7,0,8439.25,48.667,0.083,1.583,"woxd.ozds, meto.mqkd"
77,4,1,17,1,5669.056,30.389,0.417,22.111,"cfndhfch, govkjhkbb, hoglbjlvil, user7848004239568"
78,2,1,7,0,24135.909,182.455,3.364,2.091,"mariencassano, huydhfhyyxd"
79,3,1,18,1,6122.667,85.056,7,6.5,"reddit_ignatius8, lnppoe, shbsdd2"
80,2,1,8,0,1768,89.875,0.5,0.625,"hurrryu, fulknm"
81,3,0.667,18,0,3658.867,238.267,1.733,5.533,"dghhg372, tessh95, tug35587"
82,3,0.667,15,0,21245.786,1074.214,14.571,14.071,"gdjdi63, hfstil3, owuhwh"
83,2,1,9,0,3182.2,97.5,1.3,0.3,"iuwgeh, zvjsl"
84,7,1,14,1,691,31.537,0.683,0.585,"dtxijq, ldaphc, eqxela7, jecxsz, utoxwqg, zesysmj, zysmpbz"
85,2,1,11,0,948.6,28.267,0.867,1,"mnoojt, objlhmtjemu"
86,17,1,18,1,1454.78,34.66,0.262,0.95,"lejaad2, pbpktw, dtbtcc8, rtwgui, eqmhqf, bipiqo, arffug, hidouo, sqifhw, hdmjwo1, lhqitc, puhrra, hltuoq, bpgarp, ucdrmh, idpeoc, wgslhe"
87,4,0.5,17,0,855.783,39.826,1.391,7.043,"safiyyah.iftikar, nasiha.buthainah, uwaisah.jameela.m, zahra.radiyah.asf"
88,5,1,15,1,799.25,15.583,0.5,3.042,"lucyedmonson5, bhsn473, suzannefigueroa76, paulettefrank1, valeriemunoz413"
89,3,0.667,20,0,494.81,17.095,0.714,4.571,"salah.hakem.sayeg, muhammad.dawi20, zurina.sara"
90,3,1,8,1,1331.353,36.941,2.059,11.941,"thuwaibah.dad.rah, olivia.ava.davis, tiffany.c..irvin"
91,2,1,9,0,579.222,25.222,0.778,8,"nisrin.yusraa.sha, labib.zain.hajjar"
92,5,0.7,21,0.8,1202.207,26.103,1.241,7.483,"ludwin.keith, ayanna.kelekele, natalie.acosta88, constantinos.hard, stanfordrodriguez"
93,2,1,7,0,61351.429,2217.286,47.286,982,"laurengomezl, demetriusguerrero"
94,9,0.222,65,0,19375.159,645.159,14.326,9.167,"cuteg895, moderngril5, grilofchina, cardriving139, beautiful46h, beautifulseen30, girldriver_8363, usernamer02023, modernofuk"
95,3,0.667,15,0,21924.289,180.132,1.921,4.632,"chumi_girl_105, rashidmbbs7, username0201726"
96,4,0.5,16,0,3881.097,46.419,0.839,1.032,"user1433469988696, mlyeejyn, user21677638672342, user4473161544200"
97,3,0.667,14,0,5357.214,35.429,0.643,0.571,"jroosevx, user6139676160240, user7448681866615"
98,3,1,9,1,5812.111,85.889,0.556,4.333,"aed2996, user1610149210948, user7285945563907"
