"Account","Network","Unique Shares","Avg Time Between Shares (sec)","Edge Symmetry Score","Degree","Strength","Betweenness","Avg Views","Avg Likes","Avg Comments","Avg Shares"
"<a href=""https://tiktok.com/@3mmmgkk"" target=""_blank"">@3mmmgkk</a>",37,4,54.25,1,1,8,0,1100.75,74.25,0.75,0
"<a href=""https://tiktok.com/@adjuvant94"" target=""_blank"">@adjuvant94</a>",42,8,60.7,0.889,1,10,0,1022.111,72.778,1.222,0.667
"<a href=""https://tiktok.com/@aed0267"" target=""_blank"">@aed0267</a>",15,6,73.797,0.878,3,25,0,1543.333,85,0.667,1.5
"<a href=""https://tiktok.com/@aed2750"" target=""_blank"">@aed2750</a>",15,7,62.85,0.822,3,25,0,2176.857,162.429,0.857,1.857
"<a href=""https://tiktok.com/@aed5094"" target=""_blank"">@aed5094</a>",152,7,42.667,1,1,9,0,10902.286,272.286,9.714,22.714
"<a href=""https://tiktok.com/@aedb162"" target=""_blank"">@aedb162</a>",150,6,58.571,0.833,1,7,0,2326.167,63,6.5,21.833
"<a href=""https://tiktok.com/@aeddhgds4723"" target=""_blank"">@aeddhgds4723</a>",151,5,39.5,0.667,1,8,0,2030.6,59.8,6,18.8
"<a href=""https://tiktok.com/@aeddjgjdks4732"" target=""_blank"">@aeddjgjdks4732</a>",153,6,75,0.714,1,8,0,2938.167,108.833,3.833,10.5
"<a href=""https://tiktok.com/@aeddjjy194"" target=""_blank"">@aeddjjy194</a>",151,7,28.75,1,1,8,0,1605.714,36.286,2.286,21.714
"<a href=""https://tiktok.com/@aedgslpxjx"" target=""_blank"">@aedgslpxjx</a>",5,4,72.429,1,1,7,0,1254.5,52,0.75,6.25
"<a href=""https://tiktok.com/@aedhjgh8447"" target=""_blank"">@aedhjgh8447</a>",149,4,45.125,1,2,16,0,3860.167,140.833,5.667,12.167
"<a href=""https://tiktok.com/@aedhkgf759"" target=""_blank"">@aedhkgf759</a>",92,5,41.25,1,1,8,0,1431.8,94.2,3.8,12.8
"<a href=""https://tiktok.com/@aedjdpckd"" target=""_blank"">@aedjdpckd</a>",3,4,63.857,0.833,1,7,0,1932,54.75,2,1.75
"<a href=""https://tiktok.com/@aedvjdfjfj48528"" target=""_blank"">@aedvjdfjfj48528</a>",151,6,42.5,0.778,3,24,0,2235.167,67.167,11,37.5
"<a href=""https://tiktok.com/@airplandriver120"" target=""_blank"">@airplandriver120</a>",17,11,56.367,0.692,1,30,0,28729.571,1301.071,44,23.25
"<a href=""https://tiktok.com/@amazing_girl_101"" target=""_blank"">@amazing_girl_101</a>",156,7,83.996,0.6,2,24,0,69.438,10.438,1.938,0.375
"<a href=""https://tiktok.com/@amazing_seeet120"" target=""_blank"">@amazing_seeet120</a>",18,6,65.75,0.571,1,8,0,256.667,12.889,1.333,1.167
"<a href=""https://tiktok.com/@amazing_video112"" target=""_blank"">@amazing_video112</a>",61,5,57.157,0.833,2,20,0,351,36.4,1.4,0
"<a href=""https://tiktok.com/@aminbaomba317"" target=""_blank"">@aminbaomba317</a>",90,7,49.975,1,2,18,0,683,48.429,0.286,0
"<a href=""https://tiktok.com/@amkgvx"" target=""_blank"">@amkgvx</a>",26,6,71.8,1,1,10,0,523.5,16.25,0.25,0
"<a href=""https://tiktok.com/@anaxagoras.harlen"" target=""_blank"">@anaxagoras.harlen</a>",4,4,43.25,1,1,8,0,2180.25,63,0.5,0.5
"<a href=""https://tiktok.com/@avafind2"" target=""_blank"">@avafind2</a>",62,14,38.533,0.933,1,15,0,467.526,0.895,0,0.053
"<a href=""https://tiktok.com/@avav11738"" target=""_blank"">@avav11738</a>",8,6,45,1,1,7,0,2914,63.375,0.375,0.875
"<a href=""https://tiktok.com/@bagge.hazelk"" target=""_blank"">@bagge.hazelk</a>",23,8,53.875,0.833,1,8,0,1008.889,83,0.444,0.222
"<a href=""https://tiktok.com/@baianannang"" target=""_blank"">@baianannang</a>",27,8,63.429,1,1,7,0,8346.125,210.375,5.625,10.125
"<a href=""https://tiktok.com/@bakaf3280"" target=""_blank"">@bakaf3280</a>",36,4,51.25,1,1,8,0,1076.75,73.5,0,0.25
"<a href=""https://tiktok.com/@baobaom220"" target=""_blank"">@baobaom220</a>",89,8,54.508,1,2,16,0,2091.5,60.75,3.125,1.5
"<a href=""https://tiktok.com/@bbfh1476"" target=""_blank"">@bbfh1476</a>",124,10,36.768,1,2,15,0,909.286,80.714,0.643,0.786
"<a href=""https://tiktok.com/@bdjsxn6"" target=""_blank"">@bdjsxn6</a>",39,4,33.714,0.833,1,7,0,16099,616.5,11.25,5.5
"<a href=""https://tiktok.com/@bdkcv272"" target=""_blank"">@bdkcv272</a>",80,8,60.429,1,1,7,0,1472.375,37.25,0.625,0.375
"<a href=""https://tiktok.com/@bdoci6"" target=""_blank"">@bdoci6</a>",1,4,50.214,1,2,14,0,2304,125,1.25,3.25
"<a href=""https://tiktok.com/@bdzgjk"" target=""_blank"">@bdzgjk</a>",161,5,30,1,1,8,0,20586.167,127.167,2,17.333
"<a href=""https://tiktok.com/@beautiful46h"" target=""_blank"">@beautiful46h</a>",59,6,63.556,0.75,1,9,0,328.615,94.923,12.154,2.462
"<a href=""https://tiktok.com/@bflxt4285"" target=""_blank"">@bflxt4285</a>",39,4,33.714,0.833,1,7,0,1065.75,59.75,0.25,0.5
"<a href=""https://tiktok.com/@bftdyfhy257"" target=""_blank"">@bftdyfhy257</a>",91,5,55.883,0.958,3,26,0,1502,84,1.4,0.6
"<a href=""https://tiktok.com/@bgcnk7"" target=""_blank"">@bgcnk7</a>",97,7,50.429,0.875,1,14,0,1557.5,107.9,1.1,2.5
"<a href=""https://tiktok.com/@bidingbaom418"" target=""_blank"">@bidingbaom418</a>",89,8,63.571,1,1,7,0,532.25,37.125,1.125,0.875
"<a href=""https://tiktok.com/@bjspsp"" target=""_blank"">@bjspsp</a>",51,6,74.5,0.889,3,24,0,2896.167,88.5,3,0.833
"<a href=""https://tiktok.com/@bkot6010"" target=""_blank"">@bkot6010</a>",133,9,14.556,1,1,9,0,1134,63.5,0.333,0.75
"<a href=""https://tiktok.com/@bloodcarme5"" target=""_blank"">@bloodcarme5</a>",28,7,58.3,0.889,1,10,0,10757.25,262.875,4.625,3.375
"<a href=""https://tiktok.com/@bpotdxeuh00"" target=""_blank"">@bpotdxeuh00</a>",121,10,51,1,1,7,0,1321.5,142.6,2.6,3.9
"<a href=""https://tiktok.com/@bradliormp3"" target=""_blank"">@bradliormp3</a>",143,4,45.65,1,2,19,0,135,1.75,0,0.25
"<a href=""https://tiktok.com/@brese.hillah"" target=""_blank"">@brese.hillah</a>",22,5,61.893,1,2,15,0,1785.2,108,0,0.2
"<a href=""https://tiktok.com/@bridget.pugeda"" target=""_blank"">@bridget.pugeda</a>",1,4,55.143,1,1,7,0,5911.25,106.75,1,1.75
"<a href=""https://tiktok.com/@brudo040"" target=""_blank"">@brudo040</a>",87,6,33.143,1,1,7,0,2423.5,114,1.167,0.333
"<a href=""https://tiktok.com/@bsvyssjf"" target=""_blank"">@bsvyssjf</a>",104,6,56.267,1,2,19,0,7080.167,280.667,19.333,31.667
"<a href=""https://tiktok.com/@buyuyuyu777"" target=""_blank"">@buyuyuyu777</a>",107,3,58.762,0.733,3,23,0,2211,36,0.667,0
"<a href=""https://tiktok.com/@bvoo3130"" target=""_blank"">@bvoo3130</a>",132,9,58.914,1,6,105,0,2035.714,77.929,1.286,0.286
"<a href=""https://tiktok.com/@bzsksk1"" target=""_blank"">@bzsksk1</a>",38,4,81.857,1,1,7,0,3258.5,213.25,4.25,0.75
"<a href=""https://tiktok.com/@c9qd3xhci6"" target=""_blank"">@c9qd3xhci6</a>",48,3,61.42,1,2,15,0,3128,167.667,1,0.333
"<a href=""https://tiktok.com/@c_oevdu389"" target=""_blank"">@c_oevdu389</a>",81,5,56.25,1,1,8,0,2004.857,93.857,0.714,0.143
"<a href=""https://tiktok.com/@c_pegif193"" target=""_blank"">@c_pegif193</a>",88,9,32.3,0.857,1,10,0,2284.667,101.667,0.444,0.333
"<a href=""https://tiktok.com/@cagnhd"" target=""_blank"">@cagnhd</a>",11,7,74.167,0.889,2,18,0,2883.625,125.25,2.125,0.625
"<a href=""https://tiktok.com/@cahaf1huz3"" target=""_blank"">@cahaf1huz3</a>",48,3,54.062,1,2,15,0,1372.333,119.333,0.667,1.333
"<a href=""https://tiktok.com/@cardriving139"" target=""_blank"">@cardriving139</a>",59,5,63.556,0.75,1,9,0,1075.6,188.5,15.7,5.8
"<a href=""https://tiktok.com/@ccaw9284"" target=""_blank"">@ccaw9284</a>",127,11,14.429,1,1,7,0,952.091,66.182,1,0.909
"<a href=""https://tiktok.com/@cck4657"" target=""_blank"">@cck4657</a>",2,4,46.929,0.833,2,14,0,1092.5,35.25,0.25,0.25
"<a href=""https://tiktok.com/@celaf436"" target=""_blank"">@celaf436</a>",84,8,36.5,1,1,8,0,881.375,108.625,0,0.25
"<a href=""https://tiktok.com/@chdd62"" target=""_blank"">@chdd62</a>",142,6,57,0.675,2,22,0,1252,115.625,2,8.375
"<a href=""https://tiktok.com/@chhd195"" target=""_blank"">@chhd195</a>",148,5,55.75,1,1,8,0,1724,77.2,0.8,0.4
"<a href=""https://tiktok.com/@chillaroo.66"" target=""_blank"">@chillaroo.66</a>",157,3,20.667,1,2,18,0,688427.667,57046.333,69.667,437
"<a href=""https://tiktok.com/@china_deriver_0"" target=""_blank"">@china_deriver_0</a>",21,6,97.171,0.9,2,24,0,1368.5,88.667,4.5,1.167
"<a href=""https://tiktok.com/@china_deriver_109"" target=""_blank"">@china_deriver_109</a>",156,5,88.286,0.4,1,7,0,989.714,97.143,7.5,1.286
"<a href=""https://tiktok.com/@chinesebeauty39"" target=""_blank"">@chinesebeauty39</a>",60,4,61.765,0.889,1,17,0,3469.091,192.182,6.545,1.455
"<a href=""https://tiktok.com/@chocolate_2081"" target=""_blank"">@chocolate_2081</a>",141,4,51.75,1,1,8,0,1202.75,58.75,0.25,0.5
"<a href=""https://tiktok.com/@chuaikaa3"" target=""_blank"">@chuaikaa3</a>",49,8,52.889,1,1,9,0,1300.5,85.125,0.625,0.625
"<a href=""https://tiktok.com/@chunyuan66"" target=""_blank"">@chunyuan66</a>",45,3,69.143,1,1,7,0,14936.333,713,3.667,5
"<a href=""https://tiktok.com/@cjire9104"" target=""_blank"">@cjire9104</a>",138,3,61.5,1,2,17,0,586.333,22.333,0.333,1
"<a href=""https://tiktok.com/@cjur6297"" target=""_blank"">@cjur6297</a>",139,3,45.667,1,2,18,0,694.333,59.333,1,0.333
"<a href=""https://tiktok.com/@clirr5282"" target=""_blank"">@clirr5282</a>",138,3,52.667,1,3,27,0,1062,85,0.667,2.5
"<a href=""https://tiktok.com/@coco_video10"" target=""_blank"">@coco_video10</a>",156,7,79.706,0.8,1,17,0,511.652,71.391,6.13,0.826
"<a href=""https://tiktok.com/@coicbf"" target=""_blank"">@coicbf</a>",58,6,67.571,1,1,7,0,10837.333,322.833,4.667,3
"<a href=""https://tiktok.com/@congminhbang"" target=""_blank"">@congminhbang</a>",89,7,45.444,1,1,9,0,760.286,58.286,3.571,0.429
"<a href=""https://tiktok.com/@courr1227"" target=""_blank"">@courr1227</a>",137,4,45.333,1,1,9,0,1521,128.75,1,4.5
"<a href=""https://tiktok.com/@cujnzfu"" target=""_blank"">@cujnzfu</a>",145,3,33.722,1,2,18,0,191.75,3,0.25,0.5
"<a href=""https://tiktok.com/@cutedriver120"" target=""_blank"">@cutedriver120</a>",17,8,56.367,0.692,1,30,0,503.5,47.667,3.167,0.833
"<a href=""https://tiktok.com/@cx.b28"" target=""_blank"">@cx.b28</a>",20,6,50.545,0.929,2,18,0,2148.375,129.875,4,3.25
"<a href=""https://tiktok.com/@d548930"" target=""_blank"">@d548930</a>",71,8,56.155,0.929,4,35,0,5443.75,180,2.875,6.875
"<a href=""https://tiktok.com/@dahuodabaom264"" target=""_blank"">@dahuodabaom264</a>",83,6,51,1,1,8,0,855.375,61.75,0.5,0.625
"<a href=""https://tiktok.com/@dangda166"" target=""_blank"">@dangda166</a>",73,8,65.554,1,2,15,0,5594.375,114.375,1.5,1.25
"<a href=""https://tiktok.com/@dayutoureddit"" target=""_blank"">@dayutoureddit</a>",93,5,57.714,1,1,7,0,2825.2,207.2,1.6,2
"<a href=""https://tiktok.com/@ddyqtx.twfqof"" target=""_blank"">@ddyqtx.twfqof</a>",158,3,41.884,0.933,3,25,0,618,19.667,0.667,0
"<a href=""https://tiktok.com/@detg4"" target=""_blank"">@detg4</a>",53,6,41.667,1,1,9,0,360.167,32.5,0.167,0.5
"<a href=""https://tiktok.com/@devina.amorette"" target=""_blank"">@devina.amorette</a>",150,6,58.571,0.833,1,7,0,1744.5,55.333,0.167,8.333
"<a href=""https://tiktok.com/@devindawei336"" target=""_blank"">@devindawei336</a>",73,8,62,1,2,14,0,252496.625,12533.125,61.375,308.875
"<a href=""https://tiktok.com/@devinkary0516"" target=""_blank"">@devinkary0516</a>",72,4,47.25,1,1,8,0,445.75,26.75,0,0
"<a href=""https://tiktok.com/@dhddt67"" target=""_blank"">@dhddt67</a>",111,4,84,1,2,16,0,851.5,75.75,0.25,4.75
"<a href=""https://tiktok.com/@dhdkdj60"" target=""_blank"">@dhdkdj60</a>",25,5,46.286,1,1,7,0,3947,201.6,3.4,3.8
"<a href=""https://tiktok.com/@dhhi6645"" target=""_blank"">@dhhi6645</a>",140,3,47,1,1,9,0,833,100.333,1.667,0.667
"<a href=""https://tiktok.com/@dhie1905"" target=""_blank"">@dhie1905</a>",131,8,10,1,1,8,0,1850.778,76,0.222,1.778
"<a href=""https://tiktok.com/@dhuolt"" target=""_blank"">@dhuolt</a>",31,12,20.406,0.948,7,195,0,525.333,22.417,1.083,0.083
"<a href=""https://tiktok.com/@dhzg1822"" target=""_blank"">@dhzg1822</a>",132,3,49.667,1,2,18,0,972,97.667,1.333,0.333
"<a href=""https://tiktok.com/@dijx3903"" target=""_blank"">@dijx3903</a>",132,12,59.439,0.967,6,128,0,1078.083,50.333,0.333,0.5
"<a href=""https://tiktok.com/@dimple36408"" target=""_blank"">@dimple36408</a>",102,3,63.889,0.9,2,18,0,565.667,30,1.333,0
"<a href=""https://tiktok.com/@dingbaiwan13"" target=""_blank"">@dingbaiwan13</a>",157,3,19.556,1,2,18,0,586.333,36,0,0
"<a href=""https://tiktok.com/@dingdingzz5"" target=""_blank"">@dingdingzz5</a>",157,3,18.667,1,2,18,0,11822,260.667,1.333,2
"<a href=""https://tiktok.com/@dining.seventy"" target=""_blank"">@dining.seventy</a>",41,5,51,1,1,8,0,1480.429,52.571,0.714,0.429
"<a href=""https://tiktok.com/@djbdjfjff"" target=""_blank"">@djbdjfjff</a>",9,6,68.973,0.929,2,15,0,1241,125.667,0.833,0.5
"<a href=""https://tiktok.com/@djdinh4"" target=""_blank"">@djdinh4</a>",25,5,46.286,1,1,7,0,1721.2,113.2,2.2,4.8
"<a href=""https://tiktok.com/@djjehokxtu2"" target=""_blank"">@djjehokxtu2</a>",162,4,79.556,0.8,1,9,0,193.25,3.5,0,0
"<a href=""https://tiktok.com/@djwf2904"" target=""_blank"">@djwf2904</a>",132,9,59.396,0.944,2,42,0,1069.111,38.889,0.556,1.889
"<a href=""https://tiktok.com/@dong.dong512"" target=""_blank"">@dong.dong512</a>",73,8,59.828,0.97,3,30,0,2804.875,87,4,4.375
"<a href=""https://tiktok.com/@dqf8fgro20"" target=""_blank"">@dqf8fgro20</a>",123,4,41.25,1,1,16,0,8,0.25,0,0
"<a href=""https://tiktok.com/@drape.ivoe"" target=""_blank"">@drape.ivoe</a>",23,8,72.429,0.75,1,7,0,1137.5,116,0.6,0.8
"<a href=""https://tiktok.com/@drgd8391"" target=""_blank"">@drgd8391</a>",132,10,66.254,0.971,7,88,0,1551.133,178.467,1.333,2.8
"<a href=""https://tiktok.com/@driver_king0"" target=""_blank"">@driver_king0</a>",21,6,89.596,0.817,2,34,0,1662.333,209.5,13.167,3.333
"<a href=""https://tiktok.com/@dthh824"" target=""_blank"">@dthh824</a>",15,8,72.127,0.763,5,46,0,1638,69.667,0.889,1.222
"<a href=""https://tiktok.com/@ductrangtran461"" target=""_blank"">@ductrangtran461</a>",77,3,63.625,0.8,1,8,0,7003,60.667,0.333,0
"<a href=""https://tiktok.com/@duidaishenbianren"" target=""_blank"">@duidaishenbianren</a>",55,3,79,1,1,7,0,275.333,4.667,0,0.667
"<a href=""https://tiktok.com/@duuff30"" target=""_blank"">@duuff30</a>",32,4,64.768,1,2,15,0,822,51.25,0.5,0.25
"<a href=""https://tiktok.com/@eagehh"" target=""_blank"">@eagehh</a>",31,12,21.357,0.95,7,195,0,288.75,9.833,0.083,0
"<a href=""https://tiktok.com/@eden70188"" target=""_blank"">@eden70188</a>",141,4,51.75,1,1,8,0,1398,117.167,0.667,1.833
"<a href=""https://tiktok.com/@edocwr2"" target=""_blank"">@edocwr2</a>",162,5,90.432,0.817,2,22,0,108.4,1.8,0,0
"<a href=""https://tiktok.com/@eiej4325"" target=""_blank"">@eiej4325</a>",132,13,73.849,0.94,7,89,0,1073.615,85.154,1.462,1.231
"<a href=""https://tiktok.com/@erxojmhyg9"" target=""_blank"">@erxojmhyg9</a>",48,3,52.357,1,2,14,0,2399.667,111,2.667,2
"<a href=""https://tiktok.com/@evdsfgg89"" target=""_blank"">@evdsfgg89</a>",121,9,51,1,1,7,0,2163.8,277.1,3.6,5.8
"<a href=""https://tiktok.com/@eyidk5"" target=""_blank"">@eyidk5</a>",50,6,33.75,1,2,20,0,1549.333,103.833,1,0.667
"<a href=""https://tiktok.com/@f_baomm324"" target=""_blank"">@f_baomm324</a>",87,6,33.143,1,1,7,0,1000.333,116.5,0,0.333
"<a href=""https://tiktok.com/@fadhh289"" target=""_blank"">@fadhh289</a>",142,8,73.375,1,1,8,0,1474.444,116.444,1.111,2.111
"<a href=""https://tiktok.com/@fdfhj915"" target=""_blank"">@fdfhj915</a>",69,12,55.191,0.872,11,134,0,1061.417,63.917,0.5,0.917
"<a href=""https://tiktok.com/@fgcc379"" target=""_blank"">@fgcc379</a>",74,8,90.778,0.714,1,9,0,1136.75,67.25,3.125,0.375
"<a href=""https://tiktok.com/@fhda78402"" target=""_blank"">@fhda78402</a>",132,12,62.739,1,5,125,0,6391.333,132.917,0.667,0.833
"<a href=""https://tiktok.com/@fhfvgft"" target=""_blank"">@fhfvgft</a>",101,6,34.71,0.88,3,35,0,851.5,31.5,1.833,0.333
"<a href=""https://tiktok.com/@fhkundshunk"" target=""_blank"">@fhkundshunk</a>",12,6,84.162,0.679,2,25,0,758.833,34,1.333,0.167
"<a href=""https://tiktok.com/@fhxk1941"" target=""_blank"">@fhxk1941</a>",125,9,43.778,0.875,1,9,0,3088.615,91.538,0.692,1.154
"<a href=""https://tiktok.com/@fidgyf88"" target=""_blank"">@fidgyf88</a>",146,6,51.571,0.833,1,7,0,1428,24.167,1,0.167
"<a href=""https://tiktok.com/@fjdd811"" target=""_blank"">@fjdd811</a>",117,4,58.25,1,1,8,0,509.5,25.5,0.25,0
"<a href=""https://tiktok.com/@fjgd605"" target=""_blank"">@fjgd605</a>",96,9,60.278,0.875,1,18,0,15362.444,395.667,0.444,4.778
"<a href=""https://tiktok.com/@fjvthj"" target=""_blank"">@fjvthj</a>",109,3,60.361,0.8,4,36,0,110,2,0,0
"<a href=""https://tiktok.com/@fkir2290"" target=""_blank"">@fkir2290</a>",139,3,93.738,1,2,16,0,515.667,65,0,1
"<a href=""https://tiktok.com/@fkomb3"" target=""_blank"">@fkomb3</a>",106,3,68,1,1,9,0,2365.333,37.667,0,0.333
"<a href=""https://tiktok.com/@flsosi5"" target=""_blank"">@flsosi5</a>",51,6,62.205,1,2,19,0,1780,121.167,1,1.5
"<a href=""https://tiktok.com/@fmgd8"" target=""_blank"">@fmgd8</a>",94,6,63,1,1,7,0,840.333,71.833,0.5,1.833
"<a href=""https://tiktok.com/@fnnf8890"" target=""_blank"">@fnnf8890</a>",138,3,54,1,2,18,0,1176,65,0.167,0.5
"<a href=""https://tiktok.com/@fody.noachp"" target=""_blank"">@fody.noachp</a>",22,6,48,1,2,14,0,1635.75,96.25,2.5,1
"<a href=""https://tiktok.com/@fogg4268"" target=""_blank"">@fogg4268</a>",102,3,50,1,1,9,0,641.667,32.667,0.333,0
"<a href=""https://tiktok.com/@foot89786"" target=""_blank"">@foot89786</a>",132,3,65.229,1,2,17,0,399.333,22,0,0
"<a href=""https://tiktok.com/@forwardcode423"" target=""_blank"">@forwardcode423</a>",72,8,56.892,0.955,2,23,0,2387,33.125,0.25,0.25
"<a href=""https://tiktok.com/@fvijte"" target=""_blank"">@fvijte</a>",31,6,22.054,0.941,7,123,0,516.333,10.833,0,0
"<a href=""https://tiktok.com/@fwihnf"" target=""_blank"">@fwihnf</a>",31,6,22.11,0.957,7,123,0,840.667,59.5,0.167,0
"<a href=""https://tiktok.com/@gckcj4"" target=""_blank"">@gckcj4</a>",4,4,43.25,1,1,8,0,2378.25,61.25,0.5,0.5
"<a href=""https://tiktok.com/@gdchio3"" target=""_blank"">@gdchio3</a>",69,5,44.849,0.776,7,85,0,1356,74.333,1.167,0.833
"<a href=""https://tiktok.com/@gdchji82"" target=""_blank"">@gdchji82</a>",98,3,54.889,1,2,18,0,1518.333,63.333,1,0
"<a href=""https://tiktok.com/@gddgj719"" target=""_blank"">@gddgj719</a>",66,4,42.25,1,2,16,0,5237,145.25,3.5,3.75
"<a href=""https://tiktok.com/@gdfhjk04"" target=""_blank"">@gdfhjk04</a>",116,5,65.7,0.75,1,10,0,2832.4,65.6,0.1,1
"<a href=""https://tiktok.com/@gdsgjk54"" target=""_blank"">@gdsgjk54</a>",115,6,95.667,0.8,1,9,0,3435.667,336,25.667,24.667
"<a href=""https://tiktok.com/@gdxvn8"" target=""_blank"">@gdxvn8</a>",95,5,79.375,0.667,1,8,0,2365.667,120.667,1.667,4.667
"<a href=""https://tiktok.com/@gedgj25"" target=""_blank"">@gedgj25</a>",111,4,72.25,1,1,8,0,2607.75,159.5,0.25,5.25
"<a href=""https://tiktok.com/@geievertu8"" target=""_blank"">@geievertu8</a>",20,7,55,0.857,1,7,0,1332.714,98.714,1.286,1.429
"<a href=""https://tiktok.com/@gesghh2"" target=""_blank"">@gesghh2</a>",96,6,60.278,0.875,1,18,0,2607.167,97,1.333,14.667
"<a href=""https://tiktok.com/@geujcc"" target=""_blank"">@geujcc</a>",3,4,60.071,0.917,2,14,0,6972.25,79.25,0.75,1.5
"<a href=""https://tiktok.com/@gf0htj06i8"" target=""_blank"">@gf0htj06i8</a>",122,4,48.227,1,2,22,0,800.75,42.25,1.25,1
"<a href=""https://tiktok.com/@gftdjkhg2699"" target=""_blank"">@gftdjkhg2699</a>",155,5,71.4,0.857,1,10,0,3520.4,99.2,10,6.6
"<a href=""https://tiktok.com/@ghhj8554"" target=""_blank"">@ghhj8554</a>",132,10,63.495,0.833,4,55,0,1461.083,96,0.5,0.917
"<a href=""https://tiktok.com/@giachauho200"" target=""_blank"">@giachauho200</a>",78,3,43,0.8,1,9,0,530,10.667,0.333,0.333
"<a href=""https://tiktok.com/@giap.thuy8"" target=""_blank"">@giap.thuy8</a>",73,8,67.75,1,1,8,0,3685.375,57,1.25,1.125
"<a href=""https://tiktok.com/@gio938475"" target=""_blank"">@gio938475</a>",104,5,40.074,0.8,3,26,0,41081.2,1932.2,84,99.6
"<a href=""https://tiktok.com/@gisela.lipke"" target=""_blank"">@gisela.lipke</a>",3,4,56.286,1,1,7,0,1858,48.25,0.5,0.75
"<a href=""https://tiktok.com/@givi0331"" target=""_blank"">@givi0331</a>",128,9,42,1,1,13,0,594.667,37.667,0.167,0.5
"<a href=""https://tiktok.com/@gjguq6894"" target=""_blank"">@gjguq6894</a>",138,3,51,1,3,26,0,1070.667,106,0.333,0.667
"<a href=""https://tiktok.com/@gjhg8047"" target=""_blank"">@gjhg8047</a>",132,11,49.242,0.926,3,50,0,871,48.357,0.571,1.286
"<a href=""https://tiktok.com/@gjvccs"" target=""_blank"">@gjvccs</a>",105,3,46.889,1,1,9,0,5977.667,188.667,14.667,1.333
"<a href=""https://tiktok.com/@gmggkho"" target=""_blank"">@gmggkho</a>",135,9,47.429,1,1,7,0,1284.111,20,0.444,0.111
"<a href=""https://tiktok.com/@goisthillwig517"" target=""_blank"">@goisthillwig517</a>",72,7,46.875,0.917,2,16,0,1387,31.857,1.143,1.143
"<a href=""https://tiktok.com/@goodmhvlegf"" target=""_blank"">@goodmhvlegf</a>",143,4,44.4,1,2,19,0,200.5,3,0,0.25
"<a href=""https://tiktok.com/@gooj806"" target=""_blank"">@gooj806</a>",15,9,60.913,0.924,5,78,0,1391.333,48.556,0.556,0.556
"<a href=""https://tiktok.com/@gour2295"" target=""_blank"">@gour2295</a>",140,3,47,1,1,9,0,1089.333,54,0.333,0.167
"<a href=""https://tiktok.com/@grsdhj91"" target=""_blank"">@grsdhj91</a>",98,3,61.056,1,2,18,0,1129,62.333,0.667,0.667
"<a href=""https://tiktok.com/@grsghi7"" target=""_blank"">@grsghi7</a>",115,3,95.667,0.8,1,9,0,4979,204,14.667,3
"<a href=""https://tiktok.com/@gsdghh89"" target=""_blank"">@gsdghh89</a>",69,3,81.354,0.85,4,35,0,2788,117.667,1.333,0.667
"<a href=""https://tiktok.com/@gsdhj91"" target=""_blank"">@gsdhj91</a>",70,3,79,1,1,9,0,815.667,62.333,0,1.667
"<a href=""https://tiktok.com/@gssgh83"" target=""_blank"">@gssgh83</a>",116,12,57.229,0.775,2,39,0,1286.667,73.083,0.417,0.667
"<a href=""https://tiktok.com/@gsshdfg3"" target=""_blank"">@gsshdfg3</a>",113,4,59.714,1,1,7,0,2577.75,140.25,0,1.25
"<a href=""https://tiktok.com/@gsxgh2"" target=""_blank"">@gsxgh2</a>",69,12,58.011,0.829,13,164,0,2327.417,191,0.583,2.083
"<a href=""https://tiktok.com/@gubwos"" target=""_blank"">@gubwos</a>",19,7,64.633,0.926,3,29,0,1698.714,109.286,3.571,6.571
"<a href=""https://tiktok.com/@guttggbh"" target=""_blank"">@guttggbh</a>",149,6,41.25,1,2,18,0,3208,91.833,1.5,9.167
"<a href=""https://tiktok.com/@gyjgts"" target=""_blank"">@gyjgts</a>",110,8,37.375,0.829,3,45,0,735.125,23.875,0,0.125
"<a href=""https://tiktok.com/@gysfh4"" target=""_blank"">@gysfh4</a>",51,6,63.906,1,4,34,0,5646.167,176.833,2.667,1.333
"<a href=""https://tiktok.com/@h1184045"" target=""_blank"">@h1184045</a>",105,3,46.889,1,1,9,0,367,19,0.333,0
"<a href=""https://tiktok.com/@h1864462"" target=""_blank"">@h1864462</a>",147,3,55.667,0.8,1,9,0,661.667,24.667,0,0
"<a href=""https://tiktok.com/@h_kp82"" target=""_blank"">@h_kp82</a>",85,6,57.1,0.857,1,10,0,1777.833,109.667,0.333,0.5
"<a href=""https://tiktok.com/@haimaho326"" target=""_blank"">@haimaho326</a>",78,3,43,0.8,1,9,0,245.333,8,0,0
"<a href=""https://tiktok.com/@hdchj83"" target=""_blank"">@hdchj83</a>",69,11,51.328,0.855,12,190,0,810.545,67.909,0.364,0.636
"<a href=""https://tiktok.com/@hdfhj291"" target=""_blank"">@hdfhj291</a>",142,9,41.667,0.75,2,28,0,601.727,28.818,1.364,0.273
"<a href=""https://tiktok.com/@hdgghr0"" target=""_blank"">@hdgghr0</a>",68,3,84.25,1,1,8,0,8982.333,225.333,0,25.667
"<a href=""https://tiktok.com/@hdgtr5"" target=""_blank"">@hdgtr5</a>",117,4,69,1,2,16,0,480.75,40.75,0.5,0
"<a href=""https://tiktok.com/@hdicok57"" target=""_blank"">@hdicok57</a>",118,7,28.667,0.875,1,12,0,2225,82.111,0.667,0.444
"<a href=""https://tiktok.com/@hdidkser0"" target=""_blank"">@hdidkser0</a>",20,8,46.091,1,1,11,0,2866.125,93.375,1.375,1
"<a href=""https://tiktok.com/@hdryxd"" target=""_blank"">@hdryxd</a>",11,7,60.41,1,4,34,0,2092.714,122.143,0.857,0.286
"<a href=""https://tiktok.com/@heisf127"" target=""_blank"">@heisf127</a>",80,11,75.714,0.9,2,14,0,1176.583,64.167,2.083,0.917
"<a href=""https://tiktok.com/@hffjpl"" target=""_blank"">@hffjpl</a>",104,3,64,1,1,9,0,6778.6,240.4,6.8,31.4
"<a href=""https://tiktok.com/@hfigi61"" target=""_blank"">@hfigi61</a>",118,8,28.667,0.875,1,12,0,1977.375,70.875,1,1.75
"<a href=""https://tiktok.com/@hfsdhj96"" target=""_blank"">@hfsdhj96</a>",108,4,35,1,1,8,0,787,43.5,1,0.75
"<a href=""https://tiktok.com/@hfstil3"" target=""_blank"">@hfstil3</a>",50,6,57.643,1,2,15,0,2376.833,128,1.167,0.5
"<a href=""https://tiktok.com/@hhit0062"" target=""_blank"">@hhit0062</a>",124,9,32.286,1,1,7,0,711.933,64.4,0.467,0.667
"<a href=""https://tiktok.com/@hhzddyy"" target=""_blank"">@hhzddyy</a>",146,5,51.571,0.833,1,7,0,14522.167,723.833,133.5,2.333
"<a href=""https://tiktok.com/@hkajah2"" target=""_blank"">@hkajah2</a>",60,8,61.765,0.889,1,17,0,39.667,12.333,2.75,0
"<a href=""https://tiktok.com/@hocma08"" target=""_blank"">@hocma08</a>",1,4,45.286,1,1,7,0,1981,69.25,1.25,0
"<a href=""https://tiktok.com/@hojdmc"" target=""_blank"">@hojdmc</a>",31,12,19.413,0.936,7,195,0,530.615,34.077,0.077,0
"<a href=""https://tiktok.com/@housn103"" target=""_blank"">@housn103</a>",2,4,48.938,0.958,4,29,0,1137.25,41.25,0.75,0
"<a href=""https://tiktok.com/@hpcfh"" target=""_blank"">@hpcfh</a>",19,7,59.376,0.946,5,41,0,2043.857,65.286,0.429,0.714
"<a href=""https://tiktok.com/@hrsy60677"" target=""_blank"">@hrsy60677</a>",136,5,91.667,1,1,12,0,831.2,79.2,0.4,2.2
"<a href=""https://tiktok.com/@htcbhf2"" target=""_blank"">@htcbhf2</a>",67,3,86.333,1,1,9,0,6213.333,232.333,19,6.667
"<a href=""https://tiktok.com/@htfhfj5"" target=""_blank"">@htfhfj5</a>",109,3,54.466,0.667,3,23,0,302218.667,34267,250.333,1456.667
"<a href=""https://tiktok.com/@htjzwe4"" target=""_blank"">@htjzwe4</a>",34,4,21.75,1,1,8,0,5318.25,78.75,3.25,0
"<a href=""https://tiktok.com/@huilhio"" target=""_blank"">@huilhio</a>",104,6,49.461,0.925,8,66,0,31314.833,563.5,19.5,35.333
"<a href=""https://tiktok.com/@huutrangphan421"" target=""_blank"">@huutrangphan421</a>",76,3,80.271,1,2,17,0,1048.333,84,0,1
"<a href=""https://tiktok.com/@hwvrok"" target=""_blank"">@hwvrok</a>",33,4,31,1,1,8,0,2713,83.25,2,0.25
"<a href=""https://tiktok.com/@hydbbeb"" target=""_blank"">@hydbbeb</a>",104,6,32.044,1,2,19,0,1901.833,54.167,2,1.5
"<a href=""https://tiktok.com/@iddicgg"" target=""_blank"">@iddicgg</a>",24,4,92.5,1,1,8,0,5483,147.4,4.6,1.8
"<a href=""https://tiktok.com/@idfhj50"" target=""_blank"">@idfhj50</a>",116,11,48.759,0.8,1,29,0,600.5,40.333,0.25,0.75
"<a href=""https://tiktok.com/@ididu034"" target=""_blank"">@ididu034</a>",19,7,54.375,0.857,1,8,0,3995.857,89.714,3.429,9.857
"<a href=""https://tiktok.com/@ieddj160"" target=""_blank"">@ieddj160</a>",82,6,55.75,1,1,8,0,1500.125,106.25,0.25,0.25
"<a href=""https://tiktok.com/@ifrt2705"" target=""_blank"">@ifrt2705</a>",130,9,9.556,1,1,9,0,1699.917,84.667,0.917,0.833
"<a href=""https://tiktok.com/@ihihgi1"" target=""_blank"">@ihihgi1</a>",2,4,63.714,1,1,7,0,1087.25,63.75,0.75,1.25
"<a href=""https://tiktok.com/@isce0690"" target=""_blank"">@isce0690</a>",125,8,43.778,0.875,1,9,0,1373.357,73,1.071,0.929
"<a href=""https://tiktok.com/@isgsjdj0"" target=""_blank"">@isgsjdj0</a>",52,6,85.25,1,1,8,0,9171.833,393,3.333,1.667
"<a href=""https://tiktok.com/@itchfh"" target=""_blank"">@itchfh</a>",109,3,57.878,0.767,3,23,0,386.667,24,0.333,1.333
"<a href=""https://tiktok.com/@itfhtj"" target=""_blank"">@itfhtj</a>",109,3,47.996,0.787,4,32,0,419.333,27.333,0,0.333
"<a href=""https://tiktok.com/@jajsjsn56"" target=""_blank"">@jajsjsn56</a>",15,10,69.002,0.837,8,86,0,2518.8,117.1,0.6,0.7
"<a href=""https://tiktok.com/@jantzen.lamphier"" target=""_blank"">@jantzen.lamphier</a>",74,7,69.286,0.833,1,7,0,91062.571,3594,5.571,10.571
"<a href=""https://tiktok.com/@jdndndn814"" target=""_blank"">@jdndndn814</a>",120,7,16.143,1,1,7,0,1540.375,163.125,1.875,2.25
"<a href=""https://tiktok.com/@jecry434"" target=""_blank"">@jecry434</a>",81,6,56.25,1,1,8,0,834,53.75,1,0.25
"<a href=""https://tiktok.com/@jelejeh1"" target=""_blank"">@jelejeh1</a>",52,6,85.25,1,1,8,0,1759.167,129.667,0.333,0.667
"<a href=""https://tiktok.com/@jiakehhh6"" target=""_blank"">@jiakehhh6</a>",160,3,43.875,1,1,8,0,2256.5,56.25,2,3.25
"<a href=""https://tiktok.com/@jiejielovetao518"" target=""_blank"">@jiejielovetao518</a>",72,8,60.875,0.917,2,16,0,526.375,46,0,0.125
"<a href=""https://tiktok.com/@jipupu184"" target=""_blank"">@jipupu184</a>",88,7,32.3,0.857,1,10,0,1199.429,92,0.571,0.429
"<a href=""https://tiktok.com/@jkuy0534"" target=""_blank"">@jkuy0534</a>",132,12,70.451,0.927,5,71,0,887.917,94.167,0.75,2.75
"<a href=""https://tiktok.com/@jnjwvgiaoa9"" target=""_blank"">@jnjwvgiaoa9</a>",30,5,64,0.75,1,7,0,881,13.8,0.6,0
"<a href=""https://tiktok.com/@jobualltv"" target=""_blank"">@jobualltv</a>",43,7,60.993,1,2,24,0,782.286,50.286,1.143,0.286
"<a href=""https://tiktok.com/@jspsns3"" target=""_blank"">@jspsns3</a>",50,4,58.5,1,3,24,0,77428,3128.5,14,69.75
"<a href=""https://tiktok.com/@jvdrg3"" target=""_blank"">@jvdrg3</a>",26,6,71.8,1,1,10,0,770.111,22.111,1.222,0.778
"<a href=""https://tiktok.com/@jvrdnm"" target=""_blank"">@jvrdnm</a>",162,6,101.308,0.833,1,13,0,180.833,2.5,0,0.333
"<a href=""https://tiktok.com/@jvtvc3"" target=""_blank"">@jvtvc3</a>",15,9,61.741,0.894,6,91,0,19518,326.111,1.333,7.778
"<a href=""https://tiktok.com/@kacbr2774"" target=""_blank"">@kacbr2774</a>",32,4,72.286,1,1,7,0,652.5,52,1.25,0.25
"<a href=""https://tiktok.com/@kbpsjd"" target=""_blank"">@kbpsjd</a>",19,8,56.26,0.875,5,48,0,2073.5,137.375,0.375,1
"<a href=""https://tiktok.com/@kdhdh1314"" target=""_blank"">@kdhdh1314</a>",19,8,63.389,0.866,2,16,0,1300.5,79,3.25,0.625
"<a href=""https://tiktok.com/@kdywnty"" target=""_blank"">@kdywnty</a>",35,4,63,1,1,7,0,1741.25,69.5,1.5,0.5
"<a href=""https://tiktok.com/@kenwilmott0102"" target=""_blank"">@kenwilmott0102</a>",154,6,29.125,1,2,18,0,2599.5,93.5,4.167,6.5
"<a href=""https://tiktok.com/@kenworthyhoo"" target=""_blank"">@kenworthyhoo</a>",37,4,54.25,1,1,8,0,1294,87,2.25,0.5
"<a href=""https://tiktok.com/@khanh.dao61"" target=""_blank"">@khanh.dao61</a>",15,12,68.752,0.778,6,82,0,1973.167,68.417,1.333,1.417
"<a href=""https://tiktok.com/@kidhdh6"" target=""_blank"">@kidhdh6</a>",112,3,34.333,1,2,18,0,1020956.333,106962.333,674.667,22366.667
"<a href=""https://tiktok.com/@kimfhgfd3677"" target=""_blank"">@kimfhgfd3677</a>",153,6,75,0.714,1,8,0,1828.167,82.5,4.667,6.667
"<a href=""https://tiktok.com/@king_queengg0"" target=""_blank"">@king_queengg0</a>",21,12,89.994,0.817,2,36,0,1088.889,103.722,10.278,2.444
"<a href=""https://tiktok.com/@kjuq5904"" target=""_blank"">@kjuq5904</a>",132,11,64.601,0.939,6,80,0,1543.727,115.727,3.182,0.636
"<a href=""https://tiktok.com/@kleber.capuano"" target=""_blank"">@kleber.capuano</a>",73,8,48.904,0.977,4,44,0,806.75,52.875,2,0.125
"<a href=""https://tiktok.com/@knl39aprh6"" target=""_blank"">@knl39aprh6</a>",62,15,38.533,0.933,1,15,0,605.421,3.421,0,0.053
"<a href=""https://tiktok.com/@kungyhunksd"" target=""_blank"">@kungyhunksd</a>",12,9,69.806,0.708,3,49,0,337.667,7.222,0.222,0.111
"<a href=""https://tiktok.com/@kvczzcklkaio"" target=""_blank"">@kvczzcklkaio</a>",158,3,42.598,0.933,3,25,0,1393,50.333,0.333,1
"<a href=""https://tiktok.com/@laavjpupqukej"" target=""_blank"">@laavjpupqukej</a>",29,4,59.429,1,1,7,0,1226,105.5,4.25,5.25
"<a href=""https://tiktok.com/@liliana.owyngk"" target=""_blank"">@liliana.owyngk</a>",27,6,63.429,1,1,7,0,8140.625,189.5,2.625,5.75
"<a href=""https://tiktok.com/@lin689668987"" target=""_blank"">@lin689668987</a>",12,6,63.686,0.857,2,21,0,963,68.833,2.333,1.333
"<a href=""https://tiktok.com/@ljpjvh"" target=""_blank"">@ljpjvh</a>",33,4,31,1,1,8,0,1153.75,46.75,0.75,0.25
"<a href=""https://tiktok.com/@loandqpnn"" target=""_blank"">@loandqpnn</a>",154,6,33.25,1,2,16,0,21233,1153.167,81.833,149.667
"<a href=""https://tiktok.com/@lopvfr66vvc"" target=""_blank"">@lopvfr66vvc</a>",107,3,49.847,0.867,3,25,0,87,1,0,0
"<a href=""https://tiktok.com/@lovelydriver51"" target=""_blank"">@lovelydriver51</a>",18,2,65.75,0.571,1,8,0,260,39.667,3.944,4.833
"<a href=""https://tiktok.com/@makya.melanny"" target=""_blank"">@makya.melanny</a>",40,4,69.5,1,1,8,0,1566,51,2.25,0.25
"<a href=""https://tiktok.com/@mattcllp.155"" target=""_blank"">@mattcllp.155</a>",91,6,51.624,0.958,3,28,0,870,53.667,0.667,0.333
"<a href=""https://tiktok.com/@monta.karlak"" target=""_blank"">@monta.karlak</a>",28,7,58.3,0.889,1,10,0,1083.556,86.889,0.444,0.222
"<a href=""https://tiktok.com/@mphlmjnw69"" target=""_blank"">@mphlmjnw69</a>",47,3,42.714,0.8,1,7,0,660,61,0,0.333
"<a href=""https://tiktok.com/@mri78275"" target=""_blank"">@mri78275</a>",110,9,53.04,0.925,4,48,0,4257.4,217.9,7.5,13.6
"<a href=""https://tiktok.com/@mrullg2xd0"" target=""_blank"">@mrullg2xd0</a>",145,3,36.444,1,2,18,0,375,0,0,0.333
"<a href=""https://tiktok.com/@nckhfd2"" target=""_blank"">@nckhfd2</a>",163,3,101,1,1,7,0,102.167,1.667,0,0
"<a href=""https://tiktok.com/@ndork4782"" target=""_blank"">@ndork4782</a>",32,4,57.25,1,1,8,0,1167.75,48,0.75,0
"<a href=""https://tiktok.com/@ngoc.ho078"" target=""_blank"">@ngoc.ho078</a>",14,7,58.905,0.857,3,24,0,924.286,35.571,0.571,0.429
"<a href=""https://tiktok.com/@ngtriu301"" target=""_blank"">@ngtriu301</a>",91,6,58.856,0.821,3,27,0,3357.429,86.571,2.143,0.429
"<a href=""https://tiktok.com/@ngzfli.zzulvh"" target=""_blank"">@ngzfli.zzulvh</a>",158,3,39.312,0.933,3,25,0,1192,30.667,1,0
"<a href=""https://tiktok.com/@nhi.vo585"" target=""_blank"">@nhi.vo585</a>",15,6,60.418,0.886,3,42,0,1109.5,46,0.167,0.833
"<a href=""https://tiktok.com/@now0849"" target=""_blank"">@now0849</a>",6,4,56,1,1,7,0,9862.75,118.5,1.75,6.5
"<a href=""https://tiktok.com/@noyaozhaoji"" target=""_blank"">@noyaozhaoji</a>",55,3,79,1,1,7,0,423,14,0.667,0.667
"<a href=""https://tiktok.com/@o09876765iou"" target=""_blank"">@o09876765iou</a>",107,3,46.556,1,2,18,0,45.333,0,0,0
"<a href=""https://tiktok.com/@o6zn4lobe2"" target=""_blank"">@o6zn4lobe2</a>",44,10,50.582,0.958,2,37,0,291.5,5.9,0,0.1
"<a href=""https://tiktok.com/@oaisg2"" target=""_blank"">@oaisg2</a>",51,6,66.688,0.917,4,32,0,1967.333,64.167,1.667,0.333
"<a href=""https://tiktok.com/@odt614"" target=""_blank"">@odt614</a>",71,10,53.884,0.955,6,60,0,1164.2,90.5,1.1,0.9
"<a href=""https://tiktok.com/@ogdzwqhq80"" target=""_blank"">@ogdzwqhq80</a>",44,10,50.339,1,2,35,0,354,11,0.2,0.1
"<a href=""https://tiktok.com/@oivjph"" target=""_blank"">@oivjph</a>",134,7,63,1,1,7,0,639,18.125,0.5,0.125
"<a href=""https://tiktok.com/@okay11732"" target=""_blank"">@okay11732</a>",132,12,76.225,0.917,8,110,0,1276,75.5,0.417,0.5
"<a href=""https://tiktok.com/@owuhwh"" target=""_blank"">@owuhwh</a>",50,6,56.883,0.944,3,26,0,25973.167,1253.333,11.167,7
"<a href=""https://tiktok.com/@pdilul"" target=""_blank"">@pdilul</a>",34,4,21.75,1,1,8,0,2823.5,89,0.75,0.5
"<a href=""https://tiktok.com/@phrjy319"" target=""_blank"">@phrjy319</a>",82,8,55.75,1,1,8,0,836.889,94.556,0.444,0.333
"<a href=""https://tiktok.com/@phuong.nguyen4922"" target=""_blank"">@phuong.nguyen4922</a>",14,7,67.935,0.958,3,25,0,1061.857,60.286,0.429,0.857
"<a href=""https://tiktok.com/@piud432"" target=""_blank"">@piud432</a>",107,3,50.767,0.933,3,25,0,5903.333,72.667,0,0.333
"<a href=""https://tiktok.com/@poiujjj456"" target=""_blank"">@poiujjj456</a>",107,3,42.889,1,2,18,0,175,3.333,0,0
"<a href=""https://tiktok.com/@pott7134"" target=""_blank"">@pott7134</a>",126,10,31.455,1,1,11,0,726.818,50.273,0.364,0.182
"<a href=""https://tiktok.com/@psinmapudrtzbo"" target=""_blank"">@psinmapudrtzbo</a>",29,4,59.429,1,1,7,0,1029.75,87.75,4.25,9.5
"<a href=""https://tiktok.com/@qdcieh"" target=""_blank"">@qdcieh</a>",31,11,20.512,0.937,7,177,0,1052.417,126.167,0.417,0.5
"<a href=""https://tiktok.com/@qifei6668886"" target=""_blank"">@qifei6668886</a>",45,3,64.196,1,2,15,0,4692,168.333,2.667,0.667
"<a href=""https://tiktok.com/@qllsks0"" target=""_blank"">@qllsks0</a>",51,6,64.107,1,2,15,0,2176.833,89.5,1.167,0.667
"<a href=""https://tiktok.com/@qmcxmjcfb2"" target=""_blank"">@qmcxmjcfb2</a>",47,3,42.714,0.8,1,7,0,651,16.333,0,0
"<a href=""https://tiktok.com/@qprtyruykxnmm"" target=""_blank"">@qprtyruykxnmm</a>",148,6,55.75,1,1,8,0,2573.571,46.714,0.714,0.143
"<a href=""https://tiktok.com/@quangkhan44"" target=""_blank"">@quangkhan44</a>",90,8,51.421,1,2,17,0,588.8,33.6,0.6,0.2
"<a href=""https://tiktok.com/@qv6viu0ex0"" target=""_blank"">@qv6viu0ex0</a>",122,4,49.545,1,2,22,0,478.25,20.5,1.25,0.75
"<a href=""https://tiktok.com/@qwer35064"" target=""_blank"">@qwer35064</a>",73,8,71.345,0.963,3,31,0,2473.5,37.625,0.625,0
"<a href=""https://tiktok.com/@r.f.f.f..e"" target=""_blank"">@r.f.f.f..e</a>",71,7,54.321,1,2,19,0,4541.143,234.857,1,10.143
"<a href=""https://tiktok.com/@raymo.bricek"" target=""_blank"">@raymo.bricek</a>",22,4,61.607,1,2,15,0,30602.6,751.4,1.2,3.2
"<a href=""https://tiktok.com/@rdfhjj0"" target=""_blank"">@rdfhjj0</a>",50,6,50.625,1,2,20,0,1508,91.833,1,0.667
"<a href=""https://tiktok.com/@reddffggt"" target=""_blank"">@reddffggt</a>",43,6,56.787,0.915,3,32,0,894.167,42.333,0.333,0
"<a href=""https://tiktok.com/@reddit_allen5"" target=""_blank"">@reddit_allen5</a>",31,6,21.394,0.911,7,123,0,807.833,51.833,0.833,0
"<a href=""https://tiktok.com/@reddit_gavin76"" target=""_blank"">@reddit_gavin76</a>",163,3,101,1,1,7,0,106.333,0.667,0,0
"<a href=""https://tiktok.com/@reddit_grayson99"" target=""_blank"">@reddit_grayson99</a>",31,12,19.961,0.993,7,195,0,984.333,82.167,0.25,0.583
"<a href=""https://tiktok.com/@reddit_ignatius8"" target=""_blank"">@reddit_ignatius8</a>",54,11,77.897,1,1,29,0,34089.909,581.727,35.545,46.455
"<a href=""https://tiktok.com/@reimer.bobst"" target=""_blank"">@reimer.bobst</a>",73,8,36.771,1,2,17,0,4701.125,60.125,1,1.5
"<a href=""https://tiktok.com/@reush5"" target=""_blank"">@reush5</a>",95,8,79.375,0.667,1,8,0,1906.375,131,1.625,13.375
"<a href=""https://tiktok.com/@rohingyao"" target=""_blank"">@rohingyao</a>",11,8,58.762,1,3,22,0,2000.375,77.375,2,1
"<a href=""https://tiktok.com/@rrntjd3"" target=""_blank"">@rrntjd3</a>",134,7,63,1,1,7,0,1204.25,31.75,1.125,0.25
"<a href=""https://tiktok.com/@rtikb3"" target=""_blank"">@rtikb3</a>",50,6,57.562,0.944,3,25,0,18590.833,877.5,6.333,11
"<a href=""https://tiktok.com/@rucdc143"" target=""_blank"">@rucdc143</a>",100,6,50.463,0.861,3,26,0,1506.833,72.667,1,1
"<a href=""https://tiktok.com/@rusrsuy"" target=""_blank"">@rusrsuy</a>",71,6,52.25,0.952,6,52,0,9858.375,221.375,5.875,6.375
"<a href=""https://tiktok.com/@ryllskaya.reddit"" target=""_blank"">@ryllskaya.reddit</a>",9,6,79.375,1,1,8,0,1214.333,153.5,1.667,1.167
"<a href=""https://tiktok.com/@ryllskayaqing"" target=""_blank"">@ryllskayaqing</a>",9,6,58.571,0.857,1,7,0,1869.667,115.833,1,0.667
"<a href=""https://tiktok.com/@s_heise214"" target=""_blank"">@s_heise214</a>",84,7,36.5,1,1,8,0,1255.875,102.125,0.75,0.25
"<a href=""https://tiktok.com/@scafhwufeao47"" target=""_blank"">@scafhwufeao47</a>",75,7,25.25,1,1,8,0,309262.714,13385.857,79.429,227.429
"<a href=""https://tiktok.com/@sdff13458"" target=""_blank"">@sdff13458</a>",51,6,59.107,1,2,15,0,708.333,35,0.333,0.667
"<a href=""https://tiktok.com/@segji2"" target=""_blank"">@segji2</a>",51,6,71.571,1,3,23,0,1556.833,93.167,3,0.667
"<a href=""https://tiktok.com/@seile.rian"" target=""_blank"">@seile.rian</a>",13,7,71,0.857,1,8,0,1687.714,46.857,0.571,0.857
"<a href=""https://tiktok.com/@sfagnd"" target=""_blank"">@sfagnd</a>",51,6,54.125,1,2,16,0,1403.667,108.333,1.667,1.333
"<a href=""https://tiktok.com/@shallownuckoles51"" target=""_blank"">@shallownuckoles51</a>",76,3,54.218,0.933,3,26,0,2275,30.333,6,0
"<a href=""https://tiktok.com/@sharemusic48"" target=""_blank"">@sharemusic48</a>",103,9,38.778,1,1,27,0,1590.083,35.583,1.417,0.25
"<a href=""https://tiktok.com/@sharleen.howard"" target=""_blank"">@sharleen.howard</a>",5,4,27,1,1,7,0,1386.25,113.25,2.25,0
"<a href=""https://tiktok.com/@shbsdd2"" target=""_blank"">@shbsdd2</a>",54,11,77.897,1,1,29,0,2540,66.364,4.818,2.727
"<a href=""https://tiktok.com/@sijh37"" target=""_blank"">@sijh37</a>",15,11,63.929,0.778,8,115,0,3499.833,102.167,0.667,1.75
"<a href=""https://tiktok.com/@sjyzm173"" target=""_blank"">@sjyzm173</a>",75,6,25.25,1,1,8,0,4664.167,123,0.167,0.333
"<a href=""https://tiktok.com/@sjyzm209"" target=""_blank"">@sjyzm209</a>",73,8,52.975,1,4,39,0,1523,77.5,0.875,0.25
"<a href=""https://tiktok.com/@sjyzm286"" target=""_blank"">@sjyzm286</a>",74,7,80.032,0.774,2,16,0,1947.286,95,1.286,0.429
"<a href=""https://tiktok.com/@skylar.phakedfg13"" target=""_blank"">@skylar.phakedfg13</a>",155,6,71.4,0.857,1,10,0,8421,143.5,6.167,14
"<a href=""https://tiktok.com/@skylar.phaky1954"" target=""_blank"">@skylar.phaky1954</a>",149,8,56.875,1,2,18,0,2380.875,52.75,1.5,1.75
"<a href=""https://tiktok.com/@slcgeey983"" target=""_blank"">@slcgeey983</a>",152,7,42.667,1,1,9,0,1916.286,144.571,1.714,5.429
"<a href=""https://tiktok.com/@speakingspeak.464"" target=""_blank"">@speakingspeak.464</a>",72,8,38.533,0.909,1,15,0,922.375,68.625,0,0.5
"<a href=""https://tiktok.com/@srjmfsgxx1"" target=""_blank"">@srjmfsgxx1</a>",44,3,45.125,1,1,8,0,243.875,4.75,0,0
"<a href=""https://tiktok.com/@stemmermanthobbs"" target=""_blank"">@stemmermanthobbs</a>",73,8,50.612,0.972,4,38,0,861.25,92.5,1.375,0.5
"<a href=""https://tiktok.com/@stfsma.syhjbg"" target=""_blank"">@stfsma.syhjbg</a>",158,3,42.905,0.8,3,21,0,737.667,28.333,0.333,0
"<a href=""https://tiktok.com/@stien.lindag"" target=""_blank"">@stien.lindag</a>",23,9,63.152,0.792,2,15,0,1124,94.556,0.667,0
"<a href=""https://tiktok.com/@stoyouh"" target=""_blank"">@stoyouh</a>",11,7,65.524,1,4,32,0,2872.571,116.286,1.571,14
"<a href=""https://tiktok.com/@sush0240"" target=""_blank"">@sush0240</a>",130,9,9.556,1,1,9,0,910.667,36.889,1.667,0.556
"<a href=""https://tiktok.com/@syywhue5w7"" target=""_blank"">@syywhue5w7</a>",122,4,47.227,1,2,22,0,279.25,9.5,0.25,0
"<a href=""https://tiktok.com/@taachh6"" target=""_blank"">@taachh6</a>",69,13,49.447,0.906,13,170,0,1177.769,64.385,1.846,1
"<a href=""https://tiktok.com/@tadgj3"" target=""_blank"">@tadgj3</a>",142,4,40.286,0.75,1,7,0,1573,94.143,1.286,2.143
"<a href=""https://tiktok.com/@tdxhj38"" target=""_blank"">@tdxhj38</a>",69,12,50.209,0.862,13,161,0,1800.733,67.667,1.067,8
"<a href=""https://tiktok.com/@tdzch1"" target=""_blank"">@tdzch1</a>",69,9,38.921,0.926,9,127,0,815.25,87.25,1.167,2
"<a href=""https://tiktok.com/@tedfh30"" target=""_blank"">@tedfh30</a>",69,3,48.873,0.886,7,63,0,16486.667,561,16.667,10
"<a href=""https://tiktok.com/@tedsu529"" target=""_blank"">@tedsu529</a>",79,4,63.5,1,1,8,0,12781,53.1,1.1,1.7
"<a href=""https://tiktok.com/@tessh95"" target=""_blank"">@tessh95</a>",50,6,53.696,1,4,31,0,12321.667,581.5,5.667,11.833
"<a href=""https://tiktok.com/@texbjo"" target=""_blank"">@texbjo</a>",53,6,41.667,1,1,9,0,310.5,19.333,0.167,0
"<a href=""https://tiktok.com/@tffyib"" target=""_blank"">@tffyib</a>",98,3,101.833,1,2,18,0,300.333,12,0,0.333
"<a href=""https://tiktok.com/@tfvgjdh"" target=""_blank"">@tfvgjdh</a>",104,3,52.833,0.8,4,36,0,3484.667,76.667,0.333,2.667
"<a href=""https://tiktok.com/@thanglinh56"" target=""_blank"">@thanglinh56</a>",73,8,30.4,1,1,10,0,3491,79.125,0.375,0.875
"<a href=""https://tiktok.com/@thanhinhnguyen414"" target=""_blank"">@thanhinhnguyen414</a>",91,6,57.152,0.905,3,27,0,965.833,56,0.167,0
"<a href=""https://tiktok.com/@thienle4369"" target=""_blank"">@thienle4369</a>",14,8,59.67,0.911,3,28,0,1678,44,0.375,1.25
"<a href=""https://tiktok.com/@thuc.nguyen2010"" target=""_blank"">@thuc.nguyen2010</a>",15,11,63.574,0.802,8,94,0,2111.091,81.091,1.091,2.455
"<a href=""https://tiktok.com/@tidt55"" target=""_blank"">@tidt55</a>",71,6,54.214,1,2,15,0,4885.333,257,0.5,1.833
"<a href=""https://tiktok.com/@tigde25"" target=""_blank"">@tigde25</a>",69,11,49.503,0.964,8,93,0,741.25,50.5,0.25,0.333
"<a href=""https://tiktok.com/@tijf9855"" target=""_blank"">@tijf9855</a>",129,9,19.095,1,2,16,0,1480.222,78.556,1,0.889
"<a href=""https://tiktok.com/@tiut0219"" target=""_blank"">@tiut0219</a>",136,5,91.667,1,1,12,0,660.8,61.6,0.8,0.2
"<a href=""https://tiktok.com/@to24123"" target=""_blank"">@to24123</a>",71,8,52.304,0.976,6,58,0,2839.75,86.125,0,1.875
"<a href=""https://tiktok.com/@toiyy5"" target=""_blank"">@toiyy5</a>",50,6,51.5,1,2,16,0,971,59,0.333,1.167
"<a href=""https://tiktok.com/@tomfggy"" target=""_blank"">@tomfggy</a>",159,7,42.5,1,1,8,0,3707.714,198.714,3.857,1
"<a href=""https://tiktok.com/@tomfghshs"" target=""_blank"">@tomfghshs</a>",159,6,42.5,1,1,8,0,2302.444,160.667,1.778,0.444
"<a href=""https://tiktok.com/@tsdgg5"" target=""_blank"">@tsdgg5</a>",69,12,51.843,0.934,9,138,0,724.917,50.583,1.083,1.417
"<a href=""https://tiktok.com/@tsdhj1"" target=""_blank"">@tsdhj1</a>",69,12,52.69,0.897,13,214,0,755.5,64.833,0.75,2.083
"<a href=""https://tiktok.com/@tsfh8353"" target=""_blank"">@tsfh8353</a>",126,12,31.455,1,1,11,0,863.643,59.571,1.071,1.071
"<a href=""https://tiktok.com/@tsnck2188"" target=""_blank"">@tsnck2188</a>",40,4,69.5,1,1,8,0,1327,94,0.5,0.5
"<a href=""https://tiktok.com/@tsusig7"" target=""_blank"">@tsusig7</a>",71,6,48.706,0.952,3,30,0,4703.143,125.286,1.714,4.857
"<a href=""https://tiktok.com/@ttgskn"" target=""_blank"">@ttgskn</a>",135,8,47.429,1,1,7,0,745.875,16,0.75,0.25
"<a href=""https://tiktok.com/@tuanhanhkhuat"" target=""_blank"">@tuanhanhkhuat</a>",76,3,50.667,1,2,18,0,440,18.667,0.333,0
"<a href=""https://tiktok.com/@tug35587"" target=""_blank"">@tug35587</a>",50,4,56.875,1,2,16,0,12466.5,476.75,1.25,8
"<a href=""https://tiktok.com/@tuyen.nguyen5316"" target=""_blank"">@tuyen.nguyen5316</a>",14,6,57.854,0.905,3,25,0,1251.5,35,1,1.833
"<a href=""https://tiktok.com/@twkg9813"" target=""_blank"">@twkg9813</a>",132,11,50.786,1,3,57,0,759.091,57.636,1.545,0.818
"<a href=""https://tiktok.com/@twvs4521"" target=""_blank"">@twvs4521</a>",132,3,52.667,1,3,27,0,458,16,0,0
"<a href=""https://tiktok.com/@ty.rgjfeg149"" target=""_blank"">@ty.rgjfeg149</a>",92,5,41.25,1,1,8,0,1656.8,238.4,1,3.8
"<a href=""https://tiktok.com/@ubf084006c"" target=""_blank"">@ubf084006c</a>",2,4,55.446,0.917,2,15,0,1458.75,41.5,0.25,0
"<a href=""https://tiktok.com/@ufsc8075"" target=""_blank"">@ufsc8075</a>",137,3,45.333,1,1,9,0,970,101.667,0.333,0.667
"<a href=""https://tiktok.com/@ugghdrg"" target=""_blank"">@ugghdrg</a>",43,6,65.607,0.963,3,35,0,608.833,32.333,0.833,2.167
"<a href=""https://tiktok.com/@uhtqxwrx00"" target=""_blank"">@uhtqxwrx00</a>",144,4,42.367,1,3,30,0,29,0,0,0
"<a href=""https://tiktok.com/@umd274"" target=""_blank"">@umd274</a>",71,10,56,1,1,8,0,1939.1,121.6,0.7,1.1
"<a href=""https://tiktok.com/@uraf9163"" target=""_blank"">@uraf9163</a>",129,9,21.31,1,2,16,0,1202.889,58.111,0.556,0.556
"<a href=""https://tiktok.com/@urdu9708"" target=""_blank"">@urdu9708</a>",139,3,55.381,1,3,25,0,765.333,60.333,0.333,1
"<a href=""https://tiktok.com/@usbkjggb6819"" target=""_blank"">@usbkjggb6819</a>",56,7,87.857,1,1,7,0,1413.143,83.429,1,2.143
"<a href=""https://tiktok.com/@user1007309828197"" target=""_blank"">@user1007309828197</a>",110,9,47.955,0.859,3,52,0,2010,183.333,2.667,2.444
"<a href=""https://tiktok.com/@user1039975619594"" target=""_blank"">@user1039975619594</a>",99,9,50.27,0.9,3,48,0,1125.556,89.111,1.111,0.333
"<a href=""https://tiktok.com/@user1156572199971"" target=""_blank"">@user1156572199971</a>",104,3,58.423,0.84,5,39,0,403296.333,34897,95.333,112
"<a href=""https://tiktok.com/@user1161095302886"" target=""_blank"">@user1161095302886</a>",104,3,85.714,0.8,1,7,0,333.667,7.333,0,0.333
"<a href=""https://tiktok.com/@user1255526371487"" target=""_blank"">@user1255526371487</a>",64,3,52.946,1,3,23,0,6422.333,164,5.667,4.667
"<a href=""https://tiktok.com/@user16253007661390"" target=""_blank"">@user16253007661390</a>",161,5,30,1,1,8,0,3841.143,66,0.714,3.429
"<a href=""https://tiktok.com/@user16320049307920"" target=""_blank"">@user16320049307920</a>",63,3,62.476,0.933,3,23,0,78,0.333,0.333,0
"<a href=""https://tiktok.com/@user16909390140293"" target=""_blank"">@user16909390140293</a>",12,9,65.402,0.922,3,51,0,1186.889,31.333,0.556,1.222
"<a href=""https://tiktok.com/@user1900732876217"" target=""_blank"">@user1900732876217</a>",69,3,51.051,0.8,5,43,0,396.667,32.667,0.333,0
"<a href=""https://tiktok.com/@user19220826995477"" target=""_blank"">@user19220826995477</a>",160,4,43.875,1,1,8,0,1959.2,110,4.6,2.4
"<a href=""https://tiktok.com/@user19741905385334"" target=""_blank"">@user19741905385334</a>",68,3,84.25,1,1,8,0,449876,84852.333,99.333,2489.333
"<a href=""https://tiktok.com/@user2391561052042"" target=""_blank"">@user2391561052042</a>",100,6,37.147,0.944,3,26,0,621.833,15.333,0.5,0
"<a href=""https://tiktok.com/@user2468834181315"" target=""_blank"">@user2468834181315</a>",63,3,50.412,1,4,32,0,5806,105,5,2
"<a href=""https://tiktok.com/@user2554161395053"" target=""_blank"">@user2554161395053</a>",99,9,45.275,0.952,3,46,0,656,19.889,0.667,0
"<a href=""https://tiktok.com/@user2810315813972"" target=""_blank"">@user2810315813972</a>",19,7,55.111,0.889,1,9,0,19817.857,174.143,6.429,0.857
"<a href=""https://tiktok.com/@user28115831310981"" target=""_blank"">@user28115831310981</a>",69,14,50.91,0.842,15,203,0,647.286,36.571,0.571,2.071
"<a href=""https://tiktok.com/@user2886235262248"" target=""_blank"">@user2886235262248</a>",69,3,43.127,0.943,7,63,0,94876,6649,13,543.333
"<a href=""https://tiktok.com/@user2903556969068"" target=""_blank"">@user2903556969068</a>",7,4,54.619,1,3,23,0,2187.5,51.25,0.5,2.25
"<a href=""https://tiktok.com/@user2918148015320"" target=""_blank"">@user2918148015320</a>",114,4,76.25,1,1,8,0,362.75,20.25,0,0
"<a href=""https://tiktok.com/@user2920462956526"" target=""_blank"">@user2920462956526</a>",7,4,50.564,1,5,37,0,13119.25,117.25,1.25,8.5
"<a href=""https://tiktok.com/@user30754046928858"" target=""_blank"">@user30754046928858</a>",111,4,95.75,1,1,8,0,1050.5,91,1,1.5
"<a href=""https://tiktok.com/@user3154950400581"" target=""_blank"">@user3154950400581</a>",19,7,67.829,0.892,5,40,0,1121.286,82.143,0.714,0.143
"<a href=""https://tiktok.com/@user3310281972692"" target=""_blank"">@user3310281972692</a>",103,9,38.778,1,1,27,0,4348.133,40.333,0.533,0.533
"<a href=""https://tiktok.com/@user3347942152803"" target=""_blank"">@user3347942152803</a>",8,6,45,1,1,7,0,8374,73.571,0.857,6.143
"<a href=""https://tiktok.com/@user33539405804153"" target=""_blank"">@user33539405804153</a>",71,8,61.25,1,3,24,0,2886.625,89.5,0,0.25
"<a href=""https://tiktok.com/@user3357615163181"" target=""_blank"">@user3357615163181</a>",16,7,62.1,0.778,1,10,0,1465.364,109.545,1.273,0.182
"<a href=""https://tiktok.com/@user3436197788624"" target=""_blank"">@user3436197788624</a>",15,9,64.398,0.873,4,56,0,2154.778,92.333,2.111,0.556
"<a href=""https://tiktok.com/@user35122869807532"" target=""_blank"">@user35122869807532</a>",63,3,45.53,1,4,32,0,112,0,0.333,0
"<a href=""https://tiktok.com/@user386963311513"" target=""_blank"">@user386963311513</a>",7,4,74.114,1,5,35,0,2105.75,47,0.5,2
"<a href=""https://tiktok.com/@user3907058774305"" target=""_blank"">@user3907058774305</a>",56,6,87.857,1,1,7,0,2119.167,113.5,1.5,3.333
"<a href=""https://tiktok.com/@user3990760818150"" target=""_blank"">@user3990760818150</a>",100,6,56.333,0.857,2,18,0,761.833,28.333,1,1.5
"<a href=""https://tiktok.com/@user4043220424688"" target=""_blank"">@user4043220424688</a>",30,3,64,0.75,1,7,0,795.5,34.5,3.25,3
"<a href=""https://tiktok.com/@user4102790732505"" target=""_blank"">@user4102790732505</a>",99,8,51.9,0.9,1,20,0,1840.25,51,1,0.375
"<a href=""https://tiktok.com/@user4140181722425"" target=""_blank"">@user4140181722425</a>",42,5,48.429,1,1,7,0,1112.8,93.4,0.4,1
"<a href=""https://tiktok.com/@user42611206700034"" target=""_blank"">@user42611206700034</a>",42,7,54.564,0.944,2,17,0,890.778,47.667,0.889,0.333
"<a href=""https://tiktok.com/@user4360759074610"" target=""_blank"">@user4360759074610</a>",65,3,43.929,1,2,15,0,181,4.333,0.333,0.333
"<a href=""https://tiktok.com/@user4369950832570"" target=""_blank"">@user4369950832570</a>",151,5,59.25,0.667,1,8,0,33691,2288.4,20.6,190.8
"<a href=""https://tiktok.com/@user448134725471"" target=""_blank"">@user448134725471</a>",64,3,47.75,1,2,16,0,54.667,0.333,0,0
"<a href=""https://tiktok.com/@user4681663121155"" target=""_blank"">@user4681663121155</a>",110,4,18.778,1,1,9,0,2220.6,32.7,0.1,1.4
"<a href=""https://tiktok.com/@user4777506159561"" target=""_blank"">@user4777506159561</a>",114,4,76.25,1,1,8,0,1362.75,52.5,0,1.25
"<a href=""https://tiktok.com/@user4781536003948"" target=""_blank"">@user4781536003948</a>",63,3,57.486,1,5,43,0,418.667,6,0.333,0
"<a href=""https://tiktok.com/@user4783763083336"" target=""_blank"">@user4783763083336</a>",104,4,44.643,0.8,2,15,0,4330.5,62.75,1,2
"<a href=""https://tiktok.com/@user4910978194451"" target=""_blank"">@user4910978194451</a>",108,4,35,1,1,8,0,4435.5,73.25,0.25,4.25
"<a href=""https://tiktok.com/@user50509800722347"" target=""_blank"">@user50509800722347</a>",147,3,55.667,0.8,1,9,0,2461.667,73.333,0.333,0
"<a href=""https://tiktok.com/@user5181069721196"" target=""_blank"">@user5181069721196</a>",107,3,65.067,0.96,5,45,0,791,55,0,0
"<a href=""https://tiktok.com/@user5182706377687"" target=""_blank"">@user5182706377687</a>",104,3,62.83,0.9,4,32,0,10093,155.333,0.333,13.667
"<a href=""https://tiktok.com/@user53220988591844"" target=""_blank"">@user53220988591844</a>",76,3,55.593,0.933,3,27,0,927.667,91,0.333,0.333
"<a href=""https://tiktok.com/@user55029855976770"" target=""_blank"">@user55029855976770</a>",99,7,50.567,0.777,4,45,0,2097.143,55,0.429,0.143
"<a href=""https://tiktok.com/@user554097349949"" target=""_blank"">@user554097349949</a>",97,8,50.429,0.875,1,14,0,738.625,43.875,0.5,1.875
"<a href=""https://tiktok.com/@user555247950094"" target=""_blank"">@user555247950094</a>",119,3,55.333,1,1,9,0,380.667,8.333,0,0.333
"<a href=""https://tiktok.com/@user5831942911597"" target=""_blank"">@user5831942911597</a>",71,9,48.759,1,3,25,0,4386.556,149.667,0.556,0.889
"<a href=""https://tiktok.com/@user5856382575116"" target=""_blank"">@user5856382575116</a>",93,4,57.714,1,1,7,0,3692,183.75,1.25,1.75
"<a href=""https://tiktok.com/@user5872497774978"" target=""_blank"">@user5872497774978</a>",63,3,52.233,1,5,41,0,185,3.333,0,0
"<a href=""https://tiktok.com/@user60273137121423"" target=""_blank"">@user60273137121423</a>",106,3,54.214,1,2,16,0,65548.333,1953.667,5.333,32
"<a href=""https://tiktok.com/@user6100349282272"" target=""_blank"">@user6100349282272</a>",71,8,46.489,0.952,3,30,0,1929.375,271,6.625,15
"<a href=""https://tiktok.com/@user61165494628858"" target=""_blank"">@user61165494628858</a>",69,15,52.104,0.936,13,191,0,1916.533,112.2,1.467,6.133
"<a href=""https://tiktok.com/@user6157271850686"" target=""_blank"">@user6157271850686</a>",64,3,45.188,1,2,16,0,454,2,0,0
"<a href=""https://tiktok.com/@user6186701630842"" target=""_blank"">@user6186701630842</a>",7,4,62.143,1,3,21,0,1600.25,34.75,0.75,0.75
"<a href=""https://tiktok.com/@user6217574500806"" target=""_blank"">@user6217574500806</a>",66,4,37.5,1,2,16,0,4564.5,174.5,0.75,4.5
"<a href=""https://tiktok.com/@user65081562236103"" target=""_blank"">@user65081562236103</a>",63,3,53.054,0.96,5,41,0,7058,198,1.667,5.333
"<a href=""https://tiktok.com/@user68356911128363"" target=""_blank"">@user68356911128363</a>",99,7,43.4,0.917,3,33,0,2159.714,62.571,4.286,1
"<a href=""https://tiktok.com/@user6876379394172"" target=""_blank"">@user6876379394172</a>",117,4,79.75,1,1,8,0,1083.75,120.75,1.25,2.25
"<a href=""https://tiktok.com/@user6877629356679"" target=""_blank"">@user6877629356679</a>",104,3,55.44,0.85,4,30,0,6967.333,165.333,2.667,6.667
"<a href=""https://tiktok.com/@user69293280862328"" target=""_blank"">@user69293280862328</a>",112,3,21.278,1,2,18,0,1589.667,58,0,0
"<a href=""https://tiktok.com/@user7080026610324"" target=""_blank"">@user7080026610324</a>",19,7,54.469,0.947,4,39,0,1600.143,71,2,3.143
"<a href=""https://tiktok.com/@user70881536659856"" target=""_blank"">@user70881536659856</a>",64,3,63.17,1,2,15,0,179.333,3.333,0,0.333
"<a href=""https://tiktok.com/@user7228045466508"" target=""_blank"">@user7228045466508</a>",113,4,59.714,1,1,7,0,311,15.5,0.25,0.25
"<a href=""https://tiktok.com/@user7285945563907"" target=""_blank"">@user7285945563907</a>",16,7,62.1,0.778,1,10,0,3295.167,68.667,0.667,2.083
"<a href=""https://tiktok.com/@user7361651570203"" target=""_blank"">@user7361651570203</a>",7,4,63,1,2,14,0,3859,57.5,3.75,17
"<a href=""https://tiktok.com/@user7605976152392"" target=""_blank"">@user7605976152392</a>",5,4,49.714,1,2,14,0,1731.25,120.75,0.25,1.75
"<a href=""https://tiktok.com/@user7876001821495"" target=""_blank"">@user7876001821495</a>",67,3,86.333,1,1,9,0,504.667,37.667,0.333,0.333
"<a href=""https://tiktok.com/@user8139270203315"" target=""_blank"">@user8139270203315</a>",69,12,51.249,0.882,11,125,0,654.417,38.167,0.417,0.333
"<a href=""https://tiktok.com/@user82404835347276"" target=""_blank"">@user82404835347276</a>",94,5,63,1,1,7,0,1723.6,101.6,0.8,2.4
"<a href=""https://tiktok.com/@user8290754088115"" target=""_blank"">@user8290754088115</a>",101,6,48.105,0.958,3,37,0,422.667,10.833,0.5,0
"<a href=""https://tiktok.com/@user83833950583517"" target=""_blank"">@user83833950583517</a>",41,3,51,1,1,8,0,1471.2,34,0.2,0
"<a href=""https://tiktok.com/@user8394813160593"" target=""_blank"">@user8394813160593</a>",100,6,51.333,1,1,9,0,1125.833,38.833,2,0.5
"<a href=""https://tiktok.com/@user85244619549900"" target=""_blank"">@user85244619549900</a>",99,9,55.075,0.85,2,28,0,1935.778,66.222,0.889,0.111
"<a href=""https://tiktok.com/@user8609661088144"" target=""_blank"">@user8609661088144</a>",119,3,55.333,1,1,9,0,29,0.667,0,0
"<a href=""https://tiktok.com/@user874052771961"" target=""_blank"">@user874052771961</a>",64,3,58.625,1,1,8,0,3088,33,3,0.667
"<a href=""https://tiktok.com/@user8794483655797"" target=""_blank"">@user8794483655797</a>",7,4,46.438,1,4,30,0,1546.75,39,0.25,1.75
"<a href=""https://tiktok.com/@user91195471332825"" target=""_blank"">@user91195471332825</a>",65,3,48.812,1,2,16,0,428.333,12,0.333,0
"<a href=""https://tiktok.com/@user912912668723"" target=""_blank"">@user912912668723</a>",65,3,45.741,1,2,15,0,175.333,3,0,1
"<a href=""https://tiktok.com/@user912929975401"" target=""_blank"">@user912929975401</a>",66,6,52.667,1,3,24,0,1466.333,65.333,3,0.667
"<a href=""https://tiktok.com/@user918416806877"" target=""_blank"">@user918416806877</a>",71,9,49.561,0.958,3,31,0,2472.667,105.444,0.111,1
"<a href=""https://tiktok.com/@user92374833759676"" target=""_blank"">@user92374833759676</a>",57,6,81.857,1,1,7,0,1538,73.833,1.333,2
"<a href=""https://tiktok.com/@user95999294976194"" target=""_blank"">@user95999294976194</a>",69,3,42.747,0.9,4,35,0,1012,55,0,2.667
"<a href=""https://tiktok.com/@user9611218681309"" target=""_blank"">@user9611218681309</a>",66,4,34.5,1,1,8,0,1112.5,98.25,1.25,7.75
"<a href=""https://tiktok.com/@user96122167753030"" target=""_blank"">@user96122167753030</a>",109,3,48.234,0.788,4,32,0,15637,314.333,0,12.333
"<a href=""https://tiktok.com/@user98508483231828"" target=""_blank"">@user98508483231828</a>",100,7,64.364,0.944,3,27,0,2717.286,72,3.143,1.429
"<a href=""https://tiktok.com/@usernamer02023"" target=""_blank"">@usernamer02023</a>",61,6,62.091,0.833,1,11,0,5256.733,439.867,22.667,4.133
"<a href=""https://tiktok.com/@usernamer0205"" target=""_blank"">@usernamer0205</a>",61,6,52.222,0.833,1,9,0,37713.643,1755.143,32.143,15.357
"<a href=""https://tiktok.com/@usixidbd"" target=""_blank"">@usixidbd</a>",58,6,67.571,1,1,7,0,174458.5,3438.5,48.667,42.167
"<a href=""https://tiktok.com/@usuwifg"" target=""_blank"">@usuwifg</a>",24,5,92.5,1,1,8,0,1212.6,118.6,0.8,0.8
"<a href=""https://tiktok.com/@uxngkjsv25"" target=""_blank"">@uxngkjsv25</a>",144,4,43.504,1,3,29,0,1946,26,0.25,0.25
"<a href=""https://tiktok.com/@uxqklfyzt4"" target=""_blank"">@uxqklfyzt4</a>",144,4,41.237,1,3,29,0,36.5,1,0,0
"<a href=""https://tiktok.com/@vaigg0"" target=""_blank"">@vaigg0</a>",19,7,57.4,0.929,2,17,0,1652,151.429,3.429,6.571
"<a href=""https://tiktok.com/@vdysj116"" target=""_blank"">@vdysj116</a>",79,6,63.5,1,1,8,0,913,59.6,0.7,2.2
"<a href=""https://tiktok.com/@veisf135"" target=""_blank"">@veisf135</a>",86,4,36.857,1,1,7,0,817,104.25,0.25,0.25
"<a href=""https://tiktok.com/@vendmdnbmmff3"" target=""_blank"">@vendmdnbmmff3</a>",49,7,52.889,1,1,9,0,9817.125,223.25,7.375,86.75
"<a href=""https://tiktok.com/@verso1770"" target=""_blank"">@verso1770</a>",86,5,36.857,1,1,7,0,1675.8,124.6,1.6,0.4
"<a href=""https://tiktok.com/@veysa891"" target=""_blank"">@veysa891</a>",80,14,73.065,0.9,2,30,0,5512.389,54.5,1.056,2.722
"<a href=""https://tiktok.com/@veysj321"" target=""_blank"">@veysj321</a>",85,6,57.1,0.857,1,10,0,1919.571,113.286,0.857,0.429
"<a href=""https://tiktok.com/@vigddvj"" target=""_blank"">@vigddvj</a>",154,7,44.625,1,2,18,0,9192.714,279.857,13.571,23.571
"<a href=""https://tiktok.com/@vitsu.alec1"" target=""_blank"">@vitsu.alec1</a>",13,5,71,0.857,1,8,0,1663.2,58.4,1,0.8
"<a href=""https://tiktok.com/@vjed.dyay"" target=""_blank"">@vjed.dyay</a>",57,5,81.857,1,1,7,0,1418.8,92.8,1.4,0.4
"<a href=""https://tiktok.com/@vnagg6"" target=""_blank"">@vnagg6</a>",70,3,79,1,1,9,0,1039.667,42,0.333,1
"<a href=""https://tiktok.com/@voie3340"" target=""_blank"">@voie3340</a>",139,3,56.667,1,3,27,0,984.333,89.667,0.333,1.333
"<a href=""https://tiktok.com/@watkiwsv6dd"" target=""_blank"">@watkiwsv6dd</a>",143,4,47.05,1,2,20,0,383.75,0.25,0,0
"<a href=""https://tiktok.com/@weck01"" target=""_blank"">@weck01</a>",11,6,54.339,0.917,2,15,0,4462,130.333,3.5,6.5
"<a href=""https://tiktok.com/@wert2992"" target=""_blank"">@wert2992</a>",131,8,10,1,1,8,0,2949.778,89.556,2.333,2.333
"<a href=""https://tiktok.com/@wiqg8225"" target=""_blank"">@wiqg8225</a>",128,8,42,1,1,13,0,684.583,79.083,0.333,1.333
"<a href=""https://tiktok.com/@wive0570"" target=""_blank"">@wive0570</a>",133,10,14.556,1,1,9,0,1826.2,80.733,0.8,0.867
"<a href=""https://tiktok.com/@wmqdmn"" target=""_blank"">@wmqdmn</a>",100,6,40.238,0.905,3,25,0,25154,746.833,6,18.5
"<a href=""https://tiktok.com/@wnsao4288"" target=""_blank"">@wnsao4288</a>",36,4,51.25,1,1,8,0,894.5,25.5,0,0
"<a href=""https://tiktok.com/@wove1579"" target=""_blank"">@wove1579</a>",132,8,53.227,0.896,3,51,0,267.7,4.9,0,0
"<a href=""https://tiktok.com/@wss0307"" target=""_blank"">@wss0307</a>",45,3,66.768,0.9,2,15,0,2050,141.667,0.333,0
"<a href=""https://tiktok.com/@wss0372"" target=""_blank"">@wss0372</a>",46,3,77.571,0.8,1,7,0,2074.333,236.667,0,0.667
"<a href=""https://tiktok.com/@wudibawang172"" target=""_blank"">@wudibawang172</a>",46,3,77.571,0.8,1,7,0,64256.667,3923.333,59,72.333
"<a href=""https://tiktok.com/@x6grqe2lc8"" target=""_blank"">@x6grqe2lc8</a>",145,3,34.278,1,2,18,0,217.667,11.667,0,0
"<a href=""https://tiktok.com/@xbnrp3166"" target=""_blank"">@xbnrp3166</a>",38,4,81.857,1,1,7,0,793.5,35.75,0.25,0
"<a href=""https://tiktok.com/@xchinaqueen1"" target=""_blank"">@xchinaqueen1</a>",21,5,102.2,1,1,10,0,424.722,54.944,3.333,0.778
"<a href=""https://tiktok.com/@xchinaqueen5"" target=""_blank"">@xchinaqueen5</a>",21,7,97.656,0.9,2,24,0,180.75,16.688,1.062,0.75
"<a href=""https://tiktok.com/@xchinaqueen6"" target=""_blank"">@xchinaqueen6</a>",21,5,100.616,1,2,15,0,609.6,42.9,3.5,1.4
"<a href=""https://tiktok.com/@xchinaqueen8"" target=""_blank"">@xchinaqueen8</a>",21,3,98.857,1,1,7,0,247.071,36.071,2.071,0.643
"<a href=""https://tiktok.com/@xiahoudun152"" target=""_blank"">@xiahoudun152</a>",80,12,55.13,1,1,23,0,3784.5,47.5,0.929,2.643
"<a href=""https://tiktok.com/@xiaotuzi215"" target=""_blank"">@xiaotuzi215</a>",90,6,55.696,1,2,15,0,1490.333,72.5,0.667,0.833
"<a href=""https://tiktok.com/@xiaoyuan4777"" target=""_blank"">@xiaoyuan4777</a>",100,4,32.714,0.833,1,7,0,727.75,24.5,0.5,0
"<a href=""https://tiktok.com/@xiaoyuan64"" target=""_blank"">@xiaoyuan64</a>",101,6,45.036,0.958,3,35,0,155066.833,5810,29.667,45.167
"<a href=""https://tiktok.com/@xiaoyuanyuan293"" target=""_blank"">@xiaoyuanyuan293</a>",101,6,35.081,0.963,3,35,0,4453.167,125.333,1.333,0.833
"<a href=""https://tiktok.com/@xiaoyuanyuan464"" target=""_blank"">@xiaoyuanyuan464</a>",100,6,41.95,0.896,4,32,0,732,27.167,1.333,0.5
"<a href=""https://tiktok.com/@xingyun315"" target=""_blank"">@xingyun315</a>",45,3,74.286,0.8,1,7,0,1347,153.667,2.333,1
"<a href=""https://tiktok.com/@xinying2511"" target=""_blank"">@xinying2511</a>",102,3,77.778,0.8,1,9,0,456.333,20.333,0.667,0.333
"<a href=""https://tiktok.com/@xu87422"" target=""_blank"">@xu87422</a>",110,9,54.09,0.936,3,48,0,3820.25,131.667,2.833,5.167
"<a href=""https://tiktok.com/@xuanyenvo450"" target=""_blank"">@xuanyenvo450</a>",77,3,63.625,0.8,1,8,0,326.667,25.333,0,0
"<a href=""https://tiktok.com/@xvnmh8"" target=""_blank"">@xvnmh8</a>",50,6,61.679,1,3,23,0,611,25.833,0.167,0.167
"<a href=""https://tiktok.com/@xx16682"" target=""_blank"">@xx16682</a>",2,4,51.571,1,1,7,0,585.25,18.5,0,0
"<a href=""https://tiktok.com/@xxii911"" target=""_blank"">@xxii911</a>",11,8,52.79,0.922,5,41,0,1942.125,109.5,3.125,0.875
"<a href=""https://tiktok.com/@ydegg179"" target=""_blank"">@ydegg179</a>",100,6,87,0.917,2,16,0,963.167,26.833,0.667,0.333
"<a href=""https://tiktok.com/@yfyd3444"" target=""_blank"">@yfyd3444</a>",71,8,64.464,1,2,15,0,9991.875,1529.75,214.125,517.625
"<a href=""https://tiktok.com/@yhdas"" target=""_blank"">@yhdas</a>",69,11,61.567,0.863,8,115,0,1481,55.273,2,2.364
"<a href=""https://tiktok.com/@yjzaiyxfg1"" target=""_blank"">@yjzaiyxfg1</a>",123,4,41.25,1,1,16,0,72,3.25,0,0
"<a href=""https://tiktok.com/@ykfre3"" target=""_blank"">@ykfre3</a>",142,9,52.249,0.85,4,51,0,1687.75,123.917,1.25,5.167
"<a href=""https://tiktok.com/@ykht6376ew"" target=""_blank"">@ykht6376ew</a>",120,10,16.143,1,1,7,0,2451.4,194.3,3.7,6.3
"<a href=""https://tiktok.com/@ykre61"" target=""_blank"">@ykre61</a>",69,11,69.189,0.874,6,73,0,1556.364,173.273,0.364,2.091
"<a href=""https://tiktok.com/@ymhr6933"" target=""_blank"">@ymhr6933</a>",129,7,22.071,1,2,14,0,1270.333,68.889,0.556,0.444
"<a href=""https://tiktok.com/@you55668"" target=""_blank"">@you55668</a>",10,6,53.778,0.875,1,9,0,1648.714,89.143,1.714,0.286
"<a href=""https://tiktok.com/@yourstoryttt"" target=""_blank"">@yourstoryttt</a>",10,6,53.778,0.875,1,9,0,1624.571,60.143,1.571,2.143
"<a href=""https://tiktok.com/@yrgh864"" target=""_blank"">@yrgh864</a>",112,3,18.611,1,2,18,0,895.333,107.667,0,0.333
"<a href=""https://tiktok.com/@ysishhd7"" target=""_blank"">@ysishhd7</a>",19,8,55.356,0.954,4,41,0,2327.625,132,3.125,8.25
"<a href=""https://tiktok.com/@ytrq8081"" target=""_blank"">@ytrq8081</a>",132,12,73.743,1,4,103,0,1108.167,87.5,0.667,0.833
"<a href=""https://tiktok.com/@yuroc2gvf1"" target=""_blank"">@yuroc2gvf1</a>",44,9,47.62,0.972,3,42,0,303.667,12.444,0,0.111
"<a href=""https://tiktok.com/@yvjkjb"" target=""_blank"">@yvjkjb</a>",106,3,40.429,1,1,7,0,6773.667,70.667,0,0
"<a href=""https://tiktok.com/@yyfd4781"" target=""_blank"">@yyfd4781</a>",127,9,14.429,1,1,7,0,408.25,21,0.25,0.167
"<a href=""https://tiktok.com/@yymaple424"" target=""_blank"">@yymaple424</a>",83,4,51,1,1,8,0,844,49.875,0.375,0.375
"<a href=""https://tiktok.com/@yyzy8740"" target=""_blank"">@yyzy8740</a>",124,8,41.25,1,1,8,0,837.727,30.545,0.091,0.091
"<a href=""https://tiktok.com/@zfdvyzb"" target=""_blank"">@zfdvyzb</a>",35,4,63,1,1,7,0,1082.25,33.75,1,0
"<a href=""https://tiktok.com/@zhijobal"" target=""_blank"">@zhijobal</a>",43,5,63.521,0.929,2,17,0,998,62.6,5.4,4
"<a href=""https://tiktok.com/@zhiuud974000"" target=""_blank"">@zhiuud974000</a>",6,4,56,1,1,7,0,2632.5,52,0.25,3.75
"<a href=""https://tiktok.com/@zsdx184"" target=""_blank"">@zsdx184</a>",15,7,64.706,0.849,6,69,0,1342.429,89.571,0.571,0.714
"<a href=""https://tiktok.com/@zvajuaa6x2"" target=""_blank"">@zvajuaa6x2</a>",144,4,43.367,1,3,30,0,88,0.5,0,0
"<a href=""https://tiktok.com/@zxvb736"" target=""_blank"">@zxvb736</a>",15,10,58.314,0.75,9,111,0,19449,260.1,1.9,7.1
