"Account","Network","Unique Shares","Avg Time Between Shares (sec)","Edge Symmetry Score","Degree","Strength","Betweenness","Avg Views","Avg Likes","Avg Comments","Avg Shares"
"<a href=""https://tiktok.com/@1qwdjjd"" target=""_blank"">@1qwdjjd</a>",94,5,42.876,0.923,4,40,0,1431,52.4,0.4,0
"<a href=""https://tiktok.com/@1yrogls"" target=""_blank"">@1yrogls</a>",86,4,47,1,3,24,0,8524.333,306.167,3.167,1.167
"<a href=""https://tiktok.com/@799ihgb"" target=""_blank"">@799ihgb</a>",37,6,58.875,0.857,1,8,0,1389,81.833,1.5,0.167
"<a href=""https://tiktok.com/@acsge1347"" target=""_blank"">@acsge1347</a>",88,3,31,0.933,3,27,0,51.333,0,0,0
"<a href=""https://tiktok.com/@aed0267"" target=""_blank"">@aed0267</a>",47,14,63.118,0.844,5,70,0,2642.714,92.5,0.429,0.5
"<a href=""https://tiktok.com/@aed2750"" target=""_blank"">@aed2750</a>",47,11,60.728,0.901,5,88,0,5827.545,99.364,1.091,2.727
"<a href=""https://tiktok.com/@aed3496"" target=""_blank"">@aed3496</a>",115,6,27.111,1,1,9,0,3618.75,52.5,2,0.5
"<a href=""https://tiktok.com/@aed7598"" target=""_blank"">@aed7598</a>",123,4,18.75,1,1,8,0,1003,57.75,1.25,0.25
"<a href=""https://tiktok.com/@aed7616"" target=""_blank"">@aed7616</a>",123,4,18.75,1,1,8,0,1494.5,87.5,1.25,0
"<a href=""https://tiktok.com/@aed7p4"" target=""_blank"">@aed7p4</a>",2,9,47.125,0.857,1,8,0,6276.111,146.111,3.667,2.333
"<a href=""https://tiktok.com/@aedfxthg"" target=""_blank"">@aedfxthg</a>",112,8,54.5,1,1,8,0,2397.111,51.556,2.778,4.778
"<a href=""https://tiktok.com/@aedgslpxjx"" target=""_blank"">@aedgslpxjx</a>",3,9,55.875,0.718,3,25,0,1321.111,37.889,0.444,0.333
"<a href=""https://tiktok.com/@aedhdici"" target=""_blank"">@aedhdici</a>",4,8,70.333,0.929,2,17,0,1208.5,52,1.625,0.375
"<a href=""https://tiktok.com/@aedhdjcoof"" target=""_blank"">@aedhdjcoof</a>",3,9,56.79,0.906,5,49,0,1689,186.889,1.667,3.667
"<a href=""https://tiktok.com/@aedjxpxodj"" target=""_blank"">@aedjxpxodj</a>",29,4,47.375,1,2,16,0,2193.25,149.5,1,0.5
"<a href=""https://tiktok.com/@aedvjdfjfj48528"" target=""_blank"">@aedvjdfjfj48528</a>",9,9,55.417,0.75,1,12,0,3024.222,76.222,2.111,7.222
"<a href=""https://tiktok.com/@aedyckctu"" target=""_blank"">@aedyckctu</a>",4,10,22.5,0.875,1,10,0,2004.2,81.5,0.5,1.6
"<a href=""https://tiktok.com/@ajiaie"" target=""_blank"">@ajiaie</a>",121,8,27.292,1,2,20,0,6303,146.75,1.625,3.125
"<a href=""https://tiktok.com/@akksdb4"" target=""_blank"">@akksdb4</a>",121,10,63.348,0.964,4,41,0,108679.7,6888.4,240.2,213.9
"<a href=""https://tiktok.com/@ale2r35"" target=""_blank"">@ale2r35</a>",19,7,35.8,0.875,1,10,0,1209.286,37.857,0.143,0.143
"<a href=""https://tiktok.com/@aleaa0249"" target=""_blank"">@aleaa0249</a>",19,5,63.06,0.944,3,26,0,349,14.8,0,0
"<a href=""https://tiktok.com/@alejkityuoo"" target=""_blank"">@alejkityuoo</a>",19,5,45.868,0.854,2,17,0,340.2,16.2,0,0
"<a href=""https://tiktok.com/@alfred.roberts5"" target=""_blank"">@alfred.roberts5</a>",100,4,27.75,1,1,8,0,7710,340.5,9.25,113.75
"<a href=""https://tiktok.com/@amazing_seeet120"" target=""_blank"">@amazing_seeet120</a>",50,6,33.167,1,1,12,0,185.556,9.556,0.833,0.111
"<a href=""https://tiktok.com/@amazinggirl_120"" target=""_blank"">@amazinggirl_120</a>",52,7,98.778,1,1,9,0,1056.647,110.647,6.176,6.588
"<a href=""https://tiktok.com/@amkgvx"" target=""_blank"">@amkgvx</a>",64,7,40.909,0.875,1,11,0,2461.9,34.2,4.4,1
"<a href=""https://tiktok.com/@ancmleilrbge"" target=""_blank"">@ancmleilrbge</a>",97,6,50.5,1,1,8,0,5353.833,133.667,3.667,1.5
"<a href=""https://tiktok.com/@anpebsaxgu9"" target=""_blank"">@anpebsaxgu9</a>",19,6,71.333,1,1,12,0,1543.667,51.333,0,0.333
"<a href=""https://tiktok.com/@anxmd2388"" target=""_blank"">@anxmd2388</a>",88,6,34.171,0.969,4,40,0,761.667,16.333,0,0
"<a href=""https://tiktok.com/@arffug"" target=""_blank"">@arffug</a>",124,15,61.943,0.94,7,97,0.001,709,18.867,0,0.2
"<a href=""https://tiktok.com/@aseng.haymong"" target=""_blank"">@aseng.haymong</a>",62,7,48.62,0.958,3,31,0,3136.222,92.444,1,1.778
"<a href=""https://tiktok.com/@avelina.asucen"" target=""_blank"">@avelina.asucen</a>",86,5,32.125,1,2,17,0,1027.2,62.4,0.4,0.6
"<a href=""https://tiktok.com/@awbe.nevx"" target=""_blank"">@awbe.nevx</a>",41,12,58.401,0.857,2,27,0,2876.5,28.214,1.286,7
"<a href=""https://tiktok.com/@awcc.jqhh"" target=""_blank"">@awcc.jqhh</a>",40,8,44.7,0.667,1,10,0,4336.333,60.667,1.667,2.333
"<a href=""https://tiktok.com/@awmilke"" target=""_blank"">@awmilke</a>",92,4,10.5,1,1,8,0,1021.25,69.75,0.75,1.25
"<a href=""https://tiktok.com/@axff.crys"" target=""_blank"">@axff.crys</a>",42,8,48.467,0.857,2,19,0,6725.875,50.75,0.375,21.375
"<a href=""https://tiktok.com/@ayden.riverad"" target=""_blank"">@ayden.riverad</a>",7,10,62.593,0.915,3,33,0,3546.3,157,2.9,2.4
"<a href=""https://tiktok.com/@bagge.hazelk"" target=""_blank"">@bagge.hazelk</a>",60,9,58.111,0.857,1,9,0,2014.111,92.333,0.333,3.333
"<a href=""https://tiktok.com/@bakaf3280"" target=""_blank"">@bakaf3280</a>",94,6,46.767,0.866,2,22,0,1849.667,123.833,0.167,0.167
"<a href=""https://tiktok.com/@baobaiwan888"" target=""_blank"">@baobaiwan888</a>",95,6,63.9,1,3,26,0,1617.5,65,2,0.333
"<a href=""https://tiktok.com/@baomeijing67"" target=""_blank"">@baomeijing67</a>",95,4,50,1,1,8,0,1073.5,48.25,1,2.25
"<a href=""https://tiktok.com/@battl.kray"" target=""_blank"">@battl.kray</a>",48,7,60.233,0.967,3,32,0,2256.143,58.857,0,0.286
"<a href=""https://tiktok.com/@baxor3828"" target=""_blank"">@baxor3828</a>",94,6,59.833,0.941,4,44,0,1838.833,86.5,0.167,0.333
"<a href=""https://tiktok.com/@bbjqnch"" target=""_blank"">@bbjqnch</a>",61,5,60.889,0.75,1,9,0,1635.571,131.714,2.286,2.429
"<a href=""https://tiktok.com/@bcc662"" target=""_blank"">@bcc662</a>",28,6,27.556,1,1,9,0,1357.667,55,0.667,0.333
"<a href=""https://tiktok.com/@be.jkigv"" target=""_blank"">@be.jkigv</a>",1,9,55.884,0.925,8,70,0,1435.778,78.889,0.444,0.111
"<a href=""https://tiktok.com/@bekiyirtimceyo"" target=""_blank"">@bekiyirtimceyo</a>",107,5,31.778,0.875,1,9,0,1119,82.8,2.4,5.2
"<a href=""https://tiktok.com/@benedossie2"" target=""_blank"">@benedossie2</a>",48,7,48.365,0.905,4,38,0,41463.571,1000,7.429,80
"<a href=""https://tiktok.com/@berez.paulo"" target=""_blank"">@berez.paulo</a>",14,5,55.818,0.875,1,11,0,2012,63.286,1,0.286
"<a href=""https://tiktok.com/@bihuogogogo"" target=""_blank"">@bihuogogogo</a>",100,4,60.375,1,2,16,0,1886.25,128,6.5,14.75
"<a href=""https://tiktok.com/@bipiqo"" target=""_blank"">@bipiqo</a>",124,16,65.336,0.841,7,131,0,1086.125,60.25,0.062,0.312
"<a href=""https://tiktok.com/@bixukf"" target=""_blank"">@bixukf</a>",91,4,22,1,1,8,0,2321,132,1.5,0
"<a href=""https://tiktok.com/@bkot6010"" target=""_blank"">@bkot6010</a>",69,14,71.978,0.944,2,48,0,947.533,40.2,0.267,6.733
"<a href=""https://tiktok.com/@bloodcarme5"" target=""_blank"">@bloodcarme5</a>",65,6,49.25,1,1,8,0,2164.8,43.2,0.9,0.6
"<a href=""https://tiktok.com/@bmc12655"" target=""_blank"">@bmc12655</a>",1,9,55.554,0.871,10,94,0,2011.778,93,0.222,1.667
"<a href=""https://tiktok.com/@bowro.jpp"" target=""_blank"">@bowro.jpp</a>",60,8,58.111,0.857,1,9,0,3691.625,136.375,0.5,1.875
"<a href=""https://tiktok.com/@bpgarp"" target=""_blank"">@bpgarp</a>",124,15,61.176,0.926,6,140,0,903.933,77.667,0.4,0.4
"<a href=""https://tiktok.com/@bsbwphji4xu"" target=""_blank"">@bsbwphji4xu</a>",19,6,57.76,0.942,5,49,0,1195.333,48.667,0.167,0.667
"<a href=""https://tiktok.com/@bsyg2865"" target=""_blank"">@bsyg2865</a>",13,3,63.625,1,1,8,0,332.333,16,0.333,0
"<a href=""https://tiktok.com/@buslmigf7dn"" target=""_blank"">@buslmigf7dn</a>",19,5,56.357,0.944,3,27,0,17175.4,631.2,22.8,88.6
"<a href=""https://tiktok.com/@bvoo3130"" target=""_blank"">@bvoo3130</a>",70,15,79.337,0.971,5,134,0,2242.467,62.8,0.333,0.533
"<a href=""https://tiktok.com/@bxecxotdjfrvi"" target=""_blank"">@bxecxotdjfrvi</a>",99,6,59.369,0.881,4,34,0,1526.5,70,6.833,18.833
"<a href=""https://tiktok.com/@bxjxhxt"" target=""_blank"">@bxjxhxt</a>",86,5,39.593,0.875,3,27,0,1095.4,53,0.6,0
"<a href=""https://tiktok.com/@bxjzjsns0"" target=""_blank"">@bxjzjsns0</a>",86,7,60.338,0.917,6,55,0,865.429,66.143,0.429,0.429
"<a href=""https://tiktok.com/@bxkke4723"" target=""_blank"">@bxkke4723</a>",88,7,51.118,0.924,6,65,0,3325.571,61.429,0.286,0.286
"<a href=""https://tiktok.com/@bxuzba"" target=""_blank"">@bxuzba</a>",86,6,38.72,0.819,4,36,0,339.167,11.667,0,0.167
"<a href=""https://tiktok.com/@c.ts24"" target=""_blank"">@c.ts24</a>",14,5,33.417,1,1,12,0,1337.8,40.2,0.2,0.6
"<a href=""https://tiktok.com/@cagnhd"" target=""_blank"">@cagnhd</a>",31,9,54.562,0.772,4,32,0,2033.5,100.7,2.2,1.1
"<a href=""https://tiktok.com/@cainima888"" target=""_blank"">@cainima888</a>",17,7,43.125,1,2,20,0,942.857,21.143,1.143,2.571
"<a href=""https://tiktok.com/@carbloggera"" target=""_blank"">@carbloggera</a>",17,8,50.789,0.904,4,42,0,871.75,28.875,0.75,1.125
"<a href=""https://tiktok.com/@carlos.alberto.al886"" target=""_blank"">@carlos.alberto.al886</a>",62,8,45.12,0.967,3,38,0,12381.875,214.5,2.5,2.75
"<a href=""https://tiktok.com/@cbjf05"" target=""_blank"">@cbjf05</a>",7,10,62.263,0.905,3,28,0,1701.7,75,1.4,0.8
"<a href=""https://tiktok.com/@cbnhf5680"" target=""_blank"">@cbnhf5680</a>",99,4,60.375,0.667,1,8,0,1368.75,95.75,3.25,19.75
"<a href=""https://tiktok.com/@cbwcxe"" target=""_blank"">@cbwcxe</a>",80,6,43.75,0.667,1,8,0,836.667,30.5,0,0
"<a href=""https://tiktok.com/@cchmlalala"" target=""_blank"">@cchmlalala</a>",101,4,88.25,1,1,8,0,5401,344.25,23.5,19.5
"<a href=""https://tiktok.com/@ccvoyrnu"" target=""_blank"">@ccvoyrnu</a>",44,9,55.976,0.972,3,40,0,4591.778,29.333,0,5.444
"<a href=""https://tiktok.com/@cfdc18"" target=""_blank"">@cfdc18</a>",47,12,51.959,0.897,5,90,0,3705.462,81.769,0.154,0.615
"<a href=""https://tiktok.com/@cghwqj"" target=""_blank"">@cghwqj</a>",80,5,43.75,0.667,1,8,0,701.333,21.5,0.5,0
"<a href=""https://tiktok.com/@chahgjffdw4f3t"" target=""_blank"">@chahgjffdw4f3t</a>",108,6,76.25,1,1,8,0,27803.167,3046.833,94.667,662
"<a href=""https://tiktok.com/@chantalkusch"" target=""_blank"">@chantalkusch</a>",1,6,65.1,0.857,1,10,0,2179.857,162.714,0.571,0.571
"<a href=""https://tiktok.com/@chduc6"" target=""_blank"">@chduc6</a>",94,5,54.889,0.861,2,21,0,480.6,14.8,0,0
"<a href=""https://tiktok.com/@china_cutegirl22"" target=""_blank"">@china_cutegirl22</a>",54,10,95.28,1,1,25,0,530.522,48.087,1.913,1.783
"<a href=""https://tiktok.com/@chuma_g1"" target=""_blank"">@chuma_g1</a>",54,6,85.617,1,2,47,0,423.111,33.778,1.778,0.389
"<a href=""https://tiktok.com/@chummi_queen1"" target=""_blank"">@chummi_queen1</a>",51,4,92.75,0.75,1,8,0,882.833,49.167,5.167,0.5
"<a href=""https://tiktok.com/@chzk.uvuw"" target=""_blank"">@chzk.uvuw</a>",43,8,48.876,0.917,3,30,0,3144.875,37.375,1.375,46.125
"<a href=""https://tiktok.com/@ciojkb"" target=""_blank"">@ciojkb</a>",68,6,19.389,0.94,5,90,0,759.933,29.6,0.133,0
"<a href=""https://tiktok.com/@cjdjfcn"" target=""_blank"">@cjdjfcn</a>",86,6,41.031,0.885,4,35,0,1366.667,104.5,0.333,0.667
"<a href=""https://tiktok.com/@cjire9104"" target=""_blank"">@cjire9104</a>",72,6,72.267,0.917,2,33,0,310.833,10.667,0,0.167
"<a href=""https://tiktok.com/@cjur6297"" target=""_blank"">@cjur6297</a>",72,9,40.587,1,3,48,0,1107,59.889,0.222,0.556
"<a href=""https://tiktok.com/@clirr5282"" target=""_blank"">@clirr5282</a>",73,10,52.079,0.892,3,39,0,952.8,91.5,0.5,0.3
"<a href=""https://tiktok.com/@cmhftwltxeactv"" target=""_blank"">@cmhftwltxeactv</a>",109,5,62.725,0.905,5,41,0,1720.4,122,10.4,12.4
"<a href=""https://tiktok.com/@cnatk3189"" target=""_blank"">@cnatk3189</a>",86,6,55,1,1,8,0,1245.167,79.667,0.5,0
"<a href=""https://tiktok.com/@cnbchj1"" target=""_blank"">@cnbchj1</a>",113,6,39.7,1,1,10,0,1657.2,53.8,1.2,3
"<a href=""https://tiktok.com/@coirf88774"" target=""_blank"">@coirf88774</a>",74,6,46.417,1,2,36,0,1307.889,91.667,0.556,1.333
"<a href=""https://tiktok.com/@courr1227"" target=""_blank"">@courr1227</a>",74,6,50.917,1,2,36,0,1665.222,67.778,0.222,1.111
"<a href=""https://tiktok.com/@craig.harrell0"" target=""_blank"">@craig.harrell0</a>",5,9,47.375,1,1,8,0,4442.333,314.444,2.778,0.778
"<a href=""https://tiktok.com/@crmrgfhhvxwmp"" target=""_blank"">@crmrgfhhvxwmp</a>",105,6,46.1,0.866,2,20,0,3234.167,284,17.167,38.667
"<a href=""https://tiktok.com/@crtyougo"" target=""_blank"">@crtyougo</a>",31,10,52.809,0.893,9,124,0,5953.7,130.2,2.1,1.5
"<a href=""https://tiktok.com/@cthvbg"" target=""_blank"">@cthvbg</a>",77,4,66.375,1,2,16,0,822.75,43.25,0.5,0
"<a href=""https://tiktok.com/@cuc.thu243"" target=""_blank"">@cuc.thu243</a>",67,9,48.819,0.881,4,33,0,10506.5,161.1,12.2,3.9
"<a href=""https://tiktok.com/@cutedriver120"" target=""_blank"">@cutedriver120</a>",50,6,33.167,1,1,12,0,97.59,16.179,1.256,0.179
"<a href=""https://tiktok.com/@cutequeen_driver120"" target=""_blank"">@cutequeen_driver120</a>",51,6,92.75,0.75,1,8,0,312.103,43.655,3.414,1
"<a href=""https://tiktok.com/@cvljri"" target=""_blank"">@cvljri</a>",122,3,61.111,1,3,27,0,110,1.333,0,0
"<a href=""https://tiktok.com/@cx.b28"" target=""_blank"">@cx.b28</a>",36,8,57.25,0.963,3,28,0,1189.125,84.5,1.875,1.25
"<a href=""https://tiktok.com/@cxd.shd"" target=""_blank"">@cxd.shd</a>",67,10,54.903,1,2,17,0,3834.6,85.5,2.9,1.1
"<a href=""https://tiktok.com/@cxlpodwzefzoe"" target=""_blank"">@cxlpodwzefzoe</a>",97,6,56.389,0.929,2,18,0,3662.667,83.333,4.333,4.833
"<a href=""https://tiktok.com/@czhc.bkyd"" target=""_blank"">@czhc.bkyd</a>",44,9,57.329,0.936,3,37,0,710.111,17.667,1.333,7.556
"<a href=""https://tiktok.com/@czjqveftycqikq"" target=""_blank"">@czjqveftycqikq</a>",103,3,40.5,1,1,8,0,936.333,59.333,2,4
"<a href=""https://tiktok.com/@dcjnd3425"" target=""_blank"">@dcjnd3425</a>",81,8,54.667,1,1,9,0,2539.778,33.556,0.222,0
"<a href=""https://tiktok.com/@dddgggg63"" target=""_blank"">@dddgggg63</a>",66,9,55.447,0.915,3,27,0,2311.444,58.444,2.444,0.444
"<a href=""https://tiktok.com/@dddunkkftacnib"" target=""_blank"">@dddunkkftacnib</a>",95,6,68.767,0.917,2,19,0,227411.333,6413.667,45.667,68.167
"<a href=""https://tiktok.com/@ddeaxmelj72"" target=""_blank"">@ddeaxmelj72</a>",27,6,49,0.917,2,16,0,1258.667,36.5,0.333,0.833
"<a href=""https://tiktok.com/@debran.oxonrp00"" target=""_blank"">@debran.oxonrp00</a>",2,9,47.125,0.857,1,8,0,2512.556,71.889,0.222,1
"<a href=""https://tiktok.com/@deep.sea_2"" target=""_blank"">@deep.sea_2</a>",75,4,88.732,0.8,2,20,0,1979,180.5,1.25,0.5
"<a href=""https://tiktok.com/@dfymbkhajhbhae"" target=""_blank"">@dfymbkhajhbhae</a>",95,6,45.167,0.808,3,26,0,1119.167,71.333,1.333,3.167
"<a href=""https://tiktok.com/@dghhg372"" target=""_blank"">@dghhg372</a>",118,6,63.75,1,3,24,0,8785.333,357,0.833,7.333
"<a href=""https://tiktok.com/@dhhi6645"" target=""_blank"">@dhhi6645</a>",72,9,54.627,0.817,4,54,0,921.909,44.727,0.364,0.545
"<a href=""https://tiktok.com/@dijx3903"" target=""_blank"">@dijx3903</a>",70,15,68.149,0.95,5,169,0,1616.333,44.267,0.467,0.4
"<a href=""https://tiktok.com/@djm9r"" target=""_blank"">@djm9r</a>",36,6,56.528,0.875,3,26,0,1387.167,73,0.833,0
"<a href=""https://tiktok.com/@djskgikeejk8"" target=""_blank"">@djskgikeejk8</a>",53,7,78.412,0.727,1,17,0,650.714,28.143,1.286,0.214
"<a href=""https://tiktok.com/@drape.ivoe"" target=""_blank"">@drape.ivoe</a>",59,6,31.5,1,1,8,0,6918.286,179.143,1.429,4.286
"<a href=""https://tiktok.com/@drgd8391"" target=""_blank"">@drgd8391</a>",70,12,53.844,0.939,3,95,0,1245.933,58.2,0.067,1.2
"<a href=""https://tiktok.com/@dtbtcc8"" target=""_blank"">@dtbtcc8</a>",124,15,71.895,0.856,5,128,0,1387.4,86.6,0.533,0.8
"<a href=""https://tiktok.com/@dthh824"" target=""_blank"">@dthh824</a>",49,7,59.934,0.854,4,57,0,2180.286,62.429,0.571,0.857
"<a href=""https://tiktok.com/@dtkwod"" target=""_blank"">@dtkwod</a>",31,9,54.808,0.916,9,109,0,4814.222,223.778,1.778,0.778
"<a href=""https://tiktok.com/@ducwk5858"" target=""_blank"">@ducwk5858</a>",87,5,60.75,1,1,8,0,2226.6,77.2,0.8,0.6
"<a href=""https://tiktok.com/@duidsifsogs"" target=""_blank"">@duidsifsogs</a>",96,5,57.458,1,2,17,0,1659.6,121,4.8,14.2
"<a href=""https://tiktok.com/@duuff30"" target=""_blank"">@duuff30</a>",86,6,33.741,0.958,3,30,0,1406.5,76.167,1.333,0.167
"<a href=""https://tiktok.com/@dvvsaag"" target=""_blank"">@dvvsaag</a>",46,8,44.1,1,1,10,0,1288.375,55,0.5,0.5
"<a href=""https://tiktok.com/@dxsmlj"" target=""_blank"">@dxsmlj</a>",76,8,51,1,1,8,0,1518.25,71.625,0.375,0
"<a href=""https://tiktok.com/@dxvfsc"" target=""_blank"">@dxvfsc</a>",112,9,54.5,1,1,8,0,7399.3,87.8,2.9,7.9
"<a href=""https://tiktok.com/@eb.bg7"" target=""_blank"">@eb.bg7</a>",6,6,48.125,0.857,1,8,0,25664.5,351,7.167,3.5
"<a href=""https://tiktok.com/@eden70188"" target=""_blank"">@eden70188</a>",75,8,60.715,0.855,2,25,0,3043.125,206.875,0.5,1
"<a href=""https://tiktok.com/@eiej4325"" target=""_blank"">@eiej4325</a>",70,12,58.576,0.944,3,94,0,437.25,22.25,0.5,0.5
"<a href=""https://tiktok.com/@elvistrevelyan0204"" target=""_blank"">@elvistrevelyan0204</a>",8,4,58,1,1,8,0,1792.1,57.7,1.2,0.6
"<a href=""https://tiktok.com/@emma.stonegdocg"" target=""_blank"">@emma.stonegdocg</a>",30,4,61.25,1,1,8,0,10512.5,224.5,12.167,27.667
"<a href=""https://tiktok.com/@emma.stonegis"" target=""_blank"">@emma.stonegis</a>",34,4,45.25,1,1,8,0,2149.5,67.5,1.75,0.25
"<a href=""https://tiktok.com/@emmastone711"" target=""_blank"">@emmastone711</a>",30,4,61.25,1,1,8,0,6063.75,177,1,0.25
"<a href=""https://tiktok.com/@eqmhqf"" target=""_blank"">@eqmhqf</a>",124,14,77.032,0.829,7,123,0,755.733,23.2,0.133,0.2
"<a href=""https://tiktok.com/@eudazpstrvf"" target=""_blank"">@eudazpstrvf</a>",45,6,55.333,0.875,1,9,0,4353.375,127.125,1.625,2.75
"<a href=""https://tiktok.com/@eumb.pcdw"" target=""_blank"">@eumb.pcdw</a>",43,9,44.523,0.933,3,33,0,4307.889,25.667,0.444,14.778
"<a href=""https://tiktok.com/@evfdmzl"" target=""_blank"">@evfdmzl</a>",91,4,22,1,1,8,0,1567.75,122.5,0.75,1
"<a href=""https://tiktok.com/@eyidk5"" target=""_blank"">@eyidk5</a>",116,6,33.4,0.833,1,10,0,911.333,72.833,1,0.667
"<a href=""https://tiktok.com/@familo.text6"" target=""_blank"">@familo.text6</a>",97,5,69.25,1,2,16,0,3839.6,146.4,8.8,24
"<a href=""https://tiktok.com/@fauy8466"" target=""_blank"">@fauy8466</a>",4,10,69.722,0.952,3,25,0,1207.1,56.6,0.4,0.7
"<a href=""https://tiktok.com/@fbnggg2"" target=""_blank"">@fbnggg2</a>",121,8,56.402,0.952,3,29,0,4444.625,119.5,2.125,0.75
"<a href=""https://tiktok.com/@fdijc3"" target=""_blank"">@fdijc3</a>",1,6,81.368,0.833,2,17,0,9100.5,193.625,2.5,2.75
"<a href=""https://tiktok.com/@fduic5"" target=""_blank"">@fduic5</a>",3,8,59.277,0.908,7,71,0,5122.9,98.8,3.6,1.1
"<a href=""https://tiktok.com/@fgijg467"" target=""_blank"">@fgijg467</a>",121,10,66.207,1,4,43,0,1626.9,82,1,1.2
"<a href=""https://tiktok.com/@fgjbgf4688"" target=""_blank"">@fgjbgf4688</a>",99,6,48.275,0.964,4,34,0,2748.667,130.833,5.833,15.5
"<a href=""https://tiktok.com/@fgzvj"" target=""_blank"">@fgzvj</a>",113,6,39.7,1,1,10,0,2502.9,53.1,1.7,3.7
"<a href=""https://tiktok.com/@fhda78402"" target=""_blank"">@fhda78402</a>",70,15,72.465,0.967,5,140,0,1153.467,85,0.6,0.333
"<a href=""https://tiktok.com/@fhkundshunk"" target=""_blank"">@fhkundshunk</a>",39,3,26,1,1,9,0,4913.5,13,0,0.25
"<a href=""https://tiktok.com/@fhuc22"" target=""_blank"">@fhuc22</a>",22,4,65.167,1,2,18,0,1133.25,32,0.25,1.75
"<a href=""https://tiktok.com/@fhvf210"" target=""_blank"">@fhvf210</a>",15,9,41.071,0.925,3,38,0,1071.556,45.667,0.222,1
"<a href=""https://tiktok.com/@fhxk1941"" target=""_blank"">@fhxk1941</a>",69,12,53.367,1,2,48,0,1319,64.467,0.867,1.933
"<a href=""https://tiktok.com/@fiir2712"" target=""_blank"">@fiir2712</a>",72,3,56.667,1,2,18,0,294.667,11.667,0,0
"<a href=""https://tiktok.com/@fjjgdvx"" target=""_blank"">@fjjgdvx</a>",32,9,68.595,0.866,4,37,0,12558.889,287.222,4.222,18.222
"<a href=""https://tiktok.com/@fjvfyh01"" target=""_blank"">@fjvfyh01</a>",114,4,60.25,1,1,8,0,2393,47.75,1,5.5
"<a href=""https://tiktok.com/@fjyukfjjf"" target=""_blank"">@fjyukfjjf</a>",36,7,50.375,0.866,2,16,0,931.286,57,1.286,1.571
"<a href=""https://tiktok.com/@fkfdnd"" target=""_blank"">@fkfdnd</a>",34,4,45.25,1,1,8,0,1862.75,44.5,0.75,0
"<a href=""https://tiktok.com/@fkir2290"" target=""_blank"">@fkir2290</a>",72,5,85,1,1,9,0,593.125,48.625,0.125,0
"<a href=""https://tiktok.com/@fnnf8890"" target=""_blank"">@fnnf8890</a>",73,8,44.9,0.838,2,30,0,1708.6,78.4,0,1.9
"<a href=""https://tiktok.com/@fteecfs"" target=""_blank"">@fteecfs</a>",85,4,14,1,1,8,0,1058,106.75,0,0
"<a href=""https://tiktok.com/@fugfuj33"" target=""_blank"">@fugfuj33</a>",45,6,55.333,0.875,1,9,0,2266.5,82.5,1.25,2.25
"<a href=""https://tiktok.com/@fughf21"" target=""_blank"">@fughf21</a>",1,10,58.954,0.945,12,117,0,1431.3,69.6,3.1,1.7
"<a href=""https://tiktok.com/@fulknm"" target=""_blank"">@fulknm</a>",117,4,49.625,1,2,16,0,1564,58,2.75,3.25
"<a href=""https://tiktok.com/@gclqse"" target=""_blank"">@gclqse</a>",124,6,67.215,0.967,5,67,0,643.667,19.733,0,0.133
"<a href=""https://tiktok.com/@gduhx01"" target=""_blank"">@gduhx01</a>",3,8,53.481,0.905,3,28,0,1732,130.556,0.778,1.444
"<a href=""https://tiktok.com/@geievertu8"" target=""_blank"">@geievertu8</a>",36,8,59.376,0.912,4,45,0,264.5,10.25,0.375,0.625
"<a href=""https://tiktok.com/@gf.nj97"" target=""_blank"">@gf.nj97</a>",36,8,58.811,0.906,3,34,0,3204.5,323.625,6.25,10.25
"<a href=""https://tiktok.com/@gfg6705"" target=""_blank"">@gfg6705</a>",15,5,48.056,0.944,3,26,0,948.8,19.8,0.2,0
"<a href=""https://tiktok.com/@ggih3179"" target=""_blank"">@ggih3179</a>",13,7,58.151,0.844,2,25,0,636.429,27.857,0,0.714
"<a href=""https://tiktok.com/@ghebdts"" target=""_blank"">@ghebdts</a>",121,10,36.333,1,3,24,0,1440.1,91.5,1.2,1.5
"<a href=""https://tiktok.com/@gheoe8"" target=""_blank"">@gheoe8</a>",117,6,44.3,0.833,2,20,0,42583.333,2561.667,12.333,37
"<a href=""https://tiktok.com/@ghhj8554"" target=""_blank"">@ghhj8554</a>",70,15,77.295,0.938,4,76,0,2403.467,50.2,0.067,0.467
"<a href=""https://tiktok.com/@gichiecemila"" target=""_blank"">@gichiecemila</a>",26,4,42,1,1,8,0,958.5,22.5,0.5,6
"<a href=""https://tiktok.com/@giird3"" target=""_blank"">@giird3</a>",119,6,23.25,1,1,8,0,1837.333,89.333,1,4.5
"<a href=""https://tiktok.com/@givi0331"" target=""_blank"">@givi0331</a>",69,9,72.454,1,4,56,0,332.667,8.867,0.067,0.133
"<a href=""https://tiktok.com/@gjbgikh"" target=""_blank"">@gjbgikh</a>",8,6,58,1,1,8,0,1258.4,54,0.4,1
"<a href=""https://tiktok.com/@gjguq6894"" target=""_blank"">@gjguq6894</a>",73,6,54.883,0.917,2,25,0,5271.667,109.75,0.417,3.333
"<a href=""https://tiktok.com/@gkuhik"" target=""_blank"">@gkuhik</a>",107,6,58.438,0.857,2,16,0,1653.333,93.833,2,10.333
"<a href=""https://tiktok.com/@gogfy20"" target=""_blank"">@gogfy20</a>",114,6,60.25,1,1,8,0,2170.4,46.3,1.4,3.4
"<a href=""https://tiktok.com/@goodbye17507"" target=""_blank"">@goodbye17507</a>",27,6,70.75,0.833,1,8,0,1464.333,50.167,0.167,0.667
"<a href=""https://tiktok.com/@gour2295"" target=""_blank"">@gour2295</a>",74,10,52.167,0.917,3,48,0,1045.4,59.1,0.6,0.6
"<a href=""https://tiktok.com/@gutieyy7"" target=""_blank"">@gutieyy7</a>",36,8,39.075,0.929,2,18,0,3457.25,154.125,4.5,18.125
"<a href=""https://tiktok.com/@gvcchh3457"" target=""_blank"">@gvcchh3457</a>",99,4,43.9,1,5,40,0,1366,56.75,2.25,0.5
"<a href=""https://tiktok.com/@hckcudh1"" target=""_blank"">@hckcudh1</a>",29,4,44.375,1,2,16,0,2578,159,1,0.75
"<a href=""https://tiktok.com/@hcodifb"" target=""_blank"">@hcodifb</a>",1,5,66.925,0.889,2,18,0,988,69.286,1,2.714
"<a href=""https://tiktok.com/@hdbjx72"" target=""_blank"">@hdbjx72</a>",15,9,39.265,0.872,3,38,0,938.222,26.222,0.556,0.111
"<a href=""https://tiktok.com/@hdhxh3484"" target=""_blank"">@hdhxh3484</a>",3,6,52.125,0.938,2,18,0,1543,33.143,0.571,0.286
"<a href=""https://tiktok.com/@hdidkser0"" target=""_blank"">@hdidkser0</a>",36,7,63.5,0.875,1,8,0,1445.714,100.714,1.143,1.429
"<a href=""https://tiktok.com/@hdmjwo1"" target=""_blank"">@hdmjwo1</a>",124,6,65.742,0.933,5,62,0,305.923,7.154,0.231,0.077
"<a href=""https://tiktok.com/@hdr86575"" target=""_blank"">@hdr86575</a>",4,8,30.375,0.938,2,18,0,897.375,23.125,0.375,0
"<a href=""https://tiktok.com/@hdryxd"" target=""_blank"">@hdryxd</a>",31,8,70.023,0.905,5,48,0,3019.667,97.222,12.889,6.333
"<a href=""https://tiktok.com/@hdvhds4"" target=""_blank"">@hdvhds4</a>",86,6,51.375,0.958,4,38,0,1244.667,94.833,1,0.167
"<a href=""https://tiktok.com/@hdxj59"" target=""_blank"">@hdxj59</a>",119,10,47.951,0.958,3,50,0,5548.7,111.6,1.3,2.2
"<a href=""https://tiktok.com/@hehs5037"" target=""_blank"">@hehs5037</a>",72,6,77.667,1,2,18,0,330.5,18.167,0,0
"<a href=""https://tiktok.com/@hhgghj8866"" target=""_blank"">@hhgghj8866</a>",99,6,50.291,1,8,70,0,1588.167,136.5,1.833,8.167
"<a href=""https://tiktok.com/@hidouo"" target=""_blank"">@hidouo</a>",124,14,69.23,0.817,6,94,0,707.067,23.2,0,0.4
"<a href=""https://tiktok.com/@hitomorrow81"" target=""_blank"">@hitomorrow81</a>",21,6,51.25,0.857,1,8,0,1348.833,31,3.167,21.333
"<a href=""https://tiktok.com/@hjbfgj67"" target=""_blank"">@hjbfgj67</a>",106,6,78.5,1,1,8,0,3770.333,205.667,9.167,25
"<a href=""https://tiktok.com/@hkmdrr"" target=""_blank"">@hkmdrr</a>",121,8,56.304,0.929,4,43,0,3466.25,135.125,1.75,2.25
"<a href=""https://tiktok.com/@hlnvan42749s"" target=""_blank"">@hlnvan42749s</a>",20,6,80.25,1,1,8,0,1299.833,20.833,0.5,1.667
"<a href=""https://tiktok.com/@hltuoq"" target=""_blank"">@hltuoq</a>",124,11,71.806,0.817,5,65,0,1664.929,69.571,0.571,0.929
"<a href=""https://tiktok.com/@hnxy.seym"" target=""_blank"">@hnxy.seym</a>",43,9,37.387,0.883,3,31,0,2906.818,17.545,0.182,4
"<a href=""https://tiktok.com/@hockey2840"" target=""_blank"">@hockey2840</a>",27,6,58.597,0.929,2,17,0,1469.5,44.833,0,0.833
"<a href=""https://tiktok.com/@hojdmc"" target=""_blank"">@hojdmc</a>",68,15,20.838,0.943,6,144,0,1220.4,137.733,0.667,0.8
"<a href=""https://tiktok.com/@hrsy60677"" target=""_blank"">@hrsy60677</a>",72,6,49.81,0.778,3,41,0,1285.5,51.5,0.667,3.667
"<a href=""https://tiktok.com/@hryfeucmuql"" target=""_blank"">@hryfeucmuql</a>",109,6,58.285,0.929,4,36,0,2239.333,125.167,4.667,21.167
"<a href=""https://tiktok.com/@hsbuz8"" target=""_blank"">@hsbuz8</a>",18,6,50.15,0.857,2,20,0,1342.778,64.556,0.778,0
"<a href=""https://tiktok.com/@hullen.nguyen"" target=""_blank"">@hullen.nguyen</a>",7,9,47.545,0.889,1,11,0,1863.778,64.222,0.333,0.667
"<a href=""https://tiktok.com/@huoqilaiya"" target=""_blank"">@huoqilaiya</a>",95,6,53.685,0.857,3,26,0,2284.5,163.167,4.333,18.167
"<a href=""https://tiktok.com/@hurrryu"" target=""_blank"">@hurrryu</a>",117,6,49.417,1,3,24,0,1869,88.667,1.667,2.667
"<a href=""https://tiktok.com/@huydhfhyyxd"" target=""_blank"">@huydhfhyyxd</a>",111,9,33,0.786,2,19,0,52100,543,11.444,3.222
"<a href=""https://tiktok.com/@hvtcan"" target=""_blank"">@hvtcan</a>",77,8,50.225,0.917,2,18,0,1335.625,61.875,0.875,0.375
"<a href=""https://tiktok.com/@hwvrok"" target=""_blank"">@hwvrok</a>",89,5,47.825,0.917,2,18,0,1035.4,37.4,0.6,0.4
"<a href=""https://tiktok.com/@hxjdsj34"" target=""_blank"">@hxjdsj34</a>",86,5,37.125,1,4,33,0,3057,95.6,2,0.8
"<a href=""https://tiktok.com/@hzhdhs"" target=""_blank"">@hzhdhs</a>",86,5,36.5,0.714,1,8,0,992.6,91.8,0.6,0
"<a href=""https://tiktok.com/@idnevlpe"" target=""_blank"">@idnevlpe</a>",105,6,56.95,0.938,2,18,0,1645,95.167,7.333,15.833
"<a href=""https://tiktok.com/@idngdicg"" target=""_blank"">@idngdicg</a>",42,6,40.675,0.917,2,18,0,2126.571,36.429,0,4
"<a href=""https://tiktok.com/@idpeoc"" target=""_blank"">@idpeoc</a>",124,15,75.191,0.9,6,141,0,1097.267,30.267,0.133,0.4
"<a href=""https://tiktok.com/@iiuu553"" target=""_blank"">@iiuu553</a>",49,8,58.887,0.865,4,61,0,96187,1429.5,2.75,12.75
"<a href=""https://tiktok.com/@ilges.estelwei"" target=""_blank"">@ilges.estelwei</a>",63,7,66.111,0.875,1,9,0,2429,37.556,1.444,0.444
"<a href=""https://tiktok.com/@irdc042"" target=""_blank"">@irdc042</a>",1,10,62.607,0.986,7,65,0,4809.9,159.8,1.3,3.3
"<a href=""https://tiktok.com/@isce0690"" target=""_blank"">@isce0690</a>",69,15,65.963,0.967,6,91,0,911,51,0,0.2
"<a href=""https://tiktok.com/@isge0853"" target=""_blank"">@isge0853</a>",69,13,62.544,0.976,6,78,0,311.385,9.615,0.154,0.231
"<a href=""https://tiktok.com/@isgs5669"" target=""_blank"">@isgs5669</a>",69,7,63.837,0.952,3,33,0,316.786,12.5,0,0.143
"<a href=""https://tiktok.com/@itsstj2"" target=""_blank"">@itsstj2</a>",117,8,29.333,0.917,2,22,0,1354.25,98.25,0.75,0.75
"<a href=""https://tiktok.com/@iuwgeh"" target=""_blank"">@iuwgeh</a>",120,6,60.875,1,1,8,0,53861.333,2717.833,13.833,13.667
"<a href=""https://tiktok.com/@iuy7640"" target=""_blank"">@iuy7640</a>",119,10,40.011,0.958,3,50,0,2009.7,75.8,1.4,0.3
"<a href=""https://tiktok.com/@j.uv586"" target=""_blank"">@j.uv586</a>",14,8,54.439,0.903,3,27,0,1176.625,37,0,0.125
"<a href=""https://tiktok.com/@jackie.bradley45"" target=""_blank"">@jackie.bradley45</a>",98,6,43.125,1,1,8,0,48900.5,1395.667,9,33.667
"<a href=""https://tiktok.com/@jajsjsn56"" target=""_blank"">@jajsjsn56</a>",47,15,64.911,0.911,5,100,0,2852.333,64,0.133,0.8
"<a href=""https://tiktok.com/@jccj44506"" target=""_blank"">@jccj44506</a>",70,12,55.696,0.942,4,98,0,483.267,36.467,0.533,0.4
"<a href=""https://tiktok.com/@jdjsbs94"" target=""_blank"">@jdjsbs94</a>",93,6,27.75,1,1,8,0,1122.333,47.667,0.5,0
"<a href=""https://tiktok.com/@jdkckcj2"" target=""_blank"">@jdkckcj2</a>",7,9,55.646,0.958,4,38,0,5108.667,129.444,0.778,3.111
"<a href=""https://tiktok.com/@jdpdosj"" target=""_blank"">@jdpdosj</a>",1,10,50.377,0.924,5,45,0,480.2,19,0.5,0.4
"<a href=""https://tiktok.com/@jdpxorjf"" target=""_blank"">@jdpxorjf</a>",1,9,54.779,0.88,7,70,0,2913.9,179.6,0.2,1.3
"<a href=""https://tiktok.com/@jfdd653"" target=""_blank"">@jfdd653</a>",4,6,68.125,1,2,16,0,1633.375,52,0.125,0
"<a href=""https://tiktok.com/@jfkovj5"" target=""_blank"">@jfkovj5</a>",1,8,76.25,1,2,16,0,2770.875,167.75,1.875,1.5
"<a href=""https://tiktok.com/@jfodxgajsjijpd"" target=""_blank"">@jfodxgajsjijpd</a>",99,4,49.875,1,6,48,0,1572.333,97.833,4.667,5.667
"<a href=""https://tiktok.com/@jfufrehcdh"" target=""_blank"">@jfufrehcdh</a>",1,7,54.976,0.78,5,43,0,2383,169.143,17.143,7.143
"<a href=""https://tiktok.com/@jiyt23"" target=""_blank"">@jiyt23</a>",121,4,51.25,1,1,8,0,2810.5,114.875,1.875,3.375
"<a href=""https://tiktok.com/@jkuy0534"" target=""_blank"">@jkuy0534</a>",70,11,64.929,0.807,3,80,0,540.364,27,0.364,0.545
"<a href=""https://tiktok.com/@jshszh6382"" target=""_blank"">@jshszh6382</a>",86,7,45.603,0.853,6,52,0,3128.429,51.857,1.143,0.571
"<a href=""https://tiktok.com/@jsosjxj8"" target=""_blank"">@jsosjxj8</a>",1,8,69.95,0.892,5,40,0,2799,106.75,0.625,0.25
"<a href=""https://tiktok.com/@jspsns3"" target=""_blank"">@jspsns3</a>",118,6,36.333,1,2,24,0,4936.833,197.167,1.5,2.167
"<a href=""https://tiktok.com/@jtcytxyzey"" target=""_blank"">@jtcytxyzey</a>",1,9,60.297,0.933,5,44,0,1479.444,77.444,0.889,0.556
"<a href=""https://tiktok.com/@jvhb240"" target=""_blank"">@jvhb240</a>",47,12,60.432,0.869,5,95,0,3162.643,71.214,0.214,1.357
"<a href=""https://tiktok.com/@jvtvc3"" target=""_blank"">@jvtvc3</a>",49,7,52.816,0.917,3,35,0,2812,67.143,0.714,0.571
"<a href=""https://tiktok.com/@kacbr2774"" target=""_blank"">@kacbr2774</a>",86,6,49.25,0.943,5,40,0,1748.833,63.833,1.167,0.667
"<a href=""https://tiktok.com/@kamlisarkar_0"" target=""_blank"">@kamlisarkar_0</a>",56,12,88,0.714,1,16,0,560.647,46.529,2.941,0.941
"<a href=""https://tiktok.com/@karlamoran19677"" target=""_blank"">@karlamoran19677</a>",25,6,47.556,0.938,2,18,0,5444.5,46.167,0.833,2.5
"<a href=""https://tiktok.com/@kdywnty"" target=""_blank"">@kdywnty</a>",92,4,10.5,1,1,8,0,1392.25,50,0.75,0.25
"<a href=""https://tiktok.com/@kedcemqthbmxx"" target=""_blank"">@kedcemqthbmxx</a>",95,4,39.5,1,1,8,0,1650,79.5,4.75,5.25
"<a href=""https://tiktok.com/@kfbfol"" target=""_blank"">@kfbfol</a>",124,5,48.846,1,1,13,0,478.833,32.5,0.167,0.167
"<a href=""https://tiktok.com/@khanh.phukhh"" target=""_blank"">@khanh.phukhh</a>",62,9,41.54,0.952,3,30,0,2706.222,46.222,2.889,2
"<a href=""https://tiktok.com/@khfbou"" target=""_blank"">@khfbou</a>",68,9,17.762,0.947,5,93,0,950.6,18.6,0.067,0
"<a href=""https://tiktok.com/@kim.jong4379"" target=""_blank"">@kim.jong4379</a>",9,7,55.417,0.75,1,12,0,3082.571,58.286,1.857,6.571
"<a href=""https://tiktok.com/@kiramkxlj3z"" target=""_blank"">@kiramkxlj3z</a>",101,4,88.25,1,1,8,0,1464.25,87.25,0.75,4
"<a href=""https://tiktok.com/@krug011"" target=""_blank"">@krug011</a>",1,9,58.372,0.91,12,111,0,3033.111,248.111,3.667,17.333
"<a href=""https://tiktok.com/@ksndfmggf"" target=""_blank"">@ksndfmggf</a>",33,6,33.125,0.857,1,8,0,1501.286,81.571,0.571,0.286
"<a href=""https://tiktok.com/@ktsfyh"" target=""_blank"">@ktsfyh</a>",31,10,57.111,0.885,8,97,0,2285.2,143,2.2,2.7
"<a href=""https://tiktok.com/@kubjij"" target=""_blank"">@kubjij</a>",68,7,19.095,0.927,5,93,0,782.133,105.2,0.6,0.267
"<a href=""https://tiktok.com/@labubu5252"" target=""_blank"">@labubu5252</a>",95,6,46.287,0.928,6,51,0,7839.833,227.333,8.5,28.833
"<a href=""https://tiktok.com/@labubushiping51"" target=""_blank"">@labubushiping51</a>",97,5,58.861,0.917,2,17,0,226787.2,19781.6,286.6,1869.6
"<a href=""https://tiktok.com/@lakrin9"" target=""_blank"">@lakrin9</a>",76,6,51,1,1,8,0,1233.667,65.333,0.667,0.167
"<a href=""https://tiktok.com/@landscape5670"" target=""_blank"">@landscape5670</a>",31,10,58.84,0.967,8,103,0,3665.1,302.1,1.6,5.8
"<a href=""https://tiktok.com/@lanora.haskely"" target=""_blank"">@lanora.haskely</a>",62,9,35.1,0.877,3,35,0,1359.889,36.667,1.667,3.667
"<a href=""https://tiktok.com/@lawgray3"" target=""_blank"">@lawgray3</a>",48,7,44.632,0.946,5,49,0,1296.714,29.143,0.286,0.714
"<a href=""https://tiktok.com/@lawrenceharvey54"" target=""_blank"">@lawrenceharvey54</a>",10,6,61.2,0.833,1,10,0,1017.5,16,0.333,2
"<a href=""https://tiktok.com/@lekpow"" target=""_blank"">@lekpow</a>",124,14,62.15,0.952,3,39,0,289.143,5.929,0,0
"<a href=""https://tiktok.com/@leoraf9"" target=""_blank"">@leoraf9</a>",85,6,30.625,1,2,16,0,2596,112.333,0.667,0.333
"<a href=""https://tiktok.com/@lhqitc"" target=""_blank"">@lhqitc</a>",124,11,68.475,0.873,4,57,0,852,21.2,0,0.2
"<a href=""https://tiktok.com/@liliana.owyngk"" target=""_blank"">@liliana.owyngk</a>",65,5,49.25,1,1,8,0,1759.6,58.8,0.8,0.4
"<a href=""https://tiktok.com/@lishunfadacai125"" target=""_blank"">@lishunfadacai125</a>",99,4,69.05,1,5,40,0,570,48.75,3,4.5
"<a href=""https://tiktok.com/@ljpjvh"" target=""_blank"">@ljpjvh</a>",89,4,28.5,1,2,16,0,12452,202.5,2.5,2.25
"<a href=""https://tiktok.com/@lnppoe"" target=""_blank"">@lnppoe</a>",122,9,84.072,1,3,42,0,678.583,26.583,2.667,1.583
"<a href=""https://tiktok.com/@loveyouxue1"" target=""_blank"">@loveyouxue1</a>",100,5,65.75,1,2,16,0,1877,124.4,3.8,26.6
"<a href=""https://tiktok.com/@luisina.riihimaki"" target=""_blank"">@luisina.riihimaki</a>",1,8,57.656,0.91,5,41,0,1792.875,173.875,0.875,1
"<a href=""https://tiktok.com/@lxjjc"" target=""_blank"">@lxjjc</a>",3,9,54.919,0.932,7,65,0,1687.444,82.556,0.667,4.333
"<a href=""https://tiktok.com/@maemeg7"" target=""_blank"">@maemeg7</a>",84,7,36.875,1,2,18,0,1198.571,89.286,1.143,0.143
"<a href=""https://tiktok.com/@mamaepzkynvd"" target=""_blank"">@mamaepzkynvd</a>",104,3,47.5,0.8,1,8,0,323.75,20.25,2,1.75
"<a href=""https://tiktok.com/@mariencassano"" target=""_blank"">@mariencassano</a>",111,8,28.812,0.762,2,18,0,22417.375,89.625,6.125,1.25
"<a href=""https://tiktok.com/@marisol.rath"" target=""_blank"">@marisol.rath</a>",11,5,51,1,1,8,0,910.5,39,0.3,3.7
"<a href=""https://tiktok.com/@marjoriecarrie0525"" target=""_blank"">@marjoriecarrie0525</a>",11,7,64,1,1,13,0,650.222,27.667,0.333,2.889
"<a href=""https://tiktok.com/@markryan688"" target=""_blank"">@markryan688</a>",66,6,52.091,0.889,1,11,0,1587,41.375,1.125,0.5
"<a href=""https://tiktok.com/@mbxuwf"" target=""_blank"">@mbxuwf</a>",78,4,32,1,1,8,0,613.667,19,0,0
"<a href=""https://tiktok.com/@mdsdz2"" target=""_blank"">@mdsdz2</a>",53,10,78.412,0.727,1,17,0,20374.667,771.8,28.333,17.267
"<a href=""https://tiktok.com/@mina.12558"" target=""_blank"">@mina.12558</a>",109,6,60.188,1,4,32,0,1730.167,145.833,7.333,36.5
"<a href=""https://tiktok.com/@mjbwysq6"" target=""_blank"">@mjbwysq6</a>",83,6,21.25,0.857,1,8,0,1924.375,58.125,1,0.625
"<a href=""https://tiktok.com/@mmhpbybt"" target=""_blank"">@mmhpbybt</a>",40,11,85.2,0.889,1,10,0,2187.083,35.25,7.583,0.333
"<a href=""https://tiktok.com/@mnabkkop"" target=""_blank"">@mnabkkop</a>",46,8,44.1,1,1,10,0,58624.8,2105.3,7.1,17.6
"<a href=""https://tiktok.com/@mnbub4"" target=""_blank"">@mnbub4</a>",64,7,43.194,1,2,21,0,7123,64.889,1.444,12.667
"<a href=""https://tiktok.com/@monalisa7988"" target=""_blank"">@monalisa7988</a>",13,7,48.399,0.854,2,21,0,1009.5,36,0.25,0.5
"<a href=""https://tiktok.com/@mong.khuu"" target=""_blank"">@mong.khuu</a>",11,10,44,1,1,14,0,1204,35.6,0.4,0.8
"<a href=""https://tiktok.com/@mulask57"" target=""_blank"">@mulask57</a>",13,7,51.719,0.895,4,36,0,821,23.625,0.375,0
"<a href=""https://tiktok.com/@ncjfhyrsdj"" target=""_blank"">@ncjfhyrsdj</a>",86,6,37.63,0.917,3,31,0,535.333,20.5,0.167,0
"<a href=""https://tiktok.com/@ncsfo3287"" target=""_blank"">@ncsfo3287</a>",86,6,41.421,0.923,7,62,0,1441.167,87.333,1,0.5
"<a href=""https://tiktok.com/@ndmsl15"" target=""_blank"">@ndmsl15</a>",116,5,33.4,0.833,1,10,0,9108.6,494,5.6,6.2
"<a href=""https://tiktok.com/@nfjsk12"" target=""_blank"">@nfjsk12</a>",121,11,56.606,0.903,5,62,0,3169.545,97.182,1.818,1.545
"<a href=""https://tiktok.com/@nfyk.emma"" target=""_blank"">@nfyk.emma</a>",11,10,49.889,1,3,36,0,2106.1,65.3,1.4,7.1
"<a href=""https://tiktok.com/@ngdxnyj"" target=""_blank"">@ngdxnyj</a>",120,8,60.875,1,1,8,0,1762.308,82.692,2.692,2.538
"<a href=""https://tiktok.com/@nhfr48186js"" target=""_blank"">@nhfr48186js</a>",27,6,47.69,0.952,3,25,0,1246.5,24.833,3.5,17.833
"<a href=""https://tiktok.com/@nhllos8"" target=""_blank"">@nhllos8</a>",85,4,47.25,1,1,8,0,2188.833,151.5,1,0.5
"<a href=""https://tiktok.com/@nidaye81"" target=""_blank"">@nidaye81</a>",88,3,75.25,1,2,16,0,6168.333,111.333,0.667,0.333
"<a href=""https://tiktok.com/@niyebuya"" target=""_blank"">@niyebuya</a>",66,6,46.625,0.857,1,8,0,8161.625,89.625,8.25,2.75
"<a href=""https://tiktok.com/@njjyaey5"" target=""_blank"">@njjyaey5</a>",79,6,37.5,1,1,12,0,758.667,40,1.667,0
"<a href=""https://tiktok.com/@nmkv7803"" target=""_blank"">@nmkv7803</a>",110,5,26.375,1,2,16,0,1574,106.2,4.6,9.2
"<a href=""https://tiktok.com/@nqkwvc"" target=""_blank"">@nqkwvc</a>",84,7,11.5,1,1,10,0,1406,70.714,0.429,0.571
"<a href=""https://tiktok.com/@ntijbfvwvlj126"" target=""_blank"">@ntijbfvwvlj126</a>",24,4,45.75,1,1,8,0,23432.5,234.25,1.75,25.75
"<a href=""https://tiktok.com/@nxpsa4288"" target=""_blank"">@nxpsa4288</a>",86,6,48.639,1,2,17,0,582.5,26,1.167,0.167
"<a href=""https://tiktok.com/@objlhmtjemu"" target=""_blank"">@objlhmtjemu</a>",124,6,65.289,0.875,4,60,0,462.467,8.667,0.067,0.333
"<a href=""https://tiktok.com/@oidufc"" target=""_blank"">@oidufc</a>",79,6,37.5,1,1,12,0,762.167,33.5,0,0.333
"<a href=""https://tiktok.com/@okay11732"" target=""_blank"">@okay11732</a>",70,15,68.525,0.933,5,117,0,1503.6,63.333,0.733,0.733
"<a href=""https://tiktok.com/@okhgf567"" target=""_blank"">@okhgf567</a>",99,6,51.763,0.929,4,37,0,1296,71.5,2.5,1.667
"<a href=""https://tiktok.com/@oklhhrmwpaurg"" target=""_blank"">@oklhhrmwpaurg</a>",104,3,47.5,0.8,1,8,0,202,9.333,0.333,0
"<a href=""https://tiktok.com/@oljclk"" target=""_blank"">@oljclk</a>",89,6,34.075,0.917,2,18,0,1602,38.667,0.667,0
"<a href=""https://tiktok.com/@olrsyrt7"" target=""_blank"">@olrsyrt7</a>",82,4,15.25,1,1,8,0,1480.75,33,0.25,0.5
"<a href=""https://tiktok.com/@omi.poni0"" target=""_blank"">@omi.poni0</a>",22,6,53.917,1,2,27,0,785.5,25.667,0.167,0.167
"<a href=""https://tiktok.com/@onikacaylie"" target=""_blank"">@onikacaylie</a>",10,8,61.2,0.833,1,10,0,1396.444,42.889,0.889,7
"<a href=""https://tiktok.com/@opgse4909"" target=""_blank"">@opgse4909</a>",88,9,61.861,0.948,6,62,0,1809.778,86.556,0.889,0.333
"<a href=""https://tiktok.com/@oqdrhqzhlfeuk"" target=""_blank"">@oqdrhqzhlfeuk</a>",109,6,57.42,1,2,19,0,1209.833,51.667,6.833,7.833
"<a href=""https://tiktok.com/@osb.remo"" target=""_blank"">@osb.remo</a>",48,8,60.006,0.949,5,52,0,6647.625,117.875,2.125,34.125
"<a href=""https://tiktok.com/@osiqraf"" target=""_blank"">@osiqraf</a>",121,4,58.6,0.933,3,26,0,997.75,73.75,0.25,0.5
"<a href=""https://tiktok.com/@oxkympku"" target=""_blank"">@oxkympku</a>",44,9,54.043,0.93,3,35,0,5502.111,41.778,0.222,24.222
"<a href=""https://tiktok.com/@pbpktw"" target=""_blank"">@pbpktw</a>",124,15,73.332,0.97,7,157,0,1109.933,47,0.467,0.333
"<a href=""https://tiktok.com/@pbtchn"" target=""_blank"">@pbtchn</a>",124,5,94.2,1,2,19,0,243.75,12.917,0,0.333
"<a href=""https://tiktok.com/@pdilul"" target=""_blank"">@pdilul</a>",90,4,25.25,1,1,8,0,2340.5,106.5,1.5,0.25
"<a href=""https://tiktok.com/@pehcpohz"" target=""_blank"">@pehcpohz</a>",40,13,64.95,0.778,2,20,0,1629.214,11.714,1.643,0.714
"<a href=""https://tiktok.com/@pfigfwdyh2huxc"" target=""_blank"">@pfigfwdyh2huxc</a>",110,4,27.375,1,2,16,0,1537.75,139.5,4.75,11.25
"<a href=""https://tiktok.com/@phong.ngoc76"" target=""_blank"">@phong.ngoc76</a>",67,10,46.343,0.929,2,20,0,2899.3,65.4,1.9,1.3
"<a href=""https://tiktok.com/@phxagnixobfs"" target=""_blank"">@phxagnixobfs</a>",106,6,78.5,1,1,8,0,2022.667,150,9,10
"<a href=""https://tiktok.com/@pjk3357"" target=""_blank"">@pjk3357</a>",61,8,50.363,0.833,3,29,0,1328.5,81.4,0.8,0.2
"<a href=""https://tiktok.com/@pmvlqfdkiyxv"" target=""_blank"">@pmvlqfdkiyxv</a>",97,6,71.352,0.897,3,25,0,1115.333,29.833,0.5,1.833
"<a href=""https://tiktok.com/@pqfaxnogbxjxqh"" target=""_blank"">@pqfaxnogbxjxqh</a>",105,6,43.65,0.929,2,18,0,9914,395.333,28.167,63
"<a href=""https://tiktok.com/@puhrra"" target=""_blank"">@puhrra</a>",124,15,69.174,0.918,8,129,0,1223.8,73.333,0.333,0.867
"<a href=""https://tiktok.com/@pxibi018"" target=""_blank"">@pxibi018</a>",18,5,38.9,0.857,1,10,0,1087.857,26.857,0.714,0
"<a href=""https://tiktok.com/@pxogmdqpa46"" target=""_blank"">@pxogmdqpa46</a>",27,6,60.062,1,2,16,0,1788,33.667,3.333,16.333
"<a href=""https://tiktok.com/@qdcieh"" target=""_blank"">@qdcieh</a>",68,15,19.134,0.976,6,144,0,1246.8,86.4,0.4,0.067
"<a href=""https://tiktok.com/@qkhcht2"" target=""_blank"">@qkhcht2</a>",124,6,61.498,0.944,3,34,0,347.667,9.667,0.167,0.167
"<a href=""https://tiktok.com/@qlkvahinq1huog"" target=""_blank"">@qlkvahinq1huog</a>",96,5,39.583,1,2,17,0,3865.2,157.4,8.6,19.8
"<a href=""https://tiktok.com/@qnphvvhp3wg3jg"" target=""_blank"">@qnphvvhp3wg3jg</a>",99,4,48.917,1,3,24,0,73339.5,926.25,94.75,26.75
"<a href=""https://tiktok.com/@qqq14107"" target=""_blank"">@qqq14107</a>",109,6,54.833,1,2,20,0,1449.333,132.833,5.833,12.167
"<a href=""https://tiktok.com/@quincyshop08"" target=""_blank"">@quincyshop08</a>",1,8,60.511,0.869,7,63,0,930.375,61.875,0.75,0.375
"<a href=""https://tiktok.com/@ququ.anhag"" target=""_blank"">@ququ.anhag</a>",64,6,37.444,1,2,18,0,1779.125,22.5,1.125,0.5
"<a href=""https://tiktok.com/@qvcka2481"" target=""_blank"">@qvcka2481</a>",88,5,59.36,0.86,3,34,0,1572,47,0.2,0.2
"<a href=""https://tiktok.com/@qxsabeqa"" target=""_blank"">@qxsabeqa</a>",41,10,75.471,0.929,2,28,0,1434.75,16,0.083,0.333
"<a href=""https://tiktok.com/@reddit.vztwo"" target=""_blank"">@reddit.vztwo</a>",17,8,46.302,0.929,4,42,0,694.75,21,0.5,1
"<a href=""https://tiktok.com/@reddit1bs"" target=""_blank"">@reddit1bs</a>",13,11,51.687,0.896,5,59,0,1387,29.182,0.182,0.636
"<a href=""https://tiktok.com/@reddit_grayson99"" target=""_blank"">@reddit_grayson99</a>",68,12,21.044,1,5,126,0,1381.667,115.25,0.25,0.417
"<a href=""https://tiktok.com/@reddit_hunt"" target=""_blank"">@reddit_hunt</a>",68,3,20.944,1,2,18,0,1026.667,54.333,0.333,2.667
"<a href=""https://tiktok.com/@reddit_ignatius8"" target=""_blank"">@reddit_ignatius8</a>",122,9,75.25,1,3,35,0,10035.833,141.5,7.833,12.833
"<a href=""https://tiktok.com/@redditpov6"" target=""_blank"">@redditpov6</a>",25,5,67.729,0.917,2,17,0,4705.8,66.2,0.6,6
"<a href=""https://tiktok.com/@redditstory667"" target=""_blank"">@redditstory667</a>",61,6,62.1,0.875,1,10,0,1245.125,65.125,2.5,0.75
"<a href=""https://tiktok.com/@redreddit48"" target=""_blank"">@redreddit48</a>",61,6,28.1,0.875,1,10,0,10370,326.4,1.2,0.9
"<a href=""https://tiktok.com/@refine74"" target=""_blank"">@refine74</a>",90,4,25.25,1,1,8,0,1332.5,121.75,0,0.25
"<a href=""https://tiktok.com/@rfgfghf1"" target=""_blank"">@rfgfghf1</a>",111,6,42.812,0.69,2,17,0,15366.667,110.556,2.778,1
"<a href=""https://tiktok.com/@rhzpbjoqixj"" target=""_blank"">@rhzpbjoqixj</a>",98,6,43.125,1,1,8,0,1145.833,79.5,9,9.667
"<a href=""https://tiktok.com/@rohingyao"" target=""_blank"">@rohingyao</a>",31,10,56.521,0.865,10,111,0,2263.8,104.7,4.4,1.3
"<a href=""https://tiktok.com/@romyzbuhpisgfh"" target=""_blank"">@romyzbuhpisgfh</a>",109,6,41.167,1,1,12,0,1636.167,129.5,10.5,20.333
"<a href=""https://tiktok.com/@rosacasey65"" target=""_blank"">@rosacasey65</a>",36,8,53.822,0.883,5,53,0,1935.25,138.25,2.875,2
"<a href=""https://tiktok.com/@rubin.mervy8"" target=""_blank"">@rubin.mervy8</a>",48,4,52.333,0.75,1,9,0,1014.5,25.25,0.25,1
"<a href=""https://tiktok.com/@rvfdcpqmerituj"" target=""_blank"">@rvfdcpqmerituj</a>",99,6,55,1,1,8,0,854.667,39,3.667,2.833
"<a href=""https://tiktok.com/@ryllskayaqing"" target=""_blank"">@ryllskayaqing</a>",33,9,41.556,0.889,1,9,0,6963.9,271.6,2.9,0.9
"<a href=""https://tiktok.com/@sasapco"" target=""_blank"">@sasapco</a>",31,10,58.402,0.916,9,109,0,1794.2,152.5,1.6,0.9
"<a href=""https://tiktok.com/@satsyou"" target=""_blank"">@satsyou</a>",32,9,41.611,0.882,2,19,0,2174,120.889,2.111,4.556
"<a href=""https://tiktok.com/@scndqxjyehg"" target=""_blank"">@scndqxjyehg</a>",20,6,80.25,1,1,8,0,2527.5,90.167,2.833,10.333
"<a href=""https://tiktok.com/@scqf.cvdv"" target=""_blank"">@scqf.cvdv</a>",44,9,59.595,0.905,3,38,0,502.222,12,0.222,1.222
"<a href=""https://tiktok.com/@sdsdyou"" target=""_blank"">@sdsdyou</a>",31,10,45.75,0.729,2,16,0,5902.1,213.8,3.6,1
"<a href=""https://tiktok.com/@sfagnd"" target=""_blank"">@sfagnd</a>",118,6,78.5,1,2,16,0,94709.333,2595.833,24.833,47.667
"<a href=""https://tiktok.com/@sharleen.howard"" target=""_blank"">@sharleen.howard</a>",3,8,51.461,0.971,5,47,0,990,100,1.125,0.375
"<a href=""https://tiktok.com/@shbsdd2"" target=""_blank"">@shbsdd2</a>",122,9,63.044,1,3,52,0,6607.917,193.667,17.5,33.083
"<a href=""https://tiktok.com/@shgj33"" target=""_blank"">@shgj33</a>",3,7,58.21,0.914,5,45,0,1948.625,56.375,0.375,0.25
"<a href=""https://tiktok.com/@shsjbsxbx"" target=""_blank"">@shsjbsxbx</a>",109,6,67.562,0.929,2,18,0,1196.833,80.167,4.5,12.333
"<a href=""https://tiktok.com/@shuj977"" target=""_blank"">@shuj977</a>",17,9,43.714,0.818,1,14,0,1076.111,42.444,0.556,0.556
"<a href=""https://tiktok.com/@shuy742"" target=""_blank"">@shuy742</a>",17,7,45.286,0.95,2,24,0,905.875,28.5,0.75,0.25
"<a href=""https://tiktok.com/@shvchjds"" target=""_blank"">@shvchjds</a>",32,10,78.556,0.857,1,9,0,4092.7,193.5,1.8,8.4
"<a href=""https://tiktok.com/@skunk.robinsong"" target=""_blank"">@skunk.robinsong</a>",59,8,43.125,0.929,2,16,0,1973.125,125.375,0.5,1.875
"<a href=""https://tiktok.com/@snoshsj"" target=""_blank"">@snoshsj</a>",86,5,33.861,1,2,17,0,1679.4,66.2,0.4,0
"<a href=""https://tiktok.com/@sqifhw"" target=""_blank"">@sqifhw</a>",124,13,65.688,0.917,5,93,0,1367.429,70.143,0.071,0.214
"<a href=""https://tiktok.com/@srepabble5758"" target=""_blank"">@srepabble5758</a>",26,4,42,1,1,8,0,3813.5,135.75,0.5,0.25
"<a href=""https://tiktok.com/@stien.lindag"" target=""_blank"">@stien.lindag</a>",59,7,54.75,0.857,1,8,0,2194.429,111,1,0.429
"<a href=""https://tiktok.com/@stoyouh"" target=""_blank"">@stoyouh</a>",31,9,63.834,0.916,9,106,0,7000.889,150.333,0.889,0.333
"<a href=""https://tiktok.com/@stvhfhj"" target=""_blank"">@stvhfhj</a>",32,10,56.056,0.868,3,27,0,3778.3,112.3,6.8,16.7
"<a href=""https://tiktok.com/@sug7994"" target=""_blank"">@sug7994</a>",17,3,50.5,0.714,1,8,0,535.667,12.667,0.333,0.333
"<a href=""https://tiktok.com/@sumroo.786"" target=""_blank"">@sumroo.786</a>",54,10,85.427,0.875,2,32,0,526.222,53.944,3.111,1.333
"<a href=""https://tiktok.com/@sun.lilym"" target=""_blank"">@sun.lilym</a>",63,7,66.111,0.875,1,9,0,1807.778,58.111,0.444,0.667
"<a href=""https://tiktok.com/@susv0936"" target=""_blank"">@susv0936</a>",69,12,69.977,0.94,5,80,0,784.133,42.133,0.067,0.4
"<a href=""https://tiktok.com/@svpmrjwfqvu2oj"" target=""_blank"">@svpmrjwfqvu2oj</a>",99,5,62.212,0.964,4,34,0,1116.8,58.4,2.4,6
"<a href=""https://tiktok.com/@sweet_driver120"" target=""_blank"">@sweet_driver120</a>",52,7,98.778,1,1,9,0,4636.472,402.472,30.778,4.778
"<a href=""https://tiktok.com/@symg.ynyp"" target=""_blank"">@symg.ynyp</a>",43,6,47.7,1,1,10,0,1110.5,8.5,0,0
"<a href=""https://tiktok.com/@szgrss3"" target=""_blank"">@szgrss3</a>",115,6,27.111,1,1,9,0,7728.1,76.1,1.9,1.5
"<a href=""https://tiktok.com/@tessh95"" target=""_blank"">@tessh95</a>",118,4,66.938,1,4,32,0,2203.5,191.25,1.75,1.75
"<a href=""https://tiktok.com/@tetel4962"" target=""_blank"">@tetel4962</a>",69,10,67.014,0.905,3,38,0,283.385,11.077,0.077,0.077
"<a href=""https://tiktok.com/@text.fc"" target=""_blank"">@text.fc</a>",31,7,52.167,0.944,3,24,0,1950.222,102.556,2.333,0.111
"<a href=""https://tiktok.com/@text690"" target=""_blank"">@text690</a>",31,7,66.875,0.667,1,8,0,7749.375,125.5,4.625,3
"<a href=""https://tiktok.com/@texting592"" target=""_blank"">@texting592</a>",25,6,49.951,0.854,2,17,0,3287.5,32.833,0.167,0.5
"<a href=""https://tiktok.com/@texts178"" target=""_blank"">@texts178</a>",31,7,75.375,0.667,1,8,0,5509.125,190,3.875,13
"<a href=""https://tiktok.com/@textstory781"" target=""_blank"">@textstory781</a>",31,10,67.598,0.813,3,27,0,11819,314,4.2,7.4
"<a href=""https://tiktok.com/@textstyo"" target=""_blank"">@textstyo</a>",32,8,65.198,0.911,3,30,0,3576.375,148.625,3.75,0.5
"<a href=""https://tiktok.com/@thalrn"" target=""_blank"">@thalrn</a>",77,6,46.35,0.917,2,18,0,1285.5,43.5,0.5,0.167
"<a href=""https://tiktok.com/@the.iloveaiicenat"" target=""_blank"">@the.iloveaiicenat</a>",108,6,76.25,1,1,8,0,1413.833,114.667,5.5,12.333
"<a href=""https://tiktok.com/@titme"" target=""_blank"">@titme</a>",13,9,43.796,1,3,32,0,1725,85.5,3.9,1.7
"<a href=""https://tiktok.com/@tiut0219"" target=""_blank"">@tiut0219</a>",72,7,59.173,0.811,3,33,0,703.818,31,0.364,0.636
"<a href=""https://tiktok.com/@tkfjfjjrj"" target=""_blank"">@tkfjfjjrj</a>",6,10,55.396,0.929,2,17,0,4567.5,59.5,0.7,0.8
"<a href=""https://tiktok.com/@todaysfriendshow4"" target=""_blank"">@todaysfriendshow4</a>",17,7,51.938,0.857,2,16,0,1197.667,41.111,0.778,0.444
"<a href=""https://tiktok.com/@toma.rimi"" target=""_blank"">@toma.rimi</a>",22,6,54.972,1,2,27,0,1508.5,28.833,0.833,0.667
"<a href=""https://tiktok.com/@topi.khatun6"" target=""_blank"">@topi.khatun6</a>",18,5,61.4,0.857,1,10,0,1386.778,32.444,0,0.222
"<a href=""https://tiktok.com/@touab4277"" target=""_blank"">@touab4277</a>",94,5,53.907,0.806,2,25,0,1255,44.4,0,0
"<a href=""https://tiktok.com/@tri.nguyenw"" target=""_blank"">@tri.nguyenw</a>",64,9,38.136,0.958,3,32,0,1497.333,21.778,0.111,0.333
"<a href=""https://tiktok.com/@tug35587"" target=""_blank"">@tug35587</a>",118,6,54.208,1,4,40,0,10477.833,511.833,4.167,7.167
"<a href=""https://tiktok.com/@tugx2917"" target=""_blank"">@tugx2917</a>",69,15,82.244,0.98,5,75,0,758.867,29.267,0.267,0.133
"<a href=""https://tiktok.com/@twkg9813"" target=""_blank"">@twkg9813</a>",71,3,52.333,1,1,9,0,674,18.333,0,0
"<a href=""https://tiktok.com/@ubhutfrx"" target=""_blank"">@ubhutfrx</a>",1,10,60.607,0.883,11,112,0,1447.3,56.5,1.6,0.7
"<a href=""https://tiktok.com/@ucmanprodl1"" target=""_blank"">@ucmanprodl1</a>",19,8,47.724,0.958,3,31,0,899.5,25.375,0.75,2
"<a href=""https://tiktok.com/@uehjkb3487"" target=""_blank"">@uehjkb3487</a>",99,4,38.875,1,6,48,0,2181,69.75,8.75,54
"<a href=""https://tiktok.com/@uest1280"" target=""_blank"">@uest1280</a>",71,3,52.333,1,1,9,0,306.333,4.333,0,0
"<a href=""https://tiktok.com/@ufsc8075"" target=""_blank"">@ufsc8075</a>",72,12,57.755,0.944,3,51,0,2326.417,71.167,0.5,1.417
"<a href=""https://tiktok.com/@uiavao.bskvai"" target=""_blank"">@uiavao.bskvai</a>",6,9,62.667,1,1,9,0,1509.444,48.556,0.889,0.111
"<a href=""https://tiktok.com/@ulrikesteuber"" target=""_blank"">@ulrikesteuber</a>",11,7,46.333,1,2,17,0,818.714,22.714,0.857,2.429
"<a href=""https://tiktok.com/@uoxu.wcbk"" target=""_blank"">@uoxu.wcbk</a>",43,8,34.65,0.85,2,20,0,2672.333,25,0,1
"<a href=""https://tiktok.com/@uqpqhqg"" target=""_blank"">@uqpqhqg</a>",121,10,30.444,1,3,28,0,2345.6,80.6,0.4,2
"<a href=""https://tiktok.com/@urdu9708"" target=""_blank"">@urdu9708</a>",72,7,77.987,0.944,3,45,0,1390.444,67,0.333,0.333
"<a href=""https://tiktok.com/@urhkk"" target=""_blank"">@urhkk</a>",37,6,58.875,0.857,1,8,0,2382.167,79.5,0.75,0
"<a href=""https://tiktok.com/@user1203613923425"" target=""_blank"">@user1203613923425</a>",12,6,52.5,0.857,1,8,0,1023.333,27.833,1.333,4.167
"<a href=""https://tiktok.com/@user1222333836866"" target=""_blank"">@user1222333836866</a>",42,8,43.542,0.774,2,17,0,5247.8,49.9,0.4,17.3
"<a href=""https://tiktok.com/@user16909390140293"" target=""_blank"">@user16909390140293</a>",39,3,26,1,1,9,0,1733.333,32,0.5,0.5
"<a href=""https://tiktok.com/@user19468614708518"" target=""_blank"">@user19468614708518</a>",16,7,50.909,0.95,2,23,0,21988.571,446.714,3.571,130.143
"<a href=""https://tiktok.com/@user2810315813972"" target=""_blank"">@user2810315813972</a>",35,8,47.444,1,1,9,0,1414.5,92,2,1
"<a href=""https://tiktok.com/@user2903556969068"" target=""_blank"">@user2903556969068</a>",13,8,50.915,0.917,3,29,0,1447.125,32,1.5,8.125
"<a href=""https://tiktok.com/@user2910719010242"" target=""_blank"">@user2910719010242</a>",23,4,59.5,1,1,8,0,1017.25,22.75,0.25,2.75
"<a href=""https://tiktok.com/@user2932993437321"" target=""_blank"">@user2932993437321</a>",13,8,43.106,1,3,25,0,1689.625,44.875,0,2.125
"<a href=""https://tiktok.com/@user3154950400581"" target=""_blank"">@user3154950400581</a>",35,8,47.444,1,1,9,0,2117.5,161.25,1.25,4.125
"<a href=""https://tiktok.com/@user3213356160756"" target=""_blank"">@user3213356160756</a>",124,5,73.123,1,2,23,0,259.231,10.462,0,0
"<a href=""https://tiktok.com/@user3269067988455"" target=""_blank"">@user3269067988455</a>",109,6,49.023,1,4,35,0,544.333,37.333,0.667,4.5
"<a href=""https://tiktok.com/@user33450120083591"" target=""_blank"">@user33450120083591</a>",124,5,62.341,0.778,3,33,0,263.077,8,0,0
"<a href=""https://tiktok.com/@user3525275284298"" target=""_blank"">@user3525275284298</a>",99,4,53.464,1,7,56,0,2975.75,19.25,2.5,3.5
"<a href=""https://tiktok.com/@user3543260092180"" target=""_blank"">@user3543260092180</a>",75,7,63.892,0.855,2,27,0,2772.875,187.75,0.75,1.125
"<a href=""https://tiktok.com/@user386963311513"" target=""_blank"">@user386963311513</a>",13,8,40.708,0.958,3,26,0,1513.625,36.5,1.5,6
"<a href=""https://tiktok.com/@user4080460677683"" target=""_blank"">@user4080460677683</a>",5,10,47.375,1,1,8,0,2770.4,187.2,1.2,1.8
"<a href=""https://tiktok.com/@user4148379047616"" target=""_blank"">@user4148379047616</a>",33,10,37.34,0.873,2,17,0,1179.3,81,0.4,0
"<a href=""https://tiktok.com/@user4181021201798"" target=""_blank"">@user4181021201798</a>",13,8,50.25,1,1,8,0,1318.125,23.875,1.25,3.125
"<a href=""https://tiktok.com/@user50065457091245"" target=""_blank"">@user50065457091245</a>",16,6,50.544,0.875,2,19,0,2554.5,51.5,1.5,14
"<a href=""https://tiktok.com/@user5107401810761"" target=""_blank"">@user5107401810761</a>",99,6,53.025,0.986,10,85,0,3753.5,121.5,8.167,28.5
"<a href=""https://tiktok.com/@user5626060056906"" target=""_blank"">@user5626060056906</a>",1,9,57.281,0.959,7,63,0,3382.222,187.889,3,1
"<a href=""https://tiktok.com/@user59010441107517"" target=""_blank"">@user59010441107517</a>",16,8,52.564,0.825,2,24,0,2125.5,33.625,0.625,3.125
"<a href=""https://tiktok.com/@user61085841585986"" target=""_blank"">@user61085841585986</a>",21,5,51.25,0.857,1,8,0,1317.833,31.833,0.333,2.333
"<a href=""https://tiktok.com/@user6186701630842"" target=""_blank"">@user6186701630842</a>",13,8,40.933,0.963,3,28,0,2048,49.5,0.625,2.375
"<a href=""https://tiktok.com/@user6922385284275"" target=""_blank"">@user6922385284275</a>",1,9,48.555,0.921,5,49,0,3123.111,137.444,6.222,2.889
"<a href=""https://tiktok.com/@user7552715418111"" target=""_blank"">@user7552715418111</a>",100,4,38.5,1,1,8,0,909.25,46.5,3.5,11.25
"<a href=""https://tiktok.com/@user7605976152392"" target=""_blank"">@user7605976152392</a>",3,9,55.864,0.912,7,68,0,1895.889,57.111,1.333,0.444
"<a href=""https://tiktok.com/@user81444195333"" target=""_blank"">@user81444195333</a>",66,4,67.625,1,1,8,0,14276.5,210.25,10.25,6
"<a href=""https://tiktok.com/@user8508148033286"" target=""_blank"">@user8508148033286</a>",7,10,58.311,0.929,2,19,0,1275.1,67,0.5,0.9
"<a href=""https://tiktok.com/@user8653602093025"" target=""_blank"">@user8653602093025</a>",13,7,48.736,0.866,4,33,0,2815,54.375,0.375,3.375
"<a href=""https://tiktok.com/@user8794483655797"" target=""_blank"">@user8794483655797</a>",13,7,54.273,0.838,3,27,0,1968.286,43.714,0.286,4.714
"<a href=""https://tiktok.com/@user8847609801518"" target=""_blank"">@user8847609801518</a>",12,6,52.5,0.857,1,8,0,707.667,20.833,3.667,2
"<a href=""https://tiktok.com/@user9141790504944"" target=""_blank"">@user9141790504944</a>",24,4,45.75,1,1,8,0,1262.25,17.75,0,0.25
"<a href=""https://tiktok.com/@user9478290398115"" target=""_blank"">@user9478290398115</a>",23,4,59.5,1,1,8,0,737,19.75,0,2.5
"<a href=""https://tiktok.com/@user9545613515904"" target=""_blank"">@user9545613515904</a>",29,4,48.25,1,2,16,0,13464.75,527,7.5,14.75
"<a href=""https://tiktok.com/@user9724456321051"" target=""_blank"">@user9724456321051</a>",7,10,59.065,0.897,3,29,0,1493.7,59.4,0.4,0.3
"<a href=""https://tiktok.com/@username.12345301"" target=""_blank"">@username.12345301</a>",56,6,88,0.714,1,16,0,104212.533,548.233,6.633,27.3
"<a href=""https://tiktok.com/@username.12365478"" target=""_blank"">@username.12365478</a>",54,4,94.9,0.75,1,10,0,659.5,49.75,12.083,1.833
"<a href=""https://tiktok.com/@username.1545465"" target=""_blank"">@username.1545465</a>",55,6,101.692,0.833,1,13,0,144.5,17.056,1.778,0.056
"<a href=""https://tiktok.com/@username.64754675"" target=""_blank"">@username.64754675</a>",55,9,101.692,0.833,1,13,0,13818.062,1555.688,57.562,82.125
"<a href=""https://tiktok.com/@usjg2117"" target=""_blank"">@usjg2117</a>",69,15,70.624,0.948,6,70,0,500.2,26.733,0.267,0.2
"<a href=""https://tiktok.com/@uxudhqnbwmws"" target=""_blank"">@uxudhqnbwmws</a>",109,5,53.757,0.833,2,17,0,990.2,75.4,1.8,5.2
"<a href=""https://tiktok.com/@uyiy1286"" target=""_blank"">@uyiy1286</a>",119,8,54.405,0.875,3,42,0,1441.125,63.75,2.375,1.5
"<a href=""https://tiktok.com/@v.if77"" target=""_blank"">@v.if77</a>",15,8,39.116,0.936,3,40,0,1559.625,48,0.5,0.25
"<a href=""https://tiktok.com/@vedrdzy"" target=""_blank"">@vedrdzy</a>",83,5,21.25,0.857,1,8,0,1505.167,77.333,0.333,0.167
"<a href=""https://tiktok.com/@verity.holland"" target=""_blank"">@verity.holland</a>",7,10,56.617,0.929,2,22,0,1493.5,77.6,0.5,0.2
"<a href=""https://tiktok.com/@vghf668"" target=""_blank"">@vghf668</a>",14,9,53.583,0.917,2,20,0,1183.667,60,0.556,0.111
"<a href=""https://tiktok.com/@video.of38"" target=""_blank"">@video.of38</a>",14,5,33.75,1,1,8,0,1340.714,31.286,0,0.143
"<a href=""https://tiktok.com/@vitsu.alec1"" target=""_blank"">@vitsu.alec1</a>",48,7,47.247,0.826,5,45,0,9373.143,101,0.714,1.143
"<a href=""https://tiktok.com/@viyjgiwk"" target=""_blank"">@viyjgiwk</a>",41,10,59.819,0.929,2,17,0,14007.9,142.5,7.2,26.2
"<a href=""https://tiktok.com/@voie3340"" target=""_blank"">@voie3340</a>",74,3,29.833,0.75,1,12,0,546.833,26.667,0.333,0.833
"<a href=""https://tiktok.com/@vomfir2"" target=""_blank"">@vomfir2</a>",82,4,15.25,1,1,8,0,433,19.75,0,0
"<a href=""https://tiktok.com/@vshwiy2868"" target=""_blank"">@vshwiy2868</a>",17,7,47.357,0.909,2,22,0,1052.5,29.5,1,1.125
"<a href=""https://tiktok.com/@vsuau5"" target=""_blank"">@vsuau5</a>",117,6,61.139,1,3,28,0,2269.667,100.333,1.167,0.333
"<a href=""https://tiktok.com/@vxissvsb"" target=""_blank"">@vxissvsb</a>",93,5,46.5,1,1,8,0,956.6,44,1.2,0
"<a href=""https://tiktok.com/@vybdcvhnpljsid"" target=""_blank"">@vybdcvhnpljsid</a>",107,5,49.75,0.714,1,8,0,7371.667,407.167,15.333,40.333
"<a href=""https://tiktok.com/@walct2828"" target=""_blank"">@walct2828</a>",88,5,52.153,0.889,3,28,0,142.2,3.8,0.2,0.2
"<a href=""https://tiktok.com/@walke.lowe"" target=""_blank"">@walke.lowe</a>",67,9,34.778,0.917,2,17,0,15790.4,184.9,15.1,7.6
"<a href=""https://tiktok.com/@was07252"" target=""_blank"">@was07252</a>",38,11,66.273,1,1,11,0,2583.909,165.727,2.182,0.636
"<a href=""https://tiktok.com/@wataiexkotoar"" target=""_blank"">@wataiexkotoar</a>",102,3,56.486,0.8,2,17,0,710,36,1.667,0.667
"<a href=""https://tiktok.com/@watts4718"" target=""_blank"">@watts4718</a>",28,5,27.556,1,1,9,0,2066.167,47,4.5,16.5
"<a href=""https://tiktok.com/@wbakf3819"" target=""_blank"">@wbakf3819</a>",94,6,51.292,0.917,2,25,0,5184.5,147.667,0,0.167
"<a href=""https://tiktok.com/@wede35"" target=""_blank"">@wede35</a>",47,13,63.773,0.809,5,69,0,3242.308,72.846,0.846,3.462
"<a href=""https://tiktok.com/@wevbocr"" target=""_blank"">@wevbocr</a>",84,8,42.208,0.889,2,20,0,3278.875,63.25,1.375,0.25
"<a href=""https://tiktok.com/@wgslhe"" target=""_blank"">@wgslhe</a>",124,14,74.202,0.86,5,101,0,940.429,38.214,0.071,0.143
"<a href=""https://tiktok.com/@whcks2274"" target=""_blank"">@whcks2274</a>",88,3,34.389,1,2,18,0,1109,26.667,0.333,0
"<a href=""https://tiktok.com/@whdka3278"" target=""_blank"">@whdka3278</a>",88,4,42.19,0.736,3,25,0,560.25,14.5,0,0
"<a href=""https://tiktok.com/@wiate.doni0"" target=""_blank"">@wiate.doni0</a>",48,6,40.504,0.892,4,38,0,1774,39,0.667,0.667
"<a href=""https://tiktok.com/@wiqg8225"" target=""_blank"">@wiqg8225</a>",69,15,53.679,0.95,4,53,0,525.8,28.733,0.2,0.533
"<a href=""https://tiktok.com/@wive0570"" target=""_blank"">@wive0570</a>",69,12,59.741,0.963,3,45,0,2263.25,55.917,0.5,3.833
"<a href=""https://tiktok.com/@wjdsn4199"" target=""_blank"">@wjdsn4199</a>",81,7,54.667,1,1,9,0,750.125,36.875,0,0.25
"<a href=""https://tiktok.com/@wmlimxussfxn2n"" target=""_blank"">@wmlimxussfxn2n</a>",109,5,64.188,1,2,16,0,1132,59.4,1.8,8.2
"<a href=""https://tiktok.com/@wnalc1228"" target=""_blank"">@wnalc1228</a>",87,5,60.75,1,1,8,0,520.833,13.167,0.167,0
"<a href=""https://tiktok.com/@wndla4862"" target=""_blank"">@wndla4862</a>",88,7,37.636,0.889,6,55,0,1200.571,52.429,0.143,0.143
"<a href=""https://tiktok.com/@wnxlr7248"" target=""_blank"">@wnxlr7248</a>",88,5,44.423,0.964,4,39,0,3622.6,124.6,5,0.4
"<a href=""https://tiktok.com/@wojta.or"" target=""_blank"">@wojta.or</a>",13,11,56.361,0.891,7,73,0,1463.636,61.182,0.364,0.364
"<a href=""https://tiktok.com/@wout1262"" target=""_blank"">@wout1262</a>",119,6,56.875,1,2,16,0,2746,116.667,2.167,2.167
"<a href=""https://tiktok.com/@woyaofadacai0"" target=""_blank"">@woyaofadacai0</a>",99,4,60.028,1,9,72,0,1779.75,49.5,1.75,3.5
"<a href=""https://tiktok.com/@wroe.edith6"" target=""_blank"">@wroe.edith6</a>",48,6,41.444,0.857,1,9,0,3487.833,66.5,0.833,0.333
"<a href=""https://tiktok.com/@wsbhd0"" target=""_blank"">@wsbhd0</a>",117,6,51.556,1,3,28,0,1867.333,71.833,1.167,0.333
"<a href=""https://tiktok.com/@wsfj4"" target=""_blank"">@wsfj4</a>",117,8,49.506,0.944,3,30,0,2337.125,145.625,1.5,0.875
"<a href=""https://tiktok.com/@wss042"" target=""_blank"">@wss042</a>",38,10,66.273,1,1,11,0,139329.818,7167.273,42.909,28.182
"<a href=""https://tiktok.com/@wuge2639"" target=""_blank"">@wuge2639</a>",69,15,72.134,0.898,5,69,0,549.467,23.267,0.133,0.133
"<a href=""https://tiktok.com/@wzcvm2228i"" target=""_blank"">@wzcvm2228i</a>",88,5,22.556,1,1,9,0,1115.8,26.2,0.8,0
"<a href=""https://tiktok.com/@xbhyudvqeq2lki"" target=""_blank"">@xbhyudvqeq2lki</a>",99,4,78.375,1,1,8,0,711,54.5,2.5,4
"<a href=""https://tiktok.com/@xchinaqueen1"" target=""_blank"">@xchinaqueen1</a>",58,3,80.5,0.8,1,8,0,977.333,71,3.25,0.167
"<a href=""https://tiktok.com/@xchinaqueen2"" target=""_blank"">@xchinaqueen2</a>",58,11,85.221,0.733,2,25,0,139.083,10.417,0.417,0
"<a href=""https://tiktok.com/@xchinaqueen3"" target=""_blank"">@xchinaqueen3</a>",58,7,89.941,0.667,1,17,0,250.812,8.375,1,0.188
"<a href=""https://tiktok.com/@xchinaqueen5"" target=""_blank"">@xchinaqueen5</a>",57,13,93.278,0.923,1,36,0,647.062,26.812,2.625,0.375
"<a href=""https://tiktok.com/@xchinaqueen6"" target=""_blank"">@xchinaqueen6</a>",57,12,93.278,0.923,1,36,0,222.167,22.056,2.167,0.389
"<a href=""https://tiktok.com/@xhjsjsgd6362"" target=""_blank"">@xhjsjsgd6362</a>",93,6,37.125,1,2,16,0,978.167,50,0.333,0
"<a href=""https://tiktok.com/@xiaoheiyang11"" target=""_blank"">@xiaoheiyang11</a>",95,5,69.5,0.833,1,8,0,742,37,1.8,0.2
"<a href=""https://tiktok.com/@xihz9643"" target=""_blank"">@xihz9643</a>",73,11,40.935,0.861,3,54,0,930.636,41,0.091,1.636
"<a href=""https://tiktok.com/@xlhxhlxlh8"" target=""_blank"">@xlhxhlxlh8</a>",88,5,29.853,1,3,30,0,1837.6,188.2,1.4,0.8
"<a href=""https://tiktok.com/@xqcqnznspmivhz"" target=""_blank"">@xqcqnznspmivhz</a>",103,3,40.5,1,1,8,0,135,5.333,0.667,0.333
"<a href=""https://tiktok.com/@xquplfcwmvyngj"" target=""_blank"">@xquplfcwmvyngj</a>",102,3,53.549,0.8,2,17,0,378.333,14.667,1.333,1
"<a href=""https://tiktok.com/@xxeolwmfkycbc"" target=""_blank"">@xxeolwmfkycbc</a>",107,5,35.375,0.857,1,8,0,1047,68,2.8,1.8
"<a href=""https://tiktok.com/@xxii911"" target=""_blank"">@xxii911</a>",31,10,55.973,0.922,7,80,0,2233.8,105.3,5.6,1.5
"<a href=""https://tiktok.com/@xzkxuvsrpkze"" target=""_blank"">@xzkxuvsrpkze</a>",107,6,46.507,0.826,4,33,0,1665.167,104.333,2.667,12.333
"<a href=""https://tiktok.com/@yelm.boor"" target=""_blank"">@yelm.boor</a>",67,8,52.818,0.958,4,37,0,8906.2,118.9,2.6,3.2
"<a href=""https://tiktok.com/@yibaiwan112233"" target=""_blank"">@yibaiwan112233</a>",96,4,44.375,1,2,16,0,1687.5,55,6.75,1
"<a href=""https://tiktok.com/@yiitsukb"" target=""_blank"">@yiitsukb</a>",36,8,45.958,0.944,3,28,0,1371.75,107.75,0.375,1.5
"<a href=""https://tiktok.com/@you.texts"" target=""_blank"">@you.texts</a>",32,8,63.858,0.905,3,26,0,21445,462.2,25.2,21.7
"<a href=""https://tiktok.com/@yowbc4277"" target=""_blank"">@yowbc4277</a>",94,6,46.898,0.944,4,43,0,1971.833,75.5,0.667,0.167
"<a href=""https://tiktok.com/@yppynsqgmqt"" target=""_blank"">@yppynsqgmqt</a>",102,3,80.812,0.8,2,16,0,588.667,24.667,2.333,0.333
"<a href=""https://tiktok.com/@ytrq8081"" target=""_blank"">@ytrq8081</a>",70,15,77.628,0.952,3,99,0,1693.4,72.733,1,0.267
"<a href=""https://tiktok.com/@yyvlcropyjdql"" target=""_blank"">@yyvlcropyjdql</a>",107,6,47.75,0.857,1,8,0,923.5,60,4.333,8.167
"<a href=""https://tiktok.com/@zdfyzr8"" target=""_blank"">@zdfyzr8</a>",78,4,32,1,1,8,0,887.6,76,1,0.2
"<a href=""https://tiktok.com/@zsdx184"" target=""_blank"">@zsdx184</a>",49,9,80.284,0.625,2,23,0,3630.778,71.556,0.111,1.111
"<a href=""https://tiktok.com/@ztctmxt"" target=""_blank"">@ztctmxt</a>",84,6,22.167,0.778,1,12,0,4013.833,95,2.5,0.167
"<a href=""https://tiktok.com/@zvdkadppdgan"" target=""_blank"">@zvdkadppdgan</a>",110,4,33.75,1,2,16,0,1498.5,59.75,1.5,5.25
"<a href=""https://tiktok.com/@zvjsl"" target=""_blank"">@zvjsl</a>",118,6,54.833,1,3,32,0,3159,45.667,1.167,0.167
"<a href=""https://tiktok.com/@zxvb736"" target=""_blank"">@zxvb736</a>",49,7,47.682,0.931,3,48,0,5834.714,106.429,0.857,21.429
"<a href=""https://tiktok.com/@zzxss134"" target=""_blank"">@zzxss134</a>",119,10,51.857,0.969,4,54,0,3735.2,99.3,1.5,1.8
