"Network","Number of Accounts","Network Density","Network Diameter","Clustering Coefficient","Avg Views","Avg Likes","Avg Comments","Avg Shares","Member Accounts"
1,19,0.345,34,0.494,2539.515,125.388,2.309,2.461,"hcodifb, chantalkusch, jdpdosj, jdpxorjf, jtcytxyzey, quincyshop08, ubhutfrx, luisina.riihimaki, user5626060056906, krug011, be.jkigv, jfufrehcdh, fughf21, jsosjxj8, bmc12655, irdc042, fdijc3, jfkovj5, user6922385284275"
2,2,1,8,0,4394.333,109,1.944,1.667,"aed7p4, debran.oxonrp00"
3,9,0.611,19,0.69,2057.282,88.795,1.231,1.41,"gduhx01, hdhxh3484, fduic5, aedhdjcoof, sharleen.howard, lxjjc, shgj33, aedgslpxjx, user7605976152392"
4,5,0.5,27,0.5,1409.705,54.5,0.591,0.591,"aedhdici, aedyckctu, hdr86575, fauy8466, jfdd653"
5,2,1,8,0,3562.368,247.474,1.947,1.316,"craig.harrell0, user4080460677683"
6,3,0.667,17,0,8529.88,125.52,2.32,1.2,"uiavao.bskvai, tkfjfjjrj, eb.bg7"
7,7,0.429,42,0.529,2321.397,89.75,0.985,1.176,"ayden.riverad, jdkckcj2, hullen.nguyen, user8508148033286, user9724456321051, cbjf05, verity.holland"
8,2,1,8,0,1525.25,55.85,0.8,0.8,"elvistrevelyan0204, gjbgikh"
9,2,1,12,0,3049.75,68.375,2,6.938,"aedvjdfjfj48528, kim.jong4379"
10,2,1,10,0,1244.867,32.133,0.667,5,"lawrenceharvey54, onikacaylie"
11,5,0.4,31,0,1169.326,39.283,0.652,3.457,"mong.khuu, nfyk.emma, marjoriecarrie0525, marisol.rath, ulrikesteuber"
12,2,1,8,0,865.5,24.333,2.5,3.083,"user1203613923425, user8847609801518"
13,14,0.242,39,0.429,1496.752,42.513,0.841,2.398,"user4181021201798, user8794483655797, user386963311513, user6186701630842, user2903556969068, mulask57, user2932993437321, reddit1bs, user8653602093025, titme, ggih3179, monalisa7988, bsyg2865, wojta.or"
14,5,0.4,31,0,1395.111,47.194,0.361,0.222,"c.ts24, vghf668, j.uv586, berez.paulo, video.of38"
15,4,1,16,1,1139,36.452,0.387,0.387,"gfg6705, fhvf210, hdbjx72, v.if77"
16,3,1,14,1,8869.095,176.429,1.857,48.571,"user59010441107517, user19468614708518, user50065457091245"
17,8,0.321,50,0.375,947.833,30.017,0.75,0.933,"reddit.vztwo, todaysfriendshow4, shuy742, shuj977, vshwiy2868, cainima888, carbloggera, sug7994"
18,3,0.667,20,0,1287.24,42.44,0.48,0.08,"hsbuz8, topi.khatun6, pxibi018"
19,7,0.429,33,0.45,2890.905,104.262,2.905,11.095,"alejkityuoo, bsbwphji4xu, aleaa0249, anpebsaxgu9, buslmigf7dn, ale2r35, ucmanprodl1"
20,2,1,8,0,1913.667,55.5,1.667,6,"hlnvan42749s, scndqxjyehg"
21,2,1,8,0,1333.333,31.417,1.75,11.833,"hitomorrow81, user61085841585986"
22,3,1,18,1,1143.562,28.438,0.438,0.75,"fhuc22, omi.poni0, toma.rimi"
23,2,1,8,0,877.125,21.25,0.125,2.625,"user9478290398115, user2910719010242"
24,2,1,8,0,12347.375,126,0.875,13,"ntijbfvwvlj126, user9141790504944"
25,3,1,9,1,4465.941,47.353,0.529,2.824,"texting592, karlamoran19677, redditpov6"
26,2,1,8,0,2386,79.125,0.5,3.125,"srepabble5758, gichiecemila"
27,5,0.5,25,0.5,1445.4,38,1.467,7.3,"ddeaxmelj72, goodbye17507, nhfr48186js, hockey2840, pxogmdqpa46"
28,2,1,9,0,1711.917,51,2.583,8.417,"bcc662, watts4718"
29,3,1,8,1,6078.667,278.5,3.167,5.333,"hckcudh1, aedjxpxodj, user9545613515904"
30,2,1,8,0,8733,205.5,7.7,16.7,"emma.stonegdocg, emmastone711"
31,15,0.419,35,0.737,4483.359,164.451,3.549,3.014,"landscape5670, ktsfyh, dtkwod, rohingyao, crtyougo, stoyouh, sasapco, hdryxd, cagnhd, sdsdyou, texts178, text690, text.fc, textstory781, xxii911"
32,6,0.533,25,0.375,8113.696,223.964,7.589,12.089,"shvchjds, stvhfhj, fjjgdvx, satsyou, textstyo, you.texts"
33,3,0.667,17,0,3405.222,151.741,1.37,0.407,"ksndfmggf, ryllskayaqing, user4148379047616"
34,2,1,8,0,2006.125,56,1.25,0.125,"emma.stonegis, fkfdnd"
35,2,1,9,0,1766,126.625,1.625,2.562,"user3154950400581, user2810315813972"
36,9,0.361,48,0.6,1710.897,118.971,2.235,4.279,"cx.b28, fjyukfjjf, geievertu8, djm9r, hdidkser0, gf.nj97, rosacasey65, gutieyy7, yiitsukb"
37,2,1,8,0,1885.583,80.667,1.125,0.083,"799ihgb, urhkk"
38,2,1,11,0,70956.864,3666.5,22.545,14.409,"was07252, wss042"
39,2,1,9,0,3005.4,24.4,0.3,0.4,"fhkundshunk, user16909390140293"
40,3,0.667,20,0,2660.263,34.605,3.526,1.105,"awcc.jqhh, pehcpohz, mmhpbybt"
41,3,1,17,1,5487.972,55.889,2.528,10.111,"viyjgiwk, awbe.nevx, qxsabeqa"
42,3,1,10,1,4846.84,46.4,0.28,14.88,"idngdicg, axff.crys, user1222333836866"
43,5,0.6,29,0.6,2944.628,23.233,0.395,12.907,"hnxy.seym, uoxu.wcbk, eumb.pcdw, chzk.uvuw, symg.ynyp"
44,4,1,14,1,2826.556,25.194,0.444,9.611,"czhc.bkyd, oxkympku, ccvoyrnu, scqf.cvdv"
45,2,1,9,0,3309.938,104.812,1.438,2.5,"eudazpstrvf, fugfuj33"
46,2,1,10,0,33141.944,1194.056,4.167,10,"dvvsaag, mnabkkop"
47,6,1,23,1,3481.05,79.438,0.45,1.512,"aed0267, jvhb240, aed2750, cfdc18, jajsjsn56, wede35"
48,8,0.5,28,0.667,9029.558,192.308,1.654,16.5,"rubin.mervy8, battl.kray, osb.remo, benedossie2, vitsu.alec1, lawgray3, wiate.doni0, wroe.edith6"
49,5,0.8,28,0.789,23104.263,361.368,1,7.158,"iiuu553, dthh824, jvtvc3, zsdx184, zxvb736"
50,2,1,12,0,125.368,14.088,1.123,0.158,"amazing_seeet120, cutedriver120"
51,2,1,8,0,409.943,44.6,3.714,0.914,"cutequeen_driver120, chummi_queen1"
52,2,1,9,0,3488.226,308.868,22.887,5.358,"amazinggirl_120, sweet_driver120"
53,2,1,17,0,10852.759,412.793,15.276,9.034,"djskgikeejk8, mdsdz2"
54,4,0.5,57,0,524,46.225,3.901,1.324,"sumroo.786, chuma_g1, china_cutegirl22, username.12365478"
55,2,1,13,0,6579.118,741.118,28.029,38.676,"username.1545465, username.64754675"
56,2,1,16,0,66721.426,366.766,5.298,17.766,"kamlisarkar_0, username.12345301"
57,2,1,36,0,422.118,24.294,2.382,0.382,"xchinaqueen5, xchinaqueen6"
58,3,0.667,25,0,435.25,27.775,1.5,0.125,"xchinaqueen1, xchinaqueen2, xchinaqueen3"
59,3,0.667,16,0,3617,137.909,0.955,2.182,"skunk.robinsong, drape.ivoe, stien.lindag"
60,2,1,9,0,2803.529,113.059,0.412,2.647,"bowro.jpp, bagge.hazelk"
61,4,0.5,20,0,3954.143,157.743,1.6,0.971,"redditstory667, pjk3357, bbjqnch, redreddit48"
62,4,1,15,1,4682.171,94.114,2,2.543,"aseng.haymong, lanora.haskely, carlos.alberto.al886, khanh.phukhh"
63,2,1,9,0,2118.389,47.833,0.944,0.556,"ilges.estelwei, sun.lilym"
64,4,0.667,23,0.6,3234.306,36.167,1.861,3.639,"mnbub4, amkgvx, ququ.anhag, tri.nguyenw"
65,2,1,8,0,1962.2,51,0.85,0.5,"bloodcarme5, liliana.owyngk"
66,4,0.5,19,0,5375.793,83.276,4.759,1.862,"dddgggg63, markryan688, user81444195333, niyebuya"
67,5,0.7,17,0.6,8387.4,123.16,6.94,3.42,"cuc.thu243, phong.ngoc76, walke.lowe, cxd.shd, yelm.boor"
68,7,0.81,45,0.887,1045.089,80.1,0.356,0.333,"ciojkb, khfbou, kubjij, qdcieh, hojdmc, reddit_hunt, reddit_grayson99"
69,13,0.346,63,0.551,742.011,31.203,0.219,1.112,"givi0331, usjg2117, wiqg8225, susv0936, isce0690, tugx2917, isge0853, tetel4962, isgs5669, fhxk1941, bkot6010, wuge2639, wive0570"
70,10,0.444,90,0.797,1372.867,53.559,0.469,0.538,"ghhj8554, bvoo3130, dijx3903, fhda78402, drgd8391, eiej4325, jccj44506, jkuy0534, okay11732, ytrq8081"
71,2,1,9,0,490.167,11.333,0,0,"twkg9813, uest1280"
72,10,0.289,76,0.625,1055.148,46.111,0.296,0.753,"cjire9104, cjur6297, tiut0219, hehs5037, dhhi6645, hrsy60677, fiir2712, fkir2290, urdu9708, ufsc8075"
73,4,0.833,20,0.75,2328.163,80.628,0.256,1.86,"clirr5282, gjguq6894, fnnf8890, xihz9643"
74,4,0.667,30,0.6,1190.971,64.294,0.441,0.971,"coirf88774, courr1227, gour2295, voie3340"
75,3,1,16,1,2722.2,193.95,0.75,0.95,"eden70188, deep.sea_2, user3543260092180"
76,2,1,8,0,1396.286,68.929,0.5,0.071,"lakrin9, dxsmlj"
77,3,1,10,1,1204.944,51.611,0.667,0.222,"hvtcan, cthvbg, thalrn"
78,2,1,8,0,738.182,44.909,0.455,0.091,"mbxuwf, zdfyzr8"
79,2,1,12,0,760.417,36.75,0.833,0.167,"njjyaey5, oidufc"
80,2,1,8,0,769,26,0.25,0,"cbwcxe, cghwqj"
81,2,1,9,0,1697.588,35.118,0.118,0.118,"dcjnd3425, wjdsn4199"
82,2,1,8,0,956.875,26.375,0.125,0.25,"olrsyrt7, vomfir2"
83,2,1,8,0,1744.714,66.357,0.714,0.429,"mjbwysq6, vedrdzy"
84,4,0.5,30,0,2448.071,78.429,1.321,0.286,"wevbocr, nqkwvc, maemeg7, ztctmxt"
85,3,0.667,16,0,2058.812,125.625,0.625,0.312,"nhllos8, leoraf9, fteecfs"
86,17,0.221,43,0.51,1796.172,79.747,0.909,0.364,"cjdjfcn, avelina.asucen, cnatk3189, bxjzjsns0, kacbr2774, hxjdsj34, hdvhds4, bxuzba, hzhdhs, ncsfo3287, jshszh6382, 1yrogls, nxpsa4288, ncjfhyrsdj, bxjxhxt, duuff30, snoshsj"
87,2,1,8,0,1296.182,42.273,0.455,0.273,"wnalc1228, ducwk5858"
88,13,0.295,49,0.527,1764.463,61.119,0.776,0.224,"bxkke4723, acsge1347, qvcka2481, wnxlr7248, opgse4909, wndla4862, whcks2274, walct2828, wzcvm2228i, anxmd2388, whdka3278, nidaye81, xlhxhlxlh8"
89,3,1,10,1,4306.467,81.933,1.133,0.733,"hwvrok, ljpjvh, oljclk"
90,2,1,8,0,1836.5,114.125,0.75,0.25,"pdilul, refine74"
91,2,1,8,0,1944.375,127.25,1.125,0.5,"evfdmzl, bixukf"
92,2,1,8,0,1206.75,59.875,0.75,0.75,"awmilke, kdywnty"
93,3,0.667,16,0,1022.706,47.412,0.647,0,"jdjsbs94, vxissvsb, xhjsjsgd6362"
94,7,0.476,32,0.545,2074.41,81,0.205,0.128,"touab4277, wbakf3819, bakaf3280, chduc6, baxor3828, 1qwdjjd, yowbc4277"
95,8,0.357,26,0.36,33866,984.628,9.372,17.279,"dfymbkhajhbhae, baomeijing67, huoqilaiya, labubu5252, kedcemqthbmxx, dddunkkftacnib, baobaiwan888, xiaoheiyang11"
96,3,1,9,1,2455.286,115.143,6.714,12.429,"qlkvahinq1huog, duidsifsogs, yibaiwan112233"
97,5,0.5,25,0.5,43354.464,3611.464,54.571,339.893,"labubushiping51, cxlpodwzefzoe, pmvlqfdkiyxv, ancmleilrbge, familo.text6"
98,2,1,8,0,25023.167,737.583,9,21.667,"rhzpbjoqixj, jackie.bradley45"
99,16,0.325,40,0.551,5351.772,121.228,8.709,12.443,"rvfdcpqmerituj, lishunfadacai125, qnphvvhp3wg3jg, okhgf567, woyaofadacai0, jfodxgajsjijpd, user5107401810761, cbnhf5680, hhgghj8866, uehjkb3487, gvcchh3457, fgjbgf4688, svpmrjwfqvu2oj, user3525275284298, bxecxotdjfrvi, xbhyudvqeq2lki"
100,4,0.5,24,0,3023.941,157.765,5.647,40.706,"loveyouxue1, alfred.roberts5, bihuogogogo, user7552715418111"
101,2,1,8,0,3432.625,215.75,12.125,11.75,"kiramkxlj3z, cchmlalala"
102,3,1,9,1,559,25.111,1.778,0.667,"wataiexkotoar, xquplfcwmvyngj, yppynsqgmqt"
103,2,1,8,0,535.667,32.333,1.333,2.167,"xqcqnznspmivhz, czjqveftycqikq"
104,2,1,8,0,271.571,15.571,1.286,1,"mamaepzkynvd, oklhhrmwpaurg"
105,3,1,10,1,4931.056,258.167,17.556,39.167,"idnevlpe, crmrgfhhvxwmp, pqfaxnogbxjxqh"
106,2,1,8,0,2896.5,177.833,9.083,17.5,"phxagnixobfs, hjbfgj67"
107,6,0.333,25,0,2368,139.588,5.059,13.588,"vybdcvhnpljsid, xzkxuvsrpkze, xxeolwmfkycbc, bekiyirtimceyo, gkuhik, yyvlcropyjdql"
108,2,1,8,0,14608.5,1580.75,50.083,337.167,"chahgjffdw4f3t, the.iloveaiicenat"
109,10,0.311,44,0.364,1390.333,96.474,5.474,14.351,"shsjbsxbx, hryfeucmuql, uxudhqnbwmws, cmhftwltxeactv, oqdrhqzhlfeuk, user3269067988455, wmlimxussfxn2n, mina.12558, romyzbuhpisgfh, qqq14107"
110,3,1,8,1,1539.615,102.154,3.692,8.615,"pfigfwdyh2huxc, nmkv7803, zvdkadppdgan"
111,3,1,10,1,30251.5,253.808,6.808,1.846,"huydhfhyyxd, mariencassano, rfgfghf1"
112,2,1,8,0,5029.842,70.632,2.842,6.421,"dxvfsc, aedfxthg"
113,2,1,10,0,2080.05,53.45,1.45,3.35,"cnbchj1, fgzvj"
114,2,1,8,0,2234,46.714,1.286,4,"gogfy20, fjvfyh01"
115,2,1,9,0,5901.722,65.611,1.944,1.056,"aed3496, szgrss3"
116,2,1,10,0,4637.364,264.273,3.091,3.182,"ndmsl15, eyidk5"
117,7,0.429,36,0.6,7439.159,434.5,2.886,6.091,"vsuau5, wsbhd0, itsstj2, hurrryu, gheoe8, fulknm, wsfj4"
118,6,0.6,28,0.6,21800.706,676.765,5.941,11.588,"dghhg372, jspsns3, tug35587, sfagnd, tessh95, zvjsl"
119,6,0.533,32,0.75,3039.3,92.26,1.6,1.9,"giird3, iuy7640, uyiy1286, wout1262, hdxj59, zzxss134"
120,2,1,8,0,18214.632,914.842,6.211,6.053,"iuwgeh, ngdxnyj"
121,10,0.356,43,0.585,15126.138,884.126,28.828,26.218,"jiyt23, uqpqhqg, ghebdts, nfjsk12, fgijg467, akksdb4, fbnggg2, hkmdrr, ajiaie, osiqraf"
122,4,1,18,1,5338.41,111.41,8.615,14.615,"lnppoe, reddit_ignatius8, cvljri, shbsdd2"
123,2,1,8,0,1248.75,72.625,1.25,0.125,"aed7598, aed7616"
124,22,0.229,94,0.5,811.6,35.75,0.157,0.313,"arffug, lekpow, gclqse, objlhmtjemu, hdmjwo1, pbtchn, qkhcht2, kfbfol, hltuoq, hidouo, bipiqo, dtbtcc8, idpeoc, eqmhqf, pbpktw, bpgarp, puhrra, lhqitc, user33450120083591, user3213356160756, wgslhe, sqifhw"
