"Account","Network","Unique Shares","Avg Time Between Shares (sec)","Edge Symmetry Score","Degree","Strength","Betweenness","Avg Views","Avg Likes","Avg Comments","Avg Shares"
"<a href=""https://tiktok.com/@1qwdjjd"" target=""_blank"">@1qwdjjd</a>",91,11,50.603,0.874,6,65,0,2304.917,52.667,0.25,0.75
"<a href=""https://tiktok.com/@1yrogls"" target=""_blank"">@1yrogls</a>",94,7,54.776,1,3,32,0,2249.571,112.143,0.857,0.143
"<a href=""https://tiktok.com/@3jfofoed"" target=""_blank"">@3jfofoed</a>",99,6,39,1,1,8,0,1815.333,68.667,0.667,0.5
"<a href=""https://tiktok.com/@3mbfklb"" target=""_blank"">@3mbfklb</a>",91,9,49.222,1,1,9,0,1733.111,55.667,0.889,0.111
"<a href=""https://tiktok.com/@666jia"" target=""_blank"">@666jia</a>",18,4,43.75,1,1,8,0,840.75,62.5,0.75,0.25
"<a href=""https://tiktok.com/@abd.aziz7570"" target=""_blank"">@abd.aziz7570</a>",13,4,37.5,1,1,8,0,2007,77,0.286,0
"<a href=""https://tiktok.com/@abphrwv"" target=""_blank"">@abphrwv</a>",48,8,41.917,1,3,24,0,1183.5,42.125,0.125,0
"<a href=""https://tiktok.com/@abxke8499"" target=""_blank"">@abxke8499</a>",94,5,37.611,0.952,6,60,0,420.2,8.6,0,0
"<a href=""https://tiktok.com/@acsge1347"" target=""_blank"">@acsge1347</a>",94,7,33.906,0.925,6,58,0,1681,34.286,0.429,0.429
"<a href=""https://tiktok.com/@adhhrrt"" target=""_blank"">@adhhrrt</a>",44,5,29.125,1,2,16,0,1135.6,28.2,0,0.2
"<a href=""https://tiktok.com/@aed0267"" target=""_blank"">@aed0267</a>",63,14,60.066,0.859,10,177,0,8019.643,160,0.929,1.5
"<a href=""https://tiktok.com/@aed2750"" target=""_blank"">@aed2750</a>",63,9,58.204,0.877,10,192,0,4227.667,66.778,0.333,0.333
"<a href=""https://tiktok.com/@aed3660"" target=""_blank"">@aed3660</a>",11,10,45.971,0.852,3,28,0,3920.7,88.9,1.4,1.4
"<a href=""https://tiktok.com/@aed75787"" target=""_blank"">@aed75787</a>",11,9,45.148,0.941,4,41,0,4054.6,96.7,2,2.2
"<a href=""https://tiktok.com/@aed7p4"" target=""_blank"">@aed7p4</a>",11,8,65.667,0.875,1,9,0,47389,335.1,4.2,5
"<a href=""https://tiktok.com/@aeda1689"" target=""_blank"">@aeda1689</a>",11,10,50.672,0.854,4,38,0,15263.6,73.6,0.3,1.3
"<a href=""https://tiktok.com/@aedbn"" target=""_blank"">@aedbn</a>",12,10,58.49,1,4,33,0,1253.5,45.5,1.2,0.7
"<a href=""https://tiktok.com/@aedfdkpcjf"" target=""_blank"">@aedfdkpcjf</a>",74,9,76.625,1,1,8,0,1043.444,37.778,0.778,0.778
"<a href=""https://tiktok.com/@aedfjats"" target=""_blank"">@aedfjats</a>",74,10,66.75,1,2,16,0,603.3,33.3,0.4,0.2
"<a href=""https://tiktok.com/@aedfm3"" target=""_blank"">@aedfm3</a>",12,10,52.542,1,3,24,0,2375.8,143.2,1.1,2.2
"<a href=""https://tiktok.com/@aedgkochc"" target=""_blank"">@aedgkochc</a>",12,10,52.75,1,3,24,0,1434,54.2,1.4,2.8
"<a href=""https://tiktok.com/@aedgslpxjx"" target=""_blank"">@aedgslpxjx</a>",2,10,56.265,0.882,5,52,0,2333.1,48.5,0.2,1.3
"<a href=""https://tiktok.com/@aedhdici"" target=""_blank"">@aedhdici</a>",3,9,51.301,0.917,2,19,0,2352.333,113.444,2.444,1.889
"<a href=""https://tiktok.com/@aedhdjcoof"" target=""_blank"">@aedhdjcoof</a>",2,10,59.939,0.944,7,71,0,3036,163.8,1.5,0.3
"<a href=""https://tiktok.com/@aedtfipvfj"" target=""_blank"">@aedtfipvfj</a>",12,9,56.312,1,2,16,0,1430.444,65.556,0.111,0.556
"<a href=""https://tiktok.com/@aedvkrphk"" target=""_blank"">@aedvkrphk</a>",74,7,56.875,1,1,8,0,1604.714,96.286,0.571,0.429
"<a href=""https://tiktok.com/@aedvziocjc"" target=""_blank"">@aedvziocjc</a>",12,10,64,1,1,8,0,1417,107.3,2.7,0.5
"<a href=""https://tiktok.com/@aedyckctu"" target=""_blank"">@aedyckctu</a>",3,9,56.669,0.854,2,23,0,2899.778,92.444,0.333,0.222
"<a href=""https://tiktok.com/@ajay007384"" target=""_blank"">@ajay007384</a>",111,4,33.5,1,1,8,0,1410.6,18.8,1.8,0.2
"<a href=""https://tiktok.com/@akkaanav.risksjsg"" target=""_blank"">@akkaanav.risksjsg</a>",11,9,27.75,0.857,1,8,0,4571.444,87,1.222,1.111
"<a href=""https://tiktok.com/@ale2r35"" target=""_blank"">@ale2r35</a>",32,8,62.788,0.826,2,18,0,2288,24.75,0,0.25
"<a href=""https://tiktok.com/@ale383279"" target=""_blank"">@ale383279</a>",32,7,38.463,0.847,3,25,0,386.429,18,0.286,0
"<a href=""https://tiktok.com/@aleaa0249"" target=""_blank"">@aleaa0249</a>",34,8,49.3,1,1,10,0,371.75,10.75,0.25,0.125
"<a href=""https://tiktok.com/@alejkityuoo"" target=""_blank"">@alejkityuoo</a>",32,7,58.125,0.902,4,34,0,371.571,10.857,0,0.286
"<a href=""https://tiktok.com/@amanda.silva.barr4"" target=""_blank"">@amanda.silva.barr4</a>",38,5,70.575,0.9,2,18,0,444.8,9.4,0.4,0.6
"<a href=""https://tiktok.com/@ancmleilrbge"" target=""_blank"">@ancmleilrbge</a>",19,4,58.25,1,2,16,0,1731.75,80.75,6.75,6.25
"<a href=""https://tiktok.com/@anpebsaxgu9"" target=""_blank"">@anpebsaxgu9</a>",32,6,68.708,0.833,2,20,0,1727.625,65.125,0.75,1.25
"<a href=""https://tiktok.com/@anxdo3188"" target=""_blank"">@anxdo3188</a>",91,13,55.215,0.884,6,64,0,1361.385,46,0.308,0.385
"<a href=""https://tiktok.com/@anxkr2491"" target=""_blank"">@anxkr2491</a>",100,3,67.667,0.8,1,9,0,1445.667,32.667,0,0
"<a href=""https://tiktok.com/@arffug"" target=""_blank"">@arffug</a>",78,9,77.979,0.889,4,60,0,740.818,22.273,0,0
"<a href=""https://tiktok.com/@aseng.haymong"" target=""_blank"">@aseng.haymong</a>",77,8,54.417,0.889,1,12,0,1180.375,38.625,1,3.25
"<a href=""https://tiktok.com/@avelina.asucen"" target=""_blank"">@avelina.asucen</a>",92,10,48.907,0.943,13,135,0,1334.5,61.9,0.5,0.3
"<a href=""https://tiktok.com/@avphoa"" target=""_blank"">@avphoa</a>",50,8,55.25,1,2,16,0,957.125,17.125,0.625,0
"<a href=""https://tiktok.com/@awmilke"" target=""_blank"">@awmilke</a>",49,10,13.75,1,1,16,0,185715.6,9577.6,28,79.7
"<a href=""https://tiktok.com/@ayden.riverad"" target=""_blank"">@ayden.riverad</a>",7,6,64.75,1,1,8,0,23749.667,628.667,6.167,6.833
"<a href=""https://tiktok.com/@ayipald"" target=""_blank"">@ayipald</a>",34,8,49.3,1,1,10,0,793.75,21.625,0.125,0.25
"<a href=""https://tiktok.com/@bakaf3280"" target=""_blank"">@bakaf3280</a>",91,11,59.336,0.865,5,45,0,1767.091,97.909,0.182,0.182
"<a href=""https://tiktok.com/@baoqianwan11"" target=""_blank"">@baoqianwan11</a>",20,4,50.583,1,3,24,0,1718.5,79.25,1,1.5
"<a href=""https://tiktok.com/@battl.kray"" target=""_blank"">@battl.kray</a>",64,5,63.729,0.958,3,29,0,1909,41.4,0.2,0.4
"<a href=""https://tiktok.com/@baxor3828"" target=""_blank"">@baxor3828</a>",91,8,59.5,1,2,16,0,3774.625,147.875,3.25,1.5
"<a href=""https://tiktok.com/@bb.jn3"" target=""_blank"">@bb.jn3</a>",38,5,80.125,1,2,16,0,853,48.8,0.2,0.8
"<a href=""https://tiktok.com/@bbjqnch"" target=""_blank"">@bbjqnch</a>",75,8,53.5,0.714,1,8,0,1198.625,58.5,0.75,0.875
"<a href=""https://tiktok.com/@be.jkigv"" target=""_blank"">@be.jkigv</a>",1,10,63.711,0.867,5,43,0,1740.5,87.8,1,0.2
"<a href=""https://tiktok.com/@benedossie2"" target=""_blank"">@benedossie2</a>",64,5,57.509,0.889,4,38,0,6356.4,76.8,0.8,0.8
"<a href=""https://tiktok.com/@berez.paulo"" target=""_blank"">@berez.paulo</a>",26,7,44.1,0.875,1,10,0,1955.667,37,0.222,0.222
"<a href=""https://tiktok.com/@bipiqo"" target=""_blank"">@bipiqo</a>",78,11,75.069,0.978,5,100,0,648.727,20.364,0.091,0
"<a href=""https://tiktok.com/@bixukf"" target=""_blank"">@bixukf</a>",49,8,31.15,0.944,3,34,0,24109.333,521.667,7.556,3.889
"<a href=""https://tiktok.com/@bjjxd568933"" target=""_blank"">@bjjxd568933</a>",98,4,37.75,0.833,1,8,0,940.5,26.75,0.25,0
"<a href=""https://tiktok.com/@bkot6010"" target=""_blank"">@bkot6010</a>",84,7,84.444,0.829,2,26,0,744.5,16,0.312,0.312
"<a href=""https://tiktok.com/@bkvhf1"" target=""_blank"">@bkvhf1</a>",44,4,41,1,3,24,0,868.25,58.75,1.75,1
"<a href=""https://tiktok.com/@bmc12655"" target=""_blank"">@bmc12655</a>",1,9,56.256,0.877,6,63,0,1723.3,89.8,1.5,1.4
"<a href=""https://tiktok.com/@bpgarp"" target=""_blank"">@bpgarp</a>",78,8,59.414,0.88,6,104,0,381.727,16.091,0,0.091
"<a href=""https://tiktok.com/@bsbwphji4xu"" target=""_blank"">@bsbwphji4xu</a>",32,7,58.182,0.857,1,11,0,957.286,54.286,0,0.143
"<a href=""https://tiktok.com/@bsih75"" target=""_blank"">@bsih75</a>",30,5,45.911,0.838,4,45,0,1243.6,33.8,0.8,0
"<a href=""https://tiktok.com/@bsjj8797"" target=""_blank"">@bsjj8797</a>",28,11,51.66,0.792,2,33,0,715.909,16.364,0.273,0
"<a href=""https://tiktok.com/@bssagkvpdrz"" target=""_blank"">@bssagkvpdrz</a>",19,4,46.667,1,3,24,0,2000.25,58.25,14.5,37
"<a href=""https://tiktok.com/@bsyg2865"" target=""_blank"">@bsyg2865</a>",27,7,64.375,0.833,1,8,0,744.889,37.556,0.444,0.111
"<a href=""https://tiktok.com/@buslmigf7dn"" target=""_blank"">@buslmigf7dn</a>",32,10,54.403,0.762,2,19,0,744.5,22.5,0.5,2.1
"<a href=""https://tiktok.com/@bvoo3130"" target=""_blank"">@bvoo3130</a>",81,14,76.356,0.935,5,128,0,1881.5,48.714,0.571,0.214
"<a href=""https://tiktok.com/@bwfrgk"" target=""_blank"">@bwfrgk</a>",46,8,30.63,1,3,25,0,1123,44.25,0.5,0.125
"<a href=""https://tiktok.com/@bxecxotdjfrvi"" target=""_blank"">@bxecxotdjfrvi</a>",22,4,63.9,1,5,40,0,1082,36,0.25,0
"<a href=""https://tiktok.com/@bxjxhxt"" target=""_blank"">@bxjxhxt</a>",92,8,38.74,0.972,4,47,0,901.125,40.25,0.625,1.75
"<a href=""https://tiktok.com/@bxjzjsns0"" target=""_blank"">@bxjzjsns0</a>",92,9,46.342,0.942,8,79,0,2310,96.667,0.667,0.444
"<a href=""https://tiktok.com/@bxkke4723"" target=""_blank"">@bxkke4723</a>",101,4,56.111,1,1,9,0,2991.5,50.25,0.5,0
"<a href=""https://tiktok.com/@bxuzba"" target=""_blank"">@bxuzba</a>",92,7,49.62,0.878,6,63,0,381.286,11.429,0.143,0.143
"<a href=""https://tiktok.com/@c.ts24"" target=""_blank"">@c.ts24</a>",29,6,34.591,0.8,2,21,0,2015.667,51.5,0.167,0.333
"<a href=""https://tiktok.com/@cagnhd"" target=""_blank"">@cagnhd</a>",56,9,74.215,0.952,3,27,0,3489.1,204.4,3.2,4.7
"<a href=""https://tiktok.com/@cainima888"" target=""_blank"">@cainima888</a>",29,7,31.788,0.8,2,18,0,607,15.25,0.625,0.25
"<a href=""https://tiktok.com/@camilo.austin5"" target=""_blank"">@camilo.austin5</a>",17,10,60.238,0.864,5,51,0,408.5,7,0.5,0.3
"<a href=""https://tiktok.com/@carbloggera"" target=""_blank"">@carbloggera</a>",30,8,42.601,0.938,4,66,0,1047.125,43.375,1.625,1.875
"<a href=""https://tiktok.com/@carlos.alberto.al886"" target=""_blank"">@carlos.alberto.al886</a>",77,8,54.417,0.889,1,12,0,969.6,27.7,0.1,0.8
"<a href=""https://tiktok.com/@cbjf05"" target=""_blank"">@cbjf05</a>",5,8,37.5,1,2,20,0,1404.875,56,1.25,0.5
"<a href=""https://tiktok.com/@cbnhf5680"" target=""_blank"">@cbnhf5680</a>",22,4,52.667,1,3,24,0,1547.75,89.5,2.25,4.25
"<a href=""https://tiktok.com/@cbske2477"" target=""_blank"">@cbske2477</a>",91,8,46.275,0.889,3,28,0,1171.625,52.125,0.25,0.25
"<a href=""https://tiktok.com/@cfdc18"" target=""_blank"">@cfdc18</a>",63,15,56.784,0.892,10,275,0,4008.267,93.067,0.533,2.133
"<a href=""https://tiktok.com/@cghwqj"" target=""_blank"">@cghwqj</a>",109,4,12.25,1,1,8,0,427.5,6.75,0.25,0.25
"<a href=""https://tiktok.com/@chantalkusch"" target=""_blank"">@chantalkusch</a>",1,9,58.799,0.927,9,84,0,2554.222,140.222,1.889,8.222
"<a href=""https://tiktok.com/@chdg050"" target=""_blank"">@chdg050</a>",8,10,65.678,0.921,3,29,0,1310.1,62.8,1.1,0
"<a href=""https://tiktok.com/@china_cutegirl22"" target=""_blank"">@china_cutegirl22</a>",68,8,88.625,0.833,1,24,0,162.857,17.214,0.786,0.143
"<a href=""https://tiktok.com/@ciojkb"" target=""_blank"">@ciojkb</a>",80,6,19.713,0.9,6,81,0,1436.286,68.857,0.214,0.143
"<a href=""https://tiktok.com/@cjdfsgp"" target=""_blank"">@cjdfsgp</a>",62,8,55.333,0.857,1,9,0,4747.25,144.375,3.25,3.5
"<a href=""https://tiktok.com/@cjdjfcn"" target=""_blank"">@cjdjfcn</a>",92,10,53.783,0.914,11,122,0,1873.2,111.5,0.8,0.4
"<a href=""https://tiktok.com/@cjgbkbl"" target=""_blank"">@cjgbkbl</a>",44,6,40.676,1,4,36,0,1175.5,60.5,0.167,0.333
"<a href=""https://tiktok.com/@cjgmnl"" target=""_blank"">@cjgmnl</a>",108,4,18.25,1,1,8,0,3182,32,2,1
"<a href=""https://tiktok.com/@cjire9104"" target=""_blank"">@cjire9104</a>",86,10,57.548,0.898,3,57,0,872.571,39.571,0.286,0.286
"<a href=""https://tiktok.com/@cjur6297"" target=""_blank"">@cjur6297</a>",86,12,58.672,0.972,3,78,0,609.533,26.667,0.2,0.2
"<a href=""https://tiktok.com/@clirr5282"" target=""_blank"">@clirr5282</a>",87,8,49.864,0.938,2,37,0,1405.727,58,0.5,1.455
"<a href=""https://tiktok.com/@cnatk3189"" target=""_blank"">@cnatk3189</a>",92,8,50.709,0.908,11,102,0,1733.625,84,0.125,0.375
"<a href=""https://tiktok.com/@coirf88774"" target=""_blank"">@coirf88774</a>",88,6,36.917,1,2,27,0,284.833,15.5,0,0.5
"<a href=""https://tiktok.com/@courr1227"" target=""_blank"">@courr1227</a>",88,6,56.917,1,2,27,0,2306.333,74.333,3.167,1
"<a href=""https://tiktok.com/@cp.eagdu"" target=""_blank"">@cp.eagdu</a>",4,7,43.75,1,1,8,0,1599.667,58,0.556,0.111
"<a href=""https://tiktok.com/@cuc.thu243"" target=""_blank"">@cuc.thu243</a>",72,10,48.741,0.869,3,39,0,5211.2,96.9,3.2,1.4
"<a href=""https://tiktok.com/@cx.b28"" target=""_blank"">@cx.b28</a>",10,5,54,1,2,16,0,1511,63.2,1.4,1
"<a href=""https://tiktok.com/@cxd.shd"" target=""_blank"">@cxd.shd</a>",72,10,47.222,0.857,1,9,0,2516.8,48.3,2.4,0.9
"<a href=""https://tiktok.com/@cxlpodwzefzoe"" target=""_blank"">@cxlpodwzefzoe</a>",19,4,45.25,1,3,24,0,12936.25,807.75,102,213
"<a href=""https://tiktok.com/@dadd.dhh7"" target=""_blank"">@dadd.dhh7</a>",33,10,53.483,0.949,6,84,0,769.1,26.4,0.2,0.2
"<a href=""https://tiktok.com/@danaobenkuil"" target=""_blank"">@danaobenkuil</a>",53,7,61.636,0.875,1,11,0,2877.429,105.857,3.714,2.714
"<a href=""https://tiktok.com/@dblbel"" target=""_blank"">@dblbel</a>",108,4,18.25,1,1,8,0,1134.5,33.75,1.25,0.5
"<a href=""https://tiktok.com/@debran.oxonrp00"" target=""_blank"">@debran.oxonrp00</a>",11,9,46.247,0.964,4,33,0,3690.889,63.667,1,0.556
"<a href=""https://tiktok.com/@dell.oswink"" target=""_blank"">@dell.oswink</a>",15,5,66.75,1,1,8,0,894.2,46.8,1,0.2
"<a href=""https://tiktok.com/@dhdjuehiehrh"" target=""_blank"">@dhdjuehiehrh</a>",102,7,21.889,1,1,9,0,1421.143,86.143,0.571,1.143
"<a href=""https://tiktok.com/@dheelquiet"" target=""_blank"">@dheelquiet</a>",112,6,30.583,0.917,2,19,0,4194.5,28,1,0.667
"<a href=""https://tiktok.com/@dhhi6645"" target=""_blank"">@dhhi6645</a>",86,13,64.37,0.941,5,101,0,3555.333,77.267,0.143,0.4
"<a href=""https://tiktok.com/@dijx3903"" target=""_blank"">@dijx3903</a>",81,15,76.73,0.913,5,130,0,1560.933,46.667,0.333,0.667
"<a href=""https://tiktok.com/@diusdn13"" target=""_blank"">@diusdn13</a>",51,7,34.5,1,1,8,0,1802.429,41.571,0.429,0
"<a href=""https://tiktok.com/@djisks96"" target=""_blank"">@djisks96</a>",92,7,45.719,0.925,8,83,0,1430.714,27.571,0.857,0.286
"<a href=""https://tiktok.com/@djm9r"" target=""_blank"">@djm9r</a>",10,5,56.556,0.875,1,9,0,1035,53.2,0.2,0.2
"<a href=""https://tiktok.com/@drape.ivoe"" target=""_blank"">@drape.ivoe</a>",16,6,52.333,1,1,12,0,1341.143,127.143,0.714,1.286
"<a href=""https://tiktok.com/@drgd8391"" target=""_blank"">@drgd8391</a>",82,12,66.059,1,4,69,0,1486.467,55.6,0.333,0.667
"<a href=""https://tiktok.com/@drscnr2"" target=""_blank"">@drscnr2</a>",50,4,31.5,1,1,8,0,1125.625,31.125,0.625,0.125
"<a href=""https://tiktok.com/@dtbtcc8"" target=""_blank"">@dtbtcc8</a>",78,3,62,1,4,36,0,956.333,39.667,0.667,1
"<a href=""https://tiktok.com/@dthh824"" target=""_blank"">@dthh824</a>",63,14,55.649,0.898,10,234,0,3522.5,56.929,0.429,6.714
"<a href=""https://tiktok.com/@dtkwod"" target=""_blank"">@dtkwod</a>",56,9,41.53,0.826,7,70,0,4096.111,180.333,2.111,6.667
"<a href=""https://tiktok.com/@ducwk5858"" target=""_blank"">@ducwk5858</a>",93,8,41.1,1,1,10,0,670.25,17,0,0
"<a href=""https://tiktok.com/@dukes.cadenhead"" target=""_blank"">@dukes.cadenhead</a>",112,6,59.143,0.833,2,24,0,1637.833,15.5,0.167,0
"<a href=""https://tiktok.com/@duuff30"" target=""_blank"">@duuff30</a>",92,6,31.631,0.907,3,30,0,1198.667,80.167,1.833,0.833
"<a href=""https://tiktok.com/@echrca"" target=""_blank"">@echrca</a>",78,7,77.923,0.833,1,13,0,253.75,7.375,0,0.125
"<a href=""https://tiktok.com/@edelberto.mahendr"" target=""_blank"">@edelberto.mahendr</a>",12,9,73.5,1,1,8,0,945,49.111,1,0.778
"<a href=""https://tiktok.com/@eiej4325"" target=""_blank"">@eiej4325</a>",82,15,54.09,1,4,98,0,1255.467,41.8,0.133,0.067
"<a href=""https://tiktok.com/@eqmhqf"" target=""_blank"">@eqmhqf</a>",78,9,67.095,0.963,6,111,0,641.333,18.417,0.083,0.083
"<a href=""https://tiktok.com/@esperance.sulcer"" target=""_blank"">@esperance.sulcer</a>",12,10,61.333,1,1,9,0,2165.4,99.2,1.6,1.4
"<a href=""https://tiktok.com/@etuo.uop"" target=""_blank"">@etuo.uop</a>",37,6,56.044,0.866,2,19,0,1472.833,32.5,0,0
"<a href=""https://tiktok.com/@eudazpstrvf"" target=""_blank"">@eudazpstrvf</a>",53,7,61.636,0.875,1,11,0,4178.429,137,1.143,5.429
"<a href=""https://tiktok.com/@evan.green76"" target=""_blank"">@evan.green76</a>",13,4,37.5,1,1,8,0,2426.667,54,0.833,0.167
"<a href=""https://tiktok.com/@evfdmzl"" target=""_blank"">@evfdmzl</a>",49,8,38.506,0.923,4,42,0,1373.2,70.8,1.3,1.1
"<a href=""https://tiktok.com/@exmz856041"" target=""_blank"">@exmz856041</a>",36,7,71.9,1,2,18,0,2015.857,41,0.286,1.286
"<a href=""https://tiktok.com/@fauy8466"" target=""_blank"">@fauy8466</a>",3,10,49.815,0.836,3,31,0,2586.7,92.7,1.2,2.5
"<a href=""https://tiktok.com/@fcjjv86"" target=""_blank"">@fcjjv86</a>",2,9,63.949,0.93,5,49,0,2967.667,106.556,1.333,1
"<a href=""https://tiktok.com/@fduic5"" target=""_blank"">@fduic5</a>",2,8,54.006,1,4,34,0,2981.7,112.6,1.7,7.1
"<a href=""https://tiktok.com/@fevkuiq"" target=""_blank"">@fevkuiq</a>",32,8,65.681,0.929,2,17,0,469.25,25.75,0,0.125
"<a href=""https://tiktok.com/@fgffvp"" target=""_blank"">@fgffvp</a>",79,3,44,1,2,18,0,186,4.667,0,3.667
"<a href=""https://tiktok.com/@fgjbgf4688"" target=""_blank"">@fgjbgf4688</a>",22,4,52.25,1,3,24,0,446.5,12.75,2.5,15.25
"<a href=""https://tiktok.com/@fhda78402"" target=""_blank"">@fhda78402</a>",81,15,68.262,0.964,4,108,0,985.267,50.867,0.467,0.267
"<a href=""https://tiktok.com/@fhkundshunk"" target=""_blank"">@fhkundshunk</a>",59,7,23.071,1,1,14,0,3047.909,8.364,0.182,0
"<a href=""https://tiktok.com/@fhvf210"" target=""_blank"">@fhvf210</a>",26,8,65.628,0.833,2,19,0,1417,95.875,0.75,11.625
"<a href=""https://tiktok.com/@fhxk1941"" target=""_blank"">@fhxk1941</a>",84,11,69.094,0.929,2,32,0,1039.692,23.077,1.231,0.538
"<a href=""https://tiktok.com/@fijficvk"" target=""_blank"">@fijficvk</a>",44,6,41.764,0.875,4,34,0,289.667,8,0,0
"<a href=""https://tiktok.com/@fijglhhj"" target=""_blank"">@fijglhhj</a>",43,5,39.25,1,1,8,0,1029.4,16.6,1,1.4
"<a href=""https://tiktok.com/@fiurf9599"" target=""_blank"">@fiurf9599</a>",83,6,57.942,1,4,46,0,690,18.667,0.167,0.167
"<a href=""https://tiktok.com/@fjjgdvx"" target=""_blank"">@fjjgdvx</a>",57,9,53.333,1,2,18,0,5825.111,201.778,1.222,5.889
"<a href=""https://tiktok.com/@fjmphu"" target=""_blank"">@fjmphu</a>",78,9,63.547,1,4,53,0,558.556,16.889,0.222,0.111
"<a href=""https://tiktok.com/@fkir2290"" target=""_blank"">@fkir2290</a>",86,15,67.667,0.982,4,90,0,528.2,28.467,0.533,0.133
"<a href=""https://tiktok.com/@fnnf8890"" target=""_blank"">@fnnf8890</a>",87,7,57.198,0.861,3,53,0,4031.5,82.3,0,1.2
"<a href=""https://tiktok.com/@fsaftn"" target=""_blank"">@fsaftn</a>",78,11,68.02,0.875,8,95,0,781.182,14.727,0,0.091
"<a href=""https://tiktok.com/@fteecfs"" target=""_blank"">@fteecfs</a>",90,8,49.856,0.841,3,35,0,6131.875,204,2.25,0.5
"<a href=""https://tiktok.com/@fugfuj33"" target=""_blank"">@fugfuj33</a>",52,6,57.778,1,1,9,0,3417.571,76.857,8.571,7.571
"<a href=""https://tiktok.com/@fughf21"" target=""_blank"">@fughf21</a>",1,5,51.928,0.868,5,41,0,2699,70.8,2.4,3.4
"<a href=""https://tiktok.com/@fujgds.guio"" target=""_blank"">@fujgds.guio</a>",37,6,48.329,0.873,2,22,0,561.833,20.167,0.167,0.167
"<a href=""https://tiktok.com/@funny.podcasttop"" target=""_blank"">@funny.podcasttop</a>",33,10,55.881,0.923,6,80,0,861.6,39.2,0,0.6
"<a href=""https://tiktok.com/@fygdjasnu0"" target=""_blank"">@fygdjasnu0</a>",14,6,51.338,1,2,22,0,230.5,3,0,0
"<a href=""https://tiktok.com/@g.in.cgn"" target=""_blank"">@g.in.cgn</a>",92,8,57.538,0.901,9,87,0,2644.375,130.625,1.5,0.875
"<a href=""https://tiktok.com/@g86bavbbw"" target=""_blank"">@g86bavbbw</a>",14,3,47.91,1,2,17,0,392620.333,18493.333,78.667,84.333
"<a href=""https://tiktok.com/@gabriele.weber5"" target=""_blank"">@gabriele.weber5</a>",110,5,59.7,0.857,1,10,0,2536.25,44.25,0.875,2.5
"<a href=""https://tiktok.com/@gclqse"" target=""_blank"">@gclqse</a>",78,6,55.575,0.895,7,65,0.001,747.889,9.778,0,0
"<a href=""https://tiktok.com/@gdjsys526252"" target=""_blank"">@gdjsys526252</a>",98,5,37.75,0.833,1,8,0,1516,177,0,0.2
"<a href=""https://tiktok.com/@gduhx01"" target=""_blank"">@gduhx01</a>",2,10,57.734,0.888,6,63,0,3391.2,84,1.1,2
"<a href=""https://tiktok.com/@gdvcjh84747"" target=""_blank"">@gdvcjh84747</a>",104,6,53.111,0.875,1,9,0,5800.833,163.667,1.833,3
"<a href=""https://tiktok.com/@geievertu8"" target=""_blank"">@geievertu8</a>",10,6,60.481,0.911,3,26,0,379.167,20,0,0
"<a href=""https://tiktok.com/@gf.nj97"" target=""_blank"">@gf.nj97</a>",10,9,59.278,0.938,2,18,0,2948.556,146.444,3.111,0.667
"<a href=""https://tiktok.com/@gfjch34"" target=""_blank"">@gfjch34</a>",8,10,52.463,0.975,4,46,0,1596.5,96.2,0.4,1.5
"<a href=""https://tiktok.com/@ggg.hgfc"" target=""_blank"">@ggg.hgfc</a>",6,6,57.653,1,2,17,0,847.667,29.833,1.5,0.667
"<a href=""https://tiktok.com/@ghhj8554"" target=""_blank"">@ghhj8554</a>",81,12,64.962,0.869,4,87,0,1170.583,38.25,0.667,1.25
"<a href=""https://tiktok.com/@gits5263"" target=""_blank"">@gits5263</a>",83,3,56.267,1,5,45,0,617.667,40.667,1.333,0
"<a href=""https://tiktok.com/@givi0331"" target=""_blank"">@givi0331</a>",85,14,71.293,0.951,4,66,0,326.733,11.933,0.267,0.267
"<a href=""https://tiktok.com/@gjgkgg0"" target=""_blank"">@gjgkgg0</a>",42,4,20.75,1,1,8,0,346,8,0,0
"<a href=""https://tiktok.com/@gjgkho8"" target=""_blank"">@gjgkho8</a>",44,5,38.787,1,3,25,0,895.6,43.8,0,0
"<a href=""https://tiktok.com/@gjguq6894"" target=""_blank"">@gjguq6894</a>",87,6,80.95,0.917,2,33,0,2720.25,112,0.556,3.667
"<a href=""https://tiktok.com/@gkkfykjb"" target=""_blank"">@gkkfykjb</a>",41,3,77.625,1,1,8,0,1319.667,50,0.333,0.333
"<a href=""https://tiktok.com/@gour2295"" target=""_blank"">@gour2295</a>",88,3,55.333,1,2,18,0,1552.167,67.833,0.5,0
"<a href=""https://tiktok.com/@gqvgpl"" target=""_blank"">@gqvgpl</a>",47,8,33.389,1,3,32,0,1842.125,39.625,1.125,0.25
"<a href=""https://tiktok.com/@guoonn.hkp"" target=""_blank"">@guoonn.hkp</a>",37,8,59.485,0.882,2,23,0,861.125,36.75,0,0.75
"<a href=""https://tiktok.com/@gutieyy7"" target=""_blank"">@gutieyy7</a>",9,9,58.615,0.93,3,28,0,1740.889,107.556,1.333,1
"<a href=""https://tiktok.com/@gvcchh3457"" target=""_blank"">@gvcchh3457</a>",22,4,44,1,1,8,0,1256.25,91.5,1.25,2.5
"<a href=""https://tiktok.com/@gxiiff3"" target=""_blank"">@gxiiff3</a>",4,8,43.75,1,1,8,0,3145,104,0.625,1.375
"<a href=""https://tiktok.com/@gzebfdt"" target=""_blank"">@gzebfdt</a>",48,8,45.5,1,2,20,0,530.875,29.125,0.125,0.125
"<a href=""https://tiktok.com/@hajhsh12"" target=""_blank"">@hajhsh12</a>",44,6,36.697,0.967,5,44,0,624.833,38.333,0.833,0.167
"<a href=""https://tiktok.com/@hcodifb"" target=""_blank"">@hcodifb</a>",1,8,58.112,0.976,6,59,0,1138,67.222,0.111,0.889
"<a href=""https://tiktok.com/@hdbjx72"" target=""_blank"">@hdbjx72</a>",26,10,50.737,0.944,3,35,0,1366.7,42.1,0.9,2
"<a href=""https://tiktok.com/@hdha0995"" target=""_blank"">@hdha0995</a>",83,6,62.358,1,4,46,0,1259,45,1,0.167
"<a href=""https://tiktok.com/@hdhxh3484"" target=""_blank"">@hdhxh3484</a>",2,6,39.875,0.857,1,8,0,2616,45.5,0.375,5
"<a href=""https://tiktok.com/@hdicok57"" target=""_blank"">@hdicok57</a>",104,8,47.5,1,3,28,0,15338.25,662.125,10.125,10.875
"<a href=""https://tiktok.com/@hdidkser0"" target=""_blank"">@hdidkser0</a>",10,6,53.75,0.933,4,35,0,1597.167,82.333,0.833,0.333
"<a href=""https://tiktok.com/@hdmjwo1"" target=""_blank"">@hdmjwo1</a>",78,9,67.226,1,5,76,0,586.889,22.111,0,0
"<a href=""https://tiktok.com/@hdryxd"" target=""_blank"">@hdryxd</a>",56,9,30.333,1,1,9,0,3584.444,145.111,7.444,7.111
"<a href=""https://tiktok.com/@hdvhds4"" target=""_blank"">@hdvhds4</a>",92,10,52.05,0.923,10,109,0,1495.1,88.6,1,0.6
"<a href=""https://tiktok.com/@hec88551nva"" target=""_blank"">@hec88551nva</a>",62,8,60.833,0.929,2,21,0,2596.5,82.125,1.5,5.625
"<a href=""https://tiktok.com/@hehs5037"" target=""_blank"">@hehs5037</a>",86,15,63.462,0.948,4,95,0,703.8,33.133,0.286,0.4
"<a href=""https://tiktok.com/@hfchkk26"" target=""_blank"">@hfchkk26</a>",103,6,70.333,1,1,12,0,1005,11,0,0.286
"<a href=""https://tiktok.com/@hgsa33741"" target=""_blank"">@hgsa33741</a>",83,3,55.658,1,5,44,0,672,51,1,0.667
"<a href=""https://tiktok.com/@hhgghj8866"" target=""_blank"">@hhgghj8866</a>",22,4,64.438,1,4,32,0,930,55.5,1.25,0.75
"<a href=""https://tiktok.com/@hi.pnct"" target=""_blank"">@hi.pnct</a>",44,5,65.75,0.833,2,16,0,905,30.8,0.4,0.8
"<a href=""https://tiktok.com/@hidouo"" target=""_blank"">@hidouo</a>",78,12,61.727,0.983,5,124,0,701.583,21.833,0,0.167
"<a href=""https://tiktok.com/@hlnvan42749s"" target=""_blank"">@hlnvan42749s</a>",36,8,66.8,1,1,10,0,1750.375,23.5,0.375,1.75
"<a href=""https://tiktok.com/@hltuoq"" target=""_blank"">@hltuoq</a>",78,11,75.409,0.961,5,120,0,443.636,13.273,0.091,0.455
"<a href=""https://tiktok.com/@hoeg.huan"" target=""_blank"">@hoeg.huan</a>",11,8,62.299,0.917,3,27,0,8189.625,117.625,3.375,3.125
"<a href=""https://tiktok.com/@hojdmc"" target=""_blank"">@hojdmc</a>",80,9,16.543,0.956,6,108,0,725.333,48.222,1.333,0.444
"<a href=""https://tiktok.com/@hotcool586"" target=""_blank"">@hotcool586</a>",33,10,53.092,0.943,6,73,0,894.3,51.2,0,0.2
"<a href=""https://tiktok.com/@htjzwe4"" target=""_blank"">@htjzwe4</a>",97,10,41.161,1,2,22,0,34791.4,883.1,11.2,5.1
"<a href=""https://tiktok.com/@huahua88883"" target=""_blank"">@huahua88883</a>",18,4,43.75,1,1,8,0,1267.25,53.25,1.25,0
"<a href=""https://tiktok.com/@huangzonliyoan"" target=""_blank"">@huangzonliyoan</a>",41,4,77.625,1,1,8,0,1069.5,48.5,0,1
"<a href=""https://tiktok.com/@huanlyg"" target=""_blank"">@huanlyg</a>",44,5,39.037,1,3,25,0,1958,81.6,0,0
"<a href=""https://tiktok.com/@huiodjio"" target=""_blank"">@huiodjio</a>",56,8,66.071,0.873,6,56,0,3242.125,189.5,1.75,3.25
"<a href=""https://tiktok.com/@hullen.nguyen"" target=""_blank"">@hullen.nguyen</a>",7,5,64.889,1,1,9,0,2335.4,101.2,1.4,0.8
"<a href=""https://tiktok.com/@huoqilaiya"" target=""_blank"">@huoqilaiya</a>",20,4,45.417,1,3,24,0,1261.75,66.25,0.75,1.25
"<a href=""https://tiktok.com/@huydhfhyyxd"" target=""_blank"">@huydhfhyyxd</a>",113,5,64.3,0.833,1,10,0,8095,68.833,1.833,2.5
"<a href=""https://tiktok.com/@hwvrok"" target=""_blank"">@hwvrok</a>",96,8,17.75,1,2,24,0,8902.125,186.5,9,0.75
"<a href=""https://tiktok.com/@hxjdsj34"" target=""_blank"">@hxjdsj34</a>",92,7,46.728,0.924,6,56,0,963.286,49.286,0.714,0.571
"<a href=""https://tiktok.com/@hzhdhs"" target=""_blank"">@hzhdhs</a>",92,8,45.115,0.942,7,75,0,1071.875,55.125,0.25,0.125
"<a href=""https://tiktok.com/@idnevlpe"" target=""_blank"">@idnevlpe</a>",105,4,27.75,1,1,8,0,2504,114.75,2.5,6.5
"<a href=""https://tiktok.com/@idpeoc"" target=""_blank"">@idpeoc</a>",78,11,72.534,0.958,6,111,0,571.667,12.583,0,0
"<a href=""https://tiktok.com/@ifjch4"" target=""_blank"">@ifjch4</a>",104,5,43.5,1,1,8,0,139394.286,4912,48.286,44.571
"<a href=""https://tiktok.com/@ifkvkvo"" target=""_blank"">@ifkvkvo</a>",44,4,33.625,1,2,16,0,1155.5,49,0.5,0
"<a href=""https://tiktok.com/@ihgg5672"" target=""_blank"">@ihgg5672</a>",22,4,55.917,1,6,48,0,815.75,50.75,2.75,2
"<a href=""https://tiktok.com/@iiuu553"" target=""_blank"">@iiuu553</a>",63,15,55.547,0.918,10,247,0,13097.533,228.2,1.067,1.2
"<a href=""https://tiktok.com/@ilges.estelwei"" target=""_blank"">@ilges.estelwei</a>",76,10,56.636,0.794,2,22,0,4618.8,32.7,0.9,0.7
"<a href=""https://tiktok.com/@irdc042"" target=""_blank"">@irdc042</a>",1,10,54.25,0.923,8,83,0,4516.4,196.5,1.9,1.4
"<a href=""https://tiktok.com/@isce0690"" target=""_blank"">@isce0690</a>",85,15,72.046,0.927,4,52,0,988,52.533,0.267,0.667
"<a href=""https://tiktok.com/@isge0853"" target=""_blank"">@isge0853</a>",85,14,69.138,0.726,2,38,0,314.933,14,0.2,0.2
"<a href=""https://tiktok.com/@isgs5669"" target=""_blank"">@isgs5669</a>",85,10,75.083,0.667,1,12,0,301.286,7.357,0.214,0.214
"<a href=""https://tiktok.com/@iupkvg"" target=""_blank"">@iupkvg</a>",78,7,57.27,1,5,45,0,276.111,6.667,0.111,0.111
"<a href=""https://tiktok.com/@j.uv586"" target=""_blank"">@j.uv586</a>",26,10,50.9,0.903,3,30,0,1692.833,47.583,0.333,0.083
"<a href=""https://tiktok.com/@jajsjsn56"" target=""_blank"">@jajsjsn56</a>",63,14,57.937,0.884,10,210,0,3063.643,92.5,1,9.214
"<a href=""https://tiktok.com/@jann.jacobs"" target=""_blank"">@jann.jacobs</a>",17,6,55.755,1,3,25,0,1025,16.5,0.875,0.75
"<a href=""https://tiktok.com/@jccj44506"" target=""_blank"">@jccj44506</a>",82,9,67.406,1,3,51,0,936.25,68.917,0.083,0.5
"<a href=""https://tiktok.com/@jdpdosj"" target=""_blank"">@jdpdosj</a>",1,10,58.536,0.957,8,87,0,875.2,33.4,0.6,0.1
"<a href=""https://tiktok.com/@jdpxorjf"" target=""_blank"">@jdpxorjf</a>",1,8,59.187,0.927,8,90,0,2173.8,116.4,1.3,0.8
"<a href=""https://tiktok.com/@jeffrey.hettinger"" target=""_blank"">@jeffrey.hettinger</a>",17,9,53.677,0.9,6,60,0,1060.556,19.556,0.667,1.444
"<a href=""https://tiktok.com/@jfdd653"" target=""_blank"">@jfdd653</a>",3,10,57.345,0.878,3,37,0,2670.4,75.4,0.7,0.2
"<a href=""https://tiktok.com/@jfufrehcdh"" target=""_blank"">@jfufrehcdh</a>",1,9,57.516,0.941,8,83,0,1936,97.778,1.333,1
"<a href=""https://tiktok.com/@jg.vj19"" target=""_blank"">@jg.vj19</a>",33,8,51.161,0.952,3,27,0,1078.5,37.5,0,1.125
"<a href=""https://tiktok.com/@jiqw8344"" target=""_blank"">@jiqw8344</a>",83,6,66.167,1,3,36,0,342.833,11.833,0.833,0
"<a href=""https://tiktok.com/@jjdjdd911"" target=""_blank"">@jjdjdd911</a>",40,5,27.778,1,1,9,0,983.2,33.6,0.6,0
"<a href=""https://tiktok.com/@jksjbtuupyf"" target=""_blank"">@jksjbtuupyf</a>",65,3,68.3,0.571,1,10,0,1,0,0,0
"<a href=""https://tiktok.com/@jkuy0534"" target=""_blank"">@jkuy0534</a>",82,15,53.297,1,4,85,0,769.933,43.2,0.333,0.2
"<a href=""https://tiktok.com/@jox.kj"" target=""_blank"">@jox.kj</a>",104,6,49.806,1,2,17,0,8276,235.714,3.286,1.714
"<a href=""https://tiktok.com/@jshszh6382"" target=""_blank"">@jshszh6382</a>",92,6,64.889,1,2,18,0,1399.333,80.667,0.333,0
"<a href=""https://tiktok.com/@jsosjxj8"" target=""_blank"">@jsosjxj8</a>",1,9,52.371,0.946,7,71,0,31520.222,527.778,2,6.222
"<a href=""https://tiktok.com/@jtcytxyzey"" target=""_blank"">@jtcytxyzey</a>",1,8,59.862,0.916,9,90,0,1122,58.5,1.125,1.25
"<a href=""https://tiktok.com/@julia.rocha.sousa4"" target=""_blank"">@julia.rocha.sousa4</a>",38,6,45.938,0.833,2,16,0,774.667,21.833,0.333,4
"<a href=""https://tiktok.com/@juliosalazar229"" target=""_blank"">@juliosalazar229</a>",76,9,64,0.7,1,11,0,2075.889,40.556,1.333,0.667
"<a href=""https://tiktok.com/@jvhb240"" target=""_blank"">@jvhb240</a>",63,15,55.746,0.891,10,241,0,14920.667,238.6,1,2.267
"<a href=""https://tiktok.com/@jvtvc3"" target=""_blank"">@jvtvc3</a>",63,15,58.181,0.885,10,258,0,28402.667,747.067,3.933,8.6
"<a href=""https://tiktok.com/@jwhe5192"" target=""_blank"">@jwhe5192</a>",83,6,73.708,1,3,35,0,542.333,34.333,0.5,0
"<a href=""https://tiktok.com/@kacbr2774"" target=""_blank"">@kacbr2774</a>",92,5,59.08,0.869,6,52,0,1046.8,41.6,0.6,0
"<a href=""https://tiktok.com/@karlamoran19677"" target=""_blank"">@karlamoran19677</a>",39,7,44.562,0.938,2,16,0,5246.125,42.125,1.25,2.125
"<a href=""https://tiktok.com/@kduudk6"" target=""_blank"">@kduudk6</a>",103,6,69.292,1,2,20,0,1500,22.125,0.125,0.25
"<a href=""https://tiktok.com/@kdywnty"" target=""_blank"">@kdywnty</a>",49,10,28.667,1,3,32,0,1357.7,42.4,0.3,0
"<a href=""https://tiktok.com/@kellie.perry2"" target=""_blank"">@kellie.perry2</a>",110,6,59.7,0.857,1,10,0,625.75,16.5,0.25,0.375
"<a href=""https://tiktok.com/@kfbfol"" target=""_blank"">@kfbfol</a>",79,3,71.764,1,3,26,0,48.667,2.333,0,0
"<a href=""https://tiktok.com/@kgkghkv"" target=""_blank"">@kgkghkv</a>",44,5,23.688,1,2,16,0,877,19.8,0.4,0.4
"<a href=""https://tiktok.com/@khfbou"" target=""_blank"">@khfbou</a>",80,6,16.472,0.981,6,81,0,1222.429,26.714,0.071,0.286
"<a href=""https://tiktok.com/@kkj00006"" target=""_blank"">@kkj00006</a>",54,6,75.667,0.833,1,9,0,3462,148,1.333,1.333
"<a href=""https://tiktok.com/@kkj00008"" target=""_blank"">@kkj00008</a>",54,6,75.667,0.833,1,9,0,2700.667,109.833,0.333,0.667
"<a href=""https://tiktok.com/@klsier"" target=""_blank"">@klsier</a>",79,3,79.667,1,1,9,0,107.667,3.333,0.333,0
"<a href=""https://tiktok.com/@krug011"" target=""_blank"">@krug011</a>",1,10,70.531,0.828,5,44,0,1967.6,139.7,1.6,10.5
"<a href=""https://tiktok.com/@ktsfyh"" target=""_blank"">@ktsfyh</a>",56,6,14.75,1,2,16,0,2482.333,103.667,1.667,0.5
"<a href=""https://tiktok.com/@kubjij"" target=""_blank"">@kubjij</a>",80,6,17.991,0.915,6,81,0,1048.923,88.923,0.538,0.615
"<a href=""https://tiktok.com/@kungyhunksd"" target=""_blank"">@kungyhunksd</a>",58,3,65,1,1,9,0,300,1.667,0,0
"<a href=""https://tiktok.com/@labksb49906r"" target=""_blank"">@labksb49906r</a>",32,8,58.938,0.833,2,16,0,786.625,33.375,0.5,1.375
"<a href=""https://tiktok.com/@labon.marenm"" target=""_blank"">@labon.marenm</a>",15,7,66.75,1,1,8,0,2175.571,131.571,1.429,1.143
"<a href=""https://tiktok.com/@laicai.reddit"" target=""_blank"">@laicai.reddit</a>",105,4,27.75,1,1,8,0,2180.75,112,6.5,22
"<a href=""https://tiktok.com/@lakrin9"" target=""_blank"">@lakrin9</a>",46,7,25.25,1,1,8,0,1189.571,70.143,0.286,0
"<a href=""https://tiktok.com/@landscape5670"" target=""_blank"">@landscape5670</a>",56,8,59.381,0.889,3,27,0,2929.778,190.778,8.556,1.333
"<a href=""https://tiktok.com/@lawgray3"" target=""_blank"">@lawgray3</a>",64,6,58.862,0.798,5,50,0,1533.667,65.667,0.5,0.5
"<a href=""https://tiktok.com/@lawrenceharvey54"" target=""_blank"">@lawrenceharvey54</a>",17,8,64.164,0.952,4,46,0,533.125,11,0.125,0.625
"<a href=""https://tiktok.com/@leila.fernandes.c2"" target=""_blank"">@leila.fernandes.c2</a>",38,5,57.467,0.933,3,26,0,992.8,18.4,0.2,4.8
"<a href=""https://tiktok.com/@leoraf9"" target=""_blank"">@leoraf9</a>",90,10,33.75,0.806,2,28,0,19383,785.6,8.2,2
"<a href=""https://tiktok.com/@lhqitc"" target=""_blank"">@lhqitc</a>",78,12,60.816,0.961,6,104,0,945.5,31.583,0.083,0.167
"<a href=""https://tiktok.com/@liliana.owyngk"" target=""_blank"">@liliana.owyngk</a>",71,9,60.7,0.714,1,10,0,1354.7,57.9,2.3,2.4
"<a href=""https://tiktok.com/@lin689668987"" target=""_blank"">@lin689668987</a>",59,8,23.071,1,1,14,0,1085.25,28.875,0.5,0.125
"<a href=""https://tiktok.com/@liyyyang"" target=""_blank"">@liyyyang</a>",44,5,62.892,0.933,5,42,0,770.8,11.2,0.6,0
"<a href=""https://tiktok.com/@ljpjvh"" target=""_blank"">@ljpjvh</a>",96,6,23.042,1,2,20,0,40715.714,1581.571,13.286,3.571
"<a href=""https://tiktok.com/@loertschercalliso"" target=""_blank"">@loertschercalliso</a>",113,6,57.067,0.917,2,22,0,30022,206.667,4.5,1.333
"<a href=""https://tiktok.com/@long.arpin"" target=""_blank"">@long.arpin</a>",12,9,55,1,3,24,0,33047.111,1838.556,8.333,9.778
"<a href=""https://tiktok.com/@luet671136"" target=""_blank"">@luet671136</a>",36,7,60.125,0.929,2,16,0,1157.429,48.286,0.143,0.143
"<a href=""https://tiktok.com/@luisina.riihimaki"" target=""_blank"">@luisina.riihimaki</a>",1,9,65.891,0.83,4,36,0,1054.556,69.667,2.556,8.222
"<a href=""https://tiktok.com/@lxjjc"" target=""_blank"">@lxjjc</a>",2,8,58.534,0.927,7,63,0,2328,59.8,0.6,0.9
"<a href=""https://tiktok.com/@maemeg7"" target=""_blank"">@maemeg7</a>",90,8,22.062,1,1,16,0,1317.75,73.125,1.375,1.5
"<a href=""https://tiktok.com/@manoj00764"" target=""_blank"">@manoj00764</a>",111,6,33.5,1,1,8,0,1263,16.833,1,0.167
"<a href=""https://tiktok.com/@mariencassano"" target=""_blank"">@mariencassano</a>",113,6,78.833,1,1,12,0,16811.5,133.167,2.167,1
"<a href=""https://tiktok.com/@marisol.rath"" target=""_blank"">@marisol.rath</a>",17,10,47.929,0.917,4,41,0,1042.9,23.9,0.8,1.8
"<a href=""https://tiktok.com/@marjoriecarrie0525"" target=""_blank"">@marjoriecarrie0525</a>",17,10,53.849,0.923,4,44,0,818.4,19.9,0.3,0.4
"<a href=""https://tiktok.com/@markryan688"" target=""_blank"">@markryan688</a>",73,5,30.5,0.667,1,8,0,11979.778,217.222,6.444,1.111
"<a href=""https://tiktok.com/@mfoxkcpjsoesmpki"" target=""_blank"">@mfoxkcpjsoesmpki</a>",35,8,45.944,0.917,2,19,0,2029.375,53.125,2.875,8.125
"<a href=""https://tiktok.com/@miss.bordner"" target=""_blank"">@miss.bordner</a>",7,6,64.819,1,2,17,0,2093.5,113.333,1,0.5
"<a href=""https://tiktok.com/@mong.khuu"" target=""_blank"">@mong.khuu</a>",17,8,57.47,0.851,5,52,0,1365.8,40,0.5,4.5
"<a href=""https://tiktok.com/@mrgeftix3avt19"" target=""_blank"">@mrgeftix3avt19</a>",20,4,58.167,1,3,24,0,57454.5,3290,341.25,649.75
"<a href=""https://tiktok.com/@msfsgvsvcsdfsadsa"" target=""_blank"">@msfsgvsvcsdfsadsa</a>",32,6,60.312,0.929,2,18,0,1148.667,36.667,3,6.333
"<a href=""https://tiktok.com/@mzxczx.csdfe.sfsd"" target=""_blank"">@mzxczx.csdfe.sfsd</a>",38,6,33.375,0.667,1,8,0,824.667,12.833,1,1.5
"<a href=""https://tiktok.com/@nassralanijw1hlg"" target=""_blank"">@nassralanijw1hlg</a>",66,4,53.625,0.8,1,8,0,1001.4,58.4,0.6,0.6
"<a href=""https://tiktok.com/@ncaqusztvgl"" target=""_blank"">@ncaqusztvgl</a>",79,3,58.812,1,2,17,0,103,0.667,0,0
"<a href=""https://tiktok.com/@ncjfhyrsdj"" target=""_blank"">@ncjfhyrsdj</a>",92,7,30.064,0.941,4,43,0,852.286,24.143,0.429,0
"<a href=""https://tiktok.com/@ncsfo3287"" target=""_blank"">@ncsfo3287</a>",92,6,40.222,1,3,25,0,2732.714,92.143,0.857,0.714
"<a href=""https://tiktok.com/@ndork4782"" target=""_blank"">@ndork4782</a>",92,7,56.5,0.901,8,77,0,954.857,46.857,1.143,0.429
"<a href=""https://tiktok.com/@nfeicg"" target=""_blank"">@nfeicg</a>",46,7,43.889,1,1,9,0,1090.857,49.286,0.571,0
"<a href=""https://tiktok.com/@nfyk.emma"" target=""_blank"">@nfyk.emma</a>",17,7,56.791,0.859,4,43,0,1788.667,50.667,0.333,0.444
"<a href=""https://tiktok.com/@nhllos8"" target=""_blank"">@nhllos8</a>",90,7,42.162,0.831,3,32,0,1363.875,88,0.625,0.625
"<a href=""https://tiktok.com/@niyztc36975"" target=""_blank"">@niyztc36975</a>",35,8,61.354,0.944,2,20,0,2313,67,5.75,7.125
"<a href=""https://tiktok.com/@njwhtm"" target=""_blank"">@njwhtm</a>",48,8,78.375,1,2,20,0,904.5,47.875,0.875,0.125
"<a href=""https://tiktok.com/@nmkv7803"" target=""_blank"">@nmkv7803</a>",106,4,36.833,1,3,24,0,1042.75,63,2.5,5
"<a href=""https://tiktok.com/@nqkwvc"" target=""_blank"">@nqkwvc</a>",90,10,42.993,0.897,3,33,0,1317,62.6,1.2,0.1
"<a href=""https://tiktok.com/@ntpblw"" target=""_blank"">@ntpblw</a>",78,9,61.827,0.972,6,70,0,539,17.333,0.111,0.222
"<a href=""https://tiktok.com/@nzohwh"" target=""_blank"">@nzohwh</a>",49,6,34.438,0.917,2,16,0,1959,62.75,2.625,1.25
"<a href=""https://tiktok.com/@objlhmtjemu"" target=""_blank"">@objlhmtjemu</a>",78,7,53.25,0.667,1,12,0,690.778,19.333,0,0.222
"<a href=""https://tiktok.com/@oidufc"" target=""_blank"">@oidufc</a>",109,4,12.25,1,1,8,0,1989.5,47.25,0.75,0
"<a href=""https://tiktok.com/@ojbkhhh2"" target=""_blank"">@ojbkhhh2</a>",33,10,62.78,0.868,5,60,0,928.2,39.7,0,0.2
"<a href=""https://tiktok.com/@ojkmss"" target=""_blank"">@ojkmss</a>",78,8,64.303,0.887,5,67,0,506.889,15.556,0.111,0.111
"<a href=""https://tiktok.com/@okay11732"" target=""_blank"">@okay11732</a>",81,11,74.78,0.884,3,63,0,1544.077,49.308,0.846,0.385
"<a href=""https://tiktok.com/@oljclk"" target=""_blank"">@oljclk</a>",96,7,30.958,1,2,20,0,2113,53.75,0.625,0
"<a href=""https://tiktok.com/@olrsyrt7"" target=""_blank"">@olrsyrt7</a>",47,6,25.125,1,2,20,0,4142.75,64.875,0.25,0.125
"<a href=""https://tiktok.com/@omi.poni0"" target=""_blank"">@omi.poni0</a>",31,3,47.444,1,1,9,0,1002.333,22.333,0,0
"<a href=""https://tiktok.com/@onel.ellamae"" target=""_blank"">@onel.ellamae</a>",112,6,36.226,0.917,2,23,0,1737.333,12.167,1.167,0.167
"<a href=""https://tiktok.com/@onikacaylie"" target=""_blank"">@onikacaylie</a>",17,6,61.5,1,1,10,0,1205.714,23.571,1.286,1.714
"<a href=""https://tiktok.com/@opgse4909"" target=""_blank"">@opgse4909</a>",100,5,67.667,0.8,1,9,0,581.2,43.8,0,0.2
"<a href=""https://tiktok.com/@oxkops7"" target=""_blank"">@oxkops7</a>",49,6,35.283,0.897,3,28,0,983.2,102.2,1.1,0.2
"<a href=""https://tiktok.com/@pbpktw"" target=""_blank"">@pbpktw</a>",78,9,64.952,0.926,6,118,0,567.417,20.833,0.25,0.083
"<a href=""https://tiktok.com/@pdilul"" target=""_blank"">@pdilul</a>",97,6,62.931,1,2,17,0,7379.444,173,1.556,1.111
"<a href=""https://tiktok.com/@pfigfwdyh2huxc"" target=""_blank"">@pfigfwdyh2huxc</a>",106,4,36.333,1,3,24,0,1846,54.75,2.75,1.5
"<a href=""https://tiktok.com/@phong.ngoc76"" target=""_blank"">@phong.ngoc76</a>",72,9,52.065,0.905,3,26,0,7224.111,86.667,2.444,2.889
"<a href=""https://tiktok.com/@pjk3357"" target=""_blank"">@pjk3357</a>",75,8,53.5,0.714,1,8,0,2958,124.9,1.4,0.4
"<a href=""https://tiktok.com/@pov476pov"" target=""_blank"">@pov476pov</a>",39,6,63.438,0.938,2,16,0,3214.625,24.875,1.375,2.625
"<a href=""https://tiktok.com/@prbnac"" target=""_blank"">@prbnac</a>",78,10,69.788,1,6,59,0.001,644,20.5,0,0.583
"<a href=""https://tiktok.com/@prtnr8"" target=""_blank"">@prtnr8</a>",9,8,59.33,0.896,3,29,0,2244.333,107.778,1.667,1.556
"<a href=""https://tiktok.com/@puhrra"" target=""_blank"">@puhrra</a>",78,8,54.814,0.889,3,64,0,595.182,24.364,0.091,0.364
"<a href=""https://tiktok.com/@qdcieh"" target=""_blank"">@qdcieh</a>",80,9,17.932,0.965,6,108,0,1233.556,62.556,0.444,0.111
"<a href=""https://tiktok.com/@qigqtm"" target=""_blank"">@qigqtm</a>",78,12,63.521,0.911,9,118,0,231.333,5.917,0,0
"<a href=""https://tiktok.com/@qnphvvhp3wg3jg"" target=""_blank"">@qnphvvhp3wg3jg</a>",21,4,44.5,1,1,8,0,2297,130,9.5,11.25
"<a href=""https://tiktok.com/@quincyshop08"" target=""_blank"">@quincyshop08</a>",1,8,53.768,0.941,7,59,0,3523.75,111.125,5,13.625
"<a href=""https://tiktok.com/@reddit.vztwo"" target=""_blank"">@reddit.vztwo</a>",29,5,40.504,1,2,23,0,14754,140.333,96.833,11.333
"<a href=""https://tiktok.com/@reddit_grayson99"" target=""_blank"">@reddit_grayson99</a>",80,12,19.225,0.976,6,135,0,1529.417,78.5,0.167,0.083
"<a href=""https://tiktok.com/@reddit_hunt"" target=""_blank"">@reddit_hunt</a>",80,9,15.981,0.933,6,108,0,906.556,57.444,0.111,0
"<a href=""https://tiktok.com/@redditpov6"" target=""_blank"">@redditpov6</a>",39,9,49.744,1,3,31,0,19134.111,246.222,2.222,19.667
"<a href=""https://tiktok.com/@refine74"" target=""_blank"">@refine74</a>",97,8,35.341,1,2,23,0,1131.125,91.875,1,0.625
"<a href=""https://tiktok.com/@rfgfghf1"" target=""_blank"">@rfgfghf1</a>",113,6,64.333,1,2,24,0,28972,154.833,4.167,1.167
"<a href=""https://tiktok.com/@rgqrdvgthzjz"" target=""_blank"">@rgqrdvgthzjz</a>",21,4,44.5,1,1,8,0,150067.5,6963,49.5,87
"<a href=""https://tiktok.com/@rlcycp"" target=""_blank"">@rlcycp</a>",46,7,22.75,1,1,8,0,260.429,6.286,0,0
"<a href=""https://tiktok.com/@rohingyao"" target=""_blank"">@rohingyao</a>",56,10,42.66,0.843,6,67,0,2990.4,150.5,2,0.8
"<a href=""https://tiktok.com/@rosacasey65"" target=""_blank"">@rosacasey65</a>",9,10,52.86,0.963,3,31,0,2545.3,106.9,1.1,1
"<a href=""https://tiktok.com/@rosantspssu"" target=""_blank"">@rosantspssu</a>",52,6,66.556,0.857,1,9,0,4828.143,145.143,1,3.857
"<a href=""https://tiktok.com/@roselent02103"" target=""_blank"">@roselent02103</a>",94,7,25.102,0.897,3,27,0,702.571,14,0.429,0.143
"<a href=""https://tiktok.com/@rrwtqoji8v5"" target=""_blank"">@rrwtqoji8v5</a>",32,8,51.873,0.86,5,48,0,1738.75,61.25,3.875,8.625
"<a href=""https://tiktok.com/@ryllskayaqing"" target=""_blank"">@ryllskayaqing</a>",45,8,36.375,1,1,8,0,1074,104.3,1.8,0.6
"<a href=""https://tiktok.com/@sasapco"" target=""_blank"">@sasapco</a>",56,9,46.722,0.817,5,49,0,2349.333,139,0.889,1
"<a href=""https://tiktok.com/@scadsy8"" target=""_blank"">@scadsy8</a>",48,7,26,1,1,8,0,1483.286,40.286,0.286,0
"<a href=""https://tiktok.com/@scndqxjyehg"" target=""_blank"">@scndqxjyehg</a>",35,7,58.409,0.861,2,21,0,1488.714,44.714,0.286,1
"<a href=""https://tiktok.com/@scoolpodcast"" target=""_blank"">@scoolpodcast</a>",33,10,62.941,0.852,5,48,0,903.7,36.7,0.1,0
"<a href=""https://tiktok.com/@scqsxg"" target=""_blank"">@scqsxg</a>",47,8,46.167,1,1,12,0,1669.125,43.75,0.25,0.125
"<a href=""https://tiktok.com/@sdsdyou"" target=""_blank"">@sdsdyou</a>",56,8,46.219,0.842,5,47,0,5236.625,295.5,2.375,2.875
"<a href=""https://tiktok.com/@seile.rian"" target=""_blank"">@seile.rian</a>",64,3,47.125,0.9,2,16,0,3691.333,40.333,0,0
"<a href=""https://tiktok.com/@sharleen.howard"" target=""_blank"">@sharleen.howard</a>",2,9,53.086,0.932,7,63,0,11875,331.222,2.222,68.111
"<a href=""https://tiktok.com/@shfjjg4"" target=""_blank"">@shfjjg4</a>",40,5,27.778,1,1,9,0,863.4,17.2,0.6,0.6
"<a href=""https://tiktok.com/@shgj33"" target=""_blank"">@shgj33</a>",2,10,58.454,0.948,6,53,0,1871.6,57.6,0.1,0.3
"<a href=""https://tiktok.com/@shuj977"" target=""_blank"">@shuj977</a>",28,7,54.707,0.864,2,24,0,822.875,40.75,0.5,0
"<a href=""https://tiktok.com/@shuy742"" target=""_blank"">@shuy742</a>",30,10,47.356,0.915,4,75,0,679.1,12.3,0.2,0.1
"<a href=""https://tiktok.com/@shvchjds"" target=""_blank"">@shvchjds</a>",57,9,55.444,1,1,9,0,3019.7,119.2,7.3,1.7
"<a href=""https://tiktok.com/@sidjjd79"" target=""_blank"">@sidjjd79</a>",33,10,47.975,0.943,5,62,0,893.9,31.8,0.3,0
"<a href=""https://tiktok.com/@sjjssjs151"" target=""_blank"">@sjjssjs151</a>",6,5,73.556,1,1,9,0,14060.667,397.5,4,17
"<a href=""https://tiktok.com/@skgetbys2egi6e"" target=""_blank"">@skgetbys2egi6e</a>",106,4,34.667,1,3,24,0,1034.25,31.75,1.75,13.75
"<a href=""https://tiktok.com/@skunk.robinsong"" target=""_blank"">@skunk.robinsong</a>",16,8,52.333,1,1,12,0,1338.125,84.375,2.875,4.375
"<a href=""https://tiktok.com/@sncoe4910"" target=""_blank"">@sncoe4910</a>",93,9,39.438,0.955,2,19,0,1348.667,29.778,0.444,0
"<a href=""https://tiktok.com/@snoshsj"" target=""_blank"">@snoshsj</a>",92,7,38.29,0.969,4,42,0,968.714,43.286,0,0.429
"<a href=""https://tiktok.com/@snxla2481"" target=""_blank"">@snxla2481</a>",93,8,38,0.909,1,11,0,1284.875,33.5,0,0
"<a href=""https://tiktok.com/@solhvsnhwilbg"" target=""_blank"">@solhvsnhwilbg</a>",20,4,51.833,1,3,24,0,2697.5,139.25,11.5,19.5
"<a href=""https://tiktok.com/@sqifhw"" target=""_blank"">@sqifhw</a>",78,9,68.623,0.889,5,76,0,1023.167,25.583,0.25,0
"<a href=""https://tiktok.com/@stoyouh"" target=""_blank"">@stoyouh</a>",56,10,43.975,0.83,8,76,0,2182.9,135.7,2.7,1.7
"<a href=""https://tiktok.com/@sug7994"" target=""_blank"">@sug7994</a>",30,12,48.874,0.85,4,74,0,721.583,17.167,0,0.167
"<a href=""https://tiktok.com/@sumroo.786"" target=""_blank"">@sumroo.786</a>",68,6,90.5,0.75,1,8,0,48,4.5,0,0
"<a href=""https://tiktok.com/@sun.lilym"" target=""_blank"">@sun.lilym</a>",76,9,49.273,0.889,1,11,0,2215.778,53.889,0.556,0.222
"<a href=""https://tiktok.com/@sunnybarrows"" target=""_blank"">@sunnybarrows</a>",106,4,34.833,1,3,24,0,1000,41.5,1.25,2.75
"<a href=""https://tiktok.com/@susv0936"" target=""_blank"">@susv0936</a>",85,13,59.556,0.855,2,34,0,507.867,26.2,0.267,0.2
"<a href=""https://tiktok.com/@sweet_driver120"" target=""_blank"">@sweet_driver120</a>",65,6,68.3,0.571,1,10,0,5028.833,382.667,26.083,8.75
"<a href=""https://tiktok.com/@tetel4962"" target=""_blank"">@tetel4962</a>",85,13,84,0.833,1,14,0,452.286,11.5,0.429,0.143
"<a href=""https://tiktok.com/@text.fc"" target=""_blank"">@text.fc</a>",56,9,64.35,0.929,2,18,0,4798.333,201.778,6.333,1.333
"<a href=""https://tiktok.com/@texthsg"" target=""_blank"">@texthsg</a>",62,9,58.611,1,2,21,0,3537.778,185.889,2.667,1.444
"<a href=""https://tiktok.com/@texting592"" target=""_blank"">@texting592</a>",39,8,46.733,1,1,15,0,3301.875,29.875,1.5,2.125
"<a href=""https://tiktok.com/@texts178"" target=""_blank"">@texts178</a>",56,9,70.756,0.815,4,36,0,4073,134.667,17.889,4.111
"<a href=""https://tiktok.com/@thalrn"" target=""_blank"">@thalrn</a>",47,6,25.625,1,2,16,0,8400.167,299.667,2.333,1.167
"<a href=""https://tiktok.com/@tiffanystory8"" target=""_blank"">@tiffanystory8</a>",52,6,62.167,0.929,2,18,0,28275.571,549.429,11.143,11.857
"<a href=""https://tiktok.com/@tiwakp1"" target=""_blank"">@tiwakp1</a>",78,8,68.383,0.92,5,60,0,426.625,12,0,0.125
"<a href=""https://tiktok.com/@todaysfriendshow4"" target=""_blank"">@todaysfriendshow4</a>",30,11,53.426,0.844,4,58,0,1844.455,33.545,0.091,0.091
"<a href=""https://tiktok.com/@toma.rimi"" target=""_blank"">@toma.rimi</a>",31,3,47.444,1,1,9,0,2017,37,0,0
"<a href=""https://tiktok.com/@touab4277"" target=""_blank"">@touab4277</a>",91,10,60.629,0.91,4,36,0,1356.5,59.8,0.2,0.2
"<a href=""https://tiktok.com/@tri.nguyenw"" target=""_blank"">@tri.nguyenw</a>",71,12,60.7,0.714,1,10,0,1743.286,22.643,0.643,0.571
"<a href=""https://tiktok.com/@tugx2917"" target=""_blank"">@tugx2917</a>",85,15,69.264,0.873,3,50,0,391.067,12.6,0.133,0.2
"<a href=""https://tiktok.com/@typ009"" target=""_blank"">@typ009</a>",55,5,59.75,0.833,1,8,0,2923,131,1.833,1.5
"<a href=""https://tiktok.com/@ubhutfrx"" target=""_blank"">@ubhutfrx</a>",1,9,59.387,0.95,7,60,0,1760.222,58.111,0.444,0.667
"<a href=""https://tiktok.com/@ubzg6170"" target=""_blank"">@ubzg6170</a>",32,8,70.25,0.667,1,8,0,1250.444,38.667,0.111,0
"<a href=""https://tiktok.com/@uehjkb3487"" target=""_blank"">@uehjkb3487</a>",22,4,56.917,1,3,24,0,17005.25,260.25,4,4.25
"<a href=""https://tiktok.com/@ufsc8075"" target=""_blank"">@ufsc8075</a>",86,12,56.975,0.935,3,70,0,871.133,35.067,0.333,0.4
"<a href=""https://tiktok.com/@uiavao.bskvai"" target=""_blank"">@uiavao.bskvai</a>",6,6,41.75,1,1,8,0,1138.667,20.167,1.833,0.833
"<a href=""https://tiktok.com/@ujrrrsq"" target=""_blank"">@ujrrrsq</a>",78,9,61.163,0.967,5,75,0,291.444,9.667,0,0
"<a href=""https://tiktok.com/@ukfee8"" target=""_blank"">@ukfee8</a>",103,4,68.25,1,1,8,0,1008.25,29.25,0,0.375
"<a href=""https://tiktok.com/@ulrikesteuber"" target=""_blank"">@ulrikesteuber</a>",17,9,53.601,0.932,7,72,0,936,17.778,0.444,0.667
"<a href=""https://tiktok.com/@uqmlmv"" target=""_blank"">@uqmlmv</a>",51,8,31.5,1,2,24,0,959,51.875,0.25,0
"<a href=""https://tiktok.com/@urdu9708"" target=""_blank"">@urdu9708</a>",86,14,52.508,0.923,2,69,0,771.786,37.643,0.143,0.643
"<a href=""https://tiktok.com/@user16909390140293"" target=""_blank"">@user16909390140293</a>",58,6,65,1,1,9,0,576.417,13.917,0.083,0
"<a href=""https://tiktok.com/@user19468614708518"" target=""_blank"">@user19468614708518</a>",25,8,54.857,0.889,2,24,0,3046.5,59.25,1.375,9.875
"<a href=""https://tiktok.com/@user24170778255943"" target=""_blank"">@user24170778255943</a>",55,6,59.75,0.833,1,8,0,10497.833,197.833,1,1.167
"<a href=""https://tiktok.com/@user2903556969068"" target=""_blank"">@user2903556969068</a>",24,8,61.192,0.926,3,35,0,1182.75,23.75,1,1.625
"<a href=""https://tiktok.com/@user2920462956526"" target=""_blank"">@user2920462956526</a>",23,8,47.5,1,1,8,0,2850.25,40.25,0.75,1.875
"<a href=""https://tiktok.com/@user2932993437321"" target=""_blank"">@user2932993437321</a>",24,8,56.414,0.843,2,24,0,1651.75,38.375,0.25,1.875
"<a href=""https://tiktok.com/@user3154950400581"" target=""_blank"">@user3154950400581</a>",8,10,58.877,0.926,4,51,0,2082.1,142.3,1.8,1.7
"<a href=""https://tiktok.com/@user33450120083591"" target=""_blank"">@user33450120083591</a>",78,8,67.668,0.875,4,42,0,393.25,10.917,0.083,0.167
"<a href=""https://tiktok.com/@user3358147717443"" target=""_blank"">@user3358147717443</a>",12,10,51.156,1,4,32,0,4111.4,104.1,1.7,0.7
"<a href=""https://tiktok.com/@user35634735100156"" target=""_blank"">@user35634735100156</a>",107,4,39.75,1,1,8,0,5254.25,86.25,1.5,15
"<a href=""https://tiktok.com/@user3758269061970"" target=""_blank"">@user3758269061970</a>",66,5,53.625,0.8,1,8,0,10782,291.429,1.857,8.857
"<a href=""https://tiktok.com/@user386963311513"" target=""_blank"">@user386963311513</a>",24,8,56.438,0.866,4,37,0,1264.75,18.375,0.875,2.875
"<a href=""https://tiktok.com/@user3909252607556"" target=""_blank"">@user3909252607556</a>",107,4,39.75,1,1,8,0,2291.5,59,0.5,2.5
"<a href=""https://tiktok.com/@user4148379047616"" target=""_blank"">@user4148379047616</a>",45,8,36.375,1,1,8,0,1339.625,52.875,0.375,0.125
"<a href=""https://tiktok.com/@user4181021201798"" target=""_blank"">@user4181021201798</a>",24,8,53.621,0.788,4,35,0,1607.5,27.125,0.375,2.625
"<a href=""https://tiktok.com/@user44761426985968"" target=""_blank"">@user44761426985968</a>",60,4,56.5,1,1,8,0,781,33.6,0.8,1
"<a href=""https://tiktok.com/@user4520243691193"" target=""_blank"">@user4520243691193</a>",42,4,20.75,1,1,8,0,753.25,28,0.5,0.5
"<a href=""https://tiktok.com/@user4812092703961"" target=""_blank"">@user4812092703961</a>",36,6,43.25,0.857,1,8,0,1410.667,28.833,0.333,0.667
"<a href=""https://tiktok.com/@user50065457091245"" target=""_blank"">@user50065457091245</a>",25,7,61.538,0.889,2,23,0,4335.125,61.625,1.875,6.375
"<a href=""https://tiktok.com/@user5107401810761"" target=""_blank"">@user5107401810761</a>",22,4,59.625,1,6,48,0,546,37.5,1,4.5
"<a href=""https://tiktok.com/@user5626060056906"" target=""_blank"">@user5626060056906</a>",1,10,57.635,0.908,13,127,0,3350.4,207,3.2,7.7
"<a href=""https://tiktok.com/@user59010441107517"" target=""_blank"">@user59010441107517</a>",25,8,54.396,0.889,2,27,0,2358.25,35.125,0.375,2.125
"<a href=""https://tiktok.com/@user6139676160240"" target=""_blank"">@user6139676160240</a>",61,5,47.625,1,1,8,0,1282,57.6,0.4,0.4
"<a href=""https://tiktok.com/@user6186701630842"" target=""_blank"">@user6186701630842</a>",24,8,49.76,0.944,4,48,0,1560.25,41.125,1.375,4.5
"<a href=""https://tiktok.com/@user66946725172477"" target=""_blank"">@user66946725172477</a>",61,5,47.625,1,1,8,0,1052,46.2,0.6,1.4
"<a href=""https://tiktok.com/@user6922385284275"" target=""_blank"">@user6922385284275</a>",1,8,55.375,0.928,5,46,0,1552,65.75,1.375,2.125
"<a href=""https://tiktok.com/@user7166160034825"" target=""_blank"">@user7166160034825</a>",23,7,47.5,1,1,8,0,3061.714,42.571,0.286,3.286
"<a href=""https://tiktok.com/@user7605976152392"" target=""_blank"">@user7605976152392</a>",2,10,64.696,0.866,4,36,0,2439.2,78.7,1.5,8.1
"<a href=""https://tiktok.com/@user7623302261329"" target=""_blank"">@user7623302261329</a>",14,6,54.803,1,2,21,0,296,7,0.167,0
"<a href=""https://tiktok.com/@user81444195333"" target=""_blank"">@user81444195333</a>",73,7,30.5,0.667,1,8,0,5686.571,150.857,4.429,0.857
"<a href=""https://tiktok.com/@user8508148033286"" target=""_blank"">@user8508148033286</a>",5,6,42.75,1,1,8,0,2208,94,2.5,2.333
"<a href=""https://tiktok.com/@user8653602093025"" target=""_blank"">@user8653602093025</a>",24,8,66.951,0.848,4,40,0,1540.25,56.625,0.75,3.125
"<a href=""https://tiktok.com/@user8794483655797"" target=""_blank"">@user8794483655797</a>",24,8,61.109,0.952,3,37,0,2015.25,39.25,0.375,3.625
"<a href=""https://tiktok.com/@user9660772417487"" target=""_blank"">@user9660772417487</a>",104,7,50.681,1,2,21,0,1819.714,65.857,0.429,0.714
"<a href=""https://tiktok.com/@user9724456321051"" target=""_blank"">@user9724456321051</a>",5,8,39.972,1,3,32,0,3346.25,83.125,0.625,0.625
"<a href=""https://tiktok.com/@username.1234615"" target=""_blank"">@username.1234615</a>",67,5,92.182,0.714,1,11,0,2114.833,89.25,6.75,2.75
"<a href=""https://tiktok.com/@username.123467897"" target=""_blank"">@username.123467897</a>",68,9,89.562,0.792,2,32,0,68.25,7.917,0.333,0
"<a href=""https://tiktok.com/@username.12365478"" target=""_blank"">@username.12365478</a>",67,8,92.182,0.714,1,11,0,1434.667,53.25,6.083,1
"<a href=""https://tiktok.com/@username.1545465"" target=""_blank"">@username.1545465</a>",69,4,86.667,0.75,1,9,0,87.167,14.5,1.5,0.167
"<a href=""https://tiktok.com/@username.64754675"" target=""_blank"">@username.64754675</a>",69,6,86.667,0.75,1,9,0,34.167,4.833,0.167,0
"<a href=""https://tiktok.com/@usjg2117"" target=""_blank"">@usjg2117</a>",85,13,70.177,0.88,5,53,0,1075.133,53.4,0.533,0.933
"<a href=""https://tiktok.com/@v.if77"" target=""_blank"">@v.if77</a>",26,9,49.989,0.917,2,24,0,1476.222,43.444,0,0.111
"<a href=""https://tiktok.com/@vaigg0"" target=""_blank"">@vaigg0</a>",8,10,58.101,0.972,4,45,0,2759.3,114.4,2.6,16
"<a href=""https://tiktok.com/@vbn6106"" target=""_blank"">@vbn6106</a>",43,4,39.25,1,1,8,0,1478.25,74,0,0
"<a href=""https://tiktok.com/@vdjdidu4"" target=""_blank"">@vdjdidu4</a>",104,7,46.12,0.958,3,25,0,2605.714,84.429,1.857,1.571
"<a href=""https://tiktok.com/@verity.holland"" target=""_blank"">@verity.holland</a>",5,8,26.583,1,2,20,0,1664.25,71.125,1.75,0.625
"<a href=""https://tiktok.com/@vghf668"" target=""_blank"">@vghf668</a>",27,8,64.375,0.833,1,8,0,1375.75,59.75,0.125,0.25
"<a href=""https://tiktok.com/@video.of38"" target=""_blank"">@video.of38</a>",26,8,60.616,0.917,2,20,0,1419.333,35,0.444,0.111
"<a href=""https://tiktok.com/@vitsu.alec1"" target=""_blank"">@vitsu.alec1</a>",64,5,56.721,0.794,3,28,0,4187.8,102.6,4,1.6
"<a href=""https://tiktok.com/@vjed.dyay"" target=""_blank"">@vjed.dyay</a>",60,5,59.861,1,2,17,0,1137.6,57,0.8,1
"<a href=""https://tiktok.com/@vjtrhi2"" target=""_blank"">@vjtrhi2</a>",50,5,79,1,1,8,0,1060,53.2,0.4,0.4
"<a href=""https://tiktok.com/@vklwwb3"" target=""_blank"">@vklwwb3</a>",51,6,31.292,1,2,20,0,1265.167,81.833,0.5,0.667
"<a href=""https://tiktok.com/@vshwiy2868"" target=""_blank"">@vshwiy2868</a>",28,9,53.153,0.929,2,29,0,331.3,8.7,0,0
"<a href=""https://tiktok.com/@vvsotofplmqdp"" target=""_blank"">@vvsotofplmqdp</a>",19,4,49,1,2,16,0,1112.25,35.5,0.75,0.75
"<a href=""https://tiktok.com/@vxissvsb"" target=""_blank"">@vxissvsb</a>",99,5,39,1,1,8,0,1557.4,54.2,0.6,0.2
"<a href=""https://tiktok.com/@vxkaw3274"" target=""_blank"">@vxkaw3274</a>",94,7,44.538,0.939,6,58,0,1651.143,63,0.571,0.429
"<a href=""https://tiktok.com/@walcs4238"" target=""_blank"">@walcs4238</a>",94,6,47.759,0.91,6,57,0,822.5,18.5,0.333,0.5
"<a href=""https://tiktok.com/@walke.lowe"" target=""_blank"">@walke.lowe</a>",72,8,36.492,0.908,2,27,0,8421.75,94.125,2.25,0.875
"<a href=""https://tiktok.com/@wbakf3819"" target=""_blank"">@wbakf3819</a>",91,5,60.803,0.875,2,20,0,273,5.6,0,0
"<a href=""https://tiktok.com/@wede35"" target=""_blank"">@wede35</a>",63,13,57.164,0.89,10,166,0,1908.308,63,0.462,0.231
"<a href=""https://tiktok.com/@wevbocr"" target=""_blank"">@wevbocr</a>",89,9,15.333,0.929,1,18,0,8497.667,311.778,3.111,1.333
"<a href=""https://tiktok.com/@wgslhe"" target=""_blank"">@wgslhe</a>",78,12,67.516,0.949,6,118,0,913.167,28.25,0.083,0.667
"<a href=""https://tiktok.com/@wiqg8225"" target=""_blank"">@wiqg8225</a>",85,11,81.239,0.841,3,43,0,405.643,19.357,0.143,0.214
"<a href=""https://tiktok.com/@wive0570"" target=""_blank"">@wive0570</a>",84,12,80.35,0.9,2,26,0,876.4,26.467,0.067,1.067
"<a href=""https://tiktok.com/@wlack2188"" target=""_blank"">@wlack2188</a>",91,9,51.889,0.727,3,34,0,2309.333,80.222,0.111,0
"<a href=""https://tiktok.com/@wnxlr7248"" target=""_blank"">@wnxlr7248</a>",101,6,56.111,1,1,9,0,1464.833,34.667,1,0.167
"<a href=""https://tiktok.com/@wojta.or"" target=""_blank"">@wojta.or</a>",26,10,41.9,1,1,10,0,1596.1,68.4,0.7,0.1
"<a href=""https://tiktok.com/@wove1579"" target=""_blank"">@wove1579</a>",82,3,53.778,1,3,27,0,107.667,1,0,0
"<a href=""https://tiktok.com/@woyaofadacai0"" target=""_blank"">@woyaofadacai0</a>",22,4,74.625,1,2,16,0,2074,108,10,2.5
"<a href=""https://tiktok.com/@wroe.edith6"" target=""_blank"">@wroe.edith6</a>",64,4,64.444,0.714,1,9,0,2711.75,53.25,0.5,1.5
"<a href=""https://tiktok.com/@wudtm4288"" target=""_blank"">@wudtm4288</a>",95,5,39.778,1,1,9,0,649.4,41.8,0.4,0.8
"<a href=""https://tiktok.com/@wuge2639"" target=""_blank"">@wuge2639</a>",85,13,79.566,0.917,3,46,0,309.429,10.643,0.071,0.143
"<a href=""https://tiktok.com/@wys88511u0t"" target=""_blank"">@wys88511u0t</a>",62,7,50.889,1,1,9,0,4877.889,259.444,6.333,5.667
"<a href=""https://tiktok.com/@xbhyudvqeq2lki"" target=""_blank"">@xbhyudvqeq2lki</a>",22,4,58.25,1,1,8,0,861.5,30.25,4,14.75
"<a href=""https://tiktok.com/@xbnrp3166"" target=""_blank"">@xbnrp3166</a>",91,5,57.648,0.861,2,19,0,31091.6,1084.6,6,73.2
"<a href=""https://tiktok.com/@xchinaqueen5"" target=""_blank"">@xchinaqueen5</a>",70,6,88.045,1,1,22,0,761.833,61,6.667,2.833
"<a href=""https://tiktok.com/@xchinaqueen6"" target=""_blank"">@xchinaqueen6</a>",70,6,88.045,1,1,22,0,23.667,3.833,0.167,0.167
"<a href=""https://tiktok.com/@xhnle4779"" target=""_blank"">@xhnle4779</a>",93,9,40.987,1,2,18,0,1165.889,30.111,0.111,0
"<a href=""https://tiktok.com/@xiaoheiyang666"" target=""_blank"">@xiaoheiyang666</a>",19,4,49.312,1,4,32,0,665.5,24.5,1.25,1.25
"<a href=""https://tiktok.com/@xihz9643"" target=""_blank"">@xihz9643</a>",87,11,52.433,0.958,3,55,0,422.273,20.182,0,0.455
"<a href=""https://tiktok.com/@xlhxhlxlh8"" target=""_blank"">@xlhxhlxlh8</a>",94,5,52.967,0.939,6,54,0,12372.2,619.6,7.2,1.6
"<a href=""https://tiktok.com/@xztnkv3"" target=""_blank"">@xztnkv3</a>",51,8,32.806,1,3,28,0,1380.125,80.25,1.75,0.875
"<a href=""https://tiktok.com/@yang_reddit"" target=""_blank"">@yang_reddit</a>",102,7,21.889,1,1,9,0,1118.714,75.857,1.143,0.429
"<a href=""https://tiktok.com/@yclp.pjfg"" target=""_blank"">@yclp.pjfg</a>",60,5,63.222,1,1,9,0,744.4,29,1.4,0
"<a href=""https://tiktok.com/@yelm.boor"" target=""_blank"">@yelm.boor</a>",72,9,44.756,0.911,3,35,0,2513.111,41.333,0.778,0.333
"<a href=""https://tiktok.com/@yiitsukb"" target=""_blank"">@yiitsukb</a>",9,9,63.279,0.93,3,32,0,21716.8,845,12.8,2.9
"<a href=""https://tiktok.com/@you.texts"" target=""_blank"">@you.texts</a>",57,8,51.222,1,1,9,0,9440.75,238.25,2.375,16.125
"<a href=""https://tiktok.com/@yourfavtwins0"" target=""_blank"">@yourfavtwins0</a>",92,9,58.518,0.86,5,47,0,1139,62.889,0,0
"<a href=""https://tiktok.com/@yowbc4277"" target=""_blank"">@yowbc4277</a>",91,15,59.854,0.867,2,20,0,2403,57.667,0.133,0.467
"<a href=""https://tiktok.com/@ysishhd7"" target=""_blank"">@ysishhd7</a>",8,9,58.35,0.976,3,31,0,1667.667,119.556,1.444,0.556
"<a href=""https://tiktok.com/@ytrq8081"" target=""_blank"">@ytrq8081</a>",81,15,86.113,0.974,3,70,0,1343.467,59.6,0.4,0.4
"<a href=""https://tiktok.com/@yuli22309"" target=""_blank"">@yuli22309</a>",17,8,61.435,0.896,5,44,0,703.25,13.5,1,1.25
"<a href=""https://tiktok.com/@zbdkc3664"" target=""_blank"">@zbdkc3664</a>",94,8,41.244,1,6,56,0,699.222,22.667,0.667,0.222
"<a href=""https://tiktok.com/@zjdoa3719"" target=""_blank"">@zjdoa3719</a>",95,5,39.778,1,1,9,0,854.4,64.6,0.4,0.2
"<a href=""https://tiktok.com/@zsdx184"" target=""_blank"">@zsdx184</a>",63,14,55.085,0.913,10,228,0,7622.714,106.643,0.571,1.214
"<a href=""https://tiktok.com/@ztctmxt"" target=""_blank"">@ztctmxt</a>",89,10,15.333,0.929,1,18,0,1345.3,91.3,0.8,0
"<a href=""https://tiktok.com/@zxvb736"" target=""_blank"">@zxvb736</a>",63,15,54.773,0.936,10,240,0,6390.867,91.867,0.533,0.8
"<a href=""https://tiktok.com/@zzhjdj4"" target=""_blank"">@zzhjdj4</a>",44,4,47.583,1,3,24,0,1401.5,53.25,0,0
