"Network","Number of Accounts","Network Density","Network Diameter","Clustering Coefficient","Avg Views","Avg Likes","Avg Comments","Avg Shares","Member Accounts"
1,17,0.441,26,0.621,3831.49,128.039,1.686,3.928,"irdc042, jdpdosj, jdpxorjf, be.jkigv, luisina.riihimaki, jfufrehcdh, krug011, bmc12655, ubhutfrx, jsosjxj8, user5626060056906, chantalkusch, hcodifb, fughf21, jtcytxyzey, quincyshop08, user6922385284275"
2,10,0.578,24,0.672,3524.167,107.854,1.062,8.979,"sharleen.howard, fcjjv86, lxjjc, fduic5, aedhdjcoof, aedgslpxjx, gduhx01, hdhxh3484, shgj33, user7605976152392"
3,4,0.833,18,0.75,2627.368,93,1.158,1.211,"fauy8466, jfdd653, aedhdici, aedyckctu"
4,2,1,8,0,2326.882,79.647,0.588,0.706,"gxiiff3, cp.eagdu"
5,4,0.667,20,0.6,2152.367,74.867,1.467,0.933,"cbjf05, user9724456321051, user8508148033286, verity.holland"
6,3,0.667,17,0,5349,149.167,2.444,6.167,"ggg.hgfc, uiavao.bskvai, sjjssjs151"
7,3,0.667,17,0,9808,291.647,2.941,2.824,"miss.bordner, hullen.nguyen, ayden.riverad"
8,5,0.9,17,0.875,1887.531,106.796,1.469,4.02,"chdg050, gfjch34, user3154950400581, vaigg0, ysishhd7"
9,4,1,13,1,7328.632,301.5,4.368,1.632,"yiitsukb, rosacasey65, gutieyy7, prtnr8"
10,5,0.6,18,0.545,1649.194,81.097,1.323,0.452,"gf.nj97, geievertu8, cx.b28, djm9r, hdidkser0"
11,7,0.476,34,0.5,12820.561,124.848,1.909,2.106,"akkaanav.risksjsg, aeda1689, aed75787, hoeg.huan, aed7p4, debran.oxonrp00, aed3660"
12,9,0.306,41,0.409,5130.736,265.678,2.092,2.103,"aedtfipvfj, edelberto.mahendr, long.arpin, aedgkochc, esperance.sulcer, aedbn, aedfm3, aedvziocjc, user3358147717443"
13,2,1,8,0,2200.692,66.385,0.538,0.077,"abd.aziz7570, evan.green76"
14,3,1,13,1,78734.667,3702.667,15.8,16.867,"user7623302261329, g86bavbbw, fygdjasnu0"
15,2,1,8,0,1641.667,96.25,1.25,0.75,"dell.oswink, labon.marenm"
16,2,1,12,0,1339.533,104.333,1.867,2.933,"drape.ivoe, skunk.robinsong"
17,11,0.436,30,0.581,989.327,22.378,0.602,1.286,"mong.khuu, lawrenceharvey54, nfyk.emma, marisol.rath, jeffrey.hettinger, ulrikesteuber, onikacaylie, camilo.austin5, jann.jacobs, marjoriecarrie0525, yuli22309"
18,2,1,8,0,1054,57.875,1,0.125,"666jia, huahua88883"
19,5,0.7,16,0.643,3689.2,201.35,25.05,51.65,"ancmleilrbge, cxlpodwzefzoe, vvsotofplmqdp, bssagkvpdrz, xiaoheiyang666"
20,4,1,8,1,15783.062,893.688,88.625,168,"baoqianwan11, solhvsnhwilbg, mrgeftix3avt19, huoqilaiya"
21,2,1,8,0,76182.25,3546.5,29.5,49.125,"rgqrdvgthzjz, qnphvvhp3wg3jg"
22,10,0.378,24,0.482,2656.5,77.2,2.925,5.075,"gvcchh3457, hhgghj8866, user5107401810761, uehjkb3487, bxecxotdjfrvi, woyaofadacai0, cbnhf5680, ihgg5672, fgjbgf4688, xbhyudvqeq2lki"
23,2,1,8,0,2948.933,41.333,0.533,2.533,"user2920462956526, user7166160034825"
24,7,0.571,27,0.484,1546.071,34.946,0.714,2.893,"user386963311513, user4181021201798, user6186701630842, user2903556969068, user8653602093025, user2932993437321, user8794483655797"
25,3,1,14,1,3246.625,52,1.208,6.125,"user19468614708518, user59010441107517, user50065457091245"
26,7,0.333,44,0.333,1566.254,51.97,0.478,1.776,"v.if77, hdbjx72, j.uv586, berez.paulo, fhvf210, video.of38, wojta.or"
27,2,1,8,0,1041.765,48,0.294,0.176,"bsyg2865, vghf668"
28,3,1,19,1,612.793,20.448,0.241,0,"bsjj8797, shuj977, vshwiy2868"
29,3,1,13,1,5273.7,63.65,29.35,3.6,"cainima888, c.ts24, reddit.vztwo"
30,5,1,24,1,1094.217,26.391,0.435,0.413,"todaysfriendshow4, carbloggera, sug7994, shuy742, bsih75"
31,2,1,9,0,1509.667,29.667,0,0,"omi.poni0, toma.rimi"
32,11,0.236,64,0.36,1089.302,35.547,0.779,1.802,"buslmigf7dn, ubzg6170, msfsgvsvcsdfsadsa, ale2r35, fevkuiq, bsbwphji4xu, labksb49906r, alejkityuoo, ale383279, anpebsaxgu9, rrwtqoji8v5"
33,7,0.857,20,0.885,899.059,37.5,0.088,0.309,"hotcool586, dadd.dhh7, ojbkhhh2, scoolpodcast, funny.podcasttop, sidjjd79, jg.vj19"
34,2,1,10,0,582.75,16.188,0.188,0.188,"ayipald, aleaa0249"
35,3,1,11,1,1963.478,55.391,3.087,5.609,"mfoxkcpjsoesmpki, niyztc36975, scndqxjyehg"
36,4,0.5,26,0,1595.714,35.214,0.286,1,"luet671136, exmz856041, hlnvan42749s, user4812092703961"
37,3,1,13,1,954.85,30.5,0.05,0.35,"etuo.uop, fujgds.guio, guoonn.hkp"
38,5,0.5,26,0.5,779.593,21.889,0.444,2.37,"mzxczx.csdfe.sfsd, bb.jn3, leila.fernandes.c2, julia.rocha.sousa4, amanda.silva.barr4"
39,4,0.667,23,0.6,8069.939,90.636,1.606,7.03,"pov476pov, redditpov6, karlamoran19677, texting592"
40,2,1,9,0,923.3,25.4,0.6,0.3,"jjdjdd911, shfjjg4"
41,2,1,8,0,1176.714,49.143,0.143,0.714,"huangzonliyoan, gkkfykjb"
42,2,1,8,0,549.625,18,0.25,0.25,"gjgkgg0, user4520243691193"
43,2,1,8,0,1228.889,42.111,0.556,0.778,"fijglhhj, vbn6106"
44,12,0.288,49,0.562,982.517,39.367,0.367,0.233,"cjgbkbl, huanlyg, fijficvk, adhhrrt, hajhsh12, hi.pnct, kgkghkv, gjgkho8, liyyyang, bkvhf1, ifkvkvo, zzhjdj4"
45,2,1,8,0,1192.056,81.444,1.167,0.389,"ryllskayaqing, user4148379047616"
46,4,0.5,17,0,923.103,42.552,0.345,0.034,"bwfrgk, nfeicg, rlcycp, lakrin9"
47,4,0.667,24,0.6,3721.1,99.467,0.9,0.367,"gqvgpl, olrsyrt7, scqsxg, thalrn"
48,4,0.667,16,0.6,1010.774,39.839,0.355,0.065,"scadsy8, abphrwv, gzebfdt, njwhtm"
49,6,0.533,34,0.562,37314.965,1809.246,6.947,15,"nzohwh, oxkops7, evfdmzl, bixukf, awmilke, kdywnty"
50,3,0.667,16,0,1045.81,31.048,0.571,0.143,"avphoa, drscnr2, vjtrhi2"
51,4,0.667,20,0.6,1342.103,63.414,0.759,0.379,"diusdn13, vklwwb3, uqmlmv, xztnkv3"
52,3,0.667,18,0,12173.762,257.143,6.905,7.762,"fugfuj33, rosantspssu, tiffanystory8"
53,2,1,11,0,3527.929,121.429,2.429,4.071,"danaobenkuil, eudazpstrvf"
54,2,1,9,0,3081.333,128.917,0.833,1,"kkj00008, kkj00006"
55,2,1,8,0,6710.417,164.417,1.417,1.333,"typ009, user24170778255943"
56,12,0.394,38,0.611,3451.198,172.953,4.821,3,"hdryxd, dtkwod, stoyouh, texts178, sasapco, sdsdyou, rohingyao, huiodjio, text.fc, cagnhd, landscape5670, ktsfyh"
57,3,0.667,18,0,5857.37,182,3.815,7.37,"fjjgdvx, shvchjds, you.texts"
58,2,1,9,0,521.133,11.467,0.067,0,"user16909390140293, kungyhunksd"
59,2,1,14,0,2221.526,17,0.316,0.053,"fhkundshunk, lin689668987"
60,3,0.667,17,0,887.667,39.867,1,0.667,"user44761426985968, vjed.dyay, yclp.pjfg"
61,2,1,8,0,1167,51.9,0.5,0.9,"user66946725172477, user6139676160240"
62,4,0.5,30,0,3955.618,171.176,3.5,4.029,"hec88551nva, texthsg, cjdfsgp, wys88511u0t"
63,11,1,32,1,8995.791,184.49,1.02,3.216,"aed0267, jajsjsn56, aed2750, jvhb240, cfdc18, wede35, dthh824, iiuu553, jvtvc3, zsdx184, zxvb736"
64,6,0.6,23,0.652,3335.321,65.429,1.071,0.821,"battl.kray, lawgray3, vitsu.alec1, benedossie2, seile.rian, wroe.edith6"
65,2,1,10,0,3352.889,255.111,17.389,5.833,"jksjbtuupyf, sweet_driver120"
66,2,1,8,0,6706.75,194.333,1.333,5.417,"nassralanijw1hlg, user3758269061970"
67,2,1,11,0,1774.75,71.25,6.417,1.875,"username.1234615, username.12365478"
68,3,0.667,32,0,105.844,11.344,0.469,0.062,"china_cutegirl22, sumroo.786, username.123467897"
69,2,1,9,0,60.667,9.667,0.833,0.083,"username.1545465, username.64754675"
70,2,1,22,0,392.75,32.417,3.417,1.5,"xchinaqueen5, xchinaqueen6"
71,2,1,10,0,1581.375,37.333,1.333,1.333,"liliana.owyngk, tri.nguyenw"
72,5,0.6,29,0.6,5049.761,72.978,2.239,1.283,"cxd.shd, cuc.thu243, walke.lowe, phong.ngoc76, yelm.boor"
73,2,1,8,0,9226.5,188.188,5.562,1,"markryan688, user81444195333"
74,3,0.667,16,0,1025.269,51.808,0.577,0.462,"aedfdkpcjf, aedfjats, aedvkrphk"
75,2,1,8,0,2176.056,95.389,1.111,0.611,"pjk3357, bbjqnch"
76,3,0.667,22,0,3029.036,42.036,0.929,0.536,"sun.lilym, ilges.estelwei, juliosalazar229"
77,2,1,12,0,1063.278,32.556,0.5,1.889,"carlos.alberto.al886, aseng.haymong"
78,27,0.197,67,0.503,596.329,17.722,0.072,0.166,"idpeoc, bipiqo, hltuoq, hidouo, ujrrrsq, tiwakp1, lhqitc, qigqtm, iupkvg, prbnac, hdmjwo1, fsaftn, arffug, puhrra, bpgarp, pbpktw, eqmhqf, echrca, ojkmss, objlhmtjemu, fjmphu, ntpblw, gclqse, dtbtcc8, wgslhe, user33450120083591, sqifhw"
79,4,0.667,18,0.6,111.333,2.75,0.083,0.917,"fgffvp, kfbfol, ncaqusztvgl, klsier"
80,7,1,27,1,1187.5,61.875,0.375,0.25,"ciojkb, khfbou, hojdmc, kubjij, reddit_grayson99, qdcieh, reddit_hunt"
81,6,0.8,40,0.789,1414.357,49.274,0.536,0.512,"ghhj8554, bvoo3130, dijx3903, fhda78402, okay11732, ytrq8081"
82,5,0.9,26,0.875,1070.6,48.983,0.217,0.333,"drgd8391, eiej4325, jkuy0534, jccj44506, wove1579"
83,6,0.8,18,0.789,688.697,32,0.788,0.121,"fiurf9599, hgsa33741, gits5263, hdha0995, jiqw8344, jwhe5192"
84,3,1,16,1,876.682,21.659,0.5,0.636,"bkot6010, fhxk1941, wive0570"
85,10,0.311,71,0.545,511.075,22.219,0.253,0.322,"tetel4962, isge0853, isgs5669, isce0690, givi0331, usjg2117, wiqg8225, susv0936, tugx2917, wuge2639"
86,7,0.571,66,0.656,1136.32,39.709,0.277,0.35,"cjire9104, hehs5037, dhhi6645, fkir2290, cjur6297, ufsc8075, urdu9708"
87,4,0.833,34,0.75,2115.136,68.795,0.281,1.75,"clirr5282, fnnf8890, gjguq6894, xihz9643"
88,3,1,18,1,1381.111,52.556,1.222,0.5,"courr1227, coirf88774, gour2295"
89,2,1,18,0,4733.263,195.737,1.895,0.632,"wevbocr, ztctmxt"
90,5,0.6,37,0.6,6307,259.159,2.909,0.955,"nqkwvc, maemeg7, nhllos8, fteecfs, leoraf9"
91,11,0.327,30,0.429,3306.476,114.705,0.762,3.867,"bakaf3280, 3mbfklb, touab4277, cbske2477, 1qwdjjd, anxdo3188, yowbc4277, baxor3828, wlack2188, xbnrp3166, wbakf3819"
92,19,0.374,36,0.687,1422.507,66.932,0.644,0.445,"yourfavtwins0, ncsfo3287, kacbr2774, hdvhds4, cjdjfcn, djisks96, avelina.asucen, bxuzba, cnatk3189, ndork4782, g.in.cgn, bxjzjsns0, jshszh6382, bxjxhxt, hxjdsj34, hzhdhs, snoshsj, ncjfhyrsdj, duuff30"
93,4,0.5,29,0,1125.647,27.735,0.147,0,"sncoe4910, ducwk5858, xhnle4779, snxla2481"
94,8,0.75,26,0.812,2248.679,94.717,1.132,0.396,"vxkaw3274, 1yrogls, acsge1347, zbdkc3664, roselent02103, abxke8499, walcs4238, xlhxhlxlh8"
95,2,1,9,0,751.9,53.2,0.4,0.5,"wudtm4288, zjdoa3719"
96,3,1,12,1,16223.087,564.913,7.391,1.348,"ljpjvh, hwvrok, oljclk"
97,3,1,14,1,15680.667,411.963,4.963,2.444,"pdilul, refine74, htjzwe4"
98,2,1,8,0,1260.222,110.222,0.111,0.111,"gdjsys526252, bjjxd568933"
99,2,1,8,0,1698.091,62.091,0.636,0.364,"3jfofoed, vxissvsb"
100,2,1,9,0,905.375,39.625,0,0.125,"opgse4909, anxkr2491"
101,2,1,9,0,2075.5,40.9,0.8,0.1,"bxkke4723, wnxlr7248"
102,2,1,9,0,1269.929,81,0.857,0.786,"yang_reddit, dhdjuehiehrh"
103,3,0.667,20,0,1178.304,21.217,0.043,0.304,"hfchkk26, kduudk6, ukfee8"
104,6,0.4,29,0.375,29099.548,1032.5,11.167,10.595,"gdvcjh84747, ifjch4, jox.kj, hdicok57, user9660772417487, vdjdidu4"
105,2,1,8,0,2342.375,113.375,4.5,14.25,"idnevlpe, laicai.reddit"
106,4,1,8,1,1230.75,47.75,2.062,5.75,"pfigfwdyh2huxc, skgetbys2egi6e, nmkv7803, sunnybarrows"
107,2,1,8,0,3772.875,72.625,1,8.75,"user35634735100156, user3909252607556"
108,2,1,8,0,2158.25,32.875,1.625,0.75,"cjgmnl, dblbel"
109,2,1,8,0,1208.5,27,0.5,0.125,"cghwqj, oidufc"
110,2,1,10,0,1581,30.375,0.562,1.438,"gabriele.weber5, kellie.perry2"
111,2,1,8,0,1330.091,17.727,1.364,0.182,"manoj00764, ajay007384"
112,3,1,14,1,2523.222,18.556,0.778,0.278,"dheelquiet, dukes.cadenhead, onel.ellamae"
113,4,0.5,34,0,20975.125,140.875,3.167,1.5,"huydhfhyyxd, loertschercalliso, mariencassano, rfgfghf1"
