"Account","Network","Unique Shares","Avg Time Between Shares (sec)","Edge Symmetry Score","Degree","Strength","Betweenness","Avg Views","Avg Likes","Avg Comments","Avg Shares"
"<a href=""https://tiktok.com/@aedructdxyd"" target=""_blank"">@aedructdxyd</a>",8,7,59.429,1,1,7,0,576.714,36.571,1,1.286
"<a href=""https://tiktok.com/@aedua71"" target=""_blank"">@aedua71</a>",9,5,43.714,0.833,1,7,0,1550.667,33.833,0.5,0
"<a href=""https://tiktok.com/@ang4dhwkb5"" target=""_blank"">@ang4dhwkb5</a>",3,3,87.286,1,1,7,0,101.667,1,0,0
"<a href=""https://tiktok.com/@bakaf3280"" target=""_blank"">@bakaf3280</a>",10,7,49.286,1,2,14,0.002,680,70.429,0.143,0
"<a href=""https://tiktok.com/@baxor3828"" target=""_blank"">@baxor3828</a>",11,6,59.188,0.891,4,30,0.004,772.667,40.167,0.167,0
"<a href=""https://tiktok.com/@bmhxeaj1d6"" target=""_blank"">@bmhxeaj1d6</a>",11,7,49.312,0.866,2,16,0,409.1,9.2,0,0.2
"<a href=""https://tiktok.com/@cortd41lf9"" target=""_blank"">@cortd41lf9</a>",3,3,87.286,1,1,7,0,476.667,8.667,0,0.333
"<a href=""https://tiktok.com/@dfittf"" target=""_blank"">@dfittf</a>",10,8,50.857,1,1,7,0,226.875,5.125,0,0.125
"<a href=""https://tiktok.com/@dollieeunice7"" target=""_blank"">@dollieeunice7</a>",2,6,80,1,1,7,0,328.833,29.833,0,0
"<a href=""https://tiktok.com/@ek5dxbiw76"" target=""_blank"">@ek5dxbiw76</a>",4,7,51.909,0.8,1,11,0,1676.75,77.25,1.375,3.875
"<a href=""https://tiktok.com/@fdvhrf3"" target=""_blank"">@fdvhrf3</a>",5,5,52.286,0.667,1,7,0,3584.667,66.167,0.833,0.833
"<a href=""https://tiktok.com/@fffffffffffff687"" target=""_blank"">@fffffffffffff687</a>",2,6,77.796,1,5,37,0.013,456.167,39.833,0.333,0
"<a href=""https://tiktok.com/@fjvbaa"" target=""_blank"">@fjvbaa</a>",13,3,39.75,0.833,1,8,0,462.667,20.111,0.222,0.111
"<a href=""https://tiktok.com/@fogsi3721"" target=""_blank"">@fogsi3721</a>",12,4,57.429,1,1,7,0,325.75,20,0,0
"<a href=""https://tiktok.com/@gfovpcj"" target=""_blank"">@gfovpcj</a>",8,8,59.429,1,1,7,0,643.5,12.75,0.125,0.25
"<a href=""https://tiktok.com/@hnefzeiiq7"" target=""_blank"">@hnefzeiiq7</a>",1,3,37.429,0.8,1,7,0,31,0,0,0
"<a href=""https://tiktok.com/@ibryncebl2"" target=""_blank"">@ibryncebl2</a>",1,3,68.75,1,1,8,0,177.333,3.333,0,0
"<a href=""https://tiktok.com/@juarezbent"" target=""_blank"">@juarezbent</a>",10,8,54.982,0.875,2,15,0.002,416,16.375,0.25,0.875
"<a href=""https://tiktok.com/@may6rsexk0"" target=""_blank"">@may6rsexk0</a>",7,3,57.75,1,1,8,0,5305.667,293.333,2.667,39
"<a href=""https://tiktok.com/@meggie.y"" target=""_blank"">@meggie.y</a>",10,6,62.25,0.75,1,8,0,335.167,19.333,0,0.167
"<a href=""https://tiktok.com/@mxs2efuts3"" target=""_blank"">@mxs2efuts3</a>",11,10,50.282,0.917,3,25,0,64.5,2.1,0.1,0.1
"<a href=""https://tiktok.com/@nmxla2595"" target=""_blank"">@nmxla2595</a>",12,5,57.429,1,1,7,0,475.125,27.125,0,0
"<a href=""https://tiktok.com/@oeplbsknc6"" target=""_blank"">@oeplbsknc6</a>",5,5,52.286,0.667,1,7,0,30522.857,556.143,11.143,12.286
"<a href=""https://tiktok.com/@ryan.hunter4568"" target=""_blank"">@ryan.hunter4568</a>",2,6,73.929,1,4,28,0.021,511,13.667,0,0
"<a href=""https://tiktok.com/@s2pbpog5p7"" target=""_blank"">@s2pbpog5p7</a>",1,3,53.089,0.9,2,15,0.001,137,1.667,0,0
"<a href=""https://tiktok.com/@sczh3bf8j3"" target=""_blank"">@sczh3bf8j3</a>",7,3,57.75,1,1,8,0,743.333,29,0,0
"<a href=""https://tiktok.com/@sidhbv5"" target=""_blank"">@sidhbv5</a>",9,4,43.714,0.833,1,7,0,1018,60.75,0.25,0
"<a href=""https://tiktok.com/@user10060816606714"" target=""_blank"">@user10060816606714</a>",2,6,73.397,1,4,29,0.008,250.333,37.5,0,0.167
"<a href=""https://tiktok.com/@user405544320450"" target=""_blank"">@user405544320450</a>",2,6,70.857,1,4,28,0.014,408,42.833,0,0
"<a href=""https://tiktok.com/@user46355300983628"" target=""_blank"">@user46355300983628</a>",2,6,81.143,1,1,7,0,326.333,17.333,0,0
"<a href=""https://tiktok.com/@user52197354463120"" target=""_blank"">@user52197354463120</a>",2,6,75.696,1,2,15,0,182.5,15.667,0,0
"<a href=""https://tiktok.com/@user7453026733939"" target=""_blank"">@user7453026733939</a>",2,5,80.143,1,1,7,0,252.8,18.2,0,0.4
"<a href=""https://tiktok.com/@user8001005710186"" target=""_blank"">@user8001005710186</a>",2,6,69.857,1,2,14,0.001,630.143,32.571,0.143,0
"<a href=""https://tiktok.com/@user8540837953475"" target=""_blank"">@user8540837953475</a>",2,7,69.5,1,4,28,0.021,236.429,33.857,0.571,0.143
"<a href=""https://tiktok.com/@uugfdefhji"" target=""_blank"">@uugfdefhji</a>",2,6,67.929,1,2,14,0,13.167,2.5,1,0
"<a href=""https://tiktok.com/@uuxbqresx9"" target=""_blank"">@uuxbqresx9</a>",4,4,66.286,1,1,7,0,774.571,70.571,3.143,6.429
"<a href=""https://tiktok.com/@v0tgsso365"" target=""_blank"">@v0tgsso365</a>",4,8,59.097,0.9,2,18,0.001,4263.75,179.75,7.25,20.625
"<a href=""https://tiktok.com/@wnsao4288"" target=""_blank"">@wnsao4288</a>",13,5,39.75,0.833,1,8,0,1100.75,50,0.5,0.25
"<a href=""https://tiktok.com/@wyesbulmc0"" target=""_blank"">@wyesbulmc0</a>",6,6,48.571,1,1,7,0,1537.667,68.5,2.333,0.667
"<a href=""https://tiktok.com/@xbnrp3166"" target=""_blank"">@xbnrp3166</a>",11,6,63.429,1,2,14,0,369.333,11.833,0,0.167
"<a href=""https://tiktok.com/@ynrmwjd2c7"" target=""_blank"">@ynrmwjd2c7</a>",6,5,48.571,1,1,7,0,1447.571,27.714,1.857,4.429
"<a href=""https://tiktok.com/@zdogz60"" target=""_blank"">@zdogz60</a>",11,6,58.741,0.944,3,23,0,551.5,26.833,0.167,0.333
