"Network","Number of Accounts","Network Density","Network Diameter","Clustering Coefficient","Avg Views","Avg Likes","Avg Comments","Avg Shares","Member Accounts"
1,3,0.667,15,0,115.111,1.667,0,0,"hnefzeiiq7, s2pbpog5p7, ibryncebl2"
2,11,0.273,28,0,331.164,26.134,0.194,0.06,"dollieeunice7, user46355300983628, user8001005710186, user10060816606714, user52197354463120, user405544320450, fffffffffffff687, user8540837953475, ryan.hunter4568, user7453026733939, uugfdefhji"
3,2,1,7,0,289.167,4.833,0,0.167,"ang4dhwkb5, cortd41lf9"
4,3,0.667,18,0,2302,110.87,3.957,10.478,"ek5dxbiw76, uuxbqresx9, v0tgsso365"
5,2,1,7,0,18089.846,330,6.385,7,"fdvhrf3, oeplbsknc6"
6,2,1,7,0,1489.154,46.538,2.077,2.692,"wyesbulmc0, ynrmwjd2c7"
7,2,1,8,0,3024.5,161.167,1.333,19.5,"may6rsexk0, sczh3bf8j3"
8,2,1,7,0,612.333,23.867,0.533,0.733,"aedructdxyd, gfovpcj"
9,2,1,7,0,1337.6,44.6,0.4,0,"aedua71, sidhbv5"
10,4,0.5,22,0,410.828,26.931,0.103,0.31,"meggie.y, juarezbent, bakaf3280, dfittf"
11,5,0.7,15,0.643,392.026,15.421,0.079,0.158,"bmhxeaj1d6, baxor3828, mxs2efuts3, xbnrp3166, zdogz60"
12,2,1,7,0,425.333,24.75,0,0,"fogsi3721, nmxla2595"
13,2,1,8,0,762.941,34.176,0.353,0.176,"fjvbaa, wnsao4288"
