"Account","Network","Unique Shares","Avg Time Between Shares (sec)","Edge Symmetry Score","Degree","Strength","Betweenness","Avg Views","Avg Likes","Avg Comments","Avg Shares"
"<a href=""https://tiktok.com/@027ce436"" target=""_blank"">@027ce436</a>",9,3,61.5,0.8,1,8,0,4546.333,113,0.333,1
"<a href=""https://tiktok.com/@05c552fb"" target=""_blank"">@05c552fb</a>",10,3,50.333,0.9,2,18,0,5490,348,2.333,2.667
"<a href=""https://tiktok.com/@0b15c8b9"" target=""_blank"">@0b15c8b9</a>",10,3,37.667,0.9,2,18,0,17283.667,879.667,4.667,12.667
"<a href=""https://tiktok.com/@0d2cea4f"" target=""_blank"">@0d2cea4f</a>",12,5,50.246,0.812,3,50,0,3973.2,266.4,0.6,0.4
"<a href=""https://tiktok.com/@113fee8"" target=""_blank"">@113fee8</a>",3,3,0,1,3,27,0,213.667,8,0,0
"<a href=""https://tiktok.com/@336per7"" target=""_blank"">@336per7</a>",3,6,9.292,1,3,30,0,1061.6,51.6,0.2,0.4
"<a href=""https://tiktok.com/@396ssrt2"" target=""_blank"">@396ssrt2</a>",3,3,0,1,3,27,0,973.333,80.667,0,0.667
"<a href=""https://tiktok.com/@5b8a09a2"" target=""_blank"">@5b8a09a2</a>",13,2,33.2,0.8,1,10,0,2387.5,86.25,0,0
"<a href=""https://tiktok.com/@60b7856b"" target=""_blank"">@60b7856b</a>",13,5,33.2,0.8,1,10,0,18832.2,326.4,2,2
"<a href=""https://tiktok.com/@64d915ea"" target=""_blank"">@64d915ea</a>",11,5,63.2,0.4,1,10,0,119.333,5.667,0,0.167
"<a href=""https://tiktok.com/@6726738c"" target=""_blank"">@6726738c</a>",12,3,42.468,0.81,3,37,0,2510,145.333,0.667,0.667
"<a href=""https://tiktok.com/@6e84e6c4"" target=""_blank"">@6e84e6c4</a>",14,4,57.143,0.833,1,14,0,7898.5,236.25,1.25,2.25
"<a href=""https://tiktok.com/@879c51b2"" target=""_blank"">@879c51b2</a>",14,4,57.143,0.833,1,14,0,19571,446,0.5,0.5
"<a href=""https://tiktok.com/@88140d43"" target=""_blank"">@88140d43</a>",12,5,47.647,0.772,3,51,0,2321,144.4,0.4,0
"<a href=""https://tiktok.com/@97e624cf"" target=""_blank"">@97e624cf</a>",10,3,56.667,1,2,18,0,4730.333,166.333,1.667,3.333
"<a href=""https://tiktok.com/@auvningjixiang"" target=""_blank"">@auvningjixiang</a>",2,8,54.51,0.97,3,39,0,6833,94,3.091,0.727
"<a href=""https://tiktok.com/@berez.paulo"" target=""_blank"">@berez.paulo</a>",19,7,50.75,1,2,17,0,820.375,61.75,0.625,0.375
"<a href=""https://tiktok.com/@bflxt4285"" target=""_blank"">@bflxt4285</a>",4,9,45.5,1,1,8,0,1013.778,69.778,0.444,0.333
"<a href=""https://tiktok.com/@bnlvf20ek5"" target=""_blank"">@bnlvf20ek5</a>",8,3,62.875,1,1,8,0,748.333,95,0,1
"<a href=""https://tiktok.com/@cff90c13"" target=""_blank"">@cff90c13</a>",12,3,46.4,0.849,3,36,0,1901.333,83,0,0
"<a href=""https://tiktok.com/@chgi830"" target=""_blank"">@chgi830</a>",15,8,83.25,1,1,8,0,857.625,39.25,0.625,0.25
"<a href=""https://tiktok.com/@ciucfyictci"" target=""_blank"">@ciucfyictci</a>",4,6,45.5,1,1,8,0,684.3,23.6,0.4,0
"<a href=""https://tiktok.com/@d66ae0f4"" target=""_blank"">@d66ae0f4</a>",11,4,63.2,0.4,1,10,0,495,33.333,0.167,0
"<a href=""https://tiktok.com/@darlineguerra7"" target=""_blank"">@darlineguerra7</a>",5,3,62,1,1,8,0,638,46.667,1.333,2.667
"<a href=""https://tiktok.com/@donpenno"" target=""_blank"">@donpenno</a>",17,10,40.261,0.944,3,30,0,2165.8,88,0.6,1.1
"<a href=""https://tiktok.com/@dvwgpepap5"" target=""_blank"">@dvwgpepap5</a>",8,3,62.875,1,1,8,0,952,64,0,1.667
"<a href=""https://tiktok.com/@dxsc0"" target=""_blank"">@dxsc0</a>",18,8,51.023,0.938,2,19,0.002,1344.875,74,0.875,0.5
"<a href=""https://tiktok.com/@egekh3618"" target=""_blank"">@egekh3618</a>",16,6,34,1,1,8,0,532.167,15.5,6,1.667
"<a href=""https://tiktok.com/@f2618720"" target=""_blank"">@f2618720</a>",19,9,60.815,0.944,3,27,0.004,771.1,87,2.1,0.1
"<a href=""https://tiktok.com/@facsimile5"" target=""_blank"">@facsimile5</a>",2,10,55.333,0.978,3,42,0,582,37.267,0,0.333
"<a href=""https://tiktok.com/@fck95050"" target=""_blank"">@fck95050</a>",16,8,39.125,1,2,16,0.001,1536.4,66.3,0.7,0.7
"<a href=""https://tiktok.com/@febio432"" target=""_blank"">@febio432</a>",17,10,36.893,0.976,6,63,0.002,2585.8,45.6,0.5,0.8
"<a href=""https://tiktok.com/@fuuif9lzk8"" target=""_blank"">@fuuif9lzk8</a>",16,8,66.25,1,1,8,0,1713.2,84.6,1.3,1.1
"<a href=""https://tiktok.com/@fuvj8766"" target=""_blank"">@fuvj8766</a>",19,10,58.472,0.964,4,36,0.006,728.8,38.6,2.2,0.4
"<a href=""https://tiktok.com/@fz1056"" target=""_blank"">@fz1056</a>",17,9,46.381,0.839,4,36,0.001,2884.111,49.556,0.667,0.444
"<a href=""https://tiktok.com/@g054162"" target=""_blank"">@g054162</a>",19,6,45.25,0.917,2,19,0,941.667,60.667,1.333,1.667
"<a href=""https://tiktok.com/@g134494"" target=""_blank"">@g134494</a>",18,8,54.545,0.875,1,11,0,1937.25,48,0.875,1.375
"<a href=""https://tiktok.com/@g4lkgggsn3"" target=""_blank"">@g4lkgggsn3</a>",2,6,63.708,1,3,24,0.001,1780.833,78.5,1.333,0
"<a href=""https://tiktok.com/@gfg6705"" target=""_blank"">@gfg6705</a>",19,6,81.825,0.917,2,18,0,675.833,76.333,0.333,0.167
"<a href=""https://tiktok.com/@ghhggtljqd1"" target=""_blank"">@ghhggtljqd1</a>",7,10,55.5,0.778,1,12,0,1688.2,92.6,0.5,0.8
"<a href=""https://tiktok.com/@go.n.my"" target=""_blank"">@go.n.my</a>",18,8,55.111,0.963,3,29,0.003,1984.5,131.625,1.125,1.75
"<a href=""https://tiktok.com/@hehedjwn"" target=""_blank"">@hehedjwn</a>",17,10,38.24,0.971,5,50,0.001,2272.4,97,0.8,0.4
"<a href=""https://tiktok.com/@helen.boniribu"" target=""_blank"">@helen.boniribu</a>",6,3,54,1,1,8,0,1302.333,28.667,1.333,13
"<a href=""https://tiktok.com/@huohuohuo665"" target=""_blank"">@huohuohuo665</a>",1,8,69.333,0.75,1,9,0,1424.933,88.467,1,0.533
"<a href=""https://tiktok.com/@jjgg25283"" target=""_blank"">@jjgg25283</a>",17,8,41.233,0.944,3,26,0,2616.6,67.5,0.6,0.3
"<a href=""https://tiktok.com/@lyla.knudson"" target=""_blank"">@lyla.knudson</a>",5,3,60.375,1,1,8,0,413,38.667,1.667,1
"<a href=""https://tiktok.com/@monalisa7988"" target=""_blank"">@monalisa7988</a>",19,8,52.312,0.917,2,16,0,855.7,74.9,0.2,0.3
"<a href=""https://tiktok.com/@ndehwxt"" target=""_blank"">@ndehwxt</a>",15,6,83.25,1,1,8,0,1399.111,44.444,5.333,2.111
"<a href=""https://tiktok.com/@niubi5533"" target=""_blank"">@niubi5533</a>",3,9,9.292,1,3,30,0,7009.25,57.833,0.917,0.167
"<a href=""https://tiktok.com/@ra.ko96"" target=""_blank"">@ra.ko96</a>",6,3,54,1,1,8,0,18671,1433.333,116,768.333
"<a href=""https://tiktok.com/@sgccvhyt"" target=""_blank"">@sgccvhyt</a>",18,6,47.5,0.889,1,12,0,1807.857,92.429,0.571,0
"<a href=""https://tiktok.com/@smhyynzxe0"" target=""_blank"">@smhyynzxe0</a>",2,12,55.718,0.947,3,45,0,1217.167,103.75,0.5,0
"<a href=""https://tiktok.com/@thv86256"" target=""_blank"">@thv86256</a>",17,8,67.324,0.762,2,19,0,1678.5,32.1,0.2,0.1
"<a href=""https://tiktok.com/@ttfees0"" target=""_blank"">@ttfees0</a>",18,7,70.333,1,1,9,0,1322,79.5,0.375,0.5
"<a href=""https://tiktok.com/@ueu.gsub"" target=""_blank"">@ueu.gsub</a>",5,3,61.188,1,2,16,0.001,642.667,53.667,0.333,1.667
"<a href=""https://tiktok.com/@user10095215586074"" target=""_blank"">@user10095215586074</a>",9,3,51.111,0.9,2,17,0.001,4097.667,140.333,1.333,0.667
"<a href=""https://tiktok.com/@user1476075834084"" target=""_blank"">@user1476075834084</a>",7,5,55.5,0.778,1,12,0,629.6,69.4,0,0.4
"<a href=""https://tiktok.com/@user3888281708366"" target=""_blank"">@user3888281708366</a>",9,3,44.222,1,1,9,0,324,12.667,0.333,0
"<a href=""https://tiktok.com/@user5002252132302"" target=""_blank"">@user5002252132302</a>",9,3,59.75,0.8,2,16,0.001,116823.333,1441.667,5.333,9
"<a href=""https://tiktok.com/@user5267693072887"" target=""_blank"">@user5267693072887</a>",16,8,55.25,1,2,16,0.001,2492.5,73.5,1.3,0.2
"<a href=""https://tiktok.com/@user6183453021784"" target=""_blank"">@user6183453021784</a>",19,6,66.667,0.857,1,9,0,898.333,62.833,1.333,0.167
"<a href=""https://tiktok.com/@wss0307"" target=""_blank"">@wss0307</a>",1,9,69.333,0.75,1,9,0,2016.846,83.231,0.692,0.077
"<a href=""https://tiktok.com/@yhbbechhu"" target=""_blank"">@yhbbechhu</a>",17,8,79.15,0.944,3,26,0,2844,42.2,0.8,0.1
