"Account","Network","Unique Shares","Avg Time Between Shares (sec)","Edge Symmetry Score","Degree","Strength","Betweenness","Avg Views","Avg Likes","Avg Comments","Avg Shares"
"<a href=""https://tiktok.com/@jennamillereh26e"" target=""_blank"">@jennamillereh26e</a>",11,42,28.491,0.951,1,114,0,5748.64,73.06,0.14,0.28
"<a href=""https://tiktok.com/@kxhlqola6a363c"" target=""_blank"">@kxhlqola6a363c</a>",11,42,28.491,0.951,1,114,0,4423.755,45.02,0.061,0.224
"<a href=""https://tiktok.com/@user11737233435531"" target=""_blank"">@user11737233435531</a>",4,4,26.25,1,2,32,0,845.75,9.25,0,0.25
"<a href=""https://tiktok.com/@user1226598305981"" target=""_blank"">@user1226598305981</a>",1,5,71.308,0.833,1,13,0,1159.333,24.667,0,0.333
"<a href=""https://tiktok.com/@user1392538538860"" target=""_blank"">@user1392538538860</a>",2,6,47.029,0.817,2,29,0,4755.556,42.222,0.556,0.556
"<a href=""https://tiktok.com/@user15059932353996"" target=""_blank"">@user15059932353996</a>",10,21,64.172,0.899,4,116,0,879.048,35.952,0.238,1.571
"<a href=""https://tiktok.com/@user1655672923020"" target=""_blank"">@user1655672923020</a>",3,19,63.616,0.906,3,105,0,972.667,22.833,0.083,0.125
"<a href=""https://tiktok.com/@user2152453488210"" target=""_blank"">@user2152453488210</a>",9,9,26.608,0.967,2,49,0,673.556,7,0.111,0
"<a href=""https://tiktok.com/@user2191900675606"" target=""_blank"">@user2191900675606</a>",7,9,94.017,0.917,2,86,0,648.333,12.5,0,0
"<a href=""https://tiktok.com/@user227042611142"" target=""_blank"">@user227042611142</a>",2,9,61.102,0.809,2,38,0,3215.889,37.556,0.222,0.333
"<a href=""https://tiktok.com/@user2704030629623"" target=""_blank"">@user2704030629623</a>",1,6,71.308,0.833,1,13,0,1268.667,9.5,0.167,0
"<a href=""https://tiktok.com/@user3616273133524"" target=""_blank"">@user3616273133524</a>",10,20,63.377,0.757,4,111,0.004,1029.476,37.381,0.143,1.619
"<a href=""https://tiktok.com/@user4193960130928"" target=""_blank"">@user4193960130928</a>",6,15,28.462,0.913,1,39,0,1026.143,23.714,0.19,0.81
"<a href=""https://tiktok.com/@user4870556904383"" target=""_blank"">@user4870556904383</a>",7,9,55.278,1,2,90,0,266.75,3.583,0,0
"<a href=""https://tiktok.com/@user49141232079402"" target=""_blank"">@user49141232079402</a>",6,13,28.462,0.913,1,39,0,785.095,18.905,0.286,0.714
"<a href=""https://tiktok.com/@user5099118408673"" target=""_blank"">@user5099118408673</a>",10,18,59.389,0.851,3,81,0,747.5,22,0.05,0.25
"<a href=""https://tiktok.com/@user56221436997607"" target=""_blank"">@user56221436997607</a>",5,4,30.938,0.929,2,32,0,1125.5,16.75,0,0
"<a href=""https://tiktok.com/@user6036140945556"" target=""_blank"">@user6036140945556</a>",4,4,25.812,1,2,32,0,694.75,8,0.25,0
"<a href=""https://tiktok.com/@user6114100612194"" target=""_blank"">@user6114100612194</a>",4,4,26.438,1,2,32,0,321.25,2,0,0
"<a href=""https://tiktok.com/@user6222824133704"" target=""_blank"">@user6222824133704</a>",8,6,46.267,0.75,1,15,0,1275.333,21.5,0,0
"<a href=""https://tiktok.com/@user67246316296713"" target=""_blank"">@user67246316296713</a>",9,9,36.154,0.933,2,52,0,3474.778,48.667,0.333,0
"<a href=""https://tiktok.com/@user6787669206738"" target=""_blank"">@user6787669206738</a>",8,6,46.267,0.75,1,15,0,1133,27.5,0,0
"<a href=""https://tiktok.com/@user7406160207374"" target=""_blank"">@user7406160207374</a>",3,23,57.527,0.956,3,109,0,1051.522,37.652,0.043,0.13
"<a href=""https://tiktok.com/@user75291696174110"" target=""_blank"">@user75291696174110</a>",3,20,63.994,0.906,3,109,0,1267.667,20.625,0.042,0.083
"<a href=""https://tiktok.com/@user7910082192187"" target=""_blank"">@user7910082192187</a>",7,10,70.073,0.917,2,68,0,814.733,9.933,0,0.067
"<a href=""https://tiktok.com/@user796117334283"" target=""_blank"">@user796117334283</a>",9,9,26.416,0.967,2,49,0,796.333,9,0,0
"<a href=""https://tiktok.com/@user8123449486197"" target=""_blank"">@user8123449486197</a>",5,4,30.562,0.929,2,32,0,1513,36.25,0,0.25
"<a href=""https://tiktok.com/@user8347987166006"" target=""_blank"">@user8347987166006</a>",2,9,60.381,0.826,2,35,0,390,7.889,0,0.222
"<a href=""https://tiktok.com/@user8600005759563"" target=""_blank"">@user8600005759563</a>",10,20,69.836,0.743,4,92,0.004,796.905,31.238,0.095,1.286
"<a href=""https://tiktok.com/@user87304845050708"" target=""_blank"">@user87304845050708</a>",3,17,54.044,0.944,3,87,0,547.652,12.348,0,0.087
"<a href=""https://tiktok.com/@user9401074051479"" target=""_blank"">@user9401074051479</a>",5,4,32.875,0.857,2,32,0,400,5.5,0,0.75
"<a href=""https://tiktok.com/@user94751766994351"" target=""_blank"">@user94751766994351</a>",10,14,77.804,0.887,3,72,0.002,722.857,25.214,0.143,0.857
