"Account","Network","Unique Shares","Avg Time Between Shares (sec)","Edge Symmetry Score","Degree","Strength","Betweenness","Avg Views","Avg Likes","Avg Comments","Avg Shares"
"<a href=""https://tiktok.com/@1djjvsjb"" target=""_blank"">@1djjvsjb</a>",60,10,52.101,0.892,6,77,0,25850.1,952.7,10.7,4.5
"<a href=""https://tiktok.com/@1qwdjjd"" target=""_blank"">@1qwdjjd</a>",60,9,47.475,0.988,6,77,0,760.444,16.111,0.111,0
"<a href=""https://tiktok.com/@1yrogls"" target=""_blank"">@1yrogls</a>",66,7,52.002,0.898,11,142,0,1953.429,58.286,0.286,0.143
"<a href=""https://tiktok.com/@2jxggxh"" target=""_blank"">@2jxggxh</a>",66,7,48.635,0.878,11,144,0,850.143,28.143,0,0.143
"<a href=""https://tiktok.com/@333yue"" target=""_blank"">@333yue</a>",12,5,34,1,1,9,0,1283.6,25.4,1.4,15.6
"<a href=""https://tiktok.com/@3mbfklb"" target=""_blank"">@3mbfklb</a>",60,9,45.052,0.979,6,69,0,1355.444,39.556,1.111,0.111
"<a href=""https://tiktok.com/@abxdl1382"" target=""_blank"">@abxdl1382</a>",66,6,48.672,0.92,6,67,0,824.333,19.333,0.111,0.222
"<a href=""https://tiktok.com/@aed0267"" target=""_blank"">@aed0267</a>",39,10,51.481,0.956,4,69,0,1631.5,34,0,0.6
"<a href=""https://tiktok.com/@aed2750"" target=""_blank"">@aed2750</a>",40,8,53.524,0.837,5,77,0,3602.5,50.125,0.5,0.625
"<a href=""https://tiktok.com/@aed2977"" target=""_blank"">@aed2977</a>",7,7,56.889,1,1,9,0,3851.889,97,1.444,6.222
"<a href=""https://tiktok.com/@aedgkochc"" target=""_blank"">@aedgkochc</a>",32,10,59,1,1,9,0,2366.3,58.2,0.5,0.3
"<a href=""https://tiktok.com/@aedhsks"" target=""_blank"">@aedhsks</a>",46,8,62.111,1,1,9,0,1561.556,58.667,0.778,1.222
"<a href=""https://tiktok.com/@aedyckctu"" target=""_blank"">@aedyckctu</a>",5,8,47.889,1,2,18,0,2981.375,104.125,1.625,1.375
"<a href=""https://tiktok.com/@akkaanav.risksjsg"" target=""_blank"">@akkaanav.risksjsg</a>",6,7,34,1,1,11,0,2607.143,71,1.714,0.571
"<a href=""https://tiktok.com/@ale383279"" target=""_blank"">@ale383279</a>",27,6,45.222,0.875,1,9,0,463.333,17.833,0.5,1
"<a href=""https://tiktok.com/@aleaa0249"" target=""_blank"">@aleaa0249</a>",27,9,55.111,0.889,2,20,0,403.556,16.111,0.111,0.444
"<a href=""https://tiktok.com/@anaxagoras.harlen"" target=""_blank"">@anaxagoras.harlen</a>",5,8,43.778,1,1,9,0,1388.111,69,0.222,0.778
"<a href=""https://tiktok.com/@anpebsaxgu9"" target=""_blank"">@anpebsaxgu9</a>",29,7,43.4,0.875,1,10,0,677.444,19.667,0,0.111
"<a href=""https://tiktok.com/@apsaaadel1383"" target=""_blank"">@apsaaadel1383</a>",21,9,53.596,0.923,4,47,0,1593.778,47.667,2.222,12.889
"<a href=""https://tiktok.com/@arffug"" target=""_blank"">@arffug</a>",50,14,70.405,0.895,4,60,0,250.714,7.714,0.071,0
"<a href=""https://tiktok.com/@awmilke"" target=""_blank"">@awmilke</a>",65,6,33.7,0.917,2,20,0,2079.5,103,1.833,0.333
"<a href=""https://tiktok.com/@ayipald"" target=""_blank"">@ayipald</a>",28,9,52.772,1,2,19,0,899.667,19.111,1.222,2.889
"<a href=""https://tiktok.com/@babypink6896"" target=""_blank"">@babypink6896</a>",21,10,53.734,0.835,4,43,0,1465.2,34.2,3.7,18.7
"<a href=""https://tiktok.com/@baobaiwan888"" target=""_blank"">@baobaiwan888</a>",14,7,38.692,0.909,1,13,0,1411.125,47.625,0.375,0.125
"<a href=""https://tiktok.com/@baxor3828"" target=""_blank"">@baxor3828</a>",60,9,43.877,0.982,7,86,0,469,12.444,0.222,0.333
"<a href=""https://tiktok.com/@bcc662"" target=""_blank"">@bcc662</a>",21,9,61.464,0.921,3,39,0,1336.6,39,0.4,0.8
"<a href=""https://tiktok.com/@be.jkigv"" target=""_blank"">@be.jkigv</a>",2,10,49.278,0.786,2,18,0,1319.4,85.3,0.8,2.9
"<a href=""https://tiktok.com/@beaty_queen_22"" target=""_blank"">@beaty_queen_22</a>",45,14,87.494,0.889,3,40,0,630.333,48.125,3.792,0.333
"<a href=""https://tiktok.com/@bfihc"" target=""_blank"">@bfihc</a>",4,9,71.5,0.9,2,24,0,21838.667,822.111,1.556,5.444
"<a href=""https://tiktok.com/@bipiqo"" target=""_blank"">@bipiqo</a>",50,15,77.557,0.944,6,149,0.001,2039.6,38.6,0.133,0.2
"<a href=""https://tiktok.com/@birdie.huff"" target=""_blank"">@birdie.huff</a>",11,6,39.011,0.929,2,19,0,1351.667,43.5,1,2.167
"<a href=""https://tiktok.com/@bixukf"" target=""_blank"">@bixukf</a>",64,6,43,1,1,10,0,5587.667,78,0.833,0.667
"<a href=""https://tiktok.com/@bmc12655"" target=""_blank"">@bmc12655</a>",2,9,58.923,0.8,1,13,0,1214.778,38.444,0.444,0.111
"<a href=""https://tiktok.com/@bnsle4278"" target=""_blank"">@bnsle4278</a>",66,6,48.989,0.971,5,54,0,2206.5,57.833,0,0
"<a href=""https://tiktok.com/@boens4288"" target=""_blank"">@boens4288</a>",66,5,52.076,0.847,10,119,0,83.2,0.4,0,0
"<a href=""https://tiktok.com/@books3478"" target=""_blank"">@books3478</a>",21,8,50.049,0.915,3,32,0,2072.2,49.7,0.3,0.8
"<a href=""https://tiktok.com/@bpgarp"" target=""_blank"">@bpgarp</a>",50,15,53.47,0.883,7,155,0,289.867,8.8,0,0
"<a href=""https://tiktok.com/@bsbwphji4xu"" target=""_blank"">@bsbwphji4xu</a>",27,8,81,0.857,1,10,0,711,14.125,0.25,0.5
"<a href=""https://tiktok.com/@burba.robyn"" target=""_blank"">@burba.robyn</a>",23,4,45.333,0.8,1,9,0,1856.333,31.5,0.333,0.5
"<a href=""https://tiktok.com/@buslmigf7dn"" target=""_blank"">@buslmigf7dn</a>",27,9,55.806,0.826,4,37,0,875.333,26.889,0.111,0.222
"<a href=""https://tiktok.com/@bvoo3130"" target=""_blank"">@bvoo3130</a>",58,13,66.48,0.917,5,167,0,3001.538,57.769,0.923,0.769
"<a href=""https://tiktok.com/@bxecxotdjfrvi"" target=""_blank"">@bxecxotdjfrvi</a>",17,8,50.992,0.96,10,120,0,314.125,8.75,0.125,0.125
"<a href=""https://tiktok.com/@bxjxhxt"" target=""_blank"">@bxjxhxt</a>",67,5,31.778,0.875,1,9,0,2016,48.8,1.2,0.2
"<a href=""https://tiktok.com/@camilo.austin5"" target=""_blank"">@camilo.austin5</a>",20,10,60.107,0.975,4,48,0,259.7,4.3,0.2,0
"<a href=""https://tiktok.com/@carlos.alberto.al886"" target=""_blank"">@carlos.alberto.al886</a>",48,8,35.364,0.9,1,11,0,585.625,22.25,0.375,0.375
"<a href=""https://tiktok.com/@carlton.satterfie"" target=""_blank"">@carlton.satterfie</a>",11,6,40.556,0.857,2,18,0,919,32.833,2.167,2.333
"<a href=""https://tiktok.com/@cbnhf5680"" target=""_blank"">@cbnhf5680</a>",17,8,54.329,0.919,10,123,0,1393.75,74.875,0.25,2.625
"<a href=""https://tiktok.com/@cfdc18"" target=""_blank"">@cfdc18</a>",39,10,57.548,0.808,6,98,0,5708.7,82.1,0.4,0.7
"<a href=""https://tiktok.com/@chantalkusch"" target=""_blank"">@chantalkusch</a>",2,9,58.723,0.949,8,80,0.002,3768.778,147.667,2.222,4.778
"<a href=""https://tiktok.com/@chdg050"" target=""_blank"">@chdg050</a>",33,9,43.545,1,1,11,0,1821.556,87.333,0.556,3.333
"<a href=""https://tiktok.com/@china_cutegirl22"" target=""_blank"">@china_cutegirl22</a>",45,11,86.667,1,1,9,0,201.737,19.316,0.895,0.316
"<a href=""https://tiktok.com/@chris001997"" target=""_blank"">@chris001997</a>",42,3,22.667,1,1,9,0,10702.667,103.333,3.333,2.333
"<a href=""https://tiktok.com/@ciojkb"" target=""_blank"">@ciojkb</a>",52,6,21.556,0.944,2,36,0,1575.444,35.889,0,0.111
"<a href=""https://tiktok.com/@cjdjfcn"" target=""_blank"">@cjdjfcn</a>",68,6,15.294,0.938,2,19,0,1100.667,63.667,0,0.167
"<a href=""https://tiktok.com/@cjire9104"" target=""_blank"">@cjire9104</a>",53,9,53.722,0.852,3,45,0,4749.583,88.25,0.5,0.417
"<a href=""https://tiktok.com/@cjirr8920"" target=""_blank"">@cjirr8920</a>",57,3,63.667,1,3,27,0,1230.111,74.222,0.444,1.889
"<a href=""https://tiktok.com/@cjur6297"" target=""_blank"">@cjur6297</a>",53,10,60.158,0.911,6,59,0.001,2118.455,41.182,0.636,0.364
"<a href=""https://tiktok.com/@clirr5282"" target=""_blank"">@clirr5282</a>",53,12,51.753,0.972,3,50,0,902.25,74.167,0.417,0.25
"<a href=""https://tiktok.com/@cnatk3189"" target=""_blank"">@cnatk3189</a>",66,9,55.013,0.909,11,155,0,1660.778,44.333,0.889,0.333
"<a href=""https://tiktok.com/@coirf88774"" target=""_blank"">@coirf88774</a>",53,9,55.889,1,3,27,0,914,42.444,0.444,0.222
"<a href=""https://tiktok.com/@courr1227"" target=""_blank"">@courr1227</a>",56,5,45.867,0.833,1,15,0,301.4,10.8,0.4,0
"<a href=""https://tiktok.com/@crtyougo"" target=""_blank"">@crtyougo</a>",35,9,57,0.833,1,10,0,4011.444,194.222,4.222,2.444
"<a href=""https://tiktok.com/@cufiykgvrho9kk"" target=""_blank"">@cufiykgvrho9kk</a>",16,6,28.278,1,2,18,0,888.833,28.833,1,6.5
"<a href=""https://tiktok.com/@dadd.dhh7"" target=""_blank"">@dadd.dhh7</a>",30,13,52.004,0.889,4,46,0,1144,27.077,0.385,0.923
"<a href=""https://tiktok.com/@danghu337"" target=""_blank"">@danghu337</a>",3,8,47.083,0.955,4,46,0,1418.4,50.2,0.7,2.7
"<a href=""https://tiktok.com/@ddeaxmelj72"" target=""_blank"">@ddeaxmelj72</a>",22,10,38.5,1,1,10,0,1226,21.8,0.2,1.9
"<a href=""https://tiktok.com/@debran.oxonrp03"" target=""_blank"">@debran.oxonrp03</a>",6,7,34,1,1,11,0,10298.429,143.143,7,0.714
"<a href=""https://tiktok.com/@dhhi6645"" target=""_blank"">@dhhi6645</a>",53,12,52.833,0.972,3,78,0,658.5,45.5,0.25,0.833
"<a href=""https://tiktok.com/@dijx3903"" target=""_blank"">@dijx3903</a>",58,14,66.179,0.956,5,170,0,1970.929,44.571,0.857,0.5
"<a href=""https://tiktok.com/@djbdjfjff"" target=""_blank"">@djbdjfjff</a>",31,9,64,0.875,1,10,0,993.111,68.222,1.444,0.444
"<a href=""https://tiktok.com/@djwf2904"" target=""_blank"">@djwf2904</a>",59,14,59.218,0.916,5,126,0,565.667,35.533,0.067,0.067
"<a href=""https://tiktok.com/@doiplo1"" target=""_blank"">@doiplo1</a>",50,9,56.162,0.963,3,45,0,689,19.556,0.111,0
"<a href=""https://tiktok.com/@drgd8391"" target=""_blank"">@drgd8391</a>",59,15,76.495,0.938,5,96,0,1593.133,50.667,0.067,0.8
"<a href=""https://tiktok.com/@dtbtcc8"" target=""_blank"">@dtbtcc8</a>",50,15,62.449,0.958,5,123,0,785.267,21.8,0.067,0.333
"<a href=""https://tiktok.com/@dthh824"" target=""_blank"">@dthh824</a>",39,6,55.737,0.764,4,49,0,7581.333,137.667,1.167,2
"<a href=""https://tiktok.com/@duuff30"" target=""_blank"">@duuff30</a>",61,8,35.475,0.938,2,26,0,1814,89.75,2.875,1.875
"<a href=""https://tiktok.com/@dygd8923"" target=""_blank"">@dygd8923</a>",59,15,61.796,0.989,6,118,0,1201,48.4,0.667,0.467
"<a href=""https://tiktok.com/@ehgw1916"" target=""_blank"">@ehgw1916</a>",57,5,59.341,1,4,38,0,1397.3,44.8,0.4,2.3
"<a href=""https://tiktok.com/@eiej4325"" target=""_blank"">@eiej4325</a>",59,15,67.936,0.933,5,92,0,280.133,9.133,0.067,0
"<a href=""https://tiktok.com/@eiwv9484"" target=""_blank"">@eiwv9484</a>",55,4,42.75,1,1,12,0,1596.091,65.818,0.364,0.818
"<a href=""https://tiktok.com/@elizabeth.adams04"" target=""_blank"">@elizabeth.adams04</a>",42,3,22.667,1,1,9,0,482.333,8,0.667,0
"<a href=""https://tiktok.com/@emory.drawehj"" target=""_blank"">@emory.drawehj</a>",48,9,35.364,0.9,1,11,0,1625.2,55.8,0.7,0.9
"<a href=""https://tiktok.com/@eqmhqf"" target=""_blank"">@eqmhqf</a>",50,15,70.376,0.858,10,163,0.002,662.4,24.4,0.133,0.067
"<a href=""https://tiktok.com/@ethel.gregory2"" target=""_blank"">@ethel.gregory2</a>",3,10,55.161,0.955,4,51,0,4379.4,81.7,0.3,1.1
"<a href=""https://tiktok.com/@etuo.uop"" target=""_blank"">@etuo.uop</a>",30,11,51.133,1,1,15,0,1056,15.818,0.091,0.273
"<a href=""https://tiktok.com/@eudazpstrvf"" target=""_blank"">@eudazpstrvf</a>",69,8,64.833,1,1,12,0,5507.5,169.625,2.875,6.125
"<a href=""https://tiktok.com/@exmz856041"" target=""_blank"">@exmz856041</a>",27,9,53.778,0.857,2,20,0,1052.222,29.889,0.111,0.111
"<a href=""https://tiktok.com/@fannybach2010"" target=""_blank"">@fannybach2010</a>",8,8,57.7,0.778,1,10,0,2507.8,82.1,1.6,0.5
"<a href=""https://tiktok.com/@fdijc3"" target=""_blank"">@fdijc3</a>",2,10,60.112,0.939,7,80,0.001,1284.2,64.8,0.7,1.6
"<a href=""https://tiktok.com/@feelforc0o0676"" target=""_blank"">@feelforc0o0676</a>",18,6,31.4,1,2,20,0,1107.625,30,0.5,1.125
"<a href=""https://tiktok.com/@fevkuiq"" target=""_blank"">@fevkuiq</a>",28,9,48.444,1,1,9,0,1332.4,34.5,0.4,0.7
"<a href=""https://tiktok.com/@fgjbgf4688"" target=""_blank"">@fgjbgf4688</a>",17,8,43.837,0.989,10,138,0,403.625,13.75,0,1.125
"<a href=""https://tiktok.com/@fgjores"" target=""_blank"">@fgjores</a>",30,12,66.083,0.9,1,12,0,942.917,46.667,0.667,0.333
"<a href=""https://tiktok.com/@fhda78402"" target=""_blank"">@fhda78402</a>",58,14,71.31,0.935,5,127,0,392,17.133,0.067,0
"<a href=""https://tiktok.com/@fhuc22"" target=""_blank"">@fhuc22</a>",25,3,33.444,1,2,18,0,2484.667,56.333,0,0.333
"<a href=""https://tiktok.com/@fhvf210"" target=""_blank"">@fhvf210</a>",24,8,54.5,1,1,10,0,44321.25,1008.625,6.625,30.5
"<a href=""https://tiktok.com/@fkir2290"" target=""_blank"">@fkir2290</a>",53,9,46.667,1,5,45,0.001,742.444,26.333,0.222,0
"<a href=""https://tiktok.com/@fkur7594"" target=""_blank"">@fkur7594</a>",53,3,47,1,2,18,0,1866.375,62.75,1,1.125
"<a href=""https://tiktok.com/@fnnf8890"" target=""_blank"">@fnnf8890</a>",53,6,63.444,1,3,36,0,1235.8,46.7,0,0.8
"<a href=""https://tiktok.com/@fody.noachp"" target=""_blank"">@fody.noachp</a>",38,8,79.778,0.714,1,9,0,901.375,50.125,0.25,1.125
"<a href=""https://tiktok.com/@fsaftn"" target=""_blank"">@fsaftn</a>",50,12,65.585,0.917,5,79,0,945.438,38.938,0.5,1.562
"<a href=""https://tiktok.com/@fugfuj33"" target=""_blank"">@fugfuj33</a>",69,7,38.556,1,1,9,0,2176.125,76.25,0.875,3.875
"<a href=""https://tiktok.com/@fughf21"" target=""_blank"">@fughf21</a>",1,10,36.077,0.889,1,13,0,1199.5,82.1,0.8,1.1
"<a href=""https://tiktok.com/@fujgds.guio"" target=""_blank"">@fujgds.guio</a>",30,11,52.844,0.861,3,32,0,784.909,15.636,0.455,0.273
"<a href=""https://tiktok.com/@g.gy726"" target=""_blank"">@g.gy726</a>",23,9,56.611,0.8,2,18,0,1751.333,43.556,0.111,0
"<a href=""https://tiktok.com/@gabriele.weber5"" target=""_blank"">@gabriele.weber5</a>",20,10,54.839,0.896,3,35,0,480.1,16.5,0.2,1.9
"<a href=""https://tiktok.com/@gckcj4"" target=""_blank"">@gckcj4</a>",4,9,55.455,0.9,2,22,0,978.778,42.444,0.111,0.667
"<a href=""https://tiktok.com/@gdvcjh84747"" target=""_blank"">@gdvcjh84747</a>",70,6,55.3,0.875,1,10,0,794.25,29.375,0.875,0.125
"<a href=""https://tiktok.com/@ghhj8554"" target=""_blank"">@ghhj8554</a>",58,15,66.762,0.908,4,134,0,744,30.067,0.267,0.6
"<a href=""https://tiktok.com/@gieffk"" target=""_blank"">@gieffk</a>",51,4,39.4,1,1,10,0,294.4,4.267,0,0
"<a href=""https://tiktok.com/@gjguq6894"" target=""_blank"">@gjguq6894</a>",53,3,52.667,1,1,9,0,821.667,47.444,0.333,0.444
"<a href=""https://tiktok.com/@gjie0094"" target=""_blank"">@gjie0094</a>",57,5,60.873,1,5,47,0,802.556,58.556,0.444,0.333
"<a href=""https://tiktok.com/@gjus6238"" target=""_blank"">@gjus6238</a>",57,3,59.8,1,5,45,0,1140.5,56.9,0.3,0.8
"<a href=""https://tiktok.com/@gofman.008"" target=""_blank"">@gofman.008</a>",41,8,57.727,1,1,11,0,5380.5,133,3.2,4.9
"<a href=""https://tiktok.com/@gour2295"" target=""_blank"">@gour2295</a>",56,6,45.867,0.833,1,15,0,6034.667,145.333,0,1
"<a href=""https://tiktok.com/@greeryy2"" target=""_blank"">@greeryy2</a>",30,10,57.226,0.841,3,35,0,777.9,27.2,0,0.1
"<a href=""https://tiktok.com/@gubwos"" target=""_blank"">@gubwos</a>",33,9,43.545,1,1,11,0,1539.889,72.222,0.667,1.444
"<a href=""https://tiktok.com/@guoonn.hkp"" target=""_blank"">@guoonn.hkp</a>",30,12,64.312,0.917,1,16,0,588.917,15.5,0.167,0
"<a href=""https://tiktok.com/@gutieyy7"" target=""_blank"">@gutieyy7</a>",34,8,52.556,1,1,9,0,3907.625,191.625,2.625,1.5
"<a href=""https://tiktok.com/@gvcchh3457"" target=""_blank"">@gvcchh3457</a>",17,7,55.428,0.982,7,75,0,979,51.571,0.857,0.429
"<a href=""https://tiktok.com/@hcodifb"" target=""_blank"">@hcodifb</a>",2,9,50.184,0.911,5,48,0,3158.444,65.667,0.667,0.889
"<a href=""https://tiktok.com/@hdifhg5"" target=""_blank"">@hdifhg5</a>",2,9,60.348,0.913,4,41,0,90175.9,2899,13.8,26.6
"<a href=""https://tiktok.com/@hdkcofh"" target=""_blank"">@hdkcofh</a>",49,6,48,1,1,9,0,4030.3,61.7,0.4,0.5
"<a href=""https://tiktok.com/@hdlxohd"" target=""_blank"">@hdlxohd</a>",49,6,48,1,1,9,0,862.4,50.5,1.4,0.6
"<a href=""https://tiktok.com/@hdmjwo1"" target=""_blank"">@hdmjwo1</a>",50,12,59.198,0.975,10,106,0.002,938.6,20.667,0,0
"<a href=""https://tiktok.com/@hdvhds4"" target=""_blank"">@hdvhds4</a>",61,7,39.45,0.875,2,20,0,963,41.286,1.429,1.714
"<a href=""https://tiktok.com/@hec88551nva"" target=""_blank"">@hec88551nva</a>",37,8,38,0.875,1,12,0,1644.333,77.667,1.111,0.778
"<a href=""https://tiktok.com/@hehs5037"" target=""_blank"">@hehs5037</a>",53,12,71.033,0.983,5,96,0.001,754.417,38.167,0.25,0.167
"<a href=""https://tiktok.com/@hejdsgi"" target=""_blank"">@hejdsgi</a>",30,13,58.189,0.95,2,29,0,289.462,8.385,0,0.154
"<a href=""https://tiktok.com/@hgff.nko"" target=""_blank"">@hgff.nko</a>",30,13,50.525,0.844,3,39,0,781.385,24.462,0,0
"<a href=""https://tiktok.com/@hh155702"" target=""_blank"">@hh155702</a>",43,8,45.405,0.938,2,23,0,1569.125,44.75,0.625,0.25
"<a href=""https://tiktok.com/@hhgghj8866"" target=""_blank"">@hhgghj8866</a>",17,8,40.517,1,2,22,0,968.5,30.25,0.875,1
"<a href=""https://tiktok.com/@hidouo"" target=""_blank"">@hidouo</a>",50,15,63.004,0.917,4,101,0,1187.067,27.6,0.133,0.467
"<a href=""https://tiktok.com/@hjbfgj67"" target=""_blank"">@hjbfgj67</a>",9,8,38.444,1,1,9,0,1385.75,40.875,0.375,0.25
"<a href=""https://tiktok.com/@hlnvan42749s"" target=""_blank"">@hlnvan42749s</a>",29,9,43.4,0.875,1,10,0,811.444,19.111,0.667,0
"<a href=""https://tiktok.com/@hltuoq"" target=""_blank"">@hltuoq</a>",50,11,61.629,0.944,4,99,0,5684.933,116.067,0.667,1.333
"<a href=""https://tiktok.com/@hockey2840"" target=""_blank"">@hockey2840</a>",22,10,38.5,1,1,10,0,2197.7,42.9,0.3,1.6
"<a href=""https://tiktok.com/@hotcool586"" target=""_blank"">@hotcool586</a>",26,7,47.6,0.944,2,19,0,803.286,35.714,0,0.429
"<a href=""https://tiktok.com/@hrfj8302"" target=""_blank"">@hrfj8302</a>",54,3,29.667,1,1,9,0,569.727,20.545,0.182,0.455
"<a href=""https://tiktok.com/@hskdk.jso"" target=""_blank"">@hskdk.jso</a>",26,6,51.35,1,2,19,0,5690.667,51.667,0.167,0.667
"<a href=""https://tiktok.com/@htjzwe4"" target=""_blank"">@htjzwe4</a>",63,5,24.222,1,1,9,0,2588.6,41.8,2,0
"<a href=""https://tiktok.com/@huahua88883"" target=""_blank"">@huahua88883</a>",12,5,34,1,1,9,0,875,37.6,0.6,2.6
"<a href=""https://tiktok.com/@huff797"" target=""_blank"">@huff797</a>",21,8,50.818,0.778,1,11,0,980,22.9,0.1,0.2
"<a href=""https://tiktok.com/@huiodjio"" target=""_blank"">@huiodjio</a>",35,10,55.933,0.905,3,32,0,3015.6,122.9,2,1.7
"<a href=""https://tiktok.com/@huoqilaiya"" target=""_blank"">@huoqilaiya</a>",14,10,38.146,0.871,2,23,0,910.4,24.7,0.6,0.6
"<a href=""https://tiktok.com/@hxjdsj34"" target=""_blank"">@hxjdsj34</a>",68,5,14.194,1,2,19,0,1095,43.4,1,0
"<a href=""https://tiktok.com/@hygge8662"" target=""_blank"">@hygge8662</a>",69,8,51.694,1,2,21,0,11753.75,307.625,4.25,66.125
"<a href=""https://tiktok.com/@hynyqoqhjmakqf"" target=""_blank"">@hynyqoqhjmakqf</a>",15,8,68.083,0.75,1,12,0,918.5,14.25,1.5,0.25
"<a href=""https://tiktok.com/@hzhdhs"" target=""_blank"">@hzhdhs</a>",68,6,21.467,0.911,3,30,0,1378.333,35.5,0.333,0
"<a href=""https://tiktok.com/@idpeoc"" target=""_blank"">@idpeoc</a>",50,15,52.526,0.9,5,113,0,620.8,14.333,0,0.2
"<a href=""https://tiktok.com/@ific3756"" target=""_blank"">@ific3756</a>",53,3,45.778,1,3,27,0,1100.333,27.444,0.333,0.556
"<a href=""https://tiktok.com/@ihgg5672"" target=""_blank"">@ihgg5672</a>",17,8,53.157,0.967,12,151,0,957.875,35,1.875,6.875
"<a href=""https://tiktok.com/@iiuu553"" target=""_blank"">@iiuu553</a>",39,15,48.041,0.898,5,115,0,13019.467,188.333,1.933,3.933
"<a href=""https://tiktok.com/@irdc042"" target=""_blank"">@irdc042</a>",1,10,36.077,0.889,1,13,0,1678.7,82.5,1.1,2
"<a href=""https://tiktok.com/@isni5392"" target=""_blank"">@isni5392</a>",26,6,45.556,1,1,9,0,475,14.167,0.167,0
"<a href=""https://tiktok.com/@itsh7661"" target=""_blank"">@itsh7661</a>",59,3,65.778,1,3,27,0,670,30.667,1,0
"<a href=""https://tiktok.com/@iupkvg"" target=""_blank"">@iupkvg</a>",50,15,66.041,0.917,5,84,0,302.067,10.6,0.067,0.067
"<a href=""https://tiktok.com/@j.ee238"" target=""_blank"">@j.ee238</a>",23,5,67.889,0.8,1,9,0,888,15,0.167,0.167
"<a href=""https://tiktok.com/@j.uv586"" target=""_blank"">@j.uv586</a>",24,7,54.5,1,1,10,0,1703.429,36.286,0.571,1.143
"<a href=""https://tiktok.com/@jackie.bradley45"" target=""_blank"">@jackie.bradley45</a>",17,8,46.599,0.982,9,109,0,1310.75,27.75,2.5,12.5
"<a href=""https://tiktok.com/@jajsjsn56"" target=""_blank"">@jajsjsn56</a>",40,14,52.624,0.865,5,102,0,3723,90.143,0.286,0.429
"<a href=""https://tiktok.com/@jann.jacobs"" target=""_blank"">@jann.jacobs</a>",19,6,29,0.857,1,10,0,641.667,21.833,0.167,0.333
"<a href=""https://tiktok.com/@jcsie5410"" target=""_blank"">@jcsie5410</a>",57,6,76.556,1,3,27,0,1728.3,46.1,0.4,0.3
"<a href=""https://tiktok.com/@jdpdosj"" target=""_blank"">@jdpdosj</a>",2,10,59.464,0.885,4,41,0,461.4,20,0.6,0.2
"<a href=""https://tiktok.com/@jdpxorjf"" target=""_blank"">@jdpxorjf</a>",2,10,54.293,0.921,6,68,0,889.9,49.7,0.6,1
"<a href=""https://tiktok.com/@jfdd653"" target=""_blank"">@jfdd653</a>",5,8,52,1,1,9,0,3129.5,69.375,0.625,0.375
"<a href=""https://tiktok.com/@jfkovj5"" target=""_blank"">@jfkovj5</a>",2,10,49.778,0.95,2,20,0,40740.6,3644.4,31.3,78.8
"<a href=""https://tiktok.com/@jfodxgajsjijpd"" target=""_blank"">@jfodxgajsjijpd</a>",17,8,50.296,0.987,13,173,0,1493.5,67,5.875,15.625
"<a href=""https://tiktok.com/@jfufrehcdh"" target=""_blank"">@jfufrehcdh</a>",2,8,49.556,1,1,9,0,933.875,64.25,0.5,1.375
"<a href=""https://tiktok.com/@jg.vj19"" target=""_blank"">@jg.vj19</a>",26,8,55.033,0.926,3,30,0,1319,23.625,0.25,0.125
"<a href=""https://tiktok.com/@jh.hj90"" target=""_blank"">@jh.hj90</a>",26,8,45.659,0.963,3,28,0,1294.25,34.875,0.375,0
"<a href=""https://tiktok.com/@jiqw8344"" target=""_blank"">@jiqw8344</a>",59,3,78.333,1,1,9,0,174,2.333,0,0
"<a href=""https://tiktok.com/@jkuy0534"" target=""_blank"">@jkuy0534</a>",59,15,68.744,0.879,6,146,0,796.467,45.333,0.6,0.067
"<a href=""https://tiktok.com/@joab.truitt"" target=""_blank"">@joab.truitt</a>",3,8,44.972,0.975,4,41,0,2517.125,118.625,0.875,0.75
"<a href=""https://tiktok.com/@josieferguson6"" target=""_blank"">@josieferguson6</a>",3,8,53.946,0.927,4,43,0,2388.75,94.125,0.875,1
"<a href=""https://tiktok.com/@jrcbuibeamiuor"" target=""_blank"">@jrcbuibeamiuor</a>",15,6,68.083,0.75,1,12,0,1068.5,42.375,0.375,1.375
"<a href=""https://tiktok.com/@jsosjxj8"" target=""_blank"">@jsosjxj8</a>",2,10,59.733,0.933,3,31,0.001,784.9,39.8,0.5,0.5
"<a href=""https://tiktok.com/@jtcytxyzey"" target=""_blank"">@jtcytxyzey</a>",2,8,69.778,1,1,9,0,17312,483.8,2.5,35
"<a href=""https://tiktok.com/@juliedouglass2013"" target=""_blank"">@juliedouglass2013</a>",8,8,57.7,0.778,1,10,0,1960.1,64.9,0.1,0.4
"<a href=""https://tiktok.com/@jvhb240"" target=""_blank"">@jvhb240</a>",40,14,56.793,0.834,5,112,0,7909.071,140.214,0.643,2.429
"<a href=""https://tiktok.com/@jvtvc3"" target=""_blank"">@jvtvc3</a>",40,14,50.975,0.881,5,103,0,3911.571,84.071,1,3.214
"<a href=""https://tiktok.com/@jxfciicg"" target=""_blank"">@jxfciicg</a>",61,8,36.225,0.938,2,26,0,1441.125,73,0.75,0.5
"<a href=""https://tiktok.com/@kamlisarkar_0"" target=""_blank"">@kamlisarkar_0</a>",44,12,94.915,0.726,3,53,0,1079.25,128.833,8,1.833
"<a href=""https://tiktok.com/@kdywnty"" target=""_blank"">@kdywnty</a>",65,5,15,1,1,10,0,1858,41.2,0.6,0.2
"<a href=""https://tiktok.com/@khanh.phukhh"" target=""_blank"">@khanh.phukhh</a>",47,9,52.444,0.75,1,9,0,2271.889,57.889,0.778,1.111
"<a href=""https://tiktok.com/@khfbou"" target=""_blank"">@khfbou</a>",52,6,18.306,1,2,36,0,1791.889,28,0.333,0
"<a href=""https://tiktok.com/@kili1173"" target=""_blank"">@kili1173</a>",43,6,75.5,0.857,1,10,0,1579,56,1.5,3.375
"<a href=""https://tiktok.com/@kmlisarkar_1"" target=""_blank"">@kmlisarkar_1</a>",44,11,82.85,0.689,2,46,0,673.412,59.882,4.176,0.412
"<a href=""https://tiktok.com/@krug011"" target=""_blank"">@krug011</a>",2,10,52.556,0.819,3,28,0.001,1086.3,59.8,0.3,1.4
"<a href=""https://tiktok.com/@ktsfyh"" target=""_blank"">@ktsfyh</a>",35,10,61.42,0.86,5,54,0,4068.6,207.4,2.9,1.7
"<a href=""https://tiktok.com/@kubjij"" target=""_blank"">@kubjij</a>",52,6,18.583,0.944,2,36,0,866.222,40.111,0.333,0.333
"<a href=""https://tiktok.com/@labubu5252"" target=""_blank"">@labubu5252</a>",14,9,36.7,0.833,1,10,0,1319.556,42.778,0.556,1.667
"<a href=""https://tiktok.com/@labubushiping51"" target=""_blank"">@labubushiping51</a>",14,7,46.222,1,1,9,0,1417.857,16.857,0.857,0.143
"<a href=""https://tiktok.com/@landscape5670"" target=""_blank"">@landscape5670</a>",35,9,80.8,0.857,1,10,0,2898.222,256.222,2.556,1.667
"<a href=""https://tiktok.com/@lanora.haskely"" target=""_blank"">@lanora.haskely</a>",47,8,52.444,0.75,1,9,0,2515.375,123.75,0.875,1.875
"<a href=""https://tiktok.com/@laozizuisuai"" target=""_blank"">@laozizuisuai</a>",11,5,45.407,0.857,3,27,0,847.8,36.2,1,23.2
"<a href=""https://tiktok.com/@lawrenceharvey54"" target=""_blank"">@lawrenceharvey54</a>",19,6,29,0.857,1,10,0,470,12,0.667,0
"<a href=""https://tiktok.com/@leoraf9"" target=""_blank"">@leoraf9</a>",62,5,15,1,1,9,0,13833.4,101.8,5,0.4
"<a href=""https://tiktok.com/@lhqitc"" target=""_blank"">@lhqitc</a>",50,15,69.757,0.892,4,76,0,1264.733,29.867,0.2,0.067
"<a href=""https://tiktok.com/@luet671136"" target=""_blank"">@luet671136</a>",27,10,51.222,0.778,1,9,0,1110.5,52.7,0,0.6
"<a href=""https://tiktok.com/@luisina.riihimaki"" target=""_blank"">@luisina.riihimaki</a>",2,7,53.667,1,1,12,0,804.222,72.333,0.778,0.778
"<a href=""https://tiktok.com/@marjoriecarrie0525"" target=""_blank"">@marjoriecarrie0525</a>",20,10,52.167,0.972,4,49,0,585.2,18.3,0.4,0.2
"<a href=""https://tiktok.com/@mong.khuu"" target=""_blank"">@mong.khuu</a>",20,10,52.256,0.975,4,55,0,467.9,15.4,0.3,0.2
"<a href=""https://tiktok.com/@msfsgvsvcsdfsadsa"" target=""_blank"">@msfsgvsvcsdfsadsa</a>",28,8,57.1,1,1,10,0,582.375,12.625,0.375,0.125
"<a href=""https://tiktok.com/@ncjfhyrsdj"" target=""_blank"">@ncjfhyrsdj</a>",68,6,35.2,0.857,1,10,0,2079,54,1.167,0
"<a href=""https://tiktok.com/@ncsfo3287"" target=""_blank"">@ncsfo3287</a>",66,6,48.02,0.928,8,103,0,2460.833,67.333,1.167,0.5
"<a href=""https://tiktok.com/@nendn4309"" target=""_blank"">@nendn4309</a>",4,8,66.955,0.9,2,24,0,1703,61.444,0.111,0.889
"<a href=""https://tiktok.com/@nfyk.emma"" target=""_blank"">@nfyk.emma</a>",20,8,55.25,1,2,21,0,823.375,33.375,1.25,0.75
"<a href=""https://tiktok.com/@nhllos8"" target=""_blank"">@nhllos8</a>",62,6,15,1,1,9,0,1800.667,33.5,1.167,0
"<a href=""https://tiktok.com/@ninixuaiwo"" target=""_blank"">@ninixuaiwo</a>",11,6,43.119,0.81,3,28,0,1720.333,63.833,6.167,2.833
"<a href=""https://tiktok.com/@nxpsa4288"" target=""_blank"">@nxpsa4288</a>",66,5,70.48,0.884,7,77,0,3562.4,86.4,1,0.2
"<a href=""https://tiktok.com/@ojbkhhh2"" target=""_blank"">@ojbkhhh2</a>",26,6,32.222,1,1,9,0,863.5,34.667,0,0
"<a href=""https://tiktok.com/@okay11732"" target=""_blank"">@okay11732</a>",58,15,76.283,0.967,4,121,0,1567.267,62.733,0.4,0.867
"<a href=""https://tiktok.com/@oxkops7"" target=""_blank"">@oxkops7</a>",64,6,43,1,1,10,0,7395.833,52.5,0.833,1.167
"<a href=""https://tiktok.com/@pbpktw"" target=""_blank"">@pbpktw</a>",50,13,65.368,0.897,8,144,0,692.929,17.786,0.071,0.5
"<a href=""https://tiktok.com/@pjk3357"" target=""_blank"">@pjk3357</a>",71,8,65.304,0.907,3,29,0,509.125,19.625,0,0.125
"<a href=""https://tiktok.com/@power7143"" target=""_blank"">@power7143</a>",43,8,59.448,0.952,3,34,0,5552,76.125,0.5,1.125
"<a href=""https://tiktok.com/@prbnac"" target=""_blank"">@prbnac</a>",50,6,43.148,1,6,54,0,2257.167,31.833,0,0.5
"<a href=""https://tiktok.com/@prtnr8"" target=""_blank"">@prtnr8</a>",34,10,52.861,1,2,21,0,1881,64.6,1.3,0.3
"<a href=""https://tiktok.com/@puhrra"" target=""_blank"">@puhrra</a>",50,15,49.826,0.963,6,155,0,939.267,31,0.2,0.933
"<a href=""https://tiktok.com/@pxibi018"" target=""_blank"">@pxibi018</a>",25,3,38.944,1,2,18,0,1065.333,20.667,0.333,0.333
"<a href=""https://tiktok.com/@qigqtm"" target=""_blank"">@qigqtm</a>",50,13,60.409,0.913,5,74,0,246.133,5.067,0,0.133
"<a href=""https://tiktok.com/@quincyshop08"" target=""_blank"">@quincyshop08</a>",2,10,54.074,0.921,3,27,0.002,1072.3,24.7,0.3,0.4
"<a href=""https://tiktok.com/@qwdfionqfamkqo"" target=""_blank"">@qwdfionqfamkqo</a>",18,7,28.719,1,2,23,0,2113.286,68.286,2.286,3.857
"<a href=""https://tiktok.com/@reddit55549"" target=""_blank"">@reddit55549</a>",71,6,58.111,1,1,9,0,555.167,33.833,0.833,2
"<a href=""https://tiktok.com/@redditstory667"" target=""_blank"">@redditstory667</a>",71,5,77.2,0.833,1,10,0,397.6,8.8,0,0
"<a href=""https://tiktok.com/@redreddit48"" target=""_blank"">@redreddit48</a>",71,7,60.6,0.889,1,10,0,332.571,15,0,0
"<a href=""https://tiktok.com/@refine74"" target=""_blank"">@refine74</a>",63,5,24.222,1,1,9,0,2674,149.2,2,1.8
"<a href=""https://tiktok.com/@rhzpbjoqixj"" target=""_blank"">@rhzpbjoqixj</a>",17,8,48.768,0.932,11,127,0,410.125,8.875,0.375,0.5
"<a href=""https://tiktok.com/@rohingyao"" target=""_blank"">@rohingyao</a>",35,7,53.667,0.857,1,9,0,1432.875,101.75,9.375,2.5
"<a href=""https://tiktok.com/@rosacasey65"" target=""_blank"">@rosacasey65</a>",34,9,56.533,1,2,22,0,2387.889,117.556,0.889,0.889
"<a href=""https://tiktok.com/@rrwtqoji8v5"" target=""_blank"">@rrwtqoji8v5</a>",27,10,48.444,0.857,1,9,0,1110.9,49.7,0.2,0.3
"<a href=""https://tiktok.com/@sasapco"" target=""_blank"">@sasapco</a>",35,10,53.222,1,1,9,0,2519.1,191.8,2.8,1
"<a href=""https://tiktok.com/@sbafo4188"" target=""_blank"">@sbafo4188</a>",66,4,43.696,0.915,6,62,0,974.5,22.5,0,0
"<a href=""https://tiktok.com/@siev9347"" target=""_blank"">@siev9347</a>",53,3,45.778,1,3,27,0,1985,98.111,0.556,0.333
"<a href=""https://tiktok.com/@sijh37"" target=""_blank"">@sijh37</a>",40,13,55.376,0.827,5,94,0,15090.231,202.615,2,2.385
"<a href=""https://tiktok.com/@skunk.robinsong"" target=""_blank"">@skunk.robinsong</a>",38,8,79.778,0.714,1,9,0,1070.625,51.375,0.125,1.375
"<a href=""https://tiktok.com/@snoshsj"" target=""_blank"">@snoshsj</a>",67,6,31.778,0.875,1,9,0,7852.5,73.667,2.667,1.5
"<a href=""https://tiktok.com/@soodb4177"" target=""_blank"">@soodb4177</a>",66,6,51.784,0.883,12,162,0,258.667,10.167,0.167,0
"<a href=""https://tiktok.com/@sqifhw"" target=""_blank"">@sqifhw</a>",50,15,62.671,0.987,5,128,0,740.2,29.133,0.267,0.8
"<a href=""https://tiktok.com/@stoyouh"" target=""_blank"">@stoyouh</a>",35,8,50.556,0.929,2,23,0,2731.625,123.125,3.625,2.5
"<a href=""https://tiktok.com/@sunnybarrows"" target=""_blank"">@sunnybarrows</a>",9,8,38.444,1,1,9,0,1081.75,31.875,0.125,1.375
"<a href=""https://tiktok.com/@svjscsh"" target=""_blank"">@svjscsh</a>",36,8,40.636,0.8,1,11,0,5998.625,236.125,5,9.125
"<a href=""https://tiktok.com/@svpmrjwfqvu2oj"" target=""_blank"">@svpmrjwfqvu2oj</a>",17,8,47.646,0.952,12,158,0,1097.625,47.75,1,1.625
"<a href=""https://tiktok.com/@texts178"" target=""_blank"">@texts178</a>",35,9,56.219,0.821,3,28,0,5604.444,212.889,3,2
"<a href=""https://tiktok.com/@textstyo"" target=""_blank"">@textstyo</a>",36,10,40.636,0.8,1,11,0,7229,251.1,3.2,13.7
"<a href=""https://tiktok.com/@tguu743"" target=""_blank"">@tguu743</a>",70,8,56.877,0.938,2,21,0,2603.875,87,5.125,3.25
"<a href=""https://tiktok.com/@the.esther00"" target=""_blank"">@the.esther00</a>",17,8,59.545,0.931,9,96,0,711.5,15.875,0.5,1.5
"<a href=""https://tiktok.com/@the.layten6"" target=""_blank"">@the.layten6</a>",10,8,73.2,0.778,1,10,0,699,19.875,0.125,0.125
"<a href=""https://tiktok.com/@the.sshamarfan"" target=""_blank"">@the.sshamarfan</a>",10,9,73.2,0.778,1,10,0,1362.556,31.222,3,6.444
"<a href=""https://tiktok.com/@the.yellow09"" target=""_blank"">@the.yellow09</a>",16,7,22,1,2,22,0,495.571,11.143,0.143,0.143
"<a href=""https://tiktok.com/@tiiff4205"" target=""_blank"">@tiiff4205</a>",54,3,29.667,1,1,9,0,691.9,25.6,0.2,0.3
"<a href=""https://tiktok.com/@tiut0219"" target=""_blank"">@tiut0219</a>",57,3,59,1,4,36,0,303.4,8.8,0.2,0.2
"<a href=""https://tiktok.com/@tiwakp1"" target=""_blank"">@tiwakp1</a>",50,12,66.532,0.964,7,95,0,736,27.417,0.167,0.25
"<a href=""https://tiktok.com/@touab4277"" target=""_blank"">@touab4277</a>",60,5,47.125,1,2,24,0,1690.4,39.6,1.4,0
"<a href=""https://tiktok.com/@ubhutfrx"" target=""_blank"">@ubhutfrx</a>",2,8,54.548,0.889,3,31,0,1654.5,87.2,0.7,1.6
"<a href=""https://tiktok.com/@ubpnwixo9j2jck"" target=""_blank"">@ubpnwixo9j2jck</a>",16,7,23.278,1,2,22,0,1202.286,31.857,0.571,0.143
"<a href=""https://tiktok.com/@uehjkb3487"" target=""_blank"">@uehjkb3487</a>",17,8,54.008,0.944,13,172,0,1223.25,34.5,0.75,2.5
"<a href=""https://tiktok.com/@ufsc8075"" target=""_blank"">@ufsc8075</a>",53,11,57.889,0.944,3,75,0,1285.273,54.455,0.455,1.364
"<a href=""https://tiktok.com/@ujrrrsq"" target=""_blank"">@ujrrrsq</a>",50,14,60.231,0.804,7,91,0,300.8,9.533,0,0.133
"<a href=""https://tiktok.com/@ulrikesteuber"" target=""_blank"">@ulrikesteuber</a>",20,10,77.8,1,1,10,0,493.1,13,0.1,0.5
"<a href=""https://tiktok.com/@urdu9708"" target=""_blank"">@urdu9708</a>",53,8,45.973,0.844,2,35,0,1717.091,41.182,0,0.273
"<a href=""https://tiktok.com/@user1820502288752"" target=""_blank"">@user1820502288752</a>",46,10,62.111,1,1,9,0,2581.8,121.1,0.8,1.8
"<a href=""https://tiktok.com/@user240775158"" target=""_blank"">@user240775158</a>",25,3,34.5,1,2,18,0,3139.667,55.333,0.333,0
"<a href=""https://tiktok.com/@user33450120083591"" target=""_blank"">@user33450120083591</a>",51,4,39.4,1,1,10,0,741.75,27.375,0,0.5
"<a href=""https://tiktok.com/@user3358147717443"" target=""_blank"">@user3358147717443</a>",32,9,59,1,1,9,0,47466,2140,9.111,32.111
"<a href=""https://tiktok.com/@user3436197788624"" target=""_blank"">@user3436197788624</a>",40,14,46.473,0.909,5,116,0,3308,117.643,0.714,1.5
"<a href=""https://tiktok.com/@user361947617460"" target=""_blank"">@user361947617460</a>",3,8,61.718,0.902,4,47,0,2215.75,70.875,1,0.5
"<a href=""https://tiktok.com/@user3825956150738"" target=""_blank"">@user3825956150738</a>",39,13,49.026,0.86,5,101,0,2958.077,68.923,0.385,3.154
"<a href=""https://tiktok.com/@user4148379047616"" target=""_blank"">@user4148379047616</a>",31,7,64,0.875,1,10,0,1763.286,41.857,0.143,2.571
"<a href=""https://tiktok.com/@user4258816615474"" target=""_blank"">@user4258816615474</a>",41,8,57.727,1,1,11,0,958.5,29.8,1.3,1
"<a href=""https://tiktok.com/@user5107401810761"" target=""_blank"">@user5107401810761</a>",17,8,62.881,0.94,11,122,0,877.75,30,0.875,1.5
"<a href=""https://tiktok.com/@user54314398340401"" target=""_blank"">@user54314398340401</a>",43,6,59.683,0.938,2,19,0,654.75,17.625,0.375,0.125
"<a href=""https://tiktok.com/@user5626060056906"" target=""_blank"">@user5626060056906</a>",2,10,64.316,1,2,22,0,813.4,42.5,0.6,0.6
"<a href=""https://tiktok.com/@user6922385284275"" target=""_blank"">@user6922385284275</a>",2,10,54.167,1,2,18,0,1179.1,74.9,0.9,3.6
"<a href=""https://tiktok.com/@username.12345301"" target=""_blank"">@username.12345301</a>",44,5,96.765,0.833,1,17,0,29590.333,219.333,2.667,11.8
"<a href=""https://tiktok.com/@username.1234615"" target=""_blank"">@username.1234615</a>",45,18,88.712,0.75,1,59,0,1205.033,65.5,7.433,0.467
"<a href=""https://tiktok.com/@username.123467897"" target=""_blank"">@username.123467897</a>",45,9,97.908,0.69,2,31,0,149.917,16.625,3.083,0.042
"<a href=""https://tiktok.com/@username.12365478"" target=""_blank"">@username.12365478</a>",45,29,93.93,0.821,3,85,0,1805.3,95.967,7.667,1.567
"<a href=""https://tiktok.com/@username.1545465"" target=""_blank"">@username.1545465</a>",44,8,75.973,0.889,1,37,0,284.2,36.4,1.867,0.133
"<a href=""https://tiktok.com/@username.64754675"" target=""_blank"">@username.64754675</a>",44,12,82.945,0.841,3,75,0,437.833,45,3.167,0.278
"<a href=""https://tiktok.com/@uufplsvlxvp"" target=""_blank"">@uufplsvlxvp</a>",18,7,27.219,1,2,23,0,780.286,26.286,0.429,0.857
"<a href=""https://tiktok.com/@vakft4299"" target=""_blank"">@vakft4299</a>",60,6,44.722,0.958,6,69,0,1526.333,35.667,0.5,0.333
"<a href=""https://tiktok.com/@vdjdidu4"" target=""_blank"">@vdjdidu4</a>",70,6,58.455,1,1,11,0,10394.25,412.25,14,22.5
"<a href=""https://tiktok.com/@vkie1837"" target=""_blank"">@vkie1837</a>",55,8,42.75,1,1,12,0,443.667,15.111,0.222,0.111
"<a href=""https://tiktok.com/@vxkaw3274"" target=""_blank"">@vxkaw3274</a>",66,8,54.943,0.791,8,100,0,2030,42.5,0.5,0.375
"<a href=""https://tiktok.com/@watts4718"" target=""_blank"">@watts4718</a>",21,10,59.829,0.963,3,38,0,1152.2,22,5,13.1
"<a href=""https://tiktok.com/@wbskc4277"" target=""_blank"">@wbskc4277</a>",66,4,49.385,0.823,8,77,0,1939.5,72.75,0.5,0.5
"<a href=""https://tiktok.com/@wgslhe"" target=""_blank"">@wgslhe</a>",50,15,75.096,0.94,6,152,0,1774.933,41.467,0.667,0.8
"<a href=""https://tiktok.com/@wlack2188"" target=""_blank"">@wlack2188</a>",60,3,41.426,0.967,6,54,0,1678.833,57.333,0,0
"<a href=""https://tiktok.com/@wove1579"" target=""_blank"">@wove1579</a>",59,12,75.209,0.903,3,74,0,284.75,13.583,0.083,0.417
"<a href=""https://tiktok.com/@woyaofadacai0"" target=""_blank"">@woyaofadacai0</a>",17,8,53.785,0.95,11,135,0,844.5,30.75,5.75,11.75
"<a href=""https://tiktok.com/@wudtm4288"" target=""_blank"">@wudtm4288</a>",66,9,48.985,0.961,11,162,0,7031.778,221.556,0.778,1.222
"<a href=""https://tiktok.com/@wys88511u0t"" target=""_blank"">@wys88511u0t</a>",37,8,38,0.875,1,12,0,2273.333,155.222,7.333,3.444
"<a href=""https://tiktok.com/@xbhyudvqeq2lki"" target=""_blank"">@xbhyudvqeq2lki</a>",17,8,57.281,0.923,8,83,0,990.875,29,2.75,6.25
"<a href=""https://tiktok.com/@xcwvym2"" target=""_blank"">@xcwvym2</a>",65,6,52.4,0.833,1,10,0,9753.5,235,2.5,4
"<a href=""https://tiktok.com/@xiaoheiyang11"" target=""_blank"">@xiaoheiyang11</a>",14,10,40.174,0.889,3,29,0,887.2,30.4,0.4,0.2
"<a href=""https://tiktok.com/@xihz9643"" target=""_blank"">@xihz9643</a>",53,12,53.531,0.972,3,59,0,2386.833,44.917,0,1.417
"<a href=""https://tiktok.com/@xxii911"" target=""_blank"">@xxii911</a>",35,10,52.681,0.952,3,31,0,909.7,79.4,1,0.8
"<a href=""https://tiktok.com/@yiitsukb"" target=""_blank"">@yiitsukb</a>",34,9,59.9,1,1,10,0,4447,177.222,4.111,31.111
"<a href=""https://tiktok.com/@yiyayiya666"" target=""_blank"">@yiyayiya666</a>",13,6,38,0.857,1,10,0,1248.833,42.167,0.667,7
"<a href=""https://tiktok.com/@yowbc4277"" target=""_blank"">@yowbc4277</a>",60,9,47.226,0.982,7,90,0,342.778,14.222,0,0
"<a href=""https://tiktok.com/@ytrq8081"" target=""_blank"">@ytrq8081</a>",58,12,72.334,0.944,3,87,0,1883.067,73.467,0.533,0.133
"<a href=""https://tiktok.com/@yueyueyue42"" target=""_blank"">@yueyueyue42</a>",13,5,38,0.857,1,10,0,234,6.2,0.4,0.4
"<a href=""https://tiktok.com/@yuwenmovie"" target=""_blank"">@yuwenmovie</a>",7,8,56.889,1,1,9,0,31638.556,1134,19.556,5.222
"<a href=""https://tiktok.com/@zsdx184"" target=""_blank"">@zsdx184</a>",39,6,55,0.625,1,9,0,4264.875,73.125,0.375,2.375
"<a href=""https://tiktok.com/@zxvb736"" target=""_blank"">@zxvb736</a>",39,12,58.81,0.874,5,95,0,2517.083,59.25,0.5,0.917
