"Network","Number of Accounts","Network Density","Network Diameter","Clustering Coefficient","Avg Views","Avg Likes","Avg Comments","Avg Shares","Member Accounts"
1,2,1,13,0,1439.1,82.3,0.95,1.55,"fughf21, irdc042"
2,18,0.19,72,0.471,9630.609,455.115,3.316,9.264,"hdifhg5, jtcytxyzey, krug011, quincyshop08, hcodifb, jdpdosj, be.jkigv, user5626060056906, fdijc3, chantalkusch, jdpxorjf, luisina.riihimaki, ubhutfrx, jsosjxj8, jfkovj5, bmc12655, jfufrehcdh, user6922385284275"
3,5,1,14,1,2612.523,81.545,0.727,1.273,"danghu337, joab.truitt, ethel.gregory2, josieferguson6, user361947617460"
4,3,1,13,1,8173.481,308.667,0.593,2.333,"bfihc, gckcj4, nendn4309"
5,3,0.667,18,0,2455.2,80.36,0.8,0.84,"anaxagoras.harlen, aedyckctu, jfdd653"
6,2,1,11,0,6452.786,107.071,4.357,0.643,"akkaanav.risksjsg, debran.oxonrp03"
7,2,1,9,0,17745.222,615.5,10.5,5.722,"aed2977, yuwenmovie"
8,2,1,10,0,2233.95,73.5,0.85,0.45,"juliedouglass2013, fannybach2010"
9,2,1,9,0,1233.75,36.375,0.25,0.812,"hjbfgj67, sunnybarrows"
10,2,1,10,0,1050.294,25.882,1.647,3.471,"the.layten6, the.sshamarfan"
11,4,0.833,18,0.75,1225.435,44.435,2.652,6.957,"birdie.huff, ninixuaiwo, laozizuisuai, carlton.satterfie"
12,2,1,9,0,1079.3,31.5,1,9.1,"huahua88883, 333yue"
13,2,1,10,0,787.545,25.818,0.545,4,"yueyueyue42, yiyayiya666"
14,5,0.4,33,0,1160.591,32.614,0.545,0.568,"baobaiwan888, labubu5252, huoqilaiya, labubushiping51, xiaoheiyang11"
15,2,1,12,0,993.5,28.312,0.938,0.812,"jrcbuibeamiuor, hynyqoqhjmakqf"
16,3,1,13,1,860.9,23.7,0.55,2.05,"cufiykgvrho9kk, ubpnwixo9j2jck, the.yellow09"
17,15,0.705,33,0.82,931.387,33.563,1.63,4.429,"cbnhf5680, rhzpbjoqixj, ihgg5672, svpmrjwfqvu2oj, woyaofadacai0, jackie.bradley45, jfodxgajsjijpd, fgjbgf4688, uehjkb3487, hhgghj8866, user5107401810761, the.esther00, gvcchh3457, bxecxotdjfrvi, xbhyudvqeq2lki"
18,3,1,13,1,1323.455,41,1.045,1.909,"feelforc0o0676, qwdfionqfamkqo, uufplsvlxvp"
19,2,1,10,0,555.833,16.917,0.417,0.167,"lawrenceharvey54, jann.jacobs"
20,6,0.6,32,0.682,507.707,16.241,0.379,0.586,"gabriele.weber5, ulrikesteuber, camilo.austin5, mong.khuu, nfyk.emma, marjoriecarrie0525"
21,6,0.6,33,0.571,1430.61,35.712,1.949,7.661,"huff797, babypink6896, bcc662, books3478, apsaaadel1383, watts4718"
22,2,1,10,0,1711.85,32.35,0.25,1.75,"ddeaxmelj72, hockey2840"
23,3,0.667,18,0,1534.667,31.952,0.19,0.19,"g.gy726, burba.robyn, j.ee238"
24,2,1,10,0,24432.933,554.867,3.8,16.8,"fhvf210, j.uv586"
25,3,1,9,1,2229.889,44.111,0.222,0.222,"pxibi018, fhuc22, user240775158"
26,6,0.4,29,0.375,1675.707,32.22,0.171,0.195,"jh.hj90, isni5392, jg.vj19, hskdk.jso, hotcool586, ojbkhhh2"
27,7,0.286,39,0,846.918,31.148,0.164,0.426,"bsbwphji4xu, buslmigf7dn, rrwtqoji8v5, luet671136, ale383279, exmz856041, aleaa0249"
28,3,0.667,19,0,965.926,22.889,0.667,1.259,"fevkuiq, ayipald, msfsgvsvcsdfsadsa"
29,2,1,10,0,744.444,19.389,0.333,0.056,"hlnvan42749s, anpebsaxgu9"
30,8,0.321,55,0.375,791.621,22.558,0.221,0.263,"fgjores, dadd.dhh7, hgff.nko, hejdsgi, fujgds.guio, guoonn.hkp, etuo.uop, greeryy2"
31,2,1,10,0,1330.062,56.688,0.875,1.375,"djbdjfjff, user4148379047616"
32,2,1,9,0,23729.316,1044.316,4.579,15.368,"aedgkochc, user3358147717443"
33,2,1,11,0,1680.722,79.778,0.611,2.389,"chdg050, gubwos"
34,4,0.5,31,0,3099.583,134.222,2.194,8.417,"gutieyy7, prtnr8, rosacasey65, yiitsukb"
35,9,0.278,42,0.3,3024.976,166.072,3.361,1.771,"crtyougo, huiodjio, ktsfyh, stoyouh, texts178, rohingyao, landscape5670, sasapco, xxii911"
36,2,1,11,0,6682.167,244.444,4,11.667,"textstyo, svjscsh"
37,2,1,12,0,1958.833,116.444,4.222,2.111,"hec88551nva, wys88511u0t"
38,2,1,9,0,986,50.75,0.188,1.25,"skunk.robinsong, fody.noachp"
39,7,0.714,36,0.842,5634.608,94.649,0.73,2.095,"cfdc18, user3825956150738, iiuu553, aed0267, zsdx184, dthh824, zxvb736"
40,6,1,29,1,6349.558,117.974,0.87,1.844,"user3436197788624, jvtvc3, sijh37, jvhb240, jajsjsn56, aed2750"
41,2,1,11,0,3169.5,81.4,2.25,2.95,"user4258816615474, gofman.008"
42,2,1,9,0,5592.5,55.667,2,1.167,"chris001997, elizabeth.adams04"
43,4,0.667,24,0.6,2338.719,48.625,0.75,1.219,"kili1173, power7143, user54314398340401, hh155702"
44,5,0.5,68,0.429,6238.935,93.636,3.792,2.766,"username.1545465, kmlisarkar_1, kamlisarkar_0, username.64754675, username.12345301"
45,5,0.5,81,0.429,888.732,53.268,5,0.598,"username.1234615, username.123467897, beaty_queen_22, china_cutegirl22, username.12365478"
46,2,1,9,0,2098.526,91.526,0.789,1.526,"user1820502288752, aedhsks"
47,2,1,9,0,2386.471,88.882,0.824,1.471,"lanora.haskely, khanh.phukhh"
48,2,1,11,0,1163.167,40.889,0.556,0.667,"carlos.alberto.al886, emory.drawehj"
49,2,1,9,0,2446.35,56.1,0.9,0.55,"hdkcofh, hdlxohd"
50,21,0.29,72,0.622,1093.122,27.399,0.172,0.409,"arffug, qigqtm, fsaftn, doiplo1, iupkvg, tiwakp1, pbpktw, hdmjwo1, bpgarp, puhrra, sqifhw, hltuoq, lhqitc, dtbtcc8, idpeoc, eqmhqf, ujrrrsq, bipiqo, hidouo, prbnac, wgslhe"
51,2,1,10,0,450,12.304,0,0.174,"gieffk, user33450120083591"
52,3,1,18,1,1411.185,34.667,0.222,0.148,"khfbou, ciojkb, kubjij"
53,15,0.229,63,0.422,1584.026,52.192,0.346,0.577,"cjire9104, hehs5037, dhhi6645, cjur6297, ific3756, fkur7594, fnnf8890, gjguq6894, clirr5282, fkir2290, coirf88774, urdu9708, ufsc8075, siev9347, xihz9643"
54,2,1,9,0,627.905,22.952,0.19,0.381,"hrfj8302, tiiff4205"
55,2,1,12,0,1077.5,43,0.3,0.5,"eiwv9484, vkie1837"
56,2,1,15,0,3428.636,84.182,0.182,0.545,"courr1227, gour2295"
57,6,0.8,18,0.789,1178.717,51.264,0.377,1.038,"cjirr8920, gjus6238, gjie0094, ehgw1916, jcsie5410, tiut0219"
58,6,0.867,47,0.867,1556.414,47.425,0.494,0.471,"ghhj8554, bvoo3130, dijx3903, fhda78402, okay11732, ytrq8081"
59,8,0.607,45,0.727,779.516,33.312,0.28,0.28,"dygd8923, djwf2904, jiqw8344, itsh7661, drgd8391, eiej4325, jkuy0534, wove1579"
60,8,0.821,24,0.915,4960.841,174.984,2.063,0.81,"baxor3828, touab4277, 3mbfklb, 1qwdjjd, 1djjvsjb, wlack2188, vakft4299, yowbc4277"
61,3,1,16,1,1425.304,69.174,1.696,1.348,"hdvhds4, jxfciicg, duuff30"
62,2,1,9,0,7270.091,64.545,2.909,0.182,"nhllos8, leoraf9"
63,2,1,9,0,2631.3,95.5,2,0.9,"refine74, htjzwe4"
64,2,1,10,0,6491.75,65.25,0.833,0.917,"oxkops7, bixukf"
65,3,0.667,20,0,4722.824,131.412,1.706,1.588,"kdywnty, awmilke, xcwvym2"
66,13,0.731,24,0.775,2128.906,60.459,0.435,0.318,"cnatk3189, bnsle4278, 2jxggxh, 1yrogls, abxdl1382, vxkaw3274, sbafo4188, nxpsa4288, wbskc4277, soodb4177, boens4288, ncsfo3287, wudtm4288"
67,2,1,9,0,5199.545,62.364,2,0.909,"snoshsj, bxjxhxt"
68,4,0.667,20,0.6,1427.087,49.391,0.609,0.043,"cjdjfcn, hxjdsj34, ncjfhyrsdj, hzhdhs"
69,3,0.667,21,0,6479.125,184.5,2.667,25.375,"eudazpstrvf, hygge8662, fugfuj33"
70,3,0.667,21,0,4597.458,176.208,6.667,8.625,"gdvcjh84747, tguu743, vdjdidu4"
71,4,0.5,20,0,450.769,19.577,0.192,0.5,"pjk3357, reddit55549, redditstory667, redreddit48"
