"Account","Network","Unique Shares","Avg Time Between Shares (sec)","Edge Symmetry Score","Degree","Strength","Betweenness","Avg Views","Avg Likes","Avg Comments","Avg Shares"
"<a href=""https://tiktok.com/@alamin.molla.16"" target=""_blank"">@alamin.molla.16</a>",2,3,45,1,1,6,0,6.667,4,0.667,0
"<a href=""https://tiktok.com/@h.m.osman.h.m.osm1"" target=""_blank"">@h.m.osman.h.m.osm1</a>",1,3,37,1,1,5,0,60.333,17.333,15,1.667
"<a href=""https://tiktok.com/@hossain_rana_4"" target=""_blank"">@hossain_rana_4</a>",4,4,52.5,0.5,1,4,0,154,79.375,1.5,2
"<a href=""https://tiktok.com/@lokmanbinmofizuli"" target=""_blank"">@lokmanbinmofizuli</a>",3,2,69.75,0.5,1,4,0,152.5,56.25,3.5,8
"<a href=""https://tiktok.com/@mafujaaktarr"" target=""_blank"">@mafujaaktarr</a>",1,15,37,1,1,5,0,130.3,32.95,1.25,1.2
"<a href=""https://tiktok.com/@mdbadsha.4205"" target=""_blank"">@mdbadsha.4205</a>",4,2,52.5,0.5,1,4,0,146,66.5,1.375,0.75
"<a href=""https://tiktok.com/@mihtu8"" target=""_blank"">@mihtu8</a>",2,13,64.375,0.833,2,10,0.036,431.636,131.591,1.773,3.136
"<a href=""https://tiktok.com/@momo...b11"" target=""_blank"">@momo...b11</a>",3,3,69.75,0.5,1,4,0,182.333,77,1,0.333
"<a href=""https://tiktok.com/@momo...f15"" target=""_blank"">@momo...f15</a>",2,3,83.75,0.667,1,4,0,20,4.333,0.333,0
