"Post URL","Network","Author","Timestamp","Number of Accounts","Views","Likes","Comments","Shares","Description"
"<a href=""https://www.tiktok.com/@lokmanbinmofizuli/video/7484777076948618503"" target=""_blank"" class=""btn btn-sm"" style=""background-color: #00926c; color: white; text-decoration: none; padding: 2px 8px; border-radius: 4px; font-size: 0.8em;"">View Post</a>",3,"lokmanbinmofizuli",2025-03-22 23:17:55,3,192,49,3,7,"#ইসলামিক_ভিডিও_🤲🕋🤲 "
"<a href=""https://www.tiktok.com/@mafujaaktarr/video/7484770611978407176"" target=""_blank"" class=""btn btn-sm"" style=""background-color: #00926c; color: white; text-decoration: none; padding: 2px 8px; border-radius: 4px; font-size: 0.8em;"">View Post</a>",1,"mafujaaktarr",2025-03-22 22:52:56,3,166,33,1,0,"#ইসলামিক_ভিডিও_🤲🕋🤲 "
"<a href=""https://www.tiktok.com/@mafujaaktarr/video/7484770169521229074"" target=""_blank"" class=""btn btn-sm"" style=""background-color: #00926c; color: white; text-decoration: none; padding: 2px 8px; border-radius: 4px; font-size: 0.8em;"">View Post</a>",1,"mafujaaktarr",2025-03-22 22:51:09,3,174,31,1,0,"#ইসলামিক_ভিডিও_🤲🕋🤲 "
"<a href=""https://www.tiktok.com/@mafujaaktarr/video/7484769723293486343"" target=""_blank"" class=""btn btn-sm"" style=""background-color: #00926c; color: white; text-decoration: none; padding: 2px 8px; border-radius: 4px; font-size: 0.8em;"">View Post</a>",1,"mafujaaktarr",2025-03-22 22:49:26,3,162,28,1,0,"#ইসলামিক_ভিডিও_🤲🕋🤲 "
"<a href=""https://www.tiktok.com/@lokmanbinmofizuli/video/7484764493268946194"" target=""_blank"" class=""btn btn-sm"" style=""background-color: #00926c; color: white; text-decoration: none; padding: 2px 8px; border-radius: 4px; font-size: 0.8em;"">View Post</a>",3,"lokmanbinmofizuli",2025-03-22 22:29:08,3,196,67,6,15,"#ইসলামিক_ভিডিও_🤲🕋🤲 "
"<a href=""https://www.tiktok.com/@mafujaaktarr/video/7484756206611991815"" target=""_blank"" class=""btn btn-sm"" style=""background-color: #00926c; color: white; text-decoration: none; padding: 2px 8px; border-radius: 4px; font-size: 0.8em;"">View Post</a>",1,"mafujaaktarr",2025-03-22 21:56:58,3,165,33,1,3,"#ইসলামিক_ভিডিও_🤲🕋🤲 "
"<a href=""https://www.tiktok.com/@h.m.osman.h.m.osm1/video/7484753524392267016"" target=""_blank"" class=""btn btn-sm"" style=""background-color: #00926c; color: white; text-decoration: none; padding: 2px 8px; border-radius: 4px; font-size: 0.8em;"">View Post</a>",1,"h.m.osman.h.m.osm1",2025-03-22 21:46:34,3,192,52,20,6,"#ইসলামিক_ভিডিও_🤲🕋🤲 "
"<a href=""https://www.tiktok.com/@h.m.osman.h.m.osm1/video/7484753304627465480"" target=""_blank"" class=""btn btn-sm"" style=""background-color: #00926c; color: white; text-decoration: none; padding: 2px 8px; border-radius: 4px; font-size: 0.8em;"">View Post</a>",1,"h.m.osman.h.m.osm1",2025-03-22 21:45:40,3,170,52,18,4,"#ইসলামিক_ভিডিও_🤲🕋🤲 "
"<a href=""https://www.tiktok.com/@h.m.osman.h.m.osm1/video/7484752756423658770"" target=""_blank"" class=""btn btn-sm"" style=""background-color: #00926c; color: white; text-decoration: none; padding: 2px 8px; border-radius: 4px; font-size: 0.8em;"">View Post</a>",1,"h.m.osman.h.m.osm1",2025-03-22 21:43:35,3,0,0,12,0,"#ইসলামিক_ভিডিও_🤲🕋🤲 "
"<a href=""https://www.tiktok.com/@h.m.osman.h.m.osm1/video/7484752305619782930"" target=""_blank"" class=""btn btn-sm"" style=""background-color: #00926c; color: white; text-decoration: none; padding: 2px 8px; border-radius: 4px; font-size: 0.8em;"">View Post</a>",1,"h.m.osman.h.m.osm1",2025-03-22 21:41:48,3,0,0,13,0,"#ইসলামিক_ভিডিও_🤲🕋🤲 "
"<a href=""https://www.tiktok.com/@mafujaaktarr/video/7484752176426896658"" target=""_blank"" class=""btn btn-sm"" style=""background-color: #00926c; color: white; text-decoration: none; padding: 2px 8px; border-radius: 4px; font-size: 0.8em;"">View Post</a>",1,"mafujaaktarr",2025-03-22 21:41:21,3,0,0,3,0,"#ইসলামিক_ভিডিও_🤲🕋🤲 "
"<a href=""https://www.tiktok.com/@h.m.osman.h.m.osm1/video/7484751649370574088"" target=""_blank"" class=""btn btn-sm"" style=""background-color: #00926c; color: white; text-decoration: none; padding: 2px 8px; border-radius: 4px; font-size: 0.8em;"">View Post</a>",1,"h.m.osman.h.m.osm1",2025-03-22 21:39:15,3,0,0,11,0,"#ইসলামিক_ভিডিও_🤲🕋🤲 "
"<a href=""https://www.tiktok.com/@mafujaaktarr/video/7484751488737185031"" target=""_blank"" class=""btn btn-sm"" style=""background-color: #00926c; color: white; text-decoration: none; padding: 2px 8px; border-radius: 4px; font-size: 0.8em;"">View Post</a>",1,"mafujaaktarr",2025-03-22 21:38:36,3,0,0,0,0,"#ইসলামিক_ভিডিও_🤲🕋🤲 "
"<a href=""https://www.tiktok.com/@h.m.osman.h.m.osm1/video/7484751437583404295"" target=""_blank"" class=""btn btn-sm"" style=""background-color: #00926c; color: white; text-decoration: none; padding: 2px 8px; border-radius: 4px; font-size: 0.8em;"">View Post</a>",1,"h.m.osman.h.m.osm1",2025-03-22 21:38:28,3,0,0,16,0,"#ইসলামিক_ভিডিও_🤲🕋🤲 "
"<a href=""https://www.tiktok.com/@mafujaaktarr/video/7484751304187858184"" target=""_blank"" class=""btn btn-sm"" style=""background-color: #00926c; color: white; text-decoration: none; padding: 2px 8px; border-radius: 4px; font-size: 0.8em;"">View Post</a>",1,"mafujaaktarr",2025-03-22 21:37:56,3,156,29,0,7,"#ইসলামিক_ভিডিও_🤲🕋🤲 "
"<a href=""https://www.tiktok.com/@mafujaaktarr/video/7484736888260087047"" target=""_blank"" class=""btn btn-sm"" style=""background-color: #00926c; color: white; text-decoration: none; padding: 2px 8px; border-radius: 4px; font-size: 0.8em;"">View Post</a>",1,"mafujaaktarr",2025-03-22 20:41:55,3,172,47,0,0,"#ইসলামিক_ভিডিও_🤲🕋🤲 "
"<a href=""https://www.tiktok.com/@mafujaaktarr/video/7484736855175466258"" target=""_blank"" class=""btn btn-sm"" style=""background-color: #00926c; color: white; text-decoration: none; padding: 2px 8px; border-radius: 4px; font-size: 0.8em;"">View Post</a>",1,"mafujaaktarr",2025-03-22 20:41:51,3,153,31,0,0,"#ইসলামিক_ভিডিও_🤲🕋🤲 "
"<a href=""https://www.tiktok.com/@mihtu8/video/7484733936661220616"" target=""_blank"" class=""btn btn-sm"" style=""background-color: #00926c; color: white; text-decoration: none; padding: 2px 8px; border-radius: 4px; font-size: 0.8em;"">View Post</a>",2,"mihtu8",2025-03-22 20:30:30,3,20,7,1,0,"#ইসলামিক_ভিডিও_🤲🕋🤲 "
"<a href=""https://www.tiktok.com/@mihtu8/video/7484732639207902472"" target=""_blank"" class=""btn btn-sm"" style=""background-color: #00926c; color: white; text-decoration: none; padding: 2px 8px; border-radius: 4px; font-size: 0.8em;"">View Post</a>",2,"mihtu8",2025-03-22 20:25:27,3,490,156,2,6,"#ইসলামিক_ভিডিও_🤲🕋🤲 "
"<a href=""https://www.tiktok.com/@mihtu8/video/7484731791912340743"" target=""_blank"" class=""btn btn-sm"" style=""background-color: #00926c; color: white; text-decoration: none; padding: 2px 8px; border-radius: 4px; font-size: 0.8em;"">View Post</a>",2,"mihtu8",2025-03-22 20:22:13,3,470,165,2,1,"#ইসলামিক_ভিডিও_🤲🕋🤲 "
"<a href=""https://www.tiktok.com/@mihtu8/video/7484730751796251912"" target=""_blank"" class=""btn btn-sm"" style=""background-color: #00926c; color: white; text-decoration: none; padding: 2px 8px; border-radius: 4px; font-size: 0.8em;"">View Post</a>",2,"mihtu8",2025-03-22 20:18:07,3,461,130,3,1,"#ইসলামিক_ভিডিও_🤲🕋🤲 "
"<a href=""https://www.tiktok.com/@mihtu8/video/7484729513998388488"" target=""_blank"" class=""btn btn-sm"" style=""background-color: #00926c; color: white; text-decoration: none; padding: 2px 8px; border-radius: 4px; font-size: 0.8em;"">View Post</a>",2,"mihtu8",2025-03-22 20:13:21,3,14,7,0,2,"#ইসলামিক_ভিডিও_🤲🕋🤲 "
"<a href=""https://www.tiktok.com/@mihtu8/video/7484727870892297480"" target=""_blank"" class=""btn btn-sm"" style=""background-color: #00926c; color: white; text-decoration: none; padding: 2px 8px; border-radius: 4px; font-size: 0.8em;"">View Post</a>",2,"mihtu8",2025-03-22 20:06:59,3,478,120,4,14,"#ইসলামিক_ভিডিও_🤲🕋🤲 "
"<a href=""https://www.tiktok.com/@mihtu8/video/7484726805354515730"" target=""_blank"" class=""btn btn-sm"" style=""background-color: #00926c; color: white; text-decoration: none; padding: 2px 8px; border-radius: 4px; font-size: 0.8em;"">View Post</a>",2,"mihtu8",2025-03-22 20:02:50,3,16,4,0,0,"#ইসলামিক_ভিডিও_🤲🕋🤲 "
"<a href=""https://www.tiktok.com/@mihtu8/video/7484726348624170247"" target=""_blank"" class=""btn btn-sm"" style=""background-color: #00926c; color: white; text-decoration: none; padding: 2px 8px; border-radius: 4px; font-size: 0.8em;"">View Post</a>",2,"mihtu8",2025-03-22 20:01:02,3,17,6,2,0,"#ইসলামিক_ভিডিও_🤲🕋🤲 "
"<a href=""https://www.tiktok.com/@mihtu8/video/7484725328900902162"" target=""_blank"" class=""btn btn-sm"" style=""background-color: #00926c; color: white; text-decoration: none; padding: 2px 8px; border-radius: 4px; font-size: 0.8em;"">View Post</a>",2,"mihtu8",2025-03-22 19:57:11,3,484,168,1,0,"#ইসলামিক_ভিডিও_🤲🕋🤲 "
"<a href=""https://www.tiktok.com/@mihtu8/video/7484724189937683730"" target=""_blank"" class=""btn btn-sm"" style=""background-color: #00926c; color: white; text-decoration: none; padding: 2px 8px; border-radius: 4px; font-size: 0.8em;"">View Post</a>",2,"mihtu8",2025-03-22 19:52:42,3,10,5,0,1,"#ইসলামিক_ভিডিও_🤲🕋🤲 "
"<a href=""https://www.tiktok.com/@mihtu8/video/7484723052421401874"" target=""_blank"" class=""btn btn-sm"" style=""background-color: #00926c; color: white; text-decoration: none; padding: 2px 8px; border-radius: 4px; font-size: 0.8em;"">View Post</a>",2,"mihtu8",2025-03-22 19:48:14,3,475,141,1,2,"#ইসলামিক_ভিডিও_🤲🕋🤲 "
"<a href=""https://www.tiktok.com/@mihtu8/video/7484722209857015058"" target=""_blank"" class=""btn btn-sm"" style=""background-color: #00926c; color: white; text-decoration: none; padding: 2px 8px; border-radius: 4px; font-size: 0.8em;"">View Post</a>",2,"mihtu8",2025-03-22 19:44:58,3,461,126,6,0,"#ইসলামিক_ভিডিও_🤲🕋🤲 "
"<a href=""https://www.tiktok.com/@mihtu8/video/7484720760066411784"" target=""_blank"" class=""btn btn-sm"" style=""background-color: #00926c; color: white; text-decoration: none; padding: 2px 8px; border-radius: 4px; font-size: 0.8em;"">View Post</a>",2,"mihtu8",2025-03-22 19:39:22,3,13,5,0,1,"#ইসলামিক_ভিডিও_🤲🕋🤲 "
"<a href=""https://www.tiktok.com/@mafujaaktarr/video/7484715284809534738"" target=""_blank"" class=""btn btn-sm"" style=""background-color: #00926c; color: white; text-decoration: none; padding: 2px 8px; border-radius: 4px; font-size: 0.8em;"">View Post</a>",1,"mafujaaktarr",2025-03-22 19:18:08,3,174,41,1,0,"#ইসলামিক_ভিডিও_🤲🕋🤲 "
"<a href=""https://www.tiktok.com/@mafujaaktarr/video/7484713518176980232"" target=""_blank"" class=""btn btn-sm"" style=""background-color: #00926c; color: white; text-decoration: none; padding: 2px 8px; border-radius: 4px; font-size: 0.8em;"">View Post</a>",1,"mafujaaktarr",2025-03-22 19:11:14,3,177,34,2,1,"#ইসলামিক_ভিডিও_🤲🕋🤲 "
"<a href=""https://www.tiktok.com/@mafujaaktarr/video/7484713115532217608"" target=""_blank"" class=""btn btn-sm"" style=""background-color: #00926c; color: white; text-decoration: none; padding: 2px 8px; border-radius: 4px; font-size: 0.8em;"">View Post</a>",1,"mafujaaktarr",2025-03-22 19:09:39,3,196,70,2,0,"#ইসলামিক_ভিডিও_🤲🕋🤲 "
"<a href=""https://www.tiktok.com/@mihtu8/video/7484700482351467784"" target=""_blank"" class=""btn btn-sm"" style=""background-color: #00926c; color: white; text-decoration: none; padding: 2px 8px; border-radius: 4px; font-size: 0.8em;"">View Post</a>",2,"mihtu8",2025-03-22 18:20:40,3,461,114,3,0,"#ইসলামিক_ভিডিও_🤲🕋🤲 "
"<a href=""https://www.tiktok.com/@mafujaaktarr/video/7484698702569835794"" target=""_blank"" class=""btn btn-sm"" style=""background-color: #00926c; color: white; text-decoration: none; padding: 2px 8px; border-radius: 4px; font-size: 0.8em;"">View Post</a>",1,"mafujaaktarr",2025-03-22 18:13:44,3,173,23,0,3,"#ইসলামিক_ভিডিও_🤲🕋🤲 "
"<a href=""https://www.tiktok.com/@mafujaaktarr/video/7484698541286345992"" target=""_blank"" class=""btn btn-sm"" style=""background-color: #00926c; color: white; text-decoration: none; padding: 2px 8px; border-radius: 4px; font-size: 0.8em;"">View Post</a>",1,"mafujaaktarr",2025-03-22 18:13:06,3,44,21,2,3,"#ইসলামিক_ভিডিও_🤲🕋🤲 "
"<a href=""https://www.tiktok.com/@mafujaaktarr/video/7484698097713532168"" target=""_blank"" class=""btn btn-sm"" style=""background-color: #00926c; color: white; text-decoration: none; padding: 2px 8px; border-radius: 4px; font-size: 0.8em;"">View Post</a>",1,"mafujaaktarr",2025-03-22 18:11:21,3,36,17,2,3,"#ইসলামিক_ভিডিও_🤲🕋🤲 "
"<a href=""https://www.tiktok.com/@mihtu8/video/7484693428786220306"" target=""_blank"" class=""btn btn-sm"" style=""background-color: #00926c; color: white; text-decoration: none; padding: 2px 8px; border-radius: 4px; font-size: 0.8em;"">View Post</a>",2,"mihtu8",2025-03-22 17:53:14,3,16,4,0,0,"#ইসলামিক_ভিডিও_🤲🕋🤲 "
"<a href=""https://www.tiktok.com/@alamin.molla.16/video/7484693319721766162"" target=""_blank"" class=""btn btn-sm"" style=""background-color: #00926c; color: white; text-decoration: none; padding: 2px 8px; border-radius: 4px; font-size: 0.8em;"">View Post</a>",2,"alamin.molla.16",2025-03-22 17:52:50,3,9,4,1,0,"#ইসলামিক_ভিডিও_🤲🕋🤲 "
"<a href=""https://www.tiktok.com/@alamin.molla.16/video/7484693189039787271"" target=""_blank"" class=""btn btn-sm"" style=""background-color: #00926c; color: white; text-decoration: none; padding: 2px 8px; border-radius: 4px; font-size: 0.8em;"">View Post</a>",2,"alamin.molla.16",2025-03-22 17:52:21,3,5,3,0,0,"#ইসলামিক_ভিডিও_🤲🕋🤲 "
"<a href=""https://www.tiktok.com/@alamin.molla.16/video/7484693059721039122"" target=""_blank"" class=""btn btn-sm"" style=""background-color: #00926c; color: white; text-decoration: none; padding: 2px 8px; border-radius: 4px; font-size: 0.8em;"">View Post</a>",2,"alamin.molla.16",2025-03-22 17:51:49,3,6,5,1,0,"#ইসলামিক_ভিডিও_🤲🕋🤲 "
"<a href=""https://www.tiktok.com/@mihtu8/video/7484693045598817554"" target=""_blank"" class=""btn btn-sm"" style=""background-color: #00926c; color: white; text-decoration: none; padding: 2px 8px; border-radius: 4px; font-size: 0.8em;"">View Post</a>",2,"mihtu8",2025-03-22 17:51:44,3,485,153,2,0,"#ইসলামিক_ভিডিও_🤲🕋🤲 "
"<a href=""https://www.tiktok.com/@mihtu8/video/7484691899773701394"" target=""_blank"" class=""btn btn-sm"" style=""background-color: #00926c; color: white; text-decoration: none; padding: 2px 8px; border-radius: 4px; font-size: 0.8em;"">View Post</a>",2,"mihtu8",2025-03-22 17:47:19,3,493,129,0,3,"#ইসলামিক_ভিডিও_🤲🕋🤲 "
"<a href=""https://www.tiktok.com/@mihtu8/video/7484691559087082759"" target=""_blank"" class=""btn btn-sm"" style=""background-color: #00926c; color: white; text-decoration: none; padding: 2px 8px; border-radius: 4px; font-size: 0.8em;"">View Post</a>",2,"mihtu8",2025-03-22 17:45:57,3,6,2,0,0,"#ইসলামিক_ভিডিও_🤲🕋🤲 "
"<a href=""https://www.tiktok.com/@momo...f15/video/7484691389977005330"" target=""_blank"" class=""btn btn-sm"" style=""background-color: #00926c; color: white; text-decoration: none; padding: 2px 8px; border-radius: 4px; font-size: 0.8em;"">View Post</a>",2,"momo...f15",2025-03-22 17:45:19,3,28,4,0,0,"#ইসলামিক_ভিডিও_🤲🕋🤲 "
"<a href=""https://www.tiktok.com/@momo...f15/video/7484691247702101266"" target=""_blank"" class=""btn btn-sm"" style=""background-color: #00926c; color: white; text-decoration: none; padding: 2px 8px; border-radius: 4px; font-size: 0.8em;"">View Post</a>",2,"momo...f15",2025-03-22 17:44:49,3,25,8,0,0,"#ইসলামিক_ভিডিও_🤲🕋🤲 "
"<a href=""https://www.tiktok.com/@momo...f15/video/7484691075207040274"" target=""_blank"" class=""btn btn-sm"" style=""background-color: #00926c; color: white; text-decoration: none; padding: 2px 8px; border-radius: 4px; font-size: 0.8em;"">View Post</a>",2,"momo...f15",2025-03-22 17:44:08,3,7,1,1,0,"#ইসলামিক_ভিডিও_🤲🕋🤲 "
"<a href=""https://www.tiktok.com/@mihtu8/video/7484689386555116808"" target=""_blank"" class=""btn btn-sm"" style=""background-color: #00926c; color: white; text-decoration: none; padding: 2px 8px; border-radius: 4px; font-size: 0.8em;"">View Post</a>",2,"mihtu8",2025-03-22 17:37:34,3,13,5,0,1,"#ইসলামিক_ভিডিও_🤲🕋🤲 "
"<a href=""https://www.tiktok.com/@lokmanbinmofizuli/video/7484689120812387591"" target=""_blank"" class=""btn btn-sm"" style=""background-color: #00926c; color: white; text-decoration: none; padding: 2px 8px; border-radius: 4px; font-size: 0.8em;"">View Post</a>",3,"lokmanbinmofizuli",2025-03-22 17:36:30,3,179,85,2,4,"#ইসলামিক_ভিডিও_🤲🕋🤲 "
"<a href=""https://www.tiktok.com/@momo...b11/video/7484688743652248840"" target=""_blank"" class=""btn btn-sm"" style=""background-color: #00926c; color: white; text-decoration: none; padding: 2px 8px; border-radius: 4px; font-size: 0.8em;"">View Post</a>",3,"momo...b11",2025-03-22 17:35:03,3,201,83,1,0,"#ইসলামিক_ভিডিও_🤲🕋🤲 "
"<a href=""https://www.tiktok.com/@momo...b11/video/7484688553360854290"" target=""_blank"" class=""btn btn-sm"" style=""background-color: #00926c; color: white; text-decoration: none; padding: 2px 8px; border-radius: 4px; font-size: 0.8em;"">View Post</a>",3,"momo...b11",2025-03-22 17:34:19,3,175,75,2,0,"#ইসলামিক_ভিডিও_🤲🕋🤲 "
"<a href=""https://www.tiktok.com/@momo...b11/video/7484688368526216466"" target=""_blank"" class=""btn btn-sm"" style=""background-color: #00926c; color: white; text-decoration: none; padding: 2px 8px; border-radius: 4px; font-size: 0.8em;"">View Post</a>",3,"momo...b11",2025-03-22 17:33:38,3,171,73,0,1,"#ইসলামিক_ভিডিও_🤲🕋🤲 "
"<a href=""https://www.tiktok.com/@lokmanbinmofizuli/video/7484688286183607570"" target=""_blank"" class=""btn btn-sm"" style=""background-color: #00926c; color: white; text-decoration: none; padding: 2px 8px; border-radius: 4px; font-size: 0.8em;"">View Post</a>",3,"lokmanbinmofizuli",2025-03-22 17:33:16,3,43,24,3,6,"#ইসলামিক_ভিডিও_🤲🕋🤲 "
"<a href=""https://www.tiktok.com/@mihtu8/video/7484687858607983890"" target=""_blank"" class=""btn btn-sm"" style=""background-color: #00926c; color: white; text-decoration: none; padding: 2px 8px; border-radius: 4px; font-size: 0.8em;"">View Post</a>",2,"mihtu8",2025-03-22 17:31:39,3,515,155,4,0,"#ইসলামিক_ভিডিও_🤲🕋🤲 "
"<a href=""https://www.tiktok.com/@mihtu8/video/7484687397704305938"" target=""_blank"" class=""btn btn-sm"" style=""background-color: #00926c; color: white; text-decoration: none; padding: 2px 8px; border-radius: 4px; font-size: 0.8em;"">View Post</a>",2,"mihtu8",2025-03-22 17:29:54,3,1371,473,2,25,"#ইসলামিক_ভিডিও_🤲🕋🤲 "
"<a href=""https://www.tiktok.com/@mafujaaktarr/video/7484684180014648584"" target=""_blank"" class=""btn btn-sm"" style=""background-color: #00926c; color: white; text-decoration: none; padding: 2px 8px; border-radius: 4px; font-size: 0.8em;"">View Post</a>",1,"mafujaaktarr",2025-03-22 17:17:20,3,162,62,3,3,"#ইসলামিক_ভিডিও_🤲🕋🤲 "
"<a href=""https://www.tiktok.com/@mihtu8/video/7484681135662976274"" target=""_blank"" class=""btn btn-sm"" style=""background-color: #00926c; color: white; text-decoration: none; padding: 2px 8px; border-radius: 4px; font-size: 0.8em;"">View Post</a>",2,"mihtu8",2025-03-22 17:05:34,3,2727,820,6,12,"#ইসলামিক_ভিডিও_🤲🕋🤲 "
"<a href=""https://www.tiktok.com/@mafujaaktarr/video/7484675420986707207"" target=""_blank"" class=""btn btn-sm"" style=""background-color: #00926c; color: white; text-decoration: none; padding: 2px 8px; border-radius: 4px; font-size: 0.8em;"">View Post</a>",1,"mafujaaktarr",2025-03-22 16:43:20,3,162,47,1,1,"#ইসলামিক_ভিডিও_🤲🕋🤲 "
"<a href=""https://www.tiktok.com/@mafujaaktarr/video/7484675398958222600"" target=""_blank"" class=""btn btn-sm"" style=""background-color: #00926c; color: white; text-decoration: none; padding: 2px 8px; border-radius: 4px; font-size: 0.8em;"">View Post</a>",1,"mafujaaktarr",2025-03-22 16:43:15,3,144,58,2,0,"#ইসলামিক_ভিডিও_🤲🕋🤲 "
"<a href=""https://www.tiktok.com/@mafujaaktarr/video/7484675178958441736"" target=""_blank"" class=""btn btn-sm"" style=""background-color: #00926c; color: white; text-decoration: none; padding: 2px 8px; border-radius: 4px; font-size: 0.8em;"">View Post</a>",1,"mafujaaktarr",2025-03-22 16:42:24,3,155,35,2,0,"#ইসলামিক_ভিডিও_🤲🕋🤲 "
"<a href=""https://www.tiktok.com/@mdbadsha.4205/video/7484765217172311304"" target=""_blank"" class=""btn btn-sm"" style=""background-color: #00926c; color: white; text-decoration: none; padding: 2px 8px; border-radius: 4px; font-size: 0.8em;"">View Post</a>",4,"mdbadsha.4205",2025-03-22 22:31:55,1,165,78,3,0,"#duet with @ইসলামিক ভিডিও 🕋🕋 #ইসলামিক_ভিডিও_🤲🕋🤲 "
"<a href=""https://www.tiktok.com/@mdbadsha.4205/video/7484763667657936146"" target=""_blank"" class=""btn btn-sm"" style=""background-color: #00926c; color: white; text-decoration: none; padding: 2px 8px; border-radius: 4px; font-size: 0.8em;"">View Post</a>",4,"mdbadsha.4205",2025-03-22 22:25:53,1,33,13,0,0,"#duet with @ইসলামিক ভিডিও 🕋🕋 #ইসলামিক_ভিডিও_🤲🕋🤲 "
"<a href=""https://www.tiktok.com/@mdbadsha.4205/video/7484762534059330834"" target=""_blank"" class=""btn btn-sm"" style=""background-color: #00926c; color: white; text-decoration: none; padding: 2px 8px; border-radius: 4px; font-size: 0.8em;"">View Post</a>",4,"mdbadsha.4205",2025-03-22 22:21:29,1,142,66,1,0,"#duet with @ইসলামিক ভিডিও 🕋🕋 #ইসলামিক_ভিডিও_🤲🕋🤲 "
"<a href=""https://www.tiktok.com/@hossain_rana_4/video/7484762461632056593"" target=""_blank"" class=""btn btn-sm"" style=""background-color: #00926c; color: white; text-decoration: none; padding: 2px 8px; border-radius: 4px; font-size: 0.8em;"">View Post</a>",4,"hossain_rana_4",2025-03-22 22:21:27,1,242,123,3,1,"#duet with @ইসলামিক ভিডিও 🕋🕋 #ইসলামিক_ভিডিও_🤲🕋🤲 "
"<a href=""https://www.tiktok.com/@hossain_rana_4/video/7484762316437785876"" target=""_blank"" class=""btn btn-sm"" style=""background-color: #00926c; color: white; text-decoration: none; padding: 2px 8px; border-radius: 4px; font-size: 0.8em;"">View Post</a>",4,"hossain_rana_4",2025-03-22 22:20:59,1,101,56,1,5,"#duet with @ইসলামিক ভিডিও 🕋🕋 #ইসলামিক_ভিডিও_🤲🕋🤲 "
"<a href=""https://www.tiktok.com/@hossain_rana_4/video/7484762183625084181"" target=""_blank"" class=""btn btn-sm"" style=""background-color: #00926c; color: white; text-decoration: none; padding: 2px 8px; border-radius: 4px; font-size: 0.8em;"">View Post</a>",4,"hossain_rana_4",2025-03-22 22:20:20,1,137,76,2,1,"#duet with @ইসলামিক ভিডিও 🕋🕋 #ইসলামিক_ভিডিও_🤲🕋🤲 "
"<a href=""https://www.tiktok.com/@hossain_rana_4/video/7484761903974108436"" target=""_blank"" class=""btn btn-sm"" style=""background-color: #00926c; color: white; text-decoration: none; padding: 2px 8px; border-radius: 4px; font-size: 0.8em;"">View Post</a>",4,"hossain_rana_4",2025-03-22 22:19:14,1,171,79,3,5,"#duet with @ইসলামিক ভিডিও 🕋🕋 #ইসলামিক_ভিডিও_🤲🕋🤲 "
"<a href=""https://www.tiktok.com/@mdbadsha.4205/video/7484761494333181202"" target=""_blank"" class=""btn btn-sm"" style=""background-color: #00926c; color: white; text-decoration: none; padding: 2px 8px; border-radius: 4px; font-size: 0.8em;"">View Post</a>",4,"mdbadsha.4205",2025-03-22 22:17:25,1,130,55,0,0,"#duet with @ইসলামিক ভিডিও 🕋🕋 #ইসলামিক_ভিডিও_🤲🕋🤲 "
