"Account","Network","Unique Shares","Avg Time Between Shares (sec)","Edge Symmetry Score","Degree","Strength","Betweenness","Avg Views","Avg Likes","Avg Comments","Avg Shares"
"<a href=""https://tiktok.com/@02c61ebb"" target=""_blank"">@02c61ebb</a>",36,3,45.143,0.838,4,27,0,130.333,12.333,0,0
"<a href=""https://tiktok.com/@13ba399c"" target=""_blank"">@13ba399c</a>",35,3,47.271,1,2,17,0,314.667,24,0,0
"<a href=""https://tiktok.com/@2ea419c5"" target=""_blank"">@2ea419c5</a>",33,3,45.944,1,2,18,0,140.333,5,0,0
"<a href=""https://tiktok.com/@4660988e"" target=""_blank"">@4660988e</a>",35,3,45.66,1,2,17,0,654.333,64.333,0.667,1
"<a href=""https://tiktok.com/@5062f644"" target=""_blank"">@5062f644</a>",34,3,45.071,1,2,14,0,1,0,0,0
"<a href=""https://tiktok.com/@6198398f"" target=""_blank"">@6198398f</a>",39,3,51.667,0.8,1,9,0,1132.667,43.333,0.333,0
"<a href=""https://tiktok.com/@64e0eb6c"" target=""_blank"">@64e0eb6c</a>",34,3,58.869,0.9,2,13,0,135.667,14.333,0,0
"<a href=""https://tiktok.com/@6574f771"" target=""_blank"">@6574f771</a>",36,3,49.819,0.867,3,21,0,334.667,15,0,0
"<a href=""https://tiktok.com/@6961dfc3"" target=""_blank"">@6961dfc3</a>",33,3,45.333,1,2,18,0,79.333,3,0,0
"<a href=""https://tiktok.com/@814afa5e"" target=""_blank"">@814afa5e</a>",37,3,51.375,1,1,8,0,305.333,22,0,0
"<a href=""https://tiktok.com/@8246f02d"" target=""_blank"">@8246f02d</a>",36,2,46.167,0.75,2,12,0,10.5,0,0,0
"<a href=""https://tiktok.com/@841cf780"" target=""_blank"">@841cf780</a>",35,3,62.037,1,3,24,0,292,14,0,0
"<a href=""https://tiktok.com/@87eea66d"" target=""_blank"">@87eea66d</a>",33,3,44.722,1,2,18,0,7.667,0.333,0,0
"<a href=""https://tiktok.com/@89644a0d"" target=""_blank"">@89644a0d</a>",37,3,51.375,1,1,8,0,675.667,57.667,0,0
"<a href=""https://tiktok.com/@98d7eeeb"" target=""_blank"">@98d7eeeb</a>",34,3,60.415,0.95,4,29,0,205.667,9.667,0,0
"<a href=""https://tiktok.com/@abd.aziz4467"" target=""_blank"">@abd.aziz4467</a>",26,3,58,0.8,1,6,0,1762.5,42,0,0
"<a href=""https://tiktok.com/@aed3646"" target=""_blank"">@aed3646</a>",26,4,58,0.8,1,6,0,2660,118.5,0.25,1.5
"<a href=""https://tiktok.com/@agxhuwpfs5"" target=""_blank"">@agxhuwpfs5</a>",18,3,47.556,1,1,9,0,1060,35.667,0,0
"<a href=""https://tiktok.com/@animation.006"" target=""_blank"">@animation.006</a>",4,3,48.571,0.9,2,14,0,2136.667,76.667,1.333,0.333
"<a href=""https://tiktok.com/@b138f999"" target=""_blank"">@b138f999</a>",34,3,55.259,0.933,3,23,0,131.333,5.667,0,0
"<a href=""https://tiktok.com/@bbbmmmm282888"" target=""_blank"">@bbbmmmm282888</a>",5,3,62.583,0.833,2,12,0.001,2150,61.667,0,0
"<a href=""https://tiktok.com/@bbbmmmm551888"" target=""_blank"">@bbbmmmm551888</a>",5,3,56.167,0.667,1,6,0,1319,57.667,0,1.667
"<a href=""https://tiktok.com/@bea4ba2d"" target=""_blank"">@bea4ba2d</a>",39,3,51.667,0.8,1,9,0,817,59,0,0.333
"<a href=""https://tiktok.com/@bopklolm"" target=""_blank"">@bopklolm</a>",10,3,58.484,0.886,7,47,0,2636.333,280.667,0,4
"<a href=""https://tiktok.com/@bsobdt0hr8"" target=""_blank"">@bsobdt0hr8</a>",27,3,56,0.8,1,7,0,1181.667,26.333,0.667,0.667
"<a href=""https://tiktok.com/@bxcd209adc"" target=""_blank"">@bxcd209adc</a>",5,3,59.667,0.667,1,6,0,1922.333,100.333,1.667,2.667
"<a href=""https://tiktok.com/@bxooasxb8b4"" target=""_blank"">@bxooasxb8b4</a>",38,3,21.222,1,1,9,0,756.667,45.667,0.333,0
"<a href=""https://tiktok.com/@c0e7ace1"" target=""_blank"">@c0e7ace1</a>",36,3,55.317,0.783,3,19,0,205.667,7.667,0,0
"<a href=""https://tiktok.com/@c2zfo1rsq1"" target=""_blank"">@c2zfo1rsq1</a>",21,3,40.333,1,1,6,0,780.667,43.667,0,0.333
"<a href=""https://tiktok.com/@cagnhd"" target=""_blank"">@cagnhd</a>",14,6,54.38,1,3,27,0,37354,607.333,21.667,220.833
"<a href=""https://tiktok.com/@cb7f8fb5"" target=""_blank"">@cb7f8fb5</a>",31,3,51.5,0.8,1,6,0,857.333,53.333,0,0
"<a href=""https://tiktok.com/@d5c16ca8"" target=""_blank"">@d5c16ca8</a>",32,3,50.878,0.933,3,22,0,583.667,38,0,0
"<a href=""https://tiktok.com/@d9326641"" target=""_blank"">@d9326641</a>",36,3,49.205,1,2,15,0,0.667,0,0,0
"<a href=""https://tiktok.com/@dfacdgddw2"" target=""_blank"">@dfacdgddw2</a>",1,3,57.052,0.9,4,26,0,1559.333,54.333,2.333,1
"<a href=""https://tiktok.com/@djslxkdu2736"" target=""_blank"">@djslxkdu2736</a>",5,3,53,1,1,6,0,983.333,75,0,0
"<a href=""https://tiktok.com/@dlurli"" target=""_blank"">@dlurli</a>",40,3,51,1,1,6,0,567,31,0.333,0.333
"<a href=""https://tiktok.com/@donnakareni11109812"" target=""_blank"">@donnakareni11109812</a>",42,3,60.396,0.9,2,14,0,288.333,15.667,0,0
"<a href=""https://tiktok.com/@dusohscl88"" target=""_blank"">@dusohscl88</a>",17,3,51.159,0.96,5,40,0,2149.333,79,0.333,0
"<a href=""https://tiktok.com/@e22a6795"" target=""_blank"">@e22a6795</a>",35,3,94,1,1,6,0,15831.667,909.667,1,10
"<a href=""https://tiktok.com/@e475fd08"" target=""_blank"">@e475fd08</a>",31,3,51.5,0.8,1,6,0,871.667,45.667,0,0
"<a href=""https://tiktok.com/@eee0ebf8"" target=""_blank"">@eee0ebf8</a>",34,3,59.714,0.8,3,21,0,297.667,14.333,0,0
"<a href=""https://tiktok.com/@eegmbwmju3"" target=""_blank"">@eegmbwmju3</a>",23,3,56.833,0.95,4,32,0,8480,113.667,39,300.667
"<a href=""https://tiktok.com/@ek5dxbiw76"" target=""_blank"">@ek5dxbiw76</a>",13,7,52.767,0.832,3,25,0,38001.75,360.125,8.25,42
"<a href=""https://tiktok.com/@emafu9nga8"" target=""_blank"">@emafu9nga8</a>",20,3,47.889,1,2,18,0,1014.667,71.667,0.333,1.667
"<a href=""https://tiktok.com/@fagsr997"" target=""_blank"">@fagsr997</a>",1,3,56.069,1,3,20,0,667,37,0,0
"<a href=""https://tiktok.com/@fdvhrf3"" target=""_blank"">@fdvhrf3</a>",12,6,58.186,0.879,4,33,0,6154.143,42.286,0.429,0.429
"<a href=""https://tiktok.com/@fhg0ztaow3"" target=""_blank"">@fhg0ztaow3</a>",1,3,60.5,1,2,12,0,645,55.667,0,0.333
"<a href=""https://tiktok.com/@fncribcs"" target=""_blank"">@fncribcs</a>",12,6,58.059,0.857,4,35,0,1605.875,90.25,0.125,1.625
"<a href=""https://tiktok.com/@fpoe54kaj2"" target=""_blank"">@fpoe54kaj2</a>",10,3,59.663,0.883,8,62,0.001,2819.333,183.667,0.667,2.333
"<a href=""https://tiktok.com/@fufufigg394"" target=""_blank"">@fufufigg394</a>",6,3,74.167,0.75,1,6,0,1817,62.667,0.333,0
"<a href=""https://tiktok.com/@g3z1mawah8"" target=""_blank"">@g3z1mawah8</a>",20,3,45.056,1,2,18,0,7604.667,264,0.667,7
"<a href=""https://tiktok.com/@gfrqcwrnf7"" target=""_blank"">@gfrqcwrnf7</a>",22,3,41.111,0.8,1,9,0,802.333,70.667,0,0
"<a href=""https://tiktok.com/@ggoppm3"" target=""_blank"">@ggoppm3</a>",10,3,55.284,0.833,8,65,0,2215.333,166.333,0,1
"<a href=""https://tiktok.com/@gmhygcyo48"" target=""_blank"">@gmhygcyo48</a>",13,8,55.697,0.873,5,44,0,4129,146,3.6,13
"<a href=""https://tiktok.com/@gskpccbd"" target=""_blank"">@gskpccbd</a>",25,10,51.321,1,2,21,0,11885.5,145.4,4.4,1.7
"<a href=""https://tiktok.com/@h1gdf4rup4"" target=""_blank"">@h1gdf4rup4</a>",3,2,53,0.75,1,6,0,9075.5,124.5,0.5,0.5
"<a href=""https://tiktok.com/@haly7irzx5"" target=""_blank"">@haly7irzx5</a>",22,3,41.111,0.8,1,9,0,466.333,16.333,7,14
"<a href=""https://tiktok.com/@happyle0.0"" target=""_blank"">@happyle0.0</a>",1,3,51.417,0.9,2,12,0,1802,49,0.333,0
"<a href=""https://tiktok.com/@hayes.hyman"" target=""_blank"">@hayes.hyman</a>",32,3,69.19,0.711,3,19,0,306.667,17.667,0,0
"<a href=""https://tiktok.com/@hffrr976575"" target=""_blank"">@hffrr976575</a>",25,8,46.464,1,2,21,0,13530.625,388.625,3.375,1.875
"<a href=""https://tiktok.com/@houboo44"" target=""_blank"">@houboo44</a>",10,3,52.192,0.919,8,58,0,1384,126.667,0,1
"<a href=""https://tiktok.com/@housn103"" target=""_blank"">@housn103</a>",25,5,58.714,1,2,14,0,1130,40,0.333,0
"<a href=""https://tiktok.com/@huanxige_dz8"" target=""_blank"">@huanxige_dz8</a>",32,4,56.778,0.833,3,26,0,2698.75,188.25,0,0.75
"<a href=""https://tiktok.com/@hvwadkmlr5"" target=""_blank"">@hvwadkmlr5</a>",17,3,41.75,0.95,4,31,0,1072.333,61.333,0,0.667
"<a href=""https://tiktok.com/@hxavnxh"" target=""_blank"">@hxavnxh</a>",14,6,43.364,0.85,3,23,0,26347.333,487.333,4.833,4.333
"<a href=""https://tiktok.com/@isadgi0"" target=""_blank"">@isadgi0</a>",41,5,34.2,1,1,10,0,1057,38.8,0.2,0
"<a href=""https://tiktok.com/@iunoh7y992"" target=""_blank"">@iunoh7y992</a>",17,3,53.917,1,3,20,0,19396.667,335.333,1,2
"<a href=""https://tiktok.com/@jdv3bffzb0"" target=""_blank"">@jdv3bffzb0</a>",10,3,52.224,0.914,7,55,0,655,32.333,0.333,0
"<a href=""https://tiktok.com/@jkoxwuje"" target=""_blank"">@jkoxwuje</a>",42,3,63.396,1,2,14,0,45203,688.333,5.667,14.333
"<a href=""https://tiktok.com/@jt2yhi6q98"" target=""_blank"">@jt2yhi6q98</a>",19,3,53,0.8,1,8,0,533.667,33.667,0,0.667
"<a href=""https://tiktok.com/@jyoibh5tp0"" target=""_blank"">@jyoibh5tp0</a>",17,3,53.225,1,6,43,0.001,2054.667,77.667,1,0.667
"<a href=""https://tiktok.com/@kaizin961"" target=""_blank"">@kaizin961</a>",2,3,54.397,0.9,2,16,0,9170.333,125,0.667,0.333
"<a href=""https://tiktok.com/@kl01948"" target=""_blank"">@kl01948</a>",19,3,53,0.8,1,8,0,527.667,42.333,0,0.333
"<a href=""https://tiktok.com/@klcc00.12"" target=""_blank"">@klcc00.12</a>",24,3,51.402,1,4,31,0,1840.667,255.667,0.333,0.667
"<a href=""https://tiktok.com/@klcc00.2"" target=""_blank"">@klcc00.2</a>",23,3,44.782,1,4,32,0,64726.333,10652.667,198.667,195.667
"<a href=""https://tiktok.com/@kskokmtf89a"" target=""_blank"">@kskokmtf89a</a>",28,3,62,1,1,7,0,4183,75,0.333,0.333
"<a href=""https://tiktok.com/@kvwwqn6rj1"" target=""_blank"">@kvwwqn6rj1</a>",10,3,52.177,0.886,7,58,0,2242.667,109.667,0.333,1.333
"<a href=""https://tiktok.com/@kwl77uhje0"" target=""_blank"">@kwl77uhje0</a>",3,4,53,0.75,1,6,0,1480.75,84,0,0
"<a href=""https://tiktok.com/@l8rymovik0"" target=""_blank"">@l8rymovik0</a>",5,3,65.5,1,1,6,0,651.333,58,0,0
"<a href=""https://tiktok.com/@landscape5670"" target=""_blank"">@landscape5670</a>",14,6,50.958,0.887,4,29,0,48554.667,1301,39.5,122.5
"<a href=""https://tiktok.com/@lelebo.movie"" target=""_blank"">@lelebo.movie</a>",30,3,55.375,1,1,8,0,1000.667,81,0,0
"<a href=""https://tiktok.com/@lm6iw4uyz9"" target=""_blank"">@lm6iw4uyz9</a>",17,3,51.062,0.96,5,38,0.001,1080.667,83,0,0.333
"<a href=""https://tiktok.com/@lrzrays7t0"" target=""_blank"">@lrzrays7t0</a>",7,2,13.5,1,1,6,0,623.5,36.5,0,0
"<a href=""https://tiktok.com/@luru.hagu"" target=""_blank"">@luru.hagu</a>",24,3,54.083,1,4,32,0,4684.667,67.667,0.333,1
"<a href=""https://tiktok.com/@lv52301"" target=""_blank"">@lv52301</a>",6,2,74.167,0.75,1,6,0,4909.5,68.5,0,1
"<a href=""https://tiktok.com/@m8o475hro0"" target=""_blank"">@m8o475hro0</a>",29,2,32.167,1,1,6,0,4702.333,51,2.333,0.333
"<a href=""https://tiktok.com/@mabbsqaldq5"" target=""_blank"">@mabbsqaldq5</a>",38,3,21.222,1,1,9,0,583,30.333,0,0
"<a href=""https://tiktok.com/@mcmvtykcu4"" target=""_blank"">@mcmvtykcu4</a>",13,10,51.067,0.945,7,66,0,5761,106.1,2,5.4
"<a href=""https://tiktok.com/@mjdove1vc6"" target=""_blank"">@mjdove1vc6</a>",7,3,46,0.867,3,21,0,778.333,31.333,0,0
"<a href=""https://tiktok.com/@mmdpaomam7"" target=""_blank"">@mmdpaomam7</a>",17,3,56.581,0.967,6,43,0.001,1392,120.333,0,0.333
"<a href=""https://tiktok.com/@mwmnolke35"" target=""_blank"">@mwmnolke35</a>",12,5,53.092,0.914,4,31,0,25412.286,285.429,4,6.286
"<a href=""https://tiktok.com/@nc64di81n4"" target=""_blank"">@nc64di81n4</a>",10,3,23.444,1,1,9,0,1505,40.333,0,0
"<a href=""https://tiktok.com/@nddmovie"" target=""_blank"">@nddmovie</a>",32,4,50.313,0.944,3,23,0,363855.75,34440.25,124.75,232.25
"<a href=""https://tiktok.com/@nfdmob"" target=""_blank"">@nfdmob</a>",41,4,34.2,1,1,10,0,319.4,5,0,0
"<a href=""https://tiktok.com/@nhyeup7np5"" target=""_blank"">@nhyeup7np5</a>",5,3,79.833,1,1,6,0,721,44.333,0.333,0
"<a href=""https://tiktok.com/@nlvjji1ry3"" target=""_blank"">@nlvjji1ry3</a>",7,2,37.5,0.875,2,12,0,3858.5,62.5,0,1
"<a href=""https://tiktok.com/@npabjipwa5"" target=""_blank"">@npabjipwa5</a>",17,3,57.897,0.952,7,49,0.001,2070.667,105,0,0.667
"<a href=""https://tiktok.com/@nr5n69tlw7"" target=""_blank"">@nr5n69tlw7</a>",20,3,46.611,1,2,18,0,2919.667,113,0.333,2.333
"<a href=""https://tiktok.com/@oeplbsknc6"" target=""_blank"">@oeplbsknc6</a>",12,8,51.968,1,4,37,0,25174.889,491.111,9.333,5.333
"<a href=""https://tiktok.com/@onwunli.izsak"" target=""_blank"">@onwunli.izsak</a>",23,3,46.639,0.9,4,36,0,478.667,20.667,0,2.333
"<a href=""https://tiktok.com/@prlwjzlht0"" target=""_blank"">@prlwjzlht0</a>",4,3,49.579,0.867,3,20,0,774,30.667,0,0
"<a href=""https://tiktok.com/@q3vrmwb3q7"" target=""_blank"">@q3vrmwb3q7</a>",8,2,48.667,0.75,1,6,0,718.333,49.667,0,0.667
"<a href=""https://tiktok.com/@q5hbkduxc0"" target=""_blank"">@q5hbkduxc0</a>",13,9,52.645,0.906,7,66,0,3609.889,97.222,2.111,9.222
"<a href=""https://tiktok.com/@qaf4jbflw4"" target=""_blank"">@qaf4jbflw4</a>",12,5,53.997,0.893,4,32,0,1323.375,109.5,0.875,3
"<a href=""https://tiktok.com/@qfdxkzngz4"" target=""_blank"">@qfdxkzngz4</a>",18,3,47.556,1,1,9,0,2889.667,82,0.667,0
"<a href=""https://tiktok.com/@qihrruk1y7"" target=""_blank"">@qihrruk1y7</a>",11,3,57.5,1,1,6,0,349.667,19.667,0,0
"<a href=""https://tiktok.com/@qnk0c8xax6"" target=""_blank"">@qnk0c8xax6</a>",16,7,71.139,1,2,17,0,9835.25,232.25,1.75,1.125
"<a href=""https://tiktok.com/@qoprvlbdl8"" target=""_blank"">@qoprvlbdl8</a>",17,3,53.419,1,6,45,0,2525,187.667,2.333,0.333
"<a href=""https://tiktok.com/@r4uwm3vcl9"" target=""_blank"">@r4uwm3vcl9</a>",15,5,80.833,0.75,1,6,0,890.714,32.571,0,0.143
"<a href=""https://tiktok.com/@r9adupcii2"" target=""_blank"">@r9adupcii2</a>",17,3,47.164,0.817,4,28,0,4458,121.667,0.333,0.333
"<a href=""https://tiktok.com/@rc68wmc669"" target=""_blank"">@rc68wmc669</a>",2,3,58.183,0.9,2,16,0,1513.667,142.333,0.667,1.667
"<a href=""https://tiktok.com/@rd4ffqzaf1"" target=""_blank"">@rd4ffqzaf1</a>",11,3,57.5,1,1,6,0,28898,438.333,4.667,309.667
"<a href=""https://tiktok.com/@rdrgr6sqa6"" target=""_blank"">@rdrgr6sqa6</a>",13,7,56.638,0.95,5,45,0,4167.9,74.9,1.5,5.4
"<a href=""https://tiktok.com/@rgf3gc2hu1"" target=""_blank"">@rgf3gc2hu1</a>",15,6,49.5,0.75,1,6,0,2353.5,66.125,1.25,0.375
"<a href=""https://tiktok.com/@robloxgamers7575"" target=""_blank"">@robloxgamers7575</a>",28,3,62,1,1,7,0,20101,40.333,0.667,2
"<a href=""https://tiktok.com/@roo6qxidk4"" target=""_blank"">@roo6qxidk4</a>",10,3,48.278,0.85,7,57,0,4899.667,160,0.667,2
"<a href=""https://tiktok.com/@samms.yong"" target=""_blank"">@samms.yong</a>",23,3,54.635,0.95,4,32,0,637.667,64.333,0,0
"<a href=""https://tiktok.com/@sasapco"" target=""_blank"">@sasapco</a>",14,5,57.333,0.9,2,16,0,10243,353.8,8.8,66.2
"<a href=""https://tiktok.com/@scbyg9iw47"" target=""_blank"">@scbyg9iw47</a>",10,3,59.806,0.833,2,15,0.001,571,75.333,2,0
"<a href=""https://tiktok.com/@shmkfc"" target=""_blank"">@shmkfc</a>",40,3,51,1,1,6,0,991.667,79.667,0.667,0.667
"<a href=""https://tiktok.com/@shvchjds"" target=""_blank"">@shvchjds</a>",14,6,57.47,0.95,4,29,0,274435,3172.667,2789.667,606.667
"<a href=""https://tiktok.com/@sky5kdg923"" target=""_blank"">@sky5kdg923</a>",16,6,42.5,0.75,1,6,0,1776.333,31.667,0.333,0.111
"<a href=""https://tiktok.com/@sorfbfn3d7"" target=""_blank"">@sorfbfn3d7</a>",7,3,28.733,0.843,5,32,0.001,480.667,13.667,0,0
"<a href=""https://tiktok.com/@t0vq8sbuz2"" target=""_blank"">@t0vq8sbuz2</a>",5,3,56.333,0.857,7,42,0.002,613.667,45,0,0.333
"<a href=""https://tiktok.com/@t7v4eaepj7"" target=""_blank"">@t7v4eaepj7</a>",29,3,32.167,1,1,6,0,2420,38.667,0.333,0.333
"<a href=""https://tiktok.com/@t8alvfago0"" target=""_blank"">@t8alvfago0</a>",4,2,49.167,1,1,6,0,2027,29.5,0.5,1
"<a href=""https://tiktok.com/@tfcihuirs7"" target=""_blank"">@tfcihuirs7</a>",10,3,57.752,0.88,5,34,0,3095.333,122.333,1,0.667
"<a href=""https://tiktok.com/@tianxuanzz0"" target=""_blank"">@tianxuanzz0</a>",2,3,83.357,1,2,14,0,521,24,0,1
"<a href=""https://tiktok.com/@tlcnnojae1"" target=""_blank"">@tlcnnojae1</a>",21,2,40.333,1,1,6,0,233,8,0,0
"<a href=""https://tiktok.com/@ualfue9r06"" target=""_blank"">@ualfue9r06</a>",27,3,56,0.8,1,7,0,2428.667,57.667,0.333,0
"<a href=""https://tiktok.com/@ueauxtwdx1"" target=""_blank"">@ueauxtwdx1</a>",15,6,65.167,0.75,2,12,0,382.286,14,0.143,0
"<a href=""https://tiktok.com/@uh60ki61s5"" target=""_blank"">@uh60ki61s5</a>",5,3,68.5,1,1,6,0,1143.667,42.333,0,0
"<a href=""https://tiktok.com/@uqcjfzyz70"" target=""_blank"">@uqcjfzyz70</a>",7,2,13.333,1,1,6,0,1368.5,64,0,0.5
"<a href=""https://tiktok.com/@user3266155541162"" target=""_blank"">@user3266155541162</a>",7,3,55.754,0.756,3,20,0,1554.333,45,0.333,0.667
"<a href=""https://tiktok.com/@user4099217324430"" target=""_blank"">@user4099217324430</a>",42,3,48.125,0.9,2,16,0,1794.333,104.667,0,0.667
"<a href=""https://tiktok.com/@user4980396170925"" target=""_blank"">@user4980396170925</a>",7,3,73.429,0.8,1,7,0,372.667,22.667,0,0.333
"<a href=""https://tiktok.com/@user74062035986287"" target=""_blank"">@user74062035986287</a>",9,3,50.968,0.9,2,16,0,698,26.667,0,0.667
"<a href=""https://tiktok.com/@uttvi7xlg9"" target=""_blank"">@uttvi7xlg9</a>",4,3,46.643,0.9,2,14,0,3433.333,110.667,0,1
"<a href=""https://tiktok.com/@uuxbqresx9"" target=""_blank"">@uuxbqresx9</a>",13,8,47.91,0.943,5,42,0,4334.3,65.6,2.2,4.5
"<a href=""https://tiktok.com/@v0tgsso365"" target=""_blank"">@v0tgsso365</a>",13,10,45.16,0.937,6,57,0,4882.6,95.5,2.5,8.4
"<a href=""https://tiktok.com/@vafuk2kph7"" target=""_blank"">@vafuk2kph7</a>",24,3,55.038,1,4,34,0,2363.667,54.667,0,3
"<a href=""https://tiktok.com/@vdv9iggyi7"" target=""_blank"">@vdv9iggyi7</a>",13,10,50.007,0.952,6,51,0,4092.4,75.8,2.4,5.2
"<a href=""https://tiktok.com/@vlivnue9c2"" target=""_blank"">@vlivnue9c2</a>",23,3,44.937,1,4,32,0,12928,166.333,0,0.333
"<a href=""https://tiktok.com/@w4jvi13h66"" target=""_blank"">@w4jvi13h66</a>",17,3,57.43,1,4,29,0,1144.333,101.667,0,0.333
"<a href=""https://tiktok.com/@wjyhbrzuu9"" target=""_blank"">@wjyhbrzuu9</a>",16,5,53.639,0.875,2,15,0,8348.5,124.625,1.75,0.5
"<a href=""https://tiktok.com/@wpogeanxx0"" target=""_blank"">@wpogeanxx0</a>",8,3,60.75,1,1,8,0,960.667,50.333,0,0
"<a href=""https://tiktok.com/@wyvfjonzl0"" target=""_blank"">@wyvfjonzl0</a>",10,2,50,0.792,4,24,0,2441.667,176.333,0,2.333
"<a href=""https://tiktok.com/@x3ecxjycl4"" target=""_blank"">@x3ecxjycl4</a>",8,3,54.708,0.875,2,14,0,686.667,44.333,0,0.333
"<a href=""https://tiktok.com/@xdplifjtc0"" target=""_blank"">@xdplifjtc0</a>",5,3,46.167,1,1,6,0,494.667,19.333,0,1
"<a href=""https://tiktok.com/@xnyhfij895"" target=""_blank"">@xnyhfij895</a>",9,3,45.694,0.9,2,15,0,721,41.333,0,0.667
"<a href=""https://tiktok.com/@y5kou1ix29"" target=""_blank"">@y5kou1ix29</a>",1,3,58.333,0.9,2,12,0,380.333,28,0.333,0
"<a href=""https://tiktok.com/@ynizcymol0"" target=""_blank"">@ynizcymol0</a>",1,3,52.833,1,1,6,0,869.333,86,0.667,0
"<a href=""https://tiktok.com/@ynrmwjd2c7"" target=""_blank"">@ynrmwjd2c7</a>",16,6,77.5,1,1,8,0,2927.5,82.875,0.75,0.875
"<a href=""https://tiktok.com/@yrd0qqyzs7"" target=""_blank"">@yrd0qqyzs7</a>",9,3,57.44,0.8,2,13,0,916,79.667,0,0.333
"<a href=""https://tiktok.com/@z4jb4vanw5"" target=""_blank"">@z4jb4vanw5</a>",24,3,56.298,1,4,32,0,4972.333,77.333,2,0.667
"<a href=""https://tiktok.com/@z7dacszi71"" target=""_blank"">@z7dacszi71</a>",24,3,53.406,1,4,31,0,738.333,44,0,0.667
"<a href=""https://tiktok.com/@z7e1vq4dh5"" target=""_blank"">@z7e1vq4dh5</a>",17,3,55.308,1,6,44,0.001,17487,413,1.333,1.667
"<a href=""https://tiktok.com/@zangd9482"" target=""_blank"">@zangd9482</a>",30,3,55.375,1,1,8,0,13217.333,361,0.333,1.333
"<a href=""https://tiktok.com/@zt8fxkpfc4"" target=""_blank"">@zt8fxkpfc4</a>",17,3,45.938,1,4,34,0,1912.667,88,0.333,0.333
