"Network","Number of Accounts","Network Density","Network Diameter","Clustering Coefficient","Avg Views","Avg Likes","Avg Comments","Avg Shares","Member Accounts"
1,6,0.467,20,0.5,987.167,51.667,0.611,0.222,"fagsr997, dfacdgddw2, happyle0.0, fhg0ztaow3, y5kou1ix29, ynizcymol0"
2,3,1,9,1,3735,97.111,0.444,1,"kaizin961, rc68wmc669, tianxuanzz0"
3,2,1,6,0,4012.333,97.5,0.167,0.167,"kwl77uhje0, h1gdf4rup4"
4,4,0.667,13,0.6,2098.727,64.818,0.455,0.545,"t8alvfago0, prlwjzlht0, animation.006, uttvi7xlg9"
5,9,0.222,18,0,1111,55.963,0.222,0.63,"bxcd209adc, uh60ki61s5, l8rymovik0, bbbmmmm551888, t0vq8sbuz2, djslxkdu2736, nhyeup7np5, bbbmmmm282888, xdplifjtc0"
6,2,1,6,0,3054,65,0.2,0.4,"fufufigg394, lv52301"
7,7,0.381,19,0.353,1181.056,36.889,0.056,0.333,"user4980396170925, user3266155541162, mjdove1vc6, nlvjji1ry3, sorfbfn3d7, lrzrays7t0, uqcjfzyz70"
8,3,0.667,14,0,788.556,48.111,0,0.333,"q3vrmwb3q7, wpogeanxx0, x3ecxjycl4"
9,3,1,9,1,778.333,49.222,0,0.556,"xnyhfij895, user74062035986287, yrd0qqyzs7"
10,11,0.582,28,0.827,2224.121,133.97,0.455,1.333,"tfcihuirs7, bopklolm, jdv3bffzb0, ggoppm3, fpoe54kaj2, kvwwqn6rj1, houboo44, roo6qxidk4, nc64di81n4, scbyg9iw47, wyvfjonzl0"
11,2,1,6,0,14623.833,229,2.333,154.833,"rd4ffqzaf1, qihrruk1y7"
12,5,1,12,1,12076.231,213.128,3.154,3.385,"oeplbsknc6, qaf4jbflw4, fncribcs, mwmnolke35, fdvhrf3"
13,8,0.786,18,0.8,7924.351,122.013,2.948,10.883,"gmhygcyo48, mcmvtykcu4, uuxbqresx9, q5hbkduxc0, rdrgr6sqa6, v0tgsso365, ek5dxbiw76, vdv9iggyi7"
14,5,0.8,16,0.789,81771.069,1213.069,592.345,208.862,"sasapco, hxavnxh, landscape5670, cagnhd, shvchjds"
15,3,0.667,12,0,1260.864,38.864,0.5,0.182,"rgf3gc2hu1, ueauxtwdx1, r4uwm3vcl9"
16,4,0.5,23,0,5602.333,115.242,1.121,0.636,"sky5kdg923, qnk0c8xax6, wjyhbrzuu9, ynrmwjd2c7"
17,12,0.455,27,0.703,4728.611,147.806,0.556,0.639,"iunoh7y992, jyoibh5tp0, qoprvlbdl8, w4jvi13h66, dusohscl88, mmdpaomam7, npabjipwa5, lm6iw4uyz9, z7e1vq4dh5, hvwadkmlr5, r9adupcii2, zt8fxkpfc4"
18,2,1,9,0,1974.833,58.833,0.333,0,"qfdxkzngz4, agxhuwpfs5"
19,2,1,8,0,530.667,38,0,0.5,"jt2yhi6q98, kl01948"
20,3,1,9,1,3846.333,149.556,0.444,3.667,"g3z1mawah8, emafu9nga8, nr5n69tlw7"
21,2,1,6,0,561.6,29.4,0,0.2,"c2zfo1rsq1, tlcnnojae1"
22,2,1,9,0,634.333,43.5,3.5,7,"gfrqcwrnf7, haly7irzx5"
23,5,1,9,1,17450.133,2203.533,47.533,99.8,"eegmbwmju3, onwunli.izsak, samms.yong, klcc00.2, vlivnue9c2"
24,5,1,9,1,2919.933,99.867,0.533,1.2,"luru.hagu, vafuk2kph7, klcc00.12, z4jb4vanw5, z7dacszi71"
25,3,1,14,1,9745,200.125,3.042,1.333,"gskpccbd, hffrr976575, housn103"
26,2,1,6,0,2211.25,80.25,0.125,0.75,"abd.aziz4467, aed3646"
27,2,1,7,0,1805.167,42,0.5,0.333,"bsobdt0hr8, ualfue9r06"
28,2,1,7,0,12142,57.667,0.5,1.167,"kskokmtf89a, robloxgamers7575"
29,2,1,6,0,3561.167,44.833,1.333,0.333,"m8o475hro0, t7v4eaepj7"
30,2,1,8,0,7109,221,0.167,0.667,"lelebo.movie, zangd9482"
31,2,1,6,0,864.5,49.5,0,0,"cb7f8fb5, e475fd08"
32,4,1,10,1,104920.643,9905.786,35.643,66.571,"huanxige_dz8, d5c16ca8, hayes.hyman, nddmovie"
33,3,1,9,1,75.778,2.778,0,0,"2ea419c5, 6961dfc3, 87eea66d"
34,5,0.7,14,0.643,154.267,8.8,0,0,"64e0eb6c, 98d7eeeb, 5062f644, b138f999, eee0ebf8"
35,4,0.667,15,0.6,4273.167,253,0.417,2.75,"13ba399c, 4660988e, 841cf780, e22a6795"
36,5,0.7,14,0.643,145.357,7.5,0,0,"8246f02d, 02c61ebb, 6574f771, c0e7ace1, d9326641"
37,2,1,8,0,490.5,39.833,0,0,"814afa5e, 89644a0d"
38,2,1,9,0,669.833,38,0.167,0,"bxooasxb8b4, mabbsqaldq5"
39,2,1,9,0,974.833,51.167,0.167,0.167,"6198398f, bea4ba2d"
40,2,1,6,0,779.333,55.333,0.5,0.5,"shmkfc, dlurli"
41,2,1,10,0,688.2,21.9,0.1,0,"isadgi0, nfdmob"
42,3,1,8,1,15761.889,269.556,1.889,5,"donnakareni11109812, jkoxwuje, user4099217324430"
