"Account","Network","Unique Shares","Avg Time Between Shares (sec)","Edge Symmetry Score","Degree","Strength","Betweenness","Avg Views","Avg Likes","Avg Comments","Avg Shares"
"<a href=""https://tiktok.com/@aed2977"" target=""_blank"">@aed2977</a>",5,9,49.603,0.896,4,33,0.008,1184.1,79.3,3.2,1.3
"<a href=""https://tiktok.com/@aed75787"" target=""_blank"">@aed75787</a>",4,9,23.857,1,1,7,0,2707.2,50.2,3,1
"<a href=""https://tiktok.com/@aed7p4"" target=""_blank"">@aed7p4</a>",4,8,55.714,1,1,7,0,3111.889,61,1.444,0.778
"<a href=""https://tiktok.com/@aed8391"" target=""_blank"">@aed8391</a>",11,5,42.15,0.763,4,37,0.002,838.4,24.2,0,0.2
"<a href=""https://tiktok.com/@aedbr6"" target=""_blank"">@aedbr6</a>",5,10,45.416,0.917,4,34,0.005,1640.6,50.5,4.3,3.8
"<a href=""https://tiktok.com/@aedh263"" target=""_blank"">@aedh263</a>",11,10,48.524,0.827,5,83,0,2023.9,33.9,0.5,0.7
"<a href=""https://tiktok.com/@akkaanav.risksjsg"" target=""_blank"">@akkaanav.risksjsg</a>",3,9,47.75,1,1,8,0,1974.3,53.3,0.9,0.2
"<a href=""https://tiktok.com/@asdfsasd.fgdfdgas"" target=""_blank"">@asdfsasd.fgdfdgas</a>",2,8,71.714,1,1,7,0,2882.222,70.222,3.333,5.444
"<a href=""https://tiktok.com/@aynor.ogawa"" target=""_blank"">@aynor.ogawa</a>",4,8,39.786,1,2,14,0,1690.7,47.4,0.6,1.3
"<a href=""https://tiktok.com/@bmc12655"" target=""_blank"">@bmc12655</a>",1,8,60.65,0.924,9,77,0.004,1581.75,79.125,2.125,4
"<a href=""https://tiktok.com/@brs1reddit"" target=""_blank"">@brs1reddit</a>",7,3,60.667,0.8,1,9,0,968.333,16.667,0,0
"<a href=""https://tiktok.com/@c.ts24"" target=""_blank"">@c.ts24</a>",6,3,54.5,1,1,8,0,341.333,8,0,0
"<a href=""https://tiktok.com/@calvinwhitman1014"" target=""_blank"">@calvinwhitman1014</a>",5,6,68.444,1,1,9,0,931.111,43.222,1.889,8.444
"<a href=""https://tiktok.com/@cfdc18"" target=""_blank"">@cfdc18</a>",11,3,51.286,1,1,7,0,1805.6,57.2,0.8,2.6
"<a href=""https://tiktok.com/@chantalkusch"" target=""_blank"">@chantalkusch</a>",1,10,62.736,0.866,11,110,0.002,1503.4,97.6,0.7,1.6
"<a href=""https://tiktok.com/@crhn65"" target=""_blank"">@crhn65</a>",11,13,55.073,0.819,6,65,0.023,9292.846,120.385,1.615,3.538
"<a href=""https://tiktok.com/@cutequeen_driver120"" target=""_blank"">@cutequeen_driver120</a>",12,4,94.786,0.8,1,14,0,91.833,14.75,2.167,1.167
"<a href=""https://tiktok.com/@dhhcuyt"" target=""_blank"">@dhhcuyt</a>",9,3,45.375,1,1,8,0,439,3.333,0.333,3
"<a href=""https://tiktok.com/@dthh824"" target=""_blank"">@dthh824</a>",11,15,45.633,0.8,6,117,0,6053.4,86.333,0.867,1.6
"<a href=""https://tiktok.com/@elvistrevelyan0204"" target=""_blank"">@elvistrevelyan0204</a>",5,9,55.268,0.944,3,24,0.006,4512.778,76.556,0.889,5.667
"<a href=""https://tiktok.com/@fannybach2010"" target=""_blank"">@fannybach2010</a>",5,8,65.798,0.917,3,23,0.006,4227,100.889,2,0.556
"<a href=""https://tiktok.com/@fdijc3"" target=""_blank"">@fdijc3</a>",1,10,59.772,0.917,9,83,0.002,770.8,39.4,0.6,1.4
"<a href=""https://tiktok.com/@finishthemovie3"" target=""_blank"">@finishthemovie3</a>",5,10,52.375,1,1,8,0,505.6,16.8,0.4,1.1
"<a href=""https://tiktok.com/@flipped272"" target=""_blank"">@flipped272</a>",9,3,45.375,1,1,8,0,185,1.333,0,0
"<a href=""https://tiktok.com/@fughf21"" target=""_blank"">@fughf21</a>",1,9,59.701,0.943,8,71,0.001,2112.222,90.333,0.889,2.444
"<a href=""https://tiktok.com/@ghcdax"" target=""_blank"">@ghcdax</a>",5,9,46.544,1,3,24,0,4014.3,81.5,2.2,2.2
"<a href=""https://tiktok.com/@gjbgikh"" target=""_blank"">@gjbgikh</a>",5,9,54,0.714,1,7,0,1170.333,78.222,1.222,0.444
"<a href=""https://tiktok.com/@gooj806"" target=""_blank"">@gooj806</a>",11,8,46.286,0.917,3,32,0.001,1891,51,3.875,57.25
"<a href=""https://tiktok.com/@hcodifb"" target=""_blank"">@hcodifb</a>",1,9,56.843,0.815,6,48,0.003,922.556,54.778,0.444,2.667
"<a href=""https://tiktok.com/@hdifhg5"" target=""_blank"">@hdifhg5</a>",1,8,44.762,0.841,3,21,0.001,1393.5,79.9,0.5,1.5
"<a href=""https://tiktok.com/@hhhhh777777852"" target=""_blank"">@hhhhh777777852</a>",2,5,71.714,1,1,7,0,1521.556,69.333,2.333,0.444
"<a href=""https://tiktok.com/@hsozhs6"" target=""_blank"">@hsozhs6</a>",1,6,50.981,0.855,3,26,0,1122.5,62,0.333,0.167
"<a href=""https://tiktok.com/@irdc042"" target=""_blank"">@irdc042</a>",1,9,62.351,0.914,9,85,0,1308.222,83.222,0.444,1
"<a href=""https://tiktok.com/@jajsjsn56"" target=""_blank"">@jajsjsn56</a>",11,12,43.354,0.843,7,75,0.023,3277.667,107.917,0.167,2.333
"<a href=""https://tiktok.com/@jdpdosj"" target=""_blank"">@jdpdosj</a>",1,9,54.614,0.933,7,66,0.004,444,41.778,0,0.444
"<a href=""https://tiktok.com/@jdpxorjf"" target=""_blank"">@jdpxorjf</a>",1,10,59.294,0.919,11,107,0.004,762.2,56.7,0.6,0.7
"<a href=""https://tiktok.com/@jfkovj5"" target=""_blank"">@jfkovj5</a>",1,9,52.288,0.919,8,68,0.006,2157.444,162.889,2.778,3.111
"<a href=""https://tiktok.com/@jfufrehcdh"" target=""_blank"">@jfufrehcdh</a>",1,8,57.379,0.933,8,67,0.003,1976.625,108.125,1.25,1.75
"<a href=""https://tiktok.com/@jtcytxyzey"" target=""_blank"">@jtcytxyzey</a>",1,9,61.241,0.956,9,77,0.005,2366.333,186.889,1.444,4.111
"<a href=""https://tiktok.com/@jvhb240"" target=""_blank"">@jvhb240</a>",11,6,43.053,0.869,3,28,0,1620.333,59.5,1.167,2.167
"<a href=""https://tiktok.com/@jvtvc3"" target=""_blank"">@jvtvc3</a>",11,3,54.861,0.837,4,32,0.006,13870.333,214.333,1,3.667
"<a href=""https://tiktok.com/@kimleonard0623"" target=""_blank"">@kimleonard0623</a>",5,9,47.869,1,4,33,0.007,16388.556,490.889,3.889,7.556
"<a href=""https://tiktok.com/@krug011"" target=""_blank"">@krug011</a>",1,10,54.951,0.95,5,46,0.002,721.5,43.4,0.2,0.9
"<a href=""https://tiktok.com/@ktsfyh"" target=""_blank"">@ktsfyh</a>",10,4,52.25,1,2,16,0,2656.5,145,10.25,1.25
"<a href=""https://tiktok.com/@looj219"" target=""_blank"">@looj219</a>",11,5,35.435,0.917,2,18,0,60274,732,2.6,5
"<a href=""https://tiktok.com/@luisina.riihimaki"" target=""_blank"">@luisina.riihimaki</a>",1,8,59.947,0.911,3,25,0,1431.222,146.556,1.333,0.667
"<a href=""https://tiktok.com/@monalisa7988"" target=""_blank"">@monalisa7988</a>",8,3,63.667,1,1,9,0,1482.667,34,0.333,0
"<a href=""https://tiktok.com/@quincyshop08"" target=""_blank"">@quincyshop08</a>",1,8,61.794,0.903,9,79,0.008,490,26.9,0.3,0.9
"<a href=""https://tiktok.com/@reddishnan"" target=""_blank"">@reddishnan</a>",7,3,60.667,0.8,1,9,0,791,20.667,0.667,0.333
"<a href=""https://tiktok.com/@sasapco"" target=""_blank"">@sasapco</a>",10,5,89,1,2,16,0.002,2367.5,138.167,2.667,1.167
"<a href=""https://tiktok.com/@sdsdyou"" target=""_blank"">@sdsdyou</a>",10,4,83,1,1,8,0,3523.25,180.75,4,5.5
"<a href=""https://tiktok.com/@sijh37"" target=""_blank"">@sijh37</a>",11,6,42.143,0.8,1,7,0,61940,879.667,1.333,6.833
"<a href=""https://tiktok.com/@sweet_driver120"" target=""_blank"">@sweet_driver120</a>",12,8,94.786,0.8,1,14,0,42961.241,3186.621,121.517,49.897
"<a href=""https://tiktok.com/@ternencebloor0314"" target=""_blank"">@ternencebloor0314</a>",5,9,65.562,0.732,2,15,0.004,670.4,29.7,0.7,0.6
"<a href=""https://tiktok.com/@textstory781"" target=""_blank"">@textstory781</a>",10,4,56.812,1,4,32,0.004,4009.5,176.5,2.75,1.5
"<a href=""https://tiktok.com/@ubhutfrx"" target=""_blank"">@ubhutfrx</a>",1,10,54.661,0.877,10,102,0.002,1012.7,89.1,1.2,0.7
"<a href=""https://tiktok.com/@user240775158"" target=""_blank"">@user240775158</a>",8,3,63.667,1,1,9,0,4049.667,46,0.333,0.667
"<a href=""https://tiktok.com/@user3436197788624"" target=""_blank"">@user3436197788624</a>",11,5,51.156,0.775,3,33,0,3865.8,91.6,0.2,0
"<a href=""https://tiktok.com/@user3825956150738"" target=""_blank"">@user3825956150738</a>",11,6,54.467,0.83,5,44,0.01,26203.833,372.833,2.667,10
"<a href=""https://tiktok.com/@user54084767052186"" target=""_blank"">@user54084767052186</a>",3,8,47.75,1,1,8,0,3867.1,67.2,14.4,0.6
"<a href=""https://tiktok.com/@user5626060056906"" target=""_blank"">@user5626060056906</a>",1,10,48.629,0.847,8,74,0.002,844.9,50.2,0.2,0.8
"<a href=""https://tiktok.com/@user6024099769612"" target=""_blank"">@user6024099769612</a>",5,7,61.562,0.875,2,16,0,54496,2834.5,82.4,137.2
"<a href=""https://tiktok.com/@user6922385284275"" target=""_blank"">@user6922385284275</a>",1,8,45.656,0.83,4,30,0.001,1187.25,76.625,0.375,1.75
"<a href=""https://tiktok.com/@vghf668"" target=""_blank"">@vghf668</a>",6,3,54.5,1,1,8,0,1461,90,2.667,0.667
"<a href=""https://tiktok.com/@xxii911"" target=""_blank"">@xxii911</a>",10,4,37.875,1,2,16,0,1786,105.75,2.25,1
"<a href=""https://tiktok.com/@yourstoryttt"" target=""_blank"">@yourstoryttt</a>",10,4,65.5,1,1,8,0,76602.25,3490.25,53.5,45
"<a href=""https://tiktok.com/@yuwenmovie"" target=""_blank"">@yuwenmovie</a>",5,10,77.58,1,4,34,0.006,9948.2,91.6,15,16.7
"<a href=""https://tiktok.com/@zsdx184"" target=""_blank"">@zsdx184</a>",11,12,45.608,0.847,6,100,0.004,3699.417,61.917,0.5,0.833
"<a href=""https://tiktok.com/@zxvb736"" target=""_blank"">@zxvb736</a>",11,15,55.313,0.869,6,120,0,14447.267,225.2,1.933,4.667
