"Network","Number of Accounts","Network Density","Network Diameter","Clustering Coefficient","Avg Views","Avg Likes","Avg Comments","Avg Shares","Member Accounts"
1,19,0.409,24,0.537,1250.682,82.156,0.815,1.595,"hdifhg5, hcodifb, krug011, jtcytxyzey, quincyshop08, fdijc3, bmc12655, fughf21, jdpxorjf, irdc042, ubhutfrx, chantalkusch, jfufrehcdh, jfkovj5, jdpdosj, user5626060056906, luisina.riihimaki, hsozhs6, user6922385284275"
2,2,1,7,0,2201.889,69.778,2.833,2.944,"hhhhh777777852, asdfsasd.fgdfdgas"
3,2,1,8,0,2920.7,60.25,7.65,0.4,"akkaanav.risksjsg, user54084767052186"
4,3,0.667,14,0,2482.276,52.586,1.69,1.034,"aed75787, aynor.ogawa, aed7p4"
5,12,0.242,47,0.429,8431.826,338.67,10.183,15.939,"aed2977, elvistrevelyan0204, finishthemovie3, user6024099769612, fannybach2010, aedbr6, gjbgikh, kimleonard0623, ternencebloor0314, ghcdax, calvinwhitman1014, yuwenmovie"
6,2,1,8,0,901.167,49,1.333,0.333,"c.ts24, vghf668"
7,2,1,9,0,879.667,18.667,0.333,0.167,"reddishnan, brs1reddit"
8,2,1,9,0,2766.167,40,0.333,0.333,"monalisa7988, user240775158"
9,2,1,8,0,312,2.333,0.167,1.5,"dhhcuyt, flipped272"
10,6,0.4,24,0.333,14173.654,662.385,11.808,8.615,"ktsfyh, sasapco, textstory781, sdsdyou, xxii911, yourstoryttt"
11,15,0.295,41,0.683,11599.397,175.103,1.262,6.405,"cfdc18, dthh824, user3825956150738, zsdx184, aedh263, crhn65, jvhb240, sijh37, jajsjsn56, jvtvc3, gooj806, aed8391, zxvb736, user3436197788624, looj219"
12,2,1,14,0,30414.098,2258.268,86.585,35.634,"cutequeen_driver120, sweet_driver120"
