"Account","Network","Unique Shares","Avg Time Between Shares (sec)","Edge Symmetry Score","Degree","Strength","Betweenness","Avg Views","Avg Likes","Avg Comments","Avg Shares"
"<a href=""https://tiktok.com/@ferdinandbecky1017"" target=""_blank"">@ferdinandbecky1017</a>",6,11,43.239,0.908,5,101,0,1927.167,36.417,0,0.167
"<a href=""https://tiktok.com/@funnys318"" target=""_blank"">@funnys318</a>",6,8,45.532,0.937,5,62,0.006,2716,50.75,0,0
"<a href=""https://tiktok.com/@ggbo601"" target=""_blank"">@ggbo601</a>",5,5,47.444,0.875,1,18,0,6339.643,46.714,0.286,0.429
"<a href=""https://tiktok.com/@ghshfg"" target=""_blank"">@ghshfg</a>",2,6,80.786,0.8,1,14,0,1412.562,31.188,0.312,0.312
"<a href=""https://tiktok.com/@gugghccjnv"" target=""_blank"">@gugghccjnv</a>",2,5,47.75,1,1,16,0,1681.062,38.375,0.75,0.188
"<a href=""https://tiktok.com/@jkkj674"" target=""_blank"">@jkkj674</a>",4,7,61.875,0.817,2,40,0.018,37862.722,1461.556,6.111,50.333
"<a href=""https://tiktok.com/@josephwalker6990"" target=""_blank"">@josephwalker6990</a>",6,12,38.013,0.936,5,105,0,1221.75,33.417,0,0.167
"<a href=""https://tiktok.com/@langhuamediaus.tqh90p"" target=""_blank"">@langhuamediaus.tqh90p</a>",6,9,44.925,0.923,4,78,0,2569.455,68.455,0.091,0.364
"<a href=""https://tiktok.com/@lean37279"" target=""_blank"">@lean37279</a>",6,12,39.781,0.948,5,107,0,2399.25,39.5,0,0.083
"<a href=""https://tiktok.com/@llhh5789"" target=""_blank"">@llhh5789</a>",3,6,38.75,0.667,1,12,0,5173,37.667,0,0.333
"<a href=""https://tiktok.com/@llhh6654"" target=""_blank"">@llhh6654</a>",3,6,38.75,0.667,1,12,0,3228.222,12,0,0.111
"<a href=""https://tiktok.com/@lxboos34"" target=""_blank"">@lxboos34</a>",5,6,47.444,0.875,1,18,0,2156.429,39.429,0.143,0.143
"<a href=""https://tiktok.com/@plm00716"" target=""_blank"">@plm00716</a>",4,3,56.5,0.8,1,16,0,11615.25,94.75,0.5,5.5
"<a href=""https://tiktok.com/@pofm.ldnx"" target=""_blank"">@pofm.ldnx</a>",2,7,64.268,0.9,2,30,0.006,1691.467,44.6,0.4,0.267
"<a href=""https://tiktok.com/@ujnikm7"" target=""_blank"">@ujnikm7</a>",4,8,69.245,1,2,44,0,10857.235,85.647,0.059,1.765
"<a href=""https://tiktok.com/@vivianbowen0116"" target=""_blank"">@vivianbowen0116</a>",6,8,34.286,0.867,4,45,0.018,9218.125,81.375,0.5,1.25
"<a href=""https://tiktok.com/@yftzzmmezm"" target=""_blank"">@yftzzmmezm</a>",1,4,65.722,0.857,1,18,0,5288.333,20.833,4.167,0.333
"<a href=""https://tiktok.com/@yr0010"" target=""_blank"">@yr0010</a>",4,10,52.325,0.849,3,65,0.023,2594.727,42.091,0,0.182
"<a href=""https://tiktok.com/@yue3312e"" target=""_blank"">@yue3312e</a>",1,9,65.722,0.857,1,18,0,4317.583,29,1,0.75
"<a href=""https://tiktok.com/@yy11y7"" target=""_blank"">@yy11y7</a>",4,4,37.474,0.857,2,25,0.018,5948,25.4,0.2,0.6
