"Post URL","Network","Author","Timestamp","Number of Accounts","Views","Likes","Comments","Shares","Description"
"<a href=""https://www.tiktok.com/@ujnikm7/video/7463890933436648735"" target=""_blank"" class=""btn btn-sm"" style=""background-color: #00926c; color: white; text-decoration: none; padding: 2px 8px; border-radius: 4px; font-size: 0.8em;"">View Post</a>",4,"ujnikm7",2025-01-25 16:29:30,3,5846,64,0,3,"#pov #fyp #fypシ#pimplepoppersatisfying #pimple #whiteheads #supersatisfying #foryou "
"<a href=""https://www.tiktok.com/@ujnikm7/video/7463890812917566751"" target=""_blank"" class=""btn btn-sm"" style=""background-color: #00926c; color: white; text-decoration: none; padding: 2px 8px; border-radius: 4px; font-size: 0.8em;"">View Post</a>",4,"ujnikm7",2025-01-25 16:29:01,3,2199,38,0,0,"#pov #fyp #fypシ#pimplepoppersatisfying #pimple #whiteheads #supersatisfying #foryou "
"<a href=""https://www.tiktok.com/@yr0010/video/7463890668125965598"" target=""_blank"" class=""btn btn-sm"" style=""background-color: #00926c; color: white; text-decoration: none; padding: 2px 8px; border-radius: 4px; font-size: 0.8em;"">View Post</a>",4,"yr0010",2025-01-25 16:28:26,3,1029,20,0,0,"#pov #fyp #fypシ#pimplepoppersatisfying #pimple #whiteheads #supersatisfying #foryou "
"<a href=""https://www.tiktok.com/@yy11y7/video/7463890654989487403"" target=""_blank"" class=""btn btn-sm"" style=""background-color: #00926c; color: white; text-decoration: none; padding: 2px 8px; border-radius: 4px; font-size: 0.8em;"">View Post</a>",4,"yy11y7",2025-01-25 16:28:25,3,7261,28,0,0,"#pov #fyp #fypシ#pimplepoppersatisfying #pimple #whiteheads #supersatisfying #foryou "
"<a href=""https://www.tiktok.com/@yy11y7/video/7463890606201392426"" target=""_blank"" class=""btn btn-sm"" style=""background-color: #00926c; color: white; text-decoration: none; padding: 2px 8px; border-radius: 4px; font-size: 0.8em;"">View Post</a>",4,"yy11y7",2025-01-25 16:28:13,3,5829,15,0,0,"#pov #fyp #fypシ#pimplepoppersatisfying #pimple #whiteheads #supersatisfying #foryou "
"<a href=""https://www.tiktok.com/@yr0010/video/7463890529881787678"" target=""_blank"" class=""btn btn-sm"" style=""background-color: #00926c; color: white; text-decoration: none; padding: 2px 8px; border-radius: 4px; font-size: 0.8em;"">View Post</a>",4,"yr0010",2025-01-25 16:28:07,3,1065,10,0,0,"#pov #fyp #fypシ#pimplepoppersatisfying #pimple #whiteheads #supersatisfying #foryou "
"<a href=""https://www.tiktok.com/@jkkj674/video/7463888953494555934"" target=""_blank"" class=""btn btn-sm"" style=""background-color: #00926c; color: white; text-decoration: none; padding: 2px 8px; border-radius: 4px; font-size: 0.8em;"">View Post</a>",4,"jkkj674",2025-01-25 16:22:04,3,251662,11948,47,430,"#pov #fyp #fypシ#pimplepoppersatisfying #pimple #whiteheads #supersatisfying #foryou "
"<a href=""https://www.tiktok.com/@jkkj674/video/7463888916332989726"" target=""_blank"" class=""btn btn-sm"" style=""background-color: #00926c; color: white; text-decoration: none; padding: 2px 8px; border-radius: 4px; font-size: 0.8em;"">View Post</a>",4,"jkkj674",2025-01-25 16:21:41,3,3272,50,0,0,"#pov #fyp #fypシ#pimplepoppersatisfying #pimple #whiteheads #supersatisfying #foryou "
"<a href=""https://www.tiktok.com/@ujnikm7/video/7463518225880337695"" target=""_blank"" class=""btn btn-sm"" style=""background-color: #00926c; color: white; text-decoration: none; padding: 2px 8px; border-radius: 4px; font-size: 0.8em;"">View Post</a>",4,"ujnikm7",2025-01-24 16:23:24,3,5078,48,0,0,"#pov #fyp #fypシ#pimplepoppersatisfying #pimple #whiteheads #supersatisfying #foryou "
"<a href=""https://www.tiktok.com/@yr0010/video/7463518131290426655"" target=""_blank"" class=""btn btn-sm"" style=""background-color: #00926c; color: white; text-decoration: none; padding: 2px 8px; border-radius: 4px; font-size: 0.8em;"">View Post</a>",4,"yr0010",2025-01-24 16:23:07,3,997,22,0,0,"#pov #fyp #fypシ#pimplepoppersatisfying #pimple #whiteheads #supersatisfying #foryou "
"<a href=""https://www.tiktok.com/@ujnikm7/video/7463518074952584479"" target=""_blank"" class=""btn btn-sm"" style=""background-color: #00926c; color: white; text-decoration: none; padding: 2px 8px; border-radius: 4px; font-size: 0.8em;"">View Post</a>",4,"ujnikm7",2025-01-24 16:22:49,3,6718,89,0,0,"#pov #fyp #fypシ#pimplepoppersatisfying #pimple #whiteheads #supersatisfying #foryou "
"<a href=""https://www.tiktok.com/@yr0010/video/7463517971965676830"" target=""_blank"" class=""btn btn-sm"" style=""background-color: #00926c; color: white; text-decoration: none; padding: 2px 8px; border-radius: 4px; font-size: 0.8em;"">View Post</a>",4,"yr0010",2025-01-24 16:22:45,3,4201,43,0,0,"#pov #fyp #fypシ#pimplepoppersatisfying #pimple #whiteheads #supersatisfying #foryou "
"<a href=""https://www.tiktok.com/@plm00716/video/7463517865837350190"" target=""_blank"" class=""btn btn-sm"" style=""background-color: #00926c; color: white; text-decoration: none; padding: 2px 8px; border-radius: 4px; font-size: 0.8em;"">View Post</a>",4,"plm00716",2025-01-24 16:22:25,3,4285,29,0,0,"#pov #fyp #fypシ#pimplepoppersatisfying #pimple #whiteheads #supersatisfying #foryou "
"<a href=""https://www.tiktok.com/@jkkj674/video/7463517527281339678"" target=""_blank"" class=""btn btn-sm"" style=""background-color: #00926c; color: white; text-decoration: none; padding: 2px 8px; border-radius: 4px; font-size: 0.8em;"">View Post</a>",4,"jkkj674",2025-01-24 16:20:44,3,9322,138,0,2,"#pov #fyp #fypシ#pimplepoppersatisfying #pimple #whiteheads #supersatisfying #foryou "
"<a href=""https://www.tiktok.com/@jkkj674/video/7463517451049798943"" target=""_blank"" class=""btn btn-sm"" style=""background-color: #00926c; color: white; text-decoration: none; padding: 2px 8px; border-radius: 4px; font-size: 0.8em;"">View Post</a>",4,"jkkj674",2025-01-24 16:20:30,3,6364,94,0,2,"#pov #fyp #fypシ#pimplepoppersatisfying #pimple #whiteheads #supersatisfying #foryou "
"<a href=""https://www.tiktok.com/@ujnikm7/video/7463146599040994590"" target=""_blank"" class=""btn btn-sm"" style=""background-color: #00926c; color: white; text-decoration: none; padding: 2px 8px; border-radius: 4px; font-size: 0.8em;"">View Post</a>",4,"ujnikm7",2025-01-23 16:20:41,3,49846,191,0,7,"#pov #fyp #fypシ#pimplepoppersatisfying #pimple #whiteheads #supersatisfying #foryou "
"<a href=""https://www.tiktok.com/@ujnikm7/video/7463146533723163934"" target=""_blank"" class=""btn btn-sm"" style=""background-color: #00926c; color: white; text-decoration: none; padding: 2px 8px; border-radius: 4px; font-size: 0.8em;"">View Post</a>",4,"ujnikm7",2025-01-23 16:20:26,3,5093,78,0,2,"#pov #fyp #fypシ#pimplepoppersatisfying #pimple #whiteheads #supersatisfying #foryou "
"<a href=""https://www.tiktok.com/@yr0010/video/7463146110517775646"" target=""_blank"" class=""btn btn-sm"" style=""background-color: #00926c; color: white; text-decoration: none; padding: 2px 8px; border-radius: 4px; font-size: 0.8em;"">View Post</a>",4,"yr0010",2025-01-23 16:18:47,3,1044,15,0,0,"#pov #fyp #fypシ#pimplepoppersatisfying #pimple #whiteheads #supersatisfying #foryou "
"<a href=""https://www.tiktok.com/@yr0010/video/7463146097905569055"" target=""_blank"" class=""btn btn-sm"" style=""background-color: #00926c; color: white; text-decoration: none; padding: 2px 8px; border-radius: 4px; font-size: 0.8em;"">View Post</a>",4,"yr0010",2025-01-23 16:18:46,3,1651,33,0,0,"#pov #fyp #fypシ#pimplepoppersatisfying #pimple #whiteheads #supersatisfying #foryou "
"<a href=""https://www.tiktok.com/@yy11y7/video/7463146080163695918"" target=""_blank"" class=""btn btn-sm"" style=""background-color: #00926c; color: white; text-decoration: none; padding: 2px 8px; border-radius: 4px; font-size: 0.8em;"">View Post</a>",4,"yy11y7",2025-01-23 16:18:40,3,7239,42,1,3,"#pov #fyp #fypシ#pimplepoppersatisfying #pimple #whiteheads #supersatisfying #foryou "
"<a href=""https://www.tiktok.com/@jkkj674/video/7463145908755008798"" target=""_blank"" class=""btn btn-sm"" style=""background-color: #00926c; color: white; text-decoration: none; padding: 2px 8px; border-radius: 4px; font-size: 0.8em;"">View Post</a>",4,"jkkj674",2025-01-23 16:17:59,3,10447,168,0,1,"#pov #fyp #fypシ#pimplepoppersatisfying #pimple #whiteheads #supersatisfying #foryou "
"<a href=""https://www.tiktok.com/@jkkj674/video/7463145643557588255"" target=""_blank"" class=""btn btn-sm"" style=""background-color: #00926c; color: white; text-decoration: none; padding: 2px 8px; border-radius: 4px; font-size: 0.8em;"">View Post</a>",4,"jkkj674",2025-01-23 16:16:57,3,11878,142,1,2,"#pov #fyp #fypシ#pimplepoppersatisfying #pimple #whiteheads #supersatisfying #foryou "
"<a href=""https://www.tiktok.com/@jkkj674/video/7462772049400876319"" target=""_blank"" class=""btn btn-sm"" style=""background-color: #00926c; color: white; text-decoration: none; padding: 2px 8px; border-radius: 4px; font-size: 0.8em;"">View Post</a>",4,"jkkj674",2025-01-22 16:07:36,3,12859,178,1,6,"#pov #fyp #fypシ#pimplepoppersatisfying #pimple #whiteheads #supersatisfying #foryou "
"<a href=""https://www.tiktok.com/@plm00716/video/7462772014261112110"" target=""_blank"" class=""btn btn-sm"" style=""background-color: #00926c; color: white; text-decoration: none; padding: 2px 8px; border-radius: 4px; font-size: 0.8em;"">View Post</a>",4,"plm00716",2025-01-22 16:07:50,3,19285,159,1,9,"#pov #fyp #fypシ#pimplepoppersatisfying #pimple #whiteheads #supersatisfying #foryou "
"<a href=""https://www.tiktok.com/@plm00716/video/7462771897768480043"" target=""_blank"" class=""btn btn-sm"" style=""background-color: #00926c; color: white; text-decoration: none; padding: 2px 8px; border-radius: 4px; font-size: 0.8em;"">View Post</a>",4,"plm00716",2025-01-22 16:07:16,3,3602,32,0,4,"#pov #fyp #fypシ#pimplepoppersatisfying #pimple #whiteheads #supersatisfying #foryou "
"<a href=""https://www.tiktok.com/@jkkj674/video/7462771759398276382"" target=""_blank"" class=""btn btn-sm"" style=""background-color: #00926c; color: white; text-decoration: none; padding: 2px 8px; border-radius: 4px; font-size: 0.8em;"">View Post</a>",4,"jkkj674",2025-01-22 16:06:36,3,20859,264,3,6,"#pov #fyp #fypシ#pimplepoppersatisfying #pimple #whiteheads #supersatisfying #foryou "
"<a href=""https://www.tiktok.com/@yr0010/video/7462771592649624863"" target=""_blank"" class=""btn btn-sm"" style=""background-color: #00926c; color: white; text-decoration: none; padding: 2px 8px; border-radius: 4px; font-size: 0.8em;"">View Post</a>",4,"yr0010",2025-01-22 16:06:05,3,8854,54,0,1,"#pov #fyp #fypシ#pimplepoppersatisfying #pimple #whiteheads #supersatisfying #foryou "
"<a href=""https://www.tiktok.com/@yr0010/video/7462771498382675231"" target=""_blank"" class=""btn btn-sm"" style=""background-color: #00926c; color: white; text-decoration: none; padding: 2px 8px; border-radius: 4px; font-size: 0.8em;"">View Post</a>",4,"yr0010",2025-01-22 16:05:45,3,2910,48,0,0,"#pov #fyp #fypシ#pimplepoppersatisfying #pimple #whiteheads #supersatisfying #foryou "
"<a href=""https://www.tiktok.com/@yy11y7/video/7462771404195532078"" target=""_blank"" class=""btn btn-sm"" style=""background-color: #00926c; color: white; text-decoration: none; padding: 2px 8px; border-radius: 4px; font-size: 0.8em;"">View Post</a>",4,"yy11y7",2025-01-22 16:05:21,3,2148,14,0,0,"#pov #fyp #fypシ#pimplepoppersatisfying #pimple #whiteheads #supersatisfying #foryou "
"<a href=""https://www.tiktok.com/@ujnikm7/video/7462770593142738206"" target=""_blank"" class=""btn btn-sm"" style=""background-color: #00926c; color: white; text-decoration: none; padding: 2px 8px; border-radius: 4px; font-size: 0.8em;"">View Post</a>",4,"ujnikm7",2025-01-22 16:02:08,3,8412,75,0,2,"#pov #fyp #fypシ#pimplepoppersatisfying #pimple #whiteheads #supersatisfying #foryou "
"<a href=""https://www.tiktok.com/@ujnikm7/video/7462770561521847582"" target=""_blank"" class=""btn btn-sm"" style=""background-color: #00926c; color: white; text-decoration: none; padding: 2px 8px; border-radius: 4px; font-size: 0.8em;"">View Post</a>",4,"ujnikm7",2025-01-22 16:01:53,3,4585,67,0,0,"#pov #fyp #fypシ#pimplepoppersatisfying #pimple #whiteheads #supersatisfying #foryou "
"<a href=""https://www.tiktok.com/@jkkj674/video/7462399371615685919"" target=""_blank"" class=""btn btn-sm"" style=""background-color: #00926c; color: white; text-decoration: none; padding: 2px 8px; border-radius: 4px; font-size: 0.8em;"">View Post</a>",4,"jkkj674",2025-01-21 16:01:31,3,13801,154,3,4,"#pov #fyp #fypシ#pimplepoppersatisfying #pimple #whiteheads #supersatisfying #foryou "
"<a href=""https://www.tiktok.com/@yr0010/video/7462399301260528927"" target=""_blank"" class=""btn btn-sm"" style=""background-color: #00926c; color: white; text-decoration: none; padding: 2px 8px; border-radius: 4px; font-size: 0.8em;"">View Post</a>",4,"yr0010",2025-01-21 16:01:23,3,2752,87,0,0,"#pov #fyp #fypシ#pimplepoppersatisfying #pimple #whiteheads #supersatisfying #foryou "
"<a href=""https://www.tiktok.com/@yr0010/video/7462399132909571358"" target=""_blank"" class=""btn btn-sm"" style=""background-color: #00926c; color: white; text-decoration: none; padding: 2px 8px; border-radius: 4px; font-size: 0.8em;"">View Post</a>",4,"yr0010",2025-01-21 16:00:46,3,2387,98,0,1,"#pov #fyp #fypシ#pimplepoppersatisfying #pimple #whiteheads #supersatisfying #foryou "
"<a href=""https://www.tiktok.com/@ujnikm7/video/7462398966307540255"" target=""_blank"" class=""btn btn-sm"" style=""background-color: #00926c; color: white; text-decoration: none; padding: 2px 8px; border-radius: 4px; font-size: 0.8em;"">View Post</a>",4,"ujnikm7",2025-01-21 15:59:48,3,5409,75,1,0,"#pov #fyp #fypシ#pimplepoppersatisfying #pimple #whiteheads #supersatisfying #foryou "
"<a href=""https://www.tiktok.com/@ujnikm7/video/7462398921604631839"" target=""_blank"" class=""btn btn-sm"" style=""background-color: #00926c; color: white; text-decoration: none; padding: 2px 8px; border-radius: 4px; font-size: 0.8em;"">View Post</a>",4,"ujnikm7",2025-01-21 15:59:47,3,7696,109,0,1,"#pov #fyp #fypシ#pimplepoppersatisfying #pimple #whiteheads #supersatisfying #foryou "
"<a href=""https://www.tiktok.com/@ujnikm7/video/7463890933436648735"" target=""_blank"" class=""btn btn-sm"" style=""background-color: #00926c; color: white; text-decoration: none; padding: 2px 8px; border-radius: 4px; font-size: 0.8em;"">View Post</a>",4,"ujnikm7",2025-01-25 16:29:30,3,5852,64,0,3,"#pov #fyp #fypシ#pimplepoppersatisfying #pimple #whiteheads #supersatisfying #foryou "
"<a href=""https://www.tiktok.com/@ujnikm7/video/7463890812917566751"" target=""_blank"" class=""btn btn-sm"" style=""background-color: #00926c; color: white; text-decoration: none; padding: 2px 8px; border-radius: 4px; font-size: 0.8em;"">View Post</a>",4,"ujnikm7",2025-01-25 16:29:01,3,2201,38,0,0,"#pov #fyp #fypシ#pimplepoppersatisfying #pimple #whiteheads #supersatisfying #foryou "
"<a href=""https://www.tiktok.com/@yy11y7/video/7463890654989487403"" target=""_blank"" class=""btn btn-sm"" style=""background-color: #00926c; color: white; text-decoration: none; padding: 2px 8px; border-radius: 4px; font-size: 0.8em;"">View Post</a>",4,"yy11y7",2025-01-25 16:28:25,3,7263,28,0,0,"#pov #fyp #fypシ#pimplepoppersatisfying #pimple #whiteheads #supersatisfying #foryou "
"<a href=""https://www.tiktok.com/@jkkj674/video/7463888953494555934"" target=""_blank"" class=""btn btn-sm"" style=""background-color: #00926c; color: white; text-decoration: none; padding: 2px 8px; border-radius: 4px; font-size: 0.8em;"">View Post</a>",4,"jkkj674",2025-01-25 16:22:04,3,252210,11984,47,430,"#pov #fyp #fypシ#pimplepoppersatisfying #pimple #whiteheads #supersatisfying #foryou "
"<a href=""https://www.tiktok.com/@jkkj674/video/7463888916332989726"" target=""_blank"" class=""btn btn-sm"" style=""background-color: #00926c; color: white; text-decoration: none; padding: 2px 8px; border-radius: 4px; font-size: 0.8em;"">View Post</a>",4,"jkkj674",2025-01-25 16:21:41,3,3277,50,0,0,"#pov #fyp #fypシ#pimplepoppersatisfying #pimple #whiteheads #supersatisfying #foryou "
"<a href=""https://www.tiktok.com/@jkkj674/video/7463517527281339678"" target=""_blank"" class=""btn btn-sm"" style=""background-color: #00926c; color: white; text-decoration: none; padding: 2px 8px; border-radius: 4px; font-size: 0.8em;"">View Post</a>",4,"jkkj674",2025-01-24 16:20:44,3,9327,138,0,2,"#pov #fyp #fypシ#pimplepoppersatisfying #pimple #whiteheads #supersatisfying #foryou "
"<a href=""https://www.tiktok.com/@jkkj674/video/7463517451049798943"" target=""_blank"" class=""btn btn-sm"" style=""background-color: #00926c; color: white; text-decoration: none; padding: 2px 8px; border-radius: 4px; font-size: 0.8em;"">View Post</a>",4,"jkkj674",2025-01-24 16:20:30,3,6371,94,0,2,"#pov #fyp #fypシ#pimplepoppersatisfying #pimple #whiteheads #supersatisfying #foryou "
"<a href=""https://www.tiktok.com/@ujnikm7/video/7463146599040994590"" target=""_blank"" class=""btn btn-sm"" style=""background-color: #00926c; color: white; text-decoration: none; padding: 2px 8px; border-radius: 4px; font-size: 0.8em;"">View Post</a>",4,"ujnikm7",2025-01-23 16:20:41,3,49848,191,0,7,"#pov #fyp #fypシ#pimplepoppersatisfying #pimple #whiteheads #supersatisfying #foryou "
"<a href=""https://www.tiktok.com/@ujnikm7/video/7463146533723163934"" target=""_blank"" class=""btn btn-sm"" style=""background-color: #00926c; color: white; text-decoration: none; padding: 2px 8px; border-radius: 4px; font-size: 0.8em;"">View Post</a>",4,"ujnikm7",2025-01-23 16:20:26,3,5094,78,0,2,"#pov #fyp #fypシ#pimplepoppersatisfying #pimple #whiteheads #supersatisfying #foryou "
"<a href=""https://www.tiktok.com/@yr0010/video/7463146097905569055"" target=""_blank"" class=""btn btn-sm"" style=""background-color: #00926c; color: white; text-decoration: none; padding: 2px 8px; border-radius: 4px; font-size: 0.8em;"">View Post</a>",4,"yr0010",2025-01-23 16:18:46,3,1652,33,0,0,"#pov #fyp #fypシ#pimplepoppersatisfying #pimple #whiteheads #supersatisfying #foryou "
"<a href=""https://www.tiktok.com/@jkkj674/video/7463145908755008798"" target=""_blank"" class=""btn btn-sm"" style=""background-color: #00926c; color: white; text-decoration: none; padding: 2px 8px; border-radius: 4px; font-size: 0.8em;"">View Post</a>",4,"jkkj674",2025-01-23 16:17:59,3,10453,168,0,1,"#pov #fyp #fypシ#pimplepoppersatisfying #pimple #whiteheads #supersatisfying #foryou "
"<a href=""https://www.tiktok.com/@jkkj674/video/7463145643557588255"" target=""_blank"" class=""btn btn-sm"" style=""background-color: #00926c; color: white; text-decoration: none; padding: 2px 8px; border-radius: 4px; font-size: 0.8em;"">View Post</a>",4,"jkkj674",2025-01-23 16:16:57,3,11887,142,1,2,"#pov #fyp #fypシ#pimplepoppersatisfying #pimple #whiteheads #supersatisfying #foryou "
"<a href=""https://www.tiktok.com/@jkkj674/video/7462772049400876319"" target=""_blank"" class=""btn btn-sm"" style=""background-color: #00926c; color: white; text-decoration: none; padding: 2px 8px; border-radius: 4px; font-size: 0.8em;"">View Post</a>",4,"jkkj674",2025-01-22 16:07:36,3,12863,178,1,6,"#pov #fyp #fypシ#pimplepoppersatisfying #pimple #whiteheads #supersatisfying #foryou "
"<a href=""https://www.tiktok.com/@plm00716/video/7462772014261112110"" target=""_blank"" class=""btn btn-sm"" style=""background-color: #00926c; color: white; text-decoration: none; padding: 2px 8px; border-radius: 4px; font-size: 0.8em;"">View Post</a>",4,"plm00716",2025-01-22 16:07:50,3,19289,159,1,9,"#pov #fyp #fypシ#pimplepoppersatisfying #pimple #whiteheads #supersatisfying #foryou "
"<a href=""https://www.tiktok.com/@jkkj674/video/7462771759398276382"" target=""_blank"" class=""btn btn-sm"" style=""background-color: #00926c; color: white; text-decoration: none; padding: 2px 8px; border-radius: 4px; font-size: 0.8em;"">View Post</a>",4,"jkkj674",2025-01-22 16:06:36,3,20864,264,3,6,"#pov #fyp #fypシ#pimplepoppersatisfying #pimple #whiteheads #supersatisfying #foryou "
"<a href=""https://www.tiktok.com/@ujnikm7/video/7462770593142738206"" target=""_blank"" class=""btn btn-sm"" style=""background-color: #00926c; color: white; text-decoration: none; padding: 2px 8px; border-radius: 4px; font-size: 0.8em;"">View Post</a>",4,"ujnikm7",2025-01-22 16:02:08,3,8413,75,0,2,"#pov #fyp #fypシ#pimplepoppersatisfying #pimple #whiteheads #supersatisfying #foryou "
"<a href=""https://www.tiktok.com/@ujnikm7/video/7462770561521847582"" target=""_blank"" class=""btn btn-sm"" style=""background-color: #00926c; color: white; text-decoration: none; padding: 2px 8px; border-radius: 4px; font-size: 0.8em;"">View Post</a>",4,"ujnikm7",2025-01-22 16:01:53,3,4586,67,0,0,"#pov #fyp #fypシ#pimplepoppersatisfying #pimple #whiteheads #supersatisfying #foryou "
"<a href=""https://www.tiktok.com/@jkkj674/video/7462399371615685919"" target=""_blank"" class=""btn btn-sm"" style=""background-color: #00926c; color: white; text-decoration: none; padding: 2px 8px; border-radius: 4px; font-size: 0.8em;"">View Post</a>",4,"jkkj674",2025-01-21 16:01:31,3,13813,154,3,4,"#pov #fyp #fypシ#pimplepoppersatisfying #pimple #whiteheads #supersatisfying #foryou "
"<a href=""https://www.tiktok.com/@ujnikm7/video/7462398921604631839"" target=""_blank"" class=""btn btn-sm"" style=""background-color: #00926c; color: white; text-decoration: none; padding: 2px 8px; border-radius: 4px; font-size: 0.8em;"">View Post</a>",4,"ujnikm7",2025-01-21 15:59:47,3,7697,109,0,1,"#pov #fyp #fypシ#pimplepoppersatisfying #pimple #whiteheads #supersatisfying #foryou "
"<a href=""https://www.tiktok.com/@gugghccjnv/video/7463862245768858910"" target=""_blank"" class=""btn btn-sm"" style=""background-color: #00926c; color: white; text-decoration: none; padding: 2px 8px; border-radius: 4px; font-size: 0.8em;"">View Post</a>",2,"gugghccjnv",2025-01-25 14:38:26,2,1944,41,0,0,"#podcast #camilla #viral #IG #realcamillaara #CamillaAraujo #itscamillaara #money #tiktokuni #foryou #fyp #tiktok #fypシ゚viral #pov #foryoupage #fypツ"
"<a href=""https://www.tiktok.com/@pofm.ldnx/video/7463862107600194846"" target=""_blank"" class=""btn btn-sm"" style=""background-color: #00926c; color: white; text-decoration: none; padding: 2px 8px; border-radius: 4px; font-size: 0.8em;"">View Post</a>",2,"pofm.ldnx",2025-01-25 14:38:00,2,1556,42,1,1,"#podcast #camilla #viral #IG #realcamillaara #CamillaAraujo #itscamillaara #money #tiktokuni #foryou #fyp #tiktok #fypシ゚viral #pov #foryoupage #fypツ"
"<a href=""https://www.tiktok.com/@ghshfg/video/7463861445734698270"" target=""_blank"" class=""btn btn-sm"" style=""background-color: #00926c; color: white; text-decoration: none; padding: 2px 8px; border-radius: 4px; font-size: 0.8em;"">View Post</a>",2,"ghshfg",2025-01-25 14:35:20,2,1230,22,1,0,"#podcast #camilla #viral #IG #realcamillaara #CamillaAraujo #itscamillaara #money #tiktokuni #foryou #fyp #tiktok #fypシ゚viral #pov #foryoupage #fypツ"
"<a href=""https://www.tiktok.com/@pofm.ldnx/video/7463860148579159327"" target=""_blank"" class=""btn btn-sm"" style=""background-color: #00926c; color: white; text-decoration: none; padding: 2px 8px; border-radius: 4px; font-size: 0.8em;"">View Post</a>",2,"pofm.ldnx",2025-01-25 14:30:31,2,917,32,0,0,"#podcast #camilla #viral #IG #realcamillaara #CamillaAraujo #itscamillaara #money #tiktokuni #foryou #fyp #tiktok #fypシ゚viral #pov #foryoupage #fypツ"
"<a href=""https://www.tiktok.com/@gugghccjnv/video/7463859758949322014"" target=""_blank"" class=""btn btn-sm"" style=""background-color: #00926c; color: white; text-decoration: none; padding: 2px 8px; border-radius: 4px; font-size: 0.8em;"">View Post</a>",2,"gugghccjnv",2025-01-25 14:29:16,2,1856,28,2,0,"#podcast #camilla #viral #IG #realcamillaara #CamillaAraujo #itscamillaara #money #tiktokuni #foryou #fyp #tiktok #fypシ゚viral #pov #foryoupage #fypツ"
"<a href=""https://www.tiktok.com/@ghshfg/video/7463859370988719391"" target=""_blank"" class=""btn btn-sm"" style=""background-color: #00926c; color: white; text-decoration: none; padding: 2px 8px; border-radius: 4px; font-size: 0.8em;"">View Post</a>",2,"ghshfg",2025-01-25 14:27:40,2,954,21,0,0,"#podcast #camilla #viral #IG #realcamillaara #CamillaAraujo #itscamillaara #money #tiktokuni #foryou #fyp #tiktok #fypシ゚viral #pov #foryoupage #fypツ"
"<a href=""https://www.tiktok.com/@ghshfg/video/7463505600744312095"" target=""_blank"" class=""btn btn-sm"" style=""background-color: #00926c; color: white; text-decoration: none; padding: 2px 8px; border-radius: 4px; font-size: 0.8em;"">View Post</a>",2,"ghshfg",2025-01-24 15:34:31,2,1096,45,0,1,"#podcast #camilla #viral #IG #realcamillaara #CamillaAraujo #itscamillaara #money #tiktokuni #foryou #fyp #tiktok #fypシ゚viral #pov #foryoupage #fypツ"
"<a href=""https://www.tiktok.com/@pofm.ldnx/video/7463505234703240479"" target=""_blank"" class=""btn btn-sm"" style=""background-color: #00926c; color: white; text-decoration: none; padding: 2px 8px; border-radius: 4px; font-size: 0.8em;"">View Post</a>",2,"pofm.ldnx",2025-01-24 15:33:14,2,3100,67,0,0,"#podcast #camilla #viral #IG #realcamillaara #CamillaAraujo #itscamillaara #money #tiktokuni #foryou #fyp #tiktok #fypシ゚viral #pov #foryoupage #fypツ"
"<a href=""https://www.tiktok.com/@gugghccjnv/video/7463504993052609823"" target=""_blank"" class=""btn btn-sm"" style=""background-color: #00926c; color: white; text-decoration: none; padding: 2px 8px; border-radius: 4px; font-size: 0.8em;"">View Post</a>",2,"gugghccjnv",2025-01-24 15:32:15,2,6314,172,3,0,"#podcast #camilla #viral #IG #realcamillaara #CamillaAraujo #itscamillaara #money #tiktokuni #foryou #fyp #tiktok #fypシ゚viral #pov #foryoupage #fypツ"
"<a href=""https://www.tiktok.com/@gugghccjnv/video/7463504419372469534"" target=""_blank"" class=""btn btn-sm"" style=""background-color: #00926c; color: white; text-decoration: none; padding: 2px 8px; border-radius: 4px; font-size: 0.8em;"">View Post</a>",2,"gugghccjnv",2025-01-24 15:29:38,2,1914,58,0,2,"#podcast #camilla #viral #IG #realcamillaara #CamillaAraujo #itscamillaara #money #tiktokuni #foryou #fyp #tiktok #fypシ゚viral #pov #foryoupage #fypツ"
"<a href=""https://www.tiktok.com/@pofm.ldnx/video/7463504139625024799"" target=""_blank"" class=""btn btn-sm"" style=""background-color: #00926c; color: white; text-decoration: none; padding: 2px 8px; border-radius: 4px; font-size: 0.8em;"">View Post</a>",2,"pofm.ldnx",2025-01-24 15:29:07,2,979,9,0,1,"#podcast #camilla #viral #IG #realcamillaara #CamillaAraujo #itscamillaara #money #tiktokuni #foryou #fyp #tiktok #fypシ゚viral #pov #foryoupage #fypツ"
"<a href=""https://www.tiktok.com/@ghshfg/video/7463503727194950943"" target=""_blank"" class=""btn btn-sm"" style=""background-color: #00926c; color: white; text-decoration: none; padding: 2px 8px; border-radius: 4px; font-size: 0.8em;"">View Post</a>",2,"ghshfg",2025-01-24 15:27:13,2,5258,75,0,1,"#podcast #camilla #viral #IG #realcamillaara #CamillaAraujo #itscamillaara #money #tiktokuni #foryou #fyp #tiktok #fypシ゚viral #pov #foryoupage #fypツ"
"<a href=""https://www.tiktok.com/@ghshfg/video/7463124538176425247"" target=""_blank"" class=""btn btn-sm"" style=""background-color: #00926c; color: white; text-decoration: none; padding: 2px 8px; border-radius: 4px; font-size: 0.8em;"">View Post</a>",2,"ghshfg",2025-01-23 14:55:06,2,1175,62,0,1,"#podcast #camilla #viral #IG #realcamillaara #CamillaAraujo #itscamillaara #money #tiktokuni #foryou #fyp #tiktok #fypシ゚viral #pov #foryoupage #fypツ"
"<a href=""https://www.tiktok.com/@pofm.ldnx/video/7463124351764794655"" target=""_blank"" class=""btn btn-sm"" style=""background-color: #00926c; color: white; text-decoration: none; padding: 2px 8px; border-radius: 4px; font-size: 0.8em;"">View Post</a>",2,"pofm.ldnx",2025-01-23 14:54:22,2,2548,81,0,1,"#podcast #camilla #viral #IG #realcamillaara #CamillaAraujo #itscamillaara #money #tiktokuni #foryou #fyp #tiktok #fypシ゚viral #pov #foryoupage #fypツ"
"<a href=""https://www.tiktok.com/@gugghccjnv/video/7463123580876868894"" target=""_blank"" class=""btn btn-sm"" style=""background-color: #00926c; color: white; text-decoration: none; padding: 2px 8px; border-radius: 4px; font-size: 0.8em;"">View Post</a>",2,"gugghccjnv",2025-01-23 14:51:24,2,1654,28,0,0,"#podcast #camilla #viral #IG #realcamillaara #CamillaAraujo #itscamillaara #money #tiktokuni #foryou #fyp #tiktok #fypシ゚viral #pov #foryoupage #fypツ"
"<a href=""https://www.tiktok.com/@ghshfg/video/7463120314461850911"" target=""_blank"" class=""btn btn-sm"" style=""background-color: #00926c; color: white; text-decoration: none; padding: 2px 8px; border-radius: 4px; font-size: 0.8em;"">View Post</a>",2,"ghshfg",2025-01-23 14:38:39,2,1289,49,0,0,"#podcast #camilla #viral #IG #realcamillaara #CamillaAraujo #itscamillaara #money #tiktokuni #foryou #fyp #tiktok #fypシ゚viral #pov #foryoupage #fypツ"
"<a href=""https://www.tiktok.com/@gugghccjnv/video/7463119498980117790"" target=""_blank"" class=""btn btn-sm"" style=""background-color: #00926c; color: white; text-decoration: none; padding: 2px 8px; border-radius: 4px; font-size: 0.8em;"">View Post</a>",2,"gugghccjnv",2025-01-23 14:35:34,2,1459,23,0,0,"#podcast #camilla #viral #IG #realcamillaara #CamillaAraujo #itscamillaara #money #tiktokuni #foryou #fyp #tiktok #fypシ゚viral #pov #foryoupage #fypツ"
"<a href=""https://www.tiktok.com/@pofm.ldnx/video/7463118907679788319"" target=""_blank"" class=""btn btn-sm"" style=""background-color: #00926c; color: white; text-decoration: none; padding: 2px 8px; border-radius: 4px; font-size: 0.8em;"">View Post</a>",2,"pofm.ldnx",2025-01-23 14:33:14,2,918,41,0,0,"#podcast #camilla #viral #IG #realcamillaara #CamillaAraujo #itscamillaara #money #tiktokuni #foryou #fyp #tiktok #fypシ゚viral #pov #foryoupage #fypツ"
"<a href=""https://www.tiktok.com/@pofm.ldnx/video/7462746490780339486"" target=""_blank"" class=""btn btn-sm"" style=""background-color: #00926c; color: white; text-decoration: none; padding: 2px 8px; border-radius: 4px; font-size: 0.8em;"">View Post</a>",2,"pofm.ldnx",2025-01-22 14:28:50,2,8170,194,2,1,"#podcast #camilla #viral #IG #realcamillaara #CamillaAraujo #itscamillaara #money #tiktokuni #foryou #fyp #tiktok #fypシ゚viral #pov #foryoupage #fypツ"
"<a href=""https://www.tiktok.com/@pofm.ldnx/video/7462746385029401887"" target=""_blank"" class=""btn btn-sm"" style=""background-color: #00926c; color: white; text-decoration: none; padding: 2px 8px; border-radius: 4px; font-size: 0.8em;"">View Post</a>",2,"pofm.ldnx",2025-01-22 14:28:31,2,2784,94,1,0,"#podcast #camilla #viral #IG #realcamillaara #CamillaAraujo #itscamillaara #money #tiktokuni #foryou #fyp #tiktok #fypシ゚viral #pov #foryoupage #fypツ"
"<a href=""https://www.tiktok.com/@ghshfg/video/7462746055935839518"" target=""_blank"" class=""btn btn-sm"" style=""background-color: #00926c; color: white; text-decoration: none; padding: 2px 8px; border-radius: 4px; font-size: 0.8em;"">View Post</a>",2,"ghshfg",2025-01-22 14:27:05,2,5137,69,2,2,"#podcast #camilla #viral #IG #realcamillaara #CamillaAraujo #itscamillaara #money #tiktokuni #foryou #fyp #tiktok #fypシ゚viral #pov #foryoupage #fypツ"
"<a href=""https://www.tiktok.com/@ghshfg/video/7462745148556938526"" target=""_blank"" class=""btn btn-sm"" style=""background-color: #00926c; color: white; text-decoration: none; padding: 2px 8px; border-radius: 4px; font-size: 0.8em;"">View Post</a>",2,"ghshfg",2025-01-22 14:23:41,2,1640,61,0,0,"#podcast #camilla #viral #IG #realcamillaara #CamillaAraujo #itscamillaara #money #tiktokuni #foryou #fyp #tiktok #fypシ゚viral #pov #foryoupage #fypツ"
"<a href=""https://www.tiktok.com/@gugghccjnv/video/7462742696755596575"" target=""_blank"" class=""btn btn-sm"" style=""background-color: #00926c; color: white; text-decoration: none; padding: 2px 8px; border-radius: 4px; font-size: 0.8em;"">View Post</a>",2,"gugghccjnv",2025-01-22 14:14:28,2,1893,26,1,0,"#podcast #camilla #viral #IG #realcamillaara #CamillaAraujo #itscamillaara #money #tiktokuni #foryou #fyp #tiktok #fypシ゚viral #pov #foryoupage #fypツ"
"<a href=""https://www.tiktok.com/@gugghccjnv/video/7462742338704510238"" target=""_blank"" class=""btn btn-sm"" style=""background-color: #00926c; color: white; text-decoration: none; padding: 2px 8px; border-radius: 4px; font-size: 0.8em;"">View Post</a>",2,"gugghccjnv",2025-01-22 14:12:38,2,4923,97,0,1,"#podcast #camilla #viral #IG #realcamillaara #CamillaAraujo #itscamillaara #money #tiktokuni #foryou #fyp #tiktok #fypシ゚viral #pov #foryoupage #fypツ"
"<a href=""https://www.tiktok.com/@ghshfg/video/7462371742586080542"" target=""_blank"" class=""btn btn-sm"" style=""background-color: #00926c; color: white; text-decoration: none; padding: 2px 8px; border-radius: 4px; font-size: 0.8em;"">View Post</a>",2,"ghshfg",2025-01-21 14:14:32,2,1006,32,0,0,"#podcast #camilla #viral #IG #realcamillaara #CamillaAraujo #itscamillaara #money #tiktokuni #foryou #fyp #tiktok #fypシ゚viral #pov #foryoupage #fypツ"
"<a href=""https://www.tiktok.com/@ghshfg/video/7462371409659055390"" target=""_blank"" class=""btn btn-sm"" style=""background-color: #00926c; color: white; text-decoration: none; padding: 2px 8px; border-radius: 4px; font-size: 0.8em;"">View Post</a>",2,"ghshfg",2025-01-21 14:13:20,2,3816,63,1,0,"#podcast #camilla #viral #IG #realcamillaara #CamillaAraujo #itscamillaara #money #tiktokuni #foryou #fyp #tiktok #fypシ゚viral #pov #foryoupage #fypツ"
"<a href=""https://www.tiktok.com/@gugghccjnv/video/7462371022323387678"" target=""_blank"" class=""btn btn-sm"" style=""background-color: #00926c; color: white; text-decoration: none; padding: 2px 8px; border-radius: 4px; font-size: 0.8em;"">View Post</a>",2,"gugghccjnv",2025-01-21 14:11:48,2,1864,57,0,0,"#podcast #camilla #viral #IG #realcamillaara #CamillaAraujo #itscamillaara #money #tiktokuni #foryou #fyp #tiktok #fypシ゚viral #pov #foryoupage #fypツ"
"<a href=""https://www.tiktok.com/@pofm.ldnx/video/7462370457950407966"" target=""_blank"" class=""btn btn-sm"" style=""background-color: #00926c; color: white; text-decoration: none; padding: 2px 8px; border-radius: 4px; font-size: 0.8em;"">View Post</a>",2,"pofm.ldnx",2025-01-21 14:09:37,2,4400,109,1,0,"#podcast #camilla #viral #IG #realcamillaara #CamillaAraujo #itscamillaara #money #tiktokuni #foryou #fyp #tiktok #fypシ゚viral #pov #foryoupage #fypツ"
"<a href=""https://www.tiktok.com/@gugghccjnv/video/7462369494372076831"" target=""_blank"" class=""btn btn-sm"" style=""background-color: #00926c; color: white; text-decoration: none; padding: 2px 8px; border-radius: 4px; font-size: 0.8em;"">View Post</a>",2,"gugghccjnv",2025-01-21 14:05:52,2,3076,84,1,0,"#podcast #camilla #viral #IG #realcamillaara #CamillaAraujo #itscamillaara #money #tiktokuni #foryou #fyp #tiktok #fypシ゚viral #pov #foryoupage #fypツ"
"<a href=""https://www.tiktok.com/@gugghccjnv/video/7463862245768858910"" target=""_blank"" class=""btn btn-sm"" style=""background-color: #00926c; color: white; text-decoration: none; padding: 2px 8px; border-radius: 4px; font-size: 0.8em;"">View Post</a>",2,"gugghccjnv",2025-01-25 14:38:26,2,0,0,0,0,"#podcast #camilla #viral #IG #realcamillaara #CamillaAraujo #itscamillaara #money #tiktokuni #foryou #fyp #tiktok #fypシ゚viral #pov #foryoupage #fypツ"
"<a href=""https://www.tiktok.com/@pofm.ldnx/video/7463862107600194846"" target=""_blank"" class=""btn btn-sm"" style=""background-color: #00926c; color: white; text-decoration: none; padding: 2px 8px; border-radius: 4px; font-size: 0.8em;"">View Post</a>",2,"pofm.ldnx",2025-01-25 14:38:00,2,0,0,1,0,"#podcast #camilla #viral #IG #realcamillaara #CamillaAraujo #itscamillaara #money #tiktokuni #foryou #fyp #tiktok #fypシ゚viral #pov #foryoupage #fypツ"
"<a href=""https://www.tiktok.com/@ghshfg/video/7463861445734698270"" target=""_blank"" class=""btn btn-sm"" style=""background-color: #00926c; color: white; text-decoration: none; padding: 2px 8px; border-radius: 4px; font-size: 0.8em;"">View Post</a>",2,"ghshfg",2025-01-25 14:35:20,2,0,0,1,0,"#podcast #camilla #viral #IG #realcamillaara #CamillaAraujo #itscamillaara #money #tiktokuni #foryou #fyp #tiktok #fypシ゚viral #pov #foryoupage #fypツ"
"<a href=""https://www.tiktok.com/@pofm.ldnx/video/7463860148579159327"" target=""_blank"" class=""btn btn-sm"" style=""background-color: #00926c; color: white; text-decoration: none; padding: 2px 8px; border-radius: 4px; font-size: 0.8em;"">View Post</a>",2,"pofm.ldnx",2025-01-25 14:30:31,2,0,0,0,0,"#podcast #camilla #viral #IG #realcamillaara #CamillaAraujo #itscamillaara #money #tiktokuni #foryou #fyp #tiktok #fypシ゚viral #pov #foryoupage #fypツ"
"<a href=""https://www.tiktok.com/@gugghccjnv/video/7463859758949322014"" target=""_blank"" class=""btn btn-sm"" style=""background-color: #00926c; color: white; text-decoration: none; padding: 2px 8px; border-radius: 4px; font-size: 0.8em;"">View Post</a>",2,"gugghccjnv",2025-01-25 14:29:16,2,0,0,2,0,"#podcast #camilla #viral #IG #realcamillaara #CamillaAraujo #itscamillaara #money #tiktokuni #foryou #fyp #tiktok #fypシ゚viral #pov #foryoupage #fypツ"
"<a href=""https://www.tiktok.com/@ghshfg/video/7463859370988719391"" target=""_blank"" class=""btn btn-sm"" style=""background-color: #00926c; color: white; text-decoration: none; padding: 2px 8px; border-radius: 4px; font-size: 0.8em;"">View Post</a>",2,"ghshfg",2025-01-25 14:27:40,2,0,0,0,0,"#podcast #camilla #viral #IG #realcamillaara #CamillaAraujo #itscamillaara #money #tiktokuni #foryou #fyp #tiktok #fypシ゚viral #pov #foryoupage #fypツ"
"<a href=""https://www.tiktok.com/@ghshfg/video/7463505600744312095"" target=""_blank"" class=""btn btn-sm"" style=""background-color: #00926c; color: white; text-decoration: none; padding: 2px 8px; border-radius: 4px; font-size: 0.8em;"">View Post</a>",2,"ghshfg",2025-01-24 15:34:31,2,0,0,0,0,"#podcast #camilla #viral #IG #realcamillaara #CamillaAraujo #itscamillaara #money #tiktokuni #foryou #fyp #tiktok #fypシ゚viral #pov #foryoupage #fypツ"
"<a href=""https://www.tiktok.com/@pofm.ldnx/video/7463505234703240479"" target=""_blank"" class=""btn btn-sm"" style=""background-color: #00926c; color: white; text-decoration: none; padding: 2px 8px; border-radius: 4px; font-size: 0.8em;"">View Post</a>",2,"pofm.ldnx",2025-01-24 15:33:14,2,0,0,0,0,"#podcast #camilla #viral #IG #realcamillaara #CamillaAraujo #itscamillaara #money #tiktokuni #foryou #fyp #tiktok #fypシ゚viral #pov #foryoupage #fypツ"
"<a href=""https://www.tiktok.com/@gugghccjnv/video/7463504993052609823"" target=""_blank"" class=""btn btn-sm"" style=""background-color: #00926c; color: white; text-decoration: none; padding: 2px 8px; border-radius: 4px; font-size: 0.8em;"">View Post</a>",2,"gugghccjnv",2025-01-24 15:32:15,2,0,0,3,0,"#podcast #camilla #viral #IG #realcamillaara #CamillaAraujo #itscamillaara #money #tiktokuni #foryou #fyp #tiktok #fypシ゚viral #pov #foryoupage #fypツ"
"<a href=""https://www.tiktok.com/@gugghccjnv/video/7463504419372469534"" target=""_blank"" class=""btn btn-sm"" style=""background-color: #00926c; color: white; text-decoration: none; padding: 2px 8px; border-radius: 4px; font-size: 0.8em;"">View Post</a>",2,"gugghccjnv",2025-01-24 15:29:38,2,0,0,0,0,"#podcast #camilla #viral #IG #realcamillaara #CamillaAraujo #itscamillaara #money #tiktokuni #foryou #fyp #tiktok #fypシ゚viral #pov #foryoupage #fypツ"
"<a href=""https://www.tiktok.com/@pofm.ldnx/video/7463504139625024799"" target=""_blank"" class=""btn btn-sm"" style=""background-color: #00926c; color: white; text-decoration: none; padding: 2px 8px; border-radius: 4px; font-size: 0.8em;"">View Post</a>",2,"pofm.ldnx",2025-01-24 15:29:07,2,0,0,0,0,"#podcast #camilla #viral #IG #realcamillaara #CamillaAraujo #itscamillaara #money #tiktokuni #foryou #fyp #tiktok #fypシ゚viral #pov #foryoupage #fypツ"
"<a href=""https://www.tiktok.com/@ghshfg/video/7463503727194950943"" target=""_blank"" class=""btn btn-sm"" style=""background-color: #00926c; color: white; text-decoration: none; padding: 2px 8px; border-radius: 4px; font-size: 0.8em;"">View Post</a>",2,"ghshfg",2025-01-24 15:27:13,2,0,0,0,0,"#podcast #camilla #viral #IG #realcamillaara #CamillaAraujo #itscamillaara #money #tiktokuni #foryou #fyp #tiktok #fypシ゚viral #pov #foryoupage #fypツ"
"<a href=""https://www.tiktok.com/@ghshfg/video/7463124538176425247"" target=""_blank"" class=""btn btn-sm"" style=""background-color: #00926c; color: white; text-decoration: none; padding: 2px 8px; border-radius: 4px; font-size: 0.8em;"">View Post</a>",2,"ghshfg",2025-01-23 14:55:06,2,0,0,0,0,"#podcast #camilla #viral #IG #realcamillaara #CamillaAraujo #itscamillaara #money #tiktokuni #foryou #fyp #tiktok #fypシ゚viral #pov #foryoupage #fypツ"
"<a href=""https://www.tiktok.com/@pofm.ldnx/video/7463124351764794655"" target=""_blank"" class=""btn btn-sm"" style=""background-color: #00926c; color: white; text-decoration: none; padding: 2px 8px; border-radius: 4px; font-size: 0.8em;"">View Post</a>",2,"pofm.ldnx",2025-01-23 14:54:22,2,0,0,0,0,"#podcast #camilla #viral #IG #realcamillaara #CamillaAraujo #itscamillaara #money #tiktokuni #foryou #fyp #tiktok #fypシ゚viral #pov #foryoupage #fypツ"
"<a href=""https://www.tiktok.com/@gugghccjnv/video/7463123580876868894"" target=""_blank"" class=""btn btn-sm"" style=""background-color: #00926c; color: white; text-decoration: none; padding: 2px 8px; border-radius: 4px; font-size: 0.8em;"">View Post</a>",2,"gugghccjnv",2025-01-23 14:51:24,2,0,0,0,0,"#podcast #camilla #viral #IG #realcamillaara #CamillaAraujo #itscamillaara #money #tiktokuni #foryou #fyp #tiktok #fypシ゚viral #pov #foryoupage #fypツ"
"<a href=""https://www.tiktok.com/@ghshfg/video/7463120314461850911"" target=""_blank"" class=""btn btn-sm"" style=""background-color: #00926c; color: white; text-decoration: none; padding: 2px 8px; border-radius: 4px; font-size: 0.8em;"">View Post</a>",2,"ghshfg",2025-01-23 14:38:39,2,0,0,0,0,"#podcast #camilla #viral #IG #realcamillaara #CamillaAraujo #itscamillaara #money #tiktokuni #foryou #fyp #tiktok #fypシ゚viral #pov #foryoupage #fypツ"
"<a href=""https://www.tiktok.com/@gugghccjnv/video/7463119498980117790"" target=""_blank"" class=""btn btn-sm"" style=""background-color: #00926c; color: white; text-decoration: none; padding: 2px 8px; border-radius: 4px; font-size: 0.8em;"">View Post</a>",2,"gugghccjnv",2025-01-23 14:35:34,2,0,0,0,0,"#podcast #camilla #viral #IG #realcamillaara #CamillaAraujo #itscamillaara #money #tiktokuni #foryou #fyp #tiktok #fypシ゚viral #pov #foryoupage #fypツ"
"<a href=""https://www.tiktok.com/@pofm.ldnx/video/7463118907679788319"" target=""_blank"" class=""btn btn-sm"" style=""background-color: #00926c; color: white; text-decoration: none; padding: 2px 8px; border-radius: 4px; font-size: 0.8em;"">View Post</a>",2,"pofm.ldnx",2025-01-23 14:33:14,2,0,0,0,0,"#podcast #camilla #viral #IG #realcamillaara #CamillaAraujo #itscamillaara #money #tiktokuni #foryou #fyp #tiktok #fypシ゚viral #pov #foryoupage #fypツ"
"<a href=""https://www.tiktok.com/@yue3312e/video/7463469589536623918"" target=""_blank"" class=""btn btn-sm"" style=""background-color: #00926c; color: white; text-decoration: none; padding: 2px 8px; border-radius: 4px; font-size: 0.8em;"">View Post</a>",1,"yue3312e",2025-01-24 13:15:13,1,1582,5,1,0,"The E word is… part2 #teachersoftiktok #teachertok #students #funny #laugh #classroom #student #teacher #teach #teaching"
"<a href=""https://www.tiktok.com/@yue3312e/video/7463084080071134510"" target=""_blank"" class=""btn btn-sm"" style=""background-color: #00926c; color: white; text-decoration: none; padding: 2px 8px; border-radius: 4px; font-size: 0.8em;"">View Post</a>",1,"yue3312e",2025-01-23 12:18:09,1,2754,34,0,0,"The E word is… part2 #teachersoftiktok #teachertok #students #funny #laugh #classroom #student #teacher #teach #teaching"
"<a href=""https://www.tiktok.com/@yftzzmmezm/video/7462689993195031851"" target=""_blank"" class=""btn btn-sm"" style=""background-color: #00926c; color: white; text-decoration: none; padding: 2px 8px; border-radius: 4px; font-size: 0.8em;"">View Post</a>",1,"yftzzmmezm",2025-01-22 10:50:58,1,1418,13,2,0,"The E word is… part2 #teachersoftiktok #teachertok #students #funny #laugh #classroom #student #teacher #teach #teaching"
"<a href=""https://www.tiktok.com/@yftzzmmezm/video/7462689993195015467"" target=""_blank"" class=""btn btn-sm"" style=""background-color: #00926c; color: white; text-decoration: none; padding: 2px 8px; border-radius: 4px; font-size: 0.8em;"">View Post</a>",1,"yftzzmmezm",2025-01-22 10:50:56,1,1682,21,2,0,"The E word is… part2 #teachersoftiktok #teachertok #students #funny #laugh #classroom #student #teacher #teach #teaching"
"<a href=""https://www.tiktok.com/@yue3312e/video/7462689570530970926"" target=""_blank"" class=""btn btn-sm"" style=""background-color: #00926c; color: white; text-decoration: none; padding: 2px 8px; border-radius: 4px; font-size: 0.8em;"">View Post</a>",1,"yue3312e",2025-01-22 10:49:15,1,2802,14,1,0,"The E word is… part2 #teachersoftiktok #teachertok #students #funny #laugh #classroom #student #teacher #teach #teaching"
"<a href=""https://www.tiktok.com/@yue3312e/video/7462689439706303786"" target=""_blank"" class=""btn btn-sm"" style=""background-color: #00926c; color: white; text-decoration: none; padding: 2px 8px; border-radius: 4px; font-size: 0.8em;"">View Post</a>",1,"yue3312e",2025-01-22 10:49:20,1,2281,20,2,1,"The E word is… part2 #teachersoftiktok #teachertok #students #funny #laugh #classroom #student #teacher #teach #teaching"
"<a href=""https://www.tiktok.com/@yue3312e/video/7462689358097943854"" target=""_blank"" class=""btn btn-sm"" style=""background-color: #00926c; color: white; text-decoration: none; padding: 2px 8px; border-radius: 4px; font-size: 0.8em;"">View Post</a>",1,"yue3312e",2025-01-22 10:49:26,1,2037,6,2,2,"The E word is… part2 #teachersoftiktok #teachertok #students #funny #laugh #classroom #student #teacher #teach #teaching"
"<a href=""https://www.tiktok.com/@yue3312e/video/7462689309569682734"" target=""_blank"" class=""btn btn-sm"" style=""background-color: #00926c; color: white; text-decoration: none; padding: 2px 8px; border-radius: 4px; font-size: 0.8em;"">View Post</a>",1,"yue3312e",2025-01-22 10:49:17,1,8834,91,1,1,"The E word is… part2 #teachersoftiktok #teachertok #students #funny #laugh #classroom #student #teacher #teach #teaching"
"<a href=""https://www.tiktok.com/@yue3312e/video/7462688766306635054"" target=""_blank"" class=""btn btn-sm"" style=""background-color: #00926c; color: white; text-decoration: none; padding: 2px 8px; border-radius: 4px; font-size: 0.8em;"">View Post</a>",1,"yue3312e",2025-01-22 10:46:12,1,2798,17,0,2,"The E word is… part2 #teachersoftiktok #teachertok #students #funny #laugh #classroom #student #teacher #teach #teaching"
"<a href=""https://www.tiktok.com/@yue3312e/video/7462277543287115054"" target=""_blank"" class=""btn btn-sm"" style=""background-color: #00926c; color: white; text-decoration: none; padding: 2px 8px; border-radius: 4px; font-size: 0.8em;"">View Post</a>",1,"yue3312e",2025-01-21 08:08:57,1,5064,34,0,1,"The E word is… part2 #teachersoftiktok #teachertok #students #funny #laugh #classroom #student #teacher #teach #teaching"
"<a href=""https://www.tiktok.com/@yue3312e/video/7462277428073827630"" target=""_blank"" class=""btn btn-sm"" style=""background-color: #00926c; color: white; text-decoration: none; padding: 2px 8px; border-radius: 4px; font-size: 0.8em;"">View Post</a>",1,"yue3312e",2025-01-21 08:08:59,1,6286,32,2,1,"The E word is… part2 #teachersoftiktok #teachertok #students #funny #laugh #classroom #student #teacher #teach #teaching"
"<a href=""https://www.tiktok.com/@yue3312e/video/7462277415734185258"" target=""_blank"" class=""btn btn-sm"" style=""background-color: #00926c; color: white; text-decoration: none; padding: 2px 8px; border-radius: 4px; font-size: 0.8em;"">View Post</a>",1,"yue3312e",2025-01-21 08:08:56,1,9530,29,3,1,"The E word is… part2 #teachersoftiktok #teachertok #students #funny #laugh #classroom #student #teacher #teach #teaching"
"<a href=""https://www.tiktok.com/@yue3312e/video/7462277385975680302"" target=""_blank"" class=""btn btn-sm"" style=""background-color: #00926c; color: white; text-decoration: none; padding: 2px 8px; border-radius: 4px; font-size: 0.8em;"">View Post</a>",1,"yue3312e",2025-01-21 08:09:00,1,5331,42,0,0,"The E word is… part2 #teachersoftiktok #teachertok #students #funny #laugh #classroom #student #teacher #teach #teaching"
"<a href=""https://www.tiktok.com/@yue3312e/video/7462277370939018538"" target=""_blank"" class=""btn btn-sm"" style=""background-color: #00926c; color: white; text-decoration: none; padding: 2px 8px; border-radius: 4px; font-size: 0.8em;"">View Post</a>",1,"yue3312e",2025-01-21 08:09:02,1,2512,24,0,0,"The E word is… part2 #teachersoftiktok #teachertok #students #funny #laugh #classroom #student #teacher #teach #teaching"
"<a href=""https://www.tiktok.com/@yftzzmmezm/video/7462277369080859946"" target=""_blank"" class=""btn btn-sm"" style=""background-color: #00926c; color: white; text-decoration: none; padding: 2px 8px; border-radius: 4px; font-size: 0.8em;"">View Post</a>",1,"yftzzmmezm",2025-01-21 08:08:20,1,11346,20,14,0,"The E word is… part2 #teachersoftiktok #teachertok #students #funny #laugh #classroom #student #teacher #teach #teaching"
"<a href=""https://www.tiktok.com/@yftzzmmezm/video/7462277357261294890"" target=""_blank"" class=""btn btn-sm"" style=""background-color: #00926c; color: white; text-decoration: none; padding: 2px 8px; border-radius: 4px; font-size: 0.8em;"">View Post</a>",1,"yftzzmmezm",2025-01-21 08:08:17,1,15223,41,6,2,"The E word is… part2 #teachersoftiktok #teachertok #students #funny #laugh #classroom #student #teacher #teach #teaching"
"<a href=""https://www.tiktok.com/@llhh5789/video/7463698500719627562"" target=""_blank"" class=""btn btn-sm"" style=""background-color: #00926c; color: white; text-decoration: none; padding: 2px 8px; border-radius: 4px; font-size: 0.8em;"">View Post</a>",3,"llhh5789",2025-01-25 04:02:44,1,1304,27,0,0,"#pimplepopperaddict #pimple#textractions#ingrownhairremoval#ingrown #ingrownhair#picking#tweezers #skinpicking #satisfying#blemishes#blemishbandits#cloggedpores #pores #acne#hair#cleanskincare #skincareroutine#fyp #relaxingvideos #viral#trending#viraltiktok#creatorsearchinsights #foryoU#tiktok #pvo#skit"
"<a href=""https://www.tiktok.com/@llhh5789/video/7463698484064193838"" target=""_blank"" class=""btn btn-sm"" style=""background-color: #00926c; color: white; text-decoration: none; padding: 2px 8px; border-radius: 4px; font-size: 0.8em;"">View Post</a>",3,"llhh5789",2025-01-25 04:02:40,1,1043,21,0,0,"#pimplepopperaddict #pimple#textractions#ingrownhairremoval#ingrown #ingrownhair#picking#tweezers #skinpicking #satisfying#blemishes#blemishbandits#cloggedpores #pores #acne#hair#cleanskincare #skincareroutine#fyp #relaxingvideos #viral#trending#viraltiktok#creatorsearchinsights #foryoU#tiktok #pvo#skit"
"<a href=""https://www.tiktok.com/@llhh5789/video/7463698459636354350"" target=""_blank"" class=""btn btn-sm"" style=""background-color: #00926c; color: white; text-decoration: none; padding: 2px 8px; border-radius: 4px; font-size: 0.8em;"">View Post</a>",3,"llhh5789",2025-01-25 04:02:33,1,1027,16,0,1,"#pimplepopperaddict #pimple#textractions#ingrownhairremoval#ingrown #ingrownhair#picking#tweezers #skinpicking #satisfying#blemishes#blemishbandits#cloggedpores #pores #acne#hair#cleanskincare #skincareroutine#fyp #relaxingvideos #viral#trending#viraltiktok#creatorsearchinsights #foryoU#tiktok #pvo#skit"
"<a href=""https://www.tiktok.com/@llhh6654/video/7463698293000834334"" target=""_blank"" class=""btn btn-sm"" style=""background-color: #00926c; color: white; text-decoration: none; padding: 2px 8px; border-radius: 4px; font-size: 0.8em;"">View Post</a>",3,"llhh6654",2025-01-25 04:01:47,1,1596,5,0,0,"#pimplepopperaddict #pimple#textractions#ingrownhairremoval#ingrown #ingrownhair#picking#tweezers #skinpicking #satisfying#blemishes#blemishbandits#cloggedpores #pores #acne#hair#cleanskincare #skincareroutine#fyp #relaxingvideos #viral#trending#viraltiktok#creatorsearchinsights #foryoU#tiktok #pvo#skit"
"<a href=""https://www.tiktok.com/@llhh6654/video/7463698263909141790"" target=""_blank"" class=""btn btn-sm"" style=""background-color: #00926c; color: white; text-decoration: none; padding: 2px 8px; border-radius: 4px; font-size: 0.8em;"">View Post</a>",3,"llhh6654",2025-01-25 04:01:49,1,5731,16,0,0,"#pimplepopperaddict #pimple#textractions#ingrownhairremoval#ingrown #ingrownhair#picking#tweezers #skinpicking #satisfying#blemishes#blemishbandits#cloggedpores #pores #acne#hair#cleanskincare #skincareroutine#fyp #relaxingvideos #viral#trending#viraltiktok#creatorsearchinsights #foryoU#tiktok #pvo#skit"
"<a href=""https://www.tiktok.com/@llhh6654/video/7463697918780837150"" target=""_blank"" class=""btn btn-sm"" style=""background-color: #00926c; color: white; text-decoration: none; padding: 2px 8px; border-radius: 4px; font-size: 0.8em;"">View Post</a>",3,"llhh6654",2025-01-25 04:00:26,1,1791,15,0,0,"#pimplepopperaddict #pimple#textractions#ingrownhairremoval#ingrown #ingrownhair#picking#tweezers #skinpicking #satisfying#blemishes#blemishbandits#cloggedpores #pores #acne#hair#cleanskincare #skincareroutine#fyp #relaxingvideos #viral#trending#viraltiktok#creatorsearchinsights #foryoU#tiktok #pvo#skit"
"<a href=""https://www.tiktok.com/@llhh5789/video/7463325547264003374"" target=""_blank"" class=""btn btn-sm"" style=""background-color: #00926c; color: white; text-decoration: none; padding: 2px 8px; border-radius: 4px; font-size: 0.8em;"">View Post</a>",3,"llhh5789",2025-01-24 03:55:01,1,1066,8,0,0,"#pimplepopperaddict #pimple#textractions#ingrownhairremoval#ingrown #ingrownhair#picking#tweezers #skinpicking #satisfying#blemishes#blemishbandits#cloggedpores #pores #acne#hair#cleanskincare #skincareroutine#fyp #relaxingvideos #viral#trending#viraltiktok#creatorsearchinsights #foryoU#tiktok #pvo#skit"
"<a href=""https://www.tiktok.com/@llhh5789/video/7463325344049712430"" target=""_blank"" class=""btn btn-sm"" style=""background-color: #00926c; color: white; text-decoration: none; padding: 2px 8px; border-radius: 4px; font-size: 0.8em;"">View Post</a>",3,"llhh5789",2025-01-24 03:54:42,1,36016,210,0,2,"#pimplepopperaddict #pimple#textractions#ingrownhairremoval#ingrown #ingrownhair#picking#tweezers #skinpicking #satisfying#blemishes#blemishbandits#cloggedpores #pores #acne#hair#cleanskincare #skincareroutine#fyp #relaxingvideos #viral#trending#viraltiktok#creatorsearchinsights #foryoU#tiktok #pvo#skit"
"<a href=""https://www.tiktok.com/@llhh5789/video/7463325332700155182"" target=""_blank"" class=""btn btn-sm"" style=""background-color: #00926c; color: white; text-decoration: none; padding: 2px 8px; border-radius: 4px; font-size: 0.8em;"">View Post</a>",3,"llhh5789",2025-01-24 03:54:50,1,2115,17,0,0,"#pimplepopperaddict #pimple#textractions#ingrownhairremoval#ingrown #ingrownhair#picking#tweezers #skinpicking #satisfying#blemishes#blemishbandits#cloggedpores #pores #acne#hair#cleanskincare #skincareroutine#fyp #relaxingvideos #viral#trending#viraltiktok#creatorsearchinsights #foryoU#tiktok #pvo#skit"
"<a href=""https://www.tiktok.com/@llhh6654/video/7463325301444054302"" target=""_blank"" class=""btn btn-sm"" style=""background-color: #00926c; color: white; text-decoration: none; padding: 2px 8px; border-radius: 4px; font-size: 0.8em;"">View Post</a>",3,"llhh6654",2025-01-24 03:54:39,1,4938,29,0,0,"#pimplepopperaddict #pimple#textractions#ingrownhairremoval#ingrown #ingrownhair#picking#tweezers #skinpicking #satisfying#blemishes#blemishbandits#cloggedpores #pores #acne#hair#cleanskincare #skincareroutine#fyp #relaxingvideos #viral#trending#viraltiktok#creatorsearchinsights #foryoU#tiktok #pvo#skit"
"<a href=""https://www.tiktok.com/@llhh6654/video/7463325207239937310"" target=""_blank"" class=""btn btn-sm"" style=""background-color: #00926c; color: white; text-decoration: none; padding: 2px 8px; border-radius: 4px; font-size: 0.8em;"">View Post</a>",3,"llhh6654",2025-01-24 03:54:10,1,1689,10,0,1,"#pimplepopperaddict #pimple#textractions#ingrownhairremoval#ingrown #ingrownhair#picking#tweezers #skinpicking #satisfying#blemishes#blemishbandits#cloggedpores #pores #acne#hair#cleanskincare #skincareroutine#fyp #relaxingvideos #viral#trending#viraltiktok#creatorsearchinsights #foryoU#tiktok #pvo#skit"
"<a href=""https://www.tiktok.com/@llhh6654/video/7463324759061761311"" target=""_blank"" class=""btn btn-sm"" style=""background-color: #00926c; color: white; text-decoration: none; padding: 2px 8px; border-radius: 4px; font-size: 0.8em;"">View Post</a>",3,"llhh6654",2025-01-24 03:52:28,1,3471,11,0,0,"#pimplepopperaddict #pimple#textractions#ingrownhairremoval#ingrown #ingrownhair#picking#tweezers #skinpicking #satisfying#blemishes#blemishbandits#cloggedpores #pores #acne#hair#cleanskincare #skincareroutine#fyp #relaxingvideos #viral#trending#viraltiktok#creatorsearchinsights #foryoU#tiktok #pvo#skit"
"<a href=""https://www.tiktok.com/@llhh5789/video/7462952030613638446"" target=""_blank"" class=""btn btn-sm"" style=""background-color: #00926c; color: white; text-decoration: none; padding: 2px 8px; border-radius: 4px; font-size: 0.8em;"">View Post</a>",3,"llhh5789",2025-01-23 03:45:57,1,1768,11,0,0,"#pimplepopperaddict #pimple#textractions#ingrownhairremoval#ingrown #ingrownhair#picking#tweezers #skinpicking #satisfying#blemishes#blemishbandits#cloggedpores #pores #acne#hair#cleanskincare #skincareroutine#fyp #relaxingvideos #viral#trending#viraltiktok#creatorsearchinsights #foryoU#tiktok #pvo#skit"
"<a href=""https://www.tiktok.com/@llhh5789/video/7462952010665463083"" target=""_blank"" class=""btn btn-sm"" style=""background-color: #00926c; color: white; text-decoration: none; padding: 2px 8px; border-radius: 4px; font-size: 0.8em;"">View Post</a>",3,"llhh5789",2025-01-23 03:45:55,1,1071,18,0,0,"#pimplepopperaddict #pimple#textractions#ingrownhairremoval#ingrown #ingrownhair#picking#tweezers #skinpicking #satisfying#blemishes#blemishbandits#cloggedpores #pores #acne#hair#cleanskincare #skincareroutine#fyp #relaxingvideos #viral#trending#viraltiktok#creatorsearchinsights #foryoU#tiktok #pvo#skit"
"<a href=""https://www.tiktok.com/@llhh5789/video/7462951991900245291"" target=""_blank"" class=""btn btn-sm"" style=""background-color: #00926c; color: white; text-decoration: none; padding: 2px 8px; border-radius: 4px; font-size: 0.8em;"">View Post</a>",3,"llhh5789",2025-01-23 03:45:53,1,1147,11,0,0,"#pimplepopperaddict #pimple#textractions#ingrownhairremoval#ingrown #ingrownhair#picking#tweezers #skinpicking #satisfying#blemishes#blemishbandits#cloggedpores #pores #acne#hair#cleanskincare #skincareroutine#fyp #relaxingvideos #viral#trending#viraltiktok#creatorsearchinsights #foryoU#tiktok #pvo#skit"
"<a href=""https://www.tiktok.com/@llhh6654/video/7462951270463081759"" target=""_blank"" class=""btn btn-sm"" style=""background-color: #00926c; color: white; text-decoration: none; padding: 2px 8px; border-radius: 4px; font-size: 0.8em;"">View Post</a>",3,"llhh6654",2025-01-23 03:42:53,1,4824,10,0,0,"#pimplepopperaddict #pimple#textractions#ingrownhairremoval#ingrown #ingrownhair#picking#tweezers #skinpicking #satisfying#blemishes#blemishbandits#cloggedpores #pores #acne#hair#cleanskincare #skincareroutine#fyp #relaxingvideos #viral#trending#viraltiktok#creatorsearchinsights #foryoU#tiktok #pvo#skit"
"<a href=""https://www.tiktok.com/@llhh6654/video/7462950959677705503"" target=""_blank"" class=""btn btn-sm"" style=""background-color: #00926c; color: white; text-decoration: none; padding: 2px 8px; border-radius: 4px; font-size: 0.8em;"">View Post</a>",3,"llhh6654",2025-01-23 03:41:39,1,2022,2,0,0,"#pimplepopperaddict #pimple#textractions#ingrownhairremoval#ingrown #ingrownhair#picking#tweezers #skinpicking #satisfying#blemishes#blemishbandits#cloggedpores #pores #acne#hair#cleanskincare #skincareroutine#fyp #relaxingvideos #viral#trending#viraltiktok#creatorsearchinsights #foryoU#tiktok #pvo#skit"
"<a href=""https://www.tiktok.com/@llhh6654/video/7462950890060762399"" target=""_blank"" class=""btn btn-sm"" style=""background-color: #00926c; color: white; text-decoration: none; padding: 2px 8px; border-radius: 4px; font-size: 0.8em;"">View Post</a>",3,"llhh6654",2025-01-23 03:41:37,1,2992,10,0,0,"#pimplepopperaddict #pimple#textractions#ingrownhairremoval#ingrown #ingrownhair#picking#tweezers #skinpicking #satisfying#blemishes#blemishbandits#cloggedpores #pores #acne#hair#cleanskincare #skincareroutine#fyp #relaxingvideos #viral#trending#viraltiktok#creatorsearchinsights #foryoU#tiktok #pvo#skit"
"<a href=""https://www.tiktok.com/@lxboos34/video/7463647261268921630"" target=""_blank"" class=""btn btn-sm"" style=""background-color: #00926c; color: white; text-decoration: none; padding: 2px 8px; border-radius: 4px; font-size: 0.8em;"">View Post</a>",5,"lxboos34",2025-01-25 00:43:44,1,1012,20,0,0,"#bridetobe #boundaries #wedding #weddingguest #weddingplanning #weddingplanner #bride #engsged #groom #fiance #fiancee #weddingreception #weddingtok"
"<a href=""https://www.tiktok.com/@ggbo601/video/7463647200040488222"" target=""_blank"" class=""btn btn-sm"" style=""background-color: #00926c; color: white; text-decoration: none; padding: 2px 8px; border-radius: 4px; font-size: 0.8em;"">View Post</a>",5,"ggbo601",2025-01-25 00:43:34,1,1282,24,1,0,"#bridetobe #boundaries #wedding #weddingguest #weddingplanning #weddingplanner #bride #engsged #groom #fiance #fiancee #weddingreception #weddingtok"
"<a href=""https://www.tiktok.com/@lxboos34/video/7463647008243420446"" target=""_blank"" class=""btn btn-sm"" style=""background-color: #00926c; color: white; text-decoration: none; padding: 2px 8px; border-radius: 4px; font-size: 0.8em;"">View Post</a>",5,"lxboos34",2025-01-25 00:42:52,1,3763,55,0,0,"#bridetobe #boundaries #wedding #weddingguest #weddingplanning #weddingplanner #bride #engsged #groom #fiance #fiancee #weddingreception #weddingtok"
"<a href=""https://www.tiktok.com/@ggbo601/video/7463646408399211819"" target=""_blank"" class=""btn btn-sm"" style=""background-color: #00926c; color: white; text-decoration: none; padding: 2px 8px; border-radius: 4px; font-size: 0.8em;"">View Post</a>",5,"ggbo601",2025-01-25 00:40:42,1,2717,26,0,0,"#bridetobe #boundaries #wedding #weddingguest #weddingplanning #weddingplanner #bride #engsged #groom #fiance #fiancee #weddingreception #weddingtok"
"<a href=""https://www.tiktok.com/@lxboos34/video/7463216353105792287"" target=""_blank"" class=""btn btn-sm"" style=""background-color: #00926c; color: white; text-decoration: none; padding: 2px 8px; border-radius: 4px; font-size: 0.8em;"">View Post</a>",5,"lxboos34",2025-01-23 20:51:23,1,1350,26,0,0,"#bridetobe #boundaries #wedding #weddingguest #weddingplanning #weddingplanner #bride #engsged #groom #fiance #fiancee #weddingreception #weddingtok"
"<a href=""https://www.tiktok.com/@ggbo601/video/7463216215641623839"" target=""_blank"" class=""btn btn-sm"" style=""background-color: #00926c; color: white; text-decoration: none; padding: 2px 8px; border-radius: 4px; font-size: 0.8em;"">View Post</a>",5,"ggbo601",2025-01-23 20:50:52,1,3614,40,0,2,"#bridetobe #boundaries #wedding #weddingguest #weddingplanning #weddingplanner #bride #engsged #groom #fiance #fiancee #weddingreception #weddingtok"
"<a href=""https://www.tiktok.com/@lxboos34/video/7463215800313220382"" target=""_blank"" class=""btn btn-sm"" style=""background-color: #00926c; color: white; text-decoration: none; padding: 2px 8px; border-radius: 4px; font-size: 0.8em;"">View Post</a>",5,"lxboos34",2025-01-23 20:49:12,1,1113,34,1,0,"#bridetobe #boundaries #wedding #weddingguest #weddingplanning #weddingplanner #bride #engsged #groom #fiance #fiancee #weddingreception #weddingtok"
"<a href=""https://www.tiktok.com/@ggbo601/video/7463215777492110623"" target=""_blank"" class=""btn btn-sm"" style=""background-color: #00926c; color: white; text-decoration: none; padding: 2px 8px; border-radius: 4px; font-size: 0.8em;"">View Post</a>",5,"ggbo601",2025-01-23 20:49:11,1,2006,16,0,0,"#bridetobe #boundaries #wedding #weddingguest #weddingplanning #weddingplanner #bride #engsged #groom #fiance #fiancee #weddingreception #weddingtok"
"<a href=""https://www.tiktok.com/@lxboos34/video/7463215719405178142"" target=""_blank"" class=""btn btn-sm"" style=""background-color: #00926c; color: white; text-decoration: none; padding: 2px 8px; border-radius: 4px; font-size: 0.8em;"">View Post</a>",5,"lxboos34",2025-01-23 20:48:52,1,1089,45,0,0,"#bridetobe #boundaries #wedding #weddingguest #weddingplanning #weddingplanner #bride #engsged #groom #fiance #fiancee #weddingreception #weddingtok"
"<a href=""https://www.tiktok.com/@ggbo601/video/7463214225331342638"" target=""_blank"" class=""btn btn-sm"" style=""background-color: #00926c; color: white; text-decoration: none; padding: 2px 8px; border-radius: 4px; font-size: 0.8em;"">View Post</a>",5,"ggbo601",2025-01-23 20:43:09,1,18685,89,1,1,"#bridetobe #boundaries #wedding #weddingguest #weddingplanning #weddingplanner #bride #engsged #groom #fiance #fiancee #weddingreception #weddingtok"
"<a href=""https://www.tiktok.com/@lxboos34/video/7462821479453855007"" target=""_blank"" class=""btn btn-sm"" style=""background-color: #00926c; color: white; text-decoration: none; padding: 2px 8px; border-radius: 4px; font-size: 0.8em;"">View Post</a>",5,"lxboos34",2025-01-22 19:19:29,1,3219,50,0,1,"#bridetobe #boundaries #wedding #weddingguest #weddingplanning #weddingplanner #bride #engsged #groom #fiance #fiancee #weddingreception #weddingtok"
"<a href=""https://www.tiktok.com/@ggbo601/video/7462821241129372958"" target=""_blank"" class=""btn btn-sm"" style=""background-color: #00926c; color: white; text-decoration: none; padding: 2px 8px; border-radius: 4px; font-size: 0.8em;"">View Post</a>",5,"ggbo601",2025-01-22 19:18:39,1,8432,75,0,0,"#bridetobe #boundaries #wedding #weddingguest #weddingplanning #weddingplanner #bride #engsged #groom #fiance #fiancee #weddingreception #weddingtok"
"<a href=""https://www.tiktok.com/@ggbo601/video/7462821208216685854"" target=""_blank"" class=""btn btn-sm"" style=""background-color: #00926c; color: white; text-decoration: none; padding: 2px 8px; border-radius: 4px; font-size: 0.8em;"">View Post</a>",5,"ggbo601",2025-01-22 19:18:35,1,7633,57,0,0,"#bridetobe #boundaries #wedding #weddingguest #weddingplanning #weddingplanner #bride #engsged #groom #fiance #fiancee #weddingreception #weddingtok"
"<a href=""https://www.tiktok.com/@lxboos34/video/7462820637111880990"" target=""_blank"" class=""btn btn-sm"" style=""background-color: #00926c; color: white; text-decoration: none; padding: 2px 8px; border-radius: 4px; font-size: 0.8em;"">View Post</a>",5,"lxboos34",2025-01-22 19:16:31,1,3549,46,0,0,"#bridetobe #boundaries #wedding #weddingguest #weddingplanning #weddingplanner #bride #engsged #groom #fiance #fiancee #weddingreception #weddingtok"
"<a href=""https://www.tiktok.com/@ggbo601/video/7463647200040488222"" target=""_blank"" class=""btn btn-sm"" style=""background-color: #00926c; color: white; text-decoration: none; padding: 2px 8px; border-radius: 4px; font-size: 0.8em;"">View Post</a>",5,"ggbo601",2025-01-25 00:43:34,1,1286,24,1,0,"#bridetobe #boundaries #wedding #weddingguest #weddingplanning #weddingplanner #bride #engsged #groom #fiance #fiancee #weddingreception #weddingtok"
"<a href=""https://www.tiktok.com/@ggbo601/video/7463646408399211819"" target=""_blank"" class=""btn btn-sm"" style=""background-color: #00926c; color: white; text-decoration: none; padding: 2px 8px; border-radius: 4px; font-size: 0.8em;"">View Post</a>",5,"ggbo601",2025-01-25 00:40:42,1,2720,26,0,0,"#bridetobe #boundaries #wedding #weddingguest #weddingplanning #weddingplanner #bride #engsged #groom #fiance #fiancee #weddingreception #weddingtok"
"<a href=""https://www.tiktok.com/@ggbo601/video/7463216215641623839"" target=""_blank"" class=""btn btn-sm"" style=""background-color: #00926c; color: white; text-decoration: none; padding: 2px 8px; border-radius: 4px; font-size: 0.8em;"">View Post</a>",5,"ggbo601",2025-01-23 20:50:52,1,3615,40,0,2,"#bridetobe #boundaries #wedding #weddingguest #weddingplanning #weddingplanner #bride #engsged #groom #fiance #fiancee #weddingreception #weddingtok"
"<a href=""https://www.tiktok.com/@ggbo601/video/7463215777492110623"" target=""_blank"" class=""btn btn-sm"" style=""background-color: #00926c; color: white; text-decoration: none; padding: 2px 8px; border-radius: 4px; font-size: 0.8em;"">View Post</a>",5,"ggbo601",2025-01-23 20:49:11,1,2007,16,0,0,"#bridetobe #boundaries #wedding #weddingguest #weddingplanning #weddingplanner #bride #engsged #groom #fiance #fiancee #weddingreception #weddingtok"
"<a href=""https://www.tiktok.com/@ggbo601/video/7463214225331342638"" target=""_blank"" class=""btn btn-sm"" style=""background-color: #00926c; color: white; text-decoration: none; padding: 2px 8px; border-radius: 4px; font-size: 0.8em;"">View Post</a>",5,"ggbo601",2025-01-23 20:43:09,1,18688,89,1,1,"#bridetobe #boundaries #wedding #weddingguest #weddingplanning #weddingplanner #bride #engsged #groom #fiance #fiancee #weddingreception #weddingtok"
"<a href=""https://www.tiktok.com/@ggbo601/video/7462821241129372958"" target=""_blank"" class=""btn btn-sm"" style=""background-color: #00926c; color: white; text-decoration: none; padding: 2px 8px; border-radius: 4px; font-size: 0.8em;"">View Post</a>",5,"ggbo601",2025-01-22 19:18:39,1,8435,75,0,0,"#bridetobe #boundaries #wedding #weddingguest #weddingplanning #weddingplanner #bride #engsged #groom #fiance #fiancee #weddingreception #weddingtok"
"<a href=""https://www.tiktok.com/@ggbo601/video/7462821208216685854"" target=""_blank"" class=""btn btn-sm"" style=""background-color: #00926c; color: white; text-decoration: none; padding: 2px 8px; border-radius: 4px; font-size: 0.8em;"">View Post</a>",5,"ggbo601",2025-01-22 19:18:35,1,7635,57,0,0,"#bridetobe #boundaries #wedding #weddingguest #weddingplanning #weddingplanner #bride #engsged #groom #fiance #fiancee #weddingreception #weddingtok"
