"Network","Number of Accounts","Network Density","Network Diameter","Clustering Coefficient","Avg Views","Avg Likes","Avg Comments","Avg Shares","Member Accounts"
1,2,1,18,NA,4641.167,26.278,2.056,0.611,"yftzzmmezm, yue3312e"
2,3,0.667,30,0,1592.979,37.915,0.489,0.255,"gugghccjnv, ghshfg, pofm.ldnx"
3,2,1,12,NA,4200.611,24.833,0,0.222,"llhh5789, llhh6654"
4,5,0.5,65,0.5,17651.727,522.418,2.073,17.509,"ujnikm7, yr0010, jkkj674, plm00716, yy11y7"
5,2,1,18,NA,4945.238,44.286,0.238,0.333,"ggbo601, lxboos34"
6,6,0.933,23,0.923,3020.873,49.556,0.079,0.302,"langhuamediaus.tqh90p, ferdinandbecky1017, lean37279, josephwalker6990, funnys318, vivianbowen0116"
