"Post URL","Network","Author","Timestamp","Number of Accounts","Views","Likes","Comments","Shares","Description"
"<a href=""https://www.tiktok.com/@user29627411365140/video/7468903891808177454"" target=""_blank"" class=""btn btn-sm"" style=""background-color: #00926c; color: white; text-decoration: none; padding: 2px 8px; border-radius: 4px; font-size: 0.8em;"">View Post</a>",3,"user29627411365140",2025-02-08 04:41:53,3,1384,27,0,0,"#ingrowntoenail #ingrowntoenailremoval #podiatrist #toenails #pedicure #manicure #podiatry #feet #tiktok #fyp #foryou #pov #foryourpage #relatable #satisfying #viral #acting #actingvideos #asmrvideo #parents #relatable #family #childhood #parenthood #child #fypシ "
"<a href=""https://www.tiktok.com/@user29627411365140/video/7468903676594343214"" target=""_blank"" class=""btn btn-sm"" style=""background-color: #00926c; color: white; text-decoration: none; padding: 2px 8px; border-radius: 4px; font-size: 0.8em;"">View Post</a>",3,"user29627411365140",2025-02-08 04:41:31,3,1513,32,1,1,"#ingrowntoenail #ingrowntoenailremoval #podiatrist #toenails #pedicure #manicure #podiatry #feet #tiktok #fyp #foryou #pov #foryourpage #relatable #satisfying #viral #acting #actingvideos #asmrvideo #parents #relatable #family #childhood #parenthood #child #fypシ "
"<a href=""https://www.tiktok.com/@user29627411365140/video/7468903551255858475"" target=""_blank"" class=""btn btn-sm"" style=""background-color: #00926c; color: white; text-decoration: none; padding: 2px 8px; border-radius: 4px; font-size: 0.8em;"">View Post</a>",3,"user29627411365140",2025-02-08 04:41:11,3,1691,13,0,0,"#ingrowntoenail #ingrowntoenailremoval #podiatrist #toenails #pedicure #manicure #podiatry #feet #tiktok #fyp #foryou #pov #foryourpage #relatable #satisfying #viral #acting #actingvideos #asmrvideo #parents #relatable #family #childhood #parenthood #child #fypシ "
"<a href=""https://www.tiktok.com/@toot3378/video/7468903420058111278"" target=""_blank"" class=""btn btn-sm"" style=""background-color: #00926c; color: white; text-decoration: none; padding: 2px 8px; border-radius: 4px; font-size: 0.8em;"">View Post</a>",3,"toot3378",2025-02-08 04:40:37,3,12187,180,0,1,"#ingrowntoenail #ingrowntoenailremoval #podiatrist #toenails #pedicure #manicure #podiatry #feet #tiktok #fyp #foryou #pov #foryourpage #relatable #satisfying #viral #acting #actingvideos #asmrvideo #parents #relatable #family #childhood #parenthood #child #fypシ "
"<a href=""https://www.tiktok.com/@toot3378/video/7468903409849175342"" target=""_blank"" class=""btn btn-sm"" style=""background-color: #00926c; color: white; text-decoration: none; padding: 2px 8px; border-radius: 4px; font-size: 0.8em;"">View Post</a>",3,"toot3378",2025-02-08 04:40:33,3,9069,85,1,0,"#ingrowntoenail #ingrowntoenailremoval #podiatrist #toenails #pedicure #manicure #podiatry #feet #tiktok #fyp #foryou #pov #foryourpage #relatable #satisfying #viral #acting #actingvideos #asmrvideo #parents #relatable #family #childhood #parenthood #child #fypシ "
"<a href=""https://www.tiktok.com/@toot3378/video/7468903363938356526"" target=""_blank"" class=""btn btn-sm"" style=""background-color: #00926c; color: white; text-decoration: none; padding: 2px 8px; border-radius: 4px; font-size: 0.8em;"">View Post</a>",3,"toot3378",2025-02-08 04:40:35,3,5061,74,0,0,"#ingrowntoenail #ingrowntoenailremoval #podiatrist #toenails #pedicure #manicure #podiatry #feet #tiktok #fyp #foryou #pov #foryourpage #relatable #satisfying #viral #acting #actingvideos #asmrvideo #parents #relatable #family #childhood #parenthood #child #fypシ "
"<a href=""https://www.tiktok.com/@tao32vv/video/7468902371850980638"" target=""_blank"" class=""btn btn-sm"" style=""background-color: #00926c; color: white; text-decoration: none; padding: 2px 8px; border-radius: 4px; font-size: 0.8em;"">View Post</a>",4,"tao32vv",2025-02-08 04:36:25,3,3471,56,0,3,"#ingrowntoenail #ingrowntoenailremoval #podiatrist #toenails #pedicure #manicure #podiatry #feet #tiktok #fyp #foryou #pov #foryourpage #relatable #satisfying #viral #acting #actingvideos #asmrvideo #parents #relatable #family #childhood #parenthood #child #fypシ "
"<a href=""https://www.tiktok.com/@tao32vv/video/7468902332617575711"" target=""_blank"" class=""btn btn-sm"" style=""background-color: #00926c; color: white; text-decoration: none; padding: 2px 8px; border-radius: 4px; font-size: 0.8em;"">View Post</a>",4,"tao32vv",2025-02-08 04:36:18,3,3467,42,1,0,"#ingrowntoenail #ingrowntoenailremoval #podiatrist #toenails #pedicure #manicure #podiatry #feet #tiktok #fyp #foryou #pov #foryourpage #relatable #satisfying #viral #acting #actingvideos #asmrvideo #parents #relatable #family #childhood #parenthood #child #fypシ "
"<a href=""https://www.tiktok.com/@tao32vv/video/7468902230855322910"" target=""_blank"" class=""btn btn-sm"" style=""background-color: #00926c; color: white; text-decoration: none; padding: 2px 8px; border-radius: 4px; font-size: 0.8em;"">View Post</a>",4,"tao32vv",2025-02-08 04:35:58,3,1254,26,0,1,"#ingrowntoenail #ingrowntoenailremoval #podiatrist #toenails #pedicure #manicure #podiatry #feet #tiktok #fyp #foryou #pov #foryourpage #relatable #satisfying #viral #acting #actingvideos #asmrvideo #parents #relatable #family #childhood #parenthood #child #fypシ "
"<a href=""https://www.tiktok.com/@toot46795/video/7468898072219684138"" target=""_blank"" class=""btn btn-sm"" style=""background-color: #00926c; color: white; text-decoration: none; padding: 2px 8px; border-radius: 4px; font-size: 0.8em;"">View Post</a>",4,"toot46795",2025-02-08 04:19:47,3,60297,282,2,0,"#ingrowntoenail #ingrowntoenailremoval #podiatrist #toenails #pedicure #manicure #podiatry #feet #tiktok #fyp #foryou #pov #foryourpage #relatable #satisfying #viral #acting #actingvideos #asmrvideo #parents #relatable #family #childhood #parenthood #child #fypシ "
"<a href=""https://www.tiktok.com/@toot46795/video/7468898046030433578"" target=""_blank"" class=""btn btn-sm"" style=""background-color: #00926c; color: white; text-decoration: none; padding: 2px 8px; border-radius: 4px; font-size: 0.8em;"">View Post</a>",4,"toot46795",2025-02-08 04:19:28,3,9410,20,0,0,"#ingrowntoenail #ingrowntoenailremoval #podiatrist #toenails #pedicure #manicure #podiatry #feet #tiktok #fyp #foryou #pov #foryourpage #relatable #satisfying #viral #acting #actingvideos #asmrvideo #parents #relatable #family #childhood #parenthood #child #fypシ "
"<a href=""https://www.tiktok.com/@toot46795/video/7468898008093003051"" target=""_blank"" class=""btn btn-sm"" style=""background-color: #00926c; color: white; text-decoration: none; padding: 2px 8px; border-radius: 4px; font-size: 0.8em;"">View Post</a>",4,"toot46795",2025-02-08 04:19:30,3,5351,12,0,0,"#ingrowntoenail #ingrowntoenailremoval #podiatrist #toenails #pedicure #manicure #podiatry #feet #tiktok #fyp #foryou #pov #foryourpage #relatable #satisfying #viral #acting #actingvideos #asmrvideo #parents #relatable #family #childhood #parenthood #child #fypシ "
"<a href=""https://www.tiktok.com/@llhh36784/video/7468895395289091370"" target=""_blank"" class=""btn btn-sm"" style=""background-color: #00926c; color: white; text-decoration: none; padding: 2px 8px; border-radius: 4px; font-size: 0.8em;"">View Post</a>",4,"llhh36784",2025-02-08 04:09:15,3,934,19,0,1,"#ingrowntoenail #ingrowntoenailremoval #podiatrist #toenails #pedicure #manicure #podiatry #feet #tiktok #fyp #foryou #pov #foryourpage #relatable #satisfying #viral #acting #actingvideos #asmrvideo #parents #relatable #family #childhood #parenthood #child #fypシ "
"<a href=""https://www.tiktok.com/@llhh36784/video/7468895340603739434"" target=""_blank"" class=""btn btn-sm"" style=""background-color: #00926c; color: white; text-decoration: none; padding: 2px 8px; border-radius: 4px; font-size: 0.8em;"">View Post</a>",4,"llhh36784",2025-02-08 04:08:43,3,4647,77,0,1,"#ingrowntoenail #ingrowntoenailremoval #podiatrist #toenails #pedicure #manicure #podiatry #feet #tiktok #fyp #foryou #pov #foryourpage #relatable #satisfying #viral #acting #actingvideos #asmrvideo #parents #relatable #family #childhood #parenthood #child #fypシ "
"<a href=""https://www.tiktok.com/@llhh36784/video/7468895323960855854"" target=""_blank"" class=""btn btn-sm"" style=""background-color: #00926c; color: white; text-decoration: none; padding: 2px 8px; border-radius: 4px; font-size: 0.8em;"">View Post</a>",4,"llhh36784",2025-02-08 04:09:00,3,5765,114,1,9,"#ingrowntoenail #ingrowntoenailremoval #podiatrist #toenails #pedicure #manicure #podiatry #feet #tiktok #fyp #foryou #pov #foryourpage #relatable #satisfying #viral #acting #actingvideos #asmrvideo #parents #relatable #family #childhood #parenthood #child #fypシ "
"<a href=""https://www.tiktok.com/@toot3378/video/7468486912496422190"" target=""_blank"" class=""btn btn-sm"" style=""background-color: #00926c; color: white; text-decoration: none; padding: 2px 8px; border-radius: 4px; font-size: 0.8em;"">View Post</a>",3,"toot3378",2025-02-07 01:43:46,3,4649,48,0,1,"#ingrowntoenail #ingrowntoenailremoval #podiatrist #toenails #pedicure #manicure #podiatry #feet #tiktok #fyp #foryou #pov #foryourpage #relatable #satisfying #viral #acting #actingvideos #asmrvideo #parents #relatable #family #childhood #parenthood #child #fypシ "
"<a href=""https://www.tiktok.com/@toot3378/video/7468486882645691694"" target=""_blank"" class=""btn btn-sm"" style=""background-color: #00926c; color: white; text-decoration: none; padding: 2px 8px; border-radius: 4px; font-size: 0.8em;"">View Post</a>",3,"toot3378",2025-02-07 01:43:41,3,7301,80,0,2,"#ingrowntoenail #ingrowntoenailremoval #podiatrist #toenails #pedicure #manicure #podiatry #feet #tiktok #fyp #foryou #pov #foryourpage #relatable #satisfying #viral #acting #actingvideos #asmrvideo #parents #relatable #family #childhood #parenthood #child #fypシ "
"<a href=""https://www.tiktok.com/@toot3378/video/7468486869043481899"" target=""_blank"" class=""btn btn-sm"" style=""background-color: #00926c; color: white; text-decoration: none; padding: 2px 8px; border-radius: 4px; font-size: 0.8em;"">View Post</a>",3,"toot3378",2025-02-07 01:43:40,3,11703,164,0,0,"#ingrowntoenail #ingrowntoenailremoval #podiatrist #toenails #pedicure #manicure #podiatry #feet #tiktok #fyp #foryou #pov #foryourpage #relatable #satisfying #viral #acting #actingvideos #asmrvideo #parents #relatable #family #childhood #parenthood #child #fypシ "
"<a href=""https://www.tiktok.com/@tao32vv/video/7468485824846286111"" target=""_blank"" class=""btn btn-sm"" style=""background-color: #00926c; color: white; text-decoration: none; padding: 2px 8px; border-radius: 4px; font-size: 0.8em;"">View Post</a>",4,"tao32vv",2025-02-07 01:39:35,3,1644,27,0,1,"#ingrowntoenail #ingrowntoenailremoval #podiatrist #toenails #pedicure #manicure #podiatry #feet #tiktok #fyp #foryou #pov #foryourpage #relatable #satisfying #viral #acting #actingvideos #asmrvideo #parents #relatable #family #childhood #parenthood #child #fypシ "
"<a href=""https://www.tiktok.com/@tao32vv/video/7468485773923208479"" target=""_blank"" class=""btn btn-sm"" style=""background-color: #00926c; color: white; text-decoration: none; padding: 2px 8px; border-radius: 4px; font-size: 0.8em;"">View Post</a>",4,"tao32vv",2025-02-07 01:39:22,3,3000,31,1,2,"#ingrowntoenail #ingrowntoenailremoval #podiatrist #toenails #pedicure #manicure #podiatry #feet #tiktok #fyp #foryou #pov #foryourpage #relatable #satisfying #viral #acting #actingvideos #asmrvideo #parents #relatable #family #childhood #parenthood #child #fypシ "
"<a href=""https://www.tiktok.com/@tao32vv/video/7468485760593693983"" target=""_blank"" class=""btn btn-sm"" style=""background-color: #00926c; color: white; text-decoration: none; padding: 2px 8px; border-radius: 4px; font-size: 0.8em;"">View Post</a>",4,"tao32vv",2025-02-07 01:39:20,3,4281,64,0,1,"#ingrowntoenail #ingrowntoenailremoval #podiatrist #toenails #pedicure #manicure #podiatry #feet #tiktok #fyp #foryou #pov #foryourpage #relatable #satisfying #viral #acting #actingvideos #asmrvideo #parents #relatable #family #childhood #parenthood #child #fypシ "
"<a href=""https://www.tiktok.com/@toot46795/video/7468483396138749230"" target=""_blank"" class=""btn btn-sm"" style=""background-color: #00926c; color: white; text-decoration: none; padding: 2px 8px; border-radius: 4px; font-size: 0.8em;"">View Post</a>",4,"toot46795",2025-02-07 01:30:10,3,3694,9,0,0,"#ingrowntoenail #ingrowntoenailremoval #podiatrist #toenails #pedicure #manicure #podiatry #feet #tiktok #fyp #foryou #pov #foryourpage #relatable #satisfying #viral #acting #actingvideos #asmrvideo #parents #relatable #family #childhood #parenthood #child #fypシ "
"<a href=""https://www.tiktok.com/@toot46795/video/7468483293382528298"" target=""_blank"" class=""btn btn-sm"" style=""background-color: #00926c; color: white; text-decoration: none; padding: 2px 8px; border-radius: 4px; font-size: 0.8em;"">View Post</a>",4,"toot46795",2025-02-07 01:29:50,3,2742,11,0,0,"#ingrowntoenail #ingrowntoenailremoval #podiatrist #toenails #pedicure #manicure #podiatry #feet #tiktok #fyp #foryou #pov #foryourpage #relatable #satisfying #viral #acting #actingvideos #asmrvideo #parents #relatable #family #childhood #parenthood #child #fypシ "
"<a href=""https://www.tiktok.com/@toot46795/video/7468483281726524715"" target=""_blank"" class=""btn btn-sm"" style=""background-color: #00926c; color: white; text-decoration: none; padding: 2px 8px; border-radius: 4px; font-size: 0.8em;"">View Post</a>",4,"toot46795",2025-02-07 01:29:41,3,3822,21,0,0,"#ingrowntoenail #ingrowntoenailremoval #podiatrist #toenails #pedicure #manicure #podiatry #feet #tiktok #fyp #foryou #pov #foryourpage #relatable #satisfying #viral #acting #actingvideos #asmrvideo #parents #relatable #family #childhood #parenthood #child #fypシ "
"<a href=""https://www.tiktok.com/@toot3378/video/7468113753347837227"" target=""_blank"" class=""btn btn-sm"" style=""background-color: #00926c; color: white; text-decoration: none; padding: 2px 8px; border-radius: 4px; font-size: 0.8em;"">View Post</a>",3,"toot3378",2025-02-06 01:36:12,3,8412,122,0,0,"#ingrowntoenail #ingrowntoenailremoval #podiatrist #toenails #pedicure #manicure #podiatry #feet #tiktok #fyp #foryou #pov #foryourpage #relatable #satisfying #viral #acting #actingvideos #asmrvideo #parents #relatable #family #childhood #parenthood #child #fypシ "
"<a href=""https://www.tiktok.com/@toot3378/video/7468113676332010794"" target=""_blank"" class=""btn btn-sm"" style=""background-color: #00926c; color: white; text-decoration: none; padding: 2px 8px; border-radius: 4px; font-size: 0.8em;"">View Post</a>",3,"toot3378",2025-02-06 01:35:54,3,13998,171,3,0,"#ingrowntoenail #ingrowntoenailremoval #podiatrist #toenails #pedicure #manicure #podiatry #feet #tiktok #fyp #foryou #pov #foryourpage #relatable #satisfying #viral #acting #actingvideos #asmrvideo #parents #relatable #family #childhood #parenthood #child #fypシ "
"<a href=""https://www.tiktok.com/@toot3378/video/7468113381845732651"" target=""_blank"" class=""btn btn-sm"" style=""background-color: #00926c; color: white; text-decoration: none; padding: 2px 8px; border-radius: 4px; font-size: 0.8em;"">View Post</a>",3,"toot3378",2025-02-06 01:34:48,3,194415,5381,13,17,"#ingrowntoenail #ingrowntoenailremoval #podiatrist #toenails #pedicure #manicure #podiatry #feet #tiktok #fyp #foryou #pov #foryourpage #relatable #satisfying #viral #acting #actingvideos #asmrvideo #parents #relatable #family #childhood #parenthood #child #fypシ "
"<a href=""https://www.tiktok.com/@toot46795/video/7468110886134140206"" target=""_blank"" class=""btn btn-sm"" style=""background-color: #00926c; color: white; text-decoration: none; padding: 2px 8px; border-radius: 4px; font-size: 0.8em;"">View Post</a>",4,"toot46795",2025-02-06 01:24:47,3,4525,17,0,0,"#ingrowntoenail #ingrowntoenailremoval #podiatrist #toenails #pedicure #manicure #podiatry #feet #tiktok #fyp #foryou #pov #foryourpage #relatable #satisfying #viral #acting #actingvideos #asmrvideo #parents #relatable #family #childhood #parenthood #child #fypシ "
"<a href=""https://www.tiktok.com/@toot46795/video/7468110750297410858"" target=""_blank"" class=""btn btn-sm"" style=""background-color: #00926c; color: white; text-decoration: none; padding: 2px 8px; border-radius: 4px; font-size: 0.8em;"">View Post</a>",4,"toot46795",2025-02-06 01:24:32,3,3701,10,0,0,"#ingrowntoenail #ingrowntoenailremoval #podiatrist #toenails #pedicure #manicure #podiatry #feet #tiktok #fyp #foryou #pov #foryourpage #relatable #satisfying #viral #acting #actingvideos #asmrvideo #parents #relatable #family #childhood #parenthood #child #fypシ "
"<a href=""https://www.tiktok.com/@toot46795/video/7468110710510275883"" target=""_blank"" class=""btn btn-sm"" style=""background-color: #00926c; color: white; text-decoration: none; padding: 2px 8px; border-radius: 4px; font-size: 0.8em;"">View Post</a>",4,"toot46795",2025-02-06 01:24:29,3,4812,10,0,0,"#ingrowntoenail #ingrowntoenailremoval #podiatrist #toenails #pedicure #manicure #podiatry #feet #tiktok #fyp #foryou #pov #foryourpage #relatable #satisfying #viral #acting #actingvideos #asmrvideo #parents #relatable #family #childhood #parenthood #child #fypシ "
"<a href=""https://www.tiktok.com/@tao32vv/video/7468110574426049822"" target=""_blank"" class=""btn btn-sm"" style=""background-color: #00926c; color: white; text-decoration: none; padding: 2px 8px; border-radius: 4px; font-size: 0.8em;"">View Post</a>",4,"tao32vv",2025-02-06 01:23:46,3,2164,27,1,3,"#ingrowntoenail #ingrowntoenailremoval #podiatrist #toenails #pedicure #manicure #podiatry #feet #tiktok #fyp #foryou #pov #foryourpage #relatable #satisfying #viral #acting #actingvideos #asmrvideo #parents #relatable #family #childhood #parenthood #child #fypシ "
"<a href=""https://www.tiktok.com/@tao32vv/video/7468110420620889375"" target=""_blank"" class=""btn btn-sm"" style=""background-color: #00926c; color: white; text-decoration: none; padding: 2px 8px; border-radius: 4px; font-size: 0.8em;"">View Post</a>",4,"tao32vv",2025-02-06 01:23:10,3,2001,33,0,1,"#ingrowntoenail #ingrowntoenailremoval #podiatrist #toenails #pedicure #manicure #podiatry #feet #tiktok #fyp #foryou #pov #foryourpage #relatable #satisfying #viral #acting #actingvideos #asmrvideo #parents #relatable #family #childhood #parenthood #child #fypシ "
"<a href=""https://www.tiktok.com/@llhh36784/video/7468110381546818858"" target=""_blank"" class=""btn btn-sm"" style=""background-color: #00926c; color: white; text-decoration: none; padding: 2px 8px; border-radius: 4px; font-size: 0.8em;"">View Post</a>",4,"llhh36784",2025-02-06 01:22:57,3,3689,81,0,1,"#ingrowntoenail #ingrowntoenailremoval #podiatrist #toenails #pedicure #manicure #podiatry #feet #tiktok #fyp #foryou #pov #foryourpage #relatable #satisfying #viral #acting #actingvideos #asmrvideo #parents #relatable #family #childhood #parenthood #child #fypシ "
"<a href=""https://www.tiktok.com/@llhh36784/video/7468110373254843694"" target=""_blank"" class=""btn btn-sm"" style=""background-color: #00926c; color: white; text-decoration: none; padding: 2px 8px; border-radius: 4px; font-size: 0.8em;"">View Post</a>",4,"llhh36784",2025-02-06 01:22:55,3,5213,95,0,0,"#ingrowntoenail #ingrowntoenailremoval #podiatrist #toenails #pedicure #manicure #podiatry #feet #tiktok #fyp #foryou #pov #foryourpage #relatable #satisfying #viral #acting #actingvideos #asmrvideo #parents #relatable #family #childhood #parenthood #child #fypシ "
"<a href=""https://www.tiktok.com/@tao32vv/video/7468110333886991647"" target=""_blank"" class=""btn btn-sm"" style=""background-color: #00926c; color: white; text-decoration: none; padding: 2px 8px; border-radius: 4px; font-size: 0.8em;"">View Post</a>",4,"tao32vv",2025-02-06 01:22:51,3,4051,134,2,2,"#ingrowntoenail #ingrowntoenailremoval #podiatrist #toenails #pedicure #manicure #podiatry #feet #tiktok #fyp #foryou #pov #foryourpage #relatable #satisfying #viral #acting #actingvideos #asmrvideo #parents #relatable #family #childhood #parenthood #child #fypシ "
"<a href=""https://www.tiktok.com/@llhh36784/video/7468110310092721451"" target=""_blank"" class=""btn btn-sm"" style=""background-color: #00926c; color: white; text-decoration: none; padding: 2px 8px; border-radius: 4px; font-size: 0.8em;"">View Post</a>",4,"llhh36784",2025-02-06 01:22:53,3,1169,41,2,5,"#ingrowntoenail #ingrowntoenailremoval #podiatrist #toenails #pedicure #manicure #podiatry #feet #tiktok #fyp #foryou #pov #foryourpage #relatable #satisfying #viral #acting #actingvideos #asmrvideo #parents #relatable #family #childhood #parenthood #child #fypシ "
"<a href=""https://www.tiktok.com/@tao32vv/video/7467736781568494878"" target=""_blank"" class=""btn btn-sm"" style=""background-color: #00926c; color: white; text-decoration: none; padding: 2px 8px; border-radius: 4px; font-size: 0.8em;"">View Post</a>",4,"tao32vv",2025-02-05 01:13:19,3,2485,25,1,1,"#ingrowntoenail #ingrowntoenailremoval #podiatrist #toenails #pedicure #manicure #podiatry #feet #tiktok #fyp #foryou #pov #foryourpage #relatable #satisfying #viral #acting #actingvideos #asmrvideo #parents #relatable #family #childhood #parenthood #child #fypシ "
"<a href=""https://www.tiktok.com/@tao32vv/video/7467736741043064094"" target=""_blank"" class=""btn btn-sm"" style=""background-color: #00926c; color: white; text-decoration: none; padding: 2px 8px; border-radius: 4px; font-size: 0.8em;"">View Post</a>",4,"tao32vv",2025-02-05 01:13:10,3,1385,29,1,0,"#ingrowntoenail #ingrowntoenailremoval #podiatrist #toenails #pedicure #manicure #podiatry #feet #tiktok #fyp #foryou #pov #foryourpage #relatable #satisfying #viral #acting #actingvideos #asmrvideo #parents #relatable #family #childhood #parenthood #child #fypシ "
"<a href=""https://www.tiktok.com/@tao32vv/video/7467736733594012959"" target=""_blank"" class=""btn btn-sm"" style=""background-color: #00926c; color: white; text-decoration: none; padding: 2px 8px; border-radius: 4px; font-size: 0.8em;"">View Post</a>",4,"tao32vv",2025-02-05 01:13:12,3,1696,23,1,1,"#ingrowntoenail #ingrowntoenailremoval #podiatrist #toenails #pedicure #manicure #podiatry #feet #tiktok #fyp #foryou #pov #foryourpage #relatable #satisfying #viral #acting #actingvideos #asmrvideo #parents #relatable #family #childhood #parenthood #child #fypシ "
"<a href=""https://www.tiktok.com/@llhh36784/video/7467735892245957934"" target=""_blank"" class=""btn btn-sm"" style=""background-color: #00926c; color: white; text-decoration: none; padding: 2px 8px; border-radius: 4px; font-size: 0.8em;"">View Post</a>",4,"llhh36784",2025-02-05 01:09:48,3,3750,71,0,1,"#ingrowntoenail #ingrowntoenailremoval #podiatrist #toenails #pedicure #manicure #podiatry #feet #tiktok #fyp #foryou #pov #foryourpage #relatable #satisfying #viral #acting #actingvideos #asmrvideo #parents #relatable #family #childhood #parenthood #child #fypシ "
"<a href=""https://www.tiktok.com/@llhh36784/video/7467735817004404010"" target=""_blank"" class=""btn btn-sm"" style=""background-color: #00926c; color: white; text-decoration: none; padding: 2px 8px; border-radius: 4px; font-size: 0.8em;"">View Post</a>",4,"llhh36784",2025-02-05 01:09:50,3,1341,20,1,0,"#ingrowntoenail #ingrowntoenailremoval #podiatrist #toenails #pedicure #manicure #podiatry #feet #tiktok #fyp #foryou #pov #foryourpage #relatable #satisfying #viral #acting #actingvideos #asmrvideo #parents #relatable #family #childhood #parenthood #child #fypシ "
"<a href=""https://www.tiktok.com/@toot3378/video/7468903409849175342"" target=""_blank"" class=""btn btn-sm"" style=""background-color: #00926c; color: white; text-decoration: none; padding: 2px 8px; border-radius: 4px; font-size: 0.8em;"">View Post</a>",3,"toot3378",2025-02-08 04:40:33,3,9070,85,1,0,"#ingrowntoenail #ingrowntoenailremoval #podiatrist #toenails #pedicure #manicure #podiatry #feet #tiktok #fyp #foryou #pov #foryourpage #relatable #satisfying #viral #acting #actingvideos #asmrvideo #parents #relatable #family #childhood #parenthood #child #fypシ "
"<a href=""https://www.tiktok.com/@toot46795/video/7468898072219684138"" target=""_blank"" class=""btn btn-sm"" style=""background-color: #00926c; color: white; text-decoration: none; padding: 2px 8px; border-radius: 4px; font-size: 0.8em;"">View Post</a>",4,"toot46795",2025-02-08 04:19:47,3,60300,282,2,0,"#ingrowntoenail #ingrowntoenailremoval #podiatrist #toenails #pedicure #manicure #podiatry #feet #tiktok #fyp #foryou #pov #foryourpage #relatable #satisfying #viral #acting #actingvideos #asmrvideo #parents #relatable #family #childhood #parenthood #child #fypシ "
"<a href=""https://www.tiktok.com/@toot3378/video/7468486882645691694"" target=""_blank"" class=""btn btn-sm"" style=""background-color: #00926c; color: white; text-decoration: none; padding: 2px 8px; border-radius: 4px; font-size: 0.8em;"">View Post</a>",3,"toot3378",2025-02-07 01:43:41,3,7302,80,0,2,"#ingrowntoenail #ingrowntoenailremoval #podiatrist #toenails #pedicure #manicure #podiatry #feet #tiktok #fyp #foryou #pov #foryourpage #relatable #satisfying #viral #acting #actingvideos #asmrvideo #parents #relatable #family #childhood #parenthood #child #fypシ "
"<a href=""https://www.tiktok.com/@toot3378/video/7468113676332010794"" target=""_blank"" class=""btn btn-sm"" style=""background-color: #00926c; color: white; text-decoration: none; padding: 2px 8px; border-radius: 4px; font-size: 0.8em;"">View Post</a>",3,"toot3378",2025-02-06 01:35:54,3,14000,171,3,0,"#ingrowntoenail #ingrowntoenailremoval #podiatrist #toenails #pedicure #manicure #podiatry #feet #tiktok #fyp #foryou #pov #foryourpage #relatable #satisfying #viral #acting #actingvideos #asmrvideo #parents #relatable #family #childhood #parenthood #child #fypシ "
"<a href=""https://www.tiktok.com/@toot3378/video/7468113381845732651"" target=""_blank"" class=""btn btn-sm"" style=""background-color: #00926c; color: white; text-decoration: none; padding: 2px 8px; border-radius: 4px; font-size: 0.8em;"">View Post</a>",3,"toot3378",2025-02-06 01:34:48,3,194425,5381,13,17,"#ingrowntoenail #ingrowntoenailremoval #podiatrist #toenails #pedicure #manicure #podiatry #feet #tiktok #fyp #foryou #pov #foryourpage #relatable #satisfying #viral #acting #actingvideos #asmrvideo #parents #relatable #family #childhood #parenthood #child #fypシ "
"<a href=""https://www.tiktok.com/@toot3378/video/7468903420058111278"" target=""_blank"" class=""btn btn-sm"" style=""background-color: #00926c; color: white; text-decoration: none; padding: 2px 8px; border-radius: 4px; font-size: 0.8em;"">View Post</a>",3,"toot3378",2025-02-08 04:40:37,3,12198,180,0,1,"#ingrowntoenail #ingrowntoenailremoval #podiatrist #toenails #pedicure #manicure #podiatry #feet #tiktok #fyp #foryou #pov #foryourpage #relatable #satisfying #viral #acting #actingvideos #asmrvideo #parents #relatable #family #childhood #parenthood #child #fypシ "
"<a href=""https://www.tiktok.com/@toot3378/video/7468903409849175342"" target=""_blank"" class=""btn btn-sm"" style=""background-color: #00926c; color: white; text-decoration: none; padding: 2px 8px; border-radius: 4px; font-size: 0.8em;"">View Post</a>",3,"toot3378",2025-02-08 04:40:33,3,9088,85,1,0,"#ingrowntoenail #ingrowntoenailremoval #podiatrist #toenails #pedicure #manicure #podiatry #feet #tiktok #fyp #foryou #pov #foryourpage #relatable #satisfying #viral #acting #actingvideos #asmrvideo #parents #relatable #family #childhood #parenthood #child #fypシ "
"<a href=""https://www.tiktok.com/@toot3378/video/7468903363938356526"" target=""_blank"" class=""btn btn-sm"" style=""background-color: #00926c; color: white; text-decoration: none; padding: 2px 8px; border-radius: 4px; font-size: 0.8em;"">View Post</a>",3,"toot3378",2025-02-08 04:40:35,3,5070,74,0,0,"#ingrowntoenail #ingrowntoenailremoval #podiatrist #toenails #pedicure #manicure #podiatry #feet #tiktok #fyp #foryou #pov #foryourpage #relatable #satisfying #viral #acting #actingvideos #asmrvideo #parents #relatable #family #childhood #parenthood #child #fypシ "
"<a href=""https://www.tiktok.com/@tao32vv/video/7468902332617575711"" target=""_blank"" class=""btn btn-sm"" style=""background-color: #00926c; color: white; text-decoration: none; padding: 2px 8px; border-radius: 4px; font-size: 0.8em;"">View Post</a>",4,"tao32vv",2025-02-08 04:36:18,3,3468,42,1,0,"#ingrowntoenail #ingrowntoenailremoval #podiatrist #toenails #pedicure #manicure #podiatry #feet #tiktok #fyp #foryou #pov #foryourpage #relatable #satisfying #viral #acting #actingvideos #asmrvideo #parents #relatable #family #childhood #parenthood #child #fypシ "
"<a href=""https://www.tiktok.com/@tao32vv/video/7468902230855322910"" target=""_blank"" class=""btn btn-sm"" style=""background-color: #00926c; color: white; text-decoration: none; padding: 2px 8px; border-radius: 4px; font-size: 0.8em;"">View Post</a>",4,"tao32vv",2025-02-08 04:35:58,3,1255,26,0,1,"#ingrowntoenail #ingrowntoenailremoval #podiatrist #toenails #pedicure #manicure #podiatry #feet #tiktok #fyp #foryou #pov #foryourpage #relatable #satisfying #viral #acting #actingvideos #asmrvideo #parents #relatable #family #childhood #parenthood #child #fypシ "
"<a href=""https://www.tiktok.com/@toot46795/video/7468898072219684138"" target=""_blank"" class=""btn btn-sm"" style=""background-color: #00926c; color: white; text-decoration: none; padding: 2px 8px; border-radius: 4px; font-size: 0.8em;"">View Post</a>",4,"toot46795",2025-02-08 04:19:47,3,60317,283,2,0,"#ingrowntoenail #ingrowntoenailremoval #podiatrist #toenails #pedicure #manicure #podiatry #feet #tiktok #fyp #foryou #pov #foryourpage #relatable #satisfying #viral #acting #actingvideos #asmrvideo #parents #relatable #family #childhood #parenthood #child #fypシ "
"<a href=""https://www.tiktok.com/@toot46795/video/7468898046030433578"" target=""_blank"" class=""btn btn-sm"" style=""background-color: #00926c; color: white; text-decoration: none; padding: 2px 8px; border-radius: 4px; font-size: 0.8em;"">View Post</a>",4,"toot46795",2025-02-08 04:19:28,3,9421,20,0,0,"#ingrowntoenail #ingrowntoenailremoval #podiatrist #toenails #pedicure #manicure #podiatry #feet #tiktok #fyp #foryou #pov #foryourpage #relatable #satisfying #viral #acting #actingvideos #asmrvideo #parents #relatable #family #childhood #parenthood #child #fypシ "
"<a href=""https://www.tiktok.com/@toot46795/video/7468898008093003051"" target=""_blank"" class=""btn btn-sm"" style=""background-color: #00926c; color: white; text-decoration: none; padding: 2px 8px; border-radius: 4px; font-size: 0.8em;"">View Post</a>",4,"toot46795",2025-02-08 04:19:30,3,5354,12,0,0,"#ingrowntoenail #ingrowntoenailremoval #podiatrist #toenails #pedicure #manicure #podiatry #feet #tiktok #fyp #foryou #pov #foryourpage #relatable #satisfying #viral #acting #actingvideos #asmrvideo #parents #relatable #family #childhood #parenthood #child #fypシ "
"<a href=""https://www.tiktok.com/@llhh36784/video/7468895340603739434"" target=""_blank"" class=""btn btn-sm"" style=""background-color: #00926c; color: white; text-decoration: none; padding: 2px 8px; border-radius: 4px; font-size: 0.8em;"">View Post</a>",4,"llhh36784",2025-02-08 04:08:43,3,4649,77,0,1,"#ingrowntoenail #ingrowntoenailremoval #podiatrist #toenails #pedicure #manicure #podiatry #feet #tiktok #fyp #foryou #pov #foryourpage #relatable #satisfying #viral #acting #actingvideos #asmrvideo #parents #relatable #family #childhood #parenthood #child #fypシ "
"<a href=""https://www.tiktok.com/@toot3378/video/7468486912496422190"" target=""_blank"" class=""btn btn-sm"" style=""background-color: #00926c; color: white; text-decoration: none; padding: 2px 8px; border-radius: 4px; font-size: 0.8em;"">View Post</a>",3,"toot3378",2025-02-07 01:43:46,3,4651,48,0,1,"#ingrowntoenail #ingrowntoenailremoval #podiatrist #toenails #pedicure #manicure #podiatry #feet #tiktok #fyp #foryou #pov #foryourpage #relatable #satisfying #viral #acting #actingvideos #asmrvideo #parents #relatable #family #childhood #parenthood #child #fypシ "
"<a href=""https://www.tiktok.com/@toot3378/video/7468486882645691694"" target=""_blank"" class=""btn btn-sm"" style=""background-color: #00926c; color: white; text-decoration: none; padding: 2px 8px; border-radius: 4px; font-size: 0.8em;"">View Post</a>",3,"toot3378",2025-02-07 01:43:41,3,7307,80,0,2,"#ingrowntoenail #ingrowntoenailremoval #podiatrist #toenails #pedicure #manicure #podiatry #feet #tiktok #fyp #foryou #pov #foryourpage #relatable #satisfying #viral #acting #actingvideos #asmrvideo #parents #relatable #family #childhood #parenthood #child #fypシ "
"<a href=""https://www.tiktok.com/@toot3378/video/7468486869043481899"" target=""_blank"" class=""btn btn-sm"" style=""background-color: #00926c; color: white; text-decoration: none; padding: 2px 8px; border-radius: 4px; font-size: 0.8em;"">View Post</a>",3,"toot3378",2025-02-07 01:43:40,3,11706,164,0,0,"#ingrowntoenail #ingrowntoenailremoval #podiatrist #toenails #pedicure #manicure #podiatry #feet #tiktok #fyp #foryou #pov #foryourpage #relatable #satisfying #viral #acting #actingvideos #asmrvideo #parents #relatable #family #childhood #parenthood #child #fypシ "
"<a href=""https://www.tiktok.com/@tao32vv/video/7468485824846286111"" target=""_blank"" class=""btn btn-sm"" style=""background-color: #00926c; color: white; text-decoration: none; padding: 2px 8px; border-radius: 4px; font-size: 0.8em;"">View Post</a>",4,"tao32vv",2025-02-07 01:39:35,3,1646,27,0,1,"#ingrowntoenail #ingrowntoenailremoval #podiatrist #toenails #pedicure #manicure #podiatry #feet #tiktok #fyp #foryou #pov #foryourpage #relatable #satisfying #viral #acting #actingvideos #asmrvideo #parents #relatable #family #childhood #parenthood #child #fypシ "
"<a href=""https://www.tiktok.com/@tao32vv/video/7468485773923208479"" target=""_blank"" class=""btn btn-sm"" style=""background-color: #00926c; color: white; text-decoration: none; padding: 2px 8px; border-radius: 4px; font-size: 0.8em;"">View Post</a>",4,"tao32vv",2025-02-07 01:39:22,3,3001,31,1,2,"#ingrowntoenail #ingrowntoenailremoval #podiatrist #toenails #pedicure #manicure #podiatry #feet #tiktok #fyp #foryou #pov #foryourpage #relatable #satisfying #viral #acting #actingvideos #asmrvideo #parents #relatable #family #childhood #parenthood #child #fypシ "
"<a href=""https://www.tiktok.com/@tao32vv/video/7468485760593693983"" target=""_blank"" class=""btn btn-sm"" style=""background-color: #00926c; color: white; text-decoration: none; padding: 2px 8px; border-radius: 4px; font-size: 0.8em;"">View Post</a>",4,"tao32vv",2025-02-07 01:39:20,3,4282,64,0,1,"#ingrowntoenail #ingrowntoenailremoval #podiatrist #toenails #pedicure #manicure #podiatry #feet #tiktok #fyp #foryou #pov #foryourpage #relatable #satisfying #viral #acting #actingvideos #asmrvideo #parents #relatable #family #childhood #parenthood #child #fypシ "
"<a href=""https://www.tiktok.com/@toot46795/video/7468483396138749230"" target=""_blank"" class=""btn btn-sm"" style=""background-color: #00926c; color: white; text-decoration: none; padding: 2px 8px; border-radius: 4px; font-size: 0.8em;"">View Post</a>",4,"toot46795",2025-02-07 01:30:10,3,3695,9,0,0,"#ingrowntoenail #ingrowntoenailremoval #podiatrist #toenails #pedicure #manicure #podiatry #feet #tiktok #fyp #foryou #pov #foryourpage #relatable #satisfying #viral #acting #actingvideos #asmrvideo #parents #relatable #family #childhood #parenthood #child #fypシ "
"<a href=""https://www.tiktok.com/@toot3378/video/7468113753347837227"" target=""_blank"" class=""btn btn-sm"" style=""background-color: #00926c; color: white; text-decoration: none; padding: 2px 8px; border-radius: 4px; font-size: 0.8em;"">View Post</a>",3,"toot3378",2025-02-06 01:36:12,3,8415,122,0,0,"#ingrowntoenail #ingrowntoenailremoval #podiatrist #toenails #pedicure #manicure #podiatry #feet #tiktok #fyp #foryou #pov #foryourpage #relatable #satisfying #viral #acting #actingvideos #asmrvideo #parents #relatable #family #childhood #parenthood #child #fypシ "
"<a href=""https://www.tiktok.com/@toot3378/video/7468113676332010794"" target=""_blank"" class=""btn btn-sm"" style=""background-color: #00926c; color: white; text-decoration: none; padding: 2px 8px; border-radius: 4px; font-size: 0.8em;"">View Post</a>",3,"toot3378",2025-02-06 01:35:54,3,14007,171,3,0,"#ingrowntoenail #ingrowntoenailremoval #podiatrist #toenails #pedicure #manicure #podiatry #feet #tiktok #fyp #foryou #pov #foryourpage #relatable #satisfying #viral #acting #actingvideos #asmrvideo #parents #relatable #family #childhood #parenthood #child #fypシ "
"<a href=""https://www.tiktok.com/@toot3378/video/7468113381845732651"" target=""_blank"" class=""btn btn-sm"" style=""background-color: #00926c; color: white; text-decoration: none; padding: 2px 8px; border-radius: 4px; font-size: 0.8em;"">View Post</a>",3,"toot3378",2025-02-06 01:34:48,3,194618,5392,13,17,"#ingrowntoenail #ingrowntoenailremoval #podiatrist #toenails #pedicure #manicure #podiatry #feet #tiktok #fyp #foryou #pov #foryourpage #relatable #satisfying #viral #acting #actingvideos #asmrvideo #parents #relatable #family #childhood #parenthood #child #fypシ "
"<a href=""https://www.tiktok.com/@toot46795/video/7468110886134140206"" target=""_blank"" class=""btn btn-sm"" style=""background-color: #00926c; color: white; text-decoration: none; padding: 2px 8px; border-radius: 4px; font-size: 0.8em;"">View Post</a>",4,"toot46795",2025-02-06 01:24:47,3,4526,17,0,0,"#ingrowntoenail #ingrowntoenailremoval #podiatrist #toenails #pedicure #manicure #podiatry #feet #tiktok #fyp #foryou #pov #foryourpage #relatable #satisfying #viral #acting #actingvideos #asmrvideo #parents #relatable #family #childhood #parenthood #child #fypシ "
"<a href=""https://www.tiktok.com/@toot46795/video/7468110750297410858"" target=""_blank"" class=""btn btn-sm"" style=""background-color: #00926c; color: white; text-decoration: none; padding: 2px 8px; border-radius: 4px; font-size: 0.8em;"">View Post</a>",4,"toot46795",2025-02-06 01:24:32,3,3702,10,0,0,"#ingrowntoenail #ingrowntoenailremoval #podiatrist #toenails #pedicure #manicure #podiatry #feet #tiktok #fyp #foryou #pov #foryourpage #relatable #satisfying #viral #acting #actingvideos #asmrvideo #parents #relatable #family #childhood #parenthood #child #fypシ "
"<a href=""https://www.tiktok.com/@tao32vv/video/7468110333886991647"" target=""_blank"" class=""btn btn-sm"" style=""background-color: #00926c; color: white; text-decoration: none; padding: 2px 8px; border-radius: 4px; font-size: 0.8em;"">View Post</a>",4,"tao32vv",2025-02-06 01:22:51,3,4052,134,2,2,"#ingrowntoenail #ingrowntoenailremoval #podiatrist #toenails #pedicure #manicure #podiatry #feet #tiktok #fyp #foryou #pov #foryourpage #relatable #satisfying #viral #acting #actingvideos #asmrvideo #parents #relatable #family #childhood #parenthood #child #fypシ "
"<a href=""https://www.tiktok.com/@tao32vv/video/7467736781568494878"" target=""_blank"" class=""btn btn-sm"" style=""background-color: #00926c; color: white; text-decoration: none; padding: 2px 8px; border-radius: 4px; font-size: 0.8em;"">View Post</a>",4,"tao32vv",2025-02-05 01:13:19,3,2486,25,1,1,"#ingrowntoenail #ingrowntoenailremoval #podiatrist #toenails #pedicure #manicure #podiatry #feet #tiktok #fyp #foryou #pov #foryourpage #relatable #satisfying #viral #acting #actingvideos #asmrvideo #parents #relatable #family #childhood #parenthood #child #fypシ "
"<a href=""https://www.tiktok.com/@toot3378/video/7468903409849175342"" target=""_blank"" class=""btn btn-sm"" style=""background-color: #00926c; color: white; text-decoration: none; padding: 2px 8px; border-radius: 4px; font-size: 0.8em;"">View Post</a>",3,"toot3378",2025-02-08 04:40:33,3,9094,85,1,0,"#ingrowntoenail #ingrowntoenailremoval #podiatrist #toenails #pedicure #manicure #podiatry #feet #tiktok #fyp #foryou #pov #foryourpage #relatable #satisfying #viral #acting #actingvideos #asmrvideo #parents #relatable #family #childhood #parenthood #child #fypシ "
"<a href=""https://www.tiktok.com/@toot46795/video/7468898072219684138"" target=""_blank"" class=""btn btn-sm"" style=""background-color: #00926c; color: white; text-decoration: none; padding: 2px 8px; border-radius: 4px; font-size: 0.8em;"">View Post</a>",4,"toot46795",2025-02-08 04:19:47,3,60320,283,2,0,"#ingrowntoenail #ingrowntoenailremoval #podiatrist #toenails #pedicure #manicure #podiatry #feet #tiktok #fyp #foryou #pov #foryourpage #relatable #satisfying #viral #acting #actingvideos #asmrvideo #parents #relatable #family #childhood #parenthood #child #fypシ "
"<a href=""https://www.tiktok.com/@tao32vv/video/7468485760593693983"" target=""_blank"" class=""btn btn-sm"" style=""background-color: #00926c; color: white; text-decoration: none; padding: 2px 8px; border-radius: 4px; font-size: 0.8em;"">View Post</a>",4,"tao32vv",2025-02-07 01:39:20,3,4283,64,0,1,"#ingrowntoenail #ingrowntoenailremoval #podiatrist #toenails #pedicure #manicure #podiatry #feet #tiktok #fyp #foryou #pov #foryourpage #relatable #satisfying #viral #acting #actingvideos #asmrvideo #parents #relatable #family #childhood #parenthood #child #fypシ "
"<a href=""https://www.tiktok.com/@toot3378/video/7468113676332010794"" target=""_blank"" class=""btn btn-sm"" style=""background-color: #00926c; color: white; text-decoration: none; padding: 2px 8px; border-radius: 4px; font-size: 0.8em;"">View Post</a>",3,"toot3378",2025-02-06 01:35:54,3,14008,171,3,0,"#ingrowntoenail #ingrowntoenailremoval #podiatrist #toenails #pedicure #manicure #podiatry #feet #tiktok #fyp #foryou #pov #foryourpage #relatable #satisfying #viral #acting #actingvideos #asmrvideo #parents #relatable #family #childhood #parenthood #child #fypシ "
"<a href=""https://www.tiktok.com/@user4891418634580/video/7467444822580661547"" target=""_blank"" class=""btn btn-sm"" style=""background-color: #00926c; color: white; text-decoration: none; padding: 2px 8px; border-radius: 4px; font-size: 0.8em;"">View Post</a>",1,"user4891418634580",2025-02-04 06:20:51,2,910,42,NA,0,"Sometimes no one shows up to your kid’s bday and that sucks 😢 Full vid up on YT babes 🤗 #momskits"
"<a href=""https://www.tiktok.com/@aaaaabao2662/video/7467444719849622830"" target=""_blank"" class=""btn btn-sm"" style=""background-color: #00926c; color: white; text-decoration: none; padding: 2px 8px; border-radius: 4px; font-size: 0.8em;"">View Post</a>",1,"aaaaabao2662",2025-02-04 06:20:46,2,371,10,NA,0,"Sometimes no one shows up to your kid’s bday and that sucks 😢 Full vid up on YT babes 🤗 #momskits"
"<a href=""https://www.tiktok.com/@user5684996150054/video/7467444650169732383"" target=""_blank"" class=""btn btn-sm"" style=""background-color: #00926c; color: white; text-decoration: none; padding: 2px 8px; border-radius: 4px; font-size: 0.8em;"">View Post</a>",1,"user5684996150054",2025-02-04 06:20:50,2,1078,54,NA,0,"Sometimes no one shows up to your kid’s bday and that sucks 😢 Full vid up on YT babes 🤗 #momskits"
"<a href=""https://www.tiktok.com/@user5684996150054/video/7467444410305826078"" target=""_blank"" class=""btn btn-sm"" style=""background-color: #00926c; color: white; text-decoration: none; padding: 2px 8px; border-radius: 4px; font-size: 0.8em;"">View Post</a>",1,"user5684996150054",2025-02-04 06:19:27,2,961,41,NA,0,"Sometimes no one shows up to your kid’s bday and that sucks 😢 Full vid up on YT babes 🤗 #momskits"
"<a href=""https://www.tiktok.com/@user4891418634580/video/7467444294413077802"" target=""_blank"" class=""btn btn-sm"" style=""background-color: #00926c; color: white; text-decoration: none; padding: 2px 8px; border-radius: 4px; font-size: 0.8em;"">View Post</a>",1,"user4891418634580",2025-02-04 06:19:27,2,881,39,NA,0,"Sometimes no one shows up to your kid’s bday and that sucks 😢 Full vid up on YT babes 🤗 #momskits"
"<a href=""https://www.tiktok.com/@aaaaabao2662/video/7467444268932828462"" target=""_blank"" class=""btn btn-sm"" style=""background-color: #00926c; color: white; text-decoration: none; padding: 2px 8px; border-radius: 4px; font-size: 0.8em;"">View Post</a>",1,"aaaaabao2662",2025-02-04 06:19:22,2,351,15,NA,0,"Sometimes no one shows up to your kid’s bday and that sucks 😢 Full vid up on YT babes 🤗 #momskits"
"<a href=""https://www.tiktok.com/@aaaaabao2662/video/7467443892984499498"" target=""_blank"" class=""btn btn-sm"" style=""background-color: #00926c; color: white; text-decoration: none; padding: 2px 8px; border-radius: 4px; font-size: 0.8em;"">View Post</a>",1,"aaaaabao2662",2025-02-04 06:17:08,2,1396,34,NA,0,"Sometimes no one shows up to your kid’s bday and that sucks 😢 Full vid up on YT babes 🤗 #momskits"
"<a href=""https://www.tiktok.com/@user4891418634580/video/7467443872856034606"" target=""_blank"" class=""btn btn-sm"" style=""background-color: #00926c; color: white; text-decoration: none; padding: 2px 8px; border-radius: 4px; font-size: 0.8em;"">View Post</a>",1,"user4891418634580",2025-02-04 06:17:13,2,1749,51,NA,1,"Sometimes no one shows up to your kid’s bday and that sucks 😢 Full vid up on YT babes 🤗 #momskits"
"<a href=""https://www.tiktok.com/@user5684996150054/video/7467443709618031902"" target=""_blank"" class=""btn btn-sm"" style=""background-color: #00926c; color: white; text-decoration: none; padding: 2px 8px; border-radius: 4px; font-size: 0.8em;"">View Post</a>",1,"user5684996150054",2025-02-04 06:17:13,2,2423,54,NA,0,"Sometimes no one shows up to your kid’s bday and that sucks 😢 Full vid up on YT babes 🤗 #momskits"
"<a href=""https://www.tiktok.com/@user4891418634580/video/7467444822580661547"" target=""_blank"" class=""btn btn-sm"" style=""background-color: #00926c; color: white; text-decoration: none; padding: 2px 8px; border-radius: 4px; font-size: 0.8em;"">View Post</a>",1,"user4891418634580",2025-02-04 06:20:51,2,910,42,0,0,"Sometimes no one shows up to your kid’s bday and that sucks 😢 Full vid up on YT babes 🤗 #momskits"
"<a href=""https://www.tiktok.com/@aaaaabao2662/video/7467444719849622830"" target=""_blank"" class=""btn btn-sm"" style=""background-color: #00926c; color: white; text-decoration: none; padding: 2px 8px; border-radius: 4px; font-size: 0.8em;"">View Post</a>",1,"aaaaabao2662",2025-02-04 06:20:46,2,371,10,0,0,"Sometimes no one shows up to your kid’s bday and that sucks 😢 Full vid up on YT babes 🤗 #momskits"
"<a href=""https://www.tiktok.com/@user5684996150054/video/7467444650169732383"" target=""_blank"" class=""btn btn-sm"" style=""background-color: #00926c; color: white; text-decoration: none; padding: 2px 8px; border-radius: 4px; font-size: 0.8em;"">View Post</a>",1,"user5684996150054",2025-02-04 06:20:50,2,1078,54,0,0,"Sometimes no one shows up to your kid’s bday and that sucks 😢 Full vid up on YT babes 🤗 #momskits"
"<a href=""https://www.tiktok.com/@user5684996150054/video/7467444410305826078"" target=""_blank"" class=""btn btn-sm"" style=""background-color: #00926c; color: white; text-decoration: none; padding: 2px 8px; border-radius: 4px; font-size: 0.8em;"">View Post</a>",1,"user5684996150054",2025-02-04 06:19:27,2,961,41,0,0,"Sometimes no one shows up to your kid’s bday and that sucks 😢 Full vid up on YT babes 🤗 #momskits"
"<a href=""https://www.tiktok.com/@user4891418634580/video/7467444294413077802"" target=""_blank"" class=""btn btn-sm"" style=""background-color: #00926c; color: white; text-decoration: none; padding: 2px 8px; border-radius: 4px; font-size: 0.8em;"">View Post</a>",1,"user4891418634580",2025-02-04 06:19:27,2,881,39,0,0,"Sometimes no one shows up to your kid’s bday and that sucks 😢 Full vid up on YT babes 🤗 #momskits"
"<a href=""https://www.tiktok.com/@aaaaabao2662/video/7467444268932828462"" target=""_blank"" class=""btn btn-sm"" style=""background-color: #00926c; color: white; text-decoration: none; padding: 2px 8px; border-radius: 4px; font-size: 0.8em;"">View Post</a>",1,"aaaaabao2662",2025-02-04 06:19:22,2,351,15,0,0,"Sometimes no one shows up to your kid’s bday and that sucks 😢 Full vid up on YT babes 🤗 #momskits"
"<a href=""https://www.tiktok.com/@aaaaabao2662/video/7467443892984499498"" target=""_blank"" class=""btn btn-sm"" style=""background-color: #00926c; color: white; text-decoration: none; padding: 2px 8px; border-radius: 4px; font-size: 0.8em;"">View Post</a>",1,"aaaaabao2662",2025-02-04 06:17:08,2,1396,34,0,0,"Sometimes no one shows up to your kid’s bday and that sucks 😢 Full vid up on YT babes 🤗 #momskits"
"<a href=""https://www.tiktok.com/@user4891418634580/video/7467443872856034606"" target=""_blank"" class=""btn btn-sm"" style=""background-color: #00926c; color: white; text-decoration: none; padding: 2px 8px; border-radius: 4px; font-size: 0.8em;"">View Post</a>",1,"user4891418634580",2025-02-04 06:17:13,2,1749,51,0,1,"Sometimes no one shows up to your kid’s bday and that sucks 😢 Full vid up on YT babes 🤗 #momskits"
"<a href=""https://www.tiktok.com/@user5684996150054/video/7467443709618031902"" target=""_blank"" class=""btn btn-sm"" style=""background-color: #00926c; color: white; text-decoration: none; padding: 2px 8px; border-radius: 4px; font-size: 0.8em;"">View Post</a>",1,"user5684996150054",2025-02-04 06:17:13,2,2423,54,0,0,"Sometimes no one shows up to your kid’s bday and that sucks 😢 Full vid up on YT babes 🤗 #momskits"
"<a href=""https://www.tiktok.com/@pofm.ldnx/video/7469055028083297567"" target=""_blank"" class=""btn btn-sm"" style=""background-color: #00926c; color: white; text-decoration: none; padding: 2px 8px; border-radius: 4px; font-size: 0.8em;"">View Post</a>",2,"pofm.ldnx",2025-02-08 14:28:55,2,2642,97,1,1,"#podcast #camilla #viral #IG #realcamillaara #CamillaAraujo #itscamillaara #money #tiktokuni #foryou #fyp #tiktok #fypシ゚viral #pov #foryoupage #fypツ"
"<a href=""https://www.tiktok.com/@ghshfg/video/7469054190430539038"" target=""_blank"" class=""btn btn-sm"" style=""background-color: #00926c; color: white; text-decoration: none; padding: 2px 8px; border-radius: 4px; font-size: 0.8em;"">View Post</a>",2,"ghshfg",2025-02-08 14:26:05,2,1702,48,0,0,"#podcast #camilla #viral #IG #realcamillaara #CamillaAraujo #itscamillaara #money #tiktokuni #foryou #fyp #tiktok #fypシ゚viral #pov #foryoupage #fypツ"
"<a href=""https://www.tiktok.com/@pofm.ldnx/video/7469053099601071391"" target=""_blank"" class=""btn btn-sm"" style=""background-color: #00926c; color: white; text-decoration: none; padding: 2px 8px; border-radius: 4px; font-size: 0.8em;"">View Post</a>",2,"pofm.ldnx",2025-02-08 14:21:36,2,972,27,1,1,"#podcast #camilla #viral #IG #realcamillaara #CamillaAraujo #itscamillaara #money #tiktokuni #foryou #fyp #tiktok #fypシ゚viral #pov #foryoupage #fypツ"
"<a href=""https://www.tiktok.com/@ghshfg/video/7469052051310382366"" target=""_blank"" class=""btn btn-sm"" style=""background-color: #00926c; color: white; text-decoration: none; padding: 2px 8px; border-radius: 4px; font-size: 0.8em;"">View Post</a>",2,"ghshfg",2025-02-08 14:17:53,2,3774,56,0,1,"#podcast #camilla #viral #IG #realcamillaara #CamillaAraujo #itscamillaara #money #tiktokuni #foryou #fyp #tiktok #fypシ゚viral #pov #foryoupage #fypツ"
"<a href=""https://www.tiktok.com/@ghshfg/video/7468687532130110751"" target=""_blank"" class=""btn btn-sm"" style=""background-color: #00926c; color: white; text-decoration: none; padding: 2px 8px; border-radius: 4px; font-size: 0.8em;"">View Post</a>",2,"ghshfg",2025-02-07 14:43:29,2,5083,121,1,1,"#podcast #camilla #viral #IG #realcamillaara #CamillaAraujo #itscamillaara #money #tiktokuni #foryou #fyp #tiktok #fypシ゚viral #pov #foryoupage #fypツ"
"<a href=""https://www.tiktok.com/@pofm.ldnx/video/7468687381353237791"" target=""_blank"" class=""btn btn-sm"" style=""background-color: #00926c; color: white; text-decoration: none; padding: 2px 8px; border-radius: 4px; font-size: 0.8em;"">View Post</a>",2,"pofm.ldnx",2025-02-07 14:42:28,2,6479,121,1,0,"#podcast #camilla #viral #IG #realcamillaara #CamillaAraujo #itscamillaara #money #tiktokuni #foryou #fyp #tiktok #fypシ゚viral #pov #foryoupage #fypツ"
"<a href=""https://www.tiktok.com/@ghshfg/video/7468686793978727711"" target=""_blank"" class=""btn btn-sm"" style=""background-color: #00926c; color: white; text-decoration: none; padding: 2px 8px; border-radius: 4px; font-size: 0.8em;"">View Post</a>",2,"ghshfg",2025-02-07 14:40:24,2,1629,38,0,0,"#podcast #camilla #viral #IG #realcamillaara #CamillaAraujo #itscamillaara #money #tiktokuni #foryou #fyp #tiktok #fypシ゚viral #pov #foryoupage #fypツ"
"<a href=""https://www.tiktok.com/@pofm.ldnx/video/7468686686260628767"" target=""_blank"" class=""btn btn-sm"" style=""background-color: #00926c; color: white; text-decoration: none; padding: 2px 8px; border-radius: 4px; font-size: 0.8em;"">View Post</a>",2,"pofm.ldnx",2025-02-07 14:40:13,2,1111,19,0,0,"#podcast #camilla #viral #IG #realcamillaara #CamillaAraujo #itscamillaara #money #tiktokuni #foryou #fyp #tiktok #fypシ゚viral #pov #foryoupage #fypツ"
"<a href=""https://www.tiktok.com/@ghshfg/video/7468314342119804191"" target=""_blank"" class=""btn btn-sm"" style=""background-color: #00926c; color: white; text-decoration: none; padding: 2px 8px; border-radius: 4px; font-size: 0.8em;"">View Post</a>",2,"ghshfg",2025-02-06 14:34:14,2,4922,77,1,0,"#podcast #camilla #viral #IG #realcamillaara #CamillaAraujo #itscamillaara #money #tiktokuni #foryou #fyp #tiktok #fypシ゚viral #pov #foryoupage #fypツ"
"<a href=""https://www.tiktok.com/@pofm.ldnx/video/7468313880817667359"" target=""_blank"" class=""btn btn-sm"" style=""background-color: #00926c; color: white; text-decoration: none; padding: 2px 8px; border-radius: 4px; font-size: 0.8em;"">View Post</a>",2,"pofm.ldnx",2025-02-06 14:32:23,2,1083,41,0,0,"#podcast #camilla #viral #IG #realcamillaara #CamillaAraujo #itscamillaara #money #tiktokuni #foryou #fyp #tiktok #fypシ゚viral #pov #foryoupage #fypツ"
"<a href=""https://www.tiktok.com/@pofm.ldnx/video/7468313217400425759"" target=""_blank"" class=""btn btn-sm"" style=""background-color: #00926c; color: white; text-decoration: none; padding: 2px 8px; border-radius: 4px; font-size: 0.8em;"">View Post</a>",2,"pofm.ldnx",2025-02-06 14:29:51,2,1032,31,0,1,"#podcast #camilla #viral #IG #realcamillaara #CamillaAraujo #itscamillaara #money #tiktokuni #foryou #fyp #tiktok #fypシ゚viral #pov #foryoupage #fypツ"
"<a href=""https://www.tiktok.com/@ghshfg/video/7468312734753459486"" target=""_blank"" class=""btn btn-sm"" style=""background-color: #00926c; color: white; text-decoration: none; padding: 2px 8px; border-radius: 4px; font-size: 0.8em;"">View Post</a>",2,"ghshfg",2025-02-06 14:27:56,2,7682,93,1,1,"#podcast #camilla #viral #IG #realcamillaara #CamillaAraujo #itscamillaara #money #tiktokuni #foryou #fyp #tiktok #fypシ゚viral #pov #foryoupage #fypツ"
"<a href=""https://www.tiktok.com/@ghshfg/video/7467939983861533983"" target=""_blank"" class=""btn btn-sm"" style=""background-color: #00926c; color: white; text-decoration: none; padding: 2px 8px; border-radius: 4px; font-size: 0.8em;"">View Post</a>",2,"ghshfg",2025-02-05 14:22:33,2,2525,58,0,2,"#podcast #camilla #viral #IG #realcamillaara #CamillaAraujo #itscamillaara #money #tiktokuni #foryou #fyp #tiktok #fypシ゚viral #pov #foryoupage #fypツ"
"<a href=""https://www.tiktok.com/@ghshfg/video/7467939604063145247"" target=""_blank"" class=""btn btn-sm"" style=""background-color: #00926c; color: white; text-decoration: none; padding: 2px 8px; border-radius: 4px; font-size: 0.8em;"">View Post</a>",2,"ghshfg",2025-02-05 14:20:45,2,1314,39,0,0,"#podcast #camilla #viral #IG #realcamillaara #CamillaAraujo #itscamillaara #money #tiktokuni #foryou #fyp #tiktok #fypシ゚viral #pov #foryoupage #fypツ"
"<a href=""https://www.tiktok.com/@gugghccjnv/video/7467938015126637854"" target=""_blank"" class=""btn btn-sm"" style=""background-color: #00926c; color: white; text-decoration: none; padding: 2px 8px; border-radius: 4px; font-size: 0.8em;"">View Post</a>",2,"gugghccjnv",2025-02-05 14:15:24,2,8247,210,2,5,"#podcast #camilla #viral #IG #realcamillaara #CamillaAraujo #itscamillaara #money #tiktokuni #foryou #fyp #tiktok #fypシ゚viral #pov #foryoupage #fypツ"
"<a href=""https://www.tiktok.com/@pofm.ldnx/video/7467937908159286558"" target=""_blank"" class=""btn btn-sm"" style=""background-color: #00926c; color: white; text-decoration: none; padding: 2px 8px; border-radius: 4px; font-size: 0.8em;"">View Post</a>",2,"pofm.ldnx",2025-02-05 14:14:31,2,12115,153,2,5,"#podcast #camilla #viral #IG #realcamillaara #CamillaAraujo #itscamillaara #money #tiktokuni #foryou #fyp #tiktok #fypシ゚viral #pov #foryoupage #fypツ"
"<a href=""https://www.tiktok.com/@gugghccjnv/video/7467937504818203934"" target=""_blank"" class=""btn btn-sm"" style=""background-color: #00926c; color: white; text-decoration: none; padding: 2px 8px; border-radius: 4px; font-size: 0.8em;"">View Post</a>",2,"gugghccjnv",2025-02-05 14:12:55,2,4124,87,0,3,"#podcast #camilla #viral #IG #realcamillaara #CamillaAraujo #itscamillaara #money #tiktokuni #foryou #fyp #tiktok #fypシ゚viral #pov #foryoupage #fypツ"
"<a href=""https://www.tiktok.com/@pofm.ldnx/video/7467937492080119071"" target=""_blank"" class=""btn btn-sm"" style=""background-color: #00926c; color: white; text-decoration: none; padding: 2px 8px; border-radius: 4px; font-size: 0.8em;"">View Post</a>",2,"pofm.ldnx",2025-02-05 14:12:59,2,8660,91,1,2,"#podcast #camilla #viral #IG #realcamillaara #CamillaAraujo #itscamillaara #money #tiktokuni #foryou #fyp #tiktok #fypシ゚viral #pov #foryoupage #fypツ"
"<a href=""https://www.tiktok.com/@ghshfg/video/7467570640934030622"" target=""_blank"" class=""btn btn-sm"" style=""background-color: #00926c; color: white; text-decoration: none; padding: 2px 8px; border-radius: 4px; font-size: 0.8em;"">View Post</a>",2,"ghshfg",2025-02-04 14:29:37,2,23362,311,15,3,"#podcast #camilla #viral #IG #realcamillaara #CamillaAraujo #itscamillaara #money #tiktokuni #foryou #fyp #tiktok #fypシ゚viral #pov #foryoupage #fypツ"
"<a href=""https://www.tiktok.com/@pofm.ldnx/video/7467570599469010206"" target=""_blank"" class=""btn btn-sm"" style=""background-color: #00926c; color: white; text-decoration: none; padding: 2px 8px; border-radius: 4px; font-size: 0.8em;"">View Post</a>",2,"pofm.ldnx",2025-02-04 14:29:12,2,903,21,0,0,"#podcast #camilla #viral #IG #realcamillaara #CamillaAraujo #itscamillaara #money #tiktokuni #foryou #fyp #tiktok #fypシ゚viral #pov #foryoupage #fypツ"
"<a href=""https://www.tiktok.com/@pofm.ldnx/video/7467570550701903134"" target=""_blank"" class=""btn btn-sm"" style=""background-color: #00926c; color: white; text-decoration: none; padding: 2px 8px; border-radius: 4px; font-size: 0.8em;"">View Post</a>",2,"pofm.ldnx",2025-02-04 14:29:13,2,915,16,1,0,"#podcast #camilla #viral #IG #realcamillaara #CamillaAraujo #itscamillaara #money #tiktokuni #foryou #fyp #tiktok #fypシ゚viral #pov #foryoupage #fypツ"
"<a href=""https://www.tiktok.com/@gugghccjnv/video/7467570394246040863"" target=""_blank"" class=""btn btn-sm"" style=""background-color: #00926c; color: white; text-decoration: none; padding: 2px 8px; border-radius: 4px; font-size: 0.8em;"">View Post</a>",2,"gugghccjnv",2025-02-04 14:28:17,2,4104,61,1,1,"#podcast #camilla #viral #IG #realcamillaara #CamillaAraujo #itscamillaara #money #tiktokuni #foryou #fyp #tiktok #fypシ゚viral #pov #foryoupage #fypツ"
"<a href=""https://www.tiktok.com/@ghshfg/video/7467570242298940702"" target=""_blank"" class=""btn btn-sm"" style=""background-color: #00926c; color: white; text-decoration: none; padding: 2px 8px; border-radius: 4px; font-size: 0.8em;"">View Post</a>",2,"ghshfg",2025-02-04 14:28:09,2,3228,56,1,2,"#podcast #camilla #viral #IG #realcamillaara #CamillaAraujo #itscamillaara #money #tiktokuni #foryou #fyp #tiktok #fypシ゚viral #pov #foryoupage #fypツ"
"<a href=""https://www.tiktok.com/@gugghccjnv/video/7467569807005601054"" target=""_blank"" class=""btn btn-sm"" style=""background-color: #00926c; color: white; text-decoration: none; padding: 2px 8px; border-radius: 4px; font-size: 0.8em;"">View Post</a>",2,"gugghccjnv",2025-02-04 14:25:58,2,4704,80,1,1,"#podcast #camilla #viral #IG #realcamillaara #CamillaAraujo #itscamillaara #money #tiktokuni #foryou #fyp #tiktok #fypシ゚viral #pov #foryoupage #fypツ"
"<a href=""https://www.tiktok.com/@ghshfg/video/7467205827259026718"" target=""_blank"" class=""btn btn-sm"" style=""background-color: #00926c; color: white; text-decoration: none; padding: 2px 8px; border-radius: 4px; font-size: 0.8em;"">View Post</a>",2,"ghshfg",2025-02-03 14:53:23,2,4251,102,1,0,"#podcast #camilla #viral #IG #realcamillaara #CamillaAraujo #itscamillaara #money #tiktokuni #foryou #fyp #tiktok #fypシ゚viral #pov #foryoupage #fypツ"
"<a href=""https://www.tiktok.com/@gugghccjnv/video/7467205153234373919"" target=""_blank"" class=""btn btn-sm"" style=""background-color: #00926c; color: white; text-decoration: none; padding: 2px 8px; border-radius: 4px; font-size: 0.8em;"">View Post</a>",2,"gugghccjnv",2025-02-03 14:51:07,2,4236,77,2,1,"#podcast #camilla #viral #IG #realcamillaara #CamillaAraujo #itscamillaara #money #tiktokuni #foryou #fyp #tiktok #fypシ゚viral #pov #foryoupage #fypツ"
"<a href=""https://www.tiktok.com/@pofm.ldnx/video/7467203616256920862"" target=""_blank"" class=""btn btn-sm"" style=""background-color: #00926c; color: white; text-decoration: none; padding: 2px 8px; border-radius: 4px; font-size: 0.8em;"">View Post</a>",2,"pofm.ldnx",2025-02-03 14:44:58,2,902,21,0,0,"#podcast #camilla #viral #IG #realcamillaara #CamillaAraujo #itscamillaara #money #tiktokuni #foryou #fyp #tiktok #fypシ゚viral #pov #foryoupage #fypツ"
"<a href=""https://www.tiktok.com/@ghshfg/video/7467203117013077278"" target=""_blank"" class=""btn btn-sm"" style=""background-color: #00926c; color: white; text-decoration: none; padding: 2px 8px; border-radius: 4px; font-size: 0.8em;"">View Post</a>",2,"ghshfg",2025-02-03 14:43:12,2,44673,971,3,8,"#podcast #camilla #viral #IG #realcamillaara #CamillaAraujo #itscamillaara #money #tiktokuni #foryou #fyp #tiktok #fypシ゚viral #pov #foryoupage #fypツ"
"<a href=""https://www.tiktok.com/@gugghccjnv/video/7467202826884746527"" target=""_blank"" class=""btn btn-sm"" style=""background-color: #00926c; color: white; text-decoration: none; padding: 2px 8px; border-radius: 4px; font-size: 0.8em;"">View Post</a>",2,"gugghccjnv",2025-02-03 14:42:18,2,258896,2996,30,45,"#podcast #camilla #viral #IG #realcamillaara #CamillaAraujo #itscamillaara #money #tiktokuni #foryou #fyp #tiktok #fypシ゚viral #pov #foryoupage #fypツ"
"<a href=""https://www.tiktok.com/@pofm.ldnx/video/7466830229865008415"" target=""_blank"" class=""btn btn-sm"" style=""background-color: #00926c; color: white; text-decoration: none; padding: 2px 8px; border-radius: 4px; font-size: 0.8em;"">View Post</a>",2,"pofm.ldnx",2025-02-02 14:35:55,2,5011,61,0,1,"#podcast #camilla #viral #IG #realcamillaara #CamillaAraujo #itscamillaara #money #tiktokuni #foryou #fyp #tiktok #fypシ゚viral #pov #foryoupage #fypツ"
"<a href=""https://www.tiktok.com/@gugghccjnv/video/7466830191503969567"" target=""_blank"" class=""btn btn-sm"" style=""background-color: #00926c; color: white; text-decoration: none; padding: 2px 8px; border-radius: 4px; font-size: 0.8em;"">View Post</a>",2,"gugghccjnv",2025-02-02 14:36:08,2,28137,598,4,4,"#podcast #camilla #viral #IG #realcamillaara #CamillaAraujo #itscamillaara #money #tiktokuni #foryou #fyp #tiktok #fypシ゚viral #pov #foryoupage #fypツ"
"<a href=""https://www.tiktok.com/@ghshfg/video/7466830005645987103"" target=""_blank"" class=""btn btn-sm"" style=""background-color: #00926c; color: white; text-decoration: none; padding: 2px 8px; border-radius: 4px; font-size: 0.8em;"">View Post</a>",2,"ghshfg",2025-02-02 14:35:17,2,9223,139,3,2,"#podcast #camilla #viral #IG #realcamillaara #CamillaAraujo #itscamillaara #money #tiktokuni #foryou #fyp #tiktok #fypシ゚viral #pov #foryoupage #fypツ"
"<a href=""https://www.tiktok.com/@ghshfg/video/7466829681686252831"" target=""_blank"" class=""btn btn-sm"" style=""background-color: #00926c; color: white; text-decoration: none; padding: 2px 8px; border-radius: 4px; font-size: 0.8em;"">View Post</a>",2,"ghshfg",2025-02-02 14:33:40,2,58489,331,2,5,"#podcast #camilla #viral #IG #realcamillaara #CamillaAraujo #itscamillaara #money #tiktokuni #foryou #fyp #tiktok #fypシ゚viral #pov #foryoupage #fypツ"
"<a href=""https://www.tiktok.com/@pofm.ldnx/video/7466829509963074846"" target=""_blank"" class=""btn btn-sm"" style=""background-color: #00926c; color: white; text-decoration: none; padding: 2px 8px; border-radius: 4px; font-size: 0.8em;"">View Post</a>",2,"pofm.ldnx",2025-02-02 14:33:16,2,1136,28,0,0,"#podcast #camilla #viral #IG #realcamillaara #CamillaAraujo #itscamillaara #money #tiktokuni #foryou #fyp #tiktok #fypシ゚viral #pov #foryoupage #fypツ"
"<a href=""https://www.tiktok.com/@gugghccjnv/video/7466829468338867487"" target=""_blank"" class=""btn btn-sm"" style=""background-color: #00926c; color: white; text-decoration: none; padding: 2px 8px; border-radius: 4px; font-size: 0.8em;"">View Post</a>",2,"gugghccjnv",2025-02-02 14:33:15,2,3033,57,0,0,"#podcast #camilla #viral #IG #realcamillaara #CamillaAraujo #itscamillaara #money #tiktokuni #foryou #fyp #tiktok #fypシ゚viral #pov #foryoupage #fypツ"
"<a href=""https://www.tiktok.com/@gugghccjnv/video/7466101327223901470"" target=""_blank"" class=""btn btn-sm"" style=""background-color: #00926c; color: white; text-decoration: none; padding: 2px 8px; border-radius: 4px; font-size: 0.8em;"">View Post</a>",2,"gugghccjnv",2025-01-31 15:27:07,2,11737,171,3,4,"#podcast #camilla #viral #IG #realcamillaara #CamillaAraujo #itscamillaara #money #tiktokuni #foryou #fyp #tiktok #fypシ゚viral #pov #foryoupage #fypツ"
"<a href=""https://www.tiktok.com/@ghshfg/video/7466101307858898206"" target=""_blank"" class=""btn btn-sm"" style=""background-color: #00926c; color: white; text-decoration: none; padding: 2px 8px; border-radius: 4px; font-size: 0.8em;"">View Post</a>",2,"ghshfg",2025-01-31 15:27:21,2,3771,117,0,0,"#podcast #camilla #viral #IG #realcamillaara #CamillaAraujo #itscamillaara #money #tiktokuni #foryou #fyp #tiktok #fypシ゚viral #pov #foryoupage #fypツ"
"<a href=""https://www.tiktok.com/@pofm.ldnx/video/7466100879943339295"" target=""_blank"" class=""btn btn-sm"" style=""background-color: #00926c; color: white; text-decoration: none; padding: 2px 8px; border-radius: 4px; font-size: 0.8em;"">View Post</a>",2,"pofm.ldnx",2025-01-31 15:25:35,2,971,33,0,0,"#podcast #camilla #viral #IG #realcamillaara #CamillaAraujo #itscamillaara #money #tiktokuni #foryou #fyp #tiktok #fypシ゚viral #pov #foryoupage #fypツ"
"<a href=""https://www.tiktok.com/@ghshfg/video/7466100724586384671"" target=""_blank"" class=""btn btn-sm"" style=""background-color: #00926c; color: white; text-decoration: none; padding: 2px 8px; border-radius: 4px; font-size: 0.8em;"">View Post</a>",2,"ghshfg",2025-01-31 15:25:29,2,6806,126,2,0,"#podcast #camilla #viral #IG #realcamillaara #CamillaAraujo #itscamillaara #money #tiktokuni #foryou #fyp #tiktok #fypシ゚viral #pov #foryoupage #fypツ"
"<a href=""https://www.tiktok.com/@gugghccjnv/video/7466100532734610719"" target=""_blank"" class=""btn btn-sm"" style=""background-color: #00926c; color: white; text-decoration: none; padding: 2px 8px; border-radius: 4px; font-size: 0.8em;"">View Post</a>",2,"gugghccjnv",2025-01-31 15:24:36,2,9714,234,1,1,"#podcast #camilla #viral #IG #realcamillaara #CamillaAraujo #itscamillaara #money #tiktokuni #foryou #fyp #tiktok #fypシ゚viral #pov #foryoupage #fypツ"
"<a href=""https://www.tiktok.com/@pofm.ldnx/video/7466100492188339486"" target=""_blank"" class=""btn btn-sm"" style=""background-color: #00926c; color: white; text-decoration: none; padding: 2px 8px; border-radius: 4px; font-size: 0.8em;"">View Post</a>",2,"pofm.ldnx",2025-01-31 15:24:04,2,900,41,0,0,"#podcast #camilla #viral #IG #realcamillaara #CamillaAraujo #itscamillaara #money #tiktokuni #foryou #fyp #tiktok #fypシ゚viral #pov #foryoupage #fypツ"
"<a href=""https://www.tiktok.com/@pofm.ldnx/video/7465732786901519647"" target=""_blank"" class=""btn btn-sm"" style=""background-color: #00926c; color: white; text-decoration: none; padding: 2px 8px; border-radius: 4px; font-size: 0.8em;"">View Post</a>",2,"pofm.ldnx",2025-01-30 15:37:29,2,1073,38,1,0,"#podcast #camilla #viral #IG #realcamillaara #CamillaAraujo #itscamillaara #money #tiktokuni #foryou #fyp #tiktok #fypシ゚viral #pov #foryoupage #fypツ"
"<a href=""https://www.tiktok.com/@gugghccjnv/video/7465726931028217119"" target=""_blank"" class=""btn btn-sm"" style=""background-color: #00926c; color: white; text-decoration: none; padding: 2px 8px; border-radius: 4px; font-size: 0.8em;"">View Post</a>",2,"gugghccjnv",2025-01-30 15:14:28,2,6839,167,5,2,"#podcast #camilla #viral #IG #realcamillaara #CamillaAraujo #itscamillaara #money #tiktokuni #foryou #fyp #tiktok #fypシ゚viral #pov #foryoupage #fypツ"
"<a href=""https://www.tiktok.com/@ghshfg/video/7465726496066243870"" target=""_blank"" class=""btn btn-sm"" style=""background-color: #00926c; color: white; text-decoration: none; padding: 2px 8px; border-radius: 4px; font-size: 0.8em;"">View Post</a>",2,"ghshfg",2025-01-30 15:12:46,2,28797,659,6,4,"#podcast #camilla #viral #IG #realcamillaara #CamillaAraujo #itscamillaara #money #tiktokuni #foryou #fyp #tiktok #fypシ゚viral #pov #foryoupage #fypツ"
"<a href=""https://www.tiktok.com/@gugghccjnv/video/7465726203014450462"" target=""_blank"" class=""btn btn-sm"" style=""background-color: #00926c; color: white; text-decoration: none; padding: 2px 8px; border-radius: 4px; font-size: 0.8em;"">View Post</a>",2,"gugghccjnv",2025-01-30 15:11:51,2,304008,6179,16,25,"#podcast #camilla #viral #IG #realcamillaara #CamillaAraujo #itscamillaara #money #tiktokuni #foryou #fyp #tiktok #fypシ゚viral #pov #foryoupage #fypツ"
"<a href=""https://www.tiktok.com/@ghshfg/video/7465726117744299295"" target=""_blank"" class=""btn btn-sm"" style=""background-color: #00926c; color: white; text-decoration: none; padding: 2px 8px; border-radius: 4px; font-size: 0.8em;"">View Post</a>",2,"ghshfg",2025-01-30 15:11:33,2,5027,71,0,0,"#podcast #camilla #viral #IG #realcamillaara #CamillaAraujo #itscamillaara #money #tiktokuni #foryou #fyp #tiktok #fypシ゚viral #pov #foryoupage #fypツ"
"<a href=""https://www.tiktok.com/@pofm.ldnx/video/7465355443846565150"" target=""_blank"" class=""btn btn-sm"" style=""background-color: #00926c; color: white; text-decoration: none; padding: 2px 8px; border-radius: 4px; font-size: 0.8em;"">View Post</a>",2,"pofm.ldnx",2025-01-29 15:13:11,2,4839,87,0,0,"#podcast #camilla #viral #IG #realcamillaara #CamillaAraujo #itscamillaara #money #tiktokuni #foryou #fyp #tiktok #fypシ゚viral #pov #foryoupage #fypツ"
"<a href=""https://www.tiktok.com/@gugghccjnv/video/7465355367464078623"" target=""_blank"" class=""btn btn-sm"" style=""background-color: #00926c; color: white; text-decoration: none; padding: 2px 8px; border-radius: 4px; font-size: 0.8em;"">View Post</a>",2,"gugghccjnv",2025-01-29 15:12:49,2,20717,228,5,1,"#podcast #camilla #viral #IG #realcamillaara #CamillaAraujo #itscamillaara #money #tiktokuni #foryou #fyp #tiktok #fypシ゚viral #pov #foryoupage #fypツ"
"<a href=""https://www.tiktok.com/@pofm.ldnx/video/7465355107798879519"" target=""_blank"" class=""btn btn-sm"" style=""background-color: #00926c; color: white; text-decoration: none; padding: 2px 8px; border-radius: 4px; font-size: 0.8em;"">View Post</a>",2,"pofm.ldnx",2025-01-29 15:11:32,2,1161,31,0,0,"#podcast #camilla #viral #IG #realcamillaara #CamillaAraujo #itscamillaara #money #tiktokuni #foryou #fyp #tiktok #fypシ゚viral #pov #foryoupage #fypツ"
"<a href=""https://www.tiktok.com/@ghshfg/video/7465354990689783071"" target=""_blank"" class=""btn btn-sm"" style=""background-color: #00926c; color: white; text-decoration: none; padding: 2px 8px; border-radius: 4px; font-size: 0.8em;"">View Post</a>",2,"ghshfg",2025-01-29 15:11:26,2,3546,123,1,0,"#podcast #camilla #viral #IG #realcamillaara #CamillaAraujo #itscamillaara #money #tiktokuni #foryou #fyp #tiktok #fypシ゚viral #pov #foryoupage #fypツ"
"<a href=""https://www.tiktok.com/@gugghccjnv/video/7465354025416805663"" target=""_blank"" class=""btn btn-sm"" style=""background-color: #00926c; color: white; text-decoration: none; padding: 2px 8px; border-radius: 4px; font-size: 0.8em;"">View Post</a>",2,"gugghccjnv",2025-01-29 15:07:27,2,2794,61,2,0,"#podcast #camilla #viral #IG #realcamillaara #CamillaAraujo #itscamillaara #money #tiktokuni #foryou #fyp #tiktok #fypシ゚viral #pov #foryoupage #fypツ"
"<a href=""https://www.tiktok.com/@ghshfg/video/7465353956525427999"" target=""_blank"" class=""btn btn-sm"" style=""background-color: #00926c; color: white; text-decoration: none; padding: 2px 8px; border-radius: 4px; font-size: 0.8em;"">View Post</a>",2,"ghshfg",2025-01-29 15:07:18,2,1166,46,1,0,"#podcast #camilla #viral #IG #realcamillaara #CamillaAraujo #itscamillaara #money #tiktokuni #foryou #fyp #tiktok #fypシ゚viral #pov #foryoupage #fypツ"
"<a href=""https://www.tiktok.com/@pofm.ldnx/video/7464975431926697246"" target=""_blank"" class=""btn btn-sm"" style=""background-color: #00926c; color: white; text-decoration: none; padding: 2px 8px; border-radius: 4px; font-size: 0.8em;"">View Post</a>",2,"pofm.ldnx",2025-01-28 14:38:33,2,1094,27,0,0,"#podcast #camilla #viral #IG #realcamillaara #CamillaAraujo #itscamillaara #money #tiktokuni #foryou #fyp #tiktok #fypシ゚viral #pov #foryoupage #fypツ"
"<a href=""https://www.tiktok.com/@gugghccjnv/video/7464975104007474463"" target=""_blank"" class=""btn btn-sm"" style=""background-color: #00926c; color: white; text-decoration: none; padding: 2px 8px; border-radius: 4px; font-size: 0.8em;"">View Post</a>",2,"gugghccjnv",2025-01-28 14:37:18,2,9112,107,2,2,"#podcast #camilla #viral #IG #realcamillaara #CamillaAraujo #itscamillaara #money #tiktokuni #foryou #fyp #tiktok #fypシ゚viral #pov #foryoupage #fypツ"
"<a href=""https://www.tiktok.com/@ghshfg/video/7464975080993377566"" target=""_blank"" class=""btn btn-sm"" style=""background-color: #00926c; color: white; text-decoration: none; padding: 2px 8px; border-radius: 4px; font-size: 0.8em;"">View Post</a>",2,"ghshfg",2025-01-28 14:37:14,2,1701,26,0,0,"#podcast #camilla #viral #IG #realcamillaara #CamillaAraujo #itscamillaara #money #tiktokuni #foryou #fyp #tiktok #fypシ゚viral #pov #foryoupage #fypツ"
"<a href=""https://www.tiktok.com/@pofm.ldnx/video/7464974772867206431"" target=""_blank"" class=""btn btn-sm"" style=""background-color: #00926c; color: white; text-decoration: none; padding: 2px 8px; border-radius: 4px; font-size: 0.8em;"">View Post</a>",2,"pofm.ldnx",2025-01-28 14:36:00,2,1138,31,0,1,"#podcast #camilla #viral #IG #realcamillaara #CamillaAraujo #itscamillaara #money #tiktokuni #foryou #fyp #tiktok #fypシ゚viral #pov #foryoupage #fypツ"
"<a href=""https://www.tiktok.com/@gugghccjnv/video/7464974389965098270"" target=""_blank"" class=""btn btn-sm"" style=""background-color: #00926c; color: white; text-decoration: none; padding: 2px 8px; border-radius: 4px; font-size: 0.8em;"">View Post</a>",2,"gugghccjnv",2025-01-28 14:34:27,2,6909,136,1,2,"#podcast #camilla #viral #IG #realcamillaara #CamillaAraujo #itscamillaara #money #tiktokuni #foryou #fyp #tiktok #fypシ゚viral #pov #foryoupage #fypツ"
"<a href=""https://www.tiktok.com/@ghshfg/video/7464613023315971359"" target=""_blank"" class=""btn btn-sm"" style=""background-color: #00926c; color: white; text-decoration: none; padding: 2px 8px; border-radius: 4px; font-size: 0.8em;"">View Post</a>",2,"ghshfg",2025-01-27 15:12:15,2,3385,41,0,0,"#podcast #camilla #viral #IG #realcamillaara #CamillaAraujo #itscamillaara #money #tiktokuni #foryou #fyp #tiktok #fypシ゚viral #pov #foryoupage #fypツ"
"<a href=""https://www.tiktok.com/@ghshfg/video/7464612953879285023"" target=""_blank"" class=""btn btn-sm"" style=""background-color: #00926c; color: white; text-decoration: none; padding: 2px 8px; border-radius: 4px; font-size: 0.8em;"">View Post</a>",2,"ghshfg",2025-01-27 15:11:39,2,4719,46,0,0,"#podcast #camilla #viral #IG #realcamillaara #CamillaAraujo #itscamillaara #money #tiktokuni #foryou #fyp #tiktok #fypシ゚viral #pov #foryoupage #fypツ"
"<a href=""https://www.tiktok.com/@pofm.ldnx/video/7464612039822970142"" target=""_blank"" class=""btn btn-sm"" style=""background-color: #00926c; color: white; text-decoration: none; padding: 2px 8px; border-radius: 4px; font-size: 0.8em;"">View Post</a>",2,"pofm.ldnx",2025-01-27 15:08:03,2,9354,70,1,11,"#podcast #camilla #viral #IG #realcamillaara #CamillaAraujo #itscamillaara #money #tiktokuni #foryou #fyp #tiktok #fypシ゚viral #pov #foryoupage #fypツ"
"<a href=""https://www.tiktok.com/@pofm.ldnx/video/7464611332738927902"" target=""_blank"" class=""btn btn-sm"" style=""background-color: #00926c; color: white; text-decoration: none; padding: 2px 8px; border-radius: 4px; font-size: 0.8em;"">View Post</a>",2,"pofm.ldnx",2025-01-27 15:05:53,2,970,28,0,0,"#podcast #camilla #viral #IG #realcamillaara #CamillaAraujo #itscamillaara #money #tiktokuni #foryou #fyp #tiktok #fypシ゚viral #pov #foryoupage #fypツ"
"<a href=""https://www.tiktok.com/@toot5744/video/7468901742441172270"" target=""_blank"" class=""btn btn-sm"" style=""background-color: #00926c; color: white; text-decoration: none; padding: 2px 8px; border-radius: 4px; font-size: 0.8em;"">View Post</a>",5,"toot5744",2025-02-08 04:33:50,1,2930,47,0,12,"#pimplepopperaddict #pimple#textractions#ingrownhairremoval#ingrown #ingrownhair#picking#tweezers #skinpicking #satisfying#blemishes#blemishbandits#cloggedpores #pores #acne#hair#cleanskincare #skincareroutine#fyp #relaxingvideos #viral#trending#viraltiktok#creatorsearchinsights #foryoU#tiktok #pvo#skit"
"<a href=""https://www.tiktok.com/@toot5744/video/7468901697520454958"" target=""_blank"" class=""btn btn-sm"" style=""background-color: #00926c; color: white; text-decoration: none; padding: 2px 8px; border-radius: 4px; font-size: 0.8em;"">View Post</a>",5,"toot5744",2025-02-08 04:33:48,1,485607,13275,53,123,"#pimplepopperaddict #pimple#textractions#ingrownhairremoval#ingrown #ingrownhair#picking#tweezers #skinpicking #satisfying#blemishes#blemishbandits#cloggedpores #pores #acne#hair#cleanskincare #skincareroutine#fyp #relaxingvideos #viral#trending#viraltiktok#creatorsearchinsights #foryoU#tiktok #pvo#skit"
"<a href=""https://www.tiktok.com/@toot66364/video/7468901613734743339"" target=""_blank"" class=""btn btn-sm"" style=""background-color: #00926c; color: white; text-decoration: none; padding: 2px 8px; border-radius: 4px; font-size: 0.8em;"">View Post</a>",5,"toot66364",2025-02-08 04:33:20,1,8891,131,1,4,"#pimplepopperaddict #pimple#textractions#ingrownhairremoval#ingrown #ingrownhair#picking#tweezers #skinpicking #satisfying#blemishes#blemishbandits#cloggedpores #pores #acne#hair#cleanskincare #skincareroutine#fyp #relaxingvideos #viral#trending#viraltiktok#creatorsearchinsights #foryoU#tiktok #pvo#skit"
"<a href=""https://www.tiktok.com/@toot66364/video/7468901610048032043"" target=""_blank"" class=""btn btn-sm"" style=""background-color: #00926c; color: white; text-decoration: none; padding: 2px 8px; border-radius: 4px; font-size: 0.8em;"">View Post</a>",5,"toot66364",2025-02-08 04:33:34,1,9725,237,1,3,"#pimplepopperaddict #pimple#textractions#ingrownhairremoval#ingrown #ingrownhair#picking#tweezers #skinpicking #satisfying#blemishes#blemishbandits#cloggedpores #pores #acne#hair#cleanskincare #skincareroutine#fyp #relaxingvideos #viral#trending#viraltiktok#creatorsearchinsights #foryoU#tiktok #pvo#skit"
"<a href=""https://www.tiktok.com/@toot5744/video/7468487764196101422"" target=""_blank"" class=""btn btn-sm"" style=""background-color: #00926c; color: white; text-decoration: none; padding: 2px 8px; border-radius: 4px; font-size: 0.8em;"">View Post</a>",5,"toot5744",2025-02-07 01:47:08,1,2385,60,0,5,"#pimplepopperaddict #pimple#textractions#ingrownhairremoval#ingrown #ingrownhair#picking#tweezers #skinpicking #satisfying#blemishes#blemishbandits#cloggedpores #pores #acne#hair#cleanskincare #skincareroutine#fyp #relaxingvideos #viral#trending#viraltiktok#creatorsearchinsights #foryoU#tiktok #pvo#skit"
"<a href=""https://www.tiktok.com/@toot5744/video/7468487749964959022"" target=""_blank"" class=""btn btn-sm"" style=""background-color: #00926c; color: white; text-decoration: none; padding: 2px 8px; border-radius: 4px; font-size: 0.8em;"">View Post</a>",5,"toot5744",2025-02-07 01:47:03,1,2030,53,0,0,"#pimplepopperaddict #pimple#textractions#ingrownhairremoval#ingrown #ingrownhair#picking#tweezers #skinpicking #satisfying#blemishes#blemishbandits#cloggedpores #pores #acne#hair#cleanskincare #skincareroutine#fyp #relaxingvideos #viral#trending#viraltiktok#creatorsearchinsights #foryoU#tiktok #pvo#skit"
"<a href=""https://www.tiktok.com/@toot5744/video/7468487736291298606"" target=""_blank"" class=""btn btn-sm"" style=""background-color: #00926c; color: white; text-decoration: none; padding: 2px 8px; border-radius: 4px; font-size: 0.8em;"">View Post</a>",5,"toot5744",2025-02-07 01:47:02,1,7356,71,0,1,"#pimplepopperaddict #pimple#textractions#ingrownhairremoval#ingrown #ingrownhair#picking#tweezers #skinpicking #satisfying#blemishes#blemishbandits#cloggedpores #pores #acne#hair#cleanskincare #skincareroutine#fyp #relaxingvideos #viral#trending#viraltiktok#creatorsearchinsights #foryoU#tiktok #pvo#skit"
"<a href=""https://www.tiktok.com/@toot66364/video/7468482183263735086"" target=""_blank"" class=""btn btn-sm"" style=""background-color: #00926c; color: white; text-decoration: none; padding: 2px 8px; border-radius: 4px; font-size: 0.8em;"">View Post</a>",5,"toot66364",2025-02-07 01:25:29,1,16093,274,3,5,"#pimplepopperaddict #pimple#textractions#ingrownhairremoval#ingrown #ingrownhair#picking#tweezers #skinpicking #satisfying#blemishes#blemishbandits#cloggedpores #pores #acne#hair#cleanskincare #skincareroutine#fyp #relaxingvideos #viral#trending#viraltiktok#creatorsearchinsights #foryoU#tiktok #pvo#skit"
"<a href=""https://www.tiktok.com/@toot66364/video/7468482031853522222"" target=""_blank"" class=""btn btn-sm"" style=""background-color: #00926c; color: white; text-decoration: none; padding: 2px 8px; border-radius: 4px; font-size: 0.8em;"">View Post</a>",5,"toot66364",2025-02-07 01:24:55,1,3720,68,1,0,"#pimplepopperaddict #pimple#textractions#ingrownhairremoval#ingrown #ingrownhair#picking#tweezers #skinpicking #satisfying#blemishes#blemishbandits#cloggedpores #pores #acne#hair#cleanskincare #skincareroutine#fyp #relaxingvideos #viral#trending#viraltiktok#creatorsearchinsights #foryoU#tiktok #pvo#skit"
"<a href=""https://www.tiktok.com/@toot5744/video/7468901742441172270"" target=""_blank"" class=""btn btn-sm"" style=""background-color: #00926c; color: white; text-decoration: none; padding: 2px 8px; border-radius: 4px; font-size: 0.8em;"">View Post</a>",5,"toot5744",2025-02-08 04:33:50,1,2931,47,0,12,"#pimplepopperaddict #pimple#textractions#ingrownhairremoval#ingrown #ingrownhair#picking#tweezers #skinpicking #satisfying#blemishes#blemishbandits#cloggedpores #pores #acne#hair#cleanskincare #skincareroutine#fyp #relaxingvideos #viral#trending#viraltiktok#creatorsearchinsights #foryoU#tiktok #pvo#skit"
"<a href=""https://www.tiktok.com/@toot5744/video/7468901697520454958"" target=""_blank"" class=""btn btn-sm"" style=""background-color: #00926c; color: white; text-decoration: none; padding: 2px 8px; border-radius: 4px; font-size: 0.8em;"">View Post</a>",5,"toot5744",2025-02-08 04:33:48,1,485620,13275,53,123,"#pimplepopperaddict #pimple#textractions#ingrownhairremoval#ingrown #ingrownhair#picking#tweezers #skinpicking #satisfying#blemishes#blemishbandits#cloggedpores #pores #acne#hair#cleanskincare #skincareroutine#fyp #relaxingvideos #viral#trending#viraltiktok#creatorsearchinsights #foryoU#tiktok #pvo#skit"
"<a href=""https://www.tiktok.com/@toot66364/video/7468901610048032043"" target=""_blank"" class=""btn btn-sm"" style=""background-color: #00926c; color: white; text-decoration: none; padding: 2px 8px; border-radius: 4px; font-size: 0.8em;"">View Post</a>",5,"toot66364",2025-02-08 04:33:34,1,9726,237,1,3,"#pimplepopperaddict #pimple#textractions#ingrownhairremoval#ingrown #ingrownhair#picking#tweezers #skinpicking #satisfying#blemishes#blemishbandits#cloggedpores #pores #acne#hair#cleanskincare #skincareroutine#fyp #relaxingvideos #viral#trending#viraltiktok#creatorsearchinsights #foryoU#tiktok #pvo#skit"
"<a href=""https://www.tiktok.com/@toot5744/video/7468901697520454958"" target=""_blank"" class=""btn btn-sm"" style=""background-color: #00926c; color: white; text-decoration: none; padding: 2px 8px; border-radius: 4px; font-size: 0.8em;"">View Post</a>",5,"toot5744",2025-02-08 04:33:48,1,485641,13277,53,123,"#pimplepopperaddict #pimple#textractions#ingrownhairremoval#ingrown #ingrownhair#picking#tweezers #skinpicking #satisfying#blemishes#blemishbandits#cloggedpores #pores #acne#hair#cleanskincare #skincareroutine#fyp #relaxingvideos #viral#trending#viraltiktok#creatorsearchinsights #foryoU#tiktok #pvo#skit"
"<a href=""https://www.tiktok.com/@toot66364/video/7468901610048032043"" target=""_blank"" class=""btn btn-sm"" style=""background-color: #00926c; color: white; text-decoration: none; padding: 2px 8px; border-radius: 4px; font-size: 0.8em;"">View Post</a>",5,"toot66364",2025-02-08 04:33:34,1,9727,237,1,3,"#pimplepopperaddict #pimple#textractions#ingrownhairremoval#ingrown #ingrownhair#picking#tweezers #skinpicking #satisfying#blemishes#blemishbandits#cloggedpores #pores #acne#hair#cleanskincare #skincareroutine#fyp #relaxingvideos #viral#trending#viraltiktok#creatorsearchinsights #foryoU#tiktok #pvo#skit"
"<a href=""https://www.tiktok.com/@toot66364/video/7468482031853522222"" target=""_blank"" class=""btn btn-sm"" style=""background-color: #00926c; color: white; text-decoration: none; padding: 2px 8px; border-radius: 4px; font-size: 0.8em;"">View Post</a>",5,"toot66364",2025-02-07 01:24:55,1,3721,68,1,0,"#pimplepopperaddict #pimple#textractions#ingrownhairremoval#ingrown #ingrownhair#picking#tweezers #skinpicking #satisfying#blemishes#blemishbandits#cloggedpores #pores #acne#hair#cleanskincare #skincareroutine#fyp #relaxingvideos #viral#trending#viraltiktok#creatorsearchinsights #foryoU#tiktok #pvo#skit"
"<a href=""https://www.tiktok.com/@toot5744/video/7468901697520454958"" target=""_blank"" class=""btn btn-sm"" style=""background-color: #00926c; color: white; text-decoration: none; padding: 2px 8px; border-radius: 4px; font-size: 0.8em;"">View Post</a>",5,"toot5744",2025-02-08 04:33:48,1,485672,13277,53,123,"#pimplepopperaddict #pimple#textractions#ingrownhairremoval#ingrown #ingrownhair#picking#tweezers #skinpicking #satisfying#blemishes#blemishbandits#cloggedpores #pores #acne#hair#cleanskincare #skincareroutine#fyp #relaxingvideos #viral#trending#viraltiktok#creatorsearchinsights #foryoU#tiktok #pvo#skit"
"<a href=""https://www.tiktok.com/@toot66364/video/7468901613734743339"" target=""_blank"" class=""btn btn-sm"" style=""background-color: #00926c; color: white; text-decoration: none; padding: 2px 8px; border-radius: 4px; font-size: 0.8em;"">View Post</a>",5,"toot66364",2025-02-08 04:33:20,1,8892,131,1,4,"#pimplepopperaddict #pimple#textractions#ingrownhairremoval#ingrown #ingrownhair#picking#tweezers #skinpicking #satisfying#blemishes#blemishbandits#cloggedpores #pores #acne#hair#cleanskincare #skincareroutine#fyp #relaxingvideos #viral#trending#viraltiktok#creatorsearchinsights #foryoU#tiktok #pvo#skit"
"<a href=""https://www.tiktok.com/@toot5744/video/7468901697520454958"" target=""_blank"" class=""btn btn-sm"" style=""background-color: #00926c; color: white; text-decoration: none; padding: 2px 8px; border-radius: 4px; font-size: 0.8em;"">View Post</a>",5,"toot5744",2025-02-08 04:33:48,1,485743,13281,53,123,"#pimplepopperaddict #pimple#textractions#ingrownhairremoval#ingrown #ingrownhair#picking#tweezers #skinpicking #satisfying#blemishes#blemishbandits#cloggedpores #pores #acne#hair#cleanskincare #skincareroutine#fyp #relaxingvideos #viral#trending#viraltiktok#creatorsearchinsights #foryoU#tiktok #pvo#skit"
"<a href=""https://www.tiktok.com/@toot66364/video/7468482183263735086"" target=""_blank"" class=""btn btn-sm"" style=""background-color: #00926c; color: white; text-decoration: none; padding: 2px 8px; border-radius: 4px; font-size: 0.8em;"">View Post</a>",5,"toot66364",2025-02-07 01:25:29,1,16094,274,3,5,"#pimplepopperaddict #pimple#textractions#ingrownhairremoval#ingrown #ingrownhair#picking#tweezers #skinpicking #satisfying#blemishes#blemishbandits#cloggedpores #pores #acne#hair#cleanskincare #skincareroutine#fyp #relaxingvideos #viral#trending#viraltiktok#creatorsearchinsights #foryoU#tiktok #pvo#skit"
"<a href=""https://www.tiktok.com/@toot66364/video/7468482031853522222"" target=""_blank"" class=""btn btn-sm"" style=""background-color: #00926c; color: white; text-decoration: none; padding: 2px 8px; border-radius: 4px; font-size: 0.8em;"">View Post</a>",5,"toot66364",2025-02-07 01:24:55,1,3722,68,1,0,"#pimplepopperaddict #pimple#textractions#ingrownhairremoval#ingrown #ingrownhair#picking#tweezers #skinpicking #satisfying#blemishes#blemishbandits#cloggedpores #pores #acne#hair#cleanskincare #skincareroutine#fyp #relaxingvideos #viral#trending#viraltiktok#creatorsearchinsights #foryoU#tiktok #pvo#skit"
"<a href=""https://www.tiktok.com/@toot5744/video/7468901697520454958"" target=""_blank"" class=""btn btn-sm"" style=""background-color: #00926c; color: white; text-decoration: none; padding: 2px 8px; border-radius: 4px; font-size: 0.8em;"">View Post</a>",5,"toot5744",2025-02-08 04:33:48,1,485763,13281,53,123,"#pimplepopperaddict #pimple#textractions#ingrownhairremoval#ingrown #ingrownhair#picking#tweezers #skinpicking #satisfying#blemishes#blemishbandits#cloggedpores #pores #acne#hair#cleanskincare #skincareroutine#fyp #relaxingvideos #viral#trending#viraltiktok#creatorsearchinsights #foryoU#tiktok #pvo#skit"
"<a href=""https://www.tiktok.com/@toot66364/video/7468901610048032043"" target=""_blank"" class=""btn btn-sm"" style=""background-color: #00926c; color: white; text-decoration: none; padding: 2px 8px; border-radius: 4px; font-size: 0.8em;"">View Post</a>",5,"toot66364",2025-02-08 04:33:34,1,9728,237,1,3,"#pimplepopperaddict #pimple#textractions#ingrownhairremoval#ingrown #ingrownhair#picking#tweezers #skinpicking #satisfying#blemishes#blemishbandits#cloggedpores #pores #acne#hair#cleanskincare #skincareroutine#fyp #relaxingvideos #viral#trending#viraltiktok#creatorsearchinsights #foryoU#tiktok #pvo#skit"
