"Account","Network","Unique Shares","Avg Time Between Shares (sec)","Edge Symmetry Score","Degree","Strength","Betweenness","Avg Views","Avg Likes","Avg Comments","Avg Shares"
"<a href=""https://tiktok.com/@aaaaabao2662"" target=""_blank"">@aaaaabao2662</a>",1,3,36.4,1,2,40,0,706,19.667,0,0
"<a href=""https://tiktok.com/@ferdinandbecky1017"" target=""_blank"">@ferdinandbecky1017</a>",6,9,34.625,0.965,5,89,0,1137.333,32.111,0,0.222
"<a href=""https://tiktok.com/@funnys318"" target=""_blank"">@funnys318</a>",6,11,35.41,1,5,97,0,1787.727,48,0,0.182
"<a href=""https://tiktok.com/@ghshfg"" target=""_blank"">@ghshfg</a>",2,16,53.996,0.971,2,32,0,10033.696,160.652,1.652,1.261
"<a href=""https://tiktok.com/@gugghccjnv"" target=""_blank"">@gugghccjnv</a>",2,14,50.224,0.933,2,29,0,42956.938,715.562,4.688,6.062
"<a href=""https://tiktok.com/@josephwalker6990"" target=""_blank"">@josephwalker6990</a>",6,10,33.179,0.954,5,90,0,858.4,29.5,0,0.3
"<a href=""https://tiktok.com/@langhuamediaus.tqh90p"" target=""_blank"">@langhuamediaus.tqh90p</a>",6,10,39.506,0.951,5,83,0,2763.2,82.3,0.1,0.1
"<a href=""https://tiktok.com/@lean37279"" target=""_blank"">@lean37279</a>",6,11,36.598,0.97,5,97,0,1317.636,28.636,0,0.182
"<a href=""https://tiktok.com/@llhh36784"" target=""_blank"">@llhh36784</a>",4,3,102.4,1,1,15,0,3461.889,66.111,0.444,2.111
"<a href=""https://tiktok.com/@pofm.ldnx"" target=""_blank"">@pofm.ldnx</a>",2,17,57.506,0.904,2,33,0,2930.045,50.591,0.409,1.045
"<a href=""https://tiktok.com/@tao32vv"" target=""_blank"">@tao32vv</a>",4,6,87.9,1,1,20,0,2768.6,46.5,0.65,1.25
"<a href=""https://tiktok.com/@toot3378"" target=""_blank"">@toot3378</a>",3,3,57.167,1,1,24,0,33195.976,678.293,1.902,2.805
"<a href=""https://tiktok.com/@toot46795"" target=""_blank"">@toot46795</a>",4,6,95.15,1,2,35,0.007,17999.353,76.941,0.471,0
"<a href=""https://tiktok.com/@toot5744"" target=""_blank"">@toot5744</a>",5,5,19.167,1,1,48,0,266516.182,7267.636,28.909,69.818
"<a href=""https://tiktok.com/@toot66364"" target=""_blank"">@toot66364</a>",5,2,19.167,1,1,48,0,9094.455,178.364,1.364,2.727
"<a href=""https://tiktok.com/@user29627411365140"" target=""_blank"">@user29627411365140</a>",3,3,57.167,1,1,24,0,1529.333,24,0.333,0.333
"<a href=""https://tiktok.com/@user4891418634580"" target=""_blank"">@user4891418634580</a>",1,3,35.1,1,2,40,0,1180,44,0,0.333
"<a href=""https://tiktok.com/@user5684996150054"" target=""_blank"">@user5684996150054</a>",1,3,34.9,1,2,40,0,1487.333,49.667,0,0
"<a href=""https://tiktok.com/@vivianbowen0116"" target=""_blank"">@vivianbowen0116</a>",6,11,34.813,0.969,5,98,0,981.909,22,0,0.455
