"Network","Number of Accounts","Network Density","Network Diameter","Clustering Coefficient","Avg Views","Avg Likes","Avg Comments","Avg Shares","Member Accounts"
1,3,1,20,1,1124.444,37.778,0,0.111,"aaaaabao2662, user4891418634580, user5684996150054"
2,3,1,18,1,16107.328,266.508,2,2.443,"ghshfg, gugghccjnv, pofm.ldnx"
3,2,1,24,NA,31036.886,633.682,1.795,2.636,"toot3378, user29627411365140"
4,3,0.667,35,0,8533,61.587,0.543,0.957,"tao32vv, llhh36784, toot46795"
5,2,1,48,NA,137805.318,3723,15.136,36.273,"toot5744, toot66364"
6,6,1,21,1,1474.387,40.194,0.016,0.242,"funnys318, langhuamediaus.tqh90p, josephwalker6990, ferdinandbecky1017, lean37279, vivianbowen0116"
