"Account","Network","Unique Shares","Avg Time Between Shares (sec)","Edge Symmetry Score","Degree","Strength","Betweenness","Avg Views","Avg Likes","Avg Comments","Avg Shares"
"<a href=""https://tiktok.com/@1utfjk"" target=""_blank"">@1utfjk</a>",67,3,49.536,1,4,28,0,440,6.667,0.333,0.333
"<a href=""https://tiktok.com/@2appookkve"" target=""_blank"">@2appookkve</a>",82,3,43.929,1,2,14,0,0,0,0,0
"<a href=""https://tiktok.com/@2thgkvjd"" target=""_blank"">@2thgkvjd</a>",67,3,47,1,1,9,0,0,0,0,0
"<a href=""https://tiktok.com/@3mmmgkk"" target=""_blank"">@3mmmgkk</a>",67,3,49.107,1,4,28,0,755.667,18,0,0
"<a href=""https://tiktok.com/@41ghqq"" target=""_blank"">@41ghqq</a>",69,8,50.75,1,2,16,0,546.375,10.25,0.375,0
"<a href=""https://tiktok.com/@4hgkdjf"" target=""_blank"">@4hgkdjf</a>",82,3,42.786,1,2,14,0,0,0,0,0
"<a href=""https://tiktok.com/@4hjgdjj"" target=""_blank"">@4hjgdjj</a>",67,6,47.029,1,5,37,0,674.5,9.833,0,0
"<a href=""https://tiktok.com/@abdaziz2128"" target=""_blank"">@abdaziz2128</a>",15,5,90.429,1,1,7,0,546.8,32.4,2.8,1.8
"<a href=""https://tiktok.com/@abjjvt"" target=""_blank"">@abjjvt</a>",57,9,68.429,0.707,2,23,0,266.667,11,0.111,0.333
"<a href=""https://tiktok.com/@adan.stockmank"" target=""_blank"">@adan.stockmank</a>",25,7,68.714,0.833,1,7,0,1094.714,108.714,1.714,6.286
"<a href=""https://tiktok.com/@aed2977"" target=""_blank"">@aed2977</a>",40,9,59.312,0.917,4,38,0,1038.4,51.2,1.1,0.8
"<a href=""https://tiktok.com/@aed3345"" target=""_blank"">@aed3345</a>",15,9,90.429,1,1,7,0,2521,84.222,0.556,1
"<a href=""https://tiktok.com/@aed3660"" target=""_blank"">@aed3660</a>",38,9,52.371,1,4,29,0,4484,102.111,1,1.778
"<a href=""https://tiktok.com/@aed7230"" target=""_blank"">@aed7230</a>",14,7,62.429,1,2,14,0,1215,138,1.556,5.333
"<a href=""https://tiktok.com/@aed7290"" target=""_blank"">@aed7290</a>",7,6,59.375,1,2,16,0,1132,49,3.333,7.833
"<a href=""https://tiktok.com/@aed75787"" target=""_blank"">@aed75787</a>",38,9,62.293,1,6,45,0,7619.8,96.8,1,1
"<a href=""https://tiktok.com/@aed7p4"" target=""_blank"">@aed7p4</a>",38,9,43.571,1,1,7,0,4630.778,72.444,1.556,2
"<a href=""https://tiktok.com/@aed8562"" target=""_blank"">@aed8562</a>",13,9,61.429,0.8,1,7,0,8103.444,254.778,21.667,13.556
"<a href=""https://tiktok.com/@aeda1689"" target=""_blank"">@aeda1689</a>",37,9,77.571,1,1,7,0,22249.1,118.8,0.4,1.9
"<a href=""https://tiktok.com/@aedbr6"" target=""_blank"">@aedbr6</a>",7,7,62.571,1,2,15,0,1059.714,30.286,0.286,3.143
"<a href=""https://tiktok.com/@aedhdici"" target=""_blank"">@aedhdici</a>",6,10,48.292,1,2,21,0,1452.4,67,1.2,1.2
"<a href=""https://tiktok.com/@aedjpidhd"" target=""_blank"">@aedjpidhd</a>",23,8,49.571,1,1,7,0,4088.125,132.625,1.375,0.75
"<a href=""https://tiktok.com/@aedyckctu"" target=""_blank"">@aedyckctu</a>",6,8,47.564,0.938,2,21,0,2725.7,128.7,0.7,0.7
"<a href=""https://tiktok.com/@aefhkddh"" target=""_blank"">@aefhkddh</a>",17,10,54.143,0.929,2,14,0,1586.9,117.5,1.6,5.4
"<a href=""https://tiktok.com/@afpkjk"" target=""_blank"">@afpkjk</a>",75,8,36.922,0.952,3,30,0,1581.625,26.625,0.5,0
"<a href=""https://tiktok.com/@agrahamagraham"" target=""_blank"">@agrahamagraham</a>",83,8,42.545,0.667,1,11,0,1183.556,46.444,1,0.444
"<a href=""https://tiktok.com/@ale2r35"" target=""_blank"">@ale2r35</a>",43,5,61.214,0.8,2,14,0,1331.2,45,0,0.4
"<a href=""https://tiktok.com/@aleo3852"" target=""_blank"">@aleo3852</a>",56,3,52.778,1,1,9,0,462.333,28.667,0,0
"<a href=""https://tiktok.com/@anaxagoras.harlen"" target=""_blank"">@anaxagoras.harlen</a>",6,8,90.2,0.857,1,10,0,3555.75,90,2.25,0.875
"<a href=""https://tiktok.com/@areplan_driver120"" target=""_blank"">@areplan_driver120</a>",64,7,94.1,1,1,10,0,241.68,31.32,4.32,1.12
"<a href=""https://tiktok.com/@asdfsasd.fgdfdgas"" target=""_blank"">@asdfsasd.fgdfdgas</a>",9,5,41.714,0.833,1,7,0,17599.375,666.125,6.625,9.5
"<a href=""https://tiktok.com/@aueh7133"" target=""_blank"">@aueh7133</a>",59,8,56.667,1,2,18,0,323.375,14,0,0.125
"<a href=""https://tiktok.com/@avelina.asucen"" target=""_blank"">@avelina.asucen</a>",74,6,42.429,1,1,7,0,921.167,35.833,0.667,0
"<a href=""https://tiktok.com/@awmilke"" target=""_blank"">@awmilke</a>",81,6,39.179,0.85,2,19,0,1138.429,65.714,0.429,0.429
"<a href=""https://tiktok.com/@aynor.ogawa"" target=""_blank"">@aynor.ogawa</a>",38,10,54.196,1,5,41,0,2580.6,49.9,0.4,0.7
"<a href=""https://tiktok.com/@bartholomewnancybz1025"" target=""_blank"">@bartholomewnancybz1025</a>",39,9,38.625,0.833,1,8,0,7005.778,296.778,5.444,7.111
"<a href=""https://tiktok.com/@bbfj54"" target=""_blank"">@bbfj54</a>",12,10,84.545,0.917,2,15,0,1266.1,30.4,0.6,0.4
"<a href=""https://tiktok.com/@bcjjc54"" target=""_blank"">@bcjjc54</a>",22,6,37.143,1,1,7,0,14304,118.333,4.167,2.833
"<a href=""https://tiktok.com/@bdbdchhd"" target=""_blank"">@bdbdchhd</a>",84,9,52.176,0.818,1,17,0,534.556,27.556,1.111,0.889
"<a href=""https://tiktok.com/@bdbdhhehh"" target=""_blank"">@bdbdhhehh</a>",33,3,29.444,1,1,9,0,235.333,3,0,0
"<a href=""https://tiktok.com/@bdonvg"" target=""_blank"">@bdonvg</a>",39,10,38.625,0.833,1,8,0,2486,67.9,0.9,1.1
"<a href=""https://tiktok.com/@be.jkigv"" target=""_blank"">@be.jkigv</a>",4,10,65.04,0.905,5,45,0,612.8,35.1,0.4,0.5
"<a href=""https://tiktok.com/@berez.paulo"" target=""_blank"">@berez.paulo</a>",53,9,34.831,1,4,59,0,2386.556,35.778,0.778,0.333
"<a href=""https://tiktok.com/@bffb2489"" target=""_blank"">@bffb2489</a>",59,10,69.524,1,2,37,0,840.091,96.636,0.818,0.273
"<a href=""https://tiktok.com/@bfihc"" target=""_blank"">@bfihc</a>",8,10,49.652,1,5,51,0,2112.1,78.9,0.4,1
"<a href=""https://tiktok.com/@bgfddf8888"" target=""_blank"">@bgfddf8888</a>",9,8,68.571,1,1,7,0,1448.444,67.444,0.889,0.778
"<a href=""https://tiktok.com/@biebuh4"" target=""_blank"">@biebuh4</a>",55,9,50.124,0.903,4,43,0,1016.333,30.333,0.444,0.556
"<a href=""https://tiktok.com/@bipiqo"" target=""_blank"">@bipiqo</a>",57,15,58.257,0.85,11,151,0,841.733,27,0.133,0.133
"<a href=""https://tiktok.com/@bixukf"" target=""_blank"">@bixukf</a>",80,6,20.75,1,1,8,0,30177,1120.667,9.833,3
"<a href=""https://tiktok.com/@bmc12655"" target=""_blank"">@bmc12655</a>",4,10,68.333,1,3,34,0,636.5,23.2,0.1,0.3
"<a href=""https://tiktok.com/@bpgarp"" target=""_blank"">@bpgarp</a>",57,12,59.205,0.821,14,156,0,485.333,15.167,0.083,0
"<a href=""https://tiktok.com/@bristy.beb"" target=""_blank"">@bristy.beb</a>",51,6,46.286,0.844,2,21,0,541.667,3.833,0.333,0.167
"<a href=""https://tiktok.com/@bsbseuo"" target=""_blank"">@bsbseuo</a>",30,7,62.775,0.858,6,47,0,239243.9,10722.4,73.2,517.9
"<a href=""https://tiktok.com/@burba.robyn"" target=""_blank"">@burba.robyn</a>",53,8,35.189,0.979,4,53,0,1933.125,42.125,0.125,0.125
"<a href=""https://tiktok.com/@buslmigf7dn"" target=""_blank"">@buslmigf7dn</a>",43,4,83.286,1,1,7,0,850,16.25,0.25,0
"<a href=""https://tiktok.com/@bvoo3130"" target=""_blank"">@bvoo3130</a>",58,3,107,1,1,7,0,1234.444,33.333,0.333,0.111
"<a href=""https://tiktok.com/@bxjxhxt"" target=""_blank"">@bxjxhxt</a>",74,6,42.429,1,1,7,0,1128.833,57.5,0.167,0
"<a href=""https://tiktok.com/@bzsksk1"" target=""_blank"">@bzsksk1</a>",67,3,48.571,1,4,28,0,1001.333,38,0,0.333
"<a href=""https://tiktok.com/@cagnhd"" target=""_blank"">@cagnhd</a>",30,10,73.027,0.817,2,15,0,4482.1,164.6,3.7,3.6
"<a href=""https://tiktok.com/@calvinwhitman1014"" target=""_blank"">@calvinwhitman1014</a>",40,9,50.807,0.919,4,35,0,2303.889,69,0.333,0.444
"<a href=""https://tiktok.com/@cdnkdg"" target=""_blank"">@cdnkdg</a>",57,14,57.779,0.834,9,77,0.001,630.643,9,0,0.357
"<a href=""https://tiktok.com/@chantalkusch"" target=""_blank"">@chantalkusch</a>",4,9,59.531,0.837,4,30,0,2494.4,147.6,1.1,2
"<a href=""https://tiktok.com/@chccggc1"" target=""_blank"">@chccggc1</a>",32,3,56,0.95,4,36,0,443.333,1,0,0
"<a href=""https://tiktok.com/@chcjg0"" target=""_blank"">@chcjg0</a>",12,8,87.714,1,1,7,0,1970.333,65.778,1.222,0.778
"<a href=""https://tiktok.com/@chhvtdy"" target=""_blank"">@chhvtdy</a>",5,4,65.875,1,4,30,0,1011.167,54.333,0.167,0.167
"<a href=""https://tiktok.com/@china_reddit"" target=""_blank"">@china_reddit</a>",65,4,64.5,1,1,8,0,522.25,17.25,0.25,0.5
"<a href=""https://tiktok.com/@chinaweireddit"" target=""_blank"">@chinaweireddit</a>",20,4,68.571,0.833,1,7,0,819,15.25,0,0
"<a href=""https://tiktok.com/@chumi_driver102"" target=""_blank"">@chumi_driver102</a>",63,13,78.43,0.833,2,26,0,1002.938,102.312,29.438,0.781
"<a href=""https://tiktok.com/@chvftn"" target=""_blank"">@chvftn</a>",13,8,61.429,0.8,1,7,0,1760.125,121.375,2.75,5
"<a href=""https://tiktok.com/@cigcgict"" target=""_blank"">@cigcgict</a>",78,6,61.556,1,1,9,0,337.75,12.125,0.25,0
"<a href=""https://tiktok.com/@cirila.mccorkle"" target=""_blank"">@cirila.mccorkle</a>",6,10,53.019,0.927,4,43,0,4094.9,60.8,2.3,1.4
"<a href=""https://tiktok.com/@ciucfyictci"" target=""_blank"">@ciucfyictci</a>",71,8,50.75,0.875,1,8,0,507.375,19.625,0.25,0.125
"<a href=""https://tiktok.com/@cjdfndrh"" target=""_blank"">@cjdfndrh</a>",69,8,43.25,1,2,16,0,615.125,10.375,0.5,0
"<a href=""https://tiktok.com/@cjire9104"" target=""_blank"">@cjire9104</a>",59,15,73.63,0.924,7,93,0.001,1237.067,64.8,0.467,0.533
"<a href=""https://tiktok.com/@cjirr8920"" target=""_blank"">@cjirr8920</a>",59,15,66.756,0.935,6,106,0,1439.733,66,0.2,0.267
"<a href=""https://tiktok.com/@cjitr2086"" target=""_blank"">@cjitr2086</a>",59,14,72.104,1,10,101,0.002,705.133,16.067,0.267,0.4
"<a href=""https://tiktok.com/@cjur6297"" target=""_blank"">@cjur6297</a>",59,15,65.993,1,6,80,0.001,842.333,59.8,0.533,0.4
"<a href=""https://tiktok.com/@ckir91022"" target=""_blank"">@ckir91022</a>",59,8,60.442,0.967,6,53,0.001,625,13.417,0,0.25
"<a href=""https://tiktok.com/@clirr5282"" target=""_blank"">@clirr5282</a>",59,14,66.062,0.972,6,83,0.001,680.571,86.429,0.857,0.286
"<a href=""https://tiktok.com/@coref8734"" target=""_blank"">@coref8734</a>",59,3,61.667,1,3,27,0,473.333,15,0.333,0.333
"<a href=""https://tiktok.com/@courr1227"" target=""_blank"">@courr1227</a>",59,14,54.75,0.889,3,61,0,319.214,9.286,0.143,0.143
"<a href=""https://tiktok.com/@crtyougo"" target=""_blank"">@crtyougo</a>",30,10,56.007,0.907,9,90,0,1481,87.9,2.6,0.9
"<a href=""https://tiktok.com/@cucu17645"" target=""_blank"">@cucu17645</a>",77,6,40.5,1,1,8,0,785.167,36.667,0.667,0.333
"<a href=""https://tiktok.com/@cusvtd"" target=""_blank"">@cusvtd</a>",57,9,71.85,0.83,6,55,0,6418.111,69.333,0.667,0.333
"<a href=""https://tiktok.com/@cute_chumi_girl208"" target=""_blank"">@cute_chumi_girl208</a>",62,4,81.8,0.333,1,10,0,312.516,20.226,1.677,0.129
"<a href=""https://tiktok.com/@cutedriver120"" target=""_blank"">@cutedriver120</a>",63,5,67.727,0.667,1,11,0,237.6,24.133,2.067,0.422
"<a href=""https://tiktok.com/@cutequeen_driver120"" target=""_blank"">@cutequeen_driver120</a>",64,12,88.3,0.667,2,22,0,468.083,46,3.806,2.139
"<a href=""https://tiktok.com/@danaobenkuil"" target=""_blank"">@danaobenkuil</a>",60,8,62.625,0.875,2,16,0,1590.3,61.2,1.4,2
"<a href=""https://tiktok.com/@debran.oxonrp00"" target=""_blank"">@debran.oxonrp00</a>",38,8,50.768,1,4,29,0,3471.25,78,0.125,1.5
"<a href=""https://tiktok.com/@debran.oxonrp81"" target=""_blank"">@debran.oxonrp81</a>",38,7,54,1,3,21,0,80374.286,1034,8.286,19.714
"<a href=""https://tiktok.com/@dfyioo.nko"" target=""_blank"">@dfyioo.nko</a>",45,4,87.75,0.833,1,8,0,1412.25,26.5,0,0
"<a href=""https://tiktok.com/@dhcghcb"" target=""_blank"">@dhcghcb</a>",30,10,68.027,0.873,4,29,0,2196.6,86.5,3.1,1.1
"<a href=""https://tiktok.com/@dhhi6645"" target=""_blank"">@dhhi6645</a>",59,15,63.737,1,11,138,0.001,558.4,39.467,0.4,0.133
"<a href=""https://tiktok.com/@dhicug"" target=""_blank"">@dhicug</a>",8,10,53.985,1,4,44,0,5599,50.4,1.9,1.8
"<a href=""https://tiktok.com/@dhut98545"" target=""_blank"">@dhut98545</a>",10,10,65.286,0.857,1,7,0,2754.3,96.7,1.1,1
"<a href=""https://tiktok.com/@dijx3903"" target=""_blank"">@dijx3903</a>",58,3,73.833,1,2,16,0,1478.417,57.667,0.167,0.167
"<a href=""https://tiktok.com/@doiplo1"" target=""_blank"">@doiplo1</a>",57,13,42.897,0.863,3,27,0,520.133,23.4,0,0.067
"<a href=""https://tiktok.com/@dtbtcc8"" target=""_blank"">@dtbtcc8</a>",57,15,57.822,0.89,13,212,0,700.2,24.867,0.333,0.067
"<a href=""https://tiktok.com/@dtkwod"" target=""_blank"">@dtkwod</a>",30,10,58.22,0.847,7,65,0,1700.8,80.2,1.7,1.5
"<a href=""https://tiktok.com/@dutiutx"" target=""_blank"">@dutiutx</a>",5,7,58.63,0.976,6,55,0,3375.4,87.6,1.1,0.8
"<a href=""https://tiktok.com/@duvfyh1"" target=""_blank"">@duvfyh1</a>",18,8,40.75,1,1,8,0,9483.3,228.6,4.3,2.9
"<a href=""https://tiktok.com/@ehgw1916"" target=""_blank"">@ehgw1916</a>",59,13,67.011,0.908,8,118,0.001,537.929,20.5,0.071,0.214
"<a href=""https://tiktok.com/@eiwv9484"" target=""_blank"">@eiwv9484</a>",59,11,60.789,1,5,76,0,2222.462,69.308,0.692,0.846
"<a href=""https://tiktok.com/@elleigh.anton"" target=""_blank"">@elleigh.anton</a>",69,7,52.714,1,1,7,0,965,17,0.571,0.143
"<a href=""https://tiktok.com/@elvistrevelyan0204"" target=""_blank"">@elvistrevelyan0204</a>",18,8,58,1,1,8,0,749.5,30,1.9,2.8
"<a href=""https://tiktok.com/@eodn8506"" target=""_blank"">@eodn8506</a>",59,14,60.73,0.967,6,95,0,1332.571,82.714,0.286,0.643
"<a href=""https://tiktok.com/@eqmhqf"" target=""_blank"">@eqmhqf</a>",57,17,57.863,0.786,13,200,0,480.588,11.412,0,0.118
"<a href=""https://tiktok.com/@esperance.sulcer"" target=""_blank"">@esperance.sulcer</a>",23,9,49.571,1,1,7,0,556306.111,20086.333,126.222,211.667
"<a href=""https://tiktok.com/@estherwebb1225"" target=""_blank"">@estherwebb1225</a>",9,7,44.452,0.944,3,23,0,10493.7,207.8,2.9,2.8
"<a href=""https://tiktok.com/@eudazpstrvf"" target=""_blank"">@eudazpstrvf</a>",60,8,59.911,0.875,2,15,0,1648.5,63.6,1.5,2.7
"<a href=""https://tiktok.com/@evfdmzl"" target=""_blank"">@evfdmzl</a>",79,6,37.1,0.857,1,10,0,337274.714,11598.143,87.429,88
"<a href=""https://tiktok.com/@fannybach2010"" target=""_blank"">@fannybach2010</a>",40,9,61.759,0.958,3,29,0,1055.222,46.778,0.667,0.222
"<a href=""https://tiktok.com/@fauy8466"" target=""_blank"">@fauy8466</a>",11,10,48.852,0.919,3,36,0,1637.1,69.5,1,1.8
"<a href=""https://tiktok.com/@fbgg2395"" target=""_blank"">@fbgg2395</a>",59,3,63.833,1,2,18,0,0,0,0,0
"<a href=""https://tiktok.com/@fcvbvv57"" target=""_blank"">@fcvbvv57</a>",32,7,43.009,0.887,5,46,0,9045.143,43.429,0.286,0.714
"<a href=""https://tiktok.com/@fdijc3"" target=""_blank"">@fdijc3</a>",4,9,50.064,0.832,7,64,0,7258.111,30.778,1.556,0.667
"<a href=""https://tiktok.com/@ferdinandbecky1982"" target=""_blank"">@ferdinandbecky1982</a>",9,10,46.839,0.908,4,29,0,49519.1,2560.9,29.9,15.6
"<a href=""https://tiktok.com/@fevkuiq"" target=""_blank"">@fevkuiq</a>",43,5,34.889,1,1,9,0,1274,24.4,0.6,0.2
"<a href=""https://tiktok.com/@fgffvp"" target=""_blank"">@fgffvp</a>",57,3,69.69,1,2,16,0,117.667,0.333,0,0
"<a href=""https://tiktok.com/@fhda78402"" target=""_blank"">@fhda78402</a>",58,3,40.667,1,1,9,0,770.75,19.5,0,0.083
"<a href=""https://tiktok.com/@fhuc22"" target=""_blank"">@fhuc22</a>",50,6,39.539,0.838,2,26,0,1084.167,29.167,0.5,1
"<a href=""https://tiktok.com/@fibchf"" target=""_blank"">@fibchf</a>",41,10,70,1,1,8,0,1345.8,42.4,0.9,1
"<a href=""https://tiktok.com/@fiir2712"" target=""_blank"">@fiir2712</a>",59,3,42.889,1,3,27,0,337,13.667,0.333,0
"<a href=""https://tiktok.com/@finishthemovie3"" target=""_blank"">@finishthemovie3</a>",18,7,37.75,1,2,16,0,27876.556,914.556,4.778,4
"<a href=""https://tiktok.com/@fiur8444"" target=""_blank"">@fiur8444</a>",59,12,63.749,0.917,6,77,0,375,15.267,0,0.267
"<a href=""https://tiktok.com/@fiutfvjj"" target=""_blank"">@fiutfvjj</a>",6,9,62.545,0.889,1,11,0,1497.778,52.889,0.889,1.667
"<a href=""https://tiktok.com/@fjggds0808"" target=""_blank"">@fjggds0808</a>",16,8,67.625,1,1,8,0,1504.25,40,1.625,1.375
"<a href=""https://tiktok.com/@fjgr86434"" target=""_blank"">@fjgr86434</a>",10,9,71.896,1,2,17,0,32882.778,1212.222,4.333,5.444
"<a href=""https://tiktok.com/@fjjgdvx"" target=""_blank"">@fjjgdvx</a>",29,10,42.611,0.938,2,18,0,6767,276.8,8.3,6.6
"<a href=""https://tiktok.com/@fkir2290"" target=""_blank"">@fkir2290</a>",59,3,68.667,1,5,45,0,217.667,7.333,0,0
"<a href=""https://tiktok.com/@fkur7594"" target=""_blank"">@fkur7594</a>",59,15,66.115,1,6,107,0.001,3043.4,87.867,0.867,0.933
"<a href=""https://tiktok.com/@fnnf8890"" target=""_blank"">@fnnf8890</a>",59,15,66.979,1,6,80,0.001,946.333,68.2,0.733,0.8
"<a href=""https://tiktok.com/@frees.ess"" target=""_blank"">@frees.ess</a>",46,6,85.125,0.667,1,8,0,369,2.833,0.167,0
"<a href=""https://tiktok.com/@fsaftn"" target=""_blank"">@fsaftn</a>",57,12,55.548,0.842,8,85,0,647.5,25.143,0.071,0.429
"<a href=""https://tiktok.com/@fteecfs"" target=""_blank"">@fteecfs</a>",75,6,32.461,0.838,2,18,0,1571.667,101,0.833,0.667
"<a href=""https://tiktok.com/@fuchc053"" target=""_blank"">@fuchc053</a>",8,10,55.904,0.95,5,47,0,2347.6,54.3,0.7,1.1
"<a href=""https://tiktok.com/@fucsru"" target=""_blank"">@fucsru</a>",14,9,53.286,1,1,7,0,102409.889,4137.444,33.667,362.889
"<a href=""https://tiktok.com/@fuddg743"" target=""_blank"">@fuddg743</a>",10,10,68.976,0.929,2,16,0,21392.4,360.8,2.8,2.6
"<a href=""https://tiktok.com/@fughf21"" target=""_blank"">@fughf21</a>",4,4,66.875,1,2,16,0,1714.5,144.25,2.25,1.5
"<a href=""https://tiktok.com/@funny.podcasttop"" target=""_blank"">@funny.podcasttop</a>",42,6,52.625,0.857,1,8,0,1127.833,38.167,1.5,0.5
"<a href=""https://tiktok.com/@fycygygy"" target=""_blank"">@fycygygy</a>",27,7,66.429,1,1,7,0,798.714,47.143,0.143,1.429
"<a href=""https://tiktok.com/@g.gy726"" target=""_blank"">@g.gy726</a>",51,3,50.375,1,1,8,0,17817.333,523.667,6.667,1
"<a href=""https://tiktok.com/@gauqhar2"" target=""_blank"">@gauqhar2</a>",70,7,71.857,1,1,7,0,693.286,14.286,0.286,0.143
"<a href=""https://tiktok.com/@gckcj4"" target=""_blank"">@gckcj4</a>",8,8,52.044,0.975,5,52,0,68227.5,1893.3,6,13.8
"<a href=""https://tiktok.com/@gerkeselen06"" target=""_blank"">@gerkeselen06</a>",27,8,66.429,1,1,7,0,722.875,38.25,1.125,5.125
"<a href=""https://tiktok.com/@gfg6705"" target=""_blank"">@gfg6705</a>",52,5,64.17,0.938,2,25,0,764.4,27.6,0,0.6
"<a href=""https://tiktok.com/@ggih3179"" target=""_blank"">@ggih3179</a>",54,9,47.13,0.933,3,28,0,747.889,11.556,0.444,0.889
"<a href=""https://tiktok.com/@ghcdax"" target=""_blank"">@ghcdax</a>",40,7,70.304,0.733,2,15,0,1469,38.875,0.25,0.125
"<a href=""https://tiktok.com/@gjbgikh"" target=""_blank"">@gjbgikh</a>",40,8,44.364,1,3,25,0,1095.778,41.222,0.667,0.444
"<a href=""https://tiktok.com/@gjfghh74"" target=""_blank"">@gjfghh74</a>",21,6,62.429,1,1,7,0,1615.5,57.833,0.667,0.333
"<a href=""https://tiktok.com/@gjguq6894"" target=""_blank"">@gjguq6894</a>",59,15,66.313,1,6,91,0,2077.067,90.467,0.6,0.533
"<a href=""https://tiktok.com/@gjus6238"" target=""_blank"">@gjus6238</a>",59,15,58.28,1,5,97,0,1312.133,52.267,0.133,0.067
"<a href=""https://tiktok.com/@gmbcuuo"" target=""_blank"">@gmbcuuo</a>",61,7,59.714,0.8,1,7,0,1078.143,65.857,0.143,0.571
"<a href=""https://tiktok.com/@godv7302"" target=""_blank"">@godv7302</a>",8,8,69.259,0.9,2,15,0,777.75,12,0.625,0.375
"<a href=""https://tiktok.com/@gour2295"" target=""_blank"">@gour2295</a>",59,17,67.988,1,7,87,0.001,2030.222,73.889,1.444,0.167
"<a href=""https://tiktok.com/@grukc02"" target=""_blank"">@grukc02</a>",17,9,46.143,1,1,7,0,821.222,73.111,1,0.444
"<a href=""https://tiktok.com/@gskdl.duo"" target=""_blank"">@gskdl.duo</a>",45,6,83.375,0.833,2,15,0,1102.5,31.5,0.667,0.333
"<a href=""https://tiktok.com/@gskgu2"" target=""_blank"">@gskgu2</a>",28,10,40.863,0.889,3,23,0,1867.7,89.4,1.9,5.2
"<a href=""https://tiktok.com/@gskpccbd"" target=""_blank"">@gskpccbd</a>",8,8,68.53,0.95,4,35,0,1542.9,64.9,0.7,1
"<a href=""https://tiktok.com/@gthggg8"" target=""_blank"">@gthggg8</a>",32,3,50.639,0.95,4,36,0,230,0.667,0,0
"<a href=""https://tiktok.com/@hcodifb"" target=""_blank"">@hcodifb</a>",4,10,72.934,0.93,6,63,0,594.3,21.4,0.2,0.1
"<a href=""https://tiktok.com/@hdbjx72"" target=""_blank"">@hdbjx72</a>",50,3,30.611,0.8,2,18,0,1966.833,65,0.833,8.833
"<a href=""https://tiktok.com/@hdhu402"" target=""_blank"">@hdhu402</a>",21,6,62.429,1,1,7,0,2286.833,41.667,0,0.333
"<a href=""https://tiktok.com/@hdhux39"" target=""_blank"">@hdhux39</a>",55,7,44.833,1,2,21,0,663.429,12.429,0.429,0.286
"<a href=""https://tiktok.com/@hdhxg847"" target=""_blank"">@hdhxg847</a>",17,9,62.143,0.857,1,7,0,2551.444,89.222,1.222,2.444
"<a href=""https://tiktok.com/@hdididh8"" target=""_blank"">@hdididh8</a>",5,10,60.704,0.972,4,43,0,768.9,90.7,0.9,0.3
"<a href=""https://tiktok.com/@hdifhg5"" target=""_blank"">@hdifhg5</a>",4,6,63.75,1,1,8,0,1315.167,62.833,0.833,1.833
"<a href=""https://tiktok.com/@hdjddjd092"" target=""_blank"">@hdjddjd092</a>",32,3,38.5,0.95,4,36,0,911.667,6.333,0,0
"<a href=""https://tiktok.com/@hdjixdj"" target=""_blank"">@hdjixdj</a>",24,10,43.062,0.938,2,16,0,893.9,52.4,0.8,0.6
"<a href=""https://tiktok.com/@hdkcofh"" target=""_blank"">@hdkcofh</a>",5,10,46.082,0.96,6,61,0,346.7,30.2,0,0.4
"<a href=""https://tiktok.com/@hdmjwo1"" target=""_blank"">@hdmjwo1</a>",57,13,52.754,0.719,12,127,0,585.643,18.571,0.143,0.214
"<a href=""https://tiktok.com/@hdr86575"" target=""_blank"">@hdr86575</a>",11,10,46.328,0.886,3,43,0,38665.7,490.9,6.4,6.6
"<a href=""https://tiktok.com/@hdryxd"" target=""_blank"">@hdryxd</a>",30,10,58.598,0.925,5,58,0,2507.2,80.6,3,1.3
"<a href=""https://tiktok.com/@hds.hy"" target=""_blank"">@hds.hy</a>",69,9,35.75,0.857,1,8,0,648.889,54.333,0.444,0.667
"<a href=""https://tiktok.com/@hec88551nva"" target=""_blank"">@hec88551nva</a>",28,7,46.575,0.836,3,25,0,4170.778,125.778,3.222,11.333
"<a href=""https://tiktok.com/@heheb8964"" target=""_blank"">@heheb8964</a>",82,3,44.143,1,2,14,0,0,0,0.667,0
"<a href=""https://tiktok.com/@hehs5037"" target=""_blank"">@hehs5037</a>",59,15,77.599,1,7,96,0.001,439.8,21.467,0.133,0.067
"<a href=""https://tiktok.com/@hgfryj8745"" target=""_blank"">@hgfryj8745</a>",7,9,73.143,1,1,7,0,1311.6,39.9,0.3,0.5
"<a href=""https://tiktok.com/@hhhhh777777852"" target=""_blank"">@hhhhh777777852</a>",18,9,46.375,1,2,16,0,1537.444,94.889,4.667,0.778
"<a href=""https://tiktok.com/@hidouo"" target=""_blank"">@hidouo</a>",57,15,59.86,0.749,9,106,0,591.867,11.867,0.067,0.733
"<a href=""https://tiktok.com/@hlnvan42749s"" target=""_blank"">@hlnvan42749s</a>",44,4,89,1,1,8,0,860,15.25,0,0
"<a href=""https://tiktok.com/@hltuoq"" target=""_blank"">@hltuoq</a>",57,14,56.082,0.824,12,141,0,795.067,22.133,0.067,0.4
"<a href=""https://tiktok.com/@hoeg.huan"" target=""_blank"">@hoeg.huan</a>",38,9,45.92,1,5,38,0,5060.667,41.778,0.222,0.444
"<a href=""https://tiktok.com/@hrfj8302"" target=""_blank"">@hrfj8302</a>",59,15,53.365,1,7,99,0.001,607.267,24.6,0.267,0.2
"<a href=""https://tiktok.com/@hrsy60677"" target=""_blank"">@hrsy60677</a>",59,10,43.861,0.95,4,45,0,238.727,6.182,0,0.091
"<a href=""https://tiktok.com/@hsbuz8"" target=""_blank"">@hsbuz8</a>",50,6,36.484,0.838,2,26,0,1810.167,33.333,0.167,2.167
"<a href=""https://tiktok.com/@hshjrg8647"" target=""_blank"">@hshjrg8647</a>",11,9,53.757,0.878,3,33,0,852.222,35.444,0.556,0.778
"<a href=""https://tiktok.com/@hsozhs6"" target=""_blank"">@hsozhs6</a>",4,10,68.271,0.836,5,44,0,672.2,26.8,0.2,0.7
"<a href=""https://tiktok.com/@htjzwe4"" target=""_blank"">@htjzwe4</a>",76,8,44.542,1,2,28,0,102124.5,2818.5,39.75,67.25
"<a href=""https://tiktok.com/@huaka.loams"" target=""_blank"">@huaka.loams</a>",10,8,71.125,1,1,8,0,3053.75,54,0.25,0.75
"<a href=""https://tiktok.com/@huiodjio"" target=""_blank"">@huiodjio</a>",30,10,59.756,0.886,9,96,0,1942.9,121,2.8,2.4
"<a href=""https://tiktok.com/@hwvrok"" target=""_blank"">@hwvrok</a>",73,8,24.567,1,2,22,0,1465.25,24.875,0.25,0.375
"<a href=""https://tiktok.com/@hxavnxh"" target=""_blank"">@hxavnxh</a>",31,10,34.667,0.889,1,12,0,33291.1,381,27.7,9.5
"<a href=""https://tiktok.com/@idpeoc"" target=""_blank"">@idpeoc</a>",57,14,64.576,0.841,14,188,0,889.8,26.933,0.067,0.267
"<a href=""https://tiktok.com/@ific3756"" target=""_blank"">@ific3756</a>",59,9,65.889,1,6,63,0.001,546.556,15.778,0.111,0.111
"<a href=""https://tiktok.com/@irdc042"" target=""_blank"">@irdc042</a>",4,10,50.115,0.843,7,62,0,4086.3,159.7,1.5,1.9
"<a href=""https://tiktok.com/@isni5392"" target=""_blank"">@isni5392</a>",42,6,64.107,0.845,2,17,0,907.667,26.167,1.167,0
"<a href=""https://tiktok.com/@itdh8557"" target=""_blank"">@itdh8557</a>",7,10,66.75,1,1,8,0,881,36.7,0.1,2.1
"<a href=""https://tiktok.com/@ivfqjqo2"" target=""_blank"">@ivfqjqo2</a>",72,5,14,1,1,8,0,1345.4,75.2,0.2,0
"<a href=""https://tiktok.com/@j.ee238"" target=""_blank"">@j.ee238</a>",53,9,42.329,1,4,53,0,699,17.667,0.333,0.111
"<a href=""https://tiktok.com/@jacinta.almetrak"" target=""_blank"">@jacinta.almetrak</a>",25,9,68.714,0.833,1,7,0,2256.667,64.556,0.444,1.556
"<a href=""https://tiktok.com/@jchhmsonbul"" target=""_blank"">@jchhmsonbul</a>",43,6,60.106,0.933,3,23,0,12778.5,84.5,1.5,1.5
"<a href=""https://tiktok.com/@jcsie5410"" target=""_blank"">@jcsie5410</a>",59,14,70.983,0.99,7,117,0,1406.786,46.071,0.143,0.5
"<a href=""https://tiktok.com/@jdbjd335"" target=""_blank"">@jdbjd335</a>",54,9,58.556,0.8,1,9,0,1345.556,59.444,0.444,0.333
"<a href=""https://tiktok.com/@jdjsbs94"" target=""_blank"">@jdjsbs94</a>",69,8,43.105,0.944,3,25,0,617.875,16.375,0,0
"<a href=""https://tiktok.com/@jdnjd485"" target=""_blank"">@jdnjd485</a>",55,9,52.518,0.944,2,22,0,654.889,22.667,0,0.111
"<a href=""https://tiktok.com/@jdoxhbd"" target=""_blank"">@jdoxhbd</a>",24,10,48.562,1,2,16,0,1158,84.7,1.1,0.4
"<a href=""https://tiktok.com/@jdpdosj"" target=""_blank"">@jdpdosj</a>",5,9,52.435,1,3,32,0,476.8,24.3,0.1,0.1
"<a href=""https://tiktok.com/@jdpxorjf"" target=""_blank"">@jdpxorjf</a>",4,8,57.23,0.952,7,61,0,744.9,41.3,0.4,2.4
"<a href=""https://tiktok.com/@jeiofifuhd"" target=""_blank"">@jeiofifuhd</a>",6,10,74.211,0.897,3,29,0,2001.6,62.2,0.2,0.6
"<a href=""https://tiktok.com/@jfdd653"" target=""_blank"">@jfdd653</a>",11,10,44.175,0.845,3,36,0,2216.2,40,0.3,1.1
"<a href=""https://tiktok.com/@jfkovj5"" target=""_blank"">@jfkovj5</a>",4,10,57.958,0.889,4,45,0,774.3,53.6,0.8,3.3
"<a href=""https://tiktok.com/@jfshjfd9530"" target=""_blank"">@jfshjfd9530</a>",16,10,61.67,1,2,15,0,1501.6,72.2,1.4,6.4
"<a href=""https://tiktok.com/@jfufrehcdh"" target=""_blank"">@jfufrehcdh</a>",5,10,68.319,0.947,4,48,0,1556.9,100.8,0.8,1.9
"<a href=""https://tiktok.com/@jgdghg75464"" target=""_blank"">@jgdghg75464</a>",6,10,56.4,0.875,1,10,0,1562.8,58.6,0.2,0.3
"<a href=""https://tiktok.com/@jh.hj90"" target=""_blank"">@jh.hj90</a>",42,5,68.528,1,2,17,0,1750,25.4,1.4,0.4
"<a href=""https://tiktok.com/@jjjjjjf00"" target=""_blank"">@jjjjjjf00</a>",66,6,62.429,1,1,7,0,853.833,47.5,0.667,0.833
"<a href=""https://tiktok.com/@jsjx359"" target=""_blank"">@jsjx359</a>",55,5,71.375,0.833,1,8,0,436.8,16.4,0,0
"<a href=""https://tiktok.com/@jtcytxyzey"" target=""_blank"">@jtcytxyzey</a>",4,9,52.014,0.915,9,81,0,1441.333,118,2,6.667
"<a href=""https://tiktok.com/@juarezbent"" target=""_blank"">@juarezbent</a>",69,8,44.25,1,2,16,0,1757.75,31.625,0.5,0
"<a href=""https://tiktok.com/@jubal_movie"" target=""_blank"">@jubal_movie</a>",20,8,57.139,0.843,5,39,0,1257.75,94.375,2.375,2.375
"<a href=""https://tiktok.com/@jxgxi8"" target=""_blank"">@jxgxi8</a>",69,9,39.25,1,1,8,0,833.444,30.778,0.556,0.111
"<a href=""https://tiktok.com/@kangoopre"" target=""_blank"">@kangoopre</a>",61,7,59.714,0.8,1,7,0,801.667,39.889,0.444,0.556
"<a href=""https://tiktok.com/@kdywnty"" target=""_blank"">@kdywnty</a>",81,8,40.25,0.867,2,22,0,977.5,29,0.125,0
"<a href=""https://tiktok.com/@kenworthyhoo"" target=""_blank"">@kenworthyhoo</a>",71,6,50.75,0.875,1,8,0,892.833,24.833,2.167,0.167
"<a href=""https://tiktok.com/@krug011"" target=""_blank"">@krug011</a>",4,9,53.824,0.893,4,33,0,555.5,17.9,0.2,0.3
"<a href=""https://tiktok.com/@ktsfyh"" target=""_blank"">@ktsfyh</a>",30,10,76.798,0.944,2,23,0,1623.6,63.6,1.3,0.6
"<a href=""https://tiktok.com/@kuhar.clair6"" target=""_blank"">@kuhar.clair6</a>",53,9,40.139,0.938,4,54,0,857.222,30.333,0.333,0
"<a href=""https://tiktok.com/@labksb49906r"" target=""_blank"">@labksb49906r</a>",45,4,79,0.833,1,7,0,54691.5,1192,32,96
"<a href=""https://tiktok.com/@landscape5670"" target=""_blank"">@landscape5670</a>",30,9,64.052,0.852,9,78,0,1635.9,91.5,4.6,1.4
"<a href=""https://tiktok.com/@leoraf9"" target=""_blank"">@leoraf9</a>",75,8,30.881,0.854,2,19,0,1163.125,94.25,0.375,0.25
"<a href=""https://tiktok.com/@lgunwj"" target=""_blank"">@lgunwj</a>",57,11,56.552,0.828,10,87,0,327,11.583,0.083,0.25
"<a href=""https://tiktok.com/@lhqitc"" target=""_blank"">@lhqitc</a>",57,14,54.916,0.808,10,116,0,727.733,20.267,0.067,0.333
"<a href=""https://tiktok.com/@ljpjvh"" target=""_blank"">@ljpjvh</a>",73,6,38.833,1,1,12,0,56652,1723.375,16.875,4.625
"<a href=""https://tiktok.com/@luisina.riihimaki"" target=""_blank"">@luisina.riihimaki</a>",4,10,62.312,0.95,2,24,0,1343.6,141.4,1.2,1.3
"<a href=""https://tiktok.com/@lwandiswamsithini"" target=""_blank"">@lwandiswamsithini</a>",37,8,77.571,1,1,7,0,3116.111,37.111,0.889,0.778
"<a href=""https://tiktok.com/@maemeg7"" target=""_blank"">@maemeg7</a>",75,7,34.8,0.879,2,24,0,1581.857,140.857,0.571,0.143
"<a href=""https://tiktok.com/@mdsdz2"" target=""_blank"">@mdsdz2</a>",84,8,52.176,0.818,1,17,0,10629.889,291.778,19,2.444
"<a href=""https://tiktok.com/@meggie.y"" target=""_blank"">@meggie.y</a>",70,7,71.857,1,1,7,0,1706.429,73.857,1.286,0.143
"<a href=""https://tiktok.com/@mjbwysq6"" target=""_blank"">@mjbwysq6</a>",68,6,69.818,1,1,11,0,1620.5,96.875,0.875,0.125
"<a href=""https://tiktok.com/@mmlcdg"" target=""_blank"">@mmlcdg</a>",57,6,36.607,0.878,3,23,0,344.167,10.5,0.167,0
"<a href=""https://tiktok.com/@monalisa7988"" target=""_blank"">@monalisa7988</a>",51,5,50.339,0.944,2,22,0,600.2,6.6,0,0
"<a href=""https://tiktok.com/@msfsgvsvcsdfsadsa"" target=""_blank"">@msfsgvsvcsdfsadsa</a>",56,3,52.778,1,1,9,0,61578.333,763.333,5,13
"<a href=""https://tiktok.com/@mxcvdsf968"" target=""_blank"">@mxcvdsf968</a>",49,6,55.25,0.857,1,8,0,369.167,6.167,0,2
"<a href=""https://tiktok.com/@mxvgdscsdfvcsdfsd"" target=""_blank"">@mxvgdscsdfvcsdfsd</a>",49,6,78.714,0.667,1,7,0,1881.333,26,1.167,1.167
"<a href=""https://tiktok.com/@mzcvs991"" target=""_blank"">@mzcvs991</a>",49,7,66.982,0.762,2,15,0,914.429,13.571,0,0
"<a href=""https://tiktok.com/@naipom820"" target=""_blank"">@naipom820</a>",42,6,62.297,0.938,5,45,0,1013.167,24,0.333,0.167
"<a href=""https://tiktok.com/@naivevy"" target=""_blank"">@naivevy</a>",69,9,41.107,0.887,4,30,0,261.667,5.778,0,0.111
"<a href=""https://tiktok.com/@ndnenmeme"" target=""_blank"">@ndnenmeme</a>",33,3,29.444,1,1,9,0,433.333,0.667,0,0
"<a href=""https://tiktok.com/@nendn4309"" target=""_blank"">@nendn4309</a>",8,10,55.893,0.958,4,31,0,27958.3,247.6,5.5,4.5
"<a href=""https://tiktok.com/@nhllos8"" target=""_blank"">@nhllos8</a>",75,7,34.304,0.878,3,23,0,1632.75,44.125,0.875,0.125
"<a href=""https://tiktok.com/@niyztc36975"" target=""_blank"">@niyztc36975</a>",46,5,85.125,0.667,1,8,0,838.5,18.667,0,0
"<a href=""https://tiktok.com/@nqkwvc"" target=""_blank"">@nqkwvc</a>",75,8,40.833,0.95,2,26,0,6223.875,130.75,1.75,1
"<a href=""https://tiktok.com/@nzohwh"" target=""_blank"">@nzohwh</a>",80,6,20.75,1,1,8,0,2381.667,54.833,0.667,0.167
"<a href=""https://tiktok.com/@ojbkhhh2"" target=""_blank"">@ojbkhhh2</a>",42,6,57.864,0.969,4,39,0,1076.167,40.5,0.333,0
"<a href=""https://tiktok.com/@oljclk"" target=""_blank"">@oljclk</a>",73,8,10.3,1,1,10,0,2499.875,26.375,0,0.25
"<a href=""https://tiktok.com/@ouou6264"" target=""_blank"">@ouou6264</a>",59,6,63.75,1,4,35,0,256.667,9.333,0,1
"<a href=""https://tiktok.com/@oxkops7"" target=""_blank"">@oxkops7</a>",79,6,37.1,0.857,1,10,0,1452.571,75.286,1.714,0
"<a href=""https://tiktok.com/@pbpktw"" target=""_blank"">@pbpktw</a>",57,5,55.444,0.6,1,9,0,1386.6,22.4,0,0
"<a href=""https://tiktok.com/@pdilul"" target=""_blank"">@pdilul</a>",76,8,70.583,1,2,24,0,65103.5,3092.75,57,30.375
"<a href=""https://tiktok.com/@podra.dessy"" target=""_blank"">@podra.dessy</a>",26,8,57.571,0.8,1,7,0,889,35,0.5,5.5
"<a href=""https://tiktok.com/@pratt_movie"" target=""_blank"">@pratt_movie</a>",8,10,56.74,0.942,5,47,0,71126.6,1653.6,15.1,31.8
"<a href=""https://tiktok.com/@privon14"" target=""_blank"">@privon14</a>",62,8,99.8,0.857,1,15,0,1000.577,68.577,14.654,1.846
"<a href=""https://tiktok.com/@puayes55"" target=""_blank"">@puayes55</a>",19,6,35,0.845,2,20,0,916,19.5,0.167,1
"<a href=""https://tiktok.com/@puhrra"" target=""_blank"">@puhrra</a>",57,13,44.926,0.815,8,71,0,1429.357,35.143,0.214,0
"<a href=""https://tiktok.com/@quincyshop08"" target=""_blank"">@quincyshop08</a>",5,6,49.417,1,3,23,0,950.6,35.8,0.5,1.5
"<a href=""https://tiktok.com/@refine74"" target=""_blank"">@refine74</a>",76,8,43.292,1,2,28,0,90383,1907,11.125,10.375
"<a href=""https://tiktok.com/@rmcbk1"" target=""_blank"">@rmcbk1</a>",41,9,70,1,1,8,0,2386.4,66.1,1.6,1.5
"<a href=""https://tiktok.com/@rohingyao"" target=""_blank"">@rohingyao</a>",30,10,57.476,0.856,10,83,0,1035.2,59.6,2,0.6
"<a href=""https://tiktok.com/@rosantspssu"" target=""_blank"">@rosantspssu</a>",60,8,53.649,1,3,23,0,4145.8,88.2,1.7,47.3
"<a href=""https://tiktok.com/@rrwtqoji8v5"" target=""_blank"">@rrwtqoji8v5</a>",44,4,89,1,1,8,0,1831.5,35.5,0,0.25
"<a href=""https://tiktok.com/@ryllskaya.reddit"" target=""_blank"">@ryllskaya.reddit</a>",20,6,67.5,0.667,1,8,0,318,18.833,0.333,0.167
"<a href=""https://tiktok.com/@ryllskayalife7"" target=""_blank"">@ryllskayalife7</a>",65,5,64.5,1,1,8,0,739.4,100.6,1,0.2
"<a href=""https://tiktok.com/@ryllskayazeng"" target=""_blank"">@ryllskayazeng</a>",20,5,54.464,1,2,15,0,679.8,29,0.4,0.2
"<a href=""https://tiktok.com/@samsilas1994"" target=""_blank"">@samsilas1994</a>",9,8,51.107,0.9,2,15,0,147363,7223.111,44.111,314.889
"<a href=""https://tiktok.com/@sasapco"" target=""_blank"">@sasapco</a>",30,10,49.885,0.908,7,60,0,1671.2,124.4,0.5,0.7
"<a href=""https://tiktok.com/@scndqxjyehg"" target=""_blank"">@scndqxjyehg</a>",43,5,60.286,0.8,1,7,0,1556.8,27.6,0,0.8
"<a href=""https://tiktok.com/@scoolpodcast"" target=""_blank"">@scoolpodcast</a>",42,6,72.704,0.889,3,25,0,917,21.167,0,0.167
"<a href=""https://tiktok.com/@scra5694"" target=""_blank"">@scra5694</a>",59,13,50.389,0.931,4,55,0,1733.8,68.6,0.667,0.733
"<a href=""https://tiktok.com/@sdsdyou"" target=""_blank"">@sdsdyou</a>",30,8,66.375,0.714,1,8,0,26984.333,1382.111,23,75.111
"<a href=""https://tiktok.com/@sgdjn3"" target=""_blank"">@sgdjn3</a>",14,7,71.571,1,1,7,0,1131.286,35.143,1.429,0
"<a href=""https://tiktok.com/@shvchjds"" target=""_blank"">@shvchjds</a>",29,9,41.111,0.875,1,9,0,3264,130.4,21.3,6.7
"<a href=""https://tiktok.com/@sidjjd79"" target=""_blank"">@sidjjd79</a>",42,6,72.213,0.813,5,43,0,1578.167,49,0.667,0.333
"<a href=""https://tiktok.com/@siev9347"" target=""_blank"">@siev9347</a>",59,12,59.8,1,6,90,0,1053.733,63.667,0.467,0.333
"<a href=""https://tiktok.com/@siivg1"" target=""_blank"">@siivg1</a>",22,5,37.143,1,1,7,0,690,27,0.8,0.4
"<a href=""https://tiktok.com/@sjdh9643"" target=""_blank"">@sjdh9643</a>",16,8,55.714,1,1,7,0,1202.5,43,0.375,0.25
"<a href=""https://tiktok.com/@skunk.robinsong"" target=""_blank"">@skunk.robinsong</a>",26,7,64.214,0.8,2,14,0,1149.857,29.714,0.571,0.143
"<a href=""https://tiktok.com/@snoshsj"" target=""_blank"">@snoshsj</a>",78,7,61.556,1,1,9,0,777.429,36.286,0.143,0.429
"<a href=""https://tiktok.com/@sqifhw"" target=""_blank"">@sqifhw</a>",57,12,49.401,0.773,10,92,0,646.333,24.5,0.167,1.083
"<a href=""https://tiktok.com/@stien.lindag"" target=""_blank"">@stien.lindag</a>",26,7,70.857,0.8,1,7,0,1094.429,35.857,0,0.571
"<a href=""https://tiktok.com/@stoyouh"" target=""_blank"">@stoyouh</a>",30,10,61.787,0.9,11,118,0,1992.9,77.5,1.7,1.3
"<a href=""https://tiktok.com/@stvhfhj"" target=""_blank"">@stvhfhj</a>",29,9,53.421,0.817,2,17,0,4632.556,153.333,5.444,25.667
"<a href=""https://tiktok.com/@stylish_queen_120"" target=""_blank"">@stylish_queen_120</a>",62,11,90.8,0.595,2,25,0,505.282,66.692,7.59,1.949
"<a href=""https://tiktok.com/@svjscsh"" target=""_blank"">@svjscsh</a>",29,10,48.075,0.938,2,18,0,53942.4,984.7,16.1,192.2
"<a href=""https://tiktok.com/@sweet_driver120"" target=""_blank"">@sweet_driver120</a>",64,7,82.5,0.333,1,12,0,2753,247.889,19.833,4.694
"<a href=""https://tiktok.com/@tafwwk"" target=""_blank"">@tafwwk</a>",57,11,64.52,0.824,5,79,0,2669.636,21.909,0,0.091
"<a href=""https://tiktok.com/@text.fc"" target=""_blank"">@text.fc</a>",30,9,40.869,0.933,3,22,0,4412,189.5,5.4,3.1
"<a href=""https://tiktok.com/@text690"" target=""_blank"">@text690</a>",30,8,46.05,1,2,18,0,77016.8,1792.3,22.1,12
"<a href=""https://tiktok.com/@text778"" target=""_blank"">@text778</a>",30,10,61.421,0.824,6,46,0,6375.9,214.5,2.9,5.8
"<a href=""https://tiktok.com/@texthsg"" target=""_blank"">@texthsg</a>",28,7,47.286,0.833,1,7,0,3606.4,154,3.2,5
"<a href=""https://tiktok.com/@textpov10"" target=""_blank"">@textpov10</a>",66,5,62.429,1,1,7,0,2296.889,58.889,1.111,5.444
"<a href=""https://tiktok.com/@texts178"" target=""_blank"">@texts178</a>",30,9,57.182,0.929,2,23,0,4817.111,194.667,3.556,11.111
"<a href=""https://tiktok.com/@textstory781"" target=""_blank"">@textstory781</a>",30,10,53,1,1,7,0,2108.1,90.4,2.1,0.9
"<a href=""https://tiktok.com/@textstyo"" target=""_blank"">@textstyo</a>",29,10,44.209,0.925,3,34,0,4339.4,150,3,6.6
"<a href=""https://tiktok.com/@tiffanystory8"" target=""_blank"">@tiffanystory8</a>",60,5,60.375,1,1,8,0,1093.333,35.667,1.167,1.167
"<a href=""https://tiktok.com/@tiiff4205"" target=""_blank"">@tiiff4205</a>",59,14,56.81,1,7,80,0.001,594.4,21.933,0.4,0.133
"<a href=""https://tiktok.com/@titme"" target=""_blank"">@titme</a>",53,6,32.202,0.958,4,35,0,793.111,38.222,0.556,0.111
"<a href=""https://tiktok.com/@tiwakp1"" target=""_blank"">@tiwakp1</a>",57,9,35.692,0.875,1,13,0,600.333,21.083,0.083,0.083
"<a href=""https://tiktok.com/@tkmr.zqzh"" target=""_blank"">@tkmr.zqzh</a>",36,3,40.778,1,1,9,0,808.333,16,0,0
"<a href=""https://tiktok.com/@toma.rimi"" target=""_blank"">@toma.rimi</a>",52,6,49.375,0.938,2,30,0,616.833,15.5,0,0
"<a href=""https://tiktok.com/@topi.khatun6"" target=""_blank"">@topi.khatun6</a>",51,6,44.607,0.878,3,22,0,473,8,0,0.167
"<a href=""https://tiktok.com/@ubhutfrx"" target=""_blank"">@ubhutfrx</a>",4,9,44.294,0.877,7,66,0,1232.2,81.2,1,0.9
"<a href=""https://tiktok.com/@ufsc8075"" target=""_blank"">@ufsc8075</a>",59,15,63.935,1,5,79,0,4543.067,130.933,0.867,3.733
"<a href=""https://tiktok.com/@uftixru"" target=""_blank"">@uftixru</a>",24,9,48.375,0.938,2,16,0,13971.111,567.111,11.111,29.222
"<a href=""https://tiktok.com/@uhpdh"" target=""_blank"">@uhpdh</a>",4,8,65.546,1,3,25,0,916.375,52.5,0.375,0.75
"<a href=""https://tiktok.com/@urdu9708"" target=""_blank"">@urdu9708</a>",59,12,51.917,1,3,54,0,1007.6,50.933,0.2,0.2
"<a href=""https://tiktok.com/@user1049574269225"" target=""_blank"">@user1049574269225</a>",3,3,39,1,1,9,0,1137.25,155.25,20,5
"<a href=""https://tiktok.com/@user16942078048785"" target=""_blank"">@user16942078048785</a>",34,3,46.81,0.8,3,21,0,2801,28.333,0,1
"<a href=""https://tiktok.com/@user19468614708518"" target=""_blank"">@user19468614708518</a>",48,6,29,1,1,8,0,1430.5,27.667,2.667,23.167
"<a href=""https://tiktok.com/@user240775158"" target=""_blank"">@user240775158</a>",52,6,51.128,1,2,31,0,1281.833,18.333,0.333,0.167
"<a href=""https://tiktok.com/@user2804925460335"" target=""_blank"">@user2804925460335</a>",32,7,64.932,0.944,3,25,0,1884.667,31.667,2,0.556
"<a href=""https://tiktok.com/@user2903556969068"" target=""_blank"">@user2903556969068</a>",47,6,56.956,0.854,7,58,0,1226.5,25.167,3.5,26.5
"<a href=""https://tiktok.com/@user2932993437321"" target=""_blank"">@user2932993437321</a>",47,6,57.162,0.964,4,33,0,1661.333,46.5,3.333,26
"<a href=""https://tiktok.com/@user33058378723006"" target=""_blank"">@user33058378723006</a>",32,3,55.59,1,2,17,0,0,0,0,0
"<a href=""https://tiktok.com/@user386963311513"" target=""_blank"">@user386963311513</a>",47,6,41.947,0.774,6,54,0,1109.5,22.667,3,20.167
"<a href=""https://tiktok.com/@user4180711057923"" target=""_blank"">@user4180711057923</a>",2,4,28,0.833,1,7,0,599.5,23.75,0.75,0.75
"<a href=""https://tiktok.com/@user4181021201798"" target=""_blank"">@user4181021201798</a>",47,6,59.4,0.952,3,28,0,1087.667,34.667,3,19
"<a href=""https://tiktok.com/@user4474087610054"" target=""_blank"">@user4474087610054</a>",35,3,73.897,0.7,2,16,0,3812,20.667,0.333,0.333
"<a href=""https://tiktok.com/@user50065457091245"" target=""_blank"">@user50065457091245</a>",48,6,29,1,1,8,0,2042.167,46.667,4.167,35.167
"<a href=""https://tiktok.com/@user5203530187060"" target=""_blank"">@user5203530187060</a>",12,9,81.375,0.833,1,8,0,1641.556,23.444,3.667,0.111
"<a href=""https://tiktok.com/@user5280073810027"" target=""_blank"">@user5280073810027</a>",3,4,39,1,1,9,0,266.25,13.75,2,0.5
"<a href=""https://tiktok.com/@user5420459886268"" target=""_blank"">@user5420459886268</a>",2,5,28,0.833,1,7,0,2018.8,46.4,1,1.6
"<a href=""https://tiktok.com/@user5626060056906"" target=""_blank"">@user5626060056906</a>",4,9,61.921,0.871,3,33,0,630.8,31.9,0.4,0.1
"<a href=""https://tiktok.com/@user6171047885852"" target=""_blank"">@user6171047885852</a>",19,6,32.4,0.929,2,20,0,733.833,17.833,0.167,1
"<a href=""https://tiktok.com/@user6186701630842"" target=""_blank"">@user6186701630842</a>",47,6,53.406,0.899,8,68,0,1055.333,17.667,2.667,16
"<a href=""https://tiktok.com/@user62212983630457"" target=""_blank"">@user62212983630457</a>",20,5,41.625,1,1,8,0,917.8,35.2,0.2,0
"<a href=""https://tiktok.com/@user62526558172268"" target=""_blank"">@user62526558172268</a>",35,3,90.571,0.6,1,7,0,531,5.333,0,0
"<a href=""https://tiktok.com/@user6544093258437"" target=""_blank"">@user6544093258437</a>",47,6,54.643,0.898,7,56,0,668.167,6.5,1.5,7.833
"<a href=""https://tiktok.com/@user6804783916142"" target=""_blank"">@user6804783916142</a>",35,3,57.222,0.8,1,9,0,2602,30.667,1,0.333
"<a href=""https://tiktok.com/@user6922385284275"" target=""_blank"">@user6922385284275</a>",4,8,60.952,0.88,7,58,0,1421.333,90,1,1.778
"<a href=""https://tiktok.com/@user72721266880336"" target=""_blank"">@user72721266880336</a>",32,3,55.063,1,2,16,0,310.333,3.333,0.333,0
"<a href=""https://tiktok.com/@user7516190319240"" target=""_blank"">@user7516190319240</a>",20,5,58.5,0.714,1,8,0,733.571,37.714,0.571,0
"<a href=""https://tiktok.com/@user7618429121481"" target=""_blank"">@user7618429121481</a>",36,3,40.778,1,1,9,0,397,5.667,0,0
"<a href=""https://tiktok.com/@user787327277479"" target=""_blank"">@user787327277479</a>",34,3,47.286,0.867,3,21,0,590.667,14.333,0,0
"<a href=""https://tiktok.com/@user8236256329966"" target=""_blank"">@user8236256329966</a>",1,7,51.6,0.889,1,15,0,843.143,21.714,2.286,0.143
"<a href=""https://tiktok.com/@user8653602093025"" target=""_blank"">@user8653602093025</a>",47,6,39.873,0.802,6,53,0,1271.167,25.167,4,22.5
"<a href=""https://tiktok.com/@user8794483655797"" target=""_blank"">@user8794483655797</a>",47,6,53.129,0.852,5,39,0,3182,72,3,32.667
"<a href=""https://tiktok.com/@user8847609801518"" target=""_blank"">@user8847609801518</a>",47,5,42.542,0.804,4,33,0,1989.8,49.8,7.6,25.8
"<a href=""https://tiktok.com/@user88481268236014"" target=""_blank"">@user88481268236014</a>",34,3,42.714,0.867,3,21,0,86.667,0,0,0
"<a href=""https://tiktok.com/@user9068129772922"" target=""_blank"">@user9068129772922</a>",34,3,43.857,0.8,3,21,0,316.333,10.667,0,0
"<a href=""https://tiktok.com/@user9262051903981"" target=""_blank"">@user9262051903981</a>",19,6,49.9,0.917,2,20,0,996.833,38.333,0.833,0.833
"<a href=""https://tiktok.com/@user9398178519308"" target=""_blank"">@user9398178519308</a>",67,3,47.036,1,4,28,0,535.667,6,0,0
"<a href=""https://tiktok.com/@usixidbd"" target=""_blank"">@usixidbd</a>",6,10,63.773,0.882,2,21,0,2303.8,178,2.2,2.3
"<a href=""https://tiktok.com/@v.gg395"" target=""_blank"">@v.gg395</a>",54,8,50.777,0.857,2,21,0,942.778,16,0.556,0.111
"<a href=""https://tiktok.com/@v.if77"" target=""_blank"">@v.if77</a>",54,9,49.642,0.905,3,35,0,798.778,20.222,0.222,0.111
"<a href=""https://tiktok.com/@vdudb33"" target=""_blank"">@vdudb33</a>",9,10,59.536,1,2,15,0,1597.8,34,0.2,0.6
"<a href=""https://tiktok.com/@vghf668"" target=""_blank"">@vghf668</a>",54,9,44.801,1,3,39,0,1224.889,32.889,1.333,0.444
"<a href=""https://tiktok.com/@vicblack0504"" target=""_blank"">@vicblack0504</a>",9,8,48.714,1,2,15,0,993.111,98.667,0.556,0.444
"<a href=""https://tiktok.com/@video.of38"" target=""_blank"">@video.of38</a>",55,8,49.639,0.963,3,32,0,1481,56.444,0.556,0.333
"<a href=""https://tiktok.com/@vkie1837"" target=""_blank"">@vkie1837</a>",59,6,60.222,1,3,36,0,207.833,8.833,0,0.167
"<a href=""https://tiktok.com/@vxissvsb"" target=""_blank"">@vxissvsb</a>",69,8,45.05,1,2,18,0,1029.5,43.75,0.25,0.25
"<a href=""https://tiktok.com/@wdoi2427"" target=""_blank"">@wdoi2427</a>",59,15,68.204,1,6,90,0,346.933,19.733,0.267,0.4
"<a href=""https://tiktok.com/@weck01"" target=""_blank"">@weck01</a>",31,9,34.667,0.889,1,12,0,66686.9,3584.4,24,145.6
"<a href=""https://tiktok.com/@wevbocr"" target=""_blank"">@wevbocr</a>",68,8,69.818,1,1,11,0,3803.125,69.625,1.125,0.25
"<a href=""https://tiktok.com/@wgslhe"" target=""_blank"">@wgslhe</a>",57,15,69.937,0.858,12,184,0,957.933,19.933,0,0
"<a href=""https://tiktok.com/@wgvs9108"" target=""_blank"">@wgvs9108</a>",59,9,62.764,1,6,62,0.001,289.889,15.556,0,0
"<a href=""https://tiktok.com/@wilks.chasen"" target=""_blank"">@wilks.chasen</a>",9,5,34.857,0.833,1,7,0,1709.1,86.4,0.7,4.4
"<a href=""https://tiktok.com/@wipw6992"" target=""_blank"">@wipw6992</a>",59,3,67.333,1,2,18,0,332.333,6.333,0,0
"<a href=""https://tiktok.com/@wojta.or"" target=""_blank"">@wojta.or</a>",51,5,51.902,0.917,2,15,0,662.5,13,0.167,0
"<a href=""https://tiktok.com/@wotext"" target=""_blank"">@wotext</a>",29,10,40.123,0.892,3,28,0,2135.7,80.7,1.9,0.5
"<a href=""https://tiktok.com/@wty88731wbc"" target=""_blank"">@wty88731wbc</a>",28,9,50.759,0.877,4,32,0,2297.333,121,5,1.333
"<a href=""https://tiktok.com/@wys88511u0t"" target=""_blank"">@wys88511u0t</a>",28,9,66.105,0.861,3,27,0,5741.5,269.7,9.1,6.1
"<a href=""https://tiktok.com/@xcwvym2"" target=""_blank"">@xcwvym2</a>",81,5,58.929,0.817,2,17,0,1404.429,53.571,1.429,0.857
"<a href=""https://tiktok.com/@xin20241035"" target=""_blank"">@xin20241035</a>",83,6,42.545,0.667,1,11,0,1118.5,48,1.25,0.25
"<a href=""https://tiktok.com/@xinzhongguoreddit"" target=""_blank"">@xinzhongguoreddit</a>",20,5,59.429,1,1,7,0,509.667,15.333,0.5,2.833
"<a href=""https://tiktok.com/@xvjdsj5"" target=""_blank"">@xvjdsj5</a>",69,7,42.714,0.929,2,14,0,995.571,12.714,0.286,0
"<a href=""https://tiktok.com/@xxii911"" target=""_blank"">@xxii911</a>",30,9,47.81,0.858,6,64,0,956.667,80.556,1.333,0.111
"<a href=""https://tiktok.com/@you.texts"" target=""_blank"">@you.texts</a>",29,9,48.912,0.922,5,50,0,2099.667,80.667,2.222,2.222
"<a href=""https://tiktok.com/@you55668"" target=""_blank"">@you55668</a>",30,10,60.468,0.834,5,38,0,1917.3,119.2,5.2,2.3
"<a href=""https://tiktok.com/@yourstoryttt"" target=""_blank"">@yourstoryttt</a>",30,10,61.958,0.876,11,110,0,16492,267.8,5.4,6.1
"<a href=""https://tiktok.com/@yurodriver_120"" target=""_blank"">@yurodriver_120</a>",63,5,89.133,1,1,15,0,375.115,36.077,3.769,2.5
"<a href=""https://tiktok.com/@z1234567417"" target=""_blank"">@z1234567417</a>",1,7,51.6,0.889,1,15,0,2207.286,48.571,25.857,3.286
"<a href=""https://tiktok.com/@zdogz60"" target=""_blank"">@zdogz60</a>",77,6,40.5,1,1,8,0,1259.571,39.286,0.857,0.714
"<a href=""https://tiktok.com/@zjvz.bdoj"" target=""_blank"">@zjvz.bdoj</a>",32,3,47.25,0.95,4,36,0,337.333,4,0,0
"<a href=""https://tiktok.com/@ztctmxt"" target=""_blank"">@ztctmxt</a>",72,6,14,1,1,8,0,2742.25,101.75,0.875,0.625
