"Network","Number of Accounts","Network Density","Network Diameter","Clustering Coefficient","Avg Views","Avg Likes","Avg Comments","Avg Shares","Member Accounts"
1,2,1,15,0,1525.214,35.143,14.071,1.714,"user8236256329966, z1234567417"
2,2,1,7,0,1388,36.333,0.889,1.222,"user5420459886268, user4180711057923"
3,2,1,9,0,701.75,84.5,11,2.75,"user1049574269225, user5280073810027"
4,18,0.281,36,0.395,1557.242,68.691,0.806,1.473,"be.jkigv, krug011, uhpdh, ubhutfrx, jtcytxyzey, fughf21, hdifhg5, irdc042, fdijc3, jdpxorjf, hcodifb, bmc12655, jfkovj5, hsozhs6, user5626060056906, luisina.riihimaki, chantalkusch, user6922385284275"
5,7,0.714,20,0.722,1224.545,60.909,0.53,0.773,"quincyshop08, jfufrehcdh, chhvtdy, hdididh8, jdpdosj, hdkcofh, dutiutx"
6,8,0.286,42,0.25,2381.013,87.649,1.221,1.13,"jeiofifuhd, usixidbd, fiutfvjj, cirila.mccorkle, aedhdici, aedyckctu, jgdghg75464, anaxagoras.harlen"
7,4,0.5,23,0,1095.03,38.545,0.788,2.879,"itdh8557, hgfryj8745, aedbr6, aed7290"
8,8,0.607,21,0.559,23017.462,519.564,3.949,7.09,"nendn4309, fuchc053, godv7302, gskpccbd, bfihc, gckcj4, dhicug, pratt_movie"
9,8,0.286,37,0.25,28296.44,1342.973,10.667,42.067,"bgfddf8888, asdfsasd.fgdfdgas, vdudb33, vicblack0504, samsilas1994, estherwebb1225, ferdinandbecky1982, wilks.chasen"
10,4,0.5,24,0,15184.919,430.189,2.162,2.459,"fjgr86434, dhut98545, fuddg743, huaka.loams"
11,4,1,18,1,11098.974,162.128,2.103,2.615,"hshjrg8647, jfdd653, hdr86575, fauy8466"
12,3,0.667,15,0,1613.143,39.536,1.786,0.429,"chcjg0, bbfj54, user5203530187060"
13,2,1,7,0,5118.353,192,12.765,9.529,"chvftn, aed8562"
14,3,0.667,14,0,37621.72,1549,13.08,132.56,"fucsru, sgdjn3, aed7230"
15,2,1,7,0,1815.929,65.714,1.357,1.286,"aed3345, abdaziz2128"
16,3,0.667,15,0,1410.385,53.308,1.154,2.962,"fjggds0808, jfshjfd9530, sjdh9643"
17,3,0.667,14,0,1650.821,94.143,1.286,2.857,"grukc02, hdhxg847, aefhkddh"
18,4,0.5,24,0,9659.316,307.132,3.868,2.632,"hhhhh777777852, duvfyh1, finishthemovie3, elvistrevelyan0204"
19,3,1,10,1,882.222,25.222,0.389,0.944,"user9262051903981, puayes55, user6171047885852"
20,7,0.286,23,0,766.512,39.171,0.756,0.927,"ryllskaya.reddit, user7516190319240, jubal_movie, user62212983630457, ryllskayazeng, xinzhongguoreddit, chinaweireddit"
21,2,1,7,0,1951.167,49.75,0.333,0.333,"hdhu402, gjfghh74"
22,2,1,7,0,8115.818,76.818,2.636,1.727,"bcjjc54, siivg1"
23,2,1,7,0,296438.824,10696.353,67.471,112.412,"esperance.sulcer, aedjpidhd"
24,3,1,8,1,5043.414,223.276,4.103,9.414,"uftixru, jdoxhbd, hdjixdj"
25,2,1,7,0,1748.312,83.875,1,3.625,"adan.stockmank, jacinta.almetrak"
26,3,0.667,14,0,1037.364,33.591,0.364,2.227,"stien.lindag, podra.dessy, skunk.robinsong"
27,2,1,7,0,758.267,42.4,0.667,3.4,"gerkeselen06, fycygygy"
28,5,0.7,17,0.8,3549.354,153.167,4.5,5.771,"hec88551nva, texthsg, gskgu2, wty88731wbc, wys88511u0t"
29,7,0.429,31,0.474,11251.103,269.588,8.456,34.956,"stvhfhj, textstyo, wotext, svjscsh, fjjgdvx, shvchjds, you.texts"
30,21,0.281,35,0.486,19290.71,769.329,8.135,30.976,"sasapco, text690, dhcghcb, xxii911, textstory781, crtyougo, ktsfyh, stoyouh, rohingyao, bsbseuo, text778, dtkwod, landscape5670, you55668, huiodjio, text.fc, hdryxd, texts178, cagnhd, sdsdyou, yourstoryttt"
31,2,1,12,0,49989,1982.7,25.85,77.55,"hxavnxh, weck01"
32,8,0.5,27,0.846,2558.118,18.676,0.618,0.294,"user33058378723006, user2804925460335, fcvbvv57, gthggg8, hdjddjd092, chccggc1, user72721266880336, zjvz.bdoj"
33,2,1,9,0,334.333,1.833,0,0,"bdbdhhehh, ndnenmeme"
34,4,1,7,1,948.667,13.333,0,0.25,"user16942078048785, user787327277479, user9068129772922, user88481268236014"
35,3,0.667,16,0,2315,18.889,0.444,0.222,"user62526558172268, user6804783916142, user4474087610054"
36,2,1,9,0,602.667,10.833,0,0,"user7618429121481, tkmr.zqzh"
37,2,1,7,0,13186.105,80.105,0.632,1.368,"aeda1689, lwandiswamsithini"
38,7,0.667,16,0.78,13225.371,181.871,1.581,3.306,"aed7p4, aed75787, debran.oxonrp00, aynor.ogawa, aed3660, debran.oxonrp81, hoeg.huan"
39,2,1,8,0,4626.947,176.316,3.053,3.947,"bdonvg, bartholomewnancybz1025"
40,5,0.8,18,0.789,1382.889,49.689,0.622,0.422,"aed2977, gjbgikh, fannybach2010, calvinwhitman1014, ghcdax"
41,2,1,8,0,1866.1,54.25,1.25,1.25,"fibchf, rmcbk1"
42,7,0.524,26,0.581,1182.195,32.22,0.756,0.22,"isni5392, funny.podcasttop, naipom820, jh.hj90, ojbkhhh2, scoolpodcast, sidjjd79"
43,5,0.4,23,0,4035.24,42.28,0.52,0.64,"ale2r35, fevkuiq, jchhmsonbul, buslmigf7dn, scndqxjyehg"
44,2,1,8,0,1345.75,25.375,0,0.125,"rrwtqoji8v5, hlnvan42749s"
45,3,0.667,15,0,16502.143,361.643,9.429,27.571,"gskdl.duo, labksb49906r, dfyioo.nko"
46,2,1,8,0,603.75,10.75,0.083,0,"frees.ess, niyztc36975"
47,9,0.694,18,0.768,1462.623,33.038,3.434,21.755,"user386963311513, user8653602093025, user8794483655797, user2903556969068, user6544093258437, user6186701630842, user2932993437321, user4181021201798, user8847609801518"
48,2,1,8,0,1736.333,37.167,3.417,29.167,"user19468614708518, user50065457091245"
49,3,0.667,15,0,1047.579,15.158,0.368,1,"mzcvs991, mxvgdscsdfvcsdfsd, mxcvdsf968"
50,3,1,17,1,1620.389,42.5,0.5,4,"hdbjx72, hsbuz8, fhuc22"
51,5,0.5,23,0.5,2558.308,67.423,0.885,0.192,"g.gy726, topi.khatun6, monalisa7988, bristy.beb, wojta.or"
52,3,1,18,1,894.941,20.059,0.118,0.235,"gfg6705, toma.rimi, user240775158"
53,5,1,16,1,1320.182,32.614,0.432,0.136,"kuhar.clair6, berez.paulo, burba.robyn, titme, j.ee238"
54,5,0.6,27,0.6,1011.978,28.022,0.6,0.378,"jdbjd335, ggih3179, v.gg395, v.if77, vghf668"
55,5,0.6,22,0.545,902.513,29.59,0.308,0.282,"jsjx359, jdnjd485, biebuh4, hdhux39, video.of38"
56,2,1,9,0,31020.333,396,2.5,6.5,"aleo3852, msfsgvsvcsdfsadsa"
57,23,0.372,42,0.616,944.468,21.401,0.106,0.246,"doiplo1, hltuoq, cdnkdg, cusvtd, bipiqo, abjjvt, lhqitc, lgunwj, fsaftn, hidouo, hdmjwo1, puhrra, bpgarp, sqifhw, idpeoc, dtbtcc8, eqmhqf, tafwwk, mmlcdg, fgffvp, pbpktw, tiwakp1, wgslhe"
58,3,0.667,16,0,1154.545,37.152,0.152,0.121,"bvoo3130, dijx3903, fhda78402"
59,38,0.145,58,0.382,1101.775,48.066,0.393,0.454,"coref8734, fkir2290, fiir2712, dhhi6645, hrfj8302, tiiff4205, courr1227, hehs5037, cjur6297, gour2295, eiwv9484, eodn8506, fnnf8890, clirr5282, fkur7594, siev9347, gjus6238, ehgw1916, ufsc8075, cjirr8920, gjguq6894, cjitr2086, bffb2489, fiur8444, cjire9104, ckir91022, ific3756, hrsy60677, ouou6264, aueh7133, fbgg2395, wipw6992, wgvs9108, urdu9708, scra5694, wdoi2427, jcsie5410, vkie1837"
60,4,0.667,16,0.6,2233.5,65.111,1.472,14.639,"rosantspssu, danaobenkuil, eudazpstrvf, tiffanystory8"
61,2,1,7,0,922.625,51.25,0.312,0.562,"kangoopre, gmbcuuo"
62,3,0.667,25,0,577.177,52.198,7.594,1.333,"cute_chumi_girl208, privon14, stylish_queen_120"
63,3,0.667,26,0,510.087,51.437,11,1.058,"chumi_driver102, cutedriver120, yurodriver_120"
64,3,0.667,22,0,1257.742,117.144,9.887,2.825,"areplan_driver120, cutequeen_driver120, sweet_driver120"
65,2,1,8,0,642.889,63.556,0.667,0.333,"ryllskayalife7, china_reddit"
66,2,1,7,0,1719.667,54.333,0.933,3.6,"jjjjjjf00, textpov10"
67,6,0.733,16,0.882,583.095,12.619,0.048,0.095,"1utfjk, 3mmmgkk, bzsksk1, 4hjgdjj, 2thgkvjd, user9398178519308"
68,2,1,11,0,2711.812,83.25,1,0.188,"mjbwysq6, wevbocr"
69,10,0.222,41,0.214,814.235,23.765,0.346,0.136,"jdjsbs94, jxgxi8, naivevy, hds.hy, 41ghqq, cjdfndrh, elleigh.anton, juarezbent, vxissvsb, xvjdsj5"
70,2,1,7,0,1199.857,44.071,0.786,0.143,"gauqhar2, meggie.y"
71,2,1,8,0,672.571,21.857,1.071,0.143,"ciucfyictci, kenworthyhoo"
72,2,1,8,0,2205,91.538,0.615,0.385,"ivfqjqo2, ztctmxt"
73,3,0.667,22,0,20205.708,591.542,5.708,1.75,"oljclk, ljpjvh, hwvrok"
74,2,1,7,0,1025,46.667,0.417,0,"bxjxhxt, avelina.asucen"
75,6,0.467,28,0.6,2340.311,87.956,0.822,0.356,"nqkwvc, maemeg7, afpkjk, leoraf9, nhllos8, fteecfs"
76,3,1,16,1,85870.333,2606.083,35.958,36,"pdilul, htjzwe4, refine74"
77,2,1,8,0,1040.615,38.077,0.769,0.538,"cucu17645, zdogz60"
78,2,1,9,0,542.933,23.4,0.2,0.2,"cigcgict, snoshsj"
79,2,1,10,0,169363.643,5836.714,44.571,44,"evfdmzl, oxkops7"
80,2,1,8,0,16279.333,587.75,5.25,1.583,"nzohwh, bixukf"
81,3,1,12,1,1164.545,48.5,0.636,0.409,"kdywnty, awmilke, xcwvym2"
82,3,1,7,1,0,0,0.222,0,"2appookkve, 4hgkdjf, heheb8964"
83,2,1,11,0,1152.941,47.176,1.118,0.353,"agrahamagraham, xin20241035"
84,2,1,17,0,5582.222,159.667,10.056,1.667,"bdbdchhd, mdsdz2"
