"Account","Network","Unique Shares","Avg Time Between Shares (sec)","Edge Symmetry Score","Degree","Strength","Betweenness","Avg Views","Avg Likes","Avg Comments","Avg Shares"
"<a href=""https://tiktok.com/@11cjhggg"" target=""_blank"">@11cjhggg</a>",58,6,27.444,1,1,9,0,2309.333,61.167,0.833,1.167
"<a href=""https://tiktok.com/@1djjvsjb"" target=""_blank"">@1djjvsjb</a>",62,6,51.915,0.865,6,70,0,326.5,11,0,0
"<a href=""https://tiktok.com/@1qwdjjd"" target=""_blank"">@1qwdjjd</a>",62,6,47.288,0.979,6,70,0,415.833,8.5,0.167,0
"<a href=""https://tiktok.com/@1yrogls"" target=""_blank"">@1yrogls</a>",55,8,52.042,0.892,10,140,0,1852.75,62.625,0.25,0.125
"<a href=""https://tiktok.com/@2ckfjkelw"" target=""_blank"">@2ckfjkelw</a>",58,5,27.444,1,1,9,0,906.2,23,0.4,0.4
"<a href=""https://tiktok.com/@2jxggxh"" target=""_blank"">@2jxggxh</a>",55,5,49.132,0.87,10,121,0,517.8,9.4,0,0
"<a href=""https://tiktok.com/@3jfofoed"" target=""_blank"">@3jfofoed</a>",61,6,25.6,1,1,10,0,917.667,38.833,1,0
"<a href=""https://tiktok.com/@3mbfklb"" target=""_blank"">@3mbfklb</a>",62,6,45.052,0.979,6,69,0,1243.833,34.667,1.5,0.167
"<a href=""https://tiktok.com/@3mmmgkk"" target=""_blank"">@3mmmgkk</a>",61,6,25.6,1,1,10,0,980,29.5,0.333,0.167
"<a href=""https://tiktok.com/@4khuik"" target=""_blank"">@4khuik</a>",57,6,24.894,1,2,19,0,952.5,24.833,0.5,0.167
"<a href=""https://tiktok.com/@abxdl1382"" target=""_blank"">@abxdl1382</a>",55,3,46.963,0.933,3,27,0,928.833,20.333,0.167,0.333
"<a href=""https://tiktok.com/@aed0267"" target=""_blank"">@aed0267</a>",28,9,49.034,0.888,4,58,0,1663.778,41.222,0,0.667
"<a href=""https://tiktok.com/@aed2750"" target=""_blank"">@aed2750</a>",28,10,56.392,0.852,5,88,0,19664.2,199.5,0.8,2.5
"<a href=""https://tiktok.com/@aedyckctu"" target=""_blank"">@aedyckctu</a>",3,10,51.308,0.967,3,38,0,2976.3,98.4,1.6,1.2
"<a href=""https://tiktok.com/@ale2r35"" target=""_blank"">@ale2r35</a>",12,6,48.361,0.938,2,19,0,888.75,17.625,2,2.375
"<a href=""https://tiktok.com/@ale383279"" target=""_blank"">@ale383279</a>",12,6,53.633,0.889,3,30,0,259.333,7,0.5,1.167
"<a href=""https://tiktok.com/@aleaa0249"" target=""_blank"">@aleaa0249</a>",13,8,56.153,0.889,2,21,0,318.75,12.75,0,0.125
"<a href=""https://tiktok.com/@amazing_seeet120"" target=""_blank"">@amazing_seeet120</a>",29,6,67.3,0.833,1,20,0,330.15,30.2,1.35,2.25
"<a href=""https://tiktok.com/@anaxagoras.harlen"" target=""_blank"">@anaxagoras.harlen</a>",3,9,50.419,0.889,3,34,0,1652.778,55.333,0.111,0.556
"<a href=""https://tiktok.com/@anpebsaxgu9"" target=""_blank"">@anpebsaxgu9</a>",12,8,58.097,0.812,6,63,0,783.625,20.5,0.125,0.125
"<a href=""https://tiktok.com/@apsaaadel1383"" target=""_blank"">@apsaaadel1383</a>",20,10,62.624,0.887,4,47,0,1002,26.8,1.2,8.8
"<a href=""https://tiktok.com/@arffug"" target=""_blank"">@arffug</a>",44,14,66.21,0.812,4,52,0,1539.857,12.071,0.286,0.357
"<a href=""https://tiktok.com/@avelina.asucen"" target=""_blank"">@avelina.asucen</a>",53,6,40.536,1,5,53,0,1000.667,47.667,2.167,1
"<a href=""https://tiktok.com/@babypink6896"" target=""_blank"">@babypink6896</a>",20,10,56.538,0.892,3,40,0,1240.8,22.8,2.9,15.5
"<a href=""https://tiktok.com/@baxor3828"" target=""_blank"">@baxor3828</a>",62,6,41.066,0.979,6,67,0,554.667,17.667,0.333,0.5
"<a href=""https://tiktok.com/@bcc662"" target=""_blank"">@bcc662</a>",20,9,55.879,0.886,3,32,0,2074,47.4,0.4,1.4
"<a href=""https://tiktok.com/@beaty_queen_22"" target=""_blank"">@beaty_queen_22</a>",37,12,91.65,0.857,1,20,0,341.083,28.625,2.167,0.167
"<a href=""https://tiktok.com/@berez.paulo"" target=""_blank"">@berez.paulo</a>",8,9,34.3,1,1,10,0,1721.333,26.833,0.333,1
"<a href=""https://tiktok.com/@biebuh4"" target=""_blank"">@biebuh4</a>",10,7,66.545,0.875,1,11,0,760.444,15.667,0.111,0.222
"<a href=""https://tiktok.com/@bipiqo"" target=""_blank"">@bipiqo</a>",44,15,74.519,0.975,6,176,0,2061.933,36.733,0.133,0.133
"<a href=""https://tiktok.com/@bixukf"" target=""_blank"">@bixukf</a>",59,6,10.6,1,1,10,0,1950.333,50.333,1,0
"<a href=""https://tiktok.com/@bmc12655"" target=""_blank"">@bmc12655</a>",1,10,59.15,0.857,2,20,0,987.6,46.1,0.8,0.8
"<a href=""https://tiktok.com/@bnsle4278"" target=""_blank"">@bnsle4278</a>",55,3,48.611,1,2,18,0,1417.667,42.667,0,0
"<a href=""https://tiktok.com/@boens4288"" target=""_blank"">@boens4288</a>",55,5,52.076,0.847,10,119,0,83.2,0.4,0,0
"<a href=""https://tiktok.com/@books3478"" target=""_blank"">@books3478</a>",20,8,47.333,0.909,1,12,0,3209.9,58.8,0.3,2.4
"<a href=""https://tiktok.com/@boselbiresz0vcqb"" target=""_blank"">@boselbiresz0vcqb</a>",32,7,54.222,1,1,9,0,7282.375,139.75,0.75,3.5
"<a href=""https://tiktok.com/@bpgarp"" target=""_blank"">@bpgarp</a>",44,14,58.166,0.883,7,155,0,279.467,6.8,0,0
"<a href=""https://tiktok.com/@burba.robyn"" target=""_blank"">@burba.robyn</a>",10,8,52.561,0.825,4,42,0,1241.889,21.333,0.222,0.333
"<a href=""https://tiktok.com/@buslmigf7dn"" target=""_blank"">@buslmigf7dn</a>",12,7,53.317,0.944,2,22,0,582.571,20.571,0,0
"<a href=""https://tiktok.com/@bvoo3130"" target=""_blank"">@bvoo3130</a>",52,11,69.235,0.882,5,120,0,3469.364,67.364,0.909,0.818
"<a href=""https://tiktok.com/@bxjzjsns0"" target=""_blank"">@bxjzjsns0</a>",54,5,25.222,1,1,9,0,905.2,29,0.8,0
"<a href=""https://tiktok.com/@bzsksk1"" target=""_blank"">@bzsksk1</a>",57,5,18.5,1,2,18,0,1343.2,62.8,0.6,0.2
"<a href=""https://tiktok.com/@c.ts24"" target=""_blank"">@c.ts24</a>",17,8,72.909,0.889,1,11,0,4495.25,67.625,1.125,1.625
"<a href=""https://tiktok.com/@camilo.austin5"" target=""_blank"">@camilo.austin5</a>",7,10,51.744,0.97,3,35,0,237,5,0.7,0.2
"<a href=""https://tiktok.com/@cfdc18"" target=""_blank"">@cfdc18</a>",28,10,51.005,0.867,7,101,0.001,1518.3,37.6,0.1,0.7
"<a href=""https://tiktok.com/@chaff8892"" target=""_blank"">@chaff8892</a>",20,9,34.4,0.875,1,10,0,1676.667,23.111,0.667,1.222
"<a href=""https://tiktok.com/@chantalkusch"" target=""_blank"">@chantalkusch</a>",1,10,62.125,0.864,5,48,0.001,31353.5,504.3,6.4,269.8
"<a href=""https://tiktok.com/@chris001997"" target=""_blank"">@chris001997</a>",34,3,22.667,1,1,9,0,10702.667,103.333,3.333,2.333
"<a href=""https://tiktok.com/@ciojkb"" target=""_blank"">@ciojkb</a>",46,6,21.556,0.944,2,36,0,1658.143,41.214,0.143,0.429
"<a href=""https://tiktok.com/@cjdfndrh"" target=""_blank"">@cjdfndrh</a>",57,8,20.506,1,2,19,0,1210.125,45,0.25,0.25
"<a href=""https://tiktok.com/@cjdjfcn"" target=""_blank"">@cjdjfcn</a>",54,6,15.333,1,1,9,0,993.833,35,0,0
"<a href=""https://tiktok.com/@cjire9104"" target=""_blank"">@cjire9104</a>",47,12,53.144,0.898,3,63,0,4661.917,71.583,0.5,0.417
"<a href=""https://tiktok.com/@cjirr8920"" target=""_blank"">@cjirr8920</a>",49,3,63.667,1,3,27,0,1703.333,102.667,0.667,5
"<a href=""https://tiktok.com/@cjur6297"" target=""_blank"">@cjur6297</a>",47,10,64.493,0.913,4,59,0,2210.545,37.818,0.545,0.455
"<a href=""https://tiktok.com/@clirr5282"" target=""_blank"">@clirr5282</a>",47,12,46.917,1,4,54,0,755.833,30,0.333,0.25
"<a href=""https://tiktok.com/@cnatk3189"" target=""_blank"">@cnatk3189</a>",55,6,53.177,0.895,9,116,0,1318.667,34.667,1.333,0.333
"<a href=""https://tiktok.com/@coirf88774"" target=""_blank"">@coirf88774</a>",47,12,57.583,1,4,36,0.001,778.583,37.083,0.333,0.333
"<a href=""https://tiktok.com/@courr1227"" target=""_blank"">@courr1227</a>",48,5,50,1,1,9,0,362.4,10.8,0.4,0
"<a href=""https://tiktok.com/@crtyougo"" target=""_blank"">@crtyougo</a>",21,10,45.7,0.833,2,20,0,3209.6,139.3,3.5,2.1
"<a href=""https://tiktok.com/@cute_chumi_girl208"" target=""_blank"">@cute_chumi_girl208</a>",30,4,56.143,0.875,1,21,0,7146.733,527.333,20.867,115.667
"<a href=""https://tiktok.com/@cutegirlbabe2"" target=""_blank"">@cutegirlbabe2</a>",29,5,67.3,0.833,1,20,0,10,2.75,0.375,0
"<a href=""https://tiktok.com/@dadd.dhh7"" target=""_blank"">@dadd.dhh7</a>",16,9,52.467,1,1,15,0,1102.444,23.444,0.222,1.333
"<a href=""https://tiktok.com/@danghu337"" target=""_blank"">@danghu337</a>",4,7,58.944,0.833,2,18,0,4864.625,61,0.75,3.375
"<a href=""https://tiktok.com/@ddeaxmelj72"" target=""_blank"">@ddeaxmelj72</a>",19,10,44,0.9,1,12,0,793.1,16.9,0.3,1.3
"<a href=""https://tiktok.com/@deep.sea_2"" target=""_blank"">@deep.sea_2</a>",66,3,69.667,1,1,9,0,12253,273.333,1,0
"<a href=""https://tiktok.com/@dhhi6645"" target=""_blank"">@dhhi6645</a>",47,12,55.573,0.967,3,79,0,477.583,25.833,0.167,0.333
"<a href=""https://tiktok.com/@dijx3903"" target=""_blank"">@dijx3903</a>",52,12,72.033,0.983,5,126,0,2166.75,43,0.583,0.583
"<a href=""https://tiktok.com/@djbdjfjff"" target=""_blank"">@djbdjfjff</a>",23,8,69.556,1,1,9,0,857.111,62,1.222,0.111
"<a href=""https://tiktok.com/@djwf2904"" target=""_blank"">@djwf2904</a>",51,12,69.393,0.908,5,93,0,495.917,20.833,0.167,0.167
"<a href=""https://tiktok.com/@doiplo1"" target=""_blank"">@doiplo1</a>",44,3,64.667,1,1,9,0,668.667,20.333,0,0
"<a href=""https://tiktok.com/@drgd8391"" target=""_blank"">@drgd8391</a>",51,9,69.765,0.964,4,60,0,1567.222,35,0,0.222
"<a href=""https://tiktok.com/@dtbtcc8"" target=""_blank"">@dtbtcc8</a>",44,15,69.148,0.903,6,140,0,513,15.6,0.133,0.267
"<a href=""https://tiktok.com/@dthh824"" target=""_blank"">@dthh824</a>",28,7,57.589,0.883,5,68,0,2286.429,57.143,0.571,1.143
"<a href=""https://tiktok.com/@duuff30"" target=""_blank"">@duuff30</a>",53,6,47.491,0.979,6,61,0,4706.5,105.667,5.667,3.667
"<a href=""https://tiktok.com/@dwjjmgypffvuelfkdn"" target=""_blank"">@dwjjmgypffvuelfkdn</a>",32,8,54.222,1,1,9,0,1204.625,45.125,1.75,1.5
"<a href=""https://tiktok.com/@dygd8923"" target=""_blank"">@dygd8923</a>",51,9,54.234,0.975,4,79,0,1097.917,44,0.667,0.333
"<a href=""https://tiktok.com/@eden70188"" target=""_blank"">@eden70188</a>",66,3,69.667,1,1,9,0,2919,99.667,0.333,0.667
"<a href=""https://tiktok.com/@ehgw1916"" target=""_blank"">@ehgw1916</a>",49,5,59.341,1,4,38,0,3673.222,55.778,0.444,0.778
"<a href=""https://tiktok.com/@eiej4325"" target=""_blank"">@eiej4325</a>",51,11,72.311,0.9,5,57,0,416.091,12.455,0.182,0.182
"<a href=""https://tiktok.com/@eiwv9484"" target=""_blank"">@eiwv9484</a>",50,4,42.75,1,1,12,0,947.667,36,0.444,0.444
"<a href=""https://tiktok.com/@ejanc3177"" target=""_blank"">@ejanc3177</a>",55,5,52.7,0.933,3,28,0,7376.8,106.6,0.4,0.2
"<a href=""https://tiktok.com/@elizabeth.adams04"" target=""_blank"">@elizabeth.adams04</a>",34,3,22.667,1,1,9,0,482.333,8,0.667,0
"<a href=""https://tiktok.com/@eqmhqf"" target=""_blank"">@eqmhqf</a>",44,14,67.455,0.83,9,131,0.001,721.429,21.429,0.214,0.214
"<a href=""https://tiktok.com/@ethel.gregory2"" target=""_blank"">@ethel.gregory2</a>",4,10,52.644,0.872,4,42,0,4292.7,73.1,0.5,1.1
"<a href=""https://tiktok.com/@etuo.uop"" target=""_blank"">@etuo.uop</a>",14,8,43.5,0.875,1,12,0,1058.5,15.25,0,0.25
"<a href=""https://tiktok.com/@eudazpstrvf"" target=""_blank"">@eudazpstrvf</a>",27,10,58.111,0.875,2,18,0,6557.7,184.8,3.4,14.8
"<a href=""https://tiktok.com/@exmz856041"" target=""_blank"">@exmz856041</a>",13,9,62.417,1,1,12,0,1449.111,28.222,0.444,0.222
"<a href=""https://tiktok.com/@fauy8466"" target=""_blank"">@fauy8466</a>",3,8,48.707,0.832,3,31,0,17163.222,202.889,1.333,3
"<a href=""https://tiktok.com/@fdijc3"" target=""_blank"">@fdijc3</a>",1,10,65.241,0.933,4,44,0.001,1478.9,94.7,1.2,8.7
"<a href=""https://tiktok.com/@feelforc0o0676"" target=""_blank"">@feelforc0o0676</a>",5,6,31,1,2,20,0,1150.667,32.833,0.667,1.5
"<a href=""https://tiktok.com/@fhda78402"" target=""_blank"">@fhda78402</a>",52,12,60.724,0.921,3,77,0,835,32.083,0.083,0
"<a href=""https://tiktok.com/@fhuc22"" target=""_blank"">@fhuc22</a>",18,3,27.778,1,1,9,0,504.5,11,0.167,0
"<a href=""https://tiktok.com/@fhvf210"" target=""_blank"">@fhvf210</a>",8,8,44.4,1,2,20,0,35865.6,810.9,5.3,24.3
"<a href=""https://tiktok.com/@fjvbaa"" target=""_blank"">@fjvbaa</a>",60,6,29.111,1,2,18,0,3060.5,43.667,3.5,0.5
"<a href=""https://tiktok.com/@fkir2290"" target=""_blank"">@fkir2290</a>",47,12,49.633,1,5,63,0.001,638.25,21.667,0.25,0
"<a href=""https://tiktok.com/@fnnf8890"" target=""_blank"">@fnnf8890</a>",47,6,55.111,1,3,27,0,1441,46.7,0,0.8
"<a href=""https://tiktok.com/@fsaftn"" target=""_blank"">@fsaftn</a>",44,14,55.523,0.91,4,79,0,741.714,29.857,0.357,0.5
"<a href=""https://tiktok.com/@fugfuj33"" target=""_blank"">@fugfuj33</a>",27,9,46,1,1,11,0,2660.8,85,1.2,3.3
"<a href=""https://tiktok.com/@fujgds.guio"" target=""_blank"">@fujgds.guio</a>",14,8,51.091,0.778,1,11,0,461.875,7.125,0.5,0.125
"<a href=""https://tiktok.com/@g.gy726"" target=""_blank"">@g.gy726</a>",10,9,61.194,0.713,2,21,0,984.778,22.444,0,0
"<a href=""https://tiktok.com/@g.in.cgn"" target=""_blank"">@g.in.cgn</a>",53,6,38.15,0.938,2,20,0,954.833,46,0.5,0.667
"<a href=""https://tiktok.com/@gabriele.weber5"" target=""_blank"">@gabriele.weber5</a>",7,10,55.365,0.955,2,25,0,561.9,15,0.9,3.2
"<a href=""https://tiktok.com/@gckcj4"" target=""_blank"">@gckcj4</a>",2,8,68.444,1,1,9,0,1925.4,69.4,0.7,1
"<a href=""https://tiktok.com/@gdvcjh84747"" target=""_blank"">@gdvcjh84747</a>",36,7,53.929,0.909,1,14,0,6894.25,65.5,2.625,2.375
"<a href=""https://tiktok.com/@gf.nj97"" target=""_blank"">@gf.nj97</a>",25,7,53.152,1,2,20,0,2422.286,186.429,0.714,0.714
"<a href=""https://tiktok.com/@gfjch34"" target=""_blank"">@gfjch34</a>",24,8,64.889,1,1,9,0,1815.625,129.625,1,0.875
"<a href=""https://tiktok.com/@ghhj8554"" target=""_blank"">@ghhj8554</a>",52,11,60.978,0.939,3,81,0,663.545,26.909,0.182,1
"<a href=""https://tiktok.com/@gieffk"" target=""_blank"">@gieffk</a>",45,4,39.4,1,1,10,0,330,5.364,0.091,0
"<a href=""https://tiktok.com/@givi0331"" target=""_blank"">@givi0331</a>",63,8,74.2,0.917,2,24,0,272.125,9,0,0
"<a href=""https://tiktok.com/@gjguq6894"" target=""_blank"">@gjguq6894</a>",47,3,31,1,1,9,0,1432.667,56.444,0.444,0.667
"<a href=""https://tiktok.com/@gjie0094"" target=""_blank"">@gjie0094</a>",49,8,62.446,0.967,5,53,0,485.625,17.375,0,0.25
"<a href=""https://tiktok.com/@gjus6238"" target=""_blank"">@gjus6238</a>",49,3,59.8,1,5,45,0,1173.167,48.167,0.167,0.167
"<a href=""https://tiktok.com/@gour2295"" target=""_blank"">@gour2295</a>",48,5,50,1,1,9,0,802.4,24.6,0.2,0
"<a href=""https://tiktok.com/@greeryy2"" target=""_blank"">@greeryy2</a>",15,7,62.909,0.875,1,11,0,342,13,0,0
"<a href=""https://tiktok.com/@guoonn.hkp"" target=""_blank"">@guoonn.hkp</a>",15,9,62.909,0.875,1,11,0,664.556,15.778,0.222,0
"<a href=""https://tiktok.com/@hcodifb"" target=""_blank"">@hcodifb</a>",1,9,76,0.857,1,9,0,3732.667,70.778,0.556,0.889
"<a href=""https://tiktok.com/@hdifhg5"" target=""_blank"">@hdifhg5</a>",1,8,55.629,0.952,3,32,0,200426.125,5607.125,23.5,48.25
"<a href=""https://tiktok.com/@hdkcofh"" target=""_blank"">@hdkcofh</a>",43,8,53.846,0.9,1,13,0,258,18.182,0.273,0.455
"<a href=""https://tiktok.com/@hdlxohd"" target=""_blank"">@hdlxohd</a>",43,7,53.846,0.9,1,13,0,1439.222,68.667,1.333,0.667
"<a href=""https://tiktok.com/@hdmjwo1"" target=""_blank"">@hdmjwo1</a>",44,15,56.821,1,9,111,0.001,1036.533,23.267,0,0.067
"<a href=""https://tiktok.com/@hdr86575"" target=""_blank"">@hdr86575</a>",3,7,77.333,0.889,1,9,0,17761.714,51,1.429,2.571
"<a href=""https://tiktok.com/@hdvhds4"" target=""_blank"">@hdvhds4</a>",53,6,50.416,1,6,61,0,1028.667,45.667,2,2
"<a href=""https://tiktok.com/@hec88551nva"" target=""_blank"">@hec88551nva</a>",26,9,53.556,0.857,1,9,0,1021.5,52,0.9,0.4
"<a href=""https://tiktok.com/@hehs5037"" target=""_blank"">@hehs5037</a>",47,12,72.781,0.983,5,104,0,735.417,31.583,0.167,0.25
"<a href=""https://tiktok.com/@hejdsgi"" target=""_blank"">@hejdsgi</a>",16,9,52.467,1,1,15,0,292,8,0,0.222
"<a href=""https://tiktok.com/@hgff.nko"" target=""_blank"">@hgff.nko</a>",14,8,47.295,0.826,2,23,0,631.25,12.125,0,0
"<a href=""https://tiktok.com/@hidouo"" target=""_blank"">@hidouo</a>",44,15,68.073,0.964,4,130,0,1047.2,25.933,0.133,0.467
"<a href=""https://tiktok.com/@hlnvan42749s"" target=""_blank"">@hlnvan42749s</a>",12,8,47.667,1,1,9,0,877.125,21.375,0.875,0.125
"<a href=""https://tiktok.com/@hltuoq"" target=""_blank"">@hltuoq</a>",44,12,69.975,0.96,5,145,0,8316.267,136.733,1,3
"<a href=""https://tiktok.com/@hockey2840"" target=""_blank"">@hockey2840</a>",19,10,44,0.9,1,12,0,2670.6,55,0.2,2.1
"<a href=""https://tiktok.com/@hotcool586"" target=""_blank"">@hotcool586</a>",11,9,65.182,0.829,2,20,0,653.556,13.889,0.111,0.222
"<a href=""https://tiktok.com/@hrfj8302"" target=""_blank"">@hrfj8302</a>",47,6,45.708,0.833,2,21,0,1158.333,28.556,0.333,0.667
"<a href=""https://tiktok.com/@huff797"" target=""_blank"">@huff797</a>",20,10,56.233,0.938,2,24,0,1221,21.5,0.4,1.2
"<a href=""https://tiktok.com/@huiodjio"" target=""_blank"">@huiodjio</a>",21,10,44.056,0.927,5,53,0,1373.1,74.2,1.4,0.7
"<a href=""https://tiktok.com/@hwvrok"" target=""_blank"">@hwvrok</a>",56,6,11,0.857,1,10,0,2181.333,42,0.667,0.167
"<a href=""https://tiktok.com/@hxjdsj34"" target=""_blank"">@hxjdsj34</a>",54,5,20.278,1,2,18,0,1105.2,53.2,1.4,0
"<a href=""https://tiktok.com/@hygge8662"" target=""_blank"">@hygge8662</a>",27,10,56.667,1,2,20,0,9386.4,221.4,2.2,6.3
"<a href=""https://tiktok.com/@idpeoc"" target=""_blank"">@idpeoc</a>",44,15,67.243,0.876,7,129,0.001,549.133,11.4,0,0.133
"<a href=""https://tiktok.com/@iiuu553"" target=""_blank"">@iiuu553</a>",28,15,53.611,0.89,7,134,0,3920.133,57,0.867,2.533
"<a href=""https://tiktok.com/@irdc042"" target=""_blank"">@irdc042</a>",1,10,70.567,0.875,2,22,0,903.2,53.6,0.5,0.8
"<a href=""https://tiktok.com/@isce0690"" target=""_blank"">@isce0690</a>",63,9,62.367,1,2,19,0,499.444,11.333,0,0.111
"<a href=""https://tiktok.com/@isge0853"" target=""_blank"">@isge0853</a>",64,9,69.4,0.833,1,15,0,300.778,12.889,0,0.222
"<a href=""https://tiktok.com/@isgs5669"" target=""_blank"">@isgs5669</a>",63,6,60.667,1,2,18,0,178.667,6.333,0,0
"<a href=""https://tiktok.com/@iupkvg"" target=""_blank"">@iupkvg</a>",44,12,64.991,0.927,5,75,0,291.667,6.417,0,0
"<a href=""https://tiktok.com/@j.ee238"" target=""_blank"">@j.ee238</a>",10,7,66.378,0.8,2,19,0,558,9,0.125,0.125
"<a href=""https://tiktok.com/@j.uv586"" target=""_blank"">@j.uv586</a>",8,9,54.5,1,1,10,0,1044.111,29.222,0.222,0.556
"<a href=""https://tiktok.com/@jajsjsn56"" target=""_blank"">@jajsjsn56</a>",28,14,53.386,0.885,5,104,0,2975,69,0.357,0.429
"<a href=""https://tiktok.com/@james.anderson7417"" target=""_blank"">@james.anderson7417</a>",33,9,55.8,0.889,1,10,0,33284.6,762.9,66,60.1
"<a href=""https://tiktok.com/@jann.jacobs"" target=""_blank"">@jann.jacobs</a>",6,5,50.889,1,1,9,0,1396.2,23,3.8,2.2
"<a href=""https://tiktok.com/@jcsie5410"" target=""_blank"">@jcsie5410</a>",49,7,79.178,0.944,3,33,0,2498.25,63,0.375,0.375
"<a href=""https://tiktok.com/@jdbjd335"" target=""_blank"">@jdbjd335</a>",9,8,74.455,0.857,1,11,0,66009.778,949.778,4,7.556
"<a href=""https://tiktok.com/@jdjsbs94"" target=""_blank"">@jdjsbs94</a>",60,6,30.222,1,2,18,0,795.167,37.833,0.333,0.667
"<a href=""https://tiktok.com/@jdpxorjf"" target=""_blank"">@jdpxorjf</a>",1,10,50.911,0.875,4,41,0,686,41.2,0.6,0.5
"<a href=""https://tiktok.com/@jeffrey.hettinger"" target=""_blank"">@jeffrey.hettinger</a>",7,6,56.5,1,1,12,0,859.833,30,0.167,2.167
"<a href=""https://tiktok.com/@jfdd653"" target=""_blank"">@jfdd653</a>",3,10,61.864,0.899,4,46,0,2383.2,65.7,0.9,0.2
"<a href=""https://tiktok.com/@jfkovj5"" target=""_blank"">@jfkovj5</a>",1,8,49.556,1,1,9,0,74678.7,4038.2,34.8,84.6
"<a href=""https://tiktok.com/@jfufrehcdh"" target=""_blank"">@jfufrehcdh</a>",1,10,55.986,0.905,4,39,0.001,2663.7,166.1,1.7,1.3
"<a href=""https://tiktok.com/@jg.vj19"" target=""_blank"">@jg.vj19</a>",11,8,53.848,0.838,2,20,0,1314,19.556,0.222,0.111
"<a href=""https://tiktok.com/@jh.hj90"" target=""_blank"">@jh.hj90</a>",11,8,62.596,0.874,3,29,0,747,20,0.25,0.125
"<a href=""https://tiktok.com/@jkuy0534"" target=""_blank"">@jkuy0534</a>",51,10,75.123,0.827,5,96,0,624.417,17.917,0.167,0
"<a href=""https://tiktok.com/@joab.truitt"" target=""_blank"">@joab.truitt</a>",4,8,37.242,0.95,2,22,0,2088.75,59.125,0.125,0.375
"<a href=""https://tiktok.com/@josieferguson6"" target=""_blank"">@josieferguson6</a>",4,9,52.827,0.937,3,35,0,4579.667,98.778,0.889,0.889
"<a href=""https://tiktok.com/@jshszh6382"" target=""_blank"">@jshszh6382</a>",53,6,44.438,0.967,5,49,0,946.333,34.167,0.5,0.667
"<a href=""https://tiktok.com/@jsjx359"" target=""_blank"">@jsjx359</a>",10,3,37.667,1,1,9,0,26,0.333,0,0
"<a href=""https://tiktok.com/@jsosjxj8"" target=""_blank"">@jsosjxj8</a>",1,10,65.239,0.944,2,19,0,1263.7,97.1,1.1,0.9
"<a href=""https://tiktok.com/@jtcytxyzey"" target=""_blank"">@jtcytxyzey</a>",1,8,57.8,0.875,1,10,0,779.8,33.2,0.2,0.4
"<a href=""https://tiktok.com/@juliosalazar229"" target=""_blank"">@juliosalazar229</a>",42,10,64.467,1,1,15,0,27292.4,528.9,6.4,12.5
"<a href=""https://tiktok.com/@jvhb240"" target=""_blank"">@jvhb240</a>",28,13,60.395,0.86,7,133,0.001,7899.154,143.692,0.692,1.308
"<a href=""https://tiktok.com/@jvtvc3"" target=""_blank"">@jvtvc3</a>",28,12,52.211,0.856,5,97,0,4242.583,85.417,0.583,1.75
"<a href=""https://tiktok.com/@kamlisarkar_0"" target=""_blank"">@kamlisarkar_0</a>",38,12,94.915,0.726,3,53,0,1079.25,128.833,8,1.833
"<a href=""https://tiktok.com/@kenworthyhoo"" target=""_blank"">@kenworthyhoo</a>",60,5,28.556,1,2,18,0,1022.167,50,0.667,0.167
"<a href=""https://tiktok.com/@khfbou"" target=""_blank"">@khfbou</a>",46,6,18.306,1,2,36,0,1856.571,25.5,0.214,0
"<a href=""https://tiktok.com/@kmlisarkar_1"" target=""_blank"">@kmlisarkar_1</a>",38,11,82.85,0.689,2,46,0,359.833,36,3,0.278
"<a href=""https://tiktok.com/@krug011"" target=""_blank"">@krug011</a>",1,9,71.259,0.878,3,27,0,1846.333,84.222,0,1.889
"<a href=""https://tiktok.com/@ktsfyh"" target=""_blank"">@ktsfyh</a>",21,10,54.969,1,3,30,0,3761.3,175.6,2.5,0.8
"<a href=""https://tiktok.com/@kubjij"" target=""_blank"">@kubjij</a>",46,6,18.583,0.944,2,36,0,930.923,39.385,0.231,0.231
"<a href=""https://tiktok.com/@kuhar.clair6"" target=""_blank"">@kuhar.clair6</a>",17,6,72.909,0.889,1,11,0,1780.667,19.444,0,0.222
"<a href=""https://tiktok.com/@landscape5670"" target=""_blank"">@landscape5670</a>",21,10,22.206,0.833,2,19,0,1981,198.5,0.8,1.2
"<a href=""https://tiktok.com/@lawrenceharvey54"" target=""_blank"">@lawrenceharvey54</a>",6,6,50.889,1,1,9,0,320.5,6,0.667,0.167
"<a href=""https://tiktok.com/@lhqitc"" target=""_blank"">@lhqitc</a>",44,15,75.845,0.847,4,77,0,1010.133,21.733,0.2,0
"<a href=""https://tiktok.com/@liam.williams53"" target=""_blank"">@liam.williams53</a>",33,6,55.8,0.889,1,10,0,616.714,11.429,0,0.286
"<a href=""https://tiktok.com/@luet671136"" target=""_blank"">@luet671136</a>",13,7,49.889,0.778,1,9,0,1482.714,41.714,0.286,0.714
"<a href=""https://tiktok.com/@luisina.riihimaki"" target=""_blank"">@luisina.riihimaki</a>",1,8,63.889,0.817,2,18,0.001,452.2,39.4,0.5,0.2
"<a href=""https://tiktok.com/@lush_queen120"" target=""_blank"">@lush_queen120</a>",30,6,56.143,0.875,1,21,0,17580.422,1135.578,42.6,78.4
"<a href=""https://tiktok.com/@marjoriecarrie0525"" target=""_blank"">@marjoriecarrie0525</a>",7,10,51.545,0.972,4,47,0,479,12.7,0.5,0.4
"<a href=""https://tiktok.com/@monalisa7988"" target=""_blank"">@monalisa7988</a>",18,6,42.074,1,3,27,0,1134.333,11.333,0.167,0
"<a href=""https://tiktok.com/@mong.khuu"" target=""_blank"">@mong.khuu</a>",7,10,53.882,0.941,4,42,0,694.1,14.8,1,2.4
"<a href=""https://tiktok.com/@msfsgvsvcsdfsadsa"" target=""_blank"">@msfsgvsvcsdfsadsa</a>",12,7,70.462,0.778,1,13,0,540.571,16.571,0,0
"<a href=""https://tiktok.com/@ncsfo3287"" target=""_blank"">@ncsfo3287</a>",55,6,48.02,0.928,8,103,0,2460.833,67.333,1.167,0.5
"<a href=""https://tiktok.com/@needed9274"" target=""_blank"">@needed9274</a>",20,10,66.98,0.914,4,44,0,2385.7,48,0.7,2.7
"<a href=""https://tiktok.com/@nendn4309"" target=""_blank"">@nendn4309</a>",2,9,68.444,1,1,9,0,1617.9,59.2,0.3,1
"<a href=""https://tiktok.com/@nfyk.emma"" target=""_blank"">@nfyk.emma</a>",7,8,63.8,0.875,1,10,0,2936,49.875,3.625,4.625
"<a href=""https://tiktok.com/@nxpsa4288"" target=""_blank"">@nxpsa4288</a>",55,8,62.453,0.876,10,121,0.001,2563.375,65.375,0.75,0.125
"<a href=""https://tiktok.com/@ojbkhhh2"" target=""_blank"">@ojbkhhh2</a>",11,9,46.455,0.889,1,11,0,904.222,29.667,2,2.889
"<a href=""https://tiktok.com/@okay11732"" target=""_blank"">@okay11732</a>",52,12,67.923,0.944,3,84,0,1272,44,0.5,0.583
"<a href=""https://tiktok.com/@oljclk"" target=""_blank"">@oljclk</a>",56,6,11,0.857,1,10,0,2363,32,1.167,0.167
"<a href=""https://tiktok.com/@omi.poni0"" target=""_blank"">@omi.poni0</a>",18,6,37.556,0.571,1,9,0,5248.667,52.667,0.333,0.167
"<a href=""https://tiktok.com/@oxkops7"" target=""_blank"">@oxkops7</a>",59,6,10.6,1,1,10,0,7090,49.833,1,1.333
"<a href=""https://tiktok.com/@pbpktw"" target=""_blank"">@pbpktw</a>",44,14,61.828,0.787,9,149,0.001,721.133,15.867,0.2,0.2
"<a href=""https://tiktok.com/@pjk3357"" target=""_blank"">@pjk3357</a>",41,10,61.952,0.875,2,23,0,481.7,15.9,0,0.1
"<a href=""https://tiktok.com/@prbnac"" target=""_blank"">@prbnac</a>",44,11,53.385,0.952,7,100,0,1390.75,26.583,0.083,0.75
"<a href=""https://tiktok.com/@prtnr8"" target=""_blank"">@prtnr8</a>",25,10,55.424,0.955,2,20,0,2234,94.4,1.7,0.3
"<a href=""https://tiktok.com/@puhrra"" target=""_blank"">@puhrra</a>",44,15,50.175,0.876,7,169,0,1070.933,23.667,0.067,0.867
"<a href=""https://tiktok.com/@pxibi018"" target=""_blank"">@pxibi018</a>",18,3,71.667,1,1,9,0,988.6,19.2,0.2,0.2
"<a href=""https://tiktok.com/@pxogmdqpa46"" target=""_blank"">@pxogmdqpa46</a>",20,10,64.333,0.875,1,9,0,975.4,18.8,3.2,14.4
"<a href=""https://tiktok.com/@qigqtm"" target=""_blank"">@qigqtm</a>",44,13,72.664,0.86,4,53,0,246.533,4.267,0,0.133
"<a href=""https://tiktok.com/@qwdfionqfamkqo"" target=""_blank"">@qwdfionqfamkqo</a>",5,5,31.894,1,2,19,0,1278.8,46.8,2.8,5.2
"<a href=""https://tiktok.com/@reading1130"" target=""_blank"">@reading1130</a>",20,6,55,0.866,2,18,0,6981.7,95.8,1.2,2.9
"<a href=""https://tiktok.com/@redditstory667"" target=""_blank"">@redditstory667</a>",41,8,68.571,0.875,1,14,0,338.75,6.25,0.125,0
"<a href=""https://tiktok.com/@redreddit48"" target=""_blank"">@redreddit48</a>",41,7,55.333,0.875,1,9,0,290.25,12.625,0,0
"<a href=""https://tiktok.com/@rohingyao"" target=""_blank"">@rohingyao</a>",21,9,40.411,0.911,3,32,0,1338,88,4,1
"<a href=""https://tiktok.com/@rosacasey65"" target=""_blank"">@rosacasey65</a>",25,9,58.182,0.909,1,11,0,20216.444,554,4,4.444
"<a href=""https://tiktok.com/@rrwtqoji8v5"" target=""_blank"">@rrwtqoji8v5</a>",12,8,65.8,0.667,1,10,0,961,25.875,0.125,0.375
"<a href=""https://tiktok.com/@sasapco"" target=""_blank"">@sasapco</a>",21,10,45.56,0.913,4,44,0,2634.5,177,1.2,1.5
"<a href=""https://tiktok.com/@sbafo4188"" target=""_blank"">@sbafo4188</a>",55,4,43.696,0.915,6,62,0,974.5,22.5,0,0
"<a href=""https://tiktok.com/@sijh37"" target=""_blank"">@sijh37</a>",28,11,57.541,0.811,5,78,0,17749.636,228.273,2.364,2.364
"<a href=""https://tiktok.com/@snoshsj"" target=""_blank"">@snoshsj</a>",53,6,51.022,1,5,45,0,7515.167,79,2.333,0.5
"<a href=""https://tiktok.com/@soodb4177"" target=""_blank"">@soodb4177</a>",55,6,51.784,0.883,12,162,0,258.667,10.167,0.167,0
"<a href=""https://tiktok.com/@sqifhw"" target=""_blank"">@sqifhw</a>",44,15,56.859,0.92,6,147,0,1632,31.6,0.2,0.8
"<a href=""https://tiktok.com/@stoyouh"" target=""_blank"">@stoyouh</a>",21,9,43.948,0.926,6,61,0,2378.222,134.889,2.111,1.444
"<a href=""https://tiktok.com/@stvhfhj"" target=""_blank"">@stvhfhj</a>",22,9,58.333,1,1,12,0,3494,123.667,2.444,2.889
"<a href=""https://tiktok.com/@tenbr.boozapp"" target=""_blank"">@tenbr.boozapp</a>",42,10,64.467,1,1,15,0,194514.8,7836.2,32,500.4
"<a href=""https://tiktok.com/@tetel4962"" target=""_blank"">@tetel4962</a>",64,7,69.4,0.833,1,15,0,230.444,12.778,0.333,0.444
"<a href=""https://tiktok.com/@texts178"" target=""_blank"">@texts178</a>",21,8,23.306,0.833,2,19,0,3502.222,180.667,3.778,0.889
"<a href=""https://tiktok.com/@textstyo"" target=""_blank"">@textstyo</a>",22,10,48.722,1,2,21,0,4112.5,152.8,2.3,5.5
"<a href=""https://tiktok.com/@tguu743"" target=""_blank"">@tguu743</a>",36,8,53.929,0.909,1,14,0,2102,77.875,4.25,1
"<a href=""https://tiktok.com/@tiffanystory8"" target=""_blank"">@tiffanystory8</a>",27,9,48.889,0.75,1,9,0,6390.222,88.778,0.889,37
"<a href=""https://tiktok.com/@tiiff4205"" target=""_blank"">@tiiff4205</a>",47,4,28.75,0.667,1,12,0,428.429,12.714,0,0
"<a href=""https://tiktok.com/@tiut0219"" target=""_blank"">@tiut0219</a>",49,3,59,1,4,36,0,351.2,11.4,0.4,0.2
"<a href=""https://tiktok.com/@tiwakp1"" target=""_blank"">@tiwakp1</a>",44,9,63.083,1,2,39,0,717.333,28.556,0.333,0.222
"<a href=""https://tiktok.com/@toma.rimi"" target=""_blank"">@toma.rimi</a>",18,6,47.734,0.917,3,32,0,822,9.833,0.667,0.833
"<a href=""https://tiktok.com/@topi.khatun6"" target=""_blank"">@topi.khatun6</a>",18,6,50.528,0.661,2,19,0,747,21,0.167,3
"<a href=""https://tiktok.com/@ufsc8075"" target=""_blank"">@ufsc8075</a>",47,11,61.948,0.954,4,75,0,1162.909,44.909,0.273,0.455
"<a href=""https://tiktok.com/@ujrrrsq"" target=""_blank"">@ujrrrsq</a>",44,12,60.373,0.885,8,90,0.001,304.2,9.533,0,0.133
"<a href=""https://tiktok.com/@ulrikesteuber"" target=""_blank"">@ulrikesteuber</a>",7,10,69.545,1,1,11,0,669.2,13.5,2,0.4
"<a href=""https://tiktok.com/@urdu9708"" target=""_blank"">@urdu9708</a>",47,11,44.346,0.896,2,53,0,1226.273,31.364,0,0.273
"<a href=""https://tiktok.com/@user16350067331084"" target=""_blank"">@user16350067331084</a>",35,9,52.05,0.866,2,20,0,633.222,14.444,0.667,0.111
"<a href=""https://tiktok.com/@user240775158"" target=""_blank"">@user240775158</a>",18,6,52.923,1,1,13,0,1475.667,19.333,1,0.333
"<a href=""https://tiktok.com/@user3154950400581"" target=""_blank"">@user3154950400581</a>",24,9,64.889,1,1,9,0,1752.9,109.1,2.6,2.4
"<a href=""https://tiktok.com/@user33450120083591"" target=""_blank"">@user33450120083591</a>",45,4,39.4,1,1,10,0,722.091,26.727,0,0.455
"<a href=""https://tiktok.com/@user3436197788624"" target=""_blank"">@user3436197788624</a>",28,13,46.182,0.924,5,113,0,6056.231,149.615,0.923,1.154
"<a href=""https://tiktok.com/@user3543260092180"" target=""_blank"">@user3543260092180</a>",65,3,78.667,1,1,9,0,3152.667,115.667,0,1
"<a href=""https://tiktok.com/@user361947617460"" target=""_blank"">@user361947617460</a>",4,6,74.111,0.889,1,9,0,1323.833,42.667,0.667,0.5
"<a href=""https://tiktok.com/@user3825956150738"" target=""_blank"">@user3825956150738</a>",28,12,50.141,0.912,6,110,0,3766.417,77.083,0.333,3.583
"<a href=""https://tiktok.com/@user4148379047616"" target=""_blank"">@user4148379047616</a>",23,8,69.556,1,1,9,0,763.625,46.625,0.125,0.375
"<a href=""https://tiktok.com/@user4258816615474"" target=""_blank"">@user4258816615474</a>",31,10,27.556,1,1,9,0,7139.9,109.6,2.2,10.1
"<a href=""https://tiktok.com/@user5108603911411"" target=""_blank"">@user5108603911411</a>",31,10,27.556,1,1,9,0,5705.2,118.3,10.5,13.6
"<a href=""https://tiktok.com/@user5626060056906"" target=""_blank"">@user5626060056906</a>",1,10,63.873,0.78,3,30,0.001,728.1,46.3,0.9,1
"<a href=""https://tiktok.com/@user6922385284275"" target=""_blank"">@user6922385284275</a>",1,10,54.8,0.857,1,10,0,1671.6,78.8,1.6,0.9
"<a href=""https://tiktok.com/@user7224426108057"" target=""_blank"">@user7224426108057</a>",20,9,42.97,0.886,3,33,0,2522.7,36,0.1,0.9
"<a href=""https://tiktok.com/@user91479039109477"" target=""_blank"">@user91479039109477</a>",35,9,55.3,0.857,1,10,0,1608.111,34.778,0.778,7
"<a href=""https://tiktok.com/@user9386666243837"" target=""_blank"">@user9386666243837</a>",35,5,48.8,0.875,1,10,0,55640.6,1016,11.2,16
"<a href=""https://tiktok.com/@username.12345301"" target=""_blank"">@username.12345301</a>",38,5,96.765,0.833,1,17,0,20117.667,131.222,2.444,6.222
"<a href=""https://tiktok.com/@username.1234615"" target=""_blank"">@username.1234615</a>",37,15,89.541,0.778,1,37,0,1012.033,54.633,5.633,0.5
"<a href=""https://tiktok.com/@username.123467897"" target=""_blank"">@username.123467897</a>",37,13,95.638,0.762,2,36,0,106.292,10.875,1.333,0
"<a href=""https://tiktok.com/@username.12365478"" target=""_blank"">@username.12365478</a>",37,22,94.583,0.722,2,53,0,1717.433,86.6,6.633,1.5
"<a href=""https://tiktok.com/@username.1545465"" target=""_blank"">@username.1545465</a>",38,12,81.462,0.8,1,52,0,724.643,80.857,4.286,0.714
"<a href=""https://tiktok.com/@username.64754675"" target=""_blank"">@username.64754675</a>",38,18,84.775,0.811,3,90,0,128.167,17.611,1,0.056
"<a href=""https://tiktok.com/@usjg2117"" target=""_blank"">@usjg2117</a>",63,8,66,1,1,9,0,263.625,8.375,0.125,0
"<a href=""https://tiktok.com/@uufplsvlxvp"" target=""_blank"">@uufplsvlxvp</a>",5,5,24.994,1,2,19,0,735.4,26.4,0.6,0.2
"<a href=""https://tiktok.com/@vakft4299"" target=""_blank"">@vakft4299</a>",62,6,44.722,0.958,6,69,0,1526.333,35.667,0.5,0.333
"<a href=""https://tiktok.com/@vghf668"" target=""_blank"">@vghf668</a>",9,8,74.455,0.857,1,11,0,1590,52.222,0.556,0.222
"<a href=""https://tiktok.com/@vkie1837"" target=""_blank"">@vkie1837</a>",50,6,42.75,1,1,12,0,361.556,14,0.222,0
"<a href=""https://tiktok.com/@vxkaw3274"" target=""_blank"">@vxkaw3274</a>",55,7,51.573,0.794,8,92,0,1955.571,52.429,0.286,0.571
"<a href=""https://tiktok.com/@wabisabi_35"" target=""_blank"">@wabisabi_35</a>",65,3,78.667,1,1,9,0,1653,103.667,0.333,0.333
"<a href=""https://tiktok.com/@watts4718"" target=""_blank"">@watts4718</a>",20,10,53.491,0.919,6,67,0.001,992.3,20.9,3.8,12.5
"<a href=""https://tiktok.com/@wbskc4277"" target=""_blank"">@wbskc4277</a>",55,4,49.385,0.823,8,77,0,1939.5,72.75,0.5,0.5
"<a href=""https://tiktok.com/@wgslhe"" target=""_blank"">@wgslhe</a>",44,15,70.202,0.972,6,178,0,1714.4,42.867,0.667,0.533
"<a href=""https://tiktok.com/@wiqg8225"" target=""_blank"">@wiqg8225</a>",63,7,66,1,1,9,0,383.556,10.778,0.111,0.111
"<a href=""https://tiktok.com/@wlack2188"" target=""_blank"">@wlack2188</a>",62,3,41.426,0.967,6,54,0,1678.833,57.333,0,0
"<a href=""https://tiktok.com/@wove1579"" target=""_blank"">@wove1579</a>",51,10,84.751,0.867,3,49,0,273.417,12.083,0.083,0.417
"<a href=""https://tiktok.com/@wudtm4288"" target=""_blank"">@wudtm4288</a>",55,9,51.445,0.957,10,150,0,14377.556,478.778,2,2.778
"<a href=""https://tiktok.com/@wuge2639"" target=""_blank"">@wuge2639</a>",63,9,66.95,0.958,4,43,0,392.667,10.889,0.111,0.222
"<a href=""https://tiktok.com/@wys88511u0t"" target=""_blank"">@wys88511u0t</a>",26,8,53.556,0.857,1,9,0,2370.9,156.7,7.1,3.3
"<a href=""https://tiktok.com/@xchinaqueen0"" target=""_blank"">@xchinaqueen0</a>",39,6,93.111,0.75,1,9,0,14.833,1.667,0,0
"<a href=""https://tiktok.com/@xchinaqueen2"" target=""_blank"">@xchinaqueen2</a>",40,6,97.467,0.667,1,15,0,9.333,0.333,0,0
"<a href=""https://tiktok.com/@xchinaqueen3"" target=""_blank"">@xchinaqueen3</a>",40,4,97.467,0.667,1,15,0,375,42.167,4.333,0.667
"<a href=""https://tiktok.com/@xchinaqueen5"" target=""_blank"">@xchinaqueen5</a>",39,6,88.44,0.875,2,35,0,750.833,69.667,4.667,4.167
"<a href=""https://tiktok.com/@xchinaqueen6"" target=""_blank"">@xchinaqueen6</a>",39,6,83.769,1,1,26,0,357.667,33.833,0.833,1.167
"<a href=""https://tiktok.com/@xihz9643"" target=""_blank"">@xihz9643</a>",47,9,48.111,1,3,45,0,549.727,20.818,0,0.364
"<a href=""https://tiktok.com/@xxii911"" target=""_blank"">@xxii911</a>",21,10,61.767,0.978,5,52,0,2003.8,106.2,0.4,2.1
"<a href=""https://tiktok.com/@yiitsukb"" target=""_blank"">@yiitsukb</a>",25,9,53.636,1,1,11,0,2965.556,152.111,1.444,0.778
"<a href=""https://tiktok.com/@you.texts"" target=""_blank"">@you.texts</a>",22,8,39.111,1,1,9,0,4846.333,196.444,3.889,6.333
"<a href=""https://tiktok.com/@yourfavtwins0"" target=""_blank"">@yourfavtwins0</a>",53,5,49.056,0.967,5,49,0,1097.2,35.8,0,0.6
"<a href=""https://tiktok.com/@yowbc4277"" target=""_blank"">@yowbc4277</a>",62,6,45.876,0.961,6,71,0,223.667,5.333,0,0
"<a href=""https://tiktok.com/@ytrq8081"" target=""_blank"">@ytrq8081</a>",52,8,76.024,0.896,3,52,0,1966.083,58.167,0.5,0.083
"<a href=""https://tiktok.com/@zcekt4280"" target=""_blank"">@zcekt4280</a>",55,3,51.5,0.8,2,18,0,332.667,12,0,0
"<a href=""https://tiktok.com/@zjdoa3719"" target=""_blank"">@zjdoa3719</a>",55,5,45.1,1,1,10,0,2110.4,45,0.8,0
"<a href=""https://tiktok.com/@zsdx184"" target=""_blank"">@zsdx184</a>",28,7,52.558,0.869,5,54,0,2462.667,59.111,0.444,1
"<a href=""https://tiktok.com/@zxvb736"" target=""_blank"">@zxvb736</a>",28,12,60.048,0.921,6,92,0,4028.583,69.917,0.5,1.75
