"Network","Number of Accounts","Network Density","Network Diameter","Clustering Coefficient","Avg Views","Avg Likes","Avg Comments","Avg Shares","Member Accounts"
1,15,0.181,76,0.293,19384.178,675.63,4.767,28.151,"jdpxorjf, hdifhg5, jtcytxyzey, chantalkusch, hcodifb, user5626060056906, fdijc3, bmc12655, irdc042, krug011, luisina.riihimaki, jsosjxj8, jfkovj5, jfufrehcdh, user6922385284275"
2,2,1,9,0,1771.65,64.3,0.5,1,"nendn4309, gckcj4"
3,5,0.7,23,0.8,7717.133,96.044,1.067,1.422,"jfdd653, hdr86575, aedyckctu, fauy8466, anaxagoras.harlen"
4,5,0.6,23,0.545,3602.78,69.195,0.585,1.268,"danghu337, ethel.gregory2, josieferguson6, joab.truitt, user361947617460"
5,3,1,10,1,1060.938,35.188,1.312,2.25,"feelforc0o0676, qwdfionqfamkqo, uufplsvlxvp"
6,2,1,9,0,809.455,13.727,2.091,1.091,"jann.jacobs, lawrenceharvey54"
7,7,0.381,34,0.375,860.297,18.578,1.266,1.812,"marjoriecarrie0525, jeffrey.hettinger, nfyk.emma, mong.khuu, camilo.austin5, gabriele.weber5, ulrikesteuber"
8,3,0.667,20,0,12539,280.452,1.903,8.387,"berez.paulo, j.uv586, fhvf210"
9,2,1,11,0,33799.889,501,2.278,3.889,"jdbjd335, vghf668"
10,5,0.5,23,0.375,827,16,0.105,0.158,"biebuh4, burba.robyn, g.gy726, j.ee238, jsjx359"
11,4,0.667,20,0.6,909.2,20.8,0.657,0.857,"jh.hj90, ojbkhhh2, jg.vj19, hotcool586"
12,7,0.381,25,0.3,721.192,18.942,0.538,0.596,"rrwtqoji8v5, anpebsaxgu9, hlnvan42749s, ale2r35, msfsgvsvcsdfsadsa, buslmigf7dn, ale383279"
13,3,0.667,21,0,1082.125,27,0.25,0.333,"luet671136, exmz856041, aleaa0249"
14,3,0.667,23,0,717.208,11.5,0.167,0.125,"etuo.uop, hgff.nko, fujgds.guio"
15,2,1,11,0,523.438,14.562,0.125,0,"guoonn.hkp, greeryy2"
16,2,1,15,0,697.222,15.722,0.111,0.778,"hejdsgi, dadd.dhh7"
17,2,1,11,0,3058.118,42.118,0.529,0.882,"kuhar.clair6, c.ts24"
18,7,0.286,37,0,1574.049,20.659,0.39,0.659,"toma.rimi, topi.khatun6, omi.poni0, fhuc22, monalisa7988, user240775158, pxibi018"
19,2,1,12,0,1731.85,35.95,0.25,1.7,"hockey2840, ddeaxmelj72"
20,11,0.273,58,0.395,2212.339,38.312,1.358,5.853,"pxogmdqpa46, chaff8892, bcc662, user7224426108057, huff797, babypink6896, apsaaadel1383, books3478, needed9274, reading1130, watts4718"
21,9,0.444,30,0.54,2453.83,141.227,2.17,1.307,"crtyougo, rohingyao, sasapco, texts178, huiodjio, landscape5670, stoyouh, ktsfyh, xxii911"
22,3,0.667,21,0,4149.571,157.464,2.857,4.929,"stvhfhj, textstyo, you.texts"
23,2,1,9,0,813.118,54.765,0.706,0.235,"djbdjfjff, user4148379047616"
24,2,1,9,0,1780.778,118.222,1.889,1.722,"gfjch34, user3154950400581"
25,4,0.5,31,0,7083.829,245.829,2.029,1.571,"rosacasey65, prtnr8, gf.nj97, yiitsukb"
26,2,1,9,0,1696.2,104.35,4,1.85,"hec88551nva, wys88511u0t"
27,4,0.5,29,0,6245.154,146.436,1.949,14.795,"hygge8662, eudazpstrvf, fugfuj33, tiffanystory8"
28,13,0.462,54,0.834,6030.864,99.374,0.673,1.646,"sijh37, zsdx184, cfdc18, iiuu553, user3825956150738, aed0267, dthh824, aed2750, user3436197788624, jvtvc3, jvhb240, jajsjsn56, zxvb736"
29,2,1,20,0,187.861,18,0.917,1.25,"amazing_seeet120, cutegirlbabe2"
30,2,1,21,0,14972,983.517,37.167,87.717,"cute_chumi_girl208, lush_queen120"
31,2,1,9,0,6422.55,113.95,6.35,11.85,"user4258816615474, user5108603911411"
32,2,1,9,0,4243.5,92.438,1.25,2.5,"dwjjmgypffvuelfkdn, boselbiresz0vcqb"
33,2,1,10,0,19833.118,453.471,38.824,35.471,"james.anderson7417, liam.williams53"
34,2,1,9,0,5592.5,55.667,2,1.167,"chris001997, elizabeth.adams04"
35,3,0.667,20,0,12972.826,240.13,3,6.261,"user16350067331084, user91479039109477, user9386666243837"
36,2,1,14,0,4498.125,71.688,3.438,1.688,"gdvcjh84747, tguu743"
37,4,0.5,73,0,857.602,48.009,4.185,0.593,"beaty_queen_22, username.1234615, username.123467897, username.12365478"
38,5,0.5,83,0.429,4924.975,75.062,3.4,1.875,"username.1545465, kamlisarkar_0, kmlisarkar_1, username.64754675, username.12345301"
39,3,0.667,35,0,374.444,35.056,1.833,1.778,"xchinaqueen5, xchinaqueen0, xchinaqueen6"
40,2,1,15,0,192.167,21.25,2.167,0.333,"xchinaqueen2, xchinaqueen3"
41,3,0.667,23,0,378.808,11.923,0.038,0.038,"pjk3357, redditstory667, redreddit48"
42,2,1,15,0,110903.6,4182.55,19.2,256.45,"juliosalazar229, tenbr.boozapp"
43,2,1,13,0,789.55,40.9,0.75,0.55,"hdkcofh, hdlxohd"
44,21,0.286,69,0.625,1313.319,26.705,0.198,0.441,"pbpktw, qigqtm, fsaftn, hdmjwo1, tiwakp1, iupkvg, doiplo1, arffug, bpgarp, puhrra, sqifhw, hltuoq, dtbtcc8, idpeoc, eqmhqf, ujrrrsq, lhqitc, bipiqo, hidouo, prbnac, wgslhe"
45,2,1,10,0,526.045,16.045,0.045,0.227,"gieffk, user33450120083591"
46,3,1,18,1,1495.317,35.268,0.195,0.22,"khfbou, ciojkb, kubjij"
47,14,0.242,59,0.362,1284.391,35.881,0.245,0.371,"coirf88774, hrfj8302, fnnf8890, fkir2290, clirr5282, cjire9104, cjur6297, hehs5037, dhhi6645, tiiff4205, gjguq6894, xihz9643, urdu9708, ufsc8075"
48,2,1,9,0,582.4,17.7,0.3,0,"courr1227, gour2295"
49,6,0.8,18,0.789,1816.282,46.128,0.308,0.744,"cjirr8920, gjus6238, gjie0094, ehgw1916, jcsie5410, tiut0219"
50,2,1,12,0,654.611,25,0.333,0.222,"eiwv9484, vkie1837"
51,6,0.867,27,0.867,714.441,23.382,0.221,0.221,"drgd8391, djwf2904, dygd8923, jkuy0534, eiej4325, wove1579"
52,6,0.733,51,0.75,1719.143,45.2,0.457,0.5,"ghhj8554, bvoo3130, dijx3903, fhda78402, okay11732, ytrq8081"
53,7,0.81,21,0.887,2497.537,56.78,1.927,1.317,"g.in.cgn, hdvhds4, duuff30, snoshsj, avelina.asucen, jshszh6382, yourfavtwins0"
54,3,0.667,18,0,1000.938,38.812,0.688,0,"bxjzjsns0, hxjdsj34, cjdjfcn"
55,16,0.467,43,0.767,3061.844,87.189,0.589,0.456,"vxkaw3274, sbafo4188, nxpsa4288, cnatk3189, wbskc4277, 1yrogls, 2jxggxh, abxdl1382, soodb4177, boens4288, bnsle4278, ncsfo3287, ejanc3177, wudtm4288, zcekt4280, zjdoa3719"
56,2,1,10,0,2272.167,37,0.917,0.167,"hwvrok, oljclk"
57,3,1,10,1,1163.789,43.316,0.421,0.211,"cjdfndrh, bzsksk1, 4khuik"
58,2,1,9,0,1671.545,43.818,0.636,0.818,"11cjhggg, 2ckfjkelw"
59,2,1,10,0,4520.167,50.083,1,0.667,"bixukf, oxkops7"
60,3,1,9,1,1625.944,43.833,1.5,0.444,"fjvbaa, kenworthyhoo, jdjsbs94"
61,2,1,10,0,948.833,34.167,0.667,0.083,"3mmmgkk, 3jfofoed"
62,7,1,13,1,852.81,24.31,0.357,0.143,"vakft4299, 1qwdjjd, baxor3828, 1djjvsjb, 3mbfklb, wlack2188, yowbc4277"
63,6,0.4,33,0.333,334.135,9.481,0.058,0.077,"usjg2117, givi0331, wiqg8225, isce0690, isgs5669, wuge2639"
64,2,1,15,0,265.611,12.833,0.167,0.333,"isge0853, tetel4962"
65,2,1,9,0,2402.833,109.667,0.167,0.667,"user3543260092180, wabisabi_35"
66,2,1,9,0,7586,186.5,0.667,0.333,"deep.sea_2, eden70188"
