"Account","Network","Unique Shares","Avg Time Between Shares (sec)","Edge Symmetry Score","Degree","Strength","Betweenness","Avg Views","Avg Likes","Avg Comments","Avg Shares"
"<a href=""https://tiktok.com/@.prince.sahin"" target=""_blank"">@.prince.sahin</a>",1,14,71.917,0.833,2,7,0.003,261.125,94.292,0,1.375
"<a href=""https://tiktok.com/@abu.kalam882102232"" target=""_blank"">@abu.kalam882102232</a>",3,3,63.8,0.75,1,5,0,126.667,43,1,0.333
"<a href=""https://tiktok.com/@allmobailtips"" target=""_blank"">@allmobailtips</a>",3,1,64.2,0.75,1,5,0,190.5,63,0.5,0.5
"<a href=""https://tiktok.com/@asifur__rahman__shawon_7"" target=""_blank"">@asifur__rahman__shawon_7</a>",5,9,79,1,1,9,0,40.483,14.147,8.448,13.476
"<a href=""https://tiktok.com/@habiba15902"" target=""_blank"">@habiba15902</a>",3,3,75.333,1,1,3,0,175.667,75,1.333,2.333
"<a href=""https://tiktok.com/@hasibur.....rahman1"" target=""_blank"">@hasibur.....rahman1</a>",1,2,92.5,1,1,4,0,142.8,64.6,1.2,1.2
"<a href=""https://tiktok.com/@hdnashik14"" target=""_blank"">@hdnashik14</a>",3,1,57.167,1,1,6,0,208.5,95,3.5,0
"<a href=""https://tiktok.com/@hedaytullau.hosse"" target=""_blank"">@hedaytullau.hosse</a>",3,4,49,1,1,4,0,135.5,62.75,2.5,1.25
"<a href=""https://tiktok.com/@k.m.abdul.wadud"" target=""_blank"">@k.m.abdul.wadud</a>",3,4,65.2,0.75,1,5,0,26.143,13.429,2.643,0.071
"<a href=""https://tiktok.com/@m.d._s.h.a.w.o.n_7"" target=""_blank"">@m.d._s.h.a.w.o.n_7</a>",5,9,79,1,1,9,0,19.336,8.328,6.695,4.618
"<a href=""https://tiktok.com/@md.rakibul.islam974"" target=""_blank"">@md.rakibul.islam974</a>",3,17,57.889,0.952,3,16,0.089,266.379,98.379,1.276,1.138
"<a href=""https://tiktok.com/@missanisha50"" target=""_blank"">@missanisha50</a>",3,3,48,1,1,4,0,145.833,72.5,2.5,1.5
"<a href=""https://tiktok.com/@mohona66547"" target=""_blank"">@mohona66547</a>",3,2,64,1,1,4,0,168.5,64,1.5,0.5
"<a href=""https://tiktok.com/@moynul260"" target=""_blank"">@moynul260</a>",2,3,52.25,1,1,4,0,80.5,43.5,8,0.833
"<a href=""https://tiktok.com/@naim.sheikh606"" target=""_blank"">@naim.sheikh606</a>",3,2,48.667,0.667,1,3,0,199.5,102,1,3.5
"<a href=""https://tiktok.com/@s1234m33"" target=""_blank"">@s1234m33</a>",4,1,56.333,0.667,1,3,0,191.5,31,1.5,2.5
"<a href=""https://tiktok.com/@salimkhanr6"" target=""_blank"">@salimkhanr6</a>",2,1,59.25,1,1,4,0,73.667,33.667,2.667,1
"<a href=""https://tiktok.com/@samiya.5406"" target=""_blank"">@samiya.5406</a>",3,3,59.333,1,1,6,0,138.333,64.333,0.667,0.333
"<a href=""https://tiktok.com/@shamim.miha96"" target=""_blank"">@shamim.miha96</a>",3,2,53.375,1,1,8,0,116,56.5,2,0
"<a href=""https://tiktok.com/@sharmin.lslam02"" target=""_blank"">@sharmin.lslam02</a>",3,1,61,0.5,1,4,0,129,44,0,0.5
"<a href=""https://tiktok.com/@shohidul8060"" target=""_blank"">@shohidul8060</a>",2,10,55.75,1,2,8,0.003,106,47.25,0,0.25
"<a href=""https://tiktok.com/@suga04442"" target=""_blank"">@suga04442</a>",1,6,51.333,0.667,1,3,0,93.571,36.429,0.429,0.429
"<a href=""https://tiktok.com/@user2028536940088"" target=""_blank"">@user2028536940088</a>",3,5,61.727,0.875,1,11,0,150.929,59.071,0.5,0.571
"<a href=""https://tiktok.com/@user269896582"" target=""_blank"">@user269896582</a>",3,8,40.667,0.667,1,3,0,234.19,103.571,0,1.048
"<a href=""https://tiktok.com/@user3718477652659"" target=""_blank"">@user3718477652659</a>",4,3,56.333,0.667,1,3,0,13.818,5.273,0.091,0
"<a href=""https://tiktok.com/@user43496251384455"" target=""_blank"">@user43496251384455</a>",3,9,69.25,0.5,1,4,0,48.385,19.231,0,0.692
"<a href=""https://tiktok.com/@user5699597151255"" target=""_blank"">@user5699597151255</a>",3,47,57.694,0.808,14,77,0.36,82.82,42.663,1.101,0.607
