"Network","Number of Accounts","Network Density","Network Diameter","Clustering Coefficient","Avg Views","Avg Likes","Avg Comments","Avg Shares","Member Accounts"
1,3,0.667,7,0,212.111,78.917,0.25,1.167,".prince.sahin, hasibur.....rahman1, suga04442"
2,3,0.667,8,0,94.095,44.238,2.667,0.524,"moynul260, shohidul8060, salimkhanr6"
3,17,0.118,24,0,132.156,57.687,1.09,0.758,"md.rakibul.islam974, user269896582, abu.kalam882102232, hedaytullau.hosse, naim.sheikh606, habiba15902, user43496251384455, user2028536940088, k.m.abdul.wadud, samiya.5406, hdnashik14, mohona66547, allmobailtips, shamim.miha96, user5699597151255, sharmin.lslam02, missanisha50"
4,2,1,3,NA,41.154,9.231,0.308,0.385,"s1234m33, user3718477652659"
5,2,1,9,NA,30.372,11.365,7.609,9.241,"asifur__rahman__shawon_7, m.d._s.h.a.w.o.n_7"
