"Post URL","Network","Author","Timestamp","Number of Accounts","Views","Likes","Comments","Shares","Description"
"<a href=""https://www.tiktok.com/@ujnikm7/video/7464262462104145183"" target=""_blank"" class=""btn btn-sm"" style=""background-color: #00926c; color: white; text-decoration: none; padding: 2px 8px; border-radius: 4px; font-size: 0.8em;"">View Post</a>",2,"ujnikm7",2025-01-26 16:31:09,3,1730,17,0,0,"#pov #fyp #fypシ#pimplepoppersatisfying #pimple #whiteheads #supersatisfying #foryou "
"<a href=""https://www.tiktok.com/@plm00716/video/7464262451295522091"" target=""_blank"" class=""btn btn-sm"" style=""background-color: #00926c; color: white; text-decoration: none; padding: 2px 8px; border-radius: 4px; font-size: 0.8em;"">View Post</a>",2,"plm00716",2025-01-26 16:31:24,3,957,93,0,18,"#pov #fyp #fypシ#pimplepoppersatisfying #pimple #whiteheads #supersatisfying #foryou "
"<a href=""https://www.tiktok.com/@ujnikm7/video/7464262373876960543"" target=""_blank"" class=""btn btn-sm"" style=""background-color: #00926c; color: white; text-decoration: none; padding: 2px 8px; border-radius: 4px; font-size: 0.8em;"">View Post</a>",2,"ujnikm7",2025-01-26 16:31:00,3,2589,31,0,0,"#pov #fyp #fypシ#pimplepoppersatisfying #pimple #whiteheads #supersatisfying #foryou "
"<a href=""https://www.tiktok.com/@plm00716/video/7464262363756170542"" target=""_blank"" class=""btn btn-sm"" style=""background-color: #00926c; color: white; text-decoration: none; padding: 2px 8px; border-radius: 4px; font-size: 0.8em;"">View Post</a>",2,"plm00716",2025-01-26 16:30:51,3,6129,45,0,2,"#pov #fyp #fypシ#pimplepoppersatisfying #pimple #whiteheads #supersatisfying #foryou "
"<a href=""https://www.tiktok.com/@yy11y7/video/7464262124567530798"" target=""_blank"" class=""btn btn-sm"" style=""background-color: #00926c; color: white; text-decoration: none; padding: 2px 8px; border-radius: 4px; font-size: 0.8em;"">View Post</a>",2,"yy11y7",2025-01-26 16:29:51,3,3895,32,0,0,"#pov #fyp #fypシ#pimplepoppersatisfying #pimple #whiteheads #supersatisfying #foryou "
"<a href=""https://www.tiktok.com/@yy11y7/video/7464262021530291498"" target=""_blank"" class=""btn btn-sm"" style=""background-color: #00926c; color: white; text-decoration: none; padding: 2px 8px; border-radius: 4px; font-size: 0.8em;"">View Post</a>",2,"yy11y7",2025-01-26 16:29:35,3,3368,11,1,0,"#pov #fyp #fypシ#pimplepoppersatisfying #pimple #whiteheads #supersatisfying #foryou "
"<a href=""https://www.tiktok.com/@jkkj674/video/7464261468993670431"" target=""_blank"" class=""btn btn-sm"" style=""background-color: #00926c; color: white; text-decoration: none; padding: 2px 8px; border-radius: 4px; font-size: 0.8em;"">View Post</a>",2,"jkkj674",2025-01-26 16:27:27,3,24458,454,12,3,"#pov #fyp #fypシ#pimplepoppersatisfying #pimple #whiteheads #supersatisfying #foryou "
"<a href=""https://www.tiktok.com/@jkkj674/video/7464261380066102559"" target=""_blank"" class=""btn btn-sm"" style=""background-color: #00926c; color: white; text-decoration: none; padding: 2px 8px; border-radius: 4px; font-size: 0.8em;"">View Post</a>",2,"jkkj674",2025-01-26 16:27:14,3,8121,107,1,6,"#pov #fyp #fypシ#pimplepoppersatisfying #pimple #whiteheads #supersatisfying #foryou "
"<a href=""https://www.tiktok.com/@ujnikm7/video/7463890933436648735"" target=""_blank"" class=""btn btn-sm"" style=""background-color: #00926c; color: white; text-decoration: none; padding: 2px 8px; border-radius: 4px; font-size: 0.8em;"">View Post</a>",2,"ujnikm7",2025-01-25 16:29:30,3,6173,69,0,3,"#pov #fyp #fypシ#pimplepoppersatisfying #pimple #whiteheads #supersatisfying #foryou "
"<a href=""https://www.tiktok.com/@ujnikm7/video/7463890812917566751"" target=""_blank"" class=""btn btn-sm"" style=""background-color: #00926c; color: white; text-decoration: none; padding: 2px 8px; border-radius: 4px; font-size: 0.8em;"">View Post</a>",2,"ujnikm7",2025-01-25 16:29:01,3,2453,40,0,0,"#pov #fyp #fypシ#pimplepoppersatisfying #pimple #whiteheads #supersatisfying #foryou "
"<a href=""https://www.tiktok.com/@yr0010/video/7463890668125965598"" target=""_blank"" class=""btn btn-sm"" style=""background-color: #00926c; color: white; text-decoration: none; padding: 2px 8px; border-radius: 4px; font-size: 0.8em;"">View Post</a>",2,"yr0010",2025-01-25 16:28:26,3,1035,21,0,0,"#pov #fyp #fypシ#pimplepoppersatisfying #pimple #whiteheads #supersatisfying #foryou "
"<a href=""https://www.tiktok.com/@yy11y7/video/7463890654989487403"" target=""_blank"" class=""btn btn-sm"" style=""background-color: #00926c; color: white; text-decoration: none; padding: 2px 8px; border-radius: 4px; font-size: 0.8em;"">View Post</a>",2,"yy11y7",2025-01-25 16:28:25,3,7432,31,0,0,"#pov #fyp #fypシ#pimplepoppersatisfying #pimple #whiteheads #supersatisfying #foryou "
"<a href=""https://www.tiktok.com/@yy11y7/video/7463890606201392426"" target=""_blank"" class=""btn btn-sm"" style=""background-color: #00926c; color: white; text-decoration: none; padding: 2px 8px; border-radius: 4px; font-size: 0.8em;"">View Post</a>",2,"yy11y7",2025-01-25 16:28:13,3,5906,15,0,0,"#pov #fyp #fypシ#pimplepoppersatisfying #pimple #whiteheads #supersatisfying #foryou "
"<a href=""https://www.tiktok.com/@yr0010/video/7463890529881787678"" target=""_blank"" class=""btn btn-sm"" style=""background-color: #00926c; color: white; text-decoration: none; padding: 2px 8px; border-radius: 4px; font-size: 0.8em;"">View Post</a>",2,"yr0010",2025-01-25 16:28:07,3,1072,11,0,0,"#pov #fyp #fypシ#pimplepoppersatisfying #pimple #whiteheads #supersatisfying #foryou "
"<a href=""https://www.tiktok.com/@jkkj674/video/7463888916332989726"" target=""_blank"" class=""btn btn-sm"" style=""background-color: #00926c; color: white; text-decoration: none; padding: 2px 8px; border-radius: 4px; font-size: 0.8em;"">View Post</a>",2,"jkkj674",2025-01-25 16:21:41,3,3684,59,0,0,"#pov #fyp #fypシ#pimplepoppersatisfying #pimple #whiteheads #supersatisfying #foryou "
"<a href=""https://www.tiktok.com/@ujnikm7/video/7463518225880337695"" target=""_blank"" class=""btn btn-sm"" style=""background-color: #00926c; color: white; text-decoration: none; padding: 2px 8px; border-radius: 4px; font-size: 0.8em;"">View Post</a>",2,"ujnikm7",2025-01-24 16:23:24,3,5149,48,0,0,"#pov #fyp #fypシ#pimplepoppersatisfying #pimple #whiteheads #supersatisfying #foryou "
"<a href=""https://www.tiktok.com/@yr0010/video/7463518131290426655"" target=""_blank"" class=""btn btn-sm"" style=""background-color: #00926c; color: white; text-decoration: none; padding: 2px 8px; border-radius: 4px; font-size: 0.8em;"">View Post</a>",2,"yr0010",2025-01-24 16:23:07,3,1002,22,0,0,"#pov #fyp #fypシ#pimplepoppersatisfying #pimple #whiteheads #supersatisfying #foryou "
"<a href=""https://www.tiktok.com/@ujnikm7/video/7463518074952584479"" target=""_blank"" class=""btn btn-sm"" style=""background-color: #00926c; color: white; text-decoration: none; padding: 2px 8px; border-radius: 4px; font-size: 0.8em;"">View Post</a>",2,"ujnikm7",2025-01-24 16:22:49,3,6807,89,0,0,"#pov #fyp #fypシ#pimplepoppersatisfying #pimple #whiteheads #supersatisfying #foryou "
"<a href=""https://www.tiktok.com/@yr0010/video/7463517971965676830"" target=""_blank"" class=""btn btn-sm"" style=""background-color: #00926c; color: white; text-decoration: none; padding: 2px 8px; border-radius: 4px; font-size: 0.8em;"">View Post</a>",2,"yr0010",2025-01-24 16:22:45,3,4209,43,0,0,"#pov #fyp #fypシ#pimplepoppersatisfying #pimple #whiteheads #supersatisfying #foryou "
"<a href=""https://www.tiktok.com/@plm00716/video/7463517865837350190"" target=""_blank"" class=""btn btn-sm"" style=""background-color: #00926c; color: white; text-decoration: none; padding: 2px 8px; border-radius: 4px; font-size: 0.8em;"">View Post</a>",2,"plm00716",2025-01-24 16:22:25,3,4317,29,0,0,"#pov #fyp #fypシ#pimplepoppersatisfying #pimple #whiteheads #supersatisfying #foryou "
"<a href=""https://www.tiktok.com/@jkkj674/video/7463517527281339678"" target=""_blank"" class=""btn btn-sm"" style=""background-color: #00926c; color: white; text-decoration: none; padding: 2px 8px; border-radius: 4px; font-size: 0.8em;"">View Post</a>",2,"jkkj674",2025-01-24 16:20:44,3,9778,146,0,2,"#pov #fyp #fypシ#pimplepoppersatisfying #pimple #whiteheads #supersatisfying #foryou "
"<a href=""https://www.tiktok.com/@jkkj674/video/7463517451049798943"" target=""_blank"" class=""btn btn-sm"" style=""background-color: #00926c; color: white; text-decoration: none; padding: 2px 8px; border-radius: 4px; font-size: 0.8em;"">View Post</a>",2,"jkkj674",2025-01-24 16:20:30,3,6778,104,0,2,"#pov #fyp #fypシ#pimplepoppersatisfying #pimple #whiteheads #supersatisfying #foryou "
"<a href=""https://www.tiktok.com/@ujnikm7/video/7463146599040994590"" target=""_blank"" class=""btn btn-sm"" style=""background-color: #00926c; color: white; text-decoration: none; padding: 2px 8px; border-radius: 4px; font-size: 0.8em;"">View Post</a>",2,"ujnikm7",2025-01-23 16:20:41,3,50724,195,0,7,"#pov #fyp #fypシ#pimplepoppersatisfying #pimple #whiteheads #supersatisfying #foryou "
"<a href=""https://www.tiktok.com/@ujnikm7/video/7463146533723163934"" target=""_blank"" class=""btn btn-sm"" style=""background-color: #00926c; color: white; text-decoration: none; padding: 2px 8px; border-radius: 4px; font-size: 0.8em;"">View Post</a>",2,"ujnikm7",2025-01-23 16:20:26,3,5162,78,0,2,"#pov #fyp #fypシ#pimplepoppersatisfying #pimple #whiteheads #supersatisfying #foryou "
"<a href=""https://www.tiktok.com/@yr0010/video/7463146110517775646"" target=""_blank"" class=""btn btn-sm"" style=""background-color: #00926c; color: white; text-decoration: none; padding: 2px 8px; border-radius: 4px; font-size: 0.8em;"">View Post</a>",2,"yr0010",2025-01-23 16:18:47,3,1048,15,0,0,"#pov #fyp #fypシ#pimplepoppersatisfying #pimple #whiteheads #supersatisfying #foryou "
"<a href=""https://www.tiktok.com/@yr0010/video/7463146097905569055"" target=""_blank"" class=""btn btn-sm"" style=""background-color: #00926c; color: white; text-decoration: none; padding: 2px 8px; border-radius: 4px; font-size: 0.8em;"">View Post</a>",2,"yr0010",2025-01-23 16:18:46,3,1657,33,0,0,"#pov #fyp #fypシ#pimplepoppersatisfying #pimple #whiteheads #supersatisfying #foryou "
"<a href=""https://www.tiktok.com/@yy11y7/video/7463146080163695918"" target=""_blank"" class=""btn btn-sm"" style=""background-color: #00926c; color: white; text-decoration: none; padding: 2px 8px; border-radius: 4px; font-size: 0.8em;"">View Post</a>",2,"yy11y7",2025-01-23 16:18:40,3,7286,42,1,3,"#pov #fyp #fypシ#pimplepoppersatisfying #pimple #whiteheads #supersatisfying #foryou "
"<a href=""https://www.tiktok.com/@jkkj674/video/7463145908755008798"" target=""_blank"" class=""btn btn-sm"" style=""background-color: #00926c; color: white; text-decoration: none; padding: 2px 8px; border-radius: 4px; font-size: 0.8em;"">View Post</a>",2,"jkkj674",2025-01-23 16:17:59,3,10944,176,0,1,"#pov #fyp #fypシ#pimplepoppersatisfying #pimple #whiteheads #supersatisfying #foryou "
"<a href=""https://www.tiktok.com/@jkkj674/video/7463145643557588255"" target=""_blank"" class=""btn btn-sm"" style=""background-color: #00926c; color: white; text-decoration: none; padding: 2px 8px; border-radius: 4px; font-size: 0.8em;"">View Post</a>",2,"jkkj674",2025-01-23 16:16:57,3,12398,148,1,2,"#pov #fyp #fypシ#pimplepoppersatisfying #pimple #whiteheads #supersatisfying #foryou "
"<a href=""https://www.tiktok.com/@jkkj674/video/7462772049400876319"" target=""_blank"" class=""btn btn-sm"" style=""background-color: #00926c; color: white; text-decoration: none; padding: 2px 8px; border-radius: 4px; font-size: 0.8em;"">View Post</a>",2,"jkkj674",2025-01-22 16:07:36,3,13233,182,1,6,"#pov #fyp #fypシ#pimplepoppersatisfying #pimple #whiteheads #supersatisfying #foryou "
"<a href=""https://www.tiktok.com/@plm00716/video/7462772014261112110"" target=""_blank"" class=""btn btn-sm"" style=""background-color: #00926c; color: white; text-decoration: none; padding: 2px 8px; border-radius: 4px; font-size: 0.8em;"">View Post</a>",2,"plm00716",2025-01-22 16:07:50,3,19517,160,1,9,"#pov #fyp #fypシ#pimplepoppersatisfying #pimple #whiteheads #supersatisfying #foryou "
"<a href=""https://www.tiktok.com/@plm00716/video/7462771897768480043"" target=""_blank"" class=""btn btn-sm"" style=""background-color: #00926c; color: white; text-decoration: none; padding: 2px 8px; border-radius: 4px; font-size: 0.8em;"">View Post</a>",2,"plm00716",2025-01-22 16:07:16,3,3615,32,0,4,"#pov #fyp #fypシ#pimplepoppersatisfying #pimple #whiteheads #supersatisfying #foryou "
"<a href=""https://www.tiktok.com/@jkkj674/video/7462771759398276382"" target=""_blank"" class=""btn btn-sm"" style=""background-color: #00926c; color: white; text-decoration: none; padding: 2px 8px; border-radius: 4px; font-size: 0.8em;"">View Post</a>",2,"jkkj674",2025-01-22 16:06:36,3,21229,270,3,6,"#pov #fyp #fypシ#pimplepoppersatisfying #pimple #whiteheads #supersatisfying #foryou "
"<a href=""https://www.tiktok.com/@yr0010/video/7462771592649624863"" target=""_blank"" class=""btn btn-sm"" style=""background-color: #00926c; color: white; text-decoration: none; padding: 2px 8px; border-radius: 4px; font-size: 0.8em;"">View Post</a>",2,"yr0010",2025-01-22 16:06:05,3,8882,54,0,1,"#pov #fyp #fypシ#pimplepoppersatisfying #pimple #whiteheads #supersatisfying #foryou "
"<a href=""https://www.tiktok.com/@yr0010/video/7462771498382675231"" target=""_blank"" class=""btn btn-sm"" style=""background-color: #00926c; color: white; text-decoration: none; padding: 2px 8px; border-radius: 4px; font-size: 0.8em;"">View Post</a>",2,"yr0010",2025-01-22 16:05:45,3,2919,48,0,0,"#pov #fyp #fypシ#pimplepoppersatisfying #pimple #whiteheads #supersatisfying #foryou "
"<a href=""https://www.tiktok.com/@yy11y7/video/7462771404195532078"" target=""_blank"" class=""btn btn-sm"" style=""background-color: #00926c; color: white; text-decoration: none; padding: 2px 8px; border-radius: 4px; font-size: 0.8em;"">View Post</a>",2,"yy11y7",2025-01-22 16:05:21,3,2195,15,0,0,"#pov #fyp #fypシ#pimplepoppersatisfying #pimple #whiteheads #supersatisfying #foryou "
"<a href=""https://www.tiktok.com/@ujnikm7/video/7462770593142738206"" target=""_blank"" class=""btn btn-sm"" style=""background-color: #00926c; color: white; text-decoration: none; padding: 2px 8px; border-radius: 4px; font-size: 0.8em;"">View Post</a>",2,"ujnikm7",2025-01-22 16:02:08,3,8451,75,0,2,"#pov #fyp #fypシ#pimplepoppersatisfying #pimple #whiteheads #supersatisfying #foryou "
"<a href=""https://www.tiktok.com/@ujnikm7/video/7462770561521847582"" target=""_blank"" class=""btn btn-sm"" style=""background-color: #00926c; color: white; text-decoration: none; padding: 2px 8px; border-radius: 4px; font-size: 0.8em;"">View Post</a>",2,"ujnikm7",2025-01-22 16:01:53,3,4658,67,0,0,"#pov #fyp #fypシ#pimplepoppersatisfying #pimple #whiteheads #supersatisfying #foryou "
"<a href=""https://www.tiktok.com/@jkkj674/video/7462399371615685919"" target=""_blank"" class=""btn btn-sm"" style=""background-color: #00926c; color: white; text-decoration: none; padding: 2px 8px; border-radius: 4px; font-size: 0.8em;"">View Post</a>",2,"jkkj674",2025-01-21 16:01:31,3,14492,164,3,4,"#pov #fyp #fypシ#pimplepoppersatisfying #pimple #whiteheads #supersatisfying #foryou "
"<a href=""https://www.tiktok.com/@yr0010/video/7462399301260528927"" target=""_blank"" class=""btn btn-sm"" style=""background-color: #00926c; color: white; text-decoration: none; padding: 2px 8px; border-radius: 4px; font-size: 0.8em;"">View Post</a>",2,"yr0010",2025-01-21 16:01:23,3,2759,87,0,0,"#pov #fyp #fypシ#pimplepoppersatisfying #pimple #whiteheads #supersatisfying #foryou "
"<a href=""https://www.tiktok.com/@yr0010/video/7462399132909571358"" target=""_blank"" class=""btn btn-sm"" style=""background-color: #00926c; color: white; text-decoration: none; padding: 2px 8px; border-radius: 4px; font-size: 0.8em;"">View Post</a>",2,"yr0010",2025-01-21 16:00:46,3,2394,98,0,1,"#pov #fyp #fypシ#pimplepoppersatisfying #pimple #whiteheads #supersatisfying #foryou "
"<a href=""https://www.tiktok.com/@ujnikm7/video/7462398966307540255"" target=""_blank"" class=""btn btn-sm"" style=""background-color: #00926c; color: white; text-decoration: none; padding: 2px 8px; border-radius: 4px; font-size: 0.8em;"">View Post</a>",2,"ujnikm7",2025-01-21 15:59:48,3,5462,76,1,0,"#pov #fyp #fypシ#pimplepoppersatisfying #pimple #whiteheads #supersatisfying #foryou "
"<a href=""https://www.tiktok.com/@ujnikm7/video/7462398921604631839"" target=""_blank"" class=""btn btn-sm"" style=""background-color: #00926c; color: white; text-decoration: none; padding: 2px 8px; border-radius: 4px; font-size: 0.8em;"">View Post</a>",2,"ujnikm7",2025-01-21 15:59:47,3,7732,109,0,1,"#pov #fyp #fypシ#pimplepoppersatisfying #pimple #whiteheads #supersatisfying #foryou "
"<a href=""https://www.tiktok.com/@ujnikm7/video/7464262373876960543"" target=""_blank"" class=""btn btn-sm"" style=""background-color: #00926c; color: white; text-decoration: none; padding: 2px 8px; border-radius: 4px; font-size: 0.8em;"">View Post</a>",2,"ujnikm7",2025-01-26 16:31:00,3,2591,31,0,0,"#pov #fyp #fypシ#pimplepoppersatisfying #pimple #whiteheads #supersatisfying #foryou "
"<a href=""https://www.tiktok.com/@yy11y7/video/7464262124567530798"" target=""_blank"" class=""btn btn-sm"" style=""background-color: #00926c; color: white; text-decoration: none; padding: 2px 8px; border-radius: 4px; font-size: 0.8em;"">View Post</a>",2,"yy11y7",2025-01-26 16:29:51,3,3897,32,0,0,"#pov #fyp #fypシ#pimplepoppersatisfying #pimple #whiteheads #supersatisfying #foryou "
"<a href=""https://www.tiktok.com/@yy11y7/video/7464262021530291498"" target=""_blank"" class=""btn btn-sm"" style=""background-color: #00926c; color: white; text-decoration: none; padding: 2px 8px; border-radius: 4px; font-size: 0.8em;"">View Post</a>",2,"yy11y7",2025-01-26 16:29:35,3,3370,11,1,0,"#pov #fyp #fypシ#pimplepoppersatisfying #pimple #whiteheads #supersatisfying #foryou "
"<a href=""https://www.tiktok.com/@jkkj674/video/7464261468993670431"" target=""_blank"" class=""btn btn-sm"" style=""background-color: #00926c; color: white; text-decoration: none; padding: 2px 8px; border-radius: 4px; font-size: 0.8em;"">View Post</a>",2,"jkkj674",2025-01-26 16:27:27,3,24469,455,12,3,"#pov #fyp #fypシ#pimplepoppersatisfying #pimple #whiteheads #supersatisfying #foryou "
"<a href=""https://www.tiktok.com/@ujnikm7/video/7463890933436648735"" target=""_blank"" class=""btn btn-sm"" style=""background-color: #00926c; color: white; text-decoration: none; padding: 2px 8px; border-radius: 4px; font-size: 0.8em;"">View Post</a>",2,"ujnikm7",2025-01-25 16:29:30,3,6174,69,0,3,"#pov #fyp #fypシ#pimplepoppersatisfying #pimple #whiteheads #supersatisfying #foryou "
"<a href=""https://www.tiktok.com/@jkkj674/video/7463888916332989726"" target=""_blank"" class=""btn btn-sm"" style=""background-color: #00926c; color: white; text-decoration: none; padding: 2px 8px; border-radius: 4px; font-size: 0.8em;"">View Post</a>",2,"jkkj674",2025-01-25 16:21:41,3,3685,59,0,0,"#pov #fyp #fypシ#pimplepoppersatisfying #pimple #whiteheads #supersatisfying #foryou "
"<a href=""https://www.tiktok.com/@ujnikm7/video/7463518074952584479"" target=""_blank"" class=""btn btn-sm"" style=""background-color: #00926c; color: white; text-decoration: none; padding: 2px 8px; border-radius: 4px; font-size: 0.8em;"">View Post</a>",2,"ujnikm7",2025-01-24 16:22:49,3,6808,89,0,0,"#pov #fyp #fypシ#pimplepoppersatisfying #pimple #whiteheads #supersatisfying #foryou "
"<a href=""https://www.tiktok.com/@plm00716/video/7463517865837350190"" target=""_blank"" class=""btn btn-sm"" style=""background-color: #00926c; color: white; text-decoration: none; padding: 2px 8px; border-radius: 4px; font-size: 0.8em;"">View Post</a>",2,"plm00716",2025-01-24 16:22:25,3,4319,29,0,0,"#pov #fyp #fypシ#pimplepoppersatisfying #pimple #whiteheads #supersatisfying #foryou "
"<a href=""https://www.tiktok.com/@jkkj674/video/7463517527281339678"" target=""_blank"" class=""btn btn-sm"" style=""background-color: #00926c; color: white; text-decoration: none; padding: 2px 8px; border-radius: 4px; font-size: 0.8em;"">View Post</a>",2,"jkkj674",2025-01-24 16:20:44,3,9780,146,0,2,"#pov #fyp #fypシ#pimplepoppersatisfying #pimple #whiteheads #supersatisfying #foryou "
"<a href=""https://www.tiktok.com/@jkkj674/video/7463517451049798943"" target=""_blank"" class=""btn btn-sm"" style=""background-color: #00926c; color: white; text-decoration: none; padding: 2px 8px; border-radius: 4px; font-size: 0.8em;"">View Post</a>",2,"jkkj674",2025-01-24 16:20:30,3,6779,104,0,2,"#pov #fyp #fypシ#pimplepoppersatisfying #pimple #whiteheads #supersatisfying #foryou "
"<a href=""https://www.tiktok.com/@ujnikm7/video/7463146599040994590"" target=""_blank"" class=""btn btn-sm"" style=""background-color: #00926c; color: white; text-decoration: none; padding: 2px 8px; border-radius: 4px; font-size: 0.8em;"">View Post</a>",2,"ujnikm7",2025-01-23 16:20:41,3,50727,195,0,7,"#pov #fyp #fypシ#pimplepoppersatisfying #pimple #whiteheads #supersatisfying #foryou "
"<a href=""https://www.tiktok.com/@jkkj674/video/7463145908755008798"" target=""_blank"" class=""btn btn-sm"" style=""background-color: #00926c; color: white; text-decoration: none; padding: 2px 8px; border-radius: 4px; font-size: 0.8em;"">View Post</a>",2,"jkkj674",2025-01-23 16:17:59,3,10945,176,0,1,"#pov #fyp #fypシ#pimplepoppersatisfying #pimple #whiteheads #supersatisfying #foryou "
"<a href=""https://www.tiktok.com/@jkkj674/video/7463145643557588255"" target=""_blank"" class=""btn btn-sm"" style=""background-color: #00926c; color: white; text-decoration: none; padding: 2px 8px; border-radius: 4px; font-size: 0.8em;"">View Post</a>",2,"jkkj674",2025-01-23 16:16:57,3,12403,149,1,2,"#pov #fyp #fypシ#pimplepoppersatisfying #pimple #whiteheads #supersatisfying #foryou "
"<a href=""https://www.tiktok.com/@jkkj674/video/7462772049400876319"" target=""_blank"" class=""btn btn-sm"" style=""background-color: #00926c; color: white; text-decoration: none; padding: 2px 8px; border-radius: 4px; font-size: 0.8em;"">View Post</a>",2,"jkkj674",2025-01-22 16:07:36,3,13234,182,1,6,"#pov #fyp #fypシ#pimplepoppersatisfying #pimple #whiteheads #supersatisfying #foryou "
"<a href=""https://www.tiktok.com/@plm00716/video/7462772014261112110"" target=""_blank"" class=""btn btn-sm"" style=""background-color: #00926c; color: white; text-decoration: none; padding: 2px 8px; border-radius: 4px; font-size: 0.8em;"">View Post</a>",2,"plm00716",2025-01-22 16:07:50,3,19518,160,1,9,"#pov #fyp #fypシ#pimplepoppersatisfying #pimple #whiteheads #supersatisfying #foryou "
"<a href=""https://www.tiktok.com/@jkkj674/video/7462771759398276382"" target=""_blank"" class=""btn btn-sm"" style=""background-color: #00926c; color: white; text-decoration: none; padding: 2px 8px; border-radius: 4px; font-size: 0.8em;"">View Post</a>",2,"jkkj674",2025-01-22 16:06:36,3,21230,270,3,6,"#pov #fyp #fypシ#pimplepoppersatisfying #pimple #whiteheads #supersatisfying #foryou "
"<a href=""https://www.tiktok.com/@jkkj674/video/7462399371615685919"" target=""_blank"" class=""btn btn-sm"" style=""background-color: #00926c; color: white; text-decoration: none; padding: 2px 8px; border-radius: 4px; font-size: 0.8em;"">View Post</a>",2,"jkkj674",2025-01-21 16:01:31,3,14494,165,3,4,"#pov #fyp #fypシ#pimplepoppersatisfying #pimple #whiteheads #supersatisfying #foryou "
"<a href=""https://www.tiktok.com/@yr0010/video/7464262519348153630"" target=""_blank"" class=""btn btn-sm"" style=""background-color: #00926c; color: white; text-decoration: none; padding: 2px 8px; border-radius: 4px; font-size: 0.8em;"">View Post</a>",2,"yr0010",2025-01-26 16:31:40,2,4280,69,0,0,"#pov #fyp #fypシ #asmr #ingrowntoenail #pedicure #ingrownhairremoval  #satisfying #care #earendoscope #earcleaning #tingles #satisfying #relax#asmrsounds #care #foryou "
"<a href=""https://www.tiktok.com/@user3385525792650/video/7464262515757796639"" target=""_blank"" class=""btn btn-sm"" style=""background-color: #00926c; color: white; text-decoration: none; padding: 2px 8px; border-radius: 4px; font-size: 0.8em;"">View Post</a>",3,"user3385525792650",2025-01-26 16:31:34,2,14757,117,2,6,"#pov #fyp #fypシ #asmr #ingrowntoenail #pedicure #ingrownhairremoval  #satisfying #care #earendoscope #earcleaning #tingles #satisfying #relax#asmrsounds #care #foryou "
"<a href=""https://www.tiktok.com/@yr0010/video/7464262515757698335"" target=""_blank"" class=""btn btn-sm"" style=""background-color: #00926c; color: white; text-decoration: none; padding: 2px 8px; border-radius: 4px; font-size: 0.8em;"">View Post</a>",2,"yr0010",2025-01-26 16:31:28,2,1142,13,0,0,"#pov #fyp #fypシ #asmr #ingrowntoenail #pedicure #ingrownhairremoval  #satisfying #care #earendoscope #earcleaning #tingles #satisfying #relax#asmrsounds #care #foryou "
"<a href=""https://www.tiktok.com/@user3385525792650/video/7464262471193316639"" target=""_blank"" class=""btn btn-sm"" style=""background-color: #00926c; color: white; text-decoration: none; padding: 2px 8px; border-radius: 4px; font-size: 0.8em;"">View Post</a>",3,"user3385525792650",2025-01-26 16:31:33,2,1696,17,0,0,"#pov #fyp #fypシ #asmr #ingrowntoenail #pedicure #ingrownhairremoval  #satisfying #care #earendoscope #earcleaning #tingles #satisfying #relax#asmrsounds #care #foryou "
"<a href=""https://www.tiktok.com/@yy12197/video/7464262327194357022"" target=""_blank"" class=""btn btn-sm"" style=""background-color: #00926c; color: white; text-decoration: none; padding: 2px 8px; border-radius: 4px; font-size: 0.8em;"">View Post</a>",3,"yy12197",2025-01-26 16:30:27,2,10601,169,0,3,"#pov #fyp #fypシ #asmr #ingrowntoenail #pedicure #ingrownhairremoval  #satisfying #care #earendoscope #earcleaning #tingles #satisfying #relax#asmrsounds #care #foryou "
"<a href=""https://www.tiktok.com/@yy12197/video/7464262216884309278"" target=""_blank"" class=""btn btn-sm"" style=""background-color: #00926c; color: white; text-decoration: none; padding: 2px 8px; border-radius: 4px; font-size: 0.8em;"">View Post</a>",3,"yy12197",2025-01-26 16:30:25,2,5034,54,0,6,"#pov #fyp #fypシ #asmr #ingrowntoenail #pedicure #ingrownhairremoval  #satisfying #care #earendoscope #earcleaning #tingles #satisfying #relax#asmrsounds #care #foryou "
"<a href=""https://www.tiktok.com/@okl88853/video/7464261874033462558"" target=""_blank"" class=""btn btn-sm"" style=""background-color: #00926c; color: white; text-decoration: none; padding: 2px 8px; border-radius: 4px; font-size: 0.8em;"">View Post</a>",3,"okl88853",2025-01-26 16:28:56,2,4683,35,0,5,"#pov #fyp #fypシ #asmr #ingrowntoenail #pedicure #ingrownhairremoval  #satisfying #care #earendoscope #earcleaning #tingles #satisfying #relax#asmrsounds #care #foryou "
"<a href=""https://www.tiktok.com/@okl88853/video/7464261829594795294"" target=""_blank"" class=""btn btn-sm"" style=""background-color: #00926c; color: white; text-decoration: none; padding: 2px 8px; border-radius: 4px; font-size: 0.8em;"">View Post</a>",3,"okl88853",2025-01-26 16:28:46,2,4928,29,0,5,"#pov #fyp #fypシ #asmr #ingrowntoenail #pedicure #ingrownhairremoval  #satisfying #care #earendoscope #earcleaning #tingles #satisfying #relax#asmrsounds #care #foryou "
"<a href=""https://www.tiktok.com/@user3385525792650/video/7463890609841966367"" target=""_blank"" class=""btn btn-sm"" style=""background-color: #00926c; color: white; text-decoration: none; padding: 2px 8px; border-radius: 4px; font-size: 0.8em;"">View Post</a>",3,"user3385525792650",2025-01-25 16:28:11,2,3911,48,0,3,"#pov #fyp #fypシ #asmr #ingrowntoenail #pedicure #ingrownhairremoval  #satisfying #care #earendoscope #earcleaning #tingles #satisfying #relax#asmrsounds #care #foryou "
"<a href=""https://www.tiktok.com/@user3385525792650/video/7463890578565074207"" target=""_blank"" class=""btn btn-sm"" style=""background-color: #00926c; color: white; text-decoration: none; padding: 2px 8px; border-radius: 4px; font-size: 0.8em;"">View Post</a>",3,"user3385525792650",2025-01-25 16:28:08,2,19762,93,3,4,"#pov #fyp #fypシ #asmr #ingrowntoenail #pedicure #ingrownhairremoval  #satisfying #care #earendoscope #earcleaning #tingles #satisfying #relax#asmrsounds #care #foryou "
"<a href=""https://www.tiktok.com/@yy12197/video/7463890546604477727"" target=""_blank"" class=""btn btn-sm"" style=""background-color: #00926c; color: white; text-decoration: none; padding: 2px 8px; border-radius: 4px; font-size: 0.8em;"">View Post</a>",3,"yy12197",2025-01-25 16:28:05,2,1169,23,0,0,"#pov #fyp #fypシ #asmr #ingrowntoenail #pedicure #ingrownhairremoval  #satisfying #care #earendoscope #earcleaning #tingles #satisfying #relax#asmrsounds #care #foryou "
"<a href=""https://www.tiktok.com/@yy12197/video/7463890503923272990"" target=""_blank"" class=""btn btn-sm"" style=""background-color: #00926c; color: white; text-decoration: none; padding: 2px 8px; border-radius: 4px; font-size: 0.8em;"">View Post</a>",3,"yy12197",2025-01-25 16:28:03,2,1315,9,0,0,"#pov #fyp #fypシ #asmr #ingrowntoenail #pedicure #ingrownhairremoval  #satisfying #care #earendoscope #earcleaning #tingles #satisfying #relax#asmrsounds #care #foryou "
"<a href=""https://www.tiktok.com/@okl88853/video/7463890402538425630"" target=""_blank"" class=""btn btn-sm"" style=""background-color: #00926c; color: white; text-decoration: none; padding: 2px 8px; border-radius: 4px; font-size: 0.8em;"">View Post</a>",3,"okl88853",2025-01-25 16:27:34,2,4806,51,2,0,"#pov #fyp #fypシ #asmr #ingrowntoenail #pedicure #ingrownhairremoval  #satisfying #care #earendoscope #earcleaning #tingles #satisfying #relax#asmrsounds #care #foryou "
"<a href=""https://www.tiktok.com/@okl88853/video/7463890380765908255"" target=""_blank"" class=""btn btn-sm"" style=""background-color: #00926c; color: white; text-decoration: none; padding: 2px 8px; border-radius: 4px; font-size: 0.8em;"">View Post</a>",3,"okl88853",2025-01-25 16:27:25,2,1070,16,0,0,"#pov #fyp #fypシ #asmr #ingrowntoenail #pedicure #ingrownhairremoval  #satisfying #care #earendoscope #earcleaning #tingles #satisfying #relax#asmrsounds #care #foryou "
"<a href=""https://www.tiktok.com/@okl88853/video/7463518365894708510"" target=""_blank"" class=""btn btn-sm"" style=""background-color: #00926c; color: white; text-decoration: none; padding: 2px 8px; border-radius: 4px; font-size: 0.8em;"">View Post</a>",3,"okl88853",2025-01-24 16:24:13,2,14683,51,2,8,"#pov #fyp #fypシ #asmr #ingrowntoenail #pedicure #ingrownhairremoval  #satisfying #care #earendoscope #earcleaning #tingles #satisfying #relax#asmrsounds #care #foryou "
"<a href=""https://www.tiktok.com/@yy12197/video/7463518246239489310"" target=""_blank"" class=""btn btn-sm"" style=""background-color: #00926c; color: white; text-decoration: none; padding: 2px 8px; border-radius: 4px; font-size: 0.8em;"">View Post</a>",3,"yy12197",2025-01-24 16:23:24,2,4577,48,2,0,"#pov #fyp #fypシ #asmr #ingrowntoenail #pedicure #ingrownhairremoval  #satisfying #care #earendoscope #earcleaning #tingles #satisfying #relax#asmrsounds #care #foryou "
"<a href=""https://www.tiktok.com/@yy12197/video/7463518196134432030"" target=""_blank"" class=""btn btn-sm"" style=""background-color: #00926c; color: white; text-decoration: none; padding: 2px 8px; border-radius: 4px; font-size: 0.8em;"">View Post</a>",3,"yy12197",2025-01-24 16:23:21,2,1931,15,0,0,"#pov #fyp #fypシ #asmr #ingrowntoenail #pedicure #ingrownhairremoval  #satisfying #care #earendoscope #earcleaning #tingles #satisfying #relax#asmrsounds #care #foryou "
"<a href=""https://www.tiktok.com/@user3385525792650/video/7463518035526126878"" target=""_blank"" class=""btn btn-sm"" style=""background-color: #00926c; color: white; text-decoration: none; padding: 2px 8px; border-radius: 4px; font-size: 0.8em;"">View Post</a>",3,"user3385525792650",2025-01-24 16:22:48,2,4140,53,0,0,"#pov #fyp #fypシ #asmr #ingrowntoenail #pedicure #ingrownhairremoval  #satisfying #care #earendoscope #earcleaning #tingles #satisfying #relax#asmrsounds #care #foryou "
"<a href=""https://www.tiktok.com/@yy12197/video/7463146590618799390"" target=""_blank"" class=""btn btn-sm"" style=""background-color: #00926c; color: white; text-decoration: none; padding: 2px 8px; border-radius: 4px; font-size: 0.8em;"">View Post</a>",3,"yy12197",2025-01-23 16:20:38,2,9490,102,0,1,"#pov #fyp #fypシ #asmr #ingrowntoenail #pedicure #ingrownhairremoval  #satisfying #care #earendoscope #earcleaning #tingles #satisfying #relax#asmrsounds #care #foryou "
"<a href=""https://www.tiktok.com/@yy12197/video/7463146246971215135"" target=""_blank"" class=""btn btn-sm"" style=""background-color: #00926c; color: white; text-decoration: none; padding: 2px 8px; border-radius: 4px; font-size: 0.8em;"">View Post</a>",3,"yy12197",2025-01-23 16:19:21,2,1603,15,0,0,"#pov #fyp #fypシ #asmr #ingrowntoenail #pedicure #ingrownhairremoval  #satisfying #care #earendoscope #earcleaning #tingles #satisfying #relax#asmrsounds #care #foryou "
"<a href=""https://www.tiktok.com/@okl88853/video/7463146200250748190"" target=""_blank"" class=""btn btn-sm"" style=""background-color: #00926c; color: white; text-decoration: none; padding: 2px 8px; border-radius: 4px; font-size: 0.8em;"">View Post</a>",3,"okl88853",2025-01-23 16:19:11,2,4508,33,0,0,"#pov #fyp #fypシ #asmr #ingrowntoenail #pedicure #ingrownhairremoval  #satisfying #care #earendoscope #earcleaning #tingles #satisfying #relax#asmrsounds #care #foryou "
"<a href=""https://www.tiktok.com/@yue3312e/video/7463469589536623918"" target=""_blank"" class=""btn btn-sm"" style=""background-color: #00926c; color: white; text-decoration: none; padding: 2px 8px; border-radius: 4px; font-size: 0.8em;"">View Post</a>",1,"yue3312e",2025-01-24 13:15:13,1,1583,5,1,0,"The E word is… part2 #teachersoftiktok #teachertok #students #funny #laugh #classroom #student #teacher #teach #teaching"
"<a href=""https://www.tiktok.com/@yue3312e/video/7463084080071134510"" target=""_blank"" class=""btn btn-sm"" style=""background-color: #00926c; color: white; text-decoration: none; padding: 2px 8px; border-radius: 4px; font-size: 0.8em;"">View Post</a>",1,"yue3312e",2025-01-23 12:18:09,1,2754,34,0,0,"The E word is… part2 #teachersoftiktok #teachertok #students #funny #laugh #classroom #student #teacher #teach #teaching"
"<a href=""https://www.tiktok.com/@yftzzmmezm/video/7462689993195031851"" target=""_blank"" class=""btn btn-sm"" style=""background-color: #00926c; color: white; text-decoration: none; padding: 2px 8px; border-radius: 4px; font-size: 0.8em;"">View Post</a>",1,"yftzzmmezm",2025-01-22 10:50:58,1,1419,13,2,0,"The E word is… part2 #teachersoftiktok #teachertok #students #funny #laugh #classroom #student #teacher #teach #teaching"
"<a href=""https://www.tiktok.com/@yftzzmmezm/video/7462689993195015467"" target=""_blank"" class=""btn btn-sm"" style=""background-color: #00926c; color: white; text-decoration: none; padding: 2px 8px; border-radius: 4px; font-size: 0.8em;"">View Post</a>",1,"yftzzmmezm",2025-01-22 10:50:56,1,1684,21,2,0,"The E word is… part2 #teachersoftiktok #teachertok #students #funny #laugh #classroom #student #teacher #teach #teaching"
"<a href=""https://www.tiktok.com/@yue3312e/video/7462689570530970926"" target=""_blank"" class=""btn btn-sm"" style=""background-color: #00926c; color: white; text-decoration: none; padding: 2px 8px; border-radius: 4px; font-size: 0.8em;"">View Post</a>",1,"yue3312e",2025-01-22 10:49:15,1,2803,14,1,0,"The E word is… part2 #teachersoftiktok #teachertok #students #funny #laugh #classroom #student #teacher #teach #teaching"
"<a href=""https://www.tiktok.com/@yue3312e/video/7462689439706303786"" target=""_blank"" class=""btn btn-sm"" style=""background-color: #00926c; color: white; text-decoration: none; padding: 2px 8px; border-radius: 4px; font-size: 0.8em;"">View Post</a>",1,"yue3312e",2025-01-22 10:49:20,1,2282,20,2,1,"The E word is… part2 #teachersoftiktok #teachertok #students #funny #laugh #classroom #student #teacher #teach #teaching"
"<a href=""https://www.tiktok.com/@yue3312e/video/7462689358097943854"" target=""_blank"" class=""btn btn-sm"" style=""background-color: #00926c; color: white; text-decoration: none; padding: 2px 8px; border-radius: 4px; font-size: 0.8em;"">View Post</a>",1,"yue3312e",2025-01-22 10:49:26,1,2037,6,2,2,"The E word is… part2 #teachersoftiktok #teachertok #students #funny #laugh #classroom #student #teacher #teach #teaching"
"<a href=""https://www.tiktok.com/@yue3312e/video/7462689309569682734"" target=""_blank"" class=""btn btn-sm"" style=""background-color: #00926c; color: white; text-decoration: none; padding: 2px 8px; border-radius: 4px; font-size: 0.8em;"">View Post</a>",1,"yue3312e",2025-01-22 10:49:17,1,8865,91,1,1,"The E word is… part2 #teachersoftiktok #teachertok #students #funny #laugh #classroom #student #teacher #teach #teaching"
"<a href=""https://www.tiktok.com/@yue3312e/video/7462688766306635054"" target=""_blank"" class=""btn btn-sm"" style=""background-color: #00926c; color: white; text-decoration: none; padding: 2px 8px; border-radius: 4px; font-size: 0.8em;"">View Post</a>",1,"yue3312e",2025-01-22 10:46:12,1,2799,17,0,2,"The E word is… part2 #teachersoftiktok #teachertok #students #funny #laugh #classroom #student #teacher #teach #teaching"
"<a href=""https://www.tiktok.com/@yue3312e/video/7462277543287115054"" target=""_blank"" class=""btn btn-sm"" style=""background-color: #00926c; color: white; text-decoration: none; padding: 2px 8px; border-radius: 4px; font-size: 0.8em;"">View Post</a>",1,"yue3312e",2025-01-21 08:08:57,1,5066,34,0,1,"The E word is… part2 #teachersoftiktok #teachertok #students #funny #laugh #classroom #student #teacher #teach #teaching"
"<a href=""https://www.tiktok.com/@yue3312e/video/7462277428073827630"" target=""_blank"" class=""btn btn-sm"" style=""background-color: #00926c; color: white; text-decoration: none; padding: 2px 8px; border-radius: 4px; font-size: 0.8em;"">View Post</a>",1,"yue3312e",2025-01-21 08:08:59,1,6300,32,2,1,"The E word is… part2 #teachersoftiktok #teachertok #students #funny #laugh #classroom #student #teacher #teach #teaching"
"<a href=""https://www.tiktok.com/@yue3312e/video/7462277415734185258"" target=""_blank"" class=""btn btn-sm"" style=""background-color: #00926c; color: white; text-decoration: none; padding: 2px 8px; border-radius: 4px; font-size: 0.8em;"">View Post</a>",1,"yue3312e",2025-01-21 08:08:56,1,9538,29,3,1,"The E word is… part2 #teachersoftiktok #teachertok #students #funny #laugh #classroom #student #teacher #teach #teaching"
"<a href=""https://www.tiktok.com/@yue3312e/video/7462277385975680302"" target=""_blank"" class=""btn btn-sm"" style=""background-color: #00926c; color: white; text-decoration: none; padding: 2px 8px; border-radius: 4px; font-size: 0.8em;"">View Post</a>",1,"yue3312e",2025-01-21 08:09:00,1,5332,42,0,0,"The E word is… part2 #teachersoftiktok #teachertok #students #funny #laugh #classroom #student #teacher #teach #teaching"
"<a href=""https://www.tiktok.com/@yue3312e/video/7462277370939018538"" target=""_blank"" class=""btn btn-sm"" style=""background-color: #00926c; color: white; text-decoration: none; padding: 2px 8px; border-radius: 4px; font-size: 0.8em;"">View Post</a>",1,"yue3312e",2025-01-21 08:09:02,1,2513,24,0,0,"The E word is… part2 #teachersoftiktok #teachertok #students #funny #laugh #classroom #student #teacher #teach #teaching"
"<a href=""https://www.tiktok.com/@yftzzmmezm/video/7462277369080859946"" target=""_blank"" class=""btn btn-sm"" style=""background-color: #00926c; color: white; text-decoration: none; padding: 2px 8px; border-radius: 4px; font-size: 0.8em;"">View Post</a>",1,"yftzzmmezm",2025-01-21 08:08:20,1,11348,20,14,0,"The E word is… part2 #teachersoftiktok #teachertok #students #funny #laugh #classroom #student #teacher #teach #teaching"
"<a href=""https://www.tiktok.com/@yftzzmmezm/video/7462277357261294890"" target=""_blank"" class=""btn btn-sm"" style=""background-color: #00926c; color: white; text-decoration: none; padding: 2px 8px; border-radius: 4px; font-size: 0.8em;"">View Post</a>",1,"yftzzmmezm",2025-01-21 08:08:17,1,15225,41,6,2,"The E word is… part2 #teachersoftiktok #teachertok #students #funny #laugh #classroom #student #teacher #teach #teaching"
"<a href=""https://www.tiktok.com/@llhh5789/video/7463698500719627562"" target=""_blank"" class=""btn btn-sm"" style=""background-color: #00926c; color: white; text-decoration: none; padding: 2px 8px; border-radius: 4px; font-size: 0.8em;"">View Post</a>",4,"llhh5789",2025-01-25 04:02:44,1,1332,27,0,0,"#pimplepopperaddict #pimple#textractions#ingrownhairremoval#ingrown #ingrownhair#picking#tweezers #skinpicking #satisfying#blemishes#blemishbandits#cloggedpores #pores #acne#hair#cleanskincare #skincareroutine#fyp #relaxingvideos #viral#trending#viraltiktok#creatorsearchinsights #foryoU#tiktok #pvo#skit"
"<a href=""https://www.tiktok.com/@llhh5789/video/7463698484064193838"" target=""_blank"" class=""btn btn-sm"" style=""background-color: #00926c; color: white; text-decoration: none; padding: 2px 8px; border-radius: 4px; font-size: 0.8em;"">View Post</a>",4,"llhh5789",2025-01-25 04:02:40,1,1062,21,0,0,"#pimplepopperaddict #pimple#textractions#ingrownhairremoval#ingrown #ingrownhair#picking#tweezers #skinpicking #satisfying#blemishes#blemishbandits#cloggedpores #pores #acne#hair#cleanskincare #skincareroutine#fyp #relaxingvideos #viral#trending#viraltiktok#creatorsearchinsights #foryoU#tiktok #pvo#skit"
"<a href=""https://www.tiktok.com/@llhh5789/video/7463698459636354350"" target=""_blank"" class=""btn btn-sm"" style=""background-color: #00926c; color: white; text-decoration: none; padding: 2px 8px; border-radius: 4px; font-size: 0.8em;"">View Post</a>",4,"llhh5789",2025-01-25 04:02:33,1,1045,16,0,1,"#pimplepopperaddict #pimple#textractions#ingrownhairremoval#ingrown #ingrownhair#picking#tweezers #skinpicking #satisfying#blemishes#blemishbandits#cloggedpores #pores #acne#hair#cleanskincare #skincareroutine#fyp #relaxingvideos #viral#trending#viraltiktok#creatorsearchinsights #foryoU#tiktok #pvo#skit"
"<a href=""https://www.tiktok.com/@llhh6654/video/7463698293000834334"" target=""_blank"" class=""btn btn-sm"" style=""background-color: #00926c; color: white; text-decoration: none; padding: 2px 8px; border-radius: 4px; font-size: 0.8em;"">View Post</a>",4,"llhh6654",2025-01-25 04:01:47,1,1628,5,0,0,"#pimplepopperaddict #pimple#textractions#ingrownhairremoval#ingrown #ingrownhair#picking#tweezers #skinpicking #satisfying#blemishes#blemishbandits#cloggedpores #pores #acne#hair#cleanskincare #skincareroutine#fyp #relaxingvideos #viral#trending#viraltiktok#creatorsearchinsights #foryoU#tiktok #pvo#skit"
"<a href=""https://www.tiktok.com/@llhh6654/video/7463698263909141790"" target=""_blank"" class=""btn btn-sm"" style=""background-color: #00926c; color: white; text-decoration: none; padding: 2px 8px; border-radius: 4px; font-size: 0.8em;"">View Post</a>",4,"llhh6654",2025-01-25 04:01:49,1,5781,16,0,0,"#pimplepopperaddict #pimple#textractions#ingrownhairremoval#ingrown #ingrownhair#picking#tweezers #skinpicking #satisfying#blemishes#blemishbandits#cloggedpores #pores #acne#hair#cleanskincare #skincareroutine#fyp #relaxingvideos #viral#trending#viraltiktok#creatorsearchinsights #foryoU#tiktok #pvo#skit"
"<a href=""https://www.tiktok.com/@llhh6654/video/7463697918780837150"" target=""_blank"" class=""btn btn-sm"" style=""background-color: #00926c; color: white; text-decoration: none; padding: 2px 8px; border-radius: 4px; font-size: 0.8em;"">View Post</a>",4,"llhh6654",2025-01-25 04:00:26,1,1809,15,0,0,"#pimplepopperaddict #pimple#textractions#ingrownhairremoval#ingrown #ingrownhair#picking#tweezers #skinpicking #satisfying#blemishes#blemishbandits#cloggedpores #pores #acne#hair#cleanskincare #skincareroutine#fyp #relaxingvideos #viral#trending#viraltiktok#creatorsearchinsights #foryoU#tiktok #pvo#skit"
"<a href=""https://www.tiktok.com/@llhh5789/video/7463325547264003374"" target=""_blank"" class=""btn btn-sm"" style=""background-color: #00926c; color: white; text-decoration: none; padding: 2px 8px; border-radius: 4px; font-size: 0.8em;"">View Post</a>",4,"llhh5789",2025-01-24 03:55:01,1,1088,8,0,0,"#pimplepopperaddict #pimple#textractions#ingrownhairremoval#ingrown #ingrownhair#picking#tweezers #skinpicking #satisfying#blemishes#blemishbandits#cloggedpores #pores #acne#hair#cleanskincare #skincareroutine#fyp #relaxingvideos #viral#trending#viraltiktok#creatorsearchinsights #foryoU#tiktok #pvo#skit"
"<a href=""https://www.tiktok.com/@llhh5789/video/7463325344049712430"" target=""_blank"" class=""btn btn-sm"" style=""background-color: #00926c; color: white; text-decoration: none; padding: 2px 8px; border-radius: 4px; font-size: 0.8em;"">View Post</a>",4,"llhh5789",2025-01-24 03:54:42,1,37777,223,0,3,"#pimplepopperaddict #pimple#textractions#ingrownhairremoval#ingrown #ingrownhair#picking#tweezers #skinpicking #satisfying#blemishes#blemishbandits#cloggedpores #pores #acne#hair#cleanskincare #skincareroutine#fyp #relaxingvideos #viral#trending#viraltiktok#creatorsearchinsights #foryoU#tiktok #pvo#skit"
"<a href=""https://www.tiktok.com/@llhh5789/video/7463325332700155182"" target=""_blank"" class=""btn btn-sm"" style=""background-color: #00926c; color: white; text-decoration: none; padding: 2px 8px; border-radius: 4px; font-size: 0.8em;"">View Post</a>",4,"llhh5789",2025-01-24 03:54:50,1,2153,17,0,0,"#pimplepopperaddict #pimple#textractions#ingrownhairremoval#ingrown #ingrownhair#picking#tweezers #skinpicking #satisfying#blemishes#blemishbandits#cloggedpores #pores #acne#hair#cleanskincare #skincareroutine#fyp #relaxingvideos #viral#trending#viraltiktok#creatorsearchinsights #foryoU#tiktok #pvo#skit"
"<a href=""https://www.tiktok.com/@llhh6654/video/7463325301444054302"" target=""_blank"" class=""btn btn-sm"" style=""background-color: #00926c; color: white; text-decoration: none; padding: 2px 8px; border-radius: 4px; font-size: 0.8em;"">View Post</a>",4,"llhh6654",2025-01-24 03:54:39,1,4982,29,0,0,"#pimplepopperaddict #pimple#textractions#ingrownhairremoval#ingrown #ingrownhair#picking#tweezers #skinpicking #satisfying#blemishes#blemishbandits#cloggedpores #pores #acne#hair#cleanskincare #skincareroutine#fyp #relaxingvideos #viral#trending#viraltiktok#creatorsearchinsights #foryoU#tiktok #pvo#skit"
"<a href=""https://www.tiktok.com/@llhh6654/video/7463325207239937310"" target=""_blank"" class=""btn btn-sm"" style=""background-color: #00926c; color: white; text-decoration: none; padding: 2px 8px; border-radius: 4px; font-size: 0.8em;"">View Post</a>",4,"llhh6654",2025-01-24 03:54:10,1,1702,11,0,1,"#pimplepopperaddict #pimple#textractions#ingrownhairremoval#ingrown #ingrownhair#picking#tweezers #skinpicking #satisfying#blemishes#blemishbandits#cloggedpores #pores #acne#hair#cleanskincare #skincareroutine#fyp #relaxingvideos #viral#trending#viraltiktok#creatorsearchinsights #foryoU#tiktok #pvo#skit"
"<a href=""https://www.tiktok.com/@llhh6654/video/7463324759061761311"" target=""_blank"" class=""btn btn-sm"" style=""background-color: #00926c; color: white; text-decoration: none; padding: 2px 8px; border-radius: 4px; font-size: 0.8em;"">View Post</a>",4,"llhh6654",2025-01-24 03:52:28,1,3484,11,0,0,"#pimplepopperaddict #pimple#textractions#ingrownhairremoval#ingrown #ingrownhair#picking#tweezers #skinpicking #satisfying#blemishes#blemishbandits#cloggedpores #pores #acne#hair#cleanskincare #skincareroutine#fyp #relaxingvideos #viral#trending#viraltiktok#creatorsearchinsights #foryoU#tiktok #pvo#skit"
"<a href=""https://www.tiktok.com/@lxboos34/video/7464247129523932446"" target=""_blank"" class=""btn btn-sm"" style=""background-color: #00926c; color: white; text-decoration: none; padding: 2px 8px; border-radius: 4px; font-size: 0.8em;"">View Post</a>",5,"lxboos34",2025-01-26 15:31:56,1,2849,35,1,0,"#bridetobe #boundaries #wedding #weddingguest #weddingplanning #weddingplanner #bride #engsged #groom #fiance #fiancee #weddingreception #weddingtok"
"<a href=""https://www.tiktok.com/@ggbo601/video/7464246976071159071"" target=""_blank"" class=""btn btn-sm"" style=""background-color: #00926c; color: white; text-decoration: none; padding: 2px 8px; border-radius: 4px; font-size: 0.8em;"">View Post</a>",5,"ggbo601",2025-01-26 15:31:27,1,4794,16,0,0,"#bridetobe #boundaries #wedding #weddingguest #weddingplanning #weddingplanner #bride #engsged #groom #fiance #fiancee #weddingreception #weddingtok"
"<a href=""https://www.tiktok.com/@ggbo601/video/7464246968240426270"" target=""_blank"" class=""btn btn-sm"" style=""background-color: #00926c; color: white; text-decoration: none; padding: 2px 8px; border-radius: 4px; font-size: 0.8em;"">View Post</a>",5,"ggbo601",2025-01-26 15:31:25,1,10830,43,0,2,"#bridetobe #boundaries #wedding #weddingguest #weddingplanning #weddingplanner #bride #engsged #groom #fiance #fiancee #weddingreception #weddingtok"
"<a href=""https://www.tiktok.com/@lxboos34/video/7464246933981367583"" target=""_blank"" class=""btn btn-sm"" style=""background-color: #00926c; color: white; text-decoration: none; padding: 2px 8px; border-radius: 4px; font-size: 0.8em;"">View Post</a>",5,"lxboos34",2025-01-26 15:31:14,1,14600,97,1,3,"#bridetobe #boundaries #wedding #weddingguest #weddingplanning #weddingplanner #bride #engsged #groom #fiance #fiancee #weddingreception #weddingtok"
"<a href=""https://www.tiktok.com/@lxboos34/video/7464246573631802655"" target=""_blank"" class=""btn btn-sm"" style=""background-color: #00926c; color: white; text-decoration: none; padding: 2px 8px; border-radius: 4px; font-size: 0.8em;"">View Post</a>",5,"lxboos34",2025-01-26 15:29:39,1,1320,14,0,0,"#bridetobe #boundaries #wedding #weddingguest #weddingplanning #weddingplanner #bride #engsged #groom #fiance #fiancee #weddingreception #weddingtok"
"<a href=""https://www.tiktok.com/@ggbo601/video/7464246335659658526"" target=""_blank"" class=""btn btn-sm"" style=""background-color: #00926c; color: white; text-decoration: none; padding: 2px 8px; border-radius: 4px; font-size: 0.8em;"">View Post</a>",5,"ggbo601",2025-01-26 15:29:07,1,5630,16,0,1,"#bridetobe #boundaries #wedding #weddingguest #weddingplanning #weddingplanner #bride #engsged #groom #fiance #fiancee #weddingreception #weddingtok"
"<a href=""https://www.tiktok.com/@lxboos34/video/7463647261268921630"" target=""_blank"" class=""btn btn-sm"" style=""background-color: #00926c; color: white; text-decoration: none; padding: 2px 8px; border-radius: 4px; font-size: 0.8em;"">View Post</a>",5,"lxboos34",2025-01-25 00:43:44,1,1015,20,0,0,"#bridetobe #boundaries #wedding #weddingguest #weddingplanning #weddingplanner #bride #engsged #groom #fiance #fiancee #weddingreception #weddingtok"
"<a href=""https://www.tiktok.com/@ggbo601/video/7463647200040488222"" target=""_blank"" class=""btn btn-sm"" style=""background-color: #00926c; color: white; text-decoration: none; padding: 2px 8px; border-radius: 4px; font-size: 0.8em;"">View Post</a>",5,"ggbo601",2025-01-25 00:43:34,1,1312,24,1,0,"#bridetobe #boundaries #wedding #weddingguest #weddingplanning #weddingplanner #bride #engsged #groom #fiance #fiancee #weddingreception #weddingtok"
"<a href=""https://www.tiktok.com/@lxboos34/video/7463647008243420446"" target=""_blank"" class=""btn btn-sm"" style=""background-color: #00926c; color: white; text-decoration: none; padding: 2px 8px; border-radius: 4px; font-size: 0.8em;"">View Post</a>",5,"lxboos34",2025-01-25 00:42:52,1,3775,55,0,0,"#bridetobe #boundaries #wedding #weddingguest #weddingplanning #weddingplanner #bride #engsged #groom #fiance #fiancee #weddingreception #weddingtok"
"<a href=""https://www.tiktok.com/@ggbo601/video/7463646408399211819"" target=""_blank"" class=""btn btn-sm"" style=""background-color: #00926c; color: white; text-decoration: none; padding: 2px 8px; border-radius: 4px; font-size: 0.8em;"">View Post</a>",5,"ggbo601",2025-01-25 00:40:42,1,2743,26,0,0,"#bridetobe #boundaries #wedding #weddingguest #weddingplanning #weddingplanner #bride #engsged #groom #fiance #fiancee #weddingreception #weddingtok"
"<a href=""https://www.tiktok.com/@lxboos34/video/7463216353105792287"" target=""_blank"" class=""btn btn-sm"" style=""background-color: #00926c; color: white; text-decoration: none; padding: 2px 8px; border-radius: 4px; font-size: 0.8em;"">View Post</a>",5,"lxboos34",2025-01-23 20:51:23,1,1355,26,0,0,"#bridetobe #boundaries #wedding #weddingguest #weddingplanning #weddingplanner #bride #engsged #groom #fiance #fiancee #weddingreception #weddingtok"
"<a href=""https://www.tiktok.com/@ggbo601/video/7463216215641623839"" target=""_blank"" class=""btn btn-sm"" style=""background-color: #00926c; color: white; text-decoration: none; padding: 2px 8px; border-radius: 4px; font-size: 0.8em;"">View Post</a>",5,"ggbo601",2025-01-23 20:50:52,1,3675,40,0,2,"#bridetobe #boundaries #wedding #weddingguest #weddingplanning #weddingplanner #bride #engsged #groom #fiance #fiancee #weddingreception #weddingtok"
"<a href=""https://www.tiktok.com/@lxboos34/video/7463215800313220382"" target=""_blank"" class=""btn btn-sm"" style=""background-color: #00926c; color: white; text-decoration: none; padding: 2px 8px; border-radius: 4px; font-size: 0.8em;"">View Post</a>",5,"lxboos34",2025-01-23 20:49:12,1,1114,34,1,0,"#bridetobe #boundaries #wedding #weddingguest #weddingplanning #weddingplanner #bride #engsged #groom #fiance #fiancee #weddingreception #weddingtok"
"<a href=""https://www.tiktok.com/@ggbo601/video/7463215777492110623"" target=""_blank"" class=""btn btn-sm"" style=""background-color: #00926c; color: white; text-decoration: none; padding: 2px 8px; border-radius: 4px; font-size: 0.8em;"">View Post</a>",5,"ggbo601",2025-01-23 20:49:11,1,2036,16,0,0,"#bridetobe #boundaries #wedding #weddingguest #weddingplanning #weddingplanner #bride #engsged #groom #fiance #fiancee #weddingreception #weddingtok"
"<a href=""https://www.tiktok.com/@lxboos34/video/7463215719405178142"" target=""_blank"" class=""btn btn-sm"" style=""background-color: #00926c; color: white; text-decoration: none; padding: 2px 8px; border-radius: 4px; font-size: 0.8em;"">View Post</a>",5,"lxboos34",2025-01-23 20:48:52,1,1089,45,0,0,"#bridetobe #boundaries #wedding #weddingguest #weddingplanning #weddingplanner #bride #engsged #groom #fiance #fiancee #weddingreception #weddingtok"
"<a href=""https://www.tiktok.com/@ggbo601/video/7463214225331342638"" target=""_blank"" class=""btn btn-sm"" style=""background-color: #00926c; color: white; text-decoration: none; padding: 2px 8px; border-radius: 4px; font-size: 0.8em;"">View Post</a>",5,"ggbo601",2025-01-23 20:43:09,1,18805,90,1,1,"#bridetobe #boundaries #wedding #weddingguest #weddingplanning #weddingplanner #bride #engsged #groom #fiance #fiancee #weddingreception #weddingtok"
"<a href=""https://www.tiktok.com/@ggbo601/video/7464246976071159071"" target=""_blank"" class=""btn btn-sm"" style=""background-color: #00926c; color: white; text-decoration: none; padding: 2px 8px; border-radius: 4px; font-size: 0.8em;"">View Post</a>",5,"ggbo601",2025-01-26 15:31:27,1,4797,16,0,0,"#bridetobe #boundaries #wedding #weddingguest #weddingplanning #weddingplanner #bride #engsged #groom #fiance #fiancee #weddingreception #weddingtok"
"<a href=""https://www.tiktok.com/@ggbo601/video/7464246968240426270"" target=""_blank"" class=""btn btn-sm"" style=""background-color: #00926c; color: white; text-decoration: none; padding: 2px 8px; border-radius: 4px; font-size: 0.8em;"">View Post</a>",5,"ggbo601",2025-01-26 15:31:25,1,10834,43,0,2,"#bridetobe #boundaries #wedding #weddingguest #weddingplanning #weddingplanner #bride #engsged #groom #fiance #fiancee #weddingreception #weddingtok"
"<a href=""https://www.tiktok.com/@lxboos34/video/7464246933981367583"" target=""_blank"" class=""btn btn-sm"" style=""background-color: #00926c; color: white; text-decoration: none; padding: 2px 8px; border-radius: 4px; font-size: 0.8em;"">View Post</a>",5,"lxboos34",2025-01-26 15:31:14,1,14601,97,1,3,"#bridetobe #boundaries #wedding #weddingguest #weddingplanning #weddingplanner #bride #engsged #groom #fiance #fiancee #weddingreception #weddingtok"
"<a href=""https://www.tiktok.com/@ggbo601/video/7463214225331342638"" target=""_blank"" class=""btn btn-sm"" style=""background-color: #00926c; color: white; text-decoration: none; padding: 2px 8px; border-radius: 4px; font-size: 0.8em;"">View Post</a>",5,"ggbo601",2025-01-23 20:43:09,1,18807,90,1,1,"#bridetobe #boundaries #wedding #weddingguest #weddingplanning #weddingplanner #bride #engsged #groom #fiance #fiancee #weddingreception #weddingtok"
