"Account","Network","Unique Shares","Avg Time Between Shares (sec)","Edge Symmetry Score","Degree","Strength","Betweenness","Avg Views","Avg Likes","Avg Comments","Avg Shares"
"<a href=""https://tiktok.com/@ferdinandbecky1017"" target=""_blank"">@ferdinandbecky1017</a>",6,10,48.451,0.904,5,101,0.003,2060.6,35.6,0,0.1
"<a href=""https://tiktok.com/@funnys318"" target=""_blank"">@funnys318</a>",6,9,56.729,0.938,5,79,0.003,3570.778,73.333,0,0.556
"<a href=""https://tiktok.com/@ggbo601"" target=""_blank"">@ggbo601</a>",5,6,41.625,0.909,1,24,0,7660.273,38.182,0.273,0.818
"<a href=""https://tiktok.com/@jkkj674"" target=""_blank"">@jkkj674</a>",2,7,65.95,0.817,2,40,0,12743.895,185.053,2.158,3.053
"<a href=""https://tiktok.com/@josephwalker6990"" target=""_blank"">@josephwalker6990</a>",6,12,45.996,0.961,5,112,0,1082.833,25.5,0,0.083
"<a href=""https://tiktok.com/@langhuamediaus.tqh90p"" target=""_blank"">@langhuamediaus.tqh90p</a>",6,8,52.424,0.931,4,65,0,2667.2,65,0.1,0.3
"<a href=""https://tiktok.com/@lean37279"" target=""_blank"">@lean37279</a>",6,12,47.814,0.928,5,113,0,2456.583,38.083,0,0
"<a href=""https://tiktok.com/@llhh5789"" target=""_blank"">@llhh5789</a>",4,6,38.75,0.667,1,12,0,7409.5,52,0,0.667
"<a href=""https://tiktok.com/@llhh6654"" target=""_blank"">@llhh6654</a>",4,6,38.75,0.667,1,12,0,3231,14.5,0,0.167
"<a href=""https://tiktok.com/@lxboos34"" target=""_blank"">@lxboos34</a>",5,8,41.625,0.909,1,24,0,4635.333,47,0.444,0.667
"<a href=""https://tiktok.com/@okl88853"" target=""_blank"">@okl88853</a>",3,6,59.667,1,1,12,0,5779.667,35.833,0.667,3
"<a href=""https://tiktok.com/@plm00716"" target=""_blank"">@plm00716</a>",2,5,46.442,0.8,2,32,0.012,8338.857,78.286,0.286,6
"<a href=""https://tiktok.com/@ujnikm7"" target=""_blank"">@ujnikm7</a>",2,10,55.792,0.933,3,53,0.023,10836.875,79.875,0.062,1.562
"<a href=""https://tiktok.com/@user3385525792650"" target=""_blank"">@user3385525792650</a>",3,5,36.1,0.833,1,10,0,8853.2,65.6,1,2.6
"<a href=""https://tiktok.com/@vivianbowen0116"" target=""_blank"">@vivianbowen0116</a>",6,8,47.801,0.861,4,62,0.006,3822.125,65.375,0.375,0.625
"<a href=""https://tiktok.com/@yftzzmmezm"" target=""_blank"">@yftzzmmezm</a>",1,4,65.722,0.857,1,18,0,6155,22.4,4.8,0.4
"<a href=""https://tiktok.com/@yr0010"" target=""_blank"">@yr0010</a>",2,12,65.459,0.917,2,42,0,2699.917,42.833,0,0.167
"<a href=""https://tiktok.com/@yue3312e"" target=""_blank"">@yue3312e</a>",1,9,65.722,0.857,1,18,0,4322.667,29,1,0.75
"<a href=""https://tiktok.com/@yy11y7"" target=""_blank"">@yy11y7</a>",2,6,75.474,1,1,19,0,4668.625,23.625,0.375,0.375
"<a href=""https://tiktok.com/@yy12197"" target=""_blank"">@yy12197</a>",3,8,47.883,0.917,2,22,0.006,4465,54.375,0.25,1.25
