"Network","Number of Accounts","Network Density","Network Diameter","Clustering Coefficient","Avg Views","Avg Likes","Avg Comments","Avg Shares","Member Accounts"
1,2,1,18,NA,4861.588,27.059,2.118,0.647,"yftzzmmezm, yue3312e"
2,5,0.5,51,0,8768.452,97.5,0.758,2.097,"plm00716, ujnikm7, jkkj674, yr0010, yy11y7"
3,3,0.667,22,0,6034.947,51.474,0.579,2.158,"user3385525792650, okl88853, yy12197"
4,2,1,12,NA,5320.25,33.25,0,0.417,"llhh5789, llhh6654"
5,2,1,24,NA,6299.05,42.15,0.35,0.75,"ggbo601, lxboos34"
6,6,0.933,31,0.923,2499.426,48.393,0.066,0.246,"funnys318, langhuamediaus.tqh90p, josephwalker6990, lean37279, ferdinandbecky1017, vivianbowen0116"
