"Account","Network","Unique Shares","Avg Time Between Shares (sec)","Edge Symmetry Score","Degree","Strength","Betweenness","Avg Views","Avg Likes","Avg Comments","Avg Shares"
"<a href=""https://tiktok.com/@1079tk"" target=""_blank"">@1079tk</a>",10,3,45.556,0.967,6,52,0,712.333,11.667,0.333,0
"<a href=""https://tiktok.com/@6qsy3720aik"" target=""_blank"">@6qsy3720aik</a>",4,3,56.429,1,3,21,0,821,26.333,0,0
"<a href=""https://tiktok.com/@as739264"" target=""_blank"">@as739264</a>",6,3,46.536,1,2,15,0,322.333,11.667,0.333,0
"<a href=""https://tiktok.com/@bdkow29"" target=""_blank"">@bdkow29</a>",15,3,30.556,0.9,2,18,0,31,0.333,0,0
"<a href=""https://tiktok.com/@bkoutrewbklopya"" target=""_blank"">@bkoutrewbklopya</a>",16,3,68.5,1,2,14,0,130,1.333,0,0
"<a href=""https://tiktok.com/@coke0283"" target=""_blank"">@coke0283</a>",20,3,36.429,0.8,1,7,0,297.333,7,0,0
"<a href=""https://tiktok.com/@coke14426"" target=""_blank"">@coke14426</a>",20,4,53.714,1,1,7,0,99.25,4,0,0
"<a href=""https://tiktok.com/@dabao4684"" target=""_blank"">@dabao4684</a>",28,3,54.5,1,1,8,0,589.667,36.333,0.333,3
"<a href=""https://tiktok.com/@dizygoticdividing"" target=""_blank"">@dizygoticdividing</a>",17,3,43.333,1,1,9,0,24.333,0,0,0
"<a href=""https://tiktok.com/@dw9rgribm7f"" target=""_blank"">@dw9rgribm7f</a>",4,3,57.179,1,4,28,0.001,632.667,17,0.333,0.333
"<a href=""https://tiktok.com/@fghgkk25"" target=""_blank"">@fghgkk25</a>",1,3,73,1,2,18,0.002,814.667,69,0,1.333
"<a href=""https://tiktok.com/@fiopklmnvvcodorew"" target=""_blank"">@fiopklmnvvcodorew</a>",16,5,49.995,0.963,3,35,0,365.8,4.6,0.2,0
"<a href=""https://tiktok.com/@fjcfgf"" target=""_blank"">@fjcfgf</a>",23,3,38.857,0.8,1,7,0,2229,47,0,3.333
"<a href=""https://tiktok.com/@gammao05"" target=""_blank"">@gammao05</a>",4,3,64.714,1,1,7,0,466.333,28,1,0
"<a href=""https://tiktok.com/@gdidheus038"" target=""_blank"">@gdidheus038</a>",26,3,51.214,1,2,14,0,2364,67,1.333,0.333
"<a href=""https://tiktok.com/@gyhj98"" target=""_blank"">@gyhj98</a>",1,3,56.5,1,2,18,0.003,924.333,41.667,0.333,1.667
"<a href=""https://tiktok.com/@hilariousmomentslol"" target=""_blank"">@hilariousmomentslol</a>",14,3,47.787,0.933,3,26,0,3979.333,165.333,0.333,0.333
"<a href=""https://tiktok.com/@hrrty03"" target=""_blank"">@hrrty03</a>",22,3,53.857,1,1,7,0,3385.333,90.667,0.667,0.333
"<a href=""https://tiktok.com/@idweli"" target=""_blank"">@idweli</a>",19,3,55,1,1,7,0,240,7.333,0,0
"<a href=""https://tiktok.com/@iiufdr"" target=""_blank"">@iiufdr</a>",1,3,69.833,1,2,18,0.001,852.667,102.333,0,4
"<a href=""https://tiktok.com/@ilyssa.glove"" target=""_blank"">@ilyssa.glove</a>",24,7,50.286,1,1,7,0,1959.875,62,0.125,0.25
"<a href=""https://tiktok.com/@j6ozwuluvy6"" target=""_blank"">@j6ozwuluvy6</a>",1,3,56.667,1,1,9,0,1044,79.333,2,0
"<a href=""https://tiktok.com/@jgdcvbhgvczc"" target=""_blank"">@jgdcvbhgvczc</a>",5,3,58.5,1,1,8,0,1064.667,50.333,0.667,0.333
"<a href=""https://tiktok.com/@joyrdq"" target=""_blank"">@joyrdq</a>",1,3,75.5,1,2,18,0.002,6772.333,432.667,8.667,6.333
"<a href=""https://tiktok.com/@ka2eupn1x1"" target=""_blank"">@ka2eupn1x1</a>",28,3,54.5,1,1,8,0,61,0.667,0,0
"<a href=""https://tiktok.com/@kfvgjh3"" target=""_blank"">@kfvgjh3</a>",1,3,65,1,2,18,0.003,1006,34.667,0,0
"<a href=""https://tiktok.com/@koiuyer.tyuiop"" target=""_blank"">@koiuyer.tyuiop</a>",15,6,38.917,0.722,3,30,0,160.167,4,0,0
"<a href=""https://tiktok.com/@kolouysomsio"" target=""_blank"">@kolouysomsio</a>",16,5,44.899,1,3,35,0,294.2,5,0,0
"<a href=""https://tiktok.com/@kouyer.yuiop"" target=""_blank"">@kouyer.yuiop</a>",15,4,40.153,0.733,2,21,0,64.5,0,0,0
"<a href=""https://tiktok.com/@lalamovie57"" target=""_blank"">@lalamovie57</a>",5,3,58.5,1,1,8,0,5806.667,164.333,1.667,3
"<a href=""https://tiktok.com/@lolsne7"" target=""_blank"">@lolsne7</a>",6,3,47.393,1,2,15,0,1061,23.333,1.667,0.333
"<a href=""https://tiktok.com/@miki.aat"" target=""_blank"">@miki.aat</a>",24,5,50.286,1,1,7,0,2390,59.8,0,0.8
"<a href=""https://tiktok.com/@movieue02"" target=""_blank"">@movieue02</a>",27,3,70.778,0.8,1,9,0,1843,25.333,0.333,0
"<a href=""https://tiktok.com/@owen.1435"" target=""_blank"">@owen.1435</a>",21,3,50.286,0.8,1,7,0,263.333,35.667,6.667,6
"<a href=""https://tiktok.com/@patbei38"" target=""_blank"">@patbei38</a>",1,3,65.667,1,2,18,0.001,2484.333,168,6,8
"<a href=""https://tiktok.com/@qwertyuiop10232"" target=""_blank"">@qwertyuiop10232</a>",26,3,51.429,1,2,14,0,3092.667,115.333,1,0
"<a href=""https://tiktok.com/@rose.36785"" target=""_blank"">@rose.36785</a>",21,3,49.786,0.8,2,14,0,6485.667,501.667,96.333,87.667
"<a href=""https://tiktok.com/@smegkt"" target=""_blank"">@smegkt</a>",19,3,55,1,1,7,0,658.333,18.333,0,0
"<a href=""https://tiktok.com/@trielminelsol"" target=""_blank"">@trielminelsol</a>",17,3,43.333,1,1,9,0,519,12.667,0,0
"<a href=""https://tiktok.com/@user1037066582195"" target=""_blank"">@user1037066582195</a>",18,3,54.625,0.8,1,8,0,14090.333,191.667,0.333,0.667
"<a href=""https://tiktok.com/@user1773821343435"" target=""_blank"">@user1773821343435</a>",25,3,55,0.8,1,7,0,111.333,2.333,0,0
"<a href=""https://tiktok.com/@user25300268339362"" target=""_blank"">@user25300268339362</a>",18,3,54.625,0.8,1,8,0,88.667,0.333,0,0
"<a href=""https://tiktok.com/@user27213133784711"" target=""_blank"">@user27213133784711</a>",1,3,53,1,1,9,0,1286.333,113.333,0.667,13.667
"<a href=""https://tiktok.com/@user4769431673142"" target=""_blank"">@user4769431673142</a>",4,3,63.143,1,2,14,0,2101.667,107.667,0.333,1.333
"<a href=""https://tiktok.com/@user660014451762"" target=""_blank"">@user660014451762</a>",21,3,49.286,0.8,1,7,0,327.333,8.333,0,0
"<a href=""https://tiktok.com/@user67019714842745"" target=""_blank"">@user67019714842745</a>",25,3,55,0.8,1,7,0,930.333,41,0,0
"<a href=""https://tiktok.com/@user7841674452052"" target=""_blank"">@user7841674452052</a>",2,3,47.333,1,1,9,0,737.667,58,0.333,1.667
"<a href=""https://tiktok.com/@user7929914145369"" target=""_blank"">@user7929914145369</a>",3,3,52.333,1,1,9,0,443,62,0,1.333
"<a href=""https://tiktok.com/@user7934904962162"" target=""_blank"">@user7934904962162</a>",23,3,38.857,0.8,1,7,0,613,30.333,0.333,0
"<a href=""https://tiktok.com/@user9219131969900"" target=""_blank"">@user9219131969900</a>",27,3,70.778,0.8,1,9,0,5131,95.667,0.667,1
"<a href=""https://tiktok.com/@user9338301910612"" target=""_blank"">@user9338301910612</a>",2,3,47.333,1,1,9,0,819.667,62.333,1.333,1
"<a href=""https://tiktok.com/@user97074784530542"" target=""_blank"">@user97074784530542</a>",26,3,62.929,1,2,14,0,629.333,14.667,0,0
"<a href=""https://tiktok.com/@user98882160239396"" target=""_blank"">@user98882160239396</a>",20,4,45.937,0.933,3,23,0.001,212,14.5,0,0
"<a href=""https://tiktok.com/@user9996120027074"" target=""_blank"">@user9996120027074</a>",3,3,52.333,1,1,9,0,790.667,78,1,1.333
"<a href=""https://tiktok.com/@vcdsaklop.vcdsart"" target=""_blank"">@vcdsaklop.vcdsart</a>",16,6,35.533,0.944,2,30,0,164.5,3.5,0,0
"<a href=""https://tiktok.com/@vczsaopmnjcofdgxz"" target=""_blank"">@vczsaopmnjcofdgxz</a>",15,4,56.444,0.5,1,9,0,576,7,0.75,1.75
"<a href=""https://tiktok.com/@wyz19101029"" target=""_blank"">@wyz19101029</a>",20,5,47.667,1,1,9,0,2.6,0,0,0
"<a href=""https://tiktok.com/@xzcm22"" target=""_blank"">@xzcm22</a>",8,3,23.963,1,3,27,0,984.667,32.667,1,0
"<a href=""https://tiktok.com/@yandkrv8"" target=""_blank"">@yandkrv8</a>",4,3,54.786,1,2,14,0,499.333,31.333,0.333,2.333
"<a href=""https://tiktok.com/@yhbbcc098"" target=""_blank"">@yhbbcc098</a>",22,3,53.857,1,1,7,0,1263.333,74.667,0,1
"<a href=""https://tiktok.com/@yhn229992"" target=""_blank"">@yhn229992</a>",8,3,22.926,1,3,27,0,438.333,15,0.333,0.333
"<a href=""https://tiktok.com/@yhn331133"" target=""_blank"">@yhn331133</a>",14,3,45.554,0.9,4,30,0,1100.667,33.667,0,0
"<a href=""https://tiktok.com/@yhn443334"" target=""_blank"">@yhn443334</a>",9,3,45.294,1,5,44,0,936.667,33.667,0.667,0
"<a href=""https://tiktok.com/@yhn588310"" target=""_blank"">@yhn588310</a>",7,3,40.722,0.9,2,18,0,1243.667,23.667,0,0
"<a href=""https://tiktok.com/@yu1053tk"" target=""_blank"">@yu1053tk</a>",8,3,22.111,1,3,27,0,2500.333,86.333,1.667,0
"<a href=""https://tiktok.com/@yu1054tk"" target=""_blank"">@yu1054tk</a>",14,3,57,0.8,2,14,0,2919.333,79.333,0.667,0.333
"<a href=""https://tiktok.com/@yu1055tk"" target=""_blank"">@yu1055tk</a>",9,3,36.944,1,5,45,0,537,27.667,1,0
"<a href=""https://tiktok.com/@yu1058tk"" target=""_blank"">@yu1058tk</a>",12,3,32.194,0.95,4,36,0,457,14.667,1,0
"<a href=""https://tiktok.com/@yu1059tk"" target=""_blank"">@yu1059tk</a>",11,3,30.472,1,4,36,0,1001.667,36.667,0,0
"<a href=""https://tiktok.com/@yu1062tk"" target=""_blank"">@yu1062tk</a>",13,3,39.5,0.95,5,45,0,2942,78,1.333,0
"<a href=""https://tiktok.com/@yu1063tk"" target=""_blank"">@yu1063tk</a>",13,3,38.956,1,5,45,0,1000,40.333,0.333,0
"<a href=""https://tiktok.com/@yu1065tk"" target=""_blank"">@yu1065tk</a>",10,3,51.212,0.933,6,47,0,1225.333,52.333,0.667,1
"<a href=""https://tiktok.com/@yu1067tk8686.com"" target=""_blank"">@yu1067tk8686.com</a>",9,3,45.567,1,5,44,0,1014.667,49.333,0.333,0
"<a href=""https://tiktok.com/@yu106900e2v"" target=""_blank"">@yu106900e2v</a>",14,3,52.725,0.9,4,33,0,2091.667,56,1.333,0.333
"<a href=""https://tiktok.com/@yu1069tk"" target=""_blank"">@yu1069tk</a>",7,3,34,1,2,18,0,2659.667,54.333,0.667,0.333
"<a href=""https://tiktok.com/@yu1070tk"" target=""_blank"">@yu1070tk</a>",10,3,48.272,0.933,6,52,0,1139,39.667,0,0
"<a href=""https://tiktok.com/@yu1071tk"" target=""_blank"">@yu1071tk</a>",10,3,49.155,0.933,6,53,0,1017,41.667,2,2
"<a href=""https://tiktok.com/@yu1073tk"" target=""_blank"">@yu1073tk</a>",13,3,37,0.96,5,45,0,436,17.667,0.333,0
"<a href=""https://tiktok.com/@yu1074tk"" target=""_blank"">@yu1074tk</a>",9,3,40.267,1,5,45,0,997.667,37.667,0.333,0.667
"<a href=""https://tiktok.com/@yu1075tk"" target=""_blank"">@yu1075tk</a>",12,3,26.889,1,4,36,0,2487.667,75.667,3,0
"<a href=""https://tiktok.com/@yu1076tk"" target=""_blank"">@yu1076tk</a>",13,3,39.417,1,5,45,0,793.667,16,0.333,0
"<a href=""https://tiktok.com/@yu1078tk"" target=""_blank"">@yu1078tk</a>",10,3,48.783,0.92,6,52,0,2457.667,49,1,2.333
"<a href=""https://tiktok.com/@yu1080tk"" target=""_blank"">@yu1080tk</a>",11,3,25.167,0.9,4,36,0,2049,96.333,0.333,0.333
"<a href=""https://tiktok.com/@yu108293b8w"" target=""_blank"">@yu108293b8w</a>",9,3,42.222,1,5,45,0,1057.5,46.5,0.25,0.75
"<a href=""https://tiktok.com/@yu1082tk"" target=""_blank"">@yu1082tk</a>",11,3,23,0.95,4,36,0,917,32.333,0.333,0
"<a href=""https://tiktok.com/@yu1083tk"" target=""_blank"">@yu1083tk</a>",8,3,22.778,1,3,27,0,1110,40.333,1,1
"<a href=""https://tiktok.com/@yu1085tk"" target=""_blank"">@yu1085tk</a>",12,3,26.417,0.95,4,36,0,1015.333,32.667,0.667,0
"<a href=""https://tiktok.com/@yu1086tk"" target=""_blank"">@yu1086tk</a>",10,3,40.495,0.867,6,53,0,1359,44,0,0
"<a href=""https://tiktok.com/@yu1087tk"" target=""_blank"">@yu1087tk</a>",10,3,39.391,0.967,6,53,0,1104.333,28.333,1.333,0
"<a href=""https://tiktok.com/@yu1089tk"" target=""_blank"">@yu1089tk</a>",11,3,25.083,0.95,4,36,0,1033.667,29.667,0,0
"<a href=""https://tiktok.com/@yu1090tk"" target=""_blank"">@yu1090tk</a>",12,3,43.75,0.85,4,36,0,3701.667,110,2.333,0
"<a href=""https://tiktok.com/@yu1091tk"" target=""_blank"">@yu1091tk</a>",12,3,27.417,0.95,4,36,0,2382.667,58.333,1.333,0
"<a href=""https://tiktok.com/@yu1092tk"" target=""_blank"">@yu1092tk</a>",13,3,38.6,1,5,45,0,625.333,22.333,0,0
"<a href=""https://tiktok.com/@yu1093tk"" target=""_blank"">@yu1093tk</a>",13,3,39.089,1,5,45,0,1008,56.333,1,0
"<a href=""https://tiktok.com/@yu1094tk"" target=""_blank"">@yu1094tk</a>",9,3,43.306,1,5,43,0,568.667,26.667,0.333,0
"<a href=""https://tiktok.com/@yu1095tk"" target=""_blank"">@yu1095tk</a>",11,3,23.389,1,4,36,0,2384.333,46.667,2.333,0
"<a href=""https://tiktok.com/@yu557788"" target=""_blank"">@yu557788</a>",6,3,43.429,1,2,14,0,956.667,43.667,1,0.333
"<a href=""https://tiktok.com/@yu968tk"" target=""_blank"">@yu968tk</a>",7,3,30.389,0.9,2,18,0,2560,59.333,2,0
"<a href=""https://tiktok.com/@yu969tk"" target=""_blank"">@yu969tk</a>",14,3,49.529,0.933,3,25,0,54881,456.667,7.333,4.333
