"Account","Network","Unique Shares","Avg Time Between Shares (sec)","Edge Symmetry Score","Degree","Strength","Betweenness","Avg Views","Avg Likes","Avg Comments","Avg Shares"
"<a href=""https://tiktok.com/@amitomarmoharani2580"" target=""_blank"">@amitomarmoharani2580</a>",1,14,49.333,0.778,3,9,0.203,111.941,48.765,1.294,5.941
"<a href=""https://tiktok.com/@angel.fatema.akter"" target=""_blank"">@angel.fatema.akter</a>",3,5,30,1,1,4,0,213,91,0.833,2.333
"<a href=""https://tiktok.com/@asifur__rahman__shawon_7"" target=""_blank"">@asifur__rahman__shawon_7</a>",6,3,83.333,1,1,3,0,51.286,17.786,10.643,13.536
"<a href=""https://tiktok.com/@ftreo2537526667070"" target=""_blank"">@ftreo2537526667070</a>",1,6,54,1,1,3,0,124.5,48.167,0.667,1
"<a href=""https://tiktok.com/@gg69453"" target=""_blank"">@gg69453</a>",1,3,69,0.333,1,3,0,96.667,42.333,0.667,0.667
"<a href=""https://tiktok.com/@gorib3653"" target=""_blank"">@gorib3653</a>",1,9,69.286,0.8,1,7,0,115.889,52.667,0.667,0
"<a href=""https://tiktok.com/@ikgyeheuehe"" target=""_blank"">@ikgyeheuehe</a>",1,25,67.333,0.687,4,15,0.155,101.781,41.969,1.844,0.594
"<a href=""https://tiktok.com/@islam.care73"" target=""_blank"">@islam.care73</a>",1,2,72.667,1,1,3,0,14,3,0,0
"<a href=""https://tiktok.com/@lx.jihad7004"" target=""_blank"">@lx.jihad7004</a>",2,7,86.5,1,1,4,0,34.875,17.25,1.625,0.375
"<a href=""https://tiktok.com/@m.d._s.h.a.w.o.n_7"" target=""_blank"">@m.d._s.h.a.w.o.n_7</a>",6,3,83.333,1,1,3,0,14.519,7.444,10,3.926
"<a href=""https://tiktok.com/@md.hossain9259"" target=""_blank"">@md.hossain9259</a>",1,5,60.143,0.8,1,7,0,66.8,29,0.6,1.4
"<a href=""https://tiktok.com/@md.maru9749"" target=""_blank"">@md.maru9749</a>",3,8,30,1,1,4,0,184.333,94.778,3.889,2.889
"<a href=""https://tiktok.com/@md.sohel.rana4156"" target=""_blank"">@md.sohel.rana4156</a>",2,2,51.5,0.25,1,4,0,163,74.5,9,2
"<a href=""https://tiktok.com/@md_mahafuz"" target=""_blank"">@md_mahafuz</a>",1,2,33.667,1,1,3,0,43,16.667,0.333,0
"<a href=""https://tiktok.com/@mdafzalurfabdullah"" target=""_blank"">@mdafzalurfabdullah</a>",1,4,56.667,0.667,1,3,0,142.4,65,2.4,0.8
"<a href=""https://tiktok.com/@mdmelon1290"" target=""_blank"">@mdmelon1290</a>",1,2,64.25,0.25,1,4,0,20,8,1.5,3
"<a href=""https://tiktok.com/@mohammadshahallam"" target=""_blank"">@mohammadshahallam</a>",5,2,77,0.667,1,3,0,65.5,9,1,0
"<a href=""https://tiktok.com/@moynul260"" target=""_blank"">@moynul260</a>",4,4,50,0.667,1,3,0,102.2,57.2,8.4,2.2
"<a href=""https://tiktok.com/@nishatnishu382720"" target=""_blank"">@nishatnishu382720</a>",1,7,30.333,0.833,2,6,0.036,77.714,36.286,0.429,0.143
"<a href=""https://tiktok.com/@rakibul_hasan2000"" target=""_blank"">@rakibul_hasan2000</a>",1,5,61.143,0.8,1,7,0,166.667,77.833,1.583,1
"<a href=""https://tiktok.com/@rokiya.1234"" target=""_blank"">@rokiya.1234</a>",4,5,57,1,1,6,0,60.667,19,1.667,0.333
"<a href=""https://tiktok.com/@rony.islam4782"" target=""_blank"">@rony.islam4782</a>",1,2,57,1,1,6,0,67,24.5,0.5,0.5
"<a href=""https://tiktok.com/@sadikur3142"" target=""_blank"">@sadikur3142</a>",2,9,69,0.625,2,8,0.002,138.333,64.889,2.111,0.667
"<a href=""https://tiktok.com/@sanowarha31"" target=""_blank"">@sanowarha31</a>",1,12,43.667,0.708,2,9,0.068,209.643,89.5,0.643,0.5
"<a href=""https://tiktok.com/@shohidul8060"" target=""_blank"">@shohidul8060</a>",4,11,59.111,0.778,3,12,0.006,84.933,40.067,0,0.133
"<a href=""https://tiktok.com/@sk.saikat.77"" target=""_blank"">@sk.saikat.77</a>",5,6,77,0.667,1,3,0,206,97,2.667,0.667
"<a href=""https://tiktok.com/@user139373094036"" target=""_blank"">@user139373094036</a>",1,12,87.333,0.667,1,3,0,90.867,29.467,0.267,0.867
"<a href=""https://tiktok.com/@user24794819953680"" target=""_blank"">@user24794819953680</a>",1,2,58.5,1,1,6,0,97,44.333,1,0.333
"<a href=""https://tiktok.com/@user418610928816"" target=""_blank"">@user418610928816</a>",1,7,65.143,0.8,1,7,0,31.889,12.778,1,0
"<a href=""https://tiktok.com/@user4850988010880"" target=""_blank"">@user4850988010880</a>",1,2,69.857,0.8,1,7,0,67.5,32,0,0.5
"<a href=""https://tiktok.com/@user5522633113362"" target=""_blank"">@user5522633113362</a>",1,14,51.667,0.667,1,3,0,98.556,45.222,0.611,0.667
"<a href=""https://tiktok.com/@user5699597151255"" target=""_blank"">@user5699597151255</a>",1,19,63.514,0.72,11,60,0.275,43.684,20.105,0.579,0.895
"<a href=""https://tiktok.com/@user744401470"" target=""_blank"">@user744401470</a>",4,5,70.333,0.667,1,3,0,12.857,5.143,0.429,0
"<a href=""https://tiktok.com/@user8400896243518"" target=""_blank"">@user8400896243518</a>",1,12,56.333,0.778,3,9,0.184,134.538,54.615,1.231,1.462
