"Network","Number of Accounts","Network Density","Network Diameter","Clustering Coefficient","Avg Views","Avg Likes","Avg Comments","Avg Shares","Member Accounts"
1,21,0.095,28,0,103.662,44.212,1,1.157,"mdafzalurfabdullah, ikgyeheuehe, user139373094036, gorib3653, sanowarha31, amitomarmoharani2580, nishatnishu382720, gg69453, rakibul_hasan2000, user5522633113362, md.hossain9259, ftreo2537526667070, user418610928816, mdmelon1290, rony.islam4782, md_mahafuz, user5699597151255, islam.care73, user4850988010880, user24794819953680, user8400896243518"
2,3,0.667,8,0,97.368,45.842,2.632,0.684,"lx.jihad7004, md.sohel.rana4156, sadikur3142"
3,2,1,4,NA,195.8,93.267,2.667,2.667,"angel.fatema.akter, md.maru9749"
4,4,0.5,9,0,67.848,31.424,1.667,0.455,"shohidul8060, rokiya.1234, moynul260, user744401470"
5,2,1,3,NA,170.875,75,2.25,0.5,"mohammadshahallam, sk.saikat.77"
6,2,1,3,NA,33.236,12.709,10.327,8.818,"asifur__rahman__shawon_7, m.d._s.h.a.w.o.n_7"
