"Account","Network","Unique Shares","Avg Time Between Shares (sec)","Edge Symmetry Score","Degree","Strength","Betweenness","Avg Views","Avg Likes","Avg Comments","Avg Shares"
"<a href=""https://tiktok.com/@.dhenk"" target=""_blank"">@.dhenk</a>",10,3,35.889,1,3,27,0,18852.333,171.333,0.667,1.667
"<a href=""https://tiktok.com/@1b86dc20"" target=""_blank"">@1b86dc20</a>",6,3,38.889,0.8,1,9,0,2221,82.667,0,0.333
"<a href=""https://tiktok.com/@38709f33"" target=""_blank"">@38709f33</a>",6,3,78.333,1,1,9,0,17639.667,246,0.667,1.667
"<a href=""https://tiktok.com/@5b00039b"" target=""_blank"">@5b00039b</a>",5,3,71.667,1,1,9,0,3535.333,210,0.333,2.333
"<a href=""https://tiktok.com/@70e50c8f"" target=""_blank"">@70e50c8f</a>",5,5,71.667,1,1,9,0,2768.6,98.6,0.4,0.2
"<a href=""https://tiktok.com/@ajhmrhmlc8"" target=""_blank"">@ajhmrhmlc8</a>",11,3,43.778,0.933,3,27,0,438.667,10,0.333,0
"<a href=""https://tiktok.com/@c7e2fea1"" target=""_blank"">@c7e2fea1</a>",6,3,58.611,0.9,2,18,0,4742,124.667,1.333,0
"<a href=""https://tiktok.com/@cursdsvos7"" target=""_blank"">@cursdsvos7</a>",12,6,48.801,0.878,3,31,0.004,78403.167,453,1.333,6.5
"<a href=""https://tiktok.com/@ddsdz8zty5"" target=""_blank"">@ddsdz8zty5</a>",12,3,10.167,0.9,2,18,0,1363,43.667,0,0.333
"<a href=""https://tiktok.com/@dnfhffcpy0"" target=""_blank"">@dnfhffcpy0</a>",12,3,12.611,1,2,18,0,8464.333,87.667,0.667,1
"<a href=""https://tiktok.com/@donpenno"" target=""_blank"">@donpenno</a>",7,10,61.835,0.972,6,82,0,1402.8,79.1,0.2,0.2
"<a href=""https://tiktok.com/@doubanjiang310"" target=""_blank"">@doubanjiang310</a>",14,19,50.031,0.912,7,103,0,2590.368,21.368,2.263,1.842
"<a href=""https://tiktok.com/@e4tuyoerd6"" target=""_blank"">@e4tuyoerd6</a>",13,6,26.278,0.93,10,135,0,1491.167,46,0.333,0.333
"<a href=""https://tiktok.com/@elleigh.anton"" target=""_blank"">@elleigh.anton</a>",2,8,55.222,0.778,1,9,0,466.556,21.111,0.111,0.444
"<a href=""https://tiktok.com/@fa68730"" target=""_blank"">@fa68730</a>",17,6,11.667,1,1,9,0,1215.667,85.833,3,1
"<a href=""https://tiktok.com/@fanqie0166"" target=""_blank"">@fanqie0166</a>",14,18,54.449,0.914,6,96,0.001,755.7,21.25,0.2,0.4
"<a href=""https://tiktok.com/@fanqiejiang020"" target=""_blank"">@fanqiejiang020</a>",14,6,72.111,1,1,9,0,323,5.667,1.333,0.333
"<a href=""https://tiktok.com/@febio432"" target=""_blank"">@febio432</a>",7,10,58.655,0.939,6,91,0,2464.2,79.9,0.4,1
"<a href=""https://tiktok.com/@fhyrchhh"" target=""_blank"">@fhyrchhh</a>",15,6,69.333,1,1,12,0,1104.333,75.833,0,0.833
"<a href=""https://tiktok.com/@fogsi3721"" target=""_blank"">@fogsi3721</a>",3,9,53.308,1,1,13,0,644.6,30.8,0.8,0.2
"<a href=""https://tiktok.com/@fz1056"" target=""_blank"">@fz1056</a>",7,9,58.933,0.939,6,78,0,1735.556,78.333,0.778,0.222
"<a href=""https://tiktok.com/@g159522"" target=""_blank"">@g159522</a>",16,8,22,1,1,10,0,826.5,66.25,1.875,0.75
"<a href=""https://tiktok.com/@g437463"" target=""_blank"">@g437463</a>",8,8,81.698,0.903,3,36,0,1053.75,49.5,1.875,1.875
"<a href=""https://tiktok.com/@gbob3763"" target=""_blank"">@gbob3763</a>",8,10,75.189,0.944,3,34,0,1075.4,70.7,1,0.8
"<a href=""https://tiktok.com/@gdghss35"" target=""_blank"">@gdghss35</a>",2,7,55.222,0.778,1,9,0,512.25,28.75,0.625,0.375
"<a href=""https://tiktok.com/@grusf218"" target=""_blank"">@grusf218</a>",14,17,42.288,0.928,5,73,0,2585.263,34.474,0.842,1.421
"<a href=""https://tiktok.com/@h0559795"" target=""_blank"">@h0559795</a>",8,9,67.917,1,2,24,0,1403.5,74.9,1.2,0.7
"<a href=""https://tiktok.com/@h_kp82"" target=""_blank"">@h_kp82</a>",14,19,56.084,0.964,6,105,0,2115.579,28.368,0.579,0.263
"<a href=""https://tiktok.com/@hddjbg2"" target=""_blank"">@hddjbg2</a>",1,8,55.733,1,1,15,0,21927,323.5,5.625,2.625
"<a href=""https://tiktok.com/@hdhdhf691"" target=""_blank"">@hdhdhf691</a>",16,6,22,1,1,10,0,271,17.333,0.5,0.333
"<a href=""https://tiktok.com/@hehedjwn"" target=""_blank"">@hehedjwn</a>",7,10,49.49,0.955,5,80,0,1612.5,86.2,1.8,0.3
"<a href=""https://tiktok.com/@hfjcj8"" target=""_blank"">@hfjcj8</a>",17,6,11.667,1,1,9,0,1546.333,50.167,1.5,1.833
"<a href=""https://tiktok.com/@hjg38205"" target=""_blank"">@hjg38205</a>",8,7,54.633,0.841,3,30,0,1630.8,52,0.3,0.7
"<a href=""https://tiktok.com/@hqzip7a2t0"" target=""_blank"">@hqzip7a2t0</a>",12,6,13.037,0.933,3,27,0.003,32965.833,429.833,2.667,2.667
"<a href=""https://tiktok.com/@huangdoujiang012"" target=""_blank"">@huangdoujiang012</a>",14,19,47.953,0.934,4,65,0,2156.7,24.05,0.3,1.4
"<a href=""https://tiktok.com/@jcoendb"" target=""_blank"">@jcoendb</a>",8,9,70.454,0.933,4,45,0.002,929.9,41.7,0.2,0.4
"<a href=""https://tiktok.com/@jdjfno75"" target=""_blank"">@jdjfno75</a>",9,3,24.444,1,3,27,0,106.667,3,0.667,0
"<a href=""https://tiktok.com/@jhgdbtqwp4"" target=""_blank"">@jhgdbtqwp4</a>",13,5,32.967,0.805,7,86,0,9161.6,76.6,0,1
"<a href=""https://tiktok.com/@jjgg25283"" target=""_blank"">@jjgg25283</a>",7,8,52.686,0.916,6,84,0,2012.4,45,0.9,0.8
"<a href=""https://tiktok.com/@jkdnjri"" target=""_blank"">@jkdnjri</a>",13,3,35.611,1,6,54,0.001,48604.667,446.333,2.333,6
"<a href=""https://tiktok.com/@jxfjv98"" target=""_blank"">@jxfjv98</a>",1,8,55.733,1,1,15,0,2170.25,179.25,1.25,1
"<a href=""https://tiktok.com/@lajiaojiang219"" target=""_blank"">@lajiaojiang219</a>",14,19,49.738,0.951,7,88,0.004,2662.579,27.263,0.684,0.316
"<a href=""https://tiktok.com/@lfudhe5"" target=""_blank"">@lfudhe5</a>",10,3,40.778,0.933,3,27,0,2221.667,62.667,1,0.333
"<a href=""https://tiktok.com/@ljawmdu5l4"" target=""_blank"">@ljawmdu5l4</a>",13,6,40.867,0.873,11,135,0.004,668.167,22.833,0,0.333
"<a href=""https://tiktok.com/@lqt5opvxe1"" target=""_blank"">@lqt5opvxe1</a>",12,3,46.889,0.8,1,9,0,1583.333,39.833,0.333,0
"<a href=""https://tiktok.com/@m0lwlvp6g5"" target=""_blank"">@m0lwlvp6g5</a>",13,3,98.667,0.8,1,9,0,4668,88.667,1,1.667
"<a href=""https://tiktok.com/@m95qcyzna0"" target=""_blank"">@m95qcyzna0</a>",9,3,24.667,0.933,3,27,0,40.667,0.667,0,0
"<a href=""https://tiktok.com/@meimmhmyz2"" target=""_blank"">@meimmhmyz2</a>",13,6,39.374,0.71,7,77,0,2368.5,45,0.167,0.333
"<a href=""https://tiktok.com/@mfjfir"" target=""_blank"">@mfjfir</a>",10,3,30,0.9,2,18,0,16109.333,88.667,1,0.667
"<a href=""https://tiktok.com/@mupiwk3bj1"" target=""_blank"">@mupiwk3bj1</a>",12,6,80.979,0.917,2,22,0.002,29504.333,266.333,1,2.5
"<a href=""https://tiktok.com/@nhztt2blc2"" target=""_blank"">@nhztt2blc2</a>",13,3,25.968,0.886,7,63,0.001,2901,48,0.333,1
"<a href=""https://tiktok.com/@ohnndjj"" target=""_blank"">@ohnndjj</a>",9,3,27.778,0.933,3,27,0,1233.667,50,0.333,0
"<a href=""https://tiktok.com/@omtin97tu2"" target=""_blank"">@omtin97tu2</a>",11,3,44.148,0.933,3,27,0,389,23.333,1.333,0
"<a href=""https://tiktok.com/@ouenck"" target=""_blank"">@ouenck</a>",10,3,83,0.8,1,9,0,653,22.333,0.333,0
"<a href=""https://tiktok.com/@r2jbgfufl1"" target=""_blank"">@r2jbgfufl1</a>",13,3,33.389,1,7,63,0.001,2864.333,53.333,0.333,0
"<a href=""https://tiktok.com/@ribendongzuo0077"" target=""_blank"">@ribendongzuo0077</a>",14,17,40.252,0.921,5,78,0,1015.118,24.059,0.294,0.294
"<a href=""https://tiktok.com/@rrcqt1qgy3"" target=""_blank"">@rrcqt1qgy3</a>",12,3,71.111,1,1,9,0,3872.333,70.667,0.667,0.333
"<a href=""https://tiktok.com/@shfnrj6"" target=""_blank"">@shfnrj6</a>",10,3,66.556,0.933,3,27,0.001,2379.333,76,0.333,0.333
"<a href=""https://tiktok.com/@sizggytka6"" target=""_blank"">@sizggytka6</a>",13,6,30.668,0.947,10,135,0,285,13.167,0.167,0.167
"<a href=""https://tiktok.com/@tcp7rys3f8"" target=""_blank"">@tcp7rys3f8</a>",11,3,91.556,1,3,27,0,41964.333,194.333,4,5.667
"<a href=""https://tiktok.com/@thv86256"" target=""_blank"">@thv86256</a>",7,10,67.143,0.969,4,55,0,2051.6,52.5,0.3,0.1
"<a href=""https://tiktok.com/@tzrvedpt95"" target=""_blank"">@tzrvedpt95</a>",11,3,47.037,1,3,27,0,2521,43.667,0,0
"<a href=""https://tiktok.com/@u0u7t5kir4"" target=""_blank"">@u0u7t5kir4</a>",9,3,29.333,1,3,27,0,483.667,19.333,0.333,0
"<a href=""https://tiktok.com/@ujjol285"" target=""_blank"">@ujjol285</a>",4,6,60.667,0.857,1,9,0,752.5,62.5,0.833,5
"<a href=""https://tiktok.com/@user5194545411933"" target=""_blank"">@user5194545411933</a>",13,6,38.597,0.882,10,123,0.001,5636.833,99.5,0.667,0.333
"<a href=""https://tiktok.com/@user8291813694079"" target=""_blank"">@user8291813694079</a>",8,8,63.407,1,3,33,0,954.9,53,1.4,0.3
"<a href=""https://tiktok.com/@user84872016515567"" target=""_blank"">@user84872016515567</a>",15,6,69.333,1,1,12,0,1858.125,119.125,0.25,0.5
"<a href=""https://tiktok.com/@veuek344"" target=""_blank"">@veuek344</a>",14,18,50.642,0.977,7,111,0.002,5442.15,26.65,0.3,1.05
"<a href=""https://tiktok.com/@vkqx0uptr8"" target=""_blank"">@vkqx0uptr8</a>",13,6,32.683,0.869,9,117,0.001,422.5,17,0.5,0
"<a href=""https://tiktok.com/@wpbxj19bw1"" target=""_blank"">@wpbxj19bw1</a>",13,3,19.093,0.967,7,63,0.001,382.333,7,1,0
"<a href=""https://tiktok.com/@y.gh394"" target=""_blank"">@y.gh394</a>",4,5,60.667,0.857,1,9,0,838.6,63.8,3.6,5.4
"<a href=""https://tiktok.com/@yemeigui236"" target=""_blank"">@yemeigui236</a>",14,19,54.637,0.925,4,78,0,506.316,14.842,0.526,0.316
"<a href=""https://tiktok.com/@yhbbechhu"" target=""_blank"">@yhbbechhu</a>",7,9,51.645,0.896,5,64,0,3222.333,90.444,0.778,0.556
"<a href=""https://tiktok.com/@ywofn4275"" target=""_blank"">@ywofn4275</a>",3,9,53.308,1,1,13,0,1394.9,60.8,0.9,0.2
