"Network","Number of Accounts","Network Density","Network Diameter","Clustering Coefficient","Avg Views","Avg Likes","Avg Comments","Avg Shares","Member Accounts"
1,2,1,15,0,12048.625,251.375,3.438,1.812,"hddjbg2, jxfjv98"
2,2,1,9,0,488.059,24.706,0.353,0.412,"elleigh.anton, gdghss35"
3,2,1,13,0,1019.75,45.8,0.85,0.2,"fogsi3721, ywofn4275"
4,2,1,9,0,791.636,63.091,2.091,5.182,"ujjol285, y.gh394"
5,2,1,9,0,3056.125,140.375,0.375,1,"5b00039b, 70e50c8f"
6,3,0.667,18,0,8200.889,151.111,0.667,0.667,"38709f33, 1b86dc20, c7e2fea1"
7,7,0.905,26,0.907,2059.647,72.735,0.735,0.456,"febio432, jjgg25283, donpenno, hehedjwn, fz1056, thv86256, yhbbechhu"
8,6,0.6,26,0.474,1178.879,57.224,0.966,0.759,"gbob3763, user8291813694079, h0559795, jcoendb, hjg38205, g437463"
9,4,1,9,1,466.167,18.25,0.333,0,"m95qcyzna0, ohnndjj, jdjfno75, u0u7t5kir4"
10,5,0.6,27,0.6,8043.133,84.2,0.667,0.6,"ouenck, mfjfir, .dhenk, lfudhe5, shfnrj6"
11,4,1,9,1,11328.25,67.833,1.417,1.417,"omtin97tu2, ajhmrhmlc8, tcp7rys3f8, tzrvedpt95"
12,7,0.333,40,0.333,27146.636,234.545,1.091,2.273,"dnfhffcpy0, ddsdz8zty5, mupiwk3bj1, hqzip7a2t0, lqt5opvxe1, cursdsvos7, rrcqt1qgy3"
13,12,0.697,27,0.832,5166.107,67.393,0.464,0.714,"m0lwlvp6g5, jkdnjri, jhgdbtqwp4, meimmhmyz2, ljawmdu5l4, sizggytka6, user5194545411933, e4tuyoerd6, nhztt2blc2, vkqx0uptr8, r2jbgfufl1, wpbxj19bw1"
14,10,0.578,35,0.648,2163.079,24.056,0.685,0.803,"ribendongzuo0077, huangdoujiang012, doubanjiang310, veuek344, h_kp82, fanqie0166, lajiaojiang219, grusf218, fanqiejiang020, yemeigui236"
15,2,1,12,0,1535.071,100.571,0.143,0.643,"fhyrchhh, user84872016515567"
16,2,1,10,0,588.429,45.286,1.286,0.571,"g159522, hdhdhf691"
17,2,1,9,0,1381,68,2.25,1.417,"hfjcj8, fa68730"
