"Account","Network","Unique Shares","Avg Time Between Shares (sec)","Edge Symmetry Score","Degree","Strength","Betweenness","Avg Views","Avg Likes","Avg Comments","Avg Shares"
"<a href=""https://tiktok.com/@.pakhi029"" target=""_blank"">@.pakhi029</a>",5,2,45,1,2,8,0,79.333,31.667,0.667,13.667
"<a href=""https://tiktok.com/@abirhaddan5"" target=""_blank"">@abirhaddan5</a>",8,2,49.333,0.667,1,3,0,24.5,11.5,1.5,0
"<a href=""https://tiktok.com/@amitomarmoharani2580"" target=""_blank"">@amitomarmoharani2580</a>",4,21,48.889,0.778,3,9,0.027,117.963,48.185,1.259,6.815
"<a href=""https://tiktok.com/@asifur__rahman__shawon_7"" target=""_blank"">@asifur__rahman__shawon_7</a>",11,11,85.364,1,1,11,0,47.841,15.835,8.747,13.654
"<a href=""https://tiktok.com/@gg69453"" target=""_blank"">@gg69453</a>",9,7,63.167,0.6,1,6,0,63.75,33.25,0.375,0.25
"<a href=""https://tiktok.com/@hicookingfood6358"" target=""_blank"">@hicookingfood6358</a>",4,14,54,0.667,1,3,0,139.235,53.059,0.294,0.882
"<a href=""https://tiktok.com/@islamvideo792"" target=""_blank"">@islamvideo792</a>",8,4,48.111,0.667,3,9,0.006,142.5,57.75,2.75,0.25
"<a href=""https://tiktok.com/@m.d._s.h.a.w.o.n_7"" target=""_blank"">@m.d._s.h.a.w.o.n_7</a>",11,11,85.364,1,1,11,0,20.278,8.42,8.118,4.669
"<a href=""https://tiktok.com/@mafujaaktarr"" target=""_blank"">@mafujaaktarr</a>",2,15,68.258,0.746,3,18,0.006,137.833,45.067,0.467,1.933
"<a href=""https://tiktok.com/@md.abdullah8453"" target=""_blank"">@md.abdullah8453</a>",3,4,80,0.667,1,3,0,103.25,15.167,0,0.167
"<a href=""https://tiktok.com/@md.ahnaf45"" target=""_blank"">@md.ahnaf45</a>",1,2,30,1,1,4,0,17.667,11,5.667,0
"<a href=""https://tiktok.com/@md.anwar.hussain058"" target=""_blank"">@md.anwar.hussain058</a>",5,1,46,1,2,8,0,30,11.5,5,1.5
"<a href=""https://tiktok.com/@md.bablu.roshed"" target=""_blank"">@md.bablu.roshed</a>",5,4,89,1,2,8,0,70.8,40.8,5.6,1
"<a href=""https://tiktok.com/@md.hridoy6969"" target=""_blank"">@md.hridoy6969</a>",4,15,70.167,0.833,2,6,0.011,202.6,86,0.8,1.933
"<a href=""https://tiktok.com/@md.siam.akon8"" target=""_blank"">@md.siam.akon8</a>",4,3,42.333,0.667,1,3,0,60,29.667,1.333,0
"<a href=""https://tiktok.com/@mdmilonkhan33399"" target=""_blank"">@mdmilonkhan33399</a>",3,3,80,0.667,1,3,0,77.4,27,0,0.4
"<a href=""https://tiktok.com/@naiemgazi311"" target=""_blank"">@naiemgazi311</a>",7,6,56.667,1,1,3,0,33.429,10.143,2.143,0.286
"<a href=""https://tiktok.com/@neelakashfigure786"" target=""_blank"">@neelakashfigure786</a>",6,10,43.333,0.667,1,3,0,112.818,36.818,1.727,4.273
"<a href=""https://tiktok.com/@ripon2895"" target=""_blank"">@ripon2895</a>",2,3,69.25,0.571,1,8,0,433.667,182,16.333,6.667
"<a href=""https://tiktok.com/@shohagtarofder"" target=""_blank"">@shohagtarofder</a>",6,15,44.167,0.667,2,6,0.002,94.533,48.8,0.2,0.6
"<a href=""https://tiktok.com/@shohidul8060"" target=""_blank"">@shohidul8060</a>",4,16,60.958,0.833,4,13,0.028,78.125,35.562,0,0.375
"<a href=""https://tiktok.com/@shuvo..khan1"" target=""_blank"">@shuvo..khan1</a>",2,1,72.667,0.667,1,3,0,150.333,31.667,5.333,0.333
"<a href=""https://tiktok.com/@sufyanmohammed8"" target=""_blank"">@sufyanmohammed8</a>",1,13,30,1,1,4,0,190.667,97.778,3.778,1.722
"<a href=""https://tiktok.com/@tasin.mia22"" target=""_blank"">@tasin.mia22</a>",10,6,58,1,1,4,0,142,61.667,0.333,0.333
"<a href=""https://tiktok.com/@user12831634869594"" target=""_blank"">@user12831634869594</a>",4,8,92.667,0.667,1,3,0,74,31.875,0.5,0.125
"<a href=""https://tiktok.com/@user2360515830633"" target=""_blank"">@user2360515830633</a>",2,2,62.857,1,1,7,0,132,49,20,11.5
"<a href=""https://tiktok.com/@user269896582"" target=""_blank"">@user269896582</a>",4,7,51.5,1,1,4,0,229.333,102.222,0,2.222
"<a href=""https://tiktok.com/@user5699597151255"" target=""_blank"">@user5699597151255</a>",10,8,58,1,1,4,0,107.4,52.9,0.9,1.2
"<a href=""https://tiktok.com/@user7370338458869"" target=""_blank"">@user7370338458869</a>",6,4,45,0.667,1,3,0,89.25,42,2,5.25
"<a href=""https://tiktok.com/@user8151567859414"" target=""_blank"">@user8151567859414</a>",8,7,47.667,0.667,1,3,0,113.75,7,0,0.75
"<a href=""https://tiktok.com/@user8418867859444"" target=""_blank"">@user8418867859444</a>",4,2,81.667,1,1,3,0,48,20.5,1.5,2.5
"<a href=""https://tiktok.com/@user8862845008043"" target=""_blank"">@user8862845008043</a>",7,3,56.667,1,1,3,0,132,49.333,0.667,0
"<a href=""https://tiktok.com/@user96503017662108"" target=""_blank"">@user96503017662108</a>",8,6,47.333,0.667,1,3,0,69.333,29.333,0.5,0.167
"<a href=""https://tiktok.com/@we1234532"" target=""_blank"">@we1234532</a>",9,3,63.167,0.6,1,6,0,126.667,27.333,1,0
