"Network","Number of Accounts","Network Density","Network Diameter","Clustering Coefficient","Avg Views","Avg Likes","Avg Comments","Avg Shares","Member Accounts"
1,2,1,4,NA,165.952,85.381,4.048,1.476,"sufyanmohammed8, md.ahnaf45"
2,4,0.5,15,0,161.868,55.026,3.132,2.684,"mafujaaktarr, ripon2895, user2360515830633, shuvo..khan1"
3,2,1,3,NA,95.647,18.647,0,0.235,"md.abdullah8453, mdmilonkhan33399"
4,8,0.25,13,0,131.68,55.33,0.639,2.68,"amitomarmoharani2580, hicookingfood6358, md.hridoy6969, user12831634869594, user269896582, shohidul8060, user8418867859444, md.siam.akon8"
5,3,1,4,1,65.2,32.2,4,4.9,".pakhi029, md.anwar.hussain058, md.bablu.roshed"
6,3,0.667,6,0,100.533,43.5,1,2.567,"neelakashfigure786, shohagtarofder, user7370338458869"
7,2,1,3,NA,63,21.9,1.7,0.2,"naiemgazi311, user8862845008043"
8,4,0.5,6,0,97.25,24.3,0.85,0.4,"user8151567859414, user96503017662108, abirhaddan5, islamvideo792"
9,2,1,6,NA,80.909,31.636,0.545,0.182,"gg69453, we1234532"
10,2,1,4,NA,120.375,56.188,0.688,0.875,"user5699597151255, tasin.mia22"
11,2,1,11,NA,34.57,12.265,8.444,9.328,"asifur__rahman__shawon_7, m.d._s.h.a.w.o.n_7"
