"Account","Network","Unique Shares","Avg Time Between Shares (sec)","Edge Symmetry Score","Degree","Strength","Betweenness","Avg Views","Avg Likes","Avg Comments","Avg Shares"
"<a href=""https://tiktok.com/@1071wow4"" target=""_blank"">@1071wow4</a>",10,3,54.857,1,1,7,0,516.667,24.333,0,1.333
"<a href=""https://tiktok.com/@1658wow0"" target=""_blank"">@1658wow0</a>",10,3,54.857,1,1,7,0,353.667,11.667,0,0
"<a href=""https://tiktok.com/@693qganxia"" target=""_blank"">@693qganxia</a>",20,3,87.667,0.75,1,6,0,780.667,16.333,0,0
"<a href=""https://tiktok.com/@artyuiiar"" target=""_blank"">@artyuiiar</a>",17,3,58,1,1,7,0,1206.667,23.5,0.333,0.5
"<a href=""https://tiktok.com/@asdfcn7"" target=""_blank"">@asdfcn7</a>",19,11,48.769,1,2,26,0,2632,27.333,0.083,0
"<a href=""https://tiktok.com/@bakkkkk034"" target=""_blank"">@bakkkkk034</a>",28,3,88.75,1,1,8,0,37,1,0,0
"<a href=""https://tiktok.com/@baommm2007"" target=""_blank"">@baommm2007</a>",6,6,15.75,1,2,12,0,673.167,14,0.833,0.333
"<a href=""https://tiktok.com/@baommm6243"" target=""_blank"">@baommm6243</a>",6,6,15.833,1,2,12,0,1174,14.167,1,0.167
"<a href=""https://tiktok.com/@bibao4869"" target=""_blank"">@bibao4869</a>",6,6,29.417,1,2,12,0,936.167,27,1.5,0.5
"<a href=""https://tiktok.com/@burnellemma0607"" target=""_blank"">@burnellemma0607</a>",21,14,62.626,0.815,2,24,0,2805.357,58.929,0.071,0.357
"<a href=""https://tiktok.com/@bxdialq278"" target=""_blank"">@bxdialq278</a>",19,12,44.828,1,2,28,0,1672.083,15.75,0,0.083
"<a href=""https://tiktok.com/@crazy66882"" target=""_blank"">@crazy66882</a>",2,3,38.571,1,2,14,0,611,6.333,0,0
"<a href=""https://tiktok.com/@dhbg7643"" target=""_blank"">@dhbg7643</a>",7,3,38.704,0.933,3,26,0,42520,965,11,18
"<a href=""https://tiktok.com/@dybfr8642"" target=""_blank"">@dybfr8642</a>",7,3,35.582,0.8,3,25,0,10375.333,151.333,2,1
"<a href=""https://tiktok.com/@fuyou1207"" target=""_blank"">@fuyou1207</a>",26,3,72.714,0.8,1,7,0,492.667,15,0,0
"<a href=""https://tiktok.com/@fygg56773"" target=""_blank"">@fygg56773</a>",3,9,47.281,0.969,4,36,0.002,7148.9,91.2,1.3,0.4
"<a href=""https://tiktok.com/@fyu4558"" target=""_blank"">@fyu4558</a>",4,3,48.167,0.8,2,18,0,398.667,6,0,0
"<a href=""https://tiktok.com/@fyuy678"" target=""_blank"">@fyuy678</a>",3,5,77,1,1,7,0,327.2,10.4,0,0.2
"<a href=""https://tiktok.com/@gdyn8643"" target=""_blank"">@gdyn8643</a>",7,3,37.574,0.933,3,26,0,349.333,9,0,0
"<a href=""https://tiktok.com/@ghshfg"" target=""_blank"">@ghshfg</a>",15,12,44.867,0.929,1,15,0,7954.636,107.955,1.409,1.227
"<a href=""https://tiktok.com/@ghv4561"" target=""_blank"">@ghv4561</a>",3,4,46.833,0.938,2,20,0,443,8.667,0.167,0
"<a href=""https://tiktok.com/@gmndf"" target=""_blank"">@gmndf</a>",18,3,48.119,1,2,13,0,960,24,0,0
"<a href=""https://tiktok.com/@gugghccjnv"" target=""_blank"">@gugghccjnv</a>",15,5,39.714,0.714,1,7,0,61047,788.625,6.625,14
"<a href=""https://tiktok.com/@jennamillereh26e"" target=""_blank"">@jennamillereh26e</a>",21,10,43.527,0.774,2,15,0,9387.743,140.2,0.371,0.571
"<a href=""https://tiktok.com/@jftg54222"" target=""_blank"">@jftg54222</a>",7,3,47.119,0.933,3,23,0,801.333,17,0,0
"<a href=""https://tiktok.com/@jkkj674"" target=""_blank"">@jkkj674</a>",24,4,23.833,0.75,1,6,0,29133.25,663,1,20.5
"<a href=""https://tiktok.com/@kkyty12"" target=""_blank"">@kkyty12</a>",1,3,56.429,1,2,14,0,1248.667,8,0.667,0
"<a href=""https://tiktok.com/@kxhlqola6a363c"" target=""_blank"">@kxhlqola6a363c</a>",21,18,52.724,0.875,2,25,0,3754.2,59.714,0.114,0.429
"<a href=""https://tiktok.com/@logic251"" target=""_blank"">@logic251</a>",9,2,25.833,0.75,1,6,0,1610.5,26.5,0,0
"<a href=""https://tiktok.com/@marcuspalmore"" target=""_blank"">@marcuspalmore</a>",13,3,93.25,1,1,8,0,389.333,9,0.333,0
"<a href=""https://tiktok.com/@ni.an603"" target=""_blank"">@ni.an603</a>",27,3,21.444,1,1,9,0,1144,17.333,1,0.667
"<a href=""https://tiktok.com/@ni.an61"" target=""_blank"">@ni.an61</a>",27,3,21.444,1,1,9,0,1705,25,1.667,2
"<a href=""https://tiktok.com/@nuli66886"" target=""_blank"">@nuli66886</a>",2,3,43.473,1,2,15,0,513.667,6.667,0,0.333
"<a href=""https://tiktok.com/@pofm.ldnx"" target=""_blank"">@pofm.ldnx</a>",15,15,42.29,0.821,2,22,0,3209.727,62.5,0.409,0.818
"<a href=""https://tiktok.com/@qqqcgjxvjvv"" target=""_blank"">@qqqcgjxvjvv</a>",12,3,45,1,1,8,0,724.667,11,0.333,0
"<a href=""https://tiktok.com/@qqrdfyghjj"" target=""_blank"">@qqrdfyghjj</a>",12,3,45,1,1,8,0,666,23.333,0,0
"<a href=""https://tiktok.com/@rmqoawmk"" target=""_blank"">@rmqoawmk</a>",28,3,88.75,1,1,8,0,40.333,0,0,0
"<a href=""https://tiktok.com/@ryuhg456"" target=""_blank"">@ryuhg456</a>",3,3,17.333,1,1,9,0,258.333,2.667,0,0.333
"<a href=""https://tiktok.com/@tao32vv"" target=""_blank"">@tao32vv</a>",22,4,57.917,0.833,2,12,0,4149.25,70,1.875,1.625
"<a href=""https://tiktok.com/@tjhbcdt"" target=""_blank"">@tjhbcdt</a>",17,3,58,1,1,7,0,3758,65.333,0.333,0.333
"<a href=""https://tiktok.com/@tjhxef"" target=""_blank"">@tjhxef</a>",18,3,53.357,1,2,14,0,1344.833,15.5,0,0
"<a href=""https://tiktok.com/@toot46795"" target=""_blank"">@toot46795</a>",22,3,10.667,1,1,6,0,2555.778,23.333,0,0.444
"<a href=""https://tiktok.com/@toot93743"" target=""_blank"">@toot93743</a>",22,3,105.167,0.667,1,6,0,2603,76.333,0.333,2
"<a href=""https://tiktok.com/@tyyy45664"" target=""_blank"">@tyyy45664</a>",3,3,46.062,1,2,16,0,418.667,10,0.333,0
"<a href=""https://tiktok.com/@ujnikm7"" target=""_blank"">@ujnikm7</a>",25,4,91.333,1,2,12,0,6619.214,66.571,0.5,0.571
"<a href=""https://tiktok.com/@user11852281862491"" target=""_blank"">@user11852281862491</a>",26,3,72.714,0.8,1,7,0,1080.667,28.667,0,0
"<a href=""https://tiktok.com/@user1306149320696"" target=""_blank"">@user1306149320696</a>",16,3,36.556,1,1,9,0,394.667,10.667,0,0
"<a href=""https://tiktok.com/@user2550329377671"" target=""_blank"">@user2550329377671</a>",20,2,87.667,0.75,1,6,0,629.667,10.667,0,0
"<a href=""https://tiktok.com/@user36733816911600"" target=""_blank"">@user36733816911600</a>",2,3,43.473,1,2,15,0,481,5,0,0
"<a href=""https://tiktok.com/@user403731850060"" target=""_blank"">@user403731850060</a>",14,3,52.333,0.8,1,6,0,1174.333,27,0,0
"<a href=""https://tiktok.com/@user43581207816544"" target=""_blank"">@user43581207816544</a>",14,3,52.333,0.8,1,6,0,1152.667,23.333,0,0
"<a href=""https://tiktok.com/@user5039812181180"" target=""_blank"">@user5039812181180</a>",1,3,56.429,1,2,14,0,1469,9.667,0,0
"<a href=""https://tiktok.com/@user5128147731257"" target=""_blank"">@user5128147731257</a>",5,3,65,1,1,9,0,321.667,16.333,0,0
"<a href=""https://tiktok.com/@user5291016036200"" target=""_blank"">@user5291016036200</a>",23,4,79.833,0.667,1,6,0,3599.286,46.857,0,0.286
"<a href=""https://tiktok.com/@user5443937835476"" target=""_blank"">@user5443937835476</a>",5,3,51.667,1,1,9,0,573.333,25.333,0,0
"<a href=""https://tiktok.com/@user56000441687073"" target=""_blank"">@user56000441687073</a>",1,3,56.571,1,2,14,0,625,4.333,0,0
"<a href=""https://tiktok.com/@user5905561826960"" target=""_blank"">@user5905561826960</a>",11,3,37.833,0.667,2,12,0,3421.667,93.667,0.667,1.333
"<a href=""https://tiktok.com/@user6000848862158"" target=""_blank"">@user6000848862158</a>",11,3,27.333,0.667,1,6,0,3784.333,79.667,0,3
"<a href=""https://tiktok.com/@user6106618860249"" target=""_blank"">@user6106618860249</a>",8,3,84,0.333,1,6,0,957.333,18.333,1,0
"<a href=""https://tiktok.com/@user6873171003029"" target=""_blank"">@user6873171003029</a>",4,3,55.413,0.8,2,16,0,332.667,8.333,0.333,0
"<a href=""https://tiktok.com/@user7261358565173"" target=""_blank"">@user7261358565173</a>",16,3,36.556,1,1,9,0,2178.333,36.333,0.333,0
"<a href=""https://tiktok.com/@user816515732"" target=""_blank"">@user816515732</a>",11,3,48.333,0.667,1,6,0,303.667,7.667,0,0
"<a href=""https://tiktok.com/@user8613923476138"" target=""_blank"">@user8613923476138</a>",23,3,79.833,0.667,1,6,0,1025.5,9.333,0,0.167
"<a href=""https://tiktok.com/@vdcart"" target=""_blank"">@vdcart</a>",13,3,93.25,1,1,8,0,366,5,0,0
"<a href=""https://tiktok.com/@what8811"" target=""_blank"">@what8811</a>",8,1,84,0.333,1,6,0,3659.5,53,3,3
"<a href=""https://tiktok.com/@xgfkaoq888"" target=""_blank"">@xgfkaoq888</a>",19,11,51.674,1,2,28,0,1446.333,10.5,0,0
"<a href=""https://tiktok.com/@xiaoyuiyu"" target=""_blank"">@xiaoyuiyu</a>",9,3,25.833,0.75,1,6,0,1582,28.667,0,0
"<a href=""https://tiktok.com/@xuicsff"" target=""_blank"">@xuicsff</a>",18,3,48.905,1,2,13,0,652,24.333,0,0.333
"<a href=""https://tiktok.com/@yuui56788"" target=""_blank"">@yuui56788</a>",4,3,48.468,0.8,2,16,0,415.667,16.333,0,0
"<a href=""https://tiktok.com/@yy11y7"" target=""_blank"">@yy11y7</a>",24,7,23.833,0.75,1,6,0,17393,91.5,1.417,1.833
"<a href=""https://tiktok.com/@yy12197"" target=""_blank"">@yy12197</a>",25,2,91.333,1,1,6,0,234179.556,5548.333,15.667,101.111
"<a href=""https://tiktok.com/@yy12y6"" target=""_blank"">@yy12y6</a>",25,2,91.333,1,1,6,0,369148.714,8357.286,13.857,109.143
"<a href=""https://tiktok.com/@yyyjymfinju"" target=""_blank"">@yyyjymfinju</a>",5,3,58.333,1,2,18,0,343.333,5.333,0,0
