"Account","Network","Unique Shares","Avg Time Between Shares (sec)","Edge Symmetry Score","Degree","Strength","Betweenness","Avg Views","Avg Likes","Avg Comments","Avg Shares"
"<a href=""https://tiktok.com/@67037cd7"" target=""_blank"">@67037cd7</a>",17,6,38.6,1,1,15,0,587.667,15.667,0.833,0.333
"<a href=""https://tiktok.com/@antoniasamuel0115"" target=""_blank"">@antoniasamuel0115</a>",9,13,46.281,0.957,1,32,0,1760.385,44,0,0.538
"<a href=""https://tiktok.com/@bfggy8"" target=""_blank"">@bfggy8</a>",18,12,81.445,0.917,2,64,0.001,1023.583,10.75,0,0.083
"<a href=""https://tiktok.com/@bgnk392"" target=""_blank"">@bgnk392</a>",13,9,37.962,0.955,2,40,0,1009.778,15.111,0.111,0.222
"<a href=""https://tiktok.com/@bk7k0ob5e0s99y"" target=""_blank"">@bk7k0ob5e0s99y</a>",1,4,55.125,0.714,1,16,0,520,0.5,0,0
"<a href=""https://tiktok.com/@burnellmackintosh1994"" target=""_blank"">@burnellmackintosh1994</a>",8,17,29.282,0.905,1,39,0,55441.351,946.561,3.754,9.211
"<a href=""https://tiktok.com/@djidfnnf4"" target=""_blank"">@djidfnnf4</a>",15,12,62.761,0.939,3,74,0,887.917,12,0.167,1.083
"<a href=""https://tiktok.com/@ferdinandbecky1017"" target=""_blank"">@ferdinandbecky1017</a>",9,23,47.788,0.901,2,49,0.001,1648.28,33.28,0,0.12
"<a href=""https://tiktok.com/@fyi.dkdn"" target=""_blank"">@fyi.dkdn</a>",14,9,57.043,1,3,72,0,919.222,13,0.778,0
"<a href=""https://tiktok.com/@ghij764"" target=""_blank"">@ghij764</a>",13,6,36.2,1,1,15,0,1064.5,21.667,0.167,0.667
"<a href=""https://tiktok.com/@hfg402p4qo"" target=""_blank"">@hfg402p4qo</a>",1,4,55.125,0.714,1,16,0,504,1.5,0,0
"<a href=""https://tiktok.com/@jennamillereh26e"" target=""_blank"">@jennamillereh26e</a>",6,32,30.202,1,1,84,0,4802.35,45.875,0.075,0.3
"<a href=""https://tiktok.com/@jeonaijeon_v33"" target=""_blank"">@jeonaijeon_v33</a>",11,6,38.111,1,1,18,0,853,25.333,0,0.333
"<a href=""https://tiktok.com/@josephwalker6990"" target=""_blank"">@josephwalker6990</a>",9,9,49.294,0.846,1,17,0,1885.923,33.231,0,0.308
"<a href=""https://tiktok.com/@joshuahorne1460"" target=""_blank"">@joshuahorne1460</a>",8,16,29.282,0.905,1,39,0,3528.03,72.606,0.061,0.606
"<a href=""https://tiktok.com/@kelaita3"" target=""_blank"">@kelaita3</a>",3,9,17.815,0.923,1,27,0,1804.778,14.444,0.111,0.556
"<a href=""https://tiktok.com/@kxhlqola6a363c"" target=""_blank"">@kxhlqola6a363c</a>",6,30,30.202,1,1,84,0,4694.676,46.919,0.054,0.189
"<a href=""https://tiktok.com/@liyi8875"" target=""_blank"">@liyi8875</a>",18,12,81.567,0.833,1,30,0,440.25,6.083,0.167,0.167
"<a href=""https://tiktok.com/@nitian2jue"" target=""_blank"">@nitian2jue</a>",3,9,17.815,0.923,1,27,0,1415.333,5.778,0,0.111
"<a href=""https://tiktok.com/@poofunny88"" target=""_blank"">@poofunny88</a>",12,8,0,1,1,21,0,2288.571,18.5,0.143,0.143
"<a href=""https://tiktok.com/@qcddc"" target=""_blank"">@qcddc</a>",16,9,55.071,0.898,3,61,0,533.778,7.556,0.222,0.333
"<a href=""https://tiktok.com/@sfu24xvv"" target=""_blank"">@sfu24xvv</a>",12,11,0,1,1,21,0,611.818,14.182,0.182,0.364
"<a href=""https://tiktok.com/@tfhjj48"" target=""_blank"">@tfhjj48</a>",16,9,46.609,0.868,3,53,0,1143.333,36.222,0.556,1.111
"<a href=""https://tiktok.com/@user11504181329233"" target=""_blank"">@user11504181329233</a>",5,7,66.833,0.9,1,18,0,1086.7,23.4,0.3,0
"<a href=""https://tiktok.com/@user12767866507367"" target=""_blank"">@user12767866507367</a>",11,6,65.725,1,2,35,0.001,627.667,7.333,0,0
"<a href=""https://tiktok.com/@user1588747994237"" target=""_blank"">@user1588747994237</a>",5,9,50.271,0.925,3,53,0,1249.222,33.556,0.111,0
"<a href=""https://tiktok.com/@user196977097874"" target=""_blank"">@user196977097874</a>",13,8,38.106,0.939,3,49,0.001,1120.5,15.125,0.125,0.25
"<a href=""https://tiktok.com/@user2191900675606"" target=""_blank"">@user2191900675606</a>",5,10,87.933,0.889,2,30,0.001,977.8,22.267,0,0.333
"<a href=""https://tiktok.com/@user227042611142"" target=""_blank"">@user227042611142</a>",7,6,51.694,0.8,2,36,0,954.833,13.833,0.167,1.5
"<a href=""https://tiktok.com/@user2652951116127"" target=""_blank"">@user2652951116127</a>",4,6,33.278,0.9,1,18,0,1634.167,34,0.167,0.167
"<a href=""https://tiktok.com/@user4461429314793"" target=""_blank"">@user4461429314793</a>",4,6,33.278,0.9,1,18,0,988.167,23.333,0,1
"<a href=""https://tiktok.com/@user4492878751698"" target=""_blank"">@user4492878751698</a>",16,10,47.554,0.942,3,62,0,799.3,16.9,0.3,0.1
"<a href=""https://tiktok.com/@user4911953984822"" target=""_blank"">@user4911953984822</a>",13,9,34.315,0.955,2,40,0,696.333,9.444,0,0.111
"<a href=""https://tiktok.com/@user4977217663053"" target=""_blank"">@user4977217663053</a>",15,11,58.082,0.98,3,65,0,870.583,13.583,0.333,0.25
"<a href=""https://tiktok.com/@user5184400956930"" target=""_blank"">@user5184400956930</a>",17,6,40.233,1,2,30,0.001,160,1.167,0,0
"<a href=""https://tiktok.com/@user5227928573315"" target=""_blank"">@user5227928573315</a>",18,12,81.324,1,1,34,0,1177.083,12.583,0.083,0.5
"<a href=""https://tiktok.com/@user6000471181758"" target=""_blank"">@user6000471181758</a>",10,8,66.443,0.974,3,58,0,396,2.111,0.889,0
"<a href=""https://tiktok.com/@user6222824133704"" target=""_blank"">@user6222824133704</a>",5,15,58.226,0.943,3,72,0,1336.8,32.067,0,0.133
"<a href=""https://tiktok.com/@user6304840504157"" target=""_blank"">@user6304840504157</a>",14,9,61.636,1,3,72,0,893.333,11.333,0.333,0.333
"<a href=""https://tiktok.com/@user63137298611222"" target=""_blank"">@user63137298611222</a>",17,6,41.867,1,1,15,0,548.833,20.667,2.5,0
"<a href=""https://tiktok.com/@user6787669206738"" target=""_blank"">@user6787669206738</a>",5,15,62.61,0.963,3,60,0,1173.533,32.133,0,0.067
"<a href=""https://tiktok.com/@user7100365175214"" target=""_blank"">@user7100365175214</a>",10,12,68.549,1,3,80,0,1105.917,8.75,1,0.083
"<a href=""https://tiktok.com/@user7406160207374"" target=""_blank"">@user7406160207374</a>",2,6,60.333,0.833,1,15,0,1579.667,48.833,0.167,0.833
"<a href=""https://tiktok.com/@user7412241516634"" target=""_blank"">@user7412241516634</a>",10,12,70.369,1,3,71,0,820.583,6.917,0.75,0.333
"<a href=""https://tiktok.com/@user75291696174110"" target=""_blank"">@user75291696174110</a>",2,5,60.333,0.833,1,15,0,974.167,14.333,0,0
"<a href=""https://tiktok.com/@user758611909236"" target=""_blank"">@user758611909236</a>",16,9,45.061,0.972,3,60,0,877.111,27.222,0,0.333
"<a href=""https://tiktok.com/@user779129967322324"" target=""_blank"">@user779129967322324</a>",7,6,60.778,0.9,2,36,0,988.167,13,0.167,0.5
"<a href=""https://tiktok.com/@user7910082192187"" target=""_blank"">@user7910082192187</a>",5,13,64.841,0.898,4,73,0.004,1071,21.2,0,0.2
"<a href=""https://tiktok.com/@user8080096166676"" target=""_blank"">@user8080096166676</a>",11,6,65.614,1,2,35,0.001,992,18,0.167,0
"<a href=""https://tiktok.com/@user90066693803731"" target=""_blank"">@user90066693803731</a>",11,6,38.333,1,1,18,0,419.778,9,0.556,0
"<a href=""https://tiktok.com/@user94751766994351"" target=""_blank"">@user94751766994351</a>",7,6,52.417,0.9,2,36,0,587,10.833,0,0.333
"<a href=""https://tiktok.com/@yili11126"" target=""_blank"">@yili11126</a>",15,9,63.962,0.949,3,70,0,565.667,4.222,0.111,1.333
"<a href=""https://tiktok.com/@yili6480"" target=""_blank"">@yili6480</a>",14,6,60.148,1,3,54,0,871.833,17.333,0.333,0.167
"<a href=""https://tiktok.com/@yili68822"" target=""_blank"">@yili68822</a>",14,9,49.222,1,3,72,0,889.667,14.222,0.111,0
"<a href=""https://tiktok.com/@yili6885"" target=""_blank"">@yili6885</a>",15,9,59.939,0.907,3,65,0,1104,5.667,0.222,0.556
"<a href=""https://tiktok.com/@yiyiyi824"" target=""_blank"">@yiyiyi824</a>",10,9,65.638,0.974,3,65,0,1145.333,12.583,0.417,0.083
