"Account","Network","Unique Shares","Avg Time Between Shares (sec)","Edge Symmetry Score","Degree","Strength","Betweenness","Avg Views","Avg Likes","Avg Comments","Avg Shares"
"<a href=""https://tiktok.com/@aabb3922iol"" target=""_blank"">@aabb3922iol</a>",28,3,25.778,0.925,8,72,0,2812.333,13.333,0.333,0
"<a href=""https://tiktok.com/@ale747743"" target=""_blank"">@ale747743</a>",26,3,48.889,0.9,2,18,0,172.333,4.667,0,0
"<a href=""https://tiktok.com/@alexander73798"" target=""_blank"">@alexander73798</a>",28,3,28.917,0.975,8,72,0,2028.667,14.333,0,0
"<a href=""https://tiktok.com/@ali186299"" target=""_blank"">@ali186299</a>",26,3,51.778,1,1,9,0,2512,17.667,0.333,0.333
"<a href=""https://tiktok.com/@alijw22"" target=""_blank"">@alijw22</a>",17,9,59.957,0.868,4,69,0,691.333,8.111,0,0.222
"<a href=""https://tiktok.com/@artiaga.lavalais"" target=""_blank"">@artiaga.lavalais</a>",5,3,30.222,1,1,9,0,748.667,50,0,0
"<a href=""https://tiktok.com/@birdnicholas5"" target=""_blank"">@birdnicholas5</a>",13,3,54.778,0.8,1,9,0,265.667,24,0.333,0
"<a href=""https://tiktok.com/@bryce.holloway"" target=""_blank"">@bryce.holloway</a>",18,6,70,0.667,1,12,0,793.5,24.333,0,0.333
"<a href=""https://tiktok.com/@bunnyprime030"" target=""_blank"">@bunnyprime030</a>",24,6,93.917,1,2,27,0,1760,20,0,0
"<a href=""https://tiktok.com/@butgg.butt"" target=""_blank"">@butgg.butt</a>",26,6,52.301,0.96,5,61,0.001,2824.333,23.5,0,0
"<a href=""https://tiktok.com/@c.kn14"" target=""_blank"">@c.kn14</a>",27,3,51.889,1,1,9,0,2964.667,12,0,0.667
"<a href=""https://tiktok.com/@cfdhrd.xdgdz.dryh"" target=""_blank"">@cfdhrd.xdgdz.dryh</a>",19,6,40.5,0.889,1,14,0,11818.167,107.333,1.333,1.5
"<a href=""https://tiktok.com/@china_deriver_7"" target=""_blank"">@china_deriver_7</a>",11,7,79.5,0.571,1,10,0,908.125,69.5,5.542,0.5
"<a href=""https://tiktok.com/@china_deriver_8"" target=""_blank"">@china_deriver_8</a>",11,4,79.5,0.571,1,10,0,175.391,17.957,1.87,0.043
"<a href=""https://tiktok.com/@cong.buoi"" target=""_blank"">@cong.buoi</a>",6,3,40.556,1,1,9,0,8441.333,78.667,0.333,1.333
"<a href=""https://tiktok.com/@cute_doll505"" target=""_blank"">@cute_doll505</a>",29,5,87.385,0.8,1,13,0,174.6,19.6,1.2,0
"<a href=""https://tiktok.com/@cy.txcy"" target=""_blank"">@cy.txcy</a>",25,7,68.875,0.75,2,24,0,1224.143,8.429,0.143,0.143
"<a href=""https://tiktok.com/@d4abcrsw57"" target=""_blank"">@d4abcrsw57</a>",12,3,52.773,1,2,21,0,33421,1204,2.25,1.75
"<a href=""https://tiktok.com/@dadfi54"" target=""_blank"">@dadfi54</a>",8,6,56.741,0.808,7,80,0.003,292,19.333,0,0
"<a href=""https://tiktok.com/@darronmarcie"" target=""_blank"">@darronmarcie</a>",28,3,30.75,0.975,8,72,0,11825.667,69,0.333,4.667
"<a href=""https://tiktok.com/@didjxyh"" target=""_blank"">@didjxyh</a>",22,10,45.246,0.967,3,31,0,1062.1,16.4,1,0.2
"<a href=""https://tiktok.com/@djgdthh"" target=""_blank"">@djgdthh</a>",22,10,53.875,1,2,21,0,7631.5,79.4,4.7,1.7
"<a href=""https://tiktok.com/@dncss21"" target=""_blank"">@dncss21</a>",4,6,50.957,0.9,9,98,0.001,1.333,0,0,0
"<a href=""https://tiktok.com/@duxqifrnrnw"" target=""_blank"">@duxqifrnrnw</a>",26,6,53.582,1,3,43,0,2088.5,29.667,0.333,0.167
"<a href=""https://tiktok.com/@elenafind"" target=""_blank"">@elenafind</a>",23,14,20.571,1,1,14,0,657.625,3.042,0,0.208
"<a href=""https://tiktok.com/@f.cb014"" target=""_blank"">@f.cb014</a>",25,6,80.333,0.833,2,21,0,19438.444,164.556,0.778,4.556
"<a href=""https://tiktok.com/@f.hd.ss"" target=""_blank"">@f.hd.ss</a>",8,8,29.258,0.875,2,22,0,655.556,44.889,6.778,5.222
"<a href=""https://tiktok.com/@fdchj53"" target=""_blank"">@fdchj53</a>",9,6,29.64,0.843,4,42,0,740.5,38.667,3.167,1
"<a href=""https://tiktok.com/@fervhl5"" target=""_blank"">@fervhl5</a>",1,3,69.556,0.8,1,9,0,309,17,0.333,0.333
"<a href=""https://tiktok.com/@fh488612"" target=""_blank"">@fh488612</a>",7,6,38.8,0.857,1,10,0,574.5,35.5,0.667,0
"<a href=""https://tiktok.com/@fhds566"" target=""_blank"">@fhds566</a>",9,9,41.984,0.851,4,54,0,282.667,10.333,0,0.667
"<a href=""https://tiktok.com/@fmvxs3"" target=""_blank"">@fmvxs3</a>",4,6,48.191,0.846,8,104,0,14.5,0,0,0
"<a href=""https://tiktok.com/@fsfhj07"" target=""_blank"">@fsfhj07</a>",2,3,47.556,0.933,3,27,0,394.667,26,0.667,0.333
"<a href=""https://tiktok.com/@fssgh17"" target=""_blank"">@fssgh17</a>",10,3,10.333,1,1,9,0,325.667,20,0,0
"<a href=""https://tiktok.com/@g.fb506"" target=""_blank"">@g.fb506</a>",17,6,59.456,0.921,6,85,0.001,10942.833,91.833,0.667,0.833
"<a href=""https://tiktok.com/@gdgh760"" target=""_blank"">@gdgh760</a>",9,9,36.738,0.849,4,53,0,135.889,3,0.111,0
"<a href=""https://tiktok.com/@gdgjj633"" target=""_blank"">@gdgjj633</a>",4,6,40.725,0.906,8,116,0,0.833,0,0,0
"<a href=""https://tiktok.com/@gjvfg96"" target=""_blank"">@gjvfg96</a>",2,3,43.778,0.933,3,27,0,898,50.333,3,0.333
"<a href=""https://tiktok.com/@gmswps3"" target=""_blank"">@gmswps3</a>",31,6,85.333,1,1,9,0,344.333,13.333,1.667,1.667
"<a href=""https://tiktok.com/@gnfs65"" target=""_blank"">@gnfs65</a>",4,6,64.873,0.972,6,59,0,0.5,0,0,0
"<a href=""https://tiktok.com/@gpujnl"" target=""_blank"">@gpujnl</a>",31,5,23,1,1,9,0,619,36.8,1.8,6.2
"<a href=""https://tiktok.com/@grace.sullivan864"" target=""_blank"">@grace.sullivan864</a>",18,6,66.25,0.762,2,24,0,8230.667,103,1.667,1.167
"<a href=""https://tiktok.com/@grdgh91"" target=""_blank"">@grdgh91</a>",8,6,53.6,0.625,1,10,0,258.667,12,0,0.5
"<a href=""https://tiktok.com/@grsdhj91"" target=""_blank"">@grsdhj91</a>",8,6,45.691,1,4,43,0,511.667,30.833,0.167,0.333
"<a href=""https://tiktok.com/@gsxgh10"" target=""_blank"">@gsxgh10</a>",4,6,46.689,0.855,9,117,0,2.167,0.167,0,0
"<a href=""https://tiktok.com/@haeuserlegato"" target=""_blank"">@haeuserlegato</a>",17,9,53.693,0.885,5,94,0,2543.333,29.889,0.444,0.889
"<a href=""https://tiktok.com/@hddgh2868"" target=""_blank"">@hddgh2868</a>",8,6,56,0.867,3,27,0,725,38.5,0,0.167
"<a href=""https://tiktok.com/@hddgk68"" target=""_blank"">@hddgk68</a>",8,6,36.347,0.775,2,21,0,946.667,62.167,1.167,1.833
"<a href=""https://tiktok.com/@hdfhj87"" target=""_blank"">@hdfhj87</a>",4,5,63.686,0.917,2,29,0,19.833,0.833,0,0
"<a href=""https://tiktok.com/@hdsfhh55"" target=""_blank"">@hdsfhh55</a>",2,3,72.444,0.8,3,27,0,461.667,34,0,0
"<a href=""https://tiktok.com/@hhh01899"" target=""_blank"">@hhh01899</a>",7,6,38.8,0.857,1,10,0,525,34.167,0.667,0.167
"<a href=""https://tiktok.com/@hiskr5"" target=""_blank"">@hiskr5</a>",24,6,83.5,1,1,18,0,15671.167,137.667,1.333,0.833
"<a href=""https://tiktok.com/@hjcaa1"" target=""_blank"">@hjcaa1</a>",4,6,49.481,0.794,3,33,0,33,0,0,0
"<a href=""https://tiktok.com/@hjfd7296"" target=""_blank"">@hjfd7296</a>",9,6,30.95,0.86,4,46,0,89.667,0.5,0,0
"<a href=""https://tiktok.com/@hrcjhg1"" target=""_blank"">@hrcjhg1</a>",8,8,49.836,0.804,2,21,0,578.667,17.333,0,0.333
"<a href=""https://tiktok.com/@hrsgj53"" target=""_blank"">@hrsgj53</a>",4,6,49.693,0.899,8,124,0.001,10,0,0,0
"<a href=""https://tiktok.com/@hsdhj4"" target=""_blank"">@hsdhj4</a>",3,4,56.333,1,1,9,0,642.833,23,0.167,0.5
"<a href=""https://tiktok.com/@hxbmg000009"" target=""_blank"">@hxbmg000009</a>",30,3,50.667,1,1,9,0,1358,63.667,0.333,0.333
"<a href=""https://tiktok.com/@jduutg"" target=""_blank"">@jduutg</a>",31,6,54.167,1,2,18,0,486,24.167,2.667,3.5
"<a href=""https://tiktok.com/@jgdcgj4"" target=""_blank"">@jgdcgj4</a>",8,5,42.232,0.808,3,33,0,958.8,49,0.8,2.4
"<a href=""https://tiktok.com/@kmlisarkar_1"" target=""_blank"">@kmlisarkar_1</a>",16,6,95.6,0.75,1,10,0,122,6.667,0.167,0
"<a href=""https://tiktok.com/@kwlibcncm1"" target=""_blank"">@kwlibcncm1</a>",12,4,48.759,0.964,4,48,0,2836,65.75,0,0.25
"<a href=""https://tiktok.com/@kygrsg"" target=""_blank"">@kygrsg</a>",8,6,45.014,0.919,6,66,0.001,780.5,39.667,3.833,5.833
"<a href=""https://tiktok.com/@latest.news846"" target=""_blank"">@latest.news846</a>",14,3,21,1,1,9,0,432.667,45.333,5,0
"<a href=""https://tiktok.com/@lop.qke"" target=""_blank"">@lop.qke</a>",17,3,50.833,1,2,18,0,1786.333,22,0,1
"<a href=""https://tiktok.com/@main7257"" target=""_blank"">@main7257</a>",26,3,49,1,2,18,0,460.333,7,0,0
"<a href=""https://tiktok.com/@mingshushufa"" target=""_blank"">@mingshushufa</a>",28,3,27.056,0.95,8,72,0,2378.667,25.333,0,1
"<a href=""https://tiktok.com/@nawab_deriver0"" target=""_blank"">@nawab_deriver0</a>",16,6,95.6,0.75,1,10,0,20.833,3.333,0.333,0
"<a href=""https://tiktok.com/@news.center2"" target=""_blank"">@news.center2</a>",14,3,21,1,1,9,0,426.667,20.667,6.333,0
"<a href=""https://tiktok.com/@ohnfhf"" target=""_blank"">@ohnfhf</a>",1,3,69.556,0.8,1,9,0,91.8,0.4,0,0
"<a href=""https://tiktok.com/@osudhddi"" target=""_blank"">@osudhddi</a>",22,8,46.883,0.95,2,19,0,2734.091,46,5.364,0.818
"<a href=""https://tiktok.com/@quang.gien"" target=""_blank"">@quang.gien</a>",6,3,42.778,0.8,1,9,0,1681.333,38.333,0.333,0.333
"<a href=""https://tiktok.com/@quang.hu212"" target=""_blank"">@quang.hu212</a>",6,3,41.667,0.9,2,18,0,1624.333,33.333,0.333,0
"<a href=""https://tiktok.com/@qweasd12099"" target=""_blank"">@qweasd12099</a>",28,3,23.903,0.95,8,72,0,13795.333,110,1.667,2.667
"<a href=""https://tiktok.com/@raja.raja4309"" target=""_blank"">@raja.raja4309</a>",17,8,64.691,0.955,4,82,0,59571.5,151.625,1,4.25
"<a href=""https://tiktok.com/@rbcbm.agfn.egxcn"" target=""_blank"">@rbcbm.agfn.egxcn</a>",18,6,50.861,0.857,2,21,0,17525.667,245.833,2.333,4.333
"<a href=""https://tiktok.com/@rediger.comegys"" target=""_blank"">@rediger.comegys</a>",5,3,30.222,1,1,9,0,387.333,5.667,0,0
"<a href=""https://tiktok.com/@reff.dgj"" target=""_blank"">@reff.dgj</a>",27,3,51.889,1,1,9,0,2961.333,23,0,0.333
"<a href=""https://tiktok.com/@reyregdfdtytdfgdf"" target=""_blank"">@reyregdfdtytdfgdf</a>",20,3,61.889,0.8,1,9,0,12616,145,1.667,3
"<a href=""https://tiktok.com/@rowena.felix4"" target=""_blank"">@rowena.felix4</a>",28,3,28.937,0.943,7,63,0,288748.333,1783.333,9.333,43.333
"<a href=""https://tiktok.com/@rschj1"" target=""_blank"">@rschj1</a>",4,6,52.44,0.909,8,111,0,0.667,0,0,0
"<a href=""https://tiktok.com/@sharla.loni"" target=""_blank"">@sharla.loni</a>",28,3,40.063,0.971,7,63,0,40809.667,273.667,1,4.667
"<a href=""https://tiktok.com/@sumroo.786"" target=""_blank"">@sumroo.786</a>",15,3,89.067,0.5,1,15,0,292.5,43.667,1,0
"<a href=""https://tiktok.com/@sweet_queen203"" target=""_blank"">@sweet_queen203</a>",29,5,87.385,0.8,1,13,0,243.8,28.8,1.4,0
"<a href=""https://tiktok.com/@syfss88"" target=""_blank"">@syfss88</a>",4,6,45.665,0.787,8,95,0,18.833,0,0,0
"<a href=""https://tiktok.com/@tania.harder6"" target=""_blank"">@tania.harder6</a>",17,8,61.379,0.958,4,57,0,11655.875,120.375,1,2.875
"<a href=""https://tiktok.com/@tddhj21"" target=""_blank"">@tddhj21</a>",10,3,10.333,1,1,9,0,347.333,20.333,0,0.333
"<a href=""https://tiktok.com/@tedgh65"" target=""_blank"">@tedgh65</a>",9,9,37.519,0.856,4,57,0,383.778,33,0.111,0.778
"<a href=""https://tiktok.com/@tkpbmgd01"" target=""_blank"">@tkpbmgd01</a>",30,3,50.667,1,1,9,0,9867,698,4.667,34.667
"<a href=""https://tiktok.com/@towerenoch"" target=""_blank"">@towerenoch</a>",13,3,54.778,0.8,1,9,0,3576,161,0,0
"<a href=""https://tiktok.com/@tptk02426yr"" target=""_blank"">@tptk02426yr</a>",23,14,20.571,1,1,14,0,1027.905,2.048,0,0.238
"<a href=""https://tiktok.com/@uffjk18"" target=""_blank"">@uffjk18</a>",4,6,60.81,0.882,7,100,0.001,31.5,0,0,0
"<a href=""https://tiktok.com/@unvbb8chfxjhxfv"" target=""_blank"">@unvbb8chfxjhxfv</a>",22,8,41.556,1,1,9,0,2769.364,43.818,5.273,0.636
"<a href=""https://tiktok.com/@user16133179310726"" target=""_blank"">@user16133179310726</a>",2,6,39.778,0.933,3,27,0,272.833,16,0,0.167
"<a href=""https://tiktok.com/@user1975910529240"" target=""_blank"">@user1975910529240</a>",21,7,54.222,0.8,1,9,0,4919.714,53.143,2.429,1.571
"<a href=""https://tiktok.com/@user25185557797582"" target=""_blank"">@user25185557797582</a>",21,3,54.222,0.8,1,9,0,2773,39.667,0,0.333
"<a href=""https://tiktok.com/@user5803829426762"" target=""_blank"">@user5803829426762</a>",8,6,57.542,0.914,7,72,0.003,990.667,101,0.833,0.833
"<a href=""https://tiktok.com/@user9533337653940"" target=""_blank"">@user9533337653940</a>",28,3,33.972,0.95,8,72,0,74338,121.333,0.333,3.667
"<a href=""https://tiktok.com/@uunurtrsf8"" target=""_blank"">@uunurtrsf8</a>",12,4,47.028,0.833,3,34,0,513.75,42,0,0
"<a href=""https://tiktok.com/@valentina.ines.br"" target=""_blank"">@valentina.ines.br</a>",18,4,39.222,0.857,1,9,0,3509.75,59.75,0.5,0.5
"<a href=""https://tiktok.com/@vazdf.gaxfg"" target=""_blank"">@vazdf.gaxfg</a>",28,3,28.167,0.9,8,72,0,34073.667,448.667,3.333,9
"<a href=""https://tiktok.com/@vdghj63"" target=""_blank"">@vdghj63</a>",8,6,20.778,0.867,3,27,0,376.5,23,0,0.667
"<a href=""https://tiktok.com/@vh2nthgjb1"" target=""_blank"">@vh2nthgjb1</a>",12,3,47.279,0.889,3,31,0,2522.75,65,0,0.5
"<a href=""https://tiktok.com/@welthlxe3mv"" target=""_blank"">@welthlxe3mv</a>",26,3,49.944,1,2,18,0,49625.333,357,1,2.667
"<a href=""https://tiktok.com/@willie.pfhsd.sell"" target=""_blank"">@willie.pfhsd.sell</a>",17,8,56.153,0.978,5,89,0,33344.5,185,1.375,3.875
"<a href=""https://tiktok.com/@wueueb4"" target=""_blank"">@wueueb4</a>",3,4,56.333,1,1,9,0,193.167,7.167,0,0
"<a href=""https://tiktok.com/@x6ih9ppbm4"" target=""_blank"">@x6ih9ppbm4</a>",12,4,54.803,0.923,4,48,0,1956.75,53.25,0.25,0.25
"<a href=""https://tiktok.com/@xchinaqueen0"" target=""_blank"">@xchinaqueen0</a>",15,6,96.571,0.8,1,14,0,56.333,8.667,1.5,0
"<a href=""https://tiktok.com/@xchinaqueen2"" target=""_blank"">@xchinaqueen2</a>",15,6,92.819,0.65,2,29,0,134.5,11,0.5,0
"<a href=""https://tiktok.com/@xdfgessw.zxf.dfsj"" target=""_blank"">@xdfgessw.zxf.dfsj</a>",20,6,61.889,0.8,1,9,0,3708.167,40.333,0.333,1.167
"<a href=""https://tiktok.com/@xzdgese.xzvdx.dgh"" target=""_blank"">@xzdgese.xzvdx.dgh</a>",19,5,40.5,0.889,1,14,0,13426,209.6,2,5.4
"<a href=""https://tiktok.com/@y.gh105"" target=""_blank"">@y.gh105</a>",25,6,73.208,0.917,2,21,0,7280.556,59.556,0,1.444
"<a href=""https://tiktok.com/@yddl15928"" target=""_blank"">@yddl15928</a>",24,3,104.333,1,1,9,0,32029.167,199.167,1.167,4.833
"<a href=""https://tiktok.com/@yesfg42"" target=""_blank"">@yesfg42</a>",8,6,22.259,0.867,3,27,0,266.833,15.5,0.333,0.5
"<a href=""https://tiktok.com/@yetffuioo"" target=""_blank"">@yetffuioo</a>",8,6,35.711,0.831,6,61,0.004,39.833,1.5,0,0
"<a href=""https://tiktok.com/@yrfgj12"" target=""_blank"">@yrfgj12</a>",8,6,47.585,0.933,3,36,0,998.833,71.5,0.5,0.667
"<a href=""https://tiktok.com/@zrqfaxnbdlc"" target=""_blank"">@zrqfaxnbdlc</a>",26,6,51.397,1,3,43,0.001,3623.667,35.167,0.333,1
