"Network","Number of Accounts","Network Density","Network Diameter","Clustering Coefficient","Avg Views","Avg Likes","Avg Comments","Avg Shares","Member Accounts"
1,2,1,9,0,173.25,6.625,0.125,0.125,"ohnfhf, fervhl5"
2,4,1,9,1,460,28.467,0.733,0.2,"hdsfhh55, fsfhj07, gjvfg96, user16133179310726"
3,2,1,9,0,418,15.083,0.083,0.25,"hsdhj4, wueueb4"
4,11,0.691,34,0.821,12.106,0.091,0,0,"gnfs65, hdfhj87, rschj1, syfss88, hrsgj53, fmvxs3, gdgjj633, gsxgh10, dncss21, hjcaa1, uffjk18"
5,2,1,9,0,568,27.833,0,0,"artiaga.lavalais, rediger.comegys"
6,3,0.667,18,0,3915.667,50.111,0.333,0.556,"quang.gien, cong.buoi, quang.hu212"
7,2,1,10,0,549.75,34.833,0.667,0.083,"fh488612, hhh01899"
8,14,0.286,33,0.375,595.787,37.022,1.191,1.461,"f.hd.ss, hrcjhg1, yesfg42, hddgh2868, vdghj63, grdgh91, dadfi54, user5803829426762, jgdcgj4, kygrsg, grsdhj91, hddgk68, yetffuioo, yrfgj12"
9,5,1,19,1,312.872,16.718,0.538,0.487,"fhds566, tedgh65, gdgh760, fdchj53, hjfd7296"
10,2,1,9,0,336.5,20.167,0,0.167,"fssgh17, tddhj21"
11,2,1,10,0,549.553,44.277,3.745,0.277,"china_deriver_7, china_deriver_8"
12,5,0.8,23,0.789,8250.05,286,0.5,0.55,"d4abcrsw57, uunurtrsf8, kwlibcncm1, vh2nthgjb1, x6ih9ppbm4"
13,2,1,9,0,1920.833,92.5,0.167,0,"birdnicholas5, towerenoch"
14,2,1,9,0,429.667,33,5.667,0,"latest.news846, news.center2"
15,3,0.667,29,0,161.111,21.111,1,0,"sumroo.786, xchinaqueen0, xchinaqueen2"
16,2,1,10,0,71.417,5,0.25,0,"nawab_deriver0, kmlisarkar_1"
17,7,0.714,32,0.778,18366.725,90.49,0.686,2.078,"alijw22, haeuserlegato, raja.raja4309, willie.pfhsd.sell, tania.harder6, g.fb506, lop.qke"
18,4,0.5,33,0,7879,112.636,1.182,1.682,"bryce.holloway, grace.sullivan864, rbcbm.agfn.egxcn, valentina.ines.br"
19,2,1,14,0,12549,153.818,1.636,3.273,"cfdhrd.xdgdz.dryh, xzdgese.xzvdx.dgh"
20,2,1,9,0,6677.444,75.222,0.778,1.778,"xdfgessw.zxf.dfsj, reyregdfdtytdfgdf"
21,2,1,9,0,4275.7,49.1,1.7,1.2,"user1975910529240, user25185557797582"
22,4,0.667,21,0.6,3511.286,46.333,4.143,0.833,"unvbb8chfxjhxfv, djgdthh, didjxyh, osudhddi"
23,2,1,14,0,830.422,2.578,0,0.222,"elenafind, tptk02426yr"
24,3,0.667,27,0,16486.778,118.944,0.833,1.889,"bunnyprime030, hiskr5, yddl15928"
25,3,1,12,1,9961.6,83.04,0.32,2.2,"cy.txcy, f.cb014, y.gh105"
26,7,0.429,35,0.474,6984.3,56.3,0.267,0.533,"duxqifrnrnw, butgg.butt, main7257, ale747743, ali186299, welthlxe3mv, zrqfaxnbdlc"
27,2,1,9,0,2963,17.5,0,0.5,"reff.dgj, c.kn14"
28,9,0.972,18,0.971,52312.259,317.667,1.815,7.667,"darronmarcie, sharla.loni, qweasd12099, aabb3922iol, rowena.felix4, user9533337653940, mingshushufa, alexander73798, vazdf.gaxfg"
29,2,1,13,0,209.2,24.2,1.3,0,"cute_doll505, sweet_queen203"
30,2,1,9,0,5612.5,380.833,2.5,17.5,"hxbmg000009, tkpbmgd01"
31,3,0.667,18,0,475.118,24.059,2.059,3.647,"gpujnl, jduutg, gmswps3"
