"Account","Network","Unique Shares","Avg Time Between Shares (sec)","Edge Symmetry Score","Degree","Strength","Betweenness","Avg Views","Avg Likes","Avg Comments","Avg Shares"
"<a href=""https://tiktok.com/@acyjlnni1ue"" target=""_blank"">@acyjlnni1ue</a>",25,6,65.286,1,1,7,0,1051.333,63.667,7,7.667
"<a href=""https://tiktok.com/@adam.hoyt"" target=""_blank"">@adam.hoyt</a>",102,6,47.854,0.919,4,45,0,914,27.667,2.167,5
"<a href=""https://tiktok.com/@adhhrrt"" target=""_blank"">@adhhrrt</a>",13,4,58.429,0.857,1,7,0,762.5,23,0,0
"<a href=""https://tiktok.com/@aed0267"" target=""_blank"">@aed0267</a>",48,3,57.625,1,1,8,0,1413.167,64.167,0.167,0.5
"<a href=""https://tiktok.com/@aed2977"" target=""_blank"">@aed2977</a>",28,4,75.5,1,1,8,0,2365.5,78.875,1,0
"<a href=""https://tiktok.com/@aed3660"" target=""_blank"">@aed3660</a>",9,8,46.455,0.918,7,60,0,15124.5,128.625,3.375,3.5
"<a href=""https://tiktok.com/@aed75787"" target=""_blank"">@aed75787</a>",9,8,45.044,0.902,8,66,0,5092.25,94.75,2,3.125
"<a href=""https://tiktok.com/@aed7p4"" target=""_blank"">@aed7p4</a>",9,6,55.799,0.917,4,30,0,7040.333,158.5,2.833,3
"<a href=""https://tiktok.com/@aeda1689"" target=""_blank"">@aeda1689</a>",9,8,57.868,0.823,4,32,0,3438,49.75,0.25,0.5
"<a href=""https://tiktok.com/@aedbr6"" target=""_blank"">@aedbr6</a>",27,6,34.429,1,1,7,0,1793.875,61.25,1,3.75
"<a href=""https://tiktok.com/@aedfjats"" target=""_blank"">@aedfjats</a>",55,8,82.286,1,1,7,0,2048.875,142.75,1,1.75
"<a href=""https://tiktok.com/@aedgslpxjx"" target=""_blank"">@aedgslpxjx</a>",7,4,71.875,0.857,1,8,0,2247.2,43,1,23.8
"<a href=""https://tiktok.com/@aedhdici"" target=""_blank"">@aedhdici</a>",4,6,39.875,1,2,16,0,1821.5,55.333,0.5,1.167
"<a href=""https://tiktok.com/@aedhdjcoof"" target=""_blank"">@aedhdjcoof</a>",7,8,55.351,0.9,7,71,0,1399.125,112,0.875,2.25
"<a href=""https://tiktok.com/@aedjdpckd"" target=""_blank"">@aedjdpckd</a>",2,4,48.857,1,3,22,0,2128.75,46.5,1,0
"<a href=""https://tiktok.com/@aedjxpxodj"" target=""_blank"">@aedjxpxodj</a>",33,6,90,1,1,8,0,5858,338.833,5.167,17.667
"<a href=""https://tiktok.com/@aeduriosod"" target=""_blank"">@aeduriosod</a>",31,5,51.1,0.857,1,10,0,1487.833,94.833,1,3
"<a href=""https://tiktok.com/@aedyckctu"" target=""_blank"">@aedyckctu</a>",6,6,69.5,1,1,8,0,2418.333,105.5,0.667,1
"<a href=""https://tiktok.com/@airplane_video578"" target=""_blank"">@airplane_video578</a>",104,6,64.207,1,2,20,0,6006.278,95.222,2.278,1.333
"<a href=""https://tiktok.com/@akkaanav.risksjsg"" target=""_blank"">@akkaanav.risksjsg</a>",9,8,63.233,0.844,4,36,0,48934.875,469.625,6.25,7.875
"<a href=""https://tiktok.com/@amazing_seeet120"" target=""_blank"">@amazing_seeet120</a>",50,10,94.158,0.5,1,19,0,3590.167,87.444,11,5.278
"<a href=""https://tiktok.com/@amelia.wilson.johnson"" target=""_blank"">@amelia.wilson.johnson</a>",103,4,64.429,0.833,1,7,0,1114,55.5,2.5,19.25
"<a href=""https://tiktok.com/@andrew.allain2"" target=""_blank"">@andrew.allain2</a>",36,7,50.286,1,1,7,0,2869,174.714,2.143,0.857
"<a href=""https://tiktok.com/@arffug"" target=""_blank"">@arffug</a>",95,4,50.5,1,2,15,0,824.833,42.333,2.167,0.833
"<a href=""https://tiktok.com/@aseng.haymong"" target=""_blank"">@aseng.haymong</a>",56,8,47.415,0.936,3,37,0,2596.375,66.75,1.5,1.5
"<a href=""https://tiktok.com/@avafind2"" target=""_blank"">@avafind2</a>",110,11,52.888,1,2,18,0,348,0.562,0.062,0
"<a href=""https://tiktok.com/@awmilke"" target=""_blank"">@awmilke</a>",74,4,65.25,1,1,8,0,1877.25,71.25,0.75,0.25
"<a href=""https://tiktok.com/@ayanna.kelekele"" target=""_blank"">@ayanna.kelekele</a>",102,5,51.621,0.967,5,55,0,1220.4,24.6,0.4,3
"<a href=""https://tiktok.com/@bagge.hazelk"" target=""_blank"">@bagge.hazelk</a>",53,8,33.571,0.833,1,7,0,1679.5,154.25,1.625,1.125
"<a href=""https://tiktok.com/@barakah.yasmine.s"" target=""_blank"">@barakah.yasmine.s</a>",97,6,33.276,0.944,2,29,0,584.333,19.333,0.667,2.833
"<a href=""https://tiktok.com/@bbdhkf6"" target=""_blank"">@bbdhkf6</a>",101,4,68.25,1,1,8,0,3576,133,4,55.5
"<a href=""https://tiktok.com/@bdjkeo"" target=""_blank"">@bdjkeo</a>",22,5,59.071,0.844,2,19,0,198,1.6,0,0
"<a href=""https://tiktok.com/@bdjsbsk4"" target=""_blank"">@bdjsbsk4</a>",68,4,26.222,0.933,4,46,0,1166.25,69.25,0.75,0
"<a href=""https://tiktok.com/@bdpd57"" target=""_blank"">@bdpd57</a>",32,8,52.411,0.844,2,26,0,2955.25,188.375,0.875,0.875
"<a href=""https://tiktok.com/@be.jkigv"" target=""_blank"">@be.jkigv</a>",1,7,44.041,0.88,5,45,0,1699.429,115.571,1,1.429
"<a href=""https://tiktok.com/@beautydriver2"" target=""_blank"">@beautydriver2</a>",104,5,64.167,0.857,1,12,0,438.8,20.75,2.05,0.15
"<a href=""https://tiktok.com/@beixian060"" target=""_blank"">@beixian060</a>",113,3,70.357,0.5,2,14,0,649.333,33.667,5.667,0
"<a href=""https://tiktok.com/@benedossie2"" target=""_blank"">@benedossie2</a>",46,4,55.507,1,2,17,0,8348,89.25,0.25,0.75
"<a href=""https://tiktok.com/@bfc.hff"" target=""_blank"">@bfc.hff</a>",34,5,58,1,1,7,0,2448.571,41.714,1.714,0.714
"<a href=""https://tiktok.com/@bfihc"" target=""_blank"">@bfihc</a>",4,6,61.125,1,2,16,0,1802.667,85.333,0.167,5.5
"<a href=""https://tiktok.com/@bihuo6660"" target=""_blank"">@bihuo6660</a>",87,4,38.929,0.833,2,14,0,820.2,85,0.6,0.4
"<a href=""https://tiktok.com/@bipiqo"" target=""_blank"">@bipiqo</a>",94,6,56.393,1,4,31,0,1059.667,21.167,0.167,0.333
"<a href=""https://tiktok.com/@bjspsp"" target=""_blank"">@bjspsp</a>",93,5,58.507,0.817,2,17,0,19120,920,26.4,6.2
"<a href=""https://tiktok.com/@bkot6010"" target=""_blank"">@bkot6010</a>",62,9,63.236,1,3,47,0,1456.333,69.444,0.333,5.889
"<a href=""https://tiktok.com/@bmc12655"" target=""_blank"">@bmc12655</a>",1,8,60.392,0.883,5,51,0,7374.875,114.625,1,2.125
"<a href=""https://tiktok.com/@bpgarp"" target=""_blank"">@bpgarp</a>",94,6,68.216,1,5,48,0,673.667,18.333,0.5,0.167
"<a href=""https://tiktok.com/@bsbsbsvsv44"" target=""_blank"">@bsbsbsvsv44</a>",33,5,63.1,0.875,1,10,0,1892.4,134.8,2.2,2.6
"<a href=""https://tiktok.com/@buggyhugh1"" target=""_blank"">@buggyhugh1</a>",82,4,47.857,1,1,7,0,4928.25,112.75,2,0.25
"<a href=""https://tiktok.com/@bvoo3130"" target=""_blank"">@bvoo3130</a>",59,9,67.139,1,5,104,0,1873.778,49.667,0.667,0.556
"<a href=""https://tiktok.com/@bxkke4723"" target=""_blank"">@bxkke4723</a>",68,8,28.182,0.972,4,61,0,1301.375,51.625,0.375,0
"<a href=""https://tiktok.com/@caifu1802"" target=""_blank"">@caifu1802</a>",87,6,48.269,0.902,4,44,0,1228,95.167,0.667,1.333
"<a href=""https://tiktok.com/@carlos.alberto.al886"" target=""_blank"">@carlos.alberto.al886</a>",56,8,48.032,0.944,4,44,0,1685.875,44.5,1.125,0.125
"<a href=""https://tiktok.com/@carmen.vega355"" target=""_blank"">@carmen.vega355</a>",35,6,50,0.938,2,20,0,2284.167,93.333,0.333,2.5
"<a href=""https://tiktok.com/@cbnkugf"" target=""_blank"">@cbnkugf</a>",22,6,55.583,0.868,3,30,0,222.333,5,0,0
"<a href=""https://tiktok.com/@chantalkusch"" target=""_blank"">@chantalkusch</a>",1,8,53.081,0.881,8,83,0,10890.25,272.875,0.75,2.125
"<a href=""https://tiktok.com/@chdg050"" target=""_blank"">@chdg050</a>",38,6,63,0.857,1,7,0,2136,85,2.667,1.333
"<a href=""https://tiktok.com/@chhvfhjn"" target=""_blank"">@chhvfhjn</a>",24,6,57.375,0.857,1,8,0,402,11.833,0.833,0.833
"<a href=""https://tiktok.com/@chkchifofo"" target=""_blank"">@chkchifofo</a>",17,6,54.097,0.929,2,17,0,1199.167,119.333,1,0.667
"<a href=""https://tiktok.com/@cigcgict"" target=""_blank"">@cigcgict</a>",79,4,52.25,1,2,16,0,2172.25,88,0.75,0
"<a href=""https://tiktok.com/@cihohsqwfi"" target=""_blank"">@cihohsqwfi</a>",16,5,48.161,1,2,15,0,621.6,21.8,0.2,0
"<a href=""https://tiktok.com/@ciojkb"" target=""_blank"">@ciojkb</a>",64,6,19.009,0.983,6,108,0,1574.667,66.167,0,0.833
"<a href=""https://tiktok.com/@ciucfyictci"" target=""_blank"">@ciucfyictci</a>",78,4,72.5,1,1,8,0,2243.5,98.25,1.75,0.75
"<a href=""https://tiktok.com/@cjire9104"" target=""_blank"">@cjire9104</a>",66,5,61.849,0.8,2,16,0,315.8,17,0,0.4
"<a href=""https://tiktok.com/@cjsllfd"" target=""_blank"">@cjsllfd</a>",18,6,49.8,1,1,10,0,1248.167,75.833,0.833,0.667
"<a href=""https://tiktok.com/@cjur6297"" target=""_blank"">@cjur6297</a>",65,5,46.786,0.933,3,37,0,1355,70,0.2,0
"<a href=""https://tiktok.com/@clirr5282"" target=""_blank"">@clirr5282</a>",67,5,85.125,1,1,8,0,1134.4,89.2,0.6,3.4
"<a href=""https://tiktok.com/@constantinos.hard"" target=""_blank"">@constantinos.hard</a>",102,6,45.604,0.826,6,70,0,1341.833,33,0.167,5.833
"<a href=""https://tiktok.com/@cp.eagdu"" target=""_blank"">@cp.eagdu</a>",3,7,38.5,0.667,1,8,0,2176,67.286,0.143,0.143
"<a href=""https://tiktok.com/@craig.harrell0"" target=""_blank"">@craig.harrell0</a>",3,8,62.375,0.857,1,8,0,1331.875,110.625,0.5,2.125
"<a href=""https://tiktok.com/@cuc.thu243"" target=""_blank"">@cuc.thu243</a>",57,7,42.25,0.875,1,8,0,4867.429,84,2.714,1
"<a href=""https://tiktok.com/@cxd.shd"" target=""_blank"">@cxd.shd</a>",57,8,47.025,0.875,2,18,0,13091.875,144.75,6.625,2.25
"<a href=""https://tiktok.com/@dchjo48"" target=""_blank"">@dchjo48</a>",112,3,37.741,0.967,6,54,0,1228.333,57.667,0,3.333
"<a href=""https://tiktok.com/@ddoom15"" target=""_blank"">@ddoom15</a>",113,4,55.768,0.754,6,60,0,390.25,21.75,0,1
"<a href=""https://tiktok.com/@debran.oxonrp00"" target=""_blank"">@debran.oxonrp00</a>",9,8,51.041,0.853,8,62,0,2426.625,70.125,0.625,0.625
"<a href=""https://tiktok.com/@debran.oxonrp81"" target=""_blank"">@debran.oxonrp81</a>",9,8,55.995,0.881,4,39,0,10550.5,121,1.875,1.875
"<a href=""https://tiktok.com/@demetriusguerrero"" target=""_blank"">@demetriusguerrero</a>",102,3,61.302,0.933,3,25,0,1278.667,37.333,0,4
"<a href=""https://tiktok.com/@den781157"" target=""_blank"">@den781157</a>",8,5,73.286,1,1,7,0,1690.571,90.143,1.429,0.429
"<a href=""https://tiktok.com/@dfbjqb"" target=""_blank"">@dfbjqb</a>",108,3,61.833,1,2,18,0,280,12.667,0,0.333
"<a href=""https://tiktok.com/@dfdfm03"" target=""_blank"">@dfdfm03</a>",113,3,55.806,0.822,3,32,0,3066.667,30.333,0.667,0
"<a href=""https://tiktok.com/@dfittf"" target=""_blank"">@dfittf</a>",78,4,52.75,1,1,8,0,26210.25,1456.75,7.25,4.5
"<a href=""https://tiktok.com/@dghhg372"" target=""_blank"">@dghhg372</a>",92,6,55.125,1,2,16,0,4524.167,353.333,4,10.333
"<a href=""https://tiktok.com/@dhhi6645"" target=""_blank"">@dhhi6645</a>",66,5,64.556,1,1,9,0,775.8,76.8,1,0.8
"<a href=""https://tiktok.com/@dhuolt"" target=""_blank"">@dhuolt</a>",64,6,17.852,0.967,6,108,0,751.667,55.667,1.833,1
"<a href=""https://tiktok.com/@dijx3903"" target=""_blank"">@dijx3903</a>",59,9,64.757,1,4,89,0,2057.556,56.889,1,0.556
"<a href=""https://tiktok.com/@dining.seventy"" target=""_blank"">@dining.seventy</a>",82,3,47.857,1,1,7,0,1007,32.75,0,0.75
"<a href=""https://tiktok.com/@dirkgncyy.z.110"" target=""_blank"">@dirkgncyy.z.110</a>",85,4,36,1,2,15,0,1142.5,71,0.5,0.75
"<a href=""https://tiktok.com/@djakbksi"" target=""_blank"">@djakbksi</a>",22,5,58.442,0.867,4,45,0,97.8,1.8,0,0
"<a href=""https://tiktok.com/@djbdjfjff"" target=""_blank"">@djbdjfjff</a>",29,8,64.089,0.889,2,19,0,2071.75,123.25,0.375,0.625
"<a href=""https://tiktok.com/@djejgek"" target=""_blank"">@djejgek</a>",22,6,61.371,0.857,3,37,0,264,4.667,0,0
"<a href=""https://tiktok.com/@djfntt.7191"" target=""_blank"">@djfntt.7191</a>",85,4,41.571,1,2,14,0,1291,122,1.25,1.25
"<a href=""https://tiktok.com/@djm9r"" target=""_blank"">@djm9r</a>",40,8,54.5,0.875,1,8,0,1556.875,84.875,0.875,0.875
"<a href=""https://tiktok.com/@djsisidh"" target=""_blank"">@djsisidh</a>",42,4,74.696,0.733,2,15,0,1292.25,53,1,1.25
"<a href=""https://tiktok.com/@dnakr3818"" target=""_blank"">@dnakr3818</a>",80,3,42,1,1,9,0,1704.667,54.333,0,0
"<a href=""https://tiktok.com/@drgd8391"" target=""_blank"">@drgd8391</a>",59,5,31.4,0.833,1,15,0,1100.5,72,0.25,1.125
"<a href=""https://tiktok.com/@dtbtcc8"" target=""_blank"">@dtbtcc8</a>",94,6,53.752,0.972,6,60,0,2461,79.5,0.5,8.167
"<a href=""https://tiktok.com/@dthh824"" target=""_blank"">@dthh824</a>",48,6,63.608,0.845,2,27,0,2735,88.333,0.5,0.667
"<a href=""https://tiktok.com/@dvdjsh29"" target=""_blank"">@dvdjsh29</a>",93,6,72.101,1,3,34,0,3392.167,203.333,3.5,1.667
"<a href=""https://tiktok.com/@dytfd65"" target=""_blank"">@dytfd65</a>",80,3,42,1,1,9,0,1137.333,42,0.667,0.667
"<a href=""https://tiktok.com/@eagehh"" target=""_blank"">@eagehh</a>",64,6,19.694,0.979,6,108,0,128.333,1.5,0,0
"<a href=""https://tiktok.com/@eexvnnooyy"" target=""_blank"">@eexvnnooyy</a>",107,9,47.182,0.921,3,30,0,1747.667,77,1.667,4.778
"<a href=""https://tiktok.com/@eiej4325"" target=""_blank"">@eiej4325</a>",60,9,73.261,0.933,6,86,0,703.889,46.778,0.667,0.111
"<a href=""https://tiktok.com/@elleigh.anton"" target=""_blank"">@elleigh.anton</a>",79,4,66.5,1,1,8,0,3035.5,184.75,0.25,0
"<a href=""https://tiktok.com/@emory.drawehj"" target=""_blank"">@emory.drawehj</a>",56,8,44.394,0.944,2,19,0,2934.75,48.625,1.375,1.25
"<a href=""https://tiktok.com/@eqmhqf"" target=""_blank"">@eqmhqf</a>",94,5,51.35,0.833,4,40,0,952.2,30.4,0,1
"<a href=""https://tiktok.com/@eyidk5"" target=""_blank"">@eyidk5</a>",91,6,42.067,0.917,2,22,0,252.667,17.167,0.167,0
"<a href=""https://tiktok.com/@facailllll12138"" target=""_blank"">@facailllll12138</a>",86,6,46.833,1,1,12,0,1624.167,211.5,1.667,0.667
"<a href=""https://tiktok.com/@fauy8466"" target=""_blank"">@fauy8466</a>",6,5,69.5,1,1,8,0,3811.4,96.4,0.6,1.6
"<a href=""https://tiktok.com/@fcjjv86"" target=""_blank"">@fcjjv86</a>",7,6,57.206,0.929,4,36,0,2641.375,152.875,0.875,1.625
"<a href=""https://tiktok.com/@fduic5"" target=""_blank"">@fduic5</a>",7,6,49.546,0.887,5,46,0,1814.875,84.5,0.5,1.5
"<a href=""https://tiktok.com/@fefpls"" target=""_blank"">@fefpls</a>",111,3,35.333,1,1,9,0,238.333,6,0,0.667
"<a href=""https://tiktok.com/@fhakowbz"" target=""_blank"">@fhakowbz</a>",22,5,60.348,0.914,4,39,0,95.4,1,0,0
"<a href=""https://tiktok.com/@fhda78402"" target=""_blank"">@fhda78402</a>",59,9,64.287,1,3,68,0,704.111,45.778,0.333,0
"<a href=""https://tiktok.com/@fhdjfjfj8"" target=""_blank"">@fhdjfjfj8</a>",13,6,53.786,0.845,2,14,0,930,40.667,2.833,0.5
"<a href=""https://tiktok.com/@fhfg2499"" target=""_blank"">@fhfg2499</a>",37,6,68.429,1,1,7,0,2122.833,139.667,1.5,5.667
"<a href=""https://tiktok.com/@fhxk1941"" target=""_blank"">@fhxk1941</a>",62,9,69.074,1,3,54,0,728.111,34.889,0.333,2.333
"<a href=""https://tiktok.com/@fijficvk"" target=""_blank"">@fijficvk</a>",12,5,56.857,1,1,7,0,1171,72.8,0.6,0.2
"<a href=""https://tiktok.com/@fijvxdd"" target=""_blank"">@fijvxdd</a>",26,6,53.523,0.857,2,19,0,2801.143,106.286,1,1.857
"<a href=""https://tiktok.com/@fjjfjko"" target=""_blank"">@fjjfjko</a>",22,6,71.932,0.871,5,44,0.001,154.167,2.833,0.167,0
"<a href=""https://tiktok.com/@fjngjrffu"" target=""_blank"">@fjngjrffu</a>",20,4,61.286,1,1,7,0,760,68,0,0.25
"<a href=""https://tiktok.com/@fjvfjk4"" target=""_blank"">@fjvfjk4</a>",33,6,76.55,0.938,2,18,0,1442,93.667,0.667,0.167
"<a href=""https://tiktok.com/@fkir2290"" target=""_blank"">@fkir2290</a>",65,5,64.897,1,3,39,0,1185.6,85.8,0.6,1.4
"<a href=""https://tiktok.com/@fkncxh"" target=""_blank"">@fkncxh</a>",26,5,62.262,0.849,3,22,0,1272.429,25,0.143,0.143
"<a href=""https://tiktok.com/@flsosi5"" target=""_blank"">@flsosi5</a>",93,6,65.5,1,2,24,0,2169.167,102.5,1.167,1.5
"<a href=""https://tiktok.com/@forscalligaro"" target=""_blank"">@forscalligaro</a>",114,2,77,0.5,1,8,0,184.5,1,0,0
"<a href=""https://tiktok.com/@fsjoxkf"" target=""_blank"">@fsjoxkf</a>",3,8,86.25,1,1,8,0,1753.125,142.375,0.75,1.25
"<a href=""https://tiktok.com/@fughf21"" target=""_blank"">@fughf21</a>",1,8,54.295,0.942,5,42,0,2589.125,117,1.625,1.5
"<a href=""https://tiktok.com/@fvbsiw"" target=""_blank"">@fvbsiw</a>",108,5,69,1,1,9,0,505.333,26.5,0.167,0
"<a href=""https://tiktok.com/@gatillocristein6"" target=""_blank"">@gatillocristein6</a>",44,10,56.746,1,2,23,0,4802.818,76,3,4.727
"<a href=""https://tiktok.com/@gdghss35"" target=""_blank"">@gdghss35</a>",78,4,62.625,1,2,16,0,1915.75,79.25,1,0
"<a href=""https://tiktok.com/@gdjdi63"" target=""_blank"">@gdjdi63</a>",92,6,64.439,0.95,4,42,0,1510.333,107,1,0.5
"<a href=""https://tiktok.com/@gduaddit"" target=""_blank"">@gduaddit</a>",21,4,53.75,1,1,8,0,303,5.75,0,0
"<a href=""https://tiktok.com/@gduhx01"" target=""_blank"">@gduhx01</a>",7,7,43.044,0.911,6,55,0,13778,83.286,0.857,1.143
"<a href=""https://tiktok.com/@geujcc"" target=""_blank"">@geujcc</a>",2,4,49.833,1,3,24,0,1640.25,67.75,1.75,0.25
"<a href=""https://tiktok.com/@gfkrng18"" target=""_blank"">@gfkrng18</a>",101,4,68.25,1,1,8,0,3354,108.75,6.75,31.5
"<a href=""https://tiktok.com/@gheoe8"" target=""_blank"">@gheoe8</a>",91,6,76.532,0.933,3,26,0,23280.167,686.167,4.667,5.5
"<a href=""https://tiktok.com/@ghhj8554"" target=""_blank"">@ghhj8554</a>",59,9,61.475,0.95,4,63,0,1217.556,73.778,0.444,0.444
"<a href=""https://tiktok.com/@ghjbsjb"" target=""_blank"">@ghjbsjb</a>",22,6,57.908,0.879,4,34,0.001,112.167,0.5,0,0
"<a href=""https://tiktok.com/@ghv.vbk"" target=""_blank"">@ghv.vbk</a>",9,8,66.441,0.857,3,24,0,2239.25,61.875,1.5,0.375
"<a href=""https://tiktok.com/@ghvvhvcgvvccf"" target=""_blank"">@ghvvhvcgvvccf</a>",106,8,74,0.833,1,7,0,5218.667,70.333,0.556,2.222
"<a href=""https://tiktok.com/@gigigjj"" target=""_blank"">@gigigjj</a>",16,5,48.413,1,3,23,0,502.2,10.8,0.6,0.2
"<a href=""https://tiktok.com/@girldriver_8363"" target=""_blank"">@girldriver_8363</a>",105,6,68.889,0.938,2,24,0,73005.25,2853.5,47.55,45.7
"<a href=""https://tiktok.com/@givi0331"" target=""_blank"">@givi0331</a>",62,6,72,1,2,18,0,339.125,11.75,0,0.25
"<a href=""https://tiktok.com/@gjguq6894"" target=""_blank"">@gjguq6894</a>",67,3,85.125,1,1,8,0,2828.4,121.4,0.6,4.4
"<a href=""https://tiktok.com/@gjhg8047"" target=""_blank"">@gjhg8047</a>",60,9,57.96,1,6,92,0,532,13.333,0.111,0.111
"<a href=""https://tiktok.com/@gkkfykjb"" target=""_blank"">@gkkfykjb</a>",16,6,51.806,1,3,25,0,830,50,1.167,0.5
"<a href=""https://tiktok.com/@gohdr4367"" target=""_blank"">@gohdr4367</a>",68,6,32.386,0.964,4,55,0,1762.833,79.5,1.833,1.167
"<a href=""https://tiktok.com/@gooejxrtudk"" target=""_blank"">@gooejxrtudk</a>",23,6,57.875,1,1,8,0,403.833,11.833,0.667,0.333
"<a href=""https://tiktok.com/@gooj806"" target=""_blank"">@gooj806</a>",47,5,65.405,0.811,3,24,0,2769.6,109.4,1,7.4
"<a href=""https://tiktok.com/@gqvgpl"" target=""_blank"">@gqvgpl</a>",71,4,16.5,1,1,8,0,4515.25,54.5,1,0.5
"<a href=""https://tiktok.com/@grry77768"" target=""_blank"">@grry77768</a>",52,5,44.25,1,1,8,0,1634,161.429,2,4.143
"<a href=""https://tiktok.com/@gshr888"" target=""_blank"">@gshr888</a>",113,3,61.81,0.822,3,25,0,3567.667,47.333,2,3.333
"<a href=""https://tiktok.com/@gutieyy7"" target=""_blank"">@gutieyy7</a>",40,7,54.5,0.875,1,8,0,3071,147.143,1.429,2.571
"<a href=""https://tiktok.com/@gxhx514"" target=""_blank"">@gxhx514</a>",68,3,25.5,1,2,18,0,2060.667,66.333,0,0
"<a href=""https://tiktok.com/@gxiiff3"" target=""_blank"">@gxiiff3</a>",3,8,76.387,0.886,3,23,0,2317.125,146.5,0.25,1.25
"<a href=""https://tiktok.com/@gysfh4"" target=""_blank"">@gysfh4</a>",93,6,61.142,0.944,3,26,0,1087.167,51.5,0.667,0
"<a href=""https://tiktok.com/@gzchjj"" target=""_blank"">@gzchjj</a>",112,3,29.667,1,2,18,0,7001,265.333,8,16.667
"<a href=""https://tiktok.com/@gzd1hao"" target=""_blank"">@gzd1hao</a>",87,6,44.489,0.933,4,38,0,1696.5,85.667,1,0
"<a href=""https://tiktok.com/@hajhsh12"" target=""_blank"">@hajhsh12</a>",12,5,58.125,0.857,1,8,0,1108.4,127.8,0.6,1.4
"<a href=""https://tiktok.com/@hciiv26"" target=""_blank"">@hciiv26</a>",3,8,75.317,0.944,3,26,0,3230.625,98.5,1.875,4.125
"<a href=""https://tiktok.com/@hckcudh1"" target=""_blank"">@hckcudh1</a>",37,4,68.429,1,1,7,0,10881.8,439.4,1.8,2
"<a href=""https://tiktok.com/@hdhxh3484"" target=""_blank"">@hdhxh3484</a>",7,6,56.822,0.903,3,28,0,2555,54.167,0.167,1.5
"<a href=""https://tiktok.com/@hdicok57"" target=""_blank"">@hdicok57</a>",96,5,45,0.857,1,9,0,3977.333,129.833,4.333,1.333
"<a href=""https://tiktok.com/@hdifhg5"" target=""_blank"">@hdifhg5</a>",1,7,48.747,0.842,4,39,0,1756.143,69.143,1,0.143
"<a href=""https://tiktok.com/@hdksp6389"" target=""_blank"">@hdksp6389</a>",75,4,31.5,1,1,8,0,1504.25,70,0.75,0.5
"<a href=""https://tiktok.com/@hdodjdb5"" target=""_blank"">@hdodjdb5</a>",2,4,53.929,1,5,39,0,622.75,13.25,0.25,0
"<a href=""https://tiktok.com/@hdr86575"" target=""_blank"">@hdr86575</a>",4,6,44.75,1,2,16,0,1487.667,76.167,0.5,0.5
"<a href=""https://tiktok.com/@hdryxd"" target=""_blank"">@hdryxd</a>",43,5,78.875,1,1,8,0,3307.6,110.8,1.6,6.6
"<a href=""https://tiktok.com/@hds.hy"" target=""_blank"">@hds.hy</a>",77,4,9.5,1,1,8,0,2436.75,127.25,5.25,0.5
"<a href=""https://tiktok.com/@hfigi61"" target=""_blank"">@hfigi61</a>",96,6,45,0.857,1,9,0,32306.833,608.833,5.167,6.167
"<a href=""https://tiktok.com/@hfstil3"" target=""_blank"">@hfstil3</a>",92,6,57.818,1,2,23,0,10520.333,523.833,7.167,4.333
"<a href=""https://tiktok.com/@hidouo"" target=""_blank"">@hidouo</a>",94,5,37.75,1,1,8,0,458.167,11.333,0,0.167
"<a href=""https://tiktok.com/@hltuoq"" target=""_blank"">@hltuoq</a>",94,6,32.75,1,2,16,0,1711.333,23.667,0.333,0
"<a href=""https://tiktok.com/@hoeg.huan"" target=""_blank"">@hoeg.huan</a>",9,8,48.27,0.858,9,80,0,2272.25,30.5,0.875,0.5
"<a href=""https://tiktok.com/@hojdmc"" target=""_blank"">@hojdmc</a>",64,9,19.246,0.946,7,135,0,884.222,116.556,0.556,0.111
"<a href=""https://tiktok.com/@hootchxs"" target=""_blank"">@hootchxs</a>",18,6,52.648,1,3,24,0,822.5,30,0.333,0.333
"<a href=""https://tiktok.com/@hpcfh"" target=""_blank"">@hpcfh</a>",39,5,58.286,1,1,7,0,5064.4,93,1.4,0.8
"<a href=""https://tiktok.com/@hrsy60677"" target=""_blank"">@hrsy60677</a>",66,5,58.238,0.8,2,16,0,539.8,47.2,0,0.4
"<a href=""https://tiktok.com/@hsbshzu0"" target=""_blank"">@hsbshzu0</a>",79,4,67.75,1,3,24,0,1899.25,87,0.75,0
"<a href=""https://tiktok.com/@hsiwibs"" target=""_blank"">@hsiwibs</a>",22,5,55.438,0.917,2,18,0,122,0.8,0,0
"<a href=""https://tiktok.com/@htjzwe4"" target=""_blank"">@htjzwe4</a>",73,4,55.75,1,1,8,0,2388.75,57.75,2.25,0
"<a href=""https://tiktok.com/@hurrryu"" target=""_blank"">@hurrryu</a>",92,4,53.5,1,1,8,0,1730,109.667,1,1.667
"<a href=""https://tiktok.com/@hwvrok"" target=""_blank"">@hwvrok</a>",72,4,35.875,1,2,16,0,2570.5,69,1.5,0
"<a href=""https://tiktok.com/@hzjsjs897"" target=""_blank"">@hzjsjs897</a>",77,4,9.5,1,1,8,0,3430.25,210,1,0.75
"<a href=""https://tiktok.com/@ianboone74"" target=""_blank"">@ianboone74</a>",83,4,49.286,1,1,7,0,1145.5,64.5,1,4
"<a href=""https://tiktok.com/@idhd139"" target=""_blank"">@idhd139</a>",3,8,33.2,0.833,1,10,0,2360.875,143.625,0.875,2
"<a href=""https://tiktok.com/@ididu034"" target=""_blank"">@ididu034</a>",39,7,64.143,0.857,1,7,0,2961,121.875,1.25,1.125
"<a href=""https://tiktok.com/@idpeoc"" target=""_blank"">@idpeoc</a>",94,6,64.058,0.976,7,68,0,991.5,26,0.167,0.5
"<a href=""https://tiktok.com/@if.en.is.fam"" target=""_blank"">@if.en.is.fam</a>",17,4,58.25,1,1,8,0,644.25,21,0,0.5
"<a href=""https://tiktok.com/@ifrt2705"" target=""_blank"">@ifrt2705</a>",61,8,10.125,1,1,8,0,2194.667,62.889,0.889,0.556
"<a href=""https://tiktok.com/@iggkgmv"" target=""_blank"">@iggkgmv</a>",19,5,47,1,1,7,0,1721.6,68.2,0.8,1.2
"<a href=""https://tiktok.com/@ilges.estelwei"" target=""_blank"">@ilges.estelwei</a>",56,8,37.835,1,3,30,0,1369.875,32,1.125,0.375
"<a href=""https://tiktok.com/@immanuel.dominik"" target=""_blank"">@immanuel.dominik</a>",9,6,57.857,0.96,5,43,0,5552.5,56.167,0.667,0.833
"<a href=""https://tiktok.com/@irdc042"" target=""_blank"">@irdc042</a>",1,7,65.783,0.889,3,26,0,2214,182.571,0.286,1.571
"<a href=""https://tiktok.com/@isce0690"" target=""_blank"">@isce0690</a>",63,8,72.636,0.9,2,20,0,1368.375,59,0.75,0.125
"<a href=""https://tiktok.com/@isgsjdj0"" target=""_blank"">@isgsjdj0</a>",93,6,65.5,1,2,24,0,9515.333,430.667,5,1.167
"<a href=""https://tiktok.com/@isr0065"" target=""_blank"">@isr0065</a>",112,3,34,0.967,6,52,0,5201.333,99,0,2
"<a href=""https://tiktok.com/@its92008"" target=""_blank"">@its92008</a>",112,3,83.667,1,5,43,0,9654.333,77,0.667,0.667
"<a href=""https://tiktok.com/@itsstj2"" target=""_blank"">@itsstj2</a>",91,6,56.708,1,2,20,0,354.833,23.833,0.333,0.5
"<a href=""https://tiktok.com/@iuwgeh"" target=""_blank"">@iuwgeh</a>",93,4,50.25,1,1,8,0,24707.25,586.25,11.5,5.75
"<a href=""https://tiktok.com/@jajsjsn56"" target=""_blank"">@jajsjsn56</a>",48,5,63.379,0.917,2,23,0,1524.8,61.4,0.8,1.8
"<a href=""https://tiktok.com/@jane95436"" target=""_blank"">@jane95436</a>",44,9,59.045,0.878,3,30,0,3050.3,45.9,3,1.8
"<a href=""https://tiktok.com/@janimani417"" target=""_blank"">@janimani417</a>",105,4,59.543,1,2,22,0,117290.375,534.875,0,38.875
"<a href=""https://tiktok.com/@jccj44506"" target=""_blank"">@jccj44506</a>",60,6,54.639,0.927,5,66,0,308.667,6.5,0.667,1.667
"<a href=""https://tiktok.com/@jckfjd.bff"" target=""_blank"">@jckfjd.bff</a>",35,6,46.7,1,2,20,0,36793.333,1246.167,26.167,205.833
"<a href=""https://tiktok.com/@jdhxk85"" target=""_blank"">@jdhxk85</a>",109,7,42.185,0.909,1,27,0,1443.875,108.75,1.375,0.625
"<a href=""https://tiktok.com/@jdpxorjf"" target=""_blank"">@jdpxorjf</a>",1,5,32.384,0.958,4,30,0,2070.6,134.2,0.2,0.6
"<a href=""https://tiktok.com/@jelejeh1"" target=""_blank"">@jelejeh1</a>",93,6,59.764,1,3,28,0,2030.667,145.667,2,1.167
"<a href=""https://tiktok.com/@jenny.garrett65"" target=""_blank"">@jenny.garrett65</a>",102,4,49.635,0.82,5,47,0,1603.75,44.5,1.5,5.5
"<a href=""https://tiktok.com/@jffihofff"" target=""_blank"">@jffihofff</a>",18,5,59.036,1,2,15,0,337.2,6.6,0,0.4
"<a href=""https://tiktok.com/@jfjjfhk8"" target=""_blank"">@jfjjfhk8</a>",42,5,48.071,0.9,2,15,0,2161.4,189,2.6,2.6
"<a href=""https://tiktok.com/@jfkovj5"" target=""_blank"">@jfkovj5</a>",1,8,63.889,0.825,8,74,0,3626.75,203.125,2,1.375
"<a href=""https://tiktok.com/@jfoxbx"" target=""_blank"">@jfoxbx</a>",30,7,48.286,1,1,7,0,2100.286,150.143,1.714,14.286
"<a href=""https://tiktok.com/@jkakbbvgg"" target=""_blank"">@jkakbbvgg</a>",20,4,61.286,1,1,7,0,973.25,67.25,0.5,1
"<a href=""https://tiktok.com/@jkdkj"" target=""_blank"">@jkdkj</a>",15,5,59.286,1,1,7,0,1410.2,119.2,0.4,0
"<a href=""https://tiktok.com/@jkuy0534"" target=""_blank"">@jkuy0534</a>",59,9,72.499,0.927,5,53,0,950.556,86.667,0.444,2.556
"<a href=""https://tiktok.com/@jsjsjksmsmsk"" target=""_blank"">@jsjsjksmsmsk</a>",107,9,71.308,0.938,2,24,0,2649.778,26.889,0.333,0.556
"<a href=""https://tiktok.com/@jsosjxj8"" target=""_blank"">@jsosjxj8</a>",1,8,49.074,0.904,8,75,0,1803,119.375,1,0.375
"<a href=""https://tiktok.com/@jspsns3"" target=""_blank"">@jspsns3</a>",92,6,67.355,0.96,5,42,0,30944.5,1484.5,15.167,50.667
"<a href=""https://tiktok.com/@jtcytxyzey"" target=""_blank"">@jtcytxyzey</a>",1,8,54.417,0.909,6,56,0,1901.875,192.875,1.75,6.375
"<a href=""https://tiktok.com/@juliedouglass2013"" target=""_blank"">@juliedouglass2013</a>",28,4,75.5,1,1,8,0,5575.714,288.143,18.571,31
"<a href=""https://tiktok.com/@juliosalazar229"" target=""_blank"">@juliosalazar229</a>",56,6,48.633,0.917,3,32,0,1412.125,49.875,0.375,0.375
"<a href=""https://tiktok.com/@jvhb240"" target=""_blank"">@jvhb240</a>",48,5,58.083,0.857,1,12,0,1915.6,64.2,0,0.8
"<a href=""https://tiktok.com/@jvtvc3"" target=""_blank"">@jvtvc3</a>",47,6,58.5,0.917,2,19,0,2451.167,92.333,0.167,0.333
"<a href=""https://tiktok.com/@kaylabigsjo"" target=""_blank"">@kaylabigsjo</a>",19,5,46.286,1,2,14,0,484.2,15.6,0,0
"<a href=""https://tiktok.com/@keaimaomimiao"" target=""_blank"">@keaimaomimiao</a>",114,2,29.25,0.8,1,8,0,807,66,2,0.5
"<a href=""https://tiktok.com/@kfusj3"" target=""_blank"">@kfusj3</a>",42,6,40.625,0.833,2,16,0,2795,192.167,2.667,6.833
"<a href=""https://tiktok.com/@kgkghkv"" target=""_blank"">@kgkghkv</a>",12,6,55.55,0.952,3,24,0,627.333,25,0,0
"<a href=""https://tiktok.com/@kgx703"" target=""_blank"">@kgx703</a>",112,3,34.333,1,2,18,0,801.667,73.333,1,1.667
"<a href=""https://tiktok.com/@khanh.dao61"" target=""_blank"">@khanh.dao61</a>",45,5,52.5,0.929,2,18,0,2987.8,49.8,0.6,1.8
"<a href=""https://tiktok.com/@kimleonard0623"" target=""_blank"">@kimleonard0623</a>",27,4,34.429,1,1,7,0,6708.375,173.25,1.375,0.625
"<a href=""https://tiktok.com/@kjuq5904"" target=""_blank"">@kjuq5904</a>",60,6,65.917,1,4,45,0,1151.778,115.222,1.333,0.444
"<a href=""https://tiktok.com/@krissityann"" target=""_blank"">@krissityann</a>",83,4,49.286,1,1,7,0,707.25,42.75,1,3
"<a href=""https://tiktok.com/@krug011"" target=""_blank"">@krug011</a>",1,8,49.987,0.906,8,84,0,2156.75,161.25,8,19
"<a href=""https://tiktok.com/@ksndfmggf"" target=""_blank"">@ksndfmggf</a>",29,8,44.021,0.915,3,23,0,975.5,59.625,0.5,0.125
"<a href=""https://tiktok.com/@kubjij"" target=""_blank"">@kubjij</a>",64,6,20.011,0.956,6,108,0,870,94.333,0.833,1.333
"<a href=""https://tiktok.com/@kyfg6663"" target=""_blank"">@kyfg6663</a>",58,6,41,1,1,8,0,927,18.857,0.571,0.286
"<a href=""https://tiktok.com/@labib.zain.hajjar"" target=""_blank"">@labib.zain.hajjar</a>",103,5,56.152,0.845,2,15,0,1408.6,36.4,2.4,15.2
"<a href=""https://tiktok.com/@lahab.fakhiri.ari"" target=""_blank"">@lahab.fakhiri.ari</a>",99,6,59.92,1,2,15,0,690,15.833,1,4
"<a href=""https://tiktok.com/@landscape5670"" target=""_blank"">@landscape5670</a>",43,8,55.929,0.922,5,53,0,2319.375,182.5,2,0.75
"<a href=""https://tiktok.com/@lanora.haskely"" target=""_blank"">@lanora.haskely</a>",56,8,44.437,0.946,4,44,0,2818.875,55.625,0.375,2.5
"<a href=""https://tiktok.com/@lashay.fornasaro"" target=""_blank"">@lashay.fornasaro</a>",102,5,48.387,1,2,26,0,894.6,38.6,0.4,12.4
"<a href=""https://tiktok.com/@laurengomezl"" target=""_blank"">@laurengomezl</a>",102,3,51.436,0.9,4,32,0,1215.333,33.667,1,7.333
"<a href=""https://tiktok.com/@lawgray3"" target=""_blank"">@lawgray3</a>",46,6,58.599,0.834,6,52,0,2213,109,0.167,0.833
"<a href=""https://tiktok.com/@leopolda.harriett"" target=""_blank"">@leopolda.harriett</a>",31,6,51.1,0.857,1,10,0,1950.667,74.5,0.833,0.667
"<a href=""https://tiktok.com/@leoraf9"" target=""_blank"">@leoraf9</a>",71,4,16.5,1,1,8,0,716.25,44,1,0
"<a href=""https://tiktok.com/@lhodsrr"" target=""_blank"">@lhodsrr</a>",14,4,59.857,1,1,7,0,1556,41,2.25,0.5
"<a href=""https://tiktok.com/@lhqitc"" target=""_blank"">@lhqitc</a>",94,6,65,1,1,8,0,1210.333,23.5,0,0.667
"<a href=""https://tiktok.com/@liaojiuyu"" target=""_blank"">@liaojiuyu</a>",68,6,27.886,0.978,5,69,0,1135.5,23.833,0.333,0.167
"<a href=""https://tiktok.com/@lierd.wilfrp"" target=""_blank"">@lierd.wilfrp</a>",53,5,33.571,0.833,1,7,0,1831.8,106.8,0.2,0.2
"<a href=""https://tiktok.com/@ljpjvh"" target=""_blank"">@ljpjvh</a>",72,4,26.875,1,2,16,0,1362,78,1.5,0.25
"<a href=""https://tiktok.com/@ljy88886"" target=""_blank"">@ljy88886</a>",114,2,42.5,1,1,8,0,759.5,27.5,0.5,0.5
"<a href=""https://tiktok.com/@lnppoe"" target=""_blank"">@lnppoe</a>",89,3,53.333,1,2,18,0,32624.333,549.833,28.667,76.333
"<a href=""https://tiktok.com/@lpdjjnk"" target=""_blank"">@lpdjjnk</a>",17,5,54.815,0.952,3,25,0,901.4,44.6,0,0.4
"<a href=""https://tiktok.com/@luckyphone320"" target=""_blank"">@luckyphone320</a>",84,5,73.643,0.9,2,14,0,9085.8,201.8,2.4,2.2
"<a href=""https://tiktok.com/@ludwin.keith"" target=""_blank"">@ludwin.keith</a>",102,6,53.256,0.956,7,78,0,2076.167,39,1.333,6.667
"<a href=""https://tiktok.com/@lvlbtr"" target=""_blank"">@lvlbtr</a>",108,3,54.667,1,1,9,0,314,9.667,0,0.333
"<a href=""https://tiktok.com/@lwandiswamsithini"" target=""_blank"">@lwandiswamsithini</a>",9,8,48.798,0.874,8,72,0,3439.25,56.125,1.125,0.25
"<a href=""https://tiktok.com/@lxjjc"" target=""_blank"">@lxjjc</a>",7,4,62.652,0.833,2,15,0,2042.833,51.667,0.5,0.5
"<a href=""https://tiktok.com/@maemeg7"" target=""_blank"">@maemeg7</a>",70,4,11.5,1,1,8,0,1353,73.5,0.833,0.333
"<a href=""https://tiktok.com/@malasia2mbb0"" target=""_blank"">@malasia2mbb0</a>",104,5,58.806,0.905,3,32,0,1159.071,28.071,2.571,0.214
"<a href=""https://tiktok.com/@maryreynolds112"" target=""_blank"">@maryreynolds112</a>",34,5,58,1,1,7,0,109281.6,3426.8,24.6,17.2
"<a href=""https://tiktok.com/@melissahrenteria"" target=""_blank"">@melissahrenteria</a>",98,6,52.667,0.8,1,9,0,1038.667,25.833,1,6.667
"<a href=""https://tiktok.com/@midnightfy68"" target=""_blank"">@midnightfy68</a>",44,5,65.125,0.833,1,8,0,4984.364,61.909,1.545,4.636
"<a href=""https://tiktok.com/@mrqpgrnyb3467"" target=""_blank"">@mrqpgrnyb3467</a>",110,14,41.053,1,2,21,0,402.353,1.412,0,0
"<a href=""https://tiktok.com/@muhammad.dawi20"" target=""_blank"">@muhammad.dawi20</a>",98,5,61.604,0.8,2,17,0,563.333,22.5,0.833,9.333
"<a href=""https://tiktok.com/@mvbdanqi"" target=""_blank"">@mvbdanqi</a>",86,6,46.833,1,1,12,0,1845.333,115.167,0.5,0.333
"<a href=""https://tiktok.com/@nasiha.buthainah"" target=""_blank"">@nasiha.buthainah</a>",100,5,58.571,0.9,2,14,0,1110.167,30.5,1,11.5
"<a href=""https://tiktok.com/@nbhonghong5"" target=""_blank"">@nbhonghong5</a>",87,6,38.922,0.958,3,31,0,1879.833,111.333,3.5,3
"<a href=""https://tiktok.com/@ndmsl15"" target=""_blank"">@ndmsl15</a>",91,4,75.411,1,2,15,0,885.25,77.5,1.5,0.75
"<a href=""https://tiktok.com/@nhi.vo585"" target=""_blank"">@nhi.vo585</a>",45,5,66.036,0.8,2,15,0,1888,71.8,0,0.6
"<a href=""https://tiktok.com/@nidaye81"" target=""_blank"">@nidaye81</a>",68,8,27.283,0.975,5,75,0,1851.5,123.625,0.5,0.625
"<a href=""https://tiktok.com/@niyfvxq"" target=""_blank"">@niyfvxq</a>",8,6,73.286,1,1,7,0,1804.143,192.714,1.857,1.714
"<a href=""https://tiktok.com/@nkddaram"" target=""_blank"">@nkddaram</a>",107,9,48.9,0.952,3,26,0,2317.778,80.111,0.889,0.556
"<a href=""https://tiktok.com/@nqkwvc"" target=""_blank"">@nqkwvc</a>",70,4,11.5,1,1,8,0,8476.75,220.25,3.5,1.75
"<a href=""https://tiktok.com/@nxpsa4288"" target=""_blank"">@nxpsa4288</a>",75,4,31.5,1,1,8,0,1100.5,77.75,0.5,0.5
"<a href=""https://tiktok.com/@oaisg2"" target=""_blank"">@oaisg2</a>",93,5,51.5,1,1,8,0,27109.6,1140.6,31,8.2
"<a href=""https://tiktok.com/@objlhmtjemu"" target=""_blank"">@objlhmtjemu</a>",95,5,41.25,1,2,16,0,595.2,39.8,0.2,2
"<a href=""https://tiktok.com/@ofodypu"" target=""_blank"">@ofodypu</a>",112,3,39.074,0.967,6,54,0,711.333,15,0.667,0.333
"<a href=""https://tiktok.com/@oh.geigeigei"" target=""_blank"">@oh.geigeigei</a>",87,5,48.581,1,3,31,0,1744.667,103.667,2.667,0.333
"<a href=""https://tiktok.com/@ohchocx"" target=""_blank"">@ohchocx</a>",19,5,45.571,1,1,7,0,1513.8,49.8,0.2,0.2
"<a href=""https://tiktok.com/@okay11732"" target=""_blank"">@okay11732</a>",59,6,74.306,1,3,34,0,1351.333,78.222,0.444,1.111
"<a href=""https://tiktok.com/@olando.mayo"" target=""_blank"">@olando.mayo</a>",102,6,45.124,0.869,4,48,0,1352.833,19.5,1.167,7.5
"<a href=""https://tiktok.com/@olivia.ava.davis"" target=""_blank"">@olivia.ava.davis</a>",103,5,47.875,0.857,1,8,0,713.4,26.6,2,4.6
"<a href=""https://tiktok.com/@oljclk"" target=""_blank"">@oljclk</a>",72,4,27.25,1,2,16,0,1521.25,28.5,0.25,0
"<a href=""https://tiktok.com/@omaro.macovei"" target=""_blank"">@omaro.macovei</a>",55,8,65.214,1,2,14,0,4112.25,299.75,18.125,91.25
"<a href=""https://tiktok.com/@oscar.kennedy48"" target=""_blank"">@oscar.kennedy48</a>",55,7,48.143,1,1,7,0,2079.25,183,2.375,2.875
"<a href=""https://tiktok.com/@oshasg"" target=""_blank"">@oshasg</a>",92,6,58.208,1,4,36,0,931.333,61.167,1,0.333
"<a href=""https://tiktok.com/@owuhwh"" target=""_blank"">@owuhwh</a>",92,6,60.705,1,4,39,0,29612.667,1390.667,11.667,95.833
"<a href=""https://tiktok.com/@palatalongwith"" target=""_blank"">@palatalongwith</a>",81,3,58.857,1,1,7,0,1322,23.667,0.667,0.667
"<a href=""https://tiktok.com/@pbpktw"" target=""_blank"">@pbpktw</a>",94,6,68.194,0.976,7,71,0,948.667,20,0,0.167
"<a href=""https://tiktok.com/@pdilul"" target=""_blank"">@pdilul</a>",73,4,55.75,1,1,8,0,18538.5,408.5,2.5,2.25
"<a href=""https://tiktok.com/@phong.ngoc76"" target=""_blank"">@phong.ngoc76</a>",57,7,51.8,0.875,1,10,0,3723.429,50.714,1.143,0.714
"<a href=""https://tiktok.com/@plaqebfzf07"" target=""_blank"">@plaqebfzf07</a>",49,3,101,0.75,1,9,0,2286.778,208.444,15.222,13.444
"<a href=""https://tiktok.com/@puata14"" target=""_blank"">@puata14</a>",93,4,42.25,1,2,16,0,2020.25,57.25,2.75,0
"<a href=""https://tiktok.com/@puhrra"" target=""_blank"">@puhrra</a>",94,6,67.557,0.967,5,49,0,336,6.333,0,0.333
"<a href=""https://tiktok.com/@purnialesh45"" target=""_blank"">@purnialesh45</a>",56,7,40.101,1,3,22,0,2260.143,43.857,0.429,1.143
"<a href=""https://tiktok.com/@qdcieh"" target=""_blank"">@qdcieh</a>",64,9,21.225,0.948,7,135,0,855.222,84,0.889,0.667
"<a href=""https://tiktok.com/@qkehrewa"" target=""_blank"">@qkehrewa</a>",26,5,36.714,1,1,7,0,1541.143,81.857,1.429,1.571
"<a href=""https://tiktok.com/@qllsks0"" target=""_blank"">@qllsks0</a>",93,6,56.727,1,3,35,0,3223,113,2.667,1.5
"<a href=""https://tiktok.com/@quincyshop08"" target=""_blank"">@quincyshop08</a>",1,7,56.275,0.889,3,30,0,11359.143,75.143,4.429,0.286
"<a href=""https://tiktok.com/@rajamani.steagell"" target=""_blank"">@rajamani.steagell</a>",81,3,58.857,1,1,7,0,699.667,10.333,0.333,0.333
"<a href=""https://tiktok.com/@reddit_grayson99"" target=""_blank"">@reddit_grayson99</a>",64,9,25.738,0.927,7,135,0,1816.222,165.889,0.556,0.333
"<a href=""https://tiktok.com/@reddit_ignatius8"" target=""_blank"">@reddit_ignatius8</a>",89,6,59.941,1,2,26,0,28653.667,587.833,26.167,150.167
"<a href=""https://tiktok.com/@reddit_wave9"" target=""_blank"">@reddit_wave9</a>",64,3,29.148,0.8,3,27,0,994,34.667,0,0
"<a href=""https://tiktok.com/@redidgbxozg6"" target=""_blank"">@redidgbxozg6</a>",100,6,48.473,0.9,2,15,0,268.167,20.333,2.5,1.833
"<a href=""https://tiktok.com/@redyou27"" target=""_blank"">@redyou27</a>",114,4,50,0.76,5,40,0,769.5,21.75,0.25,2
"<a href=""https://tiktok.com/@rgyts7"" target=""_blank"">@rgyts7</a>",93,6,76.394,1,2,23,0,1695.333,118.667,1.333,0.667
"<a href=""https://tiktok.com/@rohingyao"" target=""_blank"">@rohingyao</a>",43,8,67.547,0.944,5,54,0,2397,113.375,3.5,1.25
"<a href=""https://tiktok.com/@rosacasey65"" target=""_blank"">@rosacasey65</a>",41,7,54.222,1,1,9,0,2266.571,165.857,1.286,7.857
"<a href=""https://tiktok.com/@rtikb3"" target=""_blank"">@rtikb3</a>",91,6,54.042,1,2,20,0,673.667,80,0.5,0
"<a href=""https://tiktok.com/@rtwgui"" target=""_blank"">@rtwgui</a>",95,4,67.75,1,2,15,0,1015,58.333,1,1
"<a href=""https://tiktok.com/@rubin.mervy8"" target=""_blank"">@rubin.mervy8</a>",46,4,50,0.625,1,9,0,7254.75,47.25,0.25,1.25
"<a href=""https://tiktok.com/@ryllskaya.reddit"" target=""_blank"">@ryllskaya.reddit</a>",29,5,40.429,0.905,3,21,0,1921,219.833,2.833,0.667
"<a href=""https://tiktok.com/@ryllskayaqing"" target=""_blank"">@ryllskayaqing</a>",29,7,53.89,0.868,3,26,0,4297,212.714,2.571,0.571
"<a href=""https://tiktok.com/@rzir34"" target=""_blank"">@rzir34</a>",112,3,18.333,0.96,5,45,0,4268,216.667,2,7
"<a href=""https://tiktok.com/@saad.houd.haikik"" target=""_blank"">@saad.houd.haikik</a>",98,6,42.333,0.8,1,9,0,504,13.167,0.5,3
"<a href=""https://tiktok.com/@safiyyah.iftikar"" target=""_blank"">@safiyyah.iftikar</a>",100,5,51.125,0.833,1,8,0,303.8,12.2,0.6,7
"<a href=""https://tiktok.com/@salah.hakem.sayeg"" target=""_blank"">@salah.hakem.sayeg</a>",97,6,39.014,0.802,2,27,0,258,5.5,0,0.667
"<a href=""https://tiktok.com/@sameerah.tare"" target=""_blank"">@sameerah.tare</a>",79,4,69.833,1,3,24,0,1101.75,60.25,0.5,0.5
"<a href=""https://tiktok.com/@saniyah.rafidah.k"" target=""_blank"">@saniyah.rafidah.k</a>",100,6,48.024,0.944,3,23,0,547.5,36,1.5,5.833
"<a href=""https://tiktok.com/@sasapco"" target=""_blank"">@sasapco</a>",43,7,46.337,0.861,4,44,0,2537.143,153.857,1.143,0.571
"<a href=""https://tiktok.com/@schgsc"" target=""_blank"">@schgsc</a>",26,7,56.361,0.929,4,30,0,1480.571,50,1.286,0.714
"<a href=""https://tiktok.com/@sdsdyou"" target=""_blank"">@sdsdyou</a>",43,8,50.2,0.917,4,46,0,3526.125,202.375,2.75,0.75
"<a href=""https://tiktok.com/@segji2"" target=""_blank"">@segji2</a>",93,6,59.556,1,3,36,0,1457,65.167,0.167,0.5
"<a href=""https://tiktok.com/@seile.rian"" target=""_blank"">@seile.rian</a>",46,4,54.625,0.857,1,8,0,1131.25,34.75,0,0
"<a href=""https://tiktok.com/@sfagnd"" target=""_blank"">@sfagnd</a>",93,6,58.083,1,2,20,0,982.5,66.667,1.5,0.667
"<a href=""https://tiktok.com/@sharleen.howard"" target=""_blank"">@sharleen.howard</a>",7,6,57.515,0.913,5,45,0,1512.833,151.833,0,0.333
"<a href=""https://tiktok.com/@shbsdd2"" target=""_blank"">@shbsdd2</a>",89,6,61.275,1,2,26,0,2143,56,5,3.333
"<a href=""https://tiktok.com/@shgj724"" target=""_blank"">@shgj724</a>",113,4,57.397,0.721,6,58,0,3777.75,13,0.25,0.25
"<a href=""https://tiktok.com/@shownbo"" target=""_blank"">@shownbo</a>",22,6,62.596,0.831,5,60,0,130.333,2.167,0,0
"<a href=""https://tiktok.com/@sjdh9643"" target=""_blank"">@sjdh9643</a>",30,8,48.286,1,1,7,0,1616.125,69.5,0.75,0.375
"<a href=""https://tiktok.com/@skkfdxh"" target=""_blank"">@skkfdxh</a>",17,6,61.444,1,2,18,0,1166.333,79.667,0,0.167
"<a href=""https://tiktok.com/@skunk.robinsong"" target=""_blank"">@skunk.robinsong</a>",54,7,88.571,1,1,7,0,1484,157.125,2.375,6.75
"<a href=""https://tiktok.com/@sqifhw"" target=""_blank"">@sqifhw</a>",94,6,59.688,1,4,40,0,675.667,12.167,0.5,0
"<a href=""https://tiktok.com/@stawaszlaher"" target=""_blank"">@stawaszlaher</a>",113,2,59.875,0.5,2,16,0,38679,206,0.5,3
"<a href=""https://tiktok.com/@steven.garrison13"" target=""_blank"">@steven.garrison13</a>",3,6,49.393,0.733,2,15,0,2143.167,58,0.833,0.833
"<a href=""https://tiktok.com/@stoyouh"" target=""_blank"">@stoyouh</a>",43,7,51.571,0.833,1,7,0,1959.875,75.875,1.125,1.125
"<a href=""https://tiktok.com/@sun.lilym"" target=""_blank"">@sun.lilym</a>",56,8,43.175,0.944,2,22,0,2027.125,71.875,1,1.5
"<a href=""https://tiktok.com/@suoxin2"" target=""_blank"">@suoxin2</a>",16,5,54.5,1,2,15,0,660.6,20,0.2,0
"<a href=""https://tiktok.com/@sush0240"" target=""_blank"">@sush0240</a>",61,8,10.125,1,1,8,0,1339.111,49.333,0.222,0.667
"<a href=""https://tiktok.com/@sweet_babyc120"" target=""_blank"">@sweet_babyc120</a>",50,10,94.158,0.5,1,19,0,656.312,84.312,10.396,3.708
"<a href=""https://tiktok.com/@tathkj"" target=""_blank"">@tathkj</a>",111,3,59.667,1,2,18,0,181.667,3.333,0.333,0
"<a href=""https://tiktok.com/@tdiifhr"" target=""_blank"">@tdiifhr</a>",35,5,42.7,0.938,2,20,0,109264.6,2889.4,62.2,45
"<a href=""https://tiktok.com/@tdy1634"" target=""_blank"">@tdy1634</a>",112,3,20.6,1,5,45,0,821.667,45.667,0,0.333
"<a href=""https://tiktok.com/@tedhhy6"" target=""_blank"">@tedhhy6</a>",26,8,53.425,0.849,3,27,0,1772.5,65.125,0.125,0.25
"<a href=""https://tiktok.com/@tessh95"" target=""_blank"">@tessh95</a>",92,6,64.538,1,3,27,0,5511.167,344.667,2.167,9.5
"<a href=""https://tiktok.com/@text690"" target=""_blank"">@text690</a>",43,5,85.857,1,1,7,0,3609.75,122.5,1.75,3.5
"<a href=""https://tiktok.com/@texts178"" target=""_blank"">@texts178</a>",43,6,74.681,0.9,5,41,0,1817.571,95.571,1.571,0.143
"<a href=""https://tiktok.com/@tgmfli"" target=""_blank"">@tgmfli</a>",111,3,69.556,1,3,27,0,486,8.667,0,0
"<a href=""https://tiktok.com/@thi.chanh.viet.do"" target=""_blank"">@thi.chanh.viet.do</a>",52,5,44.25,1,1,8,0,1467.2,110.8,0.4,1
"<a href=""https://tiktok.com/@thuc.nguyen2010"" target=""_blank"">@thuc.nguyen2010</a>",45,6,56.036,0.729,2,17,0,8061.333,113,3.333,3.667
"<a href=""https://tiktok.com/@tiffany.c..irvin"" target=""_blank"">@tiffany.c..irvin</a>",97,6,38.353,0.857,2,24,0,1299.5,17,0.833,5.333
"<a href=""https://tiktok.com/@tmuacp"" target=""_blank"">@tmuacp</a>",111,3,41.167,1,2,18,0,211,5.333,0.667,0
"<a href=""https://tiktok.com/@tug35587"" target=""_blank"">@tug35587</a>",92,6,56.01,1,3,31,0,5112.5,256.167,1,2.5
"<a href=""https://tiktok.com/@tugx2917"" target=""_blank"">@tugx2917</a>",63,6,68.9,1,2,24,0,363.667,23.222,0.222,0.667
"<a href=""https://tiktok.com/@twinson46"" target=""_blank"">@twinson46</a>",22,6,56.277,0.95,4,34,0.001,124.833,1.833,0,0
"<a href=""https://tiktok.com/@twjbxkb"" target=""_blank"">@twjbxkb</a>",22,6,60.461,0.925,5,60,0,129.333,1.5,0,0.167
"<a href=""https://tiktok.com/@twkg9813"" target=""_blank"">@twkg9813</a>",60,9,56.444,0.935,5,70,0,725.556,40.889,0.333,0
"<a href=""https://tiktok.com/@twrryyekibq"" target=""_blank"">@twrryyekibq</a>",25,3,65.286,1,1,7,0,787.167,37.833,3.167,7.667
"<a href=""https://tiktok.com/@twvs4521"" target=""_blank"">@twvs4521</a>",60,9,66.194,0.972,4,63,0,810.778,56.444,0.889,0.111
"<a href=""https://tiktok.com/@ubhutfrx"" target=""_blank"">@ubhutfrx</a>",1,8,60.788,0.854,6,54,0,1702.5,128.625,1.25,1.875
"<a href=""https://tiktok.com/@uest1280"" target=""_blank"">@uest1280</a>",60,6,61.292,1,4,54,0,97.5,0.833,0,1.167
"<a href=""https://tiktok.com/@ufsc8075"" target=""_blank"">@ufsc8075</a>",66,3,57.333,1,1,9,0,1044.4,53.4,0.8,0.8
"<a href=""https://tiktok.com/@ugikbk4"" target=""_blank"">@ugikbk4</a>",21,4,53.75,1,1,8,0,1471.75,17,0,0.25
"<a href=""https://tiktok.com/@uiavao.bskvai"" target=""_blank"">@uiavao.bskvai</a>",41,6,69.714,0.857,1,7,0,1410.833,98.833,1,1.5
"<a href=""https://tiktok.com/@uosnatiahwk"" target=""_blank"">@uosnatiahwk</a>",2,6,65.236,0.857,2,17,0,5164.875,44.375,1.375,0.125
"<a href=""https://tiktok.com/@urdu9708"" target=""_blank"">@urdu9708</a>",65,5,43.103,1,3,35,0,2302,73.8,0,0.2
"<a href=""https://tiktok.com/@user21677638672342"" target=""_blank"">@user21677638672342</a>",107,9,55.112,0.937,4,39,0,4766.889,29.889,0,0.778
"<a href=""https://tiktok.com/@user2201058539802"" target=""_blank"">@user2201058539802</a>",32,8,53.804,0.85,2,26,0,2777,130.75,1,1.875
"<a href=""https://tiktok.com/@user2920462956526"" target=""_blank"">@user2920462956526</a>",11,4,67.429,0.833,1,7,0,2087.25,50.75,0,7
"<a href=""https://tiktok.com/@user31313825076752"" target=""_blank"">@user31313825076752</a>",32,8,53.964,0.894,2,28,0,8757,284.125,2.875,0.75
"<a href=""https://tiktok.com/@user3154950400581"" target=""_blank"">@user3154950400581</a>",38,4,51.286,1,1,7,0,1907.75,136.5,2.25,0.5
"<a href=""https://tiktok.com/@user3357615163181"" target=""_blank"">@user3357615163181</a>",115,3,80.333,1,1,9,0,94228.333,2229,12,290.333
"<a href=""https://tiktok.com/@user3436197788624"" target=""_blank"">@user3436197788624</a>",47,4,61.25,1,2,18,0,55829.2,875.6,12,10.8
"<a href=""https://tiktok.com/@user4146560185668"" target=""_blank"">@user4146560185668</a>",114,2,31.25,1,1,8,0,540,14.5,0,0
"<a href=""https://tiktok.com/@user4148379047616"" target=""_blank"">@user4148379047616</a>",29,7,49.233,0.952,3,23,0,1761.857,118.571,0.286,0.286
"<a href=""https://tiktok.com/@user4181021201798"" target=""_blank"">@user4181021201798</a>",11,4,67.429,0.833,1,7,0,819.25,25,0.5,2
"<a href=""https://tiktok.com/@user4436815469624"" target=""_blank"">@user4436815469624</a>",111,3,61.167,1,2,18,0,559.667,31,0,0.333
"<a href=""https://tiktok.com/@user4558398154190"" target=""_blank"">@user4558398154190</a>",22,6,66.195,0.894,5,61,0,213.667,4.667,0,0
"<a href=""https://tiktok.com/@user53021581539344"" target=""_blank"">@user53021581539344</a>",22,6,58.788,0.933,4,38,0.001,130,3.333,0,0
"<a href=""https://tiktok.com/@user5626060056906"" target=""_blank"">@user5626060056906</a>",1,8,56.361,0.911,7,70,0,2650.875,198,0.75,0.75
"<a href=""https://tiktok.com/@user67829690186377"" target=""_blank"">@user67829690186377</a>",22,6,64.12,0.845,6,60,0,121.667,1.833,0,0
"<a href=""https://tiktok.com/@user6812280201318"" target=""_blank"">@user6812280201318</a>",106,9,74,0.833,1,7,0,1659.222,23.222,0.111,0.444
"<a href=""https://tiktok.com/@user6922385284275"" target=""_blank"">@user6922385284275</a>",1,8,52.031,0.954,8,83,0,1098,74.375,0.875,0.625
"<a href=""https://tiktok.com/@user7080026610324"" target=""_blank"">@user7080026610324</a>",39,7,61.214,0.929,2,14,0,1696,69.429,5.143,1.714
"<a href=""https://tiktok.com/@user7285945563907"" target=""_blank"">@user7285945563907</a>",115,3,80.333,1,1,9,0,3279.333,101.667,0.667,1.333
"<a href=""https://tiktok.com/@user7361651570203"" target=""_blank"">@user7361651570203</a>",10,4,53.429,1,1,7,0,3855.75,51.75,0.75,7.5
"<a href=""https://tiktok.com/@user7605976152392"" target=""_blank"">@user7605976152392</a>",7,7,49.376,0.937,7,66,0,2410.143,55.857,1.286,0.714
"<a href=""https://tiktok.com/@user8135301746396"" target=""_blank"">@user8135301746396</a>",109,8,42.185,0.909,1,27,0,1163.25,82.125,1.25,0.875
"<a href=""https://tiktok.com/@user8168691298265"" target=""_blank"">@user8168691298265</a>",5,8,76.667,0.75,1,9,0,1846.75,67,0.875,0.75
"<a href=""https://tiktok.com/@user85162881442607"" target=""_blank"">@user85162881442607</a>",22,6,61.847,0.877,3,33,0,141.667,1.667,0,0
"<a href=""https://tiktok.com/@user8847609801518"" target=""_blank"">@user8847609801518</a>",10,4,53.429,1,1,7,0,3850,84.75,4,11
"<a href=""https://tiktok.com/@user8861376993313"" target=""_blank"">@user8861376993313</a>",88,7,55.375,1,1,8,0,1015.143,8.286,0.143,1.571
"<a href=""https://tiktok.com/@user90458309763611"" target=""_blank"">@user90458309763611</a>",54,7,88.571,1,1,7,0,1068.571,107.429,1,2
"<a href=""https://tiktok.com/@user9868028168800"" target=""_blank"">@user9868028168800</a>",22,4,41.538,0.854,2,18,0,156.75,0.5,0,0
"<a href=""https://tiktok.com/@user99453748076307"" target=""_blank"">@user99453748076307</a>",22,5,43.45,0.938,2,18,0,115,1.2,0,0
"<a href=""https://tiktok.com/@user9960965670038"" target=""_blank"">@user9960965670038</a>",14,5,59.857,1,1,7,0,956.8,17.2,0,0.2
"<a href=""https://tiktok.com/@username0022660"" target=""_blank"">@username0022660</a>",104,9,56.478,0.905,3,43,0,72742.75,552.1,3.05,10.5
"<a href=""https://tiktok.com/@username0201726"" target=""_blank"">@username0201726</a>",104,7,61.778,1,1,9,0,29455.524,148.19,2.857,7.81
"<a href=""https://tiktok.com/@username224064"" target=""_blank"">@username224064</a>",105,10,60.654,0.938,2,28,0,60530.952,628.476,14.333,337.143
"<a href=""https://tiktok.com/@username6652655"" target=""_blank"">@username6652655</a>",49,6,101,0.75,1,9,0,427.6,32.1,2.167,1.1
"<a href=""https://tiktok.com/@usernamer02023"" target=""_blank"">@usernamer02023</a>",104,6,51.924,0.929,2,32,0,1551.6,121.95,7.8,1.35
"<a href=""https://tiktok.com/@usjg2117"" target=""_blank"">@usjg2117</a>",63,9,58.758,0.933,3,29,0,675.111,67.778,0.556,0.444
"<a href=""https://tiktok.com/@uwaisah.jameela.m"" target=""_blank"">@uwaisah.jameela.m</a>",99,6,67.857,0.9,2,14,0,450.833,18.833,1.5,2.167
"<a href=""https://tiktok.com/@uzrd3"" target=""_blank"">@uzrd3</a>",112,3,32.867,1,5,45,0,3867.667,117.333,1,3
"<a href=""https://tiktok.com/@vaigg0"" target=""_blank"">@vaigg0</a>",38,7,64.778,1,1,9,0,2651.286,178.571,5.286,12.571
"<a href=""https://tiktok.com/@vickycarr530"" target=""_blank"">@vickycarr530</a>",5,8,76.667,0.75,1,9,0,2914.875,86.5,1.25,3.375
"<a href=""https://tiktok.com/@vitsu.alec1"" target=""_blank"">@vitsu.alec1</a>",46,3,62.143,0.667,1,7,0,2054.333,50.333,0,0.667
"<a href=""https://tiktok.com/@voie3340"" target=""_blank"">@voie3340</a>",65,5,66.068,0.933,3,33,0,1522.8,44,0.2,0
"<a href=""https://tiktok.com/@vsuau5"" target=""_blank"">@vsuau5</a>",91,6,67.802,0.878,3,25,0,726,52.667,1.167,0.333
"<a href=""https://tiktok.com/@wawayusai463"" target=""_blank"">@wawayusai463</a>",113,2,63.214,0.9,2,15,0,899.5,48.5,0,0
"<a href=""https://tiktok.com/@wbakf3819"" target=""_blank"">@wbakf3819</a>",76,3,57.125,1,1,8,0,1550.5,73.667,0.167,0.333
"<a href=""https://tiktok.com/@wevbocr"" target=""_blank"">@wevbocr</a>",69,5,13.5,0.857,1,8,0,1774.2,27.2,2.8,0.2
"<a href=""https://tiktok.com/@wgslhe"" target=""_blank"">@wgslhe</a>",94,6,59.585,1,4,43,0,1060.5,28.167,0.333,0.333
"<a href=""https://tiktok.com/@wiate.doni0"" target=""_blank"">@wiate.doni0</a>",46,5,71.125,1,1,8,0,1886,58.2,0.8,0.2
"<a href=""https://tiktok.com/@wiqg8225"" target=""_blank"">@wiqg8225</a>",63,9,69.822,1,3,33,0,456.889,31.444,0.222,0.444
"<a href=""https://tiktok.com/@wivdk"" target=""_blank"">@wivdk</a>",24,6,57.375,0.857,1,8,0,767.833,6.333,2.333,1.833
"<a href=""https://tiktok.com/@wive0570"" target=""_blank"">@wive0570</a>",62,6,81.909,1,2,29,0,845.444,53.556,0.222,2.556
"<a href=""https://tiktok.com/@woshenmake"" target=""_blank"">@woshenmake</a>",76,3,57.125,1,1,8,0,1963,53.333,0,0
"<a href=""https://tiktok.com/@wroe.edith6"" target=""_blank"">@wroe.edith6</a>",46,4,50.057,0.929,2,17,0,1955.25,50.5,0.25,0.25
"<a href=""https://tiktok.com/@wsbhd0"" target=""_blank"">@wsbhd0</a>",90,4,51.75,1,1,8,0,745.25,43.25,0.5,0
"<a href=""https://tiktok.com/@wsfj4"" target=""_blank"">@wsfj4</a>",90,4,51.75,1,1,8,0,261.75,6.5,0.75,0
"<a href=""https://tiktok.com/@wss0307"" target=""_blank"">@wss0307</a>",84,5,65.714,0.929,2,16,0,1770.333,293.667,1.667,0.5
"<a href=""https://tiktok.com/@wyiznn"" target=""_blank"">@wyiznn</a>",22,6,56.175,0.958,3,30,0,102.333,0.667,0,0
"<a href=""https://tiktok.com/@xchinaqueen5"" target=""_blank"">@xchinaqueen5</a>",51,11,92.739,0.875,1,23,0,655.789,52.474,5.211,1.158
"<a href=""https://tiktok.com/@xchinaqueen6"" target=""_blank"">@xchinaqueen6</a>",51,7,96.441,0.637,2,30,0,587.167,56,9.333,1.333
"<a href=""https://tiktok.com/@xchinaqueen8"" target=""_blank"">@xchinaqueen8</a>",51,2,100.143,0.4,1,7,0,362.05,25.75,4.15,0.6
"<a href=""https://tiktok.com/@xcwvym2"" target=""_blank"">@xcwvym2</a>",74,4,65.25,1,1,8,0,1140.75,38.25,1.25,0
"<a href=""https://tiktok.com/@xnjjehj"" target=""_blank"">@xnjjehj</a>",15,5,59.286,1,1,7,0,1520.4,51,0,0
"<a href=""https://tiktok.com/@xqi004"" target=""_blank"">@xqi004</a>",114,3,70,0.5,1,8,0,68505.333,1243.333,16.333,22.333
"<a href=""https://tiktok.com/@xvjdsj5"" target=""_blank"">@xvjdsj5</a>",79,4,46.417,1,3,24,0,2345.25,48,0.5,0
"<a href=""https://tiktok.com/@xx16682"" target=""_blank"">@xx16682</a>",2,4,57.512,1,3,22,0,565,10,0,0
"<a href=""https://tiktok.com/@xxdream86"" target=""_blank"">@xxdream86</a>",44,6,52.884,0.9,2,15,0,5423.727,72.727,5.091,15.727
"<a href=""https://tiktok.com/@xxzkpfyq"" target=""_blank"">@xxzkpfyq</a>",107,9,57.493,1,2,17,0,3312.222,76.778,2.444,2.667
"<a href=""https://tiktok.com/@ydpoglcj"" target=""_blank"">@ydpoglcj</a>",26,7,61.286,1,1,7,0,2494.375,119.125,1.125,1.625
"<a href=""https://tiktok.com/@ydwthnm"" target=""_blank"">@ydwthnm</a>",58,6,41,1,1,8,0,2932.375,55.25,0.625,0.75
"<a href=""https://tiktok.com/@yeifb0"" target=""_blank"">@yeifb0</a>",2,7,58.35,0.929,4,32,0,3433,73.286,1.571,13
"<a href=""https://tiktok.com/@yga.uha"" target=""_blank"">@yga.uha</a>",36,7,50.286,1,1,7,0,2887,80.429,0.857,0.714
"<a href=""https://tiktok.com/@yifajiubao8"" target=""_blank"">@yifajiubao8</a>",84,6,70.929,0.829,2,16,0,2046.833,229.167,1.667,0.333
"<a href=""https://tiktok.com/@yiitsukb"" target=""_blank"">@yiitsukb</a>",41,8,61.968,0.929,2,16,0,1929.875,131.625,1.75,2
"<a href=""https://tiktok.com/@yiwbsij"" target=""_blank"">@yiwbsij</a>",22,5,51.25,1,2,18,0,61.167,0.167,0,0
"<a href=""https://tiktok.com/@ylevkpiubsl"" target=""_blank"">@ylevkpiubsl</a>",12,6,51.667,1,1,9,0,866,33.333,0.5,0.5
"<a href=""https://tiktok.com/@yoayoayanyan"" target=""_blank"">@yoayoayanyan</a>",18,5,58.31,1,3,22,0,1872.8,135.4,1.6,1
"<a href=""https://tiktok.com/@ysishhd7"" target=""_blank"">@ysishhd7</a>",38,8,59.688,0.952,3,23,0,1656.5,111.875,5.875,2.375
"<a href=""https://tiktok.com/@ytrq8081"" target=""_blank"">@ytrq8081</a>",59,9,70.184,1,5,92,0,3011.778,84.667,0.556,0.556
"<a href=""https://tiktok.com/@yun.wu15"" target=""_blank"">@yun.wu15</a>",18,5,71.857,1,1,7,0,1258,61.8,1.6,8.6
"<a href=""https://tiktok.com/@yvrrrrcc.g.52"" target=""_blank"">@yvrrrrcc.g.52</a>",85,4,37.571,1,2,15,0,7249,251.25,3.5,1.25
"<a href=""https://tiktok.com/@zahra.radiyah.asf"" target=""_blank"">@zahra.radiyah.asf</a>",99,5,62.062,0.9,2,15,0,118.4,2,0.4,0.2
"<a href=""https://tiktok.com/@zivbmhuzr4s"" target=""_blank"">@zivbmhuzr4s</a>",23,5,57.875,1,1,8,0,516.167,21,1.833,4.667
"<a href=""https://tiktok.com/@zjsrryuui"" target=""_blank"">@zjsrryuui</a>",88,7,55.375,1,1,8,0,1315.125,17.75,0.125,2.875
"<a href=""https://tiktok.com/@zorhajktn884"" target=""_blank"">@zorhajktn884</a>",110,14,42.065,1,2,23,0,335.133,1.133,0.133,0
"<a href=""https://tiktok.com/@ztctmxt"" target=""_blank"">@ztctmxt</a>",69,6,13.5,0.857,1,8,0,1029.833,84.667,1.667,0.167
"<a href=""https://tiktok.com/@zurina.sara"" target=""_blank"">@zurina.sara</a>",98,6,66.771,0.8,2,17,0,196,9.5,1,2.167
"<a href=""https://tiktok.com/@zvjsl"" target=""_blank"">@zvjsl</a>",93,6,59.544,0.933,3,27,0,1513.5,69.833,1.667,6
"<a href=""https://tiktok.com/@zxvb736"" target=""_blank"">@zxvb736</a>",47,4,64.714,0.6,1,7,0,1654,72.75,0,3
"<a href=""https://tiktok.com/@zzhjdj4"" target=""_blank"">@zzhjdj4</a>",13,4,49.143,0.833,1,7,0,1995.6,73,0,0.2
