"Network","Number of Accounts","Network Density","Network Diameter","Clustering Coefficient","Avg Views","Avg Likes","Avg Comments","Avg Shares","Member Accounts"
1,15,0.419,28,0.54,3680.584,145.354,1.77,2.796,"irdc042, jtcytxyzey, hdifhg5, jsosjxj8, jdpxorjf, chantalkusch, fughf21, jfkovj5, ubhutfrx, quincyshop08, be.jkigv, user5626060056906, krug011, bmc12655, user6922385284275"
2,6,0.667,16,0.577,2747.645,45.742,1.097,3,"uosnatiahwk, aedjdpckd, xx16682, geujcc, hdodjdb5, yeifb0"
3,7,0.286,33,0,2189.434,112.302,0.755,1.736,"fsjoxkf, hciiv26, idhd139, gxiiff3, steven.garrison13, cp.eagdu, craig.harrell0"
4,3,1,8,1,1703.944,72.278,0.389,2.389,"bfihc, aedhdici, hdr86575"
5,2,1,9,0,2380.812,76.75,1.062,2.062,"user8168691298265, vickycarr530"
6,2,1,8,0,3051.545,101.364,0.636,1.273,"fauy8466, aedyckctu"
7,9,0.556,28,0.69,3410.82,90.656,0.689,3.098,"aedhdjcoof, gduhx01, sharleen.howard, fduic5, fcjjv86, lxjjc, aedgslpxjx, hdhxh3484, user7605976152392"
8,2,1,7,0,1747.357,141.429,1.643,1.071,"den781157, niyfvxq"
9,11,0.582,18,0.657,9805.917,118.417,1.952,2.048,"aed75787, akkaanav.risksjsg, ghv.vbk, debran.oxonrp81, hoeg.huan, aed3660, aeda1689, debran.oxonrp00, aed7p4, immanuel.dominik, lwandiswamsithini"
10,2,1,7,0,3852.875,68.25,2.375,9.25,"user7361651570203, user8847609801518"
11,2,1,7,0,1453.25,37.875,0.25,4.5,"user4181021201798, user2920462956526"
12,4,0.5,17,0,925.318,61.5,0.409,0.5,"fijficvk, kgkghkv, hajhsh12, ylevkpiubsl"
13,3,0.667,14,0,1240.533,46.733,1.133,0.267,"fhdjfjfj8, adhhrrt, zzhjdj4"
14,2,1,7,0,1223.111,27.778,1,0.333,"lhodsrr, user9960965670038"
15,2,1,7,0,1465.3,85.1,0.2,0,"jkdkj, xnjjehj"
16,4,0.833,14,0.75,662,26.81,0.571,0.19,"suoxin2, cihohsqwfi, gigigjj, gkkfykjb"
17,4,0.667,17,0.6,1013.19,71.476,0.286,0.429,"chkchifofo, skkfdxh, lpdjjnk, if.en.is.fam"
18,5,0.5,24,0.429,1102.37,61.259,0.852,2.074,"cjsllfd, hootchxs, jffihofff, yoayoayanyan, yun.wu15"
19,3,0.667,14,0,1239.867,44.533,0.333,0.467,"kaylabigsjo, ohchocx, iggkgmv"
20,2,1,7,0,866.625,67.625,0.25,0.625,"fjngjrffu, jkakbbvgg"
21,2,1,8,0,887.375,11.375,0,0.125,"gduaddit, ugikbk4"
22,19,0.199,64,0.618,142.187,2.047,0.009,0.009,"hsiwibs, user67829690186377, djakbksi, user4558398154190, shownbo, twjbxkb, fjjfjko, user85162881442607, user53021581539344, twinson46, user9868028168800, user99453748076307, ghjbsjb, fhakowbz, djejgek, cbnkugf, bdjkeo, yiwbsij, wyiznn"
23,2,1,8,0,460,16.417,1.25,2.5,"gooejxrtudk, zivbmhuzr4s"
24,2,1,8,0,584.917,9.083,1.583,1.333,"chhvfhjn, wivdk"
25,2,1,7,0,919.25,50.75,5.083,7.667,"acyjlnni1ue, twrryyekibq"
26,6,0.467,22,0.462,1904.591,75.364,0.841,1.023,"schgsc, fkncxh, tedhhy6, qkehrewa, fijvxdd, ydpoglcj"
27,2,1,7,0,4251.125,117.25,1.188,2.188,"kimleonard0623, aedbr6"
28,2,1,8,0,3863.6,176.533,9.2,14.467,"aed2977, juliedouglass2013"
29,5,0.7,16,0.462,2175.444,141.694,1.222,0.444,"ryllskayaqing, ryllskaya.reddit, ksndfmggf, user4148379047616, djbdjfjff"
30,2,1,7,0,1842.067,107.133,1.2,6.867,"sjdh9643, jfoxbx"
31,2,1,10,0,1719.25,84.667,0.917,1.833,"aeduriosod, leopolda.harriett"
32,3,1,14,1,4829.75,201.083,1.583,1.167,"bdpd57, user2201058539802, user31313825076752"
33,3,0.667,18,0,3133.059,192.294,2.706,7.059,"fjvfjk4, bsbsbsvsv44, aedjxpxodj"
34,2,1,7,0,46962.333,1452.167,11.25,7.583,"bfc.hff, maryreynolds112"
35,3,1,10,1,45928.706,1322.588,27.647,86.765,"tdiifhr, jckfjd.bff, carmen.vega355"
36,2,1,7,0,2878,127.571,1.5,0.786,"andrew.allain2, yga.uha"
37,2,1,7,0,6104.182,275.909,1.636,4,"fhfg2499, hckcudh1"
38,4,0.5,16,0,2090.32,128.04,4.36,4.68,"chdg050, user3154950400581, vaigg0, ysishhd7"
39,3,0.667,14,0,3044.1,96.3,2.65,1.25,"ididu034, user7080026610324, hpcfh"
40,2,1,8,0,2263.467,113.933,1.133,1.667,"gutieyy7, djm9r"
41,3,0.667,16,0,1893.81,133.667,1.381,3.81,"uiavao.bskvai, rosacasey65, yiitsukb"
42,3,1,8,1,2183.067,154,2.2,3.933,"djsisidh, jfjjfhk8, kfusj3"
43,8,0.464,29,0.714,2669.797,133.441,1.966,1.644,"hdryxd, rohingyao, landscape5670, stoyouh, text690, sdsdyou, sasapco, texts178"
44,4,0.667,23,0.6,4600.535,64.558,3.163,6.837,"jane95436, midnightfy68, gatillocristein6, xxdream86"
45,3,1,10,1,4546.688,80.375,1.438,2.125,"khanh.dao61, nhi.vo585, thuc.nguyen2010"
46,7,0.333,19,0.176,3454.267,66.1,0.267,0.567,"benedossie2, lawgray3, rubin.mervy8, wiate.doni0, vitsu.alec1, seile.rian, wroe.edith6"
47,4,0.667,16,0.6,15715.85,288.5,3.3,5.25,"user3436197788624, gooj806, jvtvc3, zxvb736"
48,4,0.5,35,0,1913.227,70.136,0.364,0.909,"dthh824, aed0267, jajsjsn56, jvhb240"
49,2,1,9,0,856.641,72.795,5.179,3.949,"plaqebfzf07, username6652655"
50,2,1,19,0,1456.455,85.167,10.561,4.136,"amazing_seeet120, sweet_babyc120"
51,3,0.667,30,0,524.451,42.824,5.765,0.98,"xchinaqueen5, xchinaqueen6, xchinaqueen8"
52,2,1,8,0,1564.5,140.333,1.333,2.833,"grry77768, thi.chanh.viet.do"
53,2,1,7,0,1738.077,136,1.077,0.769,"lierd.wilfrp, bagge.hazelk"
54,2,1,7,0,1290.133,133.933,1.733,4.533,"skunk.robinsong, user90458309763611"
55,3,0.667,14,0,2746.792,208.5,7.167,31.958,"omaro.macovei, aedfjats, oscar.kennedy48"
56,8,0.429,40,0.692,2136.206,51.762,0.921,1.095,"emory.drawehj, purnialesh45, ilges.estelwei, sun.lilym, juliosalazar229, aseng.haymong, carlos.alberto.al886, lanora.haskely"
57,3,0.667,18,0,7494.136,95.5,3.636,1.364,"cuc.thu243, phong.ngoc76, cxd.shd"
58,2,1,8,0,1996.533,38.267,0.6,0.533,"kyfg6663, ydwthnm"
59,8,0.536,46,0.562,1539.493,68.408,0.521,0.859,"drgd8391, jkuy0534, ghhj8554, okay11732, bvoo3130, dijx3903, fhda78402, ytrq8081"
60,7,0.81,27,0.794,662.333,43.825,0.596,0.421,"kjuq5904, eiej4325, gjhg8047, jccj44506, twkg9813, twvs4521, uest1280"
61,2,1,8,0,1766.889,56.111,0.556,0.611,"ifrt2705, sush0240"
62,4,0.833,20,0.75,856.629,43.286,0.229,2.829,"fhxk1941, bkot6010, givi0331, wive0570"
63,4,0.833,20,0.75,697.371,44.971,0.429,0.429,"tugx2917, isce0690, usjg2117, wiqg8225"
64,8,0.857,27,0.905,1017.241,87.185,0.63,0.537,"eagehh, kubjij, qdcieh, hojdmc, ciojkb, dhuolt, reddit_grayson99, reddit_wave9"
65,4,1,13,1,1591.35,68.4,0.25,0.4,"cjur6297, fkir2290, urdu9708, voie3340"
66,4,0.5,25,0,668.95,48.6,0.45,0.6,"hrsy60677, cjire9104, dhhi6645, ufsc8075"
67,2,1,8,0,1981.4,105.3,0.6,3.9,"clirr5282, gjguq6894"
68,6,0.8,24,0.846,1527.429,71.371,0.657,0.371,"bxkke4723, gxhx514, liaojiuyu, bdjsbsk4, gohdr4367, nidaye81"
69,2,1,8,0,1368.182,58.545,2.182,0.182,"wevbocr, ztctmxt"
70,2,1,8,0,4202.5,132.2,1.9,0.9,"maemeg7, nqkwvc"
71,2,1,8,0,2615.75,49.25,1,0.25,"leoraf9, gqvgpl"
72,3,1,8,1,1817.917,58.5,1.083,0.083,"ljpjvh, hwvrok, oljclk"
73,2,1,8,0,10463.625,233.125,2.375,1.125,"pdilul, htjzwe4"
74,2,1,8,0,1509,54.75,1,0.125,"awmilke, xcwvym2"
75,2,1,8,0,1302.375,73.875,0.625,0.5,"hdksp6389, nxpsa4288"
76,2,1,8,0,1688,66.889,0.111,0.222,"wbakf3819, woshenmake"
77,2,1,8,0,2933.5,168.625,3.125,0.625,"hzjsjs897, hds.hy"
78,3,0.667,16,0,10123.167,544.75,3.333,1.75,"ciucfyictci, gdghss35, dfittf"
79,5,0.6,24,0.6,2110.8,93.6,0.55,0.1,"hsbshzu0, cigcgict, sameerah.tare, elleigh.anton, xvjdsj5"
80,2,1,9,0,1421,48.167,0.333,0.333,"dytfd65, dnakr3818"
81,2,1,7,0,1010.833,17,0.5,0.5,"rajamani.steagell, palatalongwith"
82,2,1,7,0,2967.625,72.75,1,0.5,"buggyhugh1, dining.seventy"
83,2,1,7,0,926.375,53.625,1,3.5,"ianboone74, krissityann"
84,3,1,9,1,4019.529,243.882,1.882,0.941,"wss0307, luckyphone320, yifajiubao8"
85,3,1,8,1,3227.5,148.083,1.75,1.083,"dirkgncyy.z.110, djfntt.7191, yvrrrrcc.g.52"
86,2,1,12,0,1734.75,163.333,1.083,0.5,"facailllll12138, mvbdanqi"
87,5,0.8,17,0.789,1496.379,96.552,1.724,1.034,"bihuo6660, gzd1hao, nbhonghong5, caifu1802, oh.geigeigei"
88,2,1,8,0,1175.133,13.333,0.133,2.267,"user8861376993313, zjsrryuui"
89,3,1,17,1,21140.333,397.889,19.944,76.611,"lnppoe, reddit_ignatius8, shbsdd2"
90,2,1,8,0,503.5,24.875,0.625,0,"wsbhd0, wsfj4"
91,6,0.467,29,0.6,4566.618,160.853,1.382,1.206,"ndmsl15, itsstj2, gheoe8, eyidk5, rtikb3, vsuau5"
92,9,0.389,42,0.583,10044.111,514.556,4.907,19.519,"dghhg372, tessh95, jspsns3, hfstil3, owuhwh, gdjdi63, oshasg, hurrryu, tug35587"
93,14,0.176,103,0.375,6416.064,270.244,5.923,2.359,"oaisg2, sfagnd, iuwgeh, bjspsp, gysfh4, jelejeh1, isgsjdj0, flsosi5, qllsks0, dvdjsh29, rgyts7, zvjsl, puata14, segji2"
94,12,0.379,50,0.618,1046.197,24.972,0.211,0.986,"bpgarp, puhrra, pbpktw, eqmhqf, idpeoc, dtbtcc8, bipiqo, hltuoq, hidouo, lhqitc, sqifhw, wgslhe"
95,3,1,8,1,824.412,47.235,1.176,1.235,"rtwgui, objlhmtjemu, arffug"
96,2,1,9,0,18142.083,369.333,4.75,3.75,"hdicok57, hfigi61"
97,3,1,16,1,713.944,13.944,0.5,2.944,"salah.hakem.sayeg, tiffany.c..irvin, barakah.yasmine.s"
98,4,0.5,26,0,575.5,17.75,0.833,5.292,"melissahrenteria, muhammad.dawi20, saad.houd.haikik, zurina.sara"
99,3,1,8,1,437.471,12.824,1,2.235,"lahab.fakhiri.ari, uwaisah.jameela.m, zahra.radiyah.asf"
100,4,0.667,16,0.6,568.435,25.304,1.435,6.522,"nasiha.buthainah, redidgbxozg6, saniyah.rafidah.k, safiyyah.iftikar"
101,2,1,8,0,3465,120.875,5.375,43.5,"gfkrng18, bbdhkf6"
102,9,0.556,35,0.692,1331.386,32.318,0.955,6.432,"lashay.fornasaro, adam.hoyt, demetriusguerrero, jenny.garrett65, laurengomezl, ayanna.kelekele, ludwin.keith, constantinos.hard, olando.mayo"
103,3,0.667,15,0,1076.143,38.357,2.286,12.571,"labib.zain.hajjar, olivia.ava.davis, amelia.wilson.johnson"
104,6,0.4,42,0.375,19801.496,169.159,3.496,3.814,"airplane_video578, username0022660, malasia2mbb0, beautydriver2, username0201726, usernamer02023"
105,3,1,15,1,74889.347,1521.367,25.551,169.49,"janimani417, girldriver_8363, username224064"
106,2,1,7,0,3438.944,46.778,0.333,1.333,"ghvvhvcgvvccf, user6812280201318"
107,5,0.7,20,0.643,2958.867,58.133,1.067,1.867,"user21677638672342, nkddaram, jsjsjksmsmsk, eexvnnooyy, xxzkpfyq"
108,3,0.667,18,0,401.167,18.833,0.083,0.167,"lvlbtr, dfbjqb, fvbsiw"
109,2,1,27,0,1303.562,95.438,1.312,0.75,"jdhxk85, user8135301746396"
110,3,1,13,1,363.229,1.042,0.062,0,"avafind2, mrqpgrnyb3467, zorhajktn884"
111,5,0.5,27,0.5,335.333,10.867,0.2,0.2,"fefpls, tathkj, tgmfli, tmuacp, user4436815469624"
112,9,0.583,25,0.828,3728.37,107.444,1.481,3.889,"uzrd3, tdy1634, rzir34, isr0065, ofodypu, dchjo48, its92008, gzchjj, kgx703"
113,7,0.571,20,0.538,5603.81,46.762,1.286,1,"beixian060, gshr888, dfdfm03, stawaszlaher, ddoom15, shgj724, wawayusai463"
114,6,0.333,16,0,14211.733,269,3.667,5.133,"xqi004, ljy88886, user4146560185668, redyou27, keaimaomimiao, forscalligaro"
115,2,1,9,0,48753.833,1165.333,6.333,145.833,"user3357615163181, user7285945563907"
