"Post URL","Network","Author","Timestamp","Number of Accounts","Views","Likes","Comments","Shares","Description"
"<a href=""https://www.tiktok.com/@mohammadebrahim438/video/7503340789154450706"" target=""_blank"" class=""btn btn-sm"" style=""background-color: #00926c; color: white; text-decoration: none; padding: 2px 8px; border-radius: 4px; font-size: 0.8em;"">View Post</a>",1,"mohammadebrahim438",2025-05-11 23:54:36,2,124,48,5,0,"#আজকেরদিনে "
"<a href=""https://www.tiktok.com/@jibon.mohonto6/video/7503340733986819335"" target=""_blank"" class=""btn btn-sm"" style=""background-color: #00926c; color: white; text-decoration: none; padding: 2px 8px; border-radius: 4px; font-size: 0.8em;"">View Post</a>",1,"jibon.mohonto6",2025-05-11 23:54:23,2,141,58,6,0,"#আজকেরদিনে "
"<a href=""https://www.tiktok.com/@jibon.mohonto6/video/7503340685907463431"" target=""_blank"" class=""btn btn-sm"" style=""background-color: #00926c; color: white; text-decoration: none; padding: 2px 8px; border-radius: 4px; font-size: 0.8em;"">View Post</a>",1,"jibon.mohonto6",2025-05-11 23:54:10,2,161,77,8,0,"#আজকেরদিনে "
"<a href=""https://www.tiktok.com/@mohammadebrahim438/video/7503340650570484999"" target=""_blank"" class=""btn btn-sm"" style=""background-color: #00926c; color: white; text-decoration: none; padding: 2px 8px; border-radius: 4px; font-size: 0.8em;"">View Post</a>",1,"mohammadebrahim438",2025-05-11 23:54:03,2,123,46,7,0,"#আজকেরদিনে "
"<a href=""https://www.tiktok.com/@mohammadebrahim438/video/7503340471779937544"" target=""_blank"" class=""btn btn-sm"" style=""background-color: #00926c; color: white; text-decoration: none; padding: 2px 8px; border-radius: 4px; font-size: 0.8em;"">View Post</a>",1,"mohammadebrahim438",2025-05-11 23:53:22,2,152,62,11,1,"#আজকেরদিনে "
"<a href=""https://www.tiktok.com/@mohammadebrahim438/video/7503340174227606791"" target=""_blank"" class=""btn btn-sm"" style=""background-color: #00926c; color: white; text-decoration: none; padding: 2px 8px; border-radius: 4px; font-size: 0.8em;"">View Post</a>",1,"mohammadebrahim438",2025-05-11 23:52:13,2,135,44,5,1,"#আজকেরদিনে "
"<a href=""https://www.tiktok.com/@mohammadebrahim438/video/7503339726951222546"" target=""_blank"" class=""btn btn-sm"" style=""background-color: #00926c; color: white; text-decoration: none; padding: 2px 8px; border-radius: 4px; font-size: 0.8em;"">View Post</a>",1,"mohammadebrahim438",2025-05-11 23:50:27,2,163,67,8,1,"#আজকেরদিনে "
"<a href=""https://www.tiktok.com/@user4011372158127/video/7503324768922307847"" target=""_blank"" class=""btn btn-sm"" style=""background-color: #00926c; color: white; text-decoration: none; padding: 2px 8px; border-radius: 4px; font-size: 0.8em;"">View Post</a>",2,"user4011372158127",2025-05-11 22:52:32,2,144,51,9,2,"#আজকেরদিনে "
"<a href=""https://www.tiktok.com/@user4011372158127/video/7503324655596473618"" target=""_blank"" class=""btn btn-sm"" style=""background-color: #00926c; color: white; text-decoration: none; padding: 2px 8px; border-radius: 4px; font-size: 0.8em;"">View Post</a>",2,"user4011372158127",2025-05-11 22:52:08,2,99,33,2,0,"#আজকেরদিনে "
"<a href=""https://www.tiktok.com/@user4011372158127/video/7503324511245192466"" target=""_blank"" class=""btn btn-sm"" style=""background-color: #00926c; color: white; text-decoration: none; padding: 2px 8px; border-radius: 4px; font-size: 0.8em;"">View Post</a>",2,"user4011372158127",2025-05-11 22:51:28,2,136,35,5,0,"#আজকেরদিনে "
"<a href=""https://www.tiktok.com/@babulahmebbabul/video/7503322064011513106"" target=""_blank"" class=""btn btn-sm"" style=""background-color: #00926c; color: white; text-decoration: none; padding: 2px 8px; border-radius: 4px; font-size: 0.8em;"">View Post</a>",2,"babulahmebbabul",2025-05-11 22:41:58,2,168,71,2,0,"#আজকেরদিনে "
"<a href=""https://www.tiktok.com/@babulahmebbabul/video/7503321947296632072"" target=""_blank"" class=""btn btn-sm"" style=""background-color: #00926c; color: white; text-decoration: none; padding: 2px 8px; border-radius: 4px; font-size: 0.8em;"">View Post</a>",2,"babulahmebbabul",2025-05-11 22:41:29,2,169,73,0,0,"#আজকেরদিনে "
"<a href=""https://www.tiktok.com/@babulahmebbabul/video/7503321861363731720"" target=""_blank"" class=""btn btn-sm"" style=""background-color: #00926c; color: white; text-decoration: none; padding: 2px 8px; border-radius: 4px; font-size: 0.8em;"">View Post</a>",2,"babulahmebbabul",2025-05-11 22:41:13,2,364,122,8,2,"#আজকেরদিনে "
"<a href=""https://www.tiktok.com/@babulahmebbabul/video/7503321787178994952"" target=""_blank"" class=""btn btn-sm"" style=""background-color: #00926c; color: white; text-decoration: none; padding: 2px 8px; border-radius: 4px; font-size: 0.8em;"">View Post</a>",2,"babulahmebbabul",2025-05-11 22:40:52,2,247,101,3,1,"#আজকেরদিনে "
"<a href=""https://www.tiktok.com/@babulahmebbabul/video/7503321723463339282"" target=""_blank"" class=""btn btn-sm"" style=""background-color: #00926c; color: white; text-decoration: none; padding: 2px 8px; border-radius: 4px; font-size: 0.8em;"">View Post</a>",2,"babulahmebbabul",2025-05-11 22:40:37,2,175,82,1,0,"#আজকেরদিনে "
"<a href=""https://www.tiktok.com/@user4011372158127/video/7503321555317918983"" target=""_blank"" class=""btn btn-sm"" style=""background-color: #00926c; color: white; text-decoration: none; padding: 2px 8px; border-radius: 4px; font-size: 0.8em;"">View Post</a>",2,"user4011372158127",2025-05-11 22:39:59,2,133,29,4,0,"#আজকেরদিনে "
"<a href=""https://www.tiktok.com/@babulahmebbabul/video/7503321518600883463"" target=""_blank"" class=""btn btn-sm"" style=""background-color: #00926c; color: white; text-decoration: none; padding: 2px 8px; border-radius: 4px; font-size: 0.8em;"">View Post</a>",2,"babulahmebbabul",2025-05-11 22:39:52,2,206,84,1,0,"#আজকেরদিনে "
"<a href=""https://www.tiktok.com/@babulahmebbabul/video/7503321417732214034"" target=""_blank"" class=""btn btn-sm"" style=""background-color: #00926c; color: white; text-decoration: none; padding: 2px 8px; border-radius: 4px; font-size: 0.8em;"">View Post</a>",2,"babulahmebbabul",2025-05-11 22:39:26,2,323,114,2,4,"#আজকেরদিনে "
"<a href=""https://www.tiktok.com/@smfsd/video/7503314539782491399"" target=""_blank"" class=""btn btn-sm"" style=""background-color: #00926c; color: white; text-decoration: none; padding: 2px 8px; border-radius: 4px; font-size: 0.8em;"">View Post</a>",3,"smfsd",2025-05-11 22:12:52,1,149,48,7,0,"#আজকেরদিনে"
"<a href=""https://www.tiktok.com/@smfsd/video/7503272783221198088"" target=""_blank"" class=""btn btn-sm"" style=""background-color: #00926c; color: white; text-decoration: none; padding: 2px 8px; border-radius: 4px; font-size: 0.8em;"">View Post</a>",3,"smfsd",2025-05-11 19:30:42,1,152,22,6,6,"#আজকেরদিনে"
"<a href=""https://www.tiktok.com/@smfsd/video/7503272705785908487"" target=""_blank"" class=""btn btn-sm"" style=""background-color: #00926c; color: white; text-decoration: none; padding: 2px 8px; border-radius: 4px; font-size: 0.8em;"">View Post</a>",3,"smfsd",2025-05-11 19:30:20,1,99,25,9,0,"#আজকেরদিনে"
"<a href=""https://www.tiktok.com/@smfsd/video/7503272643307556114"" target=""_blank"" class=""btn btn-sm"" style=""background-color: #00926c; color: white; text-decoration: none; padding: 2px 8px; border-radius: 4px; font-size: 0.8em;"">View Post</a>",3,"smfsd",2025-05-11 19:30:05,1,136,29,8,3,"#আজকেরদিনে"
"<a href=""https://www.tiktok.com/@smfsd/video/7503272299299097864"" target=""_blank"" class=""btn btn-sm"" style=""background-color: #00926c; color: white; text-decoration: none; padding: 2px 8px; border-radius: 4px; font-size: 0.8em;"">View Post</a>",3,"smfsd",2025-05-11 19:28:46,1,144,33,3,4,"#আজকেরদিনে"
"<a href=""https://www.tiktok.com/@nidysk/video/7503271975410732295"" target=""_blank"" class=""btn btn-sm"" style=""background-color: #00926c; color: white; text-decoration: none; padding: 2px 8px; border-radius: 4px; font-size: 0.8em;"">View Post</a>",3,"nidysk",2025-05-11 19:27:29,1,59,15,0,0,"#আজকেরদিনে"
"<a href=""https://www.tiktok.com/@nidysk/video/7503271832406035720"" target=""_blank"" class=""btn btn-sm"" style=""background-color: #00926c; color: white; text-decoration: none; padding: 2px 8px; border-radius: 4px; font-size: 0.8em;"">View Post</a>",3,"nidysk",2025-05-11 19:26:57,1,109,34,3,1,"#আজকেরদিনে"
"<a href=""https://www.tiktok.com/@smfsd/video/7503271796074990866"" target=""_blank"" class=""btn btn-sm"" style=""background-color: #00926c; color: white; text-decoration: none; padding: 2px 8px; border-radius: 4px; font-size: 0.8em;"">View Post</a>",3,"smfsd",2025-05-11 19:26:51,1,129,37,10,0,"#আজকেরদিনে"
"<a href=""https://www.tiktok.com/@nidysk/video/7503271662867975442"" target=""_blank"" class=""btn btn-sm"" style=""background-color: #00926c; color: white; text-decoration: none; padding: 2px 8px; border-radius: 4px; font-size: 0.8em;"">View Post</a>",3,"nidysk",2025-05-11 19:26:17,1,58,10,0,0,"#আজকেরদিনে"
"<a href=""https://www.tiktok.com/@nidysk/video/7503271416163339527"" target=""_blank"" class=""btn btn-sm"" style=""background-color: #00926c; color: white; text-decoration: none; padding: 2px 8px; border-radius: 4px; font-size: 0.8em;"">View Post</a>",3,"nidysk",2025-05-11 19:25:22,1,57,13,4,0,"#আজকেরদিনে"
"<a href=""https://www.tiktok.com/@nidysk/video/7503271255857040648"" target=""_blank"" class=""btn btn-sm"" style=""background-color: #00926c; color: white; text-decoration: none; padding: 2px 8px; border-radius: 4px; font-size: 0.8em;"">View Post</a>",3,"nidysk",2025-05-11 19:24:46,1,168,50,10,0,"#আজকেরদিনে"
"<a href=""https://www.tiktok.com/@nidysk/video/7503271134218013959"" target=""_blank"" class=""btn btn-sm"" style=""background-color: #00926c; color: white; text-decoration: none; padding: 2px 8px; border-radius: 4px; font-size: 0.8em;"">View Post</a>",3,"nidysk",2025-05-11 19:24:13,1,149,50,5,4,"#আজকেরদিনে"
"<a href=""https://www.tiktok.com/@nidysk/video/7503270964361317650"" target=""_blank"" class=""btn btn-sm"" style=""background-color: #00926c; color: white; text-decoration: none; padding: 2px 8px; border-radius: 4px; font-size: 0.8em;"">View Post</a>",3,"nidysk",2025-05-11 19:23:36,1,67,20,0,0,"#আজকেরদিনে"
