"Account","Network","Unique Shares","Avg Time Between Shares (sec)","Edge Symmetry Score","Degree","Strength","Betweenness","Avg Views","Avg Likes","Avg Comments","Avg Shares"
"<a href=""https://tiktok.com/@babulahmebbabul"" target=""_blank"">@babulahmebbabul</a>",2,7,59.143,0.5,1,7,0,236,92.429,2.429,1
"<a href=""https://tiktok.com/@jibon.mohonto6"" target=""_blank"">@jibon.mohonto6</a>",1,2,41.714,0.6,1,7,0,151,67.5,7,0
"<a href=""https://tiktok.com/@mohammadebrahim438"" target=""_blank"">@mohammadebrahim438</a>",1,4,41.714,0.6,1,7,0,139.4,53.4,7.2,0.6
"<a href=""https://tiktok.com/@nidysk"" target=""_blank"">@nidysk</a>",3,4,58.833,0.8,1,6,0,95.286,27.429,3.143,0.714
"<a href=""https://tiktok.com/@smfsd"" target=""_blank"">@smfsd</a>",3,2,58.833,0.8,1,6,0,142.429,34.286,7.571,2.143
"<a href=""https://tiktok.com/@user4011372158127"" target=""_blank"">@user4011372158127</a>",2,1,59.143,0.5,1,7,0,128,37,5,0.5
