"Account","Network","Unique Shares","Avg Time Between Shares (sec)","Edge Symmetry Score","Degree","Strength","Betweenness","Avg Views","Avg Likes","Avg Comments","Avg Shares"
"<a href=""https://tiktok.com/@.prince.sahin"" target=""_blank"">@.prince.sahin</a>",2,15,59,0.889,3,11,0.011,99.692,37.564,0,7.077
"<a href=""https://tiktok.com/@akhiislamakhi07"" target=""_blank"">@akhiislamakhi07</a>",4,6,62.333,0.667,1,3,0,105.25,48.25,1.375,1.25
"<a href=""https://tiktok.com/@all.quran08"" target=""_blank"">@all.quran08</a>",5,7,54.5,1,1,4,0,101.692,46.692,0.615,0.846
"<a href=""https://tiktok.com/@hdnashik14"" target=""_blank"">@hdnashik14</a>",5,5,59.571,0.8,1,7,0,255.333,98,2.833,0.5
"<a href=""https://tiktok.com/@koste_vora_jibon_aamar"" target=""_blank"">@koste_vora_jibon_aamar</a>",1,2,76.667,0.667,1,3,0,13,7.5,1,0
"<a href=""https://tiktok.com/@md.rakibul.islam974"" target=""_blank"">@md.rakibul.islam974</a>",3,15,59.5,0.833,2,7,0.004,160.63,67.741,1.481,2.037
"<a href=""https://tiktok.com/@mdaktarhossen03"" target=""_blank"">@mdaktarhossen03</a>",5,1,87,0.667,1,3,0,140,68.5,5.5,0.5
"<a href=""https://tiktok.com/@mdmamu1976"" target=""_blank"">@mdmamu1976</a>",3,3,55,0.667,1,3,0,85.25,34.75,1.5,0
"<a href=""https://tiktok.com/@mdrijvi70"" target=""_blank"">@mdrijvi70</a>",5,5,76,0.667,1,3,0,119.75,56.375,0.875,0.25
"<a href=""https://tiktok.com/@mdshantohossain530"" target=""_blank"">@mdshantohossain530</a>",5,1,57,0.6,1,6,0,126.923,48.923,0.077,1.692
"<a href=""https://tiktok.com/@my.janu27"" target=""_blank"">@my.janu27</a>",4,4,62.333,0.667,1,3,0,127,44.1,1.2,0.9
"<a href=""https://tiktok.com/@rxriyadvi"" target=""_blank"">@rxriyadvi</a>",5,4,49.667,1,1,6,0,132.2,47.2,1,1.6
"<a href=""https://tiktok.com/@shohidul8060"" target=""_blank"">@shohidul8060</a>",5,15,65.449,0.822,3,20,0.076,111.95,50.15,0,0.5
"<a href=""https://tiktok.com/@talukdar756"" target=""_blank"">@talukdar756</a>",2,3,57,0.667,1,3,0,84.375,36.75,2.875,0.625
"<a href=""https://tiktok.com/@tiger.bharosa"" target=""_blank"">@tiger.bharosa</a>",2,2,49,1,1,4,0,166.5,82.5,2,10
"<a href=""https://tiktok.com/@user017298722m"" target=""_blank"">@user017298722m</a>",5,4,54.5,1,1,4,0,323.6,124.6,3.6,5.2
"<a href=""https://tiktok.com/@user139373094036"" target=""_blank"">@user139373094036</a>",5,6,68.667,0.857,1,9,0,130.909,51.727,0.182,2
"<a href=""https://tiktok.com/@user2028536940088"" target=""_blank"">@user2028536940088</a>",5,4,68.333,0.667,1,3,0,256.333,101.5,0.667,1.833
"<a href=""https://tiktok.com/@user269896582"" target=""_blank"">@user269896582</a>",3,7,64,1,1,4,0,330.273,120.455,0,1.364
"<a href=""https://tiktok.com/@user52981157714391"" target=""_blank"">@user52981157714391</a>",2,2,71,1,1,4,0,129,61,1,8.333
"<a href=""https://tiktok.com/@user5455368479075"" target=""_blank"">@user5455368479075</a>",1,11,64.433,0.708,2,8,0.004,294,112.909,3.636,1.591
"<a href=""https://tiktok.com/@user5699597151255"" target=""_blank"">@user5699597151255</a>",5,32,58.832,0.837,7,52,0.207,82.661,38.179,0.625,0.393
"<a href=""https://tiktok.com/@user650730843675"" target=""_blank"">@user650730843675</a>",1,4,52.2,0.75,1,5,0,152.833,68.667,2,9.667
"<a href=""https://tiktok.com/@user732005405"" target=""_blank"">@user732005405</a>",5,2,45.333,1,1,3,0,187.333,76.667,6.333,20.333
"<a href=""https://tiktok.com/@user769780951"" target=""_blank"">@user769780951</a>",5,11,64.31,0.783,4,16,0.109,118.571,48.238,1.571,0.667
