"Network","Number of Accounts","Network Density","Network Diameter","Clustering Coefficient","Avg Views","Avg Likes","Avg Comments","Avg Shares","Member Accounts"
1,3,0.667,8,0,247.033,97.033,3.133,3.1,"user650730843675, user5455368479075, koste_vora_jibon_aamar"
2,4,0.5,8,0,101.596,40.519,0.577,6.269,".prince.sahin, tiger.bharosa, user52981157714391, talukdar756"
3,3,0.667,7,0,197.881,78.405,1.095,1.667,"md.rakibul.islam974, mdmamu1976, user269896582"
4,2,1,3,NA,117.333,45.944,1.278,1.056,"akhiislamakhi07, my.janu27"
5,13,0.154,27,0,123.781,52.308,0.947,1.26,"hdnashik14, mdshantohossain530, user5699597151255, user017298722m, user2028536940088, user139373094036, shohidul8060, all.quran08, mdrijvi70, user732005405, rxriyadvi, mdaktarhossen03, user769780951"
