"Post URL","Network","Author","Timestamp","Number of Accounts","Views","Likes","Comments","Shares","Description"
"<a href=""https://www.tiktok.com/@saifulislamemon105/video/7509637376910691602"" target=""_blank"" class=""btn btn-sm"" style=""background-color: #00926c; color: white; text-decoration: none; padding: 2px 8px; border-radius: 4px; font-size: 0.8em;"">View Post</a>",1,"saifulislamemon105",2025-05-28 23:08:41,1,276,44,3,0,"#আলহামদুলিল্লাহ "
"<a href=""https://www.tiktok.com/@saifulislamemon105/video/7509637270660582663"" target=""_blank"" class=""btn btn-sm"" style=""background-color: #00926c; color: white; text-decoration: none; padding: 2px 8px; border-radius: 4px; font-size: 0.8em;"">View Post</a>",1,"saifulislamemon105",2025-05-28 23:08:10,1,320,66,4,0,"#আলহামদুলিল্লাহ "
"<a href=""https://www.tiktok.com/@saifulislamemon105/video/7509636396592778514"" target=""_blank"" class=""btn btn-sm"" style=""background-color: #00926c; color: white; text-decoration: none; padding: 2px 8px; border-radius: 4px; font-size: 0.8em;"">View Post</a>",1,"saifulislamemon105",2025-05-28 23:04:48,1,167,32,1,0,"#আলহামদুলিল্লাহ "
"<a href=""https://www.tiktok.com/@saifulislamemon105/video/7509626488153459976"" target=""_blank"" class=""btn btn-sm"" style=""background-color: #00926c; color: white; text-decoration: none; padding: 2px 8px; border-radius: 4px; font-size: 0.8em;"">View Post</a>",1,"saifulislamemon105",2025-05-28 22:26:20,1,250,28,0,1,"#আলহামদুলিল্লাহ "
"<a href=""https://www.tiktok.com/@saifulislamemon105/video/7509626073445960968"" target=""_blank"" class=""btn btn-sm"" style=""background-color: #00926c; color: white; text-decoration: none; padding: 2px 8px; border-radius: 4px; font-size: 0.8em;"">View Post</a>",1,"saifulislamemon105",2025-05-28 22:24:53,1,289,52,1,0,"#আলহামদুলিল্লাহ "
"<a href=""https://www.tiktok.com/@saifulislamemon105/video/7509625865446100231"" target=""_blank"" class=""btn btn-sm"" style=""background-color: #00926c; color: white; text-decoration: none; padding: 2px 8px; border-radius: 4px; font-size: 0.8em;"">View Post</a>",1,"saifulislamemon105",2025-05-28 22:23:54,1,414,59,4,1,"#আলহামদুলিল্লাহ "
"<a href=""https://www.tiktok.com/@saifulislamemon105/video/7509595701353958664"" target=""_blank"" class=""btn btn-sm"" style=""background-color: #00926c; color: white; text-decoration: none; padding: 2px 8px; border-radius: 4px; font-size: 0.8em;"">View Post</a>",1,"saifulislamemon105",2025-05-28 20:26:52,1,130,12,0,0,"#আলহামদুলিল্লাহ "
"<a href=""https://www.tiktok.com/@saifulislamemon105/video/7509595484500086024"" target=""_blank"" class=""btn btn-sm"" style=""background-color: #00926c; color: white; text-decoration: none; padding: 2px 8px; border-radius: 4px; font-size: 0.8em;"">View Post</a>",1,"saifulislamemon105",2025-05-28 20:25:57,1,211,50,2,1,"#আলহামদুলিল্লাহ "
"<a href=""https://www.tiktok.com/@saifulislamemon105/video/7509595375624359176"" target=""_blank"" class=""btn btn-sm"" style=""background-color: #00926c; color: white; text-decoration: none; padding: 2px 8px; border-radius: 4px; font-size: 0.8em;"">View Post</a>",1,"saifulislamemon105",2025-05-28 20:25:35,1,206,43,0,0,"#আলহামদুলিল্লাহ "
"<a href=""https://www.tiktok.com/@saifulislamemon105/video/7509595297832635655"" target=""_blank"" class=""btn btn-sm"" style=""background-color: #00926c; color: white; text-decoration: none; padding: 2px 8px; border-radius: 4px; font-size: 0.8em;"">View Post</a>",1,"saifulislamemon105",2025-05-28 20:25:16,1,0,0,1,0,"#আলহামদুলিল্লাহ "
"<a href=""https://www.tiktok.com/@mdrajon122346/video/7509595276986846472"" target=""_blank"" class=""btn btn-sm"" style=""background-color: #00926c; color: white; text-decoration: none; padding: 2px 8px; border-radius: 4px; font-size: 0.8em;"">View Post</a>",1,"mdrajon122346",2025-05-28 20:25:12,1,0,0,4,0,"#আলহামদুলিল্লাহ "
"<a href=""https://www.tiktok.com/@saifulislamemon105/video/7509595235974909202"" target=""_blank"" class=""btn btn-sm"" style=""background-color: #00926c; color: white; text-decoration: none; padding: 2px 8px; border-radius: 4px; font-size: 0.8em;"">View Post</a>",1,"saifulislamemon105",2025-05-28 20:24:57,1,0,0,0,0,"#আলহামদুলিল্লাহ "
"<a href=""https://www.tiktok.com/@saifulislamemon105/video/7509594924208098578"" target=""_blank"" class=""btn btn-sm"" style=""background-color: #00926c; color: white; text-decoration: none; padding: 2px 8px; border-radius: 4px; font-size: 0.8em;"">View Post</a>",1,"saifulislamemon105",2025-05-28 20:23:51,1,0,0,2,0,"#আলহামদুলিল্লাহ "
"<a href=""https://www.tiktok.com/@saifulislamemon105/video/7509594733212241160"" target=""_blank"" class=""btn btn-sm"" style=""background-color: #00926c; color: white; text-decoration: none; padding: 2px 8px; border-radius: 4px; font-size: 0.8em;"">View Post</a>",1,"saifulislamemon105",2025-05-28 20:23:05,1,0,0,1,0,"#আলহামদুলিল্লাহ "
"<a href=""https://www.tiktok.com/@saifulislamemon105/video/7509595297832635655"" target=""_blank"" class=""btn btn-sm"" style=""background-color: #00926c; color: white; text-decoration: none; padding: 2px 8px; border-radius: 4px; font-size: 0.8em;"">View Post</a>",1,"saifulislamemon105",2025-05-28 20:25:16,1,149,23,1,0,"#আলহামদুলিল্লাহ "
"<a href=""https://www.tiktok.com/@mdrajon122346/video/7509595276986846472"" target=""_blank"" class=""btn btn-sm"" style=""background-color: #00926c; color: white; text-decoration: none; padding: 2px 8px; border-radius: 4px; font-size: 0.8em;"">View Post</a>",1,"mdrajon122346",2025-05-28 20:25:12,1,164,32,4,0,"#আলহামদুলিল্লাহ "
"<a href=""https://www.tiktok.com/@saifulislamemon105/video/7509595235974909202"" target=""_blank"" class=""btn btn-sm"" style=""background-color: #00926c; color: white; text-decoration: none; padding: 2px 8px; border-radius: 4px; font-size: 0.8em;"">View Post</a>",1,"saifulislamemon105",2025-05-28 20:24:57,1,152,15,0,0,"#আলহামদুলিল্লাহ "
"<a href=""https://www.tiktok.com/@saifulislamemon105/video/7509594924208098578"" target=""_blank"" class=""btn btn-sm"" style=""background-color: #00926c; color: white; text-decoration: none; padding: 2px 8px; border-radius: 4px; font-size: 0.8em;"">View Post</a>",1,"saifulislamemon105",2025-05-28 20:23:51,1,190,33,2,1,"#আলহামদুলিল্লাহ "
"<a href=""https://www.tiktok.com/@saifulislamemon105/video/7509594733212241160"" target=""_blank"" class=""btn btn-sm"" style=""background-color: #00926c; color: white; text-decoration: none; padding: 2px 8px; border-radius: 4px; font-size: 0.8em;"">View Post</a>",1,"saifulislamemon105",2025-05-28 20:23:05,1,285,39,1,0,"#আলহামদুলিল্লাহ "
