"Post URL","Network","Author","Timestamp","Number of Accounts","Views","Likes","Comments","Shares","Description"
"<a href=""https://www.tiktok.com/@ujnikm7/video/7463518225880337695"" target=""_blank"" class=""btn btn-sm"" style=""background-color: #00926c; color: white; text-decoration: none; padding: 2px 8px; border-radius: 4px; font-size: 0.8em;"">View Post</a>",3,"ujnikm7",2025-01-24 16:23:24,2,4979,48,0,0,"#pov #fyp #fypシ#pimplepoppersatisfying #pimple #whiteheads #supersatisfying #foryou "
"<a href=""https://www.tiktok.com/@yr0010/video/7463518131290426655"" target=""_blank"" class=""btn btn-sm"" style=""background-color: #00926c; color: white; text-decoration: none; padding: 2px 8px; border-radius: 4px; font-size: 0.8em;"">View Post</a>",3,"yr0010",2025-01-24 16:23:07,2,995,22,0,0,"#pov #fyp #fypシ#pimplepoppersatisfying #pimple #whiteheads #supersatisfying #foryou "
"<a href=""https://www.tiktok.com/@ujnikm7/video/7463518074952584479"" target=""_blank"" class=""btn btn-sm"" style=""background-color: #00926c; color: white; text-decoration: none; padding: 2px 8px; border-radius: 4px; font-size: 0.8em;"">View Post</a>",3,"ujnikm7",2025-01-24 16:22:49,2,6528,87,0,0,"#pov #fyp #fypシ#pimplepoppersatisfying #pimple #whiteheads #supersatisfying #foryou "
"<a href=""https://www.tiktok.com/@yr0010/video/7463517971965676830"" target=""_blank"" class=""btn btn-sm"" style=""background-color: #00926c; color: white; text-decoration: none; padding: 2px 8px; border-radius: 4px; font-size: 0.8em;"">View Post</a>",3,"yr0010",2025-01-24 16:22:45,2,4178,43,0,0,"#pov #fyp #fypシ#pimplepoppersatisfying #pimple #whiteheads #supersatisfying #foryou "
"<a href=""https://www.tiktok.com/@jkkj674/video/7463517527281339678"" target=""_blank"" class=""btn btn-sm"" style=""background-color: #00926c; color: white; text-decoration: none; padding: 2px 8px; border-radius: 4px; font-size: 0.8em;"">View Post</a>",3,"jkkj674",2025-01-24 16:20:44,2,8089,120,0,2,"#pov #fyp #fypシ#pimplepoppersatisfying #pimple #whiteheads #supersatisfying #foryou "
"<a href=""https://www.tiktok.com/@jkkj674/video/7463517451049798943"" target=""_blank"" class=""btn btn-sm"" style=""background-color: #00926c; color: white; text-decoration: none; padding: 2px 8px; border-radius: 4px; font-size: 0.8em;"">View Post</a>",3,"jkkj674",2025-01-24 16:20:30,2,5243,77,0,2,"#pov #fyp #fypシ#pimplepoppersatisfying #pimple #whiteheads #supersatisfying #foryou "
"<a href=""https://www.tiktok.com/@ujnikm7/video/7463146599040994590"" target=""_blank"" class=""btn btn-sm"" style=""background-color: #00926c; color: white; text-decoration: none; padding: 2px 8px; border-radius: 4px; font-size: 0.8em;"">View Post</a>",3,"ujnikm7",2025-01-23 16:20:41,2,45379,181,0,7,"#pov #fyp #fypシ#pimplepoppersatisfying #pimple #whiteheads #supersatisfying #foryou "
"<a href=""https://www.tiktok.com/@ujnikm7/video/7463146533723163934"" target=""_blank"" class=""btn btn-sm"" style=""background-color: #00926c; color: white; text-decoration: none; padding: 2px 8px; border-radius: 4px; font-size: 0.8em;"">View Post</a>",3,"ujnikm7",2025-01-23 16:20:26,2,5014,78,0,2,"#pov #fyp #fypシ#pimplepoppersatisfying #pimple #whiteheads #supersatisfying #foryou "
"<a href=""https://www.tiktok.com/@yr0010/video/7463146110517775646"" target=""_blank"" class=""btn btn-sm"" style=""background-color: #00926c; color: white; text-decoration: none; padding: 2px 8px; border-radius: 4px; font-size: 0.8em;"">View Post</a>",3,"yr0010",2025-01-23 16:18:47,2,1043,15,0,0,"#pov #fyp #fypシ#pimplepoppersatisfying #pimple #whiteheads #supersatisfying #foryou "
"<a href=""https://www.tiktok.com/@yr0010/video/7463146097905569055"" target=""_blank"" class=""btn btn-sm"" style=""background-color: #00926c; color: white; text-decoration: none; padding: 2px 8px; border-radius: 4px; font-size: 0.8em;"">View Post</a>",3,"yr0010",2025-01-23 16:18:46,2,1645,32,0,0,"#pov #fyp #fypシ#pimplepoppersatisfying #pimple #whiteheads #supersatisfying #foryou "
"<a href=""https://www.tiktok.com/@jkkj674/video/7463145908755008798"" target=""_blank"" class=""btn btn-sm"" style=""background-color: #00926c; color: white; text-decoration: none; padding: 2px 8px; border-radius: 4px; font-size: 0.8em;"">View Post</a>",3,"jkkj674",2025-01-23 16:17:59,2,9370,157,0,1,"#pov #fyp #fypシ#pimplepoppersatisfying #pimple #whiteheads #supersatisfying #foryou "
"<a href=""https://www.tiktok.com/@jkkj674/video/7463145643557588255"" target=""_blank"" class=""btn btn-sm"" style=""background-color: #00926c; color: white; text-decoration: none; padding: 2px 8px; border-radius: 4px; font-size: 0.8em;"">View Post</a>",3,"jkkj674",2025-01-23 16:16:57,2,10683,129,1,1,"#pov #fyp #fypシ#pimplepoppersatisfying #pimple #whiteheads #supersatisfying #foryou "
"<a href=""https://www.tiktok.com/@jkkj674/video/7462772049400876319"" target=""_blank"" class=""btn btn-sm"" style=""background-color: #00926c; color: white; text-decoration: none; padding: 2px 8px; border-radius: 4px; font-size: 0.8em;"">View Post</a>",3,"jkkj674",2025-01-22 16:07:36,2,11940,171,1,6,"#pov #fyp #fypシ#pimplepoppersatisfying #pimple #whiteheads #supersatisfying #foryou "
"<a href=""https://www.tiktok.com/@jkkj674/video/7462771759398276382"" target=""_blank"" class=""btn btn-sm"" style=""background-color: #00926c; color: white; text-decoration: none; padding: 2px 8px; border-radius: 4px; font-size: 0.8em;"">View Post</a>",3,"jkkj674",2025-01-22 16:06:36,2,19978,251,3,6,"#pov #fyp #fypシ#pimplepoppersatisfying #pimple #whiteheads #supersatisfying #foryou "
"<a href=""https://www.tiktok.com/@yr0010/video/7462771592649624863"" target=""_blank"" class=""btn btn-sm"" style=""background-color: #00926c; color: white; text-decoration: none; padding: 2px 8px; border-radius: 4px; font-size: 0.8em;"">View Post</a>",3,"yr0010",2025-01-22 16:06:05,2,8817,54,0,1,"#pov #fyp #fypシ#pimplepoppersatisfying #pimple #whiteheads #supersatisfying #foryou "
"<a href=""https://www.tiktok.com/@yr0010/video/7462771498382675231"" target=""_blank"" class=""btn btn-sm"" style=""background-color: #00926c; color: white; text-decoration: none; padding: 2px 8px; border-radius: 4px; font-size: 0.8em;"">View Post</a>",3,"yr0010",2025-01-22 16:05:45,2,2903,48,0,0,"#pov #fyp #fypシ#pimplepoppersatisfying #pimple #whiteheads #supersatisfying #foryou "
"<a href=""https://www.tiktok.com/@ujnikm7/video/7462770593142738206"" target=""_blank"" class=""btn btn-sm"" style=""background-color: #00926c; color: white; text-decoration: none; padding: 2px 8px; border-radius: 4px; font-size: 0.8em;"">View Post</a>",3,"ujnikm7",2025-01-22 16:02:08,2,8373,75,0,2,"#pov #fyp #fypシ#pimplepoppersatisfying #pimple #whiteheads #supersatisfying #foryou "
"<a href=""https://www.tiktok.com/@ujnikm7/video/7462770561521847582"" target=""_blank"" class=""btn btn-sm"" style=""background-color: #00926c; color: white; text-decoration: none; padding: 2px 8px; border-radius: 4px; font-size: 0.8em;"">View Post</a>",3,"ujnikm7",2025-01-22 16:01:53,2,4492,66,0,0,"#pov #fyp #fypシ#pimplepoppersatisfying #pimple #whiteheads #supersatisfying #foryou "
"<a href=""https://www.tiktok.com/@jkkj674/video/7462399371615685919"" target=""_blank"" class=""btn btn-sm"" style=""background-color: #00926c; color: white; text-decoration: none; padding: 2px 8px; border-radius: 4px; font-size: 0.8em;"">View Post</a>",3,"jkkj674",2025-01-21 16:01:31,2,12280,137,3,4,"#pov #fyp #fypシ#pimplepoppersatisfying #pimple #whiteheads #supersatisfying #foryou "
"<a href=""https://www.tiktok.com/@yr0010/video/7462399301260528927"" target=""_blank"" class=""btn btn-sm"" style=""background-color: #00926c; color: white; text-decoration: none; padding: 2px 8px; border-radius: 4px; font-size: 0.8em;"">View Post</a>",3,"yr0010",2025-01-21 16:01:23,2,2746,86,0,0,"#pov #fyp #fypシ#pimplepoppersatisfying #pimple #whiteheads #supersatisfying #foryou "
"<a href=""https://www.tiktok.com/@yr0010/video/7462399132909571358"" target=""_blank"" class=""btn btn-sm"" style=""background-color: #00926c; color: white; text-decoration: none; padding: 2px 8px; border-radius: 4px; font-size: 0.8em;"">View Post</a>",3,"yr0010",2025-01-21 16:00:46,2,2383,98,0,1,"#pov #fyp #fypシ#pimplepoppersatisfying #pimple #whiteheads #supersatisfying #foryou "
"<a href=""https://www.tiktok.com/@ujnikm7/video/7462398966307540255"" target=""_blank"" class=""btn btn-sm"" style=""background-color: #00926c; color: white; text-decoration: none; padding: 2px 8px; border-radius: 4px; font-size: 0.8em;"">View Post</a>",3,"ujnikm7",2025-01-21 15:59:48,2,5357,74,1,0,"#pov #fyp #fypシ#pimplepoppersatisfying #pimple #whiteheads #supersatisfying #foryou "
"<a href=""https://www.tiktok.com/@ujnikm7/video/7462398921604631839"" target=""_blank"" class=""btn btn-sm"" style=""background-color: #00926c; color: white; text-decoration: none; padding: 2px 8px; border-radius: 4px; font-size: 0.8em;"">View Post</a>",3,"ujnikm7",2025-01-21 15:59:47,2,7668,109,0,1,"#pov #fyp #fypシ#pimplepoppersatisfying #pimple #whiteheads #supersatisfying #foryou "
"<a href=""https://www.tiktok.com/@ujnikm7/video/7459074091270671646"" target=""_blank"" class=""btn btn-sm"" style=""background-color: #00926c; color: white; text-decoration: none; padding: 2px 8px; border-radius: 4px; font-size: 0.8em;"">View Post</a>",3,"ujnikm7",2025-01-12 16:57:18,2,3142,38,0,0,"#pov #fyp #fypシ#pimplepoppersatisfying #pimple #whiteheads #supersatisfying #foryou "
"<a href=""https://www.tiktok.com/@ujnikm7/video/7459074030109281567"" target=""_blank"" class=""btn btn-sm"" style=""background-color: #00926c; color: white; text-decoration: none; padding: 2px 8px; border-radius: 4px; font-size: 0.8em;"">View Post</a>",3,"ujnikm7",2025-01-12 16:57:03,2,4627,43,1,0,"#pov #fyp #fypシ#pimplepoppersatisfying #pimple #whiteheads #supersatisfying #foryou "
"<a href=""https://www.tiktok.com/@ujnikm7/video/7463146599040994590"" target=""_blank"" class=""btn btn-sm"" style=""background-color: #00926c; color: white; text-decoration: none; padding: 2px 8px; border-radius: 4px; font-size: 0.8em;"">View Post</a>",3,"ujnikm7",2025-01-23 16:20:41,2,45382,181,0,7,"#pov #fyp #fypシ#pimplepoppersatisfying #pimple #whiteheads #supersatisfying #foryou "
"<a href=""https://www.tiktok.com/@yr0010/video/7462771498382675231"" target=""_blank"" class=""btn btn-sm"" style=""background-color: #00926c; color: white; text-decoration: none; padding: 2px 8px; border-radius: 4px; font-size: 0.8em;"">View Post</a>",3,"yr0010",2025-01-22 16:05:45,2,2904,48,0,0,"#pov #fyp #fypシ#pimplepoppersatisfying #pimple #whiteheads #supersatisfying #foryou "
"<a href=""https://www.tiktok.com/@yue3312e/video/7463469589536623918"" target=""_blank"" class=""btn btn-sm"" style=""background-color: #00926c; color: white; text-decoration: none; padding: 2px 8px; border-radius: 4px; font-size: 0.8em;"">View Post</a>",1,"yue3312e",2025-01-24 13:15:13,1,1581,5,1,0,"The E word is… part2 #teachersoftiktok #teachertok #students #funny #laugh #classroom #student #teacher #teach #teaching"
"<a href=""https://www.tiktok.com/@yue3312e/video/7463084080071134510"" target=""_blank"" class=""btn btn-sm"" style=""background-color: #00926c; color: white; text-decoration: none; padding: 2px 8px; border-radius: 4px; font-size: 0.8em;"">View Post</a>",1,"yue3312e",2025-01-23 12:18:09,1,2752,34,0,0,"The E word is… part2 #teachersoftiktok #teachertok #students #funny #laugh #classroom #student #teacher #teach #teaching"
"<a href=""https://www.tiktok.com/@yftzzmmezm/video/7462689993195031851"" target=""_blank"" class=""btn btn-sm"" style=""background-color: #00926c; color: white; text-decoration: none; padding: 2px 8px; border-radius: 4px; font-size: 0.8em;"">View Post</a>",1,"yftzzmmezm",2025-01-22 10:50:58,1,1416,13,2,0,"The E word is… part2 #teachersoftiktok #teachertok #students #funny #laugh #classroom #student #teacher #teach #teaching"
"<a href=""https://www.tiktok.com/@yftzzmmezm/video/7462689993195015467"" target=""_blank"" class=""btn btn-sm"" style=""background-color: #00926c; color: white; text-decoration: none; padding: 2px 8px; border-radius: 4px; font-size: 0.8em;"">View Post</a>",1,"yftzzmmezm",2025-01-22 10:50:56,1,1682,21,2,0,"The E word is… part2 #teachersoftiktok #teachertok #students #funny #laugh #classroom #student #teacher #teach #teaching"
"<a href=""https://www.tiktok.com/@yue3312e/video/7462689570530970926"" target=""_blank"" class=""btn btn-sm"" style=""background-color: #00926c; color: white; text-decoration: none; padding: 2px 8px; border-radius: 4px; font-size: 0.8em;"">View Post</a>",1,"yue3312e",2025-01-22 10:49:15,1,2802,14,1,0,"The E word is… part2 #teachersoftiktok #teachertok #students #funny #laugh #classroom #student #teacher #teach #teaching"
"<a href=""https://www.tiktok.com/@yue3312e/video/7462689439706303786"" target=""_blank"" class=""btn btn-sm"" style=""background-color: #00926c; color: white; text-decoration: none; padding: 2px 8px; border-radius: 4px; font-size: 0.8em;"">View Post</a>",1,"yue3312e",2025-01-22 10:49:20,1,2280,20,2,1,"The E word is… part2 #teachersoftiktok #teachertok #students #funny #laugh #classroom #student #teacher #teach #teaching"
"<a href=""https://www.tiktok.com/@yue3312e/video/7462689358097943854"" target=""_blank"" class=""btn btn-sm"" style=""background-color: #00926c; color: white; text-decoration: none; padding: 2px 8px; border-radius: 4px; font-size: 0.8em;"">View Post</a>",1,"yue3312e",2025-01-22 10:49:26,1,2037,6,2,2,"The E word is… part2 #teachersoftiktok #teachertok #students #funny #laugh #classroom #student #teacher #teach #teaching"
"<a href=""https://www.tiktok.com/@yue3312e/video/7462689309569682734"" target=""_blank"" class=""btn btn-sm"" style=""background-color: #00926c; color: white; text-decoration: none; padding: 2px 8px; border-radius: 4px; font-size: 0.8em;"">View Post</a>",1,"yue3312e",2025-01-22 10:49:17,1,8821,91,1,1,"The E word is… part2 #teachersoftiktok #teachertok #students #funny #laugh #classroom #student #teacher #teach #teaching"
"<a href=""https://www.tiktok.com/@yue3312e/video/7462688766306635054"" target=""_blank"" class=""btn btn-sm"" style=""background-color: #00926c; color: white; text-decoration: none; padding: 2px 8px; border-radius: 4px; font-size: 0.8em;"">View Post</a>",1,"yue3312e",2025-01-22 10:46:12,1,2798,17,0,2,"The E word is… part2 #teachersoftiktok #teachertok #students #funny #laugh #classroom #student #teacher #teach #teaching"
"<a href=""https://www.tiktok.com/@yue3312e/video/7462277543287115054"" target=""_blank"" class=""btn btn-sm"" style=""background-color: #00926c; color: white; text-decoration: none; padding: 2px 8px; border-radius: 4px; font-size: 0.8em;"">View Post</a>",1,"yue3312e",2025-01-21 08:08:57,1,5064,34,0,1,"The E word is… part2 #teachersoftiktok #teachertok #students #funny #laugh #classroom #student #teacher #teach #teaching"
"<a href=""https://www.tiktok.com/@yue3312e/video/7462277428073827630"" target=""_blank"" class=""btn btn-sm"" style=""background-color: #00926c; color: white; text-decoration: none; padding: 2px 8px; border-radius: 4px; font-size: 0.8em;"">View Post</a>",1,"yue3312e",2025-01-21 08:08:59,1,6277,32,2,1,"The E word is… part2 #teachersoftiktok #teachertok #students #funny #laugh #classroom #student #teacher #teach #teaching"
"<a href=""https://www.tiktok.com/@yue3312e/video/7462277415734185258"" target=""_blank"" class=""btn btn-sm"" style=""background-color: #00926c; color: white; text-decoration: none; padding: 2px 8px; border-radius: 4px; font-size: 0.8em;"">View Post</a>",1,"yue3312e",2025-01-21 08:08:56,1,9525,29,3,1,"The E word is… part2 #teachersoftiktok #teachertok #students #funny #laugh #classroom #student #teacher #teach #teaching"
"<a href=""https://www.tiktok.com/@yue3312e/video/7462277385975680302"" target=""_blank"" class=""btn btn-sm"" style=""background-color: #00926c; color: white; text-decoration: none; padding: 2px 8px; border-radius: 4px; font-size: 0.8em;"">View Post</a>",1,"yue3312e",2025-01-21 08:09:00,1,5331,42,0,0,"The E word is… part2 #teachersoftiktok #teachertok #students #funny #laugh #classroom #student #teacher #teach #teaching"
"<a href=""https://www.tiktok.com/@yue3312e/video/7462277370939018538"" target=""_blank"" class=""btn btn-sm"" style=""background-color: #00926c; color: white; text-decoration: none; padding: 2px 8px; border-radius: 4px; font-size: 0.8em;"">View Post</a>",1,"yue3312e",2025-01-21 08:09:02,1,2512,24,0,0,"The E word is… part2 #teachersoftiktok #teachertok #students #funny #laugh #classroom #student #teacher #teach #teaching"
"<a href=""https://www.tiktok.com/@yftzzmmezm/video/7462277369080859946"" target=""_blank"" class=""btn btn-sm"" style=""background-color: #00926c; color: white; text-decoration: none; padding: 2px 8px; border-radius: 4px; font-size: 0.8em;"">View Post</a>",1,"yftzzmmezm",2025-01-21 08:08:20,1,11344,20,14,0,"The E word is… part2 #teachersoftiktok #teachertok #students #funny #laugh #classroom #student #teacher #teach #teaching"
"<a href=""https://www.tiktok.com/@yftzzmmezm/video/7462277357261294890"" target=""_blank"" class=""btn btn-sm"" style=""background-color: #00926c; color: white; text-decoration: none; padding: 2px 8px; border-radius: 4px; font-size: 0.8em;"">View Post</a>",1,"yftzzmmezm",2025-01-21 08:08:17,1,15220,41,6,2,"The E word is… part2 #teachersoftiktok #teachertok #students #funny #laugh #classroom #student #teacher #teach #teaching"
"<a href=""https://www.tiktok.com/@kxhlqola6a363c/video/7463614149898013982"" target=""_blank"" class=""btn btn-sm"" style=""background-color: #00926c; color: white; text-decoration: none; padding: 2px 8px; border-radius: 4px; font-size: 0.8em;"">View Post</a>",2,"kxhlqola6a363c",2025-01-24 22:35:33,1,4576,54,0,0,"Part 1，#serviceindustry #bartender #server #ale #alcohollawenforcement #under21 #usa #hairstyle"
"<a href=""https://www.tiktok.com/@jennamillereh26e/video/7463611763703991582"" target=""_blank"" class=""btn btn-sm"" style=""background-color: #00926c; color: white; text-decoration: none; padding: 2px 8px; border-radius: 4px; font-size: 0.8em;"">View Post</a>",2,"jennamillereh26e",2025-01-24 22:26:09,1,5430,74,0,0,"Part 1，#serviceindustry #bartender #server #ale #alcohollawenforcement #under21 #usa #hairstyle"
"<a href=""https://www.tiktok.com/@jennamillereh26e/video/7463611703738010910"" target=""_blank"" class=""btn btn-sm"" style=""background-color: #00926c; color: white; text-decoration: none; padding: 2px 8px; border-radius: 4px; font-size: 0.8em;"">View Post</a>",2,"jennamillereh26e",2025-01-24 22:26:02,1,5446,77,0,0,"Part 1，#serviceindustry #bartender #server #ale #alcohollawenforcement #under21 #usa #hairstyle"
"<a href=""https://www.tiktok.com/@jennamillereh26e/video/7463552359340264734"" target=""_blank"" class=""btn btn-sm"" style=""background-color: #00926c; color: white; text-decoration: none; padding: 2px 8px; border-radius: 4px; font-size: 0.8em;"">View Post</a>",2,"jennamillereh26e",2025-01-24 18:35:49,1,6067,82,0,1,"Part 1，#serviceindustry #bartender #server #ale #alcohollawenforcement #under21 #usa #hairstyle"
"<a href=""https://www.tiktok.com/@kxhlqola6a363c/video/7463298815316020511"" target=""_blank"" class=""btn btn-sm"" style=""background-color: #00926c; color: white; text-decoration: none; padding: 2px 8px; border-radius: 4px; font-size: 0.8em;"">View Post</a>",2,"kxhlqola6a363c",2025-01-24 02:11:31,1,952,9,0,0,"Part 1，#serviceindustry #bartender #server #ale #alcohollawenforcement #under21 #usa #hairstyle"
"<a href=""https://www.tiktok.com/@jennamillereh26e/video/7463270308162686238"" target=""_blank"" class=""btn btn-sm"" style=""background-color: #00926c; color: white; text-decoration: none; padding: 2px 8px; border-radius: 4px; font-size: 0.8em;"">View Post</a>",2,"jennamillereh26e",2025-01-24 00:21:03,1,3172,42,0,0,"Part 1，#serviceindustry #bartender #server #ale #alcohollawenforcement #under21 #usa #hairstyle"
"<a href=""https://www.tiktok.com/@kxhlqola6a363c/video/7463268273208003870"" target=""_blank"" class=""btn btn-sm"" style=""background-color: #00926c; color: white; text-decoration: none; padding: 2px 8px; border-radius: 4px; font-size: 0.8em;"">View Post</a>",2,"kxhlqola6a363c",2025-01-24 00:13:06,1,1848,37,0,0,"Part 1，#serviceindustry #bartender #server #ale #alcohollawenforcement #under21 #usa #hairstyle"
"<a href=""https://www.tiktok.com/@kxhlqola6a363c/video/7463244939594353951"" target=""_blank"" class=""btn btn-sm"" style=""background-color: #00926c; color: white; text-decoration: none; padding: 2px 8px; border-radius: 4px; font-size: 0.8em;"">View Post</a>",2,"kxhlqola6a363c",2025-01-23 22:42:17,1,1826,33,0,0,"Part 1，#serviceindustry #bartender #server #ale #alcohollawenforcement #under21 #usa #hairstyle"
"<a href=""https://www.tiktok.com/@jennamillereh26e/video/7463244918345960734"" target=""_blank"" class=""btn btn-sm"" style=""background-color: #00926c; color: white; text-decoration: none; padding: 2px 8px; border-radius: 4px; font-size: 0.8em;"">View Post</a>",2,"jennamillereh26e",2025-01-23 22:42:10,1,4041,91,0,0,"Part 1，#serviceindustry #bartender #server #ale #alcohollawenforcement #under21 #usa #hairstyle"
"<a href=""https://www.tiktok.com/@kxhlqola6a363c/video/7462887438667500830"" target=""_blank"" class=""btn btn-sm"" style=""background-color: #00926c; color: white; text-decoration: none; padding: 2px 8px; border-radius: 4px; font-size: 0.8em;"">View Post</a>",2,"kxhlqola6a363c",2025-01-22 23:35:25,1,10061,209,0,0,"Part 1，#serviceindustry #bartender #server #ale #alcohollawenforcement #under21 #usa #hairstyle"
"<a href=""https://www.tiktok.com/@jennamillereh26e/video/7462887386419154206"" target=""_blank"" class=""btn btn-sm"" style=""background-color: #00926c; color: white; text-decoration: none; padding: 2px 8px; border-radius: 4px; font-size: 0.8em;"">View Post</a>",2,"jennamillereh26e",2025-01-22 23:35:15,1,5467,107,0,1,"Part 1，#serviceindustry #bartender #server #ale #alcohollawenforcement #under21 #usa #hairstyle"
"<a href=""https://www.tiktok.com/@kxhlqola6a363c/video/7462850719876451615"" target=""_blank"" class=""btn btn-sm"" style=""background-color: #00926c; color: white; text-decoration: none; padding: 2px 8px; border-radius: 4px; font-size: 0.8em;"">View Post</a>",2,"kxhlqola6a363c",2025-01-22 21:12:55,1,4569,31,0,0,"Part 1，#serviceindustry #bartender #server #ale #alcohollawenforcement #under21 #usa #hairstyle"
"<a href=""https://www.tiktok.com/@jennamillereh26e/video/7462850674099899678"" target=""_blank"" class=""btn btn-sm"" style=""background-color: #00926c; color: white; text-decoration: none; padding: 2px 8px; border-radius: 4px; font-size: 0.8em;"">View Post</a>",2,"jennamillereh26e",2025-01-22 21:12:49,1,1940,50,0,0,"Part 1，#serviceindustry #bartender #server #ale #alcohollawenforcement #under21 #usa #hairstyle"
"<a href=""https://www.tiktok.com/@kxhlqola6a363c/video/7462831581074296094"" target=""_blank"" class=""btn btn-sm"" style=""background-color: #00926c; color: white; text-decoration: none; padding: 2px 8px; border-radius: 4px; font-size: 0.8em;"">View Post</a>",2,"kxhlqola6a363c",2025-01-22 19:58:37,1,5455,64,0,0,"Part 1，#serviceindustry #bartender #server #ale #alcohollawenforcement #under21 #usa #hairstyle"
"<a href=""https://www.tiktok.com/@jennamillereh26e/video/7462830310091181342"" target=""_blank"" class=""btn btn-sm"" style=""background-color: #00926c; color: white; text-decoration: none; padding: 2px 8px; border-radius: 4px; font-size: 0.8em;"">View Post</a>",2,"jennamillereh26e",2025-01-22 19:53:55,1,4141,69,0,0,"Part 1，#serviceindustry #bartender #server #ale #alcohollawenforcement #under21 #usa #hairstyle"
"<a href=""https://www.tiktok.com/@kxhlqola6a363c/video/7459178135825730846"" target=""_blank"" class=""btn btn-sm"" style=""background-color: #00926c; color: white; text-decoration: none; padding: 2px 8px; border-radius: 4px; font-size: 0.8em;"">View Post</a>",2,"kxhlqola6a363c",2025-01-12 23:40:56,1,4090,43,0,0,"Part 1，#serviceindustry #bartender #server #ale #alcohollawenforcement #under21 #usa #hairstyle"
"<a href=""https://www.tiktok.com/@jennamillereh26e/video/7459178098588683551"" target=""_blank"" class=""btn btn-sm"" style=""background-color: #00926c; color: white; text-decoration: none; padding: 2px 8px; border-radius: 4px; font-size: 0.8em;"">View Post</a>",2,"jennamillereh26e",2025-01-12 23:40:50,1,3537,55,0,0,"Part 1，#serviceindustry #bartender #server #ale #alcohollawenforcement #under21 #usa #hairstyle"
"<a href=""https://www.tiktok.com/@jennamillereh26e/video/7459178013054225694"" target=""_blank"" class=""btn btn-sm"" style=""background-color: #00926c; color: white; text-decoration: none; padding: 2px 8px; border-radius: 4px; font-size: 0.8em;"">View Post</a>",2,"jennamillereh26e",2025-01-12 23:40:29,1,5499,77,0,0,"Part 1，#serviceindustry #bartender #server #ale #alcohollawenforcement #under21 #usa #hairstyle"
"<a href=""https://www.tiktok.com/@kxhlqola6a363c/video/7459177997912821023"" target=""_blank"" class=""btn btn-sm"" style=""background-color: #00926c; color: white; text-decoration: none; padding: 2px 8px; border-radius: 4px; font-size: 0.8em;"">View Post</a>",2,"kxhlqola6a363c",2025-01-12 23:40:28,1,4777,64,0,0,"Part 1，#serviceindustry #bartender #server #ale #alcohollawenforcement #under21 #usa #hairstyle"
"<a href=""https://www.tiktok.com/@jennamillereh26e/video/7459177953985858846"" target=""_blank"" class=""btn btn-sm"" style=""background-color: #00926c; color: white; text-decoration: none; padding: 2px 8px; border-radius: 4px; font-size: 0.8em;"">View Post</a>",2,"jennamillereh26e",2025-01-12 23:40:17,1,5135,73,0,1,"Part 1，#serviceindustry #bartender #server #ale #alcohollawenforcement #under21 #usa #hairstyle"
"<a href=""https://www.tiktok.com/@jennamillereh26e/video/7459134032475917598"" target=""_blank"" class=""btn btn-sm"" style=""background-color: #00926c; color: white; text-decoration: none; padding: 2px 8px; border-radius: 4px; font-size: 0.8em;"">View Post</a>",2,"jennamillereh26e",2025-01-12 20:49:50,1,28858,198,0,1,"Part 1，#serviceindustry #bartender #server #ale #alcohollawenforcement #under21 #usa #hairstyle"
"<a href=""https://www.tiktok.com/@jennamillereh26e/video/7459134022686428447"" target=""_blank"" class=""btn btn-sm"" style=""background-color: #00926c; color: white; text-decoration: none; padding: 2px 8px; border-radius: 4px; font-size: 0.8em;"">View Post</a>",2,"jennamillereh26e",2025-01-12 20:49:49,1,992,13,0,0,"Part 1，#serviceindustry #bartender #server #ale #alcohollawenforcement #under21 #usa #hairstyle"
"<a href=""https://www.tiktok.com/@jennamillereh26e/video/7459133982811245855"" target=""_blank"" class=""btn btn-sm"" style=""background-color: #00926c; color: white; text-decoration: none; padding: 2px 8px; border-radius: 4px; font-size: 0.8em;"">View Post</a>",2,"jennamillereh26e",2025-01-12 20:49:38,1,4330,63,0,0,"Part 1，#serviceindustry #bartender #server #ale #alcohollawenforcement #under21 #usa #hairstyle"
"<a href=""https://www.tiktok.com/@kxhlqola6a363c/video/7459133716128959774"" target=""_blank"" class=""btn btn-sm"" style=""background-color: #00926c; color: white; text-decoration: none; padding: 2px 8px; border-radius: 4px; font-size: 0.8em;"">View Post</a>",2,"kxhlqola6a363c",2025-01-12 20:48:37,1,5056,32,0,0,"Part 1，#serviceindustry #bartender #server #ale #alcohollawenforcement #under21 #usa #hairstyle"
"<a href=""https://www.tiktok.com/@kxhlqola6a363c/video/7459133701541219614"" target=""_blank"" class=""btn btn-sm"" style=""background-color: #00926c; color: white; text-decoration: none; padding: 2px 8px; border-radius: 4px; font-size: 0.8em;"">View Post</a>",2,"kxhlqola6a363c",2025-01-12 20:48:36,1,5150,73,0,0,"Part 1，#serviceindustry #bartender #server #ale #alcohollawenforcement #under21 #usa #hairstyle"
"<a href=""https://www.tiktok.com/@kxhlqola6a363c/video/7459133683010784543"" target=""_blank"" class=""btn btn-sm"" style=""background-color: #00926c; color: white; text-decoration: none; padding: 2px 8px; border-radius: 4px; font-size: 0.8em;"">View Post</a>",2,"kxhlqola6a363c",2025-01-12 20:48:31,1,5727,50,0,0,"Part 1，#serviceindustry #bartender #server #ale #alcohollawenforcement #under21 #usa #hairstyle"
"<a href=""https://www.tiktok.com/@kxhlqola6a363c/video/7459097010478517534"" target=""_blank"" class=""btn btn-sm"" style=""background-color: #00926c; color: white; text-decoration: none; padding: 2px 8px; border-radius: 4px; font-size: 0.8em;"">View Post</a>",2,"kxhlqola6a363c",2025-01-12 18:26:08,1,4949,49,0,0,"Part 1，#serviceindustry #bartender #server #ale #alcohollawenforcement #under21 #usa #hairstyle"
"<a href=""https://www.tiktok.com/@kxhlqola6a363c/video/7459096993806208286"" target=""_blank"" class=""btn btn-sm"" style=""background-color: #00926c; color: white; text-decoration: none; padding: 2px 8px; border-radius: 4px; font-size: 0.8em;"">View Post</a>",2,"kxhlqola6a363c",2025-01-12 18:26:05,1,6187,49,0,0,"Part 1，#serviceindustry #bartender #server #ale #alcohollawenforcement #under21 #usa #hairstyle"
"<a href=""https://www.tiktok.com/@jennamillereh26e/video/7459096936511999262"" target=""_blank"" class=""btn btn-sm"" style=""background-color: #00926c; color: white; text-decoration: none; padding: 2px 8px; border-radius: 4px; font-size: 0.8em;"">View Post</a>",2,"jennamillereh26e",2025-01-12 18:25:51,1,7018,79,0,2,"Part 1，#serviceindustry #bartender #server #ale #alcohollawenforcement #under21 #usa #hairstyle"
"<a href=""https://www.tiktok.com/@kxhlqola6a363c/video/7459096907693002014"" target=""_blank"" class=""btn btn-sm"" style=""background-color: #00926c; color: white; text-decoration: none; padding: 2px 8px; border-radius: 4px; font-size: 0.8em;"">View Post</a>",2,"kxhlqola6a363c",2025-01-12 18:25:46,1,6102,53,0,0,"Part 1，#serviceindustry #bartender #server #ale #alcohollawenforcement #under21 #usa #hairstyle"
"<a href=""https://www.tiktok.com/@jennamillereh26e/video/7459096883940560159"" target=""_blank"" class=""btn btn-sm"" style=""background-color: #00926c; color: white; text-decoration: none; padding: 2px 8px; border-radius: 4px; font-size: 0.8em;"">View Post</a>",2,"jennamillereh26e",2025-01-12 18:25:41,1,5582,15,0,0,"Part 1，#serviceindustry #bartender #server #ale #alcohollawenforcement #under21 #usa #hairstyle"
"<a href=""https://www.tiktok.com/@jennamillereh26e/video/7459096837723589919"" target=""_blank"" class=""btn btn-sm"" style=""background-color: #00926c; color: white; text-decoration: none; padding: 2px 8px; border-radius: 4px; font-size: 0.8em;"">View Post</a>",2,"jennamillereh26e",2025-01-12 18:25:31,1,8385,79,0,2,"Part 1，#serviceindustry #bartender #server #ale #alcohollawenforcement #under21 #usa #hairstyle"
"<a href=""https://www.tiktok.com/@llhh36784/video/7463325210347932970"" target=""_blank"" class=""btn btn-sm"" style=""background-color: #00926c; color: white; text-decoration: none; padding: 2px 8px; border-radius: 4px; font-size: 0.8em;"">View Post</a>",4,"llhh36784",2025-01-24 03:54:10,1,4441,91,0,8,"#ingrowntoenail #ingrowntoenailremoval #podiatrist #toenails #pedicure #manicure #podiatry #feet #tiktok #fyp #foryou #pov #foryourpage #relatable #satisfying #viral #acting #actingvideos #asmrvideo #parents #relatable #family #childhood #parenthood #child #fypシ "
"<a href=""https://www.tiktok.com/@llhh36784/video/7463325186448739630"" target=""_blank"" class=""btn btn-sm"" style=""background-color: #00926c; color: white; text-decoration: none; padding: 2px 8px; border-radius: 4px; font-size: 0.8em;"">View Post</a>",4,"llhh36784",2025-01-24 03:54:11,1,6003,178,1,10,"#ingrowntoenail #ingrowntoenailremoval #podiatrist #toenails #pedicure #manicure #podiatry #feet #tiktok #fyp #foryou #pov #foryourpage #relatable #satisfying #viral #acting #actingvideos #asmrvideo #parents #relatable #family #childhood #parenthood #child #fypシ "
"<a href=""https://www.tiktok.com/@llhh36784/video/7463325094618631467"" target=""_blank"" class=""btn btn-sm"" style=""background-color: #00926c; color: white; text-decoration: none; padding: 2px 8px; border-radius: 4px; font-size: 0.8em;"">View Post</a>",4,"llhh36784",2025-01-24 03:53:37,1,3782,62,1,4,"#ingrowntoenail #ingrowntoenailremoval #podiatrist #toenails #pedicure #manicure #podiatry #feet #tiktok #fyp #foryou #pov #foryourpage #relatable #satisfying #viral #acting #actingvideos #asmrvideo #parents #relatable #family #childhood #parenthood #child #fypシ "
"<a href=""https://www.tiktok.com/@llhh3799/video/7463324810458746142"" target=""_blank"" class=""btn btn-sm"" style=""background-color: #00926c; color: white; text-decoration: none; padding: 2px 8px; border-radius: 4px; font-size: 0.8em;"">View Post</a>",4,"llhh3799",2025-01-24 03:52:47,1,10297,81,1,0,"#ingrowntoenail #ingrowntoenailremoval #podiatrist #toenails #pedicure #manicure #podiatry #feet #tiktok #fyp #foryou #pov #foryourpage #relatable #satisfying #viral #acting #actingvideos #asmrvideo #parents #relatable #family #childhood #parenthood #child #fypシ "
"<a href=""https://www.tiktok.com/@llhh3799/video/7463324457445149982"" target=""_blank"" class=""btn btn-sm"" style=""background-color: #00926c; color: white; text-decoration: none; padding: 2px 8px; border-radius: 4px; font-size: 0.8em;"">View Post</a>",4,"llhh3799",2025-01-24 03:51:19,1,5386,25,3,0,"#ingrowntoenail #ingrowntoenailremoval #podiatrist #toenails #pedicure #manicure #podiatry #feet #tiktok #fyp #foryou #pov #foryourpage #relatable #satisfying #viral #acting #actingvideos #asmrvideo #parents #relatable #family #childhood #parenthood #child #fypシ "
"<a href=""https://www.tiktok.com/@llhh3799/video/7463324433340534046"" target=""_blank"" class=""btn btn-sm"" style=""background-color: #00926c; color: white; text-decoration: none; padding: 2px 8px; border-radius: 4px; font-size: 0.8em;"">View Post</a>",4,"llhh3799",2025-01-24 03:51:13,1,8612,51,0,0,"#ingrowntoenail #ingrowntoenailremoval #podiatrist #toenails #pedicure #manicure #podiatry #feet #tiktok #fyp #foryou #pov #foryourpage #relatable #satisfying #viral #acting #actingvideos #asmrvideo #parents #relatable #family #childhood #parenthood #child #fypシ "
"<a href=""https://www.tiktok.com/@llhh36784/video/7462986673698180395"" target=""_blank"" class=""btn btn-sm"" style=""background-color: #00926c; color: white; text-decoration: none; padding: 2px 8px; border-radius: 4px; font-size: 0.8em;"">View Post</a>",4,"llhh36784",2025-01-23 06:00:45,1,4209,55,0,1,"#ingrowntoenail #ingrowntoenailremoval #podiatrist #toenails #pedicure #manicure #podiatry #feet #tiktok #fyp #foryou #pov #foryourpage #relatable #satisfying #viral #acting #actingvideos #asmrvideo #parents #relatable #family #childhood #parenthood #child #fypシ "
"<a href=""https://www.tiktok.com/@llhh36784/video/7462986671991098666"" target=""_blank"" class=""btn btn-sm"" style=""background-color: #00926c; color: white; text-decoration: none; padding: 2px 8px; border-radius: 4px; font-size: 0.8em;"">View Post</a>",4,"llhh36784",2025-01-23 06:00:49,1,1865,35,0,7,"#ingrowntoenail #ingrowntoenailremoval #podiatrist #toenails #pedicure #manicure #podiatry #feet #tiktok #fyp #foryou #pov #foryourpage #relatable #satisfying #viral #acting #actingvideos #asmrvideo #parents #relatable #family #childhood #parenthood #child #fypシ "
"<a href=""https://www.tiktok.com/@llhh36784/video/7462986664588086570"" target=""_blank"" class=""btn btn-sm"" style=""background-color: #00926c; color: white; text-decoration: none; padding: 2px 8px; border-radius: 4px; font-size: 0.8em;"">View Post</a>",4,"llhh36784",2025-01-23 06:00:39,1,5580,94,0,2,"#ingrowntoenail #ingrowntoenailremoval #podiatrist #toenails #pedicure #manicure #podiatry #feet #tiktok #fyp #foryou #pov #foryourpage #relatable #satisfying #viral #acting #actingvideos #asmrvideo #parents #relatable #family #childhood #parenthood #child #fypシ "
"<a href=""https://www.tiktok.com/@llhh3799/video/7462949831338626335"" target=""_blank"" class=""btn btn-sm"" style=""background-color: #00926c; color: white; text-decoration: none; padding: 2px 8px; border-radius: 4px; font-size: 0.8em;"">View Post</a>",4,"llhh3799",2025-01-23 03:37:20,1,10425,46,0,1,"#ingrowntoenail #ingrowntoenailremoval #podiatrist #toenails #pedicure #manicure #podiatry #feet #tiktok #fyp #foryou #pov #foryourpage #relatable #satisfying #viral #acting #actingvideos #asmrvideo #parents #relatable #family #childhood #parenthood #child #fypシ "
"<a href=""https://www.tiktok.com/@llhh3799/video/7462949803320741151"" target=""_blank"" class=""btn btn-sm"" style=""background-color: #00926c; color: white; text-decoration: none; padding: 2px 8px; border-radius: 4px; font-size: 0.8em;"">View Post</a>",4,"llhh3799",2025-01-23 03:37:22,1,16402,121,0,2,"#ingrowntoenail #ingrowntoenailremoval #podiatrist #toenails #pedicure #manicure #podiatry #feet #tiktok #fyp #foryou #pov #foryourpage #relatable #satisfying #viral #acting #actingvideos #asmrvideo #parents #relatable #family #childhood #parenthood #child #fypシ "
"<a href=""https://www.tiktok.com/@llhh3799/video/7462949458330897694"" target=""_blank"" class=""btn btn-sm"" style=""background-color: #00926c; color: white; text-decoration: none; padding: 2px 8px; border-radius: 4px; font-size: 0.8em;"">View Post</a>",4,"llhh3799",2025-01-23 03:36:02,1,13036,71,0,0,"#ingrowntoenail #ingrowntoenailremoval #podiatrist #toenails #pedicure #manicure #podiatry #feet #tiktok #fyp #foryou #pov #foryourpage #relatable #satisfying #viral #acting #actingvideos #asmrvideo #parents #relatable #family #childhood #parenthood #child #fypシ "
"<a href=""https://www.tiktok.com/@toot93743/video/7462579666679991598"" target=""_blank"" class=""btn btn-sm"" style=""background-color: #00926c; color: white; text-decoration: none; padding: 2px 8px; border-radius: 4px; font-size: 0.8em;"">View Post</a>",4,"toot93743",2025-01-22 03:41:05,1,5563,165,0,5,"#ingrowntoenail #ingrowntoenailremoval #podiatrist #toenails #pedicure #manicure #podiatry #feet #tiktok #fyp #foryou #pov #foryourpage #relatable #satisfying #viral #acting #actingvideos #asmrvideo #parents #relatable #family #childhood #parenthood #child #fypシ "
"<a href=""https://www.tiktok.com/@toot93743/video/7462579637055687982"" target=""_blank"" class=""btn btn-sm"" style=""background-color: #00926c; color: white; text-decoration: none; padding: 2px 8px; border-radius: 4px; font-size: 0.8em;"">View Post</a>",4,"toot93743",2025-01-22 03:41:03,1,11734,247,1,8,"#ingrowntoenail #ingrowntoenailremoval #podiatrist #toenails #pedicure #manicure #podiatry #feet #tiktok #fyp #foryou #pov #foryourpage #relatable #satisfying #viral #acting #actingvideos #asmrvideo #parents #relatable #family #childhood #parenthood #child #fypシ "
"<a href=""https://www.tiktok.com/@llhh36784/video/7462579624438926635"" target=""_blank"" class=""btn btn-sm"" style=""background-color: #00926c; color: white; text-decoration: none; padding: 2px 8px; border-radius: 4px; font-size: 0.8em;"">View Post</a>",4,"llhh36784",2025-01-22 03:40:50,1,5625,182,0,41,"#ingrowntoenail #ingrowntoenailremoval #podiatrist #toenails #pedicure #manicure #podiatry #feet #tiktok #fyp #foryou #pov #foryourpage #relatable #satisfying #viral #acting #actingvideos #asmrvideo #parents #relatable #family #childhood #parenthood #child #fypシ "
"<a href=""https://www.tiktok.com/@toot93743/video/7462579485531983146"" target=""_blank"" class=""btn btn-sm"" style=""background-color: #00926c; color: white; text-decoration: none; padding: 2px 8px; border-radius: 4px; font-size: 0.8em;"">View Post</a>",4,"toot93743",2025-01-22 03:40:21,1,6424,154,0,5,"#ingrowntoenail #ingrowntoenailremoval #podiatrist #toenails #pedicure #manicure #podiatry #feet #tiktok #fyp #foryou #pov #foryourpage #relatable #satisfying #viral #acting #actingvideos #asmrvideo #parents #relatable #family #childhood #parenthood #child #fypシ "
"<a href=""https://www.tiktok.com/@llhh36784/video/7462579320972791083"" target=""_blank"" class=""btn btn-sm"" style=""background-color: #00926c; color: white; text-decoration: none; padding: 2px 8px; border-radius: 4px; font-size: 0.8em;"">View Post</a>",4,"llhh36784",2025-01-22 03:39:44,1,1118,45,0,8,"#ingrowntoenail #ingrowntoenailremoval #podiatrist #toenails #pedicure #manicure #podiatry #feet #tiktok #fyp #foryou #pov #foryourpage #relatable #satisfying #viral #acting #actingvideos #asmrvideo #parents #relatable #family #childhood #parenthood #child #fypシ "
"<a href=""https://www.tiktok.com/@llhh36784/video/7462579079871499566"" target=""_blank"" class=""btn btn-sm"" style=""background-color: #00926c; color: white; text-decoration: none; padding: 2px 8px; border-radius: 4px; font-size: 0.8em;"">View Post</a>",4,"llhh36784",2025-01-22 03:38:46,1,7573,192,0,5,"#ingrowntoenail #ingrowntoenailremoval #podiatrist #toenails #pedicure #manicure #podiatry #feet #tiktok #fyp #foryou #pov #foryourpage #relatable #satisfying #viral #acting #actingvideos #asmrvideo #parents #relatable #family #childhood #parenthood #child #fypシ "
"<a href=""https://www.tiktok.com/@llhh3799/video/7462576115186470175"" target=""_blank"" class=""btn btn-sm"" style=""background-color: #00926c; color: white; text-decoration: none; padding: 2px 8px; border-radius: 4px; font-size: 0.8em;"">View Post</a>",4,"llhh3799",2025-01-22 03:27:11,1,4040,35,0,1,"#ingrowntoenail #ingrowntoenailremoval #podiatrist #toenails #pedicure #manicure #podiatry #feet #tiktok #fyp #foryou #pov #foryourpage #relatable #satisfying #viral #acting #actingvideos #asmrvideo #parents #relatable #family #childhood #parenthood #child #fypシ "
"<a href=""https://www.tiktok.com/@llhh3799/video/7462576093145484574"" target=""_blank"" class=""btn btn-sm"" style=""background-color: #00926c; color: white; text-decoration: none; padding: 2px 8px; border-radius: 4px; font-size: 0.8em;"">View Post</a>",4,"llhh3799",2025-01-22 03:27:13,1,6627,51,0,0,"#ingrowntoenail #ingrowntoenailremoval #podiatrist #toenails #pedicure #manicure #podiatry #feet #tiktok #fyp #foryou #pov #foryourpage #relatable #satisfying #viral #acting #actingvideos #asmrvideo #parents #relatable #family #childhood #parenthood #child #fypシ "
"<a href=""https://www.tiktok.com/@llhh3799/video/7462575341484133663"" target=""_blank"" class=""btn btn-sm"" style=""background-color: #00926c; color: white; text-decoration: none; padding: 2px 8px; border-radius: 4px; font-size: 0.8em;"">View Post</a>",4,"llhh3799",2025-01-22 03:24:06,1,3720,14,2,0,"#ingrowntoenail #ingrowntoenailremoval #podiatrist #toenails #pedicure #manicure #podiatry #feet #tiktok #fyp #foryou #pov #foryourpage #relatable #satisfying #viral #acting #actingvideos #asmrvideo #parents #relatable #family #childhood #parenthood #child #fypシ "
"<a href=""https://www.tiktok.com/@llhh36784/video/7462205127391300907"" target=""_blank"" class=""btn btn-sm"" style=""background-color: #00926c; color: white; text-decoration: none; padding: 2px 8px; border-radius: 4px; font-size: 0.8em;"">View Post</a>",4,"llhh36784",2025-01-21 03:27:33,1,4307,77,1,1,"#ingrowntoenail #ingrowntoenailremoval #podiatrist #toenails #pedicure #manicure #podiatry #feet #tiktok #fyp #foryou #pov #foryourpage #relatable #satisfying #viral #acting #actingvideos #asmrvideo #parents #relatable #family #childhood #parenthood #child #fypシ "
"<a href=""https://www.tiktok.com/@llhh36784/video/7462205126606933294"" target=""_blank"" class=""btn btn-sm"" style=""background-color: #00926c; color: white; text-decoration: none; padding: 2px 8px; border-radius: 4px; font-size: 0.8em;"">View Post</a>",4,"llhh36784",2025-01-21 03:27:35,1,4399,75,2,1,"#ingrowntoenail #ingrowntoenailremoval #podiatrist #toenails #pedicure #manicure #podiatry #feet #tiktok #fyp #foryou #pov #foryourpage #relatable #satisfying #viral #acting #actingvideos #asmrvideo #parents #relatable #family #childhood #parenthood #child #fypシ "
"<a href=""https://www.tiktok.com/@llhh36784/video/7462204847438286123"" target=""_blank"" class=""btn btn-sm"" style=""background-color: #00926c; color: white; text-decoration: none; padding: 2px 8px; border-radius: 4px; font-size: 0.8em;"">View Post</a>",4,"llhh36784",2025-01-21 03:26:42,1,5560,139,1,2,"#ingrowntoenail #ingrowntoenailremoval #podiatrist #toenails #pedicure #manicure #podiatry #feet #tiktok #fyp #foryou #pov #foryourpage #relatable #satisfying #viral #acting #actingvideos #asmrvideo #parents #relatable #family #childhood #parenthood #child #fypシ "
"<a href=""https://www.tiktok.com/@llhh3799/video/7462203656788643102"" target=""_blank"" class=""btn btn-sm"" style=""background-color: #00926c; color: white; text-decoration: none; padding: 2px 8px; border-radius: 4px; font-size: 0.8em;"">View Post</a>",4,"llhh3799",2025-01-21 03:21:47,1,5256,29,0,0,"#ingrowntoenail #ingrowntoenailremoval #podiatrist #toenails #pedicure #manicure #podiatry #feet #tiktok #fyp #foryou #pov #foryourpage #relatable #satisfying #viral #acting #actingvideos #asmrvideo #parents #relatable #family #childhood #parenthood #child #fypシ "
"<a href=""https://www.tiktok.com/@llhh3799/video/7462203522453458206"" target=""_blank"" class=""btn btn-sm"" style=""background-color: #00926c; color: white; text-decoration: none; padding: 2px 8px; border-radius: 4px; font-size: 0.8em;"">View Post</a>",4,"llhh3799",2025-01-21 03:21:21,1,10627,90,0,3,"#ingrowntoenail #ingrowntoenailremoval #podiatrist #toenails #pedicure #manicure #podiatry #feet #tiktok #fyp #foryou #pov #foryourpage #relatable #satisfying #viral #acting #actingvideos #asmrvideo #parents #relatable #family #childhood #parenthood #child #fypシ "
"<a href=""https://www.tiktok.com/@llhh3799/video/7462202627380514079"" target=""_blank"" class=""btn btn-sm"" style=""background-color: #00926c; color: white; text-decoration: none; padding: 2px 8px; border-radius: 4px; font-size: 0.8em;"">View Post</a>",4,"llhh3799",2025-01-21 03:17:46,1,15629,129,2,6,"#ingrowntoenail #ingrowntoenailremoval #podiatrist #toenails #pedicure #manicure #podiatry #feet #tiktok #fyp #foryou #pov #foryourpage #relatable #satisfying #viral #acting #actingvideos #asmrvideo #parents #relatable #family #childhood #parenthood #child #fypシ "
"<a href=""https://www.tiktok.com/@toot93743/video/7458828599408348459"" target=""_blank"" class=""btn btn-sm"" style=""background-color: #00926c; color: white; text-decoration: none; padding: 2px 8px; border-radius: 4px; font-size: 0.8em;"">View Post</a>",4,"toot93743",2025-01-12 01:04:34,1,4215,99,1,3,"#ingrowntoenail #ingrowntoenailremoval #podiatrist #toenails #pedicure #manicure #podiatry #feet #tiktok #fyp #foryou #pov #foryourpage #relatable #satisfying #viral #acting #actingvideos #asmrvideo #parents #relatable #family #childhood #parenthood #child #fypシ "
"<a href=""https://www.tiktok.com/@llhh3799/video/7458827724048567583"" target=""_blank"" class=""btn btn-sm"" style=""background-color: #00926c; color: white; text-decoration: none; padding: 2px 8px; border-radius: 4px; font-size: 0.8em;"">View Post</a>",4,"llhh3799",2025-01-12 01:01:11,1,12515,116,2,3,"#ingrowntoenail #ingrowntoenailremoval #podiatrist #toenails #pedicure #manicure #podiatry #feet #tiktok #fyp #foryou #pov #foryourpage #relatable #satisfying #viral #acting #actingvideos #asmrvideo #parents #relatable #family #childhood #parenthood #child #fypシ "
"<a href=""https://www.tiktok.com/@llhh3799/video/7458827200238767390"" target=""_blank"" class=""btn btn-sm"" style=""background-color: #00926c; color: white; text-decoration: none; padding: 2px 8px; border-radius: 4px; font-size: 0.8em;"">View Post</a>",4,"llhh3799",2025-01-12 00:59:07,1,47521,1117,0,0,"#ingrowntoenail #ingrowntoenailremoval #podiatrist #toenails #pedicure #manicure #podiatry #feet #tiktok #fyp #foryou #pov #foryourpage #relatable #satisfying #viral #acting #actingvideos #asmrvideo #parents #relatable #family #childhood #parenthood #child #fypシ "
"<a href=""https://www.tiktok.com/@llhh36784/video/7463325186448739630"" target=""_blank"" class=""btn btn-sm"" style=""background-color: #00926c; color: white; text-decoration: none; padding: 2px 8px; border-radius: 4px; font-size: 0.8em;"">View Post</a>",4,"llhh36784",2025-01-24 03:54:11,1,6006,178,1,10,"#ingrowntoenail #ingrowntoenailremoval #podiatrist #toenails #pedicure #manicure #podiatry #feet #tiktok #fyp #foryou #pov #foryourpage #relatable #satisfying #viral #acting #actingvideos #asmrvideo #parents #relatable #family #childhood #parenthood #child #fypシ "
"<a href=""https://www.tiktok.com/@llhh36784/video/7463325094618631467"" target=""_blank"" class=""btn btn-sm"" style=""background-color: #00926c; color: white; text-decoration: none; padding: 2px 8px; border-radius: 4px; font-size: 0.8em;"">View Post</a>",4,"llhh36784",2025-01-24 03:53:37,1,3783,62,1,4,"#ingrowntoenail #ingrowntoenailremoval #podiatrist #toenails #pedicure #manicure #podiatry #feet #tiktok #fyp #foryou #pov #foryourpage #relatable #satisfying #viral #acting #actingvideos #asmrvideo #parents #relatable #family #childhood #parenthood #child #fypシ "
"<a href=""https://www.tiktok.com/@llhh3799/video/7463324810458746142"" target=""_blank"" class=""btn btn-sm"" style=""background-color: #00926c; color: white; text-decoration: none; padding: 2px 8px; border-radius: 4px; font-size: 0.8em;"">View Post</a>",4,"llhh3799",2025-01-24 03:52:47,1,10302,81,1,0,"#ingrowntoenail #ingrowntoenailremoval #podiatrist #toenails #pedicure #manicure #podiatry #feet #tiktok #fyp #foryou #pov #foryourpage #relatable #satisfying #viral #acting #actingvideos #asmrvideo #parents #relatable #family #childhood #parenthood #child #fypシ "
"<a href=""https://www.tiktok.com/@llhh3799/video/7463324457445149982"" target=""_blank"" class=""btn btn-sm"" style=""background-color: #00926c; color: white; text-decoration: none; padding: 2px 8px; border-radius: 4px; font-size: 0.8em;"">View Post</a>",4,"llhh3799",2025-01-24 03:51:19,1,5388,25,3,0,"#ingrowntoenail #ingrowntoenailremoval #podiatrist #toenails #pedicure #manicure #podiatry #feet #tiktok #fyp #foryou #pov #foryourpage #relatable #satisfying #viral #acting #actingvideos #asmrvideo #parents #relatable #family #childhood #parenthood #child #fypシ "
"<a href=""https://www.tiktok.com/@llhh3799/video/7463324433340534046"" target=""_blank"" class=""btn btn-sm"" style=""background-color: #00926c; color: white; text-decoration: none; padding: 2px 8px; border-radius: 4px; font-size: 0.8em;"">View Post</a>",4,"llhh3799",2025-01-24 03:51:13,1,8617,51,0,0,"#ingrowntoenail #ingrowntoenailremoval #podiatrist #toenails #pedicure #manicure #podiatry #feet #tiktok #fyp #foryou #pov #foryourpage #relatable #satisfying #viral #acting #actingvideos #asmrvideo #parents #relatable #family #childhood #parenthood #child #fypシ "
"<a href=""https://www.tiktok.com/@llhh3799/video/7462949831338626335"" target=""_blank"" class=""btn btn-sm"" style=""background-color: #00926c; color: white; text-decoration: none; padding: 2px 8px; border-radius: 4px; font-size: 0.8em;"">View Post</a>",4,"llhh3799",2025-01-23 03:37:20,1,10430,46,0,1,"#ingrowntoenail #ingrowntoenailremoval #podiatrist #toenails #pedicure #manicure #podiatry #feet #tiktok #fyp #foryou #pov #foryourpage #relatable #satisfying #viral #acting #actingvideos #asmrvideo #parents #relatable #family #childhood #parenthood #child #fypシ "
"<a href=""https://www.tiktok.com/@llhh3799/video/7462949803320741151"" target=""_blank"" class=""btn btn-sm"" style=""background-color: #00926c; color: white; text-decoration: none; padding: 2px 8px; border-radius: 4px; font-size: 0.8em;"">View Post</a>",4,"llhh3799",2025-01-23 03:37:22,1,16406,121,0,2,"#ingrowntoenail #ingrowntoenailremoval #podiatrist #toenails #pedicure #manicure #podiatry #feet #tiktok #fyp #foryou #pov #foryourpage #relatable #satisfying #viral #acting #actingvideos #asmrvideo #parents #relatable #family #childhood #parenthood #child #fypシ "
"<a href=""https://www.tiktok.com/@llhh3799/video/7462949458330897694"" target=""_blank"" class=""btn btn-sm"" style=""background-color: #00926c; color: white; text-decoration: none; padding: 2px 8px; border-radius: 4px; font-size: 0.8em;"">View Post</a>",4,"llhh3799",2025-01-23 03:36:02,1,13042,71,0,0,"#ingrowntoenail #ingrowntoenailremoval #podiatrist #toenails #pedicure #manicure #podiatry #feet #tiktok #fyp #foryou #pov #foryourpage #relatable #satisfying #viral #acting #actingvideos #asmrvideo #parents #relatable #family #childhood #parenthood #child #fypシ "
"<a href=""https://www.tiktok.com/@toot93743/video/7462579637055687982"" target=""_blank"" class=""btn btn-sm"" style=""background-color: #00926c; color: white; text-decoration: none; padding: 2px 8px; border-radius: 4px; font-size: 0.8em;"">View Post</a>",4,"toot93743",2025-01-22 03:41:03,1,11741,247,1,8,"#ingrowntoenail #ingrowntoenailremoval #podiatrist #toenails #pedicure #manicure #podiatry #feet #tiktok #fyp #foryou #pov #foryourpage #relatable #satisfying #viral #acting #actingvideos #asmrvideo #parents #relatable #family #childhood #parenthood #child #fypシ "
"<a href=""https://www.tiktok.com/@toot93743/video/7462579485531983146"" target=""_blank"" class=""btn btn-sm"" style=""background-color: #00926c; color: white; text-decoration: none; padding: 2px 8px; border-radius: 4px; font-size: 0.8em;"">View Post</a>",4,"toot93743",2025-01-22 03:40:21,1,6428,154,0,5,"#ingrowntoenail #ingrowntoenailremoval #podiatrist #toenails #pedicure #manicure #podiatry #feet #tiktok #fyp #foryou #pov #foryourpage #relatable #satisfying #viral #acting #actingvideos #asmrvideo #parents #relatable #family #childhood #parenthood #child #fypシ "
"<a href=""https://www.tiktok.com/@llhh3799/video/7462576115186470175"" target=""_blank"" class=""btn btn-sm"" style=""background-color: #00926c; color: white; text-decoration: none; padding: 2px 8px; border-radius: 4px; font-size: 0.8em;"">View Post</a>",4,"llhh3799",2025-01-22 03:27:11,1,4043,35,0,1,"#ingrowntoenail #ingrowntoenailremoval #podiatrist #toenails #pedicure #manicure #podiatry #feet #tiktok #fyp #foryou #pov #foryourpage #relatable #satisfying #viral #acting #actingvideos #asmrvideo #parents #relatable #family #childhood #parenthood #child #fypシ "
"<a href=""https://www.tiktok.com/@llhh3799/video/7462576093145484574"" target=""_blank"" class=""btn btn-sm"" style=""background-color: #00926c; color: white; text-decoration: none; padding: 2px 8px; border-radius: 4px; font-size: 0.8em;"">View Post</a>",4,"llhh3799",2025-01-22 03:27:13,1,6630,51,0,0,"#ingrowntoenail #ingrowntoenailremoval #podiatrist #toenails #pedicure #manicure #podiatry #feet #tiktok #fyp #foryou #pov #foryourpage #relatable #satisfying #viral #acting #actingvideos #asmrvideo #parents #relatable #family #childhood #parenthood #child #fypシ "
"<a href=""https://www.tiktok.com/@llhh3799/video/7462575341484133663"" target=""_blank"" class=""btn btn-sm"" style=""background-color: #00926c; color: white; text-decoration: none; padding: 2px 8px; border-radius: 4px; font-size: 0.8em;"">View Post</a>",4,"llhh3799",2025-01-22 03:24:06,1,3726,14,2,0,"#ingrowntoenail #ingrowntoenailremoval #podiatrist #toenails #pedicure #manicure #podiatry #feet #tiktok #fyp #foryou #pov #foryourpage #relatable #satisfying #viral #acting #actingvideos #asmrvideo #parents #relatable #family #childhood #parenthood #child #fypシ "
"<a href=""https://www.tiktok.com/@llhh6654/video/7463325301444054302"" target=""_blank"" class=""btn btn-sm"" style=""background-color: #00926c; color: white; text-decoration: none; padding: 2px 8px; border-radius: 4px; font-size: 0.8em;"">View Post</a>",5,"llhh6654",2025-01-24 03:54:39,1,4857,29,0,0,"#pimplepopperaddict #pimple#textractions#ingrownhairremoval#ingrown #ingrownhair#picking#tweezers #skinpicking #satisfying#blemishes#blemishbandits#cloggedpores #pores #acne#hair#cleanskincare #skincareroutine#fyp #relaxingvideos #viral#trending#viraltiktok#creatorsearchinsights #foryoU#tiktok #pvo#skit"
"<a href=""https://www.tiktok.com/@llhh6654/video/7463325207239937310"" target=""_blank"" class=""btn btn-sm"" style=""background-color: #00926c; color: white; text-decoration: none; padding: 2px 8px; border-radius: 4px; font-size: 0.8em;"">View Post</a>",5,"llhh6654",2025-01-24 03:54:10,1,1670,10,0,1,"#pimplepopperaddict #pimple#textractions#ingrownhairremoval#ingrown #ingrownhair#picking#tweezers #skinpicking #satisfying#blemishes#blemishbandits#cloggedpores #pores #acne#hair#cleanskincare #skincareroutine#fyp #relaxingvideos #viral#trending#viraltiktok#creatorsearchinsights #foryoU#tiktok #pvo#skit"
"<a href=""https://www.tiktok.com/@llhh6654/video/7463324759061761311"" target=""_blank"" class=""btn btn-sm"" style=""background-color: #00926c; color: white; text-decoration: none; padding: 2px 8px; border-radius: 4px; font-size: 0.8em;"">View Post</a>",5,"llhh6654",2025-01-24 03:52:28,1,3455,11,0,0,"#pimplepopperaddict #pimple#textractions#ingrownhairremoval#ingrown #ingrownhair#picking#tweezers #skinpicking #satisfying#blemishes#blemishbandits#cloggedpores #pores #acne#hair#cleanskincare #skincareroutine#fyp #relaxingvideos #viral#trending#viraltiktok#creatorsearchinsights #foryoU#tiktok #pvo#skit"
"<a href=""https://www.tiktok.com/@toot5744/video/7463323219143953710"" target=""_blank"" class=""btn btn-sm"" style=""background-color: #00926c; color: white; text-decoration: none; padding: 2px 8px; border-radius: 4px; font-size: 0.8em;"">View Post</a>",5,"toot5744",2025-01-24 03:46:18,1,1804,36,0,0,"#pimplepopperaddict #pimple#textractions#ingrownhairremoval#ingrown #ingrownhair#picking#tweezers #skinpicking #satisfying#blemishes#blemishbandits#cloggedpores #pores #acne#hair#cleanskincare #skincareroutine#fyp #relaxingvideos #viral#trending#viraltiktok#creatorsearchinsights #foryoU#tiktok #pvo#skit"
"<a href=""https://www.tiktok.com/@toot5744/video/7463323203293777195"" target=""_blank"" class=""btn btn-sm"" style=""background-color: #00926c; color: white; text-decoration: none; padding: 2px 8px; border-radius: 4px; font-size: 0.8em;"">View Post</a>",5,"toot5744",2025-01-24 03:46:19,1,2697,35,3,0,"#pimplepopperaddict #pimple#textractions#ingrownhairremoval#ingrown #ingrownhair#picking#tweezers #skinpicking #satisfying#blemishes#blemishbandits#cloggedpores #pores #acne#hair#cleanskincare #skincareroutine#fyp #relaxingvideos #viral#trending#viraltiktok#creatorsearchinsights #foryoU#tiktok #pvo#skit"
"<a href=""https://www.tiktok.com/@toot5744/video/7463322990822853931"" target=""_blank"" class=""btn btn-sm"" style=""background-color: #00926c; color: white; text-decoration: none; padding: 2px 8px; border-radius: 4px; font-size: 0.8em;"">View Post</a>",5,"toot5744",2025-01-24 03:45:30,1,1598,38,0,0,"#pimplepopperaddict #pimple#textractions#ingrownhairremoval#ingrown #ingrownhair#picking#tweezers #skinpicking #satisfying#blemishes#blemishbandits#cloggedpores #pores #acne#hair#cleanskincare #skincareroutine#fyp #relaxingvideos #viral#trending#viraltiktok#creatorsearchinsights #foryoU#tiktok #pvo#skit"
"<a href=""https://www.tiktok.com/@toot93743/video/7462955363529215275"" target=""_blank"" class=""btn btn-sm"" style=""background-color: #00926c; color: white; text-decoration: none; padding: 2px 8px; border-radius: 4px; font-size: 0.8em;"">View Post</a>",4,"toot93743",2025-01-23 03:58:52,1,2120,52,0,0,"#pimplepopperaddict #pimple#textractions#ingrownhairremoval#ingrown #ingrownhair#picking#tweezers #skinpicking #satisfying#blemishes#blemishbandits#cloggedpores #pores #acne#hair#cleanskincare #skincareroutine#fyp #relaxingvideos #viral#trending#viraltiktok#creatorsearchinsights #foryoU#tiktok #pvo#skit"
"<a href=""https://www.tiktok.com/@toot93743/video/7462954725927882027"" target=""_blank"" class=""btn btn-sm"" style=""background-color: #00926c; color: white; text-decoration: none; padding: 2px 8px; border-radius: 4px; font-size: 0.8em;"">View Post</a>",4,"toot93743",2025-01-23 03:56:27,1,1944,42,0,2,"#pimplepopperaddict #pimple#textractions#ingrownhairremoval#ingrown #ingrownhair#picking#tweezers #skinpicking #satisfying#blemishes#blemishbandits#cloggedpores #pores #acne#hair#cleanskincare #skincareroutine#fyp #relaxingvideos #viral#trending#viraltiktok#creatorsearchinsights #foryoU#tiktok #pvo#skit"
"<a href=""https://www.tiktok.com/@toot93743/video/7462954707909152046"" target=""_blank"" class=""btn btn-sm"" style=""background-color: #00926c; color: white; text-decoration: none; padding: 2px 8px; border-radius: 4px; font-size: 0.8em;"">View Post</a>",4,"toot93743",2025-01-23 03:56:17,1,3573,38,1,0,"#pimplepopperaddict #pimple#textractions#ingrownhairremoval#ingrown #ingrownhair#picking#tweezers #skinpicking #satisfying#blemishes#blemishbandits#cloggedpores #pores #acne#hair#cleanskincare #skincareroutine#fyp #relaxingvideos #viral#trending#viraltiktok#creatorsearchinsights #foryoU#tiktok #pvo#skit"
"<a href=""https://www.tiktok.com/@llhh6654/video/7462951270463081759"" target=""_blank"" class=""btn btn-sm"" style=""background-color: #00926c; color: white; text-decoration: none; padding: 2px 8px; border-radius: 4px; font-size: 0.8em;"">View Post</a>",5,"llhh6654",2025-01-23 03:42:53,1,4801,10,0,0,"#pimplepopperaddict #pimple#textractions#ingrownhairremoval#ingrown #ingrownhair#picking#tweezers #skinpicking #satisfying#blemishes#blemishbandits#cloggedpores #pores #acne#hair#cleanskincare #skincareroutine#fyp #relaxingvideos #viral#trending#viraltiktok#creatorsearchinsights #foryoU#tiktok #pvo#skit"
"<a href=""https://www.tiktok.com/@llhh6654/video/7462950959677705503"" target=""_blank"" class=""btn btn-sm"" style=""background-color: #00926c; color: white; text-decoration: none; padding: 2px 8px; border-radius: 4px; font-size: 0.8em;"">View Post</a>",5,"llhh6654",2025-01-23 03:41:39,1,2013,2,0,0,"#pimplepopperaddict #pimple#textractions#ingrownhairremoval#ingrown #ingrownhair#picking#tweezers #skinpicking #satisfying#blemishes#blemishbandits#cloggedpores #pores #acne#hair#cleanskincare #skincareroutine#fyp #relaxingvideos #viral#trending#viraltiktok#creatorsearchinsights #foryoU#tiktok #pvo#skit"
"<a href=""https://www.tiktok.com/@llhh6654/video/7462950890060762399"" target=""_blank"" class=""btn btn-sm"" style=""background-color: #00926c; color: white; text-decoration: none; padding: 2px 8px; border-radius: 4px; font-size: 0.8em;"">View Post</a>",5,"llhh6654",2025-01-23 03:41:37,1,2979,10,0,0,"#pimplepopperaddict #pimple#textractions#ingrownhairremoval#ingrown #ingrownhair#picking#tweezers #skinpicking #satisfying#blemishes#blemishbandits#cloggedpores #pores #acne#hair#cleanskincare #skincareroutine#fyp #relaxingvideos #viral#trending#viraltiktok#creatorsearchinsights #foryoU#tiktok #pvo#skit"
"<a href=""https://www.tiktok.com/@toot5744/video/7462950659285912875"" target=""_blank"" class=""btn btn-sm"" style=""background-color: #00926c; color: white; text-decoration: none; padding: 2px 8px; border-radius: 4px; font-size: 0.8em;"">View Post</a>",5,"toot5744",2025-01-23 03:40:38,1,1538,25,0,0,"#pimplepopperaddict #pimple#textractions#ingrownhairremoval#ingrown #ingrownhair#picking#tweezers #skinpicking #satisfying#blemishes#blemishbandits#cloggedpores #pores #acne#hair#cleanskincare #skincareroutine#fyp #relaxingvideos #viral#trending#viraltiktok#creatorsearchinsights #foryoU#tiktok #pvo#skit"
"<a href=""https://www.tiktok.com/@toot5744/video/7462950611357617454"" target=""_blank"" class=""btn btn-sm"" style=""background-color: #00926c; color: white; text-decoration: none; padding: 2px 8px; border-radius: 4px; font-size: 0.8em;"">View Post</a>",5,"toot5744",2025-01-23 03:40:29,1,1578,42,0,1,"#pimplepopperaddict #pimple#textractions#ingrownhairremoval#ingrown #ingrownhair#picking#tweezers #skinpicking #satisfying#blemishes#blemishbandits#cloggedpores #pores #acne#hair#cleanskincare #skincareroutine#fyp #relaxingvideos #viral#trending#viraltiktok#creatorsearchinsights #foryoU#tiktok #pvo#skit"
"<a href=""https://www.tiktok.com/@toot5744/video/7462950143063690542"" target=""_blank"" class=""btn btn-sm"" style=""background-color: #00926c; color: white; text-decoration: none; padding: 2px 8px; border-radius: 4px; font-size: 0.8em;"">View Post</a>",5,"toot5744",2025-01-23 03:38:49,1,1751,55,1,2,"#pimplepopperaddict #pimple#textractions#ingrownhairremoval#ingrown #ingrownhair#picking#tweezers #skinpicking #satisfying#blemishes#blemishbandits#cloggedpores #pores #acne#hair#cleanskincare #skincareroutine#fyp #relaxingvideos #viral#trending#viraltiktok#creatorsearchinsights #foryoU#tiktok #pvo#skit"
"<a href=""https://www.tiktok.com/@llhh6654/video/7462578344891075871"" target=""_blank"" class=""btn btn-sm"" style=""background-color: #00926c; color: white; text-decoration: none; padding: 2px 8px; border-radius: 4px; font-size: 0.8em;"">View Post</a>",5,"llhh6654",2025-01-22 03:35:49,1,1645,8,0,0,"#pimplepopperaddict #pimple#textractions#ingrownhairremoval#ingrown #ingrownhair#picking#tweezers #skinpicking #satisfying#blemishes#blemishbandits#cloggedpores #pores #acne#hair#cleanskincare #skincareroutine#fyp #relaxingvideos #viral#trending#viraltiktok#creatorsearchinsights #foryoU#tiktok #pvo#skit"
"<a href=""https://www.tiktok.com/@llhh6654/video/7462578323072306463"" target=""_blank"" class=""btn btn-sm"" style=""background-color: #00926c; color: white; text-decoration: none; padding: 2px 8px; border-radius: 4px; font-size: 0.8em;"">View Post</a>",5,"llhh6654",2025-01-22 03:35:39,1,6167,11,0,0,"#pimplepopperaddict #pimple#textractions#ingrownhairremoval#ingrown #ingrownhair#picking#tweezers #skinpicking #satisfying#blemishes#blemishbandits#cloggedpores #pores #acne#hair#cleanskincare #skincareroutine#fyp #relaxingvideos #viral#trending#viraltiktok#creatorsearchinsights #foryoU#tiktok #pvo#skit"
"<a href=""https://www.tiktok.com/@toot5744/video/7462577988421586222"" target=""_blank"" class=""btn btn-sm"" style=""background-color: #00926c; color: white; text-decoration: none; padding: 2px 8px; border-radius: 4px; font-size: 0.8em;"">View Post</a>",5,"toot5744",2025-01-22 03:34:29,1,1840,42,1,4,"#pimplepopperaddict #pimple#textractions#ingrownhairremoval#ingrown #ingrownhair#picking#tweezers #skinpicking #satisfying#blemishes#blemishbandits#cloggedpores #pores #acne#hair#cleanskincare #skincareroutine#fyp #relaxingvideos #viral#trending#viraltiktok#creatorsearchinsights #foryoU#tiktok #pvo#skit"
"<a href=""https://www.tiktok.com/@toot5744/video/7462577667108310318"" target=""_blank"" class=""btn btn-sm"" style=""background-color: #00926c; color: white; text-decoration: none; padding: 2px 8px; border-radius: 4px; font-size: 0.8em;"">View Post</a>",5,"toot5744",2025-01-22 03:33:08,1,1828,45,0,0,"#pimplepopperaddict #pimple#textractions#ingrownhairremoval#ingrown #ingrownhair#picking#tweezers #skinpicking #satisfying#blemishes#blemishbandits#cloggedpores #pores #acne#hair#cleanskincare #skincareroutine#fyp #relaxingvideos #viral#trending#viraltiktok#creatorsearchinsights #foryoU#tiktok #pvo#skit"
"<a href=""https://www.tiktok.com/@toot5744/video/7462577170645404971"" target=""_blank"" class=""btn btn-sm"" style=""background-color: #00926c; color: white; text-decoration: none; padding: 2px 8px; border-radius: 4px; font-size: 0.8em;"">View Post</a>",5,"toot5744",2025-01-22 03:31:20,1,1870,42,0,1,"#pimplepopperaddict #pimple#textractions#ingrownhairremoval#ingrown #ingrownhair#picking#tweezers #skinpicking #satisfying#blemishes#blemishbandits#cloggedpores #pores #acne#hair#cleanskincare #skincareroutine#fyp #relaxingvideos #viral#trending#viraltiktok#creatorsearchinsights #foryoU#tiktok #pvo#skit"
"<a href=""https://www.tiktok.com/@llhh6654/video/7462577065930345758"" target=""_blank"" class=""btn btn-sm"" style=""background-color: #00926c; color: white; text-decoration: none; padding: 2px 8px; border-radius: 4px; font-size: 0.8em;"">View Post</a>",5,"llhh6654",2025-01-22 03:30:49,1,3795,2,1,0,"#pimplepopperaddict #pimple#textractions#ingrownhairremoval#ingrown #ingrownhair#picking#tweezers #skinpicking #satisfying#blemishes#blemishbandits#cloggedpores #pores #acne#hair#cleanskincare #skincareroutine#fyp #relaxingvideos #viral#trending#viraltiktok#creatorsearchinsights #foryoU#tiktok #pvo#skit"
"<a href=""https://www.tiktok.com/@llhh6654/video/7462205221918346527"" target=""_blank"" class=""btn btn-sm"" style=""background-color: #00926c; color: white; text-decoration: none; padding: 2px 8px; border-radius: 4px; font-size: 0.8em;"">View Post</a>",5,"llhh6654",2025-01-21 03:28:01,1,4654,11,0,1,"#pimplepopperaddict #pimple#textractions#ingrownhairremoval#ingrown #ingrownhair#picking#tweezers #skinpicking #satisfying#blemishes#blemishbandits#cloggedpores #pores #acne#hair#cleanskincare #skincareroutine#fyp #relaxingvideos #viral#trending#viraltiktok#creatorsearchinsights #foryoU#tiktok #pvo#skit"
"<a href=""https://www.tiktok.com/@llhh6654/video/7462205029915561246"" target=""_blank"" class=""btn btn-sm"" style=""background-color: #00926c; color: white; text-decoration: none; padding: 2px 8px; border-radius: 4px; font-size: 0.8em;"">View Post</a>",5,"llhh6654",2025-01-21 03:27:05,1,3410,7,0,2,"#pimplepopperaddict #pimple#textractions#ingrownhairremoval#ingrown #ingrownhair#picking#tweezers #skinpicking #satisfying#blemishes#blemishbandits#cloggedpores #pores #acne#hair#cleanskincare #skincareroutine#fyp #relaxingvideos #viral#trending#viraltiktok#creatorsearchinsights #foryoU#tiktok #pvo#skit"
"<a href=""https://www.tiktok.com/@llhh6654/video/7462204757617265950"" target=""_blank"" class=""btn btn-sm"" style=""background-color: #00926c; color: white; text-decoration: none; padding: 2px 8px; border-radius: 4px; font-size: 0.8em;"">View Post</a>",5,"llhh6654",2025-01-21 03:26:13,1,2282,11,0,0,"#pimplepopperaddict #pimple#textractions#ingrownhairremoval#ingrown #ingrownhair#picking#tweezers #skinpicking #satisfying#blemishes#blemishbandits#cloggedpores #pores #acne#hair#cleanskincare #skincareroutine#fyp #relaxingvideos #viral#trending#viraltiktok#creatorsearchinsights #foryoU#tiktok #pvo#skit"
"<a href=""https://www.tiktok.com/@toot5744/video/7462204730433899822"" target=""_blank"" class=""btn btn-sm"" style=""background-color: #00926c; color: white; text-decoration: none; padding: 2px 8px; border-radius: 4px; font-size: 0.8em;"">View Post</a>",5,"toot5744",2025-01-21 03:25:52,1,3009,22,0,1,"#pimplepopperaddict #pimple#textractions#ingrownhairremoval#ingrown #ingrownhair#picking#tweezers #skinpicking #satisfying#blemishes#blemishbandits#cloggedpores #pores #acne#hair#cleanskincare #skincareroutine#fyp #relaxingvideos #viral#trending#viraltiktok#creatorsearchinsights #foryoU#tiktok #pvo#skit"
"<a href=""https://www.tiktok.com/@toot5744/video/7462204676067511598"" target=""_blank"" class=""btn btn-sm"" style=""background-color: #00926c; color: white; text-decoration: none; padding: 2px 8px; border-radius: 4px; font-size: 0.8em;"">View Post</a>",5,"toot5744",2025-01-21 03:25:50,1,875,20,0,0,"#pimplepopperaddict #pimple#textractions#ingrownhairremoval#ingrown #ingrownhair#picking#tweezers #skinpicking #satisfying#blemishes#blemishbandits#cloggedpores #pores #acne#hair#cleanskincare #skincareroutine#fyp #relaxingvideos #viral#trending#viraltiktok#creatorsearchinsights #foryoU#tiktok #pvo#skit"
"<a href=""https://www.tiktok.com/@toot5744/video/7462204673483771182"" target=""_blank"" class=""btn btn-sm"" style=""background-color: #00926c; color: white; text-decoration: none; padding: 2px 8px; border-radius: 4px; font-size: 0.8em;"">View Post</a>",5,"toot5744",2025-01-21 03:25:53,1,1598,27,0,0,"#pimplepopperaddict #pimple#textractions#ingrownhairremoval#ingrown #ingrownhair#picking#tweezers #skinpicking #satisfying#blemishes#blemishbandits#cloggedpores #pores #acne#hair#cleanskincare #skincareroutine#fyp #relaxingvideos #viral#trending#viraltiktok#creatorsearchinsights #foryoU#tiktok #pvo#skit"
"<a href=""https://www.tiktok.com/@toot5744/video/7458829617252617514"" target=""_blank"" class=""btn btn-sm"" style=""background-color: #00926c; color: white; text-decoration: none; padding: 2px 8px; border-radius: 4px; font-size: 0.8em;"">View Post</a>",5,"toot5744",2025-01-12 01:08:29,1,6843,82,3,17,"#pimplepopperaddict #pimple#textractions#ingrownhairremoval#ingrown #ingrownhair#picking#tweezers #skinpicking #satisfying#blemishes#blemishbandits#cloggedpores #pores #acne#hair#cleanskincare #skincareroutine#fyp #relaxingvideos #viral#trending#viraltiktok#creatorsearchinsights #foryoU#tiktok #pvo#skit"
"<a href=""https://www.tiktok.com/@toot5744/video/7458829586017832238"" target=""_blank"" class=""btn btn-sm"" style=""background-color: #00926c; color: white; text-decoration: none; padding: 2px 8px; border-radius: 4px; font-size: 0.8em;"">View Post</a>",5,"toot5744",2025-01-12 01:08:24,1,2428,35,0,2,"#pimplepopperaddict #pimple#textractions#ingrownhairremoval#ingrown #ingrownhair#picking#tweezers #skinpicking #satisfying#blemishes#blemishbandits#cloggedpores #pores #acne#hair#cleanskincare #skincareroutine#fyp #relaxingvideos #viral#trending#viraltiktok#creatorsearchinsights #foryoU#tiktok #pvo#skit"
"<a href=""https://www.tiktok.com/@lxboos34/video/7463216353105792287"" target=""_blank"" class=""btn btn-sm"" style=""background-color: #00926c; color: white; text-decoration: none; padding: 2px 8px; border-radius: 4px; font-size: 0.8em;"">View Post</a>",6,"lxboos34",2025-01-23 20:51:23,1,1330,26,0,0,"#bridetobe #boundaries #wedding #weddingguest #weddingplanning #weddingplanner #bride #engsged #groom #fiance #fiancee #weddingreception #weddingtok"
"<a href=""https://www.tiktok.com/@ggbo601/video/7463216215641623839"" target=""_blank"" class=""btn btn-sm"" style=""background-color: #00926c; color: white; text-decoration: none; padding: 2px 8px; border-radius: 4px; font-size: 0.8em;"">View Post</a>",6,"ggbo601",2025-01-23 20:50:52,1,3473,38,0,2,"#bridetobe #boundaries #wedding #weddingguest #weddingplanning #weddingplanner #bride #engsged #groom #fiance #fiancee #weddingreception #weddingtok"
"<a href=""https://www.tiktok.com/@lxboos34/video/7463215800313220382"" target=""_blank"" class=""btn btn-sm"" style=""background-color: #00926c; color: white; text-decoration: none; padding: 2px 8px; border-radius: 4px; font-size: 0.8em;"">View Post</a>",6,"lxboos34",2025-01-23 20:49:12,1,1105,34,1,0,"#bridetobe #boundaries #wedding #weddingguest #weddingplanning #weddingplanner #bride #engsged #groom #fiance #fiancee #weddingreception #weddingtok"
"<a href=""https://www.tiktok.com/@ggbo601/video/7463215777492110623"" target=""_blank"" class=""btn btn-sm"" style=""background-color: #00926c; color: white; text-decoration: none; padding: 2px 8px; border-radius: 4px; font-size: 0.8em;"">View Post</a>",6,"ggbo601",2025-01-23 20:49:11,1,1947,16,0,0,"#bridetobe #boundaries #wedding #weddingguest #weddingplanning #weddingplanner #bride #engsged #groom #fiance #fiancee #weddingreception #weddingtok"
"<a href=""https://www.tiktok.com/@lxboos34/video/7463215719405178142"" target=""_blank"" class=""btn btn-sm"" style=""background-color: #00926c; color: white; text-decoration: none; padding: 2px 8px; border-radius: 4px; font-size: 0.8em;"">View Post</a>",6,"lxboos34",2025-01-23 20:48:52,1,1082,45,0,0,"#bridetobe #boundaries #wedding #weddingguest #weddingplanning #weddingplanner #bride #engsged #groom #fiance #fiancee #weddingreception #weddingtok"
"<a href=""https://www.tiktok.com/@ggbo601/video/7463214225331342638"" target=""_blank"" class=""btn btn-sm"" style=""background-color: #00926c; color: white; text-decoration: none; padding: 2px 8px; border-radius: 4px; font-size: 0.8em;"">View Post</a>",6,"ggbo601",2025-01-23 20:43:09,1,18525,88,1,1,"#bridetobe #boundaries #wedding #weddingguest #weddingplanning #weddingplanner #bride #engsged #groom #fiance #fiancee #weddingreception #weddingtok"
"<a href=""https://www.tiktok.com/@lxboos34/video/7462821479453855007"" target=""_blank"" class=""btn btn-sm"" style=""background-color: #00926c; color: white; text-decoration: none; padding: 2px 8px; border-radius: 4px; font-size: 0.8em;"">View Post</a>",6,"lxboos34",2025-01-22 19:19:29,1,3209,50,0,1,"#bridetobe #boundaries #wedding #weddingguest #weddingplanning #weddingplanner #bride #engsged #groom #fiance #fiancee #weddingreception #weddingtok"
"<a href=""https://www.tiktok.com/@ggbo601/video/7462821241129372958"" target=""_blank"" class=""btn btn-sm"" style=""background-color: #00926c; color: white; text-decoration: none; padding: 2px 8px; border-radius: 4px; font-size: 0.8em;"">View Post</a>",6,"ggbo601",2025-01-22 19:18:39,1,8096,75,0,0,"#bridetobe #boundaries #wedding #weddingguest #weddingplanning #weddingplanner #bride #engsged #groom #fiance #fiancee #weddingreception #weddingtok"
"<a href=""https://www.tiktok.com/@ggbo601/video/7462821208216685854"" target=""_blank"" class=""btn btn-sm"" style=""background-color: #00926c; color: white; text-decoration: none; padding: 2px 8px; border-radius: 4px; font-size: 0.8em;"">View Post</a>",6,"ggbo601",2025-01-22 19:18:35,1,7537,57,0,0,"#bridetobe #boundaries #wedding #weddingguest #weddingplanning #weddingplanner #bride #engsged #groom #fiance #fiancee #weddingreception #weddingtok"
"<a href=""https://www.tiktok.com/@lxboos34/video/7462820637111880990"" target=""_blank"" class=""btn btn-sm"" style=""background-color: #00926c; color: white; text-decoration: none; padding: 2px 8px; border-radius: 4px; font-size: 0.8em;"">View Post</a>",6,"lxboos34",2025-01-22 19:16:31,1,3545,46,0,0,"#bridetobe #boundaries #wedding #weddingguest #weddingplanning #weddingplanner #bride #engsged #groom #fiance #fiancee #weddingreception #weddingtok"
"<a href=""https://www.tiktok.com/@ggbo601/video/7462820062966172958"" target=""_blank"" class=""btn btn-sm"" style=""background-color: #00926c; color: white; text-decoration: none; padding: 2px 8px; border-radius: 4px; font-size: 0.8em;"">View Post</a>",6,"ggbo601",2025-01-22 19:14:02,1,18583,79,0,1,"#bridetobe #boundaries #wedding #weddingguest #weddingplanning #weddingplanner #bride #engsged #groom #fiance #fiancee #weddingreception #weddingtok"
"<a href=""https://www.tiktok.com/@lxboos34/video/7462819515382910238"" target=""_blank"" class=""btn btn-sm"" style=""background-color: #00926c; color: white; text-decoration: none; padding: 2px 8px; border-radius: 4px; font-size: 0.8em;"">View Post</a>",6,"lxboos34",2025-01-22 19:11:46,1,6004,76,0,0,"#bridetobe #boundaries #wedding #weddingguest #weddingplanning #weddingplanner #bride #engsged #groom #fiance #fiancee #weddingreception #weddingtok"
"<a href=""https://www.tiktok.com/@lxboos34/video/7463216353105792287"" target=""_blank"" class=""btn btn-sm"" style=""background-color: #00926c; color: white; text-decoration: none; padding: 2px 8px; border-radius: 4px; font-size: 0.8em;"">View Post</a>",6,"lxboos34",2025-01-23 20:51:23,1,1331,26,0,0,"#bridetobe #boundaries #wedding #weddingguest #weddingplanning #weddingplanner #bride #engsged #groom #fiance #fiancee #weddingreception #weddingtok"
"<a href=""https://www.tiktok.com/@ggbo601/video/7463216215641623839"" target=""_blank"" class=""btn btn-sm"" style=""background-color: #00926c; color: white; text-decoration: none; padding: 2px 8px; border-radius: 4px; font-size: 0.8em;"">View Post</a>",6,"ggbo601",2025-01-23 20:50:52,1,3475,38,0,2,"#bridetobe #boundaries #wedding #weddingguest #weddingplanning #weddingplanner #bride #engsged #groom #fiance #fiancee #weddingreception #weddingtok"
"<a href=""https://www.tiktok.com/@ggbo601/video/7463214225331342638"" target=""_blank"" class=""btn btn-sm"" style=""background-color: #00926c; color: white; text-decoration: none; padding: 2px 8px; border-radius: 4px; font-size: 0.8em;"">View Post</a>",6,"ggbo601",2025-01-23 20:43:09,1,18526,88,1,1,"#bridetobe #boundaries #wedding #weddingguest #weddingplanning #weddingplanner #bride #engsged #groom #fiance #fiancee #weddingreception #weddingtok"
"<a href=""https://www.tiktok.com/@ggbo601/video/7462821241129372958"" target=""_blank"" class=""btn btn-sm"" style=""background-color: #00926c; color: white; text-decoration: none; padding: 2px 8px; border-radius: 4px; font-size: 0.8em;"">View Post</a>",6,"ggbo601",2025-01-22 19:18:39,1,8097,75,0,0,"#bridetobe #boundaries #wedding #weddingguest #weddingplanning #weddingplanner #bride #engsged #groom #fiance #fiancee #weddingreception #weddingtok"
