"Account","Network","Unique Shares","Avg Time Between Shares (sec)","Edge Symmetry Score","Degree","Strength","Betweenness","Avg Views","Avg Likes","Avg Comments","Avg Shares"
"<a href=""https://tiktok.com/@bgnk392"" target=""_blank"">@bgnk392</a>",9,6,48.188,0.883,3,45,0,909,8.5,0.333,0.833
"<a href=""https://tiktok.com/@burnellmackintosh1994"" target=""_blank"">@burnellmackintosh1994</a>",8,10,31.083,0.909,1,12,0,20847.722,231.389,1.444,2.278
"<a href=""https://tiktok.com/@ferdinandbecky1017"" target=""_blank"">@ferdinandbecky1017</a>",7,14,41.24,0.908,3,62,0,1422.267,25.933,0,0.133
"<a href=""https://tiktok.com/@funnys318"" target=""_blank"">@funnys318</a>",7,6,36.6,1,1,10,0,2831.5,53.833,0,0
"<a href=""https://tiktok.com/@ggbo601"" target=""_blank"">@ggbo601</a>",6,4,56.769,0.833,1,13,0,9806.556,61.556,0.222,0.778
"<a href=""https://tiktok.com/@jennamillereh26e"" target=""_blank"">@jennamillereh26e</a>",2,13,35.037,1,1,27,0,6115.222,71.278,0,0.444
"<a href=""https://tiktok.com/@jkkj674"" target=""_blank"">@jkkj674</a>",3,7,67.75,0.833,1,12,0,9778.667,138.444,1.444,3.889
"<a href=""https://tiktok.com/@josephwalker6990"" target=""_blank"">@josephwalker6990</a>",7,13,39.686,0.97,3,66,0,2006.385,42.923,0,0.308
"<a href=""https://tiktok.com/@joshuahorne1460"" target=""_blank"">@joshuahorne1460</a>",8,8,31.083,0.909,1,12,0,2480.071,63.786,0,0.429
"<a href=""https://tiktok.com/@kxhlqola6a363c"" target=""_blank"">@kxhlqola6a363c</a>",2,11,35.037,1,1,27,0,4755,56.667,0,0
"<a href=""https://tiktok.com/@langhuamediaus.tqh90p"" target=""_blank"">@langhuamediaus.tqh90p</a>",7,6,43.556,0.873,3,40,0.003,2011.25,54.25,0,0.375
"<a href=""https://tiktok.com/@lean37279"" target=""_blank"">@lean37279</a>",7,9,35.066,0.927,4,64,0.02,1536.778,20.889,0,0.111
"<a href=""https://tiktok.com/@llhh36784"" target=""_blank"">@llhh36784</a>",4,9,60.183,0.667,2,22,0.003,3966,88.471,0.529,6.176
"<a href=""https://tiktok.com/@llhh3799"" target=""_blank"">@llhh3799</a>",4,5,70.2,0.333,1,10,0,10812.043,107.435,0.696,0.87
"<a href=""https://tiktok.com/@llhh6654"" target=""_blank"">@llhh6654</a>",5,11,55.615,1,1,13,0,3181.714,10.071,0.071,0.286
"<a href=""https://tiktok.com/@lxboos34"" target=""_blank"">@lxboos34</a>",6,4,56.769,0.833,1,13,0,2515.143,43.286,0.143,0.143
"<a href=""https://tiktok.com/@toot5744"" target=""_blank"">@toot5744</a>",5,10,55.615,1,1,13,0,2232.643,39,0.571,2
"<a href=""https://tiktok.com/@toot93743"" target=""_blank"">@toot93743</a>",4,5,50.167,1,1,12,0,5971.333,133.111,0.444,4
"<a href=""https://tiktok.com/@ujnikm7"" target=""_blank"">@ujnikm7</a>",3,6,74.5,1,1,14,0,12812.818,89.091,0.182,1.727
"<a href=""https://tiktok.com/@user196977097874"" target=""_blank"">@user196977097874</a>",9,6,58.045,0.933,3,47,0,967.833,12,0.167,0.167
"<a href=""https://tiktok.com/@user39091749299177"" target=""_blank"">@user39091749299177</a>",9,4,54.809,0.792,3,32,0,1106,14.5,0.333,0.333
"<a href=""https://tiktok.com/@user4911953984822"" target=""_blank"">@user4911953984822</a>",9,6,46.409,0.842,3,44,0,279.333,3.5,0,0
"<a href=""https://tiktok.com/@vivianbowen0116"" target=""_blank"">@vivianbowen0116</a>",7,7,33.1,0.938,2,20,0.013,9444,76.571,0.571,1.143
"<a href=""https://tiktok.com/@yftzzmmezm"" target=""_blank"">@yftzzmmezm</a>",1,4,65.722,0.857,1,18,0,7415.5,23.75,6,0.5
"<a href=""https://tiktok.com/@yr0010"" target=""_blank"">@yr0010</a>",3,8,71.125,0.917,2,26,0.003,3068.222,49.556,0,0.222
"<a href=""https://tiktok.com/@yue3312e"" target=""_blank"">@yue3312e</a>",1,9,65.722,0.857,1,18,0,4315,29,1,0.75
