"Network","Number of Accounts","Network Density","Network Diameter","Clustering Coefficient","Avg Views","Avg Likes","Avg Comments","Avg Shares","Member Accounts"
1,2,1,18,NA,5090.125,27.688,2.25,0.688,"yftzzmmezm, yue3312e"
2,2,1,27,NA,5496.939,64.636,0,0.242,"jennamillereh26e, kxhlqola6a363c"
3,3,0.667,26,0,8847,92.138,0.517,1.931,"ujnikm7, jkkj674, yr0010"
4,3,0.667,22,0,7547.776,105.571,0.592,3.286,"llhh36784, llhh3799, toot93743"
5,2,1,13,NA,2707.179,24.536,0.321,1.143,"llhh6654, toot5744"
6,2,1,13,NA,6616.562,53.562,0.188,0.5,"ggbo601, lxboos34"
7,6,0.533,41,0.75,2766.121,41.862,0.069,0.31,"langhuamediaus.tqh90p, funnys318, josephwalker6990, ferdinandbecky1017, lean37279, vivianbowen0116"
8,2,1,12,NA,12811.875,158.062,0.812,1.469,"burnellmackintosh1994, joshuahorne1460"
9,4,1,18,1,815.542,9.625,0.208,0.333,"bgnk392, user39091749299177, user196977097874, user4911953984822"
