"object_id","num_accounts"
"We aren’t sending out letters or cake 😭 @Sophie Rain @Bop House #podcast #camilla #viral #IG #realcamillaara #CamillaAraujo #itscamillaara #money #tiktokuni #foryou #fyp #tiktok #fypシ゚viral #pov #foryoupage #fypツ",5
"they werent supposed to see our video 😅 @Camilla Araujo #podcast  #camillaaraujo  #camill  #camillaauja  #IG  #realcamillaara  #Camilla  #CamillaAraujo  #itscamillaara  #foryou  #fypシ  #fypage  #funny  #funnyvideo  #money  #tiktok  #fyp  #crazy",5
"Replying to @nomikou shoutout to Mr Tom 🤞 #podcast  #camillaaraujo  #camill  #camillaauja  #IG  #realcamillaara  #Camilla  #CamillaAraujo  #itscamillaara  #foryou  #fypシ  #fypage  #funny  #funnyvideo  #money  #tiktok  #fyp  #crazy",5
"Replying to @Shiloh💖 Full Bop House Tour! @Bop House @Sophie Rain #podcast  #camillaaraujo  #camill  #camillaauja  #IG  #realcamillaara  #Camilla  #CamillaAraujo  #itscamillaara  #foryou  #fypシ  #fypage  #funny  #funnyvideo  #money  #tiktok  #fyp  #crazy",5
"I WASN’T flirting with him… @Sophie Rain #podcast #camilla #viral #IG #realcamillaara #CamillaAraujo #itscamillaara #money #tiktokuni #foryou #fyp #tiktok #fypシ゚viral #pov #foryoupage #fypツ",5
"@Aishah Sofey isn’t paying her trauma tax 😂 #podcast #camilla #viral #IG #realcamillaara #CamillaAraujo #itscamillaara #money #tiktokuni #foryou #fyp #tiktok #fypシ゚viral #pov #foryoupage #fypツ",4
"Going through your adult childs phone is insane imo #greenscreenvideo #fyp #7littlejohnstons #yapping #viral #controlling #tlc",3
"BUILD THE BEST PIZZA With A $15 Budget! #fyp #pizza #pizzalover #foodtiktok #guessinggame",2
"@Ari Kytsya girl- wipe ur tears. calling me a bop is like the pot calling the kettle black 🤣 #podcast #camilla #viral #IG #realcamillaara #CamillaAraujo #itscamillaara #money #tiktokuni #foryou #fyp #tiktok #fypシ゚viral #pov #foryoupage #fypツ",2
"What going on #fyp #interview #publicinterview #schoolinterview #interview #harperzilmer",2
"@BetrasKoppLaw what a huge development in a case federal government has not charged him. No there’s no double Jeopardy. For the federal government to get involved and they must think they have a reall",2
"NOOOOOO WE WONT BE DOING THAT AT ALL #weddingsituation #weddingstory #weddingstorytime #storywedding #storytimewedding #weddingguest #situationwedding #weddingvendor #weddinghumor #weddinglol #weddinglaugh #weddingplanning #weddingplanner #2023bride #2024bride #weddingtiktok #2025bride #2026bride",1
"Bathrooms are a MUST #weddingsituation #weddingstory #weddingstorytime #storywedding #storytimewedding #weddingguest #situationwedding #weddingvendor #weddinghumor #weddinglol #weddinglaugh #weddingplanning #weddingplanner #2023bride #2024bride #weddingtiktok #2025bride #2026bride",1
"#real #luigimangione #unitedhealthcare #ceo #pokemon #breloom #lol #munchymonk #swag #greenscreen",1
"#weddingsituation #weddingstory #weddingstorytime #storywedding #storytimewedding #weddingguest #situationwedding #weddingvendor #weddinghumor #weddinglol #weddinglaugh #weddingplanning #weddingplanner #2023bride #2024bride #weddingtiktok #2025bride #2026bride",1
"Whos the biggest bop in the @Bop House  👀 #podcast #camilla #viral #IG #realcamillaara #CamillaAraujo #itscamillaara #money #tiktokuni #foryou #fyp #tiktok #fypシ゚viral #pov #foryoupage #fypツ",1
"LA CAMA DE LILY PHILIPS DESPUES DE ESTAR CON 101 HOMBRES 😱🔥👀😳⏯️‼️ #greenscreen #lacamadelilyphilips #lilyphilips #liliphilips #lilianphilips #101guys #101hombres #1000hombres ###cama#lilyphilipsbed #e",1
"What going on #fyp #interview #publicinterview #schoolinterview #interview #harperzilmer#foryou#tiktok#fyp",1
"The Sydney Sweeney pool pics that came about this weekend",1
" further tackle the issues we have surrounding what bodies can look like",1
" and how toxic our paparazzi culture continues to be! #sydneysweeney",1
"Do you think I’ll get his hair Silver in one session⁉️ wanna see the whole hair transformation.. #hairtok #hairconsultation #hairtransformation #haireducation #hairappointment #hairtutorial #matrixpa",1
