"Account","Network","Unique Shares","Avg Time Between Shares (sec)","Edge Symmetry Score","Degree","Strength","Betweenness","Avg Views","Avg Likes","Avg Comments","Avg Shares"
"<a href=""https://tiktok.com/@cbacymjh"" target=""_blank"">@cbacymjh</a>",5,8,54.056,0.875,1,18,0,3196.889,22.333,0.222,0
"<a href=""https://tiktok.com/@ckghjjzg"" target=""_blank"">@ckghjjzg</a>",4,12,90.524,0.909,1,21,0,1714.25,13.333,0.083,0.083
"<a href=""https://tiktok.com/@fly46167"" target=""_blank"">@fly46167</a>",3,6,42.25,1,2,36,0,671.333,2.833,0.333,0.167
"<a href=""https://tiktok.com/@pgtiagro"" target=""_blank"">@pgtiagro</a>",4,11,90.524,0.909,1,21,0,1381.083,20.917,0,0.083
"<a href=""https://tiktok.com/@user11504181329233"" target=""_blank"">@user11504181329233</a>",6,11,47.704,0.95,2,43,0,1043.182,14.545,0.091,0
"<a href=""https://tiktok.com/@user1392538538860"" target=""_blank"">@user1392538538860</a>",2,6,37.889,1,2,36,0,2231,20.167,0.167,0
"<a href=""https://tiktok.com/@user1655672923020"" target=""_blank"">@user1655672923020</a>",1,18,53.8,0.906,6,164,0.004,1265.333,27.222,0.167,0.111
"<a href=""https://tiktok.com/@user2145366260069"" target=""_blank"">@user2145366260069</a>",6,12,61.678,0.919,4,82,0.017,682.533,14.133,0.067,0
"<a href=""https://tiktok.com/@user2191900675606"" target=""_blank"">@user2191900675606</a>",6,15,69.499,0.951,4,92,0.017,1168.733,21.333,0.2,0.133
"<a href=""https://tiktok.com/@user2612530372214"" target=""_blank"">@user2612530372214</a>",5,8,54.056,0.875,1,18,0,7203.667,46.556,0.222,0.111
"<a href=""https://tiktok.com/@user3372561297143"" target=""_blank"">@user3372561297143</a>",3,6,56.667,1,2,36,0,685.833,10.667,0.167,0
"<a href=""https://tiktok.com/@user3840831842583"" target=""_blank"">@user3840831842583</a>",1,18,59.808,0.908,5,149,0,2076.667,37.889,0.111,0.389
"<a href=""https://tiktok.com/@user47359920720677"" target=""_blank"">@user47359920720677</a>",6,9,68.833,1,1,18,0,1399.889,15.667,0.222,0.222
"<a href=""https://tiktok.com/@user4870556904383"" target=""_blank"">@user4870556904383</a>",6,12,55.439,0.958,2,46,0,806.533,14.133,0.067,0.133
"<a href=""https://tiktok.com/@user49141232079402"" target=""_blank"">@user49141232079402</a>",2,6,38.444,1,2,36,0,1285.333,19.333,0.167,0
"<a href=""https://tiktok.com/@user4967199663697"" target=""_blank"">@user4967199663697</a>",1,18,58.319,0.899,5,139,0.004,1653.444,22.278,0.167,0.222
"<a href=""https://tiktok.com/@user710495138178"" target=""_blank"">@user710495138178</a>",1,17,62.984,0.894,5,140,0.004,2179.556,25.667,0.111,0.5
"<a href=""https://tiktok.com/@user7406160207374"" target=""_blank"">@user7406160207374</a>",1,18,61.309,0.899,5,155,0.004,1036,25.222,0.111,0.333
"<a href=""https://tiktok.com/@user75291696174110"" target=""_blank"">@user75291696174110</a>",1,15,67.771,0.854,3,79,0.004,1302.263,20.737,0,0.158
"<a href=""https://tiktok.com/@user7910082192187"" target=""_blank"">@user7910082192187</a>",6,12,57.995,0.963,3,75,0,1090.867,18.6,0.2,0.2
"<a href=""https://tiktok.com/@user87304845050708"" target=""_blank"">@user87304845050708</a>",1,18,63.098,0.926,5,174,0,845.389,12.389,0.056,0.111
"<a href=""https://tiktok.com/@user8731425528153"" target=""_blank"">@user8731425528153</a>",2,6,38.667,1,2,36,0,1013,16.5,0,0
"<a href=""https://tiktok.com/@yim0828"" target=""_blank"">@yim0828</a>",3,9,47.083,1,2,36,0,810.778,12.222,0,0
