"Account","Network","Unique Shares","Avg Time Between Shares (sec)","Edge Symmetry Score","Degree","Strength","Betweenness","Avg Views","Avg Likes","Avg Comments","Avg Shares"
"<a href=""https://tiktok.com/@1djjvsjb"" target=""_blank"">@1djjvsjb</a>",72,7,50.4,1,1,10,0,36897.857,1360.143,15.286,6.429
"<a href=""https://tiktok.com/@1qwdjjd"" target=""_blank"">@1qwdjjd</a>",72,6,50.4,1,1,10,0,918.167,19.167,0,0
"<a href=""https://tiktok.com/@1yrogls"" target=""_blank"">@1yrogls</a>",74,7,59.469,0.849,6,67,0,2244.714,61.143,0.714,0.429
"<a href=""https://tiktok.com/@2jxggxh"" target=""_blank"">@2jxggxh</a>",74,6,53.798,0.894,5,62,0,1417.167,45.333,0,0.167
"<a href=""https://tiktok.com/@333yue"" target=""_blank"">@333yue</a>",18,7,34,1,1,9,0,1773.571,35.571,1.286,11.429
"<a href=""https://tiktok.com/@abxdl1382"" target=""_blank"">@abxdl1382</a>",74,9,50.323,0.891,9,118,0,1523.778,36.889,0.111,0.111
"<a href=""https://tiktok.com/@aed0267"" target=""_blank"">@aed0267</a>",51,9,51.232,0.958,4,71,0,1739.889,36.222,0.111,0.667
"<a href=""https://tiktok.com/@aed2750"" target=""_blank"">@aed2750</a>",52,8,53.524,0.837,5,77,0,3602.5,50.125,0.5,0.625
"<a href=""https://tiktok.com/@aed3660"" target=""_blank"">@aed3660</a>",45,7,47.778,0.889,1,9,0,2574.286,99.714,0.429,0.714
"<a href=""https://tiktok.com/@aed7p4"" target=""_blank"">@aed7p4</a>",45,9,59.207,0.944,2,20,0,28132.556,734.222,7.889,5.111
"<a href=""https://tiktok.com/@aeda1689"" target=""_blank"">@aeda1689</a>",45,8,62.364,0.955,2,22,0,24047.5,73.375,0.75,1
"<a href=""https://tiktok.com/@aedh263"" target=""_blank"">@aedh263</a>",51,3,30.222,0.9,2,18,0,838.667,21.333,2.667,2
"<a href=""https://tiktok.com/@aedyckctu"" target=""_blank"">@aedyckctu</a>",6,8,42.944,1,2,18,0,2901.875,97.625,0.625,0.875
"<a href=""https://tiktok.com/@akkaanav.risksjsg"" target=""_blank"">@akkaanav.risksjsg</a>",43,8,26.25,1,1,12,0,2408.5,59.625,1.5,0.625
"<a href=""https://tiktok.com/@alexandrina.thorn"" target=""_blank"">@alexandrina.thorn</a>",20,6,57.909,1,1,11,0,1456.5,39.167,0.667,1.167
"<a href=""https://tiktok.com/@amzing_star0"" target=""_blank"">@amzing_star0</a>",58,8,83.308,0.5,1,13,0,3021.667,307.5,12.75,2
"<a href=""https://tiktok.com/@anaxagoras.harlen"" target=""_blank"">@anaxagoras.harlen</a>",6,8,43.778,1,1,9,0,4672.222,103.444,1.556,8.444
"<a href=""https://tiktok.com/@apsaaadel1383"" target=""_blank"">@apsaaadel1383</a>",42,7,56.182,0.889,2,22,0,1918.857,58.571,2.429,15.429
"<a href=""https://tiktok.com/@arffug"" target=""_blank"">@arffug</a>",62,12,67.618,0.972,4,50,0,260.583,7.417,0,0
"<a href=""https://tiktok.com/@ayipald"" target=""_blank"">@ayipald</a>",39,8,57.1,1,1,10,0,901.625,20.375,0.5,1.125
"<a href=""https://tiktok.com/@aynor.ogawa"" target=""_blank"">@aynor.ogawa</a>",44,9,64.222,0.857,1,9,0,3588.556,76.111,0.333,0.444
"<a href=""https://tiktok.com/@babypink6896"" target=""_blank"">@babypink6896</a>",42,8,48.515,0.826,2,20,0,1532.75,37.25,3.75,18.875
"<a href=""https://tiktok.com/@baobaiwan888"" target=""_blank"">@baobaiwan888</a>",23,9,38.692,0.909,1,13,0,1258.222,45,0.444,0.111
"<a href=""https://tiktok.com/@baobaobao7183"" target=""_blank"">@baobaobao7183</a>",25,7,50.111,1,1,9,0,2148.857,44.143,0.857,0.143
"<a href=""https://tiktok.com/@baxor3828"" target=""_blank"">@baxor3828</a>",71,6,63.778,1,1,9,0,587,15.833,0.333,0.5
"<a href=""https://tiktok.com/@bcc662"" target=""_blank"">@bcc662</a>",42,7,56.125,1,2,22,0,1230.375,37.375,0.375,0.625
"<a href=""https://tiktok.com/@bdonvg"" target=""_blank"">@bdonvg</a>",4,5,33.111,1,1,9,0,3868.4,99.4,1.4,1.4
"<a href=""https://tiktok.com/@be.jkigv"" target=""_blank"">@be.jkigv</a>",2,10,35.091,1,1,11,0,1607.9,104.6,1.2,3.5
"<a href=""https://tiktok.com/@beaty_queen_22"" target=""_blank"">@beaty_queen_22</a>",58,9,86.538,1,1,13,0,783.632,57.211,4.526,0.684
"<a href=""https://tiktok.com/@berez.paulo"" target=""_blank"">@berez.paulo</a>",32,7,66.682,0.817,2,22,0,1276,54.778,0.222,1
"<a href=""https://tiktok.com/@bfihc"" target=""_blank"">@bfihc</a>",7,8,68.823,0.826,2,20,0,22179.111,822.667,1.778,5.444
"<a href=""https://tiktok.com/@bipiqo"" target=""_blank"">@bipiqo</a>",62,15,79.34,0.934,8,176,0,2311.867,44.267,0.133,0.267
"<a href=""https://tiktok.com/@birdie.huff"" target=""_blank"">@birdie.huff</a>",22,6,39.011,0.929,2,19,0,1351.667,43.5,1,2.167
"<a href=""https://tiktok.com/@bmc12655"" target=""_blank"">@bmc12655</a>",2,9,56.208,0.832,4,41,0,1132,33.667,0.222,0.111
"<a href=""https://tiktok.com/@bnsle4278"" target=""_blank"">@bnsle4278</a>",74,8,51.877,0.945,7,88,0,1824.5,47.375,0,0.125
"<a href=""https://tiktok.com/@books3478"" target=""_blank"">@books3478</a>",42,6,54,1,1,10,0,1614.5,47.125,0.25,0.125
"<a href=""https://tiktok.com/@bpgarp"" target=""_blank"">@bpgarp</a>",63,13,63.446,0.901,3,98,0,321,10.067,0,0
"<a href=""https://tiktok.com/@burba.robyn"" target=""_blank"">@burba.robyn</a>",33,6,40.6,1,1,15,0,1507.5,24.5,0.25,0.25
"<a href=""https://tiktok.com/@bvoo3130"" target=""_blank"">@bvoo3130</a>",69,11,66.567,0.807,5,135,0,3483.455,57.455,0.727,0.545
"<a href=""https://tiktok.com/@bxecxotdjfrvi"" target=""_blank"">@bxecxotdjfrvi</a>",27,10,50.134,0.963,10,124,0,287.5,7.9,0.1,0.1
"<a href=""https://tiktok.com/@bxjxhxt"" target=""_blank"">@bxjxhxt</a>",75,6,39.7,0.889,1,10,0,1007.333,43.333,1.167,0
"<a href=""https://tiktok.com/@c.ts24"" target=""_blank"">@c.ts24</a>",31,6,55.23,0.863,3,36,0,1819.875,43.25,0.625,4
"<a href=""https://tiktok.com/@camilo.austin5"" target=""_blank"">@camilo.austin5</a>",30,10,50.5,0.95,2,24,0,217.1,3.5,0.2,0
"<a href=""https://tiktok.com/@carlos.alberto.al886"" target=""_blank"">@carlos.alberto.al886</a>",61,10,34.923,0.917,1,13,0,938.6,39.6,0.6,0.4
"<a href=""https://tiktok.com/@carlton.satterfie"" target=""_blank"">@carlton.satterfie</a>",22,6,40.556,0.857,2,18,0,919,32.833,2.167,2.333
"<a href=""https://tiktok.com/@cbnhf5680"" target=""_blank"">@cbnhf5680</a>",27,10,56.991,0.908,10,131,0,1561.1,73.9,0.2,2.8
"<a href=""https://tiktok.com/@cfdc18"" target=""_blank"">@cfdc18</a>",51,13,51.449,0.846,8,133,0,4903.615,80,0.846,1.692
"<a href=""https://tiktok.com/@chantalkusch"" target=""_blank"">@chantalkusch</a>",2,9,63.462,0.878,6,62,0,3974.667,161.667,2.556,5.556
"<a href=""https://tiktok.com/@chdg050"" target=""_blank"">@chdg050</a>",9,10,46.2,1,1,10,0,1736.5,83,0.5,2.9
"<a href=""https://tiktok.com/@chris001997"" target=""_blank"">@chris001997</a>",55,3,22.667,1,1,9,0,10702.667,103.333,3.333,2.333
"<a href=""https://tiktok.com/@ciojkb"" target=""_blank"">@ciojkb</a>",64,3,21.778,0.9,2,18,0,1664.5,38.833,0,0.167
"<a href=""https://tiktok.com/@cjdjfcn"" target=""_blank"">@cjdjfcn</a>",76,6,24.333,0.911,3,31,0,1762.667,92,0.667,0.167
"<a href=""https://tiktok.com/@cjire9104"" target=""_blank"">@cjire9104</a>",65,6,55.967,0.917,2,24,0,5845,83.889,0.556,0.444
"<a href=""https://tiktok.com/@cjirr8920"" target=""_blank"">@cjirr8920</a>",68,3,63.667,1,3,27,0,1328.6,72,0.8,1.7
"<a href=""https://tiktok.com/@cjur6297"" target=""_blank"">@cjur6297</a>",66,7,64.5,1,4,36,0,2796.375,52.25,0.875,0.5
"<a href=""https://tiktok.com/@clirr5282"" target=""_blank"">@clirr5282</a>",65,9,53.7,0.963,3,41,0,1038.111,89.333,0.333,0.222
"<a href=""https://tiktok.com/@cnatk3189"" target=""_blank"">@cnatk3189</a>",74,9,54.24,0.953,6,95,0,1542.333,41.778,0.222,0.333
"<a href=""https://tiktok.com/@coirf88774"" target=""_blank"">@coirf88774</a>",65,6,34,1,2,18,0,1116.5,55.833,0.333,0.333
"<a href=""https://tiktok.com/@courr1227"" target=""_blank"">@courr1227</a>",67,5,45.867,0.833,1,15,0,301.4,10.8,0.4,0
"<a href=""https://tiktok.com/@crhn65"" target=""_blank"">@crhn65</a>",51,3,37.333,1,2,18,0,719,11.333,9,0.667
"<a href=""https://tiktok.com/@crtyougo"" target=""_blank"">@crtyougo</a>",14,9,32.1,0.833,1,10,0,4242.444,205.444,4.333,3.333
"<a href=""https://tiktok.com/@cufiykgvrho9kk"" target=""_blank"">@cufiykgvrho9kk</a>",26,7,28.278,1,2,18,0,895.571,28.143,0.857,5.571
"<a href=""https://tiktok.com/@cute_queen7102"" target=""_blank"">@cute_queen7102</a>",53,8,102.667,1,1,12,0,887.95,82,9.4,4.5
"<a href=""https://tiktok.com/@dadd.dhh7"" target=""_blank"">@dadd.dhh7</a>",40,10,50.032,0.929,2,21,0,1294.3,29.4,0.5,1.2
"<a href=""https://tiktok.com/@danghu337"" target=""_blank"">@danghu337</a>",13,8,50.23,0.955,4,52,0,1481.7,54.7,0.6,2.7
"<a href=""https://tiktok.com/@debran.oxonrp00"" target=""_blank"">@debran.oxonrp00</a>",44,7,64.222,0.857,1,9,0,3704.25,109.5,1.75,0.625
"<a href=""https://tiktok.com/@debran.oxonrp03"" target=""_blank"">@debran.oxonrp03</a>",43,8,26.25,1,1,12,0,23431.375,247.5,6.25,2
"<a href=""https://tiktok.com/@dhcdyj5"" target=""_blank"">@dhcdyj5</a>",11,7,60.333,0.857,1,9,0,2776.778,62.778,1,4.778
"<a href=""https://tiktok.com/@dhhi6645"" target=""_blank"">@dhhi6645</a>",66,9,60.444,1,2,54,0,769,56,0.333,1
"<a href=""https://tiktok.com/@dianaantoinette2000"" target=""_blank"">@dianaantoinette2000</a>",12,7,54.815,1,3,28,0,451.667,11.889,0.111,0.333
"<a href=""https://tiktok.com/@dijx3903"" target=""_blank"">@dijx3903</a>",69,13,65.873,0.905,5,151,0,1363.846,44.308,0.538,0.385
"<a href=""https://tiktok.com/@djbdjfjff"" target=""_blank"">@djbdjfjff</a>",46,8,64.111,0.857,1,9,0,1063.7,72,1.5,0.4
"<a href=""https://tiktok.com/@djwf2904"" target=""_blank"">@djwf2904</a>",70,14,55.19,0.947,6,138,0,675.4,41.733,0.067,0.2
"<a href=""https://tiktok.com/@doiplo1"" target=""_blank"">@doiplo1</a>",62,12,48.98,0.984,7,99,0,690.583,21.25,0.083,0
"<a href=""https://tiktok.com/@drgd8391"" target=""_blank"">@drgd8391</a>",70,15,76.035,0.956,6,127,0,1457.467,54.067,0.067,0.933
"<a href=""https://tiktok.com/@dtbtcc8"" target=""_blank"">@dtbtcc8</a>",62,15,63.711,0.965,9,179,0.001,829.067,20.867,0.133,0.4
"<a href=""https://tiktok.com/@dthh824"" target=""_blank"">@dthh824</a>",51,7,57.056,0.772,4,54,0,20532.714,281.571,1.429,4
"<a href=""https://tiktok.com/@duuff30"" target=""_blank"">@duuff30</a>",73,6,30.167,1,1,12,0,1717.667,102.667,2.833,2.167
"<a href=""https://tiktok.com/@dygd8923"" target=""_blank"">@dygd8923</a>",70,15,56.762,1,5,110,0,1138,47.867,0.6,0.467
"<a href=""https://tiktok.com/@ehgw1916"" target=""_blank"">@ehgw1916</a>",68,3,58,1,4,36,0,1493.375,40.875,0.25,2.5
"<a href=""https://tiktok.com/@eiej4325"" target=""_blank"">@eiej4325</a>",70,15,58.83,0.933,5,93,0,280,10,0.067,0.067
"<a href=""https://tiktok.com/@elizabeth.adams04"" target=""_blank"">@elizabeth.adams04</a>",55,3,22.667,1,1,9,0,482.333,8,0.667,0
"<a href=""https://tiktok.com/@ella627700"" target=""_blank"">@ella627700</a>",16,6,37,0.857,1,10,0,2709.833,41.167,2.333,0.333
"<a href=""https://tiktok.com/@elvistrevelyan0204"" target=""_blank"">@elvistrevelyan0204</a>",4,8,54.778,0.875,2,18,0,1460.222,51.111,1,1.222
"<a href=""https://tiktok.com/@emory.drawehj"" target=""_blank"">@emory.drawehj</a>",61,10,34.923,0.917,1,13,0,1790.8,63.7,1.3,0.6
"<a href=""https://tiktok.com/@eqmhqf"" target=""_blank"">@eqmhqf</a>",62,15,56.315,0.919,7,137,0,663.933,23,0,0.067
"<a href=""https://tiktok.com/@ethel.gregory2"" target=""_blank"">@ethel.gregory2</a>",13,10,55.008,0.955,4,57,0,4839.3,94.9,0.5,1.2
"<a href=""https://tiktok.com/@eudazpstrvf"" target=""_blank"">@eudazpstrvf</a>",50,7,59.75,1,1,12,0,10072.714,367,10.143,94.286
"<a href=""https://tiktok.com/@facaila22"" target=""_blank"">@facaila22</a>",19,10,30.2,0.857,1,10,0,1676,114.3,1.5,1.5
"<a href=""https://tiktok.com/@fannybach2010"" target=""_blank"">@fannybach2010</a>",12,7,54.548,0.963,3,28,0,7525.667,75.667,1.889,0.444
"<a href=""https://tiktok.com/@fdijc3"" target=""_blank"">@fdijc3</a>",2,10,59.623,0.904,6,75,0,1243.4,65.2,0.9,1.9
"<a href=""https://tiktok.com/@fgjbgf4688"" target=""_blank"">@fgjbgf4688</a>",27,10,43.45,0.989,10,142,0,394.2,13.7,0,1.2
"<a href=""https://tiktok.com/@fhda78402"" target=""_blank"">@fhda78402</a>",69,14,70.979,0.906,5,120,0,424.267,18.2,0.133,0.067
"<a href=""https://tiktok.com/@fhfry4764"" target=""_blank"">@fhfry4764</a>",4,6,59.667,0.875,1,9,0,3403.889,104,0.444,7
"<a href=""https://tiktok.com/@fhuc22"" target=""_blank"">@fhuc22</a>",36,6,47.768,1,3,35,0,1950.333,45.333,0,0.333
"<a href=""https://tiktok.com/@finishthemovie3"" target=""_blank"">@finishthemovie3</a>",4,10,41.5,0.938,2,18,0,2183.7,73.7,0.4,1.7
"<a href=""https://tiktok.com/@fkir2290"" target=""_blank"">@fkir2290</a>",65,6,40.667,1,3,27,0,946.167,36.5,0.333,0
"<a href=""https://tiktok.com/@fkur7594"" target=""_blank"">@fkur7594</a>",66,3,47,1,2,18,0,1838.143,64.429,0.714,1.143
"<a href=""https://tiktok.com/@fnnf8890"" target=""_blank"">@fnnf8890</a>",65,6,63.444,1,3,36,0,1122.571,51,0,1
"<a href=""https://tiktok.com/@fody.noachp"" target=""_blank"">@fody.noachp</a>",48,8,76.8,0.75,1,10,0,1080.125,49.375,0.375,1.25
"<a href=""https://tiktok.com/@fredagraham2022"" target=""_blank"">@fredagraham2022</a>",5,8,49.444,0.938,2,18,0,2602.8,56.4,0.7,0.5
"<a href=""https://tiktok.com/@fsaftn"" target=""_blank"">@fsaftn</a>",62,12,61.13,0.952,7,103,0,952.875,38.25,0.312,1.375
"<a href=""https://tiktok.com/@fughf21"" target=""_blank"">@fughf21</a>",3,10,43.4,1,1,15,0,1093,96.3,0.5,2.7
"<a href=""https://tiktok.com/@fujgds.guio"" target=""_blank"">@fujgds.guio</a>",41,9,62.818,0.889,1,11,0,890.667,18.111,0.556,0.333
"<a href=""https://tiktok.com/@g.gy726"" target=""_blank"">@g.gy726</a>",33,8,54.244,0.9,2,24,0,2952,72.375,0.875,3
"<a href=""https://tiktok.com/@gabriele.weber5"" target=""_blank"">@gabriele.weber5</a>",30,8,53.778,0.857,1,9,0,596.875,20.375,0.25,2.375
"<a href=""https://tiktok.com/@gckcj4"" target=""_blank"">@gckcj4</a>",7,9,67.556,0.875,1,9,0,1187.889,42.556,0.444,1
"<a href=""https://tiktok.com/@gfg6705"" target=""_blank"">@gfg6705</a>",35,6,56.111,1,1,9,0,677.667,15,0,0
"<a href=""https://tiktok.com/@gfjch34"" target=""_blank"">@gfjch34</a>",8,9,57.222,0.889,2,18,0,1777.444,115.222,0.556,1.222
"<a href=""https://tiktok.com/@ghhj8554"" target=""_blank"">@ghhj8554</a>",69,15,65.994,0.858,4,126,0,940.867,37.533,0.2,0.867
"<a href=""https://tiktok.com/@ghjbff355"" target=""_blank"">@ghjbff355</a>",27,5,74.222,1,1,9,0,233.8,7,0,0
"<a href=""https://tiktok.com/@gjbgikh"" target=""_blank"">@gjbgikh</a>",11,10,60.333,0.857,1,9,0,2693.5,87.3,0.6,1.1
"<a href=""https://tiktok.com/@gjguq6894"" target=""_blank"">@gjguq6894</a>",65,3,52.667,1,1,9,0,1029,65.333,0.333,0.5
"<a href=""https://tiktok.com/@gjie0094"" target=""_blank"">@gjie0094</a>",68,3,59.8,1,5,45,0,1200.625,75.375,0.5,0.625
"<a href=""https://tiktok.com/@gjus6238"" target=""_blank"">@gjus6238</a>",68,3,59.8,1,5,45,0,1441.889,65.556,0.333,1
"<a href=""https://tiktok.com/@gofman.008"" target=""_blank"">@gofman.008</a>",54,6,57.727,1,1,11,0,8405.4,219.5,6.4,49.2
"<a href=""https://tiktok.com/@gour2295"" target=""_blank"">@gour2295</a>",67,6,45.867,0.833,1,15,0,6034.667,145.333,0,1
"<a href=""https://tiktok.com/@greeryy2"" target=""_blank"">@greeryy2</a>",40,7,66.95,0.817,2,20,0,927.714,33.857,0,0.143
"<a href=""https://tiktok.com/@gubwos"" target=""_blank"">@gubwos</a>",9,8,46.2,1,1,10,0,1782.222,65.889,0.889,1.556
"<a href=""https://tiktok.com/@guoonn.hkp"" target=""_blank"">@guoonn.hkp</a>",40,9,74.2,0.778,1,10,0,590.889,14.667,0.222,0
"<a href=""https://tiktok.com/@gutieyy7"" target=""_blank"">@gutieyy7</a>",10,9,49.1,1,1,10,0,3586.333,173.444,2.222,1.444
"<a href=""https://tiktok.com/@gvcchh3457"" target=""_blank"">@gvcchh3457</a>",27,9,50.951,0.986,7,87,0,1005.444,47.111,1.778,5.222
"<a href=""https://tiktok.com/@hcodifb"" target=""_blank"">@hcodifb</a>",2,9,50.055,0.882,5,56,0,800.333,53.111,0.333,0.889
"<a href=""https://tiktok.com/@hdbjx72"" target=""_blank"">@hdbjx72</a>",31,7,48.667,1,1,9,0,1156.714,23.429,1.857,1.714
"<a href=""https://tiktok.com/@hdifhg5"" target=""_blank"">@hdifhg5</a>",2,9,57.264,0.883,2,21,0,1830.3,63.5,1.1,0.7
"<a href=""https://tiktok.com/@hdmjwo1"" target=""_blank"">@hdmjwo1</a>",62,11,70.706,0.906,4,60,0,914.2,18.4,0,0
"<a href=""https://tiktok.com/@hec88551nva"" target=""_blank"">@hec88551nva</a>",49,8,29,1,1,10,0,2012.556,84.778,0.778,1.222
"<a href=""https://tiktok.com/@hehs5037"" target=""_blank"">@hehs5037</a>",66,9,60.333,1,3,63,0,680.111,41.667,0.111,0.111
"<a href=""https://tiktok.com/@hejdsgi"" target=""_blank"">@hejdsgi</a>",40,10,40.364,1,1,11,0,292,9.8,0,0.2
"<a href=""https://tiktok.com/@hgff.nko"" target=""_blank"">@hgff.nko</a>",41,10,62.818,0.889,1,11,0,910.7,30.4,0,0
"<a href=""https://tiktok.com/@hh155702"" target=""_blank"">@hh155702</a>",56,10,51.493,0.893,3,42,0,2568.2,63.3,1.1,1
"<a href=""https://tiktok.com/@hhgghj8866"" target=""_blank"">@hhgghj8866</a>",27,10,37.043,0.964,4,48,0,1227.3,41.4,0.7,1.7
"<a href=""https://tiktok.com/@hhhhh777777852"" target=""_blank"">@hhhhh777777852</a>",5,6,49.317,0.866,2,19,0,3091.833,101.167,1.833,0.5
"<a href=""https://tiktok.com/@hidouo"" target=""_blank"">@hidouo</a>",62,15,63.206,1,4,109,0,1355.467,31.067,0.133,0.333
"<a href=""https://tiktok.com/@hjbfgj67"" target=""_blank"">@hjbfgj67</a>",17,10,38.444,1,1,9,0,1425.8,40,0.3,0.3
"<a href=""https://tiktok.com/@hltuoq"" target=""_blank"">@hltuoq</a>",62,11,68.857,0.978,5,114,0,5519.067,114.267,0.667,1.333
"<a href=""https://tiktok.com/@hotcool586"" target=""_blank"">@hotcool586</a>",38,6,46,1,1,9,0,789.833,38.5,0,0.333
"<a href=""https://tiktok.com/@hskdk.jso"" target=""_blank"">@hskdk.jso</a>",38,6,51.35,1,2,19,0,5690.667,51.667,0.167,0.667
"<a href=""https://tiktok.com/@huahua88883"" target=""_blank"">@huahua88883</a>",18,7,34,1,1,9,0,1004.286,33.714,0.429,1.857
"<a href=""https://tiktok.com/@huiodjio"" target=""_blank"">@huiodjio</a>",14,9,61.667,1,1,12,0,3472.222,149.444,2.444,1.889
"<a href=""https://tiktok.com/@huoqilaiya"" target=""_blank"">@huoqilaiya</a>",23,8,38.692,0.909,1,13,0,901.125,25.25,0.5,0.75
"<a href=""https://tiktok.com/@hxjdsj34"" target=""_blank"">@hxjdsj34</a>",76,6,25.57,0.911,3,31,0,2118.333,69.167,1,0.167
"<a href=""https://tiktok.com/@hygge8662"" target=""_blank"">@hygge8662</a>",50,7,59.75,1,1,12,0,13026.429,323.714,4.857,74.714
"<a href=""https://tiktok.com/@hynyqoqhjmakqf"" target=""_blank"">@hynyqoqhjmakqf</a>",24,10,68.083,0.75,1,12,0,851.7,13.2,1.2,0.2
"<a href=""https://tiktok.com/@hzhdhs"" target=""_blank"">@hzhdhs</a>",76,5,20.3,0.875,2,20,0,1051.8,23.4,0.4,0
"<a href=""https://tiktok.com/@ididu034"" target=""_blank"">@ididu034</a>",8,9,52.778,0.889,1,9,0,1010.667,59.556,1.778,3.556
"<a href=""https://tiktok.com/@idpeoc"" target=""_blank"">@idpeoc</a>",62,15,51.258,0.988,7,146,0,1007.2,16.267,0.133,0.2
"<a href=""https://tiktok.com/@ific3756"" target=""_blank"">@ific3756</a>",66,3,45.778,1,3,27,0,1094.667,29.667,0.333,0.667
"<a href=""https://tiktok.com/@ihgg5672"" target=""_blank"">@ihgg5672</a>",27,10,53.379,0.961,12,158,0,812.5,29.2,1.5,5.5
"<a href=""https://tiktok.com/@iiuu553"" target=""_blank"">@iiuu553</a>",51,12,48.041,0.898,5,115,0,16015.917,231.917,2,3
"<a href=""https://tiktok.com/@irdc042"" target=""_blank"">@irdc042</a>",3,10,43.4,1,1,15,0,2228.6,100.9,1.3,3
"<a href=""https://tiktok.com/@isni5392"" target=""_blank"">@isni5392</a>",37,7,47.727,1,1,11,0,608.286,20.286,0,0.286
"<a href=""https://tiktok.com/@it29375"" target=""_blank"">@it29375</a>",34,3,60.889,0.8,1,9,0,39.333,0.667,0,0
"<a href=""https://tiktok.com/@itsh7661"" target=""_blank"">@itsh7661</a>",70,6,63.556,1,3,54,0,591.167,37,0.667,0.333
"<a href=""https://tiktok.com/@iupkvg"" target=""_blank"">@iupkvg</a>",62,12,74.897,0.917,4,60,0,294.333,10.5,0.083,0.083
"<a href=""https://tiktok.com/@j.ee238"" target=""_blank"">@j.ee238</a>",33,5,67.889,0.8,1,9,0,879,14.667,0.167,0.167
"<a href=""https://tiktok.com/@jackie.bradley45"" target=""_blank"">@jackie.bradley45</a>",27,9,47.45,0.968,9,111,0,1342.4,29.6,3,11.4
"<a href=""https://tiktok.com/@jajsjsn56"" target=""_blank"">@jajsjsn56</a>",52,14,54.475,0.823,5,85,0,8157.5,145.286,0.5,0.714
"<a href=""https://tiktok.com/@jann.jacobs"" target=""_blank"">@jann.jacobs</a>",29,8,44.875,0.944,2,24,0,736.25,18.375,0.125,0.25
"<a href=""https://tiktok.com/@jcsie5410"" target=""_blank"">@jcsie5410</a>",68,4,76.556,1,3,27,0,1459.286,39.286,0.571,0.286
"<a href=""https://tiktok.com/@jdbjd335"" target=""_blank"">@jdbjd335</a>",31,9,54.119,0.902,4,40,0,1759.8,60.7,0.5,1.1
"<a href=""https://tiktok.com/@jdpdosj"" target=""_blank"">@jdpdosj</a>",2,9,60.081,0.892,3,33,0,478.667,21,0.667,0.222
"<a href=""https://tiktok.com/@jdpxorjf"" target=""_blank"">@jdpxorjf</a>",2,10,59.474,0.949,5,53,0.001,877.1,53.3,0.8,1.5
"<a href=""https://tiktok.com/@jfdd653"" target=""_blank"">@jfdd653</a>",6,8,42.111,1,1,9,0,2934.875,59,0.125,0.375
"<a href=""https://tiktok.com/@jfkovj5"" target=""_blank"">@jfkovj5</a>",2,10,60.246,0.881,7,67,0.001,1699.1,113.6,1.2,1.1
"<a href=""https://tiktok.com/@jfodxgajsjijpd"" target=""_blank"">@jfodxgajsjijpd</a>",27,10,50.227,0.987,13,180,0,1448.8,68.9,5,12.7
"<a href=""https://tiktok.com/@jfufrehcdh"" target=""_blank"">@jfufrehcdh</a>",2,8,63.283,0.938,2,20,0,944.625,65.625,0.625,1.25
"<a href=""https://tiktok.com/@jg.vj19"" target=""_blank"">@jg.vj19</a>",38,6,56.7,1,1,10,0,1438.5,23.5,0.333,0.167
"<a href=""https://tiktok.com/@jh.hj90"" target=""_blank"">@jh.hj90</a>",37,8,47.727,1,1,11,0,1397.75,35.625,0.375,1.75
"<a href=""https://tiktok.com/@jiqw8344"" target=""_blank"">@jiqw8344</a>",70,6,68.083,1,4,36,0,183,4,0,0.167
"<a href=""https://tiktok.com/@jkuy0534"" target=""_blank"">@jkuy0534</a>",70,15,71.125,0.933,6,157,0,813.4,56.467,0.8,0.267
"<a href=""https://tiktok.com/@joab.truitt"" target=""_blank"">@joab.truitt</a>",13,8,51.867,0.975,4,47,0,3463,159.625,0.875,0.875
"<a href=""https://tiktok.com/@josieferguson6"" target=""_blank"">@josieferguson6</a>",13,8,54.758,0.955,4,47,0,16036.875,411.875,7.375,103.5
"<a href=""https://tiktok.com/@jrcbuibeamiuor"" target=""_blank"">@jrcbuibeamiuor</a>",24,6,68.083,0.75,1,12,0,1094.4,43.1,0.3,1.7
"<a href=""https://tiktok.com/@jsosjxj8"" target=""_blank"">@jsosjxj8</a>",2,8,60.03,0.958,3,28,0,744.4,44.9,0.7,0.4
"<a href=""https://tiktok.com/@jtcytxyzey"" target=""_blank"">@jtcytxyzey</a>",2,8,63.1,0.9,1,10,0,17678.4,503.4,2.4,35
"<a href=""https://tiktok.com/@juliedouglass2013"" target=""_blank"">@juliedouglass2013</a>",12,8,55.461,0.963,3,30,0,1943.8,55.6,0.2,0.4
"<a href=""https://tiktok.com/@jvhb240"" target=""_blank"">@jvhb240</a>",52,14,62.392,0.81,5,95,0,3756.286,84.786,0.429,1.786
"<a href=""https://tiktok.com/@jvtvc3"" target=""_blank"">@jvtvc3</a>",52,14,50.672,0.929,5,100,0,3882.714,83.286,0.929,3.429
"<a href=""https://tiktok.com/@jxfciicg"" target=""_blank"">@jxfciicg</a>",73,6,30.167,1,1,12,0,1667.333,86,1,0.5
"<a href=""https://tiktok.com/@kamlisarkar_0"" target=""_blank"">@kamlisarkar_0</a>",57,6,90.119,0.7,2,23,0,2076.5,252.333,15.833,3.667
"<a href=""https://tiktok.com/@khfbou"" target=""_blank"">@khfbou</a>",64,3,17.5,1,2,18,0,1651.833,29.167,0.167,0
"<a href=""https://tiktok.com/@kili1173"" target=""_blank"">@kili1173</a>",56,8,55.536,0.845,3,34,0,1762.7,61.4,1.8,2.9
"<a href=""https://tiktok.com/@kmlisarkar_1"" target=""_blank"">@kmlisarkar_1</a>",57,5,82.667,0.6,1,9,0,807.091,67.182,4.636,0.455
"<a href=""https://tiktok.com/@krug011"" target=""_blank"">@krug011</a>",2,10,59.889,0.857,2,18,0,1023.3,57.1,0.4,1.5
"<a href=""https://tiktok.com/@ktsfyh"" target=""_blank"">@ktsfyh</a>",15,10,64.673,0.929,2,21,0,3054.1,184.9,9.5,2
"<a href=""https://tiktok.com/@kubjij"" target=""_blank"">@kubjij</a>",64,3,19.389,0.9,2,18,0,783.333,28.167,0.167,0.5
"<a href=""https://tiktok.com/@kuhar.clair6"" target=""_blank"">@kuhar.clair6</a>",32,6,67.364,0.857,1,11,0,2238.571,68.571,0.143,0
"<a href=""https://tiktok.com/@labubu5252"" target=""_blank"">@labubu5252</a>",21,9,36.7,0.833,1,10,0,1958,50.889,0.444,1.556
"<a href=""https://tiktok.com/@landscape5670"" target=""_blank"">@landscape5670</a>",15,10,80.8,0.857,1,10,0,3006.5,265.7,2.9,1.2
"<a href=""https://tiktok.com/@lanora.haskely"" target=""_blank"">@lanora.haskely</a>",60,8,74.111,1,1,9,0,2363.444,114.222,0.889,2.778
"<a href=""https://tiktok.com/@laozizuisuai"" target=""_blank"">@laozizuisuai</a>",22,6,45.407,0.857,3,27,0,840.143,33,0.857,16.714
"<a href=""https://tiktok.com/@lawrenceharvey54"" target=""_blank"">@lawrenceharvey54</a>",29,7,34.25,0.889,1,12,0,632.875,14.375,0.625,0.125
"<a href=""https://tiktok.com/@lhqitc"" target=""_blank"">@lhqitc</a>",62,15,70.301,0.903,4,80,0,1344.467,32.667,0.267,0.2
"<a href=""https://tiktok.com/@luisina.riihimaki"" target=""_blank"">@luisina.riihimaki</a>",2,7,55.462,1,1,13,0,881.222,79.667,0.778,0.778
"<a href=""https://tiktok.com/@lwandiswamsithini"" target=""_blank"">@lwandiswamsithini</a>",45,9,65.415,0.903,3,32,0,18645.556,362.333,4.778,2.444
"<a href=""https://tiktok.com/@lzes4290"" target=""_blank"">@lzes4290</a>",19,8,51.711,0.857,2,19,0,3117.75,64.375,11.875,54.875
"<a href=""https://tiktok.com/@mancilla.sanyang"" target=""_blank"">@mancilla.sanyang</a>",47,8,48.818,1,1,11,0,1510.5,38.25,0.625,1
"<a href=""https://tiktok.com/@marjoriecarrie0525"" target=""_blank"">@marjoriecarrie0525</a>",30,10,56.722,0.967,3,38,0,676.5,18.3,0.4,0.4
"<a href=""https://tiktok.com/@monalisa7988"" target=""_blank"">@monalisa7988</a>",36,5,51.385,1,1,13,0,1545.4,52.6,0,0.6
"<a href=""https://tiktok.com/@mong.khuu"" target=""_blank"">@mong.khuu</a>",30,10,59.694,0.898,5,56,0,642.7,16.5,0.4,0.2
"<a href=""https://tiktok.com/@msfsgvsvcsdfsadsa"" target=""_blank"">@msfsgvsvcsdfsadsa</a>",39,7,57.1,1,1,10,0,540.857,10.286,0.429,0.143
"<a href=""https://tiktok.com/@ncjfhyrsdj"" target=""_blank"">@ncjfhyrsdj</a>",76,6,32.389,0.857,2,18,0,1807.333,50.333,1.167,0.167
"<a href=""https://tiktok.com/@ncsfo3287"" target=""_blank"">@ncsfo3287</a>",74,3,27.222,1,1,9,0,2260.667,39.333,0.667,0.333
"<a href=""https://tiktok.com/@nendn4309"" target=""_blank"">@nendn4309</a>",7,8,70.091,0.778,1,11,0,1996.778,67.222,0.111,1.222
"<a href=""https://tiktok.com/@nfyk.emma"" target=""_blank"">@nfyk.emma</a>",30,9,56.875,1,2,24,0,1214.444,42.222,1.556,1
"<a href=""https://tiktok.com/@ninixuaiwo"" target=""_blank"">@ninixuaiwo</a>",22,6,43.119,0.81,3,28,0,1720.333,63.833,6.167,2.833
"<a href=""https://tiktok.com/@noohreddit"" target=""_blank"">@noohreddit</a>",34,3,60.889,0.8,1,9,0,34.333,0.333,0,0
"<a href=""https://tiktok.com/@nxpsa4288"" target=""_blank"">@nxpsa4288</a>",74,3,82.778,0.8,2,18,0,3867.333,97,0.667,0.333
"<a href=""https://tiktok.com/@okay11732"" target=""_blank"">@okay11732</a>",69,15,74.708,0.908,4,118,0,1818.533,71.467,0.467,0.733
"<a href=""https://tiktok.com/@omi.poni0"" target=""_blank"">@omi.poni0</a>",35,6,56.111,1,1,9,0,1811.167,43.333,0.667,0.667
"<a href=""https://tiktok.com/@onikacaylie"" target=""_blank"">@onikacaylie</a>",29,7,55.5,1,1,12,0,1265.778,57,1.556,1.556
"<a href=""https://tiktok.com/@pbpktw"" target=""_blank"">@pbpktw</a>",63,13,67.167,0.944,3,85,0,688.5,17.357,0.143,0.571
"<a href=""https://tiktok.com/@pjk3357"" target=""_blank"">@pjk3357</a>",59,6,58.111,1,1,9,0,562.833,24.833,0,0
"<a href=""https://tiktok.com/@power7143"" target=""_blank"">@power7143</a>",56,10,56.192,0.933,3,44,0,4868.7,68.2,0.4,1
"<a href=""https://tiktok.com/@prtnr8"" target=""_blank"">@prtnr8</a>",10,10,52.55,1,2,20,0,1977.1,62.2,1.7,0.3
"<a href=""https://tiktok.com/@puhrra"" target=""_blank"">@puhrra</a>",63,15,55.021,0.93,3,117,0,597.533,27,0.267,0.867
"<a href=""https://tiktok.com/@pxibi018"" target=""_blank"">@pxibi018</a>",36,6,45.695,1,3,32,0,4383.5,50,0.167,0.667
"<a href=""https://tiktok.com/@qigqtm"" target=""_blank"">@qigqtm</a>",62,10,54.5,0.958,3,46,0,251.667,4.917,0,0.167
"<a href=""https://tiktok.com/@qlkvahinq1huog"" target=""_blank"">@qlkvahinq1huog</a>",25,6,50.111,1,1,9,0,2628.833,99.833,1.667,1
"<a href=""https://tiktok.com/@quincyshop08"" target=""_blank"">@quincyshop08</a>",2,10,70.161,0.875,2,19,0,1902.4,49,0.2,1.4
"<a href=""https://tiktok.com/@qwdfionqfamkqo"" target=""_blank"">@qwdfionqfamkqo</a>",28,7,28.231,1,1,13,0,2173.429,67.429,2.857,4.571
"<a href=""https://tiktok.com/@reddit55549"" target=""_blank"">@reddit55549</a>",59,6,58.111,1,1,9,0,643.286,35.571,0.714,1.714
"<a href=""https://tiktok.com/@rhzpbjoqixj"" target=""_blank"">@rhzpbjoqixj</a>",27,10,49.492,0.932,11,134,0,657.7,14.1,0.3,0.4
"<a href=""https://tiktok.com/@rohingyao"" target=""_blank"">@rohingyao</a>",14,7,43.111,0.714,1,9,0,1443,106.25,9.375,2.5
"<a href=""https://tiktok.com/@rosacasey65"" target=""_blank"">@rosacasey65</a>",10,9,56.056,1,2,19,0,2565.444,124.111,1.222,0.667
"<a href=""https://tiktok.com/@siev9347"" target=""_blank"">@siev9347</a>",66,3,45.778,1,3,27,0,2298,119.667,0.5,0.5
"<a href=""https://tiktok.com/@sijh37"" target=""_blank"">@sijh37</a>",52,11,56.623,0.747,5,74,0,2409.182,59.364,1.455,1.182
"<a href=""https://tiktok.com/@skunk.robinsong"" target=""_blank"">@skunk.robinsong</a>",48,9,76.8,0.75,1,10,0,1032.111,47.778,0.222,1.111
"<a href=""https://tiktok.com/@snoshsj"" target=""_blank"">@snoshsj</a>",75,6,39.7,0.889,1,10,0,7569.333,73.333,2.833,1.667
"<a href=""https://tiktok.com/@soodb4177"" target=""_blank"">@soodb4177</a>",74,3,52.722,0.95,4,36,0,394,17.333,0.333,0
"<a href=""https://tiktok.com/@sqifhw"" target=""_blank"">@sqifhw</a>",63,15,60.659,0.976,3,106,0,542.933,27.333,0.333,0.8
"<a href=""https://tiktok.com/@stoyouh"" target=""_blank"">@stoyouh</a>",15,8,48.545,1,1,11,0,6254.625,199.75,4.25,3.375
"<a href=""https://tiktok.com/@sunnybarrows"" target=""_blank"">@sunnybarrows</a>",17,10,38.444,1,1,9,0,1216.3,35.2,1.3,4.5
"<a href=""https://tiktok.com/@svpmrjwfqvu2oj"" target=""_blank"">@svpmrjwfqvu2oj</a>",27,10,47.324,0.952,12,162,0,1166.8,51.4,1.3,2.7
"<a href=""https://tiktok.com/@sweet_driver120"" target=""_blank"">@sweet_driver120</a>",53,5,102.667,1,1,12,0,7103.867,635.267,34.867,9.7
"<a href=""https://tiktok.com/@tenbr.boozapp"" target=""_blank"">@tenbr.boozapp</a>",60,9,74.111,1,1,9,0,15095,204.111,4.778,7
"<a href=""https://tiktok.com/@the.esther00"" target=""_blank"">@the.esther00</a>",27,8,59.545,0.931,9,96,0,631.1,14.4,0.4,1.3
"<a href=""https://tiktok.com/@the.layten6"" target=""_blank"">@the.layten6</a>",19,9,70.111,0.75,1,9,0,735.778,21.444,0.111,0.222
"<a href=""https://tiktok.com/@the.sshamarfan"" target=""_blank"">@the.sshamarfan</a>",19,10,71.667,0.804,2,18,0,1339.7,28.3,3.1,6.3
"<a href=""https://tiktok.com/@the.yellow09"" target=""_blank"">@the.yellow09</a>",26,8,22.321,1,2,23,0,480.875,11.25,0.125,0.125
"<a href=""https://tiktok.com/@titme"" target=""_blank"">@titme</a>",31,6,53.166,0.857,3,30,0,1652.5,81.167,1.333,0.333
"<a href=""https://tiktok.com/@tiut0219"" target=""_blank"">@tiut0219</a>",68,3,59,1,4,36,0,282.5,6.75,0,0.25
"<a href=""https://tiktok.com/@tiwakp1"" target=""_blank"">@tiwakp1</a>",62,15,57.236,0.969,12,164,0.001,645.667,23.133,0.133,0.2
"<a href=""https://tiktok.com/@toma.rimi"" target=""_blank"">@toma.rimi</a>",36,6,44.667,1,1,9,0,1465.833,19.833,0.167,0.167
"<a href=""https://tiktok.com/@ubhutfrx"" target=""_blank"">@ubhutfrx</a>",2,8,64.276,1,4,41,0,1659,90.1,0.9,1.6
"<a href=""https://tiktok.com/@ubpnwixo9j2jck"" target=""_blank"">@ubpnwixo9j2jck</a>",26,8,23.599,1,2,23,0,1331.875,35.125,0.5,0.125
"<a href=""https://tiktok.com/@uehjkb3487"" target=""_blank"">@uehjkb3487</a>",27,10,51.976,0.943,14,198,0,1055.5,31.2,0.7,2
"<a href=""https://tiktok.com/@ufsc8075"" target=""_blank"">@ufsc8075</a>",66,9,55.074,1,3,63,0,1370.111,61.111,0.556,1.556
"<a href=""https://tiktok.com/@ujrrrsq"" target=""_blank"">@ujrrrsq</a>",62,11,68.687,0.792,3,46,0,295.25,8.917,0,0
"<a href=""https://tiktok.com/@ulrikesteuber"" target=""_blank"">@ulrikesteuber</a>",30,10,87.111,0.833,1,9,0,611.6,14.5,0.2,0.5
"<a href=""https://tiktok.com/@urdu9708"" target=""_blank"">@urdu9708</a>",65,5,76.933,0.833,1,15,0,2036.125,48.125,0,0.375
"<a href=""https://tiktok.com/@user240775158"" target=""_blank"">@user240775158</a>",36,6,46.469,1,2,25,0,2581,45.167,0.167,0.5
"<a href=""https://tiktok.com/@user3154950400581"" target=""_blank"">@user3154950400581</a>",8,9,63.444,1,1,9,0,1346.667,90.889,0.667,0.333
"<a href=""https://tiktok.com/@user3436197788624"" target=""_blank"">@user3436197788624</a>",52,12,49.129,0.89,5,91,0,3370.833,120.583,4.417,3.25
"<a href=""https://tiktok.com/@user361947617460"" target=""_blank"">@user361947617460</a>",13,8,57.213,0.93,4,51,0,9781.25,104.125,1.875,1.25
"<a href=""https://tiktok.com/@user3825956150738"" target=""_blank"">@user3825956150738</a>",51,14,50.861,0.889,5,111,0,2674.571,64.214,0.429,2.643
"<a href=""https://tiktok.com/@user4148379047616"" target=""_blank"">@user4148379047616</a>",46,8,64.111,0.857,1,9,0,1643.25,41.75,0.375,2.25
"<a href=""https://tiktok.com/@user4258816615474"" target=""_blank"">@user4258816615474</a>",54,8,57.727,1,1,11,0,3232,54.1,18.2,1.9
"<a href=""https://tiktok.com/@user5107401810761"" target=""_blank"">@user5107401810761</a>",27,10,58.003,0.938,12,145,0,973.6,32.1,0.7,1.2
"<a href=""https://tiktok.com/@user54084767052186"" target=""_blank"">@user54084767052186</a>",45,8,63.259,0.9,2,21,0,7507.125,121,3.125,3.875
"<a href=""https://tiktok.com/@user54314398340401"" target=""_blank"">@user54314398340401</a>",56,8,59.63,0.886,3,34,0,812,22.3,0.4,0.1
"<a href=""https://tiktok.com/@user5626060056906"" target=""_blank"">@user5626060056906</a>",2,10,52.131,0.913,4,41,0.001,917.1,49.3,0.7,0.9
"<a href=""https://tiktok.com/@user6922385284275"" target=""_blank"">@user6922385284275</a>",2,10,59.747,1,4,37,0,1252.7,80.5,1.1,3.9
"<a href=""https://tiktok.com/@user78361043305012"" target=""_blank"">@user78361043305012</a>",16,5,37,0.857,1,10,0,1202,32.167,0.333,0.167
"<a href=""https://tiktok.com/@user8431021130445"" target=""_blank"">@user8431021130445</a>",1,8,48.455,0.727,1,11,0,1295.222,46.778,1.111,0.444
"<a href=""https://tiktok.com/@username.1234615"" target=""_blank"">@username.1234615</a>",58,15,89.447,0.833,1,47,0,1280.192,67.808,7.577,0.808
"<a href=""https://tiktok.com/@username.12365478"" target=""_blank"">@username.12365478</a>",58,25,86.431,0.778,3,73,0,1840.077,101.615,8.385,1.885
"<a href=""https://tiktok.com/@username.1545465"" target=""_blank"">@username.1545465</a>",57,5,103.444,0.8,1,9,0,247.231,30.769,1.692,0.154
"<a href=""https://tiktok.com/@username.64754675"" target=""_blank"">@username.64754675</a>",57,7,100.508,0.8,2,23,0,488.923,45.462,3.154,0.308
"<a href=""https://tiktok.com/@uufplsvlxvp"" target=""_blank"">@uufplsvlxvp</a>",28,7,28.231,1,1,13,0,756.571,23.571,0.143,0.857
"<a href=""https://tiktok.com/@v.if77"" target=""_blank"">@v.if77</a>",31,5,59.909,1,1,11,0,1497.833,37.5,0.5,1.5
"<a href=""https://tiktok.com/@vaigg0"" target=""_blank"">@vaigg0</a>",8,8,62.556,0.944,2,18,0,1915,101.125,3.5,1.125
"<a href=""https://tiktok.com/@vghf668"" target=""_blank"">@vghf668</a>",32,7,66,0.778,1,11,0,1250.75,53.5,0.125,0.25
"<a href=""https://tiktok.com/@victory202525"" target=""_blank"">@victory202525</a>",1,10,48.455,0.727,1,11,0,1151.5,54.1,1.7,0.1
"<a href=""https://tiktok.com/@video.of38"" target=""_blank"">@video.of38</a>",31,6,51.111,0.75,1,9,0,1445.571,82.286,0.429,0.429
"<a href=""https://tiktok.com/@vxkaw3274"" target=""_blank"">@vxkaw3274</a>",74,9,53.821,0.889,6,84,0,1389.667,34.889,0.333,0
"<a href=""https://tiktok.com/@warmu.briey"" target=""_blank"">@warmu.briey</a>",47,6,48.818,1,1,11,0,2518.286,154.143,2.286,1.857
"<a href=""https://tiktok.com/@watts4718"" target=""_blank"">@watts4718</a>",42,8,60.306,0.958,3,32,0,1196.125,23.5,4.875,13.25
"<a href=""https://tiktok.com/@wbskc4277"" target=""_blank"">@wbskc4277</a>",74,3,34.333,1,2,18,0,2583.667,97,0.667,0.667
"<a href=""https://tiktok.com/@wgslhe"" target=""_blank"">@wgslhe</a>",62,15,72.954,0.99,8,193,0,1599.867,42.933,0.133,0.733
"<a href=""https://tiktok.com/@wilks.chasen"" target=""_blank"">@wilks.chasen</a>",5,8,47.428,0.929,2,19,0,28104.2,744.2,3.9,6.8
"<a href=""https://tiktok.com/@wojta.or"" target=""_blank"">@wojta.or</a>",31,6,50.8,0.875,1,15,0,761,8.167,0.167,0.833
"<a href=""https://tiktok.com/@wove1579"" target=""_blank"">@wove1579</a>",70,9,74.447,0.958,3,71,0,281.111,13.444,0.111,0.333
"<a href=""https://tiktok.com/@woyaofadacai0"" target=""_blank"">@woyaofadacai0</a>",27,10,52.704,0.955,11,143,0,989.2,36.6,4.6,9.7
"<a href=""https://tiktok.com/@wudtm4288"" target=""_blank"">@wudtm4288</a>",74,8,53.283,0.908,4,63,0,8543.75,280.375,1.125,1.375
"<a href=""https://tiktok.com/@wys88511u0t"" target=""_blank"">@wys88511u0t</a>",49,9,29,1,1,10,0,3747.222,182,2.889,1.333
"<a href=""https://tiktok.com/@xbhyudvqeq2lki"" target=""_blank"">@xbhyudvqeq2lki</a>",27,9,59.164,0.931,9,92,0,1014.7,28.3,2.2,5.3
"<a href=""https://tiktok.com/@xiaoheiyang11"" target=""_blank"">@xiaoheiyang11</a>",21,8,36.7,0.833,1,10,0,1153.7,38.3,0.5,0.2
"<a href=""https://tiktok.com/@xihz9643"" target=""_blank"">@xihz9643</a>",65,9,55.478,0.963,3,50,0,2756,47.667,0,1.667
"<a href=""https://tiktok.com/@xxii911"" target=""_blank"">@xxii911</a>",14,10,45.626,0.849,3,31,0,1129.8,100,2.3,1
"<a href=""https://tiktok.com/@yiitsukb"" target=""_blank"">@yiitsukb</a>",10,9,56.111,1,1,9,0,4940,209.778,7.333,36.444
"<a href=""https://tiktok.com/@yiyayiya666"" target=""_blank"">@yiyayiya666</a>",20,8,38,0.857,1,10,0,1382.375,39.25,0.625,5.25
"<a href=""https://tiktok.com/@yowbc4277"" target=""_blank"">@yowbc4277</a>",71,6,63.778,1,1,9,0,472.333,20.833,0,0
"<a href=""https://tiktok.com/@ytrq8081"" target=""_blank"">@ytrq8081</a>",69,11,72.143,0.928,3,72,0,2546.067,99.4,1.133,0.467
"<a href=""https://tiktok.com/@yueyueyue42"" target=""_blank"">@yueyueyue42</a>",20,7,47.955,0.929,2,21,0,247,6.143,0.286,1.429
"<a href=""https://tiktok.com/@yuwenmovie"" target=""_blank"">@yuwenmovie</a>",12,8,51.061,1,3,30,0,31626,1138.444,19.556,5.444
"<a href=""https://tiktok.com/@zsdx184"" target=""_blank"">@zsdx184</a>",51,6,55,0.625,1,9,0,4264.875,73.125,0.375,2.375
"<a href=""https://tiktok.com/@zxvb736"" target=""_blank"">@zxvb736</a>",51,14,58.686,0.878,5,107,0,2315.429,60.286,0.5,0.929
