"Network","Number of Accounts","Network Density","Network Diameter","Clustering Coefficient","Avg Views","Avg Likes","Avg Comments","Avg Shares","Member Accounts"
1,2,1,11,0,1219.579,50.632,1.421,0.263,"user8431021130445, victory202525"
2,18,0.203,53,0.286,2296.59,94.867,0.936,3.538,"jsosjxj8, be.jkigv, quincyshop08, jdpxorjf, ubhutfrx, jtcytxyzey, luisina.riihimaki, user5626060056906, jfkovj5, jfufrehcdh, jdpdosj, fdijc3, krug011, bmc12655, hcodifb, chantalkusch, hdifhg5, user6922385284275"
3,2,1,15,0,1660.8,98.6,0.9,2.85,"irdc042, fughf21"
4,4,0.5,27,0,2574.424,79.697,0.727,2.97,"bdonvg, finishthemovie3, elvistrevelyan0204, fhfry4764"
5,3,1,10,1,12523.885,331.269,2.192,2.923,"hhhhh777777852, fredagraham2022, wilks.chasen"
6,3,0.667,18,0,3549.76,87.36,0.8,3.44,"anaxagoras.harlen, aedyckctu, jfdd653"
7,3,0.667,20,0,8454.593,310.815,0.778,2.556,"gckcj4, bfihc, nendn4309"
8,4,0.5,27,0,1500.943,91.429,1.571,1.571,"ididu034, gfjch34, user3154950400581, vaigg0"
9,2,1,10,0,1758.158,74.895,0.684,2.263,"chdg050, gubwos"
10,4,0.5,29,0,3232.351,140.216,3.081,9.459,"gutieyy7, prtnr8, rosacasey65, yiitsukb"
11,2,1,9,0,2732.947,75.684,0.789,2.842,"dhcdyj5, gjbgikh"
12,4,1,11,1,10158.595,313.243,5.297,1.622,"juliedouglass2013, dianaantoinette2000, fannybach2010, yuwenmovie"
13,5,1,15,1,6760.432,156.841,2.091,20.091,"joab.truitt, danghu337, ethel.gregory2, josieferguson6, user361947617460"
14,4,0.5,22,0,2563.167,140.111,4.417,2.139,"crtyougo, huiodjio, rohingyao, xxii911"
15,3,0.667,21,0,3951.536,218,5.643,2.107,"ktsfyh, stoyouh, landscape5670"
16,2,1,10,0,1955.917,36.667,1.333,0.25,"ella627700, user78361043305012"
17,2,1,9,0,1321.05,37.6,0.8,2.4,"hjbfgj67, sunnybarrows"
18,2,1,9,0,1388.929,34.643,0.857,6.643,"huahua88883, 333yue"
19,4,0.5,28,0,1668.135,57.676,3.838,14.027,"facaila22, lzes4290, the.sshamarfan, the.layten6"
20,3,0.667,21,0,1025.095,28.19,0.524,2.81,"alexandrina.thorn, yueyueyue42, yiyayiya666"
21,2,1,10,0,1534.684,44.263,0.474,0.842,"labubu5252, xiaoheiyang11"
22,4,0.833,18,0.75,1193.08,42.88,2.48,6.44,"laozizuisuai, birdie.huff, ninixuaiwo, carlton.satterfie"
23,2,1,13,0,1090.176,35.706,0.471,0.412,"baobaiwan888, huoqilaiya"
24,2,1,12,0,973.05,28.15,0.75,0.95,"hynyqoqhjmakqf, jrcbuibeamiuor"
25,2,1,9,0,2370.385,69.846,1.231,0.538,"baobaobao7183, qlkvahinq1huog"
26,3,1,14,1,903.087,24.696,0.478,1.783,"the.yellow09, ubpnwixo9j2jck, cufiykgvrho9kk"
27,16,0.642,32,0.795,947.026,33.675,1.448,4.071,"jackie.bradley45, cbnhf5680, rhzpbjoqixj, jfodxgajsjijpd, svpmrjwfqvu2oj, ghjbff355, fgjbgf4688, hhgghj8866, gvcchh3457, woyaofadacai0, user5107401810761, uehjkb3487, bxecxotdjfrvi, ihgg5672, the.esther00, xbhyudvqeq2lki"
28,2,1,13,0,1465,45.5,1.5,2.714,"qwdfionqfamkqo, uufplsvlxvp"
29,3,0.667,24,0,893.8,31,0.8,0.68,"lawrenceharvey54, jann.jacobs, onikacaylie"
30,6,0.467,24,0.4,652.351,18.789,0.491,0.684,"nfyk.emma, marjoriecarrie0525, camilo.austin5, mong.khuu, ulrikesteuber, gabriele.weber5"
31,7,0.333,36,0.25,1476.82,49.08,0.76,1.48,"c.ts24, titme, hdbjx72, jdbjd335, video.of38, v.if77, wojta.or"
32,3,0.667,22,0,1548.333,58.375,0.167,0.458,"berez.paulo, vghf668, kuhar.clair6"
33,3,0.667,24,0,1861.364,39.227,0.455,1.227,"j.ee238, burba.robyn, g.gy726"
34,2,1,9,0,36.833,0.5,0,0,"noohreddit, it29375"
35,2,1,9,0,1244.417,29.167,0.333,0.333,"gfg6705, omi.poni0"
36,5,0.5,32,0.429,2414.172,42.241,0.103,0.448,"toma.rimi, fhuc22, pxibi018, monalisa7988, user240775158"
37,2,1,11,0,1029.333,28.467,0.2,1.067,"jh.hj90, isni5392"
38,3,0.667,19,0,2639.667,37.889,0.167,0.389,"jg.vj19, hskdk.jso, hotcool586"
39,2,1,10,0,733.267,15.667,0.467,0.667,"ayipald, msfsgvsvcsdfsadsa"
40,4,0.5,31,0,768.75,21.139,0.194,0.417,"dadd.dhh7, hejdsgi, guoonn.hkp, greeryy2"
41,2,1,11,0,901.211,24.579,0.263,0.158,"hgff.nko, fujgds.guio"
42,5,0.5,33,0.5,1487.744,40.308,2.333,9.513,"babypink6896, bcc662, books3478, apsaaadel1383, watts4718"
43,2,1,12,0,12919.938,153.562,3.875,1.312,"akkaanav.risksjsg, debran.oxonrp03"
44,2,1,9,0,3643,91.824,1,0.529,"aynor.ogawa, debran.oxonrp00"
45,5,0.5,31,0.5,16864.878,295.659,3.61,2.732,"aeda1689, user54084767052186, aed7p4, lwandiswamsithini, aed3660"
46,2,1,9,0,1321.278,58.556,1,1.222,"djbdjfjff, user4148379047616"
47,2,1,11,0,1980.8,92.333,1.4,1.4,"mancilla.sanyang, warmu.briey"
48,2,1,10,0,1054.706,48.529,0.294,1.176,"skunk.robinsong, fody.noachp"
49,2,1,10,0,2879.889,133.389,1.833,1.278,"hec88551nva, wys88511u0t"
50,2,1,12,0,11549.571,345.357,7.5,84.5,"eudazpstrvf, hygge8662"
51,9,0.5,36,0.708,6312.988,102.964,1.169,2.036,"cfdc18, user3825956150738, iiuu553, aed0267, zsdx184, crhn65, aedh263, dthh824, zxvb736"
52,6,1,24,1,4341.397,94.356,1.356,1.918,"user3436197788624, jvtvc3, sijh37, jvhb240, jajsjsn56, aed2750"
53,2,1,12,0,4617.5,413.96,24.68,7.62,"cute_queen7102, sweet_driver120"
54,2,1,11,0,5818.7,136.8,12.3,25.55,"user4258816615474, gofman.008"
55,2,1,9,0,5592.5,55.667,2,1.167,"chris001997, elizabeth.adams04"
56,4,1,18,1,2502.9,53.8,0.925,1.25,"kili1173, power7143, user54314398340401, hh155702"
57,4,0.5,32,0,718.767,75.442,4.86,0.767,"username.1545465, kamlisarkar_0, username.64754675, kmlisarkar_1"
58,4,0.5,60,0,1593.687,110.627,7.88,1.289,"username.1234615, beaty_queen_22, amzing_star0, username.12365478"
59,2,1,9,0,606.154,30.615,0.385,0.923,"reddit55549, pjk3357"
60,2,1,9,0,8729.222,159.167,2.833,4.889,"lanora.haskely, tenbr.boozapp"
61,2,1,13,0,1364.7,51.65,0.95,0.5,"carlos.alberto.al886, emory.drawehj"
62,16,0.4,45,0.625,1237.243,29.872,0.146,0.358,"arffug, qigqtm, fsaftn, doiplo1, iupkvg, tiwakp1, eqmhqf, idpeoc, dtbtcc8, hdmjwo1, ujrrrsq, bipiqo, hltuoq, hidouo, lhqitc, wgslhe"
63,4,1,45,1,534.932,20.492,0.186,0.559,"bpgarp, puhrra, sqifhw, pbpktw"
64,3,1,9,1,1366.556,32.056,0.111,0.222,"khfbou, ciojkb, kubjij"
65,8,0.321,60,0.429,2157.483,61.267,0.233,0.6,"cjire9104, fnnf8890, gjguq6894, clirr5282, fkir2290, coirf88774, urdu9708, xihz9643"
66,7,0.476,54,0.6,1499.389,59.148,0.481,0.796,"hehs5037, dhhi6645, cjur6297, ific3756, fkur7594, ufsc8075, siev9347"
67,2,1,15,0,3428.636,84.182,0.182,0.545,"courr1227, gour2295"
68,6,0.8,18,0.789,1286.087,55.261,0.457,1.174,"cjirr8920, gjus6238, gjie0094, ehgw1916, jcsie5410, tiut0219"
69,6,0.867,45,0.867,1690.405,54.845,0.524,0.512,"ghhj8554, bvoo3130, dijx3903, fhda78402, okay11732, ytrq8081"
70,8,0.679,44,0.701,756.656,36.656,0.302,0.365,"djwf2904, dygd8923, jiqw8344, itsh7661, drgd8391, eiej4325, jkuy0534, wove1579"
71,2,1,9,0,529.667,18.333,0.167,0.25,"baxor3828, yowbc4277"
72,2,1,10,0,20291.846,741.231,8.231,3.462,"1qwdjjd, 1djjvsjb"
73,2,1,12,0,1692.5,94.333,1.917,1.333,"jxfciicg, duuff30"
74,11,0.473,31,0.69,2567.368,74.941,0.397,0.353,"bnsle4278, 2jxggxh, 1yrogls, cnatk3189, abxdl1382, vxkaw3274, wudtm4288, nxpsa4288, wbskc4277, soodb4177, ncsfo3287"
75,2,1,10,0,4288.333,58.333,2,0.833,"snoshsj, bxjxhxt"
76,4,0.833,19,0.75,1712.565,60.261,0.826,0.13,"cjdjfcn, hxjdsj34, ncjfhyrsdj, hzhdhs"
