"Account","Network","Unique Shares","Avg Time Between Shares (sec)","Edge Symmetry Score","Degree","Strength","Betweenness","Avg Views","Avg Likes","Avg Comments","Avg Shares"
"<a href=""https://tiktok.com/@bgnk392"" target=""_blank"">@bgnk392</a>",7,6,41.011,0.867,3,51,0,733.833,3.167,0.167,0.667
"<a href=""https://tiktok.com/@ferdinandbecky1017"" target=""_blank"">@ferdinandbecky1017</a>",6,5,39.067,0.944,2,30,0,1802,37.8,0,0
"<a href=""https://tiktok.com/@funnys318"" target=""_blank"">@funnys318</a>",6,6,55.664,0.929,4,47,0.01,4326.833,85.667,0.167,0.833
"<a href=""https://tiktok.com/@ggbo601"" target=""_blank"">@ggbo601</a>",5,6,62.571,0.8,1,14,0,6828.167,42,0.167,0.5
"<a href=""https://tiktok.com/@jennamillereh26e"" target=""_blank"">@jennamillereh26e</a>",4,8,26.714,0.889,1,14,0,4218.562,57.375,0.188,0.312
"<a href=""https://tiktok.com/@jkkj674"" target=""_blank"">@jkkj674</a>",3,15,48.509,0.933,3,42,0.007,10368.833,158.833,2.667,3.444
"<a href=""https://tiktok.com/@josephwalker6990"" target=""_blank"">@josephwalker6990</a>",6,6,47.825,0.923,4,57,0.001,1034.833,17.5,0,0.167
"<a href=""https://tiktok.com/@kxhlqola6a363c"" target=""_blank"">@kxhlqola6a363c</a>",4,8,26.714,0.889,1,14,0,6764.471,122.176,0.235,0.412
"<a href=""https://tiktok.com/@langhuamediaus.tqh90p"" target=""_blank"">@langhuamediaus.tqh90p</a>",6,5,61.818,0.857,1,11,0,2709.857,63.571,0.143,0.286
"<a href=""https://tiktok.com/@lean37279"" target=""_blank"">@lean37279</a>",6,6,49.178,0.922,4,56,0.006,3184.5,55.833,0,0
"<a href=""https://tiktok.com/@lxboos34"" target=""_blank"">@lxboos34</a>",5,6,62.571,0.8,1,14,0,4167.333,37.833,0.5,0.667
"<a href=""https://tiktok.com/@qeqe083"" target=""_blank"">@qeqe083</a>",8,6,40.807,0.925,3,53,0,641.667,1.833,0,0
"<a href=""https://tiktok.com/@tdfhiigf"" target=""_blank"">@tdfhiigf</a>",8,6,48.789,0.925,3,51,0,730.167,3.333,0,0
"<a href=""https://tiktok.com/@ujnikm7"" target=""_blank"">@ujnikm7</a>",3,18,60.134,0.922,3,47,0.005,20929.429,424.095,2.286,2.476
"<a href=""https://tiktok.com/@user1006149862326"" target=""_blank"">@user1006149862326</a>",2,9,72.292,1,2,42,0,767.111,17.333,0,0.111
"<a href=""https://tiktok.com/@user15059932353996"" target=""_blank"">@user15059932353996</a>",2,9,50.66,0.97,3,72,0.002,978.222,14.889,0.333,0
"<a href=""https://tiktok.com/@user196977097874"" target=""_blank"">@user196977097874</a>",7,6,46.426,0.867,3,54,0,1004.667,7.667,0,0.167
"<a href=""https://tiktok.com/@user2191900675606"" target=""_blank"">@user2191900675606</a>",1,6,66,1,1,18,0,469.667,13.167,0,0
"<a href=""https://tiktok.com/@user39091749299177"" target=""_blank"">@user39091749299177</a>",7,6,37.664,0.9,3,51,0,972.833,11.667,0.333,0
"<a href=""https://tiktok.com/@user4185990161303"" target=""_blank"">@user4185990161303</a>",2,9,61.328,0.909,2,53,0,717.333,8.778,0.111,0.111
"<a href=""https://tiktok.com/@user4911953984822"" target=""_blank"">@user4911953984822</a>",7,6,35.556,0.9,3,50,0,300,6.167,0,0
"<a href=""https://tiktok.com/@user4994507114863"" target=""_blank"">@user4994507114863</a>",8,6,39.407,0.875,3,54,0,803.833,4.5,0,0
"<a href=""https://tiktok.com/@user73228476556612"" target=""_blank"">@user73228476556612</a>",8,6,51.67,0.958,3,50,0,204.333,2,0,0
"<a href=""https://tiktok.com/@user8069152667198"" target=""_blank"">@user8069152667198</a>",2,9,61.436,0.977,4,93,0.007,833.889,12,0.222,1.222
"<a href=""https://tiktok.com/@user8286842018149"" target=""_blank"">@user8286842018149</a>",2,9,67.375,1,1,16,0,320.111,6.222,0.111,0
"<a href=""https://tiktok.com/@user856875506109"" target=""_blank"">@user856875506109</a>",1,6,66,1,1,18,0,204.333,2.167,0,0.167
"<a href=""https://tiktok.com/@vivianbowen0116"" target=""_blank"">@vivianbowen0116</a>",6,5,49.485,0.878,3,33,0,5545,89.4,0.4,1
"<a href=""https://tiktok.com/@yr0010"" target=""_blank"">@yr0010</a>",3,17,50.134,0.963,3,50,0,2549.667,40,0,0.167
"<a href=""https://tiktok.com/@yr7361"" target=""_blank"">@yr7361</a>",3,6,44.5,1,1,12,0,3266.188,45.875,0.125,0.375
"<a href=""https://tiktok.com/@yy11y7"" target=""_blank"">@yy11y7</a>",3,13,55.389,0.929,2,27,0,4730.077,30.077,0.231,0.385
