"Network","Number of Accounts","Network Density","Network Diameter","Clustering Coefficient","Avg Views","Avg Likes","Avg Comments","Avg Shares","Member Accounts"
1,2,1,18,NA,337,7.667,0,0.083,"user856875506109, user2191900675606"
2,5,0.6,45,0.545,723.333,11.844,0.156,0.289,"user1006149862326, user15059932353996, user8069152667198, user4185990161303, user8286842018149"
3,5,0.6,39,0.6,9137.221,158.256,1.174,1.488,"yr0010, yy11y7, jkkj674, yr7361, ujnikm7"
4,2,1,14,NA,5530.091,90.758,0.212,0.364,"jennamillereh26e, kxhlqola6a363c"
5,2,1,14,NA,5497.75,39.917,0.333,0.583,"ggbo601, lxboos34"
6,6,0.6,38,0.682,3056.6,58.143,0.114,0.371,"funnys318, langhuamediaus.tqh90p, josephwalker6990, lean37279, ferdinandbecky1017, vivianbowen0116"
7,4,1,18,1,752.833,7.167,0.125,0.208,"bgnk392, user39091749299177, user196977097874, user4911953984822"
8,4,1,18,1,595,2.917,0,0,"user4994507114863, qeqe083, tdfhiigf, user73228476556612"
