"Account","Network","Unique Shares","Avg Time Between Shares (sec)","Edge Symmetry Score","Degree","Strength","Betweenness","Avg Views","Avg Likes","Avg Comments","Avg Shares"
"<a href=""https://tiktok.com/@dd79124"" target=""_blank"">@dd79124</a>",1,9,59.775,0.892,2,31,0,8448.167,236.833,0.75,1.583
"<a href=""https://tiktok.com/@die.meisten"" target=""_blank"">@die.meisten</a>",10,14,65.923,0.855,3,68,0,4420.214,94.786,1.929,8.643
"<a href=""https://tiktok.com/@dkjdkdiei.20"" target=""_blank"">@dkjdkdiei.20</a>",7,6,96.545,0.8,1,11,0,24221.556,595,2.444,38.889
"<a href=""https://tiktok.com/@francine.smarrell5"" target=""_blank"">@francine.smarrell5</a>",14,12,63.6,0.849,3,66,0,1417.25,21.917,0.25,0.917
"<a href=""https://tiktok.com/@francine.smarrell53"" target=""_blank"">@francine.smarrell53</a>",10,6,88.833,1,2,36,0,1401.167,18.5,0.5,0.333
"<a href=""https://tiktok.com/@francine.smarrell74"" target=""_blank"">@francine.smarrell74</a>",10,12,65.984,0.904,4,71,0,2273.5,61.083,13.667,0.333
"<a href=""https://tiktok.com/@hahaha00834"" target=""_blank"">@hahaha00834</a>",10,15,62.341,0.933,3,71,0,2254.6,33.4,0,0.467
"<a href=""https://tiktok.com/@ii73950"" target=""_blank"">@ii73950</a>",1,10,59.014,0.826,2,24,0,1010.182,23.455,0.545,0.909
"<a href=""https://tiktok.com/@jeff_100312ba2"" target=""_blank"">@jeff_100312ba2</a>",2,6,67.154,1,1,13,0,1309,28.889,0.222,1.556
"<a href=""https://tiktok.com/@kokle.007"" target=""_blank"">@kokle.007</a>",10,13,50.299,0.889,2,47,0,8944.133,134.067,0.667,2.933
"<a href=""https://tiktok.com/@qq78941"" target=""_blank"">@qq78941</a>",1,8,52.838,0.914,3,41,0,1225.6,42.2,0.2,0.5
"<a href=""https://tiktok.com/@qwer12340824"" target=""_blank"">@qwer12340824</a>",7,8,81.773,0.757,2,21,0.001,1078.545,26.273,0.727,0.455
"<a href=""https://tiktok.com/@qwer12345829"" target=""_blank"">@qwer12345829</a>",6,9,96.786,1,1,14,0,988.333,21.583,0.083,0.167
"<a href=""https://tiktok.com/@sidney.mcconnell12"" target=""_blank"">@sidney.mcconnell12</a>",10,12,74.253,0.871,5,77,0.007,24941.667,549.4,5.8,44.4
"<a href=""https://tiktok.com/@sidney.mcconnell282"" target=""_blank"">@sidney.mcconnell282</a>",10,12,68.049,0.846,5,92,0.011,34377.333,614.667,113.4,7.6
"<a href=""https://tiktok.com/@sidney.mcconnell41"" target=""_blank"">@sidney.mcconnell41</a>",10,12,38.419,0.855,2,47,0,1035.2,49.4,0.733,0.733
"<a href=""https://tiktok.com/@sidney.mcconnell89"" target=""_blank"">@sidney.mcconnell89</a>",7,7,67,0.714,1,10,0,892.714,16.714,0.429,0.286
"<a href=""https://tiktok.com/@sjsjdjjdkd18"" target=""_blank"">@sjsjdjjdkd18</a>",6,7,96.786,1,1,14,0,5653.9,47.5,0.2,0.7
"<a href=""https://tiktok.com/@tree59906"" target=""_blank"">@tree59906</a>",1,12,60.597,0.898,3,36,0.001,1916.083,45.75,0.583,0.583
"<a href=""https://tiktok.com/@user1029463797925"" target=""_blank"">@user1029463797925</a>",14,12,48.861,0.939,3,75,0,7170.083,131.167,0.833,3.5
"<a href=""https://tiktok.com/@user11485714490466"" target=""_blank"">@user11485714490466</a>",5,11,50.967,0.775,2,25,0.001,791.182,6.364,0.364,0.273
"<a href=""https://tiktok.com/@user2114531333461"" target=""_blank"">@user2114531333461</a>",2,15,50.496,0.919,3,48,0.011,3929,144.133,4.333,4.267
"<a href=""https://tiktok.com/@user2146681092430"" target=""_blank"">@user2146681092430</a>",11,5,60.417,0.625,1,12,0,1083,20.667,0.333,0.167
"<a href=""https://tiktok.com/@user23159240865196"" target=""_blank"">@user23159240865196</a>",8,8,72.438,0.817,2,28,0.004,911.222,35.222,0.333,0.111
"<a href=""https://tiktok.com/@user2719000861228"" target=""_blank"">@user2719000861228</a>",3,8,51.833,1,1,12,0,1270.222,25.333,0.222,0.333
"<a href=""https://tiktok.com/@user28745544356592"" target=""_blank"">@user28745544356592</a>",5,6,52.4,0.75,1,10,0,717.5,23.333,1.167,0.333
"<a href=""https://tiktok.com/@user3360077055795"" target=""_blank"">@user3360077055795</a>",2,6,70.462,1,2,26,0.005,936.6,27.733,1.067,0.067
"<a href=""https://tiktok.com/@user3428239706378"" target=""_blank"">@user3428239706378</a>",13,8,59.105,0.909,1,19,0,64494.444,1612.778,5,98
"<a href=""https://tiktok.com/@user3592422065947"" target=""_blank"">@user3592422065947</a>",4,6,58.2,0.857,1,10,0,1815.667,45.833,10.333,9
"<a href=""https://tiktok.com/@user3695931356885"" target=""_blank"">@user3695931356885</a>",4,9,58.2,0.857,1,10,0,2874,57.556,0.444,1.111
"<a href=""https://tiktok.com/@user3758269061970"" target=""_blank"">@user3758269061970</a>",2,6,73.085,0.9,2,23,0.008,8709.444,370.222,5.889,14.667
"<a href=""https://tiktok.com/@user3924656547870"" target=""_blank"">@user3924656547870</a>",8,6,49.417,0.833,1,12,0,2831.375,47.75,0.125,0.5
"<a href=""https://tiktok.com/@user4024666871169"" target=""_blank"">@user4024666871169</a>",14,12,57.82,0.874,3,70,0,8575.417,249.25,0.167,1.25
"<a href=""https://tiktok.com/@user432563223230"" target=""_blank"">@user432563223230</a>",15,6,67,0.667,1,11,0,950.111,24.667,0.556,0.333
"<a href=""https://tiktok.com/@user44019097168441"" target=""_blank"">@user44019097168441</a>",8,6,79.5,0.833,1,12,0,396.889,12.889,0,0
"<a href=""https://tiktok.com/@user47384513073532"" target=""_blank"">@user47384513073532</a>",2,13,69.525,0.775,3,33,0.015,36303.533,1566.867,27,140.467
"<a href=""https://tiktok.com/@user5273018841191"" target=""_blank"">@user5273018841191</a>",12,8,43.577,0.929,1,26,0,376.25,5.875,0,0
"<a href=""https://tiktok.com/@user5757844711343"" target=""_blank"">@user5757844711343</a>",3,6,51.833,1,1,12,0,1446,22.167,0.5,0.667
"<a href=""https://tiktok.com/@user5981446244885"" target=""_blank"">@user5981446244885</a>",2,7,97.091,0.8,1,11,0,989.429,23.714,2.143,8.571
"<a href=""https://tiktok.com/@user6127800280198"" target=""_blank"">@user6127800280198</a>",9,6,60.833,1,1,18,0,613.222,25.778,0.667,0.222
"<a href=""https://tiktok.com/@user6512543508135"" target=""_blank"">@user6512543508135</a>",12,10,43.577,0.929,1,26,0,624.4,19.9,0.7,0.1
"<a href=""https://tiktok.com/@user6659100175756"" target=""_blank"">@user6659100175756</a>",10,9,55.659,0.767,2,41,0,37873.333,655.8,4.8,9.133
"<a href=""https://tiktok.com/@user67730166546200"" target=""_blank"">@user67730166546200</a>",9,9,60.833,1,1,18,0,23101.75,896.75,1.75,52.333
"<a href=""https://tiktok.com/@user6804513127218"" target=""_blank"">@user6804513127218</a>",10,15,70.681,0.779,4,82,0.008,17380.467,391.733,28.2,3.2
"<a href=""https://tiktok.com/@user68699358395983"" target=""_blank"">@user68699358395983</a>",13,9,59.105,0.909,1,19,0,1759.556,21,0,1
"<a href=""https://tiktok.com/@user7452191760991"" target=""_blank"">@user7452191760991</a>",8,8,62.75,0.833,1,12,0,1122.111,39.889,0.778,0.333
"<a href=""https://tiktok.com/@user7588402974510"" target=""_blank"">@user7588402974510</a>",8,10,62.074,0.873,4,60,0.002,14963,160.5,3.6,7.6
"<a href=""https://tiktok.com/@user76053692443698"" target=""_blank"">@user76053692443698</a>",8,12,60.982,0.841,3,45,0.007,55869.25,2495.167,101.75,976
"<a href=""https://tiktok.com/@user76619760260507"" target=""_blank"">@user76619760260507</a>",2,15,64.205,0.856,3,43,0.002,3846.933,81.6,29.533,14.2
"<a href=""https://tiktok.com/@user7774278514923"" target=""_blank"">@user7774278514923</a>",2,12,53.573,0.833,2,28,0,5872.583,129.5,2.667,4.333
"<a href=""https://tiktok.com/@user81216778545341"" target=""_blank"">@user81216778545341</a>",2,12,64.742,0.733,2,22,0.011,1553.2,35.733,0.533,1.333
"<a href=""https://tiktok.com/@user8130544672250"" target=""_blank"">@user8130544672250</a>",14,12,55.878,0.909,3,75,0,8015.5,135.833,1,33.833
"<a href=""https://tiktok.com/@user82948185278287"" target=""_blank"">@user82948185278287</a>",5,9,49.533,0.8,1,15,0,1628.222,33.444,0.444,0.333
"<a href=""https://tiktok.com/@user8829750315399"" target=""_blank"">@user8829750315399</a>",8,11,49.704,0.864,4,54,0.007,54845.727,2341.545,18.182,588.727
"<a href=""https://tiktok.com/@user9341098878573"" target=""_blank"">@user9341098878573</a>",8,12,61.131,0.85,4,58,0.008,32612.5,711.25,6.417,25.25
"<a href=""https://tiktok.com/@user969724056774"" target=""_blank"">@user969724056774</a>",11,6,60.417,0.625,1,12,0,609.667,22.833,0,0.167
"<a href=""https://tiktok.com/@user9877602307271"" target=""_blank"">@user9877602307271</a>",15,9,67,0.667,1,11,0,1893.778,30.444,0.333,1
"<a href=""https://tiktok.com/@user9887258595260"" target=""_blank"">@user9887258595260</a>",2,11,60.806,1,3,43,0.002,2105.364,59.182,1.273,0.727
"<a href=""https://tiktok.com/@user9985428161458"" target=""_blank"">@user9985428161458</a>",8,10,52.592,0.889,2,27,0,6022.5,172.083,4.167,4.167
