"Account","Network","Unique Shares","Avg Time Between Shares (sec)","Edge Symmetry Score","Degree","Strength","Betweenness","Avg Views","Avg Likes","Avg Comments","Avg Shares"
"<a href=""https://tiktok.com/@ckghjjzg"" target=""_blank"">@ckghjjzg</a>",6,9,90.524,0.909,1,21,0,1349.556,10,0.111,0
"<a href=""https://tiktok.com/@coralmansfieldfkvrmr"" target=""_blank"">@coralmansfieldfkvrmr</a>",4,6,48.611,0.875,1,18,0,373.833,8.167,0,0
"<a href=""https://tiktok.com/@free74313"" target=""_blank"">@free74313</a>",4,6,48.611,0.875,1,18,0,1461,27.333,0.5,0.167
"<a href=""https://tiktok.com/@nabo4991"" target=""_blank"">@nabo4991</a>",3,6,13.722,1,2,36,0,794.667,19,0,0.333
"<a href=""https://tiktok.com/@nitian2jue"" target=""_blank"">@nitian2jue</a>",2,8,37.611,0.909,1,18,0,1190.25,5.5,0,0
"<a href=""https://tiktok.com/@pgtiagro"" target=""_blank"">@pgtiagro</a>",6,9,90.524,0.909,1,21,0,1442.889,20.667,0,0.111
"<a href=""https://tiktok.com/@user1655672923020"" target=""_blank"">@user1655672923020</a>",1,18,53.8,0.906,6,164,0,1268.556,27.222,0.167,0.111
"<a href=""https://tiktok.com/@user30151614570437"" target=""_blank"">@user30151614570437</a>",5,19,69.64,0.878,2,69,0,3806.5,77.208,0.417,3.75
"<a href=""https://tiktok.com/@user3616273133524"" target=""_blank"">@user3616273133524</a>",5,21,67.56,0.916,2,69,0,1051.433,26.267,0.133,1.267
"<a href=""https://tiktok.com/@user3840831842583"" target=""_blank"">@user3840831842583</a>",1,18,62.736,0.902,6,165,0.013,2094.944,38,0.111,0.389
"<a href=""https://tiktok.com/@user4967199663697"" target=""_blank"">@user4967199663697</a>",1,18,58.319,0.899,5,139,0,1682.222,22.667,0.167,0.222
"<a href=""https://tiktok.com/@user710495138178"" target=""_blank"">@user710495138178</a>",1,17,62.984,0.894,5,140,0,2201.778,25.722,0.111,0.5
"<a href=""https://tiktok.com/@user7406160207374"" target=""_blank"">@user7406160207374</a>",1,18,61.309,0.899,5,155,0,1045.333,25.278,0.111,0.333
"<a href=""https://tiktok.com/@user75291696174110"" target=""_blank"">@user75291696174110</a>",1,15,70.172,0.859,4,95,0.013,1303.947,20.737,0,0.158
"<a href=""https://tiktok.com/@user8600005759563"" target=""_blank"">@user8600005759563</a>",5,27,72.92,0.927,2,88,0,646.667,22.767,0.1,0.5
"<a href=""https://tiktok.com/@user87304845050708"" target=""_blank"">@user87304845050708</a>",1,18,63.098,0.926,5,174,0,846.556,12.389,0.056,0.111
"<a href=""https://tiktok.com/@weem026"" target=""_blank"">@weem026</a>",3,9,13.389,1,2,36,0,927.444,15.333,0,0
"<a href=""https://tiktok.com/@wodehutao123"" target=""_blank"">@wodehutao123</a>",2,8,37.611,0.909,1,18,0,1310.625,20.625,0,0
"<a href=""https://tiktok.com/@xinqi58"" target=""_blank"">@xinqi58</a>",3,6,13.556,1,2,36,0,802.167,18.833,0,0
