"Network","Number of Accounts","Network Density","Network Diameter","Clustering Coefficient","Avg Views","Avg Likes","Avg Comments","Avg Shares","Member Accounts"
1,7,0.857,53,0.829,1490.425,24.543,0.102,0.26,"user3840831842583, user1655672923020, user7406160207374, user4967199663697, user710495138178, user75291696174110, user87304845050708"
2,2,1,18,NA,1250.438,13.062,0,0,"nitian2jue, wodehutao123"
3,3,1,18,1,853.714,17.381,0,0.095,"nabo4991, weem026, xinqi58"
4,2,1,18,NA,917.417,17.75,0.25,0.083,"coralmansfieldfkvrmr, free74313"
5,3,1,44,1,1694.036,39.571,0.202,1.702,"user3616273133524, user30151614570437, user8600005759563"
6,2,1,21,NA,1396.222,15.333,0.056,0.056,"ckghjjzg, pgtiagro"
