"Account","Network","Unique Shares","Avg Time Between Shares (sec)","Edge Symmetry Score","Degree","Strength","Betweenness","Avg Views","Avg Likes","Avg Comments","Avg Shares"
"<a href=""https://tiktok.com/@.prince.sahin"" target=""_blank"">@.prince.sahin</a>",1,20,63.233,0.767,5,18,0.155,246.846,83.346,0,1.5
"<a href=""https://tiktok.com/@abu.kalam882102232"" target=""_blank"">@abu.kalam882102232</a>",1,6,67.9,0.708,2,8,0.102,82.286,24.286,1.286,0.286
"<a href=""https://tiktok.com/@alorpot1111"" target=""_blank"">@alorpot1111</a>",1,2,57.167,1,1,6,0,209,96.5,4.5,0.5
"<a href=""https://tiktok.com/@amitomarmoharani2580"" target=""_blank"">@amitomarmoharani2580</a>",1,14,67.75,0.75,1,4,0,100.611,41.667,1.333,4.5
"<a href=""https://tiktok.com/@asifur__rahman__shawon_7"" target=""_blank"">@asifur__rahman__shawon_7</a>",3,10,83.28,1,1,25,0,31.939,10.391,8.417,8.913
"<a href=""https://tiktok.com/@dysyljs3rxp4"" target=""_blank"">@dysyljs3rxp4</a>",1,2,78.25,1,1,4,0,59,29.5,2.5,0
"<a href=""https://tiktok.com/@forid9621"" target=""_blank"">@forid9621</a>",1,10,71.75,0.5,1,4,0,52.133,29.8,0.733,0
"<a href=""https://tiktok.com/@gks.rakib"" target=""_blank"">@gks.rakib</a>",1,1,48.667,0.667,1,3,0,17.5,12,1,1
"<a href=""https://tiktok.com/@halim12345678910111213"" target=""_blank"">@halim12345678910111213</a>",1,2,61.333,0.667,1,3,0,163.333,81.667,4.333,0.333
"<a href=""https://tiktok.com/@hdnashik14"" target=""_blank"">@hdnashik14</a>",1,1,57.167,1,1,6,0,212.5,84,3.5,0
"<a href=""https://tiktok.com/@hedaytullau.hosse"" target=""_blank"">@hedaytullau.hosse</a>",1,3,49,1,1,4,0,136.75,64.75,3,1
"<a href=""https://tiktok.com/@hkbjgjn"" target=""_blank"">@hkbjgjn</a>",1,2,92.667,0.667,1,3,0,85.5,36.5,1,0.5
"<a href=""https://tiktok.com/@jayed.ali73"" target=""_blank"">@jayed.ali73</a>",1,2,40.5,0.875,2,8,0.333,45.667,20.333,2,0
"<a href=""https://tiktok.com/@jiz10"" target=""_blank"">@jiz10</a>",1,10,59.875,0.833,2,7,0.152,128.714,56.786,0.929,1.714
"<a href=""https://tiktok.com/@k.m.abdul.wadud"" target=""_blank"">@k.m.abdul.wadud</a>",1,15,54.427,0.9,5,29,0.371,176.88,85.8,2.96,6.12
"<a href=""https://tiktok.com/@m.d._s.h.a.w.o.n_7"" target=""_blank"">@m.d._s.h.a.w.o.n_7</a>",3,10,83.28,1,1,25,0,14.446,5.615,6.948,3.033
"<a href=""https://tiktok.com/@md.rakibul.islam974"" target=""_blank"">@md.rakibul.islam974</a>",1,10,61.667,0.929,2,12,0,262.947,92,0.947,1.211
"<a href=""https://tiktok.com/@mohona66547"" target=""_blank"">@mohona66547</a>",1,2,64,1,1,4,0,167,64,1.5,0.5
"<a href=""https://tiktok.com/@moynul260"" target=""_blank"">@moynul260</a>",1,9,63.8,1,2,9,0.03,58.2,33.067,6.867,1.6
"<a href=""https://tiktok.com/@naim.sheikh606"" target=""_blank"">@naim.sheikh606</a>",1,5,48.667,0.667,1,3,0,185.4,97.8,1.6,1.2
"<a href=""https://tiktok.com/@riponkhan3080"" target=""_blank"">@riponkhan3080</a>",1,3,59.2,0.75,1,5,0,89.333,33.333,0,0
"<a href=""https://tiktok.com/@sadikur3142"" target=""_blank"">@sadikur3142</a>",2,4,36.333,0.333,1,3,0,111.7,49.7,3.4,6.5
"<a href=""https://tiktok.com/@samin7742"" target=""_blank"">@samin7742</a>",1,4,69.667,0.667,2,6,0.053,111.5,27,0.75,0.25
"<a href=""https://tiktok.com/@samiya.5406"" target=""_blank"">@samiya.5406</a>",1,2,59.333,1,1,6,0,133,59.5,1,0
"<a href=""https://tiktok.com/@shamim.miha96"" target=""_blank"">@shamim.miha96</a>",1,2,53.375,1,1,8,0,115,55.5,2,0
"<a href=""https://tiktok.com/@shohidul8060"" target=""_blank"">@shohidul8060</a>",1,19,59.453,0.883,5,19,0.191,79.81,36.952,0,0.143
"<a href=""https://tiktok.com/@suga04442"" target=""_blank"">@suga04442</a>",1,4,51.333,0.667,1,3,0,93,36.25,1,0.75
"<a href=""https://tiktok.com/@user2028536940088"" target=""_blank"">@user2028536940088</a>",1,3,61.167,1,1,6,0,93,35,0.25,0.25
"<a href=""https://tiktok.com/@user269896582"" target=""_blank"">@user269896582</a>",1,6,40.667,0.667,1,3,0,225.333,103.667,0,0.556
"<a href=""https://tiktok.com/@user43496251384455"" target=""_blank"">@user43496251384455</a>",1,6,69.25,0.5,1,4,0,38.857,16.286,0,1
"<a href=""https://tiktok.com/@user5699597151255"" target=""_blank"">@user5699597151255</a>",1,44,57.597,0.828,17,98,0.591,92.741,47.444,0.926,0.593
"<a href=""https://tiktok.com/@user9786227192170"" target=""_blank"">@user9786227192170</a>",2,2,36.333,0.333,1,3,0,125,54.667,1.667,0.333
"<a href=""https://tiktok.com/@user996202760822"" target=""_blank"">@user996202760822</a>",1,3,67.333,0.667,1,3,0,99.4,31.2,0.2,0.4
"<a href=""https://tiktok.com/@userdinislam560"" target=""_blank"">@userdinislam560</a>",1,7,67.929,0.933,3,14,0.023,198,78.857,2,1.143
