"Account","Network","Unique Shares","Avg Time Between Shares (sec)","Edge Symmetry Score","Degree","Strength","Betweenness","Avg Views","Avg Likes","Avg Comments","Avg Shares"
"<a href=""https://tiktok.com/@aed3345"" target=""_blank"">@aed3345</a>",11,5,44.381,0.818,4,33,0.001,1427.6,72.2,0,0.4
"<a href=""https://tiktok.com/@ali638819"" target=""_blank"">@ali638819</a>",8,3,62,0.8,1,9,0,4161.333,170.333,1.333,1.333
"<a href=""https://tiktok.com/@bdl055747"" target=""_blank"">@bdl055747</a>",17,3,42.271,0.875,2,14,0,327,10,0,0
"<a href=""https://tiktok.com/@bembzzu36484"" target=""_blank"">@bembzzu36484</a>",5,3,34,0.75,1,6,0,2251,76.333,0.333,0.667
"<a href=""https://tiktok.com/@chioott"" target=""_blank"">@chioott</a>",1,2,61,0.75,1,6,0,264,18,1,0.5
"<a href=""https://tiktok.com/@clarkkenneth1471"" target=""_blank"">@clarkkenneth1471</a>",11,5,44.431,0.783,4,34,0,1101.4,40.4,0,0.6
"<a href=""https://tiktok.com/@coke02758"" target=""_blank"">@coke02758</a>",13,5,45.917,1,2,12,0.001,89,3.6,0,0
"<a href=""https://tiktok.com/@coke0283"" target=""_blank"">@coke0283</a>",13,4,26.833,1,1,6,0,439.25,14,0,1
"<a href=""https://tiktok.com/@coke14426"" target=""_blank"">@coke14426</a>",14,5,50.167,0.875,2,12,0,96.6,2.6,0,0
"<a href=""https://tiktok.com/@coke73813"" target=""_blank"">@coke73813</a>",15,5,40.25,1,1,8,0,337.4,12.8,0.2,0
"<a href=""https://tiktok.com/@coke8273"" target=""_blank"">@coke8273</a>",13,5,65,1,1,6,0,1062.6,37,0.2,0
"<a href=""https://tiktok.com/@coke82737"" target=""_blank"">@coke82737</a>",14,4,75.25,0.75,2,12,0,518,25.5,0.25,0.25
"<a href=""https://tiktok.com/@colliercarol3790"" target=""_blank"">@colliercarol3790</a>",11,4,68.644,0.83,3,25,0,1117,41.75,0.5,0.25
"<a href=""https://tiktok.com/@dzu2bxozg0"" target=""_blank"">@dzu2bxozg0</a>",11,5,38.339,0.861,3,28,0,1326,46.2,0.2,1
"<a href=""https://tiktok.com/@errcnytp4626"" target=""_blank"">@errcnytp4626</a>",3,3,52.667,0.75,1,6,0,528,23.667,0,0
"<a href=""https://tiktok.com/@frwfqu"" target=""_blank"">@frwfqu</a>",12,5,43,0.833,1,7,0,950.143,25.286,0,0.429
"<a href=""https://tiktok.com/@gardener.gaylene"" target=""_blank"">@gardener.gaylene</a>",16,3,30,1,1,6,0,122.667,9.333,0,0
"<a href=""https://tiktok.com/@gfdfdfffy"" target=""_blank"">@gfdfdfffy</a>",8,3,62,0.8,1,9,0,7696.333,138,1.333,6.333
"<a href=""https://tiktok.com/@gpbmvf1091"" target=""_blank"">@gpbmvf1091</a>",6,2,46,0.75,1,6,0,873.5,2.5,0,0.5
"<a href=""https://tiktok.com/@hauhgjgu"" target=""_blank"">@hauhgjgu</a>",20,3,31.5,0.875,2,12,0.001,445,7.667,0,0
"<a href=""https://tiktok.com/@hfdsaioplk.codoer"" target=""_blank"">@hfdsaioplk.codoer</a>",9,2,26,1,1,6,0,170,3,0,0
"<a href=""https://tiktok.com/@hjkm178"" target=""_blank"">@hjkm178</a>",3,2,52.667,0.75,1,6,0,52.5,1,0,0
"<a href=""https://tiktok.com/@hng35758"" target=""_blank"">@hng35758</a>",18,3,51.116,0.783,3,23,0,351.333,37.333,0,0
"<a href=""https://tiktok.com/@houtds"" target=""_blank"">@houtds</a>",1,3,61,0.75,1,6,0,378.333,15,0,0
"<a href=""https://tiktok.com/@iqusbxie5634"" target=""_blank"">@iqusbxie5634</a>",4,3,47.429,0.8,1,7,0,783.667,7.333,0.667,2.667
"<a href=""https://tiktok.com/@itthesp20235"" target=""_blank"">@itthesp20235</a>",5,3,50.722,0.833,3,18,0.002,437.667,6.667,0,0
"<a href=""https://tiktok.com/@jbebi65271"" target=""_blank"">@jbebi65271</a>",5,2,69.5,1,1,6,0,404.5,18.5,0,0
"<a href=""https://tiktok.com/@jsxuezir62907"" target=""_blank"">@jsxuezir62907</a>",6,3,46,0.75,1,6,0,371.333,8.333,0,0
"<a href=""https://tiktok.com/@koiuyer.tyuiop"" target=""_blank"">@koiuyer.tyuiop</a>",9,3,44.5,0.833,2,12,0.001,165.2,4.8,0,0
"<a href=""https://tiktok.com/@lzljsczj23974"" target=""_blank"">@lzljsczj23974</a>",4,3,47.429,0.8,1,7,0,31,0,0,0
"<a href=""https://tiktok.com/@oi0y7kwan6"" target=""_blank"">@oi0y7kwan6</a>",20,5,46.175,0.828,6,46,0.004,485.4,17,0.2,0
"<a href=""https://tiktok.com/@raezun1"" target=""_blank"">@raezun1</a>",19,3,61.518,0.875,2,15,0,1566.667,71.333,0,0.333
"<a href=""https://tiktok.com/@rpfepl66750"" target=""_blank"">@rpfepl66750</a>",5,2,48.667,0.75,1,6,0,85.5,1,0,0
"<a href=""https://tiktok.com/@sog6hkcgm7"" target=""_blank"">@sog6hkcgm7</a>",10,3,87.833,1,1,6,0,10476.333,41.667,0.333,0
"<a href=""https://tiktok.com/@swuowa"" target=""_blank"">@swuowa</a>",20,5,36.525,0.893,5,40,0.001,3050.8,59,1,2
"<a href=""https://tiktok.com/@tdy7axi1g1"" target=""_blank"">@tdy7axi1g1</a>",11,5,50.438,0.917,4,42,0,796.8,25.8,0,0.4
"<a href=""https://tiktok.com/@the.robert.sport8"" target=""_blank"">@the.robert.sport8</a>",14,4,70.75,0.875,2,12,0,222.75,2,0.25,0
"<a href=""https://tiktok.com/@udpgmf"" target=""_blank"">@udpgmf</a>",12,6,43,0.833,1,7,0,7935.429,151.286,1.286,0.857
"<a href=""https://tiktok.com/@uetolx"" target=""_blank"">@uetolx</a>",19,4,40.079,1,4,32,0,236,5.75,0,0
"<a href=""https://tiktok.com/@user2436181610767"" target=""_blank"">@user2436181610767</a>",19,5,34.637,0.96,5,41,0,1042.2,25.6,0,0.2
"<a href=""https://tiktok.com/@user2814222008274"" target=""_blank"">@user2814222008274</a>",7,3,60.833,0.75,1,6,0,856,31,0.333,1
"<a href=""https://tiktok.com/@user3922396381688"" target=""_blank"">@user3922396381688</a>",15,5,40.25,1,1,8,0,364.833,21.333,0,0
"<a href=""https://tiktok.com/@user59880357992622"" target=""_blank"">@user59880357992622</a>",16,4,30,1,1,6,0,496.25,11.5,0,0.25
"<a href=""https://tiktok.com/@user6653373349103"" target=""_blank"">@user6653373349103</a>",10,3,87.833,1,1,6,0,1545,88.333,6.333,3
"<a href=""https://tiktok.com/@user7929914145369"" target=""_blank"">@user7929914145369</a>",2,3,81.833,0.667,1,6,0,734.333,32.333,0,0.667
"<a href=""https://tiktok.com/@user79777939901410"" target=""_blank"">@user79777939901410</a>",18,3,46.556,0.85,3,24,0,267.667,11.333,0,0
"<a href=""https://tiktok.com/@user83761877821520"" target=""_blank"">@user83761877821520</a>",17,3,44.616,0.9,2,15,0,296,19,0,0.333
"<a href=""https://tiktok.com/@user9308818801408"" target=""_blank"">@user9308818801408</a>",18,3,51,0.75,3,18,0,195.333,9.333,0,0.333
"<a href=""https://tiktok.com/@user9338301910612"" target=""_blank"">@user9338301910612</a>",2,2,81.833,0.667,1,6,0,614.5,33.5,0.5,1
"<a href=""https://tiktok.com/@user97663246620862"" target=""_blank"">@user97663246620862</a>",17,3,41.512,0.775,2,13,0,58,1.667,0,0
"<a href=""https://tiktok.com/@user9810325967350"" target=""_blank"">@user9810325967350</a>",7,4,60.833,0.75,1,6,0,9664.75,113.25,1.5,1
"<a href=""https://tiktok.com/@vczsaopmnjcofdgxz"" target=""_blank"">@vczsaopmnjcofdgxz</a>",9,2,63,0.667,1,6,0,747.5,13,1,3
"<a href=""https://tiktok.com/@xy04146"" target=""_blank"">@xy04146</a>",18,2,59.5,0.75,1,6,0,122,1,0,0
"<a href=""https://tiktok.com/@yanzong157"" target=""_blank"">@yanzong157</a>",20,3,40.438,0.9,2,16,0,3530,143.333,0.667,2
"<a href=""https://tiktok.com/@yanzong302"" target=""_blank"">@yanzong302</a>",19,2,27.111,1,3,18,0,691,31,0,0
"<a href=""https://tiktok.com/@yanzong31"" target=""_blank"">@yanzong31</a>",20,4,47.714,0.767,3,20,0,634,30.75,0.25,0
"<a href=""https://tiktok.com/@yanzong352"" target=""_blank"">@yanzong352</a>",19,3,30.96,0.917,3,21,0,1884.333,53.667,0,0
"<a href=""https://tiktok.com/@yanzong357"" target=""_blank"">@yanzong357</a>",19,4,32.857,0.86,5,37,0.002,831.8,21.4,0,0
"<a href=""https://tiktok.com/@yanzong361"" target=""_blank"">@yanzong361</a>",20,3,44.111,0.806,3,18,0.001,1921.333,24.333,0.333,0.333
"<a href=""https://tiktok.com/@yanzong365"" target=""_blank"">@yanzong365</a>",20,3,60.167,0.667,1,6,0,2060,61.333,1.667,3.333
"<a href=""https://tiktok.com/@yctk03484"" target=""_blank"">@yctk03484</a>",18,3,51.267,0.825,4,29,0.002,74.333,0.667,0.333,0
