"Post URL","Network","Author","Timestamp","Number of Accounts","Views","Likes","Comments","Shares","Description"
"<a href=""https://www.tiktok.com/@user3922396381688/video/7581805813845462302"" target=""_blank"" class=""btn btn-sm"" style=""background-color: #00926c; color: white; text-decoration: none; padding: 2px 8px; border-radius: 4px; font-size: 0.8em;"">View Post</a>",15,"user3922396381688","2025-12-09 10:40:07",11,697,61,0,0,"The latest condition of the mosque PONPES AlKhozinySidoarjo collapsed during Asrprayer#jtvjember#evakuasi#sidoarjo #fyp"
"<a href=""https://www.tiktok.com/@coke02758/video/7581805694924393783"" target=""_blank"" class=""btn btn-sm"" style=""background-color: #00926c; color: white; text-decoration: none; padding: 2px 8px; border-radius: 4px; font-size: 0.8em;"">View Post</a>",13,"coke02758","2025-12-09 10:40:17",11,35,1,0,0,"The latest condition of the mosque PONPES AlKhozinySidoarjo collapsed during Asrprayer#jtvjember#evakuasi#sidoarjo #fyp"
"<a href=""https://www.tiktok.com/@the.robert.sport8/video/7581805579132341535"" target=""_blank"" class=""btn btn-sm"" style=""background-color: #00926c; color: white; text-decoration: none; padding: 2px 8px; border-radius: 4px; font-size: 0.8em;"">View Post</a>",14,"the.robert.sport8","2025-12-09 10:39:18",11,728,5,1,0,"The latest condition of the mosque PONPES AlKhozinySidoarjo collapsed during Asrprayer#jtvjember#evakuasi#sidoarjo #fyp"
"<a href=""https://www.tiktok.com/@coke8273/video/7581805269399719199"" target=""_blank"" class=""btn btn-sm"" style=""background-color: #00926c; color: white; text-decoration: none; padding: 2px 8px; border-radius: 4px; font-size: 0.8em;"">View Post</a>",13,"coke8273","2025-12-09 10:38:28",11,779,27,1,0,"The latest condition of the mosque PONPES AlKhozinySidoarjo collapsed during Asrprayer#jtvjember#evakuasi#sidoarjo #fyp"
"<a href=""https://www.tiktok.com/@coke0283/video/7581802775625993502"" target=""_blank"" class=""btn btn-sm"" style=""background-color: #00926c; color: white; text-decoration: none; padding: 2px 8px; border-radius: 4px; font-size: 0.8em;"">View Post</a>",13,"coke0283","2025-12-09 10:28:23",11,892,21,0,0,"The latest condition of the mosque PONPES AlKhozinySidoarjo collapsed during Asrprayer#jtvjember#evakuasi#sidoarjo #fyp"
"<a href=""https://www.tiktok.com/@coke14426/video/7581802168999628046"" target=""_blank"" class=""btn btn-sm"" style=""background-color: #00926c; color: white; text-decoration: none; padding: 2px 8px; border-radius: 4px; font-size: 0.8em;"">View Post</a>",14,"coke14426","2025-12-09 10:26:45",11,220,9,0,0,"The latest condition of the mosque PONPES AlKhozinySidoarjo collapsed during Asrprayer#jtvjember#evakuasi#sidoarjo #fyp"
"<a href=""https://www.tiktok.com/@coke73813/video/7581801391715339550"" target=""_blank"" class=""btn btn-sm"" style=""background-color: #00926c; color: white; text-decoration: none; padding: 2px 8px; border-radius: 4px; font-size: 0.8em;"">View Post</a>",15,"coke73813","2025-12-09 10:22:41",11,971,46,1,0,"The latest condition of the mosque PONPES AlKhozinySidoarjo collapsed during Asrprayer#jtvjember#evakuasi#sidoarjo #fyp"
"<a href=""https://www.tiktok.com/@user59880357992622/video/7581793293894241566"" target=""_blank"" class=""btn btn-sm"" style=""background-color: #00926c; color: white; text-decoration: none; padding: 2px 8px; border-radius: 4px; font-size: 0.8em;"">View Post</a>",16,"user59880357992622","2025-12-09 09:51:30",11,195,8,0,0,"The latest condition of the mosque PONPES AlKhozinySidoarjo collapsed during Asrprayer#jtvjember#evakuasi#sidoarjo #fyp"
"<a href=""https://www.tiktok.com/@gardener.gaylene/video/7581792988020477197"" target=""_blank"" class=""btn btn-sm"" style=""background-color: #00926c; color: white; text-decoration: none; padding: 2px 8px; border-radius: 4px; font-size: 0.8em;"">View Post</a>",16,"gardener.gaylene","2025-12-09 09:51:25",11,14,0,0,0,"The latest condition of the mosque PONPES AlKhozinySidoarjo collapsed during Asrprayer#jtvjember#evakuasi#sidoarjo #fyp"
"<a href=""https://www.tiktok.com/@user59880357992622/video/7581792809737358623"" target=""_blank"" class=""btn btn-sm"" style=""background-color: #00926c; color: white; text-decoration: none; padding: 2px 8px; border-radius: 4px; font-size: 0.8em;"">View Post</a>",16,"user59880357992622","2025-12-09 09:49:40",11,1407,29,0,1,"The latest condition of the mosque PONPES AlKhozinySidoarjo collapsed during Asrprayer#jtvjember#evakuasi#sidoarjo #fyp"
"<a href=""https://www.tiktok.com/@user3922396381688/video/7581658756400811295"" target=""_blank"" class=""btn btn-sm"" style=""background-color: #00926c; color: white; text-decoration: none; padding: 2px 8px; border-radius: 4px; font-size: 0.8em;"">View Post</a>",15,"user3922396381688","2025-12-09 01:08:21",11,453,13,0,0,"The latest condition of the mosque PONPES AlKhozinySidoarjo collapsed during Asrprayer#jtvjember#evakuasi#sidoarjo #fyp"
"<a href=""https://www.tiktok.com/@coke0283/video/7581427352056433950"" target=""_blank"" class=""btn btn-sm"" style=""background-color: #00926c; color: white; text-decoration: none; padding: 2px 8px; border-radius: 4px; font-size: 0.8em;"">View Post</a>",13,"coke0283","2025-12-08 10:11:28",11,318,13,0,0,"The latest condition of the mosque PONPES AlKhozinySidoarjo collapsed during Asrprayer#jtvjember#evakuasi#sidoarjo #fyp"
"<a href=""https://www.tiktok.com/@coke02758/video/7581427242576710925"" target=""_blank"" class=""btn btn-sm"" style=""background-color: #00926c; color: white; text-decoration: none; padding: 2px 8px; border-radius: 4px; font-size: 0.8em;"">View Post</a>",13,"coke02758","2025-12-08 10:11:29",11,237,11,0,0,"The latest condition of the mosque PONPES AlKhozinySidoarjo collapsed during Asrprayer#jtvjember#evakuasi#sidoarjo #fyp"
"<a href=""https://www.tiktok.com/@coke73813/video/7581427121654877470"" target=""_blank"" class=""btn btn-sm"" style=""background-color: #00926c; color: white; text-decoration: none; padding: 2px 8px; border-radius: 4px; font-size: 0.8em;"">View Post</a>",15,"coke73813","2025-12-08 10:10:24",11,8,0,0,0,"The latest condition of the mosque PONPES AlKhozinySidoarjo collapsed during Asrprayer#jtvjember#evakuasi#sidoarjo #fyp"
"<a href=""https://www.tiktok.com/@user3922396381688/video/7581427052104912158"" target=""_blank"" class=""btn btn-sm"" style=""background-color: #00926c; color: white; text-decoration: none; padding: 2px 8px; border-radius: 4px; font-size: 0.8em;"">View Post</a>",15,"user3922396381688","2025-12-08 10:10:08",11,198,6,0,0,"The latest condition of the mosque PONPES AlKhozinySidoarjo collapsed during Asrprayer#jtvjember#evakuasi#sidoarjo #fyp"
"<a href=""https://www.tiktok.com/@coke02758/video/7581427025051684109"" target=""_blank"" class=""btn btn-sm"" style=""background-color: #00926c; color: white; text-decoration: none; padding: 2px 8px; border-radius: 4px; font-size: 0.8em;"">View Post</a>",13,"coke02758","2025-12-08 10:10:44",11,153,6,0,0,"The latest condition of the mosque PONPES AlKhozinySidoarjo collapsed during Asrprayer#jtvjember#evakuasi#sidoarjo #fyp"
"<a href=""https://www.tiktok.com/@user3922396381688/video/7581426996153011487"" target=""_blank"" class=""btn btn-sm"" style=""background-color: #00926c; color: white; text-decoration: none; padding: 2px 8px; border-radius: 4px; font-size: 0.8em;"">View Post</a>",15,"user3922396381688","2025-12-08 10:10:10",11,829,48,0,0,"The latest condition of the mosque PONPES AlKhozinySidoarjo collapsed during Asrprayer#jtvjember#evakuasi#sidoarjo #fyp"
"<a href=""https://www.tiktok.com/@coke8273/video/7581426776681762079"" target=""_blank"" class=""btn btn-sm"" style=""background-color: #00926c; color: white; text-decoration: none; padding: 2px 8px; border-radius: 4px; font-size: 0.8em;"">View Post</a>",13,"coke8273","2025-12-08 10:09:01",11,784,72,0,0,"The latest condition of the mosque PONPES AlKhozinySidoarjo collapsed during Asrprayer#jtvjember#evakuasi#sidoarjo #fyp"
"<a href=""https://www.tiktok.com/@coke73813/video/7581426766120619295"" target=""_blank"" class=""btn btn-sm"" style=""background-color: #00926c; color: white; text-decoration: none; padding: 2px 8px; border-radius: 4px; font-size: 0.8em;"">View Post</a>",15,"coke73813","2025-12-08 10:09:29",11,439,12,0,0,"The latest condition of the mosque PONPES AlKhozinySidoarjo collapsed during Asrprayer#jtvjember#evakuasi#sidoarjo #fyp"
"<a href=""https://www.tiktok.com/@coke8273/video/7581426583651568926"" target=""_blank"" class=""btn btn-sm"" style=""background-color: #00926c; color: white; text-decoration: none; padding: 2px 8px; border-radius: 4px; font-size: 0.8em;"">View Post</a>",13,"coke8273","2025-12-08 10:08:35",11,3733,86,0,0,"The latest condition of the mosque PONPES AlKhozinySidoarjo collapsed during Asrprayer#jtvjember#evakuasi#sidoarjo #fyp"
"<a href=""https://www.tiktok.com/@coke82737/video/7581421628475641102"" target=""_blank"" class=""btn btn-sm"" style=""background-color: #00926c; color: white; text-decoration: none; padding: 2px 8px; border-radius: 4px; font-size: 0.8em;"">View Post</a>",14,"coke82737","2025-12-08 09:49:38",11,1430,65,0,1,"The latest condition of the mosque PONPES AlKhozinySidoarjo collapsed during Asrprayer#jtvjember#evakuasi#sidoarjo #fyp"
"<a href=""https://www.tiktok.com/@coke82737/video/7581421536809159950"" target=""_blank"" class=""btn btn-sm"" style=""background-color: #00926c; color: white; text-decoration: none; padding: 2px 8px; border-radius: 4px; font-size: 0.8em;"">View Post</a>",14,"coke82737","2025-12-08 09:49:36",11,531,37,1,0,"The latest condition of the mosque PONPES AlKhozinySidoarjo collapsed during Asrprayer#jtvjember#evakuasi#sidoarjo #fyp"
"<a href=""https://www.tiktok.com/@the.robert.sport8/video/7581421334614330655"" target=""_blank"" class=""btn btn-sm"" style=""background-color: #00926c; color: white; text-decoration: none; padding: 2px 8px; border-radius: 4px; font-size: 0.8em;"">View Post</a>",14,"the.robert.sport8","2025-12-08 09:47:54",11,59,1,0,0,"The latest condition of the mosque PONPES AlKhozinySidoarjo collapsed during Asrprayer#jtvjember#evakuasi#sidoarjo #fyp"
"<a href=""https://www.tiktok.com/@coke14426/video/7581421324980079927"" target=""_blank"" class=""btn btn-sm"" style=""background-color: #00926c; color: white; text-decoration: none; padding: 2px 8px; border-radius: 4px; font-size: 0.8em;"">View Post</a>",14,"coke14426","2025-12-08 09:49:14",11,3,0,0,0,"The latest condition of the mosque PONPES AlKhozinySidoarjo collapsed during Asrprayer#jtvjember#evakuasi#sidoarjo #fyp"
"<a href=""https://www.tiktok.com/@the.robert.sport8/video/7581421239047130398"" target=""_blank"" class=""btn btn-sm"" style=""background-color: #00926c; color: white; text-decoration: none; padding: 2px 8px; border-radius: 4px; font-size: 0.8em;"">View Post</a>",14,"the.robert.sport8","2025-12-08 09:47:39",11,47,1,0,0,"The latest condition of the mosque PONPES AlKhozinySidoarjo collapsed during Asrprayer#jtvjember#evakuasi#sidoarjo #fyp"
"<a href=""https://www.tiktok.com/@coke14426/video/7581420888046734647"" target=""_blank"" class=""btn btn-sm"" style=""background-color: #00926c; color: white; text-decoration: none; padding: 2px 8px; border-radius: 4px; font-size: 0.8em;"">View Post</a>",14,"coke14426","2025-12-08 09:47:12",11,219,4,0,0,"The latest condition of the mosque PONPES AlKhozinySidoarjo collapsed during Asrprayer#jtvjember#evakuasi#sidoarjo #fyp"
"<a href=""https://www.tiktok.com/@user59880357992622/video/7581412158118923551"" target=""_blank"" class=""btn btn-sm"" style=""background-color: #00926c; color: white; text-decoration: none; padding: 2px 8px; border-radius: 4px; font-size: 0.8em;"">View Post</a>",16,"user59880357992622","2025-12-08 09:12:30",11,206,7,0,0,"The latest condition of the mosque PONPES AlKhozinySidoarjo collapsed during Asrprayer#jtvjember#evakuasi#sidoarjo #fyp"
"<a href=""https://www.tiktok.com/@gardener.gaylene/video/7581412061599550734"" target=""_blank"" class=""btn btn-sm"" style=""background-color: #00926c; color: white; text-decoration: none; padding: 2px 8px; border-radius: 4px; font-size: 0.8em;"">View Post</a>",16,"gardener.gaylene","2025-12-08 09:12:31",11,111,4,0,0,"The latest condition of the mosque PONPES AlKhozinySidoarjo collapsed during Asrprayer#jtvjember#evakuasi#sidoarjo #fyp"
"<a href=""https://www.tiktok.com/@user59880357992622/video/7581412038119836959"" target=""_blank"" class=""btn btn-sm"" style=""background-color: #00926c; color: white; text-decoration: none; padding: 2px 8px; border-radius: 4px; font-size: 0.8em;"">View Post</a>",16,"user59880357992622","2025-12-08 09:11:56",11,177,2,0,0,"The latest condition of the mosque PONPES AlKhozinySidoarjo collapsed during Asrprayer#jtvjember#evakuasi#sidoarjo #fyp"
"<a href=""https://www.tiktok.com/@gardener.gaylene/video/7581411743117757751"" target=""_blank"" class=""btn btn-sm"" style=""background-color: #00926c; color: white; text-decoration: none; padding: 2px 8px; border-radius: 4px; font-size: 0.8em;"">View Post</a>",16,"gardener.gaylene","2025-12-08 09:11:56",11,243,24,0,0,"The latest condition of the mosque PONPES AlKhozinySidoarjo collapsed during Asrprayer#jtvjember#evakuasi#sidoarjo #fyp"
"<a href=""https://www.tiktok.com/@bdl055747/video/7581083763950603551"" target=""_blank"" class=""btn btn-sm"" style=""background-color: #00926c; color: white; text-decoration: none; padding: 2px 8px; border-radius: 4px; font-size: 0.8em;"">View Post</a>",17,"bdl055747","2025-12-07 11:58:10",11,278,7,0,0,"The latest condition of the mosque PONPES AlKhozinySidoarjo collapsed during Asrprayer#jtvjember#evakuasi#sidoarjo #fyp"
"<a href=""https://www.tiktok.com/@bdl055747/video/7581083440582282527"" target=""_blank"" class=""btn btn-sm"" style=""background-color: #00926c; color: white; text-decoration: none; padding: 2px 8px; border-radius: 4px; font-size: 0.8em;"">View Post</a>",17,"bdl055747","2025-12-07 11:56:53",11,309,13,0,0,"The latest condition of the mosque PONPES AlKhozinySidoarjo collapsed during Asrprayer#jtvjember#evakuasi#sidoarjo #fyp"
"<a href=""https://www.tiktok.com/@user83761877821520/video/7581083404926602527"" target=""_blank"" class=""btn btn-sm"" style=""background-color: #00926c; color: white; text-decoration: none; padding: 2px 8px; border-radius: 4px; font-size: 0.8em;"">View Post</a>",17,"user83761877821520","2025-12-07 11:57:02",11,328,22,0,0,"The latest condition of the mosque PONPES AlKhozinySidoarjo collapsed during Asrprayer#jtvjember#evakuasi#sidoarjo #fyp"
"<a href=""https://www.tiktok.com/@user83761877821520/video/7581083379823660318"" target=""_blank"" class=""btn btn-sm"" style=""background-color: #00926c; color: white; text-decoration: none; padding: 2px 8px; border-radius: 4px; font-size: 0.8em;"">View Post</a>",17,"user83761877821520","2025-12-07 11:56:46",11,264,19,0,1,"The latest condition of the mosque PONPES AlKhozinySidoarjo collapsed during Asrprayer#jtvjember#evakuasi#sidoarjo #fyp"
"<a href=""https://www.tiktok.com/@bdl055747/video/7581083301432151327"" target=""_blank"" class=""btn btn-sm"" style=""background-color: #00926c; color: white; text-decoration: none; padding: 2px 8px; border-radius: 4px; font-size: 0.8em;"">View Post</a>",17,"bdl055747","2025-12-07 11:56:24",11,394,10,0,0,"The latest condition of the mosque PONPES AlKhozinySidoarjo collapsed during Asrprayer#jtvjember#evakuasi#sidoarjo #fyp"
"<a href=""https://www.tiktok.com/@user97663246620862/video/7581083263725260087"" target=""_blank"" class=""btn btn-sm"" style=""background-color: #00926c; color: white; text-decoration: none; padding: 2px 8px; border-radius: 4px; font-size: 0.8em;"">View Post</a>",17,"user97663246620862","2025-12-07 11:57:09",11,12,0,0,0,"The latest condition of the mosque PONPES AlKhozinySidoarjo collapsed during Asrprayer#jtvjember#evakuasi#sidoarjo #fyp"
"<a href=""https://www.tiktok.com/@user97663246620862/video/7581083229961112887"" target=""_blank"" class=""btn btn-sm"" style=""background-color: #00926c; color: white; text-decoration: none; padding: 2px 8px; border-radius: 4px; font-size: 0.8em;"">View Post</a>",17,"user97663246620862","2025-12-07 11:57:00",11,150,5,0,0,"The latest condition of the mosque PONPES AlKhozinySidoarjo collapsed during Asrprayer#jtvjember#evakuasi#sidoarjo #fyp"
"<a href=""https://www.tiktok.com/@user83761877821520/video/7581083009823165727"" target=""_blank"" class=""btn btn-sm"" style=""background-color: #00926c; color: white; text-decoration: none; padding: 2px 8px; border-radius: 4px; font-size: 0.8em;"">View Post</a>",17,"user83761877821520","2025-12-07 11:55:31",11,296,16,0,0,"The latest condition of the mosque PONPES AlKhozinySidoarjo collapsed during Asrprayer#jtvjember#evakuasi#sidoarjo #fyp"
"<a href=""https://www.tiktok.com/@user97663246620862/video/7581082571740663095"" target=""_blank"" class=""btn btn-sm"" style=""background-color: #00926c; color: white; text-decoration: none; padding: 2px 8px; border-radius: 4px; font-size: 0.8em;"">View Post</a>",17,"user97663246620862","2025-12-07 11:54:17",11,12,0,0,0,"The latest condition of the mosque PONPES AlKhozinySidoarjo collapsed during Asrprayer#jtvjember#evakuasi#sidoarjo #fyp"
"<a href=""https://www.tiktok.com/@user9308818801408/video/7581082470506843410"" target=""_blank"" class=""btn btn-sm"" style=""background-color: #00926c; color: white; text-decoration: none; padding: 2px 8px; border-radius: 4px; font-size: 0.8em;"">View Post</a>",18,"user9308818801408","2025-12-07 11:51:55",11,232,20,0,0,"The latest condition of the mosque PONPES AlKhozinySidoarjo collapsed during Asrprayer#jtvjember#evakuasi#sidoarjo #fyp"
"<a href=""https://www.tiktok.com/@hng35758/video/7581081436355038495"" target=""_blank"" class=""btn btn-sm"" style=""background-color: #00926c; color: white; text-decoration: none; padding: 2px 8px; border-radius: 4px; font-size: 0.8em;"">View Post</a>",18,"hng35758","2025-12-07 11:48:46",11,159,7,0,0,"The latest condition of the mosque PONPES AlKhozinySidoarjo collapsed during Asrprayer#jtvjember#evakuasi#sidoarjo #fyp"
"<a href=""https://www.tiktok.com/@user79777939901410/video/7581081351537839391"" target=""_blank"" class=""btn btn-sm"" style=""background-color: #00926c; color: white; text-decoration: none; padding: 2px 8px; border-radius: 4px; font-size: 0.8em;"">View Post</a>",18,"user79777939901410","2025-12-07 11:48:33",11,201,5,0,0,"The latest condition of the mosque PONPES AlKhozinySidoarjo collapsed during Asrprayer#jtvjember#evakuasi#sidoarjo #fyp"
"<a href=""https://www.tiktok.com/@hng35758/video/7581081318595759390"" target=""_blank"" class=""btn btn-sm"" style=""background-color: #00926c; color: white; text-decoration: none; padding: 2px 8px; border-radius: 4px; font-size: 0.8em;"">View Post</a>",18,"hng35758","2025-12-07 11:48:34",11,138,3,0,0,"The latest condition of the mosque PONPES AlKhozinySidoarjo collapsed during Asrprayer#jtvjember#evakuasi#sidoarjo #fyp"
"<a href=""https://www.tiktok.com/@user9308818801408/video/7581081275272940818"" target=""_blank"" class=""btn btn-sm"" style=""background-color: #00926c; color: white; text-decoration: none; padding: 2px 8px; border-radius: 4px; font-size: 0.8em;"">View Post</a>",18,"user9308818801408","2025-12-07 11:47:17",11,338,8,0,1,"The latest condition of the mosque PONPES AlKhozinySidoarjo collapsed during Asrprayer#jtvjember#evakuasi#sidoarjo #fyp"
"<a href=""https://www.tiktok.com/@user9308818801408/video/7581081267186322695"" target=""_blank"" class=""btn btn-sm"" style=""background-color: #00926c; color: white; text-decoration: none; padding: 2px 8px; border-radius: 4px; font-size: 0.8em;"">View Post</a>",18,"user9308818801408","2025-12-07 11:47:15",11,16,0,0,0,"The latest condition of the mosque PONPES AlKhozinySidoarjo collapsed during Asrprayer#jtvjember#evakuasi#sidoarjo #fyp"
"<a href=""https://www.tiktok.com/@yctk03484/video/7581081216636472606"" target=""_blank"" class=""btn btn-sm"" style=""background-color: #00926c; color: white; text-decoration: none; padding: 2px 8px; border-radius: 4px; font-size: 0.8em;"">View Post</a>",18,"yctk03484","2025-12-07 11:48:21",11,67,2,1,0,"The latest condition of the mosque PONPES AlKhozinySidoarjo collapsed during Asrprayer#jtvjember#evakuasi#sidoarjo #fyp"
"<a href=""https://www.tiktok.com/@yctk03484/video/7581081180586396958"" target=""_blank"" class=""btn btn-sm"" style=""background-color: #00926c; color: white; text-decoration: none; padding: 2px 8px; border-radius: 4px; font-size: 0.8em;"">View Post</a>",18,"yctk03484","2025-12-07 11:48:16",11,81,0,0,0,"The latest condition of the mosque PONPES AlKhozinySidoarjo collapsed during Asrprayer#jtvjember#evakuasi#sidoarjo #fyp"
"<a href=""https://www.tiktok.com/@user79777939901410/video/7581081068590075167"" target=""_blank"" class=""btn btn-sm"" style=""background-color: #00926c; color: white; text-decoration: none; padding: 2px 8px; border-radius: 4px; font-size: 0.8em;"">View Post</a>",18,"user79777939901410","2025-12-07 11:47:50",11,301,15,0,0,"The latest condition of the mosque PONPES AlKhozinySidoarjo collapsed during Asrprayer#jtvjember#evakuasi#sidoarjo #fyp"
"<a href=""https://www.tiktok.com/@xy04146/video/7581081004937448735"" target=""_blank"" class=""btn btn-sm"" style=""background-color: #00926c; color: white; text-decoration: none; padding: 2px 8px; border-radius: 4px; font-size: 0.8em;"">View Post</a>",18,"xy04146","2025-12-07 11:47:47",11,101,1,0,0,"The latest condition of the mosque PONPES AlKhozinySidoarjo collapsed during Asrprayer#jtvjember#evakuasi#sidoarjo #fyp"
"<a href=""https://www.tiktok.com/@hng35758/video/7581080921382685982"" target=""_blank"" class=""btn btn-sm"" style=""background-color: #00926c; color: white; text-decoration: none; padding: 2px 8px; border-radius: 4px; font-size: 0.8em;"">View Post</a>",18,"hng35758","2025-12-07 11:47:08",11,757,102,0,0,"The latest condition of the mosque PONPES AlKhozinySidoarjo collapsed during Asrprayer#jtvjember#evakuasi#sidoarjo #fyp"
"<a href=""https://www.tiktok.com/@user79777939901410/video/7581080904873889054"" target=""_blank"" class=""btn btn-sm"" style=""background-color: #00926c; color: white; text-decoration: none; padding: 2px 8px; border-radius: 4px; font-size: 0.8em;"">View Post</a>",18,"user79777939901410","2025-12-07 11:47:01",11,301,14,0,0,"The latest condition of the mosque PONPES AlKhozinySidoarjo collapsed during Asrprayer#jtvjember#evakuasi#sidoarjo #fyp"
"<a href=""https://www.tiktok.com/@yctk03484/video/7581080829464415519"" target=""_blank"" class=""btn btn-sm"" style=""background-color: #00926c; color: white; text-decoration: none; padding: 2px 8px; border-radius: 4px; font-size: 0.8em;"">View Post</a>",18,"yctk03484","2025-12-07 11:46:44",11,75,0,0,0,"The latest condition of the mosque PONPES AlKhozinySidoarjo collapsed during Asrprayer#jtvjember#evakuasi#sidoarjo #fyp"
"<a href=""https://www.tiktok.com/@xy04146/video/7581080730533465374"" target=""_blank"" class=""btn btn-sm"" style=""background-color: #00926c; color: white; text-decoration: none; padding: 2px 8px; border-radius: 4px; font-size: 0.8em;"">View Post</a>",18,"xy04146","2025-12-07 11:46:30",11,143,1,0,0,"The latest condition of the mosque PONPES AlKhozinySidoarjo collapsed during Asrprayer#jtvjember#evakuasi#sidoarjo #fyp"
"<a href=""https://www.tiktok.com/@coke73813/video/7581041377698417950"" target=""_blank"" class=""btn btn-sm"" style=""background-color: #00926c; color: white; text-decoration: none; padding: 2px 8px; border-radius: 4px; font-size: 0.8em;"">View Post</a>",15,"coke73813","2025-12-07 09:13:16",11,4,0,0,0,"The latest condition of the mosque PONPES AlKhozinySidoarjo collapsed during Asrprayer#jtvjember#evakuasi#sidoarjo #fyp"
"<a href=""https://www.tiktok.com/@user3922396381688/video/7581041008129920287"" target=""_blank"" class=""btn btn-sm"" style=""background-color: #00926c; color: white; text-decoration: none; padding: 2px 8px; border-radius: 4px; font-size: 0.8em;"">View Post</a>",15,"user3922396381688","2025-12-07 09:11:46",11,10,0,0,0,"The latest condition of the mosque PONPES AlKhozinySidoarjo collapsed during Asrprayer#jtvjember#evakuasi#sidoarjo #fyp"
"<a href=""https://www.tiktok.com/@coke73813/video/7581040952333077790"" target=""_blank"" class=""btn btn-sm"" style=""background-color: #00926c; color: white; text-decoration: none; padding: 2px 8px; border-radius: 4px; font-size: 0.8em;"">View Post</a>",15,"coke73813","2025-12-07 09:11:34",11,265,6,0,0,"The latest condition of the mosque PONPES AlKhozinySidoarjo collapsed during Asrprayer#jtvjember#evakuasi#sidoarjo #fyp"
"<a href=""https://www.tiktok.com/@user3922396381688/video/7581040903653969182"" target=""_blank"" class=""btn btn-sm"" style=""background-color: #00926c; color: white; text-decoration: none; padding: 2px 8px; border-radius: 4px; font-size: 0.8em;"">View Post</a>",15,"user3922396381688","2025-12-07 09:11:30",11,2,0,0,0,"The latest condition of the mosque PONPES AlKhozinySidoarjo collapsed during Asrprayer#jtvjember#evakuasi#sidoarjo #fyp"
"<a href=""https://www.tiktok.com/@coke0283/video/7581040397590285598"" target=""_blank"" class=""btn btn-sm"" style=""background-color: #00926c; color: white; text-decoration: none; padding: 2px 8px; border-radius: 4px; font-size: 0.8em;"">View Post</a>",13,"coke0283","2025-12-07 09:09:32",11,142,2,0,0,"The latest condition of the mosque PONPES AlKhozinySidoarjo collapsed during Asrprayer#jtvjember#evakuasi#sidoarjo #fyp"
"<a href=""https://www.tiktok.com/@coke82737/video/7581040338874158350"" target=""_blank"" class=""btn btn-sm"" style=""background-color: #00926c; color: white; text-decoration: none; padding: 2px 8px; border-radius: 4px; font-size: 0.8em;"">View Post</a>",14,"coke82737","2025-12-07 09:09:46",11,13,0,0,0,"The latest condition of the mosque PONPES AlKhozinySidoarjo collapsed during Asrprayer#jtvjember#evakuasi#sidoarjo #fyp"
"<a href=""https://www.tiktok.com/@coke82737/video/7581040295605800205"" target=""_blank"" class=""btn btn-sm"" style=""background-color: #00926c; color: white; text-decoration: none; padding: 2px 8px; border-radius: 4px; font-size: 0.8em;"">View Post</a>",14,"coke82737","2025-12-07 09:09:35",11,98,0,0,0,"The latest condition of the mosque PONPES AlKhozinySidoarjo collapsed during Asrprayer#jtvjember#evakuasi#sidoarjo #fyp"
"<a href=""https://www.tiktok.com/@coke8273/video/7581040194627849502"" target=""_blank"" class=""btn btn-sm"" style=""background-color: #00926c; color: white; text-decoration: none; padding: 2px 8px; border-radius: 4px; font-size: 0.8em;"">View Post</a>",13,"coke8273","2025-12-07 09:08:52",11,12,0,0,0,"The latest condition of the mosque PONPES AlKhozinySidoarjo collapsed during Asrprayer#jtvjember#evakuasi#sidoarjo #fyp"
"<a href=""https://www.tiktok.com/@coke0283/video/7581040177351494943"" target=""_blank"" class=""btn btn-sm"" style=""background-color: #00926c; color: white; text-decoration: none; padding: 2px 8px; border-radius: 4px; font-size: 0.8em;"">View Post</a>",13,"coke0283","2025-12-07 09:08:34",11,405,20,0,4,"The latest condition of the mosque PONPES AlKhozinySidoarjo collapsed during Asrprayer#jtvjember#evakuasi#sidoarjo #fyp"
"<a href=""https://www.tiktok.com/@coke02758/video/7581040153968266551"" target=""_blank"" class=""btn btn-sm"" style=""background-color: #00926c; color: white; text-decoration: none; padding: 2px 8px; border-radius: 4px; font-size: 0.8em;"">View Post</a>",13,"coke02758","2025-12-07 09:09:23",11,1,0,0,0,"The latest condition of the mosque PONPES AlKhozinySidoarjo collapsed during Asrprayer#jtvjember#evakuasi#sidoarjo #fyp"
"<a href=""https://www.tiktok.com/@coke02758/video/7581040110657981710"" target=""_blank"" class=""btn btn-sm"" style=""background-color: #00926c; color: white; text-decoration: none; padding: 2px 8px; border-radius: 4px; font-size: 0.8em;"">View Post</a>",13,"coke02758","2025-12-07 09:08:57",11,19,0,0,0,"The latest condition of the mosque PONPES AlKhozinySidoarjo collapsed during Asrprayer#jtvjember#evakuasi#sidoarjo #fyp"
"<a href=""https://www.tiktok.com/@coke14426/video/7581040104769064247"" target=""_blank"" class=""btn btn-sm"" style=""background-color: #00926c; color: white; text-decoration: none; padding: 2px 8px; border-radius: 4px; font-size: 0.8em;"">View Post</a>",14,"coke14426","2025-12-07 09:08:45",11,19,0,0,0,"The latest condition of the mosque PONPES AlKhozinySidoarjo collapsed during Asrprayer#jtvjember#evakuasi#sidoarjo #fyp"
"<a href=""https://www.tiktok.com/@the.robert.sport8/video/7581040083738971423"" target=""_blank"" class=""btn btn-sm"" style=""background-color: #00926c; color: white; text-decoration: none; padding: 2px 8px; border-radius: 4px; font-size: 0.8em;"">View Post</a>",14,"the.robert.sport8","2025-12-07 09:08:34",11,57,1,0,0,"The latest condition of the mosque PONPES AlKhozinySidoarjo collapsed during Asrprayer#jtvjember#evakuasi#sidoarjo #fyp"
"<a href=""https://www.tiktok.com/@coke8273/video/7581039978528935199"" target=""_blank"" class=""btn btn-sm"" style=""background-color: #00926c; color: white; text-decoration: none; padding: 2px 8px; border-radius: 4px; font-size: 0.8em;"">View Post</a>",13,"coke8273","2025-12-07 09:07:59",11,5,0,0,0,"The latest condition of the mosque PONPES AlKhozinySidoarjo collapsed during Asrprayer#jtvjember#evakuasi#sidoarjo #fyp"
"<a href=""https://www.tiktok.com/@coke14426/video/7581039912133184781"" target=""_blank"" class=""btn btn-sm"" style=""background-color: #00926c; color: white; text-decoration: none; padding: 2px 8px; border-radius: 4px; font-size: 0.8em;"">View Post</a>",14,"coke14426","2025-12-07 09:08:15",11,22,0,0,0,"The latest condition of the mosque PONPES AlKhozinySidoarjo collapsed during Asrprayer#jtvjember#evakuasi#sidoarjo #fyp"
"<a href=""https://www.tiktok.com/@yanzong357/video/7581789973150469390"" target=""_blank"" class=""btn btn-sm"" style=""background-color: #00926c; color: white; text-decoration: none; padding: 2px 8px; border-radius: 4px; font-size: 0.8em;"">View Post</a>",19,"yanzong357","2025-12-09 09:39:13",10,914,25,0,0,"Tingtingandbilqisconcertblackpinkdeadline#ayutingting#bilqis#blackpink #deadlineworldtour#CapCut "
"<a href=""https://www.tiktok.com/@yanzong357/video/7581789586251156750"" target=""_blank"" class=""btn btn-sm"" style=""background-color: #00926c; color: white; text-decoration: none; padding: 2px 8px; border-radius: 4px; font-size: 0.8em;"">View Post</a>",19,"yanzong357","2025-12-09 09:38:18",10,842,30,0,0,"Tingtingandbilqisconcertblackpinkdeadline#ayutingting#bilqis#blackpink #deadlineworldtour#CapCut "
"<a href=""https://www.tiktok.com/@user2436181610767/video/7581789474426735903"" target=""_blank"" class=""btn btn-sm"" style=""background-color: #00926c; color: white; text-decoration: none; padding: 2px 8px; border-radius: 4px; font-size: 0.8em;"">View Post</a>",19,"user2436181610767","2025-12-09 09:36:15",10,1060,24,0,1,"Tingtingandbilqisconcertblackpinkdeadline#ayutingting#bilqis#blackpink #deadlineworldtour#CapCut "
"<a href=""https://www.tiktok.com/@raezun1/video/7581789314787347767"" target=""_blank"" class=""btn btn-sm"" style=""background-color: #00926c; color: white; text-decoration: none; padding: 2px 8px; border-radius: 4px; font-size: 0.8em;"">View Post</a>",19,"raezun1","2025-12-09 09:36:50",10,2974,149,0,0,"Tingtingandbilqisconcertblackpinkdeadline#ayutingting#bilqis#blackpink #deadlineworldtour#CapCut "
"<a href=""https://www.tiktok.com/@user2436181610767/video/7581789150416850206"" target=""_blank"" class=""btn btn-sm"" style=""background-color: #00926c; color: white; text-decoration: none; padding: 2px 8px; border-radius: 4px; font-size: 0.8em;"">View Post</a>",19,"user2436181610767","2025-12-09 09:35:25",10,1192,33,0,0,"Tingtingandbilqisconcertblackpinkdeadline#ayutingting#bilqis#blackpink #deadlineworldtour#CapCut "
"<a href=""https://www.tiktok.com/@yanzong352/video/7581789063238208798"" target=""_blank"" class=""btn btn-sm"" style=""background-color: #00926c; color: white; text-decoration: none; padding: 2px 8px; border-radius: 4px; font-size: 0.8em;"">View Post</a>",19,"yanzong352","2025-12-09 09:34:55",10,3355,111,0,0,"Tingtingandbilqisconcertblackpinkdeadline#ayutingting#bilqis#blackpink #deadlineworldtour#CapCut "
"<a href=""https://www.tiktok.com/@uetolx/video/7581788557799329079"" target=""_blank"" class=""btn btn-sm"" style=""background-color: #00926c; color: white; text-decoration: none; padding: 2px 8px; border-radius: 4px; font-size: 0.8em;"">View Post</a>",19,"uetolx","2025-12-09 09:34:06",10,313,10,0,0,"Tingtingandbilqisconcertblackpinkdeadline#ayutingting#bilqis#blackpink #deadlineworldtour#CapCut "
"<a href=""https://www.tiktok.com/@yanzong365/video/7581781580851449118"" target=""_blank"" class=""btn btn-sm"" style=""background-color: #00926c; color: white; text-decoration: none; padding: 2px 8px; border-radius: 4px; font-size: 0.8em;"">View Post</a>",20,"yanzong365","2025-12-09 09:05:33",10,4068,108,3,9,"Tingtingandbilqisconcertblackpinkdeadline#ayutingting#bilqis#blackpink #deadlineworldtour#CapCut "
"<a href=""https://www.tiktok.com/@yanzong361/video/7581781229477907742"" target=""_blank"" class=""btn btn-sm"" style=""background-color: #00926c; color: white; text-decoration: none; padding: 2px 8px; border-radius: 4px; font-size: 0.8em;"">View Post</a>",20,"yanzong361","2025-12-09 09:04:25",10,912,14,0,0,"Tingtingandbilqisconcertblackpinkdeadline#ayutingting#bilqis#blackpink #deadlineworldtour#CapCut "
"<a href=""https://www.tiktok.com/@hauhgjgu/video/7581781208615472439"" target=""_blank"" class=""btn btn-sm"" style=""background-color: #00926c; color: white; text-decoration: none; padding: 2px 8px; border-radius: 4px; font-size: 0.8em;"">View Post</a>",20,"hauhgjgu","2025-12-09 09:05:16",10,812,9,0,0,"Tingtingandbilqisconcertblackpinkdeadline#ayutingting#bilqis#blackpink #deadlineworldtour#CapCut "
"<a href=""https://www.tiktok.com/@yanzong31/video/7581780972060888351"" target=""_blank"" class=""btn btn-sm"" style=""background-color: #00926c; color: white; text-decoration: none; padding: 2px 8px; border-radius: 4px; font-size: 0.8em;"">View Post</a>",20,"yanzong31","2025-12-09 09:03:40",10,928,24,0,0,"Tingtingandbilqisconcertblackpinkdeadline#ayutingting#bilqis#blackpink #deadlineworldtour#CapCut "
"<a href=""https://www.tiktok.com/@yanzong31/video/7581780748881988894"" target=""_blank"" class=""btn btn-sm"" style=""background-color: #00926c; color: white; text-decoration: none; padding: 2px 8px; border-radius: 4px; font-size: 0.8em;"">View Post</a>",20,"yanzong31","2025-12-09 09:02:54",10,197,7,0,0,"Tingtingandbilqisconcertblackpinkdeadline#ayutingting#bilqis#blackpink #deadlineworldtour#CapCut "
"<a href=""https://www.tiktok.com/@oi0y7kwan6/video/7581780264062438687"" target=""_blank"" class=""btn btn-sm"" style=""background-color: #00926c; color: white; text-decoration: none; padding: 2px 8px; border-radius: 4px; font-size: 0.8em;"">View Post</a>",20,"oi0y7kwan6","2025-12-09 09:01:05",10,328,6,0,0,"Tingtingandbilqisconcertblackpinkdeadline#ayutingting#bilqis#blackpink #deadlineworldtour#CapCut "
"<a href=""https://www.tiktok.com/@swuowa/video/7581780206441008439"" target=""_blank"" class=""btn btn-sm"" style=""background-color: #00926c; color: white; text-decoration: none; padding: 2px 8px; border-radius: 4px; font-size: 0.8em;"">View Post</a>",20,"swuowa","2025-12-09 09:01:27",10,5318,94,4,1,"Tingtingandbilqisconcertblackpinkdeadline#ayutingting#bilqis#blackpink #deadlineworldtour#CapCut "
"<a href=""https://www.tiktok.com/@oi0y7kwan6/video/7581779899854130462"" target=""_blank"" class=""btn btn-sm"" style=""background-color: #00926c; color: white; text-decoration: none; padding: 2px 8px; border-radius: 4px; font-size: 0.8em;"">View Post</a>",20,"oi0y7kwan6","2025-12-09 08:59:33",10,409,13,0,0,"Tingtingandbilqisconcertblackpinkdeadline#ayutingting#bilqis#blackpink #deadlineworldtour#CapCut "
"<a href=""https://www.tiktok.com/@swuowa/video/7581779806845422862"" target=""_blank"" class=""btn btn-sm"" style=""background-color: #00926c; color: white; text-decoration: none; padding: 2px 8px; border-radius: 4px; font-size: 0.8em;"">View Post</a>",20,"swuowa","2025-12-09 08:59:54",10,1501,41,1,1,"Tingtingandbilqisconcertblackpinkdeadline#ayutingting#bilqis#blackpink #deadlineworldtour#CapCut "
"<a href=""https://www.tiktok.com/@yanzong157/video/7581779770325683469"" target=""_blank"" class=""btn btn-sm"" style=""background-color: #00926c; color: white; text-decoration: none; padding: 2px 8px; border-radius: 4px; font-size: 0.8em;"">View Post</a>",20,"yanzong157","2025-12-09 08:59:36",10,4552,334,2,2,"Tingtingandbilqisconcertblackpinkdeadline#ayutingting#bilqis#blackpink #deadlineworldtour#CapCut "
"<a href=""https://www.tiktok.com/@yanzong31/video/7581435443233688863"" target=""_blank"" class=""btn btn-sm"" style=""background-color: #00926c; color: white; text-decoration: none; padding: 2px 8px; border-radius: 4px; font-size: 0.8em;"">View Post</a>",20,"yanzong31","2025-12-08 10:42:34",10,578,36,1,0,"Tingtingandbilqisconcertblackpinkdeadline#ayutingting#bilqis#blackpink #deadlineworldtour#CapCut "
"<a href=""https://www.tiktok.com/@oi0y7kwan6/video/7581435301692706079"" target=""_blank"" class=""btn btn-sm"" style=""background-color: #00926c; color: white; text-decoration: none; padding: 2px 8px; border-radius: 4px; font-size: 0.8em;"">View Post</a>",20,"oi0y7kwan6","2025-12-08 10:42:05",10,1083,49,0,0,"Tingtingandbilqisconcertblackpinkdeadline#ayutingting#bilqis#blackpink #deadlineworldtour#CapCut "
"<a href=""https://www.tiktok.com/@yanzong31/video/7581435276438883615"" target=""_blank"" class=""btn btn-sm"" style=""background-color: #00926c; color: white; text-decoration: none; padding: 2px 8px; border-radius: 4px; font-size: 0.8em;"">View Post</a>",20,"yanzong31","2025-12-08 10:42:21",10,833,56,0,0,"Tingtingandbilqisconcertblackpinkdeadline#ayutingting#bilqis#blackpink #deadlineworldtour#CapCut "
"<a href=""https://www.tiktok.com/@oi0y7kwan6/video/7581435209912978718"" target=""_blank"" class=""btn btn-sm"" style=""background-color: #00926c; color: white; text-decoration: none; padding: 2px 8px; border-radius: 4px; font-size: 0.8em;"">View Post</a>",20,"oi0y7kwan6","2025-12-08 10:41:26",10,131,4,0,0,"Tingtingandbilqisconcertblackpinkdeadline#ayutingting#bilqis#blackpink #deadlineworldtour#CapCut "
"<a href=""https://www.tiktok.com/@yanzong361/video/7581435131584318750"" target=""_blank"" class=""btn btn-sm"" style=""background-color: #00926c; color: white; text-decoration: none; padding: 2px 8px; border-radius: 4px; font-size: 0.8em;"">View Post</a>",20,"yanzong361","2025-12-08 10:41:21",10,1072,24,1,0,"Tingtingandbilqisconcertblackpinkdeadline#ayutingting#bilqis#blackpink #deadlineworldtour#CapCut "
"<a href=""https://www.tiktok.com/@swuowa/video/7581435116149378318"" target=""_blank"" class=""btn btn-sm"" style=""background-color: #00926c; color: white; text-decoration: none; padding: 2px 8px; border-radius: 4px; font-size: 0.8em;"">View Post</a>",20,"swuowa","2025-12-08 10:42:48",10,4643,69,0,1,"Tingtingandbilqisconcertblackpinkdeadline#ayutingting#bilqis#blackpink #deadlineworldtour#CapCut "
"<a href=""https://www.tiktok.com/@yanzong361/video/7581435115851582751"" target=""_blank"" class=""btn btn-sm"" style=""background-color: #00926c; color: white; text-decoration: none; padding: 2px 8px; border-radius: 4px; font-size: 0.8em;"">View Post</a>",20,"yanzong361","2025-12-08 10:41:42",10,3780,35,0,1,"Tingtingandbilqisconcertblackpinkdeadline#ayutingting#bilqis#blackpink #deadlineworldtour#CapCut "
"<a href=""https://www.tiktok.com/@oi0y7kwan6/video/7581435109862051102"" target=""_blank"" class=""btn btn-sm"" style=""background-color: #00926c; color: white; text-decoration: none; padding: 2px 8px; border-radius: 4px; font-size: 0.8em;"">View Post</a>",20,"oi0y7kwan6","2025-12-08 10:41:25",10,476,13,1,0,"Tingtingandbilqisconcertblackpinkdeadline#ayutingting#bilqis#blackpink #deadlineworldtour#CapCut "
"<a href=""https://www.tiktok.com/@swuowa/video/7581435098176802062"" target=""_blank"" class=""btn btn-sm"" style=""background-color: #00926c; color: white; text-decoration: none; padding: 2px 8px; border-radius: 4px; font-size: 0.8em;"">View Post</a>",20,"swuowa","2025-12-08 10:42:18",10,2040,51,0,1,"Tingtingandbilqisconcertblackpinkdeadline#ayutingting#bilqis#blackpink #deadlineworldtour#CapCut "
"<a href=""https://www.tiktok.com/@yanzong157/video/7581435083425434894"" target=""_blank"" class=""btn btn-sm"" style=""background-color: #00926c; color: white; text-decoration: none; padding: 2px 8px; border-radius: 4px; font-size: 0.8em;"">View Post</a>",20,"yanzong157","2025-12-08 10:42:33",10,5237,64,0,4,"Tingtingandbilqisconcertblackpinkdeadline#ayutingting#bilqis#blackpink #deadlineworldtour#CapCut "
"<a href=""https://www.tiktok.com/@hauhgjgu/video/7581435068799929655"" target=""_blank"" class=""btn btn-sm"" style=""background-color: #00926c; color: white; text-decoration: none; padding: 2px 8px; border-radius: 4px; font-size: 0.8em;"">View Post</a>",20,"hauhgjgu","2025-12-08 10:42:34",10,292,2,0,0,"Tingtingandbilqisconcertblackpinkdeadline#ayutingting#bilqis#blackpink #deadlineworldtour#CapCut "
"<a href=""https://www.tiktok.com/@yanzong157/video/7581435047044025614"" target=""_blank"" class=""btn btn-sm"" style=""background-color: #00926c; color: white; text-decoration: none; padding: 2px 8px; border-radius: 4px; font-size: 0.8em;"">View Post</a>",20,"yanzong157","2025-12-08 10:42:32",10,801,32,0,0,"Tingtingandbilqisconcertblackpinkdeadline#ayutingting#bilqis#blackpink #deadlineworldtour#CapCut "
"<a href=""https://www.tiktok.com/@hauhgjgu/video/7581434916882173239"" target=""_blank"" class=""btn btn-sm"" style=""background-color: #00926c; color: white; text-decoration: none; padding: 2px 8px; border-radius: 4px; font-size: 0.8em;"">View Post</a>",20,"hauhgjgu","2025-12-08 10:41:56",10,231,12,0,0,"Tingtingandbilqisconcertblackpinkdeadline#ayutingting#bilqis#blackpink #deadlineworldtour#CapCut "
"<a href=""https://www.tiktok.com/@yanzong365/video/7581434901279313182"" target=""_blank"" class=""btn btn-sm"" style=""background-color: #00926c; color: white; text-decoration: none; padding: 2px 8px; border-radius: 4px; font-size: 0.8em;"">View Post</a>",20,"yanzong365","2025-12-08 10:40:34",10,1176,48,1,1,"Tingtingandbilqisconcertblackpinkdeadline#ayutingting#bilqis#blackpink #deadlineworldtour#CapCut "
"<a href=""https://www.tiktok.com/@swuowa/video/7581434894971178253"" target=""_blank"" class=""btn btn-sm"" style=""background-color: #00926c; color: white; text-decoration: none; padding: 2px 8px; border-radius: 4px; font-size: 0.8em;"">View Post</a>",20,"swuowa","2025-12-08 10:42:11",10,1752,40,0,6,"Tingtingandbilqisconcertblackpinkdeadline#ayutingting#bilqis#blackpink #deadlineworldtour#CapCut "
"<a href=""https://www.tiktok.com/@yanzong365/video/7581434875886996767"" target=""_blank"" class=""btn btn-sm"" style=""background-color: #00926c; color: white; text-decoration: none; padding: 2px 8px; border-radius: 4px; font-size: 0.8em;"">View Post</a>",20,"yanzong365","2025-12-08 10:40:43",10,936,28,1,0,"Tingtingandbilqisconcertblackpinkdeadline#ayutingting#bilqis#blackpink #deadlineworldtour#CapCut "
"<a href=""https://www.tiktok.com/@yanzong352/video/7581434471048563998"" target=""_blank"" class=""btn btn-sm"" style=""background-color: #00926c; color: white; text-decoration: none; padding: 2px 8px; border-radius: 4px; font-size: 0.8em;"">View Post</a>",19,"yanzong352","2025-12-08 10:39:06",10,1032,4,0,0,"Tingtingandbilqisconcertblackpinkdeadline#ayutingting#bilqis#blackpink #deadlineworldtour#CapCut "
"<a href=""https://www.tiktok.com/@yanzong302/video/7581434413238603039"" target=""_blank"" class=""btn btn-sm"" style=""background-color: #00926c; color: white; text-decoration: none; padding: 2px 8px; border-radius: 4px; font-size: 0.8em;"">View Post</a>",19,"yanzong302","2025-12-08 10:39:00",10,898,43,0,0,"Tingtingandbilqisconcertblackpinkdeadline#ayutingting#bilqis#blackpink #deadlineworldtour#CapCut "
"<a href=""https://www.tiktok.com/@user2436181610767/video/7581434379315023135"" target=""_blank"" class=""btn btn-sm"" style=""background-color: #00926c; color: white; text-decoration: none; padding: 2px 8px; border-radius: 4px; font-size: 0.8em;"">View Post</a>",19,"user2436181610767","2025-12-08 10:38:57",10,1138,15,0,0,"Tingtingandbilqisconcertblackpinkdeadline#ayutingting#bilqis#blackpink #deadlineworldtour#CapCut "
"<a href=""https://www.tiktok.com/@uetolx/video/7581434326076755213"" target=""_blank"" class=""btn btn-sm"" style=""background-color: #00926c; color: white; text-decoration: none; padding: 2px 8px; border-radius: 4px; font-size: 0.8em;"">View Post</a>",19,"uetolx","2025-12-08 10:39:33",10,311,6,0,0,"Tingtingandbilqisconcertblackpinkdeadline#ayutingting#bilqis#blackpink #deadlineworldtour#CapCut "
"<a href=""https://www.tiktok.com/@user2436181610767/video/7581434282342616350"" target=""_blank"" class=""btn btn-sm"" style=""background-color: #00926c; color: white; text-decoration: none; padding: 2px 8px; border-radius: 4px; font-size: 0.8em;"">View Post</a>",19,"user2436181610767","2025-12-08 10:38:17",10,938,18,0,0,"Tingtingandbilqisconcertblackpinkdeadline#ayutingting#bilqis#blackpink #deadlineworldtour#CapCut "
"<a href=""https://www.tiktok.com/@user2436181610767/video/7581434261463436575"" target=""_blank"" class=""btn btn-sm"" style=""background-color: #00926c; color: white; text-decoration: none; padding: 2px 8px; border-radius: 4px; font-size: 0.8em;"">View Post</a>",19,"user2436181610767","2025-12-08 10:38:21",10,883,38,0,0,"Tingtingandbilqisconcertblackpinkdeadline#ayutingting#bilqis#blackpink #deadlineworldtour#CapCut "
"<a href=""https://www.tiktok.com/@yanzong352/video/7581434255222312223"" target=""_blank"" class=""btn btn-sm"" style=""background-color: #00926c; color: white; text-decoration: none; padding: 2px 8px; border-radius: 4px; font-size: 0.8em;"">View Post</a>",19,"yanzong352","2025-12-08 10:38:28",10,1266,46,0,0,"Tingtingandbilqisconcertblackpinkdeadline#ayutingting#bilqis#blackpink #deadlineworldtour#CapCut "
"<a href=""https://www.tiktok.com/@yanzong302/video/7581434253028723999"" target=""_blank"" class=""btn btn-sm"" style=""background-color: #00926c; color: white; text-decoration: none; padding: 2px 8px; border-radius: 4px; font-size: 0.8em;"">View Post</a>",19,"yanzong302","2025-12-08 10:38:20",10,484,19,0,0,"Tingtingandbilqisconcertblackpinkdeadline#ayutingting#bilqis#blackpink #deadlineworldtour#CapCut "
"<a href=""https://www.tiktok.com/@yanzong357/video/7581434171998932238"" target=""_blank"" class=""btn btn-sm"" style=""background-color: #00926c; color: white; text-decoration: none; padding: 2px 8px; border-radius: 4px; font-size: 0.8em;"">View Post</a>",19,"yanzong357","2025-12-08 10:39:02",10,863,22,0,0,"Tingtingandbilqisconcertblackpinkdeadline#ayutingting#bilqis#blackpink #deadlineworldtour#CapCut "
"<a href=""https://www.tiktok.com/@yanzong357/video/7581434020425239822"" target=""_blank"" class=""btn btn-sm"" style=""background-color: #00926c; color: white; text-decoration: none; padding: 2px 8px; border-radius: 4px; font-size: 0.8em;"">View Post</a>",19,"yanzong357","2025-12-08 10:38:26",10,1021,16,0,0,"Tingtingandbilqisconcertblackpinkdeadline#ayutingting#bilqis#blackpink #deadlineworldtour#CapCut "
"<a href=""https://www.tiktok.com/@uetolx/video/7581433999910898957"" target=""_blank"" class=""btn btn-sm"" style=""background-color: #00926c; color: white; text-decoration: none; padding: 2px 8px; border-radius: 4px; font-size: 0.8em;"">View Post</a>",19,"uetolx","2025-12-08 10:38:31",10,13,0,0,0,"Tingtingandbilqisconcertblackpinkdeadline#ayutingting#bilqis#blackpink #deadlineworldtour#CapCut "
"<a href=""https://www.tiktok.com/@yanzong357/video/7581433993694907661"" target=""_blank"" class=""btn btn-sm"" style=""background-color: #00926c; color: white; text-decoration: none; padding: 2px 8px; border-radius: 4px; font-size: 0.8em;"">View Post</a>",19,"yanzong357","2025-12-08 10:38:28",10,519,14,0,0,"Tingtingandbilqisconcertblackpinkdeadline#ayutingting#bilqis#blackpink #deadlineworldtour#CapCut "
"<a href=""https://www.tiktok.com/@raezun1/video/7581433966670941495"" target=""_blank"" class=""btn btn-sm"" style=""background-color: #00926c; color: white; text-decoration: none; padding: 2px 8px; border-radius: 4px; font-size: 0.8em;"">View Post</a>",19,"raezun1","2025-12-08 10:37:54",10,865,41,0,1,"Tingtingandbilqisconcertblackpinkdeadline#ayutingting#bilqis#blackpink #deadlineworldtour#CapCut "
"<a href=""https://www.tiktok.com/@uetolx/video/7581433832101006606"" target=""_blank"" class=""btn btn-sm"" style=""background-color: #00926c; color: white; text-decoration: none; padding: 2px 8px; border-radius: 4px; font-size: 0.8em;"">View Post</a>",19,"uetolx","2025-12-08 10:37:54",10,307,7,0,0,"Tingtingandbilqisconcertblackpinkdeadline#ayutingting#bilqis#blackpink #deadlineworldtour#CapCut "
"<a href=""https://www.tiktok.com/@raezun1/video/7581433681634544951"" target=""_blank"" class=""btn btn-sm"" style=""background-color: #00926c; color: white; text-decoration: none; padding: 2px 8px; border-radius: 4px; font-size: 0.8em;"">View Post</a>",19,"raezun1","2025-12-08 10:37:18",10,861,24,0,0,"Tingtingandbilqisconcertblackpinkdeadline#ayutingting#bilqis#blackpink #deadlineworldtour#CapCut "
"<a href=""https://www.tiktok.com/@hjkm178/video/7581799622943821074"" target=""_blank"" class=""btn btn-sm"" style=""background-color: #00926c; color: white; text-decoration: none; padding: 2px 8px; border-radius: 4px; font-size: 0.8em;"">View Post</a>",3,"hjkm178","2025-12-09 10:14:51",6,105,2,0,0,"Bad Bunny will be a performer at the2026 Super Bowl LX Halftime Show on Apple Music #news #badbunny #SuperBowl #noticiastiktok #MLB"
"<a href=""https://www.tiktok.com/@hjkm178/video/7581799352759323911"" target=""_blank"" class=""btn btn-sm"" style=""background-color: #00926c; color: white; text-decoration: none; padding: 2px 8px; border-radius: 4px; font-size: 0.8em;"">View Post</a>",3,"hjkm178","2025-12-09 10:13:47",6,0,0,0,0,"Bad Bunny will be a performer at the2026 Super Bowl LX Halftime Show on Apple Music #news #badbunny #SuperBowl #noticiastiktok #MLB"
"<a href=""https://www.tiktok.com/@errcnytp4626/video/7581799261503900958"" target=""_blank"" class=""btn btn-sm"" style=""background-color: #00926c; color: white; text-decoration: none; padding: 2px 8px; border-radius: 4px; font-size: 0.8em;"">View Post</a>",3,"errcnytp4626","2025-12-09 10:14:49",6,528,14,0,0,"Bad Bunny will be a performer at the2026 Super Bowl LX Halftime Show on Apple Music #news #badbunny #SuperBowl #noticiastiktok #MLB"
"<a href=""https://www.tiktok.com/@errcnytp4626/video/7581798901418675486"" target=""_blank"" class=""btn btn-sm"" style=""background-color: #00926c; color: white; text-decoration: none; padding: 2px 8px; border-radius: 4px; font-size: 0.8em;"">View Post</a>",3,"errcnytp4626","2025-12-09 10:13:05",6,1051,57,0,0,"Bad Bunny will be a performer at the2026 Super Bowl LX Halftime Show on Apple Music #news #badbunny #SuperBowl #noticiastiktok #MLB"
"<a href=""https://www.tiktok.com/@errcnytp4626/video/7581798895370489118"" target=""_blank"" class=""btn btn-sm"" style=""background-color: #00926c; color: white; text-decoration: none; padding: 2px 8px; border-radius: 4px; font-size: 0.8em;"">View Post</a>",3,"errcnytp4626","2025-12-09 10:13:27",6,5,0,0,0,"Bad Bunny will be a performer at the2026 Super Bowl LX Halftime Show on Apple Music #news #badbunny #SuperBowl #noticiastiktok #MLB"
"<a href=""https://www.tiktok.com/@iqusbxie5634/video/7581795907365129486"" target=""_blank"" class=""btn btn-sm"" style=""background-color: #00926c; color: white; text-decoration: none; padding: 2px 8px; border-radius: 4px; font-size: 0.8em;"">View Post</a>",4,"iqusbxie5634","2025-12-09 10:02:37",6,1352,14,1,8,"Bad Bunny will be a performer at the2026 Super Bowl LX Halftime Show on Apple Music #news #badbunny #SuperBowl #noticiastiktok #MLB"
"<a href=""https://www.tiktok.com/@lzljsczj23974/video/7581795623435898125"" target=""_blank"" class=""btn btn-sm"" style=""background-color: #00926c; color: white; text-decoration: none; padding: 2px 8px; border-radius: 4px; font-size: 0.8em;"">View Post</a>",4,"lzljsczj23974","2025-12-09 10:01:17",6,32,0,0,0,"Bad Bunny will be a performer at the2026 Super Bowl LX Halftime Show on Apple Music #news #badbunny #SuperBowl #noticiastiktok #MLB"
"<a href=""https://www.tiktok.com/@iqusbxie5634/video/7581795406447758605"" target=""_blank"" class=""btn btn-sm"" style=""background-color: #00926c; color: white; text-decoration: none; padding: 2px 8px; border-radius: 4px; font-size: 0.8em;"">View Post</a>",4,"iqusbxie5634","2025-12-09 10:00:58",6,522,2,1,0,"Bad Bunny will be a performer at the2026 Super Bowl LX Halftime Show on Apple Music #news #badbunny #SuperBowl #noticiastiktok #MLB"
"<a href=""https://www.tiktok.com/@bembzzu36484/video/7581795369361607967"" target=""_blank"" class=""btn btn-sm"" style=""background-color: #00926c; color: white; text-decoration: none; padding: 2px 8px; border-radius: 4px; font-size: 0.8em;"">View Post</a>",5,"bembzzu36484","2025-12-09 09:59:42",6,4290,156,0,0,"Bad Bunny will be a performer at the2026 Super Bowl LX Halftime Show on Apple Music #news #badbunny #SuperBowl #noticiastiktok #MLB"
"<a href=""https://www.tiktok.com/@lzljsczj23974/video/7581795341125602615"" target=""_blank"" class=""btn btn-sm"" style=""background-color: #00926c; color: white; text-decoration: none; padding: 2px 8px; border-radius: 4px; font-size: 0.8em;"">View Post</a>",4,"lzljsczj23974","2025-12-09 10:00:19",6,53,0,0,0,"Bad Bunny will be a performer at the2026 Super Bowl LX Halftime Show on Apple Music #news #badbunny #SuperBowl #noticiastiktok #MLB"
"<a href=""https://www.tiktok.com/@iqusbxie5634/video/7581795289321852215"" target=""_blank"" class=""btn btn-sm"" style=""background-color: #00926c; color: white; text-decoration: none; padding: 2px 8px; border-radius: 4px; font-size: 0.8em;"">View Post</a>",4,"iqusbxie5634","2025-12-09 10:00:24",6,477,6,0,0,"Bad Bunny will be a performer at the2026 Super Bowl LX Halftime Show on Apple Music #news #badbunny #SuperBowl #noticiastiktok #MLB"
"<a href=""https://www.tiktok.com/@lzljsczj23974/video/7581795161626135822"" target=""_blank"" class=""btn btn-sm"" style=""background-color: #00926c; color: white; text-decoration: none; padding: 2px 8px; border-radius: 4px; font-size: 0.8em;"">View Post</a>",4,"lzljsczj23974","2025-12-09 09:59:33",6,8,0,0,0,"Bad Bunny will be a performer at the2026 Super Bowl LX Halftime Show on Apple Music #news #badbunny #SuperBowl #noticiastiktok #MLB"
"<a href=""https://www.tiktok.com/@rpfepl66750/video/7581795081733065997"" target=""_blank"" class=""btn btn-sm"" style=""background-color: #00926c; color: white; text-decoration: none; padding: 2px 8px; border-radius: 4px; font-size: 0.8em;"">View Post</a>",5,"rpfepl66750","2025-12-09 09:57:25",6,132,2,0,0,"Bad Bunny will be a performer at the2026 Super Bowl LX Halftime Show on Apple Music #news #badbunny #SuperBowl #noticiastiktok #MLB"
"<a href=""https://www.tiktok.com/@jbebi65271/video/7581794854821203213"" target=""_blank"" class=""btn btn-sm"" style=""background-color: #00926c; color: white; text-decoration: none; padding: 2px 8px; border-radius: 4px; font-size: 0.8em;"">View Post</a>",5,"jbebi65271","2025-12-09 09:58:22",6,803,37,0,0,"Bad Bunny will be a performer at the2026 Super Bowl LX Halftime Show on Apple Music #news #badbunny #SuperBowl #noticiastiktok #MLB"
"<a href=""https://www.tiktok.com/@bembzzu36484/video/7581794817408027934"" target=""_blank"" class=""btn btn-sm"" style=""background-color: #00926c; color: white; text-decoration: none; padding: 2px 8px; border-radius: 4px; font-size: 0.8em;"">View Post</a>",5,"bembzzu36484","2025-12-09 09:57:20",6,1000,22,0,0,"Bad Bunny will be a performer at the2026 Super Bowl LX Halftime Show on Apple Music #news #badbunny #SuperBowl #noticiastiktok #MLB"
"<a href=""https://www.tiktok.com/@itthesp20235/video/7581794750148169015"" target=""_blank"" class=""btn btn-sm"" style=""background-color: #00926c; color: white; text-decoration: none; padding: 2px 8px; border-radius: 4px; font-size: 0.8em;"">View Post</a>",5,"itthesp20235","2025-12-09 09:57:38",6,397,8,0,0,"Bad Bunny will be a performer at the2026 Super Bowl LX Halftime Show on Apple Music #news #badbunny #SuperBowl #noticiastiktok #MLB"
"<a href=""https://www.tiktok.com/@bembzzu36484/video/7581794661879024927"" target=""_blank"" class=""btn btn-sm"" style=""background-color: #00926c; color: white; text-decoration: none; padding: 2px 8px; border-radius: 4px; font-size: 0.8em;"">View Post</a>",5,"bembzzu36484","2025-12-09 09:56:32",6,1463,51,1,2,"Bad Bunny will be a performer at the2026 Super Bowl LX Halftime Show on Apple Music #news #badbunny #SuperBowl #noticiastiktok #MLB"
"<a href=""https://www.tiktok.com/@itthesp20235/video/7581794586742328631"" target=""_blank"" class=""btn btn-sm"" style=""background-color: #00926c; color: white; text-decoration: none; padding: 2px 8px; border-radius: 4px; font-size: 0.8em;"">View Post</a>",5,"itthesp20235","2025-12-09 09:57:32",6,456,6,0,0,"Bad Bunny will be a performer at the2026 Super Bowl LX Halftime Show on Apple Music #news #badbunny #SuperBowl #noticiastiktok #MLB"
"<a href=""https://www.tiktok.com/@itthesp20235/video/7581794512263990583"" target=""_blank"" class=""btn btn-sm"" style=""background-color: #00926c; color: white; text-decoration: none; padding: 2px 8px; border-radius: 4px; font-size: 0.8em;"">View Post</a>",5,"itthesp20235","2025-12-09 09:57:13",6,460,6,0,0,"Bad Bunny will be a performer at the2026 Super Bowl LX Halftime Show on Apple Music #news #badbunny #SuperBowl #noticiastiktok #MLB"
"<a href=""https://www.tiktok.com/@rpfepl66750/video/7581794250203893047"" target=""_blank"" class=""btn btn-sm"" style=""background-color: #00926c; color: white; text-decoration: none; padding: 2px 8px; border-radius: 4px; font-size: 0.8em;"">View Post</a>",5,"rpfepl66750","2025-12-09 09:56:01",6,39,0,0,0,"Bad Bunny will be a performer at the2026 Super Bowl LX Halftime Show on Apple Music #news #badbunny #SuperBowl #noticiastiktok #MLB"
"<a href=""https://www.tiktok.com/@jbebi65271/video/7581794198681079053"" target=""_blank"" class=""btn btn-sm"" style=""background-color: #00926c; color: white; text-decoration: none; padding: 2px 8px; border-radius: 4px; font-size: 0.8em;"">View Post</a>",5,"jbebi65271","2025-12-09 09:56:03",6,6,0,0,0,"Bad Bunny will be a performer at the2026 Super Bowl LX Halftime Show on Apple Music #news #badbunny #SuperBowl #noticiastiktok #MLB"
"<a href=""https://www.tiktok.com/@jsxuezir62907/video/7581794103629761823"" target=""_blank"" class=""btn btn-sm"" style=""background-color: #00926c; color: white; text-decoration: none; padding: 2px 8px; border-radius: 4px; font-size: 0.8em;"">View Post</a>",6,"jsxuezir62907","2025-12-09 09:54:31",6,382,14,0,0,"Bad Bunny will be a performer at the2026 Super Bowl LX Halftime Show on Apple Music #news #badbunny #SuperBowl #noticiastiktok #MLB"
"<a href=""https://www.tiktok.com/@gpbmvf1091/video/7581793894443142430"" target=""_blank"" class=""btn btn-sm"" style=""background-color: #00926c; color: white; text-decoration: none; padding: 2px 8px; border-radius: 4px; font-size: 0.8em;"">View Post</a>",6,"gpbmvf1091","2025-12-09 09:53:45",6,1185,3,0,0,"Bad Bunny will be a performer at the2026 Super Bowl LX Halftime Show on Apple Music #news #badbunny #SuperBowl #noticiastiktok #MLB"
"<a href=""https://www.tiktok.com/@gpbmvf1091/video/7581793796225125663"" target=""_blank"" class=""btn btn-sm"" style=""background-color: #00926c; color: white; text-decoration: none; padding: 2px 8px; border-radius: 4px; font-size: 0.8em;"">View Post</a>",6,"gpbmvf1091","2025-12-09 09:53:33",6,562,2,0,1,"Bad Bunny will be a performer at the2026 Super Bowl LX Halftime Show on Apple Music #news #badbunny #SuperBowl #noticiastiktok #MLB"
"<a href=""https://www.tiktok.com/@jsxuezir62907/video/7581793768576208159"" target=""_blank"" class=""btn btn-sm"" style=""background-color: #00926c; color: white; text-decoration: none; padding: 2px 8px; border-radius: 4px; font-size: 0.8em;"">View Post</a>",6,"jsxuezir62907","2025-12-09 09:53:16",6,421,3,0,0,"Bad Bunny will be a performer at the2026 Super Bowl LX Halftime Show on Apple Music #news #badbunny #SuperBowl #noticiastiktok #MLB"
"<a href=""https://www.tiktok.com/@jsxuezir62907/video/7581793528490102047"" target=""_blank"" class=""btn btn-sm"" style=""background-color: #00926c; color: white; text-decoration: none; padding: 2px 8px; border-radius: 4px; font-size: 0.8em;"">View Post</a>",6,"jsxuezir62907","2025-12-09 09:52:36",6,311,8,0,0,"Bad Bunny will be a performer at the2026 Super Bowl LX Halftime Show on Apple Music #news #badbunny #SuperBowl #noticiastiktok #MLB"
"<a href=""https://www.tiktok.com/@clarkkenneth1471/video/7581048120386030878"" target=""_blank"" class=""btn btn-sm"" style=""background-color: #00926c; color: white; text-decoration: none; padding: 2px 8px; border-radius: 4px; font-size: 0.8em;"">View Post</a>",11,"clarkkenneth1471","2025-12-07 09:39:45",4,684,22,0,0,"hillies land All-Star closer Jhoan Duran ahead of MLB rade deadline#JhoanDuran#MLBTradeDeadline#Phillies #BaseballUpdates#SportsNews"
"<a href=""https://www.tiktok.com/@aed3345/video/7581047924344229151"" target=""_blank"" class=""btn btn-sm"" style=""background-color: #00926c; color: white; text-decoration: none; padding: 2px 8px; border-radius: 4px; font-size: 0.8em;"">View Post</a>",11,"aed3345","2025-12-07 09:38:42",4,1138,33,0,0,"hillies land All-Star closer Jhoan Duran ahead of MLB rade deadline#JhoanDuran#MLBTradeDeadline#Phillies #BaseballUpdates#SportsNews"
"<a href=""https://www.tiktok.com/@aed3345/video/7581047688393706782"" target=""_blank"" class=""btn btn-sm"" style=""background-color: #00926c; color: white; text-decoration: none; padding: 2px 8px; border-radius: 4px; font-size: 0.8em;"">View Post</a>",11,"aed3345","2025-12-07 09:37:49",4,2807,136,0,1,"hillies land All-Star closer Jhoan Duran ahead of MLB rade deadline#JhoanDuran#MLBTradeDeadline#Phillies #BaseballUpdates#SportsNews"
"<a href=""https://www.tiktok.com/@colliercarol3790/video/7581047473523707191"" target=""_blank"" class=""btn btn-sm"" style=""background-color: #00926c; color: white; text-decoration: none; padding: 2px 8px; border-radius: 4px; font-size: 0.8em;"">View Post</a>",11,"colliercarol3790","2025-12-07 09:37:42",4,1573,50,0,0,"hillies land All-Star closer Jhoan Duran ahead of MLB rade deadline#JhoanDuran#MLBTradeDeadline#Phillies #BaseballUpdates#SportsNews"
"<a href=""https://www.tiktok.com/@tdy7axi1g1/video/7581047370121628959"" target=""_blank"" class=""btn btn-sm"" style=""background-color: #00926c; color: white; text-decoration: none; padding: 2px 8px; border-radius: 4px; font-size: 0.8em;"">View Post</a>",11,"tdy7axi1g1","2025-12-07 09:36:45",4,596,31,0,0,"hillies land All-Star closer Jhoan Duran ahead of MLB rade deadline#JhoanDuran#MLBTradeDeadline#Phillies #BaseballUpdates#SportsNews"
"<a href=""https://www.tiktok.com/@colliercarol3790/video/7581047355726695693"" target=""_blank"" class=""btn btn-sm"" style=""background-color: #00926c; color: white; text-decoration: none; padding: 2px 8px; border-radius: 4px; font-size: 0.8em;"">View Post</a>",11,"colliercarol3790","2025-12-07 09:37:26",4,932,31,0,0,"hillies land All-Star closer Jhoan Duran ahead of MLB rade deadline#JhoanDuran#MLBTradeDeadline#Phillies #BaseballUpdates#SportsNews"
"<a href=""https://www.tiktok.com/@aed3345/video/7581047266589281567"" target=""_blank"" class=""btn btn-sm"" style=""background-color: #00926c; color: white; text-decoration: none; padding: 2px 8px; border-radius: 4px; font-size: 0.8em;"">View Post</a>",11,"aed3345","2025-12-07 09:36:08",4,726,54,0,0,"hillies land All-Star closer Jhoan Duran ahead of MLB rade deadline#JhoanDuran#MLBTradeDeadline#Phillies #BaseballUpdates#SportsNews"
"<a href=""https://www.tiktok.com/@tdy7axi1g1/video/7581047053132778782"" target=""_blank"" class=""btn btn-sm"" style=""background-color: #00926c; color: white; text-decoration: none; padding: 2px 8px; border-radius: 4px; font-size: 0.8em;"">View Post</a>",11,"tdy7axi1g1","2025-12-07 09:35:44",4,605,10,0,0,"hillies land All-Star closer Jhoan Duran ahead of MLB rade deadline#JhoanDuran#MLBTradeDeadline#Phillies #BaseballUpdates#SportsNews"
"<a href=""https://www.tiktok.com/@dzu2bxozg0/video/7581047021394464031"" target=""_blank"" class=""btn btn-sm"" style=""background-color: #00926c; color: white; text-decoration: none; padding: 2px 8px; border-radius: 4px; font-size: 0.8em;"">View Post</a>",11,"dzu2bxozg0","2025-12-07 09:35:23",4,1122,50,1,0,"hillies land All-Star closer Jhoan Duran ahead of MLB rade deadline#JhoanDuran#MLBTradeDeadline#Phillies #BaseballUpdates#SportsNews"
"<a href=""https://www.tiktok.com/@tdy7axi1g1/video/7581047021101010207"" target=""_blank"" class=""btn btn-sm"" style=""background-color: #00926c; color: white; text-decoration: none; padding: 2px 8px; border-radius: 4px; font-size: 0.8em;"">View Post</a>",11,"tdy7axi1g1","2025-12-07 09:35:52",4,831,36,0,0,"hillies land All-Star closer Jhoan Duran ahead of MLB rade deadline#JhoanDuran#MLBTradeDeadline#Phillies #BaseballUpdates#SportsNews"
"<a href=""https://www.tiktok.com/@clarkkenneth1471/video/7581046970127600926"" target=""_blank"" class=""btn btn-sm"" style=""background-color: #00926c; color: white; text-decoration: none; padding: 2px 8px; border-radius: 4px; font-size: 0.8em;"">View Post</a>",11,"clarkkenneth1471","2025-12-07 09:35:26",4,582,15,0,0,"hillies land All-Star closer Jhoan Duran ahead of MLB rade deadline#JhoanDuran#MLBTradeDeadline#Phillies #BaseballUpdates#SportsNews"
"<a href=""https://www.tiktok.com/@clarkkenneth1471/video/7581046962296868127"" target=""_blank"" class=""btn btn-sm"" style=""background-color: #00926c; color: white; text-decoration: none; padding: 2px 8px; border-radius: 4px; font-size: 0.8em;"">View Post</a>",11,"clarkkenneth1471","2025-12-07 09:35:26",4,972,41,0,2,"hillies land All-Star closer Jhoan Duran ahead of MLB rade deadline#JhoanDuran#MLBTradeDeadline#Phillies #BaseballUpdates#SportsNews"
"<a href=""https://www.tiktok.com/@dzu2bxozg0/video/7581046922664873247"" target=""_blank"" class=""btn btn-sm"" style=""background-color: #00926c; color: white; text-decoration: none; padding: 2px 8px; border-radius: 4px; font-size: 0.8em;"">View Post</a>",11,"dzu2bxozg0","2025-12-07 09:35:02",4,1221,42,0,2,"hillies land All-Star closer Jhoan Duran ahead of MLB rade deadline#JhoanDuran#MLBTradeDeadline#Phillies #BaseballUpdates#SportsNews"
"<a href=""https://www.tiktok.com/@dzu2bxozg0/video/7581046680095673631"" target=""_blank"" class=""btn btn-sm"" style=""background-color: #00926c; color: white; text-decoration: none; padding: 2px 8px; border-radius: 4px; font-size: 0.8em;"">View Post</a>",11,"dzu2bxozg0","2025-12-07 09:33:57",4,1738,39,0,0,"hillies land All-Star closer Jhoan Duran ahead of MLB rade deadline#JhoanDuran#MLBTradeDeadline#Phillies #BaseballUpdates#SportsNews"
"<a href=""https://www.tiktok.com/@colliercarol3790/video/7580642038954183950"" target=""_blank"" class=""btn btn-sm"" style=""background-color: #00926c; color: white; text-decoration: none; padding: 2px 8px; border-radius: 4px; font-size: 0.8em;"">View Post</a>",11,"colliercarol3790","2025-12-06 07:23:51",4,597,36,2,1,"hillies land All-Star closer Jhoan Duran ahead of MLB rade deadline#JhoanDuran#MLBTradeDeadline#Phillies #BaseballUpdates#SportsNews"
"<a href=""https://www.tiktok.com/@dzu2bxozg0/video/7580641871303609631"" target=""_blank"" class=""btn btn-sm"" style=""background-color: #00926c; color: white; text-decoration: none; padding: 2px 8px; border-radius: 4px; font-size: 0.8em;"">View Post</a>",11,"dzu2bxozg0","2025-12-06 07:22:39",4,853,39,0,0,"hillies land All-Star closer Jhoan Duran ahead of MLB rade deadline#JhoanDuran#MLBTradeDeadline#Phillies #BaseballUpdates#SportsNews"
"<a href=""https://www.tiktok.com/@tdy7axi1g1/video/7580641775593852190"" target=""_blank"" class=""btn btn-sm"" style=""background-color: #00926c; color: white; text-decoration: none; padding: 2px 8px; border-radius: 4px; font-size: 0.8em;"">View Post</a>",11,"tdy7axi1g1","2025-12-06 07:22:32",4,1139,30,0,0,"hillies land All-Star closer Jhoan Duran ahead of MLB rade deadline#JhoanDuran#MLBTradeDeadline#Phillies #BaseballUpdates#SportsNews"
"<a href=""https://www.tiktok.com/@clarkkenneth1471/video/7580641761874169118"" target=""_blank"" class=""btn btn-sm"" style=""background-color: #00926c; color: white; text-decoration: none; padding: 2px 8px; border-radius: 4px; font-size: 0.8em;"">View Post</a>",11,"clarkkenneth1471","2025-12-06 07:22:20",4,1743,20,0,1,"hillies land All-Star closer Jhoan Duran ahead of MLB rade deadline#JhoanDuran#MLBTradeDeadline#Phillies #BaseballUpdates#SportsNews"
"<a href=""https://www.tiktok.com/@dzu2bxozg0/video/7580641756320894239"" target=""_blank"" class=""btn btn-sm"" style=""background-color: #00926c; color: white; text-decoration: none; padding: 2px 8px; border-radius: 4px; font-size: 0.8em;"">View Post</a>",11,"dzu2bxozg0","2025-12-06 07:22:12",4,1696,61,0,3,"hillies land All-Star closer Jhoan Duran ahead of MLB rade deadline#JhoanDuran#MLBTradeDeadline#Phillies #BaseballUpdates#SportsNews"
"<a href=""https://www.tiktok.com/@tdy7axi1g1/video/7580641732866460958"" target=""_blank"" class=""btn btn-sm"" style=""background-color: #00926c; color: white; text-decoration: none; padding: 2px 8px; border-radius: 4px; font-size: 0.8em;"">View Post</a>",11,"tdy7axi1g1","2025-12-06 07:22:18",4,813,22,0,2,"hillies land All-Star closer Jhoan Duran ahead of MLB rade deadline#JhoanDuran#MLBTradeDeadline#Phillies #BaseballUpdates#SportsNews"
"<a href=""https://www.tiktok.com/@clarkkenneth1471/video/7580641724821769503"" target=""_blank"" class=""btn btn-sm"" style=""background-color: #00926c; color: white; text-decoration: none; padding: 2px 8px; border-radius: 4px; font-size: 0.8em;"">View Post</a>",11,"clarkkenneth1471","2025-12-06 07:22:15",4,1526,104,0,0,"hillies land All-Star closer Jhoan Duran ahead of MLB rade deadline#JhoanDuran#MLBTradeDeadline#Phillies #BaseballUpdates#SportsNews"
"<a href=""https://www.tiktok.com/@aed3345/video/7580641673747778847"" target=""_blank"" class=""btn btn-sm"" style=""background-color: #00926c; color: white; text-decoration: none; padding: 2px 8px; border-radius: 4px; font-size: 0.8em;"">View Post</a>",11,"aed3345","2025-12-06 07:22:11",4,1243,52,0,1,"hillies land All-Star closer Jhoan Duran ahead of MLB rade deadline#JhoanDuran#MLBTradeDeadline#Phillies #BaseballUpdates#SportsNews"
"<a href=""https://www.tiktok.com/@aed3345/video/7580641645473860894"" target=""_blank"" class=""btn btn-sm"" style=""background-color: #00926c; color: white; text-decoration: none; padding: 2px 8px; border-radius: 4px; font-size: 0.8em;"">View Post</a>",11,"aed3345","2025-12-06 07:21:47",4,1224,86,0,0,"hillies land All-Star closer Jhoan Duran ahead of MLB rade deadline#JhoanDuran#MLBTradeDeadline#Phillies #BaseballUpdates#SportsNews"
"<a href=""https://www.tiktok.com/@colliercarol3790/video/7580641557628439863"" target=""_blank"" class=""btn btn-sm"" style=""background-color: #00926c; color: white; text-decoration: none; padding: 2px 8px; border-radius: 4px; font-size: 0.8em;"">View Post</a>",11,"colliercarol3790","2025-12-06 07:21:54",4,1366,50,0,0,"hillies land All-Star closer Jhoan Duran ahead of MLB rade deadline#JhoanDuran#MLBTradeDeadline#Phillies #BaseballUpdates#SportsNews"
"<a href=""https://www.tiktok.com/@houtds/video/7581865554147872055"" target=""_blank"" class=""btn btn-sm"" style=""background-color: #00926c; color: white; text-decoration: none; padding: 2px 8px; border-radius: 4px; font-size: 0.8em;"">View Post</a>",1,"houtds","2025-12-09 14:31:36",2,454,34,0,0,"Kondisi terkini mushola PONPES Al Khoziny Sidoarjo ambruk saat salat ashar #jtvjember #evakuasi #sidoarjo #fyp "
"<a href=""https://www.tiktok.com/@chioott/video/7581865315131215134"" target=""_blank"" class=""btn btn-sm"" style=""background-color: #00926c; color: white; text-decoration: none; padding: 2px 8px; border-radius: 4px; font-size: 0.8em;"">View Post</a>",1,"chioott","2025-12-09 14:30:16",2,136,8,1,0,"Kondisi terkini mushola PONPES Al Khoziny Sidoarjo ambruk saat salat ashar #jtvjember #evakuasi #sidoarjo #fyp "
"<a href=""https://www.tiktok.com/@chioott/video/7581865307027819806"" target=""_blank"" class=""btn btn-sm"" style=""background-color: #00926c; color: white; text-decoration: none; padding: 2px 8px; border-radius: 4px; font-size: 0.8em;"">View Post</a>",1,"chioott","2025-12-09 14:30:12",2,392,28,1,1,"Kondisi terkini mushola PONPES Al Khoziny Sidoarjo ambruk saat salat ashar #jtvjember #evakuasi #sidoarjo #fyp "
"<a href=""https://www.tiktok.com/@houtds/video/7581864990991305997"" target=""_blank"" class=""btn btn-sm"" style=""background-color: #00926c; color: white; text-decoration: none; padding: 2px 8px; border-radius: 4px; font-size: 0.8em;"">View Post</a>",1,"houtds","2025-12-09 14:29:42",2,310,2,0,0,"Kondisi terkini mushola PONPES Al Khoziny Sidoarjo ambruk saat salat ashar #jtvjember #evakuasi #sidoarjo #fyp "
"<a href=""https://www.tiktok.com/@houtds/video/7581864829879700791"" target=""_blank"" class=""btn btn-sm"" style=""background-color: #00926c; color: white; text-decoration: none; padding: 2px 8px; border-radius: 4px; font-size: 0.8em;"">View Post</a>",1,"houtds","2025-12-09 14:29:05",2,371,9,0,0,"Kondisi terkini mushola PONPES Al Khoziny Sidoarjo ambruk saat salat ashar #jtvjember #evakuasi #sidoarjo #fyp "
"<a href=""https://www.tiktok.com/@user7929914145369/video/7581843403214802189"" target=""_blank"" class=""btn btn-sm"" style=""background-color: #00926c; color: white; text-decoration: none; padding: 2px 8px; border-radius: 4px; font-size: 0.8em;"">View Post</a>",2,"user7929914145369","2025-12-09 13:05:36",2,319,16,0,0,"Kondisi terkini mushola PONPES Al Khoziny Sidoarjo ambruk saat salat ashar #jtvjember #evakuasi #sidoarjo #fyp "
"<a href=""https://www.tiktok.com/@user7929914145369/video/7581843308410883341"" target=""_blank"" class=""btn btn-sm"" style=""background-color: #00926c; color: white; text-decoration: none; padding: 2px 8px; border-radius: 4px; font-size: 0.8em;"">View Post</a>",2,"user7929914145369","2025-12-09 13:05:27",2,865,50,0,0,"Kondisi terkini mushola PONPES Al Khoziny Sidoarjo ambruk saat salat ashar #jtvjember #evakuasi #sidoarjo #fyp "
"<a href=""https://www.tiktok.com/@user7929914145369/video/7581843261153611063"" target=""_blank"" class=""btn btn-sm"" style=""background-color: #00926c; color: white; text-decoration: none; padding: 2px 8px; border-radius: 4px; font-size: 0.8em;"">View Post</a>",2,"user7929914145369","2025-12-09 13:05:04",2,1019,31,0,2,"Kondisi terkini mushola PONPES Al Khoziny Sidoarjo ambruk saat salat ashar #jtvjember #evakuasi #sidoarjo #fyp "
"<a href=""https://www.tiktok.com/@user9338301910612/video/7581843126831074591"" target=""_blank"" class=""btn btn-sm"" style=""background-color: #00926c; color: white; text-decoration: none; padding: 2px 8px; border-radius: 4px; font-size: 0.8em;"">View Post</a>",2,"user9338301910612","2025-12-09 13:04:09",2,607,42,0,1,"Kondisi terkini mushola PONPES Al Khoziny Sidoarjo ambruk saat salat ashar #jtvjember #evakuasi #sidoarjo #fyp "
"<a href=""https://www.tiktok.com/@user9338301910612/video/7581842996832914718"" target=""_blank"" class=""btn btn-sm"" style=""background-color: #00926c; color: white; text-decoration: none; padding: 2px 8px; border-radius: 4px; font-size: 0.8em;"">View Post</a>",2,"user9338301910612","2025-12-09 13:03:52",2,622,25,1,1,"Kondisi terkini mushola PONPES Al Khoziny Sidoarjo ambruk saat salat ashar #jtvjember #evakuasi #sidoarjo #fyp "
"<a href=""https://www.tiktok.com/@user9810325967350/video/7581425221882662175"" target=""_blank"" class=""btn btn-sm"" style=""background-color: #00926c; color: white; text-decoration: none; padding: 2px 8px; border-radius: 4px; font-size: 0.8em;"">View Post</a>",7,"user9810325967350","2025-12-08 10:03:07",1,36655,388,3,3,"Tingtingandbilqisconcertblackpinkdeadline#ayutingting#bilqis#blackpink #deadlineworldtour#CapCut"
"<a href=""https://www.tiktok.com/@user9810325967350/video/7581425188722576670"" target=""_blank"" class=""btn btn-sm"" style=""background-color: #00926c; color: white; text-decoration: none; padding: 2px 8px; border-radius: 4px; font-size: 0.8em;"">View Post</a>",7,"user9810325967350","2025-12-08 10:03:31",1,458,15,0,0,"Tingtingandbilqisconcertblackpinkdeadline#ayutingting#bilqis#blackpink #deadlineworldtour#CapCut"
"<a href=""https://www.tiktok.com/@user2814222008274/video/7581425172809288990"" target=""_blank"" class=""btn btn-sm"" style=""background-color: #00926c; color: white; text-decoration: none; padding: 2px 8px; border-radius: 4px; font-size: 0.8em;"">View Post</a>",7,"user2814222008274","2025-12-08 10:02:55",1,883,25,0,0,"Tingtingandbilqisconcertblackpinkdeadline#ayutingting#bilqis#blackpink #deadlineworldtour#CapCut"
"<a href=""https://www.tiktok.com/@user2814222008274/video/7581424849181019423"" target=""_blank"" class=""btn btn-sm"" style=""background-color: #00926c; color: white; text-decoration: none; padding: 2px 8px; border-radius: 4px; font-size: 0.8em;"">View Post</a>",7,"user2814222008274","2025-12-08 10:01:53",1,127,1,0,0,"Tingtingandbilqisconcertblackpinkdeadline#ayutingting#bilqis#blackpink #deadlineworldtour#CapCut"
"<a href=""https://www.tiktok.com/@user9810325967350/video/7581424059200572702"" target=""_blank"" class=""btn btn-sm"" style=""background-color: #00926c; color: white; text-decoration: none; padding: 2px 8px; border-radius: 4px; font-size: 0.8em;"">View Post</a>",7,"user9810325967350","2025-12-08 09:58:25",1,526,18,2,0,"Tingtingandbilqisconcertblackpinkdeadline#ayutingting#bilqis#blackpink #deadlineworldtour#CapCut"
"<a href=""https://www.tiktok.com/@user9810325967350/video/7581423868535999774"" target=""_blank"" class=""btn btn-sm"" style=""background-color: #00926c; color: white; text-decoration: none; padding: 2px 8px; border-radius: 4px; font-size: 0.8em;"">View Post</a>",7,"user9810325967350","2025-12-08 09:58:02",1,1020,32,1,1,"Tingtingandbilqisconcertblackpinkdeadline#ayutingting#bilqis#blackpink #deadlineworldtour#CapCut"
"<a href=""https://www.tiktok.com/@user2814222008274/video/7581423644073610527"" target=""_blank"" class=""btn btn-sm"" style=""background-color: #00926c; color: white; text-decoration: none; padding: 2px 8px; border-radius: 4px; font-size: 0.8em;"">View Post</a>",7,"user2814222008274","2025-12-08 09:57:01",1,1558,67,1,3,"Tingtingandbilqisconcertblackpinkdeadline#ayutingting#bilqis#blackpink #deadlineworldtour#CapCut"
"<a href=""https://www.tiktok.com/@gfdfdfffy/video/7580597802003123486"" target=""_blank"" class=""btn btn-sm"" style=""background-color: #00926c; color: white; text-decoration: none; padding: 2px 8px; border-radius: 4px; font-size: 0.8em;"">View Post</a>",8,"gfdfdfffy","2025-12-06 04:31:23",1,1672,39,0,0,"The 2025/26 La Liga season has begun! Live broadcast is now underway on TVWAN Sports 403.22&4#kickoff#laliga#FootballlsBack#NewSeason"
"<a href=""https://www.tiktok.com/@gfdfdfffy/video/7580597796286336287"" target=""_blank"" class=""btn btn-sm"" style=""background-color: #00926c; color: white; text-decoration: none; padding: 2px 8px; border-radius: 4px; font-size: 0.8em;"">View Post</a>",8,"gfdfdfffy","2025-12-06 04:31:26",1,1747,142,1,0,"The 2025/26 La Liga season has begun! Live broadcast is now underway on TVWAN Sports 403.22&4#kickoff#laliga#FootballlsBack#NewSeason"
"<a href=""https://www.tiktok.com/@ali638819/video/7580597540287008030"" target=""_blank"" class=""btn btn-sm"" style=""background-color: #00926c; color: white; text-decoration: none; padding: 2px 8px; border-radius: 4px; font-size: 0.8em;"">View Post</a>",8,"ali638819","2025-12-06 04:30:25",1,5624,236,0,1,"The 2025/26 La Liga season has begun! Live broadcast is now underway on TVWAN Sports 403.22&4#kickoff#laliga#FootballlsBack#NewSeason"
"<a href=""https://www.tiktok.com/@ali638819/video/7580597525732740382"" target=""_blank"" class=""btn btn-sm"" style=""background-color: #00926c; color: white; text-decoration: none; padding: 2px 8px; border-radius: 4px; font-size: 0.8em;"">View Post</a>",8,"ali638819","2025-12-06 04:30:19",1,5466,101,1,0,"The 2025/26 La Liga season has begun! Live broadcast is now underway on TVWAN Sports 403.22&4#kickoff#laliga#FootballlsBack#NewSeason"
"<a href=""https://www.tiktok.com/@ali638819/video/7580597401711398174"" target=""_blank"" class=""btn btn-sm"" style=""background-color: #00926c; color: white; text-decoration: none; padding: 2px 8px; border-radius: 4px; font-size: 0.8em;"">View Post</a>",8,"ali638819","2025-12-06 04:29:55",1,1394,174,3,3,"The 2025/26 La Liga season has begun! Live broadcast is now underway on TVWAN Sports 403.22&4#kickoff#laliga#FootballlsBack#NewSeason"
"<a href=""https://www.tiktok.com/@gfdfdfffy/video/7580597311760305439"" target=""_blank"" class=""btn btn-sm"" style=""background-color: #00926c; color: white; text-decoration: none; padding: 2px 8px; border-radius: 4px; font-size: 0.8em;"">View Post</a>",8,"gfdfdfffy","2025-12-06 04:29:30",1,19670,233,3,19,"The 2025/26 La Liga season has begun! Live broadcast is now underway on TVWAN Sports 403.22&4#kickoff#laliga#FootballlsBack#NewSeason"
"<a href=""https://www.tiktok.com/@koiuyer.tyuiop/video/7581790800778906911"" target=""_blank"" class=""btn btn-sm"" style=""background-color: #00926c; color: white; text-decoration: none; padding: 2px 8px; border-radius: 4px; font-size: 0.8em;"">View Post</a>",9,"koiuyer.tyuiop","2025-12-09 09:41:39",1,142,1,0,0,"The 2025/26 La Liga season has begun! Live broadcast is now underway on TVWAN Sports 403.22&4#kickoff#laliga#FootballlsBack#NewSeason "
"<a href=""https://www.tiktok.com/@koiuyer.tyuiop/video/7581790538903473439"" target=""_blank"" class=""btn btn-sm"" style=""background-color: #00926c; color: white; text-decoration: none; padding: 2px 8px; border-radius: 4px; font-size: 0.8em;"">View Post</a>",9,"koiuyer.tyuiop","2025-12-09 09:40:58",1,318,19,0,0,"The 2025/26 La Liga season has begun! Live broadcast is now underway on TVWAN Sports 403.22&4#kickoff#laliga#FootballlsBack#NewSeason "
"<a href=""https://www.tiktok.com/@vczsaopmnjcofdgxz/video/7581417855778917687"" target=""_blank"" class=""btn btn-sm"" style=""background-color: #00926c; color: white; text-decoration: none; padding: 2px 8px; border-radius: 4px; font-size: 0.8em;"">View Post</a>",9,"vczsaopmnjcofdgxz","2025-12-08 09:35:20",1,384,2,0,0,"The 2025/26 La Liga season has begun! Live broadcast is now underway on TVWAN Sports 403.22&4#kickoff#laliga#FootballlsBack#NewSeason "
"<a href=""https://www.tiktok.com/@koiuyer.tyuiop/video/7581417820857126175"" target=""_blank"" class=""btn btn-sm"" style=""background-color: #00926c; color: white; text-decoration: none; padding: 2px 8px; border-radius: 4px; font-size: 0.8em;"">View Post</a>",9,"koiuyer.tyuiop","2025-12-08 09:34:20",1,326,3,0,0,"The 2025/26 La Liga season has begun! Live broadcast is now underway on TVWAN Sports 403.22&4#kickoff#laliga#FootballlsBack#NewSeason "
"<a href=""https://www.tiktok.com/@vczsaopmnjcofdgxz/video/7581417802456681741"" target=""_blank"" class=""btn btn-sm"" style=""background-color: #00926c; color: white; text-decoration: none; padding: 2px 8px; border-radius: 4px; font-size: 0.8em;"">View Post</a>",9,"vczsaopmnjcofdgxz","2025-12-08 09:34:54",1,1111,24,2,6,"The 2025/26 La Liga season has begun! Live broadcast is now underway on TVWAN Sports 403.22&4#kickoff#laliga#FootballlsBack#NewSeason "
"<a href=""https://www.tiktok.com/@koiuyer.tyuiop/video/7581417729089916190"" target=""_blank"" class=""btn btn-sm"" style=""background-color: #00926c; color: white; text-decoration: none; padding: 2px 8px; border-radius: 4px; font-size: 0.8em;"">View Post</a>",9,"koiuyer.tyuiop","2025-12-08 09:33:42",1,16,1,0,0,"The 2025/26 La Liga season has begun! Live broadcast is now underway on TVWAN Sports 403.22&4#kickoff#laliga#FootballlsBack#NewSeason "
"<a href=""https://www.tiktok.com/@koiuyer.tyuiop/video/7581417695967579422"" target=""_blank"" class=""btn btn-sm"" style=""background-color: #00926c; color: white; text-decoration: none; padding: 2px 8px; border-radius: 4px; font-size: 0.8em;"">View Post</a>",9,"koiuyer.tyuiop","2025-12-08 09:34:10",1,24,0,0,0,"The 2025/26 La Liga season has begun! Live broadcast is now underway on TVWAN Sports 403.22&4#kickoff#laliga#FootballlsBack#NewSeason "
"<a href=""https://www.tiktok.com/@hfdsaioplk.codoer/video/7581417590254325006"" target=""_blank"" class=""btn btn-sm"" style=""background-color: #00926c; color: white; text-decoration: none; padding: 2px 8px; border-radius: 4px; font-size: 0.8em;"">View Post</a>",9,"hfdsaioplk.codoer","2025-12-08 09:34:25",1,164,2,0,0,"The 2025/26 La Liga season has begun! Live broadcast is now underway on TVWAN Sports 403.22&4#kickoff#laliga#FootballlsBack#NewSeason "
"<a href=""https://www.tiktok.com/@hfdsaioplk.codoer/video/7581417480531315981"" target=""_blank"" class=""btn btn-sm"" style=""background-color: #00926c; color: white; text-decoration: none; padding: 2px 8px; border-radius: 4px; font-size: 0.8em;"">View Post</a>",9,"hfdsaioplk.codoer","2025-12-08 09:33:33",1,176,4,0,0,"The 2025/26 La Liga season has begun! Live broadcast is now underway on TVWAN Sports 403.22&4#kickoff#laliga#FootballlsBack#NewSeason "
"<a href=""https://www.tiktok.com/@sog6hkcgm7/video/7581802663751224606"" target=""_blank"" class=""btn btn-sm"" style=""background-color: #00926c; color: white; text-decoration: none; padding: 2px 8px; border-radius: 4px; font-size: 0.8em;"">View Post</a>",10,"sog6hkcgm7","2025-12-09 10:28:03",1,1529,31,0,0,"Ting ting and bilqis concert blackpink deadline #ayutingting#bilqis #blackpink #deadlineworldtour #CapCut"
"<a href=""https://www.tiktok.com/@user6653373349103/video/7581801942599437623"" target=""_blank"" class=""btn btn-sm"" style=""background-color: #00926c; color: white; text-decoration: none; padding: 2px 8px; border-radius: 4px; font-size: 0.8em;"">View Post</a>",10,"user6653373349103","2025-12-09 10:26:23",1,1086,36,3,2,"Ting ting and bilqis concert blackpink deadline #ayutingting#bilqis #blackpink #deadlineworldtour #CapCut"
"<a href=""https://www.tiktok.com/@sog6hkcgm7/video/7581801804837506334"" target=""_blank"" class=""btn btn-sm"" style=""background-color: #00926c; color: white; text-decoration: none; padding: 2px 8px; border-radius: 4px; font-size: 0.8em;"">View Post</a>",10,"sog6hkcgm7","2025-12-09 10:24:42",1,28501,87,1,0,"Ting ting and bilqis concert blackpink deadline #ayutingting#bilqis #blackpink #deadlineworldtour #CapCut"
"<a href=""https://www.tiktok.com/@user6653373349103/video/7581801288149519629"" target=""_blank"" class=""btn btn-sm"" style=""background-color: #00926c; color: white; text-decoration: none; padding: 2px 8px; border-radius: 4px; font-size: 0.8em;"">View Post</a>",10,"user6653373349103","2025-12-09 10:23:02",1,414,17,1,0,"Ting ting and bilqis concert blackpink deadline #ayutingting#bilqis #blackpink #deadlineworldtour #CapCut"
"<a href=""https://www.tiktok.com/@user6653373349103/video/7581801148357643575"" target=""_blank"" class=""btn btn-sm"" style=""background-color: #00926c; color: white; text-decoration: none; padding: 2px 8px; border-radius: 4px; font-size: 0.8em;"">View Post</a>",10,"user6653373349103","2025-12-09 10:22:46",1,3135,212,15,7,"Ting ting and bilqis concert blackpink deadline #ayutingting#bilqis #blackpink #deadlineworldtour #CapCut"
"<a href=""https://www.tiktok.com/@sog6hkcgm7/video/7581801123263089950"" target=""_blank"" class=""btn btn-sm"" style=""background-color: #00926c; color: white; text-decoration: none; padding: 2px 8px; border-radius: 4px; font-size: 0.8em;"">View Post</a>",10,"sog6hkcgm7","2025-12-09 10:21:59",1,1399,7,0,0,"Ting ting and bilqis concert blackpink deadline #ayutingting#bilqis #blackpink #deadlineworldtour #CapCut"
"<a href=""https://www.tiktok.com/@udpgmf/video/7581763867236125982"" target=""_blank"" class=""btn btn-sm"" style=""background-color: #00926c; color: white; text-decoration: none; padding: 2px 8px; border-radius: 4px; font-size: 0.8em;"">View Post</a>",12,"udpgmf","2025-12-09 07:57:02",1,44588,500,9,6,"Every frame is an iconic scene! The hidden details in this movie are noticed by only 10% of viewers on their second watch！#MovieTok#FilmClips#FYP#Entertainment#ClassicMovies"
"<a href=""https://www.tiktok.com/@frwfqu/video/7581759764648955167"" target=""_blank"" class=""btn btn-sm"" style=""background-color: #00926c; color: white; text-decoration: none; padding: 2px 8px; border-radius: 4px; font-size: 0.8em;"">View Post</a>",12,"frwfqu","2025-12-09 07:40:55",1,1582,42,0,1,"Every frame is an iconic scene! The hidden details in this movie are noticed by only 10% of viewers on their second watch！#MovieTok#FilmClips#FYP#Entertainment#ClassicMovies"
"<a href=""https://www.tiktok.com/@frwfqu/video/7581032177287154974"" target=""_blank"" class=""btn btn-sm"" style=""background-color: #00926c; color: white; text-decoration: none; padding: 2px 8px; border-radius: 4px; font-size: 0.8em;"">View Post</a>",12,"frwfqu","2025-12-07 08:37:34",1,279,10,0,0,"Every frame is an iconic scene! The hidden details in this movie are noticed by only 10% of viewers on their second watch！#MovieTok#FilmClips#FYP#Entertainment#ClassicMovies"
"<a href=""https://www.tiktok.com/@frwfqu/video/7581031607486680350"" target=""_blank"" class=""btn btn-sm"" style=""background-color: #00926c; color: white; text-decoration: none; padding: 2px 8px; border-radius: 4px; font-size: 0.8em;"">View Post</a>",12,"frwfqu","2025-12-07 08:35:12",1,1532,59,0,2,"Every frame is an iconic scene! The hidden details in this movie are noticed by only 10% of viewers on their second watch！#MovieTok#FilmClips#FYP#Entertainment#ClassicMovies"
"<a href=""https://www.tiktok.com/@frwfqu/video/7581031549320105247"" target=""_blank"" class=""btn btn-sm"" style=""background-color: #00926c; color: white; text-decoration: none; padding: 2px 8px; border-radius: 4px; font-size: 0.8em;"">View Post</a>",12,"frwfqu","2025-12-07 08:35:10",1,1648,29,0,0,"Every frame is an iconic scene! The hidden details in this movie are noticed by only 10% of viewers on their second watch！#MovieTok#FilmClips#FYP#Entertainment#ClassicMovies"
"<a href=""https://www.tiktok.com/@udpgmf/video/7581031134704749855"" target=""_blank"" class=""btn btn-sm"" style=""background-color: #00926c; color: white; text-decoration: none; padding: 2px 8px; border-radius: 4px; font-size: 0.8em;"">View Post</a>",12,"udpgmf","2025-12-07 08:33:22",1,830,7,0,0,"Every frame is an iconic scene! The hidden details in this movie are noticed by only 10% of viewers on their second watch！#MovieTok#FilmClips#FYP#Entertainment#ClassicMovies"
"<a href=""https://www.tiktok.com/@udpgmf/video/7581030725789502751"" target=""_blank"" class=""btn btn-sm"" style=""background-color: #00926c; color: white; text-decoration: none; padding: 2px 8px; border-radius: 4px; font-size: 0.8em;"">View Post</a>",12,"udpgmf","2025-12-07 08:31:42",1,1184,77,0,0,"Every frame is an iconic scene! The hidden details in this movie are noticed by only 10% of viewers on their second watch！#MovieTok#FilmClips#FYP#Entertainment#ClassicMovies"
"<a href=""https://www.tiktok.com/@udpgmf/video/7581030617370955039"" target=""_blank"" class=""btn btn-sm"" style=""background-color: #00926c; color: white; text-decoration: none; padding: 2px 8px; border-radius: 4px; font-size: 0.8em;"">View Post</a>",12,"udpgmf","2025-12-07 08:31:36",1,5810,401,0,0,"Every frame is an iconic scene! The hidden details in this movie are noticed by only 10% of viewers on their second watch！#MovieTok#FilmClips#FYP#Entertainment#ClassicMovies"
"<a href=""https://www.tiktok.com/@frwfqu/video/7580655918723910943"" target=""_blank"" class=""btn btn-sm"" style=""background-color: #00926c; color: white; text-decoration: none; padding: 2px 8px; border-radius: 4px; font-size: 0.8em;"">View Post</a>",12,"frwfqu","2025-12-06 08:17:14",1,403,7,0,0,"Every frame is an iconic scene! The hidden details in this movie are noticed by only 10% of viewers on their second watch！#MovieTok#FilmClips#FYP#Entertainment#ClassicMovies"
"<a href=""https://www.tiktok.com/@udpgmf/video/7580655845323590943"" target=""_blank"" class=""btn btn-sm"" style=""background-color: #00926c; color: white; text-decoration: none; padding: 2px 8px; border-radius: 4px; font-size: 0.8em;"">View Post</a>",12,"udpgmf","2025-12-06 08:17:09",1,803,10,0,0,"Every frame is an iconic scene! The hidden details in this movie are noticed by only 10% of viewers on their second watch！#MovieTok#FilmClips#FYP#Entertainment#ClassicMovies"
"<a href=""https://www.tiktok.com/@frwfqu/video/7580655290975063326"" target=""_blank"" class=""btn btn-sm"" style=""background-color: #00926c; color: white; text-decoration: none; padding: 2px 8px; border-radius: 4px; font-size: 0.8em;"">View Post</a>",12,"frwfqu","2025-12-06 08:15:03",1,847,25,0,0,"Every frame is an iconic scene! The hidden details in this movie are noticed by only 10% of viewers on their second watch！#MovieTok#FilmClips#FYP#Entertainment#ClassicMovies"
"<a href=""https://www.tiktok.com/@udpgmf/video/7580655198222290206"" target=""_blank"" class=""btn btn-sm"" style=""background-color: #00926c; color: white; text-decoration: none; padding: 2px 8px; border-radius: 4px; font-size: 0.8em;"">View Post</a>",12,"udpgmf","2025-12-06 08:14:56",1,1044,37,0,0,"Every frame is an iconic scene! The hidden details in this movie are noticed by only 10% of viewers on their second watch！#MovieTok#FilmClips#FYP#Entertainment#ClassicMovies"
"<a href=""https://www.tiktok.com/@frwfqu/video/7580655134695296287"" target=""_blank"" class=""btn btn-sm"" style=""background-color: #00926c; color: white; text-decoration: none; padding: 2px 8px; border-radius: 4px; font-size: 0.8em;"">View Post</a>",12,"frwfqu","2025-12-06 08:14:28",1,360,5,0,0,"Every frame is an iconic scene! The hidden details in this movie are noticed by only 10% of viewers on their second watch！#MovieTok#FilmClips#FYP#Entertainment#ClassicMovies"
"<a href=""https://www.tiktok.com/@udpgmf/video/7580655114365472030"" target=""_blank"" class=""btn btn-sm"" style=""background-color: #00926c; color: white; text-decoration: none; padding: 2px 8px; border-radius: 4px; font-size: 0.8em;"">View Post</a>",12,"udpgmf","2025-12-06 08:14:24",1,1289,27,0,0,"Every frame is an iconic scene! The hidden details in this movie are noticed by only 10% of viewers on their second watch！#MovieTok#FilmClips#FYP#Entertainment#ClassicMovies"
