"Network","Number of Accounts","Network Density","Network Diameter","Clustering Coefficient","Avg Views","Avg Likes","Avg Comments","Avg Shares","Member Accounts"
1,2,1,6,0,332.6,16.2,0.4,0.2,"chioott, houtds"
2,2,1,6,0,686.4,32.8,0.2,0.8,"user7929914145369, user9338301910612"
3,2,1,6,0,337.8,14.6,0,0,"errcnytp4626, hjkm178"
4,2,1,7,0,407.333,3.667,0.333,1.333,"iqusbxie5634, lzljsczj23974"
5,4,0.5,12,0,904.6,28.8,0.1,0.2,"bembzzu36484, rpfepl66750, jbebi65271, itthesp20235"
6,2,1,6,0,572.2,6,0,0.2,"jsxuezir62907, gpbmvf1091"
7,2,1,6,0,5889.571,78,1,1,"user2814222008274, user9810325967350"
8,2,1,9,0,5928.833,154.167,1.333,3.833,"ali638819, gfdfdfffy"
9,3,0.667,12,0,295.667,6.222,0.222,0.667,"koiuyer.tyuiop, hfdsaioplk.codoer, vczsaopmnjcofdgxz"
10,2,1,6,0,6010.667,65,3.333,1.5,"sog6hkcgm7, user6653373349103"
11,5,0.9,15,0.875,1155.292,45.417,0.125,0.542,"aed3345, clarkkenneth1471, colliercarol3790, dzu2bxozg0, tdy7axi1g1"
12,2,1,7,0,4442.786,88.286,0.643,0.643,"frwfqu, udpgmf"
13,3,0.667,12,0,536.786,18.5,0.071,0.286,"coke02758, coke8273, coke0283"
14,3,1,6,1,265.077,9.462,0.154,0.077,"the.robert.sport8, coke14426, coke82737"
15,2,1,8,0,352.364,17.455,0.091,0,"user3922396381688, coke73813"
16,2,1,6,0,336.143,10.571,0,0.143,"gardener.gaylene, user59880357992622"
17,3,1,8,1,227,10.222,0,0.111,"bdl055747, user83761877821520, user97663246620862"
18,5,0.7,15,0.8,207.857,12.714,0.071,0.071,"hng35758, user79777939901410, user9308818801408, xy04146, yctk03484"
19,6,0.733,16,0.727,1002.227,31.591,0,0.091,"user2436181610767, raezun1, yanzong352, uetolx, yanzong357, yanzong302"
20,7,0.524,18,0.545,1695.615,46.654,0.577,1.038,"yanzong361, hauhgjgu, yanzong31, oi0y7kwan6, swuowa, yanzong157, yanzong365"
