"Account","Network","Unique Shares","Avg Time Between Shares (sec)","Edge Symmetry Score","Degree","Strength","Betweenness","Avg Views","Avg Likes","Avg Comments","Avg Shares"
"<a href=""https://tiktok.com/@dyfxtfd"" target=""_blank"">@dyfxtfd</a>",1,2,56.333,1,1,6,0,4156.333,83.333,2.333,0
"<a href=""https://tiktok.com/@fughf21"" target=""_blank"">@fughf21</a>",3,2,64.875,1,4,24,0.133,9127.333,138.667,2.667,4
"<a href=""https://tiktok.com/@hsozhs6"" target=""_blank"">@hsozhs6</a>",3,2,2.167,1,1,6,0,2689.5,105,3.5,3
"<a href=""https://tiktok.com/@jfkovj5"" target=""_blank"">@jfkovj5</a>",3,2,37.667,1,1,6,0,1159.5,88.5,1,1
"<a href=""https://tiktok.com/@ssssddd45"" target=""_blank"">@ssssddd45</a>",1,2,56.333,1,1,6,0,2734.5,77.5,3,0.5
"<a href=""https://tiktok.com/@user5626060056906"" target=""_blank"">@user5626060056906</a>",3,2,109.333,1,1,6,0,2488,99,0.5,0
"<a href=""https://tiktok.com/@user6922385284275"" target=""_blank"">@user6922385284275</a>",3,2,110.333,1,1,6,0,875.5,33,1,1
"<a href=""https://tiktok.com/@user769357200"" target=""_blank"">@user769357200</a>",2,2,40.333,1,1,6,0,7726.25,102.5,2,0
"<a href=""https://tiktok.com/@user9263706665749"" target=""_blank"">@user9263706665749</a>",2,2,40.333,1,1,6,0,3099,90,0.5,2.5
"<a href=""https://tiktok.com/@username.123456804"" target=""_blank"">@username.123456804</a>",4,5,99.667,1,1,6,0,883.13,69.304,3.261,0.913
"<a href=""https://tiktok.com/@username.123467897"" target=""_blank"">@username.123467897</a>",4,6,99.667,1,1,6,0,957.154,71.154,6.731,3.231
