"Post URL","Network","Author","Timestamp","Number of Accounts","Views","Likes","Comments","Shares","Description"
"<a href=""https://www.tiktok.com/@dyfxtfd/video/7499770630443650350"" target=""_blank"" class=""btn btn-sm"" style=""background-color: #00926c; color: white; text-decoration: none; padding: 2px 8px; border-radius: 4px; font-size: 0.8em;"">View Post</a>",1,"dyfxtfd",2025-05-02 09:03:18,1,2850,58,1,0,"JubalinthemorningradioprogramBrookeandJubal#trenting#fyp#dateupdate#brookeandjubal#phonecall#jubalfresho#seconddateupdate#seconddates#seconddate#storytime#qua#storytime#entertainm "
"<a href=""https://www.tiktok.com/@dyfxtfd/video/7499770589339536686"" target=""_blank"" class=""btn btn-sm"" style=""background-color: #00926c; color: white; text-decoration: none; padding: 2px 8px; border-radius: 4px; font-size: 0.8em;"">View Post</a>",1,"dyfxtfd",2025-05-02 09:02:59,1,4809,96,3,0,"JubalinthemorningradioprogramBrookeandJubal#trenting#fyp#dateupdate#brookeandjubal#phonecall#jubalfresho#seconddateupdate#seconddates#seconddate#storytime#qua#storytime#entertainm "
"<a href=""https://www.tiktok.com/@ssssddd45/video/7499770358363524398"" target=""_blank"" class=""btn btn-sm"" style=""background-color: #00926c; color: white; text-decoration: none; padding: 2px 8px; border-radius: 4px; font-size: 0.8em;"">View Post</a>",1,"ssssddd45",2025-05-02 09:02:31,1,2186,69,0,0,"JubalinthemorningradioprogramBrookeandJubal#trenting#fyp#dateupdate#brookeandjubal#phonecall#jubalfresho#seconddateupdate#seconddates#seconddate#storytime#qua#storytime#entertainm "
"<a href=""https://www.tiktok.com/@ssssddd45/video/7499770061452873003"" target=""_blank"" class=""btn btn-sm"" style=""background-color: #00926c; color: white; text-decoration: none; padding: 2px 8px; border-radius: 4px; font-size: 0.8em;"">View Post</a>",1,"ssssddd45",2025-05-02 09:01:47,1,3283,86,6,1,"JubalinthemorningradioprogramBrookeandJubal#trenting#fyp#dateupdate#brookeandjubal#phonecall#jubalfresho#seconddateupdate#seconddates#seconddate#storytime#qua#storytime#entertainm "
"<a href=""https://www.tiktok.com/@dyfxtfd/video/7499770589339536686"" target=""_blank"" class=""btn btn-sm"" style=""background-color: #00926c; color: white; text-decoration: none; padding: 2px 8px; border-radius: 4px; font-size: 0.8em;"">View Post</a>",1,"dyfxtfd",2025-05-02 09:02:59,1,4810,96,3,0,"JubalinthemorningradioprogramBrookeandJubal#trenting#fyp#dateupdate#brookeandjubal#phonecall#jubalfresho#seconddateupdate#seconddates#seconddate#storytime#qua#storytime#entertainm "
"<a href=""https://www.tiktok.com/@user9263706665749/video/7499783083240017195"" target=""_blank"" class=""btn btn-sm"" style=""background-color: #00926c; color: white; text-decoration: none; padding: 2px 8px; border-radius: 4px; font-size: 0.8em;"">View Post</a>",2,"user9263706665749",2025-05-02 09:51:18,1,3230,96,1,2,"#trenting#fyp#dateupdate#brookeandjubal
 #phonecall#jubalfresho#seconddateupdate#seconddates#seconddate#storytime#qua#storytime#entertainment#textstory#tumbir#fyp#reddit#tiktokusa#fyp≥°viral
 #fypage#askreddit#russellSecondDateUpdate#samantha#austin#russell#barecontessa#brookeandjubalshow"
"<a href=""https://www.tiktok.com/@user769357200/video/7499782980898966830"" target=""_blank"" class=""btn btn-sm"" style=""background-color: #00926c; color: white; text-decoration: none; padding: 2px 8px; border-radius: 4px; font-size: 0.8em;"">View Post</a>",2,"user769357200",2025-05-02 09:50:41,1,1464,36,1,0,"#trenting#fyp#dateupdate#brookeandjubal
 #phonecall#jubalfresho#seconddateupdate#seconddates#seconddate#storytime#qua#storytime#entertainment#textstory#tumbir#fyp#reddit#tiktokusa#fyp≥°viral
 #fypage#askreddit#russellSecondDateUpdate#samantha#austin#russell#barecontessa#brookeandjubalshow"
"<a href=""https://www.tiktok.com/@user9263706665749/video/7499782780730150190"" target=""_blank"" class=""btn btn-sm"" style=""background-color: #00926c; color: white; text-decoration: none; padding: 2px 8px; border-radius: 4px; font-size: 0.8em;"">View Post</a>",2,"user9263706665749",2025-05-02 09:49:34,1,2968,84,0,3,"#trenting#fyp#dateupdate#brookeandjubal
 #phonecall#jubalfresho#seconddateupdate#seconddates#seconddate#storytime#qua#storytime#entertainment#textstory#tumbir#fyp#reddit#tiktokusa#fyp≥°viral
 #fypage#askreddit#russellSecondDateUpdate#samantha#austin#russell#barecontessa#brookeandjubalshow"
"<a href=""https://www.tiktok.com/@user769357200/video/7499782639554006318"" target=""_blank"" class=""btn btn-sm"" style=""background-color: #00926c; color: white; text-decoration: none; padding: 2px 8px; border-radius: 4px; font-size: 0.8em;"">View Post</a>",2,"user769357200",2025-05-02 09:49:17,1,13985,169,3,0,"#trenting#fyp#dateupdate#brookeandjubal
 #phonecall#jubalfresho#seconddateupdate#seconddates#seconddate#storytime#qua#storytime#entertainment#textstory#tumbir#fyp#reddit#tiktokusa#fyp≥°viral
 #fypage#askreddit#russellSecondDateUpdate#samantha#austin#russell#barecontessa#brookeandjubalshow"
"<a href=""https://www.tiktok.com/@user769357200/video/7499782980898966830"" target=""_blank"" class=""btn btn-sm"" style=""background-color: #00926c; color: white; text-decoration: none; padding: 2px 8px; border-radius: 4px; font-size: 0.8em;"">View Post</a>",2,"user769357200",2025-05-02 09:50:41,1,1465,36,1,0,"#trenting#fyp#dateupdate#brookeandjubal
 #phonecall#jubalfresho#seconddateupdate#seconddates#seconddate#storytime#qua#storytime#entertainment#textstory#tumbir#fyp#reddit#tiktokusa#fyp≥°viral
 #fypage#askreddit#russellSecondDateUpdate#samantha#austin#russell#barecontessa#brookeandjubalshow"
"<a href=""https://www.tiktok.com/@user769357200/video/7499782639554006318"" target=""_blank"" class=""btn btn-sm"" style=""background-color: #00926c; color: white; text-decoration: none; padding: 2px 8px; border-radius: 4px; font-size: 0.8em;"">View Post</a>",2,"user769357200",2025-05-02 09:49:17,1,13991,169,3,0,"#trenting#fyp#dateupdate#brookeandjubal
 #phonecall#jubalfresho#seconddateupdate#seconddates#seconddate#storytime#qua#storytime#entertainment#textstory#tumbir#fyp#reddit#tiktokusa#fyp≥°viral
 #fypage#askreddit#russellSecondDateUpdate#samantha#austin#russell#barecontessa#brookeandjubalshow"
"<a href=""https://www.tiktok.com/@jfkovj5/video/7499732722043079982"" target=""_blank"" class=""btn btn-sm"" style=""background-color: #00926c; color: white; text-decoration: none; padding: 2px 8px; border-radius: 4px; font-size: 0.8em;"">View Post</a>",3,"jfkovj5",2025-05-02 06:35:01,1,1411,87,1,2,"Jubalinthemorningradioprogram""BrookeandJubal""#trenting#fyp#dateupdate#brookeandjubal#phonecall#jubalfresho #seconddateupdate#seconddates#seconddate#storytime#qua #storytime#entertainment #textstory#tumbir#fyp#reddit#tiktokusa#fypシviral#fypage#askreddit#fypジviral#fyp#fov#foryoupage#fup#fy#christmas"
"<a href=""https://www.tiktok.com/@fughf21/video/7499732713549663518"" target=""_blank"" class=""btn btn-sm"" style=""background-color: #00926c; color: white; text-decoration: none; padding: 2px 8px; border-radius: 4px; font-size: 0.8em;"">View Post</a>",3,"fughf21",2025-05-02 06:34:18,1,4537,90,0,0,"Jubalinthemorningradioprogram""BrookeandJubal""#trenting#fyp#dateupdate#brookeandjubal#phonecall#jubalfresho #seconddateupdate#seconddates#seconddate#storytime#qua #storytime#entertainment #textstory#tumbir#fyp#reddit#tiktokusa#fypシviral#fypage#askreddit#fypジviral#fyp#fov#foryoupage#fup#fy#christmas"
"<a href=""https://www.tiktok.com/@fughf21/video/7499732664597925150"" target=""_blank"" class=""btn btn-sm"" style=""background-color: #00926c; color: white; text-decoration: none; padding: 2px 8px; border-radius: 4px; font-size: 0.8em;"">View Post</a>",3,"fughf21",2025-05-02 06:34:17,1,11422,163,4,6,"Jubalinthemorningradioprogram""BrookeandJubal""#trenting#fyp#dateupdate#brookeandjubal#phonecall#jubalfresho #seconddateupdate#seconddates#seconddate#storytime#qua #storytime#entertainment #textstory#tumbir#fyp#reddit#tiktokusa#fypシviral#fypage#askreddit#fypジviral#fyp#fov#foryoupage#fup#fy#christmas"
"<a href=""https://www.tiktok.com/@jfkovj5/video/7499732663507488043"" target=""_blank"" class=""btn btn-sm"" style=""background-color: #00926c; color: white; text-decoration: none; padding: 2px 8px; border-radius: 4px; font-size: 0.8em;"">View Post</a>",3,"jfkovj5",2025-05-02 06:34:49,1,908,90,1,0,"Jubalinthemorningradioprogram""BrookeandJubal""#trenting#fyp#dateupdate#brookeandjubal#phonecall#jubalfresho #seconddateupdate#seconddates#seconddate#storytime#qua #storytime#entertainment #textstory#tumbir#fyp#reddit#tiktokusa#fypシviral#fypage#askreddit#fypジviral#fyp#fov#foryoupage#fup#fy#christmas"
"<a href=""https://www.tiktok.com/@hsozhs6/video/7499732578874723627"" target=""_blank"" class=""btn btn-sm"" style=""background-color: #00926c; color: white; text-decoration: none; padding: 2px 8px; border-radius: 4px; font-size: 0.8em;"">View Post</a>",3,"hsozhs6",2025-05-02 06:34:19,1,4199,182,7,4,"Jubalinthemorningradioprogram""BrookeandJubal""#trenting#fyp#dateupdate#brookeandjubal#phonecall#jubalfresho #seconddateupdate#seconddates#seconddate#storytime#qua #storytime#entertainment #textstory#tumbir#fyp#reddit#tiktokusa#fypシviral#fypage#askreddit#fypジviral#fyp#fov#foryoupage#fup#fy#christmas"
"<a href=""https://www.tiktok.com/@hsozhs6/video/7499732569072602414"" target=""_blank"" class=""btn btn-sm"" style=""background-color: #00926c; color: white; text-decoration: none; padding: 2px 8px; border-radius: 4px; font-size: 0.8em;"">View Post</a>",3,"hsozhs6",2025-05-02 06:34:20,1,1180,28,0,2,"Jubalinthemorningradioprogram""BrookeandJubal""#trenting#fyp#dateupdate#brookeandjubal#phonecall#jubalfresho #seconddateupdate#seconddates#seconddate#storytime#qua #storytime#entertainment #textstory#tumbir#fyp#reddit#tiktokusa#fypシviral#fypage#askreddit#fypジviral#fyp#fov#foryoupage#fup#fy#christmas"
"<a href=""https://www.tiktok.com/@user5626060056906/video/7499732450470268191"" target=""_blank"" class=""btn btn-sm"" style=""background-color: #00926c; color: white; text-decoration: none; padding: 2px 8px; border-radius: 4px; font-size: 0.8em;"">View Post</a>",3,"user5626060056906",2025-05-02 06:32:27,1,1583,106,1,0,"Jubalinthemorningradioprogram""BrookeandJubal""#trenting#fyp#dateupdate#brookeandjubal#phonecall#jubalfresho #seconddateupdate#seconddates#seconddate#storytime#qua #storytime#entertainment #textstory#tumbir#fyp#reddit#tiktokusa#fypシviral#fypage#askreddit#fypジviral#fyp#fov#foryoupage#fup#fy#christmas"
"<a href=""https://www.tiktok.com/@user6922385284275/video/7499732229187177759"" target=""_blank"" class=""btn btn-sm"" style=""background-color: #00926c; color: white; text-decoration: none; padding: 2px 8px; border-radius: 4px; font-size: 0.8em;"">View Post</a>",3,"user6922385284275",2025-05-02 06:32:28,1,1144,53,2,1,"Jubalinthemorningradioprogram""BrookeandJubal""#trenting#fyp#dateupdate#brookeandjubal#phonecall#jubalfresho #seconddateupdate#seconddates#seconddate#storytime#qua #storytime#entertainment #textstory#tumbir#fyp#reddit#tiktokusa#fypシviral#fypage#askreddit#fypジviral#fyp#fov#foryoupage#fup#fy#christmas"
"<a href=""https://www.tiktok.com/@user5626060056906/video/7499732212393250079"" target=""_blank"" class=""btn btn-sm"" style=""background-color: #00926c; color: white; text-decoration: none; padding: 2px 8px; border-radius: 4px; font-size: 0.8em;"">View Post</a>",3,"user5626060056906",2025-05-02 06:32:29,1,3393,92,0,0,"Jubalinthemorningradioprogram""BrookeandJubal""#trenting#fyp#dateupdate#brookeandjubal#phonecall#jubalfresho #seconddateupdate#seconddates#seconddate#storytime#qua #storytime#entertainment #textstory#tumbir#fyp#reddit#tiktokusa#fypシviral#fypage#askreddit#fypジviral#fyp#fov#foryoupage#fup#fy#christmas"
"<a href=""https://www.tiktok.com/@user6922385284275/video/7499732198552030494"" target=""_blank"" class=""btn btn-sm"" style=""background-color: #00926c; color: white; text-decoration: none; padding: 2px 8px; border-radius: 4px; font-size: 0.8em;"">View Post</a>",3,"user6922385284275",2025-05-02 06:32:26,1,607,13,0,1,"Jubalinthemorningradioprogram""BrookeandJubal""#trenting#fyp#dateupdate#brookeandjubal#phonecall#jubalfresho #seconddateupdate#seconddates#seconddate#storytime#qua #storytime#entertainment #textstory#tumbir#fyp#reddit#tiktokusa#fypシviral#fypage#askreddit#fypジviral#fyp#fov#foryoupage#fup#fy#christmas"
"<a href=""https://www.tiktok.com/@fughf21/video/7499732664597925150"" target=""_blank"" class=""btn btn-sm"" style=""background-color: #00926c; color: white; text-decoration: none; padding: 2px 8px; border-radius: 4px; font-size: 0.8em;"">View Post</a>",3,"fughf21",2025-05-02 06:34:17,1,11423,163,4,6,"Jubalinthemorningradioprogram""BrookeandJubal""#trenting#fyp#dateupdate#brookeandjubal#phonecall#jubalfresho #seconddateupdate#seconddates#seconddate#storytime#qua #storytime#entertainment #textstory#tumbir#fyp#reddit#tiktokusa#fypシviral#fypage#askreddit#fypジviral#fyp#fov#foryoupage#fup#fy#christmas"
"<a href=""https://www.tiktok.com/@username.123456804/video/7499786279639354654"" target=""_blank"" class=""btn btn-sm"" style=""background-color: #00926c; color: white; text-decoration: none; padding: 2px 8px; border-radius: 4px; font-size: 0.8em;"">View Post</a>",4,"username.123456804",2025-05-02 10:02:45,1,119,21,3,0,"tiktok team please don't under review my video  #foryoupage #foryoupage #grow #account #viral #1millionaudition #1millionaudition #1millionaudition #fvpシ #hassanchannar_2009 "
"<a href=""https://www.tiktok.com/@username.123456804/video/7499786214938053918"" target=""_blank"" class=""btn btn-sm"" style=""background-color: #00926c; color: white; text-decoration: none; padding: 2px 8px; border-radius: 4px; font-size: 0.8em;"">View Post</a>",4,"username.123456804",2025-05-02 10:02:09,1,63,6,0,0,"tiktok team please don't under review my video  #foryoupage #foryoupage #grow #account #viral #1millionaudition #1millionaudition #1millionaudition #fvpシ #hassanchannar_2009 "
"<a href=""https://www.tiktok.com/@username.123456804/video/7499785825723501854"" target=""_blank"" class=""btn btn-sm"" style=""background-color: #00926c; color: white; text-decoration: none; padding: 2px 8px; border-radius: 4px; font-size: 0.8em;"">View Post</a>",4,"username.123456804",2025-05-02 10:01:14,1,56,7,1,0,"tiktok team please don't under review my video  #foryoupage #foryoupage #grow #account #viral #1millionaudition #1millionaudition #1millionaudition #fvpシ #hassanchannar_2009 "
"<a href=""https://www.tiktok.com/@username.123467897/video/7499785467936689439"" target=""_blank"" class=""btn btn-sm"" style=""background-color: #00926c; color: white; text-decoration: none; padding: 2px 8px; border-radius: 4px; font-size: 0.8em;"">View Post</a>",4,"username.123467897",2025-05-02 09:59:35,1,303,49,6,1,"tiktok team please don't under review my video  #foryoupage #foryoupage #grow #account #viral #1millionaudition #1millionaudition #1millionaudition #fvpシ #hassanchannar_2009 "
"<a href=""https://www.tiktok.com/@username.123467897/video/7499785210507087134"" target=""_blank"" class=""btn btn-sm"" style=""background-color: #00926c; color: white; text-decoration: none; padding: 2px 8px; border-radius: 4px; font-size: 0.8em;"">View Post</a>",4,"username.123467897",2025-05-02 09:58:38,1,110,14,1,0,"tiktok team please don't under review my video  #foryoupage #foryoupage #grow #account #viral #1millionaudition #1millionaudition #1millionaudition #fvpシ #hassanchannar_2009 "
"<a href=""https://www.tiktok.com/@username.123456804/video/7499394801553624366"" target=""_blank"" class=""btn btn-sm"" style=""background-color: #00926c; color: white; text-decoration: none; padding: 2px 8px; border-radius: 4px; font-size: 0.8em;"">View Post</a>",4,"username.123456804",2025-05-01 08:45:17,1,600,74,6,0,"tiktok team please don't under review my video  #foryoupage #foryoupage #grow #account #viral #1millionaudition #1millionaudition #1millionaudition #fvpシ #hassanchannar_2009 "
"<a href=""https://www.tiktok.com/@username.123456804/video/7499394686818258218"" target=""_blank"" class=""btn btn-sm"" style=""background-color: #00926c; color: white; text-decoration: none; padding: 2px 8px; border-radius: 4px; font-size: 0.8em;"">View Post</a>",4,"username.123456804",2025-05-01 08:44:10,1,1403,105,2,1,"tiktok team please don't under review my video  #foryoupage #foryoupage #grow #account #viral #1millionaudition #1millionaudition #1millionaudition #fvpシ #hassanchannar_2009 "
"<a href=""https://www.tiktok.com/@username.123456804/video/7499394553435131182"" target=""_blank"" class=""btn btn-sm"" style=""background-color: #00926c; color: white; text-decoration: none; padding: 2px 8px; border-radius: 4px; font-size: 0.8em;"">View Post</a>",4,"username.123456804",2025-05-01 08:43:07,1,670,80,3,0,"tiktok team please don't under review my video  #foryoupage #foryoupage #grow #account #viral #1millionaudition #1millionaudition #1millionaudition #fvpシ #hassanchannar_2009 "
"<a href=""https://www.tiktok.com/@username.123467897/video/7499393645569821998"" target=""_blank"" class=""btn btn-sm"" style=""background-color: #00926c; color: white; text-decoration: none; padding: 2px 8px; border-radius: 4px; font-size: 0.8em;"">View Post</a>",4,"username.123467897",2025-05-01 08:39:56,1,133,12,1,0,"tiktok team please don't under review my video  #foryoupage #foryoupage #grow #account #viral #1millionaudition #1millionaudition #1millionaudition #fvpシ #hassanchannar_2009 "
"<a href=""https://www.tiktok.com/@username.123467897/video/7499393572139961643"" target=""_blank"" class=""btn btn-sm"" style=""background-color: #00926c; color: white; text-decoration: none; padding: 2px 8px; border-radius: 4px; font-size: 0.8em;"">View Post</a>",4,"username.123467897",2025-05-01 08:38:52,1,302,29,11,0,"tiktok team please don't under review my video  #foryoupage #foryoupage #grow #account #viral #1millionaudition #1millionaudition #1millionaudition #fvpシ #hassanchannar_2009 "
"<a href=""https://www.tiktok.com/@username.123456804/video/7499016107513302318"" target=""_blank"" class=""btn btn-sm"" style=""background-color: #00926c; color: white; text-decoration: none; padding: 2px 8px; border-radius: 4px; font-size: 0.8em;"">View Post</a>",4,"username.123456804",2025-04-30 08:14:58,1,348,47,4,0,"tiktok team please don't under review my video  #foryoupage #foryoupage #grow #account #viral #1millionaudition #1millionaudition #1millionaudition #fvpシ #hassanchannar_2009 "
"<a href=""https://www.tiktok.com/@username.123456804/video/7499015760962997546"" target=""_blank"" class=""btn btn-sm"" style=""background-color: #00926c; color: white; text-decoration: none; padding: 2px 8px; border-radius: 4px; font-size: 0.8em;"">View Post</a>",4,"username.123456804",2025-04-30 08:13:42,1,82,11,1,0,"tiktok team please don't under review my video  #foryoupage #foryoupage #grow #account #viral #1millionaudition #1millionaudition #1millionaudition #fvpシ #hassanchannar_2009 "
"<a href=""https://www.tiktok.com/@username.123456804/video/7499015526409325870"" target=""_blank"" class=""btn btn-sm"" style=""background-color: #00926c; color: white; text-decoration: none; padding: 2px 8px; border-radius: 4px; font-size: 0.8em;"">View Post</a>",4,"username.123456804",2025-04-30 08:12:50,1,241,20,2,0,"tiktok team please don't under review my video  #foryoupage #foryoupage #grow #account #viral #1millionaudition #1millionaudition #1millionaudition #fvpシ #hassanchannar_2009 "
"<a href=""https://www.tiktok.com/@username.123467897/video/7499014339672771883"" target=""_blank"" class=""btn btn-sm"" style=""background-color: #00926c; color: white; text-decoration: none; padding: 2px 8px; border-radius: 4px; font-size: 0.8em;"">View Post</a>",4,"username.123467897",2025-04-30 08:08:14,1,6152,317,24,39,"tiktok team please don't under review my video  #foryoupage #foryoupage #grow #account #viral #1millionaudition #1millionaudition #1millionaudition #fvpシ #hassanchannar_2009 "
"<a href=""https://www.tiktok.com/@username.123467897/video/7499014080146001195"" target=""_blank"" class=""btn btn-sm"" style=""background-color: #00926c; color: white; text-decoration: none; padding: 2px 8px; border-radius: 4px; font-size: 0.8em;"">View Post</a>",4,"username.123467897",2025-04-30 08:07:21,1,168,15,3,1,"tiktok team please don't under review my video  #foryoupage #foryoupage #grow #account #viral #1millionaudition #1millionaudition #1millionaudition #fvpシ #hassanchannar_2009 "
"<a href=""https://www.tiktok.com/@username.123467897/video/7499013851854146858"" target=""_blank"" class=""btn btn-sm"" style=""background-color: #00926c; color: white; text-decoration: none; padding: 2px 8px; border-radius: 4px; font-size: 0.8em;"">View Post</a>",4,"username.123467897",2025-04-30 08:06:23,1,4355,289,23,18,"tiktok team please don't under review my video  #foryoupage #foryoupage #grow #account #viral #1millionaudition #1millionaudition #1millionaudition #fvpシ #hassanchannar_2009 "
"<a href=""https://www.tiktok.com/@username.123467897/video/7498674416956476718"" target=""_blank"" class=""btn btn-sm"" style=""background-color: #00926c; color: white; text-decoration: none; padding: 2px 8px; border-radius: 4px; font-size: 0.8em;"">View Post</a>",4,"username.123467897",2025-04-29 10:06:45,1,205,11,2,1,"tiktok team please don't under review my video  #foryoupage #foryoupage #grow #account #viral #1millionaudition #1millionaudition #1millionaudition #fvpシ #hassanchannar_2009 "
"<a href=""https://www.tiktok.com/@username.123456804/video/7498283954835852587"" target=""_blank"" class=""btn btn-sm"" style=""background-color: #00926c; color: white; text-decoration: none; padding: 2px 8px; border-radius: 4px; font-size: 0.8em;"">View Post</a>",4,"username.123456804",2025-04-28 08:53:50,1,153,18,2,0,"tiktok team please don't under review my video  #foryoupage #foryoupage #grow #account #viral #1millionaudition #1millionaudition #1millionaudition #fvpシ #hassanchannar_2009 "
"<a href=""https://www.tiktok.com/@username.123467897/video/7498282534028037422"" target=""_blank"" class=""btn btn-sm"" style=""background-color: #00926c; color: white; text-decoration: none; padding: 2px 8px; border-radius: 4px; font-size: 0.8em;"">View Post</a>",4,"username.123467897",2025-04-28 08:48:55,1,502,49,7,1,"tiktok team please don't under review my video  #foryoupage #foryoupage #grow #account #viral #1millionaudition #1millionaudition #1millionaudition #fvpシ #hassanchannar_2009 "
"<a href=""https://www.tiktok.com/@username.123467897/video/7498281879423175982"" target=""_blank"" class=""btn btn-sm"" style=""background-color: #00926c; color: white; text-decoration: none; padding: 2px 8px; border-radius: 4px; font-size: 0.8em;"">View Post</a>",4,"username.123467897",2025-04-28 08:46:23,1,367,37,14,1,"tiktok team please don't under review my video  #foryoupage #foryoupage #grow #account #viral #1millionaudition #1millionaudition #1millionaudition #fvpシ #hassanchannar_2009 "
"<a href=""https://www.tiktok.com/@username.123456804/video/7499786238329752862"" target=""_blank"" class=""btn btn-sm"" style=""background-color: #00926c; color: white; text-decoration: none; padding: 2px 8px; border-radius: 4px; font-size: 0.8em;"">View Post</a>",4,"username.123456804",2025-05-02 10:02:25,1,76,9,1,0,"tiktok team please don't under review my video  #foryoupage #foryoupage #viral #account #grow #1millionaudition #1millionaudition #1millionaudition #fvpシ #hassanchannar_2009 "
"<a href=""https://www.tiktok.com/@username.123456804/video/7499786023094734110"" target=""_blank"" class=""btn btn-sm"" style=""background-color: #00926c; color: white; text-decoration: none; padding: 2px 8px; border-radius: 4px; font-size: 0.8em;"">View Post</a>",4,"username.123456804",2025-05-02 10:01:40,1,66,8,2,0,"tiktok team please don't under review my video  #foryoupage #foryoupage #viral #account #grow #1millionaudition #1millionaudition #1millionaudition #fvpシ #hassanchannar_2009 "
"<a href=""https://www.tiktok.com/@username.123456804/video/7499785875891490079"" target=""_blank"" class=""btn btn-sm"" style=""background-color: #00926c; color: white; text-decoration: none; padding: 2px 8px; border-radius: 4px; font-size: 0.8em;"">View Post</a>",4,"username.123456804",2025-05-02 10:00:59,1,47,4,1,0,"tiktok team please don't under review my video  #foryoupage #foryoupage #viral #account #grow #1millionaudition #1millionaudition #1millionaudition #fvpシ #hassanchannar_2009 "
"<a href=""https://www.tiktok.com/@username.123467897/video/7499785581191286047"" target=""_blank"" class=""btn btn-sm"" style=""background-color: #00926c; color: white; text-decoration: none; padding: 2px 8px; border-radius: 4px; font-size: 0.8em;"">View Post</a>",4,"username.123467897",2025-05-02 09:59:48,1,344,42,2,1,"tiktok team please don't under review my video  #foryoupage #foryoupage #viral #account #grow #1millionaudition #1millionaudition #1millionaudition #fvpシ #hassanchannar_2009 "
"<a href=""https://www.tiktok.com/@username.123467897/video/7499785330019601695"" target=""_blank"" class=""btn btn-sm"" style=""background-color: #00926c; color: white; text-decoration: none; padding: 2px 8px; border-radius: 4px; font-size: 0.8em;"">View Post</a>",4,"username.123467897",2025-05-02 09:59:06,1,369,48,6,3,"tiktok team please don't under review my video  #foryoupage #foryoupage #viral #account #grow #1millionaudition #1millionaudition #1millionaudition #fvpシ #hassanchannar_2009 "
"<a href=""https://www.tiktok.com/@username.123467897/video/7499785043582274847"" target=""_blank"" class=""btn btn-sm"" style=""background-color: #00926c; color: white; text-decoration: none; padding: 2px 8px; border-radius: 4px; font-size: 0.8em;"">View Post</a>",4,"username.123467897",2025-05-02 09:58:18,1,112,11,2,0,"tiktok team please don't under review my video  #foryoupage #foryoupage #viral #account #grow #1millionaudition #1millionaudition #1millionaudition #fvpシ #hassanchannar_2009 "
"<a href=""https://www.tiktok.com/@username.123456804/video/7499394838916353326"" target=""_blank"" class=""btn btn-sm"" style=""background-color: #00926c; color: white; text-decoration: none; padding: 2px 8px; border-radius: 4px; font-size: 0.8em;"">View Post</a>",4,"username.123456804",2025-05-01 08:44:58,1,542,63,3,0,"tiktok team please don't under review my video  #foryoupage #foryoupage #viral #account #grow #1millionaudition #1millionaudition #1millionaudition #fvpシ #hassanchannar_2009 "
"<a href=""https://www.tiktok.com/@username.123456804/video/7499394542186188078"" target=""_blank"" class=""btn btn-sm"" style=""background-color: #00926c; color: white; text-decoration: none; padding: 2px 8px; border-radius: 4px; font-size: 0.8em;"">View Post</a>",4,"username.123456804",2025-05-01 08:43:24,1,80,10,0,0,"tiktok team please don't under review my video  #foryoupage #foryoupage #viral #account #grow #1millionaudition #1millionaudition #1millionaudition #fvpシ #hassanchannar_2009 "
"<a href=""https://www.tiktok.com/@username.123456804/video/7499394407326698794"" target=""_blank"" class=""btn btn-sm"" style=""background-color: #00926c; color: white; text-decoration: none; padding: 2px 8px; border-radius: 4px; font-size: 0.8em;"">View Post</a>",4,"username.123456804",2025-05-01 08:42:36,1,2230,235,6,5,"tiktok team please don't under review my video  #foryoupage #foryoupage #viral #account #grow #1millionaudition #1millionaudition #1millionaudition #fvpシ #hassanchannar_2009 "
"<a href=""https://www.tiktok.com/@username.123467897/video/7499394123779050798"" target=""_blank"" class=""btn btn-sm"" style=""background-color: #00926c; color: white; text-decoration: none; padding: 2px 8px; border-radius: 4px; font-size: 0.8em;"">View Post</a>",4,"username.123467897",2025-05-01 08:39:35,1,5819,360,18,3,"tiktok team please don't under review my video  #foryoupage #foryoupage #viral #account #grow #1millionaudition #1millionaudition #1millionaudition #fvpシ #hassanchannar_2009 "
"<a href=""https://www.tiktok.com/@username.123467897/video/7499393989657906478"" target=""_blank"" class=""btn btn-sm"" style=""background-color: #00926c; color: white; text-decoration: none; padding: 2px 8px; border-radius: 4px; font-size: 0.8em;"">View Post</a>",4,"username.123467897",2025-05-01 08:41:05,1,163,19,3,0,"tiktok team please don't under review my video  #foryoupage #foryoupage #viral #account #grow #1millionaudition #1millionaudition #1millionaudition #fvpシ #hassanchannar_2009 "
"<a href=""https://www.tiktok.com/@username.123467897/video/7499393582843989294"" target=""_blank"" class=""btn btn-sm"" style=""background-color: #00926c; color: white; text-decoration: none; padding: 2px 8px; border-radius: 4px; font-size: 0.8em;"">View Post</a>",4,"username.123467897",2025-05-01 08:40:20,1,220,23,2,0,"tiktok team please don't under review my video  #foryoupage #foryoupage #viral #account #grow #1millionaudition #1millionaudition #1millionaudition #fvpシ #hassanchannar_2009 "
"<a href=""https://www.tiktok.com/@username.123456804/video/7499015825089629483"" target=""_blank"" class=""btn btn-sm"" style=""background-color: #00926c; color: white; text-decoration: none; padding: 2px 8px; border-radius: 4px; font-size: 0.8em;"">View Post</a>",4,"username.123456804",2025-04-30 08:14:18,1,82,12,3,0,"tiktok team please don't under review my video  #foryoupage #foryoupage #viral #account #grow #1millionaudition #1millionaudition #1millionaudition #fvpシ #hassanchannar_2009 "
"<a href=""https://www.tiktok.com/@username.123456804/video/7499015481043586350"" target=""_blank"" class=""btn btn-sm"" style=""background-color: #00926c; color: white; text-decoration: none; padding: 2px 8px; border-radius: 4px; font-size: 0.8em;"">View Post</a>",4,"username.123456804",2025-04-30 08:13:19,1,5281,422,13,14,"tiktok team please don't under review my video  #foryoupage #foryoupage #viral #account #grow #1millionaudition #1millionaudition #1millionaudition #fvpシ #hassanchannar_2009 "
"<a href=""https://www.tiktok.com/@username.123456804/video/7499015424437275947"" target=""_blank"" class=""btn btn-sm"" style=""background-color: #00926c; color: white; text-decoration: none; padding: 2px 8px; border-radius: 4px; font-size: 0.8em;"">View Post</a>",4,"username.123456804",2025-04-30 08:12:27,1,56,9,0,0,"tiktok team please don't under review my video  #foryoupage #foryoupage #viral #account #grow #1millionaudition #1millionaudition #1millionaudition #fvpシ #hassanchannar_2009 "
"<a href=""https://www.tiktok.com/@username.123467897/video/7499015057553165614"" target=""_blank"" class=""btn btn-sm"" style=""background-color: #00926c; color: white; text-decoration: none; padding: 2px 8px; border-radius: 4px; font-size: 0.8em;"">View Post</a>",4,"username.123467897",2025-04-30 08:10:35,1,410,75,5,5,"tiktok team please don't under review my video  #foryoupage #foryoupage #viral #account #grow #1millionaudition #1millionaudition #1millionaudition #fvpシ #hassanchannar_2009 "
"<a href=""https://www.tiktok.com/@username.123467897/video/7499014388775570734"" target=""_blank"" class=""btn btn-sm"" style=""background-color: #00926c; color: white; text-decoration: none; padding: 2px 8px; border-radius: 4px; font-size: 0.8em;"">View Post</a>",4,"username.123467897",2025-04-30 08:07:51,1,579,67,5,2,"tiktok team please don't under review my video  #foryoupage #foryoupage #viral #account #grow #1millionaudition #1millionaudition #1millionaudition #fvpシ #hassanchannar_2009 "
"<a href=""https://www.tiktok.com/@username.123467897/video/7499013969437314350"" target=""_blank"" class=""btn btn-sm"" style=""background-color: #00926c; color: white; text-decoration: none; padding: 2px 8px; border-radius: 4px; font-size: 0.8em;"">View Post</a>",4,"username.123467897",2025-04-30 08:06:49,1,145,15,3,1,"tiktok team please don't under review my video  #foryoupage #foryoupage #viral #account #grow #1millionaudition #1millionaudition #1millionaudition #fvpシ #hassanchannar_2009 "
"<a href=""https://www.tiktok.com/@username.123456804/video/7498675419856719150"" target=""_blank"" class=""btn btn-sm"" style=""background-color: #00926c; color: white; text-decoration: none; padding: 2px 8px; border-radius: 4px; font-size: 0.8em;"">View Post</a>",4,"username.123456804",2025-04-29 10:10:44,1,61,12,1,0,"tiktok team please don't under review my video  #foryoupage #foryoupage #viral #account #grow #1millionaudition #1millionaudition #1millionaudition #fvpシ #hassanchannar_2009 "
"<a href=""https://www.tiktok.com/@username.123467897/video/7498674269585493291"" target=""_blank"" class=""btn btn-sm"" style=""background-color: #00926c; color: white; text-decoration: none; padding: 2px 8px; border-radius: 4px; font-size: 0.8em;"">View Post</a>",4,"username.123467897",2025-04-29 10:06:15,1,178,16,3,0,"tiktok team please don't under review my video  #foryoupage #foryoupage #viral #account #grow #1millionaudition #1millionaudition #1millionaudition #fvpシ #hassanchannar_2009 "
"<a href=""https://www.tiktok.com/@username.123456804/video/7498283682336361774"" target=""_blank"" class=""btn btn-sm"" style=""background-color: #00926c; color: white; text-decoration: none; padding: 2px 8px; border-radius: 4px; font-size: 0.8em;"">View Post</a>",4,"username.123456804",2025-04-28 08:52:51,1,7784,391,14,1,"tiktok team please don't under review my video  #foryoupage #foryoupage #viral #account #grow #1millionaudition #1millionaudition #1millionaudition #fvpシ #hassanchannar_2009 "
"<a href=""https://www.tiktok.com/@username.123467897/video/7498283229208661291"" target=""_blank"" class=""btn btn-sm"" style=""background-color: #00926c; color: white; text-decoration: none; padding: 2px 8px; border-radius: 4px; font-size: 0.8em;"">View Post</a>",4,"username.123467897",2025-04-28 08:50:32,1,503,52,11,0,"tiktok team please don't under review my video  #foryoupage #foryoupage #viral #account #grow #1millionaudition #1millionaudition #1millionaudition #fvpシ #hassanchannar_2009 "
"<a href=""https://www.tiktok.com/@username.123467897/video/7498282429694872878"" target=""_blank"" class=""btn btn-sm"" style=""background-color: #00926c; color: white; text-decoration: none; padding: 2px 8px; border-radius: 4px; font-size: 0.8em;"">View Post</a>",4,"username.123467897",2025-04-28 08:47:51,1,254,33,4,0,"tiktok team please don't under review my video  #foryoupage #foryoupage #viral #account #grow #1millionaudition #1millionaudition #1millionaudition #fvpシ #hassanchannar_2009 "
