"Account","Network","Unique Shares","Avg Time Between Shares (sec)","Edge Symmetry Score","Degree","Strength","Betweenness","Avg Views","Avg Likes","Avg Comments","Avg Shares"
"<a href=""https://tiktok.com/@cute_chumi_girl208"" target=""_blank"">@cute_chumi_girl208</a>",4,5,56.286,0.875,1,21,0,192.708,23.917,2.25,0.208
"<a href=""https://tiktok.com/@cutedriver120"" target=""_blank"">@cutedriver120</a>",4,5,56.286,0.875,1,21,0,82.327,15.127,1.4,0.036
"<a href=""https://tiktok.com/@cutequeen_driver120"" target=""_blank"">@cutequeen_driver120</a>",5,15,97.533,0.923,1,30,0,607.271,80.146,5.229,1.5
"<a href=""https://tiktok.com/@gbooat"" target=""_blank"">@gbooat</a>",3,9,41.571,0.909,1,14,0,700.667,29.333,0.889,0.222
"<a href=""https://tiktok.com/@gksdtirevb"" target=""_blank"">@gksdtirevb</a>",1,3,39,0.8,1,9,0,892.333,35.667,0.667,0
"<a href=""https://tiktok.com/@okgsisnssx"" target=""_blank"">@okgsisnssx</a>",1,8,51.789,0.909,1,19,0,924.333,39.556,0.556,0
"<a href=""https://tiktok.com/@paro_driver120"" target=""_blank"">@paro_driver120</a>",5,18,91.601,0.891,3,68,0.045,323,29.8,1.756,0.933
"<a href=""https://tiktok.com/@stylish_queen_120"" target=""_blank"">@stylish_queen_120</a>",5,12,78.379,1,1,29,0,1816.593,95.13,9,5
"<a href=""https://tiktok.com/@sweet_chomi120"" target=""_blank"">@sweet_chomi120</a>",5,7,98.889,0.75,1,9,0,101.667,15.875,2.25,0.458
"<a href=""https://tiktok.com/@user8431021130445"" target=""_blank"">@user8431021130445</a>",2,9,53.882,0.917,1,17,0,879.111,38,1.333,0
"<a href=""https://tiktok.com/@user8632343249071"" target=""_blank"">@user8632343249071</a>",2,9,53.882,0.917,1,17,0,1245.222,53.556,1.333,0.333
"<a href=""https://tiktok.com/@yydszdzqa"" target=""_blank"">@yydszdzqa</a>",3,9,41.571,0.909,1,14,0,1180.222,56.778,1.333,0.333
"<a href=""https://tiktok.com/@yyfdtwhtod"" target=""_blank"">@yyfdtwhtod</a>",1,7,45.395,0.855,2,28,0.015,894.333,36.667,1.222,0.222
