"Network","Number of Accounts","Network Density","Network Diameter","Clustering Coefficient","Avg Views","Avg Likes","Avg Comments","Avg Shares","Member Accounts"
1,3,0.667,28,0,906.905,37.762,0.857,0.095,"gksdtirevb, okgsisnssx, yyfdtwhtod"
2,2,1,17,NA,1062.167,45.778,1.333,0.167,"user8431021130445, user8632343249071"
3,2,1,14,NA,940.444,43.056,1.111,0.278,"gbooat, yydszdzqa"
4,2,1,21,NA,115.861,17.797,1.658,0.089,"cute_chumi_girl208, cutedriver120"
5,4,0.5,59,0,843.392,62.608,5.088,2.31,"paro_driver120, cutequeen_driver120, stylish_queen_120, sweet_chomi120"
