"Account","Network","Unique Shares","Avg Time Between Shares (sec)","Edge Symmetry Score","Degree","Strength","Betweenness","Avg Views","Avg Likes","Avg Comments","Avg Shares"
"<a href=""https://tiktok.com/@05c552fb"" target=""_blank"">@05c552fb</a>",19,2,41.833,0.667,2,12,0,2222.5,63,0,0
"<a href=""https://tiktok.com/@0b15c8b9"" target=""_blank"">@0b15c8b9</a>",19,3,41.37,0.711,3,21,0,1068.333,43,0.667,0.333
"<a href=""https://tiktok.com/@0b22db38"" target=""_blank"">@0b22db38</a>",19,3,28.481,0.711,3,21,0,2637,38.667,1,1
"<a href=""https://tiktok.com/@113fee8"" target=""_blank"">@113fee8</a>",7,3,0,0.833,7,51,0,209.333,7.333,0,0
"<a href=""https://tiktok.com/@190of2"" target=""_blank"">@190of2</a>",7,2,0,0.667,4,24,0,2293.5,42.5,1,1
"<a href=""https://tiktok.com/@243e768a"" target=""_blank"">@243e768a</a>",17,5,69.316,0.75,1,19,0,11549,232,1.8,1.8
"<a href=""https://tiktok.com/@336per7"" target=""_blank"">@336per7</a>",7,5,6.194,0.889,7,54,0,891.909,29.636,0.273,0.364
"<a href=""https://tiktok.com/@376ceguov14s"" target=""_blank"">@376ceguov14s</a>",7,2,0,0.667,4,24,0,537.5,4.5,0,0
"<a href=""https://tiktok.com/@38709f33"" target=""_blank"">@38709f33</a>",16,3,76,1,1,9,0,7336.333,246.333,2.667,4.333
"<a href=""https://tiktok.com/@396ssrt2"" target=""_blank"">@396ssrt2</a>",7,3,0,0.833,7,51,0,883,73.667,0,0.667
"<a href=""https://tiktok.com/@3f6b211a"" target=""_blank"">@3f6b211a</a>",18,2,88,1,1,6,0,9087.333,812.667,1.667,1.333
"<a href=""https://tiktok.com/@53e3f158"" target=""_blank"">@53e3f158</a>",17,5,69.316,0.75,1,19,0,1007,31,0.4,0.4
"<a href=""https://tiktok.com/@5b8a09a2"" target=""_blank"">@5b8a09a2</a>",15,4,93.825,0.875,2,18,0,7994.4,460.8,1.4,1.6
"<a href=""https://tiktok.com/@6198398f"" target=""_blank"">@6198398f</a>",14,3,19.167,0.75,1,6,0,422.333,47.667,1,0
"<a href=""https://tiktok.com/@6b82bb06"" target=""_blank"">@6b82bb06</a>",18,3,78.125,1,3,20,0.001,60969,5722.333,25.667,70.667
"<a href=""https://tiktok.com/@6e84e6c4"" target=""_blank"">@6e84e6c4</a>",15,3,67.282,0.675,2,26,0,6814,248,4,0.5
"<a href=""https://tiktok.com/@704d2a25"" target=""_blank"">@704d2a25</a>",18,3,45,0.75,2,12,0,1023.667,65,0,0
"<a href=""https://tiktok.com/@937c7756"" target=""_blank"">@937c7756</a>",18,3,52.352,0.917,3,21,0,712.667,49.333,0,0
"<a href=""https://tiktok.com/@97e624cf"" target=""_blank"">@97e624cf</a>",19,2,39.833,0.667,2,12,0,2845.5,72.5,0,0
"<a href=""https://tiktok.com/@9959f5ec"" target=""_blank"">@9959f5ec</a>",16,3,76,1,1,9,0,52457.333,1629,12.333,9.667
"<a href=""https://tiktok.com/@aaqo8sth89"" target=""_blank"">@aaqo8sth89</a>",6,10,58.217,0.959,4,51,0,2061,72.667,0.75,0.25
"<a href=""https://tiktok.com/@aedfymkug"" target=""_blank"">@aedfymkug</a>",1,7,57.25,1,2,12,0,2197.857,59.429,0.571,0.286
"<a href=""https://tiktok.com/@aedp27"" target=""_blank"">@aedp27</a>",1,8,49.667,1,4,24,0.001,1190,103.125,0.375,0.375
"<a href=""https://tiktok.com/@aedpv"" target=""_blank"">@aedpv</a>",5,6,43.689,1,2,19,0,1690,136.875,1.625,0.375
"<a href=""https://tiktok.com/@aedtfipvfj"" target=""_blank"">@aedtfipvfj</a>",1,6,36.333,1,1,6,0,1446.5,85.333,2,0.5
"<a href=""https://tiktok.com/@ale7332"" target=""_blank"">@ale7332</a>",11,3,50.833,1,1,6,0,497,19.667,2,1.667
"<a href=""https://tiktok.com/@aquanck.low0"" target=""_blank"">@aquanck.low0</a>",13,3,60.667,0.667,1,6,0,2321.667,113.667,0,0
"<a href=""https://tiktok.com/@auvningjixiang"" target=""_blank"">@auvningjixiang</a>",6,13,59.302,0.964,4,74,0,6381.154,116.538,3.385,1.154
"<a href=""https://tiktok.com/@bdjsxn6"" target=""_blank"">@bdjsxn6</a>",9,8,62.833,1,1,12,0,1352.2,92.7,0.9,0.4
"<a href=""https://tiktok.com/@bea4ba2d"" target=""_blank"">@bea4ba2d</a>",14,2,19.167,0.75,1,6,0,1,0,0,0
"<a href=""https://tiktok.com/@berez.paulo"" target=""_blank"">@berez.paulo</a>",28,6,48.345,0.9,2,13,0,750.125,41,1.75,0.5
"<a href=""https://tiktok.com/@bflxt4285"" target=""_blank"">@bflxt4285</a>",8,5,60.333,0.8,1,6,0,962.6,57.8,0.4,0
"<a href=""https://tiktok.com/@binhthao616"" target=""_blank"">@binhthao616</a>",1,6,60.167,1,1,6,0,7021.667,192.333,2.5,1.167
"<a href=""https://tiktok.com/@cheryl.pollice"" target=""_blank"">@cheryl.pollice</a>",11,3,71.143,0.8,1,7,0,582.333,14.667,0.667,0.667
"<a href=""https://tiktok.com/@chgi830"" target=""_blank"">@chgi830</a>",22,4,57.333,0.75,1,6,0,501.5,16.5,0.75,0.5
"<a href=""https://tiktok.com/@ciucfyictci"" target=""_blank"">@ciucfyictci</a>",8,5,41.833,0.8,1,6,0,570.333,16.222,0.222,0
"<a href=""https://tiktok.com/@cvva06"" target=""_blank"">@cvva06</a>",25,3,61.833,0.75,1,6,0,1839.2,54.4,1,0.8
"<a href=""https://tiktok.com/@dnsjijxjs31"" target=""_blank"">@dnsjijxjs31</a>",13,3,60.667,0.667,1,6,0,187535.667,5021.667,25,12.667
"<a href=""https://tiktok.com/@donpenno"" target=""_blank"">@donpenno</a>",25,10,34.365,0.921,5,41,0,1714.1,54.9,0.5,1.2
"<a href=""https://tiktok.com/@dxsc0"" target=""_blank"">@dxsc0</a>",23,10,40.641,0.958,3,29,0,1187,59.6,0.9,0.3
"<a href=""https://tiktok.com/@elleigh.anton"" target=""_blank"">@elleigh.anton</a>",9,10,62.833,1,1,12,0,1155.6,72.2,0,0.1
"<a href=""https://tiktok.com/@essedff"" target=""_blank"">@essedff</a>",27,5,47.25,1,1,8,0,1916.167,51.5,0.5,0.5
"<a href=""https://tiktok.com/@f2618720"" target=""_blank"">@f2618720</a>",28,7,42.328,0.963,3,23,0,876.5,99.6,2.8,0.2
"<a href=""https://tiktok.com/@f2e0ba83"" target=""_blank"">@f2e0ba83</a>",15,5,80.743,0.8,2,22,0,64099.667,3865,11.667,9.167
"<a href=""https://tiktok.com/@facsimile5"" target=""_blank"">@facsimile5</a>",6,10,52.114,0.982,4,61,0,786.133,55.667,0.333,0.467
"<a href=""https://tiktok.com/@fck95050"" target=""_blank"">@fck95050</a>",24,8,62.567,0.944,3,26,0,1293.5,54.25,0.375,0.5
"<a href=""https://tiktok.com/@fe68329"" target=""_blank"">@fe68329</a>",30,6,17.938,1,2,14,0,1278.714,18.714,0.286,0.429
"<a href=""https://tiktok.com/@febio432"" target=""_blank"">@febio432</a>",25,10,49.027,0.95,5,43,0.001,2801.6,35.9,0.4,0.7
"<a href=""https://tiktok.com/@fguon653"" target=""_blank"">@fguon653</a>",25,8,65.608,0.875,4,31,0,1412,27,0.125,0.5
"<a href=""https://tiktok.com/@figbngx"" target=""_blank"">@figbngx</a>",5,6,26.729,1,2,17,0,3490.875,154.25,2,2.5
"<a href=""https://tiktok.com/@fuuif9lzk8"" target=""_blank"">@fuuif9lzk8</a>",24,8,70.375,1,2,16,0,1468.5,67.375,0.625,0.75
"<a href=""https://tiktok.com/@fuvj8766"" target=""_blank"">@fuvj8766</a>",28,9,36.709,0.889,2,21,0,658.8,46,1.2,0.5
"<a href=""https://tiktok.com/@fz1056"" target=""_blank"">@fz1056</a>",25,9,58.561,0.777,4,29,0.002,1872.222,30.556,0.444,0
"<a href=""https://tiktok.com/@g134494"" target=""_blank"">@g134494</a>",23,10,45.309,0.921,3,32,0,2454.9,42.6,0.5,1
"<a href=""https://tiktok.com/@g2997252"" target=""_blank"">@g2997252</a>",26,8,52.417,0.889,1,12,0,1353.75,74.875,0.625,0.5
"<a href=""https://tiktok.com/@g4lkgggsn3"" target=""_blank"">@g4lkgggsn3</a>",6,11,56.795,0.9,4,54,0,1360.5,70.833,0.667,0
"<a href=""https://tiktok.com/@gdghss35"" target=""_blank"">@gdghss35</a>",8,8,51.083,0.8,2,12,0,811.6,47.9,0.4,0.7
"<a href=""https://tiktok.com/@ghhggtljqd1"" target=""_blank"">@ghhggtljqd1</a>",12,10,55.5,0.778,1,12,0,1499.2,77.3,0.6,0.7
"<a href=""https://tiktok.com/@go.n.my"" target=""_blank"">@go.n.my</a>",23,10,51.353,0.913,4,44,0,9745.9,244.7,1.2,2.2
"<a href=""https://tiktok.com/@haoyun948"" target=""_blank"">@haoyun948</a>",7,2,0,0.667,4,24,0,429.5,40.5,0,0
"<a href=""https://tiktok.com/@haydf44"" target=""_blank"">@haydf44</a>",3,6,48,0.8,1,6,0,14299,251.5,2.625,1.75
"<a href=""https://tiktok.com/@hebre03"" target=""_blank"">@hebre03</a>",22,3,57.333,0.75,1,6,0,1539.2,35.8,2.8,0.2
"<a href=""https://tiktok.com/@hehedjwn"" target=""_blank"">@hehedjwn</a>",25,8,38,0.9,5,36,0.001,2086.875,73.625,0.625,0.375
"<a href=""https://tiktok.com/@hukjmin"" target=""_blank"">@hukjmin</a>",10,6,29.875,1,4,24,0,210,4.167,0.167,0.833
"<a href=""https://tiktok.com/@huohuo110"" target=""_blank"">@huohuo110</a>",7,2,0,0.667,4,24,0,440,20.5,0.5,0
"<a href=""https://tiktok.com/@hv.fh80"" target=""_blank"">@hv.fh80</a>",10,6,32.458,1,4,24,0,863.167,47.167,1.5,9.833
"<a href=""https://tiktok.com/@igdz9"" target=""_blank"">@igdz9</a>",2,5,52.857,1,1,7,0,2570.667,175.5,1.5,3
"<a href=""https://tiktok.com/@jbgug86"" target=""_blank"">@jbgug86</a>",4,4,23.667,1,2,12,0,2093.75,177,0.875,0.625
"<a href=""https://tiktok.com/@jdugsjh"" target=""_blank"">@jdugsjh</a>",3,5,48,0.8,1,6,0,12474.6,290.6,7,76.8
"<a href=""https://tiktok.com/@jfx3757"" target=""_blank"">@jfx3757</a>",29,6,27.167,1,1,6,0,428.333,15,0.5,0
"<a href=""https://tiktok.com/@jgd5833"" target=""_blank"">@jgd5833</a>",5,5,27.817,1,2,16,0,1743,135.571,0.714,1.286
"<a href=""https://tiktok.com/@jhfgi5"" target=""_blank"">@jhfgi5</a>",27,5,47.25,1,1,8,0,933.167,27.167,0.333,0.333
"<a href=""https://tiktok.com/@jhk2719"" target=""_blank"">@jhk2719</a>",25,4,50.25,0.792,2,13,0,2891.333,67.167,0.5,0.667
"<a href=""https://tiktok.com/@jjgg25283"" target=""_blank"">@jjgg25283</a>",25,8,46.233,0.85,5,34,0.001,2267.5,61.2,0.1,0.3
"<a href=""https://tiktok.com/@jxfjv98"" target=""_blank"">@jxfjv98</a>",2,5,56.845,1,2,13,0,1905.4,188.4,2.2,1
"<a href=""https://tiktok.com/@kh.giyodghr"" target=""_blank"">@kh.giyodghr</a>",30,6,5.5,1,1,6,0,456.333,12.333,0.5,0
"<a href=""https://tiktok.com/@khanabdullah6881"" target=""_blank"">@khanabdullah6881</a>",11,3,60.988,0.9,2,13,0,444.667,48.667,0.333,3.333
"<a href=""https://tiktok.com/@kinvtrung96"" target=""_blank"">@kinvtrung96</a>",10,6,68.958,1,4,24,0,597.333,24.5,0.167,1.167
"<a href=""https://tiktok.com/@ludwig.perrault"" target=""_blank"">@ludwig.perrault</a>",1,7,63.833,1,2,12,0,2040.286,114.714,1.571,0.286
"<a href=""https://tiktok.com/@monalisa7988"" target=""_blank"">@monalisa7988</a>",28,8,53.263,0.896,3,23,0,881,71.2,0.1,0.4
"<a href=""https://tiktok.com/@ndehwxt"" target=""_blank"">@ndehwxt</a>",24,6,67.333,0.875,2,14,0,2596.286,52.143,10.571,3.571
"<a href=""https://tiktok.com/@niubi5533"" target=""_blank"">@niubi5533</a>",7,6,6.194,0.889,7,54,0,8779.3,71.5,1.3,0.2
"<a href=""https://tiktok.com/@ongfrt"" target=""_blank"">@ongfrt</a>",4,8,17.55,1,2,16,0,10691.75,418.75,6.25,3
"<a href=""https://tiktok.com/@quoc.vu17"" target=""_blank"">@quoc.vu17</a>",10,6,38.75,1,4,24,0,203,3.833,0,0.833
"<a href=""https://tiktok.com/@saekiryoji"" target=""_blank"">@saekiryoji</a>",10,6,29.958,1,4,24,0,9483.5,487,20,199.667
"<a href=""https://tiktok.com/@sgccvhyt"" target=""_blank"">@sgccvhyt</a>",23,6,36.183,0.938,2,16,0,1431.222,81.333,1.333,0.333
"<a href=""https://tiktok.com/@smhyynzxe0"" target=""_blank"">@smhyynzxe0</a>",6,15,56.879,0.923,4,78,0,1475.267,124,0.467,0.133
"<a href=""https://tiktok.com/@thv86256"" target=""_blank"">@thv86256</a>",25,9,55.121,0.896,4,36,0,1523.5,22.3,0.3,0.3
"<a href=""https://tiktok.com/@ttfees0"" target=""_blank"">@ttfees0</a>",23,8,54.555,0.944,2,21,0,1516.9,66.7,0.4,0.6
"<a href=""https://tiktok.com/@uorwx3idi4"" target=""_blank"">@uorwx3idi4</a>",20,2,19.833,1,1,6,0,965,43.5,0,0
"<a href=""https://tiktok.com/@user10095215586074"" target=""_blank"">@user10095215586074</a>",21,2,49.5,1,1,6,0,5723.5,114.5,2,4
"<a href=""https://tiktok.com/@user1476075834084"" target=""_blank"">@user1476075834084</a>",12,6,55.5,0.778,1,12,0,383.556,39.222,0,0.222
"<a href=""https://tiktok.com/@user1991704246228"" target=""_blank"">@user1991704246228</a>",21,3,49.5,1,1,6,0,879.667,29,0.333,0.333
"<a href=""https://tiktok.com/@user2846062407068"" target=""_blank"">@user2846062407068</a>",18,3,55.477,0.917,3,23,0,3466.667,64.667,0.667,0
"<a href=""https://tiktok.com/@user31837949111738"" target=""_blank"">@user31837949111738</a>",2,4,60.833,1,1,6,0,1862,139.167,1.5,1.833
"<a href=""https://tiktok.com/@user32395741733236"" target=""_blank"">@user32395741733236</a>",26,8,52.417,0.889,1,12,0,1113.75,53.125,0.75,1.125
"<a href=""https://tiktok.com/@user32406156916664"" target=""_blank"">@user32406156916664</a>",29,6,27.167,1,1,6,0,464.5,12.667,0.5,0.167
"<a href=""https://tiktok.com/@user3288302202170"" target=""_blank"">@user3288302202170</a>",20,3,19.833,1,1,6,0,1200.667,71.333,0.333,0
"<a href=""https://tiktok.com/@user5267693072887"" target=""_blank"">@user5267693072887</a>",24,7,60.706,0.861,3,24,0,3028,73.714,1.429,0.429
"<a href=""https://tiktok.com/@vgdeeh1"" target=""_blank"">@vgdeeh1</a>",4,8,26.717,1,2,16,0,1817.875,118.625,0.875,0.375
"<a href=""https://tiktok.com/@wcbhi"" target=""_blank"">@wcbhi</a>",30,6,30.375,1,1,8,0,521.667,30.5,3.667,0.167
"<a href=""https://tiktok.com/@yhbbechhu"" target=""_blank"">@yhbbechhu</a>",25,9,55.967,0.95,5,39,0.001,2761.8,22.4,0.8,0.1
