"Account","Network","Unique Shares","Avg Time Between Shares (sec)","Edge Symmetry Score","Degree","Strength","Betweenness","Avg Views","Avg Likes","Avg Comments","Avg Shares"
"<a href=""https://tiktok.com/@deloarhosain03"" target=""_blank"">@deloarhosain03</a>",1,1,69.333,1,1,6,0,68.5,34.5,12,0
"<a href=""https://tiktok.com/@jihadkhondoker09"" target=""_blank"">@jihadkhondoker09</a>",1,1,72.333,1,1,6,0,184.5,81.5,2,2
"<a href=""https://tiktok.com/@md.nurjjaman578"" target=""_blank"">@md.nurjjaman578</a>",1,2,70.833,1,3,18,1,85.333,38.333,9.333,4
"<a href=""https://tiktok.com/@sd.enam"" target=""_blank"">@sd.enam</a>",1,1,72.333,1,1,6,0,87,25,10,2
