"Account","Network","Unique Shares","Avg Time Between Shares (sec)","Edge Symmetry Score","Degree","Strength","Betweenness","Avg Views","Avg Likes","Avg Comments","Avg Shares"
"<a href=""https://tiktok.com/@.prince.sahin"" target=""_blank"">@.prince.sahin</a>",1,23,76.611,0.792,6,21,0.099,111,40.314,0,0.886
"<a href=""https://tiktok.com/@golap.miya1"" target=""_blank"">@golap.miya1</a>",1,2,72.5,0.75,1,4,0,86.25,42.25,6.25,0.25
"<a href=""https://tiktok.com/@hasibur.....rahman1"" target=""_blank"">@hasibur.....rahman1</a>",1,2,92.5,1,1,4,0,154.6,69.2,1.8,1.4
"<a href=""https://tiktok.com/@hdnashik14"" target=""_blank"">@hdnashik14</a>",3,4,59.571,0.8,1,7,0,182.4,73.2,2.8,0.2
"<a href=""https://tiktok.com/@jiz10"" target=""_blank"">@jiz10</a>",1,6,67.333,0.667,1,3,0,116.875,56.25,1.875,2.875
"<a href=""https://tiktok.com/@md.rakibul.islam974"" target=""_blank"">@md.rakibul.islam974</a>",1,9,59.5,0.833,2,7,0.028,175.692,69.577,1.346,2
"<a href=""https://tiktok.com/@mdmamu1976"" target=""_blank"">@mdmamu1976</a>",1,3,55,0.667,1,3,0,101,41,1.333,0
"<a href=""https://tiktok.com/@mdrijvi70"" target=""_blank"">@mdrijvi70</a>",3,4,76,0.667,1,3,0,134.5,63.5,1,0.333
"<a href=""https://tiktok.com/@mdshantohossain530"" target=""_blank"">@mdshantohossain530</a>",3,1,57,0.6,1,6,0,139.444,55.778,0.111,1.889
"<a href=""https://tiktok.com/@mdtoufikahmed08"" target=""_blank"">@mdtoufikahmed08</a>",3,1,58,1,1,6,0,430,139,1,6.5
"<a href=""https://tiktok.com/@rakibul_hasan2000"" target=""_blank"">@rakibul_hasan2000</a>",3,3,59.333,1,1,3,0,133.75,54.75,2,1
"<a href=""https://tiktok.com/@rumiaktertanha83"" target=""_blank"">@rumiaktertanha83</a>",1,5,83.333,0.667,1,3,0,138.833,55.667,0.5,0.333
"<a href=""https://tiktok.com/@rxriyadvi"" target=""_blank"">@rxriyadvi</a>",3,4,49.667,1,1,6,0,115.667,41.333,0.833,1.167
"<a href=""https://tiktok.com/@shohidul8060"" target=""_blank"">@shohidul8060</a>",3,10,53.726,0.822,3,19,0.083,95.35,44.7,0,0.55
"<a href=""https://tiktok.com/@user017298722m"" target=""_blank"">@user017298722m</a>",3,2,54.5,1,1,4,0,276.6,110.8,2.8,5.8
"<a href=""https://tiktok.com/@user139373094036"" target=""_blank"">@user139373094036</a>",3,7,68.667,0.857,1,9,0,120,44.875,0.188,1.438
"<a href=""https://tiktok.com/@user2028536940088"" target=""_blank"">@user2028536940088</a>",3,6,75.5,0.75,1,4,0,260,100.75,0.625,1
"<a href=""https://tiktok.com/@user269896582"" target=""_blank"">@user269896582</a>",1,11,68.5,0.833,2,7,0.047,285.706,107.529,0,1
"<a href=""https://tiktok.com/@user52981157714391"" target=""_blank"">@user52981157714391</a>",1,3,71,1,1,4,0,100.667,50,1,3.333
"<a href=""https://tiktok.com/@user5455368479075"" target=""_blank"">@user5455368479075</a>",2,6,52.2,0.75,1,5,0,297.118,113.588,3.176,1.353
"<a href=""https://tiktok.com/@user5699597151255"" target=""_blank"">@user5699597151255</a>",3,37,58.728,0.857,8,58,0.237,78.607,36.393,0.589,0.375
"<a href=""https://tiktok.com/@user650730843675"" target=""_blank"">@user650730843675</a>",2,2,52.2,0.75,1,5,0,181,84.667,2.667,7.667
"<a href=""https://tiktok.com/@user769780951"" target=""_blank"">@user769780951</a>",3,12,73.024,0.739,3,14,0.083,124.952,52.143,1.333,0.762
"<a href=""https://tiktok.com/@user8101514508165"" target=""_blank"">@user8101514508165</a>",3,2,47,0.667,1,3,0,147.5,61.5,2.5,2
