"Account","Network","Unique Shares","Avg Time Between Shares (sec)","Edge Symmetry Score","Degree","Strength","Betweenness","Avg Views","Avg Likes","Avg Comments","Avg Shares"
"<a href=""https://tiktok.com/@2904_bill_b"" target=""_blank"">@2904_bill_b</a>",27,4,33.857,1,1,7,0,979.25,91.75,0.25,7.25
"<a href=""https://tiktok.com/@aed3345"" target=""_blank"">@aed3345</a>",25,9,55.802,1,2,16,0,500.444,14.556,0.111,0
"<a href=""https://tiktok.com/@bbt3747"" target=""_blank"">@bbt3747</a>",6,6,56.165,0.924,6,62,0.001,758,52.5,0.833,5.333
"<a href=""https://tiktok.com/@colliercarol3790"" target=""_blank"">@colliercarol3790</a>",26,6,68.222,0.833,1,9,0,515.833,15.167,0.167,0
"<a href=""https://tiktok.com/@cvcvcv4269"" target=""_blank"">@cvcvcv4269</a>",22,3,52.625,1,1,8,0,379,25.667,0,0
"<a href=""https://tiktok.com/@cyrilcamp0303"" target=""_blank"">@cyrilcamp0303</a>",30,5,56.462,1,1,13,0,909.4,30,0,0
"<a href=""https://tiktok.com/@dh02759"" target=""_blank"">@dh02759</a>",7,3,57.857,0.8,1,7,0,453.667,41.333,0,0
"<a href=""https://tiktok.com/@dhh7659"" target=""_blank"">@dhh7659</a>",7,3,58.625,1,1,8,0,412,26.667,0,0
"<a href=""https://tiktok.com/@dhjptv"" target=""_blank"">@dhjptv</a>",4,4,66,0.8,1,7,0,2406.8,56.6,0.2,1
"<a href=""https://tiktok.com/@dqqrksmup0"" target=""_blank"">@dqqrksmup0</a>",26,8,68.222,0.833,1,9,0,394.5,15.625,0,0
"<a href=""https://tiktok.com/@drhnrhh"" target=""_blank"">@drhnrhh</a>",2,3,33.222,1,1,9,0,164.333,1,0,0
"<a href=""https://tiktok.com/@dzu2bxozg0"" target=""_blank"">@dzu2bxozg0</a>",25,6,57.889,1,1,9,0,703.375,29.5,0.25,0
"<a href=""https://tiktok.com/@earnklhsp6"" target=""_blank"">@earnklhsp6</a>",30,5,55.945,1,2,20,0,575,51.6,0.2,1.6
"<a href=""https://tiktok.com/@effaejui0it"" target=""_blank"">@effaejui0it</a>",9,3,28.111,1,1,9,0,1062,53,1.333,0
"<a href=""https://tiktok.com/@eolbcd"" target=""_blank"">@eolbcd</a>",1,3,71.857,0.8,1,7,0,1101.333,99.667,0,0
"<a href=""https://tiktok.com/@evxiebawd"" target=""_blank"">@evxiebawd</a>",9,3,28.111,1,1,9,0,151077.667,4221.333,32.333,128
"<a href=""https://tiktok.com/@fqincp"" target=""_blank"">@fqincp</a>",22,3,52.625,1,1,8,0,270.667,11,0,0
"<a href=""https://tiktok.com/@frankjoseph0799"" target=""_blank"">@frankjoseph0799</a>",24,3,58.571,1,1,7,0,71.667,0.667,0,0
"<a href=""https://tiktok.com/@fzfz723"" target=""_blank"">@fzfz723</a>",12,5,43.429,0.8,1,7,0,6860.2,96.2,0.6,1.2
"<a href=""https://tiktok.com/@gbj6019"" target=""_blank"">@gbj6019</a>",5,6,84.222,0.667,1,9,0,442.5,16.833,0,3
"<a href=""https://tiktok.com/@gh40336"" target=""_blank"">@gh40336</a>",6,6,60.006,0.887,6,59,0,1477.333,79.5,0,0.667
"<a href=""https://tiktok.com/@gnm552"" target=""_blank"">@gnm552</a>",5,4,45,0.833,1,8,0,428.4,44.4,0.2,0.4
"<a href=""https://tiktok.com/@guaiago"" target=""_blank"">@guaiago</a>",14,4,49.714,1,1,7,0,2491,47.4,0.2,0.6
"<a href=""https://tiktok.com/@gubcd16"" target=""_blank"">@gubcd16</a>",31,4,64.5,1,1,8,0,1310.167,69.667,1.167,2.333
"<a href=""https://tiktok.com/@gv5148"" target=""_blank"">@gv5148</a>",6,4,49.808,0.969,4,39,0,723.833,57.167,0.167,4.333
"<a href=""https://tiktok.com/@hdjdidi56"" target=""_blank"">@hdjdidi56</a>",8,4,64.5,1,1,8,0,776.25,35,0,0
"<a href=""https://tiktok.com/@hhg21791"" target=""_blank"">@hhg21791</a>",6,6,57.382,0.912,7,76,0,250.5,7.167,0,0.333
"<a href=""https://tiktok.com/@hk383083"" target=""_blank"">@hk383083</a>",6,6,55.329,0.687,4,42,0,733.5,34.167,0.333,0.5
"<a href=""https://tiktok.com/@hmd7737"" target=""_blank"">@hmd7737</a>",5,6,60.35,0.825,4,37,0.001,385.167,19.333,0,0.667
"<a href=""https://tiktok.com/@ilyssa.glove"" target=""_blank"">@ilyssa.glove</a>",13,5,42.85,1,2,20,0,3723.2,64,0.6,0
"<a href=""https://tiktok.com/@io351133"" target=""_blank"">@io351133</a>",6,6,56.29,0.919,7,74,0,1468.667,22.5,0.833,3.667
"<a href=""https://tiktok.com/@jhggjjjzg"" target=""_blank"">@jhggjjjzg</a>",4,6,66,0.8,1,7,0,679.5,46.333,0.5,0.5
"<a href=""https://tiktok.com/@jisij6"" target=""_blank"">@jisij6</a>",8,4,64.5,1,1,8,0,251.5,10.75,0,0
"<a href=""https://tiktok.com/@jj553218"" target=""_blank"">@jj553218</a>",6,5,55.999,0.805,7,57,0.002,849,97.6,0,0.2
"<a href=""https://tiktok.com/@jl50106"" target=""_blank"">@jl50106</a>",6,6,58.95,0.842,8,70,0.001,652.667,50,0,2.5
"<a href=""https://tiktok.com/@jyugc0"" target=""_blank"">@jyugc0</a>",2,3,33.222,1,1,9,0,722.667,39.667,0,0
"<a href=""https://tiktok.com/@k4vwlievl6"" target=""_blank"">@k4vwlievl6</a>",32,4,47.25,1,1,8,0,1281.5,91.25,0.75,1
"<a href=""https://tiktok.com/@kinsman818"" target=""_blank"">@kinsman818</a>",13,6,46.005,0.952,3,27,0,7027.833,172.333,0.667,0.833
"<a href=""https://tiktok.com/@klh1sjha02"" target=""_blank"">@klh1sjha02</a>",30,7,44.786,1,2,14,0,356.286,7.286,0,0
"<a href=""https://tiktok.com/@me7mxf7tc8"" target=""_blank"">@me7mxf7tc8</a>",30,4,34.143,1,1,7,0,907,37.75,0,0
"<a href=""https://tiktok.com/@messagesamio"" target=""_blank"">@messagesamio</a>",23,4,59.25,1,1,8,0,1226,48.75,1,0.25
"<a href=""https://tiktok.com/@mkmztnqqi71"" target=""_blank"">@mkmztnqqi71</a>",23,4,59.25,1,1,8,0,3861.5,51.75,1.5,1
"<a href=""https://tiktok.com/@n3poiabv88"" target=""_blank"">@n3poiabv88</a>",32,4,47.25,1,1,8,0,1153.25,104.25,0,0.25
"<a href=""https://tiktok.com/@nhhdm444"" target=""_blank"">@nhhdm444</a>",36,3,39.778,0.9,2,18,0,379,16.667,0,0
"<a href=""https://tiktok.com/@nhhdm555"" target=""_blank"">@nhhdm555</a>",36,3,35.333,0.9,2,16,0,658.667,30.333,0,0
"<a href=""https://tiktok.com/@nnndm111"" target=""_blank"">@nnndm111</a>",36,3,45.444,1,2,16,0,131.333,0.333,0,0.333
"<a href=""https://tiktok.com/@o2oo22560id"" target=""_blank"">@o2oo22560id</a>",15,6,64.661,1,4,31,0,7.5,0,0,0
"<a href=""https://tiktok.com/@o2oo2oo10"" target=""_blank"">@o2oo2oo10</a>",15,8,59.688,1,4,37,0,165.125,2.25,0,0
"<a href=""https://tiktok.com/@o2oo2oo14"" target=""_blank"">@o2oo2oo14</a>",15,6,59.685,0.952,3,23,0,287.333,1.167,0,0
"<a href=""https://tiktok.com/@o2oo2oo17"" target=""_blank"">@o2oo2oo17</a>",15,7,46.462,0.946,5,40,0,167,0.857,0,0
"<a href=""https://tiktok.com/@o2oo2oo20"" target=""_blank"">@o2oo2oo20</a>",15,8,50.265,1,4,35,0,163.75,2.75,0,0
"<a href=""https://tiktok.com/@o2oo2oo23"" target=""_blank"">@o2oo2oo23</a>",15,8,47.763,0.969,4,34,0,120.75,1.75,0,0
"<a href=""https://tiktok.com/@qdf237"" target=""_blank"">@qdf237</a>",3,3,28.333,1,1,9,0,1023.333,89,0,4.667
"<a href=""https://tiktok.com/@qel8zo2yc8"" target=""_blank"">@qel8zo2yc8</a>",31,5,64.5,1,1,8,0,1165,29,0,0
"<a href=""https://tiktok.com/@qmcflshuc"" target=""_blank"">@qmcflshuc</a>",12,5,43.429,0.8,1,7,0,11696,135.333,0.5,1
"<a href=""https://tiktok.com/@qoywjzrbx9"" target=""_blank"">@qoywjzrbx9</a>",33,4,35.75,1,1,8,0,915.5,18.25,0,0.25
"<a href=""https://tiktok.com/@shanzluetir"" target=""_blank"">@shanzluetir</a>",11,3,31.577,0.867,3,25,0,53443.333,2677,6.333,11.667
"<a href=""https://tiktok.com/@shsdq9h6x4"" target=""_blank"">@shsdq9h6x4</a>",29,5,43,1,1,13,0,772.6,33.2,0,0
"<a href=""https://tiktok.com/@tdy7axi1g1"" target=""_blank"">@tdy7axi1g1</a>",25,8,53.714,1,1,7,0,691.333,29.889,0.111,0.333
"<a href=""https://tiktok.com/@thuong.nhug"" target=""_blank"">@thuong.nhug</a>",14,3,49.714,1,1,7,0,6377.667,96.333,1.333,1
"<a href=""https://tiktok.com/@tugcf58"" target=""_blank"">@tugcf58</a>",1,3,61.714,0.9,2,14,0,405,35,0,0.333
"<a href=""https://tiktok.com/@u4gftrson0"" target=""_blank"">@u4gftrson0</a>",29,5,43,1,1,13,0,551.2,17.8,0,0
"<a href=""https://tiktok.com/@ugffjj"" target=""_blank"">@ugffjj</a>",1,3,51.571,1,1,7,0,722,6.333,0.333,0
"<a href=""https://tiktok.com/@uku66693"" target=""_blank"">@uku66693</a>",5,6,57.926,0.933,3,26,0,576.333,55.667,0.167,7.167
"<a href=""https://tiktok.com/@user1538684704943"" target=""_blank"">@user1538684704943</a>",10,3,56,1,1,9,0,194238,10214.667,18,18.667
"<a href=""https://tiktok.com/@user2316368359979"" target=""_blank"">@user2316368359979</a>",24,3,58.571,1,1,7,0,36522.333,185,1,2.667
"<a href=""https://tiktok.com/@user25082450737693"" target=""_blank"">@user25082450737693</a>",18,3,47.794,1,2,16,0,306,13.333,0,0
"<a href=""https://tiktok.com/@user2547741880178"" target=""_blank"">@user2547741880178</a>",19,3,52.444,1,1,9,0,62.333,0,0,0
"<a href=""https://tiktok.com/@user2559867173269"" target=""_blank"">@user2559867173269</a>",5,6,50.597,0.875,4,34,0.001,720.5,33.167,0.167,0.667
"<a href=""https://tiktok.com/@user2721228331338"" target=""_blank"">@user2721228331338</a>",27,4,33.857,1,1,7,0,47.25,0.5,0,0
"<a href=""https://tiktok.com/@user30968526588590"" target=""_blank"">@user30968526588590</a>",20,3,60.143,1,1,7,0,43,2.333,0,0
"<a href=""https://tiktok.com/@user349241354885"" target=""_blank"">@user349241354885</a>",34,3,21,1,1,9,0,378.667,65.667,0.333,0.667
"<a href=""https://tiktok.com/@user3684271812931"" target=""_blank"">@user3684271812931</a>",19,3,52.444,1,1,9,0,521.667,37,0,0
"<a href=""https://tiktok.com/@user3727243105059"" target=""_blank"">@user3727243105059</a>",28,3,44.111,1,1,9,0,127.333,3,0,0
"<a href=""https://tiktok.com/@user37814544973997"" target=""_blank"">@user37814544973997</a>",21,3,58.5,0.8,1,8,0,114.667,5.667,0,0
"<a href=""https://tiktok.com/@user38800787971322"" target=""_blank"">@user38800787971322</a>",6,6,57.037,0.886,3,29,0,426.167,24.667,0,0.333
"<a href=""https://tiktok.com/@user4008340477714"" target=""_blank"">@user4008340477714</a>",18,3,47.365,1,2,16,0,240.667,11,0,0
"<a href=""https://tiktok.com/@user43774279092576"" target=""_blank"">@user43774279092576</a>",18,3,53.714,1,2,14,0,4388.667,189.333,0.333,0.333
"<a href=""https://tiktok.com/@user50259319692434"" target=""_blank"">@user50259319692434</a>",20,3,60.143,1,1,7,0,620.333,47.667,0,0.333
"<a href=""https://tiktok.com/@user5297733958713"" target=""_blank"">@user5297733958713</a>",35,3,52,0.8,1,7,0,1432,40.667,0.333,0.333
"<a href=""https://tiktok.com/@user5298819309685"" target=""_blank"">@user5298819309685</a>",10,3,56,1,1,9,0,4333.25,133.5,1.5,1.5
"<a href=""https://tiktok.com/@user5314034748415"" target=""_blank"">@user5314034748415</a>",5,6,55.929,0.811,3,28,0,506.333,16,0.167,0.667
"<a href=""https://tiktok.com/@user6097915656562"" target=""_blank"">@user6097915656562</a>",17,3,48,0.8,1,8,0,1851.333,93.333,0.333,0
"<a href=""https://tiktok.com/@user6137247299569"" target=""_blank"">@user6137247299569</a>",16,6,56.625,1,1,8,0,1003.833,34.5,0.167,0.167
"<a href=""https://tiktok.com/@user6504520312446"" target=""_blank"">@user6504520312446</a>",28,3,52.556,0.9,2,16,0,893.333,48.667,0.333,0
"<a href=""https://tiktok.com/@user68247818294707"" target=""_blank"">@user68247818294707</a>",28,3,61,0.8,1,7,0,636.333,20.333,0,0
"<a href=""https://tiktok.com/@user69878848109202"" target=""_blank"">@user69878848109202</a>",13,4,48.457,1,2,17,0,2809.25,48,0.75,0.25
"<a href=""https://tiktok.com/@user8115086398358"" target=""_blank"">@user8115086398358</a>",6,6,54.592,0.69,4,40,0,815.833,55.167,0.5,5.167
"<a href=""https://tiktok.com/@user84916800806508"" target=""_blank"">@user84916800806508</a>",21,3,58.5,0.8,1,8,0,125,12.75,0,0
"<a href=""https://tiktok.com/@user84987052372794"" target=""_blank"">@user84987052372794</a>",35,3,52,0.8,1,7,0,1161,51.333,0,0.333
"<a href=""https://tiktok.com/@user8523501210295"" target=""_blank"">@user8523501210295</a>",17,5,48,0.8,1,8,0,1009,37,0,0.333
"<a href=""https://tiktok.com/@user8812852758765"" target=""_blank"">@user8812852758765</a>",16,5,61.812,1,2,15,0,941.833,66.333,0,0.333
"<a href=""https://tiktok.com/@user91993146003152"" target=""_blank"">@user91993146003152</a>",16,3,67,1,1,7,0,940,43,0,0.167
"<a href=""https://tiktok.com/@user9637637609552"" target=""_blank"">@user9637637609552</a>",7,3,58.241,0.9,2,15,0,366,20.667,0,0
"<a href=""https://tiktok.com/@user9731567187196"" target=""_blank"">@user9731567187196</a>",13,5,39.8,0.857,1,10,0,13380,252.2,1,3.4
"<a href=""https://tiktok.com/@wdoih"" target=""_blank"">@wdoih</a>",3,3,28.333,1,1,9,0,210.667,1.333,0,0
"<a href=""https://tiktok.com/@xtxycu01"" target=""_blank"">@xtxycu01</a>",11,3,38.196,0.933,3,22,0,5414.333,57.667,0.667,0
"<a href=""https://tiktok.com/@yl7dasogk2"" target=""_blank"">@yl7dasogk2</a>",33,4,35.75,1,1,8,0,758.5,34.5,0.25,0.75
"<a href=""https://tiktok.com/@ysdsoc"" target=""_blank"">@ysdsoc</a>",11,5,34.325,0.886,3,28,0,4229.2,97.2,0,0
"<a href=""https://tiktok.com/@ytdgfx3"" target=""_blank"">@ytdgfx3</a>",11,6,31.621,0.819,3,27,0,92222.5,671.167,4.167,18.667
"<a href=""https://tiktok.com/@yum52022"" target=""_blank"">@yum52022</a>",34,3,21,1,1,9,0,33144.333,175.333,0.667,3.333
