"Account","Network","Unique Shares","Avg Time Between Shares (sec)","Edge Symmetry Score","Degree","Strength","Betweenness","Avg Views","Avg Likes","Avg Comments","Avg Shares"
"<a href=""https://tiktok.com/@.whjshshshshs"" target=""_blank"">@.whjshshshshs</a>",107,4,36.571,0.8,1,7,0,2272.4,131,1,2.2
"<a href=""https://tiktok.com/@1yrogls"" target=""_blank"">@1yrogls</a>",78,5,67,1,1,7,0,993.8,104.8,0.4,0.4
"<a href=""https://tiktok.com/@2100snowman"" target=""_blank"">@2100snowman</a>",84,5,52,0.833,1,8,0,37131.4,178.8,7.4,1.6
"<a href=""https://tiktok.com/@26hdjwjq"" target=""_blank"">@26hdjwjq</a>",71,4,9.25,1,1,8,0,1161,43,0.4,0.2
"<a href=""https://tiktok.com/@333yue"" target=""_blank"">@333yue</a>",44,4,78.5,1,1,8,0,65562.25,5676.25,485.5,2038.25
"<a href=""https://tiktok.com/@acyjlnni1ue"" target=""_blank"">@acyjlnni1ue</a>",16,6,65.286,1,1,7,0,1051.333,63.667,7,7.667
"<a href=""https://tiktok.com/@adam.hoyt"" target=""_blank"">@adam.hoyt</a>",100,3,46.583,0.933,3,25,0,832.667,32,3,7.667
"<a href=""https://tiktok.com/@adelaideparker19934"" target=""_blank"">@adelaideparker19934</a>",26,5,87.571,0.8,1,7,0,2010.286,52.143,1,2.714
"<a href=""https://tiktok.com/@adhhrrt"" target=""_blank"">@adhhrrt</a>",18,5,63.113,1,3,23,0,368.6,10.8,0,0
"<a href=""https://tiktok.com/@aed0267"" target=""_blank"">@aed0267</a>",47,9,54.559,0.804,4,44,0,1467.667,56,1.083,1.333
"<a href=""https://tiktok.com/@aed2750"" target=""_blank"">@aed2750</a>",47,10,44.367,0.766,3,27,0,7344,172.917,1,1.417
"<a href=""https://tiktok.com/@aed3660"" target=""_blank"">@aed3660</a>",11,8,47.623,0.975,5,38,0,3102.625,79.875,2.625,3.25
"<a href=""https://tiktok.com/@aed75787"" target=""_blank"">@aed75787</a>",11,8,39.161,1,2,15,0,5083,125.25,2.25,4.375
"<a href=""https://tiktok.com/@aed7p4"" target=""_blank"">@aed7p4</a>",11,7,65.552,0.969,4,31,0,5548.375,135,2.5,2.75
"<a href=""https://tiktok.com/@aeda1689"" target=""_blank"">@aeda1689</a>",10,7,26,1,1,8,0,9101.143,59,0.714,1.571
"<a href=""https://tiktok.com/@aedbr6"" target=""_blank"">@aedbr6</a>",38,7,34.429,1,1,7,0,1395,62.375,1.625,7.375
"<a href=""https://tiktok.com/@aedhdici"" target=""_blank"">@aedhdici</a>",5,8,44.938,1,4,32,0,1343.625,37.75,0.25,1.25
"<a href=""https://tiktok.com/@aedhdjcoof"" target=""_blank"">@aedhdjcoof</a>",2,8,47.75,0.786,2,16,0,1042.333,156.333,0.889,3.222
"<a href=""https://tiktok.com/@aedjdpckd"" target=""_blank"">@aedjdpckd</a>",4,8,50.601,0.907,5,49,0,1789.25,38.875,1.125,0
"<a href=""https://tiktok.com/@aedjxpxodj"" target=""_blank"">@aedjxpxodj</a>",40,8,53.038,0.975,5,44,0,2221.625,112.625,1.5,0.5
"<a href=""https://tiktok.com/@airplane_video578"" target=""_blank"">@airplane_video578</a>",102,7,60.399,0.845,2,21,0,28851.88,436.48,8.12,69.64
"<a href=""https://tiktok.com/@aiwjfha"" target=""_blank"">@aiwjfha</a>",68,9,40,1,1,7,0,498.727,18.636,3.364,0.091
"<a href=""https://tiktok.com/@akkaanav.risksjsg"" target=""_blank"">@akkaanav.risksjsg</a>",10,8,48.25,0.833,2,16,0,51233.5,479,6.625,8.25
"<a href=""https://tiktok.com/@amazingpilot0"" target=""_blank"">@amazingpilot0</a>",102,6,71.835,0.806,2,23,0,29.25,5.446,1.75,0.018
"<a href=""https://tiktok.com/@amazingpilot2"" target=""_blank"">@amazingpilot2</a>",102,3,45.667,1,1,12,0,55,11.69,2.643,0.024
"<a href=""https://tiktok.com/@angeldorothy1977"" target=""_blank"">@angeldorothy1977</a>",25,6,40.486,1,2,17,0,3827.25,63.75,1.375,5.75
"<a href=""https://tiktok.com/@arffug"" target=""_blank"">@arffug</a>",94,8,66.328,0.933,3,43,0,688.4,41.7,0.8,1.3
"<a href=""https://tiktok.com/@aseng.haymong"" target=""_blank"">@aseng.haymong</a>",51,8,63.545,0.875,1,11,0,1938.375,52.125,1.25,1
"<a href=""https://tiktok.com/@avafind2"" target=""_blank"">@avafind2</a>",108,16,35.806,1,6,60,0,202.294,0.824,0.059,0
"<a href=""https://tiktok.com/@avelina.asucen"" target=""_blank"">@avelina.asucen</a>",79,4,31.571,0.944,3,22,0,1045.75,46.75,0.5,0.75
"<a href=""https://tiktok.com/@awmilke"" target=""_blank"">@awmilke</a>",76,6,55.875,1,1,8,0,2063,89.333,1.167,0.167
"<a href=""https://tiktok.com/@ayanna.kelekele"" target=""_blank"">@ayanna.kelekele</a>",100,5,56.241,0.909,5,55,0,772.6,14.8,0.4,6
"<a href=""https://tiktok.com/@babypink6896"" target=""_blank"">@babypink6896</a>",28,8,62.326,0.921,3,31,0,952.375,57.375,1.875,14.25
"<a href=""https://tiktok.com/@barakah.yasmine.s"" target=""_blank"">@barakah.yasmine.s</a>",97,5,51.286,1,1,7,0,697.5,23,0.5,10
"<a href=""https://tiktok.com/@bate.hynda"" target=""_blank"">@bate.hynda</a>",11,7,69.875,1,1,8,0,1591.5,54.875,1.125,0.875
"<a href=""https://tiktok.com/@battl.kray"" target=""_blank"">@battl.kray</a>",46,7,54.901,0.824,6,49,0,14669,198.571,6.429,190
"<a href=""https://tiktok.com/@bbcanxmfe6"" target=""_blank"">@bbcanxmfe6</a>",86,3,49,0.8,2,14,0,1443.667,20.667,0.333,0.333
"<a href=""https://tiktok.com/@bcc662"" target=""_blank"">@bcc662</a>",28,7,52.444,0.875,1,9,0,1582.429,51.714,0.714,0.714
"<a href=""https://tiktok.com/@bdjkeo"" target=""_blank"">@bdjkeo</a>",13,5,59.071,0.844,2,19,0,198,1.6,0,0
"<a href=""https://tiktok.com/@bdjsbsk4"" target=""_blank"">@bdjsbsk4</a>",73,8,40.734,0.911,6,94,0,1091.5,53.5,0.875,0
"<a href=""https://tiktok.com/@bdoci6"" target=""_blank"">@bdoci6</a>",4,7,51.625,0.857,1,8,0,1623.857,63.143,1,0.571
"<a href=""https://tiktok.com/@bdpd57"" target=""_blank"">@bdpd57</a>",42,8,60.571,0.9,1,14,0,2577.5,245,0.75,2.5
"<a href=""https://tiktok.com/@be.jkigv"" target=""_blank"">@be.jkigv</a>",1,7,63.062,0.833,2,16,0,13935.714,567,6.429,1.571
"<a href=""https://tiktok.com/@beautifulseen30"" target=""_blank"">@beautifulseen30</a>",127,7,64.695,0.917,2,21,0,88.917,13.5,0.75,0
"<a href=""https://tiktok.com/@beautydriver2"" target=""_blank"">@beautydriver2</a>",103,4,64.167,0.857,1,12,0,1527.333,47.778,1.333,0.556
"<a href=""https://tiktok.com/@beixian060"" target=""_blank"">@beixian060</a>",122,3,70.357,0.5,2,14,0,649.333,33.667,5.667,0
"<a href=""https://tiktok.com/@benedossie2"" target=""_blank"">@benedossie2</a>",46,6,61.836,0.893,6,57,0,6343.333,80.667,0.167,1
"<a href=""https://tiktok.com/@berylsaunders19830"" target=""_blank"">@berylsaunders19830</a>",27,6,30.5,0.857,1,10,0,2493.667,49.833,0.667,2
"<a href=""https://tiktok.com/@bfc.hff"" target=""_blank"">@bfc.hff</a>",40,4,59.429,1,2,14,0,1784.167,38,1.167,0.833
"<a href=""https://tiktok.com/@bgfddf8888"" target=""_blank"">@bgfddf8888</a>",3,8,39.667,1,1,9,0,2200.444,77.222,0.889,0.556
"<a href=""https://tiktok.com/@bipiqo"" target=""_blank"">@bipiqo</a>",95,10,78.331,0.876,6,95,0,324.4,6.2,0.1,0
"<a href=""https://tiktok.com/@bixukf"" target=""_blank"">@bixukf</a>",76,6,70.295,1,2,15,0,3209.833,97.667,1.667,0.833
"<a href=""https://tiktok.com/@bjspsp"" target=""_blank"">@bjspsp</a>",91,7,68.67,1,2,20,0,5199.429,145,6.143,0.571
"<a href=""https://tiktok.com/@bkot6010"" target=""_blank"">@bkot6010</a>",62,9,55.821,0.929,2,32,0,830.182,37.364,0.545,0.909
"<a href=""https://tiktok.com/@bmc12655"" target=""_blank"">@bmc12655</a>",1,7,52.288,0.907,7,61,0,1839,68.429,0.857,1.286
"<a href=""https://tiktok.com/@books3478"" target=""_blank"">@books3478</a>",28,8,51.522,0.875,2,19,0,991.5,65.5,0,0.125
"<a href=""https://tiktok.com/@bpgarp"" target=""_blank"">@bpgarp</a>",95,8,62.905,0.942,5,94,0,500.5,17.375,0.25,0.25
"<a href=""https://tiktok.com/@brooks.jenner"" target=""_blank"">@brooks.jenner</a>",100,3,61.813,1,5,43,0,482.667,32.667,0.667,2.333
"<a href=""https://tiktok.com/@bsbsbsvsv44"" target=""_blank"">@bsbsbsvsv44</a>",40,6,51.545,0.917,2,15,0,15140.5,336.833,6,3.833
"<a href=""https://tiktok.com/@buggyhugh1"" target=""_blank"">@buggyhugh1</a>",83,6,53.833,0.8,1,12,0,3856.333,97.333,1.333,0.167
"<a href=""https://tiktok.com/@bvoo3130"" target=""_blank"">@bvoo3130</a>",57,8,68.755,0.869,7,112,0,1743.5,39.25,0.625,0.125
"<a href=""https://tiktok.com/@bxkke4723"" target=""_blank"">@bxkke4723</a>",73,6,45.006,0.817,6,78,0,1377.667,57.833,0.5,0.167
"<a href=""https://tiktok.com/@caifu1802"" target=""_blank"">@caifu1802</a>",87,3,51.214,0.8,2,14,0,1250.667,66,0.667,1
"<a href=""https://tiktok.com/@carlos.alberto.al886"" target=""_blank"">@carlos.alberto.al886</a>",52,7,60.045,0.929,2,15,0,5265.429,85,1.429,0.714
"<a href=""https://tiktok.com/@carmen.vega355"" target=""_blank"">@carmen.vega355</a>",40,4,58,1,2,14,0,1484,76,0.5,0.5
"<a href=""https://tiktok.com/@cbnkugf"" target=""_blank"">@cbnkugf</a>",13,6,55.583,0.868,3,30,0,222.333,5,0,0
"<a href=""https://tiktok.com/@chaff8892"" target=""_blank"">@chaff8892</a>",28,8,60.325,0.868,3,31,0,1696.375,66.375,0.625,5.5
"<a href=""https://tiktok.com/@chantalkusch"" target=""_blank"">@chantalkusch</a>",1,7,44.741,0.967,6,46,0,1626,159.625,0.25,0.625
"<a href=""https://tiktok.com/@chghghj"" target=""_blank"">@chghghj</a>",101,11,54.392,0.857,2,23,0,966.091,8.455,0,0
"<a href=""https://tiktok.com/@chhvfhjn"" target=""_blank"">@chhvfhjn</a>",15,6,57.375,0.857,1,8,0,402,11.833,0.833,0.833
"<a href=""https://tiktok.com/@chikni_baby"" target=""_blank"">@chikni_baby</a>",128,3,90,0.6,1,11,0,95,11.25,1,0
"<a href=""https://tiktok.com/@china_queen_520"" target=""_blank"">@china_queen_520</a>",102,10,61.289,0.815,3,30,0,2290.148,144.481,13.593,2.741
"<a href=""https://tiktok.com/@chkchifofo"" target=""_blank"">@chkchifofo</a>",21,6,48.701,1,2,17,0,1078.333,95.333,0.833,0.5
"<a href=""https://tiktok.com/@cigcgict"" target=""_blank"">@cigcgict</a>",80,4,49.75,1,1,8,0,964.25,43.75,2,0.25
"<a href=""https://tiktok.com/@cihohsqwfi"" target=""_blank"">@cihohsqwfi</a>",20,6,50.524,1,3,21,0,786.833,24.667,0.167,0
"<a href=""https://tiktok.com/@ciojkb"" target=""_blank"">@ciojkb</a>",55,12,17.588,0.95,6,159,0,1052.917,74.5,0.083,1.167
"<a href=""https://tiktok.com/@cirila.mccorkle"" target=""_blank"">@cirila.mccorkle</a>",5,8,37.417,1,3,24,0,1583.375,46.25,0.875,0.75
"<a href=""https://tiktok.com/@cjgbkbl"" target=""_blank"">@cjgbkbl</a>",17,7,50.212,1,2,18,0,354.857,5.714,0.143,0
"<a href=""https://tiktok.com/@cjgkgk45"" target=""_blank"">@cjgkgk45</a>",30,4,59.214,1,2,14,0,328.5,11.75,0.25,0
"<a href=""https://tiktok.com/@cjsllfd"" target=""_blank"">@cjsllfd</a>",22,5,49.286,1,1,7,0,1350.8,90.2,0.4,0.6
"<a href=""https://tiktok.com/@cjur6297"" target=""_blank"">@cjur6297</a>",64,4,36.125,1,2,16,0,713.75,46.75,0,0
"<a href=""https://tiktok.com/@ckief1163"" target=""_blank"">@ckief1163</a>",58,12,16.431,1,4,39,0,1918.167,110.833,0.75,1.5
"<a href=""https://tiktok.com/@clirr5282"" target=""_blank"">@clirr5282</a>",65,4,63,0.8,1,10,0,1084.4,98.6,0.4,3
"<a href=""https://tiktok.com/@coirf88774"" target=""_blank"">@coirf88774</a>",66,5,63.772,1,2,25,0,1057.8,115.4,1.2,1.2
"<a href=""https://tiktok.com/@constantinos.hard"" target=""_blank"">@constantinos.hard</a>",100,6,36.98,0.891,5,60,0,2777.167,44.167,0.5,5.833
"<a href=""https://tiktok.com/@courr1227"" target=""_blank"">@courr1227</a>",66,5,63.042,1,2,25,0,695.2,51.2,0.8,1.4
"<a href=""https://tiktok.com/@craig.harrell0"" target=""_blank"">@craig.harrell0</a>",5,8,36.41,0.971,5,42,0,797.125,62.625,0.75,0.375
"<a href=""https://tiktok.com/@cute_queen7102"" target=""_blank"">@cute_queen7102</a>",102,7,52.795,0.929,2,25,0,2704.409,82.364,7.955,4.864
"<a href=""https://tiktok.com/@cutequeen_driver120"" target=""_blank"">@cutequeen_driver120</a>",56,6,57.677,0.9,1,31,0,212.7,35.05,4.85,2.7
"<a href=""https://tiktok.com/@cxd.shd"" target=""_blank"">@cxd.shd</a>",54,8,73.855,0.875,2,21,0,5994.125,63.125,1.5,2
"<a href=""https://tiktok.com/@dahlia5054"" target=""_blank"">@dahlia5054</a>",35,6,61.25,1,1,8,0,1485,54,1.167,2.167
"<a href=""https://tiktok.com/@dchj473"" target=""_blank"">@dchj473</a>",116,4,41.786,1,2,15,0,897,80.5,1.25,1.25
"<a href=""https://tiktok.com/@dchjo48"" target=""_blank"">@dchjo48</a>",112,3,37.741,0.967,6,54,0,1228.333,57.667,0,3.333
"<a href=""https://tiktok.com/@ddoom15"" target=""_blank"">@ddoom15</a>",122,4,55.768,0.754,6,60,0,390.25,21.75,0,1
"<a href=""https://tiktok.com/@debran.oxonrp00"" target=""_blank"">@debran.oxonrp00</a>",11,8,48.919,1,3,24,0,2199.375,69,0.375,0.875
"<a href=""https://tiktok.com/@debran.oxonrp81"" target=""_blank"">@debran.oxonrp81</a>",10,6,59.167,1,1,12,0,12665.833,139.333,0.833,2.167
"<a href=""https://tiktok.com/@debran.oxonrp86"" target=""_blank"">@debran.oxonrp86</a>",12,8,59.429,0.714,1,7,0,3986.125,118.25,2,2.5
"<a href=""https://tiktok.com/@dfbjqb"" target=""_blank"">@dfbjqb</a>",67,3,61.833,1,2,18,0,280,12.667,0,0.333
"<a href=""https://tiktok.com/@dfdfm03"" target=""_blank"">@dfdfm03</a>",122,3,55.806,0.822,3,32,0,3066.667,30.333,0.667,0
"<a href=""https://tiktok.com/@dghhg372"" target=""_blank"">@dghhg372</a>",90,7,54.8,1,2,18,0,971.714,62.714,2,1.143
"<a href=""https://tiktok.com/@dgjo390"" target=""_blank"">@dgjo390</a>",118,4,45.25,1,2,16,0,323.25,17.5,0.25,0
"<a href=""https://tiktok.com/@dglqabj"" target=""_blank"">@dglqabj</a>",68,9,40,1,1,7,0,562.9,12.8,0,0.2
"<a href=""https://tiktok.com/@dhdh.gccxy"" target=""_blank"">@dhdh.gccxy</a>",53,5,36.714,0.833,1,7,0,1736.429,54.857,1.429,0.714
"<a href=""https://tiktok.com/@dhie1905"" target=""_blank"">@dhie1905</a>",61,10,10,1,1,10,0,934.182,73.273,0.455,0.909
"<a href=""https://tiktok.com/@dhuolt"" target=""_blank"">@dhuolt</a>",55,3,16.574,0.933,6,54,0,991.333,75.333,2.667,1.667
"<a href=""https://tiktok.com/@dijx3903"" target=""_blank"">@dijx3903</a>",57,9,66.965,0.981,6,107,0,1042.222,46.889,0.333,0.333
"<a href=""https://tiktok.com/@dining.seventy"" target=""_blank"">@dining.seventy</a>",83,6,53.833,0.8,1,12,0,971.667,43.667,0.333,0.667
"<a href=""https://tiktok.com/@dirkgncyy.z.110"" target=""_blank"">@dirkgncyy.z.110</a>",85,4,60,1,1,7,0,1541.25,154.75,1.25,0.25
"<a href=""https://tiktok.com/@djakbksi"" target=""_blank"">@djakbksi</a>",13,5,58.442,0.867,4,45,0,97.8,1.8,0,0
"<a href=""https://tiktok.com/@djejgek"" target=""_blank"">@djejgek</a>",13,6,61.371,0.857,3,37,0,264,4.667,0,0
"<a href=""https://tiktok.com/@djfntt.7191"" target=""_blank"">@djfntt.7191</a>",85,4,60,1,1,7,0,2252,192.25,0.75,1.5
"<a href=""https://tiktok.com/@djsisidh"" target=""_blank"">@djsisidh</a>",50,4,46.875,0.667,1,8,0,1209.25,113.25,1,1.5
"<a href=""https://tiktok.com/@drgd8391"" target=""_blank"">@drgd8391</a>",57,9,60.034,0.927,5,73,0,1240.222,97.444,0.889,0.667
"<a href=""https://tiktok.com/@dtbtcc8"" target=""_blank"">@dtbtcc8</a>",95,9,72.406,0.846,7,93,0,1345.667,51.111,0.333,2.111
"<a href=""https://tiktok.com/@dthh824"" target=""_blank"">@dthh824</a>",47,11,60.191,0.825,4,65,0,3221,102.545,0.636,1.364
"<a href=""https://tiktok.com/@duuff30"" target=""_blank"">@duuff30</a>",78,4,67,1,1,7,0,1303.5,74.75,0.25,1.75
"<a href=""https://tiktok.com/@dvdjsh29"" target=""_blank"">@dvdjsh29</a>",93,4,69.268,1,2,15,0,28486,1116,7.25,6.25
"<a href=""https://tiktok.com/@dyxh0219"" target=""_blank"">@dyxh0219</a>",58,12,13.931,1,4,39,0,5734.167,81.083,0.75,1.333
"<a href=""https://tiktok.com/@eagehh"" target=""_blank"">@eagehh</a>",55,3,17.648,1,6,54,0,142.333,1.333,0,0
"<a href=""https://tiktok.com/@edithgriffith19594"" target=""_blank"">@edithgriffith19594</a>",27,6,30.5,0.857,1,10,0,2355.333,41.333,0,1.667
"<a href=""https://tiktok.com/@eexvnnooyy"" target=""_blank"">@eexvnnooyy</a>",106,9,68.09,0.85,3,34,0,1647.222,88.556,3,4.667
"<a href=""https://tiktok.com/@eiej4325"" target=""_blank"">@eiej4325</a>",57,9,66.393,0.978,5,68,0,779.444,56.111,0.667,0.111
"<a href=""https://tiktok.com/@emory.drawehj"" target=""_blank"">@emory.drawehj</a>",52,7,54.242,0.917,3,24,0,2332.5,49.5,2.5,1.125
"<a href=""https://tiktok.com/@eqmhqf"" target=""_blank"">@eqmhqf</a>",95,10,64.32,0.883,7,120,0,786.4,26.5,0.1,0.3
"<a href=""https://tiktok.com/@eqxela7"" target=""_blank"">@eqxela7</a>",126,3,35.611,1,5,45,0,469.333,20.667,0.333,0
"<a href=""https://tiktok.com/@ethan.carter.mitchell"" target=""_blank"">@ethan.carter.mitchell</a>",98,5,47.286,0.8,1,7,0,962.333,42.667,2,8.667
"<a href=""https://tiktok.com/@evntft"" target=""_blank"">@evntft</a>",69,8,53.875,1,1,8,0,607.111,20.778,0,0.111
"<a href=""https://tiktok.com/@eyidk5"" target=""_blank"">@eyidk5</a>",89,6,38.125,1,2,16,0,830.167,66,0.833,0
"<a href=""https://tiktok.com/@fcjjv86"" target=""_blank"">@fcjjv86</a>",2,6,73,1,1,8,0,3281.5,149.5,0.25,9
"<a href=""https://tiktok.com/@fduic5"" target=""_blank"">@fduic5</a>",2,8,53.183,0.836,3,28,0,2024.1,66.6,0.5,1
"<a href=""https://tiktok.com/@fefpls"" target=""_blank"">@fefpls</a>",110,3,35.333,1,1,9,0,238.333,6,0,0.667
"<a href=""https://tiktok.com/@fgvv752"" target=""_blank"">@fgvv752</a>",116,4,50.417,1,3,24,0,3184.75,220.25,0.25,41.5
"<a href=""https://tiktok.com/@fhakowbz"" target=""_blank"">@fhakowbz</a>",13,5,60.348,0.914,4,39,0,95.4,1,0,0
"<a href=""https://tiktok.com/@fhda78402"" target=""_blank"">@fhda78402</a>",57,9,63.837,0.972,4,80,0,849.222,67.444,0.444,0.444
"<a href=""https://tiktok.com/@fhdjfjfj8"" target=""_blank"">@fhdjfjfj8</a>",18,6,49.411,0.944,3,23,0,765.5,36.5,2.667,0.5
"<a href=""https://tiktok.com/@fhggf28"" target=""_blank"">@fhggf28</a>",29,4,57.857,1,1,7,0,165.25,2,0,0
"<a href=""https://tiktok.com/@fhgse42"" target=""_blank"">@fhgse42</a>",116,4,52.411,1,2,15,0,2243,51.75,0.75,0.25
"<a href=""https://tiktok.com/@fhkundshunk"" target=""_blank"">@fhkundshunk</a>",9,5,61.179,0.9,2,15,0,1497.6,42.2,3.2,1.8
"<a href=""https://tiktok.com/@fhxk1941"" target=""_blank"">@fhxk1941</a>",62,6,64.25,1,2,36,0,791,40,0.333,1
"<a href=""https://tiktok.com/@fijvxdd"" target=""_blank"">@fijvxdd</a>",36,5,53.286,1,1,7,0,2020.5,57.5,1.125,0.875
"<a href=""https://tiktok.com/@fixthedrama"" target=""_blank"">@fixthedrama</a>",84,4,52,0.833,1,8,0,32418,256.75,8.5,6.75
"<a href=""https://tiktok.com/@fjjfjko"" target=""_blank"">@fjjfjko</a>",13,6,71.932,0.871,5,44,0.001,154.167,2.833,0.167,0
"<a href=""https://tiktok.com/@fjngjrffu"" target=""_blank"">@fjngjrffu</a>",29,4,57.857,1,1,7,0,574,25.75,1,15
"<a href=""https://tiktok.com/@fjvfjk4"" target=""_blank"">@fjvfjk4</a>",40,8,61.875,0.967,5,45,0,3312.75,122.375,3.25,1.375
"<a href=""https://tiktok.com/@fkhfe5"" target=""_blank"">@fkhfe5</a>",115,4,80.5,1,1,8,0,1738,51.75,0,1.75
"<a href=""https://tiktok.com/@fkir2290"" target=""_blank"">@fkir2290</a>",64,4,58.333,1,3,24,0,877.75,88,0.75,1
"<a href=""https://tiktok.com/@fkncxh"" target=""_blank"">@fkncxh</a>",37,5,56.286,0.833,1,7,0,2386.444,109.222,1.222,4.889
"<a href=""https://tiktok.com/@flsosi5"" target=""_blank"">@flsosi5</a>",93,6,74.056,1,3,28,0,996.667,63.5,1.5,0.667
"<a href=""https://tiktok.com/@fm04718"" target=""_blank"">@fm04718</a>",114,4,56.25,1,1,8,0,487.75,36.75,1.25,0.25
"<a href=""https://tiktok.com/@fnnf8890"" target=""_blank"">@fnnf8890</a>",65,5,63,0.8,1,10,0,750.4,50,1.2,0
"<a href=""https://tiktok.com/@forscalligaro"" target=""_blank"">@forscalligaro</a>",123,2,77,0.5,1,8,0,184.5,1,0,0
"<a href=""https://tiktok.com/@fpominm.yupomisc"" target=""_blank"">@fpominm.yupomisc</a>",73,3,56.25,0.714,1,8,0,827.333,23.333,0.333,0
"<a href=""https://tiktok.com/@fsfgi"" target=""_blank"">@fsfgi</a>",119,4,57,1,1,7,0,10903.75,518.75,1,6.75
"<a href=""https://tiktok.com/@fteecfs"" target=""_blank"">@fteecfs</a>",72,5,22.575,0.938,2,18,0,1886.4,107,1,0.4
"<a href=""https://tiktok.com/@fughf21"" target=""_blank"">@fughf21</a>",1,8,48.93,1,4,33,0,1580.375,99.75,0.5,1.5
"<a href=""https://tiktok.com/@fvbsiw"" target=""_blank"">@fvbsiw</a>",67,12,69,1,1,9,0,378.389,15.111,0.222,0.167
"<a href=""https://tiktok.com/@g.in.cgn"" target=""_blank"">@g.in.cgn</a>",79,4,42.702,0.756,3,22,0,1398.25,151.5,1,0
"<a href=""https://tiktok.com/@gdijdgsh4"" target=""_blank"">@gdijdgsh4</a>",41,6,41.25,0.857,1,8,0,3233.667,217.333,2.333,2
"<a href=""https://tiktok.com/@gdjdi63"" target=""_blank"">@gdjdi63</a>",90,7,76.554,1,2,15,0,1260.429,72.286,0.857,0
"<a href=""https://tiktok.com/@gduaddit"" target=""_blank"">@gduaddit</a>",30,4,55.946,1,2,15,0,256.75,4.5,0,0
"<a href=""https://tiktok.com/@gduhx01"" target=""_blank"">@gduhx01</a>",2,7,43.61,0.815,4,36,0,12741.778,104,0.778,2.111
"<a href=""https://tiktok.com/@gdxhij"" target=""_blank"">@gdxhij</a>",116,4,60.4,1,5,40,0,2755,189.5,4.5,2.75
"<a href=""https://tiktok.com/@gdzvh1"" target=""_blank"">@gdzvh1</a>",120,3,53.167,1,2,18,0,546199.333,84883,296,13849
"<a href=""https://tiktok.com/@geifocve"" target=""_blank"">@geifocve</a>",40,8,50.852,0.979,6,54,0,2295.5,134.5,1.125,1
"<a href=""https://tiktok.com/@geujcc"" target=""_blank"">@geujcc</a>",4,10,49.835,0.935,5,63,0,2100.7,103.5,6.7,8
"<a href=""https://tiktok.com/@ghadir.tamadur.ba"" target=""_blank"">@ghadir.tamadur.ba</a>",99,5,52.267,0.778,1,15,0,561,31.4,2.2,4.4
"<a href=""https://tiktok.com/@gheoe8"" target=""_blank"">@gheoe8</a>",89,6,53.25,1,3,32,0,26212.333,756.667,5.333,6.333
"<a href=""https://tiktok.com/@ghfee48"" target=""_blank"">@ghfee48</a>",118,4,61.5,1,2,16,0,1457.75,51.25,1,1.25
"<a href=""https://tiktok.com/@ghhj8554"" target=""_blank"">@ghhj8554</a>",57,7,71.731,0.887,7,80,0,1456.143,73.286,0.571,0.286
"<a href=""https://tiktok.com/@ghjbsjb"" target=""_blank"">@ghjbsjb</a>",13,6,57.908,0.879,4,34,0,112.167,0.5,0,0
"<a href=""https://tiktok.com/@ghv.vbk"" target=""_blank"">@ghv.vbk</a>",12,8,59.429,0.714,1,7,0,1689,89.375,1.125,0.5
"<a href=""https://tiktok.com/@ghvvhvcgvvccf"" target=""_blank"">@ghvvhvcgvvccf</a>",106,9,60.671,0.802,3,25,0,3196.667,88,0.556,1
"<a href=""https://tiktok.com/@ghzdxbj"" target=""_blank"">@ghzdxbj</a>",105,7,78.455,1,1,11,0,1822.143,73.429,1.857,4
"<a href=""https://tiktok.com/@gigigjj"" target=""_blank"">@gigigjj</a>",20,5,53.214,1,2,14,0,362.2,8.4,0.4,0
"<a href=""https://tiktok.com/@gisela.lipke"" target=""_blank"">@gisela.lipke</a>",4,7,47.881,0.897,4,36,0,3174.875,75.875,0.375,0.875
"<a href=""https://tiktok.com/@givi0331"" target=""_blank"">@givi0331</a>",63,8,58.15,0.958,4,63,0,635.625,55.125,0.125,1
"<a href=""https://tiktok.com/@gjbgikh"" target=""_blank"">@gjbgikh</a>",39,6,63.429,0.8,1,7,0,842.25,85.625,0.5,0.5
"<a href=""https://tiktok.com/@gjfdd68"" target=""_blank"">@gjfdd68</a>",120,3,69.167,0.8,2,18,0,295,3.667,0,0
"<a href=""https://tiktok.com/@gjhg8047"" target=""_blank"">@gjhg8047</a>",57,4,50.556,0.889,3,30,0,330.25,6.5,0.25,0.25
"<a href=""https://tiktok.com/@gkk6161"" target=""_blank"">@gkk6161</a>",114,4,86.5,1,2,16,0,189.5,18,0.75,0
"<a href=""https://tiktok.com/@gkkfykjb"" target=""_blank"">@gkkfykjb</a>",20,4,56.714,1,1,7,0,847.25,64.75,1.5,0.75
"<a href=""https://tiktok.com/@glye82199"" target=""_blank"">@glye82199</a>",58,12,19.253,1,4,40,0,1719.917,91.25,0.5,1.083
"<a href=""https://tiktok.com/@gnooloh"" target=""_blank"">@gnooloh</a>",31,4,51.143,0.833,1,7,0,598.5,76.25,0.25,0.25
"<a href=""https://tiktok.com/@gohdr4367"" target=""_blank"">@gohdr4367</a>",73,8,45.531,0.888,6,87,0,2377,67.5,1.125,0
"<a href=""https://tiktok.com/@gooejxrtudk"" target=""_blank"">@gooejxrtudk</a>",14,6,57.875,1,1,8,0,403.833,11.833,0.667,0.333
"<a href=""https://tiktok.com/@gooj806"" target=""_blank"">@gooj806</a>",46,7,54.158,0.825,4,37,0,2344.429,102.714,0.857,6.429
"<a href=""https://tiktok.com/@gour2295"" target=""_blank"">@gour2295</a>",66,5,57.731,1,2,26,0,777.8,39.2,0.4,0.2
"<a href=""https://tiktok.com/@grdgh760"" target=""_blank"">@grdgh760</a>",116,4,72,1,1,8,0,812.75,53.25,0,0
"<a href=""https://tiktok.com/@grilofchina"" target=""_blank"">@grilofchina</a>",127,5,64.3,1,1,10,0,66.636,15.727,0.818,0.091
"<a href=""https://tiktok.com/@gshr888"" target=""_blank"">@gshr888</a>",122,3,61.81,0.822,3,25,0,3567.667,47.333,2,3.333
"<a href=""https://tiktok.com/@gxiiff3"" target=""_blank"">@gxiiff3</a>",5,7,54,1,2,16,0,2732.429,175.143,0.286,2.571
"<a href=""https://tiktok.com/@gysfh4"" target=""_blank"">@gysfh4</a>",92,7,68.375,1,1,8,0,1481.429,65.714,0.714,0.286
"<a href=""https://tiktok.com/@gzchjj"" target=""_blank"">@gzchjj</a>",112,3,29.667,1,2,18,0,7001,265.333,8,16.667
"<a href=""https://tiktok.com/@hajhsh12"" target=""_blank"">@hajhsh12</a>",17,8,65.69,0.881,4,36,0,870.625,83.25,1.125,0.75
"<a href=""https://tiktok.com/@hbjoggv"" target=""_blank"">@hbjoggv</a>",18,5,56.42,1,2,15,0,239.8,6.4,0,0
"<a href=""https://tiktok.com/@hciiv26"" target=""_blank"">@hciiv26</a>",5,10,62.458,0.833,3,24,0,1478,133.1,2.2,3.4
"<a href=""https://tiktok.com/@hckgovj"" target=""_blank"">@hckgovj</a>",40,5,54.298,1,3,23,0,3372.2,175,1.2,3.4
"<a href=""https://tiktok.com/@hcuccu156"" target=""_blank"">@hcuccu156</a>",116,4,53.473,1,4,31,0,1463.5,63.5,0.5,2
"<a href=""https://tiktok.com/@hddgjj79"" target=""_blank"">@hddgjj79</a>",120,3,41.037,0.933,3,27,0,2290.667,68.333,1.333,9
"<a href=""https://tiktok.com/@hdhxh3484"" target=""_blank"">@hdhxh3484</a>",2,7,44.188,0.929,2,17,0,2293.143,53.286,0.286,1.857
"<a href=""https://tiktok.com/@hdifhg5"" target=""_blank"">@hdifhg5</a>",1,9,48.111,0.986,10,93,0,82197,4096.556,17.778,28.333
"<a href=""https://tiktok.com/@hdksp6389"" target=""_blank"">@hdksp6389</a>",79,5,39.089,0.893,5,40,0,1204,93.2,0.6,0.2
"<a href=""https://tiktok.com/@hdkte6"" target=""_blank"">@hdkte6</a>",113,4,47.714,1,1,7,0,3906.25,71,0.25,0
"<a href=""https://tiktok.com/@hdmjwo1"" target=""_blank"">@hdmjwo1</a>",94,3,79.119,1,2,16,0,520.857,38.571,0.429,2.857
"<a href=""https://tiktok.com/@hdodjdb5"" target=""_blank"">@hdodjdb5</a>",4,7,50.984,0.886,5,58,0,763.444,17.111,0.444,0.111
"<a href=""https://tiktok.com/@hds.hy"" target=""_blank"">@hds.hy</a>",81,4,14.5,1,1,8,0,1424.75,135,2,0.5
"<a href=""https://tiktok.com/@hdsgh57"" target=""_blank"">@hdsgh57</a>",111,4,45.75,1,1,8,0,6365.25,233,1.5,5.25
"<a href=""https://tiktok.com/@hdvhds4"" target=""_blank"">@hdvhds4</a>",79,4,34.226,0.889,3,22,0,1262.5,98.75,0.75,0
"<a href=""https://tiktok.com/@hfstil3"" target=""_blank"">@hfstil3</a>",90,5,61.286,1,1,7,0,10702.2,461.2,6.2,4.2
"<a href=""https://tiktok.com/@hgidsi"" target=""_blank"">@hgidsi</a>",73,6,54.239,0.764,6,76,0,1275.667,110.333,0.167,0.167
"<a href=""https://tiktok.com/@hhdhuwp"" target=""_blank"">@hhdhuwp</a>",69,8,53.875,1,1,8,0,303.25,10.5,0,0
"<a href=""https://tiktok.com/@hi.pnct"" target=""_blank"">@hi.pnct</a>",17,5,58.223,0.833,2,15,0,486.4,13.4,0,0
"<a href=""https://tiktok.com/@hidouo"" target=""_blank"">@hidouo</a>",95,8,58.202,0.767,3,59,0,792.111,31,0,0.444
"<a href=""https://tiktok.com/@hjde197"" target=""_blank"">@hjde197</a>",114,4,54.75,1,4,32,0,1079.25,25.75,0,0.5
"<a href=""https://tiktok.com/@hltuoq"" target=""_blank"">@hltuoq</a>",95,10,62.424,0.919,4,81,0,417.8,12.8,0.1,0.4
"<a href=""https://tiktok.com/@hoeg.huan"" target=""_blank"">@hoeg.huan</a>",10,7,64.833,0.833,2,20,0,13265.714,110.429,1.429,1
"<a href=""https://tiktok.com/@hofkst5"" target=""_blank"">@hofkst5</a>",116,4,32,1,1,8,0,7566,129.25,1.25,2.75
"<a href=""https://tiktok.com/@hojdmc"" target=""_blank"">@hojdmc</a>",55,12,17.914,0.946,6,159,0,896.333,107,1.417,0.5
"<a href=""https://tiktok.com/@hootchxs"" target=""_blank"">@hootchxs</a>",22,5,49.286,1,1,7,0,1070.4,34.8,0,0.4
"<a href=""https://tiktok.com/@housn103"" target=""_blank"">@housn103</a>",4,7,52.306,0.95,5,44,0,3880.429,42.286,7.429,20.714
"<a href=""https://tiktok.com/@hpcfh"" target=""_blank"">@hpcfh</a>",43,6,56.875,1,1,8,0,4152.667,94,1.167,0.333
"<a href=""https://tiktok.com/@hq12151718"" target=""_blank"">@hq12151718</a>",115,4,96.25,1,1,8,0,743,68,0.5,0.25
"<a href=""https://tiktok.com/@hrsvh24"" target=""_blank"">@hrsvh24</a>",116,4,31.167,1,3,24,0,3160,144.5,0.5,3.75
"<a href=""https://tiktok.com/@hsiwibs"" target=""_blank"">@hsiwibs</a>",13,5,55.438,0.917,2,18,0,122,0.8,0,0
"<a href=""https://tiktok.com/@htjzwe4"" target=""_blank"">@htjzwe4</a>",75,6,78.25,1,1,8,0,7489.167,166,4.167,1
"<a href=""https://tiktok.com/@huff797"" target=""_blank"">@huff797</a>",28,7,63.566,0.81,3,25,0,1582.286,50.571,0.571,0.286
"<a href=""https://tiktok.com/@hullen.nguyen"" target=""_blank"">@hullen.nguyen</a>",5,8,64.75,1,3,24,0,130376.875,5544.75,25.75,57.5
"<a href=""https://tiktok.com/@hurrryu"" target=""_blank"">@hurrryu</a>",90,6,70.675,1,2,18,0,1792.571,90.429,0.571,0.714
"<a href=""https://tiktok.com/@hwvrok"" target=""_blank"">@hwvrok</a>",74,6,50,1,2,16,0,2726.167,70.833,0.167,0.333
"<a href=""https://tiktok.com/@hzjsjs897"" target=""_blank"">@hzjsjs897</a>",81,4,14.5,1,1,8,0,2040.25,212.75,1.25,0.5
"<a href=""https://tiktok.com/@idhd139"" target=""_blank"">@idhd139</a>",5,10,68.012,0.839,4,33,0,1751.2,117.1,1,1.4
"<a href=""https://tiktok.com/@ididu034"" target=""_blank"">@ididu034</a>",43,8,57.866,1,2,15,0,2123.75,133.5,1.75,0.5
"<a href=""https://tiktok.com/@idpeoc"" target=""_blank"">@idpeoc</a>",95,10,71.394,0.918,8,109,0,794.7,23.8,0,0.1
"<a href=""https://tiktok.com/@iffhkk0"" target=""_blank"">@iffhkk0</a>",116,4,34.5,1,3,24,0,5181.5,111.25,1.25,3.75
"<a href=""https://tiktok.com/@ifrt2705"" target=""_blank"">@ifrt2705</a>",60,9,10.667,1,1,9,0,1317.083,55.083,1.083,0.417
"<a href=""https://tiktok.com/@igivj.ju"" target=""_blank"">@igivj.ju</a>",31,4,51.143,0.833,1,7,0,222.5,4.25,0,0
"<a href=""https://tiktok.com/@ihihgi1"" target=""_blank"">@ihihgi1</a>",4,6,53.64,0.952,3,24,0,2469.5,37.667,0.667,1.333
"<a href=""https://tiktok.com/@ilges.estelwei"" target=""_blank"">@ilges.estelwei</a>",52,6,41.339,0.938,2,15,0,8422.333,191.5,8,6.667
"<a href=""https://tiktok.com/@iltrukikr"" target=""_blank"">@iltrukikr</a>",115,4,88.375,1,2,16,0,867.25,86.75,0.25,0
"<a href=""https://tiktok.com/@immanuel.dominik"" target=""_blank"">@immanuel.dominik</a>",11,8,59.165,0.927,4,33,0,895.75,18.375,0.375,0.125
"<a href=""https://tiktok.com/@irdc042"" target=""_blank"">@irdc042</a>",1,9,54.818,0.912,8,66,0,2422.333,213.333,0.556,2.111
"<a href=""https://tiktok.com/@isce0690"" target=""_blank"">@isce0690</a>",63,9,60.833,0.958,4,57,0,1681.111,74.111,0.333,0.444
"<a href=""https://tiktok.com/@isggekf"" target=""_blank"">@isggekf</a>",70,8,44.429,1,1,7,0,461.444,7.667,0.222,0
"<a href=""https://tiktok.com/@isr0065"" target=""_blank"">@isr0065</a>",112,3,34,0.967,6,52,0,5201.333,99,0,2
"<a href=""https://tiktok.com/@its92008"" target=""_blank"">@its92008</a>",112,3,83.667,1,5,43,0,9654.333,77,0.667,0.667
"<a href=""https://tiktok.com/@itsstj2"" target=""_blank"">@itsstj2</a>",89,6,61.927,1,3,31,0,683,45.667,1,0.5
"<a href=""https://tiktok.com/@jajsjsn56"" target=""_blank"">@jajsjsn56</a>",47,8,53.22,0.801,4,46,0,1549.125,59.25,1,1.125
"<a href=""https://tiktok.com/@javion.yang"" target=""_blank"">@javion.yang</a>",96,6,47.571,1,1,7,0,3000,291,23.5,70
"<a href=""https://tiktok.com/@jckfjd.bff"" target=""_blank"">@jckfjd.bff</a>",40,8,53.429,1,3,21,0,236846.875,11259,68.375,241.625
"<a href=""https://tiktok.com/@jdhxk85"" target=""_blank"">@jdhxk85</a>",109,5,70.467,0.857,1,15,0,1035,115,1.25,0.25
"<a href=""https://tiktok.com/@jdkckcj2"" target=""_blank"">@jdkckcj2</a>",7,7,57.818,0.875,1,11,0,2887.714,70.714,1.857,2.429
"<a href=""https://tiktok.com/@jdpxorjf"" target=""_blank"">@jdpxorjf</a>",1,7,49.717,0.836,5,40,0,1059,112.714,0.286,0.429
"<a href=""https://tiktok.com/@jebrt.keehg"" target=""_blank"">@jebrt.keehg</a>",48,8,51.857,1,1,7,0,1067.375,53.625,0.5,2.75
"<a href=""https://tiktok.com/@jecxsz"" target=""_blank"">@jecxsz</a>",126,3,36.222,1,5,45,0,631,30.333,0,0.667
"<a href=""https://tiktok.com/@jelejeh1"" target=""_blank"">@jelejeh1</a>",93,6,68.182,1,2,19,0,944.167,81.5,1.667,0
"<a href=""https://tiktok.com/@jfdd888"" target=""_blank"">@jfdd888</a>",3,8,39.667,1,1,9,0,12420.444,228.444,5.889,9.222
"<a href=""https://tiktok.com/@jfkovj5"" target=""_blank"">@jfkovj5</a>",1,9,61.709,0.89,6,53,0,2814.889,220.333,2,1.111
"<a href=""https://tiktok.com/@jkdkj"" target=""_blank"">@jkdkj</a>",19,6,53.857,0.857,1,7,0,1195.667,84.667,0.5,0
"<a href=""https://tiktok.com/@jkuy0534"" target=""_blank"">@jkuy0534</a>",57,9,80.233,0.95,4,62,0,681,100.111,0.556,2.444
"<a href=""https://tiktok.com/@jsjsbjsso"" target=""_blank"">@jsjsbjsso</a>",104,5,57.143,1,1,7,0,2657.333,73.5,1.5,6.667
"<a href=""https://tiktok.com/@jsjsjksmsmsk"" target=""_blank"">@jsjsjksmsmsk</a>",106,9,73.04,0.816,4,42,0,1224.444,12.333,0.111,0.222
"<a href=""https://tiktok.com/@jsosjxj8"" target=""_blank"">@jsosjxj8</a>",1,10,51.331,0.897,7,68,0,2339.5,159,2.1,0.3
"<a href=""https://tiktok.com/@jtcytxyzey"" target=""_blank"">@jtcytxyzey</a>",1,7,53.195,0.95,4,31,0,1867.286,153.857,2.714,7.571
"<a href=""https://tiktok.com/@juliedouglass2013"" target=""_blank"">@juliedouglass2013</a>",39,7,63.429,0.8,1,7,0,4332.5,246.9,14.2,21.3
"<a href=""https://tiktok.com/@juliosalazar229"" target=""_blank"">@juliosalazar229</a>",52,8,60.213,0.902,4,31,0,4236,101.625,1.375,0.5
"<a href=""https://tiktok.com/@jvhb240"" target=""_blank"">@jvhb240</a>",47,8,60.189,0.718,3,36,0,2059.375,67.625,0.5,0.5
"<a href=""https://tiktok.com/@jvtvc3"" target=""_blank"">@jvtvc3</a>",46,12,65.339,0.792,5,62,0,1970.333,80.417,0.667,0.75
"<a href=""https://tiktok.com/@katherinewhite19606"" target=""_blank"">@katherinewhite19606</a>",25,5,60.714,0.833,1,7,0,2522.2,61.8,2,5.2
"<a href=""https://tiktok.com/@kaylabigsjo"" target=""_blank"">@kaylabigsjo</a>",23,5,50.333,1,1,9,0,357,11,0,0
"<a href=""https://tiktok.com/@kdywnty"" target=""_blank"">@kdywnty</a>",77,5,32.429,0.833,1,7,0,9413,240.333,2.667,2.5
"<a href=""https://tiktok.com/@keaimaomimiao"" target=""_blank"">@keaimaomimiao</a>",123,2,29.25,0.8,1,8,0,807,66,2,0.5
"<a href=""https://tiktok.com/@kfusj3"" target=""_blank"">@kfusj3</a>",50,7,46.875,0.667,1,8,0,1800.857,207.714,3.143,8.429
"<a href=""https://tiktok.com/@kgkghkv"" target=""_blank"">@kgkghkv</a>",17,6,58.99,0.929,2,20,0,550.167,17.167,0,0
"<a href=""https://tiktok.com/@kgx703"" target=""_blank"">@kgx703</a>",112,3,34.333,1,2,18,0,801.667,73.333,1,1.667
"<a href=""https://tiktok.com/@khanh.dao61"" target=""_blank"">@khanh.dao61</a>",45,5,52.5,0.929,2,18,0,2987.8,49.8,0.6,1.8
"<a href=""https://tiktok.com/@kimleonard0623"" target=""_blank"">@kimleonard0623</a>",38,8,34.429,1,1,7,0,5928.333,172.333,1.889,1.444
"<a href=""https://tiktok.com/@kjuq5904"" target=""_blank"">@kjuq5904</a>",57,3,58.778,1,3,27,0,987.444,90.667,0.889,0.778
"<a href=""https://tiktok.com/@knl39aprh6"" target=""_blank"">@knl39aprh6</a>",108,12,19.465,1,4,42,0,554.167,2.167,0,0.083
"<a href=""https://tiktok.com/@krissi.jamecia"" target=""_blank"">@krissi.jamecia</a>",49,5,70.143,1,1,7,0,2668.5,205.333,2.333,1
"<a href=""https://tiktok.com/@krug011"" target=""_blank"">@krug011</a>",1,8,48.46,0.933,8,76,0,2106.375,170.625,2,1
"<a href=""https://tiktok.com/@kubjij"" target=""_blank"">@kubjij</a>",55,12,18.507,0.982,6,159,0,952.833,128.833,1.167,1
"<a href=""https://tiktok.com/@kubri_queen"" target=""_blank"">@kubri_queen</a>",128,5,90,0.6,1,11,0,1793.8,79.6,5.6,2.8
"<a href=""https://tiktok.com/@landscape5670"" target=""_blank"">@landscape5670</a>",8,8,70.405,0.866,2,16,0,3571.875,202.25,2,1
"<a href=""https://tiktok.com/@lanora.haskely"" target=""_blank"">@lanora.haskely</a>",52,7,56.298,0.958,3,23,0,1430.143,61.857,0.286,1.286
"<a href=""https://tiktok.com/@lawgray3"" target=""_blank"">@lawgray3</a>",46,9,54.589,0.858,7,86,0,2346.111,106,0.222,0.889
"<a href=""https://tiktok.com/@ldaphc"" target=""_blank"">@ldaphc</a>",126,3,34.852,1,5,45,0,218.667,13,0,0
"<a href=""https://tiktok.com/@lhodsrr"" target=""_blank"">@lhodsrr</a>",19,5,59.444,1,1,9,0,1135.6,35.8,1.8,0
"<a href=""https://tiktok.com/@lhqitc"" target=""_blank"">@lhqitc</a>",95,10,76.608,0.844,3,44,0,718.7,22.5,0.1,0.2
"<a href=""https://tiktok.com/@liaojiuyu"" target=""_blank"">@liaojiuyu</a>",73,9,55.137,0.859,6,86,0,1520.889,38.889,0.889,0.333
"<a href=""https://tiktok.com/@lin689668987"" target=""_blank"">@lin689668987</a>",9,4,55.857,0.8,1,7,0,1916.75,64.25,3.75,10
"<a href=""https://tiktok.com/@lisa9aa3"" target=""_blank"">@lisa9aa3</a>",35,6,61.25,1,1,8,0,722.5,33.667,0.167,0.5
"<a href=""https://tiktok.com/@ljpjvh"" target=""_blank"">@ljpjvh</a>",74,5,31.225,1,2,18,0,1475.2,73.6,1.6,0.6
"<a href=""https://tiktok.com/@ljy88886"" target=""_blank"">@ljy88886</a>",123,2,42.5,1,1,8,0,759.5,27.5,0.5,0.5
"<a href=""https://tiktok.com/@lnppoe"" target=""_blank"">@lnppoe</a>",125,8,76.356,0.944,2,35,0,8709.625,127.375,7.625,6.75
"<a href=""https://tiktok.com/@lojzsviu"" target=""_blank"">@lojzsviu</a>",17,7,38.625,1,1,8,0,1168.286,93.143,0.143,0.286
"<a href=""https://tiktok.com/@lovelydriver51"" target=""_blank"">@lovelydriver51</a>",56,6,57.677,0.9,1,31,0,6804.364,610.545,29.091,13.545
"<a href=""https://tiktok.com/@lpdjjnk"" target=""_blank"">@lpdjjnk</a>",21,5,47.062,1,2,16,0,688,31.6,0,0.4
"<a href=""https://tiktok.com/@ludwin.keith"" target=""_blank"">@ludwin.keith</a>",100,6,54.566,0.927,7,75,0,148956.5,7036.833,254.5,4598.833
"<a href=""https://tiktok.com/@luqrbn2"" target=""_blank"">@luqrbn2</a>",124,9,82.125,1,1,8,0,1571,23.111,3.889,0.111
"<a href=""https://tiktok.com/@lvlbtr"" target=""_blank"">@lvlbtr</a>",67,3,54.667,1,1,9,0,314,9.667,0,0.333
"<a href=""https://tiktok.com/@lwandiswamsithini"" target=""_blank"">@lwandiswamsithini</a>",11,8,50.836,0.903,3,23,0,2728.625,77.75,1.375,1.875
"<a href=""https://tiktok.com/@mabelphelps2002"" target=""_blank"">@mabelphelps2002</a>",26,6,87.571,0.8,1,7,0,1756.333,24.333,0,0.667
"<a href=""https://tiktok.com/@marilynperez20007"" target=""_blank"">@marilynperez20007</a>",25,7,33.561,1,2,19,0,4177,102.857,1,33.429
"<a href=""https://tiktok.com/@maryreynolds112"" target=""_blank"">@maryreynolds112</a>",40,6,58.333,1,3,28,0,92987.833,2880,21.667,14.167
"<a href=""https://tiktok.com/@mgallaudio"" target=""_blank"">@mgallaudio</a>",108,11,19.079,1,4,39,0,321,1.529,0,0.059
"<a href=""https://tiktok.com/@mgallsharring"" target=""_blank"">@mgallsharring</a>",108,16,25.064,1,4,49,0,516.235,3.765,0.059,0.353
"<a href=""https://tiktok.com/@mira.paxton"" target=""_blank"">@mira.paxton</a>",100,3,63.024,0.95,4,32,0,230.333,6.333,0.667,4
"<a href=""https://tiktok.com/@mlyeejyn"" target=""_blank"">@mlyeejyn</a>",107,8,38.778,1,1,9,0,1449.5,120.875,0.75,2
"<a href=""https://tiktok.com/@mnoojt"" target=""_blank"">@mnoojt</a>",94,8,66.033,1,2,24,0,405,32.75,0.375,0.75
"<a href=""https://tiktok.com/@moderngril5"" target=""_blank"">@moderngril5</a>",127,7,65.091,0.833,1,11,0,262.1,59.7,12.1,0.1
"<a href=""https://tiktok.com/@mrqpgrnyb3467"" target=""_blank"">@mrqpgrnyb3467</a>",108,10,35.636,1,2,17,0,348.833,1.25,0.083,0
"<a href=""https://tiktok.com/@mtbevdcxpq1"" target=""_blank"">@mtbevdcxpq1</a>",96,5,67.429,0.833,1,7,0,1145.6,39.2,2.6,3.4
"<a href=""https://tiktok.com/@nash.bramwell4"" target=""_blank"">@nash.bramwell4</a>",100,3,50.167,0.9,2,18,0,396.667,14,1,4.333
"<a href=""https://tiktok.com/@nbhonghong5"" target=""_blank"">@nbhonghong5</a>",87,4,46.857,0.8,1,7,0,2270.25,132.5,1.5,4.25
"<a href=""https://tiktok.com/@nhi.vo585"" target=""_blank"">@nhi.vo585</a>",45,8,58.315,0.849,3,26,0,2190.875,73.375,0.125,0.625
"<a href=""https://tiktok.com/@nhienchau41"" target=""_blank"">@nhienchau41</a>",45,5,57.194,0.732,2,19,0,6473.4,61,1.6,2
"<a href=""https://tiktok.com/@nidaye81"" target=""_blank"">@nidaye81</a>",73,4,35.063,0.789,5,54,0,1037.5,86.75,0.5,0.25
"<a href=""https://tiktok.com/@nkddaram"" target=""_blank"">@nkddaram</a>",106,11,57.214,0.917,2,16,0,2610.25,91.167,1.167,2.167
"<a href=""https://tiktok.com/@nrmqmi"" target=""_blank"">@nrmqmi</a>",124,9,82.125,1,1,8,0,2504.667,25.111,15.222,0.111
"<a href=""https://tiktok.com/@nxpsa4288"" target=""_blank"">@nxpsa4288</a>",79,6,38.26,0.871,5,44,0,1124,73.5,0.333,0.167
"<a href=""https://tiktok.com/@nzohwh"" target=""_blank"">@nzohwh</a>",76,6,53.714,0.917,2,14,0,108829,3531.667,21.5,17.333
"<a href=""https://tiktok.com/@oaisg2"" target=""_blank"">@oaisg2</a>",91,5,61.3,0.833,1,10,0,19405,430.2,21.4,5.2
"<a href=""https://tiktok.com/@objlhmtjemu"" target=""_blank"">@objlhmtjemu</a>",94,7,60.471,0.95,4,44,0,847.125,63.875,0.125,2.625
"<a href=""https://tiktok.com/@ofodypu"" target=""_blank"">@ofodypu</a>",112,3,39.074,0.967,6,54,0,711.333,15,0.667,0.333
"<a href=""https://tiktok.com/@oh.geigeigei"" target=""_blank"">@oh.geigeigei</a>",87,3,55.571,0.8,1,7,0,1030,57,0.333,0.333
"<a href=""https://tiktok.com/@ohchocx"" target=""_blank"">@ohchocx</a>",23,5,50.333,1,1,9,0,1699.6,84.6,0.2,0
"<a href=""https://tiktok.com/@oivjph"" target=""_blank"">@oivjph</a>",70,10,44.429,1,1,7,0,1053.583,32.167,1.583,0.333
"<a href=""https://tiktok.com/@okay11732"" target=""_blank"">@okay11732</a>",57,9,72.896,0.916,8,90,0,1118.222,71.667,0.222,0.222
"<a href=""https://tiktok.com/@olando.mayo"" target=""_blank"">@olando.mayo</a>",100,3,42.963,0.867,3,26,0,643.333,14.667,0.667,3.667
"<a href=""https://tiktok.com/@olivia.ava.davis"" target=""_blank"">@olivia.ava.davis</a>",98,6,47.286,0.8,1,7,0,786.833,28.5,1.833,5.333
"<a href=""https://tiktok.com/@oljclk"" target=""_blank"">@oljclk</a>",74,6,34.475,1,2,18,0,1205.833,22,1.5,0.167
"<a href=""https://tiktok.com/@oshasg"" target=""_blank"">@oshasg</a>",90,5,80.179,1,2,15,0,618,40.857,0.857,0.286
"<a href=""https://tiktok.com/@owuhwh"" target=""_blank"">@owuhwh</a>",90,7,55.768,1,2,15,0,18378,1250.429,11.143,84.143
"<a href=""https://tiktok.com/@oxkops7"" target=""_blank"">@oxkops7</a>",76,5,22.714,0.833,1,7,0,1174.4,36.8,0.8,0
"<a href=""https://tiktok.com/@oyoizqmhr9"" target=""_blank"">@oyoizqmhr9</a>",86,3,46.571,0.8,1,7,0,217,5.333,0,0
"<a href=""https://tiktok.com/@p1h5akf"" target=""_blank"">@p1h5akf</a>",96,7,57.5,0.917,2,14,0,36966,2395.571,39.143,1565.429
"<a href=""https://tiktok.com/@palatalongwith"" target=""_blank"">@palatalongwith</a>",82,6,59.071,1,2,14,0,1172.167,38.167,0.333,0.333
"<a href=""https://tiktok.com/@pbpktw"" target=""_blank"">@pbpktw</a>",95,10,67.964,0.932,6,91,0,315.8,7.8,0,0
"<a href=""https://tiktok.com/@pdilul"" target=""_blank"">@pdilul</a>",75,6,60.25,1,2,16,0,1751.833,75.5,1.333,0.167
"<a href=""https://tiktok.com/@phong.ngoc76"" target=""_blank"">@phong.ngoc76</a>",54,8,54.035,0.958,3,26,0,2928.75,49.625,1.375,0.875
"<a href=""https://tiktok.com/@puhrra"" target=""_blank"">@puhrra</a>",95,10,69.961,0.929,6,103,0,315.6,10,0,0.2
"<a href=""https://tiktok.com/@qdcieh"" target=""_blank"">@qdcieh</a>",55,12,19.206,0.941,6,159,0,959.083,75.083,0.5,0.583
"<a href=""https://tiktok.com/@qllsks0"" target=""_blank"">@qllsks0</a>",92,7,68.375,1,1,8,0,2561.429,153,2.143,1.714
"<a href=""https://tiktok.com/@quincyshop08"" target=""_blank"">@quincyshop08</a>",1,10,55.41,0.899,8,68,0,6521.7,78.9,2.6,0.1
"<a href=""https://tiktok.com/@raggags.kajah"" target=""_blank"">@raggags.kajah</a>",73,8,58.585,0.861,7,71,0,353.875,7.5,0.625,0
"<a href=""https://tiktok.com/@rajamani.steagell"" target=""_blank"">@rajamani.steagell</a>",82,5,52.04,1,2,16,0,912.2,22.2,0.4,0.2
"<a href=""https://tiktok.com/@reddit_grayson99"" target=""_blank"">@reddit_grayson99</a>",55,11,24.753,0.99,6,150,0,1350.636,145,0.273,0.182
"<a href=""https://tiktok.com/@reddit_ignatius8"" target=""_blank"">@reddit_ignatius8</a>",125,9,68.861,0.944,2,51,0,14009,252.667,13.889,72.222
"<a href=""https://tiktok.com/@redyou27"" target=""_blank"">@redyou27</a>",123,4,50,0.76,5,40,0,769.5,21.75,0.25,2
"<a href=""https://tiktok.com/@refine74"" target=""_blank"">@refine74</a>",75,4,42.25,1,1,8,0,1654.5,126.5,1,0.25
"<a href=""https://tiktok.com/@reush5"" target=""_blank"">@reush5</a>",118,4,47.75,1,2,16,0,5338,151.25,5.5,11.75
"<a href=""https://tiktok.com/@rgyts7"" target=""_blank"">@rgyts7</a>",93,6,70.383,1,3,26,0,1326.286,97,1.286,0.571
"<a href=""https://tiktok.com/@rhdss79"" target=""_blank"">@rhdss79</a>",116,4,29.75,1,3,24,0,1150.5,114.75,1,1.75
"<a href=""https://tiktok.com/@ritamorrison1961"" target=""_blank"">@ritamorrison1961</a>",25,8,48.121,0.944,3,25,0,2138.875,36.375,0.625,4.875
"<a href=""https://tiktok.com/@rohingyao"" target=""_blank"">@rohingyao</a>",8,8,68.825,0.906,5,40,0,1927.125,119,2.625,1
"<a href=""https://tiktok.com/@rtikb3"" target=""_blank"">@rtikb3</a>",89,7,36.25,1,1,8,0,766.714,66,0.714,0.286
"<a href=""https://tiktok.com/@rtwgui"" target=""_blank"">@rtwgui</a>",94,8,63.622,0.969,4,54,0,783.5,56.2,0.3,2.5
"<a href=""https://tiktok.com/@rubin.mervy8"" target=""_blank"">@rubin.mervy8</a>",46,8,59.319,0.85,6,56,0,4120.333,54.667,0.889,1.444
"<a href=""https://tiktok.com/@rust04104"" target=""_blank"">@rust04104</a>",58,11,13.971,1,4,39,0,2119.909,122.273,0.455,1.273
"<a href=""https://tiktok.com/@rzir34"" target=""_blank"">@rzir34</a>",112,3,18.333,0.96,5,45,0,4268,216.667,2,7
"<a href=""https://tiktok.com/@safiyyah.iftikar"" target=""_blank"">@safiyyah.iftikar</a>",99,4,48.143,0.8,1,7,0,261.667,10.167,0.333,4.667
"<a href=""https://tiktok.com/@salah.hakem.sayeg"" target=""_blank"">@salah.hakem.sayeg</a>",97,4,51.286,1,1,7,0,615.5,19.833,0.833,1.667
"<a href=""https://tiktok.com/@sameerah.tare"" target=""_blank"">@sameerah.tare</a>",80,4,56.25,1,1,8,0,1230.75,80.25,2,0.5
"<a href=""https://tiktok.com/@saniyah.rafidah.k"" target=""_blank"">@saniyah.rafidah.k</a>",99,6,50.205,0.789,2,22,0,665,54.167,2.167,4.833
"<a href=""https://tiktok.com/@sasapco"" target=""_blank"">@sasapco</a>",8,7,63.844,1,2,19,0,1901.857,164,1.429,0.571
"<a href=""https://tiktok.com/@schgsc"" target=""_blank"">@schgsc</a>",37,7,64.375,1,1,8,0,1423,55.2,0.9,1.7
"<a href=""https://tiktok.com/@sdsdyou"" target=""_blank"">@sdsdyou</a>",8,8,60.214,0.929,2,14,0,4265,210,2.875,0.875
"<a href=""https://tiktok.com/@segji2"" target=""_blank"">@segji2</a>",93,7,69.958,1,2,20,0,2155.857,104.857,1.286,1.571
"<a href=""https://tiktok.com/@seile.rian"" target=""_blank"">@seile.rian</a>",46,8,51.854,0.94,6,59,0,1038,33.125,1.25,1.5
"<a href=""https://tiktok.com/@sfagnd"" target=""_blank"">@sfagnd</a>",91,7,70.624,0.944,3,25,0,1373,82.857,2.571,0.714
"<a href=""https://tiktok.com/@sharleen.howard"" target=""_blank"">@sharleen.howard</a>",2,9,51.357,0.929,4,37,0,2238.333,196.778,2.333,10.111
"<a href=""https://tiktok.com/@shbsdd2"" target=""_blank"">@shbsdd2</a>",125,9,69.051,1,2,38,0,6917.222,157.889,6.889,7.778
"<a href=""https://tiktok.com/@shgj724"" target=""_blank"">@shgj724</a>",122,4,57.397,0.721,6,58,0,3777.75,13,0.25,0.25
"<a href=""https://tiktok.com/@shotewg"" target=""_blank"">@shotewg</a>",8,8,67.286,0.8,1,7,0,2007.25,69.625,0.5,2.375
"<a href=""https://tiktok.com/@shownbo"" target=""_blank"">@shownbo</a>",13,6,62.596,0.831,5,60,0,130.333,2.167,0,0
"<a href=""https://tiktok.com/@skkfdxh"" target=""_blank"">@skkfdxh</a>",21,6,58.139,1,2,17,0,1117.333,96.167,0,0.333
"<a href=""https://tiktok.com/@slatechewb6"" target=""_blank"">@slatechewb6</a>",53,5,36.714,0.833,1,7,0,795.714,49,1.143,2.286
"<a href=""https://tiktok.com/@sqifhw"" target=""_blank"">@sqifhw</a>",95,9,68.539,0.96,6,97,0,299.9,10.2,0.2,0
"<a href=""https://tiktok.com/@stawaszlaher"" target=""_blank"">@stawaszlaher</a>",122,2,59.875,0.5,2,16,0,38679,206,0.5,3
"<a href=""https://tiktok.com/@steven.garrison13"" target=""_blank"">@steven.garrison13</a>",5,9,56.742,0.889,3,25,0,1270.778,51.556,0.333,1.111
"<a href=""https://tiktok.com/@stoyouh"" target=""_blank"">@stoyouh</a>",8,8,53.267,0.952,3,26,0,1054.625,61.5,1.5,0.875
"<a href=""https://tiktok.com/@summer.king331"" target=""_blank"">@summer.king331</a>",100,3,51.877,0.9,4,34,0,344,10.333,1,0
"<a href=""https://tiktok.com/@sun.lilym"" target=""_blank"">@sun.lilym</a>",51,8,63.545,0.875,1,11,0,1344.625,63.25,0.5,1.375
"<a href=""https://tiktok.com/@suoxin2"" target=""_blank"">@suoxin2</a>",20,5,53.643,1,2,14,0,823.8,28.4,0.2,0
"<a href=""https://tiktok.com/@sush0240"" target=""_blank"">@sush0240</a>",60,9,10.667,1,1,9,0,626.556,37.444,0.333,0.889
"<a href=""https://tiktok.com/@syedacherry0"" target=""_blank"">@syedacherry0</a>",4,7,47.874,0.952,3,27,0,1903.875,61.75,1.5,4
"<a href=""https://tiktok.com/@syic2117"" target=""_blank"">@syic2117</a>",58,11,21.481,1,4,39,0,1694.333,81.25,0.167,1
"<a href=""https://tiktok.com/@tathkj"" target=""_blank"">@tathkj</a>",110,3,59.667,1,2,18,0,181.667,3.333,0.333,0
"<a href=""https://tiktok.com/@tdiifhr"" target=""_blank"">@tdiifhr</a>",40,7,37.125,0.929,2,16,0,61121.857,1678.143,36.571,12.143
"<a href=""https://tiktok.com/@tdy1634"" target=""_blank"">@tdy1634</a>",112,3,20.6,1,5,45,0,821.667,45.667,0,0.333
"<a href=""https://tiktok.com/@tedhhy6"" target=""_blank"">@tedhhy6</a>",36,8,53.286,1,1,7,0,1665.875,93.375,0.125,0.375
"<a href=""https://tiktok.com/@tessh95"" target=""_blank"">@tessh95</a>",90,7,69.122,1,3,29,0,4990.143,330.286,1.571,7.429
"<a href=""https://tiktok.com/@tgmfli"" target=""_blank"">@tgmfli</a>",110,3,69.556,1,3,27,0,486,8.667,0,0
"<a href=""https://tiktok.com/@thanh.dngp"" target=""_blank"">@thanh.dngp</a>",48,8,51.857,1,1,7,0,1047.625,71.125,0.375,3.625
"<a href=""https://tiktok.com/@thuc.nguyen2010"" target=""_blank"">@thuc.nguyen2010</a>",45,11,63.185,0.813,3,29,0,5139.182,94.455,2.273,2.182
"<a href=""https://tiktok.com/@tijf9855"" target=""_blank"">@tijf9855</a>",59,12,21.674,1,2,23,0,1123.75,38.5,0.5,0.083
"<a href=""https://tiktok.com/@tkre891"" target=""_blank"">@tkre891</a>",119,4,57,1,1,7,0,3287.5,43.5,0.25,0.5
"<a href=""https://tiktok.com/@tmuacp"" target=""_blank"">@tmuacp</a>",110,3,41.167,1,2,18,0,211,5.333,0.667,0
"<a href=""https://tiktok.com/@tptk02426yr"" target=""_blank"">@tptk02426yr</a>",108,16,26.242,1,5,54,0,379.176,2.353,0.059,0.176
"<a href=""https://tiktok.com/@truck.ethiopian"" target=""_blank"">@truck.ethiopian</a>",82,5,45.222,1,1,9,0,1288.333,66.167,2.5,0
"<a href=""https://tiktok.com/@tsbhehhehs"" target=""_blank"">@tsbhehhehs</a>",88,10,60.286,0.833,1,7,0,1105,14.867,0.467,5.133
"<a href=""https://tiktok.com/@tsdhj01"" target=""_blank"">@tsdhj01</a>",121,3,63.333,1,1,9,0,994,59,0,3.667
"<a href=""https://tiktok.com/@tsdhj2"" target=""_blank"">@tsdhj2</a>",117,4,14.75,1,1,8,0,2178.5,37.75,1.5,0
"<a href=""https://tiktok.com/@tsxhj6"" target=""_blank"">@tsxhj6</a>",121,3,63.333,1,1,9,0,186.333,6.667,0,0
"<a href=""https://tiktok.com/@ttt46024"" target=""_blank"">@ttt46024</a>",49,5,70.143,1,1,7,0,1599.5,119.667,1,1.167
"<a href=""https://tiktok.com/@tug35587"" target=""_blank"">@tug35587</a>",90,7,53.558,1,2,21,0,2501.143,165.286,0.714,3.714
"<a href=""https://tiktok.com/@tugx2917"" target=""_blank"">@tugx2917</a>",63,6,66.542,1,4,48,0,755.111,32.222,0.222,0.222
"<a href=""https://tiktok.com/@twinson46"" target=""_blank"">@twinson46</a>",13,6,56.277,0.95,4,34,0.001,124.833,1.833,0,0
"<a href=""https://tiktok.com/@twjbxkb"" target=""_blank"">@twjbxkb</a>",13,6,60.461,0.925,5,60,0,129.333,1.5,0,0.167
"<a href=""https://tiktok.com/@twkg9813"" target=""_blank"">@twkg9813</a>",57,9,62.627,0.889,4,55,0,425.778,29.556,0.333,0.111
"<a href=""https://tiktok.com/@twrryyekibq"" target=""_blank"">@twrryyekibq</a>",16,3,65.286,1,1,7,0,787.167,37.833,3.167,7.667
"<a href=""https://tiktok.com/@twvs4521"" target=""_blank"">@twvs4521</a>",57,6,59.744,1,5,54,0,549.375,37.375,1,0
"<a href=""https://tiktok.com/@u2co59sux3"" target=""_blank"">@u2co59sux3</a>",86,3,51.429,0.8,1,7,0,720.333,12.333,0,0.333
"<a href=""https://tiktok.com/@ubf084006c"" target=""_blank"">@ubf084006c</a>",4,8,63.13,0.911,3,26,0,2529.375,59.25,1.375,0.5
"<a href=""https://tiktok.com/@ubhutfrx"" target=""_blank"">@ubhutfrx</a>",1,9,56.316,0.878,7,63,0,1057,96.889,0.556,0.333
"<a href=""https://tiktok.com/@ucdrmh"" target=""_blank"">@ucdrmh</a>",94,7,62.95,0.975,5,61,0,852.6,63.8,0.2,4.1
"<a href=""https://tiktok.com/@ufy468"" target=""_blank"">@ufy468</a>",116,4,43.821,1,3,22,0,2158.5,96.75,3.25,6.75
"<a href=""https://tiktok.com/@ugikbk4"" target=""_blank"">@ugikbk4</a>",30,4,57.018,1,2,15,0,270.25,5,0,0
"<a href=""https://tiktok.com/@umd274"" target=""_blank"">@umd274</a>",114,4,54.333,1,3,24,0,2364,74,1,1
"<a href=""https://tiktok.com/@uosnatiahwk"" target=""_blank"">@uosnatiahwk</a>",4,10,56.648,0.932,6,73,0,1491.3,36.4,0.6,0.1
"<a href=""https://tiktok.com/@uraf9163"" target=""_blank"">@uraf9163</a>",59,12,16.049,1,2,23,0,894.083,49,0.667,0.583
"<a href=""https://tiktok.com/@urdu9708"" target=""_blank"">@urdu9708</a>",64,4,53.625,1,2,16,0,2635.25,61.5,0,0.25
"<a href=""https://tiktok.com/@user1045942439949"" target=""_blank"">@user1045942439949</a>",40,7,41.25,0.857,1,8,0,4295.714,147.286,1.571,0.857
"<a href=""https://tiktok.com/@user1203613923425"" target=""_blank"">@user1203613923425</a>",32,8,51.7,0.95,2,17,0,3880.125,68.375,2.125,6.25
"<a href=""https://tiktok.com/@user12390941773567"" target=""_blank"">@user12390941773567</a>",101,6,62.075,0.732,2,18,0,500.583,14.167,0.333,0.083
"<a href=""https://tiktok.com/@user12885549245813"" target=""_blank"">@user12885549245813</a>",104,7,57.143,1,1,7,0,4617.286,94,0.286,1.857
"<a href=""https://tiktok.com/@user1433469988696"" target=""_blank"">@user1433469988696</a>",107,5,37.675,0.9,2,16,0,2543.4,70.8,0.2,0.4
"<a href=""https://tiktok.com/@user16909390140293"" target=""_blank"">@user16909390140293</a>",9,5,66.5,1,1,8,0,907.444,12,0,0.222
"<a href=""https://tiktok.com/@user19468614708518"" target=""_blank"">@user19468614708518</a>",33,7,70.857,0.757,2,14,0,6295.75,129.5,2.125,28.5
"<a href=""https://tiktok.com/@user21677638672342"" target=""_blank"">@user21677638672342</a>",106,3,81,0.8,1,7,0,2677.333,7.333,0,0
"<a href=""https://tiktok.com/@user2201058539802"" target=""_blank"">@user2201058539802</a>",41,6,41.25,0.857,1,8,0,3348.667,145.333,0.833,0
"<a href=""https://tiktok.com/@user2373614982470"" target=""_blank"">@user2373614982470</a>",101,12,59.217,0.875,2,25,0,2385.917,32.5,1.333,11.667
"<a href=""https://tiktok.com/@user2558157487113"" target=""_blank"">@user2558157487113</a>",88,13,67.625,0.833,1,8,0,3629.5,19.786,0.071,1.071
"<a href=""https://tiktok.com/@user2920462956526"" target=""_blank"">@user2920462956526</a>",33,8,64.845,0.802,3,23,0,2069.375,54,0.125,5.375
"<a href=""https://tiktok.com/@user2932993437321"" target=""_blank"">@user2932993437321</a>",34,5,86.286,0.833,1,7,0,1686.4,49.2,0.2,3
"<a href=""https://tiktok.com/@user31313825076752"" target=""_blank"">@user31313825076752</a>",42,7,60.571,0.9,1,14,0,2854.429,176.429,1.714,0.714
"<a href=""https://tiktok.com/@user3436197788624"" target=""_blank"">@user3436197788624</a>",46,8,59.331,0.876,4,46,0,31687.222,520.778,7,7.556
"<a href=""https://tiktok.com/@user386963311513"" target=""_blank"">@user386963311513</a>",33,6,72.429,0.8,1,7,0,1957.833,36.833,0.167,1
"<a href=""https://tiktok.com/@user3923265470"" target=""_blank"">@user3923265470</a>",73,3,45.75,0.857,1,8,0,4279,53.333,0,0.333
"<a href=""https://tiktok.com/@user4080460677683"" target=""_blank"">@user4080460677683</a>",6,6,103,0.8,1,7,0,1486.571,110.571,0,0.714
"<a href=""https://tiktok.com/@user41067558498182"" target=""_blank"">@user41067558498182</a>",105,7,78.455,1,1,11,0,1076.286,54.143,0.143,0.714
"<a href=""https://tiktok.com/@user4146560185668"" target=""_blank"">@user4146560185668</a>",123,2,31.25,1,1,8,0,540,14.5,0,0
"<a href=""https://tiktok.com/@user4181021201798"" target=""_blank"">@user4181021201798</a>",33,5,73,0.857,1,8,0,979.833,29.833,0.5,1.833
"<a href=""https://tiktok.com/@user4436815469624"" target=""_blank"">@user4436815469624</a>",110,3,61.167,1,2,18,0,559.667,31,0,0.333
"<a href=""https://tiktok.com/@user4558398154190"" target=""_blank"">@user4558398154190</a>",13,6,66.195,0.894,5,61,0,213.667,4.667,0,0
"<a href=""https://tiktok.com/@user4926138720922"" target=""_blank"">@user4926138720922</a>",114,4,52.5,1,2,16,0,2547.25,19.5,0.25,0
"<a href=""https://tiktok.com/@user53021581539344"" target=""_blank"">@user53021581539344</a>",13,6,58.788,0.933,4,38,0.001,130,3.333,0,0
"<a href=""https://tiktok.com/@user5616155060093"" target=""_blank"">@user5616155060093</a>",114,4,51.375,1,4,32,0,159.5,6.5,0,0
"<a href=""https://tiktok.com/@user5626060056906"" target=""_blank"">@user5626060056906</a>",1,9,57.724,0.901,9,82,0,1582.333,157.111,0.778,0.778
"<a href=""https://tiktok.com/@user5628638664"" target=""_blank"">@user5628638664</a>",82,3,59.286,1,1,7,0,1424,74,1.667,0
"<a href=""https://tiktok.com/@user6100349282272"" target=""_blank"">@user6100349282272</a>",116,4,47.143,1,4,31,0,3305.25,239,3,1.5
"<a href=""https://tiktok.com/@user6186701630842"" target=""_blank"">@user6186701630842</a>",34,6,76.429,1,1,7,0,1530.5,42,0.833,2.167
"<a href=""https://tiktok.com/@user67829690186377"" target=""_blank"">@user67829690186377</a>",13,6,64.12,0.845,6,60,0,121.667,1.833,0,0
"<a href=""https://tiktok.com/@user6812280201318"" target=""_blank"">@user6812280201318</a>",106,11,73.185,0.886,3,24,0,843.833,36.167,0.25,0.417
"<a href=""https://tiktok.com/@user6922385284275"" target=""_blank"">@user6922385284275</a>",1,7,50.876,0.888,9,76,0,1359.286,100.571,1.143,0.143
"<a href=""https://tiktok.com/@user7143669498156"" target=""_blank"">@user7143669498156</a>",114,4,51.125,1,2,16,0,1551.5,47.75,0.25,0.5
"<a href=""https://tiktok.com/@user7166160034825"" target=""_blank"">@user7166160034825</a>",33,6,52.25,0.833,1,8,0,1795.167,87.5,1.333,5.667
"<a href=""https://tiktok.com/@user7224426108057"" target=""_blank"">@user7224426108057</a>",28,8,58.017,0.938,2,22,0,1110.625,35.5,0.25,0.375
"<a href=""https://tiktok.com/@user7361651570203"" target=""_blank"">@user7361651570203</a>",32,8,49.125,1,2,15,0,3391.375,53,1,5.75
"<a href=""https://tiktok.com/@user7605976152392"" target=""_blank"">@user7605976152392</a>",2,9,45.602,0.919,4,40,0,2995.556,65.889,0.778,0.667
"<a href=""https://tiktok.com/@user8135301746396"" target=""_blank"">@user8135301746396</a>",109,6,70.467,0.857,1,15,0,1190,113.25,2.125,1.25
"<a href=""https://tiktok.com/@user8168691298265"" target=""_blank"">@user8168691298265</a>",6,8,86.55,0.838,2,17,0,1554.625,95.875,0.875,2
"<a href=""https://tiktok.com/@user85162881442607"" target=""_blank"">@user85162881442607</a>",13,6,61.847,0.877,3,33,0,141.667,1.667,0,0
"<a href=""https://tiktok.com/@user8794483655797"" target=""_blank"">@user8794483655797</a>",34,7,81.357,0.917,2,14,0,2154.143,44.857,0.286,3.286
"<a href=""https://tiktok.com/@user8847609801518"" target=""_blank"">@user8847609801518</a>",32,9,53.825,0.95,2,18,0,3071.111,64.111,2,11
"<a href=""https://tiktok.com/@user8861376993313"" target=""_blank"">@user8861376993313</a>",88,13,57.554,0.889,3,23,0,995.2,7.067,0.067,0.867
"<a href=""https://tiktok.com/@user9342283006096"" target=""_blank"">@user9342283006096</a>",117,4,14.75,1,1,8,0,583.5,88.75,0.5,0
"<a href=""https://tiktok.com/@user9868028168800"" target=""_blank"">@user9868028168800</a>",13,4,41.538,0.854,2,18,0,156.75,0.5,0,0
"<a href=""https://tiktok.com/@user99453748076307"" target=""_blank"">@user99453748076307</a>",13,5,43.45,0.938,2,18,0,115,1.2,0,0
"<a href=""https://tiktok.com/@user9960965670038"" target=""_blank"">@user9960965670038</a>",19,6,66.347,0.938,2,17,0,799.333,14.333,0,0.333
"<a href=""https://tiktok.com/@username0022660"" target=""_blank"">@username0022660</a>",103,12,63.495,0.897,3,47,0,53688.68,413.56,2.68,8.16
"<a href=""https://tiktok.com/@username0201726"" target=""_blank"">@username0201726</a>",103,12,60.318,1,1,22,0,3503.483,37.724,1.414,1.172
"<a href=""https://tiktok.com/@username224064"" target=""_blank"">@username224064</a>",102,9,67.561,0.833,2,19,0,235599,2088.154,27.885,114.038
"<a href=""https://tiktok.com/@usernamer02023"" target=""_blank"">@usernamer02023</a>",103,5,66,0.833,1,13,0,1631.793,151.138,8.483,1.621
"<a href=""https://tiktok.com/@ushd386"" target=""_blank"">@ushd386</a>",116,4,64.875,1,2,16,0,5439.5,129.5,8.75,9.5
"<a href=""https://tiktok.com/@usjg2117"" target=""_blank"">@usjg2117</a>",63,6,63.34,0.958,4,40,0,884.5,88.5,0.667,0.667
"<a href=""https://tiktok.com/@utoxwqg"" target=""_blank"">@utoxwqg</a>",126,3,36.089,1,5,45,0,200.667,4.333,0,0
"<a href=""https://tiktok.com/@uzrd3"" target=""_blank"">@uzrd3</a>",112,3,32.867,1,5,45,0,3867.667,117.333,1,3
"<a href=""https://tiktok.com/@vdkfofu"" target=""_blank"">@vdkfofu</a>",5,6,49.1,1,1,10,0,1711.5,76.5,0.5,0.5
"<a href=""https://tiktok.com/@verity.holland"" target=""_blank"">@verity.holland</a>",7,8,57.818,0.875,1,11,0,1692.875,81.75,0.75,0.5
"<a href=""https://tiktok.com/@vickycarr530"" target=""_blank"">@vickycarr530</a>",6,6,70.1,0.875,1,10,0,2603,104.833,1.833,3.167
"<a href=""https://tiktok.com/@vitsu.alec1"" target=""_blank"">@vitsu.alec1</a>",46,7,55.784,0.865,6,58,0,1466.286,35.429,0.286,1.429
"<a href=""https://tiktok.com/@voie3340"" target=""_blank"">@voie3340</a>",64,4,65.5,1,1,8,0,665.25,33.5,0,0
"<a href=""https://tiktok.com/@vsuau5"" target=""_blank"">@vsuau5</a>",89,6,49,1,3,24,0,879.167,64,1.167,0
"<a href=""https://tiktok.com/@vxkaw3274"" target=""_blank"">@vxkaw3274</a>",79,5,40.649,0.865,5,40,0,597,56.2,0,0.2
"<a href=""https://tiktok.com/@walke.lowe"" target=""_blank"">@walke.lowe</a>",54,7,44.286,1,2,17,0,7004.25,60.75,1.75,2.375
"<a href=""https://tiktok.com/@watts4718"" target=""_blank"">@watts4718</a>",28,7,58.189,0.795,2,19,0,1130.25,25.25,3.125,7.125
"<a href=""https://tiktok.com/@wawayusai463"" target=""_blank"">@wawayusai463</a>",122,2,63.214,0.9,2,15,0,899.5,48.5,0,0
"<a href=""https://tiktok.com/@wert2992"" target=""_blank"">@wert2992</a>",61,10,10,1,1,10,0,2010.182,78.182,1,0.545
"<a href=""https://tiktok.com/@wevbocr"" target=""_blank"">@wevbocr</a>",72,6,26.2,0.938,2,18,0,1090.833,26.167,1.167,0.5
"<a href=""https://tiktok.com/@wgslhe"" target=""_blank"">@wgslhe</a>",95,10,70.709,0.855,5,90,0,859.2,35.7,0.1,0.4
"<a href=""https://tiktok.com/@wiate.doni0"" target=""_blank"">@wiate.doni0</a>",46,8,50.89,0.958,7,63,0,1843.625,57.625,0.75,0.125
"<a href=""https://tiktok.com/@wiqg8225"" target=""_blank"">@wiqg8225</a>",63,9,83.399,0.958,4,46,0,599.333,53.444,0.222,1.333
"<a href=""https://tiktok.com/@wivdk"" target=""_blank"">@wivdk</a>",15,6,57.375,0.857,1,8,0,767.833,6.333,2.333,1.833
"<a href=""https://tiktok.com/@wive0570"" target=""_blank"">@wive0570</a>",62,9,77.071,0.929,2,32,0,965.8,60.2,0.2,2.4
"<a href=""https://tiktok.com/@wroe.edith6"" target=""_blank"">@wroe.edith6</a>",46,5,55.84,0.784,7,59,0,2104,54.2,0.2,0.4
"<a href=""https://tiktok.com/@wsbhd0"" target=""_blank"">@wsbhd0</a>",89,7,70.566,1,3,31,0,713.714,50.143,0.143,0
"<a href=""https://tiktok.com/@wsfj4"" target=""_blank"">@wsfj4</a>",89,6,47.5,1,1,8,0,2296.333,68.167,1.333,2.667
"<a href=""https://tiktok.com/@wyiznn"" target=""_blank"">@wyiznn</a>",13,6,56.175,0.958,3,30,0,102.333,0.667,0,0
"<a href=""https://tiktok.com/@xbxb6381"" target=""_blank"">@xbxb6381</a>",71,4,9.25,1,1,8,0,1140.5,39,0.667,0
"<a href=""https://tiktok.com/@xcwvym2"" target=""_blank"">@xcwvym2</a>",77,5,32.429,0.833,1,7,0,1184,37.2,1.6,0.8
"<a href=""https://tiktok.com/@xnjjehj"" target=""_blank"">@xnjjehj</a>",19,5,63.554,0.866,2,15,0,552.2,23.2,0.2,0
"<a href=""https://tiktok.com/@xqi004"" target=""_blank"">@xqi004</a>",123,3,70,0.5,1,8,0,68505.333,1243.333,16.333,22.333
"<a href=""https://tiktok.com/@xvjdsj5"" target=""_blank"">@xvjdsj5</a>",80,4,53,1,2,16,0,577,22.25,0,0
"<a href=""https://tiktok.com/@xx16682"" target=""_blank"">@xx16682</a>",4,10,51.092,0.955,7,76,0,538.9,11.5,0.2,0.3
"<a href=""https://tiktok.com/@xxii911"" target=""_blank"">@xxii911</a>",8,4,34,1,1,8,0,1819.625,112.375,3.375,0.5
"<a href=""https://tiktok.com/@ydpoglcj"" target=""_blank"">@ydpoglcj</a>",37,7,60.33,0.917,2,15,0,1735.25,138.125,1,2.375
"<a href=""https://tiktok.com/@ydsfj89"" target=""_blank"">@ydsfj89</a>",120,3,41.778,0.933,3,27,0,2595.667,40.667,1,0
"<a href=""https://tiktok.com/@yeifb0"" target=""_blank"">@yeifb0</a>",4,10,58.367,0.939,5,70,0,1537.4,55.6,1.2,9.2
"<a href=""https://tiktok.com/@yelm.boor"" target=""_blank"">@yelm.boor</a>",54,7,52.475,0.958,3,28,0,4790.429,82,1.571,1.714
"<a href=""https://tiktok.com/@yiwbsij"" target=""_blank"">@yiwbsij</a>",13,5,51.25,1,2,18,0,61.167,0.167,0,0
"<a href=""https://tiktok.com/@yiyayiya666"" target=""_blank"">@yiyayiya666</a>",44,4,78.5,1,1,8,0,136550.5,8046.75,580.25,3027
"<a href=""https://tiktok.com/@ylevkpiubsl"" target=""_blank"">@ylevkpiubsl</a>",17,8,58.822,1,3,29,0,844.375,47,0.375,0.5
"<a href=""https://tiktok.com/@ymhr6933"" target=""_blank"">@ymhr6933</a>",59,12,15.542,1,2,24,0,1291,54,0.5,0.583
"<a href=""https://tiktok.com/@yoayoayanyan"" target=""_blank"">@yoayoayanyan</a>",24,5,76.857,1,1,7,0,1305.2,119.8,1.4,2.4
"<a href=""https://tiktok.com/@ysishhd7"" target=""_blank"">@ysishhd7</a>",43,7,58.857,1,1,7,0,1780.143,125.143,1.429,1.714
"<a href=""https://tiktok.com/@ytrq8081"" target=""_blank"">@ytrq8081</a>",57,9,71.642,0.938,5,86,0,2160.444,91.667,1.111,0.556
"<a href=""https://tiktok.com/@yufbvf"" target=""_blank"">@yufbvf</a>",113,4,47.714,1,1,7,0,8408.75,215.75,2.5,5.5
"<a href=""https://tiktok.com/@yun.wu15"" target=""_blank"">@yun.wu15</a>",24,5,76.857,1,1,7,0,873.2,48,0.8,8
"<a href=""https://tiktok.com/@yurvbg2"" target=""_blank"">@yurvbg2</a>",111,4,45.75,1,1,8,0,3028.25,52.5,0.25,1
"<a href=""https://tiktok.com/@zesysmj"" target=""_blank"">@zesysmj</a>",126,3,35.694,1,5,45,0,104.333,3.333,0,0.333
"<a href=""https://tiktok.com/@zivbmhuzr4s"" target=""_blank"">@zivbmhuzr4s</a>",14,5,57.875,1,1,8,0,516.167,21,1.833,4.667
"<a href=""https://tiktok.com/@zjsrryuui"" target=""_blank"">@zjsrryuui</a>",88,11,44.75,1,1,8,0,1430.286,13.286,0.071,1.643
"<a href=""https://tiktok.com/@zorhajktn884"" target=""_blank"">@zorhajktn884</a>",108,11,33.585,1,3,25,0,404.583,1,0.167,0
"<a href=""https://tiktok.com/@zsdx184"" target=""_blank"">@zsdx184</a>",46,8,50.43,0.809,4,39,0,1969.222,84.556,0.889,0.556
"<a href=""https://tiktok.com/@ztctmxt"" target=""_blank"">@ztctmxt</a>",72,5,22.375,1,2,16,0,2489.2,71.8,1.6,0.2
"<a href=""https://tiktok.com/@zvjsl"" target=""_blank"">@zvjsl</a>",91,7,51.385,1,2,21,0,3112.143,88.714,3.714,3.286
"<a href=""https://tiktok.com/@zxvb736"" target=""_blank"">@zxvb736</a>",46,10,56.617,0.732,4,49,0,1611.8,59.2,0.4,1.7
"<a href=""https://tiktok.com/@zysmpbz"" target=""_blank"">@zysmpbz</a>",126,3,35.806,1,5,45,0,169.333,4.667,0.333,0
"<a href=""https://tiktok.com/@zzhjdj4"" target=""_blank"">@zzhjdj4</a>",18,7,54.116,0.917,2,15,0,994.143,59.571,0.143,0.143
