"Network","Number of Accounts","Network Density","Network Diameter","Clustering Coefficient","Avg Views","Avg Likes","Avg Comments","Avg Shares","Member Accounts"
1,15,0.476,23,0.568,8727.403,450.766,2.774,3.226,"bmc12655, fughf21, krug011, irdc042, chantalkusch, ubhutfrx, jsosjxj8, quincyshop08, hdifhg5, jfkovj5, jtcytxyzey, jdpxorjf, be.jkigv, user5626060056906, user6922385284275"
2,7,0.476,26,0.522,3831.262,113.803,0.852,3.934,"fcjjv86, aedhdjcoof, fduic5, gduhx01, hdhxh3484, sharleen.howard, user7605976152392"
3,2,1,9,0,7310.444,152.833,3.389,4.889,"bgfddf8888, jfdd888"
4,12,0.394,33,0.713,1901.782,50.238,1.871,3.733,"aedjdpckd, uosnatiahwk, geujcc, hdodjdb5, xx16682, syedacherry0, housn103, gisela.lipke, ubf084006c, ihihgi1, bdoci6, yeifb0"
5,9,0.389,33,0.514,15485.581,678.135,3.527,7.541,"gxiiff3, idhd139, steven.garrison13, hciiv26, craig.harrell0, vdkfofu, hullen.nguyen, aedhdici, cirila.mccorkle"
6,3,0.667,17,0,1831.476,103.333,0.857,1.905,"user4080460677683, user8168691298265, vickycarr530"
7,2,1,11,0,2250.467,76.6,1.267,1.4,"jdkckcj2, verity.holland"
8,7,0.381,25,0.375,2372.309,133.564,2.055,1.036,"landscape5670, rohingyao, sdsdyou, stoyouh, sasapco, shotewg, xxii911"
9,3,0.667,15,0,1295.667,32,1.722,2.833,"fhkundshunk, lin689668987, user16909390140293"
10,4,0.5,28,0,22943.964,209.071,2.607,3.464,"debran.oxonrp81, hoeg.huan, akkaanav.risksjsg, aeda1689"
11,7,0.524,24,0.621,3021.321,80.018,1.518,2.018,"lwandiswamsithini, aed3660, aed75787, debran.oxonrp00, immanuel.dominik, aed7p4, bate.hynda"
12,2,1,7,0,2837.562,103.812,1.562,1.5,"ghv.vbk, debran.oxonrp86"
13,19,0.199,64,0.618,142.187,2.047,0.009,0.009,"hsiwibs, user67829690186377, djakbksi, user4558398154190, shownbo, twjbxkb, fjjfjko, user85162881442607, user53021581539344, twinson46, user9868028168800, user99453748076307, ghjbsjb, fhakowbz, djejgek, cbnkugf, bdjkeo, yiwbsij, wyiznn"
14,2,1,8,0,460,16.417,1.25,2.5,"gooejxrtudk, zivbmhuzr4s"
15,2,1,8,0,584.917,9.083,1.583,1.333,"chhvfhjn, wivdk"
16,2,1,7,0,919.25,50.75,5.083,7.667,"acyjlnni1ue, twrryyekibq"
17,6,0.467,28,0.5,734.512,46.439,0.341,0.293,"cjgbkbl, hajhsh12, kgkghkv, lojzsviu, hi.pnct, ylevkpiubsl"
18,4,0.833,15,0.75,634.522,31.391,0.739,0.174,"adhhrrt, fhdjfjfj8, hbjoggv, zzhjdj4"
19,4,0.5,24,0,927.682,40.409,0.591,0.091,"user9960965670038, lhodsrr, jkdkj, xnjjehj"
20,4,0.667,14,0.6,702,29.55,0.5,0.15,"cihohsqwfi, gkkfykjb, gigigjj, suoxin2"
21,3,1,9,1,977.294,76.882,0.294,0.412,"chkchifofo, skkfdxh, lpdjjnk"
22,2,1,7,0,1210.6,62.5,0.2,0.5,"hootchxs, cjsllfd"
23,2,1,9,0,1028.3,47.8,0.1,0,"kaylabigsjo, ohchocx"
24,2,1,7,0,1089.2,83.9,1.1,5.2,"yoayoayanyan, yun.wu15"
25,4,0.667,17,0.6,3199.25,65.357,1.179,12.321,"katherinewhite19606, angeldorothy1977, marilynperez20007, ritamorrison1961"
26,2,1,7,0,1893.077,39.308,0.538,1.769,"mabelphelps2002, adelaideparker19934"
27,2,1,10,0,2424.5,45.583,0.333,1.833,"edithgriffith19594, berylsaunders19830"
28,7,0.381,47,0.5,1281.519,50.296,1.037,4.185,"babypink6896, user7224426108057, chaff8892, bcc662, huff797, books3478, watts4718"
29,2,1,7,0,369.625,13.875,0.5,7.5,"fhggf28, fjngjrffu"
30,3,1,8,1,285.167,7.083,0.083,0,"cjgkgk45, gduaddit, ugikbk4"
31,2,1,7,0,410.5,40.25,0.125,0.125,"gnooloh, igivj.ju"
32,3,1,10,1,3432.48,61.92,1.72,7.8,"user7361651570203, user1203613923425, user8847609801518"
33,5,0.4,22,0,2803.471,70.382,0.882,9.471,"user19468614708518, user386963311513, user4181021201798, user7166160034825, user2920462956526"
34,3,0.667,14,0,1816.333,45.111,0.444,2.833,"user6186701630842, user2932993437321, user8794483655797"
35,2,1,8,0,1103.75,43.833,0.667,1.333,"lisa9aa3, dahlia5054"
36,2,1,7,0,1843.188,75.438,0.625,0.625,"fijvxdd, tedhhy6"
37,3,0.667,15,0,1836.667,97.778,1.037,2.963,"fkncxh, schgsc, ydpoglcj"
38,2,1,7,0,3795,120.588,1.765,4.235,"aedbr6, kimleonard0623"
39,2,1,7,0,2781.278,175.222,8.111,12.056,"gjbgikh, juliedouglass2013"
40,11,0.309,33,0.562,42433,1733.068,14.274,29.849,"aedjxpxodj, bsbsbsvsv44, fjvfjk4, user1045942439949, carmen.vega355, maryreynolds112, jckfjd.bff, geifocve, bfc.hff, hckgovj, tdiifhr"
41,2,1,8,0,3291.167,181.333,1.583,1,"gdijdgsh4, user2201058539802"
42,2,1,14,0,2706.733,213,1.2,1.667,"user31313825076752, bdpd57"
43,3,0.667,15,0,2588.905,119.429,1.476,0.857,"ididu034, hpcfh, ysishhd7"
44,2,1,8,0,101056.375,6861.5,532.875,2532.625,"yiyayiya666, 333yue"
45,4,0.833,17,0.75,4184.966,75.172,1.276,1.655,"khanh.dao61, nhi.vo585, nhienchau41, thuc.nguyen2010"
46,13,0.462,41,0.855,5677.915,115.934,1.547,14.396,"battl.kray, benedossie2, lawgray3, rubin.mervy8, wiate.doni0, vitsu.alec1, seile.rian, user3436197788624, gooj806, jvtvc3, zsdx184, wroe.edith6, zxvb736"
47,5,0.9,20,0.875,3334.098,95.882,0.863,1.196,"aed2750, dthh824, aed0267, jajsjsn56, jvhb240"
48,2,1,7,0,1057.5,62.375,0.438,3.188,"jebrt.keehg, thanh.dngp"
49,2,1,7,0,2134,162.5,1.667,1.083,"krissi.jamecia, ttt46024"
50,2,1,8,0,1585.727,173.364,2.364,5.909,"djsisidh, kfusj3"
51,2,1,11,0,1641.5,57.688,0.875,1.188,"aseng.haymong, sun.lilym"
52,5,0.7,15,0.643,4165.306,94.056,2.528,1.861,"juliosalazar229, carlos.alberto.al886, lanora.haskely, emory.drawehj, ilges.estelwei"
53,2,1,7,0,1266.071,51.929,1.286,1.5,"slatechewb6, dhdh.gccxy"
54,4,0.833,18,0.75,5191.935,63.29,1.548,1.742,"phong.ngoc76, walke.lowe, cxd.shd, yelm.boor"
55,7,1,18,1,993.723,99.231,0.754,0.708,"ciojkb, eagehh, hojdmc, dhuolt, kubjij, qdcieh, reddit_grayson99"
56,2,1,31,0,2551.677,239.258,13.452,6.548,"cutequeen_driver120, lovelydriver51"
57,13,0.423,45,0.725,1050.12,64.963,0.62,0.509,"eiej4325, kjuq5904, gjhg8047, twkg9813, drgd8391, jkuy0534, okay11732, ghhj8554, bvoo3130, dijx3903, fhda78402, twvs4521, ytrq8081"
58,5,1,12,1,2646.068,96.915,0.525,1.237,"ckief1163, glye82199, dyxh0219, rust04104, syic2117"
59,3,1,12,1,1102.944,47.167,0.556,0.417,"tijf9855, uraf9163, ymhr6933"
60,2,1,9,0,1021.143,47.524,0.762,0.619,"ifrt2705, sush0240"
61,2,1,10,0,1472.182,75.727,0.727,0.727,"dhie1905, wert2992"
62,3,1,18,1,871.704,46.407,0.37,1.481,"fhxk1941, bkot6010, wive0570"
63,5,1,18,1,919.805,58.78,0.293,0.732,"givi0331, usjg2117, isce0690, tugx2917, wiqg8225"
64,4,0.667,16,0.6,1223,57.438,0.188,0.312,"cjur6297, fkir2290, urdu9708, voie3340"
65,2,1,10,0,917.4,74.3,0.8,1.5,"clirr5282, fnnf8890"
66,3,1,13,1,843.6,68.6,0.8,0.933,"coirf88774, courr1227, gour2295"
67,3,0.667,18,0,358.042,14.125,0.167,0.208,"lvlbtr, dfbjqb, fvbsiw"
68,2,1,7,0,529.286,15.857,1.762,0.143,"dglqabj, aiwjfha"
69,2,1,8,0,464.118,15.941,0,0.059,"evntft, hhdhuwp"
70,2,1,7,0,799.81,21.667,1,0.19,"isggekf, oivjph"
71,2,1,8,0,1149.818,40.818,0.545,0.091,"26hdjwjq, xbxb6381"
72,3,1,10,1,1776.438,65.688,1.25,0.375,"wevbocr, fteecfs, ztctmxt"
73,9,0.611,27,0.849,1448.291,53.891,0.655,0.127,"gohdr4367, bdjsbsk4, nidaye81, bxkke4723, liaojiuyu, hgidsi, raggags.kajah, fpominm.yupomisc, user3923265470"
74,3,1,10,1,1821.647,54.412,1.059,0.353,"hwvrok, ljpjvh, oljclk"
75,3,0.667,16,0,3879,122.188,2.312,0.5,"pdilul, htjzwe4, refine74"
76,4,0.5,22,0,30021,978.087,6.522,4.783,"nzohwh, oxkops7, bixukf, awmilke"
77,2,1,7,0,5672.545,148,2.182,1.727,"kdywnty, xcwvym2"
78,2,1,7,0,1131.444,91.444,0.333,1,"duuff30, 1yrogls"
79,6,0.8,14,0.769,1091.964,84.857,0.5,0.214,"nxpsa4288, hdksp6389, hdvhds4, avelina.asucen, vxkaw3274, g.in.cgn"
80,3,0.667,16,0,924,48.75,1.333,0.25,"cigcgict, xvjdsj5, sameerah.tare"
81,2,1,8,0,1732.5,173.875,1.625,0.5,"hds.hy, hzjsjs897"
82,4,0.5,23,0,1179.8,47.95,1.2,0.15,"rajamani.steagell, truck.ethiopian, palatalongwith, user5628638664"
83,2,1,12,0,2414,70.5,0.833,0.417,"buggyhugh1, dining.seventy"
84,2,1,8,0,35036.556,213.444,7.889,3.889,"fixthedrama, 2100snowman"
85,2,1,7,0,1896.625,173.5,1,0.875,"dirkgncyy.z.110, djfntt.7191"
86,3,0.667,14,0,793.667,12.778,0.111,0.222,"bbcanxmfe6, oyoizqmhr9, u2co59sux3"
87,3,0.667,14,0,1592.3,89.9,0.9,2.1,"caifu1802, nbhonghong5, oh.geigeigei"
88,4,0.5,16,0,1764.483,13.655,0.172,2.207,"user2558157487113, tsbhehhehs, user8861376993313, zjsrryuui"
89,7,0.381,43,0.462,4449.295,154.909,1.455,1.341,"itsstj2, gheoe8, wsbhd0, vsuau5, eyidk5, rtikb3, wsfj4"
90,8,0.286,51,0.333,4946.204,303.556,2.87,13.019,"hurrryu, dghhg372, tessh95, tug35587, oshasg, gdjdi63, owuhwh, hfstil3"
91,4,0.667,18,0.6,6339.115,167.962,7.462,2.231,"oaisg2, sfagnd, bjspsp, zvjsl"
92,2,1,8,0,2021.429,109.357,1.429,1,"gysfh4, qllsks0"
93,5,0.6,20,0.333,4998.8,224.9,2.2,1.467,"jelejeh1, dvdjsh29, segji2, rgyts7, flsosi5"
94,6,0.667,24,0.667,696.377,50.189,0.377,2.377,"mnoojt, objlhmtjemu, arffug, rtwgui, hdmjwo1, ucdrmh"
95,12,0.5,48,0.759,616.974,20.974,0.103,0.353,"pbpktw, idpeoc, dtbtcc8, eqmhqf, bpgarp, puhrra, sqifhw, bipiqo, hltuoq, hidouo, lhqitc, wgslhe"
96,3,0.667,14,0,15693.889,1039.5,23.778,633.056,"p1h5akf, javion.yang, mtbevdcxpq1"
97,2,1,7,0,656.5,21.417,0.667,5.833,"barakah.yasmine.s, salah.hakem.sayeg"
98,2,1,7,0,874.583,35.583,1.917,7,"ethan.carter.mitchell, olivia.ava.davis"
99,3,0.667,22,0,492.059,31.941,1.529,4.647,"safiyyah.iftikar, saniyah.rafidah.k, ghadir.tamadur.ba"
100,9,0.528,25,0.643,26372.971,1225.429,44.371,792.114,"ludwin.keith, ayanna.kelekele, constantinos.hard, adam.hoyt, mira.paxton, brooks.jenner, nash.bramwell4, olando.mayo, summer.king331"
101,3,1,15,1,1293.286,18.657,0.571,4.029,"user12390941773567, chghghj, user2373614982470"
102,6,0.4,46,0.429,35212.879,362.187,8.48,24.692,"airplane_video578, china_queen_520, amazingpilot2, amazingpilot0, username224064, cute_queen7102"
103,4,0.5,35,0,16357.457,176.587,3.978,3.152,"username0022660, username0201726, beautydriver2, usernamer02023"
104,2,1,7,0,3712.692,84.538,0.846,4.077,"jsjsbjsso, user12885549245813"
105,2,1,11,0,1449.214,63.786,1,2.357,"ghzdxbj, user41067558498182"
106,6,0.533,24,0.375,1927.704,60.185,0.926,1.556,"ghvvhvcgvvccf, jsjsjksmsmsk, user21677638672342, eexvnnooyy, nkddaram, user6812280201318"
107,3,0.667,16,0,1981.944,109.778,0.667,1.611,"mlyeejyn, .whjshshshshs, user1433469988696"
108,7,0.667,20,0.766,382.779,1.894,0.058,0.106,"avafind2, mgallsharring, mrqpgrnyb3467, tptk02426yr, mgallaudio, knl39aprh6, zorhajktn884"
109,2,1,15,0,1112.5,114.125,1.688,0.75,"jdhxk85, user8135301746396"
110,5,0.5,27,0.5,335.333,10.867,0.2,0.2,"fefpls, tathkj, tgmfli, tmuacp, user4436815469624"
111,2,1,8,0,4696.75,142.75,0.875,3.125,"hdsgh57, yurvbg2"
112,9,0.583,25,0.828,3728.37,107.444,1.481,3.889,"uzrd3, tdy1634, rzir34, isr0065, ofodypu, dchjo48, its92008, gzchjj, kgx703"
113,2,1,7,0,6157.5,143.375,1.375,2.75,"yufbvf, hdkte6"
114,7,0.429,32,0.5,1196.964,32.607,0.5,0.321,"gkk6161, user4926138720922, hjde197, user5616155060093, umd274, fm04718, user7143669498156"
115,3,0.667,16,0,1116.083,68.833,0.25,0.667,"fkhfe5, hq12151718, iltrukikr"
116,13,0.231,55,0.6,3024.404,124.904,2.019,5.962,"iffhkk0, grdgh760, rhdss79, hrsvh24, hcuccu156, fhgse42, user6100349282272, fgvv752, gdxhij, dchj473, hofkst5, ushd386, ufy468"
117,2,1,8,0,1381,63.25,1,0,"user9342283006096, tsdhj2"
118,3,1,8,1,2373,73.333,2.25,4.333,"reush5, ghfee48, dgjo390"
119,2,1,7,0,7095.625,281.125,0.625,3.625,"tkre891, fsfgi"
120,4,0.833,18,0.75,137845.167,21248.917,74.583,3464.5,"gjfdd68, gdzvh1, hddgjj79, ydsfj89"
121,2,1,9,0,590.167,32.833,0,1.833,"tsdhj01, tsxhj6"
122,7,0.571,20,0.538,5603.81,46.762,1.286,1,"beixian060, gshr888, dfdfm03, stawaszlaher, ddoom15, shgj724, wawayusai463"
123,6,0.333,16,0,14211.733,269,3.667,5.133,"xqi004, ljy88886, user4146560185668, redyou27, keaimaomimiao, forscalligaro"
124,2,1,8,0,2037.833,24.111,9.556,0.111,"luqrbn2, nrmqmi"
125,3,1,27,1,9923.577,181.308,9.538,29.769,"lnppoe, reddit_ignatius8, shbsdd2"
126,6,1,9,1,298.889,12.722,0.111,0.167,"ldaphc, jecxsz, utoxwqg, zesysmj, eqxela7, zysmpbz"
127,3,0.667,21,0,133.97,28.242,4.212,0.061,"moderngril5, beautifulseen30, grilofchina"
128,2,1,11,0,1038.778,49.222,3.556,1.556,"chikni_baby, kubri_queen"
