"Account","Network","Unique Shares","Avg Time Between Shares (sec)","Edge Symmetry Score","Degree","Strength","Betweenness","Avg Views","Avg Likes","Avg Comments","Avg Shares"
"<a href=""https://tiktok.com/@1djjvsjb"" target=""_blank"">@1djjvsjb</a>",66,7,50.4,1,1,10,0,36897.857,1360.143,15.286,6.429
"<a href=""https://tiktok.com/@1qwdjjd"" target=""_blank"">@1qwdjjd</a>",66,6,50.4,1,1,10,0,918.167,19.167,0,0
"<a href=""https://tiktok.com/@1yrogls"" target=""_blank"">@1yrogls</a>",68,7,59.469,0.849,6,67,0,2244.714,61.143,0.714,0.429
"<a href=""https://tiktok.com/@2jxggxh"" target=""_blank"">@2jxggxh</a>",68,6,53.798,0.894,5,62,0,1417.167,45.333,0,0.167
"<a href=""https://tiktok.com/@333yue"" target=""_blank"">@333yue</a>",21,8,34,1,1,9,0,2169.25,37.75,1.125,10
"<a href=""https://tiktok.com/@abxdl1382"" target=""_blank"">@abxdl1382</a>",68,9,50.323,0.891,9,118,0,1523.778,36.889,0.111,0.111
"<a href=""https://tiktok.com/@aed0267"" target=""_blank"">@aed0267</a>",49,7,51.07,0.846,4,57,0,1975.143,39.714,0.143,0.571
"<a href=""https://tiktok.com/@aed2750"" target=""_blank"">@aed2750</a>",50,5,48.5,0.857,3,30,0,997.6,27.4,0.4,0.6
"<a href=""https://tiktok.com/@aed2977"" target=""_blank"">@aed2977</a>",7,8,51.611,0.938,2,18,0,3444.2,116.1,2.6,6
"<a href=""https://tiktok.com/@aed7p4"" target=""_blank"">@aed7p4</a>",8,9,70.636,1,1,11,0,27716.667,726.889,7.778,5.111
"<a href=""https://tiktok.com/@aeda1689"" target=""_blank"">@aeda1689</a>",8,10,60.885,0.962,2,26,0,19238,58.7,0.8,0.8
"<a href=""https://tiktok.com/@aedh263"" target=""_blank"">@aedh263</a>",49,6,48.009,0.894,4,45,0,817.833,16.833,1.833,1.333
"<a href=""https://tiktok.com/@akkaanav.risksjsg"" target=""_blank"">@akkaanav.risksjsg</a>",9,9,23.833,1,1,12,0,1563.556,42.444,1,0.222
"<a href=""https://tiktok.com/@alexandrina.thorn"" target=""_blank"">@alexandrina.thorn</a>",20,8,65.055,0.929,2,21,0,1443.375,35.625,0.5,5.25
"<a href=""https://tiktok.com/@amzing_star0"" target=""_blank"">@amzing_star0</a>",53,8,83.308,0.5,1,13,0,3021.667,307.5,12.75,2
"<a href=""https://tiktok.com/@anaxagoras.harlen"" target=""_blank"">@anaxagoras.harlen</a>",2,8,53.636,0.875,1,11,0,4443.778,93.778,4.111,8.333
"<a href=""https://tiktok.com/@apsaaadel1383"" target=""_blank"">@apsaaadel1383</a>",36,5,40.111,0.857,1,9,0,2089.2,68.4,2.8,17.6
"<a href=""https://tiktok.com/@arffug"" target=""_blank"">@arffug</a>",56,9,67.652,0.972,4,49,0,236.556,7.111,0,0
"<a href=""https://tiktok.com/@asdfsasd.fgdfdgas"" target=""_blank"">@asdfsasd.fgdfdgas</a>",6,9,28.778,1,1,9,0,26669.5,747.9,14.1,7.5
"<a href=""https://tiktok.com/@aseng.haymong"" target=""_blank"">@aseng.haymong</a>",55,8,55.455,0.929,2,20,0,1754.8,71.4,1.7,2.4
"<a href=""https://tiktok.com/@aynor.ogawa"" target=""_blank"">@aynor.ogawa</a>",10,9,64.222,0.857,1,9,0,2611.6,53.3,0.2,0.4
"<a href=""https://tiktok.com/@babypink6896"" target=""_blank"">@babypink6896</a>",36,6,40.111,0.857,1,9,0,1720,42.833,4.5,22
"<a href=""https://tiktok.com/@baobaiwan888"" target=""_blank"">@baobaiwan888</a>",22,9,42.8,0.95,2,24,0,1033.556,45.889,0.333,0.111
"<a href=""https://tiktok.com/@baobaobao7183"" target=""_blank"">@baobaobao7183</a>",23,9,51.769,1,1,13,0,1992.333,40.222,0.778,0.111
"<a href=""https://tiktok.com/@baxor3828"" target=""_blank"">@baxor3828</a>",65,6,63.778,1,1,9,0,587,15.833,0.333,0.5
"<a href=""https://tiktok.com/@bcc662"" target=""_blank"">@bcc662</a>",37,5,57,1,2,19,0,1118.5,33.667,0.167,0
"<a href=""https://tiktok.com/@bdonvg"" target=""_blank"">@bdonvg</a>",6,7,33.111,1,1,9,0,2763.143,71,1.571,1
"<a href=""https://tiktok.com/@be.jkigv"" target=""_blank"">@be.jkigv</a>",1,10,38.778,0.857,1,9,0,1645.4,115.1,1.3,5
"<a href=""https://tiktok.com/@beaty_queen_22"" target=""_blank"">@beaty_queen_22</a>",53,9,86.538,1,1,13,0,8407.56,531.2,18.68,9.44
"<a href=""https://tiktok.com/@berez.paulo"" target=""_blank"">@berez.paulo</a>",30,9,60.54,0.869,3,37,0,1815.3,56.8,0.1,0.6
"<a href=""https://tiktok.com/@bfihc"" target=""_blank"">@bfihc</a>",3,9,62.611,0.838,2,21,0,19865.9,736.4,1.9,4.9
"<a href=""https://tiktok.com/@biebuh4"" target=""_blank"">@biebuh4</a>",31,7,71,0.5,1,9,0,1888.3,49,0.2,0.2
"<a href=""https://tiktok.com/@bipiqo"" target=""_blank"">@bipiqo</a>",56,15,74.492,0.934,8,148,0.002,1556.133,34.067,0,0.2
"<a href=""https://tiktok.com/@birdie.huff"" target=""_blank"">@birdie.huff</a>",26,8,41.896,0.869,3,31,0,1235.875,38.75,0.75,7
"<a href=""https://tiktok.com/@bmc12655"" target=""_blank"">@bmc12655</a>",1,9,63.048,0.84,5,52,0,1118,36.778,0.556,2.222
"<a href=""https://tiktok.com/@bnsle4278"" target=""_blank"">@bnsle4278</a>",68,8,51.877,0.945,7,88,0,1824.5,47.375,0,0.125
"<a href=""https://tiktok.com/@books3478"" target=""_blank"">@books3478</a>",37,6,54,1,1,10,0,1237.667,42.333,0.333,0
"<a href=""https://tiktok.com/@bpgarp"" target=""_blank"">@bpgarp</a>",56,13,66.594,0.908,5,104,0,316.467,10.067,0,0
"<a href=""https://tiktok.com/@brs1reddit"" target=""_blank"">@brs1reddit</a>",35,6,60.329,0.871,3,40,0,485.5,8.333,0,0
"<a href=""https://tiktok.com/@burba.robyn"" target=""_blank"">@burba.robyn</a>",31,8,36.222,0.833,1,9,0,1637.25,30.25,0.25,0.625
"<a href=""https://tiktok.com/@bvoo3130"" target=""_blank"">@bvoo3130</a>",63,11,65.547,0.772,5,138,0,2991.455,57.909,0.455,0.727
"<a href=""https://tiktok.com/@bxecxotdjfrvi"" target=""_blank"">@bxecxotdjfrvi</a>",24,10,53.216,0.968,11,148,0,279,8.2,0.3,0.3
"<a href=""https://tiktok.com/@bxjxhxt"" target=""_blank"">@bxjxhxt</a>",69,6,39.7,0.889,1,10,0,1007.333,43.333,1.167,0
"<a href=""https://tiktok.com/@c.ts24"" target=""_blank"">@c.ts24</a>",30,9,55.049,0.847,5,62,0,1480.889,37.444,0.556,3.556
"<a href=""https://tiktok.com/@camilo.austin5"" target=""_blank"">@camilo.austin5</a>",29,10,68.144,0.938,2,19,0,291.6,6,0.2,0.1
"<a href=""https://tiktok.com/@carlos.alberto.al886"" target=""_blank"">@carlos.alberto.al886</a>",44,9,32.1,0.889,1,10,0,1067.889,44.111,1.222,0.222
"<a href=""https://tiktok.com/@carlton.satterfie"" target=""_blank"">@carlton.satterfie</a>",26,8,49.094,0.783,4,40,0,875.75,26.375,1.75,5
"<a href=""https://tiktok.com/@cbnhf5680"" target=""_blank"">@cbnhf5680</a>",24,10,58.084,0.941,10,140,0,1674.5,77.7,0.2,3.8
"<a href=""https://tiktok.com/@ccgmail16"" target=""_blank"">@ccgmail16</a>",23,6,18.373,0.958,3,32,0,330.667,8.833,0.333,0
"<a href=""https://tiktok.com/@cdnkdg"" target=""_blank"">@cdnkdg</a>",56,5,43,0.9,2,20,0.001,625.4,21.8,0.2,0.6
"<a href=""https://tiktok.com/@cfdc18"" target=""_blank"">@cfdc18</a>",49,14,52.646,0.876,8,137,0,4636.857,82.357,0.786,1.571
"<a href=""https://tiktok.com/@chantalkusch"" target=""_blank"">@chantalkusch</a>",1,9,66.55,0.915,7,71,0.001,3712,163.778,1.889,5.444
"<a href=""https://tiktok.com/@chcjg0"" target=""_blank"">@chcjg0</a>",4,8,53.222,0.889,1,9,0,813.7,27.4,0.6,0.4
"<a href=""https://tiktok.com/@chdg050"" target=""_blank"">@chdg050</a>",46,10,51.9,1,1,10,0,1759.5,79.6,0.4,2.8
"<a href=""https://tiktok.com/@cjdjfcn"" target=""_blank"">@cjdjfcn</a>",70,6,24.333,0.911,3,31,0,1762.667,92,0.667,0.167
"<a href=""https://tiktok.com/@cjirr8920"" target=""_blank"">@cjirr8920</a>",61,3,63.667,1,3,27,0,1342,73.833,0.667,1.417
"<a href=""https://tiktok.com/@cjur6297"" target=""_blank"">@cjur6297</a>",58,4,54.333,1,2,18,0,4063.4,75.4,1.2,0.4
"<a href=""https://tiktok.com/@clirr5282"" target=""_blank"">@clirr5282</a>",59,6,72.107,0.917,2,23,0,1133.167,115.333,0.333,0.333
"<a href=""https://tiktok.com/@cnatk3189"" target=""_blank"">@cnatk3189</a>",68,9,54.24,0.953,6,95,0,1542.333,41.778,0.222,0.333
"<a href=""https://tiktok.com/@coirf88774"" target=""_blank"">@coirf88774</a>",62,3,33,1,1,9,0,1282.333,66.333,0.333,0
"<a href=""https://tiktok.com/@courr1227"" target=""_blank"">@courr1227</a>",60,5,45.867,0.833,1,15,0,301.4,10.8,0.4,0
"<a href=""https://tiktok.com/@crhn65"" target=""_blank"">@crhn65</a>",49,6,42.215,0.95,2,25,0,1542.5,23.5,4.667,1.5
"<a href=""https://tiktok.com/@crtyougo"" target=""_blank"">@crtyougo</a>",14,9,32.1,0.833,1,10,0,3347.111,189.778,3.111,2
"<a href=""https://tiktok.com/@cufiykgvrho9kk"" target=""_blank"">@cufiykgvrho9kk</a>",23,8,21.997,1,3,36,0,898.625,23.5,0.125,0.25
"<a href=""https://tiktok.com/@cute_queen7102"" target=""_blank"">@cute_queen7102</a>",51,9,99.9,0.857,1,10,0,1333.947,176.632,15,15.895
"<a href=""https://tiktok.com/@danghu337"" target=""_blank"">@danghu337</a>",11,8,47.194,0.915,5,63,0,1415.667,52,0.556,2.889
"<a href=""https://tiktok.com/@debran.oxonrp00"" target=""_blank"">@debran.oxonrp00</a>",10,9,64.222,0.857,1,9,0,2963.4,87.6,1.7,0.5
"<a href=""https://tiktok.com/@debran.oxonrp03"" target=""_blank"">@debran.oxonrp03</a>",9,8,23.833,1,1,12,0,22794.5,235.25,5.875,2
"<a href=""https://tiktok.com/@dhcdyj5"" target=""_blank"">@dhcdyj5</a>",38,8,60.333,0.857,1,9,0,1650.444,59.667,0.889,5.222
"<a href=""https://tiktok.com/@dhhi6645"" target=""_blank"">@dhhi6645</a>",57,6,69.167,1,2,36,0,919.333,70.833,0.333,1
"<a href=""https://tiktok.com/@dianaantoinette2000"" target=""_blank"">@dianaantoinette2000</a>",7,9,56.015,1,3,31,0,411.444,12.556,0,0.333
"<a href=""https://tiktok.com/@dijx3903"" target=""_blank"">@dijx3903</a>",63,13,64.394,0.905,5,153,0,1093.231,38.769,0.769,0.615
"<a href=""https://tiktok.com/@djbdjfjff"" target=""_blank"">@djbdjfjff</a>",39,7,68.556,0.857,1,9,0,911.444,64,1.222,0.333
"<a href=""https://tiktok.com/@djwf2904"" target=""_blank"">@djwf2904</a>",64,14,61.169,0.972,7,145,0,702.467,44.667,0.2,0.333
"<a href=""https://tiktok.com/@doiplo1"" target=""_blank"">@doiplo1</a>",56,15,50.442,0.94,7,108,0,681.667,19.733,0.067,0.267
"<a href=""https://tiktok.com/@drgd8391"" target=""_blank"">@drgd8391</a>",64,12,74.786,0.94,6,101,0,1061.667,52.467,0.067,1.133
"<a href=""https://tiktok.com/@dtbtcc8"" target=""_blank"">@dtbtcc8</a>",56,12,59.175,0.965,8,136,0,977.75,24.083,0.167,0.417
"<a href=""https://tiktok.com/@dthh824"" target=""_blank"">@dthh824</a>",49,10,56.264,0.841,5,86,0,15158.4,214.4,1.1,3
"<a href=""https://tiktok.com/@duuff30"" target=""_blank"">@duuff30</a>",67,6,30.167,1,1,12,0,1717.667,102.667,2.833,2.167
"<a href=""https://tiktok.com/@dygd8923"" target=""_blank"">@dygd8923</a>",64,15,61.751,1,6,127,0,1112.667,50.133,0.6,0.533
"<a href=""https://tiktok.com/@ehgw1916"" target=""_blank"">@ehgw1916</a>",61,3,58,1,4,36,0,1493.375,40.875,0.25,2.5
"<a href=""https://tiktok.com/@eiej4325"" target=""_blank"">@eiej4325</a>",64,15,59.412,0.962,6,109,0,283.333,11.533,0.067,0.133
"<a href=""https://tiktok.com/@ella627700"" target=""_blank"">@ella627700</a>",18,8,30.143,0.9,1,14,0,30264.625,999.625,16.625,11
"<a href=""https://tiktok.com/@elvistrevelyan0204"" target=""_blank"">@elvistrevelyan0204</a>",6,9,53.183,0.882,2,19,0,1323.556,45.778,0.889,1.111
"<a href=""https://tiktok.com/@emory.drawehj"" target=""_blank"">@emory.drawehj</a>",44,9,32.1,0.889,1,10,0,1772.333,64.111,1.444,0.333
"<a href=""https://tiktok.com/@eqmhqf"" target=""_blank"">@eqmhqf</a>",56,12,56.002,0.952,7,120,0,639.583,25.167,0,0.083
"<a href=""https://tiktok.com/@ethel.gregory2"" target=""_blank"">@ethel.gregory2</a>",11,10,52.39,0.934,5,72,0,4612,89.5,0.4,0.7
"<a href=""https://tiktok.com/@eudazpstrvf"" target=""_blank"">@eudazpstrvf</a>",48,6,55.556,1,1,9,0,10039.5,375.667,11.333,109.333
"<a href=""https://tiktok.com/@facaila22"" target=""_blank"">@facaila22</a>",19,10,30.2,0.857,1,10,0,1801,121.4,1.6,1.5
"<a href=""https://tiktok.com/@fannybach2010"" target=""_blank"">@fannybach2010</a>",7,6,55.248,0.963,3,28,0,8582.625,66.25,2.625,0.5
"<a href=""https://tiktok.com/@fatal2380"" target=""_blank"">@fatal2380</a>",40,8,57.333,1,1,9,0,1492.111,73.222,0.556,0.889
"<a href=""https://tiktok.com/@fdijc3"" target=""_blank"">@fdijc3</a>",1,10,59.107,0.85,8,93,0,1295.1,63.3,0.8,1.2
"<a href=""https://tiktok.com/@feelforc0o0676"" target=""_blank"">@feelforc0o0676</a>",25,5,26.5,1,1,10,0,1833.714,41.857,0.429,1
"<a href=""https://tiktok.com/@fgjbgf4688"" target=""_blank"">@fgjbgf4688</a>",24,10,48.81,0.985,11,146,0,399.8,12.3,0,1.3
"<a href=""https://tiktok.com/@fhda78402"" target=""_blank"">@fhda78402</a>",63,14,70.846,0.889,5,124,0,372.6,18.2,0.133,0.067
"<a href=""https://tiktok.com/@fhfry4764"" target=""_blank"">@fhfry4764</a>",6,8,44.222,0.938,2,18,0,1876.667,66.444,0.333,1
"<a href=""https://tiktok.com/@fhuc22"" target=""_blank"">@fhuc22</a>",33,9,50.02,0.856,3,41,0,1632.444,40.222,0,0.222
"<a href=""https://tiktok.com/@fhvf210"" target=""_blank"">@fhvf210</a>",32,7,48,0.857,1,9,0,4871.875,85.625,0.25,4.25
"<a href=""https://tiktok.com/@finishthemovie3"" target=""_blank"">@finishthemovie3</a>",6,10,39.906,0.944,2,19,0,1458.8,55.5,0.4,1.3
"<a href=""https://tiktok.com/@fjjgdvx"" target=""_blank"">@fjjgdvx</a>",16,7,50.778,1,1,9,0,9625.875,290.75,4,2.25
"<a href=""https://tiktok.com/@fkir2290"" target=""_blank"">@fkir2290</a>",62,3,33,1,1,9,0,906.667,31,0.333,0
"<a href=""https://tiktok.com/@fkur7594"" target=""_blank"">@fkur7594</a>",58,3,47,1,2,18,0,2032,73.333,0.833,1.333
"<a href=""https://tiktok.com/@fnnf8890"" target=""_blank"">@fnnf8890</a>",59,6,63.444,1,3,36,0,1248.333,52.667,0,1.167
"<a href=""https://tiktok.com/@fody.noachp"" target=""_blank"">@fody.noachp</a>",43,8,77.111,0.714,1,9,0,2273.75,76.25,1,2.125
"<a href=""https://tiktok.com/@fredagraham2022"" target=""_blank"">@fredagraham2022</a>",5,9,52.167,0.938,2,19,0,1757.2,34.9,1,0.5
"<a href=""https://tiktok.com/@fsaftn"" target=""_blank"">@fsaftn</a>",56,10,64.536,0.859,6,76,0,1016.071,42.071,0.357,1.5
"<a href=""https://tiktok.com/@fuddg743"" target=""_blank"">@fuddg743</a>",4,10,53.222,0.889,1,9,0,2165.9,77.2,1.2,0.3
"<a href=""https://tiktok.com/@fughf21"" target=""_blank"">@fughf21</a>",1,10,57.815,0.905,3,36,0,982.2,90.1,0.7,2.5
"<a href=""https://tiktok.com/@g.gy726"" target=""_blank"">@g.gy726</a>",31,8,55.259,0.711,3,27,0,2425.364,58.909,0.727,2.182
"<a href=""https://tiktok.com/@gckcj4"" target=""_blank"">@gckcj4</a>",3,8,61.556,0.875,1,9,0,974.111,33.222,0.444,1
"<a href=""https://tiktok.com/@gfg6705"" target=""_blank"">@gfg6705</a>",33,9,62.059,1,3,33,0,683.444,15.444,0.111,0.222
"<a href=""https://tiktok.com/@gfjch34"" target=""_blank"">@gfjch34</a>",45,9,54.444,0.889,1,9,0,1859,124.778,0.556,1
"<a href=""https://tiktok.com/@ggih3179"" target=""_blank"">@ggih3179</a>",31,7,55.819,0.9,2,21,0,678.143,21.286,0.714,0.571
"<a href=""https://tiktok.com/@ghhj8554"" target=""_blank"">@ghhj8554</a>",63,15,62.278,0.872,4,136,0,995.333,39.733,0.2,0.467
"<a href=""https://tiktok.com/@ghjbff355"" target=""_blank"">@ghjbff355</a>",24,6,74.222,1,1,9,0,236.857,6.429,0,0
"<a href=""https://tiktok.com/@gjbgikh"" target=""_blank"">@gjbgikh</a>",38,10,60.333,0.857,1,9,0,2765.7,102.2,0.5,1.1
"<a href=""https://tiktok.com/@gjguq6894"" target=""_blank"">@gjguq6894</a>",59,3,52.667,1,1,9,0,1029,65.333,0.333,0.5
"<a href=""https://tiktok.com/@gjie0094"" target=""_blank"">@gjie0094</a>",61,3,59.8,1,5,45,0,1200.625,75.375,0.5,0.625
"<a href=""https://tiktok.com/@gjus6238"" target=""_blank"">@gjus6238</a>",61,3,59.8,1,5,45,0,1441.889,65.556,0.333,1
"<a href=""https://tiktok.com/@gour2295"" target=""_blank"">@gour2295</a>",60,6,45.867,0.833,1,15,0,6034.667,145.333,0,1
"<a href=""https://tiktok.com/@gubwos"" target=""_blank"">@gubwos</a>",46,7,51.9,1,1,10,0,2410.5,59.75,1.375,1.5
"<a href=""https://tiktok.com/@guerin.ontiverok"" target=""_blank"">@guerin.ontiverok</a>",41,7,51.1,1,1,10,0,2894.429,97.571,2.143,2.429
"<a href=""https://tiktok.com/@gutieyy7"" target=""_blank"">@gutieyy7</a>",47,9,47.85,0.9,2,20,0,2954.778,134,2.444,1.667
"<a href=""https://tiktok.com/@gvcchh3457"" target=""_blank"">@gvcchh3457</a>",24,10,53.898,0.952,11,154,0,1088.6,49.6,4,9.6
"<a href=""https://tiktok.com/@hcodifb"" target=""_blank"">@hcodifb</a>",1,10,55.158,0.852,6,65,0,826,52.3,0.5,2.3
"<a href=""https://tiktok.com/@hdifhg5"" target=""_blank"">@hdifhg5</a>",1,9,55.273,0.9,1,11,0,1610,84.7,0.8,1.5
"<a href=""https://tiktok.com/@hdmjwo1"" target=""_blank"">@hdmjwo1</a>",56,8,60.467,0.792,2,27,0,863.4,17.333,0,0.067
"<a href=""https://tiktok.com/@hdr86575"" target=""_blank"">@hdr86575</a>",2,8,53.636,0.875,1,11,0,1832,40,0,0.333
"<a href=""https://tiktok.com/@hdryxd"" target=""_blank"">@hdryxd</a>",14,7,46.9,0.857,1,10,0,5418.286,184.143,3.429,1.286
"<a href=""https://tiktok.com/@hec88551nva"" target=""_blank"">@hec88551nva</a>",17,9,32.8,0.833,1,10,0,3072.778,117.333,0.889,1.222
"<a href=""https://tiktok.com/@hehs5037"" target=""_blank"">@hehs5037</a>",57,6,54.667,1,2,36,0,706.333,47.833,0.167,0.167
"<a href=""https://tiktok.com/@heyrrgcjyi"" target=""_blank"">@heyrrgcjyi</a>",47,7,47.222,1,1,9,0,1467.429,72.857,1.857,0.429
"<a href=""https://tiktok.com/@hh155702"" target=""_blank"">@hh155702</a>",52,10,47.288,0.967,3,45,0,3532.7,76.7,1,1
"<a href=""https://tiktok.com/@hhgghj8866"" target=""_blank"">@hhgghj8866</a>",24,10,51.743,1,7,90,0,1209.2,43.5,0.6,1.6
"<a href=""https://tiktok.com/@hhhhh777777852"" target=""_blank"">@hhhhh777777852</a>",5,7,49.317,0.866,2,19,0,2318.875,75.875,2.625,0.375
"<a href=""https://tiktok.com/@hidouo"" target=""_blank"">@hidouo</a>",56,15,64.328,0.979,4,104,0,1189.6,26.267,0.067,0.133
"<a href=""https://tiktok.com/@hirakw1"" target=""_blank"">@hirakw1</a>",56,3,60.667,1,2,18,0,250.333,5.667,0,0
"<a href=""https://tiktok.com/@hltuoq"" target=""_blank"">@hltuoq</a>",56,11,64.534,0.967,5,103,0,1703.467,68,0.467,0.867
"<a href=""https://tiktok.com/@hsbuz8"" target=""_blank"">@hsbuz8</a>",33,5,55.636,1,1,11,0,2149.2,37.6,0.4,0.2
"<a href=""https://tiktok.com/@huahua88883"" target=""_blank"">@huahua88883</a>",21,9,43.15,0.917,2,19,0,966.778,29.667,0.444,1.556
"<a href=""https://tiktok.com/@huiodjio"" target=""_blank"">@huiodjio</a>",14,9,61,0.875,1,10,0,4272.222,172.222,3.222,2
"<a href=""https://tiktok.com/@huoqilaiya"" target=""_blank"">@huoqilaiya</a>",22,8,40.111,0.919,3,36,0,910.75,30.125,0.5,0.875
"<a href=""https://tiktok.com/@hxjdsj34"" target=""_blank"">@hxjdsj34</a>",70,6,25.57,0.911,3,31,0,2118.333,69.167,1,0.167
"<a href=""https://tiktok.com/@hygge8662"" target=""_blank"">@hygge8662</a>",48,6,55.556,1,1,9,0,14297.833,346.333,5,86.333
"<a href=""https://tiktok.com/@hynyqoqhjmakqf"" target=""_blank"">@hynyqoqhjmakqf</a>",27,8,67.6,0.833,1,10,0,801.25,13.625,1.5,0.125
"<a href=""https://tiktok.com/@hzhdhs"" target=""_blank"">@hzhdhs</a>",70,5,20.3,0.875,2,20,0,1051.8,23.4,0.4,0
"<a href=""https://tiktok.com/@ididu034"" target=""_blank"">@ididu034</a>",45,8,54.444,0.889,1,9,0,1009.875,56.375,1.125,3.75
"<a href=""https://tiktok.com/@idpeoc"" target=""_blank"">@idpeoc</a>",56,12,43.214,1,6,109,0,912.5,14.75,0.167,0.083
"<a href=""https://tiktok.com/@ific3756"" target=""_blank"">@ific3756</a>",58,3,45.778,1,3,27,0,1094.667,29.667,0.333,0.667
"<a href=""https://tiktok.com/@ihgg5672"" target=""_blank"">@ihgg5672</a>",24,10,55.957,0.962,13,181,0,864.8,28.8,1.2,5.1
"<a href=""https://tiktok.com/@iiuu553"" target=""_blank"">@iiuu553</a>",49,9,47.142,0.838,5,88,0,19575.111,279.889,2.556,3
"<a href=""https://tiktok.com/@ilges.estelwei"" target=""_blank"">@ilges.estelwei</a>",55,10,52.591,1,2,22,0,6953.6,171.2,6.3,2.6
"<a href=""https://tiktok.com/@irdc042"" target=""_blank"">@irdc042</a>",1,10,52.96,1,2,29,0,2350.4,113.4,1.5,3.5
"<a href=""https://tiktok.com/@it29375"" target=""_blank"">@it29375</a>",34,3,60.889,0.8,1,9,0,39.333,0.667,0,0
"<a href=""https://tiktok.com/@itsh7661"" target=""_blank"">@itsh7661</a>",64,9,69.236,1,4,82,0,659.111,49,0.556,0.333
"<a href=""https://tiktok.com/@iupkvg"" target=""_blank"">@iupkvg</a>",56,9,81.704,0.833,3,27,0,269.222,11.556,0.111,0.111
"<a href=""https://tiktok.com/@j.ee238"" target=""_blank"">@j.ee238</a>",32,8,48,0.857,1,9,0,805.875,12.125,0,0
"<a href=""https://tiktok.com/@j.uv586"" target=""_blank"">@j.uv586</a>",31,8,53.083,1,1,12,0,1382.75,28,0.5,0.5
"<a href=""https://tiktok.com/@jackie.bradley45"" target=""_blank"">@jackie.bradley45</a>",24,9,52.302,0.948,11,151,0,975.8,25.7,1.2,6.6
"<a href=""https://tiktok.com/@jajsjsn56"" target=""_blank"">@jajsjsn56</a>",50,14,57.668,0.893,4,68,0,7978.643,142.5,0.5,1
"<a href=""https://tiktok.com/@jann.jacobs"" target=""_blank"">@jann.jacobs</a>",28,10,48.107,0.955,2,26,0,675,15.1,0.2,0.2
"<a href=""https://tiktok.com/@jcsie5410"" target=""_blank"">@jcsie5410</a>",61,4,76.556,1,3,27,0,1459.286,39.286,0.571,0.286
"<a href=""https://tiktok.com/@jdbjd335"" target=""_blank"">@jdbjd335</a>",30,9,52.959,0.875,3,37,0,1809.455,65.455,0.545,1
"<a href=""https://tiktok.com/@jdpdosj"" target=""_blank"">@jdpdosj</a>",1,9,60.891,0.944,2,21,0,472,23,0.444,0.444
"<a href=""https://tiktok.com/@jdpxorjf"" target=""_blank"">@jdpxorjf</a>",1,10,59.426,0.923,7,75,0.001,873.8,56.3,0.6,1.6
"<a href=""https://tiktok.com/@jfkovj5"" target=""_blank"">@jfkovj5</a>",1,10,59.187,0.892,6,60,0.001,1691.3,117.4,1.1,1.4
"<a href=""https://tiktok.com/@jfodxgajsjijpd"" target=""_blank"">@jfodxgajsjijpd</a>",24,10,50.434,0.975,13,192,0,1533.6,72.1,5.5,12.7
"<a href=""https://tiktok.com/@jfufrehcdh"" target=""_blank"">@jfufrehcdh</a>",1,8,61.33,0.926,3,31,0,1030.875,75.375,0.375,1.25
"<a href=""https://tiktok.com/@jiqw8344"" target=""_blank"">@jiqw8344</a>",64,9,70.998,1,4,62,0,224.556,7.222,0,0.111
"<a href=""https://tiktok.com/@jkuy0534"" target=""_blank"">@jkuy0534</a>",64,15,73.435,0.935,6,141,0,1029.867,81.467,1.133,0.467
"<a href=""https://tiktok.com/@joab.truitt"" target=""_blank"">@joab.truitt</a>",11,9,55.047,0.933,5,60,0,2834.111,131.222,1.222,0.778
"<a href=""https://tiktok.com/@josieferguson6"" target=""_blank"">@josieferguson6</a>",11,9,53.673,0.904,5,63,0,14143,360.556,6.778,92
"<a href=""https://tiktok.com/@jrcbuibeamiuor"" target=""_blank"">@jrcbuibeamiuor</a>",27,5,67.6,0.833,1,10,0,1118.125,46.25,0.25,1.75
"<a href=""https://tiktok.com/@jsosjxj8"" target=""_blank"">@jsosjxj8</a>",1,8,56.254,0.938,2,23,0,513.7,38.3,0.7,0.4
"<a href=""https://tiktok.com/@jtcytxyzey"" target=""_blank"">@jtcytxyzey</a>",1,10,59.333,0.834,4,42,0,17894.5,542.7,2.9,35.3
"<a href=""https://tiktok.com/@juliedouglass2013"" target=""_blank"">@juliedouglass2013</a>",7,9,57.918,0.953,5,51,0,5869.1,65.3,0.4,1
"<a href=""https://tiktok.com/@jvhb240"" target=""_blank"">@jvhb240</a>",50,14,57.321,0.839,5,78,0,3288.5,75.786,0.643,1.857
"<a href=""https://tiktok.com/@jvtvc3"" target=""_blank"">@jvtvc3</a>",50,11,55.334,0.964,5,70,0,2899.545,74.091,0.818,3.273
"<a href=""https://tiktok.com/@jxfciicg"" target=""_blank"">@jxfciicg</a>",67,6,30.167,1,1,12,0,1667.333,86,1,0.5
"<a href=""https://tiktok.com/@kamlisarkar_0"" target=""_blank"">@kamlisarkar_0</a>",54,6,90.119,0.7,2,23,0,2076.5,252.333,15.833,3.667
"<a href=""https://tiktok.com/@kenitra.angliaf"" target=""_blank"">@kenitra.angliaf</a>",42,8,54.5,0.929,2,18,0,1282.125,77.875,0.5,0.625
"<a href=""https://tiktok.com/@kili1173"" target=""_blank"">@kili1173</a>",52,8,46.046,0.967,3,40,0,1621.3,48.5,1,0.7
"<a href=""https://tiktok.com/@kmlisarkar_1"" target=""_blank"">@kmlisarkar_1</a>",54,5,82.667,0.6,1,9,0,807.091,67.182,4.636,0.455
"<a href=""https://tiktok.com/@kokokopi72"" target=""_blank"">@kokokopi72</a>",41,8,51.9,1,2,20,0,1837.625,73.5,0.125,0.875
"<a href=""https://tiktok.com/@kris.noproblem"" target=""_blank"">@kris.noproblem</a>",41,7,52.7,1,1,10,0,6943.714,251.857,2.857,0.429
"<a href=""https://tiktok.com/@krug011"" target=""_blank"">@krug011</a>",1,10,65.356,0.786,2,19,0,803.7,51,0.4,1.3
"<a href=""https://tiktok.com/@ktsfyh"" target=""_blank"">@ktsfyh</a>",12,10,55.8,0.952,3,28,0,2931.1,178.7,9.2,1.9
"<a href=""https://tiktok.com/@kuhar.clair6"" target=""_blank"">@kuhar.clair6</a>",30,8,67.364,0.857,1,11,0,2028.125,63.125,0.25,0
"<a href=""https://tiktok.com/@labubu5252"" target=""_blank"">@labubu5252</a>",22,10,40.202,0.944,2,26,0,2150.5,65.6,1.3,2.6
"<a href=""https://tiktok.com/@laetitia.circle"" target=""_blank"">@laetitia.circle</a>",11,6,55.213,0.91,5,54,0,641.167,19.833,0.167,0.833
"<a href=""https://tiktok.com/@landscape5670"" target=""_blank"">@landscape5670</a>",13,10,57.494,0.929,2,19,0,3383.6,281.2,3.2,1.2
"<a href=""https://tiktok.com/@lanora.haskely"" target=""_blank"">@lanora.haskely</a>",55,9,59.458,0.929,2,21,0,2832.889,127,1.222,2.778
"<a href=""https://tiktok.com/@laozizuisuai"" target=""_blank"">@laozizuisuai</a>",26,6,45.407,0.857,3,27,0,840.143,33,0.857,16.714
"<a href=""https://tiktok.com/@lawrenceharvey54"" target=""_blank"">@lawrenceharvey54</a>",28,8,40.714,0.909,1,14,0,600.778,13,0.667,0.222
"<a href=""https://tiktok.com/@lhqitc"" target=""_blank"">@lhqitc</a>",56,15,71.361,0.958,4,75,0,1227.8,33.333,0.267,0.2
"<a href=""https://tiktok.com/@luisina.riihimaki"" target=""_blank"">@luisina.riihimaki</a>",1,8,53.687,0.933,3,33,0,1078.75,110,1.5,1
"<a href=""https://tiktok.com/@lwandiswamsithini"" target=""_blank"">@lwandiswamsithini</a>",8,10,65.229,0.919,3,36,0,3685,61.2,3.3,0.9
"<a href=""https://tiktok.com/@lzes4290"" target=""_blank"">@lzes4290</a>",19,10,51.711,0.857,2,19,0,2776.1,63.9,9.7,44.2
"<a href=""https://tiktok.com/@mancilla.sanyang"" target=""_blank"">@mancilla.sanyang</a>",40,9,52.417,1,3,30,0,1360.444,34.222,0.667,1
"<a href=""https://tiktok.com/@marisol.rath"" target=""_blank"">@marisol.rath</a>",29,8,63.756,0.875,2,19,0,1210.5,27.4,0.3,1
"<a href=""https://tiktok.com/@marjoriecarrie0525"" target=""_blank"">@marjoriecarrie0525</a>",29,10,63.967,0.915,4,45,0,731.2,20.1,0.4,0.5
"<a href=""https://tiktok.com/@monalisa7988"" target=""_blank"">@monalisa7988</a>",33,8,58.418,1,3,46,0,1521.875,45.625,0.125,0.375
"<a href=""https://tiktok.com/@mong.khuu"" target=""_blank"">@mong.khuu</a>",29,10,62.014,0.938,2,29,0,831.2,25.1,0.8,0.5
"<a href=""https://tiktok.com/@ncjfhyrsdj"" target=""_blank"">@ncjfhyrsdj</a>",70,6,32.389,0.857,2,18,0,1807.333,50.333,1.167,0.167
"<a href=""https://tiktok.com/@ncsfo3287"" target=""_blank"">@ncsfo3287</a>",68,3,27.222,1,1,9,0,2260.667,39.333,0.667,0.333
"<a href=""https://tiktok.com/@nendn4309"" target=""_blank"">@nendn4309</a>",3,7,63.667,0.8,1,12,0,2016.625,61.25,0.125,0.5
"<a href=""https://tiktok.com/@nfyk.emma"" target=""_blank"">@nfyk.emma</a>",29,10,62.295,0.955,2,30,0,1415.2,44,1.4,1
"<a href=""https://tiktok.com/@ninixuaiwo"" target=""_blank"">@ninixuaiwo</a>",26,8,43.119,0.81,3,28,0,1521.375,51.5,5.75,12.375
"<a href=""https://tiktok.com/@noohreddit"" target=""_blank"">@noohreddit</a>",34,4,60.889,0.8,1,9,0,256.25,14.25,0.25,0
"<a href=""https://tiktok.com/@nxpsa4288"" target=""_blank"">@nxpsa4288</a>",68,3,82.778,0.8,2,18,0,3867.333,97,0.667,0.333
"<a href=""https://tiktok.com/@okay11732"" target=""_blank"">@okay11732</a>",63,15,79.779,0.873,4,113,0,1803.933,83.4,0.667,1.333
"<a href=""https://tiktok.com/@omi.poni0"" target=""_blank"">@omi.poni0</a>",33,6,56.111,1,1,9,0,1811.167,43.333,0.667,0.667
"<a href=""https://tiktok.com/@onikacaylie"" target=""_blank"">@onikacaylie</a>",28,8,55.5,1,1,12,0,1484.9,59.4,2.1,1.5
"<a href=""https://tiktok.com/@pbpktw"" target=""_blank"">@pbpktw</a>",56,13,64.656,0.94,6,99,0.002,681.786,16.429,0.143,0.5
"<a href=""https://tiktok.com/@power7143"" target=""_blank"">@power7143</a>",52,10,49.866,0.97,3,46,0,11064.1,139.7,1.3,1.3
"<a href=""https://tiktok.com/@prtnr8"" target=""_blank"">@prtnr8</a>",47,10,53.633,1,3,30,0,2089.1,66.7,1.8,0.7
"<a href=""https://tiktok.com/@puhrra"" target=""_blank"">@puhrra</a>",56,12,57.136,0.911,3,90,0,654.75,30.917,0.333,1
"<a href=""https://tiktok.com/@pxibi018"" target=""_blank"">@pxibi018</a>",33,8,54.267,1,5,54,0,3454.875,41.25,0.125,0.5
"<a href=""https://tiktok.com/@pyjadfkbircst"" target=""_blank"">@pyjadfkbircst</a>",25,8,52.556,0.857,1,9,0,422.9,12.5,0.2,0.2
"<a href=""https://tiktok.com/@qigqtm"" target=""_blank"">@qigqtm</a>",56,9,55.159,0.952,3,44,0,268.222,5,0,0
"<a href=""https://tiktok.com/@qlkvahinq1huog"" target=""_blank"">@qlkvahinq1huog</a>",23,7,73.162,0.917,2,22,0,3980.429,127.143,1.571,1.143
"<a href=""https://tiktok.com/@quincyshop08"" target=""_blank"">@quincyshop08</a>",1,10,58.909,0.92,5,50,0.001,1931.2,51.7,0.2,1.7
"<a href=""https://tiktok.com/@qwdfionqfamkqo"" target=""_blank"">@qwdfionqfamkqo</a>",25,7,43.556,0.929,2,18,0,2116.714,66.143,2.714,4.143
"<a href=""https://tiktok.com/@reddishnan"" target=""_blank"">@reddishnan</a>",35,6,58.332,0.93,3,40,0,399.333,10.333,0.333,0.167
"<a href=""https://tiktok.com/@reddittabud"" target=""_blank"">@reddittabud</a>",35,6,70.872,0.857,2,19,0,244.5,5.5,0,0
"<a href=""https://tiktok.com/@rhzpbjoqixj"" target=""_blank"">@rhzpbjoqixj</a>",24,10,51.464,0.942,9,123,0,552.6,11.2,0.1,0
"<a href=""https://tiktok.com/@rohingyao"" target=""_blank"">@rohingyao</a>",14,8,43.111,0.714,1,9,0,1487.25,84.5,9.375,2.75
"<a href=""https://tiktok.com/@rosacasey65"" target=""_blank"">@rosacasey65</a>",47,8,60,1,1,10,0,3558.75,142.375,2.375,0.5
"<a href=""https://tiktok.com/@santiago.fernande323"" target=""_blank"">@santiago.fernande323</a>",40,10,51.1,1,1,10,0,1585.1,72.3,0.7,2.3
"<a href=""https://tiktok.com/@sdsdyou"" target=""_blank"">@sdsdyou</a>",13,7,61.294,0.917,2,19,0,4169.25,224.375,2.625,2.875
"<a href=""https://tiktok.com/@shaunpearson226"" target=""_blank"">@shaunpearson226</a>",26,9,67.6,0.667,1,10,0,985,37.778,1.667,2.889
"<a href=""https://tiktok.com/@shvchjds"" target=""_blank"">@shvchjds</a>",16,9,50.778,1,1,9,0,4782.667,206.667,3.111,6.222
"<a href=""https://tiktok.com/@siev9347"" target=""_blank"">@siev9347</a>",58,3,45.778,1,3,27,0,2298,119.667,0.5,0.5
"<a href=""https://tiktok.com/@sijh37"" target=""_blank"">@sijh37</a>",50,12,53.145,0.851,4,58,0,3321.75,79.25,1.417,1.667
"<a href=""https://tiktok.com/@skunk.robinsong"" target=""_blank"">@skunk.robinsong</a>",43,9,77.111,0.714,1,9,0,1027.444,50.222,0.333,1.111
"<a href=""https://tiktok.com/@snoshsj"" target=""_blank"">@snoshsj</a>",69,6,39.7,0.889,1,10,0,7569.333,73.333,2.833,1.667
"<a href=""https://tiktok.com/@soodb4177"" target=""_blank"">@soodb4177</a>",68,3,52.722,0.95,4,36,0,394,17.333,0.333,0
"<a href=""https://tiktok.com/@sqifhw"" target=""_blank"">@sqifhw</a>",56,15,56.735,1,4,95,0,502.733,21.8,0.333,0.733
"<a href=""https://tiktok.com/@stoyouh"" target=""_blank"">@stoyouh</a>",12,9,51.4,1,1,10,0,6523.556,207,3.556,3
"<a href=""https://tiktok.com/@svjscsh"" target=""_blank"">@svjscsh</a>",15,7,42.3,0.667,1,10,0,7873.286,267.714,4.857,5.143
"<a href=""https://tiktok.com/@svpmrjwfqvu2oj"" target=""_blank"">@svpmrjwfqvu2oj</a>",24,10,50.293,0.983,14,198,0,1260,60.1,1.3,2.8
"<a href=""https://tiktok.com/@sweet_driver120"" target=""_blank"">@sweet_driver120</a>",51,6,99.9,0.857,1,10,0,6592.733,596.9,39.367,6.167
"<a href=""https://tiktok.com/@tenbr.boozapp"" target=""_blank"">@tenbr.boozapp</a>",55,9,56.595,1,2,23,0,15191.111,212.889,4.556,7
"<a href=""https://tiktok.com/@text778"" target=""_blank"">@text778</a>",12,8,61.222,1,1,9,0,20581.875,448.75,2.375,4.75
"<a href=""https://tiktok.com/@textstory781"" target=""_blank"">@textstory781</a>",13,8,59.452,0.897,3,29,0,7807,214.75,3.75,23
"<a href=""https://tiktok.com/@textstyo"" target=""_blank"">@textstyo</a>",15,9,42.3,0.667,1,10,0,13774.667,522.222,9.889,24.444
"<a href=""https://tiktok.com/@thai.hoai.nhan.du"" target=""_blank"">@thai.hoai.nhan.du</a>",42,9,47.722,0.929,2,20,0,5461.889,319.333,2.889,3.111
"<a href=""https://tiktok.com/@thanh.dngp"" target=""_blank"">@thanh.dngp</a>",42,9,46.778,1,2,20,0,2347.778,115.667,0.333,0.556
"<a href=""https://tiktok.com/@the.esther00"" target=""_blank"">@the.esther00</a>",24,8,56.266,0.932,11,137,0,1044.9,14.4,0.4,1
"<a href=""https://tiktok.com/@the.money6496"" target=""_blank"">@the.money6496</a>",19,8,53.444,1,1,9,0,1032.75,25.25,0,0.5
"<a href=""https://tiktok.com/@the.sshamarfan"" target=""_blank"">@the.sshamarfan</a>",19,10,65.519,0.952,3,27,0,1562.9,37.6,3.3,3.9
"<a href=""https://tiktok.com/@the.yellow09"" target=""_blank"">@the.yellow09</a>",23,8,20.265,1,3,38,0,356.875,7.5,0,0
"<a href=""https://tiktok.com/@titme"" target=""_blank"">@titme</a>",30,8,51.526,0.891,4,50,0,1577,79.5,1,0.25
"<a href=""https://tiktok.com/@tiut0219"" target=""_blank"">@tiut0219</a>",61,3,59,1,4,36,0,561,25.857,0.429,0.286
"<a href=""https://tiktok.com/@tiwakp1"" target=""_blank"">@tiwakp1</a>",56,14,56.628,0.943,12,152,0.002,501.867,17.667,0.067,0.2
"<a href=""https://tiktok.com/@toma.rimi"" target=""_blank"">@toma.rimi</a>",33,8,60.801,0.875,2,25,0,1338.5,17.75,0.375,0.125
"<a href=""https://tiktok.com/@ubhutfrx"" target=""_blank"">@ubhutfrx</a>",1,10,63.701,0.956,5,61,0,1607.7,107.1,1.3,1.8
"<a href=""https://tiktok.com/@ubpnwixo9j2jck"" target=""_blank"">@ubpnwixo9j2jck</a>",23,8,40.532,0.927,4,47,0,1385.375,34.5,0.375,0.125
"<a href=""https://tiktok.com/@uehjkb3487"" target=""_blank"">@uehjkb3487</a>",24,10,52.445,0.95,14,201,0,1160.6,33.1,0.9,1.5
"<a href=""https://tiktok.com/@ufsc8075"" target=""_blank"">@ufsc8075</a>",57,6,57.167,1,2,36,0,1677.167,78,0.667,2
"<a href=""https://tiktok.com/@ujrrrsq"" target=""_blank"">@ujrrrsq</a>",56,9,69.302,0.786,3,45,0,291.6,7.8,0,0
"<a href=""https://tiktok.com/@user240775158"" target=""_blank"">@user240775158</a>",33,9,57.371,0.955,4,57,0,3070.556,45.444,0.222,0.556
"<a href=""https://tiktok.com/@user3436197788624"" target=""_blank"">@user3436197788624</a>",50,11,60.214,0.95,5,74,0,3296.364,106,4.455,2.909
"<a href=""https://tiktok.com/@user361947617460"" target=""_blank"">@user361947617460</a>",11,9,62.585,0.982,5,68,0,8474.333,85.111,22,1.111
"<a href=""https://tiktok.com/@user3825956150738"" target=""_blank"">@user3825956150738</a>",49,14,53.748,0.932,7,128,0,12080.214,181.857,1.357,6.214
"<a href=""https://tiktok.com/@user4148379047616"" target=""_blank"">@user4148379047616</a>",39,9,68.556,0.857,1,9,0,1486.667,37.444,0.333,1.889
"<a href=""https://tiktok.com/@user5107401810761"" target=""_blank"">@user5107401810761</a>",24,10,58.046,0.955,14,206,0,990.8,36.9,0.8,1.3
"<a href=""https://tiktok.com/@user54084767052186"" target=""_blank"">@user54084767052186</a>",8,10,69.026,0.917,2,25,0,6005.7,96.8,11.9,3.1
"<a href=""https://tiktok.com/@user54314398340401"" target=""_blank"">@user54314398340401</a>",52,8,53.707,0.97,3,37,0,941.3,27.3,0.3,0
"<a href=""https://tiktok.com/@user5626060056906"" target=""_blank"">@user5626060056906</a>",1,10,63.658,0.902,4,37,0.001,930.3,52.3,0.7,1
"<a href=""https://tiktok.com/@user5760975752263"" target=""_blank"">@user5760975752263</a>",35,6,53.354,0.944,2,27,0,318.667,11.167,0,0.5
"<a href=""https://tiktok.com/@user6024099769612"" target=""_blank"">@user6024099769612</a>",7,5,64.222,1,1,9,0,176949.9,11116.5,37.1,49.3
"<a href=""https://tiktok.com/@user6922385284275"" target=""_blank"">@user6922385284275</a>",1,9,41.6,0.929,2,20,0,1241.111,88.444,1.111,4.222
"<a href=""https://tiktok.com/@user78361043305012"" target=""_blank"">@user78361043305012</a>",18,7,30.143,0.9,1,14,0,1208.625,32.5,0.5,0.125
"<a href=""https://tiktok.com/@username.1234615"" target=""_blank"">@username.1234615</a>",53,13,89.8,0.857,1,35,0,1069.818,65.045,7.545,1.136
"<a href=""https://tiktok.com/@username.12365478"" target=""_blank"">@username.12365478</a>",53,22,86.549,0.786,3,61,0,1933.591,110.636,8.864,2.5
"<a href=""https://tiktok.com/@username.64754675"" target=""_blank"">@username.64754675</a>",54,7,97.571,0.8,1,14,0,376.789,33.158,2.211,0.211
"<a href=""https://tiktok.com/@uufplsvlxvp"" target=""_blank"">@uufplsvlxvp</a>",25,7,30.528,1,2,19,0,692,25,0.143,1
"<a href=""https://tiktok.com/@v.if77"" target=""_blank"">@v.if77</a>",30,7,68.385,0.889,1,13,0,1135.75,29.75,0.25,1.125
"<a href=""https://tiktok.com/@vghf668"" target=""_blank"">@vghf668</a>",30,10,51.405,0.887,2,26,0,1308.9,64.7,0.9,0.3
"<a href=""https://tiktok.com/@video.of38"" target=""_blank"">@video.of38</a>",30,8,46.472,0.824,4,37,0,1481.25,78.5,0.625,0.375
"<a href=""https://tiktok.com/@vltrxsbghmj6ss"" target=""_blank"">@vltrxsbghmj6ss</a>",19,9,69.889,1,1,9,0,1973.778,35,3.333,1.222
"<a href=""https://tiktok.com/@vxkaw3274"" target=""_blank"">@vxkaw3274</a>",68,9,53.821,0.889,6,84,0,1389.667,34.889,0.333,0
"<a href=""https://tiktok.com/@warmu.briey"" target=""_blank"">@warmu.briey</a>",40,8,48.818,1,1,11,0,2366.778,143.222,2.444,2
"<a href=""https://tiktok.com/@watts4718"" target=""_blank"">@watts4718</a>",37,6,60,1,1,9,0,1240.167,26.833,5.167,13.5
"<a href=""https://tiktok.com/@wbskc4277"" target=""_blank"">@wbskc4277</a>",68,3,34.333,1,2,18,0,2583.667,97,0.667,0.667
"<a href=""https://tiktok.com/@wgslhe"" target=""_blank"">@wgslhe</a>",56,12,73.435,1,8,151,0,1846.083,49.25,0.083,0.917
"<a href=""https://tiktok.com/@wilks.chasen"" target=""_blank"">@wilks.chasen</a>",5,8,50.15,0.929,2,20,0,27396.5,734.1,4.2,6.7
"<a href=""https://tiktok.com/@wojta.or"" target=""_blank"">@wojta.or</a>",30,6,50.8,0.875,1,15,0,761,8.167,0.167,0.833
"<a href=""https://tiktok.com/@wove1579"" target=""_blank"">@wove1579</a>",64,6,72.175,1,3,47,0,288.333,15.5,0.167,0.333
"<a href=""https://tiktok.com/@woyaofadacai0"" target=""_blank"">@woyaofadacai0</a>",24,10,57.309,0.959,14,193,0,1189.2,43.9,4.7,9.9
"<a href=""https://tiktok.com/@wudtm4288"" target=""_blank"">@wudtm4288</a>",68,8,53.283,0.908,4,63,0,8543.75,280.375,1.125,1.375
"<a href=""https://tiktok.com/@wys88511u0t"" target=""_blank"">@wys88511u0t</a>",17,9,32.8,0.833,1,10,0,4067.222,199.111,6.111,5.111
"<a href=""https://tiktok.com/@xbhyudvqeq2lki"" target=""_blank"">@xbhyudvqeq2lki</a>",24,9,56.58,0.935,12,137,0,938.8,28.1,2,5
"<a href=""https://tiktok.com/@xiaoheiyang11"" target=""_blank"">@xiaoheiyang11</a>",22,10,40.557,0.915,3,34,0,1390.6,42.8,0.4,0.5
"<a href=""https://tiktok.com/@xihz9643"" target=""_blank"">@xihz9643</a>",59,6,57.94,0.917,2,32,0,3987.167,64,0,2.167
"<a href=""https://tiktok.com/@xxii911"" target=""_blank"">@xxii911</a>",14,10,45.778,0.82,4,39,0,1218,104.2,2.2,0.9
"<a href=""https://tiktok.com/@yiitsukb"" target=""_blank"">@yiitsukb</a>",47,10,47.807,0.933,3,29,0,4053.2,178.2,6.5,32.7
"<a href=""https://tiktok.com/@yiyayiya666"" target=""_blank"">@yiyayiya666</a>",20,9,55.1,0.857,2,20,0,1334.333,39.111,0.556,4.667
"<a href=""https://tiktok.com/@you55668"" target=""_blank"">@you55668</a>",12,10,54.778,0.857,1,9,0,8783.9,340.3,4.6,8.1
"<a href=""https://tiktok.com/@yourstoryttt"" target=""_blank"">@yourstoryttt</a>",13,8,84.556,1,1,9,0,120275.375,4241.75,50,50.625
"<a href=""https://tiktok.com/@yowbc4277"" target=""_blank"">@yowbc4277</a>",65,6,63.778,1,1,9,0,472.333,20.833,0,0
"<a href=""https://tiktok.com/@ytrq8081"" target=""_blank"">@ytrq8081</a>",63,11,68.633,0.87,3,76,0,2385.067,113.733,1.067,0.467
"<a href=""https://tiktok.com/@yue6655"" target=""_blank"">@yue6655</a>",21,5,52.3,0.833,1,10,0,1408.8,44.2,0.8,0.4
"<a href=""https://tiktok.com/@yueya43"" target=""_blank"">@yueya43</a>",20,7,66.7,0.875,1,10,0,1342.25,33.5,0.5,1.75
"<a href=""https://tiktok.com/@yueyueyue42"" target=""_blank"">@yueyueyue42</a>",20,9,54.203,0.911,3,31,0,255.222,6.222,0.222,1.111
"<a href=""https://tiktok.com/@yuwenmovie"" target=""_blank"">@yuwenmovie</a>",7,10,51.228,1,4,43,0,28117.9,1025.9,17.6,4.2
"<a href=""https://tiktok.com/@zsdx184"" target=""_blank"">@zsdx184</a>",49,9,58.506,0.927,4,58,0,4354.667,69.667,0.556,2.111
"<a href=""https://tiktok.com/@zxvb736"" target=""_blank"">@zxvb736</a>",49,14,57.78,0.876,7,126,0,2522.143,62.143,0.571,1.143
