"Network","Number of Accounts","Network Density","Network Diameter","Clustering Coefficient","Avg Views","Avg Likes","Avg Comments","Avg Shares","Member Accounts"
1,20,0.205,52,0.346,2215.198,102.333,0.969,3.823,"be.jkigv, hdifhg5, hcodifb, krug011, jtcytxyzey, quincyshop08, fdijc3, bmc12655, fughf21, jdpxorjf, irdc042, jsosjxj8, ubhutfrx, chantalkusch, jfufrehcdh, jfkovj5, jdpdosj, user5626060056906, luisina.riihimaki, user6922385284275"
2,2,1,11,0,3137.889,66.889,2.056,4.333,"hdr86575, anaxagoras.harlen"
3,3,0.667,21,0,8279.963,301.963,0.889,2.296,"bfihc, gckcj4, nendn4309"
4,2,1,9,0,1489.8,52.3,0.9,0.35,"fuddg743, chcjg0"
5,3,1,10,1,11074.571,296.321,2.607,2.679,"hhhhh777777852, fredagraham2022, wilks.chasen"
6,5,0.4,37,0,7320.6,212.022,3.711,2.533,"fhfry4764, asdfsasd.fgdfdgas, bdonvg, elvistrevelyan0204, finishthemovie3"
7,6,0.6,22,0.652,38880.263,2173.351,10.491,10.737,"aed2977, dianaantoinette2000, juliedouglass2013, user6024099769612, fannybach2010, yuwenmovie"
8,4,0.667,24,0.6,13813.769,223.308,5.897,2.41,"aeda1689, lwandiswamsithini, user54084767052186, aed7p4"
9,2,1,12,0,11554.588,133.176,3.294,1.059,"akkaanav.risksjsg, debran.oxonrp03"
10,2,1,9,0,2787.5,70.45,0.95,0.45,"aynor.ogawa, debran.oxonrp00"
11,6,1,16,1,5610.981,128.346,5.385,16.981,"joab.truitt, ethel.gregory2, danghu337, laetitia.circle, josieferguson6, user361947617460"
12,4,0.5,19,0,9203.162,287.649,5.108,4.459,"ktsfyh, stoyouh, you55668, text778"
13,4,0.667,19,0.6,32113.206,1184.088,14.206,18.353,"landscape5670, textstory781, sdsdyou, yourstoryttt"
14,5,0.4,20,0,3036.744,145.698,4.14,1.767,"hdryxd, huiodjio, xxii911, crtyougo, rohingyao"
15,2,1,10,0,11192.812,410.875,7.688,16,"textstyo, svjscsh"
16,2,1,9,0,7061.824,246.235,3.529,4.353,"fjjgdvx, shvchjds"
17,2,1,10,0,3570,158.222,3.5,3.167,"hec88551nva, wys88511u0t"
18,2,1,14,0,15736.625,516.062,8.562,5.562,"ella627700, user78361043305012"
19,5,0.4,28,0,1860.128,58.426,3.745,10.872,"facaila22, the.sshamarfan, the.money6496, lzes4290, vltrxsbghmj6ss"
20,4,0.667,21,0.6,1076.206,28.265,0.441,3.176,"alexandrina.thorn, yiyayiya666, yueyueyue42, yueya43"
21,3,0.667,19,0,1504.5,35.909,0.773,4.364,"huahua88883, 333yue, yue6655"
22,4,0.833,24,0.75,1405.378,46.973,0.649,1.054,"huoqilaiya, labubu5252, xiaoheiyang11, baobaiwan888"
23,6,0.533,36,0.75,1497.935,39.761,0.522,0.261,"baobaobao7183, qlkvahinq1huog, ubpnwixo9j2jck, ccgmail16, cufiykgvrho9kk, the.yellow09"
24,16,0.733,30,0.854,976.306,35.038,1.478,3.981,"ghjbff355, cbnhf5680, rhzpbjoqixj, jackie.bradley45, jfodxgajsjijpd, the.esther00, ihgg5672, user5107401810761, woyaofadacai0, svpmrjwfqvu2oj, gvcchh3457, bxecxotdjfrvi, uehjkb3487, hhgghj8866, fgjbgf4688, xbhyudvqeq2lki"
25,4,0.5,28,0,1184.71,34.065,0.806,1.452,"qwdfionqfamkqo, pyjadfkbircst, feelforc0o0676, uufplsvlxvp"
26,5,0.7,22,0.8,1095.25,37.6,2.175,8.45,"ninixuaiwo, carlton.satterfie, birdie.huff, shaunpearson226, laozizuisuai"
27,2,1,10,0,959.688,29.938,0.875,0.938,"hynyqoqhjmakqf, jrcbuibeamiuor"
28,3,0.667,26,0,931.241,29.724,1,0.655,"jann.jacobs, lawrenceharvey54, onikacaylie"
29,5,0.6,23,0.6,895.94,24.52,0.62,0.62,"nfyk.emma, mong.khuu, marjoriecarrie0525, marisol.rath, camilo.austin5"
30,9,0.333,47,0.414,1523.295,55.487,0.5,0.91,"jdbjd335, c.ts24, berez.paulo, v.if77, titme, vghf668, kuhar.clair6, video.of38, wojta.or"
31,5,0.4,30,0,1692.477,39.841,0.477,0.886,"biebuh4, burba.robyn, g.gy726, ggih3179, j.uv586"
32,2,1,9,0,2838.875,48.875,0.125,2.125,"j.ee238, fhvf210"
33,8,0.393,40,0.462,1945.371,35.403,0.226,0.355,"fhuc22, toma.rimi, monalisa7988, gfg6705, pxibi018, hsbuz8, omi.poni0, user240775158"
34,2,1,9,0,163.286,8.429,0.143,0,"noohreddit, it29375"
35,4,0.833,23,0.75,362,8.833,0.083,0.167,"reddittabud, reddishnan, brs1reddit, user5760975752263"
36,2,1,9,0,1887.818,54.455,3.727,20,"babypink6896, apsaaadel1383"
37,3,0.667,19,0,1198.778,34.278,1.889,4.5,"bcc662, books3478, watts4718"
38,2,1,9,0,2237.421,82.053,0.684,3.053,"gjbgikh, dhcdyj5"
39,2,1,9,0,1199.056,50.722,0.778,1.111,"djbdjfjff, user4148379047616"
40,4,0.5,21,0,1697.973,80.514,1.081,1.568,"fatal2380, santiago.fernande323, mancilla.sanyang, warmu.briey"
41,3,0.667,20,0,3798.545,137.909,1.636,1.227,"kokokopi72, guerin.ontiverok, kris.noproblem"
42,3,1,11,1,3097.846,174.538,1.269,1.462,"thai.hoai.nhan.du, kenitra.angliaf, thanh.dngp"
43,2,1,9,0,1613.941,62.471,0.647,1.588,"skunk.robinsong, fody.noachp"
44,2,1,10,0,1420.111,54.111,1.333,0.278,"carlos.alberto.al886, emory.drawehj"
45,2,1,9,0,1459.412,92.588,0.824,2.294,"ididu034, gfjch34"
46,2,1,10,0,2048.833,70.778,0.833,2.222,"chdg050, gubwos"
47,5,0.5,29,0.429,2880.864,120.545,3.114,8.091,"gutieyy7, heyrrgcjyi, prtnr8, rosacasey65, yiitsukb"
48,2,1,9,0,12168.667,361,8.167,97.833,"eudazpstrvf, hygge8662"
49,9,0.639,31,0.716,7463.921,116.618,1.315,2.494,"cfdc18, dthh824, user3825956150738, zsdx184, aedh263, crhn65, iiuu553, aed0267, zxvb736"
50,6,0.867,25,0.867,4040.955,91.418,1.388,1.955,"jvhb240, sijh37, jajsjsn56, user3436197788624, jvtvc3, aed2750"
51,2,1,10,0,4553.612,433.939,29.918,9.939,"cute_queen7102, sweet_driver120"
52,4,1,18,1,4289.85,73.05,0.9,0.75,"kili1173, power7143, hh155702, user54314398340401"
53,4,0.5,48,0,3858.321,257.222,12.111,4.198,"username.1234615, beaty_queen_22, amzing_star0, username.12365478"
54,3,0.667,23,0,791.556,80.083,5.222,0.861,"kamlisarkar_0, username.64754675, kmlisarkar_1"
55,4,0.667,21,0,6560.526,144.342,3.474,3.632,"ilges.estelwei, lanora.haskely, aseng.haymong, tenbr.boozapp"
56,22,0.242,67,0.578,843.451,24.963,0.138,0.381,"arffug, qigqtm, fsaftn, doiplo1, iupkvg, tiwakp1, eqmhqf, idpeoc, dtbtcc8, hdmjwo1, bpgarp, bipiqo, hltuoq, hidouo, lhqitc, cdnkdg, puhrra, pbpktw, hirakw1, ujrrrsq, wgslhe, sqifhw"
57,3,1,18,1,1100.944,65.556,0.389,1.056,"hehs5037, dhhi6645, ufsc8075"
58,4,0.833,18,0.75,2298.478,74.478,0.696,0.739,"cjur6297, ific3756, fkur7594, siev9347"
59,4,0.667,27,0.6,1849.417,74.333,0.167,1.042,"fnnf8890, gjguq6894, clirr5282, xihz9643"
60,2,1,15,0,3428.636,84.182,0.182,0.545,"courr1227, gour2295"
61,6,0.8,18,0.789,1270.098,56.118,0.471,1.078,"cjirr8920, gjus6238, gjie0094, ehgw1916, jcsie5410, tiut0219"
62,2,1,9,0,1094.5,48.667,0.333,0,"coirf88774, fkir2290"
63,6,0.867,51,0.867,1553.238,59.131,0.548,0.607,"ghhj8554, bvoo3130, dijx3903, fhda78402, okay11732, ytrq8081"
64,8,0.75,35,0.781,732.657,42.455,0.374,0.455,"djwf2904, dygd8923, jiqw8344, itsh7661, drgd8391, eiej4325, jkuy0534, wove1579"
65,2,1,9,0,529.667,18.333,0.167,0.25,"baxor3828, yowbc4277"
66,2,1,10,0,20291.846,741.231,8.231,3.462,"1qwdjjd, 1djjvsjb"
67,2,1,12,0,1692.5,94.333,1.917,1.333,"jxfciicg, duuff30"
68,11,0.473,31,0.69,2567.368,74.941,0.397,0.353,"bnsle4278, 2jxggxh, 1yrogls, cnatk3189, abxdl1382, vxkaw3274, wudtm4288, nxpsa4288, wbskc4277, soodb4177, ncsfo3287"
69,2,1,10,0,4288.333,58.333,2,0.833,"snoshsj, bxjxhxt"
70,4,0.833,19,0.75,1712.565,60.261,0.826,0.13,"cjdjfcn, hxjdsj34, ncjfhyrsdj, hzhdhs"
