"Account","Network","Unique Shares","Avg Time Between Shares (sec)","Edge Symmetry Score","Degree","Strength","Betweenness","Avg Views","Avg Likes","Avg Comments","Avg Shares"
"<a href=""https://tiktok.com/@2904_bill_b"" target=""_blank"">@2904_bill_b</a>",31,3,30.8,1,1,5,0,929.333,95,0,9
"<a href=""https://tiktok.com/@ac_dwayne_1010"" target=""_blank"">@ac_dwayne_1010</a>",6,2,13.333,0.667,1,6,0,1043,24,0,3.5
"<a href=""https://tiktok.com/@aed3345"" target=""_blank"">@aed3345</a>",30,10,29.167,1,1,6,0,550.2,27.4,0.1,0
"<a href=""https://tiktok.com/@aedp27"" target=""_blank"">@aedp27</a>",8,5,34,1,1,5,0,1110.667,54.5,0.5,0.5
"<a href=""https://tiktok.com/@awotgg7"" target=""_blank"">@awotgg7</a>",28,3,37.6,1,1,5,0,2434.667,86,0,0
"<a href=""https://tiktok.com/@basilberthaeq0301"" target=""_blank"">@basilberthaeq0301</a>",4,4,43.333,1,1,6,0,522.5,39.333,0.167,0.167
"<a href=""https://tiktok.com/@bbt3747"" target=""_blank"">@bbt3747</a>",11,4,56,0.6,1,5,0,737.75,51.25,0.25,7.25
"<a href=""https://tiktok.com/@c_kenneth_wa3_1609"" target=""_blank"">@c_kenneth_wa3_1609</a>",31,3,30.8,1,1,5,0,13380.5,211.25,6.75,84.25
"<a href=""https://tiktok.com/@ci2lbiohe1"" target=""_blank"">@ci2lbiohe1</a>",3,5,43.5,0.833,1,6,0,404.6,25.2,0,0
"<a href=""https://tiktok.com/@clarkkenneth1471"" target=""_blank"">@clarkkenneth1471</a>",30,7,29.167,1,1,6,0,4478.625,32.875,0.375,0.625
"<a href=""https://tiktok.com/@colliercarol3790"" target=""_blank"">@colliercarol3790</a>",29,8,48.714,0.857,1,7,0,331.875,16.375,0.25,0.375
"<a href=""https://tiktok.com/@cv06365ls2"" target=""_blank"">@cv06365ls2</a>",23,3,19.556,0.8,1,9,0,2703.333,241,0.667,0
"<a href=""https://tiktok.com/@cvcvcv4269"" target=""_blank"">@cvcvcv4269</a>",21,3,52.625,1,1,8,0,377.667,25.667,0,0
"<a href=""https://tiktok.com/@cyrilcamp0303"" target=""_blank"">@cyrilcamp0303</a>",37,2,56.667,0.75,1,6,0,756.5,25.5,0,0
"<a href=""https://tiktok.com/@dhjptv"" target=""_blank"">@dhjptv</a>",9,4,43.167,0.75,1,6,0,9555.875,167.125,0.375,3.625
"<a href=""https://tiktok.com/@dhxy9322"" target=""_blank"">@dhxy9322</a>",24,5,62.6,0.8,1,5,0,934.2,35.8,0,0
"<a href=""https://tiktok.com/@dmaz8857"" target=""_blank"">@dmaz8857</a>",26,4,63.6,1,1,5,0,1181.25,57.25,0,0
"<a href=""https://tiktok.com/@dqqrksmup0"" target=""_blank"">@dqqrksmup0</a>",29,4,48.714,0.857,1,7,0,696.2,39,0,0.4
"<a href=""https://tiktok.com/@drhnrhh"" target=""_blank"">@drhnrhh</a>",1,5,45.083,1,2,14,0,608.571,5.571,0,0
"<a href=""https://tiktok.com/@earnklhsp6"" target=""_blank"">@earnklhsp6</a>",37,3,56.667,0.75,1,6,0,528,50,0.333,2.667
"<a href=""https://tiktok.com/@eliana.9588"" target=""_blank"">@eliana.9588</a>",8,6,34,1,1,5,0,2838.429,40.857,1.143,0.143
"<a href=""https://tiktok.com/@ericphilip1980"" target=""_blank"">@ericphilip1980</a>",4,3,43.333,1,1,6,0,1182.5,57,0.167,2.833
"<a href=""https://tiktok.com/@euqj5o6617"" target=""_blank"">@euqj5o6617</a>",3,4,56.45,0.917,2,11,0,273,9.5,0,0
"<a href=""https://tiktok.com/@feiwen0507"" target=""_blank"">@feiwen0507</a>",7,3,68.417,0.833,2,12,0,1.667,0,0,0
"<a href=""https://tiktok.com/@fghfgg35"" target=""_blank"">@fghfgg35</a>",9,3,43.167,0.75,1,6,0,4394.25,38,0,0.75
"<a href=""https://tiktok.com/@fllrcs"" target=""_blank"">@fllrcs</a>",20,3,77,1,1,9,0,368,30,0.333,0
"<a href=""https://tiktok.com/@fqincp"" target=""_blank"">@fqincp</a>",21,3,52.625,1,1,8,0,270,11,0,0
"<a href=""https://tiktok.com/@g_jamie_hxx_2002"" target=""_blank"">@g_jamie_hxx_2002</a>",32,4,14,1,1,6,0,155.75,4.25,0,0
"<a href=""https://tiktok.com/@gafpt2013"" target=""_blank"">@gafpt2013</a>",18,3,89,0.667,1,5,0,214.5,12.25,0,0
"<a href=""https://tiktok.com/@gbj6019"" target=""_blank"">@gbj6019</a>",10,5,72.5,1,2,11,0,462,17.4,0,3.4
"<a href=""https://tiktok.com/@gh40336"" target=""_blank"">@gh40336</a>",11,4,57.25,1,2,11,0,1427.75,46.5,0,0.5
"<a href=""https://tiktok.com/@gnm552"" target=""_blank"">@gnm552</a>",10,4,62,0.8,1,5,0,436.857,54.143,0,0.286
"<a href=""https://tiktok.com/@gv5148"" target=""_blank"">@gv5148</a>",11,3,37.167,1,1,6,0,586.333,32.333,0,2.333
"<a href=""https://tiktok.com/@hdfj27504as"" target=""_blank"">@hdfj27504as</a>",23,3,19.556,0.8,1,9,0,206122.667,12002.333,7.667,24
"<a href=""https://tiktok.com/@hha.jesus.2510"" target=""_blank"">@hha.jesus.2510</a>",6,2,68.833,0.667,1,6,0,215.5,10,0,2
"<a href=""https://tiktok.com/@hhbdl123hhh"" target=""_blank"">@hhbdl123hhh</a>",39,3,53.4,0.75,1,5,0,741,31,0.333,0.333
"<a href=""https://tiktok.com/@hlcra6173"" target=""_blank"">@hlcra6173</a>",26,3,63.6,1,1,5,0,1563.333,117,0,0.333
"<a href=""https://tiktok.com/@hmd7737"" target=""_blank"">@hmd7737</a>",10,7,65.479,0.854,6,40,0.001,449.571,31,0,0.857
"<a href=""https://tiktok.com/@iahgg5"" target=""_blank"">@iahgg5</a>",1,5,50.889,0.917,2,15,0,3834.125,179.625,0.75,0.5
"<a href=""https://tiktok.com/@ihghfg"" target=""_blank"">@ihghfg</a>",15,3,17.5,1,1,6,0,8.333,0.333,0,0
"<a href=""https://tiktok.com/@ijsa48"" target=""_blank"">@ijsa48</a>",12,2,14.5,1,1,6,0,702,31,0,1
"<a href=""https://tiktok.com/@indvh6143"" target=""_blank"">@indvh6143</a>",27,3,57.8,1,1,5,0,968.6,21.2,0.2,0
"<a href=""https://tiktok.com/@io351133"" target=""_blank"">@io351133</a>",11,4,54.833,0.838,4,23,0.002,1770.5,21.25,1,4.5
"<a href=""https://tiktok.com/@iris50586"" target=""_blank"">@iris50586</a>",40,2,59.4,0.75,1,5,0,570.5,9.5,0,0
"<a href=""https://tiktok.com/@jj553218"" target=""_blank"">@jj553218</a>",11,3,30.1,1,2,10,0,528.5,46.25,0,0.25
"<a href=""https://tiktok.com/@jl50106"" target=""_blank"">@jl50106</a>",11,5,47.067,1,3,17,0.001,509.8,39.2,0,1
"<a href=""https://tiktok.com/@jocelyn05556"" target=""_blank"">@jocelyn05556</a>",7,3,78.917,0.667,2,12,0,334.667,19.667,0,0.333
"<a href=""https://tiktok.com/@joqa.sabegomo"" target=""_blank"">@joqa.sabegomo</a>",35,3,71.143,0.8,1,7,0,486.667,19.167,0.167,0.333
"<a href=""https://tiktok.com/@jvqadc"" target=""_blank"">@jvqadc</a>",22,2,43.333,0.75,2,12,0,352.5,25,0,0
"<a href=""https://tiktok.com/@jyugc0"" target=""_blank"">@jyugc0</a>",1,8,55.306,0.917,2,17,0,1076.222,50.667,0.556,0.222
"<a href=""https://tiktok.com/@ldja9683"" target=""_blank"">@ldja9683</a>",25,5,65.325,0.933,3,18,0,2802.2,101.8,0,0
"<a href=""https://tiktok.com/@lilu69907"" target=""_blank"">@lilu69907</a>",35,3,71.143,0.8,1,7,0,221,5,0,0.333
"<a href=""https://tiktok.com/@ljoerp4"" target=""_blank"">@ljoerp4</a>",22,2,42.167,0.875,2,12,0,548.5,38,0,0
"<a href=""https://tiktok.com/@lleush13"" target=""_blank"">@lleush13</a>",20,3,77,1,1,9,0,674.667,51.667,0.333,0
"<a href=""https://tiktok.com/@ltip0302"" target=""_blank"">@ltip0302</a>",25,6,59.842,0.952,3,21,0,943.333,50.5,0,0.5
"<a href=""https://tiktok.com/@m_marshall_ba_3111"" target=""_blank"">@m_marshall_ba_3111</a>",32,3,14,1,1,6,0,223.333,12,0,0
"<a href=""https://tiktok.com/@mg8100891"" target=""_blank"">@mg8100891</a>",36,3,59.6,0.6,1,5,0,376.667,29,0,0
"<a href=""https://tiktok.com/@nnnhhxs"" target=""_blank"">@nnnhhxs</a>",40,3,79.367,0.667,2,11,0,350.333,8.333,0,0
"<a href=""https://tiktok.com/@o2oo22560id"" target=""_blank"">@o2oo22560id</a>",16,7,65.981,1,3,17,0,8.429,0,0,0
"<a href=""https://tiktok.com/@o2oo2oo14"" target=""_blank"">@o2oo2oo14</a>",16,6,48.667,1,2,11,0,431.5,3,0,0
"<a href=""https://tiktok.com/@o2oo2oo20"" target=""_blank"">@o2oo2oo20</a>",16,5,48.067,1,2,11,0,14.8,0,0,0
"<a href=""https://tiktok.com/@o2oo2oo23"" target=""_blank"">@o2oo2oo23</a>",16,5,73.143,1,1,7,0,299,12.2,0,0
"<a href=""https://tiktok.com/@oglomsa3446"" target=""_blank"">@oglomsa3446</a>",6,2,30.167,0.667,1,6,0,403,23.333,0,2.667
"<a href=""https://tiktok.com/@ouytf8145"" target=""_blank"">@ouytf8145</a>",27,3,73.817,1,2,11,0,4421,46.667,0.333,0
"<a href=""https://tiktok.com/@pdidqamlegw"" target=""_blank"">@pdidqamlegw</a>",22,3,45.37,0.85,3,21,0,303.667,40,0.333,0
"<a href=""https://tiktok.com/@pehlg0s101"" target=""_blank"">@pehlg0s101</a>",3,2,69.4,1,1,5,0,231,6.667,0,0
"<a href=""https://tiktok.com/@qaf4jbflw4"" target=""_blank"">@qaf4jbflw4</a>",5,4,62.333,0.8,1,6,0,788.5,80.5,0.5,0.25
"<a href=""https://tiktok.com/@qdf237"" target=""_blank"">@qdf237</a>",2,3,33.5,1,1,6,0,1005.333,84,0,4.333
"<a href=""https://tiktok.com/@qdjdo1695"" target=""_blank"">@qdjdo1695</a>",24,4,62.6,0.8,1,5,0,959,54.25,0,0
"<a href=""https://tiktok.com/@ramon_dave_44z_10072"" target=""_blank"">@ramon_dave_44z_10072</a>",33,4,45.275,1,2,13,0,288.5,17.5,0,0
"<a href=""https://tiktok.com/@sqbdnb"" target=""_blank"">@sqbdnb</a>",28,3,50.322,0.833,3,16,0,1703.333,38,0,0
"<a href=""https://tiktok.com/@sqhurw"" target=""_blank"">@sqhurw</a>",27,3,89.833,1,1,6,0,1051.667,60,0,0
"<a href=""https://tiktok.com/@tiuc31"" target=""_blank"">@tiuc31</a>",12,3,14.5,1,1,6,0,1229.667,52.667,0,1
"<a href=""https://tiktok.com/@uku66693"" target=""_blank"">@uku66693</a>",10,7,55.469,0.839,4,30,0,367.857,30.429,0,3.429
"<a href=""https://tiktok.com/@uqqrtk"" target=""_blank"">@uqqrtk</a>",22,3,46.815,0.767,3,21,0,318.667,32.333,0,0
"<a href=""https://tiktok.com/@user1538684704943"" target=""_blank"">@user1538684704943</a>",13,3,54.167,0.667,1,6,0,194076.667,10209,18,18.667
"<a href=""https://tiktok.com/@user1852957300165"" target=""_blank"">@user1852957300165</a>",36,3,59.6,0.6,1,5,0,441.667,32,0,0
"<a href=""https://tiktok.com/@user2547741880178"" target=""_blank"">@user2547741880178</a>",19,4,50.667,0.8,1,6,0,67,1,0,0
"<a href=""https://tiktok.com/@user2559867173269"" target=""_blank"">@user2559867173269</a>",10,6,60.402,0.881,4,27,0,479.667,15.667,0.167,0.5
"<a href=""https://tiktok.com/@user3086023820232"" target=""_blank"">@user3086023820232</a>",10,6,59,1,2,10,0,421.625,37.5,0,1.125
"<a href=""https://tiktok.com/@user3727243105059"" target=""_blank"">@user3727243105059</a>",34,3,41.5,1,1,6,0,123,3,0,0
"<a href=""https://tiktok.com/@user38800787971322"" target=""_blank"">@user38800787971322</a>",11,4,65.667,0.75,1,6,0,414.5,22.5,0,0.5
"<a href=""https://tiktok.com/@user4008340477714"" target=""_blank"">@user4008340477714</a>",18,4,89,0.667,1,5,0,281.25,14.75,0,0
"<a href=""https://tiktok.com/@user4722822302107"" target=""_blank"">@user4722822302107</a>",14,2,100.667,0.667,1,6,0,1786.5,133,0.5,0.5
"<a href=""https://tiktok.com/@user5081750736669"" target=""_blank"">@user5081750736669</a>",40,2,52.983,0.75,2,11,0,3552.5,29,0,0
"<a href=""https://tiktok.com/@user5297733958713"" target=""_blank"">@user5297733958713</a>",38,3,59.667,0.75,1,6,0,1430.667,40.667,0.333,0.333
"<a href=""https://tiktok.com/@user5298819309685"" target=""_blank"">@user5298819309685</a>",13,2,54.167,0.667,1,6,0,6675,216.5,1,2.5
"<a href=""https://tiktok.com/@user5314034748415"" target=""_blank"">@user5314034748415</a>",10,6,49.387,0.83,3,25,0,368.333,13.833,0,0.667
"<a href=""https://tiktok.com/@user5674232663581"" target=""_blank"">@user5674232663581</a>",14,3,100.667,0.667,1,6,0,3517.333,233.667,0,0.667
"<a href=""https://tiktok.com/@user600002522282"" target=""_blank"">@user600002522282</a>",17,4,56.333,0.75,1,6,0,79.5,1.75,0,0
"<a href=""https://tiktok.com/@user6170306984737"" target=""_blank"">@user6170306984737</a>",41,3,54.833,1,1,6,0,129.333,3.667,0,0
"<a href=""https://tiktok.com/@user6324132910516"" target=""_blank"">@user6324132910516</a>",40,2,57.711,0.694,3,16,0,1040.5,31,0,0.5
"<a href=""https://tiktok.com/@user6504520312446"" target=""_blank"">@user6504520312446</a>",34,2,41.5,1,1,6,0,876,44.5,0.5,0
"<a href=""https://tiktok.com/@user651586625914"" target=""_blank"">@user651586625914</a>",33,4,48.875,0.9,2,14,0,119.75,5.5,0,0
"<a href=""https://tiktok.com/@user6721663378294"" target=""_blank"">@user6721663378294</a>",19,4,50.667,0.8,1,6,0,79.5,1.5,0,0
"<a href=""https://tiktok.com/@user7369327547410"" target=""_blank"">@user7369327547410</a>",38,2,59.667,0.75,1,6,0,324,5.5,0.5,0
"<a href=""https://tiktok.com/@user8812852758765"" target=""_blank"">@user8812852758765</a>",17,5,59.367,0.75,2,11,0,928.5,64,0,0.333
"<a href=""https://tiktok.com/@user90822470865518"" target=""_blank"">@user90822470865518</a>",33,4,49.4,0.9,2,11,0,26.5,0,0,0
"<a href=""https://tiktok.com/@user91993146003152"" target=""_blank"">@user91993146003152</a>",17,2,62.4,0.75,1,5,0,929.5,44.25,0,0.25
"<a href=""https://tiktok.com/@user9402929878384"" target=""_blank"">@user9402929878384</a>",41,2,54.833,1,1,6,0,2588.5,40.5,0.5,0
"<a href=""https://tiktok.com/@uusnis22"" target=""_blank"">@uusnis22</a>",28,3,59.167,0.75,1,6,0,5536.667,107.667,0.667,1
"<a href=""https://tiktok.com/@v0tgsso365"" target=""_blank"">@v0tgsso365</a>",5,4,62.333,0.8,1,6,0,640.286,37.143,0.286,1.143
"<a href=""https://tiktok.com/@vagppabf638"" target=""_blank"">@vagppabf638</a>",6,3,37.444,0.667,3,18,0,390,6.667,0,0
"<a href=""https://tiktok.com/@wdoih"" target=""_blank"">@wdoih</a>",2,2,33.5,1,1,6,0,271,1.5,0,0
"<a href=""https://tiktok.com/@wivltt"" target=""_blank"">@wivltt</a>",28,3,54.2,0.75,1,5,0,2398.667,61,0.667,0
"<a href=""https://tiktok.com/@xy74212"" target=""_blank"">@xy74212</a>",40,3,53.465,0.783,5,30,0.001,351.333,8.333,0,0
"<a href=""https://tiktok.com/@ydudi4619"" target=""_blank"">@ydudi4619</a>",25,4,54.375,0.829,2,13,0,409.75,14.25,0,0.25
"<a href=""https://tiktok.com/@yohggwtwuqbx39"" target=""_blank"">@yohggwtwuqbx39</a>",15,2,17.5,1,1,6,0,64,0,0.5,0
"<a href=""https://tiktok.com/@yothomas6618"" target=""_blank"">@yothomas6618</a>",7,2,57.167,0.833,2,12,0,378,31,0,0
"<a href=""https://tiktok.com/@yulanda.lickley"" target=""_blank"">@yulanda.lickley</a>",40,3,56.925,0.783,5,28,0.001,314.667,7,0,0
"<a href=""https://tiktok.com/@zdc9494"" target=""_blank"">@zdc9494</a>",39,2,53.4,0.75,1,5,0,559,12,0,0
"<a href=""https://tiktok.com/@zlk743"" target=""_blank"">@zlk743</a>",40,2,52.067,0.75,2,11,0,11654,115,0,0
"<a href=""https://tiktok.com/@ztal3423"" target=""_blank"">@ztal3423</a>",25,4,59,1,2,10,0,858.75,28,0.5,0
