"Account","Network","Unique Shares","Avg Time Between Shares (sec)","Edge Symmetry Score","Degree","Strength","Betweenness","Avg Views","Avg Likes","Avg Comments","Avg Shares"
"<a href=""https://tiktok.com/@aa593041"" target=""_blank"">@aa593041</a>",2,7,0,0.929,8,83,0,593.143,40.286,0.429,0.143
"<a href=""https://tiktok.com/@aed6071"" target=""_blank"">@aed6071</a>",25,10,0,0.9,8,142,0,3107.9,67.9,0.5,1.3
"<a href=""https://tiktok.com/@aediubt"" target=""_blank"">@aediubt</a>",24,8,0,1,3,30,0,8588.625,148,2,2.875
"<a href=""https://tiktok.com/@aedmd5"" target=""_blank"">@aedmd5</a>",18,8,0,0.903,10,136,0,4032.875,61.25,0.375,2
"<a href=""https://tiktok.com/@amazinggirl_120"" target=""_blank"">@amazinggirl_120</a>",30,17,0,0.607,5,336,0.001,503.294,64.588,3.353,0.882
"<a href=""https://tiktok.com/@amzing_star0"" target=""_blank"">@amzing_star0</a>",7,5,0,0.822,3,31,0,3793.4,219.8,8.2,1.8
"<a href=""https://tiktok.com/@anderson.broudy"" target=""_blank"">@anderson.broudy</a>",11,6,0,0.917,9,96,0,867.833,50.333,0.333,0
"<a href=""https://tiktok.com/@andretracy0724"" target=""_blank"">@andretracy0724</a>",18,8,0,0.903,10,136,0,1455.375,47.875,0.5,0.5
"<a href=""https://tiktok.com/@b_baoma154"" target=""_blank"">@b_baoma154</a>",19,7,0,0.911,25,305,0,1556.857,34.286,0.143,0.857
"<a href=""https://tiktok.com/@b_jiaofu134"" target=""_blank"">@b_jiaofu134</a>",19,7,0,0.911,25,305,0,1861.857,50.857,0.714,0.714
"<a href=""https://tiktok.com/@b_vtost109"" target=""_blank"">@b_vtost109</a>",19,7,0,0.911,25,305,0,1995.857,59.143,0.286,0.429
"<a href=""https://tiktok.com/@baifamm13"" target=""_blank"">@baifamm13</a>",10,6,0,0.917,21,238,0,555.333,27.5,0.5,0.833
"<a href=""https://tiktok.com/@baomama125"" target=""_blank"">@baomama125</a>",19,7,0,0.911,25,305,0,1454.429,21.857,0,1.143
"<a href=""https://tiktok.com/@bartholomewnancybz1025"" target=""_blank"">@bartholomewnancybz1025</a>",21,5,0,0.833,4,40,0,2372.6,78.8,0.4,1.6
"<a href=""https://tiktok.com/@bdbdchhd"" target=""_blank"">@bdbdchhd</a>",4,6,0,1,7,81,0,24171.333,892.667,14.5,20.167
"<a href=""https://tiktok.com/@bdpd57"" target=""_blank"">@bdpd57</a>",9,5,0,1,1,9,0,1865.6,73.2,1.8,1.8
"<a href=""https://tiktok.com/@beacherarmstrong2005"" target=""_blank"">@beacherarmstrong2005</a>",18,7,0,0.903,9,110,0,2458.571,49.571,0.714,0.857
"<a href=""https://tiktok.com/@beatricedennispo2018"" target=""_blank"">@beatricedennispo2018</a>",27,8,0,1,3,36,0,2131,182.25,0.5,0.75
"<a href=""https://tiktok.com/@beaty_queen_22"" target=""_blank"">@beaty_queen_22</a>",7,9,0,0.929,2,25,0,47.667,13.556,4.111,1.556
"<a href=""https://tiktok.com/@bentiantian220"" target=""_blank"">@bentiantian220</a>",19,7,0,0.911,25,305,0,2693,65.143,0,0.714
"<a href=""https://tiktok.com/@bfffercajm"" target=""_blank"">@bfffercajm</a>",8,6,0,0.75,17,273,0,1730,68.167,0.667,0.833
"<a href=""https://tiktok.com/@bfihc"" target=""_blank"">@bfihc</a>",17,6,0,0.917,5,58,0,2071.833,69.833,0.333,0.333
"<a href=""https://tiktok.com/@bgqr.zopm"" target=""_blank"">@bgqr.zopm</a>",29,3,0,1,1,9,0,17172.667,250.333,2,147.333
"<a href=""https://tiktok.com/@bivydu"" target=""_blank"">@bivydu</a>",11,6,0,0.917,9,96,0,971.167,33.167,0.5,0.5
"<a href=""https://tiktok.com/@biytff8bh8"" target=""_blank"">@biytff8bh8</a>",8,6,0,0.75,17,273,0,1743.5,121.5,0.833,0.167
"<a href=""https://tiktok.com/@bkkggff66"" target=""_blank"">@bkkggff66</a>",8,5,0,0.878,16,224,0,359.8,9.2,0,0.6
"<a href=""https://tiktok.com/@bmc12655"" target=""_blank"">@bmc12655</a>",5,9,0,0.95,9,157,0,2991.111,70.556,1.111,0.889
"<a href=""https://tiktok.com/@boyfchijvy65"" target=""_blank"">@boyfchijvy65</a>",8,5,0,0.878,16,224,0,1548.4,117,0.4,1
"<a href=""https://tiktok.com/@bruchy.pembertonk"" target=""_blank"">@bruchy.pembertonk</a>",16,5,0,0.833,1,10,0,1033.2,52.6,1.2,1.8
"<a href=""https://tiktok.com/@bsbseuo"" target=""_blank"">@bsbseuo</a>",28,6,0,0.917,19,216,0,171764.333,6634.667,40.667,75.333
"<a href=""https://tiktok.com/@bzsittfcfy68"" target=""_blank"">@bzsittfcfy68</a>",8,6,0,0.75,17,273,0,1149.833,128.167,1,1.5
"<a href=""https://tiktok.com/@c_pegif193"" target=""_blank"">@c_pegif193</a>",19,7,0,0.911,25,305,0,12387.857,157.714,2.571,6.714
"<a href=""https://tiktok.com/@cagnhd"" target=""_blank"">@cagnhd</a>",28,5,0,0.917,18,176,0,2891.8,106.8,5.2,4
"<a href=""https://tiktok.com/@celedonio.mange"" target=""_blank"">@celedonio.mange</a>",23,6,0,1,1,12,0,1124.667,53,0,0.333
"<a href=""https://tiktok.com/@chcryd"" target=""_blank"">@chcryd</a>",25,8,0,0.86,8,114,0,3635.25,117.75,1.125,2.25
"<a href=""https://tiktok.com/@china_girl_526"" target=""_blank"">@china_girl_526</a>",7,21,0,0.892,7,136,0,410.32,56.92,3.68,2.52
"<a href=""https://tiktok.com/@chinuo.zhong"" target=""_blank"">@chinuo.zhong</a>",26,10,0,0.95,2,38,0,1406.4,67.4,1.4,0.4
"<a href=""https://tiktok.com/@chumijan120_"" target=""_blank"">@chumijan120_</a>",30,8,0,0.581,4,257,0.001,2,0,0,0
"<a href=""https://tiktok.com/@cinvxf6"" target=""_blank"">@cinvxf6</a>",27,6,0,1,4,48,0,5760.167,55,0.5,0.5
"<a href=""https://tiktok.com/@crtyougo"" target=""_blank"">@crtyougo</a>",28,6,0,0.917,19,216,0,2096.667,124.833,0.667,0.333
"<a href=""https://tiktok.com/@ctskgzjv"" target=""_blank"">@ctskgzjv</a>",8,5,0,0.878,16,224,0,2073.6,118.8,2.4,2
"<a href=""https://tiktok.com/@cute_chumi_girl208"" target=""_blank"">@cute_chumi_girl208</a>",30,30,0,0.752,6,653,0,102.633,15.733,1.467,0.033
"<a href=""https://tiktok.com/@cutedriver120"" target=""_blank"">@cutedriver120</a>",30,30,0,0.585,5,633,0,395.2,49.833,3.933,0.4
"<a href=""https://tiktok.com/@cutegirlbabe2"" target=""_blank"">@cutegirlbabe2</a>",30,21,0,0.667,4,521,0,1.095,0,0,0
"<a href=""https://tiktok.com/@cutequeen_driver120"" target=""_blank"">@cutequeen_driver120</a>",30,31,0,0.608,7,964,0,1442.226,62.516,3.613,4.677
"<a href=""https://tiktok.com/@d_odbeu124"" target=""_blank"">@d_odbeu124</a>",19,7,0,0.911,25,305,0,720.286,15,0.143,0.143
"<a href=""https://tiktok.com/@daniklieber008"" target=""_blank"">@daniklieber008</a>",10,5,0,0.833,15,150,0,750.2,37.8,0.6,0
"<a href=""https://tiktok.com/@dayutoureddit"" target=""_blank"">@dayutoureddit</a>",10,6,0,0.917,21,238,0,3334.167,165.667,7.167,6.167
"<a href=""https://tiktok.com/@dd79124"" target=""_blank"">@dd79124</a>",2,6,0,1,7,68,0,685.5,27.5,0,1.167
"<a href=""https://tiktok.com/@der32946"" target=""_blank"">@der32946</a>",1,5,0,1,8,86,0,1619.2,58.6,1,1.8
"<a href=""https://tiktok.com/@dscgty"" target=""_blank"">@dscgty</a>",25,10,0,0.9,8,142,0,13663.7,241.4,6.5,8.9
"<a href=""https://tiktok.com/@dtkwod"" target=""_blank"">@dtkwod</a>",28,5,0,0.833,14,140,0,6609.4,109.4,3.6,5
"<a href=""https://tiktok.com/@elmacatharine2013"" target=""_blank"">@elmacatharine2013</a>",18,5,0,0.833,7,70,0,528.2,17.8,0,0.2
"<a href=""https://tiktok.com/@elmacronin0304"" target=""_blank"">@elmacronin0304</a>",27,6,0,1,4,48,0,5450.5,97.167,0.667,4.5
"<a href=""https://tiktok.com/@elvistrevelyan0204"" target=""_blank"">@elvistrevelyan0204</a>",21,6,0,0.917,4,46,0,1971.833,32.5,0.167,3.833
"<a href=""https://tiktok.com/@eternally36"" target=""_blank"">@eternally36</a>",10,6,0,0.917,21,238,0,1118.667,58.333,0.833,0.5
"<a href=""https://tiktok.com/@evdsfgg89"" target=""_blank"">@evdsfgg89</a>",8,6,0,0.75,17,273,0,2513.333,231.667,3.167,1
"<a href=""https://tiktok.com/@f_baomm324"" target=""_blank"">@f_baomm324</a>",19,7,0,0.911,25,305,0,1598.714,35,0,1
"<a href=""https://tiktok.com/@f_kebsu024"" target=""_blank"">@f_kebsu024</a>",19,7,0,0.911,25,305,0,1600.429,35,0.286,1.286
"<a href=""https://tiktok.com/@fdijc3"" target=""_blank"">@fdijc3</a>",5,9,0,0.95,9,156,0,2702.333,201,1.778,16.333
"<a href=""https://tiktok.com/@fecbgf"" target=""_blank"">@fecbgf</a>",25,8,0,0.875,8,118,0,11845.5,289,3.125,5.125
"<a href=""https://tiktok.com/@fengtiantian65"" target=""_blank"">@fengtiantian65</a>",19,6,0,0.869,24,258,0,2849.5,46,0.833,0.333
"<a href=""https://tiktok.com/@ferdinand0304"" target=""_blank"">@ferdinand0304</a>",18,8,0,0.903,10,136,0,1387.75,70.375,0.375,1.5
"<a href=""https://tiktok.com/@ferdinandbecky1982"" target=""_blank"">@ferdinandbecky1982</a>",21,6,0,0.917,4,46,0,5247.833,141,1.333,1.667
"<a href=""https://tiktok.com/@fhchf25"" target=""_blank"">@fhchf25</a>",13,6,0,1,3,36,0,1442.167,72.667,1.333,1.5
"<a href=""https://tiktok.com/@fhffy375"" target=""_blank"">@fhffy375</a>",26,10,0,0.95,2,38,0,1293.1,54.5,0.9,0.6
"<a href=""https://tiktok.com/@fhvdet"" target=""_blank"">@fhvdet</a>",25,9,0,0.93,8,131,0,7404.556,112.889,2.556,1.444
"<a href=""https://tiktok.com/@fichfj1"" target=""_blank"">@fichfj1</a>",10,6,0,0.917,21,238,0,1207.333,40.5,0.833,1.5
"<a href=""https://tiktok.com/@fjgryg0"" target=""_blank"">@fjgryg0</a>",25,9,0,0.916,8,128,0,10217.333,164.444,2.111,6.333
"<a href=""https://tiktok.com/@fjv.go.j"" target=""_blank"">@fjv.go.j</a>",14,4,0,0.8,1,10,0,1864.75,68,1.25,6
"<a href=""https://tiktok.com/@fkshusjxb"" target=""_blank"">@fkshusjxb</a>",10,6,0,0.917,21,238,0,744.333,30.167,0.5,0.167
"<a href=""https://tiktok.com/@frankdodd0601"" target=""_blank"">@frankdodd0601</a>",18,6,0,0.917,10,112,0,447.667,17.333,0.5,0
"<a href=""https://tiktok.com/@frdg25"" target=""_blank"">@frdg25</a>",10,5,0,0.917,18,177,0,1634.6,63.2,0.2,0.2
"<a href=""https://tiktok.com/@fuchc053"" target=""_blank"">@fuchc053</a>",17,6,0,0.917,5,58,0,4246.167,232,0.667,3
"<a href=""https://tiktok.com/@fughf21"" target=""_blank"">@fughf21</a>",5,10,0,0.911,11,192,0,1690.7,58.3,0.7,0.3
"<a href=""https://tiktok.com/@gavin.cunningham2"" target=""_blank"">@gavin.cunningham2</a>",17,6,0,0.917,5,58,0,2394.833,79,1.333,2.833
"<a href=""https://tiktok.com/@gckcj4"" target=""_blank"">@gckcj4</a>",17,5,0,0.833,5,50,0,13080.8,141.6,2,13
"<a href=""https://tiktok.com/@ggdthij"" target=""_blank"">@ggdthij</a>",4,3,0,1,7,63,0,2603.333,125.667,19.667,0
"<a href=""https://tiktok.com/@ggycyxr"" target=""_blank"">@ggycyxr</a>",11,5,0,0.917,5,49,0,911.2,63.2,0.4,4.8
"<a href=""https://tiktok.com/@gh225932"" target=""_blank"">@gh225932</a>",1,4,0,1,8,80,0,548.75,27.25,0.5,0.25
"<a href=""https://tiktok.com/@givtuv"" target=""_blank"">@givtuv</a>",26,9,0,0.9,2,36,0,2597.222,107.444,2,1.333
"<a href=""https://tiktok.com/@gjbgikh"" target=""_blank"">@gjbgikh</a>",21,6,0,0.917,4,46,0,1697,44.833,0.167,2
"<a href=""https://tiktok.com/@gjcfyc"" target=""_blank"">@gjcfyc</a>",21,6,0,0.917,4,46,0,3955.833,67.5,1.333,3.833
"<a href=""https://tiktok.com/@godv7302"" target=""_blank"">@godv7302</a>",17,6,0,0.917,5,58,0,489,15.833,0.333,0.167
"<a href=""https://tiktok.com/@guanyu1990"" target=""_blank"">@guanyu1990</a>",19,6,0,0.869,24,258,0,4257.333,124.333,1.5,1.167
"<a href=""https://tiktok.com/@gxicofj"" target=""_blank"">@gxicofj</a>",12,6,0,1,2,24,0,2194,104.667,1,0
"<a href=""https://tiktok.com/@h_kp82"" target=""_blank"">@h_kp82</a>",19,5,0,0.917,16,146,0,3472.4,69,0.6,0.4
"<a href=""https://tiktok.com/@h_lehdi127"" target=""_blank"">@h_lehdi127</a>",19,7,0,0.911,25,305,0,2215.286,28.429,0.143,4.429
"<a href=""https://tiktok.com/@hcodifb"" target=""_blank"">@hcodifb</a>",6,6,0,1,1,12,0,1151,48.167,0.5,1.167
"<a href=""https://tiktok.com/@hdifhg5"" target=""_blank"">@hdifhg5</a>",5,10,0,0.911,11,192,0,2947.2,81.8,2.1,1.6
"<a href=""https://tiktok.com/@hdjixdj"" target=""_blank"">@hdjixdj</a>",12,6,0,1,2,24,0,1161,76.167,0.5,3.667
"<a href=""https://tiktok.com/@hdryxd"" target=""_blank"">@hdryxd</a>",28,5,0,0.917,18,176,0,3764.8,109.4,0.8,2.8
"<a href=""https://tiktok.com/@hfigi61"" target=""_blank"">@hfigi61</a>",24,8,0,1,3,30,0,18359.875,495.625,10,7
"<a href=""https://tiktok.com/@hh155702"" target=""_blank"">@hh155702</a>",2,6,0,1,7,69,0,767.833,83.5,1,1.5
"<a href=""https://tiktok.com/@hlffv"" target=""_blank"">@hlffv</a>",9,5,0,1,1,9,0,138191.4,10066,128.4,97.2
"<a href=""https://tiktok.com/@hsozhs6"" target=""_blank"">@hsozhs6</a>",6,6,0,1,1,12,0,1021.5,55.5,1,1.167
"<a href=""https://tiktok.com/@hsthsu5"" target=""_blank"">@hsthsu5</a>",23,6,0,1,1,12,0,1604.333,61,0.833,1.5
"<a href=""https://tiktok.com/@huiodjio"" target=""_blank"">@huiodjio</a>",28,6,0,0.917,19,216,0,1094.833,92.333,1.167,0.667
"<a href=""https://tiktok.com/@hvcnnh"" target=""_blank"">@hvcnnh</a>",18,7,0,0.903,9,111,0,3624.143,61.714,0.429,1.143
"<a href=""https://tiktok.com/@hxavnxh"" target=""_blank"">@hxavnxh</a>",28,6,0,0.917,19,216,0,1569.5,77.667,1,6.5
"<a href=""https://tiktok.com/@hzbdbrb737hdh"" target=""_blank"">@hzbdbrb737hdh</a>",8,4,0,0.733,16,182,0,638.25,30,0.25,0
"<a href=""https://tiktok.com/@ii73950"" target=""_blank"">@ii73950</a>",2,6,0,1,7,69,0,658.5,28.167,0.333,0.167
"<a href=""https://tiktok.com/@irdc042"" target=""_blank"">@irdc042</a>",5,10,0,0.911,11,192,0,3012.8,136,1.8,12.6
"<a href=""https://tiktok.com/@jdndndn814"" target=""_blank"">@jdndndn814</a>",8,6,0,0.75,17,273,0,2540.667,269.833,2,3
"<a href=""https://tiktok.com/@jdpxorjf"" target=""_blank"">@jdpxorjf</a>",5,5,0,0.917,8,79,0,1822.2,78,1,2.6
"<a href=""https://tiktok.com/@jfkovj5"" target=""_blank"">@jfkovj5</a>",5,10,0,0.911,11,192,0,2515.6,89.2,1.4,2.4
"<a href=""https://tiktok.com/@jiletu.taniong"" target=""_blank"">@jiletu.taniong</a>",14,4,0,0.8,1,10,0,1481.5,53,0.25,4.5
"<a href=""https://tiktok.com/@jipupu184"" target=""_blank"">@jipupu184</a>",19,8,0,0.865,25,330,0,657,19.125,0.25,0.375
"<a href=""https://tiktok.com/@jkkdj"" target=""_blank"">@jkkdj</a>",14,5,0,0.8,8,80,0.001,1975.6,70.2,0.4,1.8
"<a href=""https://tiktok.com/@joannafitzgerald1111"" target=""_blank"">@joannafitzgerald1111</a>",25,9,0,0.916,8,129,0,2502.333,77.889,0.778,0.889
"<a href=""https://tiktok.com/@josephmacadam2022"" target=""_blank"">@josephmacadam2022</a>",18,6,0,0.917,10,112,0,26138.5,350.167,3.667,6.667
"<a href=""https://tiktok.com/@jubal_movie"" target=""_blank"">@jubal_movie</a>",11,6,0,0.917,9,96,0,968,38.333,0.833,0.667
"<a href=""https://tiktok.com/@k_bao1m114"" target=""_blank"">@k_bao1m114</a>",19,6,0,0.869,24,258,0,2609.333,59.667,0.667,1.833
"<a href=""https://tiktok.com/@kartik_girl120"" target=""_blank"">@kartik_girl120</a>",30,17,0,0.674,4,420,0,6150.059,473.176,18.588,12.588
"<a href=""https://tiktok.com/@kellygallacher0930"" target=""_blank"">@kellygallacher0930</a>",18,6,0,0.917,10,112,0,48195,377,2.167,10.667
"<a href=""https://tiktok.com/@kili1173"" target=""_blank"">@kili1173</a>",2,7,0,0.929,8,83,0,651.714,37.571,0.143,0.143
"<a href=""https://tiktok.com/@kris.noproblem"" target=""_blank"">@kris.noproblem</a>",16,5,0,0.917,7,64,0,1620.2,61.2,0.6,2.8
"<a href=""https://tiktok.com/@krug011"" target=""_blank"">@krug011</a>",5,10,0,0.911,11,192,0,1073.8,74.8,0.1,1.2
"<a href=""https://tiktok.com/@ktsfyh"" target=""_blank"">@ktsfyh</a>",28,6,0,0.917,19,216,0,1122.833,66.333,1.667,0.667
"<a href=""https://tiktok.com/@kubri_pilot_3535"" target=""_blank"">@kubri_pilot_3535</a>",7,12,0,0.744,6,103,0,63333.083,7500.417,272.167,753.583
"<a href=""https://tiktok.com/@labon.marenm"" target=""_blank"">@labon.marenm</a>",14,4,0,0.8,1,10,0,3923.5,109.75,2.25,1.25
"<a href=""https://tiktok.com/@landscape5670"" target=""_blank"">@landscape5670</a>",28,6,0,0.917,19,216,0,4450,319.333,3.667,7.167
"<a href=""https://tiktok.com/@lewisaledk0117"" target=""_blank"">@lewisaledk0117</a>",18,8,0,0.903,10,136,0,2888.75,40.125,0.75,0.5
"<a href=""https://tiktok.com/@m_bao3m360"" target=""_blank"">@m_bao3m360</a>",19,7,0,0.911,25,305,0,1149.286,23.286,0.143,0.143
"<a href=""https://tiktok.com/@maria.manaiag"" target=""_blank"">@maria.manaiag</a>",16,5,0,0.917,7,64,0,1268,96.4,1.6,1
"<a href=""https://tiktok.com/@max6946782"" target=""_blank"">@max6946782</a>",1,5,0,1,8,86,0,1504.8,65.6,3.4,2.4
"<a href=""https://tiktok.com/@mcgkvx"" target=""_blank"">@mcgkvx</a>",27,8,0,1,5,68,0,13134.5,451.125,114.75,36
"<a href=""https://tiktok.com/@mdsdz2"" target=""_blank"">@mdsdz2</a>",4,6,0,1,7,81,0,8922.667,391.667,34.5,4.667
"<a href=""https://tiktok.com/@mkieiefff"" target=""_blank"">@mkieiefff</a>",14,4,0,0.8,1,10,0,2106.25,55.5,1.25,1.75
"<a href=""https://tiktok.com/@nataliechristiana2016"" target=""_blank"">@nataliechristiana2016</a>",18,7,0,0.903,9,111,0,28567.857,419.714,2.857,7.857
"<a href=""https://tiktok.com/@neidbeuh89"" target=""_blank"">@neidbeuh89</a>",8,6,0,0.75,17,273,0,1059.833,55.333,0.667,0.5
"<a href=""https://tiktok.com/@nendn4309"" target=""_blank"">@nendn4309</a>",17,6,0,0.917,5,58,0,18389.5,172.667,1.833,4.167
"<a href=""https://tiktok.com/@nguyen.huang8"" target=""_blank"">@nguyen.huang8</a>",16,5,0,0.917,7,64,0,1052.8,30.4,0.2,0.6
"<a href=""https://tiktok.com/@nigcghfxpjg"" target=""_blank"">@nigcghfxpjg</a>",8,6,0,0.75,17,273,0,14419,577.167,5.5,6.333
"<a href=""https://tiktok.com/@nihgvgt889"" target=""_blank"">@nihgvgt889</a>",8,6,0,0.75,17,273,0,2685.667,123.167,2.667,1.333
"<a href=""https://tiktok.com/@nlohggce39"" target=""_blank"">@nlohggce39</a>",8,6,0,0.75,17,273,0,830.667,31.5,0.833,0.5
"<a href=""https://tiktok.com/@noihggg66"" target=""_blank"">@noihggg66</a>",8,5,0,0.878,16,224,0,1826.8,100.8,2.4,0.6
"<a href=""https://tiktok.com/@nvao.ywjp"" target=""_blank"">@nvao.ywjp</a>",29,3,0,1,1,9,0,1401.667,52,1.333,2.333
"<a href=""https://tiktok.com/@pardesi_driver120"" target=""_blank"">@pardesi_driver120</a>",30,35,0,0.65,8,1019,0.001,4114.086,243.2,11,2.771
"<a href=""https://tiktok.com/@paro_driver120"" target=""_blank"">@paro_driver120</a>",30,18,0,0.792,4,630,0,616.444,51.556,3.944,3.389
"<a href=""https://tiktok.com/@perel.dicktk"" target=""_blank"">@perel.dicktk</a>",16,5,0,0.917,7,64,0,3451.2,57.6,0.6,0.4
"<a href=""https://tiktok.com/@pleas.raphakk"" target=""_blank"">@pleas.raphakk</a>",16,5,0,0.917,7,64,0,4229.4,124.4,4.4,2.8
"<a href=""https://tiktok.com/@ponyffvy88"" target=""_blank"">@ponyffvy88</a>",8,6,0,0.75,17,273,0,1316.5,132.833,0.833,0.5
"<a href=""https://tiktok.com/@power7143"" target=""_blank"">@power7143</a>",2,6,0,0.857,5,45,0,1279.167,78.833,2.667,1
"<a href=""https://tiktok.com/@pp7263033"" target=""_blank"">@pp7263033</a>",1,5,0,1,8,86,0,836.8,19.4,0,0.2
"<a href=""https://tiktok.com/@privon14"" target=""_blank"">@privon14</a>",30,30,0,0.794,5,930,0,2967.733,238.767,16.733,9.1
"<a href=""https://tiktok.com/@prkdnkrb58"" target=""_blank"">@prkdnkrb58</a>",8,5,0,0.878,16,220,0,1022.6,69.4,0,0.6
"<a href=""https://tiktok.com/@puayes55"" target=""_blank"">@puayes55</a>",10,5,0,0.917,18,177,0,569.6,45.4,1,0.8
"<a href=""https://tiktok.com/@qhophvgycf89"" target=""_blank"">@qhophvgycf89</a>",8,3,0,0.5,10,90,0.001,1323,71.667,0,0.667
"<a href=""https://tiktok.com/@qq07296"" target=""_blank"">@qq07296</a>",1,5,0,1,8,86,0,6023.8,88.8,0.8,2.4
"<a href=""https://tiktok.com/@qq78941"" target=""_blank"">@qq78941</a>",2,7,0,0.929,8,83,0,600.429,41.143,0.286,0.429
"<a href=""https://tiktok.com/@qq961895"" target=""_blank"">@qq961895</a>",1,5,0,1,8,86,0,3381.6,133.8,1,1.6
"<a href=""https://tiktok.com/@r_kerps136"" target=""_blank"">@r_kerps136</a>",19,7,0,0.911,25,305,0,1603.571,37.714,0,0.286
"<a href=""https://tiktok.com/@raymo.bricek"" target=""_blank"">@raymo.bricek</a>",14,4,0,0.8,1,10,0,5675.25,104,0.5,11.5
"<a href=""https://tiktok.com/@reddit_jubalforyou"" target=""_blank"">@reddit_jubalforyou</a>",10,5,0,0.917,18,177,0,301,0.8,0,0
"<a href=""https://tiktok.com/@risood6"" target=""_blank"">@risood6</a>",10,6,0,0.917,21,238,0,1687.5,102.667,3.333,2.667
"<a href=""https://tiktok.com/@rmcbk1"" target=""_blank"">@rmcbk1</a>",25,10,0,0.9,8,142,0,7970.8,275.6,8.4,2.2
"<a href=""https://tiktok.com/@rohingyao"" target=""_blank"">@rohingyao</a>",28,6,0,0.917,19,216,0,2218.833,102,1.833,0.5
"<a href=""https://tiktok.com/@ryllskayalife7"" target=""_blank"">@ryllskayalife7</a>",11,6,0,0.917,9,96,0,17000.333,70,0.667,2
"<a href=""https://tiktok.com/@ryllskayaqing"" target=""_blank"">@ryllskayaqing</a>",10,5,0,0.917,18,177,0,1822.2,56,1.8,0.8
"<a href=""https://tiktok.com/@ryllskayazeng"" target=""_blank"">@ryllskayazeng</a>",11,5,0,0.917,6,58,0,826.4,38,0,0.2
"<a href=""https://tiktok.com/@s_heise214"" target=""_blank"">@s_heise214</a>",19,7,0,0.911,25,305,0,2635.286,104.857,0.429,1
"<a href=""https://tiktok.com/@s_ostfo146"" target=""_blank"">@s_ostfo146</a>",19,7,0,0.911,25,305,0,34328.857,1179.714,9.857,9.857
"<a href=""https://tiktok.com/@sabanaminnaarishi"" target=""_blank"">@sabanaminnaarishi</a>",27,8,0,1,5,68,0,2440.875,42.25,0.625,0.75
"<a href=""https://tiktok.com/@sandyjulia2021"" target=""_blank"">@sandyjulia2021</a>",10,6,0,0.917,21,238,0,2331.167,76.5,0.333,0.167
"<a href=""https://tiktok.com/@santiago.fernande323"" target=""_blank"">@santiago.fernande323</a>",16,5,0,0.917,7,64,0,3102.4,126.8,2.2,1.2
"<a href=""https://tiktok.com/@satarajoette"" target=""_blank"">@satarajoette</a>",10,6,0,0.917,21,238,0,2196,151.333,1,2.5
"<a href=""https://tiktok.com/@sayzxdt"" target=""_blank"">@sayzxdt</a>",10,6,0,0.917,21,238,0,1501.167,115.167,3.333,0.667
"<a href=""https://tiktok.com/@sdadset.sdfstsa.s"" target=""_blank"">@sdadset.sdfstsa.s</a>",27,8,0,1,5,68,0,4951.25,73.875,1.75,6
"<a href=""https://tiktok.com/@shotewg"" target=""_blank"">@shotewg</a>",28,6,0,0.917,19,216,0,3213,125,4.833,3
"<a href=""https://tiktok.com/@shuaiju126"" target=""_blank"">@shuaiju126</a>",19,6,0,0.869,24,258,0,1549.333,39.333,0.667,0.167
"<a href=""https://tiktok.com/@shvchjds"" target=""_blank"">@shvchjds</a>",28,6,0,0.917,19,216,0,3142.667,164.667,2.167,3.833
"<a href=""https://tiktok.com/@stebbinskulp"" target=""_blank"">@stebbinskulp</a>",16,6,0,0.833,8,80,0,981.667,61,0.5,2.167
"<a href=""https://tiktok.com/@stien.lindag"" target=""_blank"">@stien.lindag</a>",14,4,0,0.8,1,10,0,2638.5,49.75,0,1
"<a href=""https://tiktok.com/@stoyouh"" target=""_blank"">@stoyouh</a>",28,5,0,0.917,18,176,0,3531,60.6,0.4,1.8
"<a href=""https://tiktok.com/@superaeroplane120_"" target=""_blank"">@superaeroplane120_</a>",30,7,0,0.561,4,343,0,6.571,2.143,1.429,2.286
"<a href=""https://tiktok.com/@sweet_driver120"" target=""_blank"">@sweet_driver120</a>",30,12,0,0.676,5,360,0,286.833,30.667,2.833,16
"<a href=""https://tiktok.com/@text.fc"" target=""_blank"">@text.fc</a>",28,6,0,0.917,19,216,0,4359,172.667,4.833,2.667
"<a href=""https://tiktok.com/@text778"" target=""_blank"">@text778</a>",28,5,0,0.917,18,176,0,40843.2,1873.4,82,84.2
"<a href=""https://tiktok.com/@thuusu7"" target=""_blank"">@thuusu7</a>",11,5,0,0.917,6,58,0,1129,44.8,0,0.8
"<a href=""https://tiktok.com/@tree59906"" target=""_blank"">@tree59906</a>",2,7,0,0.929,8,83,0,700.429,60.857,0.714,2.143
"<a href=""https://tiktok.com/@tyuioaak1"" target=""_blank"">@tyuioaak1</a>",28,6,0,0.917,19,216,0,2888,172.333,4.167,1
"<a href=""https://tiktok.com/@u_fo176"" target=""_blank"">@u_fo176</a>",19,6,0,0.869,24,258,0,5118.5,77.5,0.333,1.167
"<a href=""https://tiktok.com/@ubf084006c"" target=""_blank"">@ubf084006c</a>",24,8,0,1,3,30,0,1078,23.625,0.25,0.75
"<a href=""https://tiktok.com/@ubhutfrx"" target=""_blank"">@ubhutfrx</a>",5,5,0,0.917,8,79,0,33315.8,1098.2,5.8,9.4
"<a href=""https://tiktok.com/@uhpdh"" target=""_blank"">@uhpdh</a>",5,9,0,0.95,9,157,0,2416.667,142,1,0.778
"<a href=""https://tiktok.com/@user10524814616111"" target=""_blank"">@user10524814616111</a>",20,3,0,1,3,27,0,559,1.667,0,0
"<a href=""https://tiktok.com/@user1203836358576"" target=""_blank"">@user1203836358576</a>",25,8,0,0.891,8,118,0,10288.5,159.25,3.75,1.875
"<a href=""https://tiktok.com/@user12381449787278"" target=""_blank"">@user12381449787278</a>",14,4,0,0.8,1,10,0,1017,47.25,0.25,0
"<a href=""https://tiktok.com/@user1269181139650"" target=""_blank"">@user1269181139650</a>",31,3,0,1,1,9,0,801.667,12.333,2.333,0
"<a href=""https://tiktok.com/@user17056849301627"" target=""_blank"">@user17056849301627</a>",13,6,0,1,3,36,0,1262.333,64.833,0.167,0.667
"<a href=""https://tiktok.com/@user1731887617430"" target=""_blank"">@user1731887617430</a>",3,4,0,1,2,18,0,1180,36.75,0.75,2
"<a href=""https://tiktok.com/@user2598815266619"" target=""_blank"">@user2598815266619</a>",2,7,0,0.929,8,83,0,916.429,84.143,0.429,1
"<a href=""https://tiktok.com/@user2719000861228"" target=""_blank"">@user2719000861228</a>",3,3,0,1,2,18,0,2355.333,46.333,1.333,0.667
"<a href=""https://tiktok.com/@user2750197497915"" target=""_blank"">@user2750197497915</a>",1,5,0,1,8,86,0,1055.8,19,0.4,1.4
"<a href=""https://tiktok.com/@user30833385457474"" target=""_blank"">@user30833385457474</a>",20,3,0,1,3,27,0,14620,69,1.333,2
"<a href=""https://tiktok.com/@user32197034485364"" target=""_blank"">@user32197034485364</a>",20,3,0,1,3,27,0,366.333,1,0,0
"<a href=""https://tiktok.com/@user3561761255257"" target=""_blank"">@user3561761255257</a>",22,3,0,1,3,27,0,760.333,27.667,0,0.333
"<a href=""https://tiktok.com/@user3791461937343"" target=""_blank"">@user3791461937343</a>",11,5,0,0.833,4,40,0,374.6,7.2,0.4,0
"<a href=""https://tiktok.com/@user3933909636681"" target=""_blank"">@user3933909636681</a>",4,3,0,1,7,63,0,1340,135.667,1.667,0.333
"<a href=""https://tiktok.com/@user4117314227622"" target=""_blank"">@user4117314227622</a>",22,3,0,1,3,27,0,1311,37.667,0,0.667
"<a href=""https://tiktok.com/@user49430429130181"" target=""_blank"">@user49430429130181</a>",22,3,0,1,3,27,0,209.667,2.667,0,0
"<a href=""https://tiktok.com/@user51678731985597"" target=""_blank"">@user51678731985597</a>",12,8,0,1,2,24,0,11940.625,389.125,7.75,50
"<a href=""https://tiktok.com/@user561258203609"" target=""_blank"">@user561258203609</a>",14,4,0,0.8,1,10,0,1876,47.5,0.25,0
"<a href=""https://tiktok.com/@user5626060056906"" target=""_blank"">@user5626060056906</a>",5,10,0,0.911,11,192,0,2184.6,124,3.5,5.5
"<a href=""https://tiktok.com/@user5757844711343"" target=""_blank"">@user5757844711343</a>",3,3,0,1,2,18,0,32820.667,640.667,4.333,6.667
"<a href=""https://tiktok.com/@user5981446244885"" target=""_blank"">@user5981446244885</a>",4,3,0,1,7,63,0,261.667,17.333,0.667,0
"<a href=""https://tiktok.com/@user6129488449035"" target=""_blank"">@user6129488449035</a>",1,4,0,1,8,80,0,2925.25,63,0.5,0
"<a href=""https://tiktok.com/@user6171047885852"" target=""_blank"">@user6171047885852</a>",10,6,0,0.917,21,238,0,647.167,29.833,0.667,0.333
"<a href=""https://tiktok.com/@user62212983630457"" target=""_blank"">@user62212983630457</a>",11,5,0,0.917,6,58,0,882.8,50.6,0.2,1
"<a href=""https://tiktok.com/@user69035475415230"" target=""_blank"">@user69035475415230</a>",1,5,0,1,8,86,0,4635.6,61,4.4,7.8
"<a href=""https://tiktok.com/@user6922385284275"" target=""_blank"">@user6922385284275</a>",5,9,0,0.911,11,176,0,1717.778,66.111,1,1.556
"<a href=""https://tiktok.com/@user69943662042413"" target=""_blank"">@user69943662042413</a>",13,6,0,1,3,36,0,1159.667,60.5,0.667,0.167
"<a href=""https://tiktok.com/@user7516190319240"" target=""_blank"">@user7516190319240</a>",11,5,0,0.917,5,49,0,1064.2,52.4,0.8,0.8
"<a href=""https://tiktok.com/@user7813792927012"" target=""_blank"">@user7813792927012</a>",10,6,0,0.917,21,238,0,187776.833,6647,33.167,33.833
"<a href=""https://tiktok.com/@user83050540275304"" target=""_blank"">@user83050540275304</a>",4,3,0,1,7,63,0,731.667,32,0.333,0
"<a href=""https://tiktok.com/@user8417178742541"" target=""_blank"">@user8417178742541</a>",15,3,0,1,1,9,0,270,7,0,0
"<a href=""https://tiktok.com/@user8662190461588"" target=""_blank"">@user8662190461588</a>",4,6,0,1,7,81,0,3157.833,116.167,2.5,0.333
"<a href=""https://tiktok.com/@user87652936140292"" target=""_blank"">@user87652936140292</a>",31,3,0,1,1,9,0,79.667,0,0,0
"<a href=""https://tiktok.com/@user8843781769878"" target=""_blank"">@user8843781769878</a>",22,3,0,1,3,27,0,378.333,8.333,0,0
"<a href=""https://tiktok.com/@user90221768842097"" target=""_blank"">@user90221768842097</a>",10,5,0,0.917,16,159,0,4827.2,195.4,3.6,1.2
"<a href=""https://tiktok.com/@user9262051903981"" target=""_blank"">@user9262051903981</a>",10,6,0,0.917,21,238,0,1217.167,68,1.5,2.667
"<a href=""https://tiktok.com/@user93660217905902"" target=""_blank"">@user93660217905902</a>",20,3,0,1,3,27,0,268.333,0,0,0
"<a href=""https://tiktok.com/@user95685851853464"" target=""_blank"">@user95685851853464</a>",15,3,0,1,1,9,0,375.667,1.667,0,0
"<a href=""https://tiktok.com/@user9660772417487"" target=""_blank"">@user9660772417487</a>",24,8,0,1,3,30,0,1932.875,48.625,0.875,1.125
"<a href=""https://tiktok.com/@user9887258595260"" target=""_blank"">@user9887258595260</a>",4,3,0,1,7,63,0,965,64.333,0.333,0.333
"<a href=""https://tiktok.com/@username.1234615"" target=""_blank"">@username.1234615</a>",7,7,0,0.831,5,57,0,729.667,66.556,5.333,3.667
"<a href=""https://tiktok.com/@username.12365478"" target=""_blank"">@username.12365478</a>",7,5,0,0.817,5,55,0,2456.4,282.6,36,17.6
"<a href=""https://tiktok.com/@username.1545465"" target=""_blank"">@username.1545465</a>",7,12,0,0.829,5,86,0,794.833,112.167,5.5,1.917
"<a href=""https://tiktok.com/@username.64754675"" target=""_blank"">@username.64754675</a>",7,14,0,0.857,3,81,0,236.571,40.929,4.286,2.143
"<a href=""https://tiktok.com/@username6652655"" target=""_blank"">@username6652655</a>",30,18,0,0.589,5,348,0,194.111,28.833,2.278,0.111
"<a href=""https://tiktok.com/@weck01"" target=""_blank"">@weck01</a>",28,6,0,0.917,19,216,0,3775.833,134.5,3.5,2.167
"<a href=""https://tiktok.com/@windi.suzang"" target=""_blank"">@windi.suzang</a>",16,5,0,0.917,7,64,0,3924.6,116.4,1.4,7.4
"<a href=""https://tiktok.com/@xiahoudun152"" target=""_blank"">@xiahoudun152</a>",19,6,0,0.869,24,258,0,1869.167,43.833,0.333,0.333
"<a href=""https://tiktok.com/@xiaomisu130"" target=""_blank"">@xiaomisu130</a>",19,8,0,0.865,25,330,0,1548.625,38.5,0.875,5.25
"<a href=""https://tiktok.com/@xiaphuangya47"" target=""_blank"">@xiaphuangya47</a>",10,6,0,0.917,21,238,0,1021.5,81,0.5,0.833
"<a href=""https://tiktok.com/@xxii911"" target=""_blank"">@xxii911</a>",28,6,0,0.917,19,216,0,958.333,57.333,0.667,0.667
"<a href=""https://tiktok.com/@xyzpioamm"" target=""_blank"">@xyzpioamm</a>",10,5,0,0.917,16,159,0,3114.2,109.8,1.4,6.8
"<a href=""https://tiktok.com/@y_lebei321"" target=""_blank"">@y_lebei321</a>",19,6,0,0.869,24,258,0,1662.167,49.667,1,0.833
"<a href=""https://tiktok.com/@yazmin_movie"" target=""_blank"">@yazmin_movie</a>",13,8,0,1,3,36,0,2436.625,78.5,1.625,2.125
"<a href=""https://tiktok.com/@yemeigui236"" target=""_blank"">@yemeigui236</a>",19,6,0,0.869,24,258,0,4403.5,129.167,4.5,17.667
"<a href=""https://tiktok.com/@yesyes7784"" target=""_blank"">@yesyes7784</a>",10,6,0,0.917,21,238,0,1125.667,92,0.333,0
"<a href=""https://tiktok.com/@yfidifh"" target=""_blank"">@yfidifh</a>",10,6,0,0.917,21,238,0,1550.667,62.667,1.167,3
"<a href=""https://tiktok.com/@ykht6376ew"" target=""_blank"">@ykht6376ew</a>",8,5,0,0.878,16,220,0,810.6,101.8,1.2,0.6
"<a href=""https://tiktok.com/@you55668"" target=""_blank"">@you55668</a>",28,5,0,0.917,18,176,0,4064.6,141,1.8,0.4
"<a href=""https://tiktok.com/@yourstoryttt"" target=""_blank"">@yourstoryttt</a>",28,6,0,0.917,19,216,0,21414.5,309,12.333,3.833
"<a href=""https://tiktok.com/@yunshuchuan131"" target=""_blank"">@yunshuchuan131</a>",19,6,0,0.869,24,258,0,5993.5,145.167,9,28.167
