"Network","Number of Accounts","Network Density","Network Diameter","Clustering Coefficient","Avg Views","Avg Likes","Avg Comments","Avg Shares","Member Accounts"
1,9,1,11,1,2539.163,60.279,1.372,2.07,"user6129488449035, der32946, max6946782, gh225932, qq07296, user2750197497915, pp7263033, qq961895, user69035475415230"
2,9,0.917,19,0.93,755.61,53.492,0.644,0.847,"qq78941, hh155702, user2598815266619, kili1173, aa593041, power7143, ii73950, tree59906, dd79124"
3,3,1,9,1,11024.8,220.8,2,3,"user1731887617430, user2719000861228, user5757844711343"
4,8,1,18,1,7127.758,288.727,11.424,4.636,"mdsdz2, bdbdchhd, user8662190461588, user5981446244885, user3933909636681, ggdthij, user83050540275304, user9887258595260"
5,12,0.909,26,0.923,3758.377,149.425,1.642,4.453,"fughf21, krug011, irdc042, user5626060056906, uhpdh, hdifhg5, bmc12655, jfkovj5, jdpxorjf, ubhutfrx, fdijc3, user6922385284275"
6,2,1,12,0,1086.25,51.833,0.75,1.167,"hcodifb, hsozhs6"
7,8,0.643,44,0.699,9025.824,1061.319,41.648,102.231,"amzing_star0, username.1234615, beaty_queen_22, china_girl_526, kubri_pilot_3535, username.12365478, username.1545465, username.64754675"
8,18,0.954,24,0.969,2316.134,137.691,1.464,1.268,"ctskgzjv, nihgvgt889, nlohggce39, boyfchijvy65, bkkggff66, bfffercajm, bzsittfcfy68, neidbeuh89, ponyffvy88, jdndndn814, prkdnkrb58, evdsfgg89, biytff8bh8, nigcghfxpjg, noihggg66, qhophvgycf89, hzbdbrb737hdh, ykht6376ew"
9,2,1,9,0,70028.5,5069.6,65.1,49.5,"hlffv, bdpd57"
10,22,0.939,20,0.949,10505.464,392.256,2.992,3.072,"eternally36, user6171047885852, xiaphuangya47, fkshusjxb, user9262051903981, puayes55, baifamm13, daniklieber008, ryllskayaqing, reddit_jubalforyou, dayutoureddit, user90221768842097, xyzpioamm, sayzxdt, frdg25, risood6, yesyes7784, fichfj1, sandyjulia2021, user7813792927012, satarajoette, yfidifh"
11,10,0.756,20,0.795,2681.204,45.037,0.426,1.056,"jubal_movie, user62212983630457, anderson.broudy, ggycyxr, user7516190319240, ryllskayalife7, ryllskayazeng, user3791461937343, bivydu, thuusu7"
12,3,1,12,1,5782.75,209.9,3.55,21.1,"gxicofj, hdjixdj, user51678731985597"
13,4,1,12,1,1641.462,69.846,1,1.192,"user69943662042413, yazmin_movie, fhchf25, user17056849301627"
14,9,0.222,20,0,2492.135,67.297,0.703,3.054,"mkieiefff, user12381449787278, user561258203609, fjv.go.j, jiletu.taniong, jkkdj, labon.marenm, stien.lindag, raymo.bricek"
15,2,1,9,0,322.833,4.333,0,0,"user8417178742541, user95685851853464"
16,9,0.806,20,0.96,2267.37,80.326,1.391,2.239,"stebbinskulp, maria.manaiag, bruchy.pembertonk, santiago.fernande323, perel.dicktk, kris.noproblem, pleas.raphakk, nguyen.huang8, windi.suzang"
17,6,1,12,1,6598.629,117.829,1.057,3.657,"gavin.cunningham2, nendn4309, fuchc053, bfihc, gckcj4, godv7302"
18,11,0.945,20,0.953,10157.895,131.974,1.079,2.763,"elmacatharine2013, aedmd5, josephmacadam2022, frankdodd0601, kellygallacher0930, beacherarmstrong2005, lewisaledk0117, ferdinand0304, andretracy0724, nataliechristiana2016, hvcnnh"
19,26,0.972,20,0.981,3997.064,104.22,1.318,3.225,"bentiantian220, m_bao3m360, f_baomm324, b_jiaofu134, c_pegif193, s_heise214, r_kerps136, jipupu184, baomama125, h_lehdi127, f_kebsu024, d_odbeu124, b_baoma154, s_ostfo146, b_vtost109, xiaomisu130, u_fo176, guanyu1990, y_lebei321, xiahoudun152, k_bao1m114, yemeigui236, shuaiju126, fengtiantian65, h_kp82, yunshuchuan131"
20,4,1,9,1,3953.417,17.917,0.333,0.5,"user10524814616111, user32197034485364, user30833385457474, user93660217905902"
21,5,1,12,1,3072.345,72.724,0.69,2.621,"elvistrevelyan0204, gjbgikh, ferdinandbecky1982, bartholomewnancybz1025, gjcfyc"
22,4,1,9,1,664.833,19.083,0,0.25,"user4117314227622, user49430429130181, user3561761255257, user8843781769878"
23,2,1,12,0,1364.5,57,0.417,0.917,"hsthsu5, celedonio.mange"
24,4,1,10,1,7489.844,178.969,3.281,2.938,"aediubt, ubf084006c, hfigi61, user9660772417487"
25,9,1,20,1,7835.753,167.58,3.296,3.407,"aed6071, fjgryg0, fhvdet, dscgty, chcryd, joannafitzgerald1111, rmcbk1, fecbgf, user1203836358576"
26,3,1,20,1,1736.897,75.379,1.414,0.759,"fhffy375, chinuo.zhong, givtuv"
27,6,0.867,24,0.867,5648.295,157.023,21.545,8.591,"elmacronin0304, sabanaminnaarishi, mcgkvx, cinvxf6, sdadset.sdfstsa.s, beatricedennispo2018"
28,20,0.974,20,0.978,14499.421,555.43,8.491,10.009,"ktsfyh, crtyougo, huiodjio, rohingyao, tyuioaak1, xxii911, hdryxd, stoyouh, weck01, landscape5670, hxavnxh, text.fc, dtkwod, bsbseuo, you55668, shotewg, cagnhd, text778, shvchjds, yourstoryttt"
29,2,1,9,0,9287.167,151.167,1.667,74.833,"nvao.ywjp, bgqr.zopm"
30,13,0.423,338,0.688,1547.055,111.504,6.168,3.752,"cute_chumi_girl208, cutedriver120, cutegirlbabe2, chumijan120_, cutequeen_driver120, pardesi_driver120, amazinggirl_120, sweet_driver120, privon14, paro_driver120, kartik_girl120, username6652655, superaeroplane120_"
31,2,1,9,0,440.667,6.167,1.167,0,"user1269181139650, user87652936140292"
