"Account","Network","Unique Shares","Avg Time Between Shares (sec)","Edge Symmetry Score","Degree","Strength","Betweenness","Avg Views","Avg Likes","Avg Comments","Avg Shares"
"<a href=""https://tiktok.com/@02c61ebb"" target=""_blank"">@02c61ebb</a>",49,3,40,1,1,6,0,415,35.667,0,0
"<a href=""https://tiktok.com/@04a00e20"" target=""_blank"">@04a00e20</a>",46,2,47.833,1,1,6,0,293.5,18.5,0,0
"<a href=""https://tiktok.com/@13ba399c"" target=""_blank"">@13ba399c</a>",43,2,21.333,1,1,6,0,160,6.5,0,0
"<a href=""https://tiktok.com/@1997yaofacai8"" target=""_blank"">@1997yaofacai8</a>",24,3,65,0.667,1,6,0,1022,117.667,0.333,0
"<a href=""https://tiktok.com/@24c04uj"" target=""_blank"">@24c04uj</a>",54,8,59.083,0.9,2,12,0,9326.125,111.375,0.625,1.375
"<a href=""https://tiktok.com/@2c9e9efd"" target=""_blank"">@2c9e9efd</a>",43,3,54.611,1,3,22,0,1027,87,0,0
"<a href=""https://tiktok.com/@31ac881c"" target=""_blank"">@31ac881c</a>",48,3,47.357,1,2,14,0,293.667,11.333,0.333,0
"<a href=""https://tiktok.com/@32323f6a"" target=""_blank"">@32323f6a</a>",41,3,39.028,1,2,15,0,270.333,18.667,0,0
"<a href=""https://tiktok.com/@3aea6c03"" target=""_blank"">@3aea6c03</a>",46,3,52.167,0.917,3,18,0,33.667,0,0,0
"<a href=""https://tiktok.com/@4bb3cc76"" target=""_blank"">@4bb3cc76</a>",43,3,46.292,1,2,17,0,0,0,0,0
"<a href=""https://tiktok.com/@4hgkdjf"" target=""_blank"">@4hgkdjf</a>",36,4,38,1,1,6,0,1496.4,58.4,0.6,0.4
"<a href=""https://tiktok.com/@529ec620"" target=""_blank"">@529ec620</a>",45,3,47,1,2,18,0,4,0,0,0
"<a href=""https://tiktok.com/@64e0eb6c"" target=""_blank"">@64e0eb6c</a>",41,2,43.5,1,2,12,0,1.5,0,0,0
"<a href=""https://tiktok.com/@6574f771"" target=""_blank"">@6574f771</a>",46,2,49.833,1,1,6,0,162,8,0,0
"<a href=""https://tiktok.com/@693hellolongyear"" target=""_blank"">@693hellolongyear</a>",23,3,59.286,0.6,1,7,0,994.333,97.333,0,0
"<a href=""https://tiktok.com/@73ca97d2"" target=""_blank"">@73ca97d2</a>",47,3,56,1,1,6,0,219.333,14.667,0,0
"<a href=""https://tiktok.com/@7ead291b"" target=""_blank"">@7ead291b</a>",44,3,48.095,1,2,13,0,0.333,0,0,0
"<a href=""https://tiktok.com/@816bf782"" target=""_blank"">@816bf782</a>",42,3,28.333,0.875,2,12,0,333.333,19.667,0,0
"<a href=""https://tiktok.com/@8e796020"" target=""_blank"">@8e796020</a>",40,2,33.5,1,1,6,0,606.5,45.5,0,0
"<a href=""https://tiktok.com/@9572ac56"" target=""_blank"">@9572ac56</a>",46,2,58.833,0.75,1,6,0,301,13.5,0,0
"<a href=""https://tiktok.com/@98d7eeeb"" target=""_blank"">@98d7eeeb</a>",48,3,44.857,0.9,2,14,0,717.333,31.667,0,0
"<a href=""https://tiktok.com/@9a7ff267"" target=""_blank"">@9a7ff267</a>",41,3,39.028,1,2,15,0,222,23.667,0,0
"<a href=""https://tiktok.com/@9d2494c7"" target=""_blank"">@9d2494c7</a>",40,3,33.5,1,1,6,0,1369.333,75.333,0,0
"<a href=""https://tiktok.com/@aa8720c0"" target=""_blank"">@aa8720c0</a>",45,3,45.667,1,2,18,0,1,0,0,0
"<a href=""https://tiktok.com/@aedkfufutx"" target=""_blank"">@aedkfufutx</a>",32,7,46.833,1,1,6,0,3169,85.857,1.286,0.857
"<a href=""https://tiktok.com/@amvtpjgyh5"" target=""_blank"">@amvtpjgyh5</a>",29,3,39.101,0.8,4,35,0,41,0.333,0,0
"<a href=""https://tiktok.com/@b00e3a3a"" target=""_blank"">@b00e3a3a</a>",47,2,56,1,1,6,0,308,13.5,0,0
"<a href=""https://tiktok.com/@b138f999"" target=""_blank"">@b138f999</a>",48,3,40.071,0.9,2,14,0,500.667,46.667,0.333,0
"<a href=""https://tiktok.com/@b3153320"" target=""_blank"">@b3153320</a>",45,3,47.556,1,2,18,0,285.667,14.333,0,0
"<a href=""https://tiktok.com/@bfczpu1258"" target=""_blank"">@bfczpu1258</a>",29,3,68.116,0.9,2,15,0,98,3,0,0
"<a href=""https://tiktok.com/@bmdpczgma2"" target=""_blank"">@bmdpczgma2</a>",14,3,71.333,1,1,6,0,325.667,16.667,0.333,0
"<a href=""https://tiktok.com/@bopklolm"" target=""_blank"">@bopklolm</a>",9,3,55.357,0.933,6,46,0,1629,129,0,0.667
"<a href=""https://tiktok.com/@breaking9203"" target=""_blank"">@breaking9203</a>",8,2,46,0.75,2,12,0,3183,29,0,0.5
"<a href=""https://tiktok.com/@btxin16sg0"" target=""_blank"">@btxin16sg0</a>",17,3,55.179,1,4,28,0,1493,10.667,0,0
"<a href=""https://tiktok.com/@buiyyccf3"" target=""_blank"">@buiyyccf3</a>",37,3,47.75,1,1,8,0,6697,87.333,0.333,0.333
"<a href=""https://tiktok.com/@c0etd7pfo6"" target=""_blank"">@c0etd7pfo6</a>",21,5,45.5,0.8,1,6,0,1351.75,44,0.6,0.125
"<a href=""https://tiktok.com/@cagnhd"" target=""_blank"">@cagnhd</a>",22,7,52.496,0.838,3,25,0,29985.875,575.125,22.833,171.875
"<a href=""https://tiktok.com/@cbske2477"" target=""_blank"">@cbske2477</a>",36,4,47.75,0.875,2,12,0,417.75,40,0,0
"<a href=""https://tiktok.com/@ccc44676"" target=""_blank"">@ccc44676</a>",42,3,32.722,0.806,3,21,0,23655,951.667,1.333,2.667
"<a href=""https://tiktok.com/@cckzumrc48"" target=""_blank"">@cckzumrc48</a>",30,3,45.77,0.917,3,19,0,2490,127.333,0,0
"<a href=""https://tiktok.com/@cctv8tkk7"" target=""_blank"">@cctv8tkk7</a>",27,3,49.854,0.875,2,14,0,2800.667,392.667,0.333,1
"<a href=""https://tiktok.com/@ce843bd7"" target=""_blank"">@ce843bd7</a>",50,3,57.167,1,1,6,0,457.667,22.667,0,0
"<a href=""https://tiktok.com/@cfjsdr"" target=""_blank"">@cfjsdr</a>",53,5,65.111,1,1,9,0,557.4,31,0.4,0.2
"<a href=""https://tiktok.com/@d146da6b"" target=""_blank"">@d146da6b</a>",42,3,40.667,0.708,2,12,0,922,84.333,0,0
"<a href=""https://tiktok.com/@d3mezbdx81"" target=""_blank"">@d3mezbdx81</a>",16,3,65.833,1,2,12,0,662.333,40.333,0.667,0.333
"<a href=""https://tiktok.com/@dabao4684"" target=""_blank"">@dabao4684</a>",37,3,47.75,1,1,8,0,1341.333,47.667,0.667,0
"<a href=""https://tiktok.com/@ddsc0gnt19"" target=""_blank"">@ddsc0gnt19</a>",1,3,57.375,1,1,8,0,170,10.667,0,0
"<a href=""https://tiktok.com/@dmtdp7vsg0"" target=""_blank"">@dmtdp7vsg0</a>",17,3,49.06,1,4,27,0,84.667,1,0,0
"<a href=""https://tiktok.com/@dqqzw3xgo0"" target=""_blank"">@dqqzw3xgo0</a>",17,3,49.262,1,4,27,0,532.667,23.667,0,0
"<a href=""https://tiktok.com/@dusohscl88"" target=""_blank"">@dusohscl88</a>",28,3,54.104,1,2,14,0,759.667,33.667,0.333,0
"<a href=""https://tiktok.com/@dzz5zifvb5"" target=""_blank"">@dzz5zifvb5</a>",1,3,57.375,1,1,8,0,90.333,1,0,0
"<a href=""https://tiktok.com/@e22a6795"" target=""_blank"">@e22a6795</a>",44,2,34.333,1,1,6,0,9,0,0,0
"<a href=""https://tiktok.com/@e35rqs"" target=""_blank"">@e35rqs</a>",55,8,74,0.8,1,6,0,448.5,32.75,0.125,0
"<a href=""https://tiktok.com/@e9047b1d"" target=""_blank"">@e9047b1d</a>",43,3,49.292,1,2,17,0,0,0,0,0
"<a href=""https://tiktok.com/@ecshuhjhu7"" target=""_blank"">@ecshuhjhu7</a>",17,3,58.048,1,4,25,0,227.333,6.333,0.333,3.667
"<a href=""https://tiktok.com/@eee0ebf8"" target=""_blank"">@eee0ebf8</a>",44,3,61.857,1,1,7,0,327.333,29,0,0
"<a href=""https://tiktok.com/@ek5dxbiw76"" target=""_blank"">@ek5dxbiw76</a>",19,8,49.986,0.867,5,37,0,57724.333,900.222,17.111,107
"<a href=""https://tiktok.com/@eltks7n772"" target=""_blank"">@eltks7n772</a>",29,3,54.045,1,2,15,0,7985,152.333,5,2
"<a href=""https://tiktok.com/@enocexaz53"" target=""_blank"">@enocexaz53</a>",16,3,62,1,2,12,0,246,5,0.333,0.333
"<a href=""https://tiktok.com/@esperance.sulcer"" target=""_blank"">@esperance.sulcer</a>",32,6,46.833,1,1,6,0,11470.143,206.571,2.857,2.857
"<a href=""https://tiktok.com/@evanstimothyzz"" target=""_blank"">@evanstimothyzz</a>",5,2,15.5,1,1,6,0,35105,365.5,7,10.5
"<a href=""https://tiktok.com/@evetoing.ming"" target=""_blank"">@evetoing.ming</a>",50,3,57.167,1,1,6,0,122,7.333,0,0
"<a href=""https://tiktok.com/@f159b13d"" target=""_blank"">@f159b13d</a>",49,2,40,1,1,6,0,955.5,49.5,0,0
"<a href=""https://tiktok.com/@fdvhrf3"" target=""_blank"">@fdvhrf3</a>",18,6,58.909,0.889,1,11,0,3901.5,34.75,0.375,0.25
"<a href=""https://tiktok.com/@fea7fiw3h2"" target=""_blank"">@fea7fiw3h2</a>",51,3,54.778,0.8,1,9,0,392.333,40.667,0,0
"<a href=""https://tiktok.com/@fncribcs"" target=""_blank"">@fncribcs</a>",18,6,46.356,0.886,3,23,0,2561.778,98.444,0.333,1.667
"<a href=""https://tiktok.com/@fpoe54kaj2"" target=""_blank"">@fpoe54kaj2</a>",9,3,44.347,0.88,5,42,0,2238,95.667,0.333,1
"<a href=""https://tiktok.com/@fps4k6y046"" target=""_blank"">@fps4k6y046</a>",12,2,43.5,0.667,1,6,0,0,0,0,0
"<a href=""https://tiktok.com/@gfrqcwrnf7"" target=""_blank"">@gfrqcwrnf7</a>",30,3,44.548,0.917,3,19,0,130.667,6,0,0
"<a href=""https://tiktok.com/@ggoppm3"" target=""_blank"">@ggoppm3</a>",9,3,52.25,0.733,2,13,0,1261.333,92.333,0,0.667
"<a href=""https://tiktok.com/@gkg7i3jzg6"" target=""_blank"">@gkg7i3jzg6</a>",24,3,65,0.667,1,6,0,1311,177,0,0
"<a href=""https://tiktok.com/@gl8esfgde7"" target=""_blank"">@gl8esfgde7</a>",3,2,50.333,0.708,2,12,0,6113.5,48.5,0,0
"<a href=""https://tiktok.com/@gmhygcyo48"" target=""_blank"">@gmhygcyo48</a>",19,4,59.778,0.933,3,20,0,3860.571,153,3.714,13.143
"<a href=""https://tiktok.com/@gonzalez.ronaldkk"" target=""_blank"">@gonzalez.ronaldkk</a>",5,2,55.667,0.75,1,6,0,12037,119,0,1
"<a href=""https://tiktok.com/@gskpccbd"" target=""_blank"">@gskpccbd</a>",33,6,36.667,1,1,12,0,9237.167,124.833,2.833,2
"<a href=""https://tiktok.com/@haly7irzx5"" target=""_blank"">@haly7irzx5</a>",29,3,41.095,0.85,4,34,0,65,1,0,0
"<a href=""https://tiktok.com/@hayes.hyman"" target=""_blank"">@hayes.hyman</a>",39,3,58.125,1,1,8,0,622.333,37.333,0,1.667
"<a href=""https://tiktok.com/@hbelc4xry9"" target=""_blank"">@hbelc4xry9</a>",17,3,49.631,1,4,27,0,93.333,0.333,0,0
"<a href=""https://tiktok.com/@hdzmdioo"" target=""_blank"">@hdzmdioo</a>",42,3,40.389,0.917,3,21,0,856.333,49.667,1.333,0
"<a href=""https://tiktok.com/@hffrr976575"" target=""_blank"">@hffrr976575</a>",33,6,36.667,1,1,12,0,17630.333,500,4.5,2.333
"<a href=""https://tiktok.com/@houboo44"" target=""_blank"">@houboo44</a>",9,3,47.898,0.911,6,51,0,3682,129.667,0,0.333
"<a href=""https://tiktok.com/@hourvzer_film"" target=""_blank"">@hourvzer_film</a>",38,3,60.889,0.8,1,9,0,6684.667,162.667,0.667,1
"<a href=""https://tiktok.com/@hvwadkmlr5"" target=""_blank"">@hvwadkmlr5</a>",28,3,53.833,0.775,2,12,0,1389,47,8.333,0
"<a href=""https://tiktok.com/@hxavnxh"" target=""_blank"">@hxavnxh</a>",22,8,59.771,0.952,3,29,0,22328.5,413.625,5.167,3.875
"<a href=""https://tiktok.com/@i0omaytcr3"" target=""_blank"">@i0omaytcr3</a>",26,3,68.458,0.875,2,14,0,327,31.333,0,0
"<a href=""https://tiktok.com/@jackson.kevinff"" target=""_blank"">@jackson.kevinff</a>",2,2,47.333,0.875,2,12,0,3146,29,1,0
"<a href=""https://tiktok.com/@jdprecu9v5"" target=""_blank"">@jdprecu9v5</a>",14,2,56.5,1,1,6,0,2676,62,3,14
"<a href=""https://tiktok.com/@jdv3bffzb0"" target=""_blank"">@jdv3bffzb0</a>",9,3,47.427,1,6,51,0,2649.667,65.333,0,1
"<a href=""https://tiktok.com/@ju.bao.pen888"" target=""_blank"">@ju.bao.pen888</a>",25,3,41.5,1,1,6,0,667.333,44.333,0,0.333
"<a href=""https://tiktok.com/@kh1eux8ci3"" target=""_blank"">@kh1eux8ci3</a>",8,3,52.625,0.767,3,20,0,203,1.333,0,0
"<a href=""https://tiktok.com/@klcc00.2"" target=""_blank"">@klcc00.2</a>",29,3,41.512,0.85,4,34,0,720.333,28.667,0.333,0.333
"<a href=""https://tiktok.com/@kskokmtf89a"" target=""_blank"">@kskokmtf89a</a>",34,4,67.875,1,1,8,0,4135,70.25,0.25,0.25
"<a href=""https://tiktok.com/@ku8yq0mxb3"" target=""_blank"">@ku8yq0mxb3</a>",8,3,52.308,0.783,3,21,0,412,22,0.333,4.667
"<a href=""https://tiktok.com/@kvwwqn6rj1"" target=""_blank"">@kvwwqn6rj1</a>",9,3,56.907,0.911,6,41,0,1743,91,0,0
"<a href=""https://tiktok.com/@landscape5670"" target=""_blank"">@landscape5670</a>",22,8,58.17,0.886,5,41,0,81250.5,1927.375,56.667,514.5
"<a href=""https://tiktok.com/@lewiszacharypop"" target=""_blank"">@lewiszacharypop</a>",2,3,49.75,0.875,2,15,0,491.667,18.333,0.333,0
"<a href=""https://tiktok.com/@lhmmwonr00"" target=""_blank"">@lhmmwonr00</a>",7,3,95.167,0.75,1,6,0,2710.333,128,2.333,2.667
"<a href=""https://tiktok.com/@lm6iw4uyz9"" target=""_blank"">@lm6iw4uyz9</a>",28,3,55.667,0.867,3,18,0,500,57.333,0.333,0
"<a href=""https://tiktok.com/@luru.hagu"" target=""_blank"">@luru.hagu</a>",31,3,58.167,0.75,1,6,0,3284.333,80.333,0.667,0.333
"<a href=""https://tiktok.com/@lz5yp3fsa8"" target=""_blank"">@lz5yp3fsa8</a>",11,3,43.571,1,1,7,0,0,0,0,0
"<a href=""https://tiktok.com/@m8o475hro0"" target=""_blank"">@m8o475hro0</a>",35,2,32.167,1,1,6,0,5882.2,62,2,0.8
"<a href=""https://tiktok.com/@mayou2665"" target=""_blank"">@mayou2665</a>",5,3,43.556,0.917,3,18,0,739.667,36.333,0,0
"<a href=""https://tiktok.com/@mcmvtykcu4"" target=""_blank"">@mcmvtykcu4</a>",19,6,54.506,0.958,4,25,0,4198.9,101.2,3.1,4.4
"<a href=""https://tiktok.com/@mogdyat"" target=""_blank"">@mogdyat</a>",38,3,60.889,0.8,1,9,0,3214,362.667,0.667,2.333
"<a href=""https://tiktok.com/@movies_bb"" target=""_blank"">@movies_bb</a>",52,3,48.333,1,1,6,0,1285.667,84.667,0.667,0.667
"<a href=""https://tiktok.com/@mudaed2"" target=""_blank"">@mudaed2</a>",53,4,65.111,1,1,9,0,689.75,28.5,0.75,0.25
"<a href=""https://tiktok.com/@mwmnolke35"" target=""_blank"">@mwmnolke35</a>",18,6,44,0.938,2,16,0,31120.875,400,4.125,7.625
"<a href=""https://tiktok.com/@nem79xvsg3"" target=""_blank"">@nem79xvsg3</a>",8,3,57.024,0.9,2,13,0,1394.333,12.333,0,0.333
"<a href=""https://tiktok.com/@ng7i4ofp59"" target=""_blank"">@ng7i4ofp59</a>",6,3,45.202,1,2,13,0,4766.333,117.667,0.333,3
"<a href=""https://tiktok.com/@nk0eyxwjh1"" target=""_blank"">@nk0eyxwjh1</a>",13,3,71.571,1,1,7,0,484.667,5.667,0,0
"<a href=""https://tiktok.com/@o11yjxlrl4"" target=""_blank"">@o11yjxlrl4</a>",3,3,60.389,0.775,2,15,0,695.333,89.333,0,1
"<a href=""https://tiktok.com/@oeplbsknc6"" target=""_blank"">@oeplbsknc6</a>",18,9,51.538,0.844,2,17,0,38805.6,746.6,14.4,10.8
"<a href=""https://tiktok.com/@ohu594yfj8"" target=""_blank"">@ohu594yfj8</a>",23,3,59.286,0.6,1,7,0,919,121.667,0,0.333
"<a href=""https://tiktok.com/@ohy3vixue6"" target=""_blank"">@ohy3vixue6</a>",10,3,52,1,1,8,0,0,0,1,0
"<a href=""https://tiktok.com/@onjl6nhlp8"" target=""_blank"">@onjl6nhlp8</a>",16,3,57,1,2,12,0,3910.667,130,3.333,18.333
"<a href=""https://tiktok.com/@onwunli.izsak"" target=""_blank"">@onwunli.izsak</a>",29,3,42.163,0.8,4,34,0,3029.333,67.333,12.333,1
"<a href=""https://tiktok.com/@oxvfrdwxb2"" target=""_blank"">@oxvfrdwxb2</a>",26,2,69.667,0.75,1,6,0,339,31.5,0,0.5
"<a href=""https://tiktok.com/@oz6tsn80f7"" target=""_blank"">@oz6tsn80f7</a>",15,3,45.333,1,1,6,0,131,0.667,0,0
"<a href=""https://tiktok.com/@perry.catheriness"" target=""_blank"">@perry.catheriness</a>",2,3,49.583,1,2,15,0,4374.667,72,0.667,0.667
"<a href=""https://tiktok.com/@phat.baovv"" target=""_blank"">@phat.baovv</a>",4,3,47.167,1,1,6,0,192.667,7,0.333,0
"<a href=""https://tiktok.com/@pmfuc4evb2"" target=""_blank"">@pmfuc4evb2</a>",25,3,41.5,1,1,6,0,318.667,19,0.333,0.333
"<a href=""https://tiktok.com/@pung_movie"" target=""_blank"">@pung_movie</a>",52,2,48.333,1,1,6,0,1108.5,46,0,0
"<a href=""https://tiktok.com/@pvmpqogtt1"" target=""_blank"">@pvmpqogtt1</a>",11,3,43.571,1,1,7,0,0,0,1,0
"<a href=""https://tiktok.com/@q5hbkduxc0"" target=""_blank"">@q5hbkduxc0</a>",19,7,58.224,0.879,6,43,0,2242.667,106.778,3.222,9
"<a href=""https://tiktok.com/@qaf4jbflw4"" target=""_blank"">@qaf4jbflw4</a>",18,6,48.326,0.866,2,17,0,1287.556,116.222,0,1.667
"<a href=""https://tiktok.com/@qak3xdepv5"" target=""_blank"">@qak3xdepv5</a>",26,3,67.25,1,1,8,0,539.333,80,0.333,0.667
"<a href=""https://tiktok.com/@qnk0c8xax6"" target=""_blank"">@qnk0c8xax6</a>",20,7,84.655,0.917,3,21,0,8002.1,186.6,2.333,0.9
"<a href=""https://tiktok.com/@qocemgdee1"" target=""_blank"">@qocemgdee1</a>",30,3,54,0.75,2,12,0,241753,18200,123.667,4254
"<a href=""https://tiktok.com/@qxrzhfl3g4"" target=""_blank"">@qxrzhfl3g4</a>",14,3,53.5,1,1,6,0,109,3,0,0
"<a href=""https://tiktok.com/@r4uwm3vcl9"" target=""_blank"">@r4uwm3vcl9</a>",20,6,80.833,0.75,1,6,0,850.714,32.429,0,0.143
"<a href=""https://tiktok.com/@r8lp0mz1k3"" target=""_blank"">@r8lp0mz1k3</a>",6,3,44.702,1,2,13,0,1087.667,51.333,0.667,1.667
"<a href=""https://tiktok.com/@rdrgr6sqa6"" target=""_blank"">@rdrgr6sqa6</a>",19,5,70.143,0.794,3,19,0,4254.625,97.125,1.75,11.25
"<a href=""https://tiktok.com/@rgf3gc2hu1"" target=""_blank"">@rgf3gc2hu1</a>",20,8,53.5,0.75,2,12,0.001,2099.5,60.875,1.333,0.375
"<a href=""https://tiktok.com/@robloxgamers7575"" target=""_blank"">@robloxgamers7575</a>",34,4,67.875,1,1,8,0,13557,38.2,0.4,1.6
"<a href=""https://tiktok.com/@roo6qxidk4"" target=""_blank"">@roo6qxidk4</a>",9,3,47.945,0.933,6,50,0,2017.333,100,0.667,0.333
"<a href=""https://tiktok.com/@rosslarryqq"" target=""_blank"">@rosslarryqq</a>",5,2,59.5,1,1,6,0,3068.5,34,0.5,0.5
"<a href=""https://tiktok.com/@ruiwen176"" target=""_blank"">@ruiwen176</a>",4,2,47.167,1,1,6,0,1820.5,13.5,0.5,0
"<a href=""https://tiktok.com/@rv65gv8107"" target=""_blank"">@rv65gv8107</a>",30,3,44.333,1,2,12,0,4060.667,126.333,1.333,13.333
"<a href=""https://tiktok.com/@s259ewjfs4"" target=""_blank"">@s259ewjfs4</a>",14,3,60.444,1,3,18,0,78.667,1,0.333,0.333
"<a href=""https://tiktok.com/@samms.yong"" target=""_blank"">@samms.yong</a>",29,3,57.842,0.833,6,43,0.001,723.667,40.333,3,0.667
"<a href=""https://tiktok.com/@sasapco"" target=""_blank"">@sasapco</a>",22,5,65.75,1,2,13,0,9943.4,307.6,10.667,62.4
"<a href=""https://tiktok.com/@satsyou"" target=""_blank"">@satsyou</a>",22,7,68.25,0.786,3,23,0,30335.375,337.5,6.833,24.5
"<a href=""https://tiktok.com/@shvchjds"" target=""_blank"">@shvchjds</a>",22,7,61.173,0.825,4,25,0,182367.25,2340.25,2420,343.75
"<a href=""https://tiktok.com/@sky5kdg923"" target=""_blank"">@sky5kdg923</a>",20,6,49.107,0.875,2,13,0,1361.444,21.778,0.429,0.111
"<a href=""https://tiktok.com/@spop62"" target=""_blank"">@spop62</a>",3,3,58.389,0.733,2,15,0,833.333,10,0.333,0
"<a href=""https://tiktok.com/@t7v4eaepj7"" target=""_blank"">@t7v4eaepj7</a>",35,3,32.167,1,1,6,0,2419,38.667,0.333,0.333
"<a href=""https://tiktok.com/@tfcihuirs7"" target=""_blank"">@tfcihuirs7</a>",9,3,58.771,0.895,7,56,0,1911,61.333,0,0.333
"<a href=""https://tiktok.com/@tiantbaodam"" target=""_blank"">@tiantbaodam</a>",6,3,48.937,0.933,3,20,0,2133,109.333,3.333,16.333
"<a href=""https://tiktok.com/@txhazulmt9"" target=""_blank"">@txhazulmt9</a>",16,3,53.167,1,2,12,0,151.667,1.333,0,0
"<a href=""https://tiktok.com/@ueauxtwdx1"" target=""_blank"">@ueauxtwdx1</a>",20,4,65.167,0.75,2,12,0,150.6,4.6,0.2,0
"<a href=""https://tiktok.com/@uhzmbyv8r4"" target=""_blank"">@uhzmbyv8r4</a>",15,3,45.333,1,1,6,0,181,4.667,0,0
"<a href=""https://tiktok.com/@uky1v1l5c8"" target=""_blank"">@uky1v1l5c8</a>",39,3,58.125,1,1,8,0,658,58.667,0.333,0.667
"<a href=""https://tiktok.com/@usehsb991537194"" target=""_blank"">@usehsb991537194</a>",54,8,53.833,1,1,6,0,39,1.25,0,0
"<a href=""https://tiktok.com/@usejd50651"" target=""_blank"">@usejd50651</a>",54,8,64.333,0.8,1,6,0,470.75,20.875,0.375,0
"<a href=""https://tiktok.com/@user1729128036948"" target=""_blank"">@user1729128036948</a>",7,2,95.167,0.75,1,6,0,4855.5,16.5,0,0
"<a href=""https://tiktok.com/@user29324178625054"" target=""_blank"">@user29324178625054</a>",27,3,50.021,1,2,14,0,2992,247.333,0.667,1.333
"<a href=""https://tiktok.com/@user33028360237300"" target=""_blank"">@user33028360237300</a>",8,2,59.333,1,1,6,0,4619.5,37.5,0,0.5
"<a href=""https://tiktok.com/@user334530810636"" target=""_blank"">@user334530810636</a>",10,3,52,1,1,8,0,0,0,0.333,0
"<a href=""https://tiktok.com/@user33477911224014"" target=""_blank"">@user33477911224014</a>",55,6,74,0.8,1,6,0,342.833,19.5,0,0
"<a href=""https://tiktok.com/@user4793330767280"" target=""_blank"">@user4793330767280</a>",27,2,52.5,0.875,2,12,0,1629,92.5,2,1.5
"<a href=""https://tiktok.com/@user9355913801587"" target=""_blank"">@user9355913801587</a>",8,2,52.333,0.75,1,6,0,3545.5,22,0.5,2.5
"<a href=""https://tiktok.com/@uuxbqresx9"" target=""_blank"">@uuxbqresx9</a>",19,7,60.51,0.888,5,36,0,2476.778,55.222,2.556,2
"<a href=""https://tiktok.com/@v0tgsso365"" target=""_blank"">@v0tgsso365</a>",19,10,52.284,0.95,5,44,0,5522.8,116.2,3.7,9.9
"<a href=""https://tiktok.com/@vdv9iggyi7"" target=""_blank"">@vdv9iggyi7</a>",19,9,50.2,0.944,3,26,0,5416,117.3,3.6,5.8
"<a href=""https://tiktok.com/@wjyhbrzuu9"" target=""_blank"">@wjyhbrzuu9</a>",20,5,67.417,0.833,3,20,0.001,6790.5,109.4,2.333,0.4
"<a href=""https://tiktok.com/@wkazacvdf2"" target=""_blank"">@wkazacvdf2</a>",51,3,54.778,0.8,1,9,0,204,8,0,0
"<a href=""https://tiktok.com/@xuiesuquu7"" target=""_blank"">@xuiesuquu7</a>",21,6,45.5,0.8,1,6,0,2385.3,36.8,2.167,0.1
"<a href=""https://tiktok.com/@ynrmwjd2c7"" target=""_blank"">@ynrmwjd2c7</a>",20,6,96,0.75,1,6,0,2557.75,65.375,1,0.875
"<a href=""https://tiktok.com/@yyctxbefw0"" target=""_blank"">@yyctxbefw0</a>",13,3,71.571,1,1,7,0,260.333,11,0.333,0.333
"<a href=""https://tiktok.com/@z4jb4vanw5"" target=""_blank"">@z4jb4vanw5</a>",31,2,58.167,0.75,1,6,0,402885.5,4447.5,50,99
"<a href=""https://tiktok.com/@zafke3177"" target=""_blank"">@zafke3177</a>",36,4,57.5,0.75,1,6,0,584.5,49.75,0.5,0.5
"<a href=""https://tiktok.com/@zepfe9ug93"" target=""_blank"">@zepfe9ug93</a>",12,3,43.5,0.667,1,6,0,0,0,0,0
"<a href=""https://tiktok.com/@zh3fubhol7"" target=""_blank"">@zh3fubhol7</a>",6,3,44.667,0.8,1,6,0,3902,26,0.333,0.333
"<a href=""https://tiktok.com/@zt8fxkpfc4"" target=""_blank"">@zt8fxkpfc4</a>",28,3,49.181,0.85,3,20,0,349,28,0,0
