"Network","Number of Accounts","Network Density","Network Diameter","Clustering Coefficient","Avg Views","Avg Likes","Avg Comments","Avg Shares","Member Accounts"
1,2,1,8,0,130.167,5.833,0,0,"ddsc0gnt19, dzz5zifvb5"
2,3,1,9,1,2611.375,41.125,0.625,0.25,"jackson.kevinff, lewiszacharypop, perry.catheriness"
3,3,1,9,1,2101.625,49.375,0.125,0.375,"o11yjxlrl4, gl8esfgde7, spop62"
4,2,1,6,0,843.8,9.6,0.4,0,"phat.baovv, ruiwen176"
5,4,0.5,12,0,11404.444,127.333,1.667,2.667,"evanstimothyzz, gonzalez.ronaldkk, mayou2665, rosslarryqq"
6,4,0.667,13,0.6,2972.25,76.083,1.167,5.333,"r8lp0mz1k3, ng7i4ofp59, tiantbaodam, zh3fubhol7"
7,2,1,6,0,3568.4,83.4,1.4,1.6,"lhmmwonr00, user1729128036948"
8,6,0.4,27,0.375,1914.933,18.933,0.133,1.467,"kh1eux8ci3, user9355913801587, ku8yq0mxb3, breaking9203, user33028360237300, nem79xvsg3"
9,8,0.786,14,0.869,2141.417,95.542,0.125,0.542,"bopklolm, fpoe54kaj2, houboo44, jdv3bffzb0, roo6qxidk4, kvwwqn6rj1, ggoppm3, tfcihuirs7"
10,2,1,8,0,0,0,0.667,0,"ohy3vixue6, user334530810636"
11,2,1,7,0,0,0,0.5,0,"pvmpqogtt1, lz5yp3fsa8"
12,2,1,6,0,0,0,0,0,"fps4k6y046, zepfe9ug93"
13,2,1,7,0,372.5,8.333,0.167,0.167,"nk0eyxwjh1, yyctxbefw0"
14,4,0.5,12,0,626.545,16.909,0.727,2.636,"bmdpczgma2, jdprecu9v5, qxrzhfl3g4, s259ewjfs4"
15,2,1,6,0,156,2.667,0,0,"oz6tsn80f7, uhzmbyv8r4"
16,4,0.667,12,0,1242.667,44.167,1.083,4.75,"enocexaz53, onjl6nhlp8, txhazulmt9, d3mezbdx81"
17,5,1,7,1,486.2,8.4,0.067,0.733,"btxin16sg0, dqqzw3xgo0, dmtdp7vsg0, ecshuhjhu7, hbelc4xry9"
18,5,0.5,26,0.5,15974.523,292.636,4.159,4.568,"fncribcs, mwmnolke35, fdvhrf3, oeplbsknc6, qaf4jbflw4"
19,8,0.607,18,0.65,10756,204.931,4.861,20.069,"gmhygcyo48, q5hbkduxc0, rdrgr6sqa6, mcmvtykcu4, v0tgsso365, uuxbqresx9, ek5dxbiw76, vdv9iggyi7"
20,7,0.333,32,0.333,3581.491,77.474,1.122,0.439,"sky5kdg923, rgf3gc2hu1, r4uwm3vcl9, qnk0c8xax6, ynrmwjd2c7, ueauxtwdx1, wjyhbrzuu9"
21,2,1,6,0,1925.944,40,1.455,0.111,"c0etd7pfo6, xuiesuquu7"
22,6,0.667,17,0.577,62663.489,1028.644,457.606,195.111,"landscape5670, sasapco, satsyou, cagnhd, hxavnxh, shvchjds"
23,2,1,7,0,956.667,109.5,0,0.167,"693hellolongyear, ohu594yfj8"
24,2,1,6,0,1166.5,147.333,0.167,0,"1997yaofacai8, gkg7i3jzg6"
25,2,1,6,0,493,31.667,0.167,0.333,"ju.bao.pen888, pmfuc4evb2"
26,3,0.667,14,0,409.625,49.625,0.125,0.375,"i0omaytcr3, qak3xdepv5, oxvfrdwxb2"
27,3,1,8,1,2579.5,263.125,0.875,1.25,"cctv8tkk7, user29324178625054, user4793330767280"
28,4,0.833,12,0.75,749.417,41.5,2.25,0,"hvwadkmlr5, lm6iw4uyz9, dusohscl88, zt8fxkpfc4"
29,7,0.619,15,0.805,1808.905,41.857,2.952,0.571,"amvtpjgyh5, haly7irzx5, klcc00.2, bfczpu1258, onwunli.izsak, eltks7n772, samms.yong"
30,4,0.833,12,0.75,62108.583,4614.917,31.25,1066.833,"qocemgdee1, rv65gv8107, gfrqcwrnf7, cckzumrc48"
31,2,1,6,0,163124.8,1827.2,20.4,39.8,"luru.hagu, z4jb4vanw5"
32,2,1,6,0,7319.571,146.214,2.071,1.857,"aedkfufutx, esperance.sulcer"
33,2,1,12,0,13433.75,312.417,3.667,2.167,"gskpccbd, hffrr976575"
34,2,1,8,0,9369.444,52.444,0.333,1,"kskokmtf89a, robloxgamers7575"
35,2,1,6,0,4583.5,53.25,1.375,0.625,"m8o475hro0, t7v4eaepj7"
36,3,0.667,12,0,883.923,50.077,0.385,0.308,"4hgkdjf, cbske2477, zafke3177"
37,2,1,8,0,4019.167,67.5,0.5,0.167,"buiyyccf3, dabao4684"
38,2,1,9,0,4949.333,262.667,0.667,1.667,"hourvzer_film, mogdyat"
39,2,1,8,0,640.167,48,0.167,1.167,"hayes.hyman, uky1v1l5c8"
40,2,1,6,0,1064.2,63.4,0,0,"8e796020, 9d2494c7"
41,3,1,9,1,185,15.875,0,0,"64e0eb6c, 32323f6a, 9a7ff267"
42,4,0.833,12,0.75,6441.667,276.333,0.667,0.667,"816bf782, ccc44676, d146da6b, hdzmdioo"
43,4,0.667,14,0.6,309.182,24.909,0,0,"13ba399c, 2c9e9efd, e9047b1d, 4bb3cc76"
44,3,0.667,13,0,125.125,10.875,0,0,"eee0ebf8, 7ead291b, e22a6795"
45,3,1,9,1,96.889,4.778,0,0,"aa8720c0, 529ec620, b3153320"
46,4,0.5,12,0,179.333,8.889,0,0,"3aea6c03, 6574f771, 04a00e20, 9572ac56"
47,2,1,6,0,254.8,14.2,0,0,"73ca97d2, b00e3a3a"
48,3,1,7,1,503.889,29.889,0.222,0,"31ac881c, 98d7eeeb, b138f999"
49,2,1,6,0,631.2,41.2,0,0,"02c61ebb, f159b13d"
50,2,1,6,0,289.833,15,0,0,"ce843bd7, evetoing.ming"
51,2,1,9,0,298.167,24.333,0,0,"fea7fiw3h2, wkazacvdf2"
52,2,1,6,0,1214.8,69.2,0.4,0.4,"movies_bb, pung_movie"
53,2,1,9,0,616.222,29.889,0.556,0.222,"mudaed2, cfjsdr"
54,3,0.667,12,0,3278.625,44.5,0.333,0.458,"usehsb991537194, usejd50651, 24c04uj"
55,2,1,6,0,403.214,27.071,0.071,0,"user33477911224014, e35rqs"
