"Account","Network","Unique Shares","Avg Time Between Shares (sec)","Edge Symmetry Score","Degree","Strength","Betweenness","Avg Views","Avg Likes","Avg Comments","Avg Shares"
"<a href=""https://tiktok.com/@fly46167"" target=""_blank"">@fly46167</a>",4,12,53.97,0.899,2,62,0,698,7,0,0
"<a href=""https://tiktok.com/@hijjk104"" target=""_blank"">@hijjk104</a>",1,6,40.39,0.9,1,18,0,2066,10,0,0
"<a href=""https://tiktok.com/@user13866749613390"" target=""_blank"">@user13866749613390</a>",5,9,39.35,0.967,2,45,0,2056,21,0,0
"<a href=""https://tiktok.com/@user1392538538860"" target=""_blank"">@user1392538538860</a>",3,9,30.64,0.963,3,60,0,1627,17,0,0
"<a href=""https://tiktok.com/@user1655672923020"" target=""_blank"">@user1655672923020</a>",2,12,50.52,0.928,6,116,0.001,1312,23,0,0
"<a href=""https://tiktok.com/@user186815388315"" target=""_blank"">@user186815388315</a>",3,11,36.38,0.919,5,93,0.004,1358,28,0,0
"<a href=""https://tiktok.com/@user2752533925867"" target=""_blank"">@user2752533925867</a>",3,6,40.61,0.972,4,69,0,818,17,0,0
"<a href=""https://tiktok.com/@user2902702201250"" target=""_blank"">@user2902702201250</a>",5,9,39.55,0.967,2,45,0,1553,25,0,0
"<a href=""https://tiktok.com/@user3372561297143"" target=""_blank"">@user3372561297143</a>",4,12,61.02,0.962,2,54,0,740,12,0,1
"<a href=""https://tiktok.com/@user3399704802070"" target=""_blank"">@user3399704802070</a>",6,5,28.36,0.889,1,11,0,1476,7,0,0
"<a href=""https://tiktok.com/@user3840831842583"" target=""_blank"">@user3840831842583</a>",2,12,68.39,0.921,6,133,0,1325,18,0,0
"<a href=""https://tiktok.com/@user4185990161303"" target=""_blank"">@user4185990161303</a>",3,11,41.35,1,4,78,0,1400,19,0,0
"<a href=""https://tiktok.com/@user4503961859441"" target=""_blank"">@user4503961859441</a>",6,6,28.36,0.889,1,11,0,1460,11,0,1
"<a href=""https://tiktok.com/@user49141232079402"" target=""_blank"">@user49141232079402</a>",3,12,36.48,0.986,5,114,0,1140,21,0,0
"<a href=""https://tiktok.com/@user4967199663697"" target=""_blank"">@user4967199663697</a>",2,12,64.7,1,5,80,0.006,1806,25,0,0
"<a href=""https://tiktok.com/@user4994507114863"" target=""_blank"">@user4994507114863</a>",1,6,40.39,0.9,1,18,0,835,3,0,0
"<a href=""https://tiktok.com/@user710495138178"" target=""_blank"">@user710495138178</a>",2,11,61.19,0.824,6,114,0.006,1662,19,0,0
"<a href=""https://tiktok.com/@user7406160207374"" target=""_blank"">@user7406160207374</a>",2,12,60.46,0.862,5,114,0,824,20,0,0
"<a href=""https://tiktok.com/@user75291696174110"" target=""_blank"">@user75291696174110</a>",2,10,68.5,0.827,5,87,0.004,1240,17,0,0
"<a href=""https://tiktok.com/@user8290923196733"" target=""_blank"">@user8290923196733</a>",5,6,31.19,1,2,36,0,372,6,0,0
"<a href=""https://tiktok.com/@user87304845050708"" target=""_blank"">@user87304845050708</a>",2,12,67.58,0.948,5,104,0,880,13,0,0
"<a href=""https://tiktok.com/@user8731425528153"" target=""_blank"">@user8731425528153</a>",3,9,40.96,0.978,5,96,0.004,933,14,0,0
"<a href=""https://tiktok.com/@yim0828"" target=""_blank"">@yim0828</a>",4,12,59.49,0.938,2,60,0,747,10,0,0
