"Network","Number of Accounts","Network Density","Network Diameter","Clustering Coefficient","Avg Views","Avg Likes","Avg Comments","Avg Shares","Member Accounts"
"Network 1: ""Body image critique and parenting boundaries discussions""",2,1,18,NA,1450.75,6.333,0,0,"user4994507114863, hijjk104"
"Network 2: Humorous lifestyle content with recurring personalities and podcast themes",7,0.905,35,0.882,1291.976,19.212,0.012,0.129,"user7406160207374, user3840831842583, user4967199663697, user710495138178, user1655672923020, user87304845050708, user75291696174110"
"Network 3: ""Humorous podcast clips with viral trends and influencer drama.""",6,0.867,36,0.867,1222.806,19.581,0.081,0.048,"user4185990161303, user2752533925867, user49141232079402, user1392538538860, user186815388315, user8731425528153"
"Network 4: Pop culture updates and legal commentary mix",3,1,34,1,728.056,9.528,0.194,0.528,"fly46167, user3372561297143, yim0828"
"Network 5: ""Public school interviews-focused repetitive TikTok content cluster""",3,1,27,1,1446.208,18.333,0.25,0.083,"user13866749613390, user2902702201250, user8290923196733"
"Network 6: ""Repetitive sensationalized content about Lily Philips' personal life""",2,1,11,NA,1467.273,9.182,0,0.909,"user3399704802070, user4503961859441"
