"Account","Network","Unique Shares","Avg Time Between Shares (sec)","Edge Symmetry Score","Degree","Strength","Betweenness","Avg Views","Avg Likes","Avg Comments","Avg Shares"
"<a href=""https://tiktok.com/@akterofficial5"" target=""_blank"">@akterofficial5</a>",1,6,71.083,0.75,2,10,0,215.375,63.375,1,1.125
"<a href=""https://tiktok.com/@hicookingfood6358"" target=""_blank"">@hicookingfood6358</a>",3,3,56.5,1,1,4,0,131.889,50.222,0.889,1.556
"<a href=""https://tiktok.com/@hsc20041"" target=""_blank"">@hsc20041</a>",2,1,22.333,0.667,1,3,0,50.5,20,1.5,0
"<a href=""https://tiktok.com/@mdali...493"" target=""_blank"">@mdali...493</a>",1,1,7,0.667,1,3,0,132.25,50.75,1.25,2.75
"<a href=""https://tiktok.com/@mdmithonislam107"" target=""_blank"">@mdmithonislam107</a>",4,3,75.667,1,1,3,0,128.167,65.167,1,7.667
"<a href=""https://tiktok.com/@mksohelcox"" target=""_blank"">@mksohelcox</a>",1,3,56.083,0.583,2,9,0,51.5,10,1.5,0
"<a href=""https://tiktok.com/@mranamulhoque4"" target=""_blank"">@mranamulhoque4</a>",1,6,43,0.556,3,10,0.03,124.667,49,1.222,0.778
"<a href=""https://tiktok.com/@ronikhan22340"" target=""_blank"">@ronikhan22340</a>",4,9,57.667,0.833,2,6,0.015,128.417,34,0.25,1.583
"<a href=""https://tiktok.com/@shohidul8060"" target=""_blank"">@shohidul8060</a>",3,6,56.9,0.75,3,13,0.045,114,49.333,0,0.167
"<a href=""https://tiktok.com/@sm.mitale"" target=""_blank"">@sm.mitale</a>",2,6,22.333,0.667,1,3,0,109.4,44.2,0.6,0.2
"<a href=""https://tiktok.com/@user48301618093621"" target=""_blank"">@user48301618093621</a>",4,1,39.667,0.667,1,3,0,128.667,46.667,0.667,0
"<a href=""https://tiktok.com/@user5699597151255"" target=""_blank"">@user5699597151255</a>",3,2,52,0.5,1,4,0,132,62.909,1.455,1.455
"<a href=""https://tiktok.com/@user8151567859414"" target=""_blank"">@user8151567859414</a>",3,2,62.2,0.75,1,5,0,119,15.5,1.5,2.5
