"Network","Number of Accounts","Network Density","Network Diameter","Clustering Coefficient","Avg Views","Avg Likes","Avg Comments","Avg Shares","Member Accounts"
1,4,0.667,7,0.6,143.2,47.64,1.2,1.08,"mdali...493, mranamulhoque4, akterofficial5, mksohelcox"
2,2,1,3,NA,99.583,40.167,0.75,0.167,"hsc20041, sm.mitale"
3,4,0.5,9,0,127.179,52.536,0.964,1.286,"hicookingfood6358, shohidul8060, user5699597151255, user8151567859414"
4,3,0.667,6,0,128.381,44.714,0.524,3.095,"ronikhan22340, mdmithonislam107, user48301618093621"
