"Account","Network","Unique Shares","Avg Time Between Shares (sec)","Edge Symmetry Score","Degree","Strength","Betweenness","Avg Views","Avg Likes","Avg Comments","Avg Shares"
"<a href=""https://tiktok.com/@bnk6658"" target=""_blank"">@bnk6658</a>",2,3,57.238,0.9,2,16,0,5180.667,269.333,2,2
"<a href=""https://tiktok.com/@epfwigvobi27ut"" target=""_blank"">@epfwigvobi27ut</a>",1,3,51.75,0.8,1,8,0,11660.667,51.667,0.667,1
"<a href=""https://tiktok.com/@fhc6075"" target=""_blank"">@fhc6075</a>",2,3,49.857,1,2,14,0,3373.333,57.667,0,0.333
"<a href=""https://tiktok.com/@hh56483"" target=""_blank"">@hh56483</a>",2,3,68.952,0.9,2,16,0,2588.333,111.667,0.333,0.667
"<a href=""https://tiktok.com/@mkudgczo"" target=""_blank"">@mkudgczo</a>",4,3,20.667,1,1,9,0,338,34.333,0.667,1
"<a href=""https://tiktok.com/@nevsafrazier"" target=""_blank"">@nevsafrazier</a>",3,3,72.333,1,1,9,0,269.333,31.667,0,0.333
"<a href=""https://tiktok.com/@ngnhlinh369"" target=""_blank"">@ngnhlinh369</a>",3,3,72.333,1,1,9,0,910,111.333,0.667,0.333
"<a href=""https://tiktok.com/@user80339861234913"" target=""_blank"">@user80339861234913</a>",1,3,51.75,0.8,1,8,0,1920.333,22.667,0.667,0.333
"<a href=""https://tiktok.com/@xyj2a69an6i0"" target=""_blank"">@xyj2a69an6i0</a>",4,3,20.667,1,1,9,0,610,35.667,1.667,9.333
