"Post URL","Network","Author","Timestamp","Number of Accounts","Views","Likes","Comments","Shares","Description"
"<a href=""https://www.tiktok.com/@fhc6075/video/7570056371987582263"" target=""_blank"" class=""btn btn-sm"" style=""background-color: #00926c; color: white; text-decoration: none; padding: 2px 8px; border-radius: 4px; font-size: 0.8em;"">View Post</a>",2,"fhc6075","2025-11-07 18:45:35",2,4495,32,0,0,"Kondisi terkini mushola PONPES Al Khoziny Sidoarjo ambruk saat salat ashar#jtvjember #evakuasi #sidoarjo #fyp"
"<a href=""https://www.tiktok.com/@bnk6658/video/7570056240257191223"" target=""_blank"" class=""btn btn-sm"" style=""background-color: #00926c; color: white; text-decoration: none; padding: 2px 8px; border-radius: 4px; font-size: 0.8em;"">View Post</a>",2,"bnk6658","2025-11-07 18:45:11",2,5086,219,1,4,"Kondisi terkini mushola PONPES Al Khoziny Sidoarjo ambruk saat salat ashar#jtvjember #evakuasi #sidoarjo #fyp"
"<a href=""https://www.tiktok.com/@fhc6075/video/7570056236142480695"" target=""_blank"" class=""btn btn-sm"" style=""background-color: #00926c; color: white; text-decoration: none; padding: 2px 8px; border-radius: 4px; font-size: 0.8em;"">View Post</a>",2,"fhc6075","2025-11-07 18:45:11",2,2227,68,0,1,"Kondisi terkini mushola PONPES Al Khoziny Sidoarjo ambruk saat salat ashar#jtvjember #evakuasi #sidoarjo #fyp"
"<a href=""https://www.tiktok.com/@bnk6658/video/7570056140554390839"" target=""_blank"" class=""btn btn-sm"" style=""background-color: #00926c; color: white; text-decoration: none; padding: 2px 8px; border-radius: 4px; font-size: 0.8em;"">View Post</a>",2,"bnk6658","2025-11-07 18:45:09",2,6196,433,4,2,"Kondisi terkini mushola PONPES Al Khoziny Sidoarjo ambruk saat salat ashar#jtvjember #evakuasi #sidoarjo #fyp"
"<a href=""https://www.tiktok.com/@hh56483/video/7570055926305099022"" target=""_blank"" class=""btn btn-sm"" style=""background-color: #00926c; color: white; text-decoration: none; padding: 2px 8px; border-radius: 4px; font-size: 0.8em;"">View Post</a>",2,"hh56483","2025-11-07 18:44:04",2,1410,71,0,1,"Kondisi terkini mushola PONPES Al Khoziny Sidoarjo ambruk saat salat ashar#jtvjember #evakuasi #sidoarjo #fyp"
"<a href=""https://www.tiktok.com/@fhc6075/video/7570055888707325239"" target=""_blank"" class=""btn btn-sm"" style=""background-color: #00926c; color: white; text-decoration: none; padding: 2px 8px; border-radius: 4px; font-size: 0.8em;"">View Post</a>",2,"fhc6075","2025-11-07 18:43:53",2,3398,73,0,0,"Kondisi terkini mushola PONPES Al Khoziny Sidoarjo ambruk saat salat ashar#jtvjember #evakuasi #sidoarjo #fyp"
"<a href=""https://www.tiktok.com/@hh56483/video/7570055840590269751"" target=""_blank"" class=""btn btn-sm"" style=""background-color: #00926c; color: white; text-decoration: none; padding: 2px 8px; border-radius: 4px; font-size: 0.8em;"">View Post</a>",2,"hh56483","2025-11-07 18:43:26",2,3888,152,0,1,"Kondisi terkini mushola PONPES Al Khoziny Sidoarjo ambruk saat salat ashar#jtvjember #evakuasi #sidoarjo #fyp"
"<a href=""https://www.tiktok.com/@hh56483/video/7570055746419707191"" target=""_blank"" class=""btn btn-sm"" style=""background-color: #00926c; color: white; text-decoration: none; padding: 2px 8px; border-radius: 4px; font-size: 0.8em;"">View Post</a>",2,"hh56483","2025-11-07 18:43:27",2,2467,112,1,0,"Kondisi terkini mushola PONPES Al Khoziny Sidoarjo ambruk saat salat ashar#jtvjember #evakuasi #sidoarjo #fyp"
"<a href=""https://www.tiktok.com/@bnk6658/video/7570055622754864398"" target=""_blank"" class=""btn btn-sm"" style=""background-color: #00926c; color: white; text-decoration: none; padding: 2px 8px; border-radius: 4px; font-size: 0.8em;"">View Post</a>",2,"bnk6658","2025-11-07 18:42:52",2,4260,156,1,0,"Kondisi terkini mushola PONPES Al Khoziny Sidoarjo ambruk saat salat ashar#jtvjember #evakuasi #sidoarjo #fyp"
"<a href=""https://www.tiktok.com/@user80339861234913/video/7570135878568365367"" target=""_blank"" class=""btn btn-sm"" style=""background-color: #00926c; color: white; text-decoration: none; padding: 2px 8px; border-radius: 4px; font-size: 0.8em;"">View Post</a>",1,"user80339861234913","2025-11-07 23:53:55",1,4047,27,0,0,"Kondisi terkini mushola PONPES Al Khoziny Sidoarjo ambruk saat salat ashar #jtvjember #evakuasi #sidoarjo #fyp"
"<a href=""https://www.tiktok.com/@epfwigvobi27ut/video/7570135746598718734"" target=""_blank"" class=""btn btn-sm"" style=""background-color: #00926c; color: white; text-decoration: none; padding: 2px 8px; border-radius: 4px; font-size: 0.8em;"">View Post</a>",1,"epfwigvobi27ut","2025-11-07 23:53:24",1,21215,47,2,3,"Kondisi terkini mushola PONPES Al Khoziny Sidoarjo ambruk saat salat ashar #jtvjember #evakuasi #sidoarjo #fyp"
"<a href=""https://www.tiktok.com/@user80339861234913/video/7570135736855383351"" target=""_blank"" class=""btn btn-sm"" style=""background-color: #00926c; color: white; text-decoration: none; padding: 2px 8px; border-radius: 4px; font-size: 0.8em;"">View Post</a>",1,"user80339861234913","2025-11-07 23:53:25",1,674,24,1,0,"Kondisi terkini mushola PONPES Al Khoziny Sidoarjo ambruk saat salat ashar #jtvjember #evakuasi #sidoarjo #fyp"
"<a href=""https://www.tiktok.com/@epfwigvobi27ut/video/7570135508731399479"" target=""_blank"" class=""btn btn-sm"" style=""background-color: #00926c; color: white; text-decoration: none; padding: 2px 8px; border-radius: 4px; font-size: 0.8em;"">View Post</a>",1,"epfwigvobi27ut","2025-11-07 23:52:29",1,6129,22,0,0,"Kondisi terkini mushola PONPES Al Khoziny Sidoarjo ambruk saat salat ashar #jtvjember #evakuasi #sidoarjo #fyp"
"<a href=""https://www.tiktok.com/@user80339861234913/video/7570135452791901495"" target=""_blank"" class=""btn btn-sm"" style=""background-color: #00926c; color: white; text-decoration: none; padding: 2px 8px; border-radius: 4px; font-size: 0.8em;"">View Post</a>",1,"user80339861234913","2025-11-07 23:52:10",1,1040,17,1,1,"Kondisi terkini mushola PONPES Al Khoziny Sidoarjo ambruk saat salat ashar #jtvjember #evakuasi #sidoarjo #fyp"
"<a href=""https://www.tiktok.com/@epfwigvobi27ut/video/7570135277600001293"" target=""_blank"" class=""btn btn-sm"" style=""background-color: #00926c; color: white; text-decoration: none; padding: 2px 8px; border-radius: 4px; font-size: 0.8em;"">View Post</a>",1,"epfwigvobi27ut","2025-11-07 23:51:34",1,7638,86,0,0,"Kondisi terkini mushola PONPES Al Khoziny Sidoarjo ambruk saat salat ashar #jtvjember #evakuasi #sidoarjo #fyp"
"<a href=""https://www.tiktok.com/@ngnhlinh369/video/7570057836743494925"" target=""_blank"" class=""btn btn-sm"" style=""background-color: #00926c; color: white; text-decoration: none; padding: 2px 8px; border-radius: 4px; font-size: 0.8em;"">View Post</a>",3,"ngnhlinh369","2025-11-07 18:51:23",1,918,123,0,0,"Kondisi terkini mushola PONPES AI Khoziny Sidoarjo ambruk Saat salat ashar#jtvjember #evakuasi #sidoarjo #fyp"
"<a href=""https://www.tiktok.com/@ngnhlinh369/video/7570057798818483511"" target=""_blank"" class=""btn btn-sm"" style=""background-color: #00926c; color: white; text-decoration: none; padding: 2px 8px; border-radius: 4px; font-size: 0.8em;"">View Post</a>",3,"ngnhlinh369","2025-11-07 18:51:12",1,985,141,1,0,"Kondisi terkini mushola PONPES AI Khoziny Sidoarjo ambruk Saat salat ashar#jtvjember #evakuasi #sidoarjo #fyp"
"<a href=""https://www.tiktok.com/@ngnhlinh369/video/7570057724944338231"" target=""_blank"" class=""btn btn-sm"" style=""background-color: #00926c; color: white; text-decoration: none; padding: 2px 8px; border-radius: 4px; font-size: 0.8em;"">View Post</a>",3,"ngnhlinh369","2025-11-07 18:51:04",1,827,70,1,1,"Kondisi terkini mushola PONPES AI Khoziny Sidoarjo ambruk Saat salat ashar#jtvjember #evakuasi #sidoarjo #fyp"
"<a href=""https://www.tiktok.com/@nevsafrazier/video/7570057590973959454"" target=""_blank"" class=""btn btn-sm"" style=""background-color: #00926c; color: white; text-decoration: none; padding: 2px 8px; border-radius: 4px; font-size: 0.8em;"">View Post</a>",3,"nevsafrazier","2025-11-07 18:50:14",1,341,60,0,1,"Kondisi terkini mushola PONPES AI Khoziny Sidoarjo ambruk Saat salat ashar#jtvjember #evakuasi #sidoarjo #fyp"
"<a href=""https://www.tiktok.com/@nevsafrazier/video/7570057541326097694"" target=""_blank"" class=""btn btn-sm"" style=""background-color: #00926c; color: white; text-decoration: none; padding: 2px 8px; border-radius: 4px; font-size: 0.8em;"">View Post</a>",3,"nevsafrazier","2025-11-07 18:49:59",1,215,19,0,0,"Kondisi terkini mushola PONPES AI Khoziny Sidoarjo ambruk Saat salat ashar#jtvjember #evakuasi #sidoarjo #fyp"
"<a href=""https://www.tiktok.com/@nevsafrazier/video/7570057531968523550"" target=""_blank"" class=""btn btn-sm"" style=""background-color: #00926c; color: white; text-decoration: none; padding: 2px 8px; border-radius: 4px; font-size: 0.8em;"">View Post</a>",3,"nevsafrazier","2025-11-07 18:49:49",1,252,16,0,0,"Kondisi terkini mushola PONPES AI Khoziny Sidoarjo ambruk Saat salat ashar#jtvjember #evakuasi #sidoarjo #fyp"
"<a href=""https://www.tiktok.com/@xyj2a69an6i0/video/7569534920796671263"" target=""_blank"" class=""btn btn-sm"" style=""background-color: #00926c; color: white; text-decoration: none; padding: 2px 8px; border-radius: 4px; font-size: 0.8em;"">View Post</a>",4,"xyj2a69an6i0","2025-11-06 09:02:32",1,512,73,2,1,"KondisiterkinimusholaPONPESAIKhozinySidoarjoambruksaatsalatashar #jtvjember #evakuasi #sidoarjo #fyp"
"<a href=""https://www.tiktok.com/@mkudgczo/video/7569534841515969823"" target=""_blank"" class=""btn btn-sm"" style=""background-color: #00926c; color: white; text-decoration: none; padding: 2px 8px; border-radius: 4px; font-size: 0.8em;"">View Post</a>",4,"mkudgczo","2025-11-06 09:02:15",1,327,35,1,1,"KondisiterkinimusholaPONPESAIKhozinySidoarjoambruksaatsalatashar #jtvjember #evakuasi #sidoarjo #fyp"
"<a href=""https://www.tiktok.com/@xyj2a69an6i0/video/7569534762923167006"" target=""_blank"" class=""btn btn-sm"" style=""background-color: #00926c; color: white; text-decoration: none; padding: 2px 8px; border-radius: 4px; font-size: 0.8em;"">View Post</a>",4,"xyj2a69an6i0","2025-11-06 09:02:00",1,803,24,0,5,"KondisiterkinimusholaPONPESAIKhozinySidoarjoambruksaatsalatashar #jtvjember #evakuasi #sidoarjo #fyp"
"<a href=""https://www.tiktok.com/@mkudgczo/video/7569534761643855135"" target=""_blank"" class=""btn btn-sm"" style=""background-color: #00926c; color: white; text-decoration: none; padding: 2px 8px; border-radius: 4px; font-size: 0.8em;"">View Post</a>",4,"mkudgczo","2025-11-06 09:01:43",1,364,28,0,1,"KondisiterkinimusholaPONPESAIKhozinySidoarjoambruksaatsalatashar #jtvjember #evakuasi #sidoarjo #fyp"
"<a href=""https://www.tiktok.com/@mkudgczo/video/7569534758334549279"" target=""_blank"" class=""btn btn-sm"" style=""background-color: #00926c; color: white; text-decoration: none; padding: 2px 8px; border-radius: 4px; font-size: 0.8em;"">View Post</a>",4,"mkudgczo","2025-11-06 09:02:04",1,323,40,1,1,"KondisiterkinimusholaPONPESAIKhozinySidoarjoambruksaatsalatashar #jtvjember #evakuasi #sidoarjo #fyp"
"<a href=""https://www.tiktok.com/@xyj2a69an6i0/video/7569534682459622687"" target=""_blank"" class=""btn btn-sm"" style=""background-color: #00926c; color: white; text-decoration: none; padding: 2px 8px; border-radius: 4px; font-size: 0.8em;"">View Post</a>",4,"xyj2a69an6i0","2025-11-06 09:01:42",1,515,10,3,22,"KondisiterkinimusholaPONPESAIKhozinySidoarjoambruksaatsalatashar #jtvjember #evakuasi #sidoarjo #fyp"
