"Account","Network","Unique Shares","Avg Time Between Shares (sec)","Edge Symmetry Score","Degree","Strength","Betweenness","Avg Views","Avg Likes","Avg Comments","Avg Shares"
"<a href=""https://tiktok.com/@.prince.sahin"" target=""_blank"">@.prince.sahin</a>",2,5,69.333,0.667,2,6,0.007,158.833,50.667,0,0.5
"<a href=""https://tiktok.com/@amitomarmoharani2580"" target=""_blank"">@amitomarmoharani2580</a>",1,6,51.667,1,1,3,0,101.7,39.9,1.7,6.6
"<a href=""https://tiktok.com/@asifur__rahman__shawon_7"" target=""_blank"">@asifur__rahman__shawon_7</a>",5,11,85.364,1,1,11,0,62.885,19.581,10.439,14.493
"<a href=""https://tiktok.com/@dipa_akter122"" target=""_blank"">@dipa_akter122</a>",1,3,48.6,0.75,1,5,0,199.6,87.2,1.2,1
"<a href=""https://tiktok.com/@emamu170"" target=""_blank"">@emamu170</a>",4,8,61.333,0.667,1,3,0,69.143,29.714,0.643,0.214
"<a href=""https://tiktok.com/@hasib.shikedfhgue"" target=""_blank"">@hasib.shikedfhgue</a>",1,3,61.833,1,1,6,0,28.4,6.2,0,0.8
"<a href=""https://tiktok.com/@jiz899"" target=""_blank"">@jiz899</a>",3,7,54.429,0.8,1,7,0,41.333,20.778,0.444,0
"<a href=""https://tiktok.com/@kilar929"" target=""_blank"">@kilar929</a>",4,3,61.333,0.667,1,3,0,201,90.667,2.333,1.333
"<a href=""https://tiktok.com/@m.d._s.h.a.w.o.n_7"" target=""_blank"">@m.d._s.h.a.w.o.n_7</a>",5,11,85.364,1,1,11,0,23.936,9.213,9.894,4.887
"<a href=""https://tiktok.com/@md.hridoy6969"" target=""_blank"">@md.hridoy6969</a>",1,3,52.5,0.5,1,4,0,202.8,77,0.4,1.8
"<a href=""https://tiktok.com/@mddukherial"" target=""_blank"">@mddukherial</a>",1,1,64.667,1,1,6,0,165.5,59,3,1
"<a href=""https://tiktok.com/@mdiqbals14"" target=""_blank"">@mdiqbals14</a>",1,6,90.033,1,2,8,0.052,317.667,122.778,1,1.333
"<a href=""https://tiktok.com/@mdshahinor53"" target=""_blank"">@mdshahinor53</a>",1,2,56.6,0.75,1,5,0,34.5,11.5,0.5,0
"<a href=""https://tiktok.com/@nipa9290"" target=""_blank"">@nipa9290</a>",2,2,60.333,0.667,1,3,0,91,44.333,1,0.333
"<a href=""https://tiktok.com/@rakibhussain624"" target=""_blank"">@rakibhussain624</a>",1,8,45.667,0.667,1,3,0,112.417,57.417,1.75,0.417
"<a href=""https://tiktok.com/@sanowarha31"" target=""_blank"">@sanowarha31</a>",1,5,87.4,1,1,5,0,120.857,49.286,0.143,0.286
"<a href=""https://tiktok.com/@shohidul8060"" target=""_blank"">@shohidul8060</a>",3,5,54.429,0.8,1,7,0,106,48.6,0,0.4
"<a href=""https://tiktok.com/@user31770786695855"" target=""_blank"">@user31770786695855</a>",2,3,78.333,0.667,1,3,0,59.667,25.5,1.5,1.833
"<a href=""https://tiktok.com/@user5699597151255"" target=""_blank"">@user5699597151255</a>",1,30,59.275,0.833,8,35,0.229,46.971,22.912,1,0.382
