"Network","Number of Accounts","Network Density","Network Diameter","Clustering Coefficient","Avg Views","Avg Likes","Avg Comments","Avg Shares","Member Accounts"
1,10,0.2,14,0,112.33,47.363,1.066,1.297,"mdiqbals14, amitomarmoharani2580, rakibhussain624, dipa_akter122, user5699597151255, md.hridoy6969, sanowarha31, mddukherial, hasib.shikedfhgue, mdshahinor53"
2,3,0.667,6,0,105.6,39.333,0.8,1,"user31770786695855, nipa9290, .prince.sahin"
3,2,1,7,NA,64.429,30.714,0.286,0.143,"jiz899, shohidul8060"
4,2,1,3,NA,92.412,40.471,0.941,0.412,"kilar929, emamu170"
5,2,1,11,NA,43.882,14.522,10.173,9.806,"asifur__rahman__shawon_7, m.d._s.h.a.w.o.n_7"
