"Account","Network","Unique Shares","Avg Time Between Shares (sec)","Edge Symmetry Score","Degree","Strength","Betweenness","Avg Views","Avg Likes","Avg Comments","Avg Shares"
"<a href=""https://tiktok.com/@adsfsdn"" target=""_blank"">@adsfsdn</a>",26,5,50.125,1,1,8,0,944,30.2,0,0
"<a href=""https://tiktok.com/@aed0267"" target=""_blank"">@aed0267</a>",39,11,59.107,0.95,2,29,0,2271.273,89.727,0.455,1.273
"<a href=""https://tiktok.com/@aed2750"" target=""_blank"">@aed2750</a>",39,6,58.727,0.875,1,11,0,1765.5,48,0.167,0.5
"<a href=""https://tiktok.com/@aed3660"" target=""_blank"">@aed3660</a>",41,7,54.761,0.929,2,19,0,12950.429,276.571,5,11.143
"<a href=""https://tiktok.com/@aed75787"" target=""_blank"">@aed75787</a>",41,6,54.25,0.857,2,16,0,5482.625,71.75,2.625,3.125
"<a href=""https://tiktok.com/@aed7p4"" target=""_blank"">@aed7p4</a>",41,7,47.156,0.862,4,33,0,10410.286,197.143,2,0.857
"<a href=""https://tiktok.com/@aed8564"" target=""_blank"">@aed8564</a>",28,5,17.25,1,1,8,0,776.8,35.4,0.2,0
"<a href=""https://tiktok.com/@aedfkjdc"" target=""_blank"">@aedfkjdc</a>",29,6,77.25,1,1,8,0,1319.333,46.167,1,0.833
"<a href=""https://tiktok.com/@aedgslpxjx"" target=""_blank"">@aedgslpxjx</a>",8,8,54.712,0.896,6,63,0,1338.75,25,0.125,0.375
"<a href=""https://tiktok.com/@aedhdici"" target=""_blank"">@aedhdici</a>",3,6,85.25,1,1,8,0,2230,73.333,0.333,1.167
"<a href=""https://tiktok.com/@aedhdjcoof"" target=""_blank"">@aedhdjcoof</a>",8,6,76.694,0.804,2,19,0,2918.75,111.75,1.375,1.625
"<a href=""https://tiktok.com/@aedyckctu"" target=""_blank"">@aedyckctu</a>",3,6,38.75,1,1,8,0,3479.625,92.375,1.25,1.875
"<a href=""https://tiktok.com/@akksdb4"" target=""_blank"">@akksdb4</a>",71,4,30.125,1,2,16,0,1801.5,146.5,1.75,2.25
"<a href=""https://tiktok.com/@alejkityuoo"" target=""_blank"">@alejkityuoo</a>",18,4,65.5,1,1,8,0,789.5,18,0,0
"<a href=""https://tiktok.com/@amazing_seeet120"" target=""_blank"">@amazing_seeet120</a>",44,7,92.214,0.833,1,14,0,1084.111,95.556,6.667,4
"<a href=""https://tiktok.com/@arffug"" target=""_blank"">@arffug</a>",77,11,22.564,0.955,16,170,0,1381.091,61.364,1.364,3.364
"<a href=""https://tiktok.com/@avelina.asucen"" target=""_blank"">@avelina.asucen</a>",62,5,41.375,1,2,16,0,1013,58.6,0.4,0.8
"<a href=""https://tiktok.com/@awmilke"" target=""_blank"">@awmilke</a>",65,4,16.25,1,1,8,0,969,34.75,0.5,0
"<a href=""https://tiktok.com/@ayanna.kelekele"" target=""_blank"">@ayanna.kelekele</a>",86,6,55.62,0.864,4,39,0,1416.167,26,1.167,9.333
"<a href=""https://tiktok.com/@ayden.riverad"" target=""_blank"">@ayden.riverad</a>",6,8,56.472,0.738,3,28,0,5921.375,142.875,1.375,1.5
"<a href=""https://tiktok.com/@bate.hynda"" target=""_blank"">@bate.hynda</a>",41,7,37,0.875,1,9,0,3435.125,48.125,0.875,0.5
"<a href=""https://tiktok.com/@battl.kray"" target=""_blank"">@battl.kray</a>",38,10,53.178,0.907,8,115,0,35048.7,494,1.8,5.9
"<a href=""https://tiktok.com/@bdjsbsk4"" target=""_blank"">@bdjsbsk4</a>",61,5,44.63,0.971,5,47,0,1597,49.6,0.6,0.2
"<a href=""https://tiktok.com/@beautiful46h"" target=""_blank"">@beautiful46h</a>",94,12,53.055,0.75,2,29,0,393.895,59.263,5.368,0.789
"<a href=""https://tiktok.com/@beautifulseen30"" target=""_blank"">@beautifulseen30</a>",94,11,95.333,0.833,1,9,0,77.556,12.611,1.778,0
"<a href=""https://tiktok.com/@benedossie2"" target=""_blank"">@benedossie2</a>",38,9,50.798,0.871,8,93,0,3915.778,71,1,1.333
"<a href=""https://tiktok.com/@berez.paulo"" target=""_blank"">@berez.paulo</a>",15,6,48.326,0.964,4,35,0,1719,34.667,1.5,0.333
"<a href=""https://tiktok.com/@bhsn473"" target=""_blank"">@bhsn473</a>",83,4,42.349,0.958,4,36,0,1816,29.667,0.167,3.833
"<a href=""https://tiktok.com/@bipiqo"" target=""_blank"">@bipiqo</a>",77,12,30.598,0.91,16,263,0,2606.667,60.083,0.083,1.083
"<a href=""https://tiktok.com/@bkot6010"" target=""_blank"">@bkot6010</a>",57,6,58.563,0.917,4,39,0,992.333,39.667,1.889,0.778
"<a href=""https://tiktok.com/@bmc12655"" target=""_blank"">@bmc12655</a>",1,8,50.633,0.905,7,74,0,1975.5,84.75,0.625,2.75
"<a href=""https://tiktok.com/@bpgarp"" target=""_blank"">@bpgarp</a>",77,12,34.31,0.961,16,256,0,1173,26.083,0.417,0.5
"<a href=""https://tiktok.com/@brese.hillah"" target=""_blank"">@brese.hillah</a>",50,6,87.75,1,1,8,0,2239.333,114.167,3.667,10.667
"<a href=""https://tiktok.com/@bsjj8797"" target=""_blank"">@bsjj8797</a>",11,5,46.776,0.975,5,63,0,1314.4,23,0,0.6
"<a href=""https://tiktok.com/@bsyg2865"" target=""_blank"">@bsyg2865</a>",15,4,53,1,1,8,0,664.4,14.6,0,0
"<a href=""https://tiktok.com/@bvoo3130"" target=""_blank"">@bvoo3130</a>",56,12,73.054,1,5,125,0,1999.833,48.25,0.417,0.417
"<a href=""https://tiktok.com/@bxuzba"" target=""_blank"">@bxuzba</a>",62,5,26.7,0.905,3,29,0,342.6,10.2,0,0
"<a href=""https://tiktok.com/@cainima888"" target=""_blank"">@cainima888</a>",11,5,48.026,0.953,5,62,0,1438.2,35.8,0.8,1.2
"<a href=""https://tiktok.com/@carbloggera"" target=""_blank"">@carbloggera</a>",11,6,45.026,0.978,5,76,0,874.833,37.833,0.833,0
"<a href=""https://tiktok.com/@cardriving139"" target=""_blank"">@cardriving139</a>",94,15,78.128,0.792,2,22,0,148.25,27.15,4.05,0.1
"<a href=""https://tiktok.com/@cbjf05"" target=""_blank"">@cbjf05</a>",6,8,50.592,0.766,3,28,0,2813,67,0.75,0.875
"<a href=""https://tiktok.com/@cfdc18"" target=""_blank"">@cfdc18</a>",39,5,55.194,1,2,19,0,1871.75,78.25,0.125,0.375
"<a href=""https://tiktok.com/@cfndhfch"" target=""_blank"">@cfndhfch</a>",69,11,58.578,0.919,3,56,0,592.083,1.667,0,0.5
"<a href=""https://tiktok.com/@cghvhhj6"" target=""_blank"">@cghvhhj6</a>",98,6,54.5,0.857,1,8,0,3623.333,77.167,5,1.333
"<a href=""https://tiktok.com/@chantalkusch"" target=""_blank"">@chantalkusch</a>",1,6,52.5,1,1,8,0,2509.75,100,1.875,7.625
"<a href=""https://tiktok.com/@china_cutegirl22"" target=""_blank"">@china_cutegirl22</a>",47,9,91.625,1,1,8,0,8031,836.182,21.955,66.364
"<a href=""https://tiktok.com/@china_deriver_60"" target=""_blank"">@china_deriver_60</a>",47,7,70.7,0.75,1,10,0,44634.333,1057.889,31.556,37.278
"<a href=""https://tiktok.com/@chuma_g1"" target=""_blank"">@chuma_g1</a>",47,7,81.162,0.875,2,18,0,444.917,62.25,3.333,0.667
"<a href=""https://tiktok.com/@chummi_queen1"" target=""_blank"">@chummi_queen1</a>",45,18,81.559,0.757,2,38,0,1844,90.875,10.906,4.75
"<a href=""https://tiktok.com/@chunyuan66"" target=""_blank"">@chunyuan66</a>",43,4,57.75,0.833,1,8,0,1905,228.75,1.5,2
"<a href=""https://tiktok.com/@ciojkb"" target=""_blank"">@ciojkb</a>",54,10,21.173,0.93,8,168,0,1414.385,93,0.308,0.615
"<a href=""https://tiktok.com/@ciucfyictci"" target=""_blank"">@ciucfyictci</a>",66,4,34.25,1,1,8,0,1203.25,104,0.25,1.5
"<a href=""https://tiktok.com/@cjire9104"" target=""_blank"">@cjire9104</a>",58,6,44.167,1,2,27,0,940.667,28.333,0.667,0.833
"<a href=""https://tiktok.com/@cjsllfd"" target=""_blank"">@cjsllfd</a>",22,5,52.625,0.857,2,16,0,1626,67.6,0,0.2
"<a href=""https://tiktok.com/@clirr5282"" target=""_blank"">@clirr5282</a>",59,6,33.833,1,1,18,0,1226.833,93.833,0.167,2
"<a href=""https://tiktok.com/@clwooh"" target=""_blank"">@clwooh</a>",92,3,71.167,1,2,17,0,181.667,2.333,0,0
"<a href=""https://tiktok.com/@cnatk3189"" target=""_blank"">@cnatk3189</a>",63,4,34,1,2,16,0,1173,57.5,0.5,0.5
"<a href=""https://tiktok.com/@coicbf"" target=""_blank"">@coicbf</a>",91,6,63.1,0.875,1,10,0,3026.25,47.75,1.5,0.5
"<a href=""https://tiktok.com/@constantinos.hard"" target=""_blank"">@constantinos.hard</a>",86,6,70.567,0.829,2,25,0,1399.333,32.833,1.833,13.167
"<a href=""https://tiktok.com/@cp.eagdu"" target=""_blank"">@cp.eagdu</a>",5,8,14.75,0.667,1,8,0,3228.5,73.625,0.375,1.5
"<a href=""https://tiktok.com/@craig.harrell0"" target=""_blank"">@craig.harrell0</a>",5,6,14.75,0.667,1,8,0,4934.286,113.429,0.857,0.857
"<a href=""https://tiktok.com/@cuteg895"" target=""_blank"">@cuteg895</a>",94,8,55.656,0.792,2,24,0,164179.867,5012.467,86.067,74.933
"<a href=""https://tiktok.com/@cutequeen_driver120"" target=""_blank"">@cutequeen_driver120</a>",45,13,85.743,0.817,2,35,0,402.472,44.056,3.861,0.972
"<a href=""https://tiktok.com/@debran.oxonrp00"" target=""_blank"">@debran.oxonrp00</a>",42,6,36,0.714,1,8,0,3491.125,73,0.75,0.375
"<a href=""https://tiktok.com/@debran.oxonrp86"" target=""_blank"">@debran.oxonrp86</a>",42,7,36,0.714,1,8,0,5417,107,1.143,1.143
"<a href=""https://tiktok.com/@dempseyhuntington2002"" target=""_blank"">@dempseyhuntington2002</a>",28,4,17.25,1,1,8,0,871.833,38.167,0.5,0
"<a href=""https://tiktok.com/@dghhg372"" target=""_blank"">@dghhg372</a>",73,7,63.087,1,2,21,0,4701.286,345.286,2.714,11.286
"<a href=""https://tiktok.com/@dhcye3177"" target=""_blank"">@dhcye3177</a>",61,3,42.889,1,5,45,0,969.667,39,0,0
"<a href=""https://tiktok.com/@dhhi6645"" target=""_blank"">@dhhi6645</a>",58,6,58.632,0.944,3,31,0,963.667,77,1.167,0.667
"<a href=""https://tiktok.com/@dijx3903"" target=""_blank"">@dijx3903</a>",56,12,60.95,1,5,111,0,1482.167,41.333,0.583,0.5
"<a href=""https://tiktok.com/@djgdthh"" target=""_blank"">@djgdthh</a>",93,7,52.438,1,2,16,0,909.75,39.375,0.25,0.375
"<a href=""https://tiktok.com/@djm9r"" target=""_blank"">@djm9r</a>",32,8,60.845,0.905,3,27,0,3725,112,8.875,6.5
"<a href=""https://tiktok.com/@djskgikeejk8"" target=""_blank"">@djskgikeejk8</a>",46,8,41.231,0.75,1,13,0,461.091,14.909,0.273,0.182
"<a href=""https://tiktok.com/@dogsfan7"" target=""_blank"">@dogsfan7</a>",95,10,57.333,0.667,1,9,0,8.6,1.267,0,0
"<a href=""https://tiktok.com/@dopiffg"" target=""_blank"">@dopiffg</a>",24,6,57.125,1,2,16,0,1214.5,37.833,0.5,1.833
"<a href=""https://tiktok.com/@drgd8391"" target=""_blank"">@drgd8391</a>",56,9,57.575,1,3,63,0,740.889,42,0.556,1
"<a href=""https://tiktok.com/@dtbtcc8"" target=""_blank"">@dtbtcc8</a>",77,12,32.333,0.928,16,255,0,1239.5,22.583,0,0.417
"<a href=""https://tiktok.com/@dthh824"" target=""_blank"">@dthh824</a>",40,4,55.689,0.598,2,19,0,3243.75,77.25,1.5,1
"<a href=""https://tiktok.com/@dtkwod"" target=""_blank"">@dtkwod</a>",35,8,49.129,0.927,7,70,0,2719.5,122.375,1.875,0.625
"<a href=""https://tiktok.com/@dtxijq"" target=""_blank"">@dtxijq</a>",75,9,28.158,0.948,6,121,0,431.333,20.889,0.222,0
"<a href=""https://tiktok.com/@duocidhd"" target=""_blank"">@duocidhd</a>",33,6,60.111,0.875,1,9,0,1706.286,96.143,0.714,0.714
"<a href=""https://tiktok.com/@ecucbt"" target=""_blank"">@ecucbt</a>",54,6,17.203,0.975,8,120,0,2109,62.667,0.167,1.167
"<a href=""https://tiktok.com/@eiej4325"" target=""_blank"">@eiej4325</a>",55,8,59.626,1,5,59,0,611.5,19.9,0.3,0.1
"<a href=""https://tiktok.com/@emory.drawehj"" target=""_blank"">@emory.drawehj</a>",53,8,67.042,1,2,20,0,37622.875,615.875,22.875,8
"<a href=""https://tiktok.com/@eohwvh"" target=""_blank"">@eohwvh</a>",79,3,54.333,1,1,9,0,4.667,0,0,0
"<a href=""https://tiktok.com/@eqmhqf"" target=""_blank"">@eqmhqf</a>",77,14,29.649,0.892,16,252,0,1250.571,20.571,0.071,0.357
"<a href=""https://tiktok.com/@eqxela7"" target=""_blank"">@eqxela7</a>",75,9,27.686,0.962,6,121,0,661.111,26.111,1,0.222
"<a href=""https://tiktok.com/@ewscnn"" target=""_blank"">@ewscnn</a>",78,3,73,1,1,9,0,450,11,0,0.333
"<a href=""https://tiktok.com/@facailllll12138"" target=""_blank"">@facailllll12138</a>",68,3,44.75,1,1,8,0,1745,221.333,3.667,1.333
"<a href=""https://tiktok.com/@fcjjv86"" target=""_blank"">@fcjjv86</a>",8,8,63.441,0.895,6,56,0,3402.625,109.625,0.625,0.75
"<a href=""https://tiktok.com/@fdijc3"" target=""_blank"">@fdijc3</a>",1,6,51.487,0.929,2,18,0,2766.5,123.5,1.167,0
"<a href=""https://tiktok.com/@fduic5"" target=""_blank"">@fduic5</a>",8,7,55.748,0.912,6,61,0,2478,63.857,1,2
"<a href=""https://tiktok.com/@fevkuiq"" target=""_blank"">@fevkuiq</a>",18,4,65.5,1,1,8,0,1691.5,52.75,0.5,4.5
"<a href=""https://tiktok.com/@fgijg467"" target=""_blank"">@fgijg467</a>",71,4,47.167,1,3,24,0,1221.25,60.25,1,1.5
"<a href=""https://tiktok.com/@fhda78402"" target=""_blank"">@fhda78402</a>",56,12,62.635,1,4,101,0,1237.417,47.5,0.083,0.25
"<a href=""https://tiktok.com/@fhkundshunk"" target=""_blank"">@fhkundshunk</a>",37,6,45.267,0.833,1,15,0,1523.222,2,0.111,0.222
"<a href=""https://tiktok.com/@fhuc22"" target=""_blank"">@fhuc22</a>",13,6,47.825,0.812,2,27,0,1125.333,32.5,0,0
"<a href=""https://tiktok.com/@fhvf210"" target=""_blank"">@fhvf210</a>",17,5,48.364,0.771,2,21,0,895.4,33,0.4,0
"<a href=""https://tiktok.com/@fhxk1941"" target=""_blank"">@fhxk1941</a>",57,7,64.639,0.847,3,38,0,1737.857,58.571,0.429,5.714
"<a href=""https://tiktok.com/@fjyukfjjf"" target=""_blank"">@fjyukfjjf</a>",31,7,60.7,1,1,10,0,2268.571,70.143,3.714,6.857
"<a href=""https://tiktok.com/@fkir2290"" target=""_blank"">@fkir2290</a>",58,6,59.667,1,2,27,0,914.167,94,0.333,1.333
"<a href=""https://tiktok.com/@fnnf8890"" target=""_blank"">@fnnf8890</a>",59,6,33.833,1,1,18,0,2242,74.5,0.333,2
"<a href=""https://tiktok.com/@frd7456"" target=""_blank"">@frd7456</a>",22,5,49.625,0.857,1,8,0,751,16,0.2,0.8
"<a href=""https://tiktok.com/@fughf21"" target=""_blank"">@fughf21</a>",1,5,70.25,0.857,1,8,0,3573,108.143,0.714,0.429
"<a href=""https://tiktok.com/@fulknm"" target=""_blank"">@fulknm</a>",72,6,44.5,1,1,12,0,1071.5,61.833,0.333,1
"<a href=""https://tiktok.com/@g.in.cgn"" target=""_blank"">@g.in.cgn</a>",62,6,35.91,0.971,5,42,0,1070.833,86.167,1.5,0.5
"<a href=""https://tiktok.com/@gckcj4"" target=""_blank"">@gckcj4</a>",3,7,45.5,1,2,16,0,2508.375,59.125,0,1.25
"<a href=""https://tiktok.com/@gduhx01"" target=""_blank"">@gduhx01</a>",8,8,53.573,0.893,7,73,0,4783.875,74.375,0.875,29.125
"<a href=""https://tiktok.com/@gerkeselen06"" target=""_blank"">@gerkeselen06</a>",50,7,87.75,1,1,8,0,871.857,83.857,1,4.857
"<a href=""https://tiktok.com/@gf.nj97"" target=""_blank"">@gf.nj97</a>",32,7,58.843,0.952,3,25,0,1884.286,117.857,1.143,2.429
"<a href=""https://tiktok.com/@gfg6705"" target=""_blank"">@gfg6705</a>",17,6,41.941,0.925,3,34,0,945.333,23.5,0.333,2.167
"<a href=""https://tiktok.com/@gfjch34"" target=""_blank"">@gfjch34</a>",30,7,55.25,1,1,8,0,3028.143,173.286,1.571,0.286
"<a href=""https://tiktok.com/@ggih3179"" target=""_blank"">@ggih3179</a>",15,3,45.704,1,3,26,0,1747.667,21.333,0.833,0
"<a href=""https://tiktok.com/@ghhj8554"" target=""_blank"">@ghhj8554</a>",56,9,68.828,1,6,103,0,1171.667,44,0.583,0.333
"<a href=""https://tiktok.com/@ghvvhvcgvvccf"" target=""_blank"">@ghvvhvcgvvccf</a>",97,12,79.228,1,2,19,0,2543.25,24.5,0.167,0.417
"<a href=""https://tiktok.com/@ghzdxbj"" target=""_blank"">@ghzdxbj</a>",98,6,54.5,0.857,1,8,0,1898.5,28.167,0.5,1.167
"<a href=""https://tiktok.com/@girldriver_8363"" target=""_blank"">@girldriver_8363</a>",94,4,66.125,0.833,1,8,0,1749.381,184.952,11.333,2
"<a href=""https://tiktok.com/@givi0331"" target=""_blank"">@givi0331</a>",57,3,52.25,0.833,2,21,0,284.333,9.889,0.333,0.111
"<a href=""https://tiktok.com/@gjguq6894"" target=""_blank"">@gjguq6894</a>",60,5,28.333,1,1,9,0,1386.2,67.8,0.8,5.6
"<a href=""https://tiktok.com/@gjhg8047"" target=""_blank"">@gjhg8047</a>",55,7,66.253,1,3,42,0,992.143,41.857,0.429,0.571
"<a href=""https://tiktok.com/@gkgfjj1"" target=""_blank"">@gkgfjj1</a>",61,4,45.764,0.971,5,45,0,1663,36.5,0,0
"<a href=""https://tiktok.com/@gohdr4367"" target=""_blank"">@gohdr4367</a>",61,4,41.824,0.925,6,56,0,1385,41.5,0,0
"<a href=""https://tiktok.com/@gooj806"" target=""_blank"">@gooj806</a>",40,12,57.579,0.852,5,84,0,3543.417,56.167,1.083,1.5
"<a href=""https://tiktok.com/@govkjhkbb"" target=""_blank"">@govkjhkbb</a>",69,9,52.903,0.889,3,48,0,7167.778,29.778,0.778,4.444
"<a href=""https://tiktok.com/@grilofchina"" target=""_blank"">@grilofchina</a>",95,14,69.619,1,2,23,0,173.421,22,1.579,0
"<a href=""https://tiktok.com/@guch008"" target=""_blank"">@guch008</a>",34,5,56.125,0.857,1,8,0,3691.429,110.714,2.857,4.286
"<a href=""https://tiktok.com/@gutieyy7"" target=""_blank"">@gutieyy7</a>",32,7,53.455,1,2,19,0,2014.857,85,1.429,0.857
"<a href=""https://tiktok.com/@gxhx514"" target=""_blank"">@gxhx514</a>",61,4,51.102,0.915,6,56,0,2995.25,82,0.75,0.25
"<a href=""https://tiktok.com/@hciiv26"" target=""_blank"">@hciiv26</a>",2,6,39.5,1,1,8,0,2402.25,129.75,0.875,1.75
"<a href=""https://tiktok.com/@hdbjx72"" target=""_blank"">@hdbjx72</a>",17,5,46.782,1,3,25,0,1121.6,32.6,0.2,0.4
"<a href=""https://tiktok.com/@hdhxh3484"" target=""_blank"">@hdhxh3484</a>",8,7,57.517,0.897,4,40,0,925.857,28,0.143,0.429
"<a href=""https://tiktok.com/@hdicok57"" target=""_blank"">@hdicok57</a>",81,4,35.5,1,1,8,0,13478.875,178.5,5.625,2.875
"<a href=""https://tiktok.com/@hdidkser0"" target=""_blank"">@hdidkser0</a>",31,7,60.7,1,1,10,0,2364.714,80.143,1,1.571
"<a href=""https://tiktok.com/@hdixidnf"" target=""_blank"">@hdixidnf</a>",33,6,60.111,0.875,1,9,0,1451.667,55,2.667,0.167
"<a href=""https://tiktok.com/@hdksp6389"" target=""_blank"">@hdksp6389</a>",62,6,23.96,0.918,5,46,0,840.333,51.167,1.333,0.5
"<a href=""https://tiktok.com/@hdmjwo1"" target=""_blank"">@hdmjwo1</a>",77,8,22.635,0.95,16,160,0,1159.818,42.364,0.545,2.909
"<a href=""https://tiktok.com/@hdr86575"" target=""_blank"">@hdr86575</a>",3,6,48.25,1,3,24,0,1970.625,36.125,0.25,0.875
"<a href=""https://tiktok.com/@hdvhds4"" target=""_blank"">@hdvhds4</a>",62,5,24.3,0.911,3,28,0,1025.4,77.8,0.8,0
"<a href=""https://tiktok.com/@hfigi61"" target=""_blank"">@hfigi61</a>",81,4,35.5,1,1,8,0,20108.875,397.25,4.75,2.5
"<a href=""https://tiktok.com/@hfstil3"" target=""_blank"">@hfstil3</a>",74,7,94.375,1,1,8,0,20073.714,831,4.857,4
"<a href=""https://tiktok.com/@hgidsi"" target=""_blank"">@hgidsi</a>",61,5,31,1,1,12,0,1155.2,63.4,0.6,0
"<a href=""https://tiktok.com/@hidouo"" target=""_blank"">@hidouo</a>",77,9,24.756,0.908,16,233,0,601.222,12.667,0.111,0.222
"<a href=""https://tiktok.com/@hkmdrr"" target=""_blank"">@hkmdrr</a>",71,4,82,1,2,16,0,2176,86.25,1,0.25
"<a href=""https://tiktok.com/@hlnvan42749s"" target=""_blank"">@hlnvan42749s</a>",19,4,91,1,1,8,0,3330.75,82.25,1,0.25
"<a href=""https://tiktok.com/@hltuoq"" target=""_blank"">@hltuoq</a>",77,9,29.017,0.899,16,248,0,1759,29.111,0.222,0.333
"<a href=""https://tiktok.com/@hoglbjlvil"" target=""_blank"">@hoglbjlvil</a>",69,11,48.088,0.936,3,49,0,8231.75,56,0.5,52.833
"<a href=""https://tiktok.com/@hojdmc"" target=""_blank"">@hojdmc</a>",54,12,19.515,0.988,8,135,0,1084.667,158.917,0.167,1.25
"<a href=""https://tiktok.com/@hosgsg0"" target=""_blank"">@hosgsg0</a>",66,4,34.25,1,1,8,0,1144.5,56,0.25,0.25
"<a href=""https://tiktok.com/@hrsy60677"" target=""_blank"">@hrsy60677</a>",58,6,40.966,0.944,3,40,0,1172,39.667,0.167,0.5
"<a href=""https://tiktok.com/@hullen.nguyen"" target=""_blank"">@hullen.nguyen</a>",4,8,56.375,0.714,1,8,0,2643.875,58.75,2.375,0.75
"<a href=""https://tiktok.com/@hurrryu"" target=""_blank"">@hurrryu</a>",72,6,44.5,1,1,12,0,2384.167,121.667,0.667,0.833
"<a href=""https://tiktok.com/@hxjdsj34"" target=""_blank"">@hxjdsj34</a>",62,4,29,1,1,8,0,1035.75,115.5,0.25,0
"<a href=""https://tiktok.com/@hzhdhs"" target=""_blank"">@hzhdhs</a>",64,4,28.25,1,2,16,0,1574.4,110.4,2.4,0.6
"<a href=""https://tiktok.com/@idhd139"" target=""_blank"">@idhd139</a>",2,8,50.736,0.929,4,34,0,1754.375,90.375,1.125,1
"<a href=""https://tiktok.com/@idpeoc"" target=""_blank"">@idpeoc</a>",77,12,32.588,0.89,16,244,0,2574.417,52.583,0.25,0.833
"<a href=""https://tiktok.com/@if.en.is.fam"" target=""_blank"">@if.en.is.fam</a>",21,6,50.222,1,1,9,0,850.5,29.5,0.167,0.167
"<a href=""https://tiktok.com/@iggkgmv"" target=""_blank"">@iggkgmv</a>",24,6,58.875,1,1,8,0,1374.5,40.333,0,0.667
"<a href=""https://tiktok.com/@ilges.estelwei"" target=""_blank"">@ilges.estelwei</a>",53,8,50.644,0.967,3,30,0,2561.75,63,1.875,2
"<a href=""https://tiktok.com/@irdc042"" target=""_blank"">@irdc042</a>",1,6,55.141,1,4,36,0,4355.625,172.125,2.25,6.875
"<a href=""https://tiktok.com/@isgs5669"" target=""_blank"">@isgs5669</a>",57,3,41.333,1,1,9,0,327,9.167,0.333,0.333
"<a href=""https://tiktok.com/@iuwgeh"" target=""_blank"">@iuwgeh</a>",74,7,52.779,1,2,21,0,4139.286,112.857,2.286,0.286
"<a href=""https://tiktok.com/@j.uv586"" target=""_blank"">@j.uv586</a>",16,5,35.643,1,1,14,0,1312.6,20.4,0,0.4
"<a href=""https://tiktok.com/@jajsjsn56"" target=""_blank"">@jajsjsn56</a>",39,8,65.067,0.939,3,45,0,31803.455,702.182,2.091,18.182
"<a href=""https://tiktok.com/@jbhghj2"" target=""_blank"">@jbhghj2</a>",52,7,61.361,1,3,29,0,3941.143,59,0.714,0.857
"<a href=""https://tiktok.com/@jccj44506"" target=""_blank"">@jccj44506</a>",55,10,62.635,1,4,66,0,282.7,5.8,0.2,0
"<a href=""https://tiktok.com/@jdododh5"" target=""_blank"">@jdododh5</a>",2,7,66.125,1,2,16,0,1804.286,65.571,0.429,0.286
"<a href=""https://tiktok.com/@jdpxorjf"" target=""_blank"">@jdpxorjf</a>",1,5,41.442,0.897,3,26,0,2862,162.571,0.571,1.286
"<a href=""https://tiktok.com/@jecxsz"" target=""_blank"">@jecxsz</a>",75,9,21.92,1,6,114,0,1101.444,43.556,1,1.667
"<a href=""https://tiktok.com/@jfdd653"" target=""_blank"">@jfdd653</a>",3,6,61.25,1,3,24,0,1845.333,62.167,0.333,2
"<a href=""https://tiktok.com/@jffihofff"" target=""_blank"">@jffihofff</a>",22,6,55.625,0.857,1,8,0,1050.5,23.167,0,0.167
"<a href=""https://tiktok.com/@jfkovj5"" target=""_blank"">@jfkovj5</a>",1,7,59.542,0.969,4,38,0,1934.429,148.571,0.714,0.429
"<a href=""https://tiktok.com/@jibelm5"" target=""_blank"">@jibelm5</a>",92,3,52,1,2,18,0,482.667,8.667,0,0
"<a href=""https://tiktok.com/@jjdjdd911"" target=""_blank"">@jjdjdd911</a>",20,6,48.9,1,1,10,0,643,17.667,0,0
"<a href=""https://tiktok.com/@jkuy0534"" target=""_blank"">@jkuy0534</a>",56,10,59.316,1,2,38,0,1383,66.833,0.25,2.167
"<a href=""https://tiktok.com/@jroosevx"" target=""_blank"">@jroosevx</a>",89,7,59.715,0.938,2,17,0,7614.625,40.75,0.75,1.375
"<a href=""https://tiktok.com/@jshszh6382"" target=""_blank"">@jshszh6382</a>",63,4,32.125,1,2,16,0,1391,122.75,2.75,0.25
"<a href=""https://tiktok.com/@jsosjxj8"" target=""_blank"">@jsosjxj8</a>",1,7,50.562,0.952,6,54,0,1469.429,77.429,0.714,0.286
"<a href=""https://tiktok.com/@jspsns3"" target=""_blank"">@jspsns3</a>",73,5,51.722,1,2,18,0,31904.4,1279.6,9.6,30.2
"<a href=""https://tiktok.com/@jtcytxyzey"" target=""_blank"">@jtcytxyzey</a>",1,6,62.309,0.952,3,28,0,16172.75,813.5,4.125,4.75
"<a href=""https://tiktok.com/@jvhb240"" target=""_blank"">@jvhb240</a>",39,10,51.883,0.948,4,54,0,5397.7,92.1,0.2,2.3
"<a href=""https://tiktok.com/@jvtvc3"" target=""_blank"">@jvtvc3</a>",40,8,62.615,0.766,3,47,0,10154.125,178.125,1.375,5
"<a href=""https://tiktok.com/@kamlisarkar_0"" target=""_blank"">@kamlisarkar_0</a>",48,10,90.229,0.625,2,20,0,2262.583,119.292,8.5,5.458
"<a href=""https://tiktok.com/@kaylabigsjo"" target=""_blank"">@kaylabigsjo</a>",23,5,50.125,0.857,1,8,0,572.8,20.6,0.6,0.2
"<a href=""https://tiktok.com/@kduudk6"" target=""_blank"">@kduudk6</a>",67,6,8.167,1,1,12,0,1233.25,16.875,0.875,0.375
"<a href=""https://tiktok.com/@kdywnty"" target=""_blank"">@kdywnty</a>",65,4,16.25,1,1,8,0,3345.5,73.25,1,0.5
"<a href=""https://tiktok.com/@kjuq5904"" target=""_blank"">@kjuq5904</a>",55,9,45.481,1,3,45,0,873.167,40.5,0.917,0.25
"<a href=""https://tiktok.com/@kqva.glub"" target=""_blank"">@kqva.glub</a>",89,8,58.875,1,1,8,0,59435,646.25,6.75,40.5
"<a href=""https://tiktok.com/@kranaa9"" target=""_blank"">@kranaa9</a>",54,6,16.736,0.95,8,120,0,1304.5,35.167,0,0.667
"<a href=""https://tiktok.com/@krug011"" target=""_blank"">@krug011</a>",1,7,57.965,0.786,2,17,0,5443.571,193.143,1.429,0.857
"<a href=""https://tiktok.com/@ksndfmggf"" target=""_blank"">@ksndfmggf</a>",27,6,46.9,1,1,10,0,3496.333,99.333,2.167,0
"<a href=""https://tiktok.com/@kubjij"" target=""_blank"">@kubjij</a>",54,9,20.346,0.98,8,156,0,838.75,109.417,0.833,0.417
"<a href=""https://tiktok.com/@kuhar.clair6"" target=""_blank"">@kuhar.clair6</a>",17,6,49.151,0.856,3,34,0,1180.833,33.5,0,0.167
"<a href=""https://tiktok.com/@kyfg6663"" target=""_blank"">@kyfg6663</a>",52,6,51.424,0.929,2,20,0,2097.667,31,0.667,0.833
"<a href=""https://tiktok.com/@labib.zain.hajjar"" target=""_blank"">@labib.zain.hajjar</a>",85,6,52.667,1,1,9,0,590.167,30.333,1,6.167
"<a href=""https://tiktok.com/@landscape5670"" target=""_blank"">@landscape5670</a>",35,8,48.312,0.917,4,40,0,2689.125,145.125,1.25,1
"<a href=""https://tiktok.com/@lawgray3"" target=""_blank"">@lawgray3</a>",38,10,56.136,0.93,8,111,0,2087.3,82.1,0.6,0.8
"<a href=""https://tiktok.com/@ldaphc"" target=""_blank"">@ldaphc</a>",75,9,21.987,0.96,6,114,0,584,29.444,0.667,0.222
"<a href=""https://tiktok.com/@lejaad2"" target=""_blank"">@lejaad2</a>",77,8,46.143,0.915,16,152,0,402.125,26.125,0,1
"<a href=""https://tiktok.com/@lhqitc"" target=""_blank"">@lhqitc</a>",77,6,21.804,0.917,16,202,0,1736.889,29.556,0,0.333
"<a href=""https://tiktok.com/@liaojiuyu"" target=""_blank"">@liaojiuyu</a>",61,5,48.713,0.895,6,56,0,1564.4,58.4,0.2,0
"<a href=""https://tiktok.com/@lin689668987"" target=""_blank"">@lin689668987</a>",37,4,60.8,1,1,10,0,3055.75,102.25,5.875,6.5
"<a href=""https://tiktok.com/@liyonyonlll"" target=""_blank"">@liyonyonlll</a>",25,6,69.75,1,1,8,0,1094.5,49.333,0.667,0.167
"<a href=""https://tiktok.com/@lkaer88888"" target=""_blank"">@lkaer88888</a>",93,6,60.375,1,1,8,0,868.875,49.5,0.25,0.125
"<a href=""https://tiktok.com/@lncbgk"" target=""_blank"">@lncbgk</a>",92,3,81.833,1,2,17,0,197.333,4,0.333,0
"<a href=""https://tiktok.com/@lnppoe"" target=""_blank"">@lnppoe</a>",70,9,59.997,0.95,2,38,0,13568,119.444,7.444,12.556
"<a href=""https://tiktok.com/@luckyphone320"" target=""_blank"">@luckyphone320</a>",43,6,57.75,0.833,1,8,0,1026.833,50,0.333,0.333
"<a href=""https://tiktok.com/@lucyedmonson5"" target=""_blank"">@lucyedmonson5</a>",83,6,51.209,0.873,4,39,0,468.167,7.833,0.333,1.833
"<a href=""https://tiktok.com/@ludwin.keith"" target=""_blank"">@ludwin.keith</a>",86,6,61.476,0.827,3,36,0,1198.667,22.167,0.5,7.167
"<a href=""https://tiktok.com/@lush_queen120"" target=""_blank"">@lush_queen120</a>",44,5,77,0.333,1,11,0,84861.76,8531.2,312.72,623.56
"<a href=""https://tiktok.com/@lwandiswamsithini"" target=""_blank"">@lwandiswamsithini</a>",41,8,56.716,0.905,3,27,0,3187.125,51,2.875,0.5
"<a href=""https://tiktok.com/@lxjjc"" target=""_blank"">@lxjjc</a>",8,7,55.96,0.91,4,38,0,3074.286,43.286,0.286,0.429
"<a href=""https://tiktok.com/@mdsdz2"" target=""_blank"">@mdsdz2</a>",46,6,41.231,0.75,1,13,0,13178,486,39.9,6.7
"<a href=""https://tiktok.com/@miss.bordner"" target=""_blank"">@miss.bordner</a>",4,7,56.375,0.714,1,8,0,2353.429,77,1.571,1
"<a href=""https://tiktok.com/@mlyeejyn"" target=""_blank"">@mlyeejyn</a>",97,6,61,1,1,8,0,3404.286,63.571,0.857,3.143
"<a href=""https://tiktok.com/@mmsauw3"" target=""_blank"">@mmsauw3</a>",80,3,57.667,1,1,9,0,213.667,13.667,0,0.667
"<a href=""https://tiktok.com/@mnoojt"" target=""_blank"">@mnoojt</a>",76,8,18.273,0.714,1,11,0,247.5,10,0.25,0.125
"<a href=""https://tiktok.com/@moderngril5"" target=""_blank"">@moderngril5</a>",95,16,54.758,0.833,2,20,0,151.235,30.824,6.765,0
"<a href=""https://tiktok.com/@modernofuk"" target=""_blank"">@modernofuk</a>",95,14,62.377,1,2,25,0,82.105,22.895,4.842,0.053
"<a href=""https://tiktok.com/@monalisa7988"" target=""_blank"">@monalisa7988</a>",15,5,48.6,0.901,4,41,0,1100.4,12.2,0,0.2
"<a href=""https://tiktok.com/@mrwihajhzb6"" target=""_blank"">@mrwihajhzb6</a>",24,5,55.375,1,1,8,0,596.6,29,1.6,0
"<a href=""https://tiktok.com/@muhammad.dawi20"" target=""_blank"">@muhammad.dawi20</a>",84,5,83.75,1,1,8,0,904.714,34.286,1.286,9.429
"<a href=""https://tiktok.com/@mulask57"" target=""_blank"">@mulask57</a>",15,4,47.139,0.795,2,21,0,629,17,0,0
"<a href=""https://tiktok.com/@mvbdanqi"" target=""_blank"">@mvbdanqi</a>",68,3,44.75,1,1,8,0,979.333,36.333,0.667,0.667
"<a href=""https://tiktok.com/@nasiha.buthainah"" target=""_blank"">@nasiha.buthainah</a>",82,3,37.889,1,1,9,0,1911,76.333,1.167,12.667
"<a href=""https://tiktok.com/@natalie.acosta88"" target=""_blank"">@natalie.acosta88</a>",86,6,61.625,0.713,2,21,0,1021.5,27.833,0.667,4.333
"<a href=""https://tiktok.com/@ncjfhyrsdj"" target=""_blank"">@ncjfhyrsdj</a>",64,4,25.25,1,2,16,0,1983,68.5,0.75,0
"<a href=""https://tiktok.com/@ndmsl15"" target=""_blank"">@ndmsl15</a>",74,6,48.25,1,1,8,0,997.5,72.167,2,0.333
"<a href=""https://tiktok.com/@ndork4782"" target=""_blank"">@ndork4782</a>",63,4,50.875,1,2,16,0,1160,26.5,1,0.25
"<a href=""https://tiktok.com/@nfjsk12"" target=""_blank"">@nfjsk12</a>",71,4,39.917,1,3,24,0,10867,489,3.25,1.5
"<a href=""https://tiktok.com/@nisrin.yusraa.sha"" target=""_blank"">@nisrin.yusraa.sha</a>",85,3,52.667,1,1,9,0,557.333,15,0.333,11.667
"<a href=""https://tiktok.com/@nxpsa4288"" target=""_blank"">@nxpsa4288</a>",62,6,34.975,0.893,4,37,0,1002.667,42.667,0.5,1
"<a href=""https://tiktok.com/@objlhmtjemu"" target=""_blank"">@objlhmtjemu</a>",76,9,18.273,0.714,1,11,0,1320.9,40.4,1.1,1.4
"<a href=""https://tiktok.com/@ohchocx"" target=""_blank"">@ohchocx</a>",23,5,50.125,0.857,1,8,0,880.8,22.6,0,0.2
"<a href=""https://tiktok.com/@okay11732"" target=""_blank"">@okay11732</a>",56,12,72.29,0.972,6,109,0,1324.583,53.667,0.167,1.167
"<a href=""https://tiktok.com/@olivia.ava.davis"" target=""_blank"">@olivia.ava.davis</a>",87,3,42.688,1,2,16,0,637,23,2.4,3.4
"<a href=""https://tiktok.com/@omi.poni0"" target=""_blank"">@omi.poni0</a>",13,6,61.089,0.812,2,24,0,2298.833,37.5,0.667,0.167
"<a href=""https://tiktok.com/@osb.remo"" target=""_blank"">@osb.remo</a>",38,9,54.966,0.893,8,108,0,3443.444,61.444,0.556,1.111
"<a href=""https://tiktok.com/@oshasg"" target=""_blank"">@oshasg</a>",73,7,69.25,1,1,8,0,2382.286,114.143,1,0.143
"<a href=""https://tiktok.com/@owuhwh"" target=""_blank"">@owuhwh</a>",74,7,83.188,1,2,16,0,3755.857,160.429,2,0.857
"<a href=""https://tiktok.com/@paulettefrank1"" target=""_blank"">@paulettefrank1</a>",83,3,50.753,1,4,35,0,159.333,5,0.667,0.667
"<a href=""https://tiktok.com/@pbpktw"" target=""_blank"">@pbpktw</a>",77,14,36.607,0.883,16,236,0,1224.071,30.071,0.214,0.143
"<a href=""https://tiktok.com/@pewpua2"" target=""_blank"">@pewpua2</a>",54,6,20.948,0.913,8,120,0,2001.833,119.5,0.333,1.833
"<a href=""https://tiktok.com/@plaqebfzf07"" target=""_blank"">@plaqebfzf07</a>",45,11,79.65,0.774,2,27,0,14901.4,1360.133,50.033,207.033
"<a href=""https://tiktok.com/@puhrra"" target=""_blank"">@puhrra</a>",77,9,29.233,0.924,16,208,0,473.833,7.833,0,0
"<a href=""https://tiktok.com/@purnialesh45"" target=""_blank"">@purnialesh45</a>",53,8,57.769,0.952,3,30,0,5017.375,86.625,0.75,2.5
"<a href=""https://tiktok.com/@qdcieh"" target=""_blank"">@qdcieh</a>",54,9,18.826,0.988,8,126,0,1422.167,123.25,0.583,0.167
"<a href=""https://tiktok.com/@qtilwj"" target=""_blank"">@qtilwj</a>",80,3,41.667,1,1,9,0,304,13.333,0,0
"<a href=""https://tiktok.com/@quincyshop08"" target=""_blank"">@quincyshop08</a>",1,8,54.331,0.937,4,39,0,1791.625,119,0.625,2.25
"<a href=""https://tiktok.com/@qvkjmf"" target=""_blank"">@qvkjmf</a>",78,5,73,1,1,9,0,166.2,9.6,0,0.6
"<a href=""https://tiktok.com/@rashidmbbs7"" target=""_blank"">@rashidmbbs7</a>",96,4,78.5,0.8,1,8,0,1976.75,19.25,0.75,0.75
"<a href=""https://tiktok.com/@reddit.vztwo"" target=""_blank"">@reddit.vztwo</a>",11,6,50.516,0.956,5,73,0,1778.5,54.333,0.333,1
"<a href=""https://tiktok.com/@reddit_debbie"" target=""_blank"">@reddit_debbie</a>",54,6,19.474,0.913,8,120,0,1633.167,102.667,0.333,0.833
"<a href=""https://tiktok.com/@reddit_grayson99"" target=""_blank"">@reddit_grayson99</a>",54,12,20.77,0.95,8,135,0,1314.583,85.167,0.167,0.25
"<a href=""https://tiktok.com/@reddit_ignatius8"" target=""_blank"">@reddit_ignatius8</a>",70,7,77.244,0.889,2,34,0,16464.556,188,10.111,15
"<a href=""https://tiktok.com/@redditstory667"" target=""_blank"">@redditstory667</a>",51,6,46.75,0.833,1,8,0,1067.5,53.75,0.25,0.375
"<a href=""https://tiktok.com/@redreddit48"" target=""_blank"">@redreddit48</a>",51,5,46.75,0.833,1,8,0,1661.25,90,0.125,0.25
"<a href=""https://tiktok.com/@revjiu2"" target=""_blank"">@revjiu2</a>",29,6,77.25,1,1,8,0,479,18.833,0.333,0.167
"<a href=""https://tiktok.com/@rohingyao"" target=""_blank"">@rohingyao</a>",35,6,62.924,0.893,6,55,0,2752.625,122.25,2.375,2.25
"<a href=""https://tiktok.com/@rtwgui"" target=""_blank"">@rtwgui</a>",77,9,25.397,0.92,16,150,0,759.462,31.385,0.462,1
"<a href=""https://tiktok.com/@rubin.mervy8"" target=""_blank"">@rubin.mervy8</a>",38,9,58.774,0.915,8,93,0,1653.444,34.667,0.444,0.778
"<a href=""https://tiktok.com/@ryllskayaqing"" target=""_blank"">@ryllskayaqing</a>",27,7,46.9,1,1,10,0,11341.571,506.714,3.286,2.286
"<a href=""https://tiktok.com/@safiyyah.iftikar"" target=""_blank"">@safiyyah.iftikar</a>",82,6,42.944,0.929,2,17,0,247,17.833,0.333,2.5
"<a href=""https://tiktok.com/@salah.hakem.sayeg"" target=""_blank"">@salah.hakem.sayeg</a>",84,8,64.75,0.938,2,20,0,257.5,9.25,0.75,3
"<a href=""https://tiktok.com/@satsyou"" target=""_blank"">@satsyou</a>",36,6,50.625,0.833,1,8,0,6619.625,152.875,1.875,5
"<a href=""https://tiktok.com/@sdsdyou"" target=""_blank"">@sdsdyou</a>",35,6,64.659,0.841,3,27,0,4204.286,184,2.286,1.429
"<a href=""https://tiktok.com/@seile.rian"" target=""_blank"">@seile.rian</a>",38,9,63.341,0.925,8,95,0,7620.889,95.556,0.444,0.778
"<a href=""https://tiktok.com/@sharleen.howard"" target=""_blank"">@sharleen.howard</a>",8,8,48.552,0.869,5,46,0,1927.375,93.25,0.625,0.25
"<a href=""https://tiktok.com/@shbsdd2"" target=""_blank"">@shbsdd2</a>",70,9,59.087,0.839,2,46,0,7297.444,81.889,7.333,4.444
"<a href=""https://tiktok.com/@shfjjg4"" target=""_blank"">@shfjjg4</a>",20,5,56.25,0.857,1,8,0,864.4,18.2,0.2,0.2
"<a href=""https://tiktok.com/@shgj33"" target=""_blank"">@shgj33</a>",8,7,54.312,0.921,6,60,0,5015,105,1.143,8.429
"<a href=""https://tiktok.com/@shuj977"" target=""_blank"">@shuj977</a>",10,5,39.4,1,2,20,0,1120.4,32.8,0.2,0.2
"<a href=""https://tiktok.com/@shuy742"" target=""_blank"">@shuy742</a>",11,5,52.62,0.956,5,64,0,793.8,13.6,0,0
"<a href=""https://tiktok.com/@shvchjds"" target=""_blank"">@shvchjds</a>",36,6,50.625,0.833,1,8,0,5575.875,119.125,5.25,2.375
"<a href=""https://tiktok.com/@sikki.kahtyk"" target=""_blank"">@sikki.kahtyk</a>",52,5,49.25,1,1,8,0,9994.714,97.286,0.714,2.571
"<a href=""https://tiktok.com/@sisodne"" target=""_blank"">@sisodne</a>",93,7,44.5,1,1,8,0,782.5,37.75,0.5,0.25
"<a href=""https://tiktok.com/@skkfdxh"" target=""_blank"">@skkfdxh</a>",21,6,50.222,1,1,9,0,1059.333,35.833,0,0.167
"<a href=""https://tiktok.com/@snoshsj"" target=""_blank"">@snoshsj</a>",64,4,20.25,1,2,16,0,1346,46,0.75,0.25
"<a href=""https://tiktok.com/@sooz6329"" target=""_blank"">@sooz6329</a>",60,3,28.333,1,1,9,0,312,19,0,0.333
"<a href=""https://tiktok.com/@sqifhw"" target=""_blank"">@sqifhw</a>",77,12,32.016,0.932,16,192,0,784.5,16.333,0.083,0.417
"<a href=""https://tiktok.com/@stanfordrodriguez"" target=""_blank"">@stanfordrodriguez</a>",86,5,65.636,0.857,1,11,0,930,20.8,2.2,2.6
"<a href=""https://tiktok.com/@stoyouh"" target=""_blank"">@stoyouh</a>",35,7,38.688,0.833,2,16,0,5386.429,117.571,1.143,12.571
"<a href=""https://tiktok.com/@sug7994"" target=""_blank"">@sug7994</a>",11,5,44.189,1,5,66,0,910.2,35,0.2,0
"<a href=""https://tiktok.com/@sun.lilym"" target=""_blank"">@sun.lilym</a>",53,7,49.479,0.879,2,20,0,5138.714,109.857,1.286,7.429
"<a href=""https://tiktok.com/@suzannefigueroa76"" target=""_blank"">@suzannefigueroa76</a>",83,5,49.186,0.964,4,37,0,774,17.667,0.833,6
"<a href=""https://tiktok.com/@sweet_babyc120"" target=""_blank"">@sweet_babyc120</a>",44,14,84.607,0.583,2,25,0,6823.032,629.226,34.355,10.548
"<a href=""https://tiktok.com/@tessh95"" target=""_blank"">@tessh95</a>",73,7,60.521,1,3,35,0,1093.143,100.429,2.571,1.286
"<a href=""https://tiktok.com/@text.fc"" target=""_blank"">@text.fc</a>",35,7,69.825,0.929,2,18,0,4198.571,138.143,3.714,3.429
"<a href=""https://tiktok.com/@text690"" target=""_blank"">@text690</a>",35,7,51.968,0.897,3,30,0,6133.75,132.125,1.625,0.375
"<a href=""https://tiktok.com/@thuwaibah.dad.rah"" target=""_blank"">@thuwaibah.dad.rah</a>",87,5,46.062,1,2,16,0,831.167,37.167,0.833,9.333
"<a href=""https://tiktok.com/@tiffany.c..irvin"" target=""_blank"">@tiffany.c..irvin</a>",87,5,47.875,1,2,16,0,2410.167,48.333,3,21.667
"<a href=""https://tiktok.com/@titme"" target=""_blank"">@titme</a>",13,5,52.111,0.75,1,9,0,838.6,37.6,0.4,0.8
"<a href=""https://tiktok.com/@tiut0219"" target=""_blank"">@tiut0219</a>",58,3,33.556,1,3,27,0,292.667,7.667,0.333,0
"<a href=""https://tiktok.com/@tmtgoa"" target=""_blank"">@tmtgoa</a>",80,3,49.667,1,2,18,0,106.333,4,0,0
"<a href=""https://tiktok.com/@todaysfriendshow4"" target=""_blank"">@todaysfriendshow4</a>",10,5,34.741,1,2,21,0,1301.4,44.4,0.4,0.4
"<a href=""https://tiktok.com/@toma.rimi"" target=""_blank"">@toma.rimi</a>",13,4,25.583,0.75,1,12,0,985,20,1.75,6.5
"<a href=""https://tiktok.com/@tug35587"" target=""_blank"">@tug35587</a>",73,7,42.709,1,2,22,0,5129.857,274.571,0.857,6.571
"<a href=""https://tiktok.com/@tugx2917"" target=""_blank"">@tugx2917</a>",57,3,71.333,1,1,9,0,406.625,26.875,0.25,0.625
"<a href=""https://tiktok.com/@twkg9813"" target=""_blank"">@twkg9813</a>",55,10,62.605,1,3,50,0,533.3,12.4,0.1,0.1
"<a href=""https://tiktok.com/@twvs4521"" target=""_blank"">@twvs4521</a>",55,9,56.222,1,2,36,0,971.5,51.833,0.417,0.583
"<a href=""https://tiktok.com/@ubhutfrx"" target=""_blank"">@ubhutfrx</a>",1,7,63.018,0.843,5,49,0,1533.714,60.286,0.429,0.714
"<a href=""https://tiktok.com/@ubzg6170"" target=""_blank"">@ubzg6170</a>",19,4,91,1,1,8,0,1319.75,27.5,0,0.25
"<a href=""https://tiktok.com/@ucdrmh"" target=""_blank"">@ucdrmh</a>",77,7,21.473,0.87,16,160,0,1075.429,55.571,0.857,2.143
"<a href=""https://tiktok.com/@uest1280"" target=""_blank"">@uest1280</a>",55,5,53.288,1,4,44,0,106.625,1.75,0.125,0.125
"<a href=""https://tiktok.com/@ufsc8075"" target=""_blank"">@ufsc8075</a>",58,6,63.667,1,4,45,0,1792,67,0.5,3
"<a href=""https://tiktok.com/@ukfee8"" target=""_blank"">@ukfee8</a>",67,6,8.167,1,1,12,0,2041.25,55.875,0,2.75
"<a href=""https://tiktok.com/@urdu9708"" target=""_blank"">@urdu9708</a>",58,6,83.111,1,3,27,0,1196,45.667,0.167,0.333
"<a href=""https://tiktok.com/@usbkjggb6819"" target=""_blank"">@usbkjggb6819</a>",88,8,88.727,1,1,11,0,5480.25,36,0.25,0.5
"<a href=""https://tiktok.com/@user12390941773567"" target=""_blank"">@user12390941773567</a>",88,8,88.727,1,1,11,0,1689.333,6.167,0,0.25
"<a href=""https://tiktok.com/@user1433469988696"" target=""_blank"">@user1433469988696</a>",97,10,63.349,1,2,23,0,4050.417,45.667,0.417,0.583
"<a href=""https://tiktok.com/@user16909390140293"" target=""_blank"">@user16909390140293</a>",37,8,53.033,0.917,2,25,0,713.364,11.909,0,0
"<a href=""https://tiktok.com/@user1776924848635"" target=""_blank"">@user1776924848635</a>",25,5,69.75,1,1,8,0,1160.2,52.6,0,0
"<a href=""https://tiktok.com/@user19103225080680"" target=""_blank"">@user19103225080680</a>",34,5,56.125,0.857,1,8,0,1587,67.875,0.875,5.875
"<a href=""https://tiktok.com/@user19468614708518"" target=""_blank"">@user19468614708518</a>",14,6,69.375,1,1,8,0,2789.167,77.5,2.333,12.167
"<a href=""https://tiktok.com/@user21677638672342"" target=""_blank"">@user21677638672342</a>",97,10,62.348,1,3,32,0,2045.833,10.25,0.083,0.333
"<a href=""https://tiktok.com/@user2268806570260"" target=""_blank"">@user2268806570260</a>",7,7,55.5,1,1,10,0,3597.286,70,0.857,0.286
"<a href=""https://tiktok.com/@user2810315813972"" target=""_blank"">@user2810315813972</a>",30,5,53.7,1,1,10,0,3668.2,129.4,2,3.6
"<a href=""https://tiktok.com/@user2903556969068"" target=""_blank"">@user2903556969068</a>",9,5,34.5,1,1,8,0,7127.4,107.2,2.2,9.6
"<a href=""https://tiktok.com/@user2920462956526"" target=""_blank"">@user2920462956526</a>",12,6,52.222,1,1,9,0,3308.833,55.333,2.333,6.833
"<a href=""https://tiktok.com/@user3436197788624"" target=""_blank"">@user3436197788624</a>",40,11,51.749,0.793,4,72,0,8596.636,107.909,1.091,4.455
"<a href=""https://tiktok.com/@user44761426985968"" target=""_blank"">@user44761426985968</a>",90,6,33.25,0.875,1,8,0,2550,103.167,1.333,2.667
"<a href=""https://tiktok.com/@user5626060056906"" target=""_blank"">@user5626060056906</a>",1,8,51.505,0.958,6,60,0,4992.625,177.875,1.625,18
"<a href=""https://tiktok.com/@user6186701630842"" target=""_blank"">@user6186701630842</a>",9,5,44,0.667,1,8,0,1532.167,32.833,0.833,1.167
"<a href=""https://tiktok.com/@user65533709618068"" target=""_blank"">@user65533709618068</a>",7,8,55.5,1,1,10,0,2932,80.625,0.5,1.25
"<a href=""https://tiktok.com/@user6922385284275"" target=""_blank"">@user6922385284275</a>",1,8,48.626,0.908,6,59,0,1882,62.375,0.375,0.75
"<a href=""https://tiktok.com/@user7166160034825"" target=""_blank"">@user7166160034825</a>",12,5,52.222,1,1,9,0,1646,43.2,2,3.2
"<a href=""https://tiktok.com/@user7448681866615"" target=""_blank"">@user7448681866615</a>",89,5,60.556,0.875,1,9,0,2929.167,43,0,0.333
"<a href=""https://tiktok.com/@user7605976152392"" target=""_blank"">@user7605976152392</a>",8,5,61.375,1,2,16,0,10480,101.4,3,2.2
"<a href=""https://tiktok.com/@user7848004239568"" target=""_blank"">@user7848004239568</a>",69,9,50.133,0.915,3,45,0,3840.889,15.556,0.222,12.889
"<a href=""https://tiktok.com/@user8168691298265"" target=""_blank"">@user8168691298265</a>",2,7,59.34,0.929,2,17,0,4923,88,0.714,1.286
"<a href=""https://tiktok.com/@user8508148033286"" target=""_blank"">@user8508148033286</a>",6,8,70.583,0.8,1,12,0,2749,65.625,1,0.875
"<a href=""https://tiktok.com/@user8653602093025"" target=""_blank"">@user8653602093025</a>",14,5,69.375,1,1,8,0,2351.2,61,1.8,5
"<a href=""https://tiktok.com/@user8753242872061"" target=""_blank"">@user8753242872061</a>",20,6,60.425,0.952,3,26,0,1023.5,27.333,0.167,0
"<a href=""https://tiktok.com/@user8794483655797"" target=""_blank"">@user8794483655797</a>",9,6,39.25,0.833,2,16,0,1765.167,39.333,1.167,4.667
"<a href=""https://tiktok.com/@user9701082465142"" target=""_blank"">@user9701082465142</a>",79,3,54.333,1,1,9,0,276.667,13.333,0,0
"<a href=""https://tiktok.com/@user9724456321051"" target=""_blank"">@user9724456321051</a>",6,7,54.108,0.75,3,26,0,5817.429,67.857,1.143,1.143
"<a href=""https://tiktok.com/@username.12345301"" target=""_blank"">@username.12345301</a>",48,3,84.583,0.5,1,12,0,68600.913,245.783,5.217,25.652
"<a href=""https://tiktok.com/@username.1545465"" target=""_blank"">@username.1545465</a>",48,6,95.875,0.75,1,8,0,39.4,2.6,0.2,0
"<a href=""https://tiktok.com/@username0201726"" target=""_blank"">@username0201726</a>",96,4,78.5,0.8,1,8,0,40514.579,313.842,2.526,8.158
"<a href=""https://tiktok.com/@usernamer02023"" target=""_blank"">@usernamer02023</a>",95,4,66.667,1,1,9,0,3678.16,261.04,7.96,2.96
"<a href=""https://tiktok.com/@usixidbd"" target=""_blank"">@usixidbd</a>",91,6,63.1,0.875,1,10,0,12741.286,116.571,5.143,0.429
"<a href=""https://tiktok.com/@usjg2117"" target=""_blank"">@usjg2117</a>",57,6,63.513,0.944,4,46,0,506.111,26.778,0.222,0.111
"<a href=""https://tiktok.com/@utoxwqg"" target=""_blank"">@utoxwqg</a>",75,9,22.576,0.969,6,114,0,581.556,25,0.778,0.222
"<a href=""https://tiktok.com/@v.if77"" target=""_blank"">@v.if77</a>",17,5,57,1,1,8,0,886,19.8,0.4,0
"<a href=""https://tiktok.com/@vaigg0"" target=""_blank"">@vaigg0</a>",30,7,54.475,1,2,18,0,3062.571,127.857,2.714,4.571
"<a href=""https://tiktok.com/@valeriemunoz413"" target=""_blank"">@valeriemunoz413</a>",83,3,49.747,0.95,4,33,0,118.333,9.333,0.667,0.333
"<a href=""https://tiktok.com/@vbn1883"" target=""_blank"">@vbn1883</a>",26,6,50.125,1,1,8,0,1769.833,45,0.167,0.333
"<a href=""https://tiktok.com/@vdkfofu"" target=""_blank"">@vdkfofu</a>",2,7,71.755,0.952,3,25,0,7391.714,120.714,1.286,1.714
"<a href=""https://tiktok.com/@verity.holland"" target=""_blank"">@verity.holland</a>",6,8,72.05,0.908,4,42,0,2294.875,90.375,1.375,0.5
"<a href=""https://tiktok.com/@vghf668"" target=""_blank"">@vghf668</a>",16,6,35.643,1,1,14,0,1307.5,43.667,0.833,0.167
"<a href=""https://tiktok.com/@video.of38"" target=""_blank"">@video.of38</a>",15,4,51.75,0.857,1,8,0,943.25,43.5,0,0
"<a href=""https://tiktok.com/@vitsu.alec1"" target=""_blank"">@vitsu.alec1</a>",38,9,54.093,0.945,8,105,0,5443.444,100.667,1.889,1.333
"<a href=""https://tiktok.com/@vshwiy2868"" target=""_blank"">@vshwiy2868</a>",10,5,38.841,1,2,21,0,1492.4,22,0,0
"<a href=""https://tiktok.com/@vxkaw3274"" target=""_blank"">@vxkaw3274</a>",62,6,55.3,0.857,1,10,0,1296.667,95.333,0.5,0.167
"<a href=""https://tiktok.com/@wgslhe"" target=""_blank"">@wgslhe</a>",77,13,34.195,0.938,16,289,0,1862.846,40,0.077,0.231
"<a href=""https://tiktok.com/@wiate.doni0"" target=""_blank"">@wiate.doni0</a>",38,9,52.522,0.9,8,93,0,2589.667,41.667,0.667,1.667
"<a href=""https://tiktok.com/@wiqg8225"" target=""_blank"">@wiqg8225</a>",57,7,62.138,0.861,4,49,0,279.9,9.5,0,0.1
"<a href=""https://tiktok.com/@wive0570"" target=""_blank"">@wive0570</a>",57,8,63.222,0.958,3,35,0,1054.625,47.875,0.625,1.5
"<a href=""https://tiktok.com/@wojta.or"" target=""_blank"">@wojta.or</a>",15,6,49.447,0.953,5,53,0,1221.833,46.333,0.833,0.167
"<a href=""https://tiktok.com/@wroe.edith6"" target=""_blank"">@wroe.edith6</a>",38,8,57.995,0.86,8,105,0,3305.625,44.625,0.5,4.375
"<a href=""https://tiktok.com/@xchinaqueen3"" target=""_blank"">@xchinaqueen3</a>",49,4,60.692,0.875,1,13,0,1544.556,104.667,5.778,1.556
"<a href=""https://tiktok.com/@xchinaqueen5"" target=""_blank"">@xchinaqueen5</a>",49,6,94.25,0.75,1,8,0,655.095,36.476,3.762,0.667
"<a href=""https://tiktok.com/@xchinaqueen8"" target=""_blank"">@xchinaqueen8</a>",49,9,77.471,0.812,2,21,0,768.55,71.45,12.7,4.25
"<a href=""https://tiktok.com/@xlhxhlxlh8"" target=""_blank"">@xlhxhlxlh8</a>",61,5,44.993,0.9,4,37,0,1512.4,84,0.2,0.2
"<a href=""https://tiktok.com/@xxii911"" target=""_blank"">@xxii911</a>",35,6,43.014,0.926,3,28,0,2554.333,95.667,0.833,1.167
"<a href=""https://tiktok.com/@yclp.pjfg"" target=""_blank"">@yclp.pjfg</a>",90,8,33.25,0.875,1,8,0,3297.5,89,0.25,2.75
"<a href=""https://tiktok.com/@ydwthnm"" target=""_blank"">@ydwthnm</a>",52,7,43.174,0.929,2,23,0,3742.857,72,0.714,0.714
"<a href=""https://tiktok.com/@yiitsukb"" target=""_blank"">@yiitsukb</a>",32,6,56.326,0.929,2,17,0,2277.333,179,6.333,13
"<a href=""https://tiktok.com/@ytrq8081"" target=""_blank"">@ytrq8081</a>",56,12,74.998,0.967,5,78,0,1641.583,61.417,0,0.167
"<a href=""https://tiktok.com/@zahra.radiyah.asf"" target=""_blank"">@zahra.radiyah.asf</a>",82,5,48,0.857,1,8,0,130.6,6,1.4,0
"<a href=""https://tiktok.com/@zesysmj"" target=""_blank"">@zesysmj</a>",75,8,21.719,0.972,6,104,0,323.125,19.5,0.125,0.25
"<a href=""https://tiktok.com/@zsdx184"" target=""_blank"">@zsdx184</a>",40,11,60.765,0.778,1,17,0,2977.909,85.545,0.636,1
"<a href=""https://tiktok.com/@zurina.sara"" target=""_blank"">@zurina.sara</a>",84,6,45.75,0.875,1,12,0,333,7.5,0,1
"<a href=""https://tiktok.com/@zvjsl"" target=""_blank"">@zvjsl</a>",74,7,64.654,1,2,21,0,3575,88.286,3,0.714
"<a href=""https://tiktok.com/@zxvb736"" target=""_blank"">@zxvb736</a>",40,8,53.564,0.847,3,39,0,2148.25,83.875,0.25,0.875
"<a href=""https://tiktok.com/@zysmpbz"" target=""_blank"">@zysmpbz</a>",75,9,21.84,0.974,6,114,0,833.111,23.444,0.222,0.111
"<a href=""https://tiktok.com/@zzhjdj4"" target=""_blank"">@zzhjdj4</a>",20,6,76.125,1,1,8,0,1009.833,41.333,0.333,0.5
