"Network","Number of Accounts","Network Density","Network Diameter","Clustering Coefficient","Avg Views","Avg Likes","Avg Comments","Avg Shares","Member Accounts"
1,14,0.297,39,0.441,3882.221,175.279,1.26,3.577,"jdpxorjf, jfkovj5, krug011, fughf21, jtcytxyzey, ubhutfrx, bmc12655, user5626060056906, quincyshop08, chantalkusch, jsosjxj8, irdc042, fdijc3, user6922385284275"
2,5,0.6,17,0.545,3569.892,99.486,0.892,1.216,"hciiv26, user8168691298265, idhd139, jdododh5, vdkfofu"
3,5,0.5,24,0.429,2447.806,64.278,0.444,1.417,"aedhdici, jfdd653, hdr86575, aedyckctu, gckcj4"
4,2,1,8,0,2508.333,67.267,2,0.867,"hullen.nguyen, miss.bordner"
5,2,1,8,0,4024.533,92.2,0.6,1.2,"craig.harrell0, cp.eagdu"
6,5,0.7,24,0.8,3870.462,87.231,1.128,0.974,"user8508148033286, cbjf05, user9724456321051, ayden.riverad, verity.holland"
7,2,1,10,0,3242.467,75.667,0.667,0.8,"user2268806570260, user65533709618068"
8,10,0.533,21,0.657,3394.836,75.342,0.849,4.753,"aedhdjcoof, fcjjv86, hdhxh3484, lxjjc, shgj33, sharleen.howard, gduhx01, fduic5, aedgslpxjx, user7605976152392"
9,3,0.667,16,0,3260.059,57,1.353,4.882,"user2903556969068, user6186701630842, user8794483655797"
10,3,1,11,1,1304.733,33.067,0.2,0.2,"shuj977, todaysfriendshow4, vshwiy2868"
11,6,1,18,1,1193.844,34.062,0.375,0.469,"cainima888, bsjj8797, shuy742, reddit.vztwo, carbloggera, sug7994"
12,2,1,9,0,2553,49.818,2.182,5.182,"user7166160034825, user2920462956526"
13,4,0.5,36,0,1365.619,32.762,0.619,1.476,"titme, omi.poni0, fhuc22, toma.rimi"
14,2,1,8,0,2590.091,70,2.091,8.909,"user8653602093025, user19468614708518"
15,7,0.476,26,0.577,1201.222,27.5,0.528,0.111,"bsyg2865, ggih3179, mulask57, monalisa7988, video.of38, berez.paulo, wojta.or"
16,2,1,14,0,1309.818,33.091,0.455,0.273,"j.uv586, vghf668"
17,5,0.6,27,0.6,1010.074,28.481,0.259,0.593,"kuhar.clair6, gfg6705, fhvf210, hdbjx72, v.if77"
18,2,1,8,0,1240.5,35.375,0.25,2.25,"alejkityuoo, fevkuiq"
19,2,1,8,0,2325.25,54.875,0.5,0.25,"hlnvan42749s, ubzg6170"
20,4,0.5,18,0,886.087,26.478,0.174,0.174,"jjdjdd911, user8753242872061, shfjjg4, zzhjdj4"
21,2,1,9,0,954.917,32.667,0.083,0.167,"if.en.is.fam, skkfdxh"
22,3,0.667,16,0,1136.75,34.812,0.062,0.375,"frd7456, jffihofff, cjsllfd"
23,2,1,8,0,726.8,21.6,0.3,0.2,"kaylabigsjo, ohchocx"
24,3,0.667,16,0,1089.235,36.118,0.647,0.882,"iggkgmv, dopiffg, mrwihajhzb6"
25,2,1,8,0,1124.364,50.818,0.364,0.091,"user1776924848635, liyonyonlll"
26,2,1,8,0,1394.455,38.273,0.091,0.182,"adsfsdn, vbn1883"
27,2,1,10,0,7720.692,318.692,2.769,1.231,"ryllskayaqing, ksndfmggf"
28,2,1,8,0,828.636,36.909,0.364,0,"aed8564, dempseyhuntington2002"
29,2,1,8,0,899.167,32.5,0.667,0.5,"aedfkjdc, revjiu2"
30,3,0.667,18,0,3209.263,145,2.105,2.737,"vaigg0, user2810315813972, gfjch34"
31,2,1,10,0,2316.643,75.143,2.357,4.214,"fjyukfjjf, hdidkser0"
32,4,0.833,17,0.75,2527.071,121.071,4.536,5.464,"gf.nj97, gutieyy7, djm9r, yiitsukb"
33,2,1,9,0,1588.769,77.154,1.615,0.462,"duocidhd, hdixidnf"
34,2,1,8,0,2569.067,87.867,1.8,5.133,"guch008, user19103225080680"
35,8,0.536,21,0.566,3834.085,132.661,1.898,2.763,"landscape5670, dtkwod, stoyouh, rohingyao, text.fc, sdsdyou, text690, xxii911"
36,2,1,8,0,6097.75,136,3.562,3.688,"satsyou, shvchjds"
37,3,0.667,25,0,1642.929,34.536,1.714,1.929,"lin689668987, fhkundshunk, user16909390140293"
38,9,1,18,1,7558.598,119.061,0.89,2.012,"battl.kray, lawgray3, seile.rian, benedossie2, osb.remo, vitsu.alec1, wiate.doni0, rubin.mervy8, wroe.edith6"
39,5,0.6,30,0.545,9877.522,229.261,0.696,5.283,"aed0267, jajsjsn56, aed2750, jvhb240, cfdc18"
40,6,0.6,37,0.652,5208.056,96.426,0.944,2.389,"gooj806, user3436197788624, dthh824, jvtvc3, zsdx184, zxvb736"
41,5,0.6,17,0.545,6851.684,123.237,2.632,3.079,"aed75787, aed3660, bate.hynda, aed7p4, lwandiswamsithini"
42,2,1,8,0,4389.867,88.867,0.933,0.733,"debran.oxonrp00, debran.oxonrp86"
43,2,1,8,0,1378.1,121.5,0.8,1,"luckyphone320, chunyuan66"
44,3,0.667,25,0,31791.514,3169,121.662,216.054,"sweet_babyc120, lush_queen120, amazing_seeet120"
45,3,1,23,1,5311.622,462.224,20.296,65.286,"chummi_queen1, cutequeen_driver120, plaqebfzf07"
46,2,1,13,0,6516.762,239.238,19.143,3.286,"djskgikeejk8, mdsdz2"
47,3,0.667,18,0,18950.75,734.327,20.981,41.135,"china_cutegirl22, china_deriver_60, chuma_g1"
48,3,0.667,20,0,28640.649,149.86,5.719,12.649,"kamlisarkar_0, username.1545465, username.12345301"
49,3,0.667,21,0,860.58,62.74,7.7,2.26,"xchinaqueen3, xchinaqueen5, xchinaqueen8"
50,2,1,8,0,1503,97.846,2.231,7.538,"gerkeselen06, brese.hillah"
51,2,1,8,0,1364.375,71.875,0.188,0.312,"redditstory667, redreddit48"
52,4,0.667,20,0.6,5049.519,66.074,0.704,1.259,"jbhghj2, kyfg6663, sikki.kahtyk, ydwthnm"
53,4,0.833,20,0.75,12825.387,222.355,6.871,4.903,"emory.drawehj, ilges.estelwei, purnialesh45, sun.lilym"
54,9,1,30,1,1371.765,104.118,0.353,0.706,"ciojkb, hojdmc, qdcieh, kubjij, kranaa9, ecucbt, reddit_debbie, pewpua2, reddit_grayson99"
55,7,0.571,34,0.656,640.71,26.029,0.377,0.246,"kjuq5904, eiej4325, jccj44506, gjhg8047, twkg9813, twvs4521, uest1280"
56,8,0.643,49,0.771,1393.022,50.903,0.323,0.742,"jkuy0534, ghhj8554, bvoo3130, dijx3903, fhda78402, okay11732, drgd8391, ytrq8081"
57,8,0.393,36,0.48,676.682,27.955,0.515,1.045,"isgs5669, fhxk1941, bkot6010, tugx2917, usjg2117, givi0331, wive0570, wiqg8225"
58,7,0.476,36,0.75,1096.128,54.692,0.487,1.026,"dhhi6645, hrsy60677, tiut0219, ufsc8075, fkir2290, cjire9104, urdu9708"
59,2,1,18,0,1734.417,84.167,0.25,2,"clirr5282, fnnf8890"
60,2,1,9,0,983.375,49.5,0.5,3.625,"gjguq6894, sooz6329"
61,8,0.679,29,0.852,1606.486,58.114,0.314,0.086,"gohdr4367, liaojiuyu, gxhx514, hgidsi, bdjsbsk4, gkgfjj1, dhcye3177, xlhxhlxlh8"
62,8,0.429,28,0.545,960.721,66.209,0.698,0.395,"nxpsa4288, avelina.asucen, g.in.cgn, hdksp6389, bxuzba, hdvhds4, hxjdsj34, vxkaw3274"
63,3,1,8,1,1241.333,68.917,1.417,0.333,"ndork4782, jshszh6382, cnatk3189"
64,3,1,8,1,1629.846,77.692,1.385,0.308,"hzhdhs, ncjfhyrsdj, snoshsj"
65,2,1,8,0,2157.25,54,0.75,0.25,"kdywnty, awmilke"
66,2,1,8,0,1173.875,80,0.25,0.875,"ciucfyictci, hosgsg0"
67,2,1,12,0,1637.25,36.375,0.438,1.562,"kduudk6, ukfee8"
68,2,1,8,0,1362.167,128.833,2.167,1,"facailllll12138, mvbdanqi"
69,4,1,23,1,4880.095,26.19,0.357,18.952,"cfndhfch, govkjhkbb, hoglbjlvil, user7848004239568"
70,3,1,25,1,12443.333,129.778,8.296,10.667,"reddit_ignatius8, lnppoe, shbsdd2"
71,4,0.833,16,0.75,4016.438,195.5,1.75,1.375,"fgijg467, hkmdrr, akksdb4, nfjsk12"
72,2,1,12,0,1727.833,91.75,0.5,0.917,"hurrryu, fulknm"
73,5,0.5,34,0.5,7656.606,370.879,2.97,8.667,"oshasg, dghhg372, tessh95, jspsns3, tug35587"
74,5,0.4,37,0,6670.353,258.265,2.853,1.265,"hfstil3, owuhwh, iuwgeh, ndmsl15, zvjsl"
75,7,1,23,1,650.29,26.968,0.581,0.387,"dtxijq, ldaphc, eqxela7, jecxsz, utoxwqg, zesysmj, zysmpbz"
76,2,1,11,0,843.833,26.889,0.722,0.833,"mnoojt, objlhmtjemu"
77,17,1,18,1,1318.563,32.863,0.268,0.853,"lejaad2, pbpktw, dtbtcc8, rtwgui, eqmhqf, bipiqo, arffug, hidouo, sqifhw, hdmjwo1, lhqitc, puhrra, hltuoq, bpgarp, ucdrmh, idpeoc, wgslhe"
78,2,1,9,0,272.625,10.125,0,0.5,"qvkjmf, ewscnn"
79,2,1,9,0,140.667,6.667,0,0,"eohwvh, user9701082465142"
80,3,0.667,18,0,208,10.333,0,0.222,"mmsauw3, qtilwj, tmtgoa"
81,2,1,8,0,16793.875,287.875,5.188,2.688,"hdicok57, hfigi61"
82,3,0.667,17,0,800.059,35,0.941,5.353,"safiyyah.iftikar, nasiha.buthainah, zahra.radiyah.asf"
83,5,1,11,1,799.25,15.583,0.5,3.042,"lucyedmonson5, bhsn473, suzannefigueroa76, paulettefrank1, valeriemunoz413"
84,3,0.667,20,0,494.81,17.095,0.714,4.571,"salah.hakem.sayeg, muhammad.dawi20, zurina.sara"
85,2,1,9,0,579.222,25.222,0.778,8,"nisrin.yusraa.sha, labib.zain.hajjar"
86,5,0.6,21,0.545,1202.207,26.103,1.241,7.483,"ludwin.keith, ayanna.kelekele, natalie.acosta88, constantinos.hard, stanfordrodriguez"
87,3,1,8,1,1331.353,36.941,2.059,11.941,"thuwaibah.dad.rah, olivia.ava.davis, tiffany.c..irvin"
88,2,1,11,0,3584.792,21.083,0.125,0.375,"usbkjggb6819, user12390941773567"
89,3,0.667,17,0,25180.545,261.545,2.727,15.318,"kqva.glub, jroosevx, user7448681866615"
90,2,1,8,0,2977.143,95.071,0.714,2.714,"user44761426985968, yclp.pjfg"
91,2,1,10,0,7559.933,79.867,3.2,0.467,"coicbf, usixidbd"
92,3,1,9,1,287.222,5,0.111,0,"clwooh, jibelm5, lncbgk"
93,3,0.667,16,0,853.708,42.208,0.333,0.25,"djgdthh, sisodne, lkaer88888"
94,5,0.4,46,0,27003.011,870.613,18.753,12.72,"cuteg895, cardriving139, beautiful46h, beautifulseen30, girldriver_8363"
95,5,0.4,43,0,1047.463,83.389,4.589,0.789,"moderngril5, grilofchina, dogsfan7, usernamer02023, modernofuk"
96,2,1,8,0,33812.348,262.609,2.217,6.87,"rashidmbbs7, username0201726"
97,4,0.667,22,0.6,2965.209,32.791,0.326,0.884,"ghvvhvcgvvccf, user1433469988696, mlyeejyn, user21677638672342"
98,2,1,8,0,2760.917,52.667,2.75,1.25,"cghvhhj6, ghzdxbj"
