"Account","Network","Unique Shares","Avg Time Between Shares (sec)","Edge Symmetry Score","Degree","Strength","Betweenness","Avg Views","Avg Likes","Avg Comments","Avg Shares"
"<a href=""https://tiktok.com/@2thgkvjd"" target=""_blank"">@2thgkvjd</a>",71,6,57.18,0.944,3,25,0,1896.333,132.167,1.333,0.167
"<a href=""https://tiktok.com/@2tiktohdh"" target=""_blank"">@2tiktohdh</a>",70,6,36.85,0.929,2,18,0,1015.333,39.667,0.167,0
"<a href=""https://tiktok.com/@3mbfklb"" target=""_blank"">@3mbfklb</a>",66,5,61.238,1,3,21,0,3672.667,88,1.333,0.5
"<a href=""https://tiktok.com/@41ghqq"" target=""_blank"">@41ghqq</a>",70,6,46.413,0.929,2,18,0,1225.333,34.667,0.333,0
"<a href=""https://tiktok.com/@4hgkdjf"" target=""_blank"">@4hgkdjf</a>",71,5,57.212,1,3,24,0,1439,102.6,1.8,0.2
"<a href=""https://tiktok.com/@6dhbgbvuyqw"" target=""_blank"">@6dhbgbvuyqw</a>",41,6,52.286,1,1,7,0,10703.833,422.667,2.5,1.5
"<a href=""https://tiktok.com/@adam.hoyt"" target=""_blank"">@adam.hoyt</a>",97,5,58.741,0.857,2,21,0,965.2,24.4,0.8,2
"<a href=""https://tiktok.com/@adhhrrt"" target=""_blank"">@adhhrrt</a>",31,5,46.976,0.938,2,16,0,970.4,27,0.2,0
"<a href=""https://tiktok.com/@aed0267"" target=""_blank"">@aed0267</a>",46,6,50.686,0.836,3,27,0,2901.5,81.667,0.167,1.333
"<a href=""https://tiktok.com/@aed2750"" target=""_blank"">@aed2750</a>",46,5,47.952,0.825,3,29,0,2232.2,29.2,0.4,0.8
"<a href=""https://tiktok.com/@aeda1689"" target=""_blank"">@aeda1689</a>",25,6,82.429,0.8,1,7,0,6038,56.167,0.333,0.667
"<a href=""https://tiktok.com/@aedgslpxjx"" target=""_blank"">@aedgslpxjx</a>",24,8,48.525,0.906,8,76,0,1928.75,35.125,0.125,0.25
"<a href=""https://tiktok.com/@aedhdici"" target=""_blank"">@aedhdici</a>",5,8,55.167,0.944,3,34,0,3141.875,89.875,4.625,56.625
"<a href=""https://tiktok.com/@aedhdjcoof"" target=""_blank"">@aedhdjcoof</a>",24,10,59.379,0.909,8,95,0,3102.8,94.7,0.8,1.6
"<a href=""https://tiktok.com/@aedjxpxodj"" target=""_blank"">@aedjxpxodj</a>",19,6,90,1,1,8,0,5858,338.833,5.167,17.667
"<a href=""https://tiktok.com/@aeduriosod"" target=""_blank"">@aeduriosod</a>",17,4,36,1,1,8,0,1124.5,63.75,1.25,4.25
"<a href=""https://tiktok.com/@aedyckctu"" target=""_blank"">@aedyckctu</a>",6,6,69.9,0.857,1,10,0,4262.167,111.333,1,1.667
"<a href=""https://tiktok.com/@akkaanav.risksjsg"" target=""_blank"">@akkaanav.risksjsg</a>",25,6,63.589,0.9,2,15,0,4119,51.333,0,1.333
"<a href=""https://tiktok.com/@amazing_seeet120"" target=""_blank"">@amazing_seeet120</a>",49,7,92.214,0.833,1,14,0,2624.273,60.182,9.409,4.682
"<a href=""https://tiktok.com/@arffug"" target=""_blank"">@arffug</a>",87,5,47.833,1,2,18,0,2471.2,87.6,1,1.8
"<a href=""https://tiktok.com/@aseng.haymong"" target=""_blank"">@aseng.haymong</a>",57,4,31.333,1,3,24,0,2124,70.5,0.5,2.5
"<a href=""https://tiktok.com/@avav11738"" target=""_blank"">@avav11738</a>",26,5,56.571,0.714,1,7,0,3605.667,55.5,0.667,0.333
"<a href=""https://tiktok.com/@awmilke"" target=""_blank"">@awmilke</a>",72,4,24.25,1,1,8,0,1462.25,49.75,0.25,0
"<a href=""https://tiktok.com/@ayanna.kelekele"" target=""_blank"">@ayanna.kelekele</a>",96,6,54.281,0.929,4,35,0,1530.167,29.833,1,4
"<a href=""https://tiktok.com/@ayden.riverad"" target=""_blank"">@ayden.riverad</a>",4,8,42.973,0.854,2,15,0,3304,84,1.25,1.375
"<a href=""https://tiktok.com/@barakah.yasmine.s"" target=""_blank"">@barakah.yasmine.s</a>",93,3,23.778,0.9,2,18,0,1352.5,11.833,1,3.667
"<a href=""https://tiktok.com/@battl.kray"" target=""_blank"">@battl.kray</a>",47,5,59.139,0.786,8,69,0,12145.6,184,0.4,0.8
"<a href=""https://tiktok.com/@bdjkeo"" target=""_blank"">@bdjkeo</a>",37,5,59.071,0.844,2,19,0,198,1.6,0,0
"<a href=""https://tiktok.com/@bdjsbsk4"" target=""_blank"">@bdjsbsk4</a>",77,3,28.143,0.833,1,7,0,3440,76,0.667,0.667
"<a href=""https://tiktok.com/@bdjsxn6"" target=""_blank"">@bdjsxn6</a>",75,4,36.25,1,1,8,0,2500.75,86.5,0.5,0.25
"<a href=""https://tiktok.com/@bdpd57"" target=""_blank"">@bdpd57</a>",18,6,34.75,0.866,2,20,0,3397.833,193.333,0.833,1.167
"<a href=""https://tiktok.com/@be.jkigv"" target=""_blank"">@be.jkigv</a>",1,8,42.16,0.946,6,52,0,3302.625,114.75,1.875,1.375
"<a href=""https://tiktok.com/@beautiful46h"" target=""_blank"">@beautiful46h</a>",100,3,68.111,0.6,1,9,0,1394.2,172.4,13.2,2.8
"<a href=""https://tiktok.com/@benedossie2"" target=""_blank"">@benedossie2</a>",47,5,48.531,0.81,5,40,0,6848.8,49.8,0.8,1.2
"<a href=""https://tiktok.com/@berez.paulo"" target=""_blank"">@berez.paulo</a>",29,3,47.185,1,3,27,0,2367.667,42.667,0,0
"<a href=""https://tiktok.com/@bfc.hff"" target=""_blank"">@bfc.hff</a>",20,5,58,1,1,7,0,2739,39,2.2,0.8
"<a href=""https://tiktok.com/@bfihc"" target=""_blank"">@bfihc</a>",5,8,58.381,0.944,2,26,0,3722.125,100.875,0.5,3.125
"<a href=""https://tiktok.com/@bgfddf8888"" target=""_blank"">@bgfddf8888</a>",8,8,50.667,0.875,1,9,0,2654.222,92.889,1.222,2.778
"<a href=""https://tiktok.com/@bierc.wendyp"" target=""_blank"">@bierc.wendyp</a>",89,4,42.25,1,1,8,0,4011.167,75,3,51.167
"<a href=""https://tiktok.com/@bipiqo"" target=""_blank"">@bipiqo</a>",88,7,62.833,1,2,20,0,4579.857,94.286,0.143,2.286
"<a href=""https://tiktok.com/@bkot6010"" target=""_blank"">@bkot6010</a>",59,6,62.917,1,3,35,0,1771.111,55.889,0.556,4.778
"<a href=""https://tiktok.com/@bmc12655"" target=""_blank"">@bmc12655</a>",1,10,58.48,0.884,9,90,0,6920,118,0.9,5.5
"<a href=""https://tiktok.com/@bpgarp"" target=""_blank"">@bpgarp</a>",88,7,69.359,1,4,53,0,2476,26.429,0.571,0.286
"<a href=""https://tiktok.com/@bsbsbsvsv44"" target=""_blank"">@bsbsbsvsv44</a>",19,5,63.1,0.875,1,10,0,1892.4,134.8,2.2,2.6
"<a href=""https://tiktok.com/@bsjj8797"" target=""_blank"">@bsjj8797</a>",27,3,49.938,1,2,17,0,1487,20.333,0,0.667
"<a href=""https://tiktok.com/@busgp14"" target=""_blank"">@busgp14</a>",98,5,35.143,0.857,1,7,0,1744.167,48.5,0.333,0.667
"<a href=""https://tiktok.com/@bvoo3130"" target=""_blank"">@bvoo3130</a>",58,9,63.071,1,5,69,0,3273.667,68.333,1.889,1.111
"<a href=""https://tiktok.com/@bzsksk1"" target=""_blank"">@bzsksk1</a>",66,6,63.377,0.937,4,32,0,9470.833,395.333,6.5,2.667
"<a href=""https://tiktok.com/@carbloggera"" target=""_blank"">@carbloggera</a>",27,3,51.778,1,2,18,0,1055.833,65.167,0.167,0
"<a href=""https://tiktok.com/@cardriving139"" target=""_blank"">@cardriving139</a>",100,5,68.111,0.6,1,9,0,186.8,37.8,6.4,0.2
"<a href=""https://tiktok.com/@carlos.alberto.al886"" target=""_blank"">@carlos.alberto.al886</a>",57,4,33.25,1,3,24,0,1372.75,48.5,0.75,0.25
"<a href=""https://tiktok.com/@carmen.vega355"" target=""_blank"">@carmen.vega355</a>",21,6,50,0.938,2,20,0,2284.167,93.333,0.333,2.5
"<a href=""https://tiktok.com/@cbjf05"" target=""_blank"">@cbjf05</a>",4,8,59.717,0.738,3,26,0,4178.625,71.25,0.25,0.375
"<a href=""https://tiktok.com/@cbnkugf"" target=""_blank"">@cbnkugf</a>",37,6,55.583,0.868,3,30,0,222.333,5,0,0
"<a href=""https://tiktok.com/@cbske2477"" target=""_blank"">@cbske2477</a>",67,6,49.812,1,2,15,0,926.167,41.5,0.167,0
"<a href=""https://tiktok.com/@cfndhfch"" target=""_blank"">@cfndhfch</a>",81,6,46.059,0.944,2,21,0,3213.833,10,0,3.667
"<a href=""https://tiktok.com/@cghwqj"" target=""_blank"">@cghwqj</a>",103,4,59.25,1,1,8,0,3273.25,62.75,1.5,0
"<a href=""https://tiktok.com/@chantalkusch"" target=""_blank"">@chantalkusch</a>",1,8,62.109,0.899,9,82,0,9589.2,210.7,1.1,2
"<a href=""https://tiktok.com/@chcjg0"" target=""_blank"">@chcjg0</a>",8,8,50.667,0.875,1,9,0,8640.375,125.375,10.625,105.625
"<a href=""https://tiktok.com/@chdg050"" target=""_blank"">@chdg050</a>",12,6,67.25,1,1,8,0,2434.5,72.167,1,6.333
"<a href=""https://tiktok.com/@china_cutegirl22"" target=""_blank"">@china_cutegirl22</a>",52,7,102.556,0.75,1,9,0,1027.938,71.062,4.375,2.25
"<a href=""https://tiktok.com/@chkchifofo"" target=""_blank"">@chkchifofo</a>",33,6,54.071,0.857,2,14,0,1043.5,84.5,1.167,0.167
"<a href=""https://tiktok.com/@chummi_queen1"" target=""_blank"">@chummi_queen1</a>",50,12,101.789,0.667,1,19,0,6661.172,469.483,20.414,47.069
"<a href=""https://tiktok.com/@chunyuan66"" target=""_blank"">@chunyuan66</a>",40,5,59.714,1,1,7,0,2128.6,270,2.2,2.6
"<a href=""https://tiktok.com/@cigcgict"" target=""_blank"">@cigcgict</a>",74,4,44,1,1,7,0,2332.25,106.25,0.5,0
"<a href=""https://tiktok.com/@ciojkb"" target=""_blank"">@ciojkb</a>",62,9,22.272,0.955,6,144,0,2921.778,125.889,0.333,0.778
"<a href=""https://tiktok.com/@ciucfyictci"" target=""_blank"">@ciucfyictci</a>",73,4,45.5,1,3,24,0,1997,112,0.75,0.75
"<a href=""https://tiktok.com/@cjdfndrh"" target=""_blank"">@cjdfndrh</a>",67,5,42.625,1,1,8,0,988.8,24,0.6,0.2
"<a href=""https://tiktok.com/@cjsllfd"" target=""_blank"">@cjsllfd</a>",33,6,50.111,1,1,9,0,1227.167,57.667,0.667,0.667
"<a href=""https://tiktok.com/@cjur6297"" target=""_blank"">@cjur6297</a>",63,3,44.778,1,3,27,0,1565.333,63.333,0.333,0
"<a href=""https://tiktok.com/@clirr5282"" target=""_blank"">@clirr5282</a>",65,3,85.125,1,1,8,0,967,54.667,0.667,4.667
"<a href=""https://tiktok.com/@constantinos.hard"" target=""_blank"">@constantinos.hard</a>",96,6,60.466,0.821,3,33,0,1497.833,39.667,1.667,11.167
"<a href=""https://tiktok.com/@craig.harrell0"" target=""_blank"">@craig.harrell0</a>",2,10,59.778,0.75,1,9,0,2218.4,117.4,0.4,1.9
"<a href=""https://tiktok.com/@ctxfso"" target=""_blank"">@ctxfso</a>",101,4,65,1,1,8,0,1607,37,0.25,0
"<a href=""https://tiktok.com/@cxd.shd"" target=""_blank"">@cxd.shd</a>",55,6,25.857,1,1,7,0,3033.167,56.5,1,0.833
"<a href=""https://tiktok.com/@dblbel"" target=""_blank"">@dblbel</a>",104,4,74.5,1,1,8,0,1488,36.5,0,0
"<a href=""https://tiktok.com/@dell.oswink"" target=""_blank"">@dell.oswink</a>",10,4,23,1,1,8,0,1503,81.333,0.333,1.167
"<a href=""https://tiktok.com/@demetriusguerrero"" target=""_blank"">@demetriusguerrero</a>",96,6,53.13,0.91,4,44,0,1226.833,32.333,0.5,4.667
"<a href=""https://tiktok.com/@dghhg372"" target=""_blank"">@dghhg372</a>",83,5,66.954,1,3,25,0,2224.8,163.2,0.6,2.4
"<a href=""https://tiktok.com/@dhuolt"" target=""_blank"">@dhuolt</a>",62,6,22.019,0.915,6,108,0,7683.833,167.833,1.833,3.333
"<a href=""https://tiktok.com/@dijx3903"" target=""_blank"">@dijx3903</a>",58,9,63.792,1,4,54,0,2854.778,51,1.111,0.667
"<a href=""https://tiktok.com/@djakbksi"" target=""_blank"">@djakbksi</a>",37,5,58.442,0.867,4,45,0,97.8,1.8,0,0
"<a href=""https://tiktok.com/@djbdjfjff"" target=""_blank"">@djbdjfjff</a>",41,10,56.7,0.95,2,20,0,2137.5,111.5,0.5,0.8
"<a href=""https://tiktok.com/@djejgek"" target=""_blank"">@djejgek</a>",37,6,61.371,0.857,3,37,0,264,4.667,0,0
"<a href=""https://tiktok.com/@djgdthh"" target=""_blank"">@djgdthh</a>",98,6,44.429,1,1,7,0,2595.333,69.167,0.167,0.5
"<a href=""https://tiktok.com/@djm9r"" target=""_blank"">@djm9r</a>",13,6,57.137,0.949,5,44,0,4433,108.833,10.833,8.667
"<a href=""https://tiktok.com/@djskgikeejk8"" target=""_blank"">@djskgikeejk8</a>",51,5,48.077,0.833,1,13,0,423.8,18,0.2,0.2
"<a href=""https://tiktok.com/@dnakr3818"" target=""_blank"">@dnakr3818</a>",78,3,42,1,1,9,0,1704.667,54.333,0,0
"<a href=""https://tiktok.com/@drgd8391"" target=""_blank"">@drgd8391</a>",58,5,67.45,0.917,2,27,0,1060.625,67.125,0.375,1
"<a href=""https://tiktok.com/@dtbtcc8"" target=""_blank"">@dtbtcc8</a>",88,7,33.706,1,1,17,0,2320.286,42.143,0.143,4.714
"<a href=""https://tiktok.com/@dtkwod"" target=""_blank"">@dtkwod</a>",42,4,38.417,1,3,24,0,5247.5,208,2.75,1.25
"<a href=""https://tiktok.com/@dtxijq"" target=""_blank"">@dtxijq</a>",82,3,46.667,1,1,9,0,452,23.333,0.333,0
"<a href=""https://tiktok.com/@dvdjsh29"" target=""_blank"">@dvdjsh29</a>",86,5,56.958,1,4,34,0,6861,354.4,5,1.4
"<a href=""https://tiktok.com/@dytfd65"" target=""_blank"">@dytfd65</a>",78,3,42,1,1,9,0,1137.333,42,0.667,0.667
"<a href=""https://tiktok.com/@eagehh"" target=""_blank"">@eagehh</a>",62,6,19.185,0.95,6,108,0,338.167,14,0.667,0.167
"<a href=""https://tiktok.com/@eiej4325"" target=""_blank"">@eiej4325</a>",58,9,75.717,0.969,4,44,0,716.556,31,0.667,0.111
"<a href=""https://tiktok.com/@emory.drawehj"" target=""_blank"">@emory.drawehj</a>",54,6,48.488,0.897,3,23,0,7392.333,88,2,1.333
"<a href=""https://tiktok.com/@eqmhqf"" target=""_blank"">@eqmhqf</a>",88,7,56.686,1,3,39,0,1225.571,21.857,0.143,1.286
"<a href=""https://tiktok.com/@eqxela7"" target=""_blank"">@eqxela7</a>",82,3,46.667,1,1,9,0,633.667,17.667,0.667,0
"<a href=""https://tiktok.com/@eyidk5"" target=""_blank"">@eyidk5</a>",83,4,62.75,1,3,24,0,1452,56.5,0.25,0.5
"<a href=""https://tiktok.com/@f.goi2"" target=""_blank"">@f.goi2</a>",23,6,72.625,0.667,1,8,0,2047.8,129.4,0.9,1
"<a href=""https://tiktok.com/@facailllll12138"" target=""_blank"">@facailllll12138</a>",80,6,64.825,0.833,2,23,0,1671.333,246.833,3,1.333
"<a href=""https://tiktok.com/@fafafafafafafacai"" target=""_blank"">@fafafafafafafacai</a>",80,6,75.125,0.833,2,15,0,1674.333,190.167,1.833,1.5
"<a href=""https://tiktok.com/@fauy8466"" target=""_blank"">@fauy8466</a>",6,8,69.9,0.857,1,10,0,3504,88.625,0.5,1.875
"<a href=""https://tiktok.com/@fcjjv86"" target=""_blank"">@fcjjv86</a>",24,10,50.985,0.961,8,102,0,2031.4,107.6,1.1,1.5
"<a href=""https://tiktok.com/@fdijc3"" target=""_blank"">@fdijc3</a>",1,6,43.568,0.972,6,47,0,2145.3,88.9,0.5,0.5
"<a href=""https://tiktok.com/@fduic5"" target=""_blank"">@fduic5</a>",24,8,53.944,0.946,8,87,0,2601.2,81.3,0.4,1.4
"<a href=""https://tiktok.com/@fhakowbz"" target=""_blank"">@fhakowbz</a>",37,5,60.348,0.914,4,39,0,95.4,1,0,0
"<a href=""https://tiktok.com/@fhda78402"" target=""_blank"">@fhda78402</a>",58,9,66.718,1,3,48,0,843.444,47.333,0.333,0.333
"<a href=""https://tiktok.com/@fhdjfjfj8"" target=""_blank"">@fhdjfjfj8</a>",31,6,57.571,0.917,3,25,0,803.167,28.5,2.667,0.5
"<a href=""https://tiktok.com/@fhfg2499"" target=""_blank"">@fhfg2499</a>",22,6,68.429,1,1,7,0,2122.833,139.667,1.5,5.667
"<a href=""https://tiktok.com/@fhuc22"" target=""_blank"">@fhuc22</a>",28,3,24,0.8,1,9,0,1032.667,28.667,0,0
"<a href=""https://tiktok.com/@fhvf210"" target=""_blank"">@fhvf210</a>",30,5,52.778,0.625,1,9,0,878.4,22.6,0.8,0
"<a href=""https://tiktok.com/@fhxk1941"" target=""_blank"">@fhxk1941</a>",59,9,67.889,1,3,45,0,2538.889,97.778,0.444,10.889
"<a href=""https://tiktok.com/@fijvxdd"" target=""_blank"">@fijvxdd</a>",39,6,59.083,1,2,20,0,3155.75,107.75,0.75,1.625
"<a href=""https://tiktok.com/@fjggds0808"" target=""_blank"">@fjggds0808</a>",15,8,52.786,1,2,14,0,2879,165.25,1,1.125
"<a href=""https://tiktok.com/@fjjfjko"" target=""_blank"">@fjjfjko</a>",37,6,71.932,0.871,5,44,0.001,154.167,2.833,0.167,0
"<a href=""https://tiktok.com/@fjngjrffu"" target=""_blank"">@fjngjrffu</a>",36,4,51.143,1,1,7,0,1455.75,90.25,0.25,0.75
"<a href=""https://tiktok.com/@fjvfjk4"" target=""_blank"">@fjvfjk4</a>",19,6,76.55,0.938,2,18,0,1442,93.667,0.667,0.167
"<a href=""https://tiktok.com/@fkfdnd"" target=""_blank"">@fkfdnd</a>",13,6,58.254,1,4,31,0,1161,68.5,1.167,2.667
"<a href=""https://tiktok.com/@fkir2290"" target=""_blank"">@fkir2290</a>",63,3,66.778,1,3,27,0,1280.333,73,0.333,1.333
"<a href=""https://tiktok.com/@flsosi5"" target=""_blank"">@flsosi5</a>",86,5,63.093,1,3,26,0,3145.8,129,1.2,1.6
"<a href=""https://tiktok.com/@fsjoxkf"" target=""_blank"">@fsjoxkf</a>",2,10,78.435,0.821,3,25,0,2660,125.5,0.9,1
"<a href=""https://tiktok.com/@fuddg743"" target=""_blank"">@fuddg743</a>",7,7,69.857,1,1,7,0,3251.875,93.375,5.375,3.375
"<a href=""https://tiktok.com/@fughf21"" target=""_blank"">@fughf21</a>",1,8,52.934,0.964,7,64,0,4248.4,149.2,1.9,2
"<a href=""https://tiktok.com/@gail.olson1"" target=""_blank"">@gail.olson1</a>",79,4,54.125,1,2,16,0,1137.5,48,1,2.5
"<a href=""https://tiktok.com/@gatillocristein6"" target=""_blank"">@gatillocristein6</a>",38,9,56.746,1,2,23,0,4633.333,77.444,2.556,4.111
"<a href=""https://tiktok.com/@gckcj4"" target=""_blank"">@gckcj4</a>",5,7,50.143,0.833,1,7,0,3518.571,63.714,0,0.857
"<a href=""https://tiktok.com/@gdghss35"" target=""_blank"">@gdghss35</a>",73,4,60,1,2,16,0,1883.25,79,0.75,0
"<a href=""https://tiktok.com/@gdjdi63"" target=""_blank"">@gdjdi63</a>",84,5,58.259,1,3,25,0,4512.4,198.2,14.6,2
"<a href=""https://tiktok.com/@gduhx01"" target=""_blank"">@gduhx01</a>",24,8,51.992,0.878,8,87,0,3738.75,44.5,0.375,1.25
"<a href=""https://tiktok.com/@gfg6705"" target=""_blank"">@gfg6705</a>",30,3,49.571,1,1,7,0,1060,23,0,0.333
"<a href=""https://tiktok.com/@ggih3179"" target=""_blank"">@ggih3179</a>",29,3,45.704,1,3,26,0,2657,25.333,1.667,0
"<a href=""https://tiktok.com/@gheoe8"" target=""_blank"">@gheoe8</a>",83,4,80,1,2,16,0,2061.5,105.75,1,2.25
"<a href=""https://tiktok.com/@ghhj8554"" target=""_blank"">@ghhj8554</a>",58,6,64.333,1,3,27,0,1339,61,0.333,0.444
"<a href=""https://tiktok.com/@ghjbsjb"" target=""_blank"">@ghjbsjb</a>",37,6,57.908,0.879,4,34,0.001,112.167,0.5,0,0
"<a href=""https://tiktok.com/@givi0331"" target=""_blank"">@givi0331</a>",59,4,72,1,2,18,0,292.889,8.778,0.222,0.333
"<a href=""https://tiktok.com/@gjguq6894"" target=""_blank"">@gjguq6894</a>",65,3,85.125,1,1,8,0,3839,72.333,1,3.667
"<a href=""https://tiktok.com/@gjhg8047"" target=""_blank"">@gjhg8047</a>",58,4,61.406,1,4,35,0,909.833,17.167,0.5,0
"<a href=""https://tiktok.com/@gkkfykjb"" target=""_blank"">@gkkfykjb</a>",32,6,50.875,1,1,8,0,928.333,43.833,0.833,0.333
"<a href=""https://tiktok.com/@gooj806"" target=""_blank"">@gooj806</a>",48,6,70.688,0.8,2,16,0,7079.833,72.5,1.333,1
"<a href=""https://tiktok.com/@govkjhkbb"" target=""_blank"">@govkjhkbb</a>",81,6,47.9,0.944,2,22,0,7499.889,45.111,1.333,6
"<a href=""https://tiktok.com/@grilofchina"" target=""_blank"">@grilofchina</a>",99,4,68,1,1,10,0,214.5,44.25,3,0
"<a href=""https://tiktok.com/@grukc02"" target=""_blank"">@grukc02</a>",14,7,60.571,1,1,7,0,2746,170.857,1.857,5
"<a href=""https://tiktok.com/@gutieyy7"" target=""_blank"">@gutieyy7</a>",13,6,55.233,1,4,36,0,1716.667,86.167,0.333,2.167
"<a href=""https://tiktok.com/@gxhx514"" target=""_blank"">@gxhx514</a>",77,3,25.5,1,2,18,0,2060.667,66.333,0,0
"<a href=""https://tiktok.com/@gxiiff3"" target=""_blank"">@gxiiff3</a>",2,10,73.443,0.817,2,17,0,2266.6,119.4,0.3,0.9
"<a href=""https://tiktok.com/@hbvvf739"" target=""_blank"">@hbvvf739</a>",23,8,72.625,0.667,1,8,0,2512.3,51.6,0.1,0.6
"<a href=""https://tiktok.com/@hciiv26"" target=""_blank"">@hciiv26</a>",2,10,65.056,0.875,4,42,0,3627.6,74.8,0.9,2.2
"<a href=""https://tiktok.com/@hckcudh1"" target=""_blank"">@hckcudh1</a>",22,4,68.429,1,1,7,0,10881.8,439.4,1.8,2
"<a href=""https://tiktok.com/@hdbj8585"" target=""_blank"">@hdbj8585</a>",14,7,57.714,1,1,7,0,6307.429,223.143,1.143,2
"<a href=""https://tiktok.com/@hdhxg847"" target=""_blank"">@hdhxg847</a>",14,9,52.943,1,6,43,0,1655.444,67.333,0.333,1.889
"<a href=""https://tiktok.com/@hdhxh3484"" target=""_blank"">@hdhxh3484</a>",24,8,60.785,0.924,8,81,0,3058.75,58.5,0.25,0.125
"<a href=""https://tiktok.com/@hdicok57"" target=""_blank"">@hdicok57</a>",90,4,51.25,1,1,8,0,2341.667,89.333,3,0.833
"<a href=""https://tiktok.com/@hdifhg5"" target=""_blank"">@hdifhg5</a>",1,6,53.413,0.854,2,16,0,2240.571,74,1,1
"<a href=""https://tiktok.com/@hdkxoxj"" target=""_blank"">@hdkxoxj</a>",16,5,62.125,1,1,8,0,2048.143,45.143,0.857,0.571
"<a href=""https://tiktok.com/@hdmjwo1"" target=""_blank"">@hdmjwo1</a>",87,5,69.111,1,2,18,0,2231,84.6,0.8,7.8
"<a href=""https://tiktok.com/@hdr86575"" target=""_blank"">@hdr86575</a>",5,8,47.115,0.963,3,34,0,1806.125,35.375,0.5,1.25
"<a href=""https://tiktok.com/@hdryxd"" target=""_blank"">@hdryxd</a>",42,9,71.81,0.964,4,33,0,3735.556,106.556,1.667,8.333
"<a href=""https://tiktok.com/@hds.hy"" target=""_blank"">@hds.hy</a>",73,4,44.375,1,2,16,0,2352.25,80,4,0
"<a href=""https://tiktok.com/@heheb8964"" target=""_blank"">@heheb8964</a>",67,6,57,1,1,7,0,1455.5,101.167,1.5,0.333
"<a href=""https://tiktok.com/@heidy.blancas"" target=""_blank"">@heidy.blancas</a>",16,6,62.125,1,1,8,0,1296,109,1.286,0
"<a href=""https://tiktok.com/@hfigi61"" target=""_blank"">@hfigi61</a>",90,4,51.25,1,1,8,0,3251.5,110.667,1.833,0.833
"<a href=""https://tiktok.com/@hfstil3"" target=""_blank"">@hfstil3</a>",84,5,55.5,1,2,16,0,5788.8,251.2,3.4,1
"<a href=""https://tiktok.com/@hoeg.huan"" target=""_blank"">@hoeg.huan</a>",25,6,44.75,1,1,8,0,3704.667,28,0.167,0.167
"<a href=""https://tiktok.com/@hojdmc"" target=""_blank"">@hojdmc</a>",62,9,19.136,0.948,6,144,0,1169.667,135.556,0,0.333
"<a href=""https://tiktok.com/@hootchxs"" target=""_blank"">@hootchxs</a>",33,6,65.056,1,2,16,0,841.833,39.333,0.333,0.333
"<a href=""https://tiktok.com/@hrsy60677"" target=""_blank"">@hrsy60677</a>",64,3,57.333,1,1,9,0,373,15,0,0.333
"<a href=""https://tiktok.com/@hsiwibs"" target=""_blank"">@hsiwibs</a>",37,5,55.438,0.917,2,18,0,122,0.8,0,0
"<a href=""https://tiktok.com/@hullen.nguyen"" target=""_blank"">@hullen.nguyen</a>",3,8,62.909,1,1,11,0,4122.75,88.5,1.75,0.875
"<a href=""https://tiktok.com/@hwvrok"" target=""_blank"">@hwvrok</a>",68,4,47.75,1,1,8,0,4448,77.75,2.25,1.5
"<a href=""https://tiktok.com/@hzjsjs897"" target=""_blank"">@hzjsjs897</a>",73,4,59.75,1,1,8,0,3339.5,255,1,1
"<a href=""https://tiktok.com/@ianboone74"" target=""_blank"">@ianboone74</a>",79,4,63.75,1,1,8,0,1600,60.25,1.25,4
"<a href=""https://tiktok.com/@idhd139"" target=""_blank"">@idhd139</a>",2,10,37.042,0.944,3,32,0,1835.8,86.8,0.3,0.3
"<a href=""https://tiktok.com/@idjhs32"" target=""_blank"">@idjhs32</a>",15,8,56.143,1,1,7,0,3162.5,103.5,0.625,0.125
"<a href=""https://tiktok.com/@idpeoc"" target=""_blank"">@idpeoc</a>",88,7,59.639,1,3,33,0,3073.714,60.429,0.143,1.143
"<a href=""https://tiktok.com/@iggkgmv"" target=""_blank"">@iggkgmv</a>",35,5,44,1,1,7,0,1666.6,59.4,0,0.6
"<a href=""https://tiktok.com/@ilges.estelwei"" target=""_blank"">@ilges.estelwei</a>",54,6,37.508,0.869,3,28,0,4410,80.833,0.833,1.167
"<a href=""https://tiktok.com/@irdc042"" target=""_blank"">@irdc042</a>",1,7,55.886,0.903,6,57,0,3159.778,135,1.889,6
"<a href=""https://tiktok.com/@isce0690"" target=""_blank"">@isce0690</a>",61,6,70.6,0.833,1,15,0,996.222,43.111,0.333,0.222
"<a href=""https://tiktok.com/@isgsjdj0"" target=""_blank"">@isgsjdj0</a>",86,4,75.857,0.8,1,7,0,74202,5444.25,10.5,35.75
"<a href=""https://tiktok.com/@itsstj2"" target=""_blank"">@itsstj2</a>",83,4,72,1,1,8,0,912.75,40.25,0.75,0.25
"<a href=""https://tiktok.com/@iuwgeh"" target=""_blank"">@iuwgeh</a>",85,5,62.111,1,1,9,0,3320.8,106.4,2.4,0.4
"<a href=""https://tiktok.com/@jajsjsn56"" target=""_blank"">@jajsjsn56</a>",46,3,47.053,0.8,3,23,0,56187.167,1248.333,3.833,33
"<a href=""https://tiktok.com/@jane95436"" target=""_blank"">@jane95436</a>",38,9,59.045,0.878,3,30,0,3050.3,45.9,3,1.8
"<a href=""https://tiktok.com/@jccj44506"" target=""_blank"">@jccj44506</a>",58,9,60.456,0.938,4,49,0,302.444,6.333,0.444,1.111
"<a href=""https://tiktok.com/@jckfjd.bff"" target=""_blank"">@jckfjd.bff</a>",21,6,46.7,1,2,20,0,36793.333,1246.167,26.167,205.833
"<a href=""https://tiktok.com/@jdjsbs94"" target=""_blank"">@jdjsbs94</a>",66,6,53.418,0.914,5,36,0,20207.333,661.333,3.667,2.333
"<a href=""https://tiktok.com/@jdkckcj2"" target=""_blank"">@jdkckcj2</a>",4,5,46,0.667,1,8,0,4331,47.8,0.6,0.8
"<a href=""https://tiktok.com/@jdpxorjf"" target=""_blank"">@jdpxorjf</a>",1,7,69.117,0.938,4,35,0,3615.143,152.286,0.143,0.571
"<a href=""https://tiktok.com/@jduchc"" target=""_blank"">@jduchc</a>",15,8,49.429,1,1,7,0,1846.25,97.875,1.25,2.75
"<a href=""https://tiktok.com/@jenny.garrett65"" target=""_blank"">@jenny.garrett65</a>",96,6,51.636,0.913,5,50,0,58788.5,1172.333,39.833,239.833
"<a href=""https://tiktok.com/@jfdd653"" target=""_blank"">@jfdd653</a>",5,8,61.661,0.917,4,33,0,2814.625,49.75,0.375,0
"<a href=""https://tiktok.com/@jfdhjj9090"" target=""_blank"">@jfdhjj9090</a>",14,9,46.786,1,4,28,0,4079.667,106.889,2.222,0.556
"<a href=""https://tiktok.com/@jfkovj5"" target=""_blank"">@jfkovj5</a>",1,10,62.377,0.886,9,83,0,3718.3,151.2,1.6,1.1
"<a href=""https://tiktok.com/@jfshjfd9530"" target=""_blank"">@jfshjfd9530</a>",14,8,56,1,1,7,0,6480.5,135.25,0.375,1.5
"<a href=""https://tiktok.com/@jkakbbvgg"" target=""_blank"">@jkakbbvgg</a>",36,4,51.143,1,1,7,0,852.75,57,0.75,1
"<a href=""https://tiktok.com/@jkuy0534"" target=""_blank"">@jkuy0534</a>",58,9,53.7,0.917,2,24,0,2062.778,78.222,0.444,1.778
"<a href=""https://tiktok.com/@jsosjxj8"" target=""_blank"">@jsosjxj8</a>",1,9,52.42,0.87,10,86,0,1434.222,78.222,0.889,0.667
"<a href=""https://tiktok.com/@jspsns3"" target=""_blank"">@jspsns3</a>",83,4,40.571,0.8,1,7,0,20647,1069.25,3.75,31.5
"<a href=""https://tiktok.com/@jtcytxyzey"" target=""_blank"">@jtcytxyzey</a>",1,8,63.016,0.911,3,25,0,2050.7,136.9,1.6,4.8
"<a href=""https://tiktok.com/@juliosalazar229"" target=""_blank"">@juliosalazar229</a>",57,4,32.083,1,3,24,0,2059,46,0,0.75
"<a href=""https://tiktok.com/@jvhb240"" target=""_blank"">@jvhb240</a>",46,5,61.822,0.811,3,29,0,10686.6,238,1,1
"<a href=""https://tiktok.com/@jvtvc3"" target=""_blank"">@jvtvc3</a>",48,4,69.062,1,2,16,0,6297.25,87,1.25,0.5
"<a href=""https://tiktok.com/@jxgxi8"" target=""_blank"">@jxgxi8</a>",71,5,60.852,0.958,3,26,0,1075.4,49.6,1.2,0.8
"<a href=""https://tiktok.com/@kamlisarkar_0"" target=""_blank"">@kamlisarkar_0</a>",52,5,97.273,0.8,1,11,0,1409.4,32.6,3.8,0.333
"<a href=""https://tiktok.com/@kdywnty"" target=""_blank"">@kdywnty</a>",72,4,24.25,1,1,8,0,1524.5,59.5,0.5,0
"<a href=""https://tiktok.com/@kenitra.angliaf"" target=""_blank"">@kenitra.angliaf</a>",10,4,23,1,1,8,0,1200,64,0.6,1.4
"<a href=""https://tiktok.com/@khanh.dao61"" target=""_blank"">@khanh.dao61</a>",45,4,53.529,0.875,2,17,0,5491.25,63.25,0.5,2.5
"<a href=""https://tiktok.com/@khfhc2"" target=""_blank"">@khfhc2</a>",14,9,52.554,1,3,22,0,2005.556,101.778,0.556,0.778
"<a href=""https://tiktok.com/@kjuq5904"" target=""_blank"">@kjuq5904</a>",58,9,69.5,1,3,36,0,1250.889,86.111,0.778,0.222
"<a href=""https://tiktok.com/@krissityann"" target=""_blank"">@krissityann</a>",79,4,55.25,1,4,32,0,725.5,20.75,0.5,0.5
"<a href=""https://tiktok.com/@krug011"" target=""_blank"">@krug011</a>",1,10,52.825,0.955,6,65,0,12654.2,276,96.6,117.6
"<a href=""https://tiktok.com/@ksndfmggf"" target=""_blank"">@ksndfmggf</a>",41,10,48.568,0.923,6,48,0,1342.5,64.7,0.6,0.1
"<a href=""https://tiktok.com/@kubjij"" target=""_blank"">@kubjij</a>",62,9,21.019,0.938,6,144,0,1461.889,129,0.444,1
"<a href=""https://tiktok.com/@kuhar.clair6"" target=""_blank"">@kuhar.clair6</a>",30,5,51.175,0.812,2,16,0,1255,37.6,0,0
"<a href=""https://tiktok.com/@kyfg6663"" target=""_blank"">@kyfg6663</a>",56,4,28.25,1,1,8,0,2786.5,44.167,0.667,1
"<a href=""https://tiktok.com/@labaam4"" target=""_blank"">@labaam4</a>",102,4,16.25,1,1,8,0,1406.75,36,0.5,0
"<a href=""https://tiktok.com/@lahab.fakhiri.ari"" target=""_blank"">@lahab.fakhiri.ari</a>",92,3,59.92,1,2,15,0,1091.167,12.167,0.5,1.333
"<a href=""https://tiktok.com/@landscape5670"" target=""_blank"">@landscape5670</a>",42,10,56.13,0.936,9,91,0,3191,185.6,1.5,1.3
"<a href=""https://tiktok.com/@lanora.haskely"" target=""_blank"">@lanora.haskely</a>",57,4,32.833,1,3,24,0,3918,79.25,0.25,0
"<a href=""https://tiktok.com/@lashay.fornasaro"" target=""_blank"">@lashay.fornasaro</a>",97,6,51.008,0.938,2,23,0,1072.5,40,0.167,11.833
"<a href=""https://tiktok.com/@laurengomezl"" target=""_blank"">@laurengomezl</a>",96,5,33.671,0.812,2,24,0,84972.6,3084.4,65.4,1374.2
"<a href=""https://tiktok.com/@lawgray3"" target=""_blank"">@lawgray3</a>",47,5,57.426,0.823,5,46,0,3545.8,86,0.8,2
"<a href=""https://tiktok.com/@leopolda.harriett"" target=""_blank"">@leopolda.harriett</a>",17,4,36,1,1,8,0,2116,75.75,1,0.75
"<a href=""https://tiktok.com/@liaojiuyu"" target=""_blank"">@liaojiuyu</a>",77,5,26.825,0.944,3,25,0,1290.6,30,0.6,0.2
"<a href=""https://tiktok.com/@lin689668987"" target=""_blank"">@lin689668987</a>",44,7,56.333,0.818,1,15,0,2528.25,68.5,3.375,6.125
"<a href=""https://tiktok.com/@lkaer88888"" target=""_blank"">@lkaer88888</a>",98,6,39.786,0.929,2,14,0,1697.714,48.286,0.286,0
"<a href=""https://tiktok.com/@lnppoe"" target=""_blank"">@lnppoe</a>",105,3,25.333,1,1,9,0,51774,612.333,25.833,76.5
"<a href=""https://tiktok.com/@lpdjjnk"" target=""_blank"">@lpdjjnk</a>",33,5,51.545,0.929,2,15,0,1004.2,41.8,0.6,0.2
"<a href=""https://tiktok.com/@luckyphone320"" target=""_blank"">@luckyphone320</a>",40,6,69,0.933,3,21,0,1399.667,91.333,0.833,1
"<a href=""https://tiktok.com/@ludwin.keith"" target=""_blank"">@ludwin.keith</a>",96,6,59.439,0.887,4,42,0,2347,38,1.833,6.167
"<a href=""https://tiktok.com/@lxjjc"" target=""_blank"">@lxjjc</a>",24,6,48.365,0.878,7,65,0,3406.714,44.143,0.571,0
"<a href=""https://tiktok.com/@maryreynolds112"" target=""_blank"">@maryreynolds112</a>",20,5,58,1,1,7,0,109281.6,3426.8,24.6,17.2
"<a href=""https://tiktok.com/@mdsdz2"" target=""_blank"">@mdsdz2</a>",51,6,48.077,0.833,1,13,0,7152.875,314.5,27.25,3.625
"<a href=""https://tiktok.com/@meggie.y"" target=""_blank"">@meggie.y</a>",66,6,25.375,1,1,8,0,1412.167,62.167,1.167,0
"<a href=""https://tiktok.com/@melissahrenteria"" target=""_blank"">@melissahrenteria</a>",94,3,52.667,0.8,1,9,0,1482.167,14.333,0.5,1.833
"<a href=""https://tiktok.com/@midnightfy68"" target=""_blank"">@midnightfy68</a>",38,4,65.125,0.833,1,8,0,4795,61.667,1.556,4.667
"<a href=""https://tiktok.com/@miss.bordner"" target=""_blank"">@miss.bordner</a>",3,8,62.909,1,1,11,0,3023.25,81.25,0.75,0.625
"<a href=""https://tiktok.com/@moderngril5"" target=""_blank"">@moderngril5</a>",99,2,48.429,0.6,1,7,0,384,66.5,7,0
"<a href=""https://tiktok.com/@modernofuk"" target=""_blank"">@modernofuk</a>",99,5,58.214,0.8,2,17,0,210.8,56.4,9.8,0.2
"<a href=""https://tiktok.com/@monalisa7988"" target=""_blank"">@monalisa7988</a>",29,4,45.481,1,3,26,0,1387.25,23.5,0,0.25
"<a href=""https://tiktok.com/@mrwihajhzb6"" target=""_blank"">@mrwihajhzb6</a>",35,4,44,1,1,7,0,657.25,20.25,3.25,1
"<a href=""https://tiktok.com/@muhammad.dawi20"" target=""_blank"">@muhammad.dawi20</a>",94,6,59.917,0.757,2,17,0,666.667,21.5,0.833,7
"<a href=""https://tiktok.com/@mvbdanqi"" target=""_blank"">@mvbdanqi</a>",80,6,47.4,1,1,15,0,1077.5,84.833,0.333,0.333
"<a href=""https://tiktok.com/@nasiha.buthainah"" target=""_blank"">@nasiha.buthainah</a>",95,3,58.571,0.9,2,14,0,1551,40.167,1.167,11
"<a href=""https://tiktok.com/@ncjfhyrsdj"" target=""_blank"">@ncjfhyrsdj</a>",69,4,25.857,1,1,7,0,2873.5,70.5,1.25,0.25
"<a href=""https://tiktok.com/@nfyk.emma"" target=""_blank"">@nfyk.emma</a>",79,4,35.125,1,2,16,0,987.6,55,1.4,1.6
"<a href=""https://tiktok.com/@nhi.vo585"" target=""_blank"">@nhi.vo585</a>",45,6,49.286,0.821,3,33,0,5000.667,52.333,0.5,0.333
"<a href=""https://tiktok.com/@nhienchau41"" target=""_blank"">@nhienchau41</a>",45,5,51.75,0.917,2,20,0,6822.6,35.2,0.2,1.4
"<a href=""https://tiktok.com/@nidaye81"" target=""_blank"">@nidaye81</a>",77,3,27.889,1,2,18,0,1620,131,0,0.667
"<a href=""https://tiktok.com/@objlhmtjemu"" target=""_blank"">@objlhmtjemu</a>",87,5,65.852,1,3,27,0,2798.6,109.2,2.6,11.2
"<a href=""https://tiktok.com/@okay11732"" target=""_blank"">@okay11732</a>",58,6,66.583,1,2,21,0,1098.444,52.222,0,0.444
"<a href=""https://tiktok.com/@olando.mayo"" target=""_blank"">@olando.mayo</a>",97,6,54.567,0.795,2,22,0,1942.667,22.667,1.167,7
"<a href=""https://tiktok.com/@olivia.ava.davis"" target=""_blank"">@olivia.ava.davis</a>",93,5,42.688,1,2,16,0,661.4,18.6,1.8,1.2
"<a href=""https://tiktok.com/@oljclk"" target=""_blank"">@oljclk</a>",68,4,47.75,1,1,8,0,1573.75,31,0.25,0
"<a href=""https://tiktok.com/@osb.remo"" target=""_blank"">@osb.remo</a>",47,6,66.633,0.795,4,43,0,1934.333,42.667,0.5,0.5
"<a href=""https://tiktok.com/@oshasg"" target=""_blank"">@oshasg</a>",84,5,63.437,0.9,2,16,0,958.2,56.8,1.2,0
"<a href=""https://tiktok.com/@owuhwh"" target=""_blank"">@owuhwh</a>",84,5,59.254,0.933,3,25,0,3117.8,161.2,1.4,0.8
"<a href=""https://tiktok.com/@pbpktw"" target=""_blank"">@pbpktw</a>",88,7,62.02,1,4,52,0,1663.714,30.857,0.143,0.143
"<a href=""https://tiktok.com/@peter.azamag"" target=""_blank"">@peter.azamag</a>",91,4,28.75,1,1,8,0,1715.6,44,0.2,0.6
"<a href=""https://tiktok.com/@phong.ngoc76"" target=""_blank"">@phong.ngoc76</a>",55,6,25.857,1,1,7,0,3354.833,49.5,0.667,1.667
"<a href=""https://tiktok.com/@pjk3357"" target=""_blank"">@pjk3357</a>",53,5,66.429,1,1,7,0,1617.333,62.5,0,0.167
"<a href=""https://tiktok.com/@plaqebfzf07"" target=""_blank"">@plaqebfzf07</a>",50,10,94.179,0.8,1,28,0,15496.167,1423.367,54.667,210.6
"<a href=""https://tiktok.com/@pobaiwan12138"" target=""_blank"">@pobaiwan12138</a>",80,5,68,1,1,7,0,1341.833,76.833,0.333,0.167
"<a href=""https://tiktok.com/@pratt_movie"" target=""_blank"">@pratt_movie</a>",5,6,63.75,1,1,8,0,5441.667,75.833,1.167,1.833
"<a href=""https://tiktok.com/@prtnr8"" target=""_blank"">@prtnr8</a>",13,6,65.857,1,1,7,0,3941.833,116.833,6.5,11
"<a href=""https://tiktok.com/@puhrra"" target=""_blank"">@puhrra</a>",88,7,61.256,1,3,43,0,684.857,6.571,0,0
"<a href=""https://tiktok.com/@purnialesh45"" target=""_blank"">@purnialesh45</a>",54,6,39.034,0.917,3,27,0,3403,57,0.333,0.833
"<a href=""https://tiktok.com/@qdcieh"" target=""_blank"">@qdcieh</a>",62,9,21.772,0.961,6,144,0,1141.556,70.222,0.444,0.222
"<a href=""https://tiktok.com/@qllsks0"" target=""_blank"">@qllsks0</a>",86,5,48.481,1,3,26,0,28663.6,890.2,9.8,8.2
"<a href=""https://tiktok.com/@quincyshop08"" target=""_blank"">@quincyshop08</a>",1,9,58.857,0.885,8,74,0,10341.667,81.556,3.889,2.222
"<a href=""https://tiktok.com/@reddit.vztwo"" target=""_blank"">@reddit.vztwo</a>",27,3,56.715,1,2,17,0,2270.333,78.667,0.333,2
"<a href=""https://tiktok.com/@reddit55549"" target=""_blank"">@reddit55549</a>",53,5,66.429,1,1,7,0,1929.667,74.667,0.833,0
"<a href=""https://tiktok.com/@reddit_grayson99"" target=""_blank"">@reddit_grayson99</a>",62,9,21.895,0.915,6,144,0,1402.778,107.667,0.444,0.222
"<a href=""https://tiktok.com/@reddit_ignatius8"" target=""_blank"">@reddit_ignatius8</a>",105,6,30.833,1,2,18,0,48927.167,729.5,31.333,163.833
"<a href=""https://tiktok.com/@redditpov6"" target=""_blank"">@redditpov6</a>",34,6,42.25,1,1,8,0,8999.5,120.167,2.333,2.833
"<a href=""https://tiktok.com/@reddittext48"" target=""_blank"">@reddittext48</a>",26,5,56.571,0.714,1,7,0,2772.375,62.375,0.375,1.375
"<a href=""https://tiktok.com/@redidgbxozg6"" target=""_blank"">@redidgbxozg6</a>",95,5,58.986,0.829,2,17,0,559.5,44.333,4.167,9.667
"<a href=""https://tiktok.com/@rgyts7"" target=""_blank"">@rgyts7</a>",86,5,65.095,0.9,2,16,0,4227.2,189.2,2.8,2.4
"<a href=""https://tiktok.com/@rohingyao"" target=""_blank"">@rohingyao</a>",42,10,54.933,0.917,8,85,0,3450.3,122.1,3.5,2.1
"<a href=""https://tiktok.com/@rosacasey65"" target=""_blank"">@rosacasey65</a>",13,6,64.929,0.857,2,14,0,3958.833,206.833,4.833,26.667
"<a href=""https://tiktok.com/@rtikb3"" target=""_blank"">@rtikb3</a>",83,4,72,1,4,32,0,1671,102.5,0.25,2
"<a href=""https://tiktok.com/@rtwgui"" target=""_blank"">@rtwgui</a>",87,5,91.444,1,1,9,0,906.8,35.6,1.2,0.8
"<a href=""https://tiktok.com/@rubin.mervy8"" target=""_blank"">@rubin.mervy8</a>",47,5,60.351,0.751,7,58,0,3247.8,40,0.6,0.4
"<a href=""https://tiktok.com/@ryllskaya.reddit"" target=""_blank"">@ryllskaya.reddit</a>",41,5,47.589,0.929,2,15,0,2138.333,191.5,3.833,0.667
"<a href=""https://tiktok.com/@ryllskayaqing"" target=""_blank"">@ryllskayaqing</a>",41,9,58.119,0.844,4,36,0,1779.778,122.333,1.111,0.444
"<a href=""https://tiktok.com/@saad.houd.haikik"" target=""_blank"">@saad.houd.haikik</a>",94,3,42.333,0.8,1,9,0,109.167,2.667,0.167,0.167
"<a href=""https://tiktok.com/@salah.hakem.sayeg"" target=""_blank"">@salah.hakem.sayeg</a>",93,6,30.586,0.757,2,20,0,134.333,4.833,0,0.667
"<a href=""https://tiktok.com/@sameerah.tare"" target=""_blank"">@sameerah.tare</a>",74,4,44,1,1,7,0,1102,62,0.5,0
"<a href=""https://tiktok.com/@saniyah.rafidah.k"" target=""_blank"">@saniyah.rafidah.k</a>",95,6,56.986,0.929,2,17,0,569,31.667,2.167,13.667
"<a href=""https://tiktok.com/@sasapco"" target=""_blank"">@sasapco</a>",42,9,48.802,0.919,4,43,0,3534.889,184,1,0.778
"<a href=""https://tiktok.com/@satsyou"" target=""_blank"">@satsyou</a>",43,7,50.778,0.929,2,16,0,4633,120.429,1.857,2.429
"<a href=""https://tiktok.com/@schgsc"" target=""_blank"">@schgsc</a>",39,8,59.125,0.667,1,8,0,2469.125,76.25,1.125,1.125
"<a href=""https://tiktok.com/@sdsdyou"" target=""_blank"">@sdsdyou</a>",42,8,58.455,0.933,5,55,0,4004.75,211.25,2.125,1
"<a href=""https://tiktok.com/@segji2"" target=""_blank"">@segji2</a>",86,5,54.407,1,3,27,0,1563.2,64.2,0.4,0.4
"<a href=""https://tiktok.com/@seile.rian"" target=""_blank"">@seile.rian</a>",47,5,60.274,0.778,3,23,0,7764.2,89,0.4,3
"<a href=""https://tiktok.com/@sfagnd"" target=""_blank"">@sfagnd</a>",85,5,66.556,1,1,9,0,1129.2,60,1.8,0.8
"<a href=""https://tiktok.com/@sharleen.howard"" target=""_blank"">@sharleen.howard</a>",24,9,57.247,0.925,7,72,0,2076.222,103.333,0.222,0.778
"<a href=""https://tiktok.com/@shbsdd2"" target=""_blank"">@shbsdd2</a>",105,3,36.333,1,1,9,0,3049.333,76.333,7.333,6.5
"<a href=""https://tiktok.com/@shfjjg4"" target=""_blank"">@shfjjg4</a>",31,6,60.571,1,2,14,0,737,16,0,0.333
"<a href=""https://tiktok.com/@shownbo"" target=""_blank"">@shownbo</a>",37,6,62.596,0.831,5,60,0,130.333,2.167,0,0
"<a href=""https://tiktok.com/@shvchjds"" target=""_blank"">@shvchjds</a>",43,7,49.556,0.857,1,9,0,4856.556,112.556,3.111,4.778
"<a href=""https://tiktok.com/@sjdh9643"" target=""_blank"">@sjdh9643</a>",14,8,41.5,1,2,14,0,3475.375,82.75,0.625,0.5
"<a href=""https://tiktok.com/@skkfdxh"" target=""_blank"">@skkfdxh</a>",33,6,67.935,0.952,3,22,0,1348.833,67.167,0,0
"<a href=""https://tiktok.com/@snoshsj"" target=""_blank"">@snoshsj</a>",69,4,25.857,1,1,7,0,1121.75,40,0.5,0
"<a href=""https://tiktok.com/@sqifhw"" target=""_blank"">@sqifhw</a>",88,7,56.425,1,2,30,0,1311.571,23.143,0.143,0.714
"<a href=""https://tiktok.com/@stann.miltok"" target=""_blank"">@stann.miltok</a>",89,4,42.25,1,1,8,0,1401.167,88.5,1.167,2.167
"<a href=""https://tiktok.com/@steven.garrison13"" target=""_blank"">@steven.garrison13</a>",2,8,64.188,0.755,3,24,0,3932.5,75.875,1.125,1
"<a href=""https://tiktok.com/@stien.lindag"" target=""_blank"">@stien.lindag</a>",11,5,38.429,1,1,7,0,1930.8,81,2.4,1.4
"<a href=""https://tiktok.com/@stoyouh"" target=""_blank"">@stoyouh</a>",42,9,52.107,0.9,2,15,0,3115.8,82.4,1.3,4.1
"<a href=""https://tiktok.com/@stvhfhj"" target=""_blank"">@stvhfhj</a>",43,8,50.05,0.938,2,17,0,4244.75,119.75,1.75,3.25
"<a href=""https://tiktok.com/@sun.lilym"" target=""_blank"">@sun.lilym</a>",54,5,45.064,0.861,3,26,0,2962,111,0.6,1.6
"<a href=""https://tiktok.com/@suoxin2"" target=""_blank"">@suoxin2</a>",32,5,50.875,1,1,8,0,706.2,12.6,0,0
"<a href=""https://tiktok.com/@svjssh"" target=""_blank"">@svjssh</a>",75,4,36.25,1,1,8,0,1882.75,70.25,0.75,0.25
"<a href=""https://tiktok.com/@sweet_babyc120"" target=""_blank"">@sweet_babyc120</a>",49,12,92.214,0.833,1,14,0,511.389,67.083,8.5,1.083
"<a href=""https://tiktok.com/@tdiifhr"" target=""_blank"">@tdiifhr</a>",21,5,42.7,0.938,2,20,0,109264.6,2889.4,62.2,45
"<a href=""https://tiktok.com/@tduuugwt"" target=""_blank"">@tduuugwt</a>",2,8,76.556,0.75,1,9,0,2718.25,140,1.125,1.75
"<a href=""https://tiktok.com/@tedhhy6"" target=""_blank"">@tedhhy6</a>",39,9,44.347,0.889,3,28,0,1338,50.2,0.2,0.1
"<a href=""https://tiktok.com/@tessh95"" target=""_blank"">@tessh95</a>",83,5,70.329,1,3,25,0,2625.8,159.4,0.6,5.2
"<a href=""https://tiktok.com/@text690"" target=""_blank"">@text690</a>",42,5,62.786,0.9,2,14,0,4103,117.667,1.667,3
"<a href=""https://tiktok.com/@textpov20"" target=""_blank"">@textpov20</a>",34,6,42.25,1,1,8,0,6076.167,82.167,0.5,2.667
"<a href=""https://tiktok.com/@texts178"" target=""_blank"">@texts178</a>",42,10,70.11,0.947,5,48,0,2410.2,92.1,1,0.3
"<a href=""https://tiktok.com/@thuc.nguyen2010"" target=""_blank"">@thuc.nguyen2010</a>",45,4,49.505,0.849,3,26,0,1875.5,13.5,0,0.25
"<a href=""https://tiktok.com/@thuwaibah.dad.rah"" target=""_blank"">@thuwaibah.dad.rah</a>",93,3,46.062,1,2,16,0,1069.667,44,1.333,14
"<a href=""https://tiktok.com/@tiantianguom317"" target=""_blank"">@tiantianguom317</a>",40,5,59.571,1,1,7,0,2789.6,221.8,1.6,0.2
"<a href=""https://tiktok.com/@tiffany.c..irvin"" target=""_blank"">@tiffany.c..irvin</a>",93,6,40.897,0.929,4,36,0,1812.714,28.143,1.286,9.857
"<a href=""https://tiktok.com/@toma.rimi"" target=""_blank"">@toma.rimi</a>",28,3,24,0.8,1,9,0,1016.667,17.333,0.333,0
"<a href=""https://tiktok.com/@tug35587"" target=""_blank"">@tug35587</a>",83,5,57.348,0.9,2,15,0,6854.2,304.8,1.4,7.8
"<a href=""https://tiktok.com/@tugx2917"" target=""_blank"">@tugx2917</a>",60,5,64.333,1,1,9,0,735.875,8.25,0.125,0
"<a href=""https://tiktok.com/@twinson46"" target=""_blank"">@twinson46</a>",37,6,56.277,0.95,4,34,0.001,124.833,1.833,0,0
"<a href=""https://tiktok.com/@twjbxkb"" target=""_blank"">@twjbxkb</a>",37,6,60.461,0.925,5,60,0.001,129.333,1.5,0,0.167
"<a href=""https://tiktok.com/@twkg9813"" target=""_blank"">@twkg9813</a>",58,9,59.875,0.979,6,62,0.001,907.111,33.778,0.222,0
"<a href=""https://tiktok.com/@twvs4521"" target=""_blank"">@twvs4521</a>",58,9,68.5,1,1,18,0,1042.556,53.333,0.444,0.111
"<a href=""https://tiktok.com/@ubhutfrx"" target=""_blank"">@ubhutfrx</a>",1,10,65.002,0.911,9,77,0,2104.6,112.4,1,2.2
"<a href=""https://tiktok.com/@uest1280"" target=""_blank"">@uest1280</a>",58,6,52.667,1,4,36,0,95.333,0.444,0.111,0.778
"<a href=""https://tiktok.com/@ufqtjw"" target=""_blank"">@ufqtjw</a>",103,4,59.25,1,1,8,0,2362,78,1.75,0
"<a href=""https://tiktok.com/@ufsc8075"" target=""_blank"">@ufsc8075</a>",64,3,57.333,1,1,9,0,1330,53.333,1,0.333
"<a href=""https://tiktok.com/@uiavao.bskvai"" target=""_blank"">@uiavao.bskvai</a>",13,6,50.678,1,4,38,0,2574,92.667,2,5.667
"<a href=""https://tiktok.com/@uosnatiahwk"" target=""_blank"">@uosnatiahwk</a>",9,4,73.857,0.8,1,7,0,43287.1,778.6,10.8,4.7
"<a href=""https://tiktok.com/@urdu9708"" target=""_blank"">@urdu9708</a>",63,3,44.778,1,3,27,0,794.667,67,0,0
"<a href=""https://tiktok.com/@user16909390140293"" target=""_blank"">@user16909390140293</a>",44,9,56.333,0.818,1,15,0,966.5,14.417,0.167,0
"<a href=""https://tiktok.com/@user2201058539802"" target=""_blank"">@user2201058539802</a>",18,6,56.3,0.866,2,20,0,2504.333,137.667,0.833,2.5
"<a href=""https://tiktok.com/@user2268806570260"" target=""_blank"">@user2268806570260</a>",7,10,69.857,1,1,7,0,47200.2,854.2,34.1,514.9
"<a href=""https://tiktok.com/@user31313825076752"" target=""_blank"">@user31313825076752</a>",18,6,47.95,0.857,2,20,0,11052.5,334.5,3.5,0.5
"<a href=""https://tiktok.com/@user3154950400581"" target=""_blank"">@user3154950400581</a>",12,5,52.875,1,2,16,0,3046.4,146.6,1.4,0.4
"<a href=""https://tiktok.com/@user3436197788624"" target=""_blank"">@user3436197788624</a>",48,6,66.917,0.929,2,20,0,23046.833,295.667,2.5,3.833
"<a href=""https://tiktok.com/@user4148379047616"" target=""_blank"">@user4148379047616</a>",41,10,54.006,0.874,3,27,0,1984.9,121.8,0.4,0.2
"<a href=""https://tiktok.com/@user4558398154190"" target=""_blank"">@user4558398154190</a>",37,6,66.195,0.894,5,61,0,213.667,4.667,0,0
"<a href=""https://tiktok.com/@user49177918199076"" target=""_blank"">@user49177918199076</a>",91,4,28.75,1,1,8,0,7950.167,124.5,47.333,235
"<a href=""https://tiktok.com/@user53021581539344"" target=""_blank"">@user53021581539344</a>",37,6,58.788,0.933,4,38,0.001,130,3.333,0,0
"<a href=""https://tiktok.com/@user5626060056906"" target=""_blank"">@user5626060056906</a>",1,10,52.309,0.904,10,93,0,5813.8,204.7,1.8,1.7
"<a href=""https://tiktok.com/@user5696011699429"" target=""_blank"">@user5696011699429</a>",79,4,55.25,1,1,8,0,1180.75,58,1,3.25
"<a href=""https://tiktok.com/@user67829690186377"" target=""_blank"">@user67829690186377</a>",37,6,64.12,0.845,6,60,0,121.667,1.833,0,0
"<a href=""https://tiktok.com/@user6922385284275"" target=""_blank"">@user6922385284275</a>",1,10,57.284,0.982,8,72,0,1687.8,56.8,0.6,1
"<a href=""https://tiktok.com/@user7605976152392"" target=""_blank"">@user7605976152392</a>",24,9,53.217,0.945,8,99,0,3459.444,63,1.556,1.556
"<a href=""https://tiktok.com/@user7848004239568"" target=""_blank"">@user7848004239568</a>",81,6,69.659,0.889,2,23,0,4997.5,17.667,0,23.333
"<a href=""https://tiktok.com/@user8168691298265"" target=""_blank"">@user8168691298265</a>",2,9,53.708,0.778,3,24,0,3694.9,65.3,1.7,0.9
"<a href=""https://tiktok.com/@user8508148033286"" target=""_blank"">@user8508148033286</a>",4,8,49.065,0.802,3,23,0,3740.75,84.625,2,0.625
"<a href=""https://tiktok.com/@user85162881442607"" target=""_blank"">@user85162881442607</a>",37,6,61.847,0.877,3,33,0,141.667,1.667,0,0
"<a href=""https://tiktok.com/@user8753242872061"" target=""_blank"">@user8753242872061</a>",31,4,56.429,1,1,7,0,870.75,26.5,0.25,0.25
"<a href=""https://tiktok.com/@user90458309763611"" target=""_blank"">@user90458309763611</a>",11,5,38.429,1,1,7,0,3687.4,56,0.6,0.2
"<a href=""https://tiktok.com/@user9724456321051"" target=""_blank"">@user9724456321051</a>",4,6,45.375,0.875,1,8,0,4442.5,91.333,0.833,1.5
"<a href=""https://tiktok.com/@user9868028168800"" target=""_blank"">@user9868028168800</a>",37,4,41.538,0.854,2,18,0,156.75,0.5,0,0
"<a href=""https://tiktok.com/@user99453748076307"" target=""_blank"">@user99453748076307</a>",37,5,43.45,0.938,2,18,0,115,1.2,0,0
"<a href=""https://tiktok.com/@username.64754675"" target=""_blank"">@username.64754675</a>",52,5,99.914,0.775,2,20,0,531,29.182,3.182,2.545
"<a href=""https://tiktok.com/@username6652655"" target=""_blank"">@username6652655</a>",50,13,97.984,0.733,2,47,0,5782.643,512.214,19.393,44.607
"<a href=""https://tiktok.com/@usjg2117"" target=""_blank"">@usjg2117</a>",61,5,70.6,0.833,1,15,0,1693.5,62.75,1,0.125
"<a href=""https://tiktok.com/@uwaisah.jameela.m"" target=""_blank"">@uwaisah.jameela.m</a>",92,6,67.802,0.929,2,16,0,860.833,27.333,2,7.5
"<a href=""https://tiktok.com/@vaigg0"" target=""_blank"">@vaigg0</a>",12,5,49.429,1,1,7,0,3967.2,190.2,7.4,21.2
"<a href=""https://tiktok.com/@vakft4299"" target=""_blank"">@vakft4299</a>",70,5,47.062,0.857,2,16,0,922.167,36.167,0,0.167
"<a href=""https://tiktok.com/@vdkfofu"" target=""_blank"">@vdkfofu</a>",2,8,65.062,0.917,2,16,0,4251,84.5,1,1.25
"<a href=""https://tiktok.com/@verity.holland"" target=""_blank"">@verity.holland</a>",4,8,57.638,0.845,2,18,0,1916.125,77.25,0.75,1
"<a href=""https://tiktok.com/@vitsu.alec1"" target=""_blank"">@vitsu.alec1</a>",47,5,61.949,0.889,6,47,0,8028.6,111,2.4,2.8
"<a href=""https://tiktok.com/@voie3340"" target=""_blank"">@voie3340</a>",63,3,66.111,1,3,27,0,2096.333,54,0.333,0
"<a href=""https://tiktok.com/@vsuau5"" target=""_blank"">@vsuau5</a>",83,4,74.75,1,3,24,0,568,31.5,0.5,0.5
"<a href=""https://tiktok.com/@vxissvsb"" target=""_blank"">@vxissvsb</a>",66,6,56.204,0.82,3,24,0,2080.167,88.333,0.333,0.833
"<a href=""https://tiktok.com/@wbakf3819"" target=""_blank"">@wbakf3819</a>",76,6,45.846,1,1,13,0,2617.167,68.833,0.333,0
"<a href=""https://tiktok.com/@wefyugu"" target=""_blank"">@wefyugu</a>",41,7,52.125,0.875,2,15,0,2476.75,104.25,7.5,5.25
"<a href=""https://tiktok.com/@wgslhe"" target=""_blank"">@wgslhe</a>",88,7,51.061,1,2,29,0,2098.714,42.286,0.429,0.143
"<a href=""https://tiktok.com/@wiate.doni0"" target=""_blank"">@wiate.doni0</a>",47,6,54.967,0.863,7,71,0,10850.167,64.667,1,2.5
"<a href=""https://tiktok.com/@wiqg8225"" target=""_blank"">@wiqg8225</a>",60,5,64.333,1,1,9,0,3224.25,34.5,0.125,0.375
"<a href=""https://tiktok.com/@wive0570"" target=""_blank"">@wive0570</a>",59,7,73.542,1,2,26,0,1664.889,59.222,0.556,3.111
"<a href=""https://tiktok.com/@wlack2188"" target=""_blank"">@wlack2188</a>",71,6,65.836,0.903,3,23,0,981.5,33.667,0.5,0
"<a href=""https://tiktok.com/@wnsao4288"" target=""_blank"">@wnsao4288</a>",66,6,50.483,0.964,4,31,0,982,26.667,0.333,0
"<a href=""https://tiktok.com/@wojta.or"" target=""_blank"">@wojta.or</a>",29,3,46.519,1,3,27,0,1380.333,45,1.667,0.333
"<a href=""https://tiktok.com/@woshenmake"" target=""_blank"">@woshenmake</a>",76,6,45.846,1,1,13,0,3109.833,77.333,0.167,0.333
"<a href=""https://tiktok.com/@wroe.edith6"" target=""_blank"">@wroe.edith6</a>",47,4,59.652,0.843,5,43,0,3847.25,43.25,0.25,2
"<a href=""https://tiktok.com/@wss0307"" target=""_blank"">@wss0307</a>",40,6,63.273,1,3,25,0,2846.167,238.5,1.833,0.333
"<a href=""https://tiktok.com/@wyiznn"" target=""_blank"">@wyiznn</a>",37,6,56.175,0.958,3,30,0,102.333,0.667,0,0
"<a href=""https://tiktok.com/@xdubtpu7"" target=""_blank"">@xdubtpu7</a>",104,4,74.5,1,1,8,0,809.5,46.25,0.25,0
"<a href=""https://tiktok.com/@xxdream86"" target=""_blank"">@xxdream86</a>",38,6,52.884,0.9,2,15,0,5387.5,73.583,4.833,13.333
"<a href=""https://tiktok.com/@xxii911"" target=""_blank"">@xxii911</a>",42,8,57.232,0.963,6,56,0,3614.9,116,4.6,1.1
"<a href=""https://tiktok.com/@ycbbbsd"" target=""_blank"">@ycbbbsd</a>",14,7,47.071,1,2,14,0,2398.857,51,0.714,0.143
"<a href=""https://tiktok.com/@ydpoglcj"" target=""_blank"">@ydpoglcj</a>",39,9,52.875,1,2,16,0,2801.4,90.8,0.9,1.4
"<a href=""https://tiktok.com/@ydwthnm"" target=""_blank"">@ydwthnm</a>",56,4,28.25,1,1,8,0,4280.667,63.167,1.167,1
"<a href=""https://tiktok.com/@yeifb0"" target=""_blank"">@yeifb0</a>",9,5,73.857,0.8,1,7,0,4626.6,93.6,2,18.2
"<a href=""https://tiktok.com/@yifajiubao8"" target=""_blank"">@yifajiubao8</a>",40,6,70.338,0.9,2,18,0,1957.5,216,1.5,1.667
"<a href=""https://tiktok.com/@yiitsukb"" target=""_blank"">@yiitsukb</a>",13,6,66.276,0.958,6,52,0,2336.333,116.833,6.5,15
"<a href=""https://tiktok.com/@yiwbsij"" target=""_blank"">@yiwbsij</a>",37,5,51.25,1,2,18,0,61.167,0.167,0,0
"<a href=""https://tiktok.com/@you.texts"" target=""_blank"">@you.texts</a>",43,6,48.1,0.875,1,10,0,5662.875,154.75,3.125,4.125
"<a href=""https://tiktok.com/@ysishhd7"" target=""_blank"">@ysishhd7</a>",12,6,43.964,1,2,15,0,2244.333,58.667,1.833,0.167
"<a href=""https://tiktok.com/@ytrq8081"" target=""_blank"">@ytrq8081</a>",58,9,64.335,1,5,56,0,1777.778,58.667,0.333,0.111
"<a href=""https://tiktok.com/@zahra.radiyah.asf"" target=""_blank"">@zahra.radiyah.asf</a>",92,5,62.007,0.929,2,17,0,198.8,7,1.6,0.2
"<a href=""https://tiktok.com/@zdfyzr8"" target=""_blank"">@zdfyzr8</a>",102,4,16.25,1,1,8,0,1223.75,44.75,0.25,0.25
"<a href=""https://tiktok.com/@zeojid7"" target=""_blank"">@zeojid7</a>",101,4,65,1,1,8,0,1044.25,38.75,1,0.25
"<a href=""https://tiktok.com/@zsdx184"" target=""_blank"">@zsdx184</a>",48,6,76.75,0.6,1,8,0,4124.333,90.333,0.333,0.333
"<a href=""https://tiktok.com/@zurina.sara"" target=""_blank"">@zurina.sara</a>",94,6,65.083,0.757,2,17,0,184.833,5.667,0.667,1.333
"<a href=""https://tiktok.com/@zvjsl"" target=""_blank"">@zvjsl</a>",85,5,64.333,1,2,18,0,1896.2,70.8,1,0.8
"<a href=""https://tiktok.com/@zxvb736"" target=""_blank"">@zxvb736</a>",48,5,60.333,0.857,1,12,0,2326.2,41.4,0.2,0.8
"<a href=""https://tiktok.com/@zzhjdj4"" target=""_blank"">@zzhjdj4</a>",31,5,44.31,0.938,2,16,0,1946.8,50.6,0,0
