"Network","Number of Accounts","Network Density","Network Diameter","Clustering Coefficient","Avg Views","Avg Likes","Avg Comments","Avg Shares","Member Accounts"
1,16,0.467,23,0.583,4772.852,135.591,7.779,9.973,"fughf21, irdc042, chantalkusch, jtcytxyzey, fdijc3, jsosjxj8, krug011, user5626060056906, jdpxorjf, bmc12655, quincyshop08, ubhutfrx, jfkovj5, hdifhg5, be.jkigv, user6922385284275"
2,9,0.306,41,0.3,2979.131,98.75,0.845,1.238,"gxiiff3, user8168691298265, steven.garrison13, idhd139, hciiv26, tduuugwt, fsjoxkf, craig.harrell0, vdkfofu"
3,2,1,11,0,3573,84.875,1.25,0.75,"hullen.nguyen, miss.bordner"
4,6,0.4,31,0.375,3568.047,77.302,0.977,0.93,"ayden.riverad, user8508148033286, cbjf05, jdkckcj2, verity.holland, user9724456321051"
5,6,0.467,30,0.462,3314.622,69.067,1.222,11.222,"bfihc, gckcj4, aedhdici, jfdd653, hdr86575, pratt_movie"
6,2,1,10,0,3828.929,98.357,0.714,1.786,"fauy8466, aedyckctu"
7,2,1,7,0,27667.611,516.056,21.333,287.556,"user2268806570260, fuddg743"
8,2,1,9,0,5471.235,108.176,5.647,51.176,"bgfddf8888, chcjg0"
9,2,1,7,0,30400.267,550.267,7.867,9.2,"uosnatiahwk, yeifb0"
10,2,1,8,0,1365.273,73.455,0.455,1.273,"dell.oswink, kenitra.angliaf"
11,2,1,7,0,2809.1,68.5,1.5,0.8,"stien.lindag, user90458309763611"
12,4,0.5,23,0,2870.045,112.227,2.773,6.682,"user3154950400581, vaigg0, chdg050, ysishhd7"
13,7,0.619,18,0.75,2874.524,113.81,4.595,10.262,"prtnr8, rosacasey65, djm9r, gutieyy7, uiavao.bskvai, fkfdnd, yiitsukb"
14,8,0.357,21,0.346,3585.609,114.734,0.969,1.484,"khfhc2, jfshjfd9530, hdhxg847, jfdhjj9090, hdbj8585, grukc02, sjdh9643, ycbbbsd"
15,3,0.667,14,0,2629.25,122.208,0.958,1.333,"fjggds0808, jduchc, idjhs32"
16,2,1,8,0,1672.071,77.071,1.071,0.286,"heidy.blancas, hdkxoxj"
17,2,1,8,0,1620.25,69.75,1.125,2.5,"leopolda.harriett, aeduriosod"
18,3,1,10,1,5651.556,221.833,1.722,1.389,"bdpd57, user2201058539802, user31313825076752"
19,3,0.667,18,0,3133.059,192.294,2.706,7.059,"fjvfjk4, bsbsbsvsv44, aedjxpxodj"
20,2,1,7,0,56010.3,1732.9,13.4,9,"bfc.hff, maryreynolds112"
21,3,1,10,1,45928.706,1322.588,27.647,86.765,"tdiifhr, jckfjd.bff, carmen.vega355"
22,2,1,7,0,6104.182,275.909,1.636,4,"fhfg2499, hckcudh1"
23,2,1,8,0,2280.05,90.5,0.5,0.8,"f.goi2, hbvvf739"
24,9,0.972,17,0.971,2795.342,72.747,0.62,1,"aedhdjcoof, sharleen.howard, aedgslpxjx, hdhxh3484, fcjjv86, gduhx01, fduic5, lxjjc, user7605976152392"
25,3,0.667,15,0,4620.556,45.167,0.167,0.722,"hoeg.huan, akkaanav.risksjsg, aeda1689"
26,2,1,7,0,3129.5,59.429,0.5,0.929,"avav11738, reddittext48"
27,3,1,9,1,1467.25,57.333,0.167,0.667,"bsjj8797, carbloggera, reddit.vztwo"
28,2,1,9,0,1024.667,23,0.167,0,"fhuc22, toma.rimi"
29,4,1,9,1,1904.923,33.308,0.769,0.154,"berez.paulo, ggih3179, monalisa7988, wojta.or"
30,3,0.667,16,0,1065.154,28.462,0.308,0.077,"fhvf210, gfg6705, kuhar.clair6"
31,5,0.5,23,0.5,1050.385,29.269,0.692,0.231,"shfjjg4, user8753242872061, adhhrrt, fhdjfjfj8, zzhjdj4"
32,2,1,8,0,827.364,29.636,0.455,0.182,"suoxin2, gkkfykjb"
33,5,0.5,24,0.5,1096.172,58.655,0.552,0.276,"chkchifofo, lpdjjnk, skkfdxh, hootchxs, cjsllfd"
34,2,1,8,0,7537.833,101.167,1.417,2.75,"textpov20, redditpov6"
35,2,1,7,0,1218,42,1.444,0.778,"mrwihajhzb6, iggkgmv"
36,2,1,7,0,1154.25,73.625,0.5,0.875,"jkakbbvgg, fjngjrffu"
37,19,0.199,64,0.618,142.187,2.047,0.009,0.009,"hsiwibs, user67829690186377, djakbksi, user4558398154190, shownbo, twjbxkb, fjjfjko, user85162881442607, user53021581539344, twinson46, user9868028168800, user99453748076307, ghjbsjb, fhakowbz, djejgek, cbnkugf, bdjkeo, yiwbsij, wyiznn"
38,4,0.667,23,0.6,4500.2,64.85,3.125,6.425,"midnightfy68, jane95436, gatillocristein6, xxdream86"
39,4,0.667,20,0.6,2399.806,80.056,0.722,1.028,"fijvxdd, tedhhy6, schgsc, ydpoglcj"
40,5,0.5,21,0.429,2207.536,204.786,1.571,1.143,"luckyphone320, chunyuan66, wss0307, tiantianguom317, yifajiubao8"
41,7,0.476,19,0.444,2839.559,145.763,2.085,1.186,"ryllskaya.reddit, djbdjfjff, ryllskayaqing, 6dhbgbvuyqw, user4148379047616, ksndfmggf, wefyugu"
42,10,0.533,21,0.595,3519.225,136.831,2.09,2.371,"landscape5670, dtkwod, rohingyao, text690, hdryxd, sdsdyou, stoyouh, sasapco, texts178, xxii911"
43,4,0.5,26,0,4856.281,126.625,2.5,3.719,"satsyou, shvchjds, stvhfhj, you.texts"
44,2,1,15,0,1591.2,36.05,1.45,2.45,"lin689668987, user16909390140293"
45,4,0.833,15,0.75,4925.474,41.947,0.316,1.053,"nhienchau41, nhi.vo585, khanh.dao61, thuc.nguyen2010"
46,4,1,11,1,19051.182,423.455,1.409,9.773,"jajsjsn56, aed0267, aed2750, jvhb240"
47,9,0.694,18,0.726,6521.739,78.609,0.804,1.674,"benedossie2, vitsu.alec1, osb.remo, rubin.mervy8, wiate.doni0, lawgray3, battl.kray, seile.rian, wroe.edith6"
48,5,0.4,36,0,8975.037,122.444,1.148,1.37,"user3436197788624, jvtvc3, gooj806, zsdx184, zxvb736"
49,2,1,14,0,1312.828,64.466,8.845,2.448,"amazing_seeet120, sweet_babyc120"
50,3,0.667,47,0,9424.977,812.161,31.897,102.667,"chummi_queen1, plaqebfzf07, username6652655"
51,2,1,13,0,4564.769,200.462,16.846,2.308,"djskgikeejk8, mdsdz2"
52,3,0.667,20,0,1034.024,46.357,3.857,1.643,"china_cutegirl22, kamlisarkar_0, username.64754675"
53,2,1,7,0,1773.5,68.583,0.417,0.083,"pjk3357, reddit55549"
54,4,1,10,1,4610.522,83.043,0.957,1.217,"emory.drawehj, ilges.estelwei, purnialesh45, sun.lilym"
55,2,1,7,0,3194,53,0.833,1.25,"phong.ngoc76, cxd.shd"
56,2,1,8,0,3533.583,53.667,0.917,1,"kyfg6663, ydwthnm"
57,4,1,8,1,2368.438,61.062,0.375,0.875,"juliosalazar229, aseng.haymong, carlos.alberto.al886, lanora.haskely"
58,15,0.248,58,0.584,1313.183,48.015,0.534,0.557,"ghhj8554, drgd8391, jkuy0534, okay11732, bvoo3130, fhda78402, dijx3903, kjuq5904, twvs4521, jccj44506, twkg9813, eiej4325, gjhg8047, ytrq8081, uest1280"
59,4,0.833,18,0.75,1566.944,55.417,0.444,4.778,"fhxk1941, bkot6010, givi0331, wive0570"
60,2,1,9,0,1980.062,21.375,0.125,0.188,"tugx2917, wiqg8225"
61,2,1,15,0,1324.353,52.353,0.647,0.176,"isce0690, usjg2117"
62,7,1,27,1,2123,108.877,0.526,0.772,"kubjij, hojdmc, qdcieh, ciojkb, dhuolt, eagehh, reddit_grayson99"
63,4,1,9,1,1434.167,64.333,0.25,0.333,"cjur6297, fkir2290, urdu9708, voie3340"
64,2,1,9,0,851.5,34.167,0.5,0.333,"hrsy60677, ufsc8075"
65,2,1,8,0,2403,63.5,0.833,4.167,"clirr5282, gjguq6894"
66,6,0.667,15,0.75,6304.194,220.306,2.222,1.056,"3mbfklb, bzsksk1, wnsao4288, meggie.y, vxissvsb, jdjsbs94"
67,3,0.667,15,0,1131.412,57.412,0.765,0.176,"cbske2477, cjdfndrh, heheb8964"
68,2,1,8,0,3010.875,54.375,1.25,0.75,"hwvrok, oljclk"
69,2,1,7,0,1997.625,55.25,0.875,0.125,"ncjfhyrsdj, snoshsj"
70,3,1,10,1,1054.278,36.833,0.167,0.056,"vakft4299, 2tiktohdh, 41ghqq"
71,4,1,9,1,1356.318,79.818,1.182,0.273,"2thgkvjd, 4hgkdjf, jxgxi8, wlack2188"
72,2,1,8,0,1493.375,54.625,0.375,0,"awmilke, kdywnty"
73,4,0.667,16,0.6,2393,131.5,1.625,0.438,"gdghss35, hds.hy, ciucfyictci, hzjsjs897"
74,2,1,7,0,1717.125,84.125,0.5,0,"cigcgict, sameerah.tare"
75,2,1,8,0,2191.75,78.375,0.625,0.25,"svjssh, bdjsxn6"
76,2,1,13,0,2863.5,73.083,0.25,0.167,"wbakf3819, woshenmake"
77,4,0.667,16,0.6,1986.786,69.286,0.357,0.357,"gxhx514, liaojiuyu, bdjsbsk4, nidaye81"
78,2,1,9,0,1421,48.167,0.333,0.333,"dytfd65, dnakr3818"
79,5,0.5,16,0.375,1119.667,48.714,1.048,2.333,"ianboone74, gail.olson1, nfyk.emma, user5696011699429, krissityann"
80,4,0.5,30,0,1441.25,149.667,1.375,0.833,"facailllll12138, fafafafafafafacai, mvbdanqi, pobaiwan12138"
81,3,1,12,1,5560.333,27.238,0.571,10.286,"govkjhkbb, cfndhfch, user7848004239568"
82,2,1,9,0,542.833,20.5,0.5,0,"eqxela7, dtxijq"
83,9,0.306,47,0.45,4301.872,224.615,1,5.769,"dghhg372, tessh95, jspsns3, itsstj2, gheoe8, eyidk5, rtikb3, tug35587, vsuau5"
84,4,0.833,16,0.75,3594.3,166.85,5.15,0.95,"oshasg, gdjdi63, owuhwh, hfstil3"
85,3,0.667,18,0,2115.4,79.067,1.733,0.667,"sfagnd, iuwgeh, zvjsl"
86,6,0.533,25,0.75,17900.414,1031.448,4.759,7.345,"isgsjdj0, dvdjsh29, rgyts7, qllsks0, flsosi5, segji2"
87,4,0.667,18,0.6,2101.9,79.25,1.4,5.4,"rtwgui, objlhmtjemu, arffug, hdmjwo1"
88,9,0.333,75,0.5,2159.365,38.667,0.206,1.19,"puhrra, bpgarp, pbpktw, eqmhqf, idpeoc, dtbtcc8, sqifhw, bipiqo, wgslhe"
89,2,1,8,0,2706.167,81.75,2.083,26.667,"bierc.wendyp, stann.miltok"
90,2,1,8,0,2796.583,100,2.417,0.833,"hdicok57, hfigi61"
91,2,1,8,0,5116.273,87.909,25.909,128.455,"peter.azamag, user49177918199076"
92,3,1,9,1,747.412,16,1.353,3.176,"lahab.fakhiri.ari, uwaisah.jameela.m, zahra.radiyah.asf"
93,5,0.6,19,0.6,1041.704,19.333,1.037,5.296,"barakah.yasmine.s, salah.hakem.sayeg, thuwaibah.dad.rah, olivia.ava.davis, tiffany.c..irvin"
94,4,0.5,26,0,610.708,11.042,0.542,2.583,"melissahrenteria, saad.houd.haikik, muhammad.dawi20, zurina.sara"
95,3,1,10,1,893.167,38.722,2.5,11.444,"nasiha.buthainah, redidgbxozg6, saniyah.rafidah.k"
96,6,0.733,20,0.75,23348.714,665.571,17.029,241.886,"ludwin.keith, constantinos.hard, ayanna.kelekele, jenny.garrett65, demetriusguerrero, laurengomezl"
97,3,1,12,1,1348.059,29.294,0.706,7.235,"lashay.fornasaro, adam.hoyt, olando.mayo"
98,3,0.667,14,0,1995.842,54.947,0.263,0.368,"djgdthh, busgp14, lkaer88888"
99,3,0.667,17,0,243.636,53.818,6.818,0.091,"moderngril5, grilofchina, modernofuk"
100,2,1,9,0,790.5,105.1,9.8,1.5,"beautiful46h, cardriving139"
101,2,1,8,0,1325.625,37.875,0.625,0.125,"ctxfso, zeojid7"
102,2,1,8,0,1315.25,40.375,0.375,0.125,"labaam4, zdfyzr8"
103,2,1,8,0,2817.625,70.375,1.625,0,"cghwqj, ufqtjw"
104,2,1,8,0,1148.75,41.375,0.125,0,"dblbel, xdubtpu7"
105,3,0.667,18,0,34583.5,472.722,21.5,82.278,"reddit_ignatius8, lnppoe, shbsdd2"
