"Account","Network","Unique Shares","Avg Time Between Shares (sec)","Edge Symmetry Score","Degree","Strength","Betweenness","Avg Views","Avg Likes","Avg Comments","Avg Shares"
"<a href=""https://tiktok.com/@aafhpa6zc1"" target=""_blank"">@aafhpa6zc1</a>",12,2,41,0.75,1,6,0,90343,408,82.5,43.5
"<a href=""https://tiktok.com/@ang4dhwkb5"" target=""_blank"">@ang4dhwkb5</a>",17,3,13.889,1,1,9,0,76.667,1,0,0
"<a href=""https://tiktok.com/@annnorabalderas5"" target=""_blank"">@annnorabalderas5</a>",3,3,62.102,0.764,7,46,0.007,3607.667,50.667,0.667,0.667
"<a href=""https://tiktok.com/@bunnimullen6"" target=""_blank"">@bunnimullen6</a>",3,3,52.571,0.878,9,58,0.015,9243.333,69.667,0,0
"<a href=""https://tiktok.com/@cfguaharf9"" target=""_blank"">@cfguaharf9</a>",6,3,47.806,0.804,4,27,0.002,89606.667,2741,20.333,9.667
"<a href=""https://tiktok.com/@ch7v5l4io5"" target=""_blank"">@ch7v5l4io5</a>",5,3,58,1,2,14,0.001,2087,172,0,0.333
"<a href=""https://tiktok.com/@cngiqr1ju3"" target=""_blank"">@cngiqr1ju3</a>",9,3,59.286,1,1,7,0,4716,208,0,1.667
"<a href=""https://tiktok.com/@cortd41lf9"" target=""_blank"">@cortd41lf9</a>",16,3,60,1,1,6,0,33,0.333,0,0
"<a href=""https://tiktok.com/@cumleyguerini"" target=""_blank"">@cumleyguerini</a>",2,3,43.5,1,1,6,0,67,0.333,0,0
"<a href=""https://tiktok.com/@ddvz4ynsa5"" target=""_blank"">@ddvz4ynsa5</a>",3,2,51.833,0.875,2,12,0,1200.5,37.5,0,0
"<a href=""https://tiktok.com/@dosuzm8bx1"" target=""_blank"">@dosuzm8bx1</a>",8,3,50.625,1,2,15,0,4131.333,91,0.333,0.333
"<a href=""https://tiktok.com/@dscthbujg666"" target=""_blank"">@dscthbujg666</a>",8,3,57.688,0.917,4,28,0.003,557.667,45.667,0,0
"<a href=""https://tiktok.com/@ducquanbui7"" target=""_blank"">@ducquanbui7</a>",7,3,58.75,1,2,15,0.001,14149.333,173.333,0.333,2
"<a href=""https://tiktok.com/@fcrpbfiio0"" target=""_blank"">@fcrpbfiio0</a>",12,3,41,0.75,1,6,0,18.667,0,0,0
"<a href=""https://tiktok.com/@frcbglabi9"" target=""_blank"">@frcbglabi9</a>",14,3,28,1,1,9,0,35.667,0.333,0,0
"<a href=""https://tiktok.com/@g2w8trakc7"" target=""_blank"">@g2w8trakc7</a>",15,3,26.222,1,1,9,0,6,0,0,0
"<a href=""https://tiktok.com/@ggddyv777553"" target=""_blank"">@ggddyv777553</a>",3,2,57.167,0.75,2,12,0,171116.5,1005.5,3.5,14
"<a href=""https://tiktok.com/@gwe0rj5m49"" target=""_blank"">@gwe0rj5m49</a>",8,3,44.333,1,1,6,0,4164.333,134,0.333,1
"<a href=""https://tiktok.com/@hcpf4mbba5"" target=""_blank"">@hcpf4mbba5</a>",4,2,24.667,1,2,12,0,70.5,0,0,0
"<a href=""https://tiktok.com/@hlkpvsqss6"" target=""_blank"">@hlkpvsqss6</a>",13,3,46.583,1,2,17,0,79,0.333,0,0
"<a href=""https://tiktok.com/@ibnjgnmpv3"" target=""_blank"">@ibnjgnmpv3</a>",3,2,58,0.75,2,12,0,7314,21.5,0.5,0.5
"<a href=""https://tiktok.com/@jaquelindorsey"" target=""_blank"">@jaquelindorsey</a>",3,3,63.679,0.9,2,13,0,5459.667,22.333,0,0.333
"<a href=""https://tiktok.com/@jbfdraegf9"" target=""_blank"">@jbfdraegf9</a>",9,3,59.286,1,1,7,0,35645.667,997.667,3.667,9.333
"<a href=""https://tiktok.com/@jzkpohqfn2"" target=""_blank"">@jzkpohqfn2</a>",3,2,55.333,0.75,1,6,0,64232,641,10,15
"<a href=""https://tiktok.com/@k9ox9guhi1"" target=""_blank"">@k9ox9guhi1</a>",11,3,58.583,0.708,2,12,0.001,58.667,0.333,0,0
"<a href=""https://tiktok.com/@koressabrock0"" target=""_blank"">@koressabrock0</a>",3,3,59.638,0.91,5,34,0.008,151335,1815.667,3.667,13.333
"<a href=""https://tiktok.com/@l5jjf0rtv0"" target=""_blank"">@l5jjf0rtv0</a>",4,2,24.5,1,2,12,0,115,0,0,0
"<a href=""https://tiktok.com/@l9ula8jh71"" target=""_blank"">@l9ula8jh71</a>",14,3,28,1,1,9,0,202.333,12,0.333,1.333
"<a href=""https://tiktok.com/@layer.jdy"" target=""_blank"">@layer.jdy</a>",7,3,57,1,1,9,0,853.667,27.333,0,0.667
"<a href=""https://tiktok.com/@lfdnsmvi43"" target=""_blank"">@lfdnsmvi43</a>",1,3,41,1,1,6,0,326.333,38.333,0,0
"<a href=""https://tiktok.com/@mengpoi678"" target=""_blank"">@mengpoi678</a>",11,2,67.833,0.667,1,6,0,509,20.5,0,0
"<a href=""https://tiktok.com/@nanciebeasley"" target=""_blank"">@nanciebeasley</a>",3,3,62.321,0.9,2,13,0,9359.333,108,1.333,2
"<a href=""https://tiktok.com/@nfixgxgnz9"" target=""_blank"">@nfixgxgnz9</a>",2,3,43.5,1,1,6,0,273.667,38,0,1
"<a href=""https://tiktok.com/@nfnxhu777"" target=""_blank"">@nfnxhu777</a>",10,3,28.667,0.75,1,6,0,203,5.667,0,0.333
"<a href=""https://tiktok.com/@ob3axkf1z0"" target=""_blank"">@ob3axkf1z0</a>",6,3,59.833,0.833,2,12,0,573.333,89,0.333,0
"<a href=""https://tiktok.com/@ocfdlyyyz2"" target=""_blank"">@ocfdlyyyz2</a>",1,3,41,1,1,6,0,578,48,0.333,0.333
"<a href=""https://tiktok.com/@pauliewhitehead1"" target=""_blank"">@pauliewhitehead1</a>",3,2,55.333,0.875,2,12,0,8413.5,86,1,0.5
"<a href=""https://tiktok.com/@pdp6pcxzb1"" target=""_blank"">@pdp6pcxzb1</a>",8,3,51,1,2,15,0,279.667,13.333,0,0.333
"<a href=""https://tiktok.com/@pojhfd6665"" target=""_blank"">@pojhfd6665</a>",11,2,49.333,0.75,1,6,0,524.5,26,0,0
"<a href=""https://tiktok.com/@rkybjs4xt2"" target=""_blank"">@rkybjs4xt2</a>",13,3,77.375,1,2,16,0,44.667,0.667,0,0
"<a href=""https://tiktok.com/@s4yei3zbg0"" target=""_blank"">@s4yei3zbg0</a>",13,3,48.458,1,2,17,0,184.667,3.667,0,0
"<a href=""https://tiktok.com/@s6ntpkduu3"" target=""_blank"">@s6ntpkduu3</a>",17,3,13.889,1,1,9,0,187.333,6.667,0,8.667
"<a href=""https://tiktok.com/@sbh8thore6"" target=""_blank"">@sbh8thore6</a>",5,3,45.857,1,1,7,0,602.667,45.667,0.333,0
"<a href=""https://tiktok.com/@scbwkpcha8"" target=""_blank"">@scbwkpcha8</a>",16,2,60,1,1,6,0,436,46.5,0.5,0
"<a href=""https://tiktok.com/@shjsdjdzsbaj"" target=""_blank"">@shjsdjdzsbaj</a>",5,3,70.143,1,1,7,0,673,54,0.333,0
"<a href=""https://tiktok.com/@uiii9btew1"" target=""_blank"">@uiii9btew1</a>",15,3,26.222,1,1,9,0,75,0.667,0,0
"<a href=""https://tiktok.com/@uqf44a8xq0"" target=""_blank"">@uqf44a8xq0</a>",6,2,41.167,0.75,1,6,0,273652.5,4868.5,44.5,64.5
"<a href=""https://tiktok.com/@vuv1vfggp8"" target=""_blank"">@vuv1vfggp8</a>",10,2,28.667,0.75,1,6,0,110.5,2,0,0
"<a href=""https://tiktok.com/@will.hopkin49"" target=""_blank"">@will.hopkin49</a>",8,2,77.167,0.667,1,6,0,5089.5,119,0,1
"<a href=""https://tiktok.com/@xbzysniyg3"" target=""_blank"">@xbzysniyg3</a>",6,3,64.183,0.8,2,16,0,2134.667,118,0,0.667
"<a href=""https://tiktok.com/@xiaolea104"" target=""_blank"">@xiaolea104</a>",6,3,49.103,0.933,3,19,0.001,8404.667,215.667,1,1.333
"<a href=""https://tiktok.com/@xtgfgcnga6"" target=""_blank"">@xtgfgcnga6</a>",4,3,25.278,1,3,21,0,290.667,6,0,0
"<a href=""https://tiktok.com/@yaobaobao4"" target=""_blank"">@yaobaobao4</a>",4,3,25.5,1,3,21,0,33708.667,131.667,1,2
"<a href=""https://tiktok.com/@ykl31qq4m1"" target=""_blank"">@ykl31qq4m1</a>",7,2,60.5,1,1,6,0,547720,27257,21.5,44
"<a href=""https://tiktok.com/@zr2hunhqm3"" target=""_blank"">@zr2hunhqm3</a>",3,2,53.833,0.875,2,12,0,4124,65.5,1,0.5
