"Post URL","Network","Author","Timestamp","Number of Accounts","Views","Likes","Comments","Shares","Description"
"<a href=""https://www.tiktok.com/@shjsdjdzsbaj/video/7563028874112634126"" target=""_blank"" class=""btn btn-sm"" style=""background-color: #00926c; color: white; text-decoration: none; padding: 2px 8px; border-radius: 4px; font-size: 0.8em;"">View Post</a>",5,"shjsdjdzsbaj","2025-10-19 20:15:11",12,900,66,1,0,"Kondisi terkini mushola PONPES Al Khoziny Sidoarjo ambruk saat salat ashar #jtvjember #evakuasi #sidoarjo #fyp"
"<a href=""https://www.tiktok.com/@shjsdjdzsbaj/video/7563028703463132471"" target=""_blank"" class=""btn btn-sm"" style=""background-color: #00926c; color: white; text-decoration: none; padding: 2px 8px; border-radius: 4px; font-size: 0.8em;"">View Post</a>",5,"shjsdjdzsbaj","2025-10-19 20:14:30",12,492,42,0,0,"Kondisi terkini mushola PONPES Al Khoziny Sidoarjo ambruk saat salat ashar #jtvjember #evakuasi #sidoarjo #fyp"
"<a href=""https://www.tiktok.com/@sbh8thore6/video/7563028536873848078"" target=""_blank"" class=""btn btn-sm"" style=""background-color: #00926c; color: white; text-decoration: none; padding: 2px 8px; border-radius: 4px; font-size: 0.8em;"">View Post</a>",5,"sbh8thore6","2025-10-19 20:13:58",12,958,71,1,0,"Kondisi terkini mushola PONPES Al Khoziny Sidoarjo ambruk saat salat ashar #jtvjember #evakuasi #sidoarjo #fyp"
"<a href=""https://www.tiktok.com/@ch7v5l4io5/video/7563028498911137054"" target=""_blank"" class=""btn btn-sm"" style=""background-color: #00926c; color: white; text-decoration: none; padding: 2px 8px; border-radius: 4px; font-size: 0.8em;"">View Post</a>",5,"ch7v5l4io5","2025-10-19 20:13:30",12,964,90,0,1,"Kondisi terkini mushola PONPES Al Khoziny Sidoarjo ambruk saat salat ashar #jtvjember #evakuasi #sidoarjo #fyp"
"<a href=""https://www.tiktok.com/@ch7v5l4io5/video/7563028443688865055"" target=""_blank"" class=""btn btn-sm"" style=""background-color: #00926c; color: white; text-decoration: none; padding: 2px 8px; border-radius: 4px; font-size: 0.8em;"">View Post</a>",5,"ch7v5l4io5","2025-10-19 20:13:17",12,4171,318,0,0,"Kondisi terkini mushola PONPES Al Khoziny Sidoarjo ambruk saat salat ashar #jtvjember #evakuasi #sidoarjo #fyp"
"<a href=""https://www.tiktok.com/@shjsdjdzsbaj/video/7563028439784000781"" target=""_blank"" class=""btn btn-sm"" style=""background-color: #00926c; color: white; text-decoration: none; padding: 2px 8px; border-radius: 4px; font-size: 0.8em;"">View Post</a>",5,"shjsdjdzsbaj","2025-10-19 20:13:36",12,627,54,0,0,"Kondisi terkini mushola PONPES Al Khoziny Sidoarjo ambruk saat salat ashar #jtvjember #evakuasi #sidoarjo #fyp"
"<a href=""https://www.tiktok.com/@sbh8thore6/video/7563028283449773325"" target=""_blank"" class=""btn btn-sm"" style=""background-color: #00926c; color: white; text-decoration: none; padding: 2px 8px; border-radius: 4px; font-size: 0.8em;"">View Post</a>",5,"sbh8thore6","2025-10-19 20:12:54",12,34,1,0,0,"Kondisi terkini mushola PONPES Al Khoziny Sidoarjo ambruk saat salat ashar #jtvjember #evakuasi #sidoarjo #fyp"
"<a href=""https://www.tiktok.com/@ch7v5l4io5/video/7563028019636456734"" target=""_blank"" class=""btn btn-sm"" style=""background-color: #00926c; color: white; text-decoration: none; padding: 2px 8px; border-radius: 4px; font-size: 0.8em;"">View Post</a>",5,"ch7v5l4io5","2025-10-19 20:11:38",12,1126,108,0,0,"Kondisi terkini mushola PONPES Al Khoziny Sidoarjo ambruk saat salat ashar #jtvjember #evakuasi #sidoarjo #fyp"
"<a href=""https://www.tiktok.com/@sbh8thore6/video/7563027865034427661"" target=""_blank"" class=""btn btn-sm"" style=""background-color: #00926c; color: white; text-decoration: none; padding: 2px 8px; border-radius: 4px; font-size: 0.8em;"">View Post</a>",5,"sbh8thore6","2025-10-19 20:11:29",12,816,65,0,0,"Kondisi terkini mushola PONPES Al Khoziny Sidoarjo ambruk saat salat ashar #jtvjember #evakuasi #sidoarjo #fyp"
"<a href=""https://www.tiktok.com/@ob3axkf1z0/video/7563027649900088631"" target=""_blank"" class=""btn btn-sm"" style=""background-color: #00926c; color: white; text-decoration: none; padding: 2px 8px; border-radius: 4px; font-size: 0.8em;"">View Post</a>",6,"ob3axkf1z0","2025-10-19 20:10:23",12,996,122,1,0,"Kondisi terkini mushola PONPES Al Khoziny Sidoarjo ambruk saat salat ashar #jtvjember #evakuasi #sidoarjo #fyp"
"<a href=""https://www.tiktok.com/@xiaolea104/video/7563027490277494046"" target=""_blank"" class=""btn btn-sm"" style=""background-color: #00926c; color: white; text-decoration: none; padding: 2px 8px; border-radius: 4px; font-size: 0.8em;"">View Post</a>",6,"xiaolea104","2025-10-19 20:09:34",12,7229,275,1,2,"Kondisi terkini mushola PONPES Al Khoziny Sidoarjo ambruk saat salat ashar #jtvjember #evakuasi #sidoarjo #fyp"
"<a href=""https://www.tiktok.com/@ob3axkf1z0/video/7563027073032391950"" target=""_blank"" class=""btn btn-sm"" style=""background-color: #00926c; color: white; text-decoration: none; padding: 2px 8px; border-radius: 4px; font-size: 0.8em;"">View Post</a>",6,"ob3axkf1z0","2025-10-19 20:08:12",12,711,145,0,0,"Kondisi terkini mushola PONPES Al Khoziny Sidoarjo ambruk saat salat ashar #jtvjember #evakuasi #sidoarjo #fyp"
"<a href=""https://www.tiktok.com/@xbzysniyg3/video/7563027071392353566"" target=""_blank"" class=""btn btn-sm"" style=""background-color: #00926c; color: white; text-decoration: none; padding: 2px 8px; border-radius: 4px; font-size: 0.8em;"">View Post</a>",6,"xbzysniyg3","2025-10-19 20:08:00",12,466,58,0,0,"Kondisi terkini mushola PONPES Al Khoziny Sidoarjo ambruk saat salat ashar #jtvjember #evakuasi #sidoarjo #fyp"
"<a href=""https://www.tiktok.com/@uqf44a8xq0/video/7563027003889175839"" target=""_blank"" class=""btn btn-sm"" style=""background-color: #00926c; color: white; text-decoration: none; padding: 2px 8px; border-radius: 4px; font-size: 0.8em;"">View Post</a>",6,"uqf44a8xq0","2025-10-19 20:07:38",12,84513,1804,35,21,"Kondisi terkini mushola PONPES Al Khoziny Sidoarjo ambruk saat salat ashar #jtvjember #evakuasi #sidoarjo #fyp"
"<a href=""https://www.tiktok.com/@xbzysniyg3/video/7563026945600965918"" target=""_blank"" class=""btn btn-sm"" style=""background-color: #00926c; color: white; text-decoration: none; padding: 2px 8px; border-radius: 4px; font-size: 0.8em;"">View Post</a>",6,"xbzysniyg3","2025-10-19 20:07:29",12,1122,128,0,0,"Kondisi terkini mushola PONPES Al Khoziny Sidoarjo ambruk saat salat ashar #jtvjember #evakuasi #sidoarjo #fyp"
"<a href=""https://www.tiktok.com/@uqf44a8xq0/video/7563026902370290974"" target=""_blank"" class=""btn btn-sm"" style=""background-color: #00926c; color: white; text-decoration: none; padding: 2px 8px; border-radius: 4px; font-size: 0.8em;"">View Post</a>",6,"uqf44a8xq0","2025-10-19 20:07:17",12,462792,7933,54,108,"Kondisi terkini mushola PONPES Al Khoziny Sidoarjo ambruk saat salat ashar #jtvjember #evakuasi #sidoarjo #fyp"
"<a href=""https://www.tiktok.com/@cfguaharf9/video/7563026883378531615"" target=""_blank"" class=""btn btn-sm"" style=""background-color: #00926c; color: white; text-decoration: none; padding: 2px 8px; border-radius: 4px; font-size: 0.8em;"">View Post</a>",6,"cfguaharf9","2025-10-19 20:07:17",12,196955,6562,58,25,"Kondisi terkini mushola PONPES Al Khoziny Sidoarjo ambruk saat salat ashar #jtvjember #evakuasi #sidoarjo #fyp"
"<a href=""https://www.tiktok.com/@xiaolea104/video/7563026878827679006"" target=""_blank"" class=""btn btn-sm"" style=""background-color: #00926c; color: white; text-decoration: none; padding: 2px 8px; border-radius: 4px; font-size: 0.8em;"">View Post</a>",6,"xiaolea104","2025-10-19 20:07:14",12,13494,260,2,1,"Kondisi terkini mushola PONPES Al Khoziny Sidoarjo ambruk saat salat ashar #jtvjember #evakuasi #sidoarjo #fyp"
"<a href=""https://www.tiktok.com/@ob3axkf1z0/video/7563026863644265741"" target=""_blank"" class=""btn btn-sm"" style=""background-color: #00926c; color: white; text-decoration: none; padding: 2px 8px; border-radius: 4px; font-size: 0.8em;"">View Post</a>",6,"ob3axkf1z0","2025-10-19 20:07:25",12,13,0,0,0,"Kondisi terkini mushola PONPES Al Khoziny Sidoarjo ambruk saat salat ashar #jtvjember #evakuasi #sidoarjo #fyp"
"<a href=""https://www.tiktok.com/@cfguaharf9/video/7563026725869833503"" target=""_blank"" class=""btn btn-sm"" style=""background-color: #00926c; color: white; text-decoration: none; padding: 2px 8px; border-radius: 4px; font-size: 0.8em;"">View Post</a>",6,"cfguaharf9","2025-10-19 20:06:40",12,57254,1315,2,2,"Kondisi terkini mushola PONPES Al Khoziny Sidoarjo ambruk saat salat ashar #jtvjember #evakuasi #sidoarjo #fyp"
"<a href=""https://www.tiktok.com/@xiaolea104/video/7563026722761772318"" target=""_blank"" class=""btn btn-sm"" style=""background-color: #00926c; color: white; text-decoration: none; padding: 2px 8px; border-radius: 4px; font-size: 0.8em;"">View Post</a>",6,"xiaolea104","2025-10-19 20:06:36",12,4491,112,0,1,"Kondisi terkini mushola PONPES Al Khoziny Sidoarjo ambruk saat salat ashar #jtvjember #evakuasi #sidoarjo #fyp"
"<a href=""https://www.tiktok.com/@cfguaharf9/video/7563026671117307167"" target=""_blank"" class=""btn btn-sm"" style=""background-color: #00926c; color: white; text-decoration: none; padding: 2px 8px; border-radius: 4px; font-size: 0.8em;"">View Post</a>",6,"cfguaharf9","2025-10-19 20:06:22",12,14611,346,1,2,"Kondisi terkini mushola PONPES Al Khoziny Sidoarjo ambruk saat salat ashar #jtvjember #evakuasi #sidoarjo #fyp"
"<a href=""https://www.tiktok.com/@xbzysniyg3/video/7563026462169648414"" target=""_blank"" class=""btn btn-sm"" style=""background-color: #00926c; color: white; text-decoration: none; padding: 2px 8px; border-radius: 4px; font-size: 0.8em;"">View Post</a>",6,"xbzysniyg3","2025-10-19 20:05:33",12,4816,168,0,2,"Kondisi terkini mushola PONPES Al Khoziny Sidoarjo ambruk saat salat ashar #jtvjember #evakuasi #sidoarjo #fyp"
"<a href=""https://www.tiktok.com/@ykl31qq4m1/video/7562998647453994271"" target=""_blank"" class=""btn btn-sm"" style=""background-color: #00926c; color: white; text-decoration: none; padding: 2px 8px; border-radius: 4px; font-size: 0.8em;"">View Post</a>",7,"ykl31qq4m1","2025-10-19 18:17:42",12,8112,131,0,1,"Kondisi terkini mushola PONPES Al Khoziny Sidoarjo ambruk saat salat ashar #jtvjember #evakuasi #sidoarjo #fyp"
"<a href=""https://www.tiktok.com/@ducquanbui7/video/7562998536309099806"" target=""_blank"" class=""btn btn-sm"" style=""background-color: #00926c; color: white; text-decoration: none; padding: 2px 8px; border-radius: 4px; font-size: 0.8em;"">View Post</a>",7,"ducquanbui7","2025-10-19 18:17:14",12,1795,59,0,0,"Kondisi terkini mushola PONPES Al Khoziny Sidoarjo ambruk saat salat ashar #jtvjember #evakuasi #sidoarjo #fyp"
"<a href=""https://www.tiktok.com/@ducquanbui7/video/7562998419384454431"" target=""_blank"" class=""btn btn-sm"" style=""background-color: #00926c; color: white; text-decoration: none; padding: 2px 8px; border-radius: 4px; font-size: 0.8em;"">View Post</a>",7,"ducquanbui7","2025-10-19 18:16:41",12,39620,325,1,6,"Kondisi terkini mushola PONPES Al Khoziny Sidoarjo ambruk saat salat ashar #jtvjember #evakuasi #sidoarjo #fyp"
"<a href=""https://www.tiktok.com/@ducquanbui7/video/7562998353760406814"" target=""_blank"" class=""btn btn-sm"" style=""background-color: #00926c; color: white; text-decoration: none; padding: 2px 8px; border-radius: 4px; font-size: 0.8em;"">View Post</a>",7,"ducquanbui7","2025-10-19 18:16:27",12,1033,136,0,0,"Kondisi terkini mushola PONPES Al Khoziny Sidoarjo ambruk saat salat ashar #jtvjember #evakuasi #sidoarjo #fyp"
"<a href=""https://www.tiktok.com/@layer.jdy/video/7562998311339298079"" target=""_blank"" class=""btn btn-sm"" style=""background-color: #00926c; color: white; text-decoration: none; padding: 2px 8px; border-radius: 4px; font-size: 0.8em;"">View Post</a>",7,"layer.jdy","2025-10-19 18:16:24",12,1005,37,0,2,"Kondisi terkini mushola PONPES Al Khoziny Sidoarjo ambruk saat salat ashar #jtvjember #evakuasi #sidoarjo #fyp"
"<a href=""https://www.tiktok.com/@layer.jdy/video/7562998177893322014"" target=""_blank"" class=""btn btn-sm"" style=""background-color: #00926c; color: white; text-decoration: none; padding: 2px 8px; border-radius: 4px; font-size: 0.8em;"">View Post</a>",7,"layer.jdy","2025-10-19 18:15:48",12,718,21,0,0,"Kondisi terkini mushola PONPES Al Khoziny Sidoarjo ambruk saat salat ashar #jtvjember #evakuasi #sidoarjo #fyp"
"<a href=""https://www.tiktok.com/@ykl31qq4m1/video/7562998141583232286"" target=""_blank"" class=""btn btn-sm"" style=""background-color: #00926c; color: white; text-decoration: none; padding: 2px 8px; border-radius: 4px; font-size: 0.8em;"">View Post</a>",7,"ykl31qq4m1","2025-10-19 18:15:41",12,1087328,54383,43,87,"Kondisi terkini mushola PONPES Al Khoziny Sidoarjo ambruk saat salat ashar #jtvjember #evakuasi #sidoarjo #fyp"
"<a href=""https://www.tiktok.com/@layer.jdy/video/7562998036750765343"" target=""_blank"" class=""btn btn-sm"" style=""background-color: #00926c; color: white; text-decoration: none; padding: 2px 8px; border-radius: 4px; font-size: 0.8em;"">View Post</a>",7,"layer.jdy","2025-10-19 18:15:19",12,838,24,0,0,"Kondisi terkini mushola PONPES Al Khoziny Sidoarjo ambruk saat salat ashar #jtvjember #evakuasi #sidoarjo #fyp"
"<a href=""https://www.tiktok.com/@gwe0rj5m49/video/7562990860846058783"" target=""_blank"" class=""btn btn-sm"" style=""background-color: #00926c; color: white; text-decoration: none; padding: 2px 8px; border-radius: 4px; font-size: 0.8em;"">View Post</a>",8,"gwe0rj5m49","2025-10-19 17:47:25",12,169,4,1,0,"Kondisi terkini mushola PONPES Al Khoziny Sidoarjo ambruk saat salat ashar #jtvjember #evakuasi #sidoarjo #fyp"
"<a href=""https://www.tiktok.com/@dosuzm8bx1/video/7562988168417414431"" target=""_blank"" class=""btn btn-sm"" style=""background-color: #00926c; color: white; text-decoration: none; padding: 2px 8px; border-radius: 4px; font-size: 0.8em;"">View Post</a>",8,"dosuzm8bx1","2025-10-19 17:36:58",12,5507,91,1,1,"Kondisi terkini mushola PONPES Al Khoziny Sidoarjo ambruk saat salat ashar #jtvjember #evakuasi #sidoarjo #fyp"
"<a href=""https://www.tiktok.com/@pdp6pcxzb1/video/7562988102302682382"" target=""_blank"" class=""btn btn-sm"" style=""background-color: #00926c; color: white; text-decoration: none; padding: 2px 8px; border-radius: 4px; font-size: 0.8em;"">View Post</a>",8,"pdp6pcxzb1","2025-10-19 17:36:59",12,124,3,0,0,"Kondisi terkini mushola PONPES Al Khoziny Sidoarjo ambruk saat salat ashar #jtvjember #evakuasi #sidoarjo #fyp"
"<a href=""https://www.tiktok.com/@dosuzm8bx1/video/7562987824698412319"" target=""_blank"" class=""btn btn-sm"" style=""background-color: #00926c; color: white; text-decoration: none; padding: 2px 8px; border-radius: 4px; font-size: 0.8em;"">View Post</a>",8,"dosuzm8bx1","2025-10-19 17:35:41",12,5358,120,0,0,"Kondisi terkini mushola PONPES Al Khoziny Sidoarjo ambruk saat salat ashar #jtvjember #evakuasi #sidoarjo #fyp"
"<a href=""https://www.tiktok.com/@dscthbujg666/video/7562987802175016206"" target=""_blank"" class=""btn btn-sm"" style=""background-color: #00926c; color: white; text-decoration: none; padding: 2px 8px; border-radius: 4px; font-size: 0.8em;"">View Post</a>",8,"dscthbujg666","2025-10-19 17:35:48",12,847,73,0,0,"Kondisi terkini mushola PONPES Al Khoziny Sidoarjo ambruk saat salat ashar #jtvjember #evakuasi #sidoarjo #fyp"
"<a href=""https://www.tiktok.com/@gwe0rj5m49/video/7562987794612735263"" target=""_blank"" class=""btn btn-sm"" style=""background-color: #00926c; color: white; text-decoration: none; padding: 2px 8px; border-radius: 4px; font-size: 0.8em;"">View Post</a>",8,"gwe0rj5m49","2025-10-19 17:35:36",12,4402,119,0,2,"Kondisi terkini mushola PONPES Al Khoziny Sidoarjo ambruk saat salat ashar #jtvjember #evakuasi #sidoarjo #fyp"
"<a href=""https://www.tiktok.com/@pdp6pcxzb1/video/7562987760286453047"" target=""_blank"" class=""btn btn-sm"" style=""background-color: #00926c; color: white; text-decoration: none; padding: 2px 8px; border-radius: 4px; font-size: 0.8em;"">View Post</a>",8,"pdp6pcxzb1","2025-10-19 17:35:40",12,328,16,0,0,"Kondisi terkini mushola PONPES Al Khoziny Sidoarjo ambruk saat salat ashar #jtvjember #evakuasi #sidoarjo #fyp"
"<a href=""https://www.tiktok.com/@dscthbujg666/video/7562987707383811341"" target=""_blank"" class=""btn btn-sm"" style=""background-color: #00926c; color: white; text-decoration: none; padding: 2px 8px; border-radius: 4px; font-size: 0.8em;"">View Post</a>",8,"dscthbujg666","2025-10-19 17:35:31",12,129,7,0,0,"Kondisi terkini mushola PONPES Al Khoziny Sidoarjo ambruk saat salat ashar #jtvjember #evakuasi #sidoarjo #fyp"
"<a href=""https://www.tiktok.com/@gwe0rj5m49/video/7562987523165670686"" target=""_blank"" class=""btn btn-sm"" style=""background-color: #00926c; color: white; text-decoration: none; padding: 2px 8px; border-radius: 4px; font-size: 0.8em;"">View Post</a>",8,"gwe0rj5m49","2025-10-19 17:34:26",12,7922,279,0,1,"Kondisi terkini mushola PONPES Al Khoziny Sidoarjo ambruk saat salat ashar #jtvjember #evakuasi #sidoarjo #fyp"
"<a href=""https://www.tiktok.com/@dosuzm8bx1/video/7562987479272344863"" target=""_blank"" class=""btn btn-sm"" style=""background-color: #00926c; color: white; text-decoration: none; padding: 2px 8px; border-radius: 4px; font-size: 0.8em;"">View Post</a>",8,"dosuzm8bx1","2025-10-19 17:34:20",12,1529,62,0,0,"Kondisi terkini mushola PONPES Al Khoziny Sidoarjo ambruk saat salat ashar #jtvjember #evakuasi #sidoarjo #fyp"
"<a href=""https://www.tiktok.com/@dscthbujg666/video/7562987399337250061"" target=""_blank"" class=""btn btn-sm"" style=""background-color: #00926c; color: white; text-decoration: none; padding: 2px 8px; border-radius: 4px; font-size: 0.8em;"">View Post</a>",8,"dscthbujg666","2025-10-19 17:34:10",12,697,57,0,0,"Kondisi terkini mushola PONPES Al Khoziny Sidoarjo ambruk saat salat ashar #jtvjember #evakuasi #sidoarjo #fyp"
"<a href=""https://www.tiktok.com/@pdp6pcxzb1/video/7562987397223402807"" target=""_blank"" class=""btn btn-sm"" style=""background-color: #00926c; color: white; text-decoration: none; padding: 2px 8px; border-radius: 4px; font-size: 0.8em;"">View Post</a>",8,"pdp6pcxzb1","2025-10-19 17:34:15",12,387,21,0,1,"Kondisi terkini mushola PONPES Al Khoziny Sidoarjo ambruk saat salat ashar #jtvjember #evakuasi #sidoarjo #fyp"
"<a href=""https://www.tiktok.com/@will.hopkin49/video/7562987380756581663"" target=""_blank"" class=""btn btn-sm"" style=""background-color: #00926c; color: white; text-decoration: none; padding: 2px 8px; border-radius: 4px; font-size: 0.8em;"">View Post</a>",8,"will.hopkin49","2025-10-19 17:33:56",12,1164,144,0,0,"Kondisi terkini mushola PONPES Al Khoziny Sidoarjo ambruk saat salat ashar #jtvjember #evakuasi #sidoarjo #fyp"
"<a href=""https://www.tiktok.com/@will.hopkin49/video/7562987360896470303"" target=""_blank"" class=""btn btn-sm"" style=""background-color: #00926c; color: white; text-decoration: none; padding: 2px 8px; border-radius: 4px; font-size: 0.8em;"">View Post</a>",8,"will.hopkin49","2025-10-19 17:33:49",12,9015,94,0,2,"Kondisi terkini mushola PONPES Al Khoziny Sidoarjo ambruk saat salat ashar #jtvjember #evakuasi #sidoarjo #fyp"
"<a href=""https://www.tiktok.com/@jbfdraegf9/video/7562987317489569055"" target=""_blank"" class=""btn btn-sm"" style=""background-color: #00926c; color: white; text-decoration: none; padding: 2px 8px; border-radius: 4px; font-size: 0.8em;"">View Post</a>",9,"jbfdraegf9","2025-10-19 17:33:37",12,65424,1297,7,18,"Kondisi terkini mushola PONPES Al Khoziny Sidoarjo ambruk saat salat ashar #jtvjember #evakuasi #sidoarjo #fyp"
"<a href=""https://www.tiktok.com/@cngiqr1ju3/video/7562987315300158750"" target=""_blank"" class=""btn btn-sm"" style=""background-color: #00926c; color: white; text-decoration: none; padding: 2px 8px; border-radius: 4px; font-size: 0.8em;"">View Post</a>",9,"cngiqr1ju3","2025-10-19 17:33:38",12,4830,174,0,3,"Kondisi terkini mushola PONPES Al Khoziny Sidoarjo ambruk saat salat ashar #jtvjember #evakuasi #sidoarjo #fyp"
"<a href=""https://www.tiktok.com/@jbfdraegf9/video/7562986798545227039"" target=""_blank"" class=""btn btn-sm"" style=""background-color: #00926c; color: white; text-decoration: none; padding: 2px 8px; border-radius: 4px; font-size: 0.8em;"">View Post</a>",9,"jbfdraegf9","2025-10-19 17:31:40",12,2480,77,0,0,"Kondisi terkini mushola PONPES Al Khoziny Sidoarjo ambruk saat salat ashar #jtvjember #evakuasi #sidoarjo #fyp"
"<a href=""https://www.tiktok.com/@cngiqr1ju3/video/7562986776437083422"" target=""_blank"" class=""btn btn-sm"" style=""background-color: #00926c; color: white; text-decoration: none; padding: 2px 8px; border-radius: 4px; font-size: 0.8em;"">View Post</a>",9,"cngiqr1ju3","2025-10-19 17:31:37",12,6627,346,0,1,"Kondisi terkini mushola PONPES Al Khoziny Sidoarjo ambruk saat salat ashar #jtvjember #evakuasi #sidoarjo #fyp"
"<a href=""https://www.tiktok.com/@jbfdraegf9/video/7562986425075911966"" target=""_blank"" class=""btn btn-sm"" style=""background-color: #00926c; color: white; text-decoration: none; padding: 2px 8px; border-radius: 4px; font-size: 0.8em;"">View Post</a>",9,"jbfdraegf9","2025-10-19 17:30:12",12,39033,1619,4,10,"Kondisi terkini mushola PONPES Al Khoziny Sidoarjo ambruk saat salat ashar #jtvjember #evakuasi #sidoarjo #fyp"
"<a href=""https://www.tiktok.com/@cngiqr1ju3/video/7562986414120389919"" target=""_blank"" class=""btn btn-sm"" style=""background-color: #00926c; color: white; text-decoration: none; padding: 2px 8px; border-radius: 4px; font-size: 0.8em;"">View Post</a>",9,"cngiqr1ju3","2025-10-19 17:30:12",12,2691,104,0,1,"Kondisi terkini mushola PONPES Al Khoziny Sidoarjo ambruk saat salat ashar #jtvjember #evakuasi #sidoarjo #fyp"
"<a href=""https://www.tiktok.com/@ocfdlyyyz2/video/7562907323652443405"" target=""_blank"" class=""btn btn-sm"" style=""background-color: #00926c; color: white; text-decoration: none; padding: 2px 8px; border-radius: 4px; font-size: 0.8em;"">View Post</a>",1,"ocfdlyyyz2","2025-10-19 12:24:13",7,862,68,0,0,"Bad Bunny will be a performer at the 2026 Super Bowl LX Halftime Show on Apple Music. #news #badbunny #superbowl #noticiastiktok #MLB"
"<a href=""https://www.tiktok.com/@ocfdlyyyz2/video/7562906651527761165"" target=""_blank"" class=""btn btn-sm"" style=""background-color: #00926c; color: white; text-decoration: none; padding: 2px 8px; border-radius: 4px; font-size: 0.8em;"">View Post</a>",1,"ocfdlyyyz2","2025-10-19 12:22:03",7,5,0,0,0,"Bad Bunny will be a performer at the 2026 Super Bowl LX Halftime Show on Apple Music. #news #badbunny #superbowl #noticiastiktok #MLB"
"<a href=""https://www.tiktok.com/@lfdnsmvi43/video/7562906634704489741"" target=""_blank"" class=""btn btn-sm"" style=""background-color: #00926c; color: white; text-decoration: none; padding: 2px 8px; border-radius: 4px; font-size: 0.8em;"">View Post</a>",1,"lfdnsmvi43","2025-10-19 12:21:50",7,976,115,0,0,"Bad Bunny will be a performer at the 2026 Super Bowl LX Halftime Show on Apple Music. #news #badbunny #superbowl #noticiastiktok #MLB"
"<a href=""https://www.tiktok.com/@lfdnsmvi43/video/7562906479267761463"" target=""_blank"" class=""btn btn-sm"" style=""background-color: #00926c; color: white; text-decoration: none; padding: 2px 8px; border-radius: 4px; font-size: 0.8em;"">View Post</a>",1,"lfdnsmvi43","2025-10-19 12:21:18",7,1,0,0,0,"Bad Bunny will be a performer at the 2026 Super Bowl LX Halftime Show on Apple Music. #news #badbunny #superbowl #noticiastiktok #MLB"
"<a href=""https://www.tiktok.com/@lfdnsmvi43/video/7562906402335886606"" target=""_blank"" class=""btn btn-sm"" style=""background-color: #00926c; color: white; text-decoration: none; padding: 2px 8px; border-radius: 4px; font-size: 0.8em;"">View Post</a>",1,"lfdnsmvi43","2025-10-19 12:20:43",7,2,0,0,0,"Bad Bunny will be a performer at the 2026 Super Bowl LX Halftime Show on Apple Music. #news #badbunny #superbowl #noticiastiktok #MLB"
"<a href=""https://www.tiktok.com/@ocfdlyyyz2/video/7562906323994627383"" target=""_blank"" class=""btn btn-sm"" style=""background-color: #00926c; color: white; text-decoration: none; padding: 2px 8px; border-radius: 4px; font-size: 0.8em;"">View Post</a>",1,"ocfdlyyyz2","2025-10-19 12:20:41",7,867,76,1,1,"Bad Bunny will be a performer at the 2026 Super Bowl LX Halftime Show on Apple Music. #news #badbunny #superbowl #noticiastiktok #MLB"
"<a href=""https://www.tiktok.com/@cumleyguerini/video/7562905474232896798"" target=""_blank"" class=""btn btn-sm"" style=""background-color: #00926c; color: white; text-decoration: none; padding: 2px 8px; border-radius: 4px; font-size: 0.8em;"">View Post</a>",2,"cumleyguerini","2025-10-19 12:16:42",7,112,1,0,0,"Bad Bunny will be a performer at the 2026 Super Bowl LX Halftime Show on Apple Music. #news #badbunny #superbowl #noticiastiktok #MLB"
"<a href=""https://www.tiktok.com/@nfixgxgnz9/video/7562905308096466189"" target=""_blank"" class=""btn btn-sm"" style=""background-color: #00926c; color: white; text-decoration: none; padding: 2px 8px; border-radius: 4px; font-size: 0.8em;"">View Post</a>",2,"nfixgxgnz9","2025-10-19 12:16:42",7,784,112,0,3,"Bad Bunny will be a performer at the 2026 Super Bowl LX Halftime Show on Apple Music. #news #badbunny #superbowl #noticiastiktok #MLB"
"<a href=""https://www.tiktok.com/@nfixgxgnz9/video/7562905118706814222"" target=""_blank"" class=""btn btn-sm"" style=""background-color: #00926c; color: white; text-decoration: none; padding: 2px 8px; border-radius: 4px; font-size: 0.8em;"">View Post</a>",2,"nfixgxgnz9","2025-10-19 12:16:03",7,8,0,0,0,"Bad Bunny will be a performer at the 2026 Super Bowl LX Halftime Show on Apple Music. #news #badbunny #superbowl #noticiastiktok #MLB"
"<a href=""https://www.tiktok.com/@cumleyguerini/video/7562904852167200030"" target=""_blank"" class=""btn btn-sm"" style=""background-color: #00926c; color: white; text-decoration: none; padding: 2px 8px; border-radius: 4px; font-size: 0.8em;"">View Post</a>",2,"cumleyguerini","2025-10-19 12:14:21",7,1,0,0,0,"Bad Bunny will be a performer at the 2026 Super Bowl LX Halftime Show on Apple Music. #news #badbunny #superbowl #noticiastiktok #MLB"
"<a href=""https://www.tiktok.com/@cumleyguerini/video/7562904813801983262"" target=""_blank"" class=""btn btn-sm"" style=""background-color: #00926c; color: white; text-decoration: none; padding: 2px 8px; border-radius: 4px; font-size: 0.8em;"">View Post</a>",2,"cumleyguerini","2025-10-19 12:14:15",7,88,0,0,0,"Bad Bunny will be a performer at the 2026 Super Bowl LX Halftime Show on Apple Music. #news #badbunny #superbowl #noticiastiktok #MLB"
"<a href=""https://www.tiktok.com/@nfixgxgnz9/video/7562904737952091447"" target=""_blank"" class=""btn btn-sm"" style=""background-color: #00926c; color: white; text-decoration: none; padding: 2px 8px; border-radius: 4px; font-size: 0.8em;"">View Post</a>",2,"nfixgxgnz9","2025-10-19 12:14:24",7,29,2,0,0,"Bad Bunny will be a performer at the 2026 Super Bowl LX Halftime Show on Apple Music. #news #badbunny #superbowl #noticiastiktok #MLB"
"<a href=""https://www.tiktok.com/@nanciebeasley/video/7562878683950697758"" target=""_blank"" class=""btn btn-sm"" style=""background-color: #00926c; color: white; text-decoration: none; padding: 2px 8px; border-radius: 4px; font-size: 0.8em;"">View Post</a>",3,"nanciebeasley","2025-10-19 10:32:49",7,13151,251,1,4,"Bad Bunny will be a performer at the 2026 Super Bowl LX Halftime Show on Apple Music. #news #badbunny #superbowl #noticiastiktok #MLB"
"<a href=""https://www.tiktok.com/@annnorabalderas5/video/7562878671883717918"" target=""_blank"" class=""btn btn-sm"" style=""background-color: #00926c; color: white; text-decoration: none; padding: 2px 8px; border-radius: 4px; font-size: 0.8em;"">View Post</a>",3,"annnorabalderas5","2025-10-19 10:33:04",7,468,21,0,0,"Bad Bunny will be a performer at the 2026 Super Bowl LX Halftime Show on Apple Music. #news #badbunny #superbowl #noticiastiktok #MLB"
"<a href=""https://www.tiktok.com/@zr2hunhqm3/video/7562878661028793630"" target=""_blank"" class=""btn btn-sm"" style=""background-color: #00926c; color: white; text-decoration: none; padding: 2px 8px; border-radius: 4px; font-size: 0.8em;"">View Post</a>",3,"zr2hunhqm3","2025-10-19 10:32:47",7,1624,82,1,1,"Bad Bunny will be a performer at the 2026 Super Bowl LX Halftime Show on Apple Music. #news #badbunny #superbowl #noticiastiktok #MLB"
"<a href=""https://www.tiktok.com/@ddvz4ynsa5/video/7562878650861767967"" target=""_blank"" class=""btn btn-sm"" style=""background-color: #00926c; color: white; text-decoration: none; padding: 2px 8px; border-radius: 4px; font-size: 0.8em;"">View Post</a>",3,"ddvz4ynsa5","2025-10-19 10:32:45",7,928,49,0,0,"Bad Bunny will be a performer at the 2026 Super Bowl LX Halftime Show on Apple Music. #news #badbunny #superbowl #noticiastiktok #MLB"
"<a href=""https://www.tiktok.com/@annnorabalderas5/video/7562878630297095455"" target=""_blank"" class=""btn btn-sm"" style=""background-color: #00926c; color: white; text-decoration: none; padding: 2px 8px; border-radius: 4px; font-size: 0.8em;"">View Post</a>",3,"annnorabalderas5","2025-10-19 10:32:55",7,4540,108,2,0,"Bad Bunny will be a performer at the 2026 Super Bowl LX Halftime Show on Apple Music. #news #badbunny #superbowl #noticiastiktok #MLB"
"<a href=""https://www.tiktok.com/@koressabrock0/video/7562878599397657886"" target=""_blank"" class=""btn btn-sm"" style=""background-color: #00926c; color: white; text-decoration: none; padding: 2px 8px; border-radius: 4px; font-size: 0.8em;"">View Post</a>",3,"koressabrock0","2025-10-19 10:32:23",7,309575,2663,11,38,"Bad Bunny will be a performer at the 2026 Super Bowl LX Halftime Show on Apple Music. #news #badbunny #superbowl #noticiastiktok #MLB"
"<a href=""https://www.tiktok.com/@bunnimullen6/video/7562878582033321247"" target=""_blank"" class=""btn btn-sm"" style=""background-color: #00926c; color: white; text-decoration: none; padding: 2px 8px; border-radius: 4px; font-size: 0.8em;"">View Post</a>",3,"bunnimullen6","2025-10-19 10:32:37",7,3878,36,0,0,"Bad Bunny will be a performer at the 2026 Super Bowl LX Halftime Show on Apple Music. #news #badbunny #superbowl #noticiastiktok #MLB"
"<a href=""https://www.tiktok.com/@ibnjgnmpv3/video/7562878563918056735"" target=""_blank"" class=""btn btn-sm"" style=""background-color: #00926c; color: white; text-decoration: none; padding: 2px 8px; border-radius: 4px; font-size: 0.8em;"">View Post</a>",3,"ibnjgnmpv3","2025-10-19 10:32:23",7,7520,26,1,1,"Bad Bunny will be a performer at the 2026 Super Bowl LX Halftime Show on Apple Music. #news #badbunny #superbowl #noticiastiktok #MLB"
"<a href=""https://www.tiktok.com/@ggddyv777553/video/7562878563473444126"" target=""_blank"" class=""btn btn-sm"" style=""background-color: #00926c; color: white; text-decoration: none; padding: 2px 8px; border-radius: 4px; font-size: 0.8em;"">View Post</a>",3,"ggddyv777553","2025-10-19 10:32:28",7,254110,1338,5,21,"Bad Bunny will be a performer at the 2026 Super Bowl LX Halftime Show on Apple Music. #news #badbunny #superbowl #noticiastiktok #MLB"
"<a href=""https://www.tiktok.com/@pauliewhitehead1/video/7562878562211056927"" target=""_blank"" class=""btn btn-sm"" style=""background-color: #00926c; color: white; text-decoration: none; padding: 2px 8px; border-radius: 4px; font-size: 0.8em;"">View Post</a>",3,"pauliewhitehead1","2025-10-19 10:32:49",7,4944,41,2,1,"Bad Bunny will be a performer at the 2026 Super Bowl LX Halftime Show on Apple Music. #news #badbunny #superbowl #noticiastiktok #MLB"
"<a href=""https://www.tiktok.com/@jaquelindorsey/video/7562878559711186206"" target=""_blank"" class=""btn btn-sm"" style=""background-color: #00926c; color: white; text-decoration: none; padding: 2px 8px; border-radius: 4px; font-size: 0.8em;"">View Post</a>",3,"jaquelindorsey","2025-10-19 10:32:44",7,6102,12,0,0,"Bad Bunny will be a performer at the 2026 Super Bowl LX Halftime Show on Apple Music. #news #badbunny #superbowl #noticiastiktok #MLB"
"<a href=""https://www.tiktok.com/@bunnimullen6/video/7562878521228512542"" target=""_blank"" class=""btn btn-sm"" style=""background-color: #00926c; color: white; text-decoration: none; padding: 2px 8px; border-radius: 4px; font-size: 0.8em;"">View Post</a>",3,"bunnimullen6","2025-10-19 10:32:49",7,20283,123,0,0,"Bad Bunny will be a performer at the 2026 Super Bowl LX Halftime Show on Apple Music. #news #badbunny #superbowl #noticiastiktok #MLB"
"<a href=""https://www.tiktok.com/@ddvz4ynsa5/video/7562878322330438942"" target=""_blank"" class=""btn btn-sm"" style=""background-color: #00926c; color: white; text-decoration: none; padding: 2px 8px; border-radius: 4px; font-size: 0.8em;"">View Post</a>",3,"ddvz4ynsa5","2025-10-19 10:31:35",7,1473,26,0,0,"Bad Bunny will be a performer at the 2026 Super Bowl LX Halftime Show on Apple Music. #news #badbunny #superbowl #noticiastiktok #MLB"
"<a href=""https://www.tiktok.com/@ggddyv777553/video/7562878265682103582"" target=""_blank"" class=""btn btn-sm"" style=""background-color: #00926c; color: white; text-decoration: none; padding: 2px 8px; border-radius: 4px; font-size: 0.8em;"">View Post</a>",3,"ggddyv777553","2025-10-19 10:31:12",7,88123,673,2,7,"Bad Bunny will be a performer at the 2026 Super Bowl LX Halftime Show on Apple Music. #news #badbunny #superbowl #noticiastiktok #MLB"
"<a href=""https://www.tiktok.com/@ibnjgnmpv3/video/7562878234489015582"" target=""_blank"" class=""btn btn-sm"" style=""background-color: #00926c; color: white; text-decoration: none; padding: 2px 8px; border-radius: 4px; font-size: 0.8em;"">View Post</a>",3,"ibnjgnmpv3","2025-10-19 10:31:12",7,7108,17,0,0,"Bad Bunny will be a performer at the 2026 Super Bowl LX Halftime Show on Apple Music. #news #badbunny #superbowl #noticiastiktok #MLB"
"<a href=""https://www.tiktok.com/@pauliewhitehead1/video/7562878208056511774"" target=""_blank"" class=""btn btn-sm"" style=""background-color: #00926c; color: white; text-decoration: none; padding: 2px 8px; border-radius: 4px; font-size: 0.8em;"">View Post</a>",3,"pauliewhitehead1","2025-10-19 10:31:14",7,11883,131,0,0,"Bad Bunny will be a performer at the 2026 Super Bowl LX Halftime Show on Apple Music. #news #badbunny #superbowl #noticiastiktok #MLB"
"<a href=""https://www.tiktok.com/@koressabrock0/video/7562878188083285278"" target=""_blank"" class=""btn btn-sm"" style=""background-color: #00926c; color: white; text-decoration: none; padding: 2px 8px; border-radius: 4px; font-size: 0.8em;"">View Post</a>",3,"koressabrock0","2025-10-19 10:31:05",7,136446,2715,0,2,"Bad Bunny will be a performer at the 2026 Super Bowl LX Halftime Show on Apple Music. #news #badbunny #superbowl #noticiastiktok #MLB"
"<a href=""https://www.tiktok.com/@zr2hunhqm3/video/7562878178964884766"" target=""_blank"" class=""btn btn-sm"" style=""background-color: #00926c; color: white; text-decoration: none; padding: 2px 8px; border-radius: 4px; font-size: 0.8em;"">View Post</a>",3,"zr2hunhqm3","2025-10-19 10:31:23",7,6624,49,1,0,"Bad Bunny will be a performer at the 2026 Super Bowl LX Halftime Show on Apple Music. #news #badbunny #superbowl #noticiastiktok #MLB"
"<a href=""https://www.tiktok.com/@bunnimullen6/video/7562878174661479711"" target=""_blank"" class=""btn btn-sm"" style=""background-color: #00926c; color: white; text-decoration: none; padding: 2px 8px; border-radius: 4px; font-size: 0.8em;"">View Post</a>",3,"bunnimullen6","2025-10-19 10:31:10",7,3569,50,0,0,"Bad Bunny will be a performer at the 2026 Super Bowl LX Halftime Show on Apple Music. #news #badbunny #superbowl #noticiastiktok #MLB"
"<a href=""https://www.tiktok.com/@annnorabalderas5/video/7562878116322888990"" target=""_blank"" class=""btn btn-sm"" style=""background-color: #00926c; color: white; text-decoration: none; padding: 2px 8px; border-radius: 4px; font-size: 0.8em;"">View Post</a>",3,"annnorabalderas5","2025-10-19 10:30:52",7,5815,23,0,2,"Bad Bunny will be a performer at the 2026 Super Bowl LX Halftime Show on Apple Music. #news #badbunny #superbowl #noticiastiktok #MLB"
"<a href=""https://www.tiktok.com/@nanciebeasley/video/7562878080927272222"" target=""_blank"" class=""btn btn-sm"" style=""background-color: #00926c; color: white; text-decoration: none; padding: 2px 8px; border-radius: 4px; font-size: 0.8em;"">View Post</a>",3,"nanciebeasley","2025-10-19 10:30:39",7,4511,6,0,1,"Bad Bunny will be a performer at the 2026 Super Bowl LX Halftime Show on Apple Music. #news #badbunny #superbowl #noticiastiktok #MLB"
"<a href=""https://www.tiktok.com/@jaquelindorsey/video/7562878026497740062"" target=""_blank"" class=""btn btn-sm"" style=""background-color: #00926c; color: white; text-decoration: none; padding: 2px 8px; border-radius: 4px; font-size: 0.8em;"">View Post</a>",3,"jaquelindorsey","2025-10-19 10:30:39",7,5803,42,0,1,"Bad Bunny will be a performer at the 2026 Super Bowl LX Halftime Show on Apple Music. #news #badbunny #superbowl #noticiastiktok #MLB"
"<a href=""https://www.tiktok.com/@jzkpohqfn2/video/7562878012761378078"" target=""_blank"" class=""btn btn-sm"" style=""background-color: #00926c; color: white; text-decoration: none; padding: 2px 8px; border-radius: 4px; font-size: 0.8em;"">View Post</a>",3,"jzkpohqfn2","2025-10-19 10:30:23",7,21188,125,2,1,"Bad Bunny will be a performer at the 2026 Super Bowl LX Halftime Show on Apple Music. #news #badbunny #superbowl #noticiastiktok #MLB"
"<a href=""https://www.tiktok.com/@jzkpohqfn2/video/7562877939545656607"" target=""_blank"" class=""btn btn-sm"" style=""background-color: #00926c; color: white; text-decoration: none; padding: 2px 8px; border-radius: 4px; font-size: 0.8em;"">View Post</a>",3,"jzkpohqfn2","2025-10-19 10:30:23",7,107276,1157,18,29,"Bad Bunny will be a performer at the 2026 Super Bowl LX Halftime Show on Apple Music. #news #badbunny #superbowl #noticiastiktok #MLB"
"<a href=""https://www.tiktok.com/@koressabrock0/video/7562877926815927582"" target=""_blank"" class=""btn btn-sm"" style=""background-color: #00926c; color: white; text-decoration: none; padding: 2px 8px; border-radius: 4px; font-size: 0.8em;"">View Post</a>",3,"koressabrock0","2025-10-19 10:30:19",7,7984,69,0,0,"Bad Bunny will be a performer at the 2026 Super Bowl LX Halftime Show on Apple Music. #news #badbunny #superbowl #noticiastiktok #MLB"
"<a href=""https://www.tiktok.com/@nanciebeasley/video/7562877758926343454"" target=""_blank"" class=""btn btn-sm"" style=""background-color: #00926c; color: white; text-decoration: none; padding: 2px 8px; border-radius: 4px; font-size: 0.8em;"">View Post</a>",3,"nanciebeasley","2025-10-19 10:29:21",7,10416,67,3,1,"Bad Bunny will be a performer at the 2026 Super Bowl LX Halftime Show on Apple Music. #news #badbunny #superbowl #noticiastiktok #MLB"
"<a href=""https://www.tiktok.com/@jaquelindorsey/video/7562877648427388190"" target=""_blank"" class=""btn btn-sm"" style=""background-color: #00926c; color: white; text-decoration: none; padding: 2px 8px; border-radius: 4px; font-size: 0.8em;"">View Post</a>",3,"jaquelindorsey","2025-10-19 10:29:10",7,4474,13,0,0,"Bad Bunny will be a performer at the 2026 Super Bowl LX Halftime Show on Apple Music. #news #badbunny #superbowl #noticiastiktok #MLB"
"<a href=""https://www.tiktok.com/@aafhpa6zc1/video/7562884856133192990"" target=""_blank"" class=""btn btn-sm"" style=""background-color: #00926c; color: white; text-decoration: none; padding: 2px 8px; border-radius: 4px; font-size: 0.8em;"">View Post</a>",12,"aafhpa6zc1","2025-10-19 10:56:45",7,1624,4,1,0,"KondisiterkinimusholaPONPESAlKhozinySidoarjoambruksaatsalatashar#jtvjember#evakuasi#sidoarjo#fyp"
"<a href=""https://www.tiktok.com/@fcrpbfiio0/video/7562884746443853086"" target=""_blank"" class=""btn btn-sm"" style=""background-color: #00926c; color: white; text-decoration: none; padding: 2px 8px; border-radius: 4px; font-size: 0.8em;"">View Post</a>",12,"fcrpbfiio0","2025-10-19 10:56:29",7,14,0,0,0,"KondisiterkinimusholaPONPESAlKhozinySidoarjoambruksaatsalatashar#jtvjember#evakuasi#sidoarjo#fyp"
"<a href=""https://www.tiktok.com/@aafhpa6zc1/video/7562884658954833182"" target=""_blank"" class=""btn btn-sm"" style=""background-color: #00926c; color: white; text-decoration: none; padding: 2px 8px; border-radius: 4px; font-size: 0.8em;"">View Post</a>",12,"aafhpa6zc1","2025-10-19 10:56:03",7,179062,812,164,87,"KondisiterkinimusholaPONPESAlKhozinySidoarjoambruksaatsalatashar#jtvjember#evakuasi#sidoarjo#fyp"
"<a href=""https://www.tiktok.com/@fcrpbfiio0/video/7562884590872890655"" target=""_blank"" class=""btn btn-sm"" style=""background-color: #00926c; color: white; text-decoration: none; padding: 2px 8px; border-radius: 4px; font-size: 0.8em;"">View Post</a>",12,"fcrpbfiio0","2025-10-19 10:55:48",7,28,0,0,0,"KondisiterkinimusholaPONPESAlKhozinySidoarjoambruksaatsalatashar#jtvjember#evakuasi#sidoarjo#fyp"
"<a href=""https://www.tiktok.com/@fcrpbfiio0/video/7562884458290908447"" target=""_blank"" class=""btn btn-sm"" style=""background-color: #00926c; color: white; text-decoration: none; padding: 2px 8px; border-radius: 4px; font-size: 0.8em;"">View Post</a>",12,"fcrpbfiio0","2025-10-19 10:55:18",7,14,0,0,0,"KondisiterkinimusholaPONPESAlKhozinySidoarjoambruksaatsalatashar#jtvjember#evakuasi#sidoarjo#fyp"
"<a href=""https://www.tiktok.com/@hlkpvsqss6/video/7562881473854983454"" target=""_blank"" class=""btn btn-sm"" style=""background-color: #00926c; color: white; text-decoration: none; padding: 2px 8px; border-radius: 4px; font-size: 0.8em;"">View Post</a>",13,"hlkpvsqss6","2025-10-19 10:44:07",7,59,1,0,0,"KondisiterkinimusholaPONPESAlKhozinySidoarjoambruksaatsalatashar#jtvjember#evakuasi#sidoarjo#fyp"
"<a href=""https://www.tiktok.com/@hlkpvsqss6/video/7562881420515904799"" target=""_blank"" class=""btn btn-sm"" style=""background-color: #00926c; color: white; text-decoration: none; padding: 2px 8px; border-radius: 4px; font-size: 0.8em;"">View Post</a>",13,"hlkpvsqss6","2025-10-19 10:43:26",7,86,0,0,0,"KondisiterkinimusholaPONPESAlKhozinySidoarjoambruksaatsalatashar#jtvjember#evakuasi#sidoarjo#fyp"
"<a href=""https://www.tiktok.com/@hlkpvsqss6/video/7562881404485291295"" target=""_blank"" class=""btn btn-sm"" style=""background-color: #00926c; color: white; text-decoration: none; padding: 2px 8px; border-radius: 4px; font-size: 0.8em;"">View Post</a>",13,"hlkpvsqss6","2025-10-19 10:43:46",7,92,0,0,0,"KondisiterkinimusholaPONPESAlKhozinySidoarjoambruksaatsalatashar#jtvjember#evakuasi#sidoarjo#fyp"
"<a href=""https://www.tiktok.com/@s4yei3zbg0/video/7562881364190579981"" target=""_blank"" class=""btn btn-sm"" style=""background-color: #00926c; color: white; text-decoration: none; padding: 2px 8px; border-radius: 4px; font-size: 0.8em;"">View Post</a>",13,"s4yei3zbg0","2025-10-19 10:44:04",7,138,5,0,0,"KondisiterkinimusholaPONPESAlKhozinySidoarjoambruksaatsalatashar#jtvjember#evakuasi#sidoarjo#fyp"
"<a href=""https://www.tiktok.com/@s4yei3zbg0/video/7562881151812095287"" target=""_blank"" class=""btn btn-sm"" style=""background-color: #00926c; color: white; text-decoration: none; padding: 2px 8px; border-radius: 4px; font-size: 0.8em;"">View Post</a>",13,"s4yei3zbg0","2025-10-19 10:43:51",7,288,6,0,0,"KondisiterkinimusholaPONPESAlKhozinySidoarjoambruksaatsalatashar#jtvjember#evakuasi#sidoarjo#fyp"
"<a href=""https://www.tiktok.com/@rkybjs4xt2/video/7562880941589302542"" target=""_blank"" class=""btn btn-sm"" style=""background-color: #00926c; color: white; text-decoration: none; padding: 2px 8px; border-radius: 4px; font-size: 0.8em;"">View Post</a>",13,"rkybjs4xt2","2025-10-19 10:42:34",7,67,0,0,0,"KondisiterkinimusholaPONPESAlKhozinySidoarjoambruksaatsalatashar#jtvjember#evakuasi#sidoarjo#fyp"
"<a href=""https://www.tiktok.com/@s4yei3zbg0/video/7562880885704461582"" target=""_blank"" class=""btn btn-sm"" style=""background-color: #00926c; color: white; text-decoration: none; padding: 2px 8px; border-radius: 4px; font-size: 0.8em;"">View Post</a>",13,"s4yei3zbg0","2025-10-19 10:43:33",7,128,0,0,0,"KondisiterkinimusholaPONPESAlKhozinySidoarjoambruksaatsalatashar#jtvjember#evakuasi#sidoarjo#fyp"
"<a href=""https://www.tiktok.com/@l9ula8jh71/video/7562880878666337566"" target=""_blank"" class=""btn btn-sm"" style=""background-color: #00926c; color: white; text-decoration: none; padding: 2px 8px; border-radius: 4px; font-size: 0.8em;"">View Post</a>",14,"l9ula8jh71","2025-10-19 10:40:39",7,306,20,1,3,"KondisiterkinimusholaPONPESAlKhozinySidoarjoambruksaatsalatashar#jtvjember#evakuasi#sidoarjo#fyp"
"<a href=""https://www.tiktok.com/@rkybjs4xt2/video/7562880872588872973"" target=""_blank"" class=""btn btn-sm"" style=""background-color: #00926c; color: white; text-decoration: none; padding: 2px 8px; border-radius: 4px; font-size: 0.8em;"">View Post</a>",13,"rkybjs4xt2","2025-10-19 10:42:44",7,63,2,0,0,"KondisiterkinimusholaPONPESAlKhozinySidoarjoambruksaatsalatashar#jtvjember#evakuasi#sidoarjo#fyp"
"<a href=""https://www.tiktok.com/@rkybjs4xt2/video/7562880724450217271"" target=""_blank"" class=""btn btn-sm"" style=""background-color: #00926c; color: white; text-decoration: none; padding: 2px 8px; border-radius: 4px; font-size: 0.8em;"">View Post</a>",13,"rkybjs4xt2","2025-10-19 10:41:56",7,4,0,0,0,"KondisiterkinimusholaPONPESAlKhozinySidoarjoambruksaatsalatashar#jtvjember#evakuasi#sidoarjo#fyp"
"<a href=""https://www.tiktok.com/@frcbglabi9/video/7562880615238978846"" target=""_blank"" class=""btn btn-sm"" style=""background-color: #00926c; color: white; text-decoration: none; padding: 2px 8px; border-radius: 4px; font-size: 0.8em;"">View Post</a>",14,"frcbglabi9","2025-10-19 10:40:39",7,11,0,0,0,"KondisiterkinimusholaPONPESAlKhozinySidoarjoambruksaatsalatashar#jtvjember#evakuasi#sidoarjo#fyp"
"<a href=""https://www.tiktok.com/@frcbglabi9/video/7562880502705687838"" target=""_blank"" class=""btn btn-sm"" style=""background-color: #00926c; color: white; text-decoration: none; padding: 2px 8px; border-radius: 4px; font-size: 0.8em;"">View Post</a>",14,"frcbglabi9","2025-10-19 10:39:57",7,78,1,0,0,"KondisiterkinimusholaPONPESAlKhozinySidoarjoambruksaatsalatashar#jtvjember#evakuasi#sidoarjo#fyp"
"<a href=""https://www.tiktok.com/@l9ula8jh71/video/7562880493176261919"" target=""_blank"" class=""btn btn-sm"" style=""background-color: #00926c; color: white; text-decoration: none; padding: 2px 8px; border-radius: 4px; font-size: 0.8em;"">View Post</a>",14,"l9ula8jh71","2025-10-19 10:40:01",7,299,16,0,1,"KondisiterkinimusholaPONPESAlKhozinySidoarjoambruksaatsalatashar#jtvjember#evakuasi#sidoarjo#fyp"
"<a href=""https://www.tiktok.com/@l9ula8jh71/video/7562880432182709534"" target=""_blank"" class=""btn btn-sm"" style=""background-color: #00926c; color: white; text-decoration: none; padding: 2px 8px; border-radius: 4px; font-size: 0.8em;"">View Post</a>",14,"l9ula8jh71","2025-10-19 10:39:46",7,2,0,0,0,"KondisiterkinimusholaPONPESAlKhozinySidoarjoambruksaatsalatashar#jtvjember#evakuasi#sidoarjo#fyp"
"<a href=""https://www.tiktok.com/@frcbglabi9/video/7562880364109122847"" target=""_blank"" class=""btn btn-sm"" style=""background-color: #00926c; color: white; text-decoration: none; padding: 2px 8px; border-radius: 4px; font-size: 0.8em;"">View Post</a>",14,"frcbglabi9","2025-10-19 10:39:34",7,18,0,0,0,"KondisiterkinimusholaPONPESAlKhozinySidoarjoambruksaatsalatashar#jtvjember#evakuasi#sidoarjo#fyp"
"<a href=""https://www.tiktok.com/@g2w8trakc7/video/7562879983622901023"" target=""_blank"" class=""btn btn-sm"" style=""background-color: #00926c; color: white; text-decoration: none; padding: 2px 8px; border-radius: 4px; font-size: 0.8em;"">View Post</a>",15,"g2w8trakc7","2025-10-19 10:38:08",7,0,0,0,0,"KondisiterkinimusholaPONPESAlKhozinySidoarjoambruksaatsalatashar#jtvjember#evakuasi#sidoarjo#fyp"
"<a href=""https://www.tiktok.com/@uiii9btew1/video/7562879911187221791"" target=""_blank"" class=""btn btn-sm"" style=""background-color: #00926c; color: white; text-decoration: none; padding: 2px 8px; border-radius: 4px; font-size: 0.8em;"">View Post</a>",15,"uiii9btew1","2025-10-19 10:38:04",7,72,0,0,0,"KondisiterkinimusholaPONPESAlKhozinySidoarjoambruksaatsalatashar#jtvjember#evakuasi#sidoarjo#fyp"
"<a href=""https://www.tiktok.com/@uiii9btew1/video/7562879836927102239"" target=""_blank"" class=""btn btn-sm"" style=""background-color: #00926c; color: white; text-decoration: none; padding: 2px 8px; border-radius: 4px; font-size: 0.8em;"">View Post</a>",15,"uiii9btew1","2025-10-19 10:37:43",7,74,0,0,0,"KondisiterkinimusholaPONPESAlKhozinySidoarjoambruksaatsalatashar#jtvjember#evakuasi#sidoarjo#fyp"
"<a href=""https://www.tiktok.com/@g2w8trakc7/video/7562879811895561503"" target=""_blank"" class=""btn btn-sm"" style=""background-color: #00926c; color: white; text-decoration: none; padding: 2px 8px; border-radius: 4px; font-size: 0.8em;"">View Post</a>",15,"g2w8trakc7","2025-10-19 10:37:49",7,10,0,0,0,"KondisiterkinimusholaPONPESAlKhozinySidoarjoambruksaatsalatashar#jtvjember#evakuasi#sidoarjo#fyp"
"<a href=""https://www.tiktok.com/@uiii9btew1/video/7562879765527399710"" target=""_blank"" class=""btn btn-sm"" style=""background-color: #00926c; color: white; text-decoration: none; padding: 2px 8px; border-radius: 4px; font-size: 0.8em;"">View Post</a>",15,"uiii9btew1","2025-10-19 10:37:11",7,79,2,0,0,"KondisiterkinimusholaPONPESAlKhozinySidoarjoambruksaatsalatashar#jtvjember#evakuasi#sidoarjo#fyp"
"<a href=""https://www.tiktok.com/@g2w8trakc7/video/7562879722045082910"" target=""_blank"" class=""btn btn-sm"" style=""background-color: #00926c; color: white; text-decoration: none; padding: 2px 8px; border-radius: 4px; font-size: 0.8em;"">View Post</a>",15,"g2w8trakc7","2025-10-19 10:37:09",7,8,0,0,0,"KondisiterkinimusholaPONPESAlKhozinySidoarjoambruksaatsalatashar#jtvjember#evakuasi#sidoarjo#fyp"
"<a href=""https://www.tiktok.com/@cortd41lf9/video/7562878256161049870"" target=""_blank"" class=""btn btn-sm"" style=""background-color: #00926c; color: white; text-decoration: none; padding: 2px 8px; border-radius: 4px; font-size: 0.8em;"">View Post</a>",16,"cortd41lf9","2025-10-19 10:32:26",7,2,0,0,0,"KondisiterkinimusholaPONPESAlKhozinySidoarjoambruksaatsalatashar#jtvjember#evakuasi#sidoarjo#fyp"
"<a href=""https://www.tiktok.com/@scbwkpcha8/video/7562878230919744782"" target=""_blank"" class=""btn btn-sm"" style=""background-color: #00926c; color: white; text-decoration: none; padding: 2px 8px; border-radius: 4px; font-size: 0.8em;"">View Post</a>",16,"scbwkpcha8","2025-10-19 10:32:28",7,857,93,1,0,"KondisiterkinimusholaPONPESAlKhozinySidoarjoambruksaatsalatashar#jtvjember#evakuasi#sidoarjo#fyp"
"<a href=""https://www.tiktok.com/@cortd41lf9/video/7562878062719733047"" target=""_blank"" class=""btn btn-sm"" style=""background-color: #00926c; color: white; text-decoration: none; padding: 2px 8px; border-radius: 4px; font-size: 0.8em;"">View Post</a>",16,"cortd41lf9","2025-10-19 10:32:11",7,48,0,0,0,"KondisiterkinimusholaPONPESAlKhozinySidoarjoambruksaatsalatashar#jtvjember#evakuasi#sidoarjo#fyp"
"<a href=""https://www.tiktok.com/@cortd41lf9/video/7562877919866014990"" target=""_blank"" class=""btn btn-sm"" style=""background-color: #00926c; color: white; text-decoration: none; padding: 2px 8px; border-radius: 4px; font-size: 0.8em;"">View Post</a>",16,"cortd41lf9","2025-10-19 10:31:46",7,49,1,0,0,"KondisiterkinimusholaPONPESAlKhozinySidoarjoambruksaatsalatashar#jtvjember#evakuasi#sidoarjo#fyp"
"<a href=""https://www.tiktok.com/@s6ntpkduu3/video/7562877632761580831"" target=""_blank"" class=""btn btn-sm"" style=""background-color: #00926c; color: white; text-decoration: none; padding: 2px 8px; border-radius: 4px; font-size: 0.8em;"">View Post</a>",17,"s6ntpkduu3","2025-10-19 10:28:54",7,281,17,0,26,"KondisiterkinimusholaPONPESAlKhozinySidoarjoambruksaatsalatashar#jtvjember#evakuasi#sidoarjo#fyp"
"<a href=""https://www.tiktok.com/@scbwkpcha8/video/7562877632015093006"" target=""_blank"" class=""btn btn-sm"" style=""background-color: #00926c; color: white; text-decoration: none; padding: 2px 8px; border-radius: 4px; font-size: 0.8em;"">View Post</a>",16,"scbwkpcha8","2025-10-19 10:30:28",7,15,0,0,0,"KondisiterkinimusholaPONPESAlKhozinySidoarjoambruksaatsalatashar#jtvjember#evakuasi#sidoarjo#fyp"
"<a href=""https://www.tiktok.com/@ang4dhwkb5/video/7562877577111571742"" target=""_blank"" class=""btn btn-sm"" style=""background-color: #00926c; color: white; text-decoration: none; padding: 2px 8px; border-radius: 4px; font-size: 0.8em;"">View Post</a>",17,"ang4dhwkb5","2025-10-19 10:28:49",7,30,0,0,0,"KondisiterkinimusholaPONPESAlKhozinySidoarjoambruksaatsalatashar#jtvjember#evakuasi#sidoarjo#fyp"
"<a href=""https://www.tiktok.com/@s6ntpkduu3/video/7562877550825868575"" target=""_blank"" class=""btn btn-sm"" style=""background-color: #00926c; color: white; text-decoration: none; padding: 2px 8px; border-radius: 4px; font-size: 0.8em;"">View Post</a>",17,"s6ntpkduu3","2025-10-19 10:28:27",7,59,0,0,0,"KondisiterkinimusholaPONPESAlKhozinySidoarjoambruksaatsalatashar#jtvjember#evakuasi#sidoarjo#fyp"
"<a href=""https://www.tiktok.com/@ang4dhwkb5/video/7562877486829178142"" target=""_blank"" class=""btn btn-sm"" style=""background-color: #00926c; color: white; text-decoration: none; padding: 2px 8px; border-radius: 4px; font-size: 0.8em;"">View Post</a>",17,"ang4dhwkb5","2025-10-19 10:28:27",7,95,2,0,0,"KondisiterkinimusholaPONPESAlKhozinySidoarjoambruksaatsalatashar#jtvjember#evakuasi#sidoarjo#fyp"
"<a href=""https://www.tiktok.com/@s6ntpkduu3/video/7562877463861153054"" target=""_blank"" class=""btn btn-sm"" style=""background-color: #00926c; color: white; text-decoration: none; padding: 2px 8px; border-radius: 4px; font-size: 0.8em;"">View Post</a>",17,"s6ntpkduu3","2025-10-19 10:28:26",7,222,3,0,0,"KondisiterkinimusholaPONPESAlKhozinySidoarjoambruksaatsalatashar#jtvjember#evakuasi#sidoarjo#fyp"
"<a href=""https://www.tiktok.com/@ang4dhwkb5/video/7562877440268307742"" target=""_blank"" class=""btn btn-sm"" style=""background-color: #00926c; color: white; text-decoration: none; padding: 2px 8px; border-radius: 4px; font-size: 0.8em;"">View Post</a>",17,"ang4dhwkb5","2025-10-19 10:28:20",7,105,1,0,0,"KondisiterkinimusholaPONPESAlKhozinySidoarjoambruksaatsalatashar#jtvjember#evakuasi#sidoarjo#fyp"
"<a href=""https://www.tiktok.com/@hcpf4mbba5/video/7562914069141867807"" target=""_blank"" class=""btn btn-sm"" style=""background-color: #00926c; color: white; text-decoration: none; padding: 2px 8px; border-radius: 4px; font-size: 0.8em;"">View Post</a>",4,"hcpf4mbba5","2025-10-19 12:49:52",3,64,0,0,0,"Bad Bunny will be a performer at the 2026 Super Bowl LX Halftime Show on Apple Music.#news #badbunny #superbowl #noticiastiktok #MLB"
"<a href=""https://www.tiktok.com/@yaobaobao4/video/7562913988154068238"" target=""_blank"" class=""btn btn-sm"" style=""background-color: #00926c; color: white; text-decoration: none; padding: 2px 8px; border-radius: 4px; font-size: 0.8em;"">View Post</a>",4,"yaobaobao4","2025-10-19 12:50:03",3,99264,382,2,6,"Bad Bunny will be a performer at the 2026 Super Bowl LX Halftime Show on Apple Music.#news #badbunny #superbowl #noticiastiktok #MLB"
"<a href=""https://www.tiktok.com/@hcpf4mbba5/video/7562913959662112031"" target=""_blank"" class=""btn btn-sm"" style=""background-color: #00926c; color: white; text-decoration: none; padding: 2px 8px; border-radius: 4px; font-size: 0.8em;"">View Post</a>",4,"hcpf4mbba5","2025-10-19 12:49:23",3,77,0,0,0,"Bad Bunny will be a performer at the 2026 Super Bowl LX Halftime Show on Apple Music.#news #badbunny #superbowl #noticiastiktok #MLB"
"<a href=""https://www.tiktok.com/@l5jjf0rtv0/video/7562913898672786701"" target=""_blank"" class=""btn btn-sm"" style=""background-color: #00926c; color: white; text-decoration: none; padding: 2px 8px; border-radius: 4px; font-size: 0.8em;"">View Post</a>",4,"l5jjf0rtv0","2025-10-19 12:49:50",3,118,0,0,0,"Bad Bunny will be a performer at the 2026 Super Bowl LX Halftime Show on Apple Music.#news #badbunny #superbowl #noticiastiktok #MLB"
"<a href=""https://www.tiktok.com/@xtgfgcnga6/video/7562913878988967182"" target=""_blank"" class=""btn btn-sm"" style=""background-color: #00926c; color: white; text-decoration: none; padding: 2px 8px; border-radius: 4px; font-size: 0.8em;"">View Post</a>",4,"xtgfgcnga6","2025-10-19 12:50:01",3,10,0,0,0,"Bad Bunny will be a performer at the 2026 Super Bowl LX Halftime Show on Apple Music.#news #badbunny #superbowl #noticiastiktok #MLB"
"<a href=""https://www.tiktok.com/@yaobaobao4/video/7562913822810443063"" target=""_blank"" class=""btn btn-sm"" style=""background-color: #00926c; color: white; text-decoration: none; padding: 2px 8px; border-radius: 4px; font-size: 0.8em;"">View Post</a>",4,"yaobaobao4","2025-10-19 12:49:33",3,373,3,0,0,"Bad Bunny will be a performer at the 2026 Super Bowl LX Halftime Show on Apple Music.#news #badbunny #superbowl #noticiastiktok #MLB"
"<a href=""https://www.tiktok.com/@l5jjf0rtv0/video/7562913806809156919"" target=""_blank"" class=""btn btn-sm"" style=""background-color: #00926c; color: white; text-decoration: none; padding: 2px 8px; border-radius: 4px; font-size: 0.8em;"">View Post</a>",4,"l5jjf0rtv0","2025-10-19 12:49:22",3,112,0,0,0,"Bad Bunny will be a performer at the 2026 Super Bowl LX Halftime Show on Apple Music.#news #badbunny #superbowl #noticiastiktok #MLB"
"<a href=""https://www.tiktok.com/@xtgfgcnga6/video/7562913806775635255"" target=""_blank"" class=""btn btn-sm"" style=""background-color: #00926c; color: white; text-decoration: none; padding: 2px 8px; border-radius: 4px; font-size: 0.8em;"">View Post</a>",4,"xtgfgcnga6","2025-10-19 12:49:31",3,143,4,0,0,"Bad Bunny will be a performer at the 2026 Super Bowl LX Halftime Show on Apple Music.#news #badbunny #superbowl #noticiastiktok #MLB"
"<a href=""https://www.tiktok.com/@yaobaobao4/video/7562913754724240654"" target=""_blank"" class=""btn btn-sm"" style=""background-color: #00926c; color: white; text-decoration: none; padding: 2px 8px; border-radius: 4px; font-size: 0.8em;"">View Post</a>",4,"yaobaobao4","2025-10-19 12:49:03",3,1489,10,1,0,"Bad Bunny will be a performer at the 2026 Super Bowl LX Halftime Show on Apple Music.#news #badbunny #superbowl #noticiastiktok #MLB"
"<a href=""https://www.tiktok.com/@xtgfgcnga6/video/7562913675959438647"" target=""_blank"" class=""btn btn-sm"" style=""background-color: #00926c; color: white; text-decoration: none; padding: 2px 8px; border-radius: 4px; font-size: 0.8em;"">View Post</a>",4,"xtgfgcnga6","2025-10-19 12:49:02",3,719,14,0,0,"Bad Bunny will be a performer at the 2026 Super Bowl LX Halftime Show on Apple Music.#news #badbunny #superbowl #noticiastiktok #MLB"
"<a href=""https://www.tiktok.com/@nfnxhu777/video/7563000193252166942"" target=""_blank"" class=""btn btn-sm"" style=""background-color: #00926c; color: white; text-decoration: none; padding: 2px 8px; border-radius: 4px; font-size: 0.8em;"">View Post</a>",10,"nfnxhu777","2025-10-19 18:23:41",2,72,2,0,0,"Kondisi terkini mushola PONPES Al Khoziny Sidoarjo ambruk saat salat ashar#jtvjember #evakuasi #sidoarjo #fyp"
"<a href=""https://www.tiktok.com/@vuv1vfggp8/video/7563000132329884941"" target=""_blank"" class=""btn btn-sm"" style=""background-color: #00926c; color: white; text-decoration: none; padding: 2px 8px; border-radius: 4px; font-size: 0.8em;"">View Post</a>",10,"vuv1vfggp8","2025-10-19 18:23:41",2,67,1,0,0,"Kondisi terkini mushola PONPES Al Khoziny Sidoarjo ambruk saat salat ashar#jtvjember #evakuasi #sidoarjo #fyp"
"<a href=""https://www.tiktok.com/@nfnxhu777/video/7563000078344949022"" target=""_blank"" class=""btn btn-sm"" style=""background-color: #00926c; color: white; text-decoration: none; padding: 2px 8px; border-radius: 4px; font-size: 0.8em;"">View Post</a>",10,"nfnxhu777","2025-10-19 18:23:10",2,85,1,0,0,"Kondisi terkini mushola PONPES Al Khoziny Sidoarjo ambruk saat salat ashar#jtvjember #evakuasi #sidoarjo #fyp"
"<a href=""https://www.tiktok.com/@vuv1vfggp8/video/7563000011043163406"" target=""_blank"" class=""btn btn-sm"" style=""background-color: #00926c; color: white; text-decoration: none; padding: 2px 8px; border-radius: 4px; font-size: 0.8em;"">View Post</a>",10,"vuv1vfggp8","2025-10-19 18:23:11",2,154,3,0,0,"Kondisi terkini mushola PONPES Al Khoziny Sidoarjo ambruk saat salat ashar#jtvjember #evakuasi #sidoarjo #fyp"
"<a href=""https://www.tiktok.com/@nfnxhu777/video/7562999900225457439"" target=""_blank"" class=""btn btn-sm"" style=""background-color: #00926c; color: white; text-decoration: none; padding: 2px 8px; border-radius: 4px; font-size: 0.8em;"">View Post</a>",10,"nfnxhu777","2025-10-19 18:22:31",2,452,14,0,1,"Kondisi terkini mushola PONPES Al Khoziny Sidoarjo ambruk saat salat ashar#jtvjember #evakuasi #sidoarjo #fyp"
"<a href=""https://www.tiktok.com/@mengpoi678/video/7562997522755505422"" target=""_blank"" class=""btn btn-sm"" style=""background-color: #00926c; color: white; text-decoration: none; padding: 2px 8px; border-radius: 4px; font-size: 0.8em;"">View Post</a>",11,"mengpoi678","2025-10-19 18:13:30",2,155,0,0,0,"Kondisi terkini mushola PONPES Al Khoziny Sidoarjo ambruk saat salat ashar#jtvjember #evakuasi #sidoarjo #fyp"
"<a href=""https://www.tiktok.com/@k9ox9guhi1/video/7562997507219901726"" target=""_blank"" class=""btn btn-sm"" style=""background-color: #00926c; color: white; text-decoration: none; padding: 2px 8px; border-radius: 4px; font-size: 0.8em;"">View Post</a>",11,"k9ox9guhi1","2025-10-19 18:13:14",2,36,1,0,0,"Kondisi terkini mushola PONPES Al Khoziny Sidoarjo ambruk saat salat ashar#jtvjember #evakuasi #sidoarjo #fyp"
"<a href=""https://www.tiktok.com/@mengpoi678/video/7562997486814579981"" target=""_blank"" class=""btn btn-sm"" style=""background-color: #00926c; color: white; text-decoration: none; padding: 2px 8px; border-radius: 4px; font-size: 0.8em;"">View Post</a>",11,"mengpoi678","2025-10-19 18:13:27",2,863,41,0,0,"Kondisi terkini mushola PONPES Al Khoziny Sidoarjo ambruk saat salat ashar#jtvjember #evakuasi #sidoarjo #fyp"
"<a href=""https://www.tiktok.com/@k9ox9guhi1/video/7562997239245720862"" target=""_blank"" class=""btn btn-sm"" style=""background-color: #00926c; color: white; text-decoration: none; padding: 2px 8px; border-radius: 4px; font-size: 0.8em;"">View Post</a>",11,"k9ox9guhi1","2025-10-19 18:12:13",2,52,0,0,0,"Kondisi terkini mushola PONPES Al Khoziny Sidoarjo ambruk saat salat ashar#jtvjember #evakuasi #sidoarjo #fyp"
"<a href=""https://www.tiktok.com/@pojhfd6665/video/7562997100447796493"" target=""_blank"" class=""btn btn-sm"" style=""background-color: #00926c; color: white; text-decoration: none; padding: 2px 8px; border-radius: 4px; font-size: 0.8em;"">View Post</a>",11,"pojhfd6665","2025-10-19 18:11:46",2,23,1,0,0,"Kondisi terkini mushola PONPES Al Khoziny Sidoarjo ambruk saat salat ashar#jtvjember #evakuasi #sidoarjo #fyp"
"<a href=""https://www.tiktok.com/@k9ox9guhi1/video/7562997069556878623"" target=""_blank"" class=""btn btn-sm"" style=""background-color: #00926c; color: white; text-decoration: none; padding: 2px 8px; border-radius: 4px; font-size: 0.8em;"">View Post</a>",11,"k9ox9guhi1","2025-10-19 18:11:35",2,88,0,0,0,"Kondisi terkini mushola PONPES Al Khoziny Sidoarjo ambruk saat salat ashar#jtvjember #evakuasi #sidoarjo #fyp"
"<a href=""https://www.tiktok.com/@pojhfd6665/video/7562996949092224311"" target=""_blank"" class=""btn btn-sm"" style=""background-color: #00926c; color: white; text-decoration: none; padding: 2px 8px; border-radius: 4px; font-size: 0.8em;"">View Post</a>",11,"pojhfd6665","2025-10-19 18:11:24",2,1026,51,0,0,"Kondisi terkini mushola PONPES Al Khoziny Sidoarjo ambruk saat salat ashar#jtvjember #evakuasi #sidoarjo #fyp"
