"Account","Network","Unique Shares","Avg Time Between Shares (sec)","Edge Symmetry Score","Degree","Strength","Betweenness","Avg Views","Avg Likes","Avg Comments","Avg Shares"
"<a href=""https://tiktok.com/@1b86dc20"" target=""_blank"">@1b86dc20</a>",16,3,34.778,0.8,1,9,0,729,36.667,0.333,0
"<a href=""https://tiktok.com/@20fef1e4"" target=""_blank"">@20fef1e4</a>",15,3,43.818,0.833,1,11,0,953.333,65.667,1.333,0.667
"<a href=""https://tiktok.com/@336per7"" target=""_blank"">@336per7</a>",3,9,47.571,1,1,7,0,1093.636,49.545,0.182,0.091
"<a href=""https://tiktok.com/@38709f33"" target=""_blank"">@38709f33</a>",17,4,46.667,0.75,1,12,0,705.25,42.25,0.25,0
"<a href=""https://tiktok.com/@3jfofoed"" target=""_blank"">@3jfofoed</a>",5,9,47.5,1,1,10,0,975.444,66,1.333,0.556
"<a href=""https://tiktok.com/@452e0707"" target=""_blank"">@452e0707</a>",11,3,34.667,1,1,9,0,738.667,57,0,1.333
"<a href=""https://tiktok.com/@4khuik"" target=""_blank"">@4khuik</a>",5,9,47.5,1,1,10,0,1585.6,54.5,0.8,0.3
"<a href=""https://tiktok.com/@5b8a09a2"" target=""_blank"">@5b8a09a2</a>",19,6,74.375,0.8,1,8,0,1578.833,101.5,0.5,1
"<a href=""https://tiktok.com/@666xy33"" target=""_blank"">@666xy33</a>",9,3,51.507,1,2,17,0,4943,454,0.333,0.333
"<a href=""https://tiktok.com/@6840d1ae"" target=""_blank"">@6840d1ae</a>",17,3,46.667,0.75,1,12,0,21265.333,552.667,2,2.667
"<a href=""https://tiktok.com/@70e50c8f"" target=""_blank"">@70e50c8f</a>",14,3,49.364,0.667,1,11,0,5001.667,178.667,0,1.333
"<a href=""https://tiktok.com/@88140d43"" target=""_blank"">@88140d43</a>",19,4,74.375,0.8,1,8,0,5109.25,283.75,1,0.5
"<a href=""https://tiktok.com/@88c314cd"" target=""_blank"">@88c314cd</a>",14,4,49.364,0.667,1,11,0,3496.5,103.5,0,0
"<a href=""https://tiktok.com/@91981c35"" target=""_blank"">@91981c35</a>",12,3,42.889,1,1,9,0,607.333,56.333,0.667,2
"<a href=""https://tiktok.com/@9500527b"" target=""_blank"">@9500527b</a>",12,3,42.889,1,1,9,0,272,9.333,0,0
"<a href=""https://tiktok.com/@95tiantianbao"" target=""_blank"">@95tiantianbao</a>",3,4,47.571,1,1,7,0,2894.444,128.889,0.667,0.333
"<a href=""https://tiktok.com/@alept76"" target=""_blank"">@alept76</a>",6,5,12.375,0.625,2,16,0,1013.2,50.8,1,6
"<a href=""https://tiktok.com/@aleqg68"" target=""_blank"">@aleqg68</a>",7,4,49.314,1,5,35,0,324,13.25,0.25,0.25
"<a href=""https://tiktok.com/@anghyry2"" target=""_blank"">@anghyry2</a>",13,3,47.25,0.8,1,8,0,31197,1076.667,7,12.667
"<a href=""https://tiktok.com/@asava557"" target=""_blank"">@asava557</a>",7,4,53.589,1,6,43,0,309.5,21.25,0,0.5
"<a href=""https://tiktok.com/@asdzxcv486"" target=""_blank"">@asdzxcv486</a>",6,8,25.499,0.675,13,108,0.007,579.875,17,0.5,0.75
"<a href=""https://tiktok.com/@bdjsxn6"" target=""_blank"">@bdjsxn6</a>",4,8,46.889,0.866,2,18,0,500.5,24.4,0.2,0.2
"<a href=""https://tiktok.com/@berez.paulo"" target=""_blank"">@berez.paulo</a>",23,4,43.071,1,2,15,0,924.5,93,0.5,0.25
"<a href=""https://tiktok.com/@bf567696"" target=""_blank"">@bf567696</a>",16,3,34.778,0.8,1,9,0,35495.333,1096,11.333,30
"<a href=""https://tiktok.com/@bxjxhxt"" target=""_blank"">@bxjxhxt</a>",4,9,52.653,0.879,2,21,0,2083.667,143.889,0.333,1.667
"<a href=""https://tiktok.com/@cae0d6e7"" target=""_blank"">@cae0d6e7</a>",11,3,34.667,1,1,9,0,312.667,11,0.667,0.333
"<a href=""https://tiktok.com/@d1a3b64f"" target=""_blank"">@d1a3b64f</a>",18,3,37.111,1,1,9,0,15445,422.333,1,0.333
"<a href=""https://tiktok.com/@dafkl0"" target=""_blank"">@dafkl0</a>",27,6,27.5,1,1,8,0,2501.333,141,1.667,0.667
"<a href=""https://tiktok.com/@dixie.guzman1"" target=""_blank"">@dixie.guzman1</a>",6,5,39.5,0.625,2,16,0,2135,62.6,1,9.2
"<a href=""https://tiktok.com/@donpenno"" target=""_blank"">@donpenno</a>",22,10,48.416,0.979,6,82,0,2456.7,92.1,0.5,0.5
"<a href=""https://tiktok.com/@elaina.hinkle"" target=""_blank"">@elaina.hinkle</a>",6,4,38.714,0.571,2,14,0,599,4.5,0,0
"<a href=""https://tiktok.com/@ewmeoetwu0"" target=""_blank"">@ewmeoetwu0</a>",24,6,72.375,1,2,18,0.008,63894.833,409.167,2.333,6.833
"<a href=""https://tiktok.com/@f2618720"" target=""_blank"">@f2618720</a>",23,4,54.071,1,2,15,0,681,72.5,0,0
"<a href=""https://tiktok.com/@f6830a74"" target=""_blank"">@f6830a74</a>",18,3,37.111,1,1,9,0,52783.5,1439.25,3.5,1.5
"<a href=""https://tiktok.com/@faa19b9e"" target=""_blank"">@faa19b9e</a>",15,4,43.818,0.833,1,11,0,880.5,60.25,0.25,1
"<a href=""https://tiktok.com/@febio432"" target=""_blank"">@febio432</a>",22,10,48.955,0.908,6,92,0,2737.2,77.7,0.1,0.3
"<a href=""https://tiktok.com/@fkxqsvw1111"" target=""_blank"">@fkxqsvw1111</a>",24,6,63.456,0.964,4,33,0.011,3009.667,141.5,0.5,0.333
"<a href=""https://tiktok.com/@fkxswvw222"" target=""_blank"">@fkxswvw222</a>",24,7,72.778,0.857,1,9,0,2287.429,107.714,1.429,0.286
"<a href=""https://tiktok.com/@fogsi3721"" target=""_blank"">@fogsi3721</a>",4,9,37.653,0.887,2,21,0,1972.4,79.4,1.5,1.6
"<a href=""https://tiktok.com/@fz1056"" target=""_blank"">@fz1056</a>",22,10,47.143,0.957,6,72,0,2963.2,61.3,0.6,0.2
"<a href=""https://tiktok.com/@g054162"" target=""_blank"">@g054162</a>",23,4,44,1,2,16,0,892.5,52.25,1.25,1.25
"<a href=""https://tiktok.com/@gddhd.jffjfj"" target=""_blank"">@gddhd.jffjfj</a>",7,4,50.557,0.967,5,38,0,329.5,20.5,0,1.5
"<a href=""https://tiktok.com/@gdxgjj76"" target=""_blank"">@gdxgjj76</a>",24,8,69.065,0.893,6,68,0.022,3416.75,71.5,0.75,0.375
"<a href=""https://tiktok.com/@gh.kn98"" target=""_blank"">@gh.kn98</a>",6,5,43,0.625,2,16,0,800.4,15.8,0,0.4
"<a href=""https://tiktok.com/@ghdffdgd"" target=""_blank"">@ghdffdgd</a>",24,6,45.222,0.571,1,9,0,4675,101,0.833,1
"<a href=""https://tiktok.com/@grdfghjk"" target=""_blank"">@grdfghjk</a>",24,6,45.955,1,2,18,0,3300,109.833,0.667,0.833
"<a href=""https://tiktok.com/@gvil006"" target=""_blank"">@gvil006</a>",9,3,47.84,1,2,17,0,13756,491.667,8.333,23.667
"<a href=""https://tiktok.com/@h0559795"" target=""_blank"">@h0559795</a>",20,10,57.133,1,1,15,0,1866.9,74,1.3,1.2
"<a href=""https://tiktok.com/@hehedjwn"" target=""_blank"">@hehedjwn</a>",22,8,42.469,0.963,6,71,0,3003.8,99.5,1.5,0.5
"<a href=""https://tiktok.com/@hfchkk26"" target=""_blank"">@hfchkk26</a>",24,6,37.111,0.571,1,9,0,1684.167,29.5,0.333,0.5
"<a href=""https://tiktok.com/@hfsvn4"" target=""_blank"">@hfsvn4</a>",26,6,90.5,1,1,8,0,3872.5,111.5,1.167,0.833
"<a href=""https://tiktok.com/@hfsyu3"" target=""_blank"">@hfsyu3</a>",24,8,47.122,0.861,6,56,0.001,7781.125,139.875,0.875,1.125
"<a href=""https://tiktok.com/@hgbnh6"" target=""_blank"">@hgbnh6</a>",24,6,54,1,2,16,0.013,2175.833,100.5,1.5,0.667
"<a href=""https://tiktok.com/@hgcv035"" target=""_blank"">@hgcv035</a>",25,6,67.667,1,1,9,0,2153.667,98.333,0.333,0.667
"<a href=""https://tiktok.com/@hiers.rickards.ri"" target=""_blank"">@hiers.rickards.ri</a>",6,8,26.705,0.722,13,108,0.007,1428.125,17.75,0.5,1.5
"<a href=""https://tiktok.com/@hjg38205"" target=""_blank"">@hjg38205</a>",20,10,57.133,1,1,15,0,2035.2,59.5,1.5,1.2
"<a href=""https://tiktok.com/@htcvh84"" target=""_blank"">@htcvh84</a>",26,4,90.5,1,1,8,0,3236.167,129.5,2,1
"<a href=""https://tiktok.com/@hukjmin"" target=""_blank"">@hukjmin</a>",6,5,26.375,0.688,2,16,0,816,15.4,0.4,4
"<a href=""https://tiktok.com/@huohuohuo665"" target=""_blank"">@huohuohuo665</a>",1,8,45.75,0.9,1,12,0,6010.733,203.667,1.933,0.4
"<a href=""https://tiktok.com/@hv.fh80"" target=""_blank"">@hv.fh80</a>",6,5,28.125,0.688,2,16,0,645.8,33,0,2.4
"<a href=""https://tiktok.com/@iopqwer562"" target=""_blank"">@iopqwer562</a>",6,5,18.25,0.625,2,16,0,762.6,36,2.2,4.4
"<a href=""https://tiktok.com/@jcoendb"" target=""_blank"">@jcoendb</a>",21,6,79.25,1,1,8,0,1794,72,1.7,0.6
"<a href=""https://tiktok.com/@jf.gk2"" target=""_blank"">@jf.gk2</a>",7,4,52.171,1,9,64,0.001,341.25,20,0,0.25
"<a href=""https://tiktok.com/@jgcjii4"" target=""_blank"">@jgcjii4</a>",24,7,51.133,0.875,4,38,0,6511.143,106,1.143,0.429
"<a href=""https://tiktok.com/@jjgg25283"" target=""_blank"">@jjgg25283</a>",22,10,65.451,0.887,6,68,0,2413.6,52.8,0.4,0.1
"<a href=""https://tiktok.com/@khoag079"" target=""_blank"">@khoag079</a>",24,8,65.593,0.952,3,25,0.022,1511.75,67.125,1,0.625
"<a href=""https://tiktok.com/@kimvan.nguyen45"" target=""_blank"">@kimvan.nguyen45</a>",7,4,50.755,0.976,7,49,0,568.75,33.25,0.25,1.25
"<a href=""https://tiktok.com/@maotu367"" target=""_blank"">@maotu367</a>",2,4,62.429,0.833,1,7,0,342.5,17.875,0.125,0
"<a href=""https://tiktok.com/@marianacardosolim5"" target=""_blank"">@marianacardosolim5</a>",7,4,50.935,1,6,44,0,826,63.75,0,2.25
"<a href=""https://tiktok.com/@ncjdkd40"" target=""_blank"">@ncjdkd40</a>",24,6,59.185,0.833,3,33,0,23191.571,242.571,1.571,1.286
"<a href=""https://tiktok.com/@ncnrix"" target=""_blank"">@ncnrix</a>",24,9,63.991,0.81,6,61,0.004,778.556,17.444,0.222,0.222
"<a href=""https://tiktok.com/@nghic94"" target=""_blank"">@nghic94</a>",24,6,58.305,0.929,2,21,0,1417.333,83.833,0.667,0
"<a href=""https://tiktok.com/@nhule.le2"" target=""_blank"">@nhule.le2</a>",7,4,51.388,1,7,50,0,597.75,41.5,0.25,1.75
"<a href=""https://tiktok.com/@o8fvqbutp9"" target=""_blank"">@o8fvqbutp9</a>",24,6,53.385,0.759,8,82,0.016,169681.833,917.333,4,10.333
"<a href=""https://tiktok.com/@octavio.manie"" target=""_blank"">@octavio.manie</a>",6,5,14.125,0.804,2,16,0,800.8,15,0,0.8
"<a href=""https://tiktok.com/@owazof1ax3"" target=""_blank"">@owazof1ax3</a>",24,4,48,1,1,8,0,1033,17,0.25,0
"<a href=""https://tiktok.com/@phuongly.ngo"" target=""_blank"">@phuongly.ngo</a>",7,4,50.649,1,6,44,0,453.25,23.25,0,5.25
"<a href=""https://tiktok.com/@quoc.vu17"" target=""_blank"">@quoc.vu17</a>",6,5,25.5,0.688,2,16,0,652.8,26,0.8,1.6
"<a href=""https://tiktok.com/@rg.rg466"" target=""_blank"">@rg.rg466</a>",6,4,21.714,0.833,2,14,0,571.75,16.75,0,3.5
"<a href=""https://tiktok.com/@saekiryoji"" target=""_blank"">@saekiryoji</a>",6,5,15.875,0.688,2,16,0,18271.8,99,1.2,16.2
"<a href=""https://tiktok.com/@taggsagg"" target=""_blank"">@taggsagg</a>",24,6,69.167,1,3,24,0.019,2073.333,107.667,0.833,0.167
"<a href=""https://tiktok.com/@tedghj1"" target=""_blank"">@tedghj1</a>",24,6,91.875,1,1,8,0,1487.833,97.833,0.833,0.5
"<a href=""https://tiktok.com/@tffyhbji"" target=""_blank"">@tffyhbji</a>",13,3,47.25,0.8,1,8,0,343100.667,13230,12.333,26.667
"<a href=""https://tiktok.com/@thv86256"" target=""_blank"">@thv86256</a>",22,10,46.811,0.933,6,79,0,2074.6,49.2,0.3,0.5
"<a href=""https://tiktok.com/@tsig08"" target=""_blank"">@tsig08</a>",24,8,71.688,1,2,16,0.021,2044.125,111.625,0.5,1.625
"<a href=""https://tiktok.com/@tt88t89"" target=""_blank"">@tt88t89</a>",9,3,52.222,1,2,18,0,6171,267,0.333,4.333
"<a href=""https://tiktok.com/@uojvzvxeq8"" target=""_blank"">@uojvzvxeq8</a>",24,5,62.375,1,2,16,0.004,265.333,5.833,1.5,0
"<a href=""https://tiktok.com/@uorwx3idi4"" target=""_blank"">@uorwx3idi4</a>",10,3,20.444,1,1,9,0,3380.667,70.667,1.667,1
"<a href=""https://tiktok.com/@user3503935132034"" target=""_blank"">@user3503935132034</a>",10,3,20.444,1,1,9,0,1458.667,123.333,1,1
"<a href=""https://tiktok.com/@user40476526924174"" target=""_blank"">@user40476526924174</a>",24,8,46.752,0.853,5,50,0,41054,408.875,3.625,5.625
"<a href=""https://tiktok.com/@user5854351229783"" target=""_blank"">@user5854351229783</a>",25,6,67.667,1,1,9,0,2759.667,93.333,1.167,0.5
"<a href=""https://tiktok.com/@user6023707273611"" target=""_blank"">@user6023707273611</a>",7,4,44,0.944,4,28,0,153.5,1.25,0,0
"<a href=""https://tiktok.com/@user61556848077126"" target=""_blank"">@user61556848077126</a>",27,6,27.5,1,1,8,0,4169.5,91.167,0.167,0.167
"<a href=""https://tiktok.com/@user70562318459968"" target=""_blank"">@user70562318459968</a>",6,5,48.125,0.625,2,16,0,1109,69.8,2.8,2.6
"<a href=""https://tiktok.com/@user7101544247411"" target=""_blank"">@user7101544247411</a>",24,6,77.75,1,1,8,0,1932.833,94.167,1.167,0.667
"<a href=""https://tiktok.com/@user8291813694079"" target=""_blank"">@user8291813694079</a>",21,8,79.25,1,1,8,0,1380.1,88.4,1,0.8
"<a href=""https://tiktok.com/@user8538874296857"" target=""_blank"">@user8538874296857</a>",8,3,54.375,1,1,8,0,693.333,31.333,0,1.667
"<a href=""https://tiktok.com/@user9728699444140"" target=""_blank"">@user9728699444140</a>",8,3,54.375,1,1,8,0,590.667,30.333,0,0
"<a href=""https://tiktok.com/@wss0307"" target=""_blank"">@wss0307</a>",1,9,45.75,0.9,1,12,0,2584.2,137.2,1.067,0.4
"<a href=""https://tiktok.com/@wsss583"" target=""_blank"">@wsss583</a>",7,4,55.163,0.976,7,49,0.001,192.5,6.25,0,0.25
"<a href=""https://tiktok.com/@yhbbechhu"" target=""_blank"">@yhbbechhu</a>",22,9,51.712,0.958,6,72,0,3580.3,67.4,0.5,0.5
"<a href=""https://tiktok.com/@yuukibb1"" target=""_blank"">@yuukibb1</a>",2,5,62.429,0.833,1,7,0,236.667,6,0,0.167
