"Post URL","Network","Author","Timestamp","Number of Accounts","Views","Likes","Comments","Shares","Description"
"<a href=""https://www.tiktok.com/@44686df8/video/7567817359600160031"" target=""_blank"" class=""btn btn-sm"" style=""background-color: #00926c; color: white; text-decoration: none; padding: 2px 8px; border-radius: 4px; font-size: 0.8em;"">View Post</a>",12,"44686df8","2025-11-01 17:56:36",7,317,31,0,0,"The latest condition of the mosquePONPES Al Khoziny Sidoarjo collapsedduring Asr prayer#jtvjember #evakuasi#tsidoarjo #fyp "
"<a href=""https://www.tiktok.com/@ktphsza70915/video/7567817324355423502"" target=""_blank"" class=""btn btn-sm"" style=""background-color: #00926c; color: white; text-decoration: none; padding: 2px 8px; border-radius: 4px; font-size: 0.8em;"">View Post</a>",12,"ktphsza70915","2025-11-01 17:56:30",7,394,23,0,0,"The latest condition of the mosquePONPES Al Khoziny Sidoarjo collapsedduring Asr prayer#jtvjember #evakuasi#tsidoarjo #fyp "
"<a href=""https://www.tiktok.com/@a1a8647b/video/7567817138078043405"" target=""_blank"" class=""btn btn-sm"" style=""background-color: #00926c; color: white; text-decoration: none; padding: 2px 8px; border-radius: 4px; font-size: 0.8em;"">View Post</a>",12,"a1a8647b","2025-11-01 17:55:48",7,19,1,0,0,"The latest condition of the mosquePONPES Al Khoziny Sidoarjo collapsedduring Asr prayer#jtvjember #evakuasi#tsidoarjo #fyp "
"<a href=""https://www.tiktok.com/@shokercoheafl/video/7567817095723896119"" target=""_blank"" class=""btn btn-sm"" style=""background-color: #00926c; color: white; text-decoration: none; padding: 2px 8px; border-radius: 4px; font-size: 0.8em;"">View Post</a>",12,"shokercoheafl","2025-11-01 17:55:39",7,13,0,0,0,"The latest condition of the mosquePONPES Al Khoziny Sidoarjo collapsedduring Asr prayer#jtvjember #evakuasi#tsidoarjo #fyp "
"<a href=""https://www.tiktok.com/@shokercoheafl/video/7567817056129699085"" target=""_blank"" class=""btn btn-sm"" style=""background-color: #00926c; color: white; text-decoration: none; padding: 2px 8px; border-radius: 4px; font-size: 0.8em;"">View Post</a>",12,"shokercoheafl","2025-11-01 17:55:26",7,12,0,0,0,"The latest condition of the mosquePONPES Al Khoziny Sidoarjo collapsedduring Asr prayer#jtvjember #evakuasi#tsidoarjo #fyp "
"<a href=""https://www.tiktok.com/@ktphsza70915/video/7567817041281961229"" target=""_blank"" class=""btn btn-sm"" style=""background-color: #00926c; color: white; text-decoration: none; padding: 2px 8px; border-radius: 4px; font-size: 0.8em;"">View Post</a>",12,"ktphsza70915","2025-11-01 17:55:26",7,4182,134,1,4,"The latest condition of the mosquePONPES Al Khoziny Sidoarjo collapsedduring Asr prayer#jtvjember #evakuasi#tsidoarjo #fyp "
"<a href=""https://www.tiktok.com/@a1a8647b/video/7567816989456993591"" target=""_blank"" class=""btn btn-sm"" style=""background-color: #00926c; color: white; text-decoration: none; padding: 2px 8px; border-radius: 4px; font-size: 0.8em;"">View Post</a>",12,"a1a8647b","2025-11-01 17:55:10",7,330,26,1,0,"The latest condition of the mosquePONPES Al Khoziny Sidoarjo collapsedduring Asr prayer#jtvjember #evakuasi#tsidoarjo #fyp "
"<a href=""https://www.tiktok.com/@rqurwghch7/video/7567816961766296862"" target=""_blank"" class=""btn btn-sm"" style=""background-color: #00926c; color: white; text-decoration: none; padding: 2px 8px; border-radius: 4px; font-size: 0.8em;"">View Post</a>",12,"rqurwghch7","2025-11-01 17:55:03",7,5,0,0,0,"The latest condition of the mosquePONPES Al Khoziny Sidoarjo collapsedduring Asr prayer#jtvjember #evakuasi#tsidoarjo #fyp "
"<a href=""https://www.tiktok.com/@44686df8/video/7567816880824651038"" target=""_blank"" class=""btn btn-sm"" style=""background-color: #00926c; color: white; text-decoration: none; padding: 2px 8px; border-radius: 4px; font-size: 0.8em;"">View Post</a>",12,"44686df8","2025-11-01 17:54:44",7,3,0,0,0,"The latest condition of the mosquePONPES Al Khoziny Sidoarjo collapsedduring Asr prayer#jtvjember #evakuasi#tsidoarjo #fyp "
"<a href=""https://www.tiktok.com/@ktphsza70915/video/7567816718190447885"" target=""_blank"" class=""btn btn-sm"" style=""background-color: #00926c; color: white; text-decoration: none; padding: 2px 8px; border-radius: 4px; font-size: 0.8em;"">View Post</a>",12,"ktphsza70915","2025-11-01 17:54:09",7,5314,501,3,3,"The latest condition of the mosquePONPES Al Khoziny Sidoarjo collapsedduring Asr prayer#jtvjember #evakuasi#tsidoarjo #fyp "
"<a href=""https://www.tiktok.com/@rqurwghch7/video/7567816672611011871"" target=""_blank"" class=""btn btn-sm"" style=""background-color: #00926c; color: white; text-decoration: none; padding: 2px 8px; border-radius: 4px; font-size: 0.8em;"">View Post</a>",12,"rqurwghch7","2025-11-01 17:53:56",7,393,44,1,0,"The latest condition of the mosquePONPES Al Khoziny Sidoarjo collapsedduring Asr prayer#jtvjember #evakuasi#tsidoarjo #fyp "
"<a href=""https://www.tiktok.com/@a1a8647b/video/7567816586124430647"" target=""_blank"" class=""btn btn-sm"" style=""background-color: #00926c; color: white; text-decoration: none; padding: 2px 8px; border-radius: 4px; font-size: 0.8em;"">View Post</a>",12,"a1a8647b","2025-11-01 17:53:39",7,745,27,2,6,"The latest condition of the mosquePONPES Al Khoziny Sidoarjo collapsedduring Asr prayer#jtvjember #evakuasi#tsidoarjo #fyp "
"<a href=""https://www.tiktok.com/@shokercoheafl/video/7567816552767049015"" target=""_blank"" class=""btn btn-sm"" style=""background-color: #00926c; color: white; text-decoration: none; padding: 2px 8px; border-radius: 4px; font-size: 0.8em;"">View Post</a>",12,"shokercoheafl","2025-11-01 17:53:30",7,429,17,0,0,"The latest condition of the mosquePONPES Al Khoziny Sidoarjo collapsedduring Asr prayer#jtvjember #evakuasi#tsidoarjo #fyp "
"<a href=""https://www.tiktok.com/@44686df8/video/7567816224046861598"" target=""_blank"" class=""btn btn-sm"" style=""background-color: #00926c; color: white; text-decoration: none; padding: 2px 8px; border-radius: 4px; font-size: 0.8em;"">View Post</a>",12,"44686df8","2025-11-01 17:52:11",7,289,16,0,0,"The latest condition of the mosquePONPES Al Khoziny Sidoarjo collapsedduring Asr prayer#jtvjember #evakuasi#tsidoarjo #fyp "
"<a href=""https://www.tiktok.com/@kpahq6110/video/7567815421487779102"" target=""_blank"" class=""btn btn-sm"" style=""background-color: #00926c; color: white; text-decoration: none; padding: 2px 8px; border-radius: 4px; font-size: 0.8em;"">View Post</a>",13,"kpahq6110","2025-11-01 17:49:05",7,441,52,1,1,"The latest condition of the mosquePONPES Al Khoziny Sidoarjo collapsedduring Asr prayer#jtvjember #evakuasi#tsidoarjo #fyp "
"<a href=""https://www.tiktok.com/@zykfh8324/video/7567815187164581175"" target=""_blank"" class=""btn btn-sm"" style=""background-color: #00926c; color: white; text-decoration: none; padding: 2px 8px; border-radius: 4px; font-size: 0.8em;"">View Post</a>",13,"zykfh8324","2025-11-01 17:48:11",7,955,13,5,1,"The latest condition of the mosquePONPES Al Khoziny Sidoarjo collapsedduring Asr prayer#jtvjember #evakuasi#tsidoarjo #fyp "
"<a href=""https://www.tiktok.com/@zykfh8324/video/7567815175634455822"" target=""_blank"" class=""btn btn-sm"" style=""background-color: #00926c; color: white; text-decoration: none; padding: 2px 8px; border-radius: 4px; font-size: 0.8em;"">View Post</a>",13,"zykfh8324","2025-11-01 17:48:09",7,515,29,0,8,"The latest condition of the mosquePONPES Al Khoziny Sidoarjo collapsedduring Asr prayer#jtvjember #evakuasi#tsidoarjo #fyp "
"<a href=""https://www.tiktok.com/@kpahq6110/video/7567815172933291295"" target=""_blank"" class=""btn btn-sm"" style=""background-color: #00926c; color: white; text-decoration: none; padding: 2px 8px; border-radius: 4px; font-size: 0.8em;"">View Post</a>",13,"kpahq6110","2025-11-01 17:48:03",7,572,49,1,2,"The latest condition of the mosquePONPES Al Khoziny Sidoarjo collapsedduring Asr prayer#jtvjember #evakuasi#tsidoarjo #fyp "
"<a href=""https://www.tiktok.com/@kpahq6110/video/7567814961980771615"" target=""_blank"" class=""btn btn-sm"" style=""background-color: #00926c; color: white; text-decoration: none; padding: 2px 8px; border-radius: 4px; font-size: 0.8em;"">View Post</a>",13,"kpahq6110","2025-11-01 17:47:16",7,304,10,0,7,"The latest condition of the mosquePONPES Al Khoziny Sidoarjo collapsedduring Asr prayer#jtvjember #evakuasi#tsidoarjo #fyp "
"<a href=""https://www.tiktok.com/@zykfh8324/video/7567814957023104270"" target=""_blank"" class=""btn btn-sm"" style=""background-color: #00926c; color: white; text-decoration: none; padding: 2px 8px; border-radius: 4px; font-size: 0.8em;"">View Post</a>",13,"zykfh8324","2025-11-01 17:47:18",7,328,11,0,0,"The latest condition of the mosquePONPES Al Khoziny Sidoarjo collapsedduring Asr prayer#jtvjember #evakuasi#tsidoarjo #fyp "
"<a href=""https://www.tiktok.com/@supq4224048/video/7567814858427616543"" target=""_blank"" class=""btn btn-sm"" style=""background-color: #00926c; color: white; text-decoration: none; padding: 2px 8px; border-radius: 4px; font-size: 0.8em;"">View Post</a>",12,"supq4224048","2025-11-01 17:46:52",7,908,95,0,0,"The latest condition of the mosquePONPES Al Khoziny Sidoarjo collapsedduring Asr prayer#jtvjember #evakuasi#tsidoarjo #fyp "
"<a href=""https://www.tiktok.com/@neidapilnyp8/video/7567814519779626295"" target=""_blank"" class=""btn btn-sm"" style=""background-color: #00926c; color: white; text-decoration: none; padding: 2px 8px; border-radius: 4px; font-size: 0.8em;"">View Post</a>",12,"neidapilnyp8","2025-11-01 17:45:38",7,1210,70,0,4,"The latest condition of the mosquePONPES Al Khoziny Sidoarjo collapsedduring Asr prayer#jtvjember #evakuasi#tsidoarjo #fyp "
"<a href=""https://www.tiktok.com/@b6eecbe1/video/7567814475684842765"" target=""_blank"" class=""btn btn-sm"" style=""background-color: #00926c; color: white; text-decoration: none; padding: 2px 8px; border-radius: 4px; font-size: 0.8em;"">View Post</a>",12,"b6eecbe1","2025-11-01 17:45:29",7,503,63,7,2,"The latest condition of the mosquePONPES Al Khoziny Sidoarjo collapsedduring Asr prayer#jtvjember #evakuasi#tsidoarjo #fyp "
"<a href=""https://www.tiktok.com/@b6eecbe1/video/7567814452163267853"" target=""_blank"" class=""btn btn-sm"" style=""background-color: #00926c; color: white; text-decoration: none; padding: 2px 8px; border-radius: 4px; font-size: 0.8em;"">View Post</a>",12,"b6eecbe1","2025-11-01 17:45:25",7,1229,75,1,1,"The latest condition of the mosquePONPES Al Khoziny Sidoarjo collapsedduring Asr prayer#jtvjember #evakuasi#tsidoarjo #fyp "
"<a href=""https://www.tiktok.com/@supq4224048/video/7567814435012742431"" target=""_blank"" class=""btn btn-sm"" style=""background-color: #00926c; color: white; text-decoration: none; padding: 2px 8px; border-radius: 4px; font-size: 0.8em;"">View Post</a>",12,"supq4224048","2025-11-01 17:45:14",7,1079,141,0,0,"The latest condition of the mosquePONPES Al Khoziny Sidoarjo collapsedduring Asr prayer#jtvjember #evakuasi#tsidoarjo #fyp "
"<a href=""https://www.tiktok.com/@uoukjuh9462/video/7567814432584224031"" target=""_blank"" class=""btn btn-sm"" style=""background-color: #00926c; color: white; text-decoration: none; padding: 2px 8px; border-radius: 4px; font-size: 0.8em;"">View Post</a>",12,"uoukjuh9462","2025-11-01 17:45:15",7,5265,281,0,4,"The latest condition of the mosquePONPES Al Khoziny Sidoarjo collapsedduring Asr prayer#jtvjember #evakuasi#tsidoarjo #fyp "
"<a href=""https://www.tiktok.com/@neidapilnyp8/video/7567814145769245965"" target=""_blank"" class=""btn btn-sm"" style=""background-color: #00926c; color: white; text-decoration: none; padding: 2px 8px; border-radius: 4px; font-size: 0.8em;"">View Post</a>",12,"neidapilnyp8","2025-11-01 17:44:12",7,353,25,0,0,"The latest condition of the mosquePONPES Al Khoziny Sidoarjo collapsedduring Asr prayer#jtvjember #evakuasi#tsidoarjo #fyp "
"<a href=""https://www.tiktok.com/@uoukjuh9462/video/7567814140962622751"" target=""_blank"" class=""btn btn-sm"" style=""background-color: #00926c; color: white; text-decoration: none; padding: 2px 8px; border-radius: 4px; font-size: 0.8em;"">View Post</a>",12,"uoukjuh9462","2025-11-01 17:44:07",7,10921,663,19,55,"The latest condition of the mosquePONPES Al Khoziny Sidoarjo collapsedduring Asr prayer#jtvjember #evakuasi#tsidoarjo #fyp "
"<a href=""https://www.tiktok.com/@uoukjuh9462/video/7567814020892249374"" target=""_blank"" class=""btn btn-sm"" style=""background-color: #00926c; color: white; text-decoration: none; padding: 2px 8px; border-radius: 4px; font-size: 0.8em;"">View Post</a>",12,"uoukjuh9462","2025-11-01 17:43:37",7,4439,321,4,7,"The latest condition of the mosquePONPES Al Khoziny Sidoarjo collapsedduring Asr prayer#jtvjember #evakuasi#tsidoarjo #fyp "
"<a href=""https://www.tiktok.com/@supq4224048/video/7567814016463146270"" target=""_blank"" class=""btn btn-sm"" style=""background-color: #00926c; color: white; text-decoration: none; padding: 2px 8px; border-radius: 4px; font-size: 0.8em;"">View Post</a>",12,"supq4224048","2025-11-01 17:43:38",7,1025,78,0,2,"The latest condition of the mosquePONPES Al Khoziny Sidoarjo collapsedduring Asr prayer#jtvjember #evakuasi#tsidoarjo #fyp "
"<a href=""https://www.tiktok.com/@b6eecbe1/video/7567813807293140237"" target=""_blank"" class=""btn btn-sm"" style=""background-color: #00926c; color: white; text-decoration: none; padding: 2px 8px; border-radius: 4px; font-size: 0.8em;"">View Post</a>",12,"b6eecbe1","2025-11-01 17:42:48",7,2091,150,2,4,"The latest condition of the mosquePONPES Al Khoziny Sidoarjo collapsedduring Asr prayer#jtvjember #evakuasi#tsidoarjo #fyp "
"<a href=""https://www.tiktok.com/@neidapilnyp8/video/7567813781418528055"" target=""_blank"" class=""btn btn-sm"" style=""background-color: #00926c; color: white; text-decoration: none; padding: 2px 8px; border-radius: 4px; font-size: 0.8em;"">View Post</a>",12,"neidapilnyp8","2025-11-01 17:42:48",7,1447,73,0,0,"The latest condition of the mosquePONPES Al Khoziny Sidoarjo collapsedduring Asr prayer#jtvjember #evakuasi#tsidoarjo #fyp "
"<a href=""https://www.tiktok.com/@neidapilnyp8/video/7567433040889171213"" target=""_blank"" class=""btn btn-sm"" style=""background-color: #00926c; color: white; text-decoration: none; padding: 2px 8px; border-radius: 4px; font-size: 0.8em;"">View Post</a>",12,"neidapilnyp8","2025-10-31 17:05:35",7,420,30,0,0,"The latest condition of the mosquePONPES Al Khoziny Sidoarjo collapsedduring Asr prayer#jtvjember #evakuasi#tsidoarjo #fyp "
"<a href=""https://www.tiktok.com/@rqurwghch7/video/7567432742296669470"" target=""_blank"" class=""btn btn-sm"" style=""background-color: #00926c; color: white; text-decoration: none; padding: 2px 8px; border-radius: 4px; font-size: 0.8em;"">View Post</a>",12,"rqurwghch7","2025-10-31 17:04:18",7,320,7,0,0,"The latest condition of the mosquePONPES Al Khoziny Sidoarjo collapsedduring Asr prayer#jtvjember #evakuasi#tsidoarjo #fyp "
"<a href=""https://www.tiktok.com/@44686df8/video/7567432641998261534"" target=""_blank"" class=""btn btn-sm"" style=""background-color: #00926c; color: white; text-decoration: none; padding: 2px 8px; border-radius: 4px; font-size: 0.8em;"">View Post</a>",12,"44686df8","2025-10-31 17:03:49",7,923,137,0,0,"The latest condition of the mosquePONPES Al Khoziny Sidoarjo collapsedduring Asr prayer#jtvjember #evakuasi#tsidoarjo #fyp "
"<a href=""https://www.tiktok.com/@uoukjuh9462/video/7567432477145320734"" target=""_blank"" class=""btn btn-sm"" style=""background-color: #00926c; color: white; text-decoration: none; padding: 2px 8px; border-radius: 4px; font-size: 0.8em;"">View Post</a>",12,"uoukjuh9462","2025-10-31 17:03:15",7,5103,387,0,5,"The latest condition of the mosquePONPES Al Khoziny Sidoarjo collapsedduring Asr prayer#jtvjember #evakuasi#tsidoarjo #fyp "
"<a href=""https://www.tiktok.com/@44686df8/video/7567432410120326431"" target=""_blank"" class=""btn btn-sm"" style=""background-color: #00926c; color: white; text-decoration: none; padding: 2px 8px; border-radius: 4px; font-size: 0.8em;"">View Post</a>",12,"44686df8","2025-10-31 17:02:58",7,51,5,0,1,"The latest condition of the mosquePONPES Al Khoziny Sidoarjo collapsedduring Asr prayer#jtvjember #evakuasi#tsidoarjo #fyp "
"<a href=""https://www.tiktok.com/@rqurwghch7/video/7567432162883013918"" target=""_blank"" class=""btn btn-sm"" style=""background-color: #00926c; color: white; text-decoration: none; padding: 2px 8px; border-radius: 4px; font-size: 0.8em;"">View Post</a>",12,"rqurwghch7","2025-10-31 17:02:02",7,433,18,1,0,"The latest condition of the mosquePONPES Al Khoziny Sidoarjo collapsedduring Asr prayer#jtvjember #evakuasi#tsidoarjo #fyp "
"<a href=""https://www.tiktok.com/@b6eecbe1/video/7567432140317658381"" target=""_blank"" class=""btn btn-sm"" style=""background-color: #00926c; color: white; text-decoration: none; padding: 2px 8px; border-radius: 4px; font-size: 0.8em;"">View Post</a>",12,"b6eecbe1","2025-10-31 17:02:19",7,403,35,0,0,"The latest condition of the mosquePONPES Al Khoziny Sidoarjo collapsedduring Asr prayer#jtvjember #evakuasi#tsidoarjo #fyp "
"<a href=""https://www.tiktok.com/@b6eecbe1/video/7567432114770119991"" target=""_blank"" class=""btn btn-sm"" style=""background-color: #00926c; color: white; text-decoration: none; padding: 2px 8px; border-radius: 4px; font-size: 0.8em;"">View Post</a>",12,"b6eecbe1","2025-10-31 17:02:14",7,418,54,1,0,"The latest condition of the mosquePONPES Al Khoziny Sidoarjo collapsedduring Asr prayer#jtvjember #evakuasi#tsidoarjo #fyp "
"<a href=""https://www.tiktok.com/@ktphsza70915/video/7567431921878191415"" target=""_blank"" class=""btn btn-sm"" style=""background-color: #00926c; color: white; text-decoration: none; padding: 2px 8px; border-radius: 4px; font-size: 0.8em;"">View Post</a>",12,"ktphsza70915","2025-10-31 17:01:23",7,2910,188,0,1,"The latest condition of the mosquePONPES Al Khoziny Sidoarjo collapsedduring Asr prayer#jtvjember #evakuasi#tsidoarjo #fyp "
"<a href=""https://www.tiktok.com/@44686df8/video/7567431915049913631"" target=""_blank"" class=""btn btn-sm"" style=""background-color: #00926c; color: white; text-decoration: none; padding: 2px 8px; border-radius: 4px; font-size: 0.8em;"">View Post</a>",12,"44686df8","2025-10-31 17:01:01",7,643,46,0,0,"The latest condition of the mosquePONPES Al Khoziny Sidoarjo collapsedduring Asr prayer#jtvjember #evakuasi#tsidoarjo #fyp "
"<a href=""https://www.tiktok.com/@ktphsza70915/video/7567431883240279351"" target=""_blank"" class=""btn btn-sm"" style=""background-color: #00926c; color: white; text-decoration: none; padding: 2px 8px; border-radius: 4px; font-size: 0.8em;"">View Post</a>",12,"ktphsza70915","2025-10-31 17:01:06",7,373,26,0,0,"The latest condition of the mosquePONPES Al Khoziny Sidoarjo collapsedduring Asr prayer#jtvjember #evakuasi#tsidoarjo #fyp "
"<a href=""https://www.tiktok.com/@supq4224048/video/7567431855067106591"" target=""_blank"" class=""btn btn-sm"" style=""background-color: #00926c; color: white; text-decoration: none; padding: 2px 8px; border-radius: 4px; font-size: 0.8em;"">View Post</a>",12,"supq4224048","2025-10-31 17:00:51",7,640,109,0,0,"The latest condition of the mosquePONPES Al Khoziny Sidoarjo collapsedduring Asr prayer#jtvjember #evakuasi#tsidoarjo #fyp "
"<a href=""https://www.tiktok.com/@supq4224048/video/7567431774666624286"" target=""_blank"" class=""btn btn-sm"" style=""background-color: #00926c; color: white; text-decoration: none; padding: 2px 8px; border-radius: 4px; font-size: 0.8em;"">View Post</a>",12,"supq4224048","2025-10-31 17:00:34",7,376,18,0,0,"The latest condition of the mosquePONPES Al Khoziny Sidoarjo collapsedduring Asr prayer#jtvjember #evakuasi#tsidoarjo #fyp "
"<a href=""https://www.tiktok.com/@uoukjuh9462/video/7567431736754294047"" target=""_blank"" class=""btn btn-sm"" style=""background-color: #00926c; color: white; text-decoration: none; padding: 2px 8px; border-radius: 4px; font-size: 0.8em;"">View Post</a>",12,"uoukjuh9462","2025-10-31 17:00:18",7,1013,135,0,0,"The latest condition of the mosquePONPES Al Khoziny Sidoarjo collapsedduring Asr prayer#jtvjember #evakuasi#tsidoarjo #fyp "
"<a href=""https://www.tiktok.com/@neidapilnyp8/video/7567431659612572942"" target=""_blank"" class=""btn btn-sm"" style=""background-color: #00926c; color: white; text-decoration: none; padding: 2px 8px; border-radius: 4px; font-size: 0.8em;"">View Post</a>",12,"neidapilnyp8","2025-10-31 17:00:28",7,496,52,0,1,"The latest condition of the mosquePONPES Al Khoziny Sidoarjo collapsedduring Asr prayer#jtvjember #evakuasi#tsidoarjo #fyp "
"<a href=""https://www.tiktok.com/@b6eecbe1/video/7567431592885407031"" target=""_blank"" class=""btn btn-sm"" style=""background-color: #00926c; color: white; text-decoration: none; padding: 2px 8px; border-radius: 4px; font-size: 0.8em;"">View Post</a>",12,"b6eecbe1","2025-10-31 17:00:03",7,1197,54,0,0,"The latest condition of the mosquePONPES Al Khoziny Sidoarjo collapsedduring Asr prayer#jtvjember #evakuasi#tsidoarjo #fyp "
"<a href=""https://www.tiktok.com/@uoukjuh9462/video/7567431529266253086"" target=""_blank"" class=""btn btn-sm"" style=""background-color: #00926c; color: white; text-decoration: none; padding: 2px 8px; border-radius: 4px; font-size: 0.8em;"">View Post</a>",12,"uoukjuh9462","2025-10-31 16:59:40",7,883,108,0,0,"The latest condition of the mosquePONPES Al Khoziny Sidoarjo collapsedduring Asr prayer#jtvjember #evakuasi#tsidoarjo #fyp "
"<a href=""https://www.tiktok.com/@neidapilnyp8/video/7567431435192225079"" target=""_blank"" class=""btn btn-sm"" style=""background-color: #00926c; color: white; text-decoration: none; padding: 2px 8px; border-radius: 4px; font-size: 0.8em;"">View Post</a>",12,"neidapilnyp8","2025-10-31 16:59:32",7,1081,45,0,0,"The latest condition of the mosquePONPES Al Khoziny Sidoarjo collapsedduring Asr prayer#jtvjember #evakuasi#tsidoarjo #fyp "
"<a href=""https://www.tiktok.com/@rqurwghch7/video/7567430784756321567"" target=""_blank"" class=""btn btn-sm"" style=""background-color: #00926c; color: white; text-decoration: none; padding: 2px 8px; border-radius: 4px; font-size: 0.8em;"">View Post</a>",12,"rqurwghch7","2025-10-31 16:56:41",7,309,26,0,0,"The latest condition of the mosquePONPES Al Khoziny Sidoarjo collapsedduring Asr prayer#jtvjember #evakuasi#tsidoarjo #fyp "
"<a href=""https://www.tiktok.com/@ktphsza70915/video/7567430746818874638"" target=""_blank"" class=""btn btn-sm"" style=""background-color: #00926c; color: white; text-decoration: none; padding: 2px 8px; border-radius: 4px; font-size: 0.8em;"">View Post</a>",12,"ktphsza70915","2025-10-31 16:56:49",7,329,17,0,0,"The latest condition of the mosquePONPES Al Khoziny Sidoarjo collapsedduring Asr prayer#jtvjember #evakuasi#tsidoarjo #fyp "
"<a href=""https://www.tiktok.com/@shokercoheafl/video/7567270801414655246"" target=""_blank"" class=""btn btn-sm"" style=""background-color: #00926c; color: white; text-decoration: none; padding: 2px 8px; border-radius: 4px; font-size: 0.8em;"">View Post</a>",12,"shokercoheafl","2025-10-31 06:37:07",7,700,31,1,0,"The latest condition of the mosquePONPES Al Khoziny Sidoarjo collapsedduring Asr prayer#jtvjember #evakuasi#tsidoarjo #fyp "
"<a href=""https://www.tiktok.com/@kpahq6110/video/7567270450401725727"" target=""_blank"" class=""btn btn-sm"" style=""background-color: #00926c; color: white; text-decoration: none; padding: 2px 8px; border-radius: 4px; font-size: 0.8em;"">View Post</a>",13,"kpahq6110","2025-10-31 06:34:58",7,877,23,0,0,"The latest condition of the mosquePONPES Al Khoziny Sidoarjo collapsedduring Asr prayer#jtvjember #evakuasi#tsidoarjo #fyp "
"<a href=""https://www.tiktok.com/@kpahq6110/video/7567270447272742175"" target=""_blank"" class=""btn btn-sm"" style=""background-color: #00926c; color: white; text-decoration: none; padding: 2px 8px; border-radius: 4px; font-size: 0.8em;"">View Post</a>",13,"kpahq6110","2025-10-31 06:34:59",7,298,10,0,0,"The latest condition of the mosquePONPES Al Khoziny Sidoarjo collapsedduring Asr prayer#jtvjember #evakuasi#tsidoarjo #fyp "
"<a href=""https://www.tiktok.com/@zykfh8324/video/7567270173078555917"" target=""_blank"" class=""btn btn-sm"" style=""background-color: #00926c; color: white; text-decoration: none; padding: 2px 8px; border-radius: 4px; font-size: 0.8em;"">View Post</a>",13,"zykfh8324","2025-10-31 06:34:42",7,1487,55,1,1,"The latest condition of the mosquePONPES Al Khoziny Sidoarjo collapsedduring Asr prayer#jtvjember #evakuasi#tsidoarjo #fyp "
"<a href=""https://www.tiktok.com/@a1a8647b/video/7567270164719242510"" target=""_blank"" class=""btn btn-sm"" style=""background-color: #00926c; color: white; text-decoration: none; padding: 2px 8px; border-radius: 4px; font-size: 0.8em;"">View Post</a>",12,"a1a8647b","2025-10-31 06:34:08",7,346,22,0,0,"The latest condition of the mosquePONPES Al Khoziny Sidoarjo collapsedduring Asr prayer#jtvjember #evakuasi#tsidoarjo #fyp "
"<a href=""https://www.tiktok.com/@a1a8647b/video/7567270145119227150"" target=""_blank"" class=""btn btn-sm"" style=""background-color: #00926c; color: white; text-decoration: none; padding: 2px 8px; border-radius: 4px; font-size: 0.8em;"">View Post</a>",12,"a1a8647b","2025-10-31 06:34:07",7,325,11,0,0,"The latest condition of the mosquePONPES Al Khoziny Sidoarjo collapsedduring Asr prayer#jtvjember #evakuasi#tsidoarjo #fyp "
"<a href=""https://www.tiktok.com/@zykfh8324/video/7567270132951665933"" target=""_blank"" class=""btn btn-sm"" style=""background-color: #00926c; color: white; text-decoration: none; padding: 2px 8px; border-radius: 4px; font-size: 0.8em;"">View Post</a>",13,"zykfh8324","2025-10-31 06:34:23",7,1120,53,2,0,"The latest condition of the mosquePONPES Al Khoziny Sidoarjo collapsedduring Asr prayer#jtvjember #evakuasi#tsidoarjo #fyp "
"<a href=""https://www.tiktok.com/@shokercoheafl/video/7567269553500130615"" target=""_blank"" class=""btn btn-sm"" style=""background-color: #00926c; color: white; text-decoration: none; padding: 2px 8px; border-radius: 4px; font-size: 0.8em;"">View Post</a>",12,"shokercoheafl","2025-10-31 06:32:03",7,324,9,0,0,"The latest condition of the mosquePONPES Al Khoziny Sidoarjo collapsedduring Asr prayer#jtvjember #evakuasi#tsidoarjo #fyp "
"<a href=""https://www.tiktok.com/@zykfh8324/video/7567269500345683214"" target=""_blank"" class=""btn btn-sm"" style=""background-color: #00926c; color: white; text-decoration: none; padding: 2px 8px; border-radius: 4px; font-size: 0.8em;"">View Post</a>",13,"zykfh8324","2025-10-31 06:31:52",7,733,14,1,0,"The latest condition of the mosquePONPES Al Khoziny Sidoarjo collapsedduring Asr prayer#jtvjember #evakuasi#tsidoarjo #fyp "
"<a href=""https://www.tiktok.com/@kpahq6110/video/7567269369164696862"" target=""_blank"" class=""btn btn-sm"" style=""background-color: #00926c; color: white; text-decoration: none; padding: 2px 8px; border-radius: 4px; font-size: 0.8em;"">View Post</a>",13,"kpahq6110","2025-10-31 06:30:52",7,336,11,0,0,"The latest condition of the mosquePONPES Al Khoziny Sidoarjo collapsedduring Asr prayer#jtvjember #evakuasi#tsidoarjo #fyp "
"<a href=""https://www.tiktok.com/@a1a8647b/video/7567269324877057335"" target=""_blank"" class=""btn btn-sm"" style=""background-color: #00926c; color: white; text-decoration: none; padding: 2px 8px; border-radius: 4px; font-size: 0.8em;"">View Post</a>",12,"a1a8647b","2025-10-31 06:31:00",7,556,13,0,0,"The latest condition of the mosquePONPES Al Khoziny Sidoarjo collapsedduring Asr prayer#jtvjember #evakuasi#tsidoarjo #fyp "
"<a href=""https://www.tiktok.com/@shokercoheafl/video/7567269306233343246"" target=""_blank"" class=""btn btn-sm"" style=""background-color: #00926c; color: white; text-decoration: none; padding: 2px 8px; border-radius: 4px; font-size: 0.8em;"">View Post</a>",12,"shokercoheafl","2025-10-31 06:31:14",7,308,10,0,0,"The latest condition of the mosquePONPES Al Khoziny Sidoarjo collapsedduring Asr prayer#jtvjember #evakuasi#tsidoarjo #fyp "
"<a href=""https://www.tiktok.com/@zx00nvyez5/video/7567810938217270559"" target=""_blank"" class=""btn btn-sm"" style=""background-color: #00926c; color: white; text-decoration: none; padding: 2px 8px; border-radius: 4px; font-size: 0.8em;"">View Post</a>",1,"zx00nvyez5","2025-11-01 17:31:42",6,355,4,0,0,"Bad Bunny will be a performer at the 2026 Super Bowl LX Halftime Show on Apple Music. #news #badbunny #superbowl #noticiastiktok #MLB"
"<a href=""https://www.tiktok.com/@etyx9fckx1/video/7567810924703206669"" target=""_blank"" class=""btn btn-sm"" style=""background-color: #00926c; color: white; text-decoration: none; padding: 2px 8px; border-radius: 4px; font-size: 0.8em;"">View Post</a>",1,"etyx9fckx1","2025-11-01 17:31:41",6,4664,320,0,0,"Bad Bunny will be a performer at the 2026 Super Bowl LX Halftime Show on Apple Music. #news #badbunny #superbowl #noticiastiktok #MLB"
"<a href=""https://www.tiktok.com/@etyx9fckx1/video/7567810688324734263"" target=""_blank"" class=""btn btn-sm"" style=""background-color: #00926c; color: white; text-decoration: none; padding: 2px 8px; border-radius: 4px; font-size: 0.8em;"">View Post</a>",1,"etyx9fckx1","2025-11-01 17:30:44",6,5,0,0,0,"Bad Bunny will be a performer at the 2026 Super Bowl LX Halftime Show on Apple Music. #news #badbunny #superbowl #noticiastiktok #MLB"
"<a href=""https://www.tiktok.com/@qkzwa5yy09/video/7567810621039725854"" target=""_blank"" class=""btn btn-sm"" style=""background-color: #00926c; color: white; text-decoration: none; padding: 2px 8px; border-radius: 4px; font-size: 0.8em;"">View Post</a>",1,"qkzwa5yy09","2025-11-01 17:30:27",6,946,31,1,0,"Bad Bunny will be a performer at the 2026 Super Bowl LX Halftime Show on Apple Music. #news #badbunny #superbowl #noticiastiktok #MLB"
"<a href=""https://www.tiktok.com/@vpdgaoduv8/video/7567810581932018957"" target=""_blank"" class=""btn btn-sm"" style=""background-color: #00926c; color: white; text-decoration: none; padding: 2px 8px; border-radius: 4px; font-size: 0.8em;"">View Post</a>",1,"vpdgaoduv8","2025-11-01 17:30:20",6,926,42,1,1,"Bad Bunny will be a performer at the 2026 Super Bowl LX Halftime Show on Apple Music. #news #badbunny #superbowl #noticiastiktok #MLB"
"<a href=""https://www.tiktok.com/@qkzwa5yy09/video/7567810430194814238"" target=""_blank"" class=""btn btn-sm"" style=""background-color: #00926c; color: white; text-decoration: none; padding: 2px 8px; border-radius: 4px; font-size: 0.8em;"">View Post</a>",1,"qkzwa5yy09","2025-11-01 17:29:45",6,618,22,0,0,"Bad Bunny will be a performer at the 2026 Super Bowl LX Halftime Show on Apple Music. #news #badbunny #superbowl #noticiastiktok #MLB"
"<a href=""https://www.tiktok.com/@etyx9fckx1/video/7567810378239986958"" target=""_blank"" class=""btn btn-sm"" style=""background-color: #00926c; color: white; text-decoration: none; padding: 2px 8px; border-radius: 4px; font-size: 0.8em;"">View Post</a>",1,"etyx9fckx1","2025-11-01 17:29:34",6,891,18,0,0,"Bad Bunny will be a performer at the 2026 Super Bowl LX Halftime Show on Apple Music. #news #badbunny #superbowl #noticiastiktok #MLB"
"<a href=""https://www.tiktok.com/@vpdgaoduv8/video/7567810374456659213"" target=""_blank"" class=""btn btn-sm"" style=""background-color: #00926c; color: white; text-decoration: none; padding: 2px 8px; border-radius: 4px; font-size: 0.8em;"">View Post</a>",1,"vpdgaoduv8","2025-11-01 17:29:33",6,33,0,0,0,"Bad Bunny will be a performer at the 2026 Super Bowl LX Halftime Show on Apple Music. #news #badbunny #superbowl #noticiastiktok #MLB"
"<a href=""https://www.tiktok.com/@qkzwa5yy09/video/7567810357830421790"" target=""_blank"" class=""btn btn-sm"" style=""background-color: #00926c; color: white; text-decoration: none; padding: 2px 8px; border-radius: 4px; font-size: 0.8em;"">View Post</a>",1,"qkzwa5yy09","2025-11-01 17:29:24",6,6,0,0,0,"Bad Bunny will be a performer at the 2026 Super Bowl LX Halftime Show on Apple Music. #news #badbunny #superbowl #noticiastiktok #MLB"
"<a href=""https://www.tiktok.com/@vpdgaoduv8/video/7567810258559651085"" target=""_blank"" class=""btn btn-sm"" style=""background-color: #00926c; color: white; text-decoration: none; padding: 2px 8px; border-radius: 4px; font-size: 0.8em;"">View Post</a>",1,"vpdgaoduv8","2025-11-01 17:29:08",6,24,0,0,0,"Bad Bunny will be a performer at the 2026 Super Bowl LX Halftime Show on Apple Music. #news #badbunny #superbowl #noticiastiktok #MLB"
"<a href=""https://www.tiktok.com/@yy0aiafbg7/video/7567810157934120222"" target=""_blank"" class=""btn btn-sm"" style=""background-color: #00926c; color: white; text-decoration: none; padding: 2px 8px; border-radius: 4px; font-size: 0.8em;"">View Post</a>",1,"yy0aiafbg7","2025-11-01 17:28:37",6,8420,177,1,8,"Bad Bunny will be a performer at the 2026 Super Bowl LX Halftime Show on Apple Music. #news #badbunny #superbowl #noticiastiktok #MLB"
"<a href=""https://www.tiktok.com/@zx00nvyez5/video/7567810112161713439"" target=""_blank"" class=""btn btn-sm"" style=""background-color: #00926c; color: white; text-decoration: none; padding: 2px 8px; border-radius: 4px; font-size: 0.8em;"">View Post</a>",1,"zx00nvyez5","2025-11-01 17:28:30",6,1221,47,0,2,"Bad Bunny will be a performer at the 2026 Super Bowl LX Halftime Show on Apple Music. #news #badbunny #superbowl #noticiastiktok #MLB"
"<a href=""https://www.tiktok.com/@etyx9fckx1/video/7567810107040353550"" target=""_blank"" class=""btn btn-sm"" style=""background-color: #00926c; color: white; text-decoration: none; padding: 2px 8px; border-radius: 4px; font-size: 0.8em;"">View Post</a>",1,"etyx9fckx1","2025-11-01 17:28:30",6,1,0,0,0,"Bad Bunny will be a performer at the 2026 Super Bowl LX Halftime Show on Apple Music. #news #badbunny #superbowl #noticiastiktok #MLB"
"<a href=""https://www.tiktok.com/@zx00nvyez5/video/7567809931211001118"" target=""_blank"" class=""btn btn-sm"" style=""background-color: #00926c; color: white; text-decoration: none; padding: 2px 8px; border-radius: 4px; font-size: 0.8em;"">View Post</a>",1,"zx00nvyez5","2025-11-01 17:27:45",6,1448,39,1,0,"Bad Bunny will be a performer at the 2026 Super Bowl LX Halftime Show on Apple Music. #news #badbunny #superbowl #noticiastiktok #MLB"
"<a href=""https://www.tiktok.com/@vpdgaoduv8/video/7567809908473613582"" target=""_blank"" class=""btn btn-sm"" style=""background-color: #00926c; color: white; text-decoration: none; padding: 2px 8px; border-radius: 4px; font-size: 0.8em;"">View Post</a>",1,"vpdgaoduv8","2025-11-01 17:27:43",6,51,0,0,0,"Bad Bunny will be a performer at the 2026 Super Bowl LX Halftime Show on Apple Music. #news #badbunny #superbowl #noticiastiktok #MLB"
"<a href=""https://www.tiktok.com/@qkzwa5yy09/video/7567809900588371230"" target=""_blank"" class=""btn btn-sm"" style=""background-color: #00926c; color: white; text-decoration: none; padding: 2px 8px; border-radius: 4px; font-size: 0.8em;"">View Post</a>",1,"qkzwa5yy09","2025-11-01 17:27:40",6,634,37,0,0,"Bad Bunny will be a performer at the 2026 Super Bowl LX Halftime Show on Apple Music. #news #badbunny #superbowl #noticiastiktok #MLB"
"<a href=""https://www.tiktok.com/@yy0aiafbg7/video/7567809898432498975"" target=""_blank"" class=""btn btn-sm"" style=""background-color: #00926c; color: white; text-decoration: none; padding: 2px 8px; border-radius: 4px; font-size: 0.8em;"">View Post</a>",1,"yy0aiafbg7","2025-11-01 17:27:39",6,1345,13,0,0,"Bad Bunny will be a performer at the 2026 Super Bowl LX Halftime Show on Apple Music. #news #badbunny #superbowl #noticiastiktok #MLB"
"<a href=""https://www.tiktok.com/@etyx9fckx1/video/7567809814701657399"" target=""_blank"" class=""btn btn-sm"" style=""background-color: #00926c; color: white; text-decoration: none; padding: 2px 8px; border-radius: 4px; font-size: 0.8em;"">View Post</a>",1,"etyx9fckx1","2025-11-01 17:27:24",6,366,7,0,0,"Bad Bunny will be a performer at the 2026 Super Bowl LX Halftime Show on Apple Music. #news #badbunny #superbowl #noticiastiktok #MLB"
"<a href=""https://www.tiktok.com/@qkzwa5yy09/video/7567809777175170334"" target=""_blank"" class=""btn btn-sm"" style=""background-color: #00926c; color: white; text-decoration: none; padding: 2px 8px; border-radius: 4px; font-size: 0.8em;"">View Post</a>",1,"qkzwa5yy09","2025-11-01 17:27:08",6,234,8,0,0,"Bad Bunny will be a performer at the 2026 Super Bowl LX Halftime Show on Apple Music. #news #badbunny #superbowl #noticiastiktok #MLB"
"<a href=""https://www.tiktok.com/@zx00nvyez5/video/7567809774331366686"" target=""_blank"" class=""btn btn-sm"" style=""background-color: #00926c; color: white; text-decoration: none; padding: 2px 8px; border-radius: 4px; font-size: 0.8em;"">View Post</a>",1,"zx00nvyez5","2025-11-01 17:27:08",6,726,10,1,0,"Bad Bunny will be a performer at the 2026 Super Bowl LX Halftime Show on Apple Music. #news #badbunny #superbowl #noticiastiktok #MLB"
"<a href=""https://www.tiktok.com/@vpdgaoduv8/video/7567809709479038222"" target=""_blank"" class=""btn btn-sm"" style=""background-color: #00926c; color: white; text-decoration: none; padding: 2px 8px; border-radius: 4px; font-size: 0.8em;"">View Post</a>",1,"vpdgaoduv8","2025-11-01 17:26:55",6,40,0,0,0,"Bad Bunny will be a performer at the 2026 Super Bowl LX Halftime Show on Apple Music. #news #badbunny #superbowl #noticiastiktok #MLB"
"<a href=""https://www.tiktok.com/@etyx9fckx1/video/7567809634183023927"" target=""_blank"" class=""btn btn-sm"" style=""background-color: #00926c; color: white; text-decoration: none; padding: 2px 8px; border-radius: 4px; font-size: 0.8em;"">View Post</a>",1,"etyx9fckx1","2025-11-01 17:26:41",6,138,1,0,0,"Bad Bunny will be a performer at the 2026 Super Bowl LX Halftime Show on Apple Music. #news #badbunny #superbowl #noticiastiktok #MLB"
"<a href=""https://www.tiktok.com/@yy0aiafbg7/video/7567808275865980191"" target=""_blank"" class=""btn btn-sm"" style=""background-color: #00926c; color: white; text-decoration: none; padding: 2px 8px; border-radius: 4px; font-size: 0.8em;"">View Post</a>",1,"yy0aiafbg7","2025-11-01 17:21:18",6,581,4,0,0,"Bad Bunny will be a performer at the 2026 Super Bowl LX Halftime Show on Apple Music. #news #badbunny #superbowl #noticiastiktok #MLB"
"<a href=""https://www.tiktok.com/@ma77cxftc3/video/7567808251371310349"" target=""_blank"" class=""btn btn-sm"" style=""background-color: #00926c; color: white; text-decoration: none; padding: 2px 8px; border-radius: 4px; font-size: 0.8em;"">View Post</a>",1,"ma77cxftc3","2025-11-01 17:21:20",6,16,0,0,0,"Bad Bunny will be a performer at the 2026 Super Bowl LX Halftime Show on Apple Music. #news #badbunny #superbowl #noticiastiktok #MLB"
"<a href=""https://www.tiktok.com/@ma77cxftc3/video/7567808243846614285"" target=""_blank"" class=""btn btn-sm"" style=""background-color: #00926c; color: white; text-decoration: none; padding: 2px 8px; border-radius: 4px; font-size: 0.8em;"">View Post</a>",1,"ma77cxftc3","2025-11-01 17:21:16",6,9,0,0,0,"Bad Bunny will be a performer at the 2026 Super Bowl LX Halftime Show on Apple Music. #news #badbunny #superbowl #noticiastiktok #MLB"
"<a href=""https://www.tiktok.com/@ma77cxftc3/video/7567808092444871949"" target=""_blank"" class=""btn btn-sm"" style=""background-color: #00926c; color: white; text-decoration: none; padding: 2px 8px; border-radius: 4px; font-size: 0.8em;"">View Post</a>",1,"ma77cxftc3","2025-11-01 17:20:44",6,791,38,0,0,"Bad Bunny will be a performer at the 2026 Super Bowl LX Halftime Show on Apple Music. #news #badbunny #superbowl #noticiastiktok #MLB"
"<a href=""https://www.tiktok.com/@yy0aiafbg7/video/7567807993371200798"" target=""_blank"" class=""btn btn-sm"" style=""background-color: #00926c; color: white; text-decoration: none; padding: 2px 8px; border-radius: 4px; font-size: 0.8em;"">View Post</a>",1,"yy0aiafbg7","2025-11-01 17:20:15",6,497,8,0,0,"Bad Bunny will be a performer at the 2026 Super Bowl LX Halftime Show on Apple Music. #news #badbunny #superbowl #noticiastiktok #MLB"
"<a href=""https://www.tiktok.com/@yy0aiafbg7/video/7567807833945771294"" target=""_blank"" class=""btn btn-sm"" style=""background-color: #00926c; color: white; text-decoration: none; padding: 2px 8px; border-radius: 4px; font-size: 0.8em;"">View Post</a>",1,"yy0aiafbg7","2025-11-01 17:19:38",6,1341,10,0,0,"Bad Bunny will be a performer at the 2026 Super Bowl LX Halftime Show on Apple Music. #news #badbunny #superbowl #noticiastiktok #MLB"
"<a href=""https://www.tiktok.com/@enta1ijdt9/video/7567806722048347422"" target=""_blank"" class=""btn btn-sm"" style=""background-color: #00926c; color: white; text-decoration: none; padding: 2px 8px; border-radius: 4px; font-size: 0.8em;"">View Post</a>",2,"enta1ijdt9","2025-11-01 17:15:19",6,1298,28,0,0,"Bad Bunny will be a performer at the 2026 Super Bowl LX Halftime Show on Apple Music. #news #badbunny #superbowl #noticiastiktok #MLB"
"<a href=""https://www.tiktok.com/@clkhrgyxi2/video/7567806679123823927"" target=""_blank"" class=""btn btn-sm"" style=""background-color: #00926c; color: white; text-decoration: none; padding: 2px 8px; border-radius: 4px; font-size: 0.8em;"">View Post</a>",2,"clkhrgyxi2","2025-11-01 17:15:14",6,35,0,0,0,"Bad Bunny will be a performer at the 2026 Super Bowl LX Halftime Show on Apple Music. #news #badbunny #superbowl #noticiastiktok #MLB"
"<a href=""https://www.tiktok.com/@enta1ijdt9/video/7567806495476305182"" target=""_blank"" class=""btn btn-sm"" style=""background-color: #00926c; color: white; text-decoration: none; padding: 2px 8px; border-radius: 4px; font-size: 0.8em;"">View Post</a>",2,"enta1ijdt9","2025-11-01 17:14:29",6,304,8,0,0,"Bad Bunny will be a performer at the 2026 Super Bowl LX Halftime Show on Apple Music. #news #badbunny #superbowl #noticiastiktok #MLB"
"<a href=""https://www.tiktok.com/@clkhrgyxi2/video/7567806472789282103"" target=""_blank"" class=""btn btn-sm"" style=""background-color: #00926c; color: white; text-decoration: none; padding: 2px 8px; border-radius: 4px; font-size: 0.8em;"">View Post</a>",2,"clkhrgyxi2","2025-11-01 17:14:24",6,286,4,0,0,"Bad Bunny will be a performer at the 2026 Super Bowl LX Halftime Show on Apple Music. #news #badbunny #superbowl #noticiastiktok #MLB"
"<a href=""https://www.tiktok.com/@enta1ijdt9/video/7567806372029484319"" target=""_blank"" class=""btn btn-sm"" style=""background-color: #00926c; color: white; text-decoration: none; padding: 2px 8px; border-radius: 4px; font-size: 0.8em;"">View Post</a>",2,"enta1ijdt9","2025-11-01 17:13:59",6,513,29,1,0,"Bad Bunny will be a performer at the 2026 Super Bowl LX Halftime Show on Apple Music. #news #badbunny #superbowl #noticiastiktok #MLB"
"<a href=""https://www.tiktok.com/@clkhrgyxi2/video/7567806354321083703"" target=""_blank"" class=""btn btn-sm"" style=""background-color: #00926c; color: white; text-decoration: none; padding: 2px 8px; border-radius: 4px; font-size: 0.8em;"">View Post</a>",2,"clkhrgyxi2","2025-11-01 17:13:54",6,324,2,0,0,"Bad Bunny will be a performer at the 2026 Super Bowl LX Halftime Show on Apple Music. #news #badbunny #superbowl #noticiastiktok #MLB"
"<a href=""https://www.tiktok.com/@bbbmmm281000/video/7567773056618204430"" target=""_blank"" class=""btn btn-sm"" style=""background-color: #00926c; color: white; text-decoration: none; padding: 2px 8px; border-radius: 4px; font-size: 0.8em;"">View Post</a>",3,"bbbmmm281000","2025-11-01 15:04:44",6,1092,77,0,0,"Bad Bunny will be a performer at the 2026 Super Bowl LX Halftime Show on Apple Music. #news #badbunny #superbowl #noticiastiktok #MLB"
"<a href=""https://www.tiktok.com/@baomxiexie/video/7567772604518403341"" target=""_blank"" class=""btn btn-sm"" style=""background-color: #00926c; color: white; text-decoration: none; padding: 2px 8px; border-radius: 4px; font-size: 0.8em;"">View Post</a>",3,"baomxiexie","2025-11-01 15:02:57",6,975,82,0,0,"Bad Bunny will be a performer at the 2026 Super Bowl LX Halftime Show on Apple Music. #news #badbunny #superbowl #noticiastiktok #MLB"
"<a href=""https://www.tiktok.com/@bbbmmm281000/video/7567772462939786510"" target=""_blank"" class=""btn btn-sm"" style=""background-color: #00926c; color: white; text-decoration: none; padding: 2px 8px; border-radius: 4px; font-size: 0.8em;"">View Post</a>",3,"bbbmmm281000","2025-11-01 15:02:28",6,360,17,0,0,"Bad Bunny will be a performer at the 2026 Super Bowl LX Halftime Show on Apple Music. #news #badbunny #superbowl #noticiastiktok #MLB"
"<a href=""https://www.tiktok.com/@baomxiexie/video/7567772279732505869"" target=""_blank"" class=""btn btn-sm"" style=""background-color: #00926c; color: white; text-decoration: none; padding: 2px 8px; border-radius: 4px; font-size: 0.8em;"">View Post</a>",3,"baomxiexie","2025-11-01 15:01:46",6,330,18,0,0,"Bad Bunny will be a performer at the 2026 Super Bowl LX Halftime Show on Apple Music. #news #badbunny #superbowl #noticiastiktok #MLB"
"<a href=""https://www.tiktok.com/@bbbmmm281000/video/7567772188347043127"" target=""_blank"" class=""btn btn-sm"" style=""background-color: #00926c; color: white; text-decoration: none; padding: 2px 8px; border-radius: 4px; font-size: 0.8em;"">View Post</a>",3,"bbbmmm281000","2025-11-01 15:01:23",6,296,23,0,0,"Bad Bunny will be a performer at the 2026 Super Bowl LX Halftime Show on Apple Music. #news #badbunny #superbowl #noticiastiktok #MLB"
"<a href=""https://www.tiktok.com/@baomxiexie/video/7567771995874577678"" target=""_blank"" class=""btn btn-sm"" style=""background-color: #00926c; color: white; text-decoration: none; padding: 2px 8px; border-radius: 4px; font-size: 0.8em;"">View Post</a>",3,"baomxiexie","2025-11-01 15:00:37",6,976,64,1,0,"Bad Bunny will be a performer at the 2026 Super Bowl LX Halftime Show on Apple Music. #news #badbunny #superbowl #noticiastiktok #MLB"
"<a href=""https://www.tiktok.com/@iunoh7y992/video/7567786785162464542"" target=""_blank"" class=""btn btn-sm"" style=""background-color: #00926c; color: white; text-decoration: none; padding: 2px 8px; border-radius: 4px; font-size: 0.8em;"">View Post</a>",5,"iunoh7y992","2025-11-01 15:57:56",5,998,51,0,1,"The current condition of PONPES AI Khoziny Sidoarjo mosque collapsed during Asr prayer #jtvjember #evakuasi #sidoarjo #fyp"
"<a href=""https://www.tiktok.com/@mmdpaomam7/video/7567786630531058975"" target=""_blank"" class=""btn btn-sm"" style=""background-color: #00926c; color: white; text-decoration: none; padding: 2px 8px; border-radius: 4px; font-size: 0.8em;"">View Post</a>",5,"mmdpaomam7","2025-11-01 15:57:19",5,1756,310,0,0,"The current condition of PONPES AI Khoziny Sidoarjo mosque collapsed during Asr prayer #jtvjember #evakuasi #sidoarjo #fyp"
"<a href=""https://www.tiktok.com/@qfdxkzngz4/video/7567786425291197726"" target=""_blank"" class=""btn btn-sm"" style=""background-color: #00926c; color: white; text-decoration: none; padding: 2px 8px; border-radius: 4px; font-size: 0.8em;"">View Post</a>",6,"qfdxkzngz4","2025-11-01 15:56:36",5,5706,370,0,0,"The current condition of PONPES AI Khoziny Sidoarjo mosque collapsed during Asr prayer #jtvjember #evakuasi #sidoarjo #fyp"
"<a href=""https://www.tiktok.com/@jyoibh5tp0/video/7567786401736002846"" target=""_blank"" class=""btn btn-sm"" style=""background-color: #00926c; color: white; text-decoration: none; padding: 2px 8px; border-radius: 4px; font-size: 0.8em;"">View Post</a>",5,"jyoibh5tp0","2025-11-01 15:56:28",5,144,3,0,0,"The current condition of PONPES AI Khoziny Sidoarjo mosque collapsed during Asr prayer #jtvjember #evakuasi #sidoarjo #fyp"
"<a href=""https://www.tiktok.com/@mmdpaomam7/video/7567786354931780894"" target=""_blank"" class=""btn btn-sm"" style=""background-color: #00926c; color: white; text-decoration: none; padding: 2px 8px; border-radius: 4px; font-size: 0.8em;"">View Post</a>",5,"mmdpaomam7","2025-11-01 15:56:16",5,1192,46,1,0,"The current condition of PONPES AI Khoziny Sidoarjo mosque collapsed during Asr prayer #jtvjember #evakuasi #sidoarjo #fyp"
"<a href=""https://www.tiktok.com/@iunoh7y992/video/7567786327828090143"" target=""_blank"" class=""btn btn-sm"" style=""background-color: #00926c; color: white; text-decoration: none; padding: 2px 8px; border-radius: 4px; font-size: 0.8em;"">View Post</a>",5,"iunoh7y992","2025-11-01 15:56:09",5,701,30,0,0,"The current condition of PONPES AI Khoziny Sidoarjo mosque collapsed during Asr prayer #jtvjember #evakuasi #sidoarjo #fyp"
"<a href=""https://www.tiktok.com/@iunoh7y992/video/7567786326267825438"" target=""_blank"" class=""btn btn-sm"" style=""background-color: #00926c; color: white; text-decoration: none; padding: 2px 8px; border-radius: 4px; font-size: 0.8em;"">View Post</a>",5,"iunoh7y992","2025-11-01 15:56:09",5,4536,65,1,0,"The current condition of PONPES AI Khoziny Sidoarjo mosque collapsed during Asr prayer #jtvjember #evakuasi #sidoarjo #fyp"
"<a href=""https://www.tiktok.com/@jyoibh5tp0/video/7567786122055666975"" target=""_blank"" class=""btn btn-sm"" style=""background-color: #00926c; color: white; text-decoration: none; padding: 2px 8px; border-radius: 4px; font-size: 0.8em;"">View Post</a>",5,"jyoibh5tp0","2025-11-01 15:55:26",5,1758,75,1,0,"The current condition of PONPES AI Khoziny Sidoarjo mosque collapsed during Asr prayer #jtvjember #evakuasi #sidoarjo #fyp"
"<a href=""https://www.tiktok.com/@mmdpaomam7/video/7567785999116324126"" target=""_blank"" class=""btn btn-sm"" style=""background-color: #00926c; color: white; text-decoration: none; padding: 2px 8px; border-radius: 4px; font-size: 0.8em;"">View Post</a>",5,"mmdpaomam7","2025-11-01 15:54:54",5,1708,270,0,0,"The current condition of PONPES AI Khoziny Sidoarjo mosque collapsed during Asr prayer #jtvjember #evakuasi #sidoarjo #fyp"
"<a href=""https://www.tiktok.com/@npabjipwa5/video/7567785987489713438"" target=""_blank"" class=""btn btn-sm"" style=""background-color: #00926c; color: white; text-decoration: none; padding: 2px 8px; border-radius: 4px; font-size: 0.8em;"">View Post</a>",5,"npabjipwa5","2025-11-01 15:54:53",5,1473,119,0,0,"The current condition of PONPES AI Khoziny Sidoarjo mosque collapsed during Asr prayer #jtvjember #evakuasi #sidoarjo #fyp"
"<a href=""https://www.tiktok.com/@iunoh7y992/video/7567785970838277407"" target=""_blank"" class=""btn btn-sm"" style=""background-color: #00926c; color: white; text-decoration: none; padding: 2px 8px; border-radius: 4px; font-size: 0.8em;"">View Post</a>",5,"iunoh7y992","2025-11-01 15:54:46",5,2878,151,0,1,"The current condition of PONPES AI Khoziny Sidoarjo mosque collapsed during Asr prayer #jtvjember #evakuasi #sidoarjo #fyp"
"<a href=""https://www.tiktok.com/@iunoh7y992/video/7567785801266908447"" target=""_blank"" class=""btn btn-sm"" style=""background-color: #00926c; color: white; text-decoration: none; padding: 2px 8px; border-radius: 4px; font-size: 0.8em;"">View Post</a>",5,"iunoh7y992","2025-11-01 15:54:08",5,5141,248,0,0,"The current condition of PONPES AI Khoziny Sidoarjo mosque collapsed during Asr prayer #jtvjember #evakuasi #sidoarjo #fyp"
"<a href=""https://www.tiktok.com/@mmdpaomam7/video/7567785656433331486"" target=""_blank"" class=""btn btn-sm"" style=""background-color: #00926c; color: white; text-decoration: none; padding: 2px 8px; border-radius: 4px; font-size: 0.8em;"">View Post</a>",5,"mmdpaomam7","2025-11-01 15:53:34",5,1474,117,0,1,"The current condition of PONPES AI Khoziny Sidoarjo mosque collapsed during Asr prayer #jtvjember #evakuasi #sidoarjo #fyp"
"<a href=""https://www.tiktok.com/@jyoibh5tp0/video/7567785598849699102"" target=""_blank"" class=""btn btn-sm"" style=""background-color: #00926c; color: white; text-decoration: none; padding: 2px 8px; border-radius: 4px; font-size: 0.8em;"">View Post</a>",5,"jyoibh5tp0","2025-11-01 15:53:19",5,8175,234,5,3,"The current condition of PONPES AI Khoziny Sidoarjo mosque collapsed during Asr prayer #jtvjember #evakuasi #sidoarjo #fyp"
"<a href=""https://www.tiktok.com/@npabjipwa5/video/7567785608735624478"" target=""_blank"" class=""btn btn-sm"" style=""background-color: #00926c; color: white; text-decoration: none; padding: 2px 8px; border-radius: 4px; font-size: 0.8em;"">View Post</a>",5,"npabjipwa5","2025-11-01 15:53:23",5,2282,391,0,0,"The current condition of PONPES AI Khoziny Sidoarjo mosque collapsed during Asr prayer #jtvjember #evakuasi #sidoarjo #fyp"
"<a href=""https://www.tiktok.com/@mmdpaomam7/video/7567784476516879647"" target=""_blank"" class=""btn btn-sm"" style=""background-color: #00926c; color: white; text-decoration: none; padding: 2px 8px; border-radius: 4px; font-size: 0.8em;"">View Post</a>",5,"mmdpaomam7","2025-11-01 15:48:58",5,532,55,0,1,"The current condition of PONPES AI Khoziny Sidoarjo mosque collapsed during Asr prayer #jtvjember #evakuasi #sidoarjo #fyp"
"<a href=""https://www.tiktok.com/@jyoibh5tp0/video/7567784285101509918"" target=""_blank"" class=""btn btn-sm"" style=""background-color: #00926c; color: white; text-decoration: none; padding: 2px 8px; border-radius: 4px; font-size: 0.8em;"">View Post</a>",5,"jyoibh5tp0","2025-11-01 15:48:17",5,408,30,0,0,"The current condition of PONPES AI Khoziny Sidoarjo mosque collapsed during Asr prayer #jtvjember #evakuasi #sidoarjo #fyp"
"<a href=""https://www.tiktok.com/@npabjipwa5/video/7567784137168342303"" target=""_blank"" class=""btn btn-sm"" style=""background-color: #00926c; color: white; text-decoration: none; padding: 2px 8px; border-radius: 4px; font-size: 0.8em;"">View Post</a>",5,"npabjipwa5","2025-11-01 15:47:40",5,255,7,0,0,"The current condition of PONPES AI Khoziny Sidoarjo mosque collapsed during Asr prayer #jtvjember #evakuasi #sidoarjo #fyp"
"<a href=""https://www.tiktok.com/@npabjipwa5/video/7567783658254257439"" target=""_blank"" class=""btn btn-sm"" style=""background-color: #00926c; color: white; text-decoration: none; padding: 2px 8px; border-radius: 4px; font-size: 0.8em;"">View Post</a>",5,"npabjipwa5","2025-11-01 15:45:48",5,5393,535,0,0,"The current condition of PONPES AI Khoziny Sidoarjo mosque collapsed during Asr prayer #jtvjember #evakuasi #sidoarjo #fyp"
"<a href=""https://www.tiktok.com/@qfdxkzngz4/video/7567783517124447518"" target=""_blank"" class=""btn btn-sm"" style=""background-color: #00926c; color: white; text-decoration: none; padding: 2px 8px; border-radius: 4px; font-size: 0.8em;"">View Post</a>",6,"qfdxkzngz4","2025-11-01 15:45:18",5,1078,152,0,0,"The current condition of PONPES AI Khoziny Sidoarjo mosque collapsed during Asr prayer #jtvjember #evakuasi #sidoarjo #fyp"
"<a href=""https://www.tiktok.com/@jyoibh5tp0/video/7567783181148081439"" target=""_blank"" class=""btn btn-sm"" style=""background-color: #00926c; color: white; text-decoration: none; padding: 2px 8px; border-radius: 4px; font-size: 0.8em;"">View Post</a>",5,"jyoibh5tp0","2025-11-01 15:43:58",5,560,19,0,0,"The current condition of PONPES AI Khoziny Sidoarjo mosque collapsed during Asr prayer #jtvjember #evakuasi #sidoarjo #fyp"
"<a href=""https://www.tiktok.com/@w4jvi13h66/video/7567783174911085854"" target=""_blank"" class=""btn btn-sm"" style=""background-color: #00926c; color: white; text-decoration: none; padding: 2px 8px; border-radius: 4px; font-size: 0.8em;"">View Post</a>",6,"w4jvi13h66","2025-11-01 15:43:55",5,5539,375,1,3,"The current condition of PONPES AI Khoziny Sidoarjo mosque collapsed during Asr prayer #jtvjember #evakuasi #sidoarjo #fyp"
"<a href=""https://www.tiktok.com/@npabjipwa5/video/7567783045969890591"" target=""_blank"" class=""btn btn-sm"" style=""background-color: #00926c; color: white; text-decoration: none; padding: 2px 8px; border-radius: 4px; font-size: 0.8em;"">View Post</a>",5,"npabjipwa5","2025-11-01 15:43:27",5,2350,268,0,0,"The current condition of PONPES AI Khoziny Sidoarjo mosque collapsed during Asr prayer #jtvjember #evakuasi #sidoarjo #fyp"
"<a href=""https://www.tiktok.com/@qfdxkzngz4/video/7567782859172220190"" target=""_blank"" class=""btn btn-sm"" style=""background-color: #00926c; color: white; text-decoration: none; padding: 2px 8px; border-radius: 4px; font-size: 0.8em;"">View Post</a>",6,"qfdxkzngz4","2025-11-01 15:42:42",5,4881,125,0,1,"The current condition of PONPES AI Khoziny Sidoarjo mosque collapsed during Asr prayer #jtvjember #evakuasi #sidoarjo #fyp"
"<a href=""https://www.tiktok.com/@qoprvlbdl8/video/7567782714846350623"" target=""_blank"" class=""btn btn-sm"" style=""background-color: #00926c; color: white; text-decoration: none; padding: 2px 8px; border-radius: 4px; font-size: 0.8em;"">View Post</a>",6,"qoprvlbdl8","2025-11-01 15:42:11",5,3593,239,0,0,"The current condition of PONPES AI Khoziny Sidoarjo mosque collapsed during Asr prayer #jtvjember #evakuasi #sidoarjo #fyp"
"<a href=""https://www.tiktok.com/@w4jvi13h66/video/7567782653852749086"" target=""_blank"" class=""btn btn-sm"" style=""background-color: #00926c; color: white; text-decoration: none; padding: 2px 8px; border-radius: 4px; font-size: 0.8em;"">View Post</a>",6,"w4jvi13h66","2025-11-01 15:41:56",5,1157,74,0,0,"The current condition of PONPES AI Khoziny Sidoarjo mosque collapsed during Asr prayer #jtvjember #evakuasi #sidoarjo #fyp"
"<a href=""https://www.tiktok.com/@w4jvi13h66/video/7567782459476020511"" target=""_blank"" class=""btn btn-sm"" style=""background-color: #00926c; color: white; text-decoration: none; padding: 2px 8px; border-radius: 4px; font-size: 0.8em;"">View Post</a>",6,"w4jvi13h66","2025-11-01 15:41:10",5,2625,125,1,0,"The current condition of PONPES AI Khoziny Sidoarjo mosque collapsed during Asr prayer #jtvjember #evakuasi #sidoarjo #fyp"
"<a href=""https://www.tiktok.com/@w4jvi13h66/video/7567782254747946271"" target=""_blank"" class=""btn btn-sm"" style=""background-color: #00926c; color: white; text-decoration: none; padding: 2px 8px; border-radius: 4px; font-size: 0.8em;"">View Post</a>",6,"w4jvi13h66","2025-11-01 15:40:24",5,1631,79,0,0,"The current condition of PONPES AI Khoziny Sidoarjo mosque collapsed during Asr prayer #jtvjember #evakuasi #sidoarjo #fyp"
"<a href=""https://www.tiktok.com/@qfdxkzngz4/video/7567782134686059807"" target=""_blank"" class=""btn btn-sm"" style=""background-color: #00926c; color: white; text-decoration: none; padding: 2px 8px; border-radius: 4px; font-size: 0.8em;"">View Post</a>",6,"qfdxkzngz4","2025-11-01 15:39:53",5,5259,115,0,1,"The current condition of PONPES AI Khoziny Sidoarjo mosque collapsed during Asr prayer #jtvjember #evakuasi #sidoarjo #fyp"
"<a href=""https://www.tiktok.com/@qoprvlbdl8/video/7567782094152256798"" target=""_blank"" class=""btn btn-sm"" style=""background-color: #00926c; color: white; text-decoration: none; padding: 2px 8px; border-radius: 4px; font-size: 0.8em;"">View Post</a>",6,"qoprvlbdl8","2025-11-01 15:39:47",5,562,26,0,0,"The current condition of PONPES AI Khoziny Sidoarjo mosque collapsed during Asr prayer #jtvjember #evakuasi #sidoarjo #fyp"
"<a href=""https://www.tiktok.com/@w4jvi13h66/video/7567782063529528606"" target=""_blank"" class=""btn btn-sm"" style=""background-color: #00926c; color: white; text-decoration: none; padding: 2px 8px; border-radius: 4px; font-size: 0.8em;"">View Post</a>",6,"w4jvi13h66","2025-11-01 15:39:37",5,23,1,0,0,"The current condition of PONPES AI Khoziny Sidoarjo mosque collapsed during Asr prayer #jtvjember #evakuasi #sidoarjo #fyp"
"<a href=""https://www.tiktok.com/@qfdxkzngz4/video/7567782060757241119"" target=""_blank"" class=""btn btn-sm"" style=""background-color: #00926c; color: white; text-decoration: none; padding: 2px 8px; border-radius: 4px; font-size: 0.8em;"">View Post</a>",6,"qfdxkzngz4","2025-11-01 15:39:39",5,1449,79,1,1,"The current condition of PONPES AI Khoziny Sidoarjo mosque collapsed during Asr prayer #jtvjember #evakuasi #sidoarjo #fyp"
"<a href=""https://www.tiktok.com/@avilapup/video/7567830728625491231"" target=""_blank"" class=""btn btn-sm"" style=""background-color: #00926c; color: white; text-decoration: none; padding: 2px 8px; border-radius: 4px; font-size: 0.8em;"">View Post</a>",8,"avilapup","2025-11-01 18:48:28",3,0,0,0,0,"Phillies land All-Star closer Joan Duran ahead of MLB trade deadline👀🔥 #MLBTradeDeadline #Phillies #BaseballUpdates #SportsNews#USA"
"<a href=""https://www.tiktok.com/@gomezpearl2/video/7567830214038850871"" target=""_blank"" class=""btn btn-sm"" style=""background-color: #00926c; color: white; text-decoration: none; padding: 2px 8px; border-radius: 4px; font-size: 0.8em;"">View Post</a>",8,"gomezpearl2","2025-11-01 18:46:33",3,392,53,0,0,"Phillies land All-Star closer Joan Duran ahead of MLB trade deadline👀🔥 #MLBTradeDeadline #Phillies #BaseballUpdates #SportsNews#USA"
"<a href=""https://www.tiktok.com/@gomezpearl2/video/7567830140164508983"" target=""_blank"" class=""btn btn-sm"" style=""background-color: #00926c; color: white; text-decoration: none; padding: 2px 8px; border-radius: 4px; font-size: 0.8em;"">View Post</a>",8,"gomezpearl2","2025-11-01 18:46:17",3,0,0,0,0,"Phillies land All-Star closer Joan Duran ahead of MLB trade deadline👀🔥 #MLBTradeDeadline #Phillies #BaseballUpdates #SportsNews#USA"
"<a href=""https://www.tiktok.com/@avilapup/video/7567830006966144287"" target=""_blank"" class=""btn btn-sm"" style=""background-color: #00926c; color: white; text-decoration: none; padding: 2px 8px; border-radius: 4px; font-size: 0.8em;"">View Post</a>",8,"avilapup","2025-11-01 18:45:40",3,0,0,0,0,"Phillies land All-Star closer Joan Duran ahead of MLB trade deadline👀🔥 #MLBTradeDeadline #Phillies #BaseballUpdates #SportsNews#USA"
"<a href=""https://www.tiktok.com/@avilapup/video/7567829744209775902"" target=""_blank"" class=""btn btn-sm"" style=""background-color: #00926c; color: white; text-decoration: none; padding: 2px 8px; border-radius: 4px; font-size: 0.8em;"">View Post</a>",8,"avilapup","2025-11-01 18:44:42",3,0,0,0,0,"Phillies land All-Star closer Joan Duran ahead of MLB trade deadline👀🔥 #MLBTradeDeadline #Phillies #BaseballUpdates #SportsNews#USA"
"<a href=""https://www.tiktok.com/@sanzoconwa/video/7567827370774695182"" target=""_blank"" class=""btn btn-sm"" style=""background-color: #00926c; color: white; text-decoration: none; padding: 2px 8px; border-radius: 4px; font-size: 0.8em;"">View Post</a>",9,"sanzoconwa","2025-11-01 18:35:31",3,5828,151,0,1,"Phillies land All-Star closer Joan Duran ahead of MLB trade deadline👀🔥 #MLBTradeDeadline #Phillies #BaseballUpdates #SportsNews#USA"
"<a href=""https://www.tiktok.com/@beatyadoni1/video/7567827340965711117"" target=""_blank"" class=""btn btn-sm"" style=""background-color: #00926c; color: white; text-decoration: none; padding: 2px 8px; border-radius: 4px; font-size: 0.8em;"">View Post</a>",9,"beatyadoni1","2025-11-01 18:35:21",3,14181,234,1,0,"Phillies land All-Star closer Joan Duran ahead of MLB trade deadline👀🔥 #MLBTradeDeadline #Phillies #BaseballUpdates #SportsNews#USA"
"<a href=""https://www.tiktok.com/@sanzoconwa/video/7567827291326270733"" target=""_blank"" class=""btn btn-sm"" style=""background-color: #00926c; color: white; text-decoration: none; padding: 2px 8px; border-radius: 4px; font-size: 0.8em;"">View Post</a>",9,"sanzoconwa","2025-11-01 18:35:13",3,480,58,0,0,"Phillies land All-Star closer Joan Duran ahead of MLB trade deadline👀🔥 #MLBTradeDeadline #Phillies #BaseballUpdates #SportsNews#USA"
"<a href=""https://www.tiktok.com/@sanzoconwa/video/7567827119326235959"" target=""_blank"" class=""btn btn-sm"" style=""background-color: #00926c; color: white; text-decoration: none; padding: 2px 8px; border-radius: 4px; font-size: 0.8em;"">View Post</a>",9,"sanzoconwa","2025-11-01 18:34:32",3,76414,902,3,2,"Phillies land All-Star closer Joan Duran ahead of MLB trade deadline👀🔥 #MLBTradeDeadline #Phillies #BaseballUpdates #SportsNews#USA"
"<a href=""https://www.tiktok.com/@beatyadoni1/video/7567826974039706935"" target=""_blank"" class=""btn btn-sm"" style=""background-color: #00926c; color: white; text-decoration: none; padding: 2px 8px; border-radius: 4px; font-size: 0.8em;"">View Post</a>",9,"beatyadoni1","2025-11-01 18:33:57",3,1083,29,0,0,"Phillies land All-Star closer Joan Duran ahead of MLB trade deadline👀🔥 #MLBTradeDeadline #Phillies #BaseballUpdates #SportsNews#USA"
"<a href=""https://www.tiktok.com/@hirthleona/video/7567826918712577310"" target=""_blank"" class=""btn btn-sm"" style=""background-color: #00926c; color: white; text-decoration: none; padding: 2px 8px; border-radius: 4px; font-size: 0.8em;"">View Post</a>",9,"hirthleona","2025-11-01 18:33:40",3,1661,32,1,0,"Phillies land All-Star closer Joan Duran ahead of MLB trade deadline👀🔥 #MLBTradeDeadline #Phillies #BaseballUpdates #SportsNews#USA"
"<a href=""https://www.tiktok.com/@hirthleona/video/7567826861342887199"" target=""_blank"" class=""btn btn-sm"" style=""background-color: #00926c; color: white; text-decoration: none; padding: 2px 8px; border-radius: 4px; font-size: 0.8em;"">View Post</a>",9,"hirthleona","2025-11-01 18:33:26",3,7587,180,2,0,"Phillies land All-Star closer Joan Duran ahead of MLB trade deadline👀🔥 #MLBTradeDeadline #Phillies #BaseballUpdates #SportsNews#USA"
"<a href=""https://www.tiktok.com/@beatyadoni1/video/7567826759643581709"" target=""_blank"" class=""btn btn-sm"" style=""background-color: #00926c; color: white; text-decoration: none; padding: 2px 8px; border-radius: 4px; font-size: 0.8em;"">View Post</a>",9,"beatyadoni1","2025-11-01 18:33:05",3,905,42,0,0,"Phillies land All-Star closer Joan Duran ahead of MLB trade deadline👀🔥 #MLBTradeDeadline #Phillies #BaseballUpdates #SportsNews#USA"
"<a href=""https://www.tiktok.com/@hirthleona/video/7567826537605500191"" target=""_blank"" class=""btn btn-sm"" style=""background-color: #00926c; color: white; text-decoration: none; padding: 2px 8px; border-radius: 4px; font-size: 0.8em;"">View Post</a>",9,"hirthleona","2025-11-01 18:32:12",3,7127,130,1,1,"Phillies land All-Star closer Joan Duran ahead of MLB trade deadline👀🔥 #MLBTradeDeadline #Phillies #BaseballUpdates #SportsNews#USA"
"<a href=""https://www.tiktok.com/@gomezpearl2/video/7567830290316414263"" target=""_blank"" class=""btn btn-sm"" style=""background-color: #00926c; color: white; text-decoration: none; padding: 2px 8px; border-radius: 4px; font-size: 0.8em;"">View Post</a>",8,"gomezpearl2","2025-11-01 18:46:50",3,4318,128,1,0,"Phillies land All-Star closer Joan Duran ahead of MLB trade deadline👀🔥 #MLBTradeDeadline #Phillies #BaseballUpdates #SportsNews#USA"
"<a href=""https://www.tiktok.com/@byamovie2/video/7567731302451940621"" target=""_blank"" class=""btn btn-sm"" style=""background-color: #00926c; color: white; text-decoration: none; padding: 2px 8px; border-radius: 4px; font-size: 0.8em;"">View Post</a>",10,"byamovie2","2025-11-01 12:22:45",3,38,0,0,0,"Phillies land All-Star closer Joan Duran ahead of MLB trade deadline👀🔥 #MLBTradeDeadline #Phillies #BaseballUpdates #SportsNews#USA"
"<a href=""https://www.tiktok.com/@cocookk4/video/7567731030031977758"" target=""_blank"" class=""btn btn-sm"" style=""background-color: #00926c; color: white; text-decoration: none; padding: 2px 8px; border-radius: 4px; font-size: 0.8em;"">View Post</a>",10,"cocookk4","2025-11-01 12:21:42",3,1776,48,1,3,"Phillies land All-Star closer Joan Duran ahead of MLB trade deadline👀🔥 #MLBTradeDeadline #Phillies #BaseballUpdates #SportsNews#USA"
"<a href=""https://www.tiktok.com/@cocookk4/video/7567731028949814558"" target=""_blank"" class=""btn btn-sm"" style=""background-color: #00926c; color: white; text-decoration: none; padding: 2px 8px; border-radius: 4px; font-size: 0.8em;"">View Post</a>",10,"cocookk4","2025-11-01 12:21:40",3,1467,40,0,1,"Phillies land All-Star closer Joan Duran ahead of MLB trade deadline👀🔥 #MLBTradeDeadline #Phillies #BaseballUpdates #SportsNews#USA"
"<a href=""https://www.tiktok.com/@cocookk4/video/7567730869666975007"" target=""_blank"" class=""btn btn-sm"" style=""background-color: #00926c; color: white; text-decoration: none; padding: 2px 8px; border-radius: 4px; font-size: 0.8em;"">View Post</a>",10,"cocookk4","2025-11-01 12:21:04",3,4992,115,2,0,"Phillies land All-Star closer Joan Duran ahead of MLB trade deadline👀🔥 #MLBTradeDeadline #Phillies #BaseballUpdates #SportsNews#USA"
"<a href=""https://www.tiktok.com/@byamovie2/video/7567730840549985549"" target=""_blank"" class=""btn btn-sm"" style=""background-color: #00926c; color: white; text-decoration: none; padding: 2px 8px; border-radius: 4px; font-size: 0.8em;"">View Post</a>",10,"byamovie2","2025-11-01 12:20:58",3,38896,539,3,2,"Phillies land All-Star closer Joan Duran ahead of MLB trade deadline👀🔥 #MLBTradeDeadline #Phillies #BaseballUpdates #SportsNews#USA"
"<a href=""https://www.tiktok.com/@byamovie2/video/7567730623725456695"" target=""_blank"" class=""btn btn-sm"" style=""background-color: #00926c; color: white; text-decoration: none; padding: 2px 8px; border-radius: 4px; font-size: 0.8em;"">View Post</a>",10,"byamovie2","2025-11-01 12:20:07",3,1138,59,0,1,"Phillies land All-Star closer Joan Duran ahead of MLB trade deadline👀🔥 #MLBTradeDeadline #Phillies #BaseballUpdates #SportsNews#USA"
"<a href=""https://www.tiktok.com/@c0etd7pfo6/video/7567598454193524023"" target=""_blank"" class=""btn btn-sm"" style=""background-color: #00926c; color: white; text-decoration: none; padding: 2px 8px; border-radius: 4px; font-size: 0.8em;"">View Post</a>",4,"c0etd7pfo6","2025-11-01 03:47:17",2,283,11,0,0,"Jubal in the morning radio program”Brooke and jubal”#trending #fyp #dateupdate #brookeandjubal #phonecall #textstory #fypシ #storytime #foryoupage"
"<a href=""https://www.tiktok.com/@tom6qyvuk9/video/7567596675674475789"" target=""_blank"" class=""btn btn-sm"" style=""background-color: #00926c; color: white; text-decoration: none; padding: 2px 8px; border-radius: 4px; font-size: 0.8em;"">View Post</a>",4,"tom6qyvuk9","2025-11-01 03:40:29",2,3668,26,2,8,"Jubal in the morning radio program”Brooke and jubal”#trending #fyp #dateupdate #brookeandjubal #phonecall #textstory #fypシ #storytime #foryoupage"
"<a href=""https://www.tiktok.com/@f6atdprpw8/video/7567596672885230879"" target=""_blank"" class=""btn btn-sm"" style=""background-color: #00926c; color: white; text-decoration: none; padding: 2px 8px; border-radius: 4px; font-size: 0.8em;"">View Post</a>",4,"f6atdprpw8","2025-11-01 03:40:11",2,949,53,0,0,"Jubal in the morning radio program”Brooke and jubal”#trending #fyp #dateupdate #brookeandjubal #phonecall #textstory #fypシ #storytime #foryoupage"
"<a href=""https://www.tiktok.com/@tom6qyvuk9/video/7567596449106578743"" target=""_blank"" class=""btn btn-sm"" style=""background-color: #00926c; color: white; text-decoration: none; padding: 2px 8px; border-radius: 4px; font-size: 0.8em;"">View Post</a>",4,"tom6qyvuk9","2025-11-01 03:39:37",2,7886,63,0,2,"Jubal in the morning radio program”Brooke and jubal”#trending #fyp #dateupdate #brookeandjubal #phonecall #textstory #fypシ #storytime #foryoupage"
"<a href=""https://www.tiktok.com/@f6atdprpw8/video/7567596100220144926"" target=""_blank"" class=""btn btn-sm"" style=""background-color: #00926c; color: white; text-decoration: none; padding: 2px 8px; border-radius: 4px; font-size: 0.8em;"">View Post</a>",4,"f6atdprpw8","2025-11-01 03:37:57",2,5626,164,2,1,"Jubal in the morning radio program”Brooke and jubal”#trending #fyp #dateupdate #brookeandjubal #phonecall #textstory #fypシ #storytime #foryoupage"
"<a href=""https://www.tiktok.com/@f6atdprpw8/video/7567229903498677534"" target=""_blank"" class=""btn btn-sm"" style=""background-color: #00926c; color: white; text-decoration: none; padding: 2px 8px; border-radius: 4px; font-size: 0.8em;"">View Post</a>",4,"f6atdprpw8","2025-10-31 03:57:14",2,1021,39,0,0,"Jubal in the morning radio program”Brooke and jubal”#trending #fyp #dateupdate #brookeandjubal #phonecall #textstory #fypシ #storytime #foryoupage"
"<a href=""https://www.tiktok.com/@c0etd7pfo6/video/7567229877720468750"" target=""_blank"" class=""btn btn-sm"" style=""background-color: #00926c; color: white; text-decoration: none; padding: 2px 8px; border-radius: 4px; font-size: 0.8em;"">View Post</a>",4,"c0etd7pfo6","2025-10-31 03:57:29",2,1213,47,0,0,"Jubal in the morning radio program”Brooke and jubal”#trending #fyp #dateupdate #brookeandjubal #phonecall #textstory #fypシ #storytime #foryoupage"
"<a href=""https://www.tiktok.com/@f6atdprpw8/video/7567229595230014751"" target=""_blank"" class=""btn btn-sm"" style=""background-color: #00926c; color: white; text-decoration: none; padding: 2px 8px; border-radius: 4px; font-size: 0.8em;"">View Post</a>",4,"f6atdprpw8","2025-10-31 03:55:59",2,1191,28,1,0,"Jubal in the morning radio program”Brooke and jubal”#trending #fyp #dateupdate #brookeandjubal #phonecall #textstory #fypシ #storytime #foryoupage"
"<a href=""https://www.tiktok.com/@tom6qyvuk9/video/7567229504867814670"" target=""_blank"" class=""btn btn-sm"" style=""background-color: #00926c; color: white; text-decoration: none; padding: 2px 8px; border-radius: 4px; font-size: 0.8em;"">View Post</a>",4,"tom6qyvuk9","2025-10-31 03:55:29",2,1501,27,0,0,"Jubal in the morning radio program”Brooke and jubal”#trending #fyp #dateupdate #brookeandjubal #phonecall #textstory #fypシ #storytime #foryoupage"
"<a href=""https://www.tiktok.com/@tom6qyvuk9/video/7567229396235422989"" target=""_blank"" class=""btn btn-sm"" style=""background-color: #00926c; color: white; text-decoration: none; padding: 2px 8px; border-radius: 4px; font-size: 0.8em;"">View Post</a>",4,"tom6qyvuk9","2025-10-31 03:55:33",2,461,13,1,0,"Jubal in the morning radio program”Brooke and jubal”#trending #fyp #dateupdate #brookeandjubal #phonecall #textstory #fypシ #storytime #foryoupage"
"<a href=""https://www.tiktok.com/@c0etd7pfo6/video/7567229307483917581"" target=""_blank"" class=""btn btn-sm"" style=""background-color: #00926c; color: white; text-decoration: none; padding: 2px 8px; border-radius: 4px; font-size: 0.8em;"">View Post</a>",4,"c0etd7pfo6","2025-10-31 03:55:05",2,1199,51,1,0,"Jubal in the morning radio program”Brooke and jubal”#trending #fyp #dateupdate #brookeandjubal #phonecall #textstory #fypシ #storytime #foryoupage"
"<a href=""https://www.tiktok.com/@tom6qyvuk9/video/7566855560008666381"" target=""_blank"" class=""btn btn-sm"" style=""background-color: #00926c; color: white; text-decoration: none; padding: 2px 8px; border-radius: 4px; font-size: 0.8em;"">View Post</a>",4,"tom6qyvuk9","2025-10-30 03:44:46",2,609,30,0,1,"Jubal in the morning radio program”Brooke and jubal”#trending #fyp #dateupdate #brookeandjubal #phonecall #textstory #fypシ #storytime #foryoupage"
"<a href=""https://www.tiktok.com/@tom6qyvuk9/video/7566855338071248141"" target=""_blank"" class=""btn btn-sm"" style=""background-color: #00926c; color: white; text-decoration: none; padding: 2px 8px; border-radius: 4px; font-size: 0.8em;"">View Post</a>",4,"tom6qyvuk9","2025-10-30 03:43:58",2,265,3,3,0,"Jubal in the morning radio program”Brooke and jubal”#trending #fyp #dateupdate #brookeandjubal #phonecall #textstory #fypシ #storytime #foryoupage"
"<a href=""https://www.tiktok.com/@f6atdprpw8/video/7566855044981689631"" target=""_blank"" class=""btn btn-sm"" style=""background-color: #00926c; color: white; text-decoration: none; padding: 2px 8px; border-radius: 4px; font-size: 0.8em;"">View Post</a>",4,"f6atdprpw8","2025-10-30 03:42:29",2,408,20,1,0,"Jubal in the morning radio program”Brooke and jubal”#trending #fyp #dateupdate #brookeandjubal #phonecall #textstory #fypシ #storytime #foryoupage"
"<a href=""https://www.tiktok.com/@c0etd7pfo6/video/7566854684066008375"" target=""_blank"" class=""btn btn-sm"" style=""background-color: #00926c; color: white; text-decoration: none; padding: 2px 8px; border-radius: 4px; font-size: 0.8em;"">View Post</a>",4,"c0etd7pfo6","2025-10-30 03:42:38",2,188,6,3,0,"Jubal in the morning radio program”Brooke and jubal”#trending #fyp #dateupdate #brookeandjubal #phonecall #textstory #fypシ #storytime #foryoupage"
"<a href=""https://www.tiktok.com/@f6atdprpw8/video/7566854375830801695"" target=""_blank"" class=""btn btn-sm"" style=""background-color: #00926c; color: white; text-decoration: none; padding: 2px 8px; border-radius: 4px; font-size: 0.8em;"">View Post</a>",4,"f6atdprpw8","2025-10-30 03:39:50",2,215,3,1,0,"Jubal in the morning radio program”Brooke and jubal”#trending #fyp #dateupdate #brookeandjubal #phonecall #textstory #fypシ #storytime #foryoupage"
"<a href=""https://www.tiktok.com/@f6atdprpw8/video/7566486129214508319"" target=""_blank"" class=""btn btn-sm"" style=""background-color: #00926c; color: white; text-decoration: none; padding: 2px 8px; border-radius: 4px; font-size: 0.8em;"">View Post</a>",4,"f6atdprpw8","2025-10-29 03:50:46",2,999,54,0,0,"Jubal in the morning radio program”Brooke and jubal”#trending #fyp #dateupdate #brookeandjubal #phonecall #textstory #fypシ #storytime #foryoupage"
"<a href=""https://www.tiktok.com/@f6atdprpw8/video/7566485830051712286"" target=""_blank"" class=""btn btn-sm"" style=""background-color: #00926c; color: white; text-decoration: none; padding: 2px 8px; border-radius: 4px; font-size: 0.8em;"">View Post</a>",4,"f6atdprpw8","2025-10-29 03:49:37",2,1067,14,0,0,"Jubal in the morning radio program”Brooke and jubal”#trending #fyp #dateupdate #brookeandjubal #phonecall #textstory #fypシ #storytime #foryoupage"
"<a href=""https://www.tiktok.com/@tom6qyvuk9/video/7566485600505711885"" target=""_blank"" class=""btn btn-sm"" style=""background-color: #00926c; color: white; text-decoration: none; padding: 2px 8px; border-radius: 4px; font-size: 0.8em;"">View Post</a>",4,"tom6qyvuk9","2025-10-29 03:48:45",2,686,10,0,0,"Jubal in the morning radio program”Brooke and jubal”#trending #fyp #dateupdate #brookeandjubal #phonecall #textstory #fypシ #storytime #foryoupage"
"<a href=""https://www.tiktok.com/@tom6qyvuk9/video/7566485415000018189"" target=""_blank"" class=""btn btn-sm"" style=""background-color: #00926c; color: white; text-decoration: none; padding: 2px 8px; border-radius: 4px; font-size: 0.8em;"">View Post</a>",4,"tom6qyvuk9","2025-10-29 03:48:01",2,1497,17,0,1,"Jubal in the morning radio program”Brooke and jubal”#trending #fyp #dateupdate #brookeandjubal #phonecall #textstory #fypシ #storytime #foryoupage"
"<a href=""https://www.tiktok.com/@c0etd7pfo6/video/7566485067967499533"" target=""_blank"" class=""btn btn-sm"" style=""background-color: #00926c; color: white; text-decoration: none; padding: 2px 8px; border-radius: 4px; font-size: 0.8em;"">View Post</a>",4,"c0etd7pfo6","2025-10-29 03:46:41",2,1070,26,0,0,"Jubal in the morning radio program”Brooke and jubal”#trending #fyp #dateupdate #brookeandjubal #phonecall #textstory #fypシ #storytime #foryoupage"
"<a href=""https://www.tiktok.com/@c0etd7pfo6/video/7566484963886042382"" target=""_blank"" class=""btn btn-sm"" style=""background-color: #00926c; color: white; text-decoration: none; padding: 2px 8px; border-radius: 4px; font-size: 0.8em;"">View Post</a>",4,"c0etd7pfo6","2025-10-29 03:46:15",2,1065,17,0,0,"Jubal in the morning radio program”Brooke and jubal”#trending #fyp #dateupdate #brookeandjubal #phonecall #textstory #fypシ #storytime #foryoupage"
"<a href=""https://www.tiktok.com/@bsobdt0hr8/video/7567671112285343006"" target=""_blank"" class=""btn btn-sm"" style=""background-color: #00926c; color: white; text-decoration: none; padding: 2px 8px; border-radius: 4px; font-size: 0.8em;"">View Post</a>",7,"bsobdt0hr8","2025-11-01 08:29:44",1,1764,108,0,3,"PhillieslandAll-StarcloserJoanDuranaheadofMLBtradedeadline👀🔥#MLBTradeDeadline#Phillies#BaseballUpdates#SportsNews"
"<a href=""https://www.tiktok.com/@bsobdt0hr8/video/7567670917631954207"" target=""_blank"" class=""btn btn-sm"" style=""background-color: #00926c; color: white; text-decoration: none; padding: 2px 8px; border-radius: 4px; font-size: 0.8em;"">View Post</a>",7,"bsobdt0hr8","2025-11-01 08:29:01",1,15848,200,5,12,"PhillieslandAll-StarcloserJoanDuranaheadofMLBtradedeadline👀🔥#MLBTradeDeadline#Phillies#BaseballUpdates#SportsNews"
"<a href=""https://www.tiktok.com/@bsobdt0hr8/video/7567669099883547934"" target=""_blank"" class=""btn btn-sm"" style=""background-color: #00926c; color: white; text-decoration: none; padding: 2px 8px; border-radius: 4px; font-size: 0.8em;"">View Post</a>",7,"bsobdt0hr8","2025-11-01 08:22:09",1,70453,1573,27,309,"PhillieslandAll-StarcloserJoanDuranaheadofMLBtradedeadline👀🔥#MLBTradeDeadline#Phillies#BaseballUpdates#SportsNews"
"<a href=""https://www.tiktok.com/@ualfue9r06/video/7567668223248698655"" target=""_blank"" class=""btn btn-sm"" style=""background-color: #00926c; color: white; text-decoration: none; padding: 2px 8px; border-radius: 4px; font-size: 0.8em;"">View Post</a>",7,"ualfue9r06","2025-11-01 08:18:24",1,22011,149,0,2,"PhillieslandAll-StarcloserJoanDuranaheadofMLBtradedeadline👀🔥#MLBTradeDeadline#Phillies#BaseballUpdates#SportsNews"
"<a href=""https://www.tiktok.com/@ualfue9r06/video/7567668180924042526"" target=""_blank"" class=""btn btn-sm"" style=""background-color: #00926c; color: white; text-decoration: none; padding: 2px 8px; border-radius: 4px; font-size: 0.8em;"">View Post</a>",7,"ualfue9r06","2025-11-01 08:18:25",1,4794,33,0,0,"PhillieslandAll-StarcloserJoanDuranaheadofMLBtradedeadline👀🔥#MLBTradeDeadline#Phillies#BaseballUpdates#SportsNews"
"<a href=""https://www.tiktok.com/@ualfue9r06/video/7567667714035076383"" target=""_blank"" class=""btn btn-sm"" style=""background-color: #00926c; color: white; text-decoration: none; padding: 2px 8px; border-radius: 4px; font-size: 0.8em;"">View Post</a>",7,"ualfue9r06","2025-11-01 08:16:36",1,992,26,0,0,"PhillieslandAll-StarcloserJoanDuranaheadofMLBtradedeadline👀🔥#MLBTradeDeadline#Phillies#BaseballUpdates#SportsNews"
"<a href=""https://www.tiktok.com/@bsobdt0hr8/video/7566585002389949727"" target=""_blank"" class=""btn btn-sm"" style=""background-color: #00926c; color: white; text-decoration: none; padding: 2px 8px; border-radius: 4px; font-size: 0.8em;"">View Post</a>",7,"bsobdt0hr8","2025-10-29 10:14:30",1,1149,25,1,0,"PhillieslandAll-StarcloserJoanDuranaheadofMLBtradedeadline👀🔥#MLBTradeDeadline#Phillies#BaseballUpdates#SportsNews"
"<a href=""https://www.tiktok.com/@bsobdt0hr8/video/7566584838862556446"" target=""_blank"" class=""btn btn-sm"" style=""background-color: #00926c; color: white; text-decoration: none; padding: 2px 8px; border-radius: 4px; font-size: 0.8em;"">View Post</a>",7,"bsobdt0hr8","2025-10-29 10:13:58",1,1988,36,0,2,"PhillieslandAll-StarcloserJoanDuranaheadofMLBtradedeadline👀🔥#MLBTradeDeadline#Phillies#BaseballUpdates#SportsNews"
"<a href=""https://www.tiktok.com/@ualfue9r06/video/7566584801696779551"" target=""_blank"" class=""btn btn-sm"" style=""background-color: #00926c; color: white; text-decoration: none; padding: 2px 8px; border-radius: 4px; font-size: 0.8em;"">View Post</a>",7,"ualfue9r06","2025-10-29 10:13:45",1,2818,90,0,0,"PhillieslandAll-StarcloserJoanDuranaheadofMLBtradedeadline👀🔥#MLBTradeDeadline#Phillies#BaseballUpdates#SportsNews"
"<a href=""https://www.tiktok.com/@ualfue9r06/video/7566584699070483742"" target=""_blank"" class=""btn btn-sm"" style=""background-color: #00926c; color: white; text-decoration: none; padding: 2px 8px; border-radius: 4px; font-size: 0.8em;"">View Post</a>",7,"ualfue9r06","2025-10-29 10:13:19",1,4205,76,0,0,"PhillieslandAll-StarcloserJoanDuranaheadofMLBtradedeadline👀🔥#MLBTradeDeadline#Phillies#BaseballUpdates#SportsNews"
"<a href=""https://www.tiktok.com/@bsobdt0hr8/video/7566584384770362654"" target=""_blank"" class=""btn btn-sm"" style=""background-color: #00926c; color: white; text-decoration: none; padding: 2px 8px; border-radius: 4px; font-size: 0.8em;"">View Post</a>",7,"bsobdt0hr8","2025-10-29 10:12:05",1,577,24,1,2,"PhillieslandAll-StarcloserJoanDuranaheadofMLBtradedeadline👀🔥#MLBTradeDeadline#Phillies#BaseballUpdates#SportsNews"
"<a href=""https://www.tiktok.com/@ualfue9r06/video/7566584153265786142"" target=""_blank"" class=""btn btn-sm"" style=""background-color: #00926c; color: white; text-decoration: none; padding: 2px 8px; border-radius: 4px; font-size: 0.8em;"">View Post</a>",7,"ualfue9r06","2025-10-29 10:11:15",1,403,9,1,0,"PhillieslandAll-StarcloserJoanDuranaheadofMLBtradedeadline👀🔥#MLBTradeDeadline#Phillies#BaseballUpdates#SportsNews"
"<a href=""https://www.tiktok.com/@danlibydezq/video/7567748005860871438"" target=""_blank"" class=""btn btn-sm"" style=""background-color: #00926c; color: white; text-decoration: none; padding: 2px 8px; border-radius: 4px; font-size: 0.8em;"">View Post</a>",11,"danlibydezq","2025-11-01 13:27:37",1,241,7,0,0,"Phillies land All-Star closer Joan Duran ahead of MLB trade deadline👀🔥
 #MLBTradeDeadline #Phillies #BaseballUpdates #SportsNews#USA"
"<a href=""https://www.tiktok.com/@iqk7ezl6h4/video/7567747764885507358"" target=""_blank"" class=""btn btn-sm"" style=""background-color: #00926c; color: white; text-decoration: none; padding: 2px 8px; border-radius: 4px; font-size: 0.8em;"">View Post</a>",11,"iqk7ezl6h4","2025-11-01 13:26:37",1,31024,1128,1,2,"Phillies land All-Star closer Joan Duran ahead of MLB trade deadline👀🔥
 #MLBTradeDeadline #Phillies #BaseballUpdates #SportsNews#USA"
"<a href=""https://www.tiktok.com/@danlibydezq/video/7567747532722408717"" target=""_blank"" class=""btn btn-sm"" style=""background-color: #00926c; color: white; text-decoration: none; padding: 2px 8px; border-radius: 4px; font-size: 0.8em;"">View Post</a>",11,"danlibydezq","2025-11-01 13:25:43",1,379,22,0,0,"Phillies land All-Star closer Joan Duran ahead of MLB trade deadline👀🔥
 #MLBTradeDeadline #Phillies #BaseballUpdates #SportsNews#USA"
"<a href=""https://www.tiktok.com/@iqk7ezl6h4/video/7567747530935504158"" target=""_blank"" class=""btn btn-sm"" style=""background-color: #00926c; color: white; text-decoration: none; padding: 2px 8px; border-radius: 4px; font-size: 0.8em;"">View Post</a>",11,"iqk7ezl6h4","2025-11-01 13:25:38",1,772,47,0,0,"Phillies land All-Star closer Joan Duran ahead of MLB trade deadline👀🔥
 #MLBTradeDeadline #Phillies #BaseballUpdates #SportsNews#USA"
"<a href=""https://www.tiktok.com/@danlibydezq/video/7567747418872204557"" target=""_blank"" class=""btn btn-sm"" style=""background-color: #00926c; color: white; text-decoration: none; padding: 2px 8px; border-radius: 4px; font-size: 0.8em;"">View Post</a>",11,"danlibydezq","2025-11-01 13:25:20",1,432,41,0,0,"Phillies land All-Star closer Joan Duran ahead of MLB trade deadline👀🔥
 #MLBTradeDeadline #Phillies #BaseballUpdates #SportsNews#USA"
"<a href=""https://www.tiktok.com/@iqk7ezl6h4/video/7567747393886653727"" target=""_blank"" class=""btn btn-sm"" style=""background-color: #00926c; color: white; text-decoration: none; padding: 2px 8px; border-radius: 4px; font-size: 0.8em;"">View Post</a>",11,"iqk7ezl6h4","2025-11-01 13:25:07",1,1292,63,0,0,"Phillies land All-Star closer Joan Duran ahead of MLB trade deadline👀🔥
 #MLBTradeDeadline #Phillies #BaseballUpdates #SportsNews#USA"
