"Account","Network","Unique Shares","Avg Time Between Shares (sec)","Edge Symmetry Score","Degree","Strength","Betweenness","Avg Views","Avg Likes","Avg Comments","Avg Shares"
"<a href=""https://tiktok.com/@44686df8"" target=""_blank"">@44686df8</a>",12,6,65.229,0.933,3,26,0.02,371,39.167,0,0.167
"<a href=""https://tiktok.com/@a1a8647b"" target=""_blank"">@a1a8647b</a>",12,6,53.013,0.929,2,18,0,386.833,16.667,0.5,1
"<a href=""https://tiktok.com/@avilapup"" target=""_blank"">@avilapup</a>",8,3,82.714,1,1,7,0,0,0,0,0
"<a href=""https://tiktok.com/@b6eecbe1"" target=""_blank"">@b6eecbe1</a>",12,6,63.376,0.894,4,43,0.018,973.5,71.833,1.833,1.167
"<a href=""https://tiktok.com/@baomxiexie"" target=""_blank"">@baomxiexie</a>",3,3,64.571,1,1,7,0,760.333,54.667,0.333,0
"<a href=""https://tiktok.com/@bbbmmm281000"" target=""_blank"">@bbbmmm281000</a>",3,3,64.571,1,1,7,0,582.667,39,0,0
"<a href=""https://tiktok.com/@beatyadoni1"" target=""_blank"">@beatyadoni1</a>",9,3,55.518,0.8,2,15,0.001,5389.667,101.667,0.333,0
"<a href=""https://tiktok.com/@bsobdt0hr8"" target=""_blank"">@bsobdt0hr8</a>",7,6,56,0.8,1,7,0,15296.5,327.667,5.667,54.667
"<a href=""https://tiktok.com/@byamovie2"" target=""_blank"">@byamovie2</a>",10,3,62.889,0.8,1,9,0,13357.333,199.333,1,1
"<a href=""https://tiktok.com/@c0etd7pfo6"" target=""_blank"">@c0etd7pfo6</a>",4,5,79.143,0.833,1,7,0,836.333,26.333,0.667,0
"<a href=""https://tiktok.com/@clkhrgyxi2"" target=""_blank"">@clkhrgyxi2</a>",2,3,37.222,1,1,9,0,215,2,0,0
"<a href=""https://tiktok.com/@cocookk4"" target=""_blank"">@cocookk4</a>",10,3,62.889,0.8,1,9,0,2745,67.667,1,1.333
"<a href=""https://tiktok.com/@danlibydezq"" target=""_blank"">@danlibydezq</a>",11,3,47.75,1,1,8,0,350.667,23.333,0,0
"<a href=""https://tiktok.com/@enta1ijdt9"" target=""_blank"">@enta1ijdt9</a>",2,3,37.222,1,1,9,0,705,21.667,0.333,0
"<a href=""https://tiktok.com/@etyx9fckx1"" target=""_blank"">@etyx9fckx1</a>",1,6,57.64,0.9,4,58,0.001,1010.833,57.667,0,0
"<a href=""https://tiktok.com/@f6atdprpw8"" target=""_blank"">@f6atdprpw8</a>",4,6,65.1,0.875,1,10,0,1434.5,46.875,0.625,0.125
"<a href=""https://tiktok.com/@gomezpearl2"" target=""_blank"">@gomezpearl2</a>",8,3,82.714,1,1,7,0,1570,60.333,0.333,0
"<a href=""https://tiktok.com/@hirthleona"" target=""_blank"">@hirthleona</a>",9,3,59.75,0.8,1,8,0,5458.333,114,1.333,0.333
"<a href=""https://tiktok.com/@iqk7ezl6h4"" target=""_blank"">@iqk7ezl6h4</a>",11,3,47.75,1,1,8,0,11029.333,412.667,0.333,0.667
"<a href=""https://tiktok.com/@iunoh7y992"" target=""_blank"">@iunoh7y992</a>",5,5,54.977,1,2,23,0,2850.8,109,0.2,0.4
"<a href=""https://tiktok.com/@jyoibh5tp0"" target=""_blank"">@jyoibh5tp0</a>",5,5,58.671,0.905,3,27,0.002,2209,72.2,1.2,0.6
"<a href=""https://tiktok.com/@kpahq6110"" target=""_blank"">@kpahq6110</a>",13,6,39.286,1,1,14,0,471.333,25.833,0.333,1.667
"<a href=""https://tiktok.com/@ktphsza70915"" target=""_blank"">@ktphsza70915</a>",12,6,55.181,1,4,34,0.015,2250.333,148.167,0.667,1.333
"<a href=""https://tiktok.com/@ma77cxftc3"" target=""_blank"">@ma77cxftc3</a>",1,3,51,0.8,1,9,0,272,12.667,0,0
"<a href=""https://tiktok.com/@mmdpaomam7"" target=""_blank"">@mmdpaomam7</a>",5,5,57.327,1,2,23,0,1332.4,159.6,0.2,0.4
"<a href=""https://tiktok.com/@neidapilnyp8"" target=""_blank"">@neidapilnyp8</a>",12,6,49.282,0.963,3,31,0,834.5,49.167,0,0.833
"<a href=""https://tiktok.com/@npabjipwa5"" target=""_blank"">@npabjipwa5</a>",5,5,57.714,0.714,1,7,0,2350.6,264,0,0
"<a href=""https://tiktok.com/@qfdxkzngz4"" target=""_blank"">@qfdxkzngz4</a>",6,5,55.6,1,1,10,0,3674.6,168.2,0.2,0.6
"<a href=""https://tiktok.com/@qkzwa5yy09"" target=""_blank"">@qkzwa5yy09</a>",1,5,59.706,0.86,4,57,0.001,487.6,19.6,0.2,0
"<a href=""https://tiktok.com/@qoprvlbdl8"" target=""_blank"">@qoprvlbdl8</a>",6,2,59.571,0.833,1,7,0,2077.5,132.5,0,0
"<a href=""https://tiktok.com/@rqurwghch7"" target=""_blank"">@rqurwghch7</a>",12,5,56.347,1,2,17,0,292,19,0.4,0
"<a href=""https://tiktok.com/@sanzoconwa"" target=""_blank"">@sanzoconwa</a>",9,3,51.286,0.8,1,7,0,27574,370.333,1,1
"<a href=""https://tiktok.com/@shokercoheafl"" target=""_blank"">@shokercoheafl</a>",12,5,52.575,0.929,2,18,0,297.667,11.167,0.167,0
"<a href=""https://tiktok.com/@supq4224048"" target=""_blank"">@supq4224048</a>",12,5,58.425,1,3,34,0,805.6,88.2,0,0.4
"<a href=""https://tiktok.com/@tom6qyvuk9"" target=""_blank"">@tom6qyvuk9</a>",4,7,72.121,0.854,2,17,0.001,2071.625,23.625,0.75,1.5
"<a href=""https://tiktok.com/@ualfue9r06"" target=""_blank"">@ualfue9r06</a>",7,5,56,0.8,1,7,0,5870.5,63.833,0.167,0.333
"<a href=""https://tiktok.com/@uoukjuh9462"" target=""_blank"">@uoukjuh9462</a>",12,6,51.499,0.963,3,35,0,4604,315.833,3.833,11.833
"<a href=""https://tiktok.com/@vpdgaoduv8"" target=""_blank"">@vpdgaoduv8</a>",1,5,59.358,0.829,4,57,0,214.8,8.4,0.2,0.2
"<a href=""https://tiktok.com/@w4jvi13h66"" target=""_blank"">@w4jvi13h66</a>",6,5,57.586,0.917,2,17,0.001,2195,130.8,0.4,0.6
"<a href=""https://tiktok.com/@yy0aiafbg7"" target=""_blank"">@yy0aiafbg7</a>",1,5,60.583,0.733,4,34,0.008,2436.8,42.4,0.2,1.6
"<a href=""https://tiktok.com/@zx00nvyez5"" target=""_blank"">@zx00nvyez5</a>",1,4,60.795,0.875,3,39,0,937.5,25,0.5,0.5
"<a href=""https://tiktok.com/@zykfh8324"" target=""_blank"">@zykfh8324</a>",13,6,39.286,1,1,14,0,856.333,29.167,1.5,1.667
