"Network","Number of Accounts","Network Density","Network Diameter","Clustering Coefficient","Avg Views","Avg Likes","Avg Comments","Avg Shares","Member Accounts"
1,6,0.667,30,0.778,940.25,29.857,0.179,0.393,"etyx9fckx1, qkzwa5yy09, vpdgaoduv8, yy0aiafbg7, ma77cxftc3, zx00nvyez5"
2,2,1,9,0,460,11.833,0.167,0,"clkhrgyxi2, enta1ijdt9"
3,2,1,7,0,671.5,46.833,0.167,0,"bbbmmm281000, baomxiexie"
4,3,0.667,17,0,1503.045,32.818,0.682,0.591,"c0etd7pfo6, f6atdprpw8, tom6qyvuk9"
5,4,0.667,17,0.6,2185.7,151.2,0.4,0.35,"iunoh7y992, mmdpaomam7, jyoibh5tp0, npabjipwa5"
6,3,0.667,17,0,2791.917,146.667,0.25,0.5,"qfdxkzngz4, qoprvlbdl8, w4jvi13h66"
7,2,1,7,0,10583.5,195.75,2.917,27.5,"bsobdt0hr8, ualfue9r06"
8,2,1,7,0,785,30.167,0.167,0,"avilapup, gomezpearl2"
9,3,0.667,15,0,12807.333,195.333,0.889,0.444,"beatyadoni1, sanzoconwa, hirthleona"
10,2,1,9,0,8051.167,133.5,1,1.167,"byamovie2, cocookk4"
11,2,1,8,0,5690,218,0.167,0.333,"danlibydezq, iqk7ezl6h4"
12,9,0.361,38,0.667,1226.827,85.538,0.846,1.923,"44686df8, a1a8647b, ktphsza70915, rqurwghch7, shokercoheafl, supq4224048, neidapilnyp8, b6eecbe1, uoukjuh9462"
13,2,1,14,0,663.833,27.5,0.917,1.667,"kpahq6110, zykfh8324"
