"Account","Network","Unique Shares","Avg Time Between Shares (sec)","Edge Symmetry Score","Degree","Strength","Betweenness","Avg Views","Avg Likes","Avg Comments","Avg Shares"
"<a href=""https://tiktok.com/@.lv.ma6"" target=""_blank"">@.lv.ma6</a>",1,3,52.5,1,1,4,0,131,55,1.333,0.333
"<a href=""https://tiktok.com/@.prince.sahin"" target=""_blank"">@.prince.sahin</a>",4,10,46.333,1,1,3,0,117,44.167,0,2.917
"<a href=""https://tiktok.com/@558samu"" target=""_blank"">@558samu</a>",1,15,71.728,0.672,3,12,0.163,109.737,37.211,0,0.895
"<a href=""https://tiktok.com/@amitomarmoharani2580"" target=""_blank"">@amitomarmoharani2580</a>",1,23,51.667,0.333,1,3,0,108.75,46.083,1.292,6.25
"<a href=""https://tiktok.com/@angel.fatema.akter"" target=""_blank"">@angel.fatema.akter</a>",2,5,30,1,1,4,0,214.6,95.8,1.2,1.4
"<a href=""https://tiktok.com/@asifur__rahman__shawon_7"" target=""_blank"">@asifur__rahman__shawon_7</a>",7,6,81.333,1,1,6,0,36.412,14.265,11.618,12.235
"<a href=""https://tiktok.com/@asob.ahmed4"" target=""_blank"">@asob.ahmed4</a>",1,6,71.833,0.667,2,6,0,67.857,34,1.714,0.571
"<a href=""https://tiktok.com/@emamu170"" target=""_blank"">@emamu170</a>",1,6,72.6,0.6,1,5,0,89,39.571,1.571,0.286
"<a href=""https://tiktok.com/@forhal5"" target=""_blank"">@forhal5</a>",1,3,41,0.667,1,3,0,143.5,71.75,3.5,1
"<a href=""https://tiktok.com/@gg69453"" target=""_blank"">@gg69453</a>",1,7,46.762,0.524,7,21,0.103,129.143,61.429,0.143,0.714
"<a href=""https://tiktok.com/@gorib3653"" target=""_blank"">@gorib3653</a>",1,8,69.286,0.8,1,7,0,131.889,58.667,1.222,0.222
"<a href=""https://tiktok.com/@habiba15902"" target=""_blank"">@habiba15902</a>",3,8,81.5,0.75,1,4,0,94,31.667,0.667,0.444
"<a href=""https://tiktok.com/@hasibur.....rahman1"" target=""_blank"">@hasibur.....rahman1</a>",3,2,77.667,1,1,3,0,205,110,2.5,1
"<a href=""https://tiktok.com/@ikgyeheuehe"" target=""_blank"">@ikgyeheuehe</a>",3,8,63.25,0.833,2,7,0.007,116.111,37,1.222,0.556
"<a href=""https://tiktok.com/@islam.care73"" target=""_blank"">@islam.care73</a>",1,2,72.667,1,1,3,0,14,3,0,0
"<a href=""https://tiktok.com/@islamvideo792"" target=""_blank"">@islamvideo792</a>",1,6,48.333,0.667,1,3,0,169,69,1,3.429
"<a href=""https://tiktok.com/@jiz899"" target=""_blank"">@jiz899</a>",1,9,69.482,0.75,2,11,0,99.1,45.5,0.1,1.1
"<a href=""https://tiktok.com/@m.d._s.h.a.w.o.n_7"" target=""_blank"">@m.d._s.h.a.w.o.n_7</a>",7,6,81.333,1,1,6,0,30.25,10.406,10.219,3.688
"<a href=""https://tiktok.com/@mb.raju002"" target=""_blank"">@mb.raju002</a>",1,1,49.75,1,1,4,0,393,114,4,25.5
"<a href=""https://tiktok.com/@md.hossain9259"" target=""_blank"">@md.hossain9259</a>",1,12,61.5,0.875,1,10,0,101.786,46.429,1.5,0.857
"<a href=""https://tiktok.com/@md.maru9749"" target=""_blank"">@md.maru9749</a>",2,5,30,1,1,4,0,188.2,98,2.8,1.6
"<a href=""https://tiktok.com/@md_mahafuz"" target=""_blank"">@md_mahafuz</a>",3,3,33.667,1,1,3,0,40.333,14.333,1.333,0.333
"<a href=""https://tiktok.com/@mdmelon1290"" target=""_blank"">@mdmelon1290</a>",1,2,64.25,0.25,1,4,0,66.5,24.5,1,2.5
"<a href=""https://tiktok.com/@mdronymdrony6649"" target=""_blank"">@mdronymdrony6649</a>",1,2,81.667,0.333,1,3,0,110.25,46.25,0,1.5
"<a href=""https://tiktok.com/@mdtami78"" target=""_blank"">@mdtami78</a>",1,1,65.667,0.333,1,3,0,74.5,39,4.5,0.5
"<a href=""https://tiktok.com/@moni.mukta58"" target=""_blank"">@moni.mukta58</a>",1,2,67.4,0.75,1,5,0,116,52.5,0,0.5
"<a href=""https://tiktok.com/@neelakashfigure786"" target=""_blank"">@neelakashfigure786</a>",1,15,64.697,0.572,6,21,0.066,156.333,64.778,1.667,4.722
"<a href=""https://tiktok.com/@nishatnishu382720"" target=""_blank"">@nishatnishu382720</a>",3,6,30.333,1,2,6,0.004,89.5,41.667,0.333,0.167
"<a href=""https://tiktok.com/@nobi.md6"" target=""_blank"">@nobi.md6</a>",1,2,29.333,0.667,1,3,0,56,21,0,0
"<a href=""https://tiktok.com/@rakibul_hasan2000"" target=""_blank"">@rakibul_hasan2000</a>",1,13,50.825,0.822,3,14,0.027,209.706,95.412,1.706,0.765
"<a href=""https://tiktok.com/@rokiya.1234"" target=""_blank"">@rokiya.1234</a>",1,6,57,1,1,6,0,59.333,20.333,2,0.333
"<a href=""https://tiktok.com/@sadikur3142"" target=""_blank"">@sadikur3142</a>",1,14,59.562,0.771,4,23,0.027,120.938,58.938,1.688,0.25
"<a href=""https://tiktok.com/@sanowarha31"" target=""_blank"">@sanowarha31</a>",3,17,55,0.917,3,11,0.01,210.667,83,0.81,1
"<a href=""https://tiktok.com/@shohidul8060"" target=""_blank"">@shohidul8060</a>",1,17,54.931,0.826,9,47,0.168,105.368,51.947,0,0.842
"<a href=""https://tiktok.com/@user17044513603"" target=""_blank"">@user17044513603</a>",1,13,50.333,0.667,2,6,0,139.4,61.933,1.733,1.733
"<a href=""https://tiktok.com/@user2028536940088"" target=""_blank"">@user2028536940088</a>",1,5,26.333,0.667,1,3,0,129.2,54,0.8,1.6
"<a href=""https://tiktok.com/@user2333455933360877"" target=""_blank"">@user2333455933360877</a>",5,2,80,1,1,3,0,94,33,0.5,0
"<a href=""https://tiktok.com/@user24794819953680"" target=""_blank"">@user24794819953680</a>",1,3,58.5,1,1,6,0,100.25,45.5,1,0.5
"<a href=""https://tiktok.com/@user3154149152600"" target=""_blank"">@user3154149152600</a>",4,6,46.333,1,1,3,0,74.375,35.5,2,0.125
"<a href=""https://tiktok.com/@user418610928816"" target=""_blank"">@user418610928816</a>",1,8,63.375,0.833,1,8,0,47,22.222,0.667,0
"<a href=""https://tiktok.com/@user4850988010880"" target=""_blank"">@user4850988010880</a>",1,2,69.857,0.8,1,7,0,63.5,31,0,0.5
"<a href=""https://tiktok.com/@user5455368479075"" target=""_blank"">@user5455368479075</a>",1,8,48,0.667,1,3,0,228.625,94.625,2.125,2.875
"<a href=""https://tiktok.com/@user5699597151255"" target=""_blank"">@user5699597151255</a>",1,36,65.872,0.689,16,80,0.299,67.091,30.25,0.727,0.568
"<a href=""https://tiktok.com/@user7130333844"" target=""_blank"">@user7130333844</a>",6,4,79,0.75,1,4,0,14.75,7.75,0.75,0
"<a href=""https://tiktok.com/@user73947969610165"" target=""_blank"">@user73947969610165</a>",1,3,58.667,0.333,1,3,0,78.333,36.667,2,0
"<a href=""https://tiktok.com/@user7631801860120"" target=""_blank"">@user7631801860120</a>",1,3,65.8,0.75,1,5,0,145.2,64.4,2.2,0.4
"<a href=""https://tiktok.com/@user8151567859414"" target=""_blank"">@user8151567859414</a>",5,5,80,1,1,3,0,122.143,21,0,2.714
"<a href=""https://tiktok.com/@user8400896243518"" target=""_blank"">@user8400896243518</a>",3,13,73.833,0.833,2,6,0.004,130.812,55.5,0.812,1.312
"<a href=""https://tiktok.com/@zakir.hussain9587"" target=""_blank"">@zakir.hussain9587</a>",6,5,79,0.75,1,4,0,120.4,45.2,0.2,1.8
