"Network","Number of Accounts","Network Density","Network Diameter","Clustering Coefficient","Avg Views","Avg Likes","Avg Comments","Avg Shares","Member Accounts"
1,32,0.077,24,0.072,115.547,50.409,1.128,1.688,"neelakashfigure786, 558samu, rakibul_hasan2000, .lv.ma6, user418610928816, user5699597151255, islam.care73, amitomarmoharani2580, mdmelon1290, md.hossain9259, user4850988010880, gorib3653, user24794819953680, gg69453, mb.raju002, sadikur3142, user73947969610165, mdronymdrony6649, jiz899, emamu170, rokiya.1234, user2028536940088, shohidul8060, moni.mukta58, forhal5, islamvideo792, user5455368479075, user17044513603, asob.ahmed4, mdtami78, nobi.md6, user7631801860120"
2,2,1,4,NA,201.4,96.9,2,1.5,"angel.fatema.akter, md.maru9749"
3,7,0.286,16,0,143.576,57,0.879,0.833,"ikgyeheuehe, nishatnishu382720, md_mahafuz, sanowarha31, habiba15902, user8400896243518, hasibur.....rahman1"
4,2,1,3,NA,99.95,40.7,0.8,1.8,".prince.sahin, user3154149152600"
5,2,1,3,NA,115.889,23.667,0.111,2.111,"user8151567859414, user2333455933360877"
6,2,1,4,NA,73.444,28.556,0.444,1,"user7130333844, zakir.hussain9587"
7,2,1,6,NA,33.424,12.394,10.939,8.091,"asifur__rahman__shawon_7, m.d._s.h.a.w.o.n_7"
