"Account","Network","Unique Shares","Avg Time Between Shares (sec)","Edge Symmetry Score","Degree","Strength","Betweenness","Avg Views","Avg Likes","Avg Comments","Avg Shares"
"<a href=""https://tiktok.com/@1yrogls"" target=""_blank"">@1yrogls</a>",4,7,57.021,1,2,24,0,779.2,29.5,0.1,0
"<a href=""https://tiktok.com/@281bsy"" target=""_blank"">@281bsy</a>",3,6,27.333,1,1,12,0,619.111,37.111,0,0.111
"<a href=""https://tiktok.com/@336per7"" target=""_blank"">@336per7</a>",3,8,27.333,1,1,12,0,1073.455,57.182,0.455,0.182
"<a href=""https://tiktok.com/@3jfofoed"" target=""_blank"">@3jfofoed</a>",4,12,58.901,0.938,4,58,0.002,6899.25,48.417,0.667,0.25
"<a href=""https://tiktok.com/@4khuik"" target=""_blank"">@4khuik</a>",4,9,60.571,1,1,14,0,4197,115,0.333,0.444
"<a href=""https://tiktok.com/@aaqo8sth89"" target=""_blank"">@aaqo8sth89</a>",2,9,57.6,1,2,20,0.001,3775.067,101.2,1.067,0.533
"<a href=""https://tiktok.com/@annelie.nuttall"" target=""_blank"">@annelie.nuttall</a>",6,6,53.594,0.918,5,57,0.002,4973.833,350.5,8.167,309.5
"<a href=""https://tiktok.com/@auvningjixiang"" target=""_blank"">@auvningjixiang</a>",2,15,56.661,0.95,2,38,0,1155.133,58.2,0.667,0.267
"<a href=""https://tiktok.com/@brudo040"" target=""_blank"">@brudo040</a>",10,10,43.842,1,5,81,0,1294.4,16.4,0.1,1.6
"<a href=""https://tiktok.com/@bxjxhxt"" target=""_blank"">@bxjxhxt</a>",4,10,60.621,0.775,2,23,0,1322.25,66.833,0.417,0.5
"<a href=""https://tiktok.com/@celaf436"" target=""_blank"">@celaf436</a>",9,10,51.034,0.962,2,57,0,435.1,11.8,0.1,0.1
"<a href=""https://tiktok.com/@crusk361"" target=""_blank"">@crusk361</a>",12,10,42.158,1,1,19,0,1102.4,13.5,0.1,0.2
"<a href=""https://tiktok.com/@danzi00116"" target=""_blank"">@danzi00116</a>",10,10,43.88,0.975,4,65,0,3874.9,25.4,0,2
"<a href=""https://tiktok.com/@darlineguerra7"" target=""_blank"">@darlineguerra7</a>",6,5,53.01,0.877,4,48,0,275.667,14.167,0.667,1
"<a href=""https://tiktok.com/@demetriusguerrero"" target=""_blank"">@demetriusguerrero</a>",6,7,52.834,1,5,63,0,197.286,5.714,0.429,0.143
"<a href=""https://tiktok.com/@facsimile5"" target=""_blank"">@facsimile5</a>",1,14,62.071,0.846,1,14,0,978.8,58.2,0.867,0.267
"<a href=""https://tiktok.com/@fanqie0166"" target=""_blank"">@fanqie0166</a>",14,8,41.542,1,2,28,0,598.375,23.875,0.125,0.875
"<a href=""https://tiktok.com/@feimaotui0385"" target=""_blank"">@feimaotui0385</a>",11,10,62.615,1,3,39,0.002,7392,17,1,1
"<a href=""https://tiktok.com/@feitianmaotai0389"" target=""_blank"">@feitianmaotai0389</a>",15,6,55.4,1,1,10,0,6727.25,30.5,0.125,3.125
"<a href=""https://tiktok.com/@feuwi391"" target=""_blank"">@feuwi391</a>",14,8,45.792,1,2,28,0,1172,12.375,0.125,2.5
"<a href=""https://tiktok.com/@fhgxfty1"" target=""_blank"">@fhgxfty1</a>",6,7,52.727,0.896,5,61,0.001,480.571,27,0.714,2.571
"<a href=""https://tiktok.com/@fortiermaclaurin"" target=""_blank"">@fortiermaclaurin</a>",6,6,53.006,0.906,5,60,0.002,189.667,8.667,0.333,2.167
"<a href=""https://tiktok.com/@g4lkgggsn3"" target=""_blank"">@g4lkgggsn3</a>",2,14,56.261,0.95,2,38,0,1305.133,75.4,0.533,0.067
"<a href=""https://tiktok.com/@gaobiantui0529"" target=""_blank"">@gaobiantui0529</a>",10,10,52.25,1,4,65,0,705.8,16.6,0.2,1.1
"<a href=""https://tiktok.com/@ghigfewlppq"" target=""_blank"">@ghigfewlppq</a>",8,6,36.389,1,1,18,0,334.5,9.667,2.5,7.333
"<a href=""https://tiktok.com/@grusf218"" target=""_blank"">@grusf218</a>",15,8,42.755,0.894,2,21,0,1781.375,27.125,1,1.625
"<a href=""https://tiktok.com/@hanguodanren00530"" target=""_blank"">@hanguodanren00530</a>",14,8,36.442,0.969,4,46,0.003,25088.333,457.556,16.667,57.333
"<a href=""https://tiktok.com/@heipf273"" target=""_blank"">@heipf273</a>",15,5,61,0.845,2,20,0,12989.6,303.4,1.8,1
"<a href=""https://tiktok.com/@hfkvg76"" target=""_blank"">@hfkvg76</a>",10,10,40.035,0.962,5,80,0.001,564.9,21.3,0.1,1.1
"<a href=""https://tiktok.com/@hongshao0193"" target=""_blank"">@hongshao0193</a>",13,8,45.1,0.833,1,10,0,1674.125,6,0.25,0
"<a href=""https://tiktok.com/@huimian00321"" target=""_blank"">@huimian00321</a>",16,6,66.824,0.927,4,56,0,3167.5,43.333,0.667,7.5
"<a href=""https://tiktok.com/@ieddj160"" target=""_blank"">@ieddj160</a>",10,10,47.333,1,3,35,0,444.5,19.5,0.2,0.9
"<a href=""https://tiktok.com/@itsruxt3"" target=""_blank"">@itsruxt3</a>",5,5,19.1,1,1,10,0,415.4,26.4,0,0.2
"<a href=""https://tiktok.com/@jdjsbs94"" target=""_blank"">@jdjsbs94</a>",4,9,69.788,0.933,3,39,0.001,646.333,47.444,0.222,0.333
"<a href=""https://tiktok.com/@jeveus00272"" target=""_blank"">@jeveus00272</a>",11,8,24.333,1,1,12,0,1059.5,3.375,0.125,0.625
"<a href=""https://tiktok.com/@laojiekou00127"" target=""_blank"">@laojiekou00127</a>",16,5,48.061,0.923,4,54,0,1250.6,21.2,0.8,4
"<a href=""https://tiktok.com/@lyla.knudson"" target=""_blank"">@lyla.knudson</a>",6,5,57.85,0.866,2,20,0,429.4,14.4,0.2,4.4
"<a href=""https://tiktok.com/@meijia00245"" target=""_blank"">@meijia00245</a>",16,6,50.173,0.927,4,57,0,2974.333,49.833,1.833,8.667
"<a href=""https://tiktok.com/@miantiao00434"" target=""_blank"">@miantiao00434</a>",10,10,47.969,0.982,5,76,0.001,744.4,24.7,0.3,0.7
"<a href=""https://tiktok.com/@nangua0569"" target=""_blank"">@nangua0569</a>",15,8,51.07,0.911,3,31,0,1077.5,23.75,0.125,1.125
"<a href=""https://tiktok.com/@nxpsa4288"" target=""_blank"">@nxpsa4288</a>",5,5,19.1,1,1,10,0,856.75,55.75,0.5,0
"<a href=""https://tiktok.com/@phrjy319"" target=""_blank"">@phrjy319</a>",11,8,48.883,0.889,3,36,0.001,1435.625,21.25,0.25,2.125
"<a href=""https://tiktok.com/@ribendongzuo00184"" target=""_blank"">@ribendongzuo00184</a>",9,10,55.107,0.93,2,65,0,449.8,19.6,0.1,0.3
"<a href=""https://tiktok.com/@ribendongzuo0077"" target=""_blank"">@ribendongzuo0077</a>",9,10,55.038,0.969,2,64,0,426.2,15.8,0.1,0.3
"<a href=""https://tiktok.com/@ribenjuqing152"" target=""_blank"">@ribenjuqing152</a>",14,7,28.1,0.875,1,10,0,4011.429,10.286,0.143,1.857
"<a href=""https://tiktok.com/@rihangaoqing00546"" target=""_blank"">@rihangaoqing00546</a>",13,7,45.1,0.833,1,10,0,2988.286,12,0,1.429
"<a href=""https://tiktok.com/@s_heise214"" target=""_blank"">@s_heise214</a>",11,10,85.218,0.917,2,21,0.001,185.4,5.3,0.1,0.4
"<a href=""https://tiktok.com/@santiago.mundy"" target=""_blank"">@santiago.mundy</a>",6,5,62.382,0.929,2,21,0,272.4,10.2,0.6,0.8
"<a href=""https://tiktok.com/@smhyynzxe0"" target=""_blank"">@smhyynzxe0</a>",1,11,62.071,0.846,1,14,0,1276.286,133.286,0.5,0.429
"<a href=""https://tiktok.com/@urdri531"" target=""_blank"">@urdri531</a>",12,10,42.158,1,1,19,0,395.9,18.9,0.5,0.4
"<a href=""https://tiktok.com/@user1306117258437"" target=""_blank"">@user1306117258437</a>",7,9,48.286,0.875,1,14,0,601.333,15,1.083,10.167
"<a href=""https://tiktok.com/@user4196790407825"" target=""_blank"">@user4196790407825</a>",8,6,36.389,1,1,18,0,1225.167,45.167,6.833,42.833
"<a href=""https://tiktok.com/@user63158601021320"" target=""_blank"">@user63158601021320</a>",7,5,48.286,0.875,1,14,0,681.833,28.667,4.5,14.5
"<a href=""https://tiktok.com/@veisf135"" target=""_blank"">@veisf135</a>",14,8,42.5,1,1,12,0,552.5,25.875,0.5,1.375
"<a href=""https://tiktok.com/@verso1770"" target=""_blank"">@verso1770</a>",11,10,52.292,0.889,3,36,0.001,286.5,14.3,0.3,0.3
"<a href=""https://tiktok.com/@veuek344"" target=""_blank"">@veuek344</a>",11,10,40.325,0.917,2,26,0,1367.2,16.5,0.2,1.2
"<a href=""https://tiktok.com/@xingnang00535"" target=""_blank"">@xingnang00535</a>",16,6,48.534,0.864,4,63,0,4163.167,25.167,0.333,3
"<a href=""https://tiktok.com/@yemeigui236"" target=""_blank"">@yemeigui236</a>",15,8,63.525,0.937,4,40,0.002,576.25,27.5,0.375,3.125
"<a href=""https://tiktok.com/@zhongjiemao536"" target=""_blank"">@zhongjiemao536</a>",16,6,41.589,0.941,4,64,0,4633.333,44.833,1,9.333
