"Network","Number of Accounts","Network Density","Network Diameter","Clustering Coefficient","Avg Views","Avg Likes","Avg Comments","Avg Shares","Member Accounts"
1,2,1,14,0,1122.414,94.448,0.69,0.345,"facsimile5, smhyynzxe0"
2,3,1,20,1,2078.444,78.267,0.756,0.289,"aaqo8sth89, auvningjixiang, g4lkgggsn3"
3,2,1,12,0,869,48.15,0.25,0.15,"281bsy, 336per7"
4,5,0.6,32,0.545,2885.385,60.385,0.365,0.308,"3jfofoed, 4khuik, bxjxhxt, 1yrogls, jdjsbs94"
5,2,1,10,0,687,44.462,0.308,0.077,"itsruxt3, nxpsa4288"
6,7,0.667,32,0.75,973.548,61.714,1.595,45.738,"lyla.knudson, fortiermaclaurin, demetriusguerrero, fhgxfty1, darlineguerra7, annelie.nuttall, santiago.mundy"
7,2,1,14,0,628.167,19.556,2.222,11.611,"user1306117258437, user63158601021320"
8,2,1,18,0,779.833,27.417,4.667,25.083,"ghigfewlppq, user4196790407825"
9,3,1,36,1,437.033,15.733,0.1,0.233,"celaf436, ribendongzuo00184, ribendongzuo0077"
10,6,0.867,26,0.867,1271.483,20.65,0.15,1.233,"danzi00116, gaobiantui0529, brudo040, hfkvg76, miantiao00434, ieddj160"
11,6,0.467,38,0.273,2004.857,13,0.339,0.911,"jeveus00272, feimaotui0385, s_heise214, verso1770, phrjy319, veuek344"
12,2,1,19,0,749.15,16.2,0.3,0.3,"urdri531, crusk361"
13,2,1,10,0,2287.4,8.8,0.133,0.667,"hongshao0193, rihangaoqing00546"
14,5,0.5,24,0.375,6811.45,117.175,3.925,14.175,"ribenjuqing152, hanguodanren00530, feuwi391, fanqie0166, veisf135"
15,5,0.6,20,0.545,3952.622,64.541,0.595,2.081,"grusf218, feitianmaotai0389, nangua0569, heipf273, yemeigui236"
16,5,1,18,1,3306.31,37.414,0.931,6.586,"huimian00321, xingnang00535, meijia00245, laojiekou00127, zhongjiemao536"
