"Account","Network","Unique Shares","Avg Time Between Shares (sec)","Edge Symmetry Score","Degree","Strength","Betweenness","Avg Views","Avg Likes","Avg Comments","Avg Shares"
"<a href=""https://tiktok.com/@0dkpw8nn"" target=""_blank"">@0dkpw8nn</a>",26,4,51,0.8,1,5,0,109.5,6.25,0,0
"<a href=""https://tiktok.com/@13ba399c"" target=""_blank"">@13ba399c</a>",23,3,47.725,0.933,3,25,0,211.667,15,0,0
"<a href=""https://tiktok.com/@205525f0"" target=""_blank"">@205525f0</a>",21,3,63,1,1,9,0,1030.333,61,0.333,0
"<a href=""https://tiktok.com/@44686df8"" target=""_blank"">@44686df8</a>",31,5,60.511,0.853,5,31,0.001,1283.8,103.2,0,0.4
"<a href=""https://tiktok.com/@4660988e"" target=""_blank"">@4660988e</a>",23,3,49.704,0.933,3,25,0,186,12,0,0
"<a href=""https://tiktok.com/@5f021446"" target=""_blank"">@5f021446</a>",24,3,105.8,1,1,5,0,395.333,33.333,0,0.333
"<a href=""https://tiktok.com/@750abc4b"" target=""_blank"">@750abc4b</a>",22,3,52.611,0.917,3,21,0,381.333,20.333,0,0
"<a href=""https://tiktok.com/@775bb666"" target=""_blank"">@775bb666</a>",19,3,37,1,1,6,0,341,19,0,0
"<a href=""https://tiktok.com/@84e8088b"" target=""_blank"">@84e8088b</a>",21,3,63,1,1,9,0,879.667,15,0.333,0
"<a href=""https://tiktok.com/@89644a0d"" target=""_blank"">@89644a0d</a>",22,2,36.667,0.75,2,12,0,1056,109,0,0
"<a href=""https://tiktok.com/@8c607b04"" target=""_blank"">@8c607b04</a>",20,3,52.389,0.9,2,18,0,199.667,16,0,0
"<a href=""https://tiktok.com/@9d2494c7"" target=""_blank"">@9d2494c7</a>",23,3,65.695,0.889,3,19,0,196.667,9,0,0
"<a href=""https://tiktok.com/@a1a8647b"" target=""_blank"">@a1a8647b</a>",32,6,36.4,1,2,10,0,331.5,13.333,0,0
"<a href=""https://tiktok.com/@abd.aziz4467"" target=""_blank"">@abd.aziz4467</a>",16,4,82.4,0.6,1,5,0,1200.167,24.667,0.167,0
"<a href=""https://tiktok.com/@abzsn1pyt6"" target=""_blank"">@abzsn1pyt6</a>",3,3,49.733,0.875,4,22,0,1590.333,190,0,0.333
"<a href=""https://tiktok.com/@aed3646"" target=""_blank"">@aed3646</a>",16,6,79.4,0.8,2,10,0,2849,122,0.333,1.167
"<a href=""https://tiktok.com/@aedigohdu"" target=""_blank"">@aedigohdu</a>",15,4,85.6,0.6,1,5,0,580.25,10.5,0,0
"<a href=""https://tiktok.com/@agxhuwpfs5"" target=""_blank"">@agxhuwpfs5</a>",12,3,57.489,0.936,7,41,0.001,1296.333,46.667,0,0
"<a href=""https://tiktok.com/@aovvkglz"" target=""_blank"">@aovvkglz</a>",7,5,15,1,1,8,0,1517.167,44.667,0.333,0.167
"<a href=""https://tiktok.com/@b6eecbe1"" target=""_blank"">@b6eecbe1</a>",31,5,63.877,0.837,4,31,0,1754.625,100.125,0.625,0.375
"<a href=""https://tiktok.com/@baom971"" target=""_blank"">@baom971</a>",6,2,10.5,0.75,1,6,0,383.5,24,0,0
"<a href=""https://tiktok.com/@bfc.hff"" target=""_blank"">@bfc.hff</a>",14,4,51.443,1,2,12,0,5028.5,174.2,1,0.3
"<a href=""https://tiktok.com/@bsobdt0hr8"" target=""_blank"">@bsobdt0hr8</a>",18,3,56,0.8,1,7,0,1215.667,27.333,0.667,1.333
"<a href=""https://tiktok.com/@c0e7ace1"" target=""_blank"">@c0e7ace1</a>",23,3,57.452,0.756,3,23,0,238.333,9.667,0,0
"<a href=""https://tiktok.com/@c0etd7pfo6"" target=""_blank"">@c0etd7pfo6</a>",11,7,71.6,0.778,1,10,0,869.571,25.857,0.143,0.143
"<a href=""https://tiktok.com/@c9sreiusl1"" target=""_blank"">@c9sreiusl1</a>",1,3,60.4,1,1,5,0,843,79.667,0,0.333
"<a href=""https://tiktok.com/@d7prpvoqg5"" target=""_blank"">@d7prpvoqg5</a>",13,3,47.4,1,1,5,0,17317.667,606.333,2.333,3.667
"<a href=""https://tiktok.com/@dc76426b"" target=""_blank"">@dc76426b</a>",22,3,38,0.8,1,9,0,419.333,72.667,0,0
"<a href=""https://tiktok.com/@dujrqw5fk2"" target=""_blank"">@dujrqw5fk2</a>",5,2,15.667,0.75,1,6,0,1449,67,1,0
"<a href=""https://tiktok.com/@dusohscl88"" target=""_blank"">@dusohscl88</a>",12,2,62.6,0.875,2,10,0,23899,447,1.5,1
"<a href=""https://tiktok.com/@e22a6795"" target=""_blank"">@e22a6795</a>",22,3,50.389,0.806,3,20,0,1111.667,104,0.333,0
"<a href=""https://tiktok.com/@e94c70e2"" target=""_blank"">@e94c70e2</a>",20,3,45.444,1,2,18,0,306,28.333,0,0.667
"<a href=""https://tiktok.com/@edbdc28d"" target=""_blank"">@edbdc28d</a>",19,3,37,1,1,6,0,411.667,56.333,0,0
"<a href=""https://tiktok.com/@ejtuonlxr2"" target=""_blank"">@ejtuonlxr2</a>",3,3,49.242,0.917,3,19,0,378,9.333,0,0
"<a href=""https://tiktok.com/@ek5dxbiw76"" target=""_blank"">@ek5dxbiw76</a>",8,6,54.408,0.889,4,27,0,184638.5,3873,67.25,834.375
"<a href=""https://tiktok.com/@f3wwske"" target=""_blank"">@f3wwske</a>",26,4,55.167,0.8,2,11,0,33.75,1.5,0,0
"<a href=""https://tiktok.com/@f4ru9rdcl1"" target=""_blank"">@f4ru9rdcl1</a>",3,2,44.167,0.75,1,6,0,407,19.5,0.5,0.5
"<a href=""https://tiktok.com/@f6683268"" target=""_blank"">@f6683268</a>",20,3,51.278,0.9,2,18,0,316,24,0,0
"<a href=""https://tiktok.com/@f6atdprpw8"" target=""_blank"">@f6atdprpw8</a>",11,6,54.768,0.9,2,15,0,971.125,33.5,0.375,0
"<a href=""https://tiktok.com/@fdvhrf3"" target=""_blank"">@fdvhrf3</a>",8,6,52.68,0.9,4,24,0,5729.5,28.167,0.167,0.5
"<a href=""https://tiktok.com/@fkjfvrupx8"" target=""_blank"">@fkjfvrupx8</a>",2,2,65.8,0.75,1,5,0,501,41,0,0
"<a href=""https://tiktok.com/@fncribcs"" target=""_blank"">@fncribcs</a>",8,5,58.28,0.887,5,31,0,1748.8,86,0.6,1.6
"<a href=""https://tiktok.com/@gmhygcyo48"" target=""_blank"">@gmhygcyo48</a>",8,9,57.541,0.931,8,56,0.003,3757.6,81,1.5,6.4
"<a href=""https://tiktok.com/@h1kjb0q"" target=""_blank"">@h1kjb0q</a>",26,3,59.333,0.8,1,6,0,816.333,66.333,0,1.667
"<a href=""https://tiktok.com/@hayes.hyman"" target=""_blank"">@hayes.hyman</a>",22,3,69.667,0.822,3,20,0,791.667,55.333,0,0.333
"<a href=""https://tiktok.com/@hckgovj"" target=""_blank"">@hckgovj</a>",14,5,64.833,0.8,1,6,0,1099.222,47.222,0.222,0.111
"<a href=""https://tiktok.com/@idtgmaefn5"" target=""_blank"">@idtgmaefn5</a>",24,3,105.8,1,1,5,0,304,18.667,0,0
"<a href=""https://tiktok.com/@ilaaynuvc5"" target=""_blank"">@ilaaynuvc5</a>",2,2,46.833,1,1,6,0,1043.5,50.5,1,0
"<a href=""https://tiktok.com/@isadgi0"" target=""_blank"">@isadgi0</a>",25,3,35.667,1,1,6,0,1069.333,41.667,0,0
"<a href=""https://tiktok.com/@iunoh7y992"" target=""_blank"">@iunoh7y992</a>",12,3,55.559,0.913,9,62,0.001,4168.667,106.333,0,1
"<a href=""https://tiktok.com/@ixoxk"" target=""_blank"">@ixoxk</a>",15,3,85.6,0.6,1,5,0,497.5,15.25,0,0.25
"<a href=""https://tiktok.com/@jyoibh5tp0"" target=""_blank"">@jyoibh5tp0</a>",12,3,58.796,0.891,9,59,0.001,2529.333,69.333,0,0
"<a href=""https://tiktok.com/@khgdjnd"" target=""_blank"">@khgdjnd</a>",29,3,51,0.75,1,6,0,1459.667,123,0,0
"<a href=""https://tiktok.com/@kkmovies88"" target=""_blank"">@kkmovies88</a>",28,3,64.4,1,1,5,0,656,41.667,0.667,0.333
"<a href=""https://tiktok.com/@kpahq6110"" target=""_blank"">@kpahq6110</a>",32,7,34.443,0.867,3,18,0,586,15.714,0,0.429
"<a href=""https://tiktok.com/@ktp60opfx7"" target=""_blank"">@ktp60opfx7</a>",6,2,69,1,1,6,0,445,47,0.5,0.5
"<a href=""https://tiktok.com/@ktphsza70915"" target=""_blank"">@ktphsza70915</a>",31,5,64.889,0.929,2,17,0,1062.8,73.8,0,0.2
"<a href=""https://tiktok.com/@kug9dfkyt1"" target=""_blank"">@kug9dfkyt1</a>",4,3,59.37,0.773,5,30,0,654.667,26.667,0,0
"<a href=""https://tiktok.com/@lgufhh"" target=""_blank"">@lgufhh</a>",16,4,76.4,1,1,5,0,1311.6,23.4,0.2,0
"<a href=""https://tiktok.com/@m33gg168168"" target=""_blank"">@m33gg168168</a>",3,2,56.944,0.75,3,18,0,746.5,22,0.5,0.5
"<a href=""https://tiktok.com/@m86j7p"" target=""_blank"">@m86j7p</a>",27,4,66.6,0.75,1,5,0,745.5,66.25,0,1
"<a href=""https://tiktok.com/@maryreynolds112"" target=""_blank"">@maryreynolds112</a>",14,10,58.516,0.933,3,20,0,48190,1146.8,14.3,10.1
"<a href=""https://tiktok.com/@mcmvtykcu4"" target=""_blank"">@mcmvtykcu4</a>",8,10,53.976,0.904,7,59,0,5012.7,72.5,1.3,2.9
"<a href=""https://tiktok.com/@mistvale_04"" target=""_blank"">@mistvale_04</a>",4,2,60.633,0.722,3,16,0,1125,43,0,0
"<a href=""https://tiktok.com/@movieww0"" target=""_blank"">@movieww0</a>",28,3,64.4,1,1,5,0,107547,5794.667,23.667,31
"<a href=""https://tiktok.com/@msnf8xvt95"" target=""_blank"">@msnf8xvt95</a>",17,3,75.8,0.8,1,5,0,197,5.667,0,0
"<a href=""https://tiktok.com/@mwmnolke35"" target=""_blank"">@mwmnolke35</a>",8,4,51.358,0.95,4,23,0,3536,105.167,1,2
"<a href=""https://tiktok.com/@neidapilnyp8"" target=""_blank"">@neidapilnyp8</a>",31,5,54.786,0.917,2,14,0,546.6,29.8,0,0.4
"<a href=""https://tiktok.com/@nfdmob"" target=""_blank"">@nfdmob</a>",25,2,35.667,1,1,6,0,387,2.5,0,0
"<a href=""https://tiktok.com/@npabjipwa5"" target=""_blank"">@npabjipwa5</a>",12,3,54.991,0.862,8,55,0,572.667,22.333,0,0
"<a href=""https://tiktok.com/@oeplbsknc6"" target=""_blank"">@oeplbsknc6</a>",8,7,55.766,0.927,5,32,0,3651.5,91.125,2.25,1.625
"<a href=""https://tiktok.com/@ot7mz3hto0"" target=""_blank"">@ot7mz3hto0</a>",3,3,46.931,0.917,3,19,0,372,8.667,0,0
"<a href=""https://tiktok.com/@p5sjgrqvh5"" target=""_blank"">@p5sjgrqvh5</a>",17,3,75.8,0.8,1,5,0,114.667,1,0,0
"<a href=""https://tiktok.com/@parthhjsljl"" target=""_blank"">@parthhjsljl</a>",7,5,15,1,1,8,0,289.167,18.5,0,0
"<a href=""https://tiktok.com/@pfbxeduu58"" target=""_blank"">@pfbxeduu58</a>",2,3,56.317,0.875,2,11,0,362,33.667,0,0
"<a href=""https://tiktok.com/@pujfchh1u5"" target=""_blank"">@pujfchh1u5</a>",5,3,53.762,0.875,2,13,0,350.667,16.333,0,0
"<a href=""https://tiktok.com/@q2exglpxz9"" target=""_blank"">@q2exglpxz9</a>",5,3,38.222,1,1,9,0,1591.333,49,0.333,0
"<a href=""https://tiktok.com/@q5hbkduxc0"" target=""_blank"">@q5hbkduxc0</a>",8,8,48.317,0.911,7,56,0,3844.875,83.25,1,7.75
"<a href=""https://tiktok.com/@qaf4jbflw4"" target=""_blank"">@qaf4jbflw4</a>",8,7,49.915,0.933,6,39,0.002,2196.875,96.5,1.75,5.5
"<a href=""https://tiktok.com/@qfdxkzngz4"" target=""_blank"">@qfdxkzngz4</a>",12,3,55.539,0.906,8,52,0,653,36,0,0
"<a href=""https://tiktok.com/@qnk0c8xax6"" target=""_blank"">@qnk0c8xax6</a>",9,7,45.273,1,1,11,0,3530.875,95,0.875,0.875
"<a href=""https://tiktok.com/@qoprvlbdl8"" target=""_blank"">@qoprvlbdl8</a>",12,2,43.722,0.833,4,24,0,2496.667,124.667,1,1
"<a href=""https://tiktok.com/@qwrt009977"" target=""_blank"">@qwrt009977</a>",6,3,43.633,0.833,3,17,0,1354.667,91,0,0.333
"<a href=""https://tiktok.com/@r4uwm3vcl9"" target=""_blank"">@r4uwm3vcl9</a>",10,6,49.971,1,2,12,0,2434.286,46.571,0.286,0.143
"<a href=""https://tiktok.com/@r9adupcii2"" target=""_blank"">@r9adupcii2</a>",12,3,65.861,0.85,6,36,0,2817,132,0.667,0
"<a href=""https://tiktok.com/@rdrgr6sqa6"" target=""_blank"">@rdrgr6sqa6</a>",8,9,54.361,0.97,8,58,0.002,3956.333,63.333,0.778,3.222
"<a href=""https://tiktok.com/@rgf3gc2hu1"" target=""_blank"">@rgf3gc2hu1</a>",10,4,47.8,1,1,5,0,2133.5,53.333,1.167,0.167
"<a href=""https://tiktok.com/@rikimovie5"" target=""_blank"">@rikimovie5</a>",30,3,56.5,1,1,8,0,44574,411.667,0.667,4.667
"<a href=""https://tiktok.com/@rjqpe6uci4"" target=""_blank"">@rjqpe6uci4</a>",13,3,47.4,1,1,5,0,1083,96,2.667,0.333
"<a href=""https://tiktok.com/@rmmuta"" target=""_blank"">@rmmuta</a>",30,3,58.312,1,2,16,0,452.333,52.333,0,0
"<a href=""https://tiktok.com/@rqurwghch7"" target=""_blank"">@rqurwghch7</a>",31,5,66.6,1,1,5,0,1351.125,41.25,0.75,0.875
"<a href=""https://tiktok.com/@shokercoheafl"" target=""_blank"">@shokercoheafl</a>",32,5,33.5,0.8,1,6,0,1413.857,37.429,0.714,1.429
"<a href=""https://tiktok.com/@supq4224048"" target=""_blank"">@supq4224048</a>",31,6,53.527,0.9,4,25,0,1175.667,33.333,0.167,0.167
"<a href=""https://tiktok.com/@tfvoapc"" target=""_blank"">@tfvoapc</a>",29,3,51,0.75,1,6,0,35003,150,1,1.667
"<a href=""https://tiktok.com/@tom6qyvuk9"" target=""_blank"">@tom6qyvuk9</a>",11,8,64.443,0.859,3,26,0,6838.625,109.375,3.5,1.875
"<a href=""https://tiktok.com/@tv4sil7yv1"" target=""_blank"">@tv4sil7yv1</a>",4,3,59,0.838,4,20,0,3174.667,373.667,0.333,0
"<a href=""https://tiktok.com/@u0flgiu9l6"" target=""_blank"">@u0flgiu9l6</a>",5,3,65.04,1,2,16,0,2942,60.667,2,0
"<a href=""https://tiktok.com/@ualfue9r06"" target=""_blank"">@ualfue9r06</a>",18,3,56,0.8,1,7,0,2465.667,58,0.333,0
"<a href=""https://tiktok.com/@uoukjuh9462"" target=""_blank"">@uoukjuh9462</a>",31,8,53.893,0.914,4,25,0.001,1073,86,0.111,0.556
"<a href=""https://tiktok.com/@user1500265187196"" target=""_blank"">@user1500265187196</a>",4,3,55.821,0.9,4,25,0,3465.667,37.333,0,0
"<a href=""https://tiktok.com/@user31313825076752"" target=""_blank"">@user31313825076752</a>",14,5,56.514,1,2,12,0,2147.714,117.429,0.857,0.429
"<a href=""https://tiktok.com/@user4099217324430"" target=""_blank"">@user4099217324430</a>",30,3,60.125,1,1,8,0,2052,128.667,0,0.667
"<a href=""https://tiktok.com/@user4169855668443"" target=""_blank"">@user4169855668443</a>",4,3,74,0.667,3,16,0,3358.333,45.667,0,0
"<a href=""https://tiktok.com/@user80339861234913"" target=""_blank"">@user80339861234913</a>",4,3,61.034,0.828,6,39,0,10154.667,64,1,1
"<a href=""https://tiktok.com/@uuxbqresx9"" target=""_blank"">@uuxbqresx9</a>",8,9,47.281,0.919,6,45,0,19826.778,79.222,2,5.889
"<a href=""https://tiktok.com/@v0tgsso365"" target=""_blank"">@v0tgsso365</a>",8,7,51.36,0.913,6,53,0,3961,68.75,1.375,6.375
"<a href=""https://tiktok.com/@vdv9iggyi7"" target=""_blank"">@vdv9iggyi7</a>",8,9,49.438,0.921,6,49,0,3645.667,71.333,1.556,6.222
"<a href=""https://tiktok.com/@w0crnybze4"" target=""_blank"">@w0crnybze4</a>",1,3,60.4,1,1,5,0,1658.667,80.333,2,0
"<a href=""https://tiktok.com/@w4jvi13h66"" target=""_blank"">@w4jvi13h66</a>",12,3,51.003,0.869,6,39,0,1267,78.333,0,0
"<a href=""https://tiktok.com/@wjyhbrzuu9"" target=""_blank"">@wjyhbrzuu9</a>",9,7,45.273,1,1,11,0,1896,65.625,3.375,1
"<a href=""https://tiktok.com/@xop0e1alr2"" target=""_blank"">@xop0e1alr2</a>",6,2,51.4,0.75,1,5,0,314.5,7,0.5,0
"<a href=""https://tiktok.com/@xuiesuquu7"" target=""_blank"">@xuiesuquu7</a>",11,6,44.347,1,2,17,0,3726.714,50,1.286,0
"<a href=""https://tiktok.com/@xzswi51b"" target=""_blank"">@xzswi51b</a>",27,3,66.6,0.75,1,5,0,223.667,25,0,0
"<a href=""https://tiktok.com/@ynrmwjd2c7"" target=""_blank"">@ynrmwjd2c7</a>",10,5,52.143,1,1,7,0,1788.143,53.857,0.714,0.429
"<a href=""https://tiktok.com/@ytgegrb6"" target=""_blank"">@ytgegrb6</a>",4,3,50.056,0.83,5,30,0,1542,65.667,0,1
"<a href=""https://tiktok.com/@z7e1vq4dh5"" target=""_blank"">@z7e1vq4dh5</a>",12,3,53.222,0.833,3,18,0,45581.667,1350.333,0.667,4.667
"<a href=""https://tiktok.com/@zt8fxkpfc4"" target=""_blank"">@zt8fxkpfc4</a>",12,3,56.188,0.854,4,24,0,99813.333,2267.333,2.667,4
"<a href=""https://tiktok.com/@zykfh8324"" target=""_blank"">@zykfh8324</a>",32,5,28.914,0.9,2,12,0,794.429,32,1,0.143
