"Network","Number of Accounts","Network Density","Network Diameter","Clustering Coefficient","Avg Views","Avg Likes","Avg Comments","Avg Shares","Member Accounts"
1,2,1,5,0,1250.833,80,1,0.167,"c9sreiusl1, w0crnybze4"
2,3,0.667,11,0,596.429,40.571,0.286,0,"fkjfvrupx8, pfbxeduu58, ilaaynuvc5"
3,5,0.7,12,0.8,717.538,54.385,0.154,0.231,"abzsn1pyt6, ejtuonlxr2, f4ru9rdcl1, m33gg168168, ot7mz3hto0"
4,7,0.714,12,0.736,3465,96.25,0.2,0.3,"tv4sil7yv1, kug9dfkyt1, mistvale_04, user4169855668443, user80339861234913, user1500265187196, ytgegrb6"
5,4,0.5,22,0,1595.455,46.545,0.818,0,"q2exglpxz9, pujfchh1u5, dujrqw5fk2, u0flgiu9l6"
6,4,0.5,12,0,705.556,47.667,0.222,0.222,"ktp60opfx7, qwrt009977, xop0e1alr2, baom971"
7,2,1,8,0,903.167,31.583,0.167,0.083,"aovvkglz, parthhjsljl"
8,13,0.487,22,0.765,19088.856,369.144,6.404,68.26,"mwmnolke35, mcmvtykcu4, fncribcs, gmhygcyo48, fdvhrf3, qaf4jbflw4, uuxbqresx9, rdrgr6sqa6, v0tgsso365, oeplbsknc6, q5hbkduxc0, ek5dxbiw76, vdv9iggyi7"
9,2,1,11,0,2713.438,80.312,2.125,0.938,"qnk0c8xax6, wjyhbrzuu9"
10,3,0.667,12,0,2117.9,51.15,0.7,0.25,"rgf3gc2hu1, r4uwm3vcl9, ynrmwjd2c7"
11,4,0.667,19,0.6,3155.067,55.8,1.367,0.533,"c0etd7pfo6, f6atdprpw8, tom6qyvuk9, xuiesuquu7"
12,11,0.6,17,0.708,16605.781,424.812,0.562,1.062,"qoprvlbdl8, r9adupcii2, dusohscl88, qfdxkzngz4, iunoh7y992, jyoibh5tp0, npabjipwa5, agxhuwpfs5, w4jvi13h66, zt8fxkpfc4, z7e1vq4dh5"
13,2,1,5,0,9200.333,351.167,2.5,2,"d7prpvoqg5, rjqpe6uci4"
14,4,0.667,13,0.6,15475.333,401.583,4.472,3,"maryreynolds112, hckgovj, bfc.hff, user31313825076752"
15,2,1,5,0,538.875,12.875,0,0.125,"aedigohdu, ixoxk"
16,3,0.667,10,0,1814.882,58.647,0.235,0.412,"abd.aziz4467, aed3646, lgufhh"
17,2,1,5,0,155.833,3.333,0,0,"msnf8xvt95, p5sjgrqvh5"
18,2,1,7,0,1840.667,42.667,0.5,0.667,"bsobdt0hr8, ualfue9r06"
19,2,1,6,0,376.333,37.667,0,0,"775bb666, edbdc28d"
20,3,1,9,1,273.889,22.778,0,0.222,"e94c70e2, 8c607b04, f6683268"
21,2,1,9,0,955,38,0.333,0,"205525f0, 84e8088b"
22,5,0.6,20,0.6,730.286,69.643,0.071,0.071,"dc76426b, e22a6795, 750abc4b, 89644a0d, hayes.hyman"
23,4,1,9,1,208.167,11.417,0,0,"4660988e, 13ba399c, 9d2494c7, c0e7ace1"
24,2,1,5,0,349.667,26,0,0.167,"5f021446, idtgmaefn5"
25,2,1,6,0,796.4,26,0,0,"isadgi0, nfdmob"
26,3,0.667,11,0,274.727,20.909,0,0.455,"0dkpw8nn, f3wwske, h1kjb0q"
27,2,1,5,0,521.857,48.571,0,0.571,"m86j7p, xzswi51b"
28,2,1,5,0,54101.5,2918.167,12.167,15.667,"movieww0, kkmovies88"
29,2,1,6,0,18231.333,136.5,0.5,0.833,"khgdjnd, tfvoapc"
30,3,0.667,16,0,15692.778,197.556,0.222,1.778,"rikimovie5, rmmuta, user4099217324430"
31,7,0.524,20,0.6,1217.891,68.239,0.283,0.457,"neidapilnyp8, 44686df8, rqurwghch7, b6eecbe1, ktphsza70915, supq4224048, uoukjuh9462"
32,4,0.667,13,0.6,798.111,25.037,0.444,0.519,"shokercoheafl, kpahq6110, a1a8647b, zykfh8324"
