"Account","Network","Unique Shares","Avg Time Between Shares (sec)","Edge Symmetry Score","Degree","Strength","Betweenness","Avg Views","Avg Likes","Avg Comments","Avg Shares"
"<a href=""https://tiktok.com/@abd.fyuhd"" target=""_blank"">@abd.fyuhd</a>",14,4,46.4,1,1,5,0,1221.75,60.25,0.5,1.75
"<a href=""https://tiktok.com/@aed13749"" target=""_blank"">@aed13749</a>",13,6,58.278,1,3,16,0.005,1170,46.667,0.5,0.833
"<a href=""https://tiktok.com/@aed2502"" target=""_blank"">@aed2502</a>",15,4,62.2,1,1,5,0,2986,119.25,1.5,0.25
"<a href=""https://tiktok.com/@aed3683"" target=""_blank"">@aed3683</a>",13,6,50.2,1,1,5,0,1201.5,52.833,0,0.333
"<a href=""https://tiktok.com/@aed3836"" target=""_blank"">@aed3836</a>",12,5,71.667,1,1,6,0,36827.4,511.2,10.2,11.4
"<a href=""https://tiktok.com/@aed53885"" target=""_blank"">@aed53885</a>",11,6,84.667,1,1,6,0,966.833,88.5,1,1.333
"<a href=""https://tiktok.com/@aed6071"" target=""_blank"">@aed6071</a>",6,5,60.8,0.8,1,5,0,929.2,40.4,0.6,0.6
"<a href=""https://tiktok.com/@aed63956"" target=""_blank"">@aed63956</a>",13,5,79.8,1,1,5,0,1387.8,72.2,2,1.6
"<a href=""https://tiktok.com/@aed9321"" target=""_blank"">@aed9321</a>",12,6,71.667,1,1,6,0,2081.5,130.667,0.833,1.333
"<a href=""https://tiktok.com/@aed9329"" target=""_blank"">@aed9329</a>",15,4,75.2,1,1,5,0,1896,154.167,0.5,2
"<a href=""https://tiktok.com/@aed9t4"" target=""_blank"">@aed9t4</a>",6,6,64.5,1,2,10,0.005,1034,45.333,0,1.167
"<a href=""https://tiktok.com/@aedfjvg"" target=""_blank"">@aedfjvg</a>",13,6,66.3,0.9,2,10,0.003,912.833,46.333,0,0.667
"<a href=""https://tiktok.com/@aedgkcf"" target=""_blank"">@aedgkcf</a>",13,5,81,1,1,5,0,1574.8,77.4,0.6,0.8
"<a href=""https://tiktok.com/@bufgkvh"" target=""_blank"">@bufgkvh</a>",9,6,64.889,1,5,42,0.009,858.833,5.5,0,0
"<a href=""https://tiktok.com/@bylrykv"" target=""_blank"">@bylrykv</a>",9,3,68.917,0.833,2,15,0,81.667,1,0,0
"<a href=""https://tiktok.com/@dfhjf3356"" target=""_blank"">@dfhjf3356</a>",11,5,84.667,1,1,6,0,1057.8,50,0.4,0.2
"<a href=""https://tiktok.com/@dscgty"" target=""_blank"">@dscgty</a>",6,6,44.6,1,3,15,0.005,887.833,42.5,0.167,0.833
"<a href=""https://tiktok.com/@fdvhrf3"" target=""_blank"">@fdvhrf3</a>",6,5,41.2,1,1,5,0,725.4,38,0,2.2
"<a href=""https://tiktok.com/@fhvdet"" target=""_blank"">@fhvdet</a>",6,6,59.962,1,3,17,0.005,1203,71.333,0.333,2.5
"<a href=""https://tiktok.com/@fhyrgu"" target=""_blank"">@fhyrgu</a>",8,5,52,1,1,5,0,859.4,38,0.4,0
"<a href=""https://tiktok.com/@fjcfyg3"" target=""_blank"">@fjcfyg3</a>",7,5,42.8,1,1,5,0,883.333,42,0.167,1.167
"<a href=""https://tiktok.com/@fjgryg0"" target=""_blank"">@fjgryg0</a>",7,5,42.8,1,1,5,0,814.2,41.4,0,0.4
"<a href=""https://tiktok.com/@fsvgdv6"" target=""_blank"">@fsvgdv6</a>",8,5,52,1,1,5,0,1136.6,72.2,0,0
"<a href=""https://tiktok.com/@gbooat"" target=""_blank"">@gbooat</a>",4,6,49.5,1,1,14,0,0,0,1,0
"<a href=""https://tiktok.com/@gofhsgs"" target=""_blank"">@gofhsgs</a>",9,6,81.194,1,3,22,0.002,385.5,10,0,0.167
"<a href=""https://tiktok.com/@gshej03"" target=""_blank"">@gshej03</a>",10,4,49.95,0.833,2,11,0,325.6,8.4,0.6,0
"<a href=""https://tiktok.com/@isheuf8"" target=""_blank"">@isheuf8</a>",9,6,54.259,0.889,3,24,0.014,1105.5,16.833,0.333,0.167
"<a href=""https://tiktok.com/@jrcibug"" target=""_blank"">@jrcibug</a>",10,5,53.033,0.833,2,14,0,822,23.8,0.2,0.4
"<a href=""https://tiktok.com/@kfgibb6"" target=""_blank"">@kfgibb6</a>",9,5,73.389,0.841,3,27,0.01,868.8,36.8,0.2,0
"<a href=""https://tiktok.com/@kndvu9874"" target=""_blank"">@kndvu9874</a>",15,5,68.7,1,2,10,0.001,2091.6,138.6,0.6,4
"<a href=""https://tiktok.com/@lycesyhi"" target=""_blank"">@lycesyhi</a>",9,6,45.861,0.9,4,36,0.006,886.167,27.167,0.167,0.167
"<a href=""https://tiktok.com/@md.12345667"" target=""_blank"">@md.12345667</a>",1,4,48.333,0.8,1,6,0,0,0,6,0
"<a href=""https://tiktok.com/@nudgsy"" target=""_blank"">@nudgsy</a>",10,3,43.583,1,2,15,0,94,0.667,0,0
"<a href=""https://tiktok.com/@okgsisnssx"" target=""_blank"">@okgsisnssx</a>",2,7,37.444,1,1,18,0,0,0,1.222,0
"<a href=""https://tiktok.com/@pyhkcd"" target=""_blank"">@pyhkcd</a>",9,6,67.25,1,4,32,0.003,1227.333,25.333,0.667,0.333
"<a href=""https://tiktok.com/@richj4563"" target=""_blank"">@richj4563</a>",14,6,46.4,1,1,5,0,3786.333,124.667,2.5,1.667
"<a href=""https://tiktok.com/@rmcbk1"" target=""_blank"">@rmcbk1</a>",6,4,36.4,1,1,5,0,718.25,31,0.75,0.25
"<a href=""https://tiktok.com/@ryiandkyo8"" target=""_blank"">@ryiandkyo8</a>",9,6,53.861,0.867,3,26,0.001,704.333,18.333,0,1
"<a href=""https://tiktok.com/@sadiya45544"" target=""_blank"">@sadiya45544</a>",1,2,48.333,0.8,1,6,0,72,27,4,0
"<a href=""https://tiktok.com/@tdkgsfi"" target=""_blank"">@tdkgsfi</a>",9,5,51.833,0.762,2,18,0,717,19.4,0.2,0
"<a href=""https://tiktok.com/@tegvxszf"" target=""_blank"">@tegvxszf</a>",9,6,39.556,0.867,3,27,0,522,11,0,0.167
"<a href=""https://tiktok.com/@tim.david889"" target=""_blank"">@tim.david889</a>",13,5,48.217,0.9,2,11,0.004,772.2,39.6,0.6,0.2
"<a href=""https://tiktok.com/@user1203836358576"" target=""_blank"">@user1203836358576</a>",6,5,54.7,1,3,16,0.012,899,33.6,1,0.2
"<a href=""https://tiktok.com/@user21262553117816"" target=""_blank"">@user21262553117816</a>",6,6,53.646,1,4,23,0.009,695.833,24.333,0.167,0.333
"<a href=""https://tiktok.com/@user2133900382902"" target=""_blank"">@user2133900382902</a>",5,4,29.833,1,2,11,0,0,0,0.111,0
"<a href=""https://tiktok.com/@user43301358468186"" target=""_blank"">@user43301358468186</a>",5,4,9.333,1,1,6,0,0,0,0.167,0
"<a href=""https://tiktok.com/@user4803678204918"" target=""_blank"">@user4803678204918</a>",6,6,53.667,0.933,3,15,0.01,653,30.333,0.333,0
"<a href=""https://tiktok.com/@user7388431600768"" target=""_blank"">@user7388431600768</a>",5,7,18.2,1,3,17,0.001,371.778,2.111,0.111,0
"<a href=""https://tiktok.com/@user7817249032616"" target=""_blank"">@user7817249032616</a>",5,3,33.8,1,2,10,0,0,0,0,0
"<a href=""https://tiktok.com/@user8431021130445"" target=""_blank"">@user8431021130445</a>",3,7,45.961,0.76,2,26,0,0,0,0.857,0
"<a href=""https://tiktok.com/@user8632343249071"" target=""_blank"">@user8632343249071</a>",4,5,50.4,1,1,10,0,0,0,1,0
"<a href=""https://tiktok.com/@user9775293028068"" target=""_blank"">@user9775293028068</a>",6,5,66,1,1,5,0,677,40.2,0.6,0.2
"<a href=""https://tiktok.com/@victory202525"" target=""_blank"">@victory202525</a>",3,9,57.127,0.885,2,29,0,0,0,1.111,0
"<a href=""https://tiktok.com/@vjcgf0"" target=""_blank"">@vjcgf0</a>",9,4,78.333,1,2,15,0,966,32.333,0,1.5
"<a href=""https://tiktok.com/@xin20241035"" target=""_blank"">@xin20241035</a>",4,9,49.95,1,2,24,0.001,0,0,0.222,0
"<a href=""https://tiktok.com/@yydszdzqa"" target=""_blank"">@yydszdzqa</a>",3,5,54.5,0.875,2,21,0,0,0,0.4,0
"<a href=""https://tiktok.com/@yyfdtwhtod"" target=""_blank"">@yyfdtwhtod</a>",2,6,37.444,1,1,18,0,0,0,1.556,0
