"Network","Number of Accounts","Network Density","Network Diameter","Clustering Coefficient","Avg Views","Avg Likes","Avg Comments","Avg Shares","Member Accounts"
1,2,1,6,NA,27,10.125,5.25,0,"md.12345667, sadiya45544"
2,2,1,18,NA,0,0,1.389,0,"okgsisnssx, yyfdtwhtod"
3,3,1,17,1,0,0,0.857,0,"user8431021130445, victory202525, yydszdzqa"
4,3,0.667,24,0,0,0,0.696,0,"gbooat, user8632343249071, xin20241035"
5,4,0.667,12,0.6,123.926,0.704,0.111,0,"user2133900382902, user7388431600768, user43301358468186, user7817249032616"
6,10,0.244,26,0.316,849.407,40.148,0.37,0.852,"dscgty, fdvhrf3, fhvdet, aed9t4, aed6071, user1203836358576, user4803678204918, user21262553117816, rmcbk1, user9775293028068"
7,2,1,5,NA,851.909,41.727,0.091,0.818,"fjcfyg3, fjgryg0"
8,2,1,5,NA,998,55.1,0.2,0,"fhyrgu, fsvgdv6"
9,11,0.309,36,0.375,755.516,18.219,0.141,0.328,"lycesyhi, ryiandkyo8, isheuf8, kfgibb6, bylrykv, gofhsgs, bufgkvh, pyhkcd, tegvxszf, tdkgsfi, vjcgf0"
10,3,1,9,1,463.077,12.538,0.308,0.154,"jrcibug, gshej03, nudgsy"
11,2,1,6,NA,1008.182,71,0.727,0.818,"aed53885, dfhjf3356"
12,2,1,6,NA,17875.091,303.636,5.091,5.909,"aed3836, aed9321"
13,6,0.333,21,0,1163.03,55.182,0.576,0.727,"aed13749, aed3683, aed63956, aedfjvg, aedgkcf, tim.david889"
14,2,1,5,NA,2760.5,98.9,1.7,1.7,"richj4563, abd.fyuhd"
15,3,0.667,10,0,2251.867,139.667,0.8,2.2,"kndvu9874, aed9329, aed2502"
