"Account","Network","Unique Shares","Avg Time Between Shares (sec)","Edge Symmetry Score","Degree","Strength","Betweenness","Avg Views","Avg Likes","Avg Comments","Avg Shares"
"<a href=""https://tiktok.com/@1yrogls"" target=""_blank"">@1yrogls</a>",37,4,31.902,1,4,31,0,1010.5,39.5,0,0.25
"<a href=""https://tiktok.com/@5ueqtpnac"" target=""_blank"">@5ueqtpnac</a>",29,3,23.333,1,1,9,0,1419,81.333,0.333,0
"<a href=""https://tiktok.com/@6dhbgbvuyqw"" target=""_blank"">@6dhbgbvuyqw</a>",6,5,74.143,0.8,1,7,0,1703,113.6,1.2,0.2
"<a href=""https://tiktok.com/@acofei"" target=""_blank"">@acofei</a>",109,8,70.714,1,1,7,0,1943.111,56.333,1.444,0.778
"<a href=""https://tiktok.com/@aed0267"" target=""_blank"">@aed0267</a>",9,12,58.065,0.866,6,68,0,1594.083,103.833,0.583,1.583
"<a href=""https://tiktok.com/@aed2750"" target=""_blank"">@aed2750</a>",9,7,67.46,0.875,2,19,0,2067.571,135.143,1.286,3
"<a href=""https://tiktok.com/@aed2996"" target=""_blank"">@aed2996</a>",10,5,19.625,0.833,1,8,0,5423.833,87.5,0.833,3.833
"<a href=""https://tiktok.com/@aed5094"" target=""_blank"">@aed5094</a>",134,6,30.943,1,2,19,0,4309.333,213.667,18.667,97.5
"<a href=""https://tiktok.com/@aed5167"" target=""_blank"">@aed5167</a>",133,8,44.792,1,2,20,0,2327.625,115.5,3.75,8.5
"<a href=""https://tiktok.com/@aeddhgds4723"" target=""_blank"">@aeddhgds4723</a>",138,7,36.833,1,2,20,0,1947.714,50.857,4.857,31
"<a href=""https://tiktok.com/@aeddhjf6830"" target=""_blank"">@aeddhjf6830</a>",73,6,61.6,0.857,1,10,0,37014.286,1052.857,13.143,30.714
"<a href=""https://tiktok.com/@aeddjgjdks4732"" target=""_blank"">@aeddjgjdks4732</a>",135,8,91.1,0.829,2,17,0,2632.5,72,3,18.375
"<a href=""https://tiktok.com/@aeddjjy194"" target=""_blank"">@aeddjjy194</a>",138,6,33.958,1,2,20,0,1616.714,48,0.571,19
"<a href=""https://tiktok.com/@aedgslpxjx"" target=""_blank"">@aedgslpxjx</a>",2,6,70.571,0.857,1,7,0,1143.333,50.667,0.167,0.167
"<a href=""https://tiktok.com/@aedvjdfjfj48528"" target=""_blank"">@aedvjdfjfj48528</a>",138,5,31.625,1,2,16,0,2142,76.4,11.6,43.2
"<a href=""https://tiktok.com/@airplandriver120"" target=""_blank"">@airplandriver120</a>",21,6,59.55,0.857,1,20,0,7132.727,358.455,21.455,9.727
"<a href=""https://tiktok.com/@alisia.yundt"" target=""_blank"">@alisia.yundt</a>",122,6,56.143,0.9,2,14,0,1233.333,198.833,1.333,0
"<a href=""https://tiktok.com/@amazing_seeet120"" target=""_blank"">@amazing_seeet120</a>",22,6,93.5,0.8,1,12,0,1946.091,129.864,5.045,8.091
"<a href=""https://tiktok.com/@amazingpilot0"" target=""_blank"">@amazingpilot0</a>",48,5,59.118,1,1,17,0,240,55.4,3.4,0.4
"<a href=""https://tiktok.com/@amazingpilot2"" target=""_blank"">@amazingpilot2</a>",48,6,60.17,0.859,3,34,0,202.333,38.667,3,0.333
"<a href=""https://tiktok.com/@anhthupham008"" target=""_blank"">@anhthupham008</a>",70,3,50.493,0.9,2,17,0,3672.333,47,0.667,0
"<a href=""https://tiktok.com/@anthony.ecofju378"" target=""_blank"">@anthony.ecofju378</a>",135,6,68,0.9,2,15,0,4518.143,144.714,7.857,90.857
"<a href=""https://tiktok.com/@anthonyhkm489"" target=""_blank"">@anthonyhkm489</a>",136,7,51.444,0.833,1,9,0,1273,54.714,0.429,1.286
"<a href=""https://tiktok.com/@arlenswinburne0317"" target=""_blank"">@arlenswinburne0317</a>",131,8,29.8,0.875,1,10,0,3605.875,150.625,7.625,11.5
"<a href=""https://tiktok.com/@avafind2"" target=""_blank"">@avafind2</a>",49,14,44,1,1,14,0,516.85,0.95,0,0.05
"<a href=""https://tiktok.com/@baifamm13"" target=""_blank"">@baifamm13</a>",75,5,19.571,1,1,7,0,1503.6,123.2,1.4,0.6
"<a href=""https://tiktok.com/@bao3twsam4"" target=""_blank"">@bao3twsam4</a>",106,3,47.887,1,8,71,0,131.667,1,0,0
"<a href=""https://tiktok.com/@baommm466"" target=""_blank"">@baommm466</a>",107,3,60.125,1,1,8,0,6027.333,251.333,1.333,9.333
"<a href=""https://tiktok.com/@bckdihd"" target=""_blank"">@bckdihd</a>",40,8,45.5,1,1,8,0,1780.5,87.75,3.875,1.875
"<a href=""https://tiktok.com/@bdkcv272"" target=""_blank"">@bdkcv272</a>",64,14,59.387,0.849,4,45,0,2092.6,39.4,1.267,2.467
"<a href=""https://tiktok.com/@beautiful46h"" target=""_blank"">@beautiful46h</a>",48,13,55.637,0.867,4,48,0,119.125,31.938,4.812,0.062
"<a href=""https://tiktok.com/@bfscbv"" target=""_blank"">@bfscbv</a>",118,5,38.75,1,1,8,0,839.875,79.625,1.25,2.75
"<a href=""https://tiktok.com/@bftdyfhy257"" target=""_blank"">@bftdyfhy257</a>",67,4,55.75,1,1,8,0,1153.8,61.6,1.6,0.4
"<a href=""https://tiktok.com/@bgcnk7"" target=""_blank"">@bgcnk7</a>",90,4,49,1,1,8,0,1175.25,134.25,2,2.75
"<a href=""https://tiktok.com/@bhbtv103"" target=""_blank"">@bhbtv103</a>",95,9,90.5,0.833,1,10,0,3405.889,70.889,0.333,0.444
"<a href=""https://tiktok.com/@bjspsp"" target=""_blank"">@bjspsp</a>",43,8,66.524,1,3,23,0,8655.625,154.75,6.75,1.125
"<a href=""https://tiktok.com/@bkot6010"" target=""_blank"">@bkot6010</a>",36,7,16.857,1,1,7,0,1274.444,75.111,0.444,0.667
"<a href=""https://tiktok.com/@bsbseuo"" target=""_blank"">@bsbseuo</a>",18,8,86.857,1,1,7,0,25995.75,620.5,2.5,3.375
"<a href=""https://tiktok.com/@buokce"" target=""_blank"">@buokce</a>",129,3,20.667,0.8,1,9,0,368.667,12,2.333,0
"<a href=""https://tiktok.com/@bvoo3130"" target=""_blank"">@bvoo3130</a>",115,9,60.132,1,5,94,0,3759,72.889,1.444,0.444
"<a href=""https://tiktok.com/@bydk2bbgz2"" target=""_blank"">@bydk2bbgz2</a>",106,3,48.107,1,8,64,0,17.333,0.333,0,0
"<a href=""https://tiktok.com/@c332793"" target=""_blank"">@c332793</a>",99,6,40.667,1,2,20,0,1561.167,65,1.5,0
"<a href=""https://tiktok.com/@cagnhd"" target=""_blank"">@cagnhd</a>",18,8,62.946,0.775,2,15,0,3882.25,157.25,3,1
"<a href=""https://tiktok.com/@cardriving139"" target=""_blank"">@cardriving139</a>",48,17,58.611,0.878,3,31,0,271.55,61.7,7.15,0.3
"<a href=""https://tiktok.com/@cbjf05"" target=""_blank"">@cbjf05</a>",1,4,48.857,1,1,7,0,1091.5,58.75,1,0.75
"<a href=""https://tiktok.com/@cdzgj"" target=""_blank"">@cdzgj</a>",53,3,59.889,0.8,1,9,0,3789,97,2.333,3.667
"<a href=""https://tiktok.com/@chdd62"" target=""_blank"">@chdd62</a>",117,3,56.714,0.8,1,7,0,1137.667,100,4,3
"<a href=""https://tiktok.com/@chdg050"" target=""_blank"">@chdg050</a>",13,7,49.571,0.833,1,7,0,3330,98.143,1,1
"<a href=""https://tiktok.com/@chhd195"" target=""_blank"">@chhd195</a>",137,7,55.75,1,1,8,0,1351,78.286,1,1.143
"<a href=""https://tiktok.com/@china_deriver_0"" target=""_blank"">@china_deriver_0</a>",23,12,97.876,0.933,3,31,0,634.917,46.75,3.833,0.417
"<a href=""https://tiktok.com/@china_driver_150"" target=""_blank"">@china_driver_150</a>",22,6,93.5,0.8,1,12,0,4480.467,272.8,10.333,4.033
"<a href=""https://tiktok.com/@chiragyandell"" target=""_blank"">@chiragyandell</a>",125,7,49.857,1,1,7,0,747.571,35.429,0.143,0.286
"<a href=""https://tiktok.com/@cisos51"" target=""_blank"">@cisos51</a>",43,6,65.75,1,2,16,0,693.167,44,1.667,0.167
"<a href=""https://tiktok.com/@cjire9104"" target=""_blank"">@cjire9104</a>",112,3,66.111,1,3,27,0,485.667,12.333,0,0
"<a href=""https://tiktok.com/@cjur6297"" target=""_blank"">@cjur6297</a>",113,3,38.333,1,1,9,0,669.667,40,0.333,0
"<a href=""https://tiktok.com/@clirr5282"" target=""_blank"">@clirr5282</a>",112,3,70.5,1,2,18,0,971.667,98,0.333,0.667
"<a href=""https://tiktok.com/@cnatk3189"" target=""_blank"">@cnatk3189</a>",37,4,37.188,1,4,32,0,1459.25,68,0.25,0
"<a href=""https://tiktok.com/@coffevgzbsk"" target=""_blank"">@coffevgzbsk</a>",104,5,45.581,0.982,8,84,0,186.6,3.6,0,0
"<a href=""https://tiktok.com/@coirf88774"" target=""_blank"">@coirf88774</a>",112,3,80.625,1,3,26,0,841.333,76,1,1
"<a href=""https://tiktok.com/@courr1227"" target=""_blank"">@courr1227</a>",112,3,74.604,1,2,17,0,985.667,60,1,0
"<a href=""https://tiktok.com/@cschh0"" target=""_blank"">@cschh0</a>",55,6,51.567,0.952,3,25,0,2149.833,168.5,4.167,20.5
"<a href=""https://tiktok.com/@cutedriver120"" target=""_blank"">@cutedriver120</a>",21,5,59.55,0.857,1,20,0,415.222,40.852,3.704,0.593
"<a href=""https://tiktok.com/@cx.b28"" target=""_blank"">@cx.b28</a>",14,5,51.625,1,1,8,0,1724,118.286,4.429,3.429
"<a href=""https://tiktok.com/@cxjunn7"" target=""_blank"">@cxjunn7</a>",79,3,30.083,1,4,36,0,554.333,50,0.667,0
"<a href=""https://tiktok.com/@d4kfosnw1"" target=""_blank"">@d4kfosnw1</a>",31,4,49.667,0.845,2,28,0,1241,57,0.5,0.75
"<a href=""https://tiktok.com/@d548930"" target=""_blank"">@d548930</a>",58,6,46.573,0.905,3,27,0,5348.667,111.833,1.667,1
"<a href=""https://tiktok.com/@dalilijiang890"" target=""_blank"">@dalilijiang890</a>",123,6,64.061,1,3,30,0,2501,34,1.833,2.667
"<a href=""https://tiktok.com/@dayutoureddit"" target=""_blank"">@dayutoureddit</a>",74,6,59.714,1,1,7,0,2595.333,178.167,2.5,2.167
"<a href=""https://tiktok.com/@defkkpove"" target=""_blank"">@defkkpove</a>",46,8,65.616,0.65,2,22,0,6362.778,46,2.111,3.111
"<a href=""https://tiktok.com/@detg4"" target=""_blank"">@detg4</a>",42,4,50.571,1,1,7,0,408,36,0.25,0.75
"<a href=""https://tiktok.com/@dghhg372"" target=""_blank"">@dghhg372</a>",43,5,40.905,0.711,3,23,0,12276.8,613.8,5.6,3.8
"<a href=""https://tiktok.com/@dhfde8"" target=""_blank"">@dhfde8</a>",55,8,44.518,1,2,15,0,470.875,26.25,0.125,0.5
"<a href=""https://tiktok.com/@dhhi6645"" target=""_blank"">@dhhi6645</a>",114,3,61.833,1,2,18,0,740.667,58.333,0,0.667
"<a href=""https://tiktok.com/@dhuolt"" target=""_blank"">@dhuolt</a>",32,12,19.849,0.984,7,249,0,1565.917,48,1.083,0.25
"<a href=""https://tiktok.com/@dhzg1822"" target=""_blank"">@dhzg1822</a>",116,6,72.59,1,3,40,0,650.167,59.667,1,0.167
"<a href=""https://tiktok.com/@dijx3903"" target=""_blank"">@dijx3903</a>",115,9,63.173,1,5,105,0,1252.444,45.667,0.556,0.444
"<a href=""https://tiktok.com/@dimple36408"" target=""_blank"">@dimple36408</a>",85,3,63.889,0.9,2,18,0,564.333,29.667,1.333,0
"<a href=""https://tiktok.com/@djbdjfjff"" target=""_blank"">@djbdjfjff</a>",6,6,67.071,0.929,2,14,0,1291.333,163.333,0.833,0.333
"<a href=""https://tiktok.com/@djkbc6"" target=""_blank"">@djkbc6</a>",51,4,106.25,1,1,8,0,2162.75,46.75,0,0
"<a href=""https://tiktok.com/@dkzcegnei9"" target=""_blank"">@dkzcegnei9</a>",106,3,47.282,1,8,69,0,18.667,0,0,0
"<a href=""https://tiktok.com/@dong.dong512"" target=""_blank"">@dong.dong512</a>",61,6,44.429,0.857,1,7,0,1021.667,79.5,5,3.167
"<a href=""https://tiktok.com/@donk666928"" target=""_blank"">@donk666928</a>",125,7,49.857,1,1,7,0,1046.571,62.857,0.286,3.571
"<a href=""https://tiktok.com/@drgd8391"" target=""_blank"">@drgd8391</a>",115,9,62.122,1,7,97,0,1366.667,141.333,1.222,2.556
"<a href=""https://tiktok.com/@driver_king0"" target=""_blank"">@driver_king0</a>",23,6,89.596,0.817,2,34,0,2978.273,374,24.182,4
"<a href=""https://tiktok.com/@drrky2zwj1"" target=""_blank"">@drrky2zwj1</a>",104,5,46.403,0.98,8,91,0,54.4,0.6,0,0
"<a href=""https://tiktok.com/@dry.ife"" target=""_blank"">@dry.ife</a>",60,3,12.667,1,1,9,0,244085.5,15347,54.167,154.667
"<a href=""https://tiktok.com/@dthh824"" target=""_blank"">@dthh824</a>",9,9,63.783,0.866,5,50,0,1676.556,52.222,0.889,0.889
"<a href=""https://tiktok.com/@dugfbuf"" target=""_blank"">@dugfbuf</a>",95,7,75.893,0.833,2,17,0,2494.125,80.25,2.375,4.75
"<a href=""https://tiktok.com/@duifdudu"" target=""_blank"">@duifdudu</a>",120,4,76.75,0.833,1,8,0,10884.833,157,1.333,3.667
"<a href=""https://tiktok.com/@duongtrong182"" target=""_blank"">@duongtrong182</a>",46,7,57.857,0.7,1,14,0,64.4,0.4,0.1,0
"<a href=""https://tiktok.com/@dvhrah46"" target=""_blank"">@dvhrah46</a>",95,8,59.545,1,1,11,0,1541.75,86.875,2,3.75
"<a href=""https://tiktok.com/@dvyab128m2"" target=""_blank"">@dvyab128m2</a>",106,3,47.21,1,8,70,0,24.667,0,0,0
"<a href=""https://tiktok.com/@eagehh"" target=""_blank"">@eagehh</a>",32,12,22.627,0.956,7,249,0,261,9.083,0.167,0
"<a href=""https://tiktok.com/@ebauujew"" target=""_blank"">@ebauujew</a>",96,6,54.667,0.857,1,9,0,4977,321.333,10.5,29.667
"<a href=""https://tiktok.com/@edwin.walker517"" target=""_blank"">@edwin.walker517</a>",122,8,64.643,1,2,14,0,843.25,55.375,0.75,0.375
"<a href=""https://tiktok.com/@eiej4325"" target=""_blank"">@eiej4325</a>",116,8,72.33,0.967,5,66,0,939.75,77.625,1.125,0
"<a href=""https://tiktok.com/@ewlgvaind0"" target=""_blank"">@ewlgvaind0</a>",106,3,50.322,1,8,67,0,43.333,0,0,0
"<a href=""https://tiktok.com/@eyidk5"" target=""_blank"">@eyidk5</a>",43,8,70.716,1,6,49,0.001,1624.75,102.5,1.125,0.75
"<a href=""https://tiktok.com/@f7707044"" target=""_blank"">@f7707044</a>",101,6,46.75,1,1,8,0,920.5,36.25,1.125,0.875
"<a href=""https://tiktok.com/@fbgg2395"" target=""_blank"">@fbgg2395</a>",112,3,53.667,1,2,18,0,798,19.667,0,0.333
"<a href=""https://tiktok.com/@fcchj19"" target=""_blank"">@fcchj19</a>",94,6,69.625,0.714,1,8,0,671.167,69.5,0.5,0.167
"<a href=""https://tiktok.com/@fcjjv86"" target=""_blank"">@fcjjv86</a>",2,5,70.571,0.857,1,7,0,1046.6,66.6,0.2,0.6
"<a href=""https://tiktok.com/@fdfhj915"" target=""_blank"">@fdfhj915</a>",57,9,44.306,0.9,4,36,0,1289.444,77.444,1.556,1
"<a href=""https://tiktok.com/@fdgg7273"" target=""_blank"">@fdgg7273</a>",55,8,65,0.833,1,8,0,870.125,92.875,0.25,1.25
"<a href=""https://tiktok.com/@ffsqbxrcu1"" target=""_blank"">@ffsqbxrcu1</a>",106,3,47.421,1,8,71,0,87.333,0.333,0,0
"<a href=""https://tiktok.com/@fhbds00"" target=""_blank"">@fhbds00</a>",56,3,44.31,0.9,2,16,0,825.667,59.667,0,0.667
"<a href=""https://tiktok.com/@fhda78402"" target=""_blank"">@fhda78402</a>",115,9,54.735,1,4,98,0,1765.444,84,0.889,0.556
"<a href=""https://tiktok.com/@fhfvgft"" target=""_blank"">@fhfvgft</a>",83,6,34.71,0.88,3,35,0,848.667,31.333,1.833,0.333
"<a href=""https://tiktok.com/@fhkundshunk"" target=""_blank"">@fhkundshunk</a>",15,8,73.994,0.75,2,33,0,1341,48.125,1.125,0.25
"<a href=""https://tiktok.com/@fhre44"" target=""_blank"">@fhre44</a>",60,6,65.75,0.9,2,27,0,1056,94.833,0.167,3.667
"<a href=""https://tiktok.com/@fhxk1941"" target=""_blank"">@fhxk1941</a>",35,7,44.222,0.875,1,9,0,1102.571,53.571,1.143,1
"<a href=""https://tiktok.com/@ficeuoo"" target=""_blank"">@ficeuoo</a>",5,6,43.545,1,1,11,0,36291.5,208.833,7.167,2.167
"<a href=""https://tiktok.com/@fjfuc032"" target=""_blank"">@fjfuc032</a>",99,4,39,1,1,8,0,966.833,41.667,1,1.667
"<a href=""https://tiktok.com/@fjgd605"" target=""_blank"">@fjgd605</a>",80,11,60.913,0.833,1,23,0,12579.818,305.182,0.455,3.909
"<a href=""https://tiktok.com/@fjyukfjjf"" target=""_blank"">@fjyukfjjf</a>",14,7,51.438,0.917,2,15,0,1081.571,48.286,0.571,3.143
"<a href=""https://tiktok.com/@fkir2290"" target=""_blank"">@fkir2290</a>",113,3,38.333,1,1,9,0,333,19.333,0,0.333
"<a href=""https://tiktok.com/@flsosi5"" target=""_blank"">@flsosi5</a>",43,8,61.917,1,2,20,0,2462.5,151.875,1.5,1.375
"<a href=""https://tiktok.com/@fmojtok"" target=""_blank"">@fmojtok</a>",110,12,66.795,1,2,15,0,287.167,8.417,0.083,0
"<a href=""https://tiktok.com/@fnnf8890"" target=""_blank"">@fnnf8890</a>",112,3,59.556,1,3,27,0,467.667,22.333,0,0
"<a href=""https://tiktok.com/@fogg4268"" target=""_blank"">@fogg4268</a>",85,3,50,1,1,9,0,638,32.333,0.333,0
"<a href=""https://tiktok.com/@foot89786"" target=""_blank"">@foot89786</a>",116,6,69.936,1,4,42,0,802.333,45.5,0,0
"<a href=""https://tiktok.com/@fsdgh41"" target=""_blank"">@fsdgh41</a>",55,6,49.488,1,3,22,0,2304,143,0.333,3.667
"<a href=""https://tiktok.com/@fuhg178"" target=""_blank"">@fuhg178</a>",51,4,58.5,1,1,8,0,1827.25,77.75,3.75,5.75
"<a href=""https://tiktok.com/@fulknm"" target=""_blank"">@fulknm</a>",43,4,66.83,1,4,31,0,3484.25,154.75,1.25,1.25
"<a href=""https://tiktok.com/@fvijte"" target=""_blank"">@fvijte</a>",32,12,22.012,0.956,7,249,0,593.083,17.417,0.25,0.083
"<a href=""https://tiktok.com/@fwihnf"" target=""_blank"">@fwihnf</a>",32,12,21.233,0.978,7,249,0,709.5,38.25,0.167,0
"<a href=""https://tiktok.com/@gabriele.weber5"" target=""_blank"">@gabriele.weber5</a>",122,8,58.532,0.971,5,39,0,1098.125,63.625,1.125,0.875
"<a href=""https://tiktok.com/@gail.olson1"" target=""_blank"">@gail.olson1</a>",122,5,61.357,0.8,2,14,0,1725,71,0.6,0
"<a href=""https://tiktok.com/@gajis40"" target=""_blank"">@gajis40</a>",43,4,62.764,0.96,5,38,0.001,13971.25,258,7.75,3.75
"<a href=""https://tiktok.com/@gangao28"" target=""_blank"">@gangao28</a>",123,6,43.237,1,3,31,0,213.833,2.833,0.333,0.333
"<a href=""https://tiktok.com/@gdchio3"" target=""_blank"">@gdchio3</a>",57,5,59,1,3,27,0,1413.625,91.5,1,1
"<a href=""https://tiktok.com/@gdchji82"" target=""_blank"">@gdchji82</a>",91,6,62.017,0.762,2,27,0,1689,57.333,0.667,0.5
"<a href=""https://tiktok.com/@gddgh409"" target=""_blank"">@gddgh409</a>",55,5,58.548,0.883,7,52,0.001,483.2,38,0,0.2
"<a href=""https://tiktok.com/@gddgj719"" target=""_blank"">@gddgj719</a>",94,6,58.312,0.857,2,15,0,2388.833,87.167,2.667,2.167
"<a href=""https://tiktok.com/@gdfhjk04"" target=""_blank"">@gdfhjk04</a>",128,7,61.214,0.775,2,21,0,1355.667,61.222,0.111,0.111
"<a href=""https://tiktok.com/@gdjdi63"" target=""_blank"">@gdjdi63</a>",43,4,60.625,1,3,24,0,1166.75,75.5,0.25,0
"<a href=""https://tiktok.com/@gdxhh05"" target=""_blank"">@gdxhh05</a>",57,6,71.144,0.882,11,115,0,777,41,0,1.833
"<a href=""https://tiktok.com/@geievertu8"" target=""_blank"">@geievertu8</a>",14,7,52,0.833,1,7,0,1441.75,108.375,1,0.625
"<a href=""https://tiktok.com/@gesghh2"" target=""_blank"">@gesghh2</a>",80,9,60.913,0.833,1,23,0,2097.778,90.889,1,11.778
"<a href=""https://tiktok.com/@ghhdew1"" target=""_blank"">@ghhdew1</a>",119,4,39.25,1,1,8,0,4203.75,60.25,0,0.25
"<a href=""https://tiktok.com/@ghhj8554"" target=""_blank"">@ghhj8554</a>",115,7,61.826,0.889,2,38,0,1307.857,67,0.714,1
"<a href=""https://tiktok.com/@ghyyusvyr"" target=""_blank"">@ghyyusvyr</a>",95,8,41.958,1,2,20,0,1313.125,61.625,0.375,0.625
"<a href=""https://tiktok.com/@giachauho200"" target=""_blank"">@giachauho200</a>",71,3,48.493,0.9,2,17,0,3302,48,0.667,0.667
"<a href=""https://tiktok.com/@giap.thuy8"" target=""_blank"">@giap.thuy8</a>",63,6,29,1,1,7,0,4745.5,79.667,1.833,0.833
"<a href=""https://tiktok.com/@givi0331"" target=""_blank"">@givi0331</a>",34,10,39.933,1,1,15,0,571.2,38.4,0.1,0.6
"<a href=""https://tiktok.com/@gjgfitu"" target=""_blank"">@gjgfitu</a>",121,4,39.5,1,1,8,0,13046.75,451,1.75,5
"<a href=""https://tiktok.com/@gjguq6894"" target=""_blank"">@gjguq6894</a>",112,3,65.833,1,3,27,0,996.667,54,1,1
"<a href=""https://tiktok.com/@gjhg8047"" target=""_blank"">@gjhg8047</a>",116,8,59.35,0.944,3,45,0,964,56.625,0.875,0
"<a href=""https://tiktok.com/@gkfd018"" target=""_blank"">@gkfd018</a>",55,6,64.476,0.944,3,21,0,3738.167,119.167,2.667,10.333
"<a href=""https://tiktok.com/@gmggkho"" target=""_blank"">@gmggkho</a>",110,9,67.92,1,2,15,0,5252.889,230.222,6.778,1
"<a href=""https://tiktok.com/@gmlkh98"" target=""_blank"">@gmlkh98</a>",4,4,15.25,1,1,8,0,6243,147.5,3.25,3
"<a href=""https://tiktok.com/@gnszz.as.chb"" target=""_blank"">@gnszz.as.chb</a>",101,4,46.75,1,1,8,0,836.25,28,0.25,0.5
"<a href=""https://tiktok.com/@gooj806"" target=""_blank"">@gooj806</a>",9,8,74.417,0.843,5,51,0,4885.625,152.375,4.375,2.375
"<a href=""https://tiktok.com/@gorgeousgirl268"" target=""_blank"">@gorgeousgirl268</a>",48,14,54.917,1,1,24,0,910.412,112.471,8.059,2.353
"<a href=""https://tiktok.com/@grilofchina"" target=""_blank"">@grilofchina</a>",48,16,56.058,1,2,44,0,637.438,68.625,5.062,1.062
"<a href=""https://tiktok.com/@grschj12"" target=""_blank"">@grschj12</a>",54,3,14.148,1,3,27,0,1015.333,72,0,1.667
"<a href=""https://tiktok.com/@grsdhj1"" target=""_blank"">@grsdhj1</a>",54,6,16.889,1,3,36,0,3111,79.167,1.667,6.167
"<a href=""https://tiktok.com/@grsdhj91"" target=""_blank"">@grsdhj91</a>",91,5,60.967,0.845,2,30,0,905.4,58,0.6,1.6
"<a href=""https://tiktok.com/@grusf218"" target=""_blank"">@grusf218</a>",65,5,69.778,1,1,9,0,879,91.857,0.714,0.143
"<a href=""https://tiktok.com/@gsdghh89"" target=""_blank"">@gsdghh89</a>",57,6,62.224,0.928,9,111,0,1776.333,79.333,0.667,0.833
"<a href=""https://tiktok.com/@gsdhj91"" target=""_blank"">@gsdhj91</a>",57,5,79,1,1,9,0,801.4,56,0,1.4
"<a href=""https://tiktok.com/@gssgh83"" target=""_blank"">@gssgh83</a>",128,8,60.951,0.708,2,27,0,1100.3,65.7,0.3,0.4
"<a href=""https://tiktok.com/@gsxgh2"" target=""_blank"">@gsxgh2</a>",57,9,63.356,0.866,12,142,0,1810.333,132.222,0.444,1.111
"<a href=""https://tiktok.com/@gubwos"" target=""_blank"">@gubwos</a>",12,8,59.896,0.929,2,20,0,1698.375,119.25,6.125,12.625
"<a href=""https://tiktok.com/@guttggbh"" target=""_blank"">@guttggbh</a>",132,8,33.85,0.929,2,18,0,2269,77.125,0.375,4.625
"<a href=""https://tiktok.com/@guu34210"" target=""_blank"">@guu34210</a>",3,4,27,1,1,8,0,1286.75,33.5,1,0.25
"<a href=""https://tiktok.com/@gyjgts"" target=""_blank"">@gyjgts</a>",89,8,44.319,0.936,5,88,0,932.25,52.25,0.25,0.5
"<a href=""https://tiktok.com/@gysfh4"" target=""_blank"">@gysfh4</a>",43,8,62.81,1,5,43,0.001,3201.75,139.125,1,1.75
"<a href=""https://tiktok.com/@h048173"" target=""_blank"">@h048173</a>",100,6,57.5,1,1,8,0,832,65.333,0.167,0.833
"<a href=""https://tiktok.com/@h1864462"" target=""_blank"">@h1864462</a>",130,6,55.667,0.8,1,9,0,1339.75,29,0.125,0.25
"<a href=""https://tiktok.com/@haimaho326"" target=""_blank"">@haimaho326</a>",71,3,52.938,1,2,17,0,2288.667,40,1.667,0
"<a href=""https://tiktok.com/@hcdiovsgj268"" target=""_blank"">@hcdiovsgj268</a>",73,5,61.6,0.857,1,10,0,2354.429,206,4.857,13.714
"<a href=""https://tiktok.com/@hcuf637"" target=""_blank"">@hcuf637</a>",92,4,73.571,1,1,7,0,1224.125,129.75,3.625,4.875
"<a href=""https://tiktok.com/@hdbtv68"" target=""_blank"">@hdbtv68</a>",95,7,24.667,1,1,12,0,2186.143,70,1.429,2.714
"<a href=""https://tiktok.com/@hdchj145"" target=""_blank"">@hdchj145</a>",118,6,48.375,1,2,16,0,805.125,65.5,0.25,2.25
"<a href=""https://tiktok.com/@hdchj83"" target=""_blank"">@hdchj83</a>",57,8,71.561,0.909,9,104,0,866,59.125,0.375,1.625
"<a href=""https://tiktok.com/@hddgj29"" target=""_blank"">@hddgj29</a>",118,8,58,1,1,8,0,831.5,72.5,0.75,2.75
"<a href=""https://tiktok.com/@hdhit79"" target=""_blank"">@hdhit79</a>",55,5,53.643,0.833,2,14,0,1260.2,118.4,0.6,4.2
"<a href=""https://tiktok.com/@hdicok57"" target=""_blank"">@hdicok57</a>",103,5,34.222,0.857,1,9,0,2269.714,81.429,0.857,0.571
"<a href=""https://tiktok.com/@hdidkser0"" target=""_blank"">@hdidkser0</a>",14,8,51.25,1,2,16,0,2861.125,92.75,2.125,2.25
"<a href=""https://tiktok.com/@hdksp6389"" target=""_blank"">@hdksp6389</a>",37,4,32.062,0.958,4,31,0,1206.25,76,1.5,0.25
"<a href=""https://tiktok.com/@hdryxd"" target=""_blank"">@hdryxd</a>",18,7,55.306,0.858,4,33,0,1202.714,77.286,0.714,0.429
"<a href=""https://tiktok.com/@hdsxvh0"" target=""_blank"">@hdsxvh0</a>",119,6,39.25,1,1,8,0,540.625,32,0.125,0.125
"<a href=""https://tiktok.com/@heipf273"" target=""_blank"">@heipf273</a>",65,5,69.778,1,1,9,0,1107.667,89.333,1.667,1.167
"<a href=""https://tiktok.com/@heisf127"" target=""_blank"">@heisf127</a>",64,11,55.252,0.9,2,22,0,1857.75,70.125,5.875,2
"<a href=""https://tiktok.com/@hfigi61"" target=""_blank"">@hfigi61</a>",103,6,34.222,0.857,1,9,0,35530.375,1189.875,6.5,11.625
"<a href=""https://tiktok.com/@hfstil3"" target=""_blank"">@hfstil3</a>",43,6,58.61,0.96,5,43,0.001,2893.667,163.667,1.667,1.167
"<a href=""https://tiktok.com/@hgdeyt64"" target=""_blank"">@hgdeyt64</a>",95,8,60.027,0.944,3,26,0,2545.625,276.875,20.75,16.25
"<a href=""https://tiktok.com/@hghpnhj"" target=""_blank"">@hghpnhj</a>",109,8,70.714,1,1,7,0,1278.375,48.5,0.875,0.375
"<a href=""https://tiktok.com/@hi5s0d6sh2"" target=""_blank"">@hi5s0d6sh2</a>",20,3,65.429,0.8,1,7,0,200.667,2.667,0,0
"<a href=""https://tiktok.com/@hieu.lep"" target=""_blank"">@hieu.lep</a>",26,5,42.714,0.833,1,7,0,2036.875,104,2.125,0.25
"<a href=""https://tiktok.com/@higgg813"" target=""_blank"">@higgg813</a>",51,4,62.25,1,2,16,0,3098.75,63.25,2,5.25
"<a href=""https://tiktok.com/@hjes877"" target=""_blank"">@hjes877</a>",56,3,50.381,0.9,2,16,0,91,0.333,0,0
"<a href=""https://tiktok.com/@hkajah2"" target=""_blank"">@hkajah2</a>",48,18,60.102,1,3,49,0,9.105,3.368,0.263,0
"<a href=""https://tiktok.com/@hojdmc"" target=""_blank"">@hojdmc</a>",32,12,20.787,0.956,7,249,0,589.333,32.5,0.167,0.333
"<a href=""https://tiktok.com/@hpcfh"" target=""_blank"">@hpcfh</a>",11,7,47.111,1,1,9,0,1250.143,72.286,0.571,1
"<a href=""https://tiktok.com/@hradh1"" target=""_blank"">@hradh1</a>",54,6,16.222,1,3,36,0,2014,55,0.5,3.333
"<a href=""https://tiktok.com/@hrsy60677"" target=""_blank"">@hrsy60677</a>",114,3,42.833,1,2,18,0,820.667,63.333,0.333,0.667
"<a href=""https://tiktok.com/@htdgji05"" target=""_blank"">@htdgji05</a>",55,6,49.232,1,2,15,0,228.167,10.833,0.167,1
"<a href=""https://tiktok.com/@htfuw4alb1"" target=""_blank"">@htfuw4alb1</a>",105,3,41.556,0.8,1,9,0,1,0,0,0
"<a href=""https://tiktok.com/@hurrryu"" target=""_blank"">@hurrryu</a>",43,4,58.839,1,2,15,0,885.5,66,0,0
"<a href=""https://tiktok.com/@huutrangphan421"" target=""_blank"">@huutrangphan421</a>",70,3,53.302,1,2,16,0,1139.667,71.333,0.333,0
"<a href=""https://tiktok.com/@hxrbdqi"" target=""_blank"">@hxrbdqi</a>",79,3,30.148,1,4,36,0,284.333,27.333,0,0
"<a href=""https://tiktok.com/@i6zqvuxcp"" target=""_blank"">@i6zqvuxcp</a>",28,3,59.775,0.875,2,22,0,883,50,1.333,0.667
"<a href=""https://tiktok.com/@ianboone74"" target=""_blank"">@ianboone74</a>",122,6,53.287,0.952,3,25,0,982.125,83,1,0.625
"<a href=""https://tiktok.com/@ibcydt"" target=""_blank"">@ibcydt</a>",55,6,56.526,0.923,4,34,0,1167.167,79.167,0.667,0.167
"<a href=""https://tiktok.com/@id4559hc3"" target=""_blank"">@id4559hc3</a>",28,4,39.268,0.55,2,15,0,581.25,29.5,1,1.75
"<a href=""https://tiktok.com/@iddicgg"" target=""_blank"">@iddicgg</a>",24,6,77.875,0.667,1,8,0,3429.5,105.167,1,0.5
"<a href=""https://tiktok.com/@idfhj50"" target=""_blank"">@idfhj50</a>",128,7,63.879,0.733,2,20,0,698.818,55.091,0.091,0.818
"<a href=""https://tiktok.com/@ididu034"" target=""_blank"">@ididu034</a>",11,7,42.5,1,1,8,0,4401.143,112.286,1.571,3.571
"<a href=""https://tiktok.com/@irscyyjac0"" target=""_blank"">@irscyyjac0</a>",72,3,66.222,1,1,9,0,8828,101.667,3,3.333
"<a href=""https://tiktok.com/@isce0690"" target=""_blank"">@isce0690</a>",35,7,44.222,0.875,1,9,0,1495.286,74.429,0.429,1
"<a href=""https://tiktok.com/@isgsjdj0"" target=""_blank"">@isgsjdj0</a>",43,7,79.5,1,1,8,0,18725,761.429,6.857,17.571
"<a href=""https://tiktok.com/@j009813"" target=""_blank"">@j009813</a>",98,6,59.7,0.857,1,10,0,760.333,62.167,1.167,1.5
"<a href=""https://tiktok.com/@j7165782"" target=""_blank"">@j7165782</a>",99,6,59.682,1,4,34,0,1349.667,68.833,4.167,7.833
"<a href=""https://tiktok.com/@jajsjsn56"" target=""_blank"">@jajsjsn56</a>",9,7,69.004,0.925,5,41,0,9701.143,187.714,6.429,3.571
"<a href=""https://tiktok.com/@jamin0402"" target=""_blank"">@jamin0402</a>",41,7,39.429,1,1,7,0,2078,40.429,2.143,0.429
"<a href=""https://tiktok.com/@jane72400"" target=""_blank"">@jane72400</a>",124,6,38.042,1,2,20,0,810.167,37.167,2,6
"<a href=""https://tiktok.com/@jdchun5"" target=""_blank"">@jdchun5</a>",89,3,35.159,0.95,4,34,0,292603,32644.333,35,1301
"<a href=""https://tiktok.com/@jdkckcj2"" target=""_blank"">@jdkckcj2</a>",1,4,47.857,1,2,14,0,1091.5,45,0.25,0
"<a href=""https://tiktok.com/@jdofj81"" target=""_blank"">@jdofj81</a>",4,5,15.25,1,1,8,0,3448.4,67.6,2,1.2
"<a href=""https://tiktok.com/@jecxsz"" target=""_blank"">@jecxsz</a>",76,3,35,1,1,9,0,504,25,0.333,0
"<a href=""https://tiktok.com/@jelejeh1"" target=""_blank"">@jelejeh1</a>",43,8,64.25,1,2,19,0,2576.375,173.5,1,1.375
"<a href=""https://tiktok.com/@jfdfui"" target=""_blank"">@jfdfui</a>",97,6,47.45,0.917,2,18,0,575.5,68,0.5,8.833
"<a href=""https://tiktok.com/@jgdfhk16"" target=""_blank"">@jgdfhk16</a>",97,5,60.4,0.833,1,10,0,943.833,97.333,0.333,1
"<a href=""https://tiktok.com/@jiejielove0001"" target=""_blank"">@jiejielove0001</a>",69,4,43,0.917,2,14,0,315.25,10.25,0,0
"<a href=""https://tiktok.com/@jkuy0534"" target=""_blank"">@jkuy0534</a>",115,9,78.003,1,5,61,0,768.111,78.222,0.556,1.667
"<a href=""https://tiktok.com/@jmjggd7rn0"" target=""_blank"">@jmjggd7rn0</a>",104,5,47.264,0.984,8,89,0,145.2,1.4,0.2,0
"<a href=""https://tiktok.com/@jnjwvgiaoa9"" target=""_blank"">@jnjwvgiaoa9</a>",27,3,62.857,0.8,1,7,0,589.333,8.333,4.667,2.333
"<a href=""https://tiktok.com/@jobualltv"" target=""_blank"">@jobualltv</a>",38,4,77.125,1,1,8,0,918,62.5,1.5,0.25
"<a href=""https://tiktok.com/@jsiso93"" target=""_blank"">@jsiso93</a>",43,4,41.161,1,2,15,0,8194,127.667,3.167,0.333
"<a href=""https://tiktok.com/@jskos82"" target=""_blank"">@jskos82</a>",121,4,39.5,1,1,8,0,2951.75,161,1.75,13.25
"<a href=""https://tiktok.com/@jspsns3"" target=""_blank"">@jspsns3</a>",43,6,44.417,1,3,24,0.001,23651,849.167,4.833,11.667
"<a href=""https://tiktok.com/@jugfrei6564"" target=""_blank"">@jugfrei6564</a>",122,6,54.036,0.952,3,24,0,1304.5,244.333,0.5,1.167
"<a href=""https://tiktok.com/@jvst61"" target=""_blank"">@jvst61</a>",100,6,57,1,2,16,0,1994.5,72,2.333,0.333
"<a href=""https://tiktok.com/@jvtvc3"" target=""_blank"">@jvtvc3</a>",9,8,59.75,0.817,4,32,0,1445.375,70.875,0.125,0.25
"<a href=""https://tiktok.com/@ka7c01spi9"" target=""_blank"">@ka7c01spi9</a>",106,3,52.689,1,8,68,0,91,0.333,0,0
"<a href=""https://tiktok.com/@kenwilmott0102"" target=""_blank"">@kenwilmott0102</a>",133,8,41.775,1,2,18,0,1988.375,57.75,1.75,1.625
"<a href=""https://tiktok.com/@khanh.dao61"" target=""_blank"">@khanh.dao61</a>",9,10,65.978,0.907,5,66,0,1767.2,85.7,2,4.3
"<a href=""https://tiktok.com/@kim.jong4379"" target=""_blank"">@kim.jong4379</a>",135,6,30,1,1,8,0,1502.5,61.25,1,0.75
"<a href=""https://tiktok.com/@kimfhgfd3677"" target=""_blank"">@kimfhgfd3677</a>",135,8,76.2,0.857,1,10,0,1750.125,62.875,1,8.375
"<a href=""https://tiktok.com/@king_queengg0"" target=""_blank"">@king_queengg0</a>",23,13,89.994,0.817,2,36,0,1216,108.733,9.933,2.667
"<a href=""https://tiktok.com/@kixyki69l7"" target=""_blank"">@kixyki69l7</a>",72,3,66.222,1,1,9,0,122,1,0,0
"<a href=""https://tiktok.com/@kjuq5904"" target=""_blank"">@kjuq5904</a>",115,7,67.948,0.926,3,47,0,1246.857,104.571,1.286,0.286
"<a href=""https://tiktok.com/@kkqlk02de6"" target=""_blank"">@kkqlk02de6</a>",106,3,48.097,1,8,71,0,109.333,0,0,0
"<a href=""https://tiktok.com/@kleber.capuano"" target=""_blank"">@kleber.capuano</a>",61,6,62.339,0.929,2,15,0,851.333,55.167,2,0
"<a href=""https://tiktok.com/@knl39aprh6"" target=""_blank"">@knl39aprh6</a>",49,14,44,1,1,14,0,553.8,2.05,0,0
"<a href=""https://tiktok.com/@kungyhunksd"" target=""_blank"">@kungyhunksd</a>",15,12,62.481,0.775,3,61,0,396.583,6.417,0.083,0.083
"<a href=""https://tiktok.com/@landscape5670"" target=""_blank"">@landscape5670</a>",18,8,34.814,0.847,3,27,0,1866.75,107,3.375,1.625
"<a href=""https://tiktok.com/@lhd2162"" target=""_blank"">@lhd2162</a>",50,4,27.25,1,1,8,0,327,9.2,0.2,0.8
"<a href=""https://tiktok.com/@lin689668987"" target=""_blank"">@lin689668987</a>",15,8,45.134,0.896,2,29,0,908.375,74.25,2.875,3
"<a href=""https://tiktok.com/@loandqpnn"" target=""_blank"">@loandqpnn</a>",132,8,22.25,0.929,2,17,0,3264.75,157.25,4,10.875
"<a href=""https://tiktok.com/@luggyi"" target=""_blank"">@luggyi</a>",25,4,33.25,1,1,8,0,2958,119.75,4.25,0.5
"<a href=""https://tiktok.com/@lzozi3"" target=""_blank"">@lzozi3</a>",43,4,58.857,1,4,31,0,1119.75,89.5,2,1
"<a href=""https://tiktok.com/@macvanebupp"" target=""_blank"">@macvanebupp</a>",126,8,35.357,1,2,14,0,4413.625,57.875,0.125,0.375
"<a href=""https://tiktok.com/@mahasawatzke"" target=""_blank"">@mahasawatzke</a>",25,4,33.25,1,1,8,0,1271.25,98.75,1.5,1.75
"<a href=""https://tiktok.com/@marialise458"" target=""_blank"">@marialise458</a>",127,3,57.111,1,1,9,0,26357.667,460,6.667,18.333
"<a href=""https://tiktok.com/@markakisnobriga"" target=""_blank"">@markakisnobriga</a>",126,6,42.429,1,1,7,0,6269.75,121.5,91.375,8.875
"<a href=""https://tiktok.com/@mattcllp.155"" target=""_blank"">@mattcllp.155</a>",68,6,22.143,1,1,7,0,819.667,78.5,1,0.667
"<a href=""https://tiktok.com/@mclautimjf4"" target=""_blank"">@mclautimjf4</a>",104,5,45.106,0.98,8,83,0,27.2,0,0,0
"<a href=""https://tiktok.com/@menacrldy4"" target=""_blank"">@menacrldy4</a>",39,3,57.366,1,2,15,0,384.667,16,0.333,0
"<a href=""https://tiktok.com/@mfrwxwbma2"" target=""_blank"">@mfrwxwbma2</a>",104,5,48.398,0.967,8,84,0,95.8,1,0.2,0
"<a href=""https://tiktok.com/@mg9vyxtfg1"" target=""_blank"">@mg9vyxtfg1</a>",104,5,46.899,0.982,8,83,0,82.2,0,0,0
"<a href=""https://tiktok.com/@microwavebeepcult"" target=""_blank"">@microwavebeepcult</a>",46,3,46.75,0.8,1,8,0,13561,64.5,1.167,3.833
"<a href=""https://tiktok.com/@moderngril5"" target=""_blank"">@moderngril5</a>",48,15,59.257,0.915,3,42,0,199,45.444,4.278,0.167
"<a href=""https://tiktok.com/@modernofuk"" target=""_blank"">@modernofuk</a>",48,16,58.004,0.944,2,31,0,64.625,20.188,4.25,0
"<a href=""https://tiktok.com/@mohdbadulu"" target=""_blank"">@mohdbadulu</a>",126,6,28.286,1,1,7,0,4877,87.571,3.429,42.143
"<a href=""https://tiktok.com/@mong.khuu"" target=""_blank"">@mong.khuu</a>",122,6,58.988,0.919,4,32,0,947,48,0.333,0.333
"<a href=""https://tiktok.com/@monta.karlak"" target=""_blank"">@monta.karlak</a>",26,7,42.714,0.833,1,7,0,1218.375,53,0.5,0.5
"<a href=""https://tiktok.com/@mphlmjnw69"" target=""_blank"">@mphlmjnw69</a>",39,3,46.509,1,2,15,0,482,19.667,0.333,0
"<a href=""https://tiktok.com/@mpypax"" target=""_blank"">@mpypax</a>",78,3,25.833,1,2,18,0,339.667,10.667,0,0.333
"<a href=""https://tiktok.com/@mri78275"" target=""_blank"">@mri78275</a>",89,9,67.161,0.894,4,57,0,1963.556,102.778,4.333,4.111
"<a href=""https://tiktok.com/@mt0kwjzyf4"" target=""_blank"">@mt0kwjzyf4</a>",20,3,65.429,0.8,1,7,0,147.333,3,0,0
"<a href=""https://tiktok.com/@nfyk.emma"" target=""_blank"">@nfyk.emma</a>",122,6,60.096,0.911,3,24,0,1309.167,98,0.167,0.167
"<a href=""https://tiktok.com/@ngoc.ho078"" target=""_blank"">@ngoc.ho078</a>",8,7,56.561,0.79,3,25,0,830.571,19.571,0.143,0.571
"<a href=""https://tiktok.com/@ngtriu301"" target=""_blank"">@ngtriu301</a>",67,4,55.75,1,1,8,0,1809.75,43.75,1.25,0.75
"<a href=""https://tiktok.com/@nhi.vo585"" target=""_blank"">@nhi.vo585</a>",9,10,53.905,0.932,5,70,0,1378.7,51.8,1,3
"<a href=""https://tiktok.com/@nihaoya0002"" target=""_blank"">@nihaoya0002</a>",69,4,54.643,0.817,2,14,0,714.25,29.75,1,0.25
"<a href=""https://tiktok.com/@njjj7155"" target=""_blank"">@njjj7155</a>",51,4,86.125,1,2,16,0,5167,39.5,0.5,0.5
"<a href=""https://tiktok.com/@nzdifo"" target=""_blank"">@nzdifo</a>",79,3,30.389,1,4,36,0,461.667,24.333,0.333,0
"<a href=""https://tiktok.com/@nzojawm2"" target=""_blank"">@nzojawm2</a>",77,3,39.028,1,4,36,0,555,39,0,0
"<a href=""https://tiktok.com/@o6zn4lobe2"" target=""_blank"">@o6zn4lobe2</a>",19,4,44.292,1,2,17,0,485.5,9.5,0,0.25
"<a href=""https://tiktok.com/@oaisg2"" target=""_blank"">@oaisg2</a>",43,8,63.887,1,6,51,0.001,5788.375,174.125,4,1.25
"<a href=""https://tiktok.com/@odt614"" target=""_blank"">@odt614</a>",58,8,50.058,1,6,51,0,27388.125,3513.125,19,161.875
"<a href=""https://tiktok.com/@ogdzwqhq80"" target=""_blank"">@ogdzwqhq80</a>",19,5,42.67,0.944,2,19,0,421.2,13,0.2,0.2
"<a href=""https://tiktok.com/@oivjph"" target=""_blank"">@oivjph</a>",111,8,56.25,1,1,8,0,697.889,17.778,0.667,0.222
"<a href=""https://tiktok.com/@okay11732"" target=""_blank"">@okay11732</a>",115,9,62.786,0.889,4,60,0,1427.667,69.111,0.333,0.111
"<a href=""https://tiktok.com/@orfywp8"" target=""_blank"">@orfywp8</a>",79,3,30.5,1,4,36,0,470.667,33.333,0,0.333
"<a href=""https://tiktok.com/@oshasg"" target=""_blank"">@oshasg</a>",43,4,79.714,0.9,2,14,0,661.75,58.25,0,0.25
"<a href=""https://tiktok.com/@owuhwh"" target=""_blank"">@owuhwh</a>",43,6,61.795,0.933,5,43,0.001,12795,580.667,7.167,3.333
"<a href=""https://tiktok.com/@ozvpix"" target=""_blank"">@ozvpix</a>",78,3,26.167,1,2,18,0,750,24.667,0,0
"<a href=""https://tiktok.com/@phuong.nguyen4922"" target=""_blank"">@phuong.nguyen4922</a>",8,9,65.242,0.873,2,20,0,3073.889,61,1,0.667
"<a href=""https://tiktok.com/@pjk3357"" target=""_blank"">@pjk3357</a>",108,4,22.5,1,1,8,0,1233.75,66,0.5,0
"<a href=""https://tiktok.com/@pmut.cefi"" target=""_blank"">@pmut.cefi</a>",96,4,49.75,1,1,8,0,725.5,31.75,0.75,1.75
"<a href=""https://tiktok.com/@pott7134"" target=""_blank"">@pott7134</a>",33,6,33.429,1,1,7,0,938.286,55.143,0.143,0.143
"<a href=""https://tiktok.com/@prdei385"" target=""_blank"">@prdei385</a>",66,3,54.875,1,1,8,0,591.667,62,0.333,0.333
"<a href=""https://tiktok.com/@qdcieh"" target=""_blank"">@qdcieh</a>",32,11,21.874,0.959,7,231,0,903.583,113.25,0.667,0.167
"<a href=""https://tiktok.com/@qingwtfs358"" target=""_blank"">@qingwtfs358</a>",131,5,29.8,0.875,1,10,0,2319,196,2.4,12.4
"<a href=""https://tiktok.com/@qllsks0"" target=""_blank"">@qllsks0</a>",43,8,67.607,1,2,15,0,1765.625,88,1.375,0.5
"<a href=""https://tiktok.com/@qprtyruykxnmm"" target=""_blank"">@qprtyruykxnmm</a>",137,6,55.75,1,1,8,0,2138,45.167,1,2
"<a href=""https://tiktok.com/@qwer35064"" target=""_blank"">@qwer35064</a>",61,6,80.25,1,1,8,0,4356.333,46,0.833,0.333
"<a href=""https://tiktok.com/@r.f.f.f..e"" target=""_blank"">@r.f.f.f..e</a>",59,7,30.25,1,1,8,0,4067,221.714,0.714,10.286
"<a href=""https://tiktok.com/@rdfhjj0"" target=""_blank"">@rdfhjj0</a>",43,8,52.313,1,4,34,0,1106.75,55.25,1.5,0.75
"<a href=""https://tiktok.com/@rdwweddd"" target=""_blank"">@rdwweddd</a>",99,4,66.75,1,1,8,0,2279.5,101.5,0,1.75
"<a href=""https://tiktok.com/@reddffggt"" target=""_blank"">@reddffggt</a>",38,3,62.889,0.8,1,9,0,999.333,20.667,0.333,0
"<a href=""https://tiktok.com/@reddit_allen5"" target=""_blank"">@reddit_allen5</a>",32,12,21.097,0.956,7,249,0,576.417,32.5,0.5,0
"<a href=""https://tiktok.com/@reddit_grayson99"" target=""_blank"">@reddit_grayson99</a>",32,12,21.047,0.971,7,249,0,1133.083,109.5,0.333,0.417
"<a href=""https://tiktok.com/@reddit_ignatius8"" target=""_blank"">@reddit_ignatius8</a>",44,11,76,0.917,1,28,0,5873.182,88.727,10.636,5.182
"<a href=""https://tiktok.com/@redreddit48"" target=""_blank"">@redreddit48</a>",108,4,22.5,1,1,8,0,798,43.5,0.25,0
"<a href=""https://tiktok.com/@reimer.bobst"" target=""_blank"">@reimer.bobst</a>",63,6,29.286,1,1,7,0,12163.667,134.333,4.333,10.333
"<a href=""https://tiktok.com/@rlumvi"" target=""_blank"">@rlumvi</a>",76,3,35,1,1,9,0,667.667,89,0,0.333
"<a href=""https://tiktok.com/@rnvss5"" target=""_blank"">@rnvss5</a>",57,5,44.333,1,1,9,0,545,37.4,0,0
"<a href=""https://tiktok.com/@rohingyao"" target=""_blank"">@rohingyao</a>",18,8,53.41,0.917,2,17,0,1975.5,71.75,1.25,0.875
"<a href=""https://tiktok.com/@rrntjd3"" target=""_blank"">@rrntjd3</a>",111,8,56.25,1,1,8,0,580.333,23.778,0.222,0.111
"<a href=""https://tiktok.com/@rtikb3"" target=""_blank"">@rtikb3</a>",43,7,50.688,0.917,4,32,0.002,5774.429,303.714,2.286,1.286
"<a href=""https://tiktok.com/@rucdc143"" target=""_blank"">@rucdc143</a>",84,3,36.532,0.875,2,16,0,1996.333,104.333,2,1.667
"<a href=""https://tiktok.com/@rusrsuy"" target=""_blank"">@rusrsuy</a>",58,6,46.375,1,2,16,0,4346,95.375,1.25,2.875
"<a href=""https://tiktok.com/@ryllskaya.reddit"" target=""_blank"">@ryllskaya.reddit</a>",6,6,61.905,0.886,3,21,0,823,117.333,1,1.333
"<a href=""https://tiktok.com/@ryllskayaqing"" target=""_blank"">@ryllskayaqing</a>",6,6,54,1,2,14,0,2736.667,153.5,1.167,0.833
"<a href=""https://tiktok.com/@ryllskayay"" target=""_blank"">@ryllskayay</a>",75,5,19.571,1,1,7,0,1161,110.2,0.8,0.4
"<a href=""https://tiktok.com/@saniyah.rafidah.k"" target=""_blank"">@saniyah.rafidah.k</a>",45,3,48.375,0.833,1,8,0,2449,140.667,10.333,36
"<a href=""https://tiktok.com/@sasapco"" target=""_blank"">@sasapco</a>",18,8,51.042,0.877,4,35,0,2999.5,155.5,2.375,25.875
"<a href=""https://tiktok.com/@sdff13458"" target=""_blank"">@sdff13458</a>",43,8,54.037,1,4,34,0,633.25,38.875,0.375,0.125
"<a href=""https://tiktok.com/@segji2"" target=""_blank"">@segji2</a>",43,8,65.929,1,4,35,0,14478.5,277.875,12.125,5.75
"<a href=""https://tiktok.com/@seile.rian"" target=""_blank"">@seile.rian</a>",7,6,45.625,1,1,8,0,882,26,1.333,5.167
"<a href=""https://tiktok.com/@sfagnd"" target=""_blank"">@sfagnd</a>",43,4,54.125,1,2,16,0,663.5,42.25,1.5,0
"<a href=""https://tiktok.com/@shadrickkham"" target=""_blank"">@shadrickkham</a>",69,4,56.5,0.9,2,14,0,5782.5,63.5,0.25,1.5
"<a href=""https://tiktok.com/@shallownuckoles51"" target=""_blank"">@shallownuckoles51</a>",71,3,58.556,0.9,2,18,0,3394,50.333,3.333,0.333
"<a href=""https://tiktok.com/@sharemusic48"" target=""_blank"">@sharemusic48</a>",86,9,33.852,0.933,1,27,0,1693.833,38.417,1,0.5
"<a href=""https://tiktok.com/@shbsdd2"" target=""_blank"">@shbsdd2</a>",44,12,76,0.917,1,28,0,10205.917,152.333,8.167,16.667
"<a href=""https://tiktok.com/@sijh37"" target=""_blank"">@sijh37</a>",9,11,64.381,0.724,7,82,0,1857.182,94.182,0.545,1.182
"<a href=""https://tiktok.com/@sjyzm286"" target=""_blank"">@sjyzm286</a>",62,6,63.571,0.8,1,7,0,1048.833,76.167,0.667,0
"<a href=""https://tiktok.com/@skfkdkfdk48584"" target=""_blank"">@skfkdkfdk48584</a>",136,8,51.444,0.833,1,9,0,1814.125,51.75,0.875,0.875
"<a href=""https://tiktok.com/@skylar.phakedfg13"" target=""_blank"">@skylar.phakedfg13</a>",134,8,34.25,1,1,8,0,7633.375,112.625,2.125,20.375
"<a href=""https://tiktok.com/@skylar.phaky1954"" target=""_blank"">@skylar.phaky1954</a>",132,6,33.6,1,2,19,0,3718.167,51.333,0.667,1.5
"<a href=""https://tiktok.com/@slcgeey983"" target=""_blank"">@slcgeey983</a>",134,7,27.636,1,1,11,0,5784.571,144.857,6.857,23
"<a href=""https://tiktok.com/@snoshsj"" target=""_blank"">@snoshsj</a>",37,4,34.688,0.958,4,29,0,1092,50,0,0.25
"<a href=""https://tiktok.com/@srfyvii"" target=""_blank"">@srfyvii</a>",99,6,51.3,1,1,10,0,8210.375,270.75,12.75,8.5
"<a href=""https://tiktok.com/@srjmfsgxx1"" target=""_blank"">@srjmfsgxx1</a>",19,3,45.125,1,1,8,0,270.667,3.5,0,0
"<a href=""https://tiktok.com/@stemmermanthobbs"" target=""_blank"">@stemmermanthobbs</a>",62,6,63.571,0.8,1,7,0,793.333,81,1.333,0.167
"<a href=""https://tiktok.com/@stoyouh"" target=""_blank"">@stoyouh</a>",18,7,73.357,0.817,2,14,0,2702.143,97.429,1.571,8.286
"<a href=""https://tiktok.com/@stvhfhj"" target=""_blank"">@stvhfhj</a>",16,5,56.857,1,1,7,0,3903.2,144.4,5.2,6
"<a href=""https://tiktok.com/@svjscsh"" target=""_blank"">@svjscsh</a>",16,8,56.857,1,1,7,0,13522.5,329,13.125,6.75
"<a href=""https://tiktok.com/@sypvvz"" target=""_blank"">@sypvvz</a>",79,3,29.63,1,4,36,0,418.333,16.667,0,0
"<a href=""https://tiktok.com/@taachh6"" target=""_blank"">@taachh6</a>",57,9,47.853,0.911,11,143,0,1062.667,61.111,1.111,0.667
"<a href=""https://tiktok.com/@tdfhh770"" target=""_blank"">@tdfhh770</a>",56,3,65.357,1,2,14,0,662,73.667,0.333,0
"<a href=""https://tiktok.com/@tdsgjk3"" target=""_blank"">@tdsgjk3</a>",55,6,73.005,0.933,3,23,0,647,52.333,1,5.5
"<a href=""https://tiktok.com/@tdxhj38"" target=""_blank"">@tdxhj38</a>",57,9,62.697,0.904,13,155,0,1807.778,116.889,1.667,5
"<a href=""https://tiktok.com/@tdzch1"" target=""_blank"">@tdzch1</a>",57,9,46.337,0.927,10,98,0,787.444,71.667,0.889,3.333
"<a href=""https://tiktok.com/@tedfh30"" target=""_blank"">@tedfh30</a>",57,6,47.352,0.905,14,131,0,8616.667,311.5,8.333,5.333
"<a href=""https://tiktok.com/@tedsu529"" target=""_blank"">@tedsu529</a>",64,9,55.764,0.845,4,36,0,11979.2,38.6,0.733,1.6
"<a href=""https://tiktok.com/@tessh95"" target=""_blank"">@tessh95</a>",43,8,60.189,1,5,47,0.001,7201.125,351.625,2.875,6.875
"<a href=""https://tiktok.com/@texbjo"" target=""_blank"">@texbjo</a>",42,4,50.571,1,1,7,0,340.5,26.5,0.25,0
"<a href=""https://tiktok.com/@tffyib"" target=""_blank"">@tffyib</a>",91,6,82.004,0.667,3,36,0,1118,36.667,1.333,2.167
"<a href=""https://tiktok.com/@tggd603"" target=""_blank"">@tggd603</a>",60,4,50.938,0.733,2,17,0,794,46.75,0.25,0
"<a href=""https://tiktok.com/@tham.trinh423"" target=""_blank"">@tham.trinh423</a>",8,6,40.429,1,1,7,0,911.571,24.571,0.429,0.571
"<a href=""https://tiktok.com/@thanglinh56"" target=""_blank"">@thanglinh56</a>",63,6,29.143,1,2,14,0,4682.5,96.167,0.333,1
"<a href=""https://tiktok.com/@thanhinhnguyen414"" target=""_blank"">@thanhinhnguyen414</a>",68,4,22.143,1,1,7,0,998.25,63.25,0,0
"<a href=""https://tiktok.com/@thienle4369"" target=""_blank"">@thienle4369</a>",8,7,57.347,0.881,4,32,0,1690.571,41,0.571,1.571
"<a href=""https://tiktok.com/@thuc.nguyen2010"" target=""_blank"">@thuc.nguyen2010</a>",9,10,61.343,0.969,4,56,0,1648.3,79.1,1,0.5
"<a href=""https://tiktok.com/@thuy4458"" target=""_blank"">@thuy4458</a>",3,4,27,1,1,8,0,1211.25,116.75,0.5,0.25
"<a href=""https://tiktok.com/@tigde25"" target=""_blank"">@tigde25</a>",57,9,57.944,0.929,8,81,0,891.222,52.111,0.333,0.111
"<a href=""https://tiktok.com/@tjgee4"" target=""_blank"">@tjgee4</a>",57,6,57.467,0.92,7,86,0,708.5,48.333,0,0.167
"<a href=""https://tiktok.com/@tkre891"" target=""_blank"">@tkre891</a>",97,6,34.5,1,1,8,0,670.833,67.333,0.167,2.167
"<a href=""https://tiktok.com/@to24123"" target=""_blank"">@to24123</a>",58,8,56.458,1,2,20,0,3580,77.125,0.625,2.875
"<a href=""https://tiktok.com/@toiyy5"" target=""_blank"">@toiyy5</a>",43,7,51.5,1,2,16,0,1086.5,60.75,0.25,0.75
"<a href=""https://tiktok.com/@toydgixxe8"" target=""_blank"">@toydgixxe8</a>",127,3,38.5,0.8,1,8,0,555725.333,23500,84,254
"<a href=""https://tiktok.com/@tsdgg5"" target=""_blank"">@tsdgg5</a>",57,6,58.56,0.894,7,72,0,580.333,35.5,0.667,0.667
"<a href=""https://tiktok.com/@tsdhj1"" target=""_blank"">@tsdhj1</a>",57,9,48.899,0.973,11,132,0,1033.889,81.889,0.667,1.889
"<a href=""https://tiktok.com/@tsfh8353"" target=""_blank"">@tsfh8353</a>",33,8,33.429,1,1,7,0,742,71.125,0.375,1.5
"<a href=""https://tiktok.com/@tsxhnj5"" target=""_blank"">@tsxhnj5</a>",57,4,68.3,0.817,2,20,0,620,36.25,0.25,2.5
"<a href=""https://tiktok.com/@ttazpqe"" target=""_blank"">@ttazpqe</a>",77,3,35.694,1,4,36,0,490.667,25,0,0.333
"<a href=""https://tiktok.com/@ttgskn"" target=""_blank"">@ttgskn</a>",110,9,45,1,2,16,0,695,16.333,0.556,0.222
"<a href=""https://tiktok.com/@tthemca"" target=""_blank"">@tthemca</a>",77,3,39.222,1,4,36,0,214.333,12.333,0,0.667
"<a href=""https://tiktok.com/@tug35587"" target=""_blank"">@tug35587</a>",43,8,58.924,1,4,39,0,9100,360,1.25,6.125
"<a href=""https://tiktok.com/@tuyen.nguyen5316"" target=""_blank"">@tuyen.nguyen5316</a>",8,7,44.508,0.774,2,16,0,7306.429,77.143,1.571,1.143
"<a href=""https://tiktok.com/@twkg9813"" target=""_blank"">@twkg9813</a>",116,8,67.592,1,5,72,0,990.875,86.375,1.5,1
"<a href=""https://tiktok.com/@twvs4521"" target=""_blank"">@twvs4521</a>",116,6,65.488,1,4,61,0,333.333,6.833,0,0
"<a href=""https://tiktok.com/@txihhoi"" target=""_blank"">@txihhoi</a>",129,3,20.667,0.8,1,9,0,8356,26.333,8,0.333
"<a href=""https://tiktok.com/@tyuioaak1"" target=""_blank"">@tyuioaak1</a>",18,6,35.375,1,1,8,0,1171.125,88.5,2.75,1.375
"<a href=""https://tiktok.com/@ufgo85"" target=""_blank"">@ufgo85</a>",100,6,56.5,1,1,8,0,769,44.857,2,0.143
"<a href=""https://tiktok.com/@ufsc8075"" target=""_blank"">@ufsc8075</a>",114,3,66.667,1,2,18,0,2032,119.333,2.333,2.667
"<a href=""https://tiktok.com/@ugghdrg"" target=""_blank"">@ugghdrg</a>",38,3,70.007,0.9,2,17,0,677,22.333,0.333,1
"<a href=""https://tiktok.com/@umd274"" target=""_blank"">@umd274</a>",58,8,51.75,1,1,8,0,2204.625,139.25,6.25,1.375
"<a href=""https://tiktok.com/@usbkjggb6819"" target=""_blank"">@usbkjggb6819</a>",47,6,87.857,1,1,7,0,1453,95.714,1,2.143
"<a href=""https://tiktok.com/@user1007309828197"" target=""_blank"">@user1007309828197</a>",89,9,41.836,0.951,5,90,0,1530.667,39.778,0.556,0.778
"<a href=""https://tiktok.com/@user1039975619594"" target=""_blank"">@user1039975619594</a>",82,6,49.574,0.889,3,38,0,1205.333,89.667,0.833,0
"<a href=""https://tiktok.com/@user152435261681"" target=""_blank"">@user152435261681</a>",55,8,47.938,0.917,2,16,0,985.875,96.75,5.875,1.5
"<a href=""https://tiktok.com/@user15739328530590"" target=""_blank"">@user15739328530590</a>",87,3,10.889,1,1,9,0,1260.667,94,1,12.667
"<a href=""https://tiktok.com/@user16909390140293"" target=""_blank"">@user16909390140293</a>",15,10,61.604,0.928,3,51,0,984.917,21,0.083,0.833
"<a href=""https://tiktok.com/@user1900732876217"" target=""_blank"">@user1900732876217</a>",57,6,51.431,0.75,6,52,0,258.167,17.5,0.167,0
"<a href=""https://tiktok.com/@user2209053112928"" target=""_blank"">@user2209053112928</a>",28,4,53.82,0.783,3,29,0,793.25,34,0.25,1.5
"<a href=""https://tiktok.com/@user2328467562656"" target=""_blank"">@user2328467562656</a>",99,6,70.221,1,2,17,0,283.833,6.833,0.167,0.167
"<a href=""https://tiktok.com/@user23546002183542"" target=""_blank"">@user23546002183542</a>",60,6,50.681,0.889,3,35,0,1053.167,142.333,0,2.5
"<a href=""https://tiktok.com/@user2391561052042"" target=""_blank"">@user2391561052042</a>",84,3,39.389,1,2,17,0,813.667,21,0.333,0
"<a href=""https://tiktok.com/@user2554161395053"" target=""_blank"">@user2554161395053</a>",82,6,45.743,0.952,3,40,0,853.5,25.667,0.667,0
"<a href=""https://tiktok.com/@user2810315813972"" target=""_blank"">@user2810315813972</a>",13,6,49.571,0.833,1,7,0,5469.5,133.333,3.167,0.5
"<a href=""https://tiktok.com/@user28115831310981"" target=""_blank"">@user28115831310981</a>",57,6,54.153,0.833,6,51,0,695.833,28.833,0.667,1.667
"<a href=""https://tiktok.com/@user28840388704006"" target=""_blank"">@user28840388704006</a>",55,6,71.786,0.817,2,14,0,1658.833,63.167,1.167,1.667
"<a href=""https://tiktok.com/@user2886235262248"" target=""_blank"">@user2886235262248</a>",57,6,41.399,0.953,12,122,0,48057.833,3394.5,7.167,272.167
"<a href=""https://tiktok.com/@user315321397"" target=""_blank"">@user315321397</a>",7,8,45.625,1,1,8,0,1398,90.5,0.875,1.25
"<a href=""https://tiktok.com/@user3154950400581"" target=""_blank"">@user3154950400581</a>",12,7,50.375,0.857,1,8,0,1445.857,107.714,0.571,0.286
"<a href=""https://tiktok.com/@user319107155734"" target=""_blank"">@user319107155734</a>",28,4,49.482,0.833,3,30,0,937.75,69.25,1,0.25
"<a href=""https://tiktok.com/@user3310281972692"" target=""_blank"">@user3310281972692</a>",86,9,33.852,0.933,1,27,0,6235.75,54.833,0.75,0.583
"<a href=""https://tiktok.com/@user33539405804153"" target=""_blank"">@user33539405804153</a>",58,8,54.5,1,2,16,0,2557.25,84.625,0.125,0.375
"<a href=""https://tiktok.com/@user3357615163181"" target=""_blank"">@user3357615163181</a>",10,7,39.979,0.792,2,17,0,1281.667,82.778,1.333,3.556
"<a href=""https://tiktok.com/@user3436197788624"" target=""_blank"">@user3436197788624</a>",9,9,62.864,0.843,5,55,0,2194.111,103,2,1.222
"<a href=""https://tiktok.com/@user3487610619768"" target=""_blank"">@user3487610619768</a>",87,3,10.889,1,1,9,0,2113.667,190,1.333,9
"<a href=""https://tiktok.com/@user3513549944066"" target=""_blank"">@user3513549944066</a>",27,4,62.857,0.8,1,7,0,1008.25,96.25,2.5,0.75
"<a href=""https://tiktok.com/@user3747361910671"" target=""_blank"">@user3747361910671</a>",40,4,45.5,1,1,8,0,1615.125,116.5,1.75,0.75
"<a href=""https://tiktok.com/@user3907058774305"" target=""_blank"">@user3907058774305</a>",47,4,87.857,1,1,7,0,1381.2,94.2,0.4,0
"<a href=""https://tiktok.com/@user3990760818150"" target=""_blank"">@user3990760818150</a>",84,6,56.333,0.857,2,18,0,749.5,28.333,1,1.5
"<a href=""https://tiktok.com/@user4043220424688"" target=""_blank"">@user4043220424688</a>",29,4,23.333,1,1,9,0,581.75,42,0.25,0
"<a href=""https://tiktok.com/@user4102790732505"" target=""_blank"">@user4102790732505</a>",81,3,65.333,1,1,9,0,1812,34.667,0,0.333
"<a href=""https://tiktok.com/@user4260031255720"" target=""_blank"">@user4260031255720</a>",102,5,15.111,0.8,1,9,0,772.8,36,3,1.4
"<a href=""https://tiktok.com/@user4360759074610"" target=""_blank"">@user4360759074610</a>",52,3,41.714,1,1,7,0,3568.333,54.333,0.333,1
"<a href=""https://tiktok.com/@user4381527231047"" target=""_blank"">@user4381527231047</a>",53,3,59.889,0.8,1,9,0,31979.667,275,1.333,2
"<a href=""https://tiktok.com/@user4653779669079"" target=""_blank"">@user4653779669079</a>",99,6,29.167,1,3,23,0,857,63.5,1.5,0.167
"<a href=""https://tiktok.com/@user4661909965305"" target=""_blank"">@user4661909965305</a>",50,4,27.25,1,1,8,0,561.5,41.5,0.5,0.75
"<a href=""https://tiktok.com/@user4681663121155"" target=""_blank"">@user4681663121155</a>",89,7,43.423,0.94,5,67,0,386.143,12.286,0,0.286
"<a href=""https://tiktok.com/@user4926138720922"" target=""_blank"">@user4926138720922</a>",55,6,36.286,1,2,14,0,650.5,85.5,0.5,0.333
"<a href=""https://tiktok.com/@user50509800722347"" target=""_blank"">@user50509800722347</a>",130,7,55.667,0.8,1,9,0,1343.333,51.222,0.889,0.111
"<a href=""https://tiktok.com/@user5091293440265"" target=""_blank"">@user5091293440265</a>",55,6,61.553,0.837,4,31,0,729.5,53.833,0.167,2.333
"<a href=""https://tiktok.com/@user5196059158859"" target=""_blank"">@user5196059158859</a>",54,3,16.741,1,3,27,0,1466.333,48,0.333,0
"<a href=""https://tiktok.com/@user53220988591844"" target=""_blank"">@user53220988591844</a>",70,3,49.067,0.867,3,24,0,1176.667,58.333,0.333,0
"<a href=""https://tiktok.com/@user55029855976770"" target=""_blank"">@user55029855976770</a>",82,4,44.442,0.746,3,32,0,2614.25,53.25,0.5,0.25
"<a href=""https://tiktok.com/@user554097349949"" target=""_blank"">@user554097349949</a>",90,4,49,1,1,8,0,818.5,45,0.75,3.5
"<a href=""https://tiktok.com/@user57006618673946"" target=""_blank"">@user57006618673946</a>",57,5,55.372,0.887,5,48,0,590.6,41.4,0.2,2.6
"<a href=""https://tiktok.com/@user5831942911597"" target=""_blank"">@user5831942911597</a>",58,8,65.646,0.857,2,20,0,3500.375,139.625,0.625,1.375
"<a href=""https://tiktok.com/@user5856382575116"" target=""_blank"">@user5856382575116</a>",74,4,59.714,1,1,7,0,2449.75,123.5,1.75,0.75
"<a href=""https://tiktok.com/@user61165494628858"" target=""_blank"">@user61165494628858</a>",57,9,77.572,0.871,7,79,0,2611.222,160.222,1.556,9.667
"<a href=""https://tiktok.com/@user6192152733518"" target=""_blank"">@user6192152733518</a>",88,3,47.857,1,1,7,0,397.333,14,0.667,0
"<a href=""https://tiktok.com/@user6217574500806"" target=""_blank"">@user6217574500806</a>",93,6,68.652,0.733,2,15,0,2908.333,146.667,1.833,4.167
"<a href=""https://tiktok.com/@user6758753838000"" target=""_blank"">@user6758753838000</a>",55,6,46.286,0.8,1,7,0,2099.286,231.143,8.286,14.571
"<a href=""https://tiktok.com/@user67847154582217"" target=""_blank"">@user67847154582217</a>",98,6,59.7,0.857,1,10,0,944.667,81.5,0.167,1.333
"<a href=""https://tiktok.com/@user68356911128363"" target=""_blank"">@user68356911128363</a>",82,5,41,0.905,3,32,0,2477,64.2,5.4,0.8
"<a href=""https://tiktok.com/@user7049346312380"" target=""_blank"">@user7049346312380</a>",55,6,62.095,0.917,2,16,0,378.667,29.667,0.833,1.5
"<a href=""https://tiktok.com/@user7080026610324"" target=""_blank"">@user7080026610324</a>",12,8,57.825,0.907,3,29,0,1893.5,65.625,0.875,3.125
"<a href=""https://tiktok.com/@user7285945563907"" target=""_blank"">@user7285945563907</a>",10,10,60.333,0.75,1,9,0,6101.3,96.7,2.5,4.8
"<a href=""https://tiktok.com/@user73655243106524"" target=""_blank"">@user73655243106524</a>",102,7,15.111,0.8,1,9,0,824,42.143,1.429,7
"<a href=""https://tiktok.com/@user767736632380"" target=""_blank"">@user767736632380</a>",94,4,47,1,1,7,0,1798.167,83.667,2.833,2.833
"<a href=""https://tiktok.com/@user769357200"" target=""_blank"">@user769357200</a>",5,6,43.545,1,1,11,0,10967.5,272.667,13.333,132.833
"<a href=""https://tiktok.com/@user81051779261186"" target=""_blank"">@user81051779261186</a>",88,3,47.857,1,1,7,0,287.667,5.667,0,0
"<a href=""https://tiktok.com/@user8139270203315"" target=""_blank"">@user8139270203315</a>",57,9,55.912,0.88,8,93,0,757.111,38.556,0.111,0.444
"<a href=""https://tiktok.com/@user8290754088115"" target=""_blank"">@user8290754088115</a>",83,6,48.105,0.958,3,37,0,422,10.833,0.5,0
"<a href=""https://tiktok.com/@user8394813160593"" target=""_blank"">@user8394813160593</a>",84,3,51.333,1,1,9,0,1155.333,37.667,2.333,1
"<a href=""https://tiktok.com/@user846972218729"" target=""_blank"">@user846972218729</a>",31,4,59.548,0.857,2,29,0,1096.75,71.75,1.25,0.75
"<a href=""https://tiktok.com/@user85244619549900"" target=""_blank"">@user85244619549900</a>",81,3,65.333,1,1,9,0,1880.333,66,1.667,0
"<a href=""https://tiktok.com/@user8546283403294"" target=""_blank"">@user8546283403294</a>",57,6,36.611,1,6,54,0,1014.333,85.167,0,3.5
"<a href=""https://tiktok.com/@user8621938415468"" target=""_blank"">@user8621938415468</a>",30,3,50.875,1,1,8,0,906.75,62.5,1.25,0
"<a href=""https://tiktok.com/@user912929975401"" target=""_blank"">@user912929975401</a>",93,6,56.429,0.8,1,7,0,908.667,55.333,1.833,1.333
"<a href=""https://tiktok.com/@user918416806877"" target=""_blank"">@user918416806877</a>",59,8,42.458,1,2,20,0,2459.5,120.875,0.25,0.875
"<a href=""https://tiktok.com/@user95999294976194"" target=""_blank"">@user95999294976194</a>",57,6,54.874,0.918,9,112,0,885,49.5,0.167,2.5
"<a href=""https://tiktok.com/@user9611218681309"" target=""_blank"">@user9611218681309</a>",92,6,73.571,1,1,7,0,1538.833,127.667,1.5,12.667
"<a href=""https://tiktok.com/@user98508483231828"" target=""_blank"">@user98508483231828</a>",84,6,63.69,0.933,3,26,0,2643.833,70.667,2.833,1.5
"<a href=""https://tiktok.com/@user9973519376251"" target=""_blank"">@user9973519376251</a>",52,3,41.714,1,1,7,0,3505,61,0.333,0.667
"<a href=""https://tiktok.com/@usuwifg"" target=""_blank"">@usuwifg</a>",24,4,77.875,0.667,1,8,0,1313,142,0,0
"<a href=""https://tiktok.com/@utoxwqg"" target=""_blank"">@utoxwqg</a>",77,3,39.361,1,4,36,0,400.667,26.333,0,0
"<a href=""https://tiktok.com/@uwzqunq"" target=""_blank"">@uwzqunq</a>",77,3,39.583,1,4,36,0,625.333,46.333,0.333,0.333
"<a href=""https://tiktok.com/@vaigg0"" target=""_blank"">@vaigg0</a>",11,8,44.806,1,2,17,0,2853.5,128.75,2.5,1.25
"<a href=""https://tiktok.com/@vdghj63"" target=""_blank"">@vdghj63</a>",91,4,74.444,0.5,1,9,0,1180.667,41.167,0.333,0.167
"<a href=""https://tiktok.com/@vdysj116"" target=""_blank"">@vdysj116</a>",64,12,61.559,0.921,3,30,0,3055.357,48.5,2.429,13.214
"<a href=""https://tiktok.com/@vendmdnbmmff3"" target=""_blank"">@vendmdnbmmff3</a>",41,7,39.429,1,1,7,0,5608.75,144,2.625,36.375
"<a href=""https://tiktok.com/@verity.holland"" target=""_blank"">@verity.holland</a>",1,4,46.857,1,1,7,0,764.25,52.75,1.25,2.75
"<a href=""https://tiktok.com/@veuek344"" target=""_blank"">@veuek344</a>",66,3,54.875,1,1,8,0,475.833,45,0,0.167
"<a href=""https://tiktok.com/@veysa891"" target=""_blank"">@veysa891</a>",64,11,61.769,0.875,3,35,0,5137.067,55.333,1.2,3.133
"<a href=""https://tiktok.com/@vigddvj"" target=""_blank"">@vigddvj</a>",133,8,42.317,1,2,22,0,5443,150.875,4.5,11.75
"<a href=""https://tiktok.com/@vj1428oxv"" target=""_blank"">@vj1428oxv</a>",31,4,56.965,0.845,2,25,0,1285.75,118.25,0.5,0.5
"<a href=""https://tiktok.com/@vnagg6"" target=""_blank"">@vnagg6</a>",57,6,41.524,1,7,63,0,907,30.833,0.167,0.667
"<a href=""https://tiktok.com/@vqew.oiru"" target=""_blank"">@vqew.oiru</a>",96,6,52.208,0.929,2,17,0,313.667,17,0,0
"<a href=""https://tiktok.com/@vsuau5"" target=""_blank"">@vsuau5</a>",43,4,64.736,1,5,39,0,758.25,73.5,0.5,0
"<a href=""https://tiktok.com/@w0y9zolyb2"" target=""_blank"">@w0y9zolyb2</a>",104,5,45.608,0.982,8,88,0,94.6,0.6,0.2,0
"<a href=""https://tiktok.com/@weizhoudao4"" target=""_blank"">@weizhoudao4</a>",123,6,65.727,1,3,33,0,1751.375,24.875,0.875,0.625
"<a href=""https://tiktok.com/@whatyoupp"" target=""_blank"">@whatyoupp</a>",46,6,60.062,0.7,2,16,0,82.222,0.444,0.111,0
"<a href=""https://tiktok.com/@wihwth"" target=""_blank"">@wihwth</a>",78,3,26.222,1,2,18,0,496.667,27,0.333,0
"<a href=""https://tiktok.com/@wiqg8225"" target=""_blank"">@wiqg8225</a>",34,10,39.933,1,1,15,0,901.6,97.6,0.2,2.3
"<a href=""https://tiktok.com/@wive0570"" target=""_blank"">@wive0570</a>",36,7,16.857,1,1,7,0,1887,74,1.111,1
"<a href=""https://tiktok.com/@wmqdmn"" target=""_blank"">@wmqdmn</a>",84,5,50,0.857,2,18,0,28310,852.2,5.2,20.2
"<a href=""https://tiktok.com/@wotext"" target=""_blank"">@wotext</a>",17,7,61.714,1,1,7,0,4085.429,162.857,3.714,4.857
"<a href=""https://tiktok.com/@wsx1800"" target=""_blank"">@wsx1800</a>",124,4,26.75,1,2,16,0,27673.167,86,0.667,1.5
"<a href=""https://tiktok.com/@xchinaqueen1"" target=""_blank"">@xchinaqueen1</a>",23,9,100.6,0.75,2,21,0,176.25,34.125,2.292,0.625
"<a href=""https://tiktok.com/@xchinaqueen5"" target=""_blank"">@xchinaqueen5</a>",23,16,98.72,0.767,3,36,0,194.136,17.136,2.545,0.864
"<a href=""https://tiktok.com/@xchinaqueen6"" target=""_blank"">@xchinaqueen6</a>",23,9,100.419,1,2,22,0,563.368,28.526,2.947,0.632
"<a href=""https://tiktok.com/@xchinaqueen8"" target=""_blank"">@xchinaqueen8</a>",23,8,97.951,1,2,20,0,200.105,27.421,2.842,1.158
"<a href=""https://tiktok.com/@xiahoudun152"" target=""_blank"">@xiahoudun152</a>",64,14,58.602,0.855,4,48,0,5518.75,50.438,0.875,4.438
"<a href=""https://tiktok.com/@xiaogou321"" target=""_blank"">@xiaogou321</a>",123,6,49.934,1,3,34,0,1001.25,15.5,0,0.625
"<a href=""https://tiktok.com/@xiaoyuan64"" target=""_blank"">@xiaoyuan64</a>",83,6,45.036,0.958,3,35,0,107551.667,4088.5,21.667,28
"<a href=""https://tiktok.com/@xiaoyuanyuan293"" target=""_blank"">@xiaoyuanyuan293</a>",83,6,35.081,0.963,3,35,0,4309,121.333,1.333,0.833
"<a href=""https://tiktok.com/@xiaoyuanyuan464"" target=""_blank"">@xiaoyuanyuan464</a>",84,5,48.354,0.85,3,24,0,709.6,26,1.4,0.6
"<a href=""https://tiktok.com/@xinying2511"" target=""_blank"">@xinying2511</a>",85,3,77.778,0.8,1,9,0,454.667,20,0.667,0.333
"<a href=""https://tiktok.com/@xscpkjuyd0"" target=""_blank"">@xscpkjuyd0</a>",106,3,48.627,1,8,71,0,61.667,0,0,0
"<a href=""https://tiktok.com/@xu87422"" target=""_blank"">@xu87422</a>",89,9,54.499,0.875,5,80,0,2082.667,71.444,2.222,5.444
"<a href=""https://tiktok.com/@xuanyenvo450"" target=""_blank"">@xuanyenvo450</a>",70,3,58.38,0.933,3,25,0,2035.667,28.667,0,0.333
"<a href=""https://tiktok.com/@xvnmh8"" target=""_blank"">@xvnmh8</a>",43,8,49.861,1,3,32,0,1330.25,64.125,0.25,0.5
"<a href=""https://tiktok.com/@xxii911"" target=""_blank"">@xxii911</a>",18,8,55.864,0.843,5,36,0,3699.75,141.75,1.25,1.375
"<a href=""https://tiktok.com/@y976609"" target=""_blank"">@y976609</a>",93,4,80.875,0.667,1,8,0,4971,179.5,4.5,29.25
"<a href=""https://tiktok.com/@yanhua995"" target=""_blank"">@yanhua995</a>",124,6,38.542,1,2,20,0,596.667,17.833,0.5,0
"<a href=""https://tiktok.com/@yd036473p"" target=""_blank"">@yd036473p</a>",30,3,50.875,1,1,8,0,1467,115.5,2.75,0.5
"<a href=""https://tiktok.com/@ydegg179"" target=""_blank"">@ydegg179</a>",84,3,95.625,1,1,8,0,1135.667,36.333,1,0.667
"<a href=""https://tiktok.com/@yetffuioo"" target=""_blank"">@yetffuioo</a>",120,4,76.75,0.833,1,8,0,894.333,83,0.333,1.333
"<a href=""https://tiktok.com/@yfyd3444"" target=""_blank"">@yfyd3444</a>",59,8,54.667,1,1,12,0,7574.25,1173.125,156.5,399.75
"<a href=""https://tiktok.com/@yhdas"" target=""_blank"">@yhdas</a>",57,9,63.212,0.912,8,87,0,740.444,36,0.556,1.556
"<a href=""https://tiktok.com/@yiitsukb"" target=""_blank"">@yiitsukb</a>",12,6,56.366,0.917,2,15,0,3163.833,143.5,5.667,7
"<a href=""https://tiktok.com/@yjskdotld6"" target=""_blank"">@yjskdotld6</a>",127,3,47.806,0.9,2,17,0,3925.667,92.667,0.667,0
"<a href=""https://tiktok.com/@ykfre3"" target=""_blank"">@ykfre3</a>",117,3,56.714,0.8,1,7,0,1326,95.333,1,3.667
"<a href=""https://tiktok.com/@ykre61"" target=""_blank"">@ykre61</a>",57,8,70.643,0.908,9,112,0,1415.75,161.375,0.5,1.875
"<a href=""https://tiktok.com/@ylnc4queq1"" target=""_blank"">@ylnc4queq1</a>",105,3,41.556,0.8,1,9,0,31.667,0.333,0,0
"<a href=""https://tiktok.com/@you.texts"" target=""_blank"">@you.texts</a>",17,7,61.714,1,1,7,0,4183.429,146,3,1.286
"<a href=""https://tiktok.com/@yourfavtwins0"" target=""_blank"">@yourfavtwins0</a>",37,4,34.036,1,4,31,0,1201,79.25,0,0.75
"<a href=""https://tiktok.com/@yrchj1"" target=""_blank"">@yrchj1</a>",55,8,54.596,0.86,5,37,0,366.125,23.5,0,0
"<a href=""https://tiktok.com/@yrydi0g329"" target=""_blank"">@yrydi0g329</a>",104,4,47.457,0.868,8,75,0,1186.75,4,0,0.25
"<a href=""https://tiktok.com/@ys6m9llfa9"" target=""_blank"">@ys6m9llfa9</a>",39,3,57,1,2,14,0,329.667,7.667,0,0
"<a href=""https://tiktok.com/@ysishhd7"" target=""_blank"">@ysishhd7</a>",12,6,60.538,0.944,2,18,0,1637,105.5,2,4.333
"<a href=""https://tiktok.com/@ytrq8081"" target=""_blank"">@ytrq8081</a>",115,9,67.709,1,5,92,0,2794.667,81.333,1.111,0.667
"<a href=""https://tiktok.com/@yuroc2gvf1"" target=""_blank"">@yuroc2gvf1</a>",19,6,46.183,0.963,3,28,0,226.833,8,0,0
"<a href=""https://tiktok.com/@zfg4r2vhg6"" target=""_blank"">@zfg4r2vhg6</a>",104,3,50.08,0.975,8,63,0,187.667,3.667,0,0.333
"<a href=""https://tiktok.com/@zkbaommm92"" target=""_blank"">@zkbaommm92</a>",107,3,60.125,1,1,8,0,3791.667,25,0.333,0
"<a href=""https://tiktok.com/@zsdx184"" target=""_blank"">@zsdx184</a>",9,8,66.438,0.857,2,18,0,2441.625,103.875,0.625,6.625
"<a href=""https://tiktok.com/@zurina.sara"" target=""_blank"">@zurina.sara</a>",45,5,48.375,0.833,1,8,0,211.333,16.667,2,1.333
"<a href=""https://tiktok.com/@zvjsl"" target=""_blank"">@zvjsl</a>",43,4,62.661,1,2,15,0,1774.25,71.75,3.25,0.25
"<a href=""https://tiktok.com/@zxvb736"" target=""_blank"">@zxvb736</a>",9,6,59.196,0.779,5,44,0,1848.5,90.833,0.167,0.833
