"Network","Number of Accounts","Network Density","Network Diameter","Clustering Coefficient","Avg Views","Avg Likes","Avg Comments","Avg Shares","Member Accounts"
1,3,0.667,14,0,982.417,52.167,0.833,1.167,"cbjf05, jdkckcj2, verity.holland"
2,2,1,7,0,1099.364,57.909,0.182,0.364,"aedgslpxjx, fcjjv86"
3,2,1,8,0,1249,75.125,0.75,0.25,"guu34210, thuy4458"
4,2,1,8,0,4690.444,103.111,2.556,2,"jdofj81, gmlkh98"
5,2,1,11,0,23629.5,240.75,10.25,67.5,"ficeuoo, user769357200"
6,4,0.667,14,0.6,1635.696,137.957,1.043,0.696,"ryllskaya.reddit, ryllskayaqing, djbdjfjff, 6dhbgbvuyqw"
7,2,1,8,0,1176.857,62.857,1.071,2.929,"seile.rian, user315321397"
8,5,0.6,18,0.545,2779.432,45.541,0.757,0.892,"tham.trinh423, thienle4369, phuong.nguyen4922, ngoc.ho078, tuyen.nguyen5316"
9,13,0.385,34,0.55,2486.861,97.974,1.522,2.209,"aed0267, nhi.vo585, khanh.dao61, thuc.nguyen2010, gooj806, jvtvc3, user3436197788624, sijh37, zsdx184, dthh824, aed2750, jajsjsn56, zxvb736"
10,3,0.667,17,0,4203.64,89.48,1.68,4.12,"user3357615163181, user7285945563907, aed2996"
11,3,0.667,17,0,2835.773,105.545,1.591,1.909,"hpcfh, ididu034, vaigg0"
12,5,0.5,30,0.5,1933.171,106.486,3.029,5.6,"user7080026610324, user3154950400581, gubwos, yiitsukb, ysishhd7"
13,2,1,7,0,4317.462,114.385,2,0.769,"user2810315813972, chdg050"
14,4,0.5,23,0,1802.067,92.5,2,2.3,"cx.b28, hdidkser0, fjyukfjjf, geievertu8"
15,4,0.833,26,0.75,864.325,32.7,0.85,0.925,"fhkundshunk, kungyhunksd, lin689668987, user16909390140293"
16,2,1,7,0,9822.769,258,10.077,6.462,"svjscsh, stvhfhj"
17,2,1,7,0,4134.429,154.429,3.357,3.071,"wotext, you.texts"
18,9,0.333,38,0.321,5143.7,170.871,2.114,4.929,"tyuioaak1, stoyouh, rohingyao, landscape5670, sasapco, hdryxd, cagnhd, xxii911, bsbseuo"
19,4,0.667,19,0.6,334.905,8.19,0.048,0.095,"srjmfsgxx1, o6zn4lobe2, ogdzwqhq80, yuroc2gvf1"
20,2,1,7,0,174,2.833,0,0,"hi5s0d6sh2, mt0kwjzyf4"
21,2,1,20,0,2359.763,132.789,8.842,3.237,"airplandriver120, cutedriver120"
22,2,1,12,0,3408.231,212.327,8.096,5.75,"china_driver_150, amazing_seeet120"
23,7,0.381,38,0,669.074,70.205,5.59,1.287,"xchinaqueen5, xchinaqueen6, king_queengg0, driver_king0, china_deriver_0, xchinaqueen1, xchinaqueen8"
24,2,1,8,0,2582.9,119.9,0.6,0.3,"iddicgg, usuwifg"
25,2,1,8,0,2114.625,109.25,2.875,1.125,"luggyi, mahasawatzke"
26,2,1,7,0,1627.625,78.5,1.312,0.375,"hieu.lep, monta.karlak"
27,2,1,7,0,828.714,58.571,3.429,1.429,"jnjwvgiaoa9, user3513549944066"
28,4,0.833,18,0.75,793.2,45.4,0.867,1.067,"user319107155734, i6zqvuxcp, id4559hc3, user2209053112928"
29,2,1,9,0,940.571,58.857,0.286,0,"5ueqtpnac, user4043220424688"
30,2,1,8,0,1186.875,89,2,0.25,"user8621938415468, yd036473p"
31,3,1,16,1,1207.833,82.333,0.75,0.667,"d4kfosnw1, user846972218729, vj1428oxv"
32,8,1,36,1,791.49,50.062,0.417,0.156,"eagehh, qdcieh, fwihnf, dhuolt, fvijte, hojdmc, reddit_allen5, reddit_grayson99"
33,2,1,7,0,833.6,63.667,0.267,0.867,"tsfh8353, pott7134"
34,2,1,15,0,736.4,68,0.15,1.45,"givi0331, wiqg8225"
35,2,1,9,0,1298.929,64,0.786,1,"isce0690, fhxk1941"
36,2,1,7,0,1580.722,74.556,0.778,0.833,"bkot6010, wive0570"
37,5,1,8,1,1193.8,62.55,0.35,0.3,"cnatk3189, hdksp6389, 1yrogls, snoshsj, yourfavtwins0"
38,3,0.667,17,0,870.1,37.9,0.8,0.4,"jobualltv, ugghdrg, reddffggt"
39,3,1,8,1,398.778,14.444,0.222,0,"mphlmjnw69, menacrldy4, ys6m9llfa9"
40,2,1,8,0,1697.812,102.125,2.812,1.312,"bckdihd, user3747361910671"
41,2,1,7,0,3961.067,95.667,2.4,19.6,"jamin0402, vendmdnbmmff3"
42,2,1,7,0,374.25,31.25,0.25,0.375,"detg4, texbjo"
43,31,0.114,79,0.382,5625.751,214.279,2.802,2.584,"rtikb3, tessh95, toiyy5, jspsns3, dghhg372, owuhwh, hfstil3, rdfhjj0, eyidk5, jelejeh1, isgsjdj0, flsosi5, sdff13458, gysfh4, qllsks0, oaisg2, segji2, bjspsp, cisos51, gdjdi63, hurrryu, lzozi3, gajis40, fulknm, oshasg, jsiso93, tug35587, xvnmh8, sfagnd, vsuau5, zvjsl"
44,2,1,28,0,8133.739,121.913,9.348,11.174,"reddit_ignatius8, shbsdd2"
45,2,1,8,0,957.222,58,4.778,12.889,"saniyah.rafidah.k, zurina.sara"
46,4,0.5,30,0,4118.088,23.794,0.824,1.5,"defkkpove, duongtrong182, microwavebeepcult, whatyoupp"
47,2,1,7,0,1423.083,95.083,0.75,1.25,"usbkjggb6819, user3907058774305"
48,9,0.306,95,0.3,302.376,48.639,4.684,0.534,"cardriving139, hkajah2, grilofchina, gorgeousgirl268, beautiful46h, amazingpilot0, amazingpilot2, modernofuk, moderngril5"
49,2,1,14,0,535.325,1.5,0,0.025,"avafind2, knl39aprh6"
50,2,1,8,0,431.222,23.556,0.333,0.778,"lhd2162, user4661909965305"
51,4,0.5,24,0,3063.938,56.812,1.562,2.875,"djkbc6, njjj7155, higgg813, fuhg178"
52,2,1,7,0,3536.667,57.667,0.333,0.833,"user4360759074610, user9973519376251"
53,2,1,9,0,17884.333,186,1.833,2.833,"cdzgj, user4381527231047"
54,4,1,18,1,2121.944,64.722,0.778,3.444,"grschj12, hradh1, grsdhj1, user5196059158859"
55,17,0.176,37,0.435,1163.917,83.908,1.661,3.963,"user6758753838000, fdgg7273, fsdgh41, user28840388704006, htdgji05, tdsgjk3, user4926138720922, gddgh409, ibcydt, user7049346312380, hdhit79, user5091293440265, cschh0, gkfd018, user152435261681, yrchj1, dhfde8"
56,3,1,9,1,526.222,44.556,0.111,0.222,"fhbds00, tdfhh770, hjes877"
57,28,0.286,45,0.557,2726.201,178.392,1.03,10.176,"user28115831310981, yhdas, user8139270203315, tsdhj1, tdxhj38, tsdgg5, taachh6, gsxgh2, hdchj83, fdfhj915, user61165494628858, tigde25, tdzch1, gdchio3, tjgee4, user8546283403294, gdxhh05, gsdhj91, vnagg6, rnvss5, user57006618673946, tsxhnj5, gsdghh89, user95999294976194, user1900732876217, tedfh30, user2886235262248, ykre61"
58,7,0.429,20,0.409,7050.056,612.296,4.315,25.407,"user33539405804153, umd274, rusrsuy, odt614, to24123, d548930, user5831942911597"
59,3,0.667,20,0,4727.783,517.565,54.739,142.478,"r.f.f.f..e, user918416806877, yfyd3444"
60,4,0.667,26,0.6,67288.364,4258.727,14.864,43.864,"dry.ife, tggd603, fhre44, user23546002183542"
61,3,0.667,15,0,2076.444,60.222,2.611,1.167,"qwer35064, kleber.capuano, dong.dong512"
62,2,1,7,0,921.083,78.583,1,0.083,"sjyzm286, stemmermanthobbs"
63,3,0.667,14,0,7197.222,103.389,2.167,4.056,"reimer.bobst, giap.thuy8, thanglinh56"
64,6,0.667,20,0.6,4933.319,50.637,2.088,4.352,"tedsu529, heisf127, vdysj116, veysa891, bdkcv272, xiahoudun152"
65,2,1,9,0,984.538,90.692,1.154,0.615,"grusf218, heipf273"
66,2,1,8,0,533.75,53.5,0.167,0.25,"prdei385, veuek344"
67,2,1,8,0,1445.333,53.667,1.444,0.556,"ngtriu301, bftdyfhy257"
68,2,1,7,0,891.1,72.4,0.6,0.4,"mattcllp.155, thanhinhnguyen414"
69,3,1,7,1,2270.667,34.5,0.417,0.583,"jiejielove0001, nihaoya0002, shadrickkham"
70,4,0.833,16,0.75,2006.083,51.333,0.333,0.083,"anhthupham008, user53220988591844, huutrangphan421, xuanyenvo450"
71,3,1,9,1,2994.889,46.111,1.889,0.333,"giachauho200, shallownuckoles51, haimaho326"
72,2,1,9,0,4475,51.333,1.5,1.667,"irscyyjac0, kixyki69l7"
73,2,1,10,0,19684.357,629.429,9,22.214,"aeddhjf6830, hcdiovsgj268"
74,2,1,7,0,2537.1,156.3,2.2,1.6,"dayutoureddit, user5856382575116"
75,2,1,7,0,1332.3,116.7,1.1,0.5,"ryllskayay, baifamm13"
76,2,1,9,0,585.833,57,0.167,0.167,"jecxsz, rlumvi"
77,5,1,9,1,457.2,29.8,0.067,0.267,"nzojawm2, tthemca, ttazpqe, utoxwqg, uwzqunq"
78,3,1,9,1,528.778,20.778,0.111,0.111,"ozvpix, mpypax, wihwth"
79,5,1,9,1,437.867,30.333,0.2,0.067,"hxrbdqi, cxjunn7, orfywp8, nzdifo, sypvvz"
80,2,1,23,0,7862.9,208.75,0.7,7.45,"fjgd605, gesghh2"
81,2,1,9,0,1846.167,50.333,0.833,0.167,"user4102790732505, user85244619549900"
82,4,1,16,1,1675.952,58.381,1.81,0.238,"user2554161395053, user55029855976770, user1039975619594, user68356911128363"
83,4,1,13,1,28282.833,1063,6.333,7.292,"fhfvgft, user8290754088115, xiaoyuan64, xiaoyuanyuan293"
84,8,0.286,44,0.3,5316.5,164.206,2.147,3.882,"user3990760818150, user8394813160593, wmqdmn, user2391561052042, rucdc143, xiaoyuanyuan464, user98508483231828, ydegg179"
85,3,0.667,18,0,552.333,27.333,0.778,0.111,"dimple36408, fogg4268, xinying2511"
86,2,1,27,0,3964.792,46.625,0.875,0.542,"sharemusic48, user3310281972692"
87,2,1,9,0,1687.167,142,1.167,10.833,"user15739328530590, user3487610619768"
88,2,1,7,0,342.5,9.833,0.333,0,"user6192152733518, user81051779261186"
89,6,0.933,18,0.923,20848.044,2230.289,3.8,88.933,"user4681663121155, user1007309828197, gyjgts, mri78275, jdchun5, xu87422"
90,2,1,8,0,996.875,89.625,1.375,3.125,"bgcnk7, user554097349949"
91,4,0.667,24,0.6,1237.087,47.87,0.739,1.087,"tffyib, gdchji82, grsdhj91, vdghj63"
92,2,1,7,0,1359,128.857,2.714,8.214,"hcuf637, user9611218681309"
93,3,0.667,15,0,2674.125,120.625,2.5,9.375,"user6217574500806, user912929975401, y976609"
94,3,0.667,15,0,1619.389,80.111,2,1.722,"fcchj19, gddgj719, user767736632380"
95,6,0.333,37,0,2273.188,107.771,4.521,4.708,"ghyyusvyr, hdbtv68, bhbtv103, dvhrah46, hgdeyt64, dugfbuf"
96,3,0.667,17,0,2165.375,134.812,4.125,11.562,"ebauujew, pmut.cefi, vqew.oiru"
97,3,0.667,18,0,730.056,77.556,0.333,4,"jfdfui, jgdfhk16, tkre891"
98,2,1,10,0,852.5,71.833,0.667,1.417,"user67847154582217, j009813"
99,7,0.333,32,0.273,2497.905,96.357,3.619,3.19,"c332793, j7165782, rdwweddd, srfyvii, user2328467562656, fjfuc032, user4653779669079"
100,3,0.667,16,0,1175.895,59.895,1.526,0.421,"jvst61, h048173, ufgo85"
101,2,1,8,0,892.417,33.5,0.833,0.75,"f7707044, gnszz.as.chb"
102,2,1,9,0,802.667,39.583,2.083,4.667,"user4260031255720, user73655243106524"
103,2,1,9,0,20008.733,672.6,3.867,6.467,"hdicok57, hfigi61"
104,9,1,13,1,208.095,1.5,0.071,0.048,"coffevgzbsk, drrky2zwj1, mg9vyxtfg1, jmjggd7rn0, mclautimjf4, mfrwxwbma2, w0y9zolyb2, yrydi0g329, zfg4r2vhg6"
105,2,1,9,0,16.333,0.167,0,0,"htfuw4alb1, ylnc4queq1"
106,9,1,9,1,65,0.222,0,0,"bydk2bbgz2, ka7c01spi9, ewlgvaind0, dkzcegnei9, dvyab128m2, kkqlk02de6, bao3twsam4, ffsqbxrcu1, xscpkjuyd0"
107,2,1,8,0,4909.5,138.167,0.833,4.667,"baommm466, zkbaommm92"
108,2,1,8,0,1015.875,54.75,0.375,0,"pjk3357, redreddit48"
109,2,1,7,0,1630.294,52.647,1.176,0.588,"hghpnhj, acofei"
110,3,1,8,1,1899.233,77.333,2.233,0.367,"fmojtok, gmggkho, ttgskn"
111,2,1,8,0,639.111,20.778,0.444,0.167,"oivjph, rrntjd3"
112,7,0.429,36,0.6,792.381,48.905,0.476,0.429,"courr1227, fbgg2395, coirf88774, cjire9104, fnnf8890, clirr5282, gjguq6894"
113,2,1,9,0,501.333,29.667,0.167,0.167,"cjur6297, fkir2290"
114,3,1,9,1,1197.778,80.333,0.889,1.333,"hrsy60677, dhhi6645, ufsc8075"
115,9,0.556,43,0.74,1767.39,82.519,0.896,0.87,"drgd8391, bvoo3130, dijx3903, fhda78402, jkuy0534, ghhj8554, kjuq5904, ytrq8081, okay11732"
116,6,0.8,24,0.789,806.476,58.024,0.81,0.214,"eiej4325, gjhg8047, foot89786, dhzg1822, twkg9813, twvs4521"
117,2,1,7,0,1231.833,97.667,2.5,3.333,"chdd62, ykfre3"
118,3,0.667,16,0,825.5,72.542,0.75,2.583,"hddgj29, hdchj145, bfscbv"
119,2,1,8,0,1761.667,41.417,0.083,0.167,"hdsxvh0, ghhdew1"
120,2,1,8,0,5889.583,120,0.833,2.5,"duifdudu, yetffuioo"
121,2,1,8,0,7999.25,306,1.75,9.125,"gjgfitu, jskos82"
122,8,0.429,23,0.429,1146.736,103.887,0.755,0.472,"edwin.walker517, gabriele.weber5, alisia.yundt, gail.olson1, ianboone74, jugfrei6564, mong.khuu, nfyk.emma"
123,4,1,12,1,1368.214,19.429,0.714,1,"weizhoudao4, dalilijiang890, gangao28, xiaogou321"
124,3,1,12,1,9693.333,47,1.056,2.5,"jane72400, yanhua995, wsx1800"
125,2,1,7,0,897.071,49.143,0.214,1.929,"chiragyandell, donk666928"
126,3,0.667,14,0,5200.261,89.043,32.87,16.043,"mohdbadulu, markakisnobriga, macvanebupp"
127,3,0.667,17,0,195336.222,8017.556,30.444,90.778,"marialise458, toydgixxe8, yjskdotld6"
128,3,1,14,1,1029.7,60.467,0.167,0.467,"gssgh83, gdfhjk04, idfhj50"
129,2,1,9,0,4362.333,19.167,5.167,0.167,"buokce, txihhoi"
130,2,1,9,0,1341.647,40.765,0.529,0.176,"h1864462, user50509800722347"
131,2,1,10,0,3110.923,168.077,5.615,11.846,"arlenswinburne0317, qingwtfs358"
132,3,1,10,1,3026.318,99.227,1.773,6.045,"loandqpnn, guttggbh, skylar.phaky1954"
133,3,1,12,1,3253,108.042,3.333,7.292,"kenwilmott0102, aed5167, vigddvj"
134,3,0.667,19,0,6067.381,152.238,8.429,43.286,"slcgeey983, aed5094, skylar.phakedfg13"
135,4,0.5,25,0,2538.968,83.29,3.065,27.613,"kimfhgfd3677, aeddjgjdks4732, anthony.ecofju378, kim.jong4379"
136,2,1,9,0,1561.6,53.133,0.667,1.067,"anthonyhkm489, skfkdkfdk48584"
137,2,1,8,0,1714.231,63,1,1.538,"chhd195, qprtyruykxnmm"
138,3,1,12,1,1876.895,56.526,5.053,29.789,"aeddhgds4723, aedvjdfjfj48528, aeddjjy194"
