"Post URL","Network","Author","Timestamp","Number of Accounts","Views","Likes","Comments","Shares","Description"
"<a href=""https://www.tiktok.com/@tyvzq888/video/7497536269304548654"" target=""_blank"" class=""btn btn-sm"" style=""background-color: #00926c; color: white; text-decoration: none; padding: 2px 8px; border-radius: 4px; font-size: 0.8em;"">View Post</a>",1,"tyvzq888",2025-04-26 08:31:59,1,50732,3436,19,31,"Jubal in the morning radio program Brooke and Jubal #trenting #fyp #dateupdate #brookeandjubal #phonecall #jubalfresho #seconddateupdate #seconddates #part1 #seconddate #storytime #qua #storytime #entertainment #textstory #tumbir #fyp #reddit #tiktokusa #fypシ°oviral #fypage #askreddit #seconddateupdate #brookandjubal #secondchance #radioshow #datenight #story #storytime #fyp #foryoup"
"<a href=""https://www.tiktok.com/@jdk512279/video/7497536229982866730"" target=""_blank"" class=""btn btn-sm"" style=""background-color: #00926c; color: white; text-decoration: none; padding: 2px 8px; border-radius: 4px; font-size: 0.8em;"">View Post</a>",1,"jdk512279",2025-04-26 08:31:48,1,4459,156,0,19,"Jubal in the morning radio program Brooke and Jubal #trenting #fyp #dateupdate #brookeandjubal #phonecall #jubalfresho #seconddateupdate #seconddates #part1 #seconddate #storytime #qua #storytime #entertainment #textstory #tumbir #fyp #reddit #tiktokusa #fypシ°oviral #fypage #askreddit #seconddateupdate #brookandjubal #secondchance #radioshow #datenight #story #storytime #fyp #foryoup"
"<a href=""https://www.tiktok.com/@tyvzq888/video/7497536217731370282"" target=""_blank"" class=""btn btn-sm"" style=""background-color: #00926c; color: white; text-decoration: none; padding: 2px 8px; border-radius: 4px; font-size: 0.8em;"">View Post</a>",1,"tyvzq888",2025-04-26 08:31:53,1,4995,293,9,10,"Jubal in the morning radio program Brooke and Jubal #trenting #fyp #dateupdate #brookeandjubal #phonecall #jubalfresho #seconddateupdate #seconddates #part1 #seconddate #storytime #qua #storytime #entertainment #textstory #tumbir #fyp #reddit #tiktokusa #fypシ°oviral #fypage #askreddit #seconddateupdate #brookandjubal #secondchance #radioshow #datenight #story #storytime #fyp #foryoup"
"<a href=""https://www.tiktok.com/@tyvzq888/video/7497536210324294958"" target=""_blank"" class=""btn btn-sm"" style=""background-color: #00926c; color: white; text-decoration: none; padding: 2px 8px; border-radius: 4px; font-size: 0.8em;"">View Post</a>",1,"tyvzq888",2025-04-26 08:32:15,1,2811,116,2,1,"Jubal in the morning radio program Brooke and Jubal #trenting #fyp #dateupdate #brookeandjubal #phonecall #jubalfresho #seconddateupdate #seconddates #part1 #seconddate #storytime #qua #storytime #entertainment #textstory #tumbir #fyp #reddit #tiktokusa #fypシ°oviral #fypage #askreddit #seconddateupdate #brookandjubal #secondchance #radioshow #datenight #story #storytime #fyp #foryoup"
"<a href=""https://www.tiktok.com/@jdk512279/video/7497536205387631918"" target=""_blank"" class=""btn btn-sm"" style=""background-color: #00926c; color: white; text-decoration: none; padding: 2px 8px; border-radius: 4px; font-size: 0.8em;"">View Post</a>",1,"jdk512279",2025-04-26 08:31:49,1,603,20,0,1,"Jubal in the morning radio program Brooke and Jubal #trenting #fyp #dateupdate #brookeandjubal #phonecall #jubalfresho #seconddateupdate #seconddates #part1 #seconddate #storytime #qua #storytime #entertainment #textstory #tumbir #fyp #reddit #tiktokusa #fypシ°oviral #fypage #askreddit #seconddateupdate #brookandjubal #secondchance #radioshow #datenight #story #storytime #fyp #foryoup"
"<a href=""https://www.tiktok.com/@jdk512279/video/7497535993076092203"" target=""_blank"" class=""btn btn-sm"" style=""background-color: #00926c; color: white; text-decoration: none; padding: 2px 8px; border-radius: 4px; font-size: 0.8em;"">View Post</a>",1,"jdk512279",2025-04-26 08:31:20,1,4942,168,2,22,"Jubal in the morning radio program Brooke and Jubal #trenting #fyp #dateupdate #brookeandjubal #phonecall #jubalfresho #seconddateupdate #seconddates #part1 #seconddate #storytime #qua #storytime #entertainment #textstory #tumbir #fyp #reddit #tiktokusa #fypシ°oviral #fypage #askreddit #seconddateupdate #brookandjubal #secondchance #radioshow #datenight #story #storytime #fyp #foryoup"
"<a href=""https://www.tiktok.com/@tyvzq888/video/7497536269304548654"" target=""_blank"" class=""btn btn-sm"" style=""background-color: #00926c; color: white; text-decoration: none; padding: 2px 8px; border-radius: 4px; font-size: 0.8em;"">View Post</a>",1,"tyvzq888",2025-04-26 08:31:59,1,50733,3436,19,31,"Jubal in the morning radio program Brooke and Jubal #trenting #fyp #dateupdate #brookeandjubal #phonecall #jubalfresho #seconddateupdate #seconddates #part1 #seconddate #storytime #qua #storytime #entertainment #textstory #tumbir #fyp #reddit #tiktokusa #fypシ°oviral #fypage #askreddit #seconddateupdate #brookandjubal #secondchance #radioshow #datenight #story #storytime #fyp #foryoup"
"<a href=""https://www.tiktok.com/@kubri_pilot_3535/video/7499012796168883502"" target=""_blank"" class=""btn btn-sm"" style=""background-color: #00926c; color: white; text-decoration: none; padding: 2px 8px; border-radius: 4px; font-size: 0.8em;"">View Post</a>",2,"kubri_pilot_3535",2025-04-30 08:02:32,1,0,0,9,0,"tiktok team please don't under review my video  #foryoupage #foryoupage #account #viral #grow #1millionaudition #1millionaudition #1millionaudition #fvpシ #hassanchannar_2009 "
"<a href=""https://www.tiktok.com/@kubri_pilot_3535/video/7499012675188378923"" target=""_blank"" class=""btn btn-sm"" style=""background-color: #00926c; color: white; text-decoration: none; padding: 2px 8px; border-radius: 4px; font-size: 0.8em;"">View Post</a>",2,"kubri_pilot_3535",2025-04-30 08:01:48,1,0,0,2,0,"tiktok team please don't under review my video  #foryoupage #foryoupage #account #viral #grow #1millionaudition #1millionaudition #1millionaudition #fvpシ #hassanchannar_2009 "
"<a href=""https://www.tiktok.com/@kubri_pilot_3535/video/7499012592875195690"" target=""_blank"" class=""btn btn-sm"" style=""background-color: #00926c; color: white; text-decoration: none; padding: 2px 8px; border-radius: 4px; font-size: 0.8em;"">View Post</a>",2,"kubri_pilot_3535",2025-04-30 08:01:04,1,0,0,9,0,"tiktok team please don't under review my video  #foryoupage #foryoupage #account #viral #grow #1millionaudition #1millionaudition #1millionaudition #fvpシ #hassanchannar_2009 "
"<a href=""https://www.tiktok.com/@username.123456030/video/7499012192281382187"" target=""_blank"" class=""btn btn-sm"" style=""background-color: #00926c; color: white; text-decoration: none; padding: 2px 8px; border-radius: 4px; font-size: 0.8em;"">View Post</a>",2,"username.123456030",2025-04-30 07:59:54,1,0,0,22,0,"tiktok team please don't under review my video  #foryoupage #foryoupage #account #viral #grow #1millionaudition #1millionaudition #1millionaudition #fvpシ #hassanchannar_2009 "
"<a href=""https://www.tiktok.com/@username.123456030/video/7499012019979308334"" target=""_blank"" class=""btn btn-sm"" style=""background-color: #00926c; color: white; text-decoration: none; padding: 2px 8px; border-radius: 4px; font-size: 0.8em;"">View Post</a>",2,"username.123456030",2025-04-30 07:58:39,1,0,0,73,0,"tiktok team please don't under review my video  #foryoupage #foryoupage #account #viral #grow #1millionaudition #1millionaudition #1millionaudition #fvpシ #hassanchannar_2009 "
"<a href=""https://www.tiktok.com/@kubri_pilot_3535/video/7498671336873626923"" target=""_blank"" class=""btn btn-sm"" style=""background-color: #00926c; color: white; text-decoration: none; padding: 2px 8px; border-radius: 4px; font-size: 0.8em;"">View Post</a>",2,"kubri_pilot_3535",2025-04-29 09:54:52,1,0,0,5,0,"tiktok team please don't under review my video  #foryoupage #foryoupage #account #viral #grow #1millionaudition #1millionaudition #1millionaudition #fvpシ #hassanchannar_2009 "
"<a href=""https://www.tiktok.com/@kubri_pilot_3535/video/7498670881846119722"" target=""_blank"" class=""btn btn-sm"" style=""background-color: #00926c; color: white; text-decoration: none; padding: 2px 8px; border-radius: 4px; font-size: 0.8em;"">View Post</a>",2,"kubri_pilot_3535",2025-04-29 09:53:03,1,0,0,4,0,"tiktok team please don't under review my video  #foryoupage #foryoupage #account #viral #grow #1millionaudition #1millionaudition #1millionaudition #fvpシ #hassanchannar_2009 "
"<a href=""https://www.tiktok.com/@username.123456030/video/7498670432069897515"" target=""_blank"" class=""btn btn-sm"" style=""background-color: #00926c; color: white; text-decoration: none; padding: 2px 8px; border-radius: 4px; font-size: 0.8em;"">View Post</a>",2,"username.123456030",2025-04-29 09:51:20,1,0,0,4,0,"tiktok team please don't under review my video  #foryoupage #foryoupage #account #viral #grow #1millionaudition #1millionaudition #1millionaudition #fvpシ #hassanchannar_2009 "
"<a href=""https://www.tiktok.com/@username.123456030/video/7498669984571313450"" target=""_blank"" class=""btn btn-sm"" style=""background-color: #00926c; color: white; text-decoration: none; padding: 2px 8px; border-radius: 4px; font-size: 0.8em;"">View Post</a>",2,"username.123456030",2025-04-29 09:49:42,1,0,0,1,0,"tiktok team please don't under review my video  #foryoupage #foryoupage #account #viral #grow #1millionaudition #1millionaudition #1millionaudition #fvpシ #hassanchannar_2009 "
"<a href=""https://www.tiktok.com/@username.123456030/video/7498284876630592811"" target=""_blank"" class=""btn btn-sm"" style=""background-color: #00926c; color: white; text-decoration: none; padding: 2px 8px; border-radius: 4px; font-size: 0.8em;"">View Post</a>",2,"username.123456030",2025-04-28 08:57:40,1,0,0,1,0,"tiktok team please don't under review my video  #foryoupage #foryoupage #account #viral #grow #1millionaudition #1millionaudition #1millionaudition #fvpシ #hassanchannar_2009 "
"<a href=""https://www.tiktok.com/@username.123456030/video/7498284843105553710"" target=""_blank"" class=""btn btn-sm"" style=""background-color: #00926c; color: white; text-decoration: none; padding: 2px 8px; border-radius: 4px; font-size: 0.8em;"">View Post</a>",2,"username.123456030",2025-04-28 08:56:57,1,0,0,1,0,"tiktok team please don't under review my video  #foryoupage #foryoupage #account #viral #grow #1millionaudition #1millionaudition #1millionaudition #fvpシ #hassanchannar_2009 "
"<a href=""https://www.tiktok.com/@username.123456030/video/7498284371636489515"" target=""_blank"" class=""btn btn-sm"" style=""background-color: #00926c; color: white; text-decoration: none; padding: 2px 8px; border-radius: 4px; font-size: 0.8em;"">View Post</a>",2,"username.123456030",2025-04-28 08:56:13,1,0,0,2,0,"tiktok team please don't under review my video  #foryoupage #foryoupage #account #viral #grow #1millionaudition #1millionaudition #1millionaudition #fvpシ #hassanchannar_2009 "
"<a href=""https://www.tiktok.com/@username.123456030/video/7497879621304651054"" target=""_blank"" class=""btn btn-sm"" style=""background-color: #00926c; color: white; text-decoration: none; padding: 2px 8px; border-radius: 4px; font-size: 0.8em;"">View Post</a>",2,"username.123456030",2025-04-27 06:43:17,1,0,0,4,0,"tiktok team please don't under review my video  #foryoupage #foryoupage #account #viral #grow #1millionaudition #1millionaudition #1millionaudition #fvpシ #hassanchannar_2009 "
"<a href=""https://www.tiktok.com/@kubri_pilot_3535/video/7499012796168883502"" target=""_blank"" class=""btn btn-sm"" style=""background-color: #00926c; color: white; text-decoration: none; padding: 2px 8px; border-radius: 4px; font-size: 0.8em;"">View Post</a>",2,"kubri_pilot_3535",2025-04-30 08:02:32,1,407,64,9,0,"tiktok team please don't under review my video  #foryoupage #foryoupage #account #viral #grow #1millionaudition #1millionaudition #1millionaudition #fvpシ #hassanchannar_2009 "
"<a href=""https://www.tiktok.com/@kubri_pilot_3535/video/7499012675188378923"" target=""_blank"" class=""btn btn-sm"" style=""background-color: #00926c; color: white; text-decoration: none; padding: 2px 8px; border-radius: 4px; font-size: 0.8em;"">View Post</a>",2,"kubri_pilot_3535",2025-04-30 08:01:48,1,248,24,2,0,"tiktok team please don't under review my video  #foryoupage #foryoupage #account #viral #grow #1millionaudition #1millionaudition #1millionaudition #fvpシ #hassanchannar_2009 "
"<a href=""https://www.tiktok.com/@kubri_pilot_3535/video/7499012592875195690"" target=""_blank"" class=""btn btn-sm"" style=""background-color: #00926c; color: white; text-decoration: none; padding: 2px 8px; border-radius: 4px; font-size: 0.8em;"">View Post</a>",2,"kubri_pilot_3535",2025-04-30 08:01:04,1,320,34,9,0,"tiktok team please don't under review my video  #foryoupage #foryoupage #account #viral #grow #1millionaudition #1millionaudition #1millionaudition #fvpシ #hassanchannar_2009 "
"<a href=""https://www.tiktok.com/@username.123456030/video/7499012192281382187"" target=""_blank"" class=""btn btn-sm"" style=""background-color: #00926c; color: white; text-decoration: none; padding: 2px 8px; border-radius: 4px; font-size: 0.8em;"">View Post</a>",2,"username.123456030",2025-04-30 07:59:54,1,8095,453,22,55,"tiktok team please don't under review my video  #foryoupage #foryoupage #account #viral #grow #1millionaudition #1millionaudition #1millionaudition #fvpシ #hassanchannar_2009 "
"<a href=""https://www.tiktok.com/@username.123456030/video/7499012019979308334"" target=""_blank"" class=""btn btn-sm"" style=""background-color: #00926c; color: white; text-decoration: none; padding: 2px 8px; border-radius: 4px; font-size: 0.8em;"">View Post</a>",2,"username.123456030",2025-04-30 07:58:39,1,32582,1767,73,68,"tiktok team please don't under review my video  #foryoupage #foryoupage #account #viral #grow #1millionaudition #1millionaudition #1millionaudition #fvpシ #hassanchannar_2009 "
"<a href=""https://www.tiktok.com/@kubri_pilot_3535/video/7498671336873626923"" target=""_blank"" class=""btn btn-sm"" style=""background-color: #00926c; color: white; text-decoration: none; padding: 2px 8px; border-radius: 4px; font-size: 0.8em;"">View Post</a>",2,"kubri_pilot_3535",2025-04-29 09:54:52,1,705,76,5,0,"tiktok team please don't under review my video  #foryoupage #foryoupage #account #viral #grow #1millionaudition #1millionaudition #1millionaudition #fvpシ #hassanchannar_2009 "
"<a href=""https://www.tiktok.com/@kubri_pilot_3535/video/7498670881846119722"" target=""_blank"" class=""btn btn-sm"" style=""background-color: #00926c; color: white; text-decoration: none; padding: 2px 8px; border-radius: 4px; font-size: 0.8em;"">View Post</a>",2,"kubri_pilot_3535",2025-04-29 09:53:03,1,439,63,4,0,"tiktok team please don't under review my video  #foryoupage #foryoupage #account #viral #grow #1millionaudition #1millionaudition #1millionaudition #fvpシ #hassanchannar_2009 "
"<a href=""https://www.tiktok.com/@username.123456030/video/7498670432069897515"" target=""_blank"" class=""btn btn-sm"" style=""background-color: #00926c; color: white; text-decoration: none; padding: 2px 8px; border-radius: 4px; font-size: 0.8em;"">View Post</a>",2,"username.123456030",2025-04-29 09:51:20,1,560,50,4,0,"tiktok team please don't under review my video  #foryoupage #foryoupage #account #viral #grow #1millionaudition #1millionaudition #1millionaudition #fvpシ #hassanchannar_2009 "
"<a href=""https://www.tiktok.com/@username.123456030/video/7498669984571313450"" target=""_blank"" class=""btn btn-sm"" style=""background-color: #00926c; color: white; text-decoration: none; padding: 2px 8px; border-radius: 4px; font-size: 0.8em;"">View Post</a>",2,"username.123456030",2025-04-29 09:49:42,1,496,30,1,0,"tiktok team please don't under review my video  #foryoupage #foryoupage #account #viral #grow #1millionaudition #1millionaudition #1millionaudition #fvpシ #hassanchannar_2009 "
"<a href=""https://www.tiktok.com/@username.123456030/video/7498284876630592811"" target=""_blank"" class=""btn btn-sm"" style=""background-color: #00926c; color: white; text-decoration: none; padding: 2px 8px; border-radius: 4px; font-size: 0.8em;"">View Post</a>",2,"username.123456030",2025-04-28 08:57:40,1,438,40,1,2,"tiktok team please don't under review my video  #foryoupage #foryoupage #account #viral #grow #1millionaudition #1millionaudition #1millionaudition #fvpシ #hassanchannar_2009 "
"<a href=""https://www.tiktok.com/@username.123456030/video/7498284843105553710"" target=""_blank"" class=""btn btn-sm"" style=""background-color: #00926c; color: white; text-decoration: none; padding: 2px 8px; border-radius: 4px; font-size: 0.8em;"">View Post</a>",2,"username.123456030",2025-04-28 08:56:57,1,440,46,1,0,"tiktok team please don't under review my video  #foryoupage #foryoupage #account #viral #grow #1millionaudition #1millionaudition #1millionaudition #fvpシ #hassanchannar_2009 "
"<a href=""https://www.tiktok.com/@username.123456030/video/7498284371636489515"" target=""_blank"" class=""btn btn-sm"" style=""background-color: #00926c; color: white; text-decoration: none; padding: 2px 8px; border-radius: 4px; font-size: 0.8em;"">View Post</a>",2,"username.123456030",2025-04-28 08:56:13,1,464,41,2,1,"tiktok team please don't under review my video  #foryoupage #foryoupage #account #viral #grow #1millionaudition #1millionaudition #1millionaudition #fvpシ #hassanchannar_2009 "
"<a href=""https://www.tiktok.com/@username.123456030/video/7497879621304651054"" target=""_blank"" class=""btn btn-sm"" style=""background-color: #00926c; color: white; text-decoration: none; padding: 2px 8px; border-radius: 4px; font-size: 0.8em;"">View Post</a>",2,"username.123456030",2025-04-27 06:43:17,1,451,43,4,7,"tiktok team please don't under review my video  #foryoupage #foryoupage #account #viral #grow #1millionaudition #1millionaudition #1millionaudition #fvpシ #hassanchannar_2009 "
