"Account","Network","Unique Shares","Avg Time Between Shares (sec)","Edge Symmetry Score","Degree","Strength","Betweenness","Avg Views","Avg Likes","Avg Comments","Avg Shares"
"<a href=""https://tiktok.com/@jdk512279"" target=""_blank"">@jdk512279</a>",1,3,22.5,1,1,12,0,3334.667,114.667,0.667,14
"<a href=""https://tiktok.com/@kubri_pilot_3535"" target=""_blank"">@kubri_pilot_3535</a>",2,3,95.667,0.667,1,12,0,803.688,61.75,9.562,0.688
"<a href=""https://tiktok.com/@tyvzq888"" target=""_blank"">@tyvzq888</a>",1,3,22.5,1,1,12,0,27317.75,1820.25,12.25,18.25
"<a href=""https://tiktok.com/@username.123456030"" target=""_blank"">@username.123456030</a>",2,2,95.667,0.667,1,12,0,4456.511,169.556,10.4,5.578
