"Account","Network","Unique Shares","Avg Time Between Shares (sec)","Edge Symmetry Score","Degree","Strength","Betweenness","Avg Views","Avg Likes","Avg Comments","Avg Shares"
"<a href=""https://tiktok.com/@.hdghf2"" target=""_blank"">@.hdghf2</a>",58,4,75.5,1,1,8,0,770.25,52.75,1.25,0
"<a href=""https://tiktok.com/@.ncsd"" target=""_blank"">@.ncsd</a>",71,3,58.111,1,2,18,0,720.333,65.333,0,1
"<a href=""https://tiktok.com/@26hdjwjq"" target=""_blank"">@26hdjwjq</a>",26,4,37.125,1,1,8,0,1826.143,40.857,0.286,0.286
"<a href=""https://tiktok.com/@344qus7"" target=""_blank"">@344qus7</a>",5,3,52,0.8,1,7,0,21833.333,97,30.667,1.667
"<a href=""https://tiktok.com/@5ueqtpnac"" target=""_blank"">@5ueqtpnac</a>",23,5,50,1,1,7,0,1437.125,101.875,0.75,0.875
"<a href=""https://tiktok.com/@aas90316"" target=""_blank"">@aas90316</a>",86,5,23.857,0.8,1,7,0,1119.125,101.375,0,0.25
"<a href=""https://tiktok.com/@abewilliamson"" target=""_blank"">@abewilliamson</a>",32,5,107.675,0.875,2,16,0,507.167,16.167,1,0.667
"<a href=""https://tiktok.com/@absvajpz"" target=""_blank"">@absvajpz</a>",84,7,36.286,1,2,14,0,1435.143,225.143,10.429,17.286
"<a href=""https://tiktok.com/@aed0267"" target=""_blank"">@aed0267</a>",13,6,68,0.833,1,7,0,1680.667,134.333,1.167,1.167
"<a href=""https://tiktok.com/@aed2750"" target=""_blank"">@aed2750</a>",14,5,54.146,0.943,5,50,0,1410.8,73.4,0.2,2
"<a href=""https://tiktok.com/@aed3018"" target=""_blank"">@aed3018</a>",4,5,57.143,1,1,7,0,4386.571,108.571,0.714,0.714
"<a href=""https://tiktok.com/@aedgfjj"" target=""_blank"">@aedgfjj</a>",3,5,31.964,0.917,2,15,0,2927.875,99.5,1.375,3.25
"<a href=""https://tiktok.com/@aedhjgh8447"" target=""_blank"">@aedhjgh8447</a>",68,4,44.25,1,1,8,0,2460.8,64,7.2,1.4
"<a href=""https://tiktok.com/@aedjdpckd"" target=""_blank"">@aedjdpckd</a>",1,5,46.125,0.875,2,16,0,1681.6,67.4,0.2,0
"<a href=""https://tiktok.com/@aeroplane_palette_120"" target=""_blank"">@aeroplane_palette_120</a>",106,9,90.714,1,1,7,0,1153.043,86.87,4.826,1
"<a href=""https://tiktok.com/@aeroplane_pilot_235"" target=""_blank"">@aeroplane_pilot_235</a>",106,4,90.714,1,1,7,0,579.737,81.789,6.895,0.632
"<a href=""https://tiktok.com/@airplandriver120"" target=""_blank"">@airplandriver120</a>",16,9,100.278,0.733,2,17,0,5003.267,211.733,17.1,6.2
"<a href=""https://tiktok.com/@akken.movie"" target=""_blank"">@akken.movie</a>",88,3,54.143,0.8,1,7,0,773124,48923.333,67.333,102
"<a href=""https://tiktok.com/@ala40529"" target=""_blank"">@ala40529</a>",134,6,41,1,1,9,0,136231.5,1861.333,6.5,61.667
"<a href=""https://tiktok.com/@aliea792"" target=""_blank"">@aliea792</a>",134,6,70,1,1,9,0,59116.5,428,3.5,15.167
"<a href=""https://tiktok.com/@alysha.lesiak"" target=""_blank"">@alysha.lesiak</a>",22,5,46.429,1,1,7,0,823.2,37.2,0.8,0.2
"<a href=""https://tiktok.com/@amazing_girl_101"" target=""_blank"">@amazing_girl_101</a>",104,8,85.955,0.875,1,22,0,62.8,10.7,2.4,0.1
"<a href=""https://tiktok.com/@amelia.wilson.johnson"" target=""_blank"">@amelia.wilson.johnson</a>",136,6,25.556,0.833,1,9,0,14787.5,170,1.167,3.333
"<a href=""https://tiktok.com/@ana.ramona.rotari"" target=""_blank"">@ana.ramona.rotari</a>",135,4,8.125,1,1,8,0,4415,51.75,0.5,2.75
"<a href=""https://tiktok.com/@aprilrki1s8"" target=""_blank"">@aprilrki1s8</a>",132,4,38.286,1,1,7,0,732.75,38.5,0,0.25
"<a href=""https://tiktok.com/@b3922136"" target=""_blank"">@b3922136</a>",82,3,100.667,1,1,9,0,0.333,0,0,0
"<a href=""https://tiktok.com/@b762401"" target=""_blank"">@b762401</a>",86,7,15.979,0.829,2,17,0,3668.75,98.375,0.125,0.25
"<a href=""https://tiktok.com/@baifamm13"" target=""_blank"">@baifamm13</a>",69,4,48.571,1,1,7,0,835.25,59.5,0.5,0.25
"<a href=""https://tiktok.com/@bbbmm480"" target=""_blank"">@bbbmm480</a>",49,8,55.56,0.833,7,69,0,7588.125,269.125,1.875,2.25
"<a href=""https://tiktok.com/@bfscgh"" target=""_blank"">@bfscgh</a>",85,4,58.75,1,2,16,0,1290.75,188.75,0.75,0.75
"<a href=""https://tiktok.com/@bjspsp"" target=""_blank"">@bjspsp</a>",29,9,62.714,1,2,19,0,230070.9,12784.7,287.9,187.9
"<a href=""https://tiktok.com/@bleininger.nesset"" target=""_blank"">@bleininger.nesset</a>",102,3,86.714,1,1,7,0,4890.667,3.333,0,0
"<a href=""https://tiktok.com/@boan.pimuh"" target=""_blank"">@boan.pimuh</a>",103,4,45.714,0.833,1,7,0,1370.5,65.75,0,0.25
"<a href=""https://tiktok.com/@bridget.pugeda"" target=""_blank"">@bridget.pugeda</a>",1,5,47.375,1,1,8,0,1218.4,107.6,1.6,1
"<a href=""https://tiktok.com/@bvoo3130"" target=""_blank"">@bvoo3130</a>",91,6,44.375,0.917,2,24,0,1976.333,109.667,1.333,0.5
"<a href=""https://tiktok.com/@c332793"" target=""_blank"">@c332793</a>",86,6,8.1,0.857,1,10,0,3027.875,70.75,0.125,0.375
"<a href=""https://tiktok.com/@c358147"" target=""_blank"">@c358147</a>",82,3,85.861,0.9,2,17,0,10.333,1,0,0
"<a href=""https://tiktok.com/@calvinwhitman1014"" target=""_blank"">@calvinwhitman1014</a>",4,8,57.143,1,1,7,0,1476.625,48,0.5,0.25
"<a href=""https://tiktok.com/@ccjklp"" target=""_blank"">@ccjklp</a>",36,5,44.857,1,1,7,0,872.4,96.6,5.4,17
"<a href=""https://tiktok.com/@cdcksdd"" target=""_blank"">@cdcksdd</a>",112,7,52.4,0.8,1,10,0,2738.286,146.429,1.429,2.857
"<a href=""https://tiktok.com/@celabofhv"" target=""_blank"">@celabofhv</a>",66,4,42.429,1,1,7,0,842.75,55.5,0.25,0
"<a href=""https://tiktok.com/@channarpower0"" target=""_blank"">@channarpower0</a>",122,4,89.4,1,1,10,0,2106.833,280.167,18.167,4
"<a href=""https://tiktok.com/@chenhencunzai"" target=""_blank"">@chenhencunzai</a>",32,6,74.473,0.917,3,33,0,637.167,20.333,1.167,5
"<a href=""https://tiktok.com/@chfhxh0"" target=""_blank"">@chfhxh0</a>",57,3,69.722,0.9,2,18,0,735,44.333,0.667,0.333
"<a href=""https://tiktok.com/@chhfd09"" target=""_blank"">@chhfd09</a>",72,3,54.444,1,1,9,0,11988.333,1095,57,191
"<a href=""https://tiktok.com/@china_deriver_105"" target=""_blank"">@china_deriver_105</a>",105,6,90.233,1,1,30,0,8039.917,400,21.75,9.75
"<a href=""https://tiktok.com/@china_deriver_109"" target=""_blank"">@china_deriver_109</a>",105,11,91.992,0.9,2,42,0,118.118,18.588,2.882,0.235
"<a href=""https://tiktok.com/@china_deriver_15"" target=""_blank"">@china_deriver_15</a>",105,4,93.75,0.8,1,12,0,522.1,90.2,7.5,0.7
"<a href=""https://tiktok.com/@chkchifofo"" target=""_blank"">@chkchifofo</a>",127,4,52.857,1,1,7,0,682,22.25,0,0.5
"<a href=""https://tiktok.com/@chummi_queen1"" target=""_blank"">@chummi_queen1</a>",16,4,96.556,0.8,1,9,0,1020.857,59.571,24,1.857
"<a href=""https://tiktok.com/@ciict14"" target=""_blank"">@ciict14</a>",54,6,61.556,0.903,3,48,0,3826.333,130,1.333,3.333
"<a href=""https://tiktok.com/@cisos51"" target=""_blank"">@cisos51</a>",29,5,51.233,0.811,3,30,0,1052.2,81.8,1.2,0.6
"<a href=""https://tiktok.com/@coco_video10"" target=""_blank"">@coco_video10</a>",104,7,85.955,0.875,1,22,0,42.4,10.8,2.1,0
"<a href=""https://tiktok.com/@cviig2"" target=""_blank"">@cviig2</a>",119,3,46.065,1,6,43,0,419,13.667,0.333,0
"<a href=""https://tiktok.com/@cx.b28"" target=""_blank"">@cx.b28</a>",8,7,64.444,0.889,1,9,0,1502.429,132.143,2,0.429
"<a href=""https://tiktok.com/@d2946611"" target=""_blank"">@d2946611</a>",80,3,59.5,1,2,18,0,6145,140.333,1.333,1.333
"<a href=""https://tiktok.com/@d548930"" target=""_blank"">@d548930</a>",49,8,37.232,0.886,3,23,0,4057.125,238.75,0.5,0.625
"<a href=""https://tiktok.com/@dadfi54"" target=""_blank"">@dadfi54</a>",46,3,49.333,1,3,21,0,336,15.667,0.333,0.333
"<a href=""https://tiktok.com/@dangda166"" target=""_blank"">@dangda166</a>",61,4,36.429,0.833,1,7,0,935.333,89.833,0.333,0.333
"<a href=""https://tiktok.com/@dasti3255"" target=""_blank"">@dasti3255</a>",113,5,59.8,0.8,1,10,0,7177.2,138.4,2,0.4
"<a href=""https://tiktok.com/@datae14"" target=""_blank"">@datae14</a>",134,3,43.167,1,2,18,0,53646.667,425.667,5.667,11.667
"<a href=""https://tiktok.com/@ddyqtx.twfqof"" target=""_blank"">@ddyqtx.twfqof</a>",109,3,41.402,0.933,3,25,0,628,20,1,0
"<a href=""https://tiktok.com/@devindawei336"" target=""_blank"">@devindawei336</a>",60,4,38,1,1,8,0,610.75,39,0.25,0.5
"<a href=""https://tiktok.com/@devinkary0516"" target=""_blank"">@devinkary0516</a>",65,8,55.09,0.963,3,29,0,6267,70.5,0.25,0.25
"<a href=""https://tiktok.com/@dghhg372"" target=""_blank"">@dghhg372</a>",29,10,59.667,0.917,3,36,0,28473.1,1212.3,8,5.2
"<a href=""https://tiktok.com/@dhcss7"" target=""_blank"">@dhcss7</a>",43,14,56.373,0.881,11,157,0,11485.643,255.643,6.071,6.143
"<a href=""https://tiktok.com/@dhdy311"" target=""_blank"">@dhdy311</a>",49,6,63.429,1,1,7,0,796.375,51.375,0.375,0.5
"<a href=""https://tiktok.com/@dhjvfy7"" target=""_blank"">@dhjvfy7</a>",121,3,47.733,0.92,5,45,0,176.667,3.333,0,0.333
"<a href=""https://tiktok.com/@dhuolt"" target=""_blank"">@dhuolt</a>",25,4,19.978,0.857,4,39,0,763,37.25,1.75,0
"<a href=""https://tiktok.com/@dhzg1822"" target=""_blank"">@dhzg1822</a>",93,3,55.667,1,3,27,0,371.333,30.333,2.667,1.333
"<a href=""https://tiktok.com/@dieu.lieu0"" target=""_blank"">@dieu.lieu0</a>",134,6,59.069,0.88,5,50,0,67144.333,656.5,4.167,16.5
"<a href=""https://tiktok.com/@dijx3903"" target=""_blank"">@dijx3903</a>",91,6,56.942,0.897,3,35,0,1194.333,67.5,1.167,0.5
"<a href=""https://tiktok.com/@djbxfjj"" target=""_blank"">@djbxfjj</a>",3,7,37.429,0.833,1,7,0,3829.375,61.25,1.375,1.375
"<a href=""https://tiktok.com/@djjehokxtu2"" target=""_blank"">@djjehokxtu2</a>",116,3,80.333,1,1,9,0,180.667,3.333,0,0
"<a href=""https://tiktok.com/@djwf2904"" target=""_blank"">@djwf2904</a>",92,5,44.3,1,1,10,0,3102.333,119.833,1.667,4.5
"<a href=""https://tiktok.com/@dlakhjx"" target=""_blank"">@dlakhjx</a>",128,4,64.143,1,1,7,0,847,32.5,0.75,0
"<a href=""https://tiktok.com/@dong.dong512"" target=""_blank"">@dong.dong512</a>",62,6,54,0.857,1,11,0,2582.833,62.167,1.5,5.167
"<a href=""https://tiktok.com/@dothikimtien2"" target=""_blank"">@dothikimtien2</a>",101,4,35.25,1,1,8,0,283.5,6.75,0,0.25
"<a href=""https://tiktok.com/@drgd8391"" target=""_blank"">@drgd8391</a>",90,6,30.818,1,1,11,0,1800.333,208.833,1.167,3
"<a href=""https://tiktok.com/@drgkuri0"" target=""_blank"">@drgkuri0</a>",18,6,101.75,0.75,1,8,0,5.833,1.167,0.167,0
"<a href=""https://tiktok.com/@dthh824"" target=""_blank"">@dthh824</a>",14,4,57.913,0.917,2,18,0,1356.5,59,1,0.5
"<a href=""https://tiktok.com/@duidaishenbianren"" target=""_blank"">@duidaishenbianren</a>",32,6,63.25,1,2,27,0,842.667,20.667,0.667,2.5
"<a href=""https://tiktok.com/@dvvsaag"" target=""_blank"">@dvvsaag</a>",12,7,31.143,1,1,7,0,2319.429,85.857,1.429,0.571
"<a href=""https://tiktok.com/@eagehh"" target=""_blank"">@eagehh</a>",25,5,19.531,0.857,4,43,0,454,20.6,0.4,0.2
"<a href=""https://tiktok.com/@eawbkpn"" target=""_blank"">@eawbkpn</a>",33,3,96,1,1,9,0,339.333,3.333,0,0.333
"<a href=""https://tiktok.com/@ecbb18"" target=""_blank"">@ecbb18</a>",52,4,45.25,1,1,8,0,378,28.333,0.667,0
"<a href=""https://tiktok.com/@edc4680"" target=""_blank"">@edc4680</a>",121,3,47.467,0.92,5,45,0,4902.333,21.667,0,0.667
"<a href=""https://tiktok.com/@edocwr2"" target=""_blank"">@edocwr2</a>",116,3,89.604,1,2,17,0,160.667,3,0,0
"<a href=""https://tiktok.com/@elyji.blas3"" target=""_blank"">@elyji.blas3</a>",102,3,86.714,1,1,7,0,9158,38.667,1,7
"<a href=""https://tiktok.com/@erxinzhongliao"" target=""_blank"">@erxinzhongliao</a>",32,3,85,1,2,18,0,927.667,26,0.333,3.333
"<a href=""https://tiktok.com/@essqou.lwawcg"" target=""_blank"">@essqou.lwawcg</a>",110,3,50.25,0.8,1,8,0,267.667,25.667,0,0.333
"<a href=""https://tiktok.com/@eudbiks09"" target=""_blank"">@eudbiks09</a>",107,7,55,0.875,1,10,0,1250.333,123.444,1.889,4.444
"<a href=""https://tiktok.com/@ev4ar9lx53"" target=""_blank"">@ev4ar9lx53</a>",5,9,51.567,0.9,2,22,0,555.273,17.909,0.273,0.182
"<a href=""https://tiktok.com/@eyidk5"" target=""_blank"">@eyidk5</a>",29,10,61.288,0.958,4,41,0.001,942.3,71,1.2,0.2
"<a href=""https://tiktok.com/@f.fv226"" target=""_blank"">@f.fv226</a>",35,4,64.714,0.833,1,7,0,338,13.5,1.25,2
"<a href=""https://tiktok.com/@f.hd.ss"" target=""_blank"">@f.hd.ss</a>",46,3,58.111,0.933,3,27,0,1308,90.333,0.667,1
"<a href=""https://tiktok.com/@fakenewskoala"" target=""_blank"">@fakenewskoala</a>",33,3,96,1,1,9,0,262.333,11.333,1,0.667
"<a href=""https://tiktok.com/@fasch32"" target=""_blank"">@fasch32</a>",47,10,44.208,1,4,37,0,3726.9,71.6,0.3,1
"<a href=""https://tiktok.com/@fatjhx.edgotx"" target=""_blank"">@fatjhx.edgotx</a>",109,3,41.429,0.933,3,25,0,1716,127.333,4.333,9
"<a href=""https://tiktok.com/@fbde56"" target=""_blank"">@fbde56</a>",44,6,49,1,1,8,0,2300.333,129.333,0.333,1.833
"<a href=""https://tiktok.com/@fctjcrg9s3"" target=""_blank"">@fctjcrg9s3</a>",27,8,17.357,1,1,14,0,547.75,17.375,0.5,0.625
"<a href=""https://tiktok.com/@fdfhj821"" target=""_blank"">@fdfhj821</a>",53,6,45.577,0.964,4,33,0,3030.5,93,1.333,8.333
"<a href=""https://tiktok.com/@fdfhj915"" target=""_blank"">@fdfhj915</a>",43,14,55.297,0.816,12,165,0,2011.429,162.643,0.286,0.286
"<a href=""https://tiktok.com/@fdghh752"" target=""_blank"">@fdghh752</a>",70,3,69.667,0.8,1,9,0,1008.667,66.333,1.333,5.667
"<a href=""https://tiktok.com/@fdrnbpulsfg"" target=""_blank"">@fdrnbpulsfg</a>",39,4,74,0.714,1,12,0,384.889,12.889,0.333,0.222
"<a href=""https://tiktok.com/@ffbs18"" target=""_blank"">@ffbs18</a>",134,6,56.204,0.867,3,24,0,192505.167,3336.833,11.333,133.667
"<a href=""https://tiktok.com/@fgcc379"" target=""_blank"">@fgcc379</a>",63,4,42.5,1,1,8,0,702.75,67.25,1.5,0
"<a href=""https://tiktok.com/@fgvv752"" target=""_blank"">@fgvv752</a>",49,8,64.429,1,1,7,0,4042.375,121.5,0.625,32.875
"<a href=""https://tiktok.com/@fhda78402"" target=""_blank"">@fhda78402</a>",90,6,64.609,0.9,2,21,0,1437,97.5,0.333,1
"<a href=""https://tiktok.com/@fhggf28"" target=""_blank"">@fhggf28</a>",124,4,58.143,1,1,7,0,374,16,0,0
"<a href=""https://tiktok.com/@fhjb593"" target=""_blank"">@fhjb593</a>",30,6,41.889,1,1,9,0,226.167,6,0,0.167
"<a href=""https://tiktok.com/@fhkundshunk"" target=""_blank"">@fhkundshunk</a>",10,9,65.261,0.861,3,50,0,1421.667,72,2.333,7.111
"<a href=""https://tiktok.com/@fhre44"" target=""_blank"">@fhre44</a>",46,3,81.778,0.8,1,9,0,1429,161.333,0.333,0.333
"<a href=""https://tiktok.com/@fijficvk"" target=""_blank"">@fijficvk</a>",126,4,63.571,1,1,7,0,1020.75,47.75,0.75,0
"<a href=""https://tiktok.com/@fijglhhj"" target=""_blank"">@fijglhhj</a>",129,4,50.286,1,1,7,0,921.75,39.25,0,0.25
"<a href=""https://tiktok.com/@fjgd605"" target=""_blank"">@fjgd605</a>",47,5,24.125,1,2,16,0,988.6,105,0.8,0.8
"<a href=""https://tiktok.com/@fjouhdsavh"" target=""_blank"">@fjouhdsavh</a>",89,3,53.286,1,1,7,0,4602.333,353.667,0.667,1
"<a href=""https://tiktok.com/@fjvthj"" target=""_blank"">@fjvthj</a>",74,3,54.711,0.8,5,45,0,110,2,0,0
"<a href=""https://tiktok.com/@flsosi5"" target=""_blank"">@flsosi5</a>",29,10,58.125,1,3,34,0,1995.4,114.1,1.1,0.6
"<a href=""https://tiktok.com/@foot89786"" target=""_blank"">@foot89786</a>",93,5,52.365,0.944,3,32,0,1174,71.5,1.167,2.667
"<a href=""https://tiktok.com/@forwardcode423"" target=""_blank"">@forwardcode423</a>",65,4,35.25,1,1,8,0,1146.25,47.75,0,0.25
"<a href=""https://tiktok.com/@foy9591"" target=""_blank"">@foy9591</a>",55,5,44.857,1,1,7,0,3393.6,131.4,1.8,4.2
"<a href=""https://tiktok.com/@frdgtf1"" target=""_blank"">@frdgtf1</a>",70,3,69.667,0.8,1,9,0,1513,155.667,0,1.333
"<a href=""https://tiktok.com/@fubaozhenxin"" target=""_blank"">@fubaozhenxin</a>",32,3,75.116,1,3,26,0,923.2,39.6,0.6,5
"<a href=""https://tiktok.com/@fulknm"" target=""_blank"">@fulknm</a>",29,4,63.55,0.933,3,26,0,1001.75,79,1.5,0
"<a href=""https://tiktok.com/@g.fb68"" target=""_blank"">@g.fb68</a>",134,6,67.254,0.908,4,40,0,96888.167,789.667,4.5,13.833
"<a href=""https://tiktok.com/@g0844765"" target=""_blank"">@g0844765</a>",82,3,93.444,0.9,2,18,0,689,24.333,0,0
"<a href=""https://tiktok.com/@g962956"" target=""_blank"">@g962956</a>",80,3,62.667,1,1,9,0,11371,295.667,3,28.333
"<a href=""https://tiktok.com/@gajis40"" target=""_blank"">@gajis40</a>",29,4,52.517,0.933,3,26,0,44828.75,653,12.75,10.5
"<a href=""https://tiktok.com/@gbxdhg"" target=""_blank"">@gbxdhg</a>",72,3,60.349,1,3,25,0,3159,94.333,0,1
"<a href=""https://tiktok.com/@gdchio3"" target=""_blank"">@gdchio3</a>",43,15,45.557,0.918,17,236,0,2259.667,76.8,3.533,0.533
"<a href=""https://tiktok.com/@gdchji82"" target=""_blank"">@gdchji82</a>",46,5,42.689,0.808,5,57,0,1455.545,75.182,1.091,0.636
"<a href=""https://tiktok.com/@gdsgh403"" target=""_blank"">@gdsgh403</a>",46,3,44.778,0.8,2,18,0,24307.667,181.667,0.333,4
"<a href=""https://tiktok.com/@gdsgjk54"" target=""_blank"">@gdsgjk54</a>",72,3,67.5,0.7,2,14,0,652,44.333,0.667,0.667
"<a href=""https://tiktok.com/@gdxvn8"" target=""_blank"">@gdxvn8</a>",48,6,71.75,1,1,8,0,1116.833,75.5,1.833,3
"<a href=""https://tiktok.com/@geievertu8"" target=""_blank"">@geievertu8</a>",8,6,64.444,0.889,1,9,0,1488.833,143.333,0.5,0.5
"<a href=""https://tiktok.com/@gesgff6"" target=""_blank"">@gesgff6</a>",46,3,50.81,1,3,21,0,30420,1538,8,171
"<a href=""https://tiktok.com/@gesghh2"" target=""_blank"">@gesghh2</a>",46,12,51.068,0.833,6,82,0,4126.917,127.083,4.083,30
"<a href=""https://tiktok.com/@gfgh1601"" target=""_blank"">@gfgh1601</a>",54,6,38.586,0.883,3,47,0,3196,120.667,4.5,1.833
"<a href=""https://tiktok.com/@ghfee48"" target=""_blank"">@ghfee48</a>",45,8,47.75,1,1,8,0,1623.875,71.5,2.125,1.75
"<a href=""https://tiktok.com/@ghhj8554"" target=""_blank"">@ghhj8554</a>",90,5,82.367,0.9,2,19,0,1272.4,127,0,1
"<a href=""https://tiktok.com/@ghiur94"" target=""_blank"">@ghiur94</a>",120,3,37.741,1,3,27,0,209,5.333,1,0
"<a href=""https://tiktok.com/@ghsrge"" target=""_blank"">@ghsrge</a>",46,3,51.845,1,3,22,0,3381,199,0,2
"<a href=""https://tiktok.com/@giadungpham0"" target=""_blank"">@giadungpham0</a>",100,6,49.091,0.889,1,11,0,1162.917,26.583,1.583,9.167
"<a href=""https://tiktok.com/@giap.thuy8"" target=""_blank"">@giap.thuy8</a>",62,6,54,0.857,1,11,0,6046.667,144.833,3.667,12.667
"<a href=""https://tiktok.com/@gisela.lipke"" target=""_blank"">@gisela.lipke</a>",1,7,55.821,0.969,4,31,0,1319,63.714,1,0.714
"<a href=""https://tiktok.com/@gjcchh14"" target=""_blank"">@gjcchh14</a>",3,6,21.75,1,1,8,0,1475.5,39.667,1.167,0.333
"<a href=""https://tiktok.com/@gjgkgg0"" target=""_blank"">@gjgkgg0</a>",124,4,62,1,2,14,0,1118.25,90.75,0.5,0.5
"<a href=""https://tiktok.com/@gjhg8047"" target=""_blank"">@gjhg8047</a>",93,6,63.714,0.917,2,23,0,1110.833,75.667,2.167,3
"<a href=""https://tiktok.com/@gncds08"" target=""_blank"">@gncds08</a>",57,3,44.317,0.833,6,50,0,3978.333,130.667,6.333,0.667
"<a href=""https://tiktok.com/@gnfser4"" target=""_blank"">@gnfser4</a>",72,3,51.521,0.9,2,17,0,2599.667,139.667,1,4.667
"<a href=""https://tiktok.com/@gns1528"" target=""_blank"">@gns1528</a>",49,6,58.286,0.833,1,7,0,8092.667,232,6.167,125.667
"<a href=""https://tiktok.com/@goisthillwig517"" target=""_blank"">@goisthillwig517</a>",65,8,56.774,0.963,3,28,0,815.25,28.5,0.375,0.375
"<a href=""https://tiktok.com/@gooj806"" target=""_blank"">@gooj806</a>",14,6,51.502,0.918,7,70,0,1913.167,86.167,0.5,0.333
"<a href=""https://tiktok.com/@grdgh91"" target=""_blank"">@grdgh91</a>",72,3,69.759,0.9,2,15,0,266.333,7,0.333,1.667
"<a href=""https://tiktok.com/@grry77768"" target=""_blank"">@grry77768</a>",21,5,85.667,1,1,9,0,1162.4,71.8,1.2,0.2
"<a href=""https://tiktok.com/@grsdhj91"" target=""_blank"">@grsdhj91</a>",46,10,44.312,0.938,9,106,0,1077.6,66.4,0.3,0.1
"<a href=""https://tiktok.com/@grveatpi4138"" target=""_blank"">@grveatpi4138</a>",72,3,76.383,0.85,4,31,0,2175,113.667,2,2
"<a href=""https://tiktok.com/@gsutuzzvhzhhztays"" target=""_blank"">@gsutuzzvhzhhztays</a>",15,3,63.143,0.833,1,7,0,839.333,25,0.667,0.333
"<a href=""https://tiktok.com/@gsxgh2"" target=""_blank"">@gsxgh2</a>",43,14,68.373,0.839,12,159,0,1977.2,136.933,0.733,2.133
"<a href=""https://tiktok.com/@gsxgj09"" target=""_blank"">@gsxgj09</a>",95,7,53.889,0.5,1,9,0,7911.125,334.625,7.25,60
"<a href=""https://tiktok.com/@gtcjyk"" target=""_blank"">@gtcjyk</a>",43,9,50.02,0.873,12,145,0,263.222,11,0,0.556
"<a href=""https://tiktok.com/@gydhfb6"" target=""_blank"">@gydhfb6</a>",56,3,58.111,0.8,1,9,0,50411,4901,32,147.333
"<a href=""https://tiktok.com/@gyjgts"" target=""_blank"">@gyjgts</a>",96,3,43.056,0.9,2,18,0,515.333,35,0,0
"<a href=""https://tiktok.com/@gzchjj"" target=""_blank"">@gzchjj</a>",53,6,36.556,0.75,1,9,0,162.833,12,0,0.5
"<a href=""https://tiktok.com/@h5005670"" target=""_blank"">@h5005670</a>",50,4,60.25,1,1,8,0,3591,165.25,0.25,0.75
"<a href=""https://tiktok.com/@h6902066"" target=""_blank"">@h6902066</a>",78,3,25.333,1,1,9,0,668,35.667,0.333,0.333
"<a href=""https://tiktok.com/@hcuccu156"" target=""_blank"">@hcuccu156</a>",49,6,58.089,1,2,15,0,649.125,47.125,1.125,1
"<a href=""https://tiktok.com/@hdchj83"" target=""_blank"">@hdchj83</a>",43,6,62.211,0.943,8,82,0,623,61,0,1.5
"<a href=""https://tiktok.com/@hddgh2868"" target=""_blank"">@hddgh2868</a>",72,3,49.98,0.88,5,38,0,1339,81.333,0.333,0.667
"<a href=""https://tiktok.com/@hddgh331"" target=""_blank"">@hddgh331</a>",46,3,40.5,0.9,2,18,0,597,46,0,0.333
"<a href=""https://tiktok.com/@hddgk68"" target=""_blank"">@hddgk68</a>",46,9,43.289,0.954,7,65,0,1028.444,33.556,0.889,0.444
"<a href=""https://tiktok.com/@hdfjkk6"" target=""_blank"">@hdfjkk6</a>",47,8,40.75,1,2,20,0,3348.25,123.25,0.125,4
"<a href=""https://tiktok.com/@hdhu402"" target=""_blank"">@hdhu402</a>",2,5,61.125,0.667,1,8,0,4268,75.4,1.6,0.2
"<a href=""https://tiktok.com/@hdicok57"" target=""_blank"">@hdicok57</a>",87,7,49.4,1,1,10,0,1614.857,91.714,0.857,0.286
"<a href=""https://tiktok.com/@hdsch8"" target=""_blank"">@hdsch8</a>",58,4,75.5,1,1,8,0,772,65.5,1.75,1.75
"<a href=""https://tiktok.com/@hege82803"" target=""_blank"">@hege82803</a>",2,6,67.844,0.714,2,18,0,261232,7979.833,45.667,46
"<a href=""https://tiktok.com/@hesghj21"" target=""_blank"">@hesghj21</a>",73,6,12.75,1,1,8,0,933,67,0.5,0.833
"<a href=""https://tiktok.com/@heybabyg0"" target=""_blank"">@heybabyg0</a>",122,6,89.75,1,2,20,0,74.5,13.333,2.5,0
"<a href=""https://tiktok.com/@hffhhi2"" target=""_blank"">@hffhhi2</a>",47,4,73.75,1,1,8,0,1019.25,83.5,0.75,0.5
"<a href=""https://tiktok.com/@hfigi61"" target=""_blank"">@hfigi61</a>",87,7,49.4,1,1,10,0,2542.143,110,1.143,0
"<a href=""https://tiktok.com/@hfstil3"" target=""_blank"">@hfstil3</a>",29,8,52.833,1,3,24,0.001,7906.375,400.25,2.5,2
"<a href=""https://tiktok.com/@hhj1395"" target=""_blank"">@hhj1395</a>",81,3,75.5,1,2,18,0,38.667,0,0,0
"<a href=""https://tiktok.com/@hi.pnct"" target=""_blank"">@hi.pnct</a>",129,4,54.714,1,2,14,0,359,15,0.25,0
"<a href=""https://tiktok.com/@hibdr00"" target=""_blank"">@hibdr00</a>",121,3,55.922,0.84,5,44,0,4253,40,0,0
"<a href=""https://tiktok.com/@hiwny3"" target=""_blank"">@hiwny3</a>",103,4,45.714,0.833,1,7,0,7816.5,104.75,1.75,0
"<a href=""https://tiktok.com/@hjfse0"" target=""_blank"">@hjfse0</a>",57,3,44.183,0.833,6,52,0,2450.667,162.667,0.333,0.333
"<a href=""https://tiktok.com/@ho9220526f"" target=""_blank"">@ho9220526f</a>",23,5,50,1,1,7,0,653.625,33.375,0.75,0.125
"<a href=""https://tiktok.com/@hojdmc"" target=""_blank"">@hojdmc</a>",25,3,20.509,1,4,30,0,279.667,10,0,0
"<a href=""https://tiktok.com/@honglomgss"" target=""_blank"">@honglomgss</a>",89,3,55.25,0.8,2,16,0,536.667,17.333,1.333,1
"<a href=""https://tiktok.com/@hrdgj17"" target=""_blank"">@hrdgj17</a>",43,12,35.755,0.962,4,79,0,985.143,122.214,0.214,0.143
"<a href=""https://tiktok.com/@hsdhhf37"" target=""_blank"">@hsdhhf37</a>",46,3,38.867,1,5,45,0,4609.667,132,0.333,3
"<a href=""https://tiktok.com/@htchyg80"" target=""_blank"">@htchyg80</a>",46,3,82.111,1,3,27,0,2164.667,43.333,0.333,0.667
"<a href=""https://tiktok.com/@htfhfj5"" target=""_blank"">@htfhfj5</a>",74,3,57.155,0.7,4,32,0,337021.333,39467,370.667,1796.333
"<a href=""https://tiktok.com/@huggettguziec195"" target=""_blank"">@huggettguziec195</a>",64,8,49.567,1,2,26,0,434.375,18.25,0,0
"<a href=""https://tiktok.com/@hulili45"" target=""_blank"">@hulili45</a>",53,5,33.222,1,1,9,0,991.2,64,0.4,0.8
"<a href=""https://tiktok.com/@huluwajiuniu"" target=""_blank"">@huluwajiuniu</a>",89,3,52.137,0.933,3,23,0,1691,36.667,1.333,1.333
"<a href=""https://tiktok.com/@huttef"" target=""_blank"">@huttef</a>",57,3,37.095,0.886,7,63,0,586.667,31.667,0,0
"<a href=""https://tiktok.com/@huutrangvu5"" target=""_blank"">@huutrangvu5</a>",97,4,43.25,1,1,8,0,659.25,10.25,1.5,0
"<a href=""https://tiktok.com/@hwkjbnm22"" target=""_blank"">@hwkjbnm22</a>",134,6,68.231,0.917,2,29,0,16446.5,138.333,0.667,2
"<a href=""https://tiktok.com/@hxavnxh"" target=""_blank"">@hxavnxh</a>",11,4,57.25,1,1,8,0,5007.5,211,3,1.5
"<a href=""https://tiktok.com/@hydu454"" target=""_blank"">@hydu454</a>",49,6,66.762,1,3,22,0,1122,32.667,0,0.333
"<a href=""https://tiktok.com/@hyhtyyr"" target=""_blank"">@hyhtyyr</a>",57,3,38.619,0.857,7,63,0,544.667,41,0.333,0
"<a href=""https://tiktok.com/@ickaqo"" target=""_blank"">@ickaqo</a>",117,3,104.571,1,1,7,0,108.667,0.667,0,0
"<a href=""https://tiktok.com/@ididu034"" target=""_blank"">@ididu034</a>",6,7,53,0.714,1,9,0,8845,380.286,3.429,2.143
"<a href=""https://tiktok.com/@ihihgi1"" target=""_blank"">@ihihgi1</a>",1,7,47.844,0.964,4,29,0,1524.429,61.143,0.571,0.429
"<a href=""https://tiktok.com/@ilovevgycguhyi467"" target=""_blank"">@ilovevgycguhyi467</a>",65,8,60.513,0.969,4,33,0,2040.25,45.25,0,0.25
"<a href=""https://tiktok.com/@iouu62"" target=""_blank"">@iouu62</a>",125,4,52.143,1,1,7,0,518.75,14.25,0.25,0
"<a href=""https://tiktok.com/@isgsjdj0"" target=""_blank"">@isgsjdj0</a>",29,9,65.738,0.958,4,44,0,18531.778,870.222,18.111,8.333
"<a href=""https://tiktok.com/@isizuy7"" target=""_blank"">@isizuy7</a>",119,3,46.393,0.95,6,43,0,1664.333,19.667,1,0.667
"<a href=""https://tiktok.com/@itchfh"" target=""_blank"">@itchfh</a>",74,3,61.098,0.77,5,37,0,554.667,50.333,0.667,3.333
"<a href=""https://tiktok.com/@itfhtj"" target=""_blank"">@itfhtj</a>",74,3,53.519,0.825,6,48,0,448.667,31.333,0,0.333
"<a href=""https://tiktok.com/@its92008"" target=""_blank"">@its92008</a>",53,6,46.483,0.917,3,24,0,573.25,54.75,0,2.625
"<a href=""https://tiktok.com/@j747605"" target=""_blank"">@j747605</a>",83,3,29.333,1,1,9,0,387.333,2.333,0,0
"<a href=""https://tiktok.com/@j8598966"" target=""_blank"">@j8598966</a>",81,3,40.611,0.9,2,18,0,0.333,0,0,0
"<a href=""https://tiktok.com/@jajsjsn56"" target=""_blank"">@jajsjsn56</a>",14,5,54.01,0.854,8,70,0,2549.8,127.4,0.4,3.8
"<a href=""https://tiktok.com/@jantzen.lamphier"" target=""_blank"">@jantzen.lamphier</a>",61,4,36.429,0.833,1,7,0,1509.5,25.25,0.25,0.5
"<a href=""https://tiktok.com/@jdhsgstshjs"" target=""_blank"">@jdhsgstshjs</a>",37,7,71.571,1,1,7,0,1852.429,31.143,0.286,1
"<a href=""https://tiktok.com/@jdmfj44"" target=""_blank"">@jdmfj44</a>",50,6,73.625,1,2,16,0,1008.667,103.333,1.167,4.833
"<a href=""https://tiktok.com/@jelejeh1"" target=""_blank"">@jelejeh1</a>",29,6,64.365,0.9,2,16,0.001,4796,293.667,1.167,4.167
"<a href=""https://tiktok.com/@jesoopinkk"" target=""_blank"">@jesoopinkk</a>",134,3,57.992,0.95,4,34,0,3253,32,0,0.667
"<a href=""https://tiktok.com/@jeyune1"" target=""_blank"">@jeyune1</a>",49,8,50.455,0.896,9,88,0,4177.125,95.375,4.75,2.5
"<a href=""https://tiktok.com/@jfcfhg"" target=""_blank"">@jfcfhg</a>",72,3,51.714,0.8,1,7,0,917,59.333,0,0.667
"<a href=""https://tiktok.com/@jggff84"" target=""_blank"">@jggff84</a>",78,3,25.333,1,1,9,0,7562.667,140.333,0.667,6
"<a href=""https://tiktok.com/@jhgfvshchydv"" target=""_blank"">@jhgfvshchydv</a>",28,7,46.143,0.889,1,14,0,2306.286,97.143,3,1.143
"<a href=""https://tiktok.com/@jiakehhh6"" target=""_blank"">@jiakehhh6</a>",114,6,44.062,1,2,20,0,11924.714,146.429,3.143,20.429
"<a href=""https://tiktok.com/@jiejielove0001"" target=""_blank"">@jiejielove0001</a>",64,6,51.899,1,2,20,0,700.333,51.667,0.167,0
"<a href=""https://tiktok.com/@jiejielovetao518"" target=""_blank"">@jiejielovetao518</a>",65,8,67.056,0.938,2,19,0,469.5,40.5,0.375,0.25
"<a href=""https://tiktok.com/@jifjtf"" target=""_blank"">@jifjtf</a>",74,3,55.667,0.8,1,9,0,363.667,19,0,0.333
"<a href=""https://tiktok.com/@jihgg95"" target=""_blank"">@jihgg95</a>",82,3,85.5,1,1,8,0,33.667,0.333,0,0
"<a href=""https://tiktok.com/@jkdkj"" target=""_blank"">@jkdkj</a>",124,4,65.857,1,1,7,0,382.5,13.75,0.5,0
"<a href=""https://tiktok.com/@jkuy0534"" target=""_blank"">@jkuy0534</a>",90,6,66.333,1,1,9,0,1179.5,120.667,0.667,3.667
"<a href=""https://tiktok.com/@jox.kj"" target=""_blank"">@jox.kj</a>",111,6,48.056,1,2,19,0,1657.429,122.143,2.143,2
"<a href=""https://tiktok.com/@jsiso93"" target=""_blank"">@jsiso93</a>",29,8,52.028,1,3,32,0,6122.125,183.25,1.25,0.625
"<a href=""https://tiktok.com/@jvrdnm"" target=""_blank"">@jvrdnm</a>",116,3,98.875,1,1,8,0,207.333,3.333,0,0.667
"<a href=""https://tiktok.com/@jvtvc3"" target=""_blank"">@jvtvc3</a>",14,5,60.596,0.874,6,58,0,2661.2,123,1.6,2.8
"<a href=""https://tiktok.com/@jydgyu7"" target=""_blank"">@jydgyu7</a>",56,3,58.111,0.8,1,9,0,398,19.333,0,0.667
"<a href=""https://tiktok.com/@jyggeg3"" target=""_blank"">@jyggeg3</a>",74,3,69.429,0.9,2,14,0,335,18,0,0.333
"<a href=""https://tiktok.com/@jyghgh6"" target=""_blank"">@jyghgh6</a>",54,6,45.786,0.819,3,43,0,596.167,34.5,0.333,0.833
"<a href=""https://tiktok.com/@kathlyn.kohn"" target=""_blank"">@kathlyn.kohn</a>",135,6,8.125,1,1,8,0,14341.667,128.833,1,4.167
"<a href=""https://tiktok.com/@kbpsjd"" target=""_blank"">@kbpsjd</a>",7,6,57.429,1,1,7,0,1789,160.167,2.667,0.667
"<a href=""https://tiktok.com/@khanh.dao61"" target=""_blank"">@khanh.dao61</a>",13,5,60.556,0.845,2,16,0,1393,57.8,0.6,7.4
"<a href=""https://tiktok.com/@king_queengg0"" target=""_blank"">@king_queengg0</a>",19,5,100.5,1,1,10,0,973.5,95.8,3.7,2.5
"<a href=""https://tiktok.com/@kiumerum"" target=""_blank"">@kiumerum</a>",50,6,87,1,1,8,0,1402.667,67,0,0
"<a href=""https://tiktok.com/@kleber.capuano"" target=""_blank"">@kleber.capuano</a>",59,4,72.5,1,1,8,0,535.5,28.25,0.5,1.75
"<a href=""https://tiktok.com/@kmlisarkar_1"" target=""_blank"">@kmlisarkar_1</a>",123,6,94.535,0.675,2,17,0,757.833,105.667,7.167,1
"<a href=""https://tiktok.com/@kqva.glub"" target=""_blank"">@kqva.glub</a>",37,6,75,1,1,7,0,3891.667,41.833,0.333,0.833
"<a href=""https://tiktok.com/@kugeej"" target=""_blank"">@kugeej</a>",94,8,57.75,0.667,1,24,0,593.727,59.636,0.636,2.455
"<a href=""https://tiktok.com/@kul141524"" target=""_blank"">@kul141524</a>",113,4,59.8,0.8,1,10,0,10287.167,180.833,4.333,1.333
"<a href=""https://tiktok.com/@kungyhunksd"" target=""_blank"">@kungyhunksd</a>",10,14,67.72,0.821,3,70,0,620.357,12.429,0.714,0.071
"<a href=""https://tiktok.com/@kvczzcklkaio"" target=""_blank"">@kvczzcklkaio</a>",109,3,43.005,0.933,3,25,0,1403,51.667,0.333,1
"<a href=""https://tiktok.com/@kygfdj8"" target=""_blank"">@kygfdj8</a>",57,3,55.089,1,5,45,0,1158.667,105.667,0,0
"<a href=""https://tiktok.com/@kygrsg"" target=""_blank"">@kygrsg</a>",46,3,75,1,3,27,0,2287.333,81,0.667,5.333
"<a href=""https://tiktok.com/@lierd.wilfrp"" target=""_blank"">@lierd.wilfrp</a>",20,6,65.286,0.833,1,7,0,1463,119.286,0.857,0.571
"<a href=""https://tiktok.com/@lin689668987"" target=""_blank"">@lin689668987</a>",10,8,62.892,0.914,3,41,0,876.75,51.75,2.25,0.375
"<a href=""https://tiktok.com/@liyonyonlll"" target=""_blank"">@liyonyonlll</a>",126,4,63.571,1,1,7,0,347.5,11.5,0.25,0.25
"<a href=""https://tiktok.com/@ljgg60"" target=""_blank"">@ljgg60</a>",79,3,40.75,1,1,8,0,3667,64.667,3,1
"<a href=""https://tiktok.com/@lojzsviu"" target=""_blank"">@lojzsviu</a>",128,4,66.429,1,1,7,0,642,70.75,0.5,0.25
"<a href=""https://tiktok.com/@lovely_babo120"" target=""_blank"">@lovely_babo120</a>",16,6,104,0.667,1,8,0,9448.167,296,36,7.792
"<a href=""https://tiktok.com/@lucas.parker.carter"" target=""_blank"">@lucas.parker.carter</a>",136,6,25.556,0.833,1,9,0,4160.333,58,1,1.5
"<a href=""https://tiktok.com/@luensmanntuma245"" target=""_blank"">@luensmanntuma245</a>",64,8,63.096,1,3,30,0,816.375,25.625,0,0.125
"<a href=""https://tiktok.com/@lyhvrrmdmt"" target=""_blank"">@lyhvrrmdmt</a>",137,6,40.545,1,1,11,0,1056.167,9.833,0.333,0.333
"<a href=""https://tiktok.com/@may.mortk"" target=""_blank"">@may.mortk</a>",20,5,65.286,0.833,1,7,0,1054.833,90.5,3,2
"<a href=""https://tiktok.com/@mcxvbaazs3c"" target=""_blank"">@mcxvbaazs3c</a>",131,4,54.429,1,1,7,0,783.75,24.5,0,0
"<a href=""https://tiktok.com/@mnabkkop"" target=""_blank"">@mnabkkop</a>",12,7,31.143,1,1,7,0,5454.5,102.375,0.75,0.5
"<a href=""https://tiktok.com/@monika.budimir0"" target=""_blank"">@monika.budimir0</a>",22,5,46.429,1,1,7,0,1896,80.4,2.2,0.6
"<a href=""https://tiktok.com/@mri78275"" target=""_blank"">@mri78275</a>",96,3,46.926,1,3,26,0,20453,2293.667,47.333,612.333
"<a href=""https://tiktok.com/@nawab_deriver0"" target=""_blank"">@nawab_deriver0</a>",123,3,90.444,0.6,1,9,0,2371.167,387.833,27.5,7.167
"<a href=""https://tiktok.com/@ncbmg1717"" target=""_blank"">@ncbmg1717</a>",112,6,52.4,0.8,1,10,0,37260.333,784.667,6.833,4.5
"<a href=""https://tiktok.com/@nckhfd2"" target=""_blank"">@nckhfd2</a>",117,3,104.571,1,1,7,0,106,1,0,0
"<a href=""https://tiktok.com/@ngcvgh3"" target=""_blank"">@ngcvgh3</a>",85,4,41.625,1,2,16,0,2899.75,159.5,0,1
"<a href=""https://tiktok.com/@ngocsonle75"" target=""_blank"">@ngocsonle75</a>",101,4,35.25,1,1,8,0,288.25,9.5,0.25,0.25
"<a href=""https://tiktok.com/@nihaoya0002"" target=""_blank"">@nihaoya0002</a>",64,6,37.909,1,1,11,0,581.375,22,0.25,0.25
"<a href=""https://tiktok.com/@nujdju"" target=""_blank"">@nujdju</a>",54,6,50.648,0.883,3,54,0,22269.167,1025.833,15,67.167
"<a href=""https://tiktok.com/@oadi8gkhk6"" target=""_blank"">@oadi8gkhk6</a>",108,3,58.357,0.9,2,14,0,4675.667,89,0.667,1
"<a href=""https://tiktok.com/@oaisg2"" target=""_blank"">@oaisg2</a>",29,10,61.517,1,4,50,0,1604.6,78.1,1,0.4
"<a href=""https://tiktok.com/@odt614"" target=""_blank"">@odt614</a>",49,8,41.875,0.958,4,30,0,2345.25,149.5,1.75,2
"<a href=""https://tiktok.com/@ohchocx"" target=""_blank"">@ohchocx</a>",127,4,52.857,1,1,7,0,957.25,53.25,1,0.75
"<a href=""https://tiktok.com/@okay11732"" target=""_blank"">@okay11732</a>",91,7,88.917,0.929,2,21,0,1733.286,76.857,0.286,0.714
"<a href=""https://tiktok.com/@owenbe_film"" target=""_blank"">@owenbe_film</a>",88,3,47.312,0.8,2,15,0,1767464,151062,427,938.667
"<a href=""https://tiktok.com/@owuhwh"" target=""_blank"">@owuhwh</a>",29,7,78.125,0.938,2,22,0,3792.429,175,3,0.286
"<a href=""https://tiktok.com/@owwnbs"" target=""_blank"">@owwnbs</a>",31,5,66.286,1,1,7,0,396.6,10.4,0.4,0.2
"<a href=""https://tiktok.com/@per7zhmhm8"" target=""_blank"">@per7zhmhm8</a>",5,6,51.133,1,1,15,0,698.167,12.333,0,0.167
"<a href=""https://tiktok.com/@pfigfwdyh2huxc"" target=""_blank"">@pfigfwdyh2huxc</a>",24,5,51.375,0.833,1,8,0,3266.2,105.8,6,1.6
"<a href=""https://tiktok.com/@pjk3357"" target=""_blank"">@pjk3357</a>",118,4,24.25,1,1,8,0,1344.5,91.5,0.5,0.25
"<a href=""https://tiktok.com/@ptajgjnlmidyea"" target=""_blank"">@ptajgjnlmidyea</a>",115,5,53.333,1,1,9,0,1054.2,67.4,0.2,0.6
"<a href=""https://tiktok.com/@qdcieh"" target=""_blank"">@qdcieh</a>",25,4,19.257,0.893,4,39,0,1221.25,155.75,0.5,0.5
"<a href=""https://tiktok.com/@qimlobnvfopjd"" target=""_blank"">@qimlobnvfopjd</a>",133,6,38.286,1,1,7,0,999.333,74.667,5.833,3.333
"<a href=""https://tiktok.com/@qiyuanxjj_henxiao"" target=""_blank"">@qiyuanxjj_henxiao</a>",88,3,55.095,0.867,3,21,0,111068.333,9622.333,126.333,55
"<a href=""https://tiktok.com/@qllsks0"" target=""_blank"">@qllsks0</a>",29,10,66.732,1,5,47,0,1435.6,91.7,1.4,0.2
"<a href=""https://tiktok.com/@qohbpksqo2"" target=""_blank"">@qohbpksqo2</a>",27,10,17.357,1,1,14,0,906.1,40.6,0.6,0.8
"<a href=""https://tiktok.com/@qprtyruykxnmm"" target=""_blank"">@qprtyruykxnmm</a>",68,5,44.25,1,1,8,0,2236.167,42.667,2.833,2
"<a href=""https://tiktok.com/@r.f.f.f..e"" target=""_blank"">@r.f.f.f..e</a>",49,8,57.57,0.917,12,112,0,3079.125,229.375,0.75,3.5
"<a href=""https://tiktok.com/@r1pkqnrm71"" target=""_blank"">@r1pkqnrm71</a>",108,3,49,0.8,1,7,0,107349.667,2149,17,21
"<a href=""https://tiktok.com/@reddit_grayson99"" target=""_blank"">@reddit_grayson99</a>",25,5,20.616,0.893,4,43,0,1683.4,177.8,0.6,0.2
"<a href=""https://tiktok.com/@redreddit48"" target=""_blank"">@redreddit48</a>",118,4,24.25,1,1,8,0,16414.5,751.75,10.75,17.5
"<a href=""https://tiktok.com/@reush5"" target=""_blank"">@reush5</a>",45,4,80.143,0.833,1,7,0,3083,189.5,3,27.75
"<a href=""https://tiktok.com/@ribuluosse"" target=""_blank"">@ribuluosse</a>",32,3,49.444,1,2,18,0,227.333,4,0,0.667
"<a href=""https://tiktok.com/@rojan.sek"" target=""_blank"">@rojan.sek</a>",35,4,78.75,1,1,8,0,719.25,74,4.25,10.5
"<a href=""https://tiktok.com/@rtikb3"" target=""_blank"">@rtikb3</a>",29,8,61.232,0.969,4,37,0,14427.125,662.25,5.25,2.125
"<a href=""https://tiktok.com/@rufsa64"" target=""_blank"">@rufsa64</a>",46,3,56.374,0.971,7,61,0,994,88.333,0.333,0.333
"<a href=""https://tiktok.com/@rujoruza"" target=""_blank"">@rujoruza</a>",66,4,42.429,1,1,7,0,712.5,42.25,0.25,0.5
"<a href=""https://tiktok.com/@saniyah.rafidah.k"" target=""_blank"">@saniyah.rafidah.k</a>",34,3,72.714,0.75,1,7,0,870.5,40.75,2.25,7.5
"<a href=""https://tiktok.com/@scafhwufeao47"" target=""_blank"">@scafhwufeao47</a>",60,4,38,1,1,8,0,2764.75,107,0,0
"<a href=""https://tiktok.com/@segji2"" target=""_blank"">@segji2</a>",29,10,51.194,1,3,32,0,1634.2,99.4,1.3,1.1
"<a href=""https://tiktok.com/@sfagnd"" target=""_blank"">@sfagnd</a>",29,4,53.625,1,2,16,0,735.75,57,0.75,0.75
"<a href=""https://tiktok.com/@sggee05"" target=""_blank"">@sggee05</a>",49,8,52.092,0.876,5,52,0,2979.125,86.75,3.125,1.25
"<a href=""https://tiktok.com/@shadrickkham"" target=""_blank"">@shadrickkham</a>",64,8,56.267,1,2,25,0,5122.375,30.5,0.375,0.5
"<a href=""https://tiktok.com/@shakdhfty82"" target=""_blank"">@shakdhfty82</a>",28,6,46.143,0.889,1,14,0,2815.5,113.25,2,0.625
"<a href=""https://tiktok.com/@shtg02"" target=""_blank"">@shtg02</a>",31,4,66.286,1,1,7,0,234.5,7.75,1.25,0
"<a href=""https://tiktok.com/@shurwsnnmzqx"" target=""_blank"">@shurwsnnmzqx</a>",110,3,67.625,0.8,2,15,0,394,15.333,0,0.667
"<a href=""https://tiktok.com/@sijh37"" target=""_blank"">@sijh37</a>",14,5,58.998,0.864,7,57,0,2046.8,107.2,0.2,0.2
"<a href=""https://tiktok.com/@sjyzm173"" target=""_blank"">@sjyzm173</a>",59,4,72.5,1,1,8,0,2513.5,91.75,1,0.75
"<a href=""https://tiktok.com/@sjyzm286"" target=""_blank"">@sjyzm286</a>",63,4,42.5,1,1,8,0,540.5,38.5,0,0
"<a href=""https://tiktok.com/@skkfdxh"" target=""_blank"">@skkfdxh</a>",128,4,65.286,1,2,14,0,1138.75,37,0.5,0
"<a href=""https://tiktok.com/@skkskekdddfgfffff"" target=""_blank"">@skkskekdddfgfffff</a>",115,6,53.333,1,1,9,0,1105.5,61,1,0.833
"<a href=""https://tiktok.com/@speakingspeak.464"" target=""_blank"">@speakingspeak.464</a>",65,8,61.204,1,3,25,0,1355.5,98.125,0.25,1.375
"<a href=""https://tiktok.com/@squanck.kmovie"" target=""_blank"">@squanck.kmovie</a>",88,3,55.884,0.9,2,15,0,18009.667,460.333,0,0.333
"<a href=""https://tiktok.com/@stfsma.syhjbg"" target=""_blank"">@stfsma.syhjbg</a>",109,5,45.095,0.8,3,21,0,600.333,23.5,0.833,0
"<a href=""https://tiktok.com/@sunnybarrows"" target=""_blank"">@sunnybarrows</a>",24,6,51.375,0.833,1,8,0,930.333,42.333,4.333,6.5
"<a href=""https://tiktok.com/@suoxin2"" target=""_blank"">@suoxin2</a>",129,4,59.143,1,1,7,0,918.75,37,0.25,0
"<a href=""https://tiktok.com/@swciq"" target=""_blank"">@swciq</a>",2,6,58.125,1,1,8,0,1330.5,111.167,1.167,0
"<a href=""https://tiktok.com/@syedacherry0"" target=""_blank"">@syedacherry0</a>",1,7,44.904,0.911,3,24,0,1200.429,75.857,0.286,0.571
"<a href=""https://tiktok.com/@taachh6"" target=""_blank"">@taachh6</a>",43,14,50.323,0.84,14,163,0,1383.643,91.214,1.429,3.071
"<a href=""https://tiktok.com/@tadgj3"" target=""_blank"">@tadgj3</a>",95,3,53.889,0.5,1,9,0,1767.4,114.8,1.2,0.8
"<a href=""https://tiktok.com/@tbfdinfdxq"" target=""_blank"">@tbfdinfdxq</a>",89,3,50.562,0.9,2,16,0,5031,165.667,12.333,17
"<a href=""https://tiktok.com/@tddghj8"" target=""_blank"">@tddghj8</a>",85,4,47.375,1,2,16,0,305.5,16.75,0,0.25
"<a href=""https://tiktok.com/@tdfhj07"" target=""_blank"">@tdfhj07</a>",43,15,42.056,0.788,6,95,0,1183.333,70.4,0.4,0.933
"<a href=""https://tiktok.com/@tdggdg89"" target=""_blank"">@tdggdg89</a>",71,3,49.278,1,2,18,0,3269.333,104.333,1.333,1
"<a href=""https://tiktok.com/@tditis4"" target=""_blank"">@tditis4</a>",57,3,42.405,0.8,6,50,0,921,65,1,1
"<a href=""https://tiktok.com/@tdxhj38"" target=""_blank"">@tdxhj38</a>",43,15,63.926,0.851,15,227,0,50986.733,4949.733,15.4,1315.467
"<a href=""https://tiktok.com/@tdzch1"" target=""_blank"">@tdzch1</a>",43,11,63.224,0.896,7,64,0,1676.143,133.5,1.714,5.5
"<a href=""https://tiktok.com/@tedgh94"" target=""_blank"">@tedgh94</a>",43,9,49.241,0.958,4,30,0,573,37.111,0.444,1
"<a href=""https://tiktok.com/@tedgj96"" target=""_blank"">@tedgj96</a>",57,3,42.873,0.829,7,57,0,1300.333,94.333,0.333,0
"<a href=""https://tiktok.com/@tefgj76"" target=""_blank"">@tefgj76</a>",46,3,96.722,0.9,2,18,0,2950.333,156.667,6.333,13.333
"<a href=""https://tiktok.com/@tessh95"" target=""_blank"">@tessh95</a>",29,5,80.357,0.9,2,14,0.001,1792,147.6,1,2.2
"<a href=""https://tiktok.com/@texbjo"" target=""_blank"">@texbjo</a>",30,6,32.5,0.833,1,8,0,204.333,8.333,0,0.167
"<a href=""https://tiktok.com/@text.fc"" target=""_blank"">@text.fc</a>",11,4,53.5,1,1,8,0,2988,133.5,5.25,1
"<a href=""https://tiktok.com/@text778"" target=""_blank"">@text778</a>",11,4,55.375,1,2,16,0,72436.75,3229.5,8,37
"<a href=""https://tiktok.com/@tffyib"" target=""_blank"">@tffyib</a>",46,7,51.419,0.891,4,40,0,991.111,53.889,0.333,6.222
"<a href=""https://tiktok.com/@tguu743"" target=""_blank"">@tguu743</a>",111,6,47,1,1,10,0,6481.167,157.167,1.667,5.833
"<a href=""https://tiktok.com/@thds096"" target=""_blank"">@thds096</a>",47,7,53.333,1,1,9,0,1791.625,79.375,0.5,12.25
"<a href=""https://tiktok.com/@the.phuong.duong0"" target=""_blank"">@the.phuong.duong0</a>",99,6,49.286,1,1,7,0,202.167,7.5,0.167,0
"<a href=""https://tiktok.com/@thi.hung.pham"" target=""_blank"">@thi.hung.pham</a>",100,6,49.091,0.889,1,11,0,589.167,32.5,0.333,1.167
"<a href=""https://tiktok.com/@thuc.nguyen2010"" target=""_blank"">@thuc.nguyen2010</a>",13,4,53.111,0.857,1,9,0,2256.5,98,1.167,3.5
"<a href=""https://tiktok.com/@tidt55"" target=""_blank"">@tidt55</a>",49,8,63.062,1,8,62,0.001,2014.125,122.375,0.75,1
"<a href=""https://tiktok.com/@tiffany.c..irvin"" target=""_blank"">@tiffany.c..irvin</a>",34,4,72.714,0.75,1,7,0,2085.25,74,4.5,13
"<a href=""https://tiktok.com/@tigde25"" target=""_blank"">@tigde25</a>",43,15,59.972,0.813,16,231,0,2574.133,97.4,0.8,0.867
"<a href=""https://tiktok.com/@tiu.quan"" target=""_blank"">@tiu.quan</a>",1,7,58.286,1,1,7,0,2406.286,65.714,1,0.714
"<a href=""https://tiktok.com/@tjgew5"" target=""_blank"">@tjgew5</a>",53,6,57.444,0.857,1,9,0,1084.333,89.667,0.167,1
"<a href=""https://tiktok.com/@to24123"" target=""_blank"">@to24123</a>",49,6,61.708,0.905,3,24,0,4695.333,93.5,0.333,5
"<a href=""https://tiktok.com/@trongbinhtran65"" target=""_blank"">@trongbinhtran65</a>",99,6,49.286,1,1,7,0,767.125,4.5,0,0.375
"<a href=""https://tiktok.com/@trung.linh.do4"" target=""_blank"">@trung.linh.do4</a>",97,6,47,1,1,8,0,338.333,8.167,0.333,0
"<a href=""https://tiktok.com/@tsdgg5"" target=""_blank"">@tsdgg5</a>",43,13,60.183,0.899,15,184,0,1522.462,86.692,2.385,1.462
"<a href=""https://tiktok.com/@tsdhj1"" target=""_blank"">@tsdhj1</a>",43,15,52.257,0.844,14,239,0,1918.933,91.133,1.4,1.467
"<a href=""https://tiktok.com/@tsdhji"" target=""_blank"">@tsdhji</a>",57,3,46.444,0.8,1,9,0,897.667,105,1.667,0.333
"<a href=""https://tiktok.com/@tsusig7"" target=""_blank"">@tsusig7</a>",49,6,59.688,0.857,2,16,0,2709,112.667,3,4.167
"<a href=""https://tiktok.com/@twcfmtbacek"" target=""_blank"">@twcfmtbacek</a>",132,4,38.286,1,1,7,0,708.75,27.5,0,0.5
"<a href=""https://tiktok.com/@twilw0"" target=""_blank"">@twilw0</a>",29,6,55.964,1,2,15,0,834.833,46,2.333,0.333
"<a href=""https://tiktok.com/@twkg9813"" target=""_blank"">@twkg9813</a>",93,6,63,1,2,18,0,734.667,81.167,1.833,4.833
"<a href=""https://tiktok.com/@uffkmli_0"" target=""_blank"">@uffkmli_0</a>",19,4,104.4,1,1,10,0,19578.417,76.167,1.833,3.417
"<a href=""https://tiktok.com/@ufy468"" target=""_blank"">@ufy468</a>",49,6,54.678,0.87,5,38,0,4609.333,118.667,0.5,6.333
"<a href=""https://tiktok.com/@uhffed"" target=""_blank"">@uhffed</a>",94,12,57.75,0.667,1,24,0,10922.333,1684.583,10,503.083
"<a href=""https://tiktok.com/@ujjol285"" target=""_blank"">@ujjol285</a>",35,4,71.732,0.917,2,15,0,322.75,29.25,0.5,5.5
"<a href=""https://tiktok.com/@umd274"" target=""_blank"">@umd274</a>",51,4,61.571,1,1,7,0,4887,304,1.25,8
"<a href=""https://tiktok.com/@uosnatiahwk"" target=""_blank"">@uosnatiahwk</a>",1,7,50.8,0.889,1,10,0,1650.143,72.857,0.857,0.571
"<a href=""https://tiktok.com/@user1007309828197"" target=""_blank"">@user1007309828197</a>",96,3,50.995,0.867,3,25,0,2313.333,182.333,2.667,2.667
"<a href=""https://tiktok.com/@user1039975619594"" target=""_blank"">@user1039975619594</a>",75,10,43.851,0.938,2,38,0,1149,129.636,0.909,0.091
"<a href=""https://tiktok.com/@user1186006698059"" target=""_blank"">@user1186006698059</a>",40,6,61.989,0.935,5,63,0,4030.333,106.167,1.5,6.333
"<a href=""https://tiktok.com/@user1255526371487"" target=""_blank"">@user1255526371487</a>",76,3,45.889,1,2,18,0,2607.667,58.667,0.333,0.333
"<a href=""https://tiktok.com/@user1334601861386"" target=""_blank"">@user1334601861386</a>",41,6,58.333,1,1,9,0,10522.667,263.667,3.167,17.167
"<a href=""https://tiktok.com/@user1434139769661"" target=""_blank"">@user1434139769661</a>",41,6,52.181,0.933,3,26,0,11137.833,288.667,8.667,19
"<a href=""https://tiktok.com/@user1566581242041"" target=""_blank"">@user1566581242041</a>",77,3,50.59,1,4,35,0,7408.333,83.667,0,0
"<a href=""https://tiktok.com/@user16909390140293"" target=""_blank"">@user16909390140293</a>",10,14,60.372,0.87,3,77,0,10835.857,192.571,203.429,1.643
"<a href=""https://tiktok.com/@user1781066367752"" target=""_blank"">@user1781066367752</a>",75,9,59.895,0.841,5,66,0,754.778,29.556,0.222,0.333
"<a href=""https://tiktok.com/@user1878173300129"" target=""_blank"">@user1878173300129</a>",120,3,37.444,1,3,27,0,11595,44.667,1,0.333
"<a href=""https://tiktok.com/@user19103225080680"" target=""_blank"">@user19103225080680</a>",6,5,53,0.714,1,9,0,2297.167,94.167,0.833,0.167
"<a href=""https://tiktok.com/@user19220826995477"" target=""_blank"">@user19220826995477</a>",114,3,43.875,1,1,8,0,1336.333,54.667,2,0
"<a href=""https://tiktok.com/@user207447997386"" target=""_blank"">@user207447997386</a>",119,3,46.896,1,6,43,0,6734,51,0.667,0
"<a href=""https://tiktok.com/@user2237103838681"" target=""_blank"">@user2237103838681</a>",119,3,48.387,0.967,6,43,0,287,14.667,0,0
"<a href=""https://tiktok.com/@user2280880385685"" target=""_blank"">@user2280880385685</a>",81,3,42.778,0.9,2,18,0,151,1.667,0,0
"<a href=""https://tiktok.com/@user2386773981245"" target=""_blank"">@user2386773981245</a>",76,3,43.389,1,2,18,0,8317,166,1.333,0.333
"<a href=""https://tiktok.com/@user2393247248006"" target=""_blank"">@user2393247248006</a>",67,3,56,1,1,9,0,275.333,7.667,0.333,0.333
"<a href=""https://tiktok.com/@user23950681839107"" target=""_blank"">@user23950681839107</a>",80,3,56.333,1,1,9,0,4562.667,95,0,0.667
"<a href=""https://tiktok.com/@user2498571680444"" target=""_blank"">@user2498571680444</a>",77,3,51.201,1,4,35,0,1632,37.333,0.667,0.333
"<a href=""https://tiktok.com/@user254335879572"" target=""_blank"">@user254335879572</a>",40,6,70.979,1,4,35,0,5100.5,205.167,3.5,41.833
"<a href=""https://tiktok.com/@user2607275511462"" target=""_blank"">@user2607275511462</a>",52,6,45.25,1,1,8,0,338.167,24.833,0.333,1.167
"<a href=""https://tiktok.com/@user2810315813972"" target=""_blank"">@user2810315813972</a>",7,6,46.714,1,2,14,0,4743.333,170.333,6.667,1.667
"<a href=""https://tiktok.com/@user28115831310981"" target=""_blank"">@user28115831310981</a>",43,15,66.446,0.758,12,150,0,633.267,39.333,0.8,1.6
"<a href=""https://tiktok.com/@user2945763770126"" target=""_blank"">@user2945763770126</a>",40,6,52.333,1,1,9,0,7472.333,170.667,1.667,13.333
"<a href=""https://tiktok.com/@user3248405652967"" target=""_blank"">@user3248405652967</a>",41,3,47.042,1,2,17,0,67,0.333,0,0
"<a href=""https://tiktok.com/@user33539405804153"" target=""_blank"">@user33539405804153</a>",51,4,47.5,1,1,8,0,783.667,45.333,0.167,0.167
"<a href=""https://tiktok.com/@user3357615163181"" target=""_blank"">@user3357615163181</a>",15,6,59.643,0.817,2,14,0,1994,124,0.5,11
"<a href=""https://tiktok.com/@user337441055529"" target=""_blank"">@user337441055529</a>",76,3,42.944,1,2,18,0,3474.333,55,0,0.333
"<a href=""https://tiktok.com/@user3385952405800"" target=""_blank"">@user3385952405800</a>",119,3,50.729,0.9,6,48,0,354.333,15,1.333,0.667
"<a href=""https://tiktok.com/@user3436197788624"" target=""_blank"">@user3436197788624</a>",14,5,59.751,0.894,5,43,0,5376.8,76.2,1.4,2
"<a href=""https://tiktok.com/@user3884378113418"" target=""_blank"">@user3884378113418</a>",49,6,55.5,1,1,8,0,4731.833,182.333,0.167,1.333
"<a href=""https://tiktok.com/@user3907058774305"" target=""_blank"">@user3907058774305</a>",38,8,72.143,0.857,1,7,0,2942.875,90.75,3.5,2.875
"<a href=""https://tiktok.com/@user4057225117716"" target=""_blank"">@user4057225117716</a>",119,3,48.446,0.967,6,43,0,95.667,0.667,0,0
"<a href=""https://tiktok.com/@user4102790732505"" target=""_blank"">@user4102790732505</a>",75,11,59.601,0.861,3,30,0,15794,721.091,5.182,4.909
"<a href=""https://tiktok.com/@user43053020186540"" target=""_blank"">@user43053020186540</a>",40,6,60.944,1,4,54,0,25245.667,1108.833,42.167,37.833
"<a href=""https://tiktok.com/@user4453311195168"" target=""_blank"">@user4453311195168</a>",48,4,71.75,1,1,8,0,833,69,0.5,0.75
"<a href=""https://tiktok.com/@user45290458121277"" target=""_blank"">@user45290458121277</a>",40,6,60.917,0.935,5,62,0,17714.667,1097.167,16.667,149.167
"<a href=""https://tiktok.com/@user4561905486262"" target=""_blank"">@user4561905486262</a>",107,8,82.143,1,1,7,0,2086.8,183.8,3.9,3.4
"<a href=""https://tiktok.com/@user46331327549702"" target=""_blank"">@user46331327549702</a>",40,5,46.778,1,3,27,0,7590.833,264.5,3,19.5
"<a href=""https://tiktok.com/@user4681663121155"" target=""_blank"">@user4681663121155</a>",96,3,53.714,0.9,2,15,0,1961,15.333,0.333,0.667
"<a href=""https://tiktok.com/@user4799806211629"" target=""_blank"">@user4799806211629</a>",2,4,56.134,0.786,2,15,0,39406,1085.25,9.5,4.5
"<a href=""https://tiktok.com/@user4802110341559"" target=""_blank"">@user4802110341559</a>",37,8,73.286,1,2,14,0,1290,143,1,1.375
"<a href=""https://tiktok.com/@user4803678204918"" target=""_blank"">@user4803678204918</a>",3,7,24.125,1,2,16,0,942.571,41.143,0.286,0
"<a href=""https://tiktok.com/@user4910978194451"" target=""_blank"">@user4910978194451</a>",73,4,12.75,1,1,8,0,3908,81.5,0.25,0.5
"<a href=""https://tiktok.com/@user49602523104"" target=""_blank"">@user49602523104</a>",75,7,49.746,0.902,3,37,0,2825.25,108.75,0.25,0.5
"<a href=""https://tiktok.com/@user532820234511"" target=""_blank"">@user532820234511</a>",42,3,51.722,1,2,18,0,937.333,84,2,4.667
"<a href=""https://tiktok.com/@user54601969361666"" target=""_blank"">@user54601969361666</a>",75,5,34.864,0.938,2,21,0,2499.167,89.667,1.5,0.167
"<a href=""https://tiktok.com/@user55029855976770"" target=""_blank"">@user55029855976770</a>",75,12,48.829,0.875,4,57,0,2728.5,106.167,0.667,0.333
"<a href=""https://tiktok.com/@user5504332929509"" target=""_blank"">@user5504332929509</a>",51,4,54.536,1,2,15,0,844.25,70.25,0,1.25
"<a href=""https://tiktok.com/@user5513161827012"" target=""_blank"">@user5513161827012</a>",75,9,57.808,0.855,4,57,0,11138.444,422,2.111,2.444
"<a href=""https://tiktok.com/@user5669905232624"" target=""_blank"">@user5669905232624</a>",79,3,40.75,1,1,8,0,40640,2087.333,40,26
"<a href=""https://tiktok.com/@user5831942911597"" target=""_blank"">@user5831942911597</a>",49,8,55.722,0.803,6,50,0,3262.25,115.25,1.25,0.875
"<a href=""https://tiktok.com/@user58416854311297"" target=""_blank"">@user58416854311297</a>",77,3,50.556,1,4,36,0,104.667,0.333,0,0
"<a href=""https://tiktok.com/@user5856382575116"" target=""_blank"">@user5856382575116</a>",69,4,48.571,1,1,7,0,1251.5,65.25,0.5,0
"<a href=""https://tiktok.com/@user6100349282272"" target=""_blank"">@user6100349282272</a>",49,5,45.2,0.857,1,10,0,2209,280.4,5.6,4
"<a href=""https://tiktok.com/@user61165494628858"" target=""_blank"">@user61165494628858</a>",43,15,54.474,0.831,15,246,0,1352.533,60.867,2.333,2.067
"<a href=""https://tiktok.com/@user612958049219"" target=""_blank"">@user612958049219</a>",44,4,49,1,1,8,0,2863.333,226.667,1.667,19.167
"<a href=""https://tiktok.com/@user61411581834040"" target=""_blank"">@user61411581834040</a>",121,3,46.311,0.96,5,45,0,3757.333,28,0.333,0.667
"<a href=""https://tiktok.com/@user6172460529160"" target=""_blank"">@user6172460529160</a>",75,8,40.476,0.863,3,31,0,2406.125,104.25,1.25,0.625
"<a href=""https://tiktok.com/@user6362756977133"" target=""_blank"">@user6362756977133</a>",75,5,38.5,0.714,1,10,0,3343.4,148.4,0.2,0.6
"<a href=""https://tiktok.com/@user6635291742887"" target=""_blank"">@user6635291742887</a>",42,3,42.667,1,2,18,0,806.333,31.333,0.667,2.333
"<a href=""https://tiktok.com/@user6658537611056"" target=""_blank"">@user6658537611056</a>",40,3,93.778,0.8,2,18,0,54.333,1.333,0,0.333
"<a href=""https://tiktok.com/@user68356911128363"" target=""_blank"">@user68356911128363</a>",75,7,48.234,0.877,4,45,0,1626.273,89.636,1.364,0.636
"<a href=""https://tiktok.com/@user6881678887137"" target=""_blank"">@user6881678887137</a>",53,4,58.125,1,2,16,0,739,57.25,0.25,0
"<a href=""https://tiktok.com/@user70382108783"" target=""_blank"">@user70382108783</a>",121,3,47.256,0.92,5,44,0,2026.667,20.667,0,0.667
"<a href=""https://tiktok.com/@user7080026610324"" target=""_blank"">@user7080026610324</a>",7,7,36,1,1,7,0,1493.286,90.143,4.571,2.571
"<a href=""https://tiktok.com/@user72153122776522"" target=""_blank"">@user72153122776522</a>",77,3,50.639,1,4,36,0,596.333,11.667,0,0
"<a href=""https://tiktok.com/@user7229734993792"" target=""_blank"">@user7229734993792</a>",41,3,55.812,0.9,2,16,0,73.333,0,0,0
"<a href=""https://tiktok.com/@user7270761600097"" target=""_blank"">@user7270761600097</a>",49,7,46.526,0.81,6,51,0,18931.857,116.714,2.286,14.857
"<a href=""https://tiktok.com/@user7285945563907"" target=""_blank"">@user7285945563907</a>",15,5,56.143,0.8,1,7,0,2783.833,71.167,0.667,1.833
"<a href=""https://tiktok.com/@user7361235085378"" target=""_blank"">@user7361235085378</a>",75,6,35.833,0.81,3,30,0,2333,70,0.833,0
"<a href=""https://tiktok.com/@user7439410657733"" target=""_blank"">@user7439410657733</a>",120,3,41.815,1,3,27,0,6962,28.667,2,0.667
"<a href=""https://tiktok.com/@user75553409991633"" target=""_blank"">@user75553409991633</a>",119,3,46.72,1,6,43,0,1506.667,20.333,0.333,1.333
"<a href=""https://tiktok.com/@user7672491933286"" target=""_blank"">@user7672491933286</a>",43,11,57.394,0.955,6,97,0,1899.417,134.583,0.333,2.083
"<a href=""https://tiktok.com/@user7719671965162"" target=""_blank"">@user7719671965162</a>",77,3,51.083,1,4,36,0,449.333,13.667,3,1.667
"<a href=""https://tiktok.com/@user7780549746610"" target=""_blank"">@user7780549746610</a>",75,9,79.192,0.917,3,25,0,10959,204.444,3.222,1.333
"<a href=""https://tiktok.com/@user7826661846231"" target=""_blank"">@user7826661846231</a>",55,5,44.857,1,1,7,0,548.4,35.4,2.8,0.4
"<a href=""https://tiktok.com/@user7966293860213"" target=""_blank"">@user7966293860213</a>",83,3,29.333,1,1,9,0,3355.667,3,1.333,0
"<a href=""https://tiktok.com/@user8029920987174"" target=""_blank"">@user8029920987174</a>",121,3,50.356,0.88,5,45,0,300.333,17.667,0,0.667
"<a href=""https://tiktok.com/@user8139270203315"" target=""_blank"">@user8139270203315</a>",43,15,58.389,0.895,11,159,0,2316.133,101.467,1.667,0.533
"<a href=""https://tiktok.com/@user82404835347276"" target=""_blank"">@user82404835347276</a>",45,6,63.946,0.917,2,15,0,892.5,77.667,0.167,2.667
"<a href=""https://tiktok.com/@user8478108672003"" target=""_blank"">@user8478108672003</a>",43,14,56.045,0.858,17,270,0,1504.857,48.929,2,3.571
"<a href=""https://tiktok.com/@user85244619549900"" target=""_blank"">@user85244619549900</a>",75,9,50,0.75,1,15,0,2191.091,88.909,1.091,0.364
"<a href=""https://tiktok.com/@user859749174391"" target=""_blank"">@user859749174391</a>",46,3,61.222,0.971,7,63,0,241.667,18,0,0
"<a href=""https://tiktok.com/@user8626129945614"" target=""_blank"">@user8626129945614</a>",42,3,44.056,1,2,18,0,848.333,58.667,1,1.333
"<a href=""https://tiktok.com/@user90458309763611"" target=""_blank"">@user90458309763611</a>",21,3,85.667,1,1,9,0,1680.333,152.667,2,0.667
"<a href=""https://tiktok.com/@user9157400912871"" target=""_blank"">@user9157400912871</a>",67,3,56,1,1,9,0,272,10.667,1.667,0.333
"<a href=""https://tiktok.com/@user9178698708273"" target=""_blank"">@user9178698708273</a>",49,6,73.17,0.815,4,30,0,4527.5,163,0.5,0.167
"<a href=""https://tiktok.com/@user918416806877"" target=""_blank"">@user918416806877</a>",49,8,62.808,0.804,4,31,0,2596,122.625,0.75,0.25
"<a href=""https://tiktok.com/@user92374833759676"" target=""_blank"">@user92374833759676</a>",38,9,72.143,0.857,1,7,0,942,41,1.444,0.556
"<a href=""https://tiktok.com/@user9323498765878"" target=""_blank"">@user9323498765878</a>",71,3,70.167,1,2,18,0,6608.333,188.667,1.333,0.667
"<a href=""https://tiktok.com/@user9439287849428"" target=""_blank"">@user9439287849428</a>",2,6,58.23,0.881,4,35,0,5290,110.5,3,0.5
"<a href=""https://tiktok.com/@user96122167753030"" target=""_blank"">@user96122167753030</a>",74,3,47.832,0.79,5,41,0,15987,355.333,0,13
"<a href=""https://tiktok.com/@username.1545465"" target=""_blank"">@username.1545465</a>",122,4,90.1,1,1,10,0,31629.167,1169.833,38.5,38.667
"<a href=""https://tiktok.com/@uwbnliqhlnz"" target=""_blank"">@uwbnliqhlnz</a>",130,4,66.429,1,1,7,0,944.75,40.5,0,0
"<a href=""https://tiktok.com/@vaigg0"" target=""_blank"">@vaigg0</a>",9,7,49.286,1,1,7,0,1570.571,80.429,1.571,0.571
"<a href=""https://tiktok.com/@van.mai.duong6"" target=""_blank"">@van.mai.duong6</a>",97,8,45.125,1,2,16,0,145,0.25,0.25,0
"<a href=""https://tiktok.com/@vbn1883"" target=""_blank"">@vbn1883</a>",125,4,55.571,0.917,2,14,0,996,40.25,0,0.75
"<a href=""https://tiktok.com/@vbn6106"" target=""_blank"">@vbn6106</a>",125,4,59,0.833,1,7,0,924.25,26.75,0.25,0
"<a href=""https://tiktok.com/@vdghj63"" target=""_blank"">@vdghj63</a>",46,12,50.253,0.94,11,136,0.001,1511.833,64.5,1.25,0.833
"<a href=""https://tiktok.com/@visu7354y2l"" target=""_blank"">@visu7354y2l</a>",107,10,68.571,0.938,2,17,0,2158.2,219.4,3,2.9
"<a href=""https://tiktok.com/@vkbg17"" target=""_blank"">@vkbg17</a>",120,3,38.778,1,3,27,0,294,12,0,0
"<a href=""https://tiktok.com/@volgqrdwtx0"" target=""_blank"">@volgqrdwtx0</a>",137,6,40.545,1,1,11,0,1777.833,19.5,0.333,0.167
"<a href=""https://tiktok.com/@vsuau5"" target=""_blank"">@vsuau5</a>",29,6,54.398,1,3,25,0.001,611,56.333,0.333,0.667
"<a href=""https://tiktok.com/@vuctjg"" target=""_blank"">@vuctjg</a>",74,3,48.194,0.79,5,43,0,212,9.333,0.667,0
"<a href=""https://tiktok.com/@weeo.nltb"" target=""_blank"">@weeo.nltb</a>",84,8,34.643,1,2,14,0,3819.5,248.1,9.3,20.2
"<a href=""https://tiktok.com/@winifhitnn8"" target=""_blank"">@winifhitnn8</a>",131,4,54.429,1,1,7,0,867.25,35.25,0.5,0.5
"<a href=""https://tiktok.com/@wirtue36"" target=""_blank"">@wirtue36</a>",57,3,34.873,0.857,7,63,0,563.333,22,1.333,0
"<a href=""https://tiktok.com/@wk7wjsiwx6"" target=""_blank"">@wk7wjsiwx6</a>",108,3,67.714,1,1,7,0,1763.333,42.333,0.667,0
"<a href=""https://tiktok.com/@wkxbcqrhqrxg"" target=""_blank"">@wkxbcqrhqrxg</a>",110,3,85,0.8,1,7,0,358,17.333,0,0
"<a href=""https://tiktok.com/@wonder5537"" target=""_blank"">@wonder5537</a>",39,6,74,0.714,1,12,0,981.583,26.333,0.583,0.25
"<a href=""https://tiktok.com/@wove1579"" target=""_blank"">@wove1579</a>",92,4,44.3,1,1,10,0,88.167,1.667,0,0.167
"<a href=""https://tiktok.com/@wxbmi"" target=""_blank"">@wxbmi</a>",30,6,37.194,0.917,2,17,0,197.667,8.5,0,0
"<a href=""https://tiktok.com/@xbxb6381"" target=""_blank"">@xbxb6381</a>",26,7,37.125,1,1,8,0,18162.625,542,4.25,4.125
"<a href=""https://tiktok.com/@xchinaqueen3"" target=""_blank"">@xchinaqueen3</a>",18,5,101.75,0.75,1,8,0,156.273,5.909,0.727,0.091
"<a href=""https://tiktok.com/@xchinaqueen5"" target=""_blank"">@xchinaqueen5</a>",17,6,97.625,0.833,1,16,0,203.438,20.812,1.812,0.75
"<a href=""https://tiktok.com/@xchinaqueen6"" target=""_blank"">@xchinaqueen6</a>",17,6,97.625,0.833,1,16,0,1857.176,138.059,9.353,5.824
"<a href=""https://tiktok.com/@xcutejanab2"" target=""_blank"">@xcutejanab2</a>",123,4,98.625,0.75,1,8,0,274.5,19.5,1,0
"<a href=""https://tiktok.com/@xiao888196"" target=""_blank"">@xiao888196</a>",114,4,44.25,1,1,12,0,2865,150,3.25,3
"<a href=""https://tiktok.com/@xlmudpqm4ef"" target=""_blank"">@xlmudpqm4ef</a>",36,4,44.857,1,1,7,0,408.75,29.75,2.75,5.75
"<a href=""https://tiktok.com/@xuan.quan.dang"" target=""_blank"">@xuan.quan.dang</a>",98,6,36.1,0.857,1,10,0,169.875,4.875,0,0
"<a href=""https://tiktok.com/@xvnmh8"" target=""_blank"">@xvnmh8</a>",29,4,49.625,0.917,2,18,0,530.75,30.25,0.5,0
"<a href=""https://tiktok.com/@xxkmli_0"" target=""_blank"">@xxkmli_0</a>",19,6,102.45,1,2,20,0,874.167,89.333,10.333,3.583
"<a href=""https://tiktok.com/@y0htcm"" target=""_blank"">@y0htcm</a>",98,5,36.1,0.857,1,10,0,575.6,14.6,1,0
"<a href=""https://tiktok.com/@yesfg42"" target=""_blank"">@yesfg42</a>",46,3,74.603,1,6,52,0,289,10.667,1.333,0
"<a href=""https://tiktok.com/@yfyd3444"" target=""_blank"">@yfyd3444</a>",49,6,58.845,0.914,4,32,0,2373.5,373.833,49.667,133.833
"<a href=""https://tiktok.com/@yhdas"" target=""_blank"">@yhdas</a>",43,15,55.806,0.833,13,208,0,3032.867,80.667,4.933,1.8
"<a href=""https://tiktok.com/@yiitsukb"" target=""_blank"">@yiitsukb</a>",9,4,49.286,1,1,7,0,105474.25,6692.25,455.75,4573
"<a href=""https://tiktok.com/@yiwxjsjxpoewm"" target=""_blank"">@yiwxjsjxpoewm</a>",133,5,38.286,1,1,7,0,2481.8,86,17.6,50.2
"<a href=""https://tiktok.com/@ykre61"" target=""_blank"">@ykre61</a>",43,15,57.278,0.93,13,218,0,2347.267,173.467,1.2,5.6
"<a href=""https://tiktok.com/@ylevkpiubsl"" target=""_blank"">@ylevkpiubsl</a>",130,4,66.429,1,1,7,0,960,32.5,0.25,1
"<a href=""https://tiktok.com/@yrfgj12"" target=""_blank"">@yrfgj12</a>",46,10,50.439,0.852,6,67,0,2251.727,87.273,6.091,1.273
"<a href=""https://tiktok.com/@ytrq8081"" target=""_blank"">@ytrq8081</a>",91,5,55.859,1,3,32,0,1305.833,101.5,0.333,0.333
"<a href=""https://tiktok.com/@yvrfjt"" target=""_blank"">@yvrfjt</a>",74,3,67.365,0.933,3,23,0,5215,212.667,0.333,17.333
"<a href=""https://tiktok.com/@yxbiyg"" target=""_blank"">@yxbiyg</a>",111,5,49.111,1,1,9,0,1284.286,96.571,1.143,0.571
"<a href=""https://tiktok.com/@yxld.ohqi"" target=""_blank"">@yxld.ohqi</a>",84,8,30.5,1,2,14,0,1640.75,18.75,0.75,3.125
"<a href=""https://tiktok.com/@yyydfdz"" target=""_blank"">@yyydfdz</a>",134,6,66.517,0.967,6,53,0,80727,410.833,2.667,11
"<a href=""https://tiktok.com/@zg.hcugystsxy"" target=""_blank"">@zg.hcugystsxy</a>",1,7,47.114,0.944,2,17,0,2469.429,126,1.429,0.571
"<a href=""https://tiktok.com/@zsdx184"" target=""_blank"">@zsdx184</a>",14,6,56.218,0.914,7,70,0,1511.167,83.333,0.167,1.5
"<a href=""https://tiktok.com/@zxvb736"" target=""_blank"">@zxvb736</a>",14,4,62.946,0.878,3,22,0,7573,217,0.25,4
