"Post URL","Network","Author","Timestamp","Number of Accounts","Views","Likes","Comments","Shares","Description"
"<a href=""https://www.tiktok.com/@sfghh902/video/7499456535890775327"" target=""_blank"" class=""btn btn-sm"" style=""background-color: #00926c; color: white; text-decoration: none; padding: 2px 8px; border-radius: 4px; font-size: 0.8em;"">View Post</a>",2,"sfghh902",2025-05-01 12:42:03,7,1099,25,1,0,"Jubal in the morning radio programBrooke and Jubal #trenting #fyp #dateupdate #brookeandjubal #phonecall #jubalfresho #seconddateupdate #seconddates #seconddate #storytime #qua #storytime #entertainme "
"<a href=""https://www.tiktok.com/@lsoshd7/video/7499456532212583726"" target=""_blank"" class=""btn btn-sm"" style=""background-color: #00926c; color: white; text-decoration: none; padding: 2px 8px; border-radius: 4px; font-size: 0.8em;"">View Post</a>",2,"lsoshd7",2025-05-01 12:42:31,7,546,15,1,0,"Jubal in the morning radio programBrooke and Jubal #trenting #fyp #dateupdate #brookeandjubal #phonecall #jubalfresho #seconddateupdate #seconddates #seconddate #storytime #qua #storytime #entertainme "
"<a href=""https://www.tiktok.com/@uakakan/video/7499456506014731551"" target=""_blank"" class=""btn btn-sm"" style=""background-color: #00926c; color: white; text-decoration: none; padding: 2px 8px; border-radius: 4px; font-size: 0.8em;"">View Post</a>",2,"uakakan",2025-05-01 12:42:09,7,1113,74,3,2,"Jubal in the morning radio programBrooke and Jubal #trenting #fyp #dateupdate #brookeandjubal #phonecall #jubalfresho #seconddateupdate #seconddates #seconddate #storytime #qua #storytime #entertainme "
"<a href=""https://www.tiktok.com/@user3426139860009/video/7499456485412408606"" target=""_blank"" class=""btn btn-sm"" style=""background-color: #00926c; color: white; text-decoration: none; padding: 2px 8px; border-radius: 4px; font-size: 0.8em;"">View Post</a>",2,"user3426139860009",2025-05-01 12:42:11,7,3394,102,2,1,"Jubal in the morning radio programBrooke and Jubal #trenting #fyp #dateupdate #brookeandjubal #phonecall #jubalfresho #seconddateupdate #seconddates #seconddate #storytime #qua #storytime #entertainme "
"<a href=""https://www.tiktok.com/@jeodhxbf/video/7499456478454222126"" target=""_blank"" class=""btn btn-sm"" style=""background-color: #00926c; color: white; text-decoration: none; padding: 2px 8px; border-radius: 4px; font-size: 0.8em;"">View Post</a>",2,"jeodhxbf",2025-05-01 12:42:34,7,1215,28,0,0,"Jubal in the morning radio programBrooke and Jubal #trenting #fyp #dateupdate #brookeandjubal #phonecall #jubalfresho #seconddateupdate #seconddates #seconddate #storytime #qua #storytime #entertainme "
"<a href=""https://www.tiktok.com/@jeodhxbf/video/7499456452554247470"" target=""_blank"" class=""btn btn-sm"" style=""background-color: #00926c; color: white; text-decoration: none; padding: 2px 8px; border-radius: 4px; font-size: 0.8em;"">View Post</a>",2,"jeodhxbf",2025-05-01 12:42:17,7,1427,34,0,0,"Jubal in the morning radio programBrooke and Jubal #trenting #fyp #dateupdate #brookeandjubal #phonecall #jubalfresho #seconddateupdate #seconddates #seconddate #storytime #qua #storytime #entertainme "
"<a href=""https://www.tiktok.com/@hsosuehwkw/video/7499456429456395566"" target=""_blank"" class=""btn btn-sm"" style=""background-color: #00926c; color: white; text-decoration: none; padding: 2px 8px; border-radius: 4px; font-size: 0.8em;"">View Post</a>",2,"hsosuehwkw",2025-05-01 12:42:13,7,1404,40,0,1,"Jubal in the morning radio programBrooke and Jubal #trenting #fyp #dateupdate #brookeandjubal #phonecall #jubalfresho #seconddateupdate #seconddates #seconddate #storytime #qua #storytime #entertainme "
"<a href=""https://www.tiktok.com/@hsosuehwkw/video/7499456429082905899"" target=""_blank"" class=""btn btn-sm"" style=""background-color: #00926c; color: white; text-decoration: none; padding: 2px 8px; border-radius: 4px; font-size: 0.8em;"">View Post</a>",2,"hsosuehwkw",2025-05-01 12:42:15,7,2038,65,0,1,"Jubal in the morning radio programBrooke and Jubal #trenting #fyp #dateupdate #brookeandjubal #phonecall #jubalfresho #seconddateupdate #seconddates #seconddate #storytime #qua #storytime #entertainme "
"<a href=""https://www.tiktok.com/@zasha.bell/video/7499456405468925227"" target=""_blank"" class=""btn btn-sm"" style=""background-color: #00926c; color: white; text-decoration: none; padding: 2px 8px; border-radius: 4px; font-size: 0.8em;"">View Post</a>",2,"zasha.bell",2025-05-01 12:42:16,7,20942,49,0,2,"Jubal in the morning radio programBrooke and Jubal #trenting #fyp #dateupdate #brookeandjubal #phonecall #jubalfresho #seconddateupdate #seconddates #seconddate #storytime #qua #storytime #entertainme "
"<a href=""https://www.tiktok.com/@dvhf131/video/7499456378357009695"" target=""_blank"" class=""btn btn-sm"" style=""background-color: #00926c; color: white; text-decoration: none; padding: 2px 8px; border-radius: 4px; font-size: 0.8em;"">View Post</a>",2,"dvhf131",2025-05-01 12:41:45,7,4969,46,5,0,"Jubal in the morning radio programBrooke and Jubal #trenting #fyp #dateupdate #brookeandjubal #phonecall #jubalfresho #seconddateupdate #seconddates #seconddate #storytime #qua #storytime #entertainme "
"<a href=""https://www.tiktok.com/@lsoshd7/video/7499456372191399211"" target=""_blank"" class=""btn btn-sm"" style=""background-color: #00926c; color: white; text-decoration: none; padding: 2px 8px; border-radius: 4px; font-size: 0.8em;"">View Post</a>",2,"lsoshd7",2025-05-01 12:42:07,7,4850,63,1,1,"Jubal in the morning radio programBrooke and Jubal #trenting #fyp #dateupdate #brookeandjubal #phonecall #jubalfresho #seconddateupdate #seconddates #seconddate #storytime #qua #storytime #entertainme "
"<a href=""https://www.tiktok.com/@user3681487261741/video/7499456333113036062"" target=""_blank"" class=""btn btn-sm"" style=""background-color: #00926c; color: white; text-decoration: none; padding: 2px 8px; border-radius: 4px; font-size: 0.8em;"">View Post</a>",2,"user3681487261741",2025-05-01 12:41:34,7,125,4,0,0,"Jubal in the morning radio programBrooke and Jubal #trenting #fyp #dateupdate #brookeandjubal #phonecall #jubalfresho #seconddateupdate #seconddates #seconddate #storytime #qua #storytime #entertainme "
"<a href=""https://www.tiktok.com/@dvhf131/video/7499456303782300958"" target=""_blank"" class=""btn btn-sm"" style=""background-color: #00926c; color: white; text-decoration: none; padding: 2px 8px; border-radius: 4px; font-size: 0.8em;"">View Post</a>",2,"dvhf131",2025-05-01 12:41:23,7,111736,1941,26,81,"Jubal in the morning radio programBrooke and Jubal #trenting #fyp #dateupdate #brookeandjubal #phonecall #jubalfresho #seconddateupdate #seconddates #seconddate #storytime #qua #storytime #entertainme "
"<a href=""https://www.tiktok.com/@uakakan/video/7499456248304241951"" target=""_blank"" class=""btn btn-sm"" style=""background-color: #00926c; color: white; text-decoration: none; padding: 2px 8px; border-radius: 4px; font-size: 0.8em;"">View Post</a>",2,"uakakan",2025-05-01 12:41:12,7,692,35,0,1,"Jubal in the morning radio programBrooke and Jubal #trenting #fyp #dateupdate #brookeandjubal #phonecall #jubalfresho #seconddateupdate #seconddates #seconddate #storytime #qua #storytime #entertainme "
"<a href=""https://www.tiktok.com/@user3426139860009/video/7499456232860814623"" target=""_blank"" class=""btn btn-sm"" style=""background-color: #00926c; color: white; text-decoration: none; padding: 2px 8px; border-radius: 4px; font-size: 0.8em;"">View Post</a>",2,"user3426139860009",2025-05-01 12:41:11,7,2101,86,1,1,"Jubal in the morning radio programBrooke and Jubal #trenting #fyp #dateupdate #brookeandjubal #phonecall #jubalfresho #seconddateupdate #seconddates #seconddate #storytime #qua #storytime #entertainme "
"<a href=""https://www.tiktok.com/@sfghh902/video/7499456210958109982"" target=""_blank"" class=""btn btn-sm"" style=""background-color: #00926c; color: white; text-decoration: none; padding: 2px 8px; border-radius: 4px; font-size: 0.8em;"">View Post</a>",2,"sfghh902",2025-05-01 12:40:52,7,960,59,3,1,"Jubal in the morning radio programBrooke and Jubal #trenting #fyp #dateupdate #brookeandjubal #phonecall #jubalfresho #seconddateupdate #seconddates #seconddate #storytime #qua #storytime #entertainme "
"<a href=""https://www.tiktok.com/@zasha.bell/video/7499456138685975850"" target=""_blank"" class=""btn btn-sm"" style=""background-color: #00926c; color: white; text-decoration: none; padding: 2px 8px; border-radius: 4px; font-size: 0.8em;"">View Post</a>",2,"zasha.bell",2025-05-01 12:41:05,7,11375,40,2,3,"Jubal in the morning radio programBrooke and Jubal #trenting #fyp #dateupdate #brookeandjubal #phonecall #jubalfresho #seconddateupdate #seconddates #seconddate #storytime #qua #storytime #entertainme "
"<a href=""https://www.tiktok.com/@user3681487261741/video/7499456130582662430"" target=""_blank"" class=""btn btn-sm"" style=""background-color: #00926c; color: white; text-decoration: none; padding: 2px 8px; border-radius: 4px; font-size: 0.8em;"">View Post</a>",2,"user3681487261741",2025-05-01 12:40:51,7,1490,53,0,1,"Jubal in the morning radio programBrooke and Jubal #trenting #fyp #dateupdate #brookeandjubal #phonecall #jubalfresho #seconddateupdate #seconddates #seconddate #storytime #qua #storytime #entertainme "
"<a href=""https://www.tiktok.com/@heabnn/video/7499455863011216682"" target=""_blank"" class=""btn btn-sm"" style=""background-color: #00926c; color: white; text-decoration: none; padding: 2px 8px; border-radius: 4px; font-size: 0.8em;"">View Post</a>",2,"heabnn",2025-05-01 12:39:53,7,2514,80,0,5,"Jubal in the morning radio programBrooke and Jubal #trenting #fyp #dateupdate #brookeandjubal #phonecall #jubalfresho #seconddateupdate #seconddates #seconddate #storytime #qua #storytime #entertainme "
"<a href=""https://www.tiktok.com/@heabnn/video/7499455848947944750"" target=""_blank"" class=""btn btn-sm"" style=""background-color: #00926c; color: white; text-decoration: none; padding: 2px 8px; border-radius: 4px; font-size: 0.8em;"">View Post</a>",2,"heabnn",2025-05-01 12:40:11,7,1939,89,0,0,"Jubal in the morning radio programBrooke and Jubal #trenting #fyp #dateupdate #brookeandjubal #phonecall #jubalfresho #seconddateupdate #seconddates #seconddate #storytime #qua #storytime #entertainme "
"<a href=""https://www.tiktok.com/@dvhf131/video/7499456303782300958"" target=""_blank"" class=""btn btn-sm"" style=""background-color: #00926c; color: white; text-decoration: none; padding: 2px 8px; border-radius: 4px; font-size: 0.8em;"">View Post</a>",2,"dvhf131",2025-05-01 12:41:23,7,111737,1941,26,81,"Jubal in the morning radio programBrooke and Jubal #trenting #fyp #dateupdate #brookeandjubal #phonecall #jubalfresho #seconddateupdate #seconddates #seconddate #storytime #qua #storytime #entertainme "
"<a href=""https://www.tiktok.com/@nlohggce39/video/7499518618837880110"" target=""_blank"" class=""btn btn-sm"" style=""background-color: #00926c; color: white; text-decoration: none; padding: 2px 8px; border-radius: 4px; font-size: 0.8em;"">View Post</a>",1,"nlohggce39",2025-05-01 16:43:33,2,1202,90,1,0,"Jubal in the morning radio program""Brooke and Jubal"" #trenting #fyp#dateupdate #brookeandjubal#phonecall #jubalfresho #seconddateupdate #seconddates#seconddate #storytime #qua#storytime #entertainment #textstory #tumbir #fyp #reddit#ttiktokusa #fypシ゚viral #fypage#faskreddit#ubalfresho#tthejubalshow"
"<a href=""https://www.tiktok.com/@noihggg66/video/7499518466420935979"" target=""_blank"" class=""btn btn-sm"" style=""background-color: #00926c; color: white; text-decoration: none; padding: 2px 8px; border-radius: 4px; font-size: 0.8em;"">View Post</a>",1,"noihggg66",2025-05-01 16:42:54,2,9620,152,3,1,"Jubal in the morning radio program""Brooke and Jubal"" #trenting #fyp#dateupdate #brookeandjubal#phonecall #jubalfresho #seconddateupdate #seconddates#seconddate #storytime #qua#storytime #entertainment #textstory #tumbir #fyp #reddit#ttiktokusa #fypシ゚viral #fypage#faskreddit#ubalfresho#tthejubalshow"
"<a href=""https://www.tiktok.com/@hzbdbrb737hdh/video/7499518335911005482"" target=""_blank"" class=""btn btn-sm"" style=""background-color: #00926c; color: white; text-decoration: none; padding: 2px 8px; border-radius: 4px; font-size: 0.8em;"">View Post</a>",1,"hzbdbrb737hdh",2025-05-01 16:42:12,2,1486,181,2,0,"Jubal in the morning radio program""Brooke and Jubal"" #trenting #fyp#dateupdate #brookeandjubal#phonecall #jubalfresho #seconddateupdate #seconddates#seconddate #storytime #qua#storytime #entertainment #textstory #tumbir #fyp #reddit#ttiktokusa #fypシ゚viral #fypage#faskreddit#ubalfresho#tthejubalshow"
"<a href=""https://www.tiktok.com/@nlohggce39/video/7499517412832726318"" target=""_blank"" class=""btn btn-sm"" style=""background-color: #00926c; color: white; text-decoration: none; padding: 2px 8px; border-radius: 4px; font-size: 0.8em;"">View Post</a>",1,"nlohggce39",2025-05-01 16:38:26,2,823,65,1,0,"Jubal in the morning radio program""Brooke and Jubal"" #trenting #fyp#dateupdate #brookeandjubal#phonecall #jubalfresho #seconddateupdate #seconddates#seconddate #storytime #qua#storytime #entertainment #textstory #tumbir #fyp #reddit#ttiktokusa #fypシ゚viral #fypage#faskreddit#ubalfresho#tthejubalshow"
"<a href=""https://www.tiktok.com/@noihggg66/video/7499517181219212590"" target=""_blank"" class=""btn btn-sm"" style=""background-color: #00926c; color: white; text-decoration: none; padding: 2px 8px; border-radius: 4px; font-size: 0.8em;"">View Post</a>",1,"noihggg66",2025-05-01 16:37:40,2,47585,550,17,7,"Jubal in the morning radio program""Brooke and Jubal"" #trenting #fyp#dateupdate #brookeandjubal#phonecall #jubalfresho #seconddateupdate #seconddates#seconddate #storytime #qua#storytime #entertainment #textstory #tumbir #fyp #reddit#ttiktokusa #fypシ゚viral #fypage#faskreddit#ubalfresho#tthejubalshow"
"<a href=""https://www.tiktok.com/@hzbdbrb737hdh/video/7499516959965449514"" target=""_blank"" class=""btn btn-sm"" style=""background-color: #00926c; color: white; text-decoration: none; padding: 2px 8px; border-radius: 4px; font-size: 0.8em;"">View Post</a>",1,"hzbdbrb737hdh",2025-05-01 16:36:58,2,1862,170,2,2,"Jubal in the morning radio program""Brooke and Jubal"" #trenting #fyp#dateupdate #brookeandjubal#phonecall #jubalfresho #seconddateupdate #seconddates#seconddate #storytime #qua#storytime #entertainment #textstory #tumbir #fyp #reddit#ttiktokusa #fypシ゚viral #fypage#faskreddit#ubalfresho#tthejubalshow"
"<a href=""https://www.tiktok.com/@noihggg66/video/7499515317501037870"" target=""_blank"" class=""btn btn-sm"" style=""background-color: #00926c; color: white; text-decoration: none; padding: 2px 8px; border-radius: 4px; font-size: 0.8em;"">View Post</a>",1,"noihggg66",2025-05-01 16:30:27,2,549914,45973,104,171,"Jubal in the morning radio program""Brooke and Jubal"" #trenting #fyp#dateupdate #brookeandjubal#phonecall #jubalfresho #seconddateupdate #seconddates#seconddate #storytime #qua#storytime #entertainment #textstory #tumbir #fyp #reddit#ttiktokusa #fypシ゚viral #fypage#faskreddit#ubalfresho#tthejubalshow"
"<a href=""https://www.tiktok.com/@hzbdbrb737hdh/video/7499515263990238506"" target=""_blank"" class=""btn btn-sm"" style=""background-color: #00926c; color: white; text-decoration: none; padding: 2px 8px; border-radius: 4px; font-size: 0.8em;"">View Post</a>",1,"hzbdbrb737hdh",2025-05-01 16:29:41,2,2942,237,8,0,"Jubal in the morning radio program""Brooke and Jubal"" #trenting #fyp#dateupdate #brookeandjubal#phonecall #jubalfresho #seconddateupdate #seconddates#seconddate #storytime #qua#storytime #entertainment #textstory #tumbir #fyp #reddit#ttiktokusa #fypシ゚viral #fypage#faskreddit#ubalfresho#tthejubalshow"
"<a href=""https://www.tiktok.com/@nlohggce39/video/7499515144519699758"" target=""_blank"" class=""btn btn-sm"" style=""background-color: #00926c; color: white; text-decoration: none; padding: 2px 8px; border-radius: 4px; font-size: 0.8em;"">View Post</a>",1,"nlohggce39",2025-05-01 16:29:52,2,1023,88,0,1,"Jubal in the morning radio program""Brooke and Jubal"" #trenting #fyp#dateupdate #brookeandjubal#phonecall #jubalfresho #seconddateupdate #seconddates#seconddate #storytime #qua#storytime #entertainment #textstory #tumbir #fyp #reddit#ttiktokusa #fypシ゚viral #fypage#faskreddit#ubalfresho#tthejubalshow"
"<a href=""https://www.tiktok.com/@noihggg66/video/7499517181219212590"" target=""_blank"" class=""btn btn-sm"" style=""background-color: #00926c; color: white; text-decoration: none; padding: 2px 8px; border-radius: 4px; font-size: 0.8em;"">View Post</a>",1,"noihggg66",2025-05-01 16:37:40,2,47588,550,17,7,"Jubal in the morning radio program""Brooke and Jubal"" #trenting #fyp#dateupdate #brookeandjubal#phonecall #jubalfresho #seconddateupdate #seconddates#seconddate #storytime #qua#storytime #entertainment #textstory #tumbir #fyp #reddit#ttiktokusa #fypシ゚viral #fypage#faskreddit#ubalfresho#tthejubalshow"
"<a href=""https://www.tiktok.com/@noihggg66/video/7499515317501037870"" target=""_blank"" class=""btn btn-sm"" style=""background-color: #00926c; color: white; text-decoration: none; padding: 2px 8px; border-radius: 4px; font-size: 0.8em;"">View Post</a>",1,"noihggg66",2025-05-01 16:30:27,2,549930,45973,104,171,"Jubal in the morning radio program""Brooke and Jubal"" #trenting #fyp#dateupdate #brookeandjubal#phonecall #jubalfresho #seconddateupdate #seconddates#seconddate #storytime #qua#storytime #entertainment #textstory #tumbir #fyp #reddit#ttiktokusa #fypシ゚viral #fypage#faskreddit#ubalfresho#tthejubalshow"
"<a href=""https://www.tiktok.com/@user1045942439949/video/7498617155517254943"" target=""_blank"" class=""btn btn-sm"" style=""background-color: #00926c; color: white; text-decoration: none; padding: 2px 8px; border-radius: 4px; font-size: 0.8em;"">View Post</a>",3,"user1045942439949",2025-04-29 06:24:37,1,13032,106,0,4,"SecondDateUpdate
 Part（2/1）1Jubalinthemorningradio
 program""BrookeandJubal""#trenting#fyp#dateupdate#brookeandjubal
 #phonecall#jubalfresho
 #seconddateupdate#seconddates#part1
 #seconddate#storytime#qua#storytime#entertainment#textstory#tumbir#fyp#reddit#tiktokusa#fyp*°viral
 #fypage#askreddit#seconddateupdate#brookandjubal#secondchance#radioshow#datenight#story#storytime#fyp#foryoup"
"<a href=""https://www.tiktok.com/@tdiifhr/video/7498617143639084334"" target=""_blank"" class=""btn btn-sm"" style=""background-color: #00926c; color: white; text-decoration: none; padding: 2px 8px; border-radius: 4px; font-size: 0.8em;"">View Post</a>",3,"tdiifhr",2025-04-29 06:24:34,1,94776,1756,20,30,"SecondDateUpdate
 Part（2/1）1Jubalinthemorningradio
 program""BrookeandJubal""#trenting#fyp#dateupdate#brookeandjubal
 #phonecall#jubalfresho
 #seconddateupdate#seconddates#part1
 #seconddate#storytime#qua#storytime#entertainment#textstory#tumbir#fyp#reddit#tiktokusa#fyp*°viral
 #fypage#askreddit#seconddateupdate#brookandjubal#secondchance#radioshow#datenight#story#storytime#fyp#foryoup"
"<a href=""https://www.tiktok.com/@user1045942439949/video/7498617155517254943"" target=""_blank"" class=""btn btn-sm"" style=""background-color: #00926c; color: white; text-decoration: none; padding: 2px 8px; border-radius: 4px; font-size: 0.8em;"">View Post</a>",3,"user1045942439949",2025-04-29 06:24:37,1,0,0,0,0,"SecondDateUpdate
 Part（2/1）1Jubalinthemorningradio
 program""BrookeandJubal""#trenting#fyp#dateupdate#brookeandjubal
 #phonecall#jubalfresho
 #seconddateupdate#seconddates#part1
 #seconddate#storytime#qua#storytime#entertainment#textstory#tumbir#fyp#reddit#tiktokusa#fyp*°viral
 #fypage#askreddit#seconddateupdate#brookandjubal#secondchance#radioshow#datenight#story#storytime#fyp#foryoup"
"<a href=""https://www.tiktok.com/@tdiifhr/video/7498617143639084334"" target=""_blank"" class=""btn btn-sm"" style=""background-color: #00926c; color: white; text-decoration: none; padding: 2px 8px; border-radius: 4px; font-size: 0.8em;"">View Post</a>",3,"tdiifhr",2025-04-29 06:24:34,1,0,0,20,0,"SecondDateUpdate
 Part（2/1）1Jubalinthemorningradio
 program""BrookeandJubal""#trenting#fyp#dateupdate#brookeandjubal
 #phonecall#jubalfresho
 #seconddateupdate#seconddates#part1
 #seconddate#storytime#qua#storytime#entertainment#textstory#tumbir#fyp#reddit#tiktokusa#fyp*°viral
 #fypage#askreddit#seconddateupdate#brookandjubal#secondchance#radioshow#datenight#story#storytime#fyp#foryoup"
"<a href=""https://www.tiktok.com/@tdiifhr/video/7498617143639084334"" target=""_blank"" class=""btn btn-sm"" style=""background-color: #00926c; color: white; text-decoration: none; padding: 2px 8px; border-radius: 4px; font-size: 0.8em;"">View Post</a>",3,"tdiifhr",2025-04-29 06:24:34,1,94777,1756,20,30,"SecondDateUpdate
 Part（2/1）1Jubalinthemorningradio
 program""BrookeandJubal""#trenting#fyp#dateupdate#brookeandjubal
 #phonecall#jubalfresho
 #seconddateupdate#seconddates#part1
 #seconddate#storytime#qua#storytime#entertainment#textstory#tumbir#fyp#reddit#tiktokusa#fyp*°viral
 #fypage#askreddit#seconddateupdate#brookandjubal#secondchance#radioshow#datenight#story#storytime#fyp#foryoup"
"<a href=""https://www.tiktok.com/@haogemener/video/7499354014375480618"" target=""_blank"" class=""btn btn-sm"" style=""background-color: #00926c; color: white; text-decoration: none; padding: 2px 8px; border-radius: 4px; font-size: 0.8em;"">View Post</a>",4,"haogemener",2025-05-01 06:05:18,1,2062,73,4,1,"JubalinthemorningradioprogramBrookeandJubal#trenting#fyp#dateupdate#brookeandjubal#phonecall#jubalfresho#seconddateupdate#seconddates#seconddate#storytime#qua#storytime#entertainm "
"<a href=""https://www.tiktok.com/@haogemener/video/7499353898365422894"" target=""_blank"" class=""btn btn-sm"" style=""background-color: #00926c; color: white; text-decoration: none; padding: 2px 8px; border-radius: 4px; font-size: 0.8em;"">View Post</a>",4,"haogemener",2025-05-01 06:04:52,1,75504,1165,26,10,"JubalinthemorningradioprogramBrookeandJubal#trenting#fyp#dateupdate#brookeandjubal#phonecall#jubalfresho#seconddateupdate#seconddates#seconddate#storytime#qua#storytime#entertainm "
"<a href=""https://www.tiktok.com/@lucky.kkkkkkkk1/video/7499353852739652894"" target=""_blank"" class=""btn btn-sm"" style=""background-color: #00926c; color: white; text-decoration: none; padding: 2px 8px; border-radius: 4px; font-size: 0.8em;"">View Post</a>",4,"lucky.kkkkkkkk1",2025-05-01 06:04:15,1,1020,21,2,0,"JubalinthemorningradioprogramBrookeandJubal#trenting#fyp#dateupdate#brookeandjubal#phonecall#jubalfresho#seconddateupdate#seconddates#seconddate#storytime#qua#storytime#entertainm "
"<a href=""https://www.tiktok.com/@lucky.kkkkkkkk1/video/7499353722175098142"" target=""_blank"" class=""btn btn-sm"" style=""background-color: #00926c; color: white; text-decoration: none; padding: 2px 8px; border-radius: 4px; font-size: 0.8em;"">View Post</a>",4,"lucky.kkkkkkkk1",2025-05-01 06:03:36,1,1063,42,0,0,"JubalinthemorningradioprogramBrookeandJubal#trenting#fyp#dateupdate#brookeandjubal#phonecall#jubalfresho#seconddateupdate#seconddates#seconddate#storytime#qua#storytime#entertainm "
"<a href=""https://www.tiktok.com/@haogemener/video/7499353898365422894"" target=""_blank"" class=""btn btn-sm"" style=""background-color: #00926c; color: white; text-decoration: none; padding: 2px 8px; border-radius: 4px; font-size: 0.8em;"">View Post</a>",4,"haogemener",2025-05-01 06:04:52,1,75509,1165,26,10,"JubalinthemorningradioprogramBrookeandJubal#trenting#fyp#dateupdate#brookeandjubal#phonecall#jubalfresho#seconddateupdate#seconddates#seconddate#storytime#qua#storytime#entertainm "
"<a href=""https://www.tiktok.com/@user6922385284275/video/7499369841866870046"" target=""_blank"" class=""btn btn-sm"" style=""background-color: #00926c; color: white; text-decoration: none; padding: 2px 8px; border-radius: 4px; font-size: 0.8em;"">View Post</a>",5,"user6922385284275",2025-05-01 07:06:18,1,1017,47,1,1,"Jubalinthemorningradioprogram""BrookeandJubal""#trenting#fyp#dateupdate#brookeandjubal#phonecall#jubalfresho #seconddateupdate#seconddates#seconddate#storytime#qua #storytime#entertainment #textstory#tumbir#fyp#reddit#tiktokusa#fypシviral#fypage#askreddit#fypジviral#fyp#fov#foryoupage#fup#fy#christmas"
"<a href=""https://www.tiktok.com/@fughf21/video/7499369805456149791"" target=""_blank"" class=""btn btn-sm"" style=""background-color: #00926c; color: white; text-decoration: none; padding: 2px 8px; border-radius: 4px; font-size: 0.8em;"">View Post</a>",5,"fughf21",2025-05-01 07:06:07,1,17946,270,23,2,"Jubalinthemorningradioprogram""BrookeandJubal""#trenting#fyp#dateupdate#brookeandjubal#phonecall#jubalfresho #seconddateupdate#seconddates#seconddate#storytime#qua #storytime#entertainment #textstory#tumbir#fyp#reddit#tiktokusa#fypシviral#fypage#askreddit#fypジviral#fyp#fov#foryoupage#fup#fy#christmas"
"<a href=""https://www.tiktok.com/@user6922385284275/video/7499369767774522655"" target=""_blank"" class=""btn btn-sm"" style=""background-color: #00926c; color: white; text-decoration: none; padding: 2px 8px; border-radius: 4px; font-size: 0.8em;"">View Post</a>",5,"user6922385284275",2025-05-01 07:06:16,1,1034,76,0,2,"Jubalinthemorningradioprogram""BrookeandJubal""#trenting#fyp#dateupdate#brookeandjubal#phonecall#jubalfresho #seconddateupdate#seconddates#seconddate#storytime#qua #storytime#entertainment #textstory#tumbir#fyp#reddit#tiktokusa#fypシviral#fypage#askreddit#fypジviral#fyp#fov#foryoupage#fup#fy#christmas"
"<a href=""https://www.tiktok.com/@hdifhg5/video/7499369766713543982"" target=""_blank"" class=""btn btn-sm"" style=""background-color: #00926c; color: white; text-decoration: none; padding: 2px 8px; border-radius: 4px; font-size: 0.8em;"">View Post</a>",5,"hdifhg5",2025-05-01 07:06:41,1,654,27,3,0,"Jubalinthemorningradioprogram""BrookeandJubal""#trenting#fyp#dateupdate#brookeandjubal#phonecall#jubalfresho #seconddateupdate#seconddates#seconddate#storytime#qua #storytime#entertainment #textstory#tumbir#fyp#reddit#tiktokusa#fypシviral#fypage#askreddit#fypジviral#fyp#fov#foryoupage#fup#fy#christmas"
"<a href=""https://www.tiktok.com/@fughf21/video/7499369738783477023"" target=""_blank"" class=""btn btn-sm"" style=""background-color: #00926c; color: white; text-decoration: none; padding: 2px 8px; border-radius: 4px; font-size: 0.8em;"">View Post</a>",5,"fughf21",2025-05-01 07:06:06,1,242129,6458,127,120,"Jubalinthemorningradioprogram""BrookeandJubal""#trenting#fyp#dateupdate#brookeandjubal#phonecall#jubalfresho #seconddateupdate#seconddates#seconddate#storytime#qua #storytime#entertainment #textstory#tumbir#fyp#reddit#tiktokusa#fypシviral#fypage#askreddit#fypジviral#fyp#fov#foryoupage#fup#fy#christmas"
"<a href=""https://www.tiktok.com/@jfufrehcdh/video/7499369640439827758"" target=""_blank"" class=""btn btn-sm"" style=""background-color: #00926c; color: white; text-decoration: none; padding: 2px 8px; border-radius: 4px; font-size: 0.8em;"">View Post</a>",5,"jfufrehcdh",2025-05-01 07:06:26,1,399,34,0,0,"Jubalinthemorningradioprogram""BrookeandJubal""#trenting#fyp#dateupdate#brookeandjubal#phonecall#jubalfresho #seconddateupdate#seconddates#seconddate#storytime#qua #storytime#entertainment #textstory#tumbir#fyp#reddit#tiktokusa#fypシviral#fypage#askreddit#fypジviral#fyp#fov#foryoupage#fup#fy#christmas"
"<a href=""https://www.tiktok.com/@fdijc3/video/7499369581522341166"" target=""_blank"" class=""btn btn-sm"" style=""background-color: #00926c; color: white; text-decoration: none; padding: 2px 8px; border-radius: 4px; font-size: 0.8em;"">View Post</a>",5,"fdijc3",2025-05-01 07:06:17,1,1015,60,0,0,"Jubalinthemorningradioprogram""BrookeandJubal""#trenting#fyp#dateupdate#brookeandjubal#phonecall#jubalfresho #seconddateupdate#seconddates#seconddate#storytime#qua #storytime#entertainment #textstory#tumbir#fyp#reddit#tiktokusa#fypシviral#fypage#askreddit#fypジviral#fyp#fov#foryoupage#fup#fy#christmas"
"<a href=""https://www.tiktok.com/@hdidhdje5/video/7499369542120967454"" target=""_blank"" class=""btn btn-sm"" style=""background-color: #00926c; color: white; text-decoration: none; padding: 2px 8px; border-radius: 4px; font-size: 0.8em;"">View Post</a>",5,"hdidhdje5",2025-05-01 07:05:19,1,64,2,0,0,"Jubalinthemorningradioprogram""BrookeandJubal""#trenting#fyp#dateupdate#brookeandjubal#phonecall#jubalfresho #seconddateupdate#seconddates#seconddate#storytime#qua #storytime#entertainment #textstory#tumbir#fyp#reddit#tiktokusa#fypシviral#fypage#askreddit#fypジviral#fyp#fov#foryoupage#fup#fy#christmas"
"<a href=""https://www.tiktok.com/@hdidhdje5/video/7499369537205259550"" target=""_blank"" class=""btn btn-sm"" style=""background-color: #00926c; color: white; text-decoration: none; padding: 2px 8px; border-radius: 4px; font-size: 0.8em;"">View Post</a>",5,"hdidhdje5",2025-05-01 07:05:20,1,918,56,1,0,"Jubalinthemorningradioprogram""BrookeandJubal""#trenting#fyp#dateupdate#brookeandjubal#phonecall#jubalfresho #seconddateupdate#seconddates#seconddate#storytime#qua #storytime#entertainment #textstory#tumbir#fyp#reddit#tiktokusa#fypシviral#fypage#askreddit#fypジviral#fyp#fov#foryoupage#fup#fy#christmas"
"<a href=""https://www.tiktok.com/@fdijc3/video/7499369525524253998"" target=""_blank"" class=""btn btn-sm"" style=""background-color: #00926c; color: white; text-decoration: none; padding: 2px 8px; border-radius: 4px; font-size: 0.8em;"">View Post</a>",5,"fdijc3",2025-05-01 07:06:37,1,2942,108,0,1,"Jubalinthemorningradioprogram""BrookeandJubal""#trenting#fyp#dateupdate#brookeandjubal#phonecall#jubalfresho #seconddateupdate#seconddates#seconddate#storytime#qua #storytime#entertainment #textstory#tumbir#fyp#reddit#tiktokusa#fypシviral#fypage#askreddit#fypジviral#fyp#fov#foryoupage#fup#fy#christmas"
"<a href=""https://www.tiktok.com/@hdifhg5/video/7499369360675376430"" target=""_blank"" class=""btn btn-sm"" style=""background-color: #00926c; color: white; text-decoration: none; padding: 2px 8px; border-radius: 4px; font-size: 0.8em;"">View Post</a>",5,"hdifhg5",2025-05-01 07:05:05,1,1018,37,1,0,"Jubalinthemorningradioprogram""BrookeandJubal""#trenting#fyp#dateupdate#brookeandjubal#phonecall#jubalfresho #seconddateupdate#seconddates#seconddate#storytime#qua #storytime#entertainment #textstory#tumbir#fyp#reddit#tiktokusa#fypシviral#fypage#askreddit#fypジviral#fyp#fov#foryoupage#fup#fy#christmas"
"<a href=""https://www.tiktok.com/@jdpdosj/video/7499369360436383006"" target=""_blank"" class=""btn btn-sm"" style=""background-color: #00926c; color: white; text-decoration: none; padding: 2px 8px; border-radius: 4px; font-size: 0.8em;"">View Post</a>",5,"jdpdosj",2025-05-01 07:04:57,1,210,24,0,0,"Jubalinthemorningradioprogram""BrookeandJubal""#trenting#fyp#dateupdate#brookeandjubal#phonecall#jubalfresho #seconddateupdate#seconddates#seconddate#storytime#qua #storytime#entertainment #textstory#tumbir#fyp#reddit#tiktokusa#fypシviral#fypage#askreddit#fypジviral#fyp#fov#foryoupage#fup#fy#christmas"
"<a href=""https://www.tiktok.com/@jfufrehcdh/video/7499369322926640426"" target=""_blank"" class=""btn btn-sm"" style=""background-color: #00926c; color: white; text-decoration: none; padding: 2px 8px; border-radius: 4px; font-size: 0.8em;"">View Post</a>",5,"jfufrehcdh",2025-05-01 07:05:41,1,359,10,0,0,"Jubalinthemorningradioprogram""BrookeandJubal""#trenting#fyp#dateupdate#brookeandjubal#phonecall#jubalfresho #seconddateupdate#seconddates#seconddate#storytime#qua #storytime#entertainment #textstory#tumbir#fyp#reddit#tiktokusa#fypシviral#fypage#askreddit#fypジviral#fyp#fov#foryoupage#fup#fy#christmas"
"<a href=""https://www.tiktok.com/@jdpdosj/video/7499369271512894750"" target=""_blank"" class=""btn btn-sm"" style=""background-color: #00926c; color: white; text-decoration: none; padding: 2px 8px; border-radius: 4px; font-size: 0.8em;"">View Post</a>",5,"jdpdosj",2025-05-01 07:04:23,1,4681,126,0,0,"Jubalinthemorningradioprogram""BrookeandJubal""#trenting#fyp#dateupdate#brookeandjubal#phonecall#jubalfresho #seconddateupdate#seconddates#seconddate#storytime#qua #storytime#entertainment #textstory#tumbir#fyp#reddit#tiktokusa#fypシviral#fypage#askreddit#fypジviral#fyp#fov#foryoupage#fup#fy#christmas"
"<a href=""https://www.tiktok.com/@fughf21/video/7499369738783477023"" target=""_blank"" class=""btn btn-sm"" style=""background-color: #00926c; color: white; text-decoration: none; padding: 2px 8px; border-radius: 4px; font-size: 0.8em;"">View Post</a>",5,"fughf21",2025-05-01 07:06:06,1,242144,6458,127,120,"Jubalinthemorningradioprogram""BrookeandJubal""#trenting#fyp#dateupdate#brookeandjubal#phonecall#jubalfresho #seconddateupdate#seconddates#seconddate#storytime#qua #storytime#entertainment #textstory#tumbir#fyp#reddit#tiktokusa#fypシviral#fypage#askreddit#fypジviral#fyp#fov#foryoupage#fup#fy#christmas"
