"Account","Network","Unique Shares","Avg Time Between Shares (sec)","Edge Symmetry Score","Degree","Strength","Betweenness","Avg Views","Avg Likes","Avg Comments","Avg Shares"
"<a href=""https://tiktok.com/@dvhf131"" target=""_blank"">@dvhf131</a>",2,2,44.375,1,9,54,0.12,76147.333,1309.333,19,54
"<a href=""https://tiktok.com/@fdijc3"" target=""_blank"">@fdijc3</a>",5,2,20.667,1,1,6,0,1978.5,84,0,0.5
"<a href=""https://tiktok.com/@fughf21"" target=""_blank"">@fughf21</a>",5,2,39.167,1,6,36,0.05,167406.333,4395.333,92.333,80.667
"<a href=""https://tiktok.com/@haogemener"" target=""_blank"">@haogemener</a>",4,2,65.167,1,1,6,0,51025,801,18.667,7
"<a href=""https://tiktok.com/@hdidhdje5"" target=""_blank"">@hdidhdje5</a>",5,2,46.833,1,1,6,0,491,29,0.5,0
"<a href=""https://tiktok.com/@hdifhg5"" target=""_blank"">@hdifhg5</a>",5,2,48,1,1,6,0,836,32,2,0
"<a href=""https://tiktok.com/@heabnn"" target=""_blank"">@heabnn</a>",2,2,88.333,1,1,6,0,2226.5,84.5,0,2.5
"<a href=""https://tiktok.com/@hsosuehwkw"" target=""_blank"">@hsosuehwkw</a>",2,2,43.667,1,1,6,0,1721,52.5,0,1
"<a href=""https://tiktok.com/@hzbdbrb737hdh"" target=""_blank"">@hzbdbrb737hdh</a>",1,3,43.6,1,1,5,0,2096.667,196,4,0.667
"<a href=""https://tiktok.com/@jdpdosj"" target=""_blank"">@jdpdosj</a>",5,2,86.333,1,1,6,0,2445.5,75,0,0
"<a href=""https://tiktok.com/@jeodhxbf"" target=""_blank"">@jeodhxbf</a>",2,2,55.167,1,1,6,0,1321,31,0,0
"<a href=""https://tiktok.com/@jerome.halaby"" target=""_blank"">@jerome.halaby</a>",6,3,90.4,1,1,5,0,984.125,58.5,0.25,0.625
"<a href=""https://tiktok.com/@jfufrehcdh"" target=""_blank"">@jfufrehcdh</a>",5,2,22.5,1,1,6,0,379,22,0,0
"<a href=""https://tiktok.com/@lsoshd7"" target=""_blank"">@lsoshd7</a>",2,2,48.667,1,1,6,0,2698,39,1,0.5
"<a href=""https://tiktok.com/@lucky.kkkkkkkk1"" target=""_blank"">@lucky.kkkkkkkk1</a>",4,2,65.167,1,1,6,0,1041.5,31.5,1,0
"<a href=""https://tiktok.com/@nlohggce39"" target=""_blank"">@nlohggce39</a>",1,3,40.2,1,1,5,0,1016,81,0.667,0.333
"<a href=""https://tiktok.com/@noihggg66"" target=""_blank"">@noihggg66</a>",1,3,41.9,1,2,10,0.003,240927.4,18639.6,49,71.4
"<a href=""https://tiktok.com/@peppy.marv"" target=""_blank"">@peppy.marv</a>",6,2,90.4,1,1,5,0,827.75,26,0,0
"<a href=""https://tiktok.com/@sfghh902"" target=""_blank"">@sfghh902</a>",2,2,35.5,1,1,6,0,1029.5,42,2,0.5
"<a href=""https://tiktok.com/@tdiifhr"" target=""_blank"">@tdiifhr</a>",3,1,3,1,1,6,0,63184.333,1170.667,20,20
"<a href=""https://tiktok.com/@uakakan"" target=""_blank"">@uakakan</a>",2,2,28.5,1,1,6,0,902.5,54.5,1.5,1.5
"<a href=""https://tiktok.com/@user1045942439949"" target=""_blank"">@user1045942439949</a>",3,1,3,1,1,6,0,6516,53,0,2
"<a href=""https://tiktok.com/@user3426139860009"" target=""_blank"">@user3426139860009</a>",2,2,30,1,1,6,0,2747.5,94,1.5,1
"<a href=""https://tiktok.com/@user3681487261741"" target=""_blank"">@user3681487261741</a>",2,2,25.167,1,1,6,0,807.5,28.5,0,0.5
"<a href=""https://tiktok.com/@user6922385284275"" target=""_blank"">@user6922385284275</a>",5,2,10.667,1,1,6,0,1025.5,61.5,0.5,1.5
"<a href=""https://tiktok.com/@zasha.bell"" target=""_blank"">@zasha.bell</a>",2,2,35.5,1,1,6,0,16158.5,44.5,1,2.5
