"Network","Number of Accounts","Network Density","Network Diameter","Clustering Coefficient","Avg Views","Avg Likes","Avg Comments","Avg Shares","Member Accounts"
1,3,0.667,10,0,110361.364,8548.091,23.545,32.727,"nlohggce39, hzbdbrb737hdh, noihggg66"
2,10,0.2,12,0,13698.381,231.857,3.381,8.667,"lsoshd7, sfghh902, uakakan, jeodhxbf, hsosuehwkw, user3426139860009, dvhf131, user3681487261741, heabnn, zasha.bell"
3,2,1,6,NA,40517,723.6,12,12.8,"tdiifhr, user1045942439949"
4,2,1,6,NA,31031.6,493.2,11.6,4.2,"haogemener, lucky.kkkkkkkk1"
5,7,0.286,12,0,34435.333,919.533,18.867,16.4,"fughf21, hdifhg5, jfufrehcdh, fdijc3, hdidhdje5, jdpdosj, user6922385284275"
6,2,1,5,NA,932,47.667,0.167,0.417,"jerome.halaby, peppy.marv"
