"Account","Network","Unique Shares","Avg Time Between Shares (sec)","Edge Symmetry Score","Degree","Strength","Betweenness","Avg Views","Avg Likes","Avg Comments","Avg Shares"
"<a href=""https://tiktok.com/@67037cd7"" target=""_blank"">@67037cd7</a>",14,9,38.256,0.939,3,51,0.001,230.778,3.556,0.556,0.111
"<a href=""https://tiktok.com/@bfggy8"" target=""_blank"">@bfggy8</a>",12,11,75.896,0.889,2,46,0.001,1026.273,7.545,0,0.091
"<a href=""https://tiktok.com/@bgnk392"" target=""_blank"">@bgnk392</a>",9,12,42.251,0.938,2,56,0,967.5,12,0.167,0.417
"<a href=""https://tiktok.com/@burnellmackintosh1994"" target=""_blank"">@burnellmackintosh1994</a>",6,15,29.806,0.895,1,31,0,52604.63,869.848,2.848,7.652
"<a href=""https://tiktok.com/@djidfnnf4"" target=""_blank"">@djidfnnf4</a>",11,11,63.473,0.931,3,65,0,897.909,13.636,0.182,1.455
"<a href=""https://tiktok.com/@dy4rje4h21e0"" target=""_blank"">@dy4rje4h21e0</a>",14,9,32.744,0.909,2,37,0,232.444,2.778,0.111,0
"<a href=""https://tiktok.com/@ferdinandbecky1017"" target=""_blank"">@ferdinandbecky1017</a>",7,11,49.294,0.846,1,17,0,888.2,17.467,0,0
"<a href=""https://tiktok.com/@fyi.dkdn"" target=""_blank"">@fyi.dkdn</a>",10,9,57.043,1,3,72,0,919.778,13,0.778,0
"<a href=""https://tiktok.com/@ghij764"" target=""_blank"">@ghij764</a>",9,9,37.163,0.95,2,31,0.003,738.889,14.556,0.111,0.444
"<a href=""https://tiktok.com/@jennamillereh26e"" target=""_blank"">@jennamillereh26e</a>",3,32,30.202,1,1,336,0,2401.613,22.938,0.075,0.15
"<a href=""https://tiktok.com/@josephwalker6990"" target=""_blank"">@josephwalker6990</a>",7,9,49.294,0.846,1,17,0,1887.846,33.231,0,0.308
"<a href=""https://tiktok.com/@joshuahorne1460"" target=""_blank"">@joshuahorne1460</a>",6,14,29.806,0.895,1,31,0,4058.038,84,0.077,0.654
"<a href=""https://tiktok.com/@kelaita3"" target=""_blank"">@kelaita3</a>",1,9,17.815,0.923,1,27,0,1804.889,14.444,0.111,0.556
"<a href=""https://tiktok.com/@kxhlqola6a363c"" target=""_blank"">@kxhlqola6a363c</a>",3,30,30.202,1,1,336,0,2347.946,23.459,0.054,0.095
"<a href=""https://tiktok.com/@liyi8875"" target=""_blank"">@liyi8875</a>",12,12,73.952,0.778,1,21,0,699.5,5.75,0.083,0.25
"<a href=""https://tiktok.com/@nitian2jue"" target=""_blank"">@nitian2jue</a>",1,9,17.815,0.923,1,27,0,1415.556,5.778,0,0.111
"<a href=""https://tiktok.com/@poofunny88"" target=""_blank"">@poofunny88</a>",5,5,0,0.833,1,15,0,2760,24.071,0.143,0.5
"<a href=""https://tiktok.com/@qcddc"" target=""_blank"">@qcddc</a>",13,9,55.071,0.898,3,61,0,404.667,4.111,0.222,0.222
"<a href=""https://tiktok.com/@sfu24xvv"" target=""_blank"">@sfu24xvv</a>",5,9,0,0.833,1,15,0,622.667,15.444,0.222,0.444
"<a href=""https://tiktok.com/@tfhjj48"" target=""_blank"">@tfhjj48</a>",13,9,46.609,0.868,3,53,0,721.889,13.444,0.556,0.333
"<a href=""https://tiktok.com/@user1588747994237"" target=""_blank"">@user1588747994237</a>",2,9,50.271,0.925,3,53,0.002,1251.778,33.556,0.111,0
"<a href=""https://tiktok.com/@user196977097874"" target=""_blank"">@user196977097874</a>",9,11,44.515,0.958,3,67,0.004,1046.455,11.909,0.091,0.273
"<a href=""https://tiktok.com/@user2191900675606"" target=""_blank"">@user2191900675606</a>",2,12,84.467,0.889,1,15,0,951.067,23.6,0,0.333
"<a href=""https://tiktok.com/@user227042611142"" target=""_blank"">@user227042611142</a>",4,5,47.1,0.889,2,30,0,922.2,11.2,0.2,0.8
"<a href=""https://tiktok.com/@user4492878751698"" target=""_blank"">@user4492878751698</a>",13,10,47.554,0.942,3,62,0,497.2,5.4,0.3,0.1
"<a href=""https://tiktok.com/@user4693204601113"" target=""_blank"">@user4693204601113</a>",9,6,38.125,0.9,1,16,0,994.833,10,0.5,0.167
"<a href=""https://tiktok.com/@user4911953984822"" target=""_blank"">@user4911953984822</a>",9,12,40.155,1,2,56,0,528,7.333,0,0.083
"<a href=""https://tiktok.com/@user4977217663053"" target=""_blank"">@user4977217663053</a>",11,8,58.794,0.972,3,56,0,1003,15.222,0.444,0.333
"<a href=""https://tiktok.com/@user5184400956930"" target=""_blank"">@user5184400956930</a>",14,6,40.233,1,2,30,0,86.167,0,0,0
"<a href=""https://tiktok.com/@user5227928573315"" target=""_blank"">@user5227928573315</a>",12,9,77.84,1,1,25,0,1285.667,11.444,0,0.333
"<a href=""https://tiktok.com/@user6000471181758"" target=""_blank"">@user6000471181758</a>",8,8,66.443,0.974,3,58,0,396,2.111,0.889,0
"<a href=""https://tiktok.com/@user6222824133704"" target=""_blank"">@user6222824133704</a>",2,12,57.908,0.862,3,63,0,1384.167,35.167,0,0.167
"<a href=""https://tiktok.com/@user6304840504157"" target=""_blank"">@user6304840504157</a>",10,9,61.636,1,3,72,0,893.444,11.333,0.333,0.333
"<a href=""https://tiktok.com/@user63137298611222"" target=""_blank"">@user63137298611222</a>",14,9,35.449,1,3,54,0,171.778,2.889,1.667,0
"<a href=""https://tiktok.com/@user6787669206738"" target=""_blank"">@user6787669206738</a>",2,12,49.636,0.958,2,39,0,1198.583,33.5,0,0.083
"<a href=""https://tiktok.com/@user7100365175214"" target=""_blank"">@user7100365175214</a>",8,9,70.861,1,3,71,0,966.111,8.778,1.333,0.111
"<a href=""https://tiktok.com/@user7412241516634"" target=""_blank"">@user7412241516634</a>",8,9,72.68,1,3,62,0,795.444,6.111,1,0.333
"<a href=""https://tiktok.com/@user758611909236"" target=""_blank"">@user758611909236</a>",13,9,45.061,0.972,3,60,0,545.778,14.667,0,0.333
"<a href=""https://tiktok.com/@user779129967322324"" target=""_blank"">@user779129967322324</a>",4,6,63.283,1,2,33,0,988.333,13,0.167,0.5
"<a href=""https://tiktok.com/@user7910082192187"" target=""_blank"">@user7910082192187</a>",2,10,62.911,0.844,3,52,0.003,1038.667,21.917,0,0.25
"<a href=""https://tiktok.com/@user94751766994351"" target=""_blank"">@user94751766994351</a>",4,6,45.317,0.889,2,33,0,587,10.833,0,0.333
"<a href=""https://tiktok.com/@yili11126"" target=""_blank"">@yili11126</a>",11,12,65.423,0.944,3,77,0,571,12.833,0.917,1.417
"<a href=""https://tiktok.com/@yili6480"" target=""_blank"">@yili6480</a>",10,6,60.148,1,3,54,0,872,17.333,0.333,0.167
"<a href=""https://tiktok.com/@yili68822"" target=""_blank"">@yili68822</a>",10,9,49.222,1,3,72,0,889.778,14.222,0.111,0
"<a href=""https://tiktok.com/@yili6885"" target=""_blank"">@yili6885</a>",11,12,61.4,0.903,3,72,0,997,11.833,1,0.667
"<a href=""https://tiktok.com/@yiyiyi824"" target=""_blank"">@yiyiyi824</a>",8,9,65.638,0.974,3,65,0,946.333,8.667,0.333,0.111
