"Account","Network","Unique Shares","Avg Time Between Shares (sec)","Edge Symmetry Score","Degree","Strength","Betweenness","Avg Views","Avg Likes","Avg Comments","Avg Shares"
"<a href=""https://tiktok.com/@281bsy"" target=""_blank"">@281bsy</a>",5,6,27.333,1,1,12,0,615.917,39.917,0.25,0.25
"<a href=""https://tiktok.com/@336per7"" target=""_blank"">@336per7</a>",5,7,13.667,1,5,48,0.002,1798.071,41.143,0.714,0
"<a href=""https://tiktok.com/@345bm8"" target=""_blank"">@345bm8</a>",5,3,0,1,4,36,0,650.667,21,0,0
"<a href=""https://tiktok.com/@361tui6"" target=""_blank"">@361tui6</a>",5,5,0,1,4,36,0,637.625,50.125,0,0.125
"<a href=""https://tiktok.com/@378fire2"" target=""_blank"">@378fire2</a>",5,3,0,1,4,36,0,489.667,41.333,0,0
"<a href=""https://tiktok.com/@aaqo8sth89"" target=""_blank"">@aaqo8sth89</a>",3,11,55.875,0.933,2,40,0,3358,85.733,0.867,0.267
"<a href=""https://tiktok.com/@aedvziocjc"" target=""_blank"">@aedvziocjc</a>",1,9,58.25,1,1,8,0,2541.556,110.556,0.778,0
"<a href=""https://tiktok.com/@auvningjixiang"" target=""_blank"">@auvningjixiang</a>",3,14,53.471,0.888,2,46,0,1121.429,76.5,0.643,0.643
"<a href=""https://tiktok.com/@bdjsxn6"" target=""_blank"">@bdjsxn6</a>",6,4,49.25,1,1,8,0,15252.286,122.571,1.714,3.714
"<a href=""https://tiktok.com/@brudo040"" target=""_blank"">@brudo040</a>",13,9,49.794,1,5,47,0.008,876.8,18.6,0.5,1.7
"<a href=""https://tiktok.com/@callum.stokes0"" target=""_blank"">@callum.stokes0</a>",8,3,55.671,0.933,6,52,0,294,10.667,0,1
"<a href=""https://tiktok.com/@celaf436"" target=""_blank"">@celaf436</a>",14,10,51.034,0.962,2,57,0,439.4,15,0,0.2
"<a href=""https://tiktok.com/@cheryl.pollice"" target=""_blank"">@cheryl.pollice</a>",9,3,87,1,1,8,0,8853.667,139,2,55.333
"<a href=""https://tiktok.com/@crusk361"" target=""_blank"">@crusk361</a>",13,8,36.505,1,4,32,0.012,351.625,18.375,0.25,2.25
"<a href=""https://tiktok.com/@danzi00116"" target=""_blank"">@danzi00116</a>",13,10,23.125,1,2,16,0.008,2920.8,13.2,0,0.5
"<a href=""https://tiktok.com/@darlineguerra7"" target=""_blank"">@darlineguerra7</a>",8,3,48.479,0.867,6,50,0.001,146,2.667,0,0
"<a href=""https://tiktok.com/@demetriusguerrero"" target=""_blank"">@demetriusguerrero</a>",8,3,52.6,0.88,5,42,0,166,7,0,0
"<a href=""https://tiktok.com/@elleigh.anton"" target=""_blank"">@elleigh.anton</a>",6,4,49.25,1,1,8,0,16894,136.167,0.5,1.167
"<a href=""https://tiktok.com/@facsimile5"" target=""_blank"">@facsimile5</a>",4,8,65.545,0.9,1,11,0,1785.25,92.917,1.667,0.5
"<a href=""https://tiktok.com/@fanqie0166"" target=""_blank"">@fanqie0166</a>",13,8,44.583,1,3,24,0.008,339.125,14.5,0.25,0.5
"<a href=""https://tiktok.com/@feimaotui0385"" target=""_blank"">@feimaotui0385</a>",13,8,52.69,1,6,57,0.004,7480.125,17.875,1.625,1.375
"<a href=""https://tiktok.com/@feitianmaotai0389"" target=""_blank"">@feitianmaotai0389</a>",15,10,58.795,0.969,4,53,0,6105.7,21.7,0,1.8
"<a href=""https://tiktok.com/@feuwi391"" target=""_blank"">@feuwi391</a>",13,6,42,1,1,8,0,209,6.25,0.25,0.75
"<a href=""https://tiktok.com/@ffbs18"" target=""_blank"">@ffbs18</a>",9,3,57.375,1,1,8,0,68.667,0.667,0,0.333
"<a href=""https://tiktok.com/@fhgxfty1"" target=""_blank"">@fhgxfty1</a>",8,3,43.711,0.92,5,45,0,489.333,26,0.333,3.333
"<a href=""https://tiktok.com/@fortiermaclaurin"" target=""_blank"">@fortiermaclaurin</a>",8,3,46.91,0.9,6,52,0,127.667,2,0,0
"<a href=""https://tiktok.com/@g4lkgggsn3"" target=""_blank"">@g4lkgggsn3</a>",3,14,53.596,0.888,2,46,0,987.133,59.933,0.2,0.067
"<a href=""https://tiktok.com/@gaobiantui0529"" target=""_blank"">@gaobiantui0529</a>",13,8,35,1,1,8,0,367.25,5.375,0,0
"<a href=""https://tiktok.com/@grusf218"" target=""_blank"">@grusf218</a>",15,10,54.051,0.934,4,58,0,1372,24.6,0.1,1.3
"<a href=""https://tiktok.com/@h_kp82"" target=""_blank"">@h_kp82</a>",13,9,68.5,1,1,8,0,2175.273,68.909,2.364,11.091
"<a href=""https://tiktok.com/@hanguodanren00530"" target=""_blank"">@hanguodanren00530</a>",13,8,54.25,1,3,24,0.014,23159.8,424.6,15.5,52.8
"<a href=""https://tiktok.com/@heipf273"" target=""_blank"">@heipf273</a>",15,7,54.847,0.905,3,32,0,7985.429,194,1,0.714
"<a href=""https://tiktok.com/@hfkvg76"" target=""_blank"">@hfkvg76</a>",13,7,45.433,0.958,4,38,0,615,19.571,0,1.143
"<a href=""https://tiktok.com/@hongshao0193"" target=""_blank"">@hongshao0193</a>",13,8,69.429,1,2,15,0.003,2032.875,6.375,0.125,0
"<a href=""https://tiktok.com/@huimian00321"" target=""_blank"">@huimian00321</a>",16,6,62.518,0.969,4,68,0,1733.667,33.833,0.5,2.333
"<a href=""https://tiktok.com/@ieddj160"" target=""_blank"">@ieddj160</a>",13,8,26,1,1,8,0,617.375,26.5,0,2.25
"<a href=""https://tiktok.com/@itsruxt3"" target=""_blank"">@itsruxt3</a>",7,4,19.1,1,1,10,0,463.25,32.75,0,0.25
"<a href=""https://tiktok.com/@jeveus00272"" target=""_blank"">@jeveus00272</a>",13,8,50.707,1,5,43,0.022,114,2.5,0,0
"<a href=""https://tiktok.com/@kathlyn.kohn"" target=""_blank"">@kathlyn.kohn</a>",9,3,72.188,1,2,16,0,667.333,34.333,0,0
"<a href=""https://tiktok.com/@laojiekou00127"" target=""_blank"">@laojiekou00127</a>",16,6,41.255,1,4,68,0,1098.333,18.167,0.667,2.167
"<a href=""https://tiktok.com/@ludwig.perrault"" target=""_blank"">@ludwig.perrault</a>",1,9,50.982,1,2,15,0,5224.556,226.333,3.333,2.778
"<a href=""https://tiktok.com/@lydia.9987"" target=""_blank"">@lydia.9987</a>",1,7,43.714,1,1,7,0,1784.714,107.429,0.571,0.857
"<a href=""https://tiktok.com/@lyla.knudson"" target=""_blank"">@lyla.knudson</a>",8,3,52.549,0.9,6,53,0,363.667,13.667,0,1.333
"<a href=""https://tiktok.com/@meijia00245"" target=""_blank"">@meijia00245</a>",16,6,39.93,0.938,4,70,0,3735.333,69.5,2.667,18.667
"<a href=""https://tiktok.com/@miantiao00434"" target=""_blank"">@miantiao00434</a>",13,8,38.437,0.972,6,57,0.015,628.75,26.875,0.25,0.25
"<a href=""https://tiktok.com/@nangua0569"" target=""_blank"">@nangua0569</a>",15,10,54.733,0.903,3,44,0,679.182,17.364,0.364,0.091
"<a href=""https://tiktok.com/@nendn4309"" target=""_blank"">@nendn4309</a>",11,4,42.25,1,1,8,0,1876.5,64.75,1.75,0.25
"<a href=""https://tiktok.com/@nxpsa4288"" target=""_blank"">@nxpsa4288</a>",7,5,19.1,1,1,10,0,834.4,55,0.6,0
"<a href=""https://tiktok.com/@phrjy319"" target=""_blank"">@phrjy319</a>",13,8,49.333,0.944,3,26,0.026,1277.875,26.125,0.5,2.375
"<a href=""https://tiktok.com/@pratt_movie"" target=""_blank"">@pratt_movie</a>",12,4,57,1,1,8,0,678.5,39.75,0.25,0
"<a href=""https://tiktok.com/@qifei6668886"" target=""_blank"">@qifei6668886</a>",2,5,63.714,1,1,7,0,1322.111,86.667,1.556,0.556
"<a href=""https://tiktok.com/@ribendongzuo00184"" target=""_blank"">@ribendongzuo00184</a>",14,9,52.708,0.926,2,61,0,485.889,19.333,0.111,0.444
"<a href=""https://tiktok.com/@ribendongzuo0077"" target=""_blank"">@ribendongzuo0077</a>",14,12,52.638,0.964,2,60,0,466.417,19,0.25,0.25
"<a href=""https://tiktok.com/@s_heise214"" target=""_blank"">@s_heise214</a>",13,8,53.841,1,3,27,0.001,219.125,11.5,0.125,0.5
"<a href=""https://tiktok.com/@santiago.mundy"" target=""_blank"">@santiago.mundy</a>",8,3,53.857,0.95,4,30,0,289.667,14.333,0.333,1.333
"<a href=""https://tiktok.com/@smhyynzxe0"" target=""_blank"">@smhyynzxe0</a>",4,11,65.545,0.9,1,11,0,1257.143,140.286,0.5,0.429
"<a href=""https://tiktok.com/@urdri531"" target=""_blank"">@urdri531</a>",13,7,53.329,0.923,4,35,0.009,247.143,9.714,0.143,0.286
"<a href=""https://tiktok.com/@user1306117258437"" target=""_blank"">@user1306117258437</a>",10,9,38.31,0.938,2,23,0,619.4,22.067,1.333,11.467
"<a href=""https://tiktok.com/@user6231298237740"" target=""_blank"">@user6231298237740</a>",10,3,28.333,1,1,9,0,741.667,65.667,2.333,3
"<a href=""https://tiktok.com/@user63158601021320"" target=""_blank"">@user63158601021320</a>",10,5,48.286,0.875,1,14,0,763.5,33.333,5.667,16.667
"<a href=""https://tiktok.com/@user9724456321051"" target=""_blank"">@user9724456321051</a>",12,4,57,1,1,8,0,1245.25,85.5,0.5,0.25
"<a href=""https://tiktok.com/@veisf135"" target=""_blank"">@veisf135</a>",13,10,59.504,0.958,4,38,0.03,334.9,20.8,0.2,0.5
"<a href=""https://tiktok.com/@verso1770"" target=""_blank"">@verso1770</a>",13,8,72.207,0.971,5,41,0.029,396.25,25.375,0.375,0.25
"<a href=""https://tiktok.com/@veuek344"" target=""_blank"">@veuek344</a>",13,8,69.917,0.944,3,26,0,822.25,9.875,0.125,0.125
"<a href=""https://tiktok.com/@was07252"" target=""_blank"">@was07252</a>",2,5,63.714,1,1,7,0,1180.333,129.167,1.833,0.5
"<a href=""https://tiktok.com/@x1zu4tmav0"" target=""_blank"">@x1zu4tmav0</a>",5,3,0,1,4,36,0,365.667,22.333,0,0
"<a href=""https://tiktok.com/@xingnang00535"" target=""_blank"">@xingnang00535</a>",16,6,39.878,0.912,4,69,0,3055.333,18.833,0.333,2.833
"<a href=""https://tiktok.com/@yemeigui236"" target=""_blank"">@yemeigui236</a>",15,10,53.817,0.862,4,55,0,514.1,28.1,0.4,1.2
"<a href=""https://tiktok.com/@zhongjiemao536"" target=""_blank"">@zhongjiemao536</a>",16,6,37.239,0.944,4,71,0,3487.333,54.167,2,13.333
"<a href=""https://tiktok.com/@znzbh7"" target=""_blank"">@znzbh7</a>",11,4,42.25,1,1,8,0,7792.25,161,2,1.25
