"Network","Number of Accounts","Network Density","Network Diameter","Clustering Coefficient","Avg Views","Avg Likes","Avg Comments","Avg Shares","Member Accounts"
1,3,0.667,15,0,3295.52,151.36,1.64,1.24,"aedvziocjc, ludwig.perrault, lydia.9987"
2,2,1,7,0,1241.095,110.952,1.714,0.524,"qifei6668886, was07252"
3,3,1,26,1,1838.114,74,0.568,0.318,"aaqo8sth89, g4lkgggsn3, auvningjixiang"
4,2,1,11,0,1500.885,118.423,1.038,0.462,"facsimile5, smhyynzxe0"
5,6,0.733,21,0.882,981,39.767,0.302,0.093,"336per7, 281bsy, 378fire2, 345bm8, 361tui6, x1zu4tmav0"
6,2,1,8,0,16010,128.846,1.154,2.538,"bdjsxn6, elleigh.anton"
7,2,1,10,0,669.444,45.111,0.333,0.111,"itsruxt3, nxpsa4288"
8,7,0.905,16,0.907,268.048,10.905,0.095,1,"demetriusguerrero, fortiermaclaurin, lyla.knudson, callum.stokes0, fhgxfty1, darlineguerra7, santiago.mundy"
9,3,0.667,16,0,3196.556,58,0.667,18.556,"cheryl.pollice, kathlyn.kohn, ffbs18"
10,3,0.667,23,0,670.708,30.333,2.542,11.708,"user1306117258437, user6231298237740, user63158601021320"
11,2,1,8,0,4834.375,112.875,1.875,0.75,"nendn4309, znzbh7"
12,2,1,8,0,961.875,62.625,0.375,0.125,"pratt_movie, user9724456321051"
13,20,0.174,71,0.475,2495.45,43.284,1.302,4.568,"brudo040, h_kp82, phrjy319, hanguodanren00530, s_heise214, gaobiantui0529, veisf135, feuwi391, hongshao0193, jeveus00272, urdri531, ieddj160, hfkvg76, crusk361, miantiao00434, danzi00116, feimaotui0385, fanqie0166, veuek344, verso1770"
14,3,1,32,1,463.355,17.806,0.129,0.29,"ribendongzuo0077, ribendongzuo00184, celaf436"
15,5,0.9,22,0.875,2985.146,47.771,0.333,1.021,"feitianmaotai0389, grusf218, heipf273, nangua0569, yemeigui236"
16,5,1,18,1,2622,38.9,1.233,7.867,"huimian00321, meijia00245, xingnang00535, laojiekou00127, zhongjiemao536"
