"Account","Network","Unique Shares","Avg Time Between Shares (sec)","Edge Symmetry Score","Degree","Strength","Betweenness","Avg Views","Avg Likes","Avg Comments","Avg Shares"
"<a href=""https://tiktok.com/@7fe_kirk_2010"" target=""_blank"">@7fe_kirk_2010</a>",2,2,51,0.667,1,6,0,338.5,17.5,0.5,0.5
"<a href=""https://tiktok.com/@aed9t4"" target=""_blank"">@aed9t4</a>",30,3,51.5,1,1,6,0,633.222,39,0.222,1.333
"<a href=""https://tiktok.com/@ailis666"" target=""_blank"">@ailis666</a>",7,3,24.556,0.933,3,27,0,44438,342.667,2,3
"<a href=""https://tiktok.com/@ainkbs"" target=""_blank"">@ainkbs</a>",25,6,54.796,0.821,3,24,0,400.333,9.667,0.111,0
"<a href=""https://tiktok.com/@ajyrhwv5630o"" target=""_blank"">@ajyrhwv5630o</a>",36,3,48.333,1,2,14,0,838,50,0.333,0
"<a href=""https://tiktok.com/@artumbsvf56"" target=""_blank"">@artumbsvf56</a>",39,3,72.333,1,1,6,0,2301.667,86.333,0,0
"<a href=""https://tiktok.com/@as457090"" target=""_blank"">@as457090</a>",11,3,43.333,1,2,12,0,49,0.333,0.333,0
"<a href=""https://tiktok.com/@as468632"" target=""_blank"">@as468632</a>",12,3,28.778,1,1,9,0,95.333,0.667,0,0
"<a href=""https://tiktok.com/@as532808"" target=""_blank"">@as532808</a>",11,2,42.167,1,1,6,0,82,0.5,0,0
"<a href=""https://tiktok.com/@baown3351"" target=""_blank"">@baown3351</a>",7,3,28.481,0.933,3,27,0,2059,44.667,0.333,0.333
"<a href=""https://tiktok.com/@baseballo.o"" target=""_blank"">@baseballo.o</a>",43,5,66.286,0.857,1,7,0,1657.8,86.6,0.2,0.6
"<a href=""https://tiktok.com/@because9933"" target=""_blank"">@because9933</a>",5,3,106.167,0.667,1,6,0,1041.667,75.333,0,0.333
"<a href=""https://tiktok.com/@bobo.ast3"" target=""_blank"">@bobo.ast3</a>",16,4,32,1,1,8,0,849.75,76.5,0,0.25
"<a href=""https://tiktok.com/@bqcaec"" target=""_blank"">@bqcaec</a>",20,3,59.722,0.778,3,18,0,472,28,0.333,0
"<a href=""https://tiktok.com/@braak.tiffay"" target=""_blank"">@braak.tiffay</a>",15,5,69.31,0.917,2,13,0,837.4,60,0.2,0
"<a href=""https://tiktok.com/@chgfdvnkb"" target=""_blank"">@chgfdvnkb</a>",33,2,47,0.667,1,6,0,167.5,3,0,0
"<a href=""https://tiktok.com/@cidnzq"" target=""_blank"">@cidnzq</a>",6,3,26.333,0.917,3,24,0,2631.333,76.667,1,1.333
"<a href=""https://tiktok.com/@coke0283"" target=""_blank"">@coke0283</a>",29,2,47.667,0.75,2,12,0,1003.5,44,0,0
"<a href=""https://tiktok.com/@crush2113"" target=""_blank"">@crush2113</a>",36,3,41,1,1,8,0,702.333,54,0.333,0
"<a href=""https://tiktok.com/@dabao4684"" target=""_blank"">@dabao4684</a>",44,3,54.5,1,1,8,0,594,36.333,0.333,3
"<a href=""https://tiktok.com/@dbsgse"" target=""_blank"">@dbsgse</a>",24,5,43.143,0.6,1,7,0,499.625,31.25,0.125,0
"<a href=""https://tiktok.com/@dczyfgtkxdy"" target=""_blank"">@dczyfgtkxdy</a>",35,3,56.714,1,1,7,0,3635.667,99.667,2,0
"<a href=""https://tiktok.com/@ddhjowpba4"" target=""_blank"">@ddhjowpba4</a>",22,3,67.488,1,2,13,0,9968,86,1.667,2.333
"<a href=""https://tiktok.com/@dfdxfop785"" target=""_blank"">@dfdxfop785</a>",7,3,24.852,0.933,3,27,0,47913.333,611,6.667,16
"<a href=""https://tiktok.com/@dffkk84e"" target=""_blank"">@dffkk84e</a>",8,3,85.333,0.667,1,6,0,2250.333,43,0.667,0.333
"<a href=""https://tiktok.com/@dhgfd4664"" target=""_blank"">@dhgfd4664</a>",19,2,48.833,1,2,12,0,840,35.5,1,0.5
"<a href=""https://tiktok.com/@dnnnxn0"" target=""_blank"">@dnnnxn0</a>",4,3,19.5,0.875,4,30,0,3248.333,33.667,0,0.333
"<a href=""https://tiktok.com/@emily.9377"" target=""_blank"">@emily.9377</a>",32,2,39.333,0.75,1,6,0,894.5,85,0,0
"<a href=""https://tiktok.com/@farjanaminnaaklim"" target=""_blank"">@farjanaminnaaklim</a>",30,3,51.5,1,1,6,0,2652.889,91.444,0.667,1.111
"<a href=""https://tiktok.com/@fkenjj43"" target=""_blank"">@fkenjj43</a>",8,2,85.333,0.667,1,6,0,7654,91.5,0.5,1.5
"<a href=""https://tiktok.com/@fqwskbtiv"" target=""_blank"">@fqwskbtiv</a>",14,7,75.562,1,2,16,0,632.125,31.75,0,0
"<a href=""https://tiktok.com/@franklinchaucer2015"" target=""_blank"">@franklinchaucer2015</a>",27,5,47,0.833,1,6,0,2513.6,84.6,0.4,0.4
"<a href=""https://tiktok.com/@frwfqu"" target=""_blank"">@frwfqu</a>",25,4,51.375,0.875,2,14,0,1981.455,78.636,0.182,0.727
"<a href=""https://tiktok.com/@g.hrs0"" target=""_blank"">@g.hrs0</a>",13,5,50.571,0.857,1,7,0,794.667,30.167,0.5,0
"<a href=""https://tiktok.com/@ghggfff65"" target=""_blank"">@ghggfff65</a>",15,5,49.381,0.917,2,13,0,478.2,38.6,0.4,0
"<a href=""https://tiktok.com/@ghoob2"" target=""_blank"">@ghoob2</a>",33,3,34.333,0.778,3,18,0.001,5104.667,34.333,1,0.667
"<a href=""https://tiktok.com/@gijcofhrs"" target=""_blank"">@gijcofhrs</a>",22,3,62.417,0.9,2,14,0,227548.333,6224.667,22,183.333
"<a href=""https://tiktok.com/@gv7112"" target=""_blank"">@gv7112</a>",28,3,61.5,0.75,1,6,0,425.667,29.333,0.667,0
"<a href=""https://tiktok.com/@haidii93"" target=""_blank"">@haidii93</a>",41,8,57.571,1,1,7,0,501.556,25.889,0.222,0.111
"<a href=""https://tiktok.com/@haiti154"" target=""_blank"">@haiti154</a>",41,7,49.333,1,1,6,0,2647.625,25.375,1,0.5
"<a href=""https://tiktok.com/@hana.8425"" target=""_blank"">@hana.8425</a>",31,2,43.667,0.75,1,6,0,608.5,44.5,0,0
"<a href=""https://tiktok.com/@hanns5421"" target=""_blank"">@hanns5421</a>",14,8,68.292,1,2,17,0,586.111,54.222,0,0.444
"<a href=""https://tiktok.com/@heeht5380"" target=""_blank"">@heeht5380</a>",6,3,19.963,0.917,3,24,0,4895.667,119.333,1,2
"<a href=""https://tiktok.com/@hffhhwsu7ma"" target=""_blank"">@hffhhwsu7ma</a>",4,2,17.5,0.75,3,18,0,10702.5,85,0,0
"<a href=""https://tiktok.com/@hhguhhyhu"" target=""_blank"">@hhguhhyhu</a>",5,2,106.167,0.667,1,6,0,467.5,6,0,0
"<a href=""https://tiktok.com/@hxyxc3"" target=""_blank"">@hxyxc3</a>",13,6,50.571,0.857,1,7,0,885.5,22.333,0.5,0
"<a href=""https://tiktok.com/@hyynyxac5"" target=""_blank"">@hyynyxac5</a>",4,2,19.389,0.833,3,18,0,5356,72.5,0,0.5
"<a href=""https://tiktok.com/@idweli"" target=""_blank"">@idweli</a>",24,8,50.069,0.917,2,26,0,469.111,22.111,0,0.111
"<a href=""https://tiktok.com/@ie9nbvli9zc"" target=""_blank"">@ie9nbvli9zc</a>",23,3,40.25,1,1,8,0,316.667,11.667,0,0
"<a href=""https://tiktok.com/@igggffc"" target=""_blank"">@igggffc</a>",38,3,45.361,1,2,15,0,452.333,27,0.333,0.667
"<a href=""https://tiktok.com/@indvh6143"" target=""_blank"">@indvh6143</a>",24,5,67.571,0.633,2,13,0,775.444,46,0.111,0.111
"<a href=""https://tiktok.com/@iwqcxwla3gx"" target=""_blank"">@iwqcxwla3gx</a>",39,3,72.333,1,1,6,0,905.667,35,0.333,0
"<a href=""https://tiktok.com/@jade.8566"" target=""_blank"">@jade.8566</a>",32,2,29.833,0.75,1,6,0,883.5,32.5,0,0
"<a href=""https://tiktok.com/@jcjcch06"" target=""_blank"">@jcjcch06</a>",14,9,54.617,0.866,2,18,0,288,15.222,0,0
"<a href=""https://tiktok.com/@jfspet"" target=""_blank"">@jfspet</a>",24,8,46.267,0.792,2,16,0,632.625,38.625,0.375,0.25
"<a href=""https://tiktok.com/@jgdcj2"" target=""_blank"">@jgdcj2</a>",33,3,56.833,0.75,1,6,0,1121,17.25,0.25,0.25
"<a href=""https://tiktok.com/@jhg.226683"" target=""_blank"">@jhg.226683</a>",14,10,60.665,0.903,3,27,0,552.8,34.1,0.2,0.4
"<a href=""https://tiktok.com/@ka2eupn1x1"" target=""_blank"">@ka2eupn1x1</a>",44,3,54.5,1,1,8,0,63,0.667,0,0
"<a href=""https://tiktok.com/@kezalu.newak"" target=""_blank"">@kezalu.newak</a>",16,4,32,1,1,8,0,898.75,85.75,0.25,0
"<a href=""https://tiktok.com/@kggamovie"" target=""_blank"">@kggamovie</a>",10,3,9.5,0.667,1,6,0,1248,60,1,1.333
"<a href=""https://tiktok.com/@lggmht"" target=""_blank"">@lggmht</a>",25,6,50.889,0.714,1,9,0,410.333,14.333,0,0.111
"<a href=""https://tiktok.com/@moc.111098"" target=""_blank"">@moc.111098</a>",15,5,52.357,0.833,2,14,0,870.2,72.6,0.2,0
"<a href=""https://tiktok.com/@niuniucheng150"" target=""_blank"">@niuniucheng150</a>",37,3,44.833,1,1,6,0,786.667,67,1.333,0.667
"<a href=""https://tiktok.com/@nkckcnejs"" target=""_blank"">@nkckcnejs</a>",42,5,56.389,0.929,2,18,0,1091.2,71,0.6,0.2
"<a href=""https://tiktok.com/@norteueth8q"" target=""_blank"">@norteueth8q</a>",35,3,56.714,1,1,7,0,662,52,0.333,0
"<a href=""https://tiktok.com/@p8osddj5r9"" target=""_blank"">@p8osddj5r9</a>",38,2,42.667,1,2,12,0,8161.5,34,0,2.5
"<a href=""https://tiktok.com/@paul.82751"" target=""_blank"">@paul.82751</a>",32,3,34.583,0.75,2,12,0,687.333,21,0.333,0
"<a href=""https://tiktok.com/@polt.unlocked"" target=""_blank"">@polt.unlocked</a>",40,5,70.5,0.833,1,6,0,125.833,3.833,0.167,0
"<a href=""https://tiktok.com/@qilzqkmaeiw"" target=""_blank"">@qilzqkmaeiw</a>",4,3,28.222,0.887,4,30,0,1175.667,78,0,0
"<a href=""https://tiktok.com/@qpmpdson0bu"" target=""_blank"">@qpmpdson0bu</a>",9,3,45.5,0.75,1,6,0,1615.333,51.667,0,1
"<a href=""https://tiktok.com/@question3876"" target=""_blank"">@question3876</a>",41,8,53.452,1,2,13,0,211.333,6.444,0,0
"<a href=""https://tiktok.com/@sdfasdfsr.cdfdtyh"" target=""_blank"">@sdfasdfsr.cdfdtyh</a>",26,4,57.429,1,1,7,0,2387.25,79.75,0.25,0
"<a href=""https://tiktok.com/@smegkt"" target=""_blank"">@smegkt</a>",24,8,56.757,0.806,3,28,0.001,597.222,26.556,0.111,0
"<a href=""https://tiktok.com/@thewarbetween"" target=""_blank"">@thewarbetween</a>",43,5,66.286,0.857,1,7,0,1371.4,23.4,0.2,0
"<a href=""https://tiktok.com/@timthv5"" target=""_blank"">@timthv5</a>",7,3,31.074,0.8,3,27,0,1313,62,0.667,1
"<a href=""https://tiktok.com/@tmrqalbn"" target=""_blank"">@tmrqalbn</a>",42,6,57.833,0.938,2,18,0,1233.286,100.429,0.714,1
"<a href=""https://tiktok.com/@tzcauggma7"" target=""_blank"">@tzcauggma7</a>",37,3,44.833,1,1,6,0,1343,30,0.333,0.333
"<a href=""https://tiktok.com/@ubicorn.246"" target=""_blank"">@ubicorn.246</a>",31,3,52.083,0.875,2,12,0,332.667,15,0,0
"<a href=""https://tiktok.com/@udpgmf"" target=""_blank"">@udpgmf</a>",25,5,50.625,1,2,17,0,2278.833,94.667,0,0.083
"<a href=""https://tiktok.com/@user1110885860720"" target=""_blank"">@user1110885860720</a>",18,2,56.667,0.75,1,6,0,699.5,12.5,0,0
"<a href=""https://tiktok.com/@user16334833806165"" target=""_blank"">@user16334833806165</a>",34,3,47.333,0.8,1,9,0,955.333,25.667,0.333,0
"<a href=""https://tiktok.com/@user17478588780355"" target=""_blank"">@user17478588780355</a>",1,3,71.833,1,1,6,0,480.333,20.667,0,0
"<a href=""https://tiktok.com/@user3525186921470"" target=""_blank"">@user3525186921470</a>",18,3,57.905,0.775,2,13,0,514.667,8.667,0,0
"<a href=""https://tiktok.com/@user3997032690911"" target=""_blank"">@user3997032690911</a>",33,3,68.583,0.75,2,12,0.001,482.333,14,0,0
"<a href=""https://tiktok.com/@user4086598248822"" target=""_blank"">@user4086598248822</a>",19,3,47.167,1,2,15,0,1017,43,0,0.333
"<a href=""https://tiktok.com/@user4360qaa"" target=""_blank"">@user4360qaa</a>",4,3,19.056,0.825,4,30,0,9850.667,104.667,0,0.333
"<a href=""https://tiktok.com/@user436385319373"" target=""_blank"">@user436385319373</a>",38,3,43.861,1,2,15,0,621,68.667,0,0
"<a href=""https://tiktok.com/@user4721754278370"" target=""_blank"">@user4721754278370</a>",27,3,47,0.833,1,6,0,3196.2,70.8,0,0.8
"<a href=""https://tiktok.com/@user5184977030833"" target=""_blank"">@user5184977030833</a>",14,5,62.869,0.833,2,13,0,568.417,37.75,0.417,0.5
"<a href=""https://tiktok.com/@user5231181515520"" target=""_blank"">@user5231181515520</a>",26,4,57.429,1,1,7,0,339.25,18,0,0
"<a href=""https://tiktok.com/@user5823068306715"" target=""_blank"">@user5823068306715</a>",1,3,71.833,1,1,6,0,517,38.667,0.333,0.667
"<a href=""https://tiktok.com/@user586343975308"" target=""_blank"">@user586343975308</a>",3,3,59.167,1,1,6,0,915.333,94.333,0.333,0
"<a href=""https://tiktok.com/@user660254099970"" target=""_blank"">@user660254099970</a>",34,3,47.333,0.8,1,9,0,86855.667,2817,8,21.667
"<a href=""https://tiktok.com/@user6800859348761"" target=""_blank"">@user6800859348761</a>",2,3,51,0.667,1,6,0,270,17.667,0,0
"<a href=""https://tiktok.com/@user6858769607925"" target=""_blank"">@user6858769607925</a>",40,4,70.5,0.833,1,6,0,692.556,32,0,0.222
"<a href=""https://tiktok.com/@user6875861610911"" target=""_blank"">@user6875861610911</a>",17,3,49.375,0.8,1,8,0,1111,9,0,0
"<a href=""https://tiktok.com/@user71118608573683"" target=""_blank"">@user71118608573683</a>",9,2,45.5,0.75,1,6,0,113,1.5,0,0
"<a href=""https://tiktok.com/@user71130619044455"" target=""_blank"">@user71130619044455</a>",21,2,55.667,0.75,1,6,0,340,18,0,0
"<a href=""https://tiktok.com/@user7173162686072"" target=""_blank"">@user7173162686072</a>",3,3,59.167,1,1,6,0,130.667,4,0,0
"<a href=""https://tiktok.com/@user77255743525763"" target=""_blank"">@user77255743525763</a>",20,3,82.75,0.733,2,12,0,1170,12.333,0,0
"<a href=""https://tiktok.com/@user781374126709"" target=""_blank"">@user781374126709</a>",33,4,57.167,0.708,2,12,0.001,7728.75,61,0,0.25
"<a href=""https://tiktok.com/@user7914616933434"" target=""_blank"">@user7914616933434</a>",19,3,45.333,1,2,15,0,633,9.333,0,0.333
"<a href=""https://tiktok.com/@user83673400766526"" target=""_blank"">@user83673400766526</a>",20,3,53.833,0.9,2,12,0,110860,3045.667,6,14
"<a href=""https://tiktok.com/@user8861861617329"" target=""_blank"">@user8861861617329</a>",21,3,55.667,0.75,1,6,0,247.333,13,0,0
"<a href=""https://tiktok.com/@user98882160239396"" target=""_blank"">@user98882160239396</a>",29,3,44.917,0.875,2,15,0,801.667,23,0,0.333
"<a href=""https://tiktok.com/@ustkm799"" target=""_blank"">@ustkm799</a>",6,3,19.926,0.917,3,24,0,5355,107,1,2.667
"<a href=""https://tiktok.com/@ux1ckg6mj9"" target=""_blank"">@ux1ckg6mj9</a>",20,2,58,0.667,1,6,0,592,39,0.5,0
"<a href=""https://tiktok.com/@v9sswmaiq9"" target=""_blank"">@v9sswmaiq9</a>",18,3,59.143,0.8,1,7,0,6149.333,32.333,0.333,1.667
"<a href=""https://tiktok.com/@vaudtxbrba1"" target=""_blank"">@vaudtxbrba1</a>",33,2,22,1,1,6,0,1038.5,21,0,0
"<a href=""https://tiktok.com/@whitf.jaromy"" target=""_blank"">@whitf.jaromy</a>",14,8,70.728,0.897,3,21,0,610.125,39.375,0.25,0.125
"<a href=""https://tiktok.com/@wnomovie"" target=""_blank"">@wnomovie</a>",10,2,9.5,0.667,1,6,0,18395.5,542.5,4,15.5
"<a href=""https://tiktok.com/@wwae94"" target=""_blank"">@wwae94</a>",36,3,55.667,1,1,6,0,136710.333,2676.667,34.667,79
"<a href=""https://tiktok.com/@wyz19101029"" target=""_blank"">@wyz19101029</a>",29,3,50.417,0.875,2,15,0,115,1,0,0
"<a href=""https://tiktok.com/@xfy5jm7sh9"" target=""_blank"">@xfy5jm7sh9</a>",22,3,52.071,0.9,2,15,0,154559,1779,13,117.667
"<a href=""https://tiktok.com/@yccyf401"" target=""_blank"">@yccyf401</a>",6,2,19.111,0.75,3,18,0,4716,138.5,1,1
"<a href=""https://tiktok.com/@yhn172172"" target=""_blank"">@yhn172172</a>",11,2,44.5,1,1,6,0,4.5,0,0,0
"<a href=""https://tiktok.com/@yk5krwskwds"" target=""_blank"">@yk5krwskwds</a>",23,3,40.25,1,1,8,0,331,3.667,0,0
"<a href=""https://tiktok.com/@yu8848921u"" target=""_blank"">@yu8848921u</a>",12,3,28.778,1,1,9,0,115.667,1.333,0,0
"<a href=""https://tiktok.com/@yyyhhh112238"" target=""_blank"">@yyyhhh112238</a>",28,2,61.5,0.75,1,6,0,4,0,0,0
"<a href=""https://tiktok.com/@yzbcvfwhh6"" target=""_blank"">@yzbcvfwhh6</a>",17,3,49.375,0.8,1,8,0,139262.333,1674.333,7.667,53.667
"<a href=""https://tiktok.com/@zgxg123"" target=""_blank"">@zgxg123</a>",42,7,55.556,0.866,2,18,0,730.571,59.571,0.571,0.143
"<a href=""https://tiktok.com/@zz10411va4"" target=""_blank"">@zz10411va4</a>",31,5,60.5,1,1,6,0,71.4,4.2,0.6,0.2
