"Network","Number of Accounts","Network Density","Network Diameter","Clustering Coefficient","Avg Views","Avg Likes","Avg Comments","Avg Shares","Member Accounts"
1,9,0.361,31,0.621,1819.395,65.837,0.767,1.186,"housn103, uosnatiahwk, bdoci6, syedacherry0, xx16682, user190472852374, ihihgi1, yeifb0, zg.hcugystsxy"
2,4,1,11,1,6316.225,130.8,1.1,4.7,"ubf084006c, ggdcxg1, gisela.lipke, aedjdpckd"
3,7,0.333,35,0.273,4453.052,90.086,1.345,1.552,"cirila.mccorkle, aedhdici, hullen.nguyen, aedyckctu, user8508148033286, fauy8466, hdr86575"
4,8,0.464,21,0.6,1876.619,100.333,1.27,3.905,"user4080460677683, vdkfofu, fsjoxkf, jdododh5, idhd139, tduuugwt, user9724456321051, vickycarr530"
5,3,1,16,1,5576.2,105.1,1.1,0.6,"cbjf05, jdkckcj2, verity.holland"
6,5,0.6,20,0.545,6435.282,189.538,1.026,3.282,"user8168691298265, cp.eagdu, gxiiff3, steven.garrison13, craig.harrell0"
7,3,0.667,12,0,4443.526,123.842,1.579,1.105,"lamr351, guu34210, thuy4458"
8,2,1,6,0,1523.167,67.333,0.667,1.833,"fcjjv86, hdhxh3484"
9,3,0.667,22,0,7818.6,229.52,1.52,1.48,"hbvvf739, idgc38, tyshia_movie"
10,2,1,9,0,1896.9,112.8,0.8,0.6,"hugo.adams2, jana.french"
11,3,1,8,1,5074.6,153.533,1.6,0.8,"shdj1431, user2201058539802, user31313825076752"
12,4,0.667,14,0.6,28792.28,708.4,6,10.12,"jcz0054, aedjxpxodj, fjvfjk4, fhfg2499"
13,6,0.333,21,0,17958.265,459.147,5.147,2.5,"bsbsbsvsv44, user9545613515904, geifocve, bfc.hff, carmen.vega355, user1045942439949"
14,5,0.5,15,0.375,4573.04,93.04,1.36,6.68,"user7361651570203, user8794483655797, user7166160034825, user2920462956526, user2932993437321"
15,2,1,6,0,1921,53.143,0.429,3.714,"mgnjaf1804, lucy9734"
16,2,1,6,0,2035.875,65.625,0.375,1,"lisa9aa3, stazqywodkv"
17,2,1,6,0,2882.875,55.125,0.875,4.875,"abcaebpsdwf, suggest0912"
18,2,1,6,0,1216.636,32.909,0.545,0.182,"kevinstory, success4186"
19,2,1,7,0,919.111,32.222,0.222,0,"gkkfykjb, cifgoo"
20,9,0.583,20,0.652,591.172,25.81,0.31,0.328,"adhhrrt, huanlyg, bkvhf1, fijglhhj, ifkvkvo, kcdcbdohhqd, cymorervl98, tdzgwsilerv, zzhjdj4"
21,3,1,6,1,689.077,31.538,0.077,0.077,"fijficvk, hi.pnct, kgkghkv"
22,5,0.5,13,0.375,674.828,24.414,0.276,0.621,"cjgbkbl, lojzsviu, ylevkpiubsl, aliyawod4l5, rhhowjqwczo"
23,4,0.833,14,0.75,697.4,27.32,0.44,0.32,"xnjjehj, jkdkj, dlakhjx, igdigsdp"
24,8,0.571,19,0.709,765.956,21.844,0.089,0.378,"gigigjj, chkchifofo, dyhjldcdesm, iaehhjzz2v2, amywendy19961, gztymhjjw4m, antoinetteboone25, suoxin2"
25,20,0.189,53,0.632,729.853,26.794,0.186,0.235,"cjsllfd, hootchxs, if.en.is.fam, jffihofff, ohchocx, yoayoayanyan, kaylabigsjo, skkfdxh, wjjvuejnth4, fqcsrnytjf8, jwsgomkrriy, bjgpfoucyaj, mawtxjozdqh, delwyjlkjct, xzhqnidn5g8, nksxkskcf1y, odscejmn6jy, ejiqxbchntr, xzhppypnq7b, yun.wu15"
26,3,1,7,1,1662.083,74.333,1.25,6.333,"goodbye17507, hockey2840, nhfr48186js"
27,2,1,8,0,390.25,10.625,0.125,0.125,"hfjjkgi4, ugikbk4"
28,3,0.667,14,0,363.769,13.154,0.308,0,"liyohuang, nquvwpsdcj4, user92268445842614"
29,3,0.667,14,0,1774.545,36.455,0.545,0.909,"rtfvwe8729949, now0849, zhiuud974000"
30,2,1,6,0,224.556,3.889,0.111,0,"nwxjeiffefk, kdvluvvd5k6"
31,3,0.667,12,0,982.5,70.083,0.5,0.5,"jkakbbvgg, nrrnqdpeky2, fxgumzmtbxj"
32,2,1,7,0,664.625,22.5,0.375,0.625,"fgukxryf5ua, vsethpos2k5"
33,6,0.4,29,0.375,1953.171,137.854,1.195,0.829,"ryllskaya.reddit, ksndfmggf, ryllskayaqing, djbdjfjff, 6dhbgbvuyqw, wefyugu"
34,2,1,6,0,1427.7,116.7,1.9,0.3,"fkfdnd, gdkcofufn"
35,11,0.327,34,0.612,17969.188,635.844,17.25,131.641,"ididu034, gubwos, user3154950400581, user7080026610324, chdg050, user2810315813972, vaigg0, yiitsukb, kbpsjd, hpcfh, ysishhd7"
36,3,1,8,1,3183.158,121.053,1.474,0.684,"fjyukfjjf, cx.b28, hdidkser0"
37,3,0.667,16,0,3622.125,154.812,2.688,7.625,"shvchjds, wotext, you.texts"
38,5,1,8,1,2602.75,113.6,3.75,1.45,"crtyougo, dtkwod, ktsfyh, text.fc, textstory781"
39,15,0.286,33,0.523,2474.859,125.341,1.929,1.388,"stoyouh, texts178, dhcghcb, xxii911, sasapco, text690, rohingyao, shotewg, cagnhd, landscape5670, bsbseuo, hdryxd, hxavnxh, sdsdyou, weck01"
40,3,1,12,1,1091.714,36.429,1.095,1.714,"user16909390140293, fhkundshunk, lin689668987"
41,2,1,6,0,1448.556,28.444,0.222,0.556,"thienle4369, tuyen.nguyen5316"
42,8,0.464,43,0.75,3046.714,81.127,0.492,2.429,"khanh.dao61, nhi.vo585, jvhb240, jajsjsn56, aed2750, dthh824, aed0267, thuc.nguyen2010"
43,5,0.8,13,0.667,1532.536,72.536,1.643,1.857,"rubin.mervy8, seile.rian, vitsu.alec1, nhienchau41, wiate.doni0"
44,5,1,16,1,1562.344,72.688,0.406,1.031,"jvtvc3, gooj806, user3436197788624, zsdx184, zxvb736"
45,2,1,25,0,2396.707,116.293,10.195,7.146,"chummi_queen1, cutegirlbabe2"
46,2,1,6,0,164.938,16.562,0.688,0.375,"amazing_seeet120, queendriver_120"
47,2,1,13,0,652.667,100.067,9.9,2.933,"china_busderiver_121, cutebaby_driver120"
48,5,0.5,50,0,663.014,56.812,3.87,1.246,"xchinaqueen5, king_queengg0, china_deriver_0, xchinaqueen1, xchinaqueen8"
49,2,1,8,0,2389.833,159.583,3,1.917,"djdinh4, user000597728"
50,2,1,6,0,2540,121,1.75,0.333,"krissi.jamecia, ttt46024"
51,2,1,6,0,2130.727,154.545,2.455,2,"jfjjfhk8, kfusj3"
52,5,0.6,20,0.6,1445.241,97.241,1.552,0.828,"luggyi, mahasawatzke, charlene.gilbert31, nandan.hirsch, osiel.louis"
53,3,1,8,1,4143.412,95.529,1.706,13.471,"aseng.haymong, houri.enriqk, ilges.estelwei"
54,2,1,6,0,9083.167,260.833,27.417,308.083,"juliosalazar229, tenbr.boozapp"
55,5,0.6,17,0.545,4032.828,104.103,6.069,12.586,"purnialesh45, sun.lilym, emory.drawehj, lanora.haskely, carlos.alberto.al886"
56,3,0.667,12,0,509.714,17.571,0.714,0.214,"jvdrg3, tho.lop4, amkgvx"
57,2,1,6,0,850.5,45.375,3.375,3,"sweethear182, liuxiaoliu52"
58,3,0.667,14,0,1081.214,70.857,7.286,4.929,"user7552715418111, xuexi52, qianxi42"
59,9,0.306,32,0.5,24662.75,2697.125,32.5,139.275,"rvfdcpqmerituj, cbnhf5680, user5107401810761, august.runolfsson, eanebpjtpmvzbt, hubbxmphamzhfs, feelforc0o0676, xbhyudvqeq2lki, shaunpearson226"
60,11,0.218,30,0.261,3730.28,169.18,11.8,12.32,"svpmrjwfqvu2oj, gvcchh3457, uehjkb3487, xizig2, hlwndewrweqh, mpmxaijsgfn, hhgghj8866, mamaepzkynvd, yixiayouyixiao, xquplfcwmvyngj, yppynsqgmqt"
61,4,0.667,14,0.6,1994.867,143.2,8.933,23.333,"shsjbsxbx, tybfzdwjprap, laicai.reddit, fsmcghkvdqqm"
62,2,1,8,0,32904.4,1390.2,76.4,405.4,"wmlimxussfxn2n, zhdzxzpjkqgw"
63,2,1,7,0,13254.917,1126.083,44.083,346.25,"alexandrina.thorn, yiyayiya666"
64,2,1,6,0,10223.5,644,20.75,118.75,"bb.reddit56, fvufkeyvcif"
65,13,1,18,1,768.875,61.404,0.558,0.346,"eagehh, hojdmc, dhuolt, 7alconpal, fwihnf, ciojkb, kubjij, pevkgk, qdcieh, fvijte, reddit_allen5, mfejdu, reddit_grayson99"
66,9,0.583,32,0.652,3587.128,130.128,0.837,1.709,"drgd8391, bvoo3130, dijx3903, fhda78402, ghhj8554, jkuy0534, okay11732, kjuq5904, ytrq8081"
67,2,1,6,0,647.8,74.8,0.4,0.2,"fiurf9599, hgsa33741"
68,5,0.6,32,0.6,856.773,66.591,0.682,1.136,"eiej4325, gjhg8047, twkg9813, foot89786, twvs4521"
69,6,0.6,31,0.6,586.885,32.385,0.308,0.673,"givi0331, isce0690, tugx2917, bkot6010, wiqg8225, wive0570"
70,5,1,11,1,2700.396,75.042,0.438,1.021,"ckief1163, glye82199, dyxh0219, rust04104, syic2117"
71,3,1,8,1,1257.8,70.92,0.36,0.88,"tijf9855, uraf9163, ymhr6933"
72,2,1,8,0,1560.125,81,0.75,0.75,"ifrt2705, sush0240"
73,2,1,12,0,7299.833,291.375,11.458,4.5,"dhie1905, wert2992"
74,2,1,6,0,3100,73.6,0.4,0.2,"maemeg7, nqkwvc"
75,2,1,9,0,1279.7,64.4,1.2,0,"leoraf9, gqvgpl"
76,2,1,8,0,1276.625,90.75,1.125,0.125,"jshszh6382, snoshsj"
77,12,0.515,24,0.682,2420.936,98.213,1.319,0.447,"g.in.cgn, kacbr2774, hxjdsj34, hdvhds4, hzhdhs, cnatk3189, duuff30, 1yrogls, djisks96, gxhx514, bxjxhxt, yourfavtwins0"
78,2,1,7,0,455.5,10.5,0.125,0,"11cjhggg, baxor3828"
79,3,1,13,1,2972.316,56.895,0.632,0.421,"ljpjvh, oljclk, hwvrok"
80,2,1,6,0,188.5,8.625,0.375,0,"1qwdjjd, xhjsjsgd6362"
81,2,1,6,0,1259.333,71.778,0.778,0.222,"pdilul, refine74"
82,2,1,6,0,10358.556,535.222,2.556,2,"bixukf, evfdmzl"
83,9,0.528,21,0.9,970.132,24.447,0.921,0.263,"cjdfndrh, joycecody, 4khuik, gohdr4367, jdjsbs94, bdjsbsk4, kikiiwanputra7, liaojiuyu, user3923265470"
84,2,1,7,0,652.4,56.2,0.2,0.3,"jxgxi8, lancg9200"
85,2,1,10,0,10733.583,239.75,2.833,1.25,"fctjcrg9s3, qohbpksqo2"
86,3,1,8,1,2049.909,82.091,0.909,0.182,"elleigh.anton, bflxt4285, sameerah.tare"
87,12,0.288,28,0.482,3000,117.935,0.848,0.478,"hds.hy, fhcgocgo, cigcgict, hzjsjs897, jxjdkssj, bdjsxn6, svjssh, hosgsg0, ciucfyictci, gdghss35, dfittf, zdogz60"
88,2,1,7,0,737,23.636,0.818,0.091,"chayatarabichokkh, khcvhlcgi"
89,2,1,12,0,4519.154,215.462,5.385,1.615,"dayutoureddit, fjhfjfgjchjghfhjj"
90,2,1,6,0,925.667,76.889,0.667,0.111,"mvbdanqi, cbwxmgpgs9"
91,2,1,6,0,3866.5,60.9,3.1,0.8,"jamin0402, chauijznz1"
92,2,1,6,0,2392.769,19.692,0.077,0.077,"ifndnfjfjd, zjsrryuui"
93,2,1,22,0,6046,133.176,14.765,10,"reddit_ignatius8, shbsdd2"
94,4,0.833,12,0.75,2581.773,109.364,1.955,0.545,"ghebdts, akksdb4, fbnggg2, nfjsk12"
95,8,0.571,22,0.667,6812.083,272.944,4.111,4.75,"gdjdi63, hurrryu, oshasg, tessh95, jspsns3, rtikb3, dghhg372, tug35587"
96,10,0.244,54,0.333,12585.184,534.184,5.327,3.776,"owuhwh, hfstil3, oaisg2, cisos51, sfagnd, bjspsp, flsosi5, xvnmh8, jelejeh1, zvjsl"
97,2,1,6,0,7044.25,309.25,2.375,2.75,"segji2, isgsjdj0"
98,2,1,9,0,181818.8,6296.2,31.8,45.9,"lzozi3, qllsks0"
99,13,0.359,33,0.63,732.413,32.489,0.315,0.772,"bipiqo, hidouo, hltuoq, arffug, dtbtcc8, idpeoc, eqmhqf, rtwgui, hdmjwo1, lhqitc, objlhmtjemu, wgslhe, ucdrmh"
100,4,0.5,18,0,934.957,15.174,0.217,5.217,"bhsn473, ketsuno_4333, barakah.yasmine.s, zurina.sara"
101,3,0.667,16,0,589.889,40.167,2.833,6.889,"latifnusrahshamon, redidgbxozg6, saniyah.rafidah.k"
102,2,1,6,0,204.556,13.111,0.889,4.444,"hvoykvagyy, trurtuhdrgh.dfffg"
103,4,1,14,1,724.931,32.897,1.448,7.241,"qorusfio, yaofguqvi, tusoacyi, yoaisghif"
104,2,1,9,0,579.917,34,1.917,7.583,"twodgcjq, osudgiwy1"
105,7,0.333,24,0.273,11978.63,430.148,43.963,130.741,"erdfcv65, khai.nguyen418, gfkrng18, ytcjvgjvjh.jv, ale492445, aakimila, opal.tremaine"
106,2,1,7,0,5046.462,25,1.615,2.385,"emadarac1ti, wwss3139"
107,2,1,17,0,1575.333,13.5,2.417,0.667,"wang021223, wwww60993"
108,2,1,6,0,6494.867,17.467,0.2,0,"sevenmoon22, zqyseven1115"
109,2,1,10,0,23702.583,224.833,26.333,185.5,"ghydfrptqsq, pakanzhz"
110,2,1,6,0,2306.273,227.727,12.909,53.091,"money.is.coming.qi2, todbatz"
111,3,0.667,13,0,6554.5,589.875,39.062,81.938,"darrell.breitenbe, luckqiqiqi25, money.is.coming.qi3"
112,3,0.667,14,0,1228.632,116.947,1.316,1.842,"bcjeibox, nkddaram, xxzkpfyq"
113,12,0.227,65,0,3148.231,211.674,10.773,2.025,"gorgeousgirl268, beautiful46h, beautifulseen30, cardriving139, grilofchina, chinesebeauty39, amazingpilot2, amazingpilot0, moderngril5, modernofuk, janimani417, chinna_deiver_girl0"
114,2,1,9,0,228.312,30.875,3.354,0.167,"dogsfan7, beautyqueendriver3"
115,2,1,6,0,5314.083,164,2.333,1.25,"aed6322, fhcdtb"
116,4,0.667,15,0.6,437.098,1.745,0,0.275,"knl39aprh6, mgallsharring, mgallaudio, tptk02426yr"
117,2,1,8,0,761.333,54.667,0.667,0.778,"ufgo85, user2328467562656"
118,2,1,6,0,3034.625,118.75,1.875,24.375,"eggss96, sfhh2223"
119,7,0.476,20,0.5,3220.643,130.786,1.036,3.143,"fjbfe0, user5360703172911, user13976213775662, user7442840721946, user3906934941510, grsfhj4, user8846168328011"
120,8,0.464,27,0.562,869.292,28.125,0.417,0.292,"cc852324, b0707293, g1484809, b957251, gh71808, user113292506713, ggg00435, user4260031255720"
121,28,0.167,39,0.502,1434.754,89.421,0.675,3.667,"ufy468, fghj3095, user33539405804153, hybj0222, kiumerum, to24123, d548930, tsusig7, fgvv752, rusrsuy, fhgse42, user5831942911597, user3884378113418, hydu454, ecbb18, user7270761600097, jdmfj44, bbbmm480, tidt55, user5504332929509, odt614, hcuccu156, user918416806877, umd274, r.f.f.f..e, tjgde40, dhdy311, user6100349282272"
122,8,0.321,18,0.273,3193.909,93.848,0.576,11.333,"ghhh68262, user70209713058765, user91103639038365, user6616125819445, f422656, ggvb3941, g311384, vjhc5273"
123,14,0.209,24,0.266,2850.02,93.7,0.38,14.04,"user767857409008, user91653119465943, user7849515319463, user9005597870510, user81270042454110, user4326551361137, g275176, hkkff672, ifog064, user2687486263849, user4056258516186, user9470135476286, movie.jfd, user9620504059838"
124,2,1,7,0,5724.5,136.25,0.125,9.625,"user1327378717261, user9960528869663"
125,2,1,6,0,498,25.167,0,0.167,"j581261, user5032462547819"
126,3,1,9,1,1139.556,41.111,0.333,0.778,"h8078715, user1675936058611, y089712"
127,4,0.5,21,0,756.917,27.417,0,0,"g841627, g5583124, user79139531378257, gjlgcgh"
128,4,0.5,12,0,3422.364,121,1.818,9.545,"h9778560, h461932, user1907312614659, user99865506204226"
129,4,0.5,20,0,3968.333,92.5,0.167,1.444,"njjj7155, fhhh0809, bjjgg76, vhhg159"
130,5,0.8,15,0.789,235162.2,28675,27.8,29.933,"user2831202166195, user43963440850412, pomidorkaburton, user67020763885058, user9676004301324"
131,2,1,9,0,32181.833,914.333,0.667,2.833,"user2597559587130, user3919617098507"
132,3,1,9,1,692.5,39.083,0.083,0.167,"jhhghhh072, b301337, user9374426252457"
133,3,0.667,12,0,4173.778,65.667,0.667,14.889,"djkbc6, fuhg178, g666845"
134,7,0.429,23,0.667,38131.76,2709.52,3.16,6.64,"user1650053016559, user3170245291083, user4048037935198, kys85234, kko7876, user99230457693190, user95302236381424"
135,2,1,6,0,394.8,22.8,0,1,"user4584357991450, user90822192283963"
136,4,0.667,14,0.6,612.812,47.562,0.5,1.5,"tdiidt5, ft33271, muimrli, user6881678887137"
137,2,1,6,0,885.571,75.857,1.286,1,"hulili45, fdfhj821"
138,2,1,6,0,813,74.625,1.125,0.375,"fhge82, user6758753838000"
139,2,1,8,0,446.625,24.25,0.25,10.25,"dhfde8, yrchj1"
140,3,0.667,12,0,527.818,41.727,0,0.273,"gnsmel, uddgh081, fdgg7273"
141,2,1,6,0,860.625,80.75,1.375,10,"user4926138720922, hhregg52"
142,5,0.8,16,0.789,3183.467,101.133,0.467,1.867,"fdfhhh783, gdsgh00, hddgh331, thfds76, user9921602198218"
143,6,1,9,1,4790.167,18.056,0.111,0.667,"kud4001, ngs024, jkft143, user1856101144100, user2341765710300, user3188112683980"
144,2,1,6,0,12774.667,267.5,2.333,1.333,"user3124512152145, user2917074527473"
145,4,0.667,15,0.6,584.364,16.273,0.091,0.091,"khdk645, user3619013985748, user4103930861811, user44817691810772"
146,4,1,9,1,330.917,7.583,0.167,0.083,"user4129380736161, user91822739973185, user5085375918072, user9446545490687"
147,5,0.5,20,0.429,768.8,30.8,0.067,0,"hsa7817, khs6617, user68626315465793, user77709828483003, user4637313595905"
148,2,1,9,0,4377.333,51.167,0.333,0,"oi35zqcbb7, oxq8jfdfu9"
149,2,1,6,0,427.909,25.273,0.091,0.273,"thanhinhnguyen414, mashuo2708"
150,2,1,8,0,201.8,9.8,0.2,0,"baobaom402, congminhbang"
151,2,1,6,0,4733.571,70.857,0.286,0,"forwardcode423, speakingspeak.464"
152,2,1,6,0,183.083,19.25,1.417,0.167,"cute_doll505, cute_driver0"
153,2,1,6,0,12925.667,112.333,3.417,2.167,"text.gd, text.mmk"
154,3,0.667,12,0,623.667,58.667,0.222,0.222,"krivakwengerd, fugui082, user9905305848176"
155,8,0.571,18,0.444,1001.417,46.792,0.5,1.042,"amadeus.pena, lstr.nghe7, dingmanhiga, jose.luis8891, zaiden.emerald, gusl.nlod03, user504616626, zaryiahcambria"
156,3,1,9,1,460,21.111,0.444,0.556,"709hahajiajia77, dkdosbg, user3574808770700"
157,4,0.667,14,0.6,1230.833,45.583,0.333,0.167,"agod.ypoi6, amayakianas, essifamb55, ress.rica1"
158,2,1,8,0,15310.667,183.333,1.5,2.667,"hhyyut1, incrediboxmusicl"
159,3,0.667,12,0,5568,45.875,0.25,0.125,"biefenghao0269, litrentachasidy, rawedsakuya"
160,2,1,6,0,2748.2,26.4,0.3,0.4,"myannaeck, biefenghao77077"
161,2,1,6,0,109.667,7.167,0,0,"wqpf8lnhd7, z1lkv0zzv3"
162,6,0.467,35,0.545,891.778,37.389,0.611,1.056,"befa5473, cjjr8012, didh3868, abvo9287, didu9573, glueg7414"
163,6,0.6,25,0.6,1108.238,41,0.619,0.429,"hfgi3634, coyrg2348, ehen2929, gkieg99990, urcj8539, jccj44506"
164,5,1,14,1,612.526,31.447,0.5,0.132,"dtxijq, eqxela7, ldaphc, jecxsz, zysmpbz"
165,5,1,22,1,528.943,26.314,0.029,0.171,"nizbbd, ozvpix, wdjcus5, idsdyl5, wgxodu"
166,5,1,18,1,602.786,33,0.929,0.071,"gacbwp, tllbwg, mpypax, fqyjbw, wihwth"
167,5,1,24,1,699.047,48.535,0.721,0.302,"lhzhzw, pzfjwg, calfkg, qbjqgx, rlumvi"
168,5,1,23,1,701.19,45.929,0.833,0.19,"cxjunn7, nzdifo, hxrbdqi, orfywp8, sypvvz"
169,2,1,6,0,697.714,28.286,0.286,0,"ttazpqe, tthemca"
170,2,1,6,0,782.778,58.444,1.111,5.333,"ggvh834, user6245910017626"
171,10,0.267,30,0.29,2452.021,94.085,1.447,4.809,"gxkztist, djcds8, gjyg686, tkgfe0, itdotdot, lijhgtji, user36510656670723, user2051158278284, user7617569360313, gig08481"
172,2,1,8,0,2846.5,63.5,1.625,3.625,"tidfs5, rsvjj6"
173,2,1,6,0,948.2,87.3,2.2,5.1,"upflucylx, ztixti77"
174,2,1,6,0,1690.9,73.3,0.3,1.1,"grdgj94, user9169168814834"
175,2,1,9,0,6220.667,201.833,0.667,5.5,"fjgd605, gesghh2"
176,2,1,18,0,2722.429,35,1.19,0.429,"sharemusic48, user3310281972692"
177,2,1,6,0,1175.615,44.769,0.846,0.462,"vjfguu6, vlopphdt"
178,2,1,6,0,901,89.8,0.2,1.4,"user8282530722624, weddhi0"
179,2,1,10,0,3708.5,146.2,3.7,7.2,"fdxgh64, user2396659561621"
180,6,1,9,1,350.56,6.08,0.08,0,"fu445778668, fudhghvjj, hffhvufhfg, user33929699946563, user386502720312, user40937663977447"
181,2,1,9,0,44049.5,392.5,4.5,46.5,"user2795804716855, user8018436119370"
182,3,0.667,12,0,367.429,22.286,0.143,0.143,"lionelsurrey6, huulanhuynh, minhthuduong25"
183,2,1,7,0,1469.286,113.714,7,11.143,"user1944276878232, user7375741469924"
184,3,1,7,1,549.889,12.778,0.111,0.111,"mike123956, wudianqi188, zhaob002"
185,3,0.667,12,0,3064.714,73.857,4.714,1,"kukutou3, demaniweeden, whymmmm39"
186,2,1,7,0,5652,112.833,0.333,0.333,"user2299791814132, user2888476868746"
187,3,1,9,1,1879.143,74.571,0.571,0.357,"reddit55549, pjk3357, redreddit48"
188,11,0.236,54,0.36,870.595,63.071,0.381,0.929,"fkir2290, fbgg2395, coirf88774, hrsy60677, sooz6329, urdu9708, cjur6297, courr1227, gour2295, ufsc8075, voie3340"
189,2,1,12,0,11822.933,61.333,0.6,2.133,"ghhostwang, kilinfaker"
190,3,1,9,1,5809.923,37.615,0.385,0.692,"gabriela.daciana, ali188113, isaac.monroe85"
191,2,1,6,0,567.111,9,0.222,0.111,"jassowang, trivo.marini"
192,3,1,9,1,337.444,24.667,0.222,0.556,"user1687759132040, user4669352812760, user775654654091"
193,4,1,9,1,1070.25,30.75,0.167,1.417,"user4012656072932, user79445820274306, user7866266194123, user2281048177876"
194,10,0.911,14,0.934,410.3,39.233,0.3,0.833,"user6593233080848, user80388395944791, user21778104529098, user19341498184722, user44932018881264, user16827767098068, user81222677378002, user173414710833, user9617936588343, user9631232586039"
195,2,1,6,0,1156,43.8,0.1,2.2,"tdchj3, oftixt0"
196,7,0.571,21,0.656,554.2,37.15,0.25,0.4,"mheky382, hyg6783, fjfhjf182, kurkeu, ghdnei1, jfsgug3, eusnjs2"
197,2,1,8,0,787.167,46.833,1,0.667,"ry4nsqjqx9, yke8f0ir52"
198,3,1,8,1,2879.5,106.417,1.25,1.25,"user767736632380, bhbtv103, gddgj719"
199,2,1,6,0,868,77.625,0.5,1.125,"flvfd4, haznmhbrk716"
