"Account","Network","Unique Shares","Avg Time Between Shares (sec)","Edge Symmetry Score","Degree","Strength","Betweenness","Avg Views","Avg Likes","Avg Comments","Avg Shares"
"<a href=""https://tiktok.com/@01k4d70"" target=""_blank"">@01k4d70</a>",26,10,0,0.925,10,190,0,5360.1,137.5,3.4,2.4
"<a href=""https://tiktok.com/@2appookkve"" target=""_blank"">@2appookkve</a>",38,6,0,0.917,5,81,0,500,8,0,0
"<a href=""https://tiktok.com/@3buenynx"" target=""_blank"">@3buenynx</a>",26,10,0,0.925,10,190,0,3329.2,76.3,0.6,2.4
"<a href=""https://tiktok.com/@3mbfklb"" target=""_blank"">@3mbfklb</a>",38,6,0,0.917,5,81,0,1070.667,37.833,0.333,0
"<a href=""https://tiktok.com/@3mmujktv"" target=""_blank"">@3mmujktv</a>",34,7,0,0.875,1,14,0,809.571,37.429,0,0.286
"<a href=""https://tiktok.com/@4hgkdjf"" target=""_blank"">@4hgkdjf</a>",38,6,0,0.917,5,81,0,1551.167,47.5,0.5,0.333
"<a href=""https://tiktok.com/@5538fln"" target=""_blank"">@5538fln</a>",27,6,0,0.917,16,282,0,1413.5,46.333,0.167,0.167
"<a href=""https://tiktok.com/@79z4nq6"" target=""_blank"">@79z4nq6</a>",26,9,0,0.95,10,173,0,364.667,14,0.111,0.222
"<a href=""https://tiktok.com/@8znh4ap"" target=""_blank"">@8znh4ap</a>",26,10,0,0.925,10,190,0,1936,114.8,0.2,0.4
"<a href=""https://tiktok.com/@a.zebra5"" target=""_blank"">@a.zebra5</a>",7,7,0,0.778,4,52,0,1080.571,37.714,0.714,0.571
"<a href=""https://tiktok.com/@abcjcfh"" target=""_blank"">@abcjcfh</a>",11,9,0,0.888,79,1271,0,701,32,0.333,1
"<a href=""https://tiktok.com/@abd.aziz9083"" target=""_blank"">@abd.aziz9083</a>",11,9,0,0.888,85,1360,0,334.111,9.333,0,0
"<a href=""https://tiktok.com/@abdaziz2128"" target=""_blank"">@abdaziz2128</a>",11,9,0,0.888,79,1271,0,952.222,30.667,0.889,0.111
"<a href=""https://tiktok.com/@abdaziz6036"" target=""_blank"">@abdaziz6036</a>",11,8,0,0.938,66,994,0,701.125,33.75,0.875,0
"<a href=""https://tiktok.com/@abfjvdgj"" target=""_blank"">@abfjvdgj</a>",11,7,0,0.938,44,608,0,681.429,25.571,1.286,0.143
"<a href=""https://tiktok.com/@abjjvt"" target=""_blank"">@abjjvt</a>",27,9,0,0.875,17,390,0,598.333,26.111,0.111,0.556
"<a href=""https://tiktok.com/@adan.stockmank"" target=""_blank"">@adan.stockmank</a>",7,7,0,0.938,7,92,0,2074.714,145.571,1.571,5.714
"<a href=""https://tiktok.com/@aed12495"" target=""_blank"">@aed12495</a>",11,8,0,0.938,66,994,0,960.625,34.75,2,0.625
"<a href=""https://tiktok.com/@aed1523"" target=""_blank"">@aed1523</a>",11,10,0,0.855,92,1594,0,1617.4,36.9,1.4,1.2
"<a href=""https://tiktok.com/@aed1729"" target=""_blank"">@aed1729</a>",11,9,0,0.888,85,1347,0,1978.667,117,2.222,3.556
"<a href=""https://tiktok.com/@aed3326"" target=""_blank"">@aed3326</a>",11,9,0,0.888,79,1271,0,802.889,33.778,1.111,2.333
"<a href=""https://tiktok.com/@aed3345"" target=""_blank"">@aed3345</a>",11,7,0,0.938,49,675,0,628.143,23,0.571,0.286
"<a href=""https://tiktok.com/@aed3660"" target=""_blank"">@aed3660</a>",18,9,0,0.916,13,209,0,3914.444,53.333,0.444,0.222
"<a href=""https://tiktok.com/@aed5430"" target=""_blank"">@aed5430</a>",11,9,0,0.888,87,1390,0,5238.889,95.222,1.556,1.111
"<a href=""https://tiktok.com/@aed57705"" target=""_blank"">@aed57705</a>",11,7,0,0.938,49,675,0,971.286,24.857,0.286,0.429
"<a href=""https://tiktok.com/@aed5c8"" target=""_blank"">@aed5c8</a>",11,7,0,0.938,44,608,0,862.143,87.714,0.857,0
"<a href=""https://tiktok.com/@aed6071"" target=""_blank"">@aed6071</a>",22,10,0,0.85,8,130,0,4018,82.2,0.6,0.9
"<a href=""https://tiktok.com/@aed7230"" target=""_blank"">@aed7230</a>",11,10,0,0.855,92,1594,0,623.3,70.1,2.5,1.1
"<a href=""https://tiktok.com/@aed7290"" target=""_blank"">@aed7290</a>",11,9,0,0.888,87,1390,0,537.444,29.222,1.333,2.667
"<a href=""https://tiktok.com/@aed75787"" target=""_blank"">@aed75787</a>",18,10,0,0.894,13,224,0,9728.8,82,1.1,1.3
"<a href=""https://tiktok.com/@aed7p4"" target=""_blank"">@aed7p4</a>",18,10,0,0.894,13,224,0,4297.2,63.6,0.3,1.6
"<a href=""https://tiktok.com/@aed8244"" target=""_blank"">@aed8244</a>",11,9,0,0.888,85,1347,0,732.889,27.778,0.111,1
"<a href=""https://tiktok.com/@aed8562"" target=""_blank"">@aed8562</a>",11,10,0,0.855,92,1594,0,759.5,55.1,16.8,1.8
"<a href=""https://tiktok.com/@aed9321"" target=""_blank"">@aed9321</a>",11,8,0,0.938,66,994,0,1000.875,69.5,1.875,0.625
"<a href=""https://tiktok.com/@aeda1689"" target=""_blank"">@aeda1689</a>",18,10,0,0.894,13,224,0,18559.5,85.2,1.3,4
"<a href=""https://tiktok.com/@aedbr6"" target=""_blank"">@aedbr6</a>",11,9,0,0.888,80,1282,0,670.556,20,0.556,0.222
"<a href=""https://tiktok.com/@aedfm3"" target=""_blank"">@aedfm3</a>",8,5,0,0.417,1,15,0,1915,96.2,2.2,2.2
"<a href=""https://tiktok.com/@aedhdici"" target=""_blank"">@aedhdici</a>",11,8,0,0.938,68,1026,0,1401.25,49,0.75,0.875
"<a href=""https://tiktok.com/@aedhdjcocj"" target=""_blank"">@aedhdjcocj</a>",11,10,0,0.855,92,1594,0,323.6,13.8,0.1,0
"<a href=""https://tiktok.com/@aedidpdobf"" target=""_blank"">@aedidpdobf</a>",11,9,0,0.888,85,1347,0,363.556,14.222,0.111,0.333
"<a href=""https://tiktok.com/@aedifyiycjxt"" target=""_blank"">@aedifyiycjxt</a>",9,7,0,0.875,1,14,0,653.429,39.429,0.429,0.429
"<a href=""https://tiktok.com/@aedjdpckd"" target=""_blank"">@aedjdpckd</a>",8,10,0,0.824,42,674,0,108929.3,3260.1,30.1,34.4
"<a href=""https://tiktok.com/@aedjpidhd"" target=""_blank"">@aedjpidhd</a>",8,8,0,0.784,23,336,0,6198.875,120.75,1.25,1.25
"<a href=""https://tiktok.com/@aedvziocjc"" target=""_blank"">@aedvziocjc</a>",8,7,0,0.633,10,141,0,2223,125.143,0.429,0.571
"<a href=""https://tiktok.com/@aedyckctu"" target=""_blank"">@aedyckctu</a>",11,10,0,0.855,92,1594,0,3080.5,174.4,1,0.4
"<a href=""https://tiktok.com/@aefhkddh"" target=""_blank"">@aefhkddh</a>",11,8,0,0.891,60,898,0,2330.875,88.25,0.5,1.375
"<a href=""https://tiktok.com/@aiden50348"" target=""_blank"">@aiden50348</a>",11,7,0,0.938,43,597,0,949.143,33,2.286,0.571
"<a href=""https://tiktok.com/@aiudugd"" target=""_blank"">@aiudugd</a>",8,7,0,0.81,15,211,0,776.714,48.286,0.571,1
"<a href=""https://tiktok.com/@alanlang42"" target=""_blank"">@alanlang42</a>",12,10,0,0.875,1,14,0,949.5,57.6,28.8,2
"<a href=""https://tiktok.com/@alfhild.lunstrum"" target=""_blank"">@alfhild.lunstrum</a>",8,6,0,0.417,1,15,0,1846.667,62.167,1.5,0.667
"<a href=""https://tiktok.com/@amazinggirl_120"" target=""_blank"">@amazinggirl_120</a>",31,29,0,0.805,6,494,0,169.467,21.5,3.467,0.467
"<a href=""https://tiktok.com/@ammcgpo"" target=""_blank"">@ammcgpo</a>",30,8,0,0.938,5,76,0,437.125,23.625,0,0.25
"<a href=""https://tiktok.com/@amzing_star0"" target=""_blank"">@amzing_star0</a>",3,8,0,0.833,1,15,0,3236.3,297.6,17.5,2.4
"<a href=""https://tiktok.com/@anaxagoras.harlen"" target=""_blank"">@anaxagoras.harlen</a>",11,10,0,0.855,92,1594,0,5824.9,151.1,1,2.9
"<a href=""https://tiktok.com/@aodidi148"" target=""_blank"">@aodidi148</a>",21,7,0,0.938,7,97,0,7774,175,2.857,2.429
"<a href=""https://tiktok.com/@areplan_driver120"" target=""_blank"">@areplan_driver120</a>",31,20,0,0.675,9,854,0,333.6,26.15,5.95,0.35
"<a href=""https://tiktok.com/@asdfsasd.fgdfdgas"" target=""_blank"">@asdfsasd.fgdfdgas</a>",13,10,0,0.894,10,166,0,8966.3,215.6,3.7,4.7
"<a href=""https://tiktok.com/@awgthc"" target=""_blank"">@awgthc</a>",27,11,0,0.91,21,526,0,552.818,24.364,0.091,0.182
"<a href=""https://tiktok.com/@aynor.ogawa"" target=""_blank"">@aynor.ogawa</a>",18,8,0,0.938,9,138,0,3271.625,52,0.25,1.125
"<a href=""https://tiktok.com/@b_baoma154"" target=""_blank"">@b_baoma154</a>",21,8,0,0.938,9,138,0,2863.25,80.25,0.75,9
"<a href=""https://tiktok.com/@b_vtost109"" target=""_blank"">@b_vtost109</a>",21,10,0,0.894,21,348,0,8964.2,116.1,6.8,61.1
"<a href=""https://tiktok.com/@baomama125"" target=""_blank"">@baomama125</a>",21,8,0,0.938,17,258,0,9652.75,210.375,3.75,2.75
"<a href=""https://tiktok.com/@bartholomewnancybz1025"" target=""_blank"">@bartholomewnancybz1025</a>",13,7,0,0.875,2,28,0,1553.571,61.857,0.714,19
"<a href=""https://tiktok.com/@bate.hynda"" target=""_blank"">@bate.hynda</a>",18,10,0,0.925,10,162,0,24311.2,195.6,1.9,3.4
"<a href=""https://tiktok.com/@bbfj54"" target=""_blank"">@bbfj54</a>",11,7,0,0.938,38,526,0,8221.571,74.857,1.286,0.571
"<a href=""https://tiktok.com/@bcjjc54"" target=""_blank"">@bcjjc54</a>",8,7,0,0.715,5,71,0,336950.286,13804.571,50.286,85.143
"<a href=""https://tiktok.com/@bdbdchhd"" target=""_blank"">@bdbdchhd</a>",2,8,0,0.829,10,197,0,918.125,47.875,0.375,1.25
"<a href=""https://tiktok.com/@bdbdhhehh"" target=""_blank"">@bdbdhhehh</a>",17,7,0,0.938,6,114,0,139.857,1.429,0,0
"<a href=""https://tiktok.com/@bdodhc"" target=""_blank"">@bdodhc</a>",8,8,0,0.847,21,324,0,346.375,18,1.5,0.75
"<a href=""https://tiktok.com/@be.jkigv"" target=""_blank"">@be.jkigv</a>",5,10,0,0.925,13,185,0,710.8,46.7,0.4,0.9
"<a href=""https://tiktok.com/@beacherarmstrong2005"" target=""_blank"">@beacherarmstrong2005</a>",33,6,0,0.857,1,14,0,1735,43.167,0.667,0.5
"<a href=""https://tiktok.com/@beaty_queen_22"" target=""_blank"">@beaty_queen_22</a>",3,9,0,0.849,3,43,0,674,89.9,8,0.9
"<a href=""https://tiktok.com/@bffb2489"" target=""_blank"">@bffb2489</a>",29,8,0,0.899,30,643,0,1301.625,111.75,0.875,2
"<a href=""https://tiktok.com/@bfffercajm"" target=""_blank"">@bfffercajm</a>",36,6,0,0.917,5,78,0,1305.833,83.167,0.833,0.833
"<a href=""https://tiktok.com/@bfihc"" target=""_blank"">@bfihc</a>",11,10,0,0.855,92,1594,0,1765.3,62.3,0.3,0.6
"<a href=""https://tiktok.com/@bgfddf8888"" target=""_blank"">@bgfddf8888</a>",11,7,0,0.739,41,559,0,935,47.714,0.286,1.143
"<a href=""https://tiktok.com/@billo_driver3535"" target=""_blank"">@billo_driver3535</a>",31,12,0,0.763,3,228,0,3.75,0.25,0.917,0
"<a href=""https://tiktok.com/@bipiqo"" target=""_blank"">@bipiqo</a>",27,12,0,0.91,21,570,0,653.833,26.083,0.167,0.25
"<a href=""https://tiktok.com/@bivydu"" target=""_blank"">@bivydu</a>",8,9,0,0.819,20,295,0,762.222,30.444,0.556,0.778
"<a href=""https://tiktok.com/@biytff8bh8"" target=""_blank"">@biytff8bh8</a>",36,5,0,0.917,5,69,0,1333.4,171.8,1.2,2
"<a href=""https://tiktok.com/@bjv196"" target=""_blank"">@bjv196</a>",8,9,0,0.847,22,340,0,558,21.7,0.5,0.3
"<a href=""https://tiktok.com/@bmc12655"" target=""_blank"">@bmc12655</a>",5,10,0,0.894,15,280,0,834.6,35.5,0,0.6
"<a href=""https://tiktok.com/@bpgarp"" target=""_blank"">@bpgarp</a>",27,12,0,0.91,21,570,0,410.417,9.167,0.083,0.167
"<a href=""https://tiktok.com/@bridget.pugeda"" target=""_blank"">@bridget.pugeda</a>",8,9,0,0.851,37,560,0.001,1915,67,1.778,0.667
"<a href=""https://tiktok.com/@bruchy.pembertonk"" target=""_blank"">@bruchy.pembertonk</a>",7,7,0,1,6,78,0,760.571,55.143,1.286,5
"<a href=""https://tiktok.com/@bsbseuo"" target=""_blank"">@bsbseuo</a>",15,10,0,0.9,33,626,0,43828.1,1349.3,28.3,35.2
"<a href=""https://tiktok.com/@bvoo3130"" target=""_blank"">@bvoo3130</a>",28,12,0,0.958,5,177,0,9226.583,179.083,0.5,0.75
"<a href=""https://tiktok.com/@c_pegif193"" target=""_blank"">@c_pegif193</a>",21,8,0,0.938,17,258,0,37489.125,420.375,2.75,2.25
"<a href=""https://tiktok.com/@cagnhd"" target=""_blank"">@cagnhd</a>",15,10,0,0.9,33,626,0,3025.3,111.5,7.3,1.8
"<a href=""https://tiktok.com/@celedonio.mange"" target=""_blank"">@celedonio.mange</a>",8,8,0,0.833,5,84,0,112963.125,1974,15.875,18.25
"<a href=""https://tiktok.com/@chantalkusch"" target=""_blank"">@chantalkusch</a>",6,10,0,1,8,156,0,174143.6,4984.8,5.4,29
"<a href=""https://tiktok.com/@chccggc1"" target=""_blank"">@chccggc1</a>",17,8,0,0.938,6,118,0,992.625,9.75,0.125,0
"<a href=""https://tiktok.com/@chcjg0"" target=""_blank"">@chcjg0</a>",11,7,0,0.739,43,585,0,2037.714,75.429,5.857,1.857
"<a href=""https://tiktok.com/@chcryd"" target=""_blank"">@chcryd</a>",22,8,0,0.896,5,73,0,4506,90.25,0.25,0.625
"<a href=""https://tiktok.com/@chhvtdy"" target=""_blank"">@chhvtdy</a>",6,10,0,1,8,156,0,967.8,73.9,0.4,0.9
"<a href=""https://tiktok.com/@china_cutegirl22"" target=""_blank"">@china_cutegirl22</a>",4,10,0,0.85,2,31,0,2110.6,182.9,8.1,1.5
"<a href=""https://tiktok.com/@china_girl_526"" target=""_blank"">@china_girl_526</a>",4,6,0,0.5,1,13,0,737.364,78.727,4,1.364
"<a href=""https://tiktok.com/@chinuo.zhong"" target=""_blank"">@chinuo.zhong</a>",23,13,0,0.769,1,26,0,7662.923,190.692,2.154,2.154
"<a href=""https://tiktok.com/@chjvk"" target=""_blank"">@chjvk</a>",19,9,0,0.875,1,14,0,1102.889,52.667,0.444,1
"<a href=""https://tiktok.com/@chumi_driver102"" target=""_blank"">@chumi_driver102</a>",31,24,0,0.758,9,1104,0,782.125,59.792,33.5,0.375
"<a href=""https://tiktok.com/@chvftn"" target=""_blank"">@chvftn</a>",11,9,0,0.888,85,1347,0,857.667,26.556,4.333,2.889
"<a href=""https://tiktok.com/@cipk.jpgb"" target=""_blank"">@cipk.jpgb</a>",32,5,0,1,1,13,0,128.4,2.4,0,0
"<a href=""https://tiktok.com/@cirila.mccorkle"" target=""_blank"">@cirila.mccorkle</a>",11,9,0,0.888,79,1271,0,50227.111,634.222,3.556,5.111
"<a href=""https://tiktok.com/@cjire9104"" target=""_blank"">@cjire9104</a>",29,9,0,0.889,30,726,0,1452.556,97.889,0.222,0.444
"<a href=""https://tiktok.com/@cjirr8920"" target=""_blank"">@cjirr8920</a>",29,9,0,0.889,30,726,0,780.556,37,0.111,0.111
"<a href=""https://tiktok.com/@cjitr2086"" target=""_blank"">@cjitr2086</a>",29,9,0,0.889,30,726,0,2484.556,38,0.444,0.444
"<a href=""https://tiktok.com/@cjur6297"" target=""_blank"">@cjur6297</a>",29,9,0,0.889,30,726,0,1045.333,83.778,0.444,0.444
"<a href=""https://tiktok.com/@clirr5282"" target=""_blank"">@clirr5282</a>",29,7,0,0.829,27,533,0,969,153.143,0.714,0.714
"<a href=""https://tiktok.com/@coicbf"" target=""_blank"">@coicbf</a>",11,10,0,0.855,92,1594,0,2006.1,65,1.5,1.2
"<a href=""https://tiktok.com/@cokestory1"" target=""_blank"">@cokestory1</a>",8,12,0,0.741,36,627,0,28962.25,464.833,3.917,5.167
"<a href=""https://tiktok.com/@coref8734"" target=""_blank"">@coref8734</a>",29,6,0,0.917,25,435,0,692,22.5,0.5,0.5
"<a href=""https://tiktok.com/@courr1227"" target=""_blank"">@courr1227</a>",29,9,0,0.889,30,726,0,707.111,19.778,0.333,0.222
"<a href=""https://tiktok.com/@craig.harrell0"" target=""_blank"">@craig.harrell0</a>",11,10,0,0.875,1,14,0,1036.8,112.3,2.4,2.1
"<a href=""https://tiktok.com/@crtyougo"" target=""_blank"">@crtyougo</a>",15,10,0,0.9,33,626,0,982.3,44.4,1.7,0.6
"<a href=""https://tiktok.com/@csusvhb"" target=""_blank"">@csusvhb</a>",15,8,0,0.938,32,500,0,2159.875,41.25,3.25,0.375
"<a href=""https://tiktok.com/@cute_chumi_girl208"" target=""_blank"">@cute_chumi_girl208</a>",31,14,0,0.703,7,554,0,8,0.786,2.643,0.429
"<a href=""https://tiktok.com/@cutedriver120"" target=""_blank"">@cutedriver120</a>",31,30,0,0.68,10,1180,0,329.7,30.233,2.633,0.167
"<a href=""https://tiktok.com/@cutegirlbabe2"" target=""_blank"">@cutegirlbabe2</a>",31,12,0,0.71,10,317,0,1156.583,51.167,1.25,1
"<a href=""https://tiktok.com/@cutequeen_driver120"" target=""_blank"">@cutequeen_driver120</a>",31,42,0,0.8,11,2274,0,326.5,34.405,3.595,1.19
"<a href=""https://tiktok.com/@d_odbeu124"" target=""_blank"">@d_odbeu124</a>",21,9,0,0.916,20,302,0,2615.556,92,1.667,17.889
"<a href=""https://tiktok.com/@dadd.dhh7"" target=""_blank"">@dadd.dhh7</a>",25,6,0,0.917,18,303,0,1568.667,25,0.333,1.833
"<a href=""https://tiktok.com/@danaobenkuil"" target=""_blank"">@danaobenkuil</a>",10,9,0,0.938,6,86,0,6000.778,171.778,3.111,2.556
"<a href=""https://tiktok.com/@dayle.malin"" target=""_blank"">@dayle.malin</a>",9,7,0,0.875,1,14,0,759.429,49.143,0.714,1.286
"<a href=""https://tiktok.com/@dayutoureddit"" target=""_blank"">@dayutoureddit</a>",8,6,0,0.667,1,18,0,677.833,26,1.5,0.5
"<a href=""https://tiktok.com/@debran.oxonrp00"" target=""_blank"">@debran.oxonrp00</a>",18,7,0,0.938,9,124,0,4898.714,82.571,0.286,2.286
"<a href=""https://tiktok.com/@debran.oxonrp03"" target=""_blank"">@debran.oxonrp03</a>",18,9,0,0.916,13,209,0,127788.444,2037.778,6.222,41.444
"<a href=""https://tiktok.com/@debran.oxonrp81"" target=""_blank"">@debran.oxonrp81</a>",18,9,0,0.925,10,160,0,14093.778,183.556,1.778,2.667
"<a href=""https://tiktok.com/@debran.oxonrp86"" target=""_blank"">@debran.oxonrp86</a>",18,10,0,0.894,13,224,0,15356.2,84,2.1,2.2
"<a href=""https://tiktok.com/@dfyioo.nko"" target=""_blank"">@dfyioo.nko</a>",25,6,0,0.917,18,303,0,1832.167,35.333,0.167,0.5
"<a href=""https://tiktok.com/@dguy8654"" target=""_blank"">@dguy8654</a>",11,9,0,0.888,79,1271,0,773.778,28.333,0.333,1
"<a href=""https://tiktok.com/@dh.sn27"" target=""_blank"">@dh.sn27</a>",24,7,0,0.739,2,27,0,89557.143,1911,11.571,19.571
"<a href=""https://tiktok.com/@dhcdyh"" target=""_blank"">@dhcdyh</a>",11,9,0,0.888,80,1282,0,565.667,24.444,0.333,2
"<a href=""https://tiktok.com/@dhcdyj5"" target=""_blank"">@dhcdyj5</a>",11,8,0,0.938,68,1026,0,797.25,27.375,5.625,25.75
"<a href=""https://tiktok.com/@dhcghcb"" target=""_blank"">@dhcghcb</a>",15,10,0,0.9,33,626,0,1197.6,59.4,3.9,0.6
"<a href=""https://tiktok.com/@dhhi6645"" target=""_blank"">@dhhi6645</a>",29,6,0,0.917,27,471,0,539.667,34.833,0.667,0.333
"<a href=""https://tiktok.com/@dhicug"" target=""_blank"">@dhicug</a>",11,9,0,0.888,85,1347,0,2825.333,41,1.222,0.778
"<a href=""https://tiktok.com/@dhut98545"" target=""_blank"">@dhut98545</a>",11,8,0,0.891,60,899,0,1353.25,50,0.375,0.625
"<a href=""https://tiktok.com/@dianaantoinette2000"" target=""_blank"">@dianaantoinette2000</a>",13,7,0,0.778,2,26,0,638.286,23.857,0,0
"<a href=""https://tiktok.com/@dijx3903"" target=""_blank"">@dijx3903</a>",28,12,0,0.958,5,177,0,1702.833,44.333,0.167,0.083
"<a href=""https://tiktok.com/@dilorenzo.medlohk"" target=""_blank"">@dilorenzo.medlohk</a>",7,9,0,0.885,15,214,0,4774.889,137.333,0.667,1
"<a href=""https://tiktok.com/@djisks96"" target=""_blank"">@djisks96</a>",38,5,0,0.833,3,45,0,1415.2,81.2,0.4,0
"<a href=""https://tiktok.com/@djjsjbxjb"" target=""_blank"">@djjsjbxjb</a>",35,5,0,1,1,13,0,920.4,42.2,0.8,1
"<a href=""https://tiktok.com/@djskgikeejk8"" target=""_blank"">@djskgikeejk8</a>",2,9,0,0.778,10,219,0,676.333,15.444,0.444,0.111
"<a href=""https://tiktok.com/@dmssndn.hdmsmen"" target=""_blank"">@dmssndn.hdmsmen</a>",37,6,0,0.75,1,16,0,2556.167,47.333,0.833,0.5
"<a href=""https://tiktok.com/@doiplo1"" target=""_blank"">@doiplo1</a>",27,6,0,0.917,15,261,0,638.167,32.667,0,0.167
"<a href=""https://tiktok.com/@dscgty"" target=""_blank"">@dscgty</a>",22,8,0,0.896,5,73,0,1609.125,50.375,0.5,0.625
"<a href=""https://tiktok.com/@dtbtcc8"" target=""_blank"">@dtbtcc8</a>",27,12,0,0.91,21,570,0,1016.417,21,0.25,0.167
"<a href=""https://tiktok.com/@dtkwod"" target=""_blank"">@dtkwod</a>",15,10,0,0.9,33,626,0,847.7,33.4,0.9,0.4
"<a href=""https://tiktok.com/@dung.tran2322"" target=""_blank"">@dung.tran2322</a>",18,9,0,0.925,9,132,0,1474.222,37.667,0.444,1.556
"<a href=""https://tiktok.com/@dutiutx"" target=""_blank"">@dutiutx</a>",6,10,0,1,8,156,0,1395.1,44.5,0.4,0.1
"<a href=""https://tiktok.com/@duvfyh1"" target=""_blank"">@duvfyh1</a>",13,9,0,0.885,9,134,0,1208.778,34.111,1.444,1
"<a href=""https://tiktok.com/@dvnedc"" target=""_blank"">@dvnedc</a>",11,10,0,0.855,92,1594,0,645.3,31.2,0.8,0.5
"<a href=""https://tiktok.com/@dvvsaag"" target=""_blank"">@dvvsaag</a>",30,8,0,0.938,5,76,0,3717.75,122.875,1.875,1.125
"<a href=""https://tiktok.com/@dydes6"" target=""_blank"">@dydes6</a>",37,8,0,0.75,1,16,0,1557.625,163.75,1.75,4.5
"<a href=""https://tiktok.com/@egsaappo"" target=""_blank"">@egsaappo</a>",30,8,0,0.938,5,76,0,805.5,29.375,0.125,0.125
"<a href=""https://tiktok.com/@ehgw1916"" target=""_blank"">@ehgw1916</a>",29,8,0,0.899,30,643,0,960.5,22.125,0.125,0.125
"<a href=""https://tiktok.com/@eiwv9484"" target=""_blank"">@eiwv9484</a>",29,8,0,0.899,30,643,0,1054.75,66.125,0.25,0.5
"<a href=""https://tiktok.com/@elmacatharine2013"" target=""_blank"">@elmacatharine2013</a>",33,6,0,0.857,1,14,0,484.5,17.5,0.5,2.833
"<a href=""https://tiktok.com/@elvistrevelyan0204"" target=""_blank"">@elvistrevelyan0204</a>",13,8,0,0.944,3,44,0,17210.125,159.625,0.625,1.75
"<a href=""https://tiktok.com/@enncdhv"" target=""_blank"">@enncdhv</a>",30,8,0,0.896,4,57,0,886.125,33.5,0.875,0.125
"<a href=""https://tiktok.com/@eodn8506"" target=""_blank"">@eodn8506</a>",29,8,0,0.899,30,643,0,1142.625,63.75,0.125,0.25
"<a href=""https://tiktok.com/@eqmhqf"" target=""_blank"">@eqmhqf</a>",27,12,0,0.91,21,570,0,649.417,20.167,0.083,0.083
"<a href=""https://tiktok.com/@erima.tumpa"" target=""_blank"">@erima.tumpa</a>",24,8,0,0.896,5,71,0,1006.5,35.375,0.125,0.125
"<a href=""https://tiktok.com/@esjsisi3"" target=""_blank"">@esjsisi3</a>",24,9,0,0.93,5,78,0,2030.667,69.444,2.667,3.444
"<a href=""https://tiktok.com/@esperance.sulcer"" target=""_blank"">@esperance.sulcer</a>",8,9,0,0.813,36,548,0,1787.333,50,1.111,1.333
"<a href=""https://tiktok.com/@estherwebb1225"" target=""_blank"">@estherwebb1225</a>",13,10,0,0.894,10,166,0,9877.2,263.8,3.9,15.5
"<a href=""https://tiktok.com/@eternally36"" target=""_blank"">@eternally36</a>",8,8,0,0.847,15,232,0,615.875,20.625,0.875,0
"<a href=""https://tiktok.com/@etuo.uop"" target=""_blank"">@etuo.uop</a>",25,5,0,0.917,16,232,0,156.4,3,0,0
"<a href=""https://tiktok.com/@eudazpstrvf"" target=""_blank"">@eudazpstrvf</a>",10,8,0,0.875,1,14,0,4852.5,119.75,2,1.75
"<a href=""https://tiktok.com/@evdsfgg89"" target=""_blank"">@evdsfgg89</a>",36,5,0,0.917,5,69,0,1297.8,143,1.6,1.4
"<a href=""https://tiktok.com/@evxsaabi"" target=""_blank"">@evxsaabi</a>",30,9,0,0.93,6,92,0,2063.556,60.444,0,0.556
"<a href=""https://tiktok.com/@f_baomm324"" target=""_blank"">@f_baomm324</a>",21,7,0,0.938,12,167,0,921.429,27.143,0.286,1.286
"<a href=""https://tiktok.com/@f_kebsu024"" target=""_blank"">@f_kebsu024</a>",21,8,0,0.938,9,136,0,10073.375,117.125,3.5,3
"<a href=""https://tiktok.com/@famvho"" target=""_blank"">@famvho</a>",30,8,0,0.875,1,14,0,995.625,46.375,0.875,0.125
"<a href=""https://tiktok.com/@fatal2380"" target=""_blank"">@fatal2380</a>",7,9,0,0.885,15,214,0,1734.667,87.444,1.444,1.444
"<a href=""https://tiktok.com/@fauy8466"" target=""_blank"">@fauy8466</a>",11,10,0,0.855,92,1594,0,3028.6,73.4,1.5,2.9
"<a href=""https://tiktok.com/@fcvbvv57"" target=""_blank"">@fcvbvv57</a>",17,6,0,1,6,108,0,9784.333,39.667,0.667,0.167
"<a href=""https://tiktok.com/@fdijc3"" target=""_blank"">@fdijc3</a>",5,9,0,0.916,14,240,0,4677,58.111,1.556,0.667
"<a href=""https://tiktok.com/@fecbgf"" target=""_blank"">@fecbgf</a>",22,9,0,0.86,7,105,0,132528,6243.444,26.778,121
"<a href=""https://tiktok.com/@fengtiantian65"" target=""_blank"">@fengtiantian65</a>",21,8,0,0.855,9,137,0,2200.75,49.125,0.25,0.25
"<a href=""https://tiktok.com/@ferdinandbecky1982"" target=""_blank"">@ferdinandbecky1982</a>",13,10,0,0.894,10,166,0,1166.2,68.2,1,0.9
"<a href=""https://tiktok.com/@fgjio.ghkl"" target=""_blank"">@fgjio.ghkl</a>",25,6,0,0.917,18,303,0,139.333,2.5,0,0
"<a href=""https://tiktok.com/@fgjores"" target=""_blank"">@fgjores</a>",25,6,0,0.917,18,303,0,494.667,11.667,0.167,0
"<a href=""https://tiktok.com/@fh.hfko"" target=""_blank"">@fh.hfko</a>",7,9,0,0.944,9,141,0,1798.778,69.111,1,0.556
"<a href=""https://tiktok.com/@fhchf25"" target=""_blank"">@fhchf25</a>",8,7,0,0.81,15,211,0,1549.571,41.143,1.429,7.857
"<a href=""https://tiktok.com/@fhda78402"" target=""_blank"">@fhda78402</a>",28,12,0,0.958,5,177,0,405.25,11.083,0.083,0.083
"<a href=""https://tiktok.com/@fhdycf"" target=""_blank"">@fhdycf</a>",11,7,0,0.938,49,675,0,1167.571,36.286,0.286,0.286
"<a href=""https://tiktok.com/@fhfry4764"" target=""_blank"">@fhfry4764</a>",13,8,0,0.944,3,44,0,10139.125,63.125,0.5,0.125
"<a href=""https://tiktok.com/@fhvdet"" target=""_blank"">@fhvdet</a>",22,7,0,0.7,2,28,0,3977.143,86.286,0.714,1.429
"<a href=""https://tiktok.com/@ficeuoo"" target=""_blank"">@ficeuoo</a>",8,8,0,1,4,64,0,865,50.875,0.75,3.25
"<a href=""https://tiktok.com/@fichfj1"" target=""_blank"">@fichfj1</a>",8,7,0,0.81,15,211,0,834.286,32.429,0.857,0.143
"<a href=""https://tiktok.com/@fiific8"" target=""_blank"">@fiific8</a>",24,10,0,0.8,8,126,0,1715.5,48.5,1,0.5
"<a href=""https://tiktok.com/@fiir2712"" target=""_blank"">@fiir2712</a>",29,6,0,0.917,27,471,0,347.833,14.667,0.167,0
"<a href=""https://tiktok.com/@finishthemovie3"" target=""_blank"">@finishthemovie3</a>",13,9,0,0.921,6,88,0,32551.889,1168.333,4.556,4.667
"<a href=""https://tiktok.com/@fiur8444"" target=""_blank"">@fiur8444</a>",29,9,0,0.889,30,726,0,7417.556,84.333,0.222,0.444
"<a href=""https://tiktok.com/@fiutfvjj"" target=""_blank"">@fiutfvjj</a>",11,10,0,0.855,92,1594,0,987,52.3,0.2,0.4
"<a href=""https://tiktok.com/@fjggds0808"" target=""_blank"">@fjggds0808</a>",11,10,0,0.855,92,1594,0,890.1,39.8,0.7,2.2
"<a href=""https://tiktok.com/@fjgr86434"" target=""_blank"">@fjgr86434</a>",11,9,0,0.888,85,1360,0,814,35.556,0.222,0.444
"<a href=""https://tiktok.com/@fjgryg0"" target=""_blank"">@fjgryg0</a>",22,7,0,0.739,3,41,0,5521.714,103,2.571,1
"<a href=""https://tiktok.com/@fjjgdvx"" target=""_blank"">@fjjgdvx</a>",15,10,0,0.9,33,626,0,1829.6,73.5,1.3,2
"<a href=""https://tiktok.com/@fjvfjk4"" target=""_blank"">@fjvfjk4</a>",8,10,0,0.847,23,358,0,19750,539.3,2.9,2.9
"<a href=""https://tiktok.com/@fkir2290"" target=""_blank"">@fkir2290</a>",29,6,0,0.917,27,471,0,278.667,8,0.167,0
"<a href=""https://tiktok.com/@fkur7594"" target=""_blank"">@fkur7594</a>",29,9,0,0.889,30,726,0,4887.667,90.222,0.889,1.667
"<a href=""https://tiktok.com/@fnnf8890"" target=""_blank"">@fnnf8890</a>",29,9,0,0.889,30,726,0,996.444,83.556,0.444,1
"<a href=""https://tiktok.com/@fody.noachp"" target=""_blank"">@fody.noachp</a>",7,9,0,0.921,10,151,0,23019.667,336.222,1.333,3.222
"<a href=""https://tiktok.com/@frdg25"" target=""_blank"">@frdg25</a>",8,9,0,0.797,32,486,0.001,2500.889,159,2.444,6.556
"<a href=""https://tiktok.com/@fredagraham2022"" target=""_blank"">@fredagraham2022</a>",13,9,0,0.885,9,134,0,764.333,36.333,0.778,1.556
"<a href=""https://tiktok.com/@frees.ess"" target=""_blank"">@frees.ess</a>",25,6,0,0.917,18,303,0,243.833,2.333,0,0.167
"<a href=""https://tiktok.com/@fuchc053"" target=""_blank"">@fuchc053</a>",11,8,0,0.938,56,848,0,885.75,41,0.125,0.875
"<a href=""https://tiktok.com/@fuckh78"" target=""_blank"">@fuckh78</a>",8,9,0,0.847,18,259,0,5486.889,126.444,2,2.222
"<a href=""https://tiktok.com/@fuddg743"" target=""_blank"">@fuddg743</a>",11,10,0,0.855,92,1594,0,1489.4,46.1,0.5,0.3
"<a href=""https://tiktok.com/@fugfuj33"" target=""_blank"">@fugfuj33</a>",10,8,0,0.938,3,46,0,1991.375,73.625,0.875,3
"<a href=""https://tiktok.com/@fughf21"" target=""_blank"">@fughf21</a>",5,10,0,0.894,15,280,0,1843.9,146.2,1,2.3
"<a href=""https://tiktok.com/@fujgds.guio"" target=""_blank"">@fujgds.guio</a>",25,6,0,0.917,18,303,0,302.167,3.167,0,0
"<a href=""https://tiktok.com/@fuvfcb"" target=""_blank"">@fuvfcb</a>",11,7,0,0.739,42,572,0,711.571,37.286,0.429,1.143
"<a href=""https://tiktok.com/@gcgi66"" target=""_blank"">@gcgi66</a>",11,7,0,0.938,40,553,0,76205.143,3966.571,31.857,100.714
"<a href=""https://tiktok.com/@gckcj4"" target=""_blank"">@gckcj4</a>",11,10,0,0.855,92,1594,0,1376.5,30.9,0.2,0.6
"<a href=""https://tiktok.com/@gdkzfj"" target=""_blank"">@gdkzfj</a>",16,10,0,0.875,2,28,0,3678.8,114.7,1.5,6.5
"<a href=""https://tiktok.com/@gdsd888"" target=""_blank"">@gdsd888</a>",11,10,0,0.855,92,1594,0,5113.8,62.7,1,0.8
"<a href=""https://tiktok.com/@gdvbgv3"" target=""_blank"">@gdvbgv3</a>",11,9,0,0.888,80,1282,0,1251.222,16.667,0.222,0
"<a href=""https://tiktok.com/@geiodhs"" target=""_blank"">@geiodhs</a>",8,9,0,0.813,36,548,0,1094.111,48.889,2,11
"<a href=""https://tiktok.com/@geujcc"" target=""_blank"">@geujcc</a>",11,8,0,0.891,65,967,0,2257.25,123.75,1.375,1.625
"<a href=""https://tiktok.com/@gfovpcj"" target=""_blank"">@gfovpcj</a>",8,5,0,0.556,1,15,0,2185.2,45.2,1.4,0.4
"<a href=""https://tiktok.com/@ggdthij"" target=""_blank"">@ggdthij</a>",2,6,0,0.917,7,114,0,675.667,42.667,0.667,3.5
"<a href=""https://tiktok.com/@ggycyxr"" target=""_blank"">@ggycyxr</a>",8,8,0,0.847,8,118,0,453.625,27.25,0.375,0.25
"<a href=""https://tiktok.com/@gh.eh16"" target=""_blank"">@gh.eh16</a>",24,7,0,0.739,2,27,0,49951.571,909,1.286,4.714
"<a href=""https://tiktok.com/@ghhj8554"" target=""_blank"">@ghhj8554</a>",28,12,0,0.958,5,177,0,2146.583,56.75,0.25,0.417
"<a href=""https://tiktok.com/@ghjvfh4"" target=""_blank"">@ghjvfh4</a>",11,7,0,0.938,44,610,0,1310.571,82.714,8,16.857
"<a href=""https://tiktok.com/@givtuv"" target=""_blank"">@givtuv</a>",23,10,0,0.769,1,26,0,65422.1,1628.5,21.7,18.9
"<a href=""https://tiktok.com/@gjcfyc"" target=""_blank"">@gjcfyc</a>",13,7,0,0.875,2,28,0,2457.857,77.143,0.714,1
"<a href=""https://tiktok.com/@gjguq6894"" target=""_blank"">@gjguq6894</a>",29,9,0,0.889,30,726,0,1540,87.333,1.333,0.778
"<a href=""https://tiktok.com/@gjus6238"" target=""_blank"">@gjus6238</a>",29,9,0,0.889,30,726,0,1073.556,48.444,0.222,0.222
"<a href=""https://tiktok.com/@gjvx140"" target=""_blank"">@gjvx140</a>",11,8,0,0.938,66,994,0,1535,54.875,0.375,0.25
"<a href=""https://tiktok.com/@godv7302"" target=""_blank"">@godv7302</a>",11,10,0,0.855,92,1594,0,1042.9,21,0.3,0
"<a href=""https://tiktok.com/@gour2295"" target=""_blank"">@gour2295</a>",29,9,0,0.889,30,726,0,723.889,41.778,0.222,0.111
"<a href=""https://tiktok.com/@greeryy2"" target=""_blank"">@greeryy2</a>",25,5,0,0.917,16,232,0,80,6,0.2,0
"<a href=""https://tiktok.com/@grsxhi1"" target=""_blank"">@grsxhi1</a>",30,9,0,0.938,6,90,0,8573.222,128.889,0.667,1.889
"<a href=""https://tiktok.com/@grukc02"" target=""_blank"">@grukc02</a>",11,9,0,0.888,80,1282,0,2940.667,138.333,2,0.889
"<a href=""https://tiktok.com/@gskdl.duo"" target=""_blank"">@gskdl.duo</a>",25,6,0,0.917,18,303,0,737.167,28.833,0.5,0.5
"<a href=""https://tiktok.com/@gskpccbd"" target=""_blank"">@gskpccbd</a>",11,10,0,0.855,92,1594,0,1579.4,48.1,0.3,0.5
"<a href=""https://tiktok.com/@gsufb86"" target=""_blank"">@gsufb86</a>",11,9,0,0.888,85,1360,0,1582.667,25.778,0.111,0.889
"<a href=""https://tiktok.com/@gthggg8"" target=""_blank"">@gthggg8</a>",17,6,0,1,6,108,0,599.333,2.5,0,0
"<a href=""https://tiktok.com/@guerin.ontiverok"" target=""_blank"">@guerin.ontiverok</a>",7,7,0,0.778,4,52,0,26977.714,460,33.286,8.143
"<a href=""https://tiktok.com/@guoonn.hkp"" target=""_blank"">@guoonn.hkp</a>",25,5,0,0.917,16,232,0,539,8.6,0.6,0
"<a href=""https://tiktok.com/@gxicofj"" target=""_blank"">@gxicofj</a>",8,9,0,0.813,36,548,0,1359.444,63.556,1.333,0.333
"<a href=""https://tiktok.com/@h_kp82"" target=""_blank"">@h_kp82</a>",21,10,0,0.894,21,348,0,1661.3,36.5,0.1,0.5
"<a href=""https://tiktok.com/@h_lehdi127"" target=""_blank"">@h_lehdi127</a>",21,9,0,0.916,17,264,0,23674.444,209.333,4.111,4.778
"<a href=""https://tiktok.com/@haiann79"" target=""_blank"">@haiann79</a>",24,8,0,0.896,4,58,0,1568.875,73.75,1.625,0.375
"<a href=""https://tiktok.com/@happy_chinagirl_8"" target=""_blank"">@happy_chinagirl_8</a>",31,8,0,0.339,9,579,0,9.5,2.75,57.375,0
"<a href=""https://tiktok.com/@hcodifb"" target=""_blank"">@hcodifb</a>",5,10,0,0.894,15,280,0,865.7,36.7,0.4,0.5
"<a href=""https://tiktok.com/@hcooxhsx"" target=""_blank"">@hcooxhsx</a>",8,10,0,0.824,42,674,0,27076.5,803.3,3.9,3.6
"<a href=""https://tiktok.com/@hdbj8585"" target=""_blank"">@hdbj8585</a>",11,8,0,0.938,59,888,0,2096.75,128,1.375,7
"<a href=""https://tiktok.com/@hdhxg847"" target=""_blank"">@hdhxg847</a>",11,9,0,0.888,85,1347,0,1322.778,47,0.444,1.778
"<a href=""https://tiktok.com/@hdididh8"" target=""_blank"">@hdididh8</a>",6,10,0,1,8,156,0,1462.8,105.7,1.3,0.3
"<a href=""https://tiktok.com/@hdifhg5"" target=""_blank"">@hdifhg5</a>",5,10,0,0.894,15,280,0,3810.8,252.4,2.5,30.8
"<a href=""https://tiktok.com/@hdjddjd092"" target=""_blank"">@hdjddjd092</a>",17,7,0,0.938,6,114,0,474.714,3.429,0,0
"<a href=""https://tiktok.com/@hdjixdj"" target=""_blank"">@hdjixdj</a>",8,10,0,0.847,23,358,0,1118.4,75.9,0.8,1.1
"<a href=""https://tiktok.com/@hdkcofh"" target=""_blank"">@hdkcofh</a>",6,10,0,1,8,156,0,518.4,23,0.9,0.2
"<a href=""https://tiktok.com/@hdmjwo1"" target=""_blank"">@hdmjwo1</a>",27,6,0,0.917,15,261,0,281.5,3.833,0.167,0
"<a href=""https://tiktok.com/@hdr86575"" target=""_blank"">@hdr86575</a>",11,8,0,0.938,68,1026,0,2810,54.25,0.625,0.375
"<a href=""https://tiktok.com/@hdryxd"" target=""_blank"">@hdryxd</a>",15,9,0,0.93,33,570,0,2471.889,94.667,2.333,3.778
"<a href=""https://tiktok.com/@hec88551nva"" target=""_blank"">@hec88551nva</a>",16,8,0,0.7,2,28,0,7291.125,163,3.625,13
"<a href=""https://tiktok.com/@hehs5037"" target=""_blank"">@hehs5037</a>",29,8,0,0.899,30,652,0,709.75,39.875,0,0.625
"<a href=""https://tiktok.com/@hejdsgi"" target=""_blank"">@hejdsgi</a>",25,5,0,0.917,16,232,0,70.4,2.8,0.2,0
"<a href=""https://tiktok.com/@hffrr976575"" target=""_blank"">@hffrr976575</a>",11,8,0,0.938,68,1026,0,1324.125,13.625,0.125,0.25
"<a href=""https://tiktok.com/@hfkci"" target=""_blank"">@hfkci</a>",14,10,0,0.938,2,30,0,2507.5,110.6,0.9,0.8
"<a href=""https://tiktok.com/@hgff.nko"" target=""_blank"">@hgff.nko</a>",25,6,0,0.917,18,303,0,689.5,11.667,0,1.333
"<a href=""https://tiktok.com/@hgfryj8745"" target=""_blank"">@hgfryj8745</a>",11,10,0,0.855,92,1594,0,720.4,32.2,0.4,0.3
"<a href=""https://tiktok.com/@hgjvcg1"" target=""_blank"">@hgjvcg1</a>",11,7,0,0.739,43,585,0,611.286,13.714,6.429,0.857
"<a href=""https://tiktok.com/@hhhhh777777852"" target=""_blank"">@hhhhh777777852</a>",13,9,0,0.916,9,139,0,3688.778,176.222,2.889,4.222
"<a href=""https://tiktok.com/@hidouo"" target=""_blank"">@hidouo</a>",27,12,0,0.91,21,570,0,999.917,18.5,0.083,0.333
"<a href=""https://tiktok.com/@hirakw1"" target=""_blank"">@hirakw1</a>",27,5,0,0.917,15,221,0,555.4,21.6,0.2,0
"<a href=""https://tiktok.com/@hltuoq"" target=""_blank"">@hltuoq</a>",27,10,0,0.879,21,479,0,630.7,25,0,0.4
"<a href=""https://tiktok.com/@hoeg.huan"" target=""_blank"">@hoeg.huan</a>",18,8,0,0.938,9,138,0,5891.125,47,0.5,0.5
"<a href=""https://tiktok.com/@hrfj8302"" target=""_blank"">@hrfj8302</a>",29,6,0,0.917,27,471,0,669.833,27.667,0,0.333
"<a href=""https://tiktok.com/@hshjrg8647"" target=""_blank"">@hshjrg8647</a>",11,9,0,0.888,87,1390,0,1119.889,56.444,0.444,0.889
"<a href=""https://tiktok.com/@hskdk.jso"" target=""_blank"">@hskdk.jso</a>",25,6,0,0.917,18,303,0,322.167,7.667,0.167,0
"<a href=""https://tiktok.com/@hsozhs6"" target=""_blank"">@hsozhs6</a>",5,9,0,0.916,15,253,0,7657.444,352.556,5.556,71.222
"<a href=""https://tiktok.com/@huiodjio"" target=""_blank"">@huiodjio</a>",15,9,0,0.93,33,570,0,3112.444,67.889,1,0.444
"<a href=""https://tiktok.com/@hukumn"" target=""_blank"">@hukumn</a>",27,6,0,0.917,16,282,0,88.833,0.5,0,0
"<a href=""https://tiktok.com/@hutse.florom"" target=""_blank"">@hutse.florom</a>",7,8,0,0.944,9,129,0,1228.375,42.875,0.125,1
"<a href=""https://tiktok.com/@hxavnxh"" target=""_blank"">@hxavnxh</a>",15,10,0,0.9,33,626,0,1411.8,71.5,3.7,1
"<a href=""https://tiktok.com/@hygge8662"" target=""_blank"">@hygge8662</a>",10,8,0,1,1,16,0,32706.5,578,8.5,7.625
"<a href=""https://tiktok.com/@hzbdbrb737hdh"" target=""_blank"">@hzbdbrb737hdh</a>",36,5,0,0.917,5,69,0,1592,195,1.8,1.6
"<a href=""https://tiktok.com/@icucxyyd"" target=""_blank"">@icucxyyd</a>",24,9,0,0.892,7,103,0,1762.556,71.222,1.667,2.111
"<a href=""https://tiktok.com/@idhd139"" target=""_blank"">@idhd139</a>",11,9,0,0.938,44,609,0.001,2904.111,72.444,1,2.222
"<a href=""https://tiktok.com/@idpeoc"" target=""_blank"">@idpeoc</a>",27,10,0,0.88,17,435,0,738.2,23.6,0.1,0.1
"<a href=""https://tiktok.com/@irdc042"" target=""_blank"">@irdc042</a>",5,10,0,0.894,15,280,0,102053.6,3879.6,15.2,28.5
"<a href=""https://tiktok.com/@itdh8557"" target=""_blank"">@itdh8557</a>",11,10,0,0.855,92,1594,0,947.2,25.4,0.4,0.5
"<a href=""https://tiktok.com/@jacinta.almetrak"" target=""_blank"">@jacinta.almetrak</a>",7,9,0,0.944,9,141,0,961.222,43.222,0.556,1.444
"<a href=""https://tiktok.com/@jahed.dartg"" target=""_blank"">@jahed.dartg</a>",7,8,0,0.944,8,115,0,1974,56.625,0.25,2.375
"<a href=""https://tiktok.com/@jbvn61"" target=""_blank"">@jbvn61</a>",25,6,0,0.917,18,303,0,943.833,18.5,1.5,0.667
"<a href=""https://tiktok.com/@jcsie5410"" target=""_blank"">@jcsie5410</a>",29,9,0,0.889,30,726,0,1773.667,56.333,0.556,0.556
"<a href=""https://tiktok.com/@jdododh5"" target=""_blank"">@jdododh5</a>",14,10,0,1,1,16,0,2283,95.8,2.3,5.1
"<a href=""https://tiktok.com/@jdpdosj"" target=""_blank"">@jdpdosj</a>",6,10,0,1,8,156,0,679.4,38.6,1.5,0.8
"<a href=""https://tiktok.com/@jdpxorjf"" target=""_blank"">@jdpxorjf</a>",5,10,0,0.894,15,280,0,3091.2,73.3,1,3.5
"<a href=""https://tiktok.com/@jeiofifuhd"" target=""_blank"">@jeiofifuhd</a>",11,10,0,0.855,92,1594,0,2688.5,126.3,1,1.7
"<a href=""https://tiktok.com/@jfdd653"" target=""_blank"">@jfdd653</a>",11,8,0,0.938,68,1026,0,2322.75,47.875,0.25,0.25
"<a href=""https://tiktok.com/@jfdhjj9090"" target=""_blank"">@jfdhjj9090</a>",11,9,0,0.888,80,1282,0,1650.111,54.667,1,1
"<a href=""https://tiktok.com/@jfdyh846"" target=""_blank"">@jfdyh846</a>",11,8,0,0.891,60,899,0,979.125,51.625,0.25,0.375
"<a href=""https://tiktok.com/@jfkovj5"" target=""_blank"">@jfkovj5</a>",5,10,0,0.894,15,280,0,1852.9,150.5,1.2,2.5
"<a href=""https://tiktok.com/@jfshjfd9530"" target=""_blank"">@jfshjfd9530</a>",11,9,0,0.888,85,1347,0,1494.444,65.444,2.222,1.667
"<a href=""https://tiktok.com/@jfufrehcdh"" target=""_blank"">@jfufrehcdh</a>",6,10,0,1,8,156,0,976.7,76.9,0.7,0.2
"<a href=""https://tiktok.com/@jgdghg75464"" target=""_blank"">@jgdghg75464</a>",11,10,0,0.855,92,1594,0,7458.8,65,0.2,0.8
"<a href=""https://tiktok.com/@jhckhs"" target=""_blank"">@jhckhs</a>",27,8,0,0.899,17,363,0,114.125,2.625,0,0
"<a href=""https://tiktok.com/@jhff96585"" target=""_blank"">@jhff96585</a>",11,9,0,0.938,43,595,0,1091.889,32.556,0.556,0.444
"<a href=""https://tiktok.com/@jipupu184"" target=""_blank"">@jipupu184</a>",21,7,0,0.938,13,180,0,1497.429,41.857,0.429,1.286
"<a href=""https://tiktok.com/@joannafitzgerald1111"" target=""_blank"">@joannafitzgerald1111</a>",22,8,0,0.938,3,46,0,3488.75,87.375,0.75,0.75
"<a href=""https://tiktok.com/@josephmacadam2022"" target=""_blank"">@josephmacadam2022</a>",33,6,0,0.857,1,14,0,1363.833,41.667,0.5,0.167
"<a href=""https://tiktok.com/@jsns2563"" target=""_blank"">@jsns2563</a>",38,5,0,0.917,4,58,0,300.2,4.4,0,0
"<a href=""https://tiktok.com/@jtcytxyzey"" target=""_blank"">@jtcytxyzey</a>",6,10,0,1,8,128,0,1624.5,141.1,1.9,3.7
"<a href=""https://tiktok.com/@jubal_movie"" target=""_blank"">@jubal_movie</a>",8,10,0,0.848,23,370,0,1442.3,100.6,4,7.8
"<a href=""https://tiktok.com/@juliedouglass2013"" target=""_blank"">@juliedouglass2013</a>",13,9,0,0.921,6,88,0,1233.222,88.556,1.556,1.111
"<a href=""https://tiktok.com/@k_bao1m114"" target=""_blank"">@k_bao1m114</a>",21,10,0,0.894,21,348,0,1183.6,35.9,0.3,2.4
"<a href=""https://tiktok.com/@kartik_girl120"" target=""_blank"">@kartik_girl120</a>",31,30,0,0.777,9,1316,0,1856.061,116.727,6.727,7.091
"<a href=""https://tiktok.com/@kate396112"" target=""_blank"">@kate396112</a>",11,10,0,0.855,92,1594,0,1658,57.1,3.7,0.6
"<a href=""https://tiktok.com/@kellygallacher0930"" target=""_blank"">@kellygallacher0930</a>",33,7,0,0.857,5,70,0,19429.286,307.714,4,8.571
"<a href=""https://tiktok.com/@kfbfol"" target=""_blank"">@kfbfol</a>",27,11,0,0.91,21,523,0,321.727,15.273,0,0.091
"<a href=""https://tiktok.com/@kind26921"" target=""_blank"">@kind26921</a>",20,9,0,0.889,1,24,0,1408.333,98.111,2,1.333
"<a href=""https://tiktok.com/@knvddsas"" target=""_blank"">@knvddsas</a>",30,8,0,0.875,2,28,0,1124.625,36.25,0.625,1.125
"<a href=""https://tiktok.com/@kokokopi72"" target=""_blank"">@kokokopi72</a>",7,9,0,0.885,15,214,0,20406.222,210.333,2.889,2.222
"<a href=""https://tiktok.com/@kris.noproblem"" target=""_blank"">@kris.noproblem</a>",7,7,0,0.875,4,56,0,938.714,38.429,0.857,8
"<a href=""https://tiktok.com/@krug011"" target=""_blank"">@krug011</a>",5,8,0,0.855,14,217,0,822.25,27.625,0,0.625
"<a href=""https://tiktok.com/@ktsfyh"" target=""_blank"">@ktsfyh</a>",15,9,0,0.916,33,563,0,1014.889,36.444,2.333,0.889
"<a href=""https://tiktok.com/@kulch.sonyak"" target=""_blank"">@kulch.sonyak</a>",7,9,0,0.944,9,141,0,1038.222,45.333,0.667,0.667
"<a href=""https://tiktok.com/@landscape5670"" target=""_blank"">@landscape5670</a>",15,10,0,0.9,33,626,0,627.8,34.7,3.6,0.1
"<a href=""https://tiktok.com/@lewisaledk0117"" target=""_blank"">@lewisaledk0117</a>",33,6,0,0.857,1,14,0,1294.833,47.333,0.167,1
"<a href=""https://tiktok.com/@lhqitc"" target=""_blank"">@lhqitc</a>",27,12,0,0.91,21,570,0,1159,34.917,0.25,0.333
"<a href=""https://tiktok.com/@long.arpin"" target=""_blank"">@long.arpin</a>",8,8,0,0.784,18,266,0,78716.5,3449.375,25.75,32.625
"<a href=""https://tiktok.com/@lucky.kkkkkkkk1"" target=""_blank"">@lucky.kkkkkkkk1</a>",7,7,0,1,6,78,0,2363.571,58.571,0.857,21.857
"<a href=""https://tiktok.com/@luisina.riihimaki"" target=""_blank"">@luisina.riihimaki</a>",5,10,0,0.925,15,236,0,1102.3,125.9,1.6,0.6
"<a href=""https://tiktok.com/@lwandiswamsithini"" target=""_blank"">@lwandiswamsithini</a>",18,8,0,0.855,9,138,0,10290.125,40.5,0.875,1
"<a href=""https://tiktok.com/@m_bao3m360"" target=""_blank"">@m_bao3m360</a>",21,8,0,0.938,17,258,0,1423.875,47.625,1.25,2.625
"<a href=""https://tiktok.com/@manggkko5"" target=""_blank"">@manggkko5</a>",30,9,0,0.93,6,92,0,2436.667,39.556,0.444,0.111
"<a href=""https://tiktok.com/@mapleswishesvs"" target=""_blank"">@mapleswishesvs</a>",8,7,0,0.847,17,243,0,1927.714,44.143,14.714,0.857
"<a href=""https://tiktok.com/@maria.manaiag"" target=""_blank"">@maria.manaiag</a>",7,7,0,1,6,78,0,2154.286,205.571,7.143,7
"<a href=""https://tiktok.com/@mdsdz2"" target=""_blank"">@mdsdz2</a>",2,7,0,0.837,8,150,0,1228.429,65.714,8.429,0.714
"<a href=""https://tiktok.com/@mhmqkb"" target=""_blank"">@mhmqkb</a>",27,6,0,0.917,16,282,0,8.833,0,0,0
"<a href=""https://tiktok.com/@mkieiefff"" target=""_blank"">@mkieiefff</a>",7,7,0,1,6,78,0,2403.429,59,1.571,2.286
"<a href=""https://tiktok.com/@morgan.rodregez"" target=""_blank"">@morgan.rodregez</a>",8,7,0,0.556,2,30,0,614.714,20.143,0.286,0.143
"<a href=""https://tiktok.com/@mv.vj3"" target=""_blank"">@mv.vj3</a>",25,6,0,0.917,18,303,0,928.5,37.167,0.667,1
"<a href=""https://tiktok.com/@mzcvs991"" target=""_blank"">@mzcvs991</a>",25,5,0,0.917,16,232,0,674.8,15,0.4,0.8
"<a href=""https://tiktok.com/@n3atrc"" target=""_blank"">@n3atrc</a>",34,8,0,0.875,1,14,0,2798,67.25,0.125,1.75
"<a href=""https://tiktok.com/@nataliechristiana2016"" target=""_blank"">@nataliechristiana2016</a>",33,6,0,0.857,1,14,0,1341.833,35,1.333,0.333
"<a href=""https://tiktok.com/@ndnenmeme"" target=""_blank"">@ndnenmeme</a>",17,8,0,0.938,6,118,0,1034,3.125,0,0
"<a href=""https://tiktok.com/@nendn4309"" target=""_blank"">@nendn4309</a>",11,9,0,0.888,87,1390,0,2920.444,49.667,1,0.667
"<a href=""https://tiktok.com/@nguyen.huang8"" target=""_blank"">@nguyen.huang8</a>",7,7,0,0.875,4,56,0,742.571,37.571,0.714,0.571
"<a href=""https://tiktok.com/@nh.phan.qong"" target=""_blank"">@nh.phan.qong</a>",8,8,0,0.784,18,259,0,7691.5,290.25,2.5,3.375
"<a href=""https://tiktok.com/@nihgvgt889"" target=""_blank"">@nihgvgt889</a>",36,6,0,0.917,5,78,0,1182.167,90.667,1.167,0.5
"<a href=""https://tiktok.com/@nsftib"" target=""_blank"">@nsftib</a>",27,6,0,0.917,16,282,0,45,0.167,0,0
"<a href=""https://tiktok.com/@nvi3ho"" target=""_blank"">@nvi3ho</a>",26,10,0,0.925,10,190,0,330.5,10.8,0,0.2
"<a href=""https://tiktok.com/@okay11732"" target=""_blank"">@okay11732</a>",28,11,0,0.917,5,165,0,1046.091,85.455,0.364,0.909
"<a href=""https://tiktok.com/@omaro.macovei"" target=""_blank"">@omaro.macovei</a>",9,10,0,0.875,2,28,0,1677.2,172.7,1.7,2.8
"<a href=""https://tiktok.com/@ov3eh1w"" target=""_blank"">@ov3eh1w</a>",26,7,0,0.938,9,125,0,1137.429,31.571,0.286,0.571
"<a href=""https://tiktok.com/@oxh758"" target=""_blank"">@oxh758</a>",11,8,0,0.891,68,1009,0,1863.25,153.125,0.25,0.625
"<a href=""https://tiktok.com/@pardesi_driver120"" target=""_blank"">@pardesi_driver120</a>",31,45,0,0.709,11,2454,0,1719.149,141.851,18.809,1.66
"<a href=""https://tiktok.com/@plana_b6"" target=""_blank"">@plana_b6</a>",8,8,0,0.784,18,259,0,11083.375,214,6.125,7
"<a href=""https://tiktok.com/@pleas.raphakk"" target=""_blank"">@pleas.raphakk</a>",7,9,0,0.885,15,214,0,2419.222,88.556,1.444,0.556
"<a href=""https://tiktok.com/@pratt_movie"" target=""_blank"">@pratt_movie</a>",11,9,0,0.888,87,1390,0,43646.778,807.667,4.778,10
"<a href=""https://tiktok.com/@privon14"" target=""_blank"">@privon14</a>",31,37,0,0.777,11,2022,0,714.757,44.973,12.351,2.595
"<a href=""https://tiktok.com/@qbnvoop"" target=""_blank"">@qbnvoop</a>",30,8,0,1,3,48,0,1171.875,34.125,0,0.75
"<a href=""https://tiktok.com/@quebsv5683"" target=""_blank"">@quebsv5683</a>",11,8,0,0.938,66,994,0,642.125,31.125,0.375,2
"<a href=""https://tiktok.com/@quincyshop08"" target=""_blank"">@quincyshop08</a>",6,10,0,1,8,156,0,1468.8,62.2,0.7,1.3
"<a href=""https://tiktok.com/@r_kerps136"" target=""_blank"">@r_kerps136</a>",21,7,0,0.938,13,180,0,1474.571,55.571,0.286,1.286
"<a href=""https://tiktok.com/@rhvsaaok"" target=""_blank"">@rhvsaaok</a>",30,7,0,0.875,4,56,0,955.714,40.143,0.857,0.286
"<a href=""https://tiktok.com/@risood6"" target=""_blank"">@risood6</a>",8,10,0,0.824,42,674,0,1012.3,42.1,3.4,0.9
"<a href=""https://tiktok.com/@rmcbk1"" target=""_blank"">@rmcbk1</a>",22,10,0,0.85,8,130,0,29801.4,812.8,4.4,8.9
"<a href=""https://tiktok.com/@rmgh132"" target=""_blank"">@rmgh132</a>",11,8,0,0.938,68,1026,0,701.25,29.875,0.5,0.875
"<a href=""https://tiktok.com/@rohingyao"" target=""_blank"">@rohingyao</a>",15,10,0,0.9,33,626,0,1711.2,77.5,5.5,10.7
"<a href=""https://tiktok.com/@rosantspssu"" target=""_blank"">@rosantspssu</a>",10,8,0,0.938,3,46,0,1951.75,53.625,0.75,0.75
"<a href=""https://tiktok.com/@ruchideacon"" target=""_blank"">@ruchideacon</a>",8,8,0,0.813,8,117,0,1057.5,41.625,1.125,1.25
"<a href=""https://tiktok.com/@ryllskaya.reddit"" target=""_blank"">@ryllskaya.reddit</a>",8,8,0,0.802,24,354,0,241.625,14.75,0.75,0.25
"<a href=""https://tiktok.com/@ryllskayaqing"" target=""_blank"">@ryllskayaqing</a>",8,10,0,0.824,42,674,0,1077.5,101.3,2,1.7
"<a href=""https://tiktok.com/@rzk26w"" target=""_blank"">@rzk26w</a>",26,10,0,0.925,10,190,0,732.2,28.5,0.1,0.1
"<a href=""https://tiktok.com/@s_heise214"" target=""_blank"">@s_heise214</a>",21,8,0,0.938,17,258,0,1987.125,80.125,0.5,0.75
"<a href=""https://tiktok.com/@s_ostfo146"" target=""_blank"">@s_ostfo146</a>",21,10,0,0.894,21,348,0,711.1,13.7,0,0.2
"<a href=""https://tiktok.com/@samsilas1994"" target=""_blank"">@samsilas1994</a>",13,8,0,0.896,5,76,0,9969.125,161.75,3.125,6.125
"<a href=""https://tiktok.com/@sandyjulia2021"" target=""_blank"">@sandyjulia2021</a>",8,8,0,0.833,5,84,0,1557.5,117.75,0.75,3
"<a href=""https://tiktok.com/@santiago.fernande323"" target=""_blank"">@santiago.fernande323</a>",7,8,0,0.944,7,99,0,2317.375,102,1.25,1.875
"<a href=""https://tiktok.com/@sasapco"" target=""_blank"">@sasapco</a>",15,10,0,0.9,33,626,0,15051.7,980.6,4.3,5.1
"<a href=""https://tiktok.com/@satarajoette"" target=""_blank"">@satarajoette</a>",8,8,0,0.847,21,324,0,1611.75,88.75,1.125,1.125
"<a href=""https://tiktok.com/@satsyou"" target=""_blank"">@satsyou</a>",15,10,0,0.9,33,626,0,1287,82.2,8.2,2.5
"<a href=""https://tiktok.com/@sayzxdt"" target=""_blank"">@sayzxdt</a>",8,7,0,0.633,11,154,0,1260.571,59.714,1.857,2.429
"<a href=""https://tiktok.com/@scra5694"" target=""_blank"">@scra5694</a>",29,9,0,0.889,30,726,0,1143.667,40.444,0.556,1.444
"<a href=""https://tiktok.com/@sdsdyou"" target=""_blank"">@sdsdyou</a>",15,9,0,0.916,33,562,0,3678.444,159.111,2.222,3.222
"<a href=""https://tiktok.com/@sgdjn3"" target=""_blank"">@sgdjn3</a>",11,8,0,0.938,68,1026,0,605.125,24.75,0.375,0.5
"<a href=""https://tiktok.com/@shbzhsh6"" target=""_blank"">@shbzhsh6</a>",24,7,0,0.7,1,14,0,1620.571,55.143,1.286,0.714
"<a href=""https://tiktok.com/@shotewg"" target=""_blank"">@shotewg</a>",15,9,0,0.93,33,570,0,25078.778,732.333,8.889,9.889
"<a href=""https://tiktok.com/@shvchjds"" target=""_blank"">@shvchjds</a>",15,9,0,0.916,33,564,0,7805.889,145.222,3.222,1
"<a href=""https://tiktok.com/@shvxxmm"" target=""_blank"">@shvxxmm</a>",30,7,0,0.875,4,56,0,624.571,35.143,0.571,0.143
"<a href=""https://tiktok.com/@siev9347"" target=""_blank"">@siev9347</a>",29,9,0,0.889,30,726,0,1187.333,85.111,0.444,0.444
"<a href=""https://tiktok.com/@siivg1"" target=""_blank"">@siivg1</a>",8,7,0,0.847,6,87,0,16244.143,258.714,2.857,64.857
"<a href=""https://tiktok.com/@sisodne"" target=""_blank"">@sisodne</a>",35,5,0,1,1,13,0,935.4,34.8,2.4,0
"<a href=""https://tiktok.com/@sjdh9643"" target=""_blank"">@sjdh9643</a>",11,9,0,0.888,80,1282,0,1615.667,42.778,0,0.667
"<a href=""https://tiktok.com/@sqifhw"" target=""_blank"">@sqifhw</a>",27,6,0,0.917,15,261,0,501,16.5,0.333,1
"<a href=""https://tiktok.com/@stoyouh"" target=""_blank"">@stoyouh</a>",15,9,0,0.93,33,570,0,2219.111,118.333,3.444,1.222
"<a href=""https://tiktok.com/@stvhfhj"" target=""_blank"">@stvhfhj</a>",15,8,0,0.844,32,489,0,3130.375,77.625,4.375,0.5
"<a href=""https://tiktok.com/@stylish_queen_120"" target=""_blank"">@stylish_queen_120</a>",31,26,0,0.769,10,1414,0,1693.154,159.538,11.808,1.538
"<a href=""https://tiktok.com/@svjscsh"" target=""_blank"">@svjscsh</a>",15,9,0,0.93,33,570,0,3171.222,58.444,2.111,0.889
"<a href=""https://tiktok.com/@sweet_driver120"" target=""_blank"">@sweet_driver120</a>",31,42,0,0.752,11,2292,0,1208.19,118.452,14.857,2.881
"<a href=""https://tiktok.com/@tafwwk"" target=""_blank"">@tafwwk</a>",27,12,0,0.91,21,570,0,564.75,15.75,0,0.083
"<a href=""https://tiktok.com/@taudigaksbg"" target=""_blank"">@taudigaksbg</a>",30,8,0,0.896,4,57,0,1106.625,19.375,0.75,0.25
"<a href=""https://tiktok.com/@ternencebloor0314"" target=""_blank"">@ternencebloor0314</a>",13,8,0,0.882,5,72,0,818.375,50.75,0.375,0.25
"<a href=""https://tiktok.com/@terry.schmerko"" target=""_blank"">@terry.schmerko</a>",7,9,0,0.944,9,141,0,1761.556,176.222,2.444,4.889
"<a href=""https://tiktok.com/@text.fc"" target=""_blank"">@text.fc</a>",15,10,0,0.9,33,626,0,3410,130.8,7.7,7.4
"<a href=""https://tiktok.com/@text690"" target=""_blank"">@text690</a>",15,9,0,0.916,33,563,0,4941.444,90.556,17.889,1.333
"<a href=""https://tiktok.com/@text778"" target=""_blank"">@text778</a>",15,10,0,0.9,33,626,0,23689.7,1608.6,11.8,15.6
"<a href=""https://tiktok.com/@texthang"" target=""_blank"">@texthang</a>",10,8,0,0.875,1,14,0,4049.375,98.5,9,4.75
"<a href=""https://tiktok.com/@texts178"" target=""_blank"">@texts178</a>",15,9,0,0.916,33,564,0,1467.556,63.667,2,0.222
"<a href=""https://tiktok.com/@textstory781"" target=""_blank"">@textstory781</a>",15,9,0,0.93,33,570,0,8343.778,200.444,7.111,3.333
"<a href=""https://tiktok.com/@textstoryman3"" target=""_blank"">@textstoryman3</a>",8,15,0,0.62,51,993,0.002,1368.6,42.733,1.533,4.2
"<a href=""https://tiktok.com/@textstyo"" target=""_blank"">@textstyo</a>",15,10,0,0.9,33,626,0,3999.9,104.7,5.6,1.9
"<a href=""https://tiktok.com/@tguu743"" target=""_blank"">@tguu743</a>",11,10,0,0.855,92,1594,0,3060.5,54.5,0.5,0.7
"<a href=""https://tiktok.com/@thai.hoai.nhan.du"" target=""_blank"">@thai.hoai.nhan.du</a>",7,9,0,0.944,14,201,0.001,1346,78.778,0.778,0.667
"<a href=""https://tiktok.com/@thomasmartinez13381"" target=""_blank"">@thomasmartinez13381</a>",11,8,0,0.938,66,994,0,1462.125,49.5,1.375,2.875
"<a href=""https://tiktok.com/@thunhanhoang6"" target=""_blank"">@thunhanhoang6</a>",7,8,0,0.944,9,129,0,1489.625,53.75,0.625,0.875
"<a href=""https://tiktok.com/@thuusu7"" target=""_blank"">@thuusu7</a>",8,9,0,0.8,16,241,0,1112.889,61,0.222,0.333
"<a href=""https://tiktok.com/@tiffanystory8"" target=""_blank"">@tiffanystory8</a>",10,8,0,0.938,3,46,0,5249.25,51.875,1.75,2.375
"<a href=""https://tiktok.com/@tiiff4205"" target=""_blank"">@tiiff4205</a>",29,9,0,0.889,30,726,0,608.444,27.111,0.111,0.222
"<a href=""https://tiktok.com/@trevion.chelsie"" target=""_blank"">@trevion.chelsie</a>",13,9,0,1,4,52,0.001,1002.111,36.556,0.778,0.222
"<a href=""https://tiktok.com/@tshsh8638"" target=""_blank"">@tshsh8638</a>",11,7,0,0.938,43,595,0,1406.857,47.143,1.571,0.286
"<a href=""https://tiktok.com/@tsis.hsdg"" target=""_blank"">@tsis.hsdg</a>",25,5,0,0.917,13,193,0,349.4,5.6,0.4,0
"<a href=""https://tiktok.com/@tsuso.uso"" target=""_blank"">@tsuso.uso</a>",25,5,0,0.917,13,193,0,2056.4,24.6,0.2,0.8
"<a href=""https://tiktok.com/@twkoopk"" target=""_blank"">@twkoopk</a>",30,10,0,0.894,8,126,0,2688.5,104.4,1,0.5
"<a href=""https://tiktok.com/@tyuioaak1"" target=""_blank"">@tyuioaak1</a>",15,10,0,0.9,33,626,0,691.4,25.3,2.5,0.4
"<a href=""https://tiktok.com/@u_fo176"" target=""_blank"">@u_fo176</a>",21,8,0,0.938,17,258,0,43315,901.625,4.5,38.25
"<a href=""https://tiktok.com/@ubhutfrx"" target=""_blank"">@ubhutfrx</a>",5,10,0,0.894,15,280,0,2183.5,112.6,0.7,0.9
"<a href=""https://tiktok.com/@ufsc8075"" target=""_blank"">@ufsc8075</a>",29,9,0,0.889,30,726,0,1173.667,85.333,0.111,1.333
"<a href=""https://tiktok.com/@uftixru"" target=""_blank"">@uftixru</a>",8,10,0,0.847,15,230,0.001,1384.1,145.8,0.7,0.6
"<a href=""https://tiktok.com/@ugoujhu"" target=""_blank"">@ugoujhu</a>",26,10,0,0.925,10,190,0,428,9,0.1,0.6
"<a href=""https://tiktok.com/@uhpdh"" target=""_blank"">@uhpdh</a>",5,10,0,0.894,15,280,0,1800,83,1.3,0.9
"<a href=""https://tiktok.com/@urdu9708"" target=""_blank"">@urdu9708</a>",29,9,0,0.889,30,726,0,1187.444,63.889,0,1.111
"<a href=""https://tiktok.com/@urmkjnv.hfnghk"" target=""_blank"">@urmkjnv.hfnghk</a>",24,8,0,0.896,4,58,0,9570.625,177.625,2.25,2.375
"<a href=""https://tiktok.com/@user1203836358576"" target=""_blank"">@user1203836358576</a>",22,8,0,0.896,5,72,0,9290,249.75,7.875,2.25
"<a href=""https://tiktok.com/@user2146681092430"" target=""_blank"">@user2146681092430</a>",1,9,0,0.859,4,74,0,661.778,5.778,0,0.222
"<a href=""https://tiktok.com/@user2268806570260"" target=""_blank"">@user2268806570260</a>",11,10,0,0.855,92,1594,0,1477.9,38.4,0.5,0.2
"<a href=""https://tiktok.com/@user2727751386886"" target=""_blank"">@user2727751386886</a>",38,5,0,0.917,4,58,0,2298.6,57,0,0.6
"<a href=""https://tiktok.com/@user2808563020058"" target=""_blank"">@user2808563020058</a>",7,7,0,0.938,5,69,0,2952,141,3,3.286
"<a href=""https://tiktok.com/@user3360077055795"" target=""_blank"">@user3360077055795</a>",2,8,0,0.829,10,195,0,992.625,44.5,0.5,1.125
"<a href=""https://tiktok.com/@user3428239706378"" target=""_blank"">@user3428239706378</a>",1,11,0,0.864,4,86,0,12338.182,328.818,2.909,17.364
"<a href=""https://tiktok.com/@user3933909636681"" target=""_blank"">@user3933909636681</a>",2,8,0,0.829,10,197,0,29367.375,1215.875,369.375,622.75
"<a href=""https://tiktok.com/@user4080460677683"" target=""_blank"">@user4080460677683</a>",12,9,0,0.875,1,14,0,1166.111,75.333,0.556,1.222
"<a href=""https://tiktok.com/@user446852885706"" target=""_blank"">@user446852885706</a>",11,8,0,0.891,66,979,0,903.625,58.125,0.875,0.75
"<a href=""https://tiktok.com/@user5203530187060"" target=""_blank"">@user5203530187060</a>",11,10,0,0.855,92,1594,0,619.9,18.1,3.1,0.6
"<a href=""https://tiktok.com/@user54084767052186"" target=""_blank"">@user54084767052186</a>",18,10,0,0.894,13,224,0,55919.5,889.1,8.1,18.8
"<a href=""https://tiktok.com/@user5626060056906"" target=""_blank"">@user5626060056906</a>",5,9,0,0.916,15,257,0,1803.667,67.111,1.222,0.889
"<a href=""https://tiktok.com/@user6171047885852"" target=""_blank"">@user6171047885852</a>",8,8,0,0.847,15,232,0,401.75,18.5,0.125,0.625
"<a href=""https://tiktok.com/@user6512543508135"" target=""_blank"">@user6512543508135</a>",1,10,0,0.936,4,80,0,527.1,16.7,0,0.3
"<a href=""https://tiktok.com/@user6612103821920"" target=""_blank"">@user6612103821920</a>",1,10,0,0.936,4,80,0,201.5,6.1,0.1,0.1
"<a href=""https://tiktok.com/@user6922385284275"" target=""_blank"">@user6922385284275</a>",5,10,0,0.894,15,280,0,1930.8,105.4,1.7,3
"<a href=""https://tiktok.com/@user69943662042413"" target=""_blank"">@user69943662042413</a>",8,8,0,0.847,21,324,0,20338.75,253.375,5.625,3.5
"<a href=""https://tiktok.com/@user7491401466635"" target=""_blank"">@user7491401466635</a>",2,8,0,0.829,10,195,0,2842.125,119.125,6.25,13.75
"<a href=""https://tiktok.com/@user7516190319240"" target=""_blank"">@user7516190319240</a>",8,9,0,0.8,17,253,0,691.778,48.778,1.444,0.889
"<a href=""https://tiktok.com/@user769357200"" target=""_blank"">@user769357200</a>",8,8,0,1,4,64,0,730.5,35.875,1.375,0.125
"<a href=""https://tiktok.com/@user7999731519937"" target=""_blank"">@user7999731519937</a>",11,9,0,0.888,85,1360,0,1334.778,53.333,1.778,1.556
"<a href=""https://tiktok.com/@user8071963807813"" target=""_blank"">@user8071963807813</a>",1,10,0,0.936,4,80,0,316.3,11.2,0.2,0.1
"<a href=""https://tiktok.com/@user81216778545341"" target=""_blank"">@user81216778545341</a>",2,6,0,0.758,8,130,0,6392.5,227.5,28.333,4.167
"<a href=""https://tiktok.com/@user83050540275304"" target=""_blank"">@user83050540275304</a>",2,9,0,0.778,10,219,0,684.444,33.222,0.778,0.556
"<a href=""https://tiktok.com/@user8662190461588"" target=""_blank"">@user8662190461588</a>",2,8,0,0.828,10,198,0,10097.75,321.625,5.75,6.25
"<a href=""https://tiktok.com/@user90221768842097"" target=""_blank"">@user90221768842097</a>",8,7,0,0.631,9,123,0,714.714,30.429,1.143,0.857
"<a href=""https://tiktok.com/@user9262051903981"" target=""_blank"">@user9262051903981</a>",8,8,0,0.847,15,232,0,813.5,35.25,0.5,0.25
"<a href=""https://tiktok.com/@user9263706665749"" target=""_blank"">@user9263706665749</a>",8,10,0,0.938,6,92,0,605.2,22.6,0.5,0.3
"<a href=""https://tiktok.com/@user9638712240929"" target=""_blank"">@user9638712240929</a>",8,8,0,0.847,21,324,0,995.25,52.5,0.875,0.25
"<a href=""https://tiktok.com/@user9887258595260"" target=""_blank"">@user9887258595260</a>",2,5,0,0.59,7,96,0,12949,269.8,3,1.4
"<a href=""https://tiktok.com/@username.123456804"" target=""_blank"">@username.123456804</a>",4,10,0,0.75,3,42,0,843.583,74.167,8.333,1.667
"<a href=""https://tiktok.com/@username.1234615"" target=""_blank"">@username.1234615</a>",3,9,0,0.757,2,28,0,1136.455,76.909,7.636,1.727
"<a href=""https://tiktok.com/@username.123467897"" target=""_blank"">@username.123467897</a>",3,8,0,0.875,2,30,0,874.222,39.889,1.556,1.111
"<a href=""https://tiktok.com/@username.12365478"" target=""_blank"">@username.12365478</a>",3,11,0,0.833,4,61,0,8735,606,31.273,70
"<a href=""https://tiktok.com/@username.1545465"" target=""_blank"">@username.1545465</a>",3,8,0,0.725,2,27,0,1007.417,128.167,6.75,0.833
"<a href=""https://tiktok.com/@username.64754675"" target=""_blank"">@username.64754675</a>",4,9,0,0.725,2,34,0,965.5,113.3,4.9,2.1
"<a href=""https://tiktok.com/@username6652655"" target=""_blank"">@username6652655</a>",31,29,0,0.746,6,500,0,133.586,12.862,1.897,0.241
"<a href=""https://tiktok.com/@usixidbd"" target=""_blank"">@usixidbd</a>",11,10,0,0.855,92,1594,0,1517.6,124,1.3,1.3
"<a href=""https://tiktok.com/@vdkfofu"" target=""_blank"">@vdkfofu</a>",14,9,0,0.875,1,14,0,1667.333,66.333,1.556,2.222
"<a href=""https://tiktok.com/@vdudb33"" target=""_blank"">@vdudb33</a>",11,8,0,0.891,69,1020,0,32071.125,867.625,2.5,2.125
"<a href=""https://tiktok.com/@vhxthc"" target=""_blank"">@vhxthc</a>",11,8,0,0.891,68,1009,0,3408.75,222.25,5.25,2
"<a href=""https://tiktok.com/@vicblack0504"" target=""_blank"">@vicblack0504</a>",13,8,0,0.938,4,62,0,1534.5,125.125,1.75,0.75
"<a href=""https://tiktok.com/@vickycarr530"" target=""_blank"">@vickycarr530</a>",19,9,0,0.875,1,14,0,1517.222,48.556,0.444,0.889
"<a href=""https://tiktok.com/@vintage5920"" target=""_blank"">@vintage5920</a>",20,8,0,0.889,1,24,0,275.556,10.222,1,0.222
"<a href=""https://tiktok.com/@warmu.briey"" target=""_blank"">@warmu.briey</a>",7,7,0,1,1,13,0,6265.857,88.714,2.286,16.571
"<a href=""https://tiktok.com/@wdoi2427"" target=""_blank"">@wdoi2427</a>",29,9,0,0.889,30,726,0,503.667,27.444,0.444,0.222
"<a href=""https://tiktok.com/@weck01"" target=""_blank"">@weck01</a>",15,9,0,0.916,33,563,0,13836.111,167.333,1.444,1.556
"<a href=""https://tiktok.com/@wgslhe"" target=""_blank"">@wgslhe</a>",27,12,0,0.91,21,570,0,2684.333,44.917,0.25,0.833
"<a href=""https://tiktok.com/@wgvs9108"" target=""_blank"">@wgvs9108</a>",29,6,0,0.917,25,435,0,409.667,15.167,0,0.167
"<a href=""https://tiktok.com/@when.gbsl"" target=""_blank"">@when.gbsl</a>",32,5,0,1,1,13,0,230.2,4.8,0,0
"<a href=""https://tiktok.com/@wilks.chasen"" target=""_blank"">@wilks.chasen</a>",13,9,0,0.938,4,55,0,1984,66.556,0.556,0.556
"<a href=""https://tiktok.com/@windi.suzang"" target=""_blank"">@windi.suzang</a>",7,8,0,0.944,6,86,0,21571.625,637.625,7,25
"<a href=""https://tiktok.com/@wipw6992"" target=""_blank"">@wipw6992</a>",29,6,0,0.917,25,435,0,530.667,11.5,0.167,1.333
"<a href=""https://tiktok.com/@wotext"" target=""_blank"">@wotext</a>",15,10,0,0.9,33,626,0,1608.9,54,1.6,0.9
"<a href=""https://tiktok.com/@wty88731wbc"" target=""_blank"">@wty88731wbc</a>",16,10,0,0.858,3,48,0,2238,89.6,4.2,1.4
"<a href=""https://tiktok.com/@wxjqb8"" target=""_blank"">@wxjqb8</a>",26,10,0,0.925,10,190,0,974.2,33.9,0,0.6
"<a href=""https://tiktok.com/@wys88511u0t"" target=""_blank"">@wys88511u0t</a>",16,10,0,0.858,3,48,0,5753.6,254.9,6.1,8
"<a href=""https://tiktok.com/@xiahoudun152"" target=""_blank"">@xiahoudun152</a>",21,8,0,0.938,17,258,0,1958.25,43,1.375,0.125
"<a href=""https://tiktok.com/@xiaphuangya47"" target=""_blank"">@xiaphuangya47</a>",8,8,0,0.847,15,232,0,381.625,20.625,0.25,0.25
"<a href=""https://tiktok.com/@xx91k2"" target=""_blank"">@xx91k2</a>",26,9,0,0.95,9,160,0,67228.333,1812.444,11,13.556
"<a href=""https://tiktok.com/@xxii911"" target=""_blank"">@xxii911</a>",15,10,0,0.9,33,626,0,580.3,45.8,1.6,0.4
"<a href=""https://tiktok.com/@y_lebei321"" target=""_blank"">@y_lebei321</a>",21,9,0,0.916,19,287,0,1206.111,41.667,0.222,4.778
"<a href=""https://tiktok.com/@ycbbbsd"" target=""_blank"">@ycbbbsd</a>",11,8,0,0.891,74,1089,0.001,874.875,38.875,0,1
"<a href=""https://tiktok.com/@yeke.heo"" target=""_blank"">@yeke.heo</a>",25,6,0,0.917,18,303,0,1334.833,16.833,0,0
"<a href=""https://tiktok.com/@yemeigui236"" target=""_blank"">@yemeigui236</a>",21,8,0,0.938,17,258,0,755.25,15.125,0.125,0
"<a href=""https://tiktok.com/@yesyes7784"" target=""_blank"">@yesyes7784</a>",8,8,0,0.847,15,232,0,748,40.75,0.25,0.25
"<a href=""https://tiktok.com/@yfidifh"" target=""_blank"">@yfidifh</a>",8,8,0,1,4,64,0,3131,100,1,0.5
"<a href=""https://tiktok.com/@ykht6376ew"" target=""_blank"">@ykht6376ew</a>",36,5,0,0.917,5,69,0,1153.2,118.6,1.2,0.4
"<a href=""https://tiktok.com/@you.texts"" target=""_blank"">@you.texts</a>",15,9,0,0.93,33,570,0,1539.667,44.667,1.333,0.556
"<a href=""https://tiktok.com/@you55668"" target=""_blank"">@you55668</a>",15,10,0,0.9,33,626,0,1523.3,73.8,2.9,9.9
"<a href=""https://tiktok.com/@yourstoryttt"" target=""_blank"">@yourstoryttt</a>",15,10,0,0.9,33,626,0,2334.4,80,3.8,1
"<a href=""https://tiktok.com/@ytrq8081"" target=""_blank"">@ytrq8081</a>",28,12,0,0.958,5,177,0,1366.75,108.917,0.25,0.083
"<a href=""https://tiktok.com/@yunshuchuan131"" target=""_blank"">@yunshuchuan131</a>",21,9,0,0.916,17,264,0,2609.444,52.889,1.333,1.333
"<a href=""https://tiktok.com/@yuwenmovie"" target=""_blank"">@yuwenmovie</a>",13,8,0,0.891,7,104,0,687.625,30.75,1,0
"<a href=""https://tiktok.com/@zgekze"" target=""_blank"">@zgekze</a>",26,10,0,0.925,10,190,0,933.7,29.7,0.2,0.7
"<a href=""https://tiktok.com/@zjvz.bdoj"" target=""_blank"">@zjvz.bdoj</a>",17,7,0,0.938,6,114,0,313.429,3.571,0.143,0
"<a href=""https://tiktok.com/@zzffpiqzpjw"" target=""_blank"">@zzffpiqzpjw</a>",30,7,0,0.938,3,40,0,713.857,31.429,0.143,0
