"Network","Number of Accounts","Network Density","Network Diameter","Clustering Coefficient","Avg Views","Avg Likes","Avg Comments","Avg Shares","Member Accounts"
1,5,1,22,1,3042.5,80.18,0.7,3.96,"user2146681092430, user3428239706378, user6612103821920, user6512543508135, user8071963807813"
2,11,0.909,33,0.915,5874.927,217.805,40.451,63.72,"user3360077055795, user83050540275304, user81216778545341, user8662190461588, djskgikeejk8, user3933909636681, user7491401466635, mdsdz2, bdbdchhd, ggdthij, user9887258595260"
3,6,0.467,47,0.5,2661.048,210.857,12.349,13.365,"username.1234615, beaty_queen_22, username.12365478, amzing_star0, username.123467897, username.1545465"
4,4,0.667,29,0.6,1139.419,109.721,6.372,1.651,"china_girl_526, username.123456804, china_cutegirl22, username.64754675"
5,16,0.983,29,0.984,8739.497,354.832,2.226,9.097,"user6922385284275, irdc042, fdijc3, uhpdh, hcodifb, hdifhg5, fughf21, user5626060056906, krug011, bmc12655, jfkovj5, hsozhs6, ubhutfrx, jdpxorjf, be.jkigv, luisina.riihimaki"
6,9,1,20,1,20359.678,616.744,1.467,4.056,"jtcytxyzey, chhvtdy, jdpdosj, hdididh8, jfufrehcdh, chantalkusch, hdkcofh, dutiutx, quincyshop08"
7,26,0.326,57,0.678,5328.454,134.72,2.734,4.599,"fody.noachp, maria.manaiag, thai.hoai.nhan.du, dilorenzo.medlohk, warmu.briey, santiago.fernande323, guerin.ontiverok, fatal2380, mkieiefff, user2808563020058, bruchy.pembertonk, kris.noproblem, a.zebra5, fh.hfko, jahed.dartg, jacinta.almetrak, kulch.sonyak, terry.schmerko, hutse.florom, thunhanhoang6, nguyen.huang8, adan.stockmank, lucky.kkkkkkkk1, kokokopi72, pleas.raphakk, windi.suzang"
8,56,0.332,52,0.642,14386.472,473.526,3.806,5.705,"cokestory1, risood6, frdg25, thuusu7, user90221768842097, bivydu, sayzxdt, dayutoureddit, user7516190319240, ryllskayaqing, jubal_movie, ryllskaya.reddit, user9262051903981, eternally36, xiaphuangya47, user6171047885852, ggycyxr, siivg1, bcjjc54, textstoryman3, yesyes7784, aiudugd, plana_b6, nh.phan.qong, ruchideacon, hdjixdj, gxicofj, fjvfjk4, gfovpcj, aedjdpckd, aedfm3, bridget.pugeda, long.arpin, alfhild.lunstrum, aedvziocjc, esperance.sulcer, aedjpidhd, user9638712240929, bdodhc, fhchf25, geiodhs, bjv196, celedonio.mange, mapleswishesvs, fuckh78, user69943662042413, satarajoette, fichfj1, hcooxhsx, sandyjulia2021, morgan.rodregez, uftixru, ficeuoo, user769357200, user9263706665749, yfidifh"
9,3,0.667,28,0,1110.917,97.792,1.042,1.667,"omaro.macovei, aedifyiycjxt, dayle.malin"
10,7,0.429,30,0.5,8077.421,164.018,3.702,3.246,"fugfuj33, tiffanystory8, rosantspssu, hygge8662, danaobenkuil, texthang, eudazpstrvf"
11,94,0.791,42,0.869,3571.078,111.581,1.697,2.426,"gcgi66, godv7302, craig.harrell0, idhd139, dhicug, quebsv5683, pratt_movie, aed12495, aed5c8, abdaziz6036, gskpccbd, thomasmartinez13381, aed9321, abfjvdgj, kate396112, gckcj4, dvnedc, dhcdyh, fuvfcb, aedbr6, aed8244, oxh758, aed3326, aed5430, aed1729, vhxthc, bfihc, abcjcfh, aed7230, abdaziz2128, chvftn, aed8562, aed1523, ycbbbsd, gdvbgv3, aed7290, user7999731519937, hgjvcg1, fuchc053, user446852885706, nendn4309, gjvx140, usixidbd, aedyckctu, anaxagoras.harlen, fiutfvjj, chcjg0, itdh8557, jeiofifuhd, fjgr86434, cirila.mccorkle, coicbf, vdudb33, jhff96585, jgdghg75464, fuddg743, user2268806570260, bbfj54, aedhdjcocj, hgfryj8745, user5203530187060, abd.aziz9083, dhut98545, tguu743, dguy8654, jfshjfd9530, gdsd888, bgfddf8888, hdhxg847, gsufb86, tshsh8638, grukc02, aedidpdobf, jfdyh846, geujcc, jfdhjj9090, aefhkddh, sjdh9643, fjggds0808, hdbj8585, hshjrg8647, fauy8466, rmgh132, aed57705, ghjvfh4, sgdjn3, dhcdyj5, fhdycf, aiden50348, aed3345, aedhdici, hffrr976575, jfdd653, hdr86575"
12,2,1,14,0,1052.105,66,15.421,1.632,"user4080460677683, alanlang42"
13,19,0.322,69,0.669,5786.506,159.29,1.654,3.352,"hhhhh777777852, vicblack0504, asdfsasd.fgdfdgas, samsilas1994, wilks.chasen, estherwebb1225, ferdinandbecky1982, trevion.chelsie, fredagraham2022, ternencebloor0314, duvfyh1, dianaantoinette2000, yuwenmovie, bartholomewnancybz1025, gjcfyc, finishthemovie3, juliedouglass2013, elvistrevelyan0204, fhfry4764"
14,3,0.667,30,0,2169.345,91.759,1.586,2.724,"vdkfofu, jdododh5, hfkci"
15,34,0.998,28,0.998,5717.749,214.158,5.019,3.83,"fjjgdvx, shvchjds, stvhfhj, satsyou, wotext, textstyo, svjscsh, tyuioaak1, you.texts, dtkwod, stoyouh, text778, crtyougo, shotewg, xxii911, rohingyao, sasapco, landscape5670, weck01, hdryxd, texts178, ktsfyh, huiodjio, you55668, text.fc, dhcghcb, text690, bsbseuo, textstory781, cagnhd, hxavnxh, sdsdyou, yourstoryttt, csusvhb"
16,4,0.833,28,0.75,4606.132,155.158,3.868,6.921,"gdkzfj, hec88551nva, wty88731wbc, wys88511u0t"
17,7,1,22,1,1734.918,8.469,0.122,0.02,"ndnenmeme, bdbdhhehh, hdjddjd092, chccggc1, gthggg8, fcvbvv57, zjvz.bdoj"
18,14,0.857,30,0.886,22024.22,287.402,1.913,6.008,"aeda1689, debran.oxonrp03, user54084767052186, lwandiswamsithini, bate.hynda, debran.oxonrp86, dung.tran2322, aed7p4, aed75787, debran.oxonrp81, aed3660, debran.oxonrp00, aynor.ogawa, hoeg.huan"
19,2,1,14,0,1310.056,50.611,0.444,0.944,"vickycarr530, chjvk"
20,2,1,24,0,841.944,54.167,1.5,0.778,"kind26921, vintage5920"
21,22,0.753,29,0.841,7454.207,127.174,1.712,7.701,"m_bao3m360, f_baomm324, c_pegif193, jipupu184, r_kerps136, baomama125, h_lehdi127, s_heise214, f_kebsu024, h_kp82, b_baoma154, d_odbeu124, aodidi148, b_vtost109, s_ostfo146, u_fo176, y_lebei321, xiahoudun152, yemeigui236, k_bao1m114, fengtiantian65, yunshuchuan131"
22,9,0.639,32,0.711,23314.52,937.173,5.187,16.507,"dscgty, chcryd, fhvdet, fecbgf, joannafitzgerald1111, aed6071, fjgryg0, rmcbk1, user1203836358576"
23,2,1,26,0,32775.609,815.826,10.652,9.435,"givtuv, chinuo.zhong"
24,9,0.528,32,0.651,15566.671,331.11,2.466,3.466,"dh.sn27, gh.eh16, fiific8, esjsisi3, icucxyyd, erima.tumpa, haiann79, shbzhsh6, urmkjnv.hfnghk"
25,19,0.942,30,0.954,718.252,14.318,0.29,0.411,"mv.vj3, mzcvs991, dadd.dhh7, dfyioo.nko, tsuso.uso, tsis.hsdg, hgff.nko, fujgds.guio, yeke.heo, fgjio.ghkl, gskdl.duo, etuo.uop, frees.ess, greeryy2, hskdk.jso, guoonn.hkp, hejdsgi, fgjores, jbvn61"
26,11,0.982,29,0.981,7205.124,200.61,1.41,1.924,"79z4nq6, ov3eh1w, 3buenynx, nvi3ho, rzk26w, 01k4d70, ugoujhu, 8znh4ap, wxjqb8, xx91k2, zgekze"
27,22,0.879,39,0.91,732.188,20.653,0.109,0.238,"5538fln, awgthc, kfbfol, idpeoc, eqmhqf, dtbtcc8, tafwwk, bpgarp, abjjvt, nsftib, mhmqkb, hukumn, jhckhs, bipiqo, hltuoq, hidouo, lhqitc, hirakw1, doiplo1, hdmjwo1, sqifhw, wgslhe"
28,6,1,36,1,2671.592,80.873,0.268,0.38,"ghhj8554, bvoo3130, dijx3903, fhda78402, okay11732, ytrq8081"
29,31,0.968,34,0.973,1375.024,56.522,0.359,0.598,"cjitr2086, fiir2712, fkir2290, dhhi6645, hehs5037, tiiff4205, clirr5282, urdu9708, gour2295, cjire9104, jcsie5410, ehgw1916, fkur7594, siev9347, scra5694, gjus6238, cjirr8920, eodn8506, eiwv9484, gjguq6894, courr1227, fnnf8890, hrfj8302, bffb2489, ufsc8075, cjur6297, fiur8444, coref8734, wdoi2427, wgvs9108, wipw6992"
30,15,0.314,58,0.716,1988.254,54.221,0.59,0.508,"grsxhi1, evxsaabi, twkoopk, manggkko5, qbnvoop, famvho, knvddsas, ammcgpo, egsaappo, shvxxmm, dvvsaag, rhvsaaok, enncdhv, taudigaksbg, zzffpiqzpjw"
31,15,0.629,134,0.738,826.057,67.202,10.66,1.672,"chumi_driver102, areplan_driver120, amazinggirl_120, happy_chinagirl_8, stylish_queen_120, pardesi_driver120, privon14, cutedriver120, cutequeen_driver120, sweet_driver120, kartik_girl120, cute_chumi_girl208, cutegirlbabe2, billo_driver3535, username6652655"
32,2,1,13,0,179.3,3.6,0,0,"cipk.jpgb, when.gbsl"
33,6,0.333,28,0,4684.459,88.162,1.27,2.405,"kellygallacher0930, beacherarmstrong2005, lewisaledk0117, josephmacadam2022, elmacatharine2013, nataliechristiana2016"
34,2,1,14,0,1870.067,53.333,0.067,1.067,"3mmujktv, n3atrc"
35,2,1,13,0,927.9,38.5,1.6,0.5,"djjsjbxjb, sisodne"
36,6,1,18,1,1306.562,130.781,1.281,1.094,"bfffercajm, hzbdbrb737hdh, biytff8bh8, evdsfgg89, nihgvgt889, ykht6376ew"
37,2,1,16,0,1985.571,113.857,1.357,2.786,"dydes6, dmssndn.hdmsmen"
38,6,0.867,30,0.867,1175.788,38.576,0.212,0.152,"2appookkve, 4hgkdjf, 3mbfklb, jsns2563, user2727751386886, djisks96"
