"Post URL","Network","Author","Timestamp","Number of Accounts","Views","Likes","Comments","Shares","Description"
"<a href=""https://www.tiktok.com/@jkkj674/video/7464875604223986974"" target=""_blank"" class=""btn btn-sm"" style=""background-color: #00926c; color: white; text-decoration: none; padding: 2px 8px; border-radius: 4px; font-size: 0.8em;"">View Post</a>",2,"jkkj674",2025-01-28 08:12:10,4,2193,39,2,3,"#pov #fyp #fypシ#pimplepoppersatisfying #pimple #whiteheads #supersatisfying #foryou "
"<a href=""https://www.tiktok.com/@ujnikm7/video/7464875409000205598"" target=""_blank"" class=""btn btn-sm"" style=""background-color: #00926c; color: white; text-decoration: none; padding: 2px 8px; border-radius: 4px; font-size: 0.8em;"">View Post</a>",2,"ujnikm7",2025-01-28 08:11:29,4,7506,65,3,0,"#pov #fyp #fypシ#pimplepoppersatisfying #pimple #whiteheads #supersatisfying #foryou "
"<a href=""https://www.tiktok.com/@ujnikm7/video/7464875311742602526"" target=""_blank"" class=""btn btn-sm"" style=""background-color: #00926c; color: white; text-decoration: none; padding: 2px 8px; border-radius: 4px; font-size: 0.8em;"">View Post</a>",2,"ujnikm7",2025-01-28 08:10:40,4,3501,22,0,0,"#pov #fyp #fypシ#pimplepoppersatisfying #pimple #whiteheads #supersatisfying #foryou "
"<a href=""https://www.tiktok.com/@jkkj674/video/7464875114497101087"" target=""_blank"" class=""btn btn-sm"" style=""background-color: #00926c; color: white; text-decoration: none; padding: 2px 8px; border-radius: 4px; font-size: 0.8em;"">View Post</a>",2,"jkkj674",2025-01-28 08:10:24,4,1754,15,1,2,"#pov #fyp #fypシ#pimplepoppersatisfying #pimple #whiteheads #supersatisfying #foryou "
"<a href=""https://www.tiktok.com/@plm00716/video/7464874852277833006"" target=""_blank"" class=""btn btn-sm"" style=""background-color: #00926c; color: white; text-decoration: none; padding: 2px 8px; border-radius: 4px; font-size: 0.8em;"">View Post</a>",2,"plm00716",2025-01-28 08:09:27,4,1041,15,0,1,"#pov #fyp #fypシ#pimplepoppersatisfying #pimple #whiteheads #supersatisfying #foryou "
"<a href=""https://www.tiktok.com/@plm00716/video/7464874539768450346"" target=""_blank"" class=""btn btn-sm"" style=""background-color: #00926c; color: white; text-decoration: none; padding: 2px 8px; border-radius: 4px; font-size: 0.8em;"">View Post</a>",2,"plm00716",2025-01-28 08:08:15,4,898,5,0,3,"#pov #fyp #fypシ#pimplepoppersatisfying #pimple #whiteheads #supersatisfying #foryou "
"<a href=""https://www.tiktok.com/@ujnikm7/video/7464262462104145183"" target=""_blank"" class=""btn btn-sm"" style=""background-color: #00926c; color: white; text-decoration: none; padding: 2px 8px; border-radius: 4px; font-size: 0.8em;"">View Post</a>",2,"ujnikm7",2025-01-26 16:31:09,4,1913,17,0,0,"#pov #fyp #fypシ#pimplepoppersatisfying #pimple #whiteheads #supersatisfying #foryou "
"<a href=""https://www.tiktok.com/@plm00716/video/7464262451295522091"" target=""_blank"" class=""btn btn-sm"" style=""background-color: #00926c; color: white; text-decoration: none; padding: 2px 8px; border-radius: 4px; font-size: 0.8em;"">View Post</a>",2,"plm00716",2025-01-26 16:31:24,4,968,96,0,20,"#pov #fyp #fypシ#pimplepoppersatisfying #pimple #whiteheads #supersatisfying #foryou "
"<a href=""https://www.tiktok.com/@ujnikm7/video/7464262373876960543"" target=""_blank"" class=""btn btn-sm"" style=""background-color: #00926c; color: white; text-decoration: none; padding: 2px 8px; border-radius: 4px; font-size: 0.8em;"">View Post</a>",2,"ujnikm7",2025-01-26 16:31:00,4,2775,32,0,0,"#pov #fyp #fypシ#pimplepoppersatisfying #pimple #whiteheads #supersatisfying #foryou "
"<a href=""https://www.tiktok.com/@plm00716/video/7464262363756170542"" target=""_blank"" class=""btn btn-sm"" style=""background-color: #00926c; color: white; text-decoration: none; padding: 2px 8px; border-radius: 4px; font-size: 0.8em;"">View Post</a>",2,"plm00716",2025-01-26 16:30:51,4,6188,45,0,2,"#pov #fyp #fypシ#pimplepoppersatisfying #pimple #whiteheads #supersatisfying #foryou "
"<a href=""https://www.tiktok.com/@yy11y7/video/7464262124567530798"" target=""_blank"" class=""btn btn-sm"" style=""background-color: #00926c; color: white; text-decoration: none; padding: 2px 8px; border-radius: 4px; font-size: 0.8em;"">View Post</a>",2,"yy11y7",2025-01-26 16:29:51,4,3978,32,0,0,"#pov #fyp #fypシ#pimplepoppersatisfying #pimple #whiteheads #supersatisfying #foryou "
"<a href=""https://www.tiktok.com/@yy11y7/video/7464262021530291498"" target=""_blank"" class=""btn btn-sm"" style=""background-color: #00926c; color: white; text-decoration: none; padding: 2px 8px; border-radius: 4px; font-size: 0.8em;"">View Post</a>",2,"yy11y7",2025-01-26 16:29:35,4,3452,13,1,0,"#pov #fyp #fypシ#pimplepoppersatisfying #pimple #whiteheads #supersatisfying #foryou "
"<a href=""https://www.tiktok.com/@jkkj674/video/7464261468993670431"" target=""_blank"" class=""btn btn-sm"" style=""background-color: #00926c; color: white; text-decoration: none; padding: 2px 8px; border-radius: 4px; font-size: 0.8em;"">View Post</a>",2,"jkkj674",2025-01-26 16:27:27,4,25095,475,13,3,"#pov #fyp #fypシ#pimplepoppersatisfying #pimple #whiteheads #supersatisfying #foryou "
"<a href=""https://www.tiktok.com/@jkkj674/video/7464261380066102559"" target=""_blank"" class=""btn btn-sm"" style=""background-color: #00926c; color: white; text-decoration: none; padding: 2px 8px; border-radius: 4px; font-size: 0.8em;"">View Post</a>",2,"jkkj674",2025-01-26 16:27:14,4,8331,109,1,6,"#pov #fyp #fypシ#pimplepoppersatisfying #pimple #whiteheads #supersatisfying #foryou "
"<a href=""https://www.tiktok.com/@ujnikm7/video/7463890933436648735"" target=""_blank"" class=""btn btn-sm"" style=""background-color: #00926c; color: white; text-decoration: none; padding: 2px 8px; border-radius: 4px; font-size: 0.8em;"">View Post</a>",2,"ujnikm7",2025-01-25 16:29:30,4,6474,70,0,3,"#pov #fyp #fypシ#pimplepoppersatisfying #pimple #whiteheads #supersatisfying #foryou "
"<a href=""https://www.tiktok.com/@ujnikm7/video/7463890812917566751"" target=""_blank"" class=""btn btn-sm"" style=""background-color: #00926c; color: white; text-decoration: none; padding: 2px 8px; border-radius: 4px; font-size: 0.8em;"">View Post</a>",2,"ujnikm7",2025-01-25 16:29:01,4,2682,45,0,0,"#pov #fyp #fypシ#pimplepoppersatisfying #pimple #whiteheads #supersatisfying #foryou "
"<a href=""https://www.tiktok.com/@yr0010/video/7463890668125965598"" target=""_blank"" class=""btn btn-sm"" style=""background-color: #00926c; color: white; text-decoration: none; padding: 2px 8px; border-radius: 4px; font-size: 0.8em;"">View Post</a>",2,"yr0010",2025-01-25 16:28:26,4,1048,21,0,0,"#pov #fyp #fypシ#pimplepoppersatisfying #pimple #whiteheads #supersatisfying #foryou "
"<a href=""https://www.tiktok.com/@yy11y7/video/7463890654989487403"" target=""_blank"" class=""btn btn-sm"" style=""background-color: #00926c; color: white; text-decoration: none; padding: 2px 8px; border-radius: 4px; font-size: 0.8em;"">View Post</a>",2,"yy11y7",2025-01-25 16:28:25,4,7535,31,0,0,"#pov #fyp #fypシ#pimplepoppersatisfying #pimple #whiteheads #supersatisfying #foryou "
"<a href=""https://www.tiktok.com/@yy11y7/video/7463890606201392426"" target=""_blank"" class=""btn btn-sm"" style=""background-color: #00926c; color: white; text-decoration: none; padding: 2px 8px; border-radius: 4px; font-size: 0.8em;"">View Post</a>",2,"yy11y7",2025-01-25 16:28:13,4,5956,15,0,0,"#pov #fyp #fypシ#pimplepoppersatisfying #pimple #whiteheads #supersatisfying #foryou "
"<a href=""https://www.tiktok.com/@yr0010/video/7463890529881787678"" target=""_blank"" class=""btn btn-sm"" style=""background-color: #00926c; color: white; text-decoration: none; padding: 2px 8px; border-radius: 4px; font-size: 0.8em;"">View Post</a>",2,"yr0010",2025-01-25 16:28:07,4,1083,11,0,0,"#pov #fyp #fypシ#pimplepoppersatisfying #pimple #whiteheads #supersatisfying #foryou "
"<a href=""https://www.tiktok.com/@jkkj674/video/7463888916332989726"" target=""_blank"" class=""btn btn-sm"" style=""background-color: #00926c; color: white; text-decoration: none; padding: 2px 8px; border-radius: 4px; font-size: 0.8em;"">View Post</a>",2,"jkkj674",2025-01-25 16:21:41,4,3785,59,0,0,"#pov #fyp #fypシ#pimplepoppersatisfying #pimple #whiteheads #supersatisfying #foryou "
"<a href=""https://www.tiktok.com/@ujnikm7/video/7463518225880337695"" target=""_blank"" class=""btn btn-sm"" style=""background-color: #00926c; color: white; text-decoration: none; padding: 2px 8px; border-radius: 4px; font-size: 0.8em;"">View Post</a>",2,"ujnikm7",2025-01-24 16:23:24,4,5291,49,0,0,"#pov #fyp #fypシ#pimplepoppersatisfying #pimple #whiteheads #supersatisfying #foryou "
"<a href=""https://www.tiktok.com/@yr0010/video/7463518131290426655"" target=""_blank"" class=""btn btn-sm"" style=""background-color: #00926c; color: white; text-decoration: none; padding: 2px 8px; border-radius: 4px; font-size: 0.8em;"">View Post</a>",2,"yr0010",2025-01-24 16:23:07,4,1011,22,0,0,"#pov #fyp #fypシ#pimplepoppersatisfying #pimple #whiteheads #supersatisfying #foryou "
"<a href=""https://www.tiktok.com/@ujnikm7/video/7463518074952584479"" target=""_blank"" class=""btn btn-sm"" style=""background-color: #00926c; color: white; text-decoration: none; padding: 2px 8px; border-radius: 4px; font-size: 0.8em;"">View Post</a>",2,"ujnikm7",2025-01-24 16:22:49,4,6948,89,0,0,"#pov #fyp #fypシ#pimplepoppersatisfying #pimple #whiteheads #supersatisfying #foryou "
"<a href=""https://www.tiktok.com/@yr0010/video/7463517971965676830"" target=""_blank"" class=""btn btn-sm"" style=""background-color: #00926c; color: white; text-decoration: none; padding: 2px 8px; border-radius: 4px; font-size: 0.8em;"">View Post</a>",2,"yr0010",2025-01-24 16:22:45,4,4217,43,0,0,"#pov #fyp #fypシ#pimplepoppersatisfying #pimple #whiteheads #supersatisfying #foryou "
"<a href=""https://www.tiktok.com/@plm00716/video/7463517865837350190"" target=""_blank"" class=""btn btn-sm"" style=""background-color: #00926c; color: white; text-decoration: none; padding: 2px 8px; border-radius: 4px; font-size: 0.8em;"">View Post</a>",2,"plm00716",2025-01-24 16:22:25,4,4331,30,0,0,"#pov #fyp #fypシ#pimplepoppersatisfying #pimple #whiteheads #supersatisfying #foryou "
"<a href=""https://www.tiktok.com/@jkkj674/video/7463517527281339678"" target=""_blank"" class=""btn btn-sm"" style=""background-color: #00926c; color: white; text-decoration: none; padding: 2px 8px; border-radius: 4px; font-size: 0.8em;"">View Post</a>",2,"jkkj674",2025-01-24 16:20:44,4,9943,149,0,2,"#pov #fyp #fypシ#pimplepoppersatisfying #pimple #whiteheads #supersatisfying #foryou "
"<a href=""https://www.tiktok.com/@jkkj674/video/7463517451049798943"" target=""_blank"" class=""btn btn-sm"" style=""background-color: #00926c; color: white; text-decoration: none; padding: 2px 8px; border-radius: 4px; font-size: 0.8em;"">View Post</a>",2,"jkkj674",2025-01-24 16:20:30,4,6866,105,0,2,"#pov #fyp #fypシ#pimplepoppersatisfying #pimple #whiteheads #supersatisfying #foryou "
"<a href=""https://www.tiktok.com/@ujnikm7/video/7463146599040994590"" target=""_blank"" class=""btn btn-sm"" style=""background-color: #00926c; color: white; text-decoration: none; padding: 2px 8px; border-radius: 4px; font-size: 0.8em;"">View Post</a>",2,"ujnikm7",2025-01-23 16:20:41,4,51108,197,0,7,"#pov #fyp #fypシ#pimplepoppersatisfying #pimple #whiteheads #supersatisfying #foryou "
"<a href=""https://www.tiktok.com/@ujnikm7/video/7463146533723163934"" target=""_blank"" class=""btn btn-sm"" style=""background-color: #00926c; color: white; text-decoration: none; padding: 2px 8px; border-radius: 4px; font-size: 0.8em;"">View Post</a>",2,"ujnikm7",2025-01-23 16:20:26,4,5274,78,0,2,"#pov #fyp #fypシ#pimplepoppersatisfying #pimple #whiteheads #supersatisfying #foryou "
"<a href=""https://www.tiktok.com/@yr0010/video/7463146110517775646"" target=""_blank"" class=""btn btn-sm"" style=""background-color: #00926c; color: white; text-decoration: none; padding: 2px 8px; border-radius: 4px; font-size: 0.8em;"">View Post</a>",2,"yr0010",2025-01-23 16:18:47,4,1053,15,0,0,"#pov #fyp #fypシ#pimplepoppersatisfying #pimple #whiteheads #supersatisfying #foryou "
"<a href=""https://www.tiktok.com/@yr0010/video/7463146097905569055"" target=""_blank"" class=""btn btn-sm"" style=""background-color: #00926c; color: white; text-decoration: none; padding: 2px 8px; border-radius: 4px; font-size: 0.8em;"">View Post</a>",2,"yr0010",2025-01-23 16:18:46,4,1664,33,0,0,"#pov #fyp #fypシ#pimplepoppersatisfying #pimple #whiteheads #supersatisfying #foryou "
"<a href=""https://www.tiktok.com/@yy11y7/video/7463146080163695918"" target=""_blank"" class=""btn btn-sm"" style=""background-color: #00926c; color: white; text-decoration: none; padding: 2px 8px; border-radius: 4px; font-size: 0.8em;"">View Post</a>",2,"yy11y7",2025-01-23 16:18:40,4,7324,42,2,3,"#pov #fyp #fypシ#pimplepoppersatisfying #pimple #whiteheads #supersatisfying #foryou "
"<a href=""https://www.tiktok.com/@jkkj674/video/7463145908755008798"" target=""_blank"" class=""btn btn-sm"" style=""background-color: #00926c; color: white; text-decoration: none; padding: 2px 8px; border-radius: 4px; font-size: 0.8em;"">View Post</a>",2,"jkkj674",2025-01-23 16:17:59,4,11150,179,0,1,"#pov #fyp #fypシ#pimplepoppersatisfying #pimple #whiteheads #supersatisfying #foryou "
"<a href=""https://www.tiktok.com/@jkkj674/video/7463145643557588255"" target=""_blank"" class=""btn btn-sm"" style=""background-color: #00926c; color: white; text-decoration: none; padding: 2px 8px; border-radius: 4px; font-size: 0.8em;"">View Post</a>",2,"jkkj674",2025-01-23 16:16:57,4,12716,151,1,2,"#pov #fyp #fypシ#pimplepoppersatisfying #pimple #whiteheads #supersatisfying #foryou "
"<a href=""https://www.tiktok.com/@jkkj674/video/7462772049400876319"" target=""_blank"" class=""btn btn-sm"" style=""background-color: #00926c; color: white; text-decoration: none; padding: 2px 8px; border-radius: 4px; font-size: 0.8em;"">View Post</a>",2,"jkkj674",2025-01-22 16:07:36,4,13382,184,1,6,"#pov #fyp #fypシ#pimplepoppersatisfying #pimple #whiteheads #supersatisfying #foryou "
"<a href=""https://www.tiktok.com/@plm00716/video/7462772014261112110"" target=""_blank"" class=""btn btn-sm"" style=""background-color: #00926c; color: white; text-decoration: none; padding: 2px 8px; border-radius: 4px; font-size: 0.8em;"">View Post</a>",2,"plm00716",2025-01-22 16:07:50,4,19599,160,1,9,"#pov #fyp #fypシ#pimplepoppersatisfying #pimple #whiteheads #supersatisfying #foryou "
"<a href=""https://www.tiktok.com/@plm00716/video/7462771897768480043"" target=""_blank"" class=""btn btn-sm"" style=""background-color: #00926c; color: white; text-decoration: none; padding: 2px 8px; border-radius: 4px; font-size: 0.8em;"">View Post</a>",2,"plm00716",2025-01-22 16:07:16,4,3625,32,0,4,"#pov #fyp #fypシ#pimplepoppersatisfying #pimple #whiteheads #supersatisfying #foryou "
"<a href=""https://www.tiktok.com/@jkkj674/video/7462771759398276382"" target=""_blank"" class=""btn btn-sm"" style=""background-color: #00926c; color: white; text-decoration: none; padding: 2px 8px; border-radius: 4px; font-size: 0.8em;"">View Post</a>",2,"jkkj674",2025-01-22 16:06:36,4,21328,272,3,6,"#pov #fyp #fypシ#pimplepoppersatisfying #pimple #whiteheads #supersatisfying #foryou "
"<a href=""https://www.tiktok.com/@yr0010/video/7462771592649624863"" target=""_blank"" class=""btn btn-sm"" style=""background-color: #00926c; color: white; text-decoration: none; padding: 2px 8px; border-radius: 4px; font-size: 0.8em;"">View Post</a>",2,"yr0010",2025-01-22 16:06:05,4,8903,54,0,1,"#pov #fyp #fypシ#pimplepoppersatisfying #pimple #whiteheads #supersatisfying #foryou "
"<a href=""https://www.tiktok.com/@yr0010/video/7462771498382675231"" target=""_blank"" class=""btn btn-sm"" style=""background-color: #00926c; color: white; text-decoration: none; padding: 2px 8px; border-radius: 4px; font-size: 0.8em;"">View Post</a>",2,"yr0010",2025-01-22 16:05:45,4,2924,48,0,0,"#pov #fyp #fypシ#pimplepoppersatisfying #pimple #whiteheads #supersatisfying #foryou "
"<a href=""https://www.tiktok.com/@yy11y7/video/7462771404195532078"" target=""_blank"" class=""btn btn-sm"" style=""background-color: #00926c; color: white; text-decoration: none; padding: 2px 8px; border-radius: 4px; font-size: 0.8em;"">View Post</a>",2,"yy11y7",2025-01-22 16:05:21,4,2220,15,0,0,"#pov #fyp #fypシ#pimplepoppersatisfying #pimple #whiteheads #supersatisfying #foryou "
"<a href=""https://www.tiktok.com/@ujnikm7/video/7462770593142738206"" target=""_blank"" class=""btn btn-sm"" style=""background-color: #00926c; color: white; text-decoration: none; padding: 2px 8px; border-radius: 4px; font-size: 0.8em;"">View Post</a>",2,"ujnikm7",2025-01-22 16:02:08,4,8562,76,0,2,"#pov #fyp #fypシ#pimplepoppersatisfying #pimple #whiteheads #supersatisfying #foryou "
"<a href=""https://www.tiktok.com/@ujnikm7/video/7462770561521847582"" target=""_blank"" class=""btn btn-sm"" style=""background-color: #00926c; color: white; text-decoration: none; padding: 2px 8px; border-radius: 4px; font-size: 0.8em;"">View Post</a>",2,"ujnikm7",2025-01-22 16:01:53,4,4782,68,0,0,"#pov #fyp #fypシ#pimplepoppersatisfying #pimple #whiteheads #supersatisfying #foryou "
"<a href=""https://www.tiktok.com/@jkkj674/video/7462399371615685919"" target=""_blank"" class=""btn btn-sm"" style=""background-color: #00926c; color: white; text-decoration: none; padding: 2px 8px; border-radius: 4px; font-size: 0.8em;"">View Post</a>",2,"jkkj674",2025-01-21 16:01:31,4,15095,174,3,4,"#pov #fyp #fypシ#pimplepoppersatisfying #pimple #whiteheads #supersatisfying #foryou "
"<a href=""https://www.tiktok.com/@yr0010/video/7462399301260528927"" target=""_blank"" class=""btn btn-sm"" style=""background-color: #00926c; color: white; text-decoration: none; padding: 2px 8px; border-radius: 4px; font-size: 0.8em;"">View Post</a>",2,"yr0010",2025-01-21 16:01:23,4,2770,88,0,0,"#pov #fyp #fypシ#pimplepoppersatisfying #pimple #whiteheads #supersatisfying #foryou "
"<a href=""https://www.tiktok.com/@yr0010/video/7462399132909571358"" target=""_blank"" class=""btn btn-sm"" style=""background-color: #00926c; color: white; text-decoration: none; padding: 2px 8px; border-radius: 4px; font-size: 0.8em;"">View Post</a>",2,"yr0010",2025-01-21 16:00:46,4,2409,98,0,1,"#pov #fyp #fypシ#pimplepoppersatisfying #pimple #whiteheads #supersatisfying #foryou "
"<a href=""https://www.tiktok.com/@ujnikm7/video/7462398966307540255"" target=""_blank"" class=""btn btn-sm"" style=""background-color: #00926c; color: white; text-decoration: none; padding: 2px 8px; border-radius: 4px; font-size: 0.8em;"">View Post</a>",2,"ujnikm7",2025-01-21 15:59:48,4,5579,76,1,0,"#pov #fyp #fypシ#pimplepoppersatisfying #pimple #whiteheads #supersatisfying #foryou "
"<a href=""https://www.tiktok.com/@ujnikm7/video/7462398921604631839"" target=""_blank"" class=""btn btn-sm"" style=""background-color: #00926c; color: white; text-decoration: none; padding: 2px 8px; border-radius: 4px; font-size: 0.8em;"">View Post</a>",2,"ujnikm7",2025-01-21 15:59:47,4,7836,111,0,1,"#pov #fyp #fypシ#pimplepoppersatisfying #pimple #whiteheads #supersatisfying #foryou "
"<a href=""https://www.tiktok.com/@jkkj674/video/7464875604223986974"" target=""_blank"" class=""btn btn-sm"" style=""background-color: #00926c; color: white; text-decoration: none; padding: 2px 8px; border-radius: 4px; font-size: 0.8em;"">View Post</a>",2,"jkkj674",2025-01-28 08:12:10,4,2194,39,2,3,"#pov #fyp #fypシ#pimplepoppersatisfying #pimple #whiteheads #supersatisfying #foryou "
"<a href=""https://www.tiktok.com/@ujnikm7/video/7464875409000205598"" target=""_blank"" class=""btn btn-sm"" style=""background-color: #00926c; color: white; text-decoration: none; padding: 2px 8px; border-radius: 4px; font-size: 0.8em;"">View Post</a>",2,"ujnikm7",2025-01-28 08:11:29,4,7519,65,3,0,"#pov #fyp #fypシ#pimplepoppersatisfying #pimple #whiteheads #supersatisfying #foryou "
"<a href=""https://www.tiktok.com/@ujnikm7/video/7464875311742602526"" target=""_blank"" class=""btn btn-sm"" style=""background-color: #00926c; color: white; text-decoration: none; padding: 2px 8px; border-radius: 4px; font-size: 0.8em;"">View Post</a>",2,"ujnikm7",2025-01-28 08:10:40,4,3506,22,0,0,"#pov #fyp #fypシ#pimplepoppersatisfying #pimple #whiteheads #supersatisfying #foryou "
"<a href=""https://www.tiktok.com/@ujnikm7/video/7464262462104145183"" target=""_blank"" class=""btn btn-sm"" style=""background-color: #00926c; color: white; text-decoration: none; padding: 2px 8px; border-radius: 4px; font-size: 0.8em;"">View Post</a>",2,"ujnikm7",2025-01-26 16:31:09,4,1915,17,0,0,"#pov #fyp #fypシ#pimplepoppersatisfying #pimple #whiteheads #supersatisfying #foryou "
"<a href=""https://www.tiktok.com/@ujnikm7/video/7464262373876960543"" target=""_blank"" class=""btn btn-sm"" style=""background-color: #00926c; color: white; text-decoration: none; padding: 2px 8px; border-radius: 4px; font-size: 0.8em;"">View Post</a>",2,"ujnikm7",2025-01-26 16:31:00,4,2778,32,0,0,"#pov #fyp #fypシ#pimplepoppersatisfying #pimple #whiteheads #supersatisfying #foryou "
"<a href=""https://www.tiktok.com/@ujnikm7/video/7463890933436648735"" target=""_blank"" class=""btn btn-sm"" style=""background-color: #00926c; color: white; text-decoration: none; padding: 2px 8px; border-radius: 4px; font-size: 0.8em;"">View Post</a>",2,"ujnikm7",2025-01-25 16:29:30,4,6476,70,0,3,"#pov #fyp #fypシ#pimplepoppersatisfying #pimple #whiteheads #supersatisfying #foryou "
"<a href=""https://www.tiktok.com/@ujnikm7/video/7463890812917566751"" target=""_blank"" class=""btn btn-sm"" style=""background-color: #00926c; color: white; text-decoration: none; padding: 2px 8px; border-radius: 4px; font-size: 0.8em;"">View Post</a>",2,"ujnikm7",2025-01-25 16:29:01,4,2685,45,0,0,"#pov #fyp #fypシ#pimplepoppersatisfying #pimple #whiteheads #supersatisfying #foryou "
"<a href=""https://www.tiktok.com/@yr0010/video/7463890668125965598"" target=""_blank"" class=""btn btn-sm"" style=""background-color: #00926c; color: white; text-decoration: none; padding: 2px 8px; border-radius: 4px; font-size: 0.8em;"">View Post</a>",2,"yr0010",2025-01-25 16:28:26,4,1049,21,0,0,"#pov #fyp #fypシ#pimplepoppersatisfying #pimple #whiteheads #supersatisfying #foryou "
"<a href=""https://www.tiktok.com/@yr0010/video/7463890529881787678"" target=""_blank"" class=""btn btn-sm"" style=""background-color: #00926c; color: white; text-decoration: none; padding: 2px 8px; border-radius: 4px; font-size: 0.8em;"">View Post</a>",2,"yr0010",2025-01-25 16:28:07,4,1084,11,0,0,"#pov #fyp #fypシ#pimplepoppersatisfying #pimple #whiteheads #supersatisfying #foryou "
"<a href=""https://www.tiktok.com/@ujnikm7/video/7463518225880337695"" target=""_blank"" class=""btn btn-sm"" style=""background-color: #00926c; color: white; text-decoration: none; padding: 2px 8px; border-radius: 4px; font-size: 0.8em;"">View Post</a>",2,"ujnikm7",2025-01-24 16:23:24,4,5294,49,0,0,"#pov #fyp #fypシ#pimplepoppersatisfying #pimple #whiteheads #supersatisfying #foryou "
"<a href=""https://www.tiktok.com/@ujnikm7/video/7463518074952584479"" target=""_blank"" class=""btn btn-sm"" style=""background-color: #00926c; color: white; text-decoration: none; padding: 2px 8px; border-radius: 4px; font-size: 0.8em;"">View Post</a>",2,"ujnikm7",2025-01-24 16:22:49,4,6950,89,0,0,"#pov #fyp #fypシ#pimplepoppersatisfying #pimple #whiteheads #supersatisfying #foryou "
"<a href=""https://www.tiktok.com/@ujnikm7/video/7463146599040994590"" target=""_blank"" class=""btn btn-sm"" style=""background-color: #00926c; color: white; text-decoration: none; padding: 2px 8px; border-radius: 4px; font-size: 0.8em;"">View Post</a>",2,"ujnikm7",2025-01-23 16:20:41,4,51111,197,0,7,"#pov #fyp #fypシ#pimplepoppersatisfying #pimple #whiteheads #supersatisfying #foryou "
"<a href=""https://www.tiktok.com/@ujnikm7/video/7463146533723163934"" target=""_blank"" class=""btn btn-sm"" style=""background-color: #00926c; color: white; text-decoration: none; padding: 2px 8px; border-radius: 4px; font-size: 0.8em;"">View Post</a>",2,"ujnikm7",2025-01-23 16:20:26,4,5277,78,0,2,"#pov #fyp #fypシ#pimplepoppersatisfying #pimple #whiteheads #supersatisfying #foryou "
"<a href=""https://www.tiktok.com/@jkkj674/video/7463145908755008798"" target=""_blank"" class=""btn btn-sm"" style=""background-color: #00926c; color: white; text-decoration: none; padding: 2px 8px; border-radius: 4px; font-size: 0.8em;"">View Post</a>",2,"jkkj674",2025-01-23 16:17:59,4,11151,179,0,1,"#pov #fyp #fypシ#pimplepoppersatisfying #pimple #whiteheads #supersatisfying #foryou "
"<a href=""https://www.tiktok.com/@jkkj674/video/7463145643557588255"" target=""_blank"" class=""btn btn-sm"" style=""background-color: #00926c; color: white; text-decoration: none; padding: 2px 8px; border-radius: 4px; font-size: 0.8em;"">View Post</a>",2,"jkkj674",2025-01-23 16:16:57,4,12718,151,1,2,"#pov #fyp #fypシ#pimplepoppersatisfying #pimple #whiteheads #supersatisfying #foryou "
"<a href=""https://www.tiktok.com/@jkkj674/video/7462772049400876319"" target=""_blank"" class=""btn btn-sm"" style=""background-color: #00926c; color: white; text-decoration: none; padding: 2px 8px; border-radius: 4px; font-size: 0.8em;"">View Post</a>",2,"jkkj674",2025-01-22 16:07:36,4,13383,184,1,6,"#pov #fyp #fypシ#pimplepoppersatisfying #pimple #whiteheads #supersatisfying #foryou "
"<a href=""https://www.tiktok.com/@ujnikm7/video/7462770593142738206"" target=""_blank"" class=""btn btn-sm"" style=""background-color: #00926c; color: white; text-decoration: none; padding: 2px 8px; border-radius: 4px; font-size: 0.8em;"">View Post</a>",2,"ujnikm7",2025-01-22 16:02:08,4,8564,76,0,2,"#pov #fyp #fypシ#pimplepoppersatisfying #pimple #whiteheads #supersatisfying #foryou "
"<a href=""https://www.tiktok.com/@ujnikm7/video/7462770561521847582"" target=""_blank"" class=""btn btn-sm"" style=""background-color: #00926c; color: white; text-decoration: none; padding: 2px 8px; border-radius: 4px; font-size: 0.8em;"">View Post</a>",2,"ujnikm7",2025-01-22 16:01:53,4,4783,68,0,0,"#pov #fyp #fypシ#pimplepoppersatisfying #pimple #whiteheads #supersatisfying #foryou "
"<a href=""https://www.tiktok.com/@jkkj674/video/7462399371615685919"" target=""_blank"" class=""btn btn-sm"" style=""background-color: #00926c; color: white; text-decoration: none; padding: 2px 8px; border-radius: 4px; font-size: 0.8em;"">View Post</a>",2,"jkkj674",2025-01-21 16:01:31,4,15096,174,3,4,"#pov #fyp #fypシ#pimplepoppersatisfying #pimple #whiteheads #supersatisfying #foryou "
"<a href=""https://www.tiktok.com/@ujnikm7/video/7462398966307540255"" target=""_blank"" class=""btn btn-sm"" style=""background-color: #00926c; color: white; text-decoration: none; padding: 2px 8px; border-radius: 4px; font-size: 0.8em;"">View Post</a>",2,"ujnikm7",2025-01-21 15:59:48,4,5580,76,1,0,"#pov #fyp #fypシ#pimplepoppersatisfying #pimple #whiteheads #supersatisfying #foryou "
"<a href=""https://www.tiktok.com/@ujnikm7/video/7462398921604631839"" target=""_blank"" class=""btn btn-sm"" style=""background-color: #00926c; color: white; text-decoration: none; padding: 2px 8px; border-radius: 4px; font-size: 0.8em;"">View Post</a>",2,"ujnikm7",2025-01-21 15:59:47,4,7837,111,0,1,"#pov #fyp #fypシ#pimplepoppersatisfying #pimple #whiteheads #supersatisfying #foryou "
"<a href=""https://www.tiktok.com/@yr0010/video/7464875982982221086"" target=""_blank"" class=""btn btn-sm"" style=""background-color: #00926c; color: white; text-decoration: none; padding: 2px 8px; border-radius: 4px; font-size: 0.8em;"">View Post</a>",2,"yr0010",2025-01-28 08:13:40,2,5246,89,0,0,"#pov #fyp #fypシ #asmr #ingrowntoenail #pedicure #ingrownhairremoval  #satisfying #care #earendoscope #earcleaning #tingles #satisfying #relax#asmrsounds #care #foryou "
"<a href=""https://www.tiktok.com/@yr0010/video/7464875896407690527"" target=""_blank"" class=""btn btn-sm"" style=""background-color: #00926c; color: white; text-decoration: none; padding: 2px 8px; border-radius: 4px; font-size: 0.8em;"">View Post</a>",2,"yr0010",2025-01-28 08:13:54,2,1812,27,0,0,"#pov #fyp #fypシ #asmr #ingrowntoenail #pedicure #ingrownhairremoval  #satisfying #care #earendoscope #earcleaning #tingles #satisfying #relax#asmrsounds #care #foryou "
"<a href=""https://www.tiktok.com/@yy11y7/video/7464875435340418350"" target=""_blank"" class=""btn btn-sm"" style=""background-color: #00926c; color: white; text-decoration: none; padding: 2px 8px; border-radius: 4px; font-size: 0.8em;"">View Post</a>",2,"yy11y7",2025-01-28 08:11:48,2,6375,52,0,1,"#pov #fyp #fypシ #asmr #ingrowntoenail #pedicure #ingrownhairremoval  #satisfying #care #earendoscope #earcleaning #tingles #satisfying #relax#asmrsounds #care #foryou "
"<a href=""https://www.tiktok.com/@yy11y7/video/7464875381213072686"" target=""_blank"" class=""btn btn-sm"" style=""background-color: #00926c; color: white; text-decoration: none; padding: 2px 8px; border-radius: 4px; font-size: 0.8em;"">View Post</a>",2,"yy11y7",2025-01-28 08:11:40,2,7278,44,0,0,"#pov #fyp #fypシ #asmr #ingrowntoenail #pedicure #ingrownhairremoval  #satisfying #care #earendoscope #earcleaning #tingles #satisfying #relax#asmrsounds #care #foryou "
"<a href=""https://www.tiktok.com/@user3385525792650/video/7464875064064806174"" target=""_blank"" class=""btn btn-sm"" style=""background-color: #00926c; color: white; text-decoration: none; padding: 2px 8px; border-radius: 4px; font-size: 0.8em;"">View Post</a>",3,"user3385525792650",2025-01-28 08:10:06,2,12086,118,0,0,"#pov #fyp #fypシ #asmr #ingrowntoenail #pedicure #ingrownhairremoval  #satisfying #care #earendoscope #earcleaning #tingles #satisfying #relax#asmrsounds #care #foryou "
"<a href=""https://www.tiktok.com/@user3385525792650/video/7464874999233498398"" target=""_blank"" class=""btn btn-sm"" style=""background-color: #00926c; color: white; text-decoration: none; padding: 2px 8px; border-radius: 4px; font-size: 0.8em;"">View Post</a>",3,"user3385525792650",2025-01-28 08:10:13,2,26048,173,0,4,"#pov #fyp #fypシ #asmr #ingrowntoenail #pedicure #ingrownhairremoval  #satisfying #care #earendoscope #earcleaning #tingles #satisfying #relax#asmrsounds #care #foryou "
"<a href=""https://www.tiktok.com/@yy12197/video/7464874999233482014"" target=""_blank"" class=""btn btn-sm"" style=""background-color: #00926c; color: white; text-decoration: none; padding: 2px 8px; border-radius: 4px; font-size: 0.8em;"">View Post</a>",3,"yy12197",2025-01-28 08:09:55,2,5045,79,0,5,"#pov #fyp #fypシ #asmr #ingrowntoenail #pedicure #ingrownhairremoval  #satisfying #care #earendoscope #earcleaning #tingles #satisfying #relax#asmrsounds #care #foryou "
"<a href=""https://www.tiktok.com/@yy12197/video/7464874915271839007"" target=""_blank"" class=""btn btn-sm"" style=""background-color: #00926c; color: white; text-decoration: none; padding: 2px 8px; border-radius: 4px; font-size: 0.8em;"">View Post</a>",3,"yy12197",2025-01-28 08:09:36,2,9868,123,0,0,"#pov #fyp #fypシ #asmr #ingrowntoenail #pedicure #ingrownhairremoval  #satisfying #care #earendoscope #earcleaning #tingles #satisfying #relax#asmrsounds #care #foryou "
"<a href=""https://www.tiktok.com/@yr0010/video/7464262519348153630"" target=""_blank"" class=""btn btn-sm"" style=""background-color: #00926c; color: white; text-decoration: none; padding: 2px 8px; border-radius: 4px; font-size: 0.8em;"">View Post</a>",2,"yr0010",2025-01-26 16:31:40,2,4395,71,0,0,"#pov #fyp #fypシ #asmr #ingrowntoenail #pedicure #ingrownhairremoval  #satisfying #care #earendoscope #earcleaning #tingles #satisfying #relax#asmrsounds #care #foryou "
"<a href=""https://www.tiktok.com/@user3385525792650/video/7464262515757796639"" target=""_blank"" class=""btn btn-sm"" style=""background-color: #00926c; color: white; text-decoration: none; padding: 2px 8px; border-radius: 4px; font-size: 0.8em;"">View Post</a>",3,"user3385525792650",2025-01-26 16:31:34,2,15494,122,2,6,"#pov #fyp #fypシ #asmr #ingrowntoenail #pedicure #ingrownhairremoval  #satisfying #care #earendoscope #earcleaning #tingles #satisfying #relax#asmrsounds #care #foryou "
"<a href=""https://www.tiktok.com/@yr0010/video/7464262515757698335"" target=""_blank"" class=""btn btn-sm"" style=""background-color: #00926c; color: white; text-decoration: none; padding: 2px 8px; border-radius: 4px; font-size: 0.8em;"">View Post</a>",2,"yr0010",2025-01-26 16:31:28,2,1165,13,0,0,"#pov #fyp #fypシ #asmr #ingrowntoenail #pedicure #ingrownhairremoval  #satisfying #care #earendoscope #earcleaning #tingles #satisfying #relax#asmrsounds #care #foryou "
"<a href=""https://www.tiktok.com/@user3385525792650/video/7464262471193316639"" target=""_blank"" class=""btn btn-sm"" style=""background-color: #00926c; color: white; text-decoration: none; padding: 2px 8px; border-radius: 4px; font-size: 0.8em;"">View Post</a>",3,"user3385525792650",2025-01-26 16:31:33,2,1976,22,0,0,"#pov #fyp #fypシ #asmr #ingrowntoenail #pedicure #ingrownhairremoval  #satisfying #care #earendoscope #earcleaning #tingles #satisfying #relax#asmrsounds #care #foryou "
"<a href=""https://www.tiktok.com/@yy12197/video/7464262327194357022"" target=""_blank"" class=""btn btn-sm"" style=""background-color: #00926c; color: white; text-decoration: none; padding: 2px 8px; border-radius: 4px; font-size: 0.8em;"">View Post</a>",3,"yy12197",2025-01-26 16:30:27,2,11038,169,0,3,"#pov #fyp #fypシ #asmr #ingrowntoenail #pedicure #ingrownhairremoval  #satisfying #care #earendoscope #earcleaning #tingles #satisfying #relax#asmrsounds #care #foryou "
"<a href=""https://www.tiktok.com/@yy12197/video/7464262216884309278"" target=""_blank"" class=""btn btn-sm"" style=""background-color: #00926c; color: white; text-decoration: none; padding: 2px 8px; border-radius: 4px; font-size: 0.8em;"">View Post</a>",3,"yy12197",2025-01-26 16:30:25,2,5076,54,0,6,"#pov #fyp #fypシ #asmr #ingrowntoenail #pedicure #ingrownhairremoval  #satisfying #care #earendoscope #earcleaning #tingles #satisfying #relax#asmrsounds #care #foryou "
"<a href=""https://www.tiktok.com/@user3385525792650/video/7463890609841966367"" target=""_blank"" class=""btn btn-sm"" style=""background-color: #00926c; color: white; text-decoration: none; padding: 2px 8px; border-radius: 4px; font-size: 0.8em;"">View Post</a>",3,"user3385525792650",2025-01-25 16:28:11,2,4102,50,0,3,"#pov #fyp #fypシ #asmr #ingrowntoenail #pedicure #ingrownhairremoval  #satisfying #care #earendoscope #earcleaning #tingles #satisfying #relax#asmrsounds #care #foryou "
"<a href=""https://www.tiktok.com/@user3385525792650/video/7463890578565074207"" target=""_blank"" class=""btn btn-sm"" style=""background-color: #00926c; color: white; text-decoration: none; padding: 2px 8px; border-radius: 4px; font-size: 0.8em;"">View Post</a>",3,"user3385525792650",2025-01-25 16:28:08,2,20056,94,3,4,"#pov #fyp #fypシ #asmr #ingrowntoenail #pedicure #ingrownhairremoval  #satisfying #care #earendoscope #earcleaning #tingles #satisfying #relax#asmrsounds #care #foryou "
"<a href=""https://www.tiktok.com/@yy12197/video/7463890546604477727"" target=""_blank"" class=""btn btn-sm"" style=""background-color: #00926c; color: white; text-decoration: none; padding: 2px 8px; border-radius: 4px; font-size: 0.8em;"">View Post</a>",3,"yy12197",2025-01-25 16:28:05,2,1194,23,0,0,"#pov #fyp #fypシ #asmr #ingrowntoenail #pedicure #ingrownhairremoval  #satisfying #care #earendoscope #earcleaning #tingles #satisfying #relax#asmrsounds #care #foryou "
"<a href=""https://www.tiktok.com/@yy12197/video/7463890503923272990"" target=""_blank"" class=""btn btn-sm"" style=""background-color: #00926c; color: white; text-decoration: none; padding: 2px 8px; border-radius: 4px; font-size: 0.8em;"">View Post</a>",3,"yy12197",2025-01-25 16:28:03,2,1328,9,0,0,"#pov #fyp #fypシ #asmr #ingrowntoenail #pedicure #ingrownhairremoval  #satisfying #care #earendoscope #earcleaning #tingles #satisfying #relax#asmrsounds #care #foryou "
"<a href=""https://www.tiktok.com/@llhh8755/video/7464807784295517483"" target=""_blank"" class=""btn btn-sm"" style=""background-color: #00926c; color: white; text-decoration: none; padding: 2px 8px; border-radius: 4px; font-size: 0.8em;"">View Post</a>",4,"llhh8755",2025-01-28 03:47:19,2,26587,130,0,1,"#pimplepopperaddict #pimple#textractions#ingrownhairremoval#ingrown #ingrownhair#picking#tweezers #skinpicking #satisfying#blemishes#blemishbandits#cloggedpores #pores #acne#hair#cleanskincare #skincareroutine#fyp #relaxingvideos #viral#trending#viraltiktok#creatorsearchinsights #foryoU#tiktok #pvo#skit"
"<a href=""https://www.tiktok.com/@llhh8755/video/7464807657661287726"" target=""_blank"" class=""btn btn-sm"" style=""background-color: #00926c; color: white; text-decoration: none; padding: 2px 8px; border-radius: 4px; font-size: 0.8em;"">View Post</a>",4,"llhh8755",2025-01-28 03:46:50,2,31514,212,0,4,"#pimplepopperaddict #pimple#textractions#ingrownhairremoval#ingrown #ingrownhair#picking#tweezers #skinpicking #satisfying#blemishes#blemishbandits#cloggedpores #pores #acne#hair#cleanskincare #skincareroutine#fyp #relaxingvideos #viral#trending#viraltiktok#creatorsearchinsights #foryoU#tiktok #pvo#skit"
"<a href=""https://www.tiktok.com/@llhh8755/video/7464807579894598958"" target=""_blank"" class=""btn btn-sm"" style=""background-color: #00926c; color: white; text-decoration: none; padding: 2px 8px; border-radius: 4px; font-size: 0.8em;"">View Post</a>",4,"llhh8755",2025-01-28 03:46:43,2,4453,30,0,0,"#pimplepopperaddict #pimple#textractions#ingrownhairremoval#ingrown #ingrownhair#picking#tweezers #skinpicking #satisfying#blemishes#blemishbandits#cloggedpores #pores #acne#hair#cleanskincare #skincareroutine#fyp #relaxingvideos #viral#trending#viraltiktok#creatorsearchinsights #foryoU#tiktok #pvo#skit"
"<a href=""https://www.tiktok.com/@llhh79532/video/7464807529982348587"" target=""_blank"" class=""btn btn-sm"" style=""background-color: #00926c; color: white; text-decoration: none; padding: 2px 8px; border-radius: 4px; font-size: 0.8em;"">View Post</a>",4,"llhh79532",2025-01-28 03:46:30,2,1184,6,0,0,"#pimplepopperaddict #pimple#textractions#ingrownhairremoval#ingrown #ingrownhair#picking#tweezers #skinpicking #satisfying#blemishes#blemishbandits#cloggedpores #pores #acne#hair#cleanskincare #skincareroutine#fyp #relaxingvideos #viral#trending#viraltiktok#creatorsearchinsights #foryoU#tiktok #pvo#skit"
"<a href=""https://www.tiktok.com/@llhh79532/video/7464807495064620331"" target=""_blank"" class=""btn btn-sm"" style=""background-color: #00926c; color: white; text-decoration: none; padding: 2px 8px; border-radius: 4px; font-size: 0.8em;"">View Post</a>",4,"llhh79532",2025-01-28 03:46:05,2,3853,5,0,0,"#pimplepopperaddict #pimple#textractions#ingrownhairremoval#ingrown #ingrownhair#picking#tweezers #skinpicking #satisfying#blemishes#blemishbandits#cloggedpores #pores #acne#hair#cleanskincare #skincareroutine#fyp #relaxingvideos #viral#trending#viraltiktok#creatorsearchinsights #foryoU#tiktok #pvo#skit"
"<a href=""https://www.tiktok.com/@llhh79532/video/7464807406242073902"" target=""_blank"" class=""btn btn-sm"" style=""background-color: #00926c; color: white; text-decoration: none; padding: 2px 8px; border-radius: 4px; font-size: 0.8em;"">View Post</a>",4,"llhh79532",2025-01-28 03:45:53,2,1115,2,0,0,"#pimplepopperaddict #pimple#textractions#ingrownhairremoval#ingrown #ingrownhair#picking#tweezers #skinpicking #satisfying#blemishes#blemishbandits#cloggedpores #pores #acne#hair#cleanskincare #skincareroutine#fyp #relaxingvideos #viral#trending#viraltiktok#creatorsearchinsights #foryoU#tiktok #pvo#skit"
"<a href=""https://www.tiktok.com/@user3981778530619/video/7464807313388408094"" target=""_blank"" class=""btn btn-sm"" style=""background-color: #00926c; color: white; text-decoration: none; padding: 2px 8px; border-radius: 4px; font-size: 0.8em;"">View Post</a>",4,"user3981778530619",2025-01-28 03:45:35,2,1422,4,0,0,"#pimplepopperaddict #pimple#textractions#ingrownhairremoval#ingrown #ingrownhair#picking#tweezers #skinpicking #satisfying#blemishes#blemishbandits#cloggedpores #pores #acne#hair#cleanskincare #skincareroutine#fyp #relaxingvideos #viral#trending#viraltiktok#creatorsearchinsights #foryoU#tiktok #pvo#skit"
"<a href=""https://www.tiktok.com/@user3981778530619/video/7464807145507425567"" target=""_blank"" class=""btn btn-sm"" style=""background-color: #00926c; color: white; text-decoration: none; padding: 2px 8px; border-radius: 4px; font-size: 0.8em;"">View Post</a>",4,"user3981778530619",2025-01-28 03:44:53,2,1410,9,0,0,"#pimplepopperaddict #pimple#textractions#ingrownhairremoval#ingrown #ingrownhair#picking#tweezers #skinpicking #satisfying#blemishes#blemishbandits#cloggedpores #pores #acne#hair#cleanskincare #skincareroutine#fyp #relaxingvideos #viral#trending#viraltiktok#creatorsearchinsights #foryoU#tiktok #pvo#skit"
"<a href=""https://www.tiktok.com/@user3981778530619/video/7464807046450285855"" target=""_blank"" class=""btn btn-sm"" style=""background-color: #00926c; color: white; text-decoration: none; padding: 2px 8px; border-radius: 4px; font-size: 0.8em;"">View Post</a>",4,"user3981778530619",2025-01-28 03:44:22,2,2620,7,0,0,"#pimplepopperaddict #pimple#textractions#ingrownhairremoval#ingrown #ingrownhair#picking#tweezers #skinpicking #satisfying#blemishes#blemishbandits#cloggedpores #pores #acne#hair#cleanskincare #skincareroutine#fyp #relaxingvideos #viral#trending#viraltiktok#creatorsearchinsights #foryoU#tiktok #pvo#skit"
"<a href=""https://www.tiktok.com/@toot6685/video/7464408973605621035"" target=""_blank"" class=""btn btn-sm"" style=""background-color: #00926c; color: white; text-decoration: none; padding: 2px 8px; border-radius: 4px; font-size: 0.8em;"">View Post</a>",5,"toot6685",2025-01-27 01:59:38,2,1190,25,0,0,"#pimplepopperaddict #pimple#textractions#ingrownhairremoval#ingrown #ingrownhair#picking#tweezers #skinpicking #satisfying#blemishes#blemishbandits#cloggedpores #pores #acne#hair#cleanskincare #skincareroutine#fyp #relaxingvideos #viral#trending#viraltiktok#creatorsearchinsights #foryoU#tiktok #pvo#skit"
"<a href=""https://www.tiktok.com/@toot6685/video/7464408966353669418"" target=""_blank"" class=""btn btn-sm"" style=""background-color: #00926c; color: white; text-decoration: none; padding: 2px 8px; border-radius: 4px; font-size: 0.8em;"">View Post</a>",5,"toot6685",2025-01-27 01:59:40,2,2703,59,0,1,"#pimplepopperaddict #pimple#textractions#ingrownhairremoval#ingrown #ingrownhair#picking#tweezers #skinpicking #satisfying#blemishes#blemishbandits#cloggedpores #pores #acne#hair#cleanskincare #skincareroutine#fyp #relaxingvideos #viral#trending#viraltiktok#creatorsearchinsights #foryoU#tiktok #pvo#skit"
"<a href=""https://www.tiktok.com/@toot6685/video/7464408765681421610"" target=""_blank"" class=""btn btn-sm"" style=""background-color: #00926c; color: white; text-decoration: none; padding: 2px 8px; border-radius: 4px; font-size: 0.8em;"">View Post</a>",5,"toot6685",2025-01-27 01:58:53,2,1176,27,0,0,"#pimplepopperaddict #pimple#textractions#ingrownhairremoval#ingrown #ingrownhair#picking#tweezers #skinpicking #satisfying#blemishes#blemishbandits#cloggedpores #pores #acne#hair#cleanskincare #skincareroutine#fyp #relaxingvideos #viral#trending#viraltiktok#creatorsearchinsights #foryoU#tiktok #pvo#skit"
"<a href=""https://www.tiktok.com/@llhh79532/video/7464396271843806510"" target=""_blank"" class=""btn btn-sm"" style=""background-color: #00926c; color: white; text-decoration: none; padding: 2px 8px; border-radius: 4px; font-size: 0.8em;"">View Post</a>",4,"llhh79532",2025-01-27 01:10:12,2,2092,6,0,0,"#pimplepopperaddict #pimple#textractions#ingrownhairremoval#ingrown #ingrownhair#picking#tweezers #skinpicking #satisfying#blemishes#blemishbandits#cloggedpores #pores #acne#hair#cleanskincare #skincareroutine#fyp #relaxingvideos #viral#trending#viraltiktok#creatorsearchinsights #foryoU#tiktok #pvo#skit"
"<a href=""https://www.tiktok.com/@llhh79532/video/7464396052179750190"" target=""_blank"" class=""btn btn-sm"" style=""background-color: #00926c; color: white; text-decoration: none; padding: 2px 8px; border-radius: 4px; font-size: 0.8em;"">View Post</a>",4,"llhh79532",2025-01-27 01:09:27,2,5554,13,0,0,"#pimplepopperaddict #pimple#textractions#ingrownhairremoval#ingrown #ingrownhair#picking#tweezers #skinpicking #satisfying#blemishes#blemishbandits#cloggedpores #pores #acne#hair#cleanskincare #skincareroutine#fyp #relaxingvideos #viral#trending#viraltiktok#creatorsearchinsights #foryoU#tiktok #pvo#skit"
"<a href=""https://www.tiktok.com/@user3981778530619/video/7464395999012850974"" target=""_blank"" class=""btn btn-sm"" style=""background-color: #00926c; color: white; text-decoration: none; padding: 2px 8px; border-radius: 4px; font-size: 0.8em;"">View Post</a>",4,"user3981778530619",2025-01-27 01:09:18,2,5327,16,0,1,"#pimplepopperaddict #pimple#textractions#ingrownhairremoval#ingrown #ingrownhair#picking#tweezers #skinpicking #satisfying#blemishes#blemishbandits#cloggedpores #pores #acne#hair#cleanskincare #skincareroutine#fyp #relaxingvideos #viral#trending#viraltiktok#creatorsearchinsights #foryoU#tiktok #pvo#skit"
"<a href=""https://www.tiktok.com/@llhh79532/video/7464395986098605354"" target=""_blank"" class=""btn btn-sm"" style=""background-color: #00926c; color: white; text-decoration: none; padding: 2px 8px; border-radius: 4px; font-size: 0.8em;"">View Post</a>",4,"llhh79532",2025-01-27 01:09:29,2,2342,5,0,0,"#pimplepopperaddict #pimple#textractions#ingrownhairremoval#ingrown #ingrownhair#picking#tweezers #skinpicking #satisfying#blemishes#blemishbandits#cloggedpores #pores #acne#hair#cleanskincare #skincareroutine#fyp #relaxingvideos #viral#trending#viraltiktok#creatorsearchinsights #foryoU#tiktok #pvo#skit"
"<a href=""https://www.tiktok.com/@user3981778530619/video/7464395458350157087"" target=""_blank"" class=""btn btn-sm"" style=""background-color: #00926c; color: white; text-decoration: none; padding: 2px 8px; border-radius: 4px; font-size: 0.8em;"">View Post</a>",4,"user3981778530619",2025-01-27 01:08:15,2,2694,9,0,0,"#pimplepopperaddict #pimple#textractions#ingrownhairremoval#ingrown #ingrownhair#picking#tweezers #skinpicking #satisfying#blemishes#blemishbandits#cloggedpores #pores #acne#hair#cleanskincare #skincareroutine#fyp #relaxingvideos #viral#trending#viraltiktok#creatorsearchinsights #foryoU#tiktok #pvo#skit"
"<a href=""https://www.tiktok.com/@llhh8755/video/7464111209327938862"" target=""_blank"" class=""btn btn-sm"" style=""background-color: #00926c; color: white; text-decoration: none; padding: 2px 8px; border-radius: 4px; font-size: 0.8em;"">View Post</a>",4,"llhh8755",2025-01-26 06:43:50,2,3513,23,0,0,"#pimplepopperaddict #pimple#textractions#ingrownhairremoval#ingrown #ingrownhair#picking#tweezers #skinpicking #satisfying#blemishes#blemishbandits#cloggedpores #pores #acne#hair#cleanskincare #skincareroutine#fyp #relaxingvideos #viral#trending#viraltiktok#creatorsearchinsights #foryoU#tiktok #pvo#skit"
"<a href=""https://www.tiktok.com/@llhh8755/video/7464111085143018794"" target=""_blank"" class=""btn btn-sm"" style=""background-color: #00926c; color: white; text-decoration: none; padding: 2px 8px; border-radius: 4px; font-size: 0.8em;"">View Post</a>",4,"llhh8755",2025-01-26 06:44:13,2,1623,28,1,0,"#pimplepopperaddict #pimple#textractions#ingrownhairremoval#ingrown #ingrownhair#picking#tweezers #skinpicking #satisfying#blemishes#blemishbandits#cloggedpores #pores #acne#hair#cleanskincare #skincareroutine#fyp #relaxingvideos #viral#trending#viraltiktok#creatorsearchinsights #foryoU#tiktok #pvo#skit"
"<a href=""https://www.tiktok.com/@llhh8755/video/7464111031715990826"" target=""_blank"" class=""btn btn-sm"" style=""background-color: #00926c; color: white; text-decoration: none; padding: 2px 8px; border-radius: 4px; font-size: 0.8em;"">View Post</a>",4,"llhh8755",2025-01-26 06:43:55,2,4751,37,0,0,"#pimplepopperaddict #pimple#textractions#ingrownhairremoval#ingrown #ingrownhair#picking#tweezers #skinpicking #satisfying#blemishes#blemishbandits#cloggedpores #pores #acne#hair#cleanskincare #skincareroutine#fyp #relaxingvideos #viral#trending#viraltiktok#creatorsearchinsights #foryoU#tiktok #pvo#skit"
"<a href=""https://www.tiktok.com/@llhh79532/video/7464050441563688235"" target=""_blank"" class=""btn btn-sm"" style=""background-color: #00926c; color: white; text-decoration: none; padding: 2px 8px; border-radius: 4px; font-size: 0.8em;"">View Post</a>",4,"llhh79532",2025-01-26 02:48:20,2,5051,11,0,0,"#pimplepopperaddict #pimple#textractions#ingrownhairremoval#ingrown #ingrownhair#picking#tweezers #skinpicking #satisfying#blemishes#blemishbandits#cloggedpores #pores #acne#hair#cleanskincare #skincareroutine#fyp #relaxingvideos #viral#trending#viraltiktok#creatorsearchinsights #foryoU#tiktok #pvo#skit"
"<a href=""https://www.tiktok.com/@user3981778530619/video/7464050347091234078"" target=""_blank"" class=""btn btn-sm"" style=""background-color: #00926c; color: white; text-decoration: none; padding: 2px 8px; border-radius: 4px; font-size: 0.8em;"">View Post</a>",4,"user3981778530619",2025-01-26 02:47:57,2,2596,7,0,0,"#pimplepopperaddict #pimple#textractions#ingrownhairremoval#ingrown #ingrownhair#picking#tweezers #skinpicking #satisfying#blemishes#blemishbandits#cloggedpores #pores #acne#hair#cleanskincare #skincareroutine#fyp #relaxingvideos #viral#trending#viraltiktok#creatorsearchinsights #foryoU#tiktok #pvo#skit"
"<a href=""https://www.tiktok.com/@user3981778530619/video/7464050062427950367"" target=""_blank"" class=""btn btn-sm"" style=""background-color: #00926c; color: white; text-decoration: none; padding: 2px 8px; border-radius: 4px; font-size: 0.8em;"">View Post</a>",4,"user3981778530619",2025-01-26 02:46:41,2,1566,7,0,0,"#pimplepopperaddict #pimple#textractions#ingrownhairremoval#ingrown #ingrownhair#picking#tweezers #skinpicking #satisfying#blemishes#blemishbandits#cloggedpores #pores #acne#hair#cleanskincare #skincareroutine#fyp #relaxingvideos #viral#trending#viraltiktok#creatorsearchinsights #foryoU#tiktok #pvo#skit"
"<a href=""https://www.tiktok.com/@user3981778530619/video/7464050061295635742"" target=""_blank"" class=""btn btn-sm"" style=""background-color: #00926c; color: white; text-decoration: none; padding: 2px 8px; border-radius: 4px; font-size: 0.8em;"">View Post</a>",4,"user3981778530619",2025-01-26 02:46:56,2,4392,16,0,1,"#pimplepopperaddict #pimple#textractions#ingrownhairremoval#ingrown #ingrownhair#picking#tweezers #skinpicking #satisfying#blemishes#blemishbandits#cloggedpores #pores #acne#hair#cleanskincare #skincareroutine#fyp #relaxingvideos #viral#trending#viraltiktok#creatorsearchinsights #foryoU#tiktok #pvo#skit"
"<a href=""https://www.tiktok.com/@toot66364/video/7464031707805617450"" target=""_blank"" class=""btn btn-sm"" style=""background-color: #00926c; color: white; text-decoration: none; padding: 2px 8px; border-radius: 4px; font-size: 0.8em;"">View Post</a>",5,"toot66364",2025-01-26 01:35:39,2,6037,80,2,0,"#pimplepopperaddict #pimple#textractions#ingrownhairremoval#ingrown #ingrownhair#picking#tweezers #skinpicking #satisfying#blemishes#blemishbandits#cloggedpores #pores #acne#hair#cleanskincare #skincareroutine#fyp #relaxingvideos #viral#trending#viraltiktok#creatorsearchinsights #foryoU#tiktok #pvo#skit"
"<a href=""https://www.tiktok.com/@toot66364/video/7464031697311386922"" target=""_blank"" class=""btn btn-sm"" style=""background-color: #00926c; color: white; text-decoration: none; padding: 2px 8px; border-radius: 4px; font-size: 0.8em;"">View Post</a>",5,"toot66364",2025-01-26 01:35:34,2,4840,75,2,3,"#pimplepopperaddict #pimple#textractions#ingrownhairremoval#ingrown #ingrownhair#picking#tweezers #skinpicking #satisfying#blemishes#blemishbandits#cloggedpores #pores #acne#hair#cleanskincare #skincareroutine#fyp #relaxingvideos #viral#trending#viraltiktok#creatorsearchinsights #foryoU#tiktok #pvo#skit"
"<a href=""https://www.tiktok.com/@toot66364/video/7464031673307401514"" target=""_blank"" class=""btn btn-sm"" style=""background-color: #00926c; color: white; text-decoration: none; padding: 2px 8px; border-radius: 4px; font-size: 0.8em;"">View Post</a>",5,"toot66364",2025-01-26 01:35:30,2,6588,130,4,2,"#pimplepopperaddict #pimple#textractions#ingrownhairremoval#ingrown #ingrownhair#picking#tweezers #skinpicking #satisfying#blemishes#blemishbandits#cloggedpores #pores #acne#hair#cleanskincare #skincareroutine#fyp #relaxingvideos #viral#trending#viraltiktok#creatorsearchinsights #foryoU#tiktok #pvo#skit"
"<a href=""https://www.tiktok.com/@toot6685/video/7464031424052612395"" target=""_blank"" class=""btn btn-sm"" style=""background-color: #00926c; color: white; text-decoration: none; padding: 2px 8px; border-radius: 4px; font-size: 0.8em;"">View Post</a>",5,"toot6685",2025-01-26 01:34:37,2,1658,37,0,2,"#pimplepopperaddict #pimple#textractions#ingrownhairremoval#ingrown #ingrownhair#picking#tweezers #skinpicking #satisfying#blemishes#blemishbandits#cloggedpores #pores #acne#hair#cleanskincare #skincareroutine#fyp #relaxingvideos #viral#trending#viraltiktok#creatorsearchinsights #foryoU#tiktok #pvo#skit"
"<a href=""https://www.tiktok.com/@toot6685/video/7464031406516391214"" target=""_blank"" class=""btn btn-sm"" style=""background-color: #00926c; color: white; text-decoration: none; padding: 2px 8px; border-radius: 4px; font-size: 0.8em;"">View Post</a>",5,"toot6685",2025-01-26 01:34:33,2,1535,15,0,1,"#pimplepopperaddict #pimple#textractions#ingrownhairremoval#ingrown #ingrownhair#picking#tweezers #skinpicking #satisfying#blemishes#blemishbandits#cloggedpores #pores #acne#hair#cleanskincare #skincareroutine#fyp #relaxingvideos #viral#trending#viraltiktok#creatorsearchinsights #foryoU#tiktok #pvo#skit"
"<a href=""https://www.tiktok.com/@toot6685/video/7464031402762407214"" target=""_blank"" class=""btn btn-sm"" style=""background-color: #00926c; color: white; text-decoration: none; padding: 2px 8px; border-radius: 4px; font-size: 0.8em;"">View Post</a>",5,"toot6685",2025-01-26 01:34:35,2,4461,147,0,2,"#pimplepopperaddict #pimple#textractions#ingrownhairremoval#ingrown #ingrownhair#picking#tweezers #skinpicking #satisfying#blemishes#blemishbandits#cloggedpores #pores #acne#hair#cleanskincare #skincareroutine#fyp #relaxingvideos #viral#trending#viraltiktok#creatorsearchinsights #foryoU#tiktok #pvo#skit"
"<a href=""https://www.tiktok.com/@llhh8755/video/7464807657661287726"" target=""_blank"" class=""btn btn-sm"" style=""background-color: #00926c; color: white; text-decoration: none; padding: 2px 8px; border-radius: 4px; font-size: 0.8em;"">View Post</a>",4,"llhh8755",2025-01-28 03:46:50,2,31516,212,0,4,"#pimplepopperaddict #pimple#textractions#ingrownhairremoval#ingrown #ingrownhair#picking#tweezers #skinpicking #satisfying#blemishes#blemishbandits#cloggedpores #pores #acne#hair#cleanskincare #skincareroutine#fyp #relaxingvideos #viral#trending#viraltiktok#creatorsearchinsights #foryoU#tiktok #pvo#skit"
"<a href=""https://www.tiktok.com/@toot66364/video/7464031707805617450"" target=""_blank"" class=""btn btn-sm"" style=""background-color: #00926c; color: white; text-decoration: none; padding: 2px 8px; border-radius: 4px; font-size: 0.8em;"">View Post</a>",5,"toot66364",2025-01-26 01:35:39,2,6038,80,2,0,"#pimplepopperaddict #pimple#textractions#ingrownhairremoval#ingrown #ingrownhair#picking#tweezers #skinpicking #satisfying#blemishes#blemishbandits#cloggedpores #pores #acne#hair#cleanskincare #skincareroutine#fyp #relaxingvideos #viral#trending#viraltiktok#creatorsearchinsights #foryoU#tiktok #pvo#skit"
"<a href=""https://www.tiktok.com/@yue3312e/video/7463469589536623918"" target=""_blank"" class=""btn btn-sm"" style=""background-color: #00926c; color: white; text-decoration: none; padding: 2px 8px; border-radius: 4px; font-size: 0.8em;"">View Post</a>",1,"yue3312e",2025-01-24 13:15:13,1,1667,5,1,0,"The E word is… part2 #teachersoftiktok #teachertok #students #funny #laugh #classroom #student #teacher #teach #teaching"
"<a href=""https://www.tiktok.com/@yue3312e/video/7463084080071134510"" target=""_blank"" class=""btn btn-sm"" style=""background-color: #00926c; color: white; text-decoration: none; padding: 2px 8px; border-radius: 4px; font-size: 0.8em;"">View Post</a>",1,"yue3312e",2025-01-23 12:18:09,1,2834,35,0,0,"The E word is… part2 #teachersoftiktok #teachertok #students #funny #laugh #classroom #student #teacher #teach #teaching"
"<a href=""https://www.tiktok.com/@yftzzmmezm/video/7462689993195031851"" target=""_blank"" class=""btn btn-sm"" style=""background-color: #00926c; color: white; text-decoration: none; padding: 2px 8px; border-radius: 4px; font-size: 0.8em;"">View Post</a>",1,"yftzzmmezm",2025-01-22 10:50:58,1,1464,13,2,0,"The E word is… part2 #teachersoftiktok #teachertok #students #funny #laugh #classroom #student #teacher #teach #teaching"
"<a href=""https://www.tiktok.com/@yftzzmmezm/video/7462689993195015467"" target=""_blank"" class=""btn btn-sm"" style=""background-color: #00926c; color: white; text-decoration: none; padding: 2px 8px; border-radius: 4px; font-size: 0.8em;"">View Post</a>",1,"yftzzmmezm",2025-01-22 10:50:56,1,1728,21,2,0,"The E word is… part2 #teachersoftiktok #teachertok #students #funny #laugh #classroom #student #teacher #teach #teaching"
"<a href=""https://www.tiktok.com/@yue3312e/video/7462689570530970926"" target=""_blank"" class=""btn btn-sm"" style=""background-color: #00926c; color: white; text-decoration: none; padding: 2px 8px; border-radius: 4px; font-size: 0.8em;"">View Post</a>",1,"yue3312e",2025-01-22 10:49:15,1,2828,14,1,0,"The E word is… part2 #teachersoftiktok #teachertok #students #funny #laugh #classroom #student #teacher #teach #teaching"
"<a href=""https://www.tiktok.com/@yue3312e/video/7462689439706303786"" target=""_blank"" class=""btn btn-sm"" style=""background-color: #00926c; color: white; text-decoration: none; padding: 2px 8px; border-radius: 4px; font-size: 0.8em;"">View Post</a>",1,"yue3312e",2025-01-22 10:49:20,1,2318,20,2,1,"The E word is… part2 #teachersoftiktok #teachertok #students #funny #laugh #classroom #student #teacher #teach #teaching"
"<a href=""https://www.tiktok.com/@yue3312e/video/7462689358097943854"" target=""_blank"" class=""btn btn-sm"" style=""background-color: #00926c; color: white; text-decoration: none; padding: 2px 8px; border-radius: 4px; font-size: 0.8em;"">View Post</a>",1,"yue3312e",2025-01-22 10:49:26,1,2087,6,2,2,"The E word is… part2 #teachersoftiktok #teachertok #students #funny #laugh #classroom #student #teacher #teach #teaching"
"<a href=""https://www.tiktok.com/@yue3312e/video/7462689309569682734"" target=""_blank"" class=""btn btn-sm"" style=""background-color: #00926c; color: white; text-decoration: none; padding: 2px 8px; border-radius: 4px; font-size: 0.8em;"">View Post</a>",1,"yue3312e",2025-01-22 10:49:17,1,8924,91,1,1,"The E word is… part2 #teachersoftiktok #teachertok #students #funny #laugh #classroom #student #teacher #teach #teaching"
"<a href=""https://www.tiktok.com/@yue3312e/video/7462688766306635054"" target=""_blank"" class=""btn btn-sm"" style=""background-color: #00926c; color: white; text-decoration: none; padding: 2px 8px; border-radius: 4px; font-size: 0.8em;"">View Post</a>",1,"yue3312e",2025-01-22 10:46:12,1,2826,17,0,2,"The E word is… part2 #teachersoftiktok #teachertok #students #funny #laugh #classroom #student #teacher #teach #teaching"
"<a href=""https://www.tiktok.com/@yue3312e/video/7462277543287115054"" target=""_blank"" class=""btn btn-sm"" style=""background-color: #00926c; color: white; text-decoration: none; padding: 2px 8px; border-radius: 4px; font-size: 0.8em;"">View Post</a>",1,"yue3312e",2025-01-21 08:08:57,1,5081,34,0,1,"The E word is… part2 #teachersoftiktok #teachertok #students #funny #laugh #classroom #student #teacher #teach #teaching"
"<a href=""https://www.tiktok.com/@yue3312e/video/7462277428073827630"" target=""_blank"" class=""btn btn-sm"" style=""background-color: #00926c; color: white; text-decoration: none; padding: 2px 8px; border-radius: 4px; font-size: 0.8em;"">View Post</a>",1,"yue3312e",2025-01-21 08:08:59,1,6316,32,2,1,"The E word is… part2 #teachersoftiktok #teachertok #students #funny #laugh #classroom #student #teacher #teach #teaching"
"<a href=""https://www.tiktok.com/@yue3312e/video/7462277415734185258"" target=""_blank"" class=""btn btn-sm"" style=""background-color: #00926c; color: white; text-decoration: none; padding: 2px 8px; border-radius: 4px; font-size: 0.8em;"">View Post</a>",1,"yue3312e",2025-01-21 08:08:56,1,9561,29,3,1,"The E word is… part2 #teachersoftiktok #teachertok #students #funny #laugh #classroom #student #teacher #teach #teaching"
"<a href=""https://www.tiktok.com/@yue3312e/video/7462277385975680302"" target=""_blank"" class=""btn btn-sm"" style=""background-color: #00926c; color: white; text-decoration: none; padding: 2px 8px; border-radius: 4px; font-size: 0.8em;"">View Post</a>",1,"yue3312e",2025-01-21 08:09:00,1,5353,42,0,0,"The E word is… part2 #teachersoftiktok #teachertok #students #funny #laugh #classroom #student #teacher #teach #teaching"
"<a href=""https://www.tiktok.com/@yue3312e/video/7462277370939018538"" target=""_blank"" class=""btn btn-sm"" style=""background-color: #00926c; color: white; text-decoration: none; padding: 2px 8px; border-radius: 4px; font-size: 0.8em;"">View Post</a>",1,"yue3312e",2025-01-21 08:09:02,1,2531,24,0,0,"The E word is… part2 #teachersoftiktok #teachertok #students #funny #laugh #classroom #student #teacher #teach #teaching"
"<a href=""https://www.tiktok.com/@yftzzmmezm/video/7462277369080859946"" target=""_blank"" class=""btn btn-sm"" style=""background-color: #00926c; color: white; text-decoration: none; padding: 2px 8px; border-radius: 4px; font-size: 0.8em;"">View Post</a>",1,"yftzzmmezm",2025-01-21 08:08:20,1,11372,20,14,0,"The E word is… part2 #teachersoftiktok #teachertok #students #funny #laugh #classroom #student #teacher #teach #teaching"
"<a href=""https://www.tiktok.com/@yftzzmmezm/video/7462277357261294890"" target=""_blank"" class=""btn btn-sm"" style=""background-color: #00926c; color: white; text-decoration: none; padding: 2px 8px; border-radius: 4px; font-size: 0.8em;"">View Post</a>",1,"yftzzmmezm",2025-01-21 08:08:17,1,15239,41,6,2,"The E word is… part2 #teachersoftiktok #teachertok #students #funny #laugh #classroom #student #teacher #teach #teaching"
"<a href=""https://www.tiktok.com/@lxboos34/video/7464647867228114207"" target=""_blank"" class=""btn btn-sm"" style=""background-color: #00926c; color: white; text-decoration: none; padding: 2px 8px; border-radius: 4px; font-size: 0.8em;"">View Post</a>",6,"lxboos34",2025-01-27 17:27:06,1,2147,29,0,1,"#bridetobe #boundaries #wedding #weddingguest #weddingplanning #weddingplanner #bride #engsged #groom #fiance #fiancee #weddingreception #weddingtok"
"<a href=""https://www.tiktok.com/@ggbo601/video/7464647771082067231"" target=""_blank"" class=""btn btn-sm"" style=""background-color: #00926c; color: white; text-decoration: none; padding: 2px 8px; border-radius: 4px; font-size: 0.8em;"">View Post</a>",6,"ggbo601",2025-01-27 17:26:42,1,4189,54,0,0,"#bridetobe #boundaries #wedding #weddingguest #weddingplanning #weddingplanner #bride #engsged #groom #fiance #fiancee #weddingreception #weddingtok"
"<a href=""https://www.tiktok.com/@lxboos34/video/7464647354201705758"" target=""_blank"" class=""btn btn-sm"" style=""background-color: #00926c; color: white; text-decoration: none; padding: 2px 8px; border-radius: 4px; font-size: 0.8em;"">View Post</a>",6,"lxboos34",2025-01-27 17:25:09,1,1399,18,0,0,"#bridetobe #boundaries #wedding #weddingguest #weddingplanning #weddingplanner #bride #engsged #groom #fiance #fiancee #weddingreception #weddingtok"
"<a href=""https://www.tiktok.com/@lxboos34/video/7464647296588844319"" target=""_blank"" class=""btn btn-sm"" style=""background-color: #00926c; color: white; text-decoration: none; padding: 2px 8px; border-radius: 4px; font-size: 0.8em;"">View Post</a>",6,"lxboos34",2025-01-27 17:25:01,1,1634,23,1,0,"#bridetobe #boundaries #wedding #weddingguest #weddingplanning #weddingplanner #bride #engsged #groom #fiance #fiancee #weddingreception #weddingtok"
"<a href=""https://www.tiktok.com/@ggbo601/video/7464647127474425118"" target=""_blank"" class=""btn btn-sm"" style=""background-color: #00926c; color: white; text-decoration: none; padding: 2px 8px; border-radius: 4px; font-size: 0.8em;"">View Post</a>",6,"ggbo601",2025-01-27 17:23:59,1,5904,71,0,0,"#bridetobe #boundaries #wedding #weddingguest #weddingplanning #weddingplanner #bride #engsged #groom #fiance #fiancee #weddingreception #weddingtok"
"<a href=""https://www.tiktok.com/@ggbo601/video/7464646908615609631"" target=""_blank"" class=""btn btn-sm"" style=""background-color: #00926c; color: white; text-decoration: none; padding: 2px 8px; border-radius: 4px; font-size: 0.8em;"">View Post</a>",6,"ggbo601",2025-01-27 17:23:27,1,6534,41,1,0,"#bridetobe #boundaries #wedding #weddingguest #weddingplanning #weddingplanner #bride #engsged #groom #fiance #fiancee #weddingreception #weddingtok"
"<a href=""https://www.tiktok.com/@lxboos34/video/7464247129523932446"" target=""_blank"" class=""btn btn-sm"" style=""background-color: #00926c; color: white; text-decoration: none; padding: 2px 8px; border-radius: 4px; font-size: 0.8em;"">View Post</a>",6,"lxboos34",2025-01-26 15:31:56,1,2943,38,1,0,"#bridetobe #boundaries #wedding #weddingguest #weddingplanning #weddingplanner #bride #engsged #groom #fiance #fiancee #weddingreception #weddingtok"
"<a href=""https://www.tiktok.com/@ggbo601/video/7464246976071159071"" target=""_blank"" class=""btn btn-sm"" style=""background-color: #00926c; color: white; text-decoration: none; padding: 2px 8px; border-radius: 4px; font-size: 0.8em;"">View Post</a>",6,"ggbo601",2025-01-26 15:31:27,1,6274,18,0,0,"#bridetobe #boundaries #wedding #weddingguest #weddingplanning #weddingplanner #bride #engsged #groom #fiance #fiancee #weddingreception #weddingtok"
"<a href=""https://www.tiktok.com/@ggbo601/video/7464246968240426270"" target=""_blank"" class=""btn btn-sm"" style=""background-color: #00926c; color: white; text-decoration: none; padding: 2px 8px; border-radius: 4px; font-size: 0.8em;"">View Post</a>",6,"ggbo601",2025-01-26 15:31:25,1,11405,45,0,2,"#bridetobe #boundaries #wedding #weddingguest #weddingplanning #weddingplanner #bride #engsged #groom #fiance #fiancee #weddingreception #weddingtok"
"<a href=""https://www.tiktok.com/@lxboos34/video/7464246933981367583"" target=""_blank"" class=""btn btn-sm"" style=""background-color: #00926c; color: white; text-decoration: none; padding: 2px 8px; border-radius: 4px; font-size: 0.8em;"">View Post</a>",6,"lxboos34",2025-01-26 15:31:14,1,15196,102,1,3,"#bridetobe #boundaries #wedding #weddingguest #weddingplanning #weddingplanner #bride #engsged #groom #fiance #fiancee #weddingreception #weddingtok"
"<a href=""https://www.tiktok.com/@lxboos34/video/7464246573631802655"" target=""_blank"" class=""btn btn-sm"" style=""background-color: #00926c; color: white; text-decoration: none; padding: 2px 8px; border-radius: 4px; font-size: 0.8em;"">View Post</a>",6,"lxboos34",2025-01-26 15:29:39,1,1344,14,0,0,"#bridetobe #boundaries #wedding #weddingguest #weddingplanning #weddingplanner #bride #engsged #groom #fiance #fiancee #weddingreception #weddingtok"
"<a href=""https://www.tiktok.com/@ggbo601/video/7464246335659658526"" target=""_blank"" class=""btn btn-sm"" style=""background-color: #00926c; color: white; text-decoration: none; padding: 2px 8px; border-radius: 4px; font-size: 0.8em;"">View Post</a>",6,"ggbo601",2025-01-26 15:29:07,1,5726,17,0,1,"#bridetobe #boundaries #wedding #weddingguest #weddingplanning #weddingplanner #bride #engsged #groom #fiance #fiancee #weddingreception #weddingtok"
"<a href=""https://www.tiktok.com/@lxboos34/video/7463647261268921630"" target=""_blank"" class=""btn btn-sm"" style=""background-color: #00926c; color: white; text-decoration: none; padding: 2px 8px; border-radius: 4px; font-size: 0.8em;"">View Post</a>",6,"lxboos34",2025-01-25 00:43:44,1,1025,20,0,0,"#bridetobe #boundaries #wedding #weddingguest #weddingplanning #weddingplanner #bride #engsged #groom #fiance #fiancee #weddingreception #weddingtok"
"<a href=""https://www.tiktok.com/@ggbo601/video/7463647200040488222"" target=""_blank"" class=""btn btn-sm"" style=""background-color: #00926c; color: white; text-decoration: none; padding: 2px 8px; border-radius: 4px; font-size: 0.8em;"">View Post</a>",6,"ggbo601",2025-01-25 00:43:34,1,1326,24,1,0,"#bridetobe #boundaries #wedding #weddingguest #weddingplanning #weddingplanner #bride #engsged #groom #fiance #fiancee #weddingreception #weddingtok"
"<a href=""https://www.tiktok.com/@lxboos34/video/7463647008243420446"" target=""_blank"" class=""btn btn-sm"" style=""background-color: #00926c; color: white; text-decoration: none; padding: 2px 8px; border-radius: 4px; font-size: 0.8em;"">View Post</a>",6,"lxboos34",2025-01-25 00:42:52,1,3813,55,0,0,"#bridetobe #boundaries #wedding #weddingguest #weddingplanning #weddingplanner #bride #engsged #groom #fiance #fiancee #weddingreception #weddingtok"
"<a href=""https://www.tiktok.com/@ggbo601/video/7463646408399211819"" target=""_blank"" class=""btn btn-sm"" style=""background-color: #00926c; color: white; text-decoration: none; padding: 2px 8px; border-radius: 4px; font-size: 0.8em;"">View Post</a>",6,"ggbo601",2025-01-25 00:40:42,1,2756,26,0,0,"#bridetobe #boundaries #wedding #weddingguest #weddingplanning #weddingplanner #bride #engsged #groom #fiance #fiancee #weddingreception #weddingtok"
