"Account","Network","Unique Shares","Avg Time Between Shares (sec)","Edge Symmetry Score","Degree","Strength","Betweenness","Avg Views","Avg Likes","Avg Comments","Avg Shares"
"<a href=""https://tiktok.com/@ferdinandbecky1017"" target=""_blank"">@ferdinandbecky1017</a>",7,8,49.144,0.901,5,85,0.002,2359.25,39.125,0,0.125
"<a href=""https://tiktok.com/@funnys318"" target=""_blank"">@funnys318</a>",7,7,57.071,0.938,5,75,0.002,4408.286,90.429,0.143,0.714
"<a href=""https://tiktok.com/@ggbo601"" target=""_blank"">@ggbo601</a>",6,7,58,0.833,1,16,0,5514.25,37,0.25,0.375
"<a href=""https://tiktok.com/@jkkj674"" target=""_blank"">@jkkj674</a>",2,9,71.739,0.817,2,38,0,10951.765,155.176,1.882,3.118
"<a href=""https://tiktok.com/@josephwalker6990"" target=""_blank"">@josephwalker6990</a>",7,9,46.117,0.953,5,91,0,1116,22.444,0,0.111
"<a href=""https://tiktok.com/@langhuamediaus.tqh90p"" target=""_blank"">@langhuamediaus.tqh90p</a>",7,6,52.537,0.91,4,49,0.005,2510.375,62.125,0.125,0.375
"<a href=""https://tiktok.com/@lean37279"" target=""_blank"">@lean37279</a>",7,9,47.921,0.916,5,92,0,2436.111,43.111,0,0
"<a href=""https://tiktok.com/@llhh79532"" target=""_blank"">@llhh79532</a>",4,7,54.525,0.938,2,29,0.005,3027.286,6.857,0,0
"<a href=""https://tiktok.com/@llhh8755"" target=""_blank"">@llhh8755</a>",4,3,46.167,1,1,12,0,14851,96,0.143,1.286
"<a href=""https://tiktok.com/@lxboos34"" target=""_blank"">@lxboos34</a>",6,8,58,0.833,1,16,0,3687.625,37.375,0.375,0.5
"<a href=""https://tiktok.com/@plm00716"" target=""_blank"">@plm00716</a>",2,6,31.714,0.833,1,14,0,5235.714,54.714,0.143,5.571
"<a href=""https://tiktok.com/@toot66364"" target=""_blank"">@toot66364</a>",5,3,60.5,1,1,12,0,180231.7,5017.8,35.5,79.8
"<a href=""https://tiktok.com/@toot6685"" target=""_blank"">@toot6685</a>",5,6,60.5,1,1,12,0,1811.444,45.889,0.111,1
"<a href=""https://tiktok.com/@ujnikm7"" target=""_blank"">@ujnikm7</a>",2,12,61.206,0.908,4,92,0.014,8589.5,71.071,0.286,1.071
"<a href=""https://tiktok.com/@user3385525792650"" target=""_blank"">@user3385525792650</a>",3,6,32.333,1,1,12,0,13293.667,96.5,0.833,2.833
"<a href=""https://tiktok.com/@user3981778530619"" target=""_blank"">@user3981778530619</a>",4,8,62.882,0.875,1,17,0,2753.375,9.375,0,0.25
"<a href=""https://tiktok.com/@vivianbowen0116"" target=""_blank"">@vivianbowen0116</a>",7,6,48.229,0.861,4,58,0,4882.667,81.5,0.333,0.833
"<a href=""https://tiktok.com/@yftzzmmezm"" target=""_blank"">@yftzzmmezm</a>",1,4,65.722,0.857,1,18,0,7450.75,23.75,6,0.5
"<a href=""https://tiktok.com/@yr0010"" target=""_blank"">@yr0010</a>",2,13,53.288,0.903,3,72,0.005,2614.562,41.562,0,0.125
"<a href=""https://tiktok.com/@yue3312e"" target=""_blank"">@yue3312e</a>",1,9,65.722,0.857,1,18,0,4360.5,29.083,1,0.75
"<a href=""https://tiktok.com/@yy11y7"" target=""_blank"">@yy11y7</a>",2,8,50.448,0.938,2,32,0.01,5514.75,30.5,0.375,0.5
"<a href=""https://tiktok.com/@yy12197"" target=""_blank"">@yy12197</a>",3,6,32.333,1,1,12,0,5591.5,76.167,0,2.333
