"Network","Number of Accounts","Network Density","Network Diameter","Clustering Coefficient","Avg Views","Avg Likes","Avg Comments","Avg Shares","Member Accounts"
1,2,1,18,NA,5133.062,27.75,2.25,0.688,"yftzzmmezm, yue3312e"
2,5,0.6,46,0.545,7227.461,77.895,0.579,1.684,"jkkj674, plm00716, ujnikm7, yr0010, yy11y7"
3,2,1,12,NA,9442.583,86.333,0.417,2.583,"user3385525792650, yy12197"
4,3,0.667,29,0,6689.773,36.136,0.045,0.5,"llhh79532, llhh8755, user3981778530619"
5,2,1,12,NA,95716.842,2662.684,18.737,42.474,"toot66364, toot6685"
6,2,1,16,NA,4600.938,37.188,0.312,0.438,"ggbo601, lxboos34"
7,6,0.933,26,0.923,2788.936,53.66,0.085,0.319,"funnys318, langhuamediaus.tqh90p, josephwalker6990, lean37279, ferdinandbecky1017, vivianbowen0116"
