"Account","Network","Unique Shares","Avg Time Between Shares (sec)","Edge Symmetry Score","Degree","Strength","Betweenness","Avg Views","Avg Likes","Avg Comments","Avg Shares"
"<a href=""https://tiktok.com/@11cjhggg"" target=""_blank"">@11cjhggg</a>",53,6,41.6,1,1,10,0,18545,512.667,6.833,1.167
"<a href=""https://tiktok.com/@1djjvsjb"" target=""_blank"">@1djjvsjb</a>",52,3,53.5,0.8,6,54,0,72,2,0,0
"<a href=""https://tiktok.com/@1qwdjjd"" target=""_blank"">@1qwdjjd</a>",52,7,47.85,0.967,6,77,0,1190.429,27.571,0.286,0
"<a href=""https://tiktok.com/@1yrogls"" target=""_blank"">@1yrogls</a>",57,11,50.822,0.924,15,202,0.001,2966.455,149.636,0.636,0.364
"<a href=""https://tiktok.com/@2ckfjkelw"" target=""_blank"">@2ckfjkelw</a>",53,6,41.6,1,1,10,0,1043.429,43.143,0.714,0.286
"<a href=""https://tiktok.com/@2jxggxh"" target=""_blank"">@2jxggxh</a>",57,3,43.444,0.971,7,63,0,107,2.333,0,0
"<a href=""https://tiktok.com/@3jfofoed"" target=""_blank"">@3jfofoed</a>",62,6,32.7,1,1,10,0,1143.333,66,1,0.167
"<a href=""https://tiktok.com/@3mbfklb"" target=""_blank"">@3mbfklb</a>",52,8,49.046,0.967,7,85,0,2343.875,71.875,0.875,0.25
"<a href=""https://tiktok.com/@3mmmgkk"" target=""_blank"">@3mmmgkk</a>",62,6,32.7,1,1,10,0,995.875,37.75,0.625,0.25
"<a href=""https://tiktok.com/@acsge1347"" target=""_blank"">@acsge1347</a>",57,9,53.762,0.898,12,151,0,938.667,15.889,0.222,0.333
"<a href=""https://tiktok.com/@aed0267"" target=""_blank"">@aed0267</a>",31,9,61.389,0.804,2,18,0,1774,62,0.364,0.727
"<a href=""https://tiktok.com/@aed2750"" target=""_blank"">@aed2750</a>",31,10,56.058,0.893,9,143,0,18655.6,215.7,1,3
"<a href=""https://tiktok.com/@aedyckctu"" target=""_blank"">@aedyckctu</a>",5,8,69.3,0.778,1,10,0,2152,83.9,1.4,0.9
"<a href=""https://tiktok.com/@amazing_seeet120"" target=""_blank"">@amazing_seeet120</a>",33,6,67.3,0.857,1,20,0,25.667,4.333,1.5,0.833
"<a href=""https://tiktok.com/@anxdo3188"" target=""_blank"">@anxdo3188</a>",52,8,37.056,1,2,18,0,372.875,10.5,0,0
"<a href=""https://tiktok.com/@arffug"" target=""_blank"">@arffug</a>",44,14,68.168,0.841,3,43,0,2035.786,25.929,0.286,0.643
"<a href=""https://tiktok.com/@aseng.haymong"" target=""_blank"">@aseng.haymong</a>",41,10,65.8,1,1,10,0,1869.1,64.6,0.7,1.3
"<a href=""https://tiktok.com/@avcms3284"" target=""_blank"">@avcms3284</a>",57,6,68.053,0.88,3,35,0,535.833,10.667,0.167,0
"<a href=""https://tiktok.com/@avelina.asucen"" target=""_blank"">@avelina.asucen</a>",51,7,39.314,0.938,7,79,0,1499.857,60.143,2,0.857
"<a href=""https://tiktok.com/@awmilke"" target=""_blank"">@awmilke</a>",60,8,16,1,1,12,0,2261.25,138.125,1.875,0.625
"<a href=""https://tiktok.com/@babypink6896"" target=""_blank"">@babypink6896</a>",22,8,51.444,0.875,1,9,0,1390.375,26.875,2.875,19
"<a href=""https://tiktok.com/@bakaf3280"" target=""_blank"">@bakaf3280</a>",52,8,32.333,1,1,9,0,1767.625,67.375,0.125,0.125
"<a href=""https://tiktok.com/@baxor3828"" target=""_blank"">@baxor3828</a>",52,9,44.828,0.971,7,97,0,1139.889,23,0.778,0
"<a href=""https://tiktok.com/@bcc662"" target=""_blank"">@bcc662</a>",22,8,56.378,0.944,2,19,0,2615.75,59.25,0.25,1.5
"<a href=""https://tiktok.com/@be.jkigv"" target=""_blank"">@be.jkigv</a>",2,10,56,0.875,1,9,0,1492.8,93.3,1.1,1.4
"<a href=""https://tiktok.com/@beaty_queen_22"" target=""_blank"">@beaty_queen_22</a>",37,18,90.412,0.857,2,60,0,688.241,29.655,2.517,0.517
"<a href=""https://tiktok.com/@berez.paulo"" target=""_blank"">@berez.paulo</a>",15,10,52.538,0.8,1,13,0,1763.75,26.667,0.5,0.667
"<a href=""https://tiktok.com/@biebuh4"" target=""_blank"">@biebuh4</a>",16,5,70.6,0.857,1,10,0,394,6.2,0,0
"<a href=""https://tiktok.com/@bipiqo"" target=""_blank"">@bipiqo</a>",44,18,62.215,0.951,9,191,0,1089.333,22.889,0.111,0.056
"<a href=""https://tiktok.com/@bixukf"" target=""_blank"">@bixukf</a>",59,8,20.6,0.938,2,20,0,1956.5,62.625,0.75,0.25
"<a href=""https://tiktok.com/@bmc12655"" target=""_blank"">@bmc12655</a>",1,9,74.636,0.875,1,11,0,1118.333,54.333,0.778,1
"<a href=""https://tiktok.com/@boens4288"" target=""_blank"">@boens4288</a>",57,3,40.822,0.96,5,45,0,68.333,0.333,0,0
"<a href=""https://tiktok.com/@books3478"" target=""_blank"">@books3478</a>",22,8,68.322,0.944,2,19,0,3458.625,75.875,0.375,3.5
"<a href=""https://tiktok.com/@boselbiresz0vcqb"" target=""_blank"">@boselbiresz0vcqb</a>",35,8,48.727,0.875,1,11,0,6730.778,127.889,0.667,3.111
"<a href=""https://tiktok.com/@bpgarp"" target=""_blank"">@bpgarp</a>",44,17,60.879,0.908,9,207,0,281.278,6.889,0,0
"<a href=""https://tiktok.com/@brittanycarter1959"" target=""_blank"">@brittanycarter1959</a>",24,6,38.333,1,1,9,0,352.333,2.833,0.333,0
"<a href=""https://tiktok.com/@bsih75"" target=""_blank"">@bsih75</a>",21,3,47.889,1,3,27,0,527,15,0,0
"<a href=""https://tiktok.com/@burba.robyn"" target=""_blank"">@burba.robyn</a>",16,4,54.133,0.929,2,19,0,647.75,20.5,0.5,0.25
"<a href=""https://tiktok.com/@bvoo3130"" target=""_blank"">@bvoo3130</a>",48,12,67.545,0.971,5,114,0,2319.583,61.083,0.75,0.5
"<a href=""https://tiktok.com/@bxjzjsns0"" target=""_blank"">@bxjzjsns0</a>",51,7,47.086,0.917,4,41,0,1282.714,58.857,1.286,0.571
"<a href=""https://tiktok.com/@bxuzba"" target=""_blank"">@bxuzba</a>",51,8,43.438,1,3,32,0,402.625,19.375,0.5,0.25
"<a href=""https://tiktok.com/@c.ts24"" target=""_blank"">@c.ts24</a>",14,11,56.625,0.967,3,35,0,3607.636,76.727,0.909,1.545
"<a href=""https://tiktok.com/@cagnhd"" target=""_blank"">@cagnhd</a>",7,9,77.667,0.857,1,9,0,2456.7,160.3,10,1.4
"<a href=""https://tiktok.com/@camilo.austin5"" target=""_blank"">@camilo.austin5</a>",12,10,67.071,0.9,1,14,0,434.4,9.3,1.5,0.5
"<a href=""https://tiktok.com/@carlos.alberto.al886"" target=""_blank"">@carlos.alberto.al886</a>",41,7,47.818,0.889,1,11,0,1185.714,30.286,0.429,0.143
"<a href=""https://tiktok.com/@cbske2477"" target=""_blank"">@cbske2477</a>",52,7,50.412,1,2,23,0,2889.75,79.875,0.625,0.625
"<a href=""https://tiktok.com/@cfdc18"" target=""_blank"">@cfdc18</a>",31,6,50.485,0.867,3,33,0,2886.167,48.5,0.333,1
"<a href=""https://tiktok.com/@chaff8892"" target=""_blank"">@chaff8892</a>",22,7,39.6,0.826,2,20,0,1923.714,32.571,0.714,2.429
"<a href=""https://tiktok.com/@chantalkusch"" target=""_blank"">@chantalkusch</a>",4,7,39.9,1,1,10,0,45519.143,689.286,9,387
"<a href=""https://tiktok.com/@chdg050"" target=""_blank"">@chdg050</a>",27,8,64,0.9,1,11,0,933.75,49,1.75,1
"<a href=""https://tiktok.com/@china_cutegirl22"" target=""_blank"">@china_cutegirl22</a>",37,17,87.191,0.929,2,69,0,602.655,48.345,2.172,1.483
"<a href=""https://tiktok.com/@chuma_g1"" target=""_blank"">@chuma_g1</a>",37,7,75.333,0.429,1,12,0,2475.294,155.529,3.706,0.765
"<a href=""https://tiktok.com/@ciojkb"" target=""_blank"">@ciojkb</a>",45,3,21.333,1,2,18,0,1610.286,53,0.214,0.714
"<a href=""https://tiktok.com/@cjdjfcn"" target=""_blank"">@cjdjfcn</a>",51,8,50.575,0.916,7,76,0,1375.5,97.125,0.375,0.125
"<a href=""https://tiktok.com/@cjire9104"" target=""_blank"">@cjire9104</a>",50,12,48.139,0.926,3,57,0.001,4150.833,89,0.25,1.333
"<a href=""https://tiktok.com/@cjur6297"" target=""_blank"">@cjur6297</a>",50,12,58.746,0.861,2,54,0,1435.083,41.333,0.333,0.167
"<a href=""https://tiktok.com/@clirr5282"" target=""_blank"">@clirr5282</a>",50,8,37.5,1,2,18,0.001,1008.455,50.727,0.364,0.545
"<a href=""https://tiktok.com/@cnatk3189"" target=""_blank"">@cnatk3189</a>",57,7,39.002,0.9,4,44,0,1656,78.429,1.429,0
"<a href=""https://tiktok.com/@coirf88774"" target=""_blank"">@coirf88774</a>",50,9,65.194,1,3,30,0.001,580.333,25.778,0.222,0.333
"<a href=""https://tiktok.com/@courr1227"" target=""_blank"">@courr1227</a>",50,4,33.25,1,1,12,0,1386,30.5,0.5,0
"<a href=""https://tiktok.com/@crtyougo"" target=""_blank"">@crtyougo</a>",7,10,30,0.75,1,9,0,1263.7,85,1.125,0.5
"<a href=""https://tiktok.com/@cute_chumi_girl208"" target=""_blank"">@cute_chumi_girl208</a>",32,4,56.143,0.875,1,21,0,7146.733,527.333,20.867,115.667
"<a href=""https://tiktok.com/@cutegirlbabe2"" target=""_blank"">@cutegirlbabe2</a>",33,5,67.3,0.857,1,20,0,10,2.75,0.375,0
"<a href=""https://tiktok.com/@ddeaxmelj72"" target=""_blank"">@ddeaxmelj72</a>",22,8,64.504,0.878,3,28,0,1050.625,21.25,0.5,0.625
"<a href=""https://tiktok.com/@deep.sea_2"" target=""_blank"">@deep.sea_2</a>",65,3,51,1,3,27,0,12253,273.333,1,0
"<a href=""https://tiktok.com/@dhdjuehiehrh"" target=""_blank"">@dhdjuehiehrh</a>",66,7,65.667,0.857,1,9,0,1028.429,38,0.286,0
"<a href=""https://tiktok.com/@dhhi6645"" target=""_blank"">@dhhi6645</a>",50,12,50.303,0.873,4,73,0.001,857.083,45.5,0.333,1.083
"<a href=""https://tiktok.com/@dianaantoinette2000"" target=""_blank"">@dianaantoinette2000</a>",25,10,59.667,1,1,12,0,41175.5,2094.4,6.1,11.2
"<a href=""https://tiktok.com/@dijx3903"" target=""_blank"">@dijx3903</a>",48,12,69.591,0.967,5,111,0,1994,41.083,0.75,0.5
"<a href=""https://tiktok.com/@djwf2904"" target=""_blank"">@djwf2904</a>",49,9,64.081,0.941,4,65,0,665.667,28.556,0.111,0.222
"<a href=""https://tiktok.com/@drgd8391"" target=""_blank"">@drgd8391</a>",49,8,51.631,0.929,2,38,0,1333.875,49.625,1.375,1.875
"<a href=""https://tiktok.com/@dtbtcc8"" target=""_blank"">@dtbtcc8</a>",44,9,69.73,0.972,4,74,0,585.333,17.111,0.222,0.111
"<a href=""https://tiktok.com/@dthh824"" target=""_blank"">@dthh824</a>",31,8,56.211,0.926,10,117,0,2991.5,68.25,0.625,4.125
"<a href=""https://tiktok.com/@duuff30"" target=""_blank"">@duuff30</a>",51,8,49.922,0.896,10,107,0,3349.625,71.75,3.25,1.125
"<a href=""https://tiktok.com/@dwjjmgypffvuelfkdn"" target=""_blank"">@dwjjmgypffvuelfkdn</a>",35,10,48.727,0.875,1,11,0,1021.5,38.2,1.8,0.9
"<a href=""https://tiktok.com/@dygd8923"" target=""_blank"">@dygd8923</a>",49,9,51.74,0.901,4,74,0,1220.333,41.417,0.75,1
"<a href=""https://tiktok.com/@eden70188"" target=""_blank"">@eden70188</a>",65,6,53.104,0.9,3,38,0,3518.667,296.833,1,2.167
"<a href=""https://tiktok.com/@eiej4325"" target=""_blank"">@eiej4325</a>",49,10,66.538,0.956,5,90,0,533.7,17,0.3,0.6
"<a href=""https://tiktok.com/@ejanc3177"" target=""_blank"">@ejanc3177</a>",57,11,49.913,0.905,9,158,0,3765.182,59.273,0.182,0.182
"<a href=""https://tiktok.com/@eqmhqf"" target=""_blank"">@eqmhqf</a>",44,16,63.508,0.912,9,162,0.001,621.875,21,0.312,0.188
"<a href=""https://tiktok.com/@ethel.gregory2"" target=""_blank"">@ethel.gregory2</a>",6,6,62.667,1,1,9,0,1242.833,31.5,0.333,0.5
"<a href=""https://tiktok.com/@etuo.uop"" target=""_blank"">@etuo.uop</a>",18,3,37.222,1,1,9,0,2032,21.333,0,0
"<a href=""https://tiktok.com/@eudazpstrvf"" target=""_blank"">@eudazpstrvf</a>",30,8,43.182,0.889,1,11,0,5074,140.2,3,13.3
"<a href=""https://tiktok.com/@evfdmzl"" target=""_blank"">@evfdmzl</a>",59,7,14.1,1,1,10,0,10553.375,169.125,1.25,2
"<a href=""https://tiktok.com/@fauy8466"" target=""_blank"">@fauy8466</a>",5,10,66.317,0.778,2,19,0,15926.4,194.3,1,2.9
"<a href=""https://tiktok.com/@fdijc3"" target=""_blank"">@fdijc3</a>",3,10,62.778,0.857,1,9,0,1746.5,122,1.1,8.9
"<a href=""https://tiktok.com/@fhda78402"" target=""_blank"">@fhda78402</a>",48,12,62.484,0.972,4,88,0,1025.333,50.75,0.333,0.333
"<a href=""https://tiktok.com/@fhuc22"" target=""_blank"">@fhuc22</a>",19,9,47.736,0.936,5,84,0,1991.417,26.333,0.167,0.333
"<a href=""https://tiktok.com/@fhvf210"" target=""_blank"">@fhvf210</a>",15,11,54.3,1,1,20,0,29457.818,730.636,5.182,18.636
"<a href=""https://tiktok.com/@fhxk1941"" target=""_blank"">@fhxk1941</a>",46,12,62.667,1,2,18,0,272.467,8.333,0.267,0
"<a href=""https://tiktok.com/@fjvbaa"" target=""_blank"">@fjvbaa</a>",61,6,27.617,0.929,2,19,0,47721.167,1493.833,10.167,8.167
"<a href=""https://tiktok.com/@fkir2290"" target=""_blank"">@fkir2290</a>",50,12,65.762,0.837,3,56,0,448.667,13.75,0.167,0.083
"<a href=""https://tiktok.com/@fnnf8890"" target=""_blank"">@fnnf8890</a>",50,9,49.033,0.917,2,24,0,1629.667,52.333,0,0.833
"<a href=""https://tiktok.com/@fsaftn"" target=""_blank"">@fsaftn</a>",44,12,59.034,0.931,4,62,0,771.5,28.5,0.417,0.417
"<a href=""https://tiktok.com/@fugfuj33"" target=""_blank"">@fugfuj33</a>",29,10,53.562,0.917,1,16,0,3041.3,97.6,1.625,10.7
"<a href=""https://tiktok.com/@g.in.cgn"" target=""_blank"">@g.in.cgn</a>",51,8,49.481,0.946,8,87,0,1085.625,60.875,1.5,0.5
"<a href=""https://tiktok.com/@gdvcjh84747"" target=""_blank"">@gdvcjh84747</a>",63,5,57.889,1,1,9,0,9230.333,86.167,3.5,3.167
"<a href=""https://tiktok.com/@gf.nj97"" target=""_blank"">@gf.nj97</a>",28,8,61.111,0.925,3,30,0,1984.778,144.222,0.667,0.778
"<a href=""https://tiktok.com/@ghhj8554"" target=""_blank"">@ghhj8554</a>",48,10,59.648,0.923,4,72,0,1735.364,43.273,0.636,1.091
"<a href=""https://tiktok.com/@gieffk"" target=""_blank"">@gieffk</a>",43,3,32.333,1,1,9,0,326.6,6.4,0.2,0
"<a href=""https://tiktok.com/@givi0331"" target=""_blank"">@givi0331</a>",47,15,74.2,0.917,2,24,0,304.533,8.533,0,0
"<a href=""https://tiktok.com/@gjbgikh"" target=""_blank"">@gjbgikh</a>",26,9,26.1,0.875,1,10,0,3259.444,91.111,0.667,1.222
"<a href=""https://tiktok.com/@gjguq6894"" target=""_blank"">@gjguq6894</a>",50,8,44.4,0.833,1,15,0,1664.727,53,0.636,0.818
"<a href=""https://tiktok.com/@gofman.008"" target=""_blank"">@gofman.008</a>",34,9,62.4,0.833,1,10,0,1131.222,81.667,3,1.667
"<a href=""https://tiktok.com/@goodbye17507"" target=""_blank"">@goodbye17507</a>",23,8,65.5,1,1,10,0,2046.375,56.125,0.5,0.125
"<a href=""https://tiktok.com/@gutieyy7"" target=""_blank"">@gutieyy7</a>",28,9,53.914,0.938,2,24,0,1337.889,74.778,2,3.333
"<a href=""https://tiktok.com/@hcodifb"" target=""_blank"">@hcodifb</a>",1,10,64.556,1,2,18,0,4349.9,100.4,0.7,2.5
"<a href=""https://tiktok.com/@hdbjx72"" target=""_blank"">@hdbjx72</a>",13,7,41.727,0.8,1,11,0,1208.571,24,0.143,0.571
"<a href=""https://tiktok.com/@hdkcofh"" target=""_blank"">@hdkcofh</a>",42,6,55.5,0.857,1,10,0,488,56.222,0.778,1.444
"<a href=""https://tiktok.com/@hdlxohd"" target=""_blank"">@hdlxohd</a>",42,5,55.5,0.857,1,10,0,17435.444,220.333,2.667,81
"<a href=""https://tiktok.com/@hdmjwo1"" target=""_blank"">@hdmjwo1</a>",44,15,54.148,0.972,8,91,0.001,614.733,20.333,0,0.133
"<a href=""https://tiktok.com/@hdr86575"" target=""_blank"">@hdr86575</a>",5,9,63.333,0.778,1,9,0,13773,52.444,1.333,2
"<a href=""https://tiktok.com/@hdryxd"" target=""_blank"">@hdryxd</a>",7,7,48.056,0.929,2,19,0,6411,205.8,3.875,6.6
"<a href=""https://tiktok.com/@hdvhds4"" target=""_blank"">@hdvhds4</a>",51,8,44.415,0.946,7,78,0,1100,57.75,1.25,0.25
"<a href=""https://tiktok.com/@hehs5037"" target=""_blank"">@hehs5037</a>",50,12,72.116,0.944,4,80,0.001,921.083,44.083,0.417,0.333
"<a href=""https://tiktok.com/@hgff.nko"" target=""_blank"">@hgff.nko</a>",18,3,37.222,1,1,9,0,350.333,4.667,0,0
"<a href=""https://tiktok.com/@hidouo"" target=""_blank"">@hidouo</a>",44,16,63.977,0.843,7,168,0,665.812,17.062,0.062,0.312
"<a href=""https://tiktok.com/@hitomorrow81"" target=""_blank"">@hitomorrow81</a>",17,6,50.667,0.75,1,9,0,1149.429,17.857,3.286,16.143
"<a href=""https://tiktok.com/@hltuoq"" target=""_blank"">@hltuoq</a>",44,18,71.155,0.933,5,160,0,3681.611,68.222,0.556,1.833
"<a href=""https://tiktok.com/@hockey2840"" target=""_blank"">@hockey2840</a>",23,8,65.5,1,1,10,0,2085.375,52,0,1.375
"<a href=""https://tiktok.com/@hrfj8302"" target=""_blank"">@hrfj8302</a>",50,6,45.708,0.833,2,21,0,1558.667,58.333,0.889,1.222
"<a href=""https://tiktok.com/@hsgshqdrf5p"" target=""_blank"">@hsgshqdrf5p</a>",39,6,90.808,1,1,26,0,9.333,1.833,0,0
"<a href=""https://tiktok.com/@htjzwe4"" target=""_blank"">@htjzwe4</a>",58,8,53.167,1,1,12,0,2574.875,67.125,1.25,0.25
"<a href=""https://tiktok.com/@huff797"" target=""_blank"">@huff797</a>",22,8,57.922,0.866,2,19,0,1584.625,31.625,0.5,1.5
"<a href=""https://tiktok.com/@huiodjio"" target=""_blank"">@huiodjio</a>",7,10,43.618,0.892,7,86,0,1778.6,84.9,1.125,0.6
"<a href=""https://tiktok.com/@hwvrok"" target=""_blank"">@hwvrok</a>",56,7,22.274,0.95,2,26,0,14723.286,159.429,2.714,1.857
"<a href=""https://tiktok.com/@hxjdsj34"" target=""_blank"">@hxjdsj34</a>",51,7,55.544,0.91,5,48,0,1402.714,76.857,1,0
"<a href=""https://tiktok.com/@hygge8662"" target=""_blank"">@hygge8662</a>",29,10,53.562,0.917,1,16,0,3692.6,155.4,1.875,7.2
"<a href=""https://tiktok.com/@hzhdhs"" target=""_blank"">@hzhdhs</a>",51,7,47.388,0.937,4,42,0,1735,51.714,1.857,0.857
"<a href=""https://tiktok.com/@ididu034"" target=""_blank"">@ididu034</a>",27,8,61.222,0.875,1,9,0,1766.556,82.444,1.667,3
"<a href=""https://tiktok.com/@idpeoc"" target=""_blank"">@idpeoc</a>",44,18,59.072,0.92,6,117,0.001,834.056,13.111,0,0.111
"<a href=""https://tiktok.com/@iiuu553"" target=""_blank"">@iiuu553</a>",31,15,53.895,0.882,12,189,0,5060.067,47.733,1,2.333
"<a href=""https://tiktok.com/@irdc042"" target=""_blank"">@irdc042</a>",3,10,62.778,0.857,1,9,0,880.7,60.8,0.6,1.6
"<a href=""https://tiktok.com/@isce0690"" target=""_blank"">@isce0690</a>",47,15,64.135,0.929,2,25,0,1006.267,31.267,0.2,0.2
"<a href=""https://tiktok.com/@isge0853"" target=""_blank"">@isge0853</a>",46,15,72.353,1,1,17,0,300.267,13.2,0,0.133
"<a href=""https://tiktok.com/@isgs5669"" target=""_blank"">@isgs5669</a>",47,12,64.7,1,2,24,0,232.867,7.667,0,0.133
"<a href=""https://tiktok.com/@iupkvg"" target=""_blank"">@iupkvg</a>",44,11,68.167,0.9,3,52,0,262.273,5.727,0,0
"<a href=""https://tiktok.com/@j.uv586"" target=""_blank"">@j.uv586</a>",15,11,53.419,0.9,2,33,0,1111,38.818,0.182,0.636
"<a href=""https://tiktok.com/@jajsjsn56"" target=""_blank"">@jajsjsn56</a>",31,14,54.138,0.951,8,138,0,12298.214,169.357,0.714,1
"<a href=""https://tiktok.com/@jdjsbs94"" target=""_blank"">@jdjsbs94</a>",61,7,35.359,0.929,2,21,0,1204.857,60.857,0.429,1.143
"<a href=""https://tiktok.com/@jdpdosj"" target=""_blank"">@jdpdosj</a>",1,8,74.778,0.889,1,9,0,281,13.1,0.5,0.1
"<a href=""https://tiktok.com/@jdpxorjf"" target=""_blank"">@jdpxorjf</a>",4,9,52.132,0.944,2,21,0,639.667,39.667,0.333,0.333
"<a href=""https://tiktok.com/@jeffrey.hettinger"" target=""_blank"">@jeffrey.hettinger</a>",12,8,56.778,1,2,18,0,1179.75,37.25,1.5,3
"<a href=""https://tiktok.com/@jfkovj5"" target=""_blank"">@jfkovj5</a>",2,8,56,0.875,1,9,0,75018.9,4079.1,34.9,84.7
"<a href=""https://tiktok.com/@jfufrehcdh"" target=""_blank"">@jfufrehcdh</a>",1,9,64.489,0.929,2,19,0,4226.222,247,2.889,13.111
"<a href=""https://tiktok.com/@jkuy0534"" target=""_blank"">@jkuy0534</a>",49,10,68.124,0.905,4,65,0,910.083,37.333,0.333,0.25
"<a href=""https://tiktok.com/@joab.truitt"" target=""_blank"">@joab.truitt</a>",6,6,51.667,1,1,9,0,1077,45.833,0.167,0.5
"<a href=""https://tiktok.com/@josieferguson6"" target=""_blank"">@josieferguson6</a>",6,6,57.167,1,2,18,0,6243.333,118.833,1,1.167
"<a href=""https://tiktok.com/@jshszh6382"" target=""_blank"">@jshszh6382</a>",51,7,41.631,0.906,6,66,0,1169.143,71.429,0.571,0.571
"<a href=""https://tiktok.com/@jsjx359"" target=""_blank"">@jsjx359</a>",16,3,37.667,1,1,9,0,26,0.333,0,0
"<a href=""https://tiktok.com/@jsosjxj8"" target=""_blank"">@jsosjxj8</a>",1,10,65.763,0.888,3,34,0,8332.8,166.9,2.7,7.9
"<a href=""https://tiktok.com/@jtcytxyzey"" target=""_blank"">@jtcytxyzey</a>",4,9,64.364,0.889,1,11,0,2313.9,70.5,2.2,20.5
"<a href=""https://tiktok.com/@juliosalazar229"" target=""_blank"">@juliosalazar229</a>",41,9,57.573,0.963,3,31,0,7722.556,196.556,1.333,4.222
"<a href=""https://tiktok.com/@jvhb240"" target=""_blank"">@jvhb240</a>",31,14,54.54,0.938,10,167,0,6841.5,124,0.714,1.714
"<a href=""https://tiktok.com/@jvtvc3"" target=""_blank"">@jvtvc3</a>",31,12,55.658,0.897,9,142,0,8170.75,99.167,0.75,1.083
"<a href=""https://tiktok.com/@kamlisarkar_0"" target=""_blank"">@kamlisarkar_0</a>",38,9,97.218,0.75,2,34,0,1767.083,279.667,12.5,8.25
"<a href=""https://tiktok.com/@kbpsjd"" target=""_blank"">@kbpsjd</a>",28,10,59.281,0.915,4,45,0,915.8,43.7,0.9,0.7
"<a href=""https://tiktok.com/@kdywnty"" target=""_blank"">@kdywnty</a>",60,8,16,1,1,12,0,1121.75,56,0.625,0.625
"<a href=""https://tiktok.com/@kenworthyhoo"" target=""_blank"">@kenworthyhoo</a>",61,8,30.076,1,2,20,0,1275.25,66.625,1.125,0.375
"<a href=""https://tiktok.com/@keoap4288"" target=""_blank"">@keoap4288</a>",57,8,51.349,0.904,8,93,0,865.75,19.25,0.625,0.375
"<a href=""https://tiktok.com/@khfbou"" target=""_blank"">@khfbou</a>",45,3,19.111,1,2,18,0,1617.143,27.571,0.214,0
"<a href=""https://tiktok.com/@kmlisarkar_1"" target=""_blank"">@kmlisarkar_1</a>",38,6,85.53,0.667,2,37,0,188.389,26,2.722,0.167
"<a href=""https://tiktok.com/@krug011"" target=""_blank"">@krug011</a>",1,9,51.078,0.93,3,33,0,2174.444,144.333,0.333,4.556
"<a href=""https://tiktok.com/@ktsfyh"" target=""_blank"">@ktsfyh</a>",7,10,51.316,0.794,5,55,0,3891.5,166.5,2,1.8
"<a href=""https://tiktok.com/@kubjij"" target=""_blank"">@kubjij</a>",45,3,17.778,1,2,18,0,1100.833,70.167,0.25,0.5
"<a href=""https://tiktok.com/@kuhar.clair6"" target=""_blank"">@kuhar.clair6</a>",14,10,74.444,1,1,9,0,1622.4,17.4,0,0.2
"<a href=""https://tiktok.com/@kungyhunksd"" target=""_blank"">@kungyhunksd</a>",9,6,64.778,0.833,1,9,0,1651.714,9.143,0,0.143
"<a href=""https://tiktok.com/@landscape5670"" target=""_blank"">@landscape5670</a>",7,10,41.347,0.819,4,37,0,2014.2,219.5,1.75,0.6
"<a href=""https://tiktok.com/@leoraf9"" target=""_blank"">@leoraf9</a>",54,6,10.9,0.875,1,10,0,2934,90.75,0.75,0.375
"<a href=""https://tiktok.com/@lhqitc"" target=""_blank"">@lhqitc</a>",44,18,69.671,0.926,4,92,0,770.278,15.333,0.111,0.111
"<a href=""https://tiktok.com/@lin689668987"" target=""_blank"">@lin689668987</a>",9,8,62.615,1,1,13,0,946.75,29.125,0.167,0.25
"<a href=""https://tiktok.com/@ljpjvh"" target=""_blank"">@ljpjvh</a>",56,8,29.202,0.938,2,26,0,12694.625,285.625,3,1.5
"<a href=""https://tiktok.com/@luisina.riihimaki"" target=""_blank"">@luisina.riihimaki</a>",1,10,57.35,0.849,3,30,0,794.2,81.2,1.8,1.6
"<a href=""https://tiktok.com/@lush_queen120"" target=""_blank"">@lush_queen120</a>",32,6,56.143,0.875,1,21,0,18618.905,1186.024,49.857,77.619
"<a href=""https://tiktok.com/@marjoriecarrie0525"" target=""_blank"">@marjoriecarrie0525</a>",12,10,51.775,0.93,3,34,0,500.5,12,2.7,3.8
"<a href=""https://tiktok.com/@meggie.y"" target=""_blank"">@meggie.y</a>",55,6,37.2,0.857,1,10,0,1053.5,49.667,0.5,0
"<a href=""https://tiktok.com/@monalisa7988"" target=""_blank"">@monalisa7988</a>",19,9,42.092,0.854,4,61,0,1130.889,23.556,0.556,0
"<a href=""https://tiktok.com/@mong.khuu"" target=""_blank"">@mong.khuu</a>",12,10,40.015,0.944,2,20,0,1133.1,34.3,2.8,4.7
"<a href=""https://tiktok.com/@ncjfhyrsdj"" target=""_blank"">@ncjfhyrsdj</a>",51,6,51.494,0.917,2,19,0,2486.5,54.5,1.333,0.833
"<a href=""https://tiktok.com/@ncsfo3287"" target=""_blank"">@ncsfo3287</a>",57,7,40.002,0.95,4,44,0,2388.286,85,0.714,1
"<a href=""https://tiktok.com/@needed9274"" target=""_blank"">@needed9274</a>",22,6,52.106,0.944,2,19,0,2569.333,46.833,0.833,2.167
"<a href=""https://tiktok.com/@nfyk.emma"" target=""_blank"">@nfyk.emma</a>",11,9,63.8,1,1,10,0,2899.333,57.444,2.889,4.778
"<a href=""https://tiktok.com/@nhllos8"" target=""_blank"">@nhllos8</a>",54,7,10.9,0.875,1,10,0,2106.714,87.429,0.429,0.429
"<a href=""https://tiktok.com/@nxpsa4288"" target=""_blank"">@nxpsa4288</a>",57,11,48.757,0.851,9,164,0,2651.273,77.455,1.727,0.364
"<a href=""https://tiktok.com/@okay11732"" target=""_blank"">@okay11732</a>",48,9,72.078,1,3,64,0,1676.083,45.417,0.417,0.583
"<a href=""https://tiktok.com/@oljclk"" target=""_blank"">@oljclk</a>",56,8,21.143,0.887,2,28,0,2393.25,30.625,1.375,0.125
"<a href=""https://tiktok.com/@omi.poni0"" target=""_blank"">@omi.poni0</a>",19,11,47.758,0.734,4,58,0,4024.182,53.455,0.455,0.182
"<a href=""https://tiktok.com/@ongoc.mrm"" target=""_blank"">@ongoc.mrm</a>",67,3,26.667,1,1,9,0,1203,17,1,9.667
"<a href=""https://tiktok.com/@onikacaylie"" target=""_blank"">@onikacaylie</a>",11,8,63.8,1,1,10,0,1458.111,52.111,2.889,9.111
"<a href=""https://tiktok.com/@oxkops7"" target=""_blank"">@oxkops7</a>",59,6,27.1,0.875,1,10,0,3212.375,89.625,1.125,1.125
"<a href=""https://tiktok.com/@pbpktw"" target=""_blank"">@pbpktw</a>",44,18,65.304,0.897,10,205,0,589.833,13.722,0.111,0.167
"<a href=""https://tiktok.com/@pjk3357"" target=""_blank"">@pjk3357</a>",64,10,61.312,1,1,16,0,367.2,5.2,0.3,0.1
"<a href=""https://tiktok.com/@prbnac"" target=""_blank"">@prbnac</a>",44,11,55.53,0.952,7,117,0,619.75,20.417,0.25,0.583
"<a href=""https://tiktok.com/@prtnr8"" target=""_blank"">@prtnr8</a>",28,10,56.972,0.952,4,44,0,1900.8,83.5,8.5,0.2
"<a href=""https://tiktok.com/@puhrra"" target=""_blank"">@puhrra</a>",44,16,52.88,0.925,7,173,0,1211.938,25.438,0,0.188
"<a href=""https://tiktok.com/@pxibi018"" target=""_blank"">@pxibi018</a>",19,8,56.829,0.958,2,37,0,921.2,17.9,0.2,0.4
"<a href=""https://tiktok.com/@pxogmdqpa46"" target=""_blank"">@pxogmdqpa46</a>",22,8,46.667,0.778,1,9,0,1200.625,26.625,4.125,17.875
"<a href=""https://tiktok.com/@qafkr2477"" target=""_blank"">@qafkr2477</a>",57,7,61.493,0.888,11,131,0,725.714,10.571,0.857,0
"<a href=""https://tiktok.com/@qigqtm"" target=""_blank"">@qigqtm</a>",44,14,85.86,0.856,3,47,0,279.571,6.786,0,0
"<a href=""https://tiktok.com/@redditstory667"" target=""_blank"">@redditstory667</a>",64,9,61.312,1,1,16,0,267.778,5,0.111,0
"<a href=""https://tiktok.com/@refine74"" target=""_blank"">@refine74</a>",58,8,53.167,1,1,12,0,1514.25,168.125,1,0.25
"<a href=""https://tiktok.com/@rlcycp"" target=""_blank"">@rlcycp</a>",10,6,24.667,1,1,12,0,1173.833,61.833,0.5,0.167
"<a href=""https://tiktok.com/@rohingyao"" target=""_blank"">@rohingyao</a>",7,9,39.364,0.783,2,24,0,2448,119.5,3.125,2.1
"<a href=""https://tiktok.com/@rosacasey65"" target=""_blank"">@rosacasey65</a>",28,9,56.4,0.9,1,10,0,19894.444,543.778,5.667,4.889
"<a href=""https://tiktok.com/@roselent02103"" target=""_blank"">@roselent02103</a>",57,4,35.636,0.952,3,31,0,806,16.25,0.75,0.75
"<a href=""https://tiktok.com/@sasapco"" target=""_blank"">@sasapco</a>",7,9,49.972,0.833,3,30,0,2395.3,176.9,1.25,1.4
"<a href=""https://tiktok.com/@sbafo4188"" target=""_blank"">@sbafo4188</a>",57,3,35.356,1,5,45,0,193.333,2.333,0,0
"<a href=""https://tiktok.com/@sdsdyou"" target=""_blank"">@sdsdyou</a>",7,9,67,0.767,3,27,0,6179.3,291.6,4.125,5.9
"<a href=""https://tiktok.com/@shuj977"" target=""_blank"">@shuj977</a>",14,5,49.556,1,2,18,0,968.4,54.2,0.4,0.2
"<a href=""https://tiktok.com/@shuy742"" target=""_blank"">@shuy742</a>",21,3,47.519,0.933,3,27,0,741.667,8.333,0.333,0
"<a href=""https://tiktok.com/@sijh37"" target=""_blank"">@sijh37</a>",31,6,58.436,1,2,23,0,30281.833,363.333,3.833,3.833
"<a href=""https://tiktok.com/@snoshsj"" target=""_blank"">@snoshsj</a>",51,6,42.422,0.786,2,19,0,1599.167,69.167,0.5,0.167
"<a href=""https://tiktok.com/@soodb4177"" target=""_blank"">@soodb4177</a>",57,3,37.889,1,5,45,0,123.333,3,0,0
"<a href=""https://tiktok.com/@sqifhw"" target=""_blank"">@sqifhw</a>",44,18,65.224,0.935,6,150,0,1626.278,19.444,0.056,0.222
"<a href=""https://tiktok.com/@srepabble5758"" target=""_blank"">@srepabble5758</a>",24,6,38.333,1,1,9,0,1247.667,38.667,0,0.5
"<a href=""https://tiktok.com/@stoyouh"" target=""_blank"">@stoyouh</a>",7,9,43.472,0.877,7,78,0,2708.444,148.889,1.286,3.889
"<a href=""https://tiktok.com/@stvhfhj"" target=""_blank"">@stvhfhj</a>",8,10,45.091,1,1,11,0,4413.8,154.6,3.5,8
"<a href=""https://tiktok.com/@sug7994"" target=""_blank"">@sug7994</a>",21,3,45.148,0.933,3,27,0,276.333,10.667,0,0
"<a href=""https://tiktok.com/@sumroo.786"" target=""_blank"">@sumroo.786</a>",37,9,85.738,1,2,55,0,1323.917,168.333,6.667,7.25
"<a href=""https://tiktok.com/@tamto27"" target=""_blank"">@tamto27</a>",67,3,26.667,1,1,9,0,292,5,2.333,0
"<a href=""https://tiktok.com/@tenbr.boozapp"" target=""_blank"">@tenbr.boozapp</a>",41,8,59.1,1,1,10,0,233194.625,9673.625,35.875,619.125
"<a href=""https://tiktok.com/@ternencebloor0314"" target=""_blank"">@ternencebloor0314</a>",25,10,59.667,1,1,12,0,1861.8,104.9,0.8,0.8
"<a href=""https://tiktok.com/@tetel4962"" target=""_blank"">@tetel4962</a>",46,12,70.343,1,2,26,0,226.733,10.933,0.2,0.333
"<a href=""https://tiktok.com/@texts178"" target=""_blank"">@texts178</a>",7,8,33.875,0.818,4,40,0,3474.3,157.3,4,3.7
"<a href=""https://tiktok.com/@textstyo"" target=""_blank"">@textstyo</a>",8,7,40.636,0.889,1,11,0,4356,175.143,2.857,2.143
"<a href=""https://tiktok.com/@tguu743"" target=""_blank"">@tguu743</a>",63,6,57.889,1,1,9,0,1677,64.5,5,0.5
"<a href=""https://tiktok.com/@tiffanystory8"" target=""_blank"">@tiffanystory8</a>",30,9,43.182,0.889,1,11,0,6423.222,85.333,0.714,1.222
"<a href=""https://tiktok.com/@tiiff4205"" target=""_blank"">@tiiff4205</a>",50,4,28.75,0.667,1,12,0,399,11.25,0,0
"<a href=""https://tiktok.com/@tikfop7478"" target=""_blank"">@tikfop7478</a>",55,6,37.2,0.857,1,10,0,1736.833,56.5,1.167,0.167
"<a href=""https://tiktok.com/@tiwakp1"" target=""_blank"">@tiwakp1</a>",44,9,57.9,0.789,2,30,0,666.556,33.222,0.444,0.111
"<a href=""https://tiktok.com/@todaysfriendshow4"" target=""_blank"">@todaysfriendshow4</a>",21,3,50.481,0.867,3,27,0,6277,113.667,5.333,2.333
"<a href=""https://tiktok.com/@toma.rimi"" target=""_blank"">@toma.rimi</a>",19,12,41.775,0.91,5,71,0,1684.083,20.5,0.5,0.417
"<a href=""https://tiktok.com/@topi.khatun6"" target=""_blank"">@topi.khatun6</a>",19,9,53.852,0.64,3,31,0,806.182,38.636,0.182,1.818
"<a href=""https://tiktok.com/@touab4277"" target=""_blank"">@touab4277</a>",52,6,48.986,1,3,36,0,2723.5,62.167,1.5,0.5
"<a href=""https://tiktok.com/@tugx2917"" target=""_blank"">@tugx2917</a>",46,14,75.042,0.929,2,21,0,289.867,11.533,0,0.333
"<a href=""https://tiktok.com/@ubhutfrx"" target=""_blank"">@ubhutfrx</a>",1,9,73.222,1,1,9,0,1072.5,74.7,0.7,4.3
"<a href=""https://tiktok.com/@ufsc8075"" target=""_blank"">@ufsc8075</a>",50,10,67.723,0.856,4,52,0.001,1574.636,45.818,0.273,1
"<a href=""https://tiktok.com/@ujnpmvrmnklnilutge"" target=""_blank"">@ujnpmvrmnklnilutge</a>",34,8,62.4,0.833,1,10,0,523.6,11,0.6,0.5
"<a href=""https://tiktok.com/@ujrrrsq"" target=""_blank"">@ujrrrsq</a>",44,10,67.527,0.967,5,59,0.001,312.231,10.308,0,0.154
"<a href=""https://tiktok.com/@urdu9708"" target=""_blank"">@urdu9708</a>",50,10,37.663,0.861,2,54,0,1368.5,42.083,0.167,0.083
"<a href=""https://tiktok.com/@user16350067331084"" target=""_blank"">@user16350067331084</a>",36,6,52.05,0.866,2,20,0,670.5,14,0.5,0
"<a href=""https://tiktok.com/@user16909390140293"" target=""_blank"">@user16909390140293</a>",9,12,63.697,0.917,2,22,0,739.583,16.417,0.111,0
"<a href=""https://tiktok.com/@user240775158"" target=""_blank"">@user240775158</a>",19,7,48.246,0.707,3,40,0,1409.143,21.571,0.857,0.286
"<a href=""https://tiktok.com/@user33450120083591"" target=""_blank"">@user33450120083591</a>",43,4,32.333,1,1,9,0,578.455,24,0,0.273
"<a href=""https://tiktok.com/@user3436197788624"" target=""_blank"">@user3436197788624</a>",31,12,54.072,0.949,9,121,0,6743.333,145.917,0.667,1.5
"<a href=""https://tiktok.com/@user3543260092180"" target=""_blank"">@user3543260092180</a>",65,6,58.213,0.856,3,39,0,2390.5,120.333,0.167,0.667
"<a href=""https://tiktok.com/@user3825956150738"" target=""_blank"">@user3825956150738</a>",31,6,59.694,0.911,3,29,0,4710.667,84.667,0.333,2.667
"<a href=""https://tiktok.com/@user5626060056906"" target=""_blank"">@user5626060056906</a>",1,10,54.732,0.93,6,63,0,870.1,65.5,1,1.4
"<a href=""https://tiktok.com/@user6024099769612"" target=""_blank"">@user6024099769612</a>",26,7,26.1,0.875,1,10,0,104131.875,3709.375,31,37.5
"<a href=""https://tiktok.com/@user61085841585986"" target=""_blank"">@user61085841585986</a>",17,6,50.667,0.75,1,9,0,1144.25,30,0.25,1.875
"<a href=""https://tiktok.com/@user7224426108057"" target=""_blank"">@user7224426108057</a>",22,8,46.014,0.885,4,39,0,3064.625,48.125,0.625,3.375
"<a href=""https://tiktok.com/@user91479039109477"" target=""_blank"">@user91479039109477</a>",36,5,55.3,0.857,1,10,0,2082.6,46,1.4,12.2
"<a href=""https://tiktok.com/@user9386666243837"" target=""_blank"">@user9386666243837</a>",36,5,48.8,0.875,1,10,0,55640.6,1016,11.2,16
"<a href=""https://tiktok.com/@username.12345301"" target=""_blank"">@username.12345301</a>",38,7,98.667,1,1,21,0,11958.95,70.55,1.55,3.55
"<a href=""https://tiktok.com/@username.1234615"" target=""_blank"">@username.1234615</a>",37,9,92.65,0.727,1,20,0,679.25,45,4.667,0.458
"<a href=""https://tiktok.com/@username.123467897"" target=""_blank"">@username.123467897</a>",37,19,88.219,0.738,4,74,0,287.581,22.355,2.516,0.677
"<a href=""https://tiktok.com/@username.12365478"" target=""_blank"">@username.12365478</a>",37,13,96.138,0.697,2,36,0,1487.583,70.25,5.875,1.25
"<a href=""https://tiktok.com/@username.1545465"" target=""_blank"">@username.1545465</a>",38,15,81.435,0.778,1,62,0,499.562,56.125,3.062,0.5
"<a href=""https://tiktok.com/@username.64754675"" target=""_blank"">@username.64754675</a>",38,18,78.364,0.806,2,86,0,119.611,16.278,1.167,0.056
"<a href=""https://tiktok.com/@usjg2117"" target=""_blank"">@usjg2117</a>",47,11,74.067,1,1,15,0,396,14.357,0.071,0.357
"<a href=""https://tiktok.com/@v.if77"" target=""_blank"">@v.if77</a>",13,10,41.727,0.8,1,11,0,1591.1,85.8,0.2,1.1
"<a href=""https://tiktok.com/@vakft4299"" target=""_blank"">@vakft4299</a>",52,9,46.71,0.975,8,98,0.001,1601.222,81,0.222,0.778
"<a href=""https://tiktok.com/@vghf668"" target=""_blank"">@vghf668</a>",14,10,45.605,0.95,2,26,0,1598.4,70.1,0.5,0.4
"<a href=""https://tiktok.com/@vomfir2"" target=""_blank"">@vomfir2</a>",10,6,24.667,1,1,12,0,135760,6139.5,90.333,50.833
"<a href=""https://tiktok.com/@vshwiy2868"" target=""_blank"">@vshwiy2868</a>",20,5,39.7,0.857,1,10,0,280.167,9.167,0,0
"<a href=""https://tiktok.com/@vxkaw3274"" target=""_blank"">@vxkaw3274</a>",57,9,51.353,0.884,9,131,0,2209.778,75,0.222,0.444
"<a href=""https://tiktok.com/@wabisabi_35"" target=""_blank"">@wabisabi_35</a>",65,6,54.169,0.822,3,32,0,1959,140.333,1.667,1.167
"<a href=""https://tiktok.com/@walcs4238"" target=""_blank"">@walcs4238</a>",57,5,46.259,0.883,3,34,0,1017.6,25.4,0.4,0
"<a href=""https://tiktok.com/@watts4718"" target=""_blank"">@watts4718</a>",22,8,41.037,0.917,3,29,0,992.375,23.5,3.375,17.25
"<a href=""https://tiktok.com/@wede35"" target=""_blank"">@wede35</a>",31,8,56.398,0.92,8,92,0,1496.375,63.5,0.625,1.125
"<a href=""https://tiktok.com/@wgslhe"" target=""_blank"">@wgslhe</a>",44,14,68.651,0.944,5,128,0,1650.5,42.556,0.611,0.611
"<a href=""https://tiktok.com/@wiqg8225"" target=""_blank"">@wiqg8225</a>",47,9,66,1,1,9,0,439.857,21.714,0.214,0.071
"<a href=""https://tiktok.com/@wive0570"" target=""_blank"">@wive0570</a>",46,11,93.083,0.857,1,12,0,334.857,11.857,0.214,0
"<a href=""https://tiktok.com/@wlack2188"" target=""_blank"">@wlack2188</a>",52,8,44.058,0.967,6,71,0,3009.5,86.375,0,0
"<a href=""https://tiktok.com/@wojta.or"" target=""_blank"">@wojta.or</a>",20,5,39.7,0.857,1,10,0,872.4,23.6,0,0.6
"<a href=""https://tiktok.com/@wove1579"" target=""_blank"">@wove1579</a>",49,9,71.041,0.963,3,38,0,189.727,7.545,0,0.455
"<a href=""https://tiktok.com/@wudtm4288"" target=""_blank"">@wudtm4288</a>",57,12,56.203,0.932,16,203,0.001,8868.5,362.833,1.417,2.083
"<a href=""https://tiktok.com/@wuge2639"" target=""_blank"">@wuge2639</a>",47,12,67.834,0.923,4,49,0,458.857,16.5,0.071,0.143
"<a href=""https://tiktok.com/@xakfo3188"" target=""_blank"">@xakfo3188</a>",57,4,79.033,0.702,2,19,0,471.75,13.25,0.5,0
"<a href=""https://tiktok.com/@xchinaqueen0"" target=""_blank"">@xchinaqueen0</a>",39,7,93.111,0.75,1,9,0,15.571,1.714,0,0
"<a href=""https://tiktok.com/@xchinaqueen1"" target=""_blank"">@xchinaqueen1</a>",40,6,91.69,1,1,29,0,340.846,9.462,0.154,0.308
"<a href=""https://tiktok.com/@xchinaqueen2"" target=""_blank"">@xchinaqueen2</a>",40,6,97.467,0.667,1,15,0,9.333,0.333,0,0
"<a href=""https://tiktok.com/@xchinaqueen3"" target=""_blank"">@xchinaqueen3</a>",40,12,93.851,0.833,2,32,0,1353.917,145.75,7.917,7.75
"<a href=""https://tiktok.com/@xchinaqueen4"" target=""_blank"">@xchinaqueen4</a>",40,12,90.962,1,2,46,0,11.083,0.583,0,0.083
"<a href=""https://tiktok.com/@xchinaqueen5"" target=""_blank"">@xchinaqueen5</a>",39,12,88.792,0.917,3,94,0,8199.167,786.167,28.5,56.75
"<a href=""https://tiktok.com/@xchinaqueen6"" target=""_blank"">@xchinaqueen6</a>",39,12,82.458,1,1,59,0,181.5,17.167,0.417,0.583
"<a href=""https://tiktok.com/@xihz9643"" target=""_blank"">@xihz9643</a>",50,6,41.667,1,2,18,0.001,927.3,32.6,0.2,0.5
"<a href=""https://tiktok.com/@xxii911"" target=""_blank"">@xxii911</a>",7,10,55.385,0.843,5,54,0,2717.2,151.2,1,2.7
"<a href=""https://tiktok.com/@yang_reddit"" target=""_blank"">@yang_reddit</a>",66,8,65.667,0.857,1,9,0,1809.875,118,3.25,1.125
"<a href=""https://tiktok.com/@yiitsukb"" target=""_blank"">@yiitsukb</a>",28,10,54.596,0.93,4,51,0,1636.4,121.8,2.1,0.4
"<a href=""https://tiktok.com/@you.texts"" target=""_blank"">@you.texts</a>",8,9,42.864,0.944,2,22,0,3956.8,156.2,3.375,3.7
"<a href=""https://tiktok.com/@yourfavtwins0"" target=""_blank"">@yourfavtwins0</a>",51,5,32.6,1,1,10,0,1130,48,0,0.5
"<a href=""https://tiktok.com/@yowbc4277"" target=""_blank"">@yowbc4277</a>",52,8,43.942,0.971,7,94,0,1406.25,40.625,0.375,1
"<a href=""https://tiktok.com/@ysishhd7"" target=""_blank"">@ysishhd7</a>",27,10,62.611,0.887,2,20,0,2279.5,106.7,1.5,7.4
"<a href=""https://tiktok.com/@ytrq8081"" target=""_blank"">@ytrq8081</a>",48,8,71.44,0.963,3,59,0,1828.25,55.5,0.167,0.167
"<a href=""https://tiktok.com/@zafke3177"" target=""_blank"">@zafke3177</a>",52,9,44.761,1,3,34,0,3065.333,72,0.111,0
"<a href=""https://tiktok.com/@zbdkc3664"" target=""_blank"">@zbdkc3664</a>",57,6,58.626,0.783,8,80,0,1923.667,56.5,0.333,0
"<a href=""https://tiktok.com/@zcake3147"" target=""_blank"">@zcake3147</a>",57,5,55.038,0.831,5,52,0,133.4,2,0.2,0
"<a href=""https://tiktok.com/@zcekt4280"" target=""_blank"">@zcekt4280</a>",57,6,55.967,0.831,12,137,0.001,863.333,35.333,0.167,0.333
"<a href=""https://tiktok.com/@zjdoa3719"" target=""_blank"">@zjdoa3719</a>",57,11,48.979,0.886,9,133,0,1548.091,52.182,1.182,0.091
"<a href=""https://tiktok.com/@zsdx184"" target=""_blank"">@zsdx184</a>",31,10,53.737,0.944,10,121,0,33939.1,1043,4,51.2
"<a href=""https://tiktok.com/@zxvb736"" target=""_blank"">@zxvb736</a>",31,12,59.322,0.892,11,161,0,5459,91.75,0.75,2.333
