"Network","Number of Accounts","Network Density","Network Diameter","Clustering Coefficient","Avg Views","Avg Likes","Avg Comments","Avg Shares","Member Accounts"
1,9,0.306,41,0.346,2582.483,103.782,1.264,3.977,"jsosjxj8, bmc12655, jfufrehcdh, jdpdosj, user5626060056906, luisina.riihimaki, krug011, ubhutfrx, hcodifb"
2,2,1,9,0,38255.85,2086.2,18,43.05,"jfkovj5, be.jkigv"
3,2,1,9,0,1313.6,91.4,0.85,5.25,"fdijc3, irdc042"
4,3,0.667,21,0,13366.538,226.423,3.385,112.192,"jtcytxyzey, jdpxorjf, chantalkusch"
5,3,0.667,19,0,10508.31,112.207,1.241,1.931,"hdr86575, fauy8466, aedyckctu"
6,3,0.667,18,0,2854.389,65.389,0.5,0.722,"ethel.gregory2, joab.truitt, josieferguson6"
7,12,0.333,36,0.476,3148.521,164.076,2.905,2.588,"sasapco, hdryxd, huiodjio, ktsfyh, texts178, rohingyao, stoyouh, crtyougo, sdsdyou, cagnhd, landscape5670, xxii911"
8,3,0.667,22,0,4229.556,160.519,3.261,4.889,"textstyo, stvhfhj, you.texts"
9,3,0.667,22,0,1037.444,18.296,0.095,0.111,"lin689668987, kungyhunksd, user16909390140293"
10,2,1,12,0,68466.917,3100.667,45.417,25.5,"rlcycp, vomfir2"
11,2,1,10,0,2178.722,54.778,2.889,6.944,"onikacaylie, nfyk.emma"
12,4,0.667,25,0.6,792.579,22.474,2.158,3,"camilo.austin5, marjoriecarrie0525, mong.khuu, jeffrey.hettinger"
13,2,1,11,0,1433.588,60.353,0.176,0.882,"v.if77, hdbjx72"
14,4,0.667,26,0.6,2131.5,55.278,0.472,0.667,"kuhar.clair6, c.ts24, shuj977, vghf668"
15,3,0.667,33,0,10512.412,258.353,1.912,6.471,"j.uv586, berez.paulo, fhvf210"
16,3,0.667,19,0,386.583,9.5,0.167,0.083,"biebuh4, burba.robyn, jsjx359"
17,2,1,9,0,1146.667,24.333,1.667,8.533,"hitomorrow81, user61085841585986"
18,2,1,9,0,1191.167,13,0,0,"etuo.uop, hgff.nko"
19,7,0.619,35,0.615,1756.861,29.403,0.389,0.514,"toma.rimi, topi.khatun6, omi.poni0, fhuc22, monalisa7988, pxibi018, user240775158"
20,2,1,10,0,549.364,15.727,0,0.273,"vshwiy2868, wojta.or"
21,4,1,9,1,1955.5,36.917,1.417,0.583,"bsih75, sug7994, shuy742, todaysfriendshow4"
22,10,0.244,57,0.353,1970.688,39.143,1.442,7.104,"ddeaxmelj72, pxogmdqpa46, huff797, needed9274, babypink6896, books3478, bcc662, user7224426108057, chaff8892, watts4718"
23,2,1,10,0,2065.875,54.062,0.25,0.75,"hockey2840, goodbye17507"
24,2,1,9,0,800,20.75,0.167,0.25,"srepabble5758, brittanycarter1959"
25,2,1,12,0,21518.65,1099.65,3.45,6,"dianaantoinette2000, ternencebloor0314"
26,2,1,10,0,50728.824,1793.824,14.941,18.294,"gjbgikh, user6024099769612"
27,3,0.667,20,0,1709.778,81.519,1.63,4.037,"ididu034, chdg050, ysishhd7"
28,6,0.6,33,0.682,4447.088,164.123,3.333,1.649,"rosacasey65, prtnr8, gf.nj97, kbpsjd, gutieyy7, yiitsukb"
29,2,1,16,0,3366.95,126.5,1.75,8.95,"fugfuj33, hygge8662"
30,2,1,11,0,5713.105,114.211,1.933,7.579,"eudazpstrvf, tiffanystory8"
31,14,0.582,31,0.792,9701.181,181.715,1.056,5.34,"iiuu553, jvhb240, sijh37, jajsjsn56, jvtvc3, aed0267, user3436197788624, user3825956150738, aed2750, wede35, zsdx184, cfdc18, dthh824, zxvb736"
32,2,1,21,0,15599.912,1012.684,42.228,87.632,"cute_chumi_girl208, lush_queen120"
33,2,1,20,0,16.714,3.429,0.857,0.357,"amazing_seeet120, cutegirlbabe2"
34,2,1,10,0,811.421,44.474,1.737,1.053,"ujnpmvrmnklnilutge, gofman.008"
35,2,1,11,0,3725.895,80.684,1.263,1.947,"dwjjmgypffvuelfkdn, boselbiresz0vcqb"
36,3,0.667,20,0,18289.938,337.125,4.125,8.812,"user16350067331084, user91479039109477, user9386666243837"
37,7,0.333,91,0,941.699,62.56,3.675,1.325,"username.1234615, username.123467897, beaty_queen_22, china_cutegirl22, chuma_g1, sumroo.786, username.12365478"
38,5,0.4,120,0,3260.964,76.5,3.571,2.167,"username.1545465, kmlisarkar_1, kamlisarkar_0, username.64754675, username.12345301"
39,4,0.5,85,0,2722.514,261.162,9.378,18.595,"xchinaqueen5, xchinaqueen0, hsgshqdrf5p, xchinaqueen6"
40,4,0.5,61,0,485.279,43.744,2.256,2.279,"xchinaqueen3, xchinaqueen2, xchinaqueen1, xchinaqueen4"
41,4,0.5,21,0,57707.382,2353.412,9.088,147.206,"aseng.haymong, juliosalazar229, carlos.alberto.al886, tenbr.boozapp"
42,2,1,10,0,8961.722,138.278,1.722,41.222,"hdkcofh, hdlxohd"
43,2,1,9,0,499.75,18.5,0.062,0.188,"gieffk, user33450120083591"
44,20,0.305,70,0.578,1016.455,22.11,0.173,0.312,"hdmjwo1, pbpktw, puhrra, prbnac, bpgarp, eqmhqf, sqifhw, idpeoc, fsaftn, qigqtm, iupkvg, arffug, dtbtcc8, lhqitc, bipiqo, hltuoq, hidouo, tiwakp1, ujrrrsq, wgslhe"
45,3,1,9,1,1459.85,49.25,0.225,0.4,"ciojkb, khfbou, kubjij"
46,5,0.4,47,0,284.162,11.162,0.135,0.162,"fhxk1941, tugx2917, isge0853, tetel4962, wive0570"
47,6,0.4,40,0.333,474.494,16.644,0.092,0.149,"usjg2117, givi0331, wiqg8225, isce0690, isgs5669, wuge2639"
48,6,0.8,41,0.789,1763.493,49.606,0.507,0.521,"ghhj8554, bvoo3130, dijx3903, fhda78402, okay11732, ytrq8081"
49,6,0.733,34,0.75,800.823,29.871,0.452,0.694,"drgd8391, eiej4325, dygd8923, djwf2904, jkuy0534, wove1579"
50,15,0.171,93,0.455,1386.412,44.654,0.314,0.601,"coirf88774, hehs5037, dhhi6645, fkir2290, cjire9104, cjur6297, hrfj8302, gjguq6894, fnnf8890, clirr5282, courr1227, ufsc8075, urdu9708, tiiff4205, xihz9643"
51,13,0.423,31,0.624,1499.215,61.484,1.215,0.505,"bxuzba, cjdjfcn, g.in.cgn, ncjfhyrsdj, bxjzjsns0, hxjdsj34, hzhdhs, avelina.asucen, jshszh6382, hdvhds4, duuff30, snoshsj, yourfavtwins0"
52,12,0.439,55,0.812,1884.253,55.044,0.407,0.286,"anxdo3188, cbske2477, bakaf3280, 1djjvsjb, vakft4299, touab4277, 1qwdjjd, 3mbfklb, yowbc4277, baxor3828, wlack2188, zafke3177"
53,2,1,10,0,9121.077,259.846,3.538,0.692,"11cjhggg, 2ckfjkelw"
54,2,1,10,0,2547.933,89.2,0.6,0.4,"nhllos8, leoraf9"
55,2,1,10,0,1395.167,53.083,0.833,0.083,"meggie.y, tikfop7478"
56,3,1,14,1,9728.957,158.522,2.348,1.13,"ljpjvh, hwvrok, oljclk"
57,22,0.355,32,0.604,2169.497,73.921,0.662,0.384,"boens4288, nxpsa4288, 2jxggxh, sbafo4188, ncsfo3287, cnatk3189, 1yrogls, soodb4177, vxkaw3274, ejanc3177, avcms3284, wudtm4288, xakfo3188, zbdkc3664, zcekt4280, acsge1347, walcs4238, qafkr2477, zcake3147, keoap4288, roselent02103, zjdoa3719"
58,2,1,12,0,2044.562,117.625,1.125,0.25,"htjzwe4, refine74"
59,3,0.667,20,0,5240.75,107.125,1.042,1.125,"evfdmzl, oxkops7, bixukf"
60,2,1,12,0,1691.5,97.062,1.25,0.625,"awmilke, kdywnty"
61,3,1,11,1,14522.048,472.476,3.476,2.857,"kenworthyhoo, fjvbaa, jdjsbs94"
62,2,1,10,0,1059.071,49.857,0.786,0.214,"3jfofoed, 3mmmgkk"
63,2,1,9,0,5453.667,75.333,4.25,1.833,"gdvcjh84747, tguu743"
64,2,1,16,0,320.105,5.105,0.211,0.053,"pjk3357, redditstory667"
65,4,1,18,1,3998.476,198.333,0.952,1.143,"deep.sea_2, user3543260092180, eden70188, wabisabi_35"
66,2,1,9,0,1445.2,80.667,1.867,0.6,"dhdjuehiehrh, yang_reddit"
67,2,1,9,0,747.5,11,1.667,4.833,"ongoc.mrm, tamto27"
