"Account","Network","Unique Shares","Avg Time Between Shares (sec)","Edge Symmetry Score","Degree","Strength","Betweenness","Avg Views","Avg Likes","Avg Comments","Avg Shares"
"<a href=""https://tiktok.com/@aabb3922iol"" target=""_blank"">@aabb3922iol</a>",71,3,59.857,1,1,7,0,2316.333,18,0.333,0.667
"<a href=""https://tiktok.com/@abethpadon"" target=""_blank"">@abethpadon</a>",76,3,76.571,1,1,7,0,2929,48,0.667,0
"<a href=""https://tiktok.com/@aeroplane_palette_120"" target=""_blank"">@aeroplane_palette_120</a>",44,6,88.111,0.714,1,9,0,850.043,83.174,5.783,0.783
"<a href=""https://tiktok.com/@aeroplane_pilot_235"" target=""_blank"">@aeroplane_pilot_235</a>",44,6,88.111,0.714,1,9,0,268.955,31.682,2.227,1.227
"<a href=""https://tiktok.com/@ahhvxd8"" target=""_blank"">@ahhvxd8</a>",42,7,27.125,0.875,1,8,0,915.1,64.2,3.5,2.1
"<a href=""https://tiktok.com/@ahhxh2"" target=""_blank"">@ahhxh2</a>",34,3,30.833,1,2,18,0,8593,499.667,4.333,129.333
"<a href=""https://tiktok.com/@airplandriver120"" target=""_blank"">@airplandriver120</a>",3,5,92.636,0.5,1,11,0,1255.2,77.8,12.8,2.8
"<a href=""https://tiktok.com/@airplane_video578"" target=""_blank"">@airplane_video578</a>",8,12,68.75,0.863,3,32,0,1296.933,60.367,1.733,0.233
"<a href=""https://tiktok.com/@ala40529"" target=""_blank"">@ala40529</a>",57,6,70.714,0.75,1,7,0,59201.5,705.667,2.667,20.333
"<a href=""https://tiktok.com/@albertofdsgfdslyn"" target=""_blank"">@albertofdsgfdslyn</a>",59,8,36.424,0.9,2,17,0,1445.75,35.375,0.5,0.375
"<a href=""https://tiktok.com/@ale582034"" target=""_blank"">@ale582034</a>",60,3,67,1,2,16,0,9296.333,80.667,1,2.667
"<a href=""https://tiktok.com/@alepm45"" target=""_blank"">@alepm45</a>",73,6,65,0.8,1,9,0,436269.667,7199.333,22,284
"<a href=""https://tiktok.com/@alexander73798"" target=""_blank"">@alexander73798</a>",71,3,60.012,0.867,3,22,0,24566.667,179,1.333,2.333
"<a href=""https://tiktok.com/@ali3b87"" target=""_blank"">@ali3b87</a>",74,9,62.381,1,2,16,0,5940.889,113.222,1,2.556
"<a href=""https://tiktok.com/@amazing_seeet120"" target=""_blank"">@amazing_seeet120</a>",3,6,92.636,0.5,1,11,0,440.333,15.5,3.5,0.667
"<a href=""https://tiktok.com/@amira.gibbs8"" target=""_blank"">@amira.gibbs8</a>",55,2,35.5,0.8,1,8,0,25209.5,392.5,3.5,10
"<a href=""https://tiktok.com/@at.d359"" target=""_blank"">@at.d359</a>",75,4,63.571,0.8,1,7,0,107836.5,1711,7.75,39
"<a href=""https://tiktok.com/@bffgh56"" target=""_blank"">@bffgh56</a>",25,6,69.25,1,1,8,0,22094.3,1355.1,5.3,33.8
"<a href=""https://tiktok.com/@brooks.jenner"" target=""_blank"">@brooks.jenner</a>",69,10,45.423,0.944,1,26,0,4651.8,50.9,0.8,0.9
"<a href=""https://tiktok.com/@c.kn14"" target=""_blank"">@c.kn14</a>",68,3,85.595,1,2,16,0,2807.333,30,1.333,0
"<a href=""https://tiktok.com/@cai.faffu"" target=""_blank"">@cai.faffu</a>",33,6,57.875,1,4,32,0,962.333,64.167,0.167,0.5
"<a href=""https://tiktok.com/@carolina.isabel.h83"" target=""_blank"">@carolina.isabel.h83</a>",55,4,58.25,0.5,1,8,0,5441.25,74.75,1.25,3.25
"<a href=""https://tiktok.com/@cedric.schneider70"" target=""_blank"">@cedric.schneider70</a>",38,6,53,1,1,7,0,1195.833,19.333,0,0
"<a href=""https://tiktok.com/@channarpower0"" target=""_blank"">@channarpower0</a>",53,11,90.048,0.6,1,21,0,510.167,46.167,2.083,0.917
"<a href=""https://tiktok.com/@china_deriver_0"" target=""_blank"">@china_deriver_0</a>",51,15,94.679,0.929,2,68,0,2959.611,169.889,5.889,4.611
"<a href=""https://tiktok.com/@china_queen_005"" target=""_blank"">@china_queen_005</a>",52,6,104.889,0.8,1,9,0,216.333,27,1.667,0.167
"<a href=""https://tiktok.com/@coutiedrive1"" target=""_blank"">@coutiedrive1</a>",8,7,48.125,0.774,2,20,0,10483.091,698.273,27.091,2.455
"<a href=""https://tiktok.com/@dadfi54"" target=""_blank"">@dadfi54</a>",35,3,59.544,0.98,10,90,0.001,254.333,13,0,0
"<a href=""https://tiktok.com/@dangda166"" target=""_blank"">@dangda166</a>",26,10,48.57,0.935,5,45,0.001,21408.818,184.636,3.909,4.273
"<a href=""https://tiktok.com/@devindawei336"" target=""_blank"">@devindawei336</a>",26,10,45.5,0.854,2,18,0,2949.3,82.3,1.8,1.7
"<a href=""https://tiktok.com/@dghj2422"" target=""_blank"">@dghj2422</a>",77,5,55.417,0.911,3,25,0,306.6,19,0.8,0.6
"<a href=""https://tiktok.com/@dhdy311"" target=""_blank"">@dhdy311</a>",23,6,49.125,0.714,1,8,0,1409.125,31.5,0.25,0.125
"<a href=""https://tiktok.com/@djgds45"" target=""_blank"">@djgds45</a>",35,3,61.042,0.975,8,72,0,487.333,32.667,0,4.333
"<a href=""https://tiktok.com/@djgdthh"" target=""_blank"">@djgdthh</a>",43,11,42.235,0.969,4,31,0,1267.462,25.615,3.154,1.077
"<a href=""https://tiktok.com/@dong.dong512"" target=""_blank"">@dong.dong512</a>",26,20,43.132,0.981,2,42,0,4000.7,52.45,0.75,5.25
"<a href=""https://tiktok.com/@dragisalicina"" target=""_blank"">@dragisalicina</a>",63,10,58.115,0.903,3,33,0,1396.091,62.455,3.111,1.818
"<a href=""https://tiktok.com/@driver_king0"" target=""_blank"">@driver_king0</a>",51,12,93.889,0.857,1,36,0,1416.071,169,9.5,4.143
"<a href=""https://tiktok.com/@duxqifrnrnw"" target=""_blank"">@duxqifrnrnw</a>",68,3,50.373,1,2,16,0,5114.667,63,0,0.333
"<a href=""https://tiktok.com/@dxjuk"" target=""_blank"">@dxjuk</a>",5,4,53,1,1,8,0,1552.8,88.4,2,2
"<a href=""https://tiktok.com/@ederserafini8"" target=""_blank"">@ederserafini8</a>",63,7,64.8,1,1,10,0,1220.375,53.375,1.167,1.375
"<a href=""https://tiktok.com/@esperanza.welch"" target=""_blank"">@esperanza.welch</a>",38,6,53.786,1,3,22,0,18621.5,79.333,0.5,1.333
"<a href=""https://tiktok.com/@f.bj346"" target=""_blank"">@f.bj346</a>",74,8,69.429,0.8,1,7,0,10111.875,113.875,0.5,2.625
"<a href=""https://tiktok.com/@fbde56"" target=""_blank"">@fbde56</a>",21,4,71.25,1,1,8,0,475.25,28.25,0.25,0
"<a href=""https://tiktok.com/@ffbs18"" target=""_blank"">@ffbs18</a>",57,9,46.635,0.775,2,16,0,117313.556,1846.333,6,68.556
"<a href=""https://tiktok.com/@fgcc379"" target=""_blank"">@fgcc379</a>",26,8,68.714,0.833,1,7,0,1235.111,66.889,2.111,0.222
"<a href=""https://tiktok.com/@fhgss84"" target=""_blank"">@fhgss84</a>",20,3,18.333,1,1,9,0,900.333,41.667,0,0.333
"<a href=""https://tiktok.com/@fhjkllf"" target=""_blank"">@fhjkllf</a>",1,8,59.6,1,1,15,0,388.625,25.5,0.625,0.125
"<a href=""https://tiktok.com/@fhkundshunk"" target=""_blank"">@fhkundshunk</a>",2,5,59.16,0.857,2,17,0,1480.8,96.2,0.8,2
"<a href=""https://tiktok.com/@fj.gk92"" target=""_blank"">@fj.gk92</a>",74,6,69.333,1,1,9,0,9645.667,130.167,2,2.333
"<a href=""https://tiktok.com/@fj.vi54"" target=""_blank"">@fj.vi54</a>",56,6,81.125,0.817,2,20,0,21926.333,140.833,0.5,3.167
"<a href=""https://tiktok.com/@fjgd605"" target=""_blank"">@fjgd605</a>",22,7,63.125,0.886,3,29,0,819.429,60.857,0.571,0.429
"<a href=""https://tiktok.com/@fkshusjxb"" target=""_blank"">@fkshusjxb</a>",77,6,52.63,0.869,3,27,0,568.5,46.833,0.333,1.5
"<a href=""https://tiktok.com/@fmgd8"" target=""_blank"">@fmgd8</a>",22,8,66.249,0.795,4,36,0,2617.1,88.4,4.3,18.9
"<a href=""https://tiktok.com/@frtrd2"" target=""_blank"">@frtrd2</a>",72,3,31.444,1,2,18,0,7816.333,96.333,0.333,3.333
"<a href=""https://tiktok.com/@fssfhu5"" target=""_blank"">@fssfhu5</a>",22,7,47.929,0.817,2,17,0,877.714,18.429,0.143,0.143
"<a href=""https://tiktok.com/@fyrfwt"" target=""_blank"">@fyrfwt</a>",40,6,15.8,0.889,1,15,0,1719.667,53.167,0.5,0.167
"<a href=""https://tiktok.com/@g.fb506"" target=""_blank"">@g.fb506</a>",56,9,76.125,0.733,2,20,0,5066.556,48.444,0.222,0.444
"<a href=""https://tiktok.com/@gdgjk96"" target=""_blank"">@gdgjk96</a>",20,3,18.333,1,1,9,0,350,7,1.667,1
"<a href=""https://tiktok.com/@gdsghj31"" target=""_blank"">@gdsghj31</a>",22,6,58.167,0.905,3,24,0,123.833,0.5,0,0
"<a href=""https://tiktok.com/@gdxbn685"" target=""_blank"">@gdxbn685</a>",37,3,75,0.8,1,7,0,5706,118,1.667,15.667
"<a href=""https://tiktok.com/@gdxvn8"" target=""_blank"">@gdxvn8</a>",22,9,66.188,0.742,4,33,0,1546.333,72.111,1.889,7.111
"<a href=""https://tiktok.com/@gesgu3"" target=""_blank"">@gesgu3</a>",19,3,92.444,0.8,1,9,0,811,11.333,0,0
"<a href=""https://tiktok.com/@gew8218"" target=""_blank"">@gew8218</a>",59,3,40.625,1,1,8,0,11086,150.667,0,2.333
"<a href=""https://tiktok.com/@ghjybbl"" target=""_blank"">@ghjybbl</a>",62,3,28.444,1,1,9,0,2302.667,41.667,1.333,4
"<a href=""https://tiktok.com/@ghsrge"" target=""_blank"">@ghsrge</a>",35,3,63.333,1,2,18,0.001,1235,96.333,0.333,0
"<a href=""https://tiktok.com/@giap.thuy8"" target=""_blank"">@giap.thuy8</a>",26,19,38.265,0.963,1,34,0,6516,67.789,1.842,8.053
"<a href=""https://tiktok.com/@givf74"" target=""_blank"">@givf74</a>",43,7,64,1,1,7,0,718.933,28.8,6.133,0.2
"<a href=""https://tiktok.com/@gjaldha"" target=""_blank"">@gjaldha</a>",47,3,63,1,1,9,0,7615,122.667,0,0.333
"<a href=""https://tiktok.com/@gjkshdjjs"" target=""_blank"">@gjkshdjjs</a>",47,3,63,1,1,9,0,2109.333,133.333,0.333,0.667
"<a href=""https://tiktok.com/@gjuafu"" target=""_blank"">@gjuafu</a>",48,3,38.222,1,1,9,0,12088.333,191.333,0.667,6
"<a href=""https://tiktok.com/@grafh52"" target=""_blank"">@grafh52</a>",19,3,78.375,1,1,8,0,2900,35.667,0,2.667
"<a href=""https://tiktok.com/@grdgh91"" target=""_blank"">@grdgh91</a>",35,3,54.533,1,5,45,0,200.333,6,0,0
"<a href=""https://tiktok.com/@gregorio.dsfsd.wi"" target=""_blank"">@gregorio.dsfsd.wi</a>",59,4,32.222,0.8,1,9,0,581.75,27.5,0,0.5
"<a href=""https://tiktok.com/@grsdhj91"" target=""_blank"">@grsdhj91</a>",36,3,23.889,0.8,1,9,0,314.333,12,0,0
"<a href=""https://tiktok.com/@guili.kamil"" target=""_blank"">@guili.kamil</a>",69,12,45.423,0.944,1,26,0,22753.583,157.417,0.833,4.833
"<a href=""https://tiktok.com/@gxc.n1"" target=""_blank"">@gxc.n1</a>",5,4,53,1,1,8,0,890,39.5,0,0.25
"<a href=""https://tiktok.com/@gyjgts"" target=""_blank"">@gyjgts</a>",39,3,13.667,0.8,1,9,0,275.333,13.333,0,0
"<a href=""https://tiktok.com/@h5005670"" target=""_blank"">@h5005670</a>",24,4,45.75,1,1,8,0,189.25,3.5,0.25,0
"<a href=""https://tiktok.com/@haeuserlegato"" target=""_blank"">@haeuserlegato</a>",56,9,59.214,0.75,3,31,0,703.556,8.889,0.222,0
"<a href=""https://tiktok.com/@hdadglyd7th"" target=""_blank"">@hdadglyd7th</a>",9,2,61.714,0.5,1,7,0,6402.333,393.833,7.111,4.611
"<a href=""https://tiktok.com/@hdbjk70"" target=""_blank"">@hdbjk70</a>",18,3,18.556,0.8,1,9,0,4421.333,82.667,0.333,3.333
"<a href=""https://tiktok.com/@hdchjj8"" target=""_blank"">@hdchjj8</a>",35,3,52.225,1,5,43,0.001,560.333,46.333,0.333,0.667
"<a href=""https://tiktok.com/@hddgh2868"" target=""_blank"">@hddgh2868</a>",35,3,52.083,1,2,17,0.001,601.667,29,0,0
"<a href=""https://tiktok.com/@hddgh331"" target=""_blank"">@hddgh331</a>",35,3,61.037,1,6,54,0,2117,74.667,1.667,0.667
"<a href=""https://tiktok.com/@hddgk68"" target=""_blank"">@hddgk68</a>",35,3,45.143,1,7,63,0,896,120.667,1,5.333
"<a href=""https://tiktok.com/@hdsfh11"" target=""_blank"">@hdsfh11</a>",16,3,54,1,1,9,0,2944.333,52.667,0,0.333
"<a href=""https://tiktok.com/@hdxg38"" target=""_blank"">@hdxg38</a>",34,3,49.667,1,2,18,0,4320,110.333,2.333,8
"<a href=""https://tiktok.com/@hegejduyf7255vdhu"" target=""_blank"">@hegejduyf7255vdhu</a>",43,9,17.857,1,1,7,0,701,25.143,2.929,0.357
"<a href=""https://tiktok.com/@heimt100o"" target=""_blank"">@heimt100o</a>",41,4,50.571,1,1,7,0,68485.667,2468,79,92
"<a href=""https://tiktok.com/@hesghj21"" target=""_blank"">@hesghj21</a>",33,5,36.5,1,2,16,0,2542.5,82.333,3.667,1
"<a href=""https://tiktok.com/@heybabyg0"" target=""_blank"">@heybabyg0</a>",53,12,91.933,0.689,2,43,0,541.25,68.833,3.583,0.167
"<a href=""https://tiktok.com/@hf.gf28"" target=""_blank"">@hf.gf28</a>",74,9,62.429,0.9,2,14,0,273104.556,2385.667,10.333,59.556
"<a href=""https://tiktok.com/@hfcjk470"" target=""_blank"">@hfcjk470</a>",22,8,72.855,0.802,5,49,0,665.1,45.4,0.1,0.6
"<a href=""https://tiktok.com/@hffgj569"" target=""_blank"">@hffgj569</a>",22,7,53.9,0.739,5,38,0,411.571,24.286,0.143,0
"<a href=""https://tiktok.com/@hhhbh1244"" target=""_blank"">@hhhbh1244</a>",32,3,37.333,1,1,9,0,5413.5,156.667,8,13
"<a href=""https://tiktok.com/@hhhhhhppy220"" target=""_blank"">@hhhhhhppy220</a>",66,3,72.75,1,1,8,0,3428.333,49.333,0.333,1.333
"<a href=""https://tiktok.com/@hhhhhhyy103"" target=""_blank"">@hhhhhhyy103</a>",66,3,72.75,1,1,8,0,226682,690.667,8.333,23.333
"<a href=""https://tiktok.com/@hhjjhhyykk"" target=""_blank"">@hhjjhhyykk</a>",42,7,27.286,1,1,7,0,3080.75,138.25,4.75,3.375
"<a href=""https://tiktok.com/@hhzddyy"" target=""_blank"">@hhzddyy</a>",42,8,35.143,1,2,14,0,1013.5,78.4,2.7,1.4
"<a href=""https://tiktok.com/@hmdss41"" target=""_blank"">@hmdss41</a>",19,3,76.749,0.867,3,24,0,4740.667,66.333,0,0.333
"<a href=""https://tiktok.com/@hottgg5"" target=""_blank"">@hottgg5</a>",15,3,42.333,1,1,9,0,5464.333,84.333,0.333,2
"<a href=""https://tiktok.com/@hsdhhf37"" target=""_blank"">@hsdhhf37</a>",35,3,57,0.943,7,63,0,9202.667,203.667,2,8
"<a href=""https://tiktok.com/@htchyg80"" target=""_blank"">@htchyg80</a>",35,3,56.365,0.943,7,63,0,2812.667,71,0.667,1
"<a href=""https://tiktok.com/@htcvhh5"" target=""_blank"">@htcvhh5</a>",35,3,77,1,3,27,0,1872.667,98.667,0.667,0.333
"<a href=""https://tiktok.com/@htfhfj5"" target=""_blank"">@htfhfj5</a>",33,4,57.25,1,1,8,0,4270.167,79.333,1,8.667
"<a href=""https://tiktok.com/@huaza756"" target=""_blank"">@huaza756</a>",1,8,59.6,1,1,15,0,549.125,40.375,1.25,0.75
"<a href=""https://tiktok.com/@isr0065"" target=""_blank"">@isr0065</a>",33,5,66,1,1,8,0,1592.333,94.667,2.833,13.833
"<a href=""https://tiktok.com/@iudxffjj"" target=""_blank"">@iudxffjj</a>",6,7,90.286,0.833,1,7,0,1836.625,60.875,0.25,0.625
"<a href=""https://tiktok.com/@jantzen.lamphier"" target=""_blank"">@jantzen.lamphier</a>",26,10,61.775,0.964,4,38,0,1622.2,35.4,0.2,0.1
"<a href=""https://tiktok.com/@jea5159"" target=""_blank"">@jea5159</a>",11,5,58.556,1,1,9,0,1278.8,91.8,1,9.2
"<a href=""https://tiktok.com/@jfcfhg"" target=""_blank"">@jfcfhg</a>",35,3,63.815,1,9,81,0,998,93,2.667,2.333
"<a href=""https://tiktok.com/@jfghyf76"" target=""_blank"">@jfghyf76</a>",16,3,54,1,1,9,0,275193.333,50657,301,2059.333
"<a href=""https://tiktok.com/@jroosevx"" target=""_blank"">@jroosevx</a>",7,9,69.375,1,2,15,0,1868.778,123.889,0.556,0.556
"<a href=""https://tiktok.com/@kenton.herman2"" target=""_blank"">@kenton.herman2</a>",38,6,62.5,1,1,8,0,17740.333,68.5,0,1.5
"<a href=""https://tiktok.com/@king_queengg0"" target=""_blank"">@king_queengg0</a>",50,7,107.545,0.857,1,11,0,296.083,33.167,2.917,1.583
"<a href=""https://tiktok.com/@kl.bn534"" target=""_blank"">@kl.bn534</a>",75,5,63.571,0.8,1,7,0,1671.8,42.8,0.4,0.6
"<a href=""https://tiktok.com/@kleber.capuano"" target=""_blank"">@kleber.capuano</a>",26,8,38,0.944,3,23,0,2331,64.375,3.625,0.5
"<a href=""https://tiktok.com/@kmlisarkar_1"" target=""_blank"">@kmlisarkar_1</a>",54,10,95.906,0.917,2,19,0,635.5,68.167,3.833,0.833
"<a href=""https://tiktok.com/@knl39aprh6"" target=""_blank"">@knl39aprh6</a>",10,19,36.579,1,1,19,0,664.692,2.128,0.051,0.256
"<a href=""https://tiktok.com/@krzeminski.traner"" target=""_blank"">@krzeminski.traner</a>",26,6,77.857,0.8,1,7,0,4293.667,44.667,1.5,1
"<a href=""https://tiktok.com/@kungyhunksd"" target=""_blank"">@kungyhunksd</a>",2,9,45.056,0.67,2,21,0,907.333,32.111,1.222,2.556
"<a href=""https://tiktok.com/@kygrsg"" target=""_blank"">@kygrsg</a>",35,3,69.815,1,9,81,0,3256.667,197.667,0.667,11.667
"<a href=""https://tiktok.com/@latest.news846"" target=""_blank"">@latest.news846</a>",49,9,24.667,1,1,27,0,518,43.111,5.111,1.556
"<a href=""https://tiktok.com/@lin689668987"" target=""_blank"">@lin689668987</a>",2,5,53.771,0.812,2,20,0,1102,95,5.8,2.4
"<a href=""https://tiktok.com/@lkaer88888"" target=""_blank"">@lkaer88888</a>",43,9,36.229,1,2,17,0,659.727,28.364,5.455,0.273
"<a href=""https://tiktok.com/@llllllaaaaaa117"" target=""_blank"">@llllllaaaaaa117</a>",76,3,76.571,1,1,7,0,5032,91.333,4,7.333
"<a href=""https://tiktok.com/@lop.qke"" target=""_blank"">@lop.qke</a>",55,4,46.875,0.65,2,16,0,12524.5,93.25,0.5,1.5
"<a href=""https://tiktok.com/@lovelydriver51"" target=""_blank"">@lovelydriver51</a>",4,5,65.571,0.286,1,7,0,708.719,70.594,5.531,0.375
"<a href=""https://tiktok.com/@marcfittt"" target=""_blank"">@marcfittt</a>",58,9,9.444,1,1,9,0,44622.222,544.333,5.222,23.889
"<a href=""https://tiktok.com/@masoudpuller"" target=""_blank"">@masoudpuller</a>",26,10,51.556,1,3,27,0,8984.8,79.7,2,0.5
"<a href=""https://tiktok.com/@mbbakmli_0"" target=""_blank"">@mbbakmli_0</a>",51,12,97.334,1,2,47,0,609.857,67.929,4,6.214
"<a href=""https://tiktok.com/@megacraftwhite8"" target=""_blank"">@megacraftwhite8</a>",12,4,47.286,1,1,7,0,3236.75,141,2.25,9
"<a href=""https://tiktok.com/@memrrmi"" target=""_blank"">@memrrmi</a>",33,4,45.875,1,2,16,0,635.75,26.75,1.25,0.25
"<a href=""https://tiktok.com/@mgallsharring"" target=""_blank"">@mgallsharring</a>",10,19,36.579,1,1,19,0,645.739,1.783,0,0.043
"<a href=""https://tiktok.com/@mingshushufa"" target=""_blank"">@mingshushufa</a>",71,3,65.333,0.867,3,22,0,1056.333,16.667,0.333,0
"<a href=""https://tiktok.com/@mmmnnn99087"" target=""_blank"">@mmmnnn99087</a>",65,3,62.714,0.8,1,7,0,4366,69.667,0,10
"<a href=""https://tiktok.com/@mxjgf0"" target=""_blank"">@mxjgf0</a>",62,3,28.444,1,1,9,0,1012.667,46.333,1.333,8.667
"<a href=""https://tiktok.com/@nawab_deriver0"" target=""_blank"">@nawab_deriver0</a>",54,9,102.7,0.833,1,10,0,690.833,65.75,3,0.167
"<a href=""https://tiktok.com/@news.center2"" target=""_blank"">@news.center2</a>",49,9,24.667,1,1,27,0,2743.111,43.889,4.778,2.333
"<a href=""https://tiktok.com/@nga.do147"" target=""_blank"">@nga.do147</a>",57,9,22.556,0.8,1,9,0,21747.333,313.222,1.222,5.889
"<a href=""https://tiktok.com/@obodgx6"" target=""_blank"">@obodgx6</a>",48,3,38.222,1,1,9,0,1790.667,26,1.333,0.333
"<a href=""https://tiktok.com/@paddock.vita"" target=""_blank"">@paddock.vita</a>",64,6,39.857,0.857,1,7,0,3085.333,60.667,4,1.333
"<a href=""https://tiktok.com/@patrina.sanford"" target=""_blank"">@patrina.sanford</a>",38,6,48.979,1,2,17,0,19082.5,74.333,1.667,1.167
"<a href=""https://tiktok.com/@qqaazxcx12"" target=""_blank"">@qqaazxcx12</a>",58,9,9.444,1,1,9,0,315336.333,4577.111,17,147.444
"<a href=""https://tiktok.com/@qrehey"" target=""_blank"">@qrehey</a>",40,5,15.8,0.889,1,15,0,1845.6,56.2,0,10
"<a href=""https://tiktok.com/@qweasd12099"" target=""_blank"">@qweasd12099</a>",71,3,64.743,0.8,5,37,0,496.333,12,0.333,0
"<a href=""https://tiktok.com/@qweqweasd345"" target=""_blank"">@qweqweasd345</a>",70,5,69.667,1,1,9,0,2642,25,0.167,0.5
"<a href=""https://tiktok.com/@qwer35064"" target=""_blank"">@qwer35064</a>",26,10,48.67,0.98,5,49,0,7044.1,55.9,1,2
"<a href=""https://tiktok.com/@reimer.bobst"" target=""_blank"">@reimer.bobst</a>",26,10,56.58,0.931,5,45,0.002,14642.3,233,14.8,10.7
"<a href=""https://tiktok.com/@rowena.felix4"" target=""_blank"">@rowena.felix4</a>",71,3,58.788,0.886,7,55,0,2128.667,16,0.333,0
"<a href=""https://tiktok.com/@roxy.perez615"" target=""_blank"">@roxy.perez615</a>",56,3,66.143,1,1,7,0,82375,1113.667,7.333,21.333
"<a href=""https://tiktok.com/@rubenfeld.foulk"" target=""_blank"">@rubenfeld.foulk</a>",26,8,57.458,0.886,3,31,0,156.75,8.75,0.375,0.125
"<a href=""https://tiktok.com/@ryllskaya.reddit"" target=""_blank"">@ryllskaya.reddit</a>",77,6,51.829,0.905,3,29,0,234.5,33.333,0.5,0
"<a href=""https://tiktok.com/@s0050510"" target=""_blank"">@s0050510</a>",15,3,42.333,1,1,9,0,2979.667,37.333,0,2
"<a href=""https://tiktok.com/@scafhwufeao47"" target=""_blank"">@scafhwufeao47</a>",26,8,58.357,0.917,3,22,0.001,9373.25,237.25,6,3.625
"<a href=""https://tiktok.com/@scylla5988"" target=""_blank"">@scylla5988</a>",61,3,74.857,1,1,7,0,3318.333,53,0,0.333
"<a href=""https://tiktok.com/@shabnam_baby0"" target=""_blank"">@shabnam_baby0</a>",50,9,107.545,0.857,1,11,0,604.6,56.067,7.6,5.333
"<a href=""https://tiktok.com/@sharla.loni"" target=""_blank"">@sharla.loni</a>",71,3,54.176,0.92,5,38,0,25266,190,1.667,5.667
"<a href=""https://tiktok.com/@shfsfg7"" target=""_blank"">@shfsfg7</a>",35,3,59.611,0.96,10,90,0.001,644.667,65,0,0.333
"<a href=""https://tiktok.com/@shusd48"" target=""_blank"">@shusd48</a>",19,3,59.429,0.8,1,7,0,321.333,9.333,0.333,0
"<a href=""https://tiktok.com/@sjyzm173"" target=""_blank"">@sjyzm173</a>",26,8,50.774,1,3,22,0,9792.125,185,5.75,6.625
"<a href=""https://tiktok.com/@sjyzm209"" target=""_blank"">@sjyzm209</a>",26,10,55.287,0.881,4,38,0,2775.2,99.9,2.8,0.9
"<a href=""https://tiktok.com/@sjyzm286"" target=""_blank"">@sjyzm286</a>",26,10,61.035,0.892,4,39,0,2992.8,97,2.3,0.1
"<a href=""https://tiktok.com/@stemmermanthobbs"" target=""_blank"">@stemmermanthobbs</a>",26,9,50.408,0.911,3,30,0,1391.333,71.333,0.556,0.222
"<a href=""https://tiktok.com/@swift.deari"" target=""_blank"">@swift.deari</a>",72,3,30.722,1,2,18,0,8022.333,37.667,1,2
"<a href=""https://tiktok.com/@tadang638"" target=""_blank"">@tadang638</a>",56,3,62.643,0.875,2,14,0,188007.667,2098.333,5.333,37
"<a href=""https://tiktok.com/@takeoff.polit"" target=""_blank"">@takeoff.polit</a>",4,6,65.571,0.286,1,7,0,419.244,30.878,5.122,0.22
"<a href=""https://tiktok.com/@tddh319"" target=""_blank"">@tddh319</a>",18,3,18.556,0.8,1,9,0,8196,666.333,34.333,13.333
"<a href=""https://tiktok.com/@tddhj21"" target=""_blank"">@tddhj21</a>",39,3,13.667,0.8,1,9,0,591.333,24,1,1.333
"<a href=""https://tiktok.com/@tdfhh19"" target=""_blank"">@tdfhh19</a>",21,4,71.25,1,1,8,0,2191.2,83.4,0.4,0.4
"<a href=""https://tiktok.com/@tdfhh770"" target=""_blank"">@tdfhh770</a>",17,3,68.286,0.8,1,7,0,398.667,25.333,0.667,0.667
"<a href=""https://tiktok.com/@tdggdg89"" target=""_blank"">@tdggdg89</a>",35,3,52.475,0.833,7,62,0.001,3985.333,145.333,6.667,11.333
"<a href=""https://tiktok.com/@texvggo"" target=""_blank"">@texvggo</a>",23,5,49.125,0.714,1,8,0,1658.833,49.333,0.5,0.333
"<a href=""https://tiktok.com/@tf.df07"" target=""_blank"">@tf.df07</a>",73,5,65,0.8,1,9,0,89276.4,1487,6.6,18.8
"<a href=""https://tiktok.com/@thanglinh56"" target=""_blank"">@thanglinh56</a>",26,10,55.326,0.967,8,71,0.002,10887.3,119.9,1.1,0.8
"<a href=""https://tiktok.com/@thgde5"" target=""_blank"">@thgde5</a>",22,6,58.206,0.9,2,16,0,2249,93.167,0.833,1
"<a href=""https://tiktok.com/@toan.truong341"" target=""_blank"">@toan.truong341</a>",60,3,61.714,1,1,7,0,72059.667,628.667,6,10.333
"<a href=""https://tiktok.com/@uffkmli_0"" target=""_blank"">@uffkmli_0</a>",51,9,99.2,1,1,15,0,61907.357,300.071,1.929,21.286
"<a href=""https://tiktok.com/@unvbb8chfxjhxfv"" target=""_blank"">@unvbb8chfxjhxfv</a>",42,8,35.062,0.938,2,15,0,1012.6,92.3,6.2,4
"<a href=""https://tiktok.com/@user1039975619594"" target=""_blank"">@user1039975619594</a>",27,11,29.996,0.909,2,54,0,1652.727,131.545,0.636,0.273
"<a href=""https://tiktok.com/@user1286937261149"" target=""_blank"">@user1286937261149</a>",22,10,52.381,0.913,5,51,0,1413.4,69,0.5,0.4
"<a href=""https://tiktok.com/@user1452699361117"" target=""_blank"">@user1452699361117</a>",46,3,49,1,1,7,0,3174.667,29.333,0.667,0
"<a href=""https://tiktok.com/@user1480245341626"" target=""_blank"">@user1480245341626</a>",64,6,39.857,0.857,1,7,0,5965.167,59.667,0.25,1
"<a href=""https://tiktok.com/@user1612357697618"" target=""_blank"">@user1612357697618</a>",41,4,50.571,1,1,7,0,46617,565.75,1.5,7.5
"<a href=""https://tiktok.com/@user1613982340630"" target=""_blank"">@user1613982340630</a>",32,3,37.333,1,1,9,0,2008.167,38.167,0.167,0.167
"<a href=""https://tiktok.com/@user17672273421290"" target=""_blank"">@user17672273421290</a>",13,3,54.405,1,3,22,0,789.667,22.333,0,0
"<a href=""https://tiktok.com/@user1781066367752"" target=""_blank"">@user1781066367752</a>",29,12,30.361,0.983,3,81,0,674,37,0.5,0.167
"<a href=""https://tiktok.com/@user2008781421291"" target=""_blank"">@user2008781421291</a>",22,7,77.7,0.833,1,10,0,392.571,22.571,0,0
"<a href=""https://tiktok.com/@user2340812271526"" target=""_blank"">@user2340812271526</a>",31,6,61.333,0.7,1,15,0,1648,19,0.333,0.333
"<a href=""https://tiktok.com/@user236033801995"" target=""_blank"">@user236033801995</a>",14,3,46.375,1,1,8,0,1039.333,25.333,0,0.333
"<a href=""https://tiktok.com/@user28348558120776"" target=""_blank"">@user28348558120776</a>",45,3,42.278,0.95,4,35,0,8448.333,161.667,0.333,0.333
"<a href=""https://tiktok.com/@user3205671914106"" target=""_blank"">@user3205671914106</a>",45,3,58.863,0.8,4,31,0,92.667,0.667,0,0
"<a href=""https://tiktok.com/@user3465115221446"" target=""_blank"">@user3465115221446</a>",13,3,54.649,1,3,22,0,529,36.333,0,0
"<a href=""https://tiktok.com/@user3490570962798"" target=""_blank"">@user3490570962798</a>",31,3,46.223,0.875,2,15,0,275,14.333,0,0
"<a href=""https://tiktok.com/@user3506154149172"" target=""_blank"">@user3506154149172</a>",13,4,56.792,0.933,3,22,0,2410.5,30,0.25,0
"<a href=""https://tiktok.com/@user35576610675405"" target=""_blank"">@user35576610675405</a>",29,10,35.9,0.933,2,35,0,1627.917,97.333,0.583,0.5
"<a href=""https://tiktok.com/@user3611823565236"" target=""_blank"">@user3611823565236</a>",29,12,35.468,1,6,64,0,1945.833,73.917,0.5,0.333
"<a href=""https://tiktok.com/@user37007580084993"" target=""_blank"">@user37007580084993</a>",25,4,69.25,1,1,8,0,1658.167,58.5,0.833,0.333
"<a href=""https://tiktok.com/@user3907058774305"" target=""_blank"">@user3907058774305</a>",7,6,54.875,1,2,18,0,1076.167,52.167,1.167,1.5
"<a href=""https://tiktok.com/@user4102790732505"" target=""_blank"">@user4102790732505</a>",30,9,38.412,1,1,17,0,2012.444,112.333,1,0.556
"<a href=""https://tiktok.com/@user4453311195168"" target=""_blank"">@user4453311195168</a>",22,8,53.222,0.794,6,53,0,458.25,28.125,0.5,1
"<a href=""https://tiktok.com/@user4481949943395"" target=""_blank"">@user4481949943395</a>",29,11,31.177,0.933,2,35,0,17463.583,706.833,6.583,3.417
"<a href=""https://tiktok.com/@user4884968281395"" target=""_blank"">@user4884968281395</a>",67,3,55.667,1,1,9,0,2164.333,18.333,1.333,0
"<a href=""https://tiktok.com/@user49602523104"" target=""_blank"">@user49602523104</a>",29,12,32.806,0.983,3,80,0,1597.167,132.917,1.083,0.75
"<a href=""https://tiktok.com/@user51508871959841"" target=""_blank"">@user51508871959841</a>",31,3,51.571,0.75,1,7,0,97.333,1,0,0
"<a href=""https://tiktok.com/@user54601969361666"" target=""_blank"">@user54601969361666</a>",28,7,41.698,0.817,3,46,0,2198.889,97.111,0.333,0.444
"<a href=""https://tiktok.com/@user55029855976770"" target=""_blank"">@user55029855976770</a>",27,12,35.409,0.902,2,55,0,2986.75,132.833,1.5,0.917
"<a href=""https://tiktok.com/@user5506901684900"" target=""_blank"">@user5506901684900</a>",65,3,62.714,0.8,1,7,0,36,0.333,0,0
"<a href=""https://tiktok.com/@user5513161827012"" target=""_blank"">@user5513161827012</a>",29,12,30.056,1,3,80,0,3532.75,173.917,0.833,0.417
"<a href=""https://tiktok.com/@user5619135380037"" target=""_blank"">@user5619135380037</a>",63,7,57.673,0.9,2,21,0,1043.875,41.75,0.833,0.625
"<a href=""https://tiktok.com/@user5803829426762"" target=""_blank"">@user5803829426762</a>",35,3,59.911,0.96,10,90,0.001,5997.333,329.333,3,2.667
"<a href=""https://tiktok.com/@user61265756769225"" target=""_blank"">@user61265756769225</a>",14,3,46.375,1,1,8,0,613.667,28.333,0,0
"<a href=""https://tiktok.com/@user6172460529160"" target=""_blank"">@user6172460529160</a>",28,3,49.625,0.8,2,16,0,68608,3429.667,17,18.667
"<a href=""https://tiktok.com/@user6362756977133"" target=""_blank"">@user6362756977133</a>",28,12,48.992,0.876,2,47,0,1958.083,89.583,0.917,0.167
"<a href=""https://tiktok.com/@user66946725172477"" target=""_blank"">@user66946725172477</a>",6,7,75.205,0.833,2,15,0,1425.375,81.875,1.5,2.375
"<a href=""https://tiktok.com/@user673042744546"" target=""_blank"">@user673042744546</a>",46,3,49,1,1,7,0,8046.333,111.667,0.667,1.333
"<a href=""https://tiktok.com/@user6815917785309"" target=""_blank"">@user6815917785309</a>",7,6,55.5,1,2,17,0,1318.5,53.333,1,1.167
"<a href=""https://tiktok.com/@user68356911128363"" target=""_blank"">@user68356911128363</a>",27,10,39.223,0.916,2,43,0,13919.417,472.167,7.417,9.083
"<a href=""https://tiktok.com/@user68783313042068"" target=""_blank"">@user68783313042068</a>",11,5,58.556,1,1,9,0,3940,43.8,1.8,11.6
"<a href=""https://tiktok.com/@user7028161317120"" target=""_blank"">@user7028161317120</a>",45,3,47.389,0.95,4,35,0,8272.333,135,1.333,1.333
"<a href=""https://tiktok.com/@user7090707786060"" target=""_blank"">@user7090707786060</a>",31,6,43.44,0.9,3,32,0,1890,26.333,1,0.667
"<a href=""https://tiktok.com/@user7146869761024"" target=""_blank"">@user7146869761024</a>",63,7,51.9,0.955,2,22,0,265.429,14.286,0.4,0.286
"<a href=""https://tiktok.com/@user7330054365378"" target=""_blank"">@user7330054365378</a>",67,3,55.667,1,1,9,0,14.333,0,0,0
"<a href=""https://tiktok.com/@user7361235085378"" target=""_blank"">@user7361235085378</a>",28,12,47.698,0.856,3,59,0,878,35.083,0.5,0.583
"<a href=""https://tiktok.com/@user74663817718178"" target=""_blank"">@user74663817718178</a>",12,5,47.286,1,1,7,0,4634,130.2,2.8,4.6
"<a href=""https://tiktok.com/@user7516190319240"" target=""_blank"">@user7516190319240</a>",77,6,52.995,0.958,3,29,0,670.167,63,0.667,0.833
"<a href=""https://tiktok.com/@user7691163762500"" target=""_blank"">@user7691163762500</a>",45,3,43.706,0.95,4,34,0,4015.667,54.333,0,1
"<a href=""https://tiktok.com/@user7780549746610"" target=""_blank"">@user7780549746610</a>",29,7,29.81,1,1,21,0,9112.778,409.778,2.444,3.556
"<a href=""https://tiktok.com/@user85244619549900"" target=""_blank"">@user85244619549900</a>",30,8,38.412,1,1,17,0,2433.222,99.444,2.222,0.222
"<a href=""https://tiktok.com/@user8650718062737"" target=""_blank"">@user8650718062737</a>",45,3,42.163,0.95,4,35,0,5383.667,83.333,0,0.333
"<a href=""https://tiktok.com/@user9178698708273"" target=""_blank"">@user9178698708273</a>",24,4,45.75,1,1,8,0,551.125,32.875,0.375,1.875
"<a href=""https://tiktok.com/@user92374833759676"" target=""_blank"">@user92374833759676</a>",6,5,60.125,0.833,1,8,0,1426.167,54.333,2,0.667
"<a href=""https://tiktok.com/@user9323498765878"" target=""_blank"">@user9323498765878</a>",35,3,55.744,1,8,70,0.001,1010.333,70,2,3
"<a href=""https://tiktok.com/@user94238560929130"" target=""_blank"">@user94238560929130</a>",31,3,28.111,1,1,9,0,925.333,50,0,0
"<a href=""https://tiktok.com/@user9533337653940"" target=""_blank"">@user9533337653940</a>",71,3,55.185,0.867,3,27,0,758.667,5.333,0,0
"<a href=""https://tiktok.com/@user98193418061462"" target=""_blank"">@user98193418061462</a>",13,3,55.75,0.933,3,24,0,604.667,13,0,0
"<a href=""https://tiktok.com/@user9921602198218"" target=""_blank"">@user9921602198218</a>",17,3,68.286,0.8,1,7,0,9373.667,295,1.333,8.667
"<a href=""https://tiktok.com/@username.1545465"" target=""_blank"">@username.1545465</a>",53,9,93.818,0.778,1,22,0,595.583,46.083,3.083,0.25
"<a href=""https://tiktok.com/@username0022660"" target=""_blank"">@username0022660</a>",8,15,63.032,0.944,3,42,0,144882.724,2700.586,24,23.621
"<a href=""https://tiktok.com/@usernamer0103"" target=""_blank"">@usernamer0103</a>",9,4,61.714,0.5,1,7,0,14782.875,1121.25,42.062,125
"<a href=""https://tiktok.com/@usernamer0205"" target=""_blank"">@usernamer0205</a>",8,13,52.798,0.938,2,38,0,50430.743,2075.457,81.686,68.2
"<a href=""https://tiktok.com/@vazdf.gaxfg"" target=""_blank"">@vazdf.gaxfg</a>",71,3,59.125,0.8,1,8,0,7914.667,45,1.667,0.667
"<a href=""https://tiktok.com/@vdghj63"" target=""_blank"">@vdghj63</a>",35,3,104,1,1,9,0,9217.667,189,1.667,3.333
"<a href=""https://tiktok.com/@vlopphdt"" target=""_blank"">@vlopphdt</a>",43,8,45.438,0.938,2,16,0,755.917,34.333,7.083,0.083
"<a href=""https://tiktok.com/@vvgfdfgv77"" target=""_blank"">@vvgfdfgv77</a>",60,3,70.357,1,2,14,0,4470,53.333,1,0.667
"<a href=""https://tiktok.com/@vxchj8"" target=""_blank"">@vxchj8</a>",37,3,75,0.8,1,7,0,3534,165,25.667,4.333
"<a href=""https://tiktok.com/@wen.ohara"" target=""_blank"">@wen.ohara</a>",38,6,56.7,1,3,24,0,19440.667,140.667,0.333,1.167
"<a href=""https://tiktok.com/@xchinaqueen4"" target=""_blank"">@xchinaqueen4</a>",54,8,89.111,1,1,9,0,656.083,136.917,11.25,1
"<a href=""https://tiktok.com/@xchinaqueen6"" target=""_blank"">@xchinaqueen6</a>",52,5,104.889,0.8,1,9,0,672.467,41.867,2.733,2.4
"<a href=""https://tiktok.com/@xdfgxdf47"" target=""_blank"">@xdfgxdf47</a>",72,3,32.722,1,2,18,0,20154,81.333,0.667,15
"<a href=""https://tiktok.com/@xz88050"" target=""_blank"">@xz88050</a>",61,3,74.857,1,1,7,0,3165.667,108,0.333,0.333
"<a href=""https://tiktok.com/@yesfg42"" target=""_blank"">@yesfg42</a>",35,3,61.196,1,6,52,0,2392.333,185,0.667,0.667
"<a href=""https://tiktok.com/@yjfde33"" target=""_blank"">@yjfde33</a>",34,3,42.833,1,2,18,0,4066.333,65,0,5.667
"<a href=""https://tiktok.com/@yrfgj12"" target=""_blank"">@yrfgj12</a>",36,3,23.889,0.8,1,9,0,4131.667,101.667,0.333,10
"<a href=""https://tiktok.com/@zelda.jensen"" target=""_blank"">@zelda.jensen</a>",60,3,55,1,1,9,0,83742.333,941.667,4.333,17.667
"<a href=""https://tiktok.com/@zrqfaxnbdlc"" target=""_blank"">@zrqfaxnbdlc</a>",68,3,53.111,1,2,18,0,3337.333,37.667,0,1.333
"<a href=""https://tiktok.com/@zygdxa1"" target=""_blank"">@zygdxa1</a>",70,5,69.667,1,1,9,0,3363.5,29.333,0.333,0.667
