"Account","Network","Unique Shares","Avg Time Between Shares (sec)","Edge Symmetry Score","Degree","Strength","Betweenness","Avg Views","Avg Likes","Avg Comments","Avg Shares"
"<a href=""https://tiktok.com/@1071wow4"" target=""_blank"">@1071wow4</a>",35,3,54.857,1,1,7,0,521,24.333,0,1.333
"<a href=""https://tiktok.com/@1154wow1"" target=""_blank"">@1154wow1</a>",35,2,65,0.75,1,5,0,220,5,0,2
"<a href=""https://tiktok.com/@1658wow0"" target=""_blank"">@1658wow0</a>",35,3,59.929,0.875,2,12,0,354.667,11.667,0,0
"<a href=""https://tiktok.com/@abcjsk856"" target=""_blank"">@abcjsk856</a>",25,5,35.6,1,1,5,0,827.778,14.333,0.111,0.111
"<a href=""https://tiktok.com/@artyuiiar"" target=""_blank"">@artyuiiar</a>",22,6,58,1,1,7,0,1146.167,20.167,0.333,0.167
"<a href=""https://tiktok.com/@asdfcn7"" target=""_blank"">@asdfcn7</a>",25,11,44.379,1,3,31,0,2558.333,25.667,0.083,0
"<a href=""https://tiktok.com/@baobaobibao0"" target=""_blank"">@baobaobibao0</a>",7,3,75.6,1,1,5,0,924,11,0,0
"<a href=""https://tiktok.com/@baommm2007"" target=""_blank"">@baommm2007</a>",8,6,15.75,1,2,12,0,674.333,14,0.833,0.333
"<a href=""https://tiktok.com/@baommm6243"" target=""_blank"">@baommm6243</a>",8,6,15.833,1,2,12,0,1175.667,14.167,1,0.167
"<a href=""https://tiktok.com/@bibao4869"" target=""_blank"">@bibao4869</a>",8,6,29.417,1,2,12,0,944.5,27,1.5,0.5
"<a href=""https://tiktok.com/@burnellemma0607"" target=""_blank"">@burnellemma0607</a>",27,16,59.301,0.847,2,26,0,2808,58.3,0.133,0.333
"<a href=""https://tiktok.com/@bxdialq278"" target=""_blank"">@bxdialq278</a>",25,12,44.828,1,2,28,0,1537.667,14.75,0,0
"<a href=""https://tiktok.com/@chshsjd917172"" target=""_blank"">@chshsjd917172</a>",14,5,40,0.917,2,12,0,1337,23.8,0,0.8
"<a href=""https://tiktok.com/@crazy66882"" target=""_blank"">@crazy66882</a>",4,3,38.571,1,2,14,0,611,6.333,0,0
"<a href=""https://tiktok.com/@fffa1100"" target=""_blank"">@fffa1100</a>",1,3,53.222,0.8,1,9,0,1547,12.333,0,1.667
"<a href=""https://tiktok.com/@fuyou1207"" target=""_blank"">@fuyou1207</a>",37,3,72.714,0.8,1,7,0,492.667,15,0,0
"<a href=""https://tiktok.com/@fygg56773"" target=""_blank"">@fygg56773</a>",5,9,47.031,0.969,4,36,0.001,6470.7,77.1,1.1,0.3
"<a href=""https://tiktok.com/@fyu4558"" target=""_blank"">@fyu4558</a>",6,3,48.167,0.8,2,18,0,401.333,6,0,0
"<a href=""https://tiktok.com/@fyuy678"" target=""_blank"">@fyuy678</a>",5,5,86.7,0.833,2,12,0,327.4,10.4,0,0.2
"<a href=""https://tiktok.com/@ghshfg"" target=""_blank"">@ghshfg</a>",20,12,48.529,0.929,1,17,0,4564.048,82.524,1.429,0.905
"<a href=""https://tiktok.com/@ghv4561"" target=""_blank"">@ghv4561</a>",5,4,46.333,0.938,2,20,0,449.833,8.5,0.167,0
"<a href=""https://tiktok.com/@gmndf"" target=""_blank"">@gmndf</a>",24,5,39.222,1,1,9,0,1079,35.6,0,0
"<a href=""https://tiktok.com/@gugghccjnv"" target=""_blank"">@gugghccjnv</a>",20,3,52.8,0.6,1,5,0,10826.667,234.667,1.667,5.667
"<a href=""https://tiktok.com/@jennamillereh26e"" target=""_blank"">@jennamillereh26e</a>",27,10,46.778,0.778,1,9,0,8934.389,134.806,0.333,0.556
"<a href=""https://tiktok.com/@jkkj674"" target=""_blank"">@jkkj674</a>",32,4,23.833,0.75,1,6,0,29387.25,670.5,1,20.5
"<a href=""https://tiktok.com/@kaixinbaom0"" target=""_blank"">@kaixinbaom0</a>",7,3,75.6,1,1,5,0,511.667,21.667,0,0
"<a href=""https://tiktok.com/@kkkhgf45"" target=""_blank"">@kkkhgf45</a>",9,3,64.833,1,1,6,0,2.667,0,0,0
"<a href=""https://tiktok.com/@kkyty12"" target=""_blank"">@kkyty12</a>",3,3,56.429,1,2,14,0,1276.333,8,0.667,0
"<a href=""https://tiktok.com/@kxhlqola6a363c"" target=""_blank"">@kxhlqola6a363c</a>",27,16,71.824,0.917,1,17,0,4748.167,68.556,0.194,0.444
"<a href=""https://tiktok.com/@logic251"" target=""_blank"">@logic251</a>",12,2,25.833,0.75,1,6,0,1610.5,26.5,0,0
"<a href=""https://tiktok.com/@navccga"" target=""_blank"">@navccga</a>",23,4,16,0.8,1,5,0,812,25.75,0,0.5
"<a href=""https://tiktok.com/@ni.an603"" target=""_blank"">@ni.an603</a>",38,3,21.444,1,1,9,0,1151,17.333,1,0.667
"<a href=""https://tiktok.com/@ni.an61"" target=""_blank"">@ni.an61</a>",38,3,21.444,1,1,9,0,1772.333,25,1.667,2
"<a href=""https://tiktok.com/@nuli66886"" target=""_blank"">@nuli66886</a>",4,3,43.473,1,2,15,0,514.667,6.667,0,0.333
"<a href=""https://tiktok.com/@pofm.ldnx"" target=""_blank"">@pofm.ldnx</a>",20,15,50.665,0.764,2,22,0,3344.238,68.19,0.476,0.81
"<a href=""https://tiktok.com/@qqqcgjxvjvv"" target=""_blank"">@qqqcgjxvjvv</a>",19,3,45,1,1,8,0,724.667,11,0.333,0
"<a href=""https://tiktok.com/@qqrdfyghjj"" target=""_blank"">@qqrdfyghjj</a>",19,3,45,1,1,8,0,667,23,0,0
"<a href=""https://tiktok.com/@qwnd85"" target=""_blank"">@qwnd85</a>",9,3,64.833,1,1,6,0,76.333,2,0,0
"<a href=""https://tiktok.com/@ryuhg456"" target=""_blank"">@ryuhg456</a>",5,3,56.867,0.833,2,14,0,260.333,2.667,0,0.333
"<a href=""https://tiktok.com/@sszzaaaz46339"" target=""_blank"">@sszzaaaz46339</a>",14,7,44.383,0.717,2,11,0,906,36.286,0.286,1.286
"<a href=""https://tiktok.com/@tao32vv"" target=""_blank"">@tao32vv</a>",29,5,89.795,0.833,2,19,0,4608.222,85.111,1.667,1.556
"<a href=""https://tiktok.com/@tjhbcdt"" target=""_blank"">@tjhbcdt</a>",22,5,58,1,1,7,0,2719.833,48.333,0.167,0.5
"<a href=""https://tiktok.com/@tjhxef"" target=""_blank"">@tjhxef</a>",24,5,39.222,1,1,9,0,1619,25,0,0.6
"<a href=""https://tiktok.com/@tkoogsdf"" target=""_blank"">@tkoogsdf</a>",23,5,16,0.8,1,5,0,908.8,17.4,0.2,0.2
"<a href=""https://tiktok.com/@toot1550"" target=""_blank"">@toot1550</a>",29,3,72,0.771,4,26,0.001,1076,24.667,0.333,1
"<a href=""https://tiktok.com/@toot5744"" target=""_blank"">@toot5744</a>",30,3,43.5,1,1,8,0,1511.333,34.667,0.667,1
"<a href=""https://tiktok.com/@toot66364"" target=""_blank"">@toot66364</a>",30,3,43.5,1,1,8,0,6396,120.667,0.333,1.333
"<a href=""https://tiktok.com/@toot93743"" target=""_blank"">@toot93743</a>",29,6,59.974,0.806,3,25,0,2188.5,67.5,0.167,1.333
"<a href=""https://tiktok.com/@tt69327"" target=""_blank"">@tt69327</a>",29,3,72.333,0.889,3,24,0,1078,34,0,0.333
"<a href=""https://tiktok.com/@txzz106"" target=""_blank"">@txzz106</a>",2,3,36.889,1,1,9,0,730,6.667,0,0.333
"<a href=""https://tiktok.com/@txzz107"" target=""_blank"">@txzz107</a>",2,3,36.889,1,1,9,0,808.333,12.667,0,1.333
"<a href=""https://tiktok.com/@tyyy45664"" target=""_blank"">@tyyy45664</a>",5,3,46.062,1,2,16,0,422,10,0.333,0
"<a href=""https://tiktok.com/@user11852281862491"" target=""_blank"">@user11852281862491</a>",37,3,72.714,0.8,1,7,0,1080.667,28.667,0,0
"<a href=""https://tiktok.com/@user1306149320696"" target=""_blank"">@user1306149320696</a>",21,3,36.556,1,1,9,0,394.667,10.667,0,0
"<a href=""https://tiktok.com/@user1618656345230"" target=""_blank"">@user1618656345230</a>",28,5,94.833,0.667,1,6,0,1258,13.333,0,0.167
"<a href=""https://tiktok.com/@user29233334133380"" target=""_blank"">@user29233334133380</a>",16,3,72.333,1,1,9,0,1615,9,1.667,0
"<a href=""https://tiktok.com/@user3563983797874"" target=""_blank"">@user3563983797874</a>",10,3,39.722,1,2,18,0,3916.333,114.333,2.333,22.333
"<a href=""https://tiktok.com/@user3569607728783"" target=""_blank"">@user3569607728783</a>",26,3,50.8,1,1,5,0,0,0,0,0
"<a href=""https://tiktok.com/@user36733816911600"" target=""_blank"">@user36733816911600</a>",4,3,43.473,1,2,15,0,484,5,0,0
"<a href=""https://tiktok.com/@user3834340519198"" target=""_blank"">@user3834340519198</a>",1,3,53.222,0.8,1,9,0,574,6.333,0,0
"<a href=""https://tiktok.com/@user4036157695732"" target=""_blank"">@user4036157695732</a>",10,3,38.111,1,2,18,0,866,21.667,0.333,0.333
"<a href=""https://tiktok.com/@user403731850060"" target=""_blank"">@user403731850060</a>",17,3,52.333,0.8,1,6,0,1177,27,0,0
"<a href=""https://tiktok.com/@user43581207816544"" target=""_blank"">@user43581207816544</a>",17,3,52.333,0.8,1,6,0,1157.333,23.333,0,0
"<a href=""https://tiktok.com/@user5039812181180"" target=""_blank"">@user5039812181180</a>",3,3,56.429,1,2,14,0,1568.667,9.667,0,0
"<a href=""https://tiktok.com/@user5128147731257"" target=""_blank"">@user5128147731257</a>",13,3,80.7,0.833,2,14,0,322,16.333,0,0
"<a href=""https://tiktok.com/@user5291016036200"" target=""_blank"">@user5291016036200</a>",31,4,79.833,0.667,1,6,0,2970.3,38.5,0,0.2
"<a href=""https://tiktok.com/@user5443937835476"" target=""_blank"">@user5443937835476</a>",13,3,74.033,0.833,2,14,0,574,25.333,0,0
"<a href=""https://tiktok.com/@user56000441687073"" target=""_blank"">@user56000441687073</a>",3,3,56.571,1,2,14,0,626,4.333,0,0
"<a href=""https://tiktok.com/@user5905561826960"" target=""_blank"">@user5905561826960</a>",36,3,37.833,0.667,2,12,0,3507.333,95,0.667,1.333
"<a href=""https://tiktok.com/@user6000848862158"" target=""_blank"">@user6000848862158</a>",36,3,22.067,0.833,2,11,0,3792.667,79.667,0,3
"<a href=""https://tiktok.com/@user6106618860249"" target=""_blank"">@user6106618860249</a>",11,3,84,0.333,1,6,0,996.667,18.333,1,0
"<a href=""https://tiktok.com/@user6720373200816"" target=""_blank"">@user6720373200816</a>",18,3,38.111,1,1,9,0,1182.667,44.667,0.667,0
"<a href=""https://tiktok.com/@user6734796582972"" target=""_blank"">@user6734796582972</a>",26,3,50.8,1,1,5,0,0,0,0,0
"<a href=""https://tiktok.com/@user6873171003029"" target=""_blank"">@user6873171003029</a>",6,3,55.413,0.8,2,16,0,337.667,8.333,0.333,0
"<a href=""https://tiktok.com/@user7261358565173"" target=""_blank"">@user7261358565173</a>",21,3,36.556,1,1,9,0,2181,36.333,0.333,0
"<a href=""https://tiktok.com/@user75388619579963"" target=""_blank"">@user75388619579963</a>",16,3,72.333,1,1,9,0,46.667,0.333,0,0
"<a href=""https://tiktok.com/@user7912512456157"" target=""_blank"">@user7912512456157</a>",28,2,94.833,0.667,1,6,0,3884,45.5,0,0.5
"<a href=""https://tiktok.com/@user816515732"" target=""_blank"">@user816515732</a>",36,3,32.567,0.833,2,11,0,304,7.667,0,0
"<a href=""https://tiktok.com/@user84815793672655"" target=""_blank"">@user84815793672655</a>",10,3,38.833,1,2,18,0,1119.667,37.667,0.333,2.667
"<a href=""https://tiktok.com/@user8613923476138"" target=""_blank"">@user8613923476138</a>",31,3,79.833,0.667,1,6,0,1028.667,9.333,0,0.167
"<a href=""https://tiktok.com/@user9475797970848"" target=""_blank"">@user9475797970848</a>",18,3,38.111,1,1,9,0,882.625,19.625,0.25,0
"<a href=""https://tiktok.com/@what8811"" target=""_blank"">@what8811</a>",11,1,84,0.333,1,6,0,5136,70,4,3
"<a href=""https://tiktok.com/@wwer11578"" target=""_blank"">@wwer11578</a>",33,2,96.6,0.667,1,5,0,1019.167,15,0.167,0.167
"<a href=""https://tiktok.com/@wwer68376"" target=""_blank"">@wwer68376</a>",33,3,96.6,0.667,1,5,0,967.5,11.5,0,0.125
"<a href=""https://tiktok.com/@wwqeqzz1646"" target=""_blank"">@wwqeqzz1646</a>",14,4,32.2,0.8,1,5,0,17696.25,1063,7.5,135.75
"<a href=""https://tiktok.com/@wwwggg3334"" target=""_blank"">@wwwggg3334</a>",15,3,118.4,0.667,1,5,0,196,1.333,0,0
"<a href=""https://tiktok.com/@wwwggg5556"" target=""_blank"">@wwwggg5556</a>",15,2,118.4,0.667,1,5,0,212.333,4.333,0,0.333
"<a href=""https://tiktok.com/@wwwqqqs1820"" target=""_blank"">@wwwqqqs1820</a>",14,5,30.878,0.8,3,16,0,502.2,11,0.2,0.4
"<a href=""https://tiktok.com/@xgfkaoq888"" target=""_blank"">@xgfkaoq888</a>",25,11,51.674,1,2,28,0,1193.333,8.75,0,0
"<a href=""https://tiktok.com/@xiaoyuiyu"" target=""_blank"">@xiaoyuiyu</a>",12,3,25.833,0.75,1,6,0,1589.333,28.667,0,0
"<a href=""https://tiktok.com/@yr0010"" target=""_blank"">@yr0010</a>",32,3,72,1,1,5,0,998,10.75,0,0
"<a href=""https://tiktok.com/@yuui56788"" target=""_blank"">@yuui56788</a>",6,3,48.468,0.8,2,16,0,420,16.333,0,0
"<a href=""https://tiktok.com/@yy11y7"" target=""_blank"">@yy11y7</a>",32,7,47.917,0.875,2,11,0,17406.5,91.5,1.417,1.833
"<a href=""https://tiktok.com/@yy12197"" target=""_blank"">@yy12197</a>",34,2,58.8,1,1,10,0,77785.667,815,9,36
"<a href=""https://tiktok.com/@yy12y6"" target=""_blank"">@yy12y6</a>",34,2,58.8,1,1,10,0,644606,17891.75,40.5,346
"<a href=""https://tiktok.com/@yyyjymfinju"" target=""_blank"">@yyyjymfinju</a>",13,3,58.333,1,2,18,0,344,5.333,0,0
"<a href=""https://tiktok.com/@zzxc97264"" target=""_blank"">@zzxc97264</a>",29,3,84,0.833,2,14,0,3277.667,11.667,0,0.333
