"Account","Network","Unique Shares","Avg Time Between Shares (sec)","Edge Symmetry Score","Degree","Strength","Betweenness","Avg Views","Avg Likes","Avg Comments","Avg Shares"
"<a href=""https://tiktok.com/@01k4d70"" target=""_blank"">@01k4d70</a>",50,7,47.674,1,3,24,0,5617.667,148.667,3.111,2.111
"<a href=""https://tiktok.com/@3buenynx"" target=""_blank"">@3buenynx</a>",49,7,77.367,1,2,11,0,1678.75,43.375,1.125,0.5
"<a href=""https://tiktok.com/@670xiaiqing"" target=""_blank"">@670xiaiqing</a>",40,4,78,1,1,10,0,268,15.25,0,1
"<a href=""https://tiktok.com/@79z4nq6"" target=""_blank"">@79z4nq6</a>",49,8,67.7,0.917,2,11,0,420,22.375,0,0.25
"<a href=""https://tiktok.com/@8433hkoo"" target=""_blank"">@8433hkoo</a>",48,3,30.333,0.8,2,18,0,148,4,0,0
"<a href=""https://tiktok.com/@8469mbuu"" target=""_blank"">@8469mbuu</a>",48,3,33.667,0.8,2,18,0,240.667,9,0,0.333
"<a href=""https://tiktok.com/@8znh4ap"" target=""_blank"">@8znh4ap</a>",50,8,82.143,0.917,2,14,0,815,29.556,0.111,0.778
"<a href=""https://tiktok.com/@955sbwu"" target=""_blank"">@955sbwu</a>",48,3,41.556,0.8,2,18,0,1408,75.667,2,1
"<a href=""https://tiktok.com/@abd.aziz9083"" target=""_blank"">@abd.aziz9083</a>",19,4,71.167,0.75,1,6,0,334.75,9.5,0,0
"<a href=""https://tiktok.com/@abdaziz6036"" target=""_blank"">@abdaziz6036</a>",10,4,53,1,1,6,0,1135.857,34.714,2.143,5.286
"<a href=""https://tiktok.com/@abdfgvxdy"" target=""_blank"">@abdfgvxdy</a>",11,4,83.6,0.8,1,5,0,999.286,24.143,0.857,2
"<a href=""https://tiktok.com/@abjjvt"" target=""_blank"">@abjjvt</a>",53,3,68.333,1,1,9,0,872.667,52,0,1
"<a href=""https://tiktok.com/@aed.is.oapxjd"" target=""_blank"">@aed.is.oapxjd</a>",38,6,34.8,1,1,5,0,1548.333,67.667,0.5,0.833
"<a href=""https://tiktok.com/@aed1729"" target=""_blank"">@aed1729</a>",16,4,34.167,0.8,1,6,0,3173,145.5,4.5,3
"<a href=""https://tiktok.com/@aed3326"" target=""_blank"">@aed3326</a>",16,3,34.167,0.8,1,6,0,1124.333,31.333,0.333,0.667
"<a href=""https://tiktok.com/@aed5c8"" target=""_blank"">@aed5c8</a>",10,4,53,1,1,6,0,945.714,74,0.714,0.571
"<a href=""https://tiktok.com/@aed9321"" target=""_blank"">@aed9321</a>",11,4,83.6,0.8,1,5,0,1387,68.857,1.714,0.286
"<a href=""https://tiktok.com/@aeda1689"" target=""_blank"">@aeda1689</a>",23,4,64.8,1,1,5,0,27195.75,109,1.75,8.5
"<a href=""https://tiktok.com/@aedfkofhf"" target=""_blank"">@aedfkofhf</a>",38,6,34.8,1,1,5,0,1014.667,48,0.5,0.833
"<a href=""https://tiktok.com/@aedhdjcocj"" target=""_blank"">@aedhdjcocj</a>",19,4,71.167,0.75,1,6,0,326.75,16,0,0
"<a href=""https://tiktok.com/@aedyckctu"" target=""_blank"">@aedyckctu</a>",17,4,56.667,0.775,2,12,0,2017.5,104.75,0,0.25
"<a href=""https://tiktok.com/@ammcgpo"" target=""_blank"">@ammcgpo</a>",72,7,33.5,0.75,1,6,0,562,27.571,0,0.571
"<a href=""https://tiktok.com/@anaxagoras.harlen"" target=""_blank"">@anaxagoras.harlen</a>",17,4,73.667,0.775,2,12,0,10563,282,2.5,7
"<a href=""https://tiktok.com/@aodidi148"" target=""_blank"">@aodidi148</a>",32,6,72.875,0.889,3,24,0,5946.429,123,4.143,1.143
"<a href=""https://tiktok.com/@aueh7133"" target=""_blank"">@aueh7133</a>",59,3,86.5,1,3,26,0,274.667,10,0.667,0
"<a href=""https://tiktok.com/@azwj.gjxj"" target=""_blank"">@azwj.gjxj</a>",77,10,75,1,1,5,0,11211.9,86.2,1.5,2.5
"<a href=""https://tiktok.com/@b_baoma154"" target=""_blank"">@b_baoma154</a>",31,6,64.681,0.933,3,20,0,1038.5,33.5,0.625,0.25
"<a href=""https://tiktok.com/@b_jiaofu134"" target=""_blank"">@b_jiaofu134</a>",29,8,29,0.857,1,10,0,1754,31.625,0.25,3.875
"<a href=""https://tiktok.com/@b_vtost109"" target=""_blank"">@b_vtost109</a>",32,7,51.354,0.767,3,25,0,9333,114.5,7.25,68.375
"<a href=""https://tiktok.com/@baomama125"" target=""_blank"">@baomama125</a>",30,6,60.5,0.833,1,6,0,9272.875,203.25,2.75,3
"<a href=""https://tiktok.com/@bartholomewnancybz1025"" target=""_blank"">@bartholomewnancybz1025</a>",21,7,46.6,1,1,5,0,598.75,26,0.25,0.125
"<a href=""https://tiktok.com/@bdbdchhd"" target=""_blank"">@bdbdchhd</a>",4,6,33,0.95,4,36,0,24444,1121,5.833,10.167
"<a href=""https://tiktok.com/@bffb2489"" target=""_blank"">@bffb2489</a>",64,3,107.333,1,1,6,0,1603.667,126.333,1,5
"<a href=""https://tiktok.com/@bidk111"" target=""_blank"">@bidk111</a>",77,9,66.671,1,2,12,0,729.8,23.8,0.5,0.6
"<a href=""https://tiktok.com/@bipiqo"" target=""_blank"">@bipiqo</a>",54,3,82.522,0.778,3,20,0,706.333,17,0,0
"<a href=""https://tiktok.com/@bmc12655"" target=""_blank"">@bmc12655</a>",5,10,54.982,0.887,6,42,0,1260.3,43.1,0.3,0.3
"<a href=""https://tiktok.com/@bmmmy5"" target=""_blank"">@bmmmy5</a>",77,8,78.2,1,1,5,0,579.75,18.375,0.125,0.5
"<a href=""https://tiktok.com/@bsbseuo"" target=""_blank"">@bsbseuo</a>",68,4,53.1,1,2,10,0,49131.5,959.5,6.5,18.25
"<a href=""https://tiktok.com/@bvoo3130"" target=""_blank"">@bvoo3130</a>",56,3,62.667,1,2,18,0,814,22,0,0
"<a href=""https://tiktok.com/@bvwjudzq"" target=""_blank"">@bvwjudzq</a>",77,9,73.417,0.917,2,11,0,245.8,7,0.1,0.6
"<a href=""https://tiktok.com/@c_pegif193"" target=""_blank"">@c_pegif193</a>",29,6,76.4,1,1,5,0,37006.125,411,3,2.25
"<a href=""https://tiktok.com/@cagnhd"" target=""_blank"">@cagnhd</a>",68,3,59.7,1,2,10,0,6368.25,231.75,2.25,4.25
"<a href=""https://tiktok.com/@cdjhhhg"" target=""_blank"">@cdjhhhg</a>",77,10,56.59,1,3,19,0,828.1,25.8,0,0
"<a href=""https://tiktok.com/@chantalkusch"" target=""_blank"">@chantalkusch</a>",12,4,53.7,0.85,5,34,0,1785.75,142.25,1.25,1.25
"<a href=""https://tiktok.com/@chhvtdy"" target=""_blank"">@chhvtdy</a>",12,4,52.717,0.875,2,11,0,1117.5,104.25,0.75,2
"<a href=""https://tiktok.com/@cipk.jpgb"" target=""_blank"">@cipk.jpgb</a>",78,6,43.667,1,1,9,0,421.125,14.5,0,0
"<a href=""https://tiktok.com/@cjire9104"" target=""_blank"">@cjire9104</a>",60,3,58.542,1,4,35,0,1181,91.667,0.333,0.667
"<a href=""https://tiktok.com/@cjirr8920"" target=""_blank"">@cjirr8920</a>",62,3,57.5,1,2,18,0,726.667,28,0.333,0
"<a href=""https://tiktok.com/@cjitr2086"" target=""_blank"">@cjitr2086</a>",57,3,64.222,1,3,27,0,4233.667,48.333,0.667,0.667
"<a href=""https://tiktok.com/@cjur6297"" target=""_blank"">@cjur6297</a>",65,3,46.333,1,1,9,0,903.333,96.667,0.667,0.333
"<a href=""https://tiktok.com/@ckir91022"" target=""_blank"">@ckir91022</a>",59,3,59.778,1,3,27,0,281,5,0,0
"<a href=""https://tiktok.com/@courr1227"" target=""_blank"">@courr1227</a>",63,3,65.778,1,3,27,0,1285.667,40.333,0.333,0.333
"<a href=""https://tiktok.com/@crtyougo"" target=""_blank"">@crtyougo</a>",70,4,30.289,0.925,6,32,0,1893.5,80.75,3,0.25
"<a href=""https://tiktok.com/@cutequeen_driver120"" target=""_blank"">@cutequeen_driver120</a>",73,8,92.156,0.875,2,21,0,193.71,22.032,3.419,1.323
"<a href=""https://tiktok.com/@d_odbeu124"" target=""_blank"">@d_odbeu124</a>",31,6,70,0.867,3,17,0,1441.625,21.625,1.125,1.375
"<a href=""https://tiktok.com/@dayutoureddit"" target=""_blank"">@dayutoureddit</a>",6,3,58.167,0.8,1,6,0,1016.75,39,1.5,0.75
"<a href=""https://tiktok.com/@dccxsaop"" target=""_blank"">@dccxsaop</a>",72,8,58.777,0.929,2,15,0,365.25,16.875,0.125,0.25
"<a href=""https://tiktok.com/@dhhi6645"" target=""_blank"">@dhhi6645</a>",57,3,63.167,1,2,18,0,477,28.333,0.667,0.333
"<a href=""https://tiktok.com/@dijx3903"" target=""_blank"">@dijx3903</a>",56,3,53.222,1,3,27,0,728.333,18,0,0
"<a href=""https://tiktok.com/@djskgikeejk8"" target=""_blank"">@djskgikeejk8</a>",4,6,38.432,0.788,5,40,0.001,739.667,14.167,0.333,0.167
"<a href=""https://tiktok.com/@dolloff042"" target=""_blank"">@dolloff042</a>",40,4,78,1,1,10,0,569,17,0.25,2.25
"<a href=""https://tiktok.com/@dqrbmytb"" target=""_blank"">@dqrbmytb</a>",78,5,58.033,0.875,2,14,0,397.8,8.2,0,0
"<a href=""https://tiktok.com/@dtbtcc8"" target=""_blank"">@dtbtcc8</a>",52,3,68.889,0.711,3,20,0,2031.667,28.667,0,0
"<a href=""https://tiktok.com/@dtkwod"" target=""_blank"">@dtkwod</a>",68,4,74,1,2,10,0,1394.25,59.5,0.75,1
"<a href=""https://tiktok.com/@dutiutx"" target=""_blank"">@dutiutx</a>",12,4,40.774,0.933,3,23,0,1920.25,43,0.25,0
"<a href=""https://tiktok.com/@duvfyh1"" target=""_blank"">@duvfyh1</a>",22,7,45.5,0.9,2,10,0,988.5,50.625,0.625,1.125
"<a href=""https://tiktok.com/@echo20826"" target=""_blank"">@echo20826</a>",51,3,95.333,1,1,9,0,551.667,9.667,1.667,0
"<a href=""https://tiktok.com/@ehgw1916"" target=""_blank"">@ehgw1916</a>",60,3,76.25,1,2,17,0,1059,19.333,0,0
"<a href=""https://tiktok.com/@eiwv9484"" target=""_blank"">@eiwv9484</a>",62,3,58.167,1,2,18,0,1200.667,96,0.667,1.333
"<a href=""https://tiktok.com/@elvisspencer2003"" target=""_blank"">@elvisspencer2003</a>",15,7,48.5,1,1,6,0,801.875,25.75,0.25,0.125
"<a href=""https://tiktok.com/@emkd.xrvn"" target=""_blank"">@emkd.xrvn</a>",75,6,52.857,1,1,7,0,453.444,12.444,0,0.333
"<a href=""https://tiktok.com/@eodn8506"" target=""_blank"">@eodn8506</a>",62,3,41.5,1,2,18,0,867,48,0,0.667
"<a href=""https://tiktok.com/@eqmhqf"" target=""_blank"">@eqmhqf</a>",52,3,42.75,0.833,2,15,0,968,23,0.333,0.333
"<a href=""https://tiktok.com/@ericeuphemia0529"" target=""_blank"">@ericeuphemia0529</a>",14,7,59.8,1,2,10,0,1957.25,63,2.25,0.5
"<a href=""https://tiktok.com/@etfs6724"" target=""_blank"">@etfs6724</a>",58,3,30.667,1,1,9,0,309,14.333,0,0
"<a href=""https://tiktok.com/@f_baomm324"" target=""_blank"">@f_baomm324</a>",29,7,52.7,0.929,2,15,0,589.143,21.143,0,0.714
"<a href=""https://tiktok.com/@f_kebsu024"" target=""_blank"">@f_kebsu024</a>",31,8,50.628,0.92,5,40,0,4832.75,87.625,2.25,3
"<a href=""https://tiktok.com/@fach.tiou"" target=""_blank"">@fach.tiou</a>",76,8,69.567,1,2,14,0,563,19.75,0.125,1.125
"<a href=""https://tiktok.com/@fatal2380"" target=""_blank"">@fatal2380</a>",25,3,68.4,1,1,5,0,1285,65.25,0.25,1.25
"<a href=""https://tiktok.com/@fbvxzook"" target=""_blank"">@fbvxzook</a>",72,7,42.979,0.929,2,14,0,1012.857,42.571,0.286,0.429
"<a href=""https://tiktok.com/@fdijc3"" target=""_blank"">@fdijc3</a>",5,10,50.728,0.943,5,35,0,2061.2,99.6,0.8,2.4
"<a href=""https://tiktok.com/@fecbgf"" target=""_blank"">@fecbgf</a>",44,8,33.2,1,1,5,0,120311.375,5913.5,24.25,86.25
"<a href=""https://tiktok.com/@fengtiantian65"" target=""_blank"">@fengtiantian65</a>",34,7,49.492,0.889,3,26,0,1672,23.143,0.571,0.286
"<a href=""https://tiktok.com/@ferdinandbecky1982"" target=""_blank"">@ferdinandbecky1982</a>",15,9,41.55,1,2,11,0,2393,101.778,2.889,0.333
"<a href=""https://tiktok.com/@fhda78402"" target=""_blank"">@fhda78402</a>",56,3,53.222,1,3,27,0,324.667,3,0,0
"<a href=""https://tiktok.com/@fhvdet"" target=""_blank"">@fhvdet</a>",44,6,43.6,1,2,10,0,2303.5,55.667,0.667,3.333
"<a href=""https://tiktok.com/@ficeuoo"" target=""_blank"">@ficeuoo</a>",37,6,60.818,1,1,11,0,1243.5,68,1.167,4.5
"<a href=""https://tiktok.com/@fiir2712"" target=""_blank"">@fiir2712</a>",57,3,83.667,1,2,18,0,358.667,15.667,0,0
"<a href=""https://tiktok.com/@fiur8444"" target=""_blank"">@fiur8444</a>",65,3,46.333,1,1,9,0,2628.667,81.333,0.333,0.667
"<a href=""https://tiktok.com/@fiutfvjj"" target=""_blank"">@fiutfvjj</a>",17,4,94.833,0.75,1,6,0,900.5,56.5,0,0.5
"<a href=""https://tiktok.com/@fjgryg0"" target=""_blank"">@fjgryg0</a>",45,5,43.333,1,1,6,0,3535.286,81.714,1.286,1
"<a href=""https://tiktok.com/@fjjgdvx"" target=""_blank"">@fjjgdvx</a>",67,4,76,0.75,1,5,0,2680.25,122,1,3.75
"<a href=""https://tiktok.com/@fjvfjk4"" target=""_blank"">@fjvfjk4</a>",9,7,79,1,1,5,0,27474.714,733.286,3.571,4.143
"<a href=""https://tiktok.com/@fkir2290"" target=""_blank"">@fkir2290</a>",57,3,70.833,1,4,36,0,339.667,8.667,0.333,0
"<a href=""https://tiktok.com/@fnnf8890"" target=""_blank"">@fnnf8890</a>",63,3,65.139,1,3,26,0,1067.667,75.667,0.333,0.667
"<a href=""https://tiktok.com/@francine.smarrell74"" target=""_blank"">@francine.smarrell74</a>",3,4,22.5,0.75,1,6,0,536,8,0.25,0
"<a href=""https://tiktok.com/@frdg25"" target=""_blank"">@frdg25</a>",6,4,62.756,0.85,3,17,0,4434.75,225.25,3.75,14.75
"<a href=""https://tiktok.com/@fuddg743"" target=""_blank"">@fuddg743</a>",18,4,67.2,1,1,5,0,726.75,24.5,1.25,0.25
"<a href=""https://tiktok.com/@fughf21"" target=""_blank"">@fughf21</a>",5,10,54.496,0.819,7,46,0.001,1699.9,122.9,0.4,1.4
"<a href=""https://tiktok.com/@fxep.wthb"" target=""_blank"">@fxep.wthb</a>",79,8,55,0.775,2,12,0,859.625,57.5,0.5,0.875
"<a href=""https://tiktok.com/@ggdthij"" target=""_blank"">@ggdthij</a>",4,9,45.134,0.85,3,23,0.001,995.444,39.444,1.889,7.333
"<a href=""https://tiktok.com/@gh.sh133"" target=""_blank"">@gh.sh133</a>",43,6,31.833,0.667,1,6,0,1250.667,89.833,0.167,0.333
"<a href=""https://tiktok.com/@ghcdax"" target=""_blank"">@ghcdax</a>",22,5,28.2,1,1,5,0,931.667,36.5,0.167,0.167
"<a href=""https://tiktok.com/@ghhj8554"" target=""_blank"">@ghhj8554</a>",55,3,30,0.667,1,6,0,3848.667,88.667,0.333,0.333
"<a href=""https://tiktok.com/@gjcfyc"" target=""_blank"">@gjcfyc</a>",21,6,46.6,1,1,5,0,3918.143,45.857,1.571,1
"<a href=""https://tiktok.com/@gjguq6894"" target=""_blank"">@gjguq6894</a>",63,3,69.5,1,2,18,0,1940.333,105,1.333,1.667
"<a href=""https://tiktok.com/@gjus6238"" target=""_blank"">@gjus6238</a>",61,3,94,1,1,9,0,713.667,26,0.333,0
"<a href=""https://tiktok.com/@gksdtirevb"" target=""_blank"">@gksdtirevb</a>",46,5,58.596,1,2,21,0,562.333,29.5,0.333,0.333
"<a href=""https://tiktok.com/@gour2295"" target=""_blank"">@gour2295</a>",60,3,53,1,3,27,0,494.667,27.333,0.333,0
"<a href=""https://tiktok.com/@gsdk5125"" target=""_blank"">@gsdk5125</a>",20,5,51.444,0.857,1,9,0,0,0,0.2,0
"<a href=""https://tiktok.com/@gskgu2"" target=""_blank"">@gskgu2</a>",66,5,65.286,0.9,2,14,0,3793.625,133,2.75,1
"<a href=""https://tiktok.com/@guanganfilm"" target=""_blank"">@guanganfilm</a>",15,5,34.6,1,1,5,0,2528,87.625,2.125,0.75
"<a href=""https://tiktok.com/@guanyu1990"" target=""_blank"">@guanyu1990</a>",33,8,56.471,0.886,3,18,0,1819.25,63.375,1.75,4.625
"<a href=""https://tiktok.com/@guerin.ontiverok"" target=""_blank"">@guerin.ontiverok</a>",25,3,68.4,1,1,5,0,46274.75,759.75,56.25,13.5
"<a href=""https://tiktok.com/@gxicofj"" target=""_blank"">@gxicofj</a>",9,9,65.056,1,2,14,0,1701,66.556,1,3
"<a href=""https://tiktok.com/@gytsy8683"" target=""_blank"">@gytsy8683</a>",20,5,51.444,0.857,1,9,0,0,0,1.4,0
"<a href=""https://tiktok.com/@h_kp82"" target=""_blank"">@h_kp82</a>",31,6,69.542,0.9,2,14,0,1273.75,32.5,0.25,0.125
"<a href=""https://tiktok.com/@h_lehdi127"" target=""_blank"">@h_lehdi127</a>",31,8,49.234,0.933,3,26,0,25090,201.75,4.5,5
"<a href=""https://tiktok.com/@haiann79"" target=""_blank"">@haiann79</a>",43,8,31.833,0.667,1,6,0,2962.222,147.222,2.889,1.222
"<a href=""https://tiktok.com/@hcodifb"" target=""_blank"">@hcodifb</a>",5,8,29.6,1,1,5,0,1026.6,50.7,0.4,0.6
"<a href=""https://tiktok.com/@hdididh8"" target=""_blank"">@hdididh8</a>",12,4,77.333,0.75,2,12,0,1757.75,78.5,1.75,0.5
"<a href=""https://tiktok.com/@hdifhg5"" target=""_blank"">@hdifhg5</a>",5,10,52.625,0.753,5,39,0,3927,247.9,2.7,29.7
"<a href=""https://tiktok.com/@hdkcofh"" target=""_blank"">@hdkcofh</a>",12,4,23.139,0.917,3,22,0,322.5,17.75,1.25,0
"<a href=""https://tiktok.com/@hdryxd"" target=""_blank"">@hdryxd</a>",70,3,40.575,0.95,4,21,0,4847,183,3.333,4
"<a href=""https://tiktok.com/@hec88551nva"" target=""_blank"">@hec88551nva</a>",66,7,66.684,0.85,3,21,0,6766.25,234.25,4.75,2.5
"<a href=""https://tiktok.com/@hehs5037"" target=""_blank"">@hehs5037</a>",58,3,30.667,1,1,9,0,579.333,29.667,0,0
"<a href=""https://tiktok.com/@hfchkk26"" target=""_blank"">@hfchkk26</a>",39,4,3.333,1,1,6,0,5403,13.4,0,1
"<a href=""https://tiktok.com/@hhhhh777777852"" target=""_blank"">@hhhhh777777852</a>",14,7,48.429,1,1,7,0,2349.778,112.222,4.556,3.333
"<a href=""https://tiktok.com/@hidouo"" target=""_blank"">@hidouo</a>",54,3,52.944,0.889,3,24,0,921.667,23,0,1
"<a href=""https://tiktok.com/@hltuoq"" target=""_blank"">@hltuoq</a>",54,2,52.944,0.667,3,18,0,935,34.5,0,0
"<a href=""https://tiktok.com/@hrfj8302"" target=""_blank"">@hrfj8302</a>",63,3,88.542,1,2,17,0,227.667,9.333,0,0.333
"<a href=""https://tiktok.com/@hrsy60677"" target=""_blank"">@hrsy60677</a>",62,3,81.917,1,4,33,0,563.667,13.333,0,0
"<a href=""https://tiktok.com/@hrxvjk"" target=""_blank"">@hrxvjk</a>",39,4,3.333,1,1,6,0,1165,35.333,0,0.167
"<a href=""https://tiktok.com/@hsozhs6"" target=""_blank"">@hsozhs6</a>",5,8,57.417,0.88,6,34,0.001,8402.75,402,6.25,80.25
"<a href=""https://tiktok.com/@huiodjio"" target=""_blank"">@huiodjio</a>",70,3,31.389,0.917,3,16,0,8600,149,0,1.333
"<a href=""https://tiktok.com/@hukumn"" target=""_blank"">@hukumn</a>",53,3,77.833,1,2,18,0,95,0.667,0,0
"<a href=""https://tiktok.com/@hygge8662"" target=""_blank"">@hygge8662</a>",36,4,46.2,1,1,5,0,64833.75,1143.5,14.5,14.5
"<a href=""https://tiktok.com/@idpeoc"" target=""_blank"">@idpeoc</a>",52,3,89.333,1,1,9,0,663.667,13.333,0,0.333
"<a href=""https://tiktok.com/@ific3756"" target=""_blank"">@ific3756</a>",59,3,59.778,1,3,27,0,263.667,7.667,0,0
"<a href=""https://tiktok.com/@ihbtcmzm"" target=""_blank"">@ihbtcmzm</a>",76,8,55.917,0.875,2,15,0,365.5,11.625,0,0.75
"<a href=""https://tiktok.com/@irdc042"" target=""_blank"">@irdc042</a>",5,10,49.594,0.831,6,36,0,13483.6,255,3.7,6.2
"<a href=""https://tiktok.com/@izjppp"" target=""_blank"">@izjppp</a>",74,8,63.4,0.8,1,5,0,724.4,31.9,0.3,0.5
"<a href=""https://tiktok.com/@jcsie5410"" target=""_blank"">@jcsie5410</a>",60,3,72.25,1,4,36,0,1640,56.667,0.667,1
"<a href=""https://tiktok.com/@jdpdosj"" target=""_blank"">@jdpdosj</a>",12,3,75.2,0.917,3,17,0,1180,55.25,3.25,0.5
"<a href=""https://tiktok.com/@jdpxorjf"" target=""_blank"">@jdpxorjf</a>",5,7,48.308,0.861,3,19,0,3221.333,73.667,0.889,3.778
"<a href=""https://tiktok.com/@jfkovj5"" target=""_blank"">@jfkovj5</a>",5,8,50.758,0.944,3,26,0,2025,198.9,1.3,1.9
"<a href=""https://tiktok.com/@jfufrehcdh"" target=""_blank"">@jfufrehcdh</a>",12,4,42.81,0.825,4,25,0,940.25,71.75,0.25,0.25
"<a href=""https://tiktok.com/@jhckhs"" target=""_blank"">@jhckhs</a>",53,3,82.667,1,1,9,0,23.333,0,0,0
"<a href=""https://tiktok.com/@jipupu184"" target=""_blank"">@jipupu184</a>",30,6,64.5,1,1,6,0,1272.875,41,0.125,0.25
"<a href=""https://tiktok.com/@jtcytxyzey"" target=""_blank"">@jtcytxyzey</a>",13,4,61,1,1,6,0,1464.75,117.25,2.25,7.5
"<a href=""https://tiktok.com/@jvga.yqqj"" target=""_blank"">@jvga.yqqj</a>",79,5,51.733,0.875,2,11,0,360.8,14,0,0.4
"<a href=""https://tiktok.com/@k_bao1m114"" target=""_blank"">@k_bao1m114</a>",34,7,46.219,0.822,3,24,0,1008.875,17.625,0.25,2.875
"<a href=""https://tiktok.com/@kenitra.angliaf"" target=""_blank"">@kenitra.angliaf</a>",41,3,65,1,1,5,0,1308,57,0,1
"<a href=""https://tiktok.com/@kokokopi72"" target=""_blank"">@kokokopi72</a>",27,4,84.167,0.75,1,6,0,1287.5,69.75,1.75,0.75
"<a href=""https://tiktok.com/@kris.noproblem"" target=""_blank"">@kris.noproblem</a>",26,3,46,0.8,1,6,0,1265.6,45.4,1.8,11.2
"<a href=""https://tiktok.com/@krug011"" target=""_blank"">@krug011</a>",5,9,54.044,0.843,6,44,0,816.444,28.556,0,0.444
"<a href=""https://tiktok.com/@ktsfyh"" target=""_blank"">@ktsfyh</a>",70,3,51.167,0.8,1,6,0,2382.333,88,2.667,2.333
"<a href=""https://tiktok.com/@kulch.sonyak"" target=""_blank"">@kulch.sonyak</a>",42,4,37.25,1,1,8,0,1166.75,47.25,0.75,0.5
"<a href=""https://tiktok.com/@landscape5670"" target=""_blank"">@landscape5670</a>",71,4,29.8,0.875,2,11,0,1068,66.75,1,0
"<a href=""https://tiktok.com/@lhqitc"" target=""_blank"">@lhqitc</a>",54,3,71.078,0.778,3,20,0,1270.667,28,0,0
"<a href=""https://tiktok.com/@luctt40"" target=""_blank"">@luctt40</a>",74,7,63.4,0.8,1,5,0,919.9,46,2.2,3.9
"<a href=""https://tiktok.com/@m_bao3m360"" target=""_blank"">@m_bao3m360</a>",28,6,77.571,0.8,1,7,0,737.375,19.75,0.25,1.75
"<a href=""https://tiktok.com/@mdsdz2"" target=""_blank"">@mdsdz2</a>",4,3,36.333,0.9,2,18,0,1860.667,88.667,9,0.667
"<a href=""https://tiktok.com/@mhmqkb"" target=""_blank"">@mhmqkb</a>",53,3,82,1,2,18,0,16.333,0,0,0
"<a href=""https://tiktok.com/@mqhp.wyug"" target=""_blank"">@mqhp.wyug</a>",76,8,56.25,0.875,2,11,0,373.125,20.25,0.125,0
"<a href=""https://tiktok.com/@nsftib"" target=""_blank"">@nsftib</a>",53,3,79.667,1,2,18,0,56.667,0.333,0,0
"<a href=""https://tiktok.com/@nswuuu0"" target=""_blank"">@nswuuu0</a>",77,7,48.298,1,2,13,0,302.143,19,0.286,0.143
"<a href=""https://tiktok.com/@nvi3ho"" target=""_blank"">@nvi3ho</a>",49,7,61.667,0.917,2,12,0,285.429,8.714,0,0.143
"<a href=""https://tiktok.com/@okay11732"" target=""_blank"">@okay11732</a>",55,2,30,0.667,1,6,0,1199,123,0,1
"<a href=""https://tiktok.com/@okgsisnssx"" target=""_blank"">@okgsisnssx</a>",46,3,40.361,1,2,17,0,538.667,28.333,0.333,0.333
"<a href=""https://tiktok.com/@ouou6264"" target=""_blank"">@ouou6264</a>",59,3,100.5,1,1,8,0,357,9.333,0,0
"<a href=""https://tiktok.com/@pardesi_driver120"" target=""_blank"">@pardesi_driver120</a>",73,5,102.2,0.833,1,10,0,1463.778,123.917,12.028,1.444
"<a href=""https://tiktok.com/@paskasi.limbrickp"" target=""_blank"">@paskasi.limbrickp</a>",24,4,37.333,1,1,6,0,30556.6,544.2,4,2.2
"<a href=""https://tiktok.com/@peri6925"" target=""_blank"">@peri6925</a>",51,3,95.333,1,1,9,0,579.333,14.667,0,0.333
"<a href=""https://tiktok.com/@pleas.raphakk"" target=""_blank"">@pleas.raphakk</a>",27,3,84.167,0.75,1,6,0,4214,113,1.75,1.25
"<a href=""https://tiktok.com/@ppuu2246"" target=""_blank"">@ppuu2246</a>",75,5,52.857,1,1,7,0,943,81.8,0.2,0.4
"<a href=""https://tiktok.com/@privon14"" target=""_blank"">@privon14</a>",73,11,98.756,0.917,2,26,0,1882.472,214.583,18.444,15.778
"<a href=""https://tiktok.com/@pvzn.mxnu"" target=""_blank"">@pvzn.mxnu</a>",78,5,57.414,0.792,2,12,0,289.6,8.4,0,0
"<a href=""https://tiktok.com/@quincyshop08"" target=""_blank"">@quincyshop08</a>",13,4,61,1,1,6,0,2571.75,86.75,1.5,0.25
"<a href=""https://tiktok.com/@r_kerps136"" target=""_blank"">@r_kerps136</a>",30,8,62.5,0.917,2,12,0,866.75,39.75,0.625,1
"<a href=""https://tiktok.com/@risood6"" target=""_blank"">@risood6</a>",6,3,59.5,1,2,10,0,957.25,54.75,1,0.75
"<a href=""https://tiktok.com/@rmcbk1"" target=""_blank"">@rmcbk1</a>",44,8,54,1,1,5,0,3385,79.4,0.5,2
"<a href=""https://tiktok.com/@rohingyao"" target=""_blank"">@rohingyao</a>",71,4,25,0.75,1,6,0,2732.25,127,3.5,25.5
"<a href=""https://tiktok.com/@rosantspssu"" target=""_blank"">@rosantspssu</a>",35,4,57.2,1,1,5,0,2734,66.75,0.5,1
"<a href=""https://tiktok.com/@rzk26w"" target=""_blank"">@rzk26w</a>",50,7,68.274,1,3,24,0,1009.333,38.333,0.333,0.111
"<a href=""https://tiktok.com/@s_heise214"" target=""_blank"">@s_heise214</a>",28,5,77.571,0.8,1,7,0,1737.5,68.25,0.625,0.625
"<a href=""https://tiktok.com/@s_ostfo146"" target=""_blank"">@s_ostfo146</a>",32,8,55.964,0.833,4,31,0,548.625,13.375,0.125,0.125
"<a href=""https://tiktok.com/@santiago.fernande323"" target=""_blank"">@santiago.fernande323</a>",24,3,37.333,1,1,6,0,3404,114.333,0.667,4.333
"<a href=""https://tiktok.com/@sasapco"" target=""_blank"">@sasapco</a>",70,4,78.433,0.825,4,22,0,35882.25,2290.5,9.75,10
"<a href=""https://tiktok.com/@satsyou"" target=""_blank"">@satsyou</a>",67,4,60.833,0.75,2,12,0,2165,120.25,12.75,5.75
"<a href=""https://tiktok.com/@sayzxdt"" target=""_blank"">@sayzxdt</a>",6,3,60.95,0.875,2,11,0,1175,40.667,2.333,4.667
"<a href=""https://tiktok.com/@scra5694"" target=""_blank"">@scra5694</a>",61,3,101.8,0.833,2,14,0,12.333,0,0,0
"<a href=""https://tiktok.com/@shlr.dxje"" target=""_blank"">@shlr.dxje</a>",76,7,68.65,0.933,3,18,0,666.3,22.9,0.2,0.2
"<a href=""https://tiktok.com/@shotewg"" target=""_blank"">@shotewg</a>",70,3,19.85,0.875,2,11,0,72949.333,2129,17,25.333
"<a href=""https://tiktok.com/@shuaiju126"" target=""_blank"">@shuaiju126</a>",34,7,47.667,0.952,3,30,0,4443.857,57.286,6.143,1.571
"<a href=""https://tiktok.com/@shvchjds"" target=""_blank"">@shvchjds</a>",67,4,66.433,0.9,2,11,0,17072.75,307.75,3,2.25
"<a href=""https://tiktok.com/@shvxxmm"" target=""_blank"">@shvxxmm</a>",72,6,48.254,0.917,3,19,0,593,30.833,0.5,0.167
"<a href=""https://tiktok.com/@siev9347"" target=""_blank"">@siev9347</a>",61,3,109.6,0.667,1,5,0,1376.333,61,0,0.333
"<a href=""https://tiktok.com/@siivg1"" target=""_blank"">@siivg1</a>",8,4,45,1,1,5,0,25494.25,379.75,3.5,109.25
"<a href=""https://tiktok.com/@stvhfhj"" target=""_blank"">@stvhfhj</a>",67,4,71.217,0.762,4,22,0,5010.5,129,3.5,0.75
"<a href=""https://tiktok.com/@sweet_driver120"" target=""_blank"">@sweet_driver120</a>",73,4,89,0.75,1,5,0,1062.472,98.5,12.972,2.444
"<a href=""https://tiktok.com/@tafwwk"" target=""_blank"">@tafwwk</a>",52,3,69.389,0.889,3,24,0,754,15.333,0,0.333
"<a href=""https://tiktok.com/@ternencebloor0314"" target=""_blank"">@ternencebloor0314</a>",22,6,62.8,0.8,1,5,0,849.5,37.75,0,0
"<a href=""https://tiktok.com/@terry.schmerko"" target=""_blank"">@terry.schmerko</a>",42,4,37.25,1,1,8,0,2254.833,248.833,3.5,7.167
"<a href=""https://tiktok.com/@text778"" target=""_blank"">@text778</a>",69,4,17.667,0.75,1,6,0,56465.25,3903.25,26.5,38.25
"<a href=""https://tiktok.com/@texthang"" target=""_blank"">@texthang</a>",36,4,46.2,1,1,5,0,2174,73.25,10,5.25
"<a href=""https://tiktok.com/@textstyo"" target=""_blank"">@textstyo</a>",67,4,68.976,0.875,2,13,0,8066,164.75,10.75,3.25
"<a href=""https://tiktok.com/@thai.hoai.nhan.du"" target=""_blank"">@thai.hoai.nhan.du</a>",41,4,65,1,1,5,0,1657.75,120.75,0.25,1.5
"<a href=""https://tiktok.com/@tiffanystory8"" target=""_blank"">@tiffanystory8</a>",35,4,57.2,1,1,5,0,9811.25,84.25,2.25,2.5
"<a href=""https://tiktok.com/@tiiff4205"" target=""_blank"">@tiiff4205</a>",57,3,60.556,1,3,27,0,329,8,0,0
"<a href=""https://tiktok.com/@tree59906"" target=""_blank"">@tree59906</a>",4,4,99.162,0.875,2,13,0,698.25,25,0.083,0.333
"<a href=""https://tiktok.com/@u_fo176"" target=""_blank"">@u_fo176</a>",33,8,54.071,0.878,3,27,0,40846.125,875.875,4.375,37.375
"<a href=""https://tiktok.com/@ubhutfrx"" target=""_blank"">@ubhutfrx</a>",5,9,62.617,0.917,3,19,0,7332.667,111.889,1.111,5.222
"<a href=""https://tiktok.com/@ufsc8075"" target=""_blank"">@ufsc8075</a>",64,3,107.333,1,1,6,0,1074,77,0.333,0.333
"<a href=""https://tiktok.com/@uhpdh"" target=""_blank"">@uhpdh</a>",5,5,38.5,1,2,16,0,1791.25,76.25,1,1.625
"<a href=""https://tiktok.com/@urdu9708"" target=""_blank"">@urdu9708</a>",60,3,62,1,3,27,0,853,63.333,0,2.333
"<a href=""https://tiktok.com/@user1203836358576"" target=""_blank"">@user1203836358576</a>",45,5,43.333,1,1,6,0,4425.833,87.333,1.333,1.5
"<a href=""https://tiktok.com/@user2146681092430"" target=""_blank"">@user2146681092430</a>",1,7,72.714,1,1,7,0,998.375,17.25,0.125,2.125
"<a href=""https://tiktok.com/@user2808563020058"" target=""_blank"">@user2808563020058</a>",26,4,46,0.8,1,6,0,3228,181.833,4.333,3.667
"<a href=""https://tiktok.com/@user3360077055795"" target=""_blank"">@user3360077055795</a>",4,6,43.389,0.889,3,24,0,1771,94.417,14.333,19
"<a href=""https://tiktok.com/@user3428239706378"" target=""_blank"">@user3428239706378</a>",1,7,72.714,1,1,7,0,16946.857,479.571,3.857,25.714
"<a href=""https://tiktok.com/@user3933909636681"" target=""_blank"">@user3933909636681</a>",4,8,39.863,0.917,4,43,0,9413,516,99.5,73.875
"<a href=""https://tiktok.com/@user4799806211629"" target=""_blank"">@user4799806211629</a>",8,4,45,1,1,5,0,6101.75,110,0,0.75
"<a href=""https://tiktok.com/@user51678731985597"" target=""_blank"">@user51678731985597</a>",9,6,51.111,1,1,9,0,1087.667,68.5,0.833,2.833
"<a href=""https://tiktok.com/@user5203530187060"" target=""_blank"">@user5203530187060</a>",18,4,67.2,1,1,5,0,487,14.25,0.75,1.25
"<a href=""https://tiktok.com/@user54084767052186"" target=""_blank"">@user54084767052186</a>",23,4,64.8,1,1,5,0,128698.5,2043.5,17.25,43.75
"<a href=""https://tiktok.com/@user54314398340401"" target=""_blank"">@user54314398340401</a>",4,5,111.2,0.75,1,5,0,3024.778,93,0.333,0.222
"<a href=""https://tiktok.com/@user5626060056906"" target=""_blank"">@user5626060056906</a>",5,7,55.513,0.717,2,13,0,4480.222,158,3.111,1.333
"<a href=""https://tiktok.com/@user6171047885852"" target=""_blank"">@user6171047885852</a>",7,4,47.2,1,1,5,0,574.75,28.25,0.25,0.5
"<a href=""https://tiktok.com/@user6512543508135"" target=""_blank"">@user6512543508135</a>",2,7,55.944,0.944,3,20,0,490.714,19.571,0.143,0
"<a href=""https://tiktok.com/@user6612103821920"" target=""_blank"">@user6612103821920</a>",2,4,67.179,1,2,15,0,180.167,5.167,0,0
"<a href=""https://tiktok.com/@user68699358395983"" target=""_blank"">@user68699358395983</a>",2,5,18.143,0.833,1,7,0,636.6,26.4,0.2,0.6
"<a href=""https://tiktok.com/@user6922385284275"" target=""_blank"">@user6922385284275</a>",5,9,65.342,0.944,3,18,0,4336,157,1.444,3.889
"<a href=""https://tiktok.com/@user7408681621292"" target=""_blank"">@user7408681621292</a>",80,3,45.625,1,1,8,0,170,1.333,0,0
"<a href=""https://tiktok.com/@user7491401466635"" target=""_blank"">@user7491401466635</a>",4,12,61.25,0.964,5,63,0,675.917,35.833,1.5,2.5
"<a href=""https://tiktok.com/@user769357200"" target=""_blank"">@user769357200</a>",37,6,60.818,1,1,11,0,887,45.667,0.167,0.167
"<a href=""https://tiktok.com/@user8071963807813"" target=""_blank"">@user8071963807813</a>",2,7,58.167,1,2,14,0,437.125,21,0.125,0.125
"<a href=""https://tiktok.com/@user8130544672250"" target=""_blank"">@user8130544672250</a>",3,3,22.5,0.75,1,6,0,591.333,14,0.333,0.333
"<a href=""https://tiktok.com/@user83050540275304"" target=""_blank"">@user83050540275304</a>",4,10,40.481,0.933,3,27,0,783.833,34.167,1.167,0.917
"<a href=""https://tiktok.com/@user8431021130445"" target=""_blank"">@user8431021130445</a>",47,5,57.667,0.857,1,9,0,1415.4,55,2.4,1.6
"<a href=""https://tiktok.com/@user8632343249071"" target=""_blank"">@user8632343249071</a>",47,5,57.667,0.857,1,9,0,2203.167,61.5,1.333,0.167
"<a href=""https://tiktok.com/@user8662190461588"" target=""_blank"">@user8662190461588</a>",4,8,35.122,0.889,3,33,0,1656.333,79.889,3.889,3.444
"<a href=""https://tiktok.com/@user90301091494800"" target=""_blank"">@user90301091494800</a>",80,3,45.625,1,1,8,0,237,1,0,0
"<a href=""https://tiktok.com/@user9093533559933"" target=""_blank"">@user9093533559933</a>",4,2,66.2,0.667,1,5,0,535,14.667,0.333,0
"<a href=""https://tiktok.com/@user9262051903981"" target=""_blank"">@user9262051903981</a>",7,4,38.35,0.9,2,11,0,1152.75,65.5,1,0
"<a href=""https://tiktok.com/@usixidbd"" target=""_blank"">@usixidbd</a>",17,4,60.833,0.75,1,6,0,760.25,32.25,1.25,1.5
"<a href=""https://tiktok.com/@utwv.nbvq"" target=""_blank"">@utwv.nbvq</a>",79,5,48.067,0.9,2,11,0,470.667,7.667,0.333,0.167
"<a href=""https://tiktok.com/@vkie1837"" target=""_blank"">@vkie1837</a>",59,3,56.167,1,2,18,0,397.667,16,0,0.667
"<a href=""https://tiktok.com/@wdoi2427"" target=""_blank"">@wdoi2427</a>",62,3,71,1,2,15,0,694.333,41,0,0
"<a href=""https://tiktok.com/@weck01"" target=""_blank"">@weck01</a>",71,3,34.6,1,1,5,0,38697,428.333,1.667,4.333
"<a href=""https://tiktok.com/@wgslhe"" target=""_blank"">@wgslhe</a>",52,3,69,0.8,1,8,0,7260.667,76,0.333,2.667
"<a href=""https://tiktok.com/@when.gbsl"" target=""_blank"">@when.gbsl</a>",78,4,42.429,0.833,1,7,0,249.143,4.286,0,0
"<a href=""https://tiktok.com/@wilks.chasen"" target=""_blank"">@wilks.chasen</a>",14,6,56.614,1,2,12,0,5094,105.833,2.5,1
"<a href=""https://tiktok.com/@wkcs.ulqv"" target=""_blank"">@wkcs.ulqv</a>",76,8,72,1,1,5,0,791.625,37.875,0.625,0
"<a href=""https://tiktok.com/@wotext"" target=""_blank"">@wotext</a>",67,4,81.243,0.875,2,12,0,3023.25,93,2,2
"<a href=""https://tiktok.com/@wty88731wbc"" target=""_blank"">@wty88731wbc</a>",66,5,64.343,0.875,2,12,0,2688.8,124,2.3,2.8
"<a href=""https://tiktok.com/@wxjqb8"" target=""_blank"">@wxjqb8</a>",50,8,70.013,0.967,5,31,0,2102,65,0.333,4.667
"<a href=""https://tiktok.com/@wys88511u0t"" target=""_blank"">@wys88511u0t</a>",66,9,57.217,1,3,23,0,4716.7,221.3,3.9,16.6
"<a href=""https://tiktok.com/@xiahoudun152"" target=""_blank"">@xiahoudun152</a>",33,8,65.643,0.933,3,23,0,2438,56.75,1.25,1.125
"<a href=""https://tiktok.com/@xiahoudun600"" target=""_blank"">@xiahoudun600</a>",32,7,56.327,0.95,4,34,0,320.857,7.714,0,0
"<a href=""https://tiktok.com/@xiaomisu130"" target=""_blank"">@xiaomisu130</a>",32,8,49.079,0.792,4,38,0,25132.5,548.125,8.875,4
"<a href=""https://tiktok.com/@xiaphuangya47"" target=""_blank"">@xiaphuangya47</a>",7,4,29.5,0.8,1,6,0,565.6,39.8,0.6,0.4
"<a href=""https://tiktok.com/@xidy.ncuk"" target=""_blank"">@xidy.ncuk</a>",76,7,61.75,1,1,8,0,782.25,39.75,0.5,0
"<a href=""https://tiktok.com/@xx91k2"" target=""_blank"">@xx91k2</a>",50,6,53.738,0.845,2,13,0,1962.375,52.625,1.5,0.75
"<a href=""https://tiktok.com/@xxii911"" target=""_blank"">@xxii911</a>",70,4,45.389,0.833,3,18,0,988.75,76.75,1.25,0.5
"<a href=""https://tiktok.com/@y_lebei321"" target=""_blank"">@y_lebei321</a>",31,6,49.012,0.9,2,13,0,619,30.429,0,0
"<a href=""https://tiktok.com/@yemeigui236"" target=""_blank"">@yemeigui236</a>",33,8,66.71,0.926,3,22,0,410.125,9.875,0,0.125
"<a href=""https://tiktok.com/@yjau.toie"" target=""_blank"">@yjau.toie</a>",77,7,60.733,0.944,3,17,0,502.714,12.143,0.143,0.143
"<a href=""https://tiktok.com/@you.texts"" target=""_blank"">@you.texts</a>",67,3,70.2,1,1,5,0,3727.333,103,1.333,0.667
"<a href=""https://tiktok.com/@you55668"" target=""_blank"">@you55668</a>",69,4,17.667,0.75,1,6,0,3080,150,2.25,24.75
"<a href=""https://tiktok.com/@yourstoryttt"" target=""_blank"">@yourstoryttt</a>",70,4,46.767,0.77,5,30,0,2183.25,75.5,0.5,0.5
"<a href=""https://tiktok.com/@ytrq8081"" target=""_blank"">@ytrq8081</a>",56,3,59,1,2,18,0,1117.333,126.667,0.667,0
"<a href=""https://tiktok.com/@yunshuchuan131"" target=""_blank"">@yunshuchuan131</a>",34,7,59.094,0.886,3,24,0,1906.75,35.625,1.5,0.75
"<a href=""https://tiktok.com/@yuwenmovie"" target=""_blank"">@yuwenmovie</a>",14,6,54.8,1,1,5,0,886.857,33.429,0.429,4.571
"<a href=""https://tiktok.com/@yyfdtwhtod"" target=""_blank"">@yyfdtwhtod</a>",46,6,36.457,1,2,22,0,617.667,25.833,1,0.167
"<a href=""https://tiktok.com/@zgekze"" target=""_blank"">@zgekze</a>",50,9,52.969,0.938,5,42,0,1024.111,33.556,0.333,0.444
"<a href=""https://tiktok.com/@zwbpctez"" target=""_blank"">@zwbpctez</a>",76,10,76.4,0.8,1,5,0,581.3,25.7,0,0.5
