"Account","Network","Unique Shares","Avg Time Between Shares (sec)","Edge Symmetry Score","Degree","Strength","Betweenness","Avg Views","Avg Likes","Avg Comments","Avg Shares"
"<a href=""https://tiktok.com/@fly46167"" target=""_blank"">@fly46167</a>",4,15,52.15,0.909,2,71,0,691,9,0,0
"<a href=""https://tiktok.com/@hijjk104"" target=""_blank"">@hijjk104</a>",1,6,40.39,0.9,1,18,0,2079,10,0,0
"<a href=""https://tiktok.com/@user1392538538860"" target=""_blank"">@user1392538538860</a>",3,12,33.11,0.976,3,78,0.007,1423,15,0,0
"<a href=""https://tiktok.com/@user1655672923020"" target=""_blank"">@user1655672923020</a>",2,12,50.52,0.928,6,116,0.002,1317,23,0,0
"<a href=""https://tiktok.com/@user186815388315"" target=""_blank"">@user186815388315</a>",3,11,31.95,0.952,3,63,0.02,1348,26,0,0
"<a href=""https://tiktok.com/@user3372561297143"" target=""_blank"">@user3372561297143</a>",4,12,61.02,0.962,2,54,0,740,12,0,1
"<a href=""https://tiktok.com/@user3399704802070"" target=""_blank"">@user3399704802070</a>",5,5,28.36,0.889,1,11,0,1477,7,0,0
"<a href=""https://tiktok.com/@user3840831842583"" target=""_blank"">@user3840831842583</a>",2,12,68.39,0.921,6,133,0,1331,18,0,0
"<a href=""https://tiktok.com/@user4185990161303"" target=""_blank"">@user4185990161303</a>",3,6,37.73,1,1,15,0,1578,24,0,0
"<a href=""https://tiktok.com/@user4503961859441"" target=""_blank"">@user4503961859441</a>",5,6,28.36,0.889,1,11,0,1472,11,0,1
"<a href=""https://tiktok.com/@user49141232079402"" target=""_blank"">@user49141232079402</a>",3,12,33.47,0.976,3,78,0.007,1110,17,0,0
"<a href=""https://tiktok.com/@user4967199663697"" target=""_blank"">@user4967199663697</a>",2,12,64.7,1,5,80,0.009,1836,25,0,0
"<a href=""https://tiktok.com/@user4994507114863"" target=""_blank"">@user4994507114863</a>",1,6,40.39,0.9,1,18,0,843,3,0,0
"<a href=""https://tiktok.com/@user710495138178"" target=""_blank"">@user710495138178</a>",2,11,61.19,0.824,6,114,0.009,1766,20,0,0
"<a href=""https://tiktok.com/@user7406160207374"" target=""_blank"">@user7406160207374</a>",2,12,60.46,0.862,5,114,0,828,20,0,0
"<a href=""https://tiktok.com/@user75291696174110"" target=""_blank"">@user75291696174110</a>",2,10,68.5,0.827,5,87,0.007,1241,17,0,0
"<a href=""https://tiktok.com/@user87304845050708"" target=""_blank"">@user87304845050708</a>",2,12,67.58,0.948,5,104,0,889,13,0,0
"<a href=""https://tiktok.com/@user8731425528153"" target=""_blank"">@user8731425528153</a>",3,6,38.67,1,2,36,0.003,1007,16,0,0
"<a href=""https://tiktok.com/@yim0828"" target=""_blank"">@yim0828</a>",4,15,57.66,0.947,2,69,0,778,11,0,0
