"Network","Number of Accounts","Network Density","Network Diameter","Clustering Coefficient","Avg Views","Avg Likes","Avg Comments","Avg Shares","Member Accounts"
"Network 1: ""Body image critique and parenting boundaries discussions""",2,1,18,NA,1461.083,6.333,0,0,"user4994507114863, hijjk104"
"Network 2: ""Humorous lifestyle content with influencer collaborations and podcast promotion""",7,0.905,35,0.882,1314.718,19.318,0.012,0.129,"user7406160207374, user3840831842583, user4967199663697, user710495138178, user1655672923020, user87304845050708, user75291696174110"
"Network 3: ""Podcast-themed drama and influencer-focused viral content""",5,0.6,57,0.6,1292.17,19.617,0.085,0.085,"user4185990161303, user49141232079402, user1392538538860, user186815388315, user8731425528153"
"Network 4: Mixed Pop Culture and Legal Controversy Discussions",3,1,43,1,736.071,10.548,0.19,0.5,"fly46167, user3372561297143, yim0828"
"Network 5: ""Repetitive sensationalized content about Lily Philips' personal life""",2,1,11,NA,1474,9.182,0,0.909,"user3399704802070, user4503961859441"
